date,open,close,high,low,volume
2017-09-01,0.951800450112528,0.9714928732183046,0.9874343585896473,0.951800450112528,3231687.0
2017-09-04,0.9827456864216054,0.9902475618904727,0.9986871717929482,0.9780570142535633,681439.0
2017-09-05,0.986496624156039,0.9893098274568641,0.9930607651912977,0.9668042010502624,264359.0
2017-09-06,0.9743060765191297,0.9977494373593399,1.0221305326331585,0.9743060765191297,579107.0
2017-09-07,0.9977494373593399,0.9808702175543886,0.9977494373593399,0.9799324831207801,267597.0
2017-09-08,0.981807951987997,0.9921230307576895,1.0033758439609903,0.981807951987997,433122.0
2017-09-11,0.9855588897224306,1.0230682670667666,1.0249437359339835,0.9855588897224306,388452.0
2017-09-12,1.0268192048012004,1.0240060015003751,1.0558889722430607,1.0080645161290323,495983.0
2017-09-13,1.0108777194298575,1.0202550637659416,1.02119279819955,1.0043135783945987,258596.0
2017-09-14,1.0155663915978994,1.0033758439609903,1.0174418604651163,0.9996249062265566,194558.0
2017-09-15,1.0005626406601649,0.9780570142535633,1.0033758439609903,0.9752438109527382,362899.0
2017-09-18,0.9789947486871718,0.9827456864216054,0.9893098274568641,0.9714928732183046,253057.0
2017-09-19,0.9827456864216054,0.9771192798199551,0.9874343585896473,0.9724306076519129,260520.0
2017-09-20,0.9761815453863465,1.0005626406601649,1.0015003750937734,0.9752438109527382,313438.0
2017-09-21,1.0015003750937734,0.9743060765191297,1.0015003750937734,0.9733683420855214,144875.0
2017-09-22,0.9724306076519129,0.9583645911477869,0.9724306076519129,0.9536759189797448,338960.0
2017-09-25,0.9593023255813953,0.9405476369092272,0.9658664666166542,0.9405476369092272,143805.0
2017-09-26,0.9499249812453112,0.9499249812453112,0.9564891222805701,0.9433608402100525,133907.0
2017-09-27,0.9471117779444861,0.9649287321830456,0.9696174043510878,0.9461740435108776,136905.0
2017-09-28,0.9649287321830456,0.9574268567141785,0.9696174043510878,0.9555513878469616,45396.0
2017-09-29,0.9574268567141785,0.9602400600150037,0.9696174043510878,0.9508627156789198,46977.0
2017-10-09,0.9658664666166542,0.9649287321830456,0.9724306076519129,0.9621155288822205,55640.0
2017-10-10,0.9649287321830456,0.9546136534133534,0.9649287321830456,0.9471117779444861,60163.0
2017-10-11,0.9536759189797448,0.9396099024756189,0.9536759189797448,0.9311702925731433,284532.0
2017-10-12,0.9405476369092272,0.9330457614403601,0.9405476369092272,0.9208552138034508,212099.0
2017-10-13,0.9339834958739685,0.9358589647411852,0.9405476369092272,0.9339834958739685,174727.0
2017-10-16,0.9367966991747937,0.9442985746436608,0.9489872468117029,0.9302325581395349,245437.0
2017-10-17,0.9414853713428357,0.9246061515378845,0.9414853713428357,0.9227306826706676,134372.0
2017-10-18,0.9255438859714928,0.9105401350337584,0.9255438859714928,0.90960240060015,83543.0
2017-10-19,0.9058514628657164,0.9086646661665416,0.9161665416354088,0.9049137284321079,74706.0
2017-10-20,0.9086646661665416,0.9255438859714928,0.9264816204051013,0.9067891972993248,101727.0
2017-10-23,0.923668417104276,0.923668417104276,0.923668417104276,0.9152288072018004,21595.0
2017-10-24,0.923668417104276,0.9274193548387096,0.9311702925731433,0.9208552138034508,36926.0
2017-10-25,0.9274193548387096,0.9246061515378845,0.9274193548387096,0.918979744936234,31446.0
2017-10-26,0.9246061515378845,0.9339834958739685,0.9349212303075769,0.9199174793698425,52114.0
2017-10-27,0.9321080270067517,0.9208552138034508,0.9321080270067517,0.9199174793698425,28239.0
2017-10-30,0.918979744936234,0.9030382595648911,0.918979744936234,0.8927231807951987,60130.0
2017-10-31,0.9058514628657164,0.914291072768192,0.9161665416354088,0.9011627906976744,86041.0
2017-11-01,0.9199174793698425,0.9171042760690172,0.9246061515378845,0.9124156039009752,116339.0
2017-11-02,0.90960240060015,0.90960240060015,0.9217929482370593,0.9058514628657164,34581.0
2017-11-03,0.9049137284321079,0.8945986496624155,0.90960240060015,0.890847711927982,56181.0
2017-11-06,0.8917854463615903,0.895536384096024,0.8983495873968491,0.8861590397599399,49260.0
2017-11-07,0.8974118529632408,0.9021005251312828,0.9058514628657164,0.8889722430607652,30189.0
2017-11-08,0.900225056264066,0.9058514628657164,0.9124156039009752,0.8945986496624155,97959.0
2017-11-09,0.9077269317329332,0.9039759939984996,0.9124156039009752,0.900225056264066,59965.0
2017-11-10,0.9030382595648911,0.900225056264066,0.9039759939984996,0.8983495873968491,31694.0
2017-11-13,0.9021005251312828,0.8983495873968491,0.9030382595648911,0.890847711927982,71351.0
2017-11-14,0.8983495873968491,0.8899099774943735,0.9011627906976744,0.8861590397599399,48441.0
2017-11-15,0.8870967741935484,0.8617779444861215,0.8870967741935484,0.8617779444861215,146054.0
2017-11-16,0.86271567891973,0.8533383345836459,0.8655288822205551,0.8533383345836459,49480.0
2017-11-17,0.8542760690172543,0.8373968492123031,0.8599024756189048,0.8355213803450863,53469.0
2017-11-20,0.8373968492123031,0.8458364591147787,0.8467741935483871,0.8252063015753939,44488.0
2017-11-21,0.8458364591147787,0.8420855213803451,0.8458364591147787,0.8355213803450863,44597.0
2017-11-22,0.8430232558139535,0.8486496624156039,0.8505251312828207,0.8411477869467366,33326.0
2017-11-23,0.8505251312828207,0.8439609902475619,0.8664666166541636,0.8430232558139535,137646.0
2017-11-24,0.8448987246811703,0.8617779444861215,0.8664666166541636,0.8355213803450863,70139.0
2017-11-27,0.86271567891973,0.8430232558139535,0.8674043510877719,0.8420855213803451,111780.0
2017-11-28,0.8345836459114778,0.8552138034508627,0.8561515378844712,0.8345836459114778,40800.0
2017-11-29,0.8552138034508627,0.8730307576894224,0.8758439609902476,0.8505251312828207,228857.0
2017-11-30,0.8795948987246811,0.8655288822205551,0.8795948987246811,0.8608402100525131,78879.0
2017-12-01,0.8655288822205551,0.86271567891973,0.8702175543885972,0.858027006751688,68923.0
2017-12-04,0.872093023255814,0.86271567891973,0.872093023255814,0.8617779444861215,55872.0
2017-12-05,0.8589647411852963,0.8345836459114778,0.8589647411852963,0.8298949737434359,95192.0
2017-12-06,0.8261440360090022,0.8308327081770442,0.832708177044261,0.8158289572393098,80572.0
2017-12-07,0.8298949737434359,0.8308327081770442,0.8373968492123031,0.828019504876219,39313.0
2017-12-08,0.8308327081770442,0.8364591147786947,0.8383345836459115,0.8270817704426107,35501.0
2017-12-11,0.8383345836459115,0.8486496624156039,0.8486496624156039,0.8336459114778695,40452.0
2017-12-12,0.8467741935483871,0.8458364591147787,0.858027006751688,0.8448987246811703,111481.0
2017-12-13,0.8439609902475619,0.8467741935483871,0.8477119279819955,0.8392723180795199,21959.0
2017-12-14,0.8458364591147787,0.8448987246811703,0.8552138034508627,0.8420855213803451,38594.0
2017-12-15,0.8477119279819955,0.8411477869467366,0.8477119279819955,0.8364591147786947,29479.0
2017-12-18,0.8402100525131283,0.8430232558139535,0.8439609902475619,0.8355213803450863,21669.0
2017-12-19,0.8411477869467366,0.8420855213803451,0.8430232558139535,0.8383345836459115,20485.0
2017-12-20,0.8402100525131283,0.8289572393098275,0.8411477869467366,0.8242685671417854,30528.0
2017-12-21,0.8289572393098275,0.8345836459114778,0.8383345836459115,0.8261440360090022,26224.0
2017-12-22,0.8317704426106527,0.8448987246811703,0.8505251312828207,0.8317704426106527,53693.0
2017-12-25,0.8458364591147787,0.8402100525131283,0.8505251312828207,0.8402100525131283,45650.0
2017-12-26,0.8439609902475619,0.8458364591147787,0.8458364591147787,0.8336459114778695,24285.0
2017-12-27,0.8448987246811703,0.8542760690172543,0.8655288822205551,0.8448987246811703,96134.0
2017-12-28,0.8570892723180795,0.8870967741935484,0.890847711927982,0.8542760690172543,210717.0
2017-12-29,0.890847711927982,0.8833458364591147,0.890847711927982,0.8739684921230307,169610.0
2018-01-02,0.8861590397599399,0.8889722430607652,0.8889722430607652,0.8786571642910728,36217.09
2018-01-03,0.8889722430607652,0.8983495873968491,0.9077269317329332,0.8842835708927231,90867.0
2018-01-04,0.8964741185296323,0.9114778694673668,0.9114778694673668,0.8899099774943735,51559.0
2018-01-05,0.9077269317329332,0.9039759939984996,0.9124156039009752,0.9011627906976744,52360.0
2018-01-08,0.900225056264066,0.923668417104276,0.9283570892723181,0.8992873218304576,123738.0
2018-01-09,0.923668417104276,0.923668417104276,0.9321080270067517,0.9161665416354088,65001.0
2018-01-10,0.918979744936234,0.9124156039009752,0.9292948237059264,0.9058514628657164,57703.91
2018-01-11,0.90960240060015,0.9171042760690172,0.9255438859714928,0.90960240060015,74469.0
2018-01-12,0.918979744936234,0.9114778694673668,0.9199174793698425,0.9058514628657164,67612.0
2018-01-15,0.9114778694673668,0.8777194298574644,0.9114778694673668,0.872093023255814,79235.0
2018-01-16,0.8777194298574644,0.8852213053263315,0.8852213053263315,0.8739684921230307,57879.0
2018-01-17,0.8852213053263315,0.8711552888222056,0.8852213053263315,0.858027006751688,65205.0
2018-01-18,0.8711552888222056,0.872093023255814,0.8777194298574644,0.8655288822205551,70194.0
2018-01-19,0.872093023255814,0.876781695423856,0.8805326331582896,0.8674043510877719,48293.0
2018-01-22,0.872093023255814,0.8870967741935484,0.8870967741935484,0.872093023255814,63493.0
2018-01-23,0.8917854463615903,0.8992873218304576,0.9011627906976744,0.8852213053263315,102825.0
2018-01-24,0.8983495873968491,0.8936609152288072,0.8983495873968491,0.8852213053263315,87525.0
2018-01-25,0.9039759939984996,0.9039759939984996,0.9114778694673668,0.8992873218304576,185606.0
2018-01-26,0.900225056264066,0.8945986496624155,0.900225056264066,0.8870967741935484,79669.0
2018-01-29,0.8899099774943735,0.8945986496624155,0.9067891972993248,0.8899099774943735,102729.0
2018-01-30,0.8945986496624155,0.8899099774943735,0.9086646661665416,0.8880345086271567,128355.0
2018-01-31,0.8880345086271567,0.8824081020255063,0.890847711927982,0.8758439609902476,59279.0
2018-02-01,0.8805326331582896,0.8524006001500375,0.8870967741935484,0.8505251312828207,63079.0
2018-02-02,0.8524006001500375,0.8749062265566392,0.8814703675918979,0.8308327081770442,91152.0
2018-02-05,0.8599024756189048,0.8692798199549888,0.8786571642910728,0.8570892723180795,41699.0
2018-02-06,0.8448987246811703,0.8345836459114778,0.8730307576894224,0.8317704426106527,107841.0
2018-02-07,0.8439609902475619,0.8345836459114778,0.8561515378844712,0.8270817704426107,63974.0
2018-02-08,0.8252063015753939,0.8242685671417854,0.8392723180795199,0.8158289572393098,38514.0
2018-02-09,0.8158289572393098,0.7830082520630157,0.8289572393098275,0.7698799699924981,41272.0
2018-02-12,0.7848837209302325,0.8111402850712678,0.813953488372093,0.7839459864966241,185815.0
2018-02-13,0.8111402850712678,0.8214553638409602,0.8270817704426107,0.8111402850712678,26560.0
2018-02-14,0.8233308327081771,0.8317704426106527,0.832708177044261,0.8177044261065266,18721.0
2018-02-22,0.8345836459114778,0.8599024756189048,0.8683420855213804,0.8345836459114778,95375.0
2018-02-23,0.8608402100525131,0.8674043510877719,0.8674043510877719,0.8514628657164292,54170.0
2018-02-26,0.8664666166541636,0.8739684921230307,0.8795948987246811,0.858027006751688,134893.0
2018-02-27,0.8739684921230307,0.8552138034508627,0.8739684921230307,0.8542760690172543,24299.0
2018-02-28,0.8458364591147787,0.86271567891973,0.8683420855213804,0.8392723180795199,37298.0
2018-03-01,0.858027006751688,0.8655288822205551,0.8674043510877719,0.8505251312828207,30673.0
2018-03-02,0.8599024756189048,0.8608402100525131,0.8758439609902476,0.8561515378844712,71880.0
2018-03-05,0.86271567891973,0.8599024756189048,0.872093023255814,0.8552138034508627,48963.0
2018-03-06,0.8664666166541636,0.8711552888222056,0.872093023255814,0.8514628657164292,57388.0
2018-03-07,0.8664666166541636,0.8552138034508627,0.8702175543885972,0.8552138034508627,38326.0
2018-03-08,0.8599024756189048,0.858027006751688,0.8702175543885972,0.8561515378844712,82694.0
2018-03-09,0.8552138034508627,0.8599024756189048,0.8608402100525131,0.8533383345836459,21195.0
2018-03-12,0.8589647411852963,0.8870967741935484,0.8899099774943735,0.8589647411852963,106422.0
2018-03-13,0.8880345086271567,0.8833458364591147,0.8880345086271567,0.8786571642910728,45403.0
2018-03-14,0.8833458364591147,0.8880345086271567,0.9030382595648911,0.8786571642910728,107736.0
2018-03-15,0.8889722430607652,0.8852213053263315,0.8917854463615903,0.8777194298574644,44979.0
2018-03-16,0.8852213053263315,0.872093023255814,0.8852213053263315,0.8711552888222056,12455.0
2018-03-19,0.8664666166541636,0.8692798199549888,0.8739684921230307,0.8599024756189048,31616.0
2018-03-20,0.8599024756189048,0.8636534133533383,0.8674043510877719,0.8570892723180795,11087.0
2018-03-21,0.8645911477869468,0.8542760690172543,0.8702175543885972,0.8505251312828207,55753.0
2018-03-22,0.8599024756189048,0.8552138034508627,0.8664666166541636,0.8542760690172543,50003.0
2018-03-23,0.8411477869467366,0.8130157539384846,0.8411477869467366,0.7970742685671418,54277.0
2018-03-26,0.8064516129032258,0.8308327081770442,0.8308327081770442,0.8017629407351837,42526.0
2018-03-27,0.8345836459114778,0.8552138034508627,0.8552138034508627,0.8345836459114778,19850.0
2018-03-28,0.8467741935483871,0.8364591147786947,0.8467741935483871,0.8336459114778695,6823.0
2018-03-29,0.8402100525131283,0.8402100525131283,0.8411477869467366,0.8298949737434359,6054.0
2018-03-30,0.8373968492123031,0.8373968492123031,0.8411477869467366,0.8355213803450863,7597.0
2018-04-02,0.8392723180795199,0.8373968492123031,0.8448987246811703,0.8364591147786947,10209.0
2018-04-03,0.832708177044261,0.8261440360090022,0.832708177044261,0.8223930982745686,7567.0
2018-04-04,0.8261440360090022,0.8214553638409602,0.832708177044261,0.8205176294073518,6837.0
2018-04-09,0.8195798949737434,0.8242685671417854,0.8308327081770442,0.8195798949737434,39309.0
2018-04-10,0.8252063015753939,0.8430232558139535,0.8430232558139535,0.8252063015753939,35154.0
2018-04-11,0.8514628657164292,0.8495873968492124,0.8552138034508627,0.8411477869467366,33509.0
2018-04-12,0.8542760690172543,0.8392723180795199,0.8542760690172543,0.8383345836459115,14934.0
2018-04-13,0.8420855213803451,0.8336459114778695,0.8430232558139535,0.8298949737434359,11831.0
2018-04-16,0.8317704426106527,0.8252063015753939,0.8355213803450863,0.8223930982745686,10794.0
2018-04-17,0.828019504876219,0.8027006751687922,0.8289572393098275,0.8017629407351837,27321.0
2018-04-18,0.8064516129032258,0.8064516129032258,0.809264816204051,0.785821455363841,34504.0
2018-04-19,0.8130157539384846,0.8261440360090022,0.8317704426106527,0.8120780195048762,80872.0
2018-04-20,0.818642160540135,0.8083270817704425,0.8205176294073518,0.8055138784696174,24635.0
2018-04-23,0.8083270817704425,0.8008252063015754,0.8083270817704425,0.7923855963990998,17364.0
2018-04-24,0.8008252063015754,0.809264816204051,0.8120780195048762,0.7876969242310577,38697.0
2018-04-25,0.8055138784696174,0.804576144036009,0.8120780195048762,0.8017629407351837,28759.0
2018-04-26,0.8036384096024006,0.7914478619654913,0.804576144036009,0.7886346586646661,15083.0
2018-04-27,0.7980120030007501,0.7905101275318829,0.8027006751687922,0.785821455363841,22183.0
2018-05-02,0.7923855963990998,0.7867591897974493,0.7942610652663166,0.7867591897974493,8827.31
2018-05-03,0.7876969242310577,0.7905101275318829,0.7914478619654913,0.7764441110277569,25336.16
2018-05-04,0.7905101275318829,0.7876969242310577,0.7933233308327081,0.785821455363841,10606.0
2018-05-07,0.7914478619654913,0.8027006751687922,0.804576144036009,0.7895723930982745,37267.0
2018-05-08,0.8036384096024006,0.8111402850712678,0.8111402850712678,0.8027006751687922,18653.0
2018-05-09,0.804576144036009,0.809264816204051,0.8111402850712678,0.8027006751687922,12351.0
2018-05-10,0.8111402850712678,0.809264816204051,0.8148912228057014,0.8073893473368342,21207.0
2018-05-11,0.8102025506376594,0.8214553638409602,0.8289572393098275,0.8102025506376594,49060.0
2018-05-14,0.8214553638409602,0.8242685671417854,0.8420855213803451,0.8205176294073518,33862.0
2018-05-15,0.8252063015753939,0.8270817704426107,0.8270817704426107,0.8177044261065266,9502.0
2018-05-16,0.8261440360090022,0.8130157539384846,0.8261440360090022,0.8111402850712678,9473.0
2018-05-17,0.8130157539384846,0.8130157539384846,0.8223930982745686,0.8102025506376594,36236.0
2018-05-18,0.8148912228057014,0.8167666916729183,0.8195798949737434,0.8073893473368342,15923.0
2018-05-21,0.8177044261065266,0.8214553638409602,0.8289572393098275,0.8177044261065266,11367.0
2018-05-22,0.8261440360090022,0.8214553638409602,0.8261440360090022,0.8120780195048762,35222.0
2018-05-23,0.8177044261065266,0.8055138784696174,0.8205176294073518,0.804576144036009,11735.0
2018-05-24,0.7998874718679669,0.804576144036009,0.8102025506376594,0.7998874718679669,16416.0
2018-05-25,0.8027006751687922,0.7951987996999249,0.8064516129032258,0.7914478619654913,8865.0
2018-05-28,0.7951987996999249,0.7895723930982745,0.7961365341335334,0.7876969242310577,9108.0
2018-05-29,0.7895723930982745,0.7886346586646661,0.7923855963990998,0.785821455363841,25013.0
2018-05-30,0.7773818454613652,0.7661290322580645,0.7801950487621905,0.7661290322580645,25858.0
2018-05-31,0.7708177044261064,0.7708177044261064,0.7736309077269317,0.7642535633908476,12592.0
2018-06-01,0.7698799699924981,0.7717554388597149,0.7792573143285821,0.7670667666916728,25426.0
2018-06-04,0.7726931732933233,0.7623780945236308,0.7726931732933233,0.7614403600900226,17954.0
2018-06-05,0.7689422355588896,0.7708177044261064,0.7717554388597149,0.7605026256564141,18479.0
2018-06-06,0.7811327831957989,0.7830082520630157,0.785821455363841,0.7726931732933233,29710.0
2018-06-07,0.7839459864966241,0.7811327831957989,0.7905101275318829,0.7801950487621905,56340.0
2018-06-08,0.7801950487621905,0.7670667666916728,0.7801950487621905,0.7642535633908476,20178.0
2018-06-11,0.7670667666916728,0.7726931732933233,0.7773818454613652,0.7670667666916728,38461.0
2018-06-12,0.7726931732933233,0.7745686421605401,0.7745686421605401,0.7623780945236308,16361.0
2018-06-13,0.7717554388597149,0.765191297824456,0.7717554388597149,0.7642535633908476,7339.0
2018-06-14,0.7661290322580645,0.7633158289572393,0.7689422355588896,0.7614403600900226,13674.0
2018-06-15,0.7623780945236308,0.7520630157539385,0.7642535633908476,0.7454988747186797,55480.0
2018-06-19,0.7436234058514629,0.7023630907726932,0.7436234058514629,0.6939234808702175,32929.0
2018-06-20,0.7023630907726932,0.7051762940735183,0.7070517629407351,0.6920480120030007,9039.0
2018-06-21,0.7033008252063015,0.6836084021005251,0.708927231807952,0.6817329332333083,19609.0
2018-06-22,0.6817329332333083,0.6948612153038259,0.6967366841710427,0.6657914478619654,16381.0
2018-06-25,0.6957989497374344,0.6901725431357839,0.70423855963991,0.6892348087021756,23756.0
2018-06-26,0.6864216054013503,0.6929857464366092,0.6967366841710427,0.6798574643660915,19083.0
2018-06-27,0.6929857464366092,0.6882970742685671,0.6957989497374344,0.6864216054013503,4199.0
2018-06-28,0.6892348087021756,0.6845461365341335,0.6976744186046512,0.6836084021005251,10929.0
2018-06-29,0.6845461365341335,0.7014253563390848,0.7033008252063015,0.6807951987996999,27158.0
2018-07-02,0.7033008252063015,0.6854838709677419,0.7033008252063015,0.6798574643660915,24608.0
2018-07-03,0.6854838709677419,0.6873593398349587,0.6882970742685671,0.6676669167291822,21161.0
2018-07-04,0.6864216054013503,0.6807951987996999,0.6892348087021756,0.6779819954988747,5559.0
2018-07-05,0.6789197299324831,0.6592273068267066,0.6789197299324831,0.6582895723930983,11070.0
2018-07-06,0.6582895723930983,0.6639159789947486,0.6714178544636159,0.6489122280570142,10869.0
2018-07-09,0.6648537134283571,0.6770442610652663,0.6779819954988747,0.6639159789947486,17880.0
2018-07-10,0.6751687921980495,0.6873593398349587,0.6911102775693924,0.6751687921980495,54284.0
2018-07-11,0.6798574643660915,0.6789197299324831,0.6873593398349587,0.6667291822955739,9537.0
2018-07-12,0.6761065266316579,0.6892348087021756,0.6911102775693924,0.674231057764441,19191.0
2018-07-13,0.6892348087021756,0.6967366841710427,0.699549887471868,0.6854838709677419,25030.0
2018-07-16,0.6976744186046512,0.6929857464366092,0.6976744186046512,0.6864216054013503,22144.0
2018-07-17,0.6901725431357839,0.6911102775693924,0.6929857464366092,0.6845461365341335,13699.0
2018-07-18,0.6911102775693924,0.6845461365341335,0.6939234808702175,0.6845461365341335,11639.0
2018-07-19,0.6873593398349587,0.6761065266316579,0.6892348087021756,0.6751687921980495,8318.0
2018-07-20,0.6770442610652663,0.6817329332333083,0.6845461365341335,0.6723555888972242,19998.0
2018-07-23,0.6817329332333083,0.6957989497374344,0.6976744186046512,0.6807951987996999,22371.0
2018-07-24,0.6986121530382595,0.7108027006751688,0.7145536384096024,0.6957989497374344,34848.0
2018-07-25,0.7154913728432108,0.7061140285071268,0.718304576144036,0.7033008252063015,20375.0
2018-07-26,0.7079894973743436,0.699549887471868,0.7126781695423856,0.6976744186046512,14503.0
2018-07-27,0.6986121530382595,0.6948612153038259,0.699549887471868,0.6929857464366092,8536.0
2018-07-30,0.6948612153038259,0.6929857464366092,0.7023630907726932,0.6892348087021756,25910.0
2018-07-31,0.6929857464366092,0.6882970742685671,0.6948612153038259,0.6864216054013503,14852.0
2018-08-01,0.6882970742685671,0.6751687921980495,0.6939234808702175,0.674231057764441,13305.0
2018-08-02,0.6751687921980495,0.6629782445611403,0.6751687921980495,0.6451612903225806,25824.0
2018-08-03,0.6629782445611403,0.6526631657914478,0.6629782445611403,0.6489122280570142,14312.0
2018-08-06,0.6536009002250562,0.6273443360840211,0.6536009002250562,0.6254688672168043,22346.0
2018-08-07,0.6273443360840211,0.6395348837209303,0.6404726181545387,0.6142160540135034,37910.0
2018-08-08,0.6357839459864967,0.6292198049512379,0.641410352588147,0.6273443360840211,6774.0
2018-08-09,0.6301575393848462,0.6423480870217555,0.6470367591897974,0.6301575393848462,38242.0
2018-08-10,0.6423480870217555,0.6432858214553638,0.646099024756189,0.6385971492873219,3614.0
2018-08-13,0.6395348837209303,0.6451612903225806,0.646099024756189,0.6339084771192799,10911.0
2018-08-14,0.6432858214553638,0.6451612903225806,0.6470367591897974,0.6376594148537135,9020.0
2018-08-15,0.6442235558889723,0.6273443360840211,0.6442235558889723,0.6273443360840211,11771.0
2018-08-16,0.6245311327831958,0.6207801950487623,0.6282820705176294,0.6142160540135034,10096.0
2018-08-17,0.6235933983495874,0.6114028507126782,0.6357839459864967,0.6114028507126782,7886.0
2018-08-20,0.6142160540135034,0.6207801950487623,0.6207801950487623,0.6104651162790697,4774.0
2018-08-21,0.6207801950487623,0.6282820705176294,0.6310952738184546,0.6207801950487623,6407.0
2018-08-22,0.6282820705176294,0.6217179294823706,0.6282820705176294,0.6189047261815455,5895.0
2018-08-23,0.6207801950487623,0.6235933983495874,0.6254688672168043,0.617966991747937,3207.0
2018-08-24,0.6189047261815455,0.6217179294823706,0.6245311327831958,0.617966991747937,5188.0
2018-08-27,0.6235933983495874,0.6310952738184546,0.6329707426856714,0.6217179294823706,10086.0
2018-08-28,0.6329707426856714,0.6376594148537135,0.6423480870217555,0.6282820705176294,24066.0
2018-08-29,0.6376594148537135,0.6320330082520631,0.6376594148537135,0.6292198049512379,11122.0
2018-08-30,0.6282820705176294,0.6254688672168043,0.6348462115528882,0.6245311327831958,9090.0
2018-08-31,0.6245311327831958,0.6160915228807202,0.6245311327831958,0.613278319579895,17973.0
2018-09-03,0.617966991747937,0.6160915228807202,0.617966991747937,0.608589647411853,16459.0
2018-09-04,0.6151537884471118,0.6189047261815455,0.6207801950487623,0.6114028507126782,16159.0
2018-09-05,0.6160915228807202,0.6067141785446362,0.6170292573143286,0.6048387096774194,17943.0
2018-09-06,0.6048387096774194,0.6029632408102026,0.6104651162790697,0.5992123030757689,18463.0
2018-09-07,0.6029632408102026,0.6010877719429858,0.608589647411853,0.6001500375093773,10784.0
2018-09-10,0.6010877719429858,0.5879594898724682,0.6010877719429858,0.5870217554388597,13535.0
2018-09-11,0.589834958739685,0.5860840210052513,0.589834958739685,0.5813953488372093,26520.0
2018-09-12,0.5860840210052513,0.5888972243060765,0.5926481620405101,0.5851462865716429,3847.0
2018-09-13,0.5917104276069017,0.5973368342085521,0.6001500375093773,0.5917104276069017,29029.0
2018-09-14,0.5982745686421606,0.6020255063765941,0.6076519129782446,0.5982745686421606,27956.0
2018-09-17,0.5963990997749438,0.5870217554388597,0.5963990997749438,0.5851462865716429,7854.0
2018-09-18,0.5860840210052513,0.5973368342085521,0.5973368342085521,0.5842085521380345,10178.0
2018-09-19,0.5973368342085521,0.6039009752438109,0.6076519129782446,0.5954613653413353,14868.0
2018-09-20,0.6039009752438109,0.6048387096774194,0.6123405851462865,0.6039009752438109,23690.0
2018-09-21,0.6095273818454614,0.6189047261815455,0.622655663915979,0.6010877719429858,24489.0
2018-09-25,0.6189047261815455,0.617966991747937,0.6217179294823706,0.6142160540135034,15275.0
2018-09-26,0.6189047261815455,0.6207801950487623,0.6245311327831958,0.6170292573143286,11573.0
2018-09-27,0.6189047261815455,0.6142160540135034,0.622655663915979,0.6142160540135034,9446.0
2018-09-28,0.6142160540135034,0.6217179294823706,0.6217179294823706,0.6104651162790697,14291.0
2018-10-08,0.6170292573143286,0.6057764441110277,0.6207801950487623,0.6039009752438109,39342.0
2018-10-09,0.6029632408102026,0.6123405851462865,0.6160915228807202,0.6029632408102026,10689.0
2018-10-10,0.6151537884471118,0.6095273818454614,0.6189047261815455,0.6039009752438109,5621.0
2018-10-11,0.5907726931732933,0.5588897224306076,0.5992123030757689,0.5523255813953488,16934.0
2018-10-12,0.5626406601650412,0.5635783945986497,0.5673293323330832,0.5466991747936983,20769.0
2018-10-15,0.5626406601650412,0.5542010502625656,0.5635783945986497,0.5532633158289572,4661.0
2018-10-16,0.5542010502625656,0.5363840960240059,0.5570142535633908,0.5363840960240059,10712.0
2018-10-17,0.5476369092273068,0.5354463615903976,0.5523255813953488,0.5241935483870969,14444.0
2018-10-18,0.5401350337584395,0.5166916729182296,0.5401350337584395,0.5157539384846211,12116.0
2018-10-19,0.5166916729182296,0.5260690172543137,0.5288822205551387,0.5063765941485372,9061.0
2018-10-22,0.5316954238559639,0.5560765191297824,0.5617029257314329,0.5279444861215303,24804.0
2018-10-23,0.5485746436609152,0.541072768192048,0.5523255813953488,0.5401350337584395,21580.0
2018-10-24,0.5420105026256564,0.5495123780945236,0.5954613653413353,0.5382595648912227,23546.0
2018-10-25,0.5466991747936983,0.5495123780945236,0.5551387846961741,0.5316954238559639,12735.0
2018-10-26,0.5551387846961741,0.5532633158289572,0.5654538634658665,0.5495123780945236,30431.0
2018-10-29,0.550450112528132,0.541072768192048,0.5532633158289572,0.5373218304576144,16544.0
2018-10-30,0.5363840960240059,0.5476369092273068,0.550450112528132,0.5335708927231807,18623.0
2018-10-31,0.550450112528132,0.564516129032258,0.5682670667666917,0.541072768192048,45885.0
2018-11-01,0.5682670667666917,0.5654538634658665,0.5720180045011253,0.5551387846961741,34972.0
2018-11-02,0.5738934733683421,0.5804576144036009,0.5870217554388597,0.5673293323330832,43779.0
2018-11-05,0.5785821455363841,0.5748312078019505,0.5823330832708177,0.5710802700675168,19253.0
2018-11-06,0.5692048012003,0.5692048012003,0.5738934733683421,0.5654538634658665,13783.0
2018-11-07,0.5720180045011253,0.5832708177044261,0.5935858964741185,0.5720180045011253,46618.0
2018-11-08,0.5832708177044261,0.5692048012003,0.5860840210052513,0.5673293323330832,25009.0
2018-11-09,0.5692048012003,0.5607651912978244,0.5720180045011253,0.5579519879969992,14352.0
2018-11-12,0.5607651912978244,0.5701425356339085,0.5710802700675168,0.5551387846961741,20354.0
2018-11-13,0.5663915978994748,0.5785821455363841,0.5795198799699924,0.5626406601650412,32869.0
2018-11-14,0.5767066766691673,0.5748312078019505,0.5823330832708177,0.5720180045011253,18084.0
2018-11-15,0.5748312078019505,0.5823330832708177,0.5832708177044261,0.5729557389347336,13610.0
2018-11-16,0.5842085521380345,0.5823330832708177,0.5879594898724682,0.5795198799699924,15242.0
2018-11-19,0.5823330832708177,0.5842085521380345,0.5870217554388597,0.5776444111027756,20525.0
2018-11-20,0.5804576144036009,0.5767066766691673,0.5879594898724682,0.5757689422355589,33068.0
2018-11-21,0.5738934733683421,0.5748312078019505,0.5757689422355589,0.5682670667666917,15643.0
2018-11-22,0.5767066766691673,0.5729557389347336,0.5785821455363841,0.5710802700675168,8104.0
2018-11-23,0.5701425356339085,0.5448237059264815,0.5701425356339085,0.5448237059264815,49408.0
2018-11-26,0.5420105026256564,0.541072768192048,0.5476369092273068,0.5382595648912227,24448.0
2018-11-27,0.5476369092273068,0.54576144036009,0.5485746436609152,0.5420105026256564,16577.0
2018-11-28,0.541072768192048,0.550450112528132,0.550450112528132,0.5382595648912227,21345.0
2018-11-29,0.5532633158289572,0.5485746436609152,0.5635783945986497,0.5485746436609152,80965.0
2018-11-30,0.54576144036009,0.5542010502625656,0.5542010502625656,0.5438859714928732,23293.0
2018-12-03,0.5635783945986497,0.5682670667666917,0.5701425356339085,0.559827456864216,34839.0
2018-12-04,0.5663915978994748,0.5701425356339085,0.5701425356339085,0.5654538634658665,19629.0
2018-12-05,0.5626406601650412,0.5701425356339085,0.5776444111027756,0.5607651912978244,38367.0
2018-12-06,0.5673293323330832,0.5654538634658665,0.5710802700675168,0.5635783945986497,27425.0
2018-12-07,0.5635783945986497,0.5626406601650412,0.5673293323330832,0.5607651912978244,10201.0
2018-12-10,0.5607651912978244,0.5588897224306076,0.5635783945986497,0.5570142535633908,14316.0
2018-12-11,0.5588897224306076,0.5635783945986497,0.5635783945986497,0.5588897224306076,7361.0
2018-12-12,0.5663915978994748,0.5635783945986497,0.5663915978994748,0.5617029257314329,9465.0
2018-12-13,0.5626406601650412,0.5663915978994748,0.5692048012003,0.5588897224306076,25500.0
2018-12-14,0.5635783945986497,0.5495123780945236,0.5692048012003,0.5495123780945236,20810.0
2018-12-17,0.5476369092273068,0.5542010502625656,0.5551387846961741,0.5466991747936983,18132.0
2018-12-18,0.5513878469617404,0.5551387846961741,0.5560765191297824,0.5495123780945236,19358.0
2018-12-19,0.5551387846961741,0.5485746436609152,0.5551387846961741,0.5485746436609152,9950.0
2018-12-20,0.5485746436609152,0.5476369092273068,0.5513878469617404,0.5438859714928732,8068.0
2018-12-21,0.5476369092273068,0.541072768192048,0.5485746436609152,0.5382595648912227,10998.0
2018-12-24,0.5401350337584395,0.5420105026256564,0.5429482370592648,0.5382595648912227,2101.0
2018-12-25,0.5391972993248312,0.5335708927231807,0.5391972993248312,0.5251312828207052,9454.0
2018-12-26,0.5326331582895724,0.5326331582895724,0.5345086271567892,0.5307576894223556,3552.0
2018-12-27,0.5354463615903976,0.5260690172543137,0.5401350337584395,0.5260690172543137,7751.0
2018-12-28,0.527006751687922,0.5316954238559639,0.5326331582895724,0.5260690172543137,2006.0
2019-01-02,0.5326331582895724,0.52231807951988,0.5326331582895724,0.52231807951988,5252.0
2019-01-03,0.52231807951988,0.5288822205551387,0.5316954238559639,0.5213803450862716,18924.0
2019-01-04,0.5288822205551387,0.5429482370592648,0.5438859714928732,0.5279444861215303,19999.0
2019-01-07,0.5485746436609152,0.5532633158289572,0.5542010502625656,0.5401350337584395,24294.0
2019-01-08,0.5513878469617404,0.5448237059264815,0.5532633158289572,0.541072768192048,26648.0
2019-01-09,0.5476369092273068,0.5420105026256564,0.5476369092273068,0.541072768192048,61867.0
2019-01-10,0.5401350337584395,0.5401350337584395,0.5448237059264815,0.5373218304576144,29219.0
2019-01-11,0.5401350337584395,0.5448237059264815,0.5448237059264815,0.5382595648912227,47406.0
2019-01-14,0.5429482370592648,0.5420105026256564,0.5466991747936983,0.5401350337584395,21054.0
2019-01-15,0.541072768192048,0.5466991747936983,0.5485746436609152,0.5401350337584395,18531.0
2019-01-16,0.54576144036009,0.5438859714928732,0.5466991747936983,0.541072768192048,21023.0
2019-01-17,0.5448237059264815,0.5401350337584395,0.5476369092273068,0.5382595648912227,37462.0
2019-01-18,0.5401350337584395,0.5532633158289572,0.5542010502625656,0.5391972993248312,47440.0
2019-01-21,0.5560765191297824,0.5532633158289572,0.5560765191297824,0.5495123780945236,45405.0
2019-01-22,0.5513878469617404,0.5448237059264815,0.5513878469617404,0.5401350337584395,33995.0
2019-01-23,0.5420105026256564,0.54576144036009,0.5476369092273068,0.5401350337584395,26550.0
2019-01-24,0.54576144036009,0.5438859714928732,0.54576144036009,0.5401350337584395,34021.0
2019-01-25,0.541072768192048,0.5420105026256564,0.5438859714928732,0.5401350337584395,45523.0
2019-01-28,0.54576144036009,0.5401350337584395,0.5466991747936983,0.5382595648912227,47153.0
2019-01-29,0.5382595648912227,0.5298199549887471,0.5382595648912227,0.52231807951988,48716.0
2019-01-30,0.5298199549887471,0.5260690172543137,0.5316954238559639,0.5251312828207052,17256.0
2019-01-31,0.5251312828207052,0.5185671417854464,0.5307576894223556,0.5157539384846211,35974.0
2019-02-01,0.5195048762190548,0.5298199549887471,0.5298199549887471,0.5195048762190548,39091.0
2019-02-11,0.5298199549887471,0.5466991747936983,0.5466991747936983,0.5298199549887471,74525.0
2019-02-12,0.5466991747936983,0.5485746436609152,0.550450112528132,0.5420105026256564,75054.0
2019-02-13,0.5485746436609152,0.5635783945986497,0.5682670667666917,0.5466991747936983,128688.0
2019-02-14,0.564516129032258,0.5617029257314329,0.5663915978994748,0.5570142535633908,73465.0
2019-02-15,0.5607651912978244,0.5607651912978244,0.5701425356339085,0.5570142535633908,65502.0
2019-02-18,0.5663915978994748,0.5785821455363841,0.5785821455363841,0.5626406601650412,60173.0
2019-02-19,0.5767066766691673,0.5804576144036009,0.5832708177044261,0.5729557389347336,67911.0
2019-02-20,0.5823330832708177,0.5907726931732933,0.6001500375093773,0.5813953488372093,91809.0
2019-02-21,0.5907726931732933,0.589834958739685,0.5963990997749438,0.5851462865716429,78419.0
2019-02-22,0.5860840210052513,0.594523630907727,0.5963990997749438,0.5795198799699924,71323.0
2019-02-25,0.6254688672168043,0.6536009002250562,0.6536009002250562,0.6001500375093773,433760.0
2019-02-26,0.6714178544636159,0.646099024756189,0.6723555888972242,0.6282820705176294,548196.0
2019-02-27,0.636721680420105,0.6339084771192799,0.650787696924231,0.6282820705176294,219838.0
2019-02-28,0.6339084771192799,0.6310952738184546,0.6395348837209303,0.6273443360840211,165222.0
2019-03-01,0.6329707426856714,0.6348462115528882,0.6348462115528882,0.6235933983495874,113855.0
2019-03-04,0.6404726181545387,0.646099024756189,0.6573518379594898,0.6348462115528882,259056.0
2019-03-05,0.6404726181545387,0.6517254313578394,0.6536009002250562,0.6357839459864967,255154.0
2019-03-06,0.6526631657914478,0.6732933233308327,0.674231057764441,0.6517254313578394,304472.0
2019-03-07,0.6779819954988747,0.6892348087021756,0.7033008252063015,0.660165041260315,294991.0
2019-03-08,0.6611027756939234,0.6432858214553638,0.6789197299324831,0.6423480870217555,296177.0
2019-03-11,0.641410352588147,0.6573518379594898,0.6620405101275318,0.641410352588147,171223.0
2019-03-12,0.6639159789947486,0.6592273068267066,0.6686046511627907,0.6517254313578394,232441.0
2019-03-13,0.6611027756939234,0.6564141035258814,0.6676669167291822,0.6526631657914478,170717.0
2019-03-14,0.6517254313578394,0.650787696924231,0.6751687921980495,0.6451612903225806,199583.0
2019-03-15,0.6536009002250562,0.6564141035258814,0.6592273068267066,0.6442235558889723,132811.0
2019-03-18,0.6582895723930983,0.6751687921980495,0.6751687921980495,0.6582895723930983,225636.0
2019-03-19,0.6751687921980495,0.6714178544636159,0.6761065266316579,0.6657914478619654,87731.22
2019-03-20,0.6695423855963991,0.6620405101275318,0.6704801200300075,0.6536009002250562,167757.78
2019-03-21,0.6686046511627907,0.6704801200300075,0.6761065266316579,0.6648537134283571,183154.22
2019-03-22,0.6648537134283571,0.6657914478619654,0.6714178544636159,0.6564141035258814,129900.0
2019-03-25,0.6573518379594898,0.6517254313578394,0.6611027756939234,0.6517254313578394,95043.0
2019-03-26,0.655476369092273,0.6442235558889723,0.6582895723930983,0.6404726181545387,78226.0
2019-03-27,0.6423480870217555,0.636721680420105,0.646099024756189,0.6310952738184546,105037.0
2019-03-28,0.6329707426856714,0.6301575393848462,0.6357839459864967,0.6264066016504126,60882.0
2019-03-29,0.6329707426856714,0.646099024756189,0.6470367591897974,0.6235933983495874,240172.0
2019-04-01,0.6545386346586646,0.6789197299324831,0.6798574643660915,0.6526631657914478,346479.0
2019-04-02,0.6939234808702175,0.6920480120030007,0.7014253563390848,0.6686046511627907,441338.0
2019-04-03,0.6929857464366092,0.6920480120030007,0.6957989497374344,0.6789197299324831,219991.0
2019-04-04,0.6957989497374344,0.7004876219054763,0.7098649662415604,0.6920480120030007,382211.0
2019-04-08,0.7108027006751688,0.7126781695423856,0.7211177794448612,0.6957989497374344,455534.0
2019-04-09,0.7061140285071268,0.6929857464366092,0.7061140285071268,0.6864216054013503,291114.0
2019-04-10,0.6929857464366092,0.6882970742685671,0.6929857464366092,0.6789197299324831,208388.0
2019-04-11,0.6882970742685671,0.6751687921980495,0.6939234808702175,0.674231057764441,194037.0
2019-04-12,0.6695423855963991,0.6695423855963991,0.6770442610652663,0.6639159789947486,145193.0
2019-04-15,0.6826706676669168,0.6657914478619654,0.6873593398349587,0.6648537134283571,212418.0
2019-04-16,0.6573518379594898,0.6873593398349587,0.6882970742685671,0.655476369092273,422693.0
2019-04-17,0.6845461365341335,0.6836084021005251,0.6901725431357839,0.6798574643660915,240732.0
2019-04-18,0.6873593398349587,0.674231057764441,0.6882970742685671,0.6723555888972242,179628.0
2019-04-19,0.6714178544636159,0.6798574643660915,0.6807951987996999,0.6667291822955739,169973.0
2019-04-22,0.6798574643660915,0.6657914478619654,0.6807951987996999,0.6620405101275318,176846.0
2019-04-23,0.6657914478619654,0.6582895723930983,0.6657914478619654,0.6526631657914478,202752.0
2019-04-24,0.6582895723930983,0.6620405101275318,0.6620405101275318,0.650787696924231,120969.0
2019-04-25,0.6582895723930983,0.6404726181545387,0.6611027756939234,0.6395348837209303,181246.0
2019-04-26,0.6376594148537135,0.6273443360840211,0.6423480870217555,0.6273443360840211,204056.0
2019-04-29,0.6282820705176294,0.5982745686421606,0.6301575393848462,0.5973368342085521,351784.0
2019-04-30,0.5982745686421606,0.6048387096774194,0.6057764441110277,0.594523630907727,212496.0
2019-05-06,0.5813953488372093,0.5588897224306076,0.5879594898724682,0.5560765191297824,256208.0
2019-05-07,0.5635783945986497,0.5663915978994748,0.5701425356339085,0.5588897224306076,177872.0
2019-05-08,0.5617029257314329,0.5663915978994748,0.5720180045011253,0.5513878469617404,104894.0
2019-05-09,0.5682670667666917,0.5635783945986497,0.5692048012003,0.5607651912978244,127774.0
2019-05-10,0.5673293323330832,0.5776444111027756,0.5785821455363841,0.5570142535633908,291326.0
2019-05-13,0.5673293323330832,0.5682670667666917,0.5738934733683421,0.5654538634658665,150930.0
2019-05-14,0.5635783945986497,0.5692048012003,0.5757689422355589,0.5635783945986497,140811.0
2019-05-15,0.5729557389347336,0.5757689422355589,0.5767066766691673,0.5701425356339085,98193.0
2019-05-16,0.5729557389347336,0.6010877719429858,0.6020255063765941,0.5729557389347336,332108.0
2019-05-17,0.6020255063765941,0.5729557389347336,0.6048387096774194,0.5701425356339085,934276.0
2019-05-20,0.5757689422355589,0.5804576144036009,0.5804576144036009,0.5579519879969992,159411.0
2019-05-21,0.5823330832708177,0.6020255063765941,0.6057764441110277,0.5738934733683421,364951.0
2019-05-22,0.6020255063765941,0.5907726931732933,0.6029632408102026,0.5888972243060765,356337.0
2019-05-23,0.5888972243060765,0.5795198799699924,0.5917104276069017,0.5776444111027756,151239.0
2019-05-24,0.5795198799699924,0.5738934733683421,0.5879594898724682,0.5710802700675168,202839.0
2019-05-27,0.5767066766691673,0.589834958739685,0.589834958739685,0.5710802700675168,114805.0
2019-05-28,0.5879594898724682,0.5851462865716429,0.5907726931732933,0.5823330832708177,160603.0
2019-05-29,0.5860840210052513,0.5963990997749438,0.6020255063765941,0.5860840210052513,898008.0
2019-05-30,0.5907726931732933,0.6020255063765941,0.6039009752438109,0.5879594898724682,221862.0
2019-05-31,0.6010877719429858,0.6104651162790697,0.6151537884471118,0.5973368342085521,253419.0
2019-06-03,0.6076519129782446,0.5973368342085521,0.6095273818454614,0.5963990997749438,277802.0
2019-06-04,0.5973368342085521,0.5888972243060765,0.6048387096774194,0.5851462865716429,88893.0
2019-06-05,0.5926481620405101,0.594523630907727,0.5982745686421606,0.5917104276069017,64139.0
2019-06-06,0.5926481620405101,0.5907726931732933,0.5973368342085521,0.5870217554388597,63058.0
2019-06-10,0.5917104276069017,0.5963990997749438,0.5973368342085521,0.5813953488372093,81177.0
2019-06-11,0.5963990997749438,0.6123405851462865,0.6151537884471118,0.5917104276069017,275661.0
2019-06-12,0.613278319579895,0.6198424606151538,0.6348462115528882,0.6114028507126782,334976.0
2019-06-13,0.617966991747937,0.6189047261815455,0.6235933983495874,0.6114028507126782,114413.0
2019-06-14,0.6189047261815455,0.6142160540135034,0.6282820705176294,0.613278319579895,161435.0
2019-06-17,0.6095273818454614,0.6207801950487623,0.6264066016504126,0.6095273818454614,85916.0
2019-06-18,0.6170292573143286,0.6104651162790697,0.6170292573143286,0.6039009752438109,312036.0
2019-06-19,0.6189047261815455,0.6114028507126782,0.6207801950487623,0.6104651162790697,296476.0
2019-06-20,0.6151537884471118,0.622655663915979,0.6245311327831958,0.6076519129782446,377106.0
2019-06-21,0.622655663915979,0.6329707426856714,0.6404726181545387,0.6198424606151538,359517.0
2019-06-24,0.6329707426856714,0.636721680420105,0.6404726181545387,0.6310952738184546,212976.0
2019-06-25,0.6385971492873219,0.6395348837209303,0.6423480870217555,0.6292198049512379,187337.0
2019-06-26,0.6329707426856714,0.6235933983495874,0.6329707426856714,0.6217179294823706,216334.0
2019-06-27,0.6217179294823706,0.6264066016504126,0.6273443360840211,0.6217179294823706,116516.0
2019-06-28,0.6264066016504126,0.6217179294823706,0.6310952738184546,0.6189047261815455,98251.0
2019-07-01,0.6245311327831958,0.6310952738184546,0.6310952738184546,0.6189047261815455,209181.0
2019-07-02,0.6273443360840211,0.6339084771192799,0.6348462115528882,0.6254688672168043,166742.0
2019-07-03,0.6395348837209303,0.6301575393848462,0.641410352588147,0.6292198049512379,108494.0
2019-07-04,0.6301575393848462,0.6217179294823706,0.6329707426856714,0.6189047261815455,130760.0
2019-07-05,0.6217179294823706,0.6235933983495874,0.6254688672168043,0.6189047261815455,78357.0
2019-07-08,0.617966991747937,0.6010877719429858,0.622655663915979,0.5963990997749438,160402.0
2019-07-09,0.5954613653413353,0.6020255063765941,0.6020255063765941,0.5954613653413353,39387.0
2019-07-10,0.6020255063765941,0.5926481620405101,0.6020255063765941,0.5907726931732933,102249.0
2019-07-11,0.5992123030757689,0.6029632408102026,0.6076519129782446,0.5982745686421606,130588.0
2019-07-12,0.6029632408102026,0.5982745686421606,0.6029632408102026,0.5963990997749438,75707.0
2019-07-15,0.5982745686421606,0.6020255063765941,0.608589647411853,0.5917104276069017,2565500.0
2019-07-16,0.6020255063765941,0.6029632408102026,0.6057764441110277,0.5992123030757689,265270.0
2019-07-17,0.6020255063765941,0.6020255063765941,0.6039009752438109,0.5926481620405101,178577.0
2019-07-18,0.6039009752438109,0.6001500375093773,0.6104651162790697,0.6001500375093773,382665.0
2019-07-19,0.6057764441110277,0.6123405851462865,0.6160915228807202,0.6048387096774194,257732.0
2019-07-22,0.6104651162790697,0.5982745686421606,0.6114028507126782,0.5879594898724682,338668.0
2019-07-23,0.594523630907727,0.5973368342085521,0.5982745686421606,0.5926481620405101,358180.0
2019-07-24,0.5982745686421606,0.6039009752438109,0.6067141785446362,0.5982745686421606,271608.0
2019-07-25,0.6039009752438109,0.6020255063765941,0.6039009752438109,0.5992123030757689,199206.0
2019-07-26,0.6001500375093773,0.5982745686421606,0.6010877719429858,0.594523630907727,172251.0
2019-07-29,0.5992123030757689,0.5973368342085521,0.6001500375093773,0.5963990997749438,127205.0
2019-07-30,0.5973368342085521,0.6039009752438109,0.6057764441110277,0.5973368342085521,249830.0
2019-07-31,0.6039009752438109,0.6057764441110277,0.6076519129782446,0.5973368342085521,155111.0
2019-08-01,0.5992123030757689,0.6010877719429858,0.6067141785446362,0.5954613653413353,244770.0
2019-08-02,0.5973368342085521,0.6039009752438109,0.6067141785446362,0.5973368342085521,247599.0
2019-08-05,0.6020255063765941,0.613278319579895,0.6170292573143286,0.6020255063765941,681988.0
2019-08-06,0.608589647411853,0.5963990997749438,0.613278319579895,0.5935858964741185,601394.0
2019-08-07,0.6039009752438109,0.6207801950487623,0.6245311327831958,0.6039009752438109,303346.0
2019-08-08,0.6273443360840211,0.6198424606151538,0.6329707426856714,0.6170292573143286,169730.0
2019-08-09,0.6189047261815455,0.6151537884471118,0.6273443360840211,0.6142160540135034,113252.0
2019-08-12,0.6142160540135034,0.6104651162790697,0.6142160540135034,0.6048387096774194,244665.0
2019-08-13,0.6123405851462865,0.6207801950487623,0.622655663915979,0.6114028507126782,212300.0
2019-08-14,0.6123405851462865,0.6170292573143286,0.6189047261815455,0.6095273818454614,1119252.99
2019-08-15,0.6095273818454614,0.613278319579895,0.6151537884471118,0.6076519129782446,387093.99
2019-08-16,0.6142160540135034,0.6160915228807202,0.6207801950487623,0.6114028507126782,607442.99
2019-08-19,0.6170292573143286,0.622655663915979,0.6235933983495874,0.6095273818454614,278961.0
2019-08-20,0.6207801950487623,0.6292198049512379,0.6320330082520631,0.6170292573143286,352765.99
2019-08-21,0.6273443360840211,0.6217179294823706,0.6273443360840211,0.6207801950487623,170387.0
2019-08-22,0.6198424606151538,0.6207801950487623,0.6207801950487623,0.6123405851462865,242042.0
2019-08-23,0.617966991747937,0.617966991747937,0.6207801950487623,0.6151537884471118,145187.0
2019-08-26,0.6198424606151538,0.6217179294823706,0.6245311327831958,0.6189047261815455,176451.0
2019-08-27,0.6170292573143286,0.6264066016504126,0.6264066016504126,0.6170292573143286,172499.0
2019-08-28,0.6245311327831958,0.622655663915979,0.6273443360840211,0.6207801950487623,110134.0
2019-08-29,0.622655663915979,0.6245311327831958,0.6264066016504126,0.6189047261815455,117686.0
2019-08-30,0.6207801950487623,0.6245311327831958,0.6273443360840211,0.6198424606151538,132225.0
2019-09-02,0.6264066016504126,0.6320330082520631,0.6329707426856714,0.6245311327831958,197628.0
2019-09-03,0.6329707426856714,0.6329707426856714,0.6329707426856714,0.6292198049512379,120332.0
2019-09-04,0.6348462115528882,0.6404726181545387,0.6423480870217555,0.6339084771192799,212245.0
2019-09-05,0.650787696924231,0.6470367591897974,0.6564141035258814,0.641410352588147,409081.0
2019-09-06,0.6432858214553638,0.6395348837209303,0.6451612903225806,0.6376594148537135,200153.0
2019-09-09,0.641410352588147,0.6498499624906225,0.6498499624906225,0.6385971492873219,156938.0
2019-09-10,0.6479744936234058,0.6498499624906225,0.6573518379594898,0.6442235558889723,257578.0
2019-09-11,0.6536009002250562,0.646099024756189,0.6536009002250562,0.6451612903225806,171451.0
2019-09-12,0.6470367591897974,0.6470367591897974,0.6489122280570142,0.6423480870217555,108792.0
2019-09-16,0.6498499624906225,0.650787696924231,0.650787696924231,0.6451612903225806,123764.0
2019-09-17,0.6479744936234058,0.6339084771192799,0.6479744936234058,0.6329707426856714,177621.0
2019-09-18,0.6348462115528882,0.6310952738184546,0.636721680420105,0.6301575393848462,75465.0
2019-09-19,0.6301575393848462,0.6385971492873219,0.6395348837209303,0.6292198049512379,90494.0
2019-09-20,0.6385971492873219,0.6395348837209303,0.6395348837209303,0.6357839459864967,78547.0
2019-09-23,0.6385971492873219,0.6329707426856714,0.6385971492873219,0.6301575393848462,63777.0
2019-09-24,0.6339084771192799,0.636721680420105,0.636721680420105,0.6301575393848462,63958.0
2019-09-25,0.636721680420105,0.6320330082520631,0.6376594148537135,0.6264066016504126,72758.0
2019-09-26,0.6310952738184546,0.6123405851462865,0.6320330082520631,0.6104651162790697,160235.0
2019-09-27,0.613278319579895,0.6104651162790697,0.6151537884471118,0.6067141785446362,103033.0
2019-09-30,0.6104651162790697,0.6029632408102026,0.6123405851462865,0.6029632408102026,59391.0
2019-10-08,0.6048387096774194,0.6020255063765941,0.6057764441110277,0.6001500375093773,47455.0
2019-10-09,0.6020255063765941,0.608589647411853,0.608589647411853,0.6001500375093773,60842.0
2019-10-10,0.608589647411853,0.6104651162790697,0.6114028507126782,0.6067141785446362,31566.0
2019-10-11,0.6095273818454614,0.6076519129782446,0.6095273818454614,0.6029632408102026,86234.0
2019-10-14,0.608589647411853,0.6095273818454614,0.6123405851462865,0.6057764441110277,149635.0
2019-10-15,0.608589647411853,0.5982745686421606,0.6095273818454614,0.5982745686421606,149606.0
2019-10-16,0.6001500375093773,0.5935858964741185,0.6010877719429858,0.5907726931732933,126901.0
2019-10-17,0.5935858964741185,0.5935858964741185,0.5954613653413353,0.5907726931732933,87287.0
2019-10-18,0.594523630907727,0.5842085521380345,0.5954613653413353,0.5823330832708177,112208.0
2019-10-21,0.5842085521380345,0.5813953488372093,0.5860840210052513,0.5767066766691673,72144.0
2019-10-22,0.5832708177044261,0.5851462865716429,0.5860840210052513,0.5813953488372093,55788.0
2019-10-23,0.5860840210052513,0.5823330832708177,0.5860840210052513,0.5795198799699924,66712.0
2019-10-24,0.5823330832708177,0.5795198799699924,0.5823330832708177,0.5767066766691673,79549.0
2019-10-25,0.5804576144036009,0.5823330832708177,0.5842085521380345,0.5776444111027756,59535.0
2019-10-28,0.5813953488372093,0.5917104276069017,0.5926481620405101,0.5813953488372093,137393.0
2019-10-29,0.589834958739685,0.5823330832708177,0.5907726931732933,0.5823330832708177,98506.0
2019-10-30,0.5842085521380345,0.5776444111027756,0.5842085521380345,0.5767066766691673,76218.0
2019-10-31,0.5785821455363841,0.5748312078019505,0.5804576144036009,0.5748312078019505,83885.0
2019-11-01,0.5757689422355589,0.5813953488372093,0.5813953488372093,0.5748312078019505,61365.0
2019-11-04,0.5813953488372093,0.5842085521380345,0.5860840210052513,0.5804576144036009,73648.0
2019-11-05,0.5842085521380345,0.5888972243060765,0.5917104276069017,0.5804576144036009,166072.0
2019-11-06,0.5870217554388597,0.5888972243060765,0.5954613653413353,0.5842085521380345,171561.0
2019-11-07,0.5879594898724682,0.5860840210052513,0.5888972243060765,0.5832708177044261,80434.0
2019-11-08,0.5879594898724682,0.5832708177044261,0.5907726931732933,0.5823330832708177,81287.0
2019-11-11,0.5804576144036009,0.5701425356339085,0.5823330832708177,0.5692048012003,149192.0
2019-11-12,0.5701425356339085,0.5654538634658665,0.5729557389347336,0.5626406601650412,105016.0
2019-11-13,0.5673293323330832,0.5682670667666917,0.5692048012003,0.5654538634658665,69205.0
2019-11-14,0.5673293323330832,0.5673293323330832,0.5673293323330832,0.5635783945986497,44008.0
2019-11-15,0.564516129032258,0.564516129032258,0.5720180045011253,0.5635783945986497,48925.0
2019-11-18,0.5635783945986497,0.5673293323330832,0.5682670667666917,0.5607651912978244,52906.0
2019-11-19,0.5663915978994748,0.5776444111027756,0.5785821455363841,0.5663915978994748,135561.34
2019-11-20,0.5776444111027756,0.5813953488372093,0.5842085521380345,0.5757689422355589,144505.11
2019-11-21,0.5804576144036009,0.5804576144036009,0.5823330832708177,0.5767066766691673,75526.11
2019-11-22,0.5804576144036009,0.5842085521380345,0.5879594898724682,0.5795198799699924,171082.66
2019-11-25,0.5870217554388597,0.594523630907727,0.594523630907727,0.5767066766691673,195298.0
2019-11-26,0.5954613653413353,0.5926481620405101,0.5954613653413353,0.5851462865716429,195626.77
2019-11-27,0.5926481620405101,0.5973368342085521,0.6001500375093773,0.5870217554388597,174032.54
2019-11-28,0.5982745686421606,0.5907726931732933,0.5982745686421606,0.589834958739685,47545.0
2019-11-29,0.5907726931732933,0.5870217554388597,0.5907726931732933,0.5842085521380345,91887.0
2019-12-02,0.5860840210052513,0.5879594898724682,0.589834958739685,0.5842085521380345,69859.77
2019-12-03,0.5851462865716429,0.5926481620405101,0.594523630907727,0.5842085521380345,67198.0
2019-12-04,0.5907726931732933,0.6039009752438109,0.6057764441110277,0.5907726931732933,165992.0
2019-12-05,0.6048387096774194,0.6057764441110277,0.6067141785446362,0.5982745686421606,142226.77
2019-12-06,0.6039009752438109,0.6039009752438109,0.6057764441110277,0.6020255063765941,91358.0
2019-12-09,0.6039009752438109,0.6039009752438109,0.6076519129782446,0.6010877719429858,81529.0
2019-12-10,0.6039009752438109,0.6095273818454614,0.6142160540135034,0.6029632408102026,169448.0
2019-12-11,0.6095273818454614,0.6057764441110277,0.6104651162790697,0.6029632408102026,118754.89
2019-12-12,0.608589647411853,0.6048387096774194,0.6114028507126782,0.6048387096774194,136895.89
2019-12-13,0.6057764441110277,0.613278319579895,0.613278319579895,0.6057764441110277,132234.89
2019-12-16,0.6142160540135034,0.6151537884471118,0.6160915228807202,0.6076519129782446,201067.0
2019-12-17,0.6151537884471118,0.6310952738184546,0.6310952738184546,0.6142160540135034,359417.0
2019-12-18,0.6310952738184546,0.6310952738184546,0.6320330082520631,0.6254688672168043,322756.0
2019-12-19,0.6282820705176294,0.6329707426856714,0.6329707426856714,0.6273443360840211,163002.0
2019-12-20,0.6301575393848462,0.6245311327831958,0.6348462115528882,0.6217179294823706,175590.0
2019-12-23,0.6235933983495874,0.6198424606151538,0.6292198049512379,0.6160915228807202,257166.0
2019-12-24,0.6198424606151538,0.6489122280570142,0.650787696924231,0.6198424606151538,578609.0
2019-12-25,0.6498499624906225,0.6479744936234058,0.6498499624906225,0.6423480870217555,310055.0
2019-12-26,0.646099024756189,0.6545386346586646,0.6564141035258814,0.646099024756189,370913.0
2019-12-27,0.660165041260315,0.674231057764441,0.6957989497374344,0.6573518379594898,1359937.0
2019-12-30,0.6714178544636159,0.6807951987996999,0.6817329332333083,0.6639159789947486,1234539.0
2019-12-31,0.6761065266316579,0.6807951987996999,0.6854838709677419,0.674231057764441,850309.0
2020-01-02,0.6920480120030007,0.6901725431357839,0.6948612153038259,0.6817329332333083,750479.0
2020-01-03,0.6920480120030007,0.7014253563390848,0.7079894973743436,0.6864216054013503,1474403.0
2020-01-06,0.7079894973743436,0.7267441860465116,0.7286196549137285,0.7079894973743436,1458400.77
2020-01-07,0.7192423105776444,0.7173668417104276,0.7220555138784697,0.7108027006751688,1154906.77
2020-01-08,0.7267441860465116,0.7173668417104276,0.7389347336834209,0.7126781695423856,1301119.0
2020-01-09,0.7098649662415604,0.708927231807952,0.7164291072768192,0.70423855963991,1043839.0
2020-01-10,0.7070517629407351,0.7051762940735183,0.708927231807952,0.6986121530382595,585452.34
2020-01-13,0.70423855963991,0.7108027006751688,0.7126781695423856,0.6976744186046512,862244.0
2020-01-14,0.7126781695423856,0.72768192048012,0.7361215303825956,0.7126781695423856,1421222.0
2020-01-15,0.7211177794448612,0.7117404351087772,0.7239309827456865,0.7061140285071268,728466.34
2020-01-16,0.7079894973743436,0.7079894973743436,0.7173668417104276,0.70423855963991,390057.0
2020-01-17,0.7117404351087772,0.7061140285071268,0.7126781695423856,0.699549887471868,446196.0
2020-01-20,0.70423855963991,0.7098649662415604,0.7108027006751688,0.6976744186046512,638792.0
2020-01-21,0.7108027006751688,0.6929857464366092,0.7108027006751688,0.6882970742685671,733960.0
2020-01-22,0.6864216054013503,0.6976744186046512,0.70423855963991,0.6770442610652663,1146212.0
2020-01-23,0.6920480120030007,0.6770442610652663,0.7004876219054763,0.6657914478619654,924916.77
2020-02-03,0.6095273818454614,0.6095273818454614,0.6292198049512379,0.6095273818454614,362203.77
2020-02-04,0.6076519129782446,0.6217179294823706,0.6704801200300075,0.6039009752438109,661707.11
2020-02-05,0.622655663915979,0.6395348837209303,0.6498499624906225,0.6189047261815455,636495.0
2020-02-06,0.6395348837209303,0.6479744936234058,0.6489122280570142,0.6273443360840211,688899.0
2020-02-07,0.6395348837209303,0.641410352588147,0.646099024756189,0.6301575393848462,483705.0
2020-02-10,0.6357839459864967,0.6704801200300075,0.6714178544636159,0.6357839459864967,741370.77
2020-02-11,0.6704801200300075,0.6667291822955739,0.6779819954988747,0.6592273068267066,725089.77
2020-02-12,0.6629782445611403,0.7014253563390848,0.7023630907726932,0.6620405101275318,888418.77
2020-02-13,0.7023630907726932,0.7004876219054763,0.7164291072768192,0.6939234808702175,1264545.83
2020-02-14,0.699549887471868,0.7173668417104276,0.7286196549137285,0.699549887471868,1202678.77
2020-02-17,0.7211177794448612,0.7323705926481621,0.7342460615153789,0.7117404351087772,1054382.0
2020-02-18,0.7361215303825956,0.7351837959489873,0.7398724681170292,0.7239309827456865,874520.0
2020-02-19,0.7314328582145536,0.718304576144036,0.7314328582145536,0.7154913728432108,1011918.94
2020-02-20,0.7164291072768192,0.7220555138784697,0.7220555138784697,0.708927231807952,766916.94
2020-02-21,0.7239309827456865,0.7342460615153789,0.7370592648162041,0.722993248312078,1211298.0
2020-02-24,0.7370592648162041,0.7304951237809453,0.7426856714178545,0.7145536384096024,897482.0
2020-02-25,0.7126781695423856,0.7351837959489873,0.7370592648162041,0.708927231807952,961865.0
2020-02-26,0.7173668417104276,0.708927231807952,0.7267441860465116,0.7061140285071268,870900.0
2020-02-27,0.7098649662415604,0.7070517629407351,0.7154913728432108,0.7023630907726932,438341.0
2020-02-28,0.6836084021005251,0.6611027756939234,0.6929857464366092,0.6592273068267066,891677.0
2020-03-02,0.6648537134283571,0.6807951987996999,0.6836084021005251,0.6620405101275318,473276.0
2020-03-03,0.6957989497374344,0.6882970742685671,0.7014253563390848,0.6826706676669168,643973.0
2020-03-04,0.6882970742685671,0.6986121530382595,0.699549887471868,0.6845461365341335,603205.0
2020-03-05,0.7061140285071268,0.70423855963991,0.7061140285071268,0.6929857464366092,986207.0
2020-03-06,0.699549887471868,0.7033008252063015,0.7117404351087772,0.6967366841710427,599173.0
2020-03-09,0.6920480120030007,0.6676669167291822,0.6967366841710427,0.6657914478619654,1015040.0
2020-03-10,0.6573518379594898,0.6770442610652663,0.6770442610652663,0.6470367591897974,719503.0
2020-03-11,0.6789197299324831,0.6676669167291822,0.6789197299324831,0.6667291822955739,389694.0
2020-03-12,0.6592273068267066,0.6498499624906225,0.6592273068267066,0.6432858214553638,486985.0
2020-03-13,0.6198424606151538,0.636721680420105,0.6442235558889723,0.6104651162790697,749947.0
2020-03-16,0.636721680420105,0.6095273818454614,0.6423480870217555,0.6076519129782446,571257.34
2020-03-17,0.6114028507126782,0.6020255063765941,0.6189047261815455,0.5870217554388597,762577.0
2020-03-18,0.6057764441110277,0.5907726931732933,0.6123405851462865,0.5888972243060765,383972.0
2020-03-19,0.5888972243060765,0.5860840210052513,0.5907726931732933,0.5701425356339085,874098.0
2020-03-20,0.5888972243060765,0.5963990997749438,0.5963990997749438,0.5785821455363841,499114.0
2020-03-23,0.5795198799699924,0.5710802700675168,0.5842085521380345,0.5692048012003,709426.0
2020-03-24,0.5907726931732933,0.5973368342085521,0.5982745686421606,0.5813953488372093,843263.0
2020-03-25,0.6151537884471118,0.6114028507126782,0.617966991747937,0.6057764441110277,1117486.08
2020-03-26,0.6057764441110277,0.6039009752438109,0.6104651162790697,0.5982745686421606,449982.12
2020-03-27,0.6076519129782446,0.5992123030757689,0.6095273818454614,0.5992123030757689,651369.0
2020-03-30,0.5935858964741185,0.5851462865716429,0.5935858964741185,0.5804576144036009,381523.0
2020-03-31,0.5879594898724682,0.5917104276069017,0.5954613653413353,0.5842085521380345,809849.0
2020-04-01,0.5888972243060765,0.6020255063765941,0.6057764441110277,0.5860840210052513,658159.12
2020-04-02,0.594523630907727,0.6067141785446362,0.6067141785446362,0.589834958739685,993034.12
2020-04-03,0.6048387096774194,0.5992123030757689,0.6095273818454614,0.5982745686421606,755171.0
2020-04-07,0.6114028507126782,0.6207801950487623,0.622655663915979,0.6095273818454614,737682.0
2020-04-08,0.6160915228807202,0.6245311327831958,0.6301575393848462,0.6151537884471118,566119.0
2020-04-09,0.6273443360840211,0.622655663915979,0.6273443360840211,0.6189047261815455,440797.0
2020-04-10,0.6292198049512379,0.6114028507126782,0.6310952738184546,0.6114028507126782,489419.92
2020-04-13,0.608589647411853,0.608589647411853,0.6123405851462865,0.6057764441110277,283186.0
2020-04-14,0.613278319579895,0.6320330082520631,0.6329707426856714,0.613278319579895,703208.92
2020-04-15,0.6301575393848462,0.6264066016504126,0.6348462115528882,0.6245311327831958,441989.0
2020-04-16,0.6207801950487623,0.6264066016504126,0.6282820705176294,0.617966991747937,299246.0
2020-04-17,0.6292198049512379,0.622655663915979,0.6301575393848462,0.6207801950487623,413073.0
2020-04-20,0.6207801950487623,0.6235933983495874,0.6235933983495874,0.6160915228807202,272928.0
2020-04-21,0.6189047261815455,0.6114028507126782,0.6198424606151538,0.6067141785446362,390280.0
2020-04-22,0.6048387096774194,0.613278319579895,0.6142160540135034,0.6048387096774194,305752.72
2020-04-23,0.6151537884471118,0.6142160540135034,0.6189047261815455,0.6123405851462865,260374.0
2020-04-24,0.613278319579895,0.6123405851462865,0.6189047261815455,0.608589647411853,261006.0
2020-04-27,0.6076519129782446,0.6029632408102026,0.6095273818454614,0.6020255063765941,306517.0
2020-04-28,0.6001500375093773,0.5926481620405101,0.6020255063765941,0.5795198799699924,364221.0
2020-04-29,0.589834958739685,0.594523630907727,0.5992123030757689,0.589834958739685,439016.0
2020-04-30,0.5982745686421606,0.6104651162790697,0.6104651162790697,0.5963990997749438,400723.0
2020-05-06,0.6039009752438109,0.6264066016504126,0.6264066016504126,0.6029632408102026,761994.0
2020-05-07,0.6217179294823706,0.622655663915979,0.6264066016504126,0.6189047261815455,375626.0
2020-05-08,0.6273443360840211,0.6310952738184546,0.6339084771192799,0.6207801950487623,461695.0
2020-05-11,0.6320330082520631,0.6217179294823706,0.6320330082520631,0.6189047261815455,526230.0
2020-05-12,0.6198424606151538,0.6160915228807202,0.6207801950487623,0.6104651162790697,445505.0
2020-05-13,0.6123405851462865,0.6189047261815455,0.6217179294823706,0.6114028507126782,299057.0
2020-05-14,0.6170292573143286,0.6160915228807202,0.6217179294823706,0.6151537884471118,239346.0
2020-05-15,0.6189047261815455,0.6245311327831958,0.6264066016504126,0.6170292573143286,411938.0
2020-05-18,0.6292198049512379,0.6442235558889723,0.6517254313578394,0.6264066016504126,1332962.0
2020-05-19,0.6432858214553638,0.6385971492873219,0.6432858214553638,0.6348462115528882,839714.0
2020-05-20,0.6395348837209303,0.6357839459864967,0.6470367591897974,0.6339084771192799,616335.0
2020-05-21,0.6376594148537135,0.6264066016504126,0.6385971492873219,0.6235933983495874,495988.0
2020-05-22,0.622655663915979,0.6160915228807202,0.6235933983495874,0.6095273818454614,498288.0
2020-05-25,0.6142160540135034,0.6095273818454614,0.6151537884471118,0.6048387096774194,415890.84
2020-05-26,0.6123405851462865,0.6198424606151538,0.6207801950487623,0.6114028507126782,469648.0
2020-05-27,0.617966991747937,0.617966991747937,0.6198424606151538,0.6123405851462865,385708.0
2020-05-28,0.617966991747937,0.6282820705176294,0.6292198049512379,0.6142160540135034,532901.25
2020-05-29,0.622655663915979,0.6310952738184546,0.6320330082520631,0.622655663915979,342124.0
2020-06-01,0.6320330082520631,0.6432858214553638,0.6442235558889723,0.6292198049512379,798103.0
2020-06-02,0.6432858214553638,0.6423480870217555,0.6470367591897974,0.6395348837209303,455760.25
2020-06-03,0.6423480870217555,0.636721680420105,0.6423480870217555,0.6357839459864967,422215.0
2020-06-04,0.6348462115528882,0.6395348837209303,0.641410352588147,0.6348462115528882,292486.0
2020-06-05,0.6376594148537135,0.6385971492873219,0.6385971492873219,0.6320330082520631,237399.0
2020-06-08,0.6404726181545387,0.6442235558889723,0.6489122280570142,0.6385971492873219,483228.0
2020-06-09,0.646099024756189,0.6442235558889723,0.6498499624906225,0.641410352588147,490566.0
2020-06-10,0.6451612903225806,0.6395348837209303,0.6470367591897974,0.6376594148537135,343862.0
2020-06-11,0.6432858214553638,0.6451612903225806,0.6489122280570142,0.6404726181545387,638929.0
2020-06-12,0.6329707426856714,0.6385971492873219,0.6404726181545387,0.6292198049512379,375978.0
2020-06-15,0.6320330082520631,0.6301575393848462,0.6395348837209303,0.6282820705176294,360231.0
2020-06-16,0.6320330082520631,0.650787696924231,0.6517254313578394,0.6320330082520631,676009.0
2020-06-17,0.6498499624906225,0.6517254313578394,0.6536009002250562,0.6442235558889723,390548.0
2020-06-18,0.6517254313578394,0.655476369092273,0.6582895723930983,0.646099024756189,627727.0
2020-06-19,0.655476369092273,0.6582895723930983,0.660165041260315,0.6517254313578394,435873.0
2020-06-22,0.6639159789947486,0.6629782445611403,0.6714178544636159,0.6611027756939234,597693.02
2020-06-23,0.6657914478619654,0.6648537134283571,0.6676669167291822,0.660165041260315,381532.0
2020-06-24,0.6667291822955739,0.6648537134283571,0.6695423855963991,0.6620405101275318,423367.0
2020-06-29,0.6620405101275318,0.6582895723930983,0.6657914478619654,0.6545386346586646,428623.0
2020-06-30,0.6582895723930983,0.6639159789947486,0.6657914478619654,0.6573518379594898,413973.16
2020-07-01,0.6676669167291822,0.6770442610652663,0.6789197299324831,0.6676669167291822,596578.0
2020-07-02,0.6789197299324831,0.6845461365341335,0.6854838709677419,0.6695423855963991,1874826.0
2020-07-03,0.6939234808702175,0.7033008252063015,0.7033008252063015,0.6882970742685671,3573573.0
2020-07-06,0.7267441860465116,0.7670667666916728,0.7736309077269317,0.7033008252063015,9092002.0
2020-07-07,0.7980120030007501,0.7511252813203301,0.804576144036009,0.7417479369842461,9198899.0
2020-07-08,0.7520630157539385,0.7895723930982745,0.7905101275318829,0.7426856714178545,7067382.45
2020-07-09,0.8055138784696174,0.813953488372093,0.8205176294073518,0.7830082520630157,8543946.45
2020-07-10,0.7989497374343586,0.7876969242310577,0.804576144036009,0.7839459864966241,4910395.07
2020-07-13,0.7923855963990998,0.8420855213803451,0.8439609902475619,0.7923855963990998,6786901.44
2020-07-14,0.8270817704426107,0.809264816204051,0.8270817704426107,0.7933233308327081,9054484.85
2020-07-15,0.8167666916729183,0.7801950487621905,0.8233308327081771,0.7736309077269317,5315106.96
2020-07-16,0.7830082520630157,0.7511252813203301,0.7961365341335334,0.7454988747186797,4861856.61
2020-07-17,0.7501875468867217,0.748312078019505,0.7605026256564141,0.7361215303825956,3391592.61
2020-07-20,0.7558139534883721,0.7923855963990998,0.7933233308327081,0.7520630157539385,5839003.34
2020-07-21,0.7989497374343586,0.7876969242310577,0.8036384096024006,0.7792573143285821,3831204.42
2020-07-22,0.8158289572393098,0.7989497374343586,0.8242685671417854,0.7942610652663166,5983083.55
2020-07-23,0.7980120030007501,0.8036384096024006,0.8111402850712678,0.7839459864966241,4715116.26
2020-07-24,0.7998874718679669,0.7708177044261064,0.8073893473368342,0.765191297824456,5284052.56
2020-07-27,0.7792573143285821,0.804576144036009,0.8064516129032258,0.7745686421605401,6770157.12
2020-07-28,0.8270817704426107,0.7980120030007501,0.8355213803450863,0.7933233308327081,7419791.11
2020-07-29,0.7970742685671418,0.809264816204051,0.8102025506376594,0.7848837209302325,4088183.78
2020-07-30,0.8102025506376594,0.7980120030007501,0.813953488372093,0.7951987996999249,3370861.78
2020-07-31,0.7961365341335334,0.8055138784696174,0.8083270817704425,0.7876969242310577,4160773.11
2020-08-03,0.8064516129032258,0.8205176294073518,0.8223930982745686,0.7970742685671418,5116874.45
2020-08-04,0.8270817704426107,0.818642160540135,0.832708177044261,0.8158289572393098,4888051.18
2020-08-05,0.8270817704426107,0.8430232558139535,0.8486496624156039,0.8148912228057014,6500846.4
2020-08-06,0.8486496624156039,0.8664666166541636,0.8739684921230307,0.8439609902475619,8296619.83
2020-08-07,0.8730307576894224,0.8552138034508627,0.8805326331582896,0.8392723180795199,8783706.84
2020-08-10,0.8373968492123031,0.8345836459114778,0.8392723180795199,0.8177044261065266,5182845.95
2020-08-11,0.8298949737434359,0.8064516129032258,0.8336459114778695,0.7989497374343586,6225526.49
2020-08-12,0.7783195798949737,0.7848837209302325,0.7876969242310577,0.7605026256564141,5992359.46
2020-08-13,0.7867591897974493,0.7811327831957989,0.7886346586646661,0.7783195798949737,2248654.71
2020-08-14,0.7839459864966241,0.7848837209302325,0.7923855963990998,0.7755063765941484,2225861.93
2020-08-17,0.7848837209302325,0.8120780195048762,0.813953488372093,0.7792573143285821,4104939.93
2020-08-18,0.8205176294073518,0.8233308327081771,0.8298949737434359,0.8167666916729183,3566035.0
2020-08-19,0.8270817704426107,0.818642160540135,0.8298949737434359,0.813953488372093,3443415.95
2020-08-20,0.8017629407351837,0.7989497374343586,0.8083270817704425,0.7980120030007501,1903176.5
2020-08-21,0.8017629407351837,0.7970742685671418,0.8073893473368342,0.7923855963990998,1207287.55
2020-08-24,0.7970742685671418,0.8055138784696174,0.8102025506376594,0.7905101275318829,1441881.4
2020-08-25,0.8064516129032258,0.7923855963990998,0.809264816204051,0.7876969242310577,1943208.37
2020-08-26,0.7886346586646661,0.7726931732933233,0.7923855963990998,0.7689422355588896,1655435.49
2020-08-27,0.7783195798949737,0.7811327831957989,0.7820705176294073,0.7717554388597149,831975.0
2020-08-28,0.7755063765941484,0.7923855963990998,0.7923855963990998,0.7708177044261064,1736870.55
2020-08-31,0.7970742685671418,0.8036384096024006,0.8177044261065266,0.7970742685671418,2887343.68
2020-09-01,0.8017629407351837,0.8167666916729183,0.818642160540135,0.7998874718679669,2070580.0
2020-09-02,0.8148912228057014,0.7989497374343586,0.8148912228057014,0.7942610652663166,2133623.0
2020-09-03,0.7933233308327081,0.7876969242310577,0.7989497374343586,0.7848837209302325,1355412.0
2020-09-04,0.7773818454613652,0.7848837209302325,0.7848837209302325,0.7745686421605401,1004358.0
2020-09-07,0.7867591897974493,0.7783195798949737,0.7989497374343586,0.7726931732933233,1770689.52
2020-09-08,0.7783195798949737,0.7820705176294073,0.7839459864966241,0.7633158289572393,1425350.0
2020-09-09,0.7689422355588896,0.7586271567891973,0.7708177044261064,0.7548762190547638,1906843.21
2020-09-10,0.7689422355588896,0.7558139534883721,0.7736309077269317,0.753000750187547,1395790.21
2020-09-11,0.7511252813203301,0.7576894223555889,0.7586271567891973,0.7464366091522882,876993.76
2020-09-14,0.7595648912228058,0.7717554388597149,0.7773818454613652,0.7595648912228058,1553894.68
2020-09-15,0.7745686421605401,0.7801950487621905,0.7811327831957989,0.7717554388597149,1037216.89
2020-09-16,0.7755063765941484,0.7726931732933233,0.7783195798949737,0.7689422355588896,740324.0
2020-09-17,0.7698799699924981,0.7642535633908476,0.7717554388597149,0.7595648912228058,749344.32
2020-09-18,0.7642535633908476,0.785821455363841,0.7876969242310577,0.7633158289572393,1562918.0
2020-09-21,0.7886346586646661,0.7811327831957989,0.7933233308327081,0.7773818454613652,1451944.0
2020-09-22,0.7661290322580645,0.7595648912228058,0.7726931732933233,0.7567516879219806,1899486.87
2020-09-23,0.7614403600900226,0.7567516879219806,0.7642535633908476,0.7520630157539385,1005500.87
2020-09-24,0.748312078019505,0.7267441860465116,0.7492498124531133,0.7239309827456865,2675894.0
2020-09-25,0.7314328582145536,0.72768192048012,0.7333083270817704,0.7220555138784697,975283.72
2020-09-28,0.72768192048012,0.7258064516129032,0.7295573893473368,0.7220555138784697,843411.0
2020-09-29,0.7295573893473368,0.7286196549137285,0.7370592648162041,0.7286196549137285,875917.51
2020-09-30,0.7304951237809453,0.722993248312078,0.7314328582145536,0.7173668417104276,874527.0
2020-10-09,0.7333083270817704,0.7445611402850713,0.7492498124531133,0.7323705926481621,1455608.16
2020-10-12,0.7539384846211553,0.765191297824456,0.7661290322580645,0.7464366091522882,2073598.3
2020-10-13,0.7605026256564141,0.7623780945236308,0.7642535633908476,0.7539384846211553,1481366.37
2020-10-14,0.7558139534883721,0.7548762190547638,0.7576894223555889,0.7511252813203301,912124.26
2020-10-15,0.7520630157539385,0.7548762190547638,0.7614403600900226,0.7520630157539385,1030113.06
2020-10-16,0.7576894223555889,0.7520630157539385,0.7605026256564141,0.7473743435858965,772040.0
2020-10-19,0.7539384846211553,0.7567516879219806,0.7595648912228058,0.7492498124531133,853865.99
2020-10-20,0.7511252813203301,0.7576894223555889,0.7576894223555889,0.7445611402850713,1004030.99
2020-10-21,0.7595648912228058,0.7586271567891973,0.7642535633908476,0.7539384846211553,1179139.73
2020-10-22,0.7567516879219806,0.7558139534883721,0.7576894223555889,0.7464366091522882,613192.0
2020-10-23,0.753000750187547,0.7464366091522882,0.7595648912228058,0.7454988747186797,904692.96
2020-10-26,0.7436234058514629,0.7445611402850713,0.748312078019505,0.7361215303825956,799423.85
2020-10-27,0.7436234058514629,0.753000750187547,0.753000750187547,0.7417479369842461,681375.0
2020-10-28,0.7520630157539385,0.7623780945236308,0.7642535633908476,0.748312078019505,1179104.68
2020-10-29,0.7492498124531133,0.7576894223555889,0.7605026256564141,0.7454988747186797,1051820.68
2020-10-30,0.7548762190547638,0.7379969992498124,0.7586271567891973,0.7370592648162041,1227091.16
2020-11-02,0.7370592648162041,0.7492498124531133,0.7511252813203301,0.7370592648162041,1125119.27
2020-11-03,0.7539384846211553,0.7867591897974493,0.7895723930982745,0.7539384846211553,3210925.71
2020-11-04,0.7867591897974493,0.7848837209302325,0.7895723930982745,0.7783195798949737,1612902.35
2020-11-05,0.7914478619654913,0.7980120030007501,0.7989497374343586,0.7839459864966241,1977779.03
2020-11-06,0.8130157539384846,0.8102025506376594,0.8214553638409602,0.8036384096024006,3004168.17
2020-11-09,0.8167666916729183,0.8411477869467366,0.8467741935483871,0.8167666916729183,3094019.56
2020-11-10,0.8345836459114778,0.8205176294073518,0.8345836459114778,0.8158289572393098,2568947.0
2020-11-11,0.8167666916729183,0.8120780195048762,0.8261440360090022,0.8102025506376594,1769576.0
2020-11-12,0.8083270817704425,0.8148912228057014,0.8205176294073518,0.8027006751687922,1371695.22
2020-11-13,0.8177044261065266,0.8261440360090022,0.832708177044261,0.8158289572393098,1994692.31
2020-11-16,0.8308327081770442,0.8655288822205551,0.8730307576894224,0.8252063015753939,5390645.84
2020-11-17,0.8608402100525131,0.8514628657164292,0.8692798199549888,0.8420855213803451,3879195.34
2020-11-18,0.8495873968492124,0.8561515378844712,0.8711552888222056,0.8439609902475619,4038730.94
2020-11-19,0.8533383345836459,0.8439609902475619,0.8533383345836459,0.832708177044261,3031380.62
2020-11-20,0.8392723180795199,0.8758439609902476,0.8795948987246811,0.8392723180795199,4688173.6
2020-11-23,0.8842835708927231,0.9039759939984996,0.9199174793698425,0.8805326331582896,5633533.01
2020-11-24,0.8974118529632408,0.9152288072018004,0.9180420105026256,0.8842835708927231,5311072.99
2020-11-25,0.914291072768192,0.8899099774943735,0.9217929482370593,0.8852213053263315,6076604.5
2020-11-26,0.8870967741935484,0.8899099774943735,0.8936609152288072,0.8758439609902476,4643002.82
2020-11-27,0.8917854463615903,0.8861590397599399,0.8936609152288072,0.8655288822205551,5126647.13
2020-11-30,0.8852213053263315,0.8983495873968491,0.9180420105026256,0.8805326331582896,6863713.06
2020-12-01,0.8889722430607652,0.9058514628657164,0.9067891972993248,0.8814703675918979,3498106.53
2020-12-02,0.9124156039009752,0.900225056264066,0.9199174793698425,0.8927231807951987,4027407.67
2020-12-03,0.8899099774943735,0.872093023255814,0.8974118529632408,0.8711552888222056,5110478.34
2020-12-04,0.8711552888222056,0.8936609152288072,0.8945986496624155,0.8683420855213804,3861742.94
2020-12-07,0.8889722430607652,0.8852213053263315,0.900225056264066,0.8814703675918979,2494600.62
2020-12-08,0.8889722430607652,0.8880345086271567,0.8964741185296323,0.8786571642910728,2153225.04
2020-12-09,0.8889722430607652,0.876781695423856,0.9021005251312828,0.8749062265566392,2096739.39
2020-12-10,0.8683420855213804,0.8645911477869468,0.8702175543885972,0.8533383345836459,2675190.0
2020-12-11,0.8786571642910728,0.8552138034508627,0.8842835708927231,0.8420855213803451,3441921.0
2020-12-14,0.8439609902475619,0.8617779444861215,0.8636534133533383,0.8355213803450863,2128990.0
2020-12-15,0.8552138034508627,0.8599024756189048,0.86271567891973,0.8467741935483871,2014778.0
2020-12-16,0.8617779444861215,0.858027006751688,0.8702175543885972,0.8524006001500375,1716971.75
2020-12-17,0.858027006751688,0.8983495873968491,0.8983495873968491,0.8552138034508627,4622648.15
2020-12-18,0.8983495873968491,0.9152288072018004,0.9208552138034508,0.8936609152288072,4821718.78
2020-12-21,0.918979744936234,0.9414853713428357,0.942423105776444,0.9124156039009752,3389623.79
2020-12-22,0.9274193548387096,0.8936609152288072,0.9292948237059264,0.890847711927982,4020576.97
2020-12-23,0.8880345086271567,0.90960240060015,0.9227306826706676,0.8880345086271567,2600925.06
2020-12-24,0.9133533383345837,0.9152288072018004,0.9302325581395349,0.9077269317329332,2290583.22
2020-12-25,0.9077269317329332,0.9630532633158289,0.9639909977494374,0.9049137284321079,4500105.51
2020-12-28,0.9658664666166542,0.967741935483871,0.9771192798199551,0.9508627156789198,4303946.62
2020-12-29,0.9602400600150037,0.9152288072018004,0.9630532633158289,0.914291072768192,5261260.88
2020-12-30,0.9171042760690172,0.9433608402100525,0.9527381845461366,0.9171042760690172,3622438.78
2020-12-31,0.9396099024756189,0.9555513878469616,0.9658664666166542,0.9377344336084021,2731499.69
2021-01-04,0.9686796699174792,1.0155663915978994,1.0221305326331585,0.9686796699174792,3834517.98
2021-01-05,1.0127531882970744,1.0230682670667666,1.0324456114028506,0.9958739684921231,3662809.33
2021-01-06,1.0315078769692423,1.025881470367592,1.04463615903976,1.0080645161290323,3809992.16
2021-01-07,1.02119279819955,1.0662040510127533,1.0737059264816204,1.0174418604651163,5596501.7
2021-01-08,1.0765191297824455,1.0633908477119278,1.0858964741185295,1.0230682670667666,6525105.72
2021-01-11,1.0502625656414104,1.0221305326331585,1.0671417854463614,1.0127531882970744,6199648.01
2021-01-12,1.0015003750937734,1.04463615903976,1.0455738934733683,0.9939984996249063,5370764.76
2021-01-13,1.0436984246061516,1.0136909227306827,1.0727681920480119,1.0043135783945987,5315014.23
2021-01-14,0.9977494373593399,0.9893098274568641,1.009939984996249,0.9799324831207801,3840748.9
2021-01-15,0.9939984996249063,0.9986871717929482,1.007126781695424,0.9686796699174792,4047977.18
2021-01-18,0.9911852963240809,1.0155663915978994,1.0202550637659416,0.9780570142535633,3886040.75
2021-01-19,1.0108777194298575,0.9799324831207801,1.0174418604651163,0.9724306076519129,4480316.74
2021-01-20,0.9799324831207801,1.0080645161290323,1.0118154538634658,0.9799324831207801,4296597.43
2021-01-21,1.0090022505626408,1.0465116279069768,1.0558889722430607,1.0043135783945987,4834531.18
2021-01-22,1.04463615903976,1.0558889722430607,1.0662040510127533,1.0277569392348087,5033777.23
2021-01-25,1.0530757689422356,1.0690172543135783,1.0999624906226557,1.0502625656414104,4662216.83
2021-01-26,1.0596399099774942,1.0493248312078018,1.0718304576144035,1.0268192048012004,4063405.56
2021-01-27,1.0455738934733683,1.0408852213053263,1.0521380345086273,1.0090022505626408,3937096.74
2021-01-28,1.014628657164291,1.0043135783945987,1.038072018004501,1.0005626406601649,3487223.33
2021-01-29,1.0202550637659416,0.9930607651912977,1.0268192048012004,0.9705551387846961,3047630.28
2021-02-01,0.9996249062265566,1.0043135783945987,1.0108777194298575,0.9855588897224306,2396286.43
2021-02-02,1.0108777194298575,1.0333833458364592,1.0371342835708928,0.9977494373593399,2919822.89
2021-02-03,1.0221305326331585,1.039947486871718,1.0633908477119278,1.0183795948987246,3148437.32
2021-02-04,1.0315078769692423,0.9968117029257314,1.0343210802700675,0.9808702175543886,3610932.5
2021-02-05,0.9911852963240809,0.9489872468117029,1.0024381095273818,0.9452363090772693,4484657.09
2021-02-08,0.9555513878469616,0.9883720930232558,0.9911852963240809,0.9433608402100525,3709889.0
2021-02-09,0.9949362340585146,1.0408852213053263,1.0408852213053263,0.9949362340585146,3902267.41
2021-02-10,1.039947486871718,1.0633908477119278,1.06807951987997,1.0230682670667666,3224379.07
2021-02-18,1.1693548387096775,1.1487246811702927,1.1693548387096775,1.1121530382595648,8092451.53
2021-02-19,1.1299699924981246,1.1468492123030758,1.1552888222055513,1.0999624906226557,7476572.83
2021-02-22,1.1852963240810201,1.2096774193548387,1.2612528132033007,1.1852963240810201,9726702.9
2021-02-23,1.1956114028507125,1.1843585896474118,1.2143660915228807,1.1693548387096775,9788304.73
2021-02-24,1.1759189797449363,1.1318454613653415,1.2003000750187547,1.119654913728432,9640926.81
2021-02-25,1.1665416354088523,1.119654913728432,1.1712303075768944,1.1140285071267817,9192927.1
2021-02-26,1.0690172543135783,1.0737059264816204,1.0990247561890472,1.0615153788447111,7612760.01
2021-03-01,1.0746436609152288,1.1112153038259565,1.1121530382595648,1.06807951987997,7355585.74
2021-03-02,1.1018379594898724,1.0737059264816204,1.1055888972243062,1.0643285821455364,6572589.0
2021-03-03,1.079332333083271,1.1140285071267817,1.11496624156039,1.0737059264816204,6758168.85
2021-03-04,1.0840210052513128,1.0690172543135783,1.089647411852963,1.0596399099774942,6181306.9
2021-03-05,1.0315078769692423,1.0324456114028506,1.04463615903976,1.009939984996249,6160023.08
2021-03-08,1.0502625656414104,1.0015003750937734,1.0605776444111028,1.0005626406601649,4580397.67
2021-03-09,0.9939984996249063,0.9836834208552138,1.019317329332333,0.9527381845461366,6081313.57
2021-03-10,0.9977494373593399,0.9893098274568641,1.0033758439609903,0.9780570142535633,3539024.33
2021-03-11,0.9939984996249063,1.0512003000750187,1.0521380345086273,0.9855588897224306,7370496.42
2021-03-12,1.0549512378094523,1.035258814703676,1.0549512378094523,1.0230682670667666,5745933.88
2021-03-15,1.028694673668417,1.039947486871718,1.058702175543886,1.0202550637659416,5154585.0
2021-03-16,1.039947486871718,1.014628657164291,1.039947486871718,0.9977494373593399,3777730.77
2021-03-17,0.9986871717929482,1.02119279819955,1.0249437359339835,0.9855588897224306,3304789.0
2021-03-18,1.0324456114028506,1.0221305326331585,1.0371342835708928,1.019317329332333,2785267.0
2021-03-19,0.9939984996249063,0.9986871717929482,1.009939984996249,0.9846211552888222,2754127.15
2021-03-22,0.9958739684921231,1.0005626406601649,1.0127531882970744,0.9846211552888222,2328084.0
2021-03-23,1.0043135783945987,0.9611777944486121,1.005251312828207,0.9546136534133534,3424780.0
2021-03-24,0.9499249812453112,0.9208552138034508,0.9583645911477869,0.9199174793698425,3899369.89
2021-03-25,0.918979744936234,0.9292948237059264,0.9386721680420104,0.918979744936234,3516511.84
2021-03-26,0.9283570892723181,0.9602400600150037,0.9649287321830456,0.9283570892723181,3098830.67
2021-03-29,0.9649287321830456,0.9574268567141785,0.9686796699174792,0.9471117779444861,2268503.6
2021-03-30,0.9508627156789198,0.9733683420855214,0.9771192798199551,0.9405476369092272,3224487.09
2021-03-31,0.9639909977494374,0.9471117779444861,0.9639909977494374,0.9396099024756189,2074097.67
2021-04-01,0.9499249812453112,0.9564891222805701,0.9593023255813953,0.9442985746436608,1772969.95
2021-04-02,0.9593023255813953,0.9658664666166542,0.9686796699174792,0.9489872468117029,2589372.61
2021-04-06,0.9752438109527382,0.9686796699174792,0.9827456864216054,0.9686796699174792,2432814.0
2021-04-07,0.9686796699174792,0.981807951987997,0.9827456864216054,0.9574268567141785,2912683.27
2021-04-08,0.9752438109527382,0.9949362340585146,1.005251312828207,0.9714928732183046,3555043.27
2021-04-09,0.9958739684921231,0.9911852963240809,1.005251312828207,0.9846211552888222,2807251.44
2021-04-12,0.9846211552888222,0.9499249812453112,0.9883720930232558,0.9452363090772693,2736082.83
2021-04-13,0.9433608402100525,0.9442985746436608,0.9508627156789198,0.9339834958739685,2038643.45
2021-04-14,0.9452363090772693,0.9658664666166542,0.9668042010502624,0.9442985746436608,2476704.58
2021-04-15,0.9696174043510878,0.9799324831207801,0.9827456864216054,0.9574268567141785,3333065.0
2021-04-16,0.9921230307576895,0.9761815453863465,0.9930607651912977,0.9705551387846961,2896289.0
2021-04-19,0.9705551387846961,1.0108777194298575,1.0127531882970744,0.9621155288822205,3892233.72
2021-04-20,1.0015003750937734,1.0015003750937734,1.0174418604651163,0.9949362340585146,2832897.34
2021-04-21,0.9893098274568641,0.9968117029257314,1.0005626406601649,0.981807951987997,1978654.48
2021-04-22,1.0043135783945987,1.0005626406601649,1.0108777194298575,0.9958739684921231,2240148.46
2021-04-23,0.9921230307576895,1.0090022505626408,1.0127531882970744,0.9902475618904727,2420568.46
2021-04-26,1.02119279819955,1.019317329332333,1.0408852213053263,1.014628657164291,3954643.36
2021-04-27,1.0240060015003751,1.0202550637659416,1.0333833458364592,1.0024381095273818,2870900.99
2021-04-28,1.0118154538634658,1.0221305326331585,1.0268192048012004,0.9977494373593399,2253899.99
2021-04-29,1.0277569392348087,1.0333833458364592,1.0390097524381097,1.0108777194298575,3192068.61
2021-04-30,1.025881470367592,1.0277569392348087,1.039947486871718,1.016504126031508,2966342.33
2021-05-06,1.0465116279069768,1.0558889722430607,1.0624531132783195,1.0315078769692423,3671966.76
2021-05-07,1.0662040510127533,1.0840210052513128,1.1065266316579143,1.0662040510127533,4906133.79
2021-05-10,1.1065266316579143,1.1412228057014253,1.1421605401350337,1.0980870217554388,5244790.38
2021-05-11,1.1065266316579143,1.0877719429857464,1.1074643660915229,1.0624531132783195,6005635.88
2021-05-12,1.0783945986496624,1.0933983495873967,1.0999624906226557,1.0727681920480119,4030077.78
2021-05-13,1.0643285821455364,1.038072018004501,1.0652663165791447,1.035258814703676,4576503.16
2021-05-14,1.038072018004501,1.0455738934733683,1.0465116279069768,1.02119279819955,4353216.66
2021-05-17,1.0408852213053263,1.0755813953488371,1.082145536384096,1.0408852213053263,4493474.99
2021-05-18,1.0877719429857464,1.086834208552138,1.1027756939234807,1.080270067516879,3393898.0
2021-05-19,1.0708927231807952,1.0933983495873967,1.0971492873218305,1.06807951987997,3322696.64
2021-05-20,1.0624531132783195,1.0605776444111028,1.0727681920480119,1.0493248312078018,3225968.1
2021-05-21,1.0577644411102773,1.0652663165791447,1.080270067516879,1.0530757689422356,2977129.21
2021-05-24,1.0596399099774942,1.0577644411102773,1.0708927231807952,1.0512003000750187,2330836.31
2021-05-25,1.0615153788447111,1.0699549887471869,1.0708927231807952,1.0427606901725432,3728171.45
2021-05-26,1.0671417854463614,1.0812078019504876,1.0840210052513128,1.0624531132783195,4315578.0
2021-05-27,1.0783945986496624,1.079332333083271,1.080270067516879,1.0699549887471869,2631139.06
2021-05-28,1.0980870217554388,1.0952738184546136,1.1084021005251312,1.089647411852963,4364027.95
2021-05-31,1.1065266316579143,1.1234058514628658,1.1280945236309077,1.1037134283570893,3194815.54
2021-06-01,1.116841710427607,1.124343585896474,1.1271567891972993,1.0999624906226557,2908767.51
2021-06-02,1.1177794448612153,1.1084021005251312,1.1346586646661665,1.1037134283570893,3280584.15
2021-06-03,1.1065266316579143,1.1102775693923481,1.129032258064516,1.0999624906226557,2794964.15
2021-06-04,1.0840210052513128,1.1055888972243062,1.1187171792948238,1.0783945986496624,2367957.15
2021-06-07,1.1027756939234807,1.100900225056264,1.11496624156039,1.0933983495873967,1542387.55
2021-06-08,1.0980870217554388,1.0746436609152288,1.1112153038259565,1.0708927231807952,2353502.28
2021-06-09,1.080270067516879,1.0783945986496624,1.0877719429857464,1.0708927231807952,1856103.82
2021-06-10,1.0765191297824455,1.086834208552138,1.09152288072018,1.0755813953488371,1881922.98
2021-06-11,1.0840210052513128,1.0905851462865717,1.0962115528882221,1.0662040510127533,3366008.0
2021-06-15,1.0849587396849212,1.0502625656414104,1.0858964741185295,1.0455738934733683,2538045.0
2021-06-16,1.0408852213053263,1.0043135783945987,1.0427606901725432,1.0015003750937734,3284069.61
2021-06-17,0.9949362340585146,1.0090022505626408,1.0174418604651163,0.9949362340585146,1946254.66
2021-06-18,0.9949362340585146,1.0315078769692423,1.0315078769692423,0.9855588897224306,2522219.81
2021-06-21,1.02119279819955,1.0230682670667666,1.035258814703676,1.0155663915978994,1695107.52
2021-06-22,1.0277569392348087,1.028694673668417,1.0361965491372842,1.0155663915978994,1612987.0
2021-06-23,1.028694673668417,1.0474493623405852,1.0521380345086273,1.025881470367592,2065232.41
2021-06-24,1.0521380345086273,1.039947486871718,1.054013503375844,1.0333833458364592,1362183.0
2021-06-25,1.0418229557389347,1.06807951987997,1.0727681920480119,1.0390097524381097,2128683.1
2021-06-28,1.0662040510127533,1.058702175543886,1.0727681920480119,1.0530757689422356,1477199.39
2021-06-29,1.058702175543886,1.0418229557389347,1.0643285821455364,1.039947486871718,1338797.07
2021-06-30,1.0418229557389347,1.0596399099774942,1.0643285821455364,1.0408852213053263,1669123.0
2021-07-01,1.0605776444111028,1.0408852213053263,1.0633908477119278,1.039947486871718,1530605.75
2021-07-02,1.0371342835708928,1.054013503375844,1.06807951987997,1.0343210802700675,2480244.99
2021-07-05,1.0605776444111028,1.1093398349587398,1.1112153038259565,1.0605776444111028,3650881.52
2021-07-06,1.1159039759939984,1.1159039759939984,1.1280945236309077,1.0905851462865717,3048262.67
2021-07-07,1.0990247561890472,1.1515378844711177,1.1534133533383346,1.0858964741185295,3447303.8
2021-07-08,1.154351087771943,1.1534133533383346,1.1787321830457613,1.1524756189047263,3155496.97
2021-07-09,1.1534133533383346,1.2284321080270069,1.2303075768942235,1.1468492123030758,3342098.56
2021-07-12,1.2509377344336086,1.2631282820705176,1.2809452363090774,1.2340585146286571,3852517.32
2021-07-13,1.2650037509377343,1.2631282820705176,1.2668792198049512,1.235933983495874,2881027.01
2021-07-14,1.2471867966991748,1.2190547636909228,1.25,1.2124906226556638,2502971.45
2021-07-15,1.2153038259564892,1.2565641410352588,1.2631282820705176,1.196549137284321,2630927.04
2021-07-16,1.2471867966991748,1.259377344336084,1.2950112528132034,1.2415603900975245,3132349.2
2021-07-19,1.2528132033008252,1.248124531132783,1.292198049512378,1.2396849212303076,2791747.74
2021-07-20,1.2228057014253564,1.2509377344336086,1.259377344336084,1.2209302325581395,2256784.09
2021-07-21,1.2621905476369093,1.3137659414853713,1.3147036759189796,1.2556264066016503,2319241.69
2021-07-22,1.3222055513878468,1.340960240060015,1.348462115528882,1.3043885971492872,2236011.1
2021-07-23,1.340960240060015,1.340960240060015,1.387846961740435,1.3306451612903225,2727186.0
2021-07-26,1.3512753188297075,1.3578394598649661,1.369092273068267,1.303450862715679,3189171.44
2021-07-27,1.3672168042010502,1.2903225806451613,1.4009752438109526,1.2809452363090774,4721278.58
2021-07-28,1.2640660165041262,1.2575018754688672,1.2978244561140284,1.22655663915979,3129850.42
2021-07-29,1.2903225806451613,1.336271567891973,1.3390847711927982,1.278132033008252,2767005.14
2021-07-30,1.336271567891973,1.350337584396099,1.359714928732183,1.3090772693173292,2900381.53
2021-08-02,1.3662790697674418,1.3522130532633159,1.38503375843961,1.3090772693173292,2873158.78
2021-08-03,1.3297074268567142,1.2725056264066017,1.3400225056264066,1.2621905476369093,2740494.49
2021-08-04,1.27344336084021,1.336271567891973,1.3390847711927982,1.2678169542385598,2398478.51
2021-08-05,1.3147036759189796,1.3137659414853713,1.3353338334583644,1.292198049512378,1671459.55
2021-08-06,1.336271567891973,1.359714928732183,1.3672168042010502,1.3250187546886723,2237289.0
2021-08-09,1.3306451612903225,1.3325206301575394,1.33814703675919,1.2978244561140284,2278800.0
2021-08-10,1.3212678169542387,1.3222055513878468,1.347524381095274,1.2959489872468115,1965138.0
2021-08-11,1.3250187546886723,1.345648912228057,1.3587771942985747,1.3165791447861965,2647506.38
2021-08-12,1.345648912228057,1.375656414103526,1.383158289572393,1.3353338334583644,2357743.85
2021-08-13,1.3634658664666166,1.387846961740435,1.406601650412603,1.3493998499624906,2522061.67
2021-08-16,1.3803450862715678,1.3287696924231058,1.383158289572393,1.3231432858214554,2525292.23
2021-08-17,1.3259564891222806,1.3147036759189796,1.3559639909977494,1.303450862715679,1961610.0
2021-08-18,1.3137659414853713,1.326894223555889,1.350337584396099,1.29688672168042,1876577.43
2021-08-19,1.310952738184546,1.3353338334583644,1.348462115528882,1.2856339084771193,1610211.68
2021-08-20,1.3193923480870218,1.3306451612903225,1.3447111777944485,1.303450862715679,1707484.68
2021-08-23,1.340960240060015,1.369092273068267,1.3784696174043511,1.3287696924231058,1509788.0
2021-08-24,1.3719054763690923,1.406601650412603,1.4281695423855962,1.3709677419354838,1753256.17
2021-08-25,1.406601650412603,1.4281695423855962,1.4309827456864217,1.3747186796699173,1638177.0
2021-08-26,1.4281695423855962,1.445986496624156,1.4684921230307577,1.420667666916729,1906279.0
2021-08-27,1.4412978244561139,1.4919354838709677,1.499437359339835,1.4262940735183796,2228240.0
2021-08-30,1.499437359339835,1.5369467366841711,1.555701425356339,1.494748687171793,2822566.32
2021-08-31,1.5285071267816952,1.56695423855964,1.5707051762940736,1.5013128282070518,3278197.0
2021-09-01,1.571642910727682,1.4591147786946737,1.5941485371342836,1.4516129032258065,5201592.59
2021-09-02,1.436609152288072,1.4891222805701425,1.5050637659414854,1.436609152288072,2603625.11
2021-09-03,1.4741185296324082,1.4347336834208553,1.5031882970742685,1.4197299324831207,2655399.0
2021-09-06,1.4441110277569393,1.4516129032258065,1.4544261065266315,1.3962865716429107,2411752.0
2021-09-07,1.445986496624156,1.4825581395348837,1.494748687171793,1.4356714178544636,2043753.0
2021-09-08,1.4722430607651913,1.4825581395348837,1.5078769692423106,1.4675543885971492,2002952.0
2021-09-09,1.4797449362340584,1.5294448612153038,1.532258064516129,1.4797449362340584,2788467.0
2021-09-10,1.532258064516129,1.5660165041260314,1.5903975993998498,1.5210052513128283,2495740.0
2021-09-13,1.5866466616654162,1.6082145536384096,1.6100900225056265,1.5547636909227305,2474392.84
2021-09-14,1.5735183795948986,1.551012753188297,1.5941485371342836,1.5350712678169542,2502683.28
2021-09-15,1.5388222055513878,1.5641410352588145,1.571642910727682,1.5266316579144785,1859113.61
2021-09-16,1.571642910727682,1.4928732183045763,1.5828957239309827,1.4881845461365342,2495247.71
2021-09-17,1.4759939984996249,1.445986496624156,1.499437359339835,1.4028507126781695,2466406.57
2021-09-22,1.417854463615904,1.447861965491373,1.45536384096024,1.417854463615904,1687365.0
2021-09-23,1.4628657164291072,1.4497374343585896,1.4722430607651913,1.4375468867216803,2277830.0
2021-09-24,1.4525506376594148,1.4000375093773445,1.469429857464366,1.3962865716429107,1440751.0
2021-09-27,1.387846961740435,1.32033008252063,1.3915978994748688,1.303450862715679,2088986.0
2021-09-28,1.3128282070517627,1.3128282070517627,1.326894223555889,1.3006376594148537,2379897.0
2021-09-29,1.2959489872468115,1.2621905476369093,1.3072018004501125,1.2528132033008252,2152656.29
2021-09-30,1.2715678919729934,1.292198049512378,1.2959489872468115,1.2678169542385598,1865519.75
2021-10-08,1.3193923480870218,1.2818829707426858,1.326894223555889,1.2706301575393848,2303621.09
2021-10-11,1.287509377344336,1.301575393848462,1.3072018004501125,1.2668792198049512,1232344.6
2021-10-12,1.2959489872468115,1.2621905476369093,1.301575393848462,1.240622655663916,1330947.2
2021-10-13,1.2584396099024757,1.2800075018754689,1.284696174043511,1.2537509377344336,1321695.0
2021-10-14,1.2856339084771193,1.3137659414853713,1.3231432858214554,1.2837584396099024,1879316.46
2021-10-15,1.3137659414853713,1.3240810202550637,1.3306451612903225,1.299699924981245,1320027.44
2021-10-18,1.336271567891973,1.3615903975993997,1.3615903975993997,1.3175168792198049,1983152.81
2021-10-19,1.3531507876969242,1.3615903975993997,1.3634658664666166,1.336271567891973,1342480.0
2021-10-20,1.3306451612903225,1.3540885221305325,1.3719054763690923,1.3231432858214554,1600858.85
2021-10-21,1.3653413353338335,1.369092273068267,1.387846961740435,1.3569017254313578,1440114.62
2021-10-22,1.3559639909977494,1.3240810202550637,1.3662790697674418,1.3184546136534132,1445064.49
2021-10-25,1.3175168792198049,1.345648912228057,1.347524381095274,1.3053263315828956,1212749.0
2021-10-26,1.3512753188297075,1.3531507876969242,1.3719054763690923,1.348462115528882,1143823.0
2021-10-27,1.350337584396099,1.3372093023255813,1.359714928732183,1.326894223555889,845570.0
2021-10-28,1.3222055513878468,1.2837584396099024,1.3343960990247563,1.2800075018754689,1453146.39
2021-10-29,1.2884471117779446,1.2940735183795948,1.3006376594148537,1.278132033008252,1200049.0
2021-11-01,1.2903225806451613,1.2762565641410353,1.3006376594148537,1.2668792198049512,1170008.0
2021-11-02,1.2837584396099024,1.2612528132033007,1.2940735183795948,1.2443735933983495,1660439.0
2021-11-03,1.2584396099024757,1.2575018754688672,1.259377344336084,1.2303075768942235,1313927.0
2021-11-04,1.2556264066016503,1.2621905476369093,1.2640660165041262,1.2471867966991748,1139552.99
2021-11-05,1.2565641410352588,1.25,1.2800075018754689,1.2490622655663917,1431924.0
2021-11-08,1.2556264066016503,1.303450862715679,1.3053263315828956,1.2556264066016503,1858123.09
2021-11-09,1.3090772693173292,1.3072018004501125,1.310952738184546,1.2940735183795948,1144645.0
2021-11-10,1.303450862715679,1.2818829707426858,1.303450862715679,1.259377344336084,1388896.58
2021-11-11,1.278132033008252,1.2903225806451613,1.292198049512378,1.2715678919729934,1175733.0
2021-11-12,1.2931357839459865,1.2912603150787696,1.3072018004501125,1.287509377344336,1378898.0
2021-11-15,1.2903225806451613,1.2603150787696924,1.2903225806451613,1.2528132033008252,1073602.54
2021-11-16,1.2537509377344336,1.238747186796699,1.2631282820705176,1.235933983495874,1023030.0
2021-11-17,1.2340585146286571,1.2696924231057765,1.2706301575393848,1.2340585146286571,1321552.55
2021-11-18,1.2640660165041262,1.2856339084771193,1.3006376594148537,1.2546886721680421,1456417.24
2021-11-19,1.2800075018754689,1.2978244561140284,1.298762190547637,1.275318829707427,1293786.79
2021-11-22,1.301575393848462,1.3372093023255813,1.33814703675919,1.299699924981245,1778977.51
2021-11-23,1.3465866466616654,1.3343960990247563,1.3512753188297075,1.3334583645911477,1903382.07
2021-11-24,1.3343960990247563,1.3559639909977494,1.3615903975993997,1.3325206301575394,1690679.0
2021-11-25,1.359714928732183,1.3540885221305325,1.369092273068267,1.348462115528882,1148560.64
2021-11-26,1.348462115528882,1.3672168042010502,1.38503375843961,1.3418979744936235,1105528.07
2021-11-29,1.340960240060015,1.3747186796699173,1.3765941485371342,1.3372093023255813,1148020.07
2021-11-30,1.3887846961740435,1.3615903975993997,1.3934733683420855,1.355026256564141,920895.07
2021-12-01,1.3615903975993997,1.355026256564141,1.3672168042010502,1.33814703675919,957848.68
2021-12-02,1.3531507876969242,1.355026256564141,1.3653413353338335,1.3390847711927982,960035.0
2021-12-03,1.355026256564141,1.369092273068267,1.3719054763690923,1.3390847711927982,982328.64
2021-12-06,1.369092273068267,1.348462115528882,1.3747186796699173,1.3465866466616654,990626.67
2021-12-07,1.3587771942985747,1.3334583645911477,1.3625281320330083,1.3137659414853713,1266858.77
2021-12-08,1.3372093023255813,1.3559639909977494,1.3578394598649661,1.3353338334583644,980872.77
2021-12-09,1.3578394598649661,1.355026256564141,1.3625281320330083,1.3465866466616654,977735.0
2021-12-10,1.345648912228057,1.3681545386346587,1.369092273068267,1.3418979744936235,961777.83
2021-12-13,1.369092273068267,1.369092273068267,1.369092273068267,1.345648912228057,1083199.32
2021-12-14,1.3634658664666166,1.3287696924231058,1.3634658664666166,1.3259564891222806,1516154.0
2021-12-15,1.326894223555889,1.3043885971492872,1.3343960990247563,1.299699924981245,1307185.0
2021-12-16,1.3043885971492872,1.3156414103525882,1.3175168792198049,1.292198049512378,1050891.02
2021-12-17,1.3156414103525882,1.301575393848462,1.3297074268567142,1.299699924981245,1176583.77
2021-12-20,1.2940735183795948,1.2640660165041262,1.3100150037509377,1.2621905476369093,1248669.0
2021-12-21,1.2612528132033007,1.2678169542385598,1.2715678919729934,1.2528132033008252,780946.0
2021-12-22,1.2715678919729934,1.2659414853713429,1.2771942985746438,1.2612528132033007,861104.0
2021-12-23,1.2790697674418605,1.2696924231057765,1.2818829707426858,1.2650037509377343,1085077.99
2021-12-24,1.2715678919729934,1.2209302325581395,1.2762565641410353,1.2190547636909228,1794909.83
2021-12-27,1.2209302325581395,1.2181170292573142,1.2312453113278319,1.2087396849212302,2119934.0
2021-12-28,1.2190547636909228,1.2546886721680421,1.2556264066016503,1.2190547636909228,1475184.0
2021-12-29,1.2518754688672167,1.2462490622655664,1.268754688672168,1.245311327831958,1053026.3
2021-12-30,1.248124531132783,1.248124531132783,1.2584396099024757,1.2443735933983495,855538.0
2021-12-31,1.2509377344336086,1.2650037509377343,1.2696924231057765,1.2490622655663917,1141541.0
2022-01-04,1.2715678919729934,1.2368717179294824,1.2743810952738184,1.2274943735933983,1082069.0
2022-01-05,1.2274943735933983,1.2040510127531883,1.2349962490622655,1.2003000750187547,1136738.0
2022-01-06,1.1984246061515378,1.2199924981245311,1.224681170292573,1.1946736684171042,1061506.0
2022-01-07,1.2143660915228807,1.1909227306826706,1.2181170292573142,1.1834208552138035,1203155.0
2022-01-10,1.1909227306826706,1.2021755438859716,1.2096774193548387,1.1843585896474118,1001238.18
2022-01-11,1.2003000750187547,1.1984246061515378,1.2115528882220554,1.1937359339834959,871350.0
2022-01-12,1.2199924981245311,1.2462490622655664,1.2471867966991748,1.2181170292573142,2049724.0
2022-01-13,1.25,1.217179294823706,1.2518754688672167,1.217179294823706,1687772.0
2022-01-14,1.2143660915228807,1.2181170292573142,1.2218679669917478,1.2031132783195797,935415.0
2022-01-17,1.2124906226556638,1.2068642160540135,1.2124906226556638,1.1937359339834959,1075317.7
2022-01-18,1.2068642160540135,1.2162415603900973,1.2237434358589647,1.1984246061515378,929914.9
2022-01-19,1.2124906226556638,1.1862340585146285,1.2162415603900973,1.177794448612153,1183936.0
2022-01-20,1.189984996249062,1.1768567141785444,1.2031132783195797,1.1721680420105025,1027719.08
2022-01-21,1.1740435108777194,1.1862340585146285,1.1946736684171042,1.163728432108027,1444392.92
2022-01-24,1.1768567141785444,1.2040510127531883,1.2134283570892723,1.1693548387096775,1344789.0
2022-01-25,1.196549137284321,1.1749812453113277,1.2124906226556638,1.1740435108777194,1078373.0
2022-01-26,1.1834208552138035,1.182483120780195,1.1956114028507125,1.168417104276069,875079.0
2022-01-27,1.187171792948237,1.154351087771943,1.1937359339834959,1.1524756189047263,866472.0
2022-01-28,1.1552888222055513,1.1271567891972993,1.1627906976744187,1.1074643660915229,1162876.0
2022-02-07,1.1534133533383346,1.1665416354088523,1.1834208552138035,1.1515378844711177,1273947.0
2022-02-08,1.1693548387096775,1.1665416354088523,1.1693548387096775,1.1327831957989496,931668.9
2022-02-09,1.1721680420105025,1.2078019504876218,1.2078019504876218,1.1702925731432858,1524787.0
2022-02-10,1.2115528882220554,1.217179294823706,1.2256189047261814,1.2021755438859716,1561566.0
2022-02-11,1.2153038259564892,1.2143660915228807,1.2471867966991748,1.2031132783195797,1806239.21
2022-02-14,1.2078019504876218,1.2256189047261814,1.240622655663916,1.2078019504876218,1293284.0
2022-02-15,1.2284321080270069,1.235933983495874,1.237809452363091,1.2087396849212302,1253464.41
2022-02-16,1.2368717179294824,1.2424981245311326,1.2565641410352588,1.2303075768942235,1148481.8
2022-02-17,1.238747186796699,1.2865716429107277,1.289384846211553,1.235933983495874,1624285.0
2022-02-18,1.2790697674418605,1.2818829707426858,1.2865716429107277,1.2706301575393848,1163084.0
2022-02-21,1.2837584396099024,1.2762565641410353,1.2903225806451613,1.2631282820705176,1368795.0
2022-02-22,1.2912603150787696,1.3053263315828956,1.3062640660165041,1.2800075018754689,1388004.0
2022-02-23,1.298762190547637,1.3100150037509377,1.3118904726181546,1.2912603150787696,1304351.0
2022-02-24,1.3025131282820706,1.2950112528132034,1.3156414103525882,1.278132033008252,1060518.07
2022-02-25,1.303450862715679,1.3118904726181546,1.3297074268567142,1.2950112528132034,1190567.0
2022-02-28,1.3147036759189796,1.3418979744936235,1.3418979744936235,1.3128282070517627,1136902.36
2022-03-01,1.3418979744936235,1.3100150037509377,1.3418979744936235,1.2959489872468115,1632157.13
2022-03-02,1.3090772693173292,1.3278319579894973,1.3353338334583644,1.3043885971492872,1892568.97
2022-03-03,1.336271567891973,1.3240810202550637,1.345648912228057,1.3222055513878468,2244011.0
2022-03-04,1.3184546136534132,1.298762190547637,1.3306451612903225,1.2912603150787696,1396886.0
2022-03-07,1.308139534883721,1.2950112528132034,1.3193923480870218,1.284696174043511,1000367.69
2022-03-08,1.2950112528132034,1.2218679669917478,1.2950112528132034,1.2078019504876218,2001218.62
2022-03-09,1.2162415603900973,1.187171792948237,1.2162415603900973,1.1430982745686422,2130758.0
2022-03-10,1.1984246061515378,1.2078019504876218,1.224681170292573,1.187171792948237,1398464.64
2022-03-11,1.189047261815454,1.2031132783195797,1.2068642160540135,1.163728432108027,847474.0
2022-03-14,1.1815453863465866,1.1552888222055513,1.189047261815454,1.154351087771943,734712.61
2022-03-15,1.1412228057014253,1.0980870217554388,1.1524756189047263,1.0971492873218305,1300557.0
2022-03-16,1.1234058514628658,1.1430982745686422,1.149662415603901,1.0783945986496624,1519515.0
2022-03-17,1.1581020255063768,1.1609152288072018,1.1815453863465866,1.1562265566391599,1041367.0
2022-03-18,1.1515378844711177,1.1693548387096775,1.1731057764441108,1.1487246811702927,775591.0
2022-03-21,1.1834208552138035,1.1946736684171042,1.2040510127531883,1.1646661665416354,813013.0
2022-03-22,1.191860465116279,1.201237809452363,1.217179294823706,1.1815453863465866,902489.05
2022-03-23,1.201237809452363,1.1956114028507125,1.2059264816204052,1.1881095273818454,744519.0
2022-03-24,1.1974868717179294,1.2115528882220554,1.2190547636909228,1.1881095273818454,1249334.0
2022-03-25,1.2087396849212302,1.1937359339834959,1.2228057014253564,1.1909227306826706,980340.0
2022-03-28,1.1806076519129782,1.177794448612153,1.1946736684171042,1.1571642910727682,940684.0
2022-03-29,1.1768567141785444,1.177794448612153,1.189047261815454,1.168417104276069,824521.0
2022-03-30,1.182483120780195,1.1956114028507125,1.196549137284321,1.1712303075768944,833516.0
2022-03-31,1.1946736684171042,1.168417104276069,1.1946736684171042,1.1581020255063768,798124.0
2022-04-01,1.1609152288072018,1.1759189797449363,1.1862340585146285,1.154351087771943,874583.95
2022-04-06,1.1702925731432858,1.1693548387096775,1.1740435108777194,1.149662415603901,781630.0
2022-04-07,1.1599774943735934,1.1571642910727682,1.1759189797449363,1.154351087771943,772277.0
2022-04-08,1.1534133533383346,1.1618529632408103,1.1712303075768944,1.140285071267817,827394.0
2022-04-11,1.154351087771943,1.1018379594898724,1.154351087771943,1.0962115528882221,908268.0
2022-04-12,1.0962115528882221,1.119654913728432,1.1205926481620405,1.09152288072018,1451116.0
2022-04-13,1.1177794448612153,1.1524756189047263,1.1618529632408103,1.1112153038259565,1589108.0
2022-04-14,1.1534133533383346,1.1581020255063768,1.163728432108027,1.1412228057014253,1003239.0
2022-04-15,1.140285071267817,1.129032258064516,1.149662415603901,1.1224681170292574,942234.0
2022-04-18,1.1187171792948238,1.1215303825956489,1.124343585896474,1.0952738184546136,988746.0
2022-04-19,1.1252813203300824,1.126219054763691,1.1384096024006,1.1215303825956489,951497.0
2022-04-20,1.1252813203300824,1.080270067516879,1.1252813203300824,1.079332333083271,1777764.0
2022-04-21,1.080270067516879,1.035258814703676,1.0858964741185295,1.030570142535634,1234649.31
2022-04-22,1.0240060015003751,1.0296324081020256,1.0390097524381097,1.0090022505626408,1225511.0
2022-04-25,1.0033758439609903,0.9442985746436608,1.005251312828207,0.9405476369092272,1816581.0
2022-04-26,0.9414853713428357,0.914291072768192,0.9489872468117029,0.9077269317329332,1451754.63
2022-04-27,0.900225056264066,0.9883720930232558,0.9939984996249063,0.8992873218304576,1679023.0
2022-04-28,0.9808702175543886,0.981807951987997,1.0033758439609903,0.9724306076519129,927821.0
2022-04-29,0.9883720930232558,1.0315078769692423,1.0333833458364592,0.9846211552888222,1055816.0
2022-05-05,1.0315078769692423,1.0296324081020256,1.0408852213053263,1.014628657164291,667649.0
2022-05-06,0.9977494373593399,0.9911852963240809,1.0043135783945987,0.9827456864216054,909724.72
2022-05-09,0.9808702175543886,0.9958739684921231,1.0024381095273818,0.9780570142535633,1354068.0
2022-05-10,0.9761815453863465,1.007126781695424,1.0080645161290323,0.9686796699174792,4127298.72
2022-05-11,1.0024381095273818,1.0296324081020256,1.0455738934733683,0.9977494373593399,5221639.16
2022-05-12,1.0155663915978994,1.0183795948987246,1.028694673668417,1.007126781695424,2049903.7
2022-05-13,1.0221305326331585,1.0230682670667666,1.0268192048012004,1.007126781695424,1401329.72
2022-05-16,1.030570142535634,1.025881470367592,1.0455738934733683,1.0221305326331585,923950.99
2022-05-17,1.025881470367592,1.058702175543886,1.0633908477119278,1.0249437359339835,1201917.6
2022-05-18,1.0615153788447111,1.054013503375844,1.0643285821455364,1.0493248312078018,937918.61
2022-05-19,1.038072018004501,1.0652663165791447,1.0652663165791447,1.0277569392348087,947872.0
2022-05-20,1.077456864216054,1.0971492873218305,1.0990247561890472,1.0652663165791447,1380740.0
2022-05-23,1.1018379594898724,1.124343585896474,1.1280945236309077,1.0933983495873967,1144488.18
2022-05-24,1.119654913728432,1.0849587396849212,1.129032258064516,1.082145536384096,1041568.18
2022-05-25,1.082145536384096,1.0952738184546136,1.0999624906226557,1.0737059264816204,939017.0
2022-05-26,1.0962115528882221,1.0971492873218305,1.1055888972243062,1.0690172543135783,859105.0
2022-05-27,1.1055888972243062,1.0924606151537886,1.1112153038259565,1.0812078019504876,1095972.0
2022-05-30,1.0924606151537886,1.0971492873218305,1.1046511627906976,1.0877719429857464,739298.0
2022-05-31,1.0971492873218305,1.1055888972243062,1.1065266316579143,1.077456864216054,985758.84
2022-06-01,1.0933983495873967,1.0905851462865717,1.0952738184546136,1.0783945986496624,1498227.0
2022-06-02,1.086834208552138,1.1065266316579143,1.1130907726931734,1.0812078019504876,1182714.98
2022-06-06,1.1065266316579143,1.1646661665416354,1.1674793698424606,1.1065266316579143,1226061.69
2022-06-07,1.1646661665416354,1.163728432108027,1.1740435108777194,1.1506001500375094,826903.57
2022-06-08,1.1665416354088523,1.189047261815454,1.196549137284321,1.1552888222055513,1458763.48
2022-06-09,1.1768567141785444,1.1749812453113277,1.189047261815454,1.1627906976744187,1018413.85
2022-06-10,1.1599774943735934,1.2040510127531883,1.2059264816204052,1.1581020255063768,833644.82
2022-06-13,1.191860465116279,1.2284321080270069,1.240622655663916,1.189984996249062,1511075.79
2022-06-14,1.2068642160540135,1.2199924981245311,1.2209302325581395,1.177794448612153,1053572.97
2022-06-15,1.2181170292573142,1.2124906226556638,1.235933983495874,1.2040510127531883,1084790.0
2022-06-16,1.2124906226556638,1.2115528882220554,1.2312453113278319,1.2049887471867966,950962.5
2022-06-17,1.2031132783195797,1.25,1.25,1.2003000750187547,1491493.82
2022-06-20,1.2518754688672167,1.2368717179294824,1.2528132033008252,1.2209302325581395,1232689.86
2022-06-21,1.2303075768942235,1.189984996249062,1.2303075768942235,1.1749812453113277,1615996.0
2022-06-22,1.1881095273818454,1.1834208552138035,1.2059264816204052,1.1834208552138035,1070994.51
2022-06-23,1.1843585896474118,1.2049887471867966,1.2059264816204052,1.1590397599399849,1061737.34
2022-06-24,1.196549137284321,1.1974868717179294,1.2021755438859716,1.1852963240810201,1350410.5
2022-06-27,1.1927981995498875,1.2396849212303076,1.2556264066016503,1.1909227306826706,1636390.09
2022-06-28,1.2396849212303076,1.2612528132033007,1.2621905476369093,1.2312453113278319,1067914.0
2022-06-29,1.2565641410352588,1.2078019504876218,1.2565641410352588,1.2068642160540135,1489284.21
2022-06-30,1.2115528882220554,1.2321830457614404,1.240622655663916,1.210615153788447,1146277.28
2022-07-01,1.2321830457614404,1.2584396099024757,1.2650037509377343,1.2190547636909228,1878670.89
2022-07-04,1.2415603900975245,1.2762565641410353,1.2809452363090774,1.2415603900975245,984894.63
2022-07-05,1.2762565641410353,1.2903225806451613,1.2950112528132034,1.2640660165041262,1269879.04
2022-07-06,1.268754688672168,1.2537509377344336,1.2762565641410353,1.238747186796699,1031995.4
2022-07-07,1.2518754688672167,1.2640660165041262,1.2715678919729934,1.238747186796699,761234.93
2022-07-08,1.268754688672168,1.2546886721680421,1.2809452363090774,1.2518754688672167,880005.48
2022-07-11,1.2462490622655664,1.2021755438859716,1.2490622655663917,1.189984996249062,960672.87
2022-07-12,1.1993623405851461,1.1862340585146285,1.217179294823706,1.17966991747937,810613.0
2022-07-13,1.1806076519129782,1.191860465116279,1.1946736684171042,1.1599774943735934,1094908.26
2022-07-14,1.1815453863465866,1.191860465116279,1.2031132783195797,1.1702925731432858,799007.73
2022-07-15,1.1834208552138035,1.1712303075768944,1.2068642160540135,1.168417104276069,859082.13
2022-07-18,1.1721680420105025,1.189984996249062,1.189984996249062,1.1627906976744187,769206.08
2022-07-19,1.1852963240810201,1.1852963240810201,1.2040510127531883,1.1759189797449363,987010.5
2022-07-20,1.1909227306826706,1.1984246061515378,1.2096774193548387,1.1909227306826706,716999.16
2022-07-21,1.1974868717179294,1.1768567141785444,1.1974868717179294,1.1731057764441108,1161678.51
2022-07-22,1.1768567141785444,1.1740435108777194,1.1843585896474118,1.1581020255063768,979171.56
2022-07-25,1.1740435108777194,1.163728432108027,1.1852963240810201,1.1627906976744187,764710.89
2022-07-26,1.1665416354088523,1.1881095273818454,1.1984246061515378,1.1665416354088523,867981.0
2022-07-27,1.1862340585146285,1.1881095273818454,1.191860465116279,1.1693548387096775,790612.5
2022-07-28,1.1946736684171042,1.1862340585146285,1.1974868717179294,1.1806076519129782,757545.0
2022-07-29,1.187171792948237,1.1768567141785444,1.1946736684171042,1.1759189797449363,742151.0
2022-08-01,1.1768567141785444,1.1974868717179294,1.1984246061515378,1.1646661665416354,738762.65
2022-08-02,1.182483120780195,1.154351087771943,1.182483120780195,1.1468492123030758,1038154.0
2022-08-03,1.1552888222055513,1.1468492123030758,1.1787321830457613,1.1393473368342086,873904.0
2022-08-04,1.1477869467366841,1.1562265566391599,1.1712303075768944,1.140285071267817,759980.0
2022-08-05,1.1609152288072018,1.189984996249062,1.1909227306826706,1.1515378844711177,1097384.0
2022-08-08,1.17966991747937,1.1937359339834959,1.201237809452363,1.1731057764441108,926787.0
2022-08-09,1.1974868717179294,1.2049887471867966,1.210615153788447,1.189047261815454,873761.66
2022-08-10,1.2087396849212302,1.2068642160540135,1.224681170292573,1.196549137284321,975599.0
2022-08-11,1.2124906226556638,1.2115528882220554,1.2143660915228807,1.189047261815454,804157.82
2022-08-12,1.2078019504876218,1.210615153788447,1.2256189047261814,1.2040510127531883,850104.0
2022-08-15,1.2096774193548387,1.2321830457614404,1.2368717179294824,1.2068642160540135,1125020.49
2022-08-16,1.2340585146286571,1.2143660915228807,1.2340585146286571,1.210615153788447,710748.01
2022-08-17,1.2162415603900973,1.2003000750187547,1.217179294823706,1.1862340585146285,1135081.99
2022-08-18,1.1937359339834959,1.191860465116279,1.2068642160540135,1.189984996249062,766900.0
2022-08-19,1.1862340585146285,1.1646661665416354,1.191860465116279,1.163728432108027,825757.0
2022-08-22,1.163728432108027,1.2124906226556638,1.2143660915228807,1.1515378844711177,1506926.0
2022-08-23,1.2087396849212302,1.2059264816204052,1.2134283570892723,1.1937359339834959,1231301.0
2022-08-24,1.2087396849212302,1.1721680420105025,1.217179294823706,1.168417104276069,1027676.0
2022-08-25,1.1702925731432858,1.1721680420105025,1.182483120780195,1.1524756189047263,1136543.0
2022-08-26,1.1721680420105025,1.1787321830457613,1.2003000750187547,1.1674793698424606,1036810.28
2022-08-29,1.1609152288072018,1.1702925731432858,1.1768567141785444,1.154351087771943,1069962.24
2022-08-30,1.1693548387096775,1.1599774943735934,1.1712303075768944,1.1534133533383346,971621.8
2022-08-31,1.154351087771943,1.119654913728432,1.1646661665416354,1.1140285071267817,1031090.0
2022-09-01,1.119654913728432,1.1074643660915229,1.126219054763691,1.1065266316579143,871683.2
2022-09-02,1.1112153038259565,1.0990247561890472,1.1187171792948238,1.0924606151537886,866577.08
2022-09-05,1.0943360840210052,1.1037134283570893,1.1074643660915229,1.0924606151537886,774315.0
2022-09-06,1.1065266316579143,1.1384096024006,1.1393473368342086,1.1055888972243062,1234024.0
2022-09-07,1.126219054763691,1.154351087771943,1.1599774943735934,1.1252813203300824,817827.58
2022-09-08,1.1524756189047263,1.1430982745686422,1.1581020255063768,1.1421605401350337,691318.0
2022-09-09,1.1477869467366841,1.1731057764441108,1.1731057764441108,1.1459114778694672,844577.0
2022-09-13,1.1768567141785444,1.177794448612153,1.1909227306826706,1.1731057764441108,1411266.0
2022-09-14,1.1581020255063768,1.1609152288072018,1.17966991747937,1.1552888222055513,823776.0
2022-09-15,1.1665416354088523,1.1234058514628658,1.1749812453113277,1.116841710427607,1050661.0
2022-09-16,1.119654913728432,1.086834208552138,1.1224681170292574,1.0858964741185295,1024828.0
2022-09-19,1.0849587396849212,1.0858964741185295,1.100900225056264,1.0690172543135783,825939.0
2022-09-20,1.0962115528882221,1.1205926481620405,1.1299699924981246,1.0952738184546136,896734.0
2022-09-21,1.1159039759939984,1.129032258064516,1.1327831957989496,1.1074643660915229,894299.0
2022-09-22,1.1205926481620405,1.1280945236309077,1.1374718679669917,1.116841710427607,891569.0
2022-09-23,1.1224681170292574,1.0999624906226557,1.124343585896474,1.0877719429857464,873126.0
2022-09-26,1.080270067516879,1.0737059264816204,1.0980870217554388,1.0690172543135783,828064.0
2022-09-27,1.0746436609152288,1.0746436609152288,1.077456864216054,1.0483870967741937,856495.66
2022-09-28,1.0662040510127533,1.016504126031508,1.0671417854463614,1.014628657164291,1129008.0
2022-09-29,1.0315078769692423,1.0296324081020256,1.0408852213053263,1.0230682670667666,1289624.0
2022-09-30,1.025881470367592,1.0202550637659416,1.0427606901725432,1.019317329332333,720185.0
2022-10-10,1.0202550637659416,1.0005626406601649,1.0296324081020256,0.9958739684921231,763942.07
2022-10-11,1.005251312828207,1.014628657164291,1.0202550637659416,1.0015003750937734,893479.65
2022-10-12,1.0118154538634658,1.0343210802700675,1.035258814703676,0.9855588897224306,820470.0
2022-10-13,1.02119279819955,1.02119279819955,1.0343210802700675,1.019317329332333,508956.0
2022-10-14,1.030570142535634,1.0512003000750187,1.0530757689422356,1.0240060015003751,692936.0
2022-10-17,1.038072018004501,1.04463615903976,1.0474493623405852,1.0277569392348087,819429.92
2022-10-18,1.0493248312078018,1.039947486871718,1.054013503375844,1.0371342835708928,450043.0
2022-10-19,1.0418229557389347,1.030570142535634,1.0530757689422356,1.0296324081020256,532035.0
2022-10-20,1.0221305326331585,1.019317329332333,1.030570142535634,1.0061890472618154,708265.0
2022-10-21,1.0221305326331585,1.0080645161290323,1.0249437359339835,1.0015003750937734,518436.0
2022-10-24,1.0155663915978994,1.0061890472618154,1.035258814703676,0.9996249062265566,619099.83
2022-10-25,1.0061890472618154,1.0043135783945987,1.0155663915978994,0.9771192798199551,681292.83
2022-10-26,1.0033758439609903,1.014628657164291,1.0249437359339835,1.0024381095273818,545481.93
2022-10-27,1.02119279819955,1.02119279819955,1.0390097524381097,1.019317329332333,596586.0
2022-10-28,1.0127531882970744,0.9846211552888222,1.0127531882970744,0.981807951987997,604671.0
2022-10-31,0.9733683420855214,0.9752438109527382,0.9902475618904727,0.9686796699174792,643833.0
2022-11-01,0.9799324831207801,1.0183795948987246,1.0183795948987246,0.9789947486871718,600866.99
2022-11-02,1.0136909227306827,1.0343210802700675,1.0408852213053263,1.0108777194298575,785887.0
2022-11-03,1.0202550637659416,1.025881470367592,1.0361965491372842,1.014628657164291,479209.0
2022-11-04,1.0277569392348087,1.0755813953488371,1.0765191297824455,1.025881470367592,796980.0
2022-11-07,1.100900225056264,1.100900225056264,1.1112153038259565,1.09152288072018,1561626.0
2022-11-08,1.0933983495873967,1.1037134283570893,1.1074643660915229,1.0877719429857464,1183078.0
2022-11-09,1.1234058514628658,1.0999624906226557,1.1299699924981246,1.0980870217554388,1179171.55
2022-11-10,1.0858964741185295,1.0765191297824455,1.0877719429857464,1.0718304576144035,850451.41
2022-11-11,1.1215303825956489,1.1065266316579143,1.1299699924981246,1.0999624906226557,1404560.0
2022-11-14,1.1159039759939984,1.086834208552138,1.1177794448612153,1.0783945986496624,1083771.0
2022-11-15,1.0755813953488371,1.100900225056264,1.100900225056264,1.0708927231807952,939747.0
2022-11-16,1.100900225056264,1.0858964741185295,1.1018379594898724,1.0840210052513128,810659.0
2022-11-17,1.0812078019504876,1.0699549887471869,1.082145536384096,1.0568267066766692,724773.0
2022-11-18,1.0662040510127533,1.054013503375844,1.06807951987997,1.0512003000750187,854055.0
2022-11-21,1.0408852213053263,1.0549512378094523,1.0549512378094523,1.0324456114028506,597781.0
2022-11-22,1.0549512378094523,1.0465116279069768,1.0605776444111028,1.0418229557389347,635376.92
2022-11-23,1.0455738934733683,1.0521380345086273,1.0568267066766692,1.0408852213053263,515468.0
2022-11-24,1.0596399099774942,1.0577644411102773,1.0708927231807952,1.054013503375844,869984.0
2022-11-25,1.0558889722430607,1.0512003000750187,1.0615153788447111,1.0474493623405852,580753.0
2022-11-28,1.030570142535634,1.035258814703676,1.039947486871718,1.019317329332333,593880.0
2022-11-29,1.0333833458364592,1.054013503375844,1.0549512378094523,1.0333833458364592,755350.0
2022-11-30,1.0474493623405852,1.0577644411102773,1.0662040510127533,1.0474493623405852,681967.88
2022-12-01,1.0755813953488371,1.077456864216054,1.0858964741185295,1.0727681920480119,1419646.74
2022-12-02,1.0737059264816204,1.0615153788447111,1.0765191297824455,1.058702175543886,751496.34
2022-12-05,1.06807951987997,1.082145536384096,1.0830832708177045,1.0624531132783195,1245004.0
2022-12-06,1.0737059264816204,1.0840210052513128,1.0858964741185295,1.0624531132783195,776131.26
2022-12-07,1.0765191297824455,1.0765191297824455,1.0905851462865717,1.0699549887471869,1310096.34
2022-12-08,1.0737059264816204,1.0746436609152288,1.0849587396849212,1.06807951987997,652729.0
2022-12-09,1.0727681920480119,1.0999624906226557,1.1018379594898724,1.0708927231807952,1028448.65
2022-12-12,1.0933983495873967,1.0662040510127533,1.0933983495873967,1.0615153788447111,996758.0
2022-12-13,1.0624531132783195,1.0671417854463614,1.0765191297824455,1.0615153788447111,562112.0
2022-12-14,1.0699549887471869,1.0643285821455364,1.0783945986496624,1.0615153788447111,666844.0
2022-12-15,1.0624531132783195,1.0699549887471869,1.0708927231807952,1.0465116279069768,759907.0
2022-12-16,1.058702175543886,1.0455738934733683,1.058702175543886,1.038072018004501,669266.0
2022-12-19,1.04463615903976,1.035258814703676,1.0662040510127533,1.030570142535634,730035.0
2022-12-20,1.0324456114028506,1.02119279819955,1.0333833458364592,1.016504126031508,479231.0
2022-12-21,1.025881470367592,1.014628657164291,1.0333833458364592,1.0136909227306827,847960.0
2022-12-22,1.0202550637659416,0.9968117029257314,1.0249437359339835,0.9939984996249063,490959.0
2022-12-23,0.986496624156039,0.9930607651912977,0.9968117029257314,0.9846211552888222,572328.0
2022-12-26,0.986496624156039,1.0061890472618154,1.0061890472618154,0.9846211552888222,879225.0
2022-12-27,1.0061890472618154,1.019317329332333,1.0202550637659416,1.005251312828207,522195.0
2022-12-28,1.0136909227306827,1.009939984996249,1.019317329332333,0.9996249062265566,494202.0
2022-12-29,1.005251312828207,1.0043135783945987,1.014628657164291,1.0033758439609903,453530.0
2022-12-30,1.0090022505626408,0.9968117029257314,1.0118154538634658,0.9968117029257314,505190.0
2023-01-03,0.9968117029257314,1.0240060015003751,1.0249437359339835,0.9902475618904727,586735.78
2023-01-04,1.0155663915978994,1.0061890472618154,1.0202550637659416,1.0015003750937734,506075.0
2023-01-05,1.0090022505626408,1.0183795948987246,1.028694673668417,1.0090022505626408,649756.39
2023-01-06,1.016504126031508,1.0343210802700675,1.0436984246061516,1.0136909227306827,790277.0
2023-01-09,1.039947486871718,1.0643285821455364,1.06807951987997,1.038072018004501,1074018.0
2023-01-10,1.0605776444111028,1.0652663165791447,1.0718304576144035,1.0530757689422356,1056191.0
2023-01-11,1.0662040510127533,1.0605776444111028,1.0783945986496624,1.058702175543886,1090524.0
2023-01-12,1.0699549887471869,1.0671417854463614,1.0858964741185295,1.0662040510127533,785610.0
2023-01-13,1.0718304576144035,1.0737059264816204,1.0840210052513128,1.0643285821455364,762076.0
2023-01-16,1.0737059264816204,1.0830832708177045,1.089647411852963,1.0718304576144035,806546.0
2023-01-17,1.0840210052513128,1.080270067516879,1.0849587396849212,1.0718304576144035,767914.55
2023-01-18,1.080270067516879,1.0887096774193548,1.0990247561890472,1.080270067516879,1063149.0
2023-01-19,1.0905851462865717,1.0952738184546136,1.0971492873218305,1.0849587396849212,962713.0
2023-01-20,1.0952738184546136,1.1299699924981246,1.1393473368342086,1.0952738184546136,1528249.0
2023-01-30,1.149662415603901,1.1393473368342086,1.1618529632408103,1.1374718679669917,1413183.0
2023-01-31,1.1384096024006,1.1449737434358591,1.1515378844711177,1.1337209302325582,1286102.0
2023-02-01,1.1524756189047263,1.1787321830457613,1.1815453863465866,1.1506001500375094,1857831.0
2023-02-02,1.17966991747937,1.168417104276069,1.1806076519129782,1.1609152288072018,2101073.62
2023-02-03,1.1627906976744187,1.1524756189047263,1.1627906976744187,1.1337209302325582,1625987.0
2023-02-06,1.135596399099775,1.129032258064516,1.1374718679669917,1.119654913728432,1110534.0
2023-02-07,1.1280945236309077,1.135596399099775,1.1393473368342086,1.1252813203300824,796915.0
2023-02-08,1.1374718679669917,1.1299699924981246,1.1459114778694672,1.1299699924981246,876484.0
2023-02-09,1.1280945236309077,1.135596399099775,1.1365341335333834,1.1205926481620405,1511075.0
2023-02-10,1.135596399099775,1.1187171792948238,1.135596399099775,1.1093398349587398,1065202.82
2023-02-13,1.1093398349587398,1.1177794448612153,1.1215303825956489,1.1065266316579143,1313802.0
2023-02-14,1.1187171792948238,1.1271567891972993,1.1346586646661665,1.1177794448612153,1075616.0
2023-02-15,1.1271567891972993,1.11496624156039,1.1346586646661665,1.1121530382595648,1212606.0
2023-02-16,1.1121530382595648,1.086834208552138,1.1159039759939984,1.0783945986496624,3771222.0
2023-02-17,1.0877719429857464,1.0830832708177045,1.0999624906226557,1.0812078019504876,1865555.0
2023-02-20,1.0812078019504876,1.1037134283570893,1.1037134283570893,1.0755813953488371,1027705.0
2023-02-21,1.1055888972243062,1.129032258064516,1.1299699924981246,1.1037134283570893,4375655.15
2023-02-22,1.1215303825956489,1.1130907726931734,1.1224681170292574,1.1093398349587398,1238777.0
2023-02-23,1.1130907726931734,1.1205926481620405,1.1205926481620405,1.1093398349587398,894976.38
2023-02-24,1.1187171792948238,1.1018379594898724,1.1205926481620405,1.0943360840210052,1045426.15
2023-02-27,1.0943360840210052,1.0933983495873967,1.1065266316579143,1.089647411852963,985540.23
2023-02-28,1.0971492873218305,1.0971492873218305,1.0990247561890472,1.0840210052513128,718457.0
2023-03-01,1.0980870217554388,1.1121530382595648,1.1121530382595648,1.0924606151537886,1286682.0
2023-03-02,1.1093398349587398,1.0952738184546136,1.1102775693923481,1.0943360840210052,1911968.5
2023-03-03,1.0933983495873967,1.0943360840210052,1.0980870217554388,1.0858964741185295,829994.1
2023-03-06,1.0952738184546136,1.0943360840210052,1.0980870217554388,1.077456864216054,1339637.0
2023-03-07,1.0905851462865717,1.0840210052513128,1.1046511627906976,1.0830832708177045,1385640.0
2023-03-08,1.077456864216054,1.0746436609152288,1.0783945986496624,1.06807951987997,870418.0
2023-03-09,1.079332333083271,1.0746436609152288,1.0849587396849212,1.0708927231807952,835741.0
2023-03-10,1.0690172543135783,1.0577644411102773,1.0690172543135783,1.0558889722430607,1235145.62
2023-03-13,1.0568267066766692,1.0671417854463614,1.0708927231807952,1.0521380345086273,966186.91
2023-03-14,1.06807951987997,1.0624531132783195,1.0783945986496624,1.0474493623405852,1197029.91
2023-03-15,1.0624531132783195,1.058702175543886,1.0671417854463614,1.0577644411102773,597608.0
2023-03-16,1.0493248312078018,1.0249437359339835,1.0493248312078018,1.02119279819955,1364686.0
2023-03-17,1.030570142535634,1.0315078769692423,1.0418229557389347,1.0268192048012004,1110447.0
2023-03-20,1.0361965491372842,1.0418229557389347,1.0465116279069768,1.030570142535634,891422.9
2023-03-21,1.04463615903976,1.0558889722430607,1.0568267066766692,1.0361965491372842,841066.0
2023-03-22,1.0568267066766692,1.0521380345086273,1.0633908477119278,1.0474493623405852,717140.0
2023-03-23,1.0502625656414104,1.0624531132783195,1.0633908477119278,1.0483870967741937,763413.0
2023-03-24,1.0633908477119278,1.0596399099774942,1.0671417854463614,1.0558889722430607,688673.0
2023-03-27,1.0568267066766692,1.0577644411102773,1.0596399099774942,1.0465116279069768,738989.0
2023-03-28,1.0577644411102773,1.0427606901725432,1.0615153788447111,1.0390097524381097,648833.0
2023-03-29,1.0427606901725432,1.038072018004501,1.0521380345086273,1.0361965491372842,521513.0
2023-03-30,1.0361965491372842,1.0474493623405852,1.0474493623405852,1.0277569392348087,670650.0
2023-03-31,1.0512003000750187,1.0558889722430607,1.0596399099774942,1.0483870967741937,1006557.0
2023-04-03,1.0558889722430607,1.0615153788447111,1.0652663165791447,1.0474493623405852,1286395.0
2023-04-04,1.0615153788447111,1.0549512378094523,1.0615153788447111,1.0502625656414104,1410273.69
2023-04-06,1.054013503375844,1.0690172543135783,1.0690172543135783,1.0502625656414104,1074415.01
2023-04-07,1.0690172543135783,1.0633908477119278,1.089647411852963,1.0596399099774942,1225204.0
2023-04-10,1.0615153788447111,1.0690172543135783,1.0699549887471869,1.0549512378094523,1072230.0
2023-04-11,1.0671417854463614,1.0933983495873967,1.0943360840210052,1.0596399099774942,1623735.82
2023-04-12,1.0933983495873967,1.0990247561890472,1.1037134283570893,1.0877719429857464,1364884.0
2023-04-13,1.0924606151537886,1.0877719429857464,1.1037134283570893,1.082145536384096,1406395.0
2023-04-14,1.0943360840210052,1.1215303825956489,1.1234058514628658,1.0943360840210052,2308644.88
2023-04-17,1.116841710427607,1.1327831957989496,1.1346586646661665,1.1074643660915229,2383882.0
2023-04-18,1.1299699924981246,1.1318454613653415,1.1440360090022506,1.1215303825956489,1921313.0
2023-04-19,1.130907726931733,1.1271567891972993,1.135596399099775,1.1224681170292574,1293493.0
2023-04-20,1.1224681170292574,1.1027756939234807,1.1224681170292574,1.0924606151537886,2516598.0
2023-04-21,1.0971492873218305,1.0812078019504876,1.1037134283570893,1.0755813953488371,1964465.0
2023-04-24,1.0765191297824455,1.0549512378094523,1.077456864216054,1.0483870967741937,1444203.0
2023-04-25,1.054013503375844,1.0221305326331585,1.0615153788447111,1.0118154538634658,1646544.0
2023-04-26,1.0174418604651163,1.0343210802700675,1.0474493623405852,1.0061890472618154,1415043.0
2023-04-27,1.0324456114028506,1.0343210802700675,1.0408852213053263,1.0240060015003751,1044346.39
2023-04-28,1.0333833458364592,1.0436984246061516,1.0493248312078018,1.0315078769692423,1244700.0
2023-05-04,1.0483870967741937,1.0436984246061516,1.0568267066766692,1.0408852213053263,843073.0
2023-05-05,1.0436984246061516,1.0240060015003751,1.0455738934733683,1.0202550637659416,777274.0
2023-05-08,1.0268192048012004,1.039947486871718,1.04463615903976,1.025881470367592,970694.0
2023-05-09,1.0427606901725432,1.0230682670667666,1.0455738934733683,1.0221305326331585,1031105.0
2023-05-10,1.0230682670667666,1.030570142535634,1.0371342835708928,1.02119279819955,850341.0
2023-05-11,1.0277569392348087,1.0230682670667666,1.030570142535634,1.019317329332333,705317.0
2023-05-12,1.0183795948987246,0.9893098274568641,1.019317329332333,0.9893098274568641,1351403.0
2023-05-15,0.9902475618904727,1.025881470367592,1.0296324081020256,0.9902475618904727,1552037.34
2023-05-16,1.0268192048012004,1.019317329332333,1.028694673668417,1.016504126031508,891499.2
2023-05-17,1.014628657164291,1.0108777194298575,1.019317329332333,1.0061890472618154,952322.0
2023-05-18,1.014628657164291,1.0108777194298575,1.0183795948987246,1.0015003750937734,861367.2
2023-05-19,1.0043135783945987,1.0005626406601649,1.0080645161290323,0.9921230307576895,697185.0
2023-05-22,0.9996249062265566,1.0024381095273818,1.0061890472618154,0.9958739684921231,568561.0
2023-05-23,1.0033758439609903,0.986496624156039,1.0033758439609903,0.986496624156039,847577.0
2023-05-24,0.986496624156039,0.981807951987997,0.9930607651912977,0.9799324831207801,803920.2
2023-05-25,0.9780570142535633,0.9696174043510878,0.9808702175543886,0.9602400600150037,1372860.0
2023-05-26,0.9686796699174792,0.9686796699174792,0.9714928732183046,0.951800450112528,928542.0
2023-05-29,0.9686796699174792,0.9639909977494374,0.9724306076519129,0.9583645911477869,881177.0
2023-05-30,0.9621155288822205,0.9621155288822205,0.9668042010502624,0.9489872468117029,1408972.0
2023-05-31,0.9621155288822205,0.9602400600150037,0.9649287321830456,0.9527381845461366,1311069.0
2023-06-01,0.9602400600150037,0.967741935483871,0.9761815453863465,0.9583645911477869,910708.0
2023-06-02,0.9743060765191297,1.005251312828207,1.0061890472618154,0.9733683420855214,2081746.0
2023-06-05,0.9996249062265566,0.9930607651912977,0.9996249062265566,0.9883720930232558,2081426.0
2023-06-06,0.9911852963240809,0.981807951987997,0.9977494373593399,0.9780570142535633,766596.17
2023-06-07,0.9855588897224306,0.9743060765191297,0.9883720930232558,0.9696174043510878,670259.17
2023-06-08,0.9705551387846961,0.9799324831207801,0.9855588897224306,0.9686796699174792,784506.0
2023-06-09,0.986496624156039,0.9911852963240809,0.9930607651912977,0.981807951987997,870303.0
2023-06-12,0.9836834208552138,0.9855588897224306,0.9902475618904727,0.9780570142535633,1118898.0
2023-06-13,0.9855588897224306,0.9855588897224306,0.9883720930232558,0.9780570142535633,749422.0
2023-06-14,0.9902475618904727,0.9874343585896473,0.9930607651912977,0.981807951987997,2374629.0
2023-06-15,0.9883720930232558,0.9986871717929482,0.9986871717929482,0.9733683420855214,1762892.0
2023-06-16,0.9958739684921231,1.0043135783945987,1.0061890472618154,0.9958739684921231,1415129.0
2023-06-19,1.0015003750937734,0.9846211552888222,1.0033758439609903,0.981807951987997,1075099.0
2023-06-20,0.9808702175543886,0.9780570142535633,0.9846211552888222,0.9743060765191297,926188.06
2023-06-21,0.9752438109527382,0.9593023255813953,0.9808702175543886,0.9593023255813953,804903.06
2023-06-26,0.9564891222805701,0.951800450112528,0.9649287321830456,0.9508627156789198,776638.0
2023-06-27,0.951800450112528,0.9668042010502624,0.9668042010502624,0.9489872468117029,1019443.93
2023-06-28,0.9649287321830456,0.9630532633158289,0.9658664666166542,0.9508627156789198,713462.79
2023-06-29,0.9602400600150037,0.9574268567141785,0.9621155288822205,0.9546136534133534,586048.0
2023-06-30,0.9546136534133534,0.9696174043510878,0.9733683420855214,0.9546136534133534,1123887.0
2023-07-03,0.9733683420855214,0.986496624156039,0.9874343585896473,0.9733683420855214,968236.21
2023-07-04,0.9939984996249063,0.9836834208552138,1.0015003750937734,0.9789947486871718,989928.0
2023-07-05,0.9789947486871718,1.0033758439609903,1.0043135783945987,0.9789947486871718,1569279.96
2023-07-06,1.0033758439609903,0.9846211552888222,1.0033758439609903,0.981807951987997,1100786.34
2023-07-07,0.9808702175543886,0.9836834208552138,0.9911852963240809,0.967741935483871,1185691.0
2023-07-10,0.9855588897224306,0.9902475618904727,0.9977494373593399,0.9846211552888222,816040.0
2023-07-11,0.9902475618904727,0.9949362340585146,0.9958739684921231,0.9808702175543886,1464690.0
2023-07-12,0.9949362340585146,0.9921230307576895,0.9996249062265566,0.9883720930232558,882098.8
2023-07-13,1.0043135783945987,1.0127531882970744,1.016504126031508,0.9921230307576895,1459197.8
2023-07-14,1.0127531882970744,1.005251312828207,1.0174418604651163,1.0033758439609903,1078933.0
2023-07-17,1.0015003750937734,0.9930607651912977,1.0024381095273818,0.9893098274568641,1272739.0
2023-07-18,0.9911852963240809,0.9930607651912977,0.9986871717929482,0.986496624156039,694090.0
2023-07-19,0.9930607651912977,0.9958739684921231,0.9996249062265566,0.9893098274568641,881424.0
2023-07-20,0.9968117029257314,0.9986871717929482,1.014628657164291,0.9968117029257314,1037325.0
2023-07-21,0.9958739684921231,0.9893098274568641,0.9986871717929482,0.9846211552888222,833034.0
2023-07-24,0.986496624156039,0.9733683420855214,0.9874343585896473,0.9714928732183046,867558.0
2023-07-25,0.9827456864216054,1.005251312828207,1.005251312828207,0.9827456864216054,1616732.0
2023-07-26,1.0043135783945987,1.0080645161290323,1.009939984996249,0.9986871717929482,2114780.0
2023-07-27,1.0080645161290323,0.9996249062265566,1.0090022505626408,0.9958739684921231,959167.0
2023-07-28,0.9911852963240809,1.0061890472618154,1.0080645161290323,0.9827456864216054,2134695.15
2023-07-31,1.0061890472618154,1.0202550637659416,1.0315078769692423,1.0061890472618154,2504704.15
2023-08-01,1.02119279819955,1.0221305326331585,1.0296324081020256,1.0136909227306827,2767760.0
2023-08-02,1.02119279819955,1.0118154538634658,1.02119279819955,1.009939984996249,1108464.0
2023-08-03,1.009939984996249,1.0090022505626408,1.0108777194298575,1.0024381095273818,1889381.58
2023-08-04,1.0127531882970744,1.019317329332333,1.0230682670667666,1.0127531882970744,1887981.78
2023-08-07,1.0118154538634658,1.0127531882970744,1.019317329332333,1.0090022505626408,1169767.0
2023-08-08,1.0118154538634658,1.0174418604651163,1.0240060015003751,1.0061890472618154,1488794.0
2023-08-09,1.0127531882970744,1.007126781695424,1.016504126031508,1.005251312828207,1011718.31
2023-08-10,1.007126781695424,1.0090022505626408,1.0136909227306827,1.0043135783945987,544979.31
2023-08-11,1.0080645161290323,0.986496624156039,1.0108777194298575,0.9855588897224306,1058154.0
2023-08-14,0.9808702175543886,0.9780570142535633,0.9846211552888222,0.9668042010502624,1905140.0
2023-08-15,0.9752438109527382,0.9714928732183046,0.9808702175543886,0.9621155288822205,1131944.0
2023-08-16,0.9658664666166542,0.9611777944486121,0.9714928732183046,0.9611777944486121,920840.0
2023-08-17,0.9574268567141785,0.9668042010502624,0.9668042010502624,0.9461740435108776,1043044.0
2023-08-18,0.9630532633158289,0.9471117779444861,0.967741935483871,0.9461740435108776,1146961.59
2023-08-21,0.9461740435108776,0.9386721680420104,0.9508627156789198,0.9377344336084021,815986.59
2023-08-22,0.9396099024756189,0.9442985746436608,0.9480495123780944,0.9292948237059264,1087559.0
2023-08-23,0.9414853713428357,0.9227306826706676,0.9433608402100525,0.9217929482370593,915364.0
2023-08-24,0.9292948237059264,0.9396099024756189,0.9489872468117029,0.9283570892723181,997195.07
2023-08-25,0.9330457614403601,0.9255438859714928,0.9358589647411852,0.9208552138034508,1550660.07
2023-08-28,0.9705551387846961,0.9302325581395349,0.9733683420855214,0.9246061515378845,1670746.0
2023-08-29,0.9283570892723181,0.9433608402100525,0.9461740435108776,0.9246061515378845,1361435.0
2023-08-30,0.9442985746436608,0.9442985746436608,0.9564891222805701,0.9396099024756189,780067.41
2023-08-31,0.9433608402100525,0.9349212303075769,0.9480495123780944,0.9321080270067517,846682.0
2023-09-01,0.9367966991747937,0.9555513878469616,0.9583645911477869,0.9358589647411852,1431984.0
2023-09-04,0.9602400600150037,0.9846211552888222,0.9883720930232558,0.9593023255813953,2596455.0
2023-09-05,0.9771192798199551,0.9799324831207801,0.9827456864216054,0.9714928732183046,1212885.0
2023-09-06,0.9771192798199551,0.9771192798199551,0.9789947486871718,0.9705551387846961,868978.0
2023-09-07,0.9733683420855214,0.9611777944486121,0.9752438109527382,0.9593023255813953,1436834.0
2023-09-08,0.9602400600150037,0.951800450112528,0.9630532633158289,0.9489872468117029,980972.0
2023-09-11,0.9527381845461366,0.9668042010502624,0.9724306076519129,0.9489872468117029,1237900.0
2023-09-12,0.9668042010502624,0.9639909977494374,0.9752438109527382,0.9621155288822205,1027884.0
2023-09-13,0.9621155288822205,0.9583645911477869,0.9668042010502624,0.9527381845461366,885766.0
2023-09-14,0.9583645911477869,0.9639909977494374,0.9658664666166542,0.9574268567141785,1892637.0
2023-09-15,0.9668042010502624,0.9639909977494374,0.9733683420855214,0.9583645911477869,1099160.0
2023-09-18,0.9593023255813953,0.9649287321830456,0.967741935483871,0.9499249812453112,1079220.0
2023-09-19,0.9630532633158289,0.9583645911477869,0.9649287321830456,0.9555513878469616,649621.0
2023-09-20,0.9564891222805701,0.9508627156789198,0.9574268567141785,0.9508627156789198,700213.0
2023-09-21,0.9489872468117029,0.9414853713428357,0.951800450112528,0.9405476369092272,759204.22
2023-09-22,0.9386721680420104,0.9471117779444861,0.9471117779444861,0.9321080270067517,999747.0
2023-09-25,0.942423105776444,0.9377344336084021,0.9452363090772693,0.9349212303075769,699544.0
2023-09-26,0.9358589647411852,0.9302325581395349,0.9377344336084021,0.9292948237059264,594485.0
2023-09-27,0.9283570892723181,0.9311702925731433,0.9386721680420104,0.9255438859714928,1211178.0
2023-09-28,0.9311702925731433,0.9283570892723181,0.9358589647411852,0.9246061515378845,667565.0
2023-10-09,0.923668417104276,0.9246061515378845,0.9264816204051013,0.9105401350337584,872100.0
2023-10-10,0.923668417104276,0.9283570892723181,0.9367966991747937,0.923668417104276,786699.0
2023-10-11,0.9302325581395349,0.918979744936234,0.9311702925731433,0.9161665416354088,926855.0
2023-10-12,0.9227306826706676,0.9442985746436608,0.9452363090772693,0.9227306826706676,1650868.0
2023-10-13,0.9358589647411852,0.9292948237059264,0.9367966991747937,0.9246061515378845,857118.0
2023-10-16,0.9321080270067517,0.9161665416354088,0.9349212303075769,0.9133533383345837,686804.0
2023-10-17,0.9171042760690172,0.9171042760690172,0.9180420105026256,0.90960240060015,588777.0
2023-10-18,0.914291072768192,0.9021005251312828,0.9161665416354088,0.900225056264066,623980.0
2023-10-19,0.8983495873968491,0.8861590397599399,0.900225056264066,0.8861590397599399,1375596.0
2023-10-20,0.8852213053263315,0.890847711927982,0.9011627906976744,0.8842835708927231,814465.0
2023-10-23,0.8889722430607652,0.8664666166541636,0.8889722430607652,0.8589647411852963,762988.0
2023-10-24,0.8664666166541636,0.8814703675918979,0.8814703675918979,0.8664666166541636,997095.0
2023-10-25,0.8889722430607652,0.8870967741935484,0.8983495873968491,0.8861590397599399,902100.0
2023-10-26,0.8833458364591147,0.8889722430607652,0.8899099774943735,0.8749062265566392,569101.0
2023-10-27,0.8833458364591147,0.9058514628657164,0.9086646661665416,0.8824081020255063,646754.0
2023-10-30,0.9058514628657164,0.9114778694673668,0.918979744936234,0.9039759939984996,670086.0
2023-10-31,0.9077269317329332,0.9077269317329332,0.9124156039009752,0.9011627906976744,526213.0
2023-11-01,0.9086646661665416,0.9030382595648911,0.90960240060015,0.8983495873968491,354000.0
2023-11-02,0.9039759939984996,0.8917854463615903,0.90960240060015,0.8917854463615903,607213.18
2023-11-03,0.8945986496624155,0.895536384096024,0.8992873218304576,0.8917854463615903,629742.5
2023-11-06,0.9030382595648911,0.9030382595648911,0.9049137284321079,0.8936609152288072,1099539.5
2023-11-07,0.900225056264066,0.8945986496624155,0.900225056264066,0.8870967741935484,1131147.0
2023-11-08,0.8889722430607652,0.8870967741935484,0.8927231807951987,0.8814703675918979,737012.0
2023-11-09,0.8833458364591147,0.8899099774943735,0.8936609152288072,0.8824081020255063,704224.0
2023-11-10,0.8861590397599399,0.8842835708927231,0.8880345086271567,0.8814703675918979,481653.0
2023-11-13,0.8861590397599399,0.8889722430607652,0.8899099774943735,0.8805326331582896,581900.0
2023-11-14,0.8917854463615903,0.8870967741935484,0.8917854463615903,0.8824081020255063,577413.0
2023-11-15,0.8964741185296323,0.9039759939984996,0.9077269317329332,0.8964741185296323,1542959.0
2023-11-16,0.900225056264066,0.8917854463615903,0.9011627906976744,0.8889722430607652,1110175.82
2023-11-17,0.8880345086271567,0.8936609152288072,0.8945986496624155,0.8852213053263315,632932.0
2023-11-20,0.895536384096024,0.895536384096024,0.8964741185296323,0.8852213053263315,752522.0
2023-11-21,0.8964741185296323,0.8974118529632408,0.9067891972993248,0.895536384096024,690612.0
2023-11-22,0.8936609152288072,0.8795948987246811,0.895536384096024,0.8786571642910728,1060607.0
2023-11-23,0.8777194298574644,0.8833458364591147,0.8833458364591147,0.8730307576894224,1004004.0
2023-11-24,0.8795948987246811,0.8730307576894224,0.8805326331582896,0.872093023255814,612410.0
2023-11-27,0.8711552888222056,0.8674043510877719,0.8758439609902476,0.8636534133533383,531394.0
2023-11-28,0.8664666166541636,0.8702175543885972,0.8702175543885972,0.8608402100525131,362559.0
2023-11-29,0.872093023255814,0.8711552888222056,0.876781695423856,0.8692798199549888,446592.0
2023-11-30,0.8674043510877719,0.8655288822205551,0.8711552888222056,0.8599024756189048,545429.91
2023-12-01,0.8645911477869468,0.8655288822205551,0.8692798199549888,0.8570892723180795,586729.0
2023-12-04,0.8702175543885972,0.8739684921230307,0.8842835708927231,0.8664666166541636,1063235.0
2023-12-05,0.8655288822205551,0.8599024756189048,0.872093023255814,0.8561515378844712,795272.0
2023-12-06,0.858027006751688,0.8758439609902476,0.8824081020255063,0.8542760690172543,957154.01
2023-12-07,0.8739684921230307,0.8711552888222056,0.8758439609902476,0.8617779444861215,788462.01
2023-12-08,0.8758439609902476,0.8645911477869468,0.876781695423856,0.8636534133533383,551821.0
2023-12-11,0.858027006751688,0.8561515378844712,0.8599024756189048,0.8420855213803451,636454.0
2023-12-12,0.8542760690172543,0.8552138034508627,0.8561515378844712,0.8486496624156039,386522.0
2023-12-13,0.8524006001500375,0.8392723180795199,0.8524006001500375,0.8373968492123031,566336.0
2023-12-14,0.8505251312828207,0.8392723180795199,0.8542760690172543,0.8373968492123031,639218.0
2023-12-15,0.8448987246811703,0.8439609902475619,0.8552138034508627,0.8402100525131283,542899.0
2023-12-18,0.8392723180795199,0.8317704426106527,0.8439609902475619,0.8289572393098275,483033.17
2023-12-19,0.8289572393098275,0.828019504876219,0.8336459114778695,0.8233308327081771,375481.0
2023-12-20,0.8317704426106527,0.828019504876219,0.8373968492123031,0.8270817704426107,549819.17
2023-12-21,0.8233308327081771,0.8355213803450863,0.8373968492123031,0.8205176294073518,635198.0
2023-12-22,0.8364591147786947,0.8524006001500375,0.8589647411852963,0.8298949737434359,865686.0
2023-12-25,0.8467741935483871,0.858027006751688,0.858027006751688,0.8467741935483871,492122.0
2023-12-26,0.858027006751688,0.8561515378844712,0.8599024756189048,0.8505251312828207,377974.0
2023-12-27,0.8561515378844712,0.8599024756189048,0.8608402100525131,0.8467741935483871,570841.0
2023-12-28,0.8589647411852963,0.8842835708927231,0.8870967741935484,0.8589647411852963,953032.35
2023-12-29,0.8805326331582896,0.8861590397599399,0.8889722430607652,0.8777194298574644,810114.0
2024-01-02,0.8861590397599399,0.8861590397599399,0.8927231807951987,0.8824081020255063,736987.0
2024-01-03,0.8833458364591147,0.8880345086271567,0.890847711927982,0.8814703675918979,790975.0
2024-01-04,0.8842835708927231,0.8777194298574644,0.8852213053263315,0.872093023255814,575278.0
2024-01-05,0.8758439609902476,0.8730307576894224,0.8927231807951987,0.8692798199549888,817483.0
2024-01-08,0.8730307576894224,0.8617779444861215,0.8786571642910728,0.8617779444861215,550225.0
2024-01-09,0.8617779444861215,0.872093023255814,0.8730307576894224,0.8570892723180795,643537.9
2024-01-10,0.8692798199549888,0.8674043510877719,0.8814703675918979,0.8617779444861215,550980.0
2024-01-11,0.8645911477869468,0.8824081020255063,0.8861590397599399,0.8599024756189048,788252.8
2024-01-12,0.8777194298574644,0.8777194298574644,0.8870967741935484,0.8739684921230307,741864.0
2024-01-15,0.8777194298574644,0.8683420855213804,0.8795948987246811,0.8674043510877719,721378.0
2024-01-16,0.8664666166541636,0.8683420855213804,0.8758439609902476,0.8561515378844712,794502.17
2024-01-17,0.8664666166541636,0.8402100525131283,0.8664666166541636,0.8392723180795199,699939.24
2024-01-18,0.8345836459114778,0.8402100525131283,0.8430232558139535,0.8158289572393098,895474.24
2024-01-19,0.8364591147786947,0.8355213803450863,0.8495873968492124,0.8355213803450863,794647.0
2024-01-22,0.8355213803450863,0.7970742685671418,0.8355213803450863,0.7933233308327081,1092802.0
2024-01-23,0.7951987996999249,0.8073893473368342,0.8120780195048762,0.785821455363841,970905.9
2024-01-24,0.8083270817704425,0.8177044261065266,0.8214553638409602,0.7914478619654913,922421.53
2024-01-25,0.8177044261065266,0.8411477869467366,0.8439609902475619,0.8167666916729183,1033089.0
2024-01-26,0.8402100525131283,0.8439609902475619,0.8514628657164292,0.8383345836459115,639081.0
2024-01-29,0.8448987246811703,0.828019504876219,0.8477119279819955,0.8270817704426107,718476.0
2024-01-30,0.8261440360090022,0.8130157539384846,0.8317704426106527,0.8111402850712678,576237.0
2024-01-31,0.809264816204051,0.7886346586646661,0.8120780195048762,0.7886346586646661,737371.0
2024-02-01,0.7830082520630157,0.7895723930982745,0.8008252063015754,0.7783195798949737,517365.0
2024-02-02,0.7895723930982745,0.7698799699924981,0.7961365341335334,0.748312078019505,1050294.0
2024-02-05,0.7595648912228058,0.7501875468867217,0.7680045011252813,0.7295573893473368,869277.28
2024-02-06,0.7417479369842461,0.7895723930982745,0.7933233308327081,0.7417479369842461,914185.0
2024-02-07,0.7923855963990998,0.8214553638409602,0.8214553638409602,0.7876969242310577,1188422.7
2024-02-08,0.8233308327081771,0.8298949737434359,0.8430232558139535,0.8223930982745686,866352.51
2024-02-19,0.8317704426106527,0.8355213803450863,0.8383345836459115,0.8242685671417854,660369.09
2024-02-20,0.8317704426106527,0.8402100525131283,0.8411477869467366,0.8252063015753939,534874.0
2024-02-21,0.8383345836459115,0.8486496624156039,0.8636534133533383,0.8345836459114778,1003862.0
2024-02-22,0.8458364591147787,0.8561515378844712,0.858027006751688,0.8402100525131283,691269.0
2024-02-23,0.8589647411852963,0.8655288822205551,0.8683420855213804,0.8552138034508627,568766.0
2024-02-26,0.86271567891973,0.8570892723180795,0.8711552888222056,0.8533383345836459,659731.0
2024-02-27,0.8542760690172543,0.8645911477869468,0.8655288822205551,0.8505251312828207,561440.0
2024-02-28,0.8645911477869468,0.8552138034508627,0.8842835708927231,0.8542760690172543,776918.41
2024-02-29,0.8552138034508627,0.876781695423856,0.8814703675918979,0.8533383345836459,927760.78
2024-03-01,0.8758439609902476,0.8861590397599399,0.8889722430607652,0.8758439609902476,906294.0
2024-03-04,0.890847711927982,0.890847711927982,0.900225056264066,0.8852213053263315,710882.0
2024-03-05,0.8917854463615903,0.8899099774943735,0.9011627906976744,0.8852213053263315,924559.33
2024-03-06,0.890847711927982,0.8945986496624155,0.9021005251312828,0.8833458364591147,577207.22
2024-03-07,0.8983495873968491,0.9217929482370593,0.9339834958739685,0.8983495873968491,3365812.0
2024-03-08,0.9217929482370593,0.9246061515378845,0.9246061515378845,0.9077269317329332,1891100.0
2024-03-11,0.9264816204051013,0.9358589647411852,0.9367966991747937,0.9217929482370593,1947841.2
2024-03-12,0.9358589647411852,0.9171042760690172,0.9367966991747937,0.9114778694673668,1505156.0
2024-03-13,0.914291072768192,0.923668417104276,0.9274193548387096,0.90960240060015,1570258.55
2024-03-14,0.9367966991747937,0.9358589647411852,0.9583645911477869,0.9302325581395349,1910457.83
2024-03-15,0.9283570892723181,0.9686796699174792,0.9696174043510878,0.9264816204051013,3522316.73
2024-03-18,0.9686796699174792,0.9705551387846961,0.9743060765191297,0.9555513878469616,3209613.31
2024-03-19,0.9658664666166542,0.9639909977494374,0.9855588897224306,0.9630532633158289,2180174.26
2024-03-20,0.9583645911477869,0.9630532633158289,0.967741935483871,0.9508627156789198,1526517.84
2024-03-21,0.9752438109527382,0.9668042010502624,0.9808702175543886,0.9621155288822205,1868072.0
2024-03-22,0.9602400600150037,0.942423105776444,0.9639909977494374,0.9367966991747937,3148571.0
2024-03-25,0.9396099024756189,0.9480495123780944,0.9649287321830456,0.9396099024756189,2311164.0
2024-03-26,0.9489872468117029,0.9461740435108776,0.9536759189797448,0.9330457614403601,1848827.0
2024-03-27,0.9461740435108776,0.9330457614403601,0.9489872468117029,0.9330457614403601,1220830.0
2024-03-28,0.9302325581395349,0.9499249812453112,0.9574268567141785,0.9302325581395349,1703367.0
2024-03-29,0.9583645911477869,0.981807951987997,0.981807951987997,0.9583645911477869,2711576.36
2024-04-01,0.9939984996249063,1.0005626406601649,1.009939984996249,0.9893098274568641,2913708.24
2024-04-02,1.0005626406601649,1.0108777194298575,1.0118154538634658,0.9958739684921231,2300784.88
2024-04-03,1.0202550637659416,1.04463615903976,1.0493248312078018,1.0118154538634658,4120930.05
2024-04-08,1.0493248312078018,1.0418229557389347,1.0830832708177045,1.0343210802700675,5919134.53
2024-04-09,1.035258814703676,1.0455738934733683,1.054013503375844,1.030570142535634,4353848.94
2024-04-10,1.0493248312078018,1.0521380345086273,1.0615153788447111,1.0324456114028506,2856805.67
2024-04-11,1.0315078769692423,1.0493248312078018,1.0755813953488371,1.025881470367592,3526575.51
2024-04-12,1.0596399099774942,1.0596399099774942,1.0690172543135783,1.0436984246061516,2316687.35
2024-04-15,1.0465116279069768,1.058702175543886,1.0605776444111028,1.0202550637659416,2277918.41
2024-04-16,1.0521380345086273,1.0127531882970744,1.0577644411102773,1.0080645161290323,3017477.42
2024-04-17,1.0118154538634658,1.0343210802700675,1.0361965491372842,1.0080645161290323,1997690.42
2024-04-18,1.0296324081020256,1.0483870967741937,1.0512003000750187,1.0230682670667666,2066119.0
2024-04-19,1.0493248312078018,1.0418229557389347,1.0718304576144035,1.0324456114028506,2196943.54
2024-04-22,1.0474493623405852,1.0183795948987246,1.058702175543886,1.0174418604651163,1752760.28
2024-04-23,0.9977494373593399,0.9724306076519129,1.0005626406601649,0.9714928732183046,3361269.11
2024-04-24,0.9649287321830456,0.981807951987997,0.9836834208552138,0.9621155288822205,1821362.11
2024-04-25,0.9752438109527382,0.9911852963240809,0.9986871717929482,0.967741935483871,1753719.1
2024-04-26,0.9930607651912977,1.0174418604651163,1.0183795948987246,0.9874343585896473,1634566.0
2024-04-29,1.016504126031508,1.0118154538634658,1.016504126031508,0.9977494373593399,1839459.0
2024-04-30,1.0118154538634658,1.0024381095273818,1.02119279819955,0.9996249062265566,1530273.0
2024-05-06,0.9939984996249063,1.009939984996249,1.0108777194298575,0.9836834208552138,1936487.36
2024-05-07,1.014628657164291,1.0174418604651163,1.030570142535634,1.0127531882970744,1719927.0
2024-05-08,1.0090022505626408,1.009939984996249,1.019317329332333,0.9968117029257314,1587962.0
2024-05-09,1.007126781695424,1.0343210802700675,1.0408852213053263,1.0043135783945987,2305313.0
2024-05-10,1.0465116279069768,1.0418229557389347,1.0521380345086273,1.0230682670667666,1963495.62
2024-05-13,1.0296324081020256,1.028694673668417,1.0343210802700675,1.0155663915978994,1870668.62
2024-05-14,1.0343210802700675,1.035258814703676,1.0455738934733683,1.0268192048012004,1520211.0
2024-05-15,1.0324456114028506,1.0240060015003751,1.0455738934733683,1.0230682670667666,2055667.2
2024-05-16,1.0371342835708928,1.0183795948987246,1.0436984246061516,1.0136909227306827,1904405.16
2024-05-17,1.014628657164291,1.0324456114028506,1.0333833458364592,1.005251312828207,1789380.0
2024-05-20,1.0596399099774942,1.0708927231807952,1.0783945986496624,1.0436984246061516,4238313.0
2024-05-21,1.0718304576144035,1.038072018004501,1.0746436609152288,1.0343210802700675,2982244.0
2024-05-22,1.035258814703676,1.028694673668417,1.04463615903976,1.0240060015003751,2349531.0
2024-05-23,1.0015003750937734,0.9958739684921231,1.0043135783945987,0.986496624156039,2577443.0
2024-05-24,0.9902475618904727,0.9958739684921231,1.0024381095273818,0.9893098274568641,2074175.33
2024-05-27,0.9930607651912977,1.009939984996249,1.0108777194298575,0.9930607651912977,2335412.0
2024-05-28,1.016504126031508,1.0080645161290323,1.0277569392348087,1.007126781695424,2334685.0
2024-05-29,1.007126781695424,1.0333833458364592,1.039947486871718,1.007126781695424,3977951.67
2024-05-30,1.0324456114028506,1.0033758439609903,1.035258814703676,0.9996249062265566,2127309.0
2024-05-31,1.0015003750937734,0.9986871717929482,1.007126781695424,0.9911852963240809,1156642.0
2024-06-03,0.9911852963240809,0.9789947486871718,0.9949362340585146,0.9696174043510878,2148340.0
2024-06-04,0.9789947486871718,0.9902475618904727,0.9968117029257314,0.9733683420855214,1530752.0
2024-06-05,0.9752438109527382,0.967741935483871,0.9808702175543886,0.9658664666166542,2091506.81
2024-06-06,0.9771192798199551,0.9771192798199551,0.9893098274568641,0.9743060765191297,2047301.02
2024-06-07,0.9874343585896473,0.9789947486871718,0.9902475618904727,0.9658664666166542,1826495.0
2024-06-11,0.9564891222805701,0.9574268567141785,0.9593023255813953,0.9480495123780944,1950651.0
2024-06-12,0.9527381845461366,0.9658664666166542,0.9696174043510878,0.9527381845461366,1065280.0
2024-06-13,0.9658664666166542,0.9499249812453112,0.9658664666166542,0.942423105776444,1846573.0
2024-06-14,0.9433608402100525,0.9527381845461366,0.9546136534133534,0.9396099024756189,1036370.0
2024-06-17,0.9508627156789198,0.9405476369092272,0.9564891222805701,0.9396099024756189,1370064.0
2024-06-18,0.9405476369092272,0.9471117779444861,0.951800450112528,0.9339834958739685,2761371.0
2024-06-19,0.9508627156789198,0.9508627156789198,0.9621155288822205,0.9471117779444861,1790019.0
2024-06-20,0.9527381845461366,0.9442985746436608,0.9639909977494374,0.9414853713428357,2126734.0
2024-06-21,0.9480495123780944,0.9396099024756189,0.951800450112528,0.9358589647411852,1556487.0
2024-06-24,0.9255438859714928,0.918979744936234,0.9302325581395349,0.9152288072018004,1220757.0
2024-06-25,0.918979744936234,0.9199174793698425,0.9302325581395349,0.914291072768192,1339785.0
2024-06-26,0.9152288072018004,0.9292948237059264,0.9302325581395349,0.9039759939984996,1860058.0
2024-06-27,0.9217929482370593,0.9077269317329332,0.9264816204051013,0.9067891972993248,1177421.0
2024-06-28,0.9067891972993248,0.9255438859714928,0.9330457614403601,0.9067891972993248,1493100.0
2024-07-01,0.9330457614403601,0.9471117779444861,0.9499249812453112,0.9255438859714928,1602251.16
2024-07-02,0.9471117779444861,0.9358589647411852,0.9480495123780944,0.9321080270067517,1064898.0
2024-07-03,0.9349212303075769,0.9358589647411852,0.9386721680420104,0.9283570892723181,1084165.0
2024-07-04,0.9433608402100525,0.9292948237059264,0.9508627156789198,0.9283570892723181,1479078.0
2024-07-05,0.9283570892723181,0.9536759189797448,0.9546136534133534,0.9208552138034508,1987526.6
2024-07-08,0.9527381845461366,0.9433608402100525,0.9593023255813953,0.942423105776444,1427812.94
2024-07-09,0.9405476369092272,0.9630532633158289,0.9658664666166542,0.9396099024756189,1954309.52
2024-07-10,0.9621155288822205,0.9489872468117029,0.9752438109527382,0.9452363090772693,1833539.0
2024-07-11,0.9564891222805701,0.9846211552888222,0.9883720930232558,0.951800450112528,2744563.39
2024-07-12,0.9902475618904727,0.9668042010502624,0.9911852963240809,0.9611777944486121,2432497.31
2024-07-15,0.9639909977494374,0.9733683420855214,0.9827456864216054,0.9593023255813953,1655659.31
2024-07-16,0.9714928732183046,0.981807951987997,0.9846211552888222,0.967741935483871,1367568.0
2024-07-17,0.986496624156039,0.9564891222805701,0.9883720930232558,0.9546136534133534,2002973.0
2024-07-18,0.9489872468117029,0.9555513878469616,0.9564891222805701,0.9349212303075769,2014743.0
2024-07-19,0.9405476369092272,0.9396099024756189,0.942423105776444,0.9171042760690172,1711976.0
2024-07-22,0.9321080270067517,0.9283570892723181,0.9358589647411852,0.9208552138034508,1226168.0
2024-07-23,0.9255438859714928,0.8852213053263315,0.9321080270067517,0.8842835708927231,2005425.0
2024-07-24,0.8824081020255063,0.8777194298574644,0.8889722430607652,0.8739684921230307,1453422.0
2024-07-25,0.8674043510877719,0.8561515378844712,0.8702175543885972,0.8533383345836459,1580831.0
2024-07-26,0.8561515378844712,0.876781695423856,0.8824081020255063,0.8561515378844712,1927606.0
2024-07-29,0.8795948987246811,0.8749062265566392,0.8852213053263315,0.872093023255814,1050984.8
2024-07-30,0.8702175543885972,0.8674043510877719,0.8711552888222056,0.8589647411852963,1211388.0
2024-07-31,0.8702175543885972,0.9011627906976744,0.9011627906976744,0.8692798199549888,1696845.8
2024-08-01,0.90960240060015,0.8983495873968491,0.9152288072018004,0.8936609152288072,1353683.0
2024-08-02,0.8842835708927231,0.8833458364591147,0.8899099774943735,0.8795948987246811,908604.0
2024-08-05,0.8739684921230307,0.8617779444861215,0.8852213053263315,0.8617779444861215,1203964.97
2024-08-06,0.8645911477869468,0.8617779444861215,0.872093023255814,0.8533383345836459,956806.0
2024-08-07,0.8617779444861215,0.8645911477869468,0.8711552888222056,0.8533383345836459,1350423.0
2024-08-08,0.8599024756189048,0.8561515378844712,0.8608402100525131,0.8477119279819955,1057392.0
2024-08-09,0.8636534133533383,0.8608402100525131,0.8739684921230307,0.8599024756189048,1329301.0
2024-08-12,0.8589647411852963,0.8608402100525131,0.8636534133533383,0.8552138034508627,826596.0
2024-08-13,0.8674043510877719,0.8645911477869468,0.8683420855213804,0.8561515378844712,988251.76
2024-08-14,0.8617779444861215,0.8524006001500375,0.8664666166541636,0.8514628657164292,1123076.0
2024-08-15,0.8495873968492124,0.8608402100525131,0.8645911477869468,0.8458364591147787,1117433.0
2024-08-16,0.8683420855213804,0.8617779444861215,0.8730307576894224,0.858027006751688,1185928.0
2024-08-19,0.8636534133533383,0.8758439609902476,0.8842835708927231,0.86271567891973,1574633.0
2024-08-20,0.8758439609902476,0.8655288822205551,0.8824081020255063,0.8617779444861215,1913419.0
2024-08-21,0.8636534133533383,0.8749062265566392,0.8777194298574644,0.8599024756189048,1996449.0
2024-08-22,0.8749062265566392,0.86271567891973,0.8758439609902476,0.8617779444861215,864022.0
2024-08-23,0.8570892723180795,0.8599024756189048,0.86271567891973,0.8524006001500375,769627.0
2024-08-26,0.8674043510877719,0.8711552888222056,0.8711552888222056,0.8608402100525131,869977.0
2024-08-27,0.8674043510877719,0.8589647411852963,0.8674043510877719,0.8524006001500375,863297.0
2024-08-28,0.8552138034508627,0.8514628657164292,0.8674043510877719,0.8477119279819955,1193066.0
2024-08-29,0.8448987246811703,0.858027006751688,0.86271567891973,0.8411477869467366,940321.0
2024-08-30,0.8570892723180795,0.8636534133533383,0.8730307576894224,0.8524006001500375,1685121.0
2024-09-02,0.8589647411852963,0.8439609902475619,0.8589647411852963,0.8411477869467366,1425950.0
2024-09-03,0.8411477869467366,0.8467741935483871,0.8542760690172543,0.8373968492123031,971688.0
2024-09-04,0.8392723180795199,0.8270817704426107,0.8392723180795199,0.8252063015753939,1219792.3
2024-09-05,0.8270817704426107,0.8270817704426107,0.8402100525131283,0.8223930982745686,1691840.0
2024-09-06,0.8270817704426107,0.8223930982745686,0.8308327081770442,0.8205176294073518,870535.0
2024-09-09,0.8167666916729183,0.8083270817704425,0.8167666916729183,0.8008252063015754,1528002.82
2024-09-10,0.8083270817704425,0.804576144036009,0.8102025506376594,0.7933233308327081,1018789.0
2024-09-11,0.8017629407351837,0.8130157539384846,0.813953488372093,0.8017629407351837,906922.8
2024-09-12,0.8148912228057014,0.8120780195048762,0.8223930982745686,0.809264816204051,1317915.0
2024-09-13,0.8195798949737434,0.809264816204051,0.8252063015753939,0.8083270817704425,892982.0
2024-09-18,0.812092273068267,0.8158870967741936,0.81968192048012,0.802605213803451,1017906.0
2024-09-19,0.8158870967741936,0.8415021567891974,0.8415021567891974,0.8054513315828957,1897553.0
2024-09-20,0.839604744936234,0.8519379219804951,0.8519379219804951,0.8339125093773444,1294999.0
2024-09-23,0.8471943923480871,0.8509892160540136,0.8614249812453114,0.8471943923480871,1315073.0
2024-09-24,0.85478403975994,0.885142629407352,0.885142629407352,0.85478403975994,1520494.0
2024-09-25,0.8965271005251313,0.8936809827456864,0.9192960427606901,0.8927322768192048,2043304.0
2024-09-26,0.8917835708927232,0.9287831020255064,0.9287831020255064,0.8908348649662415,1878785.0
2024-09-27,0.9449111027756939,0.9705261627906976,0.974320986496624,0.9392188672168043,907945.0
2024-09-30,1.0246024006001502,1.0606532258064518,1.0644480495123783,0.981910633908477,4999804.0
2024-10-08,1.166908289572393,1.0843708739684923,1.166908289572393,1.012269223555889,10113322.0
2024-10-09,1.0388329894973742,0.9762183983495873,1.0388329894973742,0.9762183983495873,4521909.15
2024-10-10,0.9705261627906976,0.9923463990997751,1.0179614591147788,0.9657826331582896,4128044.0
2024-10-11,0.997089928732183,0.9705261627906976,0.997089928732183,0.9600903975994,2393353.0
2024-10-14,0.974320986496624,0.999936046511628,1.0037308702175545,0.9724235746436609,2344686.0
2024-10-15,0.98950028132033,0.9657826331582896,0.9951925168792198,0.9648339272318079,1994287.0
2024-10-16,0.9581929857464365,0.974320986496624,0.9809619279819956,0.9543981620405101,2674864.48
2024-10-17,0.977167104276069,0.9591416916729183,0.9838080457614404,0.9581929857464365,1425961.0
2024-10-18,0.9572442798199549,0.9828593398349587,0.9980386346586647,0.9572442798199549,2840495.0
2024-10-21,0.98950028132033,1.0065769879969992,1.017012753188297,0.9876028694673669,2806914.0
2024-10-22,1.004679576144036,1.0132179294823707,1.0151153413353338,0.9951925168792198,2415729.0
2024-10-23,1.0189101650412604,1.0151153413353338,1.0246024006001502,1.0008847524381095,2878004.0
2024-10-24,1.0037308702175545,1.0008847524381095,1.0056282820705178,0.9885515753938485,1776221.0
2024-10-25,0.9980386346586647,1.004679576144036,1.017012753188297,0.9923463990997751,1909293.0
2024-10-28,1.0065769879969992,1.014166635408852,1.014166635408852,0.999936046511628,1769152.0
2024-10-29,1.0160640472618154,0.9980386346586647,1.0160640472618154,0.9951925168792198,2312522.0
2024-10-30,0.9932951050262565,0.9866541635408852,1.0027821642910726,0.977167104276069,1664244.0
2024-10-31,0.9847567516879221,0.9828593398349587,0.9923463990997751,0.9762183983495873,1355588.0
2024-11-01,0.9800132220555139,1.019858870967742,1.0397816954238561,0.977167104276069,4542731.0
2024-11-04,1.0283972243060766,1.0208075768942237,1.0302946361590397,1.0027821642910726,2780189.8
2024-11-05,1.0151153413353338,1.0530635783945987,1.0578071080270068,1.0113205176294076,4098897.0
2024-11-06,1.0549609902475618,1.062550637659415,1.0796273443360838,1.0483200487621906,4100063.0
2024-11-07,1.0426278132033007,1.0606532258064518,1.0606532258064518,1.027448518379595,3788432.62
2024-11-08,1.0786786384096023,1.047371342835709,1.0834221680420104,1.0445252250562642,4057385.0
2024-11-11,1.0331407539384847,1.0502174606151538,1.0511661665416354,1.027448518379595,2478696.0
2024-11-12,1.0435765191297826,1.0350381657914478,1.0691915791447864,1.0264998124531133,2470626.0
2024-11-13,1.0321920480120033,1.0435765191297826,1.0540122843210802,1.0283972243060766,1974523.0
2024-11-14,1.0378842835708928,1.0094231057764442,1.0426278132033007,1.0065769879969992,2275366.0
2024-11-15,1.004679576144036,0.9923463990997751,1.0189101650412604,0.9913976931732934,1777580.35
2024-11-18,0.98950028132033,0.974320986496624,0.9961412228057015,0.9676800450112529,1976319.0
2024-11-19,0.9781158102025506,1.0075256939234811,1.0094231057764442,0.9762183983495873,1944378.0
2024-11-20,1.0084743998499626,1.0132179294823707,1.017012753188297,1.0027821642910726,2111852.0
2024-11-21,1.0103718117029257,1.0151153413353338,1.017012753188297,1.0037308702175545,1986621.0
2024-11-22,1.0132179294823707,0.9885515753938485,1.017012753188297,0.9866541635408852,1014763.0
2024-11-25,0.9923463990997751,0.9847567516879221,1.0037308702175545,0.974320986496624,1095997.0
2024-11-26,0.9809619279819956,0.9705261627906976,0.9838080457614404,0.9686287509377344,825595.0
2024-11-27,0.9705261627906976,0.9809619279819956,0.9809619279819956,0.9496546324081019,1446829.48
2024-11-28,0.9809619279819956,0.966731339084771,0.9809619279819956,0.9648339272318079,940520.0
2024-11-29,0.9648339272318079,0.9781158102025506,0.9847567516879221,0.9591416916729183,1108486.0
2024-12-02,0.9790645161290324,0.9876028694673669,0.98950028132033,0.9762183983495873,1232265.0
2024-12-03,0.9866541635408852,0.9866541635408852,0.9885515753938485,0.9781158102025506,1641325.99
2024-12-04,0.9932951050262565,0.9876028694673669,0.9980386346586647,0.9857054576144035,1471559.0
2024-12-05,0.9866541635408852,0.9809619279819956,0.9866541635408852,0.9752696924231059,849801.0
2024-12-06,0.977167104276069,0.9904489872468117,0.9923463990997751,0.9733722805701426,1871537.0
2024-12-09,0.9885515753938485,0.98950028132033,1.0008847524381095,0.9857054576144035,1361676.0
2024-12-10,1.0151153413353338,0.9942438109527382,1.0208075768942237,0.9913976931732934,1917237.0
2024-12-11,0.9951925168792198,1.0065769879969992,1.014166635408852,0.9923463990997751,1332497.0
2024-12-12,1.0065769879969992,1.012269223555889,1.014166635408852,1.0027821642910726,1149043.0
2024-12-13,1.0056282820705178,0.9838080457614404,1.0056282820705178,0.981910633908477,1298070.0
2024-12-16,0.9828593398349587,0.9686287509377344,0.9838080457614404,0.9638852213053264,1058922.0
2024-12-17,0.9676800450112529,0.9619878094523631,0.9724235746436609,0.9600903975994,756223.0
2024-12-18,0.9629365153788447,0.9572442798199549,0.966731339084771,0.9553468679669918,1083969.0
2024-12-19,0.9515520442610652,0.9534494561140284,0.9543981620405101,0.9373214553638409,1028083.0
2024-12-20,0.9487059264816204,0.9477572205551388,0.9534494561140284,0.9449111027756939,1086654.0
2024-12-23,0.9468085146286573,0.9449111027756939,0.9534494561140284,0.9420649849962491,1291200.0
2024-12-24,0.9458598087021756,0.952500750187547,0.9534494561140284,0.9411162790697675,2589440.0
2024-12-25,0.952500750187547,0.9430136909227308,0.952500750187547,0.9373214553638409,1405272.0
2024-12-26,0.9449111027756939,0.9468085146286573,0.9506033383345835,0.9430136909227308,731351.0
2024-12-27,0.9430136909227308,0.9420649849962491,0.9506033383345835,0.9401675731432858,1235146.0
2024-12-30,0.9420649849962491,0.9449111027756939,0.9477572205551388,0.9392188672168043,973435.0
2024-12-31,0.9449111027756939,0.9230908664666166,0.9458598087021756,0.9221421605401351,1765141.0
2025-01-02,0.9221421605401351,0.9136038072018005,0.9344753375843962,0.9079115716429107,1479495.0
2025-01-03,0.914552513128282,0.9221421605401351,0.9439623968492122,0.914552513128282,1934381.0
2025-01-06,0.9221421605401351,0.9306805138784696,0.9449111027756939,0.9155012190547638,2954617.0
2025-01-07,0.9306805138784696,0.9487059264816204,0.9487059264816204,0.9221421605401351,1724958.0
2025-01-08,0.9477572205551388,0.9335266316579145,0.9477572205551388,0.9192960427606901,1726189.0
2025-01-09,0.9306805138784696,0.9401675731432858,0.9420649849962491,0.9278343960990248,1395577.0
2025-01-10,0.9401675731432858,0.9363727494373594,0.9534494561140284,0.9344753375843962,1520947.0
2025-01-13,0.9316292198049513,0.9581929857464365,0.9638852213053264,0.9287831020255064,3186695.98
2025-01-14,0.9572442798199549,0.9724235746436609,0.9724235746436609,0.9477572205551388,2530194.0
2025-01-15,0.9676800450112529,0.9619878094523631,0.9733722805701426,0.9534494561140284,1821652.0
2025-01-16,0.9676800450112529,0.9790645161290324,0.9828593398349587,0.9657826331582896,3116270.19
2025-01-17,0.9790645161290324,0.9838080457614404,0.9857054576144035,0.9752696924231059,1159800.0
2025-01-20,0.9828593398349587,0.974320986496624,0.9838080457614404,0.9714748687171795,2226816.72
2025-01-21,0.974320986496624,0.9686287509377344,0.9762183983495873,0.9600903975994,1395473.12
2025-01-22,0.9686287509377344,0.9686287509377344,0.9714748687171795,0.9610391035258814,1002968.0
2025-01-23,0.9705261627906976,0.9619878094523631,0.9828593398349587,0.9610391035258814,1035856.99
2025-01-24,0.9600903975994,0.9714748687171795,0.9724235746436609,0.9562955738934734,1133054.0
2025-01-27,0.9705261627906976,0.9676800450112529,0.9790645161290324,0.9657826331582896,815978.0
2025-02-05,0.9762183983495873,0.9790645161290324,0.9828593398349587,0.9714748687171795,1230509.0
2025-02-06,0.9809619279819956,0.9913976931732934,0.9913976931732934,0.9762183983495873,1334282.0
2025-02-07,0.98950028132033,1.0037308702175545,1.0075256939234811,0.9828593398349587,3944688.99
2025-02-10,1.004679576144036,1.0056282820705178,1.0103718117029257,0.9989873405851462,2095183.19
2025-02-11,1.0075256939234811,1.0056282820705178,1.0189101650412604,1.0037308702175545,1897571.0
2025-02-12,1.0008847524381095,0.999936046511628,1.0018334583645911,0.9866541635408852,2104820.0
2025-02-13,0.997089928732183,0.9932951050262565,1.0065769879969992,0.9923463990997751,2201906.0
2025-02-14,0.9961412228057015,1.0008847524381095,1.0037308702175545,0.9923463990997751,5000346.0
2025-02-17,0.9923463990997751,0.977167104276069,0.9923463990997751,0.9733722805701426,2627236.0
2025-02-18,0.9762183983495873,0.9686287509377344,0.9809619279819956,0.9657826331582896,1225258.0
2025-02-19,0.9705261627906976,0.977167104276069,0.977167104276069,0.9676800450112529,1113334.9
2025-02-20,0.9752696924231059,0.981910633908477,0.9828593398349587,0.9733722805701426,1304987.0
2025-02-21,0.981910633908477,0.9781158102025506,0.9904489872468117,0.9752696924231059,1424762.0
2025-02-24,0.9752696924231059,0.977167104276069,0.9790645161290324,0.969577456864216,1302894.0
2025-02-25,0.9733722805701426,0.9648339272318079,0.9809619279819956,0.9638852213053264,1381401.0
2025-02-26,0.9648339272318079,0.9705261627906976,0.977167104276069,0.9638852213053264,1151208.0
2025-02-27,0.969577456864216,0.9657826331582896,0.9714748687171795,0.9562955738934734,1379325.0
2025-02-28,0.9638852213053264,0.9487059264816204,0.9648339272318079,0.9487059264816204,2473278.0
2025-03-03,0.9553468679669918,0.974320986496624,0.9828593398349587,0.9553468679669918,2972719.0
2025-03-04,0.974320986496624,0.977167104276069,0.9790645161290324,0.9629365153788447,2286328.0
2025-03-05,0.9752696924231059,0.9866541635408852,0.9876028694673669,0.9657826331582896,1807212.0
2025-03-06,0.98950028132033,0.999936046511628,1.0008847524381095,0.98950028132033,2273588.0
2025-03-07,0.997089928732183,1.0132179294823707,1.0236536946736685,0.997089928732183,2871897.75
2025-03-10,1.0217562828207052,1.0246024006001502,1.0264998124531133,1.0103718117029257,2855487.75
2025-03-11,1.0103718117029257,1.0302946361590397,1.0321920480120033,1.0065769879969992,2455239.0
2025-03-12,1.0340894598649664,1.0302946361590397,1.0388329894973742,1.0246024006001502,2978521.0
2025-03-13,1.0340894598649664,1.0369355776444111,1.0435765191297826,1.0264998124531133,2843581.8
2025-03-14,1.0578071080270068,1.0492687546886723,1.0672941672918228,1.0426278132033007,4139964.0
2025-03-17,1.0502174606151538,1.0397816954238561,1.052114872468117,1.0378842835708928,1813748.0
2025-03-18,1.0397816954238561,1.0540122843210802,1.0634993435858964,1.0397816954238561,1760585.0
2025-03-19,1.0530635783945987,1.0530635783945987,1.0549609902475618,1.0426278132033007,4014322.81
2025-03-20,1.0606532258064518,1.0502174606151538,1.0644480495123783,1.0492687546886723,2349250.81
2025-03-21,1.047371342835709,1.0255511065266316,1.052114872468117,1.0217562828207052,2451013.0
2025-03-24,1.0255511065266316,1.0454739309827459,1.0483200487621906,1.0217562828207052,2164731.0
2025-03-25,1.0454739309827459,1.047371342835709,1.0540122843210802,1.0369355776444111,2627119.59
2025-03-26,1.0549609902475618,1.0407304013503376,1.0682428732183047,1.0388329894973742,2102669.0
2025-03-27,1.0312433420855214,1.0302946361590397,1.0378842835708928,1.0227049887471868,1491434.0
2025-03-28,1.0321920480120033,1.0302946361590397,1.0369355776444111,1.019858870967742,2803931.92
2025-03-31,1.027448518379595,1.0217562828207052,1.0312433420855214,1.0113205176294076,1448078.26
2025-04-01,1.0236536946736685,1.0246024006001502,1.0331407539384847,1.019858870967742,2472502.99
2025-04-02,1.0208075768942237,1.014166635408852,1.0283972243060766,1.012269223555889,1089162.1
2025-04-03,1.0113205176294076,0.9989873405851462,1.0151153413353338,0.997089928732183,3365377.99
2025-04-07,0.9325779257314328,0.8993732183045762,0.9382701612903226,0.8993732183045762,4255870.0
2025-04-08,0.9088602775693924,0.9117063953488372,0.9126551012753188,0.88988615903976,2611825.0
2025-04-09,0.9012706301575393,0.9230908664666166,0.9268856901725431,0.8766042760690173,1457682.28
2025-04-10,0.9439623968492122,0.9581929857464365,0.969577456864216,0.9392188672168043,2491458.89
2025-04-11,0.9629365153788447,0.9657826331582896,0.9724235746436609,0.9600903975994,948872.0
2025-04-14,0.9705261627906976,0.98950028132033,0.9989873405851462,0.9705261627906976,1486737.0
2025-04-15,0.9866541635408852,0.981910633908477,0.9876028694673669,0.974320986496624,803293.0
2025-04-16,0.98950028132033,0.9809619279819956,0.98950028132033,0.966731339084771,680806.0
2025-04-17,0.9866541635408852,0.9762183983495873,0.997089928732183,0.9733722805701426,959703.12
2025-04-18,0.969577456864216,0.9733722805701426,0.9752696924231059,0.9619878094523631,493553.43
2025-04-21,0.977167104276069,1.0103718117029257,1.0113205176294076,0.977167104276069,1799443.0
2025-04-22,1.0113205176294076,1.0056282820705178,1.0160640472618154,1.0027821642910726,1007700.0
2025-04-23,0.9980386346586647,0.9913976931732934,1.0027821642910726,0.9876028694673669,1042855.0
2025-04-24,0.9951925168792198,0.9847567516879221,1.0018334583645911,0.9838080457614404,804693.0
2025-04-25,0.9876028694673669,0.9866541635408852,0.9980386346586647,0.9847567516879221,640131.04
2025-04-28,0.9847567516879221,0.9828593398349587,0.9866541635408852,0.9781158102025506,563856.75
2025-04-29,0.9800132220555139,0.9809619279819956,0.9857054576144035,0.9781158102025506,450359.0
2025-04-30,0.9809619279819956,0.9790645161290324,0.9857054576144035,0.977167104276069,370515.0
2025-05-06,0.9876028694673669,1.0027821642910726,1.0027821642910726,0.9876028694673669,1102502.0
2025-05-07,1.0065769879969992,1.0056282820705178,1.0103718117029257,0.9980386346586647,758957.0
2025-05-08,1.0018334583645911,0.9980386346586647,1.004679576144036,0.9932951050262565,739448.0
2025-05-09,0.9942438109527382,0.9951925168792198,0.9980386346586647,0.9885515753938485,574162.97
2025-05-12,0.9951925168792198,1.0037308702175545,1.004679576144036,0.9885515753938485,1393174.0
2025-05-13,1.0037308702175545,1.0075256939234811,1.0094231057764442,0.999936046511628,806356.47
2025-05-14,1.0065769879969992,1.0151153413353338,1.0151153413353338,1.0027821642910726,851571.0
2025-05-15,1.012269223555889,1.0027821642910726,1.0132179294823707,0.9980386346586647,536751.0
2025-05-16,1.0027821642910726,1.0008847524381095,1.0084743998499626,0.997089928732183,1072267.0
2025-05-19,1.0008847524381095,0.997089928732183,1.0027821642910726,0.9913976931732934,398505.0
2025-05-20,0.9961412228057015,1.0008847524381095,1.0027821642910726,0.9951925168792198,342493.27
2025-05-21,1.0056282820705178,1.0227049887471868,1.0227049887471868,1.0037308702175545,1244464.69
2025-05-22,1.019858870967742,1.0132179294823707,1.0227049887471868,1.0113205176294076,541464.0
2025-05-23,1.0113205176294076,1.014166635408852,1.0208075768942237,1.0094231057764442,584159.5
2025-05-26,1.0094231057764442,1.014166635408852,1.0227049887471868,1.0084743998499626,1195611.72
2025-05-27,1.0103718117029257,0.9942438109527382,1.0132179294823707,0.9885515753938485,1349864.0
2025-05-28,0.9904489872468117,0.9932951050262565,0.9980386346586647,0.9904489872468117,331585.0
2025-05-29,0.9885515753938485,0.9980386346586647,1.0008847524381095,0.9857054576144035,446432.0
2025-05-30,0.9980386346586647,0.9904489872468117,0.9980386346586647,0.9866541635408852,582107.47
2025-06-03,0.9989873405851462,1.0027821642910726,1.0084743998499626,0.9980386346586647,540674.0
2025-06-04,1.0008847524381095,1.0151153413353338,1.019858870967742,1.0008847524381095,863020.89
2025-06-05,1.0160640472618154,1.0113205176294076,1.0217562828207052,1.0103718117029257,1521226.76
2025-06-06,1.014166635408852,1.0236536946736685,1.027448518379595,1.014166635408852,1292178.84
2025-06-09,1.0189101650412604,1.0264998124531133,1.0283972243060766,1.012269223555889,1283209.9
2025-06-10,1.0246024006001502,1.027448518379595,1.0321920480120033,1.019858870967742,878724.21
2025-06-11,1.027448518379595,1.0483200487621906,1.052114872468117,1.0255511065266316,1413729.83
2025-06-12,1.0483200487621906,1.05970451987997,1.0616019317329333,1.0416791072768192,1430533.0
2025-06-13,1.0634993435858964,1.0587558139534885,1.0682428732183047,1.0540122843210802,1246013.0
2025-06-16,1.0587558139534885,1.0549609902475618,1.0663454613653414,1.0502174606151538,1481700.65
2025-06-17,1.052114872468117,1.0549609902475618,1.0616019317329333,1.0511661665416354,781346.32
2025-06-18,1.0568584021005254,1.0530635783945987,1.0578071080270068,1.0426278132033007,679759.24
2025-06-19,1.0464226369092273,1.0350381657914478,1.052114872468117,1.0321920480120033,879362.88
2025-06-20,1.0340894598649664,1.0312433420855214,1.0397816954238561,1.029345930232558,587121.16
2025-06-23,1.0302946361590397,1.0407304013503376,1.0416791072768192,1.0302946361590397,752257.13
2025-06-24,1.0407304013503376,1.0464226369092273,1.0540122843210802,1.0359868717179297,677898.26
2025-06-25,1.0492687546886723,1.0540122843210802,1.0540122843210802,1.0416791072768192,986715.09
2025-06-26,1.0530635783945987,1.0587558139534885,1.0691915791447864,1.0492687546886723,1288245.53
2025-06-27,1.0682428732183047,1.0796273443360838,1.0910118154538633,1.0644480495123783,2904673.9
2025-06-30,1.0815247561890473,1.0805760502625656,1.0815247561890473,1.0701402850712678,2743251.66
2025-07-01,1.0805760502625656,1.0957553450862716,1.0957553450862716,1.0701402850712678,1636250.0
2025-07-02,1.0929092273068268,1.1042936984246061,1.1128320517629409,1.0891144036009002,3330428.0
2025-07-03,1.1090372280570144,1.1061911102775694,1.111883345836459,1.0986014628657164,1991813.0
2025-07-04,1.099550168792198,1.0900631095273818,1.1033449924981245,1.0872169917479368,3124597.5
2025-07-07,1.0862682858214554,1.0815247561890473,1.0891144036009002,1.0805760502625656,1655950.5
2025-07-08,1.0815247561890473,1.0929092273068268,1.097652756939235,1.0815247561890473,2395083.76
2025-07-09,1.097652756939235,1.0720376969242311,1.1023962865716428,1.0682428732183047,3042508.92
2025-07-10,1.0767812265566392,1.0872169917479368,1.0900631095273818,1.0767812265566392,1592380.84
2025-07-11,1.0938579332333085,1.1080885221305325,1.1242165228807202,1.091960521380345,3220839.46
2025-07-14,1.1166268754688673,1.1128320517629409,1.1280113465866466,1.1109346399099775,2299047.13
2025-07-15,1.107139816204051,1.099550168792198,1.1137807576894223,1.0910118154538633,2675276.79
2025-07-16,1.097652756939235,1.0967040510127533,1.1042936984246061,1.0910118154538633,1557279.41
2025-07-17,1.0967040510127533,1.1004988747186797,1.1023962865716428,1.0900631095273818,1018585.0
2025-07-18,1.1033449924981245,1.1280113465866466,1.134652288072018,1.1023962865716428,2065674.0
2025-07-21,1.1337035821455366,1.1602673480870218,1.1612160540135035,1.12990875843961,3765578.95
2025-07-22,1.1631134658664666,1.1877798199549887,1.1877798199549887,1.1593186421605401,2721028.0
2025-07-23,1.1972668792198051,1.1830362903225808,1.2010617029257316,1.1801901725431359,4410959.9
2025-07-24,1.1754466429107278,1.2219332333083273,1.2314202925731434,1.1735492310577647,4259648.0
2025-07-25,1.2162409977494373,1.2219332333083273,1.2276254688672168,1.2133948799699925,2259572.89
2025-07-28,1.2086513503375844,1.2162409977494373,1.2190871155288823,1.1944207614403601,2214910.42
2025-07-29,1.2048565266316578,1.2133948799699925,1.2181384096024008,1.202010408852213,2237047.11
2025-07-30,1.2162409977494373,1.2058052325581397,1.220035821455364,1.1934720555138787,2295532.0
2025-07-31,1.186831114028507,1.1659595836459116,1.189677231807952,1.1593186421605401,3629593.0
2025-08-01,1.1621647599399851,1.1612160540135035,1.1688057014253566,1.157421230307577,1528971.94
2025-08-04,1.1593186421605401,1.1811388784696177,1.1811388784696177,1.1593186421605401,1837051.97
2025-08-05,1.1839849962490623,1.1858824081020256,1.189677231807952,1.1782927606901725,2505805.0
2025-08-06,1.1858824081020256,1.1991642910727682,1.202010408852213,1.1839849962490623,2341187.7
2025-08-07,1.203907820705176,1.2152922918229556,1.2162409977494373,1.1811388784696177,2990398.0
2025-08-08,1.2152922918229556,1.2304715866466618,1.2380612340585146,1.2086513503375844,3017029.0
2025-08-11,1.2399586459114778,1.2380612340585146,1.2428047636909227,1.2247793510877718,2290729.48
2025-08-12,1.2304715866466618,1.232368998499625,1.2361638222055513,1.220035821455364,1755773.08
2025-08-13,1.2295228807201801,1.2589327644411104,1.2589327644411104,1.2295228807201801,2834567.0
2025-08-14,1.2589327644411104,1.252291822955739,1.2655737059264816,1.2437534696174044,2886845.0
2025-08-15,1.2409073518379594,1.276958177044261,1.2798042948237058,1.2361638222055513,2655044.0
2025-08-18,1.282650412603151,1.282650412603151,1.2978297074268568,1.2636762940735184,3907658.9
2025-08-19,1.2798042948237058,1.275060765191298,1.294983589647412,1.2693685296324082,3463037.96
2025-08-20,1.2655737059264816,1.2864452363090775,1.2978297074268568,1.2636762940735184,1726531.35
2025-08-21,1.2854965303825956,1.2817017066766692,1.3063680607651915,1.2741120592648163,2474703.25
2025-08-22,1.2779068829707427,1.2978297074268568,1.3035219429857465,1.2779068829707427,2427555.66
2025-08-25,1.3281882970742684,1.3718287696924232,1.3756235933983496,1.3205986496624156,5763972.48
2025-08-26,1.367085240060015,1.3538033570892722,1.3699313578394599,1.341470180045011,4649322.26
2025-08-27,1.3613930045011253,1.3443162978244563,1.3775210052513127,1.341470180045011,4752315.57
2025-08-28,1.342418885971493,1.3689826519129784,1.3699313578394599,1.3300857089272318,4605921.02
2025-08-29,1.3708800637659417,1.409777006751688,1.4154692423105777,1.3708800637659417,3241224.87
2025-09-01,1.4382381845461365,1.4543661852963239,1.4553148912228058,1.397443829707427,6235502.25
2025-09-02,1.4638532445611403,1.4334946549137284,1.4752377156789196,1.4221101837959491,8231338.33
2025-09-03,1.4543661852963239,1.4287511252813203,1.4657506564141034,1.4069308889722434,5123351.92
2025-09-04,1.4230588897224306,1.3699313578394599,1.439186890472618,1.341470180045011,7026244.72
2025-09-05,1.357598180795199,1.429699831207802,1.4306485371342836,1.357598180795199,4921927.07
2025-09-08,1.4591097149287322,1.426853713428357,1.4591097149287322,1.414520536384096,4584083.33
2025-09-09,1.4278024193548386,1.4372894786196548,1.46954548012003,1.4221101837959491,6003637.59
2025-09-10,1.4173666541635408,1.4230588897224306,1.4372894786196548,1.3993412415603903,4821340.34
2025-09-11,1.4183153600900227,1.4458278319579896,1.446776537884471,1.4135718304576144,3681220.53
2025-09-12,1.4591097149287322,1.4818786571642912,1.4970579519879972,1.4543661852963239,6543397.0
2025-09-15,1.4837804763690923,1.4703699362340585,1.493359433608402,1.4665383533383345,4640556.24
2025-09-16,1.4856962678169543,1.451212021755439,1.4904857464366092,1.4186435671417856,8417420.38
2025-09-17,1.4387593773443361,1.4540857089272319,1.456001500375094,1.4253488372093024,5302238.36
2025-09-18,1.4358856901725434,1.4023593398349588,1.436843585896474,1.3832014253563392,7740817.51
2025-09-19,1.3985277569392347,1.4205593585896477,1.4320541072768194,1.3985277569392347,4510147.2
2025-09-22,1.4349277944486123,1.4339698987246814,1.4406751687921981,1.405233027006752,3587704.43
2025-09-23,1.4339698987246814,1.4205593585896477,1.4550436046511628,1.397569861215304,5303340.81
2025-09-24,1.4119382970742687,1.439717273068267,1.4406751687921981,1.4109804013503378,4307502.92
2025-09-25,1.4646225618904727,1.4684541447861965,1.4828225806451614,1.4540857089272319,6344502.02
2025-09-26,1.4665383533383345,1.4674962490622656,1.5000647036759192,1.4617488747186798,4718503.22
2025-09-29,1.4856962678169543,1.5278436796699175,1.5288015753938486,1.4684541447861965,5921147.09
2025-09-30,1.5470015941485373,1.5834016316579145,1.5881911102775694,1.5460436984246062,7237017.53
2025-10-09,1.67631751687922,1.7213386159039759,1.7242123030757692,1.6437490622655666,11733723.64
2025-10-10,1.7098438672168044,1.6590753938484621,1.7155912415603902,1.6485385408852216,13633463.91
2025-10-13,1.607349024756189,1.7232544073518379,1.729959677419355,1.607349024756189,14068552.55
2025-10-14,1.7682755063765943,1.6552438109527383,1.7730649849962492,1.6399174793698426,14140099.87
2025-10-15,1.6676964553638411,1.670570142535634,1.6820648912228058,1.6217174606151539,9970861.52
2025-10-16,1.6619490810202553,1.6322543135783947,1.672485933983496,1.6245911477869468,6133966.79
2025-10-17,1.6533280195048763,1.6006437546886723,1.671528038259565,1.5958542760690173,6894562.42
2025-10-20,1.5881911102775694,1.5786121530382595,1.6025595461365343,1.5671174043510876,5968239.51
2025-10-21,1.5977700675168791,1.6035174418604652,1.618843773443361,1.5786121530382595,5174440.71
2025-10-22,1.5422121155288824,1.5824437359339836,1.5862753188297074,1.5402963240810204,5748305.19
2025-10-23,1.5728647786946737,1.6006437546886723,1.6054332333083272,1.5508331770442612,4725554.29
2025-10-24,1.616927981995499,1.6284227306826706,1.6370437921980496,1.6063911290322581,5486222.17
2025-10-27,1.6418332708177046,1.6676964553638411,1.6791912040510129,1.6380016879219805,6658490.62
2025-10-28,1.6571596024006001,1.6150121905476371,1.6590753938484621,1.6102227119279822,6937335.56
2025-10-29,1.619801669167292,1.6897280570142537,1.6926017441860464,1.619801669167292,6749167.16
2025-10-30,1.6801490997749438,1.7088859714928732,1.731875468867217,1.672485933983496,7639711.99
2025-10-31,1.7012228057014256,1.670570142535634,1.7098438672168044,1.668654351087772,5026879.06
2025-11-03,1.6581174981245315,1.6466227494373595,1.66673855963991,1.6006437546886723,6271419.79
2025-11-04,1.6332122093023258,1.5968121717929484,1.6437490622655666,1.5814858402100525,3990151.18
2025-11-05,1.557538447111778,1.6035174418604652,1.6102227119279822,1.5508331770442612,6101284.2
2025-11-06,1.6025595461365343,1.6552438109527383,1.6562017066766694,1.5987279632408105,5971162.0
2025-11-07,1.6514122280570143,1.6648227681920482,1.675359621155289,1.6389595836459117,3421762.0
2025-11-10,1.6830227869467367,1.672485933983496,1.7021807014253563,1.6581174981245315,5045549.25
2025-11-11,1.6878122655663916,1.6494964366091522,1.6935596399099777,1.6456648537134284,3425726.78
2025-11-12,1.6427911665416355,1.6504543323330834,1.67631751687922,1.6245911477869468,3562330.73
2025-11-13,1.6657806639159791,1.7184649287321832,1.733791260315079,1.6600332895723933,7234231.53
2025-11-14,1.6916438484621157,1.6858964741185296,1.7060122843210803,1.673443829707427,4372860.57
2025-11-17,1.6791912040510129,1.6772754126031508,1.6964333270817704,1.668654351087772,3932586.94
2025-11-18,1.671528038259565,1.6303385221305327,1.675359621155289,1.616927981995499,5285790.08
2025-11-19,1.6351280007501876,1.67631751687922,1.6858964741185296,1.6351280007501876,3786973.07
2025-11-20,1.67631751687922,1.668654351087772,1.7098438672168044,1.6648227681920482,4100026.9
2025-11-21,1.6399174793698426,1.5805279444861215,1.6399174793698426,1.5786121530382595,6447825.77
2025-11-24,1.5805279444861215,1.5690331957989496,1.5881911102775694,1.5402963240810204,4300506.39
2025-11-25,1.5872332145536385,1.6035174418604652,1.613096399099775,1.5786121530382595,3568943.16
2025-11-26,1.6102227119279822,1.6035174418604652,1.6226753563390848,1.5977700675168791,2424354.0
2025-11-27,1.61788587771943,1.6054332333083272,1.6380016879219805,1.6025595461365343,2881715.79
2025-11-28,1.611180607651913,1.6322543135783947,1.6380016879219805,1.5996858589647411,3009898.98
2025-12-01,1.6744017254313581,1.6820648912228058,1.7088859714928732,1.668654351087772,5416374.72
2025-12-02,1.671528038259565,1.6581174981245315,1.671528038259565,1.6475806451612904,3357507.04
2025-12-03,1.6590753938484621,1.668654351087772,1.6897280570142537,1.6562017066766694,3563313.1
2025-12-04,1.6945175356339084,1.6744017254313581,1.7117596586646662,1.6676964553638411,3767599.41
2025-12-05,1.6657806639159791,1.7175070330082522,1.7213386159039759,1.6657806639159791,5055597.47
2025-12-08,1.7242123030757692,1.729959677419355,1.729959677419355,1.6945175356339084,5673161.25
2025-12-09,1.7146333458364593,1.672485933983496,1.7155912415603902,1.6609911852963242,4880436.76
2025-12-10,1.6801490997749438,1.6897280570142537,1.6916438484621157,1.663864872468117,4829043.1
2025-12-11,1.7060122843210803,1.6772754126031508,1.7175070330082522,1.675359621155289,3996808.24
2025-12-12,1.7040964928732183,1.6954754313578395,1.7088859714928732,1.6801490997749438,3338019.5
2025-12-15,1.6744017254313581,1.6878122655663916,1.7069701800450112,1.672485933983496,2947601.78
2025-12-16,1.6811069954988747,1.6427911665416355,1.6830227869467367,1.6303385221305327,5907293.76
2025-12-17,1.6533280195048763,1.7002649099774945,1.7088859714928732,1.6533280195048763,4403658.89
2025-12-18,1.6993070142535636,1.6973912228057015,1.7242123030757692,1.6868543698424607,4013358.88
2025-12-19,1.6935596399099777,1.7309175731432858,1.7328333645911478,1.6772754126031508,4084973.32
2025-12-22,1.7529491747936987,1.7692334021005254,1.7797702550637662,1.7443281132783197,4871826.51
2025-12-23,1.7807281507876969,1.7807281507876969,1.8113808139534884,1.7596544448612155,5546429.85
2025-12-24,1.7979702738184549,1.7903071080270068,1.8037176481620405,1.7721070892723183,6286544.78
2025-12-25,1.7663597149287322,1.7692334021005254,1.776896567891973,1.7472018004501126,4900190.83
2025-12-26,1.7941386909227308,1.839159789947487,1.8506545386346587,1.7941386909227308,7819516.05
2025-12-29,1.8678966616654165,1.7989281695423855,1.8688545573893476,1.7960544823705928,12752254.92
2025-12-30,1.7395386346586648,1.8286229369842464,1.8401176856714179,1.7395386346586648,9679351.21
2025-12-31,1.8286229369842464,1.845865060015004,1.8793914103525884,1.8267071455363844,6088530.75
2026-01-05,1.8736440360090023,1.897591429107277,1.9004651162790698,1.8554440172543138,8211032.58
2026-01-06,1.929201987996999,1.9732651912978247,1.9857178357089273,1.9224967179294827,8159779.83
2026-01-07,1.9924231057764445,1.9809283570892726,2.014454707426857,1.9598546511627908,9295786.74
2026-01-08,1.9541072768192047,1.9464441110277568,1.9933810015003752,1.9224967179294827,10036481.07
2026-01-09,1.9282440922730684,2.005833645911478,2.012538915978995,1.9272861965491375,9183073.72
2026-01-12,2.0585179107276823,2.0288231432858215,2.06618107651913,1.9933810015003752,10805666.95
2026-01-13,2.029781039009753,2.050854744936234,2.093960052513128,2.024991560390098,11210518.56
2026-01-14,2.06618107651913,2.057560015003751,2.1073705926481625,2.0412757876969243,12969038.56
2026-01-15,2.0566021192798196,2.113117966991748,2.1504759002250564,2.0460652663165795,14256949.86
2026-01-16,2.113117966991748,2.0834231995498875,2.1543074831207805,2.071928450862716,14566480.09
2026-01-19,2.082465303825957,2.0853389909977493,2.097791635408852,2.0374442048012003,10057366.43
2026-01-20,2.095875843960991,2.0920442610652668,2.1159916541635413,2.018286290322581,12200104.86
2026-01-21,2.0920442610652668,2.1581390660165045,2.160054857464366,2.0853389909977493,9744567.05
2026-01-22,2.1313179857464366,2.1418548387096776,2.152391691672918,2.109286384096024,8472648.79
2026-01-23,2.170591710427607,2.1964548949737437,2.2108233308327083,2.1504759002250564,7835384.2
2026-01-26,2.2587181170292574,2.3123602775693923,2.324812921980495,2.2568023255813956,12628902.4
2026-01-27,2.2855391972993253,2.29032867591898,2.347802419354839,2.2424338897224305,17363458.52
2026-01-28,2.303739216054013,2.441676200300075,2.455086740435109,2.28074971867967,16324977.15
2026-01-29,2.519265753938485,2.485739403600901,2.561413165791448,2.35833927231808,23641935.61
2026-01-30,2.346844523630908,2.2405180982745687,2.3698340210052513,2.237644411102776,26194639.42
2026-02-02,2.0163704988747186,2.0163704988747186,2.126528507126782,2.0163704988747186,21225405.35
2026-02-03,2.0968337396849215,2.1543074831207805,2.164844336084021,2.048938953488372,18048538.76
2026-02-04,2.2002864778694677,2.1581390660165045,2.2098654351087776,2.129402194298575,9481406.62
2026-02-05,2.1054548012003003,2.0537284321080276,2.1322758814703677,2.021159977494374,10401399.0
2026-02-06,1.960812546886722,2.0623494936234064,2.090128469617404,1.960812546886722,8257875.58
2026-02-09,2.110244279819955,2.106412696924231,2.122696924231058,2.0834231995498875,6092699.1
2026-02-10,2.1112021755438866,2.102581114028507,2.1217390285071267,2.0891705738934734,4948320.27
2026-02-11,2.1006653225806455,2.161012753188297,2.178254876219055,2.098749531132783,6241051.0
2026-02-12,2.160054857464366,2.1753811890472616,2.2022022693173295,2.155265378844711,6083098.92
2026-02-13,2.129402194298575,2.1006653225806455,2.1504759002250564,2.0949179482370592,7707055.0
2026-02-24,2.1667601275318833,2.164844336084021,2.1801706676669164,2.1495180045011257,6757794.98
2026-02-25,2.174423293323331,2.248181264066017,2.2730865528882225,2.1667601275318833,9041771.0
2026-02-26,2.270212865716429,2.2309391410352593,2.2721286571642914,2.223275975243811,7593331.19
2026-02-27,2.2156128094523635,2.3085286946736687,2.3123602775693923,2.2156128094523635,8799912.57
2026-03-02,2.3774971867966994,2.392823518379595,2.394739309827457,2.2711707614403602,12623270.06
2026-03-03,2.349718210802701,2.2625496999249815,2.3755813953488376,2.2510549512378097,13259419.1
2026-03-04,2.167718023255814,2.2462654726181546,2.297033945986497,2.167718023255814,8870072.01
2026-03-05,2.282665510127532,2.228065453863466,2.289370780195049,2.20316016504126,8785819.46
2026-03-06,2.1954969992498126,2.1830443548387097,2.221360183795949,2.1504759002250564,6987934.17
2026-03-09,2.1322758814703677,2.1619706489122286,2.1772969804951243,2.0815074081020257,9343232.07
2026-03-10,2.1763390847711928,2.1830443548387097,2.1926233120780196,2.16388644036009,4500542.87
2026-03-11,2.1935812078019508,2.1753811890472616,2.2022022693173295,2.1667601275318833,4149849.45
2026-03-12,2.155265378844711,2.159096961740435,2.1878338334583645,2.13419167291823,6620574.98
2026-03-13,2.1389811515378847,2.1006653225806455,2.186875937734434,2.0949179482370592,6902744.1
2026-03-16,2.071928450862716,2.036486309077269,2.0910863653413356,1.9857178357089273,13092811.58
2026-03-17,2.0412757876969243,2.002959958739685,2.06618107651913,2.002002063015754,7395884.7
2026-03-18,1.9972125843960993,1.9876336271567894,2.005833645911478,1.952191485371343,6370075.25
2026-03-19,1.925370405101275,1.8621492873218306,1.9378230495123783,1.8535282258064518,12406757.58
2026-03-20,1.8535282258064518,1.836286102775694,1.8947177419354837,1.834370311327832,9231870.72
2026-03-23,1.7740228807201803,1.7462439047261817,1.8267071455363844,1.7424123218304577,10427630.01
2026-03-24,1.791265003750938,1.8123387096774195,1.8142545011252815,1.7347491560390098,10216093.25
2026-03-25,1.8678966616654165,1.8698124531132785,1.892801950487622,1.8525703300825207,7816051.1
2026-03-26,1.8631071830457615,1.838201894223556,1.8784335146286573,1.827665041260315,4393096.17
2026-03-27,1.8018018567141787,1.892801950487622,1.905254594898725,1.7979702738184549,6291081.78
2026-03-30,1.8947177419354837,1.9234546136534136,1.925370405101275,1.8688545573893476,4977174.48
2026-03-31,1.9244125093773443,1.8995072205551389,1.9387809452363094,1.8851387846961742,4501869.32
2026-04-01,1.9464441110277568,1.940696736684171,1.94931779819955,1.9196230307576896,5602440.0
2026-04-02,1.933033570892723,1.907170386346587,1.9445283195798948,1.8889703675918978,5037142.74
2026-04-03,1.9062124906226556,1.8880124718679672,1.9157914478619655,1.8784335146286573,3047414.05
2026-04-07,1.8870545761440363,1.9081282820705177,1.9138756564141037,1.8870545761440363,2715045.59
2026-04-08,1.9732651912978247,2.029781039009753,2.0307389347336837,1.9732651912978247,7502238.96
2026-04-09,1.9933810015003752,2.014454707426857,2.032654726181545,1.9876336271567894,5137457.26
2026-04-10,2.0307389347336837,2.00774943735934,2.0384021005251314,2.002002063015754,4429296.12
2026-04-13,1.990507314328582,2.00774943735934,2.015412603150788,1.9876336271567894,4117044.56
2026-04-14,2.0498968492123035,2.0460652663165795,2.0537284321080276,2.0192441860465116,5368810.63
2026-04-15,2.076717929482371,2.015412603150788,2.082465303825957,2.008707333083271,5137963.41
2026-04-16,2.025949456114029,2.078633720930233,2.078633720930233,2.025949456114029,5274975.32
2026-04-17,2.061391597899475,2.0757600337584394,2.0920442610652668,2.059475806451613,3438027.56
2026-04-20,2.0748021380345087,2.0872547824456116,2.104496905476369,2.069054763690923,4008419.18
2026-04-21,2.090128469617404,2.0882126781695427,2.093960052513128,2.0566021192798196,3793951.9
2026-04-22,2.067138972243061,2.0872547824456116,2.0949179482370592,2.0623494936234064,4610108.2
2026-04-23,2.0862968867216805,2.0096652288072017,2.0930021567891974,1.9933810015003752,7641207.79
2026-04-24,1.9952967929482373,2.0288231432858215,2.0412757876969243,1.9790125656414101,5021145.86
2026-04-27,2.0230757689422356,2.006791541635409,2.0307389347336837,2.002959958739685,3263695.46
2026-04-28,1.9933810015003752,1.956980963990998,1.9962546886721684,1.9502756939234809,4231090.77
2026-04-29,1.9464441110277568,2.0498968492123035,2.0498968492123035,1.9464441110277568,5640091.75
2026-04-30,2.0384021005251314,2.029781039009753,2.063307389347337,2.012538915978995,3802627.04
2026-05-06,2.0441494748687172,2.106412696924231,2.1073705926481625,2.024991560390098,7010343.11
2026-05-07,2.1370653600900225,2.1140758627156786,2.1408969429857465,2.0862968867216805,7521275.63
2026-05-08,2.095875843960991,2.113117966991748,2.1217390285071267,2.0738442423105776,5402753.62
2026-05-11,2.106412696924231,2.11503375843961,2.1313179857464366,2.093960052513128,6728432.03
2026-05-12,2.1418548387096776,2.095875843960991,2.1543074831207805,2.0882126781695427,7461636.77
2026-05-13,2.1035390097524385,2.1159916541635413,2.1322758814703677,2.095875843960991,6090579.45
2026-05-14,2.106412696924231,2.040317891972993,2.1159916541635413,2.0384021005251314,6221129.33
2026-05-15,2.0163704988747186,1.953149381095274,2.021159977494374,1.93973884096024,7084864.56
2026-05-18,1.9062124906226556,1.9244125093773443,1.9320756751687922,1.889928263315829,5219627.42
2026-05-19,1.9215388222055512,1.897591429107277,1.9215388222055512,1.8602334958739686,4130930.32
2026-05-20,1.8678966616654165,1.901423012003001,1.9157914478619655,1.8496966429107278,5014681.35
2026-05-21,1.9224967179294827,1.8650229744936235,1.9502756939234809,1.8611913915978995,5406835.37
2026-05-22,1.8688545573893476,1.9339914666166542,1.9435704238559641,1.8592756001500377,4943172.95
2026-05-25,1.9636862340585148,1.93973884096024,1.9790125656414101,1.925370405101275,6963712.48
2026-05-26,1.9244125093773443,2.006791541635409,2.011581020255064,1.9004651162790698,8702050.14
2026-05-27,1.9972125843960993,1.9282440922730684,2.003917854463616,1.9157914478619655,6577593.66
2026-05-28,1.8995072205551389,1.907170386346587,1.9234546136534136,1.8554440172543138,6201676.67
2026-05-29,1.9272861965491375,1.882265097524381,1.9426125281320334,1.8707703488372094,5004277.33
2026-06-01,1.8784335146286573,1.8669387659414856,1.9042966991747936,1.8621492873218306,4392999.04
2026-06-02,1.8726861402850714,1.9301598837209306,1.936865153788447,1.8449071642910728,6172113.37
2026-06-03,1.9129177606901728,1.9464441110277568,1.9675178169542387,1.9042966991747936,6251298.72
2026-06-04,1.9196230307576896,1.8870545761440363,1.9224967179294827,1.8755598274568643,4819733.0
2026-06-05,1.8678966616654165,1.8449071642910728,1.8995072205551389,1.836286102775694,4577961.13
2026-06-08,1.7663597149287322,1.7433702175543888,1.7970123780945235,1.7165491372843211,7037861.17
2026-06-09,1.7519912790697674,1.7903071080270068,1.7950965866466617,1.7165491372843211,6040613.73
2026-06-10,1.7462439047261817,1.7654018192048013,1.785517629407352,1.7433702175543888,4417864.41
2026-06-11,1.7481596961740435,1.8008439609902476,1.8180860840210051,1.7481596961740435,6814211.82
2026-06-12,1.8506545386346587,1.892801950487622,1.9349493623405853,1.83245451987997,8888713.28
2026-06-15,1.953149381095274,1.9761388784696179,2.011581020255064,1.9244125093773443,12935425.97
2026-06-16,1.9541072768192047,1.9627283383345835,1.9924231057764445,1.9474020067516882,7949286.88
2026-06-17,1.955065172543136,1.9588967554388597,1.9818862528132033,1.933033570892723,6735268.96
2026-06-18,1.9311177794448615,1.9636862340585148,2.0106231245311332,1.9205809264816203,8883197.01
2026-06-22,1.9483599024756189,2.0642652850712677,2.0709705551387847,1.941654632408102,9318782.16
2026-06-23,2.0585179107276823,1.892801950487622,2.0585179107276823,1.8774756189047264,10896987.23
2026-06-24,1.8621492873218306,1.8966335333833457,1.897591429107277,1.83245451987997,8376877.31
2026-06-25,1.8535282258064518,1.841075581395349,1.8717282445611405,1.827665041260315,6769038.48
2026-06-26,1.8401176856714179,1.7615702363090773,1.8506545386346587,1.7539070705176294,9153821.0
2026-06-29,1.7596544448612155,1.785517629407352,1.7970123780945235,1.7491175918979747,6191198.43
2026-06-30,1.7539070705176294,1.7759386721680421,1.7778544636159042,1.728043885971493,4345969.0
2026-07-01,1.7634860277569393,1.7701912978244563,1.7998860652663167,1.7529491747936987,4761967.39
2026-07-02,1.784559733683421,1.8008439609902476,1.83245451987997,1.7500754876219056,6643508.38
2026-07-03,1.835328207051763,1.8123387096774195,1.8506545386346587,1.8056334396099025,7572541.15
2026-07-06,1.8152123968492124,1.786475525131283,1.8707703488372094,1.7826439422355589,6547729.95
2026-07-07,1.7596544448612155,1.727085990247562,1.776896567891973,1.7232544073518379,5028288.21
2026-07-08,1.7146333458364593,1.67631751687922,1.7232544073518379,1.67631751687922,4488156.34
2026-07-09,1.6571596024006001,1.671528038259565,1.6887701612903228,1.5948963803450864,7022945.58
2026-07-10,1.67631751687922,1.6820648912228058,1.727085990247562,1.6562017066766694,5023441.77
2026-07-13,1.6609911852963242,1.6083069204801201,1.6609911852963242,1.6025595461365343,4089751.0
2026-07-14,1.5968121717929484,1.6993070142535636,1.6993070142535636,1.5881911102775694,6742198.65
2026-07-15,1.7060122843210803,1.6657806639159791,1.7060122843210803,1.6609911852963242,4415006.29
2026-07-16,1.6475806451612904,1.6523701237809454,1.6820648912228058,1.6380016879219805,3952436.54
2026-07-17,1.6303385221305327,1.5671174043510876,1.6341701050262567,1.557538447111778,5674546.42
2026-07-20,1.5805279444861215,1.556580551387847,1.6044753375843963,1.5374226369092274,4654522.28
2026-07-21,1.5795700487621906,1.6380016879219805,1.6389595836459117,1.5537068642160543,5758052.07
2026-07-22,1.6504543323330834,1.6935596399099777,1.7184649287321832,1.6475806451612904,7097369.06
2026-07-23,1.7002649099774945,1.7452860090022506,1.7730649849962492,1.6849385783945987,10244407.51
2026-07-24,1.6849385783945987,1.6619490810202553,1.7117596586646662,1.6542859152288074,6658234.0
2026-07-27,1.6868543698424607,1.7012228057014256,1.7021807014253563,1.6600332895723933,4623788.0
2026-07-28,1.6696122468117032,1.6629069767441862,1.6830227869467367,1.6475806451612904,5320490.25
2026-07-29,1.6629069767441862,1.6935596399099777,1.7088859714928732,1.6399174793698426,4038007.08
2026-07-30,1.7050543885971494,1.673443829707427,1.7251701987997,1.6609911852963242,5093549.98
2026-07-31,1.7031385971492876,1.7165491372843211,1.7433702175543888,1.7021807014253563,4702450.52
2026-08-03,1.7146333458364593,1.7031385971492876,1.7175070330082522,1.6791912040510129,3630532.0
2026-08-04,1.7060122843210803,1.7328333645911478,1.7347491560390098,1.6973912228057015,4610708.47
2026-08-05,1.7481596961740435,1.8228755626406603,1.8247913540885223,1.7414544261065268,8947576.65
2026-08-06,1.8678966616654165,1.836286102775694,1.8765177231807952,1.8142545011252815,9213443.26
2026-08-07,1.8286229369842464,1.901423012003001,1.901423012003001,1.8286229369842464,6590003.26
2026-08-10,1.925370405101275,1.933033570892723,1.9387809452363094,1.8880124718679672,8109648.89
2026-08-11,1.9339914666166542,1.841075581395349,1.9435704238559641,1.836286102775694,10783170.69
2026-08-12,1.831496624156039,1.8583177044261066,1.8880124718679672,1.831496624156039,7246432.3
2026-08-13,1.8554440172543138,1.7903071080270068,1.8602334958739686,1.786475525131283,7694251.15
2026-08-14,1.7711491935483872,1.8104229182295575,1.8142545011252815,1.7711491935483872,4875234.39
2026-08-17,1.835328207051763,1.8659808702175544,1.8659808702175544,1.8286229369842464,6791833.75
2026-08-18,1.8516124343585898,1.8516124343585898,1.8774756189047264,1.829580832708177,4880307.42
2026-08-19,1.8113808139534884,1.785517629407352,1.8247913540885223,1.7816860465116282,4579729.52
2026-08-20,1.8286229369842464,1.8046755438859716,1.8631071830457615,1.7960544823705928,5742412.0
2026-08-21,1.8113808139534884,1.8640650787696926,1.8669387659414856,1.8046755438859716,7685045.02
2026-08-24,1.889928263315829,1.8669387659414856,1.9004651162790698,1.8449071642910728,8345358.64
2026-08-25,1.8640650787696926,1.8161702925731433,1.8640650787696926,1.791265003750938,6296522.0
2026-08-26,1.8161702925731433,1.8621492873218306,1.8966335333833457,1.8161702925731433,8354020.49
2026-08-27,1.841075581395349,1.8841808889722431,1.895675637659415,1.837243998499625,5907070.9
2026-08-28,1.8880124718679672,1.8985493248312078,1.905254594898725,1.8602334958739686,4821075.96
2026-08-31,1.84203347711928,1.8707703488372094,1.8736440360090023,1.8113808139534884,10335802.0
2026-09-01,1.8688545573893476,1.8535282258064518,1.889928263315829,1.8506545386346587,4212216.73
2026-09-02,1.8094650225056266,1.8065913353338334,1.8219176669167292,1.7692334021005254,6609766.11
2026-09-03,1.827665041260315,1.83245451987997,1.845865060015004,1.8219176669167292,3878065.73
2026-09-04,1.8554440172543138,1.8046755438859716,1.8564019129782445,1.7931807951988,6198996.9
2026-09-07,1.7893492123030759,1.7931807951988,1.8018018567141787,1.7836018379594902,3021525.97
2026-09-08,1.8142545011252815,1.8209597711927983,1.837243998499625,1.8085071267816955,5031987.27
2026-09-09,1.829,1.853,1.856,1.82,4643632.0
2026-09-10,1.845,1.828,1.846,1.823,3447162.64
2026-09-11,1.768,1.754,1.768,1.708,6573779.84
2026-09-14,1.724,1.739,1.755,1.722,3584771.0
2026-09-15,1.732,1.725,1.75,1.721,3686565.88
2026-09-16,1.727,1.753,1.76,1.7,4165371.84
2026-09-17,1.73,1.708,1.753,1.695,4255450.51
2026-09-18,1.734,1.732,1.739,1.71,3298076.0
