date,open,close,high,low,volume
2013-01-04,5.73,5.65,5.73,5.54,41017.12
2013-01-07,5.65,5.9,5.99,5.61,65591.17
2013-01-08,5.91,6.49,6.49,5.84,105378.63
2013-01-09,6.92,7.14,7.14,6.77,399556.13
2013-01-10,6.7,6.95,6.98,6.62,226075.85
2013-01-11,6.85,6.83,7.09,6.74,162170.53
2013-01-14,6.74,6.89,6.91,6.51,159640.56
2013-01-15,6.8,6.8,7.02,6.64,139560.09
2013-01-16,6.72,6.74,6.75,6.54,84536.47
2013-01-17,6.73,6.67,6.84,6.63,63179.77
2013-01-18,6.6,6.75,6.81,6.49,99694.91
2013-01-21,6.78,6.63,6.87,6.57,79914.78
2013-01-22,6.63,6.53,6.81,6.47,80985.59
2013-01-23,6.45,6.62,6.76,6.41,59464.72
2013-01-24,6.67,6.29,6.67,6.28,64502.5
2013-01-25,6.32,6.27,6.38,6.15,43066.68
2013-01-28,6.27,6.39,6.39,6.25,33771.29
2013-01-29,6.46,6.59,6.69,6.39,59673.57
2013-01-30,6.61,6.46,6.63,6.38,42629.63
2013-01-31,6.44,6.39,6.5,6.37,24713.28
2013-02-01,6.36,6.46,6.58,6.35,40994.43
2013-02-04,6.49,6.32,6.49,6.26,35535.79
2013-02-05,6.27,6.46,6.49,6.19,39602.98
2013-02-06,6.46,6.49,6.57,6.42,27658.39
2013-02-07,6.52,6.53,6.55,6.4,21078.79
2013-02-08,6.59,6.6,6.66,6.52,32243.18
2013-02-18,6.63,6.62,6.68,6.55,22305.88
2013-02-19,6.63,6.46,6.66,6.4,24890.2
2013-02-20,6.46,6.51,6.51,6.41,18002.18
2013-02-21,6.49,6.27,6.49,6.18,35885.44
2013-02-22,6.32,6.25,6.32,6.23,18162.78
2013-02-25,6.25,6.41,6.44,6.15,32759.01
2013-02-26,6.39,6.31,6.43,6.3,16459.33
2013-02-27,6.27,6.32,6.35,6.25,15373.72
2013-02-28,6.28,6.39,6.4,6.28,26390.27
2013-03-01,6.39,6.46,6.46,6.34,24706.05
2013-03-04,6.39,6.1,6.39,6.06,31868.62
2013-03-05,6.1,6.21,6.24,6.07,16662.44
2013-03-06,6.21,6.32,6.32,6.15,26374.2
2013-03-07,6.3,6.29,6.36,6.23,22366.14
2013-03-08,6.31,6.49,6.65,6.25,56122.96
2013-03-11,6.42,6.77,6.81,6.42,81258.25
2013-03-12,6.93,6.48,6.93,6.4,78243.97
2013-03-13,6.32,6.26,6.39,6.19,36508.2
2013-03-14,6.25,6.32,6.35,6.19,19821.18
2013-03-15,6.31,6.28,6.41,6.15,28541.21
2013-03-18,6.23,5.9,6.26,5.77,43734.6
2013-03-19,5.83,5.96,5.99,5.8,18804.85
2013-03-20,5.96,6.07,6.1,5.9,16202.1
2013-03-21,6.09,6.22,6.32,6.04,31035.32
2013-03-22,6.21,6.19,6.22,6.12,19389.7
2013-03-25,6.19,6.25,6.31,6.14,13963.68
2013-03-26,6.23,6.13,6.24,6.08,16447.04
2013-03-27,6.13,6.07,6.18,6.02,12902.5
2013-03-28,6.0,5.77,6.07,5.76,24880.82
2013-03-29,5.75,5.87,5.9,5.75,10276.73
2013-04-01,5.92,5.98,6.1,5.81,14188.39
2013-04-02,6.0,5.94,6.06,5.88,7575.51
2013-04-03,5.93,6.0,6.02,5.86,11450.94
2013-04-08,5.91,6.06,6.11,5.77,16793.16
2013-04-09,6.04,6.19,6.25,6.03,24018.25
2013-04-10,6.19,6.17,6.22,6.09,14045.73
2013-04-11,6.31,6.18,6.36,6.18,23837.62
2013-04-12,6.1,6.12,6.22,6.09,11659.7
2013-04-15,6.18,6.12,6.18,6.08,9774.18
2013-04-16,6.08,6.21,6.23,6.05,10701.52
2013-04-17,6.28,6.2,6.28,6.17,8459.08
2013-04-18,6.19,6.39,6.53,6.15,37417.82
2013-04-19,6.36,6.42,6.43,6.33,27376.78
2013-04-22,6.35,6.36,6.49,6.3,18513.47
2013-04-23,6.39,6.07,6.41,6.07,27491.58
2013-04-24,6.0,6.15,6.2,6.0,16997.56
2013-04-25,6.19,6.18,6.38,6.15,32937.83
2013-04-26,6.11,5.98,6.21,5.93,27929.11
2013-05-02,5.98,5.96,6.0,5.75,28187.36
2013-05-03,5.96,5.98,6.04,5.89,27918.42
2013-05-06,6.04,6.14,6.18,5.93,32555.19
2013-05-07,6.11,6.14,6.26,6.1,23340.51
2013-05-08,6.21,6.33,6.39,6.15,39298.31
2013-05-09,6.28,6.46,6.46,6.25,53387.4
2013-05-10,6.45,6.39,6.53,6.27,31280.33
2013-05-13,6.42,6.38,6.46,6.32,24173.47
2013-05-14,6.34,6.26,6.37,6.21,26478.08
2013-05-15,6.3,6.4,6.42,6.27,21111.83
2013-05-16,6.42,6.41,6.53,6.39,41765.98
2013-05-17,6.41,6.67,6.92,6.33,68191.89
2013-05-20,6.7,6.7,6.75,6.56,56235.5
2013-05-21,6.67,6.84,6.87,6.64,61149.69
2013-05-22,6.85,6.57,6.88,6.53,47580.15
2013-05-23,6.57,6.6,6.8,6.53,41245.47
2013-05-24,6.56,6.81,6.83,6.56,47375.93
2013-05-27,6.81,6.92,7.0,6.76,60217.42
2013-05-28,6.98,6.8,6.98,6.71,41635.59
2013-05-29,6.84,6.81,6.92,6.75,35809.41
2013-05-30,6.9,6.97,6.98,6.77,45646.76
2013-05-31,7.02,7.15,7.39,7.01,115419.69
2013-06-03,7.12,7.58,7.77,7.08,125603.09
2013-06-04,7.48,7.41,7.57,7.26,65948.91
2013-06-05,7.35,7.15,7.47,7.02,65118.18
2013-06-06,7.13,6.97,7.29,6.97,39591.6
2013-06-07,6.94,6.6,6.96,6.51,63417.09
2013-06-13,6.58,6.43,6.59,6.18,26119.26
2013-06-14,6.45,6.61,6.66,6.45,22905.07
2013-06-17,6.61,6.57,6.74,6.46,22395.68
2013-06-18,6.57,6.59,6.68,6.48,15215.15
2013-06-19,6.58,6.47,6.58,6.39,15707.43
2013-06-20,6.4,6.25,6.5,6.24,17346.82
2013-06-21,6.23,6.1,6.23,6.04,20345.12
2013-06-24,6.07,5.51,6.1,5.5,27471.0
2013-06-25,5.51,5.56,5.66,4.95,29495.29
2013-06-26,5.56,5.62,5.65,5.41,27971.17
2013-06-27,5.63,5.6,5.84,5.47,38449.5
2013-06-28,5.45,5.56,5.68,5.45,19542.96
2013-07-01,5.55,5.62,5.65,5.46,17104.75
2013-07-02,5.79,5.79,5.79,5.65,22488.82
2013-07-03,5.75,5.86,5.89,5.59,31662.87
2013-07-04,5.85,6.01,6.2,5.73,39049.0
2013-07-05,6.0,5.88,6.1,5.86,24967.05
2013-07-08,5.75,5.44,5.75,5.44,27028.67
2013-07-09,5.61,5.67,5.76,5.57,26777.01
2013-07-10,5.72,5.84,5.93,5.61,29330.4
2013-07-11,5.88,6.31,6.42,5.88,106227.41
2013-07-12,6.15,6.07,6.3,6.06,58816.81
2013-07-15,6.35,6.46,6.49,6.1,52999.87
2013-07-16,6.57,6.42,6.66,6.37,64253.86
2013-07-17,6.37,6.46,6.63,6.35,53297.94
2013-07-18,6.42,6.46,6.51,6.29,32049.21
2013-07-19,6.5,6.25,6.53,6.25,27992.5
2013-07-22,6.19,6.38,6.39,6.14,20660.34
2013-07-23,6.42,6.63,6.7,6.42,46828.5
2013-07-24,6.67,6.71,6.8,6.54,41846.6
2013-07-25,6.71,6.79,7.11,6.64,47129.35
2013-07-26,6.81,6.72,6.89,6.62,18952.23
2013-07-29,6.7,6.74,6.94,6.64,31731.0
2013-07-30,6.64,6.46,6.77,6.45,38964.78
2013-07-31,6.49,6.51,6.6,6.47,17069.32
2013-08-01,6.58,6.77,6.81,6.49,27343.39
2013-08-02,6.78,6.76,6.87,6.74,24411.42
2013-08-05,6.81,6.89,6.9,6.76,21796.38
2013-08-06,6.89,6.88,6.92,6.78,20638.28
2013-08-07,6.87,6.75,6.9,6.72,22510.83
2013-08-08,6.72,6.79,6.87,6.68,16656.01
2013-08-09,6.98,6.67,7.04,6.67,40505.15
2013-08-12,6.67,6.72,6.78,6.65,22871.17
2013-08-13,6.8,6.8,6.81,6.69,16154.55
2013-08-14,6.79,6.75,6.86,6.69,18431.03
2013-08-15,6.77,6.58,6.81,6.58,22083.4
2013-08-16,6.59,6.91,7.14,6.59,74709.42
2013-08-19,6.85,7.32,7.47,6.81,78701.93
2013-08-20,7.32,7.27,7.53,7.15,50473.26
2013-08-21,7.28,7.32,7.43,7.2,42098.72
2013-08-22,7.3,7.28,7.51,7.22,54768.04
2013-08-23,7.35,6.96,7.38,6.55,87565.86
2013-08-26,6.98,7.16,7.35,6.94,75930.46
2013-08-27,7.14,7.33,7.35,7.08,55517.51
2013-08-28,7.34,7.09,7.37,7.08,47552.02
2013-08-29,7.09,6.9,7.16,6.76,48322.41
2013-08-30,6.87,6.66,6.93,6.58,43385.93
2013-09-02,6.72,6.96,7.02,6.72,43150.83
2013-09-03,6.93,7.03,7.1,6.92,27022.72
2013-09-04,7.04,7.08,7.21,6.97,32321.91
2013-09-05,7.31,7.78,7.78,7.24,85647.49
2013-09-06,8.11,7.7,8.13,7.64,147888.51
2013-09-09,7.72,7.84,7.9,7.57,66996.38
2013-09-10,7.83,7.66,7.88,7.63,57522.75
2013-09-11,7.7,7.54,7.7,7.36,47318.27
2013-09-12,7.61,7.51,7.66,7.43,24771.24
2013-09-13,7.59,7.59,7.78,7.4,32679.27
2013-09-16,7.62,7.79,7.82,7.53,39289.59
2013-09-17,7.87,7.42,7.87,7.42,29971.09
2013-09-18,7.48,7.45,7.59,7.42,14771.12
2013-09-23,7.54,7.66,7.75,7.51,20251.64
2013-09-24,7.63,8.05,8.23,7.63,74418.21
2013-09-25,7.95,7.86,8.13,7.82,32500.43
2013-09-26,7.87,8.01,8.64,7.83,85236.36
2013-09-27,7.99,7.98,8.56,7.94,58131.0
2013-09-30,7.95,8.15,8.35,7.64,45310.1
2013-10-08,8.05,8.14,8.25,7.82,36120.69
2013-10-09,8.24,8.47,8.66,8.24,72705.31
2013-10-10,8.59,8.51,8.79,8.33,81506.56
2013-10-11,8.67,8.53,8.71,8.41,44494.91
2013-10-14,8.67,8.39,8.67,8.17,54351.85
2013-10-15,8.51,8.48,8.56,8.29,38804.42
2013-10-16,8.51,8.28,8.51,8.11,38186.99
2013-10-17,8.47,8.05,8.47,8.05,40626.81
2013-10-18,8.18,8.31,8.47,8.09,46137.95
2013-10-21,8.39,8.39,8.55,8.16,46231.18
2013-10-22,8.47,8.21,8.47,8.2,22711.71
2013-10-23,8.27,7.39,8.27,7.39,122607.68
2013-10-24,7.2,7.22,7.4,7.08,48833.3
2013-10-25,7.24,7.08,7.38,7.03,25650.81
2013-10-28,7.06,7.16,7.22,7.06,11539.33
2013-10-29,7.16,6.98,7.36,6.44,44456.36
2013-10-30,6.85,6.91,6.97,6.56,24363.33
2013-10-31,6.92,7.06,7.18,6.82,21471.56
2013-11-01,7.07,7.12,7.19,6.97,14752.19
2013-11-04,7.05,7.1,7.2,7.04,11804.95
2013-11-05,7.1,7.12,7.16,6.97,15412.95
2013-11-06,7.13,6.98,7.15,6.92,18199.55
2013-11-07,6.98,6.86,7.02,6.83,13047.39
2013-11-08,6.81,6.81,6.92,6.7,11985.03
2013-11-11,6.81,6.93,6.95,6.74,6202.31
2013-11-12,6.83,6.96,7.0,6.83,9095.4
2013-11-13,6.96,6.87,7.06,6.84,10130.04
2013-11-14,6.86,6.9,6.91,6.7,13025.53
2013-11-15,6.94,7.0,7.17,6.94,25655.47
2013-11-18,7.08,7.34,7.43,7.0,38550.26
2013-11-19,7.28,7.26,7.36,7.24,17565.11
2013-11-20,7.28,7.32,7.32,7.23,16720.55
2013-11-21,7.3,7.43,7.68,7.24,39588.77
2013-11-22,7.44,7.35,7.55,7.28,17387.98
2013-11-25,7.32,7.29,7.39,7.28,14691.31
2013-11-26,7.29,7.33,7.35,7.25,9496.85
2013-11-27,7.3,7.42,7.44,7.3,11886.69
2013-11-28,7.41,7.44,7.58,7.41,20892.5
2013-11-29,7.51,7.43,7.51,7.34,17571.78
2013-12-02,7.32,6.91,7.34,6.72,23981.3
2013-12-03,6.92,7.06,7.08,6.82,8625.08
2013-12-04,7.0,7.16,7.21,6.93,14378.25
2013-12-05,7.18,7.18,7.26,7.1,9630.31
2013-12-06,7.14,7.07,7.18,7.04,12445.91
2013-12-09,7.12,7.08,7.19,7.04,8230.21
2013-12-10,7.08,7.26,7.3,7.04,19518.28
2013-12-11,7.26,7.08,7.26,7.04,12869.02
2013-12-12,7.04,7.28,7.28,7.04,14091.15
2013-12-13,7.27,7.3,7.35,7.2,16283.34
2013-12-16,7.38,7.08,7.38,7.08,9514.74
2013-12-17,7.08,7.05,7.16,7.0,6437.71
2013-12-18,7.04,7.04,7.12,7.0,6238.61
2013-12-19,7.08,7.04,7.14,7.0,5852.81
2013-12-20,7.09,6.97,7.09,6.89,6098.85
2013-12-23,7.03,6.88,7.11,6.84,7193.38
2013-12-24,6.85,6.86,6.97,6.84,7783.9
2013-12-25,6.84,6.93,7.0,6.83,7455.06
2013-12-26,6.92,6.75,6.95,6.73,7851.52
2013-12-27,6.76,6.81,6.85,6.73,8735.06
2013-12-30,6.83,6.88,6.98,6.8,8766.63
2013-12-31,6.85,6.89,6.93,6.82,5289.12
2014-01-02,6.92,7.04,7.05,6.88,12640.95
2014-01-03,7.08,6.97,7.08,6.89,10886.12
2014-01-06,6.96,6.73,6.96,6.72,8862.12
2014-01-07,6.73,6.55,6.79,6.51,20680.29
2014-01-08,6.58,6.69,6.72,6.56,14693.61
2014-01-09,6.69,6.52,6.72,6.5,11239.04
2014-01-10,6.48,6.4,6.51,6.36,9421.7
2014-01-13,6.38,6.2,6.44,6.16,11368.54
2014-01-14,6.29,6.38,6.39,6.21,6585.79
2014-01-15,6.36,6.46,6.48,6.36,8057.85
2014-01-16,6.5,6.55,6.66,6.44,11661.73
2014-01-17,6.48,6.38,6.54,6.38,6025.98
2014-01-20,6.38,6.46,6.5,6.35,7183.07
2014-01-21,6.47,6.54,6.57,6.42,7944.16
2014-01-22,6.5,6.58,6.58,6.11,21735.95
2014-01-23,6.58,6.67,6.68,6.5,15096.4
2014-01-24,6.61,6.65,6.78,6.59,19946.25
2014-01-27,6.6,6.54,6.62,6.36,12938.08
2014-01-28,6.54,6.55,6.64,6.51,10939.05
2014-01-29,6.55,6.67,6.71,6.54,12404.66
2014-01-30,6.69,6.73,6.82,6.62,17393.1
2014-02-07,6.65,6.88,6.9,6.51,19856.13
2014-02-10,6.87,7.05,7.11,6.82,30459.46
2014-02-11,7.1,7.02,7.12,6.92,25570.36
2014-02-12,7.02,7.17,7.28,6.93,32067.62
2014-02-13,7.22,7.14,7.34,7.12,35389.62
2014-02-14,7.14,7.08,7.28,7.05,21346.5
2014-02-17,7.09,7.43,7.45,7.09,45135.04
2014-02-18,7.42,7.5,7.64,7.33,51005.49
2014-02-19,7.51,7.39,7.8,7.36,45024.67
2014-02-20,7.51,7.87,8.13,7.37,110309.86
2014-02-21,7.72,7.59,8.0,7.57,50933.06
2014-02-24,7.59,7.85,7.87,7.35,44921.74
2014-02-25,7.77,7.14,7.9,7.14,58507.52
2014-02-26,7.09,7.47,7.48,7.09,32781.83
2014-02-27,7.41,7.29,7.59,7.16,31037.02
2014-02-28,7.29,7.41,7.47,7.14,26502.79
2014-03-03,7.42,7.57,7.59,7.33,32431.79
2014-03-04,7.55,7.6,7.64,7.43,27790.24
2014-03-05,7.63,7.66,7.98,7.58,36552.32
2014-03-06,7.62,7.7,7.79,7.55,21694.59
2014-03-07,7.66,7.54,7.76,7.47,21242.42
2014-03-10,7.44,7.18,7.62,7.12,31120.0
2014-03-11,7.13,7.21,7.37,7.04,14964.16
2014-03-12,7.2,7.16,7.28,7.0,14110.48
2014-03-13,7.16,7.32,7.35,7.16,17217.94
2014-03-14,7.26,7.36,7.39,7.22,15599.39
2014-03-17,7.31,7.39,7.41,7.31,16818.75
2014-03-18,7.39,7.5,7.53,7.32,24305.96
2014-03-19,7.44,7.43,7.47,7.24,18297.61
2014-03-20,7.38,7.07,7.4,7.06,26509.94
2014-03-21,7.14,7.22,7.23,7.06,16136.53
2014-03-24,7.2,7.25,7.32,7.16,12275.93
2014-03-25,7.26,7.26,7.29,7.21,11117.49
2014-03-26,7.26,7.35,7.42,7.23,19351.82
2014-03-27,7.34,7.33,7.49,7.23,28334.07
2014-03-28,7.27,7.21,7.35,7.2,19319.97
2014-03-31,7.2,7.16,7.28,7.06,10584.8
2014-04-01,7.11,7.2,7.26,7.11,9578.03
2014-04-02,7.22,7.1,7.22,7.09,9729.7
2014-04-03,7.11,7.3,7.36,7.11,15923.12
2014-04-04,7.29,7.33,7.35,7.24,12974.42
2014-04-08,7.35,7.79,7.81,7.25,58304.59
2014-04-09,7.79,8.01,8.25,7.71,120084.56
2014-04-10,7.87,7.89,8.01,7.86,59666.33
2014-04-11,7.87,7.82,8.03,7.78,28009.57
2014-04-14,7.55,7.64,7.75,7.55,37251.49
2014-04-15,7.63,7.66,7.8,7.59,25817.85
2014-04-16,7.66,7.69,7.74,7.55,19497.43
2014-04-17,7.71,7.6,7.71,7.6,12365.05
2014-04-18,7.59,7.7,7.74,7.55,14155.76
2014-04-21,7.59,7.54,7.75,7.52,19797.27
2014-04-22,7.55,7.32,7.59,7.24,22782.53
2014-04-23,7.32,7.19,7.43,7.16,17916.92
2014-04-24,7.2,7.19,7.25,7.14,12765.84
2014-04-25,7.19,7.17,7.22,7.08,9982.98
2014-04-28,7.17,6.48,7.17,6.46,32418.51
2014-04-29,6.47,6.58,6.66,6.47,13709.56
2014-04-30,6.58,6.66,6.69,6.58,7603.28
2014-05-05,6.66,6.7,6.71,6.62,6631.88
2014-05-06,6.7,6.7,6.85,6.66,12365.42
2014-05-07,6.7,6.54,6.7,6.49,13597.26
2014-05-08,6.5,6.59,6.68,6.49,8929.35
2014-05-09,6.61,6.58,6.62,6.49,5905.01
2014-05-12,6.62,6.74,6.82,6.59,9935.6
2014-05-13,6.73,6.81,6.86,6.73,8084.51
2014-05-14,6.78,6.8,6.83,6.76,4927.65
2014-05-15,6.8,6.75,6.8,6.66,7272.94
2014-05-16,6.68,6.71,6.74,6.58,6303.86
2014-05-19,6.68,6.62,6.68,6.57,5147.44
2014-05-20,6.77,6.75,6.77,6.65,9182.3
2014-05-21,6.72,6.83,6.85,6.68,3646.89
2014-05-22,6.83,6.99,7.01,6.79,15570.35
2014-11-18,7.69,7.69,7.69,7.69,697.86
2014-11-19,8.46,8.46,8.46,8.46,1262.62
2014-11-20,9.3,9.3,9.3,9.3,18014.91
2014-11-21,10.24,10.24,10.24,10.08,132861.62
2014-11-24,10.46,10.55,10.75,10.05,344636.76
2014-11-25,10.34,10.39,10.45,10.12,156650.14
2014-11-26,10.37,10.37,10.73,10.3,171026.73
2014-11-27,10.26,10.53,10.53,10.14,120272.64
2014-11-28,10.51,10.17,10.51,10.15,115829.15
2014-12-01,10.13,9.79,10.21,9.71,98661.2
2014-12-02,9.7,9.92,10.04,9.69,74815.9
2014-12-03,9.9,9.93,10.11,9.78,66353.21
2014-12-04,9.99,9.97,10.17,9.87,76482.46
2014-12-05,9.9,9.26,9.93,9.18,99619.18
2014-12-08,9.19,9.38,9.56,9.17,64801.17
2014-12-09,9.34,8.95,9.48,8.94,62129.08
2014-12-10,8.87,9.5,9.73,8.87,76942.5
2014-12-11,9.42,9.54,9.59,9.34,48034.98
2014-12-12,9.55,9.55,9.8,9.5,45363.16
2014-12-15,9.52,9.66,9.77,9.5,55298.39
2014-12-16,9.73,9.48,9.73,9.45,43472.17
2014-12-17,9.57,9.34,9.7,9.26,43208.83
2014-12-18,9.34,9.24,9.46,9.23,30919.83
2014-12-19,9.22,9.02,9.34,8.92,35556.26
2014-12-22,8.95,8.63,9.0,8.44,47590.5
2014-12-23,8.6,8.63,8.94,8.58,20544.65
2014-12-24,8.74,8.94,9.12,8.7,29974.12
2014-12-25,8.94,9.02,9.02,8.87,16387.13
2014-12-26,9.03,8.86,9.06,8.85,23375.06
2014-12-29,8.85,8.66,8.85,8.55,29605.62
2014-12-30,8.63,8.54,8.71,8.54,15238.23
2014-12-31,8.64,8.78,9.34,8.64,39265.93
2015-01-05,8.91,9.61,9.66,8.88,133688.17
2015-01-06,9.8,9.5,9.97,9.26,70104.11
2015-01-07,9.42,9.44,9.52,9.14,45819.16
2015-01-08,9.41,9.32,9.5,9.28,25947.06
2015-01-09,9.32,9.16,9.41,9.15,29411.38
2015-01-12,9.26,8.9,9.26,8.9,21503.03
2015-01-13,8.92,8.86,9.02,8.78,28461.74
2015-01-14,8.85,8.94,9.02,8.7,44319.93
2015-01-15,8.92,9.37,9.83,8.8,57156.07
2015-01-16,9.3,9.28,9.45,9.25,27361.38
2015-01-19,9.1,8.82,9.28,8.76,31537.73
2015-01-20,8.93,9.24,9.28,8.87,26007.79
2015-01-21,9.24,9.42,9.43,9.22,49753.94
2015-01-22,9.42,9.41,9.44,9.22,58375.89
2015-01-23,9.41,9.42,9.57,9.36,76615.08
2015-01-26,9.38,9.65,9.68,9.32,72394.93
2015-01-27,9.69,9.91,10.14,9.48,103236.12
2015-01-28,9.81,9.69,9.99,9.67,57976.16
2015-01-29,9.52,9.54,9.69,9.51,27228.37
2015-01-30,9.6,9.58,9.77,9.54,29883.61
2015-02-02,9.48,9.58,9.73,9.41,27164.39
2015-02-03,9.69,9.65,9.77,9.56,38112.61
2015-02-04,9.68,9.71,9.77,9.6,41813.54
2015-02-05,9.77,9.42,9.77,9.4,34328.0
2015-02-06,9.38,9.06,9.49,9.02,37715.36
2015-02-09,9.04,9.03,9.22,9.02,16812.86
2015-02-10,9.08,9.15,9.16,9.02,14764.6
2015-02-11,9.17,9.2,9.26,9.15,12210.1
2015-02-12,9.18,9.58,10.08,9.18,36657.9
2015-02-13,9.54,9.58,9.66,9.54,32299.13
2015-02-16,9.5,9.69,9.74,9.5,35170.34
2015-02-17,9.73,9.89,10.01,9.69,63616.96
2015-02-25,9.89,9.9,10.37,9.72,60813.01
2015-02-26,9.9,10.23,10.51,9.9,91238.74
2015-02-27,10.13,10.67,10.73,10.1,120784.41
2015-03-02,10.72,10.68,10.81,10.46,73389.99
2015-03-03,10.68,10.69,10.92,10.52,75544.49
2015-03-04,10.63,11.19,11.33,10.61,94146.82
2015-03-05,11.21,11.13,11.49,10.96,58937.44
2015-03-06,11.09,10.99,11.52,10.95,50813.74
2015-03-09,10.84,10.92,10.93,10.37,51308.03
2015-03-10,10.87,10.93,11.25,10.81,48434.77
2015-03-11,10.93,10.59,11.0,10.52,47420.28
2015-03-12,10.67,10.68,10.77,10.51,33171.12
2015-03-13,10.77,10.77,10.88,10.65,26718.95
2015-03-16,10.97,11.46,11.57,10.93,70409.22
2015-03-17,11.6,11.47,11.6,11.27,64792.91
2015-03-18,11.59,12.11,12.37,11.34,94863.06
2015-03-19,12.11,12.1,12.31,11.89,57007.99
2015-03-20,12.09,11.89,12.29,11.81,64424.52
2015-03-23,11.83,12.11,12.21,11.69,77195.06
2015-03-24,12.11,12.04,12.22,11.65,71181.39
2015-03-25,11.98,12.56,12.67,11.89,76368.59
2015-03-26,12.45,12.12,12.54,12.07,60239.01
2015-03-27,12.06,12.92,12.96,12.05,81502.56
2015-03-30,12.92,12.74,12.97,12.58,61026.17
2015-03-31,12.69,12.57,13.16,12.47,55524.92
2015-04-01,12.57,12.73,12.84,12.46,38604.88
2015-04-02,12.75,12.97,13.02,12.57,62480.45
2015-04-03,12.93,13.64,13.88,12.78,93780.99
2015-04-07,13.56,13.75,13.87,13.45,57588.97
2015-04-08,13.72,13.71,14.19,13.41,73842.53
2015-04-09,13.71,13.72,13.82,13.01,79782.4
2015-04-10,13.84,15.1,15.1,13.81,97897.03
2015-04-13,15.18,15.8,16.26,15.16,147229.41
2015-04-14,15.7,16.26,16.54,15.16,112113.64
2015-04-15,16.08,15.4,16.18,15.16,74272.31
2015-04-16,15.08,15.35,15.57,14.71,67164.86
2015-04-17,15.64,15.42,16.33,15.35,70230.77
2015-04-20,15.42,15.74,16.12,14.8,101226.43
2015-04-21,15.74,17.1,17.21,15.56,93761.02
2015-04-22,17.0,17.55,17.87,16.99,88691.17
2015-04-23,17.47,17.2,17.47,17.06,45160.35
2015-04-24,16.81,17.55,17.76,16.76,48579.96
2015-04-27,17.55,17.03,17.84,16.76,73513.28
2015-04-28,16.92,16.22,17.31,15.93,62428.92
2015-04-29,15.93,16.17,16.42,15.89,33814.1
2015-04-30,16.19,17.0,17.08,15.93,46135.55
2015-05-04,16.8,16.8,17.12,16.57,27303.15
2015-05-05,16.68,15.64,16.76,15.16,34631.14
2015-05-06,15.7,15.04,16.03,14.98,28413.38
2015-05-07,15.26,15.54,15.88,14.76,39337.24
2015-05-08,15.8,15.89,16.35,15.4,47735.99
2015-05-11,15.89,16.33,16.43,15.82,42749.88
2015-05-12,16.27,16.56,16.85,16.24,37367.12
2015-05-13,16.59,16.75,16.88,16.33,41688.04
2015-05-14,16.68,17.27,17.47,16.6,65610.16
2015-05-15,17.31,16.32,17.31,15.98,50777.54
2015-05-18,16.92,17.45,17.84,16.76,90853.18
2015-05-19,17.47,17.71,17.79,17.21,58573.24
2015-05-20,17.71,19.39,19.49,17.71,107057.55
2015-05-21,19.15,19.39,19.89,18.87,89169.5
2015-05-22,19.63,19.79,20.67,19.39,72820.58
2015-05-25,19.83,21.77,21.77,19.79,83850.72
2015-05-26,22.79,22.5,23.64,21.77,104480.05
2015-05-27,22.33,21.84,22.33,21.05,75455.33
2015-05-28,21.84,19.66,22.5,19.66,92123.07
2015-05-29,19.62,19.13,19.98,17.89,71879.17
2015-06-01,20.38,21.04,21.04,20.38,23068.19
2015-06-02,23.13,23.14,23.14,22.38,29953.57
2015-06-03,25.26,23.16,25.26,22.58,123445.19
2015-06-04,23.08,22.53,23.08,20.9,71356.05
2015-06-05,22.73,22.22,23.01,21.98,68785.63
2015-06-08,22.0,21.13,22.16,21.02,95003.2
2015-06-09,21.46,22.14,23.24,21.19,197641.95
2015-06-10,21.53,22.18,22.82,20.81,114632.29
2015-06-11,21.98,22.9,22.92,21.67,96428.56
2015-06-12,23.17,22.86,24.3,22.86,118623.25
2015-06-15,23.17,24.15,24.8,22.78,114427.86
2015-06-16,23.95,22.39,23.96,22.21,81487.73
2015-06-17,22.21,22.5,22.78,20.81,55623.58
2015-06-18,23.88,23.39,24.76,22.79,214774.89
2015-06-19,22.0,21.06,22.21,21.05,142801.93
2015-06-23,21.1,21.34,21.66,18.98,83980.12
2015-06-24,21.78,21.58,21.82,20.62,87822.76
2015-06-25,21.58,19.82,21.58,19.54,75267.38
2015-06-26,19.44,17.84,19.44,17.84,53347.34
2015-06-29,18.11,16.06,18.5,16.06,80195.2
2015-06-30,15.08,16.58,16.79,14.45,98310.86
2015-07-01,16.31,14.92,16.78,14.92,72060.28
2015-07-02,14.71,13.43,14.75,13.43,71322.67
2015-07-03,12.25,12.09,13.43,12.09,101858.59
2015-07-06,13.27,10.89,13.27,10.88,136753.43
2015-07-07,10.59,9.8,10.59,9.8,31450.93
2015-07-08,8.82,8.82,8.82,8.82,5005.0
2015-07-09,7.94,9.7,9.7,7.94,109422.42
2015-07-10,10.39,10.66,10.66,10.0,37910.56
2015-07-13,11.73,11.73,11.73,11.21,68993.28
2015-07-14,11.83,12.61,12.87,11.65,133902.96
2015-07-15,11.98,11.5,12.61,11.34,109014.7
2015-07-16,10.95,11.76,12.07,10.47,78660.23
2015-07-17,11.81,12.47,12.65,11.69,70526.13
2015-07-20,12.29,13.72,13.72,12.27,150786.13
2015-07-21,13.67,13.53,13.99,13.12,89297.67
2015-07-22,13.25,13.72,14.06,13.25,72726.79
2015-07-23,13.75,14.56,14.87,13.75,79778.36
2015-07-24,14.71,14.06,15.11,13.83,93094.91
2015-07-27,13.6,12.65,14.67,12.65,73877.59
2015-07-28,11.47,12.69,13.37,11.44,90714.81
2015-07-29,13.27,13.49,13.58,12.11,69042.1
2015-07-30,13.64,13.09,13.85,12.81,56529.93
2015-07-31,12.65,12.81,13.52,12.47,38892.2
2015-08-03,12.56,11.53,13.26,11.53,53264.14
2015-08-04,11.47,12.47,12.47,11.27,48350.12
2015-08-05,12.49,12.21,12.77,11.99,44311.33
2015-08-06,11.97,12.44,12.73,11.84,51345.54
2015-08-07,12.53,13.21,13.43,12.53,65221.03
2015-08-10,13.5,13.97,14.12,13.19,77947.36
2015-08-11,13.97,14.32,14.64,13.83,85280.83
2015-08-12,14.32,14.84,15.48,14.07,102843.34
2015-08-13,14.67,15.38,15.46,14.47,90866.73
2015-08-14,15.4,16.91,16.91,15.4,135915.42
2015-08-17,17.16,18.61,18.61,16.91,125863.35
2015-08-18,19.5,16.75,19.5,16.75,172126.76
2015-08-19,15.81,17.16,17.54,15.08,146641.66
2015-08-20,16.39,15.44,16.98,15.44,82424.76
2015-08-21,14.95,14.04,15.18,13.91,86932.06
2015-08-24,12.8,12.63,13.2,12.63,39635.24
2015-08-25,11.37,11.37,11.79,11.37,50568.7
2015-08-26,10.67,10.56,11.63,10.23,111604.61
2015-08-27,11.01,11.11,11.18,10.37,59571.97
2015-08-28,11.19,12.22,12.22,11.19,82642.33
2015-08-31,12.39,12.25,12.79,12.15,98016.04
2015-09-01,12.21,11.02,12.21,11.02,76335.31
2015-09-02,9.93,9.92,11.31,9.92,81684.58
2015-09-07,10.23,10.38,10.86,10.15,63377.6
2015-09-08,10.14,11.11,11.11,9.92,49199.28
2015-09-09,11.17,12.08,12.19,11.08,91207.4
2015-09-10,11.91,11.49,12.06,11.33,62707.2
2015-09-11,11.49,11.94,11.94,11.47,56433.9
2015-09-14,12.41,10.75,12.77,10.75,72139.15
2015-09-15,10.31,9.71,10.58,9.68,53358.53
2015-09-16,10.07,10.69,10.69,9.74,57645.06
2015-09-17,10.7,10.38,11.45,10.38,69416.93
2015-09-18,10.6,10.8,10.95,10.39,44703.93
2015-09-21,10.63,11.32,11.35,10.47,45530.66
2015-09-22,11.33,11.86,11.96,11.19,76727.08
2015-09-23,11.44,13.0,13.05,11.35,115924.56
2015-09-24,12.65,13.13,13.5,12.6,101268.18
2015-09-25,12.94,12.06,13.09,11.82,76864.56
2015-09-28,12.06,12.37,12.45,11.67,39322.4
2015-09-29,12.02,12.05,12.23,11.67,39392.96
2015-09-30,12.07,11.93,12.22,11.87,29830.55
2015-10-08,12.31,12.7,12.78,12.27,51635.81
2015-10-09,12.75,13.97,13.97,12.48,117974.62
2015-10-12,14.47,14.72,15.27,14.21,143443.5
2015-10-13,14.87,15.66,15.86,14.46,101790.42
2015-10-14,15.44,15.02,15.57,14.87,76870.01
2015-10-15,14.84,15.51,15.66,14.7,62394.14
2015-10-16,15.82,16.06,16.87,15.59,84545.96
2015-10-19,16.35,14.92,16.51,14.71,126173.11
2015-10-20,14.67,15.02,15.13,14.64,84148.72
2015-10-28,16.52,16.52,16.52,16.31,154132.64
2015-10-29,16.45,18.18,18.18,15.96,256628.96
2015-10-30,18.76,19.25,19.99,17.59,253439.77
2015-11-02,17.98,20.62,21.17,17.65,246604.54
2015-11-03,20.46,19.28,21.02,18.81,167573.42
2015-11-04,19.02,19.69,20.2,19.02,123198.57
2015-11-05,19.96,19.93,20.6,19.02,133366.38
2015-11-06,19.74,20.06,21.41,19.63,124527.08
2015-11-09,19.66,19.82,20.13,19.1,98291.93
2015-11-10,19.74,20.3,20.86,19.3,105201.47
2015-11-11,20.01,19.25,20.3,19.05,175422.77
2015-11-12,18.86,18.46,18.9,18.23,165498.47
2015-11-13,18.56,18.58,18.78,17.91,89047.77
2015-11-16,18.3,18.9,19.06,18.12,89723.42
2015-11-17,18.94,18.3,19.46,18.3,93930.48
2015-11-18,18.25,17.23,18.55,16.83,110318.38
2015-11-19,17.1,17.55,17.67,17.1,62090.14
2015-11-20,17.67,19.3,19.3,17.35,139862.93
2015-11-23,19.89,20.36,21.22,19.84,164660.52
2015-11-24,20.46,20.06,20.46,19.3,83691.92
2015-11-25,19.76,19.91,20.77,19.67,84629.34
2015-11-26,20.0,20.94,20.94,19.49,121652.08
2015-11-27,21.18,18.85,21.18,18.85,101824.98
2015-11-30,18.54,19.38,19.66,17.99,92401.13
2015-12-01,19.34,19.14,19.98,18.63,70290.72
2015-12-02,18.86,17.88,19.0,17.47,58003.04
2015-12-03,17.89,18.62,18.72,17.79,40319.84
2015-12-04,18.82,18.74,18.91,18.19,43791.75
2015-12-07,18.94,20.62,20.62,18.94,58542.83
2015-12-08,21.05,19.89,21.75,19.59,163388.35
2015-12-09,19.26,19.02,19.54,18.62,73342.97
2015-12-10,18.67,18.43,19.07,18.34,56440.4
2015-12-11,18.45,18.62,19.14,18.38,57611.34
2015-12-14,18.46,18.77,18.77,18.1,44628.74
2015-12-15,19.04,19.49,19.82,18.92,65837.67
2015-12-16,19.49,19.69,20.06,19.42,52226.09
2015-12-17,19.68,20.06,20.62,19.46,68693.09
2015-12-18,20.07,19.18,20.09,19.17,83828.22
2015-12-21,19.18,19.5,19.74,19.1,51341.66
2015-12-22,19.66,21.45,21.45,19.58,116904.37
2015-12-23,21.98,22.57,23.17,20.94,230894.78
2015-12-24,22.29,21.7,22.29,21.35,116316.06
2015-12-25,21.31,20.79,21.73,20.54,136352.28
2015-12-28,20.92,20.18,21.18,20.06,88978.41
2015-12-29,20.14,20.64,20.86,20.0,69438.41
2015-12-30,20.78,20.55,21.02,20.22,61859.32
2015-12-31,20.47,20.46,21.14,20.38,84318.7
2016-01-04,20.39,18.42,20.39,18.42,70597.49
2016-01-05,17.15,16.92,18.06,16.58,80250.05
2016-01-06,17.19,17.3,17.55,16.79,46726.46
2016-01-07,17.03,15.57,17.03,15.57,11953.0
2016-01-08,15.18,15.19,16.0,14.04,61153.14
2016-01-11,14.83,13.67,14.83,13.67,55573.22
2016-01-12,13.77,13.43,13.97,13.03,39891.95
2016-01-13,13.74,13.51,13.87,13.43,39786.97
2016-01-14,13.11,14.03,14.14,12.93,54313.62
2016-01-15,13.68,13.63,13.83,13.28,43176.23
2016-01-18,13.57,15.0,15.0,13.25,93584.37
2016-01-19,15.09,15.86,15.88,14.95,61151.4
2016-01-20,15.49,15.07,15.72,14.88,59192.02
2016-01-21,14.77,13.73,15.03,13.73,65449.86
2016-01-22,13.8,14.44,14.54,13.6,46904.71
2016-01-25,14.72,14.84,15.57,14.31,70766.06
2016-01-26,14.75,13.85,15.4,13.36,51914.71
2016-01-27,13.82,13.83,14.43,13.03,65477.28
2016-01-28,13.53,13.11,14.13,12.95,41258.2
2016-01-29,13.31,13.38,13.75,12.29,40638.17
2016-02-01,13.44,12.73,13.45,12.35,39552.61
2016-02-02,12.73,13.59,13.75,12.71,41915.41
2016-02-03,13.38,13.83,14.08,13.24,39061.93
2016-02-04,13.83,14.71,14.95,13.83,57065.33
2016-02-05,14.71,14.16,15.01,14.12,30660.44
2016-02-15,13.91,14.71,14.87,13.6,42967.6
2016-02-16,14.67,15.15,15.81,14.56,57224.97
2016-02-17,15.08,15.67,15.98,14.95,60206.49
2016-02-18,15.66,17.23,17.23,15.56,87310.55
2016-02-19,17.59,17.55,18.5,17.25,157364.48
2016-02-22,17.83,17.59,17.99,16.9,108292.23
2016-02-23,17.43,17.91,18.25,17.11,101981.3
2016-02-24,17.71,18.34,18.7,17.61,113460.81
2016-02-25,18.17,16.51,18.18,16.51,94509.02
2016-02-26,16.07,15.6,16.45,15.23,69769.3
2016-02-29,15.66,14.04,15.94,14.04,74607.65
2016-03-01,13.83,14.44,14.59,13.67,53936.62
2016-03-02,14.48,15.2,15.39,14.16,62664.87
2016-03-03,15.41,14.88,15.71,14.77,61137.96
2016-03-04,14.69,14.14,15.17,13.83,49331.79
2016-03-07,14.27,15.56,15.56,14.27,58759.84
2016-03-08,15.56,15.97,16.39,14.54,107388.32
2016-03-09,15.25,15.35,16.43,15.2,64963.58
2016-03-10,15.35,15.13,15.65,14.97,50880.46
2016-03-11,14.72,14.79,15.11,14.59,31769.94
2016-03-14,14.94,15.37,15.81,14.94,47382.7
2016-03-15,15.41,15.63,16.07,15.35,49996.1
2016-03-16,15.75,15.02,15.97,14.9,37917.71
2016-03-17,15.06,15.44,15.63,14.95,40646.04
2016-03-18,15.48,16.62,16.74,15.48,97732.96
2016-03-21,17.1,16.94,17.19,16.47,76372.47
2016-03-22,16.62,16.35,16.83,16.34,64542.21
2016-03-23,16.19,17.21,17.99,16.19,107526.69
2016-03-24,16.79,16.96,17.49,16.36,90355.58
2016-03-25,16.79,16.95,17.21,16.53,37574.09
2016-03-28,17.35,16.59,17.35,16.49,44195.42
2016-03-29,16.47,16.11,16.71,15.83,31679.19
2016-03-30,16.19,16.69,16.71,16.19,33164.45
2016-03-31,16.88,16.56,16.94,16.34,36304.95
2016-04-01,16.56,16.3,16.61,15.89,39255.96
2016-04-05,16.31,16.63,16.69,16.14,53250.43
2016-04-06,16.73,16.39,16.73,16.19,79988.62
2016-04-07,16.5,16.52,16.94,16.35,78022.67
2016-04-08,16.45,15.88,16.45,15.75,57585.22
2016-04-11,15.91,16.07,16.16,15.89,40365.26
2016-04-12,16.06,16.12,16.19,15.84,32787.39
2016-04-13,16.16,16.13,16.63,16.03,64178.55
2016-04-14,17.59,17.51,17.75,17.11,230527.08
2016-04-15,16.95,16.95,17.18,16.81,108599.46
2016-04-18,16.8,17.29,17.5,16.67,81127.32
2016-04-19,17.22,17.31,17.59,17.02,88454.15
2016-04-20,17.39,16.14,17.43,15.59,103898.4
2016-04-21,15.94,15.6,16.5,15.59,56213.48
2016-04-22,15.35,15.44,15.67,15.24,34351.14
2016-04-25,15.47,15.11,15.49,14.96,29781.04
2016-04-26,15.11,15.31,15.55,15.11,35981.71
2016-04-27,15.31,15.33,15.52,15.25,29825.0
2016-04-28,15.31,14.82,15.31,14.55,38954.65
2016-04-29,14.85,14.89,15.1,14.75,22228.44
2016-05-03,14.95,15.32,15.38,14.95,31802.9
2016-05-04,15.36,15.4,15.62,15.2,36522.92
2016-05-05,15.32,15.61,15.8,15.32,27864.55
2016-05-06,15.67,14.67,15.68,14.48,40574.96
2016-05-09,14.59,13.76,14.59,13.6,34242.01
2016-05-10,13.75,13.8,13.97,13.67,21080.39
2016-05-11,13.9,13.73,14.04,13.71,21287.21
2016-05-12,13.64,13.38,13.64,13.07,29124.54
2016-05-13,13.38,13.17,13.55,13.02,21607.9
2016-05-16,13.12,13.59,13.59,13.03,29087.26
2016-05-17,13.7,13.88,14.64,13.65,46508.9
2016-05-18,13.6,13.42,13.88,13.21,33631.57
2016-05-19,13.41,13.55,13.95,13.41,27552.14
2016-05-20,13.51,14.05,14.83,13.27,37726.6
2016-05-23,14.06,14.17,14.25,13.99,32445.77
2016-05-24,14.23,13.9,14.23,13.72,26081.79
2016-05-25,13.99,13.73,14.16,13.69,23091.16
2016-05-26,13.62,13.78,13.9,13.28,34896.19
2016-05-27,13.76,13.91,14.13,13.52,36598.13
2016-05-30,13.73,13.69,13.92,13.49,23882.0
2016-05-31,13.8,14.27,14.3,13.7,50039.89
2016-06-01,14.08,14.48,14.6,14.07,50842.08
2016-06-02,14.52,14.77,14.8,14.39,53719.32
2016-06-03,14.63,14.63,14.83,14.48,36414.0
2016-06-06,14.63,15.02,15.02,14.4,38050.86
2016-06-07,14.95,14.69,14.95,14.52,30036.38
2016-06-08,14.59,14.57,14.7,14.4,17172.1
2016-06-13,14.43,13.71,14.45,13.68,33427.68
2016-06-14,13.63,13.6,13.82,13.49,25632.3
2016-06-15,13.57,13.96,14.15,13.44,34046.38
2016-06-16,13.96,13.83,14.39,13.83,37175.54
2016-06-17,13.88,14.45,14.5,13.88,59844.41
2016-06-20,14.44,14.16,14.45,13.78,37866.11
2016-06-21,14.31,14.01,14.52,13.94,59030.96
2016-06-22,14.01,14.28,14.41,13.88,35533.16
2016-06-23,14.31,14.78,14.82,14.26,82691.04
2016-06-24,14.59,14.33,14.72,13.58,73343.58
2016-06-27,14.02,14.7,14.75,14.02,64424.36
2016-06-28,14.65,14.98,15.11,14.51,81073.74
2016-06-29,15.06,14.8,15.27,14.7,83660.25
2016-06-30,14.91,14.69,14.94,14.53,57907.24
2016-07-01,14.67,14.57,14.8,14.53,35199.12
2016-07-04,14.41,14.73,14.83,14.32,51888.79
2016-07-05,14.84,14.76,14.94,14.62,41184.71
2016-07-06,14.78,14.85,15.03,14.69,51556.84
2016-07-07,14.84,14.61,14.88,14.5,43779.6
2016-07-08,14.59,14.61,14.72,14.51,33257.21
2016-07-11,14.71,14.35,14.89,14.33,50165.87
2016-07-12,14.65,14.65,14.91,14.32,78195.15
2016-07-13,14.43,14.81,14.94,14.43,74752.63
2016-07-14,14.78,14.86,14.98,14.69,60815.3
2016-07-15,14.86,15.38,15.85,14.85,150992.62
2016-07-18,15.37,15.13,15.37,14.94,100740.9
2016-07-19,15.11,15.09,15.15,14.76,63627.83
2016-07-20,14.98,15.27,15.35,14.9,71599.82
2016-07-21,15.25,15.25,15.46,15.0,60612.43
2016-07-22,15.19,15.14,15.44,14.98,57096.78
2016-07-25,15.14,15.3,15.44,15.0,56513.22
2016-07-26,15.33,15.61,15.71,15.24,77346.86
2016-07-27,15.61,14.64,15.74,14.23,106945.63
2016-07-28,14.65,14.44,14.79,14.22,58600.49
2016-07-29,14.5,14.34,14.62,14.31,33089.44
2016-08-01,14.23,13.81,14.28,13.45,46709.22
2016-08-02,13.69,13.85,13.9,13.69,25040.28
2016-08-03,13.91,14.22,14.66,13.83,46671.99
2016-08-04,14.17,14.48,14.49,13.91,47989.33
2016-08-05,14.48,14.2,14.49,14.15,28376.64
2016-08-08,14.12,14.17,14.19,13.93,39890.43
2016-08-09,14.21,14.34,14.49,14.18,33095.55
2016-08-10,14.34,14.32,14.5,14.2,36707.35
2016-08-11,14.22,14.07,14.45,14.06,24517.34
2016-08-12,13.97,14.2,14.24,13.95,20871.3
2016-08-15,14.2,14.49,14.6,14.07,44266.02
2016-08-16,14.46,14.75,14.92,14.46,50555.09
2016-08-17,14.75,14.71,15.23,14.64,51276.05
2016-08-18,14.6,14.86,15.01,14.6,54730.18
2016-08-19,14.85,14.65,15.05,14.58,42792.73
2016-08-22,14.61,14.74,15.02,14.55,55457.82
2016-08-23,14.75,14.55,14.78,14.38,38119.32
2016-08-24,14.55,14.72,14.98,14.53,36096.46
2016-08-25,14.55,14.42,14.58,14.25,35590.54
2016-08-26,14.46,14.3,14.52,14.28,28175.45
2016-08-29,14.23,14.32,14.38,14.23,17947.14
2016-08-30,14.38,14.29,14.42,14.22,20056.27
2016-08-31,14.29,14.27,14.34,14.16,17501.04
2016-09-01,14.34,14.41,14.62,14.25,42329.47
2016-09-02,14.36,14.57,14.58,14.33,31127.94
2016-09-05,14.6,14.46,14.7,14.25,32966.87
2016-09-06,14.45,14.7,14.7,14.25,37170.41
2016-09-07,14.65,14.64,14.72,14.5,40792.05
2016-09-08,14.61,14.6,14.68,14.5,36349.94
2016-09-09,14.62,14.3,14.63,14.24,34039.06
2016-09-12,13.83,13.9,14.15,13.75,32296.75
2016-09-13,13.99,14.12,14.25,13.99,19493.95
2016-09-14,14.02,13.93,14.08,13.85,23206.93
2016-09-19,14.01,14.04,14.15,13.88,21677.13
2016-09-20,14.02,14.11,14.12,13.95,18139.24
2016-09-21,14.12,14.12,14.21,13.97,16676.75
2016-09-22,14.2,14.28,14.41,14.17,24265.26
2016-09-23,14.28,14.34,14.46,14.21,20134.1
2016-09-26,14.26,14.08,14.55,14.08,28653.51
2016-09-27,14.15,14.52,14.52,13.79,36600.33
2016-09-28,14.5,14.44,14.62,14.4,25847.37
2016-09-29,14.49,14.39,14.54,14.34,19211.22
2016-09-30,14.25,14.48,14.56,14.25,23038.41
2016-10-10,14.69,14.65,14.78,14.53,38556.29
2016-10-11,14.44,15.06,15.18,14.44,84825.09
2016-10-12,14.9,14.87,14.98,14.72,49189.29
2016-10-13,15.13,14.98,15.27,14.94,59883.65
2016-10-14,14.98,14.82,15.08,14.65,32983.89
2016-10-17,14.89,14.93,15.34,14.74,51774.59
2016-10-18,14.84,15.06,15.12,14.81,53063.7
2016-10-19,15.05,14.84,15.12,14.81,38034.79
2016-10-20,14.82,14.79,14.85,14.59,35413.65
2016-10-21,14.76,14.55,14.83,14.36,38597.66
2016-10-24,14.58,14.69,14.79,14.52,27216.47
2016-10-25,14.74,14.74,14.81,14.62,25765.34
2016-10-26,14.68,14.84,14.86,14.56,36456.32
2016-10-27,14.79,14.9,15.03,14.7,41231.01
2016-10-28,14.85,14.64,15.0,14.41,26731.64
2016-10-31,14.5,14.71,14.74,14.5,21932.21
2016-11-01,14.61,14.75,14.97,14.61,39199.88
2016-11-02,14.74,14.31,14.74,14.31,54453.46
2016-11-03,14.34,14.35,14.55,14.27,30864.01
2016-11-04,14.35,14.5,14.68,14.22,35216.83
2016-11-07,14.38,14.32,14.51,14.27,28127.66
2016-11-08,14.37,14.45,14.5,14.27,33682.3
2016-11-09,14.36,14.17,14.47,14.08,40662.77
2016-11-10,14.34,14.35,14.39,14.26,31186.61
2016-11-11,14.37,14.51,14.55,14.3,41992.31
2016-11-14,14.55,14.55,14.69,14.41,34556.23
2016-11-15,14.53,14.98,15.03,14.49,83773.23
2016-11-16,15.07,14.92,15.34,14.9,99277.21
2016-11-17,14.84,14.9,15.09,14.79,47238.61
2016-11-18,14.83,15.13,15.29,14.83,59996.08
2016-11-21,15.14,15.05,15.27,14.99,47663.24
2016-11-22,15.08,15.1,15.23,14.98,41869.63
2016-11-23,15.1,14.8,15.21,14.8,44558.16
2016-11-24,14.74,14.81,14.96,14.73,23600.19
2016-11-25,14.82,15.34,15.84,14.72,100208.52
2016-11-28,15.23,15.09,15.34,14.9,72136.77
2016-11-29,15.02,14.83,15.02,14.79,49164.71
2016-11-30,14.78,14.73,14.96,14.64,35271.16
2016-12-01,14.71,14.84,14.93,14.66,47052.18
2016-12-02,14.84,14.52,14.89,14.42,39538.37
2016-12-05,14.32,14.55,14.59,14.24,19195.48
2016-12-06,14.56,14.63,14.67,14.54,18078.9
2016-12-07,14.7,14.66,14.72,14.56,31274.92
2016-12-08,14.65,14.64,14.74,14.57,27967.51
2016-12-09,14.65,14.78,14.97,14.65,41263.86
2016-12-12,14.7,14.04,14.74,13.76,60534.35
2016-12-13,13.99,14.03,14.1,13.54,28278.22
2016-12-14,13.98,14.02,14.5,13.74,33751.11
2016-12-15,13.91,14.01,14.25,13.82,26833.28
2016-12-16,14.01,14.23,14.5,14.01,31585.96
2016-12-19,14.38,14.36,14.46,14.16,29272.24
2016-12-20,14.36,14.12,14.36,14.07,20432.78
2016-12-21,14.13,14.25,14.3,14.09,18188.62
2016-12-22,14.29,14.38,14.48,14.14,33932.64
2016-12-23,14.36,14.11,14.36,13.98,22330.17
2016-12-26,14.11,14.14,14.19,13.65,14496.99
2016-12-27,14.16,14.24,14.3,14.03,19460.74
2016-12-28,14.17,14.51,14.77,14.15,55290.11
2016-12-29,14.42,14.38,14.65,14.32,26358.71
2016-12-30,14.32,14.35,14.6,14.32,24976.48
2017-01-03,14.4,14.29,14.55,14.16,41183.17
2017-01-04,14.28,14.56,14.62,14.15,66910.83
2017-01-05,14.53,16.02,16.02,14.41,142266.35
2017-01-06,16.62,16.33,17.14,16.13,372978.86
2017-01-09,15.87,16.14,16.32,15.62,168997.87
2017-01-10,15.98,15.65,16.49,15.65,156093.97
2017-01-11,15.47,15.69,15.94,15.37,110950.63
2017-01-12,15.47,15.55,15.71,15.32,82121.15
2017-01-13,15.45,14.98,15.56,14.81,94102.16
2017-01-16,14.85,13.9,14.98,13.49,101894.37
2017-01-17,13.88,14.24,14.24,13.66,61218.79
2017-01-18,14.1,14.02,14.38,13.93,46349.6
2017-01-19,13.98,14.13,14.18,13.79,37824.37
2017-01-20,14.07,14.19,14.33,13.97,43840.72
2017-01-23,14.15,14.23,14.39,14.15,36513.46
2017-01-24,14.14,14.0,14.2,13.9,38584.66
2017-01-25,13.97,13.98,14.06,13.78,30742.87
2017-01-26,14.0,14.13,14.2,13.95,27430.23
2017-02-03,14.14,14.23,14.49,14.05,51222.2
2017-02-06,14.3,14.41,14.5,14.16,45426.63
2017-02-07,14.39,14.5,14.55,14.25,41547.41
2017-02-08,14.41,14.5,14.5,14.19,42810.15
2017-02-09,14.55,14.94,15.0,14.42,88491.06
2017-02-10,14.84,14.71,14.88,14.66,52341.5
2017-02-13,14.72,14.91,14.99,14.59,53213.25
2017-02-14,14.84,14.7,14.91,14.67,35478.0
2017-02-15,14.74,15.37,15.56,14.5,131346.48
2017-02-16,15.16,15.22,15.37,14.98,71936.37
2017-02-17,15.2,14.85,15.41,14.8,57547.53
2017-02-20,14.87,15.13,15.18,14.71,51826.1
2017-02-21,15.14,15.1,15.22,14.94,56469.68
2017-02-22,15.09,15.05,15.28,14.96,45598.98
2017-02-23,14.98,14.86,15.03,14.72,51894.96
2017-02-24,14.77,15.09,15.17,14.75,55514.86
2017-09-12,14.46,14.92,15.37,13.83,160794.85
2017-09-13,14.62,14.03,14.62,13.95,102698.27
2017-09-14,13.86,13.75,14.17,13.75,67386.4
2017-09-15,13.77,13.57,13.9,13.52,46902.11
2017-09-18,13.61,13.68,13.74,13.56,32972.59
2017-09-19,13.69,13.37,13.7,13.27,47098.35
2017-09-20,13.41,13.21,13.41,13.0,53754.06
2017-09-21,13.21,13.32,13.36,13.11,31937.19
2017-09-22,13.28,13.05,13.28,13.05,29081.43
2017-09-25,13.08,12.46,13.1,12.44,52641.95
2017-09-26,12.45,12.52,12.62,12.45,26119.24
2017-09-27,12.52,12.68,12.74,12.4,29142.5
2017-09-28,12.69,12.63,12.84,12.6,27797.09
2017-09-29,12.6,12.65,12.72,12.55,19925.74
2017-10-09,12.74,12.71,12.82,12.68,31659.47
2017-10-10,12.74,12.95,13.15,12.67,34897.15
2017-10-11,12.89,12.78,12.93,12.74,27536.18
2017-10-12,12.79,12.8,12.93,12.7,18738.77
2017-10-13,12.81,12.75,12.87,12.7,22264.98
2017-10-16,12.75,12.42,12.77,12.41,33484.99
2017-10-17,12.43,12.31,12.51,12.22,25749.19
2017-10-18,12.33,12.09,12.38,12.04,24339.64
2017-10-19,12.15,11.73,12.15,11.6,35198.34
2017-10-20,11.73,11.86,11.87,11.69,14767.39
2017-10-23,11.88,12.13,12.15,11.7,29287.81
2017-10-24,12.09,11.97,12.1,11.93,16446.72
2017-10-25,12.01,12.01,12.18,11.92,15749.66
2017-10-26,11.95,12.14,12.18,11.95,19930.27
2017-10-27,12.16,12.03,12.16,11.97,16611.05
2017-10-30,12.05,11.54,12.07,11.48,28033.01
2017-10-31,11.6,11.7,11.73,11.54,18472.33
2017-11-01,11.65,11.7,11.76,11.64,14405.18
2017-11-02,11.77,11.44,11.77,11.43,16569.19
2017-11-03,11.5,11.1,11.54,10.72,26865.47
2017-11-06,11.04,11.1,11.12,10.89,15562.45
2017-11-07,11.05,11.18,11.25,11.0,16214.1
2017-11-08,11.18,11.19,11.31,11.13,18391.48
2017-11-09,11.16,11.22,11.27,11.06,18519.67
2017-11-10,11.22,11.44,11.52,11.18,32245.8
2017-11-13,11.44,11.19,11.51,11.19,29657.81
2017-11-14,11.21,10.94,11.21,10.87,28956.3
2017-11-15,10.94,11.17,11.72,10.88,40593.23
2017-11-16,11.18,11.32,11.42,10.89,26207.63
2017-11-17,11.27,11.88,12.1,11.19,106443.37
2017-11-20,11.64,11.22,11.73,10.69,81769.12
2017-11-21,10.94,10.98,11.19,10.88,42192.39
2017-11-22,10.97,10.87,10.97,10.69,39311.0
2017-11-23,10.91,10.8,10.99,10.72,27416.55
2017-11-24,10.77,10.8,10.91,10.7,16000.14
2017-11-27,10.8,11.02,11.02,10.72,23764.74
2017-11-28,10.94,11.41,11.59,10.91,54507.21
2017-11-29,11.31,11.33,11.53,11.22,34846.09
2017-11-30,11.33,11.31,11.43,11.11,26651.92
2017-12-01,11.31,11.49,11.63,11.16,34870.34
2017-12-04,11.48,11.54,11.74,11.37,31262.65
2017-12-05,11.44,11.14,11.51,10.96,32167.26
2017-12-06,11.02,11.22,11.31,10.97,15945.36
2017-12-07,11.27,11.67,11.97,11.18,81415.77
2017-12-08,11.63,11.75,11.81,11.58,41366.12
2017-12-11,11.73,11.68,11.82,11.58,28108.89
2017-12-12,11.68,11.38,11.68,11.3,32135.48
2017-12-13,11.4,11.41,11.54,11.35,21452.41
2017-12-14,11.4,11.02,11.43,11.0,40302.35
2017-12-15,10.95,10.77,11.01,10.72,34855.9
2017-12-18,10.73,10.23,10.75,10.15,44543.76
2017-12-19,9.82,10.02,10.05,9.58,62906.68
2017-12-20,9.9,9.9,9.92,9.68,34040.66
2017-12-21,9.81,9.62,9.88,9.62,23877.96
2017-12-22,9.66,9.8,9.84,9.6,23874.02
2017-12-25,9.78,9.71,9.78,9.52,23504.37
2017-12-26,9.71,9.82,9.82,9.58,20150.43
2017-12-27,9.8,9.71,9.85,9.67,12135.56
2017-12-28,9.69,9.68,9.77,9.62,12369.09
2018-01-03,9.93,9.94,10.08,9.8,29212.46
2018-01-04,9.87,9.87,9.97,9.82,16129.96
2018-01-05,9.91,10.04,10.1,9.85,26198.47
2018-01-08,9.96,9.95,10.02,9.9,17455.32
2018-01-09,9.98,9.85,10.04,9.82,15269.1
2018-01-10,9.85,9.9,10.08,9.81,23837.62
2018-01-11,9.86,9.78,9.88,9.65,20528.11
2018-01-12,9.78,9.69,9.88,9.68,14417.2
2018-01-15,9.69,9.42,9.71,9.33,27538.4
2018-01-16,9.43,9.19,9.43,9.14,22522.97
2018-01-17,9.17,9.1,9.17,8.77,29222.71
2018-01-18,9.05,9.22,9.29,8.96,20218.88
2018-01-19,9.22,9.09,9.23,9.04,14499.28
2018-01-22,9.11,9.09,9.15,8.8,15076.89
2018-01-23,9.11,9.22,9.27,9.04,13335.74
2018-01-24,9.15,9.51,9.68,9.14,55378.72
2018-01-25,9.39,9.32,9.47,9.28,25897.89
2018-01-26,9.28,9.14,9.39,9.14,15051.78
2018-01-29,9.17,8.88,9.17,8.88,14270.62
2018-01-30,8.88,8.75,8.96,8.66,23256.61
2018-01-31,8.67,8.2,8.77,8.1,32055.45
2018-02-01,8.17,7.83,8.23,7.72,46763.95
2018-02-02,7.74,7.72,7.83,7.23,33273.84
2018-02-05,7.78,7.75,7.95,7.58,16719.29
2018-02-06,7.7,7.32,7.77,7.32,23478.2
2018-02-07,7.74,7.47,7.74,7.13,16256.52
2018-02-08,7.43,7.58,7.68,7.36,18173.64
2018-02-09,7.41,7.07,7.54,7.04,21060.83
2018-02-12,7.15,7.24,7.33,7.05,21117.25
2018-02-13,7.27,7.32,7.47,7.21,19404.22
2018-02-14,7.35,7.33,7.37,7.19,8999.82
2018-02-22,7.39,7.45,7.57,7.31,13256.38
2018-02-23,7.56,7.46,7.56,7.4,16072.28
2018-02-26,7.47,7.69,7.72,7.44,23731.75
2018-02-27,7.68,7.68,7.74,7.59,19656.29
2018-02-28,7.63,7.64,7.69,7.48,20466.54
2018-03-01,7.6,7.81,7.88,7.54,24752.87
2018-03-02,7.77,8.27,8.54,7.77,75018.12
2018-03-05,7.99,8.06,8.17,7.99,31460.36
2018-03-06,8.04,8.5,8.65,7.95,59990.13
2018-03-07,8.41,8.9,9.09,8.34,86129.26
2018-03-08,8.86,8.77,9.02,8.64,58721.57
2018-03-09,8.7,8.86,9.1,8.42,53895.57
2018-03-12,8.77,8.8,8.85,8.67,36205.87
2018-03-13,8.8,8.58,8.8,8.58,24679.22
2018-03-14,8.55,8.35,8.57,8.23,29659.44
2018-03-15,8.31,8.97,9.18,8.28,86165.3
2018-03-16,8.87,8.89,9.02,8.71,52372.61
2018-03-19,8.84,8.93,9.18,8.7,46037.69
2018-03-20,8.82,9.83,9.83,8.71,116230.47
2018-03-21,10.13,10.37,10.81,9.9,213613.45
2018-03-22,10.19,10.61,10.76,9.82,180967.47
2018-03-23,10.01,9.62,10.46,9.55,134212.06
2018-03-26,9.15,9.44,9.51,8.75,71876.18
2018-03-27,9.55,10.01,10.01,9.41,86434.28
2018-03-28,9.68,9.82,10.18,9.68,81892.45
2018-03-29,9.73,9.76,10.0,9.71,44535.08
2018-03-30,9.7,9.64,9.85,9.6,48581.87
2018-04-02,9.58,9.64,9.76,9.38,52177.47
2018-04-03,9.44,9.11,9.48,8.85,62794.72
2018-04-04,9.09,8.97,9.19,8.9,33355.31
2018-04-09,8.9,9.11,9.14,8.53,38200.66
2018-04-10,8.99,9.11,9.13,8.87,25481.92
2018-04-11,9.11,9.2,9.26,9.07,27506.95
2018-04-12,9.2,8.83,9.23,8.8,35125.32
2018-04-13,8.93,8.69,8.94,8.66,25462.28
2018-04-16,8.69,8.84,8.92,8.67,27813.62
2018-04-17,8.84,8.31,8.92,8.29,33581.78
2018-04-18,8.42,8.59,8.64,8.11,41572.71
2018-04-19,8.51,8.77,8.91,8.51,43818.9
2018-04-20,8.77,8.5,8.92,8.33,36959.76
2018-04-23,8.38,8.27,8.52,8.1,26573.14
2018-04-24,8.25,8.54,8.56,8.24,23321.39
2018-04-25,8.46,8.78,8.79,8.42,31352.37
2018-04-26,8.75,8.86,8.91,8.67,47059.01
2018-04-27,8.92,8.77,8.98,8.66,31711.63
2018-05-02,8.8,8.61,8.84,8.46,19415.56
2018-05-03,8.57,8.84,8.84,8.42,25800.62
2018-05-04,8.83,8.99,9.04,8.78,47152.49
2018-05-07,8.94,9.03,9.09,8.86,34765.61
2018-05-08,8.99,9.44,9.46,8.86,79214.73
2018-05-09,9.33,9.33,9.36,9.17,42092.46
2018-05-10,9.26,9.49,9.85,9.2,67342.72
2018-05-11,9.4,9.57,9.79,9.1,77534.92
2018-05-14,9.42,9.18,9.44,9.14,39932.98
2018-05-15,9.07,9.29,9.41,9.07,27782.41
2018-05-16,9.22,9.12,9.26,9.06,26359.57
2018-05-17,9.08,9.02,9.22,9.01,23680.28
2018-05-18,9.01,9.18,9.2,9.01,21702.8
2018-05-21,9.2,9.3,9.36,9.18,36780.97
2018-05-22,9.3,9.3,9.35,9.1,28806.67
2018-05-23,9.27,8.95,9.31,8.93,29155.9
2018-05-24,8.85,8.78,8.89,8.69,30971.6
2018-05-25,8.76,8.67,8.85,8.62,23836.0
2018-05-28,8.69,8.46,8.75,8.39,19561.4
2018-05-29,8.49,8.29,8.54,8.29,22519.94
2018-05-30,8.15,7.82,8.2,7.72,28019.63
2018-05-31,7.85,7.93,8.11,7.85,18279.87
2018-06-01,7.92,7.79,7.94,7.67,20347.87
2018-06-04,7.71,7.87,7.91,7.71,14043.26
2018-06-05,7.87,8.12,8.13,7.86,19513.1
2018-06-06,8.04,8.35,8.49,8.04,33949.89
2018-06-07,8.29,8.41,8.42,8.21,29487.28
2018-06-08,8.4,8.26,8.51,8.11,33717.82
2018-06-11,8.21,8.32,8.42,8.14,25879.75
2018-06-12,8.31,8.26,8.46,8.17,43125.4
2018-06-13,8.25,8.27,8.35,8.11,37387.4
2018-06-14,8.29,8.52,8.6,8.23,60672.31
2018-06-15,8.42,7.84,8.44,7.72,53596.52
2018-06-19,7.5,7.3,7.5,7.06,46705.0
2018-06-20,7.27,7.45,7.6,7.22,34853.38
2018-06-21,7.42,7.12,7.61,7.06,34758.88
2018-06-22,7.13,7.18,7.23,6.83,18974.38
2018-06-25,7.23,7.11,7.29,7.09,15225.6
2018-06-26,7.02,7.2,7.27,6.84,16074.78
2018-06-27,7.2,7.17,7.3,7.07,18971.38
2018-06-28,7.17,7.04,7.21,6.98,11731.2
2018-06-29,7.04,7.24,7.27,7.03,22034.01
2018-07-02,7.21,7.11,7.33,7.04,17156.06
2018-07-03,7.08,7.27,7.29,7.04,21970.16
2018-07-04,7.29,7.43,7.56,7.25,45644.37
2018-07-05,7.37,6.97,7.37,6.92,35305.27
2018-07-06,6.99,7.01,7.13,6.76,21462.27
2018-07-09,7.01,7.14,7.15,6.99,12973.6
2018-07-10,7.12,7.17,7.19,7.07,14707.37
2018-07-11,7.1,6.84,7.1,6.76,19607.61
2018-07-12,6.88,7.18,7.31,6.88,33404.85
2018-07-13,7.16,7.27,7.33,7.16,26011.67
2018-07-16,7.26,7.43,7.45,7.22,31069.01
2018-07-17,7.4,7.47,7.54,7.34,25765.8
2018-07-18,7.46,7.49,7.75,7.46,27132.2
2018-07-19,7.47,7.39,7.57,7.32,16988.2
2018-07-20,7.35,7.53,7.53,7.27,17519.2
2018-07-23,7.48,7.64,7.66,7.43,24542.4
2018-07-24,7.59,7.7,7.73,7.52,29813.26
2018-07-25,7.71,7.63,7.84,7.58,29373.1
2018-07-26,7.63,7.65,7.7,7.59,18097.6
2018-07-27,7.63,7.96,8.0,7.6,48444.12
2018-07-30,7.94,8.29,8.76,7.77,129057.4
2018-07-31,8.02,7.96,8.27,7.87,85895.16
2018-08-01,7.92,8.03,8.2,7.79,81061.81
2018-08-02,7.91,7.4,8.04,7.23,61357.99
2018-08-03,7.37,7.15,7.47,7.15,30886.11
2018-08-06,7.16,7.0,7.2,6.9,24048.61
2018-08-07,7.06,7.27,7.28,6.99,26343.76
2018-08-08,7.27,7.11,7.27,7.07,20498.75
2018-08-09,7.16,7.45,7.49,7.09,35369.79
2018-08-10,7.47,7.67,7.81,7.28,59718.36
2018-08-13,7.48,7.61,7.71,7.4,32674.41
2018-08-14,7.57,7.71,7.78,7.5,33902.81
2018-08-15,7.62,7.4,7.71,7.35,29624.95
2018-08-16,7.19,7.46,7.52,7.15,25382.21
2018-08-17,7.6,7.3,7.63,7.24,21132.0
2018-08-20,7.31,7.49,7.5,7.17,17515.44
2018-08-21,7.43,7.65,7.88,7.42,35734.41
2018-08-22,7.6,7.71,7.83,7.56,32099.76
2018-08-23,7.69,7.78,7.78,7.57,29294.98
2018-08-24,7.77,7.68,7.81,7.62,21156.3
2018-08-27,7.64,7.82,7.82,7.63,30725.85
2018-08-28,7.8,7.73,7.91,7.7,28776.03
2018-08-29,7.7,7.62,7.76,7.53,28800.58
2018-08-30,7.64,7.55,7.65,7.51,19455.16
2018-08-31,7.55,7.31,7.57,7.31,18389.86
2018-09-03,7.33,7.38,7.42,7.19,17738.08
2018-09-04,7.41,7.49,7.53,7.31,15269.4
2018-09-05,7.49,7.26,7.5,7.26,15086.47
2018-09-06,7.26,7.41,7.49,7.25,18820.72
2018-09-07,7.38,7.39,7.54,7.36,18663.09
2018-09-10,7.35,7.12,7.35,7.08,21140.88
2018-09-11,7.12,7.23,7.27,7.11,13594.86
2018-09-12,7.23,7.18,7.29,7.15,13776.93
2018-09-13,7.24,7.23,7.28,7.15,13914.28
2018-09-14,7.27,7.24,7.35,7.2,15681.01
2018-09-17,7.25,7.09,7.25,7.04,13471.6
2018-09-18,7.13,7.21,7.23,7.04,14474.54
2018-09-19,7.18,7.38,7.47,7.17,23769.74
2018-09-20,7.48,7.56,7.78,7.47,57093.82
2018-09-21,7.48,7.54,7.57,7.42,27346.01
2018-09-25,7.52,7.44,7.58,7.39,18913.29
2018-09-26,7.46,7.46,7.52,7.4,18636.95
2018-09-27,7.39,7.29,7.47,7.27,15187.27
2018-09-28,7.28,7.37,7.43,7.27,12854.92
2018-10-08,7.18,7.08,7.27,7.06,16076.26
2018-10-09,7.11,7.09,7.18,7.05,9651.68
2018-10-10,7.08,7.11,7.17,6.99,8734.56
2018-10-11,6.93,6.48,6.93,6.39,32674.22
2018-10-12,6.36,6.25,6.36,5.99,19943.69
2018-10-15,6.27,6.23,6.55,6.15,18987.26
2018-10-16,6.24,6.11,6.35,6.08,13365.96
2018-10-17,6.19,6.28,6.3,6.08,13691.62
2018-10-18,6.25,6.18,6.52,6.1,15336.86
2018-10-19,6.08,6.3,6.34,5.89,19161.33
2018-10-22,6.32,6.54,6.66,6.31,25213.4
2018-10-23,6.55,6.4,6.65,6.29,20666.1
2018-10-24,6.36,6.48,6.52,6.31,15392.0
2018-10-25,6.27,6.37,6.41,6.17,13322.0
2018-10-26,6.38,6.43,6.51,6.38,13621.32
2018-10-29,6.44,6.27,6.44,6.21,12397.2
2018-10-30,6.26,6.35,6.39,6.2,11748.0
2018-10-31,6.35,6.46,6.49,6.34,14146.21
2018-11-01,6.52,6.47,6.61,6.46,16505.96
2018-11-02,6.55,6.67,6.68,6.46,22215.83
2018-11-05,6.62,6.71,6.73,6.56,22266.0
2018-11-06,6.66,6.73,6.73,6.58,15593.71
2018-11-07,6.71,6.62,6.8,6.59,20768.21
2018-11-08,6.63,6.8,6.8,6.59,31345.66
2018-11-09,6.76,6.6,6.77,6.57,22587.2
2018-11-12,6.56,6.81,6.82,6.56,28880.01
2018-11-13,6.76,6.95,7.1,6.71,44112.33
2018-11-14,6.89,6.89,7.02,6.84,32240.0
2018-11-15,7.13,7.25,7.59,7.04,75626.55
2018-11-16,7.3,7.62,7.81,7.14,97752.25
2018-11-19,7.47,7.81,8.15,7.39,103420.57
2018-11-20,7.65,7.29,7.68,7.29,58461.04
2018-11-21,7.22,7.43,7.46,7.21,32613.9
2018-11-22,7.45,7.28,7.45,7.25,29924.41
2018-11-23,7.33,6.89,7.33,6.88,36326.45
2018-11-26,6.9,6.93,7.04,6.88,20445.09
2018-11-27,6.99,7.08,7.12,6.97,23355.04
2018-11-28,7.09,7.21,7.21,6.86,33528.08
2018-11-29,7.26,6.9,7.3,6.89,37493.01
2018-11-30,6.9,7.03,7.11,6.63,34222.4
2018-12-03,7.16,7.24,7.36,7.12,43374.38
2018-12-04,7.24,7.27,7.29,7.14,30178.2
2018-12-05,7.1,7.2,7.27,7.02,22511.2
2018-12-06,7.17,7.14,7.3,7.05,23452.4
2018-12-07,7.14,7.33,7.34,7.1,35563.63
2018-12-10,7.27,7.49,7.61,7.2,64878.63
2018-12-11,7.49,7.8,7.83,7.43,80790.75
2018-12-12,7.65,7.58,7.81,7.49,61706.66
2018-12-13,7.57,7.55,7.58,7.4,37516.28
2018-12-14,7.5,7.14,7.52,7.14,38194.57
2018-12-17,7.07,7.12,7.16,6.98,20244.8
2018-12-18,7.04,6.99,7.13,6.9,18082.67
2018-12-19,7.01,6.98,7.1,6.94,15281.0
2018-12-20,6.94,6.95,7.07,6.87,17712.75
2018-12-21,6.96,6.88,6.98,6.81,16772.38
2018-12-24,6.89,7.05,7.05,6.86,13134.4
2018-12-25,7.05,6.89,7.05,6.75,23040.17
2018-12-26,6.89,6.89,6.97,6.83,15056.05
2018-12-27,6.96,6.74,7.04,6.73,23236.42
2018-12-28,6.64,6.77,6.89,6.64,17577.48
2019-01-02,6.9,6.96,7.0,6.77,21780.0
2019-01-03,6.94,6.92,7.05,6.89,17859.23
2019-01-04,6.87,7.16,7.16,6.81,28981.38
2019-01-07,7.14,7.3,7.36,7.14,29299.84
2019-01-08,7.32,7.32,7.45,7.2,28528.8
2019-01-09,7.34,7.36,7.44,7.26,33965.56
2019-01-10,7.36,7.37,7.48,7.21,28651.13
2019-01-11,7.39,7.54,7.7,7.38,42840.57
2019-01-14,7.53,7.42,7.64,7.41,28214.98
2019-01-15,7.48,7.64,7.73,7.48,45245.4
2019-01-16,7.64,8.09,8.4,7.58,119396.96
2019-01-17,7.96,7.7,8.02,7.7,86291.34
2019-01-18,7.68,7.4,7.75,7.37,75123.18
2019-01-21,7.38,7.43,7.55,7.38,37438.0
2019-01-22,7.38,7.31,7.46,7.28,28171.26
2019-01-23,7.29,7.31,7.35,7.22,22405.41
2019-01-24,7.3,7.29,7.35,7.15,29330.96
2019-01-25,7.26,7.19,7.32,7.16,27059.49
2019-01-28,7.26,7.28,7.46,7.24,34833.78
2019-01-29,7.26,7.14,7.27,6.94,30141.99
2019-01-30,7.12,7.16,7.27,7.09,20837.87
2019-01-31,7.16,7.42,7.47,7.16,43586.42
2019-02-01,7.41,7.61,7.67,7.34,44200.21
2019-02-11,7.65,7.7,7.7,7.51,42517.28
2019-02-12,7.69,7.92,8.08,7.58,68825.73
2019-02-13,8.14,8.13,8.25,7.96,116259.07
2019-02-14,8.01,7.94,8.08,7.86,74167.91
2019-02-15,8.02,7.88,8.14,7.87,61402.91
2019-02-18,8.02,8.14,8.19,7.88,84453.88
2019-02-19,8.29,8.06,8.33,7.91,85630.15
2019-02-20,8.06,7.93,8.06,7.79,55510.28
2019-02-21,7.91,8.03,8.29,7.85,89943.06
2019-02-22,8.03,8.62,8.81,8.0,149883.44
2019-02-25,8.55,8.93,9.06,8.51,145204.75
2019-02-26,8.79,8.52,8.8,8.52,110874.57
2019-02-27,8.47,8.55,8.69,8.44,66078.91
2019-02-28,8.52,8.6,8.66,8.48,41886.47
2019-03-01,8.62,8.6,8.67,8.45,32852.79
2019-03-04,8.63,8.62,8.84,8.6,81693.81
2019-03-05,8.63,9.06,9.06,8.52,107503.14
2019-03-06,8.97,9.05,9.16,8.85,92758.47
2019-03-07,9.08,9.16,9.43,9.0,99719.97
2019-03-08,8.92,8.93,9.43,8.8,114959.4
2019-03-11,8.94,9.44,9.44,8.94,77941.51
2019-03-12,9.46,9.95,10.02,9.35,137848.46
2019-03-13,9.93,9.4,9.93,9.23,79180.19
2019-03-14,9.35,9.27,9.6,9.01,56151.54
2019-03-15,9.27,9.51,9.84,9.27,62185.38
2019-03-18,9.57,9.68,9.68,9.3,44632.09
2019-03-19,9.68,9.56,9.7,9.43,39081.61
2019-03-20,9.6,9.35,9.6,9.21,38761.46
2019-03-21,9.38,9.93,10.29,9.3,132354.76
2019-03-22,9.82,9.76,9.84,9.45,87647.18
2019-03-25,9.46,10.05,10.6,9.45,140355.68
2019-03-26,10.13,9.98,10.42,9.75,118069.11
2019-03-27,10.11,9.77,10.17,9.55,71688.8
2019-03-28,9.66,9.56,10.02,9.47,67827.04
2019-03-29,9.52,9.77,9.83,9.26,72076.52
2019-04-01,9.87,10.15,10.18,9.76,85288.18
2019-04-02,10.21,10.03,10.22,9.94,67690.43
2019-04-03,9.99,10.14,10.16,9.9,48295.06
2019-04-04,10.14,10.08,10.21,9.96,51093.77
2019-04-08,10.09,9.78,10.11,9.69,44495.8
2019-04-09,9.77,9.84,9.95,9.72,29679.02
2019-04-10,9.84,9.72,9.86,9.56,39171.39
2019-04-11,9.74,9.42,9.78,9.42,32812.8
2019-04-12,9.45,9.46,9.57,9.42,26856.49
2019-04-15,9.58,9.44,9.78,9.42,35945.82
2019-04-16,9.44,9.72,9.72,9.28,35774.6
2019-04-17,9.64,9.76,9.96,9.63,42622.93
2019-04-18,9.65,9.74,9.87,9.6,33920.51
2019-04-19,9.87,9.74,9.87,9.57,26421.56
2019-04-22,9.75,9.82,9.88,9.61,48283.33
2019-04-23,9.75,9.32,9.76,9.31,50122.28
2019-04-24,9.39,9.27,9.42,9.03,34079.2
2019-04-25,9.12,8.83,9.32,8.83,36891.6
2019-04-26,8.79,9.02,9.16,8.79,34134.9
2019-04-29,9.02,8.65,9.09,8.63,34443.11
2019-04-30,8.7,8.76,8.88,8.67,16508.45
2019-05-06,8.44,7.96,8.53,7.88,36765.23
2019-05-07,8.1,8.13,8.19,7.99,20201.63
2019-05-08,7.97,8.19,8.31,7.93,19609.2
2019-05-09,8.2,8.22,8.29,8.1,18975.21
2019-05-10,8.29,8.46,8.49,8.11,30197.76
2019-05-13,8.35,8.4,8.43,8.29,22827.32
2019-05-14,8.27,8.25,8.37,8.22,20681.0
2019-05-15,8.27,8.43,8.45,8.27,24718.84
2019-05-16,8.39,8.52,8.52,8.34,21923.39
2019-05-17,8.52,8.26,8.56,8.14,24582.22
2019-05-20,8.21,8.39,8.49,7.97,25611.89
2019-05-21,8.3,8.54,8.54,8.22,28640.82
2019-05-22,8.55,8.44,8.61,8.37,22685.07
2019-05-23,8.45,8.44,8.64,8.29,29207.65
2019-05-24,8.36,8.25,8.42,8.1,21314.3
2019-05-27,8.15,8.58,8.58,8.15,28602.4
2019-05-28,8.61,8.54,8.63,8.5,19144.25
2019-05-29,8.49,8.54,8.65,8.46,22115.46
2019-05-30,8.51,8.56,8.58,8.42,18313.69
2019-05-31,8.64,8.77,8.91,8.54,36971.18
2019-06-03,8.72,8.68,8.87,8.54,26965.53
2019-06-04,8.73,8.76,8.83,8.59,19244.83
2019-06-05,8.76,8.83,8.83,8.66,20359.49
2019-06-06,8.83,8.9,9.08,8.68,40306.59
2019-06-10,9.04,9.07,9.07,8.83,29918.48
2019-06-11,9.01,9.46,9.49,8.96,53926.08
2019-06-12,9.36,9.24,9.43,9.2,36431.71
2019-06-13,9.21,9.3,9.32,9.13,23060.03
2019-06-14,9.3,9.06,9.33,8.87,29799.02
2019-06-17,8.86,8.97,9.18,8.86,15183.21
2019-06-18,8.97,9.05,9.15,8.96,19392.52
2019-06-19,9.19,9.26,9.47,9.17,37128.4
2019-06-20,9.31,9.33,9.43,9.17,27125.38
2019-06-21,9.35,9.57,9.57,9.27,43467.92
2019-06-24,9.59,9.47,9.59,9.37,23550.37
2019-06-25,9.47,9.49,9.52,9.1,24892.38
2019-06-26,9.22,9.27,9.42,9.21,21640.69
2019-06-27,9.27,9.33,9.42,9.19,23819.9
2019-06-28,9.3,9.66,9.69,9.24,53888.01
2019-07-01,9.77,9.86,10.08,9.75,68067.52
2019-07-02,9.78,10.05,10.07,9.75,46893.75
2019-07-03,10.02,9.76,10.02,9.73,36426.15
2019-07-04,9.76,9.91,10.07,9.76,29837.5
2019-07-05,9.91,10.17,10.33,9.84,63426.05
2019-07-08,10.16,9.68,10.17,9.52,51999.81
2019-07-09,9.75,9.62,9.81,9.43,26523.42
2019-07-10,9.66,9.75,9.77,9.48,21731.6
2019-07-11,9.73,9.32,9.73,9.3,37191.86
2019-07-12,9.34,9.27,9.4,9.19,16875.1
2019-07-15,9.27,9.59,9.6,8.96,32880.27
2019-07-16,9.46,9.44,9.58,9.35,17717.61
2019-07-17,9.44,9.44,9.52,9.36,9057.41
2019-07-18,9.41,9.15,9.44,9.06,21144.8
2019-07-19,9.25,9.34,9.35,9.17,17299.83
2019-07-22,9.32,8.79,9.32,8.75,26189.61
2019-07-23,8.82,9.16,9.2,8.82,19142.53
2019-07-24,9.21,9.23,9.33,9.15,16176.0
2019-07-25,9.23,9.3,9.34,9.21,12658.35
2019-07-26,9.31,9.28,9.31,9.19,10056.2
2019-07-29,9.35,9.3,9.35,9.06,10036.0
2019-07-30,9.29,9.27,9.4,9.19,11979.76
2019-07-31,9.27,9.21,9.32,9.1,13436.2
2019-08-01,9.16,9.23,9.33,9.16,13929.0
2019-08-02,9.1,9.0,9.14,8.9,18443.88
2019-08-05,8.9,8.91,9.09,8.87,12345.92
2019-08-06,8.69,8.51,8.7,8.26,27626.74
2019-08-07,8.52,8.71,8.83,8.52,17448.82
2019-08-08,8.71,8.83,8.87,8.69,11918.01
2019-08-09,8.81,8.71,8.9,8.59,11690.75
2019-08-12,8.57,8.86,8.9,8.57,9468.0
2019-08-13,8.83,8.8,8.88,8.71,10165.0
2019-08-14,8.86,8.83,8.98,8.77,10201.6
2019-08-15,8.72,8.9,8.93,8.6,12662.44
2019-08-16,8.85,8.87,8.95,8.83,15805.21
2019-08-19,9.63,9.55,9.76,9.27,72999.01
2019-08-20,9.49,10.51,10.51,9.35,126873.15
2019-08-21,10.78,10.41,11.07,10.15,211704.66
2019-08-22,10.31,10.41,10.76,10.27,121168.92
2019-08-23,10.36,10.02,10.46,9.94,108562.64
2019-08-26,9.89,10.1,10.33,9.64,98315.11
2019-08-27,10.22,10.3,10.37,10.07,84251.31
2019-08-28,10.18,10.12,10.3,9.99,43206.89
2019-08-29,10.07,10.56,11.05,10.05,145703.95
2019-08-30,10.47,9.95,10.66,9.93,116494.63
2019-09-02,9.91,10.95,10.95,9.76,105978.95
2019-09-03,11.66,12.05,12.05,11.66,71312.27
2019-09-04,13.04,13.25,13.25,12.66,250365.57
2019-09-05,14.01,13.12,14.49,13.04,442559.42
2019-09-06,12.61,12.75,13.52,12.45,278570.08
2019-09-09,12.55,12.7,12.7,12.1,176605.18
2019-09-10,12.49,12.7,13.18,12.44,199592.44
2019-09-11,12.48,13.11,13.21,12.34,211610.85
2019-09-12,12.89,12.86,13.42,12.76,158760.72
2019-09-16,12.8,13.42,13.42,12.75,171821.8
2019-09-17,13.23,13.04,13.7,12.9,154681.53
2019-09-18,12.94,12.44,13.02,12.16,144021.07
2019-09-19,12.26,12.31,12.41,11.91,85370.42
2019-09-20,12.36,11.97,12.53,11.91,101262.64
2019-09-23,11.79,12.04,12.05,11.7,67948.76
2019-09-24,11.97,11.86,12.1,11.79,55807.96
2019-09-25,11.86,11.57,12.01,11.49,67787.97
2019-09-26,11.6,11.04,11.68,10.96,80147.26
2019-09-27,11.0,11.24,11.32,11.0,49187.46
2019-09-30,11.19,11.06,11.54,11.0,37453.3
2019-10-08,11.07,10.92,11.4,10.87,31129.5
2019-10-09,11.0,11.47,11.52,10.81,58504.24
2019-10-10,11.36,11.49,11.67,11.34,48403.87
2019-10-11,11.52,11.45,11.59,11.31,37437.14
2019-10-14,11.59,11.68,11.76,11.5,50686.23
2019-10-15,11.69,11.91,12.02,11.46,79645.07
2019-10-16,11.85,12.08,12.13,11.69,58066.2
2019-10-17,11.95,12.57,12.68,11.95,99618.08
2019-10-18,12.47,12.27,12.77,12.13,69790.67
2019-10-21,12.22,12.39,12.51,11.82,49890.2
2019-10-22,12.32,12.55,12.61,12.32,44551.78
2019-10-23,12.49,12.47,12.68,12.38,38122.98
2019-10-24,12.5,12.6,12.73,12.43,35961.13
2019-10-25,12.52,12.53,12.63,12.28,35300.71
2019-10-28,12.49,13.03,13.16,12.45,73008.58
2019-10-29,13.0,12.96,13.14,12.8,52529.04
2019-10-30,12.82,13.02,13.09,12.78,33384.94
2019-10-31,13.09,13.11,13.46,12.99,43309.7
2019-11-01,12.97,13.18,13.28,12.97,33289.92
2019-11-04,13.23,13.72,13.77,13.13,54031.63
2019-11-05,13.57,13.28,13.74,13.19,56232.2
2019-11-06,13.35,12.79,13.45,12.61,73104.55
2019-11-07,12.88,13.41,13.48,12.68,58845.8
2019-11-08,13.44,13.71,13.77,13.37,58875.81
2019-11-11,13.72,13.49,14.13,13.46,66245.2
2019-11-12,13.62,13.92,13.94,13.48,49070.21
2019-11-13,13.9,13.77,14.03,13.63,34152.6
2019-11-14,13.77,13.86,13.89,13.6,32821.75
2019-11-15,13.86,13.51,13.91,13.45,29532.8
2019-11-18,13.62,13.52,13.72,13.48,21538.06
2019-11-19,13.72,13.59,13.72,13.28,31958.21
2019-11-20,13.57,13.17,13.57,13.15,36502.54
2019-11-21,13.27,13.16,13.38,13.05,23862.69
2019-11-22,13.14,12.85,13.42,12.78,39063.08
2019-11-25,12.85,12.68,13.09,12.51,27213.6
2019-11-26,12.73,12.6,12.89,12.46,17786.35
2019-11-27,12.82,12.7,12.82,12.48,15286.48
2019-11-28,12.7,12.72,12.77,12.59,15787.42
2019-11-29,12.72,12.66,12.73,12.34,26465.08
2019-12-02,12.63,13.08,13.29,12.58,36090.41
2019-12-03,12.99,13.16,13.23,12.87,26159.21
2019-12-04,13.16,13.16,13.33,13.04,23210.84
2019-12-05,13.14,13.32,13.32,13.14,20098.0
2019-12-06,13.23,13.43,13.43,13.23,21382.72
2019-12-09,13.51,13.39,13.7,13.3,20601.2
2019-12-10,13.42,13.28,13.42,13.02,32634.6
2019-12-11,13.41,12.88,13.41,12.81,34140.67
2019-12-12,12.97,12.91,13.29,12.82,31553.8
2019-12-13,12.99,12.92,13.13,12.84,20489.64
2019-12-16,12.94,13.15,13.16,12.92,22084.19
2019-12-17,13.15,13.48,13.62,13.15,54504.2
2019-12-18,13.37,13.72,13.85,13.37,48563.92
2019-12-19,14.01,13.52,14.01,13.51,56559.2
2019-12-20,13.61,13.37,13.63,13.28,38407.69
2019-12-23,13.37,13.01,13.46,12.82,31447.12
2019-12-24,12.94,13.05,13.2,12.85,23013.95
2019-12-25,13.04,13.61,13.77,13.04,57894.82
2019-12-26,13.62,14.14,14.14,13.54,67298.97
2019-12-27,14.13,13.76,14.24,13.73,53070.65
2019-12-30,13.63,13.92,14.2,13.54,50149.36
2019-12-31,13.87,13.82,14.1,13.65,34416.86
2020-01-02,13.84,14.3,14.39,13.75,62944.96
2020-01-03,14.32,14.41,14.5,14.14,41062.52
2020-01-06,14.51,14.84,14.98,14.19,68951.66
2020-01-07,14.74,15.39,15.54,14.72,72086.41
2020-01-22,16.93,15.66,16.93,15.45,343397.64
2020-01-23,14.61,14.09,14.89,14.09,177213.06
2020-02-03,12.68,12.68,12.68,12.68,3323.0
2020-02-04,11.41,11.69,12.1,11.41,171944.96
2020-02-05,11.55,11.75,12.36,11.49,99245.36
2020-02-06,11.7,11.89,12.06,11.59,75741.4
2020-02-07,11.84,13.08,13.08,11.69,103134.08
2020-02-10,13.08,13.51,14.04,12.88,134351.78
2020-02-11,13.34,13.23,13.7,13.14,59973.96
2020-02-12,12.9,13.32,13.49,12.9,50740.39
2020-02-13,13.32,14.04,14.55,12.86,106137.57
2020-02-14,14.11,15.44,15.44,13.84,151276.65
2020-02-17,15.47,16.14,16.54,15.12,185223.02
2020-02-18,15.77,16.26,16.92,15.67,139741.48
2020-02-19,15.94,17.88,17.88,15.78,237342.45
2020-02-20,17.51,18.49,19.39,17.33,215285.55
2020-02-21,18.24,18.06,18.66,18.02,161809.31
2020-02-24,18.15,19.83,19.87,17.79,210519.77
2020-02-25,19.22,20.12,20.74,18.29,170189.55
2020-02-26,19.64,18.72,20.63,18.67,141501.23
2020-02-27,19.13,19.14,19.63,18.0,121653.81
2020-02-28,18.0,17.57,18.67,17.47,109283.0
2020-03-02,17.86,18.19,18.46,17.42,89514.33
2020-03-03,18.5,18.0,18.97,17.81,94333.79
2020-03-04,17.81,18.37,18.57,17.66,62864.01
2020-03-05,18.85,18.36,18.97,18.22,57191.4
2020-03-06,17.99,18.23,18.54,17.85,44950.51
2020-03-09,18.05,17.52,18.22,17.37,60351.73
2020-03-10,17.22,18.09,18.1,16.62,95028.87
2020-03-11,17.95,17.51,18.19,17.24,69316.72
2020-03-12,17.15,16.83,17.38,16.8,41700.57
2020-03-13,16.3,16.56,16.83,15.89,67295.02
2020-03-16,16.91,15.16,16.91,15.14,79808.41
2020-03-17,15.57,15.17,15.57,14.6,57647.12
2020-03-18,15.44,15.05,15.95,14.98,59809.41
2020-03-19,14.97,15.48,15.66,14.82,56770.45
2020-03-20,15.86,15.91,16.04,15.32,50062.53
2020-03-23,15.49,15.01,15.74,14.79,56894.89
2020-03-24,15.39,15.21,15.52,14.67,45485.87
2020-03-25,15.57,15.36,15.65,15.28,41989.62
2020-03-26,15.37,15.17,15.43,14.99,33550.12
2020-03-27,15.27,15.16,15.39,15.08,30529.92
2020-03-30,15.01,14.38,15.01,14.12,46544.03
2020-03-31,14.6,14.06,14.6,14.0,25040.47
2020-04-01,14.0,14.16,14.34,14.0,27751.14
2020-04-02,14.16,14.68,14.74,14.05,28410.93
2020-04-03,14.75,16.15,16.15,14.74,78778.69
2020-04-07,16.54,16.88,17.25,16.31,101742.05
2020-04-08,16.54,16.38,16.67,16.23,53893.7
2020-04-09,16.45,16.73,17.03,16.33,55769.58
2020-04-10,16.55,16.15,16.73,16.06,50910.17
2020-04-13,15.99,15.95,16.11,15.62,39043.0
2020-04-14,16.06,16.53,16.66,15.89,39537.17
2020-04-15,16.54,16.52,16.75,16.42,31708.25
2020-04-16,16.54,16.76,17.37,16.25,63438.0
2020-04-17,16.87,16.91,17.3,16.77,48755.5
2020-04-20,16.88,16.67,16.93,16.39,51966.61
2020-04-21,16.61,16.69,16.86,16.28,39450.24
2020-04-22,16.54,17.52,17.84,16.41,71671.08
2020-04-23,17.52,16.59,17.79,16.55,78438.6
2020-04-24,16.64,17.5,18.25,16.64,181817.58
2020-04-27,17.24,18.09,18.53,16.8,127856.71
2020-04-28,18.05,17.68,18.38,17.23,94629.16
2020-04-29,17.59,17.32,17.66,17.22,45652.82
2020-04-30,17.36,17.52,17.88,17.32,55115.36
2020-05-06,17.33,17.42,17.61,17.08,59368.59
2020-05-07,17.44,17.17,17.7,17.12,44361.52
2020-05-08,17.17,17.65,17.77,17.14,53501.33
2020-05-11,17.69,17.39,17.75,17.22,47880.0
2020-05-12,17.47,17.29,17.47,17.03,26271.15
2020-05-13,17.29,18.21,18.37,17.18,78101.33
2020-05-14,18.21,18.16,18.45,18.0,53038.73
2020-05-15,18.47,18.77,19.41,18.45,95846.12
2020-05-18,18.85,17.9,18.85,17.81,67686.3
2020-05-19,17.98,17.9,18.46,17.62,50180.23
2020-05-20,17.71,17.32,17.76,17.22,52305.46
2020-05-21,17.46,17.12,17.46,16.95,29528.08
2020-05-22,18.09,17.12,18.09,16.88,57938.04
2020-05-25,16.74,16.74,17.24,16.44,37032.27
2020-05-26,16.71,17.08,17.21,16.71,25697.66
2020-05-27,17.08,16.79,17.11,16.76,22837.81
2020-05-28,16.64,16.48,16.92,16.12,29693.56
2020-05-29,16.48,16.45,16.72,16.31,19443.57
2020-06-01,16.54,16.9,16.99,16.54,30281.14
2020-06-02,16.9,17.2,17.25,16.81,29415.46
2020-06-03,17.2,18.16,18.93,17.08,61176.14
2020-06-04,18.18,17.94,18.53,17.59,40093.7
2020-06-05,17.86,18.04,18.2,17.61,21471.6
2020-06-08,18.03,17.97,18.46,17.93,22390.1
2020-06-09,17.98,18.46,18.85,17.87,36322.74
2020-06-10,18.37,18.38,18.46,18.16,18131.93
2020-06-11,18.37,18.51,18.83,18.19,33220.98
2020-06-12,18.2,18.28,18.45,17.99,24569.79
2020-06-15,18.28,18.62,18.81,18.14,34529.01
2020-06-16,18.54,18.94,19.23,18.54,46059.46
2020-06-17,18.94,18.69,19.28,18.66,36692.4
2020-06-18,18.7,18.09,18.96,18.02,57047.6
2020-06-19,18.08,18.32,18.52,17.99,30236.33
2020-06-22,18.25,18.28,18.51,18.18,26908.03
2020-06-23,18.28,18.42,18.66,18.03,35664.75
2020-06-24,18.27,19.15,19.2,18.14,80957.52
2020-06-29,19.2,20.51,21.01,19.06,139931.3
2020-06-30,20.22,21.25,21.98,20.03,114064.82
2020-07-01,21.45,21.1,21.78,20.62,74998.9
2020-07-02,21.01,21.1,21.38,20.72,58384.89
2020-07-03,21.1,20.52,21.19,20.34,68021.13
2020-07-06,20.59,20.9,21.1,20.38,96827.0
2020-07-07,21.01,22.24,22.99,20.72,192498.44
2020-07-08,22.38,23.25,23.39,22.24,133391.09
2020-07-09,23.16,25.08,25.39,23.16,131163.18
2020-07-10,25.1,26.83,27.52,24.44,164815.77
2020-07-13,26.83,26.54,27.05,25.51,120913.9
2020-07-14,26.39,25.6,26.54,24.75,111376.86
2020-07-15,25.55,24.61,25.68,24.47,72315.35
2020-07-16,24.65,23.14,25.1,23.11,81350.96
2020-07-17,23.31,22.97,23.9,22.77,55195.29
2020-07-20,23.29,25.12,25.16,23.1,82080.15
2020-07-21,25.02,26.43,26.66,24.75,94967.14
2020-07-22,26.39,25.98,26.79,25.67,75788.2
2020-07-23,25.58,25.38,26.33,24.95,68406.21
2020-07-24,25.38,24.59,26.16,24.41,73346.25
2020-07-27,24.88,24.68,25.46,24.05,45431.8
2020-07-28,24.72,25.16,25.49,24.64,43505.45
2020-07-29,25.2,26.55,26.88,24.84,86164.1
2020-07-30,27.84,27.15,28.12,26.69,111125.73
2020-07-31,28.1,29.15,29.61,27.48,154411.98
2020-08-03,29.29,30.78,31.47,29.19,199858.0
2020-08-04,31.26,27.7,31.26,27.7,273641.15
2020-08-05,26.48,26.55,26.86,25.42,170186.02
2020-08-06,26.39,27.69,28.34,26.22,125134.59
2020-08-07,27.25,27.06,27.73,26.19,86766.14
2020-08-10,27.06,26.68,27.9,26.54,68854.32
2020-08-11,25.41,25.15,26.55,25.11,113875.89
2020-08-12,25.02,24.63,25.37,23.87,82390.58
2020-08-13,24.43,25.2,25.75,24.31,58982.52
2020-08-14,25.18,25.1,25.39,24.66,28344.27
2020-08-17,25.02,25.25,25.44,24.79,48980.7
2020-08-18,25.41,25.46,26.08,25.02,50079.97
2020-08-19,25.48,24.53,25.58,24.43,52365.08
2020-08-20,24.6,24.06,24.91,24.02,32161.64
2020-08-21,24.2,24.48,24.82,24.2,33773.62
2020-08-24,24.4,24.34,24.65,23.95,23936.02
2020-08-25,24.59,24.55,25.01,24.3,32316.02
2020-08-26,24.36,23.14,24.41,22.7,81529.81
2020-08-27,23.06,23.26,23.55,22.61,39628.72
2020-08-28,23.45,23.6,23.74,23.18,36617.35
2020-08-31,23.52,22.77,23.78,22.41,61163.34
2020-09-01,22.77,22.64,22.91,22.22,43024.2
2020-09-02,22.68,22.5,22.82,22.4,29002.78
2020-09-03,22.75,22.04,22.75,21.94,33502.16
2020-09-04,21.51,22.05,22.16,21.42,29969.82
2020-09-07,22.06,21.68,22.34,21.63,42506.8
2020-09-08,21.61,21.4,21.89,21.09,35240.91
2020-09-09,21.11,20.93,21.39,20.38,41698.36
2020-09-10,21.11,20.7,21.45,20.58,32500.81
2020-09-11,21.01,20.69,21.01,20.45,20662.58
2020-09-14,20.74,21.26,21.45,20.74,24210.47
2020-09-15,21.26,22.45,22.75,20.58,53379.03
2020-09-16,22.45,22.44,22.95,22.37,37995.68
2020-09-17,22.44,22.33,22.62,22.0,25284.3
2020-09-18,22.28,22.83,23.06,22.28,35272.67
2020-09-21,22.89,22.73,23.07,22.49,23266.37
2020-09-22,22.66,22.22,22.66,22.1,18000.42
2020-09-23,22.37,22.13,22.42,21.92,12140.6
2020-09-24,21.92,21.09,21.92,21.04,22705.91
2020-09-25,21.38,20.68,21.38,20.56,21573.3
2020-09-28,21.01,20.25,21.01,20.11,18507.34
2020-09-29,20.27,20.03,20.5,20.0,21515.36
2020-09-30,20.33,20.28,20.88,19.78,31880.82
2020-10-09,21.01,21.25,21.65,20.51,25090.92
2020-10-12,21.58,22.14,22.24,21.58,29988.0
2020-10-13,22.09,22.51,22.64,21.72,30021.55
2020-10-14,22.53,22.52,22.77,22.34,23708.89
2020-10-15,22.69,22.11,22.76,22.1,20685.72
2020-10-16,22.28,21.88,22.28,21.77,13593.45
2020-10-19,22.02,21.64,22.36,21.52,14352.4
2020-10-20,21.61,21.72,21.83,21.38,10199.17
2020-10-21,21.78,21.33,21.9,21.05,17447.8
2020-10-22,21.21,20.82,21.3,20.8,12506.56
2020-10-23,20.86,20.49,20.99,20.42,10111.0
2020-10-26,20.49,20.29,20.58,20.03,9697.0
2020-10-27,20.29,20.28,20.5,20.03,10769.68
2020-10-28,20.29,20.4,20.56,19.94,12756.0
2020-10-29,20.29,19.57,20.29,19.54,26923.92
2020-10-30,19.71,19.82,20.29,19.57,23211.27
2020-11-02,19.83,19.2,20.01,19.16,18237.23
2020-11-03,19.52,19.99,20.31,19.21,18554.29
2020-11-04,20.02,19.82,20.27,19.59,11349.06
2020-11-05,19.85,20.07,20.13,19.73,12111.64
2020-11-06,19.98,19.69,20.2,19.59,13260.73
2020-11-09,19.69,20.43,20.77,19.68,24586.31
2020-11-10,20.45,20.17,20.52,20.08,18901.0
2020-11-11,20.09,19.61,20.16,19.54,14324.88
2020-11-12,19.56,19.51,19.76,19.36,12993.01
2020-11-13,19.5,19.55,19.74,19.01,13829.18
2020-11-16,19.57,19.5,19.66,19.35,8458.8
2020-11-17,19.52,18.98,19.52,18.85,21059.53
2020-11-18,18.96,18.89,19.16,18.77,17663.4
2020-11-19,18.8,19.03,19.13,18.62,15828.39
2020-11-20,19.07,20.82,20.92,18.98,50457.02
2020-11-23,20.97,21.33,21.75,20.72,44823.89
2020-11-24,21.66,21.66,22.03,21.35,32513.8
2020-11-25,21.66,21.7,21.97,21.5,23538.82
2020-11-26,22.04,21.43,22.04,21.16,18917.58
2020-11-27,21.43,21.19,21.54,20.91,15814.9
2020-11-30,21.06,20.54,21.14,20.45,18528.0
2020-12-01,20.46,20.58,20.73,20.41,13402.41
2020-12-02,20.69,21.03,21.11,20.35,19942.4
2020-12-03,20.91,20.78,21.5,20.57,17845.81
2020-12-04,20.74,20.94,21.08,20.52,10486.2
2020-12-07,21.04,21.05,21.29,20.94,11422.99
2020-12-08,20.89,20.23,21.14,20.13,36234.61
2020-12-09,19.92,19.54,20.33,19.53,29662.61
2020-12-10,19.54,19.09,19.7,19.06,22390.44
2020-12-11,19.18,18.86,19.43,18.76,18281.2
2020-12-14,18.85,18.69,18.98,18.43,13459.22
2020-12-15,18.69,19.35,19.45,18.67,15954.37
2020-12-16,19.3,18.94,19.51,18.92,12431.49
2020-12-17,18.94,18.99,19.22,18.69,11312.13
2020-12-18,19.06,18.66,19.11,18.63,14238.99
2020-12-21,18.67,19.02,19.1,18.67,13646.45
2020-12-22,18.92,18.67,18.99,18.63,15230.1
2020-12-23,18.67,19.01,19.15,18.55,17935.33
2020-12-24,19.01,18.68,19.1,18.67,9351.28
2020-12-25,18.67,18.74,18.86,18.58,8208.66
2020-12-28,18.77,18.18,18.77,18.16,18906.4
2020-12-29,18.18,18.3,18.58,17.71,17789.28
2020-12-30,18.16,17.6,18.4,17.49,26977.36
2020-12-31,17.61,17.49,17.74,17.1,31546.18
2021-01-04,17.45,19.24,19.24,17.39,56050.68
2021-01-05,19.58,19.87,20.51,19.26,57830.08
2021-01-06,19.87,19.56,19.97,19.14,27566.6
2021-01-07,19.34,19.29,19.77,18.79,28475.05
2021-01-08,19.11,19.14,19.57,18.88,19511.43
2021-01-11,19.14,18.56,19.39,18.44,20179.58
2021-01-12,18.39,18.53,18.61,18.09,16909.0
2021-01-13,18.44,18.97,19.33,18.0,27149.09
2021-01-14,18.9,18.79,19.2,18.27,17574.73
2021-01-15,18.63,18.88,19.05,18.47,17217.97
2021-01-18,18.31,18.12,18.47,17.98,30711.38
2021-01-19,18.12,18.13,18.62,18.07,18489.28
2021-01-20,18.37,18.2,18.37,17.79,14499.26
2021-01-21,18.2,18.05,18.37,17.98,14947.0
2021-01-22,18.04,18.58,19.34,18.04,32683.52
2021-01-25,18.95,18.05,18.95,18.0,19384.06
2021-01-26,17.93,17.62,17.95,17.59,16843.22
2021-01-27,17.62,17.78,18.14,17.49,12866.85
2021-01-28,17.93,17.49,17.93,17.39,14394.61
2021-01-29,18.7,17.99,18.7,17.68,21404.73
2021-02-01,17.94,18.36,18.59,17.78,19451.64
2021-02-02,18.36,18.28,18.53,18.05,11623.41
2021-02-03,18.29,17.74,18.29,17.69,12170.34
2021-02-04,17.68,17.73,17.77,17.39,15000.03
2021-02-05,17.75,17.54,17.92,17.52,9678.1
2021-02-08,17.41,17.79,18.03,16.95,16509.09
2021-02-09,17.79,17.77,18.07,17.68,10732.76
2021-02-10,17.81,18.0,18.06,17.63,10370.6
2021-02-18,17.99,18.51,18.9,17.99,18863.43
2021-02-19,18.51,18.65,18.67,18.17,16080.81
2021-02-22,18.64,20.52,20.52,18.61,65536.03
2021-02-23,21.23,22.57,22.57,20.91,56772.75
2021-02-24,24.31,22.75,24.31,22.62,97116.36
2021-02-25,23.32,25.03,25.03,22.02,90266.85
2021-03-01,24.99,22.53,24.99,22.53,90417.61
2021-03-02,21.57,21.12,21.98,20.8,63692.15
2021-03-03,21.25,21.25,21.87,21.14,32784.0
2021-03-04,21.03,20.45,21.07,20.18,41430.42
2021-03-05,20.09,21.3,21.99,20.06,40032.88
2021-03-08,21.35,21.01,21.84,21.01,23767.1
2021-03-09,21.01,21.58,21.98,20.37,28250.86
2021-03-10,21.93,21.12,21.96,20.52,16876.14
2021-03-11,21.01,21.37,21.47,20.87,14149.8
2021-03-12,21.57,22.18,22.67,21.29,32344.79
2021-03-15,22.28,21.98,22.57,21.62,20728.0
2021-03-16,21.79,21.82,22.2,21.79,12539.96
2021-03-17,21.82,21.33,21.82,21.31,14129.0
2021-03-18,21.44,21.67,21.74,21.04,15992.17
2021-03-19,21.44,21.73,22.07,21.3,12234.37
2021-03-22,21.73,21.41,21.73,21.25,13818.43
2021-03-23,21.4,21.14,21.76,21.1,15717.4
2021-03-24,21.14,21.3,21.45,20.96,9189.93
2021-03-25,21.28,21.57,22.24,21.1,16605.17
2021-03-26,21.61,21.73,22.16,21.33,14885.07
2021-03-29,21.77,22.48,23.1,21.57,28035.74
2021-03-30,22.47,22.55,22.79,22.28,15053.38
2021-03-31,22.54,22.23,22.92,22.18,15757.84
2021-04-01,22.24,22.14,22.47,22.0,9890.8
2021-04-02,22.3,22.1,23.04,22.0,25289.07
2021-04-06,22.1,21.18,22.17,21.16,26954.28
2021-04-07,21.18,20.55,21.22,20.52,24129.42
2021-04-08,20.63,20.66,20.89,20.4,13574.41
2021-04-09,20.5,20.48,20.68,20.37,9450.67
2021-04-12,20.46,20.24,20.6,20.2,7742.48
2021-04-13,20.18,20.47,20.74,20.18,8595.46
2021-04-14,20.46,20.45,20.74,20.27,6203.77
2021-04-15,20.47,20.4,20.68,20.32,6182.34
2021-04-16,20.4,20.5,20.6,20.32,5335.72
2021-04-19,20.49,20.54,20.99,20.41,12691.4
2021-04-20,20.54,20.44,20.61,20.34,6870.6
2021-04-21,20.36,20.46,20.51,20.33,4549.0
2021-04-22,20.42,20.44,20.56,20.34,6676.0
2021-04-23,20.47,19.89,20.57,19.75,13146.98
2021-04-26,19.9,19.53,20.03,19.44,16286.3
2021-04-27,19.54,19.14,19.9,19.09,14091.8
2021-04-28,19.14,18.76,19.24,18.62,13775.0
2021-04-29,18.66,19.48,19.81,18.59,21112.36
2021-04-30,19.15,19.21,19.64,19.0,9145.59
2021-05-06,19.21,18.95,19.44,18.9,6956.34
2021-05-07,19.0,18.74,19.07,18.69,7468.15
2021-05-10,18.74,18.7,19.05,18.59,8324.82
2021-05-11,18.69,18.76,18.89,18.32,11949.36
2021-05-12,18.86,18.99,19.03,18.56,6573.38
2021-05-13,18.99,20.89,20.89,18.83,49660.46
2021-05-14,20.99,20.22,21.23,19.93,50262.3
2021-05-17,20.31,19.84,20.33,19.62,21256.98
2021-05-18,19.64,19.79,19.92,19.59,11509.88
2021-05-19,19.78,19.52,19.78,19.14,17500.08
2021-05-20,19.49,19.58,19.85,19.26,8827.0
2021-05-21,19.58,19.68,20.13,19.54,12242.23
2021-05-24,19.59,19.4,19.85,19.3,10442.04
2021-05-25,19.54,19.69,19.83,19.23,13033.37
2021-05-26,19.82,19.83,19.97,19.68,8086.8
2021-05-27,19.83,19.64,20.03,19.63,10527.58
2021-05-28,19.64,19.67,20.16,19.45,12096.68
2021-05-31,19.63,19.46,19.89,19.32,13179.64
2021-06-01,19.95,19.87,20.0,19.55,14273.5
2021-06-02,19.89,19.55,19.99,19.5,10964.11
2021-06-03,19.45,19.49,19.78,19.45,7369.47
2021-06-04,19.49,19.37,19.63,19.34,8918.01
2021-06-07,19.37,19.32,19.57,19.22,12635.67
2021-06-08,19.35,19.78,20.5,19.3,26338.53
2021-06-09,19.6,19.46,19.79,19.44,10589.37
2021-06-10,19.46,19.54,19.63,19.36,10011.53
2021-06-11,19.73,19.69,19.9,19.28,18065.0
2021-06-15,19.58,20.03,20.08,19.27,20801.94
2021-06-16,20.02,19.87,20.32,19.68,15346.27
2021-06-17,19.83,19.81,20.0,19.64,8921.96
2021-06-18,19.74,19.64,19.96,19.62,10741.18
2021-06-21,19.62,19.33,19.64,19.33,15291.41
2021-06-22,19.33,19.38,19.53,19.29,12469.64
2021-06-23,19.28,19.43,19.48,19.25,12147.1
2021-06-24,19.44,18.75,19.44,18.72,15055.92
2021-06-25,19.01,18.66,19.01,18.27,17375.47
2021-06-28,18.65,18.6,18.92,18.52,7986.08
2021-06-29,18.69,18.45,18.69,18.41,7551.25
2021-06-30,18.37,18.59,18.66,18.37,6112.04
2021-07-01,18.67,18.51,18.8,18.38,9349.1
2021-07-02,18.51,18.01,18.54,17.92,14929.96
2021-07-05,18.03,18.15,18.47,17.88,14940.17
2021-07-06,18.15,18.07,18.37,17.98,7121.12
2021-07-07,18.06,17.96,18.12,17.92,7861.0
2021-07-08,17.91,17.77,18.17,17.63,12900.34
2021-07-09,17.77,18.85,19.05,17.73,29591.46
2021-07-12,18.74,18.51,18.93,18.48,16631.67
2021-07-13,18.51,18.34,18.58,18.27,13480.45
2021-07-14,18.23,17.95,18.45,17.94,11044.2
2021-07-15,17.95,17.95,18.2,17.78,8975.61
2021-07-16,18.06,17.87,18.07,17.84,6827.84
2021-07-19,18.1,17.91,18.1,17.82,6573.4
2021-07-20,17.75,17.82,17.94,17.72,6334.89
2021-07-21,17.84,17.75,18.02,17.63,9947.32
2021-07-22,17.75,17.82,17.92,17.61,7511.04
2021-07-23,17.81,17.34,17.97,16.04,25858.55
2021-07-26,17.34,16.83,17.39,16.56,15542.51
2021-07-27,16.9,16.78,17.34,16.62,11485.35
2021-07-28,16.78,16.15,16.88,16.04,17206.74
2021-07-29,16.31,16.47,16.78,16.13,13018.35
2021-07-30,16.36,17.02,17.34,16.17,15930.14
2021-08-02,16.8,17.4,17.52,16.73,15601.77
2021-08-03,17.4,17.46,18.07,17.29,16100.63
2021-08-04,17.46,17.45,17.68,17.21,7712.2
2021-08-05,17.36,17.23,17.62,17.22,7053.4
2021-08-06,17.22,17.12,17.32,16.82,10307.61
2021-08-09,17.1,17.04,17.35,17.01,8709.81
2021-08-10,16.93,17.02,17.27,16.9,10959.9
2021-08-11,17.02,17.02,17.2,16.89,10019.69
2021-08-12,16.65,16.92,17.19,16.65,11170.2
2021-08-13,16.92,16.93,16.96,16.66,12753.58
2021-08-16,16.93,16.8,17.06,16.71,10694.32
2021-08-17,16.8,16.21,16.8,16.14,16926.38
2021-08-18,16.59,16.46,16.66,16.2,7539.89
2021-08-19,16.41,16.3,16.58,16.27,8089.08
2021-08-20,16.41,16.1,16.41,16.0,11941.75
2021-08-23,16.1,16.65,16.9,15.74,20307.86
2021-08-24,16.71,16.75,16.82,16.5,10358.79
2021-08-25,16.76,16.86,16.9,16.65,10292.25
2021-08-26,16.96,17.15,17.4,16.68,21036.02
2021-08-27,17.16,18.87,18.87,17.03,55278.72
2021-08-30,19.55,19.83,20.16,18.81,94061.38
2021-08-31,19.43,18.66,19.69,18.39,57541.36
2021-09-01,18.55,18.22,18.56,17.83,29251.2
2021-09-02,18.23,18.31,18.56,17.88,22731.01
2021-09-03,18.31,18.38,18.93,18.17,23660.16
2021-09-06,18.49,18.17,18.49,17.63,22308.13
2021-09-07,18.07,18.05,18.16,17.78,15750.94
2021-09-08,18.05,17.97,18.22,17.94,15852.1
2021-09-09,17.88,18.1,18.72,17.86,20937.24
2021-09-10,17.89,18.01,18.33,17.89,14232.06
2021-09-13,18.05,18.27,18.37,17.78,19578.26
2021-09-14,18.28,18.52,19.23,18.07,33321.06
2021-09-15,18.27,18.44,18.9,18.03,16166.97
2021-09-16,18.44,18.34,18.7,18.29,16279.4
2021-09-17,18.55,18.15,18.55,17.83,15250.6
2021-09-22,18.07,17.6,18.07,17.54,18069.95
2021-09-23,17.59,18.04,18.07,17.51,15554.66
2021-09-24,18.04,17.78,18.04,17.49,14029.02
2021-09-27,17.54,17.78,18.17,17.54,13246.0
2021-09-28,17.64,17.83,17.95,17.64,6168.2
2021-09-29,17.8,17.5,17.89,17.5,7329.8
2021-09-30,17.5,17.76,17.76,17.49,7307.26
2021-10-08,17.81,18.53,18.66,17.68,20584.44
2021-10-11,18.54,18.17,18.84,18.11,10836.47
2021-10-12,18.08,17.7,18.26,17.69,8870.6
2021-10-13,17.77,17.79,17.89,17.6,6121.47
2021-10-14,17.79,17.46,17.95,17.18,14372.39
2021-10-15,17.1,17.16,17.34,16.9,9621.9
2021-10-18,16.86,17.4,17.71,16.64,11754.03
2021-10-19,17.66,17.26,17.66,17.1,5172.73
2021-10-20,17.26,17.26,17.45,17.12,4721.05
2021-10-21,17.26,17.12,17.41,17.11,4910.25
2021-10-22,17.05,17.05,17.36,16.94,5800.01
2021-10-25,17.02,16.97,17.32,16.85,8588.21
2021-10-26,16.97,16.6,17.13,16.56,10905.22
2021-10-27,16.65,16.4,16.65,16.22,9737.83
2021-10-28,16.4,16.41,16.61,16.14,7198.23
2021-10-29,16.46,16.8,16.89,16.32,7412.1
2021-11-01,16.68,16.61,16.95,16.61,8592.31
2021-11-02,16.97,16.46,16.98,16.32,7856.01
2021-11-03,16.59,16.62,16.78,16.47,4715.21
2021-11-04,16.61,16.76,16.9,16.61,5712.2
2021-11-05,16.94,17.23,17.32,15.64,14607.93
2021-11-08,17.44,17.52,17.66,17.0,14892.33
2021-11-09,17.52,17.55,18.01,17.21,12674.01
2021-11-10,17.52,17.47,17.57,17.24,8987.0
2021-11-11,17.45,17.53,17.68,17.27,6798.01
2021-11-12,17.53,17.66,17.68,17.39,10066.31
2021-11-15,17.66,17.66,18.03,17.59,13261.43
2021-11-16,17.73,17.26,17.96,17.26,11237.22
2021-11-17,17.31,17.8,18.12,17.31,16244.31
2021-11-18,17.81,17.85,18.02,17.68,8729.28
2021-11-19,18.03,17.65,18.05,17.54,9710.06
2021-11-22,17.59,17.51,17.78,17.29,12481.61
2021-11-23,17.55,17.36,17.66,17.32,10237.57
2021-11-24,16.91,16.94,17.55,16.8,21463.21
2021-11-25,16.76,16.72,16.93,16.63,11109.56
2021-11-26,16.9,16.91,17.0,16.51,16589.0
2021-11-29,17.5,18.6,18.6,17.41,83734.71
2021-11-30,18.68,18.13,19.05,18.06,68984.7
2021-12-01,18.36,19.95,19.95,17.75,100544.89
2021-12-02,20.03,19.52,20.51,19.13,99112.69
2021-12-03,19.79,18.66,19.79,18.61,52637.18
2021-12-06,18.7,18.74,19.0,18.22,44755.48
2021-12-07,18.74,19.23,19.64,18.39,42614.4
2021-12-08,19.2,19.16,19.64,18.78,28601.09
2021-12-09,19.1,18.83,19.36,18.82,27894.52
2021-12-10,18.86,18.71,18.86,18.37,28968.46
2021-12-13,18.55,18.56,18.81,18.34,32050.14
2021-12-14,18.71,19.29,19.52,18.42,41239.03
2021-12-15,19.44,19.14,19.55,19.05,28022.63
2021-12-16,19.14,18.97,19.33,18.78,17160.89
2021-12-17,19.17,18.71,19.19,18.64,13458.71
2021-12-20,18.59,18.61,19.2,18.37,18885.35
2021-12-21,18.56,18.93,18.95,18.42,18414.31
2021-12-22,18.85,19.33,19.54,18.74,25037.2
2021-12-23,19.54,19.86,21.24,19.54,71860.23
2021-12-24,20.19,21.85,21.85,19.87,218162.71
2021-12-27,21.06,20.52,21.84,20.43,147353.93
2021-12-28,20.81,20.36,21.1,20.19,60433.07
2021-12-29,20.18,19.71,20.23,19.58,60867.06
2021-12-30,19.56,19.7,20.08,19.49,45384.23
2021-12-31,19.63,20.26,20.52,19.63,45162.22
2022-01-04,20.27,20.32,20.48,19.54,35647.18
2022-01-05,20.21,20.27,21.27,20.03,45768.65
2022-01-06,20.27,20.92,21.18,20.13,52072.0
2022-01-07,20.95,22.12,22.97,20.95,145428.42
2022-01-10,22.47,24.33,24.33,22.47,237700.54
2022-01-11,24.43,23.26,25.12,23.06,251298.9
2022-01-12,22.86,22.71,23.76,22.49,102265.99
2022-01-13,22.79,22.57,23.32,22.48,62998.25
2022-01-14,22.55,23.01,23.33,22.42,57822.38
2022-01-17,23.63,24.13,24.62,22.79,122088.53
2022-01-18,24.22,24.6,26.48,23.64,161702.12
2022-01-19,24.22,23.94,24.96,23.79,82995.84
2022-01-20,23.89,22.83,24.13,22.73,85284.4
2022-01-21,22.73,23.05,23.54,22.6,62078.53
2022-01-24,22.7,22.83,23.33,22.48,54935.8
2022-01-25,22.83,21.81,23.43,21.71,62748.25
2022-01-26,21.81,21.81,22.27,21.3,70827.0
2022-01-27,21.52,20.05,21.85,19.96,85854.6
2022-01-28,20.33,21.01,21.76,20.27,87363.37
2022-02-07,21.53,20.78,21.92,20.52,51785.4
2022-02-08,20.9,21.07,21.48,20.47,44879.79
2022-02-09,21.05,22.36,22.45,20.86,65797.84
2022-02-10,22.36,21.51,22.36,21.3,53321.84
2022-02-11,21.87,21.4,21.87,21.16,44471.28
2022-02-14,21.01,21.23,21.42,20.42,62885.14
2022-02-15,21.38,21.8,22.03,21.05,42165.4
2022-02-16,21.97,21.77,22.14,21.54,26128.2
2022-02-17,21.59,21.9,22.03,21.2,41104.81
2022-02-18,21.77,22.6,22.94,21.71,50787.35
2022-02-21,22.65,23.27,23.76,22.62,63822.51
2022-02-22,22.86,22.24,23.15,21.89,58125.67
2022-02-23,22.36,22.09,22.62,21.88,42922.0
2022-02-24,22.35,21.43,22.45,20.84,58640.41
2022-02-25,21.5,22.19,22.57,21.5,48268.85
2022-02-28,22.44,21.58,22.47,21.36,37767.33
2022-03-01,21.7,21.9,22.06,21.51,28311.01
2022-03-02,21.8,22.52,22.72,21.69,40678.2
2022-03-03,22.57,22.01,22.79,21.98,23378.99
2022-03-04,22.16,21.63,22.16,21.54,19135.2
2022-03-07,21.63,21.03,21.79,21.01,26818.41
2022-03-08,20.91,19.84,21.28,19.54,48741.84
2022-03-09,20.13,19.66,20.38,18.78,46577.0
2022-03-10,20.06,19.6,20.2,19.51,30349.4
2022-03-11,19.39,19.75,19.83,17.63,31303.73
2022-03-14,19.45,19.2,19.67,18.84,31913.45
2022-03-15,19.09,18.48,19.74,18.48,37563.9
2022-03-16,19.04,19.03,19.19,17.93,49579.73
2022-03-17,19.25,19.42,19.88,18.73,36484.51
2022-03-18,19.43,19.19,19.47,18.92,62819.9
2022-03-21,19.17,18.61,19.17,18.45,34449.17
2022-03-22,18.66,18.34,18.7,18.2,22750.36
2022-03-23,18.52,18.7,18.9,18.37,25807.22
2022-03-24,18.69,18.34,18.69,18.21,22357.02
2022-03-25,18.38,18.03,18.49,17.94,19198.24
2022-03-28,17.93,17.72,18.22,17.52,26430.01
2022-03-29,17.97,17.58,17.98,17.47,17130.2
2022-03-30,17.63,17.8,17.88,17.49,15956.4
2022-03-31,17.95,17.8,17.95,17.59,18332.56
2022-04-01,17.73,17.75,17.83,17.49,18487.73
2022-04-06,17.75,17.52,17.78,17.45,17341.21
2022-04-07,17.84,17.21,18.37,17.19,41632.16
2022-04-08,17.22,17.39,17.47,17.05,20853.01
2022-04-11,17.37,16.36,17.37,16.27,34754.53
2022-04-12,16.47,16.87,16.9,16.39,19686.71
2022-04-13,16.88,16.61,16.88,16.46,14684.71
2022-04-14,16.8,16.53,16.82,16.42,18175.0
2022-04-15,16.52,16.5,16.73,16.32,12827.24
2022-04-18,16.5,16.55,16.59,16.25,12619.4
2022-04-19,16.51,16.36,17.05,16.28,15483.45
2022-04-20,16.61,16.08,16.96,16.0,24022.97
2022-04-21,16.08,15.41,16.25,15.41,18827.26
2022-04-22,15.22,14.7,15.36,14.41,49260.96
2022-04-25,14.66,13.38,14.66,13.38,40187.24
2022-04-26,13.13,12.7,13.87,12.7,27418.2
2022-04-27,12.44,13.34,13.36,12.44,37668.71
2022-04-28,13.37,12.85,13.37,12.72,26578.23
2022-04-29,12.86,13.24,13.35,12.85,34938.24
2022-05-05,13.35,13.28,14.17,13.01,31681.0
2022-05-06,13.04,13.46,14.23,12.8,52709.98
2022-05-09,13.1,13.03,13.39,12.87,33828.16
2022-05-10,12.91,13.11,13.21,12.6,34891.01
2022-05-11,13.15,13.34,13.9,12.97,38876.23
2022-05-12,13.34,13.35,13.63,13.12,28607.69
2022-05-13,13.46,13.38,13.55,13.09,19891.0
2022-05-16,13.41,13.31,13.61,13.24,19736.62
2022-05-17,13.31,13.33,13.37,12.95,18435.8
2022-05-18,13.27,13.48,13.81,13.16,75446.19
2022-05-19,13.41,13.27,13.6,13.09,36719.32
2022-05-20,13.33,13.34,13.53,13.17,27994.21
2022-05-23,13.48,13.65,13.82,13.38,42624.09
2022-05-24,13.76,12.74,13.77,12.71,49006.13
2022-05-25,12.84,12.96,13.03,12.71,29449.32
2022-05-26,13.17,13.07,13.17,12.68,31078.0
2022-05-27,13.26,13.11,13.43,12.96,31137.07
2022-05-30,13.38,14.42,14.42,13.38,42396.47
2022-05-31,15.09,14.6,15.14,14.23,129087.59
2022-06-01,14.39,14.38,14.53,14.19,65675.0
2022-06-02,14.38,14.64,14.71,14.11,54471.93
2022-06-06,14.62,14.83,14.83,14.44,55258.02
2022-06-07,14.9,15.55,15.75,14.7,70553.8
2022-06-08,15.47,15.29,16.07,15.08,63222.61
2022-06-09,15.12,15.15,15.43,14.82,56061.76
2022-06-10,15.04,15.3,15.69,14.93,49342.68
2022-06-13,15.14,15.52,15.71,15.12,32890.5
2022-06-14,15.49,15.29,15.49,14.82,28935.34
2022-06-15,15.54,15.34,15.95,15.26,49879.19
2022-06-16,15.45,15.33,15.68,15.23,26627.09
2022-06-17,15.14,15.22,15.33,14.96,27170.0
2022-06-20,15.42,15.19,15.53,15.04,31045.7
2022-06-21,15.41,15.11,15.42,14.93,30264.63
2022-06-22,15.09,14.71,15.2,14.66,25539.01
2022-06-23,14.75,14.97,15.42,14.75,30822.04
2022-06-24,15.54,15.19,16.03,14.96,62200.74
2022-06-27,15.04,15.06,15.17,14.85,34902.12
2022-06-28,15.02,15.14,15.2,14.78,28102.88
2022-06-29,15.1,15.04,15.29,14.81,30199.05
2022-06-30,14.91,14.73,14.93,14.7,26788.73
2022-07-01,14.84,14.78,14.99,14.65,24261.2
2022-07-04,14.78,14.78,14.8,14.39,19658.8
2022-07-05,14.94,14.65,14.94,14.38,23265.23
2022-07-06,14.65,14.45,14.83,14.4,21195.03
2022-07-07,14.51,14.88,15.1,14.25,38912.14
2022-07-08,15.09,14.92,15.11,14.78,24024.01
2022-07-11,14.84,14.52,14.89,14.42,15947.41
2022-07-12,14.41,14.37,14.8,14.18,20386.92
2022-07-13,14.25,14.17,14.34,14.03,23383.0
2022-07-14,14.1,14.66,14.93,13.94,36806.83
2022-07-15,14.5,14.15,14.51,14.02,27381.0
2022-07-18,14.16,14.55,14.6,14.07,22841.96
2022-07-19,14.65,14.94,14.94,14.46,26486.99
2022-07-20,15.09,14.91,15.09,14.82,15380.84
2022-07-21,14.89,14.77,15.04,14.75,16135.26
2022-07-22,14.91,14.55,15.01,14.4,19869.0
2022-07-25,14.78,14.46,15.01,14.36,22490.0
2022-07-26,14.65,14.61,14.71,14.32,16105.44
2022-07-27,14.6,14.75,14.8,14.47,17733.75
2022-07-28,14.87,15.05,15.13,14.78,30062.11
2022-07-29,15.05,14.65,15.14,14.65,19389.02
2022-08-01,14.65,14.59,14.77,14.51,16018.0
2022-08-02,14.51,13.95,14.56,13.72,31028.39
2022-08-03,13.82,14.15,14.39,13.82,24309.12
2022-08-04,14.11,13.92,14.25,13.76,27110.5
2022-08-05,14.01,15.32,15.32,13.93,84770.0
2022-08-08,15.73,15.6,16.02,15.24,131346.53
2022-08-09,15.71,15.89,15.95,15.41,79726.02
2022-08-10,15.87,15.82,15.95,15.67,44731.71
2022-08-11,15.93,15.91,16.4,15.79,60844.67
2022-08-12,15.9,15.68,16.04,15.53,47553.0
2022-08-15,15.67,15.45,15.69,15.34,36223.2
2022-08-16,15.52,15.29,15.61,15.22,26357.2
2022-08-17,15.34,15.25,15.39,15.06,28296.0
2022-08-18,15.04,15.32,15.43,15.01,30076.05
2022-08-19,15.32,15.11,15.67,15.02,33193.0
2022-08-22,15.12,15.14,15.27,14.9,22384.2
2022-08-23,15.14,15.52,15.93,14.97,60821.06
2022-08-24,15.56,14.98,15.8,14.91,51110.0
2022-08-25,14.95,14.45,15.12,14.23,40703.6
2022-08-26,14.42,14.23,14.48,14.0,38561.33
2022-08-29,14.5,13.72,14.5,13.57,39638.62
2022-08-30,13.72,14.33,15.1,13.72,128371.47
2022-08-31,13.76,13.62,13.96,13.49,75435.6
2022-09-01,13.63,13.25,13.93,13.22,37161.52
2022-09-02,13.17,13.32,13.45,13.08,30635.49
2022-09-05,13.32,13.15,13.37,13.08,21364.65
2022-09-06,13.22,13.39,13.45,13.01,23182.51
2022-09-07,13.39,13.42,13.47,13.17,17713.08
2022-09-08,13.53,13.25,13.68,13.17,25824.0
2022-09-09,13.25,13.29,13.36,13.1,12100.1
2022-09-13,13.49,13.97,14.4,13.43,58376.57
2022-09-14,13.93,13.63,13.93,13.61,29265.2
2022-09-15,13.69,13.42,13.74,13.17,19598.48
2022-09-16,13.36,13.37,13.76,13.27,29746.73
2022-09-19,13.39,12.67,13.54,12.58,41679.34
2022-09-20,12.67,13.0,13.1,12.64,22020.37
2022-09-21,13.14,12.93,13.14,12.68,13016.92
2022-09-22,13.06,12.94,13.09,12.7,14861.35
2022-09-23,12.96,12.71,13.02,12.62,16896.57
2022-09-26,12.66,12.34,12.79,12.32,17147.43
2022-09-27,12.43,12.44,12.55,12.35,14102.18
2022-09-28,12.48,12.19,12.48,12.14,12876.8
2022-09-29,12.23,12.02,12.44,11.97,10494.58
2022-09-30,12.02,11.93,12.11,11.84,9465.57
2022-10-10,11.93,11.93,12.16,11.78,12183.57
2022-10-11,11.9,11.88,12.04,11.86,10805.92
2022-10-12,11.93,12.38,12.42,11.78,17525.94
2022-10-13,12.38,13.62,13.62,12.38,49117.32
2022-10-14,14.07,14.35,14.54,13.37,118085.2
2022-10-17,13.99,14.16,14.42,13.77,61951.56
2022-10-18,14.25,14.23,14.72,14.16,58193.97
2022-10-19,14.3,14.58,14.9,13.97,66127.73
2022-10-20,14.26,14.49,15.22,14.21,50466.23
2022-10-21,14.52,14.2,14.58,14.11,50755.45
2022-10-24,14.28,13.95,14.46,13.76,52802.89
2022-10-25,13.67,14.9,15.24,13.54,126192.68
2022-10-26,14.87,16.4,16.4,14.65,207921.9
2022-10-27,16.67,18.04,18.04,16.55,143852.54
2022-10-28,18.63,18.97,19.85,18.1,515042.91
2022-10-31,19.86,20.87,20.87,19.86,222049.02
2022-11-01,22.96,22.96,22.96,21.9,796842.03
2022-11-02,23.12,23.4,23.64,22.15,798764.33
2022-11-03,22.49,22.67,23.49,21.12,725054.8
2022-11-04,23.09,22.96,23.89,21.24,959563.71
2022-11-07,22.99,21.97,23.65,21.22,753666.95
2022-11-08,22.03,20.97,22.36,20.2,787403.44
2022-11-09,20.65,20.65,21.91,20.25,777632.09
2022-11-10,21.34,19.76,21.8,19.2,885552.57
2022-11-11,19.86,20.06,20.52,18.77,788808.99
2022-11-14,19.63,21.46,22.06,19.07,1050564.53
2022-11-15,21.09,22.07,23.59,20.82,1097615.13
2022-11-16,22.51,24.28,24.28,22.49,670663.59
2022-11-17,25.17,26.71,26.71,23.84,1295951.76
2022-11-18,26.71,25.28,28.01,24.12,1363452.16
2022-11-21,25.71,24.18,26.04,23.48,1051620.66
2022-11-22,23.84,24.64,25.43,23.46,884074.55
2022-11-23,24.14,25.66,26.05,23.75,967655.54
2022-11-24,24.89,25.71,26.02,24.35,742519.16
2022-11-25,25.65,24.44,26.38,24.39,655515.28
2022-11-28,23.45,26.05,26.74,23.19,952785.33
2022-11-29,25.45,26.54,27.12,24.79,849430.97
2022-11-30,26.34,25.43,26.44,24.68,619784.69
2022-12-01,25.18,26.05,27.04,24.97,812565.66
2022-12-02,26.06,26.26,28.51,25.95,847452.28
2022-12-05,26.57,26.69,27.08,25.6,575315.63
2022-12-06,26.45,24.72,26.84,24.46,722847.6
2022-12-07,24.73,24.83,25.22,23.7,581943.5
2022-12-08,24.68,23.94,24.92,23.28,533002.14
2022-12-09,23.99,23.92,24.53,23.53,375109.13
2022-12-12,24.24,24.51,24.81,24.03,446725.87
2022-12-13,24.38,23.4,24.75,23.09,480718.58
2022-12-14,23.1,23.3,23.68,22.84,314451.56
2022-12-15,23.3,24.76,25.63,23.2,746469.76
2022-12-16,24.38,24.76,25.25,24.23,462265.63
2022-12-19,24.87,24.74,25.22,23.84,440816.47
2022-12-20,25.77,22.27,25.77,22.27,475587.73
2022-12-21,21.14,20.68,21.9,20.52,582902.65
2022-12-22,21.03,20.15,21.08,20.14,377026.76
2022-12-23,20.25,20.3,21.0,19.86,322526.86
2022-12-26,20.31,21.2,21.27,20.03,403241.48
2022-12-27,21.09,20.6,21.22,20.06,345620.65
2022-12-28,20.56,19.66,21.24,19.58,416007.8
2022-12-29,19.77,19.81,20.43,19.59,366141.08
2022-12-30,19.66,19.81,20.31,19.3,296318.69
2023-01-03,20.2,21.8,21.8,19.83,399675.52
2023-01-04,23.05,23.98,23.98,22.91,531628.64
2023-01-05,24.28,23.64,24.48,22.92,842555.43
2023-01-06,23.65,24.1,24.43,23.29,649714.07
2023-01-09,24.08,24.0,24.53,23.69,461950.62
2023-01-10,23.77,23.56,24.15,23.28,367528.79
2023-01-11,23.31,23.17,24.37,23.0,446795.78
2023-01-12,23.01,23.02,23.84,22.8,421514.52
2023-01-13,22.98,22.08,23.11,21.82,409887.25
2023-01-16,22.61,22.85,23.5,22.3,351330.64
2023-01-17,23.0,22.84,23.36,22.51,262272.43
2023-01-18,22.81,23.79,24.46,22.55,478572.4
2023-01-19,23.79,24.91,25.91,23.67,596894.09
2023-01-20,25.02,26.57,27.4,24.85,834050.31
2023-01-30,26.64,27.49,28.01,25.86,655093.99
2023-01-31,27.18,26.54,27.59,26.32,359364.23
2023-02-01,26.46,27.41,27.53,26.23,403775.8
2023-02-02,27.05,27.51,29.1,26.98,447774.69
2023-02-03,27.23,28.57,29.49,27.06,595735.04
2023-02-06,28.71,28.28,29.47,27.43,433442.6
2023-02-07,28.15,27.03,28.18,26.66,362105.84
2023-02-08,26.9,26.88,27.32,25.94,270633.64
2023-02-09,26.55,27.06,27.32,26.28,261843.97
2023-02-10,27.01,26.84,27.79,26.17,342413.45
2023-02-13,26.93,26.93,27.7,26.54,284340.22
2023-02-14,26.93,26.24,27.19,25.97,257747.23
2023-02-15,26.12,26.83,27.69,26.05,344083.16
2023-02-16,27.33,27.33,29.36,25.99,627695.65
2023-02-17,27.28,25.56,27.28,24.97,547707.52
2023-02-20,25.46,25.71,26.17,25.12,275654.72
2023-02-21,25.71,26.46,27.37,25.65,409510.69
2023-02-22,26.34,26.69,27.36,26.11,348266.33
2023-02-23,26.42,24.95,26.62,24.58,433815.76
2023-02-24,24.95,25.07,25.21,24.38,200991.53
2023-02-27,24.59,24.61,25.27,23.99,207175.4
2023-02-28,26.54,25.58,26.89,25.18,530571.11
2023-03-01,25.93,28.14,28.14,25.88,977492.89
2023-03-02,27.54,27.88,28.24,27.14,600119.3
2023-03-03,27.6,27.94,28.62,27.24,465214.99
2023-03-06,28.21,27.25,28.57,27.05,444280.45
2023-03-07,28.08,27.97,29.39,27.7,700573.55
2023-03-08,28.73,29.48,29.98,28.2,759691.78
2023-03-09,28.6,28.35,29.39,28.01,500656.72
2023-03-10,28.29,29.33,30.43,28.02,692151.65
2023-03-13,29.0,32.26,32.26,28.39,671643.6
2023-03-14,32.09,34.33,35.44,32.08,683264.08
2023-03-15,34.22,33.92,34.6,32.99,426297.04
2023-03-16,33.57,34.39,35.54,32.85,552647.12
2023-03-17,34.22,35.78,36.07,33.68,482285.73
2023-03-20,35.28,33.77,36.44,33.13,608137.02
2023-03-21,33.77,33.82,34.26,32.93,401396.47
2023-03-22,33.62,34.1,34.16,32.4,377935.6
2023-03-23,34.09,35.65,35.73,33.43,472883.81
2023-03-24,36.26,34.19,36.26,33.6,473210.52
2023-03-27,34.06,33.27,35.09,32.25,490184.8
2023-03-28,33.22,34.83,36.08,32.78,568365.78
2023-03-29,34.27,33.29,35.19,32.64,408281.13
2023-03-30,32.76,31.78,33.33,31.31,349179.55
2023-03-31,31.79,32.5,32.98,31.43,246121.95
2023-04-03,32.54,33.25,33.57,32.0,370181.98
2023-04-04,33.92,35.11,36.26,33.03,562526.2
2023-04-06,34.41,38.62,38.62,33.76,621949.45
2023-04-07,38.61,39.42,39.96,37.26,518511.25
2023-04-10,39.32,37.76,40.85,37.56,395037.03
2023-04-11,37.78,37.9,38.55,36.7,304652.47
2023-04-12,37.8,38.99,40.84,37.45,451253.12
2023-04-13,40.11,37.74,40.8,37.32,490843.99
2023-04-14,37.83,37.53,38.99,36.9,275136.77
2023-04-17,37.31,37.48,38.64,36.72,201181.15
2023-04-18,37.36,37.56,38.0,35.96,231727.44
2023-04-19,37.37,38.11,39.18,37.22,295499.37
2023-04-20,37.85,38.93,39.52,37.39,282914.7
2023-04-21,38.52,35.04,38.52,35.04,356969.76
2023-04-24,35.04,32.83,35.06,32.33,470902.72
2023-04-25,32.88,32.6,33.6,32.34,283040.15
2023-04-26,32.36,29.77,32.98,29.45,545415.82
2023-04-27,29.76,30.18,31.39,29.76,290854.46
2023-04-28,30.08,31.07,31.25,29.66,242162.18
2023-05-04,30.48,30.28,30.83,28.87,308030.64
2023-05-05,30.28,31.46,32.22,29.79,368148.48
2023-05-08,31.39,33.64,34.4,31.13,501453.97
2023-05-09,33.43,33.23,34.9,33.08,337611.77
2023-05-10,32.96,33.46,33.77,32.54,241719.59
2023-05-11,33.33,31.97,33.52,31.51,275407.38
2023-05-12,31.98,31.12,32.14,31.09,161337.12
2023-05-15,31.12,31.43,31.52,29.49,284714.45
2023-05-16,31.21,30.07,31.72,30.05,202352.25
2023-05-17,30.08,30.23,30.67,29.3,232856.9
2023-05-18,30.46,30.92,31.14,29.96,203335.53
2023-05-19,30.9,31.06,31.07,29.44,240409.96
2023-05-22,30.67,30.59,31.57,30.2,182651.24
2023-05-23,30.6,29.98,31.48,29.9,197276.21
2023-05-24,29.85,29.4,30.14,29.1,229416.02
2023-05-25,29.11,28.64,29.92,27.97,292608.03
2023-05-26,28.66,28.94,29.0,28.13,254160.49
2023-05-29,29.59,29.49,29.85,28.85,272680.92
2023-05-30,29.19,30.96,31.26,28.79,313045.88
2023-05-31,32.44,34.05,34.05,32.44,269609.15
2023-06-01,35.01,34.64,35.41,34.09,631362.5
2023-06-02,34.89,34.26,35.11,33.88,399433.34
2023-06-05,33.78,34.02,34.63,33.78,265815.37
2023-06-06,34.22,32.44,34.32,32.07,321870.83
2023-06-07,32.37,33.29,33.91,31.76,321580.69
2023-06-08,33.29,32.83,33.3,32.33,183797.35
2023-06-09,33.09,33.52,34.09,32.51,297977.8
2023-06-12,33.52,33.28,34.01,32.85,235647.82
2023-06-13,32.91,34.06,34.44,32.62,304937.84
2023-06-14,34.3,34.08,34.88,33.51,284675.45
2023-06-15,34.19,33.87,34.4,33.58,217792.56
2023-06-16,33.7,37.26,37.26,33.2,591254.6
2023-06-19,36.47,37.36,37.84,36.03,475886.42
2023-06-20,36.82,38.0,38.44,36.74,305420.49
2023-06-21,37.51,36.44,38.34,35.93,281986.11
2023-06-26,35.86,33.92,36.08,33.61,300164.45
2023-06-27,34.1,34.3,34.97,33.92,158752.74
2023-06-28,34.4,32.72,34.5,31.3,311891.48
2023-06-29,32.86,32.49,33.02,31.48,207727.97
2023-06-30,32.18,32.43,32.7,31.89,126580.94
2023-07-03,32.76,32.66,32.95,30.56,270679.48
2023-07-04,32.17,34.16,34.16,32.13,232522.08
2023-07-05,35.42,34.44,36.67,34.36,301498.49
2023-07-06,34.81,33.39,35.06,33.25,194500.43
2023-07-07,33.02,31.91,33.18,31.28,216535.97
2023-07-10,31.85,32.21,32.27,31.33,116409.25
2023-07-11,31.76,30.73,32.11,30.66,171915.61
2023-07-12,30.65,29.4,30.93,29.23,230010.64
2023-07-13,29.67,29.78,29.96,28.78,181155.45
2023-07-14,30.06,32.02,32.6,29.79,283593.75
2023-07-17,31.92,32.28,33.05,31.59,197368.25
2023-07-18,32.23,31.22,32.33,31.15,112725.71
2023-07-19,31.22,31.18,31.68,30.9,68764.38
2023-07-20,31.21,30.26,31.5,30.16,92376.94
2023-07-21,29.87,29.9,30.56,29.52,79447.59
2023-07-24,29.88,30.14,30.95,29.65,99997.19
2023-07-25,30.7,30.13,30.74,29.89,110761.0
2023-07-26,30.03,29.56,30.11,29.18,103120.23
2023-07-27,29.58,29.61,29.92,28.98,104105.0
2023-07-28,29.45,28.98,29.83,28.88,134495.03
2023-07-31,29.08,29.54,30.2,28.3,153171.09
2023-08-01,29.82,29.68,30.15,28.74,124525.87
2023-08-02,29.37,28.99,29.56,28.69,110549.84
2023-08-03,28.68,28.92,29.54,28.57,70435.02
2023-08-04,28.73,30.26,30.55,28.73,198122.82
2023-08-07,30.16,29.98,30.87,29.86,117869.05
2023-08-08,30.14,29.88,30.94,29.79,118923.96
2023-08-09,29.88,29.12,31.03,28.8,170225.78
2023-08-10,28.59,28.51,29.08,28.13,133455.38
2023-08-11,28.55,27.85,28.92,27.84,125687.89
2023-08-14,27.6,30.13,30.56,27.45,278783.46
2023-08-15,30.17,28.78,30.22,28.65,150207.19
2023-08-16,28.77,28.09,29.05,27.97,129724.42
2023-08-17,27.94,28.98,29.74,27.48,177819.54
2023-08-18,29.14,28.4,29.87,28.4,123017.93
2023-08-21,28.2,29.27,30.02,28.15,199501.51
2023-08-22,29.96,31.54,31.83,28.99,502189.6
2023-08-23,31.54,30.5,31.8,30.44,283492.64
2023-08-24,29.3,27.45,29.3,27.45,163241.47
2023-08-25,24.71,24.71,24.84,24.71,86967.0
2023-08-28,25.61,24.49,25.61,22.24,474836.99
2023-08-29,24.12,26.66,26.95,24.12,448707.64
2023-08-30,26.22,27.03,27.24,26.05,307043.65
2023-08-31,26.79,27.07,27.07,26.56,171708.0
2023-09-01,26.61,26.25,26.86,26.13,148170.21
2023-09-04,26.27,27.09,27.2,25.96,201698.43
2023-09-05,27.09,26.68,27.26,26.63,112594.47
2023-09-06,26.78,26.67,26.78,26.07,100645.49
2023-09-07,26.71,26.31,26.86,26.2,80414.1
2023-09-08,26.27,25.73,26.46,25.68,106277.21
2023-09-11,25.88,25.73,26.22,25.26,163480.81
2023-09-12,25.42,25.29,25.76,25.23,93016.0
2023-09-13,25.13,24.46,25.17,24.0,163854.61
2023-09-14,24.51,24.12,24.69,23.95,102672.13
2023-09-15,24.09,23.75,24.33,23.34,141140.52
2023-09-18,23.47,23.11,23.73,22.91,134175.94
2023-09-19,23.16,22.28,23.16,22.2,190110.34
2023-09-20,22.24,21.52,22.35,21.37,238525.89
2023-09-21,21.29,21.16,21.9,21.12,155845.69
2023-09-22,21.29,22.15,22.26,21.2,240749.81
2023-09-25,22.26,21.67,22.32,21.46,157716.16
2023-09-26,21.69,21.77,22.12,21.55,145567.26
2023-09-27,21.76,21.88,22.12,21.62,149198.87
2023-09-28,22.04,22.06,22.2,21.83,110869.91
2023-10-09,22.13,22.18,22.47,21.86,128885.68
2023-10-10,22.28,22.26,22.73,22.13,150635.55
2023-10-11,22.26,22.37,22.72,22.01,137549.03
2023-10-12,22.47,22.27,22.75,22.21,114398.98
2023-10-13,22.21,21.81,22.25,21.69,88717.52
2023-10-16,21.81,21.35,21.94,21.2,93479.34
2023-10-17,21.44,21.31,21.66,20.83,97271.11
2023-10-18,21.09,20.95,21.19,20.49,100816.2
2023-10-19,20.96,20.65,21.35,20.62,99362.56
2023-10-20,20.45,20.24,20.87,20.14,79260.94
2023-10-23,20.23,19.74,20.31,19.64,78439.47
2023-10-24,19.88,19.73,20.38,19.58,168327.26
2023-10-25,19.91,19.38,20.72,19.23,308346.74
2023-10-26,19.09,19.23,19.59,18.86,214392.38
2023-10-27,19.13,19.23,19.46,18.45,176116.06
2023-10-30,19.29,19.14,19.67,19.03,267618.55
2023-10-31,19.25,18.96,19.28,18.82,157734.0
2023-11-01,18.96,18.58,19.24,18.53,138296.05
2023-11-02,18.54,18.22,18.72,18.17,140269.87
2023-11-03,18.25,18.75,18.85,18.22,200422.8
2023-11-06,18.93,19.32,19.41,18.73,205609.64
2023-11-07,19.3,19.71,19.81,19.07,160559.62
2023-11-08,19.79,19.97,20.31,19.52,240879.62
2023-11-09,19.91,20.09,20.77,19.91,301604.61
2023-11-10,19.92,20.24,20.43,19.69,213628.4
2023-11-13,21.0,20.72,21.65,20.36,412978.27
2023-11-14,20.99,21.39,21.91,20.81,469326.9
2023-11-15,21.29,21.06,21.86,20.81,437118.71
2023-11-16,20.9,20.68,21.18,20.6,218082.21
2023-11-17,20.53,20.63,20.98,20.38,162475.46
2023-11-20,20.61,21.09,21.39,20.43,235925.48
2023-11-21,21.09,20.59,21.16,20.5,207920.66
2023-11-22,21.35,20.79,21.98,20.79,525106.69
2023-11-23,20.4,20.7,20.85,19.61,410890.4
2023-11-24,20.95,19.72,20.99,19.62,300779.52
2023-11-27,19.62,20.31,21.29,19.62,444747.56
2023-11-28,19.99,19.89,20.31,19.45,322751.46
2023-11-29,19.75,19.34,19.85,19.27,182091.14
2023-11-30,19.28,19.2,19.45,18.93,125310.97
2023-12-01,19.08,19.68,19.9,19.03,190428.07
2023-12-04,19.81,21.66,21.66,19.81,414238.17
2023-12-05,21.77,21.09,22.01,21.07,756934.22
2023-12-06,21.25,21.02,21.56,20.61,373507.79
2023-12-07,20.98,20.91,21.27,20.34,401590.24
2023-12-08,20.97,21.37,21.68,20.91,475772.49
2023-12-11,21.13,22.47,22.76,21.0,679068.51
2023-12-12,22.38,22.2,22.63,22.07,379015.13
2023-12-13,22.18,22.3,23.13,21.95,441597.06
2023-12-14,22.2,22.94,23.83,21.75,532212.19
2023-12-15,22.96,23.4,23.66,22.74,552859.45
2023-12-18,23.65,22.1,24.22,22.03,538410.07
2023-12-19,21.78,22.97,22.97,21.19,446552.19
2023-12-20,22.67,22.54,22.87,22.38,282959.28
2023-12-21,22.37,22.95,23.16,22.28,329048.72
2023-12-22,22.78,21.74,22.94,21.39,348898.69
2023-12-25,21.6,21.88,22.09,21.49,169932.95
2023-12-26,21.69,19.69,21.71,19.69,467527.13
2023-12-27,19.62,19.46,20.2,19.32,259591.22
2023-12-28,19.22,19.86,20.09,18.84,343528.88
2023-12-29,19.77,20.88,21.06,19.71,376577.38
2024-01-02,20.76,20.23,20.88,20.17,203245.31
2024-01-03,20.31,20.22,20.42,19.69,198589.84
2024-01-04,20.21,19.8,20.21,19.62,137594.43
2024-01-05,20.09,19.0,20.18,18.83,226766.25
2024-01-08,18.83,18.35,18.95,18.29,170658.78
2024-01-09,18.36,16.52,18.52,16.52,523631.99
2024-01-10,16.26,15.97,16.42,15.72,361197.66
2024-01-11,16.81,17.56,17.56,16.66,202344.06
2024-01-12,18.26,17.53,18.27,17.5,482167.91
2024-01-15,17.44,17.75,18.21,17.22,293008.13
2024-01-16,17.75,17.67,17.91,17.29,187307.93
2024-01-17,17.71,17.26,17.95,17.25,151365.73
2024-01-18,17.29,17.53,17.69,16.76,222318.77
2024-01-19,17.53,17.03,17.61,17.0,159711.01
2024-01-22,16.93,16.51,17.38,16.31,212811.12
2024-01-23,16.49,16.91,17.1,16.36,213585.17
2024-01-24,16.87,16.91,16.99,16.26,221419.26
2024-01-25,16.85,18.61,18.61,16.77,434743.46
2024-01-26,19.2,18.73,19.58,18.7,580261.38
2024-01-29,18.73,18.2,18.96,18.12,317323.97
2024-01-30,18.2,18.6,19.44,18.17,417706.65
2024-01-31,17.94,17.35,18.38,17.11,395168.04
2024-02-01,17.03,17.11,17.9,16.36,342815.75
2024-02-02,17.11,16.23,17.45,15.76,306864.73
2024-02-05,15.9,14.61,15.92,14.61,305665.95
2024-02-06,13.8,15.09,15.57,13.35,351356.76
2024-02-07,15.02,15.6,16.16,14.98,357109.19
2024-02-08,15.78,16.42,16.91,15.78,317310.44
2024-02-19,16.78,16.97,17.1,16.42,280329.92
2024-02-20,16.76,17.43,17.79,16.46,323767.12
2024-02-21,17.02,17.23,17.89,16.91,292324.28
2024-02-22,18.33,18.33,18.7,17.98,445348.99
2024-02-23,18.51,18.61,18.85,18.16,375073.86
2024-02-26,18.48,18.71,19.01,18.15,356542.34
2024-02-27,18.52,19.81,19.96,18.48,438073.16
2024-02-28,19.71,18.25,20.21,18.13,472418.34
2024-02-29,17.96,19.49,19.58,17.96,354427.71
2024-03-01,19.52,20.45,20.45,19.42,500759.69
2024-03-04,20.7,20.34,20.72,19.65,435228.96
2024-03-05,19.9,19.64,20.2,19.5,308795.13
2024-03-06,19.33,19.53,19.8,19.18,231391.43
2024-03-07,19.65,18.89,19.94,18.89,263847.1
2024-03-08,18.9,19.52,19.74,18.64,237022.84
2024-03-11,19.15,19.82,19.86,19.05,201732.78
2024-03-12,20.09,19.64,20.15,19.48,214435.97
2024-03-13,19.8,20.07,20.58,19.8,383052.26
2024-03-14,19.76,19.42,19.88,19.11,262739.29
2024-03-15,19.38,19.38,19.45,19.02,154230.87
2024-03-18,19.5,20.4,20.53,19.38,400396.44
2024-03-19,20.3,20.06,20.45,20.05,216427.08
2024-03-20,20.02,20.99,21.31,19.96,397189.66
2024-03-21,20.99,20.61,21.14,20.45,252025.71
2024-03-22,20.62,20.4,20.88,20.17,235359.22
2024-03-25,20.41,19.62,20.75,19.61,249206.63
2024-03-26,19.4,19.05,19.8,18.84,219003.85
2024-03-27,18.97,17.5,19.04,17.44,287429.99
2024-03-28,17.5,18.17,18.36,17.46,215551.92
2024-03-29,18.04,17.83,18.08,17.45,184229.24
2024-04-01,18.02,19.0,19.62,17.94,375880.14
2024-04-02,19.0,18.4,19.05,18.29,220895.29
2024-04-03,18.44,17.77,18.53,17.67,168729.58
2024-04-08,17.54,16.88,17.54,16.87,193501.77
2024-04-09,17.04,16.97,17.13,16.69,116746.51
2024-04-10,16.92,16.33,16.94,16.15,154451.73
2024-04-11,16.42,16.38,16.74,16.16,163321.23
2024-04-12,16.31,16.09,16.54,16.06,109491.77
2024-04-15,16.09,16.32,16.64,15.66,184973.27
2024-04-16,16.15,15.48,16.61,15.45,200493.84
2024-04-17,15.76,16.29,16.32,15.67,183708.76
2024-04-18,16.36,16.19,16.62,16.15,206548.45
2024-04-19,16.12,15.78,16.13,15.58,176209.49
2024-04-22,15.75,15.82,16.05,15.25,128721.7
2024-04-23,16.0,15.64,16.05,15.62,124436.53
2024-04-24,15.77,16.04,16.06,15.73,170311.42
2024-04-25,15.89,15.82,16.11,15.66,133597.99
2024-04-26,15.72,16.43,16.53,15.72,257680.41
2024-04-29,16.55,16.93,16.93,16.28,319278.11
2024-04-30,17.23,17.34,17.55,16.59,425559.93
2024-05-06,17.54,17.2,17.6,17.0,338692.53
2024-05-07,17.11,17.15,17.32,17.02,179094.08
2024-05-08,16.99,16.56,16.99,16.55,180551.86
2024-05-09,16.56,16.65,16.83,16.55,160869.11
2024-05-10,16.63,16.35,16.72,16.21,136908.2
2024-05-13,15.98,15.88,16.19,15.71,148565.76
2024-05-14,16.04,16.68,16.94,15.87,265903.78
2024-05-15,16.45,16.11,16.57,16.11,171815.18
2024-05-16,16.12,15.89,16.3,15.89,157705.23
2024-05-17,15.92,16.4,16.6,15.72,210534.62
2024-05-20,16.26,16.82,17.22,16.13,255008.85
2024-05-21,16.76,16.62,16.93,16.56,134086.29
2024-05-22,16.62,16.72,16.74,16.42,107170.0
2024-05-23,16.6,15.91,16.65,15.9,186259.78
2024-05-24,15.95,15.65,16.02,15.61,155434.0
2024-05-27,15.73,16.01,16.07,15.43,125763.54
2024-05-28,15.81,15.5,16.14,15.48,141794.2
2024-05-29,15.51,15.48,15.71,15.33,94353.51
2024-05-30,15.39,15.54,15.62,15.2,91934.0
2024-05-31,15.45,15.42,15.61,15.42,154595.53
2024-06-03,15.46,15.47,15.64,15.33,120261.71
2024-06-04,15.45,15.57,15.6,15.23,109665.14
2024-06-05,15.6,15.51,15.8,15.5,121002.5
2024-06-06,15.59,15.06,15.64,15.01,131751.0
2024-06-07,15.27,15.19,15.35,14.94,83140.0
2024-06-11,15.17,15.63,15.65,14.98,127430.07
2024-06-12,15.54,15.8,16.0,15.53,144552.0
2024-06-13,15.77,15.9,16.07,15.69,129176.91
2024-06-14,15.86,15.97,16.25,15.79,249319.94
2024-06-17,15.79,15.99,16.1,15.61,144041.8
2024-06-18,15.88,16.02,16.22,15.88,110574.29
2024-06-19,16.02,15.81,16.19,15.8,96277.0
2024-06-20,15.77,15.23,15.82,15.2,125982.95
2024-06-21,15.21,15.23,15.33,14.93,92336.85
2024-06-24,15.22,14.43,15.22,14.41,147015.31
2024-06-25,14.44,14.02,14.63,13.87,126549.85
2024-06-26,14.06,14.95,14.95,13.9,157114.47
2024-06-27,14.8,14.8,15.1,14.75,119698.44
2024-06-28,14.75,14.87,15.08,14.6,104165.23
2024-07-01,14.92,14.97,15.06,14.51,95916.81
2024-07-02,15.06,15.43,15.64,14.96,184692.94
2024-07-03,15.44,15.1,15.49,15.09,113373.68
2024-07-04,15.18,14.79,15.47,14.79,136666.08
2024-07-05,14.78,14.89,15.0,14.53,97845.23
2024-07-08,14.86,14.35,14.86,14.28,92561.78
2024-07-09,14.3,14.76,14.8,14.24,107375.98
2024-07-10,14.56,14.51,14.88,14.37,100293.31
2024-07-11,14.75,14.88,14.92,14.64,111462.0
2024-07-12,14.8,14.31,14.86,14.23,139130.6
2024-07-15,14.2,13.61,14.29,13.5,175327.0
2024-07-16,13.59,13.82,13.89,13.44,100130.33
2024-07-17,13.82,13.57,14.05,13.56,82512.95
2024-07-18,13.43,13.33,13.45,12.96,125619.85
2024-07-19,13.27,13.64,13.76,13.21,103611.48
2024-07-22,13.8,13.67,13.92,13.54,109473.49
2024-07-23,13.68,13.26,13.78,13.25,85400.01
2024-07-24,13.26,12.87,13.36,12.81,103310.89
2024-07-25,12.77,12.87,13.06,12.64,90199.0
2024-07-26,12.88,13.0,13.17,12.84,74547.38
2024-07-29,12.96,13.05,13.14,12.82,69964.0
2024-07-30,12.94,13.01,13.21,12.86,76248.09
2024-07-31,13.02,14.09,14.32,13.02,300540.85
2024-08-01,14.08,14.39,14.72,13.98,296457.72
2024-08-02,14.3,13.85,14.4,13.85,159482.08
2024-08-05,13.7,13.4,14.08,13.4,138209.03
2024-08-06,13.64,13.6,13.87,13.39,112097.33
2024-08-07,13.59,13.54,13.78,13.5,92083.15
2024-08-08,13.44,13.4,13.57,13.19,82983.0
2024-08-09,13.51,13.2,13.58,13.19,71499.0
2024-08-12,13.1,13.0,13.19,12.93,68084.24
2024-08-13,13.0,13.04,13.12,12.81,75888.0
2024-08-14,12.96,12.87,13.05,12.86,61702.0
2024-08-15,12.83,12.96,13.17,12.67,119638.96
2024-08-16,12.96,12.71,13.04,12.69,96715.76
2024-08-19,12.67,12.73,12.99,12.63,103619.36
2024-08-20,12.69,12.38,12.85,12.35,95944.0
2024-08-21,12.34,12.42,12.68,12.27,94202.58
2024-08-22,12.49,12.22,12.62,12.19,79106.44
2024-08-23,12.21,12.32,12.42,12.2,77819.2
2024-08-26,12.25,12.44,12.51,12.25,65983.65
2024-08-27,12.4,12.11,12.4,12.04,71790.0
2024-08-28,12.15,12.06,12.3,11.84,77402.91
2024-08-29,12.05,12.18,12.32,11.9,90709.01
2024-08-30,12.16,12.56,12.81,12.16,150970.2
2024-09-02,12.56,12.22,12.67,12.2,113851.86
2024-09-03,12.24,12.58,12.58,12.19,102982.68
2024-09-04,12.42,12.57,12.73,12.39,93212.2
2024-09-05,12.57,12.73,12.79,12.56,88066.0
2024-09-06,12.73,12.45,12.78,12.42,83825.0
2024-09-09,12.42,12.45,12.58,12.21,70931.82
2024-09-10,12.57,12.75,12.91,12.25,110906.92
2024-09-11,12.66,12.84,12.95,12.65,104717.78
2024-09-12,13.08,12.94,13.24,12.91,161806.52
2024-09-13,12.95,12.69,13.07,12.61,118471.89
2024-09-18,12.58,12.5,12.66,12.21,101457.26
2024-09-19,12.66,13.08,13.12,12.52,159459.87
2024-09-20,13.04,13.36,13.53,13.01,192902.94
2024-09-23,13.23,13.33,13.5,13.14,127117.38
2024-09-24,13.36,13.6,13.65,13.08,204031.92
2024-09-25,13.63,13.66,14.07,13.6,213076.43
2024-09-26,13.66,14.21,14.25,13.6,190472.72
2024-09-27,14.39,15.63,15.63,14.39,300700.68
2024-09-30,16.88,17.18,17.18,16.0,567279.98
2024-10-08,18.9,18.9,18.9,17.45,597878.59
2024-10-09,18.56,18.77,20.26,17.95,730812.02
2024-10-10,19.86,19.59,20.65,18.37,1217654.13
2024-10-11,17.63,17.63,18.17,17.63,209745.0
2024-10-14,16.51,17.41,17.57,15.89,777757.6
2024-10-15,16.89,16.73,17.52,16.58,503702.05
2024-10-16,16.18,16.93,17.37,16.18,356696.93
2024-10-17,17.47,17.04,17.81,16.96,402657.95
2024-10-18,16.87,18.23,18.74,16.78,592109.66
2024-10-21,18.46,18.41,18.96,18.26,513252.52
2024-10-22,18.35,18.23,18.83,17.95,422550.91
2024-10-23,18.56,18.81,19.18,18.31,594587.17
2024-10-24,18.63,18.41,19.06,18.18,350403.56
2024-10-25,18.95,19.15,19.46,18.67,538333.2
2024-10-28,19.44,18.97,19.54,18.82,472857.74
2024-10-29,18.86,18.51,19.26,18.46,412168.8
2024-10-30,18.53,19.04,19.77,18.53,539763.22
2024-10-31,19.44,19.46,19.95,18.85,619583.39
2024-11-01,19.22,18.17,19.85,18.15,499446.6
2024-11-04,17.64,18.17,18.49,17.64,292416.81
2024-11-05,18.2,18.92,19.14,17.99,330638.38
2024-11-06,19.1,18.99,19.5,18.78,422329.41
2024-11-07,18.66,19.52,19.61,18.66,422071.11
2024-11-08,19.87,19.98,21.05,19.86,765301.9
2024-11-11,20.02,20.89,21.33,20.01,669507.16
2024-11-12,21.13,21.79,22.97,20.65,963843.57
2024-11-13,21.79,21.2,22.16,20.75,612493.74
2024-11-14,21.07,19.97,21.19,19.88,414439.95
2024-11-15,20.04,19.39,20.46,19.39,328600.4
2024-11-18,19.54,18.17,19.68,17.97,347069.65
2024-11-19,18.24,18.45,18.48,17.64,280262.6
2024-11-20,18.33,18.96,19.21,18.25,287220.38
2024-11-21,18.94,18.96,19.21,18.54,250162.76
2024-11-22,18.88,18.74,20.13,18.71,447587.77
2024-11-25,19.07,18.32,19.26,17.92,260399.15
2024-11-26,18.22,17.89,18.45,17.87,145004.15
2024-11-27,17.77,18.29,18.29,17.45,192303.19
2024-11-28,18.71,18.42,19.04,18.4,314405.06
2024-11-29,18.17,18.52,18.79,17.89,271931.53
2024-12-02,18.56,18.73,18.84,18.24,236780.69
2024-12-03,18.73,18.51,18.76,18.28,173154.61
2024-12-04,18.37,18.12,18.61,18.0,148324.4
2024-12-05,18.09,18.27,18.52,18.0,139679.12
2024-12-06,18.41,18.43,18.66,18.16,190146.35
2024-12-09,18.37,18.1,18.62,17.93,154599.27
2024-12-10,18.66,18.4,18.83,18.18,211129.46
2024-12-11,18.37,18.68,18.74,18.34,169480.31
2024-12-12,18.74,18.61,18.78,18.46,143342.46
2024-12-13,18.48,18.03,18.78,17.99,200606.53
2024-12-16,18.16,17.8,18.18,17.66,148318.44
2024-12-17,17.71,17.35,17.84,17.33,134802.88
2024-12-18,17.48,17.62,17.75,17.27,109953.92
2024-12-19,17.47,18.36,18.47,17.37,217206.61
2024-12-20,18.19,18.62,18.78,18.1,199175.92
2024-12-23,18.51,17.7,18.78,17.68,178433.0
2024-12-24,17.83,17.57,17.96,17.37,163677.23
2024-12-25,17.47,17.08,17.52,16.88,141017.89
2024-12-26,17.09,17.34,17.55,17.09,111191.32
2024-12-27,17.34,17.56,18.06,17.18,178170.14
2024-12-30,17.71,18.0,18.35,17.37,206120.51
2024-12-31,18.37,17.51,18.57,17.38,230869.5
2025-01-02,17.35,16.65,17.45,16.34,213768.85
2025-01-03,16.68,15.77,16.71,15.75,162997.29
2025-01-06,16.08,16.03,16.42,15.78,131521.5
2025-01-07,15.89,16.08,16.09,15.69,117556.0
2025-01-08,16.02,15.58,16.05,15.16,169187.0
2025-01-09,15.37,15.74,15.96,15.36,119137.7
2025-01-10,15.73,15.27,15.91,15.26,95306.57
2025-01-13,15.03,15.49,15.59,14.86,95412.09
2025-01-14,15.54,16.19,16.25,15.42,135815.99
2025-01-15,16.13,16.11,16.27,15.94,85729.89
2025-01-16,16.17,16.05,16.47,15.89,96960.0
2025-01-17,16.04,16.04,16.15,15.94,80001.01
2025-01-20,16.2,16.17,16.32,16.03,76632.42
2025-01-21,16.24,16.12,16.33,16.0,75828.82
2025-01-22,16.02,16.08,16.29,15.91,83003.42
2025-01-23,16.32,16.13,16.89,16.13,157710.01
2025-01-24,16.13,16.61,16.61,16.06,128674.12
2025-01-27,16.69,16.18,16.74,16.18,96899.0
2025-02-05,16.58,16.93,17.1,16.58,192114.74
2025-02-06,16.9,17.61,17.7,16.9,220001.91
2025-02-07,17.78,18.15,18.42,17.59,319938.3
2025-02-10,19.16,19.96,19.96,18.69,518263.28
2025-02-11,19.59,20.14,21.57,19.36,1025534.2
2025-02-12,19.96,20.65,20.65,19.73,618306.94
2025-02-13,20.75,21.63,22.22,20.23,901924.58
2025-02-14,22.83,23.8,23.8,22.58,483239.63
2025-02-17,25.74,25.16,26.18,24.45,1665145.72
2025-02-18,25.98,25.39,27.67,25.25,1802826.54
2025-02-19,25.39,25.51,25.9,23.23,1333103.49
2025-02-20,25.01,25.69,26.53,25.0,844787.92
2025-02-21,26.18,28.26,28.26,25.79,979758.34
2025-02-24,28.25,31.09,31.09,26.92,1374640.7
2025-02-25,29.78,30.35,32.85,28.99,1278094.34
2025-02-26,30.77,32.26,33.39,29.78,1349719.09
2025-02-27,32.26,29.04,33.24,29.04,1441218.8
2025-02-28,29.04,26.14,29.65,26.14,1102598.9
2025-03-03,26.31,25.71,26.61,25.15,626919.72
2025-03-04,25.65,25.39,26.24,24.98,564773.42
2025-03-05,25.71,25.42,25.96,24.82,827883.02
2025-03-06,25.43,26.56,27.28,25.43,1224815.4
2025-03-07,26.45,26.4,27.7,25.51,920488.4
2025-03-10,25.81,24.18,25.91,23.76,979747.14
2025-03-11,23.69,24.5,24.52,23.63,547697.62
2025-03-12,24.82,26.27,26.95,24.64,1281111.61
2025-03-13,25.74,25.12,26.31,24.7,779484.24
2025-03-14,25.5,25.89,26.27,24.49,670670.92
2025-03-17,25.9,25.8,26.58,25.31,487035.83
2025-03-18,25.91,25.52,26.68,25.43,451230.4
2025-03-19,25.31,24.97,25.64,24.86,358041.98
2025-03-20,24.7,24.61,25.29,24.32,362146.75
2025-03-21,24.22,23.48,24.52,23.42,419791.75
2025-03-24,23.51,23.23,23.66,22.7,328633.96
2025-03-25,23.42,22.53,23.42,22.42,235707.53
2025-03-26,22.63,22.72,23.09,22.62,177201.04
2025-03-27,22.56,22.93,23.21,22.45,235649.17
2025-03-28,22.85,22.8,23.63,22.66,196837.28
2025-03-31,22.57,22.64,22.8,21.74,235412.87
2025-04-01,22.79,22.14,23.03,22.13,184975.72
2025-04-02,22.38,23.54,24.21,22.34,607207.69
2025-04-03,23.05,23.14,23.96,22.79,339756.49
2025-04-07,20.85,20.83,21.74,20.83,104279.0
2025-04-08,20.41,19.24,20.45,18.74,484743.98
2025-04-09,19.04,20.42,20.63,18.0,439739.92
2025-04-10,20.73,20.85,21.48,20.49,333922.77
2025-04-11,20.65,21.14,21.4,20.65,244951.99
2025-04-14,21.4,21.54,21.82,21.13,230959.28
2025-04-15,21.54,22.13,22.19,21.15,277939.51
2025-04-16,21.85,21.49,22.04,21.03,198994.6
2025-04-17,21.27,21.41,22.02,21.27,127932.82
2025-04-18,21.57,22.11,22.76,21.57,232063.62
2025-04-21,22.24,22.51,22.68,21.54,215153.24
2025-04-22,22.42,21.99,22.5,21.96,159337.4
2025-04-23,22.09,21.97,22.44,21.96,180378.0
2025-04-24,21.85,21.11,21.97,21.03,185966.55
2025-04-25,20.22,22.01,22.49,20.22,301950.09
2025-04-28,22.09,21.78,22.43,21.72,187463.33
2025-04-29,21.63,21.82,22.0,21.44,134940.43
2025-04-30,21.77,22.47,22.93,21.5,265527.83
2025-05-06,22.91,23.15,23.49,22.91,267305.0
2025-05-07,23.42,22.96,23.49,22.68,226004.24
2025-05-08,22.89,23.37,23.68,22.68,244687.67
2025-05-09,23.14,22.36,23.23,21.94,277296.17
2025-05-12,22.42,22.49,23.37,22.32,270191.57
2025-05-13,22.6,22.05,22.68,21.99,207955.95
2025-05-14,22.04,22.22,22.68,21.99,204202.26
2025-05-15,22.19,20.89,22.2,20.84,235288.68
2025-05-16,20.74,21.1,21.38,20.65,133133.69
2025-05-19,21.04,21.14,21.22,20.49,133365.63
2025-05-20,21.08,20.8,21.14,20.55,171817.81
2025-05-21,20.72,20.09,20.8,19.85,224238.69
2025-05-22,19.9,20.02,20.28,19.83,137488.48
2025-05-23,20.1,19.76,20.28,19.73,126485.0
2025-05-26,19.79,19.94,20.41,19.79,176874.93
2025-05-27,19.87,19.48,19.95,19.42,142237.35
2025-05-28,19.52,19.28,19.66,19.24,100258.19
2025-05-29,19.35,19.75,19.76,19.21,124791.54
2025-05-30,19.66,19.41,19.74,19.36,98887.0
2025-06-03,19.48,19.6,20.06,19.33,154433.0
2025-06-04,19.97,19.82,20.31,19.72,192682.0
2025-06-05,19.8,20.34,20.62,19.79,264918.32
2025-06-06,20.59,20.75,21.15,20.21,340279.92
2025-06-09,20.74,20.92,21.07,20.53,230045.0
2025-06-10,20.82,20.21,20.88,19.93,208888.8
2025-06-11,19.8,19.43,20.07,19.37,293601.74
2025-06-12,19.28,19.72,20.27,19.1,248058.0
2025-06-13,19.63,19.03,19.65,18.98,194583.46
2025-06-16,19.04,19.35,19.47,19.0,112451.08
2025-06-17,19.35,19.18,19.4,19.09,93469.82
2025-06-18,19.08,19.07,19.17,18.94,90435.78
2025-06-19,18.98,18.73,19.15,18.64,97468.0
2025-06-20,18.98,18.45,18.98,18.44,87378.36
2025-06-23,18.29,18.74,18.86,18.26,96571.13
2025-06-24,18.76,19.25,19.58,18.76,134845.0
2025-06-25,19.44,20.16,20.57,19.24,306642.52
2025-06-26,20.17,20.09,20.49,19.98,187631.01
2025-06-27,20.16,20.01,20.39,19.83,136820.0
2025-06-30,19.98,20.2,20.33,19.92,119000.0
2025-07-01,20.24,20.25,20.41,20.07,113815.99
2025-07-02,20.15,19.86,20.17,19.83,91356.0
2025-07-03,19.95,19.87,20.44,19.78,207019.01
2025-07-04,19.87,20.15,20.67,19.82,292903.34
2025-07-07,20.13,19.75,20.13,19.69,136079.01
2025-07-08,19.71,20.05,20.13,19.7,130394.0
2025-07-09,20.17,20.14,20.47,19.98,148252.0
2025-07-10,20.07,20.28,20.52,19.92,210841.02
2025-07-11,20.43,21.16,21.66,20.06,376258.0
2025-07-14,21.59,20.93,21.83,20.73,258909.47
2025-07-15,20.67,21.17,21.31,20.16,323986.52
2025-07-16,21.19,21.05,21.48,20.85,198916.11
2025-07-17,20.95,20.94,21.08,20.78,119320.37
2025-07-18,20.99,21.07,21.55,20.92,213135.0
2025-07-21,21.07,21.09,21.26,20.83,131438.27
2025-07-22,21.36,21.31,21.63,21.01,227687.22
2025-07-23,21.31,21.3,21.57,21.08,167893.74
2025-07-24,21.17,21.79,22.01,21.14,235951.29
2025-07-25,22.06,23.14,23.67,21.8,515926.6
2025-07-28,22.77,21.9,22.97,21.48,497592.14
2025-07-29,21.76,22.9,23.23,21.57,451604.26
2025-07-30,22.82,22.21,23.02,22.02,297135.0
2025-07-31,22.11,22.49,23.19,22.08,325526.27
2025-08-01,23.03,24.74,24.74,22.57,752372.36
2025-08-04,24.74,25.97,26.32,24.57,935961.14
2025-08-05,25.57,25.39,25.97,24.65,590235.35
2025-08-06,25.28,25.83,26.85,24.97,627503.68
2025-08-07,25.57,24.74,25.94,24.6,511227.99
2025-08-08,24.47,24.15,24.77,23.77,371543.44
2025-08-11,23.96,24.06,24.42,23.7,298541.46
2025-08-12,23.97,23.64,23.97,23.27,402024.27
2025-08-13,23.65,23.94,24.2,23.52,357621.57
2025-08-14,23.86,24.17,24.82,23.68,404422.24
2025-08-15,23.83,24.47,24.49,23.8,279683.73
2025-08-18,24.35,24.54,24.73,23.77,406366.44
2025-08-19,24.54,25.14,25.3,24.36,440490.95
2025-08-20,25.17,24.81,25.17,24.35,316263.5
2025-08-21,24.72,24.05,24.92,23.97,322464.68
2025-08-22,24.05,24.54,24.68,24.05,309518.17
2025-08-25,24.79,24.95,25.57,24.37,531617.55
2025-08-26,25.17,25.46,26.19,24.79,588290.31
2025-08-27,26.59,26.07,27.53,25.66,886262.08
2025-08-28,25.47,27.9,28.56,25.27,1030192.2
2025-08-29,28.07,26.64,28.16,26.22,619674.08
2025-09-01,26.77,25.75,27.17,25.59,470828.24
2025-09-02,25.62,23.17,25.64,23.17,631687.77
2025-09-03,23.17,22.48,23.34,22.38,286523.79
2025-09-04,22.42,22.03,22.72,21.47,289025.61
2025-09-05,22.07,22.75,22.76,21.75,264541.31
2025-09-08,22.75,24.45,24.46,22.65,506060.26
2025-09-09,24.94,23.03,24.95,22.8,491188.26
2025-09-10,23.31,22.56,23.47,22.28,306915.06
2025-09-11,22.89,23.24,23.29,22.39,334783.98
2025-09-12,23.65,23.36,24.46,23.35,424263.44
2025-09-15,22.97,23.13,23.52,22.49,315399.17
2025-09-16,23.04,23.25,23.33,22.76,222963.92
2025-09-17,23.17,22.81,23.26,22.68,198600.94
2025-09-18,22.67,22.91,23.75,22.66,339720.79
2025-09-19,22.82,22.46,22.96,22.41,193729.45
2025-09-22,22.31,22.96,23.07,22.31,175702.32
2025-09-23,22.82,21.97,22.94,21.45,263431.65
2025-09-24,21.87,22.32,22.32,21.59,206762.77
2025-09-25,22.17,22.62,23.21,22.16,262624.62
2025-09-26,22.47,21.59,22.47,21.57,221819.24
2025-09-29,21.66,21.79,21.89,21.27,152545.35
2025-09-30,21.8,21.94,22.42,21.8,185609.01
2025-10-09,21.93,22.37,22.62,21.7,199457.91
2025-10-10,22.2,21.56,22.4,21.52,197584.6
2025-10-13,20.77,21.38,22.02,20.58,199738.45
2025-10-14,21.64,20.51,21.67,20.27,242090.22
2025-10-15,20.49,20.78,20.8,20.07,175145.75
2025-10-16,20.58,20.57,20.67,20.37,112671.86
2025-10-17,20.71,19.94,20.81,19.87,142893.6
2025-10-20,20.15,20.26,20.4,19.99,114617.1
2025-10-21,20.27,20.59,20.74,20.22,147164.2
2025-10-22,20.47,20.27,20.57,20.18,101652.03
2025-10-23,20.88,20.58,20.97,20.07,237473.97
2025-10-24,20.49,20.55,20.76,20.42,195070.7
2025-10-27,20.64,20.6,20.75,20.24,188538.83
2025-10-28,20.47,20.87,21.15,20.38,225076.4
2025-10-29,20.5,20.44,20.72,20.22,223162.29
2025-10-30,20.32,20.21,20.66,20.06,156432.0
2025-10-31,20.21,20.69,20.81,20.14,204791.25
2025-11-03,20.68,21.03,21.05,20.49,166691.05
2025-11-04,21.03,20.61,21.26,20.41,150075.53
2025-11-05,20.31,20.39,20.53,20.0,149811.67
2025-11-06,20.39,20.29,20.46,20.08,126030.1
2025-11-07,20.27,20.23,20.53,20.0,134664.74
2025-11-10,20.6,20.96,21.85,20.6,426376.36
2025-11-11,20.92,20.57,21.27,20.57,217127.91
2025-11-12,20.46,20.06,20.46,19.83,216799.92
2025-11-13,19.93,20.12,20.13,19.83,141529.51
2025-11-14,19.92,19.69,19.98,19.68,117542.12
2025-11-17,19.48,19.68,19.76,19.47,83836.1
2025-11-18,19.63,19.74,19.79,19.48,94656.73
2025-11-19,19.7,19.21,19.75,19.16,107974.63
2025-11-20,19.29,19.13,19.53,19.11,96646.14
2025-11-21,18.99,18.71,19.21,18.61,130595.97
2025-11-24,18.88,19.36,19.56,18.58,163635.71
2025-11-25,19.38,20.09,20.17,19.38,276985.17
2025-11-26,19.99,19.9,20.41,19.88,201725.08
2025-11-27,19.9,19.55,19.95,19.54,113114.47
2025-11-28,19.55,20.0,20.05,19.48,156109.23
2025-12-01,19.88,20.15,20.36,19.85,120225.26
2025-12-02,20.07,19.88,20.11,19.78,98239.65
2025-12-03,19.92,19.74,20.53,19.4,224639.63
2025-12-04,19.63,19.37,19.77,19.14,131082.0
2025-12-05,19.36,19.54,19.58,19.03,101824.0
2025-12-08,19.54,19.39,19.74,19.36,123291.15
2025-12-09,19.42,19.13,19.73,19.11,132171.0
2025-12-10,19.15,18.95,19.15,18.79,105019.89
2025-12-11,19.01,18.67,19.38,18.63,109950.65
2025-12-12,18.67,19.39,19.42,18.49,221284.29
2025-12-15,19.23,18.86,19.23,18.76,131029.51
2025-12-16,18.69,18.31,18.82,18.08,124184.41
2025-12-17,18.32,18.52,18.63,18.09,101409.42
2025-12-18,18.34,18.45,18.7,18.3,75791.59
2025-12-19,18.45,18.5,18.77,18.44,82299.59
2025-12-22,18.49,18.91,19.19,18.41,180084.46
2025-12-23,18.97,19.42,20.13,18.79,263956.76
2025-12-24,20.34,20.69,21.35,20.3,697611.35
2025-12-25,20.61,20.33,20.8,19.78,441468.75
2025-12-26,20.34,19.95,20.42,19.9,238525.01
2025-12-29,19.88,19.71,19.96,19.64,151740.27
2025-12-30,19.53,19.52,19.93,19.5,138462.18
2025-12-31,19.66,19.33,19.72,19.23,143961.56
2026-01-05,19.31,20.49,20.68,19.31,357059.85
2026-01-06,20.35,20.92,21.05,20.35,294673.97
2026-01-07,20.92,20.93,21.35,20.71,336583.3
2026-01-08,20.97,21.13,21.65,20.87,309305.44
2026-01-09,21.12,21.74,21.96,20.98,386580.66
2026-01-12,21.89,22.79,22.94,21.49,583145.14
2026-01-13,22.98,22.06,22.98,21.97,429363.93
2026-01-14,22.43,23.23,24.15,22.24,773046.51
2026-01-15,22.46,21.8,22.57,21.63,495334.58
2026-01-16,21.7,21.65,22.09,20.94,393599.49
2026-01-19,21.55,21.35,21.95,21.17,269570.35
2026-01-20,21.46,20.81,21.62,20.54,248119.32
2026-01-21,20.6,20.69,21.17,20.47,202210.55
2026-01-22,20.67,21.72,22.27,20.67,481673.21
2026-01-23,21.58,21.77,21.93,21.35,255758.59
2026-01-26,21.75,21.68,22.27,21.12,274336.21
2026-01-27,21.68,21.97,22.24,21.04,335795.66
2026-01-28,22.37,21.6,22.57,21.53,324017.03
2026-01-29,21.22,21.38,22.35,20.95,519055.19
2026-01-30,21.34,20.78,21.63,20.54,324670.26
2026-02-02,20.58,19.77,20.81,19.74,265471.47
2026-02-03,20.08,20.61,20.65,19.88,250809.24
2026-02-04,20.49,20.33,20.63,19.81,246823.1
2026-02-05,20.07,19.84,20.13,19.64,158391.87
2026-02-06,19.6,19.56,19.93,19.34,168385.53
2026-02-09,19.88,20.3,20.53,19.81,251950.3
2026-02-10,20.42,20.52,20.68,20.21,175514.43
2026-02-11,20.47,20.39,20.82,20.37,123427.71
2026-02-12,20.77,20.8,21.04,20.43,223271.96
2026-02-13,20.51,20.77,21.07,20.5,209567.11
2026-02-24,20.77,19.88,20.97,19.83,273854.84
2026-02-25,19.88,19.85,20.04,19.73,137915.74
2026-02-26,19.87,19.67,19.91,19.56,165547.29
2026-02-27,19.57,20.62,20.95,19.51,363610.95
2026-03-02,20.35,19.69,20.62,19.62,272829.77
2026-03-03,19.69,18.39,19.71,18.37,337730.08
2026-03-04,18.14,18.1,18.48,18.01,182091.35
2026-03-05,18.41,18.64,18.83,18.11,217095.25
2026-03-06,18.46,18.94,19.18,18.4,198734.95
2026-03-09,18.69,19.12,19.25,18.15,241712.29
2026-03-10,19.49,19.18,20.26,18.95,313689.51
2026-03-11,19.18,18.8,19.37,18.78,226069.35
2026-03-12,18.78,18.57,19.02,18.36,175481.88
2026-03-13,18.44,17.72,18.44,17.68,272292.89
2026-03-16,17.69,17.6,17.7,17.24,136032.18
2026-03-17,17.68,17.55,18.06,17.43,151437.76
2026-03-18,17.54,18.07,18.34,17.39,242555.13
2026-03-19,17.68,18.94,19.88,17.64,808757.77
2026-03-20,19.31,18.11,19.43,18.07,476450.53
2026-03-23,17.78,17.16,18.38,17.03,352156.5
2026-03-24,17.4,18.13,18.39,16.92,415889.02
2026-03-25,18.15,18.4,18.93,18.15,290328.78
2026-03-26,18.35,18.41,19.13,18.31,365995.7
2026-03-27,18.25,18.74,18.83,18.14,231895.54
2026-03-30,18.38,19.05,19.63,17.86,424468.83
2026-03-31,18.81,18.04,19.11,18.02,321355.21
2026-04-01,18.41,18.28,18.54,17.98,238942.87
2026-04-02,18.09,17.48,18.16,17.38,244526.71
2026-04-03,17.57,17.12,17.6,16.99,159209.7
2026-04-07,17.16,16.81,17.23,16.64,184393.76
2026-04-08,17.43,18.28,18.35,17.3,377276.04
2026-04-09,18.08,17.66,18.19,17.53,202877.37
2026-04-10,17.84,17.87,18.3,17.73,214490.7
2026-04-13,17.67,18.06,18.28,17.64,145081.89
2026-04-14,18.27,18.65,19.11,18.26,345924.76
2026-04-15,18.57,18.58,19.2,18.38,278347.91
2026-04-16,18.59,19.0,19.18,18.59,243635.96
2026-04-17,18.78,18.53,18.94,18.49,201650.75
2026-04-20,18.48,18.74,19.02,18.47,161481.31
2026-04-21,18.57,18.16,18.63,18.01,211168.97
2026-04-22,18.23,18.41,18.53,17.98,176632.46
2026-04-23,18.4,18.3,18.61,18.16,152728.31
2026-04-24,18.17,17.9,18.28,17.63,189241.33
2026-04-27,17.74,17.96,18.18,17.48,169370.65
2026-04-28,17.78,17.85,18.16,17.46,195299.28
2026-04-29,17.87,17.77,17.96,17.66,139834.65
2026-04-30,17.75,17.32,17.81,17.22,198175.13
2026-05-06,17.4,17.82,18.16,17.4,288325.09
2026-05-07,17.98,18.2,18.3,17.97,184173.67
2026-05-08,18.08,18.27,18.45,17.89,166898.8
2026-05-11,18.49,19.04,19.24,18.15,419284.67
2026-05-12,18.98,18.8,19.24,18.68,216024.62
2026-05-13,18.63,19.23,19.44,18.6,300378.08
2026-05-14,19.36,18.33,19.43,18.33,246083.2
2026-05-15,18.29,18.37,18.72,18.19,209669.07
2026-05-18,18.75,18.88,19.31,18.68,310623.96
2026-05-19,18.88,19.61,19.94,18.78,377340.26
2026-05-20,19.95,19.98,21.32,19.73,522505.54
2026-05-21,20.15,19.11,20.41,19.02,409825.77
2026-05-22,19.23,19.17,19.44,18.48,355021.53
2026-05-25,19.17,18.88,19.24,18.49,264946.83
2026-05-26,18.75,18.29,18.77,17.85,287253.48
2026-05-27,18.15,17.43,18.41,17.39,259095.0
2026-05-28,17.43,17.61,17.71,16.98,287280.56
2026-05-29,17.61,16.45,17.73,16.31,337105.57
2026-06-01,16.45,16.47,16.88,16.32,195611.22
2026-06-02,16.47,16.02,16.58,15.75,205421.9
2026-06-03,15.97,15.94,16.28,15.81,165299.5
2026-06-04,15.89,16.36,17.34,15.66,309953.95
2026-06-05,16.46,15.9,16.48,15.9,229121.6
2026-06-08,15.49,15.1,15.73,14.96,200907.09
2026-06-09,15.33,15.54,15.65,15.15,145869.98
2026-06-10,15.43,15.64,16.54,15.35,225517.96
2026-06-11,15.8,17.2,17.2,15.46,364210.92
2026-06-12,17.4,18.92,18.92,16.6,1055555.92
2026-06-15,19.2,20.81,20.81,18.75,1004808.61
2026-06-16,21.47,22.89,22.89,20.99,1010396.98
2026-06-17,23.21,23.22,23.72,21.8,1604794.76
2026-06-18,23.35,24.6,25.54,23.23,1473954.82
2026-06-22,24.46,24.59,25.2,23.9,909447.97
2026-06-23,24.8,23.04,24.8,22.51,835196.04
2026-06-24,23.39,25.34,25.34,22.98,1042992.85
2026-06-25,26.48,25.68,27.19,24.5,1103242.53
2026-06-26,25.39,24.22,25.74,24.17,829465.77
2026-06-29,24.98,24.08,25.22,22.39,856145.61
2026-06-30,24.05,24.95,25.48,23.76,686622.35
2026-07-01,25.19,24.0,25.6,23.82,645627.31
2026-07-02,23.04,21.9,23.52,21.6,685148.53
2026-07-03,21.63,20.97,22.1,20.87,496027.39
2026-07-06,20.97,21.28,21.68,20.05,575922.63
2026-07-07,21.46,21.36,22.39,20.82,602638.0
2026-07-08,21.7,21.04,22.0,20.43,469755.85
2026-07-09,21.5,22.42,23.14,21.5,916185.07
2026-07-10,22.1,21.68,23.5,21.66,697950.67
2026-07-13,21.26,20.37,22.06,20.15,644029.78
2026-07-14,20.13,18.99,20.7,18.7,714414.6
2026-07-15,19.11,18.17,19.59,18.09,452915.46
2026-07-16,17.83,17.2,18.3,17.05,402428.16
2026-07-17,17.27,15.48,17.48,15.48,514731.92
2026-07-20,15.84,14.84,16.15,14.28,792763.38
2026-07-21,14.96,16.06,16.2,13.87,720779.28
2026-07-22,15.83,15.6,16.49,15.52,469713.59
2026-07-23,15.5,14.92,15.74,14.74,387624.62
2026-07-24,14.7,14.15,14.84,14.11,365008.08
2026-07-27,14.12,15.04,15.07,13.8,455423.85
2026-07-28,14.67,14.15,15.14,14.1,462022.32
2026-07-29,14.13,13.57,14.23,13.29,545193.08
2026-07-30,13.5,12.31,13.7,12.22,880648.47
2026-07-31,13.13,13.54,13.54,12.92,634457.23
2026-08-03,13.6,13.12,13.85,13.06,611179.42
2026-08-04,13.39,13.92,14.1,13.21,556674.8
2026-08-05,14.12,14.62,14.82,14.02,530718.73
2026-08-06,14.27,14.58,14.74,14.17,436722.96
2026-08-07,14.56,14.8,14.88,14.12,425034.61
2026-08-10,14.87,14.5,14.88,14.26,363158.39
2026-08-11,14.51,14.71,14.89,14.18,425632.06
2026-08-12,14.74,14.87,15.01,14.5,352698.3
2026-08-13,15.04,14.7,15.4,14.68,434932.23
2026-08-14,14.75,14.99,15.04,14.55,352997.91
2026-08-17,14.95,15.64,15.66,14.89,498741.01
2026-08-18,15.56,15.8,15.99,15.08,559417.11
2026-08-19,15.49,14.3,15.5,14.22,553952.57
2026-08-20,14.59,14.44,14.62,14.18,318167.6
2026-08-21,14.37,14.8,14.96,14.1,338733.97
2026-08-24,14.72,14.26,14.78,14.05,359065.41
2026-08-25,14.1,14.33,14.44,13.98,274005.72
2026-08-26,14.38,14.41,14.53,14.13,240290.55
2026-08-27,14.35,14.82,14.92,14.25,385265.64
2026-08-28,14.69,14.52,15.1,14.51,338889.24
2026-08-31,14.28,14.79,14.84,14.22,283302.54
2026-09-01,14.77,14.73,14.92,14.46,243041.31
2026-09-02,14.55,14.44,14.65,14.25,219602.63
2026-09-03,14.6,14.38,14.77,14.24,234878.8
2026-09-04,14.5,13.99,14.66,13.88,380212.21
2026-09-07,14.08,14.18,14.27,13.92,239689.26
2026-09-08,14.18,14.12,14.4,14.03,222849.18
2026-09-09,14.12,14.01,14.36,13.92,213015.62
2026-09-10,13.87,13.88,13.97,13.7,171017.04
2026-09-11,13.67,13.61,13.8,13.31,233602.95
2026-09-14,13.6,13.93,14.06,13.41,243942.73
2026-09-15,13.92,14.19,14.59,13.86,349492.29
2026-09-16,14.25,14.64,14.75,13.96,379969.47
2026-09-17,14.51,14.38,14.73,14.18,272900.77
2026-09-18,14.6,14.63,14.7,14.48,302224.53
