date,open,close,high,low,volume
2013-01-04,7.39,7.32,7.45,7.32,9656.02
2013-01-07,7.32,7.4,7.49,7.32,11857.69
2013-01-08,7.4,7.48,7.56,7.4,12911.27
2013-01-09,7.49,7.48,7.54,7.41,13362.56
2013-01-10,7.47,7.44,7.48,7.4,10097.18
2013-01-11,7.44,7.69,8.06,7.38,48577.33
2013-01-14,7.59,7.85,7.89,7.59,37261.54
2013-01-15,7.8,7.96,8.03,7.77,30479.34
2013-01-16,7.96,7.76,7.96,7.64,23377.12
2013-01-17,7.77,7.64,7.83,7.61,12761.6
2013-01-18,7.66,7.77,7.79,7.62,13381.34
2013-01-21,7.77,7.77,7.81,7.72,12817.8
2013-01-22,7.76,7.58,7.77,7.52,14883.21
2013-01-23,7.58,7.74,7.79,7.54,12916.19
2013-01-24,7.76,7.47,7.8,7.38,15114.13
2013-01-25,7.47,7.41,7.53,7.37,6754.5
2013-01-28,7.43,8.15,8.15,7.43,79822.88
2013-01-29,8.15,8.43,8.84,8.15,101139.26
2013-01-30,8.3,8.71,8.79,8.14,76600.47
2013-01-31,8.55,8.41,8.69,8.35,42286.28
2013-02-01,8.41,8.43,8.5,8.28,23487.47
2013-02-04,8.34,8.22,8.48,8.1,20377.07
2013-02-05,8.22,8.33,8.43,8.22,22743.24
2013-02-06,8.27,8.3,8.39,8.25,12259.47
2013-02-07,8.37,8.24,8.37,8.14,11684.12
2013-02-08,8.24,8.38,8.47,8.18,14471.16
2013-02-18,8.39,8.4,8.45,8.3,14449.06
2013-02-19,8.4,8.21,8.4,8.18,11146.15
2013-02-20,8.21,8.37,8.39,8.19,11482.56
2013-02-21,8.37,8.52,8.61,8.19,20833.79
2013-02-22,8.52,8.47,8.55,8.38,11697.43
2013-02-25,8.48,8.76,8.77,8.38,26705.27
2013-02-26,9.01,9.33,9.63,9.0,82569.14
2013-02-27,9.03,9.25,9.29,8.76,50076.12
2013-02-28,9.21,9.06,9.21,8.97,28126.5
2013-03-01,9.07,9.11,9.12,8.86,22144.93
2013-03-04,9.04,8.92,9.27,8.9,27297.86
2013-03-05,8.92,9.04,9.08,8.86,15449.15
2013-03-06,9.04,9.26,9.29,9.0,24366.47
2013-03-07,9.24,9.36,9.41,9.09,32901.86
2013-03-08,9.34,9.03,9.45,9.02,19826.63
2013-03-11,9.03,9.07,9.15,8.9,10789.43
2013-03-12,9.14,8.57,9.14,8.35,19854.86
2013-03-13,8.33,8.49,8.63,8.33,7825.57
2013-03-14,8.49,8.35,8.53,8.34,10416.11
2013-03-15,8.35,8.38,8.53,8.35,7461.89
2013-03-18,8.38,8.37,8.47,8.32,8122.26
2013-03-19,8.39,8.41,8.46,8.33,8317.26
2013-03-20,8.43,8.59,8.63,8.39,9162.7
2013-03-21,8.6,8.69,8.83,8.52,10875.49
2013-03-22,8.68,8.73,8.78,8.65,7758.31
2013-03-25,8.75,8.7,8.79,8.57,10087.46
2013-03-26,8.69,8.66,8.69,8.35,9097.35
2013-03-27,8.66,8.78,8.83,8.61,11956.39
2013-03-28,8.82,8.6,8.82,8.56,11831.26
2013-03-29,8.6,8.6,8.71,8.52,7837.99
2013-04-01,8.62,8.6,8.65,8.48,9668.86
2013-04-02,8.58,8.86,8.86,8.58,21914.25
2013-04-03,8.85,9.29,9.74,8.84,59379.73
2013-04-08,9.31,9.2,9.34,8.85,34781.99
2013-04-09,9.2,9.19,9.24,9.0,17737.96
2013-04-10,9.21,9.05,9.24,9.0,10966.92
2013-04-11,9.05,9.04,9.25,9.02,12349.31
2013-04-12,9.04,9.26,9.35,9.04,23719.77
2013-04-15,9.29,9.34,9.6,9.27,25324.88
2013-04-16,9.1,9.15,9.26,9.02,11062.96
2013-04-17,9.07,9.89,9.9,9.07,47395.92
2013-04-18,9.7,9.6,9.81,9.57,26225.53
2013-04-19,9.65,9.63,9.71,9.52,28229.66
2013-04-22,9.62,9.72,10.06,9.57,35826.48
2013-04-23,9.73,9.3,9.74,9.14,25648.77
2013-04-24,9.34,9.6,9.61,9.21,20900.17
2013-05-07,10.55,10.55,10.55,9.92,70050.11
2013-05-08,10.66,11.6,11.61,10.64,140362.4
2013-05-09,11.35,11.24,11.46,10.9,93883.06
2013-05-10,11.14,11.0,11.34,10.83,51879.94
2013-05-13,11.0,10.99,11.06,10.57,50610.01
2013-05-14,10.81,10.87,11.17,10.73,34037.21
2013-05-15,10.91,10.83,11.0,10.62,28743.07
2013-05-16,10.77,10.82,10.96,10.74,24024.9
2013-05-17,10.76,10.96,10.98,10.75,30199.0
2013-05-20,10.96,10.73,11.12,10.59,42666.69
2013-05-21,10.67,10.73,10.95,10.61,28141.86
2013-05-22,10.72,10.99,10.99,10.65,48419.47
2013-05-23,11.06,10.76,11.26,10.71,40855.68
2013-05-24,10.67,10.55,10.75,10.43,32655.77
2013-05-27,10.64,10.65,10.81,10.46,24988.36
2013-05-28,10.64,10.43,10.65,10.19,27160.6
2013-05-29,10.43,10.52,10.55,10.28,18112.09
2013-05-30,10.49,10.83,10.86,10.44,30006.3
2013-05-31,10.82,10.58,10.95,10.56,21919.6
2013-06-03,10.58,10.53,10.76,10.4,18224.16
2013-06-04,10.52,10.19,10.58,10.15,15225.8
2013-06-05,10.18,10.11,10.28,9.97,14660.7
2013-06-06,10.06,10.11,10.11,9.95,12004.1
2013-06-07,10.09,10.06,10.24,9.97,10987.02
2013-06-13,9.31,9.76,10.06,9.31,13790.77
2013-06-14,9.74,9.79,9.96,9.74,10471.11
2013-06-17,9.83,10.07,10.24,9.76,13095.8
2013-06-18,10.15,9.95,10.17,9.83,9420.58
2013-06-19,9.92,9.89,9.94,9.7,7006.49
2013-06-20,9.84,9.9,10.26,9.77,20075.2
2013-06-21,9.82,10.19,10.24,9.58,24662.75
2013-06-24,10.19,9.17,10.24,9.17,24317.58
2013-06-25,8.94,8.66,9.02,8.25,32012.34
2013-06-26,8.66,8.83,8.88,8.55,15642.18
2013-06-27,8.84,8.74,9.04,8.68,18718.16
2013-06-28,8.6,9.02,9.02,8.35,15827.76
2013-07-01,9.02,9.01,9.02,8.82,8085.81
2013-07-02,9.09,9.15,9.17,8.93,8341.76
2013-07-03,9.17,9.12,9.19,8.96,9571.01
2013-07-04,9.16,9.1,9.18,8.93,9969.43
2013-07-05,9.1,9.08,9.14,9.01,7353.34
2013-07-08,9.09,8.67,9.15,8.64,7841.01
2013-07-09,8.78,8.78,8.8,8.61,4939.11
2013-07-10,8.7,8.96,8.96,8.7,10727.54
2013-07-11,8.99,9.16,9.28,8.88,15114.27
2013-07-12,9.23,9.1,9.36,9.04,13021.31
2013-07-15,9.08,9.3,9.36,8.97,16561.02
2013-07-16,9.3,9.31,9.42,9.16,13402.27
2013-07-17,9.2,9.54,9.78,9.2,20812.57
2013-07-18,9.46,9.47,9.61,9.29,9000.58
2013-07-19,9.56,9.21,9.63,9.21,9807.38
2013-07-22,9.21,9.13,9.29,9.02,11731.26
2013-07-23,9.13,9.36,9.43,9.13,10864.8
2013-07-24,9.36,9.62,9.64,9.3,15938.1
2013-07-25,9.62,9.41,9.63,9.36,8627.61
2013-07-26,9.35,9.29,9.46,9.2,6305.82
2013-07-29,9.25,8.97,9.26,8.97,9738.82
2013-07-30,9.02,9.07,9.16,8.91,7028.28
2013-07-31,9.07,9.1,9.19,9.0,6634.49
2013-08-01,9.09,9.29,9.32,9.09,9661.6
2013-08-02,9.29,9.45,9.55,9.25,21372.31
2013-08-05,9.43,9.56,9.63,9.35,15517.36
2013-08-06,9.51,9.63,9.74,9.5,13974.86
2013-08-07,9.63,9.83,9.99,9.43,27707.73
2013-08-08,9.8,9.87,9.97,9.7,15891.19
2013-08-09,9.88,10.54,10.85,9.85,63256.33
2013-08-12,10.45,10.53,10.64,10.29,36689.02
2013-08-13,10.48,10.46,10.57,10.35,12317.75
2013-08-14,10.87,11.04,11.27,10.75,47955.67
2013-08-15,11.55,12.14,12.14,11.55,50125.09
2013-08-16,10.92,11.12,12.34,10.92,124027.3
2013-08-19,10.86,11.14,11.14,10.47,62615.58
2013-08-20,10.87,12.26,12.26,10.87,109713.43
2013-08-21,12.0,12.53,12.92,11.85,101181.63
2013-08-22,12.28,12.01,12.41,11.96,54658.65
2013-08-23,12.01,12.51,12.8,11.82,81987.66
2013-08-26,12.45,12.5,12.6,12.21,48435.11
2013-08-27,12.37,12.22,12.38,11.95,44327.87
2013-08-28,12.19,11.48,12.19,11.48,51381.41
2013-08-29,11.55,11.66,11.71,11.35,31488.2
2013-08-30,11.57,10.97,11.67,10.93,37814.52
2013-09-02,10.82,11.07,11.16,10.82,18163.69
2013-09-03,11.09,11.39,11.41,10.96,25766.97
2013-09-04,11.36,11.18,11.41,11.18,19534.18
2013-09-05,11.19,11.35,11.43,10.92,24894.21
2013-09-06,11.27,11.27,11.34,11.09,19227.61
2013-09-09,11.27,11.25,11.31,11.07,19378.02
2013-09-10,11.25,11.82,11.9,11.19,53526.92
2013-09-11,11.86,11.28,11.86,11.25,36411.81
2013-09-12,11.16,10.84,11.22,10.83,29489.21
2013-09-13,10.9,11.09,11.1,10.81,17933.71
2013-09-16,11.07,10.99,11.09,10.91,14586.99
2013-09-17,10.99,10.87,11.08,10.87,12509.75
2013-09-18,10.87,11.04,11.07,10.86,10614.89
2013-09-23,11.0,11.2,11.27,10.97,17874.62
2013-09-24,11.21,11.04,11.24,10.91,16386.89
2013-09-25,11.06,11.54,11.65,10.93,42654.09
2013-09-26,11.32,11.09,11.54,11.09,21909.79
2013-09-27,10.96,11.46,11.59,10.96,25249.94
2013-09-30,11.42,11.48,11.63,11.29,18329.36
2013-10-08,11.49,11.73,11.73,11.34,25418.26
2013-10-09,11.71,11.72,11.83,11.58,25327.57
2013-10-10,11.72,12.16,12.26,11.59,50173.08
2013-10-11,12.05,12.03,12.13,11.88,28275.77
2013-10-14,12.0,11.85,12.24,11.84,31660.11
2013-10-15,11.9,11.91,12.0,11.79,22129.76
2013-10-16,11.86,11.29,12.0,11.22,23845.05
2013-10-17,11.29,11.27,11.49,11.23,14077.71
2013-10-18,11.19,11.32,11.4,11.19,10433.35
2013-10-21,11.33,11.59,11.59,11.25,18134.86
2013-10-22,11.57,11.54,11.65,11.37,18148.39
2013-10-23,11.46,11.82,11.94,11.44,36278.76
2013-10-24,11.81,11.78,11.99,11.63,20858.45
2013-10-25,11.77,11.4,11.82,11.23,18120.88
2013-10-28,11.39,10.97,11.45,10.84,14447.45
2013-10-29,11.07,10.34,11.18,9.96,16427.43
2013-10-30,10.29,10.53,10.6,10.29,9997.19
2013-10-31,10.53,10.53,10.6,10.31,8229.6
2013-11-01,10.53,10.39,10.54,10.3,7546.36
2013-11-04,10.39,10.4,10.48,10.35,6017.32
2013-11-05,10.44,10.63,10.63,10.37,9390.6
2013-11-06,10.6,10.99,11.01,10.53,19629.06
2013-11-07,10.9,10.73,11.05,10.73,9016.61
2013-11-08,10.63,10.66,10.81,10.57,4467.5
2013-11-11,10.66,10.88,10.9,10.59,5956.23
2013-11-12,10.82,10.9,10.99,10.77,8728.16
2013-11-13,10.87,10.61,10.87,10.61,5693.69
2013-11-14,10.56,10.79,10.93,10.53,9476.85
2013-11-15,10.82,10.99,11.05,10.74,10921.57
2013-11-18,10.99,11.08,11.11,10.9,15227.58
2013-11-19,11.08,11.19,11.28,10.96,23058.33
2013-11-20,11.19,11.18,11.27,11.09,11513.84
2013-11-21,11.18,10.99,11.26,10.93,9509.53
2013-11-22,10.99,10.97,11.18,10.91,9291.35
2013-11-25,10.91,10.9,11.05,10.83,6726.75
2013-11-26,10.74,10.98,10.99,10.74,10615.6
2013-11-27,11.06,11.25,11.27,11.06,17474.96
2013-11-28,11.26,11.18,11.29,11.15,10945.56
2013-11-29,11.18,11.28,11.33,11.13,14215.87
2013-12-02,10.83,10.16,10.85,10.16,29049.42
2013-12-03,9.65,10.08,10.14,9.47,19607.68
2013-12-04,10.08,10.2,10.26,10.02,13035.64
2013-12-05,10.19,10.22,10.34,10.12,9325.68
2013-12-06,10.24,10.24,10.33,10.19,5165.45
2013-12-09,10.24,10.29,10.33,10.18,8159.26
2013-12-10,10.28,10.44,10.59,10.21,11012.23
2013-12-11,10.44,10.35,10.48,10.26,11820.71
2013-12-12,10.35,10.43,10.5,10.28,7086.7
2013-12-13,10.44,10.45,10.48,10.3,11898.3
2013-12-16,10.44,10.17,10.44,10.17,7737.31
2013-12-17,10.19,10.07,10.23,10.03,6908.98
2013-12-18,10.34,10.19,10.34,10.13,5853.24
2013-12-19,10.19,10.06,10.24,10.03,4097.54
2013-12-20,10.08,10.22,10.23,9.95,8297.44
2013-12-23,10.2,10.22,10.42,10.0,9665.85
2013-12-24,10.19,10.3,10.33,10.12,6482.53
2013-12-25,10.36,10.46,10.46,10.27,8906.32
2013-12-26,10.45,10.11,10.45,10.01,6210.12
2013-12-27,10.13,10.42,10.42,10.08,8409.71
2013-12-30,10.42,10.44,10.51,10.33,6165.5
2013-12-31,10.37,10.51,10.54,10.37,5427.9
2014-01-02,10.5,10.65,10.71,10.33,9714.74
2014-01-03,10.55,10.64,10.8,10.53,27798.42
2014-01-06,10.62,11.09,11.55,10.58,70466.86
2014-01-07,10.82,11.03,11.12,10.65,29094.5
2014-01-08,11.0,11.03,11.25,10.84,18272.13
2014-01-09,11.04,10.95,11.36,10.91,22516.46
2014-01-10,10.82,10.21,10.82,10.19,19046.16
2014-01-13,10.06,10.2,10.37,10.06,8210.2
2014-01-14,10.2,10.33,10.37,10.17,10973.19
2014-01-15,10.33,10.47,10.5,10.23,8029.89
2014-01-16,10.47,10.37,10.53,10.29,8364.69
2014-01-17,10.35,10.43,10.53,10.3,7192.47
2014-01-20,10.43,10.55,10.72,10.4,10564.38
2014-01-21,10.55,10.61,10.72,10.55,8221.87
2014-01-22,10.53,10.75,10.8,10.51,18720.58
2014-01-23,10.75,10.8,10.8,10.65,10067.41
2014-01-24,10.82,10.99,11.08,10.74,13384.58
2014-01-27,10.99,11.09,11.24,10.89,14433.34
2014-01-28,10.99,11.05,11.23,10.94,7345.6
2014-01-29,11.09,11.08,11.09,10.82,8438.31
2014-01-30,11.03,11.09,11.2,10.99,6871.25
2014-02-07,11.17,11.15,11.17,10.97,9070.11
2014-02-10,11.16,11.36,11.5,11.14,16414.33
2014-02-11,11.36,11.33,11.44,11.27,15486.94
2014-02-12,11.33,11.66,11.77,11.27,25075.18
2014-02-13,11.6,11.91,12.18,11.48,35123.77
2014-02-21,12.63,11.79,12.63,11.41,64526.35
2014-02-24,11.55,12.0,12.18,11.46,37789.01
2014-02-25,12.09,13.2,13.2,12.06,134406.75
2014-02-26,13.08,13.78,13.81,12.54,123009.53
2014-02-27,13.69,13.08,13.78,12.99,76419.47
2014-02-28,12.94,12.72,13.16,12.4,43666.56
2014-03-03,12.76,13.06,13.08,12.5,41096.68
2014-03-04,12.99,12.65,12.99,12.54,33881.16
2014-03-05,12.56,12.56,12.71,12.36,23248.42
2014-03-06,12.54,12.6,12.87,12.47,22523.08
2014-03-07,12.54,12.64,12.69,12.51,20320.38
2014-03-10,12.62,11.69,12.62,11.65,36572.29
2014-03-11,11.73,11.44,11.86,11.28,26113.13
2014-03-12,11.41,11.55,11.78,11.32,22415.12
2014-03-13,11.55,11.71,11.77,11.38,15251.08
2014-03-14,11.46,11.42,11.64,11.27,23390.51
2014-03-17,11.48,11.8,11.86,11.36,20610.57
2014-03-18,11.81,11.71,11.89,11.65,17716.15
2014-03-19,11.72,11.59,11.89,11.47,14412.87
2014-03-20,11.59,11.39,11.71,11.38,12313.9
2014-03-21,11.39,11.59,11.65,11.2,12775.33
2014-03-24,11.55,11.69,11.75,11.55,17177.31
2014-03-25,11.69,11.65,11.85,11.59,12794.92
2014-03-26,11.66,11.74,11.82,11.6,11042.65
2014-03-27,11.73,12.03,12.04,11.72,25763.6
2014-03-28,12.01,11.73,12.02,11.46,16675.53
2014-03-31,11.73,11.52,11.86,11.36,9570.83
2014-04-01,11.42,11.57,11.62,11.42,6315.63
2014-04-02,11.57,11.5,11.64,11.43,5743.18
2014-04-03,11.5,11.5,11.61,11.37,6873.48
2014-04-04,11.5,11.59,11.6,11.46,7377.85
2014-04-08,11.55,11.74,11.77,11.44,9517.35
2014-04-09,11.73,12.01,12.01,11.69,18908.26
2014-04-10,11.99,11.97,12.15,11.92,10726.47
2014-04-11,11.97,12.16,12.26,11.82,12066.5
2014-04-14,12.26,12.22,12.31,12.16,10528.22
2014-04-15,12.16,11.79,12.21,11.77,18549.73
2014-04-16,11.77,11.91,12.01,11.77,8759.05
2014-04-17,11.9,12.27,12.27,11.9,17297.86
2014-04-18,12.19,12.24,12.28,12.14,8053.95
2014-04-21,12.16,11.85,12.17,11.82,8584.1
2014-04-22,11.84,11.82,11.97,11.76,11056.7
2014-04-23,11.82,11.94,12.0,11.81,9768.74
2014-04-24,11.94,12.02,12.02,11.8,9366.88
2014-04-25,11.96,12.08,12.16,11.89,11720.26
2014-04-28,12.08,11.26,12.15,10.88,17009.72
2014-04-29,11.26,11.67,11.75,11.1,10661.62
2014-04-30,11.67,12.14,12.6,11.64,18636.39
2014-05-05,12.18,12.43,12.45,12.01,18258.38
2014-05-06,12.47,12.57,13.35,12.43,41887.45
2014-05-07,12.62,11.76,12.81,11.76,41558.18
2014-05-08,11.63,11.64,11.77,11.44,44389.0
2014-05-09,11.6,11.29,11.6,11.14,33951.07
2014-05-12,11.44,11.75,12.38,11.3,31311.88
2014-05-13,11.62,11.64,11.8,11.55,14730.68
2014-05-14,11.64,11.48,11.7,11.46,11240.7
2014-05-15,11.48,11.34,11.64,11.32,11312.54
2014-05-16,11.27,11.41,11.47,11.14,8912.19
2014-05-19,11.46,11.43,11.46,11.3,5446.7
2014-05-20,11.43,11.5,11.55,11.43,7453.56
2014-05-21,11.46,11.57,11.62,11.29,7974.83
2014-05-22,11.55,11.61,11.73,11.49,11407.62
2014-05-23,11.54,11.72,11.82,11.54,10007.89
2014-05-26,11.73,11.83,11.83,11.69,10461.22
2014-05-27,11.8,11.65,11.83,11.61,15471.47
2014-05-28,11.5,11.77,11.82,11.5,12110.19
2014-05-29,11.85,11.65,11.85,11.64,11787.48
2014-05-30,11.64,11.86,11.87,11.62,11672.61
2014-06-03,11.87,11.88,12.01,11.73,14503.42
2014-06-04,11.83,11.77,11.91,11.68,9082.09
2014-06-05,11.73,11.97,12.05,11.72,15463.71
2014-06-06,12.02,12.18,12.18,11.89,12945.29
2014-06-09,12.09,12.19,12.38,12.04,17135.74
2014-06-10,12.25,12.19,12.25,12.01,9669.9
2014-06-11,12.08,12.1,12.25,12.04,9790.97
2014-06-12,12.1,11.98,12.17,11.94,9510.28
2014-06-13,11.93,12.06,12.13,11.92,7896.61
2014-06-16,12.14,12.26,12.27,12.05,14446.55
2014-06-17,12.2,12.09,12.33,12.09,10085.75
2014-06-18,12.07,11.91,12.2,11.88,7690.34
2014-06-19,11.89,11.67,12.0,11.59,7657.4
2014-06-20,11.64,11.9,11.91,11.64,6113.38
2014-06-23,11.78,12.0,12.07,11.78,6305.57
2014-06-24,12.0,12.08,12.19,12.0,11712.28
2014-06-25,12.08,12.09,12.12,12.01,4468.74
2014-06-26,12.11,12.25,12.29,12.08,13743.4
2014-06-27,12.25,12.52,12.56,12.13,18033.59
2014-06-30,12.52,12.52,12.71,12.38,13923.82
2014-07-01,12.5,12.54,12.61,12.4,8586.0
2014-07-02,12.54,12.58,12.62,12.47,10811.39
2014-07-03,12.59,12.73,12.74,12.45,18791.09
2014-07-04,12.75,12.8,12.9,12.61,18492.13
2014-07-07,12.84,12.81,12.84,12.68,10684.04
2014-07-08,12.82,12.93,13.07,12.76,16803.21
2014-07-09,12.98,12.51,13.02,12.43,17636.43
2014-07-10,12.54,12.53,12.66,12.47,13331.9
2014-07-11,12.53,12.82,12.86,12.49,17454.36
2014-07-14,12.82,12.91,12.92,12.77,11462.27
2014-07-15,12.85,12.71,12.86,12.61,16281.43
2014-07-16,12.71,12.63,12.83,12.53,8176.94
2014-07-17,12.62,12.63,12.68,12.51,8520.8
2014-07-18,12.63,12.69,12.79,12.57,8392.59
2014-07-21,12.65,12.87,12.96,12.65,12418.97
2014-07-22,12.9,12.94,13.03,12.81,13792.97
2014-07-23,12.94,12.71,12.94,12.63,16140.46
2014-07-24,12.71,12.55,12.71,12.44,14076.45
2014-07-25,12.56,12.76,12.77,12.53,10289.63
2014-07-28,12.76,12.81,12.84,12.7,20888.96
2014-07-29,12.8,12.87,12.88,12.7,12997.25
2014-07-30,12.87,12.93,13.0,12.73,18530.2
2014-07-31,12.9,13.18,13.23,12.9,20707.41
2014-08-01,13.13,13.4,13.71,13.02,40594.05
2014-08-04,13.35,13.45,13.52,13.18,22716.18
2014-08-05,13.54,13.49,13.59,13.3,10674.45
2014-08-06,13.39,13.52,13.57,13.3,13397.41
2014-08-07,13.42,13.29,13.51,13.26,9241.64
2014-08-08,13.34,13.69,13.78,13.29,16975.98
2014-08-11,13.69,13.94,14.12,13.58,19933.86
2014-08-12,13.3,13.16,13.51,12.99,108823.3
2014-08-13,13.04,13.18,13.21,12.99,44037.35
2014-08-14,13.15,13.06,13.15,13.02,25402.98
2014-08-15,13.02,13.13,13.16,13.02,16936.58
2014-08-18,13.13,13.32,13.34,13.13,30089.6
2014-08-19,13.37,13.42,13.43,13.24,23308.69
2014-08-20,13.4,13.36,13.44,13.29,22269.26
2014-08-21,13.36,13.47,13.62,13.35,32738.72
2014-08-22,13.35,13.48,13.52,13.29,33964.5
2014-08-25,13.48,13.39,13.49,13.33,16367.44
2014-08-26,13.42,12.97,13.43,12.9,22054.77
2014-08-27,12.94,13.13,13.47,12.91,13286.5
2014-08-28,13.13,13.03,13.22,13.01,9937.5
2014-08-29,13.03,13.09,13.11,12.93,8955.8
2014-09-01,13.12,13.46,13.48,13.09,29985.06
2014-09-02,13.48,13.55,13.62,13.38,32529.37
2014-09-03,13.56,13.9,14.03,13.55,52540.02
2014-09-04,13.95,13.99,14.12,13.79,30708.44
2014-09-05,13.66,13.74,13.87,13.57,55790.49
2014-09-16,15.11,15.11,15.11,15.11,5763.9
2014-09-17,15.4,16.62,16.62,15.32,121311.02
2014-09-18,17.14,17.77,18.28,17.12,188746.79
2014-09-19,17.6,17.31,17.68,16.96,105739.82
2014-09-22,16.7,17.28,17.47,16.7,77431.71
2014-09-23,17.06,16.92,17.48,16.61,68684.22
2014-09-24,16.69,16.93,16.99,16.65,51739.97
2014-09-25,16.9,16.67,16.93,16.53,55305.57
2014-09-26,16.69,16.74,16.83,16.56,36249.75
2014-09-29,16.78,17.25,17.44,16.78,92776.8
2014-09-30,17.14,16.88,17.15,16.77,51725.6
2014-10-08,16.89,17.2,17.38,16.87,44623.11
2014-10-09,17.05,17.31,17.44,16.99,46220.68
2014-10-10,17.59,18.21,18.93,17.59,88307.92
2014-10-13,18.08,18.9,18.9,17.68,71684.01
2014-10-14,19.0,19.63,20.1,18.94,85296.63
2014-10-15,19.22,19.17,19.7,18.97,48840.78
2014-10-16,19.03,18.81,19.57,18.76,36283.57
2014-10-17,18.5,18.73,19.39,18.49,39920.61
2014-10-20,18.4,19.03,19.18,17.94,37588.23
2014-10-21,19.0,18.85,19.39,18.74,27132.59
2014-10-22,18.7,18.08,18.87,18.07,33801.06
2014-10-23,18.08,17.57,18.13,17.46,23582.56
2014-10-24,17.81,18.06,18.2,17.63,18973.48
2014-10-27,18.11,18.72,18.77,17.86,25821.36
2014-10-28,18.63,19.04,19.28,18.63,33195.07
2014-10-29,18.91,20.2,20.33,18.91,84144.86
2014-10-30,20.11,20.47,21.24,19.66,66285.07
2014-10-31,20.48,20.17,20.76,20.02,25636.36
2014-11-03,20.19,19.74,20.29,19.31,41103.42
2014-11-04,19.79,19.74,19.98,19.62,20859.15
2014-11-05,19.62,19.33,19.83,19.28,28605.26
2014-11-06,19.32,19.39,19.65,19.03,30547.02
2014-11-07,19.39,19.39,19.74,19.02,30429.55
2014-11-10,19.16,19.99,19.99,19.16,32838.6
2014-11-11,19.9,19.36,19.9,18.87,33005.8
2014-11-12,19.0,19.24,19.46,18.74,26197.98
2014-11-13,19.32,19.06,19.84,18.85,19117.92
2014-11-14,18.94,18.94,19.44,18.81,28837.11
2014-11-17,18.94,19.4,19.48,18.67,23872.12
2014-11-18,19.43,19.26,19.55,19.01,8158.89
2014-11-19,19.27,20.56,20.67,19.12,51043.22
2014-11-20,20.34,20.19,21.08,19.85,31397.52
2014-11-21,20.01,20.74,20.9,19.98,22321.62
2014-11-24,20.73,21.37,21.63,20.24,32592.24
2014-11-25,21.3,21.6,21.87,21.02,23116.21
2014-11-26,21.49,20.29,21.87,20.0,52769.39
2014-11-27,20.37,20.37,20.65,19.64,45347.98
2014-11-28,20.34,20.2,20.34,19.54,40441.28
2014-12-01,19.91,19.14,20.15,18.94,35694.52
2014-12-02,19.09,19.41,19.54,19.04,28803.36
2014-12-03,19.4,19.19,19.4,18.63,38342.72
2014-12-04,19.03,19.69,19.84,18.84,32546.17
2014-12-05,19.64,18.46,19.64,18.15,45548.97
2014-12-08,18.35,17.66,18.54,17.48,49728.75
2014-12-09,17.6,16.3,17.6,16.3,47262.62
2014-12-10,16.3,17.01,17.11,16.14,32447.01
2014-12-11,17.01,17.27,17.27,16.88,20504.95
2014-12-12,17.28,17.43,17.68,17.06,22581.8
2014-12-15,17.41,17.9,17.9,16.96,27844.95
2014-12-16,17.9,17.61,17.97,17.5,19321.29
2014-12-17,17.59,17.0,17.59,16.83,22542.5
2014-12-18,17.0,17.07,17.2,16.86,12153.75
2014-12-19,17.07,16.29,17.07,16.22,19856.63
2014-12-22,16.24,14.74,16.24,14.7,23494.88
2014-12-23,14.74,14.13,15.0,13.76,40811.29
2014-12-24,14.39,14.74,14.77,14.12,41829.06
2014-12-25,14.66,14.85,15.1,14.49,27137.28
2014-12-26,14.86,14.92,15.04,14.71,19126.22
2014-12-29,14.91,14.25,14.91,13.76,33931.85
2014-12-30,14.16,13.85,14.16,13.78,19194.5
2014-12-31,13.84,14.04,14.12,13.76,16435.43
2015-01-05,14.05,14.15,14.34,13.8,28095.12
2015-01-06,14.12,14.85,14.94,13.98,33378.59
2015-01-07,14.84,14.8,14.92,14.53,20737.61
2015-01-08,14.8,15.26,15.36,14.65,36450.03
2015-01-09,15.26,14.82,15.29,14.67,27150.44
2015-01-12,14.7,14.34,14.7,14.22,16547.17
2015-01-13,14.21,14.66,14.68,14.16,25781.08
2015-01-14,14.65,14.55,14.81,14.52,13262.77
2015-01-15,14.43,14.52,14.74,14.39,16033.5
2015-01-16,14.53,14.56,14.59,14.45,16544.18
2015-01-19,14.49,14.3,14.69,14.1,21941.73
2015-01-20,14.3,15.05,15.08,14.3,32323.45
2015-01-21,15.11,15.51,15.6,15.05,41448.04
2015-01-22,15.56,15.59,15.68,15.38,26654.77
2015-01-23,15.61,15.48,15.68,15.4,18872.68
2015-01-26,15.46,15.64,15.85,15.35,22052.09
2015-01-27,15.87,15.69,15.87,15.42,24209.03
2015-01-28,15.8,16.07,16.09,15.59,48207.78
2015-01-29,16.02,15.96,16.11,15.75,21643.03
2015-01-30,15.93,15.65,16.01,15.5,19388.59
2015-02-02,15.33,15.47,15.82,15.32,16498.89
2015-02-03,15.47,15.69,15.78,15.42,12782.32
2015-02-04,15.78,15.94,16.06,15.69,16735.32
2015-02-05,15.96,16.06,16.33,15.96,22243.05
2015-02-06,15.92,15.5,16.1,15.48,11870.56
2015-02-09,15.48,15.22,15.48,15.08,9076.49
2015-02-10,15.18,15.56,15.56,15.14,6247.81
2015-02-11,15.54,15.62,15.87,15.47,8072.8
2015-02-12,15.53,15.93,15.98,15.53,11652.68
2015-02-13,15.96,16.06,16.19,15.9,16334.22
2015-02-16,16.11,16.26,16.35,16.06,14410.6
2015-02-17,16.48,16.21,16.48,16.1,19304.15
2015-02-25,16.23,16.46,16.56,16.06,24614.27
2015-02-26,16.47,16.58,16.8,16.45,20143.59
2015-02-27,16.6,16.88,16.96,16.52,22098.88
2015-03-02,16.88,17.59,17.64,16.73,35137.97
2015-03-03,17.58,17.3,17.58,17.17,21157.96
2015-03-04,17.3,17.72,17.72,17.28,28400.17
2015-03-05,17.68,17.34,17.76,17.19,27203.52
2015-03-06,17.34,16.91,17.4,16.82,26247.4
2015-03-09,16.92,17.2,17.22,16.52,29100.92
2015-03-10,17.14,17.42,17.45,16.99,22919.55
2015-03-11,17.47,17.48,17.53,17.33,20153.87
2015-03-12,17.15,17.29,17.66,17.14,24939.95
2015-03-13,17.41,17.47,17.47,17.18,23758.9
2015-03-16,17.47,18.66,18.9,17.46,46336.78
2015-03-17,18.67,19.46,19.47,18.38,52775.2
2015-03-18,19.29,19.32,19.53,18.96,32053.59
2015-03-19,19.32,19.08,19.32,18.81,22700.93
2015-03-20,19.02,19.22,19.39,18.95,28118.64
2015-03-23,19.22,19.61,19.82,19.08,33797.66
2015-03-24,19.54,19.64,19.75,18.04,56654.35
2015-03-25,19.47,21.6,21.6,19.35,112318.61
2015-03-26,21.6,20.86,22.55,20.84,68020.88
2015-03-27,21.07,21.74,21.77,19.84,56858.88
2015-03-30,21.47,21.29,21.72,21.06,32040.49
2015-03-31,21.3,21.63,21.83,20.84,38450.56
2015-04-01,21.56,22.73,22.99,21.22,55305.72
2015-04-02,22.73,23.31,23.97,22.26,42715.32
2015-04-03,23.08,23.32,23.9,22.64,35269.88
2015-04-07,23.32,23.42,23.89,22.96,32735.64
2015-04-08,23.42,22.79,23.46,22.41,42920.5
2015-04-09,22.8,22.2,22.86,21.24,28905.23
2015-04-10,22.1,22.5,22.64,21.74,21233.57
2015-04-13,22.72,24.21,24.35,22.5,50839.25
2015-04-14,26.04,23.69,26.04,23.36,45791.34
2015-04-15,23.09,22.66,23.09,22.21,32370.57
2015-04-16,22.56,22.64,22.98,21.65,27722.26
2015-04-17,22.62,22.65,23.44,22.53,28307.8
2015-04-20,22.29,21.41,22.55,20.75,31203.49
2015-04-21,21.38,22.06,22.11,21.3,19303.02
2015-04-22,22.28,22.49,22.89,22.1,31411.84
2015-04-23,22.64,23.15,23.15,22.47,40208.47
2015-04-24,22.91,23.67,24.06,22.64,60113.28
2015-04-27,23.77,23.23,23.99,23.1,45212.35
2015-04-28,23.23,21.91,23.32,21.2,26660.01
2015-04-29,21.92,22.45,22.55,21.71,21710.09
2015-04-30,22.91,22.85,23.41,22.37,37997.73
2015-05-04,22.85,23.23,23.53,22.67,32673.92
2015-05-05,23.16,22.42,23.22,22.34,22086.82
2015-05-06,22.42,22.8,23.31,22.41,35286.63
2015-05-07,22.72,22.1,23.45,21.7,24177.25
2015-05-08,22.22,23.32,23.32,22.22,28382.46
2015-05-11,23.54,25.36,25.62,23.5,74162.36
2015-05-12,25.26,26.11,26.61,23.68,68073.38
2015-05-13,25.64,25.62,26.47,25.33,37004.05
2015-05-14,25.6,26.56,27.06,25.3,41763.08
2015-05-15,26.17,28.67,29.12,26.17,54849.03
2015-05-18,28.4,29.0,30.67,28.01,49297.61
2015-05-19,28.99,30.85,31.56,28.43,40794.16
2015-05-20,30.88,30.31,32.47,29.3,40291.43
2015-05-21,30.53,31.07,31.69,30.5,31052.63
2015-05-22,31.6,31.12,32.21,30.18,34499.05
2015-05-25,30.94,31.51,31.66,30.29,41924.71
2015-05-26,31.48,32.61,33.17,30.71,34885.41
2015-05-27,32.61,33.72,34.09,31.71,47188.41
2015-05-28,33.37,31.84,35.0,30.34,45631.97
2015-05-29,31.57,30.5,32.17,28.69,36367.24
2015-06-01,30.67,32.61,33.36,30.67,39599.23
2015-06-02,32.65,35.32,35.35,32.4,47465.23
2015-06-03,35.38,36.98,38.05,33.37,59670.67
2015-06-04,36.53,35.72,36.78,33.28,39006.28
2015-06-05,35.94,34.82,36.47,34.27,53712.65
2015-06-08,33.46,38.3,38.3,33.46,118211.42
2015-06-09,39.06,36.98,39.06,35.59,71236.69
2015-06-10,36.06,37.14,38.42,35.19,39546.49
2015-06-11,36.67,39.42,40.08,36.67,63448.37
2015-06-12,39.48,42.62,43.35,39.47,52261.64
2015-06-15,42.84,40.73,42.89,40.68,59776.86
2015-06-16,41.49,38.42,41.49,37.68,46624.96
2015-06-17,38.48,40.5,40.61,35.19,41086.66
2015-06-18,40.32,39.03,41.45,38.79,32519.5
2015-06-19,37.87,35.52,38.55,35.16,27503.15
2015-06-23,34.46,35.79,35.91,32.02,36648.08
2015-06-24,34.27,36.2,36.94,34.27,35038.38
2015-06-25,36.2,34.89,37.38,33.82,26235.44
2015-06-26,33.6,31.4,35.0,31.4,21644.69
2015-06-29,31.66,33.91,34.37,28.26,59049.87
2015-06-30,30.52,34.73,36.19,30.52,52775.19
2015-07-01,34.46,32.2,35.12,31.25,43493.16
2015-07-02,31.57,28.98,31.57,28.98,40594.13
2015-07-03,26.09,26.08,27.69,26.08,35332.52
2015-07-06,27.96,23.48,28.41,23.48,51896.88
2015-07-07,21.13,21.13,22.1,21.13,29257.0
2015-07-08,19.02,20.04,22.55,19.02,168328.8
2015-07-09,19.66,22.04,22.04,18.4,71707.51
2015-07-10,23.45,24.24,24.24,22.64,25280.92
2015-07-13,26.43,26.67,26.67,26.11,15049.32
2015-07-14,29.21,29.34,29.34,27.51,93959.8
2015-07-15,28.41,26.41,29.12,26.41,51139.72
2015-07-16,24.53,27.68,28.71,23.8,60286.52
2015-07-17,27.96,29.05,30.21,27.69,68936.85
2015-07-20,29.76,29.6,31.12,28.5,95478.52
2015-07-21,29.25,29.27,30.39,28.12,56679.74
2015-07-22,28.85,29.53,29.76,28.41,55905.11
2015-07-23,29.57,30.36,30.85,28.77,62209.08
2015-07-24,30.64,29.14,31.11,28.94,62211.66
2015-07-27,28.31,26.23,29.13,26.23,47823.76
2015-07-28,23.64,23.6,26.14,23.6,77168.47
2015-07-29,24.33,25.57,25.57,23.46,68515.5
2015-07-30,24.93,26.17,27.19,24.93,70800.6
2015-07-31,25.26,26.56,26.87,25.08,41668.92
2015-08-03,26.15,26.79,26.79,25.3,52252.84
2015-08-04,27.42,28.6,28.77,26.79,48725.06
2015-08-05,29.58,29.72,31.39,28.91,100835.43
2015-08-06,28.5,30.52,31.39,28.5,74939.26
2015-08-07,30.67,33.57,33.57,29.2,97512.51
2015-08-10,34.55,35.31,36.92,34.55,80101.5
2015-08-11,34.92,38.34,38.85,34.28,95588.34
2015-08-12,37.26,38.67,40.68,36.44,73351.08
2015-08-13,38.51,40.04,41.49,36.71,68111.43
2015-08-14,40.68,37.97,41.08,36.7,78507.8
2015-08-17,37.19,37.59,38.58,35.9,56978.59
2015-08-18,36.98,33.82,37.49,33.82,65016.41
2015-08-19,32.65,34.2,35.17,31.41,50986.73
2015-08-20,33.62,31.03,34.05,31.03,33648.22
2015-08-21,30.58,31.05,32.83,29.87,57869.86
2015-08-24,28.88,27.94,30.85,27.94,71085.63
2015-08-25,26.36,25.44,29.12,25.15,83579.18
2015-08-26,25.89,27.6,27.99,25.45,99991.26
2015-08-27,28.44,30.36,30.36,27.96,90440.89
2015-08-28,31.28,32.03,32.99,29.66,92319.51
2015-08-31,31.25,28.83,31.25,28.83,59079.26
2015-09-01,29.03,25.94,29.03,25.94,54508.01
2015-09-02,24.35,23.57,27.51,23.41,62783.63
2015-09-07,24.24,24.4,25.53,23.97,45207.47
2015-09-08,24.26,26.43,26.82,24.14,45406.64
2015-09-09,26.65,27.21,27.8,26.43,55529.1
2015-09-10,26.55,27.17,28.38,26.04,50713.79
2015-09-11,26.84,26.83,27.79,25.49,50560.23
2015-09-14,27.04,24.15,27.19,24.15,36035.49
2015-09-15,22.93,21.74,23.27,21.74,43053.8
2015-09-16,21.74,23.9,23.91,20.75,51796.54
2015-09-17,23.69,22.85,24.67,22.58,54967.12
2015-09-18,22.85,22.55,23.35,21.82,29106.0
2015-09-21,22.27,23.41,23.54,21.82,33387.16
2015-09-22,23.36,23.53,24.31,23.19,34043.03
2015-09-23,22.64,24.22,25.05,22.64,42097.12
2015-09-24,24.62,23.9,25.24,23.45,54282.33
2015-09-25,23.83,22.72,24.05,22.13,33908.95
2015-09-28,22.74,23.76,24.23,22.19,29491.6
2015-09-29,23.09,22.98,23.45,22.8,22315.42
2015-09-30,23.03,22.87,23.27,22.55,17538.0
2015-10-08,24.02,23.73,24.22,23.43,31979.67
2015-10-09,23.81,24.72,25.03,23.59,43018.15
2015-10-12,24.76,26.08,26.6,24.49,44412.78
2015-10-13,25.98,26.26,26.36,25.17,41381.83
2015-10-14,25.99,25.32,26.16,25.27,28286.68
2015-10-15,25.17,26.54,26.68,25.17,42711.4
2015-10-16,27.07,28.08,28.48,27.07,62811.99
2015-10-19,27.86,29.79,30.05,27.01,79847.9
2015-10-20,29.23,30.13,30.96,29.05,59837.85
2015-10-21,30.58,27.11,30.58,27.11,62781.02
2015-10-22,27.09,28.5,28.68,27.09,52089.08
2015-10-23,28.98,29.4,29.95,28.41,45681.72
2015-10-26,29.67,29.11,29.94,28.08,36800.43
2015-10-27,28.86,29.11,29.12,26.95,31777.4
2015-10-28,28.91,28.95,29.57,28.59,32834.71
2015-10-29,30.28,29.65,30.28,29.07,28917.22
2015-10-30,29.32,29.31,30.22,28.62,20667.3
2015-11-02,28.41,28.24,29.33,27.85,21226.28
2015-11-03,28.33,28.54,28.86,27.96,20268.9
2015-11-04,28.42,29.91,30.06,28.02,31883.89
2015-11-05,30.22,30.13,30.84,29.78,37152.42
2015-11-06,30.04,30.58,30.92,29.76,38297.14
2015-11-09,30.29,33.63,33.63,29.66,76044.06
2015-11-10,33.29,33.73,35.49,32.67,53813.94
2015-11-11,33.73,34.64,35.15,33.73,37012.39
2015-11-12,34.8,34.66,35.18,33.61,29441.85
2015-11-13,34.32,33.19,34.89,32.12,26889.41
2015-11-16,32.38,33.37,33.88,31.67,20757.59
2015-11-17,33.17,33.35,34.08,33.15,25271.41
2015-11-18,33.28,34.85,36.39,33.09,48269.44
2015-11-19,34.83,35.93,36.34,34.4,35730.39
2015-11-20,35.88,37.7,38.5,35.45,38894.06
2015-11-23,37.43,35.63,37.59,35.51,39912.12
2015-11-24,35.66,35.49,35.88,34.64,28408.18
2015-11-25,35.47,36.44,37.16,35.22,26889.89
2015-11-26,36.46,36.06,37.97,35.99,27426.33
2015-11-27,36.44,33.54,36.52,32.92,26945.67
2015-11-30,33.57,35.93,36.17,32.16,42422.93
2015-12-01,35.9,36.54,37.58,35.47,34407.41
2015-12-02,36.17,35.01,36.95,33.11,37039.94
2015-12-03,35.09,35.54,35.89,34.27,21676.44
2015-12-04,35.29,36.19,36.64,35.19,35280.08
2015-12-07,36.08,38.35,39.8,35.46,56644.31
2015-12-08,37.7,38.76,39.66,36.62,35502.88
2015-12-09,38.69,40.45,41.29,38.1,47034.92
2015-12-10,40.45,43.38,44.49,40.16,61139.12
2015-12-11,42.84,41.11,43.05,41.04,32720.78
2015-12-14,40.62,39.98,40.62,38.81,25193.18
2015-12-15,39.87,42.94,43.29,39.69,33520.39
2015-12-16,42.96,42.41,44.59,42.03,24596.69
2015-12-17,41.52,42.28,43.5,41.46,37358.47
2015-12-18,42.17,41.48,42.56,40.45,31446.89
2015-12-21,41.49,41.5,41.94,40.79,21798.06
2015-12-22,41.23,44.99,44.99,40.6,40860.71
2015-12-23,44.56,45.64,47.65,43.79,53470.89
2015-12-24,45.27,44.92,45.61,43.47,24890.41
2015-12-25,44.92,44.59,46.54,43.84,18937.86
2015-12-28,44.65,42.69,45.06,42.37,22555.61
2015-12-29,42.39,42.28,42.83,40.55,19601.47
2015-12-30,42.32,43.02,43.99,42.32,15611.49
2015-12-31,43.01,41.4,43.57,41.04,22612.52
2016-01-04,41.4,37.26,42.03,37.26,22833.8
2016-01-05,33.82,34.89,36.88,33.54,38836.64
2016-01-06,34.82,35.34,36.08,34.27,21147.57
2016-01-07,34.73,31.8,34.73,31.8,4569.0
2016-01-08,31.69,32.0,32.92,28.62,30774.65
2016-01-11,30.94,28.8,32.25,28.8,24691.55
2016-01-12,28.66,28.47,29.38,26.7,27669.61
2016-01-13,28.86,27.11,29.31,27.1,21418.64
2016-01-14,26.12,28.2,28.25,25.33,25883.44
2016-01-15,27.87,26.56,28.41,26.16,21208.32
2016-01-18,26.16,27.74,28.39,25.59,30735.7
2016-01-19,27.95,29.48,29.75,27.47,32169.19
2016-01-20,29.48,29.52,30.61,28.87,28322.88
2016-01-21,28.35,28.09,30.19,27.96,26295.11
2016-01-22,28.68,27.83,29.21,27.06,25711.29
2016-01-25,28.23,28.63,29.05,28.1,17982.13
2016-01-26,28.29,25.77,28.82,25.77,23645.6
2016-01-27,25.69,24.98,26.15,23.27,40987.57
2016-01-28,24.17,23.55,25.03,23.34,26893.23
2016-01-29,23.56,25.26,25.44,23.55,20235.11
2016-02-01,25.07,25.15,25.98,24.46,14892.22
2016-02-02,25.24,26.43,26.57,25.24,14313.56
2016-02-03,26.1,27.09,27.33,25.86,16300.47
2016-02-04,27.19,28.48,29.13,27.19,17675.14
2016-02-05,28.68,28.29,29.02,27.96,13201.54
2016-02-15,26.97,27.54,27.95,26.87,15228.93
2016-02-16,27.87,28.95,28.95,27.51,15545.61
2016-02-17,28.95,29.14,29.65,28.5,18177.29
2016-02-18,29.17,28.8,29.75,28.77,18041.32
2016-02-19,28.66,29.09,29.32,28.16,14408.59
2016-02-22,29.49,29.09,29.73,28.86,22476.37
2016-02-23,29.09,28.75,29.45,28.32,16964.81
2016-02-24,28.32,28.47,29.0,27.17,19553.19
2016-02-25,28.23,25.63,28.63,25.62,25021.63
2016-02-26,25.76,25.88,26.6,24.93,18699.72
2016-02-29,25.62,24.5,25.62,23.63,19759.53
2016-03-01,24.89,25.35,25.43,24.22,13084.84
2016-03-02,25.53,26.56,26.77,24.81,18003.13
2016-03-03,26.61,26.93,27.78,26.44,19062.91
2016-03-04,26.83,25.72,27.28,25.26,17241.97
2016-03-07,26.05,26.36,26.83,26.05,14484.68
2016-03-08,26.34,26.38,26.59,25.27,14489.78
2016-03-09,25.61,26.0,26.15,25.35,10694.64
2016-03-10,26.11,25.74,26.34,25.71,8370.83
2016-03-11,25.43,26.11,26.51,25.27,9774.74
2016-03-14,26.68,27.12,27.56,26.19,31413.59
2016-03-15,26.86,26.52,27.2,26.45,18254.28
2016-03-16,27.67,27.78,29.17,27.39,61241.35
2016-03-17,27.42,28.55,28.86,27.36,40795.06
2016-03-18,28.41,29.32,29.5,28.23,47224.32
2016-03-21,29.4,30.65,30.65,29.4,33242.01
2016-03-22,30.4,30.2,30.65,29.77,20741.21
2016-03-23,30.08,33.22,33.22,29.86,56418.87
2016-09-23,34.73,36.54,36.54,34.11,135002.07
2016-09-26,35.63,33.95,36.06,33.82,75932.45
2016-09-27,33.64,33.09,33.95,32.08,54967.53
2016-09-28,32.85,33.3,33.49,32.57,39920.66
2016-09-29,33.1,33.62,33.91,32.84,33950.88
2016-09-30,33.34,33.79,34.09,33.17,25125.81
2016-10-10,34.14,35.1,35.47,34.14,41620.35
2016-10-11,34.82,36.44,36.44,34.8,52747.44
2016-10-12,36.44,36.41,38.15,35.75,56534.16
2016-10-13,36.26,35.87,36.51,35.74,25341.65
2016-10-14,35.65,35.36,35.79,34.82,22033.29
2016-10-17,35.34,34.63,35.77,34.37,19374.53
2016-10-18,34.39,35.39,35.4,34.39,22964.67
2016-10-19,35.54,35.27,35.79,35.15,24974.51
2016-10-20,35.28,35.31,35.62,35.06,20148.25
2016-10-21,35.45,36.04,36.74,35.38,33991.09
2016-10-24,36.06,35.93,36.59,35.19,25325.64
2016-10-25,35.74,35.83,35.93,35.3,19688.77
2016-10-26,35.82,35.97,36.62,35.63,31964.78
2016-10-27,35.99,36.37,36.53,35.73,20726.34
2016-10-28,36.26,35.78,37.42,35.75,34381.45
2016-10-31,35.99,35.99,36.67,35.28,21722.26
2016-11-01,35.99,37.63,38.03,35.83,47772.09
2016-11-02,37.57,38.84,40.47,37.26,43123.8
2016-11-03,38.33,38.51,39.51,37.88,32291.58
2016-11-04,38.5,42.37,42.37,38.24,60283.79
2016-11-07,42.75,40.89,42.75,40.32,44582.62
2016-11-08,40.91,41.44,43.09,40.45,40943.73
2016-11-09,41.05,40.23,41.89,39.1,35512.07
2016-11-10,40.59,40.86,42.28,40.45,32845.92
2016-11-11,40.72,40.53,41.4,40.36,23721.62
2016-11-14,40.55,41.13,41.39,40.53,18657.36
2016-11-15,41.13,41.22,43.02,40.61,24800.32
2016-11-16,41.39,42.83,42.84,40.84,30455.16
2016-11-17,42.83,42.28,43.74,41.76,36093.95
2016-11-18,41.99,41.6,42.66,41.49,20901.68
2016-11-21,41.5,41.43,42.0,41.13,20490.87
2016-11-22,41.36,41.99,42.0,41.05,18129.93
2016-11-23,42.05,41.56,42.61,41.56,17814.35
2016-11-24,41.4,40.59,41.74,40.5,21484.45
2016-11-25,40.28,39.61,40.59,38.15,26498.18
2016-11-28,39.61,39.15,40.22,39.14,17900.35
2016-11-29,39.14,37.7,39.55,37.14,16642.07
2016-11-30,37.52,38.05,38.59,36.82,14304.45
2016-12-01,37.75,37.72,38.28,37.31,10210.33
2016-12-02,37.82,37.3,38.02,36.98,11262.95
2016-12-05,36.76,37.62,37.97,36.11,13063.83
2016-12-06,37.49,38.17,38.5,37.49,10149.96
2016-12-07,38.22,39.29,39.42,37.92,14215.03
2016-12-08,38.87,38.77,39.46,38.56,14363.77
2016-12-09,38.68,38.77,39.14,38.51,8522.04
2016-12-12,38.5,35.9,38.97,35.19,18207.18
2016-12-13,35.89,36.51,36.85,34.73,11673.87
2016-12-14,36.51,37.16,37.88,36.26,12757.48
2016-12-15,37.16,39.15,39.24,37.0,19046.5
2016-12-16,39.29,40.11,40.44,38.6,19954.67
2016-12-19,39.84,39.69,40.14,38.87,12790.07
2016-12-20,39.51,39.6,39.68,39.17,9267.09
2016-12-21,39.6,40.68,40.86,39.42,17950.94
2016-12-22,40.33,40.19,41.01,40.14,14080.12
2016-12-23,39.85,38.93,40.13,38.54,10573.07
2016-12-26,38.9,39.45,39.47,37.88,7036.81
2016-12-27,39.3,40.21,40.77,39.3,13090.62
2016-12-28,40.28,39.85,40.77,39.85,7087.73
2016-12-29,39.73,40.32,40.71,39.25,10214.35
2016-12-30,40.52,40.5,40.59,40.06,8129.84
2017-01-03,40.42,40.09,40.44,39.33,7154.81
2017-01-04,40.07,40.32,40.43,39.7,8719.05
2017-01-05,40.16,40.08,40.84,40.05,10259.43
2017-01-06,40.0,39.65,40.35,39.61,6651.79
2017-01-09,39.15,38.79,39.65,38.34,12404.67
2017-01-10,38.94,39.01,39.57,38.94,10527.03
2017-01-11,38.78,38.29,39.1,38.29,10668.8
2017-01-12,37.97,37.93,38.59,37.92,7659.9
2017-01-13,37.93,36.98,38.22,36.89,9700.58
2017-01-16,36.7,34.51,36.7,33.28,16749.64
2017-01-17,34.36,33.71,34.36,32.67,21613.04
2017-01-18,33.92,33.51,33.92,33.15,12109.82
2017-01-19,33.02,32.19,33.06,31.51,21760.28
2017-01-20,32.16,32.9,33.06,31.67,14226.09
2017-01-23,32.8,33.88,34.17,32.52,11720.48
2017-01-24,34.27,34.84,35.54,34.18,21546.09
2017-01-25,34.76,34.5,35.18,33.93,11086.71
2017-01-26,34.48,34.54,35.17,34.28,9294.65
2017-02-03,34.28,34.8,35.15,34.28,7241.6
2017-02-06,34.79,35.38,35.57,34.55,10201.72
2017-02-07,35.46,35.36,35.98,35.08,8940.05
2017-02-08,35.09,35.32,35.42,34.43,9285.94
2017-02-09,35.23,36.01,36.53,35.07,13958.25
2017-02-10,36.01,34.91,36.01,34.88,14639.93
2017-02-13,34.73,34.92,35.32,34.37,10701.07
2017-02-14,35.1,34.82,35.37,34.46,8957.87
2017-02-15,34.82,34.21,35.17,34.09,8413.33
2017-02-16,34.5,34.6,35.03,34.23,10136.97
2017-02-17,34.81,34.0,34.99,33.71,10037.31
2017-02-20,34.26,33.79,34.26,33.1,11274.49
2017-02-21,34.17,34.68,34.73,33.62,13205.79
2017-02-22,34.69,35.04,35.36,34.52,12443.02
2017-02-23,35.04,35.15,35.35,34.73,8980.12
2017-02-24,35.15,35.32,35.35,34.92,9581.97
2017-02-27,35.32,35.05,35.93,35.0,14516.91
2017-02-28,35.06,35.18,35.35,35.05,7326.07
2017-03-01,35.43,35.58,35.7,35.18,14430.87
2017-03-02,35.61,36.34,36.98,35.33,17772.5
2017-03-03,36.17,35.72,36.69,35.65,10017.57
2017-03-06,35.72,35.93,36.34,35.68,8807.67
2017-03-07,35.93,35.93,36.26,35.36,13048.21
2017-03-08,35.72,34.95,35.96,34.79,13079.15
2017-03-09,34.95,35.42,35.7,34.27,12018.28
2017-03-10,35.4,35.34,36.02,35.09,9881.17
2017-03-13,35.18,35.49,35.49,34.43,9007.59
2017-03-14,35.61,35.37,35.63,35.09,8491.13
2017-03-15,35.37,34.71,35.37,34.59,8816.04
2017-03-16,34.73,35.01,35.09,34.28,9100.19
2017-03-17,35.07,34.91,35.29,34.77,7820.65
2017-03-20,35.07,35.36,35.45,34.73,11522.98
2017-03-21,35.36,35.85,36.07,35.26,10470.24
2017-03-22,35.73,35.93,36.35,35.36,10258.83
2017-03-23,35.57,35.26,36.21,34.29,11038.01
2017-03-24,35.27,34.79,35.27,34.55,10974.5
2017-03-27,34.93,34.3,34.93,34.28,11977.88
2017-03-28,34.3,34.53,34.8,34.3,8834.26
2017-03-29,34.67,34.23,34.86,34.18,10519.81
2017-03-30,34.22,33.36,34.22,32.29,18944.18
2017-03-31,33.11,32.47,33.35,32.36,12134.35
2017-06-15,29.22,29.22,29.22,29.22,1405.0
2017-06-16,26.3,26.3,26.3,26.3,3036.0
2017-06-19,23.67,24.35,25.96,23.67,124378.18
2017-06-20,23.48,24.38,24.39,23.46,63187.36
2017-06-21,24.25,23.97,24.25,23.77,43011.61
2017-06-22,23.97,23.5,23.98,23.5,37326.44
2017-06-23,23.33,22.93,23.42,22.37,36368.89
2017-06-26,22.66,23.57,23.59,22.66,42330.42
2017-06-27,23.58,23.43,24.05,23.38,28994.35
2017-06-28,23.54,23.41,23.6,22.78,25664.4
2017-06-29,23.35,23.05,23.35,23.02,12579.81
2017-06-30,23.09,23.14,23.27,22.93,11250.61
2017-07-03,23.14,23.16,23.24,23.05,11173.95
2017-07-04,23.23,22.9,23.23,22.87,13422.08
2017-07-05,22.9,22.91,22.98,22.71,15223.54
2017-07-06,22.91,22.81,22.91,22.69,16315.02
2017-07-07,22.84,22.74,22.87,22.62,15999.92
2017-07-10,22.8,22.52,22.86,22.45,17244.11
2017-07-11,22.55,22.23,22.64,22.23,12948.0
2017-07-12,22.32,22.1,22.35,21.38,17827.17
2017-07-13,22.09,22.2,22.28,21.78,14251.77
2017-07-14,21.99,21.78,22.0,21.67,21061.53
2017-07-17,21.64,19.61,21.64,19.61,31084.51
2017-07-18,19.55,19.0,19.55,18.31,24784.99
2017-07-19,18.77,19.27,19.37,18.62,16052.02
2017-07-20,19.21,19.4,19.48,19.06,21843.96
2017-07-21,19.41,19.39,19.48,19.26,13115.09
2017-07-24,19.47,19.28,19.48,19.0,9169.23
2017-07-25,19.26,19.3,19.47,19.21,7895.43
2017-07-26,19.38,19.32,19.46,19.23,7495.43
2017-07-27,19.32,20.33,20.75,19.03,27483.58
2017-07-28,20.16,19.96,20.31,19.84,14311.56
2017-07-31,19.95,20.12,20.29,19.92,7251.93
2017-08-01,20.23,20.17,20.28,19.99,6533.88
2017-08-02,20.18,19.71,20.18,19.68,7923.95
2017-08-03,19.67,20.04,20.16,19.49,8492.92
2017-08-04,20.01,19.74,20.13,19.74,7110.22
2017-08-07,19.66,19.84,19.96,19.48,6696.42
2017-08-08,19.83,19.76,19.92,19.4,8108.19
2017-08-09,19.77,20.0,20.14,19.74,10677.87
2017-08-10,20.03,19.66,20.1,19.48,9005.71
2017-08-11,19.55,19.85,20.56,19.4,17957.17
2017-08-14,19.52,20.01,20.01,19.52,11302.62
2017-08-15,20.0,20.04,20.2,19.85,9489.9
2017-08-16,20.04,20.44,20.53,20.02,16829.01
2017-08-17,20.46,21.18,22.08,20.45,28987.95
2017-08-18,20.89,20.84,21.02,20.63,15597.58
2017-08-21,20.82,21.02,21.24,20.66,10796.97
2017-08-22,21.01,20.68,21.14,20.66,9990.99
2017-08-23,20.68,20.45,20.88,20.35,10534.45
2017-08-24,20.45,20.2,20.58,20.19,10494.8
2017-08-25,20.25,20.44,20.54,20.16,10038.92
2017-08-28,20.42,20.76,20.82,20.42,11249.81
2017-08-29,20.77,20.68,20.97,20.59,14279.92
2017-08-30,20.64,20.47,20.71,20.38,13069.08
2017-08-31,20.52,20.88,20.89,20.44,16999.15
2017-09-01,20.89,20.82,20.98,20.71,10381.81
2017-09-04,20.82,20.7,20.86,20.59,17713.61
2017-09-05,20.74,20.85,20.95,20.61,14132.96
2017-09-06,20.74,21.29,21.33,20.58,26890.63
2017-09-07,21.38,22.07,22.31,21.15,42751.83
2017-09-08,22.05,22.17,22.22,21.77,30989.82
2017-09-11,22.16,22.96,23.0,22.03,31999.48
2017-09-12,22.83,22.29,22.83,22.26,27387.6
2017-09-13,22.2,22.4,22.64,21.98,10777.64
2017-09-14,22.24,22.59,23.18,22.13,13998.0
2017-09-15,22.7,22.33,22.7,22.27,12297.08
2017-09-18,21.83,22.33,22.52,21.83,7343.16
2017-09-19,22.45,22.08,22.78,21.93,7492.0
2017-09-20,21.97,22.09,22.26,21.94,7456.32
2017-09-21,22.09,21.94,22.18,21.9,5790.0
2017-09-22,21.96,21.89,22.13,21.75,8364.01
2017-09-25,21.64,21.78,22.01,21.64,5104.1
2017-09-26,21.64,21.89,22.1,21.14,18935.57
2017-09-27,21.67,21.77,21.86,21.55,6734.46
2017-09-28,21.74,21.15,21.83,21.12,8714.0
2017-09-29,21.14,21.71,21.78,21.12,7680.46
2017-10-09,21.74,22.04,22.08,21.48,6814.02
2017-10-10,22.03,22.91,23.07,21.91,21272.63
2017-10-11,22.91,22.82,23.52,22.56,19966.77
2017-10-12,22.58,22.85,22.85,22.43,8959.57
2017-10-13,22.82,22.75,22.88,22.44,8056.61
2017-10-16,22.74,23.14,23.16,22.2,13212.34
2017-10-17,22.76,22.76,23.0,22.53,4993.85
2017-10-18,22.6,22.71,22.87,22.59,5979.29
2017-10-19,22.71,22.53,22.73,22.29,5461.0
2017-10-20,22.34,22.63,22.77,22.34,3464.84
2017-10-23,22.63,22.65,22.65,22.39,5261.18
2017-10-24,22.65,22.55,22.68,22.46,4102.24
2017-10-25,22.29,22.59,22.62,22.24,4108.09
2017-10-26,22.59,22.43,22.59,22.37,2442.09
2017-10-27,22.52,21.87,22.54,21.8,7090.59
2017-10-30,21.74,21.53,21.74,20.93,9890.58
2017-10-31,21.38,21.34,21.48,20.85,9122.1
2017-11-01,21.28,21.36,21.52,21.06,5574.01
2017-11-02,21.24,21.29,21.43,20.77,7704.0
2017-11-03,21.29,20.89,21.34,20.77,4791.0
2017-11-06,21.07,20.93,21.07,20.75,2522.21
2017-11-07,21.05,21.05,21.07,20.88,3374.26
2017-11-08,21.09,21.2,21.46,20.97,4295.46
2017-11-09,21.2,21.26,21.31,21.07,3067.99
2017-11-10,21.26,23.39,23.39,21.22,55536.54
2017-11-13,23.26,22.32,23.44,22.17,34272.22
2017-11-14,22.13,21.83,22.77,21.83,18421.15
2017-11-15,21.89,24.01,24.01,21.89,67213.48
2017-11-16,23.9,25.08,26.41,23.45,76761.12
2017-11-17,24.95,25.15,26.5,23.54,60343.63
2017-11-20,25.46,24.79,25.93,24.35,43452.96
2017-11-21,24.52,27.27,27.27,23.92,64583.82
2017-11-22,26.33,27.1,28.36,26.33,64118.78
2017-11-23,27.67,25.39,27.68,24.75,45153.97
2017-11-24,25.42,24.76,26.12,24.35,39524.34
2017-11-27,24.89,23.5,25.11,23.22,32284.44
2017-11-28,23.37,23.78,24.24,23.25,31337.66
2017-11-29,23.88,23.02,23.98,22.6,30904.67
2017-11-30,23.0,23.05,23.29,22.69,23286.43
2017-12-01,22.92,23.63,23.81,22.71,22110.59
2017-12-04,23.68,22.88,23.68,22.74,16006.82
2017-12-05,22.76,20.71,23.04,20.59,30519.69
2017-12-06,20.38,20.5,20.74,19.32,24779.13
2017-12-07,20.14,20.51,20.54,19.92,14259.3
2017-12-08,20.2,20.66,20.98,20.2,13808.31
2017-12-11,20.66,20.39,20.83,20.39,13589.85
2017-12-12,20.4,20.97,22.1,20.4,26363.27
2017-12-13,20.52,20.72,20.89,20.29,13490.62
2017-12-14,20.72,21.34,21.62,20.56,20844.78
2017-12-15,21.09,21.42,22.12,21.03,20057.91
2017-12-18,21.59,20.56,21.59,20.3,13060.86
2017-12-19,20.56,20.66,20.91,20.24,11365.67
2017-12-20,20.68,19.88,20.75,19.39,26948.94
2017-12-21,19.84,19.88,20.02,18.96,15652.58
2017-12-22,19.83,20.22,20.38,19.66,15329.0
2017-12-25,20.11,20.22,20.37,19.85,5678.16
2017-12-26,20.22,20.24,20.32,19.96,6207.02
2017-12-27,20.27,20.0,20.27,19.9,6824.04
2017-12-28,19.93,20.03,20.13,19.51,6022.22
2017-12-29,20.03,20.19,20.25,19.94,5204.37
2018-01-02,20.1,20.15,20.29,19.84,6261.81
2018-01-03,20.22,21.47,21.55,20.09,18795.39
2018-01-04,21.47,20.96,21.49,20.85,14540.66
2018-01-05,20.95,20.91,21.17,20.61,10444.04
2018-01-08,20.84,20.6,20.84,20.5,7175.85
2018-01-09,20.6,20.76,20.87,20.55,5502.85
2018-01-10,20.77,20.2,20.77,20.16,8639.41
2018-01-11,20.16,20.1,20.27,19.57,11355.4
2018-01-12,19.93,20.02,20.2,19.9,4977.39
2018-01-15,20.01,19.21,20.01,19.05,8061.0
2018-01-16,19.2,19.65,20.1,19.19,6988.2
2018-01-17,19.44,19.48,19.59,19.21,4352.04
2018-01-18,19.55,19.41,19.56,19.35,4259.0
2018-01-19,19.41,19.41,19.57,19.21,5179.17
2018-01-22,19.35,19.49,19.54,18.99,3833.05
2018-01-23,19.49,19.53,19.63,19.32,3977.0
2018-01-24,19.56,19.92,20.2,19.49,11483.0
2018-01-25,19.92,19.63,19.92,19.58,5963.21
2018-01-26,19.58,19.52,19.74,19.45,3558.21
2018-01-29,19.19,19.28,19.49,19.11,5702.01
2018-01-30,19.28,19.28,19.46,19.13,4094.0
2018-01-31,19.18,18.22,19.2,18.2,8344.41
2018-02-01,18.22,17.93,18.49,17.27,9904.0
2018-02-02,17.57,17.93,17.94,17.17,5829.0
2018-02-05,17.41,17.96,18.17,17.37,9495.33
2018-02-06,17.53,17.86,18.13,16.87,11958.0
2018-02-07,17.85,17.95,18.07,17.63,10894.0
2018-02-08,17.88,18.07,18.08,17.7,5607.93
2018-02-09,17.72,18.08,18.12,17.39,5548.81
2018-02-12,18.0,18.31,18.4,18.0,7304.17
2018-02-13,18.31,18.13,18.51,17.85,7180.19
2018-02-14,18.12,18.22,18.22,17.92,2512.91
2018-02-22,18.31,18.26,18.31,17.92,3590.01
2018-02-23,18.26,18.27,18.39,18.1,2270.17
2018-02-26,18.3,18.37,18.48,18.04,8549.67
2018-02-27,18.28,18.58,19.03,18.28,8453.0
2018-02-28,18.49,18.58,18.58,18.13,4991.6
2018-03-01,18.54,18.75,18.92,18.31,4877.65
2018-03-02,18.79,19.07,19.12,18.66,7947.35
2018-03-05,19.17,18.82,19.17,18.75,4056.0
2018-03-06,18.82,19.12,19.29,18.58,7434.19
2018-03-07,19.09,18.85,19.16,18.83,5157.1
2018-03-08,18.79,18.94,19.0,18.76,4453.1
2018-03-09,18.98,19.11,19.16,18.76,5895.57
2018-03-12,19.0,19.62,19.64,18.76,11409.34
2018-03-13,19.55,21.11,21.54,19.29,27123.56
2018-03-14,20.19,20.15,20.74,19.89,18600.87
2018-03-15,19.84,20.47,20.64,19.46,12095.38
2018-03-16,20.37,20.56,20.58,20.03,6375.52
2018-03-19,20.38,20.56,20.65,20.17,7708.0
2018-03-20,20.41,20.47,20.47,19.93,6551.86
2018-03-21,20.38,20.47,20.55,20.15,7048.77
2018-03-22,20.29,20.47,20.47,20.07,5799.82
2018-03-23,19.83,20.29,20.32,18.47,7200.8
2018-03-26,20.02,20.56,20.56,19.52,7436.92
2018-03-27,20.62,21.29,21.46,20.38,19049.28
2018-03-28,21.12,20.83,21.12,20.56,8151.01
2018-03-29,20.71,20.53,20.91,20.39,4680.0
2018-03-30,20.53,20.61,20.7,20.38,6296.4
2018-04-02,20.61,20.39,20.66,20.3,4506.5
2018-04-03,20.15,20.43,20.43,19.75,3531.01
2018-04-04,20.47,20.45,20.64,20.02,5458.52
2018-04-09,19.85,20.37,20.38,19.84,2839.0
2018-04-10,20.29,20.18,20.29,19.9,6366.0
2018-04-11,20.06,20.18,20.23,20.02,3232.51
2018-04-12,19.92,19.95,20.11,19.53,3676.51
2018-04-13,20.01,19.79,20.06,19.67,2119.0
2018-04-16,19.69,19.95,19.99,19.45,4310.0
2018-04-17,19.94,20.02,20.11,19.39,4018.37
2018-04-18,19.98,19.93,20.02,19.55,2574.0
2018-04-19,19.75,19.75,19.93,19.66,2523.0
2018-04-20,19.81,19.64,19.81,19.06,4656.0
2018-04-23,19.56,19.46,19.57,18.4,4720.25
2018-04-24,19.25,19.29,19.44,18.92,2477.64
2018-04-25,19.23,19.21,19.37,18.96,1857.0
2018-04-26,19.28,19.08,19.37,18.95,1897.0
2018-04-27,19.08,18.81,19.25,18.76,1561.01
2018-05-02,18.83,18.5,18.83,18.46,2623.65
2018-05-03,18.5,18.37,18.54,17.74,5197.94
2018-05-04,18.04,18.48,18.57,18.04,4671.34
2018-05-07,18.56,19.37,19.75,18.55,6234.76
2018-05-08,19.16,19.34,19.44,19.12,2872.61
2018-05-09,19.41,19.86,20.81,18.94,6440.74
2018-05-10,19.57,19.8,19.8,19.05,5136.98
2018-05-11,19.49,19.5,19.79,19.44,3317.0
2018-05-14,19.48,19.35,19.59,18.94,4018.0
2018-05-15,19.2,19.33,19.58,19.0,2658.32
2018-05-16,19.46,19.92,20.71,19.14,10283.55
2018-05-17,19.57,19.47,19.84,19.4,3499.63
2018-05-18,19.39,19.48,19.59,19.34,2065.0
2018-05-21,19.48,20.19,20.75,19.41,10493.15
2018-05-22,20.21,20.43,20.43,19.98,5797.1
2018-05-23,20.37,20.23,20.54,20.23,3500.0
2018-05-24,20.1,21.28,21.56,20.1,14516.0
2018-05-25,21.3,20.89,21.34,20.73,5815.0
2018-05-28,20.89,20.84,20.97,20.29,6684.6
2018-05-29,20.51,20.75,21.22,20.45,6864.2
2018-05-30,20.55,20.68,20.7,19.66,6507.04
2018-05-31,20.66,20.34,21.01,20.3,5223.82
2018-06-01,20.04,19.75,20.08,19.28,7422.0
2018-06-04,19.59,19.46,19.68,19.03,3574.0
2018-06-05,19.24,19.46,19.63,19.22,3044.0
2018-06-06,19.46,19.23,19.46,19.1,2241.61
2018-06-07,19.3,19.16,19.36,19.06,2099.0
2018-06-08,19.17,18.97,19.2,18.95,1615.0
2018-06-11,18.97,18.61,18.97,18.23,4458.4
2018-06-12,18.55,18.56,18.61,18.38,2279.0
2018-06-13,18.56,18.35,18.56,18.16,2231.0
2018-06-14,18.34,18.26,18.48,18.09,2024.0
2018-06-15,18.24,17.9,18.24,17.77,3044.8
2018-06-19,17.75,17.34,17.75,16.42,4181.87
2018-06-20,17.32,17.27,17.32,16.98,2055.0
2018-06-21,17.36,16.98,17.36,16.84,1806.0
2018-06-22,16.94,17.16,17.23,16.52,986.65
2018-06-25,17.19,17.0,17.3,16.97,3897.0
2018-06-26,16.88,17.0,17.31,16.87,3501.0
2018-06-27,17.05,17.04,17.29,17.01,2127.73
2018-06-28,17.04,17.16,17.3,16.88,1908.2
2018-06-29,17.07,17.68,17.75,16.88,4248.82
2018-07-02,17.66,17.23,17.66,17.05,2210.2
2018-07-03,17.42,17.45,17.58,17.06,3024.61
2018-07-04,17.46,17.33,17.72,17.18,1940.01
2018-07-05,17.37,17.21,17.37,16.91,1916.0
2018-07-06,17.12,17.17,17.19,16.55,3543.99
2018-07-09,17.17,16.99,17.21,16.77,4732.2
2018-07-10,16.96,16.9,17.05,16.88,1994.73
2018-07-11,16.79,16.93,16.95,15.33,6549.93
2018-07-12,16.9,17.19,18.08,16.6,5624.0
2018-07-13,17.26,16.91,17.29,16.55,3137.62
2018-07-16,16.58,16.62,17.08,16.58,3991.61
2018-07-17,16.67,16.39,16.67,16.23,8434.0
2018-07-18,16.25,16.2,16.46,16.13,6279.0
2018-07-19,16.22,16.0,16.51,15.96,3565.01
2018-07-20,16.01,16.15,16.31,16.0,1999.0
2018-07-23,16.19,16.52,17.13,15.81,4222.0
2018-07-24,16.56,16.82,17.12,16.28,5310.18
2018-07-25,16.62,16.78,16.95,16.62,4764.96
2018-07-26,16.77,16.6,16.86,16.49,2260.01
2018-07-27,16.64,16.65,16.84,16.42,3551.0
2018-07-30,16.43,16.57,16.67,16.4,3422.0
2018-07-31,16.56,16.54,16.75,16.37,5801.38
2018-08-01,16.54,16.96,17.95,16.54,8215.86
2018-08-02,16.37,16.83,16.96,15.71,6702.0
2018-08-03,16.69,17.28,17.3,16.47,13164.82
2018-08-06,17.29,17.93,17.99,17.07,19858.91
2018-08-07,17.95,18.36,18.45,17.61,15929.09
2018-08-08,18.36,18.22,18.67,17.89,50710.92
2018-08-09,16.4,17.0,17.38,16.4,46074.31
2018-08-10,16.59,16.48,16.91,16.26,17253.09
2018-08-13,16.32,16.5,16.66,15.84,8594.46
2018-08-14,16.65,16.5,16.65,16.34,5364.0
2018-08-15,16.42,16.26,16.58,16.23,5622.0
2018-08-16,16.49,16.76,17.05,16.41,15696.24
2018-08-17,16.76,16.69,16.86,16.24,8149.0
2018-08-20,16.64,16.73,17.1,16.25,4631.0
2018-08-21,16.73,16.61,16.94,16.51,6041.0
2018-08-22,16.6,16.54,16.88,16.36,3491.72
2018-08-23,16.54,16.45,16.61,16.31,3482.02
2018-08-24,16.33,16.33,16.49,16.25,3572.0
2018-08-27,16.37,16.34,16.52,16.26,6190.51
2018-08-28,16.33,16.33,16.36,16.24,5986.46
2018-08-29,16.33,16.2,16.33,16.13,2214.0
2018-08-30,16.07,16.08,16.32,16.07,2953.04
2018-08-31,15.88,15.68,16.14,15.67,3655.0
2018-09-03,15.68,15.69,15.86,15.62,4149.83
2018-09-04,15.78,15.65,15.78,15.6,3827.93
2018-09-05,15.65,15.4,15.73,15.26,5363.58
2018-09-06,14.99,15.17,15.31,14.97,6032.36
2018-09-07,15.17,15.25,15.32,15.11,2997.0
2018-09-10,15.25,14.63,15.25,14.63,2034.0
2018-09-11,14.7,14.43,14.96,14.25,3941.25
2018-09-12,14.41,14.45,14.45,14.19,5695.24
2018-09-13,14.4,14.34,14.49,14.29,4772.0
2018-09-14,14.36,14.29,14.4,14.07,4123.69
2018-09-17,14.28,14.09,14.33,13.94,5842.0
2018-09-18,14.1,14.11,14.24,13.54,7477.83
2018-09-19,13.98,14.08,14.22,13.83,7183.0
2018-09-20,14.08,14.31,14.32,14.02,6988.0
2018-09-21,14.31,14.53,14.67,14.25,10319.0
2018-09-25,14.51,14.43,14.58,14.27,3810.0
2018-09-26,14.34,14.41,14.61,14.3,6689.0
2018-09-27,14.41,14.29,14.59,14.12,6548.01
2018-09-28,14.25,14.34,14.54,14.19,2243.0
2018-10-29,15.78,13.97,15.78,13.85,19870.6
2018-10-30,13.97,14.07,14.4,13.26,10657.0
2018-10-31,13.98,14.02,14.14,13.88,6381.06
2018-11-01,14.1,13.98,14.1,13.92,5597.02
2018-11-02,13.98,14.22,14.38,13.88,12594.87
2018-11-05,14.43,14.71,15.04,14.24,17325.42
2018-11-06,14.44,14.67,14.86,14.08,8917.2
2018-11-07,14.49,14.54,14.86,14.49,11447.2
2018-11-08,14.58,14.7,14.86,14.58,8575.64
2018-11-09,14.45,14.59,14.77,14.43,4682.82
2018-11-12,14.72,14.96,15.04,14.57,9668.1
2018-11-13,14.97,15.44,15.95,14.88,13929.04
2018-11-14,15.51,15.49,15.81,15.33,11714.64
2018-11-15,15.72,15.41,15.72,15.15,10304.03
2018-11-16,15.48,15.65,15.78,15.27,10294.69
2018-11-19,15.78,15.63,16.37,15.6,9003.0
2018-11-20,15.63,15.26,15.77,15.15,4911.0
2018-11-21,15.25,15.34,15.48,15.02,3220.34
2018-11-22,15.54,15.55,15.6,15.37,2696.0
2018-11-23,15.77,14.87,15.77,14.87,6750.1
2018-11-26,15.15,14.86,15.2,14.75,2637.34
2018-11-27,14.85,15.48,15.78,14.85,6256.0
2018-11-28,15.48,15.23,15.5,15.04,5389.86
2018-11-29,15.27,14.77,15.37,14.72,3977.0
2018-11-30,14.59,14.63,14.97,14.4,3124.47
2018-12-03,14.78,15.08,15.22,14.78,4132.9
2018-12-04,15.08,15.23,15.33,14.9,4079.67
2018-12-05,15.06,15.12,15.33,14.93,3206.0
2018-12-06,15.12,15.13,15.42,15.01,6194.21
2018-12-07,15.04,14.73,15.23,14.7,5099.15
2018-12-10,14.55,14.44,14.62,14.25,4306.3
2018-12-11,14.49,15.15,15.21,14.49,6767.45
2018-12-12,15.15,14.95,15.16,14.9,2800.15
2018-12-13,14.96,15.38,15.51,14.8,7051.8
2018-12-14,15.28,16.47,16.69,14.85,13401.15
2018-12-17,15.87,15.84,16.33,15.56,16320.41
2018-12-18,15.69,15.25,15.69,15.18,6843.06
2018-12-19,15.26,14.82,15.26,14.72,5964.0
2018-12-20,14.87,14.83,15.01,14.7,2478.0
2018-12-21,14.81,14.68,14.91,14.58,2317.0
2018-12-24,14.69,14.84,14.88,14.5,2307.0
2018-12-25,14.81,14.58,14.81,14.36,2295.0
2018-12-26,14.59,14.71,14.84,14.58,1634.0
2018-12-27,14.98,14.46,14.98,14.46,1975.0
2018-12-28,14.19,14.46,14.67,14.19,1671.0
2019-01-02,14.48,14.49,14.65,14.44,1424.0
2019-01-03,14.49,14.66,14.72,14.43,2147.0
2019-01-04,14.7,14.97,15.15,14.44,2815.0
2019-01-07,14.98,15.53,15.69,14.85,5213.76
2019-01-08,15.42,15.16,15.51,15.15,6090.46
2019-01-09,15.17,15.14,15.33,15.08,3384.0
2019-01-10,15.2,15.05,15.45,15.03,1932.0
2019-01-11,15.05,15.05,15.19,14.87,1932.18
2019-01-14,15.26,14.92,15.26,14.87,2081.0
2019-01-15,14.85,15.07,15.08,14.79,2461.0
2019-01-16,15.06,15.07,15.18,14.93,1990.0
2019-01-17,15.14,14.83,15.14,14.79,1690.0
2019-01-18,14.83,14.95,15.03,14.83,1588.0
2019-01-21,14.81,14.95,15.04,14.81,1753.01
2019-01-22,14.88,14.69,14.98,14.68,1632.0
2019-01-23,14.76,14.69,14.76,14.61,1332.0
2019-01-24,14.81,14.7,14.81,14.63,1150.0
2019-01-25,14.7,14.69,14.82,14.68,2807.2
2019-01-28,14.61,14.46,14.87,14.44,2821.6
2019-01-29,14.39,13.84,14.39,13.53,3938.01
2019-01-30,13.82,13.72,13.82,13.56,2381.4
2019-01-31,13.58,13.53,13.98,12.67,2691.0
2019-02-01,13.5,13.61,13.77,13.26,2192.0
2019-02-11,13.66,13.96,14.05,13.39,1836.59
2019-02-12,14.08,14.31,14.5,13.66,3268.47
2019-02-13,14.25,14.38,14.49,14.05,3273.46
2019-02-14,14.38,14.43,14.58,14.28,1775.46
2019-02-15,14.44,14.58,14.62,14.32,2713.74
2019-02-18,14.58,14.91,15.01,14.58,4312.67
2019-02-19,14.91,15.03,15.11,14.72,5106.59
2019-02-20,15.03,15.03,15.18,14.91,3923.02
2019-02-21,15.03,15.11,15.56,15.03,6919.64
2019-02-22,14.83,15.14,15.3,14.83,4254.02
2019-02-25,15.49,15.74,16.2,15.47,10755.9
2019-02-26,15.77,15.72,16.13,15.54,9484.01
2019-02-27,15.7,16.96,17.03,15.51,18237.52
2019-02-28,17.81,17.54,18.65,17.44,33910.09
2019-03-01,16.6,16.79,17.53,16.39,18379.12
2019-03-04,16.75,17.17,17.31,16.42,19499.53
2019-03-05,16.96,17.25,17.57,16.69,12860.11
2019-03-06,17.22,17.16,17.25,16.82,10775.59
2019-03-07,17.14,17.49,17.53,17.03,12800.0
2019-03-08,17.28,16.22,17.28,16.22,11578.31
2019-03-11,16.23,16.9,16.96,16.23,8162.3
2019-03-12,17.14,17.23,17.36,16.91,9241.74
2019-03-13,17.2,17.68,18.3,16.96,16901.48
2019-03-14,17.46,17.05,18.1,16.91,7722.03
2019-03-15,16.98,18.0,18.08,16.98,9663.79
2019-03-18,18.18,17.83,18.47,17.54,9331.52
2019-03-19,17.83,17.71,17.99,17.5,6513.0
2019-03-20,18.03,17.68,18.03,17.04,7238.01
2019-03-21,17.93,17.72,17.93,17.62,7809.99
2019-03-22,17.68,17.77,17.85,17.4,6250.5
2019-03-25,18.51,19.55,19.55,18.5,46226.07
2019-04-10,21.5,21.5,21.5,21.5,3443.44
2019-04-11,23.65,22.47,23.65,20.66,62579.41
2019-04-12,21.9,20.28,21.92,20.22,34587.9
2019-04-15,19.68,19.4,20.37,19.28,21928.77
2019-04-16,19.03,19.01,19.21,18.2,20606.22
2019-04-17,19.0,19.12,19.57,18.76,17383.73
2019-04-18,19.08,19.21,19.48,19.0,10742.52
2019-04-19,19.15,19.95,20.56,19.04,18413.46
2019-04-22,19.78,19.05,20.55,18.99,15170.0
2019-04-23,18.94,18.68,19.18,18.4,8842.17
2019-04-24,18.68,19.27,19.39,18.5,8658.0
2019-04-25,19.12,19.55,20.42,19.12,19569.02
2019-04-26,19.51,20.01,20.38,18.99,15799.21
2019-04-29,20.01,20.73,21.21,19.38,23699.93
2019-04-30,21.14,22.8,22.8,20.53,30588.16
2019-05-06,21.85,20.52,22.46,20.52,23254.0
2019-05-07,20.43,22.12,22.17,20.39,22559.51
2019-05-08,21.39,21.16,21.52,20.75,12632.95
2019-05-09,20.8,20.63,21.13,19.84,11347.69
2019-05-10,20.74,20.79,21.36,19.96,15507.88
2019-05-13,20.47,19.31,20.68,18.77,22615.68
2019-05-14,19.12,19.1,19.57,18.54,31857.0
2019-05-15,19.09,19.3,19.56,19.03,9714.03
2019-05-16,19.74,19.32,19.74,19.26,8309.0
2019-05-17,19.48,18.45,19.81,18.05,13775.26
2019-05-20,18.31,18.52,18.84,17.72,9022.86
2019-05-21,18.4,19.66,19.76,18.4,13647.0
2019-05-22,19.66,19.37,19.99,19.32,7553.61
2019-05-23,19.12,18.63,19.35,18.48,6217.0
2019-05-24,18.64,19.17,19.19,18.27,6406.56
2019-05-27,19.15,20.84,21.02,18.94,14699.0
2019-05-28,20.75,21.14,22.77,20.02,27019.52
2019-05-29,20.44,20.38,20.83,20.09,13192.75
2019-05-30,20.38,19.94,20.56,19.84,8144.54
2019-05-31,19.64,19.39,20.1,19.24,8421.82
2019-06-03,19.31,19.97,19.99,18.94,16165.05
2019-06-04,19.97,19.2,19.98,19.06,9984.98
2019-06-05,19.35,19.12,19.43,19.06,3661.0
2019-06-06,19.12,18.68,19.21,18.59,13008.26
2019-06-10,18.08,19.12,19.3,18.08,5294.08
2019-06-11,19.3,19.4,19.59,18.96,4790.68
2019-06-12,19.4,19.69,19.83,19.28,7508.93
2019-06-13,19.75,20.13,20.44,19.39,10167.45
2019-06-14,20.08,20.7,21.61,19.84,12919.74
2019-06-17,20.44,19.6,20.44,19.39,8823.0
2019-06-18,19.64,19.18,19.76,19.16,6685.73
2019-06-19,19.4,19.36,19.52,19.21,5990.0
2019-06-20,19.41,19.49,19.57,19.23,5305.63
2019-06-21,19.66,19.93,20.18,19.66,7232.74
2019-06-24,21.47,20.62,21.93,20.31,38512.18
2019-06-25,20.11,20.29,21.02,19.84,17492.91
2019-06-26,20.18,19.97,21.0,19.63,8251.0
2019-06-27,20.51,19.93,20.51,19.86,8713.42
2019-06-28,19.74,19.14,20.01,19.03,25579.0
2019-07-01,19.14,19.89,19.98,19.13,13739.1
2019-07-02,19.87,19.77,19.99,19.64,7811.99
2019-07-03,19.83,19.14,19.83,18.97,9588.88
2019-07-04,19.14,18.49,19.36,18.36,16636.5
2019-07-05,18.67,18.77,18.92,18.45,10316.5
2019-07-08,18.93,18.31,18.94,18.09,7062.51
2019-07-09,18.39,18.17,18.39,18.01,5846.01
2019-07-10,18.04,17.87,18.29,17.59,6367.1
2019-07-11,17.84,19.1,19.33,17.5,18620.01
2019-07-12,18.91,18.64,19.03,18.54,6220.11
2019-07-15,18.5,18.32,18.57,18.12,5297.11
2019-07-16,18.58,18.36,18.82,18.35,4303.0
2019-07-17,18.53,18.36,18.53,18.22,3742.0
2019-07-18,18.26,18.25,18.31,17.74,2410.39
2019-07-19,18.26,18.36,18.78,18.17,2515.0
2019-07-22,18.36,17.68,18.36,17.68,4882.0
2019-07-23,17.71,17.41,17.89,16.96,6918.0
2019-07-24,17.76,17.6,17.95,17.32,5276.0
2019-07-25,17.55,17.2,17.8,17.13,9355.0
2019-07-26,17.14,17.05,17.44,16.86,9186.36
2019-07-29,17.07,16.6,17.07,16.55,7167.0
2019-07-30,16.69,17.07,17.89,16.69,11248.0
2019-07-31,17.04,16.69,17.04,16.55,7519.01
2019-08-01,16.66,16.64,16.84,16.52,5545.04
2019-08-02,16.28,16.91,17.46,16.28,9527.01
2019-08-05,16.91,17.18,17.5,16.61,6137.0
2019-08-06,17.04,16.45,17.04,16.05,7654.0
2019-08-07,16.46,16.38,16.7,16.38,3164.0
2019-08-08,16.59,16.35,16.59,16.26,3559.36
2019-08-09,16.55,16.36,16.61,16.35,3199.1
2019-08-12,16.37,16.48,16.58,16.34,3123.05
2019-08-13,16.26,16.33,16.41,16.26,1863.0
2019-08-14,16.41,16.64,16.64,16.41,5190.11
2019-08-15,16.35,17.22,17.26,16.35,7422.06
2019-08-16,17.05,17.27,17.52,17.03,7504.46
2019-08-19,18.04,17.9,18.04,17.48,10981.1
2019-08-20,18.03,17.99,18.1,17.77,9465.01
2019-08-21,18.04,18.17,19.54,17.97,13121.0
2019-08-22,17.88,18.39,18.75,17.88,14454.0
2019-08-23,18.03,17.99,18.44,17.94,9003.0
2019-08-26,17.58,18.16,18.27,17.41,8491.76
2019-08-27,18.16,18.34,18.49,18.09,8181.01
2019-08-28,18.28,18.35,18.79,18.13,7193.36
2019-08-29,18.26,18.35,18.73,18.26,10160.0
2019-08-30,18.43,17.9,18.61,17.83,7844.0
2019-09-02,17.9,18.08,18.39,17.42,9408.6
2019-09-03,18.4,18.02,18.4,17.83,8193.36
2019-09-04,17.99,18.02,18.02,17.79,6194.0
2019-09-05,18.49,18.05,18.49,17.98,7047.1
2019-09-06,17.99,17.6,18.03,17.54,8107.19
2019-09-09,17.88,18.24,18.29,17.62,10861.49
2019-09-10,18.24,18.19,18.4,18.0,6321.0
2019-09-11,18.39,18.08,18.45,18.08,6284.0
2019-09-12,18.05,18.05,18.15,17.96,4982.0
2019-09-16,18.05,18.17,18.32,17.95,6927.01
2019-09-17,18.13,18.49,18.49,17.6,16659.31
2019-09-18,18.54,18.04,18.54,17.96,9069.01
2019-09-19,18.26,19.84,19.84,18.24,56631.99
2019-09-20,19.84,18.97,20.6,18.91,66722.63
2019-09-23,18.36,18.08,18.63,17.69,29893.32
2019-09-24,17.99,17.94,18.08,17.8,13777.5
2019-09-25,17.88,17.19,17.88,17.16,13123.0
2019-09-26,17.12,16.78,17.26,16.71,9514.0
2019-09-27,16.85,17.03,17.11,16.78,6678.5
2019-09-30,16.98,16.96,17.09,16.79,3919.0
2019-10-08,16.87,16.98,17.13,16.87,5166.0
2019-10-09,16.98,16.89,16.98,16.76,3770.26
2019-10-10,16.89,17.08,17.11,16.71,4299.0
2019-10-11,17.09,17.02,17.14,16.85,6223.26
2019-10-14,16.97,17.18,17.3,16.97,6408.64
2019-10-15,17.21,16.99,17.21,16.91,4640.73
2019-10-16,17.04,17.53,17.53,16.83,10619.17
2019-10-17,17.45,17.14,17.62,17.14,11129.91
2019-10-18,17.01,16.95,17.12,16.81,6500.91
2019-10-21,17.0,17.0,17.14,16.81,4533.79
2019-10-22,16.96,17.0,17.05,16.73,5219.26
2019-10-23,17.0,17.02,17.04,16.74,6494.26
2019-10-24,16.96,16.78,16.96,16.78,2537.1
2019-10-25,16.78,16.63,16.78,16.33,6076.61
2019-10-28,16.61,16.83,16.83,16.37,6184.11
2019-10-29,16.83,16.51,16.88,16.51,5393.0
2019-10-30,16.55,15.85,16.55,15.36,5931.0
2019-10-31,16.07,16.41,16.87,16.07,9264.01
2019-11-01,16.58,17.44,18.02,16.38,13033.82
2019-11-04,17.59,17.42,17.87,17.31,9311.69
2019-11-05,17.34,17.12,17.45,16.95,8094.48
2019-11-07,18.83,18.83,18.83,18.83,16942.82
2019-11-08,19.84,17.97,20.36,17.86,36475.01
2019-11-11,17.58,16.98,17.65,16.33,17696.83
2019-11-12,16.68,16.64,16.79,16.4,8654.3
2019-11-13,16.73,17.02,17.86,16.73,10742.2
2019-11-14,16.95,16.97,17.31,16.62,8881.6
2019-11-15,16.97,16.63,17.24,16.63,8090.0
2019-11-18,16.67,16.55,16.79,16.47,4882.01
2019-11-19,16.55,17.18,17.39,16.51,8809.71
2019-11-20,17.57,17.0,17.57,16.93,9728.0
2019-11-21,17.07,17.18,17.3,16.88,6406.0
2019-11-22,17.15,16.96,17.18,16.84,5955.72
2019-11-25,16.94,16.84,17.05,16.64,5025.3
2019-11-26,16.83,16.83,16.88,16.69,2788.0
2019-11-27,16.7,16.59,16.84,16.52,4628.0
2019-11-28,16.75,17.6,18.25,16.69,25028.99
2019-11-29,17.25,17.96,18.26,17.16,15445.52
2019-12-02,18.38,17.95,18.38,17.75,11646.02
2019-12-03,17.8,18.22,18.35,17.8,11132.72
2019-12-04,18.17,18.55,18.65,18.02,7416.67
2019-12-05,18.55,18.86,19.19,18.51,9405.8
2019-12-06,18.86,19.22,19.26,18.72,14814.31
2019-12-09,19.3,18.63,19.37,18.4,13599.3
2019-12-10,18.64,18.46,18.76,18.26,9019.43
2019-12-11,18.45,18.03,18.45,17.8,8994.12
2019-12-12,18.21,17.92,18.21,17.84,6574.0
2019-12-13,17.92,17.94,18.02,17.8,8506.87
2019-12-16,17.96,18.21,18.21,17.7,11538.18
2019-12-17,18.22,18.37,18.55,18.08,11166.0
2019-12-18,18.38,19.19,19.21,18.28,16390.52
2019-12-19,19.15,19.72,19.76,18.85,19319.7
2019-12-20,19.84,19.5,21.2,19.5,24491.72
2019-12-23,19.45,19.82,20.2,18.14,17119.36
2019-12-24,20.01,19.47,20.01,19.24,11674.19
2019-12-25,19.56,19.58,19.73,19.19,6989.67
2019-12-26,19.84,21.13,21.44,19.61,26717.61
2019-12-27,21.4,20.34,22.1,20.11,32591.4
2019-12-30,19.87,20.38,21.24,19.86,19098.83
2019-12-31,20.47,20.38,20.66,20.07,11941.6
2020-01-02,20.43,20.14,20.66,20.0,17853.2
2020-01-03,20.12,20.16,20.28,19.87,13380.09
2020-01-06,20.02,19.62,20.02,19.44,20316.99
2020-01-07,19.66,19.93,20.02,19.55,17433.2
2020-01-08,19.76,19.64,20.54,19.64,15503.78
2020-01-09,19.94,20.13,20.29,19.66,12415.32
2020-01-10,20.29,20.14,20.56,19.98,17227.0
2020-01-13,20.29,20.77,21.38,20.14,35126.48
2020-01-14,20.71,20.75,21.07,20.52,19488.16
2020-01-15,20.76,20.34,20.76,20.16,14543.01
2020-01-16,20.57,20.26,20.57,19.96,13060.55
2020-01-17,20.11,20.06,20.38,20.01,10451.42
2020-01-20,20.46,21.04,21.29,20.38,28042.52
2020-01-21,21.17,21.24,21.63,20.73,27734.09
2020-01-22,21.21,21.38,21.81,20.77,25890.01
2020-01-23,20.75,20.58,21.47,20.25,26265.72
2020-02-03,18.53,18.53,18.53,18.53,4300.0
2020-02-04,16.7,17.8,18.13,16.7,32157.1
2020-02-05,17.78,19.05,19.27,17.78,28554.5
2020-02-06,19.09,19.63,20.01,18.86,23748.0
2020-02-07,19.46,19.46,19.87,18.94,25770.51
2020-02-10,19.64,19.75,20.01,19.28,22118.18
2020-02-11,19.68,19.28,19.77,19.13,17746.45
2020-02-12,19.28,19.51,19.63,19.03,13620.0
2020-02-13,19.48,19.21,19.5,19.17,13368.01
2020-02-14,19.38,19.25,19.64,19.09,14508.0
2020-02-17,19.89,21.17,21.17,19.76,29755.2
2020-02-18,22.44,23.29,23.29,21.38,65499.14
2020-02-19,24.21,25.62,25.62,24.21,28798.11
2020-02-20,26.49,28.18,28.18,23.05,150919.04
2020-02-21,30.67,30.99,30.99,29.76,63137.42
2020-02-24,34.09,34.09,34.09,34.09,14243.09
2020-02-25,36.08,37.5,37.5,33.1,279365.39
2020-02-26,34.46,33.75,35.67,33.75,141673.94
2020-02-27,32.3,33.37,36.04,30.6,192268.71
2020-02-28,33.82,36.71,36.71,33.82,200511.94
2020-03-02,38.78,40.38,40.38,38.45,70805.14
2020-03-03,43.29,38.15,44.2,36.57,219075.14
2020-03-04,36.2,39.62,40.82,36.2,136292.37
2020-03-05,38.78,37.7,40.48,36.58,131356.59
2020-03-06,35.63,37.79,38.97,35.63,113704.95
2020-03-09,37.17,35.98,39.69,34.82,98343.49
2020-03-10,36.08,36.82,37.61,33.82,94783.78
2020-03-11,36.82,35.8,38.6,35.8,74159.08
2020-03-12,34.46,34.64,35.7,33.6,62910.72
2020-03-13,32.47,34.27,35.13,32.47,49480.58
2020-03-16,34.26,32.02,34.27,31.26,70455.88
2020-03-17,32.65,32.07,33.38,31.2,43271.58
2020-03-18,32.36,31.11,33.99,31.11,57804.41
2020-03-19,31.13,31.88,32.21,30.57,42144.6
2020-03-20,32.43,31.12,33.37,30.42,50760.49
2020-03-23,30.22,29.13,31.52,28.86,46317.56
2020-03-24,30.23,29.86,30.67,29.2,47859.95
2020-03-25,30.75,30.25,30.93,30.06,31254.55
2020-03-26,29.93,29.7,30.44,29.3,29181.5
2020-03-27,30.11,28.77,30.26,28.68,41243.01
2020-03-30,28.06,27.81,28.7,25.9,46868.86
2020-03-31,28.42,27.52,28.55,27.46,27070.0
2020-04-01,27.65,27.24,28.0,27.24,28148.82
2020-04-02,27.39,28.29,28.31,26.97,39147.0
2020-04-03,28.38,27.53,28.55,27.1,34317.0
2020-04-07,28.03,28.27,28.5,27.85,33848.68
2020-04-08,28.34,27.87,29.04,27.85,41664.82
2020-04-09,28.1,30.66,30.66,27.97,55595.69
2020-04-10,31.55,28.08,31.55,27.77,79792.58
2020-04-13,27.6,26.08,27.63,25.81,49726.0
2020-04-14,26.39,26.84,26.97,25.9,32744.01
2020-04-15,26.52,26.74,27.27,26.48,25369.86
2020-04-16,26.53,26.46,26.7,26.08,27123.0
2020-04-17,26.74,26.23,27.08,26.14,32853.12
2020-04-20,26.37,26.4,26.6,26.13,20508.94
2020-04-21,26.43,26.32,26.77,25.98,19462.01
2020-04-22,26.42,26.61,26.61,25.84,24058.45
2020-04-23,26.61,25.97,26.91,25.84,26618.66
2020-04-24,25.97,25.3,26.07,24.86,28786.3
2020-04-27,25.35,26.06,26.57,25.35,31541.39
2020-04-28,26.09,24.94,26.09,23.81,27674.0
2020-04-29,24.64,24.09,24.96,23.9,20454.55
2020-04-30,24.48,24.97,25.3,24.17,21052.0
2020-05-06,24.98,26.17,26.34,24.8,24258.99
2020-05-07,26.4,26.31,26.5,25.99,23770.99
2020-05-08,26.23,26.24,27.04,26.16,23522.0
2020-05-11,26.52,25.84,26.65,25.71,24824.5
2020-05-12,25.87,27.51,28.43,25.63,62326.0
2020-05-13,27.33,30.26,30.26,27.15,69936.79
2020-05-14,30.56,29.85,31.12,29.04,73682.59
2020-05-15,29.76,28.3,29.76,27.67,71770.94
2020-05-18,28.0,26.96,28.0,26.65,44962.6
2020-05-19,26.72,27.19,27.32,26.72,29209.35
2020-05-20,27.05,26.33,27.05,25.82,35118.57
2020-05-21,26.3,25.71,26.46,25.69,22143.83
2020-05-22,25.6,25.35,25.95,25.13,16828.43
2020-05-25,25.34,24.98,25.57,24.81,14828.43
2020-05-26,25.01,25.69,25.82,25.01,14436.03
2020-05-27,25.78,27.15,27.79,25.78,39873.0
2020-05-28,26.5,25.97,27.06,25.57,28278.43
2020-05-29,25.51,26.05,26.36,25.51,16543.5
2020-06-01,26.17,26.5,26.83,25.79,26699.33
2020-06-02,26.52,26.33,26.56,26.23,19247.0
2020-06-03,26.42,26.25,27.02,26.09,22810.46
2020-06-04,26.16,26.97,27.0,26.09,25201.33
2020-06-05,26.86,26.37,26.89,26.16,18436.0
2020-06-08,26.37,26.11,26.64,26.11,12829.0
2020-06-09,26.08,25.78,26.11,25.62,14936.0
2020-06-10,25.62,25.49,25.76,25.35,12280.0
2020-06-11,25.5,25.79,26.02,25.23,17724.0
2020-06-12,25.35,25.67,25.92,24.95,14950.3
2020-06-15,25.61,25.8,26.61,25.27,20728.4
2020-06-16,25.85,25.95,26.39,25.8,21404.0
2020-06-17,26.07,27.96,28.46,26.07,68950.0
2020-06-18,27.86,27.26,28.21,27.17,46083.93
2020-06-19,27.28,26.34,27.28,26.26,35396.42
2020-06-22,26.12,26.05,26.13,25.84,25099.05
2020-06-23,25.95,25.53,26.04,25.35,24239.67
2020-06-24,25.41,25.57,25.8,25.26,14569.93
2020-06-29,25.6,26.66,27.3,25.6,58705.12
2020-06-30,26.61,26.91,27.33,26.61,43993.81
2020-07-01,26.88,27.24,27.8,26.7,56386.06
2020-07-02,27.31,26.56,27.31,25.89,53098.07
2020-07-03,26.56,25.67,26.6,25.6,56274.13
2020-07-06,25.67,27.48,28.21,25.62,75836.87
2020-07-07,27.96,28.19,28.58,27.15,89363.06
2020-07-08,28.03,28.32,28.46,27.62,60694.8
2020-07-09,29.26,29.61,30.2,28.58,105965.41
2020-07-10,29.24,30.27,31.25,28.9,96772.1
2020-07-13,30.3,30.76,30.79,29.48,69621.95
2020-07-14,30.96,29.26,30.96,28.79,68060.05
2020-07-15,29.35,27.61,29.4,27.57,57252.6
2020-07-16,27.52,26.08,27.73,25.71,46674.0
2020-07-17,26.08,26.47,26.69,25.72,30312.86
2020-07-20,26.55,27.1,27.32,26.25,27950.01
2020-07-21,27.1,26.74,27.32,26.51,24037.0
2020-07-22,26.74,27.4,27.85,26.74,33475.21
2020-07-23,27.34,26.86,27.34,26.36,26597.28
2020-07-24,26.64,25.81,27.07,25.75,28079.69
2020-07-27,25.82,26.23,26.23,25.62,14503.6
2020-07-28,26.34,25.91,26.57,25.86,19874.0
2020-07-29,25.71,26.26,26.27,25.44,28629.0
2020-07-30,26.03,25.78,26.25,25.72,25025.05
2020-07-31,25.72,25.87,26.05,25.62,24007.86
2020-08-03,25.95,26.4,26.49,25.93,37678.05
2020-08-04,26.54,26.47,27.03,26.3,34533.1
2020-08-05,26.84,26.33,26.84,25.93,27535.32
2020-08-06,26.23,26.12,26.3,25.8,23007.6
2020-08-07,25.81,25.63,26.19,25.39,21405.0
2020-08-10,25.62,25.81,25.9,25.33,14518.77
2020-08-11,25.81,25.35,25.93,25.33,18347.7
2020-08-12,25.26,24.61,25.28,23.81,25501.11
2020-08-13,24.7,24.64,24.87,24.52,13323.91
2020-08-14,24.65,24.52,24.8,24.35,14296.0
2020-08-17,24.71,24.97,24.98,24.41,21291.6
2020-08-18,24.98,25.33,25.47,24.89,20558.0
2020-08-19,25.35,24.7,25.35,24.61,19491.72
2020-08-20,24.66,24.15,24.66,24.1,15861.01
2020-08-21,24.23,24.08,24.44,24.04,10791.0
2020-08-24,24.12,24.34,24.43,23.81,14113.01
2020-08-25,24.4,23.78,24.4,23.64,21091.01
2020-08-26,23.78,21.47,23.78,21.39,60497.65
2020-08-27,21.45,21.15,21.6,20.35,60802.32
2020-08-28,21.04,20.97,21.04,20.48,33330.91
2020-08-31,21.19,23.07,23.07,21.15,39668.23
2020-09-01,23.82,22.54,23.85,22.22,70698.6
2020-09-02,22.54,22.26,22.55,21.83,33098.51
2020-09-03,22.13,21.88,22.13,21.79,20879.87
2020-09-04,21.83,21.98,22.04,21.07,25827.0
2020-09-07,21.98,21.83,22.99,21.75,24388.0
2020-09-08,21.78,21.61,22.36,20.75,16819.38
2020-09-09,21.16,21.03,21.36,20.78,18350.09
2020-09-10,21.11,20.32,21.22,20.1,19295.37
2020-09-11,20.34,20.74,20.82,20.05,13698.88
2020-09-14,20.74,20.91,21.06,20.66,11770.78
2020-09-15,20.91,20.72,21.0,20.52,12337.0
2020-09-16,20.57,20.29,20.74,20.09,14734.01
2020-09-17,20.29,22.31,22.31,20.17,50762.72
2020-09-18,22.68,22.33,23.0,21.83,69390.33
2020-09-21,22.28,21.84,22.43,21.82,28030.01
2020-09-22,21.63,21.3,21.73,21.21,20701.01
2020-09-23,21.42,21.37,21.48,21.07,17510.01
2020-09-24,21.04,20.66,21.26,20.54,17106.52
2020-09-25,20.74,20.8,21.1,20.57,12704.01
2020-09-28,20.84,20.69,21.28,20.52,14617.43
2020-09-29,20.57,20.75,20.85,20.38,12458.0
2020-09-30,20.73,20.83,21.14,20.56,12537.0
2020-10-09,21.01,21.39,21.39,20.93,17852.06
2020-10-12,21.56,21.78,21.81,21.39,25859.69
2020-10-13,21.8,21.58,21.88,21.48,17656.3
2020-10-14,21.59,21.2,21.64,21.16,14277.0
2020-10-15,22.43,23.21,23.32,21.95,106838.29
2020-10-16,22.44,21.92,22.45,21.92,59545.56
2020-10-19,21.94,23.32,23.89,21.69,82744.18
2020-10-20,23.46,23.12,23.86,22.98,57072.57
2020-10-21,23.32,23.79,23.86,22.84,71021.78
2020-10-22,23.45,23.52,23.71,23.19,32993.79
2020-10-23,23.45,22.73,23.52,22.62,29794.14
2020-10-26,22.62,22.98,23.41,21.96,24164.0
2020-10-27,22.87,23.53,23.6,22.78,29606.12
2020-10-28,23.42,23.81,23.89,23.17,36737.75
2020-10-29,23.89,24.51,25.14,23.82,67980.99
2020-10-30,24.46,23.99,24.98,23.91,55601.73
2020-11-02,23.82,23.18,24.39,23.09,43746.01
2020-11-03,23.45,23.45,23.82,23.03,29887.8
2020-11-04,23.45,23.01,23.53,22.8,30286.0
2020-11-05,23.15,24.18,24.46,22.91,42955.15
2020-11-06,24.18,24.21,24.4,23.55,36333.0
2020-11-09,25.06,25.13,25.46,24.21,69170.46
2020-11-10,25.15,25.99,26.48,25.03,90435.27
2020-11-11,25.91,25.99,26.52,25.16,58556.01
2020-11-12,25.99,27.59,28.29,25.99,104148.2
2020-11-13,27.35,27.62,27.91,26.72,71322.73
2020-11-16,28.1,27.61,28.38,27.16,72456.19
2020-11-17,27.06,25.44,27.33,25.43,69811.01
2020-11-18,25.58,26.74,27.19,25.51,63420.14
2020-11-19,27.06,29.42,29.42,26.52,127006.81
2020-11-20,29.24,28.38,30.06,27.56,150312.55
2020-11-23,29.18,28.15,29.18,27.05,98899.42
2020-11-24,27.75,27.21,28.13,26.72,75691.79
2020-11-25,26.16,26.85,27.15,26.16,49851.14
2020-11-26,26.79,25.89,26.79,25.71,53636.0
2020-11-27,25.89,25.57,26.08,25.42,46559.0
2020-11-30,25.44,24.91,25.57,24.89,40331.0
2020-12-01,25.35,24.98,25.62,24.62,42730.4
2020-12-02,24.71,23.79,24.98,23.62,60803.83
2020-12-03,23.72,23.82,23.99,23.34,33754.99
2020-12-04,23.72,23.69,23.88,23.46,21684.0
2020-12-07,23.54,22.82,23.54,22.8,36842.02
2020-12-08,22.86,22.84,23.32,22.77,25615.0
2020-12-09,22.86,22.01,22.86,21.78,43175.0
2020-12-10,21.8,22.36,22.44,21.58,30013.0
2020-12-11,22.59,23.38,23.55,22.53,72765.5
2020-12-14,23.29,21.04,23.29,21.04,67125.02
2020-12-15,20.57,21.3,21.61,20.52,36429.11
2020-12-16,21.12,20.89,21.33,20.74,23049.13
2020-12-17,20.9,20.91,21.12,20.45,25489.0
2020-12-18,20.9,20.45,20.9,20.28,28426.61
2020-12-21,20.45,20.49,20.88,20.29,20177.0
2020-12-22,20.75,20.39,20.88,20.34,26989.0
2020-12-23,20.39,20.4,20.83,20.17,24588.02
2020-12-24,20.27,19.59,20.28,18.5,46014.29
2020-12-25,19.11,19.58,19.83,19.09,21984.0
2020-12-28,18.95,18.45,19.38,18.4,36042.0
2020-12-29,18.57,18.63,19.19,18.4,29657.57
2020-12-30,18.92,18.46,18.92,18.32,19584.0
2020-12-31,18.66,18.67,19.02,18.32,22304.73
2021-01-04,18.66,18.96,19.11,18.51,27398.01
2021-01-05,18.96,18.83,19.01,18.58,23049.05
2021-01-06,18.7,18.06,18.81,18.06,31833.1
2021-01-07,18.04,17.18,18.08,17.03,41198.8
2021-01-08,17.18,17.34,17.58,16.28,38415.05
2021-01-11,17.19,16.42,17.28,16.42,25483.15
2021-01-12,16.44,16.83,17.42,16.33,29567.84
2021-01-13,16.79,16.19,16.83,16.07,28224.92
2021-01-14,16.2,16.1,16.45,15.84,20016.33
2021-01-15,16.11,16.8,16.94,15.97,35121.43
2021-01-18,16.78,17.89,17.92,16.67,46633.0
2021-01-19,17.85,18.79,19.03,17.71,61704.87
2021-01-20,18.72,18.39,19.02,17.98,37262.0
2021-01-21,18.21,18.26,18.64,17.86,27012.51
2021-01-22,18.14,17.76,18.3,17.68,27483.08
2021-01-25,17.75,17.36,17.86,16.79,27209.01
2021-01-26,17.39,17.55,18.12,17.3,26687.87
2021-01-27,17.53,18.01,18.39,17.06,31178.04
2021-01-28,17.87,17.43,18.19,17.31,29011.01
2021-01-29,17.06,18.27,18.32,16.8,48551.02
2021-02-01,18.0,17.26,18.0,16.98,46887.0
2021-02-02,17.21,16.39,17.22,16.17,38469.36
2021-02-03,16.41,16.42,16.8,15.94,32937.0
2021-02-04,16.33,15.92,16.41,15.36,26444.73
2021-02-05,15.87,15.19,16.19,15.01,25083.0
2021-02-08,15.19,15.04,15.29,14.66,20971.0
2021-02-09,15.04,15.27,15.49,14.92,19950.01
2021-02-10,15.27,15.33,15.62,15.06,16204.0
2021-02-18,15.52,16.22,16.3,15.52,23204.0
2021-02-19,16.23,16.7,16.87,16.06,25143.0
2021-02-22,16.71,17.47,17.93,16.71,40279.0
2021-02-23,17.47,16.79,17.71,16.65,29411.1
2021-02-24,16.85,17.07,17.36,16.76,24692.0
2021-02-25,17.07,16.97,17.13,16.62,23950.0
2021-02-26,16.91,17.0,17.28,16.71,20284.0
2021-03-01,17.09,17.25,17.54,17.01,22289.0
2021-03-02,17.23,17.13,17.25,16.85,18720.0
2021-03-03,16.93,16.95,17.1,16.7,17151.0
2021-03-04,16.95,16.36,17.07,16.28,22377.86
2021-03-05,16.37,16.72,16.85,16.36,21334.0
2021-03-08,16.79,16.58,17.21,16.55,27727.0
2021-03-09,16.62,15.78,16.62,15.69,25748.01
2021-03-10,15.82,15.46,16.13,15.41,15733.01
2021-03-11,15.44,15.77,15.87,15.23,14813.01
2021-03-12,15.8,15.5,15.82,15.39,15652.0
2021-03-15,15.49,15.39,15.56,15.15,12922.52
2021-03-16,15.37,15.7,15.71,15.24,14224.0
2021-03-17,15.62,16.09,16.12,15.53,19183.0
2021-03-18,16.02,15.78,16.09,15.75,17887.06
2021-03-19,15.78,15.9,16.0,15.62,12702.0
2021-03-22,15.8,15.98,16.05,15.73,12523.01
2021-03-23,15.98,15.87,16.18,15.79,15685.0
2021-03-24,15.79,15.64,15.96,15.59,11675.0
2021-03-25,15.65,15.69,15.92,15.47,13861.0
2021-03-26,15.69,15.87,15.9,15.51,13831.01
2021-03-29,15.91,15.69,16.01,15.6,15597.01
2021-03-30,15.86,15.52,15.86,15.51,14758.03
2021-03-31,15.64,15.41,15.64,15.31,11226.0
2021-04-01,15.42,15.6,15.69,15.27,12877.01
2021-04-02,15.6,15.6,15.71,15.44,11207.0
2021-04-06,15.6,15.82,15.83,15.55,12503.87
2021-04-07,15.82,15.87,16.0,15.69,12524.0
2021-04-08,15.87,15.62,15.89,15.62,10170.01
2021-04-09,15.68,15.69,15.84,15.52,10182.01
2021-04-12,15.67,15.41,15.77,15.39,10923.07
2021-04-13,15.41,16.96,16.96,15.23,42041.83
2021-04-14,17.55,17.12,18.4,16.78,109546.14
2021-04-15,16.87,16.77,16.95,16.51,43960.76
2021-04-16,16.69,16.94,17.28,16.64,47346.93
2021-04-19,16.87,17.48,17.68,16.58,57575.01
2021-04-20,17.59,17.03,17.73,17.0,44448.41
2021-04-21,16.86,16.68,16.98,16.56,27653.24
2021-04-22,16.67,16.53,16.85,16.52,19331.15
2021-04-23,16.59,16.81,17.03,16.24,28890.11
2021-04-26,16.79,16.38,16.79,16.27,26374.38
2021-04-27,16.28,15.8,16.48,15.5,26337.81
2021-04-28,15.38,14.57,15.38,14.3,50713.8
2021-04-29,14.5,14.67,14.75,14.0,18739.07
2021-04-30,14.58,14.37,14.65,14.19,16284.0
2021-05-06,14.38,14.46,14.55,14.35,10749.0
2021-05-07,14.47,14.14,14.5,14.11,14757.0
2021-05-10,14.14,14.19,14.27,14.14,8559.68
2021-05-11,14.18,14.4,14.61,14.03,13394.02
2021-05-12,13.81,13.59,13.81,13.36,38181.81
2021-05-13,13.59,13.6,13.85,13.45,21080.67
2021-05-14,13.8,13.89,13.94,13.58,19846.8
2021-05-17,13.88,14.0,14.32,13.71,22212.5
2021-05-18,14.0,13.83,14.0,13.73,14247.0
2021-05-19,13.73,13.66,13.74,13.59,11621.0
2021-05-20,13.66,13.61,13.66,13.49,10385.0
2021-05-21,13.66,13.62,13.71,13.58,7599.5
2021-05-24,13.61,13.76,13.79,13.52,12311.0
2021-05-25,13.8,14.1,14.44,13.72,25703.79
2021-05-26,14.16,14.45,14.7,14.03,32624.75
2021-05-27,14.61,14.28,14.63,14.23,23440.55
2021-05-28,14.27,14.23,14.36,14.14,16364.0
2021-05-31,14.42,14.47,14.66,14.29,28339.68
2021-06-01,14.49,14.41,14.6,14.27,22947.09
2021-06-02,14.62,14.95,15.5,14.36,47125.57
2021-06-03,15.07,15.24,16.21,15.03,55431.27
2021-06-04,14.99,14.67,15.01,14.63,32818.0
2021-06-07,14.69,16.14,16.14,14.22,84239.39
2021-06-08,16.23,16.25,17.48,15.81,118827.53
2021-06-09,16.24,17.88,17.88,15.96,130130.7
2021-06-10,18.66,19.66,19.66,18.44,83702.35
2021-06-11,21.63,21.63,21.63,21.36,56161.45
2021-06-15,21.64,19.46,21.83,19.46,210932.16
2021-06-16,18.31,18.17,19.21,17.53,166622.4
2021-06-17,17.77,18.87,19.39,17.32,159266.37
2021-06-18,18.22,17.84,18.65,17.63,106875.51
2021-06-21,17.59,18.73,19.3,17.3,113211.72
2021-06-22,18.31,18.2,18.89,18.05,78693.4
2021-06-23,18.27,17.86,18.4,17.73,65989.97
2021-06-24,18.13,17.01,18.22,16.98,79985.0
2021-06-25,17.01,16.33,17.23,16.15,85398.18
2021-06-28,16.23,16.63,16.91,16.13,63284.61
2021-06-29,16.43,16.97,17.25,16.43,71591.77
2021-06-30,16.63,16.74,16.98,16.52,46573.99
2021-07-01,16.69,15.99,16.96,15.86,54976.6
2021-07-02,15.9,16.22,16.46,15.87,39881.0
2021-07-05,17.84,17.84,17.84,17.84,26939.72
2021-07-06,18.75,17.39,18.75,17.15,123120.07
2021-07-07,17.24,16.8,17.37,16.46,72332.89
2021-07-08,16.6,17.53,17.54,16.47,91836.35
2021-07-09,17.26,16.88,17.29,16.67,57085.37
2021-07-12,17.03,18.56,18.56,17.03,71737.15
2021-07-13,20.42,20.42,20.42,19.71,130980.78
2021-07-14,19.84,20.56,22.46,19.45,262125.33
2021-07-15,19.59,20.76,21.65,19.21,204398.22
2021-07-16,20.11,21.02,21.6,19.64,166921.02
2021-07-19,20.75,23.13,23.13,20.08,217592.9
2021-07-20,22.1,23.42,25.26,21.98,253120.44
2021-07-21,23.9,23.2,24.26,22.37,201730.62
2021-07-22,22.69,22.05,23.11,21.7,159564.27
2021-07-23,21.71,21.88,22.54,21.65,111193.62
2021-07-26,20.93,20.12,21.2,19.94,115053.18
2021-07-27,20.32,20.47,21.02,19.75,113271.39
2021-07-28,20.03,18.76,20.43,18.45,93597.51
2021-07-29,19.03,19.3,19.62,18.95,82206.51
2021-07-30,19.35,19.83,20.29,18.99,90276.83
2021-08-02,19.52,20.47,20.54,19.1,91563.73
2021-08-03,20.18,21.64,22.37,20.1,148816.02
2021-08-04,20.84,21.23,21.27,20.35,110396.8
2021-08-05,20.97,19.75,20.97,19.74,98090.56
2021-08-06,19.66,20.12,20.38,19.65,54158.46
2021-08-09,19.75,20.43,20.57,19.56,54627.59
2021-08-10,20.3,20.02,20.52,19.66,55585.14
2021-08-11,19.88,19.25,20.02,19.12,65754.35
2021-08-12,19.83,19.89,20.59,19.37,77376.02
2021-08-13,19.52,19.05,19.52,18.81,65437.09
2021-08-16,18.82,19.18,19.19,18.63,37073.51
2021-08-17,19.19,19.41,19.93,18.68,74891.16
2021-08-18,19.39,19.18,19.39,18.79,48130.07
2021-08-19,18.85,19.01,19.18,18.83,29036.84
2021-08-20,19.01,17.82,19.01,17.14,58479.42
2021-08-23,17.83,18.24,18.45,17.83,35591.25
2021-08-24,18.1,18.12,18.45,17.87,32408.66
2021-08-25,18.1,17.88,18.28,17.86,30347.53
2021-08-26,18.04,17.44,18.08,17.33,33226.33
2021-08-27,17.41,18.0,18.31,16.85,59398.2
2021-08-30,18.29,18.15,18.61,17.93,51630.8
2021-08-31,17.9,17.36,17.9,17.14,35676.87
2021-09-01,17.36,16.76,17.43,16.58,40542.0
2021-09-02,16.73,16.82,17.0,16.6,25568.17
2021-09-03,16.76,16.79,17.09,16.43,29903.68
2021-09-06,16.74,17.04,17.07,16.46,29307.92
2021-09-07,16.96,17.29,17.3,16.88,31000.91
2021-09-08,17.33,17.61,17.66,17.2,37441.5
2021-09-09,17.61,17.32,17.61,17.05,33601.09
2021-09-10,17.18,17.01,17.27,16.98,25163.0
2021-09-13,17.01,16.8,17.01,16.69,22853.17
2021-09-14,16.8,18.48,18.48,16.8,111357.04
2021-09-15,17.97,18.07,18.31,17.79,98315.63
2021-09-16,18.05,17.91,18.27,17.66,51894.08
2021-09-17,17.79,17.28,17.86,17.02,42447.42
2021-09-22,16.94,17.57,17.74,16.82,36226.45
2021-09-23,17.57,18.04,18.36,17.37,53634.59
2021-09-24,17.95,18.04,18.64,17.75,50756.14
2021-09-27,18.45,18.14,18.75,17.68,54915.54
2021-09-28,18.18,17.38,18.18,17.06,36821.97
2021-09-29,17.24,16.75,17.3,16.75,26423.97
2021-09-30,16.75,17.12,17.35,16.75,20249.22
2021-10-08,17.18,17.28,17.5,17.18,19452.27
2021-10-11,17.27,17.8,17.94,16.99,34391.1
2021-10-12,17.82,17.53,17.95,17.41,29646.43
2021-10-13,17.37,18.26,18.47,17.37,56469.99
2021-10-14,18.04,18.02,18.3,17.82,33333.15
2021-10-15,17.89,17.96,18.49,17.86,38092.7
2021-10-18,17.79,17.33,17.98,17.06,37101.84
2021-10-19,17.31,17.45,17.5,17.15,22380.34
2021-10-20,17.49,17.14,17.61,17.11,26559.75
2021-10-21,17.14,16.89,17.26,16.87,23861.0
2021-10-22,16.78,16.98,17.12,16.78,18469.2
2021-10-25,17.05,16.89,17.05,16.78,15793.49
2021-10-26,16.91,15.93,16.98,15.54,51629.64
2021-10-27,15.64,14.85,15.64,14.68,43290.0
2021-10-28,14.7,14.91,15.08,14.7,17898.99
2021-10-29,14.91,15.14,15.18,14.61,16870.5
2021-11-01,15.14,15.19,15.28,14.93,16079.16
2021-11-02,15.23,14.78,15.28,14.68,17286.45
2021-11-03,14.74,15.09,15.25,14.74,17822.11
2021-11-04,15.04,15.15,15.29,14.88,16479.08
2021-11-05,15.15,15.5,15.69,15.06,28428.91
2021-11-08,15.43,15.54,15.64,15.24,17186.42
2021-11-09,15.54,15.85,15.86,15.48,20607.01
2021-11-10,15.69,15.81,16.1,15.61,19492.42
2021-11-11,15.71,15.64,15.87,15.62,17823.01
2021-11-12,15.58,15.71,15.82,15.48,15991.01
2021-11-15,15.8,17.28,17.28,15.78,73572.19
2021-11-16,17.59,17.88,18.56,17.05,147079.67
2021-11-17,18.04,17.35,18.04,17.15,91052.9
2021-11-18,17.23,16.78,17.37,16.68,59857.08
2021-11-19,16.99,16.92,17.09,16.61,45747.42
2021-11-22,16.76,17.03,17.09,16.67,34494.68
2021-11-23,17.03,16.96,17.12,16.74,23391.66
2021-11-24,16.96,17.23,17.3,16.72,43407.01
2021-11-25,17.23,16.91,17.33,16.87,34118.38
2021-11-26,16.77,16.94,17.36,16.51,40439.63
2021-11-29,16.76,16.59,16.91,16.59,23007.09
2021-11-30,16.74,16.98,17.59,16.69,42257.71
2021-12-01,17.14,17.58,17.82,17.0,69074.5
2021-12-02,17.25,16.62,17.27,16.61,68379.5
2021-12-03,16.58,16.43,16.7,16.27,27113.0
2021-12-06,16.27,16.4,16.52,16.25,19942.01
2021-12-07,16.41,16.48,16.62,16.34,18792.19
2021-12-08,16.4,16.59,16.62,16.35,15529.93
2021-12-09,16.53,16.78,16.89,16.5,21292.01
2021-12-10,16.78,16.96,16.96,16.66,19554.88
2021-12-13,16.97,17.0,17.03,16.78,17441.03
2021-12-14,17.01,17.37,17.41,16.93,43424.59
2021-12-15,17.3,17.14,17.61,17.1,28280.16
2021-12-16,17.13,17.36,17.41,16.98,27448.04
2021-12-17,17.37,17.37,17.41,17.03,22597.95
2021-12-20,17.37,17.06,17.4,16.96,21481.26
2021-12-21,17.12,17.29,17.57,17.07,19935.0
2021-12-22,17.49,17.62,17.92,17.41,44960.32
2021-12-23,17.68,17.4,18.03,17.34,38028.01
2021-12-24,17.39,17.16,17.57,17.04,22292.13
2021-12-27,17.16,16.94,17.3,16.77,17295.58
2021-12-28,17.09,17.61,18.02,17.01,46264.02
2021-12-29,17.65,17.49,17.77,17.32,22155.62
2021-12-30,17.48,17.68,17.81,17.39,24509.0
2021-12-31,17.63,17.52,17.81,17.5,16744.0
2022-01-04,17.51,18.03,18.17,17.51,46185.86
2022-01-05,18.08,19.83,19.83,18.08,75662.54
2022-01-06,19.93,19.77,20.64,18.95,150344.15
2022-01-07,19.77,19.05,20.16,19.01,82697.75
2022-01-10,19.03,19.39,19.82,18.32,71948.74
2022-01-11,19.37,19.02,19.57,18.91,41386.32
2022-01-12,19.14,19.22,19.71,19.03,40315.99
2022-01-13,19.45,19.47,19.84,19.26,55211.16
2022-01-14,19.28,19.58,20.19,19.14,82190.11
2022-01-17,19.54,20.3,20.61,19.39,91487.35
2022-01-18,20.2,20.72,22.33,19.93,160313.91
2022-01-19,20.15,19.93,20.84,19.68,94657.98
2022-01-20,19.93,19.25,20.09,19.16,71441.83
2022-01-21,19.12,19.05,19.53,18.85,41977.17
2022-01-24,18.94,19.35,20.37,18.89,68653.13
2022-01-25,19.03,18.26,19.93,18.13,65118.89
2022-01-26,20.08,20.08,20.08,20.08,56026.4
2022-01-27,20.75,18.4,20.8,18.22,159506.7
2022-01-28,18.04,18.82,19.62,18.04,118892.11
2022-02-07,19.15,19.41,20.01,17.86,110588.63
2022-02-08,19.03,20.25,20.45,18.83,132883.54
2022-02-09,20.23,20.66,20.93,20.01,125495.08
2022-02-10,20.31,20.35,20.73,20.04,79296.79
2022-02-11,20.14,21.57,21.6,19.76,162391.9
2022-02-14,20.93,20.41,21.46,20.2,116702.98
2022-02-15,20.41,21.21,22.1,20.01,128890.47
2022-02-16,23.32,21.74,23.32,21.56,310701.16
2022-02-17,20.75,19.93,20.8,19.93,221342.32
2022-02-18,19.75,19.86,20.28,19.53,105629.5
2022-02-21,19.74,20.26,20.4,19.58,101331.35
2022-02-22,19.87,19.19,19.89,19.06,102742.62
2022-02-23,19.25,19.39,19.56,19.02,49529.03
2022-02-24,19.06,18.62,19.51,18.27,86518.42
2022-02-25,18.73,19.64,19.8,18.73,87714.04
2022-02-28,19.82,19.46,20.1,19.16,55331.25
2022-03-01,19.45,19.53,19.64,19.21,41545.42
2022-03-02,19.36,19.57,19.75,19.1,41011.86
2022-03-03,19.62,19.16,19.77,19.11,43166.83
2022-03-04,18.94,19.37,19.84,18.86,59173.0
2022-03-07,18.98,18.93,19.33,18.63,43801.92
2022-03-08,18.85,17.96,18.92,17.86,48742.8
2022-03-09,17.96,17.21,18.06,16.38,65201.78
2022-03-10,17.48,17.07,17.81,16.96,55483.0
2022-03-11,16.87,17.6,17.66,16.73,54527.32
2022-03-14,17.68,17.43,17.99,17.41,45521.6
2022-03-15,17.13,16.78,17.59,16.69,40366.36
2022-03-16,17.23,17.1,17.3,16.4,48024.68
2022-03-17,17.1,17.41,17.72,17.09,40620.6
2022-03-18,17.31,17.81,17.95,17.19,34226.0
2022-03-21,17.73,17.69,17.91,17.51,26334.0
2022-03-22,17.53,19.46,19.46,17.48,105119.11
2022-03-23,18.92,18.66,19.09,18.31,147258.73
2022-03-24,18.31,18.32,18.82,18.04,88003.67
2022-03-25,18.2,17.93,18.48,17.9,58030.66
2022-03-28,17.81,18.39,18.78,17.68,77257.57
2022-03-29,18.22,18.39,18.61,18.1,50780.14
2022-03-30,18.26,18.56,18.76,17.95,54590.88
2022-03-31,18.41,18.05,18.49,18.04,47576.03
2022-04-01,17.95,17.64,18.03,17.48,38108.0
2022-04-06,17.78,18.07,18.36,17.78,42568.84
2022-04-07,17.98,17.52,18.22,17.49,31394.33
2022-04-08,17.55,17.0,17.68,16.76,39545.0
2022-04-11,16.87,16.21,16.87,16.06,34085.0
2022-04-12,16.21,16.61,16.67,15.99,24946.0
2022-04-13,16.57,15.79,16.68,15.79,31838.25
2022-04-14,15.84,15.85,16.14,15.75,23498.5
2022-04-15,15.84,15.26,15.84,15.24,29078.98
2022-04-18,15.2,15.52,15.58,14.91,19691.0
2022-04-19,15.5,15.6,15.83,15.42,19921.0
2022-04-20,15.87,15.38,16.0,15.35,19248.66
2022-04-21,15.29,14.86,15.65,14.79,21300.0
2022-04-22,14.69,14.81,15.08,14.62,23178.0
2022-04-25,14.62,13.33,14.62,13.33,31880.0
2022-04-26,13.26,12.78,13.26,12.72,35272.0
2022-04-27,12.45,13.03,13.09,12.0,46325.34
2022-04-28,11.73,11.73,11.73,11.73,11728.0
2022-04-29,10.56,11.35,11.45,10.56,104178.95
2022-05-06,10.78,10.78,10.78,10.78,88.0
2022-05-09,10.24,10.24,10.24,10.24,146.0
2022-05-10,9.72,9.72,9.72,9.72,955.0
2022-05-11,9.24,9.24,9.24,9.24,1214.0
2022-05-12,8.78,8.78,8.78,8.78,787.0
2022-05-13,8.33,8.33,8.33,8.33,1186.0
2022-05-16,7.92,7.96,8.01,7.92,184608.52
2022-05-17,8.17,8.36,8.36,7.82,102770.54
2022-05-18,8.66,8.78,8.78,8.52,31589.02
2022-05-19,8.66,8.93,9.1,8.52,90453.03
2022-05-20,8.8,9.36,9.38,8.79,83685.06
2022-05-23,9.74,9.14,9.74,8.95,84381.1
2022-05-24,9.12,8.73,9.34,8.7,74106.43
2022-05-25,8.51,8.69,8.84,8.51,40160.44
2022-05-26,8.66,8.47,8.7,8.44,39081.01
2022-05-27,8.51,8.5,8.69,8.36,42527.0
2022-05-30,8.45,8.66,8.7,8.28,38262.61
2022-05-31,8.67,8.71,8.85,8.6,26139.46
2022-06-01,8.66,8.7,8.75,8.62,24966.33
2022-06-02,8.69,9.1,9.14,8.63,61477.91
2022-06-06,8.89,9.36,9.38,8.87,49297.39
2022-06-07,9.29,9.03,9.51,9.03,36544.0
2022-06-08,9.04,8.93,9.16,8.79,34710.95
2022-06-09,8.93,8.62,9.02,8.61,33165.95
2022-06-10,8.57,8.68,8.7,8.56,25623.73
2022-06-13,8.5,8.5,8.65,8.41,27372.46
2022-06-14,8.44,8.34,8.49,8.12,25482.0
2022-06-15,8.36,8.36,8.66,8.35,25241.01
2022-06-16,8.34,8.39,8.43,8.31,15336.0
2022-06-17,8.34,8.31,8.42,8.23,21915.46
2022-06-20,8.29,8.33,8.5,8.28,22236.68
2022-06-21,8.34,8.42,8.42,8.27,17551.68
2022-06-22,8.48,8.56,8.69,8.4,27854.61
2022-06-23,8.88,8.38,8.88,8.35,36218.02
2022-06-24,8.33,8.37,8.47,8.33,23142.02
2022-06-27,8.36,8.28,8.43,8.27,23212.9
2022-06-28,8.28,8.28,8.32,8.14,22413.41
2022-06-29,8.29,8.01,8.3,8.0,31701.0
2022-06-30,8.05,8.04,8.14,7.99,18882.03
2022-07-01,8.04,8.27,8.41,7.96,28933.27
2022-07-04,8.69,8.69,8.69,8.57,20387.61
2022-07-05,8.88,8.66,8.88,8.42,46392.86
2022-07-06,8.67,9.09,9.09,8.51,49267.21
2022-07-07,9.12,9.36,9.54,9.02,64635.55
2022-07-08,9.17,8.89,9.17,8.89,36493.0
2022-07-11,8.45,8.45,8.54,8.45,18498.0
2022-07-12,8.17,8.07,8.25,8.03,76247.11
2022-07-13,8.01,8.06,8.11,8.01,34000.72
2022-07-14,8.06,7.86,8.06,7.86,41085.2
2022-07-15,7.77,7.46,7.8,7.46,51116.18
2022-07-18,7.41,7.61,7.69,7.34,29268.22
2022-07-19,7.61,7.99,7.99,7.57,41907.32
2022-07-20,8.01,8.05,8.16,7.87,35303.18
2022-07-21,8.01,8.05,8.24,7.99,25089.0
2022-07-22,8.05,8.14,8.25,7.96,27521.25
2022-07-25,8.14,8.39,8.55,8.1,37667.44
2022-07-26,8.39,8.55,8.64,8.39,38874.39
2022-07-27,8.48,8.33,8.7,8.32,45852.58
2022-07-28,8.37,8.46,8.64,8.31,39435.28
2022-07-29,8.43,8.31,8.51,8.28,25060.85
2022-08-01,8.31,8.34,8.42,8.21,17541.74
2022-08-02,8.33,7.93,8.33,7.93,34941.36
2022-08-03,7.71,7.96,8.09,7.71,22228.14
2022-08-04,7.94,8.36,8.36,7.94,26174.0
2022-08-05,8.48,8.54,8.78,8.38,59468.36
2022-08-08,8.36,8.7,8.73,8.15,43003.03
2022-08-09,8.64,8.6,8.8,8.57,27440.44
2022-08-10,8.55,8.93,9.03,8.52,80701.93
2022-08-11,8.79,8.82,8.88,8.62,46414.93
2022-08-12,8.71,8.73,8.95,8.71,35153.5
2022-08-15,8.71,8.91,9.07,8.64,35084.5
2022-08-16,8.95,9.19,9.21,8.86,36174.64
2022-08-17,9.23,8.98,9.43,8.97,42333.0
2022-08-18,8.89,8.74,8.9,8.69,31194.0
2022-08-19,8.69,8.79,8.99,8.69,24353.0
2022-08-22,8.8,9.06,9.15,8.8,28270.06
2022-08-23,9.02,8.87,9.15,8.86,21809.0
2022-08-24,8.88,8.53,8.98,8.51,33041.64
2022-08-25,8.58,8.77,8.87,8.49,26123.56
2022-08-26,8.86,8.44,8.88,8.37,33489.56
2022-08-29,8.3,8.43,8.43,8.15,11366.0
2022-08-30,8.45,8.59,8.66,8.45,16103.0
2022-08-31,8.55,8.42,8.64,8.33,15775.64
2022-09-01,8.37,8.35,8.51,8.33,13861.5
2022-09-02,8.31,8.47,8.51,8.31,15000.2
2022-09-05,8.42,8.49,8.5,8.39,11485.7
2022-09-06,8.47,8.48,8.51,8.39,12575.11
2022-09-07,8.48,8.35,8.48,8.31,15953.0
2022-09-08,8.32,8.2,8.39,8.2,14458.64
2022-09-09,8.32,8.27,8.33,8.21,10151.0
2022-09-13,8.27,8.42,8.51,8.27,14359.12
2022-09-14,8.36,8.43,8.43,8.28,17399.0
2022-09-15,8.43,8.86,8.86,8.38,79383.06
2022-09-16,8.87,8.6,8.97,8.55,46793.0
2022-09-19,8.48,8.17,8.49,8.17,42465.0
2022-09-20,8.03,8.3,8.33,8.03,20448.0
2022-09-21,8.25,8.21,8.25,8.06,13052.0
2022-09-22,8.18,8.16,8.34,8.14,11971.0
2022-09-23,8.14,7.81,8.18,7.76,25646.0
2022-09-26,7.81,7.52,7.87,7.42,13891.0
2022-09-27,7.48,7.73,7.77,7.48,9982.0
2022-09-28,7.73,7.65,7.84,7.6,11146.6
2022-09-29,7.72,7.54,7.8,7.5,8279.0
2022-09-30,7.54,7.61,7.67,7.51,8965.0
2022-10-10,7.61,7.31,7.65,7.29,11867.0
2022-10-11,7.31,7.21,7.42,7.08,10881.0
2022-10-12,7.21,7.44,7.44,7.18,10214.0
2022-10-13,7.43,7.58,7.77,7.39,16491.0
2022-10-14,7.58,7.71,7.72,7.58,14307.0
2022-10-17,7.73,7.94,8.0,7.73,19258.46
2022-10-18,7.97,7.96,8.03,7.81,11964.46
2022-10-19,7.94,7.85,7.94,7.8,7795.66
2022-10-20,7.83,7.78,7.9,7.67,8761.0
2022-10-21,7.83,7.77,7.83,7.75,5113.0
2022-10-24,7.75,7.58,7.85,7.52,8588.0
2022-10-25,7.59,7.73,7.79,7.52,8657.03
2022-10-26,7.73,7.96,8.02,7.68,12038.12
2022-10-27,8.01,7.99,8.2,7.93,13347.82
2022-10-28,8.12,7.75,8.25,7.67,26574.11
2022-10-31,7.61,7.88,8.04,7.54,22956.59
2022-11-01,7.83,7.95,8.02,7.83,13399.23
2022-11-02,7.95,7.98,8.09,7.95,15813.62
2022-11-03,7.89,7.9,7.96,7.85,11510.0
2022-11-04,7.89,7.99,8.05,7.87,11770.0
2022-11-07,8.04,8.39,8.39,8.04,29863.12
2022-11-08,8.59,8.7,8.73,8.35,37609.52
2022-11-09,8.61,8.59,8.79,8.49,19940.0
2022-11-10,8.52,8.67,8.96,8.5,23659.0
2022-11-11,8.81,8.46,8.9,8.46,22947.25
2022-11-14,8.4,8.6,8.62,8.4,15993.0
2022-11-15,8.6,8.61,8.71,8.51,17970.03
2022-11-16,8.61,8.69,8.79,8.57,16638.0
2022-11-17,8.7,9.0,9.12,8.66,55540.26
2022-11-18,8.95,9.45,9.45,8.91,46631.0
2022-11-21,9.62,9.92,9.92,9.49,52647.0
2022-11-22,10.24,10.42,10.42,10.14,25346.06
2022-11-23,10.64,9.89,10.94,9.89,103232.92
2022-11-24,9.58,9.4,9.87,9.4,69370.03
2022-11-25,9.25,9.02,9.38,8.96,66126.36
2022-11-28,9.05,9.03,9.29,8.97,43014.0
2022-11-29,9.07,9.11,9.26,9.0,38151.3
2022-11-30,9.02,9.2,9.2,8.75,50942.0
2022-12-01,9.19,9.23,9.55,9.18,46309.0
2022-12-02,9.2,9.08,9.26,9.04,27537.0
2022-12-05,9.11,9.53,9.53,9.1,36704.0
2022-12-06,9.79,9.59,9.96,9.31,49051.3
2022-12-07,9.56,9.31,9.58,9.26,31744.0
2022-12-08,9.29,9.08,9.34,9.06,23195.6
2022-12-09,9.06,9.09,9.15,8.97,15586.0
2022-12-12,9.05,8.77,9.1,8.77,23143.0
2022-12-13,8.8,8.83,8.88,8.75,13287.0
2022-12-14,8.8,8.87,8.91,8.67,10589.6
2022-12-15,8.8,9.21,9.31,8.79,32864.0
2022-12-16,9.08,8.75,9.12,8.75,32674.0
2022-12-19,8.76,8.45,8.81,8.37,18226.0
2022-12-20,8.45,8.51,8.66,8.42,10952.0
2022-12-21,8.51,8.38,8.6,8.33,10513.0
2022-12-22,8.4,8.38,8.55,8.37,9913.0
2022-12-23,8.39,8.42,8.52,8.33,8003.0
2022-12-26,8.42,8.53,8.59,8.37,6594.0
2022-12-27,8.8,8.75,8.8,8.49,10540.0
2022-12-28,8.68,8.61,8.77,8.59,6419.0
2022-12-29,8.66,8.62,8.73,8.58,6056.01
2022-12-30,8.62,8.73,8.73,8.59,8985.0
2023-01-03,8.72,8.97,9.06,8.67,21340.62
2023-01-04,8.92,8.98,9.04,8.85,16375.62
2023-01-05,8.96,8.88,9.0,8.87,9613.0
2023-01-06,8.95,8.67,8.95,8.67,15286.01
2023-01-09,8.68,8.74,8.79,8.68,4642.0
2023-01-10,8.78,8.66,8.78,8.66,10961.3
2023-01-11,8.69,8.41,8.69,8.4,11861.62
2023-01-12,8.41,8.49,8.54,8.36,8377.0
2023-01-13,8.45,8.58,8.62,8.43,6287.0
2023-01-16,8.58,8.64,8.71,8.57,7024.0
2023-01-17,8.68,8.54,8.68,8.49,7312.0
2023-01-18,8.75,8.82,8.96,8.68,20578.01
2023-01-19,8.82,8.88,8.88,8.69,12005.02
2023-01-20,8.82,9.04,9.16,8.71,14329.62
2023-01-30,9.15,9.19,9.28,9.0,21807.01
2023-01-31,9.2,9.35,9.65,9.17,58769.0
2023-02-01,9.43,9.56,9.61,9.34,32470.0
2023-02-02,9.46,9.2,9.46,9.08,54411.0
2023-02-03,9.2,9.16,9.24,9.02,21208.51
2023-02-06,9.15,9.07,9.19,9.06,14903.5
2023-02-07,9.07,9.36,9.41,9.03,29148.0
2023-02-08,9.41,9.29,9.55,9.22,23962.5
2023-02-09,9.21,9.22,9.31,9.17,15640.0
2023-02-10,9.24,9.15,9.28,9.08,14657.0
2023-02-13,9.14,9.12,9.18,9.08,13088.0
2023-02-14,9.11,9.08,9.15,9.06,11870.7
2023-02-15,9.07,9.1,9.11,9.06,10150.0
2023-02-16,9.09,8.72,9.09,8.66,39271.98
2023-02-17,8.71,8.74,8.78,8.65,13944.42
2023-02-20,8.73,8.87,8.99,8.7,15890.53
2023-02-21,8.85,8.76,8.85,8.72,13294.53
2023-02-22,8.69,8.82,8.87,8.64,13535.9
2023-02-23,8.83,8.95,9.16,8.79,18610.27
2023-02-24,8.92,8.93,8.99,8.92,7531.17
2023-02-27,8.94,8.73,8.94,8.72,9611.0
2023-02-28,8.76,8.91,8.98,8.75,9184.36
2023-03-01,8.89,8.97,8.98,8.84,9246.37
2023-03-02,8.95,8.97,9.11,8.9,14678.0
2023-03-03,8.92,8.93,9.0,8.88,7944.0
2023-03-06,8.93,8.88,8.97,8.79,9952.0
2023-03-07,8.88,8.77,8.9,8.71,11530.0
2023-03-08,8.74,8.96,8.98,8.74,15438.0
2023-03-09,8.9,9.07,9.11,8.82,16159.0
2023-03-10,9.04,9.09,9.29,8.97,16755.22
2023-03-13,8.98,9.02,9.16,8.94,12768.9
2023-03-14,9.02,8.8,9.02,8.79,16171.0
2023-03-15,8.82,8.87,8.89,8.79,8893.0
2023-03-16,8.83,8.79,8.85,8.74,10964.83
2023-03-17,8.79,8.81,8.87,8.77,9943.96
2023-03-20,8.81,8.71,8.84,8.71,8589.0
2023-03-21,8.71,8.82,8.85,8.69,8029.17
2023-03-22,8.81,8.86,8.9,8.8,7574.0
2023-03-23,8.88,9.1,9.18,8.88,24099.96
2023-03-24,9.11,9.21,9.35,9.11,27652.0
2023-03-27,9.34,9.05,9.45,8.98,27143.0
2023-03-28,9.04,9.01,9.14,8.91,15943.0
2023-03-29,9.01,8.92,9.01,8.89,12207.0
2023-03-30,8.88,8.78,8.99,8.71,14814.01
2023-03-31,8.79,8.93,8.95,8.79,8749.38
2023-04-03,8.99,9.15,9.21,8.97,16754.0
2023-04-04,9.14,8.8,9.19,8.79,38703.2
2023-04-06,8.81,8.7,8.82,8.64,21444.0
2023-04-07,8.71,8.98,9.02,8.66,16780.0
2023-04-10,9.02,8.88,9.03,8.78,17469.0
2023-04-11,8.85,8.93,8.95,8.72,8661.0
2023-04-12,8.91,9.07,9.17,8.91,22747.93
2023-04-13,9.08,9.13,9.23,9.02,19624.0
2023-04-14,9.13,9.06,9.18,8.92,28161.01
2023-04-17,9.05,9.27,9.51,9.03,40813.0
2023-04-18,9.25,9.41,9.43,9.18,25009.8
2023-04-19,9.36,9.88,9.88,9.36,40568.36
2023-04-20,10.1,9.96,10.31,9.67,80806.74
2023-04-21,9.93,9.53,10.05,9.47,52974.07
2023-04-24,9.56,9.76,9.87,9.38,37477.72
2023-04-25,9.78,9.27,9.78,9.27,39824.0
2023-04-26,9.17,9.23,9.41,8.96,29323.0
2023-04-27,9.31,9.48,9.69,9.21,40385.01
2023-04-28,9.51,9.47,9.73,9.39,40004.98
2023-05-04,9.95,9.95,9.95,9.87,55155.02
2023-05-05,9.98,10.14,10.26,9.89,56655.04
2023-05-08,10.05,9.63,10.26,9.63,31242.36
2023-05-09,9.37,9.15,9.44,9.15,53888.0
2023-05-10,9.15,9.22,9.35,9.1,18236.0
2023-05-11,9.35,9.57,9.68,9.35,34738.61
2023-05-12,9.59,9.61,9.8,9.57,22275.06
2023-05-15,9.69,9.71,9.71,9.5,12040.0
2023-05-16,9.65,9.24,9.68,9.23,32925.9
2023-05-17,9.13,9.27,9.4,9.04,16103.0
2023-05-18,9.24,9.69,9.69,9.24,24423.9
2023-05-19,9.69,9.75,9.8,9.52,20650.01
2023-05-22,9.65,9.99,10.05,9.63,18752.69
2023-05-23,9.89,10.33,10.48,9.89,31703.0
2023-05-24,10.29,10.41,10.68,10.17,28750.0
2023-05-25,10.93,10.93,10.93,10.69,50802.0
2023-05-26,11.11,11.48,11.48,10.86,47095.06
2023-05-29,11.91,12.06,12.06,11.57,60873.97
2023-05-30,12.42,12.66,12.66,12.23,17361.06
2023-05-31,13.2,12.07,13.23,12.03,114115.25
2023-06-01,12.01,12.48,12.67,12.01,109594.04
2023-06-02,12.18,12.51,12.83,11.92,63989.0
2023-06-05,12.39,13.13,13.13,12.39,53988.11
2023-06-06,13.32,13.79,13.79,13.32,39561.11
2023-06-07,14.03,14.32,14.48,13.4,83127.43
2023-06-08,13.9,13.61,14.31,13.61,46729.43
2023-06-09,13.61,13.67,13.94,13.13,47251.0
2023-06-12,13.57,12.99,13.6,12.99,36812.0
2023-06-13,12.86,13.06,13.42,12.7,63998.6
2023-06-14,13.24,12.81,13.71,12.72,89968.01
2023-06-15,12.75,13.45,13.45,12.75,70229.0
2023-06-16,13.34,14.12,14.12,13.33,32942.18
2023-06-19,14.43,14.14,14.43,13.8,33454.0
2023-06-20,14.14,13.46,14.19,13.44,37472.0
2023-06-21,13.35,12.78,13.7,12.78,51999.01
2023-06-26,12.53,12.41,13.08,12.38,40120.56
2023-06-28,13.35,13.66,13.66,13.04,60151.0
2023-06-29,13.4,14.42,14.97,12.68,221750.75
2023-06-30,13.98,13.76,14.61,13.52,122877.58
2023-07-03,13.64,12.47,13.76,12.38,141466.48
2023-07-04,12.18,13.34,13.72,12.09,214810.87
2023-07-05,12.99,14.68,14.68,12.79,222249.18
2023-07-06,15.06,16.15,16.15,15.06,112659.21
2023-07-07,16.0,15.32,17.12,15.15,319080.21
2023-07-10,14.76,13.78,15.67,13.78,236955.91
2023-07-11,13.37,15.16,15.16,12.92,271584.43
2023-07-12,15.17,14.23,15.6,13.85,236806.02
2023-07-13,14.23,15.66,15.66,13.87,166765.21
2023-07-14,17.23,17.23,17.23,17.23,30184.0
2023-07-17,18.95,18.95,18.95,18.95,16585.77
2023-07-18,19.89,20.08,20.84,19.71,542752.33
2023-07-19,18.95,18.11,20.02,18.07,446798.41
2023-07-20,17.8,18.54,19.39,17.8,376110.69
2023-07-21,17.58,16.69,17.86,16.69,298632.33
2023-07-24,15.6,16.26,16.69,15.6,189871.08
2023-07-25,16.53,15.9,16.57,15.76,196738.0
2023-07-26,15.72,17.49,17.49,15.43,364914.8
2023-07-27,17.34,17.05,18.82,16.96,365816.17
2023-07-28,17.15,16.66,17.88,16.13,275453.01
2023-07-31,16.59,16.09,16.69,15.93,220007.4
2023-08-01,16.33,17.7,17.7,16.24,280600.72
2023-08-02,17.5,17.75,18.87,17.32,355264.32
2023-08-03,17.76,18.33,18.99,17.34,319501.32
2023-08-04,18.02,18.22,18.82,17.87,250706.77
2023-08-07,17.81,19.09,19.3,17.57,292685.82
2023-08-08,18.82,18.08,19.0,17.78,219185.95
2023-08-09,17.77,18.65,19.9,17.53,264511.75
2023-08-10,17.24,16.86,17.84,16.79,243191.41
2023-08-11,16.78,15.96,17.07,15.92,167502.87
2023-08-14,15.74,16.77,17.09,15.74,174654.74
2023-08-15,16.87,16.33,16.87,16.19,124897.79
2023-08-16,16.36,15.78,16.5,15.69,119578.0
2023-08-17,15.74,15.92,15.96,15.36,111200.72
2023-08-18,15.93,15.02,15.95,15.01,128633.0
2023-08-21,15.01,15.14,15.65,14.9,99940.31
2023-08-22,15.15,15.63,15.69,15.07,119690.46
2023-08-23,15.58,15.78,16.46,15.23,161994.0
2023-08-24,15.5,15.31,16.46,15.26,141946.0
2023-08-25,14.76,13.98,14.97,13.87,162701.86
2023-08-28,14.69,13.78,14.7,13.75,103300.0
2023-08-29,13.72,14.31,14.38,13.64,103146.83
2023-08-30,14.37,14.91,14.95,14.24,105713.0
2023-08-31,14.91,14.86,15.41,14.53,97680.0
2023-09-01,14.61,14.7,15.03,14.55,64455.0
2023-09-04,14.7,15.06,15.08,14.7,69885.0
2023-09-05,14.88,15.1,15.5,14.81,109964.0
2023-09-06,15.04,15.08,15.13,14.72,69973.0
2023-09-07,15.08,15.2,15.51,15.02,101173.0
2023-09-08,14.86,15.1,15.78,14.86,102681.0
2023-09-11,15.02,14.81,15.09,14.64,89052.11
2023-09-12,14.84,14.68,15.24,14.67,75992.95
2023-09-13,14.52,14.4,14.73,14.23,64507.0
2023-09-14,14.27,14.14,14.52,14.1,44611.0
2023-09-15,14.15,13.81,14.27,13.74,54493.0
2023-09-18,13.89,14.06,14.49,13.81,68840.3
2023-09-19,14.0,13.65,14.07,13.57,54111.0
2023-09-20,13.66,15.01,15.01,13.66,70728.2
2023-09-21,15.25,14.89,15.56,14.77,259875.37
2023-09-22,14.75,14.96,14.99,14.39,156552.8
2023-09-25,14.88,15.1,15.1,14.58,128471.72
2023-09-26,15.11,14.79,15.11,14.68,100665.5
2023-09-27,14.7,14.57,14.88,14.25,111722.0
2023-09-28,14.35,14.46,15.14,14.31,104657.0
2023-10-09,14.47,14.22,14.74,14.17,84680.0
2023-10-10,14.37,15.64,15.64,14.29,155377.0
2023-10-11,16.44,15.84,16.69,15.77,374026.99
2023-10-12,15.33,15.62,16.02,15.33,166427.0
2023-10-13,15.42,16.18,16.59,15.41,248839.23
2023-10-16,15.93,16.97,17.59,15.51,290266.23
2023-10-17,16.46,16.19,16.62,15.86,179135.83
2023-10-18,16.14,16.42,16.73,15.15,190443.5
2023-10-19,16.06,15.39,16.31,15.3,119723.65
2023-10-20,15.38,14.55,15.38,14.43,100617.0
2023-10-23,14.64,14.71,15.59,14.12,108960.32
2023-10-24,14.56,15.4,15.87,14.44,132609.0
2023-10-25,15.16,15.42,15.86,15.06,109415.0
2023-10-26,15.26,15.56,15.74,15.02,117555.62
2023-10-27,15.6,15.01,15.6,14.98,96178.0
2023-10-30,15.03,15.32,15.47,14.69,91043.0
2023-10-31,15.52,15.65,16.65,15.4,186728.01
2023-11-01,15.15,15.19,15.69,15.1,105773.8
2023-11-02,14.97,14.72,15.29,14.61,83216.8
2023-11-03,14.79,14.91,15.07,14.67,61400.79
2023-11-06,14.88,15.09,15.14,14.82,64235.0
2023-11-07,15.15,15.23,15.31,14.97,69098.01
2023-11-08,15.15,15.35,15.49,14.92,103463.01
2023-11-09,15.23,16.88,16.88,15.23,233026.56
2023-11-10,16.51,17.27,18.57,16.33,447863.09
2023-11-13,17.14,17.61,17.76,16.61,288245.89
2023-11-14,17.31,17.53,17.75,17.05,237132.8
2023-11-15,17.58,17.13,17.74,17.0,200767.39
2023-11-16,17.08,16.81,17.33,16.78,120686.6
2023-11-17,16.81,16.73,16.9,16.47,98840.0
2023-11-20,17.25,17.08,17.37,16.91,152308.0
2023-11-21,17.08,16.64,17.12,16.51,123848.51
2023-11-22,16.48,16.35,16.78,16.35,75414.9
2023-11-23,16.23,16.86,17.5,15.96,177230.27
2023-11-24,16.41,16.26,16.72,16.15,106886.39
2023-11-27,16.27,16.32,16.72,16.15,68372.99
2023-11-28,16.24,16.08,16.35,15.76,73477.0
2023-11-29,16.07,15.8,16.18,15.78,56558.0
2023-11-30,15.8,15.65,15.88,15.47,53720.81
2023-12-01,15.77,16.16,16.42,15.7,89496.56
2023-12-04,15.96,16.35,16.64,15.96,80261.0
2023-12-05,16.24,15.58,16.34,15.58,61452.52
2023-12-06,15.59,15.35,15.7,15.32,60478.9
2023-12-07,15.34,15.6,15.68,15.23,50192.9
2023-12-08,15.61,15.51,15.76,15.33,54723.56
2023-12-11,15.51,15.59,15.64,15.23,43242.99
2023-12-12,15.52,15.94,16.03,15.51,75371.02
2023-12-13,15.94,15.58,16.07,15.58,46427.01
2023-12-14,15.59,15.32,15.68,15.23,45960.51
2023-12-15,15.32,15.14,15.37,14.98,40666.0
2023-12-18,15.04,14.92,15.54,14.89,51692.8
2023-12-19,14.84,15.14,15.2,14.84,38608.01
2023-12-20,15.14,14.88,15.23,14.88,32501.0
2023-12-21,14.8,14.92,14.98,14.6,36978.0
2023-12-22,14.92,14.42,15.1,14.41,57822.1
2023-12-25,14.49,14.17,14.51,14.16,43227.0
2023-12-26,14.21,13.82,14.25,13.8,39657.0
2023-12-27,13.88,14.13,14.22,13.84,32775.8
2023-12-28,14.14,14.23,14.33,13.92,35683.0
2023-12-29,14.19,14.55,14.64,14.18,34436.0
2024-01-02,14.52,14.56,14.83,14.48,28867.0
2024-01-03,14.55,14.7,14.7,14.34,30331.0
2024-01-04,14.6,15.23,15.81,14.36,160185.52
2024-01-05,14.95,14.76,15.78,14.47,129763.88
2024-01-08,14.66,14.74,15.06,14.43,83138.52
2024-01-09,14.57,14.34,14.86,14.23,72727.51
2024-01-10,14.27,14.64,15.42,13.89,115795.1
2024-01-11,14.5,15.21,15.25,14.4,115921.5
2024-01-12,14.97,14.46,15.06,14.43,85264.0
2024-01-15,14.22,14.21,14.46,14.11,46757.0
2024-01-16,14.16,13.75,14.21,13.49,69676.8
2024-01-17,13.71,13.53,13.94,13.5,35479.6
2024-01-18,13.35,13.27,13.58,12.98,49444.8
2024-01-19,13.32,13.32,13.65,13.02,53549.0
2024-01-22,13.25,12.19,13.31,12.07,53577.99
2024-01-23,12.09,12.13,12.38,11.96,34678.79
2024-01-24,12.14,12.26,12.38,11.85,38000.8
2024-01-25,12.32,13.1,13.48,12.18,108308.0
2024-01-26,13.05,13.33,14.33,12.9,138860.8
2024-01-29,13.06,13.44,13.87,12.67,117145.0
2024-01-30,12.96,12.38,13.53,12.38,80857.0
2024-01-31,12.36,11.14,12.47,11.14,70312.0
2024-02-01,10.46,10.83,11.23,10.37,51659.0
2024-02-02,11.03,10.25,11.27,9.83,55090.95
2024-02-05,10.24,9.22,10.24,9.22,50179.01
2024-02-06,8.57,8.34,9.06,8.3,92175.0
2024-02-07,8.54,8.23,8.64,7.76,103505.72
2024-02-08,8.03,8.69,8.71,7.85,82126.53
2024-02-19,8.8,9.38,9.39,8.8,87586.03
2024-02-20,9.39,9.52,9.67,9.08,71393.47
2024-02-21,9.38,9.72,9.99,9.3,92882.03
2024-02-22,9.61,10.17,10.31,9.61,89531.9
2024-02-23,10.26,10.76,10.8,10.21,78808.0
2024-02-26,10.82,11.12,11.62,10.66,108869.73
2024-02-27,11.27,12.23,12.23,11.18,91337.16
2024-02-28,12.63,11.0,12.98,11.0,209954.0
2024-02-29,10.17,11.27,11.36,10.17,125162.14
2024-03-01,11.51,11.54,11.87,11.27,115714.45
2024-03-04,11.54,11.82,12.32,11.09,129949.0
2024-03-05,11.64,11.36,11.74,11.2,94931.0
2024-03-06,11.16,12.5,12.5,11.13,217414.05
2024-03-07,12.12,11.82,12.42,11.74,229505.05
2024-03-08,11.82,11.96,12.18,11.46,140455.85
2024-03-11,11.75,12.28,12.39,11.64,133432.0
2024-03-12,12.19,12.31,12.63,12.0,134978.32
2024-03-13,12.2,12.47,12.99,12.19,165184.52
2024-03-14,12.27,13.72,13.72,12.19,229212.57
2024-03-15,13.98,14.31,15.09,13.33,374945.88
2024-03-18,13.55,14.09,14.32,13.37,256969.89
2024-03-19,13.89,13.69,13.96,13.69,141391.72
2024-03-20,13.62,13.62,13.81,13.44,102788.79
2024-03-21,13.65,13.42,13.72,13.36,93122.99
2024-03-22,13.56,13.13,13.6,12.96,93987.73
2024-03-25,13.0,13.17,13.64,12.9,96941.73
2024-03-26,12.93,13.35,13.57,12.69,95486.72
2024-03-27,13.21,13.23,13.53,12.99,96874.72
2024-03-28,13.2,13.94,13.98,13.02,178645.01
2024-03-29,13.76,13.57,13.86,13.46,97259.04
2024-04-01,13.57,13.51,13.7,13.42,69640.29
2024-04-02,13.53,13.15,13.63,12.76,87301.95
2024-04-03,13.12,12.18,13.12,12.18,81062.95
2024-04-08,12.19,11.95,12.44,11.91,61313.01
2024-04-09,11.91,11.97,12.02,11.62,51947.0
2024-04-10,11.82,11.33,11.98,11.2,58559.0
2024-04-11,11.27,11.45,11.65,11.18,44937.05
2024-04-12,11.42,11.19,11.63,11.18,34558.95
2024-04-15,10.08,10.07,10.74,10.07,88343.05
2024-04-16,9.34,9.06,9.47,9.06,29236.0
2024-04-17,8.33,9.38,9.61,8.33,82134.68
2024-04-18,9.47,9.47,9.65,9.11,70564.98
2024-04-19,9.54,9.21,9.54,9.11,43268.0
2024-04-22,9.11,9.11,9.35,8.88,50789.0
2024-04-23,9.12,9.25,9.4,9.12,44116.01
2024-04-24,9.25,9.62,9.64,9.25,52150.0
2024-04-25,9.65,9.66,9.8,9.56,38871.0
2024-04-26,9.66,9.84,9.93,9.55,48115.32
2024-04-29,9.92,10.23,10.25,9.92,49865.0
2024-04-30,9.21,9.21,9.63,9.21,131409.3
2024-05-06,9.01,9.42,9.43,8.99,98854.4
2024-05-07,9.5,10.35,10.35,9.5,79051.09
2024-05-08,10.31,10.05,10.7,10.03,179655.34
2024-05-09,10.06,10.08,10.46,10.06,104251.52
2024-05-10,10.09,9.81,10.22,9.71,78266.1
2024-05-13,9.8,9.38,9.82,9.26,65258.0
2024-05-14,9.52,10.32,10.32,9.52,96539.1
2024-05-15,10.37,10.54,11.17,10.33,215641.4
2024-05-16,10.51,10.19,10.58,10.11,119268.0
2024-05-17,10.25,10.26,10.39,10.1,89974.1
2024-05-20,10.24,10.77,10.81,10.1,126088.0
2024-05-21,10.62,10.51,10.64,10.35,75205.0
2024-05-22,10.43,10.46,10.62,10.31,59437.0
2024-05-23,10.42,10.27,10.43,10.02,61927.0
2024-05-24,10.18,9.93,10.23,9.92,46086.0
2024-05-27,9.94,9.85,10.01,9.59,45552.0
2024-05-28,9.85,9.63,9.9,9.61,33138.0
2024-05-29,9.63,9.63,9.82,9.55,31432.0
2024-05-30,9.63,9.46,9.71,9.39,27350.0
2024-05-31,9.38,9.37,9.54,9.29,32799.0
2024-06-03,9.26,8.97,9.31,8.86,55673.72
2024-06-04,8.92,8.74,8.97,8.54,44461.7
2024-06-05,8.73,8.44,8.73,8.42,35726.71
2024-06-06,8.38,7.59,8.48,7.59,93827.0
2024-06-07,7.58,7.94,7.99,7.5,55966.3
2024-06-11,7.9,8.16,8.21,7.53,52241.3
2024-06-12,8.34,8.51,8.61,8.25,56718.7
2024-06-13,8.5,8.47,8.66,8.34,38455.7
2024-06-14,8.42,8.47,8.48,8.3,23838.0
2024-06-17,8.57,8.34,8.57,8.31,25459.0
2024-06-18,8.45,9.18,9.18,8.36,96792.69
2024-06-19,9.29,9.91,10.1,9.24,197949.7
2024-06-20,9.38,9.15,9.51,9.12,108608.3
2024-06-21,9.01,9.21,9.51,8.61,90290.3
2024-06-24,9.21,8.63,9.36,8.55,74437.3
2024-06-25,8.8,8.51,9.2,8.32,67959.0
2024-06-26,8.34,8.68,8.69,8.15,61356.0
2024-06-27,8.61,9.54,9.54,8.48,102363.5
2024-06-28,9.47,10.5,10.5,9.38,245271.59
2024-07-01,10.62,9.8,10.62,9.61,209378.89
2024-07-02,9.8,9.97,10.41,9.8,191508.1
2024-07-03,9.86,9.35,9.92,9.3,139531.5
2024-07-04,9.49,9.65,10.01,9.06,153562.0
2024-07-05,9.38,9.37,9.82,9.11,114475.53
2024-07-08,9.29,8.75,9.32,8.73,89569.81
2024-07-09,8.64,9.01,9.22,8.4,95354.0
2024-07-10,8.88,8.97,9.27,8.69,80499.0
2024-07-11,9.11,9.13,9.26,9.0,69842.0
2024-07-12,9.13,8.98,9.2,8.9,55307.0
2024-07-15,8.98,9.89,9.89,8.97,139508.38
2024-07-16,10.06,9.95,10.62,9.92,228885.88
2024-07-17,9.7,9.53,9.74,9.43,137463.5
2024-07-18,9.38,9.8,10.09,9.12,139396.5
2024-07-19,9.74,10.16,10.49,9.46,154807.0
2024-07-22,10.82,11.18,11.18,10.82,110885.38
2024-07-23,11.32,10.75,11.95,10.74,303223.38
2024-07-24,10.37,11.19,11.64,10.37,231680.38
2024-07-25,10.64,10.42,10.82,10.19,164574.19
2024-07-26,10.39,10.11,10.54,9.95,140931.18
2024-07-29,10.04,10.65,11.01,9.84,166703.18
2024-07-30,10.39,10.52,10.89,10.3,148418.32
2024-07-31,10.35,10.72,10.81,10.3,127044.36
2024-08-01,10.51,11.07,11.2,10.46,164520.01
2024-08-02,11.0,10.73,11.0,10.53,108911.01
2024-08-05,10.6,10.15,10.7,10.07,95130.0
2024-08-06,10.28,10.31,10.43,10.15,67614.0
2024-08-07,10.28,10.39,10.71,10.21,83971.0
2024-08-08,10.33,9.85,10.4,9.84,83779.5
2024-08-09,9.93,9.71,10.03,9.67,52410.41
2024-08-12,9.73,9.44,9.73,9.34,53800.0
2024-08-13,9.5,9.49,9.54,9.3,34856.0
2024-08-14,9.52,9.9,9.92,9.49,79443.09
2024-08-15,9.81,9.84,9.92,9.66,60373.0
2024-08-16,9.74,9.74,9.91,9.66,38993.0
2024-08-19,9.74,9.8,9.94,9.65,45964.0
2024-08-20,9.74,9.39,9.74,9.35,51784.0
2024-08-21,9.39,9.28,9.55,9.21,40571.0
2024-08-22,9.3,9.45,10.13,9.21,70145.95
2024-08-23,9.43,10.4,10.4,9.36,139572.0
2024-08-26,10.44,10.53,10.9,10.03,235545.95
2024-08-27,10.38,10.64,11.0,10.33,186053.0
2024-08-28,10.3,10.48,10.53,10.13,117416.0
2024-08-29,10.38,10.42,10.67,10.19,113651.0
2024-08-30,10.42,10.85,11.27,10.32,223706.53
2024-09-02,10.68,10.47,11.02,10.44,160136.53
2024-09-03,10.46,11.05,11.08,10.46,174983.5
2024-09-04,10.82,10.9,11.14,10.73,118974.0
2024-09-05,10.9,10.78,11.05,10.71,83858.0
2024-09-06,10.7,10.53,11.44,10.49,115818.73
2024-09-09,10.39,10.57,10.98,10.24,91396.0
2024-09-10,10.58,10.98,11.18,10.51,194498.32
2024-09-11,10.74,10.69,10.9,10.44,157076.82
2024-09-12,10.68,10.86,11.01,10.55,166929.01
2024-09-13,10.63,9.89,10.63,9.88,170002.01
2024-09-18,9.97,10.88,10.88,9.8,141926.69
2024-09-19,11.94,11.97,11.97,11.55,129274.19
2024-09-20,13.17,13.17,13.17,13.17,22044.0
2024-09-23,14.49,14.49,14.49,14.49,13173.0
2024-09-24,15.03,14.67,15.94,14.61,579070.39
2024-09-25,13.2,13.78,15.2,13.2,457483.42
2024-09-26,13.17,12.98,13.39,12.72,319153.07
2024-09-27,12.81,13.37,13.57,12.81,332008.11
2024-09-30,13.48,14.7,14.7,13.48,405823.65
2024-10-08,16.17,16.17,16.17,15.14,359440.38
2024-10-09,16.15,14.57,16.22,14.56,282739.48
2024-10-10,14.07,13.61,14.43,13.16,185099.11
2024-10-11,13.36,14.97,14.97,13.34,210938.0
2024-10-14,15.44,16.47,16.47,14.45,414361.11
2024-10-15,16.47,16.67,18.04,15.78,439927.34
2024-10-16,15.9,16.37,17.35,15.78,289608.02
2024-10-17,18.0,18.01,18.01,17.21,190707.63
2024-10-18,19.09,19.82,19.82,18.77,527048.36
2024-10-21,18.64,21.12,21.75,18.5,446829.36
2024-10-22,21.12,20.64,22.38,19.85,391487.02
2024-10-23,20.03,19.55,20.75,19.19,249601.16
2024-10-24,19.37,20.15,20.64,18.44,244176.03
2024-10-25,19.96,19.52,19.97,19.22,182083.93
2024-10-28,18.82,20.02,20.69,18.82,252194.4
2024-10-29,19.73,19.12,19.98,19.09,189907.05
2024-10-30,18.85,18.57,18.85,18.3,158564.19
2024-10-31,18.78,19.57,20.43,18.36,287765.22
2024-11-01,18.94,17.62,19.12,17.62,182819.0
2024-11-04,15.86,16.81,17.41,15.86,150563.4
2024-11-05,16.82,17.55,17.93,16.69,163229.33
2024-11-06,17.45,17.59,18.18,17.23,138782.36
2024-11-07,17.33,17.28,17.36,16.87,117696.01
2024-11-08,17.45,17.43,17.9,17.41,119454.07
2024-11-11,17.68,18.4,18.57,17.68,193036.0
2024-11-12,18.41,17.75,18.43,17.49,140058.48
2024-11-13,17.51,17.65,17.66,16.9,99760.48
2024-11-14,17.49,16.95,17.66,16.94,70300.57
2024-11-15,16.95,16.13,17.23,16.08,76733.48
2024-11-18,15.92,15.23,16.12,15.0,84952.84
2024-11-19,15.23,15.61,15.61,15.08,68796.13
2024-11-20,15.62,16.22,16.39,15.51,80267.0
2024-11-21,16.26,16.38,16.86,16.02,81907.48
2024-11-22,16.11,15.5,16.33,15.48,70491.65
2024-11-25,15.84,16.05,16.24,15.23,72894.36
2024-11-26,16.05,15.85,16.45,15.77,61517.0
2024-11-27,15.71,16.09,16.13,15.24,60112.52
2024-11-28,15.99,16.14,16.37,15.99,62588.96
2024-11-29,16.24,16.37,16.53,16.11,84648.52
2024-12-02,16.42,16.56,16.56,16.17,76031.52
2024-12-03,16.52,17.26,17.37,16.36,158311.52
2024-12-04,17.15,16.5,17.16,16.42,103976.89
2024-12-05,16.4,16.52,16.65,16.33,58114.01
2024-12-06,16.64,16.68,16.93,16.55,62893.88
2024-12-09,16.6,16.44,16.68,16.16,56126.84
2024-12-10,16.83,16.4,16.91,16.35,62955.41
2024-12-11,16.34,16.42,16.49,16.28,41488.01
2024-12-12,16.55,18.07,18.07,16.51,143054.98
2024-12-13,18.07,18.08,18.8,17.72,351013.04
2024-12-16,17.93,18.54,18.67,17.5,237036.21
2024-12-17,18.04,16.73,18.21,16.69,166664.47
2024-12-18,16.57,16.91,17.25,15.5,143819.77
2024-12-19,16.91,18.61,18.61,16.9,366653.18
2024-12-20,17.7,18.09,18.57,17.39,319186.05
2024-12-23,16.33,16.28,17.51,16.28,252984.24
2024-12-24,14.66,14.66,14.95,14.66,63387.0
2024-12-25,13.2,13.2,13.2,13.2,35453.0
2024-12-26,11.88,14.01,14.43,11.88,302880.95
2024-12-27,13.16,13.06,13.77,12.9,177321.83
2024-12-30,12.87,12.4,13.07,12.36,114387.37
2024-12-31,12.4,12.48,13.05,12.22,120977.75
2025-01-02,12.38,12.79,12.98,12.02,119760.37
2025-01-03,12.81,11.55,12.99,11.51,123929.75
2025-01-06,11.18,11.29,11.66,10.91,84810.46
2025-01-07,11.41,11.82,11.83,11.41,86097.07
2025-01-08,11.75,12.09,12.16,11.63,99782.01
2025-01-09,12.05,11.96,12.2,11.92,82884.3
2025-01-10,11.96,11.28,12.05,11.27,82023.45
2025-01-13,11.18,11.25,11.28,10.71,69987.0
2025-01-14,11.3,11.91,11.91,11.3,78520.0
2025-01-15,12.24,12.1,12.54,11.98,117410.0
2025-01-16,12.23,12.26,12.48,12.05,95929.01
2025-01-17,12.16,12.0,12.21,11.9,69347.0
2025-01-20,10.8,10.8,10.8,10.8,44590.0
2025-01-21,10.15,10.33,10.66,10.15,209233.0
2025-01-22,10.0,9.74,10.1,9.65,143337.51
2025-01-23,9.77,9.56,10.18,9.54,123121.5
2025-01-24,9.47,9.5,9.63,9.34,86430.01
2025-01-27,9.54,9.39,9.71,9.34,69209.5
2025-02-05,9.61,10.33,10.33,9.58,100505.47
2025-02-06,10.48,10.72,10.98,10.43,217442.47
2025-02-07,10.72,11.46,11.79,10.64,220911.46
2025-02-10,11.68,12.6,12.6,11.36,194050.0
2025-02-11,12.85,12.36,13.16,12.33,270321.95
2025-02-12,12.33,12.63,12.79,12.13,183709.53
2025-02-13,12.64,12.24,12.74,12.21,141273.16
2025-02-14,12.24,12.32,12.47,11.94,117495.0
2025-02-17,12.39,12.42,12.57,12.22,107696.1
2025-02-18,12.42,11.86,12.45,11.73,109073.0
2025-02-19,11.93,11.93,12.08,11.74,79310.3
2025-02-20,11.86,11.83,11.98,11.67,70310.0
2025-02-21,11.83,12.08,12.1,11.5,107097.0
2025-02-24,10.87,11.53,11.67,10.87,152866.0
2025-02-25,11.55,11.91,12.16,11.55,175625.37
2025-02-26,12.05,11.56,12.16,11.47,123843.37
2025-02-27,11.56,11.33,11.86,11.14,98934.0
2025-02-28,11.28,10.9,11.37,10.87,78714.0
2025-03-03,11.09,10.99,11.23,10.88,70195.0
2025-03-04,10.93,11.08,11.09,10.75,60933.17
2025-03-05,11.05,10.99,11.09,10.72,69633.0
2025-03-06,11.05,11.41,11.51,10.99,110615.0
2025-03-07,11.31,11.04,11.37,10.98,86632.0
2025-03-10,11.05,10.96,11.05,10.88,49154.0
2025-03-11,10.96,11.03,11.05,10.79,48417.0
2025-03-12,11.1,11.05,11.14,10.98,50222.0
2025-03-13,11.04,10.84,11.04,10.69,54916.33
2025-03-14,10.85,11.06,11.07,10.73,63650.0
2025-03-17,11.14,11.21,11.43,11.14,95848.0
2025-03-18,11.21,11.02,11.21,10.98,60471.0
2025-03-19,11.01,10.82,11.01,10.79,51281.0
2025-03-20,10.81,10.79,10.9,10.72,40394.0
2025-03-21,10.78,10.51,10.79,10.46,48749.32
2025-03-24,10.04,9.47,10.11,9.46,151889.0
2025-03-25,9.38,9.25,9.41,9.06,92505.0
2025-03-26,9.24,9.34,9.35,9.15,48157.0
2025-03-27,9.34,9.17,9.38,9.03,48390.0
2025-03-28,9.2,9.02,9.25,8.98,43988.0
2025-03-31,8.91,8.79,8.99,8.63,54235.0
2025-04-01,8.92,9.11,9.29,8.88,67041.0
2025-04-02,9.05,8.97,9.17,8.94,39220.0
2025-04-03,8.94,8.86,8.98,8.79,34749.0
2025-04-07,8.41,7.97,8.41,7.97,24554.0
2025-04-08,7.66,7.81,8.12,7.53,69768.0
2025-04-09,7.75,8.01,8.05,7.04,73354.0
2025-04-10,8.04,8.23,8.39,8.04,65456.0
2025-04-11,8.3,8.25,8.33,8.15,41459.0
2025-04-14,8.3,8.42,8.44,8.3,40607.0
2025-04-15,8.43,9.25,9.25,8.43,144207.0
2025-04-16,9.15,8.79,9.15,8.64,155314.0
2025-04-17,8.74,9.27,9.3,8.67,144502.7
2025-04-18,9.18,8.97,9.26,8.78,103924.5
2025-04-21,8.13,8.54,8.61,8.13,106909.03
2025-04-22,8.33,8.21,8.48,8.17,82497.33
2025-04-23,8.26,8.16,8.33,8.16,58196.72
2025-04-24,8.12,7.86,8.15,7.76,64735.5
2025-04-25,7.86,7.88,7.98,7.83,38666.51
2025-04-28,7.83,7.57,7.83,7.45,65960.0
2025-04-30,7.19,7.19,7.19,7.19,1441.0
2025-05-06,6.83,6.83,6.83,6.83,9181.0
2025-05-07,6.49,6.97,7.13,6.49,291124.98
2025-05-08,6.76,6.76,7.05,6.65,164066.32
2025-05-09,6.83,6.97,7.09,6.82,158549.2
2025-05-12,7.04,7.32,7.32,7.04,84868.01
2025-05-13,7.63,7.69,7.69,7.39,146448.32
2025-05-14,7.9,7.65,8.07,7.5,147589.51
2025-05-15,7.8,7.85,8.03,7.67,138926.01
2025-05-16,7.76,7.46,7.88,7.46,164922.51
2025-05-19,7.62,7.75,7.81,7.49,104740.0
2025-05-20,7.85,8.14,8.14,7.81,122338.6
2025-05-21,8.12,8.54,8.54,8.01,125099.64
2025-05-22,8.65,8.48,8.93,8.24,132944.19
2025-05-23,8.58,8.2,8.6,8.08,101038.0
2025-05-26,8.19,8.6,8.6,8.19,75104.68
2025-05-27,8.88,9.04,9.04,8.73,84360.0
2025-05-28,9.15,8.97,9.49,8.78,135686.0
2025-05-29,9.11,8.92,9.34,8.85,95801.0
2025-05-30,8.65,9.36,9.36,8.65,121612.16
2025-06-03,9.25,9.25,9.65,9.14,92582.16
2025-06-04,9.18,9.13,9.38,9.02,70462.16
2025-06-05,9.11,8.89,9.25,8.79,72174.0
2025-06-06,8.89,8.92,9.04,8.79,55555.3
2025-06-09,8.93,8.98,9.15,8.79,66381.0
2025-06-10,8.93,8.86,9.06,8.72,95514.98
2025-06-11,8.87,9.11,9.12,8.85,63842.0
2025-06-12,9.11,8.84,9.19,8.77,76712.0
2025-06-13,8.79,8.4,8.84,8.4,81257.51
2025-06-16,8.3,8.57,8.61,8.3,45318.0
2025-06-17,8.51,8.5,8.68,8.42,35213.0
2025-06-18,8.48,8.3,8.49,8.19,47911.01
2025-06-19,8.28,8.03,8.39,7.98,47222.0
2025-06-20,8.05,7.73,8.09,7.68,41510.0
2025-06-23,7.71,7.89,7.97,7.58,38950.07
2025-06-24,7.94,8.09,8.25,7.89,36141.0
2025-06-25,8.16,7.94,8.16,7.87,33948.0
2025-06-26,7.92,7.89,8.0,7.87,26803.0
2025-06-27,7.9,7.82,7.95,7.8,35567.0
2025-06-30,7.78,7.98,8.05,7.78,46367.01
2025-07-01,7.98,8.13,8.14,7.94,39310.0
2025-07-02,8.14,8.03,8.16,7.96,37198.0
2025-07-03,8.04,8.07,8.18,7.99,30669.0
2025-07-04,8.02,7.91,8.11,7.89,33794.0
2025-07-07,7.94,8.31,8.31,7.94,84229.0
2025-07-08,8.32,8.43,8.51,8.21,81834.0
2025-07-09,8.48,8.29,8.48,8.26,38031.65
2025-07-10,8.33,8.3,8.39,8.22,34114.0
2025-07-11,8.27,8.22,8.29,8.14,35795.0
2025-07-14,8.15,7.99,8.21,7.92,48202.0
2025-07-15,7.94,7.87,8.05,7.72,41622.0
2025-07-16,7.92,7.96,8.06,7.85,38114.0
2025-07-17,7.99,7.99,7.99,7.8,28223.0
2025-07-18,7.96,7.96,8.09,7.95,25612.0
2025-07-21,7.92,7.95,8.0,7.9,32878.0
2025-07-22,7.95,7.79,7.95,7.78,35166.01
2025-07-23,7.79,7.73,7.79,7.72,25799.72
2025-07-24,7.71,7.77,7.8,7.68,20144.0
2025-07-25,7.85,7.87,8.02,7.84,43133.0
2025-07-28,7.88,7.96,7.98,7.84,31864.29
2025-07-29,7.95,7.94,7.96,7.87,19814.0
2025-07-30,7.92,7.96,8.18,7.89,34411.38
2025-07-31,7.96,7.92,8.02,7.78,32358.51
2025-08-01,7.86,8.0,8.02,7.8,28744.0
2025-08-04,8.0,8.05,8.06,7.93,27852.0
2025-08-05,8.06,8.25,8.35,8.02,51832.1
2025-08-06,8.23,8.19,8.26,8.09,32916.09
2025-08-07,8.2,8.14,8.27,8.12,30273.0
2025-08-08,8.17,8.06,8.22,8.0,38863.57
2025-08-11,8.09,8.06,8.13,8.03,28406.0
2025-08-12,8.08,8.24,8.24,8.04,43509.01
2025-08-13,8.25,8.15,8.31,8.14,32551.01
2025-08-14,8.15,7.92,8.17,7.92,37607.01
2025-08-15,7.92,8.32,8.32,7.92,49367.73
2025-08-18,8.41,8.49,8.69,8.34,90541.01
2025-08-19,8.63,8.66,8.7,8.49,47863.0
2025-08-20,8.61,8.73,8.73,8.51,41660.91
2025-08-21,8.79,9.16,9.16,8.79,56683.09
2025-08-22,9.27,9.19,9.34,8.92,87665.1
2025-08-25,9.6,9.24,9.64,9.14,114128.76
2025-08-26,9.15,9.7,9.7,9.15,87842.02
2025-08-27,10.18,10.18,10.18,10.18,25234.7
2025-08-28,10.69,10.66,10.69,10.1,173811.17
2025-08-29,10.64,10.2,10.69,10.13,122062.07
2025-09-01,10.27,9.99,10.72,9.94,95293.0
2025-09-02,9.8,9.5,9.91,9.5,60690.0
2025-09-03,9.68,9.43,9.81,9.25,85669.75
2025-09-04,9.37,9.29,9.61,9.09,63996.07
2025-09-05,9.29,9.35,9.47,8.97,59572.0
2025-09-08,9.3,9.57,9.8,9.3,64380.0
2025-09-09,9.58,9.41,9.66,9.38,43552.0
2025-09-10,9.41,9.61,9.73,9.41,43235.1
2025-09-11,9.61,9.71,9.91,9.51,47961.0
2025-09-12,9.74,9.44,9.82,9.36,64657.0
2025-09-15,9.5,9.68,9.73,9.47,52743.43
2025-09-16,9.58,10.17,10.17,9.58,48472.3
2025-09-17,10.45,10.2,10.67,10.11,106594.38
2025-09-18,10.31,9.76,10.36,9.69,93656.24
2025-09-19,9.71,9.86,10.19,9.43,85145.36
2025-09-22,9.84,9.52,9.84,9.4,51169.91
2025-09-23,9.45,9.21,9.47,9.05,51503.2
2025-09-24,9.49,9.61,9.67,9.36,80611.28
2025-09-25,9.43,9.45,9.52,9.22,60615.38
2025-09-26,9.43,9.45,9.51,9.13,45222.38
2025-09-29,9.43,9.55,9.69,9.23,40747.0
2025-09-30,10.03,10.03,10.03,10.03,10673.32
2025-10-09,10.53,10.53,10.53,10.53,8187.0
2025-10-10,10.64,11.06,11.06,10.54,162581.95
2025-10-13,11.0,11.61,11.61,10.68,62829.18
2025-10-14,12.19,12.04,12.19,11.56,141487.03
2025-10-15,12.02,11.61,12.53,11.46,141703.0
2025-10-16,11.42,11.62,11.95,11.39,106706.0
2025-10-17,11.37,11.04,11.54,11.04,88721.0
2025-10-20,11.21,11.59,11.59,11.18,58048.01
2025-10-21,11.93,11.61,12.15,11.49,90870.0
2025-10-22,11.71,11.85,11.91,11.53,60539.8
2025-10-23,12.09,12.45,12.45,11.82,110079.71
2025-10-24,12.45,12.12,12.61,11.95,108413.64
2025-10-27,12.09,12.05,12.22,11.83,65928.78
2025-10-28,12.0,11.52,12.0,11.46,96694.26
2025-10-29,11.48,11.37,11.73,11.26,49296.0
2025-10-30,11.37,11.41,11.94,11.29,80237.86
2025-10-31,10.84,11.08,11.19,10.84,101921.57
2025-11-03,11.06,11.63,11.63,10.85,93420.65
2025-11-04,11.73,11.62,11.91,11.46,85883.0
2025-11-05,11.91,12.02,12.19,11.68,129398.64
2025-11-06,11.68,11.42,11.73,11.42,62989.63
2025-11-07,11.02,11.21,11.4,10.88,88777.65
2025-11-10,11.21,10.81,11.26,10.68,86968.27
2025-11-11,10.86,10.8,10.91,10.63,48468.0
2025-11-12,10.73,10.77,10.79,10.35,64355.42
2025-11-13,10.65,10.37,10.72,10.33,64606.0
2025-11-14,10.34,10.47,10.62,10.29,43136.0
2025-11-17,10.56,10.24,10.58,10.08,54166.0
2025-11-18,10.33,10.5,10.75,10.33,82917.72
2025-11-19,10.34,10.08,10.34,9.98,58419.37
2025-11-20,10.0,10.0,10.08,9.8,38760.72
2025-11-21,9.88,9.51,9.91,9.51,53887.0
2025-11-24,9.52,9.7,9.86,9.34,29917.0
2025-11-25,9.69,9.76,9.94,9.67,27438.79
2025-11-26,9.74,9.63,9.88,9.6,25462.0
2025-11-27,9.65,10.11,10.11,9.61,26951.0
2025-11-28,10.44,10.62,10.62,10.29,101321.5
2025-12-01,10.76,11.15,11.15,10.63,92745.0
2025-12-02,11.21,10.81,11.36,10.7,65910.5
2025-12-03,10.77,10.52,11.08,10.43,54945.22
2025-12-04,10.58,10.3,10.68,10.25,32837.0
2025-12-05,10.26,10.46,10.46,10.08,27668.0
2025-12-08,10.57,10.24,10.66,10.19,35808.53
2025-12-09,10.24,10.26,10.4,10.18,20756.0
2025-12-10,10.25,10.77,10.77,10.1,63741.52
2025-12-11,10.23,10.23,10.41,10.23,59199.0
2025-12-12,10.07,9.84,10.25,9.76,45190.01
2025-12-15,9.74,9.76,9.97,9.63,21548.72
2025-12-16,9.76,9.41,9.85,9.29,27769.89
2025-12-17,9.34,9.2,9.41,8.94,47551.07
2025-12-18,9.2,9.41,9.61,9.18,23290.5
2025-12-19,9.38,9.53,9.58,9.33,14060.0
2025-12-22,9.54,9.55,9.69,9.48,15778.0
2025-12-23,9.55,9.27,9.79,9.13,28691.0
2025-12-24,9.31,9.54,9.71,9.16,22633.0
2025-12-25,9.54,9.85,9.85,9.54,26841.37
2025-12-26,9.84,9.82,9.91,9.68,21412.15
2025-12-29,9.83,9.81,10.1,9.66,27590.0
2025-12-30,9.78,10.17,10.29,9.68,40997.42
2025-12-31,10.19,9.99,10.24,9.98,18056.0
2026-01-05,9.99,9.86,9.99,9.68,37855.73
2026-01-06,9.86,9.89,10.06,9.83,25966.73
2026-01-07,9.89,9.61,9.92,9.54,25585.0
2026-01-08,9.56,9.39,9.68,9.36,36705.73
2026-01-09,9.41,9.54,9.62,9.41,23824.93
2026-01-12,9.52,9.57,9.63,9.43,31789.0
2026-01-13,9.58,10.05,10.05,9.49,54818.0
2026-01-14,10.05,10.28,10.44,9.93,58607.38
2026-01-15,10.19,9.83,10.5,9.82,42137.0
2026-01-16,9.92,10.05,10.33,9.89,61578.21
2026-01-19,9.8,9.84,10.02,9.54,56602.14
2026-01-20,9.78,10.33,10.34,9.75,64237.63
2026-01-21,10.35,10.3,10.69,10.24,49564.0
2026-01-22,10.44,10.81,10.81,10.39,43186.0
2026-01-23,11.08,11.36,11.36,10.84,64370.3
2026-01-26,11.73,11.47,11.91,11.14,69558.0
2026-01-27,11.56,11.06,11.64,10.9,65874.0
2026-01-28,11.18,10.51,11.18,10.51,66100.0
2026-01-29,10.64,10.84,11.01,10.42,56032.0
2026-01-30,10.82,11.38,11.38,10.53,55252.57
2026-02-02,10.81,10.81,10.81,10.81,2952.0
2026-02-03,10.27,10.27,10.27,10.27,2503.0
2026-02-04,9.76,9.76,9.76,9.76,3312.0
2026-02-05,9.27,9.27,9.27,9.27,3930.0
2026-02-06,8.81,8.81,8.81,8.81,2626.0
2026-02-09,8.37,8.37,8.37,8.37,3681.0
2026-02-10,7.96,7.96,7.96,7.96,9198.0
2026-02-11,7.56,7.56,7.56,7.56,5019.0
2026-02-12,7.18,7.18,7.18,7.18,4966.0
2026-02-13,6.82,7.54,7.54,6.82,284859.39
2026-02-24,7.16,7.16,7.16,7.16,21243.0
2026-02-25,6.8,6.8,6.98,6.8,201184.0
2026-02-26,6.58,6.46,6.76,6.46,121411.3
2026-02-27,6.16,6.22,6.43,6.13,142812.73
2026-03-02,5.93,5.92,6.05,5.92,38061.0
2026-03-03,5.62,5.62,5.62,5.62,7328.0
2026-03-04,5.34,5.34,5.34,5.34,3010.0
2026-03-05,5.07,5.07,5.32,5.07,212942.46
2026-03-06,4.82,4.82,4.93,4.82,120439.46
2026-03-09,4.57,4.57,4.65,4.57,81543.46
2026-03-10,4.59,4.8,4.8,4.59,76590.71
2026-03-11,5.04,5.04,5.04,5.04,8374.0
2026-03-12,5.29,5.29,5.29,5.29,7314.0
2026-03-13,5.3,5.56,5.56,5.05,235821.74
2026-03-16,5.73,5.28,5.77,5.28,117030.07
2026-03-17,5.01,5.01,5.01,5.01,6902.0
2026-03-18,4.76,4.76,4.76,4.76,5082.0
2026-03-19,4.53,5.0,5.0,4.53,145953.69
2026-03-20,4.74,4.74,5.2,4.74,167213.1
2026-03-23,4.51,4.51,4.65,4.51,84241.0
2026-03-24,4.34,4.65,4.73,4.28,114291.4
2026-03-25,4.68,4.61,4.73,4.46,88743.0
2026-03-26,4.6,4.6,4.74,4.54,60489.2
2026-03-27,4.51,4.55,4.63,4.46,54972.2
2026-03-30,4.5,4.34,4.56,4.33,60340.49
2026-03-31,4.39,4.12,4.47,4.12,88801.96
2026-04-01,3.91,3.91,4.01,3.91,45779.0
2026-04-02,3.72,3.72,3.72,3.72,6773.0
2026-04-03,3.53,3.53,3.53,3.53,6891.0
2026-04-07,3.35,3.35,3.35,3.35,6404.0
2026-04-08,3.17,3.18,3.51,3.17,178429.84
2026-04-09,3.02,3.02,3.12,3.02,125479.62
2026-04-10,2.87,2.87,3.07,2.87,131061.63
2026-04-13,2.72,2.83,2.93,2.72,110413.57
2026-04-14,2.88,2.98,2.98,2.88,31353.01
2026-04-15,3.13,3.13,3.13,3.13,26172.0
2026-04-16,3.28,3.28,3.28,3.28,7281.0
2026-04-17,3.45,3.39,3.45,3.14,204317.31
2026-04-20,3.22,3.22,3.22,3.22,18523.0
2026-04-21,3.06,3.06,3.06,3.06,3703.0
2026-04-22,2.9,2.9,2.9,2.9,3585.0
2026-04-23,2.76,2.76,2.76,2.76,8862.0
2026-04-24,2.62,2.62,2.62,2.62,13372.0
2026-04-27,2.49,2.49,2.49,2.49,25142.0
2026-06-23,0.24,0.28,0.4,0.23,251733.55
2026-06-24,0.26,0.25,0.27,0.25,43237.0
2026-06-25,0.23,0.23,0.24,0.23,127798.43
2026-06-26,0.23,0.25,0.25,0.23,113589.3
2026-06-29,0.25,0.28,0.28,0.24,93218.0
2026-06-30,0.27,0.31,0.31,0.27,24545.1
2026-07-01,0.33,0.33,0.33,0.3,115105.19
2026-07-02,0.32,0.37,0.37,0.32,94991.42
2026-07-03,0.36,0.41,0.41,0.33,62673.34
2026-07-06,0.41,0.37,0.45,0.37,69960.73
2026-07-07,0.37,0.36,0.4,0.33,77413.23
2026-07-08,0.35,0.34,0.37,0.32,46985.7
2026-07-09,0.35,0.38,0.38,0.35,53756.04
2026-07-10,0.41,0.41,0.41,0.41,36305.89
2026-07-13,0.46,0.46,0.46,0.46,34886.17
