date,open,close,high,low,volume
2013-01-04,9.64,9.52,9.85,9.48,20937.95
2013-01-07,9.46,9.4,9.51,9.27,24959.62
2013-01-08,9.35,10.15,10.23,9.35,47383.2
2013-01-09,10.13,10.11,10.33,10.0,27360.48
2013-01-10,10.11,10.77,11.12,10.1,66897.08
2013-01-14,10.66,10.74,10.94,9.91,86688.68
2013-01-15,10.74,10.66,10.79,10.43,56877.25
2013-01-16,10.66,11.26,11.32,10.66,97726.37
2013-01-17,11.26,10.97,11.5,10.94,45321.86
2013-01-18,10.93,11.16,11.31,10.93,34905.44
2013-01-21,11.25,10.92,11.25,10.64,47557.03
2013-01-22,10.87,10.69,11.06,10.59,25101.25
2013-01-23,10.68,10.7,10.9,10.58,30034.24
2013-01-24,10.66,10.16,10.7,9.98,53069.61
2013-01-25,10.16,10.3,10.4,10.0,22494.97
2013-01-28,10.38,11.2,11.27,10.36,74494.05
2013-01-29,11.26,11.24,11.33,11.01,49716.32
2013-01-30,11.45,11.3,11.64,11.24,60118.89
2013-01-31,11.3,12.19,12.38,11.3,91697.06
2013-02-01,12.24,13.1,13.33,12.17,120169.42
2013-02-04,13.19,12.74,13.34,12.53,64469.47
2013-02-05,12.67,13.26,13.31,12.58,59488.09
2013-02-06,13.23,13.81,14.0,13.21,81580.55
2013-02-07,13.68,14.24,14.52,13.6,49664.04
2013-02-08,14.2,15.32,15.32,14.1,52153.02
2013-02-18,15.3,15.3,15.58,14.87,56427.06
2013-02-21,15.19,14.93,16.4,13.77,115231.07
2013-02-22,15.47,15.32,15.79,14.74,71715.06
2013-02-25,14.92,13.85,15.1,13.79,148787.18
2013-02-26,13.11,12.5,13.51,12.5,124013.53
2013-02-27,12.44,12.91,13.2,12.35,86019.93
2013-02-28,12.93,13.09,13.26,12.58,68433.56
2013-03-01,13.1,14.4,14.4,12.86,101412.57
2013-03-11,12.97,12.96,13.3,12.96,27903.0
2013-03-12,11.92,12.43,13.2,11.83,141975.66
2013-03-13,12.1,12.35,12.43,12.03,57557.07
2013-03-14,12.26,11.82,12.34,11.77,58171.85
2013-03-15,11.75,11.94,12.23,11.75,55940.68
2013-03-18,12.0,12.77,12.84,12.0,66644.86
2013-03-19,12.78,12.72,13.06,12.47,44817.32
2013-03-20,12.8,12.83,12.94,12.48,45523.23
2013-03-21,12.86,12.7,13.04,12.58,69422.81
2013-03-22,12.46,11.52,12.48,11.43,220959.95
2013-03-25,11.3,11.47,11.66,11.02,142409.33
2013-03-26,11.24,11.33,11.47,11.16,68908.19
2013-03-27,11.33,10.92,11.43,10.8,129041.17
2013-03-28,10.86,10.6,10.86,10.53,69501.21
2013-03-29,10.55,10.52,11.08,10.48,63359.96
2013-04-01,10.53,10.84,11.03,10.49,59301.38
2013-04-02,10.8,10.78,10.94,10.59,38132.27
2013-04-03,10.81,10.62,10.81,10.33,46042.52
2013-04-08,10.38,10.72,10.9,10.15,48516.28
2013-04-09,10.7,10.93,11.03,10.68,46711.54
2013-04-10,10.87,11.1,11.27,10.82,61942.57
2013-04-11,11.2,10.93,11.22,10.93,36733.43
2013-04-12,10.87,10.85,11.1,10.8,23027.72
2013-04-15,10.6,10.34,10.63,10.16,39787.84
2013-04-16,9.83,9.94,10.1,9.78,62762.49
2013-04-17,10.0,10.27,10.33,9.97,45865.18
2013-04-18,10.18,10.16,10.3,10.0,29784.13
2013-04-19,10.18,10.4,10.52,10.13,38394.11
2013-04-22,10.12,10.98,11.05,10.08,88425.59
2013-04-23,10.84,10.91,11.19,10.79,61161.28
2013-04-24,10.92,11.36,11.5,10.92,87588.46
2013-04-25,11.32,11.3,11.53,10.86,70597.37
2013-04-26,11.16,10.8,11.32,10.8,34524.76
2013-05-02,10.76,10.58,10.96,10.58,27100.51
2013-05-03,10.73,10.72,10.83,10.62,27617.22
2013-05-06,10.72,11.12,11.17,10.66,34780.93
2013-05-07,11.12,11.45,11.45,11.06,57035.23
2013-05-08,11.36,11.34,11.66,11.28,51015.33
2013-05-09,11.35,11.36,11.46,11.09,35979.23
2013-05-10,11.36,11.53,11.55,11.23,33746.57
2013-05-13,11.53,11.65,11.87,11.53,41216.17
2013-05-14,11.66,11.65,11.84,11.48,31229.23
2013-05-15,11.66,12.06,12.12,11.66,55102.11
2013-05-16,11.94,12.08,12.42,11.93,60813.9
2013-05-17,12.08,12.24,12.3,11.66,72587.36
2013-05-20,12.4,12.52,12.64,12.12,76002.04
2013-05-21,12.52,12.86,12.88,12.34,66523.07
2013-05-22,12.98,12.52,12.98,12.46,53107.67
2013-05-23,12.53,12.26,12.64,12.14,43924.3
2013-05-24,12.27,12.06,12.4,11.9,45870.13
2013-05-27,12.0,12.48,12.48,12.0,46344.74
2013-05-28,12.26,11.52,12.32,11.23,177372.26
2013-05-29,11.36,11.23,11.39,11.13,89078.66
2013-05-30,11.18,11.33,11.58,11.16,65505.92
2013-05-31,11.37,11.32,11.46,11.19,52141.72
2013-06-03,11.27,11.09,11.38,11.0,42219.37
2013-06-04,11.06,10.73,11.13,10.44,54558.16
2013-06-05,10.66,10.86,10.9,10.53,26680.48
2013-06-06,10.9,11.16,11.32,10.9,44119.93
2013-06-07,11.18,10.98,11.32,10.83,24646.0
2013-06-13,10.78,10.92,10.96,10.1,36531.48
2013-06-14,10.9,11.0,11.14,10.8,23714.59
2013-06-17,11.0,10.96,11.12,10.73,24886.72
2013-06-18,10.92,10.66,10.96,10.44,26596.59
2013-06-19,10.53,10.5,10.65,10.29,26637.48
2013-06-20,10.5,10.07,10.5,10.07,24520.64
2013-06-21,10.0,10.06,10.06,9.48,34953.0
2013-06-24,10.0,9.2,10.03,9.07,24599.45
2013-06-25,9.06,8.92,9.26,8.28,69015.3
2013-06-26,8.65,8.66,8.82,8.33,50868.55
2013-06-27,8.64,8.6,8.97,8.53,42058.38
2013-06-28,8.68,8.83,8.95,8.68,35851.15
2013-07-01,8.83,9.28,9.44,8.76,38718.39
2013-07-02,9.13,9.42,9.68,9.13,33638.03
2013-07-03,9.7,9.88,10.1,9.53,71526.64
2013-07-04,9.79,9.8,9.9,9.68,32622.99
2013-07-05,9.7,9.59,9.83,9.33,22407.32
2013-07-08,9.33,9.11,9.46,9.1,17329.03
2013-07-09,9.02,9.0,9.26,8.98,12763.53
2013-07-10,9.0,9.5,9.52,8.98,35904.78
2013-07-11,9.66,9.59,9.7,9.44,40151.75
2013-07-12,9.56,9.26,9.66,9.26,27420.29
2013-07-15,9.32,9.57,9.64,9.26,43916.45
2013-07-16,9.54,9.58,9.62,9.44,23699.81
2013-07-17,9.58,9.34,9.6,9.33,24459.79
2013-07-18,9.4,9.42,9.54,9.14,24969.41
2013-07-19,9.4,9.4,9.61,9.39,24543.43
2013-07-22,9.36,10.0,10.18,9.34,73412.15
2013-07-23,10.08,10.43,10.43,9.92,122076.4
2013-07-24,10.4,10.33,10.58,10.17,67044.96
2013-07-25,10.38,10.0,10.52,9.93,24081.44
2013-07-26,10.01,9.9,10.05,9.68,21062.66
2013-07-29,9.78,9.6,9.93,9.53,17317.89
2013-07-30,9.47,9.57,9.79,9.47,14391.27
2013-07-31,9.55,9.55,9.76,9.44,15062.95
2013-08-01,9.56,9.73,9.99,9.56,27731.79
2013-08-02,9.8,9.71,9.86,9.58,17508.67
2013-08-05,9.71,9.78,9.96,9.71,19224.63
2013-08-06,9.98,9.96,10.03,9.79,27560.61
2013-08-07,9.96,9.84,10.0,9.81,18342.47
2013-08-08,9.82,9.8,9.93,9.66,19787.31
2013-08-09,9.84,9.93,9.98,9.68,41368.83
2013-08-12,9.53,9.28,9.53,8.96,76535.44
2013-08-13,9.19,9.22,9.38,9.14,46038.6
2013-08-14,9.23,9.25,9.3,9.17,24317.09
2013-08-15,9.24,8.84,9.24,8.82,45874.75
2013-08-16,8.79,8.78,8.96,8.7,38894.88
2013-08-19,8.72,8.94,8.98,8.63,21079.51
2013-08-20,8.96,8.89,8.96,8.8,16746.62
2013-08-21,8.8,8.85,8.92,8.73,15270.4
2013-08-22,8.85,8.86,8.88,8.8,20426.35
2013-08-23,8.88,8.9,9.06,8.77,18442.33
2013-08-26,8.96,8.95,8.96,8.83,25364.99
2013-08-27,8.96,9.0,9.0,8.88,26342.48
2013-08-28,8.92,9.04,9.19,8.9,32149.91
2013-08-29,9.03,9.6,9.72,8.95,101678.52
2013-08-30,9.68,9.53,9.68,9.24,52101.86
2013-09-02,9.58,9.31,9.58,9.25,23002.62
2013-09-03,9.34,9.38,9.44,9.24,18968.84
2013-09-04,9.4,9.32,9.44,9.28,22544.81
2013-09-05,9.3,9.43,9.43,9.22,22508.67
2013-09-06,9.45,9.56,10.09,9.43,92221.71
2013-09-09,9.54,9.4,9.65,9.38,32167.44
2013-09-10,9.7,9.43,9.7,9.39,20656.8
2013-09-11,9.44,9.49,9.49,9.21,27407.33
2013-09-12,9.46,9.51,9.88,9.4,74986.12
2013-09-13,9.46,9.55,9.63,9.32,24737.91
2013-09-16,9.52,9.69,9.76,9.52,37331.58
2013-09-17,9.7,9.46,9.75,9.43,20513.21
2013-09-18,9.46,9.51,9.53,9.37,12836.03
2013-09-23,9.5,9.52,9.64,9.43,29454.04
2013-09-24,9.56,9.6,9.7,9.48,33552.71
2013-09-25,9.6,9.33,9.69,9.26,27588.38
2013-09-26,9.32,8.84,9.32,8.68,36053.54
2013-09-27,8.85,8.99,9.01,8.82,17450.05
2013-09-30,9.06,8.94,9.06,8.9,10956.18
2013-10-08,8.94,9.16,9.21,8.87,16557.29
2013-10-09,9.33,9.52,9.56,9.2,35112.66
2013-10-10,9.5,9.57,9.65,9.44,33422.8
2013-10-11,9.58,9.58,9.62,9.5,25445.44
2013-10-14,9.58,9.7,9.74,9.5,36007.43
2013-10-15,9.71,9.72,9.73,9.63,22511.47
2013-10-16,9.73,9.58,9.73,9.5,18754.58
2013-10-17,9.58,9.8,9.83,9.54,24311.82
2013-10-18,9.8,9.8,10.03,9.71,33547.24
2013-10-21,9.79,9.85,9.93,9.68,47919.62
2013-10-22,9.85,10.27,10.29,9.82,61758.93
2013-10-23,10.29,10.32,10.63,10.15,57885.23
2013-10-24,10.33,10.13,10.36,10.04,26179.53
2013-10-25,10.25,10.2,10.46,10.07,24501.71
2013-10-28,10.2,9.88,10.26,9.26,26870.94
2013-10-29,9.8,9.66,9.83,9.26,26962.95
2013-10-30,9.66,9.79,9.83,9.5,13377.89
2013-10-31,9.78,9.75,9.84,9.5,14503.35
2013-11-01,9.58,9.78,9.83,9.58,9480.42
2013-11-04,9.78,9.74,9.78,9.6,9035.09
2013-11-05,9.67,9.82,9.84,9.67,7084.24
2013-11-06,9.76,9.78,9.9,9.7,8813.09
2013-11-07,9.75,9.68,9.8,9.58,8910.74
2013-11-08,9.72,9.73,9.76,9.2,14002.59
2013-11-11,9.66,9.38,9.66,9.3,12272.62
2013-11-12,10.1,9.44,10.1,9.34,14339.48
2013-11-13,9.35,9.36,9.46,9.14,17680.17
2013-11-14,9.18,9.36,9.36,9.17,10019.96
2013-11-15,9.22,9.52,9.59,9.22,13464.39
2013-11-18,9.37,9.52,9.6,9.37,12613.05
2013-11-19,9.78,9.52,9.78,9.4,15847.44
2013-11-20,9.48,9.46,9.51,9.32,16310.53
2013-11-21,9.4,9.34,9.4,9.27,13521.74
2013-11-22,9.35,9.43,9.44,9.18,15087.35
2013-11-25,9.33,9.43,9.43,9.3,10064.15
2013-11-26,9.53,9.42,9.53,9.34,7747.98
2013-11-27,9.38,9.55,9.65,9.38,56417.44
2013-11-28,9.49,9.48,9.61,9.36,26930.0
2013-11-29,9.48,9.44,9.52,9.38,14309.0
2013-12-02,9.34,8.9,9.34,8.8,23943.8
2013-12-03,8.9,8.92,9.02,8.7,18980.43
2013-12-04,8.96,9.09,9.16,8.8,27773.63
2013-12-05,9.06,9.06,9.16,8.93,15779.82
2013-12-06,9.0,9.04,9.13,9.0,8169.82
2013-12-09,8.99,9.04,9.12,8.99,10706.51
2013-12-10,9.05,9.18,9.22,8.92,16352.05
2013-12-11,9.1,8.99,9.1,8.94,9158.53
2013-12-12,9.25,9.05,9.25,8.94,11399.22
2013-12-13,9.06,8.95,9.22,8.9,13828.79
2013-12-16,8.92,8.8,8.97,8.79,10837.12
2013-12-17,8.86,8.8,8.86,8.71,9489.3
2013-12-18,8.74,8.7,8.8,8.66,8896.25
2013-12-19,8.72,8.66,8.8,8.58,9201.23
2013-12-20,8.69,8.8,8.87,8.35,21198.2
2013-12-23,8.76,8.6,8.81,8.57,12838.22
2013-12-24,8.61,8.66,8.75,8.56,9320.41
2013-12-25,8.66,8.6,8.68,8.58,9282.51
2013-12-26,8.6,8.66,8.66,8.48,9434.23
2013-12-27,8.6,8.66,8.69,8.53,9177.24
2013-12-30,8.66,8.76,8.82,8.65,13668.86
2013-12-31,8.76,9.25,9.44,8.7,49068.86
2014-01-02,9.26,9.36,9.52,9.15,32811.75
2014-01-03,9.36,9.33,9.46,9.18,21840.33
2014-01-06,9.42,9.36,9.55,9.25,33559.97
2014-01-07,9.36,9.72,9.73,9.28,45961.92
2014-01-08,9.6,9.74,9.86,9.51,28605.26
2014-01-09,9.74,9.48,9.74,9.46,18958.96
2014-01-10,9.41,9.43,9.56,9.27,15799.19
2014-01-13,9.44,9.2,9.52,9.05,15472.31
2014-01-14,9.2,9.18,9.26,9.08,18774.5
2014-01-15,9.14,9.34,9.53,9.14,20464.27
2014-01-16,9.36,9.28,9.63,9.18,14499.91
2014-01-17,9.26,9.14,9.26,9.13,7032.8
2014-01-20,9.3,9.12,9.3,9.06,5459.65
2014-01-21,9.16,9.12,9.25,9.1,8672.89
2014-01-22,9.1,9.19,9.26,9.05,19834.5
2014-01-23,9.16,9.13,9.28,9.11,18927.95
2014-01-24,9.08,9.1,9.21,9.08,18372.6
2014-01-27,9.1,8.8,9.1,8.73,24314.2
2014-01-28,8.8,8.75,8.86,8.7,11294.31
2014-01-29,8.75,8.86,8.86,8.72,10515.83
2014-01-30,8.86,8.98,9.1,8.8,8077.79
2014-02-07,8.98,8.99,9.0,8.84,6234.17
2014-02-10,8.98,9.06,9.09,8.93,19954.7
2014-02-11,9.09,9.04,9.1,8.96,22084.97
2014-02-12,9.08,8.86,9.08,8.83,39180.08
2014-02-13,8.83,8.73,8.86,8.68,37585.6
2014-02-14,8.73,8.81,8.81,8.62,40336.73
2014-02-17,8.81,8.79,8.86,8.66,39540.26
2014-02-18,8.81,8.74,8.81,8.71,27013.69
2014-02-19,8.88,8.95,9.02,8.74,59507.81
2014-02-20,8.96,9.15,9.31,8.9,100953.39
2014-02-21,9.17,9.26,9.31,9.04,53348.09
2014-02-24,9.26,9.33,9.43,9.16,58576.53
2014-02-25,9.45,8.86,9.45,8.72,49690.19
2014-02-26,8.8,8.85,8.96,8.38,34263.49
2014-02-27,8.84,8.61,8.85,8.61,21651.49
2014-02-28,8.61,8.61,8.72,8.14,55481.42
2014-03-03,8.53,8.72,8.8,8.34,32876.68
2014-03-04,8.62,8.4,8.62,8.38,40455.24
2014-03-05,8.44,8.45,8.56,8.36,23806.41
2014-03-06,8.46,8.4,8.48,8.3,21777.33
2014-03-07,8.4,8.33,8.41,8.3,16435.78
2014-03-10,8.29,8.26,8.33,8.08,18339.05
2014-03-11,8.24,8.34,8.44,8.11,14521.53
2014-03-12,8.33,8.32,8.38,8.22,6708.01
2014-03-13,8.38,8.4,8.52,8.27,15096.71
2014-03-14,8.4,8.39,8.49,8.26,9436.44
2014-03-17,8.4,8.46,8.5,8.32,12479.87
2014-03-18,8.46,8.51,8.6,8.43,19069.32
2014-03-19,8.54,8.35,8.54,8.3,13815.83
2014-03-20,8.35,8.14,8.47,8.1,21104.71
2014-03-21,8.15,8.18,8.2,8.02,26561.43
2014-03-24,8.18,8.2,8.24,8.13,17867.91
2014-03-25,8.2,8.16,8.25,8.11,21597.18
2014-03-26,8.18,8.22,8.22,8.1,20059.91
2014-03-27,8.21,8.13,8.21,8.12,16480.66
2014-03-28,8.13,8.08,8.17,7.98,27095.75
2014-03-31,8.04,8.1,8.1,7.92,16095.52
2014-04-01,8.09,8.08,8.09,8.04,8949.39
2014-04-02,8.08,8.08,8.15,8.04,9673.4
2014-04-03,8.11,8.19,8.23,8.09,22970.96
2014-04-04,8.17,8.22,8.23,8.09,11511.48
2014-04-08,8.18,8.32,8.34,8.14,18616.41
2014-04-09,8.31,8.41,8.44,8.28,23030.68
2014-04-10,8.41,8.28,8.44,8.24,25758.94
2014-04-11,8.3,8.46,8.56,8.26,28190.92
2014-04-14,8.46,8.72,8.85,8.46,52375.11
2014-04-15,8.72,8.76,8.86,8.63,28311.83
2014-04-16,8.76,8.76,8.78,8.56,16362.68
2014-04-17,8.76,8.66,8.78,8.6,12241.96
2014-04-18,8.66,8.53,8.71,8.52,11431.03
2014-04-21,8.46,8.28,8.46,8.27,16735.34
2014-04-22,8.28,8.22,8.3,8.14,13211.2
2014-04-23,8.23,8.38,8.38,8.18,10607.89
2014-04-24,8.5,8.24,8.5,8.24,9869.0
2014-04-25,8.33,8.17,8.33,8.15,10608.51
2014-04-28,8.13,7.88,8.18,7.82,15817.42
2014-04-29,7.82,8.04,8.06,7.82,10751.3
2014-04-30,8.06,8.05,8.12,7.93,11741.64
2014-05-05,8.03,7.99,8.03,7.78,10518.8
2014-05-06,7.99,7.92,8.03,7.89,16446.4
2014-05-07,7.9,7.73,7.92,7.7,14274.0
2014-05-08,7.73,7.66,7.82,7.65,11039.11
2014-05-09,7.66,7.88,7.93,7.56,19517.75
2014-05-12,7.9,8.04,8.06,7.84,26481.55
2014-05-13,8.04,8.0,8.08,7.93,12573.7
2014-05-14,8.0,7.96,8.04,7.89,9964.39
2014-05-15,7.9,7.78,7.96,7.78,4694.93
2014-05-16,7.85,7.73,7.85,7.7,4727.89
2014-05-19,7.71,7.73,7.78,7.62,3827.13
2014-05-20,7.74,7.77,7.86,7.51,13621.9
2014-05-21,7.72,7.75,7.86,7.7,5239.93
2014-05-22,7.78,7.7,7.78,7.65,4419.24
2014-05-23,7.68,7.69,7.72,7.64,4990.76
2014-05-26,7.68,7.67,7.83,7.36,17078.28
2014-09-05,8.44,8.44,8.44,8.44,4262.64
2014-09-09,9.28,9.28,9.28,9.28,2386.58
2014-09-10,10.21,10.21,10.21,10.21,10372.85
2014-09-11,11.23,11.23,11.23,11.23,69043.32
2014-09-12,11.7,12.28,12.36,10.96,384482.51
2014-09-15,11.78,11.72,12.06,11.68,210734.81
2014-09-16,11.72,11.85,12.1,11.46,156067.84
2014-09-17,11.56,11.39,11.7,11.2,89679.65
2014-09-18,11.33,11.4,11.62,11.0,70808.05
2014-09-19,11.37,11.83,12.05,11.34,130977.18
2014-09-22,11.73,11.66,12.06,11.61,78901.12
2014-09-23,11.72,11.93,12.06,11.42,117077.98
2014-09-24,11.84,11.99,12.13,11.76,91089.57
2014-09-25,11.94,11.88,12.08,11.65,93423.3
2014-09-26,11.85,11.74,11.86,11.46,69208.14
2014-09-29,11.7,11.66,11.88,11.61,44129.86
2014-09-30,11.33,11.09,11.33,10.8,109391.12
2014-10-08,11.46,11.53,11.78,11.26,73994.3
2014-10-09,11.6,11.56,11.66,11.42,32069.16
2014-10-10,11.43,11.62,11.74,11.4,38090.71
2014-10-13,11.6,11.52,11.61,11.26,25151.78
2014-10-14,11.52,11.43,11.57,11.36,20620.63
2014-10-15,11.34,11.23,11.34,11.1,34474.39
2014-10-16,11.32,11.0,11.32,11.0,21531.72
2014-10-17,11.04,10.72,11.18,10.72,26250.39
2014-10-20,10.76,10.88,10.9,10.7,17962.23
2014-10-21,10.83,11.06,11.1,10.78,20602.0
2014-10-22,11.04,10.6,11.04,10.58,20640.5
2014-10-23,10.74,10.6,10.74,10.53,15854.69
2014-10-24,10.63,11.1,11.16,10.63,30696.75
2014-10-27,11.24,10.97,11.26,10.9,19416.86
2014-10-28,10.98,11.15,11.22,10.93,18207.38
2014-10-29,11.2,11.5,11.55,11.08,37165.45
2014-10-30,11.53,11.25,11.59,11.23,25178.4
2014-10-31,11.23,11.36,11.46,11.18,37026.97
2014-11-03,11.34,11.26,11.46,11.22,32334.79
2014-11-04,11.33,11.14,11.34,11.0,23364.43
2014-11-05,11.06,11.51,11.57,11.0,36089.11
2014-11-06,11.48,11.65,11.81,11.46,57306.66
2014-11-07,11.58,11.28,11.72,11.27,32371.03
2014-11-10,11.3,11.34,11.73,11.26,30972.99
2014-11-11,11.3,10.96,11.34,10.67,30972.45
2014-11-12,10.96,10.94,10.96,10.7,15167.46
2014-11-13,10.94,11.06,11.16,10.68,24364.41
2014-11-14,11.02,10.86,11.06,10.74,13037.49
2014-11-17,10.86,10.9,10.92,10.62,27907.73
2014-11-18,10.87,10.84,11.06,10.73,15341.66
2014-11-19,10.86,10.9,11.01,10.86,13213.7
2014-11-20,10.86,10.84,10.91,10.75,11136.84
2014-11-21,10.84,10.9,11.0,10.8,17271.85
2014-11-24,11.04,10.78,11.04,10.66,36089.32
2014-11-25,10.78,10.82,10.9,10.72,24494.39
2014-11-26,10.82,10.75,10.84,10.72,23445.5
2014-11-27,10.76,10.63,10.79,10.56,41822.47
2014-11-28,10.64,10.88,10.9,10.58,52932.09
2014-12-01,10.86,10.72,10.94,10.6,33633.15
2014-12-02,10.69,10.69,10.82,10.61,23087.77
2014-12-03,10.72,10.51,10.76,10.37,44901.96
2014-12-04,10.52,10.52,10.63,10.45,48167.39
2014-12-05,10.52,10.06,10.54,9.93,56721.9
2014-12-08,10.1,9.96,10.27,9.94,42194.28
2014-12-09,9.93,9.4,9.93,9.35,59785.11
2014-12-10,9.46,9.66,9.66,9.26,36134.2
2014-12-11,9.58,9.73,9.75,9.53,41063.32
2014-12-12,9.73,10.16,10.16,9.72,43439.5
2014-12-15,10.25,10.22,10.26,9.99,40781.07
2014-12-16,10.22,10.13,10.22,10.0,22378.44
2014-12-17,10.12,9.82,10.12,9.76,28492.54
2014-12-18,9.82,9.78,9.91,9.6,22050.5
2014-12-19,9.76,9.53,9.76,9.4,23955.68
2014-12-22,9.4,8.78,9.63,8.65,40386.47
2014-12-23,8.76,8.65,8.92,8.58,20186.11
2014-12-24,8.92,8.99,9.02,8.74,20222.04
2014-12-25,9.02,9.01,9.2,8.89,17619.05
2014-12-26,9.07,9.06,9.16,9.02,15863.84
2014-12-29,9.12,9.07,9.15,8.96,15408.36
2014-12-30,9.09,8.92,9.12,8.8,16423.61
2014-12-31,8.92,9.73,9.82,8.78,55362.88
2015-01-05,9.67,9.68,9.86,9.5,28415.72
2015-01-06,9.63,9.51,9.63,9.32,25888.95
2015-01-07,9.56,9.72,9.86,9.52,23742.0
2015-01-08,9.72,9.72,9.78,9.62,17418.25
2015-01-09,9.7,9.66,9.77,9.61,14459.87
2015-01-12,9.6,9.58,9.63,9.45,12569.81
2015-01-13,9.59,9.96,10.04,9.52,33159.71
2015-01-14,9.96,9.78,9.99,9.74,17797.96
2015-01-15,9.78,9.72,9.82,9.64,12700.19
2015-01-16,9.66,9.67,9.8,9.56,20632.23
2015-01-19,9.65,9.34,9.77,9.3,19784.4
2015-01-20,9.4,9.64,9.68,9.4,13058.38
2015-01-21,9.66,9.78,9.91,9.54,23774.83
2015-01-22,9.71,10.13,10.2,9.71,61559.4
2015-01-23,10.12,9.9,10.54,9.88,104078.64
2015-01-26,9.77,9.73,9.77,9.5,56832.43
2015-01-27,9.68,9.8,9.83,9.64,40874.42
2015-01-28,9.73,9.78,9.91,9.7,30777.45
2015-01-29,9.76,9.75,10.06,9.67,32506.06
2015-01-30,9.75,9.64,9.9,9.56,22719.73
2015-02-02,9.66,9.66,9.73,9.55,19569.09
2015-02-03,9.66,9.45,9.66,9.37,39132.2
2015-02-04,9.46,9.35,9.49,9.32,34659.81
2015-02-05,9.34,9.23,9.43,9.11,47323.22
2015-02-06,8.34,8.31,8.63,8.31,105820.21
2015-02-09,8.12,8.34,8.55,7.86,93348.72
2015-02-10,8.12,8.06,8.24,8.0,56355.8
2015-02-11,8.01,8.18,8.18,7.9,59749.85
2015-02-12,8.13,8.14,8.21,8.06,59521.17
2015-02-13,8.18,8.34,8.47,8.18,74814.13
2015-02-16,8.43,8.56,8.58,8.33,59912.36
2015-02-17,8.66,8.56,8.78,8.51,59942.44
2015-02-25,8.66,8.41,8.66,8.37,55869.92
2015-02-26,8.4,8.54,8.56,8.35,52798.59
2015-02-27,8.56,8.78,8.84,8.5,69665.38
2015-03-02,8.76,8.87,8.88,8.64,70179.63
2015-03-03,8.83,8.77,8.96,8.73,62070.99
2015-03-04,8.91,8.88,8.97,8.76,53376.17
2015-03-05,8.9,8.88,8.96,8.8,50596.75
2015-03-06,8.9,9.56,9.73,8.9,200006.09
2015-03-09,9.57,10.38,10.39,9.57,228881.99
2015-03-10,10.39,10.34,10.8,10.1,152658.62
2015-03-11,10.36,10.93,11.1,10.34,161062.56
2015-03-12,10.93,10.63,11.1,10.47,104437.44
2015-03-13,10.62,10.26,10.66,10.12,101558.33
2015-03-16,10.33,10.68,10.91,10.33,98630.46
2015-03-17,10.7,11.02,11.41,10.7,133055.34
2015-03-18,11.0,11.13,11.31,10.8,88252.53
2015-03-19,11.13,11.0,11.14,10.85,53566.21
2015-03-20,11.0,11.09,11.3,10.86,83212.35
2015-03-23,11.09,11.17,11.26,10.94,97289.19
2015-03-24,11.18,10.93,11.2,10.46,98111.13
2015-03-25,10.92,11.51,11.7,10.83,136712.62
2015-03-26,11.49,12.23,12.34,11.34,163461.14
2015-03-27,12.0,12.31,12.4,11.96,106788.0
2015-03-30,12.25,12.47,13.33,11.9,124731.55
2015-03-31,12.48,12.76,13.02,12.33,81404.15
2015-04-01,12.63,13.19,13.32,12.63,69655.59
2015-04-02,13.2,13.26,13.33,12.78,79098.93
2015-04-03,13.22,13.98,14.0,13.0,128497.6
2015-04-07,13.95,13.71,14.0,13.33,146227.0
2015-04-08,13.61,14.53,14.76,13.38,110556.31
2015-04-09,14.46,14.58,15.31,13.86,81290.85
2015-04-10,14.49,14.54,15.0,14.16,68935.65
2015-04-13,14.49,14.26,14.81,14.18,100710.26
2015-04-14,14.29,13.84,14.32,13.72,58524.17
2015-04-15,13.8,14.02,15.03,13.25,92340.6
2015-04-16,13.55,14.09,14.6,13.38,57049.28
2015-04-17,14.09,14.12,14.49,13.9,60695.86
2015-04-20,14.07,13.62,14.07,13.36,66754.47
2015-04-21,13.26,13.74,13.88,13.26,56331.9
2015-04-22,13.62,14.28,14.41,13.62,71042.18
2015-04-23,14.28,14.9,14.93,14.28,109304.97
2015-04-24,14.9,15.93,16.05,14.72,120473.5
2015-04-27,16.06,16.28,16.87,15.57,118012.98
2015-04-28,16.36,15.93,16.58,15.75,74481.99
2015-04-29,15.86,16.0,16.38,15.82,71193.2
2015-04-30,16.32,17.59,17.59,16.02,163499.9
2015-05-04,18.08,17.33,18.12,17.31,82422.94
2015-05-05,17.86,17.95,18.35,17.03,68607.63
2015-05-06,17.84,17.11,17.84,16.99,81006.21
2015-05-07,17.09,15.78,17.09,15.48,70037.84
2015-05-08,15.78,16.29,16.39,15.31,57427.96
2015-05-11,15.48,16.34,16.34,15.17,133935.01
2015-05-12,16.0,16.14,16.26,15.81,86078.65
2015-05-13,16.17,16.79,17.31,16.17,120097.55
2015-05-14,16.68,16.88,17.71,16.67,120345.06
2015-05-15,16.88,18.19,18.41,16.54,170886.5
2015-05-18,18.17,18.89,19.4,17.71,153163.9
2015-05-19,18.66,19.3,19.4,18.03,90757.79
2015-05-20,19.27,19.44,20.86,19.05,141724.37
2015-11-23,17.49,17.49,17.49,17.49,2277.0
2015-11-24,15.75,15.75,15.75,15.75,5320.0
2015-11-25,15.55,16.12,17.13,14.72,626835.63
2015-11-26,15.34,15.06,15.66,15.0,340870.49
2015-11-27,14.66,14.2,14.9,13.64,222427.21
2015-11-30,14.07,14.56,14.81,13.83,172408.63
2015-12-01,14.34,13.94,14.76,13.8,142662.59
2015-12-02,13.75,13.03,13.86,12.72,129076.78
2015-12-03,13.21,13.63,13.74,13.06,91860.44
2015-12-04,13.6,14.0,14.53,13.5,154914.93
2015-12-07,14.06,15.4,15.4,14.0,219001.22
2015-12-08,15.0,14.58,15.2,14.34,170658.02
2015-12-09,14.33,14.16,14.92,14.14,118451.45
2015-12-10,14.13,13.8,14.15,13.54,81308.86
2015-12-11,13.95,14.44,14.5,13.7,85245.56
2015-12-14,14.28,14.49,14.5,14.15,66062.5
2015-12-15,14.66,14.62,14.78,14.47,56979.83
2015-12-16,14.6,14.18,14.6,14.04,89211.43
2015-12-17,14.34,14.46,14.6,14.24,78384.29
2015-12-18,14.36,14.82,15.05,14.34,108561.57
2015-12-21,14.82,14.94,15.24,14.68,90272.97
2015-12-22,15.07,14.96,15.22,14.7,72129.25
2015-12-23,14.9,15.86,16.44,14.83,164516.7
2016-07-15,14.27,14.27,14.27,14.27,10372.0
2016-07-18,12.84,12.84,12.84,12.84,10071.0
2016-07-19,11.98,11.96,12.52,11.74,323546.94
2016-07-20,11.73,11.96,12.23,11.67,182448.18
2016-07-21,12.03,11.73,12.03,11.71,120493.09
2016-07-22,11.7,11.37,11.8,11.34,111857.76
2016-07-25,11.41,11.64,11.69,11.34,91485.78
2016-07-26,11.65,11.69,11.69,11.44,64250.98
2016-07-27,11.7,10.84,11.71,10.54,105358.19
2016-07-28,10.79,10.63,10.94,10.33,80957.81
2016-07-29,10.74,11.7,11.7,10.74,192472.14
2016-08-01,11.8,12.72,12.87,11.77,341476.85
2016-08-02,12.6,12.46,12.61,12.07,216155.64
2016-08-03,12.33,12.76,12.95,12.13,219036.64
2016-08-04,12.56,12.51,12.9,12.31,155764.75
2016-08-05,12.37,12.0,12.37,12.0,119718.25
2016-08-08,11.98,12.12,12.26,11.55,126396.48
2016-08-09,12.06,12.0,12.13,11.87,87564.86
2016-08-10,12.0,12.41,12.65,11.94,142312.21
2016-08-11,12.26,12.0,12.32,11.93,90034.18
2016-08-12,12.05,12.11,12.31,12.0,70108.93
2016-08-15,12.18,12.25,12.31,11.88,93842.83
2016-08-16,12.26,12.76,12.86,12.26,160307.06
2016-08-17,12.76,12.53,12.8,12.44,98178.21
2016-08-18,12.48,13.43,13.76,12.43,195296.47
2016-08-19,13.22,13.6,13.93,13.16,161508.75
2016-08-22,13.44,14.26,14.74,13.2,158773.47
2016-08-23,14.26,14.74,15.3,13.93,190130.18
2016-08-24,14.58,14.58,14.96,14.38,116304.21
2016-08-25,14.46,14.74,14.92,14.13,120006.93
2016-08-26,14.63,14.41,14.78,14.34,80916.42
2016-08-29,14.33,14.12,14.62,14.08,66273.97
2016-08-30,13.93,14.14,14.32,13.86,69778.83
2016-08-31,14.08,14.93,14.93,14.02,108871.92
2016-09-01,15.0,14.57,15.4,14.57,112748.82
2016-09-02,14.74,14.72,14.96,14.2,79944.41
2016-09-05,14.74,14.51,15.06,14.4,63493.1
2016-09-06,14.53,14.9,15.02,14.44,106651.53
2016-09-07,14.76,14.71,14.88,14.63,61069.4
2016-09-08,14.66,14.5,14.85,14.33,53240.8
2016-09-09,14.49,14.54,14.6,14.13,58548.96
2016-09-12,14.38,14.42,14.9,14.21,77275.73
2016-09-13,14.34,14.27,14.65,14.16,36992.9
2016-09-14,14.27,13.93,14.47,13.93,42920.13
2016-09-19,14.12,14.16,14.32,14.0,36591.5
2016-09-20,14.2,15.58,15.58,14.2,177612.92
2016-09-21,15.61,15.72,15.9,15.14,171836.74
2016-09-22,15.86,15.47,16.11,15.46,141736.61
2016-09-23,15.66,15.75,15.87,15.34,92730.03
2016-09-26,15.76,16.66,16.96,15.6,224038.7
2016-09-27,16.42,16.11,16.65,15.74,120830.93
2016-09-28,15.87,16.18,16.3,15.57,74147.64
2016-09-29,16.46,15.91,16.96,15.74,117759.08
2016-09-30,15.65,16.21,16.28,15.47,76268.84
2016-10-10,16.33,17.45,17.65,16.33,140467.17
2016-10-11,17.29,17.24,17.59,16.86,118038.67
2016-10-12,17.21,17.49,17.66,16.99,123676.46
2016-10-13,17.49,17.29,17.73,17.13,73825.49
2016-10-14,17.06,17.37,17.45,16.85,65970.11
2016-10-17,17.31,17.35,17.59,17.15,72380.29
2016-10-18,17.35,17.4,17.58,17.2,53896.14
2016-10-19,17.45,17.3,17.55,17.08,49388.34
2016-10-20,17.33,17.37,17.44,17.04,74849.78
2016-10-21,17.37,17.14,17.43,17.14,35874.72
2016-10-24,17.24,17.37,17.66,17.23,47187.45
2016-10-25,17.36,17.19,17.38,16.99,40913.99
2016-10-26,17.26,17.25,17.33,17.01,24033.5
2016-10-27,17.32,17.36,17.58,17.21,39395.46
2016-10-28,17.23,17.41,17.49,17.21,33171.04
2016-10-31,17.49,17.21,17.54,17.19,28813.38
2016-11-01,17.09,17.31,17.45,17.09,28547.08
2016-11-02,17.26,17.29,17.39,17.14,26636.51
2016-11-03,17.31,17.89,18.99,17.27,92270.32
2016-11-04,18.17,18.05,18.45,17.71,65175.89
2016-11-07,18.05,18.59,18.65,17.91,67011.47
2016-11-08,18.82,18.75,19.09,18.67,68202.96
2016-11-09,18.7,18.19,18.83,17.98,67356.42
2016-11-10,18.23,18.11,18.52,17.99,43752.53
2016-11-11,18.07,17.71,18.11,17.62,56179.95
2016-11-14,17.91,17.63,17.97,17.56,33925.0
2016-11-15,17.66,17.59,17.76,17.38,31556.39
2016-11-16,17.61,18.07,18.09,17.5,43932.72
2016-11-17,17.99,17.67,18.06,17.59,33857.23
2016-11-18,17.71,17.75,18.08,17.59,27447.66
2016-11-21,17.73,17.59,17.87,17.34,27498.81
2016-11-22,17.69,17.58,17.76,17.49,22416.02
2016-11-23,17.59,17.77,18.26,17.53,41909.7
2016-11-24,17.75,17.51,17.77,17.34,28615.0
2016-11-25,17.35,17.15,17.6,16.67,27063.75
2016-11-28,17.25,17.05,17.49,16.99,26207.32
2016-11-29,17.06,16.76,17.32,16.76,23934.55
2016-11-30,16.32,16.99,17.1,16.22,35587.13
2016-12-01,17.11,16.89,17.26,16.71,19444.0
2016-12-02,16.89,16.76,16.96,16.6,14290.24
2016-12-05,16.75,16.71,16.87,16.33,14913.02
2016-12-06,16.71,17.23,17.29,16.66,20876.45
2016-12-07,17.34,17.63,17.84,17.08,54614.94
2016-12-08,17.61,17.51,17.61,17.13,23816.9
2016-12-09,17.48,17.25,17.48,17.25,15854.23
2016-12-12,17.34,16.56,17.6,16.53,26881.0
2016-12-13,16.46,16.32,16.74,16.02,23934.36
2016-12-14,16.32,16.19,16.48,16.19,15399.0
2016-12-15,16.32,16.45,16.87,16.19,14369.1
2016-12-16,16.5,16.65,16.89,16.48,15942.16
2016-12-19,16.69,16.87,17.11,16.69,19846.0
2016-12-20,17.09,17.17,17.55,16.99,28772.91
2016-12-21,17.09,16.97,17.25,16.81,19525.96
2016-12-22,16.95,16.77,17.1,16.68,17322.73
2016-12-23,16.99,16.46,16.99,16.46,18517.03
2016-12-26,16.46,16.84,16.99,16.28,25391.0
2016-12-27,17.03,16.96,17.06,16.86,19931.6
2016-12-28,17.17,16.99,17.17,16.86,14426.52
2016-12-29,16.78,16.96,17.09,16.78,9952.0
2016-12-30,16.96,17.08,17.13,16.87,13976.98
2017-01-03,17.39,17.39,17.53,17.17,17278.84
2017-01-04,17.39,17.64,17.74,17.33,25821.86
2017-01-05,17.85,17.49,17.85,17.4,15946.93
2017-01-06,17.49,16.96,17.53,16.93,16663.1
2017-01-09,16.77,16.72,16.96,16.64,15141.0
2017-01-10,16.72,16.52,16.79,16.45,21516.53
2017-01-11,16.5,16.56,16.87,16.4,23479.83
2017-01-12,16.46,16.4,16.66,16.4,12201.27
2017-01-13,16.43,15.87,16.43,14.82,30746.01
2017-07-17,14.28,14.28,14.28,14.28,35691.0
2017-07-18,12.85,14.6,15.45,12.85,137785.73
2017-07-19,14.4,14.51,14.77,14.05,61568.87
2017-07-20,14.34,14.59,14.72,14.34,32301.54
2017-07-21,14.34,16.05,16.05,14.34,136019.03
2017-07-24,16.43,16.6,17.27,16.31,124240.05
2017-07-25,16.67,16.62,16.95,16.31,63792.05
2017-07-26,16.49,16.97,17.33,16.49,100040.38
2017-07-27,16.8,16.69,17.41,16.69,71277.11
2017-07-28,16.51,16.19,16.8,16.07,58216.81
2017-07-31,16.58,16.77,17.17,16.49,54586.4
2017-08-01,16.77,17.37,17.53,16.77,100044.06
2017-08-02,17.42,16.93,17.6,16.9,53135.78
2017-08-03,16.93,17.16,17.35,16.75,40550.77
2017-08-04,17.0,17.15,17.18,16.88,27038.58
2017-08-07,17.0,16.88,17.2,16.84,15525.85
2017-08-08,16.87,17.18,17.21,16.7,27273.22
2017-08-09,17.24,16.91,17.29,16.83,19149.0
2017-08-10,16.78,16.62,17.0,16.5,26921.89
2017-08-11,16.5,16.7,16.96,16.5,19487.18
2017-08-14,16.69,16.7,16.99,16.59,17164.68
2017-08-15,16.69,16.65,16.88,16.59,10618.8
2017-08-16,16.65,16.14,16.78,15.88,26464.89
2017-08-17,16.54,16.05,16.54,15.8,24821.36
2017-08-18,16.01,15.82,16.01,15.6,19432.87
2017-08-21,15.8,15.87,16.08,15.8,17737.21
2017-08-22,15.87,16.0,16.2,15.8,18947.68
2017-08-23,16.0,15.99,16.18,15.81,12074.21
2017-08-24,15.82,16.12,17.0,15.81,26612.5
2017-08-25,16.12,15.94,16.3,15.77,18377.53
2017-08-28,16.0,15.58,16.0,15.47,40968.4
2017-08-29,15.57,15.72,15.91,15.01,32900.34
2017-08-30,15.72,15.95,16.1,15.53,27208.52
2017-08-31,15.75,15.72,15.89,15.62,20795.1
2017-09-01,15.62,15.5,15.84,15.44,22262.81
2017-09-04,15.65,15.65,15.8,15.41,19164.43
2017-09-05,15.69,15.63,15.78,15.46,16405.01
2017-09-06,15.7,15.55,15.7,15.43,11722.52
2017-09-07,15.48,15.22,15.55,15.2,26471.27
2017-09-08,15.17,15.48,15.53,14.97,27679.0
2017-09-11,15.44,15.3,15.47,15.2,15589.0
2017-09-12,15.3,15.66,15.7,15.2,34324.0
2017-09-13,15.55,15.59,15.62,15.44,14134.03
2017-09-14,15.59,15.57,15.59,15.39,16734.2
2017-09-15,15.45,15.42,15.55,15.35,13111.0
2017-09-18,15.43,15.58,15.69,15.32,12772.5
2017-09-19,15.6,15.82,16.19,15.44,25538.0
2017-09-20,15.8,15.72,15.89,15.66,15105.5
2017-09-21,15.66,15.49,15.76,15.45,12805.0
2017-09-22,15.62,15.51,15.79,15.43,16834.0
2017-09-25,15.51,15.3,15.52,15.2,15151.81
2017-09-26,15.2,16.26,16.53,15.2,49781.4
2017-09-27,16.6,16.62,16.65,16.2,43615.6
2017-09-28,16.62,16.6,17.25,16.46,48409.3
2017-09-29,16.6,16.66,17.1,16.33,23525.0
2018-03-09,14.99,15.36,16.5,14.99,119701.85
2018-03-12,15.0,14.9,15.3,14.44,77439.36
2018-03-13,14.91,14.73,15.47,14.65,79099.25
2018-03-14,14.44,13.9,14.44,13.5,86336.85
2018-03-15,13.8,13.62,13.86,13.41,54685.66
2018-03-16,13.67,14.35,14.88,13.5,83452.54
2018-03-19,14.97,14.57,15.16,14.21,81231.29
2018-03-20,13.95,14.01,14.25,13.71,45453.34
2018-03-21,14.04,14.04,14.2,13.8,40203.53
2018-03-22,14.5,14.38,14.77,14.37,59317.54
2018-03-23,13.6,13.6,13.97,13.36,52546.3
2018-03-26,13.5,13.52,13.7,12.5,44377.58
2018-03-27,13.47,14.33,14.6,13.47,47693.38
2018-03-28,14.01,14.22,14.61,13.91,26629.29
2018-03-29,14.01,14.37,14.73,14.01,29354.85
2018-03-30,14.37,14.33,14.65,14.27,17106.5
2018-04-02,14.2,14.21,14.42,14.19,19259.0
2018-04-03,14.14,14.58,14.9,13.0,47863.7
2018-04-04,14.56,14.26,14.69,14.2,20217.5
2018-04-09,14.25,13.95,14.26,13.88,24091.39
2018-04-10,14.14,14.14,14.18,13.6,21666.26
2018-04-11,14.05,14.13,14.18,13.99,16435.45
2018-04-12,14.12,14.04,14.12,13.9,17737.21
2018-04-13,14.02,13.98,14.22,13.98,14190.32
2018-04-16,13.98,13.99,14.08,13.76,12417.41
2018-04-17,13.91,13.89,14.38,13.69,32937.35
2018-04-18,13.78,13.78,14.18,13.56,12182.24
2018-04-19,13.53,13.61,13.88,13.53,15593.03
2018-04-20,13.69,13.6,13.79,13.5,11142.01
2018-04-23,13.6,13.62,13.69,12.5,33610.62
2018-04-24,13.48,13.71,14.17,13.02,24570.48
2018-04-25,13.53,13.61,13.75,13.42,16055.88
2018-04-26,13.6,13.57,13.68,13.43,11757.06
2018-04-27,13.69,13.59,13.69,13.43,11085.03
2018-05-02,14.17,13.79,14.17,13.59,14832.0
2018-05-03,13.61,13.68,13.79,13.61,9427.0
2018-05-04,13.8,13.68,13.88,13.51,5924.5
2018-05-07,13.8,13.64,13.85,13.61,9133.03
2018-05-08,13.72,13.85,14.02,13.54,17997.15
2018-05-09,13.74,13.71,14.15,13.67,8704.51
2018-05-10,13.72,13.6,13.72,13.5,13817.52
2018-05-11,13.64,13.49,13.68,13.4,10663.79
2018-05-14,13.58,13.47,13.58,13.41,9656.5
2018-05-15,13.33,13.4,13.55,13.33,9258.18
2018-05-16,13.4,13.3,13.4,12.94,34294.15
2018-05-17,13.3,13.25,13.3,12.92,19566.86
2018-05-18,13.2,13.3,13.39,13.08,11372.18
2018-05-21,13.23,13.27,13.45,13.16,9771.65
2018-05-22,13.22,13.31,13.32,13.22,7570.03
2018-05-23,13.23,13.3,13.39,13.11,8478.4
2018-05-24,13.49,13.81,13.99,13.26,27511.98
2018-05-25,13.75,13.63,13.99,13.52,15242.42
2018-05-28,13.63,13.48,13.66,13.34,8533.38
2018-05-29,13.41,13.47,13.5,13.24,13517.72
2018-05-30,13.47,13.72,13.74,13.12,21267.84
2018-05-31,13.72,13.63,13.72,13.51,9017.6
2018-06-01,13.43,13.3,13.58,13.22,8022.0
2018-06-04,13.11,13.8,13.88,13.11,26177.6
2018-06-05,13.67,13.89,13.93,13.62,12098.44
2018-06-06,13.74,13.9,13.91,13.74,7739.5
2018-06-07,13.85,13.84,14.32,13.79,9926.0
2018-06-08,13.94,13.8,13.96,13.41,12901.0
2018-06-11,13.55,13.77,13.89,13.46,9774.08
2018-06-12,13.8,13.74,13.87,13.58,9579.03
2018-06-13,13.64,13.66,13.85,13.62,7026.0
2018-06-29,13.55,13.39,13.55,12.35,32829.74
2018-07-02,13.16,13.26,13.46,13.16,6084.0
2018-07-03,13.08,13.41,13.58,13.08,10894.2
2018-07-04,13.42,13.38,13.42,13.23,5952.52
2018-07-05,13.38,13.28,13.41,13.19,6230.54
2018-07-06,13.4,13.41,13.5,13.2,12769.5
2018-07-09,13.4,13.54,13.57,13.29,12644.5
2018-07-10,13.5,13.9,13.9,13.37,10438.52
2018-07-11,13.77,13.52,13.78,13.45,10401.02
2018-07-12,13.58,13.55,13.7,13.42,12550.5
2018-07-13,13.56,14.3,14.3,13.51,23398.66
2018-07-16,14.0,13.96,14.2,13.89,16600.85
2018-07-17,13.96,14.05,14.1,13.85,9468.02
2018-07-18,13.95,14.75,14.82,13.92,58923.26
2018-07-19,14.63,13.92,14.63,13.89,39480.69
2018-07-20,13.8,13.44,13.89,13.38,24996.0
2018-07-23,13.42,13.42,13.64,13.1,25797.18
2018-07-24,13.26,13.38,13.49,13.26,12766.5
2018-07-25,13.38,13.36,13.4,13.19,14817.0
2018-07-26,13.29,13.28,13.36,13.25,11814.78
2018-07-27,13.27,13.91,14.25,13.25,20357.0
2018-07-30,13.76,13.37,13.88,13.32,16880.51
2018-07-31,13.58,13.4,13.64,13.33,7454.0
2018-08-01,13.35,13.1,13.46,12.99,21929.0
2018-08-02,13.11,12.85,13.15,11.79,46058.83
2018-08-03,12.5,12.95,12.95,12.3,38302.63
2018-08-06,12.56,12.46,12.93,12.06,23116.77
2018-08-07,12.4,13.05,13.09,12.38,24227.28
2018-08-08,12.85,12.76,13.12,12.76,10446.74
2018-08-09,12.51,13.16,13.23,12.51,16457.97
2018-08-10,13.01,13.33,13.49,13.01,8694.5
2018-08-13,13.17,13.17,13.29,13.05,3706.35
2018-08-14,13.3,13.22,13.3,13.12,4385.0
2018-08-15,13.25,12.92,13.25,12.88,9919.0
2018-08-16,12.9,13.04,13.16,12.71,6252.51
2018-08-17,13.09,12.92,13.38,12.7,7341.0
2018-08-20,12.92,12.91,13.0,12.72,4351.34
2018-08-21,12.98,12.88,13.08,12.8,3347.0
2018-08-22,12.85,12.78,12.93,12.65,2461.0
2018-08-23,12.75,12.81,12.84,12.72,4684.15
2018-08-24,12.81,12.79,12.87,12.58,5208.34
2018-08-27,12.7,12.68,12.78,12.58,4677.01
2018-08-28,12.65,12.73,12.92,12.52,8757.5
2018-08-29,12.91,12.59,12.91,12.51,5857.5
2018-08-30,12.59,12.22,12.59,12.09,6108.92
2018-08-31,12.28,12.23,12.28,12.06,3673.81
2018-09-03,12.16,12.6,12.7,12.12,9802.0
2018-09-04,12.6,12.59,12.8,12.48,4835.0
2018-09-05,12.52,12.57,12.59,12.3,3287.01
2018-09-06,12.55,12.53,12.59,12.29,9309.51
2018-09-07,12.42,12.34,12.59,12.26,10730.01
2018-09-10,12.31,12.1,12.37,12.01,10675.12
2018-09-11,12.09,12.34,12.38,12.0,12696.44
2018-09-12,12.34,12.37,12.54,12.1,4114.15
2018-09-13,12.39,12.33,12.39,12.28,10053.01
2018-09-14,12.35,12.32,12.36,12.16,11589.79
2018-09-17,12.35,12.26,12.35,12.0,14471.63
2018-09-18,12.21,12.32,12.47,12.16,70037.0
2018-09-19,12.33,12.22,12.49,11.98,32166.9
2018-09-20,12.2,12.09,12.2,11.86,21625.24
2018-09-21,11.9,11.93,12.06,11.81,15305.51
2018-09-25,11.89,10.74,11.93,10.74,63476.0
2018-09-26,9.67,9.67,9.67,9.67,8900.0
2018-09-27,8.7,8.7,8.7,8.7,4256.0
2018-09-28,7.83,7.83,7.83,7.83,7544.0
2018-10-08,7.05,7.05,7.05,7.05,8593.0
2018-10-09,6.53,6.86,7.39,6.53,286702.95
2018-10-10,6.62,6.17,6.65,6.17,206439.98
2018-10-11,5.83,5.55,5.93,5.55,144563.75
2018-10-12,5.61,5.78,5.94,5.31,198295.01
2018-10-15,6.36,6.36,6.36,6.36,66031.77
2018-10-16,6.48,5.94,6.64,5.88,283669.18
2018-10-17,5.94,5.78,6.03,5.38,194529.28
2018-10-18,5.86,6.36,6.36,5.81,186537.96
2018-10-19,6.69,7.0,7.0,6.43,469584.95
2018-10-22,7.7,7.7,7.7,7.7,38466.01
2018-10-23,8.47,8.47,8.47,8.25,222044.37
2018-10-24,8.17,8.44,8.99,7.68,649295.19
2018-10-25,7.77,7.62,8.22,7.6,457942.82
2018-10-26,7.72,7.7,8.11,7.5,409332.48
2018-10-29,7.39,6.93,7.5,6.93,333344.47
2018-10-30,6.99,7.04,7.35,6.72,290310.99
2018-10-31,7.13,7.25,7.69,7.13,328130.97
2018-11-01,7.25,7.16,7.4,7.07,288091.37
2018-11-02,7.39,7.17,7.5,7.13,234180.19
2018-11-05,7.2,7.64,7.82,7.03,424421.78
2018-11-06,7.3,7.03,7.38,6.94,307262.36
2018-11-07,7.11,7.03,7.24,6.95,183086.65
2018-11-08,7.13,7.32,7.53,7.0,299042.82
2018-11-09,7.15,7.29,7.34,6.71,271968.91
2018-11-12,7.2,7.58,8.02,7.06,359811.22
2018-11-13,8.18,8.34,8.34,8.03,204110.01
2018-11-14,9.17,8.0,9.17,7.92,538120.01
2018-11-15,8.0,7.95,8.13,7.7,291780.9
2018-11-16,7.88,8.17,8.47,7.75,318803.48
2018-11-19,8.28,8.15,8.63,8.15,277269.5
2018-11-20,8.3,8.23,8.42,7.88,268447.39
2018-11-21,8.33,9.05,9.05,8.23,432953.77
2018-11-22,9.4,9.96,9.96,9.05,717597.0
2018-11-23,9.67,9.6,10.7,9.37,687107.4
2018-11-26,9.09,8.64,9.27,8.64,382946.5
2018-11-27,8.38,8.25,8.55,8.14,317769.92
2018-11-28,8.2,8.1,8.38,7.93,258481.0
2018-11-29,8.03,7.41,8.1,7.29,284348.0
2018-11-30,7.44,7.15,7.49,6.87,249554.01
2018-12-03,7.37,7.39,7.45,7.26,214656.51
2018-12-04,7.43,8.13,8.13,7.39,237320.5
2018-12-05,8.23,7.9,8.63,7.84,484099.61
2018-12-06,7.9,8.37,8.55,7.76,392170.78
2018-12-07,8.15,8.0,8.31,7.91,273594.17
2018-12-10,7.83,7.56,7.85,7.2,184011.99
2018-12-11,7.49,8.32,8.32,7.38,180403.39
2018-12-12,8.54,8.26,8.91,8.25,499789.03
2018-12-13,8.34,8.54,8.86,8.34,368515.09
2018-12-14,8.52,8.1,8.74,8.1,258226.5
2018-12-17,8.05,8.59,8.8,8.05,379314.59
2018-12-18,8.64,9.18,9.36,8.22,473872.14
2018-12-19,8.94,8.83,9.3,8.79,376373.25
2018-12-20,8.83,8.73,8.98,8.61,274974.48
2018-12-21,8.66,8.37,8.73,8.23,241118.01
2018-12-24,8.4,8.54,8.58,8.18,210992.54
2018-12-25,8.36,8.56,8.59,8.01,206744.17
2018-12-26,8.5,8.7,8.93,8.46,299958.64
2018-12-27,8.78,8.17,8.82,8.1,248410.88
2018-12-28,8.18,8.06,8.3,7.9,180779.5
2019-01-02,8.05,8.12,8.27,7.99,120300.0
2019-01-03,8.07,7.83,8.16,7.58,149225.5
2019-01-04,7.65,8.0,8.08,7.5,150071.14
2019-01-07,8.11,8.06,8.2,7.93,143006.51
2019-01-08,8.1,7.85,8.1,7.82,139639.0
2019-01-09,7.86,8.11,8.24,7.8,221847.01
2019-01-10,8.04,7.87,8.17,7.77,172602.04
2019-01-11,7.71,7.74,7.83,7.63,119782.54
2019-01-14,6.97,7.21,7.34,6.97,175862.0
2019-01-15,7.16,7.13,7.3,7.05,120980.51
2019-01-16,7.12,7.12,7.25,7.07,82811.5
2019-01-17,7.05,6.88,7.1,6.77,127909.5
2019-01-18,6.9,6.63,6.93,6.56,124475.54
2019-01-21,6.77,6.91,6.99,6.72,164138.69
2019-01-22,6.89,6.8,6.96,6.7,107332.5
2019-01-23,6.83,6.67,6.83,6.62,76281.68
2019-01-24,6.72,6.54,6.72,6.45,105874.18
2019-01-25,6.55,6.23,6.59,6.2,118369.0
2019-01-28,5.61,5.61,5.79,5.61,120850.88
2019-01-29,5.05,5.05,5.05,5.05,57365.0
2019-01-30,4.61,5.0,5.38,4.61,215547.4
2019-01-31,4.88,4.8,5.11,4.75,161160.02
2019-02-01,4.99,5.2,5.23,4.88,148974.83
2019-02-11,5.18,5.34,5.6,5.12,151576.0
2019-02-12,5.4,5.44,5.53,5.35,134383.51
2019-02-13,5.56,5.64,5.8,5.47,161048.5
2019-02-14,5.7,5.59,5.74,5.54,126812.02
2019-02-15,5.71,5.57,5.76,5.55,104736.02
2019-02-18,5.59,5.91,6.11,5.58,208638.39
2019-02-19,5.97,6.07,6.25,5.87,239593.12
2019-02-20,6.08,6.2,6.35,5.92,230347.02
2019-02-21,6.21,6.1,6.34,6.09,179164.11
2019-02-22,6.08,6.54,6.7,6.08,264407.78
2019-02-25,6.8,7.14,7.19,6.49,376592.93
2019-02-26,6.94,6.92,7.3,6.76,344548.03
2019-02-27,6.88,6.94,7.12,6.8,192699.07
2019-02-28,6.97,6.87,7.02,6.84,147230.0
2019-03-01,6.9,6.91,7.0,6.82,142904.65
2019-03-04,6.98,7.03,7.17,6.9,226305.63
2019-03-05,7.0,7.51,7.63,6.91,319780.71
2019-03-06,7.42,7.53,7.63,7.27,257015.86
2019-03-07,7.62,7.71,7.86,7.34,293744.58
2019-03-08,7.44,6.94,7.54,6.94,205560.32
2019-03-11,6.77,7.21,7.35,6.76,182567.0
2019-03-12,7.32,7.37,7.55,7.17,241231.63
2019-03-13,7.52,7.67,7.97,7.41,378159.52
2019-03-14,7.41,7.06,7.74,6.94,218843.5
2019-03-15,7.4,7.77,7.77,7.1,182037.07
2019-03-18,8.0,7.92,8.31,7.81,427114.58
2019-03-19,7.74,8.41,8.48,7.74,417978.37
2019-03-20,8.12,8.26,8.75,8.03,324802.36
2019-03-21,8.22,8.22,8.4,8.1,226639.07
2019-03-22,8.09,7.99,8.13,7.81,163518.5
2019-03-25,7.78,7.69,7.85,7.5,125872.39
2019-03-26,7.81,7.28,7.84,7.26,145155.31
2019-03-27,7.29,7.3,7.44,7.05,89910.81
2019-03-28,7.24,7.03,7.35,7.02,86018.37
2019-03-29,7.01,7.25,7.25,6.9,98950.11
2019-04-01,7.21,7.53,7.68,7.21,142837.97
2019-04-02,7.53,7.61,7.92,7.41,155365.27
2019-04-03,7.54,7.68,7.73,7.36,130435.71
2019-04-04,7.71,7.57,7.8,7.52,105925.0
2019-04-08,7.57,7.31,7.64,7.2,97268.37
2019-04-09,7.38,7.45,7.52,7.29,73391.0
2019-04-10,7.43,7.47,7.58,7.31,84767.49
2019-04-11,7.44,7.38,7.49,7.23,78369.5
2019-04-12,7.21,7.1,7.31,7.01,77108.53
2019-04-15,7.17,7.06,7.25,7.05,49197.9
2019-04-16,7.07,7.24,7.26,6.96,64608.71
2019-04-17,7.2,7.24,7.3,7.17,66058.44
2019-04-18,7.24,7.16,7.28,7.05,56680.01
2019-04-19,7.11,7.12,7.18,7.04,52780.5
2019-04-22,7.14,7.32,7.43,7.1,135192.4
2019-04-23,7.32,7.08,7.4,7.08,91217.35
2019-04-24,7.02,7.1,7.12,6.95,59176.04
2019-04-25,7.03,6.5,7.05,6.39,105995.0
2019-04-26,6.45,6.23,6.62,6.07,68561.29
2019-04-29,6.28,6.32,6.47,5.71,112072.61
2019-04-30,6.18,6.3,6.42,6.13,43406.84
2019-05-06,6.2,5.95,6.2,5.8,48503.05
2019-05-07,6.0,6.11,6.25,5.95,47042.84
2019-05-08,5.99,6.1,6.28,5.85,73319.09
2019-05-09,6.06,6.07,6.15,5.96,45596.5
2019-05-10,6.18,6.22,6.26,6.01,56396.0
2019-05-13,6.21,6.62,6.67,6.16,103861.95
2019-05-14,6.46,6.75,7.28,6.4,100121.27
2019-05-15,6.84,6.78,6.87,6.63,65240.15
2019-05-16,6.7,6.65,6.8,6.6,57032.41
2019-05-17,6.65,6.37,6.73,6.3,50746.44
2019-05-20,6.31,6.48,6.55,6.16,41971.0
2019-05-21,6.55,6.61,6.7,6.5,46515.15
2019-05-22,6.7,6.88,7.0,6.54,86836.01
2019-05-23,6.75,6.69,6.87,6.64,51523.0
2019-05-24,6.73,6.92,6.96,6.51,79144.84
2019-05-27,6.98,7.26,7.39,6.95,147342.2
2019-05-28,7.18,7.08,7.3,7.0,99288.15
2019-05-29,7.07,7.14,7.25,7.0,69813.85
2019-05-30,7.1,7.13,7.26,7.02,71759.5
2019-05-31,7.12,7.14,7.26,7.05,42550.0
2019-06-03,7.18,7.01,7.22,7.01,47275.5
2019-06-04,6.99,6.83,7.13,6.83,37143.0
2019-06-05,6.96,6.86,7.04,6.84,37030.42
2019-06-06,6.86,6.85,6.91,6.66,34432.2
2019-06-10,6.89,6.51,6.89,6.48,52383.96
2019-06-11,6.57,6.96,6.97,6.52,65264.17
2019-06-12,6.97,7.27,7.28,6.96,83481.34
2019-06-13,7.15,7.14,7.34,7.13,70115.94
2019-06-14,7.25,6.99,7.27,6.97,60618.26
2019-06-17,7.07,7.18,7.2,6.91,51860.06
2019-06-18,7.27,6.97,7.27,6.84,59972.1
2019-06-19,7.08,7.12,7.12,7.0,52703.16
2019-06-20,7.22,7.07,7.22,7.01,51023.19
2019-06-21,7.12,7.12,7.18,7.07,51153.91
2019-06-24,7.11,7.04,7.12,7.03,40249.32
2019-06-25,7.1,7.04,7.1,6.95,33570.55
2019-06-26,7.04,6.99,7.06,6.95,28392.5
2019-06-27,6.98,6.97,7.04,6.95,24930.51
2019-06-28,6.95,6.83,7.0,6.76,29397.88
2019-07-01,6.9,7.0,7.05,6.86,33003.74
2019-07-02,6.99,6.95,7.04,6.9,21033.0
2019-07-03,6.92,6.87,7.03,6.83,38529.5
2019-07-04,6.95,6.82,6.99,6.7,33427.15
2019-07-05,6.79,6.67,6.82,6.63,40145.41
2019-07-08,6.64,6.58,6.73,6.42,34591.2
2019-07-09,6.57,6.4,6.57,6.29,24008.74
2019-07-10,6.44,6.32,6.44,6.29,18234.0
2019-07-11,6.35,6.32,6.35,6.26,20339.29
2019-07-12,6.35,6.28,6.35,6.22,13890.24
2019-07-15,6.3,6.46,6.48,6.13,32209.33
2019-07-16,6.56,6.59,6.64,6.42,30360.0
2019-07-17,6.69,6.6,6.69,6.56,20821.6
2019-07-18,6.6,6.63,6.69,6.53,22110.5
2019-07-19,6.63,6.44,6.66,6.41,25108.5
2019-07-22,6.44,6.35,6.52,6.27,16136.23
2019-07-23,6.35,6.38,6.4,6.3,25423.0
2019-07-24,6.38,6.68,6.94,6.3,50989.62
2019-07-25,6.61,6.57,6.68,6.54,38444.5
2019-07-26,6.57,6.57,6.66,6.55,22169.95
2019-07-29,6.66,6.55,6.66,6.49,39582.29
2019-07-30,6.57,6.56,6.6,6.53,12608.0
2019-07-31,6.55,6.62,6.66,6.5,30551.79
2019-08-01,6.57,6.63,6.69,6.56,27096.5
2019-08-02,6.56,6.57,6.58,6.46,21061.5
2019-08-05,6.57,6.77,6.85,6.49,39754.51
2019-08-06,6.75,6.89,7.3,6.62,89925.79
2019-08-07,6.83,7.1,7.15,6.81,52296.0
2019-08-08,7.1,7.1,7.17,6.93,44511.44
2019-08-09,7.12,7.09,7.12,6.99,29808.88
2019-08-12,7.03,7.1,7.13,6.99,41727.29
2019-08-13,7.1,7.19,7.23,6.9,49484.15
2019-08-14,7.23,7.03,7.23,7.01,30901.0
2019-08-15,7.0,7.21,7.21,6.9,45266.08
2019-08-16,7.11,7.36,7.42,7.11,70857.9
2019-08-19,7.58,7.69,7.77,7.46,132921.08
2019-08-20,7.6,7.54,7.76,7.52,92353.17
2019-08-21,7.56,7.67,7.77,7.45,79320.67
2019-08-22,7.58,7.66,7.76,7.51,93404.0
2019-08-23,7.68,8.43,8.43,7.68,75645.21
2019-08-26,9.27,9.27,9.27,9.27,26017.5
2019-08-27,10.2,10.2,10.2,10.2,15078.5
2019-08-28,10.4,9.18,10.4,9.18,441873.58
2019-08-29,8.8,8.6,8.99,8.46,393974.86
2019-08-30,8.4,8.0,8.69,7.86,314112.57
2019-09-02,7.82,7.96,8.06,7.75,183019.5
2019-09-03,7.9,8.13,8.32,7.89,175432.23
2019-09-04,8.05,8.03,8.15,7.9,154965.82
2019-09-05,8.03,8.11,8.28,7.96,165757.93
2019-09-06,8.05,8.08,8.18,8.0,119758.03
2019-09-09,8.56,8.17,8.56,8.08,176229.89
2019-09-10,8.1,8.03,8.17,8.0,124428.03
2019-09-11,8.08,7.95,8.08,7.95,83775.29
2019-09-12,8.0,8.02,8.02,7.91,55451.76
2019-09-16,7.99,8.07,8.14,7.93,78237.48
2019-09-17,8.04,8.0,8.11,7.97,65096.86
2019-09-18,8.04,7.98,8.12,7.98,72499.76
2019-09-19,7.91,8.1,8.11,7.76,109354.58
2019-09-20,8.12,8.07,8.13,8.05,47498.5
2019-09-23,8.07,8.09,8.15,8.06,52722.3
2019-09-24,8.15,8.09,8.15,8.08,44455.0
2019-09-25,8.27,8.59,8.9,8.25,261974.24
2019-09-26,8.51,8.63,8.88,7.73,181767.89
2019-09-27,8.3,8.46,8.7,8.29,86867.45
2019-09-30,8.38,8.38,8.65,8.35,61441.0
2019-10-08,8.37,8.46,8.48,8.15,68113.66
2019-10-09,8.45,8.48,8.65,8.37,69937.49
2019-10-10,8.47,8.91,8.97,8.46,117118.23
2019-10-11,9.0,9.6,9.8,8.86,259400.26
2019-10-14,9.68,9.5,9.72,9.18,183386.0
2019-10-15,10.45,9.64,10.45,9.46,233337.36
2019-10-16,9.45,9.25,9.63,9.17,119098.92
2019-10-17,9.09,9.37,9.45,8.95,83174.6
2019-10-18,9.27,9.29,9.47,9.18,37198.9
2019-10-21,9.1,9.36,9.38,9.02,43135.02
2019-10-22,9.23,9.23,9.39,9.2,31372.0
2019-10-23,9.23,9.18,9.25,9.05,30807.0
2019-10-24,9.38,8.93,9.39,8.91,32671.5
2019-10-25,8.9,9.05,9.14,8.69,41313.0
2019-10-28,9.06,9.08,9.18,8.96,44909.79
2019-10-29,9.08,9.05,9.12,8.86,45282.5
2019-10-30,9.01,8.99,9.09,8.91,29894.0
2019-10-31,9.06,8.95,9.09,8.95,20556.51
2019-11-01,9.1,8.96,9.1,8.72,34220.0
2019-11-04,8.96,8.92,9.04,8.84,23683.0
2019-11-05,8.99,9.01,9.01,8.8,29658.0
2019-11-06,8.99,9.06,9.2,8.95,37467.4
2019-11-07,9.06,9.03,9.15,9.01,12085.98
2019-11-08,9.02,8.95,9.08,8.93,15215.52
2019-11-11,8.95,8.89,9.0,8.8,14483.0
2019-11-12,8.89,9.14,9.16,8.87,25308.98
2019-11-13,9.15,10.05,10.05,9.15,105453.48
2019-11-14,11.06,11.06,11.06,10.3,288912.79
2019-11-15,10.5,10.94,11.3,10.34,167729.96
2019-11-18,10.51,11.18,11.4,10.4,169269.75
2019-11-19,10.98,11.08,11.35,10.92,195582.89
2019-11-20,11.0,10.76,11.69,10.63,291059.2
2019-11-21,10.57,10.38,10.97,10.32,235943.19
2019-11-22,10.27,10.36,10.66,10.16,121794.99
2019-11-25,10.5,9.96,10.51,9.32,188688.47
2019-11-26,9.96,10.23,10.48,9.76,134862.5
2019-11-27,10.05,10.05,10.29,9.96,59744.5
2019-11-28,10.24,10.0,10.24,9.81,54505.99
2019-11-29,9.92,10.01,10.06,9.83,29343.5
2019-12-02,9.88,9.77,10.0,9.64,59545.0
2019-12-03,9.69,9.77,9.8,9.6,26149.0
2019-12-04,9.75,9.73,9.94,9.63,37288.65
2019-12-05,9.8,9.7,9.8,9.6,35858.62
2019-12-06,9.7,9.6,9.73,9.49,34793.17
2019-12-09,9.58,10.56,10.56,9.5,142483.71
2019-12-10,10.75,10.5,10.97,10.02,142580.17
2019-12-11,10.43,10.19,10.45,10.13,72416.28
2019-12-12,10.19,10.06,10.19,10.0,42971.19
2019-12-13,10.08,10.09,10.15,10.02,42647.5
2019-12-16,10.07,10.1,10.11,9.82,44868.5
2019-12-17,10.07,10.01,10.17,9.99,59731.4
2019-12-18,9.96,10.12,10.15,9.7,76338.1
2019-12-19,10.12,9.95,10.12,9.89,62352.73
2019-12-20,9.97,9.8,9.99,9.74,38843.19
2019-12-23,9.73,9.84,10.05,9.6,81020.0
2019-12-24,9.8,9.77,9.94,9.73,46884.1
2019-12-25,9.78,9.56,9.86,9.52,44767.94
2019-12-26,9.6,9.51,9.78,9.14,67854.0
2019-12-27,9.5,9.81,9.96,9.39,106791.5
2019-12-30,9.84,9.72,9.88,9.68,36963.5
2019-12-31,9.72,9.5,9.76,9.5,36165.13
2020-01-02,9.56,9.55,9.58,9.44,37446.97
2020-01-03,9.56,9.51,9.58,9.5,33558.5
2020-01-06,9.46,9.48,9.56,9.38,44604.84
2020-01-07,9.43,9.51,9.6,9.43,38129.0
2020-01-08,9.53,9.4,9.53,9.28,42074.5
2020-01-09,9.45,9.44,9.54,9.33,41873.99
2020-01-10,9.49,9.38,9.49,9.36,47779.5
2020-01-13,9.32,9.31,9.4,9.22,32650.58
2020-01-14,9.3,9.33,9.57,9.3,43842.52
2020-01-15,9.33,9.31,9.41,9.2,34933.0
2020-01-16,9.32,9.32,9.38,9.24,30079.78
2020-01-17,9.36,9.44,9.64,9.36,68331.97
2020-01-20,9.43,9.42,9.54,9.15,40933.5
2020-01-21,9.4,9.29,9.43,9.21,26806.0
2020-01-22,9.25,9.17,9.26,9.14,23095.83
2020-01-23,9.17,9.11,9.25,8.94,29738.57
2020-02-03,8.2,8.2,8.21,8.2,15093.0
2020-02-04,7.38,7.38,7.38,7.38,20108.0
2020-02-05,6.67,7.48,8.11,6.64,394167.58
2020-02-06,7.23,7.35,7.47,7.19,191089.2
2020-02-07,7.3,7.57,7.64,7.26,190774.49
2020-02-10,7.6,8.33,8.33,7.43,230977.87
2020-02-11,8.12,8.08,8.45,7.96,179445.86
2020-02-12,8.08,8.13,8.15,7.93,91897.66
2020-02-13,8.03,8.12,8.35,8.01,93127.13
2020-02-14,8.08,8.06,8.21,8.01,53821.5
2020-02-17,8.02,8.11,8.22,8.01,80554.5
2020-02-18,8.11,8.23,8.25,8.09,86665.42
2020-02-19,8.3,8.17,8.3,8.15,93882.06
2020-02-20,8.2,8.18,8.24,8.07,63587.51
2020-02-21,8.17,8.15,8.2,8.1,68256.5
2020-02-24,8.1,8.67,8.8,8.05,198381.07
2020-02-25,8.53,8.72,8.95,8.33,166952.8
2020-02-26,8.69,8.59,8.95,8.56,136909.26
2020-02-27,8.72,8.59,8.87,8.48,88189.0
2020-02-28,8.6,8.63,8.79,8.4,144210.44
2020-03-02,8.63,8.8,8.91,8.58,180885.2
2020-03-03,8.8,9.11,9.47,8.65,167141.09
2020-03-04,9.0,9.01,9.27,8.89,103246.19
2020-03-05,8.97,9.06,9.1,8.91,71245.26
2020-03-06,8.96,9.21,9.39,8.9,127087.91
2020-03-09,9.1,9.43,9.67,9.02,161050.24
2020-03-10,8.6,9.1,9.45,8.6,136891.76
2020-03-11,9.08,8.89,9.09,8.8,87727.9
2020-03-12,8.88,8.5,8.88,8.42,69459.43
2020-03-13,8.31,8.4,8.55,7.7,69231.53
2020-03-16,8.48,8.12,8.59,8.08,58493.79
2020-03-17,8.1,8.12,8.23,7.52,62940.69
2020-03-18,8.12,8.09,8.31,8.04,57248.74
2020-03-19,8.05,8.28,8.3,7.97,44221.09
2020-03-20,8.23,8.31,8.38,8.17,26613.5
2020-03-23,8.2,8.23,8.43,8.08,38097.0
2020-03-24,8.25,8.14,8.29,8.01,42039.5
2020-03-25,8.18,8.31,8.31,8.15,56664.28
2020-03-26,8.3,8.14,8.3,8.08,37389.5
2020-03-27,8.16,8.14,8.3,8.1,29596.92
2020-03-30,8.13,7.87,8.13,7.33,128313.5
2020-03-31,7.87,8.09,8.22,7.58,88969.96
2020-04-01,8.16,8.13,8.22,8.02,27175.01
2020-04-02,8.19,8.17,8.19,8.06,29911.0
2020-04-03,8.15,8.18,8.26,8.06,41495.15
2020-04-07,8.19,8.19,8.28,8.19,51964.85
2020-04-08,8.18,8.2,8.25,8.1,34036.25
2020-04-09,8.17,8.11,8.21,8.11,41971.67
2020-04-10,8.11,8.06,8.15,8.05,54795.04
2020-04-13,8.06,8.08,8.13,8.01,31726.5
2020-04-14,8.13,8.09,8.13,8.06,46390.28
2020-04-15,8.12,8.1,8.13,8.06,43728.6
2020-04-16,8.12,8.09,8.13,8.0,26605.65
2020-04-17,8.12,8.05,8.14,8.01,26436.85
2020-04-20,8.06,8.05,8.09,7.96,28318.8
2020-04-21,8.05,8.02,8.05,7.8,76640.16
2020-04-22,8.04,8.02,8.06,7.96,48172.58
2020-04-23,8.06,8.1,8.28,7.96,56200.27
2020-04-24,8.08,8.08,8.15,8.01,54769.58
2020-04-27,8.11,8.02,8.11,7.89,50398.43
2020-04-28,8.0,7.99,8.04,7.76,41250.74
2020-04-29,7.99,7.97,8.01,7.91,26866.53
2020-04-30,7.97,7.96,8.06,7.89,28482.0
2020-05-06,7.93,7.87,7.98,7.82,37597.81
2020-05-07,7.87,7.86,7.9,7.82,22775.16
2020-05-08,7.89,7.89,7.97,7.83,24763.0
2020-05-11,7.9,7.9,7.95,7.85,14681.0
2020-05-12,7.9,8.33,8.36,7.86,69569.35
2020-05-13,8.21,8.16,8.46,8.13,68840.0
2020-05-14,8.2,7.99,8.25,7.99,53981.0
2020-05-15,8.08,7.99,8.09,7.75,63349.68
2020-05-18,8.02,7.91,8.07,7.9,37054.0
2020-05-19,7.94,7.87,7.94,7.79,97334.52
2020-05-20,7.88,7.84,7.89,7.7,30987.34
2020-05-21,7.9,7.85,7.9,7.78,20163.01
2020-05-22,7.85,8.05,8.32,7.8,73011.17
2020-05-25,8.03,8.0,8.11,7.95,26249.41
2020-05-26,8.0,8.01,8.01,7.94,14205.55
2020-05-27,8.01,7.98,8.02,7.95,10059.0
2020-05-28,8.0,7.96,8.04,7.93,21141.05
2020-05-29,7.96,8.19,8.25,7.9,87917.35
2020-06-01,8.21,8.73,8.84,8.21,110270.37
2020-06-02,8.84,8.6,8.97,8.52,113620.33
2020-06-03,8.66,8.1,8.66,8.07,130151.39
2020-06-04,8.1,8.12,8.23,7.89,77232.17
2020-06-05,8.14,8.28,8.52,7.97,127921.88
2020-06-08,8.27,8.08,8.28,8.01,65869.62
2020-06-09,8.11,8.06,8.11,8.01,25719.01
2020-06-10,8.06,8.05,8.07,8.01,19855.0
2020-06-11,8.04,8.03,8.06,7.99,18977.0
2020-06-12,7.95,8.07,8.26,7.91,40089.88
2020-06-15,8.05,8.45,8.56,8.0,87248.52
2020-06-16,8.43,8.43,8.47,8.33,83289.5
2020-06-17,8.42,8.92,8.98,8.35,134706.12
2020-06-18,8.87,8.96,9.11,8.86,74090.38
2020-06-19,8.92,9.25,9.32,8.92,90124.88
2020-06-22,9.3,9.3,9.35,9.16,84187.12
2020-06-23,9.3,9.3,9.41,9.23,86441.0
2020-06-24,9.3,9.09,9.36,9.09,53946.5
2020-06-29,9.09,8.81,9.18,8.74,58796.5
2020-06-30,8.81,8.73,8.99,8.71,47195.51
2020-07-01,8.73,8.78,8.96,8.7,52834.13
2020-07-02,8.78,8.7,8.82,8.66,36010.0
2020-07-03,8.7,8.73,8.8,8.65,48645.62
2020-07-06,8.74,8.83,8.9,8.74,57438.74
2020-07-07,8.85,8.77,8.85,8.63,77804.15
2020-07-08,8.76,8.85,8.86,8.7,46855.72
2020-07-09,8.85,9.41,9.5,8.75,136070.88
2020-07-10,9.39,9.7,10.09,9.21,147972.82
2020-07-13,9.7,9.66,9.79,9.51,99143.91
2020-07-14,9.57,9.26,9.68,9.1,77561.33
2020-07-15,9.26,9.25,9.45,9.19,101660.16
2020-07-16,9.16,8.8,9.2,8.78,68051.41
2020-07-17,8.77,8.53,8.84,8.45,36086.0
2020-07-20,8.53,8.65,8.68,8.53,25657.99
2020-07-21,8.69,8.66,8.82,8.64,21475.59
2020-07-22,8.68,8.69,8.77,8.58,35562.01
2020-07-23,8.67,8.55,8.67,8.45,26195.44
2020-07-24,8.54,8.55,8.69,8.41,28906.89
2020-07-27,8.55,8.53,8.58,8.41,35697.99
2020-07-28,8.52,8.52,8.57,8.48,31381.71
2020-07-29,8.52,8.54,8.57,8.46,25476.48
2020-07-30,8.6,8.56,8.88,8.55,82798.48
2020-07-31,8.56,8.6,8.68,8.45,58010.68
2020-08-03,8.61,8.82,9.12,8.61,110786.19
2020-08-04,8.78,8.79,8.97,8.67,102132.0
2020-08-05,8.79,8.67,8.79,8.63,40017.05
2020-08-06,8.67,8.62,8.67,8.51,54777.0
2020-08-07,8.57,8.63,8.65,8.52,44018.65
2020-08-10,8.57,8.83,8.87,8.55,51679.5
2020-08-11,8.85,8.96,9.1,8.8,62058.22
2020-08-12,8.96,8.71,8.96,8.56,71888.55
2020-08-13,8.72,9.0,9.13,8.64,73799.45
2020-08-14,9.01,9.18,9.2,8.88,84186.5
2020-08-17,9.17,9.17,9.22,9.1,56410.27
2020-08-18,9.17,9.03,9.17,8.98,41433.6
2020-08-19,9.03,9.07,9.22,8.9,53366.0
2020-08-20,9.07,9.2,9.43,8.96,71163.79
2020-08-21,9.16,9.05,9.19,8.98,38243.5
2020-08-24,9.06,8.96,9.06,8.85,22569.95
2020-08-25,8.9,8.93,9.02,8.84,30785.57
2020-08-26,8.92,9.16,9.28,8.86,91698.29
2020-08-27,9.15,9.1,9.23,8.9,91632.37
2020-08-28,9.08,9.1,9.3,9.0,51228.11
2020-08-31,9.05,9.08,9.19,8.98,39090.01
2020-09-01,9.0,9.02,9.1,8.99,29554.51
2020-09-02,9.03,9.2,9.22,8.99,75341.01
2020-09-03,9.24,9.05,9.24,9.04,28705.1
2020-09-04,9.03,9.25,9.25,8.85,71686.72
2020-09-07,9.25,9.14,9.68,9.11,66815.99
2020-09-08,9.36,9.27,9.41,9.15,79336.78
2020-09-09,9.23,9.12,9.32,9.05,88993.83
2020-09-10,9.13,9.12,9.25,8.9,62116.49
2020-09-11,9.12,9.12,9.19,9.0,46657.5
2020-09-14,9.11,9.12,9.17,9.04,36154.0
2020-09-15,9.11,9.3,9.54,9.08,98175.38
2020-09-16,9.3,9.3,9.41,9.2,52669.15
2020-09-17,9.2,9.17,9.38,9.13,64020.02
2020-09-18,9.18,9.23,9.26,9.03,60576.14
2020-09-21,9.2,9.29,9.4,9.15,39461.0
2020-09-22,9.22,9.15,9.29,8.98,45907.91
2020-09-23,9.12,9.06,9.15,9.02,38857.03
2020-09-24,9.0,9.23,9.32,9.0,64353.01
2020-09-25,9.22,9.12,9.34,9.11,26828.5
2020-09-28,9.08,9.0,9.2,8.97,28911.5
2020-09-29,9.01,8.99,9.08,8.8,43283.4
2020-09-30,9.0,9.4,9.44,8.97,99211.0
2020-10-09,9.39,9.51,9.57,9.35,59688.5
2020-10-12,9.49,9.43,9.6,9.31,62232.66
2020-10-13,9.44,9.53,9.53,9.33,46651.27
2020-10-14,9.46,9.38,9.68,9.37,57890.5
2020-10-15,9.3,9.52,9.65,9.23,87528.09
2020-10-16,9.51,9.15,9.6,9.08,86936.9
2020-10-19,9.12,9.2,9.55,9.12,75605.0
2020-10-20,9.2,9.13,9.29,9.07,46703.02
2020-10-21,9.18,9.08,9.2,9.0,28585.0
2020-10-22,9.05,9.26,9.33,9.05,47915.0
2020-10-23,9.2,9.06,9.41,9.03,53037.83
2020-10-26,9.08,9.12,9.16,9.0,56368.5
2020-10-27,9.13,9.4,9.59,9.04,193943.53
2020-10-28,9.55,8.86,9.58,8.83,112036.01
2020-10-29,8.85,8.87,9.01,8.84,48453.83
2020-10-30,8.85,8.86,8.92,8.81,37779.01
2020-11-02,8.83,9.37,9.45,8.63,89668.51
2020-11-03,9.33,9.65,9.9,9.06,118069.17
2020-11-04,9.65,9.59,9.7,9.3,70735.7
2020-11-05,9.48,9.48,9.52,9.38,34536.2
2020-11-06,9.48,9.5,9.53,9.34,31642.95
2020-11-09,9.5,9.42,9.54,9.4,47018.33
2020-11-10,9.42,9.47,9.55,9.34,74517.51
2020-11-11,9.5,9.48,9.62,9.42,27412.0
2020-11-12,9.48,9.35,9.49,9.31,23706.5
2020-11-13,9.35,9.38,9.42,9.24,17391.34
2020-11-16,9.42,9.2,9.42,9.18,22567.5
2020-11-17,9.22,9.25,9.31,9.05,54465.51
2020-11-18,9.2,9.22,9.39,9.19,49881.15
2020-11-19,9.27,9.22,9.32,9.18,18052.0
2020-11-20,9.2,9.2,9.25,9.13,16692.12
2020-11-23,9.21,9.13,9.23,9.13,16939.97
2020-11-24,9.13,9.22,9.3,9.12,22904.21
2020-11-25,9.23,9.37,9.48,9.23,54334.7
2020-11-26,9.5,9.49,9.65,9.25,79334.83
2020-11-27,9.4,9.49,9.5,9.31,85614.01
2020-11-30,9.48,9.49,9.59,9.35,53874.5
2020-12-01,9.42,9.44,9.49,9.28,57552.0
2020-12-02,9.4,8.98,9.4,8.98,77011.5
2020-12-03,8.86,8.08,8.86,8.08,175579.0
2020-12-04,8.0,8.14,8.28,7.86,78795.36
2020-12-07,8.14,8.14,8.25,8.06,39807.76
2020-12-08,8.21,8.22,8.4,8.08,41980.88
2020-12-09,8.21,8.12,8.25,7.95,67530.5
2020-12-10,8.1,8.08,8.15,8.01,71881.4
2020-12-11,8.1,7.99,8.1,7.87,38594.0
2020-12-14,8.0,8.0,8.05,7.88,69976.5
2020-12-15,8.07,8.2,8.24,7.96,55780.64
2020-12-16,8.24,8.4,8.46,8.18,52396.11
2020-12-17,8.38,8.55,8.86,8.35,57935.6
2020-12-18,8.55,8.65,8.65,8.48,40704.15
2020-12-21,8.65,8.58,8.7,8.55,31308.5
2020-12-22,8.51,8.61,8.65,8.48,82775.97
2020-12-23,8.61,8.58,8.68,8.54,31715.63
2020-12-24,8.6,8.58,8.67,8.52,68470.5
2020-12-25,8.62,8.52,8.65,8.51,21097.0
2020-12-28,8.54,8.5,8.6,8.38,62383.03
2020-12-29,8.54,8.6,8.75,8.53,54221.0
2020-12-30,8.68,7.74,8.68,7.74,123445.44
2020-12-31,6.97,6.97,6.97,6.97,12297.0
2021-01-04,6.27,6.27,6.27,6.27,8509.0
2021-01-05,5.64,5.64,5.75,5.64,714357.66
2021-01-06,5.3,5.08,5.34,5.08,236937.05
2021-01-07,4.57,4.57,4.57,4.57,65095.0
2021-01-08,4.11,4.11,4.11,4.11,36074.0
2021-01-11,3.7,3.7,4.11,3.7,694823.75
2021-01-12,3.49,3.33,3.54,3.33,418316.38
2021-01-13,3.37,3.25,3.45,3.21,422851.22
2021-01-14,3.17,3.11,3.24,3.01,393731.55
2021-01-15,3.12,3.24,3.38,3.08,372272.11
2021-01-18,3.28,3.31,3.43,3.21,305287.0
2021-01-19,3.35,3.41,3.43,3.23,288564.18
2021-01-20,3.38,3.31,3.43,3.3,202277.0
2021-01-21,3.31,3.34,3.4,3.28,171319.5
2021-01-22,3.31,3.19,3.34,3.17,179773.48
2021-01-25,3.15,3.01,3.17,3.0,219203.6
2021-01-26,2.95,3.1,3.1,2.91,192547.96
2021-01-27,3.06,3.0,3.06,2.98,160792.25
2021-01-28,2.94,2.88,3.04,2.87,248591.51
2021-01-29,2.87,2.64,2.88,2.59,515005.3
2021-02-01,2.59,2.72,2.84,2.56,432805.5
2021-02-02,2.71,2.57,2.75,2.57,247443.44
2021-02-03,2.55,2.76,2.83,2.55,485667.68
2021-02-04,2.67,2.59,2.68,2.55,261098.2
2021-02-05,2.57,2.57,2.69,2.54,159271.15
2021-02-08,2.51,2.56,2.61,2.47,137937.44
2021-02-09,2.56,2.52,2.56,2.45,139774.0
2021-02-10,2.49,2.52,2.54,2.49,103393.0
2021-02-18,2.53,2.77,2.77,2.53,244068.7
2021-02-19,2.79,3.05,3.05,2.74,395737.1
2021-02-22,3.14,3.36,3.36,3.14,183718.63
2021-02-23,3.65,3.25,3.65,3.15,687984.21
2021-02-24,3.12,3.35,3.37,3.1,377941.94
2021-02-25,3.3,3.69,3.69,3.21,587350.53
2021-02-26,3.7,4.06,4.06,3.43,657885.38
2021-03-01,4.05,4.35,4.47,3.85,824977.04
2021-03-02,3.97,3.92,4.18,3.92,378366.25
2021-03-03,3.53,4.19,4.3,3.53,771778.1
2021-03-04,3.77,3.77,4.06,3.77,688157.58
2021-03-05,3.67,3.62,3.95,3.46,481727.69
2021-03-08,3.65,3.98,3.98,3.46,658033.91
2021-03-09,4.0,4.38,4.38,3.98,511747.19
2021-03-10,4.39,4.37,4.82,4.07,981915.69
2021-03-11,3.95,4.17,4.35,3.94,644663.08
2021-03-12,4.21,4.27,4.44,4.0,590227.94
2021-03-15,4.11,4.06,4.26,4.0,382986.23
2021-03-16,4.07,4.27,4.37,3.85,569928.22
2021-03-17,4.16,4.7,4.7,4.1,932430.28
2021-03-18,4.71,4.45,4.98,4.43,843354.9
2021-03-19,4.42,4.48,4.66,4.17,603784.21
2021-03-22,4.34,4.29,4.45,4.25,402744.53
2021-03-23,4.25,4.14,4.29,4.13,314963.5
2021-03-24,4.0,3.75,4.07,3.74,402885.89
2021-03-25,3.77,3.81,4.0,3.75,269625.74
2021-03-26,3.81,3.85,3.9,3.65,239859.21
2021-03-29,3.85,3.72,3.86,3.71,189526.67
2021-03-30,3.72,3.52,3.72,3.5,248503.39
2021-03-31,3.5,3.87,3.87,3.5,324225.89
2021-04-01,3.75,4.0,4.2,3.75,624950.69
2021-04-02,3.92,4.05,4.3,3.92,469960.53
2021-04-06,3.98,3.96,4.02,3.81,328967.04
2021-04-07,4.0,4.08,4.2,3.86,386767.0
2021-04-08,4.07,3.99,4.11,3.92,283277.03
2021-04-09,3.9,3.88,3.98,3.87,160808.0
2021-04-12,3.86,3.88,3.97,3.83,137494.0
2021-04-13,3.87,3.73,3.88,3.72,150544.0
2021-04-14,3.73,3.8,3.81,3.73,90438.5
2021-04-15,3.76,3.69,3.79,3.66,110517.0
2021-04-16,3.69,3.86,3.94,3.69,193220.48
2021-04-19,3.86,4.06,4.19,3.86,328939.51
2021-04-20,4.06,3.95,4.11,3.94,198650.85
2021-04-21,3.93,3.83,3.94,3.82,121966.0
2021-04-22,3.82,3.81,3.91,3.77,108995.15
2021-04-23,3.77,3.73,3.83,3.7,140721.32
2021-04-26,3.75,3.86,3.9,3.75,142653.8
2021-04-27,3.87,3.71,3.88,3.69,134437.0
2021-04-28,3.71,3.94,4.05,3.63,326022.42
2021-04-30,3.74,3.74,3.74,3.74,16447.0
2021-05-06,3.55,3.55,3.55,3.55,13764.0
2021-05-07,3.37,3.37,3.37,3.37,21950.0
2021-05-10,3.2,3.2,3.2,3.2,35046.0
2021-05-11,3.04,3.36,3.36,3.04,262507.93
2021-05-12,3.5,3.53,3.53,3.4,72302.18
2021-05-13,3.71,3.71,3.71,3.71,13381.28
2021-05-14,3.9,3.8,3.9,3.71,258689.43
2021-05-17,3.79,3.62,3.81,3.61,108674.87
2021-05-18,3.51,3.54,3.68,3.5,52324.0
2021-05-19,3.57,3.57,3.63,3.55,39116.74
2021-05-20,3.58,3.6,3.64,3.39,60458.89
2021-05-21,3.58,3.53,3.61,3.53,33229.0
2021-05-24,3.5,3.67,3.69,3.48,47565.61
2021-05-25,3.6,3.63,3.68,3.6,46528.52
2021-05-26,3.64,3.65,3.68,3.6,31933.88
2021-05-27,3.68,3.69,3.75,3.6,58171.32
2021-05-28,3.69,3.68,3.74,3.65,37481.4
2021-05-31,3.68,3.7,3.75,3.58,54822.35
2021-06-01,3.7,3.7,3.73,3.61,39809.5
2021-06-02,3.7,3.66,3.71,3.64,29560.28
2021-06-03,3.64,3.65,3.65,3.57,31757.28
2021-06-04,3.64,3.65,3.68,3.61,19126.85
2021-06-07,3.64,3.62,3.64,3.58,27521.51
2021-06-08,3.6,3.59,3.6,3.54,22658.84
2021-06-09,3.57,3.66,3.69,3.56,40739.64
2021-06-10,3.66,3.62,3.66,3.58,41606.28
2021-06-11,3.63,3.59,3.63,3.56,28479.0
2021-06-15,3.59,3.51,3.6,3.46,37515.0
2021-06-16,3.51,3.51,3.55,3.33,114666.89
2021-06-17,3.48,3.51,3.57,3.4,59356.5
2021-06-18,3.53,3.53,3.53,3.46,29669.84
2021-06-21,3.55,3.6,3.6,3.49,32441.0
2021-06-22,3.62,3.78,3.78,3.62,43034.1
2021-06-23,3.78,3.97,3.97,3.78,136699.24
2021-06-24,4.04,3.95,4.13,3.92,144224.79
2021-06-25,3.93,4.11,4.15,3.83,139247.18
2021-06-28,4.11,4.13,4.26,4.02,116012.44
2021-06-29,4.15,4.15,4.18,4.08,64823.5
2021-06-30,4.16,4.11,4.16,4.04,56382.5
2021-07-01,4.13,4.12,4.16,4.09,35937.0
2021-07-02,4.13,4.21,4.27,4.08,53282.15
2021-07-05,4.23,4.26,4.33,4.18,99818.79
2021-07-06,4.3,4.29,4.32,4.26,66698.39
2021-07-07,4.32,4.5,4.5,4.32,89643.57
2021-07-08,4.68,4.73,4.73,4.63,68662.46
2021-07-09,4.97,4.68,4.97,4.49,233619.19
2021-07-12,4.7,4.68,4.85,4.6,131320.5
2021-07-13,4.45,4.45,4.55,4.45,75175.0
2021-07-14,4.23,4.67,4.67,4.23,159059.1
2021-07-15,4.7,4.84,4.9,4.65,112369.5
2021-07-16,4.8,4.83,4.89,4.74,65307.26
2021-07-19,4.9,4.83,4.9,4.7,72577.56
2021-07-20,4.83,4.83,4.84,4.76,39466.53
2021-07-21,4.82,4.78,4.85,4.75,57706.0
2021-07-22,4.62,4.73,4.78,4.56,82983.18
2021-07-23,4.7,4.57,4.73,4.53,66938.13
2021-07-26,4.51,4.34,4.57,4.34,65240.0
2021-07-27,4.33,4.22,4.4,4.12,81294.9
2021-07-28,4.22,4.23,4.27,4.02,51093.0
2021-07-29,4.27,4.39,4.43,4.25,51823.4
2021-07-30,4.4,4.36,4.4,4.3,39898.66
2021-08-02,4.38,4.14,4.39,4.14,78869.5
2021-08-03,4.12,4.04,4.13,4.0,69968.51
2021-08-04,4.04,4.04,4.07,4.02,32346.5
2021-08-05,4.05,4.08,4.1,4.02,42399.37
2021-08-06,4.06,4.23,4.26,4.06,49566.18
2021-08-09,4.21,4.32,4.38,4.19,64855.65
2021-08-10,4.35,4.27,4.41,4.27,55024.0
2021-08-11,4.28,4.12,4.3,4.12,40732.06
2021-08-12,4.15,4.12,4.21,4.11,33326.29
2021-08-13,4.12,4.03,4.13,4.01,56879.83
2021-08-16,4.01,4.2,4.23,3.99,57913.67
2021-08-17,4.18,4.04,4.19,4.03,40193.79
2021-08-18,3.99,4.04,4.09,3.99,35407.68
2021-08-19,4.01,4.14,4.23,4.01,49293.0
2021-08-20,4.15,4.13,4.26,4.11,58003.0
2021-08-23,4.13,4.17,4.2,4.06,35829.01
2021-08-24,4.17,4.19,4.26,4.06,46271.44
2021-08-25,4.19,4.21,4.24,4.15,44771.0
2021-08-26,4.22,4.17,4.23,4.15,43942.68
2021-08-27,4.17,4.2,4.23,4.14,48632.5
2021-08-30,4.21,4.16,4.22,4.04,81145.83
2021-08-31,4.16,4.11,4.16,4.04,78811.0
2021-09-01,4.12,4.1,4.12,4.01,72520.01
2021-09-02,4.11,4.09,4.13,4.06,42990.0
2021-09-03,4.11,4.1,4.11,3.99,126614.51
2021-09-06,4.09,4.06,4.09,4.02,67052.9
2021-09-07,4.06,4.06,4.07,4.01,85498.94
2021-09-08,4.06,4.05,4.08,4.02,70825.5
2021-09-09,4.04,4.04,4.05,4.01,75045.89
2021-09-10,4.06,3.99,4.06,3.97,84004.46
2021-09-13,4.0,3.79,4.01,3.79,114376.0
2021-09-14,3.73,3.77,3.82,3.6,136976.86
2021-09-15,3.73,3.58,3.73,3.58,100768.0
2021-09-16,3.58,3.4,3.58,3.4,95513.67
2021-09-17,3.42,3.34,3.45,3.23,103590.67
2021-09-22,3.41,3.51,3.51,3.34,83007.34
2021-09-23,3.63,3.69,3.69,3.58,54493.02
2021-09-24,3.79,3.87,3.87,3.74,147801.51
2021-09-27,3.77,4.02,4.06,3.77,182151.83
2021-09-28,4.06,4.06,4.12,4.0,85603.13
2021-09-29,4.02,4.05,4.14,3.99,84640.51
2021-09-30,4.04,4.23,4.24,4.04,126223.98
2021-10-08,4.25,4.34,4.39,4.17,113043.8
2021-10-11,4.34,4.42,4.5,4.26,104433.5
2021-10-12,4.42,4.43,4.5,4.36,70736.0
2021-10-13,4.48,4.4,4.48,4.33,59143.08
2021-10-14,4.44,4.43,4.45,4.37,35962.42
2021-10-15,4.44,4.48,4.49,4.38,59035.0
2021-10-18,4.45,4.53,4.64,4.45,89727.0
2021-10-19,4.49,4.3,4.49,4.3,75679.0
2021-10-20,4.24,4.09,4.24,4.09,108880.53
2021-10-21,4.09,4.12,4.24,3.92,202524.5
2021-10-22,4.08,4.33,4.33,4.05,85092.09
2021-10-25,4.38,4.25,4.49,4.22,114896.78
2021-10-26,4.25,4.15,4.29,4.1,52257.41
2021-10-27,4.13,4.21,4.21,4.03,66554.24
2021-10-28,4.22,4.17,4.22,4.12,36881.0
2021-10-29,4.21,4.38,4.38,4.17,89377.33
2021-11-01,4.4,4.6,4.6,4.31,158322.5
2021-11-02,4.64,4.65,4.76,4.56,119045.24
2021-11-03,4.58,4.88,4.88,4.58,77091.64
2021-11-04,4.97,5.11,5.12,4.95,151254.0
2021-11-05,5.05,4.97,5.15,4.85,160619.1
2021-11-08,4.93,5.22,5.22,4.82,69027.2
2021-11-09,5.4,5.48,5.48,5.35,42658.51
2021-11-10,5.5,5.38,5.7,5.34,153132.18
2021-11-11,5.43,5.65,5.65,5.4,45316.84
2021-11-12,5.8,5.75,5.93,5.56,87011.12
2021-11-15,5.75,5.65,5.76,5.52,78935.61
2021-11-16,5.61,5.93,5.93,5.6,36439.27
2021-11-17,6.09,6.21,6.22,6.01,79911.0
2021-11-18,6.1,6.03,6.35,5.9,176025.26
2021-11-19,6.02,6.11,6.23,5.91,74841.0
2021-11-22,6.12,5.85,6.22,5.8,166388.5
2021-11-23,5.86,5.56,5.86,5.56,108106.41
2021-11-24,5.49,5.45,5.58,5.28,227839.62
2021-11-25,5.44,5.37,5.6,5.21,133282.12
2021-11-26,5.35,5.34,5.49,5.27,72933.83
2021-11-29,5.26,5.61,5.61,5.17,89985.72
2021-11-30,5.89,5.89,5.89,5.89,43167.4
2021-12-01,6.18,6.1,6.18,5.78,209089.33
2021-12-02,6.15,6.28,6.37,6.04,174676.8
2021-12-03,6.35,6.13,6.38,6.09,131212.69
2021-12-06,6.14,5.82,6.17,5.82,96879.42
2021-12-07,5.94,5.8,5.94,5.53,210299.16
2021-12-08,5.72,5.82,5.91,5.6,79236.14
2021-12-09,5.76,5.83,5.91,5.67,57120.0
2021-12-10,5.82,5.85,5.85,5.71,49913.4
2021-12-13,5.87,5.85,5.87,5.68,78798.5
2021-12-14,5.82,5.76,5.91,5.61,71002.5
2021-12-15,5.75,5.6,5.75,5.47,161532.41
2021-12-16,5.53,5.34,5.53,5.34,53101.06
2021-12-17,5.36,5.61,5.61,5.22,124608.56
2021-12-20,5.65,5.71,5.8,5.55,95215.17
2021-12-21,5.7,5.62,5.75,5.57,57329.5
2021-12-22,5.7,5.62,5.74,5.6,64903.5
2021-12-23,5.67,5.67,5.7,5.55,56609.0
2021-12-24,5.7,5.9,5.92,5.7,86262.55
2021-12-27,5.87,5.81,5.96,5.66,95854.44
2021-12-28,5.81,5.72,5.82,5.65,69884.0
2021-12-29,5.75,5.77,5.87,5.67,65115.55
2021-12-30,5.81,5.91,5.95,5.79,69512.0
2021-12-31,5.91,6.09,6.14,5.91,99471.36
2022-01-04,6.25,6.23,6.26,6.1,60056.9
2022-01-05,6.25,6.5,6.5,6.14,99213.0
2022-01-06,6.62,6.8,6.82,6.5,112920.94
2022-01-07,6.8,6.76,6.88,6.58,101808.5
2022-01-10,6.76,6.42,6.76,6.42,33776.5
2022-01-11,6.1,6.38,6.41,6.1,155280.4
2022-01-12,6.38,6.63,6.66,6.3,50438.51
2022-01-13,6.63,6.56,6.64,6.45,55417.5
2022-01-14,6.56,6.54,6.64,6.4,53642.77
2022-01-17,6.6,6.72,6.76,6.54,92892.5
2022-01-18,6.75,6.93,6.96,6.73,83619.9
2022-01-19,6.95,6.58,7.05,6.58,102916.4
2022-01-20,6.89,6.78,6.89,6.64,76092.0
2022-01-21,6.79,6.84,6.88,6.69,66435.0
2022-01-24,7.18,6.92,7.18,6.78,90158.0
2022-01-25,6.93,6.82,6.95,6.7,51228.0
2022-01-26,6.88,6.48,6.88,6.48,71506.0
2022-01-27,6.51,6.16,6.57,6.16,70719.0
2022-01-28,6.29,6.37,6.46,6.02,48396.01
2022-02-07,6.5,6.46,6.58,6.37,42742.5
2022-02-08,6.53,6.57,6.68,6.48,42798.5
2022-02-09,6.66,6.63,6.7,6.52,30270.0
2022-02-10,6.7,6.69,6.77,6.6,22493.0
2022-02-11,6.71,6.36,6.79,6.36,52312.0
2022-02-14,6.47,6.37,6.47,6.28,37282.5
2022-02-15,6.42,6.55,6.62,6.35,48294.0
2022-02-16,6.58,6.62,6.8,6.55,40214.0
2022-02-17,6.63,6.59,6.69,6.51,39815.28
2022-02-18,6.6,6.63,6.63,6.45,56065.0
2022-02-21,6.63,6.65,6.69,6.51,48374.0
2022-02-22,6.68,6.59,6.75,6.52,30715.5
2022-02-23,6.64,6.62,6.64,6.49,23930.01
2022-02-24,6.6,6.59,6.74,6.44,56785.28
2022-02-25,6.62,6.59,6.62,6.54,28054.06
2022-02-28,6.59,6.26,6.62,6.26,50293.0
2022-03-01,6.33,6.35,6.38,5.95,91662.75
2022-03-02,6.47,6.6,6.66,6.35,57249.51
2022-03-03,6.65,6.59,6.69,6.5,45211.5
2022-03-04,6.6,6.56,6.6,6.46,42820.0
2022-03-07,6.54,6.42,6.54,6.35,52461.5
2022-03-08,6.43,6.2,6.43,6.1,47751.4
2022-03-09,6.23,6.35,6.41,5.99,83020.11
2022-03-10,6.35,6.39,6.45,6.3,37504.0
2022-03-11,6.4,6.07,6.4,6.07,99240.0
2022-03-14,6.11,5.96,6.11,5.77,118486.26
2022-03-15,5.97,5.85,5.97,5.7,55193.0
2022-03-16,5.89,6.06,6.06,5.77,53820.9
2022-03-17,6.15,6.14,6.15,6.06,29285.03
2022-03-18,6.14,6.23,6.23,6.08,34498.93
2022-03-21,6.24,6.28,6.33,6.2,17709.0
2022-03-22,6.28,6.18,6.34,6.18,30201.0
2022-03-23,6.24,6.23,6.25,5.91,55271.0
2022-03-24,6.19,6.24,6.24,6.06,23685.79
2022-03-25,6.2,6.24,6.26,6.15,24432.0
2022-03-28,6.24,6.2,6.24,6.09,34429.51
2022-03-29,6.2,6.13,6.22,6.12,26861.0
2022-03-30,6.21,6.25,6.27,6.12,31581.0
2022-03-31,6.21,6.33,6.42,6.21,58261.06
2022-04-01,6.33,6.56,6.61,6.33,66387.14
2022-04-06,6.53,6.7,6.78,6.53,76940.41
2022-04-07,6.7,6.66,6.76,6.61,32214.0
2022-04-08,6.7,6.54,6.77,6.51,40137.01
2022-04-11,6.56,6.24,6.56,6.21,64419.0
2022-04-12,6.24,6.3,6.39,6.1,38751.5
2022-04-13,6.35,6.2,6.37,6.05,36768.0
2022-04-14,6.25,6.16,6.25,6.06,43710.5
2022-04-15,6.08,6.36,6.4,6.07,60014.0
2022-04-18,6.1,6.38,6.57,6.1,41338.0
2022-04-19,6.45,6.7,6.7,6.33,71739.0
2022-04-20,7.0,6.92,7.04,6.67,90079.5
2022-04-21,6.92,6.88,7.05,6.68,49157.05
2022-04-22,6.73,7.02,7.11,6.61,61025.0
2022-04-25,6.94,6.71,7.0,6.67,76288.23
2022-04-26,6.68,6.37,6.68,6.37,30185.0
2022-04-27,6.06,6.65,6.69,6.05,115918.22
2022-04-28,6.65,6.59,6.82,6.49,62263.43
2022-04-29,6.7,6.87,6.9,6.59,49829.41
2022-05-05,7.0,6.53,7.0,6.53,92516.14
2022-05-06,6.48,6.59,6.73,6.36,27878.0
2022-05-09,6.7,6.72,6.82,6.63,39135.53
2022-05-10,6.7,6.83,6.85,6.7,50403.06
2022-05-11,6.83,6.8,6.98,6.77,69627.0
2022-05-12,6.86,6.87,6.94,6.75,60214.14
2022-05-13,6.89,7.09,7.1,6.87,88903.01
2022-05-16,7.09,7.39,7.41,6.97,117603.54
2022-05-17,7.39,7.51,7.55,7.3,110211.0
2022-05-18,7.51,7.48,7.57,7.2,132008.53
2022-05-19,7.38,7.31,7.44,7.28,71092.5
2022-05-20,7.36,7.32,7.44,7.25,127855.0
2022-05-23,7.33,7.33,7.42,7.23,111646.0
2022-05-24,7.33,6.96,7.4,6.96,116892.0
2022-05-25,6.96,7.15,7.15,6.62,141316.5
2022-05-26,7.14,7.24,7.38,7.12,129257.0
2022-05-27,7.32,7.16,7.32,7.05,99836.64
2022-05-30,7.2,7.32,7.32,7.09,43446.56
2022-05-31,7.33,7.35,7.41,7.23,84221.99
2022-06-01,7.37,7.42,7.42,7.27,94877.52
2022-06-02,7.36,7.05,7.36,7.05,256982.0
2022-06-06,6.92,7.06,7.09,6.86,137965.39
2022-06-07,7.06,7.12,7.16,6.98,55282.5
2022-06-08,7.12,7.09,7.15,7.0,76426.51
2022-06-09,7.09,7.06,7.29,7.0,62849.0
2022-06-10,7.06,7.09,7.17,6.99,47374.49
2022-06-13,7.08,7.07,7.09,6.77,75035.51
2022-06-14,7.07,7.07,7.07,6.88,62846.5
2022-06-15,7.08,7.16,7.2,7.07,77640.51
2022-06-16,7.18,7.03,7.22,7.0,61440.5
2022-06-17,6.9,7.08,7.08,6.78,112257.11
2022-06-20,7.07,7.03,7.09,6.96,48511.0
2022-06-21,7.05,6.97,7.05,6.9,51017.93
2022-06-22,7.01,6.95,7.01,6.88,34999.5
2022-06-23,6.98,6.95,6.98,6.86,47922.46
2022-06-24,6.98,6.95,6.98,6.88,42459.0
2022-06-27,6.97,6.94,6.98,6.87,37821.0
2022-06-28,6.94,6.89,6.94,6.83,39762.0
2022-06-29,6.9,7.23,7.23,6.88,124258.94
2022-07-01,7.45,7.51,7.9,7.12,330252.19
2022-07-04,7.53,7.72,7.89,7.47,217259.04
2022-07-05,7.78,7.47,7.88,7.37,201196.01
2022-07-06,7.49,7.6,7.7,7.29,114381.5
2022-07-07,7.64,7.67,7.76,7.53,114821.5
2022-07-08,7.75,7.75,7.75,7.6,82983.48
2022-07-11,7.8,7.81,7.87,7.69,91096.8
2022-07-12,7.88,7.79,7.89,7.73,83758.5
2022-07-13,7.8,7.89,7.94,7.74,117946.66
2022-07-14,7.93,7.95,7.96,7.86,97140.67
2022-07-15,7.88,7.89,7.96,7.77,137311.57
2022-07-18,7.9,7.91,7.97,7.73,189142.0
2022-07-19,7.93,7.93,7.99,7.82,189910.01
2022-07-20,7.94,7.6,7.94,7.54,209609.0
2022-07-21,7.6,7.43,7.62,7.35,181285.53
2022-07-22,7.46,7.21,7.46,7.07,145704.07
2022-07-25,7.2,7.17,7.2,6.98,114129.26
2022-07-26,7.24,7.46,7.5,7.1,88790.87
2022-07-27,7.49,7.15,7.49,7.1,146504.5
2022-07-28,7.15,7.13,7.21,6.99,148034.53
2022-07-29,7.1,7.37,7.42,7.06,142564.78
2022-08-01,7.36,7.44,7.5,7.3,86224.57
2022-08-02,7.41,7.61,7.65,7.2,141962.34
2022-08-03,7.65,7.75,8.07,7.61,186173.5
2022-08-04,7.9,7.82,7.92,7.73,125917.98
2022-08-05,7.87,7.86,7.96,7.68,148689.01
2022-08-08,7.87,7.93,7.97,7.8,134897.35
2022-08-09,7.99,8.08,8.26,7.93,217674.44
2022-08-10,8.12,8.09,8.24,8.0,123895.0
2022-08-11,8.1,8.09,8.18,8.05,103548.0
2022-08-12,8.1,8.01,8.14,8.01,92917.5
2022-08-15,8.06,8.16,8.28,8.01,181973.5
2022-08-16,8.19,8.12,8.21,8.1,86298.0
2022-08-17,8.16,7.99,8.17,7.77,199284.5
2022-08-18,8.01,7.84,8.01,7.71,185789.0
2022-08-19,7.78,8.16,8.33,7.59,331531.28
2022-08-22,8.24,8.25,8.37,8.14,186406.0
2022-08-23,8.29,8.3,8.42,8.18,218521.78
2022-08-24,8.36,8.14,8.36,7.98,177169.48
2022-08-25,8.15,7.9,8.15,7.71,237794.02
2022-08-26,7.91,7.75,8.06,7.74,153639.0
2022-08-29,7.67,7.7,7.82,7.55,375951.0
2022-08-30,7.69,8.04,8.06,7.68,181433.29
2022-08-31,8.03,8.04,8.09,7.94,120408.0
2022-09-01,8.04,8.52,8.54,8.03,234856.18
2022-09-02,8.62,8.78,8.88,8.47,278992.23
2022-09-05,8.84,8.84,8.95,8.7,239272.0
2022-09-06,9.02,8.23,9.02,8.01,531752.25
2022-09-07,8.05,8.11,8.22,7.91,159147.6
2022-09-08,8.24,8.11,8.26,8.08,111219.1
2022-09-09,8.11,8.12,8.18,8.06,72956.79
2022-09-13,8.12,8.16,8.18,8.0,94771.03
2022-09-14,8.11,8.06,8.14,8.02,69841.0
2022-09-15,8.16,8.14,8.17,7.93,169403.5
2022-09-16,8.1,7.93,8.1,7.7,182801.1
2022-09-19,7.87,7.81,8.0,7.67,105340.0
2022-09-20,7.84,7.81,7.84,7.6,137333.95
2022-09-21,7.83,7.87,7.87,7.51,150950.07
2022-09-22,7.8,7.92,7.96,7.71,106328.4
2022-09-23,7.89,7.92,7.96,7.79,86000.0
2022-09-26,7.87,7.65,7.87,7.62,90052.0
2022-09-27,7.65,7.87,7.89,7.57,99400.98
2022-09-28,7.87,7.82,7.87,7.71,78483.51
2022-09-29,7.8,7.86,7.86,7.72,77721.0
2022-09-30,7.85,8.06,8.12,7.84,121300.89
2022-10-10,8.06,8.06,8.15,7.91,89505.5
2022-10-11,8.06,8.0,8.07,7.8,100048.0
2022-10-12,8.0,8.03,8.07,7.87,105991.0
2022-10-13,8.02,8.0,8.1,7.97,68231.0
2022-10-14,8.0,7.94,8.01,7.83,119502.0
2022-10-17,7.9,7.93,7.96,7.87,66016.02
2022-10-18,7.94,7.92,7.94,7.86,44595.0
2022-10-19,7.91,7.9,7.94,7.85,43773.0
2022-10-20,7.91,7.9,7.95,7.86,48315.0
2022-10-21,7.9,7.86,7.92,7.73,63022.5
2022-10-24,7.85,7.82,7.87,7.75,40684.48
2022-10-25,7.81,7.79,7.84,7.64,71714.0
2022-10-26,7.8,7.83,7.83,7.71,67872.0
2022-10-27,7.83,7.88,8.01,7.8,82296.72
2022-10-28,7.83,7.95,7.98,7.74,131536.49
2022-10-31,7.98,8.0,8.12,7.74,208897.97
2022-11-01,8.04,7.99,8.07,7.95,72823.5
2022-11-02,7.99,8.03,8.03,7.87,151716.5
2022-11-03,8.02,8.11,8.21,7.97,132579.0
2022-11-04,8.11,8.15,8.19,8.04,130507.0
2022-11-07,8.15,8.27,8.27,8.11,112959.0
2022-11-08,8.25,8.43,8.43,8.24,188759.04
2022-11-09,8.43,8.42,8.55,8.3,156189.51
2022-11-10,8.42,8.23,8.46,8.19,102563.72
2022-11-11,8.4,8.1,8.42,8.04,99150.0
2022-11-14,8.1,8.15,8.21,8.0,83690.0
2022-11-15,8.15,8.16,8.27,8.1,95267.0
2022-11-16,8.19,8.2,8.22,8.01,166080.0
2022-11-17,8.18,8.18,8.27,8.09,100261.0
2022-11-18,8.2,8.18,8.21,8.12,57391.01
2022-11-21,8.16,8.0,8.17,7.93,116600.89
2022-11-22,7.95,7.9,8.12,7.86,102383.89
2022-11-23,7.86,7.8,7.88,7.72,65612.0
2022-11-24,7.8,7.77,7.92,7.65,124722.0
2022-11-25,7.78,7.8,7.85,7.7,117718.12
2022-11-28,7.8,7.62,7.85,7.54,88537.0
2022-11-29,7.63,7.58,7.7,7.49,151487.06
2022-11-30,7.55,7.54,7.65,7.42,132581.0
2022-12-01,7.56,7.47,7.57,7.43,71945.41
2022-12-02,7.46,7.55,7.56,7.41,71936.0
2022-12-05,7.55,7.61,7.67,7.55,70877.96
2022-12-06,7.64,8.1,8.1,7.59,191594.04
2022-12-07,8.09,8.04,8.21,7.98,118974.0
2022-12-08,8.04,8.31,8.33,7.98,156889.18
2022-12-09,8.28,8.26,8.38,8.24,82896.46
2022-12-12,8.28,8.1,8.38,8.06,84383.39
2022-12-13,8.19,8.19,8.23,8.11,46837.0
2022-12-14,8.13,8.14,8.22,8.13,49133.0
2022-12-15,8.14,8.14,8.19,8.03,53452.0
2022-12-16,8.14,8.07,8.19,8.04,37796.26
2022-12-19,8.09,7.8,8.13,7.8,62661.0
2022-12-20,7.78,7.81,7.9,7.67,48307.0
2022-12-21,7.79,8.06,8.18,7.79,79741.0
2022-12-22,8.1,7.72,8.18,7.7,73682.57
2022-12-23,7.72,7.92,8.01,7.72,78397.5
2022-12-26,7.89,7.87,7.97,7.77,49407.5
2022-12-27,7.92,7.84,7.92,7.6,62531.0
2022-12-28,7.85,7.84,7.92,7.71,38872.0
2022-12-29,7.85,7.78,7.87,7.69,44053.37
2022-12-30,7.78,7.78,7.81,7.7,24956.0
2023-01-03,7.76,8.08,8.17,7.66,99832.0
2023-01-04,8.08,7.87,8.12,7.83,50997.0
2023-01-05,7.85,7.86,7.95,7.75,33399.0
2023-01-06,7.86,7.82,7.89,7.76,44294.5
2023-01-09,7.82,7.96,8.0,7.77,60146.0
2023-01-10,7.99,7.97,8.08,7.92,68879.0
2023-01-11,8.05,7.87,8.05,7.8,44782.0
2023-01-12,7.85,7.8,7.94,7.76,31798.0
2023-01-13,7.8,7.69,7.8,7.68,29426.0
2023-01-16,7.68,7.56,7.69,7.51,46135.06
2023-01-17,7.55,7.6,7.78,7.54,42204.0
2023-01-18,7.6,7.57,7.68,7.52,36808.0
2023-01-19,7.66,7.53,7.66,7.42,72233.0
2023-01-20,7.54,7.55,7.61,7.44,50216.0
2023-01-30,7.61,7.47,7.63,7.44,51167.0
2023-01-31,7.48,7.62,7.66,7.44,45668.0
2023-02-01,7.68,7.85,8.0,7.67,118490.0
2023-02-02,7.8,7.72,7.85,7.66,53156.36
2023-02-03,7.69,7.7,7.75,7.69,19199.5
2023-02-06,7.7,7.65,7.73,7.65,35018.0
2023-02-07,7.69,7.62,7.69,7.53,33603.78
2023-02-08,7.63,7.71,7.79,7.56,28582.28
2023-02-09,7.69,7.69,7.75,7.65,26496.5
2023-02-10,7.71,7.68,7.75,7.66,17963.0
2023-02-13,7.73,7.63,7.73,7.61,26320.0
2023-02-14,7.63,7.63,7.65,7.58,16037.0
2023-02-15,7.64,7.62,7.65,7.55,22606.3
2023-02-16,7.64,7.58,7.8,7.5,61081.0
2023-02-17,7.58,7.69,7.76,7.51,43525.8
2023-02-20,7.82,7.83,7.85,7.7,73972.0
2023-02-21,7.84,7.66,7.88,7.61,57406.0
2023-02-22,7.66,7.63,7.66,7.61,16699.89
2023-02-23,7.64,7.61,7.73,7.6,17742.0
2023-02-24,7.65,7.62,7.7,7.6,21738.5
2023-02-27,7.67,7.58,7.68,7.56,42074.5
2023-02-28,7.57,7.74,7.8,7.55,50454.01
2023-03-01,7.78,7.75,7.83,7.69,27530.5
2023-03-02,7.75,7.75,7.83,7.73,33397.5
2023-03-03,7.76,7.76,7.79,7.72,22260.0
2023-03-06,7.79,7.71,7.79,7.58,39954.01
2023-03-07,7.7,7.61,7.75,7.61,16655.0
2023-03-08,7.58,7.68,7.68,7.58,17113.0
2023-03-09,7.68,7.57,7.68,7.57,17475.0
2023-03-10,7.56,7.74,7.75,7.46,47899.0
2023-03-13,7.73,7.61,7.73,7.59,29134.5
2023-03-14,7.61,7.66,7.67,7.58,33777.0
2023-03-15,7.66,7.69,7.74,7.61,37264.94
2023-03-16,7.73,7.71,7.73,7.63,24280.0
2023-03-17,7.68,7.63,7.79,7.61,31806.11
2023-03-20,7.63,7.67,7.71,7.56,26649.0
2023-03-21,7.67,7.74,7.77,7.65,36686.52
2023-03-22,7.77,7.79,7.82,7.69,37105.0
2023-03-23,7.85,7.81,7.85,7.75,28421.0
2023-03-24,7.85,7.85,7.88,7.8,28317.0
2023-03-27,7.96,7.9,8.18,7.8,82200.0
2023-03-28,7.86,7.77,7.94,7.75,29042.15
2023-03-29,7.72,7.71,7.84,7.69,40501.9
2023-03-30,7.72,7.7,7.77,7.64,20320.0
2023-03-31,7.65,7.67,7.72,7.63,20112.53
2023-04-03,7.65,7.67,7.76,7.63,33377.77
2023-04-04,7.69,7.63,7.69,7.61,24181.15
2023-04-06,7.63,7.55,7.65,7.49,32750.03
2023-04-07,7.54,7.56,7.59,7.51,20707.12
2023-04-10,7.56,7.47,7.58,7.43,21060.0
2023-04-11,7.47,7.52,7.55,7.41,24207.5
2023-04-12,7.47,7.53,7.57,7.46,22487.0
2023-04-13,7.51,7.47,7.52,7.44,15788.0
2023-04-14,7.5,7.51,7.53,7.43,15062.12
2023-04-17,7.51,7.52,7.64,7.46,18293.0
2023-04-18,7.62,7.46,7.62,7.41,23837.0
2023-04-19,7.41,7.22,7.44,7.2,36459.0
2023-04-20,7.2,7.04,7.28,6.84,125891.87
2023-04-21,7.1,6.77,7.1,6.73,44939.0
2023-04-24,6.61,6.61,6.77,6.5,57927.02
2023-04-25,6.58,6.63,6.68,6.46,34413.02
2023-04-26,6.69,6.73,6.78,6.58,25437.02
2023-04-27,6.64,6.06,6.66,6.06,88643.94
2023-04-28,5.45,5.45,5.45,5.45,10511.0
2023-05-05,5.18,5.18,5.18,5.18,1236.0
2023-05-08,4.92,4.92,4.92,4.92,4793.0
2023-05-09,4.67,4.67,4.67,4.67,4134.0
2023-05-10,4.44,4.44,4.44,4.44,6044.0
2023-05-11,4.22,4.22,4.43,4.22,230938.4
2023-05-12,4.34,4.15,4.43,4.03,189352.87
2023-05-15,3.95,4.02,4.09,3.95,83731.5
2023-05-16,3.99,4.08,4.08,3.99,29716.79
2023-05-17,4.04,4.18,4.25,4.04,52864.4
2023-05-18,4.13,4.36,4.39,4.13,89306.46
2023-05-19,4.35,4.54,4.56,4.28,84226.45
2023-05-22,4.54,4.34,4.59,4.34,89657.26
2023-05-23,4.12,4.23,4.4,4.12,106875.26
2023-05-24,4.15,4.24,4.34,4.13,34815.7
2023-05-25,4.29,4.24,4.3,4.2,25360.0
2023-05-26,4.24,4.18,4.25,4.16,33018.0
2023-05-29,4.2,4.19,4.22,4.13,35316.0
2023-05-30,4.2,3.98,4.2,3.98,54722.35
2023-05-31,3.91,3.99,4.02,3.78,158188.42
2023-06-01,3.91,3.89,3.98,3.8,36444.0
2023-06-02,3.83,3.91,3.93,3.8,25071.37
2023-06-05,3.91,3.81,3.93,3.79,73818.71
2023-06-06,3.82,3.7,3.82,3.62,137694.15
2023-06-07,3.66,3.78,3.8,3.59,72592.17
2023-06-08,3.74,3.84,3.87,3.72,36716.85
2023-06-09,3.85,3.76,3.89,3.75,29623.0
2023-06-12,3.79,3.74,3.81,3.64,28844.71
2023-06-13,3.76,3.74,3.79,3.69,23427.01
2023-06-14,3.74,3.8,3.83,3.69,25884.5
2023-06-15,3.77,3.78,3.81,3.73,17261.5
2023-06-16,3.73,3.76,3.82,3.73,28624.0
2023-06-19,3.73,3.71,3.76,3.66,30239.01
2023-06-20,3.71,3.52,3.71,3.52,63439.15
2023-06-21,3.52,3.51,3.62,3.48,34618.0
2023-06-26,3.48,3.69,3.69,3.41,58297.0
2023-06-27,3.7,3.87,3.87,3.7,39157.0
2023-06-28,4.06,4.06,4.06,4.06,6767.01
2023-06-29,4.26,4.26,4.26,4.26,2421.62
2023-06-30,4.47,4.47,4.47,4.47,3308.01
2023-07-03,4.69,4.69,4.69,4.47,153424.49
2023-07-04,4.69,4.75,4.8,4.55,119820.6
2023-07-05,4.74,4.69,4.8,4.58,61056.01
2023-07-06,4.76,4.67,4.8,4.6,32055.0
2023-07-07,4.68,4.63,4.73,4.55,35398.0
2023-07-10,4.64,4.86,4.86,4.6,41399.15
2023-07-11,4.96,5.1,5.1,4.89,98601.5
2023-07-12,5.19,5.22,5.34,5.11,96868.0
2023-07-13,5.16,5.19,5.28,5.1,47320.0
2023-07-14,5.19,5.14,5.21,5.06,39435.0
2023-07-17,5.14,5.08,5.26,5.02,36952.5
2023-07-18,5.09,5.07,5.13,5.01,21322.15
2023-07-19,5.07,5.07,5.19,5.01,29188.0
2023-07-20,5.1,5.19,5.24,5.1,42105.0
2023-07-21,5.18,4.93,5.19,4.93,44207.94
2023-07-24,4.75,4.93,5.03,4.75,28940.5
2023-07-25,4.96,4.97,5.05,4.92,20288.44
2023-07-26,5.0,4.97,5.0,4.91,14031.0
2023-07-27,4.92,4.96,5.01,4.9,20979.0
2023-07-28,4.92,4.91,4.95,4.8,17730.69
2023-07-31,4.92,4.77,4.96,4.74,25414.5
2023-08-01,4.77,4.73,4.79,4.65,16741.11
2023-08-02,4.66,4.76,4.95,4.66,30106.49
2023-08-03,4.74,4.78,4.8,4.67,25130.04
2023-08-04,4.8,4.76,4.81,4.74,12582.0
2023-08-07,4.82,5.0,5.0,4.78,52850.0
2023-08-08,5.05,5.13,5.24,5.02,50687.51
2023-08-09,5.1,5.06,5.16,5.0,28656.0
2023-08-10,5.1,5.09,5.11,5.03,16567.82
2023-08-11,5.09,5.19,5.23,5.03,22351.08
2023-08-14,5.17,5.18,5.24,5.1,26017.58
2023-08-15,5.28,5.17,5.3,5.08,23420.0
2023-08-16,5.21,5.12,5.21,5.09,12934.03
2023-08-17,5.1,5.13,5.13,5.06,12267.0
2023-08-18,5.13,5.1,5.13,5.02,13341.0
2023-08-21,5.05,5.09,5.12,5.05,8513.0
2023-08-22,5.09,5.02,5.09,4.85,19688.0
2023-08-23,5.03,4.99,5.03,4.89,15744.0
2023-08-24,4.98,5.0,5.04,4.93,7953.0
2023-08-25,4.96,5.11,5.14,4.95,10131.5
2023-08-28,5.35,5.13,5.35,5.06,13895.5
2023-08-29,5.15,5.12,5.15,5.08,12207.0
2023-08-30,5.15,5.05,5.23,5.05,17240.0
2023-08-31,5.03,5.08,5.12,5.0,12936.5
2023-09-01,5.1,5.01,5.1,4.99,23961.0
2023-09-04,4.95,4.99,5.04,4.95,19337.0
2023-09-05,4.96,4.96,4.99,4.91,8541.0
2023-09-06,4.97,4.83,4.97,4.82,22479.0
2023-09-07,4.8,4.72,4.83,4.62,31146.62
2023-09-08,4.77,4.77,4.78,4.6,29653.11
2023-09-11,4.76,4.73,4.84,4.68,15585.61
2023-09-12,4.76,4.72,4.76,4.66,10339.0
2023-09-13,4.72,4.68,4.72,4.6,10775.04
2023-09-14,4.62,4.57,4.68,4.53,14307.0
2023-09-15,4.53,4.6,4.65,4.53,7766.0
2023-09-18,4.56,4.6,4.62,4.55,8734.0
2023-09-19,4.57,4.49,4.58,4.47,24635.0
2023-09-20,4.46,4.71,4.71,4.45,51106.81
2023-09-21,4.71,4.63,4.73,4.57,29706.13
2023-09-22,4.65,4.6,4.65,4.47,27267.0
2023-09-25,4.55,4.55,4.57,4.47,17092.0
2023-09-26,4.55,4.5,4.55,4.48,7482.0
2023-09-27,4.52,4.51,4.52,4.44,11796.0
2023-09-28,4.5,4.5,4.54,4.45,13809.0
2023-10-09,4.46,4.41,4.5,4.32,13182.0
2023-10-10,4.39,4.34,4.4,4.32,8409.78
2023-10-11,4.34,4.3,4.34,4.27,7930.78
2023-10-12,4.28,4.3,4.37,4.28,14294.78
2023-10-13,4.34,4.52,4.52,4.32,56020.0
2023-10-16,4.54,4.75,4.75,4.54,45803.5
2023-10-17,4.99,4.99,4.99,4.88,81513.03
2023-10-18,5.08,4.94,5.08,4.85,61860.09
2023-10-19,4.99,5.0,5.19,4.95,99748.52
2023-10-20,4.75,4.75,4.8,4.75,33548.0
2023-10-23,4.55,4.8,4.92,4.54,36874.71
2023-10-24,4.78,4.98,5.04,4.77,36869.62
2023-10-25,4.94,4.81,5.01,4.78,39159.5
2023-10-26,4.81,4.68,4.81,4.67,49811.78
2023-10-27,4.7,4.81,4.81,4.67,20413.66
2023-10-30,4.88,4.88,4.93,4.8,23347.75
2023-10-31,4.93,5.02,5.05,4.88,26552.32
2023-11-01,5.02,4.98,5.08,4.96,17457.0
2023-11-02,4.92,5.15,5.22,4.92,38421.39
2023-11-03,5.12,5.18,5.35,5.12,28217.19
2023-11-06,5.19,5.16,5.25,5.08,17997.62
2023-11-07,5.18,5.13,5.18,5.11,25430.45
2023-11-08,5.13,5.1,5.17,5.03,21103.0
2023-11-09,5.12,5.07,5.16,5.01,15651.11
2023-11-10,5.01,5.0,5.05,5.0,12534.81
2023-11-13,5.02,5.09,5.2,5.02,8383.0
2023-11-14,5.09,5.08,5.1,5.03,6382.5
2023-11-15,5.08,5.06,5.08,5.03,10571.4
2023-11-16,5.06,5.02,5.07,4.99,9765.0
2023-11-17,5.07,5.02,5.07,4.97,9587.5
2023-11-20,5.03,5.01,5.05,4.93,10374.19
2023-11-21,5.01,4.99,5.03,4.97,13676.55
2023-11-22,4.98,4.98,5.02,4.95,9509.0
2023-11-23,4.94,5.02,5.02,4.94,9548.0
2023-11-24,5.03,4.99,5.04,4.96,8736.0
2023-11-27,4.99,4.89,5.0,4.88,14801.0
2023-11-28,4.97,4.92,4.97,4.88,3791.0
2023-11-29,4.93,4.89,4.93,4.88,5058.0
2023-11-30,4.91,5.13,5.13,4.9,45156.51
2023-12-01,5.27,5.02,5.3,5.01,41068.89
2023-12-04,5.1,4.99,5.1,4.9,22193.25
2023-12-05,4.97,4.95,5.0,4.91,9815.28
2023-12-06,4.95,4.94,5.0,4.92,6884.0
2023-12-07,4.95,4.9,4.95,4.86,10163.01
2023-12-08,4.89,4.84,4.93,4.84,7976.0
2023-12-11,4.76,4.97,5.04,4.76,9771.0
2023-12-12,4.97,4.93,5.0,4.9,8215.0
2023-12-13,4.91,4.93,5.11,4.88,33604.0
2023-12-14,5.0,4.95,5.0,4.9,9545.0
2023-12-15,4.97,4.98,5.02,4.93,9492.0
2023-12-18,4.99,4.88,4.99,4.84,20044.62
2023-12-19,4.83,4.82,4.9,4.79,15477.0
2023-12-20,4.82,4.78,4.86,4.75,8480.0
2023-12-21,4.78,4.85,4.86,4.75,7053.0
2023-12-22,4.88,4.85,4.93,4.84,5286.0
2023-12-25,4.86,4.8,4.89,4.74,8523.0
2023-12-26,4.81,4.76,4.81,4.75,6530.0
2023-12-27,4.83,4.78,4.83,4.72,5975.5
2023-12-28,4.78,4.87,4.89,4.75,9209.5
2023-12-29,4.88,4.87,4.91,4.85,7294.0
2024-01-02,4.87,4.84,4.89,4.8,7274.5
2024-01-03,4.84,4.94,5.04,4.81,16690.5
2024-01-04,4.94,4.9,5.0,4.88,11038.0
2024-01-05,4.96,4.9,4.97,4.87,9100.0
2024-01-08,4.9,4.75,4.9,4.75,11944.0
2024-01-09,4.75,4.75,4.77,4.68,8646.0
2024-01-10,4.75,4.7,4.76,4.68,3897.28
2024-01-11,4.7,4.78,4.79,4.66,5737.78
2024-01-12,4.74,4.66,4.75,4.62,20951.5
2024-01-15,4.62,4.63,4.68,4.59,7136.0
2024-01-16,4.61,4.59,4.61,4.54,6556.5
2024-01-17,4.6,4.56,4.63,4.54,8059.0
2024-01-18,4.57,4.33,4.59,4.33,25452.0
2024-01-19,4.22,4.27,4.36,4.19,7882.0
2024-01-22,4.26,4.06,4.26,4.06,15248.0
2024-01-23,4.02,3.9,4.05,3.86,49805.45
2024-01-24,3.89,4.06,4.07,3.89,25050.45
2024-01-25,4.26,4.26,4.26,4.26,4967.22
2024-01-26,4.47,4.47,4.47,4.47,1806.52
2024-01-29,4.6,4.69,4.69,4.6,27402.75
2024-01-30,4.81,4.71,4.83,4.58,58435.0
2024-01-31,4.61,4.47,4.7,4.47,28136.0
2024-02-01,4.31,4.29,4.34,4.25,27204.5
2024-02-02,4.35,4.21,4.35,4.14,13497.0
2024-02-05,4.15,4.0,4.16,4.0,9079.0
2024-02-06,3.8,3.98,4.03,3.8,25701.0
2024-02-07,3.98,3.9,4.16,3.83,14246.28
2024-02-08,3.9,4.02,4.02,3.71,36061.28
2024-02-19,4.02,4.08,4.12,4.0,23151.0
2024-02-20,4.09,4.28,4.28,4.02,21960.0
2024-02-21,4.3,4.29,4.36,4.22,19820.5
2024-02-22,4.27,4.22,4.32,4.16,17074.0
2024-02-23,4.2,4.12,4.21,4.01,45713.74
2024-02-26,4.08,4.23,4.32,4.07,36703.24
2024-02-27,4.2,4.21,4.25,4.16,31322.0
2024-02-28,4.17,4.0,4.22,4.0,48640.74
2024-02-29,3.86,3.98,4.01,3.86,41290.01
2024-03-01,3.98,3.93,3.98,3.83,46994.77
2024-03-04,3.93,3.87,3.95,3.78,38186.5
2024-03-05,3.88,4.06,4.06,3.84,38399.88
2024-03-06,4.09,4.17,4.26,4.04,74598.05
2024-03-07,4.15,4.14,4.24,4.08,47976.5
2024-03-08,4.16,4.23,4.23,4.1,41661.0
2024-03-11,4.44,4.44,4.44,4.41,48568.5
2024-03-12,4.53,4.38,4.54,4.28,79284.24
2024-03-13,4.41,4.35,4.48,4.32,35605.15
2024-03-14,4.38,4.38,4.42,4.32,29361.38
2024-03-15,4.36,4.4,4.41,4.31,38542.03
2024-03-18,4.42,4.38,4.44,4.33,21912.71
2024-03-19,4.37,4.52,4.59,4.35,50321.89
2024-03-20,4.53,4.52,4.54,4.44,20653.66
2024-03-21,4.51,4.49,4.53,4.42,26646.45
2024-03-22,4.48,4.59,4.68,4.37,42679.68
2024-03-25,4.55,4.53,4.65,4.52,22948.0
2024-03-26,4.5,4.48,4.56,4.46,15754.99
2024-03-27,4.48,4.38,4.5,4.35,16246.69
2024-03-28,4.32,4.5,4.56,4.32,19685.5
2024-03-29,4.41,4.47,4.5,4.41,16863.88
2024-04-01,4.46,4.47,4.49,4.44,15276.0
2024-04-02,4.47,4.39,4.48,4.34,24195.42
2024-04-03,4.42,4.55,4.61,4.37,37455.53
2024-04-08,4.53,4.49,4.63,4.49,17558.76
2024-04-09,4.46,4.5,4.54,4.44,20642.51
2024-04-10,4.51,4.36,4.51,4.34,24988.51
2024-04-11,4.36,4.41,4.5,4.31,18057.5
2024-04-12,4.4,4.43,4.5,4.4,10745.0
2024-04-15,4.21,4.21,4.34,4.21,15739.5
2024-04-16,4.0,4.0,4.0,4.0,2782.0
2024-04-17,3.8,3.8,3.95,3.8,65922.38
2024-04-18,3.8,3.61,3.83,3.61,62803.37
2024-04-19,3.51,3.46,3.55,3.43,60652.08
2024-04-22,3.51,3.6,3.63,3.51,56222.5
2024-04-23,3.56,3.61,3.65,3.53,27018.81
2024-04-24,3.62,3.79,3.79,3.62,26640.42
2024-04-25,3.88,3.82,3.89,3.73,33801.96
2024-04-26,3.83,4.01,4.01,3.83,40318.0
2024-04-29,4.21,4.21,4.21,4.21,10124.5
2024-04-30,4.29,4.24,4.38,4.06,68465.0
2024-05-06,4.26,4.09,4.26,4.04,24405.5
2024-05-07,3.89,4.11,4.15,3.89,29596.79
2024-05-08,4.11,4.13,4.15,4.09,9517.9
2024-05-09,4.13,4.12,4.13,4.03,19019.89
2024-05-10,4.12,4.13,4.15,4.09,19842.0
2024-05-13,4.11,4.13,4.13,4.04,17361.5
2024-05-14,4.11,4.13,4.15,4.07,22651.0
2024-05-15,4.19,4.21,4.3,4.12,31129.37
2024-05-16,4.22,4.24,4.29,4.15,27125.51
2024-05-17,4.25,4.36,4.39,4.19,29061.5
2024-05-20,4.33,4.45,4.53,4.33,40023.0
2024-05-21,4.45,4.55,4.55,4.41,27744.5
2024-05-22,4.56,4.63,4.63,4.51,34871.0
2024-05-23,4.63,4.63,4.71,4.53,33242.76
2024-05-24,4.6,4.7,4.75,4.59,30483.26
2024-05-27,4.73,4.72,4.73,4.62,20210.61
2024-05-28,4.72,4.92,4.95,4.7,33524.83
2024-05-29,4.93,5.0,5.08,4.91,35208.79
2024-05-30,4.96,4.99,5.08,4.75,37774.16
2024-05-31,4.98,5.01,5.06,4.95,23653.08
2024-06-03,5.02,4.85,5.05,4.76,45273.02
2024-06-04,4.81,4.88,4.89,4.7,16036.5
2024-06-05,4.88,4.78,4.9,4.77,13409.06
2024-06-06,4.78,4.65,4.78,4.59,29337.53
2024-06-07,4.65,4.75,4.76,4.57,18061.78
2024-06-11,4.78,4.96,4.96,4.73,12795.26
2024-06-12,4.99,4.99,5.07,4.96,19402.76
2024-06-13,4.95,4.87,5.0,4.78,26555.65
2024-06-14,4.73,4.84,4.89,4.73,13163.0
2024-06-17,4.84,4.79,4.88,4.77,12271.5
2024-06-18,4.8,4.75,4.8,4.72,9150.5
2024-06-19,4.75,4.74,4.8,4.69,10750.0
2024-06-20,4.77,4.63,4.77,4.62,18638.0
2024-06-21,4.73,4.61,4.73,4.56,8925.0
2024-06-24,4.57,4.61,4.61,4.45,18681.0
2024-06-25,4.65,4.7,4.75,4.61,15598.5
2024-06-26,4.6,4.72,4.73,4.6,9453.5
2024-06-27,4.72,4.72,4.77,4.6,15880.5
2024-06-28,4.73,4.74,4.78,4.69,11579.0
2024-07-02,4.99,5.21,5.21,4.83,271234.96
2024-07-03,5.3,5.73,5.73,5.22,372813.42
2024-07-04,5.39,5.16,5.59,5.16,258855.06
2024-07-05,5.01,5.2,5.42,4.82,252896.07
2024-07-08,5.24,5.47,5.55,5.18,202326.27
2024-07-09,5.39,5.41,5.57,5.21,150025.5
2024-07-10,5.35,5.29,5.35,5.18,104933.27
2024-07-11,5.34,5.39,5.46,5.23,98309.27
2024-07-12,5.34,5.32,5.62,5.3,150035.5
2024-07-15,5.16,5.27,5.29,5.1,106317.5
2024-07-16,5.21,5.21,5.26,5.12,58354.5
2024-07-17,5.2,5.2,5.28,5.18,46622.77
2024-07-18,5.14,5.28,5.29,5.13,58144.27
2024-07-19,5.31,5.23,5.32,5.12,51337.02
2024-07-22,5.22,5.29,5.33,5.0,70387.5
2024-07-23,5.29,5.27,5.38,5.24,59243.0
2024-07-24,5.21,5.19,5.25,5.12,47801.0
2024-07-25,5.19,5.1,5.23,5.1,36885.5
2024-07-26,5.1,5.19,5.2,5.09,25759.0
2024-07-29,5.28,5.09,5.28,5.03,45617.0
2024-07-30,5.09,5.04,5.12,5.01,25563.0
2024-07-31,5.04,5.09,5.1,5.02,26391.0
2024-08-01,5.06,5.09,5.14,5.06,19045.0
2024-08-02,5.3,4.88,5.31,4.85,103323.5
2024-08-05,4.63,4.8,4.98,4.58,54496.24
2024-08-06,4.8,4.78,4.84,4.69,35354.0
2024-08-07,4.78,4.75,4.81,4.73,18202.15
2024-08-08,4.75,4.64,4.75,4.58,26797.0
2024-08-09,4.67,4.67,4.75,4.64,21662.0
2024-08-12,4.7,4.62,4.72,4.59,24416.5
2024-08-13,4.64,4.6,4.66,4.5,17735.5
2024-08-14,4.6,4.55,4.63,4.55,12287.0
2024-08-15,4.57,4.63,4.63,4.5,22404.0
2024-08-16,4.63,4.5,4.66,4.48,23627.5
2024-08-19,4.59,4.38,4.6,4.33,35963.57
2024-08-20,4.41,4.32,4.41,4.29,20444.0
2024-08-21,4.32,4.35,4.39,4.25,19073.0
2024-08-22,4.36,4.27,4.38,4.26,13368.5
2024-08-23,4.26,4.2,4.3,4.16,25941.0
2024-08-26,4.17,4.32,4.35,4.17,21518.0
2024-08-27,4.31,4.47,4.5,4.3,36120.0
2024-08-28,4.48,4.72,4.78,4.42,67299.37
2024-08-29,4.66,4.64,4.75,4.59,44562.0
2024-08-30,4.6,4.63,4.7,4.56,29894.5
2024-09-02,4.6,4.64,4.65,4.56,22955.5
2024-09-03,4.63,4.62,4.66,4.53,19369.0
2024-09-04,4.6,4.58,4.61,4.53,12671.0
2024-09-05,4.58,4.77,4.8,4.53,30553.0
2024-09-06,4.87,4.73,5.01,4.72,33817.0
2024-09-09,4.72,4.75,4.81,4.64,25129.0
2024-09-10,4.8,4.76,4.92,4.69,19238.0
2024-09-11,4.76,4.64,4.77,4.63,21238.0
2024-09-12,4.66,4.68,4.76,4.64,21756.0
2024-09-13,4.68,4.74,4.79,4.66,23722.57
2024-09-18,4.75,4.98,5.04,4.7,61480.0
2024-09-19,4.99,5.42,5.48,4.88,196918.02
2024-09-20,5.31,5.45,5.54,5.25,130931.02
2024-09-23,5.5,5.66,5.87,5.44,113106.56
2024-09-24,5.7,5.55,5.79,5.44,118936.97
2024-09-25,5.56,5.62,5.83,5.53,102526.5
2024-09-26,5.65,5.79,5.81,5.6,78923.27
2024-09-27,5.93,6.15,6.35,5.8,148556.0
2024-09-30,6.42,6.77,6.77,6.25,194520.91
2024-10-08,7.45,7.26,7.45,6.9,262866.59
2024-10-09,7.26,7.16,7.7,6.75,341311.18
2024-10-10,7.2,7.08,7.43,7.01,148234.51
2024-10-11,7.12,6.46,7.26,6.38,242565.31
2024-10-14,6.46,6.73,6.77,6.35,112760.81
2024-10-15,6.77,6.79,7.12,6.6,127663.0
2024-10-16,6.8,6.63,6.8,6.51,84459.13
2024-10-17,6.83,6.56,6.88,6.51,111076.98
2024-10-18,6.5,6.58,6.68,6.4,103116.0
2024-10-21,6.59,6.59,6.82,6.53,83374.62
2024-10-22,6.55,6.79,6.88,6.53,72770.55
2024-10-23,6.8,6.86,7.04,6.72,91027.5
2024-10-24,6.86,6.78,6.88,6.75,41955.52
2024-10-25,6.82,7.29,7.46,6.78,297202.51
2024-10-28,7.19,7.09,7.41,6.95,216451.0
2024-10-29,7.04,6.91,7.15,6.91,104256.82
2024-10-30,6.86,7.02,7.18,6.84,81062.04
2024-10-31,6.97,6.79,7.02,6.75,101407.51
2024-11-01,6.78,6.73,6.85,6.51,100143.51
2024-11-04,6.75,7.12,7.24,6.7,131694.57
2024-11-05,7.17,7.83,7.83,7.06,286332.15
2024-11-06,8.61,8.1,8.61,8.01,581290.0
2024-11-07,7.7,7.72,7.78,7.41,403437.11
2024-11-08,7.74,7.46,7.87,7.35,247539.57
2024-11-11,7.49,7.62,7.94,7.49,171518.0
2024-11-12,7.56,7.7,7.84,7.46,148534.51
2024-11-13,7.63,7.57,7.8,7.33,93623.0
2024-11-14,7.58,7.45,7.7,7.41,76443.0
2024-11-15,7.41,7.21,7.57,7.21,92187.0
2024-11-18,7.22,7.06,7.32,7.02,91010.5
2024-11-19,7.01,7.08,7.18,6.9,79596.0
2024-11-20,7.08,7.02,7.27,6.98,81117.0
2024-11-21,7.01,7.05,7.05,6.93,46569.02
2024-11-22,7.01,6.77,7.22,6.75,74846.73
2024-11-25,6.77,7.06,7.12,6.76,94826.0
2024-11-26,6.99,7.25,7.39,6.99,111520.0
2024-11-27,7.25,7.04,7.25,6.81,84847.5
2024-11-28,7.04,7.08,7.16,7.0,48430.5
2024-11-29,7.09,7.26,7.43,7.06,95820.59
2024-12-02,7.35,7.3,7.4,7.02,141079.5
2024-12-03,7.32,7.13,7.32,7.09,97866.0
2024-12-04,7.12,7.09,7.25,7.05,61458.0
2024-12-05,7.02,7.17,7.21,7.02,61570.49
2024-12-06,7.15,7.16,7.29,7.08,74187.03
2024-12-09,7.16,7.27,7.46,7.1,123721.02
2024-12-10,7.51,7.19,7.51,7.18,112553.62
2024-12-11,7.12,7.38,7.38,7.12,74980.63
2024-12-12,7.44,7.6,7.63,7.28,119142.0
2024-12-13,7.55,7.26,7.55,7.26,88180.0
2024-12-16,7.33,7.56,7.81,7.11,211098.48
2024-12-17,7.58,7.1,7.72,7.07,155338.48
2024-12-18,7.12,6.99,7.18,6.98,105358.46
2024-12-19,6.85,6.94,7.04,6.85,54546.0
2024-12-20,7.0,7.01,7.08,6.91,45778.0
2024-12-23,7.02,6.72,7.07,6.7,79982.48
2024-12-24,6.71,6.81,6.83,6.51,67597.01
2024-12-25,6.79,6.63,6.89,6.52,47701.48
2024-12-26,6.62,6.8,6.8,6.6,31448.0
2024-12-27,6.8,7.1,7.28,6.8,123632.5
2024-12-30,7.03,7.18,7.25,6.99,65532.0
2024-12-31,7.22,7.03,7.23,7.01,57039.0
2025-01-02,7.0,7.02,7.27,6.94,68219.01
2025-01-03,6.99,6.6,7.02,6.6,79353.0
2025-01-06,6.61,6.63,6.74,6.39,38070.66
2025-01-07,6.63,6.93,6.93,6.58,31994.9
2025-01-08,6.93,6.93,7.0,6.7,38617.0
2025-01-09,6.91,7.13,7.2,6.83,60121.0
2025-01-10,7.05,6.77,7.08,6.76,39853.5
2025-01-13,6.69,6.82,6.83,6.58,30449.67
2025-01-14,6.82,7.03,7.03,6.81,38559.57
2025-01-15,7.02,7.04,7.15,6.96,44835.0
2025-01-16,7.04,7.08,7.15,7.0,42008.34
2025-01-17,7.01,7.1,7.23,6.98,50815.34
2025-01-20,7.12,7.19,7.33,7.03,65183.85
2025-01-21,7.25,7.13,7.28,7.1,39040.57
2025-01-22,7.03,6.97,7.11,6.94,36341.67
2025-01-23,7.01,6.96,7.17,6.93,38623.44
2025-01-24,6.97,6.9,7.1,6.83,47635.44
2025-01-27,6.95,6.95,7.13,6.91,46303.1
2025-02-05,7.0,7.0,7.03,6.9,38044.0
2025-02-06,7.02,7.0,7.12,6.94,55139.0
2025-02-07,7.01,6.95,7.1,6.86,83418.72
2025-02-10,7.0,6.91,7.02,6.86,67229.0
2025-02-11,6.9,6.73,6.9,6.69,66523.0
2025-02-12,6.73,6.72,6.76,6.59,57191.8
2025-02-13,6.7,6.71,6.79,6.68,40714.0
2025-02-14,6.71,6.67,6.71,6.6,45372.0
2025-02-17,6.69,6.66,6.69,6.55,40847.0
2025-02-18,6.64,6.55,6.69,6.52,45332.0
2025-02-19,6.57,6.57,6.59,6.48,34260.0
2025-02-20,6.58,6.59,6.66,6.55,38783.0
2025-02-21,6.64,6.49,6.64,6.46,41951.02
2025-02-24,6.48,6.61,6.75,6.44,74180.5
2025-02-25,6.61,6.45,6.61,6.43,51840.16
2025-02-26,6.45,6.52,6.56,6.44,38121.01
2025-02-27,6.51,6.49,6.56,6.42,38845.5
2025-02-28,6.48,6.24,6.48,6.24,58378.66
2025-03-03,6.28,6.33,6.48,6.28,57861.0
2025-03-04,6.35,6.46,6.47,6.32,40361.5
2025-03-05,6.46,6.41,6.46,6.3,42018.5
2025-03-06,6.41,6.43,6.45,6.36,34301.58
2025-03-07,6.43,6.37,6.46,6.34,33996.6
2025-03-10,6.37,6.39,6.44,6.32,30057.6
2025-03-11,6.34,6.35,6.37,6.27,32009.0
2025-03-12,6.35,6.26,6.38,6.24,47425.94
2025-03-13,6.29,6.2,6.31,6.15,60442.0
2025-03-14,6.21,6.35,6.37,6.17,66058.01
2025-03-17,6.37,6.37,6.53,6.32,53347.77
2025-03-18,6.44,6.44,6.45,6.33,40907.12
2025-03-19,6.41,6.32,6.45,6.31,34098.62
2025-03-20,6.34,6.3,6.39,6.28,33162.01
2025-03-21,6.28,6.26,6.33,6.14,52226.88
2025-03-24,6.26,6.0,6.3,5.95,71750.01
2025-03-25,6.0,6.06,6.08,5.83,54645.0
2025-03-26,6.09,6.36,6.48,5.99,116137.0
2025-03-27,6.3,6.35,6.39,6.21,47427.0
2025-03-28,6.32,6.2,6.32,6.16,33940.0
2025-03-31,6.2,6.09,6.2,5.97,32645.0
2025-04-01,6.08,6.13,6.24,6.08,35371.0
2025-04-02,6.13,6.14,6.21,6.08,24773.0
2025-04-03,6.12,6.2,6.22,6.1,31089.99
2025-04-07,6.08,5.58,6.08,5.58,69638.0
2025-04-08,5.44,5.37,5.58,5.18,65714.65
2025-04-09,5.35,5.5,5.54,4.87,61500.0
2025-04-10,5.6,5.82,5.91,5.6,68383.64
2025-04-11,5.8,5.92,6.05,5.78,50447.0
2025-04-14,5.98,6.23,6.51,5.81,205842.46
2025-04-15,6.21,6.03,6.24,5.96,138051.67
2025-04-16,6.02,5.98,6.08,5.81,71698.97
2025-04-17,5.95,6.08,6.14,5.91,77919.0
2025-04-18,6.1,6.16,6.22,5.96,75625.0
2025-04-21,6.16,6.46,6.46,6.1,123104.0
2025-04-22,6.46,6.69,6.73,6.44,142243.67
2025-04-23,6.77,6.62,6.79,6.59,105103.37
2025-04-24,6.63,6.51,6.68,6.32,89563.86
2025-04-25,6.7,7.16,7.16,6.45,417310.73
2025-04-28,7.06,6.69,7.06,6.56,294613.11
2025-04-29,6.75,6.82,6.92,6.66,132308.26
2025-04-30,6.8,6.72,6.89,6.68,99360.43
2025-05-06,6.75,6.82,6.94,6.69,106041.66
2025-05-07,6.94,6.78,7.04,6.73,89759.76
2025-05-08,6.71,6.96,7.02,6.71,101319.9
2025-05-09,6.97,7.1,7.15,6.88,98993.0
2025-05-12,7.16,7.11,7.24,6.98,145875.5
2025-05-13,7.15,7.29,7.42,7.12,114091.57
2025-05-14,7.29,7.28,7.33,7.19,70791.0
2025-05-15,7.23,7.3,7.31,7.14,60113.0
2025-05-16,7.34,7.32,7.37,7.2,51830.0
2025-05-19,7.32,7.44,7.57,7.32,77739.33
2025-05-20,7.45,7.53,7.55,7.38,52027.0
2025-05-21,7.53,7.66,7.76,7.5,67971.0
2025-05-22,7.63,8.0,8.0,7.63,125561.84
2025-05-23,7.9,7.87,8.05,7.71,109130.0
2025-05-26,7.8,7.61,8.03,7.59,115207.06
2025-05-27,7.56,7.74,7.78,7.56,60092.0
2025-05-28,7.8,7.71,7.84,7.61,49261.0
2025-05-29,7.67,7.83,7.85,7.63,53225.07
2025-05-30,7.8,7.86,8.03,7.8,62736.0
2025-06-03,7.83,8.07,8.1,7.77,93911.5
2025-06-04,8.07,8.35,8.45,8.06,101107.01
2025-06-05,8.36,8.24,8.41,8.16,75749.0
2025-06-06,8.3,8.28,8.3,8.15,54827.0
2025-06-09,8.24,8.38,8.38,8.16,71689.0
2025-06-10,8.29,8.09,8.3,7.92,109699.0
2025-06-11,8.08,8.25,8.32,8.08,60318.87
2025-06-12,8.24,8.18,8.3,8.1,48622.0
2025-06-13,8.13,7.94,8.17,7.87,72581.0
2025-06-16,7.93,7.86,8.06,7.84,44909.51
2025-06-17,7.89,7.93,7.99,7.84,37560.0
2025-06-18,7.86,7.86,7.95,7.77,40675.0
2025-06-19,7.84,7.55,7.93,7.48,67383.0
2025-06-20,7.55,7.56,7.62,7.36,65984.5
2025-06-23,7.56,7.75,7.77,7.5,47299.71
2025-06-24,7.79,7.81,7.95,7.77,49398.52
2025-06-25,7.84,7.78,7.9,7.66,54229.02
2025-06-26,7.79,7.69,7.86,7.67,55389.61
2025-06-27,7.7,7.67,7.75,7.62,38918.0
2025-06-30,7.74,7.61,7.8,7.55,74530.16
2025-07-01,7.63,7.55,7.68,7.49,57649.93
2025-07-02,7.56,7.55,7.62,7.5,33275.0
2025-07-03,7.55,7.48,7.57,7.41,64795.66
2025-07-04,7.47,7.35,7.47,7.32,63893.62
2025-07-07,7.39,7.23,7.46,7.16,88705.5
2025-07-08,7.25,7.28,7.32,7.18,69677.5
2025-07-09,7.26,7.2,7.33,7.17,53974.0
2025-07-10,7.2,7.14,7.24,7.08,58468.34
2025-07-11,7.14,7.13,7.18,7.04,55990.84
2025-07-14,7.14,7.13,7.29,7.08,62494.0
2025-07-15,7.14,6.98,7.18,6.81,88370.0
2025-07-16,7.0,7.11,7.13,6.98,59192.0
2025-07-17,7.13,7.11,7.13,7.05,45162.05
2025-07-18,7.13,7.1,7.16,7.05,43091.5
2025-07-21,7.19,7.22,7.22,7.13,55736.13
2025-07-22,7.26,7.13,7.37,7.08,72490.0
2025-07-23,7.1,7.06,7.17,7.03,48076.09
2025-07-24,7.11,7.44,7.52,7.07,145649.52
2025-07-25,7.45,7.28,7.47,7.25,83881.41
2025-07-28,7.29,7.28,7.42,7.25,71378.01
2025-07-29,7.3,7.19,7.38,7.15,53736.04
2025-07-30,7.22,7.16,7.24,7.12,48636.76
2025-07-31,7.13,7.09,7.23,7.02,55341.0
2025-08-01,7.09,7.11,7.18,7.06,53632.0
2025-08-04,7.14,7.19,7.23,7.08,56221.23
2025-08-05,7.21,7.25,7.35,7.15,73065.29
2025-08-06,7.24,7.15,7.29,7.09,78763.0
2025-08-07,7.14,7.12,7.2,7.07,63423.0
2025-08-08,7.13,7.52,7.7,7.08,228676.47
2025-08-11,7.52,7.58,7.68,7.29,170160.0
2025-08-12,7.67,7.48,7.67,7.44,75005.5
2025-08-13,7.51,7.48,7.6,7.42,57731.53
2025-08-14,7.47,7.28,7.48,7.28,71931.9
2025-08-15,7.3,7.33,7.34,7.2,60705.48
2025-08-18,7.36,7.52,7.8,7.31,163553.68
2025-08-19,7.53,7.61,7.71,7.44,132861.5
2025-08-20,7.6,7.64,7.65,7.48,90648.84
2025-08-21,7.65,7.8,7.87,7.62,115537.0
2025-08-22,7.8,7.78,7.89,7.45,120144.0
2025-08-25,7.78,7.61,7.81,7.56,113639.18
2025-08-26,7.61,7.73,8.0,7.53,108813.64
2025-08-27,7.71,7.53,7.75,7.51,77674.0
2025-08-28,7.49,7.54,7.64,7.25,76691.42
2025-08-29,7.53,7.56,7.63,7.46,61150.59
2025-09-01,7.58,7.63,7.71,7.48,80520.65
2025-09-02,7.64,7.51,7.64,7.33,106842.65
2025-09-03,7.51,7.31,7.54,7.25,64003.14
2025-09-04,7.3,7.42,7.5,7.27,92250.5
2025-09-05,7.46,7.5,7.5,7.29,67325.35
2025-09-08,7.48,7.62,7.72,7.44,68843.0
2025-09-09,7.66,7.6,7.66,7.53,44226.5
2025-09-10,7.63,7.63,7.69,7.55,50722.18
2025-09-11,7.61,7.63,7.66,7.46,57570.11
2025-09-12,7.63,7.57,7.76,7.56,50944.0
2025-09-15,7.57,7.54,7.62,7.47,48132.01
2025-09-16,7.56,7.53,7.58,7.46,64947.5
2025-09-17,7.53,7.45,7.57,7.42,64738.01
2025-09-18,7.45,7.23,7.45,7.21,90627.0
2025-09-19,7.23,7.14,7.26,7.04,100165.31
2025-09-22,7.11,7.05,7.18,6.98,76575.0
2025-09-23,7.04,6.92,7.04,6.75,81422.98
2025-09-24,6.92,6.97,7.04,6.82,62717.0
2025-09-25,7.0,6.91,7.03,6.89,44336.0
2025-09-26,6.92,6.94,7.07,6.82,46970.75
2025-09-29,6.97,7.2,7.26,6.88,105744.81
2025-09-30,7.2,7.29,7.54,7.12,93593.14
2025-10-09,7.37,7.38,7.45,7.0,110011.71
2025-10-10,7.37,7.33,7.45,7.26,82398.5
2025-10-13,7.22,7.24,7.39,7.1,90574.88
2025-10-14,7.3,7.28,7.4,7.25,76619.57
2025-10-15,7.29,7.24,7.34,7.21,43705.5
2025-10-16,7.24,7.19,7.32,7.17,47470.0
2025-10-17,7.19,7.04,7.29,7.02,50553.0
2025-10-20,7.08,7.19,7.25,7.05,50701.65
2025-10-21,7.23,7.38,7.42,7.15,54405.0
2025-10-22,7.4,7.37,7.44,7.3,41703.51
2025-10-23,7.42,7.39,7.44,7.28,60313.51
2025-10-24,7.39,7.38,7.49,7.34,52612.0
2025-10-27,7.38,7.31,7.41,7.27,52831.0
2025-10-28,7.3,7.4,7.42,7.27,49557.5
2025-10-29,7.4,7.99,8.07,7.35,213070.45
2025-10-30,8.23,8.21,8.49,8.04,271839.79
2025-10-31,8.12,8.3,8.36,8.05,161351.66
2025-11-03,8.16,8.6,8.66,7.94,188912.3
2025-11-04,8.59,8.58,8.83,8.49,144131.68
2025-11-05,8.5,8.87,8.92,8.5,132682.5
2025-11-06,8.89,8.96,9.2,8.8,195554.5
2025-11-07,8.97,9.67,9.67,8.85,253751.96
2025-11-10,9.7,9.79,10.16,9.31,317113.0
2025-11-11,9.79,9.16,9.94,9.08,319139.99
2025-11-12,9.08,9.6,9.66,8.83,251004.22
2025-11-13,9.6,9.59,9.69,9.44,117520.11
2025-11-14,9.6,9.79,9.87,9.46,131230.21
2025-11-17,9.8,9.9,10.02,9.78,124883.48
2025-11-18,9.88,9.67,9.96,9.6,111915.31
2025-11-19,9.68,9.73,9.89,9.49,96999.99
2025-11-20,9.78,10.0,10.37,9.7,180206.71
2025-11-21,9.98,9.5,10.12,9.42,176096.55
2025-11-24,9.6,9.39,9.79,9.25,120264.51
2025-11-25,9.41,9.47,9.59,9.4,85257.61
2025-11-26,9.36,9.68,9.9,9.36,101755.0
2025-11-27,9.71,9.79,9.83,9.65,80442.11
2025-11-28,9.79,9.88,10.17,9.62,171541.4
2025-12-01,9.91,10.87,10.87,9.88,167432.47
2025-12-02,10.77,10.79,11.09,10.43,231737.82
2025-12-03,10.83,10.5,11.08,10.44,169771.86
2025-12-04,10.39,10.15,10.5,10.08,112303.0
2025-12-05,10.15,9.95,10.15,9.91,90357.44
2025-12-08,9.5,9.89,9.95,9.31,187016.52
2025-12-09,9.91,10.16,10.26,9.81,129337.73
2025-12-10,10.24,10.25,10.4,10.04,107343.57
2025-12-11,10.28,10.09,10.36,10.05,91261.15
2025-12-12,9.97,10.55,10.79,9.78,195684.13
2025-12-15,10.62,11.61,11.61,10.62,345108.91
2025-12-16,11.79,12.0,12.3,11.58,390486.79
2025-12-17,12.0,11.52,12.0,11.31,233900.5
2025-12-18,11.5,11.5,11.7,11.41,112034.82
2025-12-19,11.53,11.75,11.8,11.06,133816.06
2025-12-22,11.9,11.77,12.0,11.51,114086.5
2025-12-23,11.82,11.82,12.13,11.5,91180.82
2025-12-24,11.95,11.8,12.2,11.68,95883.12
2025-12-25,11.95,11.56,12.06,11.51,108755.57
2025-12-26,11.56,11.39,11.73,11.28,97961.23
2025-12-29,11.36,11.36,11.59,11.15,73953.0
2025-12-30,11.36,11.62,11.76,11.29,103222.0
2025-12-31,11.72,11.44,11.75,11.28,80556.0
2026-01-05,11.44,11.52,11.7,11.32,82737.03
2026-01-06,11.53,11.61,12.09,11.52,116114.23
2026-01-07,11.7,11.5,11.85,11.4,85345.5
2026-01-08,11.5,12.16,12.36,11.43,167014.49
2026-01-09,12.39,12.18,12.88,12.11,152935.99
2026-01-12,12.2,11.87,12.4,11.66,165867.73
2026-01-13,11.87,11.68,12.05,11.63,113510.53
2026-01-14,11.68,11.52,11.81,11.4,89481.0
2026-01-15,11.51,11.27,11.62,11.19,86061.26
2026-01-16,11.28,11.3,11.56,11.12,79829.21
2026-01-19,11.26,11.35,11.36,11.1,68350.73
2026-01-20,11.35,10.98,11.38,10.92,69241.0
2026-01-21,10.9,11.28,11.3,10.9,71461.0
2026-01-22,11.28,11.34,11.37,11.11,51703.5
2026-01-23,11.37,11.54,11.9,11.31,108604.5
2026-01-26,11.5,11.72,11.84,11.45,83949.0
2026-01-27,11.72,11.47,11.75,10.98,97465.0
2026-01-28,11.4,11.17,11.73,11.1,82245.5
2026-01-29,11.11,10.72,11.2,10.67,85733.99
2026-01-30,10.67,10.88,11.05,10.62,72764.0
2026-02-02,10.83,10.99,11.29,10.75,76410.0
2026-02-03,11.0,11.2,11.32,10.91,63202.22
2026-02-04,11.2,11.2,11.3,11.1,39478.0
2026-02-05,11.22,11.19,11.34,11.14,48128.01
2026-02-06,11.15,11.82,12.0,11.11,166729.02
2026-02-09,11.87,12.3,12.45,11.75,125559.58
2026-02-10,12.31,12.15,12.48,12.08,96625.5
2026-02-11,12.15,12.1,12.28,12.0,54732.5
2026-02-12,12.13,12.22,12.23,11.76,63389.54
2026-02-13,12.25,12.41,12.45,12.12,77961.03
2026-02-24,12.61,12.7,12.95,12.5,82319.03
2026-02-25,12.71,12.61,12.99,12.39,84132.52
2026-02-26,12.61,13.16,13.28,12.57,109812.66
2026-02-27,13.25,13.62,13.66,13.05,84236.0
2026-03-02,13.4,13.5,13.69,12.98,89004.0
2026-03-03,13.66,12.6,13.73,12.58,130824.51
2026-03-04,12.49,13.17,13.19,12.4,92538.51
2026-03-05,13.38,13.24,13.45,13.07,53776.82
2026-03-06,13.24,13.27,13.55,13.21,56384.98
2026-03-09,13.15,13.23,13.42,12.91,73906.5
2026-03-10,13.33,14.09,14.15,13.0,119527.84
2026-03-11,14.17,14.15,14.3,13.81,63537.5
2026-03-12,14.12,13.98,14.14,13.59,103550.53
2026-03-13,14.23,13.69,14.27,13.64,105292.0
2026-03-16,13.71,14.07,14.25,13.52,110692.95
2026-03-17,14.08,14.58,14.85,13.95,109408.0
2026-03-18,14.58,14.92,14.97,14.42,97125.53
2026-03-19,14.84,14.42,14.84,14.32,100979.03
2026-03-20,14.53,14.02,14.7,13.95,75494.28
2026-03-23,13.89,13.2,13.89,13.06,90381.04
2026-03-24,13.59,13.85,13.89,13.46,78219.05
2026-03-25,13.89,13.55,14.0,13.4,66933.18
2026-03-26,13.65,13.33,13.74,13.22,47249.0
2026-03-27,13.2,13.24,13.48,13.17,46613.78
2026-03-30,13.11,13.2,13.32,12.81,61478.0
2026-03-31,13.45,12.95,13.45,12.87,54497.0
2026-04-01,13.15,13.11,13.45,13.01,56216.0
2026-04-02,13.04,12.87,13.05,12.71,53003.0
2026-04-03,12.87,12.37,12.99,12.33,66387.5
2026-04-07,12.43,12.3,12.63,12.08,55057.02
2026-04-08,12.63,12.82,12.91,12.37,68591.0
2026-04-09,12.72,13.4,13.53,12.5,94980.55
2026-04-10,13.4,13.68,13.82,13.28,73578.15
2026-04-13,13.67,13.32,13.82,13.2,87174.5
2026-04-14,13.41,13.36,13.55,13.23,48615.0
2026-04-15,13.39,13.39,13.58,13.29,54428.5
2026-04-16,13.39,13.69,13.85,13.28,75270.0
2026-04-17,13.72,13.59,13.76,13.42,61306.5
2026-04-20,13.59,13.83,14.08,13.51,79587.01
2026-04-21,13.83,13.73,13.96,13.48,50243.01
2026-04-22,13.82,13.84,13.93,13.56,44681.39
2026-04-23,13.83,13.68,13.9,13.55,38963.0
2026-04-24,13.7,13.85,13.98,13.58,39770.01
2026-04-27,13.85,13.97,14.15,13.62,50208.0
2026-04-28,13.96,14.53,14.6,13.71,89860.5
2026-04-29,14.4,14.1,14.4,13.73,119091.0
2026-04-30,14.11,15.51,15.51,14.08,115942.76
2026-05-06,16.41,15.97,16.41,15.2,177639.76
2026-05-07,16.09,17.02,17.4,15.68,141742.3
2026-05-08,17.12,17.21,17.79,16.65,194332.56
2026-05-11,17.15,16.5,17.19,16.26,247591.85
2026-05-12,16.45,14.85,16.65,14.85,261761.83
2026-05-13,14.7,13.52,14.75,13.37,368182.02
2026-05-14,13.7,12.86,13.84,12.79,227631.0
2026-05-15,12.73,12.69,12.78,12.16,158450.0
2026-05-18,12.64,12.24,12.75,12.19,136662.0
2026-05-19,12.26,12.34,12.42,11.94,96386.5
2026-05-20,12.35,12.49,12.8,12.06,103536.0
2026-05-21,12.5,11.62,12.72,11.58,130773.96
2026-05-22,11.62,12.46,12.78,11.62,309779.9
2026-05-25,13.47,12.59,13.68,12.12,264070.4
2026-05-26,12.39,12.23,12.59,12.05,114759.87
2026-05-27,12.19,11.98,12.42,11.88,77280.5
2026-05-28,12.06,11.89,12.08,11.63,66880.5
2026-05-29,12.0,11.33,12.09,11.19,112212.0
2026-06-01,11.18,11.61,11.87,11.14,99468.2
2026-06-02,11.62,12.1,12.29,11.62,125320.41
2026-06-03,12.08,11.99,12.49,11.82,81150.47
2026-06-04,11.94,12.45,12.63,11.8,107274.79
2026-06-05,12.43,12.31,12.55,12.13,84727.01
2026-06-08,12.32,12.24,12.58,12.0,111474.0
2026-06-09,12.24,13.13,13.22,12.24,148948.0
2026-06-10,13.2,13.84,14.44,12.94,192086.5
2026-06-11,13.5,13.93,14.15,13.48,128837.0
2026-06-12,14.19,14.08,14.34,13.84,107596.0
2026-06-15,14.08,14.09,14.28,13.75,95604.5
2026-06-16,14.22,14.34,14.53,14.1,69193.0
2026-06-17,14.26,13.64,14.3,13.29,128530.46
2026-06-18,13.6,13.68,14.0,13.35,77215.0
2026-06-22,13.52,13.19,13.75,12.86,107080.03
2026-06-23,13.18,13.22,13.49,12.79,88853.62
2026-06-24,13.46,13.63,13.63,12.99,78530.74
2026-06-25,13.6,13.03,13.78,12.87,84133.0
2026-06-26,12.75,12.66,12.9,12.3,62342.12
2026-06-29,12.63,12.29,12.78,12.2,59304.0
2026-06-30,12.29,12.4,12.48,12.06,75317.0
2026-07-01,12.6,12.29,12.6,12.1,59869.0
2026-07-02,12.15,12.0,12.65,11.94,70735.0
2026-07-03,12.06,12.1,12.46,11.94,66765.84
2026-07-06,12.1,12.88,13.31,12.1,177208.0
2026-07-07,13.5,11.59,13.5,11.59,167955.5
2026-07-08,11.81,11.2,11.88,11.2,73979.0
2026-07-09,11.1,10.85,11.24,10.62,79917.0
2026-07-10,10.85,11.1,11.42,10.8,71319.0
2026-07-13,11.07,10.01,11.22,9.99,111821.3
2026-07-14,10.07,10.18,10.42,9.96,86335.6
2026-07-15,10.14,10.21,10.52,9.93,75721.0
2026-07-16,10.11,10.1,10.38,9.99,55685.8
2026-07-17,10.09,9.41,10.19,9.16,103213.0
2026-07-20,9.41,9.05,10.09,8.6,134179.0
2026-07-21,9.08,8.86,9.13,8.15,160513.07
2026-07-22,8.76,9.04,9.33,8.71,99237.0
2026-07-23,9.09,9.27,9.37,8.91,63621.0
2026-07-24,9.31,9.34,9.49,8.99,81812.0
2026-07-27,9.2,9.31,9.37,9.1,68841.0
2026-07-28,9.18,9.0,9.4,8.97,69906.0
2026-07-29,8.95,9.16,9.44,8.95,99289.73
2026-07-30,9.16,8.71,9.19,8.67,75239.0
2026-07-31,8.82,9.22,9.37,8.78,119721.77
2026-08-03,9.15,9.17,9.29,9.0,61723.62
2026-08-04,9.18,9.28,9.37,9.14,84192.0
2026-08-05,9.28,9.55,9.78,9.28,107023.62
2026-08-06,9.51,9.82,9.83,9.4,83283.45
2026-08-07,9.81,9.66,9.96,9.49,84090.0
2026-08-10,9.74,10.38,10.38,9.65,111965.0
2026-08-11,10.48,10.61,10.75,10.22,108182.34
2026-08-12,10.54,10.83,10.92,10.5,81230.91
2026-08-13,10.82,10.99,11.22,10.8,91893.5
2026-08-14,11.08,10.73,11.24,10.64,94027.99
2026-08-17,10.83,10.63,10.91,10.48,69634.0
2026-08-18,10.65,11.69,11.69,10.56,113891.99
2026-08-19,11.7,10.99,11.7,10.72,173418.33
2026-08-20,11.16,12.09,12.09,10.93,181149.85
2026-08-21,12.44,12.48,12.62,11.89,239360.5
2026-08-24,12.42,12.74,12.87,12.3,155179.0
2026-08-25,12.49,12.82,12.91,12.41,140870.25
2026-08-26,12.8,12.6,13.0,12.52,107378.0
2026-08-27,12.63,12.75,12.82,12.37,105005.0
2026-08-28,12.68,12.6,12.79,12.6,64704.0
2026-08-31,12.61,12.86,12.95,12.5,95018.02
2026-09-01,12.8,12.86,12.98,12.71,58392.0
2026-09-02,12.81,12.93,13.16,12.66,94095.0
2026-09-03,12.99,12.5,12.99,12.36,104389.0
2026-09-04,12.41,12.42,12.59,12.34,63890.0
2026-09-07,12.33,11.5,12.5,11.36,206591.5
2026-09-08,11.5,11.68,11.81,11.39,109514.5
2026-09-09,11.56,11.77,11.86,11.56,77546.0
2026-09-10,11.68,10.97,11.74,10.93,101382.0
2026-09-11,10.81,10.99,11.08,10.62,103690.0
2026-09-14,10.88,10.99,11.14,10.74,61900.0
2026-09-15,10.99,10.91,11.21,10.86,54711.0
2026-09-16,10.9,11.19,11.24,10.77,56055.99
2026-09-17,11.18,11.31,11.47,11.08,67308.99
2026-09-18,11.54,11.33,11.54,11.25,53990.0
