date,open,close,high,low,volume
2013-01-04,5.88,5.72,5.97,5.64,12653.03
2013-01-07,5.69,5.84,5.88,5.69,14691.79
2013-01-08,5.8,5.83,5.95,5.76,9370.96
2013-01-09,5.82,5.87,5.96,5.78,12547.77
2013-01-10,5.95,6.11,6.16,5.85,18192.32
2013-01-11,6.12,6.42,6.42,6.12,29275.09
2013-01-14,6.51,6.42,6.71,6.38,30397.16
2013-01-15,6.41,6.59,6.71,6.37,23921.79
2013-01-16,6.61,6.63,6.8,6.51,20366.24
2013-01-17,6.65,6.36,6.65,6.3,19486.86
2013-01-18,6.34,6.38,6.44,6.24,18912.35
2013-01-21,6.4,6.55,6.64,6.4,14408.57
2013-01-22,6.55,6.49,6.56,6.42,6614.94
2013-01-23,6.49,6.51,6.63,6.44,11558.57
2013-01-24,6.5,6.27,6.62,6.24,15109.0
2013-01-25,6.27,6.36,6.36,6.17,10166.16
2013-01-28,6.43,6.48,6.49,6.37,13003.5
2013-01-29,6.49,6.8,6.8,6.42,26956.67
2013-01-30,6.87,6.79,6.97,6.76,23818.49
2013-01-31,6.54,6.45,6.62,6.45,34637.63
2013-02-01,6.44,6.38,6.45,6.26,19612.45
2013-02-04,6.37,6.45,6.54,6.34,15798.29
2013-02-05,6.4,6.44,6.5,6.36,12073.76
2013-02-06,6.42,6.37,6.49,6.32,13113.56
2013-02-07,6.34,6.37,6.45,6.29,13843.09
2013-02-08,6.4,6.37,6.4,6.32,12682.26
2013-02-18,6.38,6.32,6.39,6.3,7826.64
2013-02-19,6.3,6.19,6.33,6.15,12497.5
2013-02-20,6.17,6.27,6.29,6.17,14145.3
2013-02-21,6.25,6.12,6.34,6.09,13749.01
2013-02-22,6.17,6.17,6.22,6.09,8413.62
2013-02-25,6.17,6.19,6.19,6.12,9125.31
2013-02-26,6.17,6.32,6.45,6.13,15079.85
2013-02-27,6.36,6.38,6.4,6.29,6585.19
2013-02-28,6.38,6.39,6.44,6.35,10289.79
2013-03-01,6.42,6.29,6.44,6.22,12532.55
2013-03-04,6.17,5.97,6.19,5.97,14074.0
2013-03-05,5.87,5.99,6.05,5.84,12876.77
2013-03-06,6.0,6.04,6.15,5.96,14573.31
2013-03-07,6.04,5.95,6.12,5.91,11906.13
2013-03-08,5.98,6.13,6.21,5.96,15293.28
2013-03-11,6.13,6.11,6.15,6.07,11875.41
2013-03-12,6.14,6.06,6.27,6.02,20163.52
2013-03-13,6.05,5.86,6.08,5.84,8941.12
2013-03-14,5.91,6.16,6.16,5.89,20449.83
2013-03-15,6.18,6.29,6.38,6.1,25218.61
2013-03-18,6.29,6.46,6.52,6.28,30089.11
2013-03-19,6.49,6.78,6.79,6.46,55313.88
2013-03-20,6.75,6.79,6.83,6.61,25447.74
2013-03-21,6.76,6.71,6.82,6.68,20989.91
2013-03-22,6.71,6.83,6.92,6.71,23326.55
2013-03-25,6.86,7.17,7.17,6.82,24837.81
2013-03-26,7.21,7.25,7.46,7.17,31570.38
2013-03-27,7.27,7.52,7.57,7.25,36743.18
2013-03-28,7.46,7.38,7.54,7.3,30855.91
2013-03-29,7.42,7.32,7.62,7.31,25498.21
2013-04-01,7.26,7.21,7.42,7.16,23410.53
2013-04-02,7.26,7.38,7.52,7.26,20432.65
2013-04-03,7.38,7.51,7.52,7.37,15495.04
2013-04-08,7.43,7.87,7.89,7.43,35933.37
2013-04-09,7.89,7.82,7.93,7.65,21116.5
2013-04-10,7.84,8.07,8.11,7.84,22841.03
2013-04-11,8.07,7.98,8.22,7.96,20007.46
2013-04-12,7.99,8.02,8.16,7.92,22092.46
2013-04-15,7.67,7.62,7.75,7.62,30263.0
2013-04-16,7.5,7.84,7.93,7.24,58398.23
2013-04-17,7.81,7.89,7.92,7.77,19029.84
2013-04-18,7.88,8.28,8.29,7.79,41414.61
2013-04-19,8.34,8.35,8.5,8.17,31822.42
2013-04-22,8.36,8.31,8.47,8.26,23155.82
2013-04-23,8.31,8.16,8.35,8.03,24890.85
2013-04-24,8.17,8.32,8.4,8.17,20780.73
2013-04-25,8.33,8.4,8.57,8.26,26679.4
2013-04-26,8.37,8.41,8.56,8.34,13018.44
2013-05-02,8.45,8.36,8.45,8.27,19548.13
2013-05-03,8.32,8.45,8.55,8.32,15080.57
2013-05-06,8.5,8.46,8.62,8.41,11464.3
2013-05-07,8.45,8.04,8.51,8.04,44084.1
2013-05-08,8.01,8.15,8.18,7.77,22572.28
2013-05-09,8.13,8.37,8.39,8.0,16844.53
2013-05-10,8.32,8.57,8.66,8.32,22368.93
2013-05-13,8.64,8.46,8.65,8.46,10738.98
2013-05-14,8.47,8.39,8.5,8.3,10151.36
2013-05-15,8.41,8.36,8.49,8.29,10414.67
2013-05-16,8.36,8.34,8.38,8.18,12842.33
2013-05-17,8.39,8.68,8.69,8.39,26001.04
2013-05-20,8.79,8.99,9.03,8.76,30057.43
2013-05-21,9.0,9.01,9.11,8.89,15921.64
2013-05-22,9.01,9.13,9.16,8.96,21147.94
2013-05-23,9.13,9.02,9.13,8.7,10567.17
2013-05-24,8.92,9.22,9.28,8.92,12617.64
2013-05-27,9.24,9.61,9.64,9.22,20089.3
2013-05-28,9.67,9.91,9.99,9.65,19266.37
2013-05-29,9.89,9.9,9.95,9.78,9566.15
2013-05-30,9.81,9.98,10.01,9.8,12213.53
2013-05-31,9.95,10.48,10.48,9.89,26671.05
2013-06-03,10.53,10.69,11.0,10.53,62787.37
2013-06-04,10.57,10.77,10.86,10.48,24367.75
2013-06-05,10.71,10.86,10.89,10.65,11539.4
2013-06-06,10.84,10.53,10.89,10.31,23331.13
2013-06-07,10.53,10.29,10.66,10.28,20153.17
2013-06-13,10.24,9.78,10.24,9.78,25324.43
2013-06-14,9.74,10.24,10.26,9.7,27309.97
2013-06-17,10.28,10.44,10.65,10.24,20190.35
2013-06-18,10.53,10.82,10.86,10.42,16321.83
2013-06-19,10.73,10.79,10.97,10.62,16311.89
2013-06-20,10.79,10.57,10.86,10.57,12556.75
2013-06-21,10.4,10.48,10.5,10.05,18395.78
2013-06-24,10.51,9.96,10.53,9.96,17372.23
2013-06-25,9.53,9.65,9.82,9.46,31112.16
2013-06-26,9.66,9.86,9.94,9.46,25066.35
2013-07-15,10.19,10.14,10.19,9.37,36225.46
2013-07-16,10.15,10.59,10.64,10.03,21703.19
2013-07-17,10.58,10.82,11.01,10.58,21556.3
2013-07-18,10.85,10.68,10.93,10.63,16695.62
2013-07-19,10.65,10.73,10.9,10.55,15352.76
2013-07-22,10.69,10.6,10.8,10.36,9648.37
2013-07-23,10.57,10.48,10.73,10.23,11607.68
2013-07-24,10.4,10.3,10.67,10.17,20028.23
2013-07-25,10.35,10.36,10.61,10.29,13147.59
2013-07-26,10.55,9.85,10.58,9.85,27610.17
2013-07-29,9.62,9.9,10.0,9.39,13674.11
2013-07-30,9.9,9.91,10.03,9.75,6363.8
2013-07-31,9.99,9.89,10.11,9.86,9103.01
2013-08-01,9.83,9.8,9.99,9.7,8581.66
2013-08-02,9.8,9.31,9.88,9.31,25839.42
2013-08-05,9.13,8.85,9.19,8.85,24666.89
2013-08-06,8.7,9.2,9.29,8.69,19102.11
2013-08-07,9.13,9.32,9.52,9.12,14819.12
2013-08-08,9.32,9.32,9.41,9.22,5423.6
2013-08-09,9.41,9.79,9.79,9.4,20413.61
2013-08-12,9.8,10.24,10.28,9.8,25198.67
2013-08-13,10.33,10.36,10.55,10.19,13845.49
2013-08-14,10.26,10.23,10.36,10.07,9341.77
2013-08-15,10.16,10.26,10.36,10.16,10299.85
2013-08-16,10.15,9.97,10.32,9.96,6930.83
2013-08-19,9.95,10.25,10.28,9.84,6052.91
2013-08-20,10.25,10.36,10.42,10.14,6584.63
2013-08-21,10.32,10.27,10.36,10.09,7858.23
2013-08-22,9.93,10.03,10.24,9.86,10587.34
2013-08-23,10.03,9.97,10.28,9.87,7424.3
2013-08-26,9.82,9.93,10.13,9.65,12098.51
2013-08-27,9.93,9.79,9.97,9.75,5465.87
2013-08-28,9.79,9.82,10.03,9.61,8011.9
2013-08-29,9.95,10.31,10.31,9.9,19717.05
2013-08-30,10.54,10.53,10.77,10.48,22944.38
2013-09-02,10.29,10.28,10.53,10.17,7659.06
2013-09-03,10.42,10.38,10.57,10.28,14667.89
2013-09-04,10.27,10.28,10.4,10.22,9544.36
2013-09-05,10.35,10.35,10.48,10.24,5399.28
2013-09-06,10.4,10.28,10.4,10.15,10570.06
2013-09-09,10.15,10.24,10.33,10.11,8460.77
2013-09-10,10.17,10.17,10.27,10.03,7872.8
2013-09-11,10.22,10.19,10.3,10.03,7369.3
2013-09-12,10.19,9.98,10.19,9.96,8114.0
2013-09-13,10.03,10.48,10.48,10.01,21830.15
2013-09-16,10.48,10.41,10.53,10.26,10189.29
2013-09-17,10.36,10.36,10.42,10.24,5504.22
2013-09-18,10.36,10.42,10.57,10.32,7262.13
2013-09-23,10.36,10.31,10.37,10.19,8270.4
2013-09-24,10.58,10.55,10.82,10.48,13250.59
2013-09-25,10.49,10.77,10.86,10.43,17097.29
2013-09-26,10.98,10.52,11.05,10.5,13613.4
2013-09-27,10.56,11.04,11.04,10.56,29699.39
2013-09-30,11.07,11.4,11.4,10.99,20667.02
2013-10-08,11.4,11.17,11.4,11.11,14518.43
2013-10-09,11.15,11.04,11.26,10.9,11769.41
2013-10-10,11.05,10.88,11.11,10.76,12303.89
2013-10-11,10.92,11.08,11.27,10.92,11972.11
2013-10-15,11.64,10.53,11.64,10.53,57284.44
2013-10-16,10.03,10.14,10.52,10.03,31199.9
2013-10-17,10.11,9.64,10.24,9.64,23169.01
2013-10-18,9.22,9.53,10.07,9.16,63505.05
2013-10-21,9.48,9.51,9.86,9.39,27856.18
2013-10-22,9.49,9.04,9.52,9.04,27009.0
2013-10-23,8.95,9.11,9.32,8.62,26528.17
2013-10-24,8.99,9.09,9.17,8.96,10100.62
2013-10-25,9.12,9.21,9.3,9.12,13999.08
2013-10-28,9.26,9.4,9.49,9.21,15159.37
2013-10-29,9.37,8.93,9.37,8.93,15528.91
2013-10-30,8.7,8.51,8.83,8.49,25859.61
2013-10-31,8.52,8.26,8.61,8.21,17432.9
2013-11-01,8.2,8.34,8.49,8.08,19495.94
2013-11-04,8.36,8.13,8.39,8.05,14446.97
2013-11-05,8.13,8.27,8.3,7.81,31579.03
2013-11-06,8.18,8.1,8.27,8.08,14556.44
2013-11-07,8.12,8.07,8.18,7.96,13207.83
2013-11-08,8.04,7.87,8.1,7.87,11695.65
2013-11-11,7.88,7.5,7.96,7.48,21449.31
2013-11-12,7.46,7.88,7.88,7.38,38921.09
2013-11-13,7.87,8.27,8.27,7.82,39905.72
2013-11-14,8.33,8.69,8.69,8.31,29593.97
2013-11-15,9.12,8.67,9.12,8.54,49234.03
2013-11-18,8.65,8.72,8.86,8.54,30060.98
2013-11-19,8.81,8.54,8.81,8.46,20226.52
2013-11-20,8.5,8.96,8.96,8.33,34010.94
2013-11-21,8.92,8.96,9.17,8.79,24922.68
2013-11-22,8.96,8.83,8.97,8.72,13661.03
2013-11-25,8.74,8.86,9.0,8.5,18050.0
2013-11-26,8.75,8.66,8.96,8.62,11055.13
2013-11-27,8.65,8.7,8.81,8.41,12849.87
2013-11-28,8.69,8.67,8.76,8.62,12210.47
2013-11-29,8.67,8.87,9.05,8.64,19335.08
2013-12-02,8.63,8.43,8.74,8.42,24845.41
2013-12-03,8.33,8.42,8.56,8.15,18172.55
2013-12-04,8.33,8.52,8.74,8.29,14493.38
2013-12-05,8.54,8.81,8.9,8.48,25728.87
2013-12-06,8.82,9.02,9.09,8.79,18734.53
2013-12-09,9.03,8.96,9.11,8.76,15967.26
2013-12-10,8.99,9.05,9.13,8.93,17658.44
2013-12-11,9.04,8.85,9.04,8.79,10275.08
2013-12-12,9.01,8.98,9.1,8.87,13354.11
2013-12-13,8.92,8.83,9.02,8.81,12477.2
2013-12-16,8.91,9.07,9.18,8.63,32727.25
2013-12-17,9.06,9.06,9.23,9.01,15274.83
2013-12-18,9.06,8.95,9.11,8.91,7710.71
2013-12-19,8.94,8.85,9.07,8.83,10348.81
2013-12-20,8.86,8.88,8.88,8.71,7337.73
2013-12-23,8.99,8.5,8.99,8.5,13189.79
2013-12-24,8.47,8.54,8.65,8.43,13342.97
2013-12-25,8.57,8.35,8.57,8.21,19343.59
2013-12-26,8.35,8.19,8.41,8.13,11880.53
2013-12-27,8.18,8.3,8.37,8.16,9137.86
2013-12-30,8.24,8.17,8.35,8.16,8357.55
2013-12-31,8.14,8.12,8.14,7.87,21969.56
2014-01-02,8.08,8.04,8.08,7.88,8598.0
2014-01-03,8.0,8.07,8.07,7.72,21083.52
2014-01-06,7.92,7.85,7.94,7.81,10381.46
2014-01-07,7.83,7.61,7.84,7.61,10827.51
2014-01-08,7.62,7.58,7.73,7.53,11300.49
2014-01-09,7.54,7.82,7.95,7.48,16925.75
2014-01-10,7.8,7.79,7.96,7.75,10990.3
2014-01-13,7.79,7.5,7.81,7.46,12264.34
2014-01-14,7.5,7.56,7.57,7.38,8504.43
2014-01-15,7.56,7.51,7.61,7.46,5547.93
2014-01-16,7.51,7.62,7.83,7.51,8189.42
2014-01-17,7.58,7.5,7.65,7.46,6156.34
2014-01-20,7.67,7.88,7.88,7.47,18950.13
2014-01-21,8.21,8.28,8.28,8.0,6223.04
2014-01-22,8.62,8.08,8.64,8.08,40098.28
2014-01-23,8.08,8.28,8.28,8.03,21533.15
2014-01-24,8.21,8.41,8.41,8.17,17855.21
2014-01-27,8.31,8.21,8.39,8.2,13975.71
2014-01-28,8.21,8.01,8.23,8.01,10023.07
2014-01-29,8.01,7.99,8.08,7.97,12683.69
2014-01-30,8.0,7.88,8.07,7.87,8809.32
2014-02-07,7.81,7.87,7.94,7.67,9828.13
2014-02-10,7.93,8.05,8.12,7.92,16026.56
2014-02-11,8.04,8.16,8.22,7.98,20053.27
2014-02-12,8.16,8.14,8.21,8.04,15759.6
2014-02-13,8.09,8.03,8.23,8.02,15862.39
2014-02-14,8.03,8.04,8.11,8.02,11441.26
2014-02-17,8.02,7.98,8.08,7.92,22995.01
2014-02-18,8.03,7.82,8.03,7.79,25022.95
2014-02-19,7.82,7.75,7.83,7.69,20692.7
2014-02-20,7.73,7.66,7.77,7.6,18827.78
2014-02-21,7.64,7.49,7.67,7.43,19504.23
2014-02-24,7.46,7.38,7.46,7.27,19746.32
2014-02-25,7.38,7.35,7.58,7.29,19615.05
2014-02-26,7.35,7.44,7.57,7.35,17355.93
2014-02-27,7.46,7.35,7.5,7.33,16688.35
2014-02-28,7.34,7.23,7.39,7.1,15903.85
2014-03-03,7.17,7.11,7.19,7.09,15913.83
2014-03-04,7.09,7.3,7.38,7.09,17814.1
2014-03-05,7.31,7.14,7.33,7.13,11186.44
2014-03-06,7.14,7.49,7.49,7.09,15080.14
2014-03-07,7.87,7.87,7.87,7.87,3571.58
2014-03-10,8.26,8.02,8.26,7.88,52296.88
2014-03-11,8.17,8.25,8.42,8.02,88756.5
2014-03-12,8.25,8.33,8.64,8.13,57833.99
2014-03-13,8.29,8.34,8.47,8.22,43766.95
2014-03-14,8.28,8.43,8.45,8.24,31054.93
2014-03-17,8.41,8.25,8.41,8.01,46016.68
2014-03-18,8.16,8.15,8.31,8.11,26213.4
2014-03-19,8.15,7.82,8.15,7.74,32594.18
2014-03-20,7.79,7.92,7.96,7.77,25712.03
2014-03-21,7.91,8.28,8.32,7.84,36937.35
2014-03-24,8.29,8.29,8.4,8.21,30694.53
2014-03-25,8.21,8.17,8.28,8.11,15320.19
2014-03-26,8.1,7.99,8.11,7.89,17280.63
2014-03-27,7.94,8.08,8.28,7.87,25902.7
2014-03-31,8.21,7.46,8.28,7.43,52826.27
2014-04-01,7.26,7.41,7.42,7.23,22772.55
2014-04-02,7.39,8.16,8.16,7.25,109484.65
2014-04-03,8.16,7.98,8.23,7.89,63702.58
2014-04-04,8.0,7.67,8.0,7.66,46347.3
2014-04-08,7.66,7.67,7.75,7.49,47368.16
2014-04-09,7.59,7.62,7.75,7.55,34075.27
2014-04-10,7.63,7.58,7.7,7.56,31863.88
2014-04-11,7.58,7.49,7.61,7.42,27873.51
2014-04-14,7.49,7.52,7.59,7.44,26072.65
2014-04-15,7.33,7.37,7.46,7.24,39637.26
2014-04-16,7.34,7.34,7.41,7.28,23053.1
2014-04-17,7.36,7.46,7.56,7.25,45518.44
2014-04-18,7.41,7.36,7.43,7.32,19256.86
2014-04-21,7.32,7.32,7.43,7.26,19604.66
2014-04-22,7.29,7.33,7.35,7.27,14284.54
2014-04-23,7.36,7.12,7.36,7.12,23975.56
2014-04-24,7.07,6.69,7.07,6.69,40290.45
2014-04-25,6.7,6.21,6.71,6.1,47179.99
2014-04-28,6.01,5.92,6.12,5.92,25207.64
2014-04-29,5.88,5.95,6.03,5.85,15757.88
2014-04-30,5.95,6.2,6.25,5.95,26498.28
2014-05-05,6.16,6.2,6.3,6.09,15027.0
2014-05-06,6.2,6.2,6.24,6.14,13264.22
2014-05-07,6.16,6.03,6.19,5.93,15627.72
2014-05-08,6.0,6.04,6.09,5.96,14509.78
2014-05-09,5.99,6.02,6.08,5.95,10778.44
2014-05-12,6.05,6.11,6.15,5.97,12675.26
2014-05-13,6.11,6.23,6.34,6.09,24789.69
2014-05-14,6.22,6.17,6.26,6.15,10768.67
2014-05-15,6.15,5.91,6.17,5.9,14550.26
2014-05-16,5.91,6.01,6.08,5.91,10778.72
2014-05-19,5.97,5.98,6.05,5.93,9361.9
2014-05-20,5.95,5.99,6.03,5.95,8454.88
2014-05-21,5.99,5.99,6.03,5.94,5488.51
2014-05-22,6.0,5.99,6.09,5.97,15037.41
2014-05-23,6.0,6.03,6.05,5.98,10581.57
2014-05-26,6.05,5.97,6.06,5.95,16820.24
2014-05-27,5.97,5.98,6.07,5.97,11597.72
2014-05-28,5.98,6.05,6.07,5.96,22683.15
2014-05-29,6.05,5.97,6.05,5.93,16766.87
2014-05-30,5.99,5.79,5.99,5.78,21370.98
2014-06-03,5.78,5.66,5.78,5.65,18025.9
2014-06-04,5.64,5.79,5.79,5.6,19819.22
2014-06-05,5.74,5.79,5.84,5.71,16328.71
2014-06-06,5.81,6.13,6.37,5.78,91751.32
2014-06-09,6.01,5.89,6.29,5.86,51802.53
2014-06-10,5.84,5.72,5.92,5.45,55176.02
2014-06-11,5.66,5.64,5.68,5.59,20798.15
2014-06-12,5.66,5.62,5.66,5.54,16147.38
2014-06-13,5.61,5.63,5.71,5.61,12792.32
2014-06-16,5.62,5.71,5.75,5.59,14487.43
2014-06-17,5.69,5.64,5.73,5.62,13453.07
2014-06-18,5.62,5.71,5.8,5.59,22919.67
2014-06-19,5.67,5.38,5.74,5.18,21440.68
2014-06-20,5.4,5.3,5.4,5.24,16175.97
2014-06-23,5.3,5.36,5.42,5.29,14587.5
2014-06-24,5.36,5.37,5.39,5.3,16617.44
2014-06-25,5.37,5.29,5.37,5.28,10424.34
2014-06-26,5.28,5.35,5.37,5.28,18294.89
2014-06-27,5.34,5.43,5.47,5.33,20412.3
2014-06-30,5.47,5.5,5.5,5.39,21240.36
2014-07-01,5.5,5.57,5.66,5.44,26217.42
2014-07-02,5.59,5.59,5.62,5.51,25698.96
2014-07-03,5.64,5.54,5.65,5.51,40089.86
2014-07-04,5.52,5.5,5.52,5.35,33387.44
2014-07-07,5.49,5.6,5.6,5.46,37571.42
2014-08-19,6.17,6.17,6.17,6.17,2841.15
2014-08-20,6.78,6.78,6.78,6.78,1813.3
2014-08-21,7.46,7.46,7.46,7.46,10360.76
2014-08-22,7.4,7.16,7.42,6.97,176708.96
2014-08-25,7.09,7.62,7.85,7.04,197740.16
2014-08-26,7.46,7.29,7.49,7.17,89045.91
2014-08-27,7.32,7.19,7.32,7.0,67537.92
2014-08-28,7.11,6.87,7.23,6.86,53205.62
2014-08-29,6.8,6.72,6.85,6.6,54110.38
2014-09-01,6.74,6.86,6.93,6.73,37895.17
2014-09-02,6.86,7.0,7.0,6.76,59200.47
2014-09-03,6.98,7.48,7.69,6.93,150892.46
2014-09-04,7.41,7.46,7.6,7.34,91359.16
2014-09-05,7.51,7.58,7.69,7.38,95043.49
2014-09-09,7.56,7.75,7.75,7.44,90426.83
2014-09-10,7.75,8.02,8.2,7.66,117657.31
2014-09-11,7.86,7.68,8.02,7.63,96019.2
2014-09-12,7.64,7.71,7.77,7.56,45190.15
2014-09-15,7.71,7.81,7.92,7.61,56196.71
2014-09-16,7.81,8.0,8.03,7.72,111311.28
2014-09-17,7.97,8.27,8.44,7.84,173126.8
2014-09-18,8.1,7.98,8.14,7.91,85736.71
2014-09-19,7.99,7.85,7.99,7.71,60033.66
2014-09-22,7.8,7.86,7.95,7.65,49847.44
2014-09-23,7.87,8.01,8.05,7.85,48355.19
2014-09-24,7.94,8.26,8.34,7.94,105095.06
2014-09-25,8.2,8.36,8.43,8.11,90879.6
2014-09-26,8.3,8.42,8.7,8.3,157038.93
2014-09-29,8.38,8.31,8.55,8.21,104900.8
2014-09-30,8.29,8.39,8.39,8.15,56379.15
2014-10-08,8.39,8.48,8.5,8.25,56591.28
2014-10-09,8.45,8.64,8.69,8.42,103414.89
2014-10-10,8.52,8.37,8.63,8.34,77825.95
2014-10-13,8.33,8.01,8.33,7.78,78787.87
2014-10-14,7.96,8.37,8.4,7.96,97166.5
2014-10-15,8.25,8.46,8.52,8.24,70193.14
2014-10-16,8.42,8.23,8.66,8.21,137300.74
2014-10-17,8.18,8.43,8.45,8.0,74778.74
2014-10-20,8.39,8.54,8.6,8.34,134299.9
2014-10-21,8.48,8.61,8.64,8.35,72970.82
2014-10-22,8.56,8.92,9.11,8.55,197716.74
2014-10-23,8.7,8.45,8.85,8.38,111607.91
2014-10-24,8.43,8.56,8.56,8.25,44394.13
2014-10-27,8.56,8.24,8.59,8.24,37844.6
2014-10-28,8.22,8.32,8.41,8.21,40684.0
2014-10-29,8.33,8.31,8.42,8.27,48686.0
2014-10-30,8.31,8.35,8.41,8.11,64818.58
2014-10-31,8.35,8.47,8.49,8.18,66905.51
2014-11-03,8.46,8.6,8.69,8.46,96177.59
2014-11-04,8.49,8.26,8.57,8.26,67678.28
2014-11-05,8.19,8.06,8.22,8.01,49956.34
2014-11-06,8.02,8.17,8.22,7.91,46282.64
2014-11-07,8.12,8.26,8.35,8.11,50531.74
2014-11-10,8.26,8.42,8.44,8.2,59141.14
2014-11-11,8.39,8.41,8.48,8.26,123452.29
2014-11-12,8.41,8.63,8.63,8.31,143499.78
2014-11-13,8.45,8.01,8.48,8.01,111064.81
2014-11-14,8.01,7.76,8.05,7.66,62502.96
2014-11-17,7.77,7.89,7.93,7.66,25632.37
2014-11-18,7.86,7.73,7.89,7.71,24915.04
2014-11-19,7.72,7.75,7.85,7.71,19557.99
2014-11-20,7.74,7.67,7.78,7.61,24173.31
2014-11-21,7.67,7.83,7.89,7.62,43328.46
2014-11-24,7.84,8.04,8.16,7.82,65563.54
2014-11-25,8.01,7.88,8.03,7.86,39761.74
2014-11-26,7.88,7.8,7.95,7.7,51130.22
2014-11-27,7.79,8.23,8.25,7.76,109719.07
2014-11-28,8.15,8.39,8.39,8.13,101807.41
2014-12-01,8.36,8.43,8.48,8.28,145139.11
2014-12-02,8.37,8.44,8.6,8.36,180256.8
2014-12-03,8.44,8.2,8.45,8.18,113803.54
2014-12-04,8.15,8.22,8.33,8.03,116017.27
2014-12-05,8.17,7.92,8.17,7.61,111886.26
2014-12-08,7.87,8.2,8.25,7.67,88337.29
2014-12-09,8.19,8.15,8.44,8.0,192352.2
2014-12-10,8.02,8.33,8.38,7.91,145321.25
2014-12-11,8.15,8.38,8.42,8.09,110210.64
2014-12-12,8.4,8.2,8.4,8.15,65153.89
2014-12-15,8.15,8.18,8.24,8.12,38286.98
2014-12-16,8.13,8.21,8.36,8.13,47334.76
2014-12-17,8.21,7.89,8.23,7.85,68322.36
2014-12-18,7.92,7.88,7.98,7.77,39448.84
2014-12-19,7.79,7.81,7.93,7.68,37071.0
2014-12-22,7.76,7.09,7.76,7.03,96861.12
2014-12-23,7.06,6.84,7.1,6.62,36204.18
2014-12-24,6.88,7.04,7.1,6.85,25383.03
2014-12-25,7.1,7.11,7.16,6.97,22912.52
2014-12-26,7.12,7.08,7.23,7.06,22451.6
2014-12-29,7.07,6.88,7.07,6.85,32528.56
2014-12-30,6.84,6.57,6.94,6.56,28344.59
2014-12-31,6.59,6.91,6.94,6.47,30663.7
2015-01-05,6.89,7.01,7.21,6.72,37535.64
2015-01-06,6.99,6.84,6.99,6.67,52280.98
2015-01-07,6.84,6.75,6.84,6.69,29430.57
2015-01-08,6.74,6.89,6.9,6.74,35554.75
2015-01-09,6.9,6.75,6.99,6.75,26865.73
2015-01-12,6.73,6.47,6.73,6.45,32569.04
2015-01-13,6.51,6.56,6.58,6.47,21214.32
2015-01-14,6.57,6.51,6.59,6.49,13807.76
2015-01-15,6.49,6.58,6.58,6.49,17391.39
2015-01-16,6.61,6.6,6.63,6.52,17746.7
2015-01-19,6.46,6.31,6.53,6.28,30146.93
2015-01-20,6.34,6.51,6.51,6.34,22149.71
2015-01-21,6.52,6.81,6.81,6.52,55445.28
2015-01-22,6.8,6.91,6.95,6.74,46246.34
2015-01-23,6.94,6.87,6.98,6.82,34312.41
2015-01-26,6.86,7.01,7.04,6.79,37717.43
2015-01-27,7.01,7.06,7.08,6.93,38010.35
2015-01-28,7.02,7.29,7.39,7.01,81477.83
2015-01-29,7.14,7.13,7.14,7.03,39487.86
2015-01-30,7.13,7.29,7.35,7.02,75199.29
2015-02-02,7.12,7.09,7.3,7.05,52490.45
2015-02-03,7.19,7.19,7.2,6.97,49984.1
2015-02-04,7.12,7.14,7.23,7.1,50392.86
2015-02-05,7.21,6.92,7.26,6.92,30212.48
2015-02-06,6.89,6.94,7.05,6.87,22489.5
2015-02-09,6.94,7.04,7.07,6.94,22319.15
2015-02-10,7.04,7.05,7.1,6.92,21363.85
2015-02-11,7.06,7.13,7.2,7.02,20733.99
2015-02-12,7.19,7.11,7.2,7.07,18697.18
2015-02-13,7.14,7.12,7.16,7.11,20125.22
2015-02-16,7.13,7.19,7.25,7.04,28263.37
2015-02-17,7.2,7.38,7.43,7.19,38470.58
2015-02-25,7.43,7.32,7.44,7.3,21693.13
2015-02-26,7.31,7.33,7.38,7.27,17418.73
2015-02-27,7.35,7.63,7.63,7.35,61990.53
2015-03-02,7.64,7.84,7.91,7.54,75709.68
2015-03-03,7.77,7.83,8.02,7.75,80052.04
2015-03-04,7.83,8.04,8.09,7.81,54851.74
2015-03-05,8.05,8.66,8.84,8.0,116123.81
2015-03-06,8.55,8.48,8.8,8.46,60755.8
2015-03-09,8.5,8.45,8.55,8.25,58096.28
2015-03-10,8.53,8.45,8.78,8.35,43230.15
2015-03-11,8.36,8.4,8.75,8.28,46122.34
2015-03-12,8.4,8.18,8.57,8.11,41512.38
2015-03-13,8.2,8.3,8.42,8.17,45756.54
2015-03-16,8.3,8.4,8.48,8.25,63889.55
2015-03-17,8.39,8.62,8.74,8.31,85522.64
2015-03-18,8.63,8.88,9.03,8.58,70926.67
2015-03-19,8.88,8.89,8.94,8.75,47314.81
2015-03-20,8.85,8.9,9.13,8.73,50211.66
2015-03-23,8.9,9.07,9.12,8.65,75227.23
2015-03-24,9.06,9.68,9.74,8.63,110802.26
2015-03-25,9.55,9.97,10.22,9.5,106478.6
2015-03-26,9.99,9.91,10.53,9.76,85156.33
2015-03-27,9.91,9.94,9.95,9.5,72407.54
2015-03-30,9.96,10.22,10.52,9.59,87794.63
2015-03-31,10.08,9.82,10.44,9.78,67692.03
2015-04-01,9.89,9.91,10.08,9.85,42778.04
2015-04-02,9.91,9.74,9.94,9.49,84236.38
2015-04-03,9.65,10.36,10.39,9.58,94444.4
2015-04-07,10.27,11.39,11.39,10.27,150564.64
2015-04-08,11.56,11.8,11.81,10.93,105100.73
2015-04-09,11.77,11.58,11.77,10.89,61292.96
2015-04-10,11.52,12.03,12.73,11.34,58248.64
2015-04-13,11.93,11.77,12.63,11.72,61532.14
2015-04-14,11.73,11.26,11.73,11.19,80448.28
2015-04-15,11.27,11.04,11.55,10.95,69537.77
2015-04-16,11.01,11.32,11.43,10.69,62516.48
2015-04-17,11.34,11.54,11.98,11.34,63593.55
2015-04-20,11.57,10.92,11.66,10.69,57061.37
2015-04-21,10.78,11.15,11.35,10.78,44021.54
2015-04-22,11.34,11.29,11.39,11.01,53990.7
2015-04-23,11.19,11.08,11.34,10.99,51515.9
2015-04-24,11.05,10.89,11.05,10.72,38743.49
2015-04-27,10.99,11.06,11.38,10.9,57811.34
2015-04-28,11.09,10.76,11.19,10.7,42319.97
2015-04-29,10.76,10.83,11.14,10.69,45462.56
2015-04-30,10.94,11.03,11.15,10.77,54773.01
2015-05-04,11.09,11.75,11.8,11.08,77041.49
2015-05-05,11.64,11.08,11.67,10.95,50327.84
2015-05-06,11.08,10.43,11.27,10.29,41262.4
2015-05-07,10.39,9.74,10.39,9.7,42119.51
2015-05-08,9.78,10.1,10.18,9.78,49831.45
2015-05-11,10.28,10.56,10.69,10.12,61166.83
2015-05-12,10.59,10.55,10.93,10.39,39564.91
2015-05-13,10.56,10.98,11.09,10.31,67826.22
2015-05-14,10.94,11.29,11.87,10.89,117304.93
2015-05-15,11.19,11.16,11.33,10.86,68541.1
2015-05-18,11.1,11.34,11.58,10.83,66745.42
2015-05-19,11.36,12.28,12.45,11.35,106381.99
2015-05-20,12.38,12.99,13.39,12.38,93270.4
2015-05-21,13.14,13.24,13.58,12.87,87453.22
2015-05-22,13.18,13.03,13.42,12.9,64998.11
2015-05-25,12.92,14.19,14.2,12.44,137040.25
2015-05-26,14.17,15.31,15.45,13.97,107233.0
2015-05-27,15.31,15.41,15.85,14.51,72063.64
2015-05-28,15.14,14.42,16.4,13.88,114543.18
2015-05-29,14.17,15.81,15.81,13.43,89756.47
2015-06-01,16.66,17.39,17.39,16.31,39935.04
2015-06-02,18.4,18.55,18.67,17.7,116849.9
2015-06-03,18.73,18.56,18.86,17.6,71409.99
2015-06-04,18.99,20.13,20.41,17.93,149121.5
2015-06-05,20.22,19.74,20.87,19.39,109116.32
2015-06-08,19.74,18.7,19.89,17.85,109439.58
2015-06-09,18.7,18.4,18.75,17.87,60375.62
2015-06-10,18.22,19.08,19.55,17.96,78476.65
2015-06-11,19.19,19.39,19.54,18.8,54494.99
2015-06-12,19.4,20.89,21.18,19.4,104458.74
2015-06-15,21.36,21.59,22.98,20.91,117864.79
2015-06-16,21.59,21.58,22.61,19.89,93988.39
2015-06-17,21.52,21.99,22.66,20.14,102164.7
2015-06-18,21.92,21.6,23.17,21.31,79629.81
2015-06-19,20.88,19.54,21.58,19.44,68847.76
2015-06-23,19.34,19.57,20.14,17.59,77540.9
2015-06-24,19.57,19.7,20.48,18.9,54015.66
2015-06-25,20.21,18.09,20.21,17.75,48206.94
2015-06-26,17.54,16.28,17.54,16.28,54989.81
2015-06-29,16.51,14.66,17.15,14.66,110016.55
2015-06-30,13.65,14.84,15.34,13.19,78114.4
2015-07-01,14.79,13.36,15.31,13.36,104118.96
2015-07-02,12.11,12.02,13.13,12.02,126439.07
2015-07-03,10.84,11.14,12.23,10.81,104288.9
2015-07-06,12.23,10.02,12.23,10.02,93205.81
2015-07-07,9.02,9.02,9.02,9.02,19654.0
2015-07-14,9.92,9.92,9.92,9.92,15542.5
2015-07-15,10.91,10.43,10.91,9.94,218771.32
2015-07-16,9.88,11.13,11.18,9.45,121726.68
2015-07-17,11.26,12.25,12.25,10.98,115881.94
2015-07-20,12.25,13.47,13.47,12.25,131730.68
2015-07-21,13.47,13.82,14.77,13.36,135411.76
2015-07-22,13.67,14.07,14.17,13.13,97071.42
2015-07-23,14.05,14.27,14.42,13.65,97993.83
2015-07-24,14.28,13.86,14.99,13.43,87777.21
2015-07-27,13.43,12.48,14.17,12.48,62508.81
2015-07-28,11.28,11.34,12.48,11.23,101892.87
2015-07-29,11.44,11.9,12.18,10.44,68449.2
2015-07-30,11.69,11.39,12.27,11.16,59557.01
2015-07-31,11.19,10.64,11.54,10.4,51009.94
2015-08-03,10.67,9.57,10.7,9.57,74772.58
2015-08-04,9.7,10.53,10.53,9.59,61778.88
2015-08-05,10.54,10.83,11.23,10.44,68821.96
2015-08-06,10.5,11.15,11.59,9.88,58071.77
2015-08-07,11.59,12.01,12.13,11.59,56295.81
2015-08-10,11.93,12.75,13.0,11.93,64118.01
2015-08-11,12.75,13.03,13.41,12.43,62344.91
2015-08-12,12.82,11.73,13.09,11.73,111628.79
2015-08-13,11.44,12.27,12.37,10.94,93202.17
2015-08-14,12.18,12.33,12.53,11.94,81803.82
2015-08-17,12.33,12.79,13.07,11.93,78257.23
2015-08-18,12.86,11.51,13.39,11.51,112808.79
2015-08-19,11.19,12.66,12.66,11.0,98278.69
2015-08-20,12.92,13.18,13.9,12.78,123695.93
2015-08-21,12.93,12.27,13.04,11.86,98201.47
2015-08-24,11.6,11.04,11.6,11.04,41525.14
2015-08-25,9.93,9.93,10.19,9.93,57306.28
2015-08-26,10.22,10.19,10.43,8.94,118947.27
2015-08-27,10.34,10.53,10.77,9.7,66952.93
2015-08-28,10.69,11.34,11.34,10.33,75905.63
2015-08-31,11.1,10.59,11.31,10.46,46241.66
2015-09-01,9.94,10.5,10.56,9.53,51532.47
2015-09-02,9.55,10.37,10.55,9.5,65213.02
2015-09-07,10.24,11.41,11.41,10.24,68848.0
2015-09-08,11.85,12.13,12.18,11.44,73310.49
2015-09-09,11.89,12.76,12.92,11.88,83202.03
2015-09-10,12.43,12.16,12.57,11.91,74058.54
2015-09-11,11.93,12.43,12.5,11.82,74586.66
2015-09-14,12.38,11.53,12.38,11.19,56149.2
2015-09-15,10.88,10.37,11.34,10.37,38073.66
2015-09-16,10.45,11.39,11.41,10.25,56477.75
2015-09-17,11.28,11.61,12.38,10.98,99110.52
2015-09-18,11.39,12.43,12.53,11.29,68813.69
2015-09-21,12.08,12.31,12.91,11.95,75337.96
2015-09-22,12.25,12.26,12.72,12.04,74013.56
2015-09-23,11.98,11.61,12.03,11.48,48449.74
2015-09-24,11.83,11.82,12.06,11.63,34040.84
2015-09-25,11.82,11.43,11.93,11.28,32305.98
2015-09-28,11.18,11.53,11.88,11.18,38157.56
2015-09-29,11.29,11.72,11.88,11.21,32840.96
2015-09-30,11.69,11.54,11.83,11.34,26930.3
2015-10-08,11.92,11.9,12.08,11.64,37593.96
2015-10-09,11.78,12.03,12.08,11.78,36956.44
2015-10-12,12.02,12.57,12.73,11.98,60852.55
2015-10-13,12.47,12.88,12.88,12.29,59883.73
2015-10-14,12.89,12.53,13.03,12.49,31496.45
2015-10-15,12.26,12.74,12.84,12.21,39289.92
2015-10-16,12.77,12.81,13.33,12.68,60048.57
2015-10-19,12.84,13.03,13.03,12.68,51011.57
2015-10-20,13.21,13.93,14.11,13.21,95584.5
2015-10-21,13.75,12.54,13.85,12.54,89866.11
2015-10-22,12.56,12.71,12.82,12.05,66510.58
2015-10-23,12.81,12.77,12.92,12.48,47781.01
2015-10-26,12.92,12.93,13.18,12.67,45249.63
2015-10-27,12.8,12.69,12.85,11.87,39058.23
2015-10-28,12.48,11.98,12.63,11.88,47443.38
2015-10-29,12.03,12.33,12.62,12.03,34197.2
2015-10-30,12.5,12.23,12.5,11.93,24289.29
2015-11-02,11.93,11.96,12.18,11.87,31528.9
2015-11-03,11.99,12.2,12.37,11.98,24617.03
2015-11-04,12.23,12.61,12.68,12.23,41066.4
2015-11-05,12.68,12.42,12.76,12.31,40035.8
2015-11-06,12.42,12.67,12.76,12.33,44168.43
2015-11-09,12.68,12.85,13.08,12.64,59111.99
2015-11-10,12.86,13.0,13.17,12.73,49546.81
2015-11-11,12.98,13.65,14.07,12.93,72691.03
2015-11-12,13.53,13.69,14.07,13.53,63055.91
2015-11-13,13.72,13.33,13.96,13.28,44765.79
2015-11-16,12.83,13.3,13.5,12.79,30214.76
2015-11-17,13.48,13.36,13.77,13.27,31601.88
2015-11-18,13.37,14.3,14.64,13.36,134305.89
2015-11-19,14.12,14.65,14.71,13.82,84398.49
2015-11-20,14.55,14.61,15.76,14.38,118576.27
2015-11-23,14.61,13.9,15.07,13.78,87129.4
2015-11-24,13.68,14.1,14.15,13.65,39387.71
2015-11-25,14.0,14.12,14.16,13.83,41924.21
2015-11-26,14.21,13.92,14.21,13.74,39849.87
2015-11-27,13.87,13.27,14.16,12.94,51130.65
2015-11-30,13.32,13.43,13.81,12.58,44407.07
2015-12-01,13.43,13.93,14.17,13.18,42371.48
2015-12-02,14.0,13.78,14.07,13.28,37272.76
2015-12-03,13.72,14.3,14.36,13.67,42916.77
2015-12-04,14.07,14.41,14.48,13.85,44687.4
2015-12-07,14.41,14.36,14.49,14.12,33381.03
2015-12-08,14.17,13.65,14.32,13.62,38294.42
2015-12-09,13.58,13.8,14.07,13.52,24908.66
2015-12-10,13.8,13.55,13.85,13.48,18192.79
2015-12-11,13.47,13.66,13.82,13.27,17550.42
2015-12-14,13.56,13.62,13.74,13.33,20784.09
2015-12-15,13.75,13.62,13.78,13.52,17791.58
2015-12-16,13.72,13.95,14.1,13.52,24793.65
2015-12-17,13.99,14.78,14.84,13.98,68224.09
2015-12-18,14.74,15.43,16.11,14.53,114157.58
2015-12-21,15.44,16.0,16.61,15.43,81083.85
2015-12-22,16.04,16.18,16.7,15.66,59343.43
2015-12-23,16.02,16.01,16.25,15.76,37358.26
2015-12-24,15.72,16.76,17.24,15.72,64727.58
2015-12-25,16.81,16.93,16.95,16.36,37530.29
2015-12-28,16.96,16.5,17.15,16.09,38997.97
2015-12-29,16.38,16.73,16.95,16.16,39028.23
2015-12-30,16.74,16.51,16.96,16.46,31386.93
2015-12-31,16.56,16.82,17.06,16.41,26678.28
2016-01-04,16.67,15.51,17.05,15.4,25520.23
2016-01-05,14.92,15.46,15.81,14.51,47792.2
2016-01-06,15.69,16.11,16.16,15.17,39784.89
2016-01-07,15.91,14.53,15.91,14.5,9201.83
2016-01-08,15.09,14.65,15.09,13.7,69134.16
2016-01-11,13.97,14.4,14.66,13.52,57678.94
2016-01-12,13.95,13.75,14.44,13.75,22748.57
2016-01-13,13.76,13.27,13.99,12.63,28789.76
2016-01-14,12.83,13.61,13.67,12.43,28028.11
2016-01-15,13.42,13.57,14.1,13.23,22029.48
2016-01-18,12.69,13.15,13.37,12.69,23974.02
2016-01-19,13.1,13.87,13.97,12.97,26062.88
2016-01-20,13.82,13.92,14.36,13.43,26473.64
2016-01-21,13.62,13.17,13.87,13.17,10861.92
2016-01-22,13.31,13.72,14.23,12.87,32128.75
2016-01-25,13.57,13.97,14.13,13.57,23156.65
2016-01-26,13.87,12.58,13.87,12.58,23557.73
2016-01-27,12.53,12.59,12.68,11.32,43393.5
2016-01-28,12.08,12.43,12.77,12.07,23530.27
2016-01-29,12.34,12.63,12.73,12.19,16509.07
2016-02-01,12.61,12.45,12.61,11.96,12116.79
2016-02-02,12.33,12.57,12.78,12.09,19725.94
2016-02-03,12.45,12.38,12.56,12.23,17264.99
2016-02-04,12.38,12.47,12.65,12.38,13718.38
2016-02-05,12.47,12.13,12.56,11.86,18039.43
2016-02-15,11.45,11.87,11.93,11.38,9246.32
2016-02-16,11.83,12.36,12.41,11.83,25139.52
2016-02-17,12.24,12.64,12.76,12.24,21162.55
2016-02-18,12.53,13.07,13.27,12.53,29581.97
2016-02-19,13.23,13.96,13.96,13.12,47336.99
2016-02-22,14.31,13.82,14.36,13.54,43684.7
2016-02-23,13.84,13.43,13.84,13.37,19788.4
2016-02-24,13.43,13.65,13.91,13.12,17363.63
2016-02-25,13.5,12.42,13.62,12.3,24049.27
2016-02-26,12.43,12.37,12.77,12.07,15718.87
2016-02-29,12.34,11.62,12.34,11.15,21387.36
2016-03-01,11.61,11.94,12.36,11.52,17659.42
2016-03-02,11.94,12.82,12.82,11.94,19977.57
2016-03-03,12.73,13.08,13.52,12.55,31208.19
2016-03-04,12.93,13.05,13.34,11.94,27774.2
2016-03-07,12.92,13.03,13.17,12.63,13810.35
2016-03-08,13.23,12.72,13.23,12.05,11396.74
2016-03-09,12.34,12.57,12.66,12.17,6415.83
2016-03-10,12.56,12.52,12.65,12.21,10830.37
2016-03-11,12.31,12.54,12.68,12.26,6633.68
2016-03-14,12.91,12.93,13.21,12.62,11879.75
2016-03-15,12.93,12.65,13.0,12.55,6391.1
2016-03-16,12.53,12.61,12.78,12.43,5209.33
2016-03-17,12.79,12.83,12.92,12.54,11924.87
2016-03-18,12.88,13.17,13.2,12.84,16654.2
2016-03-21,13.44,14.11,14.14,13.07,47305.76
2016-03-22,14.01,14.27,14.91,13.7,62197.45
2016-03-23,13.83,13.84,14.13,13.67,26953.47
2016-03-24,13.7,13.33,13.7,13.33,24742.3
2016-03-25,13.29,13.49,13.56,13.2,12383.97
2016-03-28,13.49,13.62,13.97,13.49,25896.91
2016-03-29,13.62,14.12,14.15,13.27,26281.37
2016-03-30,14.22,15.28,15.41,14.22,80609.7
2016-03-31,14.84,15.24,15.27,14.84,33416.69
2016-04-01,15.26,14.79,15.4,14.73,33534.37
2016-04-05,14.85,14.79,15.22,14.49,41240.2
2016-04-06,14.72,14.7,14.99,14.52,27306.82
2016-04-07,14.7,14.6,14.89,14.43,17136.49
2016-04-08,14.66,14.72,14.83,14.42,16430.68
2016-04-11,14.86,14.72,15.14,14.69,29452.0
2016-04-12,14.68,14.32,14.76,14.12,18163.8
2016-04-13,14.4,14.5,14.64,14.32,24806.12
2016-04-14,14.5,14.93,14.93,14.36,34615.78
2016-04-15,15.22,15.21,15.54,14.9,78886.98
2016-04-18,15.02,14.13,15.02,14.02,63516.2
2016-04-19,14.13,13.92,14.32,13.65,41328.15
2016-04-20,13.83,13.52,14.07,12.77,32440.62
2016-04-21,13.45,13.32,13.65,13.18,16855.73
2016-04-22,13.31,13.55,13.57,13.03,10206.58
2016-04-25,13.33,13.44,13.55,13.27,7422.55
2016-04-26,13.5,13.62,13.62,13.4,10220.64
2016-04-27,13.62,13.45,13.73,13.44,10814.5
2016-04-28,13.57,13.38,13.73,13.27,13011.97
2016-04-29,13.29,13.37,13.56,13.26,7702.02
2016-05-03,13.52,13.7,13.72,13.32,14067.08
2016-05-04,13.69,13.73,13.96,13.63,11893.33
2016-05-05,13.63,14.14,14.17,13.56,16901.4
2016-05-06,14.36,13.36,14.36,13.23,38810.71
2016-05-09,13.35,12.92,13.35,12.78,19609.16
2016-05-10,11.64,12.53,13.01,11.64,21147.13
2016-05-11,12.74,12.78,12.93,12.53,11553.77
2016-05-12,12.75,12.89,12.96,12.27,12011.94
2016-05-13,12.82,12.76,12.97,12.73,6424.62
2016-05-16,12.72,12.58,12.85,12.54,9993.12
2016-05-17,12.65,12.53,12.82,12.51,9076.67
2016-05-18,12.53,12.11,12.53,11.73,12548.92
2016-05-19,11.94,13.11,13.23,11.94,39679.02
2016-05-20,12.87,12.93,13.21,12.61,49619.54
2016-05-23,12.76,12.76,12.91,12.17,22246.89
2016-05-24,12.67,12.39,12.73,12.36,11795.79
2016-05-25,12.52,12.28,12.56,12.23,10430.49
2016-05-26,12.24,12.29,12.37,12.07,8945.05
2016-05-27,12.29,12.2,12.36,12.19,9777.86
2016-05-30,12.16,12.02,12.16,11.94,6830.16
2016-05-31,12.04,12.41,12.48,12.04,16902.35
2016-06-01,12.45,12.44,12.51,12.35,12033.5
2016-06-02,12.38,12.49,12.56,12.37,11031.29
2016-06-03,12.51,12.61,12.78,12.51,14586.01
2016-06-06,12.61,12.38,12.61,12.24,13849.66
2016-06-07,12.41,12.34,12.42,12.26,8913.21
2016-06-08,12.38,12.43,12.62,12.27,18429.29
2016-06-13,12.28,11.97,12.29,11.97,12130.0
2016-06-14,11.96,11.9,12.12,11.78,9057.26
2016-06-15,11.77,12.1,12.2,11.68,13650.59
2016-06-16,12.0,11.98,12.17,11.96,9196.07
2016-06-17,12.13,12.05,12.17,11.97,10411.51
2016-06-20,11.94,12.08,12.17,11.94,9423.61
2016-06-21,12.18,11.93,12.18,11.83,11841.53
2016-06-22,12.16,12.1,12.18,11.89,12395.89
2016-06-23,12.08,12.02,12.15,11.99,9059.7
2016-06-24,12.02,13.0,13.13,11.32,47504.78
2016-06-27,12.83,13.2,13.45,12.64,66680.42
2016-06-28,12.95,12.93,13.13,12.68,28387.46
2016-06-29,12.88,12.8,13.07,12.71,21221.43
2016-06-30,12.7,12.67,12.9,12.61,17045.58
2016-07-01,12.92,12.66,12.92,12.59,12555.39
2016-07-04,12.68,12.77,12.88,12.63,28647.55
2016-07-05,12.78,12.83,12.85,12.69,18037.6
2016-07-06,12.83,12.85,13.0,12.78,17874.97
2016-07-07,12.73,12.71,12.86,12.61,15880.14
2016-07-08,12.91,12.57,12.91,12.54,23657.06
2016-07-11,12.6,12.28,12.62,12.26,27552.98
2016-07-12,12.32,12.35,12.5,12.06,26722.75
2016-07-13,12.42,12.44,12.6,12.31,30198.09
2016-07-14,12.71,12.76,13.05,12.62,85230.58
2016-07-15,12.84,12.56,12.91,12.53,37659.25
2016-07-18,12.53,12.34,12.53,12.19,32204.11
2016-07-19,12.33,12.37,12.43,12.24,19565.55
2016-07-20,12.5,12.73,12.8,12.5,58051.82
2016-07-21,12.82,12.64,12.83,12.58,31163.88
2016-07-22,12.54,12.53,12.69,12.46,24259.46
2016-07-25,12.47,12.52,12.62,12.38,17777.1
2016-07-26,12.53,12.79,13.01,12.49,47069.77
2016-07-27,12.78,12.23,12.86,12.03,48373.83
2016-07-28,12.25,12.25,12.44,12.0,23204.09
2016-07-29,12.25,12.17,12.41,12.12,16023.64
2016-08-01,12.17,12.17,12.3,11.84,21099.54
2016-08-02,12.16,12.45,12.53,12.16,31198.02
2016-08-03,12.39,12.57,12.65,12.24,28848.68
2016-08-04,12.5,12.52,12.77,12.41,16971.28
2016-08-05,12.57,12.69,12.82,12.53,41064.41
2016-08-08,12.65,12.67,12.77,12.44,23135.74
2016-08-09,12.64,12.6,12.74,12.44,24756.36
2016-08-10,12.6,12.66,12.79,12.44,26059.7
2016-08-11,12.62,12.55,12.72,12.49,17906.7
2016-08-12,12.55,12.64,12.71,12.26,28325.81
2016-08-15,12.61,13.07,13.12,12.49,68969.01
2016-08-16,13.07,12.95,13.19,12.84,43052.26
2016-08-17,12.92,12.93,13.16,12.83,41735.78
2016-08-18,12.98,13.29,13.7,12.81,85737.07
2016-08-19,13.32,14.2,14.56,13.25,122977.11
2016-08-22,14.12,13.56,14.4,13.52,86421.54
2016-08-23,13.7,13.55,13.81,13.22,52127.46
2016-08-24,13.55,13.32,13.64,13.25,51711.13
2016-08-25,13.23,13.53,13.54,12.92,44075.65
2016-08-26,13.52,13.28,13.57,13.28,28914.08
2016-08-29,13.3,13.22,13.4,13.12,19348.43
2016-08-30,13.16,13.11,13.27,13.08,16169.92
2016-08-31,13.14,13.23,13.32,13.02,24674.17
2016-09-01,13.24,12.81,13.34,12.81,32032.0
2016-09-02,12.81,12.62,12.91,12.43,29892.97
2016-09-05,12.55,12.58,12.75,12.53,18290.97
2016-09-06,12.57,12.76,12.82,12.43,18644.61
2016-09-07,12.79,12.55,12.85,12.53,22596.01
2016-09-08,12.51,12.67,12.68,12.51,15075.21
2016-09-09,12.67,12.51,12.68,12.49,19965.0
2016-09-12,12.43,12.12,12.43,12.09,24028.12
2016-09-13,12.28,12.23,12.32,12.14,14360.05
2016-09-14,12.24,12.43,12.52,12.15,19904.39
2016-09-19,12.52,12.55,12.62,12.33,14956.74
2016-09-20,12.55,12.43,12.6,12.41,12093.65
2016-09-21,12.49,12.63,12.75,12.45,22035.75
2016-09-22,12.64,12.68,12.86,12.64,26928.73
2016-09-23,12.67,12.73,12.77,12.51,15819.81
2016-09-26,12.68,12.51,12.88,12.5,15758.83
2016-09-27,12.56,12.59,12.62,12.42,8936.83
2016-09-28,12.54,12.38,12.62,12.31,13003.06
2016-09-29,12.39,12.32,12.48,12.29,11353.0
2016-09-30,12.42,12.43,12.51,12.26,11958.0
2016-10-10,12.46,12.66,12.81,12.45,22137.52
2016-10-11,12.67,12.83,12.92,12.53,32172.69
2016-10-12,12.68,12.72,12.86,12.65,15296.89
2016-10-13,12.7,12.94,12.94,12.62,26680.53
2016-10-14,12.91,12.75,12.91,12.66,14535.34
2016-10-17,12.8,12.59,12.85,12.43,17758.56
2016-10-18,12.54,12.72,12.74,12.54,14633.0
2016-10-19,12.81,12.59,12.81,12.53,13771.32
2016-10-20,12.62,12.59,12.65,12.47,18167.67
2016-10-21,12.61,12.63,12.79,12.52,15034.79
2016-10-24,12.63,12.61,12.71,12.49,16310.64
2016-10-25,12.61,12.59,12.68,12.54,15501.54
2016-10-26,12.55,12.5,12.62,12.46,15127.38
2016-10-27,12.45,12.51,12.54,12.43,14025.53
2016-10-28,12.51,12.4,12.61,12.4,14601.85
2016-10-31,12.4,13.07,13.1,12.33,46029.18
2016-11-01,13.07,12.92,13.07,12.82,47763.48
2016-11-02,12.79,12.59,12.92,12.55,30266.65
2016-11-03,12.51,12.53,12.76,12.44,21037.74
2016-11-04,12.53,12.56,12.67,12.5,15369.03
2016-11-07,12.61,12.46,12.62,12.44,18279.79
2016-11-08,12.52,12.72,12.82,12.44,30759.13
2016-11-09,12.78,12.52,12.9,12.44,30064.1
2016-11-10,12.64,12.76,12.8,12.53,25190.43
2016-11-11,12.82,12.64,12.82,12.61,20881.64
2016-11-14,12.71,12.53,12.71,12.49,36278.86
2016-11-15,12.61,12.49,12.61,12.46,44225.12
2016-11-16,12.5,12.71,12.71,12.5,49580.45
2016-11-17,12.65,12.57,12.68,12.51,26545.19
2016-11-18,12.61,12.53,12.62,12.5,25617.62
2016-11-21,12.53,12.72,12.9,12.47,44664.01
2016-11-22,12.7,12.62,12.72,12.55,26418.85
2016-11-23,12.68,12.69,12.72,12.57,26303.46
2016-11-24,12.69,12.6,12.9,12.57,33072.22
2016-11-25,12.53,12.62,12.67,12.33,28894.09
2016-11-28,12.55,12.62,12.72,12.53,33913.71
2016-11-29,12.62,12.54,12.69,12.53,29225.03
2016-11-30,12.45,12.45,12.6,12.43,25222.5
2016-12-01,12.39,12.43,12.48,12.39,18449.52
2016-12-02,12.44,12.55,12.6,12.29,28202.88
2016-12-05,12.44,12.54,12.64,12.35,20688.05
2016-12-06,12.54,12.49,12.58,12.43,13286.52
2016-12-07,12.54,12.58,12.59,12.44,18878.36
2016-12-08,12.61,12.59,12.66,12.5,24878.03
2016-12-09,12.62,12.59,12.63,12.49,18786.94
2016-12-12,12.58,12.08,12.58,11.93,32232.98
2016-12-13,12.08,12.11,12.22,11.82,23887.2
2016-12-14,12.1,12.2,12.26,11.81,25052.78
2016-12-15,12.25,12.32,12.51,12.07,20514.55
2016-12-16,12.32,12.33,12.48,12.19,16327.44
2016-12-19,12.32,12.27,12.32,12.13,9585.22
2016-12-20,12.36,12.22,12.36,12.13,12373.65
2016-12-21,12.22,12.26,12.29,12.18,14540.69
2016-12-22,12.26,12.72,12.82,12.24,67453.75
2016-12-23,12.62,12.4,12.68,12.39,28338.85
2016-12-26,12.38,12.7,12.73,12.13,44943.66
2016-12-27,12.71,12.75,12.96,12.63,42906.14
2016-12-28,12.79,13.61,13.85,12.63,150778.57
2016-12-29,13.42,13.46,13.73,13.35,74463.36
2016-12-30,13.34,13.17,13.59,13.05,57110.52
2017-01-03,13.16,13.03,13.22,12.9,47524.86
2017-01-04,13.02,13.52,13.61,12.94,64245.28
2017-01-05,13.52,13.15,13.52,13.06,49804.65
2017-01-06,13.15,13.1,13.39,12.98,34160.15
2017-01-09,13.1,13.05,13.21,12.98,25886.96
2017-01-10,13.05,13.52,13.93,12.77,100439.9
2017-01-11,13.51,14.47,14.51,13.45,194407.62
2017-01-12,14.32,13.89,14.7,13.72,106516.02
2017-01-13,13.74,13.54,14.12,13.54,56346.12
2017-01-16,13.52,12.64,13.76,12.24,72234.01
2017-01-17,12.64,12.81,12.82,12.25,44889.77
2017-01-18,12.67,12.84,13.04,12.67,37542.82
2017-01-19,12.55,12.49,12.84,12.44,27819.34
2017-01-20,12.39,12.53,12.6,12.39,25623.67
2017-01-23,12.58,12.91,13.0,12.54,37742.05
2017-01-24,12.94,12.91,13.03,12.82,21827.57
2017-01-25,12.94,12.91,13.05,12.84,20914.54
2017-01-26,12.93,13.08,13.08,12.9,20716.82
2017-02-03,13.13,13.28,13.31,13.03,28900.52
2017-02-06,13.29,13.31,13.47,13.12,30263.01
2017-02-07,13.27,13.33,13.4,13.14,23150.54
2017-02-08,13.82,13.34,13.82,13.23,33232.06
2017-02-09,13.23,13.37,13.47,13.23,33748.24
2017-02-10,13.25,13.32,13.37,12.93,31484.24
2017-02-13,13.23,13.37,13.4,13.23,20713.65
2017-02-14,13.4,13.32,13.42,13.28,19182.02
2017-02-15,13.34,13.19,13.34,13.18,22246.0
2017-02-16,13.19,13.31,13.46,13.14,21577.84
2017-02-17,13.24,13.18,13.3,12.93,26875.0
2017-02-20,13.14,13.02,13.24,12.95,25553.26
2017-02-21,13.04,13.02,13.1,12.97,17986.88
2017-02-22,13.02,12.62,13.12,12.56,63985.4
2017-02-23,12.62,12.68,12.72,12.54,26418.6
2017-02-24,12.71,12.68,12.73,12.56,19466.02
2017-02-27,12.7,12.68,12.8,12.62,26724.75
2017-02-28,12.62,12.64,12.71,12.61,19804.8
2017-03-01,12.64,12.61,12.68,12.54,30626.67
2017-03-02,12.61,12.43,12.64,11.96,47038.0
2017-03-03,12.42,12.46,12.48,12.33,15263.62
2017-03-06,12.49,12.6,12.71,12.46,26957.69
2017-03-07,12.58,12.71,12.72,12.58,20397.64
2017-03-08,12.68,12.73,12.78,12.56,15701.02
2017-03-09,12.73,12.73,12.74,12.54,20419.22
2017-03-10,12.73,12.75,12.78,12.63,18061.88
2017-03-13,12.75,12.77,12.82,12.63,16204.0
2017-03-14,12.78,12.86,12.97,12.72,28263.76
2017-03-15,12.86,12.78,12.91,12.68,14850.56
2017-03-16,12.77,12.87,12.98,12.76,20011.47
2017-03-17,12.88,12.8,12.98,12.76,18432.88
2017-03-20,12.78,13.11,13.14,12.73,29380.63
2017-03-21,13.02,12.94,13.11,12.83,23185.75
2017-03-22,12.92,12.72,12.92,12.63,21226.45
2017-03-23,12.73,12.73,12.82,12.63,12462.18
2017-03-24,12.74,12.59,12.8,12.58,17780.68
2017-03-27,12.59,12.54,12.76,12.5,15862.2
2017-03-28,12.54,12.52,12.6,12.43,13194.24
2017-03-29,12.59,12.51,12.64,12.45,16681.8
2017-03-30,12.51,12.38,12.55,12.33,16324.0
2017-03-31,12.43,12.81,12.9,12.33,36816.67
2017-04-05,12.68,12.79,12.91,12.26,29868.0
2017-04-06,12.77,12.63,12.77,12.58,17015.64
2017-04-07,12.6,12.49,12.63,12.47,14437.03
2017-04-10,12.48,12.41,12.56,12.38,13797.8
2017-04-11,12.41,12.5,12.54,12.27,15719.06
2017-04-12,12.66,12.55,12.84,12.5,42729.68
2017-04-13,12.56,12.39,12.6,12.35,21462.95
2017-04-14,12.36,12.2,12.4,12.2,17990.6
2017-04-17,12.2,12.13,12.31,12.09,13338.0
2017-04-18,12.22,12.11,12.22,12.09,8158.84
2017-04-19,12.18,11.98,12.19,11.81,13958.0
2017-04-20,11.97,11.93,12.19,11.48,16227.81
2017-04-21,11.89,11.9,12.09,11.65,10458.37
2017-04-24,11.72,11.63,11.87,11.62,9326.52
2017-04-25,11.71,11.62,11.83,11.58,10933.4
2017-04-26,11.69,11.56,11.72,11.5,6526.4
2017-04-27,11.56,11.59,11.63,10.98,19594.07
2017-04-28,11.62,11.64,11.81,11.43,14327.6
2017-05-02,11.78,11.74,11.78,11.61,8991.0
2017-05-03,11.79,11.75,11.79,11.64,8992.71
2017-05-04,11.81,11.74,11.81,11.64,8153.0
2017-05-05,11.75,11.58,11.79,11.5,10016.62
2017-05-08,11.58,11.25,11.63,11.24,9374.2
2017-05-09,11.2,11.32,11.39,11.19,6826.0
2017-05-10,11.32,11.29,11.53,11.19,5815.0
2017-05-11,11.23,11.24,11.27,10.65,13708.97
2017-05-12,11.14,11.37,11.45,10.99,10312.62
2017-05-15,11.4,11.72,11.92,11.29,23307.26
2017-05-16,11.63,11.67,11.73,11.27,20905.24
2017-05-17,11.67,11.54,11.68,11.52,7729.0
2017-05-18,11.51,11.32,11.54,11.3,5849.0
2017-05-19,11.38,11.34,11.42,11.25,5979.47
2017-05-22,11.39,11.22,11.39,11.03,10409.56
2017-05-23,11.27,11.17,11.41,11.05,11289.0
2017-05-24,10.83,11.4,11.44,10.83,12709.65
2017-05-25,11.41,11.61,11.67,11.26,11246.69
2017-05-26,11.59,11.55,11.81,11.54,7394.02
2017-05-31,11.54,11.48,11.73,11.45,4371.89
2017-06-01,11.47,11.34,11.5,11.34,6498.0
2017-06-02,11.23,11.73,11.73,11.1,14203.31
2017-06-05,11.72,11.7,11.86,11.62,17568.26
2017-06-06,11.66,11.83,11.84,11.46,14454.81
2017-06-07,11.8,11.85,11.99,11.66,13108.94
2017-06-08,11.87,11.91,12.02,11.75,14021.51
2017-06-09,11.96,11.66,11.96,11.63,10784.86
2017-06-12,11.68,11.48,11.7,11.45,6483.1
2017-06-13,11.48,11.59,11.65,11.47,4749.18
2017-06-14,11.62,11.54,11.66,11.5,3520.0
2017-06-15,11.52,11.76,11.83,11.48,8477.51
2017-06-16,11.76,11.71,11.86,11.64,9512.0
2017-06-19,11.7,11.67,11.8,11.65,4785.18
2017-06-20,11.76,11.68,11.76,11.6,6016.4
2017-06-21,11.72,11.68,11.76,11.6,5515.0
2017-06-22,11.76,11.56,11.77,11.55,9457.36
2017-06-23,11.56,11.68,11.76,11.16,22522.47
2017-06-26,11.72,11.65,11.72,11.56,6120.4
2017-06-27,11.65,11.52,11.71,11.43,8198.99
2017-06-28,11.52,11.41,11.52,11.38,6045.0
2017-06-29,11.35,11.53,11.64,11.34,13015.28
2017-06-30,11.53,11.88,11.99,11.5,29867.53
2017-07-03,11.85,12.13,12.33,11.85,27929.78
2017-07-04,12.14,12.06,12.2,11.96,9773.2
2017-07-05,12.13,12.17,12.25,11.84,13539.6
2017-07-06,12.11,12.14,12.26,12.01,10407.99
2017-07-07,12.11,12.14,12.34,11.97,9347.02
2017-07-10,12.15,12.11,12.27,12.02,7228.6
2017-07-11,12.09,11.97,12.12,11.86,15766.84
2017-07-12,11.95,12.09,12.21,11.81,10307.0
2017-07-13,12.06,12.13,12.22,12.02,5728.0
2017-07-14,12.23,12.76,12.8,12.12,45762.54
2017-07-17,12.72,12.24,12.87,12.13,29044.59
2017-07-18,12.05,12.33,12.45,11.94,15488.01
2017-07-19,12.32,12.62,12.78,11.99,23241.17
2017-07-20,12.45,12.83,12.96,12.45,31960.5
2017-07-21,12.83,12.88,12.93,12.64,18479.5
2017-07-24,12.79,12.65,13.01,12.62,19670.02
2017-07-25,12.63,12.73,12.77,12.38,13266.8
2017-07-26,12.72,12.61,12.85,12.43,13161.0
2017-07-27,12.49,12.81,12.87,12.36,17838.96
2017-07-28,12.81,12.8,13.05,12.7,20155.0
2017-07-31,12.81,12.81,13.02,12.75,18368.6
2017-08-01,12.77,12.7,12.9,12.52,13756.42
2017-08-02,12.71,13.12,13.22,12.63,51122.12
2017-08-03,13.22,13.57,13.9,13.12,73411.06
2017-08-04,13.53,13.3,13.62,13.18,29256.01
2017-08-07,13.19,13.2,13.35,12.98,18404.1
2017-08-08,13.21,12.79,13.26,12.77,31537.29
2017-08-09,12.8,12.66,12.87,12.37,30771.6
2017-08-10,12.58,12.39,12.66,12.36,23238.62
2017-08-11,12.34,12.5,12.52,12.3,11895.74
2017-08-14,12.54,12.5,12.66,12.49,11880.06
2017-08-15,12.58,12.63,12.94,12.58,15946.0
2017-08-16,12.6,12.57,12.73,12.49,9778.0
2017-08-17,12.47,12.53,12.59,12.43,7261.8
2017-08-18,12.51,12.38,12.51,12.23,12454.64
2017-08-21,12.38,12.32,12.46,12.28,8972.4
2017-08-22,12.31,12.27,12.43,12.25,9134.0
2017-08-23,12.27,12.3,12.35,12.25,7370.0
2017-08-24,12.24,12.18,12.35,12.18,6247.4
2017-08-25,12.22,12.3,12.36,12.2,5221.65
2017-08-28,12.36,12.41,12.5,12.29,10199.46
2017-08-29,12.42,12.57,12.66,12.39,20506.85
2017-08-30,12.61,12.48,12.61,12.4,10283.66
2017-08-31,12.47,12.55,12.67,12.29,13390.24
2017-09-01,12.54,12.54,12.6,12.46,6708.08
2017-09-04,12.56,12.64,12.68,12.38,18684.13
2017-09-05,12.69,12.34,12.71,12.21,24786.0
2017-09-06,12.28,12.27,12.35,12.23,7554.0
2017-09-07,12.27,12.22,12.33,12.21,6930.0
2017-09-08,12.18,12.27,12.32,12.18,5003.1
2017-09-11,12.3,12.26,12.4,12.18,7877.4
2017-09-12,12.35,12.15,12.35,12.14,7002.14
2017-09-13,12.16,12.19,12.21,12.16,3281.0
2017-09-14,12.19,12.66,13.23,12.15,43933.06
2017-09-15,12.6,12.53,12.62,12.37,23497.12
2017-09-18,12.45,12.32,12.53,12.22,16854.76
2017-09-19,12.31,12.39,12.53,12.29,20736.02
2017-09-20,12.81,12.41,12.81,12.35,15168.12
2017-09-21,12.43,12.25,12.43,12.25,9532.0
2017-09-22,12.29,12.3,12.33,12.16,6725.79
2017-09-25,12.2,12.01,12.22,11.99,7789.0
2017-09-26,12.03,12.04,12.13,12.01,3264.46
2017-09-27,12.09,12.07,12.15,11.99,3122.88
2017-09-28,12.21,12.34,12.56,12.02,26159.43
2017-09-29,12.35,12.62,12.69,12.28,32572.18
2017-10-09,12.62,12.72,12.76,12.54,13679.59
2017-10-10,12.6,12.76,12.77,12.54,17022.43
2017-10-11,12.71,12.72,12.85,12.63,9010.02
2017-10-12,12.67,12.62,12.72,12.55,7129.04
2017-10-13,12.66,12.54,12.66,12.53,7391.09
2017-10-16,12.66,12.49,12.66,12.46,7586.0
2017-10-17,12.49,13.03,13.17,12.48,38790.9
2017-10-18,12.97,13.07,13.65,12.89,54706.04
2017-10-19,12.98,12.79,13.29,12.76,22543.53
2017-10-20,12.84,13.33,13.6,12.75,32396.63
2017-10-23,13.33,13.75,13.9,13.23,61626.65
2017-10-24,13.67,13.72,13.9,13.51,27024.9
2017-10-25,13.74,13.67,13.77,13.49,17200.16
2017-10-26,13.65,13.67,13.8,13.49,10719.14
2017-10-27,13.7,13.65,13.77,13.42,15029.04
2017-10-30,13.45,13.1,13.77,13.05,18864.65
2017-10-31,13.1,13.19,13.27,12.82,21524.26
2018-04-13,11.87,11.87,11.87,11.87,4978.0
2018-04-16,10.69,11.22,11.25,10.69,167535.2
2018-04-17,10.69,11.42,11.52,10.59,98969.66
2018-04-18,11.42,10.96,11.43,10.91,25312.2
2018-04-19,10.82,10.8,10.93,10.44,65763.6
2018-04-20,10.62,10.68,10.78,10.29,73284.57
2018-04-23,10.55,10.44,10.58,10.31,38339.43
2018-04-24,10.44,10.42,10.49,10.3,59351.89
2018-04-25,10.32,10.41,10.49,10.27,63840.4
2018-04-26,10.41,10.14,10.49,9.93,38805.7
2018-04-27,10.22,10.1,10.22,9.95,17148.0
2018-05-02,10.1,9.93,10.13,9.88,14498.44
2018-05-03,9.93,9.94,10.03,9.78,30076.72
2018-05-04,9.85,9.94,9.98,9.83,19974.68
2018-05-07,9.94,9.97,9.97,9.86,17885.72
2018-05-08,9.98,10.03,10.08,9.9,12161.46
2018-05-09,10.02,9.99,10.05,9.94,8789.01
2018-05-10,9.96,10.02,10.04,9.96,9063.55
2018-05-11,10.04,10.52,11.02,10.03,33616.67
2018-05-14,10.44,10.56,11.01,10.25,28696.33
2018-05-15,10.42,10.36,10.53,10.14,17016.14
2018-05-16,10.23,10.28,10.33,10.18,8732.0
2018-05-17,10.25,10.32,10.36,10.19,8361.57
2018-05-18,10.3,10.14,10.37,10.06,9952.02
2018-05-21,10.18,10.18,10.28,10.09,12843.02
2018-05-22,10.2,10.07,10.21,10.06,10560.0
2018-05-23,10.06,9.96,10.06,9.87,10737.13
2018-05-24,9.9,9.99,9.99,9.83,12166.64
2018-05-25,9.84,9.95,10.02,9.84,6256.72
2018-05-28,9.99,9.96,9.99,9.36,11078.0
2018-05-29,9.92,9.92,9.99,9.79,5619.72
2018-05-30,9.83,9.85,9.97,9.39,11655.5
2018-05-31,9.82,9.86,10.33,9.54,6829.02
2018-06-01,9.75,9.77,10.0,9.64,8139.02
2018-06-04,9.86,9.78,9.86,9.59,6923.0
2018-06-05,9.78,9.75,9.79,9.64,7680.24
2018-06-06,9.68,9.6,9.7,9.45,12699.04
2018-06-07,9.55,9.55,9.7,9.47,15556.02
2018-06-08,9.44,9.56,9.64,9.43,11006.0
2018-06-11,9.5,9.62,9.62,9.46,5006.0
2018-06-12,9.54,9.94,10.22,9.5,15370.86
2018-06-13,9.94,9.81,9.94,9.66,6546.8
2018-06-14,9.64,9.81,9.88,9.64,4829.0
2018-06-15,9.86,9.79,9.86,9.6,9238.0
2018-06-19,9.74,9.73,9.74,9.23,28277.0
2018-06-20,9.71,9.75,9.79,9.57,9961.28
2018-06-21,9.78,9.94,10.09,9.67,11141.8
2018-06-22,9.99,9.94,10.39,9.57,11424.0
2018-06-25,10.02,9.98,10.04,9.89,11817.34
2018-06-26,9.96,10.09,10.09,9.25,9539.74
2018-06-27,10.03,10.42,10.47,9.94,14853.34
2018-06-28,10.22,10.41,10.45,10.19,12603.71
2018-06-29,10.42,10.42,10.48,10.33,9123.57
2018-07-02,10.37,10.37,10.42,10.19,6520.76
2018-07-03,10.39,10.38,10.44,10.26,6500.0
2018-07-04,10.38,10.33,10.44,10.24,10493.5
2018-07-05,10.32,10.41,10.56,10.25,13137.78
2018-07-06,10.53,10.41,10.53,10.35,13333.46
2018-07-09,10.26,10.44,10.53,10.26,11745.0
2018-07-10,10.64,10.44,10.64,10.4,9965.02
2018-07-11,10.43,10.41,10.52,10.26,6440.0
2018-07-12,10.27,10.41,10.52,10.24,21783.0
2018-07-13,10.6,10.3,10.6,10.28,19686.38
2018-07-16,10.3,10.28,10.35,10.18,9920.48
2018-07-17,10.19,10.29,10.33,10.17,7577.48
2018-07-18,10.31,10.29,10.31,10.16,7231.0
2018-07-19,10.19,10.24,10.29,10.17,8214.99
2018-07-20,10.19,10.23,10.29,10.16,6219.0
2018-07-23,10.22,10.22,10.23,10.11,4711.0
2018-07-24,10.14,10.24,10.29,10.14,5652.0
2018-07-25,10.3,10.27,10.32,10.17,4935.45
2018-07-26,10.2,10.27,10.31,10.2,3825.0
2018-07-27,10.24,10.22,10.3,10.19,6437.93
2018-07-30,10.2,10.2,10.22,9.95,6340.93
2018-07-31,10.3,10.2,10.3,10.11,5176.0
2018-08-01,10.16,10.19,10.2,10.07,3515.0
2018-08-02,9.99,10.42,10.53,9.97,7700.0
2018-08-03,10.38,10.43,10.47,10.31,7411.0
2018-08-06,10.43,10.43,10.43,10.2,6402.29
2018-08-07,10.44,10.35,10.44,10.27,6943.0
2018-08-08,10.37,10.34,10.37,10.18,3317.48
2018-08-09,10.27,10.4,10.44,10.27,4702.0
2018-08-10,10.31,10.52,10.52,10.25,7630.4
2018-08-13,10.52,10.43,10.52,10.33,4027.84
2018-08-14,10.42,10.54,10.54,10.29,7623.0
2018-08-15,10.56,10.7,10.72,10.34,7773.4
2018-08-16,10.71,11.13,11.17,10.49,25846.86
2018-08-17,11.13,11.39,11.46,10.83,19978.48
2018-08-20,11.31,11.55,11.59,10.92,20748.84
2018-08-21,11.42,11.33,11.52,11.18,18437.2
2018-08-22,11.2,11.25,11.37,10.97,9447.0
2018-08-23,11.26,11.27,11.37,11.12,13703.5
2018-08-24,11.12,11.29,11.31,11.03,5576.0
2018-08-27,11.29,11.35,11.55,11.12,5485.66
2018-08-28,11.23,11.25,11.35,11.08,8563.98
2018-08-29,11.11,11.23,11.25,11.11,2805.0
2018-08-30,11.07,11.33,11.37,10.78,6608.0
2018-08-31,11.27,11.34,11.35,11.13,5999.0
2018-09-03,11.38,11.32,11.38,11.22,5011.88
2018-09-04,11.41,11.19,11.41,11.05,6941.53
2018-09-05,10.86,11.23,11.25,10.77,5424.0
2018-09-06,11.14,11.46,11.46,11.04,7703.13
2018-09-07,11.37,11.45,11.45,11.21,6811.02
2018-09-10,11.44,11.63,11.64,11.23,4677.42
2018-09-11,11.57,11.85,11.85,11.45,12106.6
2018-09-12,11.76,11.87,12.02,11.67,12188.48
2018-09-13,11.87,11.9,11.97,11.47,6295.4
2018-09-14,11.74,11.9,11.91,11.62,8224.48
2018-09-17,11.72,11.82,11.92,11.48,9655.0
2018-09-18,11.71,11.89,11.89,11.6,4528.0
2018-09-19,11.85,11.83,11.9,11.76,3776.02
2018-09-20,11.81,11.89,11.99,11.62,5431.0
2018-09-21,11.95,12.05,12.05,11.8,5708.0
2018-09-25,12.05,12.19,12.19,11.8,14759.34
2018-09-26,12.09,12.32,12.35,11.89,17122.54
2018-09-27,12.06,12.34,12.36,12.03,13540.0
2018-09-28,12.15,12.35,12.38,12.09,9653.2
2018-10-08,12.24,12.38,12.4,11.77,20181.0
2018-10-09,12.36,12.37,12.38,12.11,14830.0
2018-10-10,12.37,12.38,12.39,12.14,27086.16
2018-10-11,12.18,12.13,12.23,11.96,35894.2
2018-10-12,11.96,10.91,12.03,10.91,10608.0
2018-10-15,9.96,10.52,10.83,9.83,28043.3
2018-10-16,10.17,9.58,10.17,9.47,27746.0
2018-10-17,9.38,8.62,9.49,8.62,22840.0
2018-10-18,7.76,7.76,7.76,7.76,1944.0
2018-10-19,6.98,6.98,6.98,6.98,1809.0
2018-10-22,6.29,6.58,7.28,6.29,901504.25
2018-10-23,6.3,5.93,6.46,5.93,698072.36
2018-10-24,5.97,6.13,6.25,5.89,474358.14
2018-10-25,5.79,5.99,6.09,5.7,318248.01
2018-10-26,6.02,6.05,6.24,5.99,312340.94
2018-10-29,5.99,5.78,6.02,5.59,272983.45
2018-10-30,5.69,5.75,5.84,5.55,219727.18
2018-10-31,5.75,5.74,5.79,5.71,236455.69
2018-11-01,5.74,5.9,6.03,5.65,405100.08
2018-11-02,5.87,5.98,6.02,5.85,310685.69
2018-11-05,5.99,6.1,6.14,5.92,334236.1
2018-11-06,6.05,5.91,6.05,5.82,215336.25
2018-11-07,5.89,5.87,5.97,5.85,170251.52
2018-11-08,5.91,5.88,5.95,5.83,158219.51
2018-11-09,5.84,5.7,5.84,5.69,167389.35
2018-11-12,5.74,5.98,6.07,5.72,289803.86
2018-11-13,5.91,6.17,6.23,5.88,407818.32
2018-11-14,6.25,6.13,6.27,6.08,286780.84
2018-11-15,6.09,6.13,6.16,6.03,219414.0
2018-11-16,6.15,6.09,6.17,6.05,196456.0
2018-11-19,6.07,6.24,6.24,6.03,269455.29
2018-11-20,6.16,6.07,6.29,6.04,253383.79
2018-11-21,5.97,6.17,6.19,5.88,166560.02
2018-11-22,6.23,6.15,6.26,6.12,159289.4
2018-11-23,6.17,5.87,6.18,5.73,210185.42
2018-11-26,5.99,6.19,6.44,5.91,361944.0
2018-11-27,6.13,6.1,6.33,6.05,224548.06
2018-11-28,6.04,5.93,6.06,5.75,179956.0
2018-11-29,5.93,5.76,5.96,5.72,131779.0
2018-11-30,5.72,5.65,5.74,5.49,141682.95
2018-12-03,5.74,5.79,5.82,5.68,132591.95
2018-12-04,5.79,5.77,5.79,5.7,104082.43
2018-12-05,5.65,5.71,5.76,5.6,87747.0
2018-12-06,5.67,5.58,5.71,5.58,83467.0
2018-12-07,5.59,5.59,5.65,5.58,50173.91
2018-12-10,5.75,5.79,5.95,5.72,231289.84
2018-12-11,5.69,5.75,5.75,5.64,140379.43
2018-12-12,5.75,5.73,5.82,5.71,99819.88
2018-12-13,5.71,5.7,5.74,5.63,132110.96
2018-12-14,5.69,5.52,5.69,5.51,118699.48
2018-12-17,5.49,5.39,5.49,5.27,85248.29
2018-12-18,5.34,5.38,5.42,5.31,63910.82
2018-12-19,5.42,5.32,5.43,5.3,72891.16
2018-12-20,5.34,5.33,5.34,5.24,75771.4
2018-12-21,5.3,5.26,5.31,5.2,54835.4
2018-12-24,5.26,5.27,5.29,5.21,49167.0
2018-12-25,5.16,5.01,5.2,4.86,112569.2
2018-12-26,4.99,4.93,5.06,4.93,46167.75
2018-12-27,5.02,4.66,5.02,4.64,77027.43
2018-12-28,4.69,4.72,4.77,4.68,68049.77
2019-01-02,4.74,5.19,5.19,4.71,192503.75
2019-01-03,5.22,5.03,5.24,4.99,193741.88
2019-01-04,4.9,5.04,5.09,4.84,128967.45
2019-01-07,5.06,5.06,5.1,4.99,100994.69
2019-01-08,5.06,5.03,5.06,4.97,74196.75
2019-01-09,5.03,4.98,5.12,4.98,130555.92
2019-01-10,4.81,4.84,4.92,4.78,116002.75
2019-01-11,4.92,4.92,5.08,4.88,97455.75
2019-01-14,4.92,4.83,4.95,4.82,63838.44
2019-01-15,4.81,4.87,4.88,4.79,61368.46
2019-01-16,4.85,4.81,4.87,4.79,74407.0
2019-01-17,4.83,4.74,4.83,4.72,56229.48
2019-01-18,4.75,4.78,4.78,4.7,59587.75
2019-01-21,4.79,4.87,4.92,4.75,87068.0
2019-01-22,4.86,4.81,4.86,4.72,83660.02
2019-01-23,4.78,4.74,4.79,4.73,32763.74
2019-01-24,4.75,4.74,4.78,4.72,45737.04
2019-01-25,4.73,4.74,4.84,4.73,56376.4
2019-01-28,4.74,4.58,4.78,4.56,62360.9
2019-01-29,4.61,4.39,4.64,4.31,59187.49
2019-01-30,4.35,4.48,4.58,4.35,75752.02
2019-01-31,4.43,4.37,4.5,4.29,56670.0
2019-02-01,4.39,4.54,4.54,4.39,36600.92
2019-02-11,4.58,4.65,4.65,4.52,44896.6
2019-02-12,4.65,4.71,4.72,4.62,55331.4
2019-02-13,4.72,4.73,4.76,4.66,76553.44
2019-02-14,4.73,4.84,5.04,4.7,132332.82
2019-02-15,4.79,4.76,4.85,4.74,87496.0
2019-02-18,4.79,4.89,4.9,4.77,80815.42
2019-02-19,4.97,5.17,5.26,4.93,311352.0
2019-02-20,5.11,5.13,5.19,5.02,183129.62
2019-02-21,5.13,5.22,5.43,5.09,262925.66
2019-02-22,5.23,5.32,5.34,5.15,190419.69
2019-02-25,5.29,5.67,5.69,5.29,313713.39
2019-02-26,5.72,5.52,5.72,5.4,288945.5
2019-02-27,5.51,5.44,5.56,5.36,181042.63
2019-02-28,5.45,5.47,5.56,5.42,130366.24
2019-03-01,5.53,5.44,5.53,5.35,121815.17
2019-03-04,5.49,5.49,5.63,5.45,254740.2
2019-03-05,5.49,5.65,5.66,5.45,209904.52
2019-03-06,5.66,5.86,6.05,5.54,330843.58
2019-03-07,5.87,6.09,6.17,5.8,316705.47
2019-03-08,5.99,5.54,5.99,5.54,267708.53
2019-03-11,5.54,5.66,5.7,5.41,176784.01
2019-03-12,5.68,5.95,6.11,5.63,321147.12
2019-03-13,6.14,6.53,6.54,5.94,553617.55
2019-03-14,6.29,6.05,6.45,5.97,285961.21
2019-03-15,6.07,6.45,6.52,6.06,334343.72
2019-03-18,6.41,6.43,6.5,6.21,216036.91
2019-03-19,6.46,6.56,6.78,6.34,266433.88
2019-03-20,6.56,6.39,6.56,6.24,232078.59
2019-03-21,6.38,6.39,6.53,6.24,236116.86
2019-03-22,6.38,6.28,6.38,6.19,148917.24
2019-03-25,6.14,6.07,6.19,6.07,116802.0
2019-03-26,6.09,5.82,6.15,5.77,138348.77
2019-03-27,5.85,5.82,5.94,5.72,104078.02
2019-03-28,5.8,5.7,5.88,5.7,78199.02
2019-03-29,5.71,5.82,5.85,5.56,117737.26
2019-04-01,5.85,6.01,6.04,5.82,130131.24
2019-04-02,6.02,6.04,6.08,5.95,154893.02
2019-04-03,6.02,6.2,6.22,5.99,184557.5
2019-04-04,6.24,6.11,6.25,6.07,145713.82
2019-04-08,6.12,6.05,6.17,5.94,144474.1
2019-04-09,6.04,6.09,6.12,6.01,113040.08
2019-04-10,6.09,6.2,6.2,5.97,181578.93
2019-04-11,6.21,6.3,6.47,6.18,337271.09
2019-04-12,6.26,6.12,6.3,6.11,154575.42
2019-04-15,6.17,6.16,6.4,6.15,202498.32
2019-04-16,6.12,6.41,6.47,5.93,332297.76
2019-04-17,6.51,7.05,7.05,6.5,517936.99
2019-04-18,7.05,6.79,7.05,6.6,633876.21
2019-04-19,6.66,7.1,7.34,6.61,482463.62
2019-04-22,7.01,6.67,7.04,6.62,299814.2
2019-04-23,6.61,6.32,6.63,6.29,231623.44
2019-04-24,6.33,6.41,6.41,6.25,139768.62
2019-04-25,6.36,5.8,6.36,5.79,263322.0
2019-04-26,5.74,5.67,5.88,5.64,133786.66
2019-04-29,5.65,5.28,5.71,5.16,136926.68
2019-04-30,5.28,5.35,5.46,5.24,86826.02
2019-05-06,5.03,5.1,5.17,4.85,141857.42
2019-05-07,5.08,5.11,5.17,5.03,98167.13
2019-05-08,4.89,5.02,5.13,4.88,64663.03
2019-05-09,5.05,4.92,5.06,4.89,70657.42
2019-05-10,4.98,5.04,5.04,4.78,104537.54
2019-05-13,4.97,4.95,5.04,4.92,63616.49
2019-05-14,4.89,4.88,4.97,4.86,73203.82
2019-05-15,4.99,5.01,5.03,4.9,85967.6
2019-05-16,5.01,5.11,5.18,4.98,102697.19
2019-05-17,5.13,4.86,5.17,4.82,91296.39
2019-05-20,4.85,4.67,4.85,4.51,90735.8
2019-05-21,4.66,4.78,4.79,4.61,68238.82
2019-05-22,4.79,4.72,4.83,4.69,44835.0
2019-05-23,4.72,4.62,4.78,4.61,58311.0
2019-05-24,4.59,4.66,4.77,4.59,45092.02
2019-05-27,4.68,4.76,4.76,4.57,52065.06
2019-05-28,4.75,4.72,4.81,4.71,59954.46
2019-05-29,4.72,4.67,4.74,4.64,51371.62
2019-05-30,4.66,4.6,4.68,4.54,49399.34
2019-05-31,4.61,4.58,4.67,4.57,41098.0
2019-06-03,4.59,4.48,4.63,4.47,51442.8
2019-06-04,4.49,4.4,4.51,4.39,46005.02
2019-06-05,4.45,4.38,4.49,4.37,42756.0
2019-06-06,4.37,4.26,4.4,4.24,51490.94
2019-06-10,4.26,4.28,4.31,4.22,59833.4
2019-06-11,4.28,4.43,4.46,4.26,93712.0
2019-06-12,4.43,4.36,4.44,4.35,72534.96
2019-06-13,4.36,4.39,4.41,4.32,65665.4
2019-06-14,4.41,4.25,4.41,4.23,81276.56
2019-06-17,4.25,4.26,4.29,4.21,43423.4
2019-06-18,4.28,4.21,4.28,4.19,46963.67
2019-06-19,4.27,4.34,4.43,4.26,125789.64
2019-06-20,4.31,4.37,4.39,4.29,124472.2
2019-06-21,4.39,4.47,4.49,4.36,113448.47
2019-06-24,4.49,4.5,4.6,4.44,88560.82
2019-06-25,4.51,4.44,4.52,4.37,65036.19
2019-06-26,4.42,4.42,4.46,4.39,39492.04
2019-06-27,4.44,4.41,4.47,4.4,44446.32
2019-06-28,4.42,4.34,4.43,4.28,63611.47
2019-07-01,4.41,4.51,4.53,4.38,77871.51
2019-07-02,4.52,4.51,4.53,4.45,71123.06
2019-07-03,4.53,4.47,4.53,4.45,58361.54
2019-07-04,4.48,4.47,4.56,4.43,96680.97
2019-07-05,4.46,4.43,4.46,4.37,58471.96
2019-07-08,4.44,4.27,4.45,4.23,74587.46
2019-07-09,4.28,4.23,4.29,4.18,54635.0
2019-07-10,4.21,4.15,4.25,4.1,64627.26
2019-07-11,4.16,4.11,4.2,4.09,49115.46
2019-07-12,4.11,4.12,4.16,4.06,38056.02
2019-07-15,4.1,4.22,4.23,3.96,73542.91
2019-07-16,4.21,4.19,4.26,4.16,43233.89
2019-07-17,4.17,4.17,4.23,4.15,31000.02
2019-07-18,4.15,4.14,4.19,4.09,40317.24
2019-07-19,4.14,4.17,4.23,4.14,34365.07
2019-07-22,4.2,4.06,4.21,4.05,44208.79
2019-07-23,4.06,4.09,4.13,4.06,20221.09
2019-07-24,4.12,4.13,4.18,4.09,29846.0
2019-07-25,4.1,4.11,4.15,4.08,31266.83
2019-07-26,4.1,4.07,4.11,4.06,35061.02
2019-07-29,4.07,3.99,4.07,3.96,51555.09
2019-07-30,3.99,4.02,4.05,3.98,35446.65
2019-07-31,4.01,4.03,4.06,3.99,41985.48
2019-08-01,4.01,3.94,4.03,3.91,62570.4
2019-08-02,3.73,3.77,3.83,3.73,52596.0
2019-08-05,3.72,3.65,3.72,3.62,58884.47
2019-08-06,3.59,3.48,3.61,3.32,92605.09
2019-08-07,3.5,3.49,3.53,3.47,43976.93
2019-08-08,3.51,3.57,3.58,3.51,48839.73
2019-08-09,3.59,3.47,3.62,3.47,41025.4
2019-08-12,3.5,3.57,3.58,3.5,39962.0
2019-08-13,3.58,3.54,3.59,3.52,29659.59
2019-08-14,3.57,3.53,3.62,3.51,33875.76
2019-08-15,3.42,3.57,3.57,3.41,42004.0
2019-08-16,3.59,3.59,3.63,3.53,42165.98
2019-08-19,3.95,3.8,3.95,3.72,157297.21
2019-08-20,3.84,3.88,4.18,3.78,171452.43
2019-08-21,3.86,4.27,4.27,3.84,248769.01
2019-08-22,4.43,4.7,4.7,4.38,344634.09
2019-08-23,4.93,5.17,5.17,4.43,627870.15
2019-08-26,5.08,5.69,5.69,4.99,844593.13
2019-08-27,5.34,5.56,6.02,5.29,901891.66
2019-08-28,5.49,5.2,5.8,5.15,619069.3
2019-08-29,5.23,5.72,5.72,5.23,497607.6
2019-08-30,6.02,5.66,6.19,5.44,1018146.19
2019-09-02,5.31,6.23,6.23,5.09,678919.54
2019-09-03,6.66,6.2,6.85,6.11,1332849.95
2019-09-04,5.78,5.98,6.17,5.7,944418.44
2019-09-05,5.82,5.75,6.02,5.74,684940.19
2019-09-06,5.66,5.58,5.89,5.41,538780.41
2019-09-09,5.6,5.56,5.65,5.44,372799.29
2019-09-10,5.59,5.52,5.63,5.47,367300.65
2019-09-11,5.52,5.36,5.52,5.29,355209.36
2019-09-12,5.37,5.43,5.48,5.35,265605.31
2019-09-16,5.49,5.46,5.55,5.4,270635.21
2019-09-17,5.45,5.51,5.63,5.41,375099.63
2019-09-18,5.47,5.27,5.48,5.1,337297.55
2019-09-19,5.22,5.09,5.22,4.94,296380.19
2019-09-20,5.09,5.12,5.19,5.02,205569.0
2019-09-23,5.09,5.03,5.09,4.88,232399.0
2019-09-24,5.01,4.97,5.05,4.95,157533.0
2019-09-25,4.96,4.79,4.99,4.72,188766.02
2019-09-26,4.79,4.63,4.93,4.59,186376.0
2019-09-27,4.66,4.67,4.74,4.62,140391.41
2019-09-30,4.7,4.59,4.8,4.58,101202.07
2019-10-08,4.61,4.64,4.73,4.61,112784.41
2019-10-09,4.61,4.74,4.81,4.61,171521.0
2019-10-10,4.73,4.74,4.77,4.62,171759.0
2019-10-11,4.78,4.68,4.79,4.61,175666.68
2019-10-14,4.72,4.79,4.83,4.68,192029.68
2019-10-15,4.79,4.71,4.84,4.66,135547.0
2019-10-16,4.8,5.18,5.18,4.72,248509.37
2019-10-17,5.13,4.99,5.13,4.88,457688.41
2019-10-18,4.86,4.75,4.96,4.71,247597.29
2019-10-21,4.75,4.48,4.78,4.41,192057.29
2019-10-22,4.49,4.49,4.51,4.41,107279.66
2019-10-23,4.48,4.45,4.53,4.43,101177.0
2019-10-24,4.45,4.43,4.49,4.41,79471.0
2019-10-25,4.42,4.43,4.45,4.31,123560.0
2019-10-28,4.38,4.49,4.52,4.38,108242.0
2019-10-29,4.5,4.3,4.51,4.29,155638.0
2019-10-30,4.29,4.22,4.38,4.21,115193.0
2019-10-31,4.24,4.14,4.27,4.13,78568.0
2019-11-01,4.25,4.21,4.25,4.14,64585.0
2019-11-04,4.24,4.22,4.29,4.19,75527.0
2019-11-05,4.22,4.23,4.26,4.11,96968.24
2019-11-06,4.25,4.26,4.32,4.2,130794.29
2019-11-07,4.26,4.25,4.26,4.18,98564.24
2019-11-08,4.29,4.29,4.35,4.26,145799.6
2019-11-11,4.28,4.13,4.28,4.08,116772.0
2019-11-12,4.11,4.21,4.25,4.02,115670.66
2019-11-13,4.22,4.11,4.22,4.07,106092.88
2019-11-14,4.06,4.13,4.18,4.05,76973.41
2019-11-15,4.1,4.14,4.16,4.05,85198.0
2019-11-18,4.13,4.22,4.34,4.08,119778.07
2019-11-19,4.18,4.3,4.3,4.17,133279.9
2019-11-20,4.29,4.34,4.38,4.24,178141.9
2019-11-21,4.26,4.32,4.32,4.19,124865.47
2019-11-22,4.32,4.2,4.37,4.15,121488.0
2019-11-25,4.19,4.16,4.23,4.13,63378.0
2019-11-26,4.21,4.28,4.55,4.2,176121.41
2019-11-27,4.16,4.14,4.22,4.12,120028.2
2019-11-28,4.1,4.06,4.12,4.03,80267.0
2019-11-29,4.07,4.02,4.1,3.98,60047.0
2019-12-02,3.99,4.01,4.05,3.98,51028.0
2019-12-03,4.01,4.05,4.06,3.97,39941.0
2019-12-04,4.0,4.04,4.05,3.99,44899.0
2019-12-05,4.04,4.07,4.09,4.04,56437.02
2019-12-06,4.06,4.13,4.13,4.06,65199.75
2019-12-09,4.13,4.14,4.17,4.11,55229.92
2019-12-10,4.14,4.14,4.17,4.1,67202.0
2019-12-11,4.15,4.2,4.3,4.1,118664.29
2019-12-12,4.18,4.09,4.2,4.07,101547.57
2019-12-13,4.1,4.13,4.13,4.08,74777.0
2019-12-16,4.14,4.22,4.23,4.11,114344.06
2019-12-17,4.24,4.3,4.33,4.2,144743.02
2019-12-18,4.3,4.31,4.37,4.27,108244.0
2019-12-19,4.36,4.34,4.42,4.31,112370.65
2019-12-20,4.33,4.3,4.39,4.3,72827.0
2019-12-23,4.29,4.2,4.34,4.17,75672.6
2019-12-24,4.25,4.2,4.25,4.13,67820.72
2019-12-25,4.2,4.18,4.23,4.14,75506.27
2019-12-26,4.2,4.27,4.28,4.17,79546.2
2019-12-27,4.27,4.21,4.31,4.2,81337.4
2019-12-30,4.2,4.17,4.23,4.12,84540.0
2019-12-31,4.16,4.14,4.19,4.1,65784.0
2020-01-02,4.16,4.24,4.24,4.16,94135.04
2020-01-03,4.24,4.29,4.31,4.22,109413.38
2020-01-06,4.26,4.3,4.35,4.22,126326.99
2020-01-07,4.29,4.36,4.37,4.27,122196.16
2020-01-08,4.32,4.28,4.37,4.25,113728.0
2020-01-09,4.3,4.32,4.36,4.28,95017.01
2020-01-10,4.35,4.29,4.49,4.27,238296.11
2020-01-13,4.32,4.31,4.35,4.24,115494.55
2020-01-14,4.28,4.28,4.34,4.28,94710.99
2020-01-15,4.28,4.21,4.29,4.17,95380.96
2020-01-16,4.22,4.14,4.23,4.13,59958.0
2020-01-17,4.16,4.1,4.17,4.09,54958.48
2020-01-20,4.1,4.14,4.16,4.05,51427.11
2020-01-21,4.14,4.09,4.15,4.08,50332.0
2020-01-22,4.06,4.08,4.11,3.97,69157.87
2020-01-23,4.09,3.96,4.1,3.9,97920.82
2020-02-03,3.56,3.56,3.56,3.56,12157.0
2020-02-04,3.2,3.41,3.43,3.2,132349.45
2020-02-05,3.4,3.47,3.55,3.36,91436.87
2020-02-06,3.47,3.51,3.54,3.42,88169.11
2020-02-07,3.55,3.59,3.6,3.5,68663.65
2020-02-10,3.56,3.65,3.67,3.54,68172.87
2020-02-11,3.65,3.64,3.71,3.61,70250.12
2020-02-12,3.64,3.7,3.71,3.61,56314.1
2020-02-13,3.69,3.58,3.74,3.51,99469.84
2020-02-14,3.58,3.62,3.65,3.56,62113.0
2020-02-17,3.63,3.74,3.74,3.62,72141.44
2020-02-18,3.73,3.78,3.8,3.71,76948.0
2020-02-19,3.73,3.72,3.8,3.72,71716.0
2020-02-20,3.74,3.83,3.85,3.71,101847.0
2020-02-21,3.84,3.86,3.9,3.83,70868.63
2020-02-24,3.88,3.85,3.92,3.78,86961.26
2020-02-25,3.78,3.75,3.78,3.63,116933.0
2020-02-26,3.69,3.76,3.86,3.68,109083.55
2020-02-27,3.77,3.73,3.82,3.72,57110.58
2020-02-28,3.66,3.54,3.67,3.54,101687.14
2020-03-02,3.58,3.7,3.7,3.56,64860.41
2020-03-03,3.74,3.75,3.8,3.67,83142.53
2020-03-04,3.74,3.88,3.88,3.72,136073.92
2020-03-05,3.9,3.94,3.94,3.85,117116.52
2020-03-06,3.89,3.9,3.95,3.84,79116.0
2020-03-09,3.87,3.75,3.88,3.74,97262.0
2020-03-10,3.71,3.81,3.82,3.63,87755.4
2020-03-11,3.82,3.84,3.92,3.79,98148.01
2020-03-12,3.8,3.73,3.84,3.7,62238.52
2020-03-13,3.5,3.66,3.7,3.47,73386.35
2020-03-16,3.7,3.57,3.78,3.53,77778.65
2020-03-17,3.58,3.52,3.67,3.45,66052.69
2020-03-18,3.57,3.37,3.57,3.35,86778.02
2020-03-19,3.35,3.39,3.47,3.31,73558.0
2020-03-20,3.41,3.43,3.45,3.36,54474.8
2020-03-23,3.36,3.3,3.38,3.29,54785.0
2020-03-24,3.34,3.36,3.37,3.29,43030.84
2020-03-25,3.42,3.51,3.53,3.39,79403.0
2020-03-26,3.48,3.46,3.53,3.44,48173.0
2020-03-27,3.5,3.46,3.55,3.45,46799.4
2020-03-30,3.45,3.38,3.45,3.31,45330.0
2020-03-31,3.42,3.36,3.45,3.35,30538.65
2020-04-01,3.34,3.31,3.39,3.31,42801.02
2020-04-02,3.31,3.38,3.38,3.28,59547.02
2020-04-03,3.38,3.56,3.68,3.34,134058.9
2020-04-07,3.52,3.54,3.58,3.49,129594.07
2020-04-08,3.74,3.58,3.74,3.55,107115.1
2020-04-09,3.58,3.66,3.68,3.55,95271.02
2020-04-10,3.63,3.53,3.65,3.52,63242.1
2020-04-13,3.52,3.47,3.54,3.42,47161.1
2020-04-14,3.47,3.54,3.55,3.46,38751.0
2020-04-15,3.56,3.49,3.56,3.47,46700.0
2020-04-16,3.47,3.45,3.47,3.42,41087.0
2020-04-17,3.45,3.46,3.49,3.44,39609.0
2020-04-20,3.45,3.41,3.48,3.39,49185.0
2020-04-21,3.38,3.41,3.41,3.35,35420.02
2020-04-22,3.36,3.47,3.49,3.36,50172.04
2020-04-23,3.48,3.46,3.5,3.44,33974.02
2020-04-24,3.46,3.38,3.49,3.37,37343.0
2020-04-27,3.37,3.36,3.42,3.35,28010.8
2020-04-28,3.35,3.28,3.4,3.19,45550.0
2020-04-29,3.3,3.29,3.35,3.28,26304.67
2020-04-30,3.28,3.39,3.46,3.28,43256.0
2020-05-06,3.38,3.43,3.51,3.38,47745.0
2020-05-07,3.42,3.39,3.46,3.39,34824.48
2020-05-08,3.39,3.41,3.43,3.39,28483.0
2020-05-11,3.4,3.4,3.44,3.38,29899.0
2020-05-12,3.39,3.34,3.4,3.31,31005.0
2020-05-13,3.34,3.34,3.35,3.3,18400.0
2020-05-14,3.33,3.33,3.37,3.31,22863.0
2020-05-15,3.36,3.39,3.44,3.35,47778.89
2020-05-18,3.36,3.39,3.44,3.35,35041.23
2020-05-19,3.4,3.39,3.44,3.36,28399.04
2020-05-20,3.4,3.34,3.4,3.33,32456.0
2020-05-21,3.37,3.31,3.4,3.3,25586.02
2020-05-22,3.31,3.24,3.31,3.21,31573.0
2020-05-25,3.23,3.24,3.27,3.22,19297.0
2020-05-26,3.33,3.29,3.33,3.25,24344.0
2020-05-27,3.32,3.3,3.32,3.28,17657.0
2020-05-28,3.3,3.29,3.34,3.27,20473.12
2020-05-29,3.28,3.3,3.31,3.27,16478.0
2020-06-01,3.3,3.38,3.39,3.3,45152.12
2020-06-02,3.37,3.49,3.5,3.37,66703.11
2020-06-03,3.52,3.46,3.55,3.43,61856.12
2020-06-04,3.48,3.61,3.81,3.48,190875.68
2020-06-05,3.62,3.78,3.87,3.45,222226.51
2020-06-08,3.74,3.63,3.76,3.59,148427.57
2020-06-09,3.61,3.55,3.62,3.51,74224.56
2020-06-10,3.51,3.56,3.6,3.51,47177.79
2020-06-11,3.55,3.44,3.56,3.44,70978.0
2020-06-12,3.35,3.49,3.5,3.34,42612.12
2020-06-15,3.48,3.45,3.53,3.44,43957.1
2020-06-16,3.48,3.49,3.5,3.44,43401.34
2020-06-17,3.48,3.57,3.6,3.43,73765.0
2020-06-18,3.54,3.61,3.63,3.53,60831.0
2020-06-19,3.61,3.62,3.65,3.55,48301.01
2020-06-22,3.62,3.56,3.63,3.54,46476.81
2020-06-23,3.53,3.52,3.59,3.51,33725.54
2020-06-24,3.52,3.75,3.83,3.48,170319.02
2020-06-29,3.76,3.81,3.88,3.66,134506.9
2020-06-30,3.77,3.96,4.07,3.74,183959.46
2020-07-01,3.95,4.05,4.13,3.89,182900.28
2020-07-02,4.06,3.96,4.06,3.93,118694.92
2020-07-03,3.99,3.96,4.01,3.9,84883.01
2020-07-06,3.95,4.06,4.1,3.94,147319.0
2020-07-07,4.1,4.0,4.14,4.0,145296.32
2020-07-08,4.02,4.04,4.08,3.97,95852.8
2020-07-09,4.05,4.25,4.34,4.01,169615.6
2020-07-10,4.22,4.33,4.58,4.17,337067.02
2020-07-13,4.3,4.4,4.49,4.24,273487.16
2020-07-14,4.38,4.22,4.4,4.19,163970.0
2020-07-15,4.22,4.16,4.44,4.0,237802.39
2020-07-16,4.08,4.06,4.32,4.0,166803.74
2020-07-17,4.06,4.02,4.13,3.96,92976.8
2020-07-20,4.04,4.15,4.15,4.0,84516.02
2020-07-21,4.14,4.12,4.21,4.05,99562.53
2020-07-22,4.1,4.07,4.14,4.05,74099.02
2020-07-23,4.04,3.94,4.07,3.88,121104.02
2020-07-24,3.94,3.74,4.0,3.74,95697.56
2020-07-27,3.76,3.74,3.79,3.7,56013.08
2020-07-28,3.75,3.78,3.83,3.75,40259.04
2020-07-29,3.75,3.85,3.86,3.75,53521.1
2020-07-30,3.85,3.84,3.9,3.83,42515.0
2020-07-31,3.83,3.86,3.87,3.81,44471.2
2020-08-03,3.88,4.05,4.07,3.88,107426.07
2020-08-04,4.11,4.09,4.24,4.06,128419.42
2020-08-05,4.09,4.11,4.18,4.04,91354.18
2020-08-06,4.08,4.14,4.18,4.08,91399.0
2020-08-07,4.1,4.04,4.12,3.96,82063.2
2020-08-10,4.07,4.1,4.14,4.03,58151.18
2020-08-11,4.11,3.98,4.14,3.97,57295.0
2020-08-12,4.0,3.94,4.01,3.85,58755.08
2020-08-13,3.99,3.96,4.02,3.91,40705.0
2020-08-14,3.96,3.93,3.97,3.87,50657.4
2020-08-17,3.93,3.98,4.02,3.91,71957.0
2020-08-18,3.96,3.99,4.03,3.95,64082.34
2020-08-19,4.0,3.97,4.07,3.96,71468.0
2020-08-20,3.97,3.89,4.01,3.88,54189.02
2020-08-21,3.9,3.88,4.02,3.86,61960.0
2020-08-24,3.89,3.84,3.92,3.82,59386.0
2020-08-25,3.84,3.78,3.87,3.77,49723.0
2020-08-26,3.77,3.76,3.8,3.68,63346.38
2020-08-27,3.75,3.75,3.79,3.69,43973.74
2020-08-28,3.74,3.75,3.76,3.69,60999.28
2020-08-31,3.76,3.67,3.78,3.64,128037.0
2020-09-01,3.67,3.56,3.67,3.51,139919.2
2020-09-02,3.56,3.57,3.59,3.52,72242.06
2020-09-03,3.58,3.55,3.6,3.53,51861.0
2020-09-04,3.49,3.57,3.57,3.46,34979.0
2020-09-07,3.58,3.54,3.61,3.51,49649.02
2020-09-08,3.56,3.65,3.65,3.54,69440.02
2020-09-09,3.64,3.59,3.68,3.58,87395.0
2020-09-10,3.6,3.44,3.64,3.42,94070.71
2020-09-11,3.43,3.47,3.49,3.4,40138.0
2020-09-14,3.48,3.56,3.57,3.46,68755.4
2020-09-15,3.54,3.57,3.6,3.52,61601.0
2020-09-16,3.56,3.59,3.59,3.53,55365.4
2020-09-17,3.58,3.56,3.6,3.54,74319.58
2020-09-18,3.57,3.58,3.61,3.53,86962.04
2020-09-21,3.6,3.49,3.6,3.47,91475.0
2020-09-22,3.48,3.41,3.48,3.41,70561.0
2020-09-23,3.43,3.45,3.47,3.42,44344.0
2020-09-24,3.44,3.39,3.44,3.34,72067.0
2020-09-25,3.39,3.5,3.51,3.37,97841.54
2020-09-28,3.5,3.29,3.58,3.26,179204.64
2020-09-29,3.32,3.27,3.32,3.26,60129.54
2020-09-30,3.29,3.27,3.29,3.24,42952.04
2020-10-09,3.29,3.33,3.36,3.28,54378.0
2020-10-12,3.4,3.53,3.54,3.38,162417.3
2020-10-13,3.5,3.47,3.52,3.45,85517.96
2020-10-14,3.47,3.38,3.47,3.37,59779.02
2020-10-15,3.4,3.36,3.4,3.34,32842.0
2020-10-16,3.34,3.4,3.4,3.33,41975.24
2020-10-19,3.38,3.4,3.48,3.38,72168.0
2020-10-20,3.38,3.47,3.47,3.36,61463.64
2020-10-21,3.47,3.46,3.49,3.43,51150.0
2020-10-22,3.46,3.47,3.48,3.43,35914.0
2020-10-23,3.45,3.48,3.48,3.4,50834.0
2020-10-26,3.45,3.83,3.83,3.35,63452.0
2020-10-27,3.52,3.57,3.66,3.49,240102.9
2020-10-28,3.5,3.38,3.5,3.37,112922.0
2020-10-29,3.32,3.32,3.35,3.25,75090.9
2020-10-30,3.3,3.24,3.32,3.22,67637.02
2020-11-02,3.24,3.26,3.27,3.2,43838.99
2020-11-03,3.28,3.31,3.33,3.24,35985.99
2020-11-04,3.31,3.29,3.32,3.26,34179.0
2020-11-05,3.3,3.32,3.33,3.29,39149.0
2020-11-06,3.32,3.3,3.32,3.28,22965.0
2020-11-09,3.31,3.36,3.38,3.31,47059.0
2020-11-10,3.38,3.32,3.39,3.3,31250.0
2020-11-11,3.32,3.31,3.34,3.29,30433.0
2020-11-12,3.31,3.31,3.32,3.28,29108.02
2020-11-13,3.3,3.34,3.35,3.28,39426.86
2020-11-16,3.34,3.36,3.37,3.32,39551.99
2020-11-17,3.36,3.36,3.38,3.32,39940.4
2020-11-18,3.34,3.37,3.4,3.34,39259.0
2020-11-19,3.35,3.38,3.4,3.35,32754.39
2020-11-20,3.38,3.37,3.39,3.34,27995.39
2020-11-23,3.38,3.39,3.41,3.35,39487.0
2020-11-24,3.38,3.4,3.42,3.38,37624.0
2020-11-25,3.42,3.36,3.42,3.36,32337.0
2020-11-26,3.36,3.34,3.37,3.32,27134.39
2020-11-27,3.34,3.37,3.38,3.31,34089.0
2020-11-30,3.37,3.35,3.41,3.34,42622.39
2020-12-01,3.33,3.36,3.38,3.31,48930.18
2020-12-02,3.36,3.38,3.4,3.34,55256.0
2020-12-03,3.38,3.4,3.45,3.37,78610.0
2020-12-04,3.4,3.38,3.4,3.36,37535.67
2020-12-07,3.38,3.4,3.42,3.34,54989.0
2020-12-08,3.38,3.36,3.43,3.33,77376.86
2020-12-09,3.37,3.35,3.4,3.35,45234.0
2020-12-10,3.35,3.35,3.38,3.34,29075.4
2020-12-11,3.34,3.27,3.36,3.24,53193.0
2020-12-14,3.28,3.27,3.28,3.23,41848.0
2020-12-15,3.27,3.24,3.27,3.22,25871.14
2020-12-16,3.23,3.17,3.24,3.14,35143.0
2020-12-17,3.14,3.17,3.18,3.08,36699.48
2020-12-18,3.16,3.12,3.19,3.12,21448.24
2020-12-21,3.13,3.16,3.19,3.12,21850.0
2020-12-22,3.15,3.11,3.18,3.1,27710.0
2020-12-23,3.11,3.09,3.13,3.05,26472.02
2020-12-24,3.08,3.02,3.09,3.01,34490.4
2020-12-25,3.01,3.02,3.06,2.97,38891.0
2020-12-28,3.02,2.95,3.03,2.95,23916.02
2020-12-29,2.95,2.99,3.0,2.95,21426.0
2020-12-30,2.98,3.0,3.02,2.96,15771.42
2020-12-31,3.01,3.03,3.04,3.0,19536.24
2021-01-04,3.04,3.02,3.04,3.0,26276.3
2021-01-05,3.02,3.02,3.03,2.98,36222.34
2021-01-06,3.0,2.98,3.0,2.96,30055.0
2021-01-07,2.98,2.91,2.98,2.84,56731.0
2021-01-08,2.86,2.89,2.91,2.82,32429.7
2021-01-11,2.88,2.74,2.88,2.7,43510.66
2021-01-12,2.74,2.7,2.77,2.68,36599.5
2021-01-13,2.71,2.65,2.72,2.61,39634.7
2021-01-14,2.61,2.71,2.79,2.61,37636.44
2021-01-15,2.72,2.76,2.79,2.68,35771.2
2021-01-18,2.76,2.78,2.81,2.74,24451.58
2021-01-19,2.76,2.83,2.88,2.74,57656.1
2021-01-20,2.86,2.78,2.86,2.75,39951.02
2021-01-21,2.75,2.8,2.87,2.75,59283.02
2021-01-22,2.81,2.75,2.81,2.71,33957.06
2021-01-25,2.72,2.66,2.73,2.64,31578.0
2021-01-26,2.65,2.67,2.71,2.62,24494.34
2021-01-27,2.66,2.65,2.68,2.64,22232.0
2021-01-28,2.64,2.66,2.69,2.63,19713.0
2021-01-29,2.66,2.59,2.68,2.57,25726.7
2021-02-01,2.45,2.35,2.49,2.33,74922.05
2021-02-02,2.36,2.39,2.46,2.35,39375.34
2021-02-03,2.41,2.39,2.48,2.36,34381.0
2021-02-04,2.4,2.37,2.42,2.29,36730.0
2021-02-05,2.35,2.36,2.41,2.35,23572.0
2021-02-08,2.37,2.34,2.38,2.34,18670.02
2021-02-09,2.34,2.36,2.38,2.34,17049.96
2021-02-10,2.38,2.37,2.42,2.35,20872.0
2021-02-18,2.42,2.47,2.48,2.37,144556.91
2021-02-19,2.44,2.57,2.61,2.43,98749.07
2021-02-22,2.58,2.6,2.7,2.56,75803.66
2021-02-23,2.59,2.55,2.61,2.53,45582.0
2021-02-24,2.57,2.81,2.81,2.54,68801.77
2021-02-25,3.06,3.09,3.09,3.02,107504.53
2021-02-26,3.4,3.4,3.4,3.4,64660.0
2021-03-01,3.74,3.19,3.74,3.15,682175.18
2021-03-02,3.03,2.87,3.1,2.87,492738.2
2021-03-03,2.8,2.83,2.94,2.75,344379.66
2021-03-04,2.78,2.76,2.85,2.75,235454.66
2021-03-05,2.77,2.78,2.8,2.73,184432.7
2021-03-08,2.77,2.74,2.81,2.74,130393.0
2021-03-09,2.71,2.67,2.74,2.58,132461.68
2021-03-10,2.65,2.61,2.67,2.6,86319.0
2021-03-11,2.58,2.65,2.66,2.58,75066.65
2021-03-12,2.65,2.67,2.71,2.62,70757.99
2021-03-15,2.65,2.67,2.69,2.64,69314.0
2021-03-16,2.68,2.75,2.77,2.67,132130.0
2021-03-17,2.76,2.75,2.78,2.71,84222.0
2021-03-18,2.73,2.68,2.75,2.67,89024.68
2021-03-19,2.66,2.69,2.74,2.64,61034.0
2021-03-22,2.68,2.73,2.74,2.67,54836.0
2021-03-23,2.72,2.67,2.75,2.66,55512.0
2021-03-24,2.67,2.65,2.69,2.64,44967.0
2021-03-25,2.66,2.64,2.68,2.63,40071.0
2021-03-26,2.63,2.67,2.72,2.63,45226.0
2021-03-29,2.66,2.64,2.67,2.6,50594.0
2021-03-30,2.62,2.59,2.64,2.58,48137.0
2021-03-31,2.6,2.61,2.63,2.58,30225.0
2021-04-01,2.6,2.61,2.62,2.59,29880.0
2021-04-02,2.61,2.66,2.69,2.58,64465.68
2021-04-06,2.66,2.79,2.8,2.65,143081.0
2021-04-07,2.81,3.07,3.07,2.78,470263.06
2021-04-08,3.08,3.31,3.38,2.89,536964.91
2021-04-09,3.31,3.1,3.34,3.01,355130.98
2021-04-12,3.06,3.17,3.3,2.99,315647.02
2021-04-13,3.15,3.3,3.35,3.06,267193.02
2021-04-14,3.29,3.3,3.63,3.2,385920.46
2021-04-15,3.32,3.33,3.37,3.2,171874.52
2021-04-16,3.36,3.45,3.49,3.31,240795.08
2021-04-19,3.46,3.45,3.51,3.34,203856.98
2021-04-20,3.41,3.37,3.44,3.36,176357.04
2021-04-21,3.35,3.51,3.68,3.32,377537.95
2021-04-22,3.53,3.65,3.67,3.37,406321.02
2021-04-23,3.68,3.41,3.68,3.33,309163.46
2021-04-26,3.07,3.47,3.59,3.07,323017.15
2021-04-27,3.4,3.51,3.62,3.28,267057.06
2021-04-28,3.48,3.34,3.48,3.31,164557.39
2021-04-29,3.37,3.35,3.51,3.19,367155.46
2021-04-30,3.33,3.42,3.47,3.28,362133.0
2021-05-06,3.5,3.51,3.58,3.5,259171.06
2021-05-07,3.52,3.6,3.64,3.28,476378.72
2021-05-10,3.61,3.7,3.71,3.61,240052.7
2021-05-11,3.71,3.8,3.82,3.71,195683.26
2021-05-12,3.81,3.91,3.92,3.81,205538.42
2021-05-13,3.96,4.08,4.11,3.93,294897.23
2021-05-14,4.11,4.49,4.49,4.11,425508.62
2021-05-17,4.5,4.04,4.76,4.04,898389.26
2021-05-18,4.06,3.87,4.06,3.64,420193.5
2021-05-19,3.65,3.73,3.88,3.65,305695.12
2021-05-20,3.67,3.9,4.1,3.67,753036.37
2021-05-21,3.88,4.14,4.25,3.72,652472.79
2021-05-24,4.18,4.15,4.29,3.99,308527.82
2021-05-25,4.15,4.0,4.24,4.0,243594.0
2021-05-26,4.04,3.98,4.05,3.9,214083.0
2021-05-27,4.0,4.35,4.38,3.88,445084.76
2021-05-28,4.29,4.2,4.53,4.09,387856.8
2021-05-31,4.2,4.07,4.35,4.0,530350.2
2021-06-01,4.14,3.82,4.19,3.73,429069.2
2021-06-02,3.82,3.44,3.83,3.44,473818.0
2021-06-03,3.4,3.58,3.78,3.3,682211.21
2021-06-04,3.55,3.23,3.55,3.22,531246.0
2021-06-07,3.23,3.27,3.3,3.1,297604.96
2021-06-08,3.3,3.17,3.35,3.14,317705.0
2021-06-09,3.14,3.1,3.19,3.1,232076.6
2021-06-10,3.1,3.07,3.12,3.04,164709.0
2021-06-11,3.08,3.02,3.09,3.0,168476.96
2021-06-15,3.01,2.89,3.02,2.88,183294.7
2021-06-16,2.89,2.89,2.97,2.85,164277.44
2021-06-17,2.88,2.88,2.95,2.85,133500.0
2021-06-18,2.87,2.88,2.9,2.81,93142.16
2021-06-21,2.86,2.93,2.93,2.86,115797.98
2021-06-22,2.93,2.88,2.94,2.87,146988.96
2021-06-23,2.87,2.83,2.88,2.82,100548.0
2021-06-24,2.84,2.77,2.85,2.77,106527.06
2021-06-25,2.77,2.78,2.84,2.74,141389.0
2021-06-28,2.79,2.75,2.81,2.72,135851.0
2021-06-29,2.73,2.7,2.76,2.63,160602.0
2021-06-30,2.71,2.7,2.74,2.66,107437.0
2021-07-01,2.69,2.71,2.75,2.67,109799.0
2021-07-02,2.7,2.65,2.7,2.63,110990.02
2021-07-05,2.63,2.72,2.73,2.63,122130.46
2021-07-06,2.72,2.73,2.81,2.69,196708.55
2021-07-07,2.72,2.74,2.77,2.71,104307.0
2021-07-08,2.74,2.65,2.75,2.65,116254.02
2021-07-09,2.65,2.69,2.7,2.63,69833.0
2021-07-12,2.7,2.72,2.76,2.7,121106.0
2021-07-13,2.72,2.74,2.74,2.69,58113.0
2021-07-14,2.74,2.67,2.74,2.67,93295.0
2021-07-15,2.65,2.66,2.68,2.63,88306.0
2021-07-16,2.66,2.72,2.73,2.63,112619.6
2021-07-19,2.72,2.99,2.99,2.72,213354.95
2021-07-20,3.03,3.17,3.23,2.88,746742.25
2021-07-21,3.04,3.33,3.4,3.03,491951.65
2021-07-22,3.23,3.19,3.4,3.19,353309.0
2021-07-23,3.22,3.26,3.3,3.18,234071.0
2021-07-26,3.25,3.12,3.29,3.1,210093.0
2021-07-27,3.13,3.08,3.19,3.05,153516.0
2021-07-28,3.08,2.99,3.08,2.8,163446.71
2021-07-29,3.06,2.94,3.07,2.9,142965.35
2021-07-30,2.91,2.96,2.97,2.85,174574.0
2021-08-02,2.95,3.26,3.26,2.93,249808.95
2021-08-03,3.31,3.59,3.59,3.28,637772.45
2021-08-04,3.59,3.68,3.88,3.42,731951.53
2021-08-05,3.52,3.45,3.55,3.31,556533.2
2021-08-06,3.33,3.45,3.58,3.29,413649.0
2021-08-09,3.5,3.53,3.63,3.32,418589.52
2021-08-10,3.54,3.5,3.68,3.43,337011.0
2021-08-11,3.5,3.61,3.63,3.45,303432.04
2021-08-12,3.61,3.55,3.61,3.47,247750.0
2021-08-13,3.54,3.41,3.54,3.4,150408.4
2021-08-16,3.38,3.38,3.44,3.33,188601.4
2021-08-17,3.38,3.24,3.39,3.17,216092.4
2021-08-18,3.23,3.3,3.38,3.2,211816.96
2021-08-19,3.28,3.33,3.36,3.2,213101.0
2021-08-20,3.32,3.47,3.47,3.25,311811.85
2021-08-23,3.52,3.45,3.56,3.41,223419.0
2021-08-24,3.45,3.38,3.45,3.26,218317.0
2021-08-25,3.4,3.45,3.51,3.4,280753.52
2021-08-26,3.5,3.41,3.5,3.37,172264.0
2021-08-27,3.41,3.38,3.41,3.31,162598.33
2021-08-30,3.39,3.35,3.4,3.27,192425.0
2021-08-31,3.33,3.32,3.37,3.25,124920.5
2021-09-01,3.34,3.29,3.42,3.26,194708.0
2021-09-02,3.29,3.31,3.32,3.23,171510.0
2021-09-03,3.31,3.28,3.35,3.23,184310.0
2021-09-06,3.28,3.28,3.31,3.22,120733.04
2021-09-07,3.28,3.26,3.28,3.22,142956.04
2021-09-08,3.25,3.21,3.25,3.16,215032.33
2021-09-09,3.2,3.21,3.25,3.17,177201.2
2021-09-10,3.21,3.19,3.25,3.18,120937.0
2021-09-13,3.19,3.19,3.23,3.15,122741.15
2021-09-14,3.21,3.38,3.5,3.2,377112.0
2021-09-15,3.38,3.35,3.49,3.31,247814.5
2021-09-16,3.35,3.18,3.37,3.17,210706.4
2021-09-17,3.19,3.0,3.19,2.91,267102.0
2021-09-22,2.9,2.91,2.93,2.8,141596.04
2021-09-23,2.92,3.09,3.17,2.91,220554.0
2021-09-24,3.13,3.01,3.23,2.93,189906.09
2021-09-27,3.01,2.91,3.03,2.85,114695.09
2021-09-28,2.91,3.18,3.18,2.87,230930.55
2021-09-29,3.15,3.17,3.33,3.11,269397.22
2021-09-30,3.23,3.23,3.26,3.13,150426.0
2021-10-08,3.26,3.18,3.29,3.17,138042.0
2021-10-11,3.19,3.17,3.23,3.13,79045.0
2021-10-12,3.18,3.12,3.19,3.11,57360.04
2021-10-13,3.13,3.13,3.14,3.04,84247.72
2021-10-14,3.13,3.35,3.43,3.1,261013.02
2021-10-15,3.3,3.28,3.38,3.21,162081.0
2021-10-18,3.29,3.44,3.54,3.27,216997.0
2021-10-19,3.46,3.51,3.58,3.42,196753.22
2021-10-20,3.57,3.77,3.85,3.52,391676.41
2021-10-21,3.85,4.0,4.15,3.83,758241.2
2021-10-22,3.96,4.35,4.38,3.9,581560.24
2021-10-25,4.3,4.11,4.63,4.01,715378.26
2021-10-26,3.95,3.7,3.98,3.7,299404.5
2021-10-27,3.51,3.66,3.76,3.5,352509.6
2021-10-28,3.66,3.77,3.85,3.59,305468.02
2021-10-29,3.7,3.6,3.7,3.53,196857.39
2021-11-01,3.63,3.57,3.63,3.41,200416.0
2021-11-02,3.56,3.57,3.57,3.33,230308.83
2021-11-03,3.65,3.68,3.84,3.54,376666.04
2021-11-04,3.6,3.81,3.85,3.56,255512.0
2021-11-05,3.85,4.11,4.18,3.83,424489.89
2021-11-08,4.11,4.33,4.41,3.99,424547.25
2021-11-09,4.32,3.9,4.32,3.9,371455.15
2021-11-10,3.8,3.95,3.99,3.65,360530.0
2021-11-11,3.95,3.94,4.09,3.87,260651.0
2021-11-12,3.88,3.9,4.01,3.83,199709.44
2021-11-15,4.03,4.29,4.29,3.91,440952.55
2021-11-16,4.46,4.3,4.54,4.21,409742.44
2021-11-17,4.39,4.47,4.51,4.22,280511.4
2021-11-18,4.43,4.5,4.57,4.35,237155.0
2021-11-19,4.5,4.4,4.55,4.38,170096.02
2021-11-22,4.48,4.45,4.57,4.31,168603.0
2021-11-23,4.47,4.46,4.85,4.43,379462.17
2021-11-24,4.61,4.4,4.69,4.25,432399.4
2021-11-25,4.43,4.37,4.46,4.33,202661.85
2021-11-26,4.35,4.36,4.47,4.31,187434.85
2021-11-29,4.25,4.75,4.79,4.21,378104.65
2021-11-30,4.78,4.66,4.94,4.6,345661.4
2021-12-01,4.68,4.66,4.8,4.61,248626.02
2021-12-02,4.71,4.7,4.72,4.58,178544.06
2021-12-03,4.69,4.7,4.88,4.61,321429.32
2021-12-06,4.75,4.52,4.75,4.41,291273.1
2021-12-07,4.57,4.53,4.57,4.45,148396.0
2021-12-08,4.5,4.61,4.62,4.43,146630.39
2021-12-09,4.6,4.54,4.72,4.48,164857.39
2021-12-10,4.54,4.42,4.59,4.41,131263.32
2021-12-13,4.46,4.43,4.46,4.15,182114.67
2021-12-14,4.42,4.29,4.46,4.24,143277.51
2021-12-15,4.31,4.25,4.4,4.23,110397.59
2021-12-16,4.29,4.24,4.32,4.18,109085.06
2021-12-17,4.26,4.24,4.29,4.19,92162.66
2021-12-20,4.25,4.16,4.45,4.13,244826.04
2021-12-21,4.23,4.38,4.4,4.22,266819.67
2021-12-22,4.42,4.22,4.42,4.19,191068.0
2021-12-23,4.25,4.18,4.25,4.04,207608.0
2021-12-24,4.18,4.2,4.3,4.17,170644.0
2021-12-27,4.24,4.16,4.28,4.09,129701.74
2021-12-28,4.18,4.36,4.39,4.11,206814.17
2021-12-29,4.4,4.8,4.8,4.4,514220.66
2021-12-30,4.85,5.28,5.28,4.84,655420.34
2021-12-31,5.28,5.72,5.81,5.28,541800.51
2022-01-04,5.76,6.29,6.29,5.5,754386.59
2022-01-05,6.46,6.92,6.92,6.35,752188.48
2022-01-06,6.92,7.1,7.5,6.9,771321.47
2022-01-07,7.0,7.58,7.8,7.0,776919.05
2022-01-10,7.34,7.67,8.14,6.9,784073.84
2022-01-11,7.87,7.69,8.1,7.45,562054.67
2022-01-12,7.71,8.41,8.46,7.56,725420.39
2022-01-13,8.0,7.57,8.39,7.57,710009.24
2022-01-14,7.75,8.33,8.33,7.66,655809.88
2022-01-17,8.68,8.65,9.05,8.52,612928.47
2022-01-18,8.77,8.45,8.95,8.29,376085.44
2022-01-19,8.59,8.74,9.15,8.35,485342.06
2022-01-20,8.7,8.22,8.72,8.09,395286.0
2022-01-21,8.26,8.51,8.7,8.22,387904.78
2022-01-24,8.5,8.53,8.75,8.35,270974.84
2022-01-25,8.41,8.2,8.86,8.2,301883.0
2022-01-26,8.33,8.17,8.44,8.01,235794.04
2022-01-27,8.36,7.83,8.66,7.78,346864.69
2022-01-28,7.89,7.05,7.97,7.05,277681.65
2022-02-07,6.35,6.67,7.25,6.35,703289.26
2022-02-08,6.8,7.34,7.34,6.72,432051.08
2022-02-09,7.71,8.07,8.07,7.64,322225.06
2022-02-10,8.37,8.15,8.5,7.9,505912.19
2022-02-11,8.13,8.07,8.39,7.81,342257.41
2022-02-14,8.06,8.05,8.24,7.85,323812.02
2022-02-15,8.02,8.06,8.2,7.71,255579.22
2022-02-16,8.06,8.38,8.57,8.0,413087.24
2022-02-17,8.33,8.14,8.69,7.8,485482.95
2022-02-18,7.98,7.88,8.02,7.62,290748.02
2022-02-21,7.9,8.08,8.23,7.78,304987.23
2022-02-22,8.1,8.18,8.39,7.56,340589.06
2022-02-23,8.19,8.26,8.44,8.03,214710.02
2022-02-24,8.28,8.0,8.52,7.7,359884.44
2022-02-25,8.11,8.8,8.8,8.07,449037.52
2022-02-28,9.0,8.93,9.17,8.36,588064.06
2022-03-01,8.93,8.88,9.05,8.72,211451.9
2022-03-02,9.12,8.35,9.3,8.1,466065.24
2022-03-03,8.28,8.0,8.33,7.83,238013.67
2022-03-04,7.96,7.91,8.32,7.78,162888.05
2022-03-07,7.91,7.61,7.99,7.52,167942.33
2022-03-08,7.6,7.51,7.74,7.43,147042.0
2022-03-09,7.55,7.69,7.73,6.8,250212.44
2022-03-10,7.8,7.48,7.8,7.4,184768.4
2022-03-11,7.37,7.36,7.43,7.08,146062.0
2022-03-14,7.35,7.03,7.35,7.02,103097.0
2022-03-15,7.0,6.33,7.08,6.33,334720.18
2022-03-16,6.41,6.74,6.85,5.7,375652.31
2022-03-17,6.92,7.05,7.19,6.69,303803.0
2022-03-18,6.91,6.93,7.07,6.78,178279.4
2022-03-21,6.82,6.85,6.91,6.65,180975.0
2022-03-22,6.82,6.85,7.04,6.63,210186.0
2022-03-23,6.86,7.32,7.54,6.85,341076.11
2022-03-24,7.32,7.25,7.47,7.18,230448.91
2022-03-25,7.21,7.32,7.43,7.14,167821.32
2022-03-28,7.32,7.47,7.68,7.16,242312.0
2022-03-29,7.5,8.03,8.16,7.5,269448.36
2022-03-30,8.14,8.76,8.79,7.98,300987.5
2022-03-31,8.77,8.5,9.1,8.46,310915.33
2022-04-01,8.48,8.42,8.56,8.23,192731.0
2022-04-06,8.42,8.21,8.56,8.14,183123.67
2022-04-07,8.15,7.81,8.2,7.68,194199.82
2022-04-08,7.85,8.08,8.09,7.26,273163.82
2022-04-11,8.08,7.83,8.08,7.72,162156.42
2022-04-12,7.8,8.34,8.39,7.77,265648.0
2022-04-13,8.31,8.14,8.33,7.94,162287.52
2022-04-14,8.22,8.07,8.36,7.95,129916.0
2022-04-15,8.11,8.14,8.3,7.9,163014.0
2022-04-18,8.0,8.07,8.26,7.66,204273.0
2022-04-19,8.0,8.22,8.23,7.9,190444.24
2022-04-20,8.19,8.72,8.85,8.16,349533.38
2022-04-21,8.68,9.36,9.59,8.52,509842.93
2022-04-22,9.45,8.88,9.45,8.57,348847.0
2022-04-25,8.52,8.14,8.87,7.99,317108.0
2022-04-26,7.78,7.33,8.3,7.33,248114.0
2022-04-27,6.6,6.6,6.77,6.6,200423.0
2022-04-28,5.94,5.94,6.16,5.94,141677.0
2022-04-29,5.35,5.35,5.35,5.35,112838.0
2022-05-05,4.82,4.82,4.82,4.82,83871.0
2022-05-06,4.38,5.3,5.3,4.38,421545.61
2022-05-09,5.5,5.83,5.83,5.47,689484.8
2022-05-10,5.7,5.41,5.79,5.3,734023.76
2022-05-11,5.41,5.04,5.43,5.01,524718.89
2022-05-12,4.9,5.0,5.09,4.82,318991.37
2022-05-13,4.95,5.08,5.27,4.78,450642.17
2022-05-16,5.07,4.94,5.17,4.92,318722.4
2022-05-17,4.95,4.87,5.01,4.65,266105.32
2022-05-18,4.88,4.73,4.91,4.72,200795.0
2022-05-19,4.75,5.2,5.2,4.75,286005.0
2022-05-20,5.3,5.35,5.65,5.01,722241.37
2022-05-23,5.25,5.36,5.48,5.12,398421.06
2022-05-24,5.34,5.26,5.56,5.25,336557.46
2022-05-25,5.21,5.34,5.39,5.16,222263.85
2022-05-26,5.34,5.15,5.35,5.14,244078.23
2022-05-27,5.15,5.1,5.26,5.05,211395.4
2022-05-30,5.07,5.03,5.11,4.99,155966.0
2022-05-31,5.03,5.17,5.23,4.91,222787.89
2022-06-01,5.18,5.1,5.2,4.96,208518.28
2022-06-02,5.33,5.25,5.5,5.22,369303.72
2022-06-06,5.24,5.12,5.28,5.09,228516.57
2022-06-07,5.12,5.17,5.29,5.09,187512.24
2022-06-08,5.17,5.08,5.19,5.04,189906.0
2022-06-09,5.09,4.96,5.1,4.88,171445.0
2022-06-10,4.96,4.99,5.02,4.9,116549.0
2022-06-13,5.0,4.89,5.0,4.86,111923.84
2022-06-14,4.87,4.91,4.94,4.73,155101.59
2022-06-15,4.91,4.91,4.98,4.86,143474.48
2022-06-16,4.91,4.94,5.0,4.83,113214.75
2022-06-17,4.86,4.82,4.94,4.75,129897.0
2022-06-20,4.86,5.01,5.25,4.86,316912.25
2022-06-21,4.95,4.96,5.16,4.93,223240.52
2022-06-22,4.91,4.7,4.96,4.67,291499.59
2022-06-23,4.7,4.78,4.82,4.53,226851.58
2022-06-24,4.75,4.78,4.83,4.67,155784.0
2022-06-27,4.79,4.79,4.86,4.77,115614.13
2022-06-28,4.75,4.73,4.78,4.71,128008.67
2022-06-29,4.72,4.67,4.84,4.67,230795.6
2022-06-30,4.65,4.54,4.66,4.52,191219.0
2022-07-01,4.51,4.44,4.6,4.4,235567.82
2022-07-04,4.4,4.38,4.49,4.31,170757.0
2022-07-05,4.37,4.27,4.43,4.21,206934.38
2022-07-06,4.28,4.28,4.41,4.25,181389.96
2022-07-07,4.25,4.21,4.31,4.2,159534.18
2022-07-08,4.19,4.21,4.28,4.17,122988.0
2022-07-11,4.21,4.16,4.21,4.12,132675.0
2022-07-12,4.16,4.09,4.17,4.07,131363.18
2022-07-13,3.99,4.14,4.15,3.94,162658.0
2022-07-14,4.16,3.95,4.16,3.94,215426.0
2022-07-15,3.95,3.7,3.96,3.68,292229.76
2022-07-18,3.7,3.95,3.97,3.7,315669.89
2022-07-19,3.95,3.91,4.28,3.88,397913.97
2022-07-20,3.92,4.03,4.05,3.88,227000.0
2022-07-21,3.99,4.43,4.43,3.99,347394.06
2022-07-22,4.54,4.87,4.87,4.48,1047899.8
2022-07-25,4.89,5.36,5.36,4.55,939034.97
2022-07-26,5.56,5.9,5.9,5.4,242006.0
2022-07-27,6.48,5.94,6.49,5.67,1834599.73
2022-07-28,5.85,6.14,6.29,5.63,1471048.31
2022-07-29,5.87,5.53,5.88,5.53,1205055.0
2022-08-01,5.25,5.0,5.34,4.98,892350.58
2022-08-02,4.94,4.68,5.19,4.65,643391.15
2022-08-03,4.63,4.54,4.85,4.54,491588.15
2022-08-04,4.52,4.6,4.67,4.47,342652.06
2022-08-05,4.61,5.06,5.06,4.53,269753.77
2022-08-08,5.4,5.28,5.57,5.26,1194868.83
2022-08-09,5.13,5.3,5.46,5.12,746506.25
2022-08-10,5.36,5.3,5.65,5.15,613774.0
2022-08-11,5.34,5.21,5.39,5.18,436794.79
2022-08-12,5.18,5.46,5.73,5.15,910435.14
2022-08-15,5.4,5.52,5.65,5.35,648112.6
2022-08-16,5.5,5.48,5.63,5.41,467696.96
2022-08-17,5.44,5.44,5.6,5.3,509830.64
2022-08-18,5.35,5.46,5.74,5.15,597006.64
2022-08-19,5.42,5.3,5.57,5.29,328593.34
2022-08-22,5.26,5.22,5.32,5.14,230085.0
2022-08-23,5.22,5.18,5.22,5.09,264235.0
2022-08-24,5.21,4.98,5.21,4.95,275293.96
2022-08-25,5.01,4.87,5.07,4.82,241015.11
2022-08-26,4.87,4.95,5.15,4.86,293824.0
2022-08-29,4.89,4.9,4.93,4.79,171595.0
2022-08-30,4.88,4.83,4.99,4.8,136662.0
2022-08-31,4.83,4.73,4.87,4.7,153512.48
2022-09-01,4.67,4.79,4.95,4.67,241097.88
2022-09-02,4.82,4.91,5.04,4.8,229163.68
2022-09-05,4.94,4.85,5.04,4.8,193770.02
2022-09-06,4.84,4.96,5.03,4.8,229020.18
2022-09-07,4.92,5.03,5.09,4.85,220015.64
2022-09-08,4.99,4.9,5.05,4.87,160197.0
2022-09-09,4.91,4.98,5.03,4.83,210179.5
2022-09-13,4.96,5.29,5.48,4.92,738206.0
2022-09-14,5.15,5.12,5.39,5.03,455512.01
2022-09-15,5.18,5.23,5.3,5.06,433833.0
2022-09-16,5.12,4.81,5.31,4.81,392681.52
2022-09-19,4.85,4.89,4.95,4.69,245440.22
2022-09-20,4.89,5.06,5.11,4.87,271576.0
2022-09-21,4.98,5.0,5.05,4.76,303708.0
2022-09-22,4.95,4.8,4.99,4.78,225640.34
2022-09-23,4.83,4.63,4.86,4.6,197853.0
2022-09-26,4.52,4.46,4.7,4.43,183389.0
2022-09-27,4.49,4.5,4.53,4.37,149641.28
2022-09-28,4.48,4.38,4.54,4.38,108873.0
2022-09-29,4.4,4.29,4.42,4.26,128702.46
2022-09-30,4.28,4.26,4.43,4.21,97565.99
2022-10-10,4.26,4.17,4.35,4.11,126275.27
2022-10-11,4.2,4.14,4.21,4.06,79521.24
2022-10-12,4.17,4.39,4.46,4.11,148678.34
2022-10-13,4.4,4.4,4.47,4.28,157080.0
2022-10-14,4.41,4.46,4.53,4.4,134683.25
2022-10-17,4.42,4.46,4.48,4.38,114448.0
2022-10-18,4.49,4.44,4.52,4.4,98575.2
2022-10-19,4.4,4.35,4.43,4.32,122741.0
2022-10-20,4.35,4.32,4.4,4.24,97897.0
2022-10-21,4.33,4.27,4.43,4.23,139886.0
2022-10-24,4.26,4.13,4.36,4.11,119337.8
2022-10-25,4.1,4.1,4.17,4.03,123722.0
2022-10-26,4.1,4.12,4.17,4.09,102625.0
2022-10-27,4.12,4.15,4.25,4.1,146808.0
2022-10-28,4.13,3.92,4.14,3.88,144449.08
2022-10-31,3.87,3.93,3.97,3.84,77158.0
2022-11-01,3.95,4.01,4.02,3.9,118740.42
2022-11-02,4.0,4.07,4.12,3.99,140579.71
2022-11-03,4.09,4.03,4.09,4.01,86006.5
2022-11-04,4.03,4.08,4.09,4.01,101506.92
2022-11-07,4.09,4.12,4.18,4.09,130466.71
2022-11-08,4.11,4.15,4.16,4.05,118115.42
2022-11-09,4.19,4.3,4.5,4.15,412847.42
2022-11-10,4.2,4.3,4.38,4.15,300164.0
2022-11-11,4.36,4.47,4.6,4.34,373871.71
2022-11-14,4.52,4.45,4.59,4.41,246351.0
2022-11-15,4.45,4.9,4.9,4.43,379273.66
2022-11-16,5.39,4.95,5.39,4.88,1083942.27
2022-11-17,4.78,4.83,4.88,4.64,575093.77
2022-11-18,4.75,4.63,4.81,4.58,449574.79
2022-11-21,4.66,4.55,4.66,4.51,260388.0
2022-11-22,4.54,4.51,4.63,4.43,262258.42
2022-11-23,4.5,4.41,4.55,4.4,160209.25
2022-11-24,4.44,4.52,4.66,4.44,315498.85
2022-11-25,4.45,4.57,4.65,4.45,296980.35
2022-11-28,4.48,4.48,4.55,4.43,199003.04
2022-11-29,4.67,4.72,4.79,4.56,478960.33
2022-11-30,4.74,4.71,4.84,4.67,422266.55
2022-12-01,4.69,4.65,4.77,4.62,261816.05
2022-12-02,4.66,4.7,4.72,4.56,195707.74
2022-12-05,4.76,4.73,4.93,4.7,293513.07
2022-12-06,4.68,4.82,5.05,4.66,436916.82
2022-12-07,4.77,4.91,5.05,4.77,380155.94
2022-12-08,4.89,4.93,5.0,4.8,297471.22
2022-12-09,4.89,5.04,5.1,4.88,454056.99
2022-12-12,4.97,4.89,5.04,4.89,354908.3
2022-12-13,4.85,4.96,5.04,4.83,284467.83
2022-12-14,4.96,4.94,5.19,4.91,408391.27
2022-12-15,4.95,4.99,5.05,4.87,242268.01
2022-12-16,4.96,5.0,5.05,4.85,279284.98
2022-12-19,5.0,4.93,5.04,4.82,177407.43
2022-12-20,4.87,4.84,4.9,4.76,115249.0
2022-12-21,4.82,4.82,4.9,4.8,87646.96
2022-12-22,4.82,4.67,4.85,4.66,140144.0
2022-12-23,4.64,4.61,4.75,4.55,110865.44
2022-12-26,4.6,4.78,4.83,4.56,175412.44
2022-12-27,4.8,4.73,4.82,4.71,121152.0
2022-12-28,4.71,4.6,4.75,4.58,91415.0
2022-12-29,4.51,4.52,4.63,4.47,104955.85
2022-12-30,4.53,4.65,4.74,4.52,113436.45
2023-01-03,4.63,4.66,4.73,4.63,116012.0
2023-01-04,4.63,4.68,4.86,4.61,193984.71
2023-01-05,4.68,4.6,4.69,4.53,249006.83
2023-01-06,4.61,4.41,4.7,4.41,290534.4
2023-01-09,4.41,4.28,4.45,4.25,265993.0
2023-01-10,4.28,4.4,4.57,4.19,384829.11
2023-01-11,4.4,4.84,4.84,4.37,676036.17
2023-01-12,4.87,4.71,4.94,4.62,677970.45
2023-01-13,4.71,4.57,4.74,4.54,355836.0
2023-01-16,4.59,4.56,4.64,4.5,249519.37
2023-01-17,4.58,4.41,4.6,4.39,284774.0
2023-01-18,4.65,4.85,4.85,4.65,253367.25
2023-01-19,4.86,4.7,4.95,4.69,680511.74
2023-01-20,4.77,4.62,4.8,4.44,589585.3
2023-01-30,4.73,4.8,5.01,4.72,608500.92
2023-01-31,4.72,4.88,4.93,4.65,528514.21
2023-02-01,4.81,4.86,4.87,4.77,387182.02
2023-02-02,4.86,4.87,4.94,4.83,335162.25
2023-02-03,4.83,4.98,5.04,4.75,611468.99
2023-02-06,5.03,5.2,5.48,4.93,992908.83
2023-02-07,5.07,5.1,5.22,5.03,552595.01
2023-02-08,5.05,4.89,5.1,4.85,421605.38
2023-02-09,4.82,4.9,4.95,4.71,563122.71
2023-02-10,4.85,4.85,4.93,4.8,341937.72
2023-02-13,4.82,4.86,4.95,4.78,307785.22
2023-02-14,4.8,4.8,4.85,4.78,176465.43
2023-02-15,4.78,4.75,4.81,4.74,157702.87
2023-02-16,4.75,4.63,4.83,4.55,236335.76
2023-02-17,4.58,4.59,4.64,4.56,198517.71
2023-02-20,4.59,4.48,4.59,4.46,330674.88
2023-02-21,4.57,4.52,4.66,4.48,460571.25
2023-02-22,4.46,4.83,4.95,4.41,746298.63
2023-02-23,4.85,4.77,4.95,4.75,527957.43
2023-02-24,4.78,4.7,4.87,4.63,366668.59
2023-02-27,4.67,4.67,4.74,4.61,157103.71
2023-02-28,4.67,4.68,4.68,4.62,122959.14
2023-03-01,4.66,4.67,4.68,4.64,97431.99
2023-03-02,4.65,4.66,4.7,4.61,137150.67
2023-03-03,4.75,4.68,4.75,4.66,173719.42
2023-03-06,4.65,4.64,4.69,4.62,123215.0
2023-03-07,4.62,4.52,4.64,4.52,117049.87
2023-03-08,4.51,4.57,4.62,4.51,115312.35
2023-03-09,4.57,4.53,4.6,4.53,75714.0
2023-03-10,4.53,4.57,4.58,4.46,88649.0
2023-03-13,4.54,4.5,4.56,4.47,90482.24
2023-03-14,4.5,4.39,4.5,4.35,136922.2
2023-03-15,4.39,4.41,4.48,4.39,71943.57
2023-03-16,4.37,4.54,4.65,4.36,240000.0
2023-03-17,4.51,4.49,4.57,4.47,130696.12
2023-03-20,4.48,4.4,4.49,4.39,116468.0
2023-03-21,4.37,4.44,4.46,4.37,82371.57
2023-03-22,4.42,4.43,4.46,4.41,86406.57
2023-03-23,4.41,4.46,4.5,4.37,131619.88
2023-03-24,4.44,4.38,4.46,4.35,167163.0
2023-03-27,4.43,4.38,4.46,4.35,201459.57
2023-03-28,4.34,4.31,4.38,4.31,105497.57
2023-03-29,4.32,4.19,4.33,4.19,129189.4
2023-03-30,4.2,4.31,4.39,4.12,231759.56
2023-03-31,4.3,4.28,4.33,4.23,131963.58
2023-04-03,4.28,4.39,4.44,4.26,213716.95
2023-04-04,4.39,4.36,4.43,4.33,139601.16
2023-04-06,4.36,4.36,4.39,4.31,133266.27
2023-04-07,4.34,4.34,4.4,4.32,104620.43
2023-04-10,4.34,4.22,4.34,4.2,120096.0
2023-04-11,4.19,4.22,4.23,4.18,79970.86
2023-04-12,4.22,4.19,4.27,4.18,97924.0
2023-04-13,4.2,4.16,4.29,4.16,253440.86
2023-04-14,4.2,4.26,4.26,4.12,220315.75
2023-04-17,4.21,4.13,4.23,4.11,168454.89
2023-04-18,4.28,4.14,4.28,4.12,244208.0
2023-04-19,4.06,3.89,4.1,3.73,364100.71
2023-04-20,3.82,3.76,3.84,3.71,286839.03
2023-04-21,3.79,3.66,3.83,3.63,183737.33
2023-04-24,3.6,3.63,3.7,3.51,223805.33
2023-04-25,3.63,3.38,3.65,3.34,367761.3
2023-04-26,3.3,3.35,3.41,3.29,193516.08
2023-04-27,3.41,3.69,3.69,3.37,135108.0
2023-04-28,4.06,4.06,4.06,4.06,133972.0
2023-05-04,4.28,4.23,4.37,4.14,837043.09
2023-05-05,4.28,4.23,4.35,4.1,405516.12
2023-05-08,4.2,4.16,4.23,4.08,271903.0
2023-05-09,4.07,4.04,4.15,4.03,227897.16
2023-05-10,4.04,4.04,4.1,4.0,172221.0
2023-05-11,4.04,4.1,4.13,4.01,130990.82
2023-05-12,4.11,4.15,4.18,4.07,164533.06
2023-05-15,4.06,4.04,4.09,3.94,162444.0
2023-05-16,4.01,3.96,4.03,3.9,112824.28
2023-05-17,3.93,3.93,3.97,3.9,106553.72
2023-05-18,3.91,3.88,3.95,3.85,110920.17
2023-05-19,3.92,3.9,3.92,3.8,97124.68
2023-05-22,3.9,3.87,3.96,3.83,79210.0
2023-05-23,3.87,3.82,3.92,3.81,85322.6
2023-05-24,3.81,3.8,3.86,3.76,129448.0
2023-05-25,3.8,3.76,3.81,3.72,103181.8
2023-05-26,3.81,3.83,3.84,3.74,84303.47
2023-05-29,3.83,3.73,3.83,3.72,113481.0
2023-05-30,3.74,3.64,3.76,3.58,173888.78
2023-05-31,3.63,3.57,3.65,3.55,162935.0
2023-06-01,3.59,3.56,3.63,3.53,142379.98
2023-06-02,3.62,3.71,3.73,3.58,187654.0
2023-06-05,3.7,3.68,3.74,3.66,79242.0
2023-06-06,3.68,3.57,3.71,3.56,108121.0
2023-06-07,3.57,3.59,3.79,3.57,318979.0
2023-06-08,3.62,3.63,3.65,3.55,133605.0
2023-06-09,3.59,3.63,3.64,3.56,110537.0
2023-06-12,3.63,3.71,3.75,3.58,149078.54
2023-06-13,3.8,3.71,3.92,3.71,198114.24
2023-06-14,3.75,3.81,3.85,3.66,173090.0
2023-06-15,3.75,4.19,4.19,3.71,486751.9
2023-06-16,3.98,4.09,4.35,3.9,625023.42
2023-06-19,4.08,4.08,4.19,4.03,346093.78
2023-06-20,4.08,4.05,4.11,4.03,173207.4
2023-06-21,4.02,3.88,4.11,3.87,230393.11
2023-06-26,3.87,3.8,4.04,3.8,237825.21
2023-06-27,3.82,3.92,3.94,3.75,141038.0
2023-06-28,3.92,3.81,3.95,3.75,160922.82
2023-06-29,3.79,3.82,3.88,3.78,111462.99
2023-06-30,3.82,3.89,3.91,3.82,122111.66
2023-07-03,3.85,3.84,3.91,3.81,218368.24
2023-07-04,3.83,3.75,3.86,3.73,206901.99
2023-07-05,3.73,3.71,3.79,3.69,123985.0
2023-07-06,3.71,3.76,3.76,3.68,110569.0
2023-07-07,3.74,3.73,3.85,3.72,157478.0
2023-07-10,3.73,3.79,3.85,3.72,141545.0
2023-07-11,3.8,3.75,3.82,3.71,113390.74
2023-07-12,3.74,3.68,3.74,3.64,125160.11
2023-07-13,3.68,3.68,3.71,3.66,83520.0
2023-07-14,3.68,3.69,3.72,3.66,70793.86
2023-07-17,3.65,3.66,3.7,3.55,95896.48
2023-07-18,3.68,3.65,3.69,3.62,78697.0
2023-07-19,3.65,3.7,3.71,3.63,91531.0
2023-07-20,3.68,3.72,3.77,3.68,124739.06
2023-07-21,3.74,3.9,4.09,3.73,909382.76
2023-07-24,3.9,3.86,3.95,3.75,670693.24
2023-07-25,3.86,4.01,4.05,3.86,594297.42
2023-07-26,4.02,4.07,4.15,3.95,661728.94
2023-07-27,3.97,4.03,4.15,3.94,545755.92
2023-07-28,4.04,4.07,4.15,4.01,391090.0
2023-07-31,4.09,4.15,4.19,4.03,391444.02
2023-08-01,4.14,4.09,4.17,4.06,325749.02
2023-08-02,4.1,4.11,4.26,4.05,362825.53
2023-08-03,4.07,4.16,4.18,4.04,293030.0
2023-08-04,4.21,4.08,4.25,4.07,305794.0
2023-08-07,4.07,4.0,4.08,3.97,234799.0
2023-08-08,4.03,3.94,4.03,3.9,208313.0
2023-08-09,3.93,3.89,3.96,3.87,130414.87
2023-08-10,3.87,3.92,3.97,3.87,99703.87
2023-08-11,3.95,3.9,4.01,3.89,182032.0
2023-08-14,3.83,3.83,3.88,3.79,125131.0
2023-08-15,3.83,3.75,3.84,3.72,136400.41
2023-08-16,3.73,3.78,3.86,3.72,109886.0
2023-08-17,3.79,3.79,3.8,3.72,92423.0
2023-08-18,3.79,3.65,3.81,3.65,133872.0
2023-08-21,3.62,3.59,3.69,3.58,108521.13
2023-08-22,3.59,3.62,3.63,3.5,157153.0
2023-08-23,3.6,3.51,3.62,3.51,107271.0
2023-08-24,3.52,3.49,3.55,3.46,81317.0
2023-08-25,3.47,3.42,3.51,3.4,112583.96
2023-08-28,3.68,3.52,3.68,3.5,213058.3
2023-08-29,3.52,3.67,3.69,3.48,206201.12
2023-08-30,3.74,3.62,3.74,3.61,125093.0
2023-08-31,3.63,3.49,3.65,3.47,146743.0
2023-09-01,3.51,3.4,3.53,3.39,164416.0
2023-09-04,3.41,3.48,3.53,3.41,186351.0
2023-09-05,3.46,3.41,3.47,3.38,157399.0
2023-09-06,3.39,3.55,3.67,3.36,346354.72
2023-09-07,3.51,3.61,3.91,3.47,688669.68
2023-09-08,3.61,3.43,3.64,3.41,358989.0
2023-09-11,3.41,3.37,3.42,3.33,211924.72
2023-09-12,3.37,3.39,3.43,3.35,128252.0
2023-09-13,3.39,3.32,3.39,3.31,171643.0
2023-09-14,3.31,3.24,3.32,3.21,205844.0
2023-09-15,3.23,3.24,3.26,3.22,88278.0
2023-09-18,3.24,3.24,3.26,3.18,130515.92
2023-09-19,3.22,3.14,3.23,3.13,199378.0
2023-09-20,3.13,3.04,3.13,3.03,186072.02
2023-09-21,3.04,3.06,3.12,3.03,151690.02
2023-09-22,3.05,3.09,3.11,3.05,126081.63
2023-09-25,3.08,2.97,3.08,2.96,194712.0
2023-09-26,2.98,2.93,2.99,2.9,140502.66
2023-09-27,2.91,2.94,2.98,2.91,114616.33
2023-09-28,2.94,2.97,2.99,2.94,103044.0
2023-10-09,2.96,2.93,2.99,2.93,147510.0
2023-10-10,2.93,2.96,3.0,2.93,123331.0
2023-10-11,2.97,3.02,3.18,2.93,271691.85
2023-10-12,3.0,2.98,3.01,2.94,152239.0
2023-10-13,2.97,2.95,3.01,2.94,117656.0
2023-10-16,2.94,2.86,2.95,2.85,178096.0
2023-10-17,2.85,2.82,2.87,2.81,111500.93
2023-10-18,2.8,2.75,2.82,2.73,165122.0
2023-10-19,2.73,2.78,2.82,2.73,151586.0
2023-10-20,2.76,2.84,2.89,2.74,176501.67
2023-10-23,2.83,2.73,2.83,2.7,146115.67
2023-10-24,2.73,2.85,2.86,2.71,184986.55
2023-10-25,2.88,2.91,2.96,2.86,144456.0
2023-10-26,2.89,2.84,2.9,2.82,123318.0
2023-10-27,2.83,2.91,2.93,2.81,118549.22
2023-10-30,2.92,2.96,2.98,2.89,127163.67
2023-10-31,2.96,2.98,3.01,2.94,118555.0
2023-11-01,2.97,3.03,3.06,2.96,296384.14
2023-11-02,3.02,2.99,3.06,2.98,172452.91
2023-11-03,2.98,2.95,3.0,2.94,124262.0
2023-11-06,2.96,3.09,3.1,2.96,227463.0
2023-11-07,3.09,3.4,3.4,3.07,292556.88
2023-11-08,3.74,3.74,3.74,3.74,260118.13
2023-11-09,4.11,4.11,4.11,4.11,218852.9
2023-11-10,4.52,4.52,4.52,4.52,142224.0
2023-11-13,4.97,4.97,4.97,4.65,2922615.76
2023-11-14,5.0,5.47,5.47,4.97,1458885.62
2023-11-15,6.02,6.02,6.02,6.02,89798.0
2023-11-16,6.02,5.42,6.07,5.42,3323973.13
2023-11-17,4.88,5.04,5.32,4.88,2849984.51
2023-11-20,4.95,5.22,5.28,4.78,2366847.45
2023-11-21,5.13,5.35,5.74,5.06,2782331.24
2023-11-22,5.0,4.82,5.11,4.82,2100736.59
2023-11-23,4.5,4.34,4.64,4.34,1590206.22
2023-11-24,4.23,4.37,4.43,4.21,1097854.38
2023-11-27,4.25,4.01,4.35,3.96,1181189.82
2023-11-28,4.04,4.01,4.06,3.89,764788.0
2023-11-29,4.0,4.12,4.15,3.95,876785.93
2023-11-30,4.08,4.12,4.15,3.97,780298.24
2023-12-01,4.11,4.24,4.34,4.08,1117179.39
2023-12-04,4.16,4.07,4.17,4.04,931814.7
2023-12-05,4.05,4.06,4.12,4.0,686376.45
2023-12-06,4.01,4.08,4.15,3.95,850933.48
2023-12-07,4.05,3.98,4.12,3.98,740765.0
2023-12-08,3.94,3.84,3.99,3.83,922288.83
2023-12-11,3.86,3.93,3.94,3.84,538395.18
2023-12-12,3.93,3.95,3.97,3.89,415885.58
2023-12-13,3.92,3.91,3.97,3.9,365901.58
2023-12-14,3.92,3.89,3.99,3.87,347936.6
2023-12-15,3.91,3.86,3.94,3.85,280582.0
2023-12-18,3.86,3.87,3.92,3.82,411140.42
2023-12-19,3.9,3.83,3.92,3.8,420662.0
2023-12-20,3.87,3.73,3.87,3.71,402267.8
2023-12-21,3.7,3.77,3.77,3.65,404041.22
2023-12-22,3.75,3.65,3.78,3.64,382377.16
2023-12-25,3.65,3.63,3.67,3.61,298236.77
2023-12-26,3.63,3.63,3.7,3.6,397865.0
2023-12-27,3.63,3.71,3.8,3.61,819631.83
2023-12-28,3.73,3.67,3.74,3.6,863400.53
2023-12-29,3.62,3.7,3.75,3.62,600607.0
2024-01-02,3.71,3.69,3.77,3.68,351025.0
2024-01-03,3.67,3.62,3.75,3.58,481526.0
2024-01-04,3.6,3.56,3.62,3.53,322873.02
2024-01-05,3.56,3.5,3.6,3.47,295783.0
2024-01-08,3.52,3.4,3.54,3.38,351257.0
2024-01-09,3.4,3.51,3.52,3.4,447217.0
2024-01-10,3.5,3.41,3.5,3.39,343697.0
2024-01-11,3.4,3.57,3.58,3.39,450848.53
2024-01-12,3.54,3.39,3.55,3.38,495104.0
2024-01-15,3.4,3.55,3.73,3.38,1571238.24
2024-01-16,3.54,3.49,3.66,3.43,1526901.77
2024-01-17,3.48,3.35,3.5,3.33,904913.26
2024-01-18,3.31,3.31,3.33,3.21,613706.27
2024-01-19,3.35,3.25,3.38,3.24,348703.0
2024-01-22,3.21,3.06,3.23,3.0,517952.0
2024-01-23,3.05,3.02,3.06,2.95,306544.0
2024-01-24,3.01,3.11,3.12,3.0,357807.0
2024-01-25,3.1,3.2,3.23,3.07,389980.2
2024-01-26,3.19,3.26,3.34,3.18,443750.0
2024-01-29,3.28,3.08,3.29,3.07,356593.0
2024-01-30,3.1,2.96,3.12,2.95,286715.0
2024-01-31,2.89,2.75,2.97,2.73,447652.0
2024-02-01,2.72,2.66,2.78,2.58,352953.0
2024-02-02,2.67,2.52,2.76,2.41,384602.29
2024-02-05,2.45,2.27,2.49,2.27,308858.0
2024-02-06,2.08,2.04,2.18,2.04,590986.95
2024-02-07,2.05,1.84,2.06,1.84,628225.0
2024-02-08,1.7,1.9,1.93,1.66,1041924.26
2024-02-19,1.91,2.09,2.09,1.79,781522.22
2024-02-20,2.19,2.16,2.19,2.08,691085.71
2024-02-21,2.15,2.38,2.38,2.12,811165.79
2024-02-22,2.37,2.51,2.62,2.29,1171126.27
2024-02-23,2.51,2.51,2.6,2.45,810998.69
2024-02-26,2.52,2.76,2.76,2.51,765188.44
2024-02-27,2.8,3.04,3.04,2.69,1744876.55
2024-02-28,3.04,2.74,3.28,2.74,1890642.73
2024-02-29,2.48,2.81,2.89,2.48,1142746.84
2024-03-01,2.83,2.74,2.86,2.68,758114.0
2024-03-04,2.74,2.67,2.76,2.61,672742.35
2024-03-05,2.67,2.94,2.94,2.55,1859704.95
2024-03-06,2.89,2.9,3.04,2.82,1475303.0
2024-03-07,2.9,3.05,3.18,2.86,1563259.35
2024-03-08,3.0,3.36,3.36,2.91,2524224.37
2024-03-11,3.22,3.17,3.3,3.13,2030580.23
2024-03-12,3.15,3.18,3.28,3.08,1094696.43
2024-03-13,3.15,3.07,3.17,3.04,928430.08
2024-03-14,3.02,3.08,3.15,2.95,873120.6
2024-03-15,3.06,3.01,3.07,2.98,519904.66
2024-03-18,3.0,3.06,3.11,2.97,679301.8
2024-03-19,3.06,3.01,3.09,2.99,561704.0
2024-03-20,2.99,3.06,3.07,2.97,605840.87
2024-03-21,3.05,3.07,3.17,3.04,686264.29
2024-03-22,3.05,2.97,3.06,2.96,531215.0
2024-03-25,2.94,2.78,2.96,2.77,551199.66
2024-03-26,2.78,2.88,2.95,2.76,482941.78
2024-03-27,2.85,2.71,2.86,2.7,393296.0
2024-03-28,2.66,2.75,2.8,2.66,329933.27
2024-03-29,2.76,2.7,2.79,2.67,325657.0
2024-04-01,2.72,2.91,2.97,2.71,770394.0
2024-04-02,2.88,2.8,2.88,2.78,553245.14
2024-04-03,2.79,2.76,2.81,2.72,273245.0
2024-04-08,2.76,2.66,2.77,2.66,269071.4
2024-04-09,2.67,2.63,2.71,2.6,230809.0
2024-04-10,2.63,2.55,2.63,2.49,336786.0
2024-04-11,2.52,2.56,2.69,2.51,317762.0
2024-04-12,2.55,2.49,2.61,2.48,242767.0
2024-04-15,2.43,2.32,2.46,2.24,538618.0
2024-04-16,2.28,2.09,2.3,2.09,423731.91
2024-04-17,2.05,2.2,2.24,2.05,459275.71
2024-04-18,2.2,2.16,2.26,2.12,368415.93
2024-04-19,2.16,2.15,2.22,2.13,293740.87
2024-04-22,2.16,2.13,2.2,2.1,215971.61
2024-04-23,2.13,2.12,2.18,2.1,237215.87
2024-04-24,2.11,2.13,2.16,2.11,262254.0
2024-04-25,2.13,2.19,2.23,2.11,379720.0
2024-04-26,2.17,2.21,2.22,2.12,371452.0
2024-04-29,2.22,2.43,2.43,2.22,811911.52
2024-04-30,2.48,2.37,2.54,2.35,711094.87
2024-05-06,2.41,2.4,2.53,2.38,559330.93
2024-05-07,2.41,2.43,2.48,2.37,387426.3
2024-05-08,2.45,2.34,2.46,2.33,298151.35
2024-05-09,2.34,2.36,2.39,2.34,232114.63
2024-05-10,2.36,2.42,2.5,2.35,494063.3
2024-05-13,2.23,2.24,2.29,2.18,623381.0
2024-05-14,2.27,2.23,2.32,2.2,345837.14
2024-05-15,2.21,2.28,2.38,2.19,543955.0
2024-05-16,2.24,2.38,2.45,2.24,654644.0
2024-05-17,2.41,2.47,2.48,2.35,683014.74
2024-05-20,2.44,2.63,2.72,2.44,1736490.29
2024-05-21,2.48,2.43,2.52,2.37,1117778.55
2024-05-22,2.42,2.48,2.6,2.42,779093.55
2024-05-23,2.4,2.33,2.44,2.33,566359.55
2024-05-24,2.36,2.28,2.41,2.28,433433.0
2024-05-27,2.28,2.26,2.31,2.2,356928.0
2024-05-28,2.29,2.26,2.33,2.24,298925.0
2024-05-29,2.22,2.27,2.32,2.22,276156.0
2024-05-30,2.27,2.2,2.27,2.18,332892.0
2024-05-31,2.2,2.15,2.2,2.12,319427.4
2024-06-03,2.15,2.08,2.15,2.05,333157.4
2024-06-04,2.06,2.03,2.08,1.99,271383.0
2024-06-05,2.03,1.97,2.05,1.95,280716.0
2024-06-06,1.97,1.82,2.01,1.8,534914.13
2024-06-07,1.85,1.97,1.99,1.85,479808.0
2024-06-11,1.98,1.91,2.0,1.87,245556.0
2024-06-12,1.91,1.94,1.95,1.89,200089.0
2024-06-13,1.94,1.87,1.96,1.86,258979.3
2024-06-14,1.86,1.88,1.9,1.82,182609.02
2024-06-17,1.86,1.83,1.88,1.82,185646.26
2024-06-18,1.82,1.85,1.85,1.8,136941.0
2024-06-19,1.84,1.82,1.87,1.82,156663.48
2024-06-20,1.82,1.75,1.82,1.75,205073.0
2024-06-21,1.75,1.75,1.79,1.71,133603.08
2024-06-24,1.74,1.67,1.75,1.66,183912.1
2024-06-25,1.66,1.69,1.72,1.64,180157.0
2024-06-26,1.7,1.75,1.75,1.66,179472.0
2024-06-27,1.78,1.84,1.91,1.74,414971.17
2024-06-28,1.79,1.79,1.83,1.76,240761.47
2024-07-01,1.76,1.8,1.81,1.75,169958.0
2024-07-02,1.79,1.84,1.88,1.77,225298.0
2024-07-03,1.84,1.85,1.88,1.82,250548.0
2024-07-04,1.85,1.75,1.86,1.75,210634.0
2024-07-05,1.72,1.78,1.79,1.71,178261.22
2024-07-08,1.77,1.71,1.79,1.69,150074.0
2024-07-09,1.67,1.7,1.72,1.62,179329.97
2024-07-10,1.68,1.65,1.7,1.65,115610.0
2024-07-11,1.67,1.76,1.77,1.67,253692.0
2024-07-12,1.76,1.78,1.84,1.75,223361.0
2024-07-15,1.76,1.71,1.78,1.71,132154.0
2024-07-16,1.7,1.7,1.74,1.68,99894.02
2024-07-17,1.71,1.69,1.74,1.68,151238.0
2024-07-18,1.69,1.68,1.71,1.64,177828.0
2024-07-19,1.67,1.68,1.68,1.64,124102.0
2024-07-22,1.67,1.7,1.71,1.66,122073.0
2024-07-23,1.72,1.68,1.74,1.68,163079.01
2024-07-24,1.68,1.64,1.69,1.64,150877.0
2024-07-25,1.64,1.65,1.67,1.61,132162.02
2024-07-26,1.65,1.69,1.7,1.65,106153.01
2024-07-29,1.7,1.71,1.72,1.67,171826.0
2024-07-30,1.7,1.76,1.76,1.7,210380.0
2024-07-31,1.79,1.82,1.84,1.78,248553.0
2024-08-01,1.81,1.81,1.83,1.78,167024.4
2024-08-02,1.79,1.82,1.9,1.78,273175.0
2024-08-05,1.78,1.76,1.86,1.76,236569.0
2024-08-06,1.78,1.83,1.84,1.76,221741.1
2024-08-07,1.83,1.79,1.83,1.79,164354.01
2024-08-08,1.79,1.79,1.82,1.76,258016.6
2024-08-09,1.78,1.88,1.97,1.76,940997.76
2024-08-12,1.85,1.75,1.87,1.74,647819.11
2024-08-13,1.76,1.73,1.79,1.7,307508.23
2024-08-14,1.72,1.73,1.78,1.72,234976.5
2024-08-15,1.72,1.77,1.8,1.7,370433.12
2024-08-16,1.77,1.73,1.78,1.72,219921.0
2024-08-19,1.71,1.72,1.74,1.67,203421.0
2024-08-20,1.72,1.68,1.73,1.68,120239.4
2024-08-21,1.68,1.7,1.71,1.68,131150.12
2024-08-22,1.7,1.66,1.72,1.65,154540.0
2024-08-23,1.66,1.65,1.68,1.62,148223.0
2024-08-26,1.66,1.69,1.72,1.64,184048.0
2024-08-27,1.7,1.63,1.7,1.62,181796.0
2024-08-28,1.64,1.65,1.68,1.62,118660.0
2024-08-29,1.65,1.66,1.67,1.63,114086.0
2024-08-30,1.66,1.74,1.77,1.66,371861.0
2024-09-02,1.74,1.72,1.76,1.71,192469.0
2024-09-03,1.72,1.72,1.74,1.7,160268.0
2024-09-04,1.72,1.69,1.75,1.69,173691.01
2024-09-05,1.7,1.73,1.74,1.7,188269.0
2024-09-06,1.73,1.71,1.75,1.7,126311.0
2024-09-09,1.7,1.75,1.76,1.67,210934.0
2024-09-10,1.75,1.77,1.77,1.73,185738.02
2024-09-11,1.77,1.73,1.77,1.71,142713.02
2024-09-12,1.73,1.73,1.75,1.72,153672.02
2024-09-13,1.73,1.73,1.77,1.72,141029.0
2024-09-18,1.73,1.72,1.75,1.67,209087.24
2024-09-19,1.73,1.76,1.77,1.72,326089.42
2024-09-20,1.74,1.8,1.82,1.74,348069.0
2024-09-23,1.78,1.79,1.81,1.76,180217.0
2024-09-24,1.8,1.86,1.86,1.79,378984.42
2024-09-25,1.89,1.9,1.97,1.88,430038.0
2024-09-26,1.88,2.01,2.02,1.87,559842.3
2024-09-27,2.09,2.13,2.16,2.03,605555.02
2024-09-30,2.29,2.32,2.33,2.15,970624.04
2024-10-08,2.55,2.48,2.55,2.2,1205928.03
2024-10-09,2.49,2.23,2.49,2.23,935060.0
2024-10-10,2.16,2.17,2.26,2.12,554353.19
2024-10-11,2.17,2.07,2.2,2.04,494114.45
2024-10-14,2.11,2.14,2.15,2.08,389844.91
2024-10-15,2.14,2.19,2.3,2.08,667010.0
2024-10-16,2.22,2.26,2.28,2.19,671853.15
2024-10-17,2.23,2.16,2.3,2.14,549977.0
2024-10-18,2.13,2.17,2.23,2.08,522607.07
2024-10-21,2.17,2.18,2.2,2.14,488090.6
2024-10-22,2.17,2.21,2.25,2.16,442486.0
2024-10-23,2.22,2.28,2.4,2.22,815376.64
2024-10-24,2.23,2.51,2.51,2.22,922368.75
2024-10-25,2.76,2.76,2.76,2.76,133887.55
2024-10-28,3.04,3.04,3.04,3.04,52468.75
2024-10-29,3.34,2.89,3.34,2.81,1920456.17
2024-10-30,3.07,3.18,3.18,3.06,677293.17
2024-10-31,3.5,3.5,3.5,3.25,3113321.23
2024-11-01,3.62,3.28,3.83,3.15,3390070.91
2024-11-04,2.97,2.95,3.09,2.95,1693075.37
2024-11-05,2.88,3.06,3.23,2.88,1791195.81
2024-11-06,3.07,2.98,3.12,2.96,1244089.86
2024-11-07,2.92,3.09,3.14,2.9,1380817.4
2024-11-08,3.15,3.13,3.34,3.1,1547537.91
2024-11-11,3.09,3.21,3.27,3.07,1266433.39
2024-11-12,3.2,3.08,3.24,3.05,956622.33
2024-11-13,3.05,2.98,3.07,2.91,684158.48
2024-11-14,3.03,2.84,3.05,2.83,578256.48
2024-11-15,2.78,2.66,2.83,2.65,709053.59
2024-11-18,2.7,2.61,2.75,2.57,610326.95
2024-11-19,2.61,2.63,2.65,2.53,589260.25
2024-11-20,2.64,2.73,2.74,2.62,599088.0
2024-11-21,2.74,2.74,2.85,2.68,664608.38
2024-11-22,2.72,2.6,2.74,2.58,549620.31
2024-11-25,2.6,2.63,2.65,2.55,414373.78
2024-11-26,2.63,2.63,2.68,2.6,414293.0
2024-11-27,2.61,2.64,2.64,2.52,393493.0
2024-11-28,2.68,2.77,2.88,2.67,911533.82
2024-11-29,2.72,2.75,2.77,2.67,637073.82
2024-12-02,2.74,3.03,3.03,2.73,1158832.39
2024-12-03,3.2,3.33,3.33,3.11,750197.26
2024-12-04,3.66,3.66,3.66,3.66,187980.02
2024-12-05,4.03,4.03,4.03,4.03,130038.02
2024-12-06,4.4,4.43,4.43,4.02,4593845.49
2024-12-09,4.01,3.99,4.13,3.99,545318.0
2024-12-10,3.7,3.64,4.18,3.6,3445755.46
2024-12-11,3.41,3.49,3.64,3.34,1990230.65
2024-12-12,3.44,3.54,3.6,3.37,1698027.91
2024-12-13,3.5,3.56,3.78,3.4,1779878.22
2024-12-16,3.5,3.56,3.71,3.42,1455588.75
2024-12-17,3.54,3.21,3.55,3.2,1415168.0
2024-12-18,3.21,3.53,3.53,3.16,1492311.14
2024-12-19,3.51,3.55,3.7,3.43,2023546.9
2024-12-20,3.5,3.69,3.8,3.43,1824689.9
2024-12-23,3.55,3.43,3.89,3.4,1525165.02
2024-12-24,3.3,3.24,3.42,3.15,1323832.82
2024-12-25,3.2,3.04,3.22,2.97,1169556.59
2024-12-26,3.09,3.06,3.3,3.01,992304.59
2024-12-27,3.03,3.08,3.23,3.0,1007235.26
2024-12-30,3.06,2.87,3.07,2.79,1109555.02
2024-12-31,2.9,2.73,2.93,2.73,778096.74
2025-01-02,2.73,2.78,2.91,2.72,970025.02
2025-01-03,2.75,2.59,2.82,2.57,822071.0
2025-01-06,2.57,2.48,2.58,2.43,570594.0
2025-01-07,2.5,2.62,2.62,2.46,684909.02
2025-01-08,2.62,2.65,2.66,2.51,708322.8
2025-01-09,2.62,2.66,2.7,2.61,590809.0
2025-01-10,2.65,2.51,2.66,2.5,536582.0
2025-01-13,2.46,2.5,2.5,2.38,423163.0
2025-01-14,2.52,2.75,2.75,2.52,805866.52
2025-01-15,2.75,2.76,2.82,2.71,962396.52
2025-01-16,2.78,2.82,2.86,2.75,711913.0
2025-01-17,2.78,2.79,2.9,2.71,713471.0
2025-01-20,2.81,2.76,2.85,2.7,588681.02
2025-01-21,2.77,2.78,2.9,2.72,647120.54
2025-01-22,2.76,2.64,2.79,2.64,589823.52
2025-01-23,2.68,2.61,2.75,2.61,428290.0
2025-01-24,2.6,2.59,2.62,2.55,340563.0
2025-01-27,2.62,2.55,2.69,2.54,348437.0
2025-02-05,2.59,2.66,2.74,2.57,492752.45
2025-02-06,2.66,2.73,2.73,2.63,497977.02
2025-02-07,2.79,2.8,2.84,2.73,633463.0
2025-02-10,2.8,3.08,3.08,2.8,1293428.52
2025-02-11,3.14,3.39,3.39,3.1,1933428.82
2025-02-12,3.36,3.35,3.49,3.15,1952532.78
2025-02-13,3.41,3.19,3.44,3.19,1587276.04
2025-02-14,3.18,3.16,3.29,3.12,1019099.02
2025-02-17,3.17,3.48,3.48,3.17,1252490.79
2025-02-18,3.6,3.34,3.6,3.32,1776095.33
2025-02-19,3.36,3.36,3.43,3.31,939901.0
2025-02-20,3.36,3.3,3.38,3.25,684495.48
2025-02-21,3.3,3.26,3.32,3.17,743136.0
2025-02-24,3.21,3.22,3.33,3.19,629181.09
2025-02-25,3.19,3.17,3.3,3.1,677725.66
2025-02-26,3.23,3.49,3.49,3.21,608308.0
2025-02-27,3.5,3.38,3.55,3.32,1688688.49
2025-02-28,3.37,3.22,3.42,3.21,891793.02
2025-03-03,3.23,3.54,3.54,3.18,1041042.02
2025-03-04,3.55,3.89,3.89,3.46,2456482.63
2025-03-05,3.84,3.67,3.89,3.6,2070345.13
2025-03-06,3.65,3.69,3.85,3.62,1770258.82
2025-03-07,3.71,3.65,4.0,3.65,1760300.28
2025-03-10,3.6,3.54,3.69,3.5,1127576.28
2025-03-11,3.5,3.65,3.75,3.47,1232333.0
2025-03-12,3.64,3.63,3.73,3.58,1002132.42
2025-03-13,3.61,3.52,3.71,3.43,901390.11
2025-03-14,3.48,3.6,3.85,3.45,1385856.83
2025-03-17,3.6,3.57,3.67,3.56,858450.04
2025-03-18,3.57,3.63,3.72,3.53,924415.83
2025-03-19,3.61,3.75,3.9,3.53,1504087.06
2025-03-20,3.7,3.63,3.77,3.62,887098.87
2025-03-21,3.59,3.6,3.66,3.55,645846.0
2025-03-24,3.59,3.83,3.96,3.58,1966565.74
2025-03-25,3.78,3.74,4.08,3.73,1509187.1
2025-03-26,3.79,3.88,3.98,3.78,1248560.88
2025-03-27,3.82,3.49,3.86,3.49,1916488.07
2025-03-28,3.38,3.63,3.78,3.14,1906428.66
2025-03-31,3.6,3.75,3.99,3.56,1990910.64
2025-04-01,3.6,3.49,3.65,3.45,1352279.66
2025-04-02,3.49,3.37,3.54,3.36,654629.76
2025-04-03,3.32,3.33,3.4,3.28,666317.0
2025-04-07,3.05,3.0,3.17,3.0,558827.0
2025-04-08,2.95,3.06,3.15,2.81,839054.0
2025-04-09,2.95,3.11,3.24,2.75,1035149.75
2025-04-10,3.16,3.17,3.26,3.1,876352.0
2025-04-11,3.16,3.28,3.45,3.02,1050190.75
2025-04-14,3.3,3.42,3.46,3.3,1073464.75
2025-04-15,3.53,3.4,3.53,3.33,713036.75
2025-04-16,3.44,3.39,3.48,3.37,757112.0
2025-04-17,3.37,3.39,3.49,3.32,649464.0
2025-04-18,3.39,3.34,3.39,3.29,547660.54
2025-04-21,3.33,3.33,3.36,3.28,370077.0
2025-04-22,3.31,3.1,3.37,3.05,1250995.24
2025-04-23,3.17,3.13,3.17,3.06,545838.44
2025-04-24,3.1,3.01,3.12,2.9,879143.9
2025-04-25,3.02,3.07,3.14,2.97,677079.75
2025-04-28,3.14,3.1,3.17,3.05,758391.8
2025-04-29,3.1,3.04,3.12,3.0,370400.75
2025-04-30,3.02,3.05,3.09,3.01,380826.75
2025-05-06,3.08,3.18,3.18,3.06,610864.0
2025-05-07,3.25,3.25,3.28,3.18,743149.0
2025-05-08,3.26,3.34,3.47,3.24,719585.0
2025-05-09,3.33,3.2,3.33,3.19,588173.0
2025-05-12,3.21,3.22,3.28,3.2,358355.0
2025-05-13,3.25,3.2,3.26,3.18,403250.99
2025-05-14,3.19,3.19,3.22,3.16,344134.76
2025-05-15,3.2,3.12,3.2,3.11,302314.12
2025-05-16,3.15,3.13,3.16,3.12,210172.0
2025-05-19,3.13,3.22,3.24,3.13,475129.0
2025-05-20,3.22,3.19,3.23,3.16,369884.02
2025-05-21,3.23,3.14,3.25,3.13,456719.02
2025-05-22,3.12,3.12,3.19,3.09,377931.93
2025-05-23,3.14,3.04,3.14,3.03,392322.99
2025-05-26,3.05,3.08,3.1,3.03,242998.0
2025-05-27,3.07,3.09,3.12,3.05,265765.26
2025-05-28,3.09,3.14,3.19,3.08,535216.19
2025-05-29,3.15,3.15,3.17,3.09,349286.02
2025-05-30,3.15,3.08,3.15,3.06,292075.0
2025-06-03,3.05,3.09,3.11,3.03,274711.28
2025-06-04,3.11,3.16,3.24,3.1,466164.94
2025-06-05,3.18,3.13,3.18,3.1,363127.0
2025-06-06,3.14,3.11,3.17,3.1,236015.0
2025-06-09,3.15,3.17,3.18,3.09,430095.48
2025-06-10,3.17,3.12,3.19,3.08,387559.0
2025-06-11,3.13,3.17,3.28,3.12,633783.0
2025-06-12,3.19,3.14,3.19,3.12,369122.0
2025-06-13,3.14,3.09,3.14,3.07,380923.0
2025-06-16,3.08,3.11,3.14,3.06,218719.24
2025-06-17,3.13,3.11,3.18,3.08,332658.0
2025-06-18,3.11,3.08,3.11,3.05,280938.88
2025-06-19,3.08,3.01,3.08,3.0,268694.0
2025-06-20,3.03,3.02,3.05,3.0,119429.4
2025-06-23,2.93,3.03,3.03,2.93,203718.68
2025-06-24,3.03,3.07,3.07,3.02,188169.05
2025-06-25,3.06,3.1,3.11,3.05,308488.83
2025-06-26,3.08,3.07,3.1,3.06,230286.0
2025-06-27,3.07,3.09,3.13,3.06,367474.03
2025-06-30,3.11,3.11,3.19,3.1,411993.0
2025-07-01,3.12,3.42,3.42,3.09,1653572.61
2025-07-02,3.37,3.32,3.38,3.25,1497345.0
2025-07-03,3.3,3.32,3.36,3.28,710028.0
2025-07-04,3.34,3.28,3.37,3.26,558617.0
2025-07-07,3.27,3.28,3.31,3.25,408214.0
2025-07-08,3.27,3.28,3.29,3.25,393449.0
2025-07-09,3.29,3.28,3.29,3.25,335799.54
2025-07-10,3.26,3.32,3.35,3.25,584749.22
2025-07-11,3.33,3.38,3.4,3.31,754239.47
2025-07-14,3.37,3.38,3.42,3.32,471180.02
2025-07-15,3.35,3.22,3.36,3.2,627715.67
2025-07-16,3.23,3.2,3.28,3.19,417971.0
2025-07-17,3.2,3.17,3.22,3.15,429875.0
2025-07-18,3.18,3.14,3.18,3.12,300005.0
2025-07-21,3.14,3.16,3.17,3.13,416668.02
2025-07-22,3.17,3.12,3.19,3.11,420163.02
2025-07-23,3.11,3.09,3.14,3.09,325379.0
2025-07-24,3.1,3.13,3.15,3.08,334809.0
2025-07-25,3.13,3.12,3.15,3.11,270503.0
2025-07-28,3.12,3.09,3.12,3.08,330550.02
2025-07-29,3.09,3.11,3.12,3.07,299327.0
2025-07-30,3.12,3.05,3.12,3.05,315511.0
2025-07-31,3.03,2.98,3.06,2.98,445569.0
2025-08-01,2.99,2.94,3.0,2.92,517826.02
2025-08-04,2.92,2.92,2.94,2.88,323738.0
2025-08-05,2.94,2.95,2.96,2.93,281193.0
2025-08-06,2.95,2.96,2.97,2.92,229175.0
2025-08-07,2.95,3.01,3.02,2.93,439269.02
2025-08-08,3.11,3.06,3.15,3.03,655017.14
2025-08-11,3.04,3.07,3.1,2.99,571969.01
2025-08-12,2.77,2.76,2.85,2.76,542975.54
2025-08-13,2.48,2.74,2.79,2.48,1809122.33
2025-08-14,2.61,2.94,3.01,2.61,2062366.32
2025-08-15,2.95,2.95,3.1,2.86,1423039.76
2025-08-18,2.95,2.87,2.98,2.86,991060.76
2025-08-19,2.87,2.87,2.94,2.83,673443.0
2025-08-20,2.87,2.81,2.88,2.79,486592.0
2025-08-21,2.82,2.81,2.85,2.78,532827.96
2025-08-22,2.8,2.76,2.8,2.68,616718.75
2025-08-25,2.76,2.75,2.81,2.73,577369.34
2025-08-26,2.73,2.73,2.76,2.7,417007.84
2025-08-27,2.73,2.65,2.79,2.65,618698.0
2025-08-28,2.65,2.64,2.69,2.54,605323.34
2025-08-29,2.63,2.78,2.84,2.6,1150756.26
2025-09-01,2.78,2.73,2.79,2.67,611752.96
2025-09-02,2.74,2.76,2.82,2.71,730286.0
2025-09-03,2.75,2.79,2.86,2.71,679997.0
2025-09-04,2.77,2.77,2.85,2.7,794116.1
2025-09-05,2.8,2.89,2.9,2.8,849976.1
2025-09-08,2.87,2.79,2.89,2.76,757063.0
2025-09-09,2.77,2.78,2.82,2.74,494740.0
2025-09-10,2.77,3.01,3.06,2.64,2441559.4
2025-09-11,2.92,2.91,2.95,2.81,1673343.88
2025-09-12,2.88,2.9,2.99,2.88,1180991.02
2025-09-15,2.98,2.92,3.05,2.85,1089974.0
2025-09-16,2.95,3.01,3.16,2.93,1538259.12
2025-09-17,3.01,3.16,3.31,2.91,2851855.29
2025-09-18,3.1,3.02,3.18,3.01,2031137.04
2025-09-19,3.1,2.88,3.12,2.87,1204375.12
2025-09-22,2.85,2.77,2.86,2.75,818640.16
2025-09-23,2.74,2.68,2.75,2.59,860466.4
2025-09-24,2.66,2.76,2.84,2.63,787740.76
2025-09-25,2.75,2.68,2.76,2.67,548836.33
2025-09-26,2.67,2.65,2.74,2.65,392738.38
2025-09-29,2.67,2.66,2.68,2.61,344477.02
2025-09-30,2.67,2.62,2.67,2.61,450808.0
2025-10-09,2.36,2.36,2.36,2.36,300924.0
2025-10-10,2.12,2.49,2.57,2.12,1728922.23
2025-10-13,2.4,2.47,2.65,2.4,1139306.02
2025-10-14,2.52,2.42,2.54,2.41,836254.97
2025-10-15,2.44,2.43,2.46,2.37,568924.35
2025-10-16,2.47,2.41,2.48,2.39,430064.1
2025-10-17,2.41,2.31,2.43,2.31,403818.96
2025-10-20,2.34,2.34,2.38,2.3,467302.74
2025-10-21,2.35,2.43,2.44,2.32,506382.98
2025-10-22,2.45,2.44,2.46,2.4,350114.0
2025-10-23,2.53,2.44,2.57,2.39,509812.89
2025-10-24,2.44,2.37,2.47,2.36,433805.0
2025-10-27,2.4,2.33,2.41,2.31,455809.0
2025-10-28,2.33,2.35,2.35,2.29,355743.99
2025-10-29,2.33,2.31,2.33,2.26,422024.0
2025-10-30,2.37,2.29,2.38,2.28,349885.0
2025-10-31,2.29,2.33,2.35,2.27,384442.99
2025-11-03,2.36,2.41,2.41,2.35,491194.0
2025-11-04,2.42,2.4,2.43,2.38,337983.62
2025-11-05,2.4,2.44,2.46,2.38,403189.0
2025-11-06,2.46,2.35,2.46,2.34,521047.0
2025-11-07,2.35,2.32,2.36,2.31,384523.4
2025-11-10,2.32,2.4,2.4,2.29,474868.0
2025-11-11,2.4,2.44,2.45,2.37,437752.29
2025-11-12,2.45,2.45,2.49,2.42,390107.24
2025-11-13,2.46,2.48,2.48,2.38,458271.47
2025-11-14,2.49,2.5,2.53,2.46,448499.52
2025-11-17,2.51,2.54,2.55,2.49,394974.14
2025-11-18,2.55,2.46,2.56,2.41,472857.0
2025-11-19,2.45,2.38,2.47,2.37,375035.0
2025-11-20,2.37,2.38,2.42,2.31,376813.0
2025-11-21,2.34,2.26,2.4,2.26,399359.0
2025-11-24,2.3,2.31,2.33,2.26,384398.24
2025-11-25,2.34,2.37,2.38,2.3,302663.34
2025-11-26,2.36,2.37,2.44,2.35,362754.0
2025-11-27,2.39,2.36,2.39,2.31,261724.0
2025-11-28,2.35,2.39,2.4,2.32,301623.0
2025-12-01,2.42,2.4,2.43,2.37,304289.0
2025-12-02,2.38,2.4,2.41,2.33,255991.86
2025-12-03,2.41,2.37,2.44,2.35,349817.0
2025-12-04,2.37,2.28,2.38,2.27,389272.86
2025-12-05,2.28,2.28,2.29,2.21,322852.0
2025-12-08,2.29,2.29,2.32,2.27,303869.4
2025-12-09,2.29,2.28,2.3,2.22,327559.0
2025-12-10,2.26,2.37,2.51,2.26,1147458.0
2025-12-11,2.33,2.18,2.33,2.16,1033778.94
2025-12-12,2.16,2.11,2.17,2.1,445190.0
2025-12-15,2.08,2.1,2.13,2.05,349634.0
2025-12-16,2.09,2.05,2.12,2.05,325128.0
2025-12-17,2.06,2.02,2.07,1.98,434270.0
2025-12-18,2.0,2.08,2.17,1.98,636698.0
2025-12-19,2.08,2.13,2.14,2.05,512696.0
2025-12-22,2.13,2.11,2.15,2.1,307038.0
2025-12-23,2.11,2.04,2.12,2.03,386438.13
2025-12-24,2.04,2.06,2.07,2.03,221710.01
2025-12-25,2.07,2.06,2.08,2.04,215922.0
2025-12-26,2.06,2.04,2.08,2.04,294260.0
2025-12-29,2.05,2.02,2.06,2.02,286290.99
2025-12-30,2.02,2.01,2.03,1.99,212059.01
2025-12-31,2.01,2.01,2.03,1.98,304651.22
2026-01-05,2.01,2.01,2.02,1.99,251183.3
2026-01-06,2.01,2.1,2.12,1.98,609608.31
2026-01-07,2.1,2.05,2.1,2.04,376112.24
2026-01-08,2.04,2.06,2.09,2.02,324691.24
2026-01-09,2.07,2.09,2.1,2.06,331195.08
2026-01-12,2.09,2.11,2.12,2.07,387331.94
2026-01-13,2.12,2.12,2.2,2.08,553961.13
2026-01-14,2.1,2.09,2.15,2.06,469492.0
2026-01-15,2.07,2.05,2.09,2.03,451943.0
2026-01-16,2.06,2.01,2.08,2.01,322657.0
2026-01-19,2.01,2.04,2.05,2.0,246119.0
2026-01-20,2.05,2.07,2.08,2.04,392700.0
2026-01-21,2.05,2.06,2.07,2.03,220971.0
2026-01-22,2.06,2.1,2.1,2.04,400548.0
2026-01-23,2.1,2.1,2.11,2.07,289164.24
2026-01-26,2.11,2.06,2.11,2.04,340847.0
2026-01-27,2.07,2.05,2.07,2.01,271980.0
2026-01-28,2.04,2.02,2.07,2.01,263809.0
2026-01-29,2.01,2.02,2.06,1.99,298760.56
2026-01-30,2.02,2.01,2.03,1.99,350480.0
2026-02-02,1.81,1.81,1.81,1.81,241546.0
2026-02-03,1.84,1.79,1.9,1.74,1132057.41
2026-02-04,1.81,1.88,1.9,1.8,944196.62
2026-02-05,1.89,2.07,2.07,1.88,1606652.62
2026-02-06,2.1,2.28,2.28,2.1,1435843.88
2026-02-09,2.31,2.19,2.43,2.19,2453413.21
2026-02-10,2.23,2.41,2.41,2.19,2812150.74
2026-02-11,2.28,2.17,2.36,2.17,2105809.16
2026-02-12,2.13,2.1,2.17,2.07,1594649.97
2026-02-13,2.12,2.05,2.14,2.04,1083590.21
2026-02-24,2.07,2.09,2.12,2.05,816891.0
2026-02-25,2.11,2.3,2.3,2.1,1211193.02
2026-02-26,2.3,2.25,2.35,2.23,1558313.0
2026-02-27,2.3,2.23,2.35,2.19,1098080.02
2026-03-02,2.17,2.05,2.2,2.02,1278356.0
2026-03-03,2.08,1.93,2.1,1.9,1075390.0
2026-03-04,1.87,1.95,1.99,1.84,741453.77
2026-03-05,1.98,2.01,2.03,1.95,653313.89
2026-03-06,1.97,2.02,2.03,1.94,506196.89
2026-03-09,1.99,2.0,2.01,1.94,508305.0
2026-03-10,2.05,2.07,2.2,2.01,1429562.0
2026-03-11,2.01,2.06,2.08,1.98,910977.02
2026-03-12,2.05,1.98,2.05,1.98,626440.0
2026-03-13,2.01,1.96,2.01,1.95,561506.0
2026-03-16,1.94,1.99,2.0,1.93,491512.88
2026-03-17,2.0,1.99,2.06,1.99,612688.02
2026-03-18,1.98,2.0,2.01,1.94,427686.62
2026-03-19,1.99,1.93,1.99,1.92,457603.82
2026-03-20,1.93,1.86,1.95,1.85,474465.52
2026-03-23,1.83,1.77,1.86,1.76,479428.62
2026-03-24,1.81,1.91,1.93,1.79,595821.0
2026-03-25,1.9,1.92,1.93,1.88,377430.0
2026-03-26,1.93,1.91,2.04,1.91,818314.2
2026-03-27,1.87,1.92,1.93,1.86,374773.0
2026-03-30,1.9,2.0,2.01,1.89,551200.87
2026-03-31,1.98,2.01,2.1,1.98,765710.36
2026-04-01,2.03,2.03,2.08,1.97,584916.0
2026-04-02,2.02,1.92,2.03,1.9,621045.36
2026-04-03,1.92,1.81,1.92,1.78,612404.13
2026-04-07,1.8,1.84,1.85,1.79,345230.0
2026-04-08,1.86,1.92,1.93,1.86,458448.9
2026-04-09,1.91,1.84,1.92,1.84,338011.9
2026-04-10,1.85,1.82,1.87,1.82,313181.0
2026-04-13,1.81,1.84,1.84,1.8,255338.32
2026-04-14,1.86,1.94,2.0,1.84,892594.16
2026-04-15,1.94,1.88,1.94,1.86,483699.0
2026-04-16,1.89,1.87,1.9,1.84,433142.32
2026-04-17,1.88,1.83,1.88,1.8,475017.0
2026-04-20,1.84,1.88,1.93,1.8,624479.5
2026-04-21,1.96,2.07,2.07,1.92,1847910.98
2026-04-22,1.98,1.98,2.09,1.96,1567708.79
2026-04-23,1.98,1.93,2.01,1.92,804914.92
2026-04-27,1.83,2.03,2.03,1.83,1640874.25
2026-04-28,2.0,1.93,2.08,1.93,1139916.36
2026-04-29,1.88,1.83,1.91,1.83,1379196.04
2026-04-30,1.81,1.74,1.84,1.74,1062722.12
2026-05-06,1.74,1.79,1.82,1.66,1145930.99
2026-05-07,1.77,1.7,1.8,1.7,879461.0
2026-05-08,1.65,1.69,1.75,1.62,729673.31
2026-05-11,1.67,1.7,1.76,1.66,659961.4
2026-05-12,1.74,1.69,1.74,1.67,498565.0
2026-05-13,1.71,1.67,1.73,1.66,471413.92
2026-05-14,1.66,1.59,1.68,1.59,638585.0
2026-05-15,1.51,1.51,1.54,1.51,577431.58
2026-05-18,1.43,1.43,1.45,1.43,186348.0
2026-05-19,1.36,1.46,1.5,1.36,966876.89
2026-05-20,1.39,1.39,1.41,1.39,554838.0
2026-05-21,1.35,1.32,1.37,1.32,436364.23
2026-05-22,1.28,1.26,1.31,1.25,587893.72
2026-05-25,1.29,1.32,1.32,1.29,155170.16
2026-05-26,1.39,1.39,1.39,1.38,316067.16
2026-05-27,1.46,1.46,1.46,1.39,437497.24
2026-05-28,1.5,1.53,1.53,1.46,273547.0
2026-05-29,1.61,1.6,1.61,1.52,1073768.39
2026-06-01,1.52,1.56,1.63,1.52,666456.67
2026-06-02,1.56,1.64,1.64,1.53,625133.46
2026-06-03,1.64,1.67,1.72,1.62,693997.12
2026-06-04,1.66,1.75,1.75,1.66,687029.0
2026-06-05,1.79,1.84,1.84,1.76,539620.92
2026-06-08,1.85,1.92,1.93,1.77,970090.23
2026-06-09,1.92,1.82,1.98,1.82,769017.0
2026-06-10,1.77,1.73,1.78,1.73,175126.0
2026-06-11,1.64,1.64,1.72,1.64,603801.48
2026-06-12,1.67,1.72,1.72,1.57,569207.12
2026-06-15,1.72,1.81,1.81,1.69,571160.0
2026-06-16,1.81,1.75,1.84,1.72,610804.0
2026-06-17,1.76,1.68,1.76,1.66,333831.02
2026-06-18,1.67,1.67,1.74,1.64,273190.0
2026-06-22,1.62,1.75,1.75,1.62,368058.0
2026-06-23,1.79,1.84,1.84,1.77,303601.63
2026-06-24,1.91,1.88,1.93,1.82,677909.0
2026-06-25,1.95,1.97,1.97,1.92,760907.04
2026-06-26,1.97,2.07,2.07,1.95,281334.34
2026-06-29,2.17,2.17,2.17,2.1,305633.0
2026-06-30,2.28,2.28,2.28,2.28,87502.0
2026-07-01,2.39,2.24,2.39,2.17,1033395.02
2026-07-02,2.3,2.18,2.35,2.13,662092.89
2026-07-03,2.07,2.24,2.27,2.07,589101.02
2026-07-06,2.26,2.33,2.42,2.18,514243.63
2026-07-07,2.3,2.25,2.37,2.23,340872.6
2026-07-08,2.17,2.19,2.26,2.11,274952.0
2026-07-09,2.21,2.21,2.28,2.19,260055.0
2026-07-10,2.22,2.1,2.24,2.09,321294.0
2026-07-13,2.16,2.1,2.2,2.07,259577.0
2026-07-14,2.07,2.14,2.18,2.04,240366.02
2026-07-15,2.15,2.11,2.18,2.09,203114.0
2026-07-16,2.08,1.95,2.08,1.9,433623.0
2026-07-17,1.97,1.78,1.98,1.76,316050.2
2026-07-20,1.85,1.69,1.87,1.61,338355.0
2026-07-21,1.7,1.72,1.77,1.53,313785.0
2026-07-22,1.71,1.76,1.76,1.68,157072.0
2026-07-23,1.78,1.89,1.93,1.77,252393.0
2026-07-24,1.88,1.88,1.91,1.85,126100.0
2026-07-27,1.87,1.89,1.92,1.84,135607.0
2026-07-28,1.88,1.89,1.96,1.85,162221.12
2026-07-29,1.91,1.9,1.94,1.88,118457.0
2026-07-30,1.91,1.83,1.93,1.83,153197.3
2026-07-31,1.88,1.91,1.91,1.85,151754.0
2026-08-03,1.91,1.92,1.96,1.9,118358.19
2026-08-04,1.9,1.9,1.92,1.83,187024.0
2026-08-05,1.92,2.09,2.09,1.89,415452.49
2026-08-06,2.15,2.06,2.16,2.05,374326.0
2026-08-07,2.11,2.14,2.21,2.08,322868.0
2026-08-10,2.14,1.97,2.15,1.94,445073.01
2026-08-11,1.97,1.92,1.99,1.91,208697.0
2026-08-12,1.93,1.92,1.95,1.89,180314.63
2026-08-13,1.91,1.89,1.94,1.89,166827.0
2026-08-14,1.88,1.96,1.99,1.88,205226.27
2026-08-17,1.96,1.99,2.04,1.95,252097.27
2026-08-18,1.99,1.95,2.0,1.93,151061.0
2026-08-19,1.96,1.93,1.99,1.9,146013.0
2026-08-20,1.94,1.94,1.96,1.91,128743.0
2026-08-21,1.94,2.01,2.02,1.92,212432.0
2026-08-24,2.03,2.04,2.08,1.99,209958.0
2026-08-25,2.01,2.07,2.18,2.01,316249.0
2026-08-26,2.05,2.05,2.07,2.01,164069.16
2026-08-27,2.06,2.06,2.08,2.02,128133.0
2026-08-28,2.07,2.08,2.15,2.04,201768.0
2026-08-31,2.1,2.17,2.18,2.1,237038.0
2026-09-01,2.17,2.22,2.24,2.15,240083.0
2026-09-02,2.28,2.33,2.44,2.24,436639.0
2026-09-03,2.27,2.26,2.33,2.11,365422.95
2026-09-04,2.28,2.35,2.4,2.27,329208.95
2026-09-07,2.39,2.36,2.41,2.29,282826.28
2026-09-08,2.36,2.35,2.37,2.28,222815.0
2026-09-09,2.34,2.4,2.4,2.28,214506.31
2026-09-10,2.41,2.54,2.55,2.41,352973.12
2026-09-11,2.58,2.6,2.7,2.44,505574.47
2026-09-14,2.61,2.77,2.8,2.57,458942.65
2026-09-15,2.75,2.91,2.91,2.71,498732.65
2026-09-16,2.92,2.82,3.02,2.8,512288.0
2026-09-17,2.8,2.54,2.89,2.54,671147.19
2026-09-18,2.53,2.5,2.58,2.39,518552.46
