date,open,close,high,low,volume
2013-01-04,11.17,11.06,11.31,11.02,26616.66
2013-01-07,10.99,11.01,11.1,10.86,23004.43
2013-01-08,11.01,11.24,11.39,10.96,33172.01
2013-01-09,11.25,11.7,11.7,11.17,55568.39
2013-01-10,11.77,11.54,11.88,11.49,37811.58
2013-01-11,11.46,11.35,11.72,11.31,45830.64
2013-01-14,11.32,12.48,12.48,11.23,72399.12
2013-01-15,12.62,12.78,13.13,12.46,59892.18
2013-01-16,12.71,12.54,12.72,12.25,46618.17
2013-01-17,12.53,12.39,12.53,12.09,31904.05
2013-01-18,12.35,12.81,13.02,12.35,51581.02
2013-01-21,12.81,12.66,12.81,12.32,25350.72
2013-01-22,12.69,12.95,13.12,12.53,49976.25
2013-01-23,12.95,13.15,13.17,12.73,33296.98
2013-01-24,12.82,12.65,13.16,12.46,27129.6
2013-01-25,12.45,12.4,12.45,12.21,23681.73
2013-01-28,12.4,12.69,12.69,12.36,19610.87
2013-01-29,12.74,13.04,13.07,12.71,34469.35
2013-01-30,12.9,12.96,13.09,12.79,16330.78
2013-01-31,12.99,12.7,13.04,12.69,16063.39
2013-02-01,12.7,12.55,12.7,12.46,12951.52
2013-02-04,12.55,12.15,12.59,12.11,26392.78
2013-02-05,12.11,12.22,12.24,11.92,23319.38
2013-02-06,12.25,12.7,12.92,12.25,29043.87
2013-02-07,12.77,12.77,12.85,12.47,14300.3
2013-02-08,12.77,12.96,13.0,12.66,16821.38
2013-02-18,12.97,13.36,13.55,12.89,27245.51
2013-02-19,13.2,13.0,13.36,12.85,16956.16
2013-02-20,13.02,13.7,13.81,13.02,30840.13
2013-02-21,13.62,13.62,13.9,13.46,33326.43
2013-02-22,13.62,13.58,13.86,13.18,23958.92
2013-02-25,13.38,13.77,13.84,13.3,19859.74
2013-02-26,13.66,13.62,14.29,13.48,27830.06
2013-02-27,13.55,13.64,14.14,13.52,12958.1
2013-02-28,13.64,13.79,13.81,13.48,11491.24
2013-03-01,13.79,14.37,14.47,13.79,29328.36
2013-03-04,14.28,14.02,14.61,13.85,22989.08
2013-03-05,14.02,15.43,15.43,13.89,42557.72
2013-03-06,15.46,15.89,16.19,15.34,33679.27
2013-03-07,15.93,14.83,15.96,14.73,43048.39
2013-03-08,15.02,15.3,16.3,14.87,47591.7
2013-03-11,15.29,15.61,15.76,14.98,29582.07
2013-03-12,15.45,15.1,15.93,14.81,25396.19
2013-03-13,15.19,15.25,15.41,14.73,33529.45
2013-03-14,15.01,16.25,16.48,15.01,61041.83
2013-03-15,16.26,16.21,16.83,15.9,33172.64
2013-03-18,16.0,17.03,17.76,15.95,45928.79
2013-03-19,17.03,16.96,17.73,16.63,21088.31
2013-03-20,17.06,17.71,17.77,17.06,35286.52
2013-03-21,17.72,18.27,18.42,17.51,36673.97
2013-03-22,18.27,18.31,18.68,17.97,23712.34
2013-03-25,18.46,17.82,18.48,17.3,37428.44
2013-03-26,17.62,18.19,18.5,17.43,25492.62
2013-03-27,18.24,17.74,18.31,17.58,17955.19
2013-03-28,17.74,18.19,18.38,17.32,38175.44
2013-03-29,18.09,18.64,18.8,17.62,26674.38
2013-04-01,18.49,19.19,19.54,18.32,27743.91
2013-04-02,19.12,18.2,19.45,18.2,29856.12
2013-04-03,18.31,17.65,18.34,17.25,34771.33
2013-04-08,17.51,18.74,19.02,16.95,24936.83
2013-04-09,18.74,18.6,18.79,17.9,18073.85
2013-04-10,18.49,18.27,18.59,18.13,13199.54
2013-04-11,18.33,17.89,18.49,17.7,16464.7
2013-04-12,17.91,17.29,18.05,17.18,18153.88
2013-04-15,17.4,17.51,17.87,17.01,11038.08
2013-04-16,17.47,17.62,17.76,17.18,12553.4
2013-04-17,17.62,18.44,18.48,17.41,22717.17
2013-04-18,18.01,18.24,18.42,18.01,14291.41
2013-04-19,18.24,18.62,18.93,18.02,26235.84
2013-04-22,18.57,18.86,18.91,18.09,19697.54
2013-04-23,18.96,18.82,19.49,18.45,39317.16
2013-04-24,18.71,20.7,20.7,18.35,44839.68
2013-04-25,20.7,20.12,22.4,19.58,52051.45
2013-04-26,20.12,19.37,20.45,18.97,27357.03
2013-05-02,19.26,20.69,20.91,19.06,26114.65
2013-05-03,20.8,20.65,22.3,20.57,36716.21
2013-05-06,20.7,21.06,21.37,20.24,35971.89
2013-05-07,21.02,20.17,21.02,20.0,41644.9
2013-05-08,20.33,21.24,21.71,20.03,44054.07
2013-05-09,21.08,22.58,22.74,21.08,44405.62
2013-05-10,22.48,22.16,22.48,21.53,26861.16
2013-05-13,22.19,21.89,22.26,21.57,23730.99
2013-05-14,21.89,23.03,23.66,21.64,33978.97
2013-05-15,22.85,23.41,23.84,22.52,34192.91
2013-05-16,23.41,23.11,23.81,22.87,31275.01
2013-05-17,23.11,23.09,23.18,22.78,27580.75
2013-05-20,23.2,22.85,23.42,22.26,29661.82
2013-05-21,22.89,23.26,23.54,22.67,27650.1
2013-05-22,23.05,21.64,23.44,21.5,51945.06
2013-05-23,21.35,21.64,22.15,20.44,46458.0
2013-05-24,21.17,21.9,21.98,21.15,27884.35
2013-05-27,22.07,22.21,22.8,21.73,24273.43
2013-05-28,22.22,21.75,22.32,21.46,15291.8
2013-05-29,21.63,21.83,22.21,20.95,30799.53
2013-05-30,21.61,21.26,21.78,21.16,25970.33
2013-05-31,21.27,20.61,21.56,20.44,23903.83
2013-06-03,20.84,20.55,21.0,20.47,17692.49
2013-06-04,20.55,19.7,20.71,19.34,28383.47
2013-06-05,19.7,20.8,20.91,19.7,32406.33
2013-06-06,20.88,20.57,20.91,20.36,15755.75
2013-06-07,20.68,20.87,21.24,20.58,26741.78
2013-06-13,20.71,20.6,20.83,19.94,15241.0
2013-06-14,20.75,21.81,22.2,20.75,40722.23
2013-06-17,21.85,22.46,22.64,21.85,27216.54
2013-06-18,22.58,22.0,22.67,21.79,14218.59
2013-06-19,22.01,22.07,22.19,21.34,14560.4
2013-06-20,21.85,20.9,22.08,20.87,13744.82
2013-06-21,20.43,21.13,21.46,20.2,10105.17
2013-06-24,21.13,20.25,21.13,19.56,20807.53
2013-06-25,20.14,20.55,20.63,18.42,18938.79
2013-06-26,20.98,22.23,22.29,20.57,33342.2
2013-06-27,22.27,22.19,22.82,21.93,27813.96
2013-06-28,22.04,22.08,22.59,21.25,23346.82
2013-07-01,21.93,22.95,23.24,21.53,24689.19
2013-07-02,22.82,23.19,23.88,22.82,28136.31
2013-07-03,22.93,25.5,25.5,22.82,31216.85
2013-07-04,25.89,26.17,27.2,25.36,33794.08
2013-07-05,26.13,26.11,26.53,25.25,28020.39
2013-07-08,25.41,24.63,25.41,24.13,25997.1
2013-07-09,24.61,24.44,24.83,23.72,21312.32
2013-07-10,24.44,25.49,25.71,23.92,24047.89
2013-07-11,25.39,25.65,26.13,24.69,23525.96
2013-07-12,25.63,24.8,25.63,24.77,26195.22
2013-07-15,24.37,24.58,24.8,24.07,29966.97
2013-07-16,24.59,24.66,25.06,24.29,19772.45
2013-07-17,24.44,24.22,24.64,24.0,26020.46
2013-07-18,24.09,23.24,24.09,23.14,48304.25
2013-07-19,23.28,23.29,24.03,23.04,36379.69
2013-07-22,23.0,23.6,23.72,22.85,15059.14
2013-07-23,23.85,24.66,24.74,23.85,26744.75
2013-07-24,24.73,24.57,24.91,24.29,19964.1
2013-07-25,24.54,23.4,24.86,23.37,26602.7
2013-07-26,23.21,23.47,23.75,23.21,12091.32
2013-07-29,23.2,22.8,23.47,22.77,16095.26
2013-07-30,22.78,22.2,23.18,22.06,18229.87
2013-07-31,22.1,22.42,22.81,22.1,7234.95
2013-08-01,22.43,23.81,24.03,22.29,23599.6
2013-08-02,23.88,23.81,24.29,23.77,13880.49
2013-08-05,23.85,24.65,24.91,23.83,22796.66
2013-08-06,24.65,24.34,24.65,23.86,21223.74
2013-08-07,24.6,23.94,24.6,23.92,8648.97
2013-08-08,23.96,23.7,24.66,23.11,30885.59
2013-08-09,23.76,23.95,24.34,23.66,16613.71
2013-08-12,24.0,23.98,24.43,23.7,15532.87
2013-08-13,24.03,24.63,24.66,23.66,23969.57
2013-08-14,24.54,24.09,24.58,23.85,12576.0
2013-08-15,24.09,23.5,24.25,23.5,12761.18
2013-08-16,23.59,23.18,23.72,23.11,12135.81
2013-08-19,23.11,23.97,24.04,22.85,12989.31
2013-08-20,23.97,24.36,24.53,23.97,20719.45
2013-08-21,24.34,24.44,24.47,23.77,10147.97
2013-08-22,24.18,24.78,25.18,24.18,17726.75
2013-08-23,24.84,26.63,27.05,24.84,36674.03
2013-08-26,26.79,26.18,27.04,25.98,27558.17
2013-08-27,26.24,25.5,26.26,24.73,26703.25
2013-08-28,25.21,25.19,25.94,24.99,21494.29
2013-08-29,25.18,24.99,25.36,24.75,9741.31
2013-08-30,24.99,25.39,25.71,24.58,17966.11
2013-09-02,25.14,25.2,25.56,24.66,9125.26
2013-09-03,25.04,25.36,25.46,24.89,10114.66
2013-09-04,25.45,25.52,25.59,24.85,15720.39
2013-09-05,25.53,25.14,25.64,25.03,9704.74
2013-09-06,24.99,25.39,25.75,24.73,13042.28
2013-09-09,25.32,24.59,25.39,24.29,26477.02
2013-09-10,24.53,23.18,24.53,23.04,46158.82
2013-09-11,22.82,20.86,22.82,20.86,75888.57
2013-09-12,20.48,20.6,20.84,19.4,57158.05
2013-09-13,20.24,20.96,20.97,20.17,40264.95
2013-09-16,20.94,20.38,20.94,20.13,44248.81
2013-09-17,20.34,19.58,20.34,19.47,44221.4
2013-09-18,19.58,19.82,19.87,19.28,31274.21
2013-09-23,19.84,20.97,21.11,19.84,50084.2
2013-09-24,22.08,22.68,22.82,22.08,72059.0
2013-09-25,22.85,22.31,22.93,21.57,35515.02
2013-09-26,22.08,21.38,22.19,21.16,18168.3
2013-09-27,21.38,21.38,21.79,20.89,18699.23
2013-09-30,21.36,21.4,21.85,21.17,12766.38
2013-10-08,21.35,21.67,22.27,21.17,18025.99
2013-10-09,21.93,20.9,21.93,20.68,29828.29
2013-10-10,20.93,20.24,21.1,19.95,51375.83
2013-10-11,20.24,20.19,20.39,19.78,34863.31
2013-10-14,20.19,20.42,20.42,19.98,27899.97
2013-10-15,20.42,20.52,20.64,20.13,22860.74
2013-10-16,20.52,20.0,20.61,19.82,21648.52
2013-10-17,20.04,20.04,20.38,19.88,13001.4
2013-10-18,20.05,20.05,20.2,19.83,8343.4
2013-10-21,20.16,20.44,20.54,19.9,19884.02
2013-10-22,20.59,20.3,20.93,20.18,27603.98
2013-10-23,20.53,20.72,21.22,20.53,41549.56
2013-10-24,20.61,20.94,21.18,20.54,29362.1
2013-10-25,20.94,21.13,21.91,20.94,46101.08
2013-10-28,21.2,21.82,21.93,21.2,45973.29
2013-10-29,22.08,21.46,22.33,21.16,37686.57
2013-10-30,21.46,21.9,22.3,21.46,23377.57
2013-10-31,21.75,21.05,22.04,21.04,18733.66
2013-11-01,20.98,20.61,21.26,20.61,12596.94
2013-11-04,20.61,21.31,21.71,20.61,15383.15
2013-11-05,21.32,22.08,22.09,21.02,23275.64
2013-11-06,22.08,21.68,22.28,21.53,15362.73
2013-11-07,21.71,21.39,21.71,21.28,7919.87
2013-11-08,21.16,21.63,21.83,21.16,11017.21
2013-11-11,21.64,22.07,22.1,21.53,12357.53
2013-11-12,22.08,21.79,22.11,21.72,6406.03
2013-11-13,21.45,21.01,21.89,20.98,9117.82
2013-11-14,21.01,21.27,21.35,20.8,15290.59
2013-11-15,21.22,21.45,21.79,21.21,10990.17
2013-11-18,21.54,22.12,22.18,21.53,23833.14
2013-11-19,22.13,23.17,23.64,22.08,24550.0
2013-11-20,22.86,23.05,23.17,22.6,9972.37
2013-11-21,23.02,22.22,23.02,21.89,22375.64
2013-11-22,22.26,21.6,22.26,21.56,18695.4
2013-11-25,21.56,22.39,22.5,21.46,19352.68
2013-11-26,22.39,22.4,22.6,22.01,13518.3
2013-11-27,22.27,24.16,24.18,22.25,56304.56
2013-11-28,24.14,24.25,24.47,23.7,19759.41
2013-11-29,24.25,23.78,24.29,23.74,16685.0
2013-12-02,23.35,24.73,24.99,22.27,32031.6
2013-12-03,24.29,24.13,24.66,23.37,21535.93
2013-12-04,23.96,24.05,24.79,23.8,10151.78
2013-12-05,24.05,23.76,24.51,23.54,9763.24
2013-12-06,23.76,23.22,24.36,23.19,10164.65
2013-12-09,23.21,23.51,23.71,23.19,7199.35
2013-12-10,23.51,23.59,23.84,23.19,7823.61
2013-12-11,23.23,24.22,24.47,23.22,13364.21
2013-12-12,24.16,24.45,24.72,23.93,14276.01
2013-12-13,24.2,24.47,24.73,24.11,6485.17
2013-12-16,24.29,24.16,24.58,23.7,9190.42
2013-12-17,24.14,25.01,25.03,23.74,17260.62
2013-12-18,25.02,24.29,25.02,24.29,7118.9
2013-12-19,24.29,24.71,24.84,24.29,6504.79
2013-12-20,24.92,24.58,24.92,24.29,7466.45
2013-12-23,24.95,23.55,24.96,23.55,11610.85
2013-12-24,23.55,24.29,24.51,23.55,8854.86
2013-12-25,24.16,24.84,24.88,23.97,6883.71
2013-12-26,24.72,24.71,24.95,24.33,6371.14
2013-12-27,24.65,25.36,25.98,24.61,15595.02
2013-12-30,25.39,25.58,25.95,25.05,16401.46
2013-12-31,25.55,25.84,25.9,25.24,9314.22
2014-01-02,25.65,26.81,27.17,25.47,17407.06
2014-01-03,26.8,26.28,27.53,26.24,11886.76
2014-01-06,26.61,25.89,26.61,25.81,5688.99
2014-01-07,25.71,28.49,28.49,25.71,16518.46
2014-01-08,28.71,28.26,29.25,27.89,17284.6
2014-01-09,28.45,28.07,29.06,27.88,10009.09
2014-01-10,28.15,25.26,28.15,25.26,31547.41
2014-01-13,25.03,26.02,26.33,24.15,27143.28
2014-01-14,25.72,25.76,25.99,24.47,13332.41
2014-01-15,25.35,26.93,27.3,25.33,17351.15
2014-01-16,26.87,27.23,27.41,26.56,12678.84
2014-01-17,26.77,25.84,27.4,25.32,17428.12
2014-01-20,25.84,25.03,26.02,24.04,11300.44
2014-01-21,24.66,24.92,25.35,23.92,19938.69
2014-01-22,25.02,25.43,25.79,24.49,14634.54
2014-01-23,25.47,25.03,25.83,24.8,16336.13
2014-01-24,24.99,25.74,26.06,24.69,15796.11
2014-01-27,25.54,25.56,26.06,25.32,12829.21
2014-01-28,25.39,23.92,25.75,23.55,39852.55
2014-01-29,23.91,23.85,24.23,23.74,11594.84
2014-01-30,23.67,23.77,24.18,23.67,7857.59
2014-02-07,23.73,24.03,24.39,23.56,16868.41
2014-02-10,24.42,26.23,26.44,24.4,70016.29
2014-02-11,26.22,25.83,26.34,25.43,25680.74
2014-02-12,25.9,26.87,27.29,25.89,27356.57
2014-02-13,26.87,26.21,27.34,26.2,17639.32
2014-02-14,26.42,25.99,26.42,25.65,14271.18
2014-02-17,25.99,25.92,26.19,25.52,17393.34
2014-02-18,25.92,26.06,26.42,25.35,24264.8
2014-02-19,25.98,25.31,25.98,25.03,21230.15
2014-02-20,25.31,23.92,25.31,23.92,34267.47
2014-02-21,23.93,22.82,24.0,22.45,57426.95
2014-02-24,22.93,22.34,22.98,21.96,51248.14
2014-02-25,22.86,22.03,23.5,22.0,65509.27
2014-02-26,22.08,22.62,22.67,22.04,35690.35
2014-02-27,22.67,22.72,23.48,22.2,49936.83
2014-02-28,22.42,21.75,22.43,20.69,63886.58
2014-03-03,21.65,21.76,22.03,21.25,37988.94
2014-03-04,21.7,21.56,21.79,21.31,28859.77
2014-03-05,21.71,21.6,21.97,21.49,26818.22
2014-03-06,21.49,20.9,21.56,20.68,32696.54
2014-03-07,20.9,20.64,21.08,20.57,28083.82
2014-03-10,20.53,20.03,20.53,19.87,28765.84
2014-03-11,19.91,20.23,20.35,19.87,22968.8
2014-03-12,20.07,20.78,21.07,20.07,36300.74
2014-03-13,20.98,20.92,21.0,20.61,19662.58
2014-03-14,20.9,20.49,20.9,20.32,19971.56
2014-03-17,20.5,21.05,21.07,20.5,21086.12
2014-03-18,21.05,21.14,21.41,21.05,25885.63
2014-03-19,21.07,20.72,21.07,20.55,19959.44
2014-03-20,20.72,20.05,20.72,20.02,21103.02
2014-03-21,19.87,20.1,20.2,19.23,27353.99
2014-03-24,20.28,19.9,20.29,19.83,14545.54
2014-03-25,19.87,19.95,20.17,19.76,10516.37
2014-03-26,19.96,20.37,20.48,19.95,19956.52
2014-03-27,20.33,19.79,20.33,19.78,16272.17
2014-03-28,19.69,19.27,19.81,19.23,17130.45
2014-03-31,19.34,19.32,19.71,19.27,12134.23
2014-04-01,19.43,20.06,20.08,19.28,16784.37
2014-04-02,20.19,20.02,20.3,19.88,17006.48
2014-04-03,20.06,20.31,20.48,19.91,21522.31
2014-04-04,20.33,21.2,21.4,20.33,40838.82
2014-04-08,21.16,20.97,21.3,20.86,21493.06
2014-04-09,21.16,21.03,21.47,21.01,16580.11
2014-04-10,21.19,21.38,21.71,21.04,30826.69
2014-04-11,21.35,20.82,21.35,20.68,18150.26
2014-04-14,20.93,21.0,21.08,20.76,9604.28
2014-04-15,20.98,21.09,21.63,20.91,24853.54
2014-04-16,20.83,21.3,21.5,20.83,16915.43
2014-04-17,21.31,22.54,22.97,21.31,53950.08
2014-04-18,22.54,22.32,22.9,22.13,20324.28
2014-04-21,22.17,22.9,23.41,22.08,32908.6
2014-04-22,23.08,23.27,23.36,22.47,37643.69
2014-04-23,23.12,22.46,23.52,22.25,29835.71
2014-04-24,22.45,22.21,22.97,21.6,35685.82
2014-04-25,21.99,21.85,22.54,21.83,26336.51
2014-04-28,21.61,21.34,22.07,21.15,26294.82
2014-04-29,21.27,22.27,22.32,21.21,26088.6
2014-04-30,22.16,22.27,22.71,21.93,23858.96
2014-05-05,22.27,23.13,23.33,22.27,31522.91
2014-05-06,23.11,23.86,24.26,22.99,58776.88
2014-05-07,23.73,23.53,23.98,23.44,26154.36
2014-05-08,23.65,24.09,24.61,23.6,43379.38
2014-05-09,23.89,23.65,24.26,22.99,30400.13
2014-05-12,23.84,23.6,24.13,22.8,31629.09
2014-05-13,23.55,24.18,24.63,23.55,29453.18
2014-05-14,23.99,24.09,24.51,23.82,17432.36
2014-05-15,23.84,22.94,24.22,22.78,30837.88
2014-05-16,22.94,22.92,22.99,22.04,28441.62
2014-05-19,22.91,22.28,22.95,22.17,15151.19
2014-05-20,22.38,22.52,22.9,22.38,12152.01
2014-05-21,22.45,22.54,22.64,22.16,14099.19
2014-05-22,22.54,23.3,23.54,22.33,33186.56
2014-05-23,23.29,23.42,23.7,23.07,16089.76
2014-05-26,23.71,23.74,24.09,23.48,19569.25
2014-05-27,23.74,23.54,23.87,23.33,10486.43
2014-05-28,23.54,23.7,23.81,23.37,15815.4
2014-05-29,23.71,22.95,24.04,22.94,18463.55
2014-05-30,22.79,23.1,23.23,22.52,23578.98
2014-06-03,23.15,23.4,23.75,23.1,16447.44
2014-06-04,23.68,23.12,23.68,23.1,12098.13
2014-06-05,23.13,23.26,23.42,22.99,11695.26
2014-06-06,23.3,23.0,23.31,22.92,10902.32
2014-06-09,22.74,22.44,22.95,22.43,18462.85
2014-06-10,22.17,23.02,23.21,22.16,20647.59
2014-06-11,23.02,23.16,23.43,22.91,14886.39
2014-06-12,23.02,23.04,23.25,22.91,9670.22
2014-06-13,23.03,23.4,23.69,22.8,20071.27
2014-06-16,23.43,23.88,23.89,23.43,39295.86
2014-06-17,23.87,23.32,23.87,23.32,20558.87
2014-06-18,23.26,23.07,23.52,23.07,13552.05
2014-06-19,23.07,22.67,23.45,22.4,15623.14
2014-06-20,22.71,22.64,22.9,22.36,12422.01
2014-06-23,22.65,22.64,22.94,22.57,16872.96
2014-06-24,22.73,22.49,22.84,22.38,24387.05
2014-06-25,22.53,22.7,22.83,22.53,15728.14
2014-06-26,22.71,22.78,22.82,22.49,21090.06
2014-06-27,22.8,22.43,22.84,22.37,35922.45
2014-06-30,22.33,22.25,22.43,22.1,29571.07
2014-07-01,22.2,22.16,22.32,21.98,31585.54
2014-07-02,22.16,22.13,22.34,21.89,36456.05
2014-07-03,22.08,21.77,22.08,21.7,61342.91
2014-07-04,21.71,22.13,22.53,21.14,94894.49
2014-07-07,21.99,20.69,21.99,20.55,137473.1
2014-07-08,20.55,20.4,20.55,20.17,64658.91
2014-07-09,20.38,20.23,20.78,20.11,73930.18
2014-07-10,20.38,19.76,20.55,19.66,70879.74
2014-07-11,19.77,20.04,20.1,19.4,43429.53
2014-07-14,20.08,20.69,20.7,19.84,69873.38
2014-07-15,20.83,20.36,20.87,20.25,53655.93
2014-07-16,20.34,20.0,20.35,19.79,35949.49
2014-07-17,20.0,19.66,20.04,19.5,27222.42
2014-07-18,19.42,19.74,19.88,19.42,23040.32
2014-07-21,19.83,19.98,20.14,19.8,27448.3
2014-07-22,20.02,20.44,20.48,20.02,55545.28
2014-07-23,20.44,20.04,20.58,19.96,37843.79
2014-07-24,20.02,19.66,20.18,19.52,38233.96
2014-07-25,19.66,20.18,20.19,19.65,32896.61
2014-07-28,20.17,20.47,20.48,20.17,50097.64
2014-07-29,20.52,20.86,21.04,20.36,83869.09
2014-07-30,20.86,20.71,20.92,20.59,46239.42
2014-07-31,20.66,20.77,20.85,20.6,35391.63
2014-08-01,20.72,20.36,20.83,20.35,44751.22
2014-08-04,20.28,20.54,20.58,20.25,28730.76
2014-08-05,20.54,20.83,20.86,20.5,46156.84
2014-08-06,20.88,20.75,20.92,20.52,33144.62
2014-08-07,20.72,20.67,20.98,20.66,39439.29
2014-08-08,20.67,20.59,20.8,20.55,26804.24
2014-08-11,20.68,20.96,21.02,20.65,48184.42
2014-08-12,20.96,21.0,21.01,20.79,37920.57
2014-08-13,21.0,21.46,21.57,20.86,82852.66
2014-08-14,21.53,21.13,21.76,21.1,58542.61
2014-08-15,21.38,22.09,22.09,21.26,99735.19
2014-08-18,22.15,22.18,22.62,21.83,79641.39
2014-08-19,22.13,22.03,22.25,21.92,50485.26
2014-08-20,22.07,22.19,22.44,21.92,55588.14
2014-08-21,22.19,21.77,22.19,21.5,61313.84
2014-08-22,21.82,21.82,21.83,21.56,35588.24
2014-08-25,21.84,21.48,22.02,21.38,38676.55
2014-08-26,21.44,21.01,21.68,20.87,41484.51
2014-08-27,21.01,21.14,21.31,20.95,22050.77
2014-08-28,21.21,20.69,21.24,20.69,32318.32
2014-08-29,20.73,20.96,21.08,20.49,30037.22
2014-09-01,20.97,21.23,21.26,20.94,48784.39
2014-09-02,21.42,22.06,22.27,21.26,94780.96
2014-09-03,22.38,21.86,22.38,21.72,102509.53
2014-09-04,21.76,22.02,22.04,21.66,74906.16
2014-09-05,22.02,22.29,22.35,21.88,84061.51
2014-09-09,22.43,22.11,22.54,21.99,60030.86
2014-09-10,22.07,21.72,22.07,21.57,78246.48
2014-09-11,21.72,21.63,21.92,21.55,75185.2
2014-09-12,21.59,21.77,21.8,21.56,41566.73
2014-09-15,21.85,21.72,21.88,21.57,53116.62
2014-09-16,21.75,20.96,21.75,20.89,69705.42
2014-09-17,20.97,20.89,21.03,20.66,43421.92
2014-09-18,20.81,21.13,21.29,20.81,27947.47
2014-09-19,20.99,21.19,21.3,20.99,24378.36
2014-09-22,21.23,20.85,21.3,20.83,28098.74
2014-09-23,20.86,21.1,21.15,20.74,34526.35
2014-09-24,21.1,21.24,21.32,20.88,38854.27
2014-09-25,21.24,21.09,21.37,21.03,37515.59
2014-09-26,21.04,21.06,21.2,20.8,30163.63
2014-09-29,21.06,21.23,21.32,21.05,34376.77
2014-09-30,21.46,21.68,21.88,21.46,78946.03
2014-10-08,21.67,21.75,21.8,21.55,43670.47
2014-10-09,21.76,21.88,21.99,21.66,77296.54
2014-10-10,21.88,21.5,21.88,21.49,56119.85
2014-10-13,21.46,21.26,21.46,21.13,36232.36
2014-10-14,21.24,21.24,21.41,21.15,28369.61
2014-10-15,21.25,21.35,21.43,21.16,23225.99
2014-10-16,21.21,20.88,21.32,20.88,35799.15
2014-10-17,20.83,20.99,21.03,20.53,35546.58
2014-10-20,21.1,21.05,21.25,20.94,22910.47
2014-10-21,21.16,20.77,21.2,20.76,25340.06
2014-10-22,20.74,20.63,20.9,20.61,17337.52
2014-10-23,20.61,20.03,20.63,20.02,32611.66
2014-10-24,20.16,20.08,20.21,19.95,15251.5
2014-10-27,20.08,19.75,20.09,19.69,30708.58
2014-10-28,19.75,20.29,20.31,19.75,25379.78
2014-10-29,20.49,20.53,20.58,20.31,30535.32
2014-10-30,20.59,20.45,20.7,20.38,24649.15
2014-10-31,20.46,20.33,20.58,20.22,26533.89
2014-11-03,20.36,20.47,20.53,20.36,22033.98
2014-11-04,20.47,20.08,20.47,20.06,31241.18
2014-11-05,20.07,20.13,20.27,19.98,19471.06
2014-11-06,20.08,20.27,20.27,20.06,16380.23
2014-11-07,20.38,20.11,20.41,20.04,24921.1
2014-11-10,20.13,20.4,20.4,20.08,22238.32
2014-11-11,20.42,19.9,20.44,19.8,38988.43
2014-11-12,19.87,20.12,20.22,19.87,15137.55
2014-11-13,20.13,19.77,20.16,19.7,27646.89
2014-11-14,19.89,20.03,20.18,19.81,21449.28
2014-11-17,20.03,20.29,20.4,19.8,28265.95
2014-11-18,20.29,20.19,20.35,20.09,16883.69
2014-11-19,20.19,20.13,20.23,20.1,18199.01
2014-11-20,20.15,19.83,20.16,19.82,24938.76
2014-11-21,19.71,19.53,19.71,19.39,43339.76
2014-11-24,19.58,19.67,19.7,19.46,36331.47
2014-11-25,19.6,20.07,20.09,19.51,56293.67
2014-11-26,20.07,19.86,20.14,19.72,45574.75
2014-11-27,19.87,20.3,20.4,19.87,81920.72
2014-11-28,20.24,20.11,20.24,19.98,45699.17
2014-12-01,20.18,19.84,20.21,19.83,36075.87
2014-12-02,19.8,19.98,20.1,19.75,33893.43
2014-12-03,19.98,20.34,20.38,19.82,74894.78
2014-12-04,20.34,20.55,20.59,20.22,78579.54
2014-12-05,20.55,20.06,20.55,19.84,61362.15
2014-12-08,20.0,20.01,20.21,19.76,44522.82
2014-12-09,20.01,19.58,20.49,19.56,59896.13
2014-12-10,19.57,19.98,20.03,19.42,45500.28
2014-12-11,20.02,20.1,20.26,19.81,41189.67
2014-12-12,20.09,20.31,20.38,20.0,47403.77
2014-12-15,20.33,20.37,20.43,20.17,49276.43
2014-12-16,20.37,20.21,20.37,20.15,35471.5
2014-12-17,20.17,19.83,20.21,19.77,41876.52
2014-12-18,19.88,19.69,20.0,19.66,28409.12
2014-12-19,19.71,19.5,19.87,19.39,44436.67
2014-12-22,19.56,17.88,19.7,17.56,64990.81
2014-12-23,17.88,17.11,17.97,17.04,74863.1
2014-12-24,17.23,17.44,17.45,17.07,41436.15
2014-12-25,17.51,17.45,17.6,17.38,31386.09
2014-12-26,17.44,17.3,17.44,17.23,28101.61
2014-12-29,17.28,16.5,17.28,16.39,47252.48
2014-12-30,16.61,16.51,16.68,16.5,30410.57
2014-12-31,16.51,16.68,16.69,16.51,23090.13
2015-01-05,16.68,17.05,17.23,16.45,47263.39
2015-01-06,17.03,17.71,17.77,16.82,60101.12
2015-01-07,17.71,17.48,17.83,17.39,36790.97
2015-01-08,17.41,17.49,17.7,17.37,24178.96
2015-01-09,17.49,17.68,18.03,17.38,55152.6
2015-01-12,17.66,17.79,17.99,17.5,32694.11
2015-01-13,17.81,18.0,18.08,17.57,38159.63
2015-01-14,18.0,17.65,18.13,17.56,30370.39
2015-01-15,17.59,17.4,17.69,17.28,29963.11
2015-01-16,17.4,17.7,17.85,17.3,26629.84
2015-01-19,17.42,17.29,18.0,17.11,34429.13
2015-01-20,17.31,19.01,19.01,17.31,128088.88
2015-01-21,19.3,19.49,19.94,19.16,155652.89
2015-01-22,19.55,19.75,20.0,19.4,74799.54
2015-01-23,19.94,19.56,20.07,19.51,56649.47
2015-01-26,19.39,19.7,19.86,19.39,39949.59
2015-01-27,19.72,20.01,20.04,19.46,62274.3
2015-01-28,19.73,20.84,21.11,19.73,129618.82
2015-01-29,20.79,20.35,20.79,20.3,47455.16
2015-01-30,20.35,20.47,20.59,20.16,40343.23
2015-02-02,20.15,20.14,20.8,20.04,46879.19
2015-02-03,20.14,20.17,20.47,20.02,32514.75
2015-02-04,20.18,19.6,20.41,19.56,56223.36
2015-02-05,19.58,19.54,19.8,19.39,38958.71
2015-02-06,19.54,19.46,19.76,19.32,24373.51
2015-02-09,19.39,19.32,19.65,19.3,25374.92
2015-02-10,19.39,19.77,19.77,19.13,30761.92
2015-02-11,19.77,19.83,19.95,19.58,36604.64
2015-02-12,19.77,20.15,20.38,19.77,34689.86
2015-02-13,20.19,20.08,20.32,20.05,31398.11
2015-02-16,20.12,20.47,20.66,20.02,48158.6
2015-02-17,20.49,20.6,20.74,20.33,44284.12
2015-02-25,20.81,21.29,21.76,20.81,85977.44
2015-02-26,21.29,20.93,21.38,20.47,60836.88
2015-02-27,20.94,21.04,21.17,20.77,47658.8
2015-03-02,21.05,21.58,21.77,21.05,69398.82
2015-03-03,21.37,20.75,21.37,20.69,76965.95
2015-03-04,20.75,20.62,20.88,20.51,47302.79
2015-03-05,20.7,22.68,22.68,20.7,197893.09
2015-03-06,23.6,22.34,23.8,22.04,218252.35
2015-03-09,22.75,22.38,22.75,21.57,98587.19
2015-03-10,22.88,22.95,23.62,22.21,151982.6
2015-03-11,22.43,22.06,22.66,21.95,108021.43
2015-03-12,22.11,22.11,22.25,21.27,104594.3
2015-03-13,22.1,21.91,22.1,21.56,64254.1
2015-03-16,21.92,22.24,22.29,21.78,87289.85
2015-03-17,22.3,22.17,22.43,21.96,105257.08
2015-03-18,22.17,22.58,22.58,21.83,106305.64
2015-03-19,22.6,22.4,22.9,22.2,104320.87
2015-03-20,22.37,22.23,22.37,21.88,99839.62
2015-03-23,22.32,22.81,22.83,22.16,119537.59
2015-03-24,22.84,22.65,23.31,22.16,133677.98
2015-03-25,22.65,23.3,23.75,22.43,160938.11
2015-03-26,23.31,22.74,23.32,22.68,87268.46
2015-03-27,22.68,22.68,23.03,22.57,69445.75
2015-03-30,22.77,22.73,22.96,22.27,72134.91
2015-03-31,22.53,22.61,22.97,22.49,74254.01
2015-04-01,22.54,23.45,24.08,22.54,162447.1
2015-04-02,23.5,23.5,23.65,23.0,129763.31
2015-04-03,23.43,24.26,24.37,23.21,149314.71
2015-04-07,24.36,24.45,25.11,23.88,123398.63
2015-04-08,24.45,23.77,24.59,23.43,104477.94
2015-04-09,23.82,23.01,23.96,22.21,108994.0
2015-04-10,23.05,23.3,23.64,23.05,79224.76
2015-04-13,23.43,24.02,24.26,23.12,110923.36
2015-04-14,24.09,23.42,24.23,23.15,104688.75
2015-04-15,23.26,22.18,23.4,22.16,91474.61
2015-04-16,21.88,22.13,22.9,21.66,103717.87
2015-04-17,22.25,22.44,22.81,22.16,84123.21
2015-04-20,22.45,22.55,23.24,22.41,98970.6
2015-04-21,22.55,23.4,23.4,22.54,92619.27
2015-04-22,23.48,23.63,23.93,23.36,105116.51
2015-04-23,23.77,23.99,24.07,23.5,126714.66
2015-04-24,23.71,24.19,24.74,23.54,122446.22
2015-04-27,24.58,23.86,24.7,23.26,102501.32
2015-04-28,23.96,22.98,24.06,22.71,92488.95
2015-04-29,22.84,23.4,23.46,22.74,57648.68
2015-04-30,23.6,23.37,24.07,23.37,77348.64
2015-05-04,23.38,23.11,23.55,22.73,58986.71
2015-05-05,23.08,22.39,23.08,22.27,59555.62
2015-05-06,22.39,21.96,22.75,21.79,55732.69
2015-05-07,21.95,21.33,22.19,21.3,63435.68
2015-05-08,21.63,22.22,22.22,21.44,66027.09
2015-05-11,22.54,22.77,22.87,22.27,72481.45
2015-05-12,22.88,22.96,23.09,22.54,70971.29
2015-05-13,23.03,25.25,25.25,22.48,214770.94
2015-05-15,26.16,27.78,27.78,25.6,253420.52
2015-05-18,30.05,30.56,30.56,29.42,69039.51
2015-05-19,33.16,30.89,33.16,29.83,293340.0
2015-05-20,30.85,31.15,31.99,30.11,185633.21
2015-05-21,30.97,32.67,34.24,30.7,188369.42
2015-05-22,32.28,31.68,32.83,30.44,169245.88
2015-05-25,31.16,31.92,32.26,30.7,124450.82
2015-05-26,32.1,33.06,33.95,31.5,163483.22
2015-05-27,32.72,32.5,32.95,31.44,139782.97
2015-05-28,32.55,34.84,35.75,32.37,257472.92
2015-05-29,34.5,34.73,35.73,31.66,197028.11
2015-06-01,35.62,36.15,36.73,34.18,142606.5
2015-06-02,35.62,35.76,36.04,34.78,112542.07
2015-06-03,36.17,36.37,38.4,35.05,106303.79
2015-06-04,37.28,34.1,37.28,32.73,170432.05
2015-06-05,34.17,33.89,35.7,33.49,134957.09
2015-06-08,34.11,32.9,34.11,31.72,101102.28
2015-06-09,32.98,33.22,34.2,32.57,74930.82
2015-06-10,33.21,33.39,33.89,32.11,96961.56
2015-06-11,33.66,33.95,33.95,33.16,76890.71
2015-06-12,34.55,33.7,34.99,33.45,75647.58
2015-06-15,33.29,31.44,33.6,31.25,110344.1
2015-06-16,31.16,31.7,32.27,30.68,64335.57
2015-06-17,32.28,31.7,32.28,30.0,66629.32
2015-06-18,31.72,29.16,31.72,29.16,74437.54
2015-06-19,28.4,26.38,28.99,26.25,80398.28
2015-06-23,26.41,27.3,27.55,24.93,78041.54
2015-06-24,27.71,28.38,28.48,27.27,92234.59
2015-06-25,28.36,26.62,28.69,26.03,82920.88
2015-06-26,25.67,23.96,26.04,23.96,86267.28
2015-06-29,24.43,24.13,24.84,21.64,124739.24
2015-06-30,23.93,26.55,26.55,23.38,126699.82
2015-07-01,26.44,25.19,27.93,24.99,137921.99
2015-07-02,25.32,25.04,26.48,23.71,105287.08
2015-07-03,23.99,24.65,26.6,22.57,116049.19
2015-07-06,27.11,25.88,27.11,22.71,122524.62
2015-07-07,24.76,23.3,25.71,23.3,76150.26
2015-07-08,20.96,21.23,23.1,20.96,265627.86
2015-07-09,20.87,23.36,23.36,20.87,59351.09
2015-07-10,24.93,25.69,25.69,23.43,66402.2
2015-07-13,26.71,28.27,28.27,26.26,134125.77
2015-07-14,27.84,27.55,29.14,27.21,151165.41
2015-07-15,27.05,24.79,27.05,24.79,85988.86
2015-07-16,24.79,25.25,26.27,23.41,69946.35
2015-07-17,25.46,27.14,27.56,25.46,72504.2
2015-07-20,27.33,27.06,28.48,26.76,74977.68
2015-07-21,26.79,27.26,27.63,26.38,67202.27
2015-07-22,27.27,28.94,28.94,26.88,96085.38
2015-07-23,28.94,30.05,30.5,28.83,114798.77
2015-07-24,30.06,28.45,31.5,28.29,86737.15
2015-07-27,27.96,25.61,28.24,25.61,71679.14
2015-07-28,24.94,26.41,26.98,23.17,80210.89
2015-07-29,26.91,27.47,27.65,25.33,51888.28
2015-07-30,27.26,25.52,27.52,25.42,46149.8
2015-07-31,25.04,25.87,25.96,25.01,39321.96
2015-08-03,25.48,26.57,26.57,24.75,54388.94
2015-08-04,26.35,27.66,27.76,26.27,46601.57
2015-08-05,27.31,27.31,28.58,27.3,49709.14
2015-08-06,26.71,29.38,29.88,26.49,96457.51
2015-08-07,29.33,29.26,29.69,28.58,73498.27
2015-08-10,29.26,30.22,30.54,29.25,78667.09
2015-08-11,30.17,30.22,31.11,29.78,67756.33
2015-08-12,29.64,28.55,29.86,28.39,61555.83
2015-08-13,28.19,28.88,29.24,27.96,44237.64
2015-08-14,28.93,28.5,29.43,28.17,38479.22
2015-08-17,28.49,29.6,29.81,27.84,52497.35
2015-08-18,29.38,26.64,29.84,26.64,66654.61
2015-08-19,26.16,27.55,27.59,24.68,48566.44
2015-08-20,27.1,26.13,27.48,26.13,25584.82
2015-08-21,25.9,23.94,26.1,23.94,43074.46
2015-08-24,22.71,21.55,23.21,21.55,68945.46
2015-08-25,20.6,19.51,21.79,19.39,57332.54
2015-08-26,20.03,19.88,20.85,19.28,52526.15
2015-08-27,20.37,21.14,21.14,19.71,47973.93
2015-08-28,21.33,22.34,22.65,21.33,66763.36
2015-08-31,21.98,21.64,22.42,21.49,41412.73
2015-09-01,21.37,20.09,21.43,20.03,37061.77
2015-09-02,19.26,20.47,21.18,18.92,38663.31
2015-09-07,20.6,20.69,21.45,20.4,34175.63
2015-09-08,20.75,21.85,21.86,20.42,31775.87
2015-09-09,22.24,22.74,22.83,21.98,51471.03
2015-09-10,22.54,21.65,22.54,21.65,36125.03
2015-09-11,21.68,21.67,22.19,21.41,18567.77
2015-09-14,22.15,19.5,22.15,19.5,35804.65
2015-09-15,19.47,18.36,19.76,18.09,33880.67
2015-09-16,18.48,20.09,20.2,18.48,33768.04
2015-09-17,19.98,19.73,20.75,19.65,49565.85
2015-09-18,19.71,19.92,20.16,19.48,22943.42
2015-09-21,19.65,20.65,20.7,19.51,28261.02
2015-09-22,20.59,20.71,21.01,20.37,26963.43
2015-09-23,20.2,21.49,22.53,20.2,65402.54
2015-09-24,21.65,21.4,22.03,21.06,33143.84
2015-09-25,21.18,20.78,21.84,20.6,26940.87
2015-09-28,20.78,21.38,21.43,20.46,20197.38
2015-09-29,21.01,21.09,21.69,20.87,19256.64
2015-09-30,21.48,21.19,21.79,21.16,16599.06
2015-10-08,22.07,22.37,22.7,21.77,60651.87
2015-10-09,22.19,22.32,22.46,21.92,25325.31
2015-10-12,22.58,23.89,24.04,22.58,58053.11
2015-10-13,23.46,23.85,24.07,23.38,38350.85
2015-10-14,23.85,23.22,23.85,23.2,34091.84
2015-10-15,23.1,24.24,24.24,22.98,36091.68
2015-10-16,24.39,24.25,24.65,23.7,42345.42
2015-10-19,24.49,25.21,26.51,24.25,51073.42
2015-10-20,24.99,25.2,25.79,24.71,35638.61
2015-10-21,25.2,22.98,25.24,22.85,56062.56
2015-10-22,23.0,23.71,23.85,22.9,36638.8
2015-10-23,23.76,24.49,24.75,23.76,32021.15
2015-10-26,24.93,24.85,25.32,24.27,47949.45
2015-10-27,25.42,26.71,27.27,25.15,89212.95
2015-10-28,25.66,25.27,26.82,25.18,54055.25
2015-10-29,25.59,25.42,25.79,24.78,28878.66
2015-10-30,25.1,25.53,26.04,24.71,39144.0
2015-11-02,24.77,24.94,25.97,24.48,45266.75
2015-11-03,25.04,25.15,25.25,24.58,34458.77
2015-11-04,25.17,26.62,26.62,25.07,53325.1
2015-11-05,26.63,25.93,27.22,25.83,74693.21
2015-11-06,25.9,26.65,26.85,25.9,44820.25
2015-11-09,26.71,27.54,28.15,26.71,85827.92
2015-11-10,27.53,28.19,28.43,27.08,79177.16
2015-11-11,27.83,27.75,28.26,27.19,57794.47
2015-11-12,27.7,27.25,27.75,26.67,82063.98
2015-11-13,26.71,29.97,29.97,26.43,98601.15
2015-11-16,29.97,31.89,32.63,29.16,141678.59
2015-11-17,31.62,30.47,31.99,29.51,137565.74
2015-11-18,30.5,28.88,30.77,28.72,75352.6
2015-11-19,29.16,30.73,31.08,28.83,115118.59
2015-11-20,30.61,31.04,32.76,30.2,161864.51
2015-11-23,30.49,29.18,30.78,29.05,107917.23
2015-11-24,29.02,29.36,29.61,28.66,61873.4
2015-11-25,29.32,30.49,30.5,29.06,79112.72
2015-11-26,30.58,31.02,31.5,29.71,105078.96
2015-11-27,31.8,28.33,31.82,28.1,104042.63
2015-11-30,28.94,31.16,31.16,28.94,176731.17
2015-12-01,31.41,32.14,34.28,31.18,199615.06
2015-12-02,31.72,31.91,33.17,29.56,85092.32
2015-12-03,31.66,33.11,34.23,31.61,75136.39
2015-12-04,32.83,34.56,35.61,32.28,96641.57
2015-12-07,34.5,34.28,35.97,33.84,88688.13
2015-12-08,33.94,34.67,34.69,32.53,77503.31
2015-12-09,34.23,38.14,38.14,33.78,121790.22
2015-12-10,37.56,35.52,37.62,35.34,96006.54
2015-12-11,34.99,34.1,36.11,33.95,59293.94
2015-12-14,33.39,33.94,34.2,32.28,87992.3
2015-12-15,33.57,34.09,35.18,33.42,65862.08
2015-12-16,34.1,33.22,34.36,32.95,67789.91
2015-12-17,33.67,34.0,34.45,33.31,94133.42
2015-12-18,33.52,33.68,34.99,33.17,94381.75
2015-12-21,33.11,32.76,33.26,32.06,90203.91
2015-12-22,32.83,33.21,33.22,32.24,57484.8
2015-12-23,33.17,32.61,33.64,32.27,69351.06
2015-12-24,32.33,31.81,32.7,31.16,62508.42
2015-12-25,31.81,31.68,32.46,31.33,56405.17
2015-12-28,31.69,31.16,32.26,31.11,52183.8
2015-12-29,31.43,32.26,32.27,30.72,62064.07
2015-12-30,32.41,31.72,32.41,31.31,45973.69
2015-12-31,31.48,31.6,32.26,31.44,53119.22
2016-01-04,31.61,28.5,31.61,28.44,54892.24
2016-01-05,26.77,26.43,27.88,25.65,75609.64
2016-01-06,26.43,27.76,27.76,26.43,65686.92
2016-01-07,26.99,24.98,27.27,24.98,14230.0
2016-01-08,25.18,25.04,26.2,23.04,64448.9
2016-01-11,24.92,22.54,24.92,22.54,64932.0
2016-01-12,22.82,23.01,23.31,22.34,53692.84
2016-01-13,23.32,22.84,24.16,22.33,65711.84
2016-01-14,22.15,25.12,25.13,21.76,91502.87
2016-01-15,24.99,23.91,24.99,23.57,77622.12
2016-01-18,23.18,24.33,24.93,22.93,53928.95
2016-01-19,24.1,25.1,25.23,23.94,58048.42
2016-01-20,24.98,24.69,25.71,24.49,55847.59
2016-01-21,24.29,22.88,24.85,22.48,52285.07
2016-01-22,23.18,22.83,23.43,22.09,55170.93
2016-01-25,23.01,23.0,23.27,22.58,36697.78
2016-01-26,22.71,20.71,22.8,20.7,48573.04
2016-01-27,20.91,20.01,20.91,18.92,75736.83
2016-01-28,19.75,19.28,20.2,19.07,43458.23
2016-01-29,19.31,20.37,21.0,19.31,54148.31
2016-02-01,20.37,20.17,20.75,19.65,45658.17
2016-02-02,20.17,20.97,21.31,20.17,42156.76
2016-02-03,20.54,21.19,21.46,20.32,40933.37
2016-02-04,21.41,21.61,21.98,21.29,45155.41
2016-02-05,21.49,21.13,21.79,21.08,35201.87
2016-02-15,20.26,21.23,21.4,20.26,32603.43
2016-02-16,21.29,22.27,22.53,21.29,48648.14
2016-02-17,22.26,22.82,23.01,22.1,55532.01
2016-02-18,22.84,22.48,23.1,22.32,35842.69
2016-02-19,22.27,22.46,22.56,22.27,26379.21
2016-02-22,22.76,22.84,23.09,22.34,46865.5
2016-02-23,22.72,22.19,22.82,21.82,43030.54
2016-02-24,21.89,22.09,22.43,21.53,33840.13
2016-02-25,22.32,20.15,23.02,19.92,115337.55
2016-02-26,20.37,20.13,20.54,19.37,60674.23
2016-02-29,20.02,18.55,20.02,18.26,59036.96
2016-03-01,18.7,18.85,19.03,17.98,50821.11
2016-03-02,18.97,19.82,19.9,18.83,55246.3
2016-03-03,19.87,19.76,20.4,19.72,54318.08
2016-03-04,19.71,18.81,19.8,18.33,53984.44
2016-03-07,18.98,19.27,19.65,18.98,39655.58
2016-03-08,19.29,19.54,19.68,18.37,57738.38
2016-03-09,18.92,18.97,19.42,18.76,34723.27
2016-03-10,19.09,18.85,19.37,18.83,26965.3
2016-03-11,18.7,19.09,19.24,18.59,27081.09
2016-03-14,19.36,20.18,20.34,19.36,73584.78
2016-03-15,19.76,20.72,21.18,19.49,129801.23
2016-03-16,20.69,19.91,20.69,19.76,92361.43
2016-03-17,19.95,21.3,21.31,19.95,142492.33
2016-03-18,21.5,21.79,22.09,21.31,177288.99
2016-03-21,22.26,22.0,22.36,21.6,154188.27
2016-03-22,21.89,21.59,21.95,21.48,91502.17
2016-03-23,21.64,21.71,21.9,21.26,89280.08
2016-03-24,21.37,21.19,21.79,21.05,106998.34
2016-03-25,21.09,21.09,21.25,20.84,63612.24
2016-03-28,21.19,21.43,21.82,21.19,104499.68
2016-03-29,21.25,20.74,21.36,20.51,66031.39
2016-03-30,20.95,21.62,21.71,20.94,86132.3
2016-03-31,21.65,21.29,21.9,21.29,92757.5
2016-04-01,21.19,21.04,21.19,20.65,57808.26
2016-04-05,21.16,22.14,22.34,21.16,135312.83
2016-04-06,22.14,22.05,22.24,21.7,102822.92
2016-04-07,22.09,24.2,24.25,21.93,273961.04
2016-04-08,23.48,24.76,25.04,23.35,316550.22
2016-04-11,24.85,24.71,26.05,24.35,225467.9
2016-04-12,24.23,23.92,24.49,23.51,130849.39
2016-04-13,24.04,23.93,24.76,23.93,129552.15
2016-04-14,24.07,24.28,24.57,23.96,88804.32
2016-04-15,24.07,24.0,24.23,23.74,74879.3
2016-04-18,23.93,23.65,24.0,23.25,83935.34
2016-04-19,23.7,23.89,24.4,23.62,94616.07
2016-04-20,24.04,22.12,24.04,21.65,141791.82
2016-04-21,21.91,21.1,22.13,21.08,90046.31
2016-04-22,20.92,21.68,21.7,20.67,70118.55
2016-04-25,21.48,21.18,21.48,20.69,57399.42
2016-04-26,21.2,21.76,21.76,21.15,64939.45
2016-04-27,21.84,22.1,22.78,21.6,114124.88
2016-04-28,21.64,21.58,21.76,20.81,119104.72
2016-04-29,21.26,21.16,21.48,21.05,62808.33
2016-05-03,20.96,22.0,22.15,20.86,100874.94
2016-05-04,21.85,21.87,22.2,21.77,77430.38
2016-05-05,21.98,22.59,22.78,21.76,123921.75
2016-05-06,22.47,21.16,22.64,21.15,133905.65
2016-05-09,20.87,20.18,21.06,20.03,83745.14
2016-05-10,20.31,20.03,20.48,19.92,48428.57
2016-05-11,20.25,20.11,20.45,19.98,51914.85
2016-05-12,19.76,20.41,20.53,19.09,64539.85
2016-05-13,20.12,20.43,21.12,20.05,75498.98
2016-05-16,20.12,21.14,21.26,19.9,92331.52
2016-05-17,21.1,21.18,22.06,20.82,130432.77
2016-05-18,20.68,20.12,20.68,19.78,80694.68
2016-05-19,20.18,20.3,20.6,20.17,59688.9
2016-05-20,20.05,20.39,20.59,19.84,48215.55
2016-05-23,20.39,21.45,21.5,20.39,108332.15
2016-05-24,21.49,21.46,22.13,21.4,144656.82
2016-05-25,21.53,21.18,21.68,20.92,89827.52
2016-05-26,21.15,21.16,21.28,20.38,73065.15
2016-05-27,21.13,20.98,21.45,20.93,62003.81
2016-05-30,20.81,20.54,20.94,20.41,43747.84
2016-05-31,20.55,21.96,21.99,20.55,116192.25
2016-06-01,21.91,22.2,22.77,21.71,162225.7
2016-06-02,22.06,22.25,22.53,21.88,91242.39
2016-06-03,22.34,22.31,22.97,22.24,130739.21
2016-06-06,22.36,23.07,23.07,22.13,130110.7
2016-06-07,23.86,22.96,24.0,22.91,190382.27
2016-06-08,22.8,23.22,23.64,22.25,144175.76
2016-06-13,22.68,21.29,23.08,21.24,114963.48
2016-06-14,21.12,21.52,21.74,21.01,75277.87
2016-06-15,21.14,22.97,23.19,21.04,148748.03
2016-06-16,23.09,23.72,24.9,22.85,249963.03
2016-06-17,23.62,23.76,24.28,23.59,170129.28
2016-06-20,23.96,23.61,23.96,23.22,116687.25
2016-06-21,23.98,22.63,23.98,22.4,130910.24
2016-06-22,22.63,23.14,23.19,22.57,82594.28
2016-06-23,23.14,22.78,23.33,22.52,78394.17
2016-06-24,22.86,23.05,23.4,21.79,139430.23
2016-06-27,22.86,23.52,23.63,22.77,102186.91
2016-06-28,23.53,23.72,24.14,23.29,108904.27
2016-06-29,23.87,23.58,23.97,23.36,93354.85
2016-06-30,23.57,23.44,23.64,22.91,99265.0
2016-07-01,23.53,23.14,23.57,23.0,55146.45
2016-07-04,22.91,23.36,23.44,22.75,70632.18
2016-07-05,23.57,23.18,23.57,23.0,85127.02
2016-07-06,23.25,23.06,23.31,23.01,60460.67
2016-07-07,22.96,23.15,23.28,22.65,88284.62
2016-07-08,23.12,22.85,23.16,22.81,54394.91
2016-07-11,22.91,22.66,23.0,22.63,51176.64
2016-07-12,22.52,22.82,22.85,22.19,61526.75
2016-07-13,22.59,22.63,22.81,22.47,71997.23
2016-07-14,22.69,22.74,22.96,22.59,54785.58
2016-07-15,22.8,22.38,22.87,22.35,54142.59
2016-07-18,22.3,22.1,22.3,21.85,43150.25
2016-07-19,22.13,22.43,22.47,22.1,42159.35
2016-07-20,22.41,22.35,22.63,22.35,34400.23
2016-07-21,22.44,22.29,22.5,22.2,31464.8
2016-07-22,22.35,22.16,22.37,22.16,28266.29
2016-07-25,21.99,22.05,22.28,21.98,24406.36
2016-07-26,22.1,22.43,22.46,22.1,36694.77
2016-07-27,22.47,21.04,22.52,20.67,70040.73
2016-07-28,20.73,20.72,21.2,20.45,50447.71
2016-07-29,20.72,20.73,20.92,20.61,27801.54
2016-08-01,20.62,20.68,20.78,20.31,26379.77
2016-08-02,20.6,20.77,20.95,20.54,31708.73
2016-08-03,20.82,20.72,20.82,20.58,19321.54
2016-08-04,20.74,20.79,20.84,20.51,26657.44
2016-08-05,20.79,20.59,20.98,20.57,25886.74
2016-08-08,20.6,20.76,20.76,20.37,28694.4
2016-08-09,20.73,21.07,21.12,20.73,33907.63
2016-08-10,21.07,20.91,21.14,20.87,26373.23
2016-08-11,20.9,20.58,21.01,20.58,24490.14
2016-08-12,20.51,20.75,20.76,20.51,17655.67
2016-08-15,20.76,21.2,21.29,20.62,45549.81
2016-08-16,21.21,21.29,21.57,21.14,38829.44
2016-08-17,21.29,21.35,21.5,21.15,29230.34
2016-08-18,21.44,21.21,21.5,21.13,26736.2
2016-08-19,21.24,21.43,21.52,21.24,38794.37
2016-08-22,21.46,21.68,21.98,21.41,62960.04
2016-08-23,21.74,22.22,22.29,21.69,76065.5
2016-08-24,22.19,22.28,22.34,21.99,52269.02
2016-08-25,22.04,22.19,22.62,21.84,64476.08
2016-08-26,22.24,22.53,22.68,22.24,84457.91
2016-08-29,22.61,22.33,23.07,22.28,62950.37
2016-08-30,22.29,22.09,22.43,21.96,39587.35
2016-08-31,22.2,21.85,22.23,21.58,38554.17
2016-09-01,21.84,21.79,21.98,21.65,33134.13
2016-09-02,21.82,22.06,22.22,21.71,40989.68
2016-09-05,22.35,23.81,24.24,22.35,190972.31
2016-09-06,23.47,23.55,23.68,23.07,108703.94
2016-09-07,23.56,23.14,23.99,23.1,97696.92
2016-09-08,23.16,22.97,23.52,22.74,61217.56
2016-09-09,22.77,22.64,23.19,22.62,55097.18
2016-09-12,22.07,21.38,22.34,21.33,69532.23
2016-09-13,22.24,23.04,23.42,22.02,138231.17
2016-09-14,24.19,23.44,25.09,23.29,191442.61
2016-09-19,24.31,23.44,24.81,23.37,125785.87
2016-09-20,23.23,23.43,23.74,22.79,82651.17
2016-09-21,23.09,22.91,23.28,22.69,79143.91
2016-09-22,23.03,23.01,23.21,22.74,58817.22
2016-09-23,23.01,23.07,23.17,22.8,51926.78
2016-09-26,22.9,21.74,22.9,21.64,75834.85
2016-09-27,21.66,21.91,22.06,21.52,38044.76
2016-09-28,22.3,22.91,23.33,22.16,92878.88
2016-09-29,22.72,23.47,23.6,22.4,78865.69
2016-09-30,22.98,23.19,23.61,22.98,55075.72
2016-10-10,23.25,23.43,23.57,23.11,48336.21
2016-10-11,23.4,23.6,23.78,23.28,55200.83
2016-10-12,23.59,23.17,23.6,23.0,43497.97
2016-10-13,23.18,22.72,23.27,22.72,39883.26
2016-10-14,22.64,24.23,24.52,22.62,116131.51
2016-10-17,24.31,23.75,24.53,23.74,89478.87
2016-10-18,23.75,25.08,25.31,23.72,140159.43
2016-10-19,24.95,25.01,25.14,24.68,80276.71
2016-10-20,24.98,24.64,25.54,24.59,75447.29
2016-10-21,24.85,25.49,26.2,24.81,127733.7
2016-10-24,25.37,25.48,25.75,25.15,58357.64
2016-10-25,25.38,24.92,25.48,24.67,63472.35
2016-10-26,24.91,25.12,25.24,24.58,57959.98
2016-10-27,24.92,25.54,25.96,24.89,90609.82
2016-10-28,25.53,24.85,25.79,24.77,52419.78
2016-10-31,24.61,24.53,25.12,24.45,44519.94
2016-11-01,24.53,25.46,25.62,24.53,61133.84
2016-11-02,25.32,25.45,25.64,25.18,44493.42
2016-11-03,25.49,26.31,26.32,25.49,70953.2
2016-11-04,26.35,26.21,26.71,26.0,57514.94
2016-11-07,26.21,25.87,26.37,25.59,36929.71
2016-11-08,25.96,26.14,26.75,25.91,50151.51
2016-11-09,26.12,25.65,26.14,25.33,46125.18
2016-11-10,25.96,25.71,26.12,25.48,41597.72
2016-11-11,25.71,25.13,25.76,24.88,62971.65
2016-11-14,25.04,25.12,25.37,24.91,37500.85
2016-11-15,25.15,25.05,25.33,24.81,33345.89
2016-11-16,25.23,25.35,25.59,25.07,40880.35
2016-11-17,25.32,24.92,25.32,24.25,49985.24
2016-11-18,24.87,24.48,24.88,24.37,34858.47
2016-11-21,24.48,24.8,24.81,24.23,42465.38
2016-11-22,24.87,24.97,24.98,24.49,38056.16
2016-11-23,24.92,24.67,24.97,24.57,41493.11
2016-11-24,24.66,24.02,24.67,24.0,54668.96
2016-11-25,24.12,24.19,24.33,23.86,38475.22
2016-11-28,24.24,24.12,24.44,24.01,27480.35
2016-11-29,24.09,23.5,24.2,23.4,48725.46
2016-11-30,23.49,24.16,24.31,23.36,46301.45
2016-12-01,24.16,24.11,24.24,23.81,25454.5
2016-12-02,24.23,23.55,24.23,23.42,32316.37
2016-12-05,23.25,23.77,24.0,23.19,24406.14
2016-12-06,23.69,24.09,24.23,23.69,34120.81
2016-12-07,24.07,24.15,24.28,23.86,20180.55
2016-12-08,24.19,23.69,24.2,23.61,19830.03
2016-12-09,23.64,23.57,23.85,23.53,16055.33
2016-12-12,23.57,22.17,23.61,22.05,38255.43
2016-12-13,22.35,22.27,22.48,22.01,21140.35
2016-12-14,22.23,22.1,22.36,21.85,16455.7
2016-12-15,22.03,22.18,22.26,21.91,20070.28
2016-12-16,22.17,22.34,22.55,22.01,23359.14
2016-12-19,22.31,22.3,22.5,22.25,16714.0
2016-12-20,22.25,22.2,22.53,22.07,13386.38
2016-12-21,22.3,22.66,22.68,22.21,27288.5
2016-12-22,22.66,22.87,23.06,22.54,22230.03
2016-12-23,22.88,22.63,23.04,22.63,13042.17
2016-12-26,22.63,23.28,23.37,22.36,29644.41
2016-12-27,23.2,23.48,23.73,23.12,25654.37
2016-12-28,23.55,23.46,23.55,23.25,12240.86
2016-12-29,23.46,23.34,23.63,23.26,14223.15
2016-12-30,23.4,23.5,23.53,23.09,15428.41
2017-01-03,23.49,22.57,23.69,22.52,51041.71
2017-01-04,22.54,22.97,23.01,22.44,30575.14
2017-01-05,22.91,22.77,23.11,22.72,20187.5
2017-01-06,22.66,22.19,22.85,22.03,35961.73
2017-01-09,22.24,22.4,22.52,22.11,18155.51
2017-01-10,22.51,22.05,22.51,21.97,23542.21
2017-01-11,22.05,22.02,22.22,21.9,15456.95
2017-01-12,22.02,22.02,22.15,21.91,14877.48
2017-01-13,22.02,21.76,22.24,21.68,21832.42
2017-01-16,21.73,21.04,21.73,20.68,34135.58
2017-01-17,21.04,21.48,21.52,20.85,24512.82
2017-01-18,22.03,22.7,23.46,22.02,86933.96
2017-01-19,22.63,22.88,23.02,22.47,32159.7
2017-01-20,22.74,22.91,23.14,22.7,28030.33
2017-01-23,22.85,23.15,23.43,22.79,26271.91
2017-01-24,23.08,23.48,23.68,23.08,31057.98
2017-01-25,23.42,23.28,23.64,23.26,17778.07
2017-01-26,23.46,23.87,24.0,23.28,26024.74
2017-02-03,23.92,23.81,24.01,23.71,10350.86
2017-02-06,23.89,24.31,24.36,23.38,27544.8
2017-02-07,24.3,24.33,24.42,24.0,23812.98
2017-02-08,24.21,24.87,25.76,24.04,34684.3
2017-02-09,24.85,24.44,24.87,24.42,26523.05
2017-02-10,24.45,24.08,24.53,23.97,38283.35
2017-02-13,24.06,24.1,24.27,23.8,32526.12
2017-02-14,24.16,24.44,24.8,24.16,43834.96
2017-02-15,24.37,24.88,25.44,24.37,54651.07
2017-02-16,24.76,25.06,25.24,24.76,19897.31
2017-02-17,24.94,24.26,25.06,24.21,24322.07
2017-02-20,24.23,24.59,24.72,24.23,21331.81
2017-02-21,24.6,24.63,24.96,24.57,21526.49
2017-02-22,24.65,24.48,24.84,24.44,14831.64
2017-02-23,24.43,24.96,25.06,24.39,29042.55
2017-02-24,24.86,24.95,25.28,24.57,27646.13
2017-02-27,24.99,25.09,25.43,24.71,24342.72
2017-02-28,25.01,25.2,25.48,24.98,25337.39
2017-03-01,25.2,25.09,25.32,24.84,22554.21
2017-03-02,25.15,24.81,25.24,24.76,20621.35
2017-03-03,24.73,25.15,25.21,24.69,30897.28
2017-03-06,25.11,26.0,26.13,25.06,56089.42
2017-03-07,26.01,25.9,26.35,25.71,38533.74
2017-03-08,25.86,25.91,26.25,25.62,22654.61
2017-03-09,25.81,25.62,25.97,25.4,19694.94
2017-03-10,25.62,26.01,26.42,25.48,30183.17
2017-03-13,26.43,28.61,28.61,26.43,103259.3
2017-03-14,29.06,28.71,29.9,28.29,147398.24
2017-03-15,28.75,28.27,28.83,28.12,66766.26
2017-03-16,28.31,28.88,29.06,28.14,85385.79
2017-03-17,28.61,27.91,29.55,27.77,70646.96
2017-03-20,28.11,28.56,28.63,27.68,50759.72
2017-03-21,28.34,28.6,28.78,28.05,46448.79
2017-03-22,28.65,29.02,29.86,28.39,97308.49
2017-03-23,28.78,29.48,29.61,28.4,62190.53
2017-03-24,29.28,29.78,30.68,29.09,77771.43
2017-03-27,29.56,29.0,29.76,28.91,45832.59
2017-03-28,28.99,28.77,29.84,28.31,45697.77
2017-03-29,28.81,28.31,28.93,28.05,43778.8
2017-03-30,28.28,28.44,28.7,27.76,47036.62
2017-03-31,28.44,28.72,29.04,28.28,40573.46
2017-04-05,28.57,29.72,30.11,28.57,63650.6
2017-04-06,29.67,29.28,29.67,28.82,49661.26
2017-04-07,29.1,29.79,30.05,28.85,53558.65
2017-04-10,29.56,29.33,30.06,29.19,37510.39
2017-04-11,29.33,28.95,29.33,27.79,61558.29
2017-04-12,28.74,28.66,29.23,28.25,27319.57
2017-04-13,28.51,28.89,29.22,28.5,24818.52
2017-04-14,29.03,28.04,29.03,28.0,28283.52
2017-04-17,27.84,28.11,28.32,27.47,26839.23
2017-04-18,27.9,28.42,28.95,27.9,22074.93
2017-04-19,28.28,28.44,28.95,27.72,31335.73
2017-04-20,28.84,30.21,30.84,28.56,71329.98
2017-04-21,30.05,29.76,30.43,29.35,38240.78
2017-04-24,29.5,29.12,29.63,28.0,31362.01
2017-04-25,29.03,30.18,30.4,28.98,33968.25
2017-04-26,30.28,30.23,31.63,30.09,54776.07
2017-04-27,29.92,31.89,31.94,29.28,47825.29
2017-04-28,31.74,31.42,32.25,31.24,33086.27
2017-05-02,31.38,31.46,32.32,31.07,30280.24
2017-05-03,31.29,30.72,31.63,30.48,35526.24
2017-05-04,30.72,30.29,31.09,30.0,32906.4
2017-05-05,30.23,29.85,30.85,29.71,30907.46
2017-05-08,29.81,29.68,30.43,29.47,35061.77
2017-05-09,29.57,30.55,30.73,29.56,43449.39
2017-05-10,30.62,30.91,31.94,30.62,49679.79
2017-05-11,30.67,31.43,31.68,30.32,30153.32
2017-05-12,31.16,30.71,31.54,30.48,24750.49
2017-05-15,30.43,32.05,32.17,30.43,34777.58
2017-05-16,31.99,33.13,33.46,31.56,45767.49
2017-05-17,33.05,32.91,33.4,32.22,34360.94
2017-05-18,32.46,31.65,33.09,31.55,35632.76
2017-05-19,31.72,31.72,32.0,31.27,23800.21
2017-05-22,31.6,31.8,32.49,31.6,27255.51
2017-05-23,31.62,31.24,32.53,31.22,34832.56
2017-05-24,31.13,31.44,31.75,30.48,35297.8
2017-05-25,31.38,31.18,31.71,30.59,28618.29
2017-05-26,31.05,28.63,31.29,28.07,118640.46
2017-05-31,28.63,28.26,29.22,27.89,60834.58
2017-06-01,28.12,28.88,29.41,28.07,59871.96
2017-06-02,28.9,29.06,29.8,28.69,33589.84
2017-06-05,29.19,29.98,30.29,29.13,27492.71
2017-06-06,29.98,30.27,30.41,29.25,29433.22
2017-06-07,30.2,31.29,31.8,29.87,35300.27
2017-06-08,31.38,29.29,31.4,29.18,62481.64
2017-06-09,29.18,29.39,29.84,27.28,114977.15
2017-06-12,28.8,28.37,28.94,28.34,56778.51
2017-06-13,28.29,29.02,29.35,27.96,42983.64
2017-06-14,29.18,28.63,29.18,28.52,26958.24
2017-06-15,28.57,29.08,29.28,28.52,24040.67
2017-06-16,28.88,28.63,29.07,28.41,23714.46
2017-06-19,28.67,28.61,28.84,28.46,18362.15
2017-06-20,28.65,29.38,29.74,28.65,38897.27
2017-06-21,29.58,29.44,29.66,29.08,22125.14
2017-06-22,29.44,29.16,29.68,29.08,29198.11
2017-06-23,29.16,28.56,29.21,27.69,55470.38
2017-06-26,28.49,29.53,29.53,28.39,42647.23
2017-06-27,29.71,29.63,29.71,29.37,31084.25
2017-06-28,29.62,29.19,29.62,28.83,25651.76
2017-06-29,29.19,28.94,29.35,28.8,19671.72
2017-06-30,28.8,29.08,29.25,28.52,21157.19
2017-07-03,29.08,29.54,29.68,28.89,25467.86
2017-07-04,29.54,30.79,31.07,29.43,64902.87
2017-07-05,30.78,31.21,31.44,30.25,43790.6
2017-07-06,31.0,32.09,32.56,30.91,52577.25
2017-07-07,32.0,31.66,32.0,31.35,30539.17
2017-07-10,31.66,30.4,31.94,30.3,45745.53
2017-07-11,30.38,29.66,30.58,29.42,60785.74
2017-07-12,29.53,30.16,30.18,29.25,43823.98
2017-07-13,30.08,28.81,30.08,28.74,67549.47
2017-07-14,28.81,29.07,29.34,28.41,40964.85
2017-07-17,28.83,28.21,29.03,27.83,42667.89
2017-07-18,28.01,28.71,29.01,27.96,27674.19
2017-07-19,28.75,29.42,29.57,28.42,33493.51
2017-07-20,29.42,29.74,29.92,29.42,42242.47
2017-07-21,29.74,29.66,29.91,29.45,32699.72
2017-07-24,29.58,29.82,29.9,28.9,32334.49
2017-07-25,29.71,30.76,30.98,29.71,55038.83
2017-07-26,30.6,30.14,30.71,29.76,30814.91
2017-07-27,29.83,30.15,30.46,29.5,30247.88
2017-07-28,30.19,30.15,30.76,30.03,22573.4
2017-07-31,30.01,30.73,30.85,29.69,30722.09
2017-08-01,30.73,30.37,31.04,30.33,20665.2
2017-08-02,30.45,30.34,31.15,30.2,27811.67
2017-08-03,30.45,29.19,30.81,29.07,36113.31
2017-08-04,29.19,29.31,29.44,28.9,23975.88
2017-08-07,29.26,29.3,29.46,29.09,13771.28
2017-08-08,29.28,29.25,29.56,29.19,13964.34
2017-08-09,29.25,29.11,29.45,28.97,17400.51
2017-08-10,29.08,28.78,29.42,28.64,20250.68
2017-08-11,28.66,29.43,30.05,28.51,43126.8
2017-08-14,29.36,30.74,30.87,29.36,49634.6
2017-08-15,30.8,30.88,31.6,30.59,45559.57
2017-08-16,30.73,31.21,31.43,30.2,46652.94
2017-08-17,30.97,30.9,31.55,30.71,26586.42
2017-08-18,30.41,30.55,31.23,30.41,20836.08
2017-08-21,30.55,31.03,31.55,30.55,33894.65
2017-08-22,31.14,30.94,31.57,30.76,21387.38
2017-08-23,30.94,30.16,31.18,30.09,20998.09
2017-08-24,30.31,30.09,30.31,29.81,15544.58
2017-08-25,29.98,30.03,30.3,29.75,34707.13
2017-08-28,30.07,30.71,30.96,29.92,38248.57
2017-08-29,30.71,30.82,30.98,30.36,31049.35
2017-08-30,30.93,31.3,31.46,30.62,47720.7
2017-08-31,31.32,30.78,31.53,30.38,38507.99
2017-09-01,30.91,30.63,31.03,30.48,35549.52
2017-09-04,30.66,32.96,33.6,30.64,91869.24
2017-09-05,32.84,32.28,32.9,31.78,62336.64
2017-09-06,32.14,32.35,32.77,31.79,59065.8
2017-09-07,32.41,31.54,32.55,31.38,53515.25
2017-09-08,31.58,31.3,31.93,31.06,35316.51
2017-09-11,31.49,32.42,32.55,31.3,87927.68
2017-09-12,32.31,32.42,33.82,31.63,139463.87
2017-09-13,32.0,30.99,32.0,30.65,93226.06
2017-09-14,30.88,30.32,30.88,30.17,58866.44
2017-09-15,30.32,30.03,30.52,29.84,42421.17
2017-09-18,30.11,30.54,30.62,30.02,34723.96
2017-09-19,30.56,29.67,30.71,29.63,51445.08
2017-09-20,29.78,29.18,29.92,28.8,91013.65
2017-09-21,29.13,29.06,29.35,28.93,38798.2
2017-09-22,29.04,29.17,29.31,28.8,32536.76
2017-09-25,29.08,29.05,29.58,28.98,37430.3
2017-09-26,29.1,29.25,29.34,28.92,17108.0
2017-09-27,29.34,29.57,29.72,29.29,31949.39
2017-09-28,29.5,29.27,29.68,29.25,25448.05
2017-09-29,29.35,28.73,29.35,28.63,38406.0
2017-10-09,28.81,28.95,29.11,28.81,27238.99
2017-10-10,29.03,29.19,29.19,28.66,24881.56
2017-10-11,29.17,29.32,29.63,29.03,31647.85
2017-10-12,29.25,29.02,29.58,28.85,21234.8
2017-10-13,29.02,29.4,29.57,28.84,36905.4
2017-10-16,29.44,28.99,29.57,28.91,23851.96
2017-10-17,28.78,28.87,29.09,28.76,15865.35
2017-10-18,28.87,27.84,29.02,27.8,44931.11
2017-10-19,27.85,27.84,28.18,27.68,20370.35
2017-10-20,27.84,28.18,28.24,27.76,14240.56
2017-10-23,28.23,28.12,28.23,27.82,13013.21
2017-10-24,28.17,28.38,28.48,27.9,22265.93
2017-10-25,28.46,28.96,29.03,28.24,26916.61
2017-10-26,28.97,28.81,29.07,28.74,17539.96
2017-10-27,28.69,28.12,28.99,27.96,32177.19
2017-10-30,28.21,28.25,28.67,27.84,24763.32
2017-10-31,28.63,29.42,29.46,28.62,53496.64
2017-11-01,29.35,29.43,29.7,29.17,48209.76
2017-11-02,29.42,29.18,29.68,29.13,28328.14
2017-11-03,29.37,30.09,30.15,29.28,75342.04
2017-11-06,30.57,30.91,31.16,30.21,81720.86
2017-11-07,30.93,30.88,30.93,30.25,44608.47
2017-11-08,30.62,30.26,30.82,30.04,38814.61
2017-11-09,30.15,30.76,30.79,29.83,42386.73
2017-11-10,30.88,31.16,31.4,30.61,53662.27
2017-11-13,31.19,31.14,31.8,30.77,47273.24
2017-11-14,31.07,30.17,31.07,30.15,27535.02
2017-11-15,30.09,29.53,30.44,29.2,31769.34
2017-11-16,29.56,29.08,29.85,28.81,25907.49
2017-11-17,29.08,28.65,29.63,28.52,32208.78
2017-11-20,28.47,29.08,29.12,28.0,28750.75
2017-11-21,29.07,28.36,29.19,28.21,37692.59
2017-11-22,28.46,28.66,28.94,28.41,35616.46
2017-11-23,28.63,28.44,29.19,28.25,41807.81
2017-11-24,28.2,25.6,28.44,25.6,107349.71
2017-11-27,25.19,24.89,25.26,24.46,56616.28
2017-11-28,24.8,25.06,25.14,24.69,25158.84
2017-11-29,24.98,24.53,24.98,24.18,32412.06
2017-11-30,24.52,23.8,24.53,23.8,36233.14
2017-12-01,23.8,23.89,24.17,23.77,41272.0
2017-12-04,23.9,23.27,23.91,23.13,40505.27
2017-12-05,23.18,22.51,23.18,22.22,36459.93
2017-12-06,22.54,22.99,23.0,22.38,33283.84
2017-12-07,22.95,22.96,23.3,22.65,25617.01
2017-12-08,23.05,23.61,23.72,22.96,39120.76
2017-12-11,23.61,24.4,24.55,23.61,47277.97
2017-12-12,24.38,24.14,24.56,23.95,28058.96
2017-12-13,24.13,23.98,24.13,23.72,19170.21
2017-12-14,24.05,23.61,24.23,23.4,23755.53
2017-12-15,23.63,23.4,23.79,23.21,17617.77
2017-12-18,23.53,23.2,23.79,22.91,24548.08
2017-12-19,23.28,23.09,23.34,22.97,19840.0
2017-12-20,23.13,23.2,23.57,23.12,20402.96
2017-12-21,23.07,22.85,23.09,22.47,31136.93
2017-12-22,22.88,22.84,23.07,22.75,20668.14
2017-12-25,22.9,21.5,22.95,21.26,65859.55
2017-12-26,21.56,21.76,21.78,21.33,31699.7
2017-12-27,21.67,21.78,22.2,21.61,37088.91
2017-12-28,21.85,21.48,21.85,21.34,29274.81
2017-12-29,21.67,22.22,22.32,21.62,42027.88
2018-01-02,22.4,22.33,22.56,22.02,31974.16
2018-01-03,22.4,22.77,22.79,22.29,39132.77
2018-01-04,23.36,23.94,24.24,23.36,83007.7
2018-01-05,23.58,23.62,23.83,23.3,42603.38
2018-01-08,23.62,23.29,23.79,23.2,35695.19
2018-01-09,23.3,22.9,23.35,22.79,31387.19
2018-01-10,22.9,22.3,22.91,22.04,38640.3
2018-01-11,22.3,22.59,22.64,21.88,32184.77
2018-01-12,22.46,22.25,22.57,22.2,19576.9
2018-01-15,22.23,21.59,22.23,21.47,30853.17
2018-01-16,21.35,20.52,21.61,19.93,93316.99
2018-01-17,20.6,21.06,21.11,20.43,47573.32
2018-01-18,21.06,20.89,21.06,20.76,24822.69
2018-01-19,20.93,20.55,20.99,20.43,36987.38
2018-01-22,20.63,20.53,20.64,20.0,41416.16
2018-01-23,20.63,20.71,21.06,20.63,34883.77
2018-01-24,20.73,20.85,20.92,20.49,34537.87
2018-01-25,20.87,20.82,21.21,20.8,47649.02
2018-01-26,20.69,20.65,20.76,20.54,27347.08
2018-01-29,20.7,20.09,20.7,20.07,38313.5
2018-01-30,20.05,20.25,20.31,20.05,22412.89
2018-01-31,20.16,19.34,20.18,19.19,45524.47
2018-02-01,19.35,18.58,19.51,18.53,35155.4
2018-02-02,18.47,18.82,18.83,17.95,30893.22
2018-02-05,18.41,18.68,19.22,18.15,26414.88
2018-02-06,18.28,17.77,18.8,17.69,28902.21
2018-02-07,18.13,17.92,18.33,17.42,33586.51
2018-02-08,17.91,18.4,18.44,17.73,25363.1
2018-02-09,17.96,18.06,18.37,17.78,22607.58
2018-02-12,18.06,19.08,19.22,18.06,34565.64
2018-02-13,19.14,18.87,19.23,18.82,27335.7
2018-02-14,18.83,18.84,19.02,18.73,15073.5
2018-02-22,19.01,19.2,19.48,19.01,25296.91
2018-02-23,19.09,19.05,19.16,18.83,21037.62
2018-02-26,19.1,20.11,20.44,19.02,67793.66
2018-02-27,20.11,19.72,20.11,19.68,47552.04
2018-02-28,19.55,19.81,20.05,19.41,34074.88
2018-03-01,19.64,19.98,20.02,19.54,31236.91
2018-03-02,19.87,19.91,20.2,19.76,30929.27
2018-03-05,19.9,19.79,20.01,19.71,26547.73
2018-03-06,19.77,20.42,20.44,19.75,50021.29
2018-03-07,20.43,20.04,20.59,20.04,32905.85
2018-03-08,19.98,20.06,20.27,19.89,20278.98
2018-03-09,20.06,20.45,20.48,20.0,35836.61
2018-03-12,20.49,21.12,21.14,20.49,74816.24
2018-03-13,21.14,20.76,21.2,20.69,41398.98
2018-03-14,20.76,20.69,20.99,20.66,30593.91
2018-03-15,20.61,20.21,20.67,19.86,43785.59
2018-03-16,20.15,20.02,20.35,19.96,24588.54
2018-03-19,20.01,19.72,20.12,19.68,35799.26
2018-03-20,19.65,19.72,19.72,19.2,33908.67
2018-03-21,19.65,19.48,20.05,19.44,26083.99
2018-03-22,19.42,19.25,19.69,19.2,20458.32
2018-03-23,18.64,17.9,18.67,17.8,47786.21
2018-03-26,17.62,18.15,18.17,16.29,36311.83
2018-03-27,18.24,18.65,18.76,18.24,37003.78
2018-03-28,18.36,18.36,18.5,17.97,26350.68
2018-03-29,18.47,18.61,18.69,18.35,20960.26
2018-03-30,18.68,19.18,19.54,18.63,45089.58
2018-04-02,19.18,19.12,19.5,18.92,33651.86
2018-04-03,18.85,18.81,18.94,18.64,22662.98
2018-04-04,18.81,18.54,19.0,18.52,24425.98
2018-04-09,18.41,18.29,18.43,17.96,25337.91
2018-04-10,18.2,18.53,18.61,18.14,26253.89
2018-04-11,18.65,18.73,18.88,18.54,25878.77
2018-04-12,18.55,18.68,18.89,18.53,21971.4
2018-04-13,18.81,18.69,18.91,18.56,15722.64
2018-04-16,18.67,18.28,18.69,18.12,25915.47
2018-04-17,18.22,17.96,18.59,17.91,21696.0
2018-04-18,18.17,17.89,18.23,17.59,28650.66
2018-04-19,17.95,18.24,18.3,17.92,23377.4
2018-04-20,18.26,17.69,18.3,17.68,24473.92
2018-04-23,17.46,17.09,17.95,16.95,35733.22
2018-04-24,17.14,17.49,17.49,17.07,26261.95
2018-04-25,17.29,17.82,17.91,17.26,25980.49
2018-04-26,17.81,17.41,17.81,17.4,18899.82
2018-04-27,17.5,17.6,17.68,17.28,18315.14
2018-05-02,17.61,17.41,17.84,17.14,22837.1
2018-05-03,17.46,17.99,17.99,17.12,29491.48
2018-05-04,17.99,17.79,17.99,17.68,21156.63
2018-05-07,17.82,18.64,18.71,17.82,51954.76
2018-05-08,18.53,18.66,18.66,18.32,40803.9
2018-05-09,18.61,18.58,18.88,18.52,39692.35
2018-05-10,18.62,18.59,18.82,18.34,28935.97
2018-05-11,18.59,19.67,20.19,18.54,88816.31
2018-05-14,19.34,19.42,20.0,19.17,75193.65
2018-05-15,19.49,19.57,19.64,19.23,43418.04
2018-05-16,19.44,19.81,20.08,19.34,69019.79
2018-05-17,19.81,19.36,19.99,19.29,49481.01
2018-05-18,19.23,18.95,19.32,18.61,66385.89
2018-05-21,19.24,19.16,19.38,19.0,49029.59
2018-05-22,19.02,19.41,19.41,19.01,38854.08
2018-05-23,19.45,18.79,19.45,18.78,40628.14
2018-05-24,18.76,19.33,19.39,18.74,57812.54
2018-05-25,19.29,18.7,19.3,18.56,53563.95
2018-05-28,18.7,18.57,18.75,18.33,27333.75
2018-05-29,18.57,18.08,18.7,18.01,34555.28
2018-05-30,17.7,17.32,17.99,17.09,40057.41
2018-05-31,17.53,17.71,17.91,17.53,24666.36
2018-06-01,17.67,17.72,17.99,17.54,23071.96
2018-06-04,17.88,17.54,17.98,17.48,23915.76
2018-06-05,17.57,18.13,18.15,17.57,31677.14
2018-06-06,18.16,18.08,18.18,17.93,24580.45
2018-06-07,18.17,18.1,18.45,18.06,25640.01
2018-06-08,18.04,17.8,18.04,17.64,24790.9
2018-06-11,17.75,17.68,18.02,17.62,18177.72
2018-06-12,17.72,17.88,17.9,17.29,22266.32
2018-06-13,17.88,17.44,17.88,17.42,20237.79
2018-06-14,17.47,17.48,17.67,17.36,13822.94
2018-06-15,17.49,17.06,17.63,17.02,23286.31
2018-06-19,16.67,15.46,16.89,15.35,42833.85
2018-06-20,15.44,15.7,15.81,15.27,25138.99
2018-06-21,15.69,14.89,15.77,14.88,32638.88
2018-06-22,14.87,15.33,15.5,14.72,24406.61
2018-06-25,15.64,15.34,15.74,15.33,21102.55
2018-06-26,15.21,15.59,15.64,15.02,20263.39
2018-06-27,15.55,15.53,15.73,15.42,15084.87
2018-06-28,15.51,15.39,15.72,15.38,16099.31
2018-06-29,15.4,15.96,15.98,15.4,23273.09
2018-07-02,15.89,15.58,16.05,15.37,20879.59
2018-07-03,15.58,15.84,15.9,15.23,23758.14
2018-07-04,15.75,15.5,15.75,15.41,18806.79
2018-07-05,15.58,15.04,15.6,15.03,16589.36
2018-07-06,15.04,15.19,15.38,14.82,19820.0
2018-07-09,15.1,15.61,15.61,15.1,21140.41
2018-07-10,15.83,15.71,15.83,15.5,18075.91
2018-07-11,15.53,15.34,15.59,15.16,21742.17
2018-07-12,15.27,15.93,16.05,15.21,38243.63
2018-07-13,15.95,15.85,15.96,15.75,24061.35
2018-07-16,15.84,15.87,15.94,15.71,15447.86
2018-07-17,15.88,15.81,15.88,15.61,17315.11
2018-07-18,15.99,16.76,17.22,15.88,84934.45
2018-07-19,16.59,16.42,16.7,16.22,40300.46
2018-07-20,16.27,16.48,16.54,16.27,26152.5
2018-07-23,16.36,16.59,16.61,16.27,28217.83
2018-07-24,16.5,16.71,16.77,16.42,31895.92
2018-07-25,16.8,16.59,17.03,16.56,36332.05
2018-07-26,16.63,16.28,16.63,16.19,27834.49
2018-07-27,16.33,16.24,16.47,16.21,14855.4
2018-07-30,16.24,16.06,16.38,15.98,15873.9
2018-07-31,15.99,16.1,16.16,15.95,13051.59
2018-08-01,16.28,15.96,16.33,15.91,18944.84
2018-08-02,15.97,15.43,16.04,15.13,25485.52
2018-08-03,15.46,15.27,15.66,15.27,13693.54
2018-08-06,15.24,15.21,15.49,15.03,12537.35
2018-08-07,15.21,15.62,15.65,15.16,14609.17
2018-08-08,15.61,15.38,15.61,15.36,12276.68
2018-08-09,15.27,15.65,15.75,15.27,17496.66
2018-08-10,15.72,15.68,15.72,15.55,11548.06
2018-08-13,15.46,15.66,15.67,15.33,13731.68
2018-08-14,15.6,15.54,15.64,15.46,10696.91
2018-08-15,15.6,15.17,15.6,15.16,14507.09
2018-08-16,15.05,15.14,15.32,14.79,10276.53
2018-08-17,15.34,15.03,15.35,15.03,11836.01
2018-08-20,15.03,15.21,15.25,14.95,10777.03
2018-08-21,15.23,15.38,15.39,15.11,12893.4
2018-08-22,15.33,15.07,15.37,15.05,11759.74
2018-08-23,15.07,15.18,15.25,15.06,11339.26
2018-08-24,15.2,14.94,15.2,14.93,16980.14
2018-08-27,14.93,15.26,15.28,14.93,16332.78
2018-08-28,15.33,15.31,15.41,15.23,13812.81
2018-08-29,15.36,15.22,15.36,15.09,10564.4
2018-08-30,15.15,15.04,15.21,15.03,9875.0
2018-08-31,14.95,14.95,15.15,14.93,8888.0
2018-09-03,14.9,14.87,14.99,14.72,12512.2
2018-09-04,14.93,15.16,15.16,14.82,14279.33
2018-09-05,15.11,14.93,15.17,14.91,9814.26
2018-09-06,14.93,14.86,15.09,14.84,11162.33
2018-09-07,14.86,14.8,15.08,14.75,12172.0
2018-09-10,14.91,14.07,14.91,14.05,22079.68
2018-09-11,13.99,14.13,14.3,13.97,8318.6
2018-09-12,14.13,14.3,14.52,14.09,10497.63
2018-09-13,14.35,14.37,14.59,14.2,9460.0
2018-09-14,14.46,14.28,14.56,14.24,11175.96
2018-09-17,14.25,14.0,14.25,13.78,8275.62
2018-09-18,13.92,14.18,14.18,13.89,8640.57
2018-09-19,14.08,14.26,14.38,14.08,11562.61
2018-09-20,14.17,14.34,14.39,14.17,11430.0
2018-09-21,14.25,14.56,14.64,14.17,19158.43
2018-09-25,14.42,14.31,14.5,14.28,13294.0
2018-09-26,14.38,14.32,14.45,14.29,12039.33
2018-09-27,14.37,14.0,14.37,13.99,12697.91
2018-09-28,14.08,14.18,14.22,14.05,11874.09
2018-10-08,14.0,13.92,14.24,13.88,13603.15
2018-10-09,13.9,13.89,14.03,13.85,8199.51
2018-10-10,13.87,13.89,14.01,13.8,5999.15
2018-10-11,13.69,12.51,13.69,12.5,25485.5
2018-10-12,12.44,11.88,12.44,11.31,31778.3
2018-10-15,12.87,12.64,13.06,12.39,42519.2
2018-10-16,12.39,12.57,12.9,12.39,25702.71
2018-10-17,12.84,13.18,13.46,12.79,38405.58
2018-10-18,13.38,12.98,13.38,12.86,26700.18
2018-10-19,12.79,13.17,13.22,12.79,20819.05
2018-10-22,13.21,14.11,14.25,13.21,40604.76
2018-10-23,14.12,13.86,14.12,13.69,22935.84
2018-10-24,13.76,13.66,14.04,13.55,21409.4
2018-10-25,13.21,13.9,13.97,12.9,20212.12
2018-10-26,14.03,13.68,14.03,13.6,15252.14
2018-10-29,13.72,13.46,13.72,13.36,13602.39
2018-10-30,13.46,14.51,14.75,13.46,65044.93
2018-10-31,14.43,15.38,15.61,14.43,77845.37
2018-11-01,15.31,15.75,15.92,15.24,78580.56
2018-11-02,16.01,16.63,16.89,15.75,81866.47
2018-11-05,16.54,16.32,16.63,16.15,56664.73
2018-11-06,16.29,16.34,16.63,16.09,52663.6
2018-11-07,16.29,16.93,17.24,16.29,62307.0
2018-11-08,16.96,16.59,16.98,16.35,39371.74
2018-11-09,16.37,16.56,16.79,16.36,26269.51
2018-11-12,16.44,16.97,17.34,16.44,43810.96
2018-11-13,16.84,17.14,17.31,16.51,45521.57
2018-11-14,17.06,16.78,17.18,16.61,39265.64
2018-11-15,16.72,17.17,17.3,16.72,38219.09
2018-11-16,17.28,17.41,17.75,17.1,36110.39
2018-11-19,16.97,17.24,17.45,16.91,26798.51
2018-11-20,17.13,16.64,17.17,16.54,29964.14
2018-11-21,16.37,17.51,17.56,16.32,55007.14
2018-11-22,17.57,16.96,17.62,16.86,39426.12
2018-11-23,17.0,16.74,17.16,16.52,29849.22
2018-11-26,16.73,16.0,16.81,15.67,49848.15
2018-11-27,16.02,16.2,16.37,15.9,34061.34
2018-11-28,16.23,16.68,16.83,16.12,34200.01
2018-11-29,16.75,16.28,17.05,16.28,29253.65
2018-11-30,16.22,16.75,16.94,16.19,29594.92
2018-12-03,17.31,16.92,17.35,16.85,40908.79
2018-12-04,17.01,17.31,17.32,16.88,36888.77
2018-12-05,16.97,16.85,17.03,16.7,34008.9
2018-12-06,16.63,16.37,16.71,16.23,26897.87
2018-12-07,16.54,16.63,16.73,16.4,19488.0
2018-12-10,16.62,16.31,16.62,16.16,19016.38
2018-12-11,16.45,16.6,16.66,16.36,13696.48
2018-12-12,16.66,16.47,16.74,16.33,15031.3
2018-12-13,16.46,16.54,16.68,16.11,24625.28
2018-12-14,16.42,16.18,16.66,16.15,20295.07
2018-12-17,16.25,15.89,16.25,15.77,19517.31
2018-12-18,15.84,16.02,16.12,15.62,20061.9
2018-12-19,16.01,15.8,16.03,15.77,18383.83
2018-12-20,15.8,15.93,15.97,15.7,21034.17
2018-12-21,15.84,15.86,16.01,15.62,20173.21
2018-12-24,15.84,16.77,16.8,15.77,39578.56
2018-12-25,16.59,16.91,17.18,16.4,38704.51
2018-12-26,16.8,16.94,17.3,16.77,26722.83
2018-12-27,17.18,16.79,17.25,16.66,18673.05
2018-12-28,17.0,16.22,17.02,16.17,24374.53
2019-01-02,16.16,16.46,16.74,16.12,22009.7
2019-01-03,16.57,16.52,17.02,16.28,25458.93
2019-01-04,16.12,16.62,16.67,16.12,23767.39
2019-01-07,16.77,16.66,16.77,16.29,25520.85
2019-01-08,16.56,16.53,16.6,16.3,21106.4
2019-01-09,16.45,17.11,17.41,16.33,54082.44
2019-01-10,17.05,17.17,17.2,16.88,35684.07
2019-01-11,17.13,17.02,17.2,16.68,32980.72
2019-01-14,16.93,16.45,16.93,16.4,32834.6
2019-01-15,16.45,16.35,16.45,15.84,35305.89
2019-01-16,16.29,16.35,16.46,16.15,16948.88
2019-01-17,16.35,15.91,16.37,15.89,18347.55
2019-01-18,16.01,16.16,16.22,15.95,16685.72
2019-01-21,16.22,16.21,16.34,16.11,14782.13
2019-01-22,16.23,16.14,16.29,16.02,13962.35
2019-01-23,16.02,16.13,16.25,16.01,10447.85
2019-01-24,16.09,16.34,16.39,16.03,21004.85
2019-01-25,16.3,16.13,16.45,16.04,22163.95
2019-01-28,16.12,16.17,16.37,16.08,17274.26
2019-01-29,16.06,15.54,16.11,15.08,27104.21
2019-01-30,15.29,15.6,15.82,15.29,18257.2
2019-01-31,15.78,15.45,15.95,15.4,14626.91
2019-02-01,15.53,15.88,15.89,15.53,20073.7
2019-02-11,15.89,16.8,16.88,15.89,38691.48
2019-02-12,16.78,16.94,17.08,16.69,31749.39
2019-02-13,16.96,17.84,18.1,16.94,73837.85
2019-02-14,17.84,18.04,18.38,17.55,41469.96
2019-02-15,18.0,17.86,18.2,17.76,30796.47
2019-02-18,18.14,18.35,18.4,17.52,49744.28
2019-02-19,18.3,18.06,18.37,17.94,32038.56
2019-02-20,18.03,17.95,18.36,17.74,29417.38
2019-02-21,17.96,18.19,18.75,17.95,51951.36
2019-02-22,18.24,18.59,18.63,17.98,35010.97
2019-02-25,18.94,19.49,19.67,18.93,68877.06
2019-02-26,19.65,19.43,19.89,19.16,55002.71
2019-02-27,19.34,18.83,19.62,18.66,38888.72
2019-02-28,18.88,19.14,19.29,18.72,29222.0
2019-03-01,19.14,19.18,19.28,18.72,27010.64
2019-03-04,19.22,19.16,19.66,19.0,42337.19
2019-03-05,19.15,19.55,19.62,18.97,34813.01
2019-03-06,19.56,19.72,19.78,19.34,44205.55
2019-03-07,19.57,19.78,19.95,19.38,52000.33
2019-03-08,19.59,18.86,20.63,18.64,89631.66
2019-03-11,18.86,19.42,19.5,18.86,45341.25
2019-03-12,19.59,19.97,20.24,19.46,63209.37
2019-03-13,19.97,19.37,20.13,19.24,44513.59
2019-03-14,19.35,19.33,19.73,19.25,32603.62
2019-03-15,19.55,19.36,19.67,19.2,25803.66
2019-03-18,19.38,20.06,20.19,18.96,58116.23
2019-03-19,20.06,19.69,20.07,19.57,34755.75
2019-03-20,19.69,19.83,19.9,19.43,28971.96
2019-03-21,19.74,19.81,19.99,19.55,29206.9
2019-03-22,19.83,20.26,20.32,19.55,37254.19
2019-03-25,19.85,19.68,20.06,19.6,38971.33
2019-03-26,19.85,19.2,19.85,19.13,28789.54
2019-03-27,19.31,19.26,19.42,19.07,18683.55
2019-03-28,19.14,18.92,19.34,18.86,20835.69
2019-03-29,19.07,19.77,19.83,18.92,31757.01
2019-04-01,19.99,20.38,20.47,19.85,41484.08
2019-04-02,20.62,20.43,20.63,20.06,33296.74
2019-04-03,20.43,20.38,20.56,20.2,30071.89
2019-04-04,20.71,20.69,20.86,20.38,37037.47
2019-04-08,20.68,19.87,20.69,19.69,43939.13
2019-04-09,19.73,19.97,20.15,19.72,25386.48
2019-04-10,20.0,19.98,20.12,19.57,23375.18
2019-04-11,19.98,19.6,20.1,19.55,17322.95
2019-04-12,19.74,19.7,20.01,19.45,16804.13
2019-04-15,20.0,19.41,20.11,19.37,24895.53
2019-04-16,19.41,19.82,19.88,19.29,17343.31
2019-04-17,19.95,20.02,20.18,19.69,23660.43
2019-04-18,19.97,19.73,20.08,19.68,22498.55
2019-04-19,19.73,19.85,19.91,19.4,23638.49
2019-04-22,20.04,19.05,20.04,18.87,43032.83
2019-04-23,19.21,19.1,19.34,19.0,22353.01
2019-04-24,19.1,19.16,19.22,18.49,26512.08
2019-04-25,19.15,18.54,19.38,18.52,36619.24
2019-04-26,18.53,17.27,18.53,16.8,63461.23
2019-04-29,17.28,17.61,18.06,17.06,33609.19
2019-04-30,17.24,17.13,17.31,16.92,40683.15
2019-05-06,16.63,15.8,16.63,15.41,65464.21
2019-05-07,15.6,15.84,16.11,15.6,46994.93
2019-05-08,15.67,15.5,15.72,15.17,34246.78
2019-05-09,15.3,15.52,15.71,15.27,24747.95
2019-05-10,15.59,15.82,16.12,15.17,48996.52
2019-05-13,15.41,15.4,15.59,15.28,39499.76
2019-05-14,15.16,15.19,15.4,15.1,32830.93
2019-05-15,15.33,15.36,15.42,15.16,31121.79
2019-05-16,15.37,15.5,15.57,15.29,36684.81
2019-05-17,15.59,14.93,15.59,14.89,35386.63
2019-05-20,14.93,14.52,14.93,14.15,35564.27
2019-05-21,14.45,14.82,14.9,14.42,24356.66
2019-05-22,14.81,14.68,14.97,14.59,16723.36
2019-05-23,14.63,14.54,14.8,14.43,20040.58
2019-05-24,14.43,14.43,14.68,14.42,15933.01
2019-05-27,14.47,14.86,14.87,14.26,24251.53
2019-05-28,14.87,14.78,14.96,14.69,21185.99
2019-05-29,14.71,14.73,14.99,14.62,19988.27
2019-05-30,14.72,14.55,14.73,14.42,19134.56
2019-05-31,14.68,14.6,14.79,14.56,15354.64
2019-06-03,14.6,14.33,14.62,14.27,22292.68
2019-06-04,14.47,14.2,14.47,14.14,24140.87
2019-06-05,14.28,13.92,14.35,13.91,31363.9
2019-06-06,14.07,13.43,14.08,13.31,32773.58
2019-06-10,13.58,13.48,13.62,13.39,32353.46
2019-06-11,13.5,14.2,14.2,13.44,42397.12
2019-06-12,14.19,14.0,14.34,13.98,31489.48
2019-06-13,14.0,14.11,14.22,13.95,19954.88
2019-06-14,14.13,13.82,14.21,13.8,20204.93
2019-06-17,13.83,13.54,14.1,13.42,40320.84
2019-06-18,13.59,13.68,13.91,13.5,38366.9
2019-06-19,14.0,13.99,14.2,13.94,51121.65
2019-06-20,13.97,14.39,14.4,13.88,48106.24
2019-06-21,14.51,14.57,14.86,14.47,52333.96
2019-06-24,14.86,15.46,15.73,14.86,101649.74
2019-06-25,15.55,15.3,15.55,15.03,56483.34
2019-06-26,15.19,15.28,15.38,15.1,38073.65
2019-06-27,15.28,15.22,15.39,15.17,46757.13
2019-06-28,15.14,14.87,15.15,14.71,53655.6
2019-07-01,15.21,15.61,15.71,15.1,76033.13
2019-07-02,15.68,15.39,15.68,15.31,46374.72
2019-07-03,15.23,15.03,15.3,14.96,36276.1
2019-07-04,15.03,14.94,15.25,14.82,29788.19
2019-07-05,14.86,14.96,15.05,14.66,38135.83
2019-07-08,14.97,14.38,14.97,14.28,42035.22
2019-07-09,14.35,14.47,14.54,14.28,23290.89
2019-07-10,14.5,14.19,14.54,14.17,27305.84
2019-07-11,14.23,14.29,14.51,14.22,23174.38
2019-07-12,14.32,14.4,14.48,14.22,18106.9
2019-07-15,14.42,14.31,14.42,13.94,36451.8
2019-07-16,14.32,14.35,14.38,14.16,19294.12
2019-07-17,14.34,14.3,14.44,14.26,21630.95
2019-07-18,14.22,13.96,14.23,13.96,24940.95
2019-07-19,14.08,14.01,14.16,13.92,19862.08
2019-07-22,13.95,13.79,14.11,13.66,19840.02
2019-07-23,13.8,13.95,13.95,13.78,14208.07
2019-07-24,15.35,15.35,15.35,15.35,34454.72
2019-07-25,16.57,16.88,16.88,16.17,164776.47
2019-07-26,18.06,17.43,18.17,17.14,258015.69
2019-07-29,18.04,17.68,18.24,17.64,182090.15
2019-07-30,17.91,18.02,18.46,17.78,147643.87
2019-07-31,18.11,19.06,19.3,17.81,159794.02
2019-08-01,18.76,18.96,19.29,18.56,140693.12
2019-08-02,18.17,18.8,19.06,17.68,154871.36
2019-08-05,18.49,18.17,18.91,18.07,116798.54
2019-08-06,17.67,18.12,18.4,17.38,114113.27
2019-08-07,18.11,17.33,18.22,17.3,106145.35
2019-08-08,17.5,17.66,17.96,17.37,102440.14
2019-08-09,18.05,19.31,19.43,17.88,198679.08
2019-08-12,19.14,20.18,20.5,18.91,193041.99
2019-08-13,20.12,21.83,22.0,19.87,196582.95
2019-08-14,22.29,21.76,23.42,21.46,217616.46
2019-08-15,21.44,22.12,22.44,21.36,156240.59
2019-08-16,22.05,21.6,22.28,21.59,114474.75
2019-08-19,22.0,22.36,22.9,21.63,174862.25
2019-08-20,21.97,21.93,22.66,21.66,115380.63
2019-08-21,22.03,22.57,22.57,21.49,121404.4
2019-08-22,22.56,24.0,24.11,22.39,163017.93
2019-08-23,23.64,22.88,23.77,22.63,140360.68
2019-08-26,22.06,22.18,22.54,21.88,103833.82
2019-08-27,22.29,22.22,22.84,22.08,95157.69
2019-08-28,21.88,21.83,22.4,21.8,84064.77
2019-08-29,21.71,21.83,22.29,21.62,84357.26
2019-08-30,21.82,21.04,22.2,20.86,121475.58
2019-09-02,21.27,21.57,21.8,20.98,98235.16
2019-09-03,21.58,22.26,22.27,21.03,114291.54
2019-09-04,22.27,21.84,22.39,21.52,89560.99
2019-09-05,21.84,22.08,22.91,21.74,134326.05
2019-09-06,22.03,21.95,22.62,21.75,90710.27
2019-09-09,22.04,23.43,23.48,22.04,136372.55
2019-09-10,23.37,22.46,23.4,22.21,108076.22
2019-09-11,22.51,21.56,22.6,21.55,89311.89
2019-09-12,21.56,21.86,21.91,21.29,46868.26
2019-09-16,22.06,23.46,23.99,22.04,187177.46
2019-09-17,23.63,24.45,24.63,23.53,200593.83
2019-09-18,24.45,23.97,24.45,23.24,133139.09
2019-09-19,24.11,25.33,25.62,23.67,159190.12
2019-09-20,25.14,25.41,26.9,24.87,168347.88
2019-09-23,25.3,25.42,25.96,24.74,113218.56
2019-09-24,25.65,25.25,25.83,25.06,106215.79
2019-09-25,25.06,24.7,25.14,24.11,105564.42
2019-09-26,24.88,22.55,24.9,22.42,131176.55
2019-09-27,22.66,23.6,23.94,22.66,105037.95
2019-09-30,23.99,23.28,23.99,22.8,68921.55
2019-10-08,23.66,22.76,23.87,22.49,77277.52
2019-10-09,22.46,22.72,22.93,21.95,89883.76
2019-10-10,23.02,23.34,23.78,22.68,100057.36
2019-10-11,23.48,22.72,23.75,22.71,78210.95
2019-10-14,23.2,25.0,25.0,22.91,148729.62
2019-10-15,24.57,23.96,24.67,23.73,109417.83
2019-10-16,23.83,23.63,24.28,23.54,70832.3
2019-10-17,23.7,23.71,24.5,23.3,92261.35
2019-10-18,23.95,23.0,23.95,22.6,85529.45
2019-10-21,22.7,22.4,22.8,22.06,52927.73
2019-10-22,22.6,22.88,22.97,22.37,50515.05
2019-10-23,22.8,22.66,23.3,22.46,52447.29
2019-10-24,22.59,22.61,22.92,22.17,46866.14
2019-10-25,22.61,23.38,23.47,22.4,71009.94
2019-10-28,23.43,23.48,23.83,23.14,64115.65
2019-10-29,23.37,22.26,23.37,22.23,117162.91
2019-10-30,22.26,21.75,22.26,21.3,59362.59
2019-10-31,21.62,21.43,21.98,21.36,58416.64
2019-11-01,21.34,21.44,21.56,21.26,59278.06
2019-11-04,21.44,21.66,22.06,21.44,81225.67
2019-11-05,21.67,23.14,23.71,21.53,166666.02
2019-11-06,23.41,22.95,23.7,22.66,136457.98
2019-11-07,22.67,22.07,22.74,21.7,146144.28
2019-11-08,22.17,22.09,22.5,22.0,88714.69
2019-11-11,21.72,20.84,21.91,20.81,98030.02
2019-11-12,20.95,20.72,20.97,20.24,65244.05
2019-11-13,20.73,20.58,20.76,20.4,49237.04
2019-11-14,20.6,21.51,21.54,20.6,81693.48
2019-11-15,21.3,21.1,21.48,20.82,72045.34
2019-11-18,21.08,21.02,21.22,20.78,39761.09
2019-11-19,21.08,21.43,21.51,20.8,75053.73
2019-11-20,21.43,21.03,21.43,20.95,53363.67
2019-11-21,20.87,20.86,21.01,20.57,40799.03
2019-11-22,20.82,20.96,21.6,20.74,82504.52
2019-11-25,20.74,20.09,20.84,19.96,69892.93
2019-11-26,20.16,20.43,20.51,20.0,43049.88
2019-11-27,20.39,20.98,21.3,20.23,77015.35
2019-11-28,20.98,21.42,21.99,20.86,104639.35
2019-11-29,21.47,21.26,21.68,21.06,58699.81
2019-12-02,21.38,21.42,21.54,21.0,45323.21
2019-12-03,21.34,21.47,21.47,21.08,45660.95
2019-12-04,21.19,22.1,22.35,21.19,101526.45
2019-12-05,22.14,22.52,22.63,21.9,111144.91
2019-12-06,22.52,22.7,23.14,22.37,112558.77
2019-12-09,22.9,22.73,23.08,22.51,71074.85
2019-12-10,22.58,23.31,23.31,22.4,92526.5
2019-12-11,23.23,22.28,23.26,22.23,108278.86
2019-12-12,22.19,21.97,22.46,21.84,78485.54
2019-12-13,22.2,22.91,23.04,22.01,123444.13
2019-12-16,23.08,23.94,24.22,22.94,149598.71
2019-12-17,23.81,24.16,24.82,23.73,138092.02
2019-12-18,24.06,23.78,24.24,23.67,93570.24
2019-12-19,23.76,23.65,24.06,23.46,61864.05
2019-12-20,23.64,23.31,23.88,23.31,69258.33
2019-12-23,23.08,22.52,23.53,22.44,74759.73
2019-12-24,22.61,23.71,23.72,22.61,89727.35
2019-12-25,23.74,23.55,23.74,23.14,89209.45
2019-12-26,23.6,23.69,24.08,23.48,82898.77
2019-12-27,23.74,23.2,24.34,23.09,106520.42
2019-12-30,23.0,23.28,23.42,22.28,65683.27
2019-12-31,23.2,23.28,23.65,23.03,50467.59
2020-01-02,23.49,23.84,24.07,23.26,80117.32
2020-01-03,23.91,24.04,24.28,23.66,78298.01
2020-01-06,23.88,24.67,24.99,23.71,127660.82
2020-01-07,24.59,24.49,24.62,24.1,75487.8
2020-01-08,24.38,23.79,24.5,23.72,76458.12
2020-01-09,24.08,24.16,24.28,23.88,59311.3
2020-01-10,24.27,24.07,24.27,23.71,61848.39
2020-01-13,24.06,24.37,24.51,23.99,88638.87
2020-01-14,24.57,24.64,25.23,24.29,112839.39
2020-01-15,24.51,24.11,24.8,23.83,75058.58
2020-01-16,25.31,26.52,26.52,24.86,134339.26
2020-01-17,26.84,26.15,27.01,25.52,186952.69
2020-01-20,26.16,27.04,27.31,25.93,115691.19
2020-01-21,26.72,26.56,26.99,26.32,83949.02
2020-01-22,26.3,28.03,28.33,25.72,115760.24
2020-01-23,27.39,26.57,27.93,26.26,106022.46
2020-02-03,23.91,23.91,23.91,23.91,10776.0
2020-02-04,22.17,24.3,25.11,22.12,126139.3
2020-02-05,24.54,24.3,25.41,24.14,104393.53
2020-02-06,23.71,24.81,25.13,23.64,106948.83
2020-02-07,24.56,24.52,24.71,23.93,95159.44
2020-02-10,24.23,25.4,25.51,23.82,114685.84
2020-02-11,25.43,25.17,25.47,24.86,75366.08
2020-02-12,25.11,26.13,26.46,24.9,119953.1
2020-02-13,25.99,26.06,26.6,25.6,106867.65
2020-02-14,26.07,26.28,27.03,25.92,108917.37
2020-02-17,26.35,27.52,27.56,26.35,123108.11
2020-02-18,28.16,27.59,28.16,26.85,122536.66
2020-02-19,27.59,26.37,27.59,26.28,125147.36
2020-02-20,26.61,26.81,26.91,26.33,88454.06
2020-02-21,26.84,27.6,27.71,26.76,142364.56
2020-02-24,27.6,29.12,29.79,27.37,156377.83
2020-02-25,28.56,29.12,29.19,26.97,166957.22
2020-02-26,28.39,27.2,28.9,26.85,117687.25
2020-02-27,27.43,27.11,27.65,26.27,88392.51
2020-02-28,25.86,25.36,26.47,25.14,103504.91
2020-03-02,25.53,26.06,26.25,25.23,63680.44
2020-03-03,26.88,26.85,27.52,26.63,91718.62
2020-03-04,26.56,26.65,27.03,26.26,48594.9
2020-03-05,27.09,26.68,27.2,26.39,49545.23
2020-03-06,26.17,26.2,26.74,25.81,44019.61
2020-03-09,25.76,24.95,25.76,24.72,56076.15
2020-03-10,24.63,25.53,25.65,24.2,60786.61
2020-03-11,25.71,24.68,25.71,24.66,54693.6
2020-03-12,24.04,23.6,24.23,23.44,61861.81
2020-03-13,21.93,23.26,23.29,21.88,98590.5
2020-03-16,23.37,21.34,23.4,21.18,74702.78
2020-03-17,21.33,21.26,21.99,20.57,50374.55
2020-03-18,21.43,20.96,21.86,20.93,49785.12
2020-03-19,21.15,21.22,21.28,20.46,46365.7
2020-03-20,21.46,21.34,21.6,20.97,45546.47
2020-03-23,20.46,19.82,20.84,19.73,46459.87
2020-03-24,20.23,20.27,20.38,19.6,58030.21
2020-03-25,21.26,20.55,21.26,20.37,97137.32
2020-03-26,20.3,20.1,20.56,20.09,40534.74
2020-03-27,20.48,20.09,20.49,20.07,37970.35
2020-03-30,19.88,19.43,19.88,18.86,50403.23
2020-03-31,19.7,19.48,19.87,19.47,30592.95
2020-04-01,19.48,19.9,20.27,19.43,51249.97
2020-04-02,19.72,20.43,20.46,19.66,67372.76
2020-04-03,20.39,20.04,20.39,19.88,44951.73
2020-04-07,20.54,20.62,20.72,20.34,58438.81
2020-04-08,20.51,20.75,20.94,20.46,47157.87
2020-04-09,20.93,20.76,20.97,20.58,34178.17
2020-04-10,20.68,20.21,20.8,20.11,36096.04
2020-04-13,20.2,20.14,20.46,19.71,28052.86
2020-04-14,20.18,20.67,20.68,20.18,39811.64
2020-04-15,20.69,20.7,21.06,20.6,45196.59
2020-04-16,20.55,20.74,20.79,20.34,28798.52
2020-04-17,21.15,21.54,22.5,21.15,101562.69
2020-04-20,21.46,21.64,21.65,21.17,53798.52
2020-04-21,21.42,21.23,21.43,20.98,42168.67
2020-04-22,20.98,21.24,21.28,20.82,25252.5
2020-04-23,21.24,20.96,21.31,20.95,28795.06
2020-04-24,21.03,21.14,21.46,21.02,40414.15
2020-04-27,21.14,20.89,21.23,20.77,24587.86
2020-04-28,20.9,20.47,20.98,19.43,43972.68
2020-04-29,20.35,20.56,20.7,20.35,19322.5
2020-04-30,20.38,21.2,21.29,20.38,51246.58
2020-05-06,23.2,23.32,23.32,22.28,98155.16
2020-05-07,23.8,25.65,25.65,23.71,247149.06
2020-05-08,26.46,27.14,27.71,26.12,252817.37
2020-05-11,27.72,27.41,27.93,26.65,193546.56
2020-05-12,27.33,27.37,27.48,26.65,121422.55
2020-05-13,27.25,27.48,27.61,26.95,90765.86
2020-05-14,27.14,27.03,27.7,26.91,81682.88
2020-05-15,27.17,27.71,27.71,26.71,115657.39
2020-05-18,27.43,25.73,27.45,25.53,143430.86
2020-05-19,26.08,26.28,26.42,25.64,96624.96
2020-05-20,26.16,25.54,26.48,25.43,73983.37
2020-05-21,26.0,25.4,26.43,25.32,67149.95
2020-05-22,25.41,25.03,25.78,24.82,57063.18
2020-05-25,25.14,25.3,25.39,24.72,43649.19
2020-05-26,25.41,25.84,25.85,25.11,83881.85
2020-05-27,25.71,25.14,25.99,24.87,66169.55
2020-05-28,25.14,25.16,25.16,24.2,72974.95
2020-05-29,25.03,25.5,26.11,24.95,69662.85
2020-06-01,25.8,27.16,27.51,25.72,111112.04
2020-06-02,27.16,27.08,27.45,26.74,60254.72
2020-06-03,27.2,26.92,27.5,26.53,70549.76
2020-06-04,26.8,27.34,28.15,26.8,65945.36
2020-06-05,26.91,28.84,29.18,26.91,96352.87
2020-06-08,28.91,28.54,29.46,28.24,56243.34
2020-06-09,28.63,28.79,28.88,28.28,48278.72
2020-06-10,28.84,29.31,29.82,28.57,71478.84
2020-06-11,29.65,28.78,29.66,28.77,53625.92
2020-06-12,28.1,28.46,28.77,27.92,40270.11
2020-06-15,28.36,28.43,29.25,27.81,39106.39
2020-06-16,28.84,28.76,29.39,28.56,32661.08
2020-06-17,28.73,28.3,28.9,27.86,45600.19
2020-06-18,28.38,28.44,28.67,28.08,36255.09
2020-06-19,28.39,29.02,29.45,28.23,68787.73
2020-06-22,29.1,31.63,31.76,29.1,98576.01
2020-06-23,31.28,29.02,31.28,28.66,142925.69
2020-06-24,28.53,27.86,28.8,27.57,89011.47
2020-06-29,27.84,28.03,28.03,27.52,38481.42
2020-06-30,28.11,28.39,28.62,28.11,41099.25
2020-07-01,28.44,28.75,29.47,28.44,64869.15
2020-07-02,28.79,28.58,28.79,27.81,49308.9
2020-07-03,28.41,28.47,28.73,28.1,35876.74
2020-07-06,28.39,29.74,29.98,28.39,75773.31
2020-07-07,30.06,31.74,32.71,29.83,98600.9
2020-07-08,31.86,32.21,33.25,31.86,62264.66
2020-07-09,32.21,31.89,32.58,31.4,75514.06
2020-07-10,31.8,31.16,31.89,30.82,49800.67
2020-07-13,31.16,31.98,32.48,31.16,57990.55
2020-07-14,32.79,31.4,33.25,30.77,66701.66
2020-07-15,31.4,30.41,31.71,30.22,47201.16
2020-07-16,30.38,29.54,30.7,29.0,48594.01
2020-07-17,29.32,29.63,29.89,28.84,35571.27
2020-07-20,29.83,30.33,30.53,29.56,31095.69
2020-07-21,30.63,31.28,31.44,30.21,38717.02
2020-07-22,31.51,31.28,31.74,30.99,43736.19
2020-07-23,30.93,31.6,31.74,29.9,47429.61
2020-07-24,31.61,30.05,31.61,29.84,37606.02
2020-07-27,30.18,32.16,32.57,29.69,57264.67
2020-07-28,32.37,33.16,34.34,32.35,75353.8
2020-07-29,33.41,33.31,33.59,32.79,44852.87
2020-07-30,33.3,33.88,34.69,32.96,65276.71
2020-07-31,33.89,34.09,35.05,33.62,41639.65
2020-08-03,34.44,34.67,35.02,34.09,43362.62
2020-08-04,34.99,34.12,35.57,33.66,49678.28
2020-08-05,34.1,34.44,34.6,33.8,25756.77
2020-08-06,34.75,33.21,34.75,33.02,42574.32
2020-08-07,33.09,32.74,33.69,32.31,30567.82
2020-08-10,33.49,32.35,33.49,31.73,34421.88
2020-08-11,32.56,31.65,32.83,31.58,25045.76
2020-08-12,31.66,31.24,31.76,30.24,30466.14
2020-08-13,31.29,30.91,31.73,30.63,17759.98
2020-08-14,30.91,32.25,32.3,30.91,32840.91
2020-08-17,32.45,32.93,32.93,32.01,33116.53
2020-08-18,33.02,32.93,33.9,32.67,34741.41
2020-08-19,32.9,32.66,33.42,32.44,26349.29
2020-08-20,32.72,32.79,33.31,32.09,28948.28
2020-08-21,32.82,32.25,33.19,32.09,22123.79
2020-08-24,32.21,34.12,34.4,31.86,52677.32
2020-08-25,34.12,34.18,34.69,33.72,34665.08
2020-08-26,33.89,32.43,34.24,32.03,51361.54
2020-08-27,32.7,32.03,32.89,31.4,24001.57
2020-08-28,32.25,32.98,33.08,31.91,27252.33
2020-08-31,32.87,32.37,33.17,32.32,24172.72
2020-09-01,32.37,33.16,33.3,31.74,28602.52
2020-09-02,33.25,32.86,33.71,32.73,26168.15
2020-09-03,32.79,32.85,33.3,32.27,25547.97
2020-09-04,32.24,32.03,32.57,31.68,19805.12
2020-09-07,32.13,30.62,32.38,30.62,27539.72
2020-09-08,30.6,30.0,30.87,29.46,23634.79
2020-09-09,29.54,28.96,29.66,28.29,23435.19
2020-09-10,29.15,28.52,29.52,28.4,20328.02
2020-09-11,28.39,29.28,29.4,28.24,15505.3
2020-09-14,29.54,29.27,29.78,28.91,17530.13
2020-09-15,29.31,29.4,29.49,28.99,14037.24
2020-09-16,29.42,28.92,29.5,28.77,16169.19
2020-09-17,28.61,29.01,29.39,28.49,19022.5
2020-09-18,29.0,29.54,29.58,28.88,16727.57
2020-09-21,29.58,29.49,29.94,29.26,17137.54
2020-09-22,29.11,28.94,29.36,28.78,12332.26
2020-09-23,28.99,29.16,29.25,28.66,9743.01
2020-09-24,28.96,28.27,29.06,28.27,16076.62
2020-09-25,28.28,28.33,28.64,27.97,11814.52
2020-09-28,28.29,27.97,28.56,27.97,10616.22
2020-09-29,28.0,28.61,28.67,28.0,12504.81
2020-09-30,28.73,28.33,28.73,28.11,7009.45
2020-10-09,28.82,29.73,30.05,28.82,22943.4
2020-10-12,29.94,30.8,31.07,29.75,28737.1
2020-10-13,30.7,30.66,30.82,30.19,19383.04
2020-10-14,30.41,29.84,30.41,29.28,25320.59
2020-10-15,30.11,29.6,30.52,29.45,17463.53
2020-10-16,29.89,29.69,30.08,29.56,16798.93
2020-10-19,30.0,29.7,30.04,29.58,11912.41
2020-10-20,29.66,29.71,29.83,29.08,13919.27
2020-10-21,29.72,28.96,30.01,28.85,13780.41
2020-10-22,29.18,29.12,29.36,28.5,9679.77
2020-10-23,29.3,28.55,29.55,28.51,11882.58
2020-10-26,28.39,27.77,28.39,27.63,22680.08
2020-10-27,27.63,27.42,27.69,26.99,21385.79
2020-10-28,27.51,29.38,29.69,27.28,43486.61
2020-10-29,28.73,29.81,30.12,28.4,43694.41
2020-10-30,29.66,28.36,29.69,28.13,36148.4
2020-11-02,28.12,28.96,29.24,27.98,25582.23
2020-11-03,29.11,28.92,29.83,28.55,29876.97
2020-11-04,28.83,29.07,29.51,28.67,31300.28
2020-11-05,29.43,31.57,31.86,29.14,84066.5
2020-11-06,31.51,31.18,31.74,30.73,55252.76
2020-11-09,31.52,32.13,32.68,30.99,64746.44
2020-11-10,32.1,31.62,32.1,31.07,37407.5
2020-11-11,31.62,30.98,32.21,30.79,35801.59
2020-11-12,30.88,32.12,32.12,30.7,45457.35
2020-11-13,32.14,32.44,32.9,31.59,61249.46
2020-11-16,32.56,31.76,32.61,31.31,49493.33
2020-11-17,31.84,31.32,31.84,30.7,37778.21
2020-11-18,31.28,31.03,31.48,30.66,22778.66
2020-11-19,30.77,31.24,31.41,30.47,27514.72
2020-11-20,31.24,31.01,31.79,30.76,33780.45
2020-11-23,31.07,31.74,32.0,30.6,58554.14
2020-11-24,31.93,31.32,32.35,31.1,39827.7
2020-11-25,31.27,31.13,32.05,30.94,46033.44
2020-11-26,30.95,29.25,30.95,28.3,79982.07
2020-11-27,28.98,28.97,29.49,28.67,28506.99
2020-11-30,28.9,29.99,30.57,28.39,50414.21
2020-12-01,30.05,30.13,30.77,29.86,36066.65
2020-12-02,30.16,30.05,30.29,29.4,25583.8
2020-12-03,30.11,30.05,30.23,29.83,14916.52
2020-12-04,30.41,30.06,30.42,29.74,16965.86
2020-12-07,30.09,30.21,30.46,29.94,19521.72
2020-12-08,30.23,30.52,30.99,30.08,22584.06
2020-12-09,30.3,30.42,31.31,30.18,37652.24
2020-12-10,30.13,30.7,31.02,29.23,37349.39
2020-12-11,30.42,29.49,30.53,29.2,32389.05
2020-12-14,29.28,29.63,29.65,28.89,22477.31
2020-12-15,29.54,30.59,31.16,29.4,44438.21
2020-12-16,30.84,30.59,31.2,30.59,27965.04
2020-12-17,30.39,30.37,30.54,29.8,27785.97
2020-12-18,30.31,30.01,30.95,29.91,34232.94
2020-12-21,30.01,31.41,31.57,29.56,76241.68
2020-12-22,31.17,30.45,31.82,30.36,56433.88
2020-12-23,31.86,33.49,33.49,31.79,41611.15
2020-12-24,36.5,36.84,36.84,35.92,184142.12
2020-12-25,36.96,37.65,38.7,35.21,209824.66
2020-12-28,37.02,39.51,39.83,36.83,149564.36
2020-12-29,38.88,37.78,39.28,37.14,98978.39
2020-12-30,37.17,38.82,40.17,37.14,106304.42
2020-12-31,38.84,39.16,40.17,37.94,106029.6
2021-01-04,39.1,41.41,41.54,38.39,108198.6
2021-01-05,40.76,40.28,41.31,39.85,85634.04
2021-01-06,40.35,40.06,41.38,39.35,68625.03
2021-01-07,40.14,38.85,40.34,38.22,96355.3
2021-01-08,38.52,38.87,39.28,37.54,68249.27
2021-01-11,38.52,39.52,39.98,37.54,83869.53
2021-01-12,39.32,39.52,39.97,37.67,61211.97
2021-01-13,39.52,39.74,40.07,38.46,58908.76
2021-01-14,39.45,41.37,43.67,38.55,105431.97
2021-01-15,41.13,40.75,41.58,39.45,72296.12
2021-01-18,39.85,42.08,42.39,39.1,61883.96
2021-01-19,42.23,40.51,44.01,40.37,68219.22
2021-01-20,40.56,42.17,42.58,40.56,76649.64
2021-01-21,42.18,41.56,42.28,40.56,77050.65
2021-01-22,45.71,45.72,45.72,43.5,107666.15
2021-01-25,45.76,45.46,46.63,44.73,137998.74
2021-01-26,44.93,42.95,45.18,42.62,90309.17
2021-01-27,42.98,41.38,43.04,39.83,70438.1
2021-01-28,41.11,39.4,41.16,39.11,53245.84
2021-01-29,39.41,39.33,40.34,38.54,44118.7
2021-02-01,39.28,42.8,43.08,38.87,64926.2
2021-02-02,42.83,44.03,45.33,42.46,73732.12
2021-02-03,44.03,43.72,45.09,43.25,43136.78
2021-02-04,43.15,42.63,44.11,41.88,42330.5
2021-02-05,42.93,41.92,43.78,41.77,33870.97
2021-02-08,42.04,42.42,43.3,39.79,30834.11
2021-02-09,42.64,43.45,43.95,42.29,37977.14
2021-02-10,43.27,44.32,44.69,42.69,38733.69
2021-02-18,44.75,44.46,45.43,42.73,42537.44
2021-02-19,44.23,43.48,45.36,42.87,37040.37
2021-02-22,43.36,40.93,43.41,40.93,54220.54
2021-02-23,39.97,40.61,41.4,39.8,32645.23
2021-02-24,40.98,39.4,41.29,39.19,38386.46
2021-02-25,39.74,39.03,40.31,38.8,27009.03
2021-02-26,38.37,39.13,39.57,37.66,26719.15
2021-03-01,39.52,41.53,41.99,39.3,40424.99
2021-03-02,41.99,42.3,42.58,41.51,38108.25
2021-03-03,42.29,43.26,43.43,41.87,27601.11
2021-03-04,42.88,42.53,42.96,41.81,26501.91
2021-03-05,42.06,42.31,42.98,41.85,16563.13
2021-03-08,42.53,42.48,44.08,42.0,33857.18
2021-03-09,42.09,40.47,42.09,39.3,30880.9
2021-03-10,41.19,40.52,41.75,40.02,19250.41
2021-03-11,40.49,41.11,41.49,39.8,21111.72
2021-03-12,41.12,40.61,41.69,39.97,18350.1
2021-03-15,40.2,40.38,41.68,39.85,22964.35
2021-03-16,40.6,39.73,41.03,38.45,27143.05
2021-03-17,39.73,40.01,40.47,38.81,14831.25
2021-03-18,40.23,41.01,41.81,39.85,23625.85
2021-03-19,40.45,41.22,41.58,40.14,20039.26
2021-03-22,41.14,43.18,43.25,40.72,36587.12
2021-03-23,44.59,43.39,45.13,42.87,48626.47
2021-03-24,42.82,42.23,44.26,41.65,34703.23
2021-03-25,42.0,43.1,44.26,41.13,43690.26
2021-03-26,43.21,43.21,43.74,42.51,32466.18
2021-03-29,43.34,39.69,43.34,39.4,76053.37
2021-03-30,39.36,40.14,40.26,38.23,41281.62
2021-03-31,39.69,39.56,39.85,38.99,20638.85
2021-04-01,39.58,39.63,40.12,39.26,16994.94
2021-04-02,39.63,40.0,40.45,39.41,24002.06
2021-04-06,39.97,40.54,40.65,39.73,20808.61
2021-04-07,40.55,40.12,40.64,39.51,17471.83
2021-04-08,40.06,40.08,40.4,39.69,16258.41
2021-04-09,40.93,40.69,42.17,40.12,54526.56
2021-04-12,40.36,38.81,40.57,38.73,37302.98
2021-04-13,38.82,39.3,40.78,38.56,36330.54
2021-04-14,39.33,39.65,40.34,39.03,20493.03
2021-04-15,39.39,39.4,39.71,38.88,17680.35
2021-04-16,39.16,39.39,39.51,38.86,18967.35
2021-04-19,39.17,40.15,40.24,39.02,35037.16
2021-04-20,39.81,40.0,40.35,39.79,26375.03
2021-04-21,39.82,40.14,40.25,38.99,23563.94
2021-04-22,39.97,41.07,41.49,39.83,36657.8
2021-04-23,41.13,41.2,41.78,40.34,38173.42
2021-04-26,41.25,41.44,42.58,40.98,47486.78
2021-04-27,41.36,41.98,42.12,40.48,38612.49
2021-04-28,41.84,41.71,42.11,41.07,25486.18
2021-04-29,40.0,40.61,41.24,40.0,41921.35
2021-04-30,40.92,41.38,41.93,40.46,43102.73
2021-05-06,41.59,42.28,43.27,41.53,56708.97
2021-05-07,42.84,40.64,42.84,40.57,62348.99
2021-05-10,40.64,40.83,41.53,39.59,38602.07
2021-05-11,41.05,39.68,41.07,39.27,64788.98
2021-05-12,39.68,38.62,39.9,38.09,67679.56
2021-05-13,38.35,35.92,38.35,35.68,105137.62
2021-05-14,35.91,36.99,37.25,35.05,83216.57
2021-05-17,36.81,37.12,37.41,36.24,48327.42
2021-05-18,37.1,36.78,37.1,36.3,31265.89
2021-05-19,36.78,37.24,37.92,36.4,49050.44
2021-05-20,37.12,36.73,37.55,36.48,48768.55
2021-05-21,37.11,35.75,37.11,35.66,57739.21
2021-05-24,35.47,35.69,36.1,35.1,50580.55
2021-05-25,35.66,36.02,36.15,35.37,45029.04
2021-05-26,35.94,36.2,36.55,35.87,35443.71
2021-05-27,36.04,36.28,36.43,36.04,46487.89
2021-05-28,36.29,36.73,37.48,36.21,76725.84
2021-05-31,36.9,37.63,37.92,36.9,75158.57
2021-06-01,37.92,37.43,37.92,36.64,66295.89
2021-06-02,37.34,36.67,37.8,36.52,48798.01
2021-06-03,36.51,35.99,36.62,35.79,45842.63
2021-06-04,36.0,38.87,39.59,35.96,200863.85
2021-06-07,38.52,37.91,39.03,37.18,142887.99
2021-06-08,37.58,38.07,39.28,37.58,100582.68
2021-06-09,38.05,38.0,38.23,37.01,64294.46
2021-06-10,37.87,37.72,38.32,37.06,65133.44
2021-06-11,37.96,38.07,38.43,37.34,78711.48
2021-06-15,38.11,38.63,38.99,37.72,79152.66
2021-06-16,38.69,36.68,38.73,36.47,71125.25
2021-06-17,36.51,36.86,37.01,36.37,47911.69
2021-06-18,36.86,36.71,37.14,36.37,44919.52
2021-06-21,36.63,36.19,36.7,35.91,58597.78
2021-06-22,36.35,36.43,36.46,36.11,38576.14
2021-06-23,36.54,38.4,39.52,36.14,170353.86
2021-06-24,39.18,39.47,40.2,38.35,131396.57
2021-06-25,39.48,38.96,39.51,38.17,75776.59
2021-06-28,38.86,38.99,39.45,38.62,61388.95
2021-06-29,39.16,38.75,40.12,38.73,76840.91
2021-06-30,38.51,39.11,39.2,37.67,71359.3
2021-07-01,38.83,38.05,39.01,37.96,48167.82
2021-07-02,37.87,37.02,37.94,36.87,45245.86
2021-07-05,37.02,39.84,39.9,36.98,114170.75
2021-07-06,39.62,39.03,40.15,38.54,74999.65
2021-07-07,38.9,40.89,41.28,38.64,137723.2
2021-07-08,41.15,41.24,42.61,40.58,142581.75
2021-07-09,40.73,43.59,43.91,40.33,168105.13
2021-07-12,43.74,43.87,44.74,42.61,152833.16
2021-07-13,43.88,45.15,45.34,43.29,135777.29
2021-07-14,43.88,40.63,43.88,40.63,224670.75
2021-07-15,40.04,40.0,40.56,38.52,124078.18
2021-07-16,39.45,39.48,40.26,39.04,80580.9
2021-07-19,39.03,38.79,39.61,37.8,84275.15
2021-07-20,38.08,39.08,39.11,37.9,47357.67
2021-07-21,39.13,39.54,40.45,39.13,102683.85
2021-07-22,37.49,38.52,38.75,36.83,165346.2
2021-07-23,38.13,36.85,38.17,36.67,116568.85
2021-07-26,36.65,35.25,36.65,34.86,108369.08
2021-07-27,35.19,34.9,36.15,34.6,77290.15
2021-07-28,34.68,33.23,34.68,32.84,70464.95
2021-07-29,33.8,34.21,34.62,33.61,65216.02
2021-07-30,34.28,35.29,35.79,33.62,78241.46
2021-08-02,35.54,36.18,36.64,35.34,94964.62
2021-08-03,36.1,35.09,36.1,35.01,54721.47
2021-08-04,34.99,35.73,35.75,34.99,67141.22
2021-08-05,35.79,34.73,35.81,34.66,62062.8
2021-08-06,34.85,35.18,35.34,33.68,64798.74
2021-08-09,35.1,34.83,35.1,34.17,50033.85
2021-08-10,34.84,34.93,35.09,34.43,50063.25
2021-08-11,35.02,36.04,36.43,34.96,99430.26
2021-08-12,36.39,35.85,36.4,35.7,62534.36
2021-08-13,35.79,35.33,36.21,35.12,68411.5
2021-08-16,35.04,34.57,35.06,34.15,53272.43
2021-08-17,34.39,33.6,34.57,33.56,50270.93
2021-08-18,33.58,34.02,34.04,33.49,28744.08
2021-08-19,34.03,34.28,34.54,33.6,39198.53
2021-08-20,34.36,33.54,34.36,33.23,46335.33
2021-08-23,33.54,33.94,34.08,33.4,45384.51
2021-08-24,33.97,33.38,34.06,33.23,74839.7
2021-08-25,33.39,32.63,33.4,32.46,75478.66
2021-08-26,32.63,32.03,33.02,32.0,68980.0
2021-08-27,31.7,31.7,32.15,31.2,54332.28
2021-08-30,31.83,32.75,32.76,31.83,66123.85
2021-08-31,32.75,32.23,32.77,31.96,43203.59
2021-09-01,32.03,30.89,32.2,30.42,78516.25
2021-09-02,30.62,31.07,31.2,30.57,37722.09
2021-09-03,31.07,30.39,31.07,30.34,60968.32
2021-09-06,30.42,30.87,30.92,30.04,58658.24
2021-09-07,30.89,30.92,30.97,30.59,52664.32
2021-09-08,30.85,31.92,32.27,30.74,86401.99
2021-09-09,31.9,31.48,31.9,31.08,55789.54
2021-09-10,31.34,31.43,31.64,31.12,50729.49
2021-09-13,31.43,30.67,31.49,30.51,64703.83
2021-09-14,30.63,30.91,31.3,30.34,53307.33
2021-09-15,30.91,30.31,31.01,30.2,56275.32
2021-09-16,30.21,29.07,30.25,29.01,77859.26
2021-09-17,29.07,28.41,29.3,27.88,63554.35
2021-09-22,27.99,28.34,28.54,27.75,29299.47
2021-09-23,28.46,28.69,28.89,28.46,32047.08
2021-09-24,28.61,28.37,28.94,28.14,27031.12
2021-09-27,28.46,28.69,29.47,28.46,76817.87
2021-09-28,28.8,28.21,28.87,28.04,38648.5
2021-09-29,28.03,26.6,28.03,26.44,71914.99
2021-09-30,26.59,27.4,27.43,26.59,39221.41
2021-10-08,27.62,27.64,28.19,27.26,46456.26
2021-10-11,27.69,27.88,28.09,27.48,32794.34
2021-10-12,27.8,27.25,27.8,26.94,35416.27
2021-10-13,27.39,27.86,27.89,27.21,35868.1
2021-10-14,27.86,28.23,28.49,27.73,44700.46
2021-10-15,28.12,28.49,28.79,27.84,51882.71
2021-10-18,28.45,28.61,29.07,28.16,41691.44
2021-10-19,28.85,30.21,30.23,28.85,130132.77
2021-10-20,30.22,30.51,30.57,29.65,100393.09
2021-10-21,30.97,33.56,33.56,30.86,253286.26
2021-10-22,34.46,32.91,35.2,32.81,336698.31
2021-10-25,33.56,36.2,36.2,33.56,201256.96
2021-10-26,37.49,38.43,39.82,36.63,566514.66
2021-10-27,37.06,37.28,37.66,35.96,348889.74
2021-10-28,37.49,34.69,38.0,34.69,325471.31
2021-10-29,35.47,35.99,37.48,35.25,272548.22
2021-11-01,36.0,38.76,39.11,35.03,373878.89
2021-11-02,38.35,36.96,38.51,36.56,245373.05
2021-11-03,36.34,36.14,37.54,35.29,222636.0
2021-11-04,36.24,35.24,36.38,34.79,212580.83
2021-11-05,34.95,33.97,34.95,33.74,246104.57
2021-11-08,33.91,34.38,34.78,33.32,190806.75
2021-11-09,34.2,33.48,34.83,33.19,224485.59
2021-11-10,33.47,32.6,33.47,31.95,181399.0
2021-11-11,32.41,32.46,32.91,32.34,129264.12
2021-11-12,32.38,35.7,35.7,32.0,332312.22
2021-11-15,36.13,37.19,38.94,35.13,467826.69
2021-11-16,37.07,36.1,37.14,35.67,197649.77
2021-11-17,36.14,36.96,37.36,35.62,219893.9
2021-11-18,36.97,38.5,38.92,36.1,309156.35
2021-11-19,38.48,37.8,40.88,37.54,318233.39
2021-11-22,38.96,41.58,41.58,38.09,379773.18
2021-11-23,42.03,40.77,42.03,39.88,275616.48
2021-11-24,40.27,39.15,41.49,39.01,234065.65
2021-11-25,38.97,39.47,39.79,38.44,145354.06
2021-11-26,39.05,40.86,41.23,38.95,213037.46
2021-11-29,39.63,42.61,42.83,39.54,255718.25
2021-11-30,42.14,41.91,43.07,41.17,170830.24
2021-12-01,42.18,40.71,42.18,40.06,145030.48
2021-12-02,40.18,40.69,41.41,39.38,142024.8
2021-12-03,40.57,40.09,41.46,40.07,131187.93
2021-12-06,39.5,40.94,41.05,38.97,188555.2
2021-12-07,40.54,37.87,40.72,37.5,195169.61
2021-12-08,38.23,40.8,41.17,38.07,198210.06
2021-12-09,40.47,41.74,42.48,40.31,211852.24
2021-12-10,41.46,41.6,42.47,40.91,115414.25
2021-12-13,41.4,40.9,41.8,40.11,120227.28
2021-12-14,40.59,39.51,40.77,39.45,106691.8
2021-12-15,39.37,40.01,40.77,39.37,102327.82
2021-12-16,40.04,44.01,44.01,39.21,342226.1
2021-12-17,47.69,48.42,48.42,46.7,128022.25
2021-12-20,49.37,45.93,50.6,45.61,382676.91
2021-12-21,45.73,46.2,47.33,44.32,217732.22
2021-12-22,46.2,50.82,50.82,46.15,346758.14
2021-12-23,49.79,53.47,55.72,49.04,401001.02
2021-12-24,53.9,53.26,54.54,52.42,232226.6
2021-12-27,52.75,51.98,54.32,51.44,139815.57
2021-12-28,51.99,51.79,52.28,49.64,169688.66
2021-12-29,51.8,50.05,51.87,49.15,127932.96
2021-12-30,49.67,49.55,51.12,48.98,108805.92
2021-12-31,50.12,49.7,50.68,49.0,80592.91
2022-01-04,50.1,48.43,50.53,47.58,109663.12
2022-01-05,47.73,44.26,48.16,43.59,205874.92
2022-01-06,44.63,45.03,45.92,42.8,158167.06
2022-01-07,44.57,42.61,45.27,42.57,146644.33
2022-01-10,42.84,43.37,43.69,41.78,109246.02
2022-01-11,43.2,43.25,45.12,43.04,107136.57
2022-01-12,43.61,44.74,45.37,43.34,116795.14
2022-01-13,44.65,43.22,44.96,42.61,89517.32
2022-01-14,42.61,44.41,44.89,42.57,102229.39
2022-01-17,43.91,47.85,48.2,43.71,155165.68
2022-01-18,47.21,47.49,48.85,46.3,103890.46
2022-01-19,47.15,43.46,47.34,43.33,134443.34
2022-01-20,43.53,44.31,45.05,43.16,82343.47
2022-01-21,45.43,44.6,46.43,43.9,83153.91
2022-01-24,43.97,46.91,48.65,43.22,148089.57
2022-01-25,46.69,44.38,48.02,44.31,102422.98
2022-01-26,44.75,45.91,46.53,44.74,90874.79
2022-01-27,45.99,43.7,46.01,43.44,81465.37
2022-01-28,43.63,41.08,44.13,39.44,116182.39
2022-02-07,42.16,41.48,42.9,40.9,69653.32
2022-02-08,40.99,39.21,41.09,38.31,110626.53
2022-02-09,39.28,39.73,39.75,38.17,90845.36
2022-02-10,39.51,38.08,39.68,37.61,105805.31
2022-02-11,37.58,37.25,38.63,37.19,87453.02
2022-02-14,37.08,36.26,37.91,35.99,91415.72
2022-02-15,36.4,37.31,37.64,36.04,85799.04
2022-02-16,37.37,38.17,38.9,37.37,111030.32
2022-02-17,37.92,38.86,39.5,37.67,137258.44
2022-02-18,38.36,37.83,38.41,37.16,94931.47
2022-02-21,37.62,37.42,37.89,36.66,91131.5
2022-02-22,37.56,37.18,37.82,36.25,63203.17
2022-02-23,37.17,38.69,38.92,36.98,108435.51
2022-02-24,38.27,36.75,38.91,36.21,128194.93
2022-02-25,37.12,37.23,38.32,36.98,94022.18
2022-02-28,37.23,37.62,37.81,36.36,69908.94
2022-03-01,37.9,37.0,37.96,36.53,79792.47
2022-03-02,36.6,35.93,36.6,35.39,85237.41
2022-03-03,35.99,34.6,36.11,34.47,117542.88
2022-03-04,34.17,33.95,34.75,33.83,71203.05
2022-03-07,33.95,33.08,33.95,32.87,61529.52
2022-03-08,33.08,32.3,33.56,31.68,67943.07
2022-03-09,32.12,31.68,32.51,30.2,92159.88
2022-03-10,32.39,32.83,33.13,32.06,92646.92
2022-03-11,32.21,32.71,32.85,31.59,71825.32
2022-03-14,32.27,31.49,32.27,31.49,55778.0
2022-03-15,31.36,30.04,31.8,29.99,64946.67
2022-03-16,30.67,31.86,32.35,29.7,96158.76
2022-03-17,32.51,32.42,33.15,32.32,98183.96
2022-03-18,32.25,33.16,33.22,31.95,62538.61
2022-03-21,33.2,33.39,34.48,32.83,107332.17
2022-03-22,33.51,32.79,33.51,32.64,65227.03
2022-03-23,32.92,32.8,33.11,32.44,53399.54
2022-03-24,32.72,32.64,32.79,32.13,38661.06
2022-03-25,32.7,32.06,32.89,31.95,35661.72
2022-03-28,31.89,31.32,31.89,31.03,49281.38
2022-03-29,31.49,31.03,31.94,30.99,35337.73
2022-03-30,31.51,32.11,32.42,31.51,78660.9
2022-03-31,31.76,31.28,32.02,31.17,52325.25
2022-04-01,31.02,31.45,31.66,30.73,40029.7
2022-04-06,31.28,30.91,31.36,30.59,46648.96
2022-04-07,30.66,29.88,30.78,29.86,58395.46
2022-04-08,29.82,29.73,29.93,28.97,60038.8
2022-04-11,29.43,28.37,29.51,27.95,67371.3
2022-04-12,28.08,29.26,29.33,28.03,48095.93
2022-04-13,28.97,29.31,29.99,28.84,48927.14
2022-04-14,29.46,29.52,29.91,29.31,37015.91
2022-04-15,29.24,29.92,29.92,28.99,44511.16
2022-04-18,29.82,29.82,29.82,29.14,37796.76
2022-04-19,29.66,29.39,30.29,29.14,41220.72
2022-04-20,29.31,29.03,29.53,28.97,33016.67
2022-04-21,28.8,27.92,29.06,27.76,42398.08
2022-04-22,27.64,27.35,27.84,27.03,32278.43
2022-04-25,26.67,24.63,26.75,24.62,81938.69
2022-04-26,24.79,24.92,25.84,24.36,68352.37
2022-04-27,24.53,26.53,26.62,24.17,69700.29
2022-04-28,26.26,25.86,26.48,25.56,59720.56
2022-04-29,26.16,26.48,26.72,25.87,64350.8
2022-05-05,26.42,26.53,26.79,26.02,62505.45
2022-05-06,25.89,26.02,26.3,25.53,38795.3
2022-05-09,26.01,26.26,26.63,25.84,25875.17
2022-05-10,25.97,27.23,27.23,25.72,55803.5
2022-05-11,27.63,29.96,29.96,27.63,75169.88
2022-05-12,30.68,31.69,32.21,29.58,240572.12
2022-05-13,31.78,30.51,32.18,30.28,170155.32
2022-05-16,30.51,30.31,30.8,30.0,93331.1
2022-05-17,30.25,30.93,31.2,29.67,114802.89
2022-05-18,31.21,30.86,31.22,30.49,99709.87
2022-05-19,30.2,31.09,31.13,30.13,73349.42
2022-05-20,31.33,32.53,33.04,31.28,160091.67
2022-05-23,32.63,32.83,32.94,31.98,97928.67
2022-05-24,32.64,31.22,33.27,31.15,99283.63
2022-05-25,31.15,31.14,31.54,30.46,60306.05
2022-05-26,31.16,31.26,31.39,30.36,53037.18
2022-05-27,31.17,30.8,31.78,30.45,55566.68
2022-05-30,30.99,31.26,31.45,30.78,43783.16
2022-05-31,31.48,32.75,33.27,30.63,125580.19
2022-06-01,32.61,33.54,34.04,32.28,126350.27
2022-06-02,33.41,33.2,34.2,32.9,93931.25
2022-06-06,33.07,33.72,34.15,32.93,118105.06
2022-06-07,33.74,33.5,34.23,32.98,79542.28
2022-06-08,33.2,33.25,33.7,32.54,73756.0
2022-06-09,33.12,32.12,33.12,31.86,68369.95
2022-06-10,31.77,33.43,33.74,31.61,81285.37
2022-06-13,33.08,34.06,34.11,32.99,94777.5
2022-06-14,33.24,33.55,33.57,32.24,79623.01
2022-06-15,33.55,33.07,34.2,33.07,88041.73
2022-06-16,32.99,33.2,33.66,32.89,62231.52
2022-06-17,32.8,34.04,34.7,32.64,124082.0
2022-06-20,34.37,35.86,35.88,33.94,175906.36
2022-06-21,35.68,34.96,35.68,34.37,113609.74
2022-06-22,34.65,34.25,35.68,34.2,89791.77
2022-06-23,34.38,35.27,35.41,34.07,102731.57
2022-06-24,35.55,38.79,38.79,35.33,211180.49
2022-06-27,38.95,39.23,40.14,37.84,237366.33
2022-06-28,39.23,38.67,39.23,37.85,138410.5
2022-06-29,38.46,39.23,40.12,38.03,181486.68
2022-06-30,39.05,39.24,41.33,38.81,155731.94
2022-07-01,39.16,38.96,39.63,37.92,107287.27
2022-07-04,38.3,41.31,41.75,37.86,192890.85
2022-07-05,40.98,40.58,41.62,39.8,122048.14
2022-07-06,40.04,39.55,40.79,38.96,90874.67
2022-07-07,39.64,41.67,42.64,39.17,168644.12
2022-07-08,42.2,40.68,43.4,40.47,154925.06
2022-07-11,40.69,37.96,40.81,37.73,158324.87
2022-07-12,37.98,36.83,38.81,36.76,87352.05
2022-07-13,36.94,37.55,37.98,36.11,76717.22
2022-07-14,37.33,40.93,41.31,37.09,257590.05
2022-07-15,40.73,39.75,41.67,39.59,186632.45
2022-07-18,39.77,40.85,41.11,39.37,133104.2
2022-07-19,40.7,40.16,40.9,40.03,88344.4
2022-07-20,40.35,40.22,40.55,39.59,82162.75
2022-07-21,39.95,38.73,40.37,38.63,97960.3
2022-07-22,39.04,38.93,39.66,38.33,66773.44
2022-07-25,38.55,37.35,38.7,37.22,80664.04
2022-07-26,37.32,37.92,38.13,36.55,61533.35
2022-07-27,38.19,38.56,39.19,37.51,94701.23
2022-07-28,39.4,39.33,40.57,37.99,124030.05
2022-07-29,39.15,38.32,39.43,38.21,68115.5
2022-08-01,38.03,39.03,39.33,37.42,96489.16
2022-08-02,38.29,37.71,38.57,36.94,92601.59
2022-08-03,37.94,38.4,39.55,37.89,128161.01
2022-08-04,38.78,36.45,39.03,35.54,135334.69
2022-08-05,36.47,37.48,37.68,35.77,92810.35
2022-08-08,36.81,37.47,37.6,36.44,52392.74
2022-08-09,37.42,37.94,38.67,37.16,62775.62
2022-08-10,38.07,37.13,38.11,36.97,55729.09
2022-08-11,37.16,39.92,40.46,36.89,188145.77
2022-08-12,39.92,38.92,40.58,38.81,121366.06
2022-08-15,38.72,40.88,41.39,38.59,159826.55
2022-08-16,41.14,41.37,42.52,40.72,157342.05
2022-08-17,41.85,45.5,45.5,41.85,269503.97
2022-08-18,46.05,48.47,49.61,45.55,356674.26
2022-08-19,48.73,48.73,50.77,48.21,235807.37
2022-08-22,48.68,49.95,50.78,48.08,171875.0
2022-08-23,50.26,54.95,54.95,50.12,327845.45
2022-08-24,54.82,50.98,54.82,50.48,280700.02
2022-08-25,52.1,50.47,53.25,49.68,210275.87
2022-08-26,50.96,47.35,50.99,47.19,185898.42
2022-08-29,47.31,48.51,49.94,45.25,183400.96
2022-08-30,48.28,47.85,49.06,46.12,88272.24
2022-08-31,47.86,44.27,48.73,44.12,157346.66
2022-09-01,44.56,43.69,44.84,43.42,81717.23
2022-09-02,44.39,45.87,46.98,43.92,135861.83
2022-09-05,45.88,48.02,49.84,45.25,161625.81
2022-09-06,48.28,49.12,49.61,46.6,148904.98
2022-09-07,48.25,49.79,50.29,47.88,123671.79
2022-09-08,49.65,48.36,50.2,48.11,95508.94
2022-09-09,48.74,47.31,48.85,46.84,77124.78
2022-09-13,47.61,45.91,47.86,44.99,98592.19
2022-09-14,45.45,45.81,46.61,45.16,80637.48
2022-09-15,46.12,41.24,46.12,41.24,154891.62
2022-09-16,40.47,40.16,41.65,39.78,79536.55
2022-09-19,40.03,39.42,40.71,39.05,73356.51
2022-09-20,39.69,39.45,41.07,39.29,117203.04
2022-09-21,39.16,38.81,39.34,38.11,117138.56
2022-09-22,38.29,39.21,40.37,37.89,113671.38
2022-09-23,39.23,38.67,39.65,37.88,89157.16
2022-09-26,38.71,39.96,40.79,38.3,119348.83
2022-09-27,40.03,39.6,40.36,38.47,98298.0
2022-09-28,39.25,38.46,39.41,37.81,86754.44
2022-09-29,38.11,37.87,38.88,37.46,64597.96
2022-09-30,37.87,36.19,37.94,36.18,80286.87
2022-10-10,36.27,34.81,36.65,34.65,69983.56
2022-10-11,35.02,35.17,35.58,34.47,55611.01
2022-10-12,35.14,36.23,36.28,34.01,84226.58
2022-10-13,35.81,36.64,38.55,35.59,118251.01
2022-10-14,37.2,38.03,38.87,36.25,118996.87
2022-10-17,37.43,37.67,38.35,36.9,70409.7
2022-10-18,37.89,41.44,41.44,37.89,164016.69
2022-10-19,43.01,45.58,45.58,42.76,302871.42
2022-10-20,43.32,43.01,44.0,41.46,268438.76
2022-10-21,42.13,44.75,47.25,41.77,235053.48
2022-10-24,44.75,46.14,46.78,43.14,186631.28
2022-10-25,45.16,44.54,46.14,43.9,141041.36
2022-10-26,44.39,45.69,46.47,43.52,156070.82
2022-10-27,45.31,42.95,46.29,42.82,169403.31
2022-10-28,42.12,43.13,45.38,42.03,181113.41
2022-10-31,42.2,43.26,43.51,40.91,112092.55
2022-11-01,43.27,44.6,44.63,42.48,151676.04
2022-11-02,43.94,44.65,45.29,43.33,137871.68
2022-11-03,43.85,44.91,45.86,43.66,124919.2
2022-11-04,45.32,47.53,49.3,44.38,202959.32
2022-11-07,46.99,49.99,52.03,46.66,201401.12
2022-11-08,50.07,47.44,50.07,46.99,161185.73
2022-11-09,46.89,47.41,48.47,45.94,113068.64
2022-11-10,46.89,45.39,47.75,45.29,110373.89
2022-11-11,46.47,45.81,46.96,45.25,95964.48
2022-11-14,45.25,43.63,45.75,43.38,91361.57
2022-11-15,43.72,45.53,45.59,43.51,80876.02
2022-11-16,45.25,42.57,45.59,42.2,166487.48
2022-11-17,42.19,42.85,42.89,41.86,64330.27
2022-11-18,42.64,42.66,43.57,42.03,72300.63
2022-11-21,42.67,44.38,44.64,42.35,99754.84
2022-11-22,43.99,42.77,43.99,42.64,75261.27
2022-11-23,42.47,43.33,43.64,40.79,100002.75
2022-11-24,43.29,45.51,45.9,42.75,161427.25
2022-11-25,44.55,43.25,44.64,42.78,102504.73
2022-11-28,42.18,43.15,44.01,42.03,53634.71
2022-11-29,42.81,43.32,43.78,42.78,50866.02
2022-11-30,43.23,43.46,44.16,42.45,60129.92
2022-12-01,43.81,43.36,44.37,42.99,68978.32
2022-12-02,42.99,44.06,44.64,42.84,81145.54
2022-12-05,43.86,43.24,43.86,42.78,64474.47
2022-12-06,42.97,41.76,43.24,41.43,121191.98
2022-12-07,41.61,41.78,42.53,41.32,73779.87
2022-12-08,41.23,40.98,42.01,40.92,63370.97
2022-12-09,40.98,40.5,41.14,40.46,55082.89
2022-12-12,40.46,40.37,40.84,39.74,42406.03
2022-12-13,40.05,39.89,40.98,39.77,44247.01
2022-12-14,39.77,39.47,40.18,39.38,36496.94
2022-12-15,39.56,40.9,40.91,39.19,69768.17
2022-12-16,40.57,39.88,40.94,39.46,43905.32
2022-12-19,39.68,39.83,40.71,39.52,34989.8
2022-12-20,39.66,38.46,39.74,38.44,42961.75
2022-12-21,38.76,38.2,38.76,37.46,40697.47
2022-12-22,38.5,37.56,38.88,37.29,40802.24
2022-12-23,37.03,37.22,37.76,36.88,28157.67
2022-12-26,37.22,39.41,39.76,37.17,67535.23
2022-12-27,39.43,39.46,39.78,38.72,56097.12
2022-12-28,39.16,38.53,39.44,38.07,45588.36
2022-12-29,38.54,38.37,39.11,38.23,35327.89
2022-12-30,38.68,37.83,38.79,37.78,40693.57
2023-01-03,37.88,38.45,38.56,36.42,101826.09
2023-01-04,38.46,37.12,38.48,36.87,80895.54
2023-01-05,37.42,39.82,40.84,36.97,203700.27
2023-01-06,39.34,39.94,40.46,39.24,127874.75
2023-01-09,40.46,40.39,41.12,39.94,105173.88
2023-01-10,40.46,40.71,40.81,40.04,86979.24
2023-01-11,40.51,39.94,40.98,39.93,80913.7
2023-01-12,40.16,40.16,40.79,40.03,54752.18
2023-01-13,40.49,39.68,40.63,39.34,63208.71
2023-01-16,39.11,39.41,40.03,38.62,73454.7
2023-01-17,39.41,39.77,40.15,39.25,46212.87
2023-01-18,40.07,40.17,41.14,39.87,83818.67
2023-01-19,39.91,40.26,40.27,39.51,42531.94
2023-01-20,40.2,40.55,40.7,40.03,55562.65
2023-01-30,41.4,40.64,41.76,40.62,100998.24
2023-01-31,40.86,41.38,41.54,40.59,79448.1
2023-02-01,41.4,42.79,43.25,41.28,136475.41
2023-02-02,42.55,44.36,44.93,42.55,170473.65
2023-02-03,43.76,42.32,43.82,41.48,193208.38
2023-02-06,41.71,41.74,42.22,41.38,73646.86
2023-02-07,41.81,43.39,45.86,41.66,192035.89
2023-02-08,43.82,42.46,43.82,42.0,135854.16
2023-02-09,42.46,42.64,42.72,41.78,92964.05
2023-02-10,42.5,41.78,42.54,41.66,81569.08
2023-02-13,41.76,42.02,42.33,41.59,54722.71
2023-02-14,41.85,41.15,42.03,41.0,81967.19
2023-02-15,41.11,40.7,41.51,40.64,73796.16
2023-02-16,40.71,39.52,40.88,38.96,93569.1
2023-02-17,39.52,39.25,39.91,39.1,45241.3
2023-02-20,39.14,39.4,39.42,38.36,70352.94
2023-02-21,39.3,39.87,40.06,39.12,57769.9
2023-02-22,39.59,39.82,40.01,39.5,30364.78
2023-02-23,39.94,39.87,40.04,39.64,36912.37
2023-02-24,39.96,39.12,40.0,38.86,43903.34
2023-02-27,39.12,39.2,39.79,39.0,36220.13
2023-02-28,39.43,39.1,39.43,38.79,33572.11
2023-03-01,39.2,39.08,39.2,38.74,35348.27
2023-03-02,39.19,37.89,39.31,37.83,83315.21
2023-03-03,38.03,37.91,38.2,37.34,47234.53
2023-03-06,37.86,38.29,38.29,37.21,52207.92
2023-03-07,38.37,37.52,38.45,37.5,43823.28
2023-03-08,37.42,37.75,37.77,37.18,21179.52
2023-03-09,37.76,37.9,37.94,37.47,25687.37
2023-03-10,37.72,37.99,38.34,37.44,36968.91
2023-03-13,37.83,37.29,37.83,37.07,36039.84
2023-03-14,37.09,36.37,37.09,35.75,51631.31
2023-03-15,36.42,36.51,37.18,36.37,29920.36
2023-03-16,36.36,35.7,36.36,35.68,31742.39
2023-03-17,35.94,35.58,36.08,35.5,27751.11
2023-03-20,35.15,35.64,36.01,35.05,35671.26
2023-03-21,35.63,36.89,36.89,35.42,52199.57
2023-03-22,36.98,36.67,37.29,36.47,45508.96
2023-03-23,36.42,36.14,36.55,35.91,39720.55
2023-03-24,36.25,37.32,37.81,36.08,85929.22
2023-03-27,38.36,39.4,40.46,38.36,201114.51
2023-03-28,39.16,38.03,39.16,38.03,92464.93
2023-03-29,38.03,37.97,38.59,37.77,60298.19
2023-03-30,38.18,38.08,38.29,37.49,43325.08
2023-03-31,38.27,37.75,38.48,37.66,50322.75
2023-04-03,37.48,37.79,37.84,37.03,69190.22
2023-04-04,37.8,36.45,37.84,36.28,86065.64
2023-04-06,36.37,37.24,37.34,35.75,56679.0
2023-04-07,37.24,37.31,37.44,36.78,44803.3
2023-04-10,37.12,38.21,38.24,37.07,72634.98
2023-04-11,38.19,37.43,38.19,37.24,53253.93
2023-04-12,37.42,36.6,37.68,36.49,63537.2
2023-04-13,36.55,36.02,36.7,36.01,40417.2
2023-04-14,36.01,36.39,36.78,35.95,44816.57
2023-04-17,36.34,36.49,36.69,36.13,30706.35
2023-04-18,36.49,36.48,36.85,36.37,32254.81
2023-04-19,36.38,35.75,36.42,35.7,40822.9
2023-04-20,35.89,35.24,35.9,35.05,38404.08
2023-04-21,35.22,34.65,35.75,34.63,43950.05
2023-04-24,34.61,34.11,34.64,33.47,40539.51
2023-04-25,34.12,32.34,34.34,31.78,66763.81
2023-04-26,32.49,33.54,34.22,32.2,54409.49
2023-04-27,33.67,33.44,33.73,33.08,27856.78
2023-04-28,31.46,32.14,32.41,31.35,62521.89
2023-05-04,31.93,31.19,32.33,30.79,68051.7
2023-05-05,31.35,30.65,31.35,30.17,48020.57
2023-05-08,30.66,30.83,31.08,30.45,32871.6
2023-05-09,30.84,30.28,31.13,30.28,33249.67
2023-05-10,30.54,31.03,31.44,30.12,51629.56
2023-05-11,31.0,31.66,32.06,30.91,56601.42
2023-05-12,31.62,31.15,31.92,31.15,26748.48
2023-05-15,31.19,32.34,32.35,31.19,56710.55
2023-05-16,32.33,32.15,32.54,31.98,34613.66
2023-05-17,32.15,32.09,32.36,31.8,22897.05
2023-05-18,31.93,31.98,32.31,31.81,25170.22
2023-05-19,31.94,32.26,32.79,31.69,40296.99
2023-05-22,32.18,32.37,32.51,31.95,25849.16
2023-05-23,32.27,32.26,32.71,32.11,26634.56
2023-05-24,32.16,32.28,32.66,31.93,25800.5
2023-05-25,32.2,32.43,32.7,32.15,30655.75
2023-05-26,32.37,32.17,32.42,31.8,22376.43
2023-05-29,32.18,31.66,32.28,31.61,26553.6
2023-05-30,31.66,31.84,31.88,31.06,31591.46
2023-05-31,31.86,31.52,31.93,31.33,17937.68
2023-06-01,31.64,31.36,32.27,31.33,34962.2
2023-06-02,31.58,32.52,32.52,31.41,66478.44
2023-06-05,32.28,31.86,32.46,31.68,42607.34
2023-06-06,31.85,30.92,31.86,30.85,43694.06
2023-06-07,31.03,30.53,31.18,30.47,26374.69
2023-06-08,30.53,30.12,30.75,30.01,28917.42
2023-06-09,30.15,29.73,30.37,29.46,37310.17
2023-06-12,29.66,30.69,30.89,29.53,45009.83
2023-06-13,30.67,30.6,30.9,30.36,24606.66
2023-06-14,30.59,30.08,30.74,30.08,26003.6
2023-06-15,30.14,30.78,30.89,29.78,46643.17
2023-06-16,30.8,31.35,31.79,30.54,53872.51
2023-06-19,31.06,31.04,31.48,31.0,27420.83
2023-06-20,31.18,30.9,31.26,30.74,22678.59
2023-06-21,30.89,30.35,31.27,30.33,23328.95
2023-06-26,30.13,30.28,31.15,29.96,30913.33
2023-06-27,30.29,30.4,30.76,30.13,19754.06
2023-06-28,30.34,30.27,30.35,29.82,22685.32
2023-06-29,30.13,30.31,30.72,30.05,17892.62
2023-06-30,30.3,31.27,31.4,30.2,58063.71
2023-07-03,31.2,31.54,32.07,31.12,44394.59
2023-07-04,31.51,31.68,31.97,31.37,31919.94
2023-07-05,31.58,31.41,31.95,31.3,25050.02
2023-07-06,31.29,31.21,31.58,31.11,17505.53
2023-07-07,31.21,30.97,31.33,30.77,18204.77
2023-07-10,31.0,31.22,31.67,30.98,30297.67
2023-07-11,31.21,31.7,31.72,30.94,33071.05
2023-07-12,31.65,31.5,31.91,31.42,28916.35
2023-07-13,31.52,31.6,31.95,31.46,22715.1
2023-07-14,31.6,31.1,31.67,30.97,26970.68
2023-07-17,30.75,30.14,30.81,30.09,37422.23
2023-07-18,30.18,30.49,30.9,30.06,24867.21
2023-07-19,30.49,30.39,30.63,30.18,16805.8
2023-07-20,30.31,30.02,30.63,29.98,28415.0
2023-07-21,30.02,29.92,30.29,29.74,18899.07
2023-07-24,29.92,29.47,29.93,29.36,21250.25
2023-07-25,29.66,30.6,30.67,29.66,45179.04
2023-07-26,30.6,30.59,30.66,30.42,17910.58
2023-07-27,30.53,30.31,30.81,30.28,19445.4
2023-07-28,30.3,30.63,30.64,30.06,23413.9
2023-07-31,30.65,31.0,31.37,30.65,38371.39
2023-08-01,30.97,31.03,31.11,30.82,19359.63
2023-08-02,31.05,31.07,31.34,30.9,22649.83
2023-08-03,31.06,31.06,31.21,30.95,16903.26
2023-08-04,31.08,31.29,31.44,31.07,28577.75
2023-08-07,31.24,30.9,31.39,30.79,21163.86
2023-08-08,30.9,30.67,31.07,30.64,15241.95
2023-08-09,30.67,30.25,30.71,30.2,18307.2
2023-08-10,30.17,30.51,30.56,30.14,14253.05
2023-08-11,30.51,29.82,30.51,29.82,20204.2
2023-08-14,29.81,28.56,29.85,28.23,60621.19
2023-08-15,28.56,28.27,28.68,28.03,26335.89
2023-08-16,28.36,28.13,28.57,28.09,16352.25
2023-08-17,28.14,28.33,28.41,27.8,18218.67
2023-08-18,28.34,27.78,28.48,27.77,20228.19
2023-08-21,27.75,27.4,27.94,27.4,17994.91
2023-08-22,27.41,26.91,27.85,26.26,42748.45
2023-08-23,26.9,26.02,26.9,26.02,24413.89
2023-08-24,26.16,26.38,26.78,26.01,23204.48
2023-08-25,26.39,25.88,26.4,25.72,19702.06
2023-08-28,27.47,26.18,27.47,26.11,29018.89
2023-08-29,26.19,26.98,27.17,26.07,30044.6
2023-08-30,27.03,27.57,28.18,27.03,36879.26
2023-08-31,27.48,27.37,27.51,27.12,18929.06
2023-09-01,27.37,27.7,27.73,27.31,20568.9
2023-09-04,27.7,28.23,28.27,27.47,29944.58
2023-09-05,28.06,28.3,28.65,28.06,25613.58
2023-09-06,28.11,28.34,28.41,28.11,19256.15
2023-09-07,28.34,27.71,28.42,27.7,30077.63
2023-09-08,27.55,27.8,27.92,27.47,19455.44
2023-09-11,27.84,28.06,28.19,27.65,19062.29
2023-09-12,28.05,28.16,28.41,27.86,21946.41
2023-09-13,28.05,27.57,28.23,27.39,20791.12
2023-09-14,27.47,27.28,27.61,27.12,16366.57
2023-09-15,27.39,27.33,27.63,27.05,14008.05
2023-09-18,27.32,27.63,27.98,26.98,18931.35
2023-09-19,27.58,27.23,27.65,27.12,14271.05
2023-09-20,27.08,26.92,27.34,26.86,10584.08
2023-09-21,26.75,26.69,26.96,26.54,14782.7
2023-09-22,26.6,27.39,27.46,26.59,21336.5
2023-09-25,27.39,27.25,27.63,27.03,16014.49
2023-09-26,27.26,27.0,27.41,26.94,13575.0
2023-09-27,26.99,27.25,27.69,26.89,22963.5
2023-09-28,27.25,27.73,27.91,27.19,28631.11
2023-10-09,27.9,28.63,29.87,27.5,82041.34
2023-10-10,28.37,28.32,28.58,27.99,49943.08
2023-10-11,28.6,28.59,29.07,28.27,45470.71
2023-10-12,28.59,29.16,29.38,28.48,56507.37
2023-10-13,28.89,28.93,29.14,28.81,31925.64
2023-10-16,29.74,28.41,29.78,28.27,39685.4
2023-10-17,28.21,28.44,28.71,28.21,26251.42
2023-10-18,28.11,27.9,28.36,27.79,18793.18
2023-10-19,27.74,27.28,27.96,27.25,21766.28
2023-10-20,27.12,27.63,28.13,27.12,31347.47
2023-10-23,27.47,26.56,27.53,26.41,29301.6
2023-10-24,26.73,26.69,26.9,25.89,28046.4
2023-10-25,26.86,26.84,27.17,26.71,23323.34
2023-10-26,26.69,26.85,26.87,26.21,27843.47
2023-10-27,26.85,27.7,27.9,26.46,38851.04
2023-10-30,27.49,28.34,28.4,27.45,39348.56
2023-10-31,28.42,28.28,28.56,28.09,27491.86
2023-11-01,28.19,28.3,28.52,28.06,20339.24
2023-11-02,28.31,27.86,28.45,27.85,20354.67
2023-11-03,27.96,28.42,28.51,27.96,27762.75
2023-11-06,28.45,30.05,30.35,28.45,95842.72
2023-11-07,29.99,29.52,29.99,29.43,47572.38
2023-11-08,29.53,29.71,29.9,29.43,39860.93
2023-11-09,29.72,29.39,29.91,29.34,27638.08
2023-11-10,29.36,29.17,29.36,28.92,26943.44
2023-11-13,29.25,29.05,29.27,28.81,24558.92
2023-11-14,28.99,29.24,29.34,28.93,21395.35
2023-11-15,29.52,29.39,29.82,29.28,29278.53
2023-11-16,29.41,28.92,29.6,28.89,20462.99
2023-11-17,28.8,28.98,29.15,28.8,16719.8
2023-11-20,29.08,29.89,30.36,28.64,71563.76
2023-11-21,29.51,29.3,29.77,29.07,47531.21
2023-11-22,29.18,28.67,29.42,28.63,28522.65
2023-11-23,28.82,29.18,29.2,28.63,23744.31
2023-11-24,29.03,28.68,29.18,28.54,21488.9
2023-11-27,27.97,26.04,28.45,25.83,123797.48
2023-11-28,26.02,27.19,27.21,25.79,84134.43
2023-11-29,27.31,27.95,28.66,27.24,111042.18
2023-12-08,28.67,26.15,28.68,25.44,90571.88
2023-12-11,25.83,25.57,25.83,24.86,70427.03
2023-12-12,25.33,25.48,25.85,25.29,44034.35
2023-12-13,25.48,25.0,25.56,24.97,31318.7
2023-12-14,25.11,25.16,25.58,24.98,31477.72
2023-12-15,25.15,25.07,25.38,24.95,32742.98
2023-12-18,24.94,24.28,25.04,24.19,33804.65
2023-12-19,24.2,24.44,24.51,24.07,18756.18
2023-12-20,24.35,24.18,24.53,24.14,16192.32
2023-12-21,24.16,24.53,24.65,24.04,26792.84
2023-12-22,24.39,24.73,25.13,24.24,37041.81
2023-12-25,24.57,24.43,24.72,24.11,38841.46
2023-12-26,24.42,23.79,24.42,23.66,42845.39
2023-12-27,23.79,24.19,24.22,23.73,31300.86
2023-12-28,24.19,25.31,25.38,24.08,62590.27
2023-12-29,25.31,25.93,25.98,25.31,59184.19
2024-01-02,26.06,25.51,26.25,25.49,37427.09
2024-01-03,25.51,25.3,25.54,25.17,27560.34
2024-01-04,25.33,25.14,25.52,24.95,23099.86
2024-01-05,25.18,24.74,25.73,24.62,33936.81
2024-01-08,24.74,24.2,25.0,24.19,30248.58
2024-01-09,24.2,23.95,24.57,23.83,35981.69
2024-01-10,23.9,23.64,24.13,23.35,36674.21
2024-01-11,23.7,24.45,24.64,23.51,41017.04
2024-01-12,24.4,24.33,24.73,24.22,26687.2
2024-01-15,24.25,24.07,24.36,23.79,22657.94
2024-01-16,24.07,24.07,24.31,23.72,26054.41
2024-01-17,24.1,23.35,24.11,23.33,29284.05
2024-01-18,23.33,23.14,23.57,22.38,46085.53
2024-01-19,23.13,22.9,23.71,22.88,28023.26
2024-01-22,22.88,21.51,22.88,21.32,45686.87
2024-01-23,21.7,21.81,21.97,21.31,31634.09
2024-01-24,21.83,21.29,22.01,20.21,85470.45
2024-01-25,21.26,21.99,21.99,20.99,45876.99
2024-01-26,21.99,21.67,22.1,21.65,35531.88
2024-01-29,21.77,20.85,21.77,20.85,36676.52
2024-01-30,20.6,20.55,21.17,20.4,30618.66
2024-01-31,20.45,19.5,20.57,19.43,46229.4
2024-02-01,19.45,19.34,19.83,19.07,32739.84
2024-02-02,19.26,18.27,19.53,17.69,52589.5
2024-02-05,18.26,16.94,18.26,16.45,64310.11
2024-02-06,16.73,18.43,18.56,16.63,69027.41
2024-02-07,18.72,19.67,20.0,18.51,68594.84
2024-02-08,19.69,20.79,21.11,19.67,68526.22
2024-02-19,20.82,20.48,21.02,20.19,60451.22
2024-02-20,20.36,20.53,20.55,20.09,31834.12
2024-02-21,20.31,20.73,21.47,20.22,50112.14
2024-02-22,20.64,20.9,21.12,20.62,31490.19
2024-02-23,21.01,21.23,21.26,20.77,42857.7
2024-02-26,21.24,21.64,21.97,21.24,50145.31
2024-02-27,21.65,21.97,21.97,21.35,44315.6
2024-02-28,22.05,21.14,22.92,21.07,90891.48
2024-02-29,21.12,21.83,21.86,21.04,52619.94
2024-03-01,21.83,22.27,22.31,21.81,53479.03
2024-03-04,22.4,22.3,22.59,21.97,50326.93
2024-03-05,22.16,21.94,22.16,21.62,43758.68
2024-03-06,21.92,22.15,22.47,21.66,34760.69
2024-03-07,22.08,21.63,22.23,21.61,34305.64
2024-03-08,21.5,21.81,21.91,21.5,27579.76
2024-03-11,21.96,23.12,23.29,21.88,104893.12
2024-03-12,23.31,22.87,23.42,22.63,78122.06
2024-03-13,22.75,22.92,23.05,22.68,47838.8
2024-03-14,22.8,22.74,23.12,22.47,40080.38
2024-03-15,22.6,22.8,22.83,22.37,33056.28
2024-03-18,22.85,23.24,23.25,22.83,59156.98
2024-03-19,23.23,23.35,23.77,23.09,55792.5
2024-03-20,23.23,23.53,23.61,23.15,37451.16
2024-03-21,23.61,23.17,23.68,23.04,38330.01
2024-03-22,23.05,22.65,23.19,22.47,46048.98
2024-03-25,22.67,22.05,22.81,21.99,38107.87
2024-03-26,22.14,23.41,23.83,22.14,137650.55
2024-03-27,22.97,21.78,23.1,21.78,95591.04
2024-03-28,21.76,22.26,22.82,21.61,65988.83
2024-03-29,22.26,22.37,22.71,22.08,44685.55
2024-04-01,22.39,23.23,23.33,22.39,76044.36
2024-04-02,23.21,23.12,23.33,22.62,67884.63
2024-04-03,23.14,22.7,23.14,22.57,46432.87
2024-04-08,22.42,21.8,22.83,21.77,60477.69
2024-04-09,21.71,22.78,22.89,21.71,75023.0
2024-04-10,22.58,22.14,22.69,21.91,46890.72
2024-04-11,21.82,22.02,22.35,21.61,45703.67
2024-04-12,22.02,21.54,22.13,21.44,42577.5
2024-04-15,21.53,21.3,22.05,20.97,54939.97
2024-04-16,21.08,20.38,21.21,20.36,49195.03
2024-04-17,20.53,21.14,21.28,20.53,46125.68
2024-04-18,21.16,21.44,21.69,20.8,48279.24
2024-04-19,21.39,20.92,21.4,20.77,35299.38
2024-04-22,20.94,21.08,21.29,20.52,31298.25
2024-04-23,21.09,21.05,21.36,20.89,24869.97
2024-04-24,20.08,19.24,20.08,18.96,131878.58
2024-04-25,18.98,19.79,20.08,18.97,96600.92
2024-04-26,19.69,20.54,20.6,19.69,58646.54
2024-04-29,20.65,21.27,21.37,20.55,55080.05
2024-04-30,21.27,20.93,21.39,20.77,38393.47
2024-05-06,21.18,21.45,21.59,21.18,45789.99
2024-05-07,21.45,21.34,21.5,21.22,33580.06
2024-05-08,21.33,20.93,21.37,20.92,41109.95
2024-05-09,21.29,21.65,21.86,21.13,55047.06
2024-05-10,21.66,21.33,21.77,21.18,37724.49
2024-05-13,21.08,20.91,21.11,20.74,32905.2
2024-05-14,20.81,20.88,21.26,20.79,19342.82
2024-05-15,20.79,20.52,20.99,20.5,24714.69
2024-05-16,20.56,20.5,20.77,20.48,22990.4
2024-05-17,20.4,20.99,20.99,20.4,32142.64
2024-05-20,20.99,20.89,21.16,20.84,27634.74
2024-05-21,20.9,20.67,21.06,20.6,25856.93
2024-05-22,20.6,21.14,21.18,20.56,41629.39
2024-05-23,21.08,20.6,21.08,20.53,36183.49
2024-05-24,20.5,20.3,20.84,20.3,29460.46
2024-05-27,20.3,20.46,20.52,19.99,25472.52
2024-05-28,20.35,20.31,20.55,20.17,19370.51
2024-05-29,20.16,20.47,20.72,20.16,32513.7
2024-05-30,20.47,20.58,20.75,20.27,24598.61
2024-05-31,20.53,20.72,21.03,20.53,31022.9
2024-06-03,20.71,20.39,20.84,20.2,31946.53
2024-06-04,20.21,20.4,20.44,20.1,22939.95
2024-06-05,20.4,20.07,20.62,20.06,26965.69
2024-06-06,20.06,19.58,20.23,19.52,34583.5
2024-06-07,19.68,19.54,19.76,19.24,26452.25
2024-06-11,19.34,19.68,19.71,19.18,25530.03
2024-06-12,19.65,20.07,20.3,19.65,35813.33
2024-06-13,20.01,20.13,20.4,19.97,32999.53
2024-06-14,20.13,19.99,20.21,19.81,20518.16
2024-06-17,19.86,21.99,21.99,19.81,145982.97
2024-06-18,21.93,22.0,22.04,21.62,176571.61
2024-06-19,21.87,21.91,22.56,21.78,142778.16
2024-06-20,21.78,21.08,22.14,21.05,94717.7
2024-06-21,21.08,21.34,21.34,20.79,72582.91
2024-06-24,21.08,19.88,21.09,19.84,106707.03
2024-06-25,19.81,19.65,20.38,19.49,67586.75
2024-06-26,19.59,20.69,20.71,19.23,77168.2
2024-06-27,20.5,20.81,21.59,20.41,104580.18
2024-06-28,20.81,22.89,22.89,20.81,150088.59
2024-07-01,23.8,23.38,23.82,22.69,321717.63
2024-07-02,23.24,24.29,25.32,23.1,315202.41
2024-07-03,24.21,25.41,26.57,24.21,315739.47
2024-07-04,24.9,24.89,25.85,24.64,217968.54
2024-07-05,24.69,24.3,25.02,23.82,193233.8
2024-07-08,24.19,24.55,24.78,23.87,154436.62
2024-07-09,24.11,27.01,27.01,23.76,314836.48
2024-07-10,27.48,28.6,28.79,27.19,400330.06
2024-07-11,28.22,28.21,28.96,27.49,315755.46
2024-07-12,27.18,27.18,27.47,26.73,212210.1
2024-07-15,27.17,26.57,27.43,26.3,166577.56
2024-07-16,26.83,28.52,28.87,26.77,323370.46
2024-07-17,27.66,26.52,27.96,26.48,219891.86
2024-07-18,25.77,25.87,26.12,24.94,202248.85
2024-07-19,25.87,25.14,26.09,25.06,159966.62
2024-07-22,25.0,24.64,25.38,24.35,134981.66
2024-07-23,24.7,23.97,24.81,23.91,107122.96
2024-07-24,23.8,22.92,24.14,22.81,137486.03
2024-07-25,22.74,23.33,23.65,22.5,144822.09
2024-07-26,23.43,23.5,23.72,23.1,109802.8
2024-07-29,23.34,23.0,23.82,22.94,98417.9
2024-07-30,23.13,22.87,23.26,22.62,64128.5
2024-07-31,23.01,25.15,25.15,22.74,201251.03
2024-08-01,25.48,24.64,25.57,24.45,175649.19
2024-08-02,24.45,23.72,24.78,23.55,124684.07
2024-08-05,23.32,22.29,23.6,22.28,142459.07
2024-08-06,22.68,22.45,22.98,22.14,101687.07
2024-08-07,22.29,22.29,22.45,22.01,65855.4
2024-08-08,22.13,22.53,22.74,21.59,100413.93
2024-08-09,22.61,22.64,23.2,22.54,91758.53
2024-08-12,22.6,22.45,23.04,22.33,63812.46
2024-08-13,22.37,22.6,22.74,22.33,57772.44
2024-08-14,23.0,22.3,23.1,22.14,59125.35
2024-08-15,22.14,22.52,22.85,22.12,70238.3
2024-08-16,22.5,22.36,23.0,22.35,64732.36
2024-08-19,22.23,22.04,22.67,22.01,55019.82
2024-08-20,22.12,21.48,22.18,21.31,68616.07
2024-08-21,21.35,22.25,22.64,21.27,111571.31
2024-08-22,22.12,21.66,22.18,21.58,65921.35
2024-08-23,21.5,21.7,21.88,21.33,47400.78
2024-08-26,21.7,22.67,22.99,21.69,119749.99
2024-08-27,22.52,21.29,22.57,21.21,110475.64
2024-08-28,21.08,21.43,21.88,21.07,57031.34
2024-08-29,21.43,22.62,23.01,21.3,140084.21
2024-08-30,22.51,23.4,23.87,22.49,163786.23
2024-09-02,23.23,22.36,23.39,22.35,101938.37
2024-09-03,22.3,22.43,22.74,21.86,83465.46
2024-09-04,22.12,22.21,22.66,21.75,86944.55
2024-09-05,22.15,22.14,22.54,22.01,53987.73
2024-09-06,22.13,21.43,22.13,21.43,68711.77
2024-09-09,21.38,21.28,21.44,21.08,46475.14
2024-09-10,21.47,20.69,21.47,20.29,99478.92
2024-09-11,20.69,21.02,21.38,20.57,67087.6
2024-09-12,20.99,20.7,21.3,20.69,47606.4
2024-09-13,20.75,20.32,20.79,20.32,35117.95
2024-09-18,20.29,20.13,20.48,19.81,36873.21
2024-09-19,20.21,20.22,20.52,20.02,57333.83
2024-09-20,20.25,20.24,20.44,19.96,41616.83
2024-09-23,20.21,20.36,21.09,19.99,74160.02
2024-09-24,20.5,21.26,21.26,20.27,104948.88
2024-09-25,21.41,21.1,21.88,21.07,108553.18
2024-09-26,21.13,21.77,21.77,21.01,88570.09
2024-09-27,21.98,23.28,23.74,21.98,163904.56
2024-09-30,24.01,25.51,25.57,23.85,217503.04
2024-10-08,28.05,27.1,28.05,25.24,266758.07
2024-10-09,26.69,24.56,26.69,24.48,185100.94
2024-10-10,24.54,24.99,26.42,24.2,158680.47
2024-10-11,25.0,23.62,25.0,23.38,103810.69
2024-10-14,23.74,24.5,24.7,23.4,102445.04
2024-10-15,24.48,23.88,24.84,23.88,77343.63
2024-10-16,23.58,23.77,24.11,23.41,61187.22
2024-10-17,23.87,23.57,24.29,23.54,58917.68
2024-10-18,23.57,24.63,25.31,23.52,152072.35
2024-10-21,24.84,25.09,25.53,24.52,129517.84
2024-10-22,25.08,25.45,25.81,24.73,110731.65
2024-10-23,25.43,25.15,25.62,25.06,88813.86
2024-10-24,25.16,24.7,25.28,24.57,60336.3
2024-10-25,24.99,25.52,25.79,24.84,124407.05
2024-10-28,25.77,25.36,25.78,25.07,113001.58
2024-10-29,25.48,24.8,25.73,24.75,103295.21
2024-10-30,24.8,24.69,25.04,24.4,68807.04
2024-10-31,24.45,24.59,24.74,24.04,97980.76
2024-11-01,24.43,23.75,24.5,23.62,102210.92
2024-11-04,23.87,24.35,24.52,23.87,64626.2
2024-11-05,24.28,25.09,25.11,24.23,102733.42
2024-11-06,25.16,25.12,26.01,24.89,130371.59
2024-11-07,25.13,25.47,25.52,24.9,100356.1
2024-11-08,25.69,25.16,26.08,25.04,148471.84
2024-11-11,25.09,26.2,26.27,24.82,179900.24
2024-11-12,26.21,26.37,26.74,25.89,226073.94
2024-11-13,26.19,26.19,26.71,25.38,154716.24
2024-11-14,26.22,25.28,26.9,25.22,141899.8
2024-11-15,25.01,24.97,25.91,24.94,108430.36
2024-11-18,24.99,24.23,25.28,24.02,87802.59
2024-11-19,24.26,26.01,26.15,24.26,203585.92
2024-11-20,25.38,25.92,26.24,25.16,148893.57
2024-11-21,25.67,25.58,26.15,25.28,111383.44
2024-11-22,25.67,24.48,25.73,24.41,112353.09
2024-11-25,24.56,24.8,25.11,24.11,96088.33
2024-11-26,24.7,23.94,24.77,23.87,87035.14
2024-11-27,23.86,24.3,24.3,23.14,84830.66
2024-11-28,24.29,23.68,24.29,23.64,67868.75
2024-11-29,23.6,24.0,24.18,23.46,63822.92
2024-12-02,24.0,24.34,24.38,23.84,66027.39
2024-12-03,24.35,24.18,24.39,23.84,60601.0
2024-12-04,24.15,24.15,24.62,23.85,80919.8
2024-12-05,24.1,24.2,24.29,23.92,46746.69
2024-12-06,24.19,24.36,24.49,23.91,63158.84
2024-12-09,24.29,24.29,24.53,24.06,50400.85
2024-12-10,24.85,24.29,24.98,24.24,92267.17
2024-12-11,24.18,24.34,24.68,24.12,61370.42
2024-12-12,24.45,24.37,24.49,24.09,60967.53
2024-12-13,24.19,23.65,24.21,23.63,87121.23
2024-12-16,23.62,23.42,23.75,23.36,46967.77
2024-12-17,23.51,23.18,23.69,23.17,46602.08
2024-12-18,23.33,23.11,23.47,23.09,41606.14
2024-12-19,22.94,23.46,23.52,22.77,50589.69
2024-12-20,23.46,23.59,24.04,23.31,57035.07
2024-12-23,23.59,23.19,23.77,23.06,53939.01
2024-12-24,23.27,23.25,23.55,23.09,47807.96
2024-12-25,23.23,23.04,23.3,22.84,45705.0
2024-12-26,22.97,23.43,23.47,22.94,48108.41
2024-12-27,23.46,23.95,24.26,23.23,96316.83
2024-12-30,23.95,23.92,24.27,23.72,62445.34
2024-12-31,23.88,22.95,24.04,22.95,70538.56
2025-01-02,22.95,22.35,23.17,22.06,65511.37
2025-01-03,22.38,21.9,22.66,21.82,57237.51
2025-01-06,21.89,22.0,22.28,21.72,44964.61
2025-01-07,21.88,22.18,22.25,21.82,38708.03
2025-01-08,22.01,21.67,22.05,21.24,56542.01
2025-01-09,21.45,21.95,22.15,21.41,49663.71
2025-01-10,21.84,21.36,22.14,21.34,36457.95
2025-01-13,21.15,21.4,21.54,21.06,28016.6
2025-01-14,21.4,22.25,22.25,21.25,53182.35
2025-01-15,22.25,22.15,22.38,21.92,40358.5
2025-01-16,22.17,22.06,22.54,21.94,38887.8
2025-01-17,22.06,22.2,22.29,21.96,30915.99
2025-01-20,22.3,22.42,22.64,22.28,36918.73
2025-01-21,22.5,22.43,22.61,22.17,24429.35
2025-01-22,22.28,22.21,22.4,22.08,27133.41
2025-01-23,22.44,21.91,22.63,21.91,43002.39
2025-01-24,21.84,22.31,22.38,21.84,36760.82
2025-01-27,22.31,22.06,22.49,22.04,29070.04
2025-02-05,22.14,22.34,22.43,22.04,37121.88
2025-02-06,22.14,23.24,23.24,22.14,81365.47
2025-02-07,23.38,23.23,23.48,23.01,68715.74
2025-02-10,23.24,23.1,23.35,22.92,46021.04
2025-02-11,23.17,23.17,23.27,22.86,38774.66
2025-02-12,23.18,23.51,23.58,23.02,57323.15
2025-02-13,23.51,23.34,23.77,23.26,56080.94
2025-02-14,23.22,23.37,23.64,23.15,42984.49
2025-02-17,23.36,23.4,23.52,23.23,52046.48
2025-02-18,23.67,23.27,23.96,23.14,108993.45
2025-02-19,23.05,23.47,23.52,22.87,67673.33
2025-02-20,23.66,23.99,24.14,23.57,108389.08
2025-02-21,24.11,24.54,24.7,24.04,162265.78
2025-02-24,24.55,24.63,24.89,24.19,128435.13
2025-02-25,24.3,24.96,25.37,24.21,145993.29
2025-02-26,24.96,25.66,26.2,24.84,206146.14
2025-02-27,25.62,25.34,25.73,25.03,136616.81
2025-02-28,25.18,24.4,25.26,24.33,131978.33
2025-03-03,24.6,25.28,25.71,24.55,181025.37
2025-03-04,25.04,24.54,25.04,24.4,109011.53
2025-03-05,24.54,24.35,24.6,24.11,79557.64
2025-03-06,24.48,24.52,24.65,24.31,92615.2
2025-03-07,24.46,24.21,24.59,24.12,75599.51
2025-03-10,24.16,24.19,24.39,23.94,59098.23
2025-03-11,23.83,24.04,24.17,23.73,58701.42
2025-03-12,24.04,24.09,24.28,24.0,64566.71
2025-03-13,23.95,23.5,24.19,23.31,86954.14
2025-03-14,23.45,23.86,23.86,23.3,63418.64
2025-03-17,23.87,23.62,23.87,23.59,66077.6
2025-03-18,23.66,23.91,24.16,23.6,77709.65
2025-03-19,23.94,23.74,23.95,23.57,50776.31
2025-03-20,23.65,23.51,23.77,23.47,45326.86
2025-03-21,23.47,23.05,23.53,22.95,64126.51
2025-03-24,23.07,22.87,23.23,22.47,55933.62
2025-03-25,22.88,22.89,23.04,22.66,41016.94
2025-03-26,22.89,22.95,23.07,22.8,37311.47
2025-03-27,22.99,22.91,23.05,22.56,39014.04
2025-03-28,22.92,22.77,23.18,22.76,34370.85
2025-03-31,22.69,22.36,22.75,22.23,45058.02
2025-04-01,22.46,22.43,22.61,22.31,31461.79
2025-04-02,22.45,22.56,22.61,22.37,23394.2
2025-04-03,22.39,22.25,22.52,22.07,43799.39
2025-04-07,20.22,20.03,21.04,20.03,65542.85
2025-04-08,19.86,19.28,20.05,19.03,99464.91
2025-04-09,18.98,19.28,19.34,17.8,87263.68
2025-04-10,19.92,19.69,20.1,19.66,76832.94
2025-04-11,19.44,19.64,19.86,19.34,57437.59
2025-04-14,20.41,19.96,20.49,19.86,64108.1
2025-04-15,19.91,20.05,20.18,19.81,38629.1
2025-04-16,19.97,19.79,20.04,19.49,34019.6
2025-04-17,19.61,19.65,19.9,19.61,28578.02
2025-04-18,19.64,19.81,19.91,19.57,25819.98
2025-04-21,19.82,20.04,20.04,19.61,26508.63
2025-04-22,20.06,20.01,20.19,19.92,38671.76
2025-04-23,20.28,20.58,20.68,20.14,72958.48
2025-04-24,20.59,20.49,20.66,20.32,45159.92
2025-04-25,20.5,20.5,20.62,20.39,28587.21
2025-04-28,20.47,20.3,20.59,20.16,26853.77
2025-04-29,20.21,20.51,20.54,20.18,24515.22
2025-04-30,20.48,20.66,20.89,20.47,35797.82
2025-05-06,20.67,20.93,20.96,20.67,46793.59
2025-05-07,21.06,20.98,21.21,20.79,47393.22
2025-05-08,20.89,21.04,21.08,20.85,37881.04
2025-05-09,21.05,21.02,21.16,20.76,36757.59
2025-05-12,21.26,21.47,21.52,21.19,53848.14
2025-05-13,21.9,21.51,21.9,21.47,51364.58
2025-05-14,21.5,21.44,21.58,21.29,37664.16
2025-05-15,21.43,21.12,21.43,21.11,30280.39
2025-05-16,21.08,21.21,21.32,21.03,24083.32
2025-05-19,21.19,21.33,21.41,20.96,25876.45
2025-05-20,21.33,21.38,21.44,21.21,24309.77
2025-05-21,21.38,21.53,21.66,21.29,55310.38
2025-05-22,21.43,21.15,21.51,21.14,43864.73
2025-05-23,21.16,21.04,21.43,21.02,31521.9
2025-05-26,20.89,21.0,21.08,20.86,22338.61
2025-05-27,20.98,21.03,21.14,20.77,26047.53
2025-05-28,21.16,20.99,21.29,20.89,22170.42
2025-05-29,20.98,21.19,21.23,20.89,26202.7
2025-05-30,21.13,20.9,21.13,20.8,25642.42
2025-06-03,20.86,20.78,20.9,20.73,24338.49
2025-06-04,20.79,21.01,21.09,20.79,28851.48
2025-06-05,21.06,21.06,21.1,20.9,21796.85
2025-06-06,21.1,21.13,21.18,21.01,19954.16
2025-06-09,21.21,21.26,21.38,21.15,34207.24
2025-06-10,21.34,21.09,21.43,20.93,44658.22
2025-06-11,21.18,21.31,21.48,21.15,36783.09
2025-06-12,21.24,21.28,21.43,21.13,25241.93
2025-06-13,21.28,20.9,21.32,20.87,32220.2
2025-06-16,20.82,20.9,20.98,20.77,26504.78
2025-06-17,20.93,21.27,21.43,20.9,56139.9
2025-06-18,21.21,21.48,21.52,21.07,46244.92
2025-06-19,21.41,21.33,21.76,21.22,47000.61
2025-06-20,21.36,21.39,21.73,21.34,44864.93
2025-06-23,21.22,21.7,21.71,21.03,51034.89
2025-06-24,21.7,22.3,22.36,21.7,99226.1
2025-06-25,22.31,22.59,22.68,22.22,110026.66
2025-06-26,22.57,22.65,22.99,22.45,103600.86
2025-06-27,22.95,22.64,23.46,22.62,104460.37
2025-06-30,22.75,22.56,22.93,22.45,74030.57
2025-07-01,22.57,22.3,22.62,22.06,56118.89
2025-07-02,22.28,22.15,22.31,22.02,43992.36
2025-07-03,22.15,22.51,22.64,22.07,57823.89
2025-07-04,22.51,22.09,22.51,22.07,43151.18
2025-07-07,21.99,22.05,22.15,21.93,29415.25
2025-07-08,22.05,22.35,22.36,21.98,45207.92
2025-07-09,22.4,22.18,22.44,22.15,38651.6
2025-07-10,22.14,22.23,22.29,22.06,30544.32
2025-07-11,22.2,22.25,22.45,22.05,45558.6
2025-07-14,22.25,22.21,22.44,22.18,33622.2
2025-07-15,22.2,22.29,22.43,22.01,47970.03
2025-07-16,22.29,22.39,22.51,22.24,46053.99
2025-07-17,22.39,22.46,22.47,22.21,41138.26
2025-07-18,22.49,22.47,22.69,22.4,53831.47
2025-07-21,22.46,22.71,22.73,22.35,61223.42
2025-07-22,22.71,22.93,23.01,22.6,74472.56
2025-07-23,22.88,22.5,22.89,22.46,76353.34
2025-07-24,22.55,22.96,22.96,22.5,70299.33
2025-07-25,22.96,22.99,23.16,22.86,61592.31
2025-07-28,23.1,23.22,23.34,22.99,65125.1
2025-07-29,23.18,23.2,23.32,23.0,50035.52
2025-07-30,23.17,22.92,23.2,22.73,49807.6
2025-07-31,22.82,22.58,23.01,22.52,47497.5
2025-08-01,22.57,22.71,22.93,22.5,39265.19
2025-08-04,22.64,22.84,22.88,22.52,37489.18
2025-08-05,22.84,23.03,23.1,22.84,40943.39
2025-08-06,23.01,23.09,23.11,22.88,39036.38
2025-08-07,23.1,23.0,23.25,22.92,37481.5
2025-08-08,22.94,22.97,23.11,22.88,41801.49
2025-08-11,23.15,23.63,23.75,23.02,94945.78
2025-08-12,23.59,23.44,23.59,23.28,55679.85
2025-08-13,23.44,23.43,23.58,23.3,55296.06
2025-08-14,23.49,23.14,23.57,23.0,59632.56
2025-08-15,23.02,23.46,23.49,23.02,60546.39
2025-08-18,23.56,23.76,23.99,23.52,81679.66
2025-08-19,23.75,23.78,23.86,23.54,54118.55
2025-08-20,23.66,24.24,24.49,23.59,101913.09
2025-08-21,24.24,24.01,24.29,23.83,85013.22
2025-08-22,23.92,24.05,24.12,23.84,67310.45
2025-08-25,24.11,23.99,24.22,23.72,108293.34
2025-08-26,23.77,24.13,24.35,23.49,141439.32
2025-08-27,24.16,23.92,24.75,23.85,165424.59
2025-08-28,23.84,23.92,24.08,23.2,120720.62
2025-08-29,23.91,24.43,24.73,23.63,169577.71
2025-09-01,24.59,24.22,24.66,23.97,149264.59
2025-09-02,24.17,23.96,24.44,23.7,116124.66
2025-09-03,24.01,23.78,24.56,23.64,127285.3
2025-09-04,23.89,24.18,24.73,23.73,245098.8
2025-09-05,24.21,26.04,26.34,23.94,408787.44
2025-09-08,26.06,26.03,26.12,25.38,349849.91
2025-09-09,25.88,26.61,26.93,25.58,352245.65
2025-09-10,26.07,25.44,26.18,25.18,247934.42
2025-09-11,25.27,25.46,25.62,24.8,156232.13
2025-09-12,25.6,25.65,26.03,25.23,170122.95
2025-09-15,25.65,26.52,26.91,25.55,276302.22
2025-09-16,26.08,26.97,27.35,25.53,280402.0
2025-09-17,26.76,27.79,27.79,26.45,290152.57
2025-09-18,27.59,26.95,27.75,26.46,265620.39
2025-09-19,26.76,26.47,27.34,26.46,152943.57
2025-09-22,26.66,26.22,27.06,25.95,128367.21
2025-09-23,26.25,26.08,26.75,25.5,149866.46
2025-09-24,25.72,26.71,26.73,25.63,158093.47
2025-09-25,26.47,26.51,26.76,26.41,124968.95
2025-09-26,26.37,26.34,26.89,26.32,126715.9
2025-09-29,26.63,27.41,27.85,26.63,231465.81
2025-09-30,27.35,27.67,28.47,27.24,239427.38
2025-10-09,28.21,28.97,29.32,27.98,277907.11
2025-10-10,28.81,27.46,28.81,27.42,209381.75
2025-10-13,26.08,27.19,27.21,25.94,125922.97
2025-10-14,27.6,27.18,27.95,26.76,120364.95
2025-10-15,27.16,27.57,27.64,26.27,112406.31
2025-10-16,27.41,27.15,28.53,27.13,122284.99
2025-10-17,27.54,25.83,27.54,25.77,112388.88
2025-10-20,26.1,26.47,26.92,26.05,83766.94
2025-10-21,26.57,27.19,27.93,26.35,124115.62
2025-10-22,27.13,26.42,27.14,26.28,86051.08
2025-10-23,26.37,26.82,26.86,25.78,78784.65
2025-10-24,26.86,27.16,27.22,26.76,87042.37
2025-10-27,27.44,26.98,27.51,26.86,88225.2
2025-10-28,26.84,27.12,27.25,26.6,87064.49
2025-10-29,27.19,28.12,28.25,27.16,171115.47
2025-10-30,28.01,28.14,28.6,27.7,153570.48
2025-10-31,28.12,27.85,28.83,27.84,144622.47
2025-11-03,27.84,27.59,27.93,26.92,103410.24
2025-11-04,27.48,27.09,27.8,26.83,78780.07
2025-11-05,26.67,27.97,28.1,26.5,141947.75
2025-11-06,27.86,28.0,28.05,27.6,85660.35
2025-11-07,27.88,28.28,28.65,27.69,132665.37
2025-11-10,28.44,27.89,28.62,27.56,118301.34
2025-11-11,28.1,27.95,28.4,27.87,94180.86
2025-11-12,27.76,27.79,28.33,27.26,88939.81
2025-11-13,27.79,29.19,29.39,27.74,256648.05
2025-11-14,29.04,28.3,29.04,28.23,173573.82
2025-11-17,28.1,28.37,28.63,27.84,114153.53
2025-11-18,28.06,27.03,28.29,26.88,150222.66
2025-11-19,26.94,26.96,27.45,26.57,95593.73
2025-11-20,26.97,26.92,27.95,26.74,101194.18
2025-11-21,26.59,25.06,26.59,24.77,154334.4
2025-11-24,25.29,25.54,25.81,24.98,68145.61
2025-11-25,25.55,26.02,26.36,25.44,75059.26
2025-11-26,26.01,25.66,26.12,25.59,58317.39
2025-11-27,25.68,26.32,26.71,25.58,95473.18
2025-11-28,26.27,26.66,26.95,26.06,70721.27
2025-12-01,26.87,29.32,29.32,26.77,418366.15
2025-12-02,29.84,29.34,30.35,28.58,462180.35
2025-12-03,29.48,28.21,29.48,28.09,211883.54
2025-12-04,28.25,28.12,28.59,28.05,125899.92
2025-12-05,27.97,28.57,28.84,27.67,132456.85
2025-12-08,28.58,29.09,29.4,27.95,218634.43
2025-12-09,28.85,28.34,28.86,28.25,112151.02
2025-12-10,28.2,27.89,28.47,27.66,95951.03
2025-12-11,27.96,27.57,28.07,27.48,100818.79
2025-12-12,27.71,27.49,27.9,27.28,82727.71
2025-12-15,27.46,27.03,27.46,26.98,78075.63
2025-12-16,27.06,26.32,27.06,26.06,82168.22
2025-12-17,26.32,26.87,26.94,26.17,83012.07
2025-12-18,26.69,26.57,26.85,26.39,65548.88
2025-12-19,26.58,26.54,26.81,26.43,62236.12
2025-12-22,26.67,26.83,27.02,26.53,72909.55
2025-12-23,26.91,26.92,27.2,26.67,75752.04
2025-12-24,26.93,27.56,27.76,26.86,113331.0
2025-12-25,27.46,27.56,27.69,27.16,78793.74
2025-12-26,27.57,27.48,27.87,27.43,90142.81
2025-12-29,27.48,26.97,27.56,26.81,78779.69
2025-12-30,26.82,26.94,27.05,26.63,47466.31
2025-12-31,26.94,26.65,27.08,26.39,72432.35
2026-01-05,26.65,26.78,26.82,26.58,68522.05
2026-01-06,26.84,27.09,27.2,26.82,84559.78
2026-01-07,27.09,27.16,27.52,26.95,93258.36
2026-01-08,27.1,26.98,27.16,26.77,72587.29
2026-01-09,26.88,27.09,27.25,26.74,93423.54
2026-01-12,26.95,26.9,27.02,26.4,143454.0
2026-01-13,26.91,26.43,27.06,26.37,105303.46
2026-01-14,26.4,26.54,26.88,26.27,121669.22
2026-01-15,26.27,26.66,26.84,26.27,67545.79
2026-01-16,26.72,26.74,26.84,26.48,77428.33
2026-01-19,26.7,27.05,27.11,26.62,95961.2
2026-01-20,27.05,26.5,27.16,26.35,101947.65
2026-01-21,26.35,26.58,26.83,26.17,70278.21
2026-01-22,26.56,26.5,26.81,26.33,60024.72
2026-01-23,26.47,26.99,27.12,26.44,122932.1
2026-01-26,27.06,26.46,27.12,26.27,102140.06
2026-01-27,26.26,26.03,26.37,25.32,99990.44
2026-01-28,25.96,25.73,26.02,25.7,47022.96
2026-01-29,25.67,25.58,25.86,25.36,52781.68
2026-01-30,25.57,25.82,25.86,25.12,60553.24
2026-02-02,25.75,25.2,25.79,25.18,54468.33
2026-02-03,25.33,25.55,25.57,25.19,31886.17
2026-02-04,25.5,25.84,25.84,25.36,42180.32
2026-02-05,25.76,25.56,25.76,25.41,34143.57
2026-02-06,25.36,25.78,26.02,25.19,51580.66
2026-02-09,25.92,26.07,26.11,25.89,43500.53
2026-02-10,26.05,25.93,26.19,25.92,37273.8
2026-02-11,25.93,26.08,26.17,25.85,25828.08
2026-02-12,26.15,26.47,27.06,26.08,84936.61
2026-02-13,26.38,26.19,26.64,26.19,53032.25
2026-02-24,26.4,26.43,26.56,26.2,38586.37
2026-02-25,26.43,26.57,26.72,26.43,51248.01
2026-02-26,26.73,26.43,26.73,26.37,49982.64
2026-02-27,26.32,26.3,26.49,26.16,46223.38
2026-03-02,26.02,25.54,26.11,25.3,70223.44
2026-03-03,25.63,25.25,26.03,25.19,70736.17
2026-03-04,24.78,24.91,25.39,24.78,47250.0
2026-03-05,25.34,25.06,25.46,24.97,41165.08
2026-03-06,25.1,25.18,25.34,24.98,31854.45
2026-03-09,24.83,25.32,25.42,24.4,68857.52
2026-03-10,25.46,25.59,25.64,25.43,43036.59
2026-03-11,25.55,26.36,26.81,25.48,128616.42
2026-03-12,26.4,26.57,26.59,26.15,83440.85
2026-03-13,26.43,26.85,27.56,26.38,153629.91
2026-03-16,26.88,27.13,27.31,26.4,117807.6
2026-03-17,27.23,26.65,27.76,26.62,90526.64
2026-03-18,26.67,26.56,26.75,26.13,63595.57
2026-03-19,26.28,26.6,26.73,26.09,75052.63
2026-03-20,26.6,27.51,27.93,26.56,238194.29
2026-03-23,27.14,26.38,27.46,26.31,174591.49
2026-03-24,26.9,28.19,28.25,26.48,282055.94
2026-03-25,27.98,27.75,28.29,27.57,212971.61
2026-03-26,27.54,27.29,27.91,27.13,152473.25
2026-03-27,26.84,27.18,27.39,26.67,143782.24
2026-03-30,26.9,27.06,27.26,26.39,129381.51
2026-03-31,26.91,25.81,27.0,25.78,147800.23
2026-04-01,26.25,26.02,26.51,25.75,106217.2
2026-04-02,25.77,25.45,26.16,25.1,96537.86
2026-04-03,25.55,24.35,25.55,24.32,99762.3
2026-04-07,24.45,24.66,25.07,24.24,64372.73
2026-04-08,25.05,25.04,25.17,24.78,116172.7
2026-04-09,24.78,25.22,25.45,24.45,99874.54
2026-04-10,25.41,26.63,27.36,25.4,271581.45
2026-04-13,26.27,26.97,27.06,26.27,154333.82
2026-04-14,27.06,27.33,27.36,26.83,124324.44
2026-04-15,27.36,26.93,27.37,26.86,85369.2
2026-04-16,27.0,27.06,27.43,26.8,83757.67
2026-04-17,27.0,27.58,27.76,26.91,126114.27
2026-04-20,27.58,27.4,27.66,27.3,77938.17
2026-04-21,27.39,29.38,29.52,27.13,323771.05
2026-04-22,29.16,29.91,31.23,29.16,410284.84
2026-04-23,29.54,28.52,29.74,27.73,292989.27
2026-04-24,28.35,28.67,29.14,28.13,246197.42
2026-04-27,28.62,28.39,29.02,28.15,158760.82
2026-04-28,28.22,28.04,28.53,27.8,124890.4
2026-04-29,27.87,29.47,29.92,27.73,279976.76
2026-04-30,29.33,28.79,29.8,28.68,176802.73
2026-05-06,28.95,29.13,29.2,28.8,183606.56
2026-05-07,29.13,28.62,29.14,28.5,164976.66
2026-05-08,28.63,28.34,29.14,28.25,144695.56
2026-05-11,28.25,28.41,28.75,28.25,134121.72
2026-05-12,28.54,27.7,28.54,27.43,145009.82
2026-05-13,27.83,27.97,28.1,27.73,101364.67
2026-05-14,28.31,27.25,28.55,27.25,128279.82
2026-05-15,27.26,26.79,27.6,26.67,130258.39
2026-05-18,26.67,26.88,27.01,26.0,88603.87
2026-05-19,26.95,26.21,26.95,25.69,113129.0
2026-05-20,26.11,26.82,27.16,25.61,122255.9
2026-05-21,26.82,26.19,27.4,26.08,125897.14
2026-05-22,26.19,27.18,27.56,25.96,115938.1
2026-05-25,27.15,26.66,27.22,26.35,97257.18
2026-05-26,26.6,26.33,26.73,25.97,79789.34
2026-05-27,26.23,26.13,26.81,25.91,98278.29
2026-05-28,26.2,26.29,26.42,25.77,70318.05
2026-05-29,26.36,25.32,26.5,25.25,98943.61
2026-06-01,25.33,25.52,25.95,25.33,70977.24
2026-06-02,25.4,25.37,25.7,24.91,70432.34
2026-06-03,25.3,25.26,25.67,24.91,66554.17
2026-06-04,25.05,24.61,25.14,24.41,84139.43
2026-06-05,24.65,24.46,24.89,23.93,82444.72
2026-06-08,23.71,23.43,23.97,23.08,91196.0
2026-06-09,23.61,23.42,23.66,23.05,70855.45
2026-06-10,23.1,23.07,23.32,22.71,63093.77
2026-06-11,22.95,22.41,23.07,22.35,74149.42
2026-06-12,22.63,22.88,23.05,22.3,73225.86
2026-06-15,23.09,23.55,23.67,22.96,69245.61
2026-06-16,23.7,24.47,24.56,23.65,95469.52
2026-06-17,24.25,24.38,24.54,24.02,58573.18
2026-06-18,24.25,24.05,24.7,24.01,59353.74
2026-06-22,23.91,23.91,23.97,23.06,81784.84
2026-06-23,23.8,23.72,24.55,23.5,72793.78
2026-06-24,23.78,24.13,24.2,23.45,77215.77
2026-06-25,24.13,24.78,25.26,24.01,130542.05
2026-06-26,24.64,23.1,24.64,23.07,102693.08
2026-06-29,22.9,22.82,23.12,22.35,77896.63
2026-06-30,22.82,23.37,23.49,22.65,69171.81
2026-07-01,23.6,23.76,23.96,23.1,73451.13
2026-07-02,23.56,23.95,24.66,23.32,90841.21
2026-07-03,24.27,24.97,25.36,24.09,127702.26
2026-07-06,24.98,25.21,25.49,24.8,94046.28
2026-07-07,25.05,24.61,25.35,24.55,71343.8
2026-07-08,24.56,23.97,24.71,23.73,64158.15
2026-07-09,23.76,24.04,24.28,23.31,70323.46
2026-07-10,24.01,23.88,24.42,23.82,59741.37
2026-07-13,23.66,23.28,24.05,23.26,59039.68
2026-07-14,24.32,24.82,24.86,23.87,141919.22
2026-07-15,25.0,24.47,25.04,24.33,88540.59
2026-07-16,24.38,24.51,25.15,24.3,99372.71
2026-07-17,24.33,23.45,24.76,23.4,97516.22
2026-07-20,23.22,23.76,23.84,22.84,98338.81
2026-07-21,23.58,24.22,24.35,23.57,95440.28
2026-07-22,24.2,23.73,24.3,23.52,75141.24
2026-07-23,23.73,24.29,24.35,23.55,75232.63
2026-07-24,24.02,23.63,24.28,23.42,62369.78
2026-07-27,23.95,24.68,24.78,23.91,119538.32
2026-07-28,24.4,24.49,24.7,24.18,77181.65
2026-07-29,24.41,24.81,24.96,24.3,103220.8
2026-07-30,24.58,24.34,24.85,23.81,112529.21
2026-07-31,24.2,24.4,24.64,24.16,80353.9
2026-08-03,24.38,24.79,24.81,24.21,69314.09
2026-08-04,24.92,24.82,25.15,24.62,68809.88
2026-08-05,24.72,25.08,25.19,24.72,93051.24
2026-08-06,25.05,24.7,25.07,24.52,78081.06
2026-08-07,24.58,24.66,24.77,24.28,72734.33
2026-08-10,24.66,24.88,24.88,24.45,69219.76
2026-08-11,24.88,24.78,25.22,24.7,67160.15
2026-08-12,24.78,24.9,25.15,24.74,59483.33
2026-08-13,24.81,24.51,24.93,24.51,67871.8
2026-08-14,24.57,24.8,25.11,24.56,70286.31
2026-08-17,24.94,25.72,25.85,24.36,143501.22
2026-08-18,25.33,24.6,25.46,24.42,198168.34
2026-08-19,24.24,23.54,24.77,23.42,115285.75
2026-08-20,23.67,23.53,23.75,23.39,71483.37
2026-08-21,23.34,23.73,23.9,23.05,68863.14
2026-08-24,23.64,23.44,24.07,23.31,77373.33
2026-08-25,23.29,23.38,23.49,23.13,57610.37
2026-08-26,23.32,23.58,23.68,23.31,54311.62
2026-08-27,23.44,23.59,23.59,23.18,53869.16
2026-08-28,23.59,23.53,23.68,23.4,51518.12
2026-08-31,23.44,23.46,23.48,23.09,59358.56
2026-09-01,23.43,23.35,23.48,23.29,47172.08
2026-09-02,23.28,23.13,23.28,23.05,47967.93
2026-09-03,23.16,23.04,23.28,22.98,39396.98
2026-09-04,23.15,23.13,23.55,23.09,54800.97
2026-09-07,23.19,22.99,23.21,22.89,52840.94
2026-09-08,23.0,22.92,23.02,22.86,38460.57
2026-09-09,22.86,22.79,22.93,22.6,46325.16
2026-09-10,22.7,22.58,22.72,22.38,40244.55
2026-09-11,22.43,21.9,22.48,21.74,67143.64
2026-09-14,21.68,22.13,22.22,21.62,37843.84
2026-09-15,22.1,21.9,22.21,21.88,32253.47
2026-09-16,21.86,22.27,22.48,21.71,49879.97
2026-09-17,22.06,22.2,22.36,22.02,36224.93
2026-09-18,22.27,22.29,22.45,22.19,35295.83
