date,open,close,high,low,volume
2013-01-04,7.33,7.18,7.4,7.11,321664.98
2013-01-07,7.18,7.02,7.28,6.94,599229.87
2013-01-08,6.97,7.02,7.17,6.73,707464.06
2013-01-09,7.06,7.56,7.68,6.96,868895.74
2013-01-10,7.5,7.52,7.72,7.42,449320.3
2013-01-11,7.52,7.31,7.6,7.15,460908.22
2013-01-14,7.28,7.62,7.67,7.25,416231.31
2013-01-15,7.61,7.83,7.97,7.5,559190.75
2013-01-16,7.83,7.64,7.94,7.55,336414.08
2013-01-17,7.56,7.5,7.61,7.44,263396.68
2013-01-18,7.46,7.51,7.59,7.4,244844.79
2013-01-21,7.28,7.64,7.99,7.28,713667.98
2013-01-22,7.58,7.62,7.8,7.37,498216.62
2013-01-23,7.61,7.82,7.9,7.56,436296.41
2013-01-24,7.83,7.56,7.9,7.55,424778.9
2013-01-25,7.52,7.56,7.64,7.46,197569.36
2013-01-28,7.56,7.9,7.98,7.56,333762.29
2013-01-29,7.96,7.98,8.35,7.96,450327.46
2013-01-30,8.02,8.13,8.17,7.88,185818.02
2013-01-31,8.11,8.05,8.19,7.99,201092.59
2013-02-01,8.03,8.05,8.14,7.9,204688.35
2013-02-04,8.07,7.4,8.09,7.25,725825.96
2013-02-05,7.37,7.47,7.52,7.25,329441.86
2013-02-06,7.47,7.47,7.54,7.42,241862.21
2013-02-07,7.47,7.51,7.62,7.42,232495.48
2013-02-08,7.51,7.85,7.99,7.51,320693.77
2013-02-18,7.93,7.98,8.05,7.62,243664.85
2013-02-19,7.92,7.76,8.06,7.73,233207.63
2013-02-20,7.76,7.87,7.9,7.76,129741.92
2013-02-21,7.9,7.8,7.98,7.63,270080.46
2013-02-22,7.81,7.5,7.93,7.45,265002.67
2013-02-25,7.55,7.33,7.59,7.29,262177.29
2013-02-26,7.31,7.03,7.31,7.02,333431.81
2013-02-27,7.08,6.97,7.15,6.91,271281.64
2013-02-28,7.03,7.24,7.26,6.91,310335.91
2013-03-01,7.24,7.32,7.34,7.18,287371.38
2013-03-04,7.23,7.08,7.4,6.95,286820.01
2013-03-05,7.09,7.29,7.35,7.09,202305.81
2013-03-06,7.37,8.02,8.02,7.36,589218.91
2013-03-07,8.23,8.28,8.57,8.05,1148086.91
2013-03-08,8.25,8.42,8.68,8.19,610655.56
2013-03-11,8.41,8.7,8.84,8.24,591125.63
2013-03-12,8.55,8.41,8.75,8.21,507308.75
2013-03-13,8.35,8.16,8.41,8.13,373725.27
2013-03-14,8.14,8.81,8.81,8.13,515068.7
2013-03-15,8.87,8.94,9.26,8.81,777196.26
2013-03-18,8.95,9.02,9.43,8.87,476360.75
2013-03-19,8.98,9.05,9.31,8.87,368308.21
2013-03-20,9.01,9.0,9.11,8.81,523720.6
2013-03-21,8.99,9.18,9.37,8.95,511623.32
2013-03-22,9.14,8.88,9.14,8.81,406138.8
2013-03-25,8.81,8.47,8.81,8.31,576628.08
2013-03-26,8.42,8.61,8.73,8.3,455619.29
2013-03-27,8.53,8.55,8.72,8.44,262965.64
2013-03-28,8.5,8.53,8.69,8.16,315023.41
2013-03-29,8.53,8.27,8.78,8.24,334415.38
2013-04-01,8.17,8.38,8.53,8.06,289921.48
2013-04-02,8.39,8.3,8.49,8.19,211168.77
2013-04-03,8.34,8.2,8.44,8.13,192034.22
2013-04-08,8.05,8.33,8.38,7.99,202575.97
2013-04-09,8.32,8.51,8.64,8.24,308206.33
2013-04-10,8.42,8.4,8.61,8.31,185400.81
2013-04-11,8.48,8.44,8.59,8.37,166907.03
2013-04-12,8.44,8.13,8.5,8.13,202195.24
2013-04-15,8.08,7.8,8.24,7.8,208684.51
2013-04-16,7.71,7.88,7.92,7.71,195210.2
2013-04-17,7.93,7.88,7.94,7.76,153024.01
2013-04-18,7.88,7.91,7.98,7.82,161954.09
2013-04-19,7.9,8.29,8.4,7.89,290125.11
2013-04-22,8.3,8.52,8.64,8.3,295307.77
2013-04-23,8.52,8.18,8.59,8.15,257553.27
2013-04-24,8.18,8.74,8.75,8.18,409380.41
2013-04-25,8.74,8.55,8.77,8.54,267487.34
2013-04-26,8.5,8.38,8.62,8.35,158771.96
2013-05-02,8.46,9.01,9.04,8.46,472415.51
2013-05-03,8.98,9.04,9.19,8.92,405074.13
2013-05-06,9.09,9.51,9.57,8.98,621567.77
2013-05-07,9.58,9.48,9.8,9.38,458280.61
2013-05-08,9.46,9.54,9.72,9.46,217714.4
2013-05-09,9.55,9.81,9.93,9.54,444683.82
2013-05-10,9.77,9.58,9.81,9.54,262243.02
2013-05-13,9.56,10.0,10.05,9.52,378035.34
2013-05-14,9.92,9.52,9.96,9.47,338440.81
2013-05-15,9.52,9.52,9.57,9.19,347345.89
2013-05-16,9.51,9.71,9.85,9.43,373276.98
2013-05-17,9.75,9.85,9.91,9.46,368325.63
2013-05-20,9.85,9.78,10.02,9.71,304692.81
2013-05-21,9.78,9.6,9.83,9.54,395682.82
2013-05-22,9.66,9.43,9.74,9.31,386419.88
2013-05-23,9.33,9.26,9.43,9.16,323027.43
2013-05-24,9.28,9.54,9.57,9.28,323715.51
2013-05-27,9.52,9.33,9.53,9.26,323941.38
2013-05-28,9.38,9.12,9.43,8.87,488599.36
2013-05-29,9.13,9.16,9.2,8.98,329105.69
2013-05-30,9.15,9.03,9.15,8.98,316580.15
2013-05-31,9.03,9.33,9.43,9.02,555496.78
2013-06-03,9.27,9.27,9.6,9.25,407589.09
2013-06-04,9.27,9.09,9.27,8.92,256592.7
2013-06-05,9.09,9.36,9.37,8.99,263510.04
2013-06-06,9.33,9.24,9.44,9.09,261274.35
2013-06-07,9.24,8.93,9.35,8.91,279140.39
2013-06-13,8.77,8.46,8.77,8.19,310336.96
2013-06-14,8.43,8.6,8.67,8.43,246810.41
2013-06-17,8.64,8.74,8.84,8.4,233436.16
2013-06-18,8.8,9.32,9.52,8.8,636800.92
2013-06-19,9.25,9.29,9.39,9.06,340831.5
2013-06-20,9.23,8.81,9.26,8.76,286538.44
2013-06-21,8.5,8.8,8.92,8.33,223244.46
2013-06-24,9.03,8.51,9.3,8.27,507212.56
2013-06-25,8.34,9.22,9.3,7.99,862601.7
2013-06-26,9.23,9.54,9.55,9.08,839134.1
2013-06-27,9.49,9.41,9.66,9.3,574750.11
2013-06-28,9.33,9.42,9.63,9.25,452465.0
2013-07-01,9.44,9.43,9.63,8.95,590676.99
2013-07-02,9.33,9.91,9.96,9.31,969629.41
2013-07-03,9.81,10.12,10.19,9.65,791232.21
2013-07-04,9.97,9.88,10.11,9.79,479500.77
2013-07-05,9.93,9.68,10.16,9.61,451813.84
2013-07-08,9.57,9.46,9.93,9.2,513435.84
2013-07-09,9.46,9.5,9.59,9.31,290649.35
2013-07-10,9.46,9.76,9.82,9.35,501853.46
2013-07-11,9.77,10.09,10.28,9.67,801625.87
2013-07-12,10.08,10.11,10.23,9.96,507750.08
2013-07-23,11.13,11.13,11.13,11.13,76614.41
2013-07-24,11.82,11.67,11.93,11.23,1511992.34
2013-07-25,11.67,11.47,11.82,11.44,802305.76
2013-07-26,11.45,11.48,11.69,11.39,379726.3
2013-07-29,11.45,11.04,11.47,10.93,464852.73
2013-07-30,11.09,10.9,11.21,10.49,448510.68
2013-07-31,10.99,11.37,11.56,10.99,434163.86
2013-08-01,11.3,11.49,11.6,11.3,315859.54
2013-08-02,11.52,11.3,11.74,11.29,321581.51
2013-08-05,11.3,11.38,11.45,11.23,240502.35
2013-08-06,11.33,11.55,11.72,11.24,353010.99
2013-08-07,11.55,11.07,11.63,11.05,386901.49
2013-08-08,10.93,11.1,11.25,10.93,193922.34
2013-08-09,11.2,11.41,11.67,11.15,393201.06
2013-08-12,11.44,11.5,11.64,11.34,301667.55
2013-08-13,11.5,11.49,11.66,11.35,159784.7
2013-08-14,11.54,11.87,12.03,11.52,524136.99
2013-08-15,12.06,11.73,12.1,11.61,325595.15
2013-08-16,11.69,11.39,11.93,11.34,309750.68
2013-08-19,11.41,12.53,12.53,11.41,764065.5
2013-08-20,12.56,12.62,12.71,12.36,510842.45
2013-08-21,12.54,12.46,12.63,12.32,299911.9
2013-08-22,12.74,12.58,13.16,12.48,512762.59
2013-08-23,12.57,12.33,12.8,12.04,400084.91
2013-08-26,12.4,12.85,13.04,12.4,416654.02
2013-08-27,12.82,12.71,12.82,12.58,258999.28
2013-08-28,12.63,12.43,12.65,12.38,258574.62
2013-08-29,12.35,12.55,12.79,12.35,234423.85
2013-08-30,12.57,12.12,12.6,11.99,312091.37
2013-09-02,12.15,12.43,12.55,12.15,202227.35
2013-09-03,12.51,12.57,12.67,12.34,190925.54
2013-09-04,12.57,12.42,12.77,12.41,174469.2
2013-09-05,12.4,12.67,12.71,12.32,245762.36
2013-09-06,12.65,12.63,12.81,12.46,182596.72
2013-09-09,12.79,12.5,12.82,12.37,352642.15
2013-09-10,12.56,12.3,12.62,12.17,339740.38
2013-09-11,12.28,11.64,12.29,11.3,488945.26
2013-09-12,11.68,11.83,12.17,11.56,405228.58
2013-09-13,11.89,11.86,12.0,11.64,208757.67
2013-09-16,11.86,12.04,12.14,11.81,222528.77
2013-09-17,12.04,11.76,12.04,11.6,206701.44
2013-09-18,11.67,11.67,11.77,11.52,150175.4
2013-09-23,11.69,12.35,12.43,11.69,465594.76
2013-09-24,12.27,12.4,12.52,12.06,319410.82
2013-09-25,12.41,12.6,12.81,12.2,379252.67
2013-09-26,12.53,12.46,12.85,12.31,274203.78
2013-09-27,12.57,12.21,12.75,12.16,256398.27
2013-09-30,12.26,12.26,12.41,12.0,189488.97
2013-10-08,12.43,13.36,13.49,12.41,825796.47
2013-10-09,13.21,13.16,13.34,12.97,529830.84
2013-10-10,13.22,13.22,13.43,12.93,387719.22
2013-10-11,13.29,13.14,13.36,13.02,325156.76
2013-10-14,13.14,13.02,13.27,12.78,322103.01
2013-10-15,13.02,13.08,13.4,12.77,393425.23
2013-10-16,13.07,12.55,13.07,12.34,408995.7
2013-10-17,12.75,12.45,12.93,12.41,264886.71
2013-10-18,12.45,12.54,12.65,12.26,224107.02
2013-10-21,12.6,12.89,12.99,12.6,334530.09
2013-10-22,12.99,12.67,13.01,12.51,294014.38
2013-10-23,12.68,11.82,12.75,11.74,565445.33
2013-10-24,11.82,11.61,11.89,11.3,380732.67
2013-10-25,11.6,11.24,11.72,11.12,299787.33
2013-10-28,11.27,11.35,11.58,11.24,164755.01
2013-10-29,11.38,11.07,11.49,10.53,259016.67
2013-10-30,11.07,11.16,11.27,10.89,199875.17
2013-10-31,11.18,11.21,11.3,10.89,200934.58
2013-11-01,11.4,11.23,11.42,11.07,145628.84
2013-11-04,11.23,11.6,11.86,11.17,318671.18
2013-11-05,11.6,11.75,11.89,11.46,222055.76
2013-11-06,11.75,11.51,11.88,11.49,221627.01
2013-11-07,11.52,11.39,11.64,11.38,160775.53
2013-11-08,11.36,10.96,11.45,10.91,233093.06
2013-11-11,10.96,10.93,11.04,10.75,132402.81
2013-11-12,10.97,11.08,11.18,10.96,134122.89
2013-11-13,11.08,10.7,11.08,10.6,193122.79
2013-11-14,10.79,10.85,10.99,10.53,157513.78
2013-11-15,10.84,11.28,11.39,10.8,298040.5
2013-11-18,11.38,11.73,11.89,11.23,360709.23
2013-11-19,11.75,11.69,11.81,11.53,224769.83
2013-11-20,11.78,12.08,12.08,11.73,398877.66
2013-11-21,12.11,12.36,12.6,11.94,541700.83
2013-11-22,12.4,12.05,12.51,12.02,279727.96
2013-11-25,11.98,11.69,12.23,11.58,334736.27
2013-11-26,11.64,11.82,11.88,11.64,195066.47
2013-11-27,11.86,12.21,12.26,11.78,347953.28
2013-11-28,12.54,12.02,12.62,11.99,459932.58
2013-11-29,11.98,12.04,12.17,11.78,343242.31
2013-12-02,11.68,11.61,12.07,11.58,349116.66
2013-12-03,11.59,12.17,12.19,11.51,391685.78
2013-12-04,12.19,12.42,12.56,12.15,647183.81
2013-12-05,12.49,11.68,12.49,11.67,1328089.3
2013-12-06,11.61,11.26,11.61,11.2,696598.62
2013-12-09,11.22,11.23,11.34,11.09,357084.37
2013-12-10,11.27,11.29,11.41,11.25,251846.36
2013-12-11,11.23,11.03,11.23,10.93,283575.91
2013-12-12,11.01,11.13,11.28,10.94,191810.78
2013-12-13,11.08,11.01,11.16,10.96,178616.43
2013-12-16,11.04,10.68,11.08,10.66,280034.23
2013-12-17,10.68,10.69,10.85,10.51,213924.44
2013-12-18,10.68,10.64,10.78,10.62,144521.28
2013-12-19,10.73,10.7,10.85,10.62,203984.31
2013-12-20,10.71,10.39,10.76,10.38,206613.58
2013-12-23,10.44,10.14,10.54,10.08,252975.01
2013-12-24,10.14,10.3,10.45,10.12,272677.92
2013-12-25,10.33,10.29,10.36,10.12,237623.84
2013-12-26,10.27,9.63,10.28,9.6,590587.89
2013-12-27,9.63,9.68,9.81,9.54,368386.54
2013-12-30,9.68,9.77,9.86,9.67,238399.75
2013-12-31,9.74,9.66,9.78,9.6,245634.86
2014-01-02,9.68,10.19,10.22,9.66,486474.34
2014-01-03,10.17,10.39,10.42,10.06,445844.31
2014-01-06,10.34,10.07,10.34,10.01,278751.72
2014-01-07,9.97,9.88,10.03,9.82,196495.33
2014-01-08,9.86,9.91,10.06,9.83,204054.61
2014-01-09,9.86,9.91,10.19,9.84,279426.43
2014-01-10,9.87,9.68,10.03,9.66,272958.34
2014-01-13,9.68,9.2,9.77,9.1,387180.61
2014-01-14,9.22,9.2,9.26,8.87,343382.75
2014-01-15,9.21,9.13,9.26,9.04,246558.21
2014-01-16,9.13,9.49,9.52,9.13,376811.85
2014-01-17,9.42,9.3,9.54,9.24,264070.04
2014-01-20,9.18,9.05,9.18,8.94,240323.97
2014-01-21,9.23,9.44,9.52,9.23,348026.5
2014-01-22,9.49,9.76,9.78,9.49,382051.18
2014-01-23,9.8,9.78,9.94,9.7,317082.83
2014-01-24,9.77,10.0,10.08,9.71,307033.76
2014-01-27,9.91,10.0,10.17,9.83,268869.51
2014-01-28,10.0,10.05,10.19,9.91,240104.14
2014-01-29,10.05,9.97,10.1,9.94,195458.87
2014-01-30,9.92,9.8,9.96,9.75,193295.24
2014-02-07,9.71,10.1,10.11,9.61,304436.19
2014-02-10,10.18,10.36,10.48,10.17,429947.86
2014-02-11,10.36,10.25,10.54,10.2,411512.23
2014-02-12,10.31,10.34,10.38,10.24,237261.75
2014-02-13,10.34,10.03,10.34,10.01,390740.04
2014-02-14,10.0,9.97,10.12,9.9,310692.03
2014-02-17,10.05,10.6,10.64,10.01,723426.16
2014-02-18,10.6,10.51,10.62,10.37,453651.7
2014-02-19,10.51,10.53,10.68,10.46,410727.38
2014-02-20,10.58,10.28,10.65,10.25,348648.45
2014-02-21,10.27,10.19,10.4,10.08,281911.55
2014-02-24,10.19,9.98,10.19,9.81,312184.64
2014-02-25,10.05,9.67,10.25,9.59,433931.82
2014-02-26,9.66,9.6,9.8,9.37,296610.42
2014-02-27,9.64,9.48,9.71,9.46,291151.4
2014-02-28,9.69,9.71,9.78,9.38,280139.32
2014-03-03,9.69,9.94,10.08,9.57,357496.69
2014-03-04,9.83,10.13,10.14,9.75,407016.99
2014-03-05,10.15,9.85,10.25,9.79,384224.27
2014-03-06,9.85,9.88,9.98,9.55,381340.71
2014-03-07,9.88,9.68,9.89,9.59,254659.51
2014-03-10,9.54,9.16,9.54,9.05,484499.39
2014-03-11,9.09,9.09,9.21,8.99,232069.52
2014-03-12,9.1,9.06,9.18,8.92,227993.66
2014-03-13,9.08,9.06,9.18,9.01,226253.49
2014-03-14,9.04,8.93,9.04,8.87,306586.78
2014-03-17,8.95,9.23,9.25,8.93,307974.84
2014-03-18,9.29,9.16,9.36,9.15,207159.38
2014-03-19,9.16,9.29,9.46,9.12,345158.59
2014-03-20,9.31,9.29,9.54,9.23,417030.52
2014-03-21,9.31,9.63,9.65,9.09,494790.17
2014-03-24,9.65,9.58,9.73,9.48,309112.11
2014-03-25,9.54,9.54,9.64,9.46,168577.34
2014-03-26,9.54,9.44,9.58,9.39,147681.24
2014-03-27,9.47,9.18,9.55,9.16,248804.17
2014-03-28,9.2,9.23,9.42,9.16,216123.11
2014-03-31,9.54,9.34,9.64,9.23,243095.84
2014-04-01,9.49,9.71,9.72,9.44,480539.92
2014-04-02,9.75,9.74,9.88,9.61,361187.37
2014-04-03,9.74,9.52,9.78,9.46,333181.21
2014-04-04,9.5,9.54,9.6,9.42,150528.56
2014-04-08,9.48,9.65,9.67,9.44,298115.98
2014-04-09,9.65,9.9,9.9,9.63,484979.88
2014-04-10,9.88,9.92,9.99,9.81,323866.24
2014-04-11,10.14,10.22,10.39,10.01,713119.66
2014-04-14,10.23,10.13,10.48,10.08,660466.31
2014-04-15,10.13,10.11,10.32,10.04,412322.96
2014-04-16,10.08,9.94,10.11,9.9,366658.73
2014-04-17,10.01,9.96,10.17,9.92,292570.98
2014-04-18,10.11,10.04,10.18,10.02,389218.97
2014-04-21,9.95,9.84,10.08,9.83,289201.92
2014-04-22,9.86,10.11,10.11,9.86,369728.75
2014-04-23,10.11,9.95,10.16,9.9,319166.65
2014-04-24,9.94,9.71,10.0,9.66,325415.31
2014-04-25,9.74,9.5,9.77,9.46,281989.36
2014-04-28,9.68,9.53,9.74,9.51,344029.6
2014-04-29,9.53,9.81,9.82,9.51,244480.99
2014-04-30,9.83,9.74,9.87,9.69,211317.04
2014-05-05,9.66,9.66,9.68,9.49,226892.01
2014-05-06,9.64,9.72,9.83,9.61,220428.66
2014-05-07,9.73,9.54,9.73,9.49,205598.2
2014-05-08,9.5,9.31,9.65,9.31,282954.25
2014-05-09,9.29,9.34,9.45,9.18,204124.38
2014-05-12,9.42,9.57,9.64,9.39,256615.2
2014-05-13,9.58,9.61,9.74,9.49,222262.88
2014-05-14,9.6,9.54,9.63,9.52,137250.7
2014-05-15,9.52,9.28,9.59,9.27,165416.6
2014-05-16,9.29,9.26,9.35,9.19,155568.93
2014-05-19,9.24,9.09,9.26,9.05,221182.55
2014-05-20,9.15,9.1,9.21,9.04,155137.81
2014-05-21,9.08,9.26,9.26,9.03,142691.44
2014-05-22,9.26,9.18,9.34,9.18,188006.25
2014-05-23,9.2,9.37,9.37,9.15,203772.04
2014-05-26,9.46,9.4,9.5,9.36,155457.08
2014-05-27,9.43,9.33,9.44,9.33,142588.56
2014-05-28,9.38,9.74,9.8,9.35,590575.17
2014-05-29,9.68,9.6,9.74,9.55,290383.5
2014-05-30,9.57,9.71,9.8,9.55,302159.68
2014-06-03,9.71,9.63,9.83,9.62,213249.99
2014-06-04,9.64,9.51,9.66,9.37,247031.6
2014-06-05,9.46,9.66,9.69,9.44,186289.1
2014-06-06,9.69,9.52,9.69,9.47,145644.61
2014-06-09,9.46,9.31,9.54,9.28,242100.33
2014-06-10,9.38,9.54,9.57,9.35,207926.17
2014-06-11,9.53,9.66,9.68,9.46,287800.34
2014-06-12,9.65,9.6,9.66,9.54,169043.92
2014-06-13,9.57,9.69,9.81,9.57,323438.94
2014-06-16,9.71,9.88,9.94,9.71,449151.86
2014-06-17,9.86,9.77,9.91,9.74,261127.73
2014-06-18,9.74,9.68,9.8,9.64,205023.59
2014-06-19,9.66,9.41,9.76,9.33,317377.59
2014-06-20,9.43,9.44,9.48,9.31,191104.37
2014-06-23,9.49,9.43,9.54,9.38,149053.04
2014-06-24,9.4,9.48,9.55,9.4,153520.24
2014-06-25,9.49,9.48,9.5,9.36,139903.58
2014-06-26,9.46,9.57,9.6,9.45,221684.68
2014-06-27,9.57,9.65,9.74,9.52,303107.77
2014-06-30,9.7,9.69,9.77,9.64,244803.51
2014-07-01,9.71,9.77,9.82,9.62,281887.63
2014-07-02,9.78,9.77,9.81,9.64,275819.1
2014-07-03,9.76,9.77,9.86,9.67,315314.1
2014-07-04,9.77,9.7,9.79,9.68,234407.73
2014-07-07,9.7,9.77,9.86,9.69,245517.18
2014-07-08,9.74,9.8,9.83,9.69,252597.91
2014-07-09,9.79,9.6,9.91,9.59,485530.3
2014-07-10,9.6,9.46,9.64,9.4,325039.58
2014-07-11,9.46,9.53,9.54,9.43,183655.4
2014-07-14,9.57,9.63,9.64,9.54,202429.97
2014-07-15,9.83,9.97,10.17,9.83,975450.23
2014-07-16,10.01,9.91,10.03,9.88,432548.13
2014-07-17,9.91,9.97,10.0,9.84,276413.95
2014-07-18,9.93,9.91,10.01,9.89,263255.06
2014-07-21,9.88,9.75,9.88,9.72,270025.31
2014-07-22,9.77,9.88,9.91,9.72,282606.97
2014-07-23,9.86,9.74,9.87,9.73,304924.0
2014-07-24,9.77,9.89,9.94,9.7,399997.06
2014-07-25,9.97,10.0,10.06,9.89,498401.51
2014-07-28,10.09,10.14,10.2,10.02,712759.47
2014-07-29,10.17,10.27,10.42,10.17,690164.69
2014-07-30,10.27,10.2,10.34,10.15,446007.36
2014-07-31,10.19,10.27,10.27,10.14,316045.34
2014-08-01,10.24,10.06,10.29,10.04,478946.18
2014-08-04,10.04,10.26,10.26,10.03,392710.55
2014-08-05,10.26,10.39,10.51,10.26,545139.97
2014-08-06,10.39,10.37,10.42,10.25,319293.52
2014-08-07,10.4,10.31,10.56,10.28,444536.55
2014-08-08,10.44,10.41,10.5,10.33,328711.72
2014-08-11,10.44,10.47,10.53,10.41,347301.96
2014-08-12,10.43,10.36,10.45,10.27,451605.46
2014-08-13,10.3,10.45,10.46,10.2,458594.34
2014-08-14,10.45,10.26,10.47,10.23,341708.3
2014-08-15,10.26,10.34,10.4,10.22,288496.53
2014-08-18,10.37,10.5,10.53,10.25,604143.91
2014-08-19,10.5,10.6,10.71,10.46,681377.3
2014-08-20,10.61,10.66,10.73,10.52,432282.3
2014-08-21,10.8,10.6,10.8,10.5,528701.23
2014-08-22,10.6,10.6,10.68,10.52,443308.43
2014-08-25,10.61,10.42,10.63,10.37,327527.07
2014-08-26,10.43,10.27,10.48,10.21,356592.84
2014-08-27,10.26,10.31,10.39,10.22,218640.09
2014-08-28,10.31,10.21,10.35,10.2,224904.26
2014-08-29,10.21,10.34,10.35,10.2,217025.94
2014-09-01,10.48,10.49,10.59,10.46,369387.56
2014-09-02,10.52,10.63,10.65,10.46,520031.86
2014-09-03,10.65,10.61,10.69,10.55,460627.85
2014-09-04,10.63,10.66,10.71,10.55,503056.02
2014-09-05,10.66,10.61,10.71,10.48,487738.97
2014-09-09,10.61,10.59,10.64,10.52,356013.15
2014-09-10,10.57,10.8,10.86,10.52,754025.65
2014-09-11,10.8,10.65,10.86,10.63,626579.52
2014-09-12,10.66,10.69,10.75,10.62,326699.81
2014-09-15,10.7,10.68,10.75,10.57,450869.43
2014-09-16,10.69,10.3,10.71,10.28,630594.6
2014-09-17,10.33,10.43,10.48,10.23,464820.63
2014-09-18,10.57,10.54,10.74,10.51,555208.25
2014-09-19,10.66,10.86,10.91,10.48,1091879.86
2014-09-22,10.86,10.99,11.17,10.77,1101993.19
2014-09-23,11.0,11.0,11.02,10.82,508995.31
2014-09-24,10.94,11.1,11.15,10.94,702742.56
2014-09-25,11.12,10.91,11.21,10.86,633982.5
2014-09-26,10.89,11.03,11.18,10.84,510322.79
2014-09-29,11.11,11.3,11.46,11.09,681835.8
2014-09-30,11.3,11.23,11.33,11.17,432368.79
2014-10-08,11.23,11.23,11.28,11.15,415729.96
2014-10-09,11.48,11.4,11.59,11.23,806121.97
2014-10-10,11.32,11.22,11.32,11.14,597996.11
2014-10-13,11.17,11.09,11.17,10.94,397000.63
2014-10-14,11.03,11.03,11.24,10.97,351832.51
2014-10-15,11.03,11.11,11.19,11.01,334025.18
2014-10-16,11.03,10.92,11.18,10.91,427226.28
2014-10-17,10.94,10.84,11.0,10.66,463732.15
2014-10-20,10.91,10.98,11.02,10.89,275318.09
2014-10-21,11.0,10.74,11.03,10.74,374376.32
2014-10-22,10.85,10.76,10.87,10.74,251024.06
2014-10-23,10.75,10.79,10.84,10.63,299444.09
2014-10-24,10.88,10.88,10.99,10.78,412695.22
2014-10-27,10.87,10.91,10.97,10.73,262177.54
2014-10-28,10.94,11.11,11.12,10.94,463048.29
2014-10-29,11.15,11.13,11.2,11.04,563688.26
2014-10-30,11.11,11.1,11.17,11.03,394368.49
2014-10-31,11.14,11.26,11.29,11.01,735043.46
2014-11-03,11.26,11.14,11.3,11.09,474189.47
2014-11-04,11.13,11.08,11.16,11.03,346453.3
2014-11-05,11.09,11.27,11.46,11.09,852616.89
2014-11-06,11.29,11.2,11.4,11.11,442823.47
2014-11-07,11.22,10.98,11.27,10.96,599701.22
2014-11-10,11.06,11.2,11.21,11.0,458343.78
2014-11-11,11.24,11.0,11.29,10.83,680481.13
2014-11-12,11.0,11.03,11.07,10.89,353249.98
2014-11-13,11.06,10.89,11.14,10.87,477763.7
2014-11-14,10.89,10.96,11.03,10.85,274812.86
2014-11-17,11.02,11.0,11.11,10.93,363954.11
2014-11-18,11.0,11.02,11.07,10.96,293248.77
2014-11-19,11.02,11.25,11.34,10.98,818009.21
2014-11-20,11.23,11.09,11.23,11.04,405440.68
2014-11-21,11.06,11.1,11.1,10.96,396659.94
2014-11-24,11.2,11.19,11.3,11.11,759068.74
2014-11-25,11.22,11.55,11.66,11.22,1222286.0
2014-11-26,11.66,11.46,11.66,11.36,753469.03
2014-11-27,11.52,11.47,11.54,11.37,598972.09
2014-11-28,11.47,11.61,11.66,11.38,922728.16
2014-12-01,11.63,11.43,11.83,11.4,820951.59
2014-12-02,11.43,11.49,11.6,11.35,658027.45
2014-12-03,11.5,11.95,11.95,11.5,1256689.82
2014-12-04,12.0,12.11,12.18,11.82,1218851.55
2014-12-05,12.16,11.97,12.51,11.65,1335650.91
2014-12-08,11.98,12.85,12.85,11.86,1391818.92
2014-12-09,12.94,12.58,14.05,12.44,2228372.85
2014-12-10,12.71,13.26,13.33,12.71,1206493.13
2014-12-11,13.26,12.95,13.28,12.76,1108398.69
2014-12-12,12.97,12.83,13.24,12.68,815204.45
2014-12-15,12.88,12.85,12.89,12.53,765532.55
2014-12-16,12.87,12.85,12.94,12.52,963361.13
2014-12-17,13.34,14.14,14.14,13.33,3069499.33
2014-12-18,14.21,13.93,14.34,13.83,1870497.61
2014-12-19,13.97,13.93,14.26,13.49,1259952.07
2014-12-22,14.04,13.56,14.28,13.4,1258631.88
2014-12-23,13.45,13.39,13.87,13.34,736424.96
2014-12-24,13.45,13.09,13.55,12.94,811311.62
2014-12-25,13.09,13.64,13.66,12.98,896808.14
2014-12-26,13.66,13.6,13.73,13.37,821310.0
2014-12-29,13.74,13.54,14.05,13.37,834058.02
2014-12-30,13.51,13.48,13.91,13.35,710727.72
2014-12-31,13.44,13.37,13.54,13.08,808670.41
2015-01-05,13.77,14.08,14.34,13.55,1439682.11
2015-01-06,14.0,14.89,15.09,13.88,1618064.78
2015-01-07,14.74,14.6,14.9,14.42,957037.39
2015-01-08,14.67,14.8,15.39,14.54,1300971.89
2015-01-09,14.72,14.48,15.09,14.45,989992.64
2015-01-12,14.37,14.17,14.47,14.0,693938.11
2015-01-13,14.15,14.22,14.65,14.14,569621.05
2015-01-14,14.28,14.2,14.57,13.98,481802.03
2015-01-15,14.37,14.55,14.55,14.07,551026.95
2015-01-16,14.66,14.64,14.79,14.39,587604.68
2015-01-19,13.92,13.33,14.29,13.17,1113424.49
2015-01-20,13.81,14.13,14.21,13.56,1074168.66
2015-01-21,14.37,14.57,14.71,14.17,896215.69
2015-01-22,14.55,14.6,14.78,14.4,739335.09
2015-01-23,14.97,14.57,15.16,14.45,806550.54
2015-01-26,14.71,15.09,15.14,14.69,893855.94
2015-01-27,15.09,14.88,15.36,14.59,855915.69
2015-01-28,14.87,14.57,14.87,14.51,530005.46
2015-01-29,14.43,14.31,14.56,14.2,493626.16
2015-01-30,14.42,14.2,14.54,14.16,418523.4
2015-02-02,14.07,13.82,14.07,13.77,453344.03
2015-02-03,13.94,14.17,14.18,13.83,505011.65
2015-02-04,14.18,13.8,14.2,13.77,458324.49
2015-02-05,14.0,13.88,14.34,13.77,670465.86
2015-02-06,13.89,13.51,13.98,13.41,455348.21
2015-02-09,13.49,13.55,13.77,13.46,314738.11
2015-02-10,13.72,13.88,13.88,13.56,329188.09
2015-02-11,14.14,14.59,14.6,14.07,807165.6
2015-02-12,14.65,14.5,14.92,14.33,817185.01
2015-02-13,14.59,14.58,14.87,14.49,690923.5
2015-02-16,14.72,15.28,15.28,14.59,1078120.61
2015-02-17,15.41,14.98,15.49,14.97,751819.71
2015-02-25,15.02,14.56,15.02,14.53,616858.82
2015-02-26,14.65,14.81,14.85,14.55,486489.85
2015-02-27,14.92,15.22,15.51,14.85,1039301.54
2015-03-02,15.39,15.14,15.39,14.92,896156.22
2015-03-03,15.14,14.66,15.14,14.63,860370.04
2015-03-04,14.65,14.94,15.18,14.65,732351.2
2015-03-05,14.88,14.74,14.91,14.6,494386.43
2015-03-06,14.74,14.48,14.84,14.47,474584.97
2015-03-09,14.49,14.8,14.87,14.25,497682.43
2015-03-10,14.82,14.71,14.88,14.6,403363.71
2015-03-11,14.71,14.6,14.85,14.54,400233.0
2015-03-12,14.61,14.7,14.72,14.51,419648.87
2015-03-13,14.79,14.92,14.94,14.64,514501.72
2015-03-16,14.69,15.11,15.16,14.6,953057.31
2015-03-17,15.14,15.37,15.65,15.03,1300817.18
2015-03-18,15.47,15.59,15.62,15.27,991148.27
2015-03-19,15.7,15.48,15.89,15.34,1099871.49
2015-03-20,15.48,15.5,15.68,15.31,876839.94
2015-03-23,15.59,16.21,16.21,15.59,1315850.16
2015-03-24,16.22,16.68,16.79,15.9,1476422.96
2015-03-25,16.71,16.45,16.87,16.17,985315.01
2015-03-26,16.64,16.23,16.65,16.14,1018309.36
2015-03-27,16.27,16.19,16.42,16.08,707240.2
2015-03-30,16.33,16.51,16.65,16.33,1025906.21
2015-03-31,16.54,16.19,16.68,16.17,957943.62
2015-04-01,16.19,16.79,16.95,16.14,1331425.17
2015-04-02,16.88,16.6,16.94,16.39,1027709.84
2015-04-03,16.45,16.54,16.79,16.37,996352.67
2015-04-07,17.53,17.28,17.97,17.11,1655449.33
2015-04-08,17.37,18.02,18.23,17.06,1806958.46
2015-04-09,18.03,17.59,18.36,17.2,1249422.86
2015-04-10,17.59,17.92,18.05,17.45,1033160.96
2015-04-13,18.25,18.08,18.35,17.96,1002008.06
2015-04-14,18.16,17.6,18.22,17.48,1110059.68
2015-04-15,17.92,17.63,18.18,17.52,1035464.14
2015-04-16,17.66,18.67,19.03,17.66,1535671.33
2015-04-17,18.88,19.35,19.62,18.65,1801291.57
2015-04-20,19.4,20.16,21.26,18.88,2199754.41
2015-04-21,20.29,20.94,21.24,19.7,1668749.67
2015-04-22,21.18,20.93,21.33,20.78,1323509.42
2015-04-23,21.0,21.68,22.13,20.71,1583225.45
2015-04-24,21.33,21.3,22.42,21.11,1487337.78
2015-04-27,21.61,21.57,21.96,21.27,1159467.05
2015-04-28,21.57,20.7,21.73,20.39,1319416.9
2015-04-29,20.75,22.78,22.78,20.75,1830834.22
2015-04-30,23.67,23.07,23.89,22.64,1657348.52
2015-05-04,23.47,22.88,24.08,22.7,1192459.27
2015-05-05,22.71,21.1,22.71,20.84,1474336.82
2015-05-06,21.29,20.53,21.67,20.19,1086796.65
2015-05-07,20.44,20.56,20.96,20.24,743350.37
2015-05-08,20.88,21.83,21.83,20.66,1174256.02
2015-05-11,22.29,22.35,22.46,21.83,1424534.83
2015-05-12,22.4,22.61,23.16,22.29,1204418.22
2015-05-13,22.64,24.07,24.07,22.64,1910659.9
2015-05-14,24.88,23.92,25.67,23.85,2049858.41
2015-05-15,23.59,22.77,23.61,22.59,1300949.44
2015-05-18,22.84,23.4,23.7,22.77,1151225.54
2015-05-19,23.55,23.53,23.69,22.81,995902.16
2015-05-20,23.66,23.67,24.68,23.47,1345301.17
2015-05-21,24.04,24.42,24.65,23.77,1268447.08
2015-05-22,24.81,24.38,24.93,23.84,1264627.42
2015-05-25,24.14,25.31,25.5,23.98,1528942.22
2015-05-26,25.47,25.59,25.72,24.81,1484326.97
2015-05-27,25.59,24.95,25.64,24.67,1276972.08
2015-05-28,24.88,22.72,24.91,22.64,1380740.73
2015-05-29,22.95,22.87,23.5,21.76,1091027.49
2015-06-01,22.9,23.64,23.87,22.9,1015242.15
2015-06-02,23.65,24.05,24.25,23.33,1095573.85
2015-06-03,24.09,23.51,24.2,23.16,930165.97
2015-06-04,23.47,23.42,24.04,21.47,993567.92
2015-06-05,23.7,23.63,24.04,23.1,1037652.63
2015-06-08,23.57,23.42,23.7,22.81,996142.79
2015-06-09,23.47,23.86,24.01,23.28,1049738.13
2015-06-10,23.88,24.32,24.65,23.4,1286711.85
2015-06-11,24.14,24.58,24.79,23.99,1147232.44
2015-06-12,24.62,24.15,24.72,24.14,945856.23
2015-06-15,23.95,22.78,23.95,22.67,1131628.81
2015-06-16,22.55,21.55,22.56,21.35,896325.16
2015-06-17,21.54,22.21,22.3,21.54,711823.94
2015-06-18,22.21,21.08,22.24,20.73,674877.28
2015-06-19,21.1,19.28,21.32,19.25,829466.35
2015-06-23,19.53,20.12,20.14,18.52,799030.99
2015-06-24,20.29,20.39,20.57,19.85,694569.62
2015-06-25,20.38,19.44,20.48,19.25,705434.56
2015-06-26,19.13,17.5,19.17,17.5,959727.95
2015-06-29,18.14,16.03,18.22,15.75,1214974.51
2015-06-30,16.11,17.63,17.64,15.38,1292645.46
2015-07-01,17.29,17.31,18.59,17.04,1285741.33
2015-07-02,17.56,16.66,17.87,16.14,951923.16
2015-07-03,16.33,15.77,17.49,15.04,1088187.33
2015-07-06,17.35,16.39,17.35,15.18,1299864.66
2015-07-07,15.9,14.78,16.39,14.75,1665594.53
2015-07-08,13.3,13.3,13.63,13.3,1490948.32
2015-07-14,14.63,14.63,14.63,14.63,63904.26
2015-07-15,16.1,16.1,16.1,15.59,1979710.18
2015-07-16,15.77,16.43,16.81,15.09,1749680.18
2015-07-17,16.84,17.74,17.91,16.46,1591960.34
2015-07-20,17.93,18.52,18.98,17.84,1799404.65
2015-07-21,18.2,18.68,19.07,17.94,1448233.68
2015-07-22,19.1,19.3,19.72,18.73,1731722.95
2015-07-23,19.3,19.63,19.69,18.91,1525678.88
2015-07-24,19.72,19.16,20.15,18.92,1835721.18
2015-07-27,18.81,17.24,19.36,17.24,1571702.16
2015-07-28,16.76,17.25,17.74,15.69,1710796.31
2015-07-29,17.61,18.48,18.62,17.09,1210748.53
2015-07-30,18.54,17.92,18.99,17.9,1118881.29
2015-07-31,17.84,17.91,18.33,17.56,747376.87
2015-08-03,17.84,17.03,18.04,16.74,797437.28
2015-08-04,17.05,18.42,18.43,17.05,894378.24
2015-08-05,18.4,17.89,18.59,17.77,894836.23
2015-08-06,17.48,17.73,18.11,17.32,551437.07
2015-08-07,18.02,18.51,18.56,17.91,934382.43
2015-08-10,18.64,19.37,19.6,18.51,1324649.59
2015-08-11,19.41,19.11,19.41,18.85,1112487.41
2015-08-12,18.82,18.72,19.24,18.64,806761.83
2015-08-13,18.62,19.15,19.15,18.32,977021.1
2015-08-14,19.26,19.11,19.49,18.99,1011888.43
2015-08-17,18.96,19.25,19.25,18.64,769000.73
2015-08-18,19.34,17.33,19.36,17.33,1317188.53
2015-08-19,16.94,17.72,17.92,16.54,922715.53
2015-08-20,17.57,17.44,18.23,17.26,798143.85
2015-08-21,17.03,16.27,17.35,16.13,820119.86
2015-08-24,15.7,14.65,15.73,14.65,1182415.21
2015-08-25,13.4,13.19,14.49,13.19,1165693.35
2015-08-26,13.47,13.0,13.96,12.67,1025991.93
2015-08-27,13.54,14.3,14.3,13.36,1119045.81
2015-08-28,14.69,15.27,15.48,14.46,1132923.05
2015-08-31,15.1,15.01,15.1,14.35,915884.31
2015-09-01,14.71,14.87,14.93,13.89,881693.76
2015-09-02,14.12,14.92,15.1,14.07,1107297.0
2015-09-07,15.4,14.4,15.84,14.34,1011148.53
2015-09-08,14.39,15.12,15.19,14.12,578908.91
2015-09-09,15.21,15.44,15.69,15.06,932922.75
2015-09-10,15.11,15.05,15.34,15.02,379207.6
2015-09-11,15.06,15.25,15.56,15.06,470333.6
2015-09-14,15.47,14.32,15.53,14.06,689440.85
2015-09-15,14.04,13.37,14.47,13.32,521466.35
2015-09-16,13.54,14.55,14.7,13.42,649177.36
2015-09-17,14.59,14.15,15.01,14.14,703644.95
2015-09-18,14.41,14.41,14.57,14.16,380268.98
2015-09-21,14.17,14.88,14.92,14.1,454988.22
2015-09-22,14.97,14.9,15.12,14.66,456672.62
2015-09-23,14.6,14.56,14.83,14.49,370981.9
2015-09-24,14.79,14.88,15.1,14.72,492542.08
2015-09-25,14.88,14.19,15.02,14.07,538036.98
2015-09-28,14.3,14.32,14.38,13.9,289160.71
2015-09-29,14.01,13.92,14.11,13.71,335211.07
2015-09-30,14.03,13.98,14.17,13.87,239590.6
2015-10-08,14.59,14.5,14.77,14.41,469906.13
2015-10-09,14.58,14.82,14.96,14.51,514968.85
2015-10-12,15.01,15.44,15.66,14.9,755090.26
2015-10-13,15.34,15.41,15.52,15.15,599302.66
2015-10-14,15.49,15.41,15.66,15.25,570848.89
2015-10-15,15.39,16.04,16.2,15.37,957056.94
2015-10-16,16.05,15.94,16.13,15.66,778875.33
2015-10-19,16.02,15.71,16.07,15.58,673224.27
2015-10-20,15.77,16.25,16.3,15.62,869316.24
2015-10-21,16.27,15.1,16.28,15.01,910901.07
2015-10-22,15.15,15.43,15.5,14.89,731980.68
2015-10-23,15.51,15.8,15.87,15.36,733993.81
2015-10-26,15.91,15.96,16.22,15.8,715513.99
2015-10-27,15.81,15.79,15.91,15.15,618933.1
2015-10-28,15.96,15.91,16.39,15.82,981077.43
2015-10-29,16.12,16.05,16.27,15.7,618484.83
2015-10-30,16.06,16.0,16.24,15.79,561954.15
2015-11-02,15.69,15.58,16.22,15.58,541103.19
2015-11-03,15.58,15.5,15.81,15.4,427337.36
2015-11-04,15.55,16.39,16.39,15.55,910657.99
2015-11-05,16.31,16.6,17.16,16.24,1766832.79
2015-11-06,16.58,17.64,17.64,16.54,1660183.23
2015-11-09,17.44,17.65,17.81,17.17,1150635.3
2015-11-10,17.38,17.32,17.5,17.06,857069.09
2015-11-11,17.21,17.39,17.43,16.96,718092.49
2015-11-12,17.24,17.02,17.33,16.84,773759.07
2015-11-13,16.85,16.81,17.08,16.64,564857.36
2015-11-16,16.58,17.29,17.3,16.45,638127.35
2015-11-17,17.37,16.75,17.42,16.72,1216389.37
2015-11-18,16.75,16.49,16.81,16.49,459916.01
2015-11-19,16.57,16.78,16.83,16.46,444681.0
2015-11-20,16.74,16.93,17.12,16.6,665906.53
2015-11-23,16.91,16.53,17.07,16.48,599033.5
2015-11-24,16.9,17.05,17.11,16.67,816784.7
2015-11-25,17.08,17.07,17.12,16.85,590722.21
2015-11-26,17.19,16.85,17.26,16.82,574137.76
2015-11-27,16.85,15.76,16.86,15.61,703251.48
2015-11-30,15.81,15.67,16.01,15.25,510315.23
2015-12-01,15.67,15.86,16.01,15.51,374145.67
2015-12-02,15.8,16.3,16.39,15.71,567000.36
2015-12-03,16.29,16.26,16.37,16.09,396635.63
2015-12-04,16.14,15.89,16.22,15.87,348889.1
2015-12-07,15.97,16.13,16.22,15.88,264366.15
2015-12-08,16.01,15.69,16.01,15.66,286246.52
2015-12-09,15.58,15.7,15.83,15.54,207330.02
2015-12-10,15.7,15.83,16.13,15.7,350546.5
2015-12-11,15.79,15.85,15.98,15.7,254215.47
2015-12-14,15.68,16.22,16.22,15.61,418304.6
2015-12-15,16.23,16.76,16.83,16.23,745620.9
2015-12-16,16.76,16.45,16.81,16.4,540726.25
2015-12-17,16.57,16.7,16.91,16.52,575442.22
2015-12-18,16.65,16.83,16.93,16.59,540981.3
2015-12-21,16.99,17.4,17.66,16.87,1075974.85
2015-12-22,17.45,17.13,17.53,16.91,757336.1
2015-12-23,17.07,16.85,17.26,16.85,580033.85
2015-12-24,16.86,16.94,17.17,16.81,388594.18
2015-12-25,17.0,17.04,17.17,16.88,342574.89
2015-12-28,17.1,16.46,17.34,16.45,633094.52
2015-12-29,16.51,16.68,16.74,16.4,301926.77
2015-12-30,16.74,17.17,17.47,16.72,786814.65
2015-12-31,17.09,16.7,17.09,16.69,436115.72
2016-01-04,16.65,15.17,16.85,15.14,457692.09
2016-01-05,14.8,15.44,15.64,14.8,676387.23
2016-01-06,15.4,15.58,15.62,15.24,382691.97
2016-01-07,15.15,14.14,15.28,14.06,146390.8
2016-01-08,14.71,14.55,14.84,14.07,553329.38
2016-01-11,14.41,13.87,14.75,13.76,528276.61
2016-01-12,14.07,13.96,14.14,13.8,307489.17
2016-01-13,14.07,13.64,14.21,13.63,321631.97
2016-01-14,13.31,13.98,14.05,13.22,398319.67
2016-01-15,13.93,13.44,13.93,13.32,329653.37
2016-01-18,13.09,13.57,13.72,13.01,267063.04
2016-01-19,13.53,13.94,14.0,13.45,320600.8
2016-01-20,14.21,14.07,14.61,14.02,510983.02
2016-01-21,13.97,13.9,14.48,13.89,462554.45
2016-01-22,14.13,14.15,14.24,13.8,280477.72
2016-01-25,14.33,14.16,14.4,14.06,235352.91
2016-01-26,14.03,13.02,14.03,12.94,420416.72
2016-01-27,13.07,13.02,13.22,12.4,398128.47
2016-01-28,12.82,12.41,13.03,12.26,306296.94
2016-01-29,12.54,12.85,13.03,12.33,381718.26
2016-02-01,12.82,12.71,12.9,12.55,239523.31
2016-02-02,12.75,13.04,13.18,12.73,315132.33
2016-02-03,12.89,12.92,12.99,12.64,232024.74
2016-02-04,12.97,13.1,13.28,12.97,294743.26
2016-02-05,13.09,12.96,13.17,12.95,200574.31
2016-02-15,12.55,12.71,12.88,12.48,281499.2
2016-02-16,12.86,13.24,13.29,12.8,367602.22
2016-02-17,13.34,13.48,13.6,13.21,366857.31
2016-02-18,13.64,13.36,13.7,13.34,310241.25
2016-02-19,13.37,13.54,13.68,13.36,329539.94
2016-02-22,13.82,13.77,13.87,13.58,335712.54
2016-02-23,13.81,13.59,13.92,13.4,319359.91
2016-02-24,13.57,13.8,13.86,13.49,364738.49
2016-02-25,13.8,12.67,13.8,12.46,456823.36
2016-02-26,12.8,12.82,13.0,12.6,254547.49
2016-02-29,12.71,12.26,12.81,12.05,314218.97
2016-03-01,12.37,12.57,12.68,12.14,265120.73
2016-03-02,12.71,13.46,13.52,12.69,479839.4
2016-03-03,13.45,13.7,13.75,13.32,460816.88
2016-03-04,13.62,13.5,13.68,13.34,533708.98
2016-04-07,13.58,13.64,14.25,13.5,1831175.59
2016-04-08,13.31,13.01,13.36,12.8,853558.05
2016-04-11,13.12,13.13,13.35,13.04,589082.39
2016-04-12,13.13,12.82,13.16,12.68,536261.73
2016-04-13,12.93,13.15,13.35,12.91,722040.41
2016-04-14,13.22,13.29,13.32,13.11,432116.48
2016-04-15,13.27,13.21,13.32,13.14,348228.09
2016-04-18,13.19,12.93,13.19,12.86,318518.3
2016-04-19,13.02,12.92,13.05,12.83,298434.94
2016-04-20,12.94,12.44,12.99,12.26,652725.87
2016-04-21,12.41,12.49,12.63,12.35,322909.13
2016-04-22,12.38,12.56,12.59,12.35,188320.85
2016-04-25,12.5,12.69,12.76,12.37,254123.74
2016-04-26,12.73,12.74,12.82,12.57,206269.71
2016-04-27,12.75,12.59,12.76,12.57,179456.56
2016-04-28,12.65,12.61,12.68,12.38,224074.43
2016-04-29,12.6,12.76,12.86,12.51,310992.7
2016-05-03,12.81,13.1,13.12,12.69,454097.63
2016-05-04,13.03,12.98,13.11,12.93,285981.48
2016-05-05,12.94,13.08,13.09,12.92,274211.8
2016-05-06,13.12,12.51,13.16,12.43,710960.36
2016-05-09,12.37,12.17,12.37,12.11,327946.65
2016-05-10,12.12,12.24,12.28,12.12,155210.0
2016-05-11,12.27,12.21,12.4,12.07,223200.8
2016-05-12,12.1,12.29,12.32,11.98,222616.53
2016-05-13,12.24,12.18,12.4,12.1,176443.61
2016-05-16,12.17,12.22,12.22,11.99,164486.69
2016-05-17,12.23,12.1,12.24,12.07,198098.45
2016-05-18,12.04,11.98,12.07,11.79,284662.16
2016-05-19,11.88,11.86,12.04,11.8,193333.63
2016-05-20,11.77,11.89,11.9,11.72,153908.66
2016-05-23,11.9,11.96,12.07,11.86,164524.43
2016-05-24,11.95,11.81,11.96,11.79,154415.06
2016-05-25,11.9,11.91,11.97,11.85,197191.46
2016-05-26,11.9,11.9,11.93,11.75,158153.24
2016-05-27,11.9,11.91,11.98,11.84,169986.06
2016-05-30,11.88,11.91,12.06,11.76,178838.43
2016-05-31,11.94,12.35,12.41,11.94,501340.31
2016-06-01,12.38,12.3,12.41,12.26,377756.01
2016-06-02,12.31,12.35,12.36,12.26,224323.09
2016-06-03,12.38,12.5,12.62,12.34,428459.43
2016-06-06,12.51,12.53,12.67,12.47,263404.55
2016-06-07,12.54,12.37,12.55,12.33,208854.42
2016-06-08,12.4,12.38,12.44,12.24,224309.11
2016-06-13,12.24,11.81,12.26,11.8,302598.88
2016-06-14,11.78,11.83,11.88,11.75,176749.59
2016-06-15,11.75,12.07,12.13,11.72,223056.19
2016-06-16,12.03,11.93,12.07,11.9,203136.24
2016-06-17,12.04,12.33,12.5,12.03,488987.31
2016-06-20,12.32,12.25,12.54,12.17,178798.53
2016-06-21,12.32,12.12,12.41,12.09,223161.95
2016-06-22,12.1,12.28,12.31,12.06,162266.08
2016-06-23,12.32,12.49,12.54,12.26,459629.28
2016-06-24,12.42,12.22,12.44,11.94,352733.97
2016-06-27,12.17,12.71,12.82,12.13,574867.16
2016-06-28,12.62,12.93,13.04,12.55,584340.65
2016-06-29,13.0,12.84,13.03,12.7,358842.73
2016-06-30,12.86,12.85,12.96,12.77,229949.99
2016-07-01,12.85,12.73,12.96,12.72,241751.12
2016-07-04,12.62,12.93,12.98,12.59,379476.54
2016-07-05,12.9,12.89,12.96,12.82,275390.91
2016-07-06,12.89,12.87,12.94,12.8,259415.8
2016-07-07,12.86,12.77,12.93,12.66,317506.82
2016-07-08,12.76,12.71,12.8,12.68,224611.16
2016-07-11,12.72,12.76,12.92,12.7,303879.6
2016-07-12,12.76,13.22,13.26,12.73,632280.97
2016-07-13,13.27,13.35,13.5,13.19,635242.96
2016-07-14,13.27,13.25,13.3,13.17,278287.89
2016-07-15,13.31,13.27,13.36,13.18,292974.12
2016-07-18,13.36,13.68,13.77,13.28,694167.61
2016-07-19,13.63,13.57,13.71,13.45,326500.98
2016-07-20,13.56,13.7,13.93,13.54,499146.95
2016-07-21,13.7,13.67,13.91,13.63,469858.76
2016-07-22,13.69,13.42,13.79,13.39,352982.86
2016-07-25,13.43,13.8,13.81,13.42,415774.37
2016-07-26,13.79,13.81,13.86,13.63,301166.18
2016-07-27,13.81,13.27,13.86,13.05,563524.85
2016-07-28,13.31,13.5,13.57,13.26,407992.12
2016-07-29,13.5,13.28,13.53,13.25,212165.56
2016-08-01,13.22,12.96,13.31,12.87,285160.21
2016-08-02,12.93,13.06,13.08,12.93,154208.3
2016-08-03,13.07,13.06,13.18,12.95,174235.84
2016-08-04,13.03,13.08,13.12,12.97,132887.06
2016-08-05,13.08,13.18,13.36,13.06,236667.34
2016-08-08,13.18,13.56,13.63,13.13,329058.97
2016-08-09,13.51,13.53,13.57,13.43,202154.55
2016-08-10,13.59,13.42,13.59,13.39,218591.81
2016-08-11,13.44,13.36,13.51,13.33,163469.0
2016-08-12,13.4,13.58,13.62,13.35,268902.8
2016-08-15,13.6,13.84,13.9,13.59,533783.49
2016-08-16,13.82,13.82,13.98,13.78,542229.68
2016-08-17,13.86,13.7,13.97,13.61,447215.7
2016-08-18,13.63,13.64,13.75,13.6,272483.18
2016-08-19,13.68,13.58,13.7,13.47,307771.05
2016-08-22,13.55,13.4,13.64,13.39,246467.08
2016-08-23,13.39,13.4,13.46,13.36,189900.81
2016-08-24,13.41,13.4,13.46,13.39,121538.72
2016-08-25,13.35,13.4,13.4,13.24,196646.56
2016-08-26,13.51,13.4,13.66,13.39,296203.33
2016-08-29,13.31,13.37,13.42,13.31,137762.48
2016-08-30,13.35,13.38,13.45,13.35,135434.17
2016-08-31,13.39,13.39,13.43,13.28,137838.41
2016-09-01,13.39,13.48,13.61,13.33,274731.8
2016-09-02,13.43,13.38,13.51,13.34,143810.94
2016-09-05,13.41,13.41,13.55,13.39,157875.74
2016-09-06,13.4,13.62,13.65,13.3,264288.32
2016-09-07,13.66,13.69,13.8,13.58,370245.13
2016-09-08,13.68,13.78,13.81,13.61,386578.42
2016-09-09,13.8,13.55,13.83,13.54,303480.75
2016-09-12,13.31,13.21,13.42,13.2,371974.25
2016-09-13,13.29,13.31,13.36,13.23,145161.73
2016-09-14,13.27,13.22,13.29,13.2,145458.8
2016-09-19,13.31,13.4,13.4,13.28,146698.33
2016-09-20,13.42,13.46,13.57,13.37,147272.82
2016-09-21,13.45,13.49,13.57,13.39,137008.61
2016-09-22,13.59,13.54,13.6,13.44,252518.88
2016-09-23,13.54,13.45,13.57,13.36,176358.57
2016-09-26,13.45,13.24,13.52,13.24,143457.15
2016-09-27,13.25,13.39,13.4,13.07,206213.55
2016-09-28,13.36,13.4,13.41,13.28,114238.88
2016-09-29,13.42,13.41,13.51,13.39,124498.0
2016-09-30,13.4,13.48,13.54,13.39,139695.26
2016-10-10,13.61,13.76,13.81,13.6,379377.49
2016-10-11,13.77,13.79,13.93,13.72,353088.26
2016-10-12,13.7,13.68,13.73,13.63,174491.73
2016-10-13,13.67,13.62,13.73,13.56,156081.09
2016-10-14,13.59,13.67,13.7,13.48,172970.71
2016-10-17,13.68,13.43,13.69,13.43,161096.17
2016-10-18,13.46,13.66,13.66,13.41,176937.31
2016-10-19,13.68,13.6,13.8,13.59,208509.92
2016-10-20,13.59,13.55,13.62,13.49,136950.99
2016-10-21,13.57,13.64,13.76,13.53,263559.91
2016-10-24,13.65,14.01,14.1,13.65,756228.77
2016-10-25,14.08,14.07,14.13,13.9,502790.0
2016-10-26,14.07,13.99,14.3,13.91,377231.26
2016-10-27,14.0,14.03,14.14,13.87,237482.05
2016-10-28,14.03,14.11,14.33,14.0,500459.42
2016-10-31,14.11,13.95,14.11,13.91,236953.36
2016-11-01,13.99,13.97,14.07,13.85,217103.54
2016-11-02,13.93,14.02,14.11,13.9,241315.57
2016-11-03,13.94,14.07,14.16,13.9,271170.62
2016-11-04,14.09,14.08,14.32,14.05,346112.71
2016-11-07,14.05,14.25,14.27,14.05,262614.43
2016-11-08,14.32,14.88,15.0,14.32,1006396.74
2016-11-09,14.82,14.77,15.05,14.46,719944.04
2016-11-10,14.92,14.91,15.01,14.79,348959.09
2016-11-11,14.9,15.35,15.55,14.86,585793.6
2016-11-14,15.32,15.18,15.53,15.12,467794.13
2016-11-15,15.14,15.29,15.31,15.01,316029.69
2016-11-16,15.29,14.99,15.36,14.92,310967.08
2016-11-17,14.95,15.14,15.23,14.92,256713.84
2016-11-18,15.04,14.79,15.22,14.73,278526.0
2016-11-21,15.17,14.96,15.35,14.9,434631.32
2016-11-22,15.0,15.25,15.35,14.91,335591.85
2016-11-23,15.32,15.18,15.53,15.15,367021.34
2016-11-24,15.19,15.46,15.56,14.96,483882.78
2016-11-25,15.42,15.79,15.84,15.27,610637.66
2016-11-28,15.84,15.66,15.84,15.55,362603.0
2016-11-29,15.55,15.41,15.96,15.28,531831.8
2016-11-30,15.33,15.35,15.63,15.17,361747.73
2016-12-01,15.43,15.99,16.12,15.36,851837.82
2016-12-02,16.0,15.63,16.03,15.63,449704.69
2016-12-05,15.46,14.89,15.49,14.61,636541.36
2016-12-06,14.85,14.85,15.07,14.83,308881.59
2016-12-07,14.79,14.94,14.95,14.61,185989.11
2016-12-08,14.98,14.88,15.03,14.73,185906.71
2016-12-09,14.85,14.85,14.96,14.8,245242.04
2016-12-12,14.82,14.19,14.82,13.96,514623.95
2016-12-13,14.09,14.22,14.36,14.01,233407.57
2016-12-14,14.23,14.12,14.34,14.06,155795.84
2016-12-15,14.06,13.91,14.17,13.83,290213.32
2016-12-16,13.89,14.13,14.13,13.84,297275.76
2016-12-19,14.01,14.21,14.33,13.98,252385.48
2016-12-20,14.24,14.11,14.33,14.03,238687.29
2016-12-21,14.2,14.46,14.46,14.2,316072.32
2016-12-22,14.44,14.53,14.62,14.39,242803.32
2016-12-23,14.51,14.13,14.56,14.13,185625.74
2016-12-26,14.28,14.52,14.55,14.12,212159.81
2016-12-27,14.45,14.58,14.63,14.34,225339.18
2016-12-28,14.6,14.32,14.61,14.32,176914.57
2016-12-29,14.35,14.42,14.68,14.32,235844.52
2016-12-30,14.43,14.54,14.6,14.42,126454.44
2017-01-03,14.58,14.77,14.83,14.5,200629.83
2017-01-04,14.77,14.73,14.79,14.64,181859.91
2017-01-05,14.75,14.48,14.77,14.45,302294.81
2017-01-06,14.47,14.25,14.53,14.23,231025.02
2017-01-09,14.18,13.72,14.18,13.59,772869.13
2017-01-10,13.69,13.68,13.81,13.64,307245.11
2017-01-11,13.66,13.61,13.69,13.49,247372.24
2017-01-12,13.59,13.83,13.84,13.55,359057.61
2017-01-13,13.79,13.59,13.81,13.54,152653.63
2017-01-16,13.57,13.35,13.57,13.18,308564.22
2017-01-17,13.34,13.49,13.49,13.28,121047.16
2017-01-18,13.49,13.67,13.68,13.43,201783.06
2017-01-19,13.63,13.55,13.72,13.53,115084.38
2017-01-20,13.54,13.66,13.7,13.54,112963.01
2017-01-23,13.66,13.67,13.75,13.64,115370.61
2017-01-24,13.71,13.75,13.77,13.59,162627.15
2017-01-25,13.72,13.94,13.94,13.63,222789.94
2017-01-26,13.88,13.81,13.93,13.8,169776.22
2017-02-03,13.8,13.68,13.8,13.66,101080.94
2017-02-06,13.68,13.74,13.78,13.66,93630.77
2017-02-07,13.74,13.61,13.74,13.57,137046.98
2017-02-08,13.59,13.67,13.69,13.51,134956.86
2017-02-09,13.68,13.81,13.81,13.62,217081.15
2017-02-10,13.81,13.87,13.9,13.74,245277.4
2017-02-13,13.86,13.92,13.96,13.82,211819.08
2017-02-14,13.89,14.14,14.36,13.83,522646.41
2017-02-15,14.21,14.01,14.33,13.98,338786.12
2017-02-16,14.0,14.04,14.12,13.91,172203.8
2017-02-17,14.04,13.84,14.1,13.78,199632.25
2017-02-20,13.88,14.3,14.35,13.87,424820.23
2017-02-21,14.29,14.32,14.39,14.12,255652.06
2017-02-22,14.31,14.15,14.32,14.12,325027.41
2017-02-23,14.18,14.28,14.36,14.13,336799.54
2017-02-24,14.29,14.21,14.35,14.06,352010.04
2017-02-27,14.28,14.27,14.47,14.21,455021.85
2017-02-28,14.27,14.41,14.48,14.26,364438.35
2017-03-01,14.46,14.36,14.47,14.32,278747.94
2017-03-02,14.41,14.24,14.45,14.23,221177.41
2017-03-03,14.19,14.2,14.22,14.08,228244.64
2017-03-06,14.17,14.19,14.2,13.98,425492.06
2017-03-07,14.13,13.93,14.16,13.86,458721.08
2017-03-16,15.33,15.33,15.33,15.04,3363137.42
2017-03-17,15.5,15.65,16.21,15.36,2510892.97
2017-03-20,15.91,15.7,15.96,15.6,1153823.81
2017-03-21,15.65,15.55,15.8,15.46,933048.24
2017-03-22,15.41,15.77,15.99,15.36,998894.05
2017-03-23,15.77,15.87,15.93,15.7,711450.94
2017-03-24,15.75,16.32,16.71,15.6,1135289.16
2017-03-27,16.23,15.98,16.46,15.96,582826.28
2017-03-28,15.97,15.97,16.14,15.83,437383.16
2017-03-29,15.92,15.55,16.02,15.51,584118.78
2017-03-30,15.56,15.5,15.63,15.34,411176.75
2017-03-31,15.5,15.46,15.62,15.42,263959.03
2017-04-05,15.47,15.8,15.85,15.32,592460.29
2017-04-06,15.71,15.77,15.96,15.59,382601.52
2017-04-07,15.74,15.74,15.97,15.62,381080.67
2017-04-10,15.75,15.82,16.07,15.73,480921.99
2017-04-11,15.91,15.77,16.08,15.48,528378.47
2017-04-12,15.7,15.55,15.77,15.54,258316.11
2017-04-13,15.5,15.46,15.66,15.39,305204.63
2017-04-14,15.4,15.31,15.43,15.17,324463.96
2017-04-17,15.31,15.36,15.52,15.2,253384.16
2017-04-18,15.5,15.36,15.65,15.29,269802.77
2017-04-19,15.32,15.73,15.74,15.32,377392.26
2017-04-25,15.82,16.1,16.49,15.82,931361.85
2017-04-26,16.07,16.34,16.55,16.06,433686.44
2017-04-27,16.25,16.29,16.39,16.14,326200.43
2017-04-28,16.32,16.19,16.36,16.04,280017.21
2017-05-02,16.17,16.08,16.22,15.88,192382.35
2017-05-03,16.03,16.25,16.46,16.0,340745.47
2017-05-04,16.21,16.26,16.49,16.1,339921.54
2017-05-05,16.23,16.05,16.31,15.88,323661.94
2017-05-08,16.01,15.53,16.11,15.53,293961.1
2017-05-09,15.5,15.65,15.77,15.43,188975.5
2017-05-10,15.68,15.33,15.77,15.27,215107.25
2017-05-11,15.36,15.77,15.8,15.2,270083.66
2017-05-12,15.74,15.72,15.79,15.52,175604.7
2017-05-15,15.88,15.9,16.13,15.85,251983.83
2017-05-16,15.87,17.27,17.37,15.82,827682.38
2017-05-17,17.22,17.3,17.51,17.05,439577.28
2017-05-18,17.19,17.36,17.58,17.1,473427.27
2017-05-19,17.38,17.43,17.73,17.2,368512.41
2017-05-22,17.42,17.32,17.64,17.13,371835.46
2017-05-23,17.24,17.32,17.77,17.11,520769.66
2017-05-24,17.23,17.31,17.42,16.97,344979.17
2017-05-25,17.31,18.16,18.28,17.23,780107.63
2017-05-26,18.22,17.67,18.25,17.63,585069.02
2017-05-31,17.84,17.81,17.92,17.52,373969.05
2017-06-01,17.8,17.83,18.13,17.64,310054.37
2017-06-02,17.87,18.01,18.1,17.74,349070.14
2017-06-05,18.05,17.89,18.28,17.75,347135.98
2017-06-06,17.86,18.06,18.07,17.73,213301.93
2017-06-07,18.33,18.77,18.97,18.24,686657.11
2017-06-08,18.69,18.81,19.19,18.67,529680.33
2017-06-09,18.84,19.13,19.23,18.76,455494.67
2017-06-12,19.33,19.14,19.46,18.93,426649.09
2017-06-13,19.15,19.1,19.21,18.87,283416.55
2017-06-14,19.1,18.96,19.3,18.87,315968.51
2017-06-15,18.95,19.42,19.42,18.69,417674.74
2017-06-16,19.42,19.55,19.74,19.33,470526.98
2017-06-19,19.53,19.7,19.73,19.41,289165.95
2017-06-20,19.7,19.93,20.09,19.65,395738.99
2017-06-21,19.99,20.8,20.86,19.9,653797.09
2017-06-22,20.85,20.42,21.0,20.24,619807.33
2017-06-23,20.43,21.47,21.62,20.28,865330.74
2017-06-26,21.64,21.75,22.36,21.61,857352.01
2017-06-27,21.75,21.86,22.07,21.52,631403.67
2017-06-28,21.77,21.73,21.86,21.48,399664.11
2017-06-29,21.88,21.86,21.97,21.5,440486.27
2017-06-30,21.75,21.65,21.75,21.35,512493.74
2017-07-03,21.56,20.61,21.77,20.57,1088025.82
2017-07-04,20.62,20.64,20.8,20.4,629109.85
2017-07-05,20.53,21.45,21.54,20.47,861082.1
2017-07-06,21.32,21.2,21.53,20.93,553805.3
2017-07-07,21.03,21.14,21.56,21.03,459533.56
2017-07-10,20.98,20.47,21.29,20.46,475132.41
2017-07-11,20.43,20.62,21.09,20.33,452434.14
2017-07-12,20.68,21.35,21.36,20.52,512820.64
2017-07-13,21.24,21.17,21.51,21.06,476286.8
2017-07-14,21.04,21.86,21.9,20.89,664935.15
2017-07-17,21.74,20.88,21.9,20.65,771584.77
2017-07-18,20.79,20.12,21.13,19.52,966597.97
2017-07-19,19.94,20.67,20.7,19.9,570648.74
2017-07-20,21.52,21.5,21.88,21.18,967165.78
2017-07-21,21.63,21.57,22.22,21.35,696489.34
2017-07-24,21.63,21.86,21.95,21.32,508536.87
2017-07-25,21.79,21.08,21.96,20.97,573638.11
2017-07-26,21.12,20.9,21.31,20.81,377733.78
2017-07-27,20.85,20.74,21.39,20.56,650938.44
2017-07-28,20.77,21.2,21.37,20.65,438813.62
2017-07-31,21.2,20.93,21.33,20.65,604607.7
2017-08-01,20.79,20.81,21.04,20.62,333291.11
2017-08-02,20.87,20.83,21.21,20.72,400502.46
2017-08-03,20.69,20.19,20.69,20.05,657629.93
2017-08-04,20.18,19.91,20.32,19.88,352017.34
2017-08-07,19.9,20.17,20.28,19.86,255138.21
2017-08-08,20.2,20.31,20.51,20.2,247527.52
2017-08-09,20.32,20.68,20.78,20.06,386098.19
2017-08-10,20.61,20.5,20.93,20.31,351719.66
2017-08-11,20.22,19.95,20.52,19.91,250379.1
2017-08-14,19.85,19.85,20.52,19.24,748213.28
2017-08-15,19.72,19.91,20.05,19.68,328936.53
2017-08-16,19.91,20.45,20.76,19.77,680238.54
2017-08-17,20.54,20.93,21.04,20.45,619141.44
2017-08-18,20.76,21.2,21.2,20.59,492437.13
2017-08-21,21.43,21.0,21.69,20.87,470154.53
2017-08-22,20.94,20.85,21.09,20.68,304179.95
2017-08-23,20.8,20.84,21.11,20.73,229806.49
2017-08-24,20.65,20.81,21.02,20.59,263509.59
2017-08-25,20.91,20.89,21.45,20.79,635855.21
2017-08-28,20.95,21.6,21.78,20.77,988685.58
2017-08-29,21.43,21.63,21.78,21.39,511010.31
2017-08-30,21.6,21.91,22.18,21.53,708298.66
2017-08-31,21.87,21.76,22.17,21.36,598156.5
2017-09-01,21.76,21.59,21.84,21.39,398395.13
2017-09-04,21.59,22.24,22.34,21.34,823453.1
2017-09-05,22.15,22.21,22.48,22.06,490240.31
2017-09-06,22.14,22.75,22.79,22.06,708125.33
2017-09-07,22.8,22.3,22.8,22.23,495669.12
2017-09-08,22.51,23.11,23.14,22.47,784421.24
2017-09-11,23.13,23.07,23.6,22.81,781792.26
2017-09-12,22.97,22.74,23.13,22.49,582129.96
2017-09-13,22.71,22.73,22.87,22.53,296931.42
2017-09-14,22.73,22.38,22.85,22.28,423659.45
2017-09-15,22.48,22.45,22.77,22.25,348328.14
2017-09-18,22.29,22.74,23.01,22.29,451933.79
2017-09-19,22.8,22.36,22.87,22.33,306081.27
2017-09-20,22.34,22.59,22.67,22.21,323134.63
2017-09-21,22.63,22.77,22.84,22.33,390299.56
2017-09-22,22.9,24.35,24.57,22.9,1265896.96
2017-09-25,24.71,23.93,25.07,23.8,1178396.6
2017-09-26,23.81,24.24,24.24,23.62,557812.88
2017-09-27,24.24,25.55,26.0,24.13,1287737.68
2017-09-28,25.53,25.67,25.94,25.08,812706.2
2017-09-29,25.69,25.8,26.85,25.55,1178050.18
2017-10-09,27.54,27.34,28.38,27.1,2061202.78
2017-10-10,27.08,27.45,27.54,26.49,1113335.17
2017-10-11,27.24,26.34,27.24,26.26,1011683.51
2017-10-12,26.4,26.6,26.94,26.27,690563.85
2017-10-13,26.35,26.9,27.19,26.1,737116.48
2017-10-16,26.84,27.76,28.58,26.74,1138673.7
2017-10-17,27.77,27.77,28.33,27.31,633315.39
2017-10-18,27.59,27.93,28.24,27.45,576650.41
2017-10-19,27.06,25.88,27.31,25.55,1537420.41
2017-10-20,25.54,26.13,26.25,25.32,735514.2
2017-10-23,25.93,25.98,26.23,25.74,535064.23
2017-10-24,25.88,25.28,25.88,24.79,944520.1
2017-10-25,25.25,25.78,25.8,25.16,524196.67
2017-10-26,26.03,27.35,27.79,26.01,1265956.45
2017-10-27,27.08,27.43,27.55,26.95,689567.29
2017-10-30,27.65,28.72,28.9,27.37,1274930.48
2017-10-31,28.67,29.44,29.87,28.37,1044986.37
2017-11-01,29.45,28.79,29.8,28.72,803292.02
2017-11-02,28.71,29.29,29.31,28.0,731166.97
2017-11-03,29.07,29.86,29.94,29.0,972034.4
2017-11-06,29.82,31.0,31.07,29.46,883335.43
2017-11-07,31.08,30.68,31.27,30.11,769330.73
2017-11-08,30.92,29.92,31.09,29.72,966179.18
2017-11-09,29.86,31.86,31.89,29.56,1080137.22
2017-11-10,31.64,32.15,33.33,31.55,1185031.53
2017-11-13,32.1,33.36,33.94,31.94,1012163.28
2017-11-14,33.35,33.34,33.6,32.83,794591.08
2017-11-15,33.15,32.84,33.92,31.71,1189002.53
2017-11-16,32.66,34.56,34.68,32.0,1180641.31
2017-11-17,34.24,32.87,34.81,32.82,1149904.1
2017-11-20,32.81,35.79,35.79,32.55,1319336.54
2017-11-21,35.56,36.51,37.28,35.29,1523633.69
2017-11-22,36.41,36.61,37.74,35.74,1291216.95
2017-11-23,36.47,35.39,37.2,35.08,1280642.71
2017-11-24,35.2,34.81,36.34,34.45,1114019.32
2017-11-27,34.66,31.33,34.82,31.33,1683879.19
2017-11-28,31.0,32.39,32.43,30.92,1303678.65
2017-11-29,32.0,31.2,32.23,30.13,1320182.97
2017-11-30,30.54,30.16,31.19,29.65,1073624.12
2017-12-01,30.36,30.6,31.17,30.17,978512.51
2017-12-04,30.64,31.84,32.12,30.53,1166012.14
2017-12-05,31.35,31.02,32.07,30.27,1002789.33
2017-12-06,31.06,31.52,31.56,29.95,1000616.2
2017-12-07,31.34,30.87,31.58,30.81,622066.52
2017-12-08,30.69,32.2,32.62,30.62,1090148.47
2017-12-11,32.32,33.98,33.99,32.19,1322111.41
2017-12-12,33.75,33.82,34.36,33.57,948639.47
2017-12-13,33.59,34.74,34.9,33.54,1009666.83
2017-12-14,34.72,34.91,34.98,34.28,770649.89
2017-12-15,34.67,33.74,34.81,33.25,1041993.84
2017-12-18,33.28,31.89,33.87,31.58,1252095.61
2017-12-19,32.19,32.51,32.76,31.96,802285.27
2017-12-20,32.27,32.27,32.91,31.66,807314.81
2017-12-21,32.23,34.51,34.79,32.04,1413652.29
2017-12-22,34.52,34.71,34.8,34.2,1007140.58
2017-12-25,34.56,33.93,34.79,33.48,993572.51
2017-12-26,34.14,33.92,34.15,32.88,930080.2
2017-12-27,33.55,32.99,33.83,32.89,815866.82
2017-12-28,33.05,33.03,33.56,32.46,798084.86
2017-12-29,32.75,33.15,33.44,32.65,556510.8
2018-01-02,33.26,32.58,33.37,31.71,899607.42
2018-01-03,32.49,33.45,34.19,32.39,1391321.02
2018-01-04,33.16,33.65,33.69,32.72,948300.24
2018-01-05,33.46,32.86,33.54,32.71,760473.33
2018-01-08,32.82,32.43,32.84,31.84,1095769.38
2018-01-09,32.43,33.14,33.14,32.2,969156.93
2018-01-10,33.08,32.75,33.08,32.14,777371.23
2018-01-11,32.46,33.21,33.6,32.19,1112692.94
2018-01-12,33.0,32.66,33.08,32.47,646269.68
2018-01-15,32.56,33.2,34.03,31.94,1579330.52
2018-01-16,32.89,35.2,35.23,32.72,2073313.14
2018-01-17,35.47,33.72,35.47,33.37,1959538.09
2018-01-18,33.75,33.34,34.18,33.12,1032230.06
2018-01-19,33.34,33.27,34.06,33.16,797058.48
2018-01-22,33.28,33.22,33.38,32.0,1064079.08
2018-01-23,33.17,33.17,33.85,32.65,901600.39
2018-01-24,32.97,33.78,33.83,32.69,1123582.63
2018-01-25,33.68,32.88,33.68,32.85,795353.84
2018-01-26,32.55,31.91,32.86,31.91,1319820.18
2018-01-29,31.73,28.91,31.73,28.8,2322598.36
2018-01-30,28.47,28.36,29.12,27.97,1031760.6
2018-01-31,28.32,28.38,28.61,27.91,696402.0
2018-02-01,27.35,25.54,27.35,25.54,2050648.59
2018-02-02,26.44,26.28,26.77,25.99,1313932.49
2018-02-05,25.73,26.7,27.3,25.72,872541.97
2018-02-06,25.99,25.94,26.79,25.8,776433.85
2018-02-07,26.62,26.18,26.89,25.74,695313.97
2018-02-08,26.22,27.03,27.24,26.19,858400.76
2018-02-09,26.25,25.94,26.81,25.54,814982.13
2018-02-12,26.43,26.83,27.14,26.09,742885.37
2018-02-13,27.14,27.12,27.58,27.03,763613.33
2018-02-14,27.15,27.81,27.89,27.13,568732.19
2018-02-22,28.0,28.47,28.68,27.58,646542.28
2018-02-23,28.55,28.56,29.31,28.29,734002.29
2018-02-26,29.0,29.68,29.95,28.59,1181345.52
2018-02-27,30.09,29.51,30.18,29.37,909327.03
2018-02-28,29.15,29.4,29.79,28.84,698489.26
2018-03-01,29.11,29.5,29.8,29.04,583772.96
2018-03-02,29.2,28.74,29.63,28.72,594218.2
2018-03-05,29.0,29.31,29.52,28.89,492015.12
2018-03-06,29.45,30.36,30.71,29.45,1146695.05
2018-03-07,30.18,29.79,30.19,29.79,532887.69
2018-03-08,29.79,29.8,30.07,29.45,411377.56
2018-03-09,29.82,30.65,30.67,29.82,930709.14
2018-03-12,30.89,30.99,31.21,30.46,841626.14
2018-03-13,30.99,30.23,31.0,30.22,539480.61
2018-03-14,30.09,29.83,30.16,29.63,424090.33
2018-03-15,29.82,29.92,30.34,29.3,513498.29
2018-03-16,29.93,29.19,30.04,29.18,542377.03
2018-03-19,29.07,28.94,29.48,28.57,465493.55
2018-03-20,28.72,29.22,29.31,28.56,368440.43
2018-03-21,29.31,28.86,29.77,28.78,494711.28
2018-03-22,28.83,28.59,29.15,28.54,366068.67
2018-03-23,26.81,26.45,27.7,25.9,1083263.95
2018-03-26,25.9,26.89,27.06,25.8,691531.18
2018-03-27,27.4,27.75,27.95,27.4,633357.81
2018-03-28,27.24,27.01,27.61,27.0,399314.36
2018-03-29,27.3,27.21,27.46,26.21,490909.66
2018-03-30,27.26,27.49,27.76,27.11,469577.39
2018-04-02,27.7,28.1,28.54,27.5,670783.64
2018-04-03,27.54,27.44,27.69,27.14,481814.13
2018-04-04,27.54,27.34,27.81,27.19,402808.43
2018-04-09,26.99,27.32,27.63,26.53,397470.26
2018-04-10,27.34,27.99,28.07,27.11,536893.79
2018-04-11,28.13,28.85,29.05,28.12,716727.08
2018-04-12,28.72,28.45,29.12,28.42,383553.05
2018-04-13,28.8,28.45,29.0,28.32,236027.94
2018-04-16,28.45,28.55,28.68,27.73,376665.38
2018-06-13,25.69,25.69,25.69,25.69,14456.0
2018-06-14,23.12,23.12,23.12,23.12,4208.0
2018-06-15,20.81,20.81,20.81,20.81,8547.0
2018-06-19,18.73,18.73,18.73,18.73,9073.0
2018-06-20,16.86,16.86,16.86,16.86,19877.0
2018-06-21,15.17,15.17,15.17,15.17,34255.0
2018-06-22,13.66,13.66,13.66,13.66,82527.0
2018-06-25,12.29,12.29,12.92,12.29,5507680.2
2018-06-26,11.76,12.11,12.19,11.49,3048262.01
2018-06-27,11.95,11.72,12.16,11.61,2209075.86
2018-06-28,11.67,11.78,12.09,11.63,1948766.5
2018-06-29,11.92,11.88,11.96,11.32,2114445.62
2018-07-02,11.88,11.15,11.88,10.94,2491304.61
2018-07-03,11.08,12.26,12.26,10.96,2936656.13
2018-07-04,12.26,12.58,13.3,11.87,4756268.09
2018-07-05,12.31,11.85,12.56,11.61,2476527.22
2018-07-06,12.0,11.89,12.29,11.63,2031206.38
2018-07-09,11.99,11.94,12.03,11.67,1666442.76
2018-07-10,11.87,11.57,11.88,11.36,2068727.68
2018-07-11,11.16,11.03,11.25,10.8,1653742.67
2018-07-12,12.14,12.14,12.14,12.14,350821.09
2018-07-13,13.2,12.86,13.2,12.59,4419432.11
2018-07-16,13.39,14.14,14.14,13.2,2133778.51
2018-07-17,14.94,15.56,15.56,14.84,4217697.17
2018-07-18,16.01,15.07,16.01,14.64,3161499.45
2018-07-19,15.08,15.36,15.45,14.87,2213461.96
2018-07-20,15.34,15.06,15.35,14.89,1700386.05
2018-07-23,14.95,15.15,15.48,14.59,1694419.66
2018-07-24,15.16,15.21,15.3,14.95,1712971.63
2018-07-25,15.22,14.87,15.35,14.82,1519398.15
2018-07-26,14.78,13.99,14.79,13.92,2057577.71
2018-07-27,13.9,14.07,14.45,13.52,1392244.63
2018-07-30,14.0,13.75,14.18,13.6,1068878.6
2018-07-31,13.65,13.31,13.73,13.25,1158591.28
2018-08-01,13.36,13.38,13.74,13.36,1131135.8
2018-08-02,13.22,12.79,13.22,12.44,1407781.79
2018-08-03,12.68,12.17,12.71,12.16,1121559.35
2018-08-06,11.94,12.04,12.18,11.72,970793.74
2018-08-07,12.13,12.49,12.6,11.83,1342545.35
2018-08-08,12.4,11.85,12.4,11.83,1029121.54
2018-08-09,11.96,13.04,13.04,11.9,2167369.51
2018-08-10,13.32,13.22,13.39,12.85,2251141.7
2018-08-13,13.03,14.03,14.28,12.87,2639962.35
2018-08-14,14.11,14.86,15.03,13.88,2636753.15
2018-08-15,14.86,14.24,14.88,14.16,2096033.61
2018-08-16,13.91,14.46,15.12,13.78,2680917.37
2018-08-17,14.73,14.5,14.94,14.47,1782749.86
2018-08-20,14.44,14.89,14.98,13.94,1865353.7
2018-08-21,14.73,14.9,15.32,14.6,1996241.51
2018-08-22,14.71,14.62,15.1,14.59,1211492.94
2018-08-23,14.68,15.85,16.08,14.56,3280145.76
2018-08-24,15.68,15.63,15.93,15.36,2010540.79
2018-08-27,15.73,16.78,17.0,15.59,2455107.78
2018-08-28,16.62,17.28,17.82,16.57,2763448.88
2018-08-29,17.42,17.73,17.73,17.06,2084315.82
2018-08-30,17.76,17.28,17.91,17.07,2054113.17
2018-08-31,17.3,17.41,17.84,17.18,2107785.66
2018-09-03,17.32,16.55,17.32,15.87,2500720.07
2018-09-04,16.38,16.91,17.13,16.35,1936614.43
2018-09-05,16.7,17.15,17.76,16.48,2326532.12
2018-09-06,17.05,17.04,17.48,16.78,1650107.99
2018-09-07,17.23,16.49,17.24,16.22,1753971.23
2018-09-10,16.41,15.56,16.46,15.41,1847917.39
2018-09-11,15.64,15.91,16.06,15.56,1274231.54
2018-09-12,15.85,15.74,16.09,15.59,928482.11
2018-09-13,16.32,16.91,17.0,16.08,2368479.44
2018-09-14,16.9,16.74,17.01,16.58,1481760.93
2018-09-17,16.41,16.72,17.03,16.25,1255255.61
2018-09-18,16.6,16.81,16.87,15.87,1755402.55
2018-09-19,16.59,16.58,16.83,16.28,1445491.55
2018-09-20,16.58,16.68,17.21,16.4,1545133.79
2018-09-21,16.61,16.95,17.14,16.37,1571922.37
2018-09-25,16.87,17.08,17.08,16.55,1025196.83
2018-09-26,17.01,17.25,17.41,17.01,1526745.86
2018-09-27,17.13,16.76,17.39,16.73,1333183.26
2018-09-28,16.9,16.69,16.94,16.43,859443.33
2018-10-08,15.23,15.33,15.85,15.22,1557673.04
2018-10-09,15.35,15.32,15.57,15.04,887303.11
2018-10-10,15.34,15.36,15.62,15.21,629573.14
2018-10-11,14.66,13.83,14.66,13.83,1297972.49
2018-10-12,13.68,14.22,14.45,13.22,1377086.22
2018-10-15,14.2,14.56,15.15,14.13,1190215.27
2018-10-16,14.61,14.32,14.68,14.21,704824.01
2018-10-17,14.68,14.75,14.85,14.36,1102614.97
2018-10-18,14.59,14.32,14.63,14.21,708106.13
2018-10-19,13.99,15.11,15.5,13.9,1486147.65
2018-10-22,15.41,16.22,16.56,15.32,1863799.7
2018-10-23,16.23,15.81,16.29,15.53,1285459.11
2018-10-24,15.65,15.77,16.11,15.65,868575.09
2018-10-25,15.15,15.9,15.94,15.05,961229.16
2018-10-26,16.08,15.73,16.37,15.45,1069669.02
2018-10-29,15.73,15.91,16.25,15.49,1148787.12
2018-10-30,15.77,15.4,15.93,14.38,1307845.23
2018-10-31,15.32,15.44,15.76,14.98,1036652.94
2018-11-01,15.68,15.68,16.15,15.48,1378651.72
2018-11-02,16.87,16.72,17.14,16.27,2347674.42
2018-11-05,16.47,16.62,16.93,16.32,1284426.74
2018-11-06,16.53,17.35,17.49,16.37,1517765.65
2018-11-07,17.28,17.86,18.86,17.14,2507227.65
2018-11-08,18.01,17.69,18.46,17.43,1848050.42
2018-11-09,17.49,18.12,18.55,17.37,1597735.38
2018-11-12,17.95,18.42,18.66,17.95,1607889.86
2018-11-13,18.16,18.51,18.92,18.16,1573358.34
2018-11-14,18.43,18.12,18.77,18.06,1293922.58
2018-11-15,18.19,18.42,18.65,17.95,1413616.09
2018-11-16,18.51,19.87,19.95,18.4,2260769.36
2018-11-19,19.61,19.81,19.92,19.38,1362545.71
2018-11-20,19.51,18.7,19.65,18.42,1739148.36
2018-11-21,18.24,18.97,19.05,18.1,1145472.14
2018-11-22,18.9,18.66,19.22,18.41,866099.01
2018-11-23,18.56,18.03,18.76,17.93,1094974.63
2018-11-26,17.92,18.63,18.76,17.91,1059623.01
2018-11-27,18.84,19.14,19.23,18.64,1232057.26
2018-11-28,19.02,18.75,19.38,18.62,1225496.02
2018-11-29,18.78,17.77,18.99,17.61,2207829.19
2018-11-30,17.65,18.12,18.28,17.28,1282660.08
2018-12-03,19.4,19.55,19.74,18.97,2347594.23
2018-12-04,19.5,19.39,19.63,19.11,1244926.77
2018-12-05,18.94,19.23,19.35,18.88,968131.9
2018-12-06,18.13,18.14,18.5,17.78,2075563.61
2018-12-07,18.29,18.23,18.56,18.15,991094.12
2018-12-10,17.87,18.27,18.51,17.83,893859.43
2018-12-11,18.33,18.55,18.66,18.32,937520.17
2018-12-12,18.61,18.24,18.73,18.14,803589.53
2018-12-13,18.25,18.42,18.58,18.04,883211.27
2018-12-14,18.25,17.92,18.32,17.87,787880.01
2018-12-17,17.92,17.55,17.97,17.17,975954.31
2018-12-18,17.33,17.42,17.68,17.24,624146.85
2018-12-19,17.51,17.34,17.64,17.24,556885.27
2018-12-20,17.32,17.65,17.65,17.2,695235.22
2018-12-21,17.53,17.54,17.81,17.36,640819.04
2018-12-24,17.65,18.47,18.47,17.52,1457014.9
2018-12-25,18.21,18.56,18.83,17.96,1354727.7
2018-12-26,18.44,18.11,18.54,17.98,832376.18
2018-12-27,18.44,18.14,18.66,18.14,817252.68
2018-12-28,17.99,17.86,18.12,17.33,738372.64
2019-01-02,17.87,17.83,18.29,17.69,649682.72
2019-01-03,17.86,17.12,17.87,17.07,948600.12
2019-01-04,16.88,17.51,17.57,16.63,771891.45
2019-01-07,17.73,18.25,18.37,17.51,1248492.76
2019-01-08,18.16,18.14,18.47,17.99,830617.2
2019-01-09,18.19,18.16,18.56,18.04,984072.44
2019-01-10,18.14,18.3,18.56,18.04,849049.64
2019-01-11,18.5,18.7,19.39,18.5,1518342.99
2019-01-14,18.42,18.32,18.66,18.14,762049.61
2019-01-15,18.3,18.78,18.97,18.14,975654.98
2019-01-16,18.74,18.52,18.79,18.44,615087.09
2019-01-17,18.45,18.25,18.67,18.14,643691.44
2019-01-18,18.1,18.22,18.31,17.94,708480.56
2019-01-21,18.29,19.18,19.29,18.25,1855824.42
2019-01-22,19.15,18.64,19.23,18.45,1081594.91
2019-01-23,18.56,18.65,18.87,18.31,594125.82
2019-01-24,18.69,18.57,18.89,18.35,665691.35
2019-01-25,18.6,18.53,18.85,18.42,508649.61
2019-01-28,18.56,18.45,18.74,18.35,484500.74
2019-01-29,18.33,18.22,18.42,17.96,569530.24
2019-01-30,18.22,17.97,18.36,17.94,429831.02
2019-01-31,18.02,18.34,18.58,18.02,723098.9
2019-02-01,18.44,18.61,18.72,18.14,705106.37
2019-02-11,18.42,19.03,19.14,18.38,912809.7
2019-02-12,19.08,19.2,19.27,18.78,837727.98
2019-02-13,19.25,20.93,21.13,19.1,2412237.75
2019-02-14,20.7,20.83,21.08,20.56,1311908.4
2019-02-15,20.74,20.97,21.61,20.56,1372753.9
2019-02-18,21.38,22.01,22.02,21.2,1493215.72
2019-02-19,22.3,21.94,22.69,21.54,1341400.03
2019-02-20,21.95,21.88,22.11,21.35,994730.05
2019-02-21,21.85,23.08,23.98,21.75,1821326.52
2019-02-22,23.25,25.38,25.38,23.09,2098379.85
2019-02-25,27.9,27.64,27.9,26.53,3190504.39
2019-02-26,27.52,27.26,29.89,26.08,3239619.47
2019-02-27,26.79,26.85,28.12,26.37,1972814.11
2019-02-28,26.87,27.17,27.55,26.55,1421570.68
2019-03-01,27.38,27.11,27.49,26.26,1235940.69
2019-03-04,27.45,27.64,28.77,27.26,2159491.22
2019-03-05,27.55,28.86,28.9,27.03,1906566.5
2019-03-06,29.57,28.54,29.97,27.86,2140882.01
2019-03-07,27.96,27.72,28.38,27.35,1688287.7
2019-03-08,26.53,26.63,28.27,26.33,1739426.66
2019-03-11,27.17,27.72,27.81,26.72,1370705.11
2019-03-12,27.96,28.35,28.36,27.64,1727617.25
2019-03-13,27.21,26.15,27.49,25.85,2286629.9
2019-03-14,25.99,25.76,26.04,25.07,1242688.97
2019-03-15,26.03,25.88,26.29,25.75,766498.89
2019-03-18,25.88,26.62,26.63,25.32,930481.59
2019-03-19,26.44,26.47,27.01,26.3,798103.77
2019-03-20,26.37,26.42,26.85,26.19,642784.11
2019-03-21,26.6,26.35,26.71,26.33,699078.15
2019-03-22,26.26,25.73,26.3,25.26,1036826.59
2019-03-25,25.08,25.83,26.23,24.98,894689.66
2019-03-26,25.94,24.74,26.06,24.66,832679.26
2019-03-27,24.94,24.32,25.19,23.89,876586.64
2019-03-28,25.8,26.75,26.75,25.45,2530819.06
2019-03-29,25.99,26.62,26.75,25.22,2355035.39
2019-04-01,27.08,27.35,27.86,27.08,1828261.53
2019-04-02,27.36,27.26,27.72,26.89,1280241.76
2019-04-03,27.18,27.22,27.32,26.74,875200.1
2019-04-04,27.51,27.34,27.63,26.9,871282.13
2019-04-08,27.4,26.66,27.58,26.53,855990.96
2019-04-09,26.66,27.54,28.08,26.62,1354219.68
2019-04-10,27.49,28.72,29.41,27.17,1804568.2
2019-04-11,28.27,27.71,28.49,27.45,1072725.6
2019-04-12,27.54,27.59,28.27,27.45,570955.16
2019-04-15,28.1,27.81,29.17,27.67,1048541.83
2019-04-16,27.64,30.59,30.59,27.45,2304204.37
2019-04-17,31.0,31.07,31.69,30.07,2310984.33
2019-04-18,30.55,31.08,32.48,30.36,1792256.82
2019-04-19,30.96,33.27,33.65,30.64,1904800.98
2019-04-22,33.28,33.52,35.1,32.51,2235859.84
2019-04-23,33.11,32.4,33.88,32.1,1601327.02
2019-04-24,32.32,31.93,32.64,30.98,1653636.7
2019-04-25,31.87,30.68,32.24,30.59,1387543.0
2019-04-26,30.1,31.16,31.91,30.1,1251393.98
2019-04-29,31.18,30.86,31.41,30.08,1164960.79
2019-04-30,29.27,29.31,29.58,27.81,1714840.73
2019-05-06,26.72,26.39,27.98,26.39,1507203.72
2019-05-07,26.62,26.45,27.08,24.99,1511928.33
2019-05-08,25.45,26.34,27.14,25.35,1201768.42
2019-05-09,26.02,25.8,26.77,25.69,878925.18
2019-05-10,26.58,28.16,28.27,25.53,1846948.04
2019-05-13,27.37,27.55,28.07,27.22,1078269.28
2019-05-14,27.08,27.31,27.98,27.0,1045375.82
2019-05-15,27.88,27.82,28.01,27.43,1100000.29
2019-05-16,27.35,27.01,27.47,26.44,1285610.09
2019-05-17,26.9,25.99,27.55,25.53,1293069.65
2019-05-20,25.95,25.44,26.1,24.16,1312073.54
2019-05-21,25.53,26.62,27.2,25.21,1530663.66
2019-05-22,26.65,26.88,27.86,26.33,1470854.02
2019-05-23,26.61,25.75,26.61,25.65,1018689.4
2019-05-24,25.58,25.76,26.06,25.53,574920.06
2019-05-27,25.78,26.71,26.98,25.55,1118500.48
2019-05-28,26.9,26.72,26.96,26.4,786025.73
2019-05-29,26.35,26.59,26.97,26.27,619180.74
2019-05-30,26.35,25.88,26.41,25.48,859556.53
2019-05-31,25.9,26.22,26.58,25.79,746412.99
2019-06-03,26.72,27.62,28.44,26.41,1894903.11
2019-06-04,27.99,27.81,28.73,27.4,1701285.88
2019-06-05,28.4,29.26,29.45,27.96,1862005.49
2019-06-06,28.78,27.15,28.78,26.71,1861741.11
2019-06-10,27.15,28.28,28.52,27.15,1383037.81
2019-06-11,28.27,28.83,29.14,27.67,1720584.41
2019-06-12,28.27,28.69,29.27,28.27,1231723.31
2019-06-13,28.58,28.47,29.07,28.27,789016.94
2019-06-14,28.47,27.61,28.7,27.43,1008294.53
2019-06-17,27.61,27.28,27.68,27.0,609678.91
2019-06-18,27.31,27.35,27.56,26.93,520406.28
2019-06-19,28.72,28.24,29.0,28.17,1561323.12
2019-06-20,28.08,29.15,29.32,27.81,1768050.05
2019-06-21,29.18,29.11,29.47,28.83,1362642.28
2019-06-24,28.88,28.54,28.99,28.2,1053413.11
2019-06-25,28.48,28.79,29.02,27.81,1163128.59
2019-06-26,28.54,28.7,29.09,28.31,738982.29
2019-06-27,29.09,29.92,30.54,29.06,1887996.6
2019-06-28,29.84,29.66,29.87,29.3,913521.73
2019-07-01,31.48,30.91,31.48,30.56,1499823.19
2019-07-02,30.91,31.07,31.29,30.64,1042217.71
2019-07-03,30.85,30.27,31.07,30.12,882543.26
2019-07-04,30.27,30.31,30.75,30.01,641363.91
2019-07-05,30.35,30.34,30.59,30.22,503998.6
2019-07-08,30.29,29.41,30.29,29.3,744052.42
2019-07-09,29.54,29.34,29.81,28.61,690491.62
2019-07-10,29.52,29.58,29.63,28.98,513064.15
2019-07-11,29.72,29.23,29.82,29.21,508563.99
2019-07-12,29.35,29.36,29.51,28.98,469765.89
2019-07-15,29.2,29.97,30.34,28.93,773611.43
2019-07-16,29.89,30.03,30.34,29.79,613542.79
2019-07-17,30.01,29.64,30.08,29.58,527001.21
2019-07-18,29.36,28.59,29.38,28.59,785884.84
2019-07-19,28.51,28.47,28.95,28.27,643885.29
2019-07-22,28.46,28.52,28.96,27.73,637326.55
2019-07-23,28.43,28.79,28.88,28.37,443102.47
2019-07-24,29.05,29.82,30.13,28.92,1193079.87
2019-07-25,29.95,30.23,30.51,29.78,971264.35
2019-07-26,30.18,30.45,30.68,30.03,790246.03
2019-07-29,30.54,30.4,31.01,30.25,735040.28
2019-07-30,30.46,30.39,30.91,30.21,656741.6
2019-07-31,30.36,30.02,30.49,29.99,601307.0
2019-08-01,29.89,29.84,30.17,29.75,445680.68
2019-08-02,28.82,28.63,29.1,28.1,1025096.2
2019-08-05,28.62,28.38,29.11,28.17,754862.48
2019-08-06,27.71,27.81,28.07,26.96,992693.36
2019-08-07,27.98,27.51,28.24,27.45,605187.25
2019-08-08,27.61,27.57,27.8,27.37,516865.64
2019-08-09,27.65,25.44,27.84,24.82,2264589.91
2019-08-12,25.41,26.21,26.21,24.98,1078932.51
2019-08-13,25.89,25.82,26.35,25.57,656572.18
2019-08-14,26.87,26.14,26.9,26.05,884797.07
2019-08-15,24.83,25.87,26.11,24.62,1136978.32
2019-08-16,25.62,25.69,26.13,25.54,828507.8
2019-08-19,26.51,27.32,27.47,26.1,1667979.02
2019-08-20,27.39,27.22,27.69,27.08,979000.42
2019-08-21,27.08,27.47,27.53,26.81,741942.52
2019-08-22,27.47,27.07,27.47,26.87,679668.7
2019-08-23,27.07,26.66,27.08,26.54,619114.61
2019-08-26,25.48,26.31,26.36,25.35,625800.64
2019-08-27,26.49,27.09,27.11,26.49,803307.58
2019-08-28,27.82,27.16,28.06,27.13,942853.65
2019-08-29,27.17,26.61,27.17,26.53,695374.9
2019-08-30,26.86,26.27,26.97,26.16,651852.28
2019-09-02,26.31,26.77,26.88,26.31,689780.21
2019-09-03,26.8,27.2,27.33,26.51,923764.25
2019-09-04,27.13,26.99,27.22,26.7,721448.66
2019-09-05,27.09,27.95,28.47,27.09,1702961.8
2019-09-06,29.0,30.54,30.75,29.0,3189113.39
2019-09-09,30.55,33.59,33.59,30.34,2750240.46
2019-09-10,34.28,33.67,34.35,32.48,2624261.69
2019-09-11,33.47,32.33,33.9,32.1,1681815.83
2019-09-12,32.67,32.59,32.72,32.05,1060323.87
2019-09-16,32.72,32.18,32.72,31.73,1086339.27
2019-09-17,32.1,31.37,32.1,30.96,1189551.31
2019-09-18,31.51,31.02,31.58,31.0,981944.79
2019-09-19,31.16,31.91,32.07,30.91,1017881.3
2019-09-20,31.82,31.37,31.88,31.11,906914.61
2019-09-23,30.99,30.72,30.99,30.1,893052.47
2019-09-24,30.74,31.48,32.0,30.66,1197018.1
2019-09-25,31.09,30.89,31.39,30.57,663828.92
2019-09-26,31.06,29.73,31.13,29.41,948270.43
2019-09-27,29.64,30.27,30.44,29.64,581602.38
2019-09-30,30.08,29.19,30.08,29.19,584756.35
2019-10-08,29.61,29.0,29.72,28.93,483615.2
2019-10-09,28.72,29.31,29.36,28.27,512971.91
2019-10-10,29.36,29.97,30.27,29.11,896483.57
2019-10-11,30.2,30.0,30.31,29.5,655648.51
2019-10-14,30.59,30.05,30.91,29.82,988588.13
2019-10-15,30.08,29.22,30.11,29.2,571954.02
2019-10-16,29.38,29.19,29.72,29.14,478725.49
2019-10-17,29.18,29.32,29.44,28.96,401950.76
2019-10-18,29.31,29.66,30.26,29.2,852968.2
2019-10-21,29.6,29.16,29.6,28.79,518818.16
2019-10-22,29.27,29.32,29.49,28.9,442238.23
2019-10-23,29.26,29.47,29.93,29.09,629258.02
2019-10-24,29.27,29.36,29.72,29.1,358485.5
2019-10-25,29.36,30.41,30.41,29.21,881362.51
2019-10-28,30.84,30.67,30.96,29.99,887535.6
2019-10-29,30.09,30.76,31.69,29.95,1266193.46
2019-10-30,30.38,30.3,31.23,29.96,731872.68
2019-10-31,30.39,30.45,30.99,30.08,658135.85
2019-11-01,30.24,31.0,31.27,30.12,844422.29
2019-11-04,31.17,31.44,32.08,31.05,980450.96
2019-11-05,31.37,31.22,31.66,31.07,702190.59
2019-11-06,31.13,30.29,31.34,30.16,803382.19
2019-11-07,30.24,30.39,30.56,30.07,426004.33
2019-11-08,30.7,29.95,30.76,29.85,638968.27
2019-11-11,29.62,29.51,29.87,29.36,486465.75
2019-11-12,29.37,29.62,29.65,29.09,457153.44
2019-11-13,29.54,29.69,29.86,29.27,368255.81
2019-11-14,29.69,29.88,29.96,29.56,446689.33
2019-11-15,29.77,28.58,29.77,28.54,1068819.11
2019-11-18,28.49,28.59,28.82,28.17,452153.77
2019-11-19,28.59,29.08,29.15,28.28,661975.62
2019-11-20,29.09,28.59,29.09,28.49,448091.93
2019-11-21,28.43,28.35,28.59,28.2,469628.67
2019-11-22,28.36,27.99,28.84,27.76,647142.62
2019-11-25,27.62,27.73,27.76,26.41,652973.36
2019-11-26,27.73,27.72,28.04,27.47,395474.06
2019-11-27,27.72,27.77,27.94,27.4,426222.96
2019-11-28,27.67,27.95,27.99,27.64,369994.31
2019-11-29,27.9,28.0,28.0,27.49,378412.88
2019-12-02,27.97,27.87,28.07,27.74,326767.78
2019-12-03,27.73,27.96,28.01,27.55,339699.01
2019-12-04,27.64,28.43,28.54,27.64,596214.44
2019-12-05,28.44,29.13,29.31,28.3,852151.86
2019-12-06,29.13,29.1,29.27,28.68,481762.82
2019-12-09,29.09,28.81,29.12,28.72,440104.43
2019-12-10,28.79,29.25,29.45,28.58,636150.2
2019-12-11,29.16,29.04,29.51,28.86,392000.02
2019-12-12,29.04,29.95,30.19,28.87,1209468.76
2019-12-13,30.37,30.27,30.58,29.73,1051398.98
2019-12-16,30.45,30.59,30.73,29.99,887071.47
2019-12-17,30.65,30.63,30.96,30.27,931645.51
2019-12-18,30.6,31.23,32.09,30.46,1312638.46
2019-12-19,31.02,31.45,31.73,30.83,884620.27
2019-12-20,31.18,30.43,31.47,30.4,901540.46
2019-12-23,30.18,29.41,30.19,29.37,731934.52
2019-12-24,29.55,30.2,30.31,29.36,670343.39
2019-12-25,30.03,30.77,31.19,29.93,824519.23
2019-12-26,30.8,30.91,31.05,30.5,456105.28
2019-12-27,31.01,30.67,31.26,30.55,639170.54
2019-12-30,30.44,31.32,31.58,30.28,861985.43
2019-12-31,31.55,32.27,33.08,31.38,1351542.82
2020-01-02,32.52,32.33,32.64,32.03,1014254.88
2020-01-03,33.46,33.33,34.43,33.01,1790841.29
2020-01-06,32.87,33.47,33.89,32.74,1138537.56
2020-01-07,33.47,33.37,33.65,32.89,823031.54
2020-01-08,33.13,32.56,33.63,32.52,820530.43
2020-01-09,33.12,33.76,34.07,33.12,973297.03
2020-01-10,33.97,34.07,35.0,33.76,1012875.1
2020-01-13,34.36,34.61,34.61,33.9,805883.54
2020-01-14,34.55,33.47,34.56,33.41,1115816.15
2020-01-15,33.28,33.67,33.81,32.93,780882.59
2020-01-16,34.04,34.11,35.02,34.0,1032443.59
2020-01-17,34.4,35.42,35.88,34.4,1321881.78
2020-01-20,35.29,36.53,36.57,35.02,1074075.15
2020-01-21,36.02,35.21,36.53,35.17,942715.7
2020-01-22,35.0,37.07,37.49,34.92,1090415.73
2020-01-23,36.43,35.72,36.93,34.92,1115977.08
2020-02-03,32.14,32.74,33.93,32.14,1802123.66
2020-02-04,33.3,34.99,35.25,33.3,1348124.84
2020-02-05,35.29,34.83,35.79,34.34,1254895.48
2020-02-06,34.56,35.76,36.1,34.25,1076155.05
2020-02-07,35.45,35.5,35.85,34.57,963201.82
2020-02-10,35.15,36.58,37.15,34.93,1028561.36
2020-02-11,36.74,36.48,37.29,36.11,728437.58
2020-02-12,36.25,36.6,36.75,35.91,813833.47
2020-02-13,36.21,36.21,36.98,35.64,921121.39
2020-02-14,36.06,35.99,36.63,35.62,859952.75
2020-02-17,36.66,39.32,39.58,36.18,1813868.39
2020-02-18,39.07,39.69,39.69,38.4,1286440.5
2020-02-19,39.66,39.83,41.99,39.51,1327126.86
2020-02-20,40.23,40.66,41.12,39.87,1088150.25
2020-02-21,41.03,41.54,42.45,40.44,1191125.64
2020-02-24,43.04,45.69,45.69,43.04,1398446.18
2020-02-25,46.23,50.25,50.25,44.74,2768553.33
2020-02-26,48.78,46.46,49.18,46.05,2068191.48
2020-02-27,46.64,46.94,48.0,44.85,1588425.68
2020-02-28,44.13,45.59,46.5,44.13,1536741.47
2020-03-02,47.42,49.79,50.15,46.05,2273847.95
2020-03-03,51.7,48.27,51.7,47.87,2439030.8
2020-03-04,47.4,46.83,48.31,44.77,1800910.0
2020-03-05,48.78,47.33,48.93,46.85,1630876.49
2020-03-06,46.07,46.38,46.78,45.61,965455.33
2020-03-09,45.59,46.51,48.68,45.32,1563081.42
2020-03-10,46.05,49.39,49.5,44.66,2171684.79
2020-03-11,49.42,47.85,51.33,47.78,1739020.36
2020-03-12,46.62,46.89,47.47,45.6,1250095.25
2020-03-13,44.95,46.31,47.33,44.68,1297493.78
2020-03-16,43.19,41.68,44.41,41.68,3087663.43
2020-03-17,41.59,37.89,41.59,37.51,3072235.65
2020-03-18,38.21,35.65,38.62,35.38,2542152.91
2020-03-19,35.24,38.07,39.04,34.42,2752128.3
2020-03-20,38.32,38.19,38.57,36.66,1739660.86
2020-03-23,36.48,37.23,38.55,36.2,1246403.04
2020-03-24,38.23,38.8,38.83,36.6,1576307.64
2020-03-25,40.01,40.9,41.17,39.67,1862665.4
2020-03-26,40.13,39.3,40.36,39.12,1151427.23
2020-03-27,40.11,39.57,40.47,39.4,907858.7
2020-03-30,38.72,38.97,39.54,37.26,1115887.7
2020-03-31,39.67,39.03,40.49,38.37,1180657.6
2020-04-01,38.3,37.82,39.61,37.73,1214341.31
2020-04-02,37.85,38.94,39.21,37.75,1237418.43
2020-04-03,38.12,37.36,38.24,37.25,1478452.12
2020-04-07,38.12,38.02,38.27,37.57,1247163.06
2020-04-08,37.66,37.5,38.38,37.29,1138414.98
2020-04-09,37.78,37.5,38.27,37.45,870989.74
2020-04-10,37.07,35.83,37.2,35.59,1315759.5
2020-04-13,35.38,35.11,35.63,34.71,704261.21
2020-04-14,35.3,36.05,36.05,35.3,814615.65
2020-04-15,36.29,36.01,36.84,35.74,887961.57
2020-04-16,35.65,35.74,35.95,35.29,592104.1
2020-04-17,36.38,36.47,37.29,36.31,1228039.27
2020-04-20,36.62,37.11,37.76,36.61,884399.48
2020-04-21,36.78,36.82,37.05,36.38,664597.25
2020-04-22,36.5,37.02,37.02,36.38,480706.94
2020-04-23,37.39,36.45,37.47,36.39,548114.72
2020-04-24,36.45,35.43,36.75,35.06,880123.52
2020-04-27,36.02,35.43,36.1,35.37,581637.2
2020-04-28,35.23,35.71,35.75,34.19,823660.72
2020-04-29,35.46,35.33,35.65,35.25,506235.47
2020-04-30,35.7,37.47,37.92,35.68,1538846.25
2020-05-06,36.93,38.23,38.29,36.79,1135423.22
2020-05-07,39.58,38.49,40.74,38.47,1501443.86
2020-05-08,38.93,38.74,39.19,38.39,904653.83
2020-05-11,38.98,39.25,39.48,38.72,813826.17
2020-05-12,39.11,38.5,39.12,37.82,772513.51
2020-05-13,38.02,38.08,38.34,37.83,533452.25
2020-05-14,37.84,37.09,38.02,37.02,785411.66
2020-05-15,37.27,37.54,37.87,36.84,796786.43
2020-05-18,37.48,36.67,37.71,35.54,849834.93
2020-05-19,37.02,36.87,37.31,36.52,630589.74
2020-05-20,36.75,36.88,37.2,36.35,613085.97
2020-05-21,37.11,35.84,37.16,35.59,844488.0
2020-05-22,35.56,35.0,35.8,34.76,654426.15
2020-05-25,34.65,33.81,34.7,33.54,863729.27
2020-05-26,34.02,34.22,34.32,33.87,592408.6
2020-05-27,34.23,33.74,34.32,33.67,494857.78
2020-05-28,33.74,33.1,33.74,32.28,889703.84
2020-05-29,32.83,32.87,33.25,32.54,602255.79
2020-06-01,33.48,35.15,35.45,33.37,1220963.94
2020-06-02,35.29,35.23,35.54,34.72,794234.24
2020-06-03,35.27,35.29,36.08,34.92,895888.85
2020-06-04,35.47,34.87,35.64,34.83,521316.99
2020-06-05,34.89,34.81,35.03,34.55,439070.09
2020-06-08,35.14,35.49,36.12,35.14,814138.28
2020-06-09,35.51,35.33,35.64,35.12,463860.32
2020-06-10,35.33,35.14,35.33,34.72,475061.54
2020-06-11,35.11,34.91,35.54,34.75,611528.72
2020-06-12,33.85,34.83,35.13,33.77,662498.82
2020-06-15,34.61,34.28,35.06,34.2,609025.33
2020-06-16,35.38,36.61,36.61,35.16,1695319.2
2020-06-17,36.63,36.25,36.63,35.81,939172.59
2020-06-18,36.29,38.64,39.68,35.88,2141499.98
2020-06-19,38.73,39.09,40.3,38.21,1840450.23
2020-06-22,38.02,38.47,38.85,37.84,1538874.2
2020-06-23,37.89,36.32,37.94,36.08,1953508.03
2020-06-24,36.18,36.21,36.84,36.11,797553.29
2020-06-29,36.03,35.74,36.39,35.58,621958.75
2020-06-30,36.11,36.59,37.09,36.11,975998.23
2020-07-01,36.57,36.25,36.98,35.69,993269.33
2020-07-02,35.61,36.93,36.98,35.13,1447193.48
2020-07-03,36.98,38.67,39.11,36.56,1801844.43
2020-07-06,39.07,40.71,41.22,38.81,2001603.28
2020-07-07,41.23,41.35,43.29,40.5,2071848.68
2020-07-08,41.31,41.99,42.09,40.4,1470822.57
2020-07-09,42.56,42.97,43.66,41.77,1627083.54
2020-07-10,42.36,40.98,42.55,40.94,1535426.66
2020-07-13,40.77,42.1,42.1,40.2,1419335.49
2020-07-14,41.95,40.85,41.95,40.24,1212796.58
2020-07-15,40.85,38.95,41.22,38.95,1213687.67
2020-07-16,38.95,36.54,39.47,36.18,1340588.19
2020-07-17,36.55,36.78,37.02,36.03,832898.89
2020-07-20,37.0,37.61,37.71,36.38,840271.46
2020-07-21,37.75,37.37,37.92,37.09,639716.94
2020-07-22,37.4,37.75,38.43,37.06,832841.28
2020-07-23,37.0,36.22,37.24,35.53,1609138.0
2020-07-24,35.84,34.58,36.05,34.33,1135421.86
2020-07-27,34.6,34.91,35.06,34.36,684751.84
2020-07-28,35.19,35.0,35.38,34.71,493857.46
2020-07-29,35.02,36.05,36.09,34.78,776311.13
2020-07-30,36.21,35.48,36.24,35.45,558696.86
2020-07-31,35.47,35.72,36.18,35.42,635016.87
2020-08-03,35.74,36.02,36.08,35.49,1040431.61
2020-08-04,36.07,35.45,36.2,35.21,908018.47
2020-08-05,36.02,35.69,36.11,35.3,810333.93
2020-08-06,35.59,35.3,35.59,34.86,732087.29
2020-08-07,35.38,35.47,36.01,34.91,799900.74
2020-08-10,35.02,34.96,35.2,34.47,610248.9
2020-08-11,34.97,34.68,35.18,34.61,508144.07
2020-08-12,34.68,35.4,35.43,33.91,925879.84
2020-08-13,35.39,35.01,35.39,34.83,464203.99
2020-08-14,34.83,35.17,35.35,34.83,377227.52
2020-08-17,35.75,36.9,37.01,35.52,1401029.04
2020-08-18,36.67,36.44,36.84,36.24,710182.83
2020-08-19,36.39,35.43,36.39,35.34,691525.37
2020-08-20,35.17,35.61,35.61,34.83,386902.09
2020-08-21,35.82,35.64,36.09,35.4,393111.91
2020-08-24,35.63,35.28,35.72,35.2,437010.19
2020-08-25,35.32,35.03,35.47,34.9,404610.71
2020-08-26,35.03,34.87,35.36,34.77,458857.64
2020-08-27,35.01,35.64,35.79,34.81,606875.82
2020-08-28,35.45,35.59,35.64,35.0,490013.32
2020-08-31,36.06,35.75,36.53,35.75,797310.12
2020-09-01,35.57,35.45,35.72,35.19,488588.79
2020-09-02,35.56,35.6,36.07,35.37,504105.2
2020-09-03,35.29,34.52,35.29,34.33,946407.68
2020-09-04,33.93,34.36,34.37,33.84,419762.86
2020-09-07,34.36,33.55,34.5,33.46,532517.49
2020-09-08,33.56,33.21,33.75,32.8,462003.72
2020-09-09,32.73,31.86,32.91,31.72,657164.44
2020-09-10,32.23,30.24,32.3,29.52,979175.61
2020-09-11,30.24,30.89,30.97,29.61,587416.17
2020-09-14,30.96,30.69,31.07,30.52,394292.34
2020-09-15,30.73,30.81,30.96,30.47,287349.38
2020-09-16,30.8,30.83,31.12,30.57,294371.75
2020-09-17,30.62,30.6,31.07,30.25,364512.0
2020-09-18,30.71,30.96,30.98,30.53,442896.25
2020-09-21,31.09,31.81,32.27,31.07,670657.44
2020-09-22,31.53,31.41,31.71,31.25,309734.43
2020-09-23,31.41,31.18,31.61,31.01,246474.06
2020-09-24,30.81,30.41,30.96,30.28,299935.61
2020-09-25,30.41,30.35,30.63,30.27,208711.87
2020-09-28,30.34,29.87,30.45,29.86,217661.71
2020-09-29,30.0,30.17,30.41,29.95,252184.27
2020-09-30,30.16,30.34,30.43,29.97,228997.9
2020-10-09,30.85,30.6,31.11,30.49,390657.13
2020-10-12,31.17,31.95,31.97,31.07,724313.58
2020-10-13,32.36,32.76,33.27,32.22,723773.09
2020-10-14,32.61,32.36,32.76,31.99,451410.72
2020-10-15,32.36,31.86,32.63,31.83,331520.55
2020-10-16,31.97,31.6,32.06,31.27,277833.33
2020-10-19,32.08,31.62,32.45,31.56,294625.0
2020-10-20,31.62,31.94,31.95,31.19,209452.34
2020-10-21,31.95,31.29,31.97,31.21,258410.15
2020-10-22,31.09,30.83,31.12,30.67,223725.16
2020-10-23,30.7,30.64,31.06,30.58,186851.0
2020-10-26,30.48,30.7,30.96,30.25,181651.97
2020-10-27,30.52,30.62,30.76,30.38,144686.11
2020-10-28,30.61,31.62,31.74,30.44,493340.54
2020-10-29,30.43,30.32,30.57,29.81,738881.92
2020-10-30,30.31,29.58,30.53,29.33,544098.03
2020-11-02,29.45,28.54,29.73,27.65,585916.82
2020-11-03,27.98,29.3,29.5,27.98,386029.65
2020-11-04,29.42,29.0,29.54,28.97,275596.54
2020-11-05,29.86,31.9,31.9,29.54,1395268.1
2020-11-06,32.7,32.82,33.81,32.12,2121017.14
2020-11-09,33.87,34.9,35.69,33.37,2173566.15
2020-11-10,34.47,33.51,34.47,33.11,1297932.99
2020-11-11,33.33,32.93,33.91,32.68,876478.68
2020-11-12,33.27,33.09,33.78,32.91,649392.19
2020-11-13,32.52,32.83,32.95,32.08,749585.04
2020-11-16,32.85,32.24,32.94,31.91,568810.6
2020-11-17,32.24,32.54,32.59,31.47,614198.48
2020-11-18,32.32,32.75,33.09,32.05,687495.82
2020-11-19,32.45,33.27,33.91,32.27,848690.25
2020-11-20,33.32,33.2,33.71,32.87,629911.19
2020-11-23,33.27,32.77,33.4,32.45,583998.21
2020-11-24,32.62,33.53,33.72,32.46,818332.71
2020-11-25,33.18,32.58,33.28,32.46,726490.34
2020-11-26,32.58,32.72,33.0,32.39,374896.94
2020-11-27,32.52,32.07,32.68,31.77,557703.52
2020-11-30,31.86,31.84,32.66,31.51,632352.27
2020-12-01,31.82,32.14,32.27,31.73,429000.11
2020-12-02,32.08,32.52,32.94,31.97,590157.36
2020-12-03,32.52,32.14,32.53,31.95,421459.1
2020-12-04,31.94,31.91,32.08,31.73,271519.87
2020-12-07,31.76,30.99,31.95,30.92,565816.1
2020-12-08,30.94,30.98,31.26,30.89,228757.31
2020-12-09,30.99,30.1,31.07,30.07,475452.37
2020-12-10,30.02,30.1,30.4,29.79,315508.65
2020-12-11,30.1,29.49,30.19,29.33,456462.71
2020-12-14,29.51,29.8,29.98,29.33,288614.07
2020-12-15,29.84,30.14,30.57,29.63,329555.92
2020-12-16,30.25,29.79,30.36,29.75,236105.21
2020-12-17,29.79,30.08,30.09,29.35,295373.71
2020-12-18,30.17,30.08,30.53,30.04,306195.99
2020-12-21,29.79,29.68,30.05,29.48,354691.36
2020-12-22,29.54,28.89,29.61,28.79,545995.92
2020-12-23,28.78,29.14,29.3,28.31,511015.25
2020-12-24,29.12,28.57,29.29,28.46,297983.71
2020-12-25,28.55,28.45,28.55,28.16,317973.53
2020-12-28,28.45,28.02,28.48,27.97,314692.54
2020-12-29,28.1,30.83,30.83,28.1,1605073.39
2020-12-30,30.79,30.65,30.79,29.88,1140459.43
2020-12-31,30.64,30.85,31.22,30.08,1051162.23
2021-01-04,30.25,31.47,31.61,29.99,1296473.46
2021-01-05,31.15,31.63,32.2,30.85,1254765.95
2021-01-06,31.9,30.83,31.96,30.54,917743.05
2021-01-07,30.52,29.95,30.53,29.53,921043.24
2021-01-08,29.84,31.07,32.13,29.68,1338192.19
2021-01-11,31.34,32.02,32.13,30.87,1488157.67
2021-01-12,32.17,32.38,32.4,31.5,1333629.14
2021-01-13,32.67,33.66,34.14,32.28,2028073.44
2021-01-14,33.37,32.92,33.8,32.54,1403494.36
2021-01-15,32.93,32.17,32.97,31.84,888856.76
2021-01-18,32.36,33.3,33.62,32.17,1125083.46
2021-01-19,33.39,32.87,34.0,32.65,1019411.51
2021-01-20,32.63,32.88,33.08,32.17,700121.82
2021-01-21,32.87,32.38,32.87,31.81,937432.2
2021-01-22,32.45,31.06,32.45,30.98,1012344.57
2021-01-25,32.05,32.72,33.09,31.58,1466259.85
2021-01-26,32.35,31.19,32.83,31.02,999956.49
2021-01-27,31.22,31.09,31.67,31.06,545173.94
2021-01-28,30.71,29.81,30.71,29.52,822462.04
2021-01-29,30.07,29.51,30.11,29.15,509970.69
2021-02-01,29.31,29.63,29.88,29.07,373256.35
2021-02-02,29.56,29.08,29.58,28.89,532987.77
2021-02-03,28.78,29.28,30.06,28.56,659506.21
2021-02-04,28.78,28.87,29.06,28.02,868949.97
2021-02-05,28.79,28.32,29.0,28.26,496823.1
2021-02-08,28.58,28.34,28.82,27.93,524649.23
2021-02-09,28.29,29.06,29.31,28.17,576528.54
2021-02-10,29.07,29.53,29.74,28.75,592964.44
2021-02-18,30.15,29.75,30.41,29.7,705319.31
2021-02-19,29.67,30.2,30.25,29.29,560512.36
2021-02-22,30.26,29.97,30.56,29.94,695510.49
2021-02-23,29.88,29.65,30.24,29.42,546163.18
2021-02-24,29.66,29.41,30.05,29.16,518428.52
2021-02-25,29.78,29.31,29.84,29.3,408210.2
2021-02-26,28.86,29.11,29.56,28.77,448855.86
2021-03-01,29.11,29.4,29.42,28.81,450167.66
2021-03-02,29.53,29.47,29.94,29.21,555115.08
2021-03-03,29.67,29.64,29.83,29.26,455840.66
2021-03-04,29.64,28.99,29.79,28.78,621624.07
2021-03-05,28.44,29.07,29.25,28.42,376367.55
2021-03-08,29.08,28.96,29.66,28.86,457035.15
2021-03-09,28.82,28.3,28.87,27.94,523652.29
2021-03-10,28.56,28.2,28.67,27.96,434886.54
2021-03-11,28.25,28.78,29.02,28.01,522668.69
2021-03-12,28.83,28.36,28.83,28.15,382249.29
2021-03-15,27.86,25.87,27.86,25.53,1377207.29
2021-03-16,25.94,26.17,26.34,25.48,588667.36
2021-03-17,27.37,27.99,28.14,27.0,1123316.69
2021-03-18,27.87,27.91,28.02,27.59,538671.57
2021-03-19,27.5,27.07,27.68,27.02,467818.08
2021-03-22,27.02,27.19,27.36,26.92,332488.68
2021-03-23,27.32,27.23,27.76,27.18,377260.11
2021-03-24,27.22,26.63,27.23,26.58,341574.04
2021-03-25,26.65,26.47,26.84,26.38,257576.38
2021-03-26,26.77,27.02,27.18,26.72,382675.11
2021-03-29,27.02,26.81,27.16,26.77,284580.54
2021-03-30,26.83,26.88,27.09,26.7,254263.72
2021-04-01,27.46,26.94,27.46,26.89,365511.1
2021-04-02,26.95,27.13,27.36,26.95,296826.33
2021-04-06,27.14,26.95,27.15,26.89,231669.68
2021-04-07,26.89,26.68,26.89,26.45,317477.42
2021-04-08,26.58,26.46,26.7,26.4,268393.33
2021-04-09,26.47,25.95,26.54,25.83,386569.81
2021-04-12,25.98,25.68,26.02,25.68,255906.1
2021-04-13,25.69,25.67,25.89,25.54,240071.1
2021-04-14,25.67,25.74,25.82,25.5,327012.81
2021-04-15,25.68,25.41,25.68,25.37,260864.06
2021-04-16,25.47,26.0,26.09,25.39,377683.98
2021-04-19,25.85,26.51,26.66,25.81,466754.42
2021-04-20,26.44,26.2,26.6,26.18,298678.68
2021-04-21,26.15,25.94,26.15,25.86,209961.11
2021-04-22,25.86,27.07,27.73,25.86,765058.74
2021-04-23,26.89,26.76,27.19,26.71,427198.0
2021-04-26,26.77,26.71,27.34,26.61,454611.84
2021-04-27,26.68,26.7,26.86,26.38,289235.76
2021-04-28,26.67,27.1,27.11,26.5,315947.22
2021-04-29,27.18,26.76,27.47,26.73,459193.82
2021-04-30,26.74,26.54,26.89,26.37,334981.52
2021-05-06,26.45,26.14,26.56,26.11,265684.83
2021-05-07,26.13,25.79,26.36,25.77,281473.2
2021-05-10,25.78,25.97,26.01,25.44,257721.76
2021-05-11,25.78,26.07,26.12,25.77,230959.84
2021-05-12,25.97,26.2,26.27,25.9,240015.37
2021-05-13,26.01,25.83,26.35,25.81,320510.95
2021-05-14,25.99,26.66,26.8,25.76,468446.03
2021-05-17,26.56,26.72,27.04,26.54,410768.28
2021-05-18,26.84,27.0,27.36,26.55,496625.76
2021-05-19,26.94,26.69,26.94,26.58,313078.41
2021-05-20,26.68,26.67,26.96,26.56,298184.47
2021-05-21,26.63,26.32,26.84,26.32,296769.82
2021-05-24,26.3,26.98,27.21,26.01,556416.01
2021-05-25,26.97,27.42,27.57,26.9,737943.44
2021-05-26,27.32,27.28,27.86,27.22,550794.13
2021-05-27,27.34,27.99,28.36,27.33,744326.29
2021-05-28,27.87,28.76,29.2,27.83,1057846.98
2021-05-31,28.76,28.82,29.43,28.5,701045.85
2021-06-01,28.93,28.93,29.31,28.78,577561.94
2021-06-02,28.98,28.18,28.99,28.05,567106.63
2021-06-03,28.24,30.05,30.71,28.24,1629611.79
2021-06-04,30.28,30.25,30.61,29.86,796142.44
2021-06-07,30.34,30.84,31.42,30.34,808817.87
2021-06-08,30.8,30.45,30.89,30.27,546676.18
2021-06-09,30.43,30.19,30.58,29.82,450731.62
2021-06-10,30.32,30.35,30.85,30.19,518682.62
2021-06-11,30.3,29.75,30.35,29.61,511550.42
2021-06-15,30.18,29.56,30.51,29.52,435554.65
2021-06-16,29.77,29.31,29.86,29.05,417813.62
2021-06-17,29.41,30.07,30.12,29.11,578636.44
2021-06-18,29.82,31.3,31.62,29.8,1265834.3
2021-06-21,31.09,30.63,31.58,30.58,702452.79
2021-06-22,30.63,29.98,30.89,29.87,550487.44
2021-06-23,29.99,30.25,30.79,29.8,499630.8
2021-06-24,30.3,29.57,30.49,29.44,529658.38
2021-06-25,29.44,29.64,29.84,29.26,402606.4
2021-06-28,29.75,30.61,30.74,29.75,699538.47
2021-06-29,30.52,29.83,30.52,29.83,457052.14
2021-06-30,29.71,30.46,30.63,29.36,643807.14
2021-07-01,30.55,30.08,31.07,30.07,547848.38
2021-07-02,29.96,29.1,29.96,28.98,541677.58
2021-07-05,29.01,29.42,29.46,28.76,388783.6
2021-07-06,29.33,28.81,29.33,28.32,546452.43
2021-07-07,28.6,28.56,28.77,28.3,442399.73
2021-07-08,28.52,28.44,28.76,28.34,390257.32
2021-07-09,28.42,28.66,28.92,28.19,478291.94
2021-07-12,30.25,31.53,31.53,30.16,989888.64
2021-07-13,32.78,32.62,33.41,31.93,2537100.51
2021-07-14,32.72,33.03,33.87,32.52,1573219.88
2021-07-15,33.04,32.82,33.32,32.4,944846.55
2021-07-16,32.91,32.88,33.44,32.7,980883.07
2021-07-19,32.5,34.78,35.28,32.06,1893794.91
2021-07-20,34.28,34.16,34.65,33.68,1023121.84
2021-07-21,34.1,33.91,34.32,33.42,987107.38
2021-07-22,33.83,34.04,34.6,33.51,940032.87
2021-07-23,34.32,33.34,34.33,33.1,788722.05
2021-07-26,33.0,33.14,33.71,32.07,887553.97
2021-07-27,33.32,33.71,35.56,32.83,1871404.44
2021-07-28,33.59,34.18,34.97,32.11,1491838.1
2021-07-29,34.94,34.42,35.09,33.96,1368689.03
2021-07-30,34.15,35.57,35.87,34.01,1681168.67
2021-08-02,36.48,37.35,37.64,35.85,1783673.19
2021-08-03,37.02,36.48,38.21,36.22,1360792.2
2021-08-04,36.43,37.64,37.88,36.41,1210186.02
2021-08-05,37.31,36.94,37.48,36.57,862331.34
2021-08-06,37.15,36.35,37.18,35.89,863405.03
2021-08-09,36.35,36.41,36.94,35.57,889986.72
2021-08-10,36.3,36.57,36.73,36.07,620771.47
2021-08-11,36.29,33.66,36.29,33.48,2118003.82
2021-08-12,33.16,33.46,34.27,33.04,1035024.88
2021-08-13,33.37,32.54,33.37,32.08,1184059.33
2021-08-16,32.5,32.64,33.08,32.18,608222.32
2021-08-17,32.77,32.09,32.84,31.95,652559.13
2021-08-18,32.09,32.28,32.31,31.76,539207.22
2021-08-19,32.25,33.27,33.3,32.08,910068.23
2021-08-20,33.07,32.61,33.1,32.43,567775.03
2021-08-23,32.58,32.71,32.89,32.14,492204.89
2021-08-24,32.36,32.3,32.66,32.17,569171.64
2021-08-25,32.27,31.49,32.52,31.16,1023741.01
2021-08-26,31.46,31.25,31.71,31.03,562046.84
2021-08-27,31.34,31.73,31.89,31.06,599831.49
2021-08-30,31.99,30.23,32.01,29.9,1333391.46
2021-08-31,30.26,30.6,30.62,29.93,653129.31
2021-09-01,30.6,31.08,31.47,30.12,803637.28
2021-09-02,31.09,30.56,31.15,30.32,564485.82
2021-09-03,30.36,30.64,31.09,30.35,496250.39
2021-09-06,30.6,31.27,31.39,30.44,588714.79
2021-09-07,31.41,31.19,31.43,30.92,518148.23
2021-09-08,31.34,31.93,32.21,31.02,821342.39
2021-09-09,31.8,31.94,32.29,31.59,517012.59
2021-09-10,31.98,32.44,32.66,31.59,749495.61
2021-09-13,32.19,31.5,32.19,31.5,558745.0
2021-09-14,31.43,30.88,31.91,30.72,472874.63
2021-09-15,30.74,31.15,31.5,30.58,380517.85
2021-09-16,31.14,31.27,31.8,30.88,455286.0
2021-09-17,31.27,31.34,31.64,30.79,335641.06
2021-09-22,30.72,31.15,31.44,30.6,293373.58
2021-09-23,31.47,32.29,32.63,31.47,810185.64
2021-09-24,32.09,31.77,32.4,31.7,421764.54
2021-09-27,32.56,31.95,33.07,31.8,604720.34
2021-09-28,31.71,31.52,31.81,30.94,384267.88
2021-09-29,31.25,30.09,31.27,30.05,594506.83
2021-09-30,30.01,30.54,30.67,30.01,271309.94
2021-10-08,31.03,31.21,31.64,30.99,374925.02
2021-10-11,31.51,31.89,32.45,31.14,573710.37
2021-10-12,31.7,31.71,32.45,31.26,493676.42
2021-10-13,31.69,32.16,32.41,31.52,511045.64
2021-10-14,32.27,31.32,32.33,31.26,476244.19
2021-10-15,32.61,31.5,32.7,31.4,563921.54
2021-10-18,31.34,31.12,31.74,30.95,508816.77
2021-10-19,30.93,31.41,31.52,30.93,285211.61
2021-10-20,31.48,31.14,31.61,31.04,344075.14
2021-10-21,31.16,30.8,31.33,30.55,397588.82
2021-10-22,30.78,30.66,30.97,30.58,373273.23
2021-10-25,30.69,31.28,31.39,30.28,396049.3
2021-10-26,31.36,31.48,31.8,30.98,561290.91
2021-10-27,31.39,30.91,31.55,30.88,315434.9
2021-10-28,31.03,30.38,31.2,30.23,408724.17
2021-10-29,30.51,30.07,30.65,30.03,532171.86
2021-11-01,29.5,28.93,29.5,28.02,1124899.34
2021-11-02,28.84,28.72,29.42,28.4,493634.46
2021-11-03,28.74,28.65,28.94,28.44,318717.26
2021-11-04,28.76,29.19,29.2,28.66,399625.72
2021-11-05,29.07,28.85,29.38,28.84,403617.29
2021-11-08,28.68,28.71,28.96,28.58,279430.05
2021-11-09,28.73,29.03,29.22,28.67,293246.8
2021-11-10,28.91,29.27,29.32,28.8,360309.24
2021-11-11,29.13,29.63,29.63,29.12,397744.04
2021-11-12,29.5,29.33,29.7,29.24,337946.46
2021-11-15,29.32,29.07,29.51,28.79,342386.91
2021-11-16,29.31,29.22,29.61,29.13,364996.78
2021-11-17,29.15,29.57,29.64,28.89,426037.49
2021-11-18,29.38,29.33,29.59,29.27,289446.22
2021-11-19,29.22,29.49,29.54,29.05,276696.7
2021-11-22,29.49,29.86,30.26,29.41,395291.03
2021-11-23,29.96,29.88,30.32,29.84,294005.86
2021-11-24,30.12,30.09,30.23,29.68,389904.82
2021-11-25,30.09,29.64,30.21,29.63,308232.6
2021-11-26,29.55,28.78,29.66,28.68,480646.65
2021-11-29,28.44,28.56,28.75,28.28,328019.2
2021-11-30,28.68,28.28,28.79,28.21,421709.55
2021-12-01,28.26,28.48,28.51,28.16,283394.55
2021-12-02,28.38,28.19,28.45,28.11,328297.98
2021-12-03,28.26,28.52,28.57,28.22,266738.41
2021-12-06,28.46,28.39,28.72,28.38,287986.55
2021-12-07,28.56,28.56,28.57,28.26,228472.27
2021-12-08,28.62,28.74,28.78,28.48,301140.55
2021-12-09,28.67,29.43,29.7,28.62,612051.37
2021-12-10,29.29,29.6,29.85,29.22,400505.51
2021-12-13,29.74,30.29,30.87,29.6,720787.33
2021-12-14,30.06,30.19,30.56,30.05,372720.31
2021-12-15,30.21,30.63,31.11,30.2,573671.56
2021-12-16,30.46,30.41,30.57,30.21,360466.13
2021-12-17,30.31,30.1,30.81,29.92,462073.41
2021-12-20,30.05,29.38,30.28,29.35,344045.21
2021-12-21,29.58,29.73,29.85,29.39,259330.3
2021-12-22,29.82,29.89,30.37,29.68,302513.97
2021-12-23,29.91,30.16,30.32,29.59,308012.83
2021-12-24,30.12,29.54,30.28,29.42,324740.37
2021-12-27,29.48,30.54,30.95,29.46,574293.46
2021-12-28,30.66,30.41,30.81,30.2,310456.09
2021-12-29,30.41,30.11,30.54,30.09,226695.71
2021-12-30,30.28,30.4,30.65,30.14,272594.96
2021-12-31,30.53,30.88,31.03,30.45,438690.13
2022-01-04,30.95,30.8,31.01,30.54,290034.38
2022-01-05,30.8,30.37,31.05,30.13,393240.81
2022-01-06,30.14,30.5,30.63,29.97,287422.08
2022-01-07,30.56,30.88,31.49,30.54,513499.18
2022-01-10,31.06,31.87,31.89,30.97,746047.63
2022-01-11,31.75,31.49,32.04,31.43,500706.75
2022-01-12,31.62,31.41,31.74,31.16,304087.45
2022-01-13,31.73,30.83,31.85,30.77,356692.35
2022-01-14,30.52,30.42,30.85,30.35,298426.52
2022-01-17,30.42,31.61,31.96,30.42,598188.5
2022-01-18,31.6,31.62,31.86,31.35,377620.23
2022-01-19,31.43,31.02,31.67,30.85,391665.8
2022-01-20,31.02,31.36,31.64,30.91,515591.32
2022-01-21,31.33,30.37,31.42,30.28,469152.46
2022-01-24,30.14,29.38,30.29,28.9,524638.99
2022-01-25,29.17,28.6,29.52,28.57,304484.89
2022-01-26,28.79,28.68,28.87,28.39,325644.71
2022-01-27,28.57,27.71,28.64,27.66,442288.98
2022-01-28,27.84,27.78,28.2,27.38,342927.5
2022-02-07,28.25,27.19,28.39,26.87,791606.44
2022-02-08,27.19,27.48,27.5,26.97,362731.53
2022-02-09,27.48,28.37,28.44,27.28,525978.84
2022-02-10,28.21,27.95,28.29,27.77,347088.96
2022-02-11,27.66,27.71,28.11,27.39,374262.68
2022-02-14,27.54,27.01,27.54,26.79,424197.9
2022-02-15,26.98,27.06,27.26,26.91,314878.81
2022-02-16,27.38,27.06,27.43,26.94,309132.19
2022-02-17,27.0,26.83,27.01,26.74,304942.62
2022-02-18,26.91,27.09,27.14,26.79,297970.34
2022-02-21,27.37,27.85,28.19,27.36,601052.07
2022-02-22,27.47,27.26,27.63,27.14,373698.15
2022-02-23,27.46,27.71,27.76,27.2,334584.89
2022-02-24,27.49,26.87,27.61,26.62,507898.99
2022-02-25,27.1,26.91,27.25,26.77,330191.13
2022-02-28,26.92,26.79,26.93,26.44,263940.46
2022-03-01,26.79,27.07,27.1,26.74,262943.75
2022-03-02,26.9,26.91,27.0,26.64,218572.69
2022-03-03,26.91,26.76,27.05,26.67,231911.08
2022-03-04,26.59,26.5,26.85,26.38,296274.78
2022-03-07,25.61,24.1,25.61,23.93,1278212.62
2022-03-08,23.92,23.65,24.1,23.04,616591.99
2022-03-09,23.95,23.37,24.01,22.46,535279.64
2022-03-10,23.87,23.41,23.96,23.37,444457.8
2022-03-11,22.9,23.08,23.1,22.03,702700.93
2022-03-14,22.67,22.18,23.14,22.18,475821.91
2022-03-15,22.04,20.79,22.04,20.77,672235.74
2022-03-16,21.41,21.67,21.73,20.46,650031.41
2022-03-17,22.12,21.76,22.25,21.67,619181.41
2022-03-18,21.7,22.12,22.19,21.48,428885.54
2022-03-21,22.27,21.82,22.36,21.66,421002.32
2022-03-22,21.79,21.78,21.99,21.61,299942.99
2022-03-23,23.96,23.96,23.96,23.96,153961.61
2022-03-24,26.27,24.54,26.27,24.34,2227849.89
2022-03-25,24.04,23.38,24.16,23.25,1059379.95
2022-03-28,22.77,22.91,23.49,22.22,701545.45
2022-03-29,22.67,22.18,22.91,22.16,565818.01
2022-03-30,22.25,22.43,22.44,22.18,464884.28
2022-03-31,22.4,22.03,22.4,21.99,444157.59
2022-04-01,21.81,22.06,22.16,21.52,388540.4
2022-04-06,22.03,21.92,22.14,21.77,290822.66
2022-04-07,21.92,21.37,22.02,21.33,342607.59
2022-04-08,21.48,21.18,21.5,20.95,345819.28
2022-04-11,21.02,20.16,21.05,20.04,503493.78
2022-04-12,20.05,20.5,20.54,19.84,346108.5
2022-04-13,20.32,20.28,20.66,20.23,289994.12
2022-04-14,20.42,20.58,20.74,20.38,273567.15
2022-04-15,20.37,20.91,21.07,20.25,384514.81
2022-04-18,20.74,21.36,21.37,20.62,347194.86
2022-04-19,21.25,20.87,21.4,20.76,293730.79
2022-04-20,20.85,20.68,21.09,20.57,227526.49
2022-04-21,20.54,20.08,20.76,19.98,295617.68
2022-04-22,19.85,21.02,21.26,19.72,620910.9
2022-04-25,20.74,20.08,21.09,20.01,485105.75
2022-04-26,20.53,20.7,21.57,20.49,852421.44
2022-04-27,20.6,21.85,22.01,20.58,888373.92
2022-04-28,21.61,21.85,21.91,21.26,552149.65
2022-04-29,21.98,22.24,22.38,21.68,604162.88
2022-05-05,22.12,21.89,22.21,21.75,455284.21
2022-05-06,21.34,21.41,21.72,21.25,295515.4
2022-05-09,21.19,21.35,21.53,21.12,189035.14
2022-05-10,21.29,21.85,21.94,20.9,364257.78
2022-05-11,21.85,21.8,22.38,21.77,523346.49
2022-05-12,21.54,21.81,21.97,21.51,291852.1
2022-05-13,21.9,21.72,22.0,21.53,244817.66
2022-05-16,21.97,21.59,22.11,21.49,269267.7
2022-05-17,21.63,22.19,22.22,21.51,427623.82
2022-05-18,22.28,22.23,22.33,21.97,283638.5
2022-05-19,21.94,22.12,22.19,21.72,286304.58
2022-05-20,22.09,22.21,22.55,22.08,372886.33
2022-05-23,22.08,21.8,22.08,21.69,392781.68
2022-05-24,21.8,20.88,21.85,20.84,411962.01
2022-05-25,20.83,21.04,21.12,20.82,243798.08
2022-05-26,21.09,22.6,22.92,20.91,1043038.95
2022-05-27,22.41,22.5,22.64,22.22,451400.96
2022-05-30,22.62,22.41,22.67,22.24,275257.53
2022-05-31,22.49,22.72,22.78,22.36,426526.87
2022-06-01,22.51,22.46,22.65,22.33,293890.45
2022-06-02,22.33,22.62,22.71,22.28,267668.16
2022-06-06,22.61,23.08,23.12,22.56,509018.97
2022-06-07,23.02,23.02,23.58,22.92,478112.44
2022-06-08,22.94,23.0,23.28,22.72,401467.98
2022-06-09,22.99,22.64,22.99,22.52,302975.17
2022-06-10,22.51,22.85,22.86,22.32,290442.82
2022-06-13,22.68,23.06,23.36,22.62,402444.97
2022-06-14,22.89,23.13,23.21,22.42,424959.23
2022-06-15,23.13,23.9,24.51,23.13,900481.24
2022-06-16,23.9,23.89,24.51,23.72,445998.83
2022-06-17,23.72,24.0,24.05,23.54,348336.44
2022-06-20,24.11,23.83,24.23,23.77,296607.33
2022-06-21,23.86,23.8,24.06,23.55,256808.55
2022-06-22,23.9,23.3,23.93,23.25,311237.08
2022-06-23,23.3,23.49,23.5,23.0,304294.71
2022-06-24,23.51,23.25,23.62,23.06,485995.42
2022-06-27,23.35,23.52,23.81,23.27,390225.97
2022-06-28,23.49,23.81,23.83,22.89,523316.91
2022-06-29,23.72,23.69,24.39,23.61,511773.39
2022-06-30,23.65,23.84,24.23,23.64,360196.1
2022-07-01,23.77,23.59,24.07,23.54,245821.43
2022-07-04,23.59,23.46,23.62,23.22,291177.95
2022-07-05,23.49,23.23,23.6,22.93,347231.73
2022-07-06,23.21,23.04,23.68,22.92,311127.58
2022-07-07,23.05,23.06,23.21,22.88,202319.91
2022-07-08,23.09,23.04,23.31,22.97,207969.39
2022-07-11,22.97,23.02,23.23,22.65,284541.28
2022-07-12,22.92,22.41,22.92,22.37,278678.81
2022-07-13,22.37,22.18,22.47,22.07,256711.28
2022-07-14,22.15,22.07,22.3,21.94,303971.97
2022-07-15,22.08,21.93,22.41,21.9,253806.75
2022-07-18,21.99,22.78,22.88,21.94,377333.26
2022-07-19,22.78,23.37,23.62,22.74,435272.02
2022-07-20,23.44,23.39,23.6,23.3,308029.53
2022-07-21,23.38,23.35,23.91,23.34,309402.05
2022-07-22,23.35,23.35,23.72,23.16,216443.31
2022-07-25,23.37,23.09,23.49,23.0,183997.11
2022-07-26,23.21,22.99,23.27,22.86,196713.04
2022-07-27,23.0,22.92,23.15,22.77,174933.83
2022-07-28,23.03,23.2,23.37,23.0,262304.75
2022-07-29,23.24,22.8,23.36,22.8,227813.59
2022-08-01,22.58,22.41,22.69,22.17,334014.75
2022-08-02,22.22,21.66,22.37,21.36,374512.61
2022-08-03,21.57,21.69,22.2,21.57,287047.78
2022-08-04,21.86,22.01,22.14,21.76,191211.67
2022-08-05,22.06,23.7,23.76,22.02,730593.1
2022-08-08,23.76,23.4,24.14,23.17,454101.77
2022-08-09,23.36,23.49,23.63,23.29,255089.61
2022-08-10,23.36,23.22,23.56,23.11,201616.8
2022-08-11,23.35,23.61,23.66,23.27,286117.13
2022-08-12,23.59,23.4,23.67,23.39,170789.53
2022-08-15,23.3,23.06,23.33,22.99,238998.12
2022-08-16,23.06,22.72,23.07,22.58,252691.49
2022-08-17,22.71,23.27,23.35,22.51,330518.68
2022-08-18,23.16,23.06,23.28,22.93,173437.08
2022-08-19,23.03,23.05,23.5,23.01,280821.02
2022-08-22,22.99,23.21,23.44,22.72,220751.0
2022-08-23,23.16,22.92,23.21,22.9,169460.21
2022-08-24,22.89,22.33,23.07,22.33,287464.93
2022-08-25,22.5,22.56,22.62,22.22,167444.57
2022-08-26,22.69,22.91,23.35,22.57,287888.74
2022-08-29,23.04,22.49,23.06,22.42,306058.85
2022-08-30,22.49,22.88,23.29,22.44,366341.57
2022-08-31,22.74,22.88,23.0,22.44,290294.45
2022-09-01,22.79,22.44,23.06,22.42,271639.08
2022-09-02,22.46,22.66,22.94,22.33,270318.03
2022-09-05,22.66,22.44,22.69,22.18,264355.67
2022-09-06,22.49,22.98,23.11,22.46,363084.65
2022-09-07,22.98,22.95,23.32,22.88,241789.28
2022-09-08,22.98,22.78,23.06,22.76,168025.99
2022-09-09,22.78,23.12,23.23,22.73,245494.63
2022-09-13,23.12,23.36,23.59,23.07,374250.75
2022-09-14,23.06,23.42,23.58,22.95,366090.28
2022-09-15,23.49,23.04,23.67,22.95,346507.19
2022-09-16,23.01,22.93,23.55,22.93,466663.04
2022-09-19,22.84,21.73,22.85,21.72,466707.22
2022-09-20,21.9,21.58,22.01,21.52,262411.88
2022-09-21,21.49,21.53,21.7,21.04,272941.35
2022-09-22,21.37,21.07,21.42,20.96,293685.4
2022-09-23,21.07,20.85,21.18,20.6,264801.08
2022-09-26,20.57,20.28,20.78,20.17,282084.78
2022-09-27,20.35,20.58,20.6,20.18,198796.8
2022-09-28,20.57,20.09,20.57,20.09,206176.15
2022-09-29,20.26,19.83,20.38,19.66,237245.15
2022-09-30,19.8,19.98,20.12,19.68,234102.52
2022-10-10,19.98,19.24,20.08,19.21,366241.39
2022-10-11,19.25,19.16,19.37,18.96,188853.64
2022-10-12,19.2,19.86,19.87,18.98,296629.34
2022-10-13,19.85,19.9,20.22,19.78,234306.07
2022-10-14,20.09,20.33,20.39,19.98,227864.39
2022-10-17,20.14,20.66,20.73,20.08,200449.34
2022-10-18,20.69,20.67,20.84,20.5,192234.67
2022-10-19,20.64,20.47,20.85,20.43,151962.91
2022-10-20,20.33,20.58,20.95,20.26,215152.79
2022-10-21,20.62,20.56,20.87,20.48,124615.77
2022-10-24,20.6,20.17,20.95,20.1,243123.97
2022-10-25,20.12,20.12,20.34,19.89,176512.46
2022-10-26,20.2,20.69,20.92,20.2,230555.81
2022-10-27,21.48,20.68,21.48,20.65,383459.75
2022-10-28,20.56,19.95,20.65,19.9,295057.73
2022-10-31,19.93,20.7,20.91,19.87,412304.5
2022-11-01,20.71,20.96,21.01,20.6,283170.89
2022-11-02,20.83,21.3,21.46,20.81,383537.93
2022-11-03,21.0,20.82,21.07,20.69,333535.35
2022-11-04,20.85,21.66,21.77,20.73,617340.51
2022-11-07,21.48,22.12,22.4,21.38,545750.54
2022-11-08,22.0,21.9,22.09,21.75,282459.74
2022-11-09,21.84,21.43,21.94,21.41,273462.98
2022-11-10,21.35,21.37,21.54,21.17,221398.89
2022-11-11,21.85,22.25,22.63,21.73,715470.33
2022-11-14,22.41,22.52,22.64,22.3,375111.69
2022-11-15,22.34,22.72,22.81,22.29,312198.66
2022-11-16,22.67,22.6,23.2,22.5,374724.64
2022-11-17,22.69,22.92,22.92,22.41,280577.81
2022-11-18,22.95,23.46,23.77,22.91,632710.14
2022-11-21,23.26,23.4,23.75,23.21,283728.13
2022-11-22,23.32,23.35,23.86,22.98,433120.94
2022-11-23,23.26,22.9,23.37,22.83,292700.76
2022-11-24,22.93,22.64,23.21,22.6,172221.71
2022-11-25,22.63,22.78,23.07,22.63,196731.15
2022-11-28,22.22,22.36,22.48,21.94,283741.83
2022-11-29,22.5,22.96,23.33,22.43,275881.4
2022-11-30,22.95,22.88,23.06,22.68,203418.46
2022-12-01,23.1,23.53,23.94,23.06,538203.82
2022-12-02,23.39,23.39,23.67,23.33,200024.6
2022-12-05,23.53,24.99,25.2,23.53,851522.4
2022-12-06,25.21,25.14,25.59,24.87,589868.76
2022-12-07,25.12,24.84,25.14,24.56,352674.68
2022-12-08,24.71,24.9,25.18,24.65,231662.55
2022-12-09,24.9,24.76,25.2,24.59,273353.1
2022-12-12,24.59,24.83,25.16,24.56,217780.16
2022-12-13,24.75,24.61,25.09,24.58,219197.64
2022-12-14,24.79,24.86,25.14,24.74,216517.48
2022-12-15,24.76,24.79,25.04,24.62,157362.81
2022-12-16,24.65,24.6,24.75,24.28,186075.38
2022-12-19,24.63,24.12,24.74,24.02,207151.92
2022-12-20,24.13,23.71,24.47,23.39,208650.44
2022-12-21,23.86,23.48,23.86,23.35,131856.98
2022-12-22,23.63,23.33,23.77,23.24,182369.47
2022-12-23,23.31,23.49,23.78,23.29,133120.24
2022-12-26,23.48,23.41,23.64,23.25,142230.39
2022-12-27,23.41,24.02,24.09,23.4,208775.97
2022-12-28,23.92,23.51,24.02,23.42,200173.15
2022-12-29,23.35,23.86,23.94,23.35,209923.13
2022-12-30,23.92,24.15,24.28,23.86,222644.1
2023-01-03,24.17,24.21,24.45,23.79,227325.83
2023-01-04,24.33,24.69,24.95,24.24,328138.72
2023-01-05,24.67,24.69,24.94,24.48,237418.83
2023-01-06,24.69,24.28,24.74,24.25,195635.37
2023-01-09,24.22,23.94,24.45,23.81,263791.0
2023-01-10,24.04,23.8,24.04,23.63,179967.63
2023-01-11,23.81,24.55,25.16,23.81,510517.16
2023-01-12,24.55,24.84,25.09,24.47,277985.19
2023-01-13,24.9,24.68,25.02,24.4,190226.54
2023-01-16,24.58,25.03,25.23,24.58,309974.59
2023-01-17,24.99,24.77,25.05,24.7,193710.68
2023-01-18,24.77,25.03,25.07,24.74,142783.58
2023-01-19,24.93,25.04,25.04,24.67,193547.01
2023-01-20,24.98,25.55,25.77,24.93,441418.44
2023-01-30,25.76,25.22,25.89,25.18,364303.95
2023-01-31,25.11,24.88,25.23,24.84,176964.48
2023-02-01,24.88,25.19,25.33,24.88,204241.12
2023-02-02,25.25,25.17,25.6,25.04,250759.29
2023-02-03,25.06,25.32,25.33,24.76,258122.93
2023-02-06,25.16,25.05,25.64,24.9,263407.84
2023-02-07,25.08,25.37,25.58,24.91,262589.59
2023-02-08,25.4,24.98,25.67,24.94,226451.7
2023-02-09,24.9,25.99,26.12,24.67,532834.27
2023-02-10,25.96,26.33,27.08,25.86,635799.66
2023-02-13,26.43,26.3,26.44,25.98,334055.81
2023-02-14,26.28,26.41,26.54,26.17,255784.79
2023-02-15,26.41,27.17,27.44,26.3,557332.4
2023-02-16,27.18,27.88,29.02,27.03,1242595.56
2023-02-17,27.83,26.12,27.83,26.12,848566.03
2023-02-20,25.97,27.61,27.66,25.97,861616.52
2023-02-21,27.4,28.16,29.04,27.35,1061400.66
2023-02-22,27.85,28.61,28.93,27.75,837677.13
2023-02-23,28.48,27.81,28.85,27.44,805563.94
2023-02-24,27.83,28.11,28.52,27.64,507631.39
2023-02-27,27.9,29.22,29.57,27.86,1139455.45
2023-02-28,30.35,30.11,31.38,29.57,1919903.6
2023-03-01,29.97,30.73,31.52,29.77,1972734.35
2023-03-02,30.58,30.43,31.3,30.17,1408805.24
2023-03-03,29.88,29.86,30.35,29.05,1069644.46
2023-03-06,30.35,30.59,31.48,30.03,1453691.82
2023-03-07,29.98,29.09,30.55,28.85,1104161.25
2023-03-08,28.94,29.32,29.65,28.84,741716.87
2023-03-09,29.32,30.43,30.94,28.56,1178838.06
2023-03-10,30.17,30.15,30.97,30.02,915856.69
2023-03-13,29.58,31.76,31.92,29.42,1529266.97
2023-03-14,31.46,31.5,31.94,31.02,1155278.2
2023-03-15,31.53,30.82,31.81,30.35,697503.33
2023-03-16,30.61,30.27,30.91,30.02,502723.85
2023-03-17,30.68,32.38,32.78,30.54,1671168.35
2023-03-20,32.4,31.47,33.59,31.26,1416117.4
2023-03-21,31.75,31.66,31.94,31.02,656519.14
2023-03-22,31.76,33.36,33.48,31.17,1319132.97
2023-03-23,33.14,34.18,34.56,32.93,1585352.53
2023-03-24,33.9,33.05,34.18,32.23,1416327.79
2023-03-27,32.95,32.02,33.0,31.49,1283744.62
2023-03-28,31.84,32.5,32.87,31.68,870357.23
2023-03-29,32.57,32.39,32.68,31.47,782218.36
2023-03-30,32.22,29.51,32.22,29.15,2030804.03
2023-03-31,29.99,30.4,30.66,29.46,1011588.44
2023-04-03,30.32,30.14,30.56,27.95,2587193.46
2023-04-04,29.44,30.37,30.96,29.32,1486654.33
2023-04-06,29.88,31.41,32.38,29.6,1444083.05
2023-04-07,33.08,34.55,34.55,33.07,2775660.4
2023-04-10,34.55,33.24,34.95,32.93,1886850.48
2023-04-11,33.13,32.73,33.2,32.03,1097152.37
2023-04-12,32.38,34.5,35.56,32.25,1953391.56
2023-04-13,34.05,32.28,34.07,32.09,1509964.05
2023-04-14,32.05,32.12,32.55,31.54,831416.51
2023-04-17,31.75,31.45,31.96,31.12,952311.99
2023-04-18,31.53,32.52,32.76,31.5,992448.01
2023-04-19,32.22,33.01,34.08,32.09,1247249.2
2023-04-20,33.37,34.83,34.98,33.37,1732021.59
2023-04-21,35.48,34.15,35.98,33.34,1653818.84
2023-04-24,35.11,35.51,36.31,34.78,1876184.79
2023-04-25,35.01,34.45,35.53,34.04,1392284.98
2023-04-26,34.18,32.93,34.44,32.44,1239105.19
2023-04-27,32.54,32.38,32.9,31.39,874143.89
2023-04-28,32.09,33.26,34.04,32.09,995789.62
2023-05-04,33.15,31.4,33.15,31.1,1262681.13
2023-05-05,31.41,31.24,31.57,30.63,678093.57
2023-05-08,31.28,32.22,32.31,30.93,827496.93
2023-05-09,31.98,30.96,32.55,30.84,806164.6
2023-05-10,30.91,29.99,31.35,29.58,889488.79
2023-05-11,30.03,29.58,30.26,29.41,479343.62
2023-05-12,29.41,28.99,29.82,28.76,627424.66
2023-05-15,28.71,29.28,29.36,27.95,888802.84
2023-05-16,29.57,29.43,30.02,29.27,636477.41
2023-05-17,29.16,29.58,29.91,28.86,519871.49
2023-05-18,29.65,30.7,31.07,29.62,829456.52
2023-05-19,30.36,30.87,31.34,30.32,596293.93
2023-05-22,30.82,30.42,31.09,30.04,417800.47
2023-05-23,30.39,29.52,30.39,29.46,570712.81
2023-05-24,29.5,29.65,30.25,29.0,470253.83
2023-05-25,31.02,30.41,32.16,29.8,1050160.81
2023-05-26,30.52,31.83,31.98,30.52,1080129.19
2023-05-29,32.35,32.56,33.32,32.22,1007646.06
2023-05-30,32.35,33.09,33.28,32.03,845008.35
2023-05-31,32.91,33.28,33.54,32.73,599807.14
2023-06-01,33.11,33.97,34.52,33.01,828541.86
2023-06-02,34.43,34.08,34.62,33.67,684461.77
2023-06-05,34.08,34.1,34.45,33.86,458296.39
2023-06-06,34.06,33.4,34.27,33.27,579118.19
2023-06-07,33.73,33.73,34.01,33.13,440556.41
2023-06-08,33.35,33.47,33.62,32.89,480240.14
2023-06-09,33.66,34.43,34.58,33.25,739083.46
2023-06-12,34.44,34.02,35.27,33.86,787158.74
2023-06-13,33.86,34.79,34.94,33.36,739846.8
2023-06-14,34.62,34.84,35.09,34.06,647530.15
2023-06-15,35.04,35.66,36.7,34.99,1294124.77
2023-06-16,35.21,36.89,37.15,35.21,1106276.81
2023-06-19,36.89,37.53,37.84,35.69,1298249.49
2023-06-20,37.84,41.29,41.29,37.74,2381147.0
2023-06-21,41.16,40.5,41.24,39.78,1553468.47
2023-06-26,39.73,39.58,40.84,38.94,1256468.81
2023-06-27,38.88,41.99,42.98,38.88,1643612.0
2023-06-28,41.34,40.29,41.58,39.25,1522964.28
2023-06-29,40.25,42.73,43.49,40.09,1492587.41
2023-06-30,42.73,43.08,43.84,42.12,1096454.22
2023-07-03,43.6,42.8,44.22,41.9,1156064.58
2023-07-04,42.09,42.19,42.79,41.95,726845.7
2023-07-05,42.16,41.28,42.9,41.24,804615.72
2023-07-06,40.77,40.94,42.09,40.63,912173.16
2023-07-07,40.94,40.66,41.15,39.71,681196.34
2023-07-10,41.15,40.11,41.24,39.67,519227.26
2023-07-11,40.12,40.97,41.9,39.73,750164.31
2023-07-12,40.88,39.25,41.12,38.82,849628.95
2023-07-13,39.76,40.18,40.56,38.78,730021.0
2023-07-14,41.22,41.63,42.56,40.58,1069466.0
2023-07-17,41.52,41.78,42.84,41.05,666339.24
2023-07-18,41.89,40.53,42.33,40.48,598949.18
2023-07-19,40.45,39.91,40.7,39.82,483201.28
2023-07-20,40.2,38.01,40.26,37.88,1034428.81
2023-07-21,38.76,38.01,38.76,37.47,521329.92
2023-07-24,38.01,38.95,39.86,37.66,749485.78
2023-07-25,39.54,38.65,39.82,38.38,815993.68
2023-07-26,38.5,37.22,38.54,36.97,822073.07
2023-07-27,37.24,36.91,37.62,36.69,477076.0
2023-07-28,36.91,37.23,37.6,36.8,484523.42
2023-07-31,37.04,37.03,37.5,36.79,606214.41
2023-08-01,36.91,37.67,38.29,36.31,835987.72
2023-08-02,37.48,37.74,38.45,37.37,530829.4
2023-08-03,37.55,37.66,38.44,37.2,423105.0
2023-08-04,37.59,38.61,38.84,37.47,694348.24
2023-08-07,39.55,34.76,39.58,34.75,2368944.99
2023-08-08,35.7,35.39,36.23,35.29,1238747.22
2023-08-09,35.2,34.89,35.89,34.71,725096.31
2023-08-10,34.79,34.5,35.06,34.22,558851.35
2023-08-11,34.69,33.82,34.81,33.67,487267.6
2023-08-14,33.57,34.64,34.82,33.4,589513.14
2023-08-15,34.64,34.72,35.5,34.43,472533.46
2023-08-16,34.34,33.63,34.43,33.44,559252.3
2023-08-17,33.63,33.97,34.38,33.14,378165.69
2023-08-18,33.84,32.74,33.84,32.59,772550.61
2023-08-21,32.92,32.73,33.58,32.63,497091.78
2023-08-22,33.2,34.36,34.52,32.82,844791.75
2023-08-23,33.89,32.85,33.89,32.82,577890.94
2023-08-24,33.45,33.06,33.78,32.5,641828.05
2023-08-25,32.37,31.89,32.39,31.12,608733.61
2023-08-28,33.48,32.42,33.62,32.27,584305.69
2023-08-29,32.16,33.02,33.21,31.81,745582.19
2023-08-30,33.05,33.29,34.24,33.03,722746.99
2023-08-31,33.09,33.53,33.9,32.96,510618.09
2023-09-01,33.59,32.97,33.67,32.54,552293.31
2023-09-04,33.39,33.31,33.53,32.77,532117.75
2023-09-05,33.27,32.35,33.27,32.18,611561.25
2023-09-06,32.14,32.05,32.22,31.47,606890.62
2023-09-07,32.07,31.37,32.14,31.31,383420.52
2023-09-08,31.23,31.07,31.59,30.79,402693.26
2023-09-11,31.16,32.33,33.06,31.1,862357.22
2023-09-12,32.16,32.07,32.44,31.8,369799.46
2023-09-13,31.9,31.21,31.9,30.96,432398.7
2023-09-14,31.61,31.54,32.38,31.41,639482.44
2023-09-15,31.48,30.84,31.61,30.8,499254.27
2023-09-18,30.78,30.86,31.45,30.55,377942.51
2023-09-19,30.84,30.57,30.97,30.34,339075.4
2023-09-20,30.6,30.67,31.08,30.55,298544.67
2023-09-21,30.77,31.41,32.24,30.69,879337.96
2023-09-22,31.35,32.88,32.92,31.1,1136450.63
2023-09-25,32.67,31.94,32.77,31.86,657004.15
2023-09-26,31.89,32.05,32.56,31.83,559524.72
2023-09-27,31.83,31.2,32.02,30.96,841363.81
2023-09-28,31.04,30.91,31.27,30.67,566094.19
2023-10-09,30.68,31.73,32.05,30.34,807013.66
2023-10-10,31.73,31.15,31.92,31.09,420966.46
2023-10-11,31.22,32.08,32.52,31.22,800076.62
2023-10-12,32.33,31.9,32.43,31.74,493027.84
2023-10-13,31.69,30.51,31.69,30.09,971230.5
2023-10-16,30.51,30.02,30.51,29.62,581555.5
2023-10-17,30.08,29.77,30.25,29.64,413610.9
2023-10-18,29.3,28.71,29.32,28.38,753371.04
2023-10-19,28.75,28.57,29.29,28.47,533022.69
2023-10-20,28.51,27.52,28.55,27.43,752095.6
2023-10-23,27.38,26.47,27.43,26.23,857996.85
2023-10-24,26.48,24.77,26.57,24.19,1877177.07
2023-10-25,25.3,24.5,25.3,24.3,1219896.37
2023-10-26,24.17,24.27,24.35,23.55,1183048.98
2023-10-27,24.03,24.65,24.88,23.79,1352142.87
2023-10-30,24.42,25.18,25.65,24.18,1355141.6
2023-10-31,25.19,24.73,25.19,24.59,803654.65
2023-11-01,24.81,24.62,25.04,24.43,564256.8
2023-11-02,24.73,24.32,24.86,24.26,603785.19
2023-11-03,24.33,24.88,24.95,24.33,868432.53
2023-11-06,25.11,25.6,25.73,24.86,1186665.8
2023-11-07,25.44,25.74,25.96,25.09,1104851.24
2023-11-08,25.73,25.79,26.08,25.31,1032308.89
2023-11-09,25.65,26.19,26.29,25.59,1205056.29
2023-11-10,25.92,25.74,26.08,25.6,848213.22
2023-11-13,25.87,26.41,26.64,25.87,1273196.54
2023-11-14,26.38,26.28,26.52,26.06,869651.88
2023-11-15,26.6,26.27,26.65,26.2,818260.0
2023-11-16,26.14,25.95,26.4,25.95,694843.25
2023-11-17,25.78,26.07,26.34,25.7,728542.64
2023-11-20,25.99,26.03,26.36,25.6,920524.84
2023-11-21,26.27,25.77,26.44,25.71,813366.44
2023-11-22,25.74,25.13,25.77,25.13,828415.73
2023-11-23,25.23,25.38,25.38,24.95,612116.93
2023-11-24,25.37,24.83,25.4,24.74,608012.32
2023-11-27,24.65,24.7,24.93,24.45,501471.09
2023-11-28,24.68,24.57,24.77,24.39,455252.07
2023-11-29,24.57,24.38,24.73,24.32,462954.89
2023-11-30,24.25,24.24,24.44,24.05,435478.58
2023-12-01,24.2,24.73,24.86,24.14,771401.47
2023-12-04,24.73,24.38,24.88,24.22,690326.04
2023-12-05,24.26,23.72,24.26,23.68,703614.51
2023-12-06,23.65,23.85,24.04,23.57,479788.11
2023-12-07,23.78,23.81,24.0,23.57,520484.17
2023-12-08,23.74,24.69,25.05,23.68,1292807.37
2023-12-11,24.5,25.13,25.18,24.13,960616.03
2023-12-12,25.02,25.02,25.33,24.78,656302.55
2023-12-13,25.02,24.48,25.08,24.48,563549.26
2023-12-14,24.63,24.92,25.79,24.63,1281248.1
2023-12-15,25.03,25.24,25.77,24.71,1428091.45
2023-12-18,25.02,24.56,25.1,24.36,784957.34
2023-12-19,24.43,24.54,24.82,24.27,597918.92
2023-12-20,24.54,23.8,24.6,23.79,721276.72
2023-12-21,23.58,24.19,24.35,23.36,738459.37
2023-12-22,24.19,23.81,24.55,23.66,690324.53
2023-12-25,23.74,23.95,24.27,23.74,446303.98
2023-12-26,23.9,23.31,23.95,23.06,709431.56
2023-12-27,23.3,23.31,23.51,23.16,523596.13
2023-12-28,23.21,24.88,24.98,23.14,1679722.68
2023-12-29,24.83,25.05,25.09,24.69,802469.66
2024-01-02,25.07,24.21,25.08,24.2,1124613.18
2024-01-03,24.12,23.96,24.38,23.7,739696.11
2024-01-04,24.04,23.59,24.04,23.42,774603.77
2024-01-05,23.67,23.22,23.96,23.06,961239.17
2024-01-08,23.16,22.13,23.17,22.12,1160358.99
2024-01-09,22.27,22.48,22.84,22.15,873154.88
2024-01-10,22.33,22.51,22.93,21.99,782668.39
2024-01-11,22.47,22.82,22.98,22.38,907951.07
2024-01-12,22.67,22.28,22.71,22.27,718093.78
2024-01-15,22.05,22.35,22.63,21.99,498829.74
2024-01-16,22.21,22.77,22.8,22.05,728181.07
2024-01-17,22.63,22.11,22.8,22.11,627685.9
2024-01-18,21.94,22.75,22.75,21.85,1097115.18
2024-01-19,22.69,22.51,22.98,22.44,766255.82
2024-01-22,22.56,21.63,22.63,21.44,875640.72
2024-01-23,21.57,22.6,22.73,21.48,1158605.0
2024-01-24,22.74,22.72,22.79,21.86,1030620.42
2024-01-25,22.56,23.38,23.54,22.43,1436592.97
2024-01-26,23.19,22.91,23.33,22.81,953656.27
2024-01-29,23.08,22.35,23.14,22.28,789844.41
2024-01-30,22.15,21.61,22.46,21.57,775232.36
2024-01-31,21.52,20.77,21.62,20.75,895286.27
2024-02-01,20.51,21.06,21.55,20.38,778354.15
2024-02-02,21.11,20.53,21.4,19.89,843858.43
2024-02-05,20.27,20.68,21.12,19.76,1006248.11
2024-02-06,20.41,21.83,21.84,20.39,1122664.51
2024-02-07,21.82,21.9,22.08,21.58,983805.9
2024-02-08,22.11,22.7,22.84,22.04,1083457.76
2024-02-19,23.27,23.36,23.43,22.76,1205905.76
2024-02-20,23.16,22.98,23.23,22.8,800374.42
2024-02-21,22.74,23.12,23.62,22.71,1113942.5
2024-02-22,23.64,23.95,24.5,23.5,1394077.4
2024-02-23,24.21,24.14,24.35,23.88,1032786.24
2024-02-26,24.27,24.21,24.72,24.04,1159984.96
2024-02-27,24.12,26.64,26.64,24.01,2894596.69
2024-02-28,27.32,25.9,27.77,25.9,3582094.77
2024-02-29,25.71,28.24,28.36,25.69,3453448.84
2024-03-01,28.23,28.89,29.26,27.88,3209033.4
2024-03-04,29.31,28.63,29.51,28.04,2508688.08
2024-03-05,28.11,27.53,28.37,27.35,2732851.15
2024-03-06,27.41,27.97,28.84,27.35,2226858.76
2024-03-07,27.89,27.09,28.21,26.98,1837098.42
2024-03-08,27.34,28.55,28.61,27.1,2376911.81
2024-03-11,27.92,28.38,28.44,27.88,1877608.01
2024-03-12,28.19,27.64,28.31,27.53,1638834.28
2024-03-13,27.99,27.58,28.14,27.53,1402233.71
2024-03-14,27.19,27.24,27.66,26.77,1391115.77
2024-03-15,27.1,27.43,27.53,26.69,1231825.34
2024-03-18,27.43,27.94,28.12,27.29,1527767.67
2024-03-19,27.69,27.49,27.96,27.49,1058830.83
2024-03-20,27.37,27.6,27.76,27.19,1029361.11
2024-03-21,27.59,27.14,27.78,27.12,1016633.52
2024-03-22,26.98,26.37,27.17,26.12,1637635.99
2024-03-25,26.37,26.03,26.84,25.95,931378.09
2024-03-26,25.96,25.59,26.22,25.33,1065380.61
2024-03-27,25.71,24.73,25.76,24.73,1006924.29
2024-03-28,24.74,25.96,26.37,24.74,1485531.39
2024-03-29,25.92,26.48,26.53,25.48,1268142.71
2024-04-01,26.61,26.64,26.74,26.37,1021777.46
2024-04-02,26.52,26.24,26.59,26.06,760248.53
2024-04-03,26.07,25.75,26.16,25.7,681085.74
2024-04-08,25.52,25.39,25.85,25.37,580912.44
2024-04-09,25.39,25.56,25.6,25.15,538007.75
2024-04-10,25.49,25.06,25.49,24.87,584847.73
2024-04-11,24.91,25.31,25.72,24.89,717887.42
2024-04-12,25.39,25.5,25.81,25.39,853800.81
2024-04-15,25.52,26.66,26.86,25.51,1524681.73
2024-04-16,26.48,26.1,26.66,26.01,1022714.35
2024-04-17,26.3,27.42,27.42,26.14,1503113.01
2024-04-18,27.16,27.11,27.57,27.0,1078317.84
2024-04-19,27.02,26.51,27.34,26.25,1050880.34
2024-04-22,25.91,25.99,26.28,25.59,744518.94
2024-04-23,26.19,26.01,26.38,25.73,603310.96
2024-04-24,26.13,26.71,26.75,25.91,938751.4
2024-04-25,26.46,26.3,26.65,26.18,677982.72
2024-04-26,26.82,27.18,27.39,26.72,1489818.89
2024-04-29,27.25,27.32,27.7,27.0,1354670.26
2024-04-30,27.4,27.12,27.53,27.0,853953.38
2024-05-06,27.43,27.18,27.7,27.12,1177107.51
2024-05-07,27.18,26.87,27.4,26.74,907806.6
2024-05-08,26.67,26.13,26.71,26.09,897074.99
2024-05-09,26.05,26.55,26.73,26.03,658360.54
2024-05-10,26.58,26.48,26.77,26.11,707043.28
2024-05-13,26.28,27.04,27.39,26.12,1134327.14
2024-05-14,27.05,27.14,27.22,26.67,800809.1
2024-05-15,27.03,26.65,27.11,26.63,581020.65
2024-05-16,26.88,26.99,27.32,26.84,1040199.22
2024-05-17,26.99,26.82,26.99,26.41,818938.39
2024-05-20,26.3,26.32,26.62,25.92,1113376.09
2024-05-21,26.25,25.93,26.38,25.78,863123.31
2024-05-22,25.83,25.99,26.18,25.73,543098.21
2024-05-23,26.01,25.54,26.06,25.47,657361.44
2024-05-24,25.45,25.35,25.79,25.33,462945.46
2024-05-27,25.44,25.78,25.79,25.2,527677.64
2024-05-28,25.72,25.52,25.99,25.49,447858.5
2024-05-29,25.52,25.36,25.72,25.28,375025.41
2024-05-30,25.31,25.4,25.59,25.08,415738.78
2024-05-31,25.43,25.5,25.85,25.38,497638.36
2024-06-03,25.42,25.76,25.99,25.36,602887.05
2024-06-04,25.63,25.78,25.85,25.49,421920.5
2024-06-05,25.78,25.69,26.01,25.67,495763.04
2024-06-06,25.82,25.77,26.09,25.57,690355.79
2024-06-07,25.78,25.34,25.83,25.16,680272.26
2024-06-11,25.22,25.47,25.53,25.08,382798.2
2024-06-12,25.41,26.03,26.15,25.38,875871.6
2024-06-13,26.06,26.2,26.48,25.95,738020.45
2024-06-14,26.07,26.31,26.54,26.02,794286.0
2024-06-17,26.23,26.25,26.44,26.19,589595.63
2024-06-18,26.22,26.79,26.93,26.2,955484.66
2024-06-19,26.79,26.7,26.91,26.59,656556.79
2024-06-20,26.64,25.98,26.78,25.96,794338.02
2024-06-21,25.85,26.45,26.55,25.79,676517.93
2024-06-24,26.3,25.54,26.55,25.52,765080.79
2024-06-25,25.54,25.03,25.65,24.87,709501.19
2024-06-26,25.07,25.94,26.05,24.97,732061.53
2024-06-27,25.82,25.43,25.88,25.35,513939.49
2024-06-28,25.43,26.46,26.72,25.42,1297604.69
2024-07-01,26.46,26.62,26.72,26.33,694332.89
2024-07-02,26.58,26.23,26.68,26.11,601243.53
2024-07-03,26.23,26.22,26.44,25.93,499216.38
2024-07-04,26.34,26.0,26.56,25.98,626475.33
2024-07-05,25.93,26.0,26.15,25.6,595667.39
2024-07-08,25.92,25.73,26.12,25.63,508714.96
2024-07-09,25.69,27.31,27.33,25.64,1940747.82
2024-07-10,27.24,27.29,27.57,27.11,1169915.13
2024-07-11,27.6,27.54,28.01,27.26,1306867.94
2024-07-12,27.24,27.07,27.35,26.88,808726.01
2024-07-15,27.13,26.92,27.2,26.77,594469.34
2024-07-16,26.87,27.55,27.66,26.84,942417.73
2024-07-17,27.38,27.12,27.65,27.03,764517.95
2024-07-18,26.83,26.93,26.95,26.24,941209.86
2024-07-19,26.74,27.24,27.44,26.7,807845.91
2024-07-22,27.25,27.0,27.33,26.85,600215.79
2024-07-23,27.1,26.26,27.12,26.24,649891.94
2024-07-24,26.23,26.09,26.47,25.96,602606.21
2024-07-25,25.91,25.91,26.12,25.68,549391.61
2024-07-26,25.97,26.09,26.21,25.88,470048.14
2024-07-29,26.15,25.83,26.18,25.83,396585.25
2024-07-30,25.71,25.93,25.95,25.3,497492.98
2024-07-31,25.77,26.57,26.66,25.77,814297.42
2024-08-01,26.57,26.32,26.66,26.31,561442.56
2024-08-02,26.03,25.78,26.23,25.74,558218.51
2024-08-05,25.68,25.03,25.81,25.03,729203.66
2024-08-06,25.34,25.24,25.45,25.05,430292.42
2024-08-07,25.25,25.23,25.5,25.12,366285.21
2024-08-08,25.02,25.11,25.29,24.71,401271.29
2024-08-09,25.29,25.01,25.42,25.01,307755.34
2024-08-12,24.91,24.76,24.97,24.66,292877.0
2024-08-13,24.81,25.04,25.04,24.67,255995.38
2024-08-14,25.08,24.92,25.14,24.92,244013.91
2024-08-15,24.85,25.17,25.27,24.77,343037.44
2024-08-16,25.17,25.23,25.4,25.06,379490.28
2024-08-19,25.23,25.35,25.56,25.04,422748.61
2024-08-20,25.34,24.82,25.35,24.75,425062.39
2024-08-21,24.74,24.47,24.92,24.47,329991.22
2024-08-22,24.45,23.33,24.46,23.02,1020619.14
2024-08-23,23.25,23.62,23.68,23.21,426384.85
2024-08-26,23.62,23.67,23.85,23.55,301616.27
2024-08-27,23.54,23.16,23.55,23.11,316665.59
2024-08-28,23.11,23.24,23.45,23.08,250200.52
2024-08-29,23.06,23.56,23.73,22.99,379613.15
2024-08-30,23.53,24.06,24.35,23.5,596404.05
2024-09-02,24.1,23.45,24.19,23.44,402144.37
2024-09-03,23.35,23.6,23.77,23.35,234625.77
2024-09-04,23.37,23.48,23.66,23.27,241646.2
2024-09-05,23.45,23.69,23.81,23.45,253535.88
2024-09-06,23.71,23.34,23.73,23.29,248578.65
2024-09-09,23.21,22.8,23.29,22.6,474252.04
2024-09-10,22.82,23.12,23.2,22.58,399666.12
2024-09-11,22.96,23.05,23.16,22.91,223239.0
2024-09-12,23.12,22.98,23.37,22.96,240120.3
2024-09-13,22.93,22.81,23.17,22.8,222060.4
2024-09-18,22.86,22.91,22.97,22.62,233079.94
2024-09-19,23.04,23.19,23.43,22.78,408034.12
2024-09-20,23.21,23.41,23.57,23.21,456200.93
2024-09-23,23.73,24.13,24.46,23.63,937921.49
2024-09-24,24.2,24.63,24.64,23.86,922583.09
2024-09-25,24.89,24.69,25.29,24.6,984133.07
2024-09-26,24.65,25.48,25.48,24.57,910926.98
2024-09-27,25.83,27.77,27.89,25.81,1913911.62
2024-09-30,28.66,30.18,30.4,28.12,2869477.9
2024-10-08,33.2,33.2,33.2,31.59,3165877.09
2024-10-09,32.82,31.05,33.18,30.75,2690198.65
2024-10-10,31.78,30.67,32.02,30.22,1710848.58
2024-10-11,30.34,28.91,30.6,28.5,1668100.05
2024-10-14,29.05,29.46,29.61,28.54,1176964.24
2024-10-15,29.4,29.05,30.13,29.03,1155446.41
2024-10-16,28.52,28.52,29.04,28.38,861217.11
2024-10-17,28.78,28.53,29.23,28.52,862595.28
2024-10-18,28.53,29.92,30.65,28.42,1711644.15
2024-10-21,30.17,30.72,31.29,29.95,1642325.32
2024-10-22,29.55,29.14,29.66,28.85,2250618.18
2024-10-23,29.08,29.73,30.78,28.88,2025788.48
2024-10-24,30.13,30.57,31.47,30.04,2663497.62
2024-10-25,30.41,30.42,30.63,30.05,1445307.01
2024-10-28,30.28,30.07,30.3,29.85,1054507.02
2024-10-29,30.21,29.82,30.87,29.81,1484371.66
2024-10-30,29.55,29.31,29.93,28.93,1339218.75
2024-10-31,29.11,29.34,29.72,28.88,1146457.94
2024-11-01,29.13,28.68,29.45,28.68,1013292.45
2024-11-04,28.81,29.36,29.48,28.8,778096.51
2024-11-05,29.33,30.11,30.19,29.17,1368790.55
2024-11-06,30.1,30.34,31.39,29.8,2065712.83
2024-11-07,29.93,30.86,30.89,29.84,1461597.72
2024-11-08,31.34,31.76,32.86,31.21,2488118.31
2024-11-11,31.84,34.94,34.94,31.51,2559714.23
2024-11-12,34.94,33.72,35.28,33.28,3435300.58
2024-11-13,33.38,34.34,35.12,33.35,2718257.42
2024-11-14,34.06,32.18,34.28,32.1,2319454.94
2024-11-15,32.15,31.92,33.1,31.87,1816137.75
2024-11-18,32.3,31.29,32.47,31.07,1400843.64
2024-11-19,31.45,31.49,31.61,30.37,1339492.43
2024-11-20,31.21,31.39,31.64,31.12,1072339.35
2024-11-21,31.26,31.29,31.66,31.0,868293.08
2024-11-22,31.21,29.99,31.73,29.97,1323392.16
2024-11-25,29.85,29.68,30.1,29.11,984065.05
2024-11-26,30.04,29.46,30.17,29.42,647083.78
2024-11-27,29.26,30.06,30.06,29.26,737322.94
2024-11-28,30.06,29.78,30.33,29.75,661398.65
2024-11-29,29.71,30.19,30.55,29.63,799662.09
2024-12-02,30.19,30.62,30.62,30.06,846870.86
2024-12-03,30.57,30.17,30.59,29.84,744615.19
2024-12-04,30.13,29.83,30.37,29.64,670179.66
2024-12-05,29.65,29.81,29.99,29.6,451352.69
2024-12-06,29.9,30.33,30.44,29.82,746901.94
2024-12-09,30.23,30.09,30.57,29.85,578616.96
2024-12-10,31.14,30.16,31.14,30.09,974732.65
2024-12-11,30.16,30.18,30.31,29.92,552632.1
2024-12-12,30.19,30.31,30.33,29.93,607592.29
2024-12-13,30.02,29.6,30.09,29.55,731001.45
2024-12-16,29.63,30.37,30.4,29.61,1101096.38
2024-12-17,31.97,32.13,33.42,31.94,4936477.42
2024-12-18,31.48,33.49,34.51,31.11,4320619.96
2024-12-19,33.79,36.62,36.84,33.79,6040313.74
2024-12-20,35.66,36.22,36.78,35.25,3995630.43
2024-12-23,36.96,35.03,37.27,34.79,2929979.85
2024-12-24,35.52,35.67,36.23,34.69,2433444.91
2024-12-25,35.36,36.91,37.9,35.29,3415516.95
2024-12-26,36.77,39.72,40.33,36.49,3464332.37
2024-12-27,39.53,38.83,39.72,38.57,2460934.05
2024-12-30,39.61,39.53,40.79,38.81,2774037.47
2024-12-31,39.54,39.14,40.74,38.71,2848383.9
2025-01-02,39.13,36.75,39.66,36.39,3299997.55
2025-01-03,37.06,34.54,37.13,34.44,2734934.96
2025-01-06,34.65,33.72,35.27,33.37,2155967.43
2025-01-07,34.01,34.33,34.54,33.44,2443071.35
2025-01-08,33.79,33.8,34.3,32.46,2362415.97
2025-01-09,33.42,37.18,37.18,33.33,3915048.89
2025-01-10,37.11,36.54,38.59,36.52,3370072.38
2025-01-13,36.25,37.79,38.53,36.21,2758926.95
2025-01-14,37.81,40.21,41.26,36.89,3340165.5
2025-01-15,39.72,39.65,40.83,39.1,2430896.22
2025-01-16,39.72,38.72,40.37,37.73,2906352.01
2025-01-17,38.32,39.99,41.28,37.75,3254677.2
2025-01-20,40.51,39.23,40.86,38.9,2427273.47
2025-01-21,40.0,41.55,42.24,39.74,3518078.75
2025-01-22,41.0,41.71,42.18,40.58,2473063.47
2025-01-23,42.36,39.82,42.39,39.15,3065700.11
2025-01-24,39.74,41.59,41.83,39.68,2680087.14
2025-01-27,41.37,38.74,41.37,38.74,2358798.49
2025-02-05,40.22,41.24,41.64,40.11,2676283.53
2025-02-06,40.94,42.05,43.27,40.89,2626993.38
2025-02-07,41.66,41.58,42.92,40.68,3287619.52
2025-02-10,41.47,40.94,41.47,39.82,2247084.44
2025-02-11,40.7,40.34,40.99,40.12,1590993.42
2025-02-12,40.22,40.64,40.64,39.33,2395058.01
2025-02-13,40.21,38.53,40.21,38.35,2786776.02
2025-02-14,38.19,38.5,38.93,37.93,1889271.25
2025-02-17,38.95,39.63,40.11,38.71,2238282.58
2025-02-18,39.07,38.07,39.29,37.93,1648228.9
2025-02-19,37.9,39.13,39.52,37.75,1780757.11
2025-02-20,38.94,38.58,39.09,38.19,1217663.6
2025-02-21,39.12,42.06,42.44,38.59,3875238.65
2025-02-24,41.59,42.44,42.71,41.08,2901900.99
2025-02-25,41.08,41.18,42.34,40.57,2018822.77
2025-02-26,41.28,40.97,41.57,40.29,1601150.44
2025-02-27,40.79,39.22,41.23,38.77,2013365.79
2025-02-28,38.75,37.46,39.0,37.4,1669924.68
2025-03-03,36.2,35.02,36.33,34.31,2571577.51
2025-03-04,34.77,35.86,36.33,34.44,1586183.03
2025-03-05,35.85,35.86,36.2,35.38,1074194.43
2025-03-06,36.48,36.82,37.38,36.48,1768662.15
2025-03-07,36.71,36.13,37.02,35.91,1227383.33
2025-03-10,36.03,36.05,36.42,35.7,792302.61
2025-03-11,35.41,35.91,36.07,35.33,690092.11
2025-03-12,35.93,37.57,39.08,35.73,2527824.12
2025-03-13,36.82,36.01,37.16,35.81,1669848.65
2025-03-14,35.75,36.49,36.58,35.66,1231941.31
2025-03-17,36.42,36.13,36.43,35.95,824722.16
2025-03-18,36.2,36.23,36.6,36.1,734792.04
2025-03-19,35.98,35.62,36.0,35.5,858677.69
2025-03-20,35.63,35.07,35.66,34.96,862792.37
2025-03-21,34.89,34.02,35.06,33.91,1275809.06
2025-03-24,33.91,33.8,34.11,33.05,1167983.43
2025-03-25,33.76,33.15,33.76,33.06,730542.17
2025-03-26,33.14,33.25,33.57,33.14,582438.63
2025-03-27,33.19,33.49,33.89,32.91,832037.68
2025-03-28,33.52,33.6,33.83,33.23,648062.93
2025-03-31,33.44,33.16,33.5,32.76,787469.05
2025-04-01,33.24,33.37,33.7,32.98,641639.33
2025-04-02,33.37,33.95,34.09,33.37,893853.12
2025-04-03,33.52,33.68,33.86,33.26,694270.51
2025-04-07,31.39,30.31,31.61,30.31,1249665.82
2025-04-08,30.04,29.42,30.67,28.71,1568804.02
2025-04-09,28.59,30.0,30.23,27.78,1475243.82
2025-04-10,30.71,30.66,31.59,30.65,1265159.43
2025-04-11,30.26,31.08,31.45,30.26,878984.51
2025-04-14,31.8,31.57,32.01,31.41,879407.98
2025-04-15,31.59,31.15,31.59,30.96,556951.09
2025-04-16,31.1,30.97,31.28,30.54,523507.47
2025-04-17,30.73,30.82,31.12,30.66,380611.64
2025-04-18,30.72,32.02,32.2,30.64,1272725.35
2025-04-21,31.61,31.88,31.94,31.42,760934.97
2025-04-22,31.71,31.36,31.74,31.33,621472.82
2025-04-23,31.59,31.69,31.98,31.55,779197.2
2025-04-24,31.62,31.19,31.65,31.02,552601.6
2025-04-25,31.29,31.24,31.57,31.21,436614.63
2025-04-28,31.21,31.0,31.3,30.96,327578.99
2025-04-29,30.96,31.08,31.31,30.79,332110.82
2025-04-30,31.18,31.56,31.71,31.09,526098.67
2025-05-06,31.84,32.37,32.38,31.77,733586.05
2025-05-07,32.93,32.29,33.09,32.02,744815.62
2025-05-08,32.21,32.66,32.92,32.12,721984.71
2025-05-09,32.57,32.12,32.58,31.91,546410.4
2025-05-12,32.48,32.77,33.02,32.42,806503.11
2025-05-13,33.2,32.39,33.2,32.36,684383.3
2025-05-14,32.4,32.6,32.85,32.23,664964.34
2025-05-15,32.59,31.78,32.59,31.73,607476.15
2025-05-16,31.63,31.74,31.99,31.55,357519.04
2025-05-19,31.64,31.6,31.68,31.28,352710.63
2025-05-20,31.54,31.62,31.75,31.4,316658.39
2025-05-21,31.6,31.61,31.91,31.49,391715.0
2025-05-22,31.45,31.33,31.83,31.33,368096.44
2025-05-23,31.27,30.82,31.47,30.79,481139.91
2025-05-26,30.75,31.09,31.37,30.75,372413.44
2025-05-27,31.04,30.63,31.07,30.53,416693.58
2025-05-28,30.65,30.61,30.86,30.55,263890.73
2025-05-29,30.65,31.13,31.16,30.65,462449.52
2025-05-30,30.92,30.72,30.95,30.63,359881.29
2025-06-03,30.57,30.74,30.92,30.49,314143.08
2025-06-04,30.82,31.23,31.38,30.82,471687.56
2025-06-05,31.25,31.81,31.91,31.13,672550.35
2025-06-06,31.7,31.92,32.21,31.67,641591.21
2025-06-09,31.93,32.05,32.21,31.93,478789.77
2025-06-10,32.04,31.64,32.05,31.39,528263.85
2025-06-11,31.63,31.7,31.98,31.59,393234.1
2025-06-12,31.61,31.56,32.04,31.54,457739.29
2025-06-13,31.48,31.1,31.74,30.9,540473.99
2025-06-16,30.98,31.33,31.56,30.92,344087.49
2025-06-17,31.33,31.12,31.4,31.06,275094.03
2025-06-18,31.12,31.13,31.29,30.8,378497.65
2025-06-19,31.12,30.81,31.37,30.76,449180.41
2025-06-20,30.75,30.59,31.07,30.54,390038.64
2025-06-23,30.33,30.75,30.87,30.18,366244.82
2025-06-24,30.82,31.35,31.52,30.82,576876.62
2025-06-25,31.37,31.84,31.86,31.32,710735.55
2025-06-26,31.84,31.62,32.11,31.62,579033.11
2025-06-27,31.73,32.0,32.38,31.55,849938.4
2025-06-30,32.01,32.1,32.21,31.97,496821.77
2025-07-01,32.02,32.25,32.69,31.74,714794.89
2025-07-02,32.11,31.65,32.11,31.56,554246.66
2025-07-03,31.62,32.31,32.9,31.61,1078505.59
2025-07-04,32.28,31.93,32.31,31.87,618000.37
2025-07-07,31.81,31.51,31.86,31.47,535021.59
2025-07-08,31.52,32.33,32.39,31.49,1038973.05
2025-07-09,32.27,32.46,32.86,32.21,951518.06
2025-07-10,32.46,32.72,33.1,32.46,897592.59
2025-07-11,32.73,33.04,33.23,32.54,998075.07
2025-07-14,33.05,32.79,33.09,32.78,545887.0
2025-07-15,32.78,33.1,33.55,32.7,1132783.68
2025-07-16,33.27,32.84,33.44,32.72,709837.83
2025-07-17,32.78,34.11,34.24,32.7,1565779.89
2025-07-18,34.22,33.81,34.33,33.71,828132.81
2025-07-21,33.81,33.84,33.93,33.53,726883.97
2025-07-22,33.7,33.54,33.79,33.32,701189.48
2025-07-23,33.48,33.48,33.83,33.34,692324.44
2025-07-24,33.48,34.25,34.43,33.4,1035034.24
2025-07-25,34.22,33.98,34.23,33.67,660621.65
2025-07-28,34.11,34.05,34.25,33.86,554736.77
2025-07-29,33.72,34.67,35.35,33.11,1490591.1
2025-07-30,34.54,34.18,34.68,33.95,765811.8
2025-07-31,34.17,33.88,35.04,33.76,1135878.05
2025-08-01,33.82,33.49,34.16,33.16,785984.61
2025-08-04,33.2,33.46,33.47,33.19,379287.75
2025-08-05,33.52,34.01,34.13,33.52,614925.21
2025-08-06,33.94,34.13,34.63,33.67,604126.69
2025-08-07,34.12,33.78,34.27,33.61,598499.86
2025-08-08,33.75,33.37,33.78,33.34,484312.16
2025-08-11,33.38,33.59,33.75,33.37,500377.62
2025-08-12,33.59,34.13,34.23,33.48,832619.46
2025-08-13,34.13,35.07,35.07,34.09,1610778.19
2025-08-14,34.99,34.39,35.13,34.36,1028186.3
2025-08-15,34.28,34.79,34.86,34.28,790527.58
2025-08-18,35.02,37.85,38.26,35.02,3859223.18
2025-08-19,37.31,37.34,37.71,36.92,2106639.5
2025-08-20,37.64,39.46,39.9,36.97,3379237.58
2025-08-21,43.01,42.05,43.4,41.79,5105600.82
2025-08-22,42.98,45.99,46.12,41.99,4436295.7
2025-08-25,47.01,45.29,47.32,43.94,4476639.69
2025-08-26,44.47,44.48,45.43,43.83,2422691.71
2025-08-27,44.75,43.57,46.02,43.47,2888877.78
2025-08-28,43.47,46.85,46.87,43.22,3533706.37
2025-08-29,45.55,44.89,45.79,44.46,2659284.98
2025-09-01,45.81,47.42,48.29,45.45,3228638.09
2025-09-02,47.09,44.29,47.62,43.52,3021996.58
2025-09-03,44.28,43.41,44.78,42.84,1850779.93
2025-09-04,43.38,40.35,43.73,39.62,2866182.54
2025-09-05,40.81,41.32,41.51,39.74,1716621.02
2025-09-08,41.35,41.3,41.95,40.6,1554083.56
2025-09-09,41.33,40.17,41.48,39.86,1185950.78
2025-09-10,40.26,40.59,41.1,40.09,1218464.17
2025-09-11,40.68,43.21,43.8,40.09,2585580.96
2025-09-12,42.51,43.55,44.71,42.51,2214126.21
2025-09-15,43.48,42.54,43.5,42.48,1253419.18
2025-09-16,42.65,43.77,44.35,42.64,1829677.96
2025-09-17,43.68,43.6,44.7,43.07,1527623.23
2025-09-18,43.77,43.72,45.19,42.96,2507808.18
2025-09-19,43.46,43.25,44.66,43.16,1437033.79
2025-09-22,43.56,44.48,45.2,43.33,1996780.4
2025-09-23,44.49,42.98,44.75,41.74,2103793.25
2025-09-24,42.36,43.44,43.67,41.99,1708325.88
2025-09-25,43.47,45.25,45.8,43.3,2659460.92
2025-09-26,44.81,43.93,46.48,43.29,2747519.09
2025-09-29,43.88,44.57,45.05,43.1,1657327.49
2025-09-30,44.68,45.09,45.62,44.12,1490818.71
2025-10-09,45.33,49.38,49.6,45.31,4508685.85
2025-10-10,50.4,51.37,53.44,49.4,4906946.89
2025-10-13,50.43,53.02,54.34,49.6,3682498.86
2025-10-14,53.46,49.6,55.18,49.4,3667509.68
2025-10-15,50.42,49.79,51.06,47.95,2449379.54
2025-10-16,49.8,53.38,54.59,49.8,3369629.04
2025-10-17,52.76,48.04,53.23,48.04,3195952.74
2025-10-20,48.41,48.01,49.27,47.26,1880815.15
2025-10-21,48.28,50.62,51.31,47.72,2242075.85
2025-10-22,49.59,49.34,49.97,48.13,1638569.72
2025-10-23,49.15,47.61,49.16,46.89,1531196.78
2025-10-24,48.21,49.25,49.53,47.89,1802633.35
2025-10-27,49.89,50.7,51.87,49.5,2071917.37
2025-10-28,49.79,48.79,49.98,48.33,1960552.52
2025-10-29,44.9,45.64,46.14,44.05,3991959.03
2025-10-30,45.06,44.29,45.33,44.22,2285196.33
2025-10-31,44.11,42.94,44.12,42.88,1862970.77
2025-11-03,42.61,42.27,42.68,41.59,1439132.39
2025-11-04,42.09,41.23,42.48,40.9,1411741.63
2025-11-05,40.44,40.6,41.04,40.24,1105086.24
2025-11-06,40.9,42.09,42.15,40.82,1715311.23
2025-11-07,41.54,41.22,41.63,41.1,935287.81
2025-11-10,41.19,41.6,41.74,41.0,948676.99
2025-11-11,41.89,40.41,41.89,40.2,1197791.58
2025-11-12,39.62,39.25,39.87,38.73,1342440.74
2025-11-13,39.1,39.86,40.11,38.97,850354.81
2025-11-14,39.67,39.28,40.17,39.24,754557.71
2025-11-17,39.1,38.73,39.51,38.43,980876.59
2025-11-18,38.59,38.97,39.33,38.42,789846.8
2025-11-19,38.74,38.82,39.42,38.6,655183.69
2025-11-20,39.28,38.72,39.49,38.66,671988.37
2025-11-21,38.13,37.61,38.63,37.53,999375.43
2025-11-24,37.74,38.18,38.66,37.46,821584.2
2025-11-25,38.55,39.38,39.96,38.49,1511046.84
2025-11-26,39.11,40.48,40.85,39.04,1517587.16
2025-11-27,41.87,41.79,42.83,41.01,2614946.7
2025-11-28,41.81,41.58,42.27,41.1,1400968.02
2025-12-01,41.94,45.74,45.74,41.52,3272575.55
2025-12-02,47.19,44.95,47.19,44.46,4380023.05
2025-12-03,44.46,42.78,45.17,42.73,3028883.9
2025-12-04,42.3,42.4,42.97,41.91,1543902.38
2025-12-05,42.44,41.44,42.47,41.17,1658027.91
2025-12-08,41.01,41.72,42.17,41.0,1520763.59
2025-12-09,41.51,41.86,43.07,41.49,1763127.87
2025-12-10,41.5,41.51,41.85,40.98,1128484.46
2025-12-11,40.51,37.36,40.51,37.36,4361713.62
2025-12-12,36.46,37.3,38.28,35.94,2957692.75
2025-12-15,36.89,36.4,37.12,36.38,1363591.86
2025-12-16,36.24,35.34,36.27,35.18,1216094.38
2025-12-17,35.38,36.51,36.73,35.38,1304639.77
2025-12-18,36.06,36.08,36.71,35.94,816105.28
2025-12-19,36.32,36.58,36.91,36.2,968170.5
2025-12-22,36.66,36.92,37.24,36.6,1090797.22
2025-12-23,36.87,36.74,36.98,36.41,1004013.02
2025-12-24,36.65,37.81,38.03,36.49,1640738.96
2025-12-25,37.91,37.65,37.98,37.29,990804.99
2025-12-26,37.65,37.44,37.65,37.03,942406.02
2025-12-29,37.33,37.03,37.77,36.73,1086127.62
2025-12-30,36.81,36.82,37.21,36.75,752798.07
2025-12-31,37.0,37.38,37.67,36.88,1295931.38
2026-01-05,37.38,37.79,37.99,37.14,1392180.49
2026-01-06,37.84,38.8,38.93,37.64,1764512.41
2026-01-07,38.9,38.45,38.95,38.06,1330662.09
2026-01-08,38.23,39.51,39.91,38.15,1903234.82
2026-01-09,39.45,39.75,39.9,39.05,1499882.77
2026-01-12,39.83,41.93,42.3,39.67,2592930.63
2026-01-13,41.93,39.79,41.93,39.54,2183619.83
2026-01-14,39.75,39.9,40.92,39.5,1815569.0
2026-01-15,39.47,39.36,39.68,38.79,1221781.24
2026-01-16,39.52,39.54,39.81,39.08,1134867.03
2026-01-19,39.35,39.07,39.41,38.89,816902.47
2026-01-20,39.0,38.13,39.07,37.85,1101936.72
2026-01-21,37.75,39.04,39.5,37.74,1260873.63
2026-01-22,39.45,39.31,39.67,38.88,1001811.55
2026-01-23,39.11,39.63,39.72,38.76,1252225.29
2026-01-26,39.53,39.02,40.16,38.89,1072696.48
2026-01-27,39.0,39.72,39.81,38.26,1266455.33
2026-01-28,39.72,39.17,39.86,39.02,969730.75
2026-01-29,38.97,39.03,40.25,38.31,1286848.45
2026-01-30,38.53,38.03,38.71,37.81,1036489.28
2026-02-02,37.75,36.63,38.28,36.42,1200660.4
2026-02-03,37.03,36.81,37.08,36.09,1008380.31
2026-02-04,36.55,36.67,36.67,36.07,801063.46
2026-02-05,36.29,36.13,36.53,35.88,643204.7
2026-02-06,35.84,35.87,36.25,35.65,595274.48
2026-02-09,36.36,36.82,36.93,36.24,877060.82
2026-02-10,36.71,37.13,37.39,36.67,700482.73
2026-02-11,37.13,36.9,37.42,36.86,525367.31
2026-02-12,36.81,37.08,37.2,36.71,541684.17
2026-02-13,36.75,36.71,37.32,36.66,521233.38
2026-02-24,37.03,37.31,37.54,36.79,826207.29
2026-02-25,37.44,37.5,37.74,37.16,773374.75
2026-02-26,37.51,38.11,38.27,37.37,980204.25
2026-02-27,37.64,38.18,38.38,37.31,861483.52
2026-03-02,37.5,37.38,37.97,37.04,933386.25
2026-03-03,37.72,36.31,38.68,36.24,1441492.66
2026-03-04,35.99,36.52,37.31,35.96,895770.43
2026-03-05,37.03,37.42,37.84,36.81,1063076.49
2026-03-06,37.04,36.95,37.21,36.58,780669.67
2026-03-09,35.57,35.27,35.57,34.38,1492069.82
2026-03-10,35.72,36.43,36.49,35.63,996008.67
2026-03-11,36.55,36.67,37.44,36.54,1135849.92
2026-03-12,36.37,36.67,37.64,36.24,1013791.23
2026-03-13,36.36,36.02,36.77,35.91,731669.93
2026-03-16,35.87,36.06,36.2,35.15,719523.96
2026-03-17,36.24,35.4,36.3,35.33,649147.71
2026-03-18,35.4,35.81,36.04,34.94,669845.93
2026-03-19,35.17,34.92,35.38,34.76,627970.96
2026-03-20,35.02,33.86,35.21,33.86,801583.72
2026-03-23,33.17,31.66,33.23,31.52,1106402.88
2026-03-24,32.11,32.52,32.53,31.61,679328.57
2026-03-25,32.6,33.05,33.43,32.6,628637.06
2026-03-26,32.87,32.29,33.13,32.2,484358.09
2026-03-27,31.84,32.29,32.55,31.63,411305.28
2026-03-30,31.72,32.2,32.21,31.42,512498.62
2026-03-31,32.11,32.05,32.89,32.04,591616.49
2026-04-01,32.66,32.59,32.76,32.32,484713.15
2026-04-02,32.39,31.66,32.51,31.54,530878.98
2026-04-03,31.94,31.69,32.23,31.69,468584.1
2026-04-07,31.76,31.95,32.16,31.68,404593.81
2026-04-08,32.6,33.63,33.64,32.6,976777.65
2026-04-09,33.29,35.13,35.47,33.14,1837522.88
2026-04-10,35.07,35.36,35.73,34.78,1245410.87
2026-04-13,35.09,35.29,35.76,34.87,920063.8
2026-04-14,35.67,35.4,35.96,35.04,941913.45
2026-04-15,35.54,34.79,35.6,34.64,821205.48
2026-04-16,34.99,34.97,35.16,34.53,715663.55
2026-04-17,34.78,34.9,35.43,34.74,610088.31
2026-04-20,34.89,35.4,35.66,34.81,823865.76
2026-04-21,35.18,34.78,35.22,34.34,791040.0
2026-04-22,34.66,36.89,36.99,34.58,2308324.6
2026-04-23,36.75,36.41,37.13,36.06,1330959.29
2026-04-24,36.13,35.94,36.65,35.52,1034070.16
2026-04-27,35.37,36.81,37.32,34.91,1684356.34
2026-04-28,36.55,35.58,36.55,35.39,1132502.97
2026-04-29,35.39,35.98,36.54,35.14,968269.4
2026-04-30,35.77,36.26,36.39,35.27,983813.85
2026-05-06,37.06,37.79,38.63,37.0,2167113.63
2026-05-07,38.13,38.43,38.47,37.58,1463360.14
2026-05-08,38.06,38.21,38.43,37.47,1378173.77
2026-05-11,38.73,38.64,39.01,38.1,1646498.87
2026-05-12,38.43,37.63,38.53,37.5,1269516.73
2026-05-13,37.39,38.36,38.43,37.25,1215571.1
2026-05-14,39.13,37.11,39.72,37.11,1638006.62
2026-05-15,37.19,36.27,37.83,36.14,1469673.67
2026-05-18,35.96,37.06,37.62,35.59,1340806.66
2026-05-19,37.0,37.2,37.34,36.31,1050853.65
2026-05-20,36.85,36.73,37.69,36.68,911696.64
2026-05-21,37.31,34.41,37.41,34.26,1683551.65
2026-05-22,34.69,35.21,35.27,34.24,1196842.8
2026-05-25,35.42,35.83,35.89,35.27,934309.4
2026-05-26,35.57,35.11,35.57,34.35,1259588.03
2026-05-27,35.11,34.4,35.67,34.02,1447302.59
2026-05-28,34.81,37.84,37.84,34.03,2227173.72
2026-05-29,38.04,36.28,38.31,36.0,2699247.03
2026-06-01,36.21,34.68,36.39,34.64,1615572.17
2026-06-02,34.7,35.86,36.02,34.38,1773783.83
2026-06-03,36.36,36.0,37.84,35.57,2432700.52
2026-06-04,35.92,37.29,38.04,35.6,2405913.39
2026-06-05,37.13,38.66,40.8,36.6,4637053.94
2026-06-08,37.56,36.37,38.53,36.06,3023491.69
2026-06-09,36.94,38.67,38.86,36.74,3107500.77
2026-06-10,38.21,37.96,40.03,37.43,2817708.42
2026-06-11,37.45,37.35,39.02,36.83,2480502.45
2026-06-12,38.13,35.91,38.23,35.71,2614711.18
2026-06-15,36.07,36.77,37.05,35.27,1734931.66
2026-06-16,36.46,37.54,38.02,36.11,2128867.5
2026-06-17,37.05,37.19,37.66,36.67,1514872.12
2026-06-18,36.96,37.43,38.17,36.56,2180737.77
2026-06-22,37.61,38.95,39.18,37.43,2936034.32
2026-06-23,38.63,37.55,38.78,37.15,2162019.92
2026-06-24,37.05,36.97,37.92,36.36,1627307.73
2026-06-25,37.45,37.98,38.33,36.86,2340788.4
2026-06-26,37.33,35.24,37.33,35.24,2345798.06
2026-06-29,34.92,34.78,35.74,34.31,1179959.53
2026-06-30,34.77,35.75,36.15,34.68,1215484.34
2026-07-01,35.96,36.73,37.96,35.84,2201294.01
2026-07-02,35.84,34.89,35.86,34.79,1824675.4
2026-07-03,34.87,35.94,37.05,34.87,1538669.53
2026-07-06,35.57,35.84,36.7,34.78,1514374.94
2026-07-07,35.28,35.36,36.05,35.18,879548.44
2026-07-08,36.35,36.43,37.05,35.69,1975025.68
2026-07-09,36.65,39.84,40.01,36.53,5359353.11
2026-07-10,39.32,40.04,42.48,39.15,4502718.03
2026-07-13,40.51,39.56,41.99,39.1,3323144.28
2026-07-14,40.51,39.43,41.08,37.16,3071295.93
2026-07-15,39.91,38.97,40.78,38.32,2677691.58
2026-07-16,39.52,39.52,40.91,38.83,3613700.11
2026-07-17,38.5,35.57,38.79,35.57,3497130.63
2026-07-20,35.57,33.32,35.74,32.74,3078590.97
2026-07-21,33.44,34.46,34.52,32.0,2351920.31
2026-07-22,33.84,37.05,37.91,33.7,4825997.7
2026-07-23,36.56,35.49,37.1,35.38,2835596.65
2026-07-24,34.59,34.58,35.39,34.38,1791419.74
2026-07-27,34.3,34.83,34.83,33.74,1410247.93
2026-07-28,34.07,33.62,34.46,33.54,1472399.53
2026-07-29,33.79,34.08,34.22,33.38,1116234.68
2026-07-30,33.74,33.3,34.12,33.06,1280221.71
2026-07-31,34.48,33.81,34.61,33.8,1391570.75
2026-08-03,33.5,34.02,34.27,33.38,791481.36
2026-08-04,34.24,34.37,34.54,34.1,1207416.71
2026-08-05,34.0,34.74,34.97,33.96,1660132.26
2026-08-06,34.2,34.7,34.98,33.95,1501507.74
2026-08-07,34.78,34.7,35.38,34.49,1586405.05
2026-08-10,34.47,34.3,34.5,34.02,1045233.07
2026-08-11,34.13,34.19,34.57,34.03,852714.85
2026-08-12,34.03,35.59,35.78,33.88,2486185.7
2026-08-13,35.3,35.08,36.09,35.03,2044529.52
2026-08-14,35.1,35.05,35.33,34.67,1118870.61
2026-08-17,35.3,36.02,36.2,34.83,1832050.45
2026-08-18,35.77,35.11,35.78,34.95,1312763.72
2026-08-19,34.66,33.67,34.67,33.5,1463117.45
2026-08-20,33.8,33.84,34.09,33.61,588251.08
2026-08-21,33.51,33.78,33.92,33.43,487716.93
2026-08-24,33.3,33.13,33.52,32.89,764428.1
2026-08-25,32.92,33.42,33.5,32.83,433397.77
2026-08-26,33.42,33.54,33.69,33.34,402703.93
2026-08-27,33.57,33.96,33.99,33.54,659381.53
2026-08-28,33.8,33.63,34.01,33.61,531363.32
2026-08-31,33.3,34.18,34.26,33.1,790850.43
2026-09-01,33.99,34.28,34.76,33.93,918868.98
2026-09-02,34.69,33.49,34.89,33.29,1048050.31
2026-09-03,33.7,33.3,33.75,33.16,622367.37
2026-09-04,33.45,33.07,33.57,32.93,764585.03
2026-09-07,33.1,33.28,33.37,32.99,555770.72
2026-09-08,33.36,33.21,33.43,33.16,456250.08
2026-09-09,33.27,33.09,33.43,33.0,438984.2
2026-09-10,32.88,32.45,32.9,32.42,566094.7
2026-09-11,32.06,32.17,32.22,31.81,551056.53
2026-09-14,31.9,31.95,32.14,31.8,359229.9
2026-09-15,31.89,32.01,32.26,31.86,357968.43
2026-09-16,32.05,32.37,32.52,32.0,442932.43
2026-09-17,32.11,31.87,32.25,31.81,511282.62
2026-09-18,32.04,32.44,32.66,32.01,653025.02
