date,open,close,high,low,volume
2013-01-04,5.2,5.06,5.28,5.02,394257.82
2013-01-07,5.06,5.22,5.27,5.0,241652.48
2013-01-08,5.19,5.27,5.4,5.16,219513.12
2013-01-09,5.24,5.25,5.34,5.17,155374.04
2013-01-10,5.23,5.3,5.34,5.19,150553.4
2013-01-11,5.29,5.29,5.48,5.25,258610.34
2013-01-14,5.29,5.5,5.54,5.21,176294.68
2013-01-15,5.51,5.46,5.6,5.38,152459.41
2013-01-16,5.46,5.38,5.49,5.27,125827.32
2013-01-17,5.35,5.28,5.45,5.23,104699.99
2013-01-18,5.34,5.4,5.42,5.27,121970.22
2013-01-21,5.41,5.46,5.53,5.35,123623.15
2013-01-22,5.47,5.73,5.92,5.41,319141.27
2013-01-23,5.92,5.94,6.26,5.88,458107.14
2013-01-24,5.84,5.93,6.14,5.83,350623.5
2013-01-25,5.87,5.81,5.96,5.7,141209.52
2013-01-28,5.82,5.92,5.99,5.75,127757.43
2013-01-29,5.97,5.9,6.08,5.82,131708.64
2013-01-30,5.95,5.93,6.03,5.86,114887.68
2013-01-31,5.88,5.87,5.95,5.81,100059.54
2013-02-01,5.87,5.88,5.94,5.81,120099.81
2013-02-04,5.89,5.94,6.07,5.89,132625.65
2013-02-05,5.91,5.81,5.99,5.75,163213.79
2013-02-06,5.81,5.76,5.86,5.73,106299.21
2013-02-07,5.79,5.79,5.81,5.69,84544.7
2013-02-08,5.8,5.97,6.02,5.8,145153.83
2013-02-18,6.0,5.94,6.05,5.87,79013.73
2013-02-19,5.88,5.8,5.94,5.79,77432.06
2013-02-20,5.79,5.98,6.0,5.79,112635.02
2013-02-21,5.92,5.59,5.92,5.54,163798.36
2013-02-22,5.62,5.46,5.7,5.44,113690.2
2013-02-25,5.51,5.57,5.61,5.46,80946.16
2013-02-26,5.54,5.34,5.54,5.29,94724.59
2013-02-27,5.35,5.42,5.46,5.33,67682.59
2013-02-28,5.44,5.62,5.65,5.44,87583.74
2013-03-01,5.64,5.55,5.66,5.52,99114.99
2013-03-04,5.52,5.36,5.52,5.32,103156.23
2013-03-05,5.41,5.52,5.55,5.32,79200.44
2013-03-06,5.53,5.57,5.62,5.5,95338.02
2013-03-07,5.56,5.63,5.75,5.51,111967.08
2013-03-08,5.63,5.63,5.76,5.62,54327.81
2013-03-11,5.63,5.62,5.76,5.62,59330.88
2013-03-12,5.64,5.55,5.65,5.4,88865.41
2013-03-13,5.52,5.36,5.55,5.33,65807.58
2013-03-14,5.33,5.32,5.41,5.27,47102.23
2013-03-15,5.36,5.22,5.43,5.2,79638.7
2013-03-18,5.19,5.08,5.25,5.04,70505.41
2013-03-19,5.13,5.17,5.22,5.11,44486.83
2013-03-20,5.17,5.32,5.34,5.15,78137.73
2013-03-21,5.35,5.47,5.52,5.33,92984.7
2013-03-22,5.46,5.42,5.46,5.34,53888.86
2013-03-25,5.42,5.39,5.49,5.36,45015.96
2013-03-26,5.37,5.3,5.37,5.26,52312.47
2013-03-27,5.3,5.35,5.43,5.29,37842.99
2013-03-28,5.27,5.2,5.36,5.19,86420.06
2013-03-29,5.26,5.19,5.28,5.19,38708.18
2013-04-01,5.19,5.22,5.29,5.17,36456.81
2013-04-02,5.18,5.27,5.35,5.18,53922.27
2013-04-03,5.29,5.25,5.37,5.18,51332.99
2013-04-08,5.1,5.17,5.26,5.04,67816.38
2013-04-09,5.22,5.15,5.24,5.13,58395.71
2013-04-10,5.15,5.09,5.2,5.08,47659.26
2013-04-11,5.15,5.0,5.17,4.98,50654.06
2013-04-12,5.0,4.94,5.03,4.94,30699.08
2013-04-15,4.95,4.89,4.99,4.86,32593.7
2013-04-16,4.87,4.94,4.94,4.83,47804.44
2013-04-17,4.95,4.91,4.99,4.84,35768.42
2013-04-18,4.9,4.93,4.95,4.84,39696.08
2013-04-19,4.95,5.06,5.07,4.92,53275.51
2013-04-22,5.07,5.18,5.2,5.02,96289.92
2013-04-23,5.14,4.89,5.14,4.84,100519.81
2013-04-24,4.91,4.98,5.01,4.87,49082.82
2013-04-25,4.95,4.92,5.01,4.87,46144.44
2013-04-26,4.94,4.77,4.98,4.77,45671.08
2013-05-02,4.59,4.59,4.65,4.49,88306.48
2013-05-03,4.59,4.64,4.74,4.59,42924.66
2013-05-06,4.64,4.67,4.7,4.62,54515.99
2013-05-07,4.66,4.65,4.67,4.62,35364.58
2013-05-08,4.69,4.71,4.75,4.69,58337.33
2013-05-09,4.72,4.64,4.74,4.6,38186.56
2013-05-10,4.63,4.75,4.77,4.61,61609.76
2013-05-13,4.75,4.85,4.92,4.71,94253.65
2013-05-14,4.85,4.97,5.06,4.73,111003.68
2013-05-15,5.01,4.91,5.04,4.88,56650.85
2013-05-16,4.92,5.03,5.04,4.88,75094.5
2013-05-17,5.04,5.22,5.23,5.04,120162.79
2013-05-20,5.22,5.25,5.29,5.17,93289.29
2013-05-21,5.26,5.24,5.3,5.18,74268.9
2013-05-22,5.24,5.08,5.24,5.07,96931.15
2013-05-23,5.04,5.03,5.12,4.99,66032.11
2013-05-24,5.06,5.12,5.18,5.03,74897.05
2013-05-27,5.15,5.08,5.16,5.06,63926.07
2013-05-28,5.1,5.21,5.22,5.02,112860.22
2013-05-29,5.23,5.1,5.24,5.1,146709.52
2013-05-30,5.09,5.11,5.14,5.07,54742.91
2013-05-31,5.11,5.33,5.41,5.09,234729.99
2013-06-03,5.37,5.27,5.37,5.25,98993.24
2013-06-04,5.27,5.14,5.27,5.09,78519.53
2013-06-05,5.14,5.04,5.18,5.03,96191.61
2013-06-06,5.04,4.87,5.07,4.84,122212.49
2013-06-07,4.87,4.68,4.89,4.62,97965.3
2013-06-13,4.59,4.52,4.62,4.5,86074.16
2013-06-14,4.54,4.55,4.59,4.54,49294.44
2013-06-17,4.56,4.67,4.71,4.56,76365.83
2013-06-18,4.67,4.72,4.73,4.64,64152.33
2013-06-19,4.71,4.64,4.76,4.62,57897.83
2013-06-20,4.67,4.48,4.67,4.47,53886.41
2013-06-21,4.37,4.38,4.47,4.33,65763.84
2013-06-24,4.38,4.0,4.39,3.99,102104.85
2013-06-25,3.99,3.98,4.0,3.75,99374.59
2013-06-26,4.01,4.05,4.1,3.99,143977.07
2013-06-27,4.08,4.19,4.37,4.01,109554.66
2013-06-28,4.25,4.3,4.39,4.22,120187.61
2013-07-01,4.31,4.28,4.31,4.14,75172.16
2013-07-02,4.28,4.24,4.29,4.19,54892.56
2013-07-03,4.21,4.15,4.21,4.11,57689.78
2013-07-04,4.17,4.39,4.39,4.15,103060.21
2013-07-05,4.4,4.29,4.4,4.27,118641.51
2013-07-08,4.2,4.13,4.24,4.12,59268.18
2013-07-09,4.13,4.1,4.19,4.04,34083.46
2013-07-10,4.1,4.25,4.25,4.07,74099.34
2013-07-11,4.28,4.42,4.47,4.23,140511.31
2013-07-12,4.38,4.29,4.42,4.27,72377.32
2013-07-15,4.27,4.31,4.38,4.27,58582.14
2013-07-16,4.28,4.36,4.38,4.22,70562.5
2013-07-17,4.33,4.24,4.43,4.21,121479.44
2013-07-18,4.26,4.16,4.34,4.16,88262.19
2013-07-19,4.18,4.1,4.2,4.06,74802.3
2013-07-22,4.07,4.14,4.16,4.04,36511.37
2013-07-23,4.17,4.39,4.44,4.17,165943.21
2013-07-24,4.37,4.59,4.62,4.33,236214.06
2013-07-25,4.6,4.59,4.64,4.53,124262.67
2013-07-26,4.6,4.59,4.73,4.51,125613.56
2013-07-29,4.54,4.42,4.54,4.34,166081.75
2013-07-30,4.42,4.52,4.63,4.37,118012.55
2013-07-31,4.54,4.51,4.7,4.48,68805.97
2013-08-01,4.54,4.68,4.71,4.54,114707.34
2013-08-02,4.73,4.67,4.85,4.64,101083.04
2013-08-05,4.67,4.71,4.74,4.66,72157.73
2013-08-06,4.69,4.68,4.7,4.62,74724.31
2013-08-07,4.66,4.67,4.77,4.64,73913.63
2013-08-08,4.67,4.61,4.68,4.6,52608.08
2013-08-09,4.63,4.6,4.68,4.52,48481.94
2013-08-12,4.66,4.74,4.77,4.62,98666.63
2013-08-13,4.75,4.71,4.76,4.69,57586.57
2013-08-14,4.72,4.83,4.88,4.71,129031.33
2013-08-15,4.85,4.76,4.85,4.76,62638.71
2013-08-16,4.78,4.7,4.91,4.68,94503.12
2013-08-19,4.69,4.75,4.77,4.67,48634.11
2013-08-20,4.75,4.7,4.82,4.69,59100.52
2013-08-21,4.74,4.65,4.74,4.61,56032.24
2013-08-22,4.62,4.62,4.71,4.6,83343.54
2013-08-23,4.66,4.48,4.69,4.42,95746.82
2013-08-26,4.49,4.68,4.69,4.45,106687.2
2013-08-27,4.71,4.8,4.92,4.68,210442.57
2013-08-28,4.74,5.07,5.23,4.69,346431.55
2013-08-29,5.04,5.16,5.27,5.01,287741.72
2013-08-30,5.13,5.3,5.51,5.11,452187.49
2013-09-02,5.34,5.09,5.37,5.03,221820.53
2013-09-03,5.09,5.23,5.29,5.08,168909.33
2013-09-04,5.26,5.13,5.31,5.1,152955.53
2013-09-05,5.12,5.32,5.38,5.01,182147.63
2013-09-06,5.24,5.55,5.61,5.2,313888.03
2013-09-09,5.53,5.87,6.04,5.5,426989.63
2013-09-10,5.85,5.87,6.01,5.75,343417.01
2013-09-11,5.88,5.77,5.98,5.72,270100.65
2013-09-12,5.74,5.72,5.81,5.52,246659.49
2013-09-13,5.69,6.29,6.29,5.64,485167.73
2013-09-16,6.38,6.21,6.48,6.1,471218.4
2013-09-17,6.22,6.01,6.37,5.96,302862.43
2013-09-18,5.95,6.02,6.06,5.84,175393.45
2013-09-23,6.01,6.1,6.27,5.95,169199.63
2013-09-24,6.06,6.03,6.09,5.82,189539.53
2013-09-25,5.97,5.87,6.06,5.87,140925.45
2013-09-26,5.83,5.47,5.87,5.45,229830.05
2013-09-27,5.45,5.5,5.59,5.4,115998.06
2013-09-30,5.48,5.6,5.66,5.47,78954.15
2013-10-08,5.57,5.73,5.78,5.53,158249.48
2013-10-09,5.7,5.78,5.85,5.66,114620.1
2013-10-10,5.76,5.88,6.0,5.72,248262.04
2013-10-11,5.9,5.85,5.93,5.83,128015.17
2013-10-14,5.87,5.84,5.94,5.82,124965.06
2013-10-15,5.89,6.0,6.1,5.74,224940.44
2013-10-16,5.91,5.68,5.93,5.53,167182.31
2013-10-17,5.7,5.61,5.76,5.58,92165.38
2013-10-18,5.61,5.62,5.7,5.53,64928.59
2013-10-21,5.62,5.7,5.73,5.6,75548.0
2013-10-22,5.71,5.61,5.82,5.6,101579.09
2013-10-23,5.63,5.42,5.67,5.4,112612.82
2013-10-24,5.43,5.43,5.57,5.38,68005.43
2013-10-25,5.36,5.23,5.46,5.14,139971.59
2013-10-28,5.21,5.18,5.29,5.18,92797.47
2013-10-29,5.18,5.07,5.26,5.01,109974.21
2013-10-30,5.08,5.27,5.29,5.06,131042.82
2013-10-31,5.44,5.39,5.6,5.31,193105.01
2013-11-01,5.23,5.3,5.38,5.19,77305.16
2013-11-04,5.3,5.39,5.47,5.3,68411.09
2013-11-05,5.41,5.47,5.5,5.35,87110.63
2013-11-06,5.44,5.31,5.47,5.3,88840.07
2013-11-07,5.28,5.24,5.34,5.2,65095.22
2013-11-08,5.25,5.19,5.31,5.18,61993.65
2013-11-11,5.19,5.24,5.27,5.14,57227.03
2013-11-12,5.24,5.33,5.35,5.24,62841.64
2013-11-13,5.3,5.2,5.32,5.18,63888.99
2013-11-14,5.24,5.32,5.35,5.16,77847.61
2013-11-15,5.34,5.47,5.54,5.33,152927.38
2013-11-18,5.61,5.95,6.02,5.61,425258.34
2013-11-19,5.93,5.9,6.0,5.8,180188.54
2013-11-20,5.93,6.04,6.11,5.86,204985.63
2013-11-21,6.01,6.01,6.29,5.88,316203.37
2013-11-22,5.96,5.98,6.01,5.81,188585.99
2013-11-25,5.95,5.95,6.1,5.87,211461.31
2013-11-26,5.95,5.85,5.97,5.82,115797.21
2013-11-27,5.84,5.91,6.0,5.84,126597.83
2013-11-28,5.93,6.0,6.13,5.91,173284.81
2013-11-29,6.01,6.12,6.2,6.0,190638.42
2013-12-02,6.03,6.32,6.32,5.84,415022.96
2013-12-03,6.23,6.35,6.46,6.19,229656.51
2013-12-04,6.33,6.5,6.69,6.27,421281.46
2013-12-05,6.47,6.37,6.59,6.35,210413.44
2013-12-06,6.35,6.39,6.53,6.33,157455.91
2013-12-09,6.38,6.4,6.5,6.21,170127.0
2013-12-10,6.4,6.21,6.43,6.18,167273.48
2013-12-11,6.23,6.08,6.28,5.92,242838.42
2013-12-12,6.06,6.01,6.14,5.99,86363.15
2013-12-13,5.95,6.07,6.15,5.95,91086.36
2013-12-16,6.04,6.04,6.19,5.98,106430.38
2013-12-17,6.04,5.91,6.05,5.9,110815.52
2013-12-18,5.93,5.96,6.08,5.88,66128.45
2013-12-19,5.98,5.97,6.06,5.95,73978.66
2013-12-20,5.97,5.87,6.04,5.85,87607.36
2013-12-23,5.9,5.87,5.94,5.77,59739.85
2013-12-25,6.07,6.28,6.29,6.01,260106.5
2013-12-26,6.23,6.35,6.52,6.23,300664.96
2013-12-27,6.33,6.42,6.5,6.28,132598.91
2013-12-30,6.43,6.47,6.51,6.31,117735.51
2013-12-31,6.41,6.32,6.43,6.25,132299.26
2014-01-02,6.28,6.58,6.66,6.28,205348.87
2014-01-03,6.64,6.68,6.95,6.61,248628.88
2014-01-06,6.57,6.46,6.7,6.44,175141.8
2014-01-07,6.42,6.66,6.69,6.39,161846.98
2014-01-08,6.66,6.63,6.78,6.57,92554.08
2014-01-09,6.61,6.74,6.86,6.61,143089.16
2014-01-10,6.8,6.54,6.8,6.41,135354.39
2014-01-13,6.55,6.52,6.64,6.35,168909.32
2014-01-14,6.46,6.78,6.89,6.46,166300.89
2014-01-15,6.82,6.82,6.87,6.69,107790.2
2014-01-16,6.82,7.02,7.12,6.8,219729.9
2014-01-17,7.06,6.93,7.11,6.86,103506.53
2014-01-20,6.91,6.94,7.09,6.82,74724.02
2014-01-21,6.96,7.2,7.21,6.96,140629.16
2014-01-22,7.2,7.18,7.31,7.12,239712.65
2014-01-23,7.18,7.14,7.27,7.01,125453.66
2014-01-24,7.15,7.1,7.18,6.96,133351.4
2014-01-27,7.06,6.79,7.06,6.78,173040.66
2014-01-28,6.8,6.85,6.96,6.8,90791.6
2014-01-29,6.86,6.68,7.08,6.63,126943.4
2014-01-30,6.67,6.69,6.8,6.62,86783.15
2014-02-07,6.57,6.78,6.89,6.55,67063.56
2014-02-10,6.8,6.76,6.98,6.69,226621.72
2014-02-11,6.76,6.7,6.84,6.62,137325.09
2014-02-12,6.72,6.96,6.96,6.72,181221.72
2014-02-13,6.94,6.83,6.94,6.82,106428.96
2014-02-14,6.82,6.86,6.9,6.81,71090.85
2014-02-17,6.88,6.87,6.92,6.76,81935.15
2014-02-18,6.86,6.69,6.86,6.66,133868.63
2014-02-19,6.67,6.57,6.67,6.55,159485.36
2014-02-20,6.59,6.58,6.73,6.56,101274.03
2014-02-21,6.6,6.52,6.64,6.48,86807.38
2014-02-24,6.51,6.34,6.51,6.17,168714.24
2014-02-25,6.33,6.1,6.36,6.08,114822.54
2014-02-26,6.09,6.18,6.2,5.92,139202.22
2014-02-27,6.17,6.01,6.18,5.99,96944.67
2014-02-28,6.09,6.26,6.26,6.09,119908.81
2014-03-03,6.22,6.45,6.48,6.2,157096.77
2014-03-04,6.41,6.35,6.43,6.24,101988.03
2014-03-05,6.38,6.36,6.44,6.35,60329.32
2014-03-06,6.35,6.44,6.49,6.31,67493.51
2014-03-07,6.41,6.31,6.48,6.25,65542.57
2014-03-10,6.29,5.98,6.29,5.98,85747.05
2014-03-11,5.96,5.99,6.06,5.95,53421.4
2014-03-12,5.97,5.85,5.97,5.81,90078.72
2014-03-13,5.85,5.95,6.0,5.85,51373.73
2014-03-14,5.94,5.86,5.94,5.81,35295.57
2014-03-17,5.89,6.01,6.02,5.82,49672.1
2014-03-18,6.03,6.12,6.22,6.03,80849.62
2014-03-19,6.09,6.14,6.2,6.05,46243.25
2014-03-20,6.13,5.92,6.16,5.92,54439.58
2014-03-21,5.9,6.09,6.13,5.84,61925.46
2014-03-24,6.11,6.06,6.12,5.98,59820.26
2014-03-25,6.04,6.31,6.34,6.01,125879.96
2014-03-26,6.35,6.22,6.42,6.21,81288.17
2014-03-27,6.35,6.38,6.5,6.23,180830.14
2014-03-28,6.36,6.25,6.42,6.23,149106.43
2014-03-31,6.2,6.24,6.27,6.16,60490.78
2014-04-01,6.24,6.43,6.45,6.23,112609.91
2014-04-02,6.4,6.42,6.47,6.35,65673.61
2014-04-03,6.46,6.21,6.47,6.2,107759.82
2014-04-04,6.21,6.25,6.28,6.16,41488.97
2014-04-08,6.23,6.33,6.41,6.19,93059.62
2014-04-09,6.33,6.25,6.33,6.17,172738.23
2014-04-10,6.23,6.29,6.34,6.2,122462.81
2014-04-11,6.28,6.28,6.34,6.24,87768.13
2014-04-14,6.25,6.23,6.3,6.2,61605.42
2014-04-15,6.21,6.11,6.21,6.11,77867.4
2014-04-16,6.07,6.13,6.18,6.06,39952.92
2014-04-17,6.15,6.09,6.18,6.08,37042.54
2014-04-18,6.06,6.09,6.09,5.98,63891.92
2014-04-21,6.04,5.95,6.1,5.89,59308.13
2014-04-22,5.93,5.81,5.98,5.75,111024.89
2014-04-23,5.8,5.82,5.85,5.77,47457.2
2014-04-24,5.79,5.84,5.97,5.79,70261.97
2014-04-25,5.85,5.71,5.87,5.69,55346.6
2014-04-28,5.61,5.16,5.66,5.14,214967.92
2014-04-29,5.12,5.25,5.29,5.12,68041.45
2014-04-30,5.27,5.4,5.47,5.23,67240.26
2014-05-05,5.4,5.33,5.4,5.26,38032.48
2014-05-06,5.33,5.41,5.46,5.32,47542.02
2014-05-07,5.36,5.25,5.36,5.25,46143.93
2014-05-08,5.23,5.27,5.34,5.19,49743.31
2014-05-09,5.26,5.25,5.27,5.19,36440.04
2014-05-12,5.28,5.4,5.42,5.28,79442.33
2014-05-13,5.38,5.38,5.41,5.36,31236.65
2014-05-14,5.38,5.38,5.43,5.36,40390.96
2014-05-15,5.38,5.31,5.42,5.3,38032.92
2014-05-16,5.31,5.32,5.36,5.28,33951.94
2014-05-19,5.27,5.21,5.3,5.18,35362.13
2014-05-20,5.24,5.22,5.28,5.14,43618.05
2014-05-21,5.16,5.27,5.28,5.16,39446.48
2014-05-22,5.27,5.28,5.36,5.23,48563.61
2014-05-23,5.28,5.33,5.34,5.27,27236.67
2014-05-26,5.42,5.36,5.42,5.32,46126.99
2014-05-27,5.36,5.31,5.39,5.29,31190.12
2014-05-28,5.32,5.36,5.36,5.27,55189.74
2014-05-29,5.36,5.35,5.38,5.31,59156.46
2014-05-30,5.37,5.36,5.38,5.32,36264.8
2014-06-03,5.36,5.36,5.38,5.32,34553.99
2014-06-04,5.35,5.23,5.35,5.18,54914.89
2014-06-05,5.23,5.27,5.29,5.21,37267.94
2014-06-06,5.27,5.21,5.29,5.15,34624.08
2014-06-09,5.19,5.21,5.28,5.18,36719.96
2014-06-10,5.21,5.24,5.25,5.19,37254.69
2014-06-11,5.24,5.29,5.31,5.21,51342.63
2014-06-12,5.3,5.24,5.31,5.23,36001.64
2014-06-13,5.23,5.33,5.34,5.22,64574.32
2014-06-16,5.33,5.44,5.48,5.31,98892.15
2014-06-17,5.44,5.44,5.52,5.42,72356.39
2014-06-18,5.46,5.29,5.5,5.27,58644.57
2014-06-19,5.31,5.27,5.38,5.23,46709.48
2014-06-20,5.23,5.33,5.33,5.22,50917.23
2014-06-23,5.33,5.31,5.37,5.3,45745.35
2014-06-24,5.31,5.31,5.34,5.29,33235.32
2014-06-25,5.31,5.27,5.31,5.24,22909.56
2014-06-26,5.27,5.36,5.36,5.27,61213.4
2014-06-27,5.35,5.41,5.44,5.33,69279.7
2014-06-30,5.41,5.72,5.92,5.41,232330.35
2014-07-01,5.67,5.79,5.89,5.67,173245.77
2014-07-02,5.79,5.83,5.86,5.72,105253.79
2014-07-03,5.84,5.88,5.96,5.84,139281.74
2014-07-04,5.91,5.88,5.91,5.77,97873.58
2014-07-07,5.88,5.84,5.89,5.79,72806.02
2014-07-08,5.84,5.81,5.84,5.75,55285.58
2014-07-09,5.81,5.87,5.94,5.79,95024.83
2014-07-10,5.84,5.99,6.02,5.83,129352.14
2014-07-11,6.04,5.93,6.04,5.92,76711.29
2014-07-14,5.92,6.14,6.16,5.91,121205.68
2014-07-15,6.23,6.16,6.24,6.12,139799.08
2014-07-16,6.16,6.07,6.17,6.06,72282.02
2014-07-17,6.06,6.03,6.06,5.99,47326.4
2014-07-18,5.99,6.03,6.08,5.98,41024.91
2014-07-21,6.06,5.99,6.16,5.97,58271.32
2014-07-22,5.99,6.0,6.03,5.91,81848.25
2014-07-23,6.0,6.04,6.09,5.94,106184.84
2014-07-24,6.04,6.18,6.18,6.01,105758.49
2014-07-25,6.16,6.2,6.22,6.07,96281.43
2014-07-28,6.22,6.32,6.32,6.21,112466.56
2014-07-29,6.32,6.38,6.43,6.24,129109.16
2014-07-30,6.37,6.39,6.59,6.37,96359.13
2014-07-31,6.45,6.39,6.45,6.34,59958.98
2014-08-01,6.36,6.42,6.48,6.35,94015.19
2014-08-04,6.39,6.5,6.5,6.39,73754.19
2014-08-05,6.5,6.55,6.57,6.48,73976.55
2014-08-06,6.53,6.44,6.53,6.38,90691.53
2014-08-07,6.44,6.32,6.47,6.32,75628.96
2014-08-08,6.35,6.38,6.41,6.33,36434.56
2014-08-11,6.41,6.51,6.54,6.39,85655.86
2014-08-12,6.47,6.51,6.52,6.44,53323.12
2014-08-13,6.52,6.41,6.53,6.4,73905.62
2014-08-14,6.41,6.32,6.44,6.29,101015.43
2014-08-15,6.35,6.37,6.39,6.29,52659.0
2014-08-18,6.36,6.38,6.46,6.34,78152.75
2014-08-19,6.38,6.35,6.39,6.3,60949.93
2014-08-20,6.32,6.39,6.44,6.28,94932.76
2014-08-21,6.37,6.25,6.39,6.17,84729.29
2014-08-22,6.22,6.21,6.27,6.15,102376.57
2014-08-25,6.21,6.46,6.57,6.16,182008.85
2014-08-26,6.43,6.35,6.49,6.28,111790.89
2014-08-27,6.34,6.34,6.4,6.28,69787.82
2014-08-28,6.34,6.16,6.34,6.13,87231.54
2014-08-29,6.14,6.17,6.19,6.1,54805.28
2014-09-01,6.18,6.3,6.35,6.17,77508.72
2014-09-02,6.29,6.37,6.39,6.28,110363.53
2014-09-03,6.41,6.83,6.87,6.4,428104.47
2014-09-04,6.82,6.77,6.82,6.68,142294.38
2014-09-05,6.77,6.87,6.99,6.75,164697.46
2014-09-09,6.87,6.97,7.02,6.82,157091.85
2014-09-10,6.95,6.92,7.05,6.89,121643.77
2014-09-11,6.92,6.79,6.97,6.79,138032.83
2014-09-12,6.79,6.87,6.93,6.78,123814.2
2014-09-15,6.84,6.79,6.87,6.75,109668.43
2014-09-16,6.81,6.5,6.85,6.48,149571.63
2014-09-17,6.5,6.51,6.6,6.43,93425.65
2014-09-18,6.45,6.54,6.59,6.42,95375.56
2014-09-19,6.59,6.69,6.73,6.57,105803.77
2014-09-22,6.67,6.76,6.91,6.55,157283.76
2014-09-23,6.7,6.74,6.82,6.68,97636.37
2014-09-24,6.71,6.82,6.87,6.66,160454.04
2014-09-25,6.79,6.81,6.9,6.78,123551.57
2014-09-26,6.8,6.71,6.83,6.7,107437.51
2014-09-29,6.72,6.66,6.75,6.63,107321.7
2014-09-30,6.67,6.68,6.72,6.64,72757.08
2014-10-08,6.71,6.69,6.74,6.65,101971.12
2014-10-09,6.72,6.88,6.96,6.72,219804.85
2014-10-10,6.92,6.87,6.97,6.8,149105.88
2014-10-13,6.88,6.79,6.88,6.71,92897.16
2014-10-14,6.78,7.05,7.08,6.75,314340.12
2014-10-15,6.99,6.96,7.02,6.86,161957.18
2014-10-16,6.9,6.71,6.9,6.71,185405.57
2014-10-17,6.7,6.6,6.71,6.48,149821.4
2014-10-20,6.6,6.64,6.71,6.59,72158.97
2014-10-21,6.64,6.51,6.65,6.5,87098.71
2014-10-22,6.51,6.53,6.58,6.45,77019.03
2014-10-23,6.52,6.37,6.55,6.35,89623.22
2014-10-24,6.37,6.43,6.46,6.37,61829.5
2014-10-27,6.4,6.59,6.68,6.39,97740.91
2014-10-28,6.66,6.72,6.77,6.64,143666.55
2014-10-29,6.79,7.25,7.37,6.75,637528.51
2014-10-30,7.2,7.24,7.34,7.18,300866.78
2014-10-31,7.24,7.31,7.48,7.21,319672.49
2014-11-03,7.43,7.46,7.66,7.38,289745.39
2014-11-04,7.46,7.73,8.18,7.34,424507.81
2014-11-05,7.78,7.78,7.87,7.53,210009.67
2014-11-06,7.74,7.75,7.88,7.6,173861.18
2014-11-07,7.85,7.54,7.94,7.42,251117.47
2014-11-10,7.54,7.61,7.65,7.47,164702.08
2014-11-11,7.61,7.32,7.68,7.2,274245.46
2014-11-12,7.29,7.47,7.53,7.27,124592.72
2014-11-13,7.48,7.41,7.48,7.28,151329.26
2014-11-14,7.32,7.61,7.64,7.24,203111.2
2014-11-17,7.71,7.65,7.86,7.57,198868.38
2014-11-18,7.61,7.81,7.83,7.58,236197.93
2014-11-19,7.77,7.57,7.77,7.55,175371.55
2014-11-20,7.53,7.56,7.61,7.37,128980.99
2014-11-21,7.57,7.66,7.66,7.49,164558.84
2014-11-24,7.79,7.88,8.03,7.64,303046.73
2014-11-25,7.96,8.2,8.34,7.96,310775.22
2014-11-26,8.22,8.15,8.22,8.03,169951.18
2014-11-27,8.16,7.98,8.18,7.92,205382.21
2014-11-28,7.91,7.85,7.97,7.75,293848.64
2014-12-01,7.86,7.65,7.95,7.64,295046.7
2014-12-02,7.65,7.88,8.0,7.65,342603.23
2014-12-03,7.82,8.29,8.3,7.79,523972.49
2014-12-04,8.29,8.65,8.77,8.18,662332.03
2014-12-05,8.7,8.44,8.81,7.92,561533.63
2014-12-08,8.79,9.12,9.26,8.69,812855.94
2014-12-09,9.12,8.83,9.91,8.72,798052.02
2014-12-10,8.83,9.71,9.71,8.76,525734.18
2014-12-11,9.78,9.73,10.17,9.52,526909.42
2014-12-12,9.78,9.84,9.95,9.48,416078.72
2014-12-15,10.51,9.51,10.51,9.35,674298.3
2014-12-16,9.31,9.81,9.87,9.17,499467.71
2014-12-17,9.76,10.08,10.08,9.59,626639.26
2014-12-18,10.24,9.83,10.34,9.77,436651.37
2014-12-19,9.78,9.83,9.95,9.41,402448.34
2014-12-22,9.69,9.07,9.72,8.92,474204.0
2014-12-23,9.0,8.66,9.14,8.6,299060.33
2014-12-24,8.58,8.85,8.89,8.44,334150.96
2014-12-25,8.87,8.96,9.13,8.75,261173.17
2014-12-26,9.02,9.31,9.37,8.92,383310.54
2014-12-29,9.55,9.16,9.67,9.11,347426.31
2014-12-30,9.3,9.03,9.31,8.87,272186.39
2014-12-31,9.04,9.47,9.59,8.98,373552.06
2015-01-05,9.52,9.56,9.75,9.27,456487.82
2015-01-06,9.55,9.49,9.77,9.34,363465.01
2015-01-07,9.41,9.24,9.49,9.16,322170.44
2015-01-08,9.26,8.98,9.29,8.96,227401.76
2015-01-09,8.92,8.84,9.17,8.84,228811.39
2015-01-12,8.77,8.61,8.8,8.52,225284.72
2015-01-13,8.61,8.68,8.76,8.61,125215.83
2015-01-14,8.7,8.52,8.74,8.44,189685.62
2015-01-15,8.53,8.88,8.89,8.47,192344.26
2015-01-16,8.82,8.84,8.88,8.71,154711.55
2015-01-19,8.44,8.17,8.63,7.96,285041.39
2015-01-20,8.21,8.38,8.45,8.21,187317.06
2015-01-21,8.49,8.73,8.81,8.49,222629.18
2015-01-22,8.74,8.77,8.87,8.61,206476.65
2015-01-23,8.75,8.66,8.85,8.6,194239.14
2015-01-26,8.71,8.79,8.83,8.62,188934.21
2015-01-27,8.79,8.66,8.85,8.57,221524.95
2015-01-28,8.64,8.48,8.64,8.46,170350.04
2015-01-29,8.4,8.31,8.42,8.31,134348.68
2015-01-30,8.4,8.23,8.41,8.2,120855.29
2015-02-02,8.18,8.21,8.33,8.05,98823.27
2015-02-03,8.24,8.5,8.52,8.24,177703.49
2015-02-04,8.53,8.34,8.56,8.33,117586.38
2015-02-05,8.47,8.21,8.51,8.18,137918.4
2015-02-06,8.22,7.94,8.26,7.91,124420.9
2015-02-09,7.94,8.09,8.11,7.86,113558.1
2015-02-10,8.09,8.19,8.21,8.05,79538.52
2015-02-11,8.22,8.25,8.34,8.22,89763.05
2015-02-12,8.24,8.26,8.33,8.22,76496.56
2015-02-13,8.33,8.38,8.49,8.31,137466.85
2015-02-16,8.38,8.42,8.5,8.37,100773.04
2015-02-17,8.44,8.58,8.61,8.44,157038.45
2015-02-25,8.6,8.52,8.68,8.5,104864.45
2015-02-26,8.53,8.72,8.72,8.53,165260.86
2015-02-27,8.72,8.67,8.73,8.61,135806.53
2015-03-02,8.7,8.63,8.73,8.57,187046.99
2015-03-03,8.6,8.39,8.61,8.38,212955.91
2015-03-04,8.47,8.42,8.47,8.24,167898.39
2015-03-05,8.33,8.28,8.37,8.21,164876.67
2015-03-06,8.29,8.54,8.63,8.26,241329.69
2015-03-09,8.56,8.58,8.58,8.41,164436.11
2015-03-10,8.58,8.57,8.65,8.5,147403.17
2015-03-11,8.66,8.65,8.71,8.58,197166.85
2015-03-12,8.66,8.63,8.69,8.57,159814.2
2015-03-13,8.66,8.66,8.68,8.59,170636.28
2015-03-16,8.66,8.96,9.02,8.66,330297.21
2015-03-17,8.98,9.18,9.3,8.9,418845.17
2015-03-18,9.2,9.26,9.37,9.14,347126.31
2015-03-19,9.25,9.37,9.38,9.13,391491.36
2015-03-20,9.39,9.37,9.45,9.26,298684.57
2015-03-23,9.33,9.4,9.48,9.33,304425.1
2015-03-24,9.4,9.19,9.43,8.96,395181.01
2015-03-25,9.43,9.38,9.81,9.36,622856.4
2015-03-27,9.39,9.54,9.91,9.39,411055.41
2015-03-30,9.54,10.08,10.21,9.35,677268.15
2015-03-31,10.16,9.81,10.3,9.76,496877.28
2015-04-01,9.81,9.87,9.95,9.72,322435.65
2015-04-02,9.88,9.72,9.89,9.65,348723.57
2015-04-03,9.66,10.03,10.19,9.66,497269.44
2015-04-07,10.15,10.63,10.92,10.15,575809.02
2015-04-08,10.63,10.88,10.93,10.47,583067.87
2015-04-09,10.82,11.19,11.2,10.35,652434.07
2015-04-10,11.64,11.66,11.84,11.28,807505.87
2015-04-13,11.63,11.53,11.85,11.36,525777.78
2015-04-14,11.82,11.35,11.88,11.29,539792.5
2015-04-15,11.25,10.86,11.26,10.69,403333.92
2015-04-16,10.74,11.05,11.25,10.68,299500.82
2015-04-17,11.05,11.49,11.77,11.05,654597.1
2015-04-20,11.49,11.85,12.41,11.25,896876.47
2015-04-21,11.88,11.85,12.09,11.42,527246.46
2015-04-22,11.85,11.92,12.2,11.81,466911.75
2015-04-23,12.19,11.75,12.27,11.69,408291.72
2015-04-24,11.58,11.36,11.63,11.17,401171.91
2015-04-27,11.47,11.78,11.89,11.47,418502.28
2015-04-28,11.78,11.25,11.79,11.08,461656.95
2015-04-29,11.21,11.29,11.42,11.01,289288.1
2015-04-30,11.27,11.12,11.36,11.11,238772.04
2015-05-04,11.12,11.2,11.3,10.99,271142.62
2015-05-05,11.2,10.76,11.35,10.73,313318.98
2015-05-06,10.82,10.39,10.9,10.34,334082.3
2015-05-07,10.3,10.0,10.48,9.97,233350.8
2015-05-08,10.11,10.29,10.34,10.07,247702.61
2015-05-11,10.38,10.58,10.59,10.34,314530.97
2015-05-12,10.57,10.62,10.62,10.42,325669.5
2015-05-13,10.61,10.59,10.88,10.43,282884.54
2015-05-14,10.59,10.44,10.75,10.4,226858.26
2015-05-15,10.39,10.2,10.4,10.05,257683.08
2015-05-18,10.22,11.22,11.22,10.08,666484.9
2015-05-19,11.43,11.62,11.81,11.38,605695.82
2015-05-20,11.65,11.73,12.15,11.53,670100.87
2015-05-21,11.82,11.85,12.11,11.61,454600.53
2015-05-22,11.92,11.77,12.06,11.6,473055.99
2015-05-25,11.84,12.36,12.55,11.75,626701.99
2015-05-26,12.36,12.62,12.62,12.12,594248.71
2015-05-27,12.94,12.64,13.4,12.63,613110.74
2015-05-28,12.77,11.4,12.78,11.37,639892.25
2015-05-29,11.43,11.38,11.71,10.34,398783.08
2015-06-01,11.64,12.14,12.2,11.55,405098.76
2015-06-02,12.15,12.62,12.91,12.14,492156.57
2015-06-03,12.65,12.41,12.92,12.18,384983.12
2015-06-04,12.4,12.11,12.4,11.24,473325.04
2015-06-05,12.39,12.53,12.75,12.2,554388.76
2015-06-08,12.68,13.49,13.71,12.25,905516.8
2015-06-09,13.45,13.62,13.79,13.12,755098.77
2015-06-10,13.29,13.37,13.71,13.01,539636.17
2015-06-11,13.21,13.2,13.44,13.03,363142.94
2015-06-12,13.21,13.53,13.7,13.07,568727.96
2015-06-15,13.63,12.92,13.72,12.89,445872.55
2015-06-16,12.63,12.2,12.8,12.1,411238.98
2015-06-17,12.25,12.48,12.55,11.86,306223.43
2015-06-18,12.46,12.55,13.07,12.27,401119.71
2015-06-19,12.39,12.03,12.94,11.99,413793.1
2015-06-23,11.95,12.51,12.54,11.26,375907.43
2015-06-24,12.59,13.76,13.76,12.49,912940.94
2015-06-25,13.84,13.85,14.67,13.48,1113876.61
2015-06-26,13.42,13.05,14.38,12.47,982107.08
2015-06-29,13.78,14.36,14.36,13.18,1915079.29
2015-06-30,14.12,13.98,14.68,12.92,1621709.59
2015-07-01,13.36,13.35,14.5,13.2,1217280.58
2015-07-02,13.03,12.01,13.11,12.01,862372.43
2015-07-03,10.81,10.81,11.4,10.81,591520.04
2015-07-06,11.56,9.73,11.62,9.73,1031096.11
2015-07-07,9.08,8.76,9.09,8.76,901546.26
2015-07-08,7.88,7.88,7.96,7.88,831192.75
2015-07-09,7.09,8.67,8.67,7.09,769537.03
2015-07-10,8.96,9.53,9.53,8.96,576353.94
2015-07-13,9.8,10.49,10.49,9.76,738942.08
2015-07-14,10.39,9.85,10.81,9.69,745750.1
2015-07-15,9.53,8.86,9.69,8.86,564281.94
2015-07-16,8.86,9.14,9.44,8.29,389941.11
2015-07-17,9.3,9.8,10.04,9.23,367146.96
2015-07-20,9.87,9.95,10.2,9.56,429295.97
2015-07-21,9.98,10.22,10.29,9.71,402172.9
2015-07-22,10.23,10.42,10.52,9.92,516268.19
2015-07-23,11.31,10.83,11.31,10.68,739669.04
2015-07-24,10.98,11.31,11.91,10.95,827107.98
2015-07-27,10.91,10.18,11.51,10.18,560498.64
2015-07-28,9.69,9.7,10.35,9.16,710585.46
2015-07-29,9.95,10.39,10.39,9.6,423935.5
2015-07-30,10.14,9.77,10.63,9.74,394852.88
2015-07-31,9.82,10.07,10.22,9.65,380075.66
2015-08-03,9.87,10.38,10.39,9.78,405551.91
2015-08-04,10.41,10.99,11.03,10.2,386567.9
2015-08-05,10.99,10.6,11.1,10.53,291495.04
2015-08-06,10.44,10.46,10.82,10.31,191049.45
2015-08-07,10.6,10.79,10.92,10.6,221424.76
2015-08-10,11.38,11.35,11.62,11.12,404412.15
2015-08-11,11.34,11.43,11.96,11.0,501418.09
2015-08-12,11.18,11.12,11.54,11.1,282139.34
2015-08-13,11.18,11.82,11.84,11.11,521160.18
2015-08-14,11.92,11.65,11.93,11.49,373969.54
2015-08-17,11.49,11.59,11.7,11.41,265140.93
2015-08-18,11.58,10.43,11.61,10.43,447877.97
2015-08-19,9.95,10.52,10.61,9.43,331750.99
2015-08-20,10.28,9.87,10.38,9.87,215014.71
2015-08-21,9.75,9.34,10.09,9.21,231414.55
2015-08-24,8.96,8.4,8.96,8.4,346112.91
2015-08-25,7.57,7.56,8.28,7.56,353236.72
2015-08-26,7.76,7.41,8.03,7.02,356220.21
2015-08-27,7.63,7.97,7.97,7.41,259908.46
2015-08-28,8.24,8.59,8.68,8.05,321088.81
2015-08-31,8.56,8.58,8.58,8.18,234757.15
2015-09-01,8.44,8.53,8.54,7.85,431471.2
2015-09-02,8.11,9.02,9.09,7.99,475197.81
2015-09-07,8.77,8.58,9.41,8.56,228075.54
2015-09-08,8.4,8.81,8.86,8.2,154430.29
2015-09-09,8.88,8.89,9.07,8.75,196459.42
2015-09-10,8.73,8.56,8.82,8.54,126631.56
2015-09-11,8.55,8.46,8.67,8.31,134298.35
2015-09-14,8.59,7.72,8.63,7.63,175051.57
2015-09-15,7.49,7.35,7.88,7.27,145968.08
2015-09-16,7.42,8.01,8.09,7.37,168048.25
2015-09-17,7.89,7.81,8.26,7.81,167642.7
2015-09-18,7.99,7.96,8.14,7.81,129109.87
2015-09-21,7.87,8.1,8.11,7.72,133411.98
2015-09-22,8.16,8.15,8.32,8.1,154773.83
2015-09-23,8.0,8.38,8.57,7.9,229001.36
2015-09-24,8.39,8.21,8.46,8.13,206740.08
2015-09-25,8.2,7.8,8.23,7.67,132041.46
2015-09-28,7.81,7.72,7.88,7.5,177272.21
2015-09-29,7.63,7.48,7.63,7.41,115314.56
2015-09-30,7.54,7.53,7.58,7.47,93670.36
2015-10-08,7.82,7.86,7.92,7.71,145457.86
2015-10-09,7.87,8.07,8.07,7.85,146250.65
2015-10-12,8.08,8.4,8.5,8.08,282857.01
2015-10-13,8.34,8.3,8.35,8.19,202275.34
2015-10-14,8.23,8.31,8.34,8.16,200563.11
2015-10-15,8.3,8.48,8.53,8.25,210400.38
2015-10-16,8.6,8.56,8.71,8.38,244907.93
2015-10-19,8.58,8.5,8.72,8.41,195675.62
2015-10-20,8.5,8.77,8.93,8.44,291013.9
2015-10-21,8.78,8.2,8.92,8.17,289929.08
2015-10-22,8.2,8.42,8.44,8.1,188645.42
2015-10-23,8.44,8.52,8.55,8.35,223100.3
2015-10-26,8.72,8.57,8.73,8.49,196383.18
2015-10-27,8.54,8.51,8.56,8.2,161163.24
2015-10-28,8.4,8.24,8.4,8.2,226127.41
2015-10-29,8.31,8.36,8.48,8.21,140677.37
2015-10-30,8.31,8.24,8.44,8.18,141769.05
2015-11-02,8.12,8.06,8.24,8.05,105206.57
2015-11-03,8.08,7.99,8.13,7.95,73402.58
2015-11-04,8.03,8.43,8.44,8.03,230667.4
2015-11-05,8.44,8.66,8.92,8.38,451893.29
2015-11-06,8.63,9.2,9.3,8.6,449215.37
2015-11-09,9.01,9.05,9.27,8.95,371292.58
2015-11-10,8.91,8.95,9.15,8.87,229793.96
2015-11-11,8.95,9.06,9.1,8.95,177182.67
2015-11-12,9.16,9.16,9.38,8.82,308107.91
2015-11-13,9.06,9.01,9.24,8.99,179928.68
2015-11-16,8.86,8.97,8.99,8.77,143871.18
2015-11-17,9.04,9.05,9.25,8.99,292776.18
2015-11-18,9.07,9.04,9.23,8.99,204042.15
2015-11-19,9.05,9.5,9.51,9.05,329595.85
2015-11-20,9.49,9.33,9.5,9.2,214289.44
2015-11-23,9.34,9.01,9.36,8.91,222587.31
2015-11-24,8.99,8.91,9.05,8.75,176826.68
2015-11-25,8.86,8.98,9.0,8.79,148221.11
2015-11-26,8.99,8.9,9.06,8.88,136048.06
2015-11-27,8.9,8.22,8.9,8.16,195927.54
2015-11-30,8.29,8.29,8.38,7.96,139753.01
2015-12-01,8.29,8.39,8.5,8.16,124162.65
2015-12-02,8.33,8.67,8.71,8.29,148759.52
2015-12-03,8.6,8.83,8.95,8.56,141389.18
2015-12-04,8.75,8.66,8.81,8.6,102543.37
2015-12-07,8.66,8.78,8.96,8.65,149111.88
2015-12-08,8.73,8.51,8.74,8.47,109964.54
2015-12-09,8.46,8.41,8.55,8.38,82473.02
2015-12-10,8.38,9.25,9.25,8.37,512702.6
2015-12-11,9.21,8.89,9.39,8.89,425510.32
2015-12-14,8.78,8.92,8.96,8.6,258158.53
2015-12-15,8.9,8.99,9.16,8.84,231684.5
2015-12-16,9.07,8.87,9.1,8.86,142111.37
2015-12-17,8.99,9.09,9.16,8.91,297807.35
2015-12-18,9.06,9.01,9.14,8.92,150870.44
2015-12-21,9.03,9.32,9.39,8.99,354120.76
2015-12-22,9.41,9.44,9.47,9.21,267188.01
2015-12-23,9.43,9.73,10.31,9.39,475731.74
2015-12-24,9.73,9.76,9.9,9.48,233525.77
2015-12-25,9.71,9.93,10.04,9.61,230950.81
2015-12-28,9.95,9.42,10.24,9.42,300380.23
2015-12-29,9.49,9.69,9.76,9.39,183127.27
2015-12-30,9.67,9.55,9.73,9.51,161745.03
2015-12-31,9.54,9.21,9.59,9.19,190655.15
2016-01-04,9.21,8.35,9.34,8.33,140089.38
2016-01-05,8.24,8.35,8.53,8.06,232613.9
2016-01-06,8.42,8.55,8.56,8.33,119904.13
2016-01-07,8.37,7.76,8.37,7.72,54283.31
2016-01-08,8.07,7.89,8.16,7.58,184621.66
2016-01-11,7.8,7.1,7.93,7.1,232529.6
2016-01-12,7.1,7.2,7.3,7.05,129833.02
2016-01-13,7.3,6.88,7.35,6.84,123757.48
2016-01-14,6.75,7.05,7.11,6.67,137320.68
2016-01-15,7.03,6.64,7.03,6.53,123472.22
2016-01-18,6.62,6.78,6.92,6.53,122917.43
2016-01-19,6.75,7.01,7.09,6.69,122157.81
2016-01-20,6.98,6.87,7.08,6.78,141782.11
2016-01-21,6.75,6.57,6.92,6.57,106268.67
2016-01-22,6.67,6.67,6.74,6.51,91127.21
2016-01-25,6.74,6.7,6.8,6.66,71943.36
2016-01-26,6.58,6.03,6.62,6.03,199134.24
2016-01-27,6.05,5.85,6.09,5.55,191934.59
2016-01-28,5.7,5.56,5.89,5.52,95660.37
2016-01-29,5.59,5.79,5.92,5.55,121518.34
2016-02-01,5.83,5.68,5.83,5.59,120240.62
2016-02-02,5.67,5.9,5.94,5.66,115271.06
2016-02-03,5.85,6.06,6.1,5.81,158974.37
2016-02-04,6.06,6.17,6.25,6.03,121253.3
2016-02-05,6.21,6.03,6.21,6.01,91518.3
2016-02-15,5.82,5.93,6.02,5.78,76616.08
2016-02-16,5.99,6.21,6.25,5.97,115276.87
2016-02-17,6.21,6.28,6.28,6.14,137357.41
2016-02-18,6.34,6.42,6.64,6.3,214539.29
2016-02-19,6.4,6.42,6.55,6.31,134450.6
2016-02-22,6.53,6.49,6.61,6.43,147156.57
2016-02-23,6.49,6.4,6.55,6.34,113244.74
2016-02-24,6.39,6.77,6.8,6.31,211687.78
2016-02-25,6.71,6.14,6.74,6.1,201760.75
2016-02-26,6.25,6.2,6.31,6.08,107518.33
2016-02-29,6.2,5.88,6.22,5.7,119212.14
2016-03-01,5.95,6.06,6.2,5.9,108957.53
2016-03-02,6.05,6.43,6.48,6.02,197362.45
2016-03-03,6.43,6.48,6.61,6.41,241136.07
2016-03-04,6.45,7.13,7.13,6.43,724787.4
2016-03-07,7.13,7.19,7.22,7.0,495330.22
2016-03-08,7.1,6.88,7.1,6.58,435915.88
2016-03-09,6.67,6.58,6.71,6.53,211584.94
2016-03-10,6.62,6.46,6.69,6.44,168745.88
2016-03-11,6.37,6.33,6.44,6.23,145315.92
2016-03-14,6.44,6.58,6.69,6.42,163078.31
2016-03-15,6.56,6.49,6.6,6.45,101416.37
2016-03-16,6.53,6.54,6.61,6.46,118591.15
2016-03-17,6.62,6.71,6.76,6.53,175749.84
2016-03-18,6.72,6.87,6.94,6.7,212853.7
2016-03-21,6.95,7.02,7.05,6.85,243696.19
2016-03-22,6.96,6.89,6.96,6.86,149023.46
2016-03-23,6.84,6.87,6.94,6.78,123538.46
2016-03-24,6.82,6.74,6.85,6.72,130402.33
2016-03-25,6.72,6.8,6.87,6.72,102014.0
2016-03-28,6.84,6.87,7.01,6.79,170459.87
2016-03-29,6.8,6.58,6.82,6.53,145030.57
2016-03-30,6.92,6.81,6.92,6.69,146604.63
2016-03-31,6.84,6.74,6.84,6.7,163836.76
2016-04-01,6.73,6.62,6.73,6.53,175666.66
2016-04-05,6.58,6.89,6.95,6.58,307299.16
2016-04-06,6.85,6.89,7.0,6.81,179339.47
2016-04-07,6.91,6.71,6.94,6.71,131163.9
2016-04-08,6.71,6.62,6.71,6.57,115387.32
2016-04-11,6.69,6.78,6.84,6.69,138859.49
2016-04-12,6.78,6.82,6.86,6.73,156021.09
2016-04-13,6.85,6.93,7.04,6.83,281939.39
2016-04-14,6.97,6.94,6.99,6.88,126154.84
2016-04-15,6.94,6.9,6.97,6.85,96150.97
2016-04-18,6.88,6.76,6.88,6.71,92518.32
2016-04-19,6.8,6.77,6.83,6.72,82880.29
2016-04-20,6.78,6.49,6.81,6.37,173652.33
2016-04-21,6.48,6.45,6.57,6.45,92922.25
2016-04-22,6.41,6.4,6.48,6.33,105837.82
2016-04-25,6.4,6.33,6.4,6.26,69726.52
2016-04-26,6.35,6.39,6.39,6.3,55762.73
2016-04-27,6.37,6.33,6.42,6.32,63220.31
2016-04-28,6.33,6.28,6.39,6.2,71750.32
2016-04-29,6.24,6.4,6.5,6.24,95003.66
2016-05-03,6.38,6.5,6.51,6.36,78718.43
2016-05-04,6.5,6.46,6.5,6.4,58666.5
2016-05-05,6.46,6.46,6.48,6.42,36811.67
2016-05-06,6.48,6.25,6.49,6.23,83699.89
2016-05-09,6.17,6.03,6.19,5.99,94783.26
2016-05-10,6.01,6.15,6.33,5.95,120032.38
2016-05-11,6.14,6.06,6.16,6.0,61966.49
2016-05-12,5.99,6.03,6.07,5.89,40641.57
2016-05-13,6.05,6.04,6.1,5.98,31133.31
2016-05-16,5.99,6.07,6.07,5.98,37957.2
2016-05-17,6.07,6.01,6.1,5.99,44922.94
2016-05-18,6.02,6.08,6.1,5.93,96632.6
2016-05-19,6.08,6.01,6.1,6.01,54315.05
2016-05-20,5.97,6.03,6.05,5.95,37105.52
2016-05-23,6.03,6.09,6.12,6.03,58587.95
2016-05-24,6.1,6.03,6.1,5.99,39940.79
2016-05-25,6.05,6.0,6.07,5.98,31636.28
2016-05-26,6.03,6.08,6.13,5.97,63992.33
2016-05-27,6.07,6.11,6.16,6.01,66343.95
2016-05-30,6.07,6.07,6.12,6.03,50587.46
2016-05-31,6.07,6.28,6.28,6.07,108464.93
2016-06-01,6.27,6.24,6.29,6.21,87003.89
2016-06-02,6.21,6.25,6.25,6.21,68595.83
2016-06-03,6.25,6.25,6.29,6.21,64056.42
2016-06-06,6.25,6.35,6.44,6.2,143788.85
2016-06-07,6.33,6.28,6.33,6.25,72890.82
2016-06-08,6.31,6.25,6.31,6.2,60842.5
2016-06-13,6.18,5.97,6.19,5.95,79213.08
2016-06-14,5.96,6.01,6.03,5.96,39431.14
2016-06-15,5.96,6.12,6.15,5.92,56061.02
2016-06-16,6.1,6.12,6.16,6.06,56625.47
2016-06-17,6.14,6.19,6.29,6.14,78858.54
2016-06-20,6.34,6.26,6.45,6.25,138822.15
2016-06-21,6.3,6.17,6.31,6.14,73440.28
2016-06-22,6.14,6.24,6.24,6.12,54465.23
2016-06-23,6.24,6.17,6.24,6.16,56294.55
2016-06-24,6.15,6.07,6.2,5.94,96164.96
2016-06-27,6.03,6.16,6.16,5.97,78018.8
2016-06-28,6.14,6.21,6.23,6.1,87130.69
2016-06-29,6.21,6.21,6.26,6.18,75548.49
2016-06-30,6.25,6.21,6.28,6.21,67467.06
2016-07-01,6.22,6.21,6.27,6.17,96831.95
2016-07-04,6.19,6.31,6.33,6.17,155471.47
2016-07-05,6.32,6.38,6.47,6.31,170990.07
2016-07-06,6.33,6.35,6.37,6.28,118424.78
2016-07-07,6.32,6.43,6.45,6.32,155273.9
2016-07-08,6.42,6.49,6.61,6.32,201350.36
2016-07-11,6.43,6.37,6.49,6.36,149888.27
2016-07-12,6.37,6.51,6.52,6.32,161919.34
2016-07-13,6.56,6.53,6.58,6.47,192514.94
2016-07-14,6.56,6.53,6.6,6.48,131755.2
2016-07-15,6.31,6.26,6.35,6.23,344441.57
2016-07-18,6.25,6.19,6.25,6.16,130952.59
2016-07-19,6.19,6.23,6.24,6.17,83851.64
2016-07-20,6.27,6.26,6.28,6.22,80399.15
2016-07-21,6.26,6.25,6.29,6.24,71531.48
2016-07-22,6.24,6.19,6.29,6.18,90184.16
2016-07-25,6.19,6.19,6.24,6.15,58632.33
2016-07-26,6.2,6.25,6.26,6.17,76214.43
2016-07-27,6.25,6.1,6.32,6.02,146531.95
2016-07-28,6.09,6.18,6.19,6.07,88202.65
2016-07-29,6.18,6.13,6.18,6.12,49909.26
2016-08-01,6.12,6.03,6.12,5.98,75108.64
2016-08-02,6.0,6.06,6.07,6.0,31344.24
2016-08-03,6.06,6.11,6.17,6.02,58844.63
2016-08-04,6.12,6.11,6.12,6.06,43139.12
2016-08-05,6.11,6.11,6.18,6.09,73737.66
2016-08-08,6.12,6.13,6.14,6.06,54288.34
2016-08-09,6.13,6.16,6.17,6.12,58699.4
2016-08-10,6.18,6.12,6.18,6.12,53904.67
2016-08-11,6.12,6.3,6.35,6.12,244792.56
2016-08-12,6.25,6.32,6.34,6.2,156504.31
2016-08-15,6.32,6.44,6.49,6.29,227822.96
2016-08-16,6.44,6.59,6.78,6.41,361779.28
2016-08-17,6.58,6.53,6.72,6.47,254263.51
2016-08-18,6.51,6.66,6.74,6.46,290701.72
2016-08-19,6.73,6.57,6.73,6.54,178386.94
2016-08-22,6.55,6.42,6.55,6.41,116449.19
2016-08-23,6.46,6.44,6.5,6.42,66530.59
2016-08-24,6.47,6.41,6.47,6.37,67466.47
2016-08-25,6.38,6.37,6.39,6.3,82616.76
2016-08-26,6.38,6.36,6.4,6.33,78976.52
2016-08-29,6.37,6.37,6.39,6.32,52591.48
2016-08-30,6.37,6.37,6.4,6.34,55609.69
2016-08-31,6.37,6.29,6.37,6.24,109419.9
2016-09-01,6.68,6.43,6.69,6.41,222628.83
2016-09-02,6.41,6.33,6.44,6.3,106785.25
2016-09-05,6.32,6.33,6.35,6.3,69466.35
2016-09-06,6.32,6.36,6.36,6.26,66213.86
2016-09-07,6.36,6.39,6.42,6.33,103617.13
2016-09-08,6.38,6.35,6.38,6.29,83497.31
2016-09-09,6.33,6.32,6.37,6.32,61146.59
2016-09-12,6.2,6.13,6.23,6.08,91930.35
2016-09-13,6.14,6.16,6.19,6.12,44611.31
2016-09-14,6.13,6.11,6.14,6.08,44326.91
2016-09-19,6.12,6.15,6.16,6.12,40142.44
2016-09-20,6.15,6.18,6.2,6.13,40165.08
2016-09-21,6.17,6.17,6.2,6.15,26516.86
2016-09-22,6.2,6.19,6.23,6.17,38453.82
2016-09-23,6.19,6.16,6.21,6.14,32889.51
2016-09-26,6.16,6.1,6.16,6.07,47066.64
2016-09-27,6.08,6.12,6.13,6.05,49607.64
2016-09-28,6.19,6.29,6.38,6.16,118315.1
2016-09-29,6.29,6.25,6.31,6.24,60663.21
2016-09-30,6.25,6.27,6.28,6.23,34020.52
2016-10-10,6.29,6.31,6.32,6.22,59136.65
2016-10-11,6.32,6.32,6.36,6.28,60259.3
2016-10-12,6.3,6.33,6.34,6.25,45671.5
2016-10-13,6.33,6.29,6.34,6.28,51642.85
2016-10-14,6.29,6.31,6.32,6.24,47962.34
2016-10-17,6.28,6.22,6.31,6.22,45464.35
2016-10-18,6.22,6.34,6.37,6.21,86218.15
2016-10-19,6.34,6.31,6.37,6.3,61267.51
2016-10-20,6.31,6.32,6.34,6.29,47024.86
2016-10-21,6.33,6.35,6.38,6.26,70032.49
2016-10-24,6.35,6.4,6.46,6.31,115551.56
2016-10-25,6.4,6.37,6.4,6.35,50584.06
2016-10-26,6.36,6.32,6.37,6.28,49414.5
2016-10-27,6.31,6.33,6.35,6.3,42155.44
2016-10-28,6.32,6.27,6.34,6.26,61041.73
2016-10-31,6.25,6.21,6.25,6.17,42560.35
2016-11-01,6.21,6.25,6.28,6.21,33968.59
2016-11-02,6.22,6.17,6.25,6.16,54998.8
2016-11-03,6.18,6.22,6.25,6.16,47630.66
2016-11-04,6.22,6.29,6.34,6.2,93821.91
2016-11-07,6.29,6.25,6.31,6.22,56684.67
2016-11-08,6.26,6.26,6.29,6.23,65670.46
2016-11-09,6.26,6.18,6.27,6.12,73757.13
2016-11-10,6.22,6.32,6.36,6.22,129546.09
2016-11-11,6.32,6.43,6.45,6.32,193361.75
2016-11-14,6.41,6.66,6.72,6.38,364385.45
2016-11-15,7.29,7.33,7.33,7.15,922452.54
2016-11-16,7.33,7.15,7.39,7.03,499709.49
2016-11-17,7.21,7.23,7.47,7.19,367290.25
2016-11-18,7.08,7.03,7.09,6.94,249566.98
2016-11-21,6.97,7.02,7.19,6.95,173157.5
2016-11-22,7.04,7.05,7.11,7.0,115123.77
2016-11-23,7.08,6.93,7.1,6.91,124069.56
2016-11-24,6.9,6.99,7.12,6.9,136077.55
2016-11-25,6.97,7.05,7.1,6.95,147763.79
2016-11-28,7.05,6.95,7.26,6.94,247058.62
2016-11-29,6.95,6.86,7.02,6.82,202894.27
2016-11-30,6.87,6.81,6.91,6.75,115377.76
2016-12-01,6.83,7.0,7.05,6.81,187702.6
2016-12-02,6.96,6.85,7.01,6.84,86242.71
2016-12-05,6.84,6.73,6.9,6.72,96448.66
2016-12-06,6.75,6.73,6.78,6.71,62249.94
2016-12-07,6.77,6.84,6.87,6.74,57551.28
2016-12-08,6.9,6.91,7.07,6.88,135225.92
2016-12-09,6.89,6.98,7.06,6.87,120607.17
2016-12-12,6.99,6.55,7.04,6.53,183727.63
2016-12-13,6.55,6.59,6.65,6.49,99821.97
2016-12-14,6.58,6.46,6.58,6.42,102542.1
2016-12-15,6.44,6.44,6.54,6.41,87913.11
2016-12-16,6.54,6.65,6.66,6.53,148223.44
2016-12-19,6.68,6.57,6.74,6.52,95343.11
2016-12-20,6.55,6.54,6.57,6.48,65103.12
2016-12-21,6.62,6.69,6.72,6.59,133682.78
2016-12-22,6.69,6.61,6.69,6.58,74915.75
2016-12-23,6.62,6.54,6.63,6.49,61596.12
2016-12-26,6.54,6.63,6.64,6.44,58979.72
2016-12-27,6.63,6.67,6.71,6.59,83767.5
2016-12-28,6.67,6.54,6.68,6.53,64268.49
2016-12-29,6.57,6.56,6.61,6.53,54722.66
2016-12-30,6.55,6.51,6.59,6.5,52505.77
2017-01-03,6.53,6.59,6.62,6.53,54452.85
2017-01-04,6.59,6.63,6.66,6.59,71462.32
2017-01-05,6.63,7.17,7.24,6.61,254709.68
2017-01-06,7.06,6.93,7.09,6.9,192340.88
2017-01-09,6.93,6.98,7.03,6.88,85035.01
2017-01-10,6.98,6.99,7.03,6.86,100531.19
2017-01-11,6.95,6.92,7.03,6.86,84065.93
2017-01-12,6.92,6.87,7.01,6.84,58066.16
2017-01-13,6.87,6.79,6.9,6.72,78183.21
2017-01-16,6.76,6.7,6.8,6.52,84510.05
2017-01-17,6.7,6.89,6.92,6.67,99487.24
2017-01-18,6.87,6.93,7.02,6.83,96152.89
2017-01-19,6.9,6.93,7.03,6.9,66674.23
2017-01-20,6.96,6.93,7.01,6.91,47251.53
2017-01-23,6.97,7.11,7.17,6.92,121758.91
2017-01-24,7.07,7.02,7.1,7.02,52880.63
2017-01-25,7.02,7.03,7.08,7.0,31657.93
2017-01-26,7.06,7.05,7.1,7.0,40946.65
2017-02-03,7.06,6.95,7.06,6.9,42789.8
2017-02-06,6.94,6.93,6.95,6.86,45047.6
2017-02-07,6.95,7.08,7.15,6.92,99582.8
2017-02-08,7.04,7.17,7.18,7.02,94649.5
2017-02-09,7.14,7.1,7.32,7.08,171583.75
2017-02-10,7.1,7.34,7.43,7.1,282040.11
2017-02-13,7.35,7.59,7.61,7.35,278309.02
2017-02-14,7.56,7.55,7.6,7.48,119635.29
2017-02-15,7.57,7.39,7.59,7.34,129450.75
2017-02-16,7.39,7.7,7.73,7.36,142692.76
2017-02-17,7.71,7.5,7.74,7.45,119517.52
2017-02-20,7.5,7.63,7.72,7.44,165334.95
2017-02-21,7.63,7.67,7.74,7.53,129288.88
2017-02-22,7.66,7.77,7.86,7.6,120053.84
2017-02-23,7.76,7.69,7.76,7.61,98479.51
2017-02-24,7.69,7.55,7.69,7.51,114171.25
2017-02-27,7.52,7.48,7.63,7.42,101573.48
2017-02-28,7.48,7.51,7.54,7.4,88872.88
2017-03-01,7.55,7.61,7.68,7.54,113496.43
2017-03-02,7.61,7.58,7.73,7.56,99495.96
2017-03-03,7.54,7.59,7.67,7.42,93485.23
2017-03-06,7.58,7.44,7.63,7.35,178373.22
2017-03-07,7.39,7.35,7.48,7.29,118059.39
2017-03-08,7.35,7.28,7.35,7.21,105623.79
2017-03-09,7.28,7.29,7.33,7.19,76178.88
2017-03-10,7.25,7.17,7.3,7.17,69776.17
2017-03-13,7.18,7.28,7.3,7.16,72288.09
2017-03-14,7.29,7.23,7.34,7.21,65892.54
2017-03-15,7.23,7.27,7.31,7.13,66747.14
2017-03-16,7.29,7.34,7.39,7.27,69400.86
2017-03-17,7.34,7.18,7.37,7.18,102276.41
2017-03-20,7.18,7.05,7.21,7.02,149571.83
2017-03-21,7.05,7.1,7.11,7.0,72086.96
2017-03-22,7.06,7.04,7.1,6.99,67539.97
2017-03-23,7.02,7.05,7.13,6.98,60248.12
2017-03-24,7.05,7.17,7.21,6.95,82224.19
2017-03-27,7.18,7.19,7.31,7.14,103733.2
2017-03-28,7.22,7.25,7.31,7.15,87472.58
2017-03-29,7.25,7.34,7.4,7.16,170425.73
2017-03-30,7.33,7.23,7.33,7.15,120378.84
2017-03-31,7.2,7.17,7.24,7.1,76189.71
2017-04-05,7.15,7.33,7.37,7.15,115807.57
2017-04-06,7.37,7.48,7.51,7.26,141453.02
2017-04-07,7.47,7.4,7.47,7.39,99453.0
2017-04-10,7.39,7.44,7.54,7.35,107440.88
2017-04-11,7.46,7.8,7.88,7.31,280327.31
2017-04-12,8.37,7.92,8.37,7.85,658890.79
2017-04-13,7.93,7.88,7.99,7.71,264469.37
2017-04-14,7.8,7.57,7.81,7.55,225075.97
2017-04-17,7.51,7.52,7.63,7.47,104913.83
2017-04-18,7.51,7.44,7.62,7.39,110797.85
2017-04-19,7.37,7.31,7.43,7.27,118476.78
2017-04-20,7.34,7.51,7.53,7.31,135271.11
2017-04-21,7.48,7.39,7.54,7.38,68053.78
2017-04-24,7.37,7.21,7.37,7.18,90864.17
2017-04-25,7.22,7.23,7.37,7.21,79645.67
2017-04-26,7.02,7.12,7.21,7.02,106997.58
2017-04-27,7.08,7.08,7.16,6.9,111212.69
2017-04-28,7.1,7.2,7.25,7.1,82290.89
2017-05-02,7.17,7.14,7.26,7.14,63275.86
2017-05-03,7.15,7.13,7.2,7.08,61075.44
2017-05-04,7.11,7.02,7.15,6.98,72985.52
2017-05-05,6.99,6.77,7.05,6.74,137690.05
2017-05-08,6.76,6.69,6.83,6.68,50519.55
2017-05-09,6.73,6.76,6.77,6.61,56621.45
2017-05-10,6.77,6.57,6.8,6.55,61928.53
2017-05-11,6.55,6.59,6.6,6.43,79241.48
2017-05-12,6.58,6.75,6.79,6.48,126173.96
2017-05-15,6.77,6.73,6.81,6.73,76840.96
2017-05-16,6.72,6.85,6.85,6.63,89458.43
2017-05-17,6.83,7.21,7.53,6.81,353647.24
2017-05-18,7.13,7.48,7.73,7.06,594133.53
2017-05-19,7.58,7.55,7.87,7.35,672122.57
2017-05-22,7.48,7.19,7.52,7.19,359353.61
2017-05-23,7.15,6.9,7.24,6.86,278083.13
2017-05-24,6.82,7.07,7.1,6.81,192131.96
2017-05-25,7.02,7.15,7.23,6.92,204480.96
2017-05-26,7.18,7.24,7.31,7.13,200652.91
2017-05-31,7.31,7.1,7.36,7.1,175875.37
2017-06-01,7.06,7.07,7.15,6.98,140204.05
2017-06-02,7.04,7.17,7.18,6.94,137236.58
2017-06-05,7.32,7.38,7.47,7.26,240806.53
2017-06-06,7.36,7.39,7.45,7.28,146278.8
2017-06-07,7.4,7.53,7.65,7.35,271029.34
2017-06-08,7.48,7.59,7.69,7.47,282308.54
2017-06-09,7.58,7.54,7.59,7.5,183867.1
2017-06-12,7.51,7.38,7.66,7.38,191680.01
2017-06-13,7.38,7.72,7.72,7.38,276933.25
2017-06-14,7.7,7.64,7.75,7.6,198588.35
2017-06-15,7.64,7.66,7.73,7.51,174398.72
2017-06-16,7.62,7.67,7.73,7.6,163670.55
2017-06-19,7.63,7.68,7.72,7.59,145083.17
2017-06-20,7.69,7.64,7.73,7.59,133039.32
2017-06-21,7.7,7.67,7.7,7.6,121649.02
2017-06-22,7.69,7.63,7.79,7.63,215786.72
2017-06-23,7.61,7.49,7.61,7.35,217955.87
2017-06-26,7.51,7.94,7.96,7.44,453539.43
2017-06-27,7.91,7.87,8.0,7.82,268414.22
2017-06-28,7.84,8.04,8.21,7.8,402028.97
2017-06-29,8.02,8.02,8.12,7.95,164858.3
2017-06-30,7.98,8.03,8.17,7.97,160590.31
2017-07-03,8.02,7.89,8.05,7.84,236021.14
2017-07-04,7.9,7.92,8.07,7.88,206644.53
2017-07-05,7.89,7.93,7.94,7.77,177521.62
2017-07-06,7.95,7.82,7.96,7.71,205476.97
2017-07-07,7.76,7.76,7.9,7.76,146838.91
2017-07-10,7.78,7.68,7.88,7.68,187159.34
2017-07-11,7.7,7.83,7.89,7.67,202145.62
2017-07-12,7.8,7.83,7.86,7.69,133459.7
2017-07-13,7.8,7.98,8.03,7.77,226357.31
2017-07-14,7.96,8.04,8.11,7.91,176968.83
2017-07-17,7.96,7.6,8.0,7.57,300903.8
2017-07-18,7.66,7.67,7.74,7.59,130681.21
2017-07-19,7.67,7.89,7.93,7.62,181631.35
2017-07-20,7.9,7.97,8.14,7.88,236692.8
2017-07-21,7.94,8.08,8.17,7.92,224424.55
2017-07-24,8.1,8.23,8.36,8.05,312022.07
2017-07-25,8.23,8.13,8.28,8.05,211797.94
2017-07-26,8.09,8.09,8.2,8.0,164420.87
2017-07-27,8.08,8.06,8.11,7.93,153181.25
2017-07-28,8.03,8.27,8.3,7.97,236993.03
2017-07-31,8.27,8.6,8.74,8.23,426259.19
2017-08-01,8.58,8.49,8.64,8.45,210302.29
2017-08-02,8.52,8.52,8.66,8.46,165778.93
2017-08-03,8.56,8.69,8.87,8.56,293515.1
2017-08-04,8.72,8.44,8.8,8.44,255889.8
2017-08-07,8.43,8.5,8.52,8.36,135590.34
2017-08-08,8.51,8.47,8.64,8.44,139822.49
2017-08-09,8.43,8.51,8.57,8.39,112254.33
2017-08-10,8.49,8.25,8.51,8.23,179406.18
2017-08-11,8.17,8.17,8.36,8.16,159876.67
2017-08-14,8.2,8.39,8.43,8.17,122293.52
2017-08-15,8.4,8.34,8.51,8.28,113163.84
2017-08-16,8.33,8.15,8.33,8.08,168155.88
2017-08-17,8.15,8.25,8.26,8.05,155917.6
2017-08-18,8.23,8.47,8.47,8.15,185165.18
2017-08-21,8.47,8.48,8.61,8.41,167412.24
2017-08-22,8.45,8.43,8.51,8.37,82100.13
2017-08-23,8.43,8.29,8.51,8.29,91795.7
2017-08-24,8.29,8.14,8.33,8.1,132075.22
2017-08-25,8.16,8.34,8.34,8.13,88852.65
2017-08-28,8.33,8.42,8.47,8.31,118364.13
2017-08-29,8.41,8.36,8.53,8.34,90502.26
2017-08-30,8.43,8.45,8.52,8.35,118663.44
2017-08-31,8.44,8.46,8.52,8.38,100761.47
2017-09-01,8.47,8.49,8.54,8.38,123558.31
2017-09-04,8.51,8.54,8.74,8.46,212990.7
2017-09-05,8.54,8.47,8.63,8.42,137699.61
2017-09-06,8.43,8.39,8.45,8.34,121034.85
2017-09-07,8.39,8.37,8.43,8.33,90058.85
2017-09-08,8.38,8.3,8.4,8.24,110058.23
2017-09-11,8.33,8.47,8.48,8.22,124295.05
2017-09-12,8.47,8.34,8.47,8.31,98509.13
2017-09-13,8.36,8.34,8.38,8.26,68635.67
2017-09-14,8.43,8.34,8.48,8.3,88506.69
2017-09-15,8.34,8.4,8.48,8.22,161828.3
2017-09-18,8.35,8.41,8.48,8.34,101884.45
2017-09-19,8.4,8.26,8.4,8.23,87940.42
2017-09-20,8.26,8.26,8.3,8.22,59374.84
2017-09-21,8.27,8.1,8.3,8.09,113005.27
2017-09-22,8.09,8.0,8.12,7.92,107294.33
2017-09-25,8.0,7.84,8.0,7.83,78416.36
2017-09-26,7.82,8.05,8.08,7.81,98224.89
2017-09-27,8.05,8.12,8.19,8.01,79478.2
2017-09-28,8.14,8.13,8.26,8.05,78025.16
2017-09-29,8.16,8.11,8.22,8.08,60787.18
2017-10-09,8.27,8.23,8.37,8.2,71679.3
2017-10-10,8.5,8.4,8.64,8.37,214812.65
2017-10-11,8.5,8.41,8.5,8.34,104300.49
2017-10-12,8.4,8.47,8.58,8.37,122472.86
2017-10-13,8.47,8.47,8.58,8.42,90000.45
2017-10-16,8.45,8.23,8.51,8.2,144739.98
2017-10-17,8.21,8.3,8.32,8.19,55490.63
2017-10-18,8.3,8.21,8.39,8.2,62785.65
2017-10-19,8.22,8.13,8.22,8.04,70635.24
2017-10-20,8.12,8.17,8.25,8.1,53385.05
2017-10-23,8.21,8.45,8.45,8.18,144283.01
2017-10-24,8.43,8.41,8.43,8.31,91205.18
2017-10-25,8.42,8.44,8.5,8.37,109515.78
2017-10-26,8.42,8.47,8.55,8.37,164074.14
2017-10-27,8.46,8.46,8.56,8.36,131823.2
2017-10-30,8.47,8.27,8.48,8.17,135910.41
2017-10-31,8.29,8.6,8.6,8.21,194057.79
2017-11-01,8.61,8.82,8.93,8.59,432659.77
2017-11-02,8.8,8.81,8.89,8.68,180616.35
2017-11-03,8.79,8.72,8.89,8.65,162156.36
2017-11-06,8.69,8.98,8.98,8.66,252673.14
2017-11-07,8.98,9.08,9.14,8.91,274519.27
2017-11-08,9.05,8.98,9.14,8.96,193553.24
2017-11-09,8.93,9.09,9.14,8.92,190603.28
2017-11-10,9.05,9.35,9.41,9.04,294098.5
2017-11-13,9.35,9.3,9.54,9.25,263743.53
2017-11-14,9.3,9.17,9.41,9.12,184918.35
2017-11-15,9.16,9.2,9.26,9.06,149325.7
2017-11-16,9.14,9.12,9.19,8.99,126173.4
2017-11-17,9.19,8.8,9.34,8.77,241597.12
2017-11-20,8.79,8.98,9.01,8.54,193215.31
2017-11-21,8.94,9.23,9.28,8.93,192085.43
2017-11-22,9.23,9.06,9.31,8.98,176266.63
2017-11-23,9.07,8.7,9.13,8.68,147983.27
2017-11-24,8.67,8.72,8.83,8.58,109392.36
2017-11-27,8.72,8.52,8.79,8.5,110436.78
2017-11-28,8.53,8.63,8.7,8.45,88245.33
2017-11-29,8.62,8.93,8.98,8.59,156834.45
2017-11-30,8.88,8.71,8.96,8.64,114282.1
2017-12-01,8.68,8.85,8.97,8.68,154556.3
2017-12-04,8.86,8.87,9.07,8.81,159121.43
2017-12-05,8.92,8.63,8.92,8.59,141855.78
2017-12-06,8.6,8.7,8.76,8.56,121342.08
2017-12-07,8.68,8.75,8.87,8.64,123815.02
2017-12-08,8.72,8.68,8.78,8.6,123633.48
2017-12-11,8.67,8.99,9.02,8.63,200382.85
2017-12-12,9.01,9.01,9.1,8.93,209672.5
2017-12-13,8.98,9.26,9.27,8.91,214426.96
2017-12-14,9.21,9.31,9.4,9.14,214466.1
2017-12-15,9.25,9.24,9.49,9.23,254869.12
2017-12-18,9.25,9.15,9.48,9.14,190381.52
2017-12-19,9.29,9.86,9.96,9.29,454150.89
2017-12-20,9.81,9.77,9.89,9.72,271667.09
2017-12-21,9.78,9.9,9.99,9.69,282082.94
2017-12-22,9.86,9.71,9.88,9.69,192096.47
2017-12-25,9.75,9.74,9.86,9.54,167354.85
2017-12-26,9.72,9.88,9.94,9.57,190370.09
2017-12-27,9.97,9.64,10.08,9.57,265940.76
2017-12-28,9.56,9.79,9.99,9.42,260484.71
2017-12-29,9.82,10.21,10.24,9.73,345459.35
2018-01-02,10.17,10.23,10.37,10.08,333575.61
2018-01-03,10.2,10.12,10.44,10.05,263345.26
2018-01-04,10.08,10.16,10.31,10.0,199524.43
2018-01-05,10.11,9.98,10.16,9.97,178679.97
2018-01-08,9.97,10.29,10.37,9.96,248003.01
2018-01-09,10.28,10.2,10.4,10.1,174513.54
2018-01-10,10.1,10.03,10.25,9.92,155630.34
2018-01-11,10.01,10.03,10.18,10.01,108999.88
2018-01-12,10.03,9.94,10.09,9.91,147074.4
2018-01-15,9.94,9.61,10.0,9.59,205862.86
2018-01-16,9.62,9.77,9.94,9.62,204799.14
2018-01-17,9.8,9.61,9.81,9.48,125202.13
2018-01-18,9.6,9.79,9.79,9.57,111135.58
2018-01-19,9.77,9.6,9.81,9.59,112121.16
2018-01-22,9.59,9.65,9.69,9.52,95715.13
2018-01-23,9.61,9.99,10.02,9.6,204897.63
2018-01-24,10.02,9.86,10.06,9.73,169337.88
2018-01-25,9.84,9.95,10.05,9.78,166038.47
2018-01-26,9.95,10.07,10.32,9.86,276804.84
2018-01-29,10.12,9.95,10.16,9.84,168706.78
2018-01-30,9.98,9.57,10.03,9.5,221789.39
2018-01-31,9.57,9.58,9.63,9.43,102933.92
2018-02-01,9.59,9.14,9.68,8.99,199369.53
2018-02-02,9.15,9.14,9.22,9.0,146240.49
2018-02-05,9.05,9.12,9.25,8.94,118768.66
2018-02-06,8.9,8.21,8.93,8.21,395066.82
2018-02-07,8.41,8.16,8.47,7.95,237151.1
2018-02-08,8.13,8.24,8.35,8.09,111759.91
2018-02-09,7.96,7.72,8.06,7.62,206677.87
2018-02-12,7.78,8.01,8.07,7.73,130501.37
2018-02-13,8.06,8.02,8.22,7.87,106182.78
2018-02-14,8.01,8.07,8.12,8.01,54756.73
2018-02-22,8.16,8.26,8.27,8.15,70980.15
2018-02-23,8.26,8.32,8.43,8.24,95121.73
2018-02-26,8.36,8.47,8.49,8.25,123264.28
2018-02-27,8.49,8.34,8.57,8.34,117945.95
2018-02-28,8.3,8.33,8.38,8.18,77349.91
2018-03-01,8.31,8.4,8.43,8.27,90916.74
2018-03-02,8.34,8.3,8.38,8.23,69048.77
2018-03-05,8.3,8.22,8.39,8.13,77870.54
2018-03-06,8.18,8.44,8.45,8.18,142254.99
2018-03-07,8.44,8.33,8.46,8.32,94332.36
2018-03-08,8.39,8.64,8.68,8.34,168421.62
2018-03-09,8.63,8.57,8.63,8.53,135108.91
2018-03-12,8.61,8.64,8.66,8.52,166199.84
2018-03-13,8.59,8.43,8.64,8.43,154970.76
2018-03-14,8.37,8.27,8.44,8.26,121618.93
2018-03-15,8.23,8.09,8.27,8.03,156808.58
2018-03-16,8.1,8.15,8.21,8.07,111772.83
2018-03-19,8.1,8.12,8.23,8.09,70736.6
2018-03-20,8.09,7.94,8.09,7.89,124971.18
2018-03-21,7.96,8.08,8.2,7.95,116197.72
2018-03-22,8.09,7.93,8.17,7.92,95201.0
2018-03-23,7.6,7.16,7.6,7.14,355421.37
2018-03-26,7.02,7.2,7.2,6.93,155417.9
2018-03-27,7.29,7.46,7.46,7.29,161874.38
2018-03-28,7.35,7.36,7.43,7.3,106214.48
2018-03-29,7.43,7.51,7.53,7.37,116031.59
2018-03-30,7.54,7.48,7.55,7.45,81983.35
2018-04-02,7.48,7.36,7.5,7.33,133858.38
2018-04-03,7.22,7.3,7.43,7.19,108039.61
2018-04-04,7.32,7.21,7.45,7.2,128486.04
2018-04-09,7.2,7.28,7.31,7.12,88073.43
2018-04-10,7.32,7.42,7.44,7.23,127713.07
2018-04-11,7.45,7.41,7.51,7.4,126541.42
2018-04-12,7.38,7.29,7.42,7.27,74350.93
2018-04-13,7.34,7.28,7.37,7.25,52797.94
2018-04-16,7.21,7.04,7.27,7.04,115821.66
2018-04-17,7.1,7.02,7.17,7.02,90275.9
2018-04-18,7.08,7.01,7.13,6.89,106693.22
2018-04-19,7.02,7.12,7.16,7.02,93320.96
2018-04-20,7.09,6.81,7.11,6.79,131251.42
2018-04-23,6.81,6.9,6.93,6.78,86543.48
2018-04-24,6.91,7.04,7.14,6.9,109798.51
2018-04-25,7.03,6.96,7.03,6.92,75571.02
2018-04-26,6.97,6.78,6.99,6.78,89784.0
2018-04-27,6.79,6.82,6.87,6.71,77537.25
2018-05-02,6.84,6.69,6.85,6.64,97883.66
2018-05-03,6.7,6.66,6.72,6.48,129789.82
2018-05-04,6.67,6.71,6.76,6.65,72976.1
2018-05-07,6.73,6.82,6.83,6.69,100280.05
2018-05-08,6.82,6.89,6.89,6.77,95751.02
2018-05-09,6.87,6.95,7.1,6.85,145718.26
2018-05-10,6.98,7.04,7.08,6.96,120399.46
2018-05-11,7.05,7.05,7.1,6.96,88633.52
2018-05-14,7.02,6.91,7.08,6.88,98993.05
2018-05-15,6.94,7.21,7.22,6.93,183823.43
2018-05-16,7.19,7.21,7.38,7.12,194379.48
2018-05-17,7.26,7.37,7.42,7.23,159948.48
2018-05-18,7.34,7.38,7.41,7.25,122529.99
2018-05-21,7.64,7.47,7.73,7.47,244832.04
2018-05-22,7.47,7.5,7.55,7.42,105178.62
2018-05-23,7.44,7.32,7.46,7.29,112679.35
2018-05-24,7.31,7.36,7.41,7.3,69004.56
2018-05-25,7.37,7.21,7.41,7.15,92124.54
2018-05-28,7.16,7.33,7.37,7.16,86988.25
2018-05-29,7.33,7.21,7.4,7.18,74586.01
2018-05-30,7.08,6.83,7.08,6.79,102800.59
2018-05-31,6.93,7.12,7.13,6.89,102224.73
2018-06-01,7.12,6.98,7.13,6.93,61584.56
2018-06-04,6.98,6.94,7.09,6.9,63637.94
2018-06-05,6.92,7.09,7.09,6.92,64617.42
2018-06-06,7.05,7.0,7.08,6.97,53008.06
2018-06-07,6.95,6.87,7.04,6.84,100696.27
2018-06-08,6.87,6.74,6.9,6.67,95137.99
2018-06-11,6.71,6.7,6.82,6.67,55437.79
2018-06-12,6.72,6.86,6.87,6.65,91373.33
2018-06-13,6.84,6.7,6.85,6.69,98873.99
2018-06-14,6.69,6.72,6.8,6.67,58189.24
2018-06-15,6.71,6.64,6.72,6.56,69381.32
2018-06-19,6.48,5.99,6.48,5.98,163044.45
2018-06-20,5.99,6.03,6.12,5.88,101469.25
2018-06-21,6.03,5.92,6.16,5.92,84358.88
2018-06-22,5.9,6.03,6.04,5.86,65630.25
2018-06-25,6.09,5.94,6.12,5.93,53421.42
2018-06-26,5.86,5.94,5.95,5.79,70767.54
2018-06-27,5.94,5.82,5.96,5.77,74210.31
2018-06-28,5.84,5.76,5.87,5.76,63197.27
2018-06-29,5.78,5.94,5.94,5.75,77100.54
2018-07-02,5.93,5.77,5.93,5.73,79995.92
2018-07-03,5.89,5.85,5.89,5.68,73506.66
2018-07-04,5.83,5.76,5.84,5.74,46775.53
2018-07-05,5.76,5.56,5.8,5.54,69994.96
2018-07-06,5.54,5.31,5.62,5.1,155040.73
2018-07-09,5.35,5.6,5.62,5.35,101635.75
2018-07-10,5.63,5.71,5.79,5.6,94388.66
2018-07-11,5.63,5.64,5.76,5.52,81858.1
2018-07-12,5.65,5.83,5.87,5.65,91203.0
2018-07-13,5.87,5.78,5.87,5.77,69384.2
2018-07-16,5.81,5.74,5.82,5.68,58633.74
2018-07-17,5.72,5.62,5.74,5.56,72243.93
2018-07-18,5.69,5.5,5.74,5.49,100940.06
2018-07-19,5.53,5.5,5.65,5.46,87097.26
2018-07-20,5.54,5.62,5.67,5.47,67714.24
2018-07-23,5.61,5.71,5.75,5.53,70857.02
2018-07-24,5.74,5.95,5.96,5.67,133963.69
2018-07-25,5.94,5.87,5.94,5.83,93810.26
2018-07-26,5.87,5.78,5.88,5.76,74092.31
2018-07-27,5.82,5.65,5.82,5.64,89875.55
2018-07-30,5.67,5.64,5.71,5.63,50820.86
2018-07-31,5.66,5.68,5.7,5.62,43559.91
2018-08-01,5.7,5.6,5.76,5.6,74397.71
2018-08-02,5.58,5.35,5.59,5.23,124521.5
2018-08-03,5.34,5.26,5.37,5.25,65446.19
2018-08-06,5.3,5.15,5.31,5.12,68017.41
2018-08-07,5.16,5.36,5.37,5.12,80992.8
2018-08-08,5.34,5.34,5.45,5.26,85929.09
2018-08-09,5.36,5.42,5.46,5.31,92670.37
2018-08-10,5.46,5.41,5.47,5.36,64757.33
2018-08-13,5.35,5.36,5.41,5.26,60976.44
2018-08-14,5.33,5.46,5.47,5.31,65828.25
2018-08-15,5.47,5.31,5.47,5.29,66836.86
2018-08-16,5.28,5.26,5.33,5.19,66399.26
2018-08-17,5.3,5.19,5.33,5.17,51444.96
2018-08-20,5.17,5.18,5.24,5.12,48240.56
2018-08-21,5.21,5.2,5.24,5.15,85137.85
2018-08-22,5.2,5.09,5.2,5.07,88568.14
2018-08-23,5.08,5.07,5.14,5.07,96678.47
2018-08-24,5.09,4.98,5.1,4.97,116204.83
2018-08-27,4.98,5.1,5.11,4.98,87484.57
2018-08-28,5.12,5.15,5.18,5.1,69123.89
2018-08-29,5.19,5.15,5.23,5.15,69730.08
2018-08-30,5.13,5.07,5.2,5.07,60843.07
2018-08-31,5.08,5.11,5.15,5.05,65095.69
2018-09-03,5.12,5.04,5.12,4.98,66227.16
2018-09-04,5.04,5.07,5.1,5.01,63519.85
2018-09-05,5.05,4.99,5.09,4.99,44660.59
2018-09-06,5.01,5.0,5.05,4.96,47736.94
2018-09-07,5.0,4.99,5.06,4.95,55047.99
2018-09-10,4.99,4.89,5.01,4.89,57271.54
2018-09-11,4.89,4.91,4.94,4.87,39726.51
2018-09-12,4.94,4.9,4.95,4.89,34972.21
2018-09-13,4.96,5.1,5.1,4.96,102736.23
2018-09-14,5.1,5.15,5.19,5.05,112469.76
2018-09-17,5.14,5.13,5.2,5.09,90225.45
2018-09-18,5.11,5.22,5.25,5.08,75023.2
2018-09-19,5.2,5.32,5.42,5.18,157752.18
2018-09-20,5.32,5.41,5.42,5.29,115430.01
2018-09-21,5.39,5.42,5.46,5.31,104631.51
2018-09-25,5.37,5.31,5.38,5.25,113225.6
2018-09-26,5.31,5.31,5.4,5.31,90441.6
2018-09-27,5.34,5.41,5.43,5.28,105240.76
2018-09-28,5.39,5.41,5.47,5.37,114206.68
2018-10-08,5.33,5.14,5.33,5.12,95985.37
2018-10-09,5.16,5.22,5.26,5.16,51114.58
2018-10-10,5.24,5.2,5.27,5.17,41692.85
2018-10-11,5.0,4.7,5.06,4.68,182789.28
2018-10-12,4.68,4.65,4.72,4.52,108712.32
2018-10-15,4.66,4.59,4.73,4.58,68443.88
2018-10-16,4.73,4.63,4.77,4.58,89196.99
2018-10-17,4.7,4.49,4.73,4.17,168847.08
2018-10-18,4.43,4.39,4.5,4.34,74766.25
2018-10-19,4.34,4.58,4.64,4.3,91919.68
2018-10-22,4.62,4.83,4.86,4.62,123252.21
2018-10-23,4.84,4.72,4.87,4.68,86820.14
2018-10-24,4.72,4.75,4.82,4.7,63466.88
2018-10-25,4.59,4.83,4.86,4.57,101052.53
2018-10-26,4.87,4.83,4.91,4.79,79935.99
2018-10-29,4.85,4.79,4.9,4.73,58075.05
2018-10-30,4.79,4.87,4.9,4.78,65953.91
2018-10-31,4.84,4.92,4.97,4.84,76052.8
2018-11-01,4.94,4.94,5.02,4.92,88701.29
2018-11-02,5.05,5.14,5.16,4.98,138040.84
2018-11-05,5.14,5.13,5.21,5.05,82782.77
2018-11-06,5.12,5.06,5.12,4.94,89606.34
2018-11-07,5.06,5.07,5.13,5.04,57436.43
2018-11-08,5.12,5.02,5.14,5.01,48435.41
2018-11-09,4.96,5.03,5.08,4.96,47841.66
2018-11-12,4.99,5.21,5.23,4.99,99435.28
2018-11-13,5.18,5.27,5.31,5.15,95669.67
2018-11-14,5.26,5.28,5.36,5.24,79653.0
2018-11-15,5.28,5.33,5.35,5.21,81137.48
2018-11-16,5.31,5.3,5.34,5.23,84208.97
2018-11-19,5.29,5.33,5.36,5.2,85827.76
2018-11-20,5.28,5.15,5.32,5.13,88730.57
2018-11-21,5.1,5.19,5.23,5.08,62233.46
2018-11-22,5.22,5.2,5.25,5.17,56019.24
2018-11-23,5.2,5.06,5.22,5.03,67356.25
2018-11-26,5.06,5.05,5.13,5.04,36868.48
2018-11-27,5.1,5.08,5.12,5.04,38093.39
2018-11-28,5.11,5.1,5.13,5.02,56918.15
2018-11-29,5.14,4.98,5.19,4.97,60514.26
2018-11-30,4.99,5.04,5.05,4.96,44586.76
2018-12-03,5.23,5.23,5.3,5.17,115829.02
2018-12-04,5.22,5.26,5.26,5.19,51465.29
2018-12-05,5.19,5.21,5.27,5.16,46711.89
2018-12-06,5.21,5.06,5.22,5.04,62486.8
2018-12-07,5.08,5.08,5.1,5.04,28734.0
2018-12-10,5.04,4.96,5.1,4.94,47216.3
2018-12-11,4.97,5.01,5.04,4.97,37261.15
2018-12-12,5.02,5.04,5.08,5.01,25041.21
2018-12-13,5.05,5.16,5.18,5.02,79807.31
2018-12-14,5.13,5.08,5.16,5.06,53164.16
2018-12-17,5.05,5.05,5.1,4.99,46659.37
2018-12-18,5.02,5.02,5.1,4.92,70781.15
2018-12-19,5.02,4.97,5.05,4.97,32077.61
2018-12-20,4.98,4.99,5.04,4.96,43438.13
2018-12-21,4.98,4.86,5.02,4.83,58287.46
2018-12-24,4.88,4.9,4.92,4.86,30326.84
2018-12-25,4.88,4.83,4.89,4.73,39754.11
2018-12-26,4.85,4.8,4.87,4.78,20981.14
2018-12-27,4.87,4.77,4.91,4.76,43927.06
2018-12-28,4.78,4.83,4.86,4.76,39325.41
2019-01-02,4.85,4.9,4.91,4.82,51361.41
2019-01-03,4.89,4.83,4.95,4.82,65258.45
2019-01-04,4.81,4.93,4.96,4.8,61004.23
2019-01-07,4.96,5.09,5.09,4.9,73136.03
2019-01-08,5.04,5.11,5.15,5.03,61753.29
2019-01-09,5.1,5.1,5.19,5.1,85677.68
2019-01-10,5.1,5.14,5.2,5.09,74833.24
2019-01-11,5.15,5.2,5.22,5.12,64425.44
2019-01-14,5.21,5.19,5.25,5.15,51064.81
2019-01-15,5.16,5.21,5.24,5.15,71012.63
2019-01-16,5.22,5.2,5.27,5.19,58221.91
2019-01-17,5.23,5.2,5.25,5.16,54713.32
2019-01-18,5.22,5.23,5.25,5.18,53259.1
2019-01-21,5.23,5.31,5.33,5.23,82659.92
2019-01-22,5.31,5.15,5.32,5.12,85125.78
2019-01-23,5.15,5.17,5.23,5.14,69007.59
2019-01-24,5.2,5.24,5.28,5.17,62810.26
2019-01-25,5.28,5.22,5.29,5.22,57509.88
2019-01-28,5.26,5.25,5.34,5.23,60727.91
2019-01-29,5.25,5.2,5.26,5.11,59086.17
2019-01-30,5.15,5.13,5.22,5.09,47558.46
2019-01-31,5.14,5.09,5.16,5.07,55546.79
2019-02-01,5.09,5.26,5.26,5.09,70580.42
2019-02-11,5.26,5.3,5.31,5.21,84004.47
2019-02-12,5.28,5.39,5.43,5.26,120864.37
2019-02-13,5.37,5.49,5.5,5.35,153273.47
2019-02-14,5.47,5.46,5.5,5.4,126508.69
2019-02-15,5.44,5.41,5.51,5.4,116512.46
2019-02-18,5.46,5.85,5.89,5.46,257676.69
2019-02-19,6.17,5.93,6.18,5.89,393890.36
2019-02-20,5.91,5.82,5.91,5.76,188237.35
2019-02-21,5.85,5.78,5.9,5.76,163383.22
2019-02-22,5.76,5.89,5.89,5.73,153036.69
2019-02-25,5.95,6.11,6.15,5.92,328745.12
2019-02-26,6.11,6.07,6.24,5.99,275168.6
2019-02-27,6.05,6.02,6.14,5.95,195003.99
2019-02-28,6.02,6.05,6.06,5.99,102675.15
2019-03-01,6.19,6.15,6.25,6.07,185455.64
2019-03-04,6.22,6.17,6.35,6.13,266105.97
2019-03-05,6.16,6.26,6.27,6.13,180297.95
2019-03-06,6.27,6.28,6.36,6.17,214092.7
2019-03-07,6.28,6.21,6.3,6.15,231520.78
2019-03-08,6.14,5.88,6.14,5.88,248648.61
2019-03-11,5.88,6.1,6.12,5.87,170997.76
2019-03-12,6.12,6.13,6.21,6.04,197229.34
2019-03-13,6.16,6.05,6.18,6.01,154095.31
2019-03-14,6.06,6.12,6.2,6.03,171608.46
2019-03-15,6.15,6.26,6.27,6.09,245947.03
2019-03-18,6.29,6.46,6.53,6.2,306701.84
2019-03-19,6.51,6.35,6.51,6.31,192859.95
2019-03-20,6.33,6.31,6.38,6.21,130242.52
2019-03-21,6.34,6.34,6.42,6.27,148930.18
2019-03-22,6.32,6.4,6.41,6.29,131651.48
2019-03-25,6.32,6.36,6.53,6.26,162639.53
2019-03-26,6.35,6.19,6.38,6.18,148769.7
2019-03-27,6.2,6.3,6.31,6.14,99410.86
2019-03-28,6.4,6.42,6.53,6.35,238138.9
2019-03-29,6.43,6.82,6.87,6.39,388951.56
2019-04-01,6.96,6.9,6.97,6.81,369034.51
2019-04-02,6.91,6.88,6.97,6.83,220969.98
2019-04-03,6.88,7.22,7.26,6.85,329672.22
2019-04-04,7.2,7.29,7.45,7.13,258868.79
2019-04-08,7.31,7.17,7.42,7.05,268769.46
2019-04-09,7.17,7.22,7.26,7.1,156386.45
2019-04-10,7.13,7.08,7.19,7.0,144647.67
2019-04-11,7.08,6.99,7.14,6.95,131779.72
2019-04-12,7.0,6.95,7.04,6.85,130750.33
2019-04-15,7.05,6.89,7.09,6.88,140102.36
2019-04-16,6.88,7.04,7.06,6.8,128720.36
2019-04-17,7.04,7.1,7.15,6.99,135761.23
2019-04-18,7.08,6.99,7.08,6.99,86471.34
2019-04-19,7.01,7.02,7.02,6.89,80663.72
2019-04-22,7.03,6.87,7.12,6.8,138530.96
2019-04-23,6.89,6.83,6.95,6.82,95060.95
2019-04-24,6.84,6.91,6.93,6.78,86227.83
2019-04-25,6.91,6.58,6.91,6.58,159748.52
2019-04-26,6.58,6.5,6.65,6.48,88219.2
2019-04-29,6.64,6.49,6.64,6.46,120165.21
2019-04-30,6.45,6.46,6.53,6.4,82421.69
2019-05-06,6.18,5.89,6.19,5.82,200190.11
2019-05-07,5.9,5.87,5.96,5.78,94521.38
2019-05-08,5.78,5.8,5.92,5.72,68461.13
2019-05-09,5.67,5.63,5.76,5.62,96772.03
2019-05-10,5.64,5.82,5.84,5.58,111859.1
2019-05-13,5.76,5.79,5.87,5.74,75316.68
2019-05-14,5.71,5.85,5.9,5.71,88809.72
2019-05-15,5.89,5.9,5.96,5.85,63148.01
2019-05-16,5.91,5.96,5.97,5.89,57763.07
2019-05-17,5.94,5.75,5.97,5.74,69396.59
2019-05-20,5.74,5.77,5.79,5.63,46631.87
2019-05-21,5.76,5.85,5.9,5.76,49871.61
2019-05-22,5.88,5.83,5.9,5.82,51777.53
2019-05-23,5.82,5.72,5.84,5.7,49776.03
2019-05-24,5.73,5.72,5.79,5.69,36527.02
2019-05-27,5.71,5.82,5.84,5.7,44604.49
2019-05-28,5.84,5.86,5.89,5.79,55457.79
2019-05-29,5.84,5.79,5.85,5.79,40061.6
2019-05-30,5.78,5.79,5.79,5.69,39324.0
2019-05-31,5.8,5.68,5.82,5.66,65371.63
2019-06-03,5.69,5.6,5.74,5.58,46931.0
2019-06-04,5.6,5.62,5.64,5.59,36625.11
2019-06-05,5.69,5.63,5.71,5.61,34076.86
2019-06-06,5.58,5.54,5.62,5.53,33980.05
2019-06-10,5.61,5.6,5.63,5.52,32085.42
2019-06-11,5.6,5.77,5.78,5.6,55243.3
2019-06-12,5.77,5.75,5.79,5.71,36205.04
2019-06-13,5.72,5.74,5.77,5.67,28835.71
2019-06-14,5.74,5.67,5.78,5.63,46885.01
2019-06-17,5.64,5.73,5.73,5.64,26739.03
2019-06-18,5.74,5.73,5.74,5.67,22413.04
2019-06-19,5.83,5.82,5.93,5.82,57451.48
2019-06-20,5.82,5.94,5.99,5.8,71716.42
2019-06-21,5.95,6.08,6.1,5.95,101044.3
2019-06-24,6.14,6.16,6.17,6.09,79390.04
2019-06-25,6.17,6.14,6.17,6.03,66509.3
2019-06-26,6.16,6.13,6.16,6.1,49041.04
2019-06-27,6.14,6.14,6.2,6.1,81378.14
2019-06-28,6.14,6.11,6.15,6.04,69406.94
2019-07-01,6.25,6.22,6.28,6.17,107112.17
2019-07-02,6.22,6.14,6.26,6.1,81662.44
2019-07-03,6.17,6.13,6.21,6.08,55215.39
2019-07-04,6.13,6.13,6.21,6.11,47566.55
2019-07-05,6.15,6.19,6.21,6.13,50688.96
2019-07-08,6.2,5.99,6.21,5.97,62662.68
2019-07-09,6.02,6.32,6.59,5.88,213768.85
2019-07-10,6.32,6.24,6.47,6.2,153124.78
2019-07-11,6.23,6.05,6.28,6.04,111607.65
2019-07-12,6.05,5.96,6.05,5.86,80526.22
2019-07-15,5.94,5.97,6.01,5.81,76066.84
2019-07-16,5.93,5.94,5.98,5.89,34052.8
2019-07-17,5.97,6.03,6.07,5.94,73897.03
2019-07-18,5.99,5.93,6.01,5.92,41229.96
2019-07-19,5.94,5.93,6.03,5.9,48856.91
2019-07-22,5.94,5.81,5.94,5.81,55452.86
2019-07-23,5.83,5.87,5.94,5.83,36915.35
2019-07-24,5.93,5.93,5.98,5.89,44871.74
2019-07-25,5.95,5.89,5.98,5.87,35395.98
2019-07-26,5.89,5.9,5.93,5.83,44137.61
2019-07-29,5.9,5.86,5.92,5.84,32861.99
2019-07-30,5.87,5.9,5.94,5.85,34231.65
2019-07-31,5.92,5.92,5.95,5.87,42812.76
2019-08-01,5.86,5.87,5.93,5.83,35363.27
2019-08-02,5.81,5.79,5.82,5.78,55755.64
2019-08-05,5.79,5.64,5.79,5.63,71497.8
2019-08-06,5.59,5.45,5.59,5.35,92622.37
2019-08-07,5.45,5.46,5.51,5.45,34695.27
2019-08-08,5.51,5.49,5.54,5.48,29463.56
2019-08-09,5.52,5.5,5.58,5.49,30580.47
2019-08-12,5.54,5.51,5.56,5.46,48246.17
2019-08-13,5.49,5.42,5.49,5.41,40571.81
2019-08-14,5.5,5.47,5.51,5.45,39237.64
2019-08-15,5.37,5.49,5.5,5.32,37416.12
2019-08-16,5.49,5.47,5.5,5.45,33643.8
2019-08-19,5.89,5.81,5.91,5.71,200890.65
2019-08-20,5.85,5.8,5.99,5.79,179385.4
2019-08-21,5.92,5.83,5.94,5.79,104320.32
2019-08-22,5.83,5.77,5.83,5.73,83071.57
2019-08-23,5.78,5.74,5.79,5.67,94004.01
2019-08-26,5.61,5.59,5.63,5.56,86273.94
2019-08-27,5.61,5.77,5.81,5.61,106461.53
2019-08-28,5.65,5.66,5.7,5.61,74326.27
2019-08-29,5.7,5.64,5.7,5.63,43285.76
2019-08-30,5.66,5.68,5.8,5.66,101039.11
2019-09-02,5.68,5.74,5.77,5.63,74450.92
2019-09-03,5.74,5.73,5.74,5.69,62696.7
2019-09-04,5.69,5.77,5.77,5.67,92773.2
2019-09-05,5.79,5.82,5.91,5.79,143666.43
2019-09-06,5.85,5.81,5.87,5.79,63836.83
2019-09-09,5.87,5.83,5.89,5.8,95292.29
2019-09-10,5.84,5.81,5.85,5.78,61779.18
2019-09-11,5.81,5.8,5.84,5.78,67340.01
2019-09-12,5.83,5.82,5.83,5.72,56468.22
2019-09-16,5.82,5.82,5.86,5.79,59736.19
2019-09-17,5.79,5.71,5.79,5.69,66873.35
2019-09-18,5.73,5.72,5.73,5.7,41549.71
2019-09-19,5.73,5.72,5.74,5.69,41023.42
2019-09-20,5.73,5.67,5.74,5.67,65552.08
2019-09-23,5.68,5.64,5.69,5.58,57482.87
2019-09-24,5.64,5.63,5.67,5.62,52369.05
2019-09-25,5.66,5.57,5.66,5.56,42970.92
2019-09-26,5.57,5.56,5.6,5.55,51376.91
2019-09-27,5.55,5.59,5.63,5.55,42934.09
2019-09-30,5.79,5.82,5.96,5.74,225012.02
2019-10-08,5.82,5.79,5.93,5.78,97127.56
2019-10-09,5.81,5.72,5.81,5.66,82366.11
2019-10-10,5.73,5.74,5.75,5.69,53207.8
2019-10-11,5.74,5.83,5.86,5.71,87472.88
2019-10-14,5.91,5.97,6.05,5.91,179124.14
2019-10-15,5.98,5.89,6.0,5.87,85309.95
2019-10-16,5.8,5.64,5.83,5.57,197119.74
2019-10-17,5.65,5.63,5.66,5.6,53840.2
2019-10-18,5.66,5.62,5.67,5.61,45533.62
2019-10-21,5.61,5.58,5.62,5.54,33500.17
2019-10-22,5.58,5.62,5.63,5.57,28257.4
2019-10-23,5.62,5.59,5.64,5.58,28202.61
2019-10-24,5.59,5.57,5.6,5.54,31633.31
2019-10-25,5.61,5.57,5.61,5.51,46304.88
2019-10-28,5.58,5.61,5.62,5.56,53847.17
2019-10-29,5.56,5.55,5.62,5.55,34103.66
2019-10-30,5.52,5.56,5.57,5.51,29940.77
2019-10-31,5.56,5.55,5.57,5.52,29222.89
2019-11-01,5.55,5.54,5.55,5.51,30853.23
2019-11-04,5.53,5.58,5.59,5.53,37627.87
2019-11-05,5.58,5.61,5.63,5.56,37886.93
2019-11-06,5.62,5.57,5.63,5.55,30983.68
2019-11-07,5.57,5.57,5.61,5.55,33687.18
2019-11-08,5.62,5.59,5.62,5.58,35201.13
2019-11-11,5.57,5.43,5.57,5.41,48722.55
2019-11-12,5.42,5.45,5.46,5.4,29325.43
2019-11-13,5.46,5.42,5.46,5.38,28089.0
2019-11-14,5.41,5.43,5.46,5.34,29354.89
2019-11-15,5.43,5.42,5.46,5.41,21886.49
2019-11-18,5.41,5.43,5.45,5.39,19437.99
2019-11-19,5.46,5.49,5.51,5.43,30614.33
2019-11-20,5.48,5.46,5.5,5.45,21219.75
2019-11-21,5.4,5.46,5.49,5.4,21280.99
2019-11-22,5.44,5.41,5.54,5.41,37699.61
2019-11-25,5.45,5.46,5.47,5.39,28673.0
2019-11-26,5.47,5.38,5.48,5.38,35326.76
2019-11-27,5.39,5.44,5.47,5.39,31679.11
2019-11-28,5.41,5.5,5.5,5.41,30757.3
2019-11-29,5.51,5.51,5.53,5.46,25991.19
2019-12-02,5.53,5.53,5.54,5.49,24163.02
2019-12-03,5.53,5.52,5.53,5.47,20840.4
2019-12-04,5.49,5.53,5.54,5.49,21915.16
2019-12-05,5.56,5.57,5.6,5.53,32472.77
2019-12-06,5.59,5.62,5.63,5.55,27517.07
2019-12-09,5.62,5.66,5.66,5.61,39339.97
2019-12-10,5.65,5.66,5.67,5.61,29359.79
2019-12-11,5.67,5.7,5.72,5.63,45444.5
2019-12-12,5.68,5.72,5.77,5.67,40340.02
2019-12-13,5.77,5.75,5.78,5.72,58797.97
2019-12-16,5.78,5.75,5.78,5.69,56388.72
2019-12-17,5.75,5.77,5.8,5.71,77929.58
2019-12-18,5.77,5.78,5.81,5.74,52248.8
2019-12-19,5.79,5.77,5.81,5.74,47325.41
2019-12-20,5.77,5.73,5.8,5.71,65859.75
2019-12-23,5.71,5.67,5.73,5.65,57460.2
2019-12-24,5.66,5.7,5.73,5.66,31945.39
2019-12-25,5.74,5.71,5.75,5.69,39133.09
2019-12-26,5.74,5.73,5.74,5.68,37368.04
2019-12-27,5.73,5.75,5.87,5.73,70175.68
2019-12-30,5.73,5.83,5.86,5.71,63662.67
2019-12-31,5.55,5.62,5.69,5.54,215647.75
2020-01-02,5.61,5.64,5.69,5.61,150041.91
2020-01-03,5.62,5.6,5.64,5.54,98423.0
2020-01-06,5.55,5.62,5.65,5.55,95098.71
2020-01-07,5.62,5.64,5.68,5.61,73668.58
2020-01-08,5.63,5.56,5.64,5.55,79983.98
2020-01-09,5.61,5.62,5.63,5.59,49811.49
2020-01-10,5.62,5.65,5.66,5.58,68470.07
2020-01-13,5.65,5.68,5.69,5.59,81090.11
2020-01-14,5.7,5.64,5.7,5.62,59502.59
2020-01-15,5.63,5.6,5.63,5.58,56375.86
2020-01-16,5.62,5.56,5.63,5.55,50400.85
2020-01-17,5.57,5.57,5.59,5.55,43300.86
2020-01-20,5.55,5.56,5.58,5.55,48082.25
2020-01-21,5.55,5.44,5.58,5.43,84632.78
2020-01-22,5.41,5.43,5.47,5.38,60949.33
2020-01-23,5.41,5.24,5.43,5.22,94463.6
2020-02-03,4.72,4.72,4.72,4.72,38309.0
2020-02-04,4.26,4.59,4.66,4.26,166238.66
2020-02-05,4.68,4.64,4.68,4.54,87677.39
2020-02-06,4.68,4.69,4.71,4.62,75891.43
2020-02-07,4.67,4.64,4.67,4.61,61878.05
2020-02-10,4.64,4.72,4.74,4.61,72888.91
2020-02-11,4.73,4.83,4.84,4.7,86440.84
2020-02-12,4.83,4.82,4.84,4.77,57509.94
2020-02-13,4.82,4.81,4.83,4.78,55754.12
2020-02-14,4.79,4.82,4.84,4.78,46982.52
2020-02-17,4.84,4.94,4.95,4.81,85094.18
2020-02-18,4.95,4.94,4.98,4.9,73896.76
2020-02-19,4.95,4.88,4.95,4.88,65965.98
2020-02-20,4.87,4.94,4.95,4.86,73261.95
2020-02-21,4.95,4.92,4.96,4.89,94109.15
2020-02-24,4.91,4.81,4.91,4.79,107106.97
2020-02-25,4.75,4.71,4.78,4.61,134094.46
2020-02-26,4.69,4.78,4.87,4.62,169996.07
2020-02-27,4.82,4.73,4.85,4.72,93989.57
2020-02-28,4.63,4.58,4.69,4.56,139240.02
2020-03-02,4.57,4.7,4.73,4.57,106997.63
2020-03-03,4.75,4.71,4.79,4.68,113580.77
2020-03-04,4.71,4.74,4.76,4.69,92800.23
2020-03-05,4.78,4.85,4.87,4.77,146040.87
2020-03-06,4.82,4.81,4.83,4.78,88590.32
2020-03-09,4.76,4.7,4.77,4.69,101598.72
2020-03-10,4.66,4.76,4.8,4.6,118499.24
2020-03-11,4.78,4.78,4.87,4.72,116868.5
2020-03-12,4.75,4.65,4.75,4.63,89055.99
2020-03-13,4.46,4.56,4.6,4.4,131941.42
2020-03-16,4.61,4.46,4.63,4.44,96861.33
2020-03-17,4.44,4.44,4.54,4.35,115154.8
2020-03-18,4.46,4.31,4.48,4.3,91908.47
2020-03-19,4.3,4.29,4.38,4.23,86158.82
2020-03-20,4.35,4.34,4.36,4.29,61144.68
2020-03-23,4.28,4.21,4.3,4.19,75391.65
2020-03-24,4.26,4.32,4.33,4.23,66049.42
2020-03-25,4.39,4.39,4.43,4.35,66209.01
2020-03-26,4.39,4.4,4.46,4.35,65350.61
2020-03-27,4.51,4.42,4.57,4.41,97177.83
2020-03-30,4.38,4.44,4.48,4.32,78871.05
2020-03-31,4.47,4.41,4.49,4.39,54399.09
2020-04-01,4.39,4.38,4.44,4.34,60379.72
2020-04-02,4.34,4.41,4.41,4.32,41241.06
2020-04-03,4.41,4.36,4.43,4.34,39768.12
2020-04-07,4.39,4.43,4.46,4.39,63233.5
2020-04-08,4.42,4.4,4.44,4.38,54115.08
2020-04-09,4.41,4.46,4.47,4.4,64901.24
2020-04-10,4.48,4.43,4.48,4.4,51177.95
2020-04-13,4.42,4.41,4.44,4.39,29284.86
2020-04-14,4.47,4.51,4.56,4.45,95960.04
2020-04-15,4.51,4.45,4.51,4.43,64228.6
2020-04-16,4.38,4.35,4.39,4.34,81808.73
2020-04-17,4.35,4.31,4.38,4.3,75820.59
2020-04-20,4.3,4.28,4.31,4.25,54674.2
2020-04-21,4.26,4.27,4.28,4.22,46444.65
2020-04-22,4.27,4.31,4.32,4.25,52312.81
2020-04-23,4.32,4.33,4.35,4.28,45684.3
2020-04-24,4.32,4.27,4.34,4.27,35798.42
2020-04-27,4.28,4.27,4.32,4.26,46428.83
2020-04-28,4.28,4.22,4.31,4.15,65822.5
2020-04-29,4.21,4.22,4.24,4.19,39872.29
2020-04-30,4.23,4.25,4.26,4.21,44175.81
2020-05-06,4.21,4.25,4.25,4.18,72101.95
2020-05-07,4.32,4.3,4.38,4.27,105132.05
2020-05-08,4.28,4.28,4.31,4.25,74486.21
2020-05-11,4.29,4.27,4.33,4.26,51246.91
2020-05-12,4.27,4.24,4.28,4.22,45027.6
2020-05-13,4.22,4.22,4.24,4.2,39470.29
2020-05-14,4.2,4.17,4.22,4.16,62225.4
2020-05-15,4.19,4.17,4.2,4.17,40411.29
2020-05-18,4.18,4.15,4.19,4.14,49716.94
2020-05-19,4.17,4.15,4.18,4.14,45277.01
2020-05-20,4.16,4.13,4.17,4.12,43235.2
2020-05-21,4.15,4.08,4.18,4.08,76189.99
2020-05-22,4.08,4.0,4.09,3.98,76171.2
2020-05-25,4.01,3.94,4.02,3.94,46489.2
2020-05-26,3.94,3.96,3.98,3.94,48389.12
2020-05-27,3.96,3.94,3.96,3.92,44894.2
2020-05-28,3.92,3.97,3.98,3.92,58344.6
2020-05-29,3.96,4.02,4.13,3.94,197883.5
2020-06-01,4.04,4.07,4.12,4.04,104083.13
2020-06-02,4.23,4.23,4.31,4.2,218260.16
2020-06-03,4.22,4.15,4.23,4.14,128891.86
2020-06-04,4.16,4.15,4.18,4.14,53313.4
2020-06-05,4.15,4.12,4.16,4.09,56042.64
2020-06-08,4.15,4.14,4.18,4.12,57635.62
2020-06-09,4.15,4.15,4.17,4.14,54024.42
2020-06-10,4.16,4.09,4.17,4.09,64014.12
2020-06-11,4.09,4.05,4.1,4.04,69431.8
2020-06-12,4.0,4.14,4.18,3.98,164287.75
2020-06-15,4.12,4.23,4.25,4.1,154273.45
2020-06-16,4.23,4.21,4.23,4.19,76220.74
2020-06-17,4.21,4.17,4.22,4.16,63234.28
2020-06-18,4.17,4.3,4.32,4.15,142117.98
2020-06-19,4.28,4.28,4.32,4.24,88051.63
2020-06-22,4.27,4.27,4.31,4.26,72090.49
2020-06-23,4.3,4.24,4.34,4.2,95954.8
2020-06-24,4.25,4.3,4.35,4.25,99548.31
2020-06-29,4.29,4.19,4.29,4.17,84518.96
2020-06-30,4.23,4.2,4.23,4.17,56524.53
2020-07-01,4.21,4.21,4.24,4.18,82369.75
2020-07-02,4.22,4.32,4.35,4.2,173407.54
2020-07-03,4.35,4.43,4.44,4.33,196624.07
2020-07-06,4.44,4.76,4.76,4.44,334314.14
2020-07-07,4.77,4.68,4.89,4.68,240698.84
2020-07-08,4.67,4.73,4.75,4.59,237087.05
2020-07-09,4.73,4.77,4.8,4.7,193774.83
2020-07-10,4.76,4.95,4.97,4.71,377887.12
2020-07-13,4.94,5.1,5.1,4.85,300966.65
2020-07-14,5.09,5.04,5.09,4.9,270497.41
2020-07-15,5.01,4.89,5.02,4.84,222788.78
2020-07-16,4.87,4.65,4.95,4.62,210252.99
2020-07-17,4.65,4.69,4.71,4.59,118796.69
2020-07-20,4.69,4.85,4.87,4.69,151530.87
2020-07-21,4.86,4.78,4.94,4.76,93384.15
2020-07-22,4.77,4.78,4.88,4.73,103812.35
2020-07-23,4.78,4.74,4.82,4.67,95955.22
2020-07-24,4.74,4.6,4.81,4.58,123629.49
2020-07-27,4.61,4.63,4.65,4.56,74720.57
2020-07-28,4.64,4.78,4.78,4.63,116004.42
2020-07-29,4.75,4.8,4.83,4.7,91956.92
2020-07-30,4.8,4.86,4.96,4.78,163619.15
2020-07-31,4.81,4.85,4.9,4.73,157340.83
2020-08-03,4.92,5.12,5.19,4.92,302892.5
2020-08-04,5.1,5.02,5.12,4.96,194653.35
2020-08-05,5.01,5.01,5.08,4.92,147608.02
2020-08-06,4.97,4.96,5.05,4.88,108391.84
2020-08-07,4.94,5.0,5.03,4.88,123785.23
2020-08-10,4.98,5.1,5.14,4.94,211252.58
2020-08-11,5.12,5.18,5.31,5.04,343998.78
2020-08-12,5.16,5.4,5.41,5.13,418717.01
2020-08-13,5.4,5.31,5.49,5.27,278915.33
2020-08-14,5.28,5.31,5.33,5.17,193742.92
2020-08-17,5.31,5.3,5.37,5.23,173252.28
2020-08-18,5.27,5.33,5.35,5.23,173126.97
2020-08-26,5.64,5.18,5.65,5.1,327833.46
2020-08-27,5.12,5.14,5.16,4.92,146543.37
2020-08-28,5.15,5.21,5.25,5.09,99383.6
2020-08-31,5.23,5.09,5.25,5.09,118230.49
2020-09-01,5.11,5.09,5.12,5.02,80264.75
2020-09-02,5.07,5.07,5.09,5.0,72700.49
2020-09-03,5.08,5.1,5.13,5.0,81338.81
2020-09-04,5.02,5.16,5.17,4.98,97133.72
2020-09-07,5.16,5.05,5.2,5.03,88951.77
2020-09-08,5.13,5.19,5.21,5.02,126201.87
2020-09-09,5.15,5.15,5.24,5.08,99666.9
2020-09-10,5.17,5.04,5.19,5.02,82091.93
2020-09-11,5.04,5.06,5.09,4.96,83977.18
2020-09-14,5.05,5.16,5.19,5.02,77186.18
2020-09-15,5.19,5.16,5.2,5.12,60978.84
2020-09-16,5.18,5.27,5.32,5.14,104982.68
2020-09-17,5.27,5.3,5.36,5.17,114182.56
2020-09-18,5.27,5.33,5.33,5.26,84657.44
2020-09-21,5.33,5.22,5.33,5.21,61647.26
2020-09-22,5.2,5.09,5.21,5.09,69465.08
2020-09-23,5.12,5.17,5.2,5.09,57721.74
2020-09-24,5.16,5.06,5.17,5.04,67405.83
2020-09-25,5.08,5.17,5.18,5.03,76248.97
2020-09-28,5.16,5.21,5.29,5.13,78897.59
2020-09-29,5.21,5.19,5.27,5.16,56513.24
2020-09-30,5.19,5.21,5.24,5.12,76698.45
2020-10-09,5.33,5.37,5.48,5.3,125868.31
2020-10-12,5.49,5.59,5.62,5.45,167053.15
2020-10-13,5.6,5.63,5.74,5.56,140295.44
2020-10-14,5.58,5.56,5.62,5.49,98073.88
2020-10-15,5.56,5.57,5.61,5.51,64171.57
2020-10-16,5.57,5.5,5.65,5.5,82916.69
2020-10-19,5.54,5.52,5.68,5.51,92969.14
2020-10-20,5.52,5.83,5.87,5.47,284995.26
2020-10-21,5.87,5.87,5.9,5.77,180734.44
2020-10-22,5.99,6.13,6.19,5.98,315337.12
2020-10-23,6.08,6.32,6.37,6.01,285739.24
2020-10-26,6.3,6.42,6.51,6.2,268400.38
2020-10-27,6.4,6.38,6.4,6.21,225797.56
2020-10-28,6.43,6.85,6.99,6.41,501079.39
2020-10-29,6.71,6.92,7.06,6.69,462275.55
2020-10-30,6.89,6.89,6.98,6.71,353859.81
2020-11-02,6.94,7.47,7.55,6.86,503477.05
2020-11-03,7.58,7.66,7.74,7.27,517367.58
2020-11-04,7.63,7.74,7.83,7.43,426529.82
2020-11-05,7.78,7.93,8.02,7.63,360194.41
2020-11-06,7.93,8.6,8.72,7.91,838771.99
2020-11-09,8.6,9.46,9.46,8.36,1060705.83
2020-11-10,9.19,9.06,9.41,8.64,1228969.49
2020-11-11,8.89,8.46,8.94,8.18,1028984.0
2020-11-12,8.37,8.42,8.65,8.29,548004.15
2020-11-13,8.16,8.42,8.48,7.95,471025.86
2020-11-16,8.66,8.53,8.69,8.26,437321.65
2020-11-17,8.37,8.6,9.14,8.34,665783.61
2020-11-18,8.53,8.3,8.79,8.23,519751.44
2020-11-19,8.3,8.43,8.56,8.2,291792.61
2020-11-20,8.46,8.92,9.13,8.46,585874.33
2020-11-23,9.07,9.06,9.1,8.73,495739.57
2020-11-24,9.06,9.83,9.93,8.99,746470.43
2020-11-25,9.64,9.14,9.83,9.07,657290.17
2020-11-26,9.07,8.94,9.09,8.69,373612.19
2020-11-27,9.0,9.07,9.12,8.81,271519.38
2020-11-30,9.1,8.56,9.15,8.55,455753.97
2020-12-01,8.55,8.78,8.86,8.47,298682.99
2020-12-02,8.78,8.64,8.83,8.53,252604.35
2020-12-03,8.76,8.51,8.77,8.49,217824.72
2020-12-04,8.6,8.61,8.71,8.46,226355.04
2020-12-07,8.61,8.52,8.68,8.49,137878.79
2020-12-08,8.59,8.86,9.06,8.43,338853.79
2020-12-09,8.85,8.91,9.09,8.75,313626.36
2020-12-10,8.84,8.74,8.87,8.36,263583.98
2020-12-11,8.73,8.4,8.75,8.37,216700.18
2020-12-14,8.44,8.7,8.74,8.37,184376.06
2020-12-15,8.7,8.5,8.81,8.4,217447.76
2020-12-16,8.54,8.35,8.56,8.33,144135.34
2020-12-17,8.32,8.67,8.88,8.32,339700.58
2020-12-18,8.76,8.64,8.85,8.58,162556.14
2020-12-21,8.7,8.85,8.92,8.55,211323.97
2020-12-22,8.84,8.49,8.92,8.44,276814.87
2020-12-23,8.44,8.53,8.67,8.38,180928.16
2020-12-24,8.46,8.43,8.64,8.43,128069.83
2020-12-25,8.41,8.94,9.14,8.35,359316.72
2020-12-28,9.01,9.03,9.34,8.89,341582.26
2020-12-29,9.0,8.41,9.06,8.41,367942.38
2020-12-30,8.37,8.53,8.84,8.31,232948.1
2020-12-31,8.62,8.71,8.77,8.48,262089.22
2021-01-04,8.78,9.05,9.23,8.66,373654.84
2021-01-05,8.98,8.81,8.98,8.53,428343.07
2021-01-06,8.79,9.41,9.63,8.71,757535.62
2021-01-07,9.42,9.76,9.87,9.14,717327.02
2021-01-08,9.82,9.56,9.88,9.29,448829.33
2021-01-11,9.74,9.02,10.01,8.89,564522.3
2021-01-12,8.85,8.91,9.01,8.61,339701.22
2021-01-13,8.9,9.23,9.41,8.85,343899.49
2021-01-14,9.27,8.85,9.27,8.81,285581.61
2021-01-15,8.81,9.1,9.26,8.75,283428.79
2021-01-18,9.05,9.61,9.81,8.99,480342.16
2021-01-19,9.65,9.3,9.81,9.22,341326.65
2021-01-20,9.28,9.41,9.45,9.12,247026.13
2021-01-21,9.41,9.71,10.05,9.33,608498.74
2021-01-22,9.76,10.69,10.69,9.6,877256.31
2021-01-25,10.85,10.84,11.01,10.35,790619.63
2021-01-26,10.69,10.21,10.73,10.05,562837.79
2021-01-27,9.97,9.7,10.14,9.45,552379.5
2021-01-28,9.41,8.75,9.42,8.73,648299.56
2021-01-29,8.83,8.5,8.87,8.07,571044.81
2021-02-01,8.51,8.61,8.78,8.18,336284.2
2021-02-02,8.63,8.41,8.7,8.32,269502.97
2021-02-03,8.43,8.2,8.46,7.98,278881.22
2021-02-04,8.14,7.85,8.2,7.73,302899.08
2021-02-05,7.88,7.6,8.01,7.59,200948.75
2021-02-08,7.62,7.66,7.84,7.56,185026.14
2021-02-09,7.75,8.19,8.26,7.75,271751.61
2021-02-10,8.13,8.4,8.41,7.91,219864.97
2021-02-18,8.63,8.6,8.77,8.41,255141.84
2021-02-19,8.6,8.52,8.78,8.33,195616.67
2021-02-22,8.55,8.66,8.95,8.5,282767.9
2021-02-23,8.55,8.54,8.67,8.44,133781.84
2021-02-24,8.59,8.57,8.76,8.45,143578.45
2021-02-25,8.66,8.45,8.71,8.39,153638.57
2021-02-26,8.37,8.36,8.48,8.19,138409.19
2021-03-01,8.41,8.59,8.64,8.4,145932.38
2021-03-02,8.67,8.34,8.71,8.26,155505.92
2021-03-03,8.27,8.42,8.47,8.23,125836.48
2021-03-04,8.4,8.27,8.4,8.17,124146.5
2021-03-05,8.17,8.32,8.37,8.17,100148.33
2021-03-08,8.32,8.19,8.53,8.15,135160.64
2021-03-09,8.19,8.23,8.42,8.02,176631.52
2021-03-10,8.24,8.07,8.31,8.03,118290.94
2021-03-11,8.07,8.2,8.21,8.02,129228.29
2021-03-12,8.2,8.2,8.28,8.09,93045.82
2021-03-15,8.13,8.4,8.46,8.09,148867.21
2021-03-16,8.4,8.34,8.44,8.26,90234.09
2021-03-17,8.32,8.5,8.64,8.17,152216.74
2021-03-18,8.45,8.56,8.59,8.35,143977.67
2021-03-19,8.46,8.34,8.5,8.29,128422.7
2021-03-22,8.32,8.51,8.66,8.32,122172.08
2021-03-23,8.55,8.46,8.6,8.33,126200.35
2021-03-24,8.42,8.48,8.59,8.37,116011.79
2021-03-25,8.44,8.44,8.56,8.36,75521.99
2021-03-26,8.52,8.56,8.66,8.46,169794.62
2021-03-29,8.62,8.63,8.69,8.55,132880.2
2021-03-30,8.65,8.49,8.66,8.2,175623.57
2021-03-31,8.55,9.3,9.34,8.54,541103.17
2021-04-01,9.42,9.42,9.98,9.28,488871.77
2021-04-02,9.61,9.09,9.65,9.02,305155.7
2021-04-06,9.13,9.01,9.2,8.85,198822.08
2021-04-07,9.56,9.54,9.87,9.42,588417.93
2021-04-08,9.51,9.41,9.51,9.13,306878.69
2021-04-09,9.36,10.03,10.04,9.31,525159.73
2021-04-12,9.99,9.63,10.01,9.51,359162.56
2021-04-13,9.6,9.76,10.02,9.42,282656.88
2021-04-14,9.71,9.84,9.93,9.64,188573.95
2021-04-15,9.53,9.6,9.65,9.2,231101.33
2021-04-16,9.59,9.55,9.74,9.37,200843.34
2021-04-19,9.59,9.44,9.63,9.39,168679.31
2021-04-20,9.46,9.28,9.48,9.27,175255.54
2021-04-21,9.24,9.29,9.38,9.2,131090.43
2021-04-22,9.32,9.28,9.53,9.26,154625.94
2021-04-23,9.23,9.16,9.26,9.05,136079.98
2021-04-26,9.19,9.19,9.39,9.15,157873.86
2021-04-27,9.1,9.22,9.27,8.98,159145.83
2021-04-28,9.3,9.08,9.31,8.96,160294.47
2021-04-29,9.07,9.33,9.41,9.07,189889.95
2021-04-30,9.37,9.39,9.52,9.33,186633.82
2021-05-06,9.48,9.44,9.66,9.27,191134.97
2021-05-07,9.41,9.58,9.85,9.37,309511.59
2021-05-10,9.69,9.9,9.94,9.44,304131.08
2021-05-11,9.91,9.71,9.94,9.48,226297.9
2021-05-12,9.56,9.66,9.78,9.56,149212.65
2021-05-13,9.56,9.33,9.62,9.32,168554.89
2021-05-14,9.33,9.3,9.4,9.12,173012.31
2021-05-17,9.31,9.41,9.63,9.27,205904.33
2021-05-18,9.43,9.44,9.52,9.2,126722.3
2021-05-19,9.51,9.37,9.51,9.34,91999.58
2021-05-20,9.34,9.24,9.44,9.16,135611.48
2021-05-21,9.27,9.5,9.59,9.22,206735.56
2021-05-24,9.51,9.18,9.59,9.16,224845.83
2021-05-25,9.19,9.23,9.34,8.84,213111.73
2021-05-26,9.2,9.11,9.3,9.07,143059.21
2021-05-27,9.07,9.01,9.13,8.92,191707.87
2021-05-28,9.03,9.13,9.19,9.01,172749.11
2021-05-31,9.19,8.92,9.19,8.9,167856.12
2021-06-01,8.92,8.68,8.94,8.64,227590.9
2021-06-02,8.71,8.74,8.94,8.67,193052.43
2021-06-03,8.85,8.85,8.98,8.75,173942.73
2021-06-04,8.88,8.74,8.92,8.67,126809.67
2021-06-07,8.91,9.24,9.31,8.91,373961.46
2021-06-08,9.19,9.37,9.59,9.15,311600.82
2021-06-09,9.48,9.3,9.53,9.14,178267.87
2021-06-10,9.39,9.65,9.77,9.33,395338.71
2021-06-11,9.62,9.38,9.67,9.22,320980.28
2021-06-15,9.38,9.23,9.59,9.21,241352.13
2021-06-16,9.28,9.11,9.35,9.06,175037.19
2021-06-17,9.14,9.54,9.67,9.11,310956.64
2021-06-18,9.54,9.53,9.59,9.41,188287.34
2021-06-21,9.46,9.88,9.91,9.34,326029.49
2021-06-22,9.92,10.27,10.55,9.83,398170.86
2021-06-23,10.15,10.34,10.52,10.1,353369.21
2021-06-24,10.35,10.39,10.63,10.19,247305.62
2021-06-25,10.43,10.56,10.66,10.28,259099.1
2021-06-28,10.59,10.59,10.64,10.23,256174.95
2021-06-29,10.62,10.51,10.65,10.35,207936.41
2021-06-30,10.51,10.57,10.76,10.29,224813.52
2021-07-01,10.58,10.29,10.84,10.23,234219.27
2021-07-02,10.23,11.09,11.21,10.17,599305.59
2021-07-05,11.08,10.91,11.35,10.83,370851.37
2021-07-06,10.93,10.7,10.99,10.41,352616.68
2021-07-07,10.52,10.64,10.74,10.39,211035.78
2021-07-08,10.64,10.07,10.64,10.02,374711.09
2021-07-09,9.95,9.86,10.15,9.8,235091.8
2021-07-12,9.94,9.82,10.06,9.79,241104.21
2021-07-13,9.84,10.07,10.1,9.71,245226.55
2021-07-14,10.12,9.84,10.13,9.65,237874.0
2021-07-15,9.99,9.94,10.17,9.8,429995.86
2021-07-16,9.94,9.88,10.11,9.77,311037.43
2021-07-19,9.89,9.85,10.07,9.74,242779.27
2021-07-20,9.85,9.91,9.91,9.46,267840.32
2021-07-21,9.86,9.96,9.98,9.84,171538.39
2021-07-22,9.97,10.1,10.14,9.84,183940.44
2021-07-23,10.08,9.87,10.08,9.81,181537.0
2021-07-26,9.9,9.69,9.97,9.62,172879.63
2021-07-27,9.69,9.32,9.89,9.3,216921.98
2021-07-28,9.22,9.37,9.52,9.14,172208.96
2021-07-29,9.53,9.42,9.61,9.38,157781.84
2021-07-30,9.43,9.26,9.54,9.1,145985.29
2021-08-02,9.25,9.58,9.68,9.05,211674.33
2021-08-03,9.58,9.69,9.78,9.48,159211.85
2021-08-04,9.69,9.71,9.8,9.61,129800.94
2021-08-05,9.67,9.64,9.77,9.61,113128.5
2021-08-06,9.68,10.03,10.04,9.58,206583.68
2021-08-09,9.99,9.97,10.14,9.94,162648.71
2021-08-10,9.96,10.05,10.1,9.96,133904.98
2021-08-11,10.08,10.19,10.34,10.06,211231.78
2021-08-12,10.34,10.47,10.52,10.19,224407.21
2021-08-13,10.47,10.43,10.76,10.35,258637.44
2021-08-16,10.48,10.46,10.61,10.29,169923.52
2021-08-17,10.52,10.37,10.66,10.33,169939.79
2021-08-18,10.28,10.32,10.52,10.26,144207.16
2021-08-19,10.34,10.17,10.41,10.11,137421.62
2021-08-20,10.19,10.29,10.32,10.03,136304.92
2021-08-23,10.29,10.55,10.68,10.27,172164.02
2021-08-24,10.58,10.59,10.74,10.54,155169.98
2021-08-25,10.61,10.85,10.87,10.53,232353.74
2021-08-26,10.94,10.75,11.01,10.65,192609.24
2021-08-27,10.69,10.92,10.94,10.67,172148.88
2021-08-30,11.11,10.98,11.32,10.75,341236.99
2021-08-31,10.97,10.84,11.15,10.76,294904.34
2021-09-01,10.84,11.22,11.5,10.8,424900.44
2021-09-02,11.34,11.2,11.34,10.94,320897.73
2021-09-03,11.26,11.87,11.98,11.12,607146.4
2021-09-06,12.0,11.09,12.05,10.82,658094.12
2021-09-07,11.09,11.3,11.62,10.87,495702.46
2021-09-08,11.35,12.43,12.43,11.16,845336.02
2021-09-09,12.5,12.71,12.73,12.09,831704.41
2021-09-10,12.6,12.38,13.02,12.37,564169.38
2021-09-13,12.3,12.8,12.87,12.18,575207.43
2021-09-14,12.82,12.11,12.83,12.07,474970.97
2021-09-15,12.0,12.11,12.33,12.0,297196.97
2021-09-16,12.11,11.72,12.32,11.7,344425.46
2021-09-17,11.73,11.82,11.94,11.61,247500.06
2021-09-22,11.66,12.08,12.14,11.63,253800.57
2021-09-23,12.02,11.98,12.19,11.86,244777.45
2021-09-24,12.0,11.63,12.07,11.56,233898.21
2021-09-27,11.62,11.05,11.93,10.74,454890.0
2021-09-28,11.0,10.76,11.28,10.66,409466.89
2021-09-29,10.76,10.39,10.89,10.31,308932.18
2021-09-30,10.44,10.54,10.6,10.42,199137.55
2021-10-08,10.62,10.26,10.67,10.13,245966.25
2021-10-11,10.37,10.06,10.37,9.98,204133.7
2021-10-12,10.05,9.84,10.08,9.73,243823.42
2021-10-13,9.9,9.93,9.97,9.79,130069.72
2021-10-14,10.4,10.25,10.53,10.09,270959.57
2021-10-15,10.19,10.36,10.5,10.16,241440.22
2021-10-18,10.34,10.28,10.45,10.11,160405.24
2021-10-19,10.34,10.43,10.45,10.24,174766.2
2021-10-20,10.44,10.38,10.46,10.21,136045.48
2021-10-21,10.42,10.3,10.49,10.29,115054.3
2021-10-22,10.29,10.19,10.37,10.11,115556.74
2021-10-25,10.06,10.36,10.37,10.06,111840.07
2021-10-26,10.39,10.42,10.55,10.34,125336.21
2021-10-27,10.4,10.39,10.44,10.19,142315.25
2021-10-28,10.53,10.08,10.56,10.06,216256.39
2021-10-29,9.94,10.39,10.46,9.92,191569.09
2021-11-01,10.46,10.2,10.46,10.12,183025.71
2021-11-02,10.2,9.94,10.27,9.82,187903.91
2021-11-03,9.95,9.88,10.03,9.78,164183.17
2021-11-04,9.82,9.6,9.88,9.56,218152.42
2021-11-05,9.62,9.3,9.63,9.2,238800.1
2021-11-08,9.3,9.29,9.37,9.22,144332.81
2021-11-09,9.32,9.3,9.36,9.23,126745.16
2021-11-10,9.42,9.58,9.59,9.29,226630.52
2021-11-11,9.48,9.54,9.55,9.38,139008.19
2021-11-12,9.54,9.52,9.56,9.43,113086.19
2021-11-15,9.51,9.49,9.56,9.4,106271.58
2021-11-16,9.44,9.55,9.55,9.4,130490.17
2021-11-17,9.54,9.56,9.56,9.47,117396.64
2021-11-18,9.56,9.7,9.85,9.54,198467.62
2021-11-19,9.7,9.7,9.74,9.52,149097.77
2021-11-22,9.67,9.71,9.77,9.64,144958.02
2021-11-23,9.67,9.93,10.02,9.64,210664.3
2021-11-24,9.98,9.93,9.99,9.82,128471.34
2021-11-25,9.94,9.9,9.95,9.82,99732.97
2021-11-26,9.91,9.89,9.98,9.87,102818.88
2021-11-29,9.77,10.17,10.21,9.73,241219.28
2021-11-30,10.2,10.07,10.21,9.93,230526.45
2021-12-01,9.98,10.1,10.13,9.89,146849.46
2021-12-02,10.11,10.19,10.26,10.05,167612.51
2021-12-03,10.23,10.29,10.39,10.15,169515.53
2021-12-06,10.34,10.22,10.48,10.19,181135.07
2021-12-07,10.25,10.23,10.31,10.1,140291.92
2021-12-08,10.24,10.17,10.28,10.11,124624.18
2021-12-09,10.17,10.11,10.22,10.08,148592.41
2021-12-10,10.08,10.14,10.21,9.99,133682.66
2021-12-13,10.24,10.16,10.45,10.13,273605.04
2021-12-14,10.15,9.71,10.15,9.67,314435.67
2021-12-15,9.71,9.72,9.8,9.65,146899.23
2021-12-16,9.72,9.9,9.91,9.59,133588.67
2021-12-17,10.1,10.27,10.59,9.98,446561.55
2021-12-20,10.33,10.04,10.37,10.03,244758.91
2021-12-21,10.0,10.13,10.16,9.97,179877.91
2021-12-22,10.08,9.85,10.16,9.85,232637.1
2021-12-23,9.79,9.89,9.96,9.78,126499.73
2021-12-24,9.9,9.89,9.97,9.78,124785.98
2021-12-27,9.88,9.92,10.0,9.82,108546.53
2021-12-28,9.93,9.85,9.97,9.78,107489.12
2021-12-29,9.82,9.88,9.9,9.82,90248.96
2021-12-30,9.86,9.87,9.97,9.84,119616.03
2021-12-31,9.92,10.14,10.19,9.88,210163.55
2022-01-04,10.2,10.16,10.23,10.09,169910.97
2022-01-05,10.17,10.01,10.2,9.97,164217.09
2022-01-06,10.02,10.09,10.15,9.95,137581.71
2022-01-07,10.15,10.17,10.29,10.12,156832.29
2022-01-10,10.17,10.19,10.23,10.11,127548.13
2022-01-11,10.17,10.08,10.23,10.06,120282.41
2022-01-12,10.08,10.14,10.19,10.04,104628.28
2022-01-13,10.11,9.99,10.19,9.98,152541.13
2022-01-14,9.94,9.81,9.97,9.74,143406.23
2022-01-17,9.82,10.03,10.1,9.8,136520.95
2022-01-18,10.03,10.06,10.2,9.94,170258.98
2022-01-19,10.03,9.92,10.14,9.87,124153.5
2022-01-20,9.9,9.85,9.96,9.8,108122.66
2022-01-21,9.85,9.56,9.85,9.49,163427.31
2022-01-24,9.49,9.48,9.55,9.37,93560.86
2022-01-25,9.45,9.35,9.56,9.34,112486.06
2022-01-26,9.38,9.24,9.43,9.19,122526.69
2022-01-27,9.25,9.09,9.27,9.08,106858.62
2022-01-28,9.22,8.91,9.22,8.83,134789.55
2022-02-07,9.0,9.12,9.25,8.97,157564.24
2022-02-08,9.1,9.27,9.29,9.04,126035.62
2022-02-09,9.17,9.26,9.31,9.17,108256.82
2022-02-10,9.26,9.27,9.32,9.18,90180.42
2022-02-11,9.23,9.2,9.27,9.13,96181.5
2022-02-14,9.16,9.04,9.17,9.0,94658.35
2022-02-15,9.03,8.93,9.06,8.87,102788.48
2022-02-16,8.96,9.06,9.14,8.94,91372.16
2022-02-17,9.01,8.99,9.12,8.99,75551.8
2022-02-18,8.96,9.05,9.06,8.92,75391.78
2022-02-21,9.06,9.01,9.08,8.95,75634.59
2022-02-22,8.94,8.84,8.98,8.75,121189.47
2022-02-23,8.85,8.97,8.99,8.83,107584.73
2022-02-24,8.94,8.76,8.97,8.66,140036.41
2022-02-25,8.81,8.75,8.88,8.72,104723.4
2022-02-28,8.75,8.88,8.9,8.66,109864.79
2022-03-01,8.9,8.88,8.96,8.82,108626.91
2022-03-02,8.87,8.91,8.94,8.76,108708.62
2022-03-03,8.92,9.1,9.14,8.91,214970.89
2022-03-04,9.12,8.83,9.13,8.8,179919.22
2022-03-07,8.81,8.71,8.83,8.7,117446.06
2022-03-08,8.7,8.19,8.74,8.19,174201.48
2022-03-09,8.19,8.07,8.32,7.64,190065.51
2022-03-10,8.24,8.31,8.39,8.22,154074.44
2022-03-11,8.25,8.48,8.49,8.15,131946.05
2022-03-14,8.45,8.42,8.58,8.37,96693.69
2022-03-15,8.34,7.87,8.34,7.84,142972.47
2022-03-16,8.04,8.17,8.23,7.77,156183.45
2022-03-17,8.28,8.26,8.4,8.2,100874.85
2022-03-18,8.26,8.42,8.51,8.2,88718.69
2022-03-21,8.47,8.28,8.48,8.2,105289.94
2022-03-22,8.28,8.39,8.47,8.22,95024.73
2022-03-23,8.5,8.4,8.52,8.36,71373.54
2022-03-24,8.35,8.42,8.51,8.31,73652.77
2022-03-25,8.38,8.34,8.46,8.33,74266.2
2022-03-28,8.29,8.4,8.41,8.11,89781.47
2022-03-29,8.64,8.03,8.67,7.95,427235.88
2022-03-30,8.09,8.11,8.22,7.98,272778.95
2022-03-31,8.13,8.21,8.45,8.09,317330.98
2022-04-01,8.16,8.42,8.51,8.05,365947.63
2022-04-06,8.43,8.22,8.43,8.13,380484.78
2022-04-07,8.18,8.0,8.21,7.99,218657.89
2022-04-08,8.03,8.0,8.05,7.84,192471.94
2022-04-11,8.0,7.76,8.01,7.72,170245.3
2022-04-12,7.76,7.92,7.94,7.66,159635.36
2022-04-13,7.93,7.94,8.16,7.8,203517.72
2022-04-14,8.0,8.0,8.05,7.91,123274.87
2022-04-15,7.97,7.98,8.09,7.94,125879.71
2022-04-18,7.96,7.82,7.96,7.77,111598.64
2022-04-19,7.8,7.83,7.86,7.78,86983.89
2022-04-20,7.83,7.76,7.91,7.74,110463.11
2022-04-21,7.7,7.46,7.76,7.45,152787.28
2022-04-22,7.47,7.51,7.55,7.35,89286.31
2022-04-25,7.39,7.05,7.39,7.03,157094.45
2022-04-26,7.06,6.99,7.18,6.98,126153.63
2022-04-27,6.91,7.09,7.11,6.8,149476.54
2022-04-28,7.16,7.24,7.34,7.14,177190.39
2022-04-29,7.33,7.39,7.48,7.28,163393.47
2022-05-05,7.43,7.61,7.66,7.4,164980.7
2022-05-06,7.48,7.63,7.79,7.45,195934.1
2022-05-09,7.62,7.54,7.65,7.51,97130.42
2022-05-10,7.47,7.57,7.57,7.36,111065.49
2022-05-11,7.57,7.6,7.75,7.53,138084.19
2022-05-12,7.58,7.59,7.65,7.51,90499.49
2022-05-13,7.63,7.7,7.71,7.59,90085.13
2022-05-16,7.78,7.68,7.8,7.64,87420.66
2022-05-17,7.63,7.76,7.79,7.6,98175.5
2022-05-18,7.69,7.67,7.74,7.67,76981.62
2022-05-19,7.58,7.71,7.71,7.55,64008.21
2022-05-20,7.71,7.8,7.81,7.69,127237.22
2022-05-23,7.77,7.81,7.83,7.75,94063.3
2022-05-24,7.79,7.7,7.94,7.67,166825.06
2022-05-25,7.65,7.9,7.93,7.64,169534.57
2022-05-26,7.9,7.93,7.95,7.83,109989.43
2022-05-27,7.93,7.95,8.02,7.88,117408.34
2022-05-30,7.95,7.93,7.99,7.88,94787.3
2022-05-31,7.93,7.94,7.96,7.86,121049.65
2022-06-01,7.91,7.99,8.01,7.87,135280.61
2022-06-02,7.99,8.07,8.08,7.96,133527.88
2022-06-06,8.05,8.23,8.23,8.02,162734.26
2022-06-07,8.23,8.2,8.24,8.13,138422.92
2022-06-08,8.2,8.16,8.2,8.03,114969.85
2022-06-09,8.03,8.09,8.18,8.03,106701.78
2022-06-10,8.03,8.09,8.11,7.99,147688.58
2022-06-13,8.04,8.16,8.29,8.01,201080.23
2022-06-14,8.1,8.17,8.18,7.93,162413.98
2022-06-15,8.16,8.18,8.32,8.14,254794.24
2022-06-16,8.18,8.06,8.22,8.05,160499.07
2022-06-17,8.04,8.1,8.13,7.96,131276.5
2022-06-20,8.09,8.05,8.12,8.02,96573.24
2022-06-21,8.02,8.0,8.07,7.98,103418.82
2022-06-22,7.99,7.84,8.0,7.83,125695.31
2022-06-23,7.82,8.01,8.02,7.81,135746.65
2022-06-24,8.03,8.06,8.09,8.0,112473.37
2022-06-27,8.01,8.1,8.2,8.0,174690.24
2022-06-28,8.11,8.32,8.32,8.11,225553.18
2022-06-29,8.31,8.19,8.36,8.18,162302.09
2022-06-30,8.19,8.19,8.3,8.19,187114.46
2022-07-01,8.18,8.16,8.23,8.13,111789.08
2022-07-04,8.16,8.15,8.18,8.1,112682.77
2022-07-05,8.15,8.16,8.23,8.07,145853.7
2022-07-06,8.13,7.99,8.13,7.95,126580.41
2022-07-07,7.99,7.97,8.04,7.95,102884.18
2022-07-08,7.97,8.03,8.15,7.97,141675.01
2022-07-11,8.02,7.94,8.02,7.87,115838.78
2022-07-12,7.92,7.83,7.96,7.83,97192.6
2022-07-13,7.83,7.81,7.86,7.78,79564.38
2022-07-14,7.81,7.76,7.81,7.74,83269.03
2022-07-15,7.74,7.7,7.82,7.68,100311.4
2022-07-18,7.69,7.81,7.81,7.69,101476.35
2022-07-19,7.79,7.82,7.84,7.76,97549.15
2022-07-20,7.81,7.93,7.97,7.81,138036.48
2022-07-21,7.93,7.83,7.95,7.83,100534.28
2022-07-22,7.86,7.88,7.93,7.82,95317.6
2022-07-25,7.89,7.8,7.98,7.79,143401.22
2022-07-26,7.81,7.86,7.87,7.76,81386.19
2022-07-27,7.87,7.88,7.92,7.83,72368.41
2022-07-28,7.91,7.88,7.95,7.86,86081.13
2022-07-29,7.92,7.79,7.92,7.77,114412.02
2022-08-01,7.79,7.77,7.79,7.7,93581.52
2022-08-02,7.71,7.45,7.73,7.27,203573.0
2022-08-03,7.47,7.52,7.73,7.45,157025.92
2022-08-04,7.55,7.62,7.63,7.48,80643.94
2022-08-05,7.61,7.74,7.75,7.6,104560.72
2022-08-08,7.74,7.77,7.8,7.71,73899.66
2022-08-09,7.79,7.86,7.87,7.76,102876.48
2022-08-10,7.86,7.97,7.97,7.84,152584.51
2022-08-11,8.02,8.23,8.33,8.02,322651.28
2022-08-12,8.23,8.22,8.26,8.2,178243.99
2022-08-15,8.25,8.22,8.28,8.18,144969.39
2022-08-16,8.23,8.22,8.26,8.2,162636.63
2022-08-17,8.22,8.19,8.23,8.1,240635.99
2022-08-18,8.13,7.93,8.17,7.91,333792.75
2022-08-19,7.93,7.78,7.95,7.75,254194.43
2022-08-22,7.77,7.84,7.85,7.62,179835.41
2022-08-23,7.83,7.82,7.86,7.74,115056.46
2022-08-24,7.84,7.65,7.87,7.59,200857.6
2022-08-25,7.7,7.96,8.0,7.64,291807.75
2022-08-26,7.96,7.85,7.98,7.8,177282.99
2022-08-29,7.68,7.71,7.74,7.65,131761.33
2022-08-30,7.56,7.52,7.62,7.43,288686.68
2022-08-31,7.46,7.57,7.57,7.38,219180.23
2022-09-01,7.52,7.4,7.56,7.38,176002.53
2022-09-02,7.39,7.36,7.44,7.3,125794.5
2022-09-05,7.35,7.41,7.45,7.32,144540.36
2022-09-06,7.39,7.47,7.48,7.39,130944.12
2022-09-07,7.46,7.41,7.46,7.39,82517.74
2022-09-08,7.39,7.37,7.44,7.36,86838.2
2022-09-09,7.38,7.43,7.44,7.33,107440.53
2022-09-13,7.41,7.37,7.42,7.36,96253.65
2022-09-14,7.3,7.26,7.32,7.24,123150.94
2022-09-15,7.27,7.18,7.3,7.11,129238.72
2022-09-16,7.13,6.92,7.14,6.92,133224.9
2022-09-19,6.93,6.81,6.99,6.77,143773.34
2022-09-20,6.84,6.82,6.89,6.8,83891.19
2022-09-21,6.82,6.99,7.04,6.73,139882.08
2022-09-22,6.96,6.93,7.0,6.91,70083.31
2022-09-23,6.93,6.9,7.0,6.81,71214.42
2022-09-26,6.86,6.71,6.9,6.7,103055.63
2022-09-27,6.74,6.75,6.81,6.65,93956.13
2022-09-28,6.73,6.48,6.74,6.47,169297.52
2022-09-29,6.56,6.45,6.59,6.44,112494.86
2022-09-30,6.48,6.45,6.53,6.43,109311.77
2022-10-10,6.47,6.41,6.55,6.39,130260.69
2022-10-11,6.47,6.49,6.51,6.37,91449.03
2022-10-12,6.49,6.57,6.58,6.36,137496.1
2022-10-13,6.62,6.56,6.62,6.53,105843.2
2022-10-14,6.59,6.67,6.7,6.56,122005.54
2022-10-17,6.66,6.86,6.88,6.63,147409.2
2022-10-18,6.89,6.85,6.92,6.8,110720.68
2022-10-19,6.87,6.82,6.9,6.81,91882.82
2022-10-20,6.8,6.87,6.95,6.73,228112.92
2022-10-21,6.82,6.76,6.85,6.74,90000.12
2022-10-24,6.72,6.59,6.84,6.54,133079.48
2022-10-25,6.53,6.6,6.67,6.52,95241.39
2022-10-26,6.6,6.59,6.68,6.56,116758.78
2022-10-27,6.6,6.56,6.66,6.55,99381.68
2022-10-28,6.52,6.28,6.53,6.24,166335.94
2022-10-31,6.29,6.21,6.3,6.19,105412.98
2022-11-01,6.24,6.44,6.46,6.24,126561.55
2022-11-02,6.44,6.49,6.51,6.4,100401.48
2022-11-03,6.48,6.48,6.51,6.42,66689.42
2022-11-04,6.48,6.62,6.63,6.48,112486.25
2022-11-07,6.63,6.7,6.73,6.61,128534.5
2022-11-08,6.7,6.68,6.73,6.66,94564.92
2022-11-09,6.69,6.67,6.73,6.66,79066.64
2022-11-10,6.65,6.63,6.67,6.59,93207.74
2022-11-11,6.69,6.72,6.78,6.68,137189.7
2022-11-14,6.72,6.75,6.85,6.72,136894.6
2022-11-15,6.8,6.83,6.85,6.73,126817.4
2022-11-16,6.83,6.81,6.91,6.8,105208.47
2022-11-17,6.81,6.8,6.83,6.74,81505.99
2022-11-18,6.81,6.77,6.82,6.74,93041.84
2022-11-21,6.74,6.71,6.74,6.66,90821.66
2022-11-22,6.7,6.72,6.82,6.67,125400.46
2022-11-23,6.75,6.79,6.83,6.72,147364.3
2022-11-24,6.79,6.82,6.83,6.77,124479.66
2022-11-25,6.81,6.87,6.89,6.78,110966.96
2022-11-28,6.84,6.74,6.84,6.65,125060.16
2022-11-29,6.75,6.85,6.87,6.74,134105.9
2022-11-30,6.87,6.94,6.96,6.85,153933.23
2022-12-01,6.97,6.96,7.03,6.95,145805.61
2022-12-02,6.95,6.85,6.96,6.83,123458.73
2022-12-05,6.86,7.03,7.05,6.86,228457.1
2022-12-06,7.03,7.0,7.08,6.98,199026.31
2022-12-07,6.99,6.94,7.02,6.92,151353.76
2022-12-08,6.95,6.85,6.95,6.83,167366.07
2022-12-09,6.87,6.87,6.92,6.79,157416.54
2022-12-12,6.87,6.7,6.89,6.69,184634.76
2022-12-13,6.68,6.72,6.75,6.68,84959.13
2022-12-14,6.73,6.67,6.78,6.66,108445.84
2022-12-15,6.68,6.69,6.7,6.65,68584.85
2022-12-16,6.67,6.67,6.71,6.64,97205.67
2022-12-19,6.67,6.53,6.69,6.48,123990.81
2022-12-20,6.52,6.49,6.55,6.47,88138.56
2022-12-21,6.53,6.47,6.53,6.44,76685.2
2022-12-22,6.48,6.45,6.52,6.4,84846.5
2022-12-23,6.38,6.43,6.49,6.38,48903.36
2022-12-26,6.44,6.45,6.46,6.41,51435.13
2022-12-27,6.46,6.58,6.58,6.45,78030.49
2022-12-28,6.55,6.57,6.61,6.49,85064.19
2022-12-29,6.53,6.47,6.54,6.47,87939.61
2022-12-30,6.5,6.57,6.58,6.47,97241.55
2023-01-03,6.55,6.57,6.59,6.52,78629.71
2023-01-04,6.58,6.53,6.58,6.52,83711.71
2023-01-05,6.53,6.59,6.59,6.53,88057.66
2023-01-06,6.57,6.57,6.6,6.54,76256.86
2023-01-09,6.58,6.55,6.6,6.55,83422.52
2023-01-10,6.57,6.49,6.57,6.48,94967.3
2023-01-11,6.47,6.47,6.51,6.46,60840.87
2023-01-12,6.48,6.48,6.51,6.44,53597.56
2023-01-13,6.49,6.53,6.53,6.47,68001.34
2023-01-16,6.53,6.57,6.61,6.52,104321.27
2023-01-17,6.6,6.63,6.64,6.56,85087.63
2023-01-18,6.65,6.75,6.83,6.63,177921.42
2023-01-19,6.76,6.78,6.81,6.69,104363.28
2023-01-20,6.79,6.8,6.84,6.77,99061.56
2023-01-30,6.85,6.76,6.85,6.75,153025.53
2023-01-31,6.76,6.79,6.81,6.75,101573.91
2023-02-01,6.82,6.81,6.82,6.77,128170.8
2023-02-02,6.81,6.8,6.82,6.77,107361.3
2023-02-03,6.78,6.73,6.8,6.67,123429.3
2023-02-06,6.74,6.74,6.81,6.68,114874.33
2023-02-07,6.74,6.87,6.92,6.74,209993.09
2023-02-08,6.88,6.83,6.93,6.81,111011.12
2023-02-09,6.81,6.87,6.88,6.8,99178.8
2023-02-10,6.87,6.9,7.06,6.83,240931.7
2023-02-13,6.93,7.24,7.45,6.88,699838.13
2023-02-14,7.24,7.26,7.38,7.22,325294.93
2023-02-15,7.3,7.23,7.36,7.18,183462.51
2023-02-16,7.2,7.08,7.25,7.01,228125.0
2023-02-17,7.06,7.08,7.17,7.06,145775.21
2023-02-20,7.09,7.24,7.26,7.08,250095.47
2023-02-21,7.24,7.23,7.31,7.16,164611.58
2023-02-22,7.23,7.19,7.23,7.15,140324.02
2023-02-23,7.18,7.17,7.21,7.12,105180.59
2023-02-24,7.16,7.16,7.16,7.06,104017.96
2023-02-27,7.12,7.07,7.14,7.03,101580.18
2023-02-28,7.1,7.09,7.1,7.02,89432.52
2023-03-01,7.1,7.1,7.18,7.08,239304.28
2023-03-02,7.12,7.18,7.23,7.1,174989.81
2023-03-03,7.19,7.24,7.28,7.15,192465.9
2023-03-06,7.24,7.16,7.27,7.13,167506.85
2023-03-07,7.15,7.08,7.28,7.07,232530.73
2023-03-08,7.05,7.07,7.08,7.0,120349.73
2023-03-09,7.07,7.13,7.17,7.03,121028.41
2023-03-10,7.14,7.11,7.17,7.09,113010.45
2023-03-13,7.07,6.99,7.11,6.94,161968.28
2023-03-14,6.99,6.95,7.04,6.88,113232.47
2023-03-15,6.99,7.22,7.24,6.96,247468.09
2023-03-16,7.22,7.04,7.23,7.0,175945.78
2023-03-17,7.08,7.07,7.13,7.02,144726.51
2023-03-20,7.09,7.02,7.19,6.98,178965.09
2023-03-21,7.06,6.97,7.06,6.94,128355.33
2023-03-22,6.99,7.02,7.03,6.97,97608.81
2023-03-23,7.03,7.0,7.03,6.95,94759.59
2023-03-24,7.03,6.95,7.03,6.93,102274.07
2023-03-27,6.98,6.89,6.99,6.89,119844.42
2023-03-28,6.89,6.85,6.95,6.8,156224.7
2023-03-29,6.91,6.79,6.91,6.74,186828.85
2023-03-30,6.77,6.91,6.97,6.77,222942.25
2023-03-31,6.91,7.1,7.11,6.88,332663.99
2023-04-03,7.11,7.15,7.24,7.09,209554.48
2023-04-04,7.16,7.09,7.17,7.07,124966.43
2023-04-06,7.09,6.97,7.09,6.97,110387.5
2023-04-07,6.98,7.03,7.03,6.97,71330.62
2023-04-10,7.0,7.01,7.06,6.98,85979.75
2023-04-11,7.0,6.93,7.01,6.89,116352.48
2023-04-12,6.93,6.98,7.01,6.91,96682.61
2023-04-13,7.0,6.93,7.01,6.9,90592.15
2023-04-14,6.95,7.09,7.13,6.9,193330.64
2023-04-17,6.94,6.74,6.95,6.64,467730.86
2023-04-18,6.74,6.76,6.88,6.71,179866.93
2023-04-19,6.77,6.68,6.78,6.68,119232.73
2023-04-20,6.67,6.66,6.68,6.61,116803.26
2023-04-21,6.67,6.61,6.71,6.58,117756.88
2023-04-24,6.62,6.56,6.63,6.52,105664.47
2023-04-25,6.57,6.49,6.59,6.43,116070.4
2023-04-26,6.5,6.55,6.55,6.45,92653.07
2023-04-27,6.52,6.53,6.55,6.49,75068.78
2023-04-28,6.53,6.54,6.59,6.51,128153.66
2023-05-04,6.53,6.54,6.6,6.51,145945.6
2023-05-05,6.54,6.53,6.6,6.49,119180.67
2023-05-08,6.53,6.6,6.65,6.53,289853.48
2023-05-09,6.63,6.72,6.85,6.59,329748.95
2023-05-10,6.7,6.66,6.75,6.61,168340.48
2023-05-11,6.67,6.64,6.67,6.61,73797.99
2023-05-12,6.63,6.55,6.64,6.55,94561.86
2023-05-15,6.56,6.61,6.62,6.52,106187.92
2023-05-16,6.61,6.53,6.61,6.52,79557.35
2023-05-17,6.53,6.54,6.57,6.52,63735.8
2023-05-18,6.57,6.52,6.59,6.51,80429.32
2023-05-19,6.52,6.53,6.54,6.49,58634.58
2023-05-22,6.53,6.54,6.55,6.5,54239.08
2023-05-23,6.54,6.49,6.54,6.49,66955.62
2023-05-24,6.49,6.44,6.5,6.43,78990.22
2023-05-25,6.45,6.38,6.45,6.32,110945.5
2023-05-26,6.37,6.42,6.43,6.29,59835.22
2023-05-29,6.44,6.39,6.47,6.38,50990.39
2023-05-30,6.39,6.41,6.42,6.32,55706.7
2023-05-31,6.37,6.38,6.42,6.34,56102.18
2023-06-01,6.38,6.41,6.47,6.33,84761.73
2023-06-02,6.43,6.45,6.47,6.42,63326.3
2023-06-05,6.47,6.45,6.48,6.43,46572.3
2023-06-06,6.48,6.39,6.48,6.38,54302.24
2023-06-07,6.39,6.36,6.41,6.33,55664.31
2023-06-08,6.36,6.42,6.43,6.3,78785.75
2023-06-09,6.41,6.39,6.43,6.39,70963.27
2023-06-12,6.4,6.4,6.42,6.37,55395.18
2023-06-13,6.4,6.39,6.42,6.38,49644.0
2023-06-14,6.39,6.37,6.4,6.34,52070.81
2023-06-15,6.36,6.43,6.43,6.33,80890.51
2023-06-16,6.42,6.42,6.46,6.4,65014.42
2023-06-19,6.42,6.36,6.43,6.35,70584.79
2023-06-20,6.36,6.38,6.39,6.34,61203.68
2023-06-21,6.37,6.31,6.39,6.3,77427.77
2023-06-26,6.29,6.26,6.31,6.23,71928.58
2023-06-27,6.29,6.3,6.33,6.27,70470.19
2023-06-28,6.3,6.39,6.39,6.28,83501.52
2023-06-29,6.37,6.43,6.45,6.37,80615.22
2023-06-30,6.45,6.43,6.46,6.4,89455.03
2023-07-03,6.44,6.53,6.53,6.44,130539.2
2023-07-04,6.54,6.52,6.54,6.47,76913.32
2023-07-05,6.52,6.54,6.56,6.49,83233.06
2023-07-06,6.54,6.57,6.57,6.5,96909.46
2023-07-07,6.55,6.59,6.62,6.53,89730.54
2023-07-10,6.6,6.62,6.65,6.59,94544.13
2023-07-11,6.62,6.67,6.67,6.6,84547.95
2023-07-12,6.68,6.62,6.68,6.6,84436.5
2023-07-13,6.62,6.64,6.67,6.62,103077.72
2023-07-14,6.65,6.66,6.69,6.62,74279.2
2023-07-17,6.66,6.67,6.67,6.61,81490.86
2023-07-18,6.67,6.75,6.75,6.65,141139.06
2023-07-19,6.72,6.71,6.75,6.68,63771.49
2023-07-20,6.73,6.67,6.75,6.66,66026.16
2023-07-21,6.67,6.69,6.7,6.64,61021.22
2023-07-24,6.67,6.72,6.72,6.65,58247.31
2023-07-25,6.76,6.76,6.8,6.72,102170.11
2023-07-26,6.78,6.76,6.78,6.73,54012.75
2023-07-27,6.78,6.78,6.85,6.75,136920.39
2023-07-28,6.77,6.81,6.82,6.74,83588.68
2023-07-31,6.85,6.9,6.93,6.84,168421.09
2023-08-01,6.88,6.94,6.95,6.86,121159.11
2023-08-02,6.94,6.95,6.98,6.91,106394.5
2023-08-03,6.96,7.06,7.07,6.93,174149.19
2023-08-04,7.09,7.05,7.24,7.04,235656.68
2023-08-07,7.05,6.97,7.05,6.93,143417.61
2023-08-08,6.96,6.97,6.99,6.92,83289.5
2023-08-09,6.97,6.94,6.99,6.92,80232.78
2023-08-10,6.94,7.08,7.09,6.94,168743.98
2023-08-11,7.07,6.94,7.08,6.91,115147.37
2023-08-14,6.91,6.95,6.95,6.85,132213.03
2023-08-15,6.93,6.87,6.95,6.81,89922.3
2023-08-16,6.89,6.82,6.89,6.81,63161.68
2023-08-17,6.82,6.86,6.89,6.78,89331.39
2023-08-18,6.96,6.86,7.0,6.83,90899.84
2023-08-21,6.84,6.77,6.92,6.75,100471.97
2023-08-22,6.79,6.76,6.82,6.67,91179.85
2023-08-23,6.76,6.76,6.81,6.71,85931.78
2023-08-24,6.75,6.72,6.8,6.68,117510.9
2023-08-25,6.71,6.79,6.85,6.66,127594.01
2023-08-28,6.99,6.9,7.06,6.88,284484.8
2023-08-29,6.89,6.89,6.94,6.83,180340.33
2023-08-30,6.87,6.84,6.98,6.83,102599.95
2023-08-31,6.82,6.75,6.91,6.72,103681.98
2023-09-01,6.75,6.82,6.88,6.74,91783.79
2023-09-04,6.83,6.87,6.93,6.82,107931.37
2023-09-05,6.88,6.88,6.9,6.84,78074.86
2023-09-06,6.84,6.8,6.84,6.76,84245.1
2023-09-07,6.82,6.77,6.84,6.75,98121.51
2023-09-08,6.77,6.6,6.78,6.6,153380.61
2023-09-11,6.6,6.79,6.81,6.6,148830.13
2023-09-12,6.79,6.68,6.79,6.68,90886.02
2023-09-13,6.75,6.75,6.77,6.69,96514.81
2023-09-14,6.77,6.74,6.77,6.7,69441.32
2023-09-15,6.77,6.79,6.84,6.75,130744.43
2023-09-18,6.8,6.8,6.83,6.71,122141.5
2023-09-19,6.79,6.81,6.86,6.77,103169.58
2023-09-20,6.82,6.77,6.83,6.77,61818.65
2023-09-21,6.79,6.74,6.8,6.74,67070.18
2023-09-22,6.76,6.82,6.82,6.73,119857.9
2023-09-25,6.84,6.79,6.84,6.78,82316.23
2023-09-26,6.79,6.78,6.83,6.77,59185.78
2023-09-27,6.77,6.79,6.84,6.76,86161.19
2023-09-28,6.79,6.79,6.83,6.76,77323.42
2023-10-09,6.79,6.7,6.79,6.68,121760.41
2023-10-10,6.71,6.5,6.75,6.48,232891.18
2023-10-11,6.51,6.48,6.53,6.47,101510.52
2023-10-12,6.5,6.57,6.58,6.5,101950.36
2023-10-13,6.54,6.53,6.56,6.51,54492.7
2023-10-16,6.55,6.57,6.58,6.52,80930.87
2023-10-17,6.55,6.68,6.69,6.52,134746.02
2023-10-18,6.69,6.69,6.69,6.59,261354.36
2023-10-19,6.62,6.28,6.64,6.27,362691.55
2023-10-20,6.26,6.27,6.33,6.22,146694.61
2023-10-23,6.25,6.13,6.29,6.07,159706.7
2023-10-24,6.15,6.06,6.26,6.04,178723.14
2023-10-25,6.11,6.2,6.28,6.09,191081.5
2023-10-26,6.21,6.32,6.36,6.17,232460.98
2023-10-27,6.3,6.32,6.42,6.28,193684.36
2023-10-30,6.35,6.32,6.47,6.3,163795.61
2023-10-31,6.34,6.34,6.38,6.32,80588.3
2023-11-01,6.34,6.36,6.4,6.3,111763.8
2023-11-02,6.35,6.4,6.47,6.34,142246.9
2023-11-03,6.37,6.39,6.44,6.36,106921.5
2023-11-06,6.42,6.56,6.58,6.4,189423.61
2023-11-07,6.56,6.68,6.79,6.53,318387.05
2023-11-08,6.69,6.71,6.77,6.67,152361.58
2023-11-09,6.69,6.71,6.78,6.68,124910.99
2023-11-10,6.71,6.7,6.73,6.66,89356.79
2023-11-13,6.75,6.79,6.79,6.66,155140.51
2023-11-14,6.81,6.94,6.99,6.79,230846.15
2023-11-15,6.99,7.1,7.12,6.99,294144.72
2023-11-16,7.11,7.06,7.12,7.03,210570.54
2023-11-17,7.11,7.22,7.27,7.06,294784.48
2023-11-20,7.22,7.35,7.37,7.16,269672.24
2023-11-21,7.36,7.29,7.39,7.28,167709.93
2023-11-22,7.32,7.24,7.33,7.23,175327.68
2023-11-23,7.24,7.39,7.41,7.21,206855.75
2023-11-24,7.36,7.41,7.44,7.31,190446.6
2023-11-27,7.39,7.41,7.45,7.33,174008.37
2023-11-28,7.4,7.42,7.45,7.36,195018.36
2023-11-29,7.43,7.5,7.57,7.43,224642.55
2023-11-30,7.5,7.54,7.61,7.48,191710.98
2023-12-01,7.52,7.37,7.56,7.34,296299.62
2023-12-04,7.37,7.45,7.51,7.35,294635.08
2023-12-05,7.43,7.42,7.51,7.37,177017.91
2023-12-06,7.39,7.5,7.52,7.35,249752.15
2023-12-07,7.5,7.6,7.64,7.46,249519.81
2023-12-08,7.59,7.52,7.63,7.51,189867.97
2023-12-11,7.52,7.59,7.61,7.47,220893.96
2023-12-12,7.59,7.6,7.62,7.5,115635.12
2023-12-13,7.57,7.53,7.59,7.51,94868.8
2023-12-14,7.57,7.48,7.57,7.47,102632.69
2023-12-15,7.46,7.43,7.53,7.41,144179.1
2023-12-18,7.43,7.41,7.52,7.37,139060.08
2023-12-19,7.4,7.45,7.46,7.36,153096.58
2023-12-20,7.47,7.4,7.57,7.38,126337.2
2023-12-21,7.37,7.44,7.46,7.28,141237.01
2023-12-22,7.45,7.43,7.55,7.39,168173.1
2023-12-25,7.44,7.42,7.45,7.24,167542.85
2023-12-26,7.44,7.38,7.44,7.33,99832.31
2023-12-27,7.37,7.41,7.45,7.32,97545.9
2023-12-28,7.41,7.36,7.46,7.34,146049.8
2023-12-29,7.3,7.32,7.41,7.29,119152.52
2024-01-02,7.32,7.49,7.59,7.31,234005.38
2024-01-03,7.45,7.57,7.63,7.43,187260.88
2024-01-04,7.56,7.55,7.6,7.46,154119.27
2024-01-05,7.56,7.61,7.96,7.53,432107.36
2024-01-08,7.62,7.47,7.73,7.45,283220.67
2024-01-09,7.42,7.7,7.73,7.41,295972.5
2024-01-10,7.68,7.72,7.77,7.63,296443.59
2024-01-11,7.69,7.93,8.06,7.68,624872.06
2024-01-12,7.92,7.99,8.13,7.9,368302.19
2024-01-15,7.98,8.0,8.08,7.9,267078.1
2024-01-16,7.97,7.91,8.02,7.85,285498.3
2024-01-17,7.91,7.8,7.95,7.8,286714.7
2024-01-18,7.75,7.74,7.78,7.52,287073.95
2024-01-19,7.75,7.69,7.79,7.66,133596.38
2024-01-22,7.69,7.46,7.71,7.46,255183.7
2024-01-23,7.43,7.53,7.62,7.39,240881.4
2024-01-24,7.54,7.82,7.85,7.54,324506.63
2024-01-25,7.82,8.16,8.18,7.78,548548.09
2024-01-26,8.22,8.0,8.28,7.96,486100.18
2024-01-29,8.02,7.9,8.04,7.84,271130.71
2024-01-30,7.88,7.69,7.92,7.66,233679.39
2024-01-31,7.52,7.65,7.78,7.5,357364.69
2024-02-01,7.62,7.6,7.75,7.56,229769.61
2024-02-02,7.59,7.81,7.85,7.44,348275.55
2024-02-05,7.77,7.91,8.05,7.6,430254.01
2024-02-06,7.84,8.27,8.31,7.8,484061.37
2024-02-07,8.18,8.33,8.35,8.18,473539.31
2024-02-08,8.32,8.4,8.63,8.31,531322.38
2024-02-19,8.42,8.31,8.45,8.04,432893.02
2024-02-20,8.33,8.5,8.65,8.22,391066.55
2024-02-21,8.49,8.38,8.6,8.35,245226.65
2024-02-22,8.33,8.37,8.45,8.23,206164.75
2024-02-23,8.38,8.45,8.49,8.16,310012.26
2024-02-26,8.41,8.18,8.44,8.12,301928.84
2024-02-27,8.15,8.23,8.32,8.13,243256.27
2024-02-28,8.2,8.25,8.5,8.1,402209.31
2024-02-29,8.18,8.57,8.59,8.16,433572.12
2024-03-01,8.58,9.03,9.09,8.48,764843.98
2024-03-04,8.96,8.94,9.16,8.86,403635.43
2024-03-05,8.9,8.91,9.04,8.78,470141.67
2024-03-06,8.9,8.94,9.04,8.87,388141.56
2024-03-07,8.93,8.79,9.1,8.75,439546.62
2024-03-08,8.81,9.03,9.05,8.78,346589.68
2024-03-11,9.12,8.76,9.3,8.61,520425.82
2024-03-12,8.74,8.21,8.79,8.11,759957.06
2024-03-13,8.22,8.14,8.22,7.81,731505.13
2024-03-14,8.1,8.3,8.38,8.02,459524.55
2024-03-15,8.29,8.36,8.4,8.21,295719.66
2024-03-18,8.36,8.53,8.56,8.15,381093.62
2024-03-19,8.52,8.53,8.66,8.45,330409.97
2024-03-20,8.52,8.71,8.79,8.48,349407.17
2024-03-21,8.73,8.74,8.84,8.7,226961.41
2024-03-22,8.75,8.54,8.75,8.5,268241.95
2024-03-25,8.53,8.7,8.87,8.47,282328.22
2024-03-26,8.68,8.63,8.73,8.58,134510.09
2024-03-27,8.59,8.57,8.72,8.57,179801.62
2024-03-28,8.57,8.73,8.79,8.44,286340.58
2024-03-29,8.77,9.16,9.17,8.73,468782.74
2024-04-01,9.17,9.07,9.25,9.04,318522.39
2024-04-02,9.09,9.18,9.24,9.05,283404.82
2024-04-03,9.23,9.2,9.38,8.98,519454.77
2024-04-08,9.13,9.09,9.3,9.08,309817.47
2024-04-09,9.1,8.8,9.13,8.69,341933.17
2024-04-10,8.77,8.83,8.95,8.74,230318.4
2024-04-11,8.79,9.15,9.24,8.75,380526.32
2024-04-12,9.14,9.09,9.23,9.05,226854.05
2024-04-15,9.09,9.36,9.46,9.04,357586.96
2024-04-16,9.29,9.24,9.44,9.2,344637.24
2024-04-17,9.24,9.32,9.36,9.14,336295.8
2024-04-18,9.28,9.21,9.35,9.15,260716.75
2024-04-19,9.17,9.36,9.49,9.15,342474.52
2024-04-22,9.36,8.82,9.36,8.77,469631.93
2024-04-23,8.77,8.73,8.86,8.66,264412.91
2024-04-24,8.76,8.69,8.81,8.58,255155.53
2024-04-25,8.7,8.82,8.84,8.61,251880.3
2024-04-26,8.8,8.68,8.87,8.49,479307.83
2024-04-29,8.64,8.65,8.78,8.57,307395.39
2024-04-30,8.64,8.68,8.84,8.53,432866.02
2024-05-06,8.68,8.88,8.92,8.34,508976.1
2024-05-07,8.92,9.02,9.03,8.75,348802.34
2024-05-08,8.99,8.92,9.03,8.85,171968.12
2024-05-09,8.86,9.24,9.25,8.85,276682.44
2024-05-10,9.25,9.14,9.32,9.11,196323.62
2024-05-13,9.12,9.23,9.32,9.01,223877.78
2024-05-14,9.24,9.18,9.3,9.07,184885.42
2024-05-15,9.19,9.15,9.38,9.09,221103.83
2024-05-16,9.12,8.95,9.2,8.92,268954.67
2024-05-17,8.99,9.0,9.01,8.87,205287.17
2024-05-20,8.99,9.04,9.1,8.85,207433.03
2024-05-21,9.04,8.98,9.26,8.94,191596.87
2024-05-22,8.97,8.83,9.04,8.8,200096.18
2024-05-23,8.8,8.72,8.89,8.66,176307.44
2024-05-24,8.72,8.83,8.95,8.72,172702.07
2024-05-27,8.88,9.11,9.14,8.88,262037.16
2024-05-28,9.11,9.07,9.19,9.0,215352.88
2024-05-29,9.05,9.01,9.19,8.95,181773.88
2024-05-30,8.98,9.14,9.19,8.95,231637.46
2024-05-31,9.16,9.17,9.21,9.06,187211.19
2024-06-03,9.24,9.38,9.51,9.22,437751.63
2024-06-04,9.38,9.95,9.97,9.36,677088.65
2024-06-05,9.95,9.9,10.33,9.79,598091.89
2024-06-06,9.94,9.99,10.15,9.83,532151.64
2024-06-07,10.04,10.02,10.13,9.9,256301.26
2024-06-11,9.92,9.3,9.96,9.06,730223.85
2024-06-12,9.29,9.4,9.44,9.16,321871.02
2024-06-13,9.36,9.38,9.44,9.29,233757.33
2024-06-14,9.35,9.15,9.44,9.12,248031.41
2024-06-17,9.13,9.12,9.27,9.04,252684.18
2024-06-18,9.12,9.51,9.54,9.08,346517.3
2024-06-19,9.51,9.37,9.67,9.33,186013.82
2024-06-20,9.4,9.2,9.57,9.16,213597.5
2024-06-21,9.23,9.2,9.35,9.13,247189.04
2024-06-24,9.17,9.08,9.28,9.02,250026.07
2024-06-25,9.08,9.09,9.26,9.01,192774.98
2024-06-26,9.07,8.93,9.11,8.79,314416.2
2024-06-27,8.93,8.8,9.11,8.74,236929.56
2024-06-28,8.76,8.86,8.95,8.73,234466.78
2024-07-01,8.9,9.17,9.2,8.86,235887.02
2024-07-02,9.17,8.75,9.24,8.57,400650.72
2024-07-03,8.7,8.24,8.72,8.03,631893.61
2024-07-04,8.22,8.29,8.4,8.21,274042.46
2024-07-05,8.3,8.26,8.35,8.07,199243.21
2024-07-08,8.15,8.03,8.33,7.98,305876.85
2024-07-09,7.97,8.04,8.14,7.83,278158.6
2024-07-10,8.02,7.97,8.07,7.91,168814.11
2024-07-11,8.06,8.13,8.24,8.01,213836.68
2024-07-12,8.12,7.96,8.16,7.96,159462.09
2024-07-15,8.24,8.13,8.29,8.07,349520.28
2024-07-16,8.2,7.97,8.24,7.83,320600.03
2024-07-17,7.98,7.9,8.0,7.86,195821.26
2024-07-18,7.89,7.97,7.97,7.83,191683.44
2024-07-19,7.97,7.88,8.03,7.81,192186.77
2024-07-22,7.87,7.77,7.88,7.73,178280.35
2024-07-23,7.77,7.57,7.82,7.56,153351.74
2024-07-24,7.54,7.48,7.6,7.39,235444.36
2024-07-25,7.47,7.23,7.48,7.17,358776.15
2024-07-26,7.23,7.45,7.48,7.21,219526.87
2024-07-29,7.46,7.36,7.47,7.3,181854.62
2024-07-30,7.37,7.21,7.42,7.18,196372.05
2024-07-31,7.23,7.59,7.59,7.17,237552.08
2024-08-01,7.57,7.49,7.83,7.46,295403.05
2024-08-02,7.52,7.33,7.56,7.29,201561.43
2024-08-05,7.32,7.11,7.42,7.08,305533.17
2024-08-06,7.14,7.1,7.22,6.97,236630.68
2024-08-07,7.1,7.1,7.18,7.01,196729.82
2024-08-08,7.11,6.98,7.16,6.91,317886.94
2024-08-09,7.03,7.03,7.13,6.99,233727.6
2024-08-12,7.05,7.09,7.17,6.99,178275.18
2024-08-13,7.09,7.08,7.16,6.99,128198.5
2024-08-14,7.08,6.98,7.1,6.97,142204.75
2024-08-15,6.98,7.08,7.09,6.94,165170.04
2024-08-16,7.05,7.02,7.15,7.01,139187.67
2024-08-19,7.06,7.16,7.22,7.03,168379.4
2024-08-20,7.18,7.03,7.19,6.97,178994.2
2024-08-21,7.0,7.08,7.12,7.0,140437.3
2024-08-22,7.07,7.0,7.08,6.98,149269.57
2024-08-23,6.96,7.03,7.15,6.96,170106.08
2024-08-26,7.02,7.05,7.08,6.94,125221.97
2024-08-27,7.02,6.95,7.07,6.91,167524.32
2024-08-28,6.89,7.02,7.06,6.89,277763.01
2024-08-29,7.12,7.24,7.3,7.07,297769.54
2024-08-30,7.24,7.21,7.33,7.09,296368.92
2024-09-02,7.21,7.09,7.29,7.09,245458.9
2024-09-03,7.02,7.12,7.19,7.01,188658.1
2024-09-04,7.09,7.06,7.09,6.99,157372.77
2024-09-05,7.05,6.94,7.1,6.91,207932.17
2024-09-06,6.94,6.91,7.02,6.9,160439.02
2024-09-09,6.89,6.71,6.9,6.64,267722.0
2024-09-10,6.7,6.77,6.81,6.57,219283.17
2024-09-11,6.73,6.63,6.74,6.59,165948.29
2024-09-12,6.64,6.65,6.76,6.62,152235.37
2024-09-13,6.64,6.58,6.7,6.57,156526.77
2024-09-18,6.58,6.7,6.73,6.55,148844.41
2024-09-19,6.75,6.76,6.81,6.67,192877.52
2024-09-20,6.77,6.72,6.77,6.65,132930.05
2024-09-23,6.75,6.79,6.88,6.72,166562.88
2024-09-24,6.84,7.22,7.22,6.81,296461.21
2024-09-25,7.32,7.34,7.53,7.31,332394.88
2024-09-26,7.39,7.61,7.61,7.26,272128.66
2024-09-27,7.75,7.95,8.08,7.7,396169.23
2024-09-30,8.3,8.63,8.69,8.16,684318.34
2024-10-08,9.47,8.65,9.49,8.35,916324.81
2024-10-09,8.64,8.26,8.64,8.16,628704.17
2024-10-10,8.28,8.44,8.73,8.2,515603.92
2024-10-11,8.44,8.17,8.47,8.06,350871.04
2024-10-14,8.17,8.21,8.33,8.11,344440.81
2024-10-15,8.21,7.87,8.22,7.83,399286.9
2024-10-16,7.79,7.88,7.99,7.75,198435.6
2024-10-17,7.9,7.61,7.95,7.61,434634.16
2024-10-18,7.57,7.8,7.94,7.54,412157.67
2024-10-21,8.11,7.94,8.18,7.88,662252.15
2024-10-22,7.91,7.97,8.05,7.88,362188.23
2024-10-23,7.97,8.14,8.2,7.95,452801.0
2024-10-24,8.11,8.05,8.11,7.95,212478.11
2024-10-25,8.05,8.14,8.17,8.04,242810.56
2024-10-28,8.19,8.26,8.27,8.14,347829.36
2024-10-29,8.29,8.11,8.3,8.07,367485.7
2024-10-30,8.12,8.3,8.45,8.11,526079.28
2024-10-31,8.36,8.28,8.36,8.09,404036.08
2024-11-01,8.25,8.18,8.37,8.15,347989.38
2024-11-04,8.15,8.34,8.38,8.07,372765.95
2024-11-05,8.36,8.43,8.47,8.22,434606.37
2024-11-06,8.43,8.33,8.51,8.28,373091.18
2024-11-07,8.26,8.46,8.46,8.22,400352.97
2024-11-08,8.51,8.38,8.57,8.33,376168.96
2024-11-11,8.36,8.26,8.36,8.16,370324.02
2024-11-12,8.27,8.26,8.39,8.2,436242.57
2024-11-13,8.22,8.31,8.37,8.2,255013.35
2024-11-14,8.3,8.11,8.32,8.09,260754.09
2024-11-15,8.07,8.11,8.21,8.06,252988.65
2024-11-18,8.19,8.28,8.45,8.19,510001.45
2024-11-19,8.25,8.21,8.27,8.08,332258.21
2024-11-20,8.18,8.2,8.23,8.12,281694.2
2024-11-21,8.18,8.17,8.3,8.15,264973.9
2024-11-22,8.18,7.99,8.2,7.99,284626.48
2024-11-25,7.99,7.95,8.1,7.86,186022.12
2024-11-26,7.92,7.82,7.93,7.79,204556.75
2024-11-27,7.81,7.83,7.83,7.68,224472.9
2024-11-28,7.83,7.72,7.84,7.71,231214.57
2024-11-29,7.72,7.8,7.85,7.71,209492.48
2024-12-02,7.83,7.92,7.95,7.81,193755.51
2024-12-03,7.94,7.91,7.94,7.83,194537.28
2024-12-04,7.87,7.76,7.88,7.72,282881.32
2024-12-05,7.72,7.69,7.76,7.61,288940.87
2024-12-06,7.69,7.79,7.81,7.68,246404.22
2024-12-09,7.8,7.75,7.85,7.72,238022.2
2024-12-10,7.92,7.74,7.95,7.73,327846.48
2024-12-11,7.72,7.83,7.83,7.72,251438.2
2024-12-12,7.82,7.83,7.84,7.76,246162.66
2024-12-13,7.81,7.72,7.82,7.71,271764.33
2024-12-16,7.7,7.65,7.76,7.61,235819.71
2024-12-17,7.65,7.67,7.74,7.64,212125.38
2024-12-18,7.69,7.66,7.8,7.64,245282.1
2024-12-19,7.59,7.64,7.66,7.51,197432.91
2024-12-20,7.63,7.55,7.65,7.55,188864.02
2024-12-23,7.55,7.55,7.66,7.54,216008.46
2024-12-24,7.53,7.57,7.65,7.53,212618.62
2024-12-25,7.58,7.57,7.59,7.51,142746.16
2024-12-26,7.56,7.51,7.57,7.45,260796.03
2024-12-27,7.5,7.57,7.61,7.5,316903.16
2024-12-30,7.57,7.59,7.68,7.52,326082.13
2024-12-31,7.59,7.46,7.64,7.43,291647.06
2025-01-02,7.46,7.24,7.48,7.19,261822.8
2025-01-03,7.27,7.18,7.38,7.16,243631.37
2025-01-06,7.18,7.25,7.26,7.14,181209.65
2025-01-07,7.22,7.21,7.29,7.15,168914.52
2025-01-08,7.21,7.2,7.24,7.06,235044.51
2025-01-09,7.18,7.1,7.2,7.09,155228.1
2025-01-10,7.1,7.03,7.15,7.03,139614.15
2025-01-13,7.01,7.05,7.1,7.0,160232.5
2025-01-14,7.05,7.27,7.28,7.03,202960.58
2025-01-15,7.27,7.24,7.31,7.23,148073.53
2025-01-16,7.27,7.29,7.34,7.23,144096.63
2025-01-17,7.27,7.33,7.36,7.24,115444.29
2025-01-20,7.36,7.36,7.43,7.32,150398.5
2025-01-21,7.37,7.28,7.39,7.24,134914.17
2025-01-22,7.27,7.22,7.27,7.18,123881.23
2025-01-23,7.26,7.24,7.33,7.24,206365.74
2025-01-24,7.24,7.25,7.32,7.24,199535.61
2025-01-27,7.49,7.84,7.91,7.49,800584.47
2025-02-05,7.81,7.76,7.87,7.71,538946.14
2025-02-06,7.72,7.65,7.76,7.54,435006.52
2025-02-07,7.63,7.72,7.76,7.58,423650.69
2025-02-10,7.72,7.72,7.79,7.7,364109.4
2025-02-11,7.74,7.81,7.95,7.73,415300.0
2025-02-12,7.85,7.9,7.97,7.82,377546.55
2025-02-13,7.92,7.78,7.96,7.77,266915.65
2025-02-14,7.77,7.83,7.84,7.74,203967.96
2025-02-17,7.84,7.87,7.89,7.75,246115.66
2025-02-18,7.88,7.85,7.98,7.84,350408.13
2025-02-19,7.87,7.86,7.9,7.82,225397.38
2025-02-20,7.84,7.76,7.86,7.75,220712.37
2025-02-21,7.95,7.96,8.09,7.88,420214.26
2025-02-24,7.97,7.87,8.03,7.87,394540.23
2025-02-25,7.89,7.93,7.98,7.87,280174.9
2025-02-26,7.95,7.95,7.98,7.92,218260.83
2025-02-27,7.96,7.91,7.97,7.85,195332.1
2025-02-28,7.9,7.81,7.94,7.79,218773.21
2025-03-03,7.83,7.88,7.92,7.81,247014.25
2025-03-04,7.84,7.9,7.92,7.79,169969.26
2025-03-05,7.93,7.95,7.97,7.85,162191.01
2025-03-06,7.96,7.97,7.98,7.87,237073.98
2025-03-07,7.98,8.08,8.15,7.95,299261.69
2025-03-10,8.06,7.96,8.07,7.95,203614.56
2025-03-11,7.93,7.98,7.99,7.87,151161.16
2025-03-12,7.98,7.96,8.0,7.91,171489.04
2025-03-13,7.96,8.04,8.04,7.93,183516.16
2025-03-14,8.19,8.39,8.44,8.15,648400.8
2025-03-17,8.76,8.53,8.97,8.5,1334775.37
2025-03-18,8.62,8.67,8.74,8.44,813621.41
2025-03-19,8.73,8.65,8.75,8.62,590014.6
2025-03-20,8.68,8.76,8.87,8.64,679338.46
2025-03-21,8.76,9.17,9.29,8.74,1345892.86
2025-03-24,9.62,9.66,9.74,9.02,1985232.8
2025-03-25,9.59,9.15,9.59,9.12,1327874.01
2025-03-26,9.03,8.87,9.23,8.84,961462.77
2025-03-27,8.83,8.81,8.87,8.65,736178.55
2025-03-28,8.86,8.64,8.88,8.59,711592.56
2025-03-31,8.64,8.43,8.64,8.4,698391.41
2025-04-01,8.43,8.3,8.55,8.29,677757.73
2025-04-02,8.29,8.21,8.35,8.2,502805.01
2025-04-03,8.14,8.04,8.21,8.02,467759.36
2025-04-07,7.39,7.24,7.54,7.24,497423.4
2025-04-08,7.07,7.08,7.18,6.94,951221.53
2025-04-09,6.99,7.19,7.24,6.76,728940.11
2025-04-10,7.35,7.31,7.43,7.23,653990.9
2025-04-11,7.29,7.27,7.37,7.23,488960.51
2025-04-14,7.34,7.35,7.4,7.3,444577.27
2025-04-15,7.36,7.24,7.36,7.2,367578.3
2025-04-16,7.46,7.37,7.55,7.29,889097.95
2025-04-17,7.29,7.2,7.33,7.2,544224.0
2025-04-18,7.18,7.2,7.24,7.13,317145.24
2025-04-21,7.21,7.26,7.28,7.19,363729.07
2025-04-22,7.24,7.24,7.28,7.22,331460.84
2025-04-23,7.27,7.29,7.32,7.24,471441.23
2025-04-24,7.33,7.29,7.44,7.24,596795.12
2025-04-25,7.3,7.28,7.34,7.25,413348.77
2025-04-28,7.28,7.27,7.31,7.25,322627.05
2025-04-29,7.32,7.28,7.33,7.26,340838.66
2025-04-30,7.27,7.24,7.28,7.24,339984.58
2025-05-06,7.27,7.48,7.49,7.26,728592.71
2025-05-07,7.53,7.41,7.54,7.36,635192.23
2025-05-08,7.4,7.48,7.53,7.37,460596.83
2025-05-09,7.48,7.38,7.49,7.36,336270.81
2025-05-12,7.47,7.67,7.67,7.45,820517.53
2025-05-13,7.86,7.7,7.9,7.65,743432.48
2025-05-14,7.68,8.01,8.02,7.67,1116173.21
2025-05-15,8.2,8.05,8.41,8.02,1457248.46
2025-05-16,8.1,7.89,8.11,7.83,901190.92
2025-05-19,7.83,7.78,7.95,7.76,613875.15
2025-05-20,7.76,7.75,7.81,7.68,499986.39
2025-05-21,7.73,7.72,7.73,7.69,344713.55
2025-05-22,7.71,7.59,7.76,7.57,464212.2
2025-05-23,7.58,7.6,7.71,7.58,364829.47
2025-05-26,7.6,7.49,7.62,7.48,389402.97
2025-05-27,7.49,7.43,7.5,7.35,415059.49
2025-05-28,7.42,7.46,7.48,7.4,227978.6
2025-05-29,7.48,7.51,7.54,7.45,303236.89
2025-05-30,7.48,7.42,7.49,7.41,285221.08
2025-06-03,7.39,7.43,7.44,7.35,227391.66
2025-06-04,7.43,7.45,7.5,7.39,326809.16
2025-06-05,7.44,7.45,7.49,7.41,299612.0
2025-06-06,7.46,7.44,7.47,7.41,217915.5
2025-06-09,7.44,7.48,7.51,7.44,301666.67
2025-06-10,7.5,7.43,7.54,7.36,484851.29
2025-06-11,7.45,7.48,7.52,7.44,332046.88
2025-06-12,7.46,7.46,7.48,7.41,263086.94
2025-06-13,7.43,7.56,7.58,7.42,580805.26
2025-06-16,7.57,7.51,7.61,7.47,401289.81
2025-06-17,7.48,7.49,7.5,7.43,273333.67
2025-06-18,7.48,7.43,7.48,7.36,384250.41
2025-06-19,7.39,7.4,7.45,7.35,316402.6
2025-06-20,7.38,7.41,7.42,7.35,253787.5
2025-06-23,7.38,7.53,7.62,7.36,572443.52
2025-06-24,7.48,7.52,7.52,7.46,460336.4
2025-06-25,7.52,7.54,7.55,7.48,364932.5
2025-06-26,7.54,7.55,7.6,7.5,471503.4
2025-06-27,7.53,7.55,7.61,7.53,365605.84
2025-06-30,7.56,7.54,7.57,7.5,325026.72
2025-07-01,7.54,7.57,7.58,7.51,306479.64
2025-07-02,7.72,7.96,8.02,7.72,1518134.07
2025-07-03,7.96,7.78,7.96,7.77,858575.85
2025-07-04,7.77,7.7,7.77,7.68,516182.97
2025-07-07,7.68,7.71,7.73,7.64,298017.34
2025-07-08,7.71,7.73,7.73,7.68,279690.67
2025-07-09,7.74,7.72,7.76,7.71,317562.43
2025-07-10,7.71,7.76,7.78,7.7,331791.34
2025-07-11,7.79,7.78,7.82,7.75,575204.45
2025-07-14,7.78,7.83,7.86,7.78,381655.56
2025-07-15,7.81,7.76,7.84,7.68,489965.45
2025-07-16,7.74,7.77,7.85,7.72,326493.42
2025-07-17,7.79,7.78,7.81,7.75,287191.65
2025-07-18,7.79,7.88,7.92,7.76,502222.76
2025-07-21,7.88,7.95,7.98,7.85,527903.11
2025-07-22,7.96,8.08,8.08,7.92,665031.72
2025-07-23,8.1,8.02,8.13,7.99,635272.5
2025-07-24,8.03,8.14,8.16,8.02,607047.48
2025-07-25,8.14,8.14,8.21,8.08,436406.98
2025-07-28,8.15,8.17,8.18,8.07,484840.42
2025-07-29,8.17,8.22,8.24,8.14,403265.7
2025-07-30,8.21,8.2,8.37,8.17,604496.34
2025-07-31,8.2,8.05,8.21,8.03,553095.6
2025-08-01,8.04,8.01,8.08,7.97,322788.53
2025-08-04,7.98,8.03,8.04,7.95,350946.55
2025-08-05,8.03,8.03,8.06,8.0,270488.75
2025-08-06,8.03,8.01,8.04,7.96,307895.58
2025-08-07,8.02,7.98,8.03,7.95,279585.4
2025-08-08,7.98,8.02,8.05,7.97,271372.35
2025-08-11,8.04,8.0,8.06,7.98,352183.48
2025-08-12,8.0,8.02,8.02,7.97,278106.6
2025-08-13,8.03,8.0,8.04,7.98,373752.99
2025-08-14,8.0,7.84,8.01,7.82,510667.51
2025-08-15,7.85,7.94,7.99,7.84,774132.52
2025-08-18,7.94,7.91,7.96,7.89,498012.11
2025-08-19,7.91,7.9,7.93,7.87,369915.76
2025-08-20,7.87,7.91,7.92,7.86,443221.52
2025-08-21,7.92,7.99,8.06,7.92,764947.21
2025-08-22,8.01,7.99,8.03,7.91,517480.35
2025-08-25,8.02,8.06,8.07,7.98,621567.44
2025-08-26,8.08,8.12,8.16,8.0,640497.36
2025-08-27,8.14,7.95,8.15,7.94,534965.5
2025-08-28,7.95,8.05,8.1,7.85,669510.12
2025-08-29,8.06,7.98,8.11,7.94,644169.7
2025-09-01,7.96,7.91,7.98,7.87,513256.41
2025-09-02,7.89,7.77,7.94,7.72,610034.63
2025-09-03,7.77,7.66,7.81,7.57,481543.87
2025-09-04,7.67,7.67,7.68,7.59,455029.03
2025-09-05,7.67,7.71,7.72,7.64,320818.69
2025-09-08,7.71,7.78,7.79,7.7,358027.63
2025-09-09,7.76,7.74,7.78,7.67,285902.4
2025-09-10,7.75,7.7,7.76,7.66,378399.24
2025-09-11,7.68,7.78,7.78,7.66,378717.13
2025-09-12,7.78,7.88,8.01,7.74,606956.08
2025-09-15,7.86,7.77,7.9,7.76,318867.34
2025-09-16,7.78,7.76,7.8,7.7,286351.1
2025-09-17,7.75,7.79,7.84,7.72,349927.15
2025-09-18,7.76,7.64,7.79,7.62,415668.81
2025-09-19,7.64,7.73,7.74,7.61,322918.28
2025-09-22,7.72,7.67,7.77,7.65,279653.32
2025-09-23,7.66,7.6,7.7,7.52,300327.83
2025-09-24,7.56,7.67,7.67,7.56,214799.7
2025-09-25,7.66,7.7,7.86,7.62,480242.52
2025-09-26,7.67,7.83,7.91,7.67,551746.94
2025-09-29,7.81,7.89,7.91,7.73,371950.14
2025-09-30,8.0,8.13,8.18,7.96,864450.32
2025-10-09,8.13,8.21,8.21,8.05,624683.15
2025-10-10,8.18,8.21,8.33,8.15,609008.35
2025-10-13,7.91,8.11,8.14,7.91,569517.11
2025-10-14,8.14,8.08,8.2,8.07,406184.37
2025-10-15,8.1,8.11,8.13,7.99,325831.07
2025-10-16,8.06,8.08,8.11,8.02,244607.63
2025-10-17,8.08,7.95,8.11,7.94,326410.49
2025-10-20,8.01,7.94,8.02,7.9,247782.9
2025-10-21,7.97,8.12,8.12,7.96,383813.73
2025-10-22,8.12,8.08,8.12,8.03,237282.31
2025-10-23,8.1,8.14,8.15,8.0,316300.83
2025-10-24,8.14,8.06,8.17,8.05,257381.3
2025-10-27,8.08,8.09,8.14,8.04,284835.0
2025-10-28,8.08,8.02,8.1,8.02,234415.41
2025-10-29,8.05,8.03,8.05,7.93,271700.93
2025-10-30,8.0,8.09,8.15,7.99,434013.86
2025-10-31,7.98,7.73,7.98,7.73,935243.2
2025-11-03,7.75,7.75,7.77,7.64,437506.34
2025-11-04,7.74,7.72,7.76,7.68,277002.33
2025-11-05,7.68,7.76,7.79,7.67,256434.37
2025-11-06,7.74,7.79,7.82,7.74,240862.44
2025-11-07,7.79,7.87,7.89,7.76,299693.01
2025-11-10,7.86,7.88,7.89,7.82,212514.98
2025-11-11,7.89,7.86,7.91,7.84,211086.91
2025-11-12,7.86,7.82,7.88,7.79,239018.91
2025-11-13,7.82,7.97,7.98,7.81,425567.17
2025-11-14,7.94,8.76,8.76,7.93,2133054.57
2025-11-17,9.13,8.73,9.18,8.45,2385764.76
2025-11-18,8.74,8.43,8.76,8.42,1039348.77
2025-11-19,8.42,8.57,8.78,8.41,943994.1
2025-11-20,8.52,8.33,8.56,8.29,659857.71
2025-11-21,8.27,8.07,8.46,8.04,734466.2
2025-11-24,8.09,8.1,8.17,7.97,553893.54
2025-11-25,8.18,8.33,8.39,8.06,890297.94
2025-11-26,8.48,9.16,9.16,8.34,1947423.93
2025-11-27,9.09,8.73,9.14,8.72,1564141.13
2025-11-28,8.81,8.9,8.97,8.64,929537.75
2025-12-01,8.82,8.82,8.97,8.75,643342.48
2025-12-02,8.77,8.77,8.85,8.67,401538.51
2025-12-03,8.77,8.79,9.01,8.73,551414.26
2025-12-04,8.74,8.97,9.1,8.73,968084.05
2025-12-05,8.98,8.94,9.14,8.89,695135.21
2025-12-08,8.97,9.31,9.61,8.97,1260161.2
2025-12-09,9.32,9.3,9.55,9.16,797670.02
2025-12-10,9.23,9.15,9.27,9.12,555464.25
2025-12-11,9.15,9.05,9.23,9.04,431587.29
2025-12-12,9.06,9.25,9.33,9.06,639690.97
2025-12-15,9.17,8.99,9.22,8.94,492922.35
2025-12-16,9.0,8.67,9.02,8.64,537590.49
2025-12-17,8.67,8.7,8.73,8.53,426630.99
2025-12-18,8.67,8.74,8.81,8.64,326343.39
2025-12-19,8.79,9.23,9.29,8.78,736083.46
2025-12-22,9.23,9.29,9.36,9.13,470539.57
2025-12-23,9.27,9.23,9.43,9.18,443353.8
2025-12-24,9.2,9.51,9.56,9.19,596577.27
2025-12-25,9.51,9.4,9.65,9.36,459873.46
2025-12-26,9.43,9.32,9.5,9.3,388271.87
2025-12-29,9.32,9.27,9.51,9.22,469172.6
2025-12-30,9.25,9.84,9.96,9.21,1143055.69
2025-12-31,9.84,9.89,9.91,9.7,585979.37
2026-01-05,9.93,10.07,10.21,9.75,789857.08
2026-01-06,10.07,9.82,10.08,9.78,620184.7
2026-01-07,9.79,9.59,9.8,9.53,619716.74
2026-01-08,9.29,9.31,9.41,9.1,856202.86
2026-01-09,9.34,9.51,9.61,9.29,562029.09
2026-01-12,9.54,9.44,9.57,9.34,614793.01
2026-01-13,9.46,9.34,9.55,9.25,578245.06
2026-01-14,9.34,9.42,9.58,9.3,623155.29
2026-01-15,9.42,9.44,9.59,9.32,493003.93
2026-01-16,9.45,9.47,9.68,9.39,562862.26
2026-01-19,9.38,9.77,9.83,9.24,649512.6
2026-01-20,9.77,9.41,9.79,9.36,576424.91
2026-01-21,9.36,9.43,9.49,9.17,352239.06
2026-01-22,9.41,9.7,9.72,9.39,554202.26
2026-01-23,9.7,9.72,9.78,9.59,389488.44
2026-01-26,9.72,9.62,9.78,9.51,365514.07
2026-01-27,9.53,9.45,9.72,9.38,498322.17
2026-01-28,9.42,9.34,9.52,9.29,322696.41
2026-01-29,9.31,9.42,9.63,9.26,487652.5
2026-01-30,9.45,9.47,9.56,9.18,555542.98
2026-02-02,8.9,9.24,9.73,8.9,1095728.09
2026-02-03,9.33,10.16,10.16,9.31,1232300.08
2026-02-04,10.34,11.18,11.18,10.29,1668209.6
2026-02-05,11.37,11.07,11.52,10.81,1899683.56
2026-02-06,10.95,10.76,11.07,10.69,910942.72
2026-02-09,10.65,10.92,11.25,10.64,1136638.82
2026-02-10,10.92,10.83,11.1,10.7,857826.09
2026-02-11,10.68,11.03,11.51,10.67,1069880.68
2026-02-12,11.03,11.28,11.45,10.84,1095017.2
2026-02-13,11.22,10.92,11.35,10.82,725495.4
2026-02-24,11.03,11.82,11.94,10.93,1294062.41
2026-02-25,11.75,12.09,12.13,11.57,1320842.16
2026-02-26,12.04,13.25,13.29,11.97,1390478.76
2026-02-27,12.92,13.23,13.35,12.77,1052803.74
2026-03-02,13.01,13.42,14.09,12.97,1176838.12
2026-03-03,13.47,12.55,13.59,12.45,1080064.72
2026-03-04,12.35,12.47,12.67,12.27,631903.99
2026-03-05,12.56,13.19,13.45,12.42,885270.21
2026-03-06,13.11,13.13,13.43,12.91,789758.8
2026-03-09,12.9,12.75,12.94,12.55,677639.92
2026-03-10,12.84,13.05,13.18,12.82,509965.2
2026-03-11,13.0,12.76,13.11,12.64,575635.6
2026-03-12,12.66,12.78,13.11,12.44,636250.4
2026-03-13,12.78,12.04,12.84,11.99,772583.64
2026-03-16,12.19,11.75,12.2,11.41,680625.1
2026-03-17,11.81,11.5,11.91,11.46,453200.11
2026-03-18,11.56,11.39,11.6,11.21,364911.99
2026-03-19,11.25,10.78,11.33,10.67,472702.94
2026-03-20,10.78,10.53,10.91,10.46,415752.36
2026-03-23,10.45,10.34,10.57,10.08,678051.45
2026-03-24,10.49,11.17,11.2,10.34,865824.62
2026-03-25,11.18,11.17,11.45,11.04,549377.86
2026-03-26,11.18,11.17,11.45,11.11,477550.91
2026-03-27,11.03,11.0,11.19,10.9,385169.9
2026-03-30,10.86,11.01,11.21,10.77,509460.68
2026-03-31,11.01,10.62,11.14,10.56,710092.5
2026-04-01,10.86,10.68,10.96,10.54,799391.34
2026-04-02,10.63,10.39,11.02,10.29,491775.33
2026-04-03,10.38,10.53,10.63,10.13,438486.57
2026-04-07,10.49,10.93,11.19,10.45,589831.74
2026-04-08,11.07,11.43,11.45,10.99,765134.06
2026-04-09,11.3,11.34,11.6,11.22,403819.9
2026-04-10,11.35,11.67,11.96,11.34,598504.98
2026-04-13,11.58,11.59,12.01,11.55,447987.42
2026-04-14,11.62,11.49,11.68,11.22,456944.09
2026-04-15,11.55,11.64,11.98,11.5,468409.98
2026-04-16,11.6,11.86,12.0,11.6,456094.59
2026-04-17,11.82,11.41,11.87,11.37,400717.17
2026-04-20,11.27,11.22,11.29,10.59,697233.31
2026-04-21,11.2,11.13,11.53,10.91,774296.49
2026-04-22,11.08,11.37,11.45,10.77,702363.61
2026-04-23,11.41,11.12,11.41,10.94,379579.7
2026-04-24,11.08,10.89,11.19,10.62,487908.38
2026-04-27,10.88,10.94,11.09,10.79,334666.4
2026-04-28,10.88,11.08,11.14,10.85,393951.12
2026-04-29,10.9,12.18,12.18,10.81,866282.56
2026-04-30,12.27,12.14,12.35,11.81,745190.23
2026-05-06,12.25,13.1,13.36,11.99,1194556.66
2026-05-07,13.11,12.95,13.38,12.85,858737.59
2026-05-08,12.95,12.56,13.13,12.44,566305.91
2026-05-11,12.64,12.94,13.09,12.47,607140.27
2026-05-12,12.94,12.59,13.06,12.52,381712.72
2026-05-13,12.43,12.76,12.86,12.32,447351.86
2026-05-14,12.76,12.35,12.79,12.35,420316.54
2026-05-15,12.3,11.89,12.6,11.8,456476.67
2026-05-18,11.73,11.3,11.93,11.0,679661.42
2026-05-19,11.33,11.41,11.72,11.18,531730.86
2026-05-20,11.32,11.1,11.5,10.94,618850.72
2026-05-21,10.67,9.99,10.88,9.99,1618098.66
2026-05-22,10.12,10.13,10.17,9.57,806776.54
2026-05-25,10.14,9.92,10.39,9.88,479096.17
2026-05-26,9.93,9.91,9.98,9.61,710055.93
2026-05-27,9.91,10.14,10.45,9.85,873016.52
2026-05-28,10.0,10.93,11.0,9.85,917960.31
2026-05-29,10.93,10.8,11.2,10.67,538020.93
2026-06-01,10.8,10.6,10.97,10.53,396556.52
2026-06-02,10.6,10.27,10.68,10.14,403890.44
2026-06-03,10.23,10.35,10.51,10.14,276128.0
2026-06-04,10.38,9.89,10.43,9.84,398569.28
2026-06-05,9.92,9.67,10.03,9.58,331634.01
2026-06-08,9.48,9.24,9.61,9.13,416138.4
2026-06-09,9.41,9.21,9.41,8.57,996317.99
2026-06-10,9.09,9.07,9.42,8.87,448125.49
2026-06-11,8.98,9.08,9.15,8.78,386014.2
2026-06-12,9.11,8.79,9.19,8.73,656608.55
2026-06-15,8.87,9.21,9.22,8.87,584516.81
2026-06-16,9.2,8.98,9.2,8.82,359883.9
2026-06-17,8.97,8.91,9.19,8.83,394315.81
2026-06-18,8.91,8.7,9.1,8.66,540772.74
2026-06-22,8.59,8.8,8.81,8.38,515269.14
2026-06-23,8.72,8.36,8.78,8.33,475845.58
2026-06-24,8.36,8.6,8.86,8.32,604361.56
2026-06-25,8.58,8.64,8.86,8.46,481144.56
2026-06-26,8.64,8.26,8.66,8.21,451201.05
2026-06-29,8.22,8.03,8.23,7.84,435119.99
2026-06-30,8.04,7.95,8.04,7.89,278489.18
2026-07-01,7.95,7.93,8.04,7.77,315872.15
2026-07-02,7.9,7.7,7.97,7.7,378342.28
2026-07-03,7.78,8.1,8.22,7.7,536101.89
2026-07-06,8.15,8.03,8.24,7.94,329337.41
2026-07-07,8.06,7.8,8.11,7.75,259999.18
2026-07-08,7.8,7.74,7.99,7.7,293927.2
2026-07-09,7.7,7.92,7.98,7.65,359662.88
2026-07-10,7.97,8.04,8.22,7.71,417741.86
2026-07-13,7.96,7.49,8.02,7.46,501039.45
2026-07-14,7.51,7.55,7.56,7.36,333670.01
2026-07-15,7.52,7.55,7.65,7.46,262065.8
2026-07-16,7.5,7.38,7.55,7.34,359690.21
2026-07-17,7.38,7.3,7.53,7.21,435471.28
2026-07-20,7.35,7.8,7.91,7.35,937309.75
2026-07-21,7.78,7.81,7.91,7.67,594938.25
2026-07-22,7.82,7.92,8.06,7.77,461623.89
2026-07-23,7.93,8.37,8.43,7.86,538187.76
2026-07-24,8.26,7.93,8.43,7.9,451698.9
2026-07-27,8.09,8.08,8.14,7.88,321417.26
2026-07-28,7.95,8.1,8.13,7.89,324232.86
2026-07-29,8.1,8.53,8.61,8.05,631487.9
2026-07-30,8.48,8.53,8.73,8.42,449909.58
2026-07-31,8.47,8.5,8.61,8.37,402713.75
2026-08-03,8.52,8.58,8.65,8.43,253262.0
2026-08-04,8.62,8.43,8.66,8.33,302468.18
2026-08-05,8.44,8.51,8.58,8.39,322305.93
2026-08-06,8.52,8.33,8.54,8.24,373761.75
2026-08-07,8.33,8.41,8.51,8.24,250501.91
2026-08-10,8.44,8.89,8.9,8.42,525076.25
2026-08-11,9.78,8.99,9.78,8.9,1188123.36
2026-08-12,8.88,8.87,9.0,8.65,815139.57
2026-08-13,8.87,8.87,9.25,8.77,829863.83
2026-08-14,8.9,8.8,9.09,8.74,437118.73
2026-08-17,8.77,9.03,9.04,8.66,438073.59
2026-08-18,9.03,9.56,9.6,8.97,668763.84
2026-08-19,9.45,9.31,9.53,9.27,422358.43
2026-08-20,9.44,9.2,9.52,9.12,322318.54
2026-08-21,9.16,9.34,9.39,9.03,307732.07
2026-08-24,9.39,9.25,9.45,9.12,306650.84
2026-08-25,9.19,9.1,9.28,9.03,262887.12
2026-08-26,9.15,9.15,9.23,9.03,250254.97
2026-08-27,9.08,9.3,9.36,9.05,285551.95
2026-08-28,9.3,9.62,9.67,9.3,378895.52
2026-08-31,9.48,9.07,9.58,8.9,541497.12
2026-09-01,9.02,9.04,9.2,8.81,360350.03
2026-09-02,9.0,8.62,9.03,8.59,381596.43
2026-09-03,8.71,8.86,8.95,8.58,415942.53
2026-09-04,8.88,9.39,9.41,8.88,567935.05
2026-09-07,9.38,9.41,9.47,9.23,291793.18
2026-09-08,9.45,9.39,9.45,9.27,192633.25
2026-09-09,9.34,9.6,9.66,9.32,311296.6
2026-09-10,9.57,9.5,9.6,9.37,208148.82
2026-09-11,9.4,9.17,9.45,9.1,322621.72
2026-09-14,9.12,9.22,9.27,9.06,212500.01
2026-09-15,9.2,9.09,9.2,8.94,210647.9
2026-09-16,9.1,9.05,9.14,8.73,323897.96
2026-09-17,9.0,9.13,9.2,8.97,152404.2
2026-09-18,9.15,9.15,9.33,9.04,255918.83
