date,open,close,high,low,volume
2013-01-04,3.63,3.56,3.68,3.54,262711.01
2013-01-07,3.54,3.55,3.57,3.48,132315.27
2013-01-08,3.72,3.67,3.83,3.62,472007.79
2013-01-09,3.63,3.62,3.66,3.58,218039.31
2013-01-10,3.63,3.66,3.7,3.61,231290.95
2013-01-11,3.64,3.52,3.71,3.5,236688.59
2013-01-14,3.51,3.63,3.65,3.49,185433.06
2013-01-15,3.66,3.63,3.68,3.6,230570.76
2013-01-16,3.62,3.55,3.62,3.51,176671.23
2013-01-17,3.54,3.56,3.58,3.52,112878.34
2013-01-18,3.57,3.74,3.79,3.57,492862.02
2013-01-21,3.8,3.89,3.93,3.77,600645.17
2013-01-22,3.97,3.81,4.0,3.76,339293.96
2013-01-23,3.78,4.0,4.19,3.77,574059.09
2013-01-24,3.9,3.83,4.07,3.81,382075.4
2013-01-25,3.85,3.84,3.91,3.79,149488.12
2013-01-28,3.87,3.96,4.0,3.85,195537.23
2013-01-29,3.96,4.02,4.15,3.96,249129.12
2013-01-30,4.02,4.1,4.13,3.98,264175.26
2013-01-31,4.09,4.0,4.14,3.95,215352.27
2013-02-01,4.01,4.0,4.03,3.92,162655.99
2013-02-04,4.0,3.89,4.01,3.86,231053.27
2013-02-05,3.94,4.08,4.15,3.87,384387.9
2013-02-06,4.05,4.08,4.13,3.95,189907.33
2013-02-07,4.06,4.05,4.14,4.01,114656.66
2013-02-08,4.1,4.07,4.12,4.01,125131.19
2013-02-18,4.1,4.02,4.13,3.98,114803.3
2013-02-19,4.02,3.85,4.02,3.79,205190.44
2013-02-20,3.82,3.86,3.87,3.79,140163.07
2013-02-21,3.79,3.7,3.82,3.66,189633.26
2013-02-22,3.73,3.68,3.77,3.68,88281.36
2013-02-25,3.68,3.72,3.75,3.65,69570.45
2013-02-26,3.68,3.61,3.71,3.61,98330.96
2013-02-27,3.61,3.66,3.69,3.61,126789.44
2013-02-28,3.67,3.76,3.78,3.67,138681.43
2013-03-01,3.76,3.74,3.79,3.68,97345.38
2013-03-04,3.48,3.37,3.58,3.37,248114.99
2013-03-05,3.29,3.38,3.4,3.2,203562.58
2013-03-06,3.38,3.37,3.42,3.34,203913.12
2013-03-07,3.37,3.38,3.42,3.32,161441.97
2013-03-08,3.37,3.34,3.38,3.32,89115.3
2013-03-11,3.34,3.34,3.35,3.29,80134.81
2013-03-12,3.32,3.3,3.37,3.25,89743.93
2013-03-13,3.29,3.22,3.29,3.16,108060.37
2013-03-14,3.22,3.22,3.25,3.19,53455.21
2013-03-15,3.21,3.16,3.22,3.11,99968.09
2013-03-18,3.14,3.16,3.19,3.12,52631.92
2013-03-19,3.17,3.24,3.24,3.14,72158.56
2013-03-20,3.24,3.34,3.35,3.22,122678.68
2013-03-21,3.34,3.33,3.35,3.29,94236.17
2013-03-22,3.32,3.4,3.41,3.3,108172.13
2013-03-25,3.4,3.4,3.45,3.35,103859.99
2013-03-26,3.35,3.35,3.45,3.32,97348.92
2013-03-27,3.34,3.36,3.4,3.34,68166.6
2013-03-28,3.34,3.21,3.34,3.2,85663.94
2013-03-29,3.21,3.25,3.27,3.21,51676.37
2013-04-01,3.25,3.35,3.36,3.23,105440.15
2013-04-02,3.35,3.35,3.4,3.32,85855.26
2013-04-03,3.36,3.33,3.38,3.32,52546.13
2013-04-08,3.32,3.32,3.32,3.25,53376.19
2013-04-09,3.35,3.39,3.41,3.35,81867.42
2013-04-10,3.4,3.4,3.42,3.36,67465.34
2013-04-11,3.4,3.45,3.53,3.39,163090.92
2013-04-12,3.4,3.37,3.44,3.37,85123.62
2013-04-15,3.35,3.38,3.42,3.32,61025.22
2013-04-16,3.37,3.49,3.49,3.34,146759.66
2013-04-17,3.49,3.48,3.53,3.42,94538.25
2013-04-18,3.49,3.48,3.53,3.44,80334.54
2013-04-19,3.49,3.53,3.54,3.45,127712.74
2013-04-22,3.49,3.48,3.51,3.45,84929.65
2013-04-23,3.48,3.36,3.48,3.32,87374.85
2013-04-24,3.35,3.36,3.41,3.34,78097.34
2013-04-25,3.32,3.2,3.32,3.17,140637.15
2013-04-26,3.21,3.18,3.24,3.18,43151.3
2013-05-02,3.18,3.2,3.23,3.16,44117.9
2013-05-03,3.2,3.25,3.27,3.2,58088.54
2013-05-06,3.24,3.25,3.27,3.22,58038.34
2013-05-07,3.25,3.26,3.27,3.24,45155.14
2013-05-08,3.26,3.24,3.29,3.23,63358.37
2013-05-09,3.24,3.18,3.25,3.16,64152.59
2013-05-10,3.18,3.25,3.27,3.16,70288.5
2013-05-13,3.26,3.26,3.29,3.24,66247.22
2013-05-14,3.29,3.24,3.29,3.22,52994.69
2013-05-15,3.25,3.26,3.28,3.24,35032.95
2013-05-16,3.25,3.31,3.32,3.21,104430.9
2013-05-17,3.31,3.38,3.42,3.3,157071.42
2013-05-20,3.4,3.37,3.43,3.35,126978.93
2013-05-21,3.37,3.37,3.39,3.35,72833.49
2013-05-22,3.37,3.41,3.43,3.35,114152.53
2013-05-23,3.4,3.4,3.45,3.37,152162.86
2013-05-24,3.36,3.4,3.42,3.36,78801.54
2013-05-27,3.4,3.41,3.42,3.37,97286.69
2013-05-28,3.45,3.66,3.68,3.45,488720.64
2013-05-29,3.61,3.62,3.66,3.58,249645.53
2013-05-30,3.6,3.57,3.6,3.55,155167.18
2013-05-31,3.61,3.61,3.7,3.58,262291.2
2013-06-03,3.66,3.65,3.67,3.6,131275.4
2013-06-04,3.62,3.6,3.65,3.53,106896.54
2013-06-05,3.67,3.61,3.7,3.61,158884.38
2013-06-06,3.54,3.5,3.56,3.48,122876.35
2013-06-07,3.5,3.45,3.52,3.45,75369.57
2013-06-13,3.45,3.35,3.45,3.22,75971.64
2013-06-14,3.34,3.37,3.39,3.34,43355.69
2013-06-17,3.39,3.33,3.4,3.31,37743.36
2013-06-18,3.39,3.37,3.45,3.36,43686.13
2013-06-19,3.42,3.45,3.55,3.39,109920.36
2013-06-20,3.48,3.31,3.48,3.3,67684.25
2013-06-21,3.27,3.31,3.36,3.2,48242.92
2013-06-24,3.29,2.99,3.29,2.97,110809.33
2013-06-25,2.98,3.12,3.16,2.81,130219.99
2013-06-26,3.25,3.22,3.28,3.13,79013.83
2013-06-27,3.22,3.27,3.38,3.21,113665.73
2013-06-28,3.25,3.3,3.42,3.25,123680.93
2013-07-01,3.24,3.25,3.27,3.18,68023.32
2013-07-02,3.21,3.25,3.26,3.19,54040.47
2013-07-03,3.25,3.16,3.25,3.12,58899.29
2013-07-04,3.16,3.17,3.25,3.14,59092.72
2013-07-05,3.19,3.21,3.33,3.19,70781.21
2013-07-08,3.18,3.12,3.19,3.12,47564.87
2013-07-09,3.11,3.11,3.15,3.07,36970.81
2013-07-10,3.11,3.21,3.21,3.11,49712.93
2013-07-11,3.2,3.32,3.36,3.2,113300.16
2013-07-12,3.32,3.24,3.33,3.24,78259.72
2013-07-15,3.24,3.28,3.3,3.21,64512.46
2013-07-16,3.25,3.28,3.28,3.21,56590.41
2013-07-17,3.28,3.31,3.41,3.24,120390.35
2013-07-18,3.31,3.27,3.35,3.22,80719.45
2013-07-19,3.28,3.16,3.29,3.15,79477.16
2013-07-22,3.15,3.18,3.19,3.13,33988.01
2013-07-23,3.18,3.25,3.28,3.16,66875.24
2013-07-24,3.25,3.19,3.25,3.16,52912.2
2013-07-25,3.21,3.18,3.21,3.17,46187.51
2013-07-26,3.16,3.14,3.19,3.12,40460.28
2013-07-29,3.14,3.07,3.14,3.06,56875.7
2013-07-30,3.07,3.09,3.14,3.07,34448.95
2013-07-31,3.16,3.13,3.22,3.12,54362.88
2013-08-01,3.13,3.18,3.19,3.13,45428.5
2013-08-02,3.24,3.2,3.26,3.19,76603.36
2013-08-05,3.21,3.2,3.21,3.17,40046.56
2013-08-06,3.2,3.21,3.22,3.16,49604.34
2013-08-07,3.23,3.21,3.28,3.21,93482.83
2013-08-08,3.21,3.23,3.26,3.19,44146.82
2013-08-09,3.24,3.26,3.28,3.21,73745.87
2013-08-12,3.25,3.3,3.31,3.25,88983.84
2013-08-13,3.31,3.32,3.37,3.29,72039.82
2013-08-14,3.34,3.36,3.37,3.3,77993.01
2013-08-15,3.36,3.36,3.42,3.32,115230.0
2013-08-16,3.36,3.42,3.52,3.33,265606.58
2013-08-19,3.43,3.54,3.55,3.37,293453.43
2013-08-20,3.55,3.55,3.66,3.5,344582.98
2013-08-21,3.56,3.6,3.62,3.45,298304.33
2013-08-22,3.62,3.43,3.66,3.4,378759.92
2013-08-23,3.42,3.33,3.43,3.28,175857.66
2013-08-26,3.35,3.43,3.45,3.31,126230.1
2013-08-27,3.45,3.49,3.55,3.41,182714.76
2013-08-28,3.49,3.5,3.56,3.37,207865.46
2013-08-29,3.55,3.56,3.62,3.5,303500.12
2013-08-30,3.58,3.69,3.83,3.55,407607.88
2013-09-02,3.7,3.54,3.76,3.49,248968.36
2013-09-03,3.56,3.7,3.77,3.49,288688.31
2013-09-04,3.7,3.59,3.76,3.56,273345.85
2013-09-05,3.61,3.59,3.68,3.56,147383.33
2013-09-06,3.59,3.59,3.63,3.54,161951.1
2013-09-09,3.59,3.67,3.76,3.55,301557.69
2013-09-10,3.66,3.76,3.83,3.63,356121.16
2013-09-11,3.76,3.7,3.76,3.66,216251.23
2013-09-12,3.7,3.69,3.75,3.67,152398.6
2013-09-13,3.68,3.8,3.84,3.64,344440.93
2013-09-16,3.78,3.77,3.92,3.72,256209.4
2013-09-17,3.78,3.68,3.86,3.64,216287.74
2013-09-18,3.67,3.64,3.69,3.57,182319.83
2013-09-23,3.66,3.73,3.77,3.66,154850.7
2013-09-24,3.72,3.72,3.74,3.62,173619.61
2013-09-25,3.69,3.66,3.76,3.64,167711.83
2013-09-26,3.65,3.52,3.67,3.49,105924.56
2013-09-27,3.53,3.56,3.62,3.52,64535.99
2013-09-30,3.56,3.58,3.62,3.55,60640.97
2013-10-08,3.58,3.66,3.69,3.57,110616.35
2013-10-09,3.66,3.69,3.71,3.63,73599.98
2013-10-10,3.69,3.83,3.92,3.66,333884.5
2013-10-11,3.81,3.87,3.91,3.76,218733.92
2013-10-14,3.84,3.77,3.87,3.75,136749.58
2013-10-15,3.81,3.82,3.83,3.73,126223.48
2013-10-16,3.81,3.74,3.89,3.72,156430.83
2013-10-17,3.76,3.8,3.87,3.74,142418.15
2013-10-18,3.83,3.79,3.84,3.76,91714.77
2013-10-21,3.82,3.9,3.91,3.78,225530.71
2013-10-22,3.9,3.81,3.9,3.8,128026.45
2013-10-23,3.83,3.67,3.83,3.67,141340.43
2013-10-24,3.67,3.67,3.73,3.65,76188.7
2013-10-25,3.68,3.61,3.7,3.6,60681.81
2013-10-28,3.62,3.62,3.66,3.55,52589.3
2013-10-29,3.6,3.48,3.62,3.34,140370.98
2013-10-30,3.45,3.55,3.55,3.37,89789.55
2013-10-31,3.57,3.69,3.71,3.57,212046.96
2013-11-01,3.66,3.6,3.69,3.56,144467.26
2013-11-04,3.6,3.63,3.66,3.56,92055.19
2013-11-05,3.62,3.74,3.77,3.59,128469.84
2013-11-06,3.73,3.8,3.89,3.73,300596.85
2013-11-07,3.76,3.93,4.03,3.76,416076.57
2013-11-08,3.9,3.88,4.07,3.87,235034.51
2013-11-11,3.87,3.86,3.91,3.76,141552.28
2013-11-12,3.92,3.82,4.04,3.81,176073.84
2013-11-13,3.85,3.95,4.02,3.78,231494.11
2013-11-14,3.9,4.17,4.22,3.89,457958.75
2013-11-15,4.15,4.1,4.25,4.07,279270.66
2013-11-18,4.09,4.22,4.36,4.04,339120.85
2013-11-19,4.22,4.47,4.64,4.15,495293.77
2013-11-20,4.51,4.52,4.6,4.37,364611.9
2013-11-21,4.45,4.39,4.58,4.36,404224.1
2013-11-22,4.4,4.48,4.55,4.37,268819.31
2013-11-25,4.48,4.65,4.69,4.41,332024.42
2013-11-26,4.72,4.49,4.72,4.49,190900.55
2013-11-27,4.44,4.45,4.52,4.4,151020.17
2013-11-28,4.48,4.51,4.64,4.47,238803.17
2013-11-29,4.49,4.48,4.53,4.31,280801.46
2013-12-02,4.26,4.41,4.45,4.26,292961.18
2013-12-03,4.41,4.55,4.56,4.33,163878.33
2013-12-04,4.52,4.45,4.55,4.41,220299.58
2013-12-05,4.45,4.44,4.51,4.41,92183.36
2013-12-06,4.45,4.31,4.45,4.28,143016.23
2013-12-09,4.3,4.24,4.36,4.15,216668.93
2013-12-10,4.22,4.35,4.38,4.22,147089.64
2013-12-11,4.38,4.31,4.38,4.27,62017.03
2013-12-12,4.31,4.46,4.52,4.26,222260.98
2013-12-13,4.42,4.4,4.64,4.38,205769.27
2013-12-16,4.43,4.29,4.45,4.26,116533.9
2013-12-17,4.29,4.2,4.33,4.15,112885.02
2013-12-18,4.21,4.23,4.3,4.16,73100.06
2013-12-19,4.24,4.06,4.28,4.03,127109.14
2013-12-20,4.04,3.9,4.09,3.86,123531.13
2013-12-23,3.9,3.91,4.0,3.86,67769.04
2013-12-24,3.9,3.94,4.04,3.9,106809.33
2013-12-25,3.95,3.91,3.95,3.87,99855.9
2013-12-26,3.92,3.73,3.93,3.67,154387.7
2013-12-27,3.73,3.79,3.8,3.73,60713.28
2013-12-30,3.82,3.85,3.88,3.76,67945.86
2013-12-31,3.83,3.82,3.89,3.8,65627.91
2014-01-02,3.82,3.77,3.83,3.75,88230.28
2014-01-03,3.75,3.66,3.76,3.65,104829.29
2014-01-06,3.67,3.45,3.67,3.42,174226.12
2014-01-07,3.45,3.45,3.5,3.42,76963.11
2014-01-08,3.45,3.4,3.49,3.38,79868.49
2014-01-09,3.41,3.27,3.43,3.2,164203.07
2014-01-10,3.24,3.2,3.28,3.19,113919.28
2014-01-13,3.23,3.25,3.26,3.2,94935.02
2014-01-14,3.25,3.35,3.36,3.22,78249.32
2014-01-15,3.32,3.31,3.35,3.29,69704.95
2014-01-16,3.33,3.32,3.39,3.29,65011.31
2014-01-17,3.32,3.29,3.38,3.29,63076.05
2014-01-20,3.29,3.25,3.31,3.21,59323.02
2014-01-21,3.23,3.32,3.34,3.22,64543.37
2014-01-22,3.34,3.52,3.55,3.32,201352.55
2014-01-23,3.5,3.45,3.52,3.43,113374.27
2014-01-24,3.45,3.52,3.66,3.42,227187.44
2014-01-27,3.51,3.42,3.51,3.4,208261.49
2014-01-28,3.42,3.37,3.45,3.35,100910.81
2014-01-29,3.38,3.4,3.43,3.35,129108.32
2014-01-30,3.38,3.38,3.4,3.35,70773.57
2014-02-07,3.38,3.42,3.45,3.36,55279.76
2014-02-10,3.42,3.49,3.49,3.42,151023.51
2014-02-11,3.49,3.53,3.55,3.47,180016.43
2014-02-12,3.53,3.59,3.62,3.53,127681.4
2014-02-13,3.58,3.52,3.59,3.49,133871.19
2014-02-14,3.51,3.55,3.55,3.47,104434.93
2014-02-17,3.54,3.51,3.57,3.45,285719.67
2014-02-18,3.49,3.42,3.49,3.4,199058.53
2014-02-19,3.41,3.45,3.47,3.4,145081.04
2014-02-20,3.46,3.54,3.59,3.46,393437.77
2014-02-21,3.55,3.55,3.61,3.48,138217.43
2014-02-24,3.52,3.38,3.52,3.34,226442.0
2014-02-25,3.4,3.27,3.41,3.22,183727.71
2014-02-26,3.3,3.32,3.33,3.26,89324.33
2014-02-27,3.31,3.25,3.33,3.25,87810.23
2014-02-28,3.28,3.33,3.35,3.25,73166.66
2014-03-03,3.32,3.36,3.42,3.29,138004.63
2014-03-04,3.36,3.38,3.39,3.34,96728.43
2014-03-05,3.38,3.33,3.38,3.32,66598.12
2014-03-06,3.33,3.52,3.66,3.28,316253.19
2014-03-07,3.49,3.42,3.53,3.39,185153.58
2014-03-10,3.38,3.29,3.39,3.28,88137.31
2014-03-11,3.29,3.35,3.39,3.28,79958.56
2014-03-12,3.33,3.46,3.52,3.3,185398.0
2014-03-13,3.44,3.45,3.49,3.42,140069.11
2014-03-14,3.41,3.38,3.44,3.33,127806.55
2014-03-17,3.35,3.41,3.42,3.32,114581.96
2014-03-18,3.4,3.35,3.41,3.31,170254.35
2014-03-19,3.32,3.35,3.36,3.31,120973.56
2014-03-20,3.36,3.35,3.47,3.34,193505.17
2014-03-21,3.33,3.53,3.55,3.3,426056.47
2014-03-24,3.53,3.62,3.69,3.52,466873.07
2014-03-25,3.61,3.7,3.76,3.57,462105.86
2014-03-26,3.7,3.63,3.75,3.61,236956.58
2014-03-27,3.66,4.0,4.0,3.64,601455.84
2014-03-28,4.06,4.22,4.4,3.98,1438577.4
2014-03-31,4.2,4.17,4.29,4.03,683436.7
2014-04-01,4.14,4.17,4.26,4.01,650819.77
2014-04-02,4.14,4.24,4.46,4.1,892289.84
2014-04-03,4.17,4.01,4.21,4.01,511201.44
2014-04-04,3.95,4.03,4.09,3.9,360867.46
2014-04-08,4.01,4.04,4.06,3.96,274904.17
2014-04-09,4.07,3.95,4.07,3.88,359617.49
2014-04-10,3.97,4.01,4.03,3.9,405318.95
2014-04-11,3.98,3.97,4.08,3.95,410214.5
2014-04-14,3.97,4.03,4.04,3.92,271529.98
2014-04-15,4.01,3.98,4.04,3.92,191968.36
2014-04-16,3.95,4.01,4.07,3.94,223061.69
2014-04-17,4.04,3.97,4.04,3.95,172654.34
2014-04-18,3.96,3.97,4.03,3.95,146567.21
2014-04-21,3.95,3.85,3.97,3.79,259050.7
2014-04-22,3.84,3.89,3.9,3.77,153759.62
2014-04-23,3.86,3.91,3.96,3.83,144518.19
2014-04-24,3.91,3.91,4.02,3.86,157740.83
2014-04-25,3.99,3.82,4.03,3.81,160928.47
2014-04-28,3.81,3.76,3.82,3.64,145773.71
2014-04-29,3.76,3.79,3.83,3.73,64339.83
2014-04-30,3.83,3.76,3.84,3.7,104137.39
2014-05-05,3.76,3.73,3.83,3.68,98135.4
2014-05-06,3.71,3.73,3.74,3.67,78918.85
2014-05-07,3.72,3.54,3.73,3.53,168102.34
2014-05-08,3.52,3.65,3.66,3.51,131663.72
2014-05-09,3.62,3.58,3.66,3.55,46437.46
2014-05-12,3.62,3.65,3.66,3.5,85777.3
2014-05-13,3.62,3.69,3.72,3.59,71325.41
2014-05-14,3.76,3.69,3.79,3.66,112063.91
2014-05-15,3.68,3.57,3.68,3.57,68404.12
2014-05-16,3.57,3.62,3.66,3.55,56807.52
2014-05-19,3.62,3.64,3.68,3.47,63213.96
2014-05-20,3.63,3.58,3.68,3.56,57553.93
2014-05-21,3.59,3.64,3.66,3.55,44673.76
2014-05-22,3.64,3.69,3.78,3.62,107028.57
2014-05-23,3.73,3.8,3.81,3.69,112125.93
2014-05-26,3.82,3.78,3.83,3.72,70084.06
2014-05-27,3.8,3.8,3.82,3.76,53968.5
2014-05-28,3.8,3.79,3.8,3.73,60458.6
2014-05-29,3.8,3.75,3.83,3.73,38251.48
2014-05-30,3.75,3.65,3.79,3.63,72640.77
2014-06-03,3.66,3.64,3.7,3.63,75421.31
2014-06-04,3.66,3.64,3.7,3.61,43905.65
2014-06-05,3.64,3.67,3.67,3.63,26576.92
2014-06-06,3.68,3.69,3.69,3.63,54609.14
2014-06-09,3.68,3.69,3.77,3.65,72730.63
2014-06-10,3.7,3.71,3.73,3.66,63178.5
2014-06-11,3.68,3.69,3.71,3.63,77493.85
2014-06-12,3.69,3.68,3.69,3.62,55172.32
2014-06-13,3.67,3.68,3.69,3.62,57297.88
2014-06-16,3.68,3.71,3.78,3.63,128607.33
2014-06-17,3.68,3.66,3.69,3.64,53765.23
2014-06-18,3.66,3.61,3.66,3.6,41499.17
2014-06-19,3.61,3.48,3.63,3.46,103620.17
2014-06-20,3.49,3.53,3.56,3.45,57462.38
2014-06-23,3.54,3.52,3.57,3.51,28305.73
2014-06-24,3.53,3.55,3.55,3.5,34925.0
2014-06-25,3.54,3.52,3.54,3.49,24013.11
2014-06-26,3.51,3.65,3.69,3.51,217464.79
2014-06-27,3.77,3.69,3.8,3.65,156609.85
2014-06-30,3.69,3.66,3.73,3.62,142713.21
2014-07-01,3.66,3.67,3.68,3.62,77794.89
2014-07-02,3.69,3.67,3.69,3.63,51373.84
2014-07-03,3.71,3.84,3.94,3.69,257164.23
2014-07-04,3.81,3.77,3.81,3.73,125715.23
2014-07-07,3.78,3.78,3.82,3.75,90465.91
2014-07-08,3.78,3.81,3.83,3.76,59775.47
2014-07-09,3.81,3.7,3.81,3.69,77585.82
2014-07-10,3.7,3.7,3.73,3.68,43385.49
2014-07-11,3.72,3.74,3.77,3.7,55039.66
2014-07-14,3.75,3.82,3.85,3.74,111205.74
2014-07-15,3.79,3.79,3.83,3.75,112648.86
2014-07-16,3.79,3.83,3.89,3.78,115942.72
2014-07-17,3.88,3.85,3.88,3.79,73457.7
2014-07-18,3.81,3.9,3.94,3.79,171732.85
2014-07-21,3.88,3.89,3.97,3.84,110404.05
2014-07-22,3.91,3.93,3.97,3.89,100777.98
2014-07-23,3.98,3.89,3.98,3.87,103637.79
2014-07-24,3.9,3.97,4.01,3.9,170082.85
2014-07-25,3.97,3.96,3.97,3.9,96753.82
2014-07-28,3.94,3.99,4.02,3.93,147476.56
2014-07-29,3.99,4.01,4.05,3.97,107402.16
2014-07-30,4.0,3.92,4.01,3.9,135175.47
2014-07-31,3.97,3.97,3.99,3.9,141950.47
2014-08-01,3.95,3.92,3.98,3.89,131421.17
2014-08-04,3.9,3.93,3.96,3.9,126986.62
2014-08-05,3.94,3.93,3.96,3.91,119677.03
2014-08-06,3.93,3.96,4.02,3.93,237478.75
2014-08-07,3.96,3.92,3.97,3.91,180400.17
2014-08-08,3.92,3.89,3.93,3.87,73666.63
2014-08-11,3.89,3.94,3.97,3.87,170226.02
2014-08-12,3.93,3.96,3.96,3.92,126373.8
2014-08-13,3.96,4.03,4.05,3.94,247556.44
2014-08-14,4.03,4.13,4.21,3.97,442672.45
2014-08-15,4.14,4.25,4.35,4.08,396520.01
2014-08-18,4.25,4.35,4.41,4.18,411199.68
2014-08-19,4.33,4.36,4.44,4.29,329898.92
2014-08-20,4.32,4.3,4.4,4.28,273096.12
2014-08-21,4.29,4.27,4.33,4.2,256652.27
2014-08-22,4.29,4.41,4.46,4.25,349647.64
2014-08-25,4.41,4.34,4.51,4.33,344477.79
2014-08-26,4.28,4.21,4.33,4.21,217493.09
2014-08-27,4.22,4.24,4.28,4.18,93565.69
2014-08-28,4.22,4.23,4.27,4.15,98019.47
2014-08-29,4.24,4.29,4.38,4.22,167455.12
2014-09-01,4.33,4.33,4.35,4.28,100227.45
2014-09-02,4.35,4.36,4.39,4.29,154401.58
2014-09-03,4.38,4.29,4.39,4.26,258532.07
2014-09-04,4.3,4.32,4.37,4.29,189168.38
2014-09-05,4.31,4.37,4.4,4.3,222265.6
2014-09-09,4.38,4.47,4.48,4.33,246665.68
2014-09-10,4.44,4.42,4.56,4.37,241682.91
2014-09-11,4.41,4.49,4.52,4.38,237752.88
2014-09-12,4.48,4.49,4.57,4.42,200453.65
2014-09-15,4.48,4.48,4.52,4.44,174815.99
2014-09-16,4.48,4.33,4.56,4.3,297394.42
2014-09-17,4.35,4.48,4.53,4.31,294610.87
2014-09-18,4.46,4.46,4.54,4.41,187226.48
2014-09-19,4.48,4.57,4.61,4.45,309864.72
2014-09-22,4.55,4.58,4.65,4.5,278609.35
2014-09-23,4.58,4.76,4.86,4.57,398595.37
2014-09-24,4.76,4.77,4.77,4.69,202396.55
2014-09-25,4.77,4.69,4.81,4.66,212295.87
2014-09-26,4.69,4.71,4.76,4.65,147818.85
2014-09-29,4.7,4.68,4.77,4.66,183101.25
2014-09-30,4.69,4.69,4.72,4.64,128826.12
2014-10-08,4.76,4.81,4.82,4.73,259103.16
2014-10-09,4.83,4.98,5.05,4.81,302710.57
2014-10-10,4.96,5.05,5.08,4.86,277119.2
2014-10-13,5.01,5.06,5.09,4.96,209601.27
2014-10-14,5.05,4.91,5.09,4.89,195973.25
2014-10-15,4.94,4.98,5.06,4.92,158671.97
2014-10-16,4.94,4.77,5.0,4.75,232699.44
2014-10-17,4.79,4.7,4.81,4.57,204061.64
2014-10-20,4.71,4.72,4.75,4.65,124904.32
2014-10-21,4.72,4.64,4.77,4.61,141569.61
2014-10-22,4.64,4.49,4.68,4.49,155035.7
2014-10-23,4.47,4.54,4.57,4.41,137989.91
2014-10-24,4.53,4.45,4.57,4.42,101153.56
2014-10-27,4.44,4.48,4.5,4.38,85790.91
2014-10-28,4.51,4.58,4.6,4.49,150227.77
2014-10-29,4.57,4.7,4.76,4.55,202053.73
2014-10-30,4.72,4.66,4.85,4.61,166361.32
2014-10-31,4.82,5.02,5.13,4.82,860079.77
2014-11-03,4.86,5.0,5.09,4.85,426568.21
2014-11-04,4.93,4.9,5.0,4.88,231886.92
2014-11-05,4.85,5.0,5.27,4.85,512542.4
2014-11-06,5.01,5.0,5.13,4.93,273138.32
2014-11-07,5.06,4.9,5.09,4.89,253106.86
2014-11-10,4.93,4.99,5.01,4.9,180395.78
2014-11-11,5.03,4.85,5.07,4.81,286821.11
2014-11-12,4.85,4.92,4.95,4.85,154336.98
2014-11-13,4.96,5.09,5.23,4.96,527029.83
2014-11-14,5.09,4.99,5.09,4.93,274237.33
2014-11-17,4.99,5.0,5.05,4.97,171340.41
2014-11-18,4.97,4.99,5.1,4.94,184567.42
2014-11-19,5.02,4.96,5.02,4.89,152889.7
2014-11-20,4.94,4.93,4.95,4.9,105625.03
2014-11-21,4.93,4.85,4.97,4.81,411412.48
2014-11-24,5.01,5.02,5.09,4.91,1020786.97
2014-11-25,4.98,5.15,5.26,4.96,718908.8
2014-11-26,5.17,5.17,5.21,5.08,354908.72
2014-11-27,5.18,5.23,5.29,5.1,482283.54
2014-11-28,5.25,5.55,5.59,5.21,804613.69
2014-12-01,5.56,5.36,5.67,5.34,619544.52
2014-12-02,5.34,5.5,5.57,5.27,467750.57
2014-12-03,5.52,5.57,5.81,5.41,825001.95
2014-12-04,5.57,5.71,5.72,5.48,570368.0
2014-12-05,5.71,5.52,5.83,5.34,672163.44
2014-12-08,5.48,5.46,5.65,5.33,1270081.32
2014-12-09,5.37,5.28,5.65,5.25,953564.96
2014-12-10,5.26,5.37,5.39,5.12,548260.05
2014-12-11,5.33,5.59,5.65,5.21,775109.93
2014-12-12,5.57,5.41,5.6,5.37,676387.02
2014-12-15,5.52,5.45,5.57,5.37,703305.18
2014-12-16,5.42,5.48,5.49,5.34,478105.91
2014-12-17,5.45,5.56,5.6,5.41,865836.43
2014-12-18,5.55,5.4,5.58,5.37,541469.01
2014-12-19,5.41,5.24,5.42,5.09,452516.53
2014-12-22,5.19,5.05,5.33,4.99,441952.32
2014-12-23,5.05,5.01,5.2,5.01,264232.13
2014-12-24,5.07,5.09,5.13,5.01,198102.16
2014-12-25,5.09,5.13,5.15,5.07,198199.52
2014-12-26,5.15,5.22,5.22,5.06,386938.7
2014-12-29,5.22,5.31,5.48,5.15,589130.29
2014-12-30,5.34,5.38,5.44,5.24,439969.44
2014-12-31,5.33,5.64,5.66,5.25,797843.6
2015-01-05,5.68,5.66,5.91,5.61,1078647.12
2015-01-06,5.6,5.48,5.6,5.4,566271.01
2015-01-07,5.44,5.49,5.56,5.4,310645.5
2015-01-08,5.52,5.42,5.6,5.35,311367.1
2015-01-09,5.37,5.36,5.49,5.36,346099.49
2015-01-12,5.31,5.15,5.31,5.04,309540.15
2015-01-13,5.16,5.15,5.18,5.06,172969.55
2015-01-14,5.15,5.1,5.19,5.09,130553.15
2015-01-15,5.09,5.22,5.24,5.08,146980.78
2015-01-16,5.22,5.2,5.26,5.17,197897.63
2015-01-19,4.99,4.69,5.04,4.68,529699.31
2015-01-20,4.73,4.85,4.86,4.72,254088.51
2015-01-21,4.85,5.0,5.01,4.85,306222.08
2015-01-22,5.0,5.04,5.06,4.95,219273.98
2015-01-23,5.05,5.08,5.13,5.01,232951.37
2015-01-26,5.08,5.31,5.41,5.01,449196.58
2015-01-27,5.35,5.33,5.5,5.26,589445.71
2015-01-28,5.3,5.24,5.33,5.2,238761.79
2015-01-29,5.17,5.18,5.25,5.14,168898.04
2015-01-30,5.17,5.2,5.29,5.11,249369.55
2015-02-02,5.12,5.13,5.15,5.04,174805.49
2015-02-03,5.13,5.13,5.16,5.04,178811.91
2015-02-04,5.16,5.06,5.19,5.06,136477.66
2015-02-05,5.2,5.04,5.26,5.04,200931.72
2015-02-06,5.04,4.98,5.1,4.93,128474.41
2015-02-09,4.95,4.92,5.0,4.9,95622.38
2015-02-10,4.93,4.98,4.99,4.9,90466.72
2015-02-11,5.0,5.04,5.06,4.93,110048.33
2015-02-12,5.04,5.04,5.06,5.0,88476.15
2015-02-13,5.05,5.13,5.2,5.03,185442.2
2015-02-16,5.14,5.14,5.16,5.1,138304.57
2015-02-17,5.15,5.2,5.21,5.15,144409.06
2015-02-25,5.19,5.18,5.23,5.13,116698.39
2015-02-26,5.17,5.28,5.28,5.17,175305.26
2015-02-27,5.38,5.25,5.42,5.24,253432.39
2015-03-02,5.33,5.32,5.35,5.28,245153.05
2015-03-03,5.3,5.2,5.3,5.17,293632.83
2015-03-04,5.18,5.29,5.29,5.16,246178.72
2015-03-05,5.25,5.33,5.33,5.2,268567.22
2015-03-06,5.29,5.41,5.49,5.29,491954.34
2015-03-09,5.4,5.46,5.56,5.29,339930.34
2015-03-10,5.45,5.43,5.57,5.41,265279.09
2015-03-11,5.46,5.53,5.54,5.39,309020.0
2015-03-12,5.58,5.55,5.68,5.53,435061.14
2015-03-13,5.55,5.57,5.65,5.54,263117.57
2015-03-16,5.61,5.68,5.7,5.56,396693.27
2015-03-17,5.69,5.73,5.82,5.69,544682.16
2015-03-18,5.76,5.8,5.81,5.71,435242.01
2015-03-19,5.8,5.75,5.81,5.68,431174.07
2015-03-20,5.75,5.95,6.01,5.73,646471.64
2015-03-23,5.95,6.25,6.34,5.95,715351.58
2015-03-24,6.24,6.12,6.32,5.92,622595.1
2015-03-25,6.13,6.24,6.32,6.05,521728.92
2015-03-26,6.36,6.5,6.65,6.24,689242.73
2015-03-27,6.73,7.15,7.15,6.61,1120683.6
2015-03-30,7.11,7.23,7.55,6.97,1788631.33
2015-03-31,7.39,7.04,7.46,7.02,1205698.61
2015-04-01,7.24,7.12,7.26,7.04,738735.51
2015-04-02,7.13,7.03,7.16,6.92,754923.27
2015-04-03,6.97,7.22,7.25,6.91,804422.05
2015-04-07,7.26,7.81,7.94,7.18,1425291.49
2015-04-08,7.81,7.99,8.17,7.66,994160.61
2015-04-09,8.01,8.7,8.78,7.88,1043668.8
2015-04-10,8.71,8.88,9.34,8.4,1005934.09
2015-04-13,8.88,8.78,9.08,8.6,843360.73
2015-04-14,8.76,8.44,8.76,8.32,781130.54
2015-04-15,8.4,8.05,8.44,7.96,602400.51
2015-04-16,8.04,8.36,8.43,7.92,582260.9
2015-04-17,8.48,8.42,8.65,8.28,656208.46
2015-04-20,8.48,8.6,9.02,8.24,1129733.31
2015-04-21,8.64,9.2,9.24,8.64,970726.78
2015-04-22,9.24,9.44,9.74,9.23,756866.99
2015-04-23,9.48,9.38,9.81,9.24,633397.41
2015-04-24,9.37,9.1,9.37,8.8,704047.1
2015-04-27,9.13,9.11,9.4,8.96,567441.48
2015-04-28,9.11,8.67,9.11,8.56,566186.82
2015-04-29,8.59,8.98,9.03,8.56,482173.61
2015-04-30,9.14,9.34,9.56,9.02,612655.72
2015-05-04,9.4,9.12,9.48,9.02,449492.0
2015-05-05,9.14,8.63,9.14,8.55,435715.44
2015-05-06,8.6,8.36,8.88,8.23,360854.45
2015-05-07,8.37,8.34,8.74,7.97,383555.42
2015-05-08,8.4,8.74,8.75,8.31,336051.6
2015-05-11,8.96,8.96,9.07,8.8,605171.87
2015-05-12,8.96,8.88,9.06,8.79,501989.07
2015-05-13,8.88,9.16,9.2,8.75,622074.02
2015-05-14,9.16,8.88,9.24,8.86,517246.55
2015-05-15,8.88,8.4,8.88,8.32,528993.43
2015-05-18,8.36,8.4,8.62,8.12,363758.88
2015-05-19,8.36,8.68,8.68,8.32,434595.62
2015-05-20,8.74,8.83,9.03,8.73,607381.8
2015-05-21,8.81,9.24,9.26,8.76,687838.62
2015-05-22,9.27,9.76,10.03,9.27,983006.12
2015-05-25,9.76,10.73,10.73,9.76,841997.74
2015-05-26,11.3,11.24,11.8,10.85,1274130.29
2015-05-27,11.25,12.37,12.37,10.84,1186027.7
2015-05-28,12.4,11.96,13.23,11.88,1569377.49
2015-05-29,12.16,12.48,12.76,11.01,1096632.58
2015-06-01,12.92,13.37,13.66,12.9,954330.36
2015-06-02,13.43,14.02,14.09,13.06,890832.21
2015-06-03,14.02,13.49,14.15,13.19,843105.3
2015-06-04,13.43,12.97,13.44,12.22,785005.2
2015-06-05,13.25,13.72,13.87,12.98,970852.34
2015-06-08,13.87,15.1,15.1,13.87,1008099.53
2015-06-09,15.43,15.55,15.67,14.46,882969.43
2015-06-10,15.19,15.1,15.51,14.86,681885.02
2015-06-11,14.8,14.94,15.07,14.39,667557.73
2015-06-12,14.98,15.53,15.87,14.98,760081.74
2015-06-15,15.54,14.61,15.58,14.54,680621.82
2015-06-16,14.54,13.39,14.54,13.28,690119.95
2015-06-17,13.55,13.81,13.91,13.17,537683.86
2015-06-18,13.84,13.83,14.5,13.47,560462.78
2015-06-19,13.37,12.52,13.82,12.49,505094.68
2015-06-23,12.44,12.55,12.68,11.27,563129.19
2015-06-24,12.73,12.72,12.97,12.12,574566.85
2015-06-25,12.88,12.04,13.03,11.77,558404.16
2015-06-26,11.47,10.84,11.52,10.84,494587.55
2015-06-29,11.3,9.95,11.44,9.75,907043.26
2015-06-30,9.74,10.93,10.94,9.1,996165.15
2015-07-01,10.81,10.38,11.48,10.3,810879.39
2015-07-02,10.53,9.35,10.7,9.34,753201.56
2015-07-03,8.88,8.42,9.66,8.42,896661.39
2015-07-06,9.26,8.33,9.26,7.58,1156500.7
2015-07-07,7.81,7.51,8.19,7.51,659942.54
2015-07-08,6.76,7.45,8.05,6.76,1935987.22
2015-07-09,7.21,8.2,8.2,7.19,621451.85
2015-07-10,8.7,9.02,9.02,8.46,409718.99
2015-07-13,9.58,9.92,9.92,9.29,818486.11
2015-07-14,10.14,9.95,10.73,9.66,1085950.63
2015-07-15,9.62,8.95,9.82,8.95,623422.43
2015-07-16,8.95,9.21,9.58,8.18,520824.06
2015-07-17,9.26,9.74,9.86,9.21,503997.0
2015-07-20,9.84,9.77,10.13,9.5,558892.07
2015-07-21,9.66,9.76,9.95,9.39,482167.75
2015-07-22,9.7,9.97,10.19,9.42,601218.1
2015-07-23,9.9,10.41,10.63,9.83,775172.54
2015-07-24,10.31,10.26,10.85,10.03,744512.56
2015-07-27,9.9,9.24,10.44,9.24,651511.43
2015-07-28,8.54,8.87,9.28,8.37,619413.85
2015-07-29,9.14,9.42,9.46,8.54,399156.13
2015-07-30,9.31,9.12,9.82,9.06,481164.3
2015-07-31,9.02,9.44,9.5,9.02,465864.6
2015-08-03,9.26,9.2,9.45,8.69,416710.42
2015-08-04,9.24,9.9,9.91,9.18,427070.97
2015-08-05,9.78,9.62,10.26,9.55,404826.01
2015-08-06,9.38,9.31,9.66,9.14,310895.62
2015-08-07,9.48,9.73,9.75,9.43,299459.49
2015-08-10,9.95,10.23,10.4,9.67,551937.51
2015-08-11,10.21,10.23,10.4,9.88,565621.06
2015-08-12,10.03,11.25,11.25,9.95,769004.25
2015-08-13,11.58,12.38,12.38,11.32,1705853.87
2015-08-14,12.08,12.96,13.52,11.92,1677243.88
2015-08-17,12.55,12.78,13.6,12.06,1251832.58
2015-08-18,12.72,11.5,13.21,11.5,868415.41
2015-08-19,10.95,11.68,12.08,10.35,828381.11
2015-08-20,11.43,11.14,12.22,11.01,660660.07
2015-08-21,10.9,10.37,11.35,10.23,487710.79
2015-08-24,9.47,9.33,9.9,9.33,299346.22
2015-08-25,8.4,8.4,8.66,8.4,480733.76
2015-08-26,8.69,7.56,8.76,7.56,712475.68
2015-08-27,7.81,7.84,8.0,6.96,578804.62
2015-08-28,8.06,8.62,8.62,7.89,673212.22
2015-08-31,8.62,8.54,9.08,8.46,707238.99
2015-09-01,8.52,7.69,8.52,7.69,626706.84
2015-09-02,7.13,7.59,8.07,7.01,542540.38
2015-09-07,7.75,7.59,8.09,7.34,332627.66
2015-09-08,7.64,8.04,8.11,7.29,302919.56
2015-09-09,8.1,8.45,8.54,8.04,452053.03
2015-09-10,8.24,8.27,8.65,8.14,386058.83
2015-09-11,8.27,8.62,8.78,8.12,376652.66
2015-09-14,8.77,7.75,9.11,7.75,723085.72
2015-09-15,7.46,6.98,7.63,6.98,459555.47
2015-09-16,7.13,7.68,7.68,6.97,377506.2
2015-09-17,7.71,7.77,8.45,7.57,612320.37
2015-09-18,7.92,8.13,8.29,7.78,483593.16
2015-09-21,7.89,8.31,8.42,7.8,406069.79
2015-09-22,8.33,8.13,8.39,8.05,350119.48
2015-09-23,7.92,8.24,8.33,7.87,425286.15
2015-09-24,8.43,8.23,8.44,8.08,331199.18
2015-09-25,8.22,7.8,8.32,7.68,319851.05
2015-09-28,7.77,7.88,7.93,7.65,160055.57
2015-09-29,7.72,7.51,7.77,7.41,173077.08
2015-09-30,7.57,7.57,7.64,7.41,116903.14
2015-10-08,7.88,7.89,8.08,7.83,205479.84
2015-10-09,7.9,7.96,8.04,7.86,182950.85
2015-10-12,7.99,8.5,8.6,7.98,396096.1
2015-10-13,8.33,8.54,8.7,8.32,345908.9
2015-10-14,8.46,8.21,8.61,8.18,270605.57
2015-10-15,8.2,8.55,8.58,8.1,327608.23
2015-10-16,8.57,8.98,9.08,8.53,589410.33
2015-10-19,8.98,9.06,9.43,8.83,520538.59
2015-10-20,8.96,9.03,9.12,8.84,302247.71
2015-10-21,9.04,8.18,9.3,8.13,447754.5
2015-10-22,8.15,8.52,8.58,8.15,300574.11
2015-10-23,8.56,8.91,9.15,8.48,631978.31
2015-10-26,9.1,8.79,9.13,8.62,580138.43
2015-10-27,8.78,8.7,8.8,8.28,337309.81
2015-10-28,8.75,8.52,9.0,8.44,406842.88
2015-10-29,8.62,9.37,9.37,8.6,941876.18
2015-10-30,9.5,9.47,9.9,9.37,1229602.05
2015-11-02,9.02,8.93,9.45,8.86,546791.94
2015-11-03,8.92,8.74,9.1,8.67,398387.55
2015-11-04,8.76,9.34,9.34,8.75,485739.85
2015-11-05,9.42,9.63,9.82,9.16,900438.1
2015-11-06,9.57,9.78,10.11,9.49,786796.64
2015-11-09,9.65,9.84,10.03,9.51,734553.92
2015-11-10,9.84,9.81,10.11,9.57,714954.1
2015-11-11,9.7,10.06,10.34,9.7,793305.07
2015-11-12,10.13,9.74,10.13,9.65,710203.91
2015-11-13,9.86,9.54,9.86,9.43,391063.97
2015-11-16,9.27,9.66,9.66,9.23,261564.67
2015-11-17,9.79,9.49,9.86,9.42,509081.96
2015-11-18,9.51,9.54,10.04,9.34,706022.98
2015-11-19,9.54,9.6,9.6,9.33,363680.45
2015-11-20,9.64,9.57,9.82,9.46,536867.57
2015-11-23,9.62,9.63,9.93,9.48,502700.46
2015-11-24,9.51,9.57,9.66,9.35,269045.31
2015-11-25,9.52,9.62,9.78,9.45,381795.38
2015-11-26,9.67,9.9,9.9,9.58,754505.15
2015-11-27,9.89,9.11,10.09,8.94,672104.7
2015-11-30,9.19,8.94,9.23,8.45,412791.26
2015-12-01,8.93,9.29,9.55,8.75,476194.18
2015-12-02,9.2,9.2,9.33,8.86,410829.08
2015-12-03,9.2,9.37,9.5,9.14,342213.67
2015-12-04,9.32,9.45,9.57,9.18,413144.87
2015-12-07,9.47,9.5,9.66,9.28,396632.54
2015-12-08,9.37,8.96,9.42,8.88,434876.41
2015-12-09,8.96,8.91,9.05,8.84,201164.55
2015-12-10,9.01,8.92,9.16,8.88,195755.62
2015-12-11,8.95,8.75,9.0,8.73,187235.23
2015-12-14,8.66,9.0,9.0,8.54,199979.92
2015-12-15,9.08,9.07,9.16,9.03,198358.44
2015-12-16,9.07,8.98,9.15,8.94,156969.84
2015-12-17,9.03,9.24,9.34,9.02,448188.7
2015-12-18,9.33,9.45,9.8,9.33,616449.11
2015-12-21,9.42,9.69,9.84,9.26,545073.71
2015-12-22,9.81,9.92,10.03,9.63,649667.6
2015-12-23,9.9,9.92,10.28,9.78,755451.64
2015-12-24,9.94,9.65,10.04,9.49,417277.93
2015-12-25,9.64,9.71,9.78,9.55,253614.66
2015-12-28,9.71,9.27,9.78,9.24,380162.3
2015-12-29,9.28,9.45,9.46,9.18,187815.49
2015-12-30,9.5,9.47,9.57,9.34,164010.28
2015-12-31,9.49,9.27,9.52,9.23,165938.48
2016-01-04,9.23,8.36,9.28,8.34,232852.71
2016-01-05,7.77,8.09,8.38,7.73,311662.79
2016-01-06,8.1,8.29,8.29,8.06,170915.64
2016-01-07,8.16,7.46,8.16,7.46,49413.0
2016-01-08,7.67,7.54,7.79,7.17,248701.29
2016-01-11,7.49,6.8,7.51,6.78,276226.6
2016-01-12,6.88,6.85,6.92,6.67,172506.02
2016-01-13,6.87,6.8,6.97,6.59,142983.21
2016-01-14,6.6,6.93,7.0,6.46,167084.73
2016-01-15,6.79,6.76,6.97,6.51,192096.18
2016-01-18,6.53,6.8,6.9,6.52,173413.48
2016-01-19,6.8,7.01,7.03,6.71,196826.57
2016-01-20,6.94,6.88,7.09,6.83,145466.64
2016-01-21,6.74,6.64,6.91,6.47,180146.85
2016-01-22,6.65,6.64,6.72,6.44,125473.3
2016-01-25,6.69,6.64,6.71,6.57,106506.68
2016-01-26,6.57,5.98,6.58,5.98,237496.82
2016-01-27,5.99,5.61,6.04,5.39,301589.77
2016-01-28,5.58,5.56,5.91,5.48,258795.74
2016-01-29,5.57,6.0,6.12,5.5,272540.51
2016-02-01,5.97,5.74,6.07,5.65,161763.85
2016-02-02,5.73,6.01,6.1,5.73,169774.53
2016-02-03,6.05,6.23,6.4,6.01,241788.85
2016-02-04,6.26,6.56,6.78,6.2,331890.07
2016-02-05,6.59,6.28,6.63,6.28,229676.86
2016-02-15,5.99,6.42,6.51,5.86,248666.86
2016-02-16,6.45,6.79,6.99,6.37,354856.46
2016-02-17,6.75,7.05,7.15,6.68,449611.73
2016-02-18,7.0,7.08,7.39,6.93,491784.65
2016-02-19,6.99,6.97,7.13,6.81,314356.83
2016-02-22,7.13,7.05,7.17,6.97,271058.17
2016-02-23,7.04,6.9,7.05,6.79,246964.47
2016-02-24,6.73,7.12,7.12,6.73,256982.78
2016-02-25,7.17,6.41,7.18,6.41,336513.64
2016-02-26,6.42,6.23,6.51,5.96,244915.25
2016-02-29,6.27,5.92,6.42,5.76,223396.97
2016-03-01,6.04,6.51,6.51,5.98,551759.25
2016-03-02,6.67,7.17,7.17,6.66,919193.7
2016-03-03,7.63,7.55,7.88,7.5,1564264.42
2016-03-04,7.55,7.09,7.8,6.92,1176609.46
2016-03-07,7.18,7.16,7.43,6.95,770010.5
2016-03-08,7.08,6.93,7.08,6.52,636417.46
2016-03-09,6.68,6.68,6.88,6.54,417756.66
2016-03-10,6.71,6.61,7.01,6.56,487435.72
2016-03-11,6.36,6.42,6.54,6.25,336308.58
2016-03-14,6.44,6.6,6.78,6.44,362085.68
2016-03-15,6.54,6.47,6.62,6.33,276782.15
2016-03-16,6.45,6.29,6.52,6.23,251245.05
2016-03-17,6.31,6.56,6.56,6.31,318075.62
2016-03-18,6.56,6.76,6.81,6.51,450152.12
2016-03-21,6.79,7.05,7.19,6.76,621525.89
2016-03-22,6.9,6.79,6.95,6.77,384223.44
2016-03-23,6.76,6.89,6.89,6.74,265706.78
2016-03-24,6.84,6.74,6.99,6.69,362300.16
2016-03-25,6.67,6.82,6.93,6.65,232816.34
2016-03-28,6.75,6.68,6.85,6.64,237063.84
2016-03-29,6.68,6.53,6.72,6.45,195352.73
2016-03-30,6.59,6.72,6.72,6.57,195660.98
2016-03-31,6.78,6.68,6.79,6.68,196802.31
2016-04-01,6.65,6.64,6.72,6.52,146360.58
2016-04-05,6.64,6.8,6.82,6.63,205886.8
2016-04-06,6.8,6.92,6.94,6.74,317500.84
2016-04-07,6.9,6.8,7.01,6.8,321311.97
2016-04-08,6.72,6.67,6.75,6.55,196122.11
2016-04-11,6.72,6.75,6.83,6.71,175978.5
2016-04-12,6.68,6.61,6.71,6.55,237270.87
2016-04-13,6.64,6.68,6.77,6.61,266397.64
2016-04-14,6.76,6.76,6.81,6.69,195318.61
2016-04-15,6.76,6.85,6.94,6.73,303001.41
2016-04-18,6.8,6.69,6.81,6.61,184554.15
2016-04-19,6.73,6.92,7.05,6.71,419510.76
2016-04-20,6.89,6.8,6.91,6.36,431426.88
2016-04-21,6.68,6.8,7.01,6.61,500106.51
2016-04-22,6.6,6.61,6.68,6.46,269005.81
2016-04-25,6.54,6.5,6.55,6.44,149856.48
2016-04-26,6.5,6.54,6.56,6.46,103094.64
2016-04-27,6.54,6.49,6.57,6.47,110251.71
2016-04-28,6.5,6.45,6.55,6.36,137873.5
2016-04-29,6.44,6.39,6.47,6.36,86513.67
2016-05-03,6.4,6.51,6.51,6.36,133018.24
2016-05-04,6.51,6.51,6.56,6.44,132316.03
2016-05-05,6.51,6.51,6.53,6.47,98963.14
2016-05-06,6.53,6.27,6.54,6.22,200649.0
2016-05-09,6.27,5.98,6.28,5.91,158664.92
2016-05-10,6.03,5.94,6.03,5.89,70476.26
2016-05-11,5.97,5.94,6.12,5.92,92124.05
2016-05-12,5.82,5.88,5.9,5.69,100431.67
2016-05-13,5.9,5.83,5.99,5.73,78796.72
2016-05-16,5.83,5.92,5.93,5.79,72682.06
2016-05-17,5.92,5.94,5.98,5.87,73679.06
2016-05-18,5.91,5.79,5.96,5.72,88159.13
2016-05-19,5.81,5.8,5.86,5.76,64070.57
2016-05-20,5.79,5.81,5.85,5.73,59128.53
2016-05-23,5.86,5.9,5.95,5.81,80997.38
2016-05-24,5.88,5.87,5.96,5.84,88480.6
2016-05-25,5.88,5.81,5.93,5.78,72870.46
2016-05-26,5.85,5.8,5.85,5.65,98598.17
2016-05-27,5.79,5.91,6.06,5.69,221793.54
2016-05-30,5.84,5.75,5.85,5.74,103816.78
2016-05-31,5.74,5.94,5.95,5.74,194845.92
2016-06-01,5.95,5.95,6.02,5.92,165806.18
2016-06-02,5.93,6.06,6.07,5.92,213099.15
2016-06-03,6.06,6.05,6.1,5.98,159036.85
2016-06-06,6.02,6.04,6.1,5.98,134733.39
2016-06-07,6.04,5.96,6.05,5.95,112846.52
2016-06-08,5.94,5.94,5.98,5.91,106518.39
2016-06-13,5.9,5.68,5.91,5.68,154725.2
2016-06-14,5.68,5.69,5.71,5.64,98058.6
2016-06-15,5.65,5.79,5.85,5.6,118400.38
2016-06-16,5.79,5.73,5.81,5.71,110062.53
2016-06-17,5.77,5.92,6.05,5.75,205603.15
2016-06-20,5.85,5.84,5.89,5.78,102545.71
2016-06-21,5.88,5.83,5.95,5.78,111131.7
2016-06-22,5.78,5.95,6.02,5.78,156941.54
2016-06-23,5.96,5.92,6.05,5.9,168187.31
2016-06-24,5.91,6.01,6.1,5.74,290268.72
2016-06-27,5.97,6.06,6.08,5.95,181804.36
2016-06-28,6.04,6.12,6.18,5.98,255011.79
2016-06-29,6.14,6.06,6.19,6.04,172018.67
2016-06-30,6.06,6.04,6.09,6.0,123296.76
2016-07-01,6.06,6.0,6.09,6.0,112010.63
2016-07-04,5.93,6.11,6.13,5.93,195278.8
2016-07-05,6.12,6.15,6.21,6.08,194971.74
2016-07-06,6.18,6.32,6.54,6.17,425298.73
2016-07-07,6.24,6.19,6.26,6.11,218713.99
2016-07-08,6.19,6.22,6.24,6.13,161533.63
2016-07-11,6.22,6.14,6.24,6.14,146938.33
2016-07-12,6.14,6.22,6.22,6.05,191654.4
2016-07-13,6.19,6.31,6.33,6.19,275500.53
2016-07-14,6.26,6.26,6.35,6.22,164199.44
2016-07-15,6.27,6.26,6.34,6.24,104281.8
2016-07-18,6.26,6.17,6.26,6.14,101939.98
2016-07-19,6.16,6.27,6.29,6.15,146155.11
2016-07-20,6.26,6.25,6.32,6.22,155532.49
2016-07-21,6.24,6.29,6.41,6.24,175263.37
2016-07-22,6.27,6.21,6.31,6.18,114113.94
2016-07-25,6.21,6.23,6.28,6.17,85018.49
2016-07-26,6.21,6.28,6.28,6.21,126792.44
2016-07-27,6.28,6.06,6.34,5.95,256469.87
2016-07-28,6.1,6.09,6.13,5.95,142661.01
2016-07-29,6.1,6.09,6.18,6.04,113884.42
2016-08-01,6.04,5.91,6.04,5.86,118110.74
2016-08-02,5.92,6.04,6.04,5.91,84038.16
2016-08-03,6.09,6.64,6.64,6.07,610141.11
2016-08-04,6.74,6.85,6.91,6.61,1219022.73
2016-08-05,6.72,6.71,6.86,6.69,669759.65
2016-08-08,6.7,6.75,7.01,6.66,692357.46
2016-08-09,6.69,6.82,6.92,6.64,554870.95
2016-08-10,6.76,6.69,6.81,6.65,421507.83
2016-08-11,6.71,6.63,6.81,6.6,445969.92
2016-08-12,6.64,6.82,6.85,6.5,617371.06
2016-08-15,6.88,7.0,7.22,6.83,856127.64
2016-08-16,7.0,7.14,7.45,6.85,893395.85
2016-08-17,7.14,7.22,7.52,7.07,938075.07
2016-08-18,7.11,7.38,7.67,7.04,937684.1
2016-08-19,7.31,7.17,7.34,7.12,521727.57
2016-08-22,7.12,6.97,7.22,6.94,336572.49
2016-08-23,6.97,7.01,7.07,6.91,227848.33
2016-08-24,6.96,6.9,7.14,6.86,256674.18
2016-08-25,6.81,6.83,6.86,6.66,276634.71
2016-08-26,6.85,6.77,6.9,6.75,180421.93
2016-08-29,6.78,6.79,6.84,6.72,113861.46
2016-08-30,6.81,6.85,6.95,6.81,211516.68
2016-08-31,6.8,6.96,7.08,6.8,275556.83
2016-09-01,6.97,6.7,6.97,6.68,246595.99
2016-09-02,6.67,6.63,6.77,6.57,147809.83
2016-09-05,6.67,6.76,6.82,6.63,137482.95
2016-09-06,6.72,6.74,6.78,6.63,139386.05
2016-09-07,6.74,6.74,6.8,6.72,132015.43
2016-09-08,6.7,6.74,6.78,6.65,114577.98
2016-09-09,6.74,6.64,6.75,6.63,111621.62
2016-09-12,6.84,7.31,7.31,6.84,593364.66
2016-09-13,7.58,7.83,8.04,7.54,1902152.47
2016-09-14,7.67,7.32,7.85,7.32,1156168.38
2016-09-19,7.4,7.43,7.5,7.23,897525.95
2016-09-20,7.38,7.6,7.61,7.28,735886.94
2016-09-21,7.49,7.36,7.49,7.35,403425.24
2016-09-22,7.44,7.39,7.56,7.38,442778.21
2016-09-23,7.33,7.46,7.49,7.27,408538.36
2016-09-26,7.47,7.43,7.73,7.32,635696.22
2016-09-27,7.33,7.43,7.46,7.13,398741.71
2016-09-28,7.41,7.45,7.58,7.36,298159.26
2016-09-29,7.62,7.49,7.72,7.48,381947.04
2016-09-30,7.45,7.91,8.17,7.43,877925.38
2016-10-10,8.4,8.13,8.71,8.03,1158326.79
2016-10-11,8.09,8.54,8.86,7.99,1335286.89
2016-10-12,8.35,8.76,8.97,8.28,1046995.7
2016-10-13,8.7,8.56,8.87,8.52,586973.58
2016-10-14,8.58,8.35,8.67,8.23,551105.94
2016-10-17,8.5,8.4,8.55,8.28,386278.99
2016-10-18,8.4,8.47,8.5,8.32,364240.31
2016-10-19,8.44,8.44,8.76,8.38,574780.82
2016-10-20,8.39,8.19,8.39,8.17,483966.04
2016-10-21,8.19,8.27,8.32,8.01,351039.55
2016-10-24,8.2,8.26,8.35,8.13,245499.31
2016-10-25,8.24,8.36,8.44,8.19,340635.7
2016-10-26,8.35,8.26,8.4,8.17,254858.54
2016-10-27,8.23,8.26,8.38,8.17,212717.77
2016-10-28,8.26,8.04,8.31,8.0,254016.45
2016-10-31,8.06,8.06,8.26,7.97,227951.36
2016-11-01,8.07,8.31,8.32,8.04,310950.96
2016-11-02,8.22,8.35,8.42,8.22,361163.85
2016-11-03,8.31,8.33,8.42,8.2,355469.05
2016-11-04,8.34,8.44,8.85,8.28,416802.85
2016-11-07,8.38,8.27,8.63,8.24,287574.47
2016-11-08,8.29,8.32,8.35,8.23,171963.87
2016-11-09,8.32,8.22,8.35,8.07,274664.42
2016-11-10,8.26,8.29,8.33,8.24,199337.31
2016-11-11,8.37,8.34,8.4,8.23,303893.96
2016-11-14,8.27,8.22,8.31,8.13,300165.1
2016-11-15,8.21,8.22,8.31,8.13,221369.89
2016-11-16,8.23,8.28,8.37,8.17,264770.76
2016-11-17,8.24,8.19,8.27,8.16,190996.65
2016-11-18,8.22,8.04,8.22,8.04,221396.04
2016-11-21,8.01,7.86,8.06,7.77,394511.72
2016-11-22,7.86,7.9,7.95,7.86,152708.65
2016-11-23,7.91,7.95,8.05,7.85,217469.88
2016-11-24,7.91,7.95,7.99,7.84,189357.04
2016-11-25,7.92,8.07,8.1,7.91,200455.78
2016-11-28,8.07,8.13,8.29,8.04,234953.65
2016-11-29,8.07,7.89,8.11,7.87,215118.75
2016-11-30,7.89,7.86,7.99,7.8,156592.31
2016-12-01,7.83,7.92,7.95,7.81,160554.96
2016-12-02,7.91,7.71,7.95,7.66,139510.34
2016-12-05,7.72,7.31,7.73,7.31,243175.29
2016-12-06,7.34,7.39,7.44,7.31,110046.4
2016-12-07,7.37,7.4,7.41,7.3,81208.78
2016-12-08,7.38,7.36,7.44,7.36,73842.15
2016-12-09,7.36,7.63,7.86,7.36,310454.26
2016-12-12,7.71,7.43,7.85,7.31,281127.26
2016-12-13,7.36,7.29,7.39,6.97,206172.13
2016-12-14,7.2,7.47,7.78,7.09,298987.54
2016-12-15,7.38,7.54,7.67,7.34,221159.3
2016-12-16,7.48,7.54,7.74,7.48,171596.93
2016-12-19,8.19,8.3,8.3,8.05,1145551.93
2016-12-20,8.18,8.1,8.47,7.99,937434.66
2016-12-21,8.04,7.99,8.09,7.8,505619.25
2016-12-22,7.96,8.18,8.38,7.88,686506.59
2016-12-23,7.99,7.86,8.04,7.79,406081.36
2016-12-26,7.79,7.87,7.95,7.73,213275.49
2016-12-27,7.84,7.89,8.03,7.78,307777.71
2016-12-28,7.81,7.97,8.17,7.8,425408.08
2016-12-29,7.87,7.8,7.92,7.78,228152.18
2016-12-30,7.82,7.74,7.96,7.72,188753.59
2017-01-03,7.78,7.92,8.01,7.76,251674.3
2017-01-04,7.93,8.03,8.1,7.84,400005.14
2017-01-05,7.99,8.04,8.09,7.95,338308.57
2017-01-06,8.03,8.2,8.48,7.99,617394.76
2017-01-09,8.11,8.15,8.26,8.06,314037.74
2017-01-10,8.13,7.99,8.15,7.92,346906.55
2017-01-11,8.13,7.93,8.18,7.93,310462.02
2017-01-12,7.86,7.62,7.98,7.58,372744.04
2017-01-13,7.53,7.23,7.53,7.19,385525.33
2017-01-16,7.21,6.92,7.27,6.55,240487.67
2017-01-17,6.86,7.0,7.04,6.81,135176.38
2017-01-18,6.94,7.02,7.16,6.94,123179.97
2017-01-19,7.0,6.92,7.02,6.91,84417.19
2017-01-20,6.91,7.0,7.04,6.91,81675.14
2017-01-23,7.01,7.04,7.11,6.99,90178.13
2017-01-24,7.04,7.0,7.09,7.0,71254.0
2017-01-25,7.0,7.07,7.21,6.99,115498.52
2017-01-26,7.07,7.1,7.12,7.05,80603.48
2017-02-03,7.12,7.08,7.15,7.05,59493.95
2017-02-06,7.08,7.18,7.19,7.06,115666.8
2017-02-07,7.17,7.22,7.26,7.09,149663.01
2017-02-08,7.19,7.21,7.22,7.1,118266.53
2017-02-09,7.18,7.27,7.28,7.18,154541.86
2017-02-10,7.23,7.2,7.27,7.19,117629.47
2017-02-13,7.18,7.21,7.25,7.15,116294.72
2017-02-14,7.21,7.26,7.27,7.18,137129.64
2017-02-15,7.26,7.37,7.58,7.22,363182.67
2017-02-16,7.31,7.36,7.39,7.27,183513.62
2017-02-17,7.32,7.19,7.38,7.18,175309.12
2017-02-20,7.21,7.24,7.26,7.2,129959.62
2017-02-21,7.24,7.31,7.33,7.22,152830.74
2017-02-22,7.31,7.32,7.4,7.27,149203.6
2017-02-23,7.29,7.25,7.36,7.19,137264.98
2017-02-24,7.23,7.26,7.27,7.21,90806.38
2017-02-27,7.26,7.21,7.29,7.2,132734.44
2017-02-28,7.22,7.19,7.24,7.13,107858.01
2017-03-01,7.22,7.18,7.24,7.17,112820.7
2017-03-02,7.19,7.07,7.22,7.07,119909.4
2017-03-03,7.05,7.04,7.07,6.95,99336.96
2017-03-06,7.02,7.1,7.12,7.01,89258.83
2017-03-07,7.11,7.14,7.18,7.08,87345.91
2017-03-08,7.13,7.12,7.17,7.09,79531.97
2017-03-09,7.22,7.18,7.35,7.16,249664.69
2017-03-10,7.16,7.24,7.33,7.15,201531.77
2017-03-13,7.21,7.18,7.22,7.07,128941.43
2017-03-14,7.18,7.19,7.31,7.13,165273.36
2017-03-15,7.17,7.12,7.2,7.09,91098.99
2017-03-16,7.17,7.22,7.22,7.14,143332.25
2017-03-17,7.24,7.19,7.31,7.19,227397.16
2017-03-20,7.19,7.13,7.19,7.09,112368.82
2017-03-21,7.13,7.11,7.14,7.09,93575.76
2017-03-22,7.08,7.0,7.1,6.96,113375.83
2017-03-23,7.02,6.99,7.04,6.92,99243.83
2017-03-24,6.99,7.02,7.04,6.95,86296.65
2017-03-27,7.01,7.01,7.05,6.95,83613.01
2017-03-28,7.02,6.96,7.02,6.96,54548.76
2017-03-29,6.99,6.95,7.03,6.93,77999.37
2017-03-30,6.91,6.7,6.95,6.69,168691.09
2017-03-31,6.77,6.78,6.86,6.77,84138.66
2017-04-05,6.78,6.92,6.94,6.78,112033.58
2017-04-06,6.91,6.99,7.01,6.88,132004.67
2017-04-07,6.99,7.0,7.07,6.93,132244.53
2017-04-10,6.98,7.0,7.09,6.93,146361.7
2017-04-11,7.0,7.49,7.62,6.95,516039.67
2017-04-12,7.78,7.92,8.18,7.58,1276473.14
2017-04-13,7.81,7.67,7.82,7.45,597417.41
2017-04-14,7.58,7.33,7.65,7.27,457480.14
2017-04-17,7.29,7.17,7.33,7.11,259973.15
2017-04-18,7.17,7.13,7.25,7.13,191933.64
2017-04-19,7.04,7.01,7.08,6.87,214485.72
2017-04-20,6.99,6.9,7.06,6.81,149845.72
2017-04-21,6.89,6.88,6.96,6.88,119548.38
2017-04-24,6.89,6.63,6.91,6.57,204063.44
2017-04-25,6.67,6.66,6.77,6.61,116435.71
2017-04-26,6.7,6.73,6.76,6.66,128182.59
2017-04-27,6.71,6.72,6.76,6.56,156375.01
2017-04-28,6.75,6.81,6.88,6.72,150314.42
2017-05-02,6.8,6.77,6.82,6.74,85887.73
2017-05-03,6.78,6.87,7.04,6.71,207912.9
2017-05-04,6.89,6.91,7.0,6.83,182002.11
2017-05-05,6.86,6.68,6.93,6.67,153557.54
2017-05-08,6.66,6.41,6.68,6.36,177570.35
2017-05-09,6.4,6.48,6.5,6.36,101416.08
2017-05-10,6.5,6.35,6.57,6.33,113275.36
2017-05-11,6.31,6.48,6.48,6.23,128797.03
2017-05-12,6.47,6.55,6.63,6.41,163562.12
2017-05-15,6.46,6.44,6.51,6.37,107299.79
2017-05-16,6.41,6.6,6.81,6.29,172081.19
2017-05-17,6.54,6.6,6.76,6.45,155753.05
2017-05-18,6.54,6.67,6.69,6.51,145468.69
2017-05-19,6.71,7.18,7.33,6.68,751879.08
2017-05-22,7.0,6.9,7.18,6.85,323306.86
2017-05-23,6.86,6.69,7.01,6.68,292869.32
2017-05-24,6.59,6.63,6.65,6.29,200289.04
2017-05-25,6.59,6.8,6.85,6.59,217960.57
2017-05-26,6.81,6.93,7.05,6.73,255035.65
2017-05-31,7.08,6.87,7.08,6.81,255300.0
2017-06-01,6.8,6.72,6.95,6.7,162560.3
2017-06-02,6.72,6.94,6.98,6.68,253068.7
2017-06-05,6.94,6.95,7.0,6.88,174029.71
2017-06-06,6.91,6.99,7.17,6.91,271030.74
2017-06-07,6.99,7.22,7.29,6.93,400893.09
2017-06-08,7.21,7.25,7.51,7.18,511033.79
2017-06-09,7.3,7.47,7.5,7.23,535268.65
2017-06-12,7.45,7.32,7.45,7.22,379326.54
2017-06-13,7.27,7.36,7.4,7.18,295052.67
2017-06-14,7.22,7.29,7.36,7.17,271868.51
2017-06-15,7.23,7.32,7.35,7.23,192931.5
2017-06-16,7.35,7.31,7.38,7.24,204852.61
2017-06-19,7.3,7.4,7.46,7.27,249936.31
2017-06-20,7.4,7.41,7.48,7.29,254645.09
2017-06-21,7.39,7.32,7.41,7.28,184173.0
2017-06-22,7.3,7.11,7.39,7.08,210673.15
2017-06-23,7.11,7.18,7.24,7.03,158170.03
2017-06-26,7.18,7.27,7.34,7.16,238686.94
2017-06-27,7.26,7.29,7.35,7.24,147643.8
2017-06-28,7.26,7.28,7.39,7.21,168720.96
2017-06-29,7.27,7.41,7.46,7.26,353090.65
2017-06-30,7.42,7.36,7.46,7.34,146187.81
2017-07-03,7.41,7.22,7.42,7.17,226873.27
2017-07-04,7.22,7.16,7.27,7.13,153022.29
2017-07-05,7.14,7.24,7.24,7.14,102135.9
2017-07-06,7.16,7.12,7.24,7.1,144788.18
2017-07-07,7.1,7.12,7.18,7.09,106971.33
2017-07-10,7.09,7.2,7.25,7.07,157851.51
2017-07-11,7.2,7.18,7.26,7.17,165568.31
2017-07-12,7.19,7.08,7.22,7.02,181578.51
2017-07-13,7.11,7.16,7.21,7.11,137511.58
2017-07-14,7.17,7.06,7.17,7.02,119980.5
2017-07-17,7.06,6.77,7.09,6.59,207383.6
2017-07-18,6.76,6.85,6.85,6.74,95322.78
2017-07-19,6.85,6.91,6.95,6.79,99738.35
2017-07-20,6.96,7.1,7.26,6.94,217049.9
2017-07-21,7.05,7.08,7.12,6.97,119924.34
2017-07-24,7.06,7.13,7.16,7.02,128751.27
2017-07-25,7.09,7.18,7.18,7.09,114317.17
2017-07-26,7.16,7.06,7.18,6.98,129661.02
2017-07-27,7.07,7.18,7.21,7.02,170535.75
2017-07-28,7.15,7.11,7.16,7.08,97197.41
2017-07-31,7.08,7.11,7.16,7.04,123848.82
2017-08-01,7.1,7.21,7.21,7.07,194588.9
2017-08-02,7.19,7.07,7.24,7.06,158340.86
2017-08-03,7.06,6.97,7.07,6.95,144142.9
2017-08-04,6.96,6.98,7.02,6.96,74276.58
2017-08-07,6.99,7.02,7.03,6.96,72995.8
2017-08-08,7.02,7.07,7.12,6.95,120272.48
2017-08-09,7.02,7.05,7.12,7.0,103416.47
2017-08-10,7.02,7.02,7.11,6.98,107820.11
2017-08-11,6.97,6.79,6.99,6.77,152034.0
2017-08-14,6.8,6.84,6.86,6.79,86856.87
2017-08-15,6.84,6.9,6.93,6.81,86352.87
2017-08-16,6.9,6.9,6.92,6.85,62089.97
2017-08-17,6.87,6.93,6.94,6.86,83632.5
2017-08-18,6.91,6.99,7.01,6.88,136918.8
2017-08-21,7.02,7.0,7.04,6.95,97518.72
2017-08-22,7.0,6.96,7.03,6.93,90319.96
2017-08-23,6.96,6.93,6.96,6.91,50640.92
2017-08-24,6.93,6.92,7.02,6.9,81645.0
2017-08-25,6.91,7.0,7.0,6.9,74982.76
2017-08-28,6.99,7.03,7.06,6.98,98041.48
2017-08-29,7.07,7.03,7.13,7.01,88879.5
2017-08-30,7.08,7.17,7.46,7.05,307322.69
2017-08-31,7.11,7.06,7.16,7.01,190733.06
2017-09-01,7.1,7.04,7.11,7.02,129991.03
2017-09-04,7.02,7.33,7.33,7.0,332608.72
2017-09-05,7.35,7.4,7.41,7.26,400523.81
2017-09-06,7.41,7.6,7.65,7.32,596429.59
2017-09-07,7.53,7.81,8.04,7.52,849085.21
2017-09-08,7.77,8.23,8.58,7.63,1321410.27
2018-03-08,7.41,7.41,7.41,7.41,58255.0
2018-03-09,7.2,7.36,7.72,7.06,1119431.92
2018-03-12,7.2,7.23,7.35,7.1,738316.89
2018-03-13,7.23,7.27,7.42,7.19,607777.85
2018-03-14,7.15,6.93,7.23,6.92,596514.45
2018-03-15,6.85,6.65,6.86,6.61,643137.8
2018-03-16,6.65,6.64,6.72,6.61,257279.86
2018-03-19,6.61,6.61,6.64,6.48,255518.78
2018-03-20,6.54,6.59,6.65,6.48,247524.01
2018-03-21,6.57,6.53,6.73,6.53,274230.37
2018-03-22,6.55,6.57,6.67,6.46,223075.13
2018-03-23,6.29,6.0,6.49,5.93,400418.53
2018-03-26,5.88,6.02,6.06,5.68,253382.14
2018-03-27,6.09,6.09,6.14,6.04,206900.05
2018-03-28,6.0,6.04,6.14,5.95,165328.32
2018-03-29,6.09,6.29,6.31,6.05,325576.44
2018-03-30,6.24,6.16,6.27,6.14,209020.57
2018-04-02,6.12,6.06,6.18,6.04,177023.71
2018-04-03,5.97,5.93,5.99,5.89,165400.48
2018-04-04,5.98,5.98,6.07,5.93,153824.98
2018-04-09,5.97,6.01,6.06,5.85,161428.46
2018-04-10,6.03,6.1,6.1,5.99,165791.65
2018-04-11,6.12,6.08,6.17,6.08,165436.01
2018-04-12,6.06,5.97,6.06,5.96,127740.97
2018-04-13,6.07,6.09,6.15,6.04,184757.84
2018-04-16,6.06,6.05,6.15,5.99,134524.19
2018-04-17,6.05,5.9,6.06,5.89,123633.1
2018-04-18,5.99,5.96,6.01,5.85,128446.55
2018-04-19,5.97,5.95,6.01,5.93,110777.92
2018-04-20,5.93,5.85,5.95,5.83,128092.75
2018-04-23,5.85,5.74,5.88,5.69,123265.41
2018-04-24,5.74,6.07,6.14,5.74,257671.84
2018-04-25,6.02,5.94,6.03,5.93,188061.45
2018-04-26,5.96,5.77,5.99,5.77,125705.79
2018-04-27,5.83,5.84,5.88,5.78,77331.76
2018-05-02,5.86,5.9,5.94,5.85,98915.88
2018-05-03,5.91,5.96,5.97,5.87,131318.1
2018-05-04,5.95,5.97,6.03,5.93,152184.92
2018-05-07,5.98,6.09,6.11,5.98,186517.07
2018-05-08,6.09,6.25,6.34,6.06,362096.69
2018-05-09,6.23,6.13,6.23,6.1,202296.3
2018-05-10,6.13,6.32,6.43,6.13,344983.35
2018-05-11,6.28,6.27,6.4,6.19,257854.16
2018-05-14,6.2,6.11,6.25,6.08,177183.05
2018-05-15,6.11,6.21,6.27,6.07,165471.22
2018-05-16,6.16,6.22,6.31,6.15,136238.36
2018-05-17,6.23,6.28,6.31,6.21,137859.61
2018-05-18,6.26,6.28,6.3,6.21,128443.4
2018-05-21,6.29,6.31,6.39,6.28,142827.41
2018-05-22,6.27,6.24,6.31,6.17,139666.49
2018-05-23,6.19,6.19,6.25,6.17,109550.46
2018-05-24,6.19,6.27,6.27,6.14,138577.16
2018-05-25,6.25,6.16,6.29,6.15,156909.41
2018-05-28,6.15,5.99,6.18,5.98,126352.94
2018-05-29,5.97,5.94,6.05,5.91,108549.32
2018-05-30,5.86,5.7,5.91,5.64,166367.96
2018-05-31,5.74,5.79,5.87,5.71,114243.03
2018-06-01,5.74,5.77,5.87,5.68,99227.01
2018-06-04,5.73,5.77,5.82,5.73,99419.46
2018-06-05,5.78,5.87,5.87,5.75,105822.81
2018-06-06,5.87,5.8,5.87,5.77,78428.74
2018-06-07,5.8,5.8,5.83,5.78,71963.71
2018-06-08,5.8,5.71,5.82,5.66,75080.0
2018-06-11,5.73,5.74,5.81,5.7,69753.03
2018-06-12,5.75,5.77,5.78,5.67,67153.54
2018-06-13,5.78,5.78,5.88,5.75,120243.73
2018-06-14,5.75,5.79,5.85,5.73,108580.3
2018-06-15,5.8,5.76,5.87,5.65,140535.22
2018-06-19,5.55,5.18,5.58,5.18,235423.33
2018-06-20,5.15,5.17,5.22,4.96,159334.04
2018-06-21,5.15,5.12,5.31,5.06,114727.33
2018-06-22,5.13,5.16,5.18,5.02,89666.49
2018-06-25,5.22,5.13,5.25,5.12,92631.35
2018-06-26,5.05,5.09,5.11,4.97,93966.23
2018-06-27,5.08,4.98,5.14,4.94,104464.41
2018-06-28,4.96,4.91,5.0,4.9,75695.07
2018-06-29,4.93,5.05,5.12,4.87,96361.21
2018-07-02,5.02,4.74,5.06,4.68,153168.58
2018-07-03,4.76,4.87,4.88,4.7,115021.76
2018-07-04,4.83,4.91,5.06,4.82,144019.86
2018-07-05,4.87,4.62,4.87,4.57,149727.39
2018-07-06,4.65,4.58,4.68,4.43,120183.48
2018-07-09,4.59,4.67,4.69,4.57,65673.34
2018-07-10,4.69,4.74,4.74,4.66,82064.26
2018-07-11,4.66,4.58,4.67,4.51,92207.85
2018-07-12,4.56,4.71,4.73,4.56,79733.51
2018-07-13,4.81,4.75,4.86,4.75,96786.94
2018-07-16,4.74,4.75,4.78,4.67,67449.22
2018-07-17,4.71,4.74,4.75,4.69,42329.71
2018-07-18,4.75,4.71,4.78,4.71,56861.96
2018-07-19,4.73,4.67,4.76,4.65,55242.79
2018-07-20,4.64,4.75,4.76,4.59,70499.4
2018-07-23,4.73,4.82,4.84,4.67,98832.3
2018-07-24,4.83,5.0,5.05,4.81,159570.13
2018-07-25,4.99,5.01,5.06,4.93,109192.51
2018-07-26,4.98,5.0,5.1,4.98,119407.0
2018-07-27,5.0,5.2,5.36,5.0,239649.07
2018-07-30,5.17,5.13,5.4,5.09,264696.74
2018-07-31,5.11,5.05,5.15,4.99,125948.01
2018-08-01,5.0,4.96,5.12,4.95,173027.29
2018-08-02,4.99,4.69,4.99,4.62,141845.06
2018-08-03,4.68,4.73,4.81,4.68,86618.09
2018-08-06,4.74,4.65,4.78,4.59,82971.49
2018-08-07,4.68,4.78,4.79,4.62,66732.73
2018-08-08,4.78,4.73,4.8,4.73,65022.92
2018-08-09,4.74,4.82,4.87,4.67,90436.49
2018-08-10,4.83,4.99,5.11,4.83,151639.23
2018-08-13,4.89,4.87,4.89,4.78,106356.62
2018-08-14,4.82,4.9,4.97,4.8,129730.18
2018-08-15,4.93,4.75,4.96,4.74,106777.56
2018-08-16,4.71,4.7,4.78,4.61,67965.44
2018-08-17,4.75,4.63,4.78,4.62,61919.36
2018-08-20,4.64,4.69,4.69,4.62,57942.08
2018-08-21,4.69,4.75,4.87,4.66,83831.68
2018-08-22,4.72,4.68,4.77,4.65,53783.72
2018-08-23,4.7,4.74,4.82,4.7,66743.62
2018-08-24,4.74,4.75,4.82,4.66,102265.43
2018-08-27,4.72,4.82,4.84,4.7,102891.8
2018-08-28,4.87,4.82,4.88,4.8,97759.94
2018-08-29,4.81,4.78,4.84,4.75,72751.88
2018-08-30,4.78,4.73,4.86,4.73,69611.76
2018-08-31,4.73,4.66,4.76,4.64,97473.84
2018-09-03,4.66,4.64,4.68,4.59,57712.25
2018-09-04,4.64,4.69,4.71,4.61,72222.0
2018-09-05,4.66,4.56,4.68,4.56,81542.39
2018-09-06,4.58,4.53,4.62,4.52,47382.13
2018-09-07,4.53,4.5,4.62,4.46,94054.16
2018-09-10,4.5,4.38,4.52,4.37,88763.5
2018-09-11,4.4,4.4,4.44,4.31,61891.35
2018-09-12,4.4,4.37,4.42,4.37,40203.61
2018-09-13,4.39,4.42,4.43,4.37,49879.4
2018-09-14,4.43,4.41,4.47,4.39,68850.5
2018-09-17,4.39,4.29,4.39,4.28,92436.22
2018-09-18,4.28,4.37,4.38,4.28,56624.16
2018-09-19,4.38,4.81,4.81,4.37,345978.42
2018-09-20,4.82,5.29,5.29,4.79,966939.82
2018-09-21,5.2,5.15,5.34,5.1,780547.46
2018-09-25,4.91,4.87,4.98,4.84,481116.86
2018-09-26,4.91,4.86,4.93,4.81,333216.1
2018-09-27,4.85,4.87,4.9,4.75,344868.0
2018-09-28,4.83,4.91,5.06,4.81,413030.37
2018-10-08,4.73,4.5,4.73,4.45,319035.68
2018-10-09,4.56,4.51,4.56,4.48,127504.02
2018-10-10,4.52,4.5,4.56,4.43,119870.39
2018-10-11,4.32,4.06,4.38,4.06,282143.09
2018-10-12,3.99,4.16,4.19,3.94,195520.45
2018-10-15,4.26,4.17,4.35,4.13,184065.96
2018-10-16,4.12,4.02,4.21,4.01,124188.66
2018-10-17,4.13,4.07,4.15,3.94,134164.7
2018-10-18,4.07,4.07,4.21,4.01,191511.2
2018-10-19,3.96,4.2,4.24,3.88,192359.87
2018-10-22,4.24,4.37,4.46,4.23,254101.66
2018-10-23,4.4,4.35,4.51,4.31,228790.73
2018-10-24,4.36,4.38,4.41,4.28,187370.76
2018-10-25,4.19,4.32,4.34,4.13,151131.35
2018-10-26,4.35,4.39,4.53,4.34,246948.55
2018-10-29,4.38,4.25,4.44,4.23,137464.52
2018-10-30,4.24,4.3,4.35,4.21,111478.42
2018-10-31,4.31,4.37,4.4,4.31,115287.87
2018-11-01,4.42,4.34,4.44,4.33,149151.86
2018-11-02,4.39,4.43,4.44,4.36,143410.08
2018-11-05,4.41,4.42,4.44,4.35,134954.18
2018-11-06,4.38,4.41,4.42,4.35,108699.83
2018-11-07,4.42,4.38,4.44,4.36,123900.12
2018-11-08,4.4,4.38,4.44,4.38,114317.44
2018-11-09,4.36,4.33,4.4,4.33,85365.36
2018-11-12,4.3,4.42,4.44,4.28,97065.74
2018-11-13,4.39,4.55,4.67,4.35,228338.98
2018-11-14,4.52,4.56,4.65,4.51,161366.4
2018-11-15,4.51,4.74,4.77,4.51,306842.63
2018-11-16,4.72,4.75,4.84,4.69,325775.24
2018-11-19,4.88,5.0,5.12,4.75,432552.01
2018-11-20,4.87,4.73,4.91,4.71,293993.88
2018-11-21,4.72,4.84,4.92,4.64,219801.18
2018-11-22,4.85,4.78,4.85,4.69,134112.33
2018-11-23,4.77,4.54,4.8,4.52,156535.01
2018-11-26,4.55,4.56,4.63,4.52,100963.2
2018-11-27,4.6,4.56,4.62,4.53,66920.44
2018-11-28,4.56,4.59,4.63,4.45,115908.57
2018-11-29,4.69,4.6,4.82,4.58,186584.96
2018-11-30,4.51,4.64,4.64,4.5,101716.47
2018-12-03,4.76,4.77,4.89,4.69,221379.03
2018-12-04,4.77,4.81,4.86,4.73,158845.3
2018-12-05,4.74,4.88,4.94,4.71,250817.77
2018-12-06,4.81,4.86,4.97,4.78,198712.86
2018-12-07,4.84,4.92,5.06,4.84,246100.33
2018-12-10,4.87,4.85,4.94,4.76,161816.32
2018-12-11,4.87,5.11,5.24,4.84,479709.15
2018-12-12,5.07,5.05,5.16,4.96,368575.51
2018-12-13,5.06,5.03,5.1,4.93,224103.6
2018-12-14,5.01,4.93,5.07,4.87,233705.37
2018-12-17,4.99,5.0,5.05,4.93,223739.49
2018-12-18,4.93,4.71,4.96,4.63,318048.89
2018-12-19,4.7,4.73,4.76,4.67,138599.1
2018-12-20,4.69,4.69,4.74,4.65,108759.5
2018-12-21,4.66,4.64,4.69,4.59,103060.96
2018-12-24,4.64,4.59,4.66,4.54,104254.0
2018-12-25,4.5,4.45,4.51,4.33,116802.05
2018-12-26,4.44,4.5,4.53,4.44,81840.1
2018-12-27,4.56,4.44,4.59,4.44,69608.86
2018-12-28,4.5,4.46,4.5,4.44,50263.23
2019-01-02,4.46,4.44,4.52,4.39,63229.64
2019-01-03,4.44,4.44,4.49,4.4,53549.58
2019-01-04,4.38,4.53,4.55,4.36,84868.77
2019-01-07,4.61,4.6,4.63,4.55,122466.32
2019-01-08,4.62,4.58,4.62,4.57,76982.99
2019-01-09,4.63,4.62,4.68,4.6,122083.67
2019-01-10,4.62,4.56,4.64,4.56,72266.0
2019-01-11,4.58,4.63,4.64,4.56,72307.16
2019-01-14,4.62,4.56,4.62,4.55,63213.46
2019-01-15,4.55,4.62,4.62,4.5,82037.03
2019-01-16,4.62,4.64,4.66,4.57,98535.32
2019-01-17,4.63,4.53,4.63,4.52,94829.81
2019-01-18,4.54,4.62,4.69,4.51,102470.86
2019-01-21,4.63,4.61,4.68,4.59,119751.43
2019-01-22,4.62,4.55,4.63,4.52,65078.89
2019-01-23,4.52,4.52,4.58,4.5,48932.15
2019-01-24,4.52,4.54,4.59,4.48,75420.62
2019-01-25,4.56,4.54,4.6,4.52,77820.46
2019-01-28,4.56,4.49,4.58,4.48,81225.47
2019-01-29,4.49,4.44,4.51,4.39,70760.75
2019-01-30,4.41,4.47,4.53,4.41,67380.0
2019-01-31,4.46,4.43,4.51,4.4,72829.58
2019-02-01,4.46,4.55,4.56,4.45,77252.54
2019-02-11,4.54,4.65,4.65,4.52,114998.93
2019-02-12,4.65,4.75,4.78,4.62,151002.95
2019-02-13,4.75,4.81,4.84,4.7,187579.62
2019-02-14,4.81,4.86,4.92,4.78,168671.56
2019-02-15,4.86,4.8,4.87,4.76,139589.44
2019-02-18,4.87,4.99,5.0,4.85,208498.55
2019-02-19,5.21,5.03,5.27,4.95,498911.89
2019-02-20,5.03,4.92,5.03,4.87,229301.81
2019-02-21,4.91,4.87,4.94,4.84,172806.64
2019-02-22,4.87,4.93,4.93,4.84,150320.88
2019-02-25,4.98,5.14,5.16,4.95,378556.31
2019-02-26,5.15,5.1,5.21,5.05,342806.76
2019-02-27,5.08,5.13,5.23,5.08,281649.03
2019-02-28,5.14,5.25,5.37,5.14,374599.5
2019-03-01,5.26,5.27,5.31,5.12,237524.01
2019-03-04,5.27,5.37,5.47,5.24,406670.57
2019-03-05,5.34,5.46,5.5,5.3,303846.45
2019-03-06,5.43,5.47,5.47,5.36,345469.56
2019-03-07,5.44,5.49,5.53,5.41,288115.59
2019-03-08,5.43,5.12,5.43,5.09,403225.73
2019-03-11,5.12,5.23,5.24,5.08,217908.15
2019-03-12,5.26,5.32,5.38,5.23,254798.29
2019-03-13,5.31,5.36,5.44,5.24,331774.4
2019-03-14,5.35,5.17,5.41,5.09,262106.4
2019-03-15,5.21,5.49,5.59,5.15,589677.53
2019-03-18,5.43,5.78,6.01,5.37,595740.72
2019-03-19,5.68,5.6,5.75,5.56,408979.7
2019-03-20,5.55,5.6,5.63,5.43,334633.72
2019-03-21,5.64,5.66,5.74,5.6,419435.57
2019-03-22,5.64,5.84,5.88,5.54,433172.03
2019-03-25,5.68,5.89,6.11,5.65,556422.13
2019-03-26,5.8,5.61,5.87,5.55,335610.69
2019-03-27,5.61,5.63,5.67,5.51,186328.81
2019-03-28,5.62,5.64,5.82,5.54,230862.77
2019-03-29,5.68,5.81,5.87,5.62,342032.85
2019-04-01,5.9,6.03,6.05,5.83,434472.65
2019-04-02,6.04,6.02,6.26,6.02,412847.92
2019-04-03,5.99,6.17,6.23,5.94,353487.98
2019-04-04,6.19,6.14,6.22,6.05,285909.24
2019-04-08,6.24,6.11,6.26,5.97,292590.09
2019-04-09,6.1,6.11,6.18,6.03,203004.57
2019-04-10,6.08,6.03,6.11,5.98,175585.16
2019-04-11,6.03,5.92,6.08,5.9,170833.67
2019-04-12,5.93,5.96,5.98,5.87,122194.68
2019-04-15,6.05,5.84,6.07,5.82,216588.0
2019-04-16,5.81,5.89,5.91,5.68,222559.6
2019-04-17,5.87,5.84,5.9,5.81,131078.67
2019-04-18,5.83,5.78,5.87,5.76,122873.48
2019-04-19,5.78,5.77,5.81,5.68,101516.1
2019-04-22,5.8,5.62,5.81,5.61,135008.85
2019-04-23,5.62,5.56,5.66,5.54,91525.5
2019-04-24,5.56,5.59,5.61,5.46,102189.74
2019-04-25,5.57,5.32,5.58,5.3,129151.01
2019-04-26,5.34,5.28,5.37,5.28,92958.05
2019-04-29,5.29,5.25,5.34,5.16,106763.76
2019-04-30,5.23,5.25,5.38,5.23,77196.4
2019-05-06,5.12,4.8,5.12,4.73,192234.46
2019-05-07,4.83,4.91,4.92,4.78,105815.98
2019-05-08,4.84,4.86,4.95,4.75,75068.02
2019-05-09,4.8,4.8,4.9,4.79,71122.33
2019-05-10,4.81,4.93,4.96,4.76,111488.55
2019-05-13,4.87,4.89,4.96,4.85,72265.99
2019-05-14,4.83,4.84,4.91,4.78,69680.87
2019-05-15,4.85,4.93,4.93,4.85,113074.91
2019-05-16,4.91,4.96,4.96,4.88,100129.0
2019-05-17,4.95,4.81,4.96,4.78,86379.0
2019-05-20,4.82,4.77,4.84,4.71,50047.21
2019-05-21,4.76,4.84,4.85,4.76,59378.45
2019-05-22,4.84,4.78,4.84,4.76,51200.51
2019-05-23,4.8,4.65,4.81,4.63,75958.83
2019-05-24,4.67,4.75,4.77,4.65,74923.66
2019-05-27,4.71,4.96,4.96,4.69,162217.01
2019-05-28,4.92,4.87,4.96,4.84,125885.4
2019-05-29,4.82,4.83,4.87,4.79,82053.63
2019-05-30,4.81,4.73,4.81,4.68,76334.56
2019-05-31,4.77,4.73,4.77,4.7,47917.99
2019-06-03,4.73,4.73,4.76,4.69,53424.31
2019-06-04,4.73,4.69,4.73,4.67,48239.1
2019-06-05,4.74,4.72,4.76,4.69,49519.02
2019-06-06,4.73,4.68,4.76,4.65,57332.54
2019-06-10,4.68,4.75,4.77,4.67,57735.38
2019-06-11,4.78,4.87,4.87,4.75,78817.56
2019-06-12,4.83,4.84,4.98,4.81,71703.55
2019-06-13,4.81,4.84,4.86,4.8,45818.09
2019-06-14,4.82,4.81,4.87,4.78,40704.34
2019-06-17,4.8,4.85,4.88,4.78,44623.0
2019-06-18,4.84,4.83,4.87,4.78,54321.37
2019-06-19,4.93,4.87,4.93,4.86,70341.92
2019-06-20,4.88,4.94,4.99,4.84,89475.35
2019-06-21,4.97,4.98,5.04,4.95,81228.22
2019-06-24,4.97,4.97,5.01,4.95,54101.46
2019-06-25,4.99,4.93,4.99,4.86,54290.53
2019-06-26,4.94,4.9,4.95,4.88,38498.2
2019-06-27,4.92,4.92,4.97,4.9,39777.73
2019-06-28,4.92,4.86,4.92,4.83,42364.9
2019-07-01,4.94,4.97,4.98,4.89,87916.9
2019-07-02,4.97,4.95,4.97,4.92,56994.54
2019-07-03,4.96,4.95,4.99,4.92,64887.95
2019-07-04,4.95,5.02,5.07,4.95,113280.47
2019-07-05,5.03,5.0,5.03,4.97,54041.66
2019-07-08,4.99,4.86,4.99,4.8,80511.08
2019-07-09,4.81,4.84,4.88,4.8,40520.14
2019-07-10,4.84,4.8,4.86,4.8,44437.18
2019-07-11,4.81,4.81,4.85,4.78,26794.0
2019-07-12,4.8,4.82,4.84,4.8,29215.98
2019-07-15,4.8,4.82,4.85,4.7,55593.06
2019-07-16,4.82,4.86,4.87,4.82,34211.99
2019-07-17,4.87,4.86,4.88,4.82,29546.21
2019-07-18,4.84,4.77,4.84,4.76,35420.65
2019-07-19,4.81,4.89,5.0,4.77,137551.25
2019-07-22,4.86,4.72,4.86,4.72,89248.27
2019-07-23,4.71,4.76,4.81,4.7,44147.67
2019-07-24,4.72,4.89,4.93,4.72,115456.23
2019-07-25,4.89,4.85,4.89,4.8,111341.68
2019-07-26,4.8,4.78,4.81,4.72,58684.49
2019-07-29,4.77,4.75,4.79,4.73,30489.03
2019-07-30,4.75,4.74,4.8,4.72,41148.85
2019-07-31,4.73,4.72,4.74,4.7,43299.97
2019-08-01,4.7,4.68,4.72,4.67,37212.86
2019-08-02,4.61,4.57,4.62,4.49,64458.46
2019-08-05,4.52,4.56,4.63,4.48,42191.0
2019-08-06,4.43,4.39,4.54,4.31,68678.45
2019-08-07,4.43,4.41,4.43,4.38,35318.37
2019-08-08,4.41,4.42,4.44,4.39,28978.5
2019-08-09,4.42,4.41,4.44,4.37,21934.14
2019-08-12,4.35,4.44,4.44,4.35,24508.88
2019-08-13,4.41,4.41,4.47,4.39,24240.57
2019-08-14,4.46,4.4,4.48,4.39,48145.47
2019-08-15,4.32,4.34,4.36,4.31,63873.03
2019-08-16,4.32,4.39,4.47,4.31,65072.63
2019-08-19,4.82,4.82,4.82,4.82,61610.88
2019-08-20,5.25,4.94,5.25,4.89,648221.21
2019-08-21,4.85,4.89,4.97,4.71,362961.04
2019-08-22,4.92,4.95,5.05,4.9,342059.67
2019-08-23,4.94,4.84,4.94,4.82,176676.12
2019-08-26,4.68,4.8,4.81,4.66,140087.02
2019-08-27,4.81,4.79,4.85,4.76,145300.16
2019-08-28,4.76,4.78,4.79,4.72,102371.66
2019-08-29,4.75,4.83,4.95,4.73,191575.64
2019-08-30,4.84,4.72,4.87,4.69,128738.04
2019-09-02,4.72,4.79,4.84,4.69,106693.14
2019-09-03,4.77,4.86,5.02,4.76,206440.51
2019-09-04,4.82,5.03,5.14,4.8,421665.66
2019-09-05,4.99,4.93,5.05,4.91,298355.3
2019-09-06,4.93,4.94,5.04,4.92,162648.59
2019-09-09,4.98,4.97,4.98,4.9,153097.31
2019-09-10,4.96,4.96,4.99,4.9,131332.96
2019-09-11,4.96,4.9,4.97,4.89,99774.02
2019-09-12,4.91,4.94,4.97,4.9,100397.24
2019-09-16,4.95,4.89,4.95,4.87,88414.15
2019-09-17,4.9,4.78,4.9,4.77,76603.17
2019-09-18,4.78,4.78,4.81,4.78,49065.44
2019-09-19,4.78,4.76,4.81,4.72,62087.54
2019-09-20,4.75,4.74,4.79,4.72,51745.06
2019-09-23,4.76,4.8,4.81,4.64,136997.47
2019-09-24,4.75,4.71,4.8,4.71,85227.33
2019-09-25,4.76,4.69,4.79,4.68,101266.42
2019-09-26,4.68,4.55,4.72,4.54,106007.98
2019-09-27,4.56,4.55,4.56,4.53,57091.9
2019-09-30,4.54,4.48,4.56,4.48,40795.17
2019-10-08,4.49,4.51,4.55,4.47,42646.54
2019-10-09,4.48,4.57,4.59,4.48,55301.23
2019-10-10,4.57,4.56,4.59,4.54,45179.3
2019-10-11,4.57,4.59,4.6,4.54,44224.66
2019-10-14,4.62,4.65,4.68,4.6,63324.73
2019-10-15,4.65,4.65,4.7,4.6,57875.3
2019-10-16,4.64,4.63,4.71,4.6,93380.29
2019-10-17,4.63,4.6,4.64,4.59,31862.95
2019-10-18,4.6,4.51,4.61,4.49,52872.92
2019-10-21,4.53,4.52,4.53,4.48,41958.38
2019-10-22,4.52,4.56,4.56,4.5,33220.02
2019-10-23,4.54,4.54,4.57,4.48,45777.0
2019-10-24,4.53,4.54,4.55,4.49,30760.94
2019-10-25,4.54,4.56,4.57,4.51,30539.31
2019-10-28,4.58,4.63,4.63,4.56,62913.84
2019-10-29,4.64,4.58,4.64,4.58,31770.33
2019-10-30,4.61,4.65,4.72,4.61,133783.77
2019-10-31,4.64,4.66,4.67,4.59,74731.45
2019-11-01,4.66,4.78,4.79,4.61,137652.33
2019-11-04,4.79,4.72,4.83,4.67,86508.1
2019-11-05,4.72,4.69,4.74,4.64,53267.45
2019-11-06,4.71,4.67,4.71,4.63,46271.91
2019-11-07,4.65,4.65,4.7,4.64,32754.88
2019-11-08,4.69,4.71,4.77,4.68,71865.82
2019-11-11,4.65,4.58,4.68,4.58,52030.05
2019-11-12,4.57,4.57,4.63,4.55,39207.25
2019-11-13,4.61,4.52,4.61,4.51,38601.0
2019-11-14,4.56,4.55,4.57,4.52,34619.73
2019-11-15,4.53,4.51,4.55,4.46,50569.25
2019-11-18,4.5,4.53,4.56,4.47,40357.45
2019-11-19,4.53,4.6,4.6,4.5,37517.16
2019-11-20,4.6,4.56,4.6,4.54,39580.92
2019-11-21,4.56,4.54,4.57,4.51,31148.15
2019-11-22,4.56,4.56,4.62,4.52,48495.51
2019-11-25,4.56,4.64,4.65,4.53,63296.29
2019-11-26,4.64,4.58,4.64,4.56,44600.0
2019-11-27,4.58,4.58,4.63,4.56,38321.87
2019-11-28,4.59,4.57,4.61,4.56,27472.95
2019-11-29,4.58,4.56,4.6,4.53,41623.09
2019-12-02,4.56,4.6,4.75,4.54,130290.51
2019-12-03,4.57,4.59,4.62,4.55,63030.46
2019-12-04,4.57,4.58,4.59,4.54,62324.74
2019-12-05,4.59,4.59,4.61,4.56,54336.02
2019-12-06,4.59,4.63,4.63,4.57,63620.14
2019-12-09,4.63,4.65,4.68,4.62,82527.67
2019-12-10,4.67,4.64,4.67,4.6,56236.09
2019-12-11,4.67,4.72,4.73,4.61,140023.37
2019-12-12,4.68,4.61,4.68,4.6,99830.28
2019-12-13,4.63,4.66,4.68,4.62,85651.24
2019-12-16,4.69,4.72,4.73,4.65,95717.83
2019-12-17,4.72,4.8,4.86,4.7,175385.76
2019-12-18,4.8,4.78,4.84,4.78,90776.7
2019-12-19,4.8,4.81,4.82,4.78,69219.66
2019-12-20,4.8,4.79,4.88,4.78,88651.69
2019-12-23,4.79,4.68,4.8,4.68,82107.01
2019-12-24,4.71,4.7,4.72,4.66,57879.6
2019-12-25,4.7,4.67,4.7,4.63,72595.57
2019-12-26,4.68,4.72,4.74,4.64,81825.63
2019-12-27,4.72,4.7,4.77,4.69,78892.6
2019-12-30,4.68,4.74,4.76,4.68,89981.41
2019-12-31,4.76,4.78,4.79,4.72,61604.0
2020-01-02,4.84,4.81,4.86,4.79,124751.76
2020-01-03,4.81,4.89,4.94,4.8,165651.93
2020-01-06,4.86,4.87,4.9,4.81,107137.35
2020-01-07,4.87,4.89,4.93,4.85,87271.72
2020-01-08,4.89,4.8,4.89,4.8,107198.39
2020-01-09,4.84,4.88,4.91,4.81,80927.78
2020-01-10,4.89,4.87,4.96,4.84,134646.41
2020-01-13,4.88,4.93,4.94,4.83,114748.68
2020-01-14,4.95,4.9,4.95,4.88,100943.8
2020-01-15,4.9,4.88,4.91,4.8,89293.87
2020-01-16,4.88,4.8,4.88,4.79,83725.65
2020-01-17,4.82,4.77,4.83,4.76,49449.61
2020-01-20,4.76,4.79,4.8,4.72,80797.53
2020-01-21,4.78,4.67,4.79,4.63,122710.13
2020-01-22,4.67,4.69,4.7,4.61,75828.95
2020-01-23,4.66,4.53,4.66,4.49,132357.1
2020-02-03,4.07,4.07,4.07,4.07,38263.0
2020-02-04,3.75,3.96,4.03,3.75,153383.33
2020-02-05,3.97,4.01,4.11,3.94,111011.51
2020-02-06,4.04,4.06,4.07,3.96,92274.38
2020-02-07,4.07,4.03,4.08,3.98,114679.52
2020-02-10,3.98,4.09,4.1,3.97,98488.52
2020-02-11,4.08,4.15,4.23,4.08,141387.11
2020-02-12,4.16,4.16,4.19,4.1,85351.42
2020-02-13,4.18,4.15,4.26,4.11,96054.45
2020-02-14,4.15,4.21,4.23,4.12,92986.82
2020-02-17,4.2,4.31,4.32,4.19,123889.03
2020-02-18,4.3,4.29,4.35,4.26,101741.47
2020-02-19,4.3,4.31,4.39,4.27,122998.11
2020-02-20,4.31,4.35,4.37,4.28,106733.32
2020-02-21,4.32,4.36,4.39,4.31,108504.29
2020-02-24,4.31,4.3,4.34,4.24,144356.32
2020-02-25,4.23,4.23,4.26,4.12,153985.9
2020-02-26,4.15,4.31,4.43,4.15,224285.21
2020-02-27,4.33,4.27,4.37,4.23,112834.48
2020-02-28,4.19,4.13,4.27,4.08,139281.66
2020-03-02,4.13,4.3,4.33,4.13,153520.44
2020-03-03,4.35,4.51,4.63,4.26,269900.64
2020-03-04,4.51,4.55,4.64,4.36,387180.13
2020-03-05,4.46,4.54,4.57,4.44,252866.77
2020-03-06,4.5,4.41,4.51,4.4,159900.83
2020-03-09,4.35,4.28,4.38,4.27,156353.43
2020-03-10,4.23,4.32,4.37,4.2,153994.26
2020-03-11,4.35,4.35,4.4,4.29,155594.9
2020-03-12,4.31,4.25,4.31,4.23,114936.75
2020-03-13,4.02,4.26,4.29,4.02,167326.83
2020-03-16,4.32,4.23,4.48,4.2,251464.27
2020-03-17,4.23,4.17,4.32,4.1,158157.48
2020-03-18,4.19,4.07,4.26,4.06,130662.84
2020-03-19,4.06,4.07,4.13,3.98,100723.35
2020-03-20,4.12,4.12,4.15,4.06,86336.51
2020-03-23,4.02,3.97,4.07,3.94,90296.4
2020-03-24,4.0,4.03,4.07,3.97,91821.41
2020-03-25,4.1,4.13,4.18,4.02,149640.92
2020-03-26,4.11,4.05,4.11,4.03,83368.92
2020-03-27,4.1,4.08,4.15,4.05,119767.05
2020-03-30,4.07,4.02,4.07,3.97,89247.93
2020-03-31,4.06,3.99,4.06,3.96,83251.07
2020-04-01,3.98,3.95,4.04,3.92,66823.54
2020-04-02,3.95,4.02,4.02,3.92,83806.6
2020-04-03,4.01,4.22,4.33,3.96,236371.87
2020-04-07,4.15,4.19,4.23,4.12,190892.78
2020-04-08,4.15,4.14,4.17,4.12,98899.71
2020-04-09,4.16,4.16,4.22,4.15,94042.66
2020-04-10,4.18,4.18,4.2,4.12,108354.62
2020-04-13,4.16,4.11,4.16,4.08,80185.0
2020-04-14,4.15,4.17,4.2,4.12,96383.13
2020-04-15,4.15,4.12,4.16,4.12,64598.72
2020-04-16,4.12,4.13,4.15,4.1,87141.45
2020-04-17,4.15,4.13,4.16,4.1,84154.79
2020-04-20,4.12,4.15,4.15,4.09,84890.38
2020-04-21,4.13,4.13,4.14,4.06,82383.81
2020-04-22,4.1,4.54,4.54,4.06,477934.97
2020-04-23,4.52,4.55,4.64,4.45,361607.47
2020-04-24,4.6,4.54,4.7,4.5,338573.39
2020-04-27,4.59,4.5,4.66,4.48,216733.0
2020-04-28,4.51,4.36,4.56,4.33,180130.81
2020-04-29,4.39,4.41,4.42,4.3,109545.67
2020-04-30,4.38,4.45,4.48,4.38,120552.8
2020-05-06,4.42,4.43,4.46,4.33,131957.82
2020-05-07,4.44,4.4,4.45,4.35,140618.2
2020-05-08,4.43,4.4,4.43,4.39,75699.53
2020-05-11,4.39,4.4,4.43,4.39,79487.9
2020-05-12,4.41,4.36,4.44,4.36,64270.26
2020-05-13,4.35,4.39,4.4,4.27,106915.67
2020-05-14,4.37,4.38,4.48,4.28,121560.36
2020-05-15,4.43,4.39,4.55,4.39,168821.34
2020-05-18,4.38,4.32,4.38,4.3,104423.26
2020-05-19,4.34,4.31,4.37,4.31,67717.07
2020-05-20,4.34,4.31,4.34,4.28,78342.01
2020-05-21,4.3,4.27,4.32,4.27,64666.95
2020-05-22,4.26,4.17,4.28,4.16,86031.71
2020-05-25,4.17,4.21,4.23,4.14,43677.71
2020-05-26,4.22,4.3,4.34,4.21,109947.57
2020-05-27,4.28,4.27,4.3,4.25,55290.44
2020-05-28,4.29,4.29,4.34,4.23,64477.85
2020-05-29,4.27,4.29,4.36,4.25,77826.85
2020-06-01,4.32,4.34,4.36,4.3,116589.79
2020-06-02,4.37,4.5,4.66,4.36,289074.47
2020-06-03,4.46,4.58,4.69,4.42,301831.08
2020-06-04,4.55,4.56,4.68,4.52,186693.17
2020-06-05,4.55,4.53,4.62,4.5,118678.78
2020-06-08,4.56,4.64,4.77,4.5,245556.28
2020-06-09,4.62,4.53,4.62,4.53,139947.15
2020-06-10,4.56,4.63,4.68,4.53,158473.29
2020-06-11,4.61,4.57,4.71,4.55,185046.88
2020-06-12,4.5,4.72,4.79,4.47,405789.65
2020-06-15,4.79,5.2,5.2,4.74,607707.08
2020-06-16,5.33,5.45,5.59,5.13,914792.57
2020-06-17,5.36,5.42,5.8,5.27,785454.31
2020-06-18,5.44,5.57,5.8,5.42,752964.6
2020-06-19,5.43,5.56,5.6,5.33,537405.36
2020-06-22,5.58,5.58,5.69,5.44,434114.57
2020-06-23,5.56,5.73,5.93,5.49,606091.84
2020-06-24,5.77,5.82,5.87,5.58,469142.47
2020-06-29,5.78,6.05,6.18,5.71,623050.45
2020-06-30,6.0,6.26,6.3,5.94,570091.73
2020-07-01,6.15,6.88,6.88,6.12,1057800.82
2020-07-02,7.09,6.87,7.53,6.79,1421461.14
2020-07-03,6.87,6.9,7.03,6.67,881687.21
2020-07-06,6.83,7.06,7.28,6.81,1113865.8
2020-07-07,6.99,7.06,7.43,6.92,987912.51
2020-07-08,6.94,7.03,7.03,6.73,778931.86
2020-07-09,7.04,7.17,7.29,6.99,805824.15
2020-07-10,7.17,7.86,7.89,7.17,1194196.41
2020-07-13,7.86,8.39,8.42,7.58,1343326.21
2020-07-14,8.22,7.99,8.41,7.82,852146.76
2020-07-15,7.97,7.19,7.97,7.19,720553.09
2020-07-16,6.94,6.57,7.11,6.51,766442.41
2020-07-17,6.53,6.56,6.64,6.29,482524.16
2020-07-20,6.6,6.78,6.86,6.6,437542.96
2020-07-21,6.82,7.11,7.16,6.71,558489.68
2020-07-22,6.96,6.98,7.27,6.86,638961.77
2020-07-23,6.84,6.73,6.94,6.56,390333.06
2020-07-24,6.74,6.72,7.26,6.71,688867.47
2020-07-27,6.65,6.65,6.85,6.48,367199.02
2020-07-28,6.74,6.63,6.8,6.56,279972.84
2020-07-29,6.64,6.92,6.94,6.54,396943.33
2020-07-30,6.98,7.12,7.24,6.85,566904.33
2020-07-31,7.09,7.61,7.69,6.98,644414.8
2020-08-03,7.9,8.37,8.37,7.72,978090.12
2020-08-04,8.64,8.3,9.09,8.28,1236809.32
2020-08-05,8.1,8.1,8.53,7.53,751889.7
2020-08-06,8.05,7.86,8.32,7.78,591253.12
2020-08-07,7.77,7.67,7.96,7.51,517468.56
2020-08-10,7.58,7.86,8.08,7.38,607499.53
2020-08-11,7.86,7.37,7.97,7.33,540566.21
2020-08-12,7.42,7.47,7.72,7.35,431048.91
2020-08-13,7.48,7.41,7.5,7.21,267856.81
2020-08-14,7.38,7.49,7.52,7.33,245723.49
2020-08-17,7.49,7.68,7.74,7.39,371658.36
2020-08-18,7.68,7.79,7.87,7.48,488633.72
2020-08-19,7.79,7.53,7.97,7.53,474917.91
2020-08-20,7.37,6.78,7.42,6.78,615611.22
2020-08-21,6.71,6.78,6.93,6.62,390810.98
2020-08-24,6.8,6.66,6.8,6.5,319239.59
2020-08-25,6.7,6.55,6.77,6.49,308988.49
2020-08-26,6.56,5.93,6.58,5.9,705629.11
2020-08-27,5.96,5.93,6.3,5.83,494265.59
2020-08-28,5.93,5.96,6.01,5.8,330635.79
2020-08-31,5.97,5.87,6.06,5.86,279620.89
2020-09-01,5.83,5.81,5.86,5.68,306055.02
2020-09-02,5.82,5.7,5.86,5.67,198942.1
2020-09-03,5.68,5.59,5.76,5.57,284058.14
2020-09-04,5.54,5.66,5.7,5.45,226727.42
2020-09-07,5.66,5.54,5.74,5.5,241063.06
2020-09-08,5.54,5.56,5.59,5.44,190321.82
2020-09-09,5.5,5.35,5.54,5.34,215798.79
2020-09-10,5.43,5.25,5.48,5.2,213525.97
2020-09-11,5.25,5.38,5.39,5.23,172705.26
2020-09-14,5.39,5.33,5.4,5.24,171019.5
2020-09-15,5.32,5.39,5.44,5.29,161368.76
2020-09-16,5.38,5.42,5.44,5.31,170929.87
2020-09-17,5.4,5.4,5.45,5.33,145234.84
2020-09-18,5.39,5.94,5.94,5.38,665557.34
2020-09-21,5.93,5.79,5.97,5.79,470491.74
2020-09-22,5.77,5.66,5.82,5.65,228647.0
2020-09-23,5.7,5.86,6.1,5.62,447987.98
2020-09-24,5.89,5.87,5.93,5.77,259943.53
2020-09-25,5.9,5.68,5.93,5.66,193426.17
2020-09-28,5.93,5.71,5.93,5.68,210074.63
2020-09-29,5.67,5.94,6.02,5.64,314071.18
2020-09-30,5.93,5.91,6.05,5.79,262248.02
2020-10-09,6.04,6.3,6.35,5.97,422996.49
2020-10-12,6.43,6.56,6.69,6.35,677005.33
2020-10-13,6.53,6.52,6.54,6.38,312306.38
2020-10-14,6.5,5.87,6.52,5.87,701778.97
2020-10-15,5.79,5.66,5.82,5.61,357184.48
2020-10-16,5.65,5.7,5.71,5.58,212041.24
2020-10-19,5.7,5.71,5.87,5.7,173834.37
2020-10-20,5.68,5.68,5.69,5.6,107299.31
2020-10-21,5.66,5.6,5.68,5.57,105764.91
2020-10-22,5.58,5.6,5.62,5.53,80608.95
2020-10-23,5.59,5.48,5.62,5.48,139957.95
2020-10-26,5.46,5.41,5.48,5.36,97192.97
2020-10-27,5.39,5.35,5.4,5.31,97012.04
2020-10-28,5.35,5.29,5.36,5.26,82666.05
2020-10-29,5.26,5.36,5.41,5.23,110408.57
2020-10-30,5.38,5.25,5.4,5.25,96775.39
2020-11-02,5.26,5.3,5.37,5.24,69325.53
2020-11-03,5.36,5.4,5.43,5.31,85130.39
2020-11-04,5.4,5.34,5.42,5.29,81939.89
2020-11-05,5.36,5.45,5.48,5.34,125926.14
2020-11-06,5.45,5.36,5.45,5.34,79367.21
2020-11-09,5.36,5.47,5.55,5.35,340339.56
2020-11-10,5.46,5.31,5.46,5.29,196699.8
2020-11-11,5.28,5.28,5.35,5.26,104428.0
2020-11-12,5.27,5.27,5.31,5.25,62942.02
2020-11-13,5.26,5.21,5.26,5.19,96442.01
2020-11-16,5.2,5.25,5.27,5.16,98253.61
2020-11-17,5.24,5.32,5.35,5.2,142308.5
2020-11-18,5.3,5.34,5.36,5.27,105937.87
2020-11-19,5.31,5.3,5.33,5.27,68807.15
2020-11-20,5.3,5.3,5.32,5.27,60921.28
2020-11-23,5.3,5.3,5.35,5.24,147243.63
2020-11-24,5.33,5.27,5.34,5.27,98847.0
2020-11-25,5.28,5.22,5.34,5.22,118792.0
2020-11-26,5.2,5.17,5.22,5.15,93863.8
2020-11-27,5.17,5.23,5.23,5.16,82982.01
2020-11-30,5.22,5.26,5.37,5.21,164171.89
2020-12-01,5.25,5.3,5.31,5.2,113649.44
2020-12-02,5.32,5.36,5.37,5.27,189605.76
2020-12-03,5.34,5.35,5.37,5.29,105420.44
2020-12-04,5.34,5.29,5.35,5.27,82105.92
2020-12-07,5.29,5.21,5.31,5.19,79479.72
2020-12-08,5.22,5.18,5.24,5.17,57241.75
2020-12-09,5.18,5.07,5.2,5.06,67644.06
2020-12-10,5.08,5.01,5.08,5.0,71665.5
2020-12-11,5.02,4.89,5.04,4.84,88241.08
2020-12-14,4.89,4.93,4.97,4.86,51863.16
2020-12-15,4.94,5.05,5.05,4.9,62833.86
2020-12-16,5.04,5.04,5.13,4.98,86235.67
2020-12-17,5.04,5.07,5.07,4.92,53757.86
2020-12-18,5.02,5.07,5.08,5.02,58599.83
2020-12-21,5.05,5.04,5.07,5.0,50927.91
2020-12-22,5.02,4.98,5.02,4.88,85750.18
2020-12-23,4.94,5.4,5.4,4.88,202990.74
2020-12-24,5.25,5.25,5.33,5.13,160234.85
2020-12-25,5.19,5.19,5.27,5.17,67918.09
2020-12-28,5.16,5.05,5.19,5.03,70810.0
2020-12-29,5.05,5.08,5.19,5.03,55795.67
2020-12-30,5.06,5.09,5.12,5.02,46516.06
2020-12-31,5.1,5.15,5.22,5.07,69448.18
2021-01-04,5.18,5.07,5.18,5.05,81326.68
2021-01-05,5.05,5.0,5.07,4.95,85325.33
2021-01-06,4.98,4.94,5.01,4.92,71833.77
2021-01-07,4.93,4.8,5.01,4.79,108091.06
2021-01-08,4.79,4.8,4.87,4.67,91080.84
2021-01-11,4.8,4.74,4.86,4.73,77583.07
2021-01-12,4.72,4.72,4.77,4.69,66033.62
2021-01-13,4.71,4.67,4.75,4.61,94631.52
2021-01-14,4.69,4.89,4.93,4.69,161688.35
2021-01-15,4.84,4.86,4.92,4.81,82086.07
2021-01-18,4.82,4.91,4.96,4.82,90086.6
2021-01-19,4.9,5.02,5.11,4.84,153848.61
2021-01-20,4.98,4.91,5.02,4.88,86325.64
2021-01-21,4.88,4.9,4.93,4.86,55154.31
2021-01-22,4.9,4.75,4.9,4.74,91251.26
2021-01-25,4.73,4.67,4.77,4.66,73422.09
2021-01-26,4.68,4.66,4.73,4.64,45153.76
2021-01-27,4.67,4.67,4.74,4.65,50286.79
2021-01-28,4.62,4.63,4.67,4.61,43479.46
2021-01-29,4.64,4.46,4.67,4.42,114645.1
2021-02-01,4.46,4.53,4.55,4.45,47604.31
2021-02-02,4.52,4.56,4.63,4.46,45467.95
2021-02-03,4.55,4.46,4.58,4.46,41880.87
2021-02-04,4.47,4.35,4.48,4.32,54000.67
2021-02-05,4.33,4.41,4.46,4.33,53098.24
2021-02-08,4.4,4.42,4.52,4.38,49628.59
2021-02-09,4.4,4.45,4.46,4.4,44237.88
2021-02-10,4.44,4.46,4.47,4.43,39455.59
2021-02-18,4.48,4.57,4.61,4.48,70781.11
2021-02-19,4.57,4.71,4.73,4.55,95773.66
2021-02-22,4.71,4.78,4.91,4.71,147337.81
2021-02-23,4.78,4.69,4.81,4.68,82594.2
2021-02-24,4.69,4.79,4.8,4.69,105112.52
2021-02-25,4.79,4.95,5.11,4.74,323817.75
2021-02-26,4.86,4.74,4.87,4.74,164241.7
2021-03-01,4.74,4.77,4.8,4.72,63842.5
2021-03-02,4.78,4.7,4.84,4.69,101953.94
2021-03-03,4.69,4.75,4.76,4.67,65130.42
2021-03-04,4.74,4.73,4.8,4.72,73555.12
2021-03-05,4.71,4.76,4.77,4.69,76700.93
2021-03-08,4.78,4.73,4.82,4.73,77597.9
2021-03-09,4.76,4.69,4.81,4.57,115140.96
2021-03-10,4.68,4.59,4.71,4.59,71964.0
2021-03-11,4.59,4.7,4.73,4.59,81602.84
2021-03-12,4.71,4.75,4.78,4.65,89833.72
2021-03-15,4.77,4.86,4.91,4.75,160059.73
2021-03-16,4.86,5.0,5.0,4.81,208545.5
2021-03-17,4.97,5.14,5.28,4.94,356609.04
2021-03-18,5.08,4.92,5.09,4.91,228057.73
2021-03-19,4.91,4.92,4.96,4.84,124545.65
2021-03-22,4.9,4.95,4.97,4.87,84541.06
2021-03-23,4.93,4.85,4.93,4.84,94766.77
2021-03-24,4.85,4.84,4.9,4.83,62977.98
2021-03-25,4.85,4.81,4.87,4.81,49300.36
2021-03-26,4.84,4.89,4.91,4.82,69375.52
2021-03-29,4.9,5.0,5.03,4.85,118325.29
2021-03-30,4.98,4.96,5.0,4.91,73584.55
2021-03-31,4.97,4.94,4.97,4.91,59453.66
2021-04-01,4.93,4.98,5.01,4.9,78890.2
2021-04-02,4.98,4.95,4.99,4.92,54263.21
2021-04-06,4.96,4.97,5.02,4.91,65496.19
2021-04-07,4.97,5.02,5.04,4.94,82477.12
2021-04-08,5.01,4.9,5.02,4.9,86103.06
2021-04-09,4.9,4.89,4.92,4.83,59751.84
2021-04-12,4.87,4.89,4.98,4.81,65861.12
2021-04-13,4.93,4.85,4.95,4.84,57698.45
2021-04-14,4.85,4.91,4.91,4.83,44003.05
2021-04-15,4.89,4.96,5.0,4.88,103403.46
2021-04-16,4.94,5.05,5.08,4.93,142605.16
2021-04-19,5.09,5.04,5.09,5.01,96229.41
2021-04-20,5.06,5.08,5.15,5.02,123278.66
2021-04-21,5.08,5.09,5.16,5.0,104796.14
2021-04-22,5.12,5.07,5.17,5.06,100633.32
2021-04-23,5.07,4.93,5.09,4.92,119488.34
2021-04-26,4.95,4.9,4.99,4.88,116989.36
2021-04-27,4.9,4.84,4.91,4.83,55514.2
2021-04-28,4.85,4.87,4.89,4.83,62586.83
2021-04-29,4.88,4.88,4.91,4.83,49156.0
2021-04-30,4.91,4.95,4.98,4.88,124603.88
2021-05-06,4.96,5.0,5.02,4.91,93767.36
2021-05-07,4.99,4.96,5.02,4.94,68991.68
2021-05-10,4.96,4.91,4.98,4.9,71907.81
2021-05-11,4.91,5.0,5.0,4.87,77397.89
2021-05-12,4.96,4.95,4.98,4.91,59959.24
2021-05-13,4.91,4.93,5.03,4.91,91636.05
2021-05-14,4.92,5.02,5.02,4.92,127813.99
2021-05-17,5.02,4.94,5.04,4.94,92676.37
2021-05-18,4.93,4.98,5.0,4.92,56792.78
2021-05-19,4.97,4.92,4.98,4.91,72281.23
2021-05-20,4.92,4.86,4.92,4.86,77615.12
2021-05-21,4.86,4.87,4.89,4.85,39482.0
2021-05-24,4.87,4.8,4.88,4.79,97364.79
2021-05-25,4.8,4.83,4.84,4.77,76178.67
2021-05-26,4.82,4.87,4.9,4.81,83930.41
2021-05-27,4.87,4.88,4.9,4.85,64217.8
2021-05-28,4.88,4.86,4.9,4.84,78194.12
2021-05-31,4.88,4.83,4.88,4.82,57447.41
2021-06-01,4.85,4.85,4.86,4.8,59664.62
2021-06-02,4.86,4.81,4.86,4.8,58093.43
2021-06-03,4.82,4.87,4.91,4.8,118617.42
2021-06-04,4.85,4.82,4.88,4.81,88101.59
2021-06-07,4.85,4.8,4.86,4.8,57162.4
2021-06-08,4.83,4.77,4.83,4.77,60572.0
2021-06-09,4.79,4.8,4.8,4.77,43106.1
2021-06-10,4.78,4.78,4.8,4.77,53963.37
2021-06-11,4.78,4.75,4.79,4.73,63809.16
2021-06-15,4.75,4.73,4.77,4.7,51548.3
2021-06-16,4.74,4.73,4.76,4.71,37527.22
2021-06-17,4.74,4.76,4.79,4.73,54048.97
2021-06-18,4.77,4.81,4.83,4.75,67875.76
2021-06-21,4.78,4.81,4.83,4.78,49557.43
2021-06-22,4.81,4.82,4.86,4.79,78342.14
2021-06-23,4.84,4.8,4.85,4.78,71191.0
2021-06-24,4.8,4.79,4.81,4.77,45376.44
2021-06-25,4.8,4.78,4.8,4.77,63926.51
2021-06-28,4.78,4.78,4.83,4.77,55387.77
2021-06-29,4.78,4.8,4.83,4.77,56624.67
2021-06-30,4.81,4.78,4.81,4.76,45579.34
2021-07-01,4.78,4.77,4.8,4.75,52524.41
2021-07-02,4.76,4.7,4.78,4.67,66180.96
2021-07-05,4.68,4.67,4.71,4.64,51218.94
2021-07-06,4.68,4.65,4.69,4.62,85449.55
2021-07-07,4.66,4.63,4.67,4.59,76846.6
2021-07-08,4.63,4.55,4.63,4.54,89088.31
2021-07-09,4.54,4.58,4.58,4.51,54575.62
2021-07-12,4.61,4.6,4.66,4.58,82811.66
2021-07-13,4.59,4.63,4.65,4.58,75648.86
2021-07-14,4.64,4.58,4.65,4.55,87206.45
2021-07-15,4.57,4.56,4.58,4.53,55517.35
2021-07-16,4.57,4.55,4.61,4.54,66782.86
2021-07-19,4.54,4.48,4.55,4.46,69001.0
2021-07-20,4.46,4.45,4.48,4.42,68314.66
2021-07-21,4.44,4.41,4.47,4.4,67556.77
2021-07-22,4.42,4.51,4.54,4.4,97367.21
2021-07-23,4.48,4.48,4.5,4.42,79357.65
2021-07-26,4.48,4.35,4.48,4.32,92943.64
2021-07-27,4.34,4.29,4.37,4.28,58969.27
2021-07-28,4.27,4.21,4.3,4.18,78411.19
2021-07-29,4.22,4.22,4.24,4.19,51786.92
2021-07-30,4.2,4.21,4.23,4.16,55438.57
2021-08-02,4.21,4.25,4.27,4.14,79179.78
2021-08-03,4.23,4.23,4.28,4.21,51145.48
2021-08-04,4.24,4.26,4.26,4.22,44345.9
2021-08-05,4.26,4.36,4.48,4.24,106926.91
2021-08-06,4.34,4.33,4.35,4.23,63047.28
2021-08-09,4.33,4.38,4.46,4.29,100071.43
2021-08-10,4.37,4.38,4.4,4.34,45024.57
2021-08-11,4.38,4.47,4.55,4.37,126189.11
2021-08-12,4.45,4.42,4.5,4.42,58347.69
2021-08-13,4.44,4.42,4.44,4.37,53752.16
2021-08-16,4.38,4.45,4.49,4.38,57839.23
2021-08-17,4.43,4.37,4.47,4.36,66449.65
2021-08-18,4.36,4.4,4.41,4.34,48944.68
2021-08-19,4.39,4.35,4.41,4.34,53119.84
2021-08-20,4.35,4.36,4.37,4.31,62534.25
2021-08-23,4.36,4.4,4.44,4.36,59002.78
2021-08-24,4.42,4.41,4.44,4.38,57160.0
2021-08-25,4.39,4.42,4.42,4.38,48235.14
2021-08-26,4.42,4.45,4.5,4.38,106910.26
2021-08-27,4.41,4.34,4.43,4.31,113142.83
2021-08-30,4.34,4.29,4.34,4.23,110824.68
2021-08-31,4.25,4.32,4.32,4.24,69747.08
2021-09-01,4.33,4.4,4.42,4.3,150387.04
2021-09-02,4.4,4.45,4.47,4.37,123664.56
2021-09-03,4.42,4.46,4.49,4.42,100499.44
2021-09-06,4.45,4.49,4.51,4.45,85433.58
2021-09-07,4.6,4.53,4.62,4.51,157627.65
2021-09-08,4.51,4.58,4.59,4.48,148499.54
2021-09-09,4.6,4.6,4.62,4.55,109413.81
2021-09-10,4.6,4.55,4.65,4.54,114372.0
2021-09-13,4.55,4.62,4.62,4.52,118395.11
2021-09-14,4.61,4.49,4.66,4.47,127510.97
2021-09-15,4.51,4.46,4.53,4.4,91619.0
2021-09-16,4.47,4.37,4.51,4.37,93490.65
2021-09-17,4.38,4.34,4.39,4.3,67485.29
2021-09-22,4.25,4.36,4.37,4.24,60302.23
2021-09-23,4.35,4.47,4.53,4.35,123097.07
2021-09-24,4.46,4.34,4.48,4.33,80504.6
2021-09-27,4.35,4.23,4.35,4.22,95054.31
2021-09-28,4.24,4.29,4.34,4.24,94829.36
2021-09-29,4.25,4.23,4.33,4.23,67493.64
2021-09-30,4.27,4.28,4.32,4.24,55555.11
2021-10-08,4.33,4.37,4.4,4.32,84796.43
2021-10-11,4.35,4.36,4.42,4.32,65217.07
2021-10-12,4.34,4.31,4.38,4.3,84268.0
2021-10-13,4.31,4.29,4.32,4.25,49537.37
2021-10-14,4.29,4.28,4.3,4.25,31920.97
2021-10-15,4.28,4.23,4.28,4.23,44431.9
2021-10-18,4.25,4.22,4.25,4.19,62589.0
2021-10-19,4.22,4.23,4.24,4.19,34030.0
2021-10-20,4.23,4.2,4.24,4.2,39337.89
2021-10-21,4.23,4.24,4.27,4.2,63193.17
2021-10-22,4.24,4.24,4.34,4.23,103863.41
2021-10-25,4.18,4.07,4.18,4.01,126381.23
2021-10-26,4.05,4.03,4.08,4.02,43210.65
2021-10-27,4.02,3.96,4.03,3.94,50895.28
2021-10-28,3.94,3.89,3.97,3.87,45351.37
2021-10-29,3.89,3.97,3.97,3.88,37620.0
2021-11-01,3.98,3.97,3.99,3.95,34925.45
2021-11-02,3.97,3.89,3.97,3.86,60195.29
2021-11-03,3.89,3.93,3.94,3.87,32980.25
2021-11-04,3.94,3.93,3.95,3.88,34630.98
2021-11-05,3.91,3.9,3.93,3.88,35775.82
2021-11-08,3.9,3.9,3.91,3.87,33413.48
2021-11-09,3.9,3.9,3.91,3.88,22226.51
2021-11-10,3.9,3.96,3.97,3.88,54748.24
2021-11-11,3.97,4.08,4.1,3.94,119831.17
2021-11-12,4.03,4.01,4.07,3.98,71542.73
2021-11-15,4.0,4.0,4.03,3.97,37113.49
2021-11-16,4.01,3.97,4.02,3.97,41306.43
2021-11-17,3.97,3.97,3.98,3.95,29063.05
2021-11-18,3.97,3.93,3.97,3.92,49879.59
2021-11-19,3.93,3.98,3.99,3.9,51307.46
2021-11-22,3.98,3.94,3.99,3.93,48263.74
2021-11-23,3.94,3.97,3.97,3.94,43865.39
2021-11-24,3.97,4.0,4.01,3.96,53069.14
2021-11-25,4.0,3.98,4.04,3.97,57722.86
2021-11-26,3.97,3.94,3.98,3.92,50221.0
2021-11-29,3.9,3.9,3.92,3.88,46002.75
2021-11-30,3.9,3.91,3.94,3.9,46315.56
2021-12-01,3.92,3.97,3.97,3.91,61013.62
2021-12-02,3.96,3.97,3.99,3.95,52906.22
2021-12-03,3.98,3.99,4.01,3.96,50002.23
2021-12-06,4.0,3.97,4.03,3.96,79108.04
2021-12-07,4.01,4.04,4.05,3.97,133313.47
2021-12-08,4.05,4.02,4.06,3.98,78384.42
2021-12-09,4.0,4.07,4.09,4.0,131799.66
2021-12-10,4.05,4.09,4.11,4.03,106963.11
2021-12-13,4.09,4.07,4.11,4.05,74159.74
2021-12-14,4.05,4.03,4.06,4.0,79407.66
2021-12-15,4.03,4.07,4.13,4.02,113031.56
2021-12-16,4.06,4.08,4.09,4.04,77605.96
2021-12-17,4.08,4.1,4.14,4.06,97253.05
2021-12-20,4.09,4.17,4.26,4.09,231767.31
2021-12-21,4.2,4.5,4.58,4.18,535705.77
2021-12-22,4.37,4.3,4.49,4.28,385807.28
2021-12-23,4.31,4.21,4.33,4.2,175963.11
2021-12-24,4.21,4.17,4.23,4.15,104005.09
2021-12-27,4.17,4.22,4.25,4.17,94526.89
2021-12-28,4.22,4.17,4.25,4.15,88626.24
2021-12-29,4.17,4.18,4.21,4.15,62096.4
2021-12-30,4.18,4.17,4.19,4.17,76040.85
2021-12-31,4.18,4.25,4.28,4.17,122914.25
2022-01-04,4.24,4.32,4.34,4.2,127024.04
2022-01-05,4.31,4.3,4.37,4.27,97315.06
2022-01-06,4.29,4.31,4.37,4.28,104979.22
2022-01-07,4.34,4.33,4.42,4.32,152441.62
2022-01-10,4.31,4.37,4.38,4.27,119670.04
2022-01-11,4.37,4.39,4.45,4.34,143206.9
2022-01-12,4.37,4.34,4.39,4.29,122694.72
2022-01-13,4.34,4.35,4.42,4.32,118670.23
2022-01-14,4.35,4.23,4.37,4.22,126850.19
2022-01-17,4.25,4.3,4.33,4.23,117994.96
2022-01-18,4.33,4.3,4.35,4.26,102897.45
2022-01-19,4.3,4.34,4.38,4.28,111943.74
2022-01-20,4.37,4.32,4.39,4.3,107064.45
2022-01-21,4.32,4.3,4.34,4.25,78944.15
2022-01-24,4.29,4.25,4.33,4.2,73846.04
2022-01-25,4.26,4.09,4.27,4.09,105089.64
2022-01-26,4.11,4.13,4.17,4.07,62922.72
2022-01-27,4.13,4.04,4.14,4.02,77258.49
2022-01-28,4.06,4.09,4.12,4.03,61777.96
2022-02-07,4.13,4.18,4.19,4.08,77438.69
2022-02-08,4.17,4.33,4.33,4.16,103306.74
2022-02-09,4.37,4.33,4.39,4.3,89677.13
2022-02-10,4.33,4.34,4.36,4.25,62114.03
2022-02-11,4.34,4.35,4.4,4.32,101098.87
2022-02-14,4.34,4.28,4.35,4.26,76975.77
2022-02-15,4.26,4.24,4.29,4.21,82818.84
2022-02-16,4.25,4.27,4.3,4.24,64593.13
2022-02-17,4.29,4.24,4.29,4.22,65202.0
2022-02-18,4.21,4.32,4.33,4.21,105431.0
2022-02-21,4.31,4.35,4.36,4.24,111623.5
2022-02-22,4.33,4.33,4.41,4.29,139094.69
2022-02-23,4.32,4.3,4.34,4.28,78292.16
2022-02-24,4.28,4.17,4.3,4.13,149889.66
2022-02-25,4.18,4.17,4.23,4.15,68258.16
2022-02-28,4.16,4.14,4.17,4.11,67794.69
2022-03-01,4.14,4.17,4.19,4.12,49711.25
2022-03-02,4.17,4.2,4.22,4.15,60102.0
2022-03-03,4.2,4.26,4.29,4.2,77381.52
2022-03-04,4.24,4.22,4.25,4.17,84727.38
2022-03-07,4.25,4.18,4.27,4.17,100020.99
2022-03-08,4.18,4.11,4.2,4.09,88808.35
2022-03-09,4.1,3.97,4.14,3.86,103726.34
2022-03-10,4.02,4.05,4.13,3.99,81392.94
2022-03-11,4.01,4.05,4.07,3.96,81120.07
2022-03-14,4.01,3.95,4.07,3.94,68135.73
2022-03-15,3.93,3.74,3.94,3.73,119783.41
2022-03-16,3.78,3.85,3.86,3.69,87481.32
2022-03-17,3.95,3.98,4.04,3.92,113816.22
2022-03-18,3.95,4.1,4.1,3.95,103892.77
2022-03-21,4.1,4.12,4.15,4.07,109689.87
2022-03-22,4.16,4.27,4.37,4.11,273509.77
2022-03-23,4.23,4.35,4.38,4.22,269746.81
2022-03-24,4.3,4.33,4.41,4.28,227869.31
2022-03-25,4.31,4.4,4.45,4.3,276413.01
2022-03-28,4.38,4.54,4.57,4.32,430900.4
2022-03-29,4.56,4.47,4.61,4.42,321466.27
2022-03-30,4.49,4.92,4.92,4.47,849148.77
2022-03-31,5.02,4.91,5.39,4.86,1481913.02
2022-04-01,4.88,5.17,5.22,4.88,1126779.52
2022-04-06,5.17,5.33,5.57,5.04,1223043.68
2022-04-07,5.14,4.94,5.22,4.91,910659.08
2022-04-08,4.96,4.97,5.07,4.73,738251.52
2022-04-11,4.9,4.76,4.9,4.69,473804.18
2022-04-12,4.75,4.68,4.82,4.67,417025.19
2022-04-13,4.6,4.6,4.74,4.53,381570.14
2022-04-14,4.67,4.78,4.83,4.64,364814.15
2022-04-15,4.76,4.76,4.92,4.73,402525.16
2022-04-18,4.67,4.58,4.78,4.57,331887.47
2022-04-19,4.57,4.67,4.72,4.46,299523.03
2022-04-20,4.65,4.48,4.73,4.43,317957.92
2022-04-21,4.45,4.21,4.48,4.2,290064.8
2022-04-22,4.16,4.17,4.26,4.12,213864.66
2022-04-25,4.11,3.81,4.16,3.79,345407.63
2022-04-26,3.89,3.83,3.97,3.79,298562.99
2022-04-27,3.78,3.83,3.85,3.68,334691.79
2022-04-28,3.75,3.96,4.12,3.73,438500.79
2022-04-29,3.97,4.16,4.17,3.86,492355.27
2022-05-05,4.16,4.08,4.19,4.04,346107.05
2022-05-06,3.96,3.84,3.98,3.81,296381.65
2022-05-09,3.82,3.95,3.97,3.82,181890.91
2022-05-10,3.89,3.97,3.97,3.82,201738.45
2022-05-11,3.93,3.92,4.02,3.92,251073.55
2022-05-12,3.91,3.88,3.95,3.82,226660.05
2022-05-13,3.87,4.27,4.27,3.85,580754.66
2022-05-16,4.37,4.42,4.58,4.26,869222.64
2022-05-17,4.34,4.23,4.38,4.15,478533.27
2022-05-18,4.26,4.18,4.26,4.15,300169.0
2022-05-19,4.08,4.25,4.32,4.07,380579.46
2022-05-20,4.23,4.17,4.27,4.16,308771.09
2022-05-23,4.18,4.16,4.21,4.14,205939.93
2022-05-24,4.16,3.96,4.17,3.96,271862.39
2022-05-25,3.97,4.01,4.04,3.96,151687.0
2022-05-26,4.01,4.07,4.1,3.97,186136.64
2022-05-27,4.05,4.17,4.23,4.03,367013.55
2022-05-30,4.14,4.16,4.18,4.08,223220.19
2022-05-31,4.17,4.21,4.29,4.14,337618.61
2022-06-01,4.17,4.33,4.44,4.13,496703.44
2022-06-02,4.29,4.2,4.37,4.16,321090.99
2022-06-06,4.18,4.17,4.26,4.14,287666.66
2022-06-07,4.17,4.25,4.29,4.15,297497.66
2022-06-08,4.19,4.13,4.23,4.06,266111.34
2022-06-09,4.14,4.11,4.16,4.08,145860.27
2022-06-10,4.08,4.12,4.13,4.06,148615.58
2022-06-13,4.08,4.02,4.12,3.98,167413.2
2022-06-14,4.0,4.09,4.09,3.97,148053.22
2022-06-15,4.12,4.15,4.21,4.08,254525.94
2022-06-16,4.14,4.13,4.17,4.1,147341.68
2022-06-17,4.1,4.1,4.13,4.05,114405.18
2022-06-20,4.09,4.19,4.21,4.07,213924.34
2022-06-21,4.23,4.23,4.35,4.18,320004.67
2022-06-22,4.22,4.17,4.25,4.14,157553.36
2022-06-23,4.16,4.43,4.6,4.14,746325.56
2022-06-24,4.39,4.43,4.49,4.31,544422.22
2022-06-27,4.41,4.52,4.59,4.35,468974.79
2022-06-28,4.52,4.48,4.56,4.44,332493.77
2022-06-29,4.45,4.68,4.72,4.44,747493.05
2022-06-30,4.61,4.62,4.68,4.51,435887.65
2022-07-01,4.6,4.52,4.74,4.51,297975.71
2022-07-04,4.46,4.41,4.52,4.4,241381.8
2022-07-05,4.41,4.43,4.47,4.36,157587.09
2022-07-06,4.42,4.34,4.43,4.32,143971.91
2022-07-07,4.35,4.37,4.4,4.33,105820.24
2022-07-08,4.37,4.32,4.43,4.32,132581.23
2022-07-11,4.32,4.29,4.36,4.26,157252.35
2022-07-12,4.27,4.29,4.32,4.26,88422.01
2022-07-13,4.29,4.33,4.4,4.29,157962.57
2022-07-14,4.29,4.21,4.32,4.19,153552.94
2022-07-15,4.21,4.07,4.21,4.07,165872.15
2022-07-18,4.07,4.16,4.17,4.07,107773.21
2022-07-19,4.19,4.16,4.21,4.14,88098.94
2022-07-20,4.16,4.15,4.19,4.14,83176.73
2022-07-21,4.15,4.14,4.17,4.12,93019.67
2022-07-22,4.14,4.12,4.15,4.09,67006.01
2022-07-25,4.12,4.1,4.17,4.09,108177.0
2022-07-26,4.1,4.2,4.21,4.08,155196.82
2022-07-27,4.18,4.14,4.19,4.13,95671.08
2022-07-28,4.15,4.18,4.22,4.14,106090.32
2022-07-29,4.2,4.14,4.21,4.13,87475.0
2022-08-01,4.14,4.11,4.14,4.1,61692.8
2022-08-02,4.1,3.97,4.1,3.92,144001.53
2022-08-03,3.97,3.92,4.03,3.91,95119.19
2022-08-04,3.94,3.96,3.98,3.91,59138.1
2022-08-05,3.96,4.01,4.01,3.95,60214.33
2022-08-08,4.01,4.01,4.08,4.0,68216.3
2022-08-09,4.02,4.0,4.03,3.97,60701.01
2022-08-10,3.99,3.96,3.99,3.95,62043.93
2022-08-11,3.97,4.03,4.04,3.97,70913.08
2022-08-12,4.03,4.05,4.06,4.01,63306.39
2022-08-15,4.04,4.01,4.06,4.0,59799.68
2022-08-16,4.01,4.08,4.1,4.01,129715.71
2022-08-17,4.07,4.09,4.1,4.04,93214.16
2022-08-18,4.08,4.02,4.09,4.0,85119.38
2022-08-19,4.03,4.05,4.1,4.01,87327.25
2022-08-22,4.07,4.07,4.12,4.03,81301.86
2022-08-23,4.08,4.07,4.09,4.03,65660.86
2022-08-24,4.07,4.04,4.09,4.01,108944.82
2022-08-25,4.09,4.14,4.24,4.06,250232.88
2022-08-26,4.1,4.12,4.16,4.08,136112.68
2022-08-29,4.07,4.12,4.13,4.02,81445.0
2022-08-30,4.11,4.16,4.2,4.09,110487.15
2022-08-31,4.14,4.13,4.23,4.12,137117.03
2022-09-01,4.16,4.22,4.29,4.13,252778.82
2022-09-02,4.2,4.24,4.25,4.18,115604.21
2022-09-05,4.23,4.3,4.32,4.21,173686.53
2022-09-06,4.31,4.38,4.42,4.3,210036.16
2022-09-07,4.36,4.39,4.4,4.31,143350.16
2022-09-08,4.39,4.39,4.49,4.33,136129.26
2022-09-09,4.34,4.4,4.45,4.34,223357.1
2022-09-13,4.4,4.34,4.4,4.31,155779.59
2022-09-14,4.29,4.33,4.4,4.29,142444.0
2022-09-15,4.36,4.38,4.43,4.28,231985.28
2022-09-16,4.35,4.21,4.4,4.19,243444.19
2022-09-19,4.21,4.22,4.25,4.14,137274.1
2022-09-20,4.24,4.22,4.34,4.2,146415.79
2022-09-21,4.21,4.35,4.37,4.14,162098.38
2022-09-22,4.32,4.25,4.38,4.24,133527.04
2022-09-23,4.26,4.27,4.38,4.24,149218.04
2022-09-26,4.23,4.15,4.33,4.14,126062.03
2022-09-27,4.17,4.21,4.22,4.06,122084.97
2022-09-28,4.21,4.09,4.22,4.09,89313.69
2022-09-29,4.13,4.0,4.14,3.99,93385.65
2022-09-30,4.02,4.05,4.18,3.99,112324.82
2022-10-10,4.04,4.07,4.15,4.04,112951.92
2022-10-11,4.06,4.04,4.11,3.97,100333.0
2022-10-12,4.05,4.12,4.14,4.0,97701.88
2022-10-13,4.11,4.05,4.11,4.0,129422.41
2022-10-14,4.07,4.1,4.16,4.05,113898.0
2022-10-17,4.07,4.12,4.14,4.02,105701.01
2022-10-18,4.12,4.11,4.15,4.09,84161.71
2022-10-19,4.11,4.07,4.14,4.06,67339.0
2022-10-20,4.07,4.02,4.09,4.01,89266.94
2022-10-21,4.05,4.01,4.09,4.01,77876.01
2022-10-24,4.02,3.89,4.04,3.88,146997.0
2022-10-25,3.89,3.87,3.93,3.84,77162.17
2022-10-26,3.88,3.91,3.94,3.87,76645.0
2022-10-27,3.88,3.97,3.99,3.88,102032.95
2022-10-28,3.92,3.7,3.92,3.7,227684.95
2022-10-31,3.67,3.59,3.71,3.57,147655.69
2022-11-01,3.61,3.65,3.67,3.6,111370.38
2022-11-02,3.65,3.69,3.72,3.59,117932.91
2022-11-03,3.67,3.66,3.72,3.65,82524.0
2022-11-04,3.67,3.74,3.75,3.65,89775.0
2022-11-07,3.72,3.78,3.81,3.72,108164.24
2022-11-08,3.79,3.8,3.83,3.76,91198.53
2022-11-09,3.81,3.82,3.89,3.8,109866.81
2022-11-10,3.79,3.82,3.84,3.76,70108.07
2022-11-11,3.9,3.98,4.05,3.87,246891.22
2022-11-14,4.09,4.07,4.12,4.0,275171.41
2022-11-15,4.06,4.13,4.15,4.03,171916.92
2022-11-16,4.12,4.06,4.14,4.05,129943.24
2022-11-17,4.11,4.08,4.13,4.05,123167.82
2022-11-18,4.07,4.06,4.14,4.04,127484.0
2022-11-21,4.05,4.02,4.05,3.93,98717.77
2022-11-22,4.07,4.0,4.11,3.97,105472.73
2022-11-23,4.01,4.08,4.09,4.0,117658.0
2022-11-24,4.14,4.12,4.24,4.08,232413.71
2022-11-25,4.19,4.3,4.35,4.16,564394.6
2022-11-28,4.23,4.73,4.73,4.03,663963.77
2022-11-29,5.2,5.2,5.2,4.92,1512423.07
2022-11-30,5.41,5.72,5.72,5.29,2488000.94
2022-12-01,6.29,6.29,6.29,6.15,894402.78
2022-12-02,6.92,6.63,6.92,6.42,3471446.28
2022-12-05,7.06,6.13,7.3,6.09,3907593.45
2022-12-06,5.91,5.54,6.05,5.52,2811834.15
2022-12-07,5.34,5.2,5.41,5.16,2099633.73
2022-12-08,5.16,5.18,5.32,5.16,1485010.28
2022-12-09,5.15,5.34,5.44,5.15,1675211.57
2022-12-12,5.24,5.17,5.35,5.14,1109329.62
2022-12-13,5.17,5.3,5.42,5.15,1199854.09
2022-12-14,5.23,5.25,5.28,5.14,791822.8
2022-12-15,5.21,5.38,5.38,5.11,1127782.43
2022-12-16,5.47,5.52,5.72,5.25,2175654.93
2022-12-19,5.36,6.07,6.07,5.32,2118023.43
2022-12-20,5.78,5.46,5.78,5.46,1423025.39
2022-12-21,5.35,5.5,5.63,5.22,1151954.26
2022-12-22,5.73,5.49,5.91,5.49,1272113.66
2022-12-23,5.39,5.79,5.93,5.39,1542071.29
2022-12-26,5.58,5.92,6.06,5.54,1502166.93
2022-12-27,5.88,6.51,6.51,5.84,2469265.08
2022-12-28,6.34,6.67,7.03,6.27,2646897.32
2022-12-29,6.47,6.01,6.52,6.01,2067778.94
2022-12-30,6.16,6.17,6.33,6.08,1280164.06
2023-01-03,6.08,6.0,6.13,5.86,1066476.7
2023-01-04,6.0,6.04,6.3,5.9,1375250.5
2023-01-05,6.0,5.8,6.04,5.76,1137287.08
2023-01-06,5.94,5.62,5.97,5.6,899284.67
2023-01-09,5.55,5.59,5.67,5.53,596252.84
2023-01-10,5.58,5.51,5.59,5.46,541389.77
2023-01-11,5.56,5.56,5.61,5.5,611498.94
2023-01-12,5.5,5.43,5.54,5.37,464730.61
2023-01-13,5.45,5.41,5.45,5.31,403604.11
2023-01-16,5.34,5.29,5.38,5.27,479653.56
2023-01-17,5.28,5.26,5.34,5.23,445884.04
2023-01-18,5.36,5.26,5.36,5.24,285408.56
2023-01-19,5.21,5.25,5.32,5.19,336662.92
2023-01-20,5.28,5.44,5.44,5.25,490387.7
2023-01-30,5.52,5.47,5.53,5.39,462611.82
2023-01-31,5.43,5.53,5.53,5.32,447188.01
2023-02-01,5.53,5.47,5.53,5.4,438520.16
2023-02-02,5.4,5.42,5.51,5.31,586403.75
2023-02-03,5.4,5.36,5.44,5.31,317678.79
2023-02-06,5.32,5.28,5.38,5.28,280322.43
2023-02-07,5.28,5.31,5.39,5.26,377659.51
2023-02-08,5.28,5.36,5.43,5.27,457298.22
2023-02-09,5.32,5.48,5.51,5.27,534171.39
2023-02-10,5.48,5.74,5.74,5.44,969340.48
2023-02-13,5.74,5.64,5.74,5.5,659528.82
2023-02-14,5.63,5.6,5.73,5.58,439744.8
2023-02-15,5.6,5.46,5.6,5.45,467679.13
2023-02-16,5.46,5.23,5.52,5.19,520517.55
2023-02-17,5.23,5.25,5.28,5.2,317212.83
2023-02-20,5.25,5.26,5.26,5.11,295644.79
2023-02-21,5.37,5.7,5.79,5.35,1490447.45
2023-02-22,5.71,5.95,6.03,5.53,1579957.89
2023-02-23,5.86,5.82,6.0,5.78,932828.13
2023-02-24,5.79,5.76,5.86,5.67,546662.58
2023-02-27,5.8,5.6,5.85,5.58,533276.23
2023-02-28,5.62,5.61,5.63,5.51,402411.29
2023-03-01,5.57,5.65,5.67,5.53,408148.28
2023-03-02,5.63,5.6,5.63,5.55,342375.69
2023-03-03,5.57,5.75,5.79,5.57,620998.8
2023-03-06,5.68,5.54,5.7,5.52,474718.66
2023-03-07,5.55,5.4,5.57,5.39,372563.61
2023-03-08,5.4,5.45,5.45,5.36,179313.11
2023-03-09,5.45,5.43,5.46,5.35,193809.19
2023-03-10,5.37,5.54,5.66,5.25,565038.07
2023-03-13,5.39,5.35,5.45,5.31,310807.41
2023-03-14,5.31,5.24,5.33,5.2,249745.43
2023-03-15,5.24,5.27,5.31,5.24,165446.98
2023-03-16,5.23,5.28,5.36,5.21,185699.73
2023-03-17,5.32,5.28,5.35,5.27,200482.02
2023-03-20,5.3,5.2,5.32,5.19,203878.47
2023-03-21,5.19,5.21,5.22,5.14,150212.71
2023-03-22,5.22,5.23,5.27,5.19,174220.86
2023-03-23,5.2,5.19,5.22,5.15,171900.39
2023-03-24,5.19,5.3,5.3,5.12,312571.28
2023-03-27,5.24,5.17,5.24,5.13,203527.0
2023-03-28,5.21,5.13,5.22,5.12,146422.68
2023-03-29,5.11,4.99,5.15,4.98,253141.33
2023-03-30,4.95,4.94,4.97,4.86,200058.94
2023-03-31,4.94,4.98,4.99,4.93,124734.43
2023-04-03,4.98,5.02,5.06,4.94,191629.26
2023-04-04,5.01,4.91,5.03,4.89,198110.98
2023-04-06,4.91,4.92,4.96,4.85,139133.01
2023-04-07,4.9,5.06,5.12,4.9,342549.52
2023-04-10,5.04,4.93,5.04,4.91,231145.0
2023-04-11,4.93,5.07,5.08,4.89,257274.53
2023-04-12,5.08,5.06,5.1,4.99,185755.0
2023-04-13,5.05,5.06,5.1,5.01,153598.44
2023-04-14,5.08,5.01,5.11,5.0,173111.9
2023-04-17,5.0,5.01,5.02,4.94,138260.14
2023-04-18,5.01,4.96,5.04,4.96,104507.49
2023-04-19,4.95,4.86,4.96,4.86,181808.25
2023-04-20,4.87,4.81,4.87,4.77,164182.78
2023-04-21,4.86,4.69,4.92,4.68,208791.65
2023-04-24,4.65,4.66,4.74,4.6,131527.8
2023-04-25,4.66,4.6,4.69,4.52,177948.23
2023-04-26,4.55,4.61,4.65,4.53,122235.26
2023-04-27,4.58,4.61,4.65,4.56,103664.34
2023-04-28,4.62,4.74,4.75,4.59,170413.59
2023-05-04,4.68,4.75,4.77,4.64,177147.6
2023-05-05,4.75,4.83,4.87,4.72,224704.45
2023-05-08,4.76,4.81,4.83,4.69,221979.04
2023-05-09,4.79,4.78,4.91,4.78,176416.06
2023-05-10,4.79,4.92,5.03,4.71,327678.92
2023-05-11,4.82,4.79,4.91,4.74,321865.8
2023-05-12,4.76,4.71,4.8,4.71,159687.23
2023-05-15,4.69,4.72,4.74,4.62,157637.34
2023-05-16,4.73,4.62,4.73,4.61,123845.11
2023-05-17,4.59,4.62,4.65,4.56,73817.0
2023-05-18,4.61,4.62,4.67,4.61,98456.9
2023-05-19,4.63,4.56,4.63,4.54,109916.99
2023-05-22,4.56,4.61,4.64,4.49,145073.34
2023-05-23,4.59,4.58,4.66,4.58,92272.92
2023-05-24,4.6,4.53,4.61,4.53,99688.36
2023-05-25,4.56,4.6,4.62,4.53,126350.82
2023-05-26,4.6,4.61,4.62,4.54,84374.0
2023-05-29,4.61,4.52,4.62,4.51,89712.51
2023-05-30,4.54,4.55,4.57,4.4,131567.37
2023-05-31,4.53,4.53,4.58,4.5,89548.15
2023-06-01,4.51,4.47,4.53,4.46,79085.0
2023-06-02,4.53,4.65,4.68,4.5,206782.92
2023-06-05,4.62,4.61,4.63,4.56,107575.2
2023-06-06,4.6,4.62,4.74,4.6,213944.38
2023-06-07,4.65,4.67,4.77,4.61,200719.0
2023-06-08,4.65,4.75,4.83,4.62,257194.9
2023-06-09,4.72,4.71,4.77,4.66,185704.12
2023-06-12,4.7,4.69,4.74,4.62,119560.15
2023-06-13,4.69,4.67,4.74,4.66,117222.28
2023-06-14,4.67,4.63,4.7,4.63,91413.6
2023-06-15,4.64,4.66,4.69,4.62,129300.56
2023-06-16,4.65,4.69,4.76,4.65,109222.0
2023-06-19,4.7,4.54,4.72,4.54,189623.57
2023-06-20,4.52,4.42,4.54,4.41,129490.0
2023-06-21,4.41,4.29,4.45,4.29,141246.56
2023-06-26,4.28,4.22,4.29,4.21,109521.71
2023-06-27,4.22,4.38,4.39,4.22,156275.79
2023-06-28,4.39,4.35,4.4,4.29,97722.6
2023-06-29,4.34,4.33,4.36,4.3,80642.0
2023-06-30,4.34,4.37,4.44,4.31,89340.0
2023-07-03,4.39,4.42,4.46,4.38,103744.08
2023-07-04,4.41,4.37,4.42,4.36,76112.57
2023-07-05,4.36,4.37,4.42,4.35,58961.36
2023-07-06,4.36,4.42,4.44,4.34,96310.92
2023-07-07,4.4,4.44,4.46,4.38,86416.12
2023-07-10,4.43,4.43,4.48,4.41,74637.0
2023-07-11,4.48,4.42,4.5,4.39,85286.68
2023-07-12,4.42,4.35,4.42,4.33,84276.63
2023-07-13,4.35,4.37,4.39,4.34,71288.23
2023-07-14,4.36,4.39,4.43,4.36,78536.61
2023-07-17,4.37,4.36,4.38,4.3,81289.85
2023-07-18,4.34,4.41,4.42,4.3,110174.62
2023-07-19,4.4,4.45,4.47,4.38,111405.36
2023-07-20,4.45,4.48,4.54,4.43,146905.01
2023-07-21,4.48,4.56,4.59,4.45,214521.22
2023-07-24,4.71,4.63,4.8,4.53,445123.55
2023-07-25,4.61,4.87,4.88,4.59,659226.49
2023-07-26,4.82,4.92,5.15,4.8,893869.19
2023-07-27,4.84,4.94,5.08,4.76,713838.6
2023-07-28,4.94,4.99,5.05,4.9,465424.76
2023-07-31,5.09,5.11,5.21,5.07,611450.9
2023-08-01,5.1,5.1,5.18,5.02,410871.19
2023-08-02,5.09,5.17,5.27,5.07,462685.49
2023-08-03,5.11,5.25,5.32,5.06,482517.93
2023-08-04,5.29,5.19,5.32,5.16,423585.76
2023-08-07,5.11,5.05,5.15,5.01,331697.91
2023-08-08,5.05,4.97,5.11,4.95,203578.0
2023-08-09,4.95,4.97,5.02,4.93,188882.03
2023-08-10,4.96,5.3,5.47,4.94,1321975.78
2023-08-11,5.83,5.83,5.83,5.5,1919217.84
2023-08-14,5.4,5.25,5.48,5.25,1515619.09
2023-08-15,5.06,5.4,5.64,5.01,1504005.3
2023-08-16,5.3,5.87,5.94,5.27,2241120.51
2023-08-17,5.64,5.7,5.89,5.52,1595766.18
2023-08-18,5.71,5.39,5.82,5.38,1163484.45
2023-08-21,5.42,5.32,5.66,5.31,778240.61
2023-08-22,5.26,5.58,5.69,5.23,1104001.59
2023-08-23,5.4,5.38,5.61,5.31,834729.74
2023-08-24,5.37,5.37,5.59,5.13,830321.36
2023-08-25,5.3,5.3,5.47,5.19,929752.67
2023-08-28,5.65,5.59,5.79,5.42,1480726.41
2023-08-29,5.51,6.0,6.1,5.48,1524857.25
2023-08-30,5.8,5.81,5.92,5.68,1060375.73
2023-08-31,5.84,5.23,5.84,5.23,1153349.34
2023-09-01,5.26,4.96,5.35,4.86,978932.55
2023-09-04,5.02,4.96,5.09,4.91,606755.62
2023-09-05,4.96,4.72,4.96,4.68,610584.72
2023-09-06,4.72,4.82,4.87,4.64,521307.22
2023-09-07,4.77,4.79,4.91,4.75,441776.12
2023-09-08,4.75,4.7,4.77,4.65,301800.7
2023-09-11,4.69,4.69,4.72,4.59,294057.08
2023-09-12,4.69,4.71,4.74,4.65,245226.64
2023-09-13,4.71,4.73,4.78,4.68,243290.92
2023-09-14,4.72,4.65,4.74,4.63,209590.35
2023-09-15,4.68,4.68,4.72,4.64,150780.06
2023-09-18,4.61,4.64,4.67,4.6,161882.03
2023-09-19,4.64,4.59,4.65,4.59,141137.56
2023-09-20,4.6,4.59,4.67,4.56,139886.75
2023-09-21,4.59,4.6,4.69,4.59,195312.7
2023-09-22,4.58,4.68,4.69,4.56,236466.73
2023-09-25,4.68,4.52,4.68,4.5,237273.45
2023-09-26,4.52,4.51,4.56,4.51,112071.65
2023-09-27,4.51,4.52,4.55,4.49,124158.19
2023-09-28,4.56,4.54,4.56,4.51,112722.92
2023-10-09,4.54,4.39,4.54,4.37,211662.37
2023-10-10,4.4,4.38,4.45,4.37,116334.83
2023-10-11,4.38,4.4,4.44,4.32,209090.0
2023-10-12,4.4,4.44,4.47,4.37,145126.76
2023-10-13,4.42,4.39,4.44,4.36,133530.59
2023-10-16,4.39,4.32,4.44,4.27,287179.24
2023-10-17,4.33,4.28,4.34,4.25,127560.01
2023-10-18,4.3,4.21,4.31,4.21,147203.37
2023-10-19,4.18,4.21,4.27,4.18,149103.0
2023-10-20,4.21,4.25,4.32,4.17,159343.0
2023-10-23,4.22,4.16,4.24,4.13,154555.91
2023-10-24,4.18,4.27,4.3,4.17,139868.74
2023-10-25,4.31,4.33,4.38,4.3,183472.33
2023-10-26,4.3,4.28,4.3,4.24,114340.09
2023-10-27,4.3,4.32,4.34,4.26,128208.58
2023-10-30,4.31,4.32,4.38,4.28,171525.82
2023-10-31,4.32,4.32,4.36,4.25,166555.43
2023-11-01,4.33,4.36,4.38,4.28,193487.54
2023-11-02,4.35,4.38,4.42,4.32,274209.47
2023-11-03,4.37,4.41,4.42,4.36,200271.13
2023-11-06,4.41,4.5,4.52,4.39,227382.1
2023-11-07,4.5,4.48,4.54,4.46,155598.81
2023-11-08,4.48,4.5,4.56,4.47,205039.72
2023-11-09,4.52,4.47,4.58,4.46,238750.69
2023-11-10,4.47,4.47,4.5,4.41,169679.89
2023-11-13,4.46,4.52,4.54,4.44,196604.38
2023-11-14,4.51,4.55,4.56,4.5,175397.33
2023-11-15,4.59,4.52,4.61,4.5,156388.45
2023-11-16,4.5,4.52,4.53,4.46,159866.34
2023-11-17,4.48,4.5,4.53,4.47,120560.0
2023-11-20,4.52,4.51,4.56,4.49,137914.0
2023-11-21,4.71,4.96,4.96,4.71,477078.93
2023-11-22,5.46,5.46,5.46,5.46,217963.23
2023-11-23,5.3,5.05,5.43,5.02,1673280.06
2023-11-24,5.07,4.88,5.16,4.83,1007004.82
2023-11-27,4.76,4.68,4.82,4.63,663753.58
2023-11-28,4.68,4.67,4.73,4.62,397380.47
2023-11-29,4.68,4.59,4.68,4.56,356451.0
2023-11-30,4.57,4.63,4.73,4.54,470346.45
2023-12-01,4.61,4.67,4.69,4.56,330263.34
2023-12-04,4.64,4.65,4.7,4.59,263558.67
2023-12-05,4.65,4.61,4.74,4.6,287366.06
2023-12-06,4.63,4.79,4.82,4.59,568351.36
2023-12-07,4.78,4.82,4.88,4.75,576741.78
2023-12-08,4.8,4.71,4.82,4.68,363958.0
2023-12-11,4.69,4.75,4.76,4.61,274615.41
2023-12-12,4.76,4.85,4.9,4.71,408669.07
2023-12-13,4.78,4.79,4.85,4.75,266631.11
2023-12-14,4.8,4.86,4.94,4.8,373663.1
2023-12-15,4.93,4.87,4.98,4.82,334215.68
2023-12-18,4.8,4.76,4.89,4.73,277737.76
2023-12-19,4.74,4.71,4.79,4.65,219755.56
2023-12-20,4.68,4.62,4.72,4.6,199722.77
2023-12-21,4.6,4.62,4.67,4.58,222890.57
2023-12-22,4.63,4.48,4.64,4.46,284524.68
2023-12-25,4.45,4.43,4.46,4.39,159918.32
2023-12-26,4.42,4.36,4.42,4.33,163062.63
2023-12-27,4.46,4.55,4.78,4.43,487392.79
2023-12-28,4.55,4.55,4.58,4.4,322643.03
2023-12-29,4.53,4.59,4.64,4.52,221838.98
2024-01-02,4.58,4.47,4.6,4.45,261947.19
2024-01-03,4.46,4.51,4.55,4.44,177359.65
2024-01-04,4.5,4.45,4.52,4.43,172169.0
2024-01-05,4.48,4.52,4.63,4.47,352649.73
2024-01-08,4.66,4.44,4.74,4.42,392781.47
2024-01-09,4.47,4.41,4.48,4.35,256904.78
2024-01-10,4.4,4.37,4.44,4.35,167583.92
2024-01-11,4.39,4.52,4.6,4.38,340975.37
2024-01-12,4.5,4.46,4.54,4.46,170768.92
2024-01-15,4.44,4.51,4.54,4.41,206283.69
2024-01-16,4.53,4.45,4.56,4.37,221889.18
2024-01-17,4.45,4.45,4.54,4.42,277793.58
2024-01-18,4.37,4.33,4.39,4.16,341803.57
2024-01-19,4.37,4.4,4.51,4.3,304099.59
2024-01-22,4.32,4.18,4.52,4.14,364860.51
2024-01-23,4.18,4.23,4.26,4.08,216708.64
2024-01-24,4.24,4.48,4.55,4.24,555238.21
2024-01-25,4.47,4.65,4.65,4.43,514972.97
2024-01-26,4.6,4.71,4.87,4.58,584198.8
2024-01-29,4.8,4.73,5.18,4.71,1039464.04
2024-01-30,4.57,4.49,4.9,4.48,700850.66
2024-01-31,4.35,4.17,4.43,4.16,490279.14
2024-02-01,4.13,3.93,4.19,3.75,554324.48
2024-02-02,3.9,3.95,4.22,3.81,437322.51
2024-02-05,3.93,3.57,3.94,3.56,480583.64
2024-02-06,3.52,3.72,3.76,3.29,347561.54
2024-02-07,3.72,3.78,3.86,3.68,269877.97
2024-02-08,3.9,4.05,4.1,3.87,371298.93
2024-02-19,4.03,3.99,4.04,3.94,292482.36
2024-02-20,3.95,4.0,4.0,3.92,198428.88
2024-02-21,3.95,4.04,4.15,3.94,297763.28
2024-02-22,4.03,4.03,4.07,3.96,245344.28
2024-02-23,4.03,4.07,4.07,4.0,227137.89
2024-02-26,4.06,4.03,4.1,4.0,207192.99
2024-02-27,4.03,4.13,4.14,4.01,240666.03
2024-02-28,4.14,3.99,4.22,3.98,377445.01
2024-02-29,3.98,4.06,4.06,3.95,240219.39
2024-03-01,4.07,4.15,4.25,4.03,342344.5
2024-03-04,4.08,4.01,4.09,3.99,287724.78
2024-03-05,3.98,3.96,3.98,3.88,243771.44
2024-03-06,3.94,3.94,4.0,3.9,140678.26
2024-03-07,3.96,3.98,4.01,3.92,180971.69
2024-03-08,3.98,3.96,3.98,3.91,130920.86
2024-03-11,3.96,4.0,4.0,3.94,169207.21
2024-03-12,3.99,4.11,4.15,3.97,381827.3
2024-03-13,4.1,4.0,4.1,3.98,243749.6
2024-03-14,4.0,4.0,4.04,3.96,170819.54
2024-03-15,3.99,4.01,4.02,3.97,122837.94
2024-03-18,4.01,4.02,4.03,3.97,176801.48
2024-03-19,4.01,3.97,4.02,3.97,165889.85
2024-03-20,3.97,3.99,3.99,3.94,122381.0
2024-03-21,3.98,4.0,4.04,3.97,190908.89
2024-03-22,4.0,3.94,4.0,3.88,194676.97
2024-03-25,3.9,3.87,4.0,3.84,205989.63
2024-03-26,3.86,3.96,3.99,3.84,218697.75
2024-03-27,3.93,3.84,3.93,3.83,181785.2
2024-03-28,3.8,3.88,3.92,3.8,156995.04
2024-03-29,3.91,3.95,4.02,3.89,194113.97
2024-04-01,3.98,3.97,4.02,3.92,174377.44
2024-04-02,3.98,3.93,3.98,3.91,150766.39
2024-04-03,3.91,3.87,3.94,3.86,115196.12
2024-04-08,3.85,3.76,3.86,3.75,138603.04
2024-04-09,3.76,3.81,3.82,3.76,88284.99
2024-04-10,3.8,3.85,4.02,3.79,305936.79
2024-04-11,3.78,3.79,3.84,3.74,146946.52
2024-04-12,3.76,3.68,3.79,3.66,144778.09
2024-04-15,3.7,3.62,3.73,3.46,200946.93
2024-04-16,3.57,3.49,3.61,3.48,151253.67
2024-04-17,3.49,3.56,3.59,3.48,128604.29
2024-04-18,3.54,3.49,3.55,3.48,113488.56
2024-04-19,3.46,3.51,3.54,3.43,127421.95
2024-04-22,3.48,3.48,3.53,3.43,124579.7
2024-04-23,3.49,3.54,3.6,3.49,136484.91
2024-04-24,3.52,3.56,3.56,3.48,127982.01
2024-04-25,3.53,3.54,3.61,3.52,111198.0
2024-04-26,3.55,3.67,3.67,3.48,252647.92
2024-04-29,3.63,3.92,3.94,3.61,389805.61
2024-04-30,3.92,3.87,3.92,3.8,211524.19
2024-05-06,3.96,3.87,4.01,3.86,231871.86
2024-05-07,3.88,3.9,3.95,3.79,226595.45
2024-05-08,3.85,3.79,3.87,3.78,140796.9
2024-05-09,3.77,3.83,3.87,3.77,140710.17
2024-05-10,3.82,3.94,3.96,3.8,282856.63
2024-05-13,3.85,3.86,3.89,3.81,150486.59
2024-05-14,3.86,3.92,3.95,3.83,170415.05
2024-05-15,3.93,3.96,4.02,3.89,237764.15
2024-05-16,3.96,4.06,4.12,3.93,353368.1
2024-05-17,4.12,4.32,4.33,4.03,613342.72
2024-05-20,4.21,4.18,4.27,4.16,425366.91
2024-05-21,4.14,4.19,4.27,4.12,276125.2
2024-05-22,4.21,4.25,4.36,4.2,449266.43
2024-05-23,4.19,4.14,4.25,4.09,309205.26
2024-05-24,4.08,4.03,4.12,4.01,197373.97
2024-05-27,4.02,3.98,4.04,3.9,195773.36
2024-05-28,4.0,3.87,4.05,3.85,204755.44
2024-05-29,3.96,3.92,4.04,3.87,229368.76
2024-05-30,3.82,3.78,3.85,3.76,212162.76
2024-05-31,3.77,3.81,3.83,3.76,144708.01
2024-06-03,3.77,3.64,3.79,3.61,190695.53
2024-06-04,3.6,3.71,3.72,3.58,167699.48
2024-06-05,3.69,3.56,3.69,3.56,153732.0
2024-06-06,3.56,3.43,3.61,3.38,191437.74
2024-06-07,3.43,3.59,3.6,3.43,197217.02
2024-06-11,3.55,3.5,3.57,3.45,133783.62
2024-06-12,3.47,3.47,3.52,3.45,133495.65
2024-06-13,3.51,3.4,3.52,3.38,162315.64
2024-06-14,3.39,3.4,3.46,3.36,191651.89
2024-06-17,3.43,3.45,3.69,3.42,409163.03
2024-06-18,3.46,3.67,3.79,3.46,479350.59
2024-06-19,3.69,3.57,3.73,3.54,299731.17
2024-06-20,3.66,3.78,3.88,3.62,531493.19
2024-06-21,3.69,3.7,3.8,3.66,293297.0
2024-06-24,3.64,3.81,3.98,3.56,427506.28
2024-06-25,3.76,3.79,3.9,3.73,333270.43
2024-06-26,3.77,3.83,3.88,3.74,220371.39
2024-06-27,3.78,3.73,3.83,3.72,192751.19
2024-06-28,3.75,3.88,3.96,3.71,323325.38
2024-07-01,3.82,3.9,3.92,3.78,271615.3
2024-07-02,3.86,3.84,3.93,3.81,222599.0
2024-07-03,3.8,3.76,3.87,3.74,191125.74
2024-07-04,3.79,3.66,3.8,3.63,189314.44
2024-07-05,3.65,3.71,3.71,3.59,120811.72
2024-07-08,3.49,3.6,3.65,3.46,195990.99
2024-07-09,3.63,3.69,3.71,3.51,173812.5
2024-07-10,3.66,3.55,3.67,3.54,148111.34
2024-07-11,3.59,3.61,3.64,3.55,130209.13
2024-07-12,3.6,3.76,3.88,3.6,309798.5
2024-07-15,3.71,3.66,3.73,3.64,157239.13
2024-07-16,3.62,3.62,3.67,3.59,141626.6
2024-07-17,3.61,3.63,3.71,3.61,165366.35
2024-07-18,3.62,3.63,3.63,3.55,135402.35
2024-07-19,3.6,3.6,3.61,3.54,124586.66
2024-07-22,3.56,3.56,3.58,3.52,110928.28
2024-07-23,3.58,3.66,3.86,3.58,340061.85
2024-07-24,3.65,3.54,3.66,3.54,183342.0
2024-07-25,3.56,3.62,3.64,3.52,139980.87
2024-07-26,3.68,3.75,3.79,3.67,192863.0
2024-07-29,3.71,3.68,3.72,3.62,130054.19
2024-07-30,3.68,3.76,3.82,3.65,233287.39
2024-07-31,3.75,3.82,3.84,3.7,247018.92
2024-08-01,3.81,3.85,3.99,3.76,303337.46
2024-08-02,3.81,3.95,4.07,3.81,378576.92
2024-08-05,3.88,3.76,3.96,3.73,283380.37
2024-08-06,3.83,3.87,3.97,3.83,321735.93
2024-08-07,3.87,3.83,3.89,3.78,184642.74
2024-08-08,3.92,3.87,4.01,3.83,367343.02
2024-08-09,3.81,3.89,4.01,3.79,377263.5
2024-08-12,3.82,3.72,3.85,3.69,281792.48
2024-08-13,3.72,3.77,3.79,3.67,170735.86
2024-08-14,3.77,3.77,3.81,3.73,112264.89
2024-08-15,3.75,3.9,3.91,3.73,250377.89
2024-08-16,3.88,3.84,3.9,3.82,158487.0
2024-08-19,3.8,3.77,3.82,3.76,130505.98
2024-08-20,3.76,3.7,3.79,3.69,116232.4
2024-08-21,3.75,3.78,3.85,3.7,190376.92
2024-08-22,3.83,3.86,3.92,3.73,270820.0
2024-08-23,3.81,3.96,4.04,3.81,398894.32
2024-08-26,3.88,3.9,4.02,3.85,270275.31
2024-08-27,3.89,3.77,3.89,3.73,238234.91
2024-08-28,3.77,3.77,3.8,3.74,133213.43
2024-08-29,3.76,3.74,3.76,3.65,159070.1
2024-08-30,3.78,3.89,3.97,3.78,332442.12
2024-09-02,3.86,3.79,3.88,3.79,196948.0
2024-09-03,3.79,4.17,4.17,3.79,380808.88
2024-09-04,4.28,4.13,4.47,4.1,934208.72
2024-09-05,4.25,4.21,4.38,4.12,558447.88
2024-09-06,4.13,4.12,4.19,4.07,392366.52
2024-09-09,4.08,4.2,4.31,4.03,373525.05
2024-09-10,4.2,4.17,4.24,4.09,241050.28
2024-09-11,4.14,4.11,4.17,4.08,170566.0
2024-09-12,4.12,4.15,4.21,4.1,229562.0
2024-09-13,4.2,4.33,4.38,4.17,592927.01
2024-09-18,4.25,4.3,4.39,4.13,405177.46
2024-09-19,4.3,4.28,4.39,4.22,381800.38
2024-09-20,4.22,4.42,4.44,4.21,453843.29
2024-09-23,4.34,4.34,4.41,4.31,322690.38
2024-09-24,4.42,4.39,4.46,4.27,366776.53
2024-09-25,4.37,4.38,4.56,4.36,491748.8
2024-09-26,4.42,4.66,4.69,4.41,675109.8
2024-09-27,4.75,5.13,5.13,4.7,791192.35
2024-09-30,5.49,5.59,5.6,5.21,1256420.88
2024-10-08,6.1,5.49,6.11,5.23,1224799.99
2024-10-09,5.35,4.94,5.38,4.94,766985.72
2024-10-10,4.89,5.21,5.42,4.82,825839.25
2024-10-11,5.17,5.56,5.69,5.06,803901.33
2024-10-14,5.64,5.47,5.65,5.26,647335.55
2024-10-15,5.35,5.84,5.98,5.23,958126.76
2024-10-16,5.8,5.98,6.06,5.7,899791.56
2024-10-17,5.86,5.74,6.35,5.7,1001328.14
2024-10-18,5.74,6.31,6.31,5.7,665829.04
2024-10-21,6.59,6.94,6.94,6.38,1348848.42
2024-10-22,6.88,7.63,7.63,6.88,687320.55
2024-10-23,7.77,7.29,8.12,7.25,1800308.38
2024-10-24,7.47,8.02,8.02,7.47,366180.05
2024-10-25,8.82,8.82,8.82,8.82,83194.99
2024-10-28,8.79,9.25,9.66,8.4,2226804.52
2024-10-29,9.38,9.92,10.18,8.9,2124549.83
2024-10-30,9.38,8.94,9.57,8.93,1480813.2
2024-10-31,9.33,9.83,9.83,9.33,1164995.94
2024-11-01,10.0,8.85,10.22,8.85,1570517.75
2024-11-04,8.4,8.6,8.99,8.33,906067.22
2024-11-05,8.42,8.69,8.95,8.38,900114.02
2024-11-06,8.71,8.54,8.88,8.43,725334.76
2024-11-07,8.6,9.39,9.39,8.6,795779.28
2024-11-08,9.38,8.97,9.65,8.88,1116006.48
2024-11-11,8.9,9.48,9.6,8.9,852528.36
2024-11-12,9.45,9.99,10.41,9.45,1023902.07
2024-11-13,9.78,9.54,10.06,9.23,743008.25
2024-11-14,9.91,8.64,9.91,8.6,886554.81
2024-11-15,8.67,8.71,8.98,8.32,663574.08
2024-11-18,9.0,8.04,9.2,7.88,906741.58
2024-11-19,7.85,8.09,8.2,7.41,885336.77
2024-11-20,7.94,7.97,8.0,7.75,542679.93
2024-11-21,7.98,8.07,8.29,7.91,569340.57
2024-11-22,8.2,8.14,8.6,7.97,760316.26
2024-11-25,7.7,7.86,7.98,7.66,533384.53
2024-11-26,7.81,8.09,8.34,7.81,532033.16
2024-11-27,8.05,8.04,8.05,7.74,380469.12
2024-11-28,8.57,8.84,8.84,8.38,677355.53
2024-11-29,8.6,8.89,9.1,8.43,877415.1
2024-12-02,8.75,9.27,9.78,8.67,963240.73
2024-12-03,9.08,9.07,9.47,9.0,630080.92
2024-12-04,8.9,8.89,9.28,8.86,494321.27
2024-12-05,8.94,9.02,9.04,8.8,326023.39
2024-12-06,9.02,9.49,9.65,9.02,708891.9
2024-12-09,9.4,8.99,9.4,8.88,570176.48
2024-12-10,9.28,8.99,9.34,8.99,534274.54
2024-12-11,8.98,9.12,9.25,8.87,414368.5
2024-12-12,9.0,9.2,9.25,8.92,387444.99
2024-12-13,9.2,8.95,9.32,8.94,400344.75
2024-12-16,8.79,8.56,8.79,8.53,388234.53
2024-12-17,8.54,8.36,8.71,8.35,289111.99
2024-12-18,8.39,8.71,9.03,8.3,486241.85
2024-12-19,8.6,8.95,9.0,8.57,369652.34
2024-12-20,8.95,8.92,9.07,8.84,304132.05
2024-12-23,8.7,8.26,8.8,8.25,398410.75
2024-12-24,8.27,8.24,8.46,8.13,244494.05
2024-12-25,8.25,7.73,8.27,7.56,400716.66
2024-12-26,7.72,7.74,7.85,7.53,265323.98
2024-12-27,7.72,8.02,8.11,7.7,332234.19
2024-12-30,7.63,7.48,7.74,7.22,658624.18
2024-12-31,7.48,7.32,7.58,7.32,299388.0
2025-01-02,7.23,7.25,7.52,7.18,307195.1
2025-01-03,7.3,6.91,7.45,6.86,392405.05
2025-01-06,6.78,6.7,6.9,6.5,321402.29
2025-01-07,6.72,6.85,6.86,6.66,236841.5
2025-01-08,6.8,6.96,7.05,6.68,366920.74
2025-01-09,6.88,6.9,6.99,6.81,209080.67
2025-01-10,6.94,6.72,7.06,6.71,245929.0
2025-01-13,6.55,6.63,6.68,6.31,231848.73
2025-01-14,6.63,6.86,6.88,6.6,218837.94
2025-01-15,6.84,6.78,6.96,6.74,218676.39
2025-01-16,6.79,6.87,7.0,6.79,212780.52
2025-01-17,6.77,6.8,6.83,6.66,201219.96
2025-01-20,6.9,7.48,7.48,6.7,400798.22
2025-01-21,7.36,7.58,8.23,7.25,928768.09
2025-01-22,7.1,7.03,7.35,6.98,559390.23
2025-01-23,7.16,6.88,7.31,6.88,453150.36
2025-01-24,6.89,7.05,7.1,6.74,403265.04
2025-01-27,6.99,6.77,7.17,6.71,303623.0
2025-02-05,6.7,6.75,6.94,6.5,366680.02
2025-02-06,6.76,6.83,6.88,6.65,256377.99
2025-02-07,6.8,6.97,7.12,6.8,331227.99
2025-02-10,6.91,7.28,7.29,6.91,407276.7
2025-02-11,7.28,7.04,7.35,7.02,303697.31
2025-02-12,7.06,7.2,7.2,6.91,343298.87
2025-02-13,7.19,7.14,7.27,7.07,449288.46
2025-02-14,7.11,7.04,7.15,6.97,256836.04
2025-02-17,7.04,7.08,7.17,7.0,313918.31
2025-02-18,7.08,6.66,7.09,6.66,337017.25
2025-02-19,6.67,6.68,6.76,6.63,283191.47
2025-02-20,6.64,6.78,6.8,6.5,355609.45
2025-02-21,6.87,6.65,6.9,6.53,375325.27
2025-02-24,6.58,6.52,6.73,6.51,318681.96
2025-02-25,6.44,6.41,6.57,6.38,266472.04
2025-02-26,6.4,6.61,6.94,6.4,475058.83
2025-02-27,6.57,6.73,7.0,6.57,486923.69
2025-02-28,6.71,6.38,6.79,6.37,411843.27
2025-03-03,6.4,6.44,6.59,6.33,339497.05
2025-03-04,6.4,6.54,6.7,6.4,402756.6
2025-03-05,6.47,6.52,6.53,6.33,331349.72
2025-03-06,6.54,6.7,6.7,6.54,475708.63
2025-03-07,6.66,6.44,6.68,6.4,392389.22
2025-03-10,6.39,6.44,6.45,6.33,241211.78
2025-03-11,6.48,6.75,7.0,6.35,580681.84
2025-03-12,6.71,6.66,6.86,6.65,379950.39
2025-03-13,6.66,6.51,6.69,6.43,279961.64
2025-03-14,6.49,6.59,6.6,6.46,237564.05
2025-03-17,6.55,6.61,6.7,6.55,245800.04
2025-03-18,6.59,6.57,6.67,6.54,206442.94
2025-03-19,6.53,6.51,6.7,6.45,269877.0
2025-03-20,6.5,6.48,6.56,6.46,161662.33
2025-03-21,6.45,6.76,6.94,6.39,505532.33
2025-03-24,6.57,6.48,6.62,6.44,311536.58
2025-03-25,6.45,6.52,6.55,6.42,191873.87
2025-03-26,6.56,6.76,6.84,6.48,481270.41
2025-03-27,6.72,7.44,7.44,6.66,1063876.62
2025-03-28,7.58,7.76,8.16,7.38,1526110.31
2025-03-31,7.8,7.29,8.22,7.26,1263994.28
2025-04-01,7.39,7.23,7.5,7.2,753957.97
2025-04-02,7.23,7.06,7.33,6.99,557025.69
2025-04-03,7.05,6.97,7.15,6.88,396931.04
2025-04-07,6.48,6.27,6.5,6.27,322745.0
2025-04-08,6.0,5.71,6.14,5.64,759990.08
2025-04-09,5.6,5.92,5.99,5.15,685967.13
2025-04-10,6.0,6.1,6.25,5.92,520532.1
2025-04-11,6.01,6.29,6.33,5.96,455136.01
2025-04-14,6.23,6.34,6.4,6.23,352279.01
2025-04-15,6.33,6.28,6.56,6.2,338276.01
2025-04-16,6.23,6.17,6.35,6.02,249181.55
2025-04-17,6.13,6.24,6.42,6.13,275256.0
2025-04-18,6.24,6.43,6.46,6.21,345309.91
2025-04-21,6.32,6.39,6.45,6.2,315105.01
2025-04-22,6.35,6.42,6.52,6.35,283268.91
2025-04-23,6.39,6.43,6.47,6.34,248260.05
2025-04-24,6.46,6.34,6.48,6.28,228161.0
2025-04-25,6.31,6.25,6.55,6.25,387485.97
2025-04-28,6.31,6.18,6.36,6.15,254331.3
2025-04-29,6.18,6.26,6.4,6.14,208150.37
2025-04-30,6.3,6.35,6.49,6.3,231581.53
2025-05-06,6.32,6.46,6.46,6.32,239431.89
2025-05-07,6.55,6.56,6.66,6.49,318051.41
2025-05-08,6.52,6.66,6.83,6.52,367832.6
2025-05-09,6.66,6.44,6.7,6.4,251217.0
2025-05-12,6.5,6.47,6.58,6.43,232336.0
2025-05-13,6.52,6.49,6.59,6.47,199201.07
2025-05-14,6.58,6.6,6.66,6.43,364452.98
2025-05-15,6.59,6.52,6.6,6.43,230538.0
2025-05-16,6.5,6.52,6.68,6.48,230452.91
2025-05-19,6.73,6.96,7.17,6.73,1016331.71
2025-05-20,6.82,6.92,7.02,6.8,660698.63
2025-05-21,6.87,6.75,6.91,6.72,317861.0
2025-05-22,6.74,6.85,6.96,6.68,451632.65
2025-05-23,6.82,6.76,7.02,6.75,441885.77
2025-05-26,6.76,6.89,7.1,6.75,482177.39
2025-05-27,6.89,7.24,7.36,6.81,614176.64
2025-05-28,7.18,7.07,7.28,7.06,392410.28
2025-05-29,7.04,6.99,7.1,6.96,365030.93
2025-05-30,6.99,6.93,7.15,6.91,329410.18
2025-06-03,6.8,6.74,6.84,6.69,274245.01
2025-06-04,6.72,6.74,6.8,6.69,194982.0
2025-06-05,6.74,6.8,6.84,6.69,215671.71
2025-06-06,6.8,6.8,6.82,6.73,167370.0
2025-06-09,6.73,6.8,6.83,6.64,205141.71
2025-06-10,6.8,6.81,6.89,6.65,246618.32
2025-06-11,6.92,6.98,7.19,6.85,520693.36
2025-06-12,6.98,7.01,7.07,6.92,269537.05
2025-06-13,6.95,6.87,7.01,6.74,302552.0
2025-06-16,6.91,6.79,6.91,6.75,231795.94
2025-06-17,6.78,6.82,6.92,6.75,197343.32
2025-06-18,6.84,6.69,6.84,6.66,191231.64
2025-06-19,6.66,6.55,6.74,6.51,173791.0
2025-06-20,6.53,6.78,6.78,6.51,207266.28
2025-06-23,6.61,6.64,6.65,6.26,246024.42
2025-06-24,6.62,6.8,6.9,6.62,289806.28
2025-06-25,6.77,6.84,6.85,6.72,201693.6
2025-06-26,6.77,6.76,6.82,6.69,189958.18
2025-06-27,6.6,6.69,6.73,6.6,230124.32
2025-06-30,6.4,6.45,6.48,6.3,409853.09
2025-07-01,6.4,6.39,6.43,6.31,298443.22
2025-07-02,6.36,6.33,6.41,6.3,197455.69
2025-07-03,6.32,6.33,6.37,6.31,145788.2
2025-07-04,6.32,6.28,6.35,6.28,166488.49
2025-07-07,6.31,6.35,6.44,6.28,261208.95
2025-07-08,6.31,6.42,6.44,6.29,288870.77
2025-07-09,6.42,6.37,6.45,6.33,227419.74
2025-07-10,6.33,6.51,6.57,6.33,404666.8
2025-07-11,6.5,6.49,6.54,6.4,296723.0
2025-07-14,6.5,6.36,6.5,6.33,254909.0
2025-07-15,6.34,6.29,6.35,6.15,281671.0
2025-07-16,6.26,6.26,6.31,6.25,131711.2
2025-07-17,6.24,6.29,6.32,6.21,129477.32
2025-07-18,6.26,6.26,6.32,6.23,128856.05
2025-07-21,6.19,6.26,6.29,6.18,186790.77
2025-07-22,6.25,6.24,6.27,6.16,197610.0
2025-07-23,6.25,6.21,6.31,6.2,221485.19
2025-07-24,6.18,6.27,6.29,6.17,284057.65
2025-07-25,6.29,6.27,6.35,6.24,249946.84
2025-07-28,6.26,6.4,6.45,6.19,384673.97
2025-07-29,6.35,6.34,6.4,6.3,249789.94
2025-07-30,6.3,6.24,6.35,6.21,190513.0
2025-07-31,6.2,6.16,6.32,6.15,263844.43
2025-08-01,6.15,6.15,6.19,6.1,175856.04
2025-08-04,6.1,6.16,6.2,6.09,145122.07
2025-08-05,6.15,6.24,6.28,6.12,243160.95
2025-08-06,6.25,6.27,6.33,6.17,209057.58
2025-08-07,6.24,6.35,6.38,6.21,316692.0
2025-08-08,6.34,6.51,6.52,6.27,427945.28
2025-08-11,6.63,6.78,7.09,6.5,928654.13
2025-08-12,7.04,7.46,7.46,6.98,1143789.79
2025-08-13,7.5,7.43,7.8,7.33,1501467.16
2025-08-14,7.37,7.14,7.67,7.11,1009398.07
2025-08-15,7.18,7.33,7.42,7.13,809281.7
2025-08-18,7.6,7.7,7.84,7.47,1048525.79
2025-08-19,7.71,7.86,8.07,7.59,990845.7
2025-08-20,7.77,7.68,7.85,7.5,687451.32
2025-08-21,7.58,7.36,7.63,7.3,553413.55
2025-08-22,7.3,7.3,7.38,7.24,404734.2
2025-08-25,7.29,7.33,7.45,7.15,622575.07
2025-08-26,7.23,7.31,7.42,7.16,474261.99
2025-08-27,7.22,7.04,7.54,7.04,695064.96
2025-08-28,7.1,7.27,7.32,7.06,455984.38
2025-08-29,7.32,7.34,7.5,7.19,406501.99
2025-09-01,7.28,7.21,7.38,7.19,371467.37
2025-09-02,7.24,7.25,7.29,7.05,382426.37
2025-09-03,7.21,7.27,7.49,7.16,461939.37
2025-09-04,7.29,7.37,7.64,7.17,582740.53
2025-09-05,7.37,7.64,7.65,7.21,545300.38
2025-09-08,7.8,7.62,7.88,7.5,619590.95
2025-09-09,7.61,7.45,7.7,7.42,462226.39
2025-09-10,7.41,7.53,7.59,7.4,324475.24
2025-09-11,7.5,7.58,7.64,7.37,418633.95
2025-09-12,7.57,7.65,7.7,7.5,421506.71
2025-09-15,7.55,7.48,7.57,7.23,575588.72
2025-09-16,7.45,7.6,7.63,7.41,421317.71
2025-09-17,7.56,8.05,8.31,7.51,815406.57
2025-09-18,7.88,7.77,8.27,7.69,815379.08
2025-09-19,7.82,7.99,8.1,7.6,648807.28
2025-09-22,7.85,7.92,7.99,7.68,498043.83
2025-09-23,7.96,8.43,8.58,7.69,815002.44
2025-09-24,8.29,9.27,9.27,8.18,695478.12
2025-09-25,9.5,9.28,9.66,9.05,1160769.67
2025-09-26,9.27,9.51,10.1,9.27,1005604.27
2025-09-29,9.52,9.35,9.6,9.22,662285.1
2025-09-30,9.48,10.29,10.29,9.44,498766.79
2025-10-09,10.42,10.85,11.1,10.32,1034286.08
2025-10-10,10.74,11.94,11.94,10.68,1134482.6
2025-10-13,12.2,13.13,13.13,12.19,585087.73
2025-10-14,14.43,13.79,14.44,13.17,2261318.1
2025-10-15,13.05,12.41,13.21,12.41,886386.07
2025-10-16,11.17,11.45,11.87,11.17,1426090.11
2025-10-17,11.72,12.24,12.6,11.72,1623856.95
2025-10-20,12.67,12.02,12.94,11.81,1278647.34
2025-10-21,11.97,13.22,13.22,11.73,956926.85
2025-10-22,13.75,13.13,13.98,13.1,1313793.21
2025-10-23,14.44,14.15,14.44,13.53,1682880.5
2025-10-24,14.35,14.04,15.5,13.53,1473254.02
2025-10-27,13.83,13.3,14.04,13.24,1108572.07
2025-10-28,13.2,12.81,13.26,12.58,999026.48
2025-10-29,12.76,13.03,13.68,12.71,947899.05
2025-10-30,13.04,12.65,13.09,12.65,554281.05
2025-10-31,12.89,12.68,13.19,12.57,740091.39
2025-11-03,12.64,12.37,12.64,11.91,576470.89
2025-11-04,12.35,11.93,12.4,11.78,532427.01
2025-11-05,11.61,12.1,12.16,11.61,381435.52
2025-11-06,12.06,12.14,12.28,11.8,464306.69
2025-11-07,12.03,12.17,12.35,12.01,388961.94
2025-11-10,12.07,11.9,12.21,11.82,372610.69
2025-11-11,11.92,11.86,12.2,11.78,371621.1
2025-11-12,11.75,11.54,11.85,11.26,444079.36
2025-11-13,11.43,11.56,11.58,11.33,260543.88
2025-11-14,11.4,11.58,11.81,11.4,299967.0
2025-11-17,11.46,11.58,11.66,11.26,282605.56
2025-11-18,11.64,11.47,11.86,11.33,421721.81
2025-11-19,11.41,10.95,11.45,10.73,534211.72
2025-11-20,10.91,10.97,11.05,10.83,276204.63
2025-11-21,10.78,10.5,11.1,10.46,375899.5
2025-11-24,10.51,10.42,10.61,10.3,351104.3
2025-11-25,10.57,10.65,10.79,10.47,292361.6
2025-11-26,10.6,10.86,11.05,10.55,399060.61
2025-11-27,11.0,10.71,11.08,10.69,288297.84
2025-11-28,10.64,11.01,11.09,10.61,308501.06
2025-12-01,10.88,10.43,10.91,10.35,421976.64
2025-12-02,10.46,10.14,10.5,10.1,331722.23
2025-12-03,10.25,9.88,10.25,9.86,322771.41
2025-12-04,9.82,9.87,9.95,9.58,325255.64
2025-12-05,9.84,10.09,10.28,9.73,320332.57
2025-12-08,9.98,10.21,10.32,9.94,265392.84
2025-12-09,10.16,10.22,10.4,10.08,212673.05
2025-12-10,10.23,10.37,10.65,10.02,484503.42
2025-12-11,10.33,10.0,10.4,9.99,333614.82
2025-12-12,10.1,10.01,10.27,9.93,259931.77
2025-12-15,9.85,9.82,9.97,9.78,220117.99
2025-12-16,9.8,9.36,9.86,9.33,293074.58
2025-12-17,9.38,9.53,9.58,9.29,287554.95
2025-12-18,9.5,9.55,9.86,9.5,241883.83
2025-12-19,9.57,9.78,9.82,9.47,231190.68
2025-12-22,9.72,9.78,9.8,9.55,207885.52
2025-12-23,9.78,9.82,9.98,9.66,264023.0
2025-12-24,9.7,9.93,10.2,9.69,312742.09
2025-12-25,9.95,10.08,10.19,9.91,254595.92
2025-12-26,10.01,10.19,10.35,10.0,365186.17
2025-12-29,10.09,9.8,10.1,9.74,359448.81
2025-12-30,9.8,9.86,9.99,9.61,305371.85
2025-12-31,9.95,9.95,10.03,9.69,270369.08
2026-01-05,9.83,9.73,9.83,9.55,322187.85
2026-01-06,9.74,9.86,10.02,9.71,338023.55
2026-01-07,9.86,9.78,10.08,9.75,375044.75
2026-01-08,9.79,9.92,9.95,9.64,331266.87
2026-01-09,9.89,10.15,10.43,9.81,636636.91
2026-01-12,9.99,9.87,10.15,9.69,645665.7
2026-01-13,9.86,9.56,10.05,9.54,485984.04
2026-01-14,9.53,9.46,9.75,9.29,427127.12
2026-01-15,9.41,9.31,9.5,9.19,316069.5
2026-01-16,9.35,9.21,9.58,9.16,304919.66
2026-01-19,9.19,9.15,9.2,9.0,221728.94
2026-01-20,9.15,9.34,9.38,9.07,383671.44
2026-01-21,9.25,9.65,10.04,9.15,833403.16
2026-01-22,9.58,9.65,9.78,9.3,501899.22
2026-01-23,9.64,9.74,9.78,9.59,396711.76
2026-01-26,9.73,9.31,9.78,9.3,367292.42
2026-01-27,9.3,8.96,9.33,8.74,414147.93
2026-01-28,9.03,8.94,9.14,8.92,223594.96
2026-01-29,8.84,9.08,9.21,8.72,330729.21
2026-01-30,9.01,8.96,9.13,8.6,380400.51
2026-02-02,8.8,8.71,9.04,8.66,238645.34
2026-02-03,8.83,8.88,8.9,8.74,189438.11
2026-02-04,8.81,9.06,9.08,8.81,215642.77
2026-02-05,8.96,9.0,9.13,8.94,171485.16
2026-02-06,8.92,8.98,9.15,8.82,191868.55
2026-02-09,9.18,9.38,9.53,9.16,320629.63
2026-02-10,9.36,9.25,9.42,9.22,187287.56
2026-02-11,9.28,9.35,9.49,9.21,208754.83
2026-02-12,9.32,9.2,9.37,9.09,250183.64
2026-02-13,9.22,9.43,9.84,9.2,504210.77
2026-02-24,9.6,9.27,9.6,9.2,310211.83
2026-02-25,9.27,9.68,9.85,9.24,460823.15
2026-02-26,9.68,9.32,9.72,9.25,397019.91
2026-02-27,9.32,9.28,9.32,9.14,237261.17
2026-03-02,9.05,8.94,9.09,8.82,322868.93
2026-03-03,8.91,8.56,9.03,8.51,298327.02
2026-03-04,8.37,8.56,8.7,8.31,182373.0
2026-03-05,8.72,8.71,8.99,8.65,224832.1
2026-03-06,8.62,9.13,9.32,8.6,399069.52
2026-03-09,9.02,8.85,9.06,8.63,359697.63
2026-03-10,8.92,9.14,9.19,8.9,279199.84
2026-03-11,9.14,9.13,9.19,9.04,195758.09
2026-03-12,9.11,9.09,9.18,8.95,159067.6
2026-03-13,9.03,9.03,9.21,8.98,196765.76
2026-03-16,9.0,9.16,9.19,8.97,239468.47
2026-03-17,9.17,9.05,9.26,9.05,233330.9
2026-03-18,9.05,9.24,9.26,9.0,260689.52
2026-03-19,9.14,9.07,9.3,8.99,296256.53
2026-03-20,9.11,8.78,9.24,8.78,263502.43
2026-03-23,8.55,8.12,8.59,8.0,351661.4
2026-03-24,8.29,8.44,8.46,8.15,233189.83
2026-03-25,8.5,8.86,9.09,8.39,416957.97
2026-03-26,8.88,9.05,9.55,8.88,488675.81
2026-03-27,8.9,8.99,9.03,8.8,226626.87
2026-03-30,8.86,8.84,8.95,8.72,209466.28
2026-03-31,8.81,8.6,9.04,8.6,224100.46
2026-04-01,8.72,8.87,8.93,8.71,195809.02
2026-04-02,8.91,8.92,9.17,8.8,330700.56
2026-04-03,8.86,8.15,8.88,8.09,471328.57
2026-04-07,8.16,8.28,8.3,7.98,253392.84
2026-04-08,8.48,8.61,8.64,8.35,264997.39
2026-04-09,8.58,8.52,8.67,8.37,171588.11
2026-04-10,8.54,8.68,8.9,8.54,192626.52
2026-04-13,8.56,8.58,8.66,8.45,193594.44
2026-04-14,8.62,8.85,8.93,8.47,303714.54
2026-04-15,8.84,8.78,8.94,8.74,197441.98
2026-04-16,8.76,9.4,9.47,8.73,411581.83
2026-04-17,9.38,9.57,9.71,9.21,448093.08
2026-04-20,9.48,9.73,9.8,9.36,366511.47
2026-04-21,9.73,9.67,9.89,9.58,245264.63
2026-04-22,9.6,9.76,9.88,9.55,271652.15
2026-04-23,9.72,9.72,10.04,9.66,334089.04
2026-04-24,9.72,9.88,9.9,9.72,293293.8
2026-04-27,9.76,9.35,9.78,9.14,363387.71
2026-04-28,9.41,9.18,9.44,9.13,212435.99
2026-04-29,9.17,9.51,9.54,9.09,236285.23
2026-04-30,9.67,9.7,9.71,9.39,284857.82
2026-05-06,9.59,9.47,9.62,9.3,426100.58
2026-05-07,9.63,9.44,9.64,9.3,289643.16
2026-05-08,9.41,9.45,9.63,9.37,247958.96
2026-05-11,9.36,9.5,9.58,9.25,337625.86
2026-05-12,9.6,10.45,10.45,9.48,814303.9
2026-05-13,10.63,10.38,10.99,10.33,1278247.59
2026-05-14,10.38,9.94,10.45,9.93,630318.14
2026-05-15,9.95,9.72,10.25,9.62,468012.5
2026-05-18,9.79,10.69,10.69,9.79,344267.73
2026-05-19,10.98,11.14,11.25,10.66,942127.71
2026-05-20,11.21,10.86,11.25,10.75,507032.55
2026-05-21,10.86,10.46,11.18,10.45,564050.99
2026-05-22,10.62,10.88,11.08,10.45,481893.68
2026-05-25,10.89,10.42,10.94,10.13,517737.42
2026-05-26,10.34,10.26,10.43,9.92,350798.67
2026-05-27,10.2,9.85,10.32,9.83,361822.89
2026-05-28,9.77,9.57,9.83,9.35,361895.16
2026-05-29,9.64,9.1,9.8,9.05,415295.72
2026-06-01,9.04,8.88,9.13,8.87,278446.99
2026-06-02,8.95,8.85,9.35,8.76,402704.1
2026-06-03,8.73,8.49,8.75,8.38,377181.4
2026-06-04,8.44,8.4,8.63,8.32,262552.55
2026-06-05,8.41,8.51,8.69,8.21,347372.09
2026-06-08,8.25,7.96,8.3,7.92,390589.69
2026-06-09,8.04,7.96,8.06,7.59,292360.71
2026-06-10,7.95,8.0,8.19,7.83,255529.51
2026-06-11,7.89,7.85,7.89,7.66,228459.39
2026-06-12,7.85,7.85,8.03,7.72,237789.61
2026-06-15,7.85,7.88,8.06,7.76,205887.9
2026-06-16,7.85,7.93,8.08,7.65,334825.19
2026-06-17,7.86,7.74,7.92,7.69,219717.0
2026-06-18,7.75,8.21,8.51,7.72,616634.2
2026-06-22,8.1,7.79,8.1,7.58,428637.47
2026-06-23,7.71,7.86,8.1,7.65,282659.58
2026-06-24,7.82,7.52,7.82,7.43,282977.48
2026-06-25,7.45,7.36,7.52,7.23,226708.23
2026-06-26,7.3,7.17,7.44,7.16,191677.14
2026-06-29,7.17,7.33,7.41,7.08,226755.25
2026-06-30,7.34,7.48,7.52,7.22,150105.13
2026-07-01,7.5,7.53,7.65,7.4,179676.65
2026-07-02,7.52,7.35,7.58,7.31,158834.1
2026-07-03,7.38,7.41,7.54,7.34,159104.13
2026-07-06,7.41,7.09,7.42,7.08,210631.59
2026-07-07,7.0,6.8,7.08,6.75,172966.75
2026-07-08,6.8,6.78,6.86,6.65,140327.5
2026-07-09,6.75,6.84,6.89,6.64,150705.05
2026-07-10,6.86,7.08,7.39,6.83,329705.44
2026-07-13,7.01,6.61,7.22,6.61,251331.16
2026-07-14,6.57,6.47,6.57,6.37,233152.0
2026-07-15,6.38,6.48,6.53,6.32,161629.0
2026-07-16,6.42,6.56,6.69,6.37,192305.7
2026-07-17,6.5,6.07,6.6,6.07,253522.66
2026-07-20,6.13,5.82,6.21,5.74,292090.6
2026-07-21,5.88,5.98,6.07,5.58,304753.26
2026-07-22,5.88,5.92,6.04,5.83,165893.17
2026-07-23,5.9,6.14,6.16,5.86,221512.7
2026-07-24,6.04,6.05,6.15,5.98,148374.14
2026-07-27,6.0,6.34,6.45,5.97,255046.0
2026-07-28,6.5,6.43,6.69,6.29,330306.0
2026-07-29,6.34,6.51,6.53,6.25,282321.57
2026-07-30,6.45,6.37,6.61,6.34,222568.08
2026-07-31,6.35,6.52,6.68,6.34,240110.94
2026-08-03,6.48,6.62,6.64,6.48,165068.73
2026-08-04,6.6,6.7,6.74,6.58,178471.67
2026-08-05,6.67,6.79,6.8,6.66,161646.01
2026-08-06,6.78,6.83,6.85,6.62,204918.0
2026-08-07,6.82,6.73,6.82,6.61,159649.55
2026-08-10,6.74,6.85,6.9,6.64,194579.01
2026-08-11,6.83,6.79,6.91,6.69,173238.5
2026-08-12,6.81,7.0,7.01,6.8,242524.68
2026-08-13,7.03,7.7,7.7,6.89,388402.69
2026-08-14,7.5,7.52,7.64,7.29,471798.88
2026-08-17,7.5,7.33,7.51,7.2,226482.29
2026-08-18,7.36,7.31,7.39,7.17,182588.34
2026-08-19,7.34,6.91,7.35,6.91,236635.4
2026-08-20,7.02,7.14,7.32,6.93,233570.72
2026-08-21,7.08,7.06,7.11,6.9,127320.0
2026-08-24,7.06,6.88,7.17,6.83,157521.99
2026-08-25,6.88,7.15,7.25,6.85,193382.86
2026-08-26,7.05,7.11,7.2,7.04,152723.97
2026-08-27,7.07,7.34,7.47,7.05,240053.75
2026-08-28,7.34,7.48,7.65,7.3,301010.24
2026-08-31,7.52,7.18,7.8,7.12,456191.22
2026-09-01,7.0,7.2,7.24,6.98,221708.76
2026-09-02,7.08,7.04,7.17,6.95,156452.83
2026-09-03,7.04,6.98,7.11,6.94,127671.67
2026-09-04,7.0,7.01,7.2,6.98,185097.73
2026-09-07,6.98,7.11,7.15,6.95,110904.67
2026-09-08,7.12,7.36,7.51,7.08,291656.23
2026-09-09,7.31,7.19,7.32,7.16,161200.31
2026-09-10,7.16,7.07,7.17,7.05,118703.28
2026-09-11,6.99,6.85,6.99,6.75,163370.0
2026-09-14,6.77,6.79,6.85,6.7,78903.32
2026-09-15,6.76,6.63,6.79,6.62,93696.07
2026-09-16,6.6,6.74,6.78,6.58,101277.11
2026-09-17,6.68,6.87,6.96,6.66,130855.24
2026-09-18,6.82,7.06,7.08,6.82,149390.81
