date,open,close,high,low,volume
2013-01-04,8.43,8.79,8.79,8.2,193120.52
2013-01-07,8.98,9.67,9.67,8.94,199513.27
2013-01-08,10.0,10.64,10.64,10.0,112124.27
2013-01-09,11.19,9.99,11.19,9.67,275956.29
2013-01-10,10.0,10.99,10.99,9.74,275551.68
2013-01-11,10.73,11.12,11.96,10.43,314700.43
2013-01-14,11.04,11.27,11.7,10.51,229305.61
2013-01-15,11.18,11.04,11.58,11.02,188724.56
2013-01-16,10.72,10.43,10.79,10.29,167801.1
2013-01-17,10.43,10.33,10.62,10.16,109160.78
2013-01-18,10.31,10.43,10.52,10.23,73428.15
2013-01-21,10.46,10.32,10.49,10.23,67977.78
2013-01-22,10.35,10.99,11.17,9.93,204645.33
2013-01-23,10.67,12.09,12.09,10.63,277201.05
2013-01-24,12.4,12.47,13.22,12.33,265448.88
2013-01-25,11.88,13.72,13.72,11.83,289655.48
2013-01-28,13.48,13.34,13.88,12.83,236352.06
2013-01-29,13.14,13.23,14.42,12.96,212676.5
2013-01-30,12.94,12.55,13.15,12.35,158250.08
2013-01-31,12.38,12.3,12.83,12.26,103379.14
2013-02-01,12.32,12.73,13.03,12.32,132170.63
2013-02-04,12.66,12.01,13.05,11.63,111688.45
2013-02-05,11.89,11.51,11.89,11.17,109224.07
2013-02-06,11.49,11.69,11.96,11.28,91839.07
2013-02-07,11.65,11.58,11.79,11.29,65113.11
2013-02-08,11.6,11.58,11.71,11.42,57811.78
2013-02-18,11.64,12.74,12.74,11.64,159890.99
2013-02-19,12.79,13.33,13.79,12.79,195544.94
2013-02-20,13.29,13.27,13.48,12.53,123143.19
2013-02-21,13.1,13.8,14.04,12.77,169891.63
2013-02-22,13.63,13.0,14.18,12.91,142014.26
2013-02-25,12.54,12.67,12.99,12.53,83639.43
2013-02-26,12.54,12.6,13.26,12.25,93119.64
2013-02-27,12.54,12.69,12.79,12.29,67232.06
2013-02-28,12.65,13.1,13.29,12.61,97900.35
2013-03-01,13.11,13.22,13.38,12.84,94925.58
2013-03-04,12.97,12.37,13.17,12.29,78324.13
2013-03-05,12.37,12.54,12.77,12.3,50765.16
2013-03-06,12.5,12.75,12.76,12.49,52467.19
2013-03-07,12.86,12.8,13.19,12.57,75477.27
2013-03-08,12.8,13.42,14.01,12.66,162183.56
2013-03-11,13.42,12.8,13.58,12.73,90903.69
2013-03-12,12.73,11.99,12.8,11.59,95667.24
2013-03-13,11.8,12.29,12.65,11.66,61950.3
2013-03-14,12.23,12.17,12.46,12.12,30893.02
2013-03-15,11.77,11.81,12.18,11.63,46592.3
2013-03-18,11.65,11.6,11.94,11.59,31084.36
2013-03-19,11.61,11.28,11.79,11.02,42670.42
2013-03-20,11.23,11.75,11.95,11.23,53926.77
2013-03-21,11.81,11.9,11.99,11.69,41319.66
2013-03-22,11.94,11.88,12.0,11.73,36096.81
2013-03-25,11.93,11.71,11.94,11.58,25170.85
2013-03-26,11.66,12.09,12.1,11.66,56731.18
2013-03-27,12.04,11.94,12.25,11.8,43810.67
2013-03-28,11.81,11.12,11.81,11.12,47267.79
2013-03-29,11.12,11.23,11.47,11.12,35627.3
2013-04-01,11.34,11.42,11.5,11.16,24936.05
2013-04-02,11.43,11.82,11.95,11.43,60657.45
2013-04-03,11.83,11.71,11.92,11.53,24965.23
2013-04-08,11.73,12.55,12.89,11.73,138342.55
2013-04-09,12.37,12.39,13.03,12.29,125706.96
2013-04-10,12.2,11.73,12.22,11.41,71882.5
2013-04-11,11.84,11.61,11.91,11.5,30122.36
2013-04-12,11.55,11.65,11.81,11.55,26006.94
2013-04-15,11.7,11.25,11.73,11.18,31593.01
2013-04-16,11.25,11.35,11.42,11.05,21872.99
2013-04-17,11.35,11.42,11.43,11.28,21824.84
2013-04-18,11.42,11.44,11.64,11.35,26130.01
2013-04-19,11.44,11.63,11.74,11.44,34549.85
2013-04-22,11.61,11.97,11.99,11.5,55216.88
2013-04-23,12.03,11.4,12.03,11.37,47686.63
2013-04-24,11.41,11.66,11.91,11.41,44276.4
2013-04-25,11.58,11.33,11.78,11.33,36117.4
2013-04-26,11.23,11.19,11.48,11.18,20603.16
2013-05-02,11.12,11.25,11.35,11.12,12874.75
2013-05-03,11.19,11.37,11.49,11.19,20750.44
2013-05-06,11.41,11.81,11.95,11.32,61061.43
2013-05-07,11.71,11.6,11.75,11.51,40101.82
2013-05-08,11.61,12.64,12.73,11.61,139764.68
2013-05-09,12.57,12.26,12.57,12.07,96847.04
2013-05-10,12.76,12.45,13.42,12.44,139644.78
2013-05-13,11.88,12.18,12.39,11.81,64175.6
2013-05-14,12.02,11.8,12.25,11.69,45312.09
2013-05-15,11.84,12.3,12.39,11.74,64793.12
2013-05-16,12.27,12.17,12.48,12.04,65812.15
2013-05-17,12.3,12.88,13.15,12.27,131968.21
2013-05-20,13.88,14.17,14.17,13.55,145809.13
2013-05-21,14.86,15.18,15.41,14.67,251065.86
2013-05-22,14.7,14.57,14.99,14.18,118633.38
2013-05-23,14.6,13.96,14.68,13.92,112355.19
2013-05-24,13.95,14.32,14.68,13.93,101838.56
2013-05-27,14.16,14.42,14.47,13.8,87593.04
2013-05-28,14.19,13.98,14.25,13.88,57426.25
2013-05-29,14.21,14.3,14.64,14.13,80957.29
2013-05-30,14.0,13.99,14.18,13.83,64171.06
2013-05-31,14.0,13.7,14.18,13.69,50996.63
2013-06-03,13.72,14.05,14.18,13.72,57983.27
2013-06-04,13.96,13.4,14.03,13.33,52950.57
2013-06-05,13.39,13.29,13.52,13.11,32279.08
2013-06-06,13.34,13.17,13.62,13.17,36129.68
2013-06-07,13.1,12.61,13.32,12.5,42769.8
2013-06-13,12.47,12.53,12.56,11.51,37581.19
2013-06-14,12.65,13.52,13.72,12.58,78712.5
2013-06-17,13.42,13.58,14.47,13.39,104338.2
2013-06-18,13.49,13.65,13.92,13.07,49236.71
2013-06-19,13.42,13.56,13.88,13.13,32607.37
2013-06-20,13.33,13.57,14.08,13.16,72712.25
2013-06-21,13.15,14.08,14.2,12.73,72830.71
2013-06-24,14.26,12.96,14.55,12.8,81814.19
2013-06-25,12.42,13.04,13.25,11.66,71986.32
2013-06-26,13.04,13.66,14.0,12.75,78569.43
2013-06-27,13.57,12.53,13.88,12.53,91316.58
2013-06-28,12.27,12.34,12.93,11.87,70399.24
2013-07-01,12.13,12.79,12.93,12.13,49813.12
2013-07-02,12.88,13.2,13.58,12.73,75576.96
2013-07-03,13.19,13.63,13.76,12.86,92715.07
2013-07-04,13.42,14.78,14.99,13.42,176933.74
2013-07-05,14.55,13.72,14.76,13.71,136167.28
2013-07-08,13.57,12.96,13.57,12.73,69186.51
2013-07-09,12.82,13.25,13.43,12.82,45039.89
2013-07-10,13.26,13.75,14.01,13.25,62090.27
2013-07-11,13.75,13.7,14.03,13.31,75055.96
2013-07-12,13.72,13.97,14.52,13.72,101290.12
2013-07-15,13.8,14.64,14.75,13.74,107146.64
2013-07-16,14.63,15.69,16.1,14.26,170331.86
2013-07-17,15.65,17.26,17.26,15.4,230948.37
2013-07-18,18.98,18.99,18.99,18.58,76808.72
2013-07-19,20.68,20.89,20.89,19.94,254133.38
2013-07-22,20.71,22.88,22.98,20.41,279416.25
2013-07-23,22.23,22.5,22.98,21.62,214321.72
2013-07-24,23.27,24.74,24.75,22.46,291866.42
2013-07-25,24.21,22.85,24.28,22.85,199587.91
2013-07-26,23.09,22.08,23.53,21.32,190572.58
2013-07-29,21.5,21.27,22.32,21.17,124639.55
2013-07-30,21.47,20.57,21.7,19.84,138715.65
2013-07-31,20.74,20.41,21.1,20.35,120604.95
2013-08-01,20.31,21.76,22.14,20.27,160913.76
2013-08-02,21.62,20.61,21.96,20.48,132865.71
2013-08-05,20.84,21.07,21.24,20.32,101288.73
2013-08-06,20.78,21.99,22.36,20.78,156871.81
2013-08-07,21.77,20.81,21.77,20.68,106078.04
2013-08-08,20.47,20.64,21.13,20.32,63855.69
2013-08-09,20.82,19.86,21.07,19.2,102843.6
2013-08-12,19.86,19.85,20.0,19.07,81432.34
2013-08-13,19.84,20.73,21.44,19.63,132105.5
2013-08-14,20.47,20.88,21.39,20.09,118492.79
2013-08-15,20.5,21.79,22.66,20.32,200371.97
2013-08-16,21.77,21.0,22.52,20.94,147630.75
2013-08-19,20.43,21.1,21.38,20.17,76519.1
2013-08-20,21.02,22.5,23.08,20.87,173295.96
2013-08-21,22.23,22.19,22.83,21.83,99946.48
2013-08-22,22.01,22.2,22.54,21.91,88219.16
2013-08-23,22.21,22.7,23.05,21.62,147425.48
2013-08-26,22.77,22.68,23.42,22.29,124704.07
2013-08-27,22.65,23.08,23.34,21.77,145469.41
2013-08-28,22.84,23.2,24.26,22.53,182553.83
2013-08-29,22.64,23.54,23.89,22.23,124004.76
2013-08-30,23.53,21.19,23.54,21.19,131060.57
2013-09-02,20.16,21.53,21.93,20.16,71355.89
2013-09-03,21.33,21.76,22.16,21.33,66374.22
2013-09-04,21.66,21.24,21.66,21.07,61700.89
2013-09-05,21.47,21.73,22.22,21.17,90544.1
2013-09-06,21.7,22.01,22.09,21.36,73936.04
2013-09-09,22.52,21.66,22.66,21.33,67891.22
2013-09-10,21.45,20.93,21.76,20.71,80866.54
2013-09-11,20.91,20.08,21.08,19.56,63634.88
2013-09-12,20.01,20.09,20.64,19.95,38537.26
2013-09-13,19.99,20.41,20.57,19.59,45518.6
2013-09-16,20.44,20.87,21.35,20.22,66470.8
2013-09-17,20.87,20.38,20.87,20.33,37135.3
2013-09-18,20.38,21.42,21.75,20.38,85272.33
2013-09-23,21.85,22.42,22.6,21.09,121315.46
2013-09-24,22.45,22.45,23.33,22.02,125669.71
2013-09-25,22.45,24.69,24.69,22.0,233175.44
2013-09-26,25.3,23.11,25.53,22.92,207954.25
2013-09-27,22.98,23.08,23.75,22.63,103885.29
2013-09-30,22.81,23.48,24.49,22.63,106621.84
2013-10-08,23.67,23.05,23.99,22.73,88384.95
2013-10-09,22.85,22.91,23.11,22.39,79961.73
2013-10-10,22.99,22.2,23.37,22.06,79712.92
2013-10-11,22.09,22.49,22.58,21.16,76684.04
2013-10-14,22.27,22.47,22.63,22.0,45273.29
2013-10-15,22.47,21.85,22.54,21.7,45905.93
2013-10-16,21.83,20.43,21.97,19.92,60732.34
2013-10-17,20.41,20.28,20.81,19.95,38077.27
2013-10-18,20.39,20.62,20.81,20.21,28493.91
2013-10-21,20.62,21.06,21.3,20.43,30892.67
2013-10-22,21.01,19.97,21.01,19.92,52167.22
2013-10-23,20.0,19.98,20.23,19.43,26404.04
2013-10-24,19.9,19.97,20.16,19.76,15653.95
2013-10-25,19.97,18.94,20.11,18.02,31640.22
2013-10-28,18.86,19.67,19.7,18.79,24162.47
2013-10-29,19.55,19.12,19.82,18.64,29417.66
2013-10-30,18.83,19.17,19.69,18.83,23584.64
2013-10-31,18.94,18.23,19.01,18.23,20119.92
2013-11-01,18.25,17.81,18.51,17.52,20840.42
2013-11-04,17.63,17.58,18.0,17.55,19364.82
2013-11-05,17.56,18.18,18.28,17.33,25972.31
2013-11-06,18.15,17.79,18.44,17.79,25542.1
2013-11-07,17.7,17.9,18.48,17.59,23140.61
2013-11-08,17.92,18.09,18.21,17.71,19435.08
2013-11-11,18.09,18.21,18.54,17.62,24136.83
2013-11-12,18.36,18.28,18.39,17.92,19939.67
2013-11-13,18.14,18.26,18.81,18.07,27305.08
2013-11-14,18.33,18.64,18.7,18.06,29684.99
2013-11-15,18.64,19.0,19.55,18.52,44486.08
2013-11-18,19.17,19.24,19.28,18.84,36476.53
2013-11-19,19.24,19.29,19.6,19.08,34712.66
2013-11-20,19.33,19.13,19.54,18.92,26309.25
2013-11-21,19.1,18.83,19.13,18.79,24685.51
2013-11-22,18.84,18.35,18.97,18.15,33097.31
2013-11-25,18.22,17.94,18.35,17.93,18762.55
2013-11-26,17.94,18.09,18.22,17.94,18544.59
2013-11-27,18.13,18.96,19.11,18.02,43680.53
2013-11-28,18.98,18.77,19.11,18.66,27911.21
2013-11-29,18.79,18.96,19.04,18.78,26131.4
2013-12-02,18.66,17.1,18.66,17.08,34712.94
2013-12-03,17.02,17.21,17.44,16.78,20185.74
2013-12-04,17.1,17.23,17.56,17.1,24420.45
2013-12-05,17.23,17.06,17.43,17.03,18115.39
2013-12-06,17.06,16.63,17.12,16.02,35790.48
2013-12-09,16.63,16.93,17.03,16.6,22228.99
2013-12-10,16.93,16.83,17.13,16.75,22151.67
2013-12-11,16.83,16.87,17.03,16.65,19692.74
2013-12-12,16.67,17.53,18.01,16.65,59558.36
2013-12-13,17.41,17.11,17.41,17.01,24884.42
2013-12-16,17.15,17.47,17.51,17.06,31889.87
2013-12-17,17.42,16.85,17.42,16.45,24724.63
2013-12-18,16.83,16.44,16.83,16.1,22988.09
2013-12-19,16.36,16.25,16.7,16.24,14514.05
2013-12-20,16.29,15.62,16.35,15.51,18803.19
2013-12-23,15.62,15.18,15.77,14.72,28474.32
2013-12-24,14.98,15.07,15.32,14.84,16475.56
2013-12-25,15.12,15.54,15.54,14.84,25121.29
2013-12-26,15.55,15.41,15.64,15.13,20926.92
2013-12-27,15.35,15.79,15.79,15.33,29456.08
2013-12-30,15.76,15.65,15.84,15.56,20151.54
2013-12-31,15.6,15.76,15.86,15.41,20866.75
2014-01-02,15.84,16.47,16.54,15.79,35376.55
2014-01-03,16.33,16.48,16.48,16.16,25333.44
2014-01-06,16.25,15.91,16.45,15.91,17981.07
2014-01-07,15.78,15.82,16.0,15.69,11599.73
2014-01-08,15.82,16.44,16.51,15.79,39098.5
2014-01-09,16.35,17.2,17.92,16.21,75802.09
2014-01-10,16.87,16.6,17.2,16.56,36676.0
2014-01-13,16.73,16.42,16.88,16.33,19670.7
2014-01-14,16.47,16.86,16.86,16.41,23664.76
2014-01-15,16.87,16.86,16.98,16.64,23244.97
2014-01-16,16.9,16.83,17.08,16.72,26924.99
2014-01-17,16.76,16.77,16.96,16.19,23939.67
2014-01-20,16.59,16.25,16.61,16.15,15706.77
2014-01-21,16.33,17.03,17.03,16.26,39317.81
2014-01-22,16.96,17.71,17.96,16.87,56510.37
2014-01-30,19.17,19.48,19.48,18.51,34356.0
2014-02-07,20.36,20.7,21.39,20.01,118480.35
2014-02-10,21.77,20.86,22.16,20.55,112982.95
2014-02-11,20.39,20.18,20.68,19.92,95131.77
2014-02-12,20.12,20.02,20.32,19.47,71224.81
2014-02-13,19.97,19.92,20.22,19.56,61320.01
2014-02-14,19.88,20.12,20.31,19.6,59532.17
2014-02-17,20.26,20.1,20.32,19.69,56748.32
2014-02-18,20.07,19.43,20.07,19.32,51872.38
2014-02-19,19.41,19.66,19.76,19.28,41976.14
2014-02-20,19.55,18.71,19.63,18.71,41380.72
2014-02-21,18.67,19.01,19.01,18.58,27819.76
2014-02-24,18.78,19.58,19.66,18.63,56129.11
2014-04-09,21.53,21.53,21.53,21.53,6271.03
2014-04-10,23.69,23.69,23.69,23.69,4382.35
2014-04-11,26.06,26.06,26.06,26.06,61849.72
2014-04-14,26.06,26.97,27.98,24.55,254768.0
2014-04-15,26.06,26.87,27.98,25.55,167070.62
2014-04-16,26.45,25.57,26.79,25.45,108328.87
2014-04-17,25.58,24.66,25.8,24.45,101537.88
2014-04-18,24.44,24.84,25.18,24.3,57732.16
2014-04-21,24.53,24.33,25.02,24.15,50199.97
2014-04-22,24.35,24.65,24.99,24.0,58952.93
2014-04-23,24.76,23.34,24.76,23.16,57132.28
2014-04-24,23.34,23.38,23.74,22.85,49535.71
2014-04-25,23.21,23.02,23.56,22.89,34205.5
2014-04-28,22.84,20.74,22.84,20.72,73728.82
2014-04-29,21.08,21.2,21.32,20.74,40374.64
2014-04-30,21.07,22.04,22.17,20.97,51891.6
2014-05-05,21.78,22.29,22.45,21.69,35135.27
2014-05-06,22.29,21.93,22.31,21.88,34210.6
2014-05-07,22.0,23.07,24.12,22.0,97005.81
2014-05-08,22.62,22.81,23.15,21.93,43879.74
2014-05-09,22.28,21.31,22.61,20.86,48796.16
2014-05-12,21.56,21.86,22.07,21.01,37332.29
2014-05-13,21.89,21.68,22.14,21.47,28989.7
2014-05-14,21.5,21.36,21.84,21.31,22878.87
2014-05-15,21.35,20.74,21.43,20.61,32963.65
2014-05-16,20.85,20.58,20.92,20.33,18369.24
2014-05-19,20.61,20.89,21.13,20.55,25253.37
2014-05-20,20.81,21.27,21.66,20.81,36718.59
2014-05-21,21.44,21.31,21.49,20.87,21294.71
2014-05-22,21.3,21.16,21.56,21.11,27894.96
2014-05-23,20.99,21.54,21.57,20.95,31088.1
2014-05-26,21.68,22.55,22.6,21.47,64555.46
2014-05-27,22.31,22.02,22.49,21.93,41102.99
2014-05-28,21.94,22.45,22.59,21.85,46239.15
2014-05-29,22.5,21.73,22.74,21.71,43209.08
2014-05-30,21.6,21.37,21.93,21.14,29879.16
2014-06-03,21.9,22.04,22.74,21.9,52697.45
2014-06-04,22.16,22.37,22.42,21.62,39304.43
2014-06-05,22.23,23.46,23.86,22.06,98538.31
2014-06-06,23.31,22.84,23.31,22.69,54685.86
2014-06-09,22.85,22.62,23.31,22.52,35676.13
2014-06-10,22.83,23.07,23.09,22.02,46319.3
2014-06-11,22.83,22.92,23.36,22.76,38348.26
2014-06-12,22.93,23.23,23.26,22.62,48160.16
2014-06-13,23.31,23.13,23.4,23.04,42458.76
2014-06-16,23.15,23.8,23.86,22.92,60491.78
2014-06-17,23.61,22.99,23.61,22.98,46286.81
2014-06-18,23.11,22.31,23.11,22.14,44678.55
2014-06-19,22.22,21.43,22.44,21.22,33749.62
2014-06-20,21.44,21.72,21.99,21.44,20135.74
2014-06-23,21.74,21.76,22.02,21.53,17332.39
2014-06-24,21.62,21.76,21.97,21.24,25633.02
2014-06-25,21.48,21.3,21.58,21.24,24025.58
2014-06-26,21.34,21.75,21.91,21.32,31183.36
2014-06-27,21.75,21.64,21.88,21.49,19121.8
2014-06-30,21.64,21.53,21.74,21.35,24253.17
2014-07-01,21.53,23.0,23.37,21.47,87845.11
2014-07-02,22.85,22.83,23.12,22.52,56703.12
2014-07-03,22.95,22.78,23.11,22.62,38361.66
2014-07-04,22.78,22.86,23.07,22.6,32611.88
2014-07-07,23.24,23.07,23.73,22.86,36459.46
2014-07-08,22.85,22.78,22.96,22.39,25053.33
2014-07-09,22.62,22.05,22.98,21.95,25998.86
2014-07-10,21.74,21.5,22.16,21.47,23608.29
2014-07-11,21.47,21.79,21.98,21.43,22352.01
2014-07-14,21.54,21.78,22.06,21.54,21956.53
2014-07-15,22.09,22.35,22.65,21.86,41485.11
2014-07-16,23.06,22.91,23.9,22.69,94946.72
2014-07-17,22.94,21.82,22.97,21.7,42924.09
2014-07-18,21.54,21.74,21.93,21.16,28091.21
2014-07-21,21.66,21.78,21.96,21.62,18156.24
2014-07-22,21.7,21.79,21.82,21.5,23724.03
2014-07-23,21.75,21.5,21.92,21.38,23833.97
2014-07-24,21.53,21.29,21.73,21.18,29664.28
2014-07-25,21.4,21.4,21.43,21.16,17189.55
2014-07-28,21.4,21.74,21.87,21.4,23843.26
2014-07-29,21.74,22.19,22.51,21.73,40948.17
2014-07-30,22.19,22.09,22.19,21.93,25167.51
2014-07-31,22.08,22.56,22.59,22.0,51710.79
2014-08-01,22.94,22.12,22.97,22.12,31767.57
2014-08-04,21.37,22.08,22.33,21.33,24892.66
2014-08-05,22.09,22.27,22.51,21.82,32707.49
2014-08-06,22.27,22.27,22.43,22.08,22789.08
2014-08-07,22.22,22.07,22.41,22.04,23262.4
2014-08-08,22.11,22.06,22.22,21.91,19554.23
2014-08-11,22.15,22.28,22.39,22.05,23092.96
2014-08-12,22.23,22.35,22.37,22.09,23963.14
2014-08-13,22.39,22.9,22.91,22.22,61894.29
2014-08-14,22.69,22.42,22.84,22.35,33227.86
2014-08-15,22.42,22.39,22.61,22.08,28625.05
2014-08-18,22.39,22.98,23.08,22.27,66714.99
2014-08-19,24.15,25.28,25.28,23.77,219572.42
2014-08-20,24.57,24.11,24.78,23.92,117395.03
2014-08-21,23.92,25.49,25.98,23.45,149929.45
2014-08-22,24.84,24.62,25.72,24.6,104020.14
2014-08-25,24.62,24.29,24.97,24.11,54528.33
2014-08-26,24.23,23.54,24.23,23.15,62921.15
2014-08-27,23.43,23.55,23.95,23.32,31411.58
2014-08-28,23.84,24.45,24.76,23.38,64301.74
2014-08-29,24.44,24.19,24.44,23.78,38486.11
2014-09-01,24.23,24.6,24.81,24.0,46978.88
2014-09-02,24.6,24.62,24.75,24.3,54809.74
2014-09-03,24.7,25.06,25.37,24.45,89844.8
2014-09-04,24.75,24.83,24.95,24.45,58306.13
2014-09-05,24.73,24.47,24.9,24.37,38935.68
2014-09-09,24.49,25.01,25.28,24.39,56400.52
2014-09-10,25.08,25.03,25.22,24.82,39947.03
2014-09-11,24.84,25.07,25.54,24.84,67402.18
2014-09-12,25.13,24.78,25.17,24.55,39890.32
2014-09-15,25.03,25.3,25.43,24.91,64504.15
2014-09-16,25.22,24.06,25.43,23.9,53103.27
2014-09-17,24.06,24.53,24.77,24.06,32245.4
2014-09-18,24.59,25.28,25.31,24.39,60112.45
2014-09-19,25.45,25.18,25.72,24.79,41948.05
2014-09-22,25.31,24.26,25.44,24.19,39625.12
2014-09-23,24.26,24.38,24.91,24.13,26669.81
2014-09-24,24.38,24.23,24.38,23.75,41619.66
2014-09-25,24.24,24.06,24.42,23.78,40104.86
2014-09-26,24.06,24.26,24.53,23.87,35065.51
2014-09-29,24.43,24.13,24.44,24.07,25779.41
2014-09-30,24.16,24.69,24.76,24.16,42698.88
2014-10-08,24.69,24.64,24.93,24.54,35278.22
2014-10-09,24.62,24.35,24.74,24.23,39734.26
2014-10-10,24.18,23.77,24.21,23.68,37872.01
2014-10-13,23.79,23.85,23.96,23.67,20230.49
2014-10-14,23.86,23.6,23.93,23.54,21284.9
2014-10-15,23.61,23.69,23.79,23.35,23668.55
2014-10-16,23.69,23.31,23.72,23.23,18277.02
2014-10-17,23.31,22.81,23.39,22.77,21407.9
2014-10-20,23.0,23.06,23.14,22.83,16507.97
2014-10-21,23.01,22.57,23.09,22.56,18789.56
2014-10-22,22.59,22.39,22.76,22.35,15545.6
2014-10-23,22.41,21.75,22.41,21.7,21857.54
2014-10-24,21.73,22.0,22.31,21.46,21549.71
2014-10-27,21.99,21.96,22.15,21.62,13874.54
2014-10-28,22.09,22.39,22.39,22.09,26580.64
2014-10-29,22.4,22.55,22.57,22.23,27773.29
2014-10-30,22.54,22.4,22.63,22.37,23615.18
2014-10-31,22.4,22.25,22.5,22.05,27244.99
2014-11-03,22.17,22.23,22.46,22.09,16176.98
2014-11-04,22.32,21.98,22.39,21.89,20886.0
2014-11-05,22.0,21.85,22.15,21.85,13530.77
2014-11-06,21.85,22.04,22.05,21.6,23967.15
2014-11-07,22.0,21.76,22.19,21.73,19573.28
2014-11-10,21.93,21.99,22.12,21.77,17804.1
2014-11-11,22.08,20.75,22.2,20.47,46386.24
2014-11-12,20.76,20.9,20.99,20.63,18021.85
2014-11-13,20.91,20.24,21.08,20.09,24748.55
2014-11-14,20.32,20.39,20.47,20.16,14007.71
2014-11-17,20.39,21.2,21.72,20.3,34162.01
2014-11-18,21.16,21.24,21.62,21.01,19078.13
2014-11-19,21.66,21.76,21.92,21.39,33037.23
2014-11-20,21.48,21.36,21.74,21.3,16343.1
2014-11-21,21.36,21.66,21.84,21.29,29568.32
2014-11-24,22.02,21.66,22.08,21.53,29763.97
2014-11-25,21.7,21.61,21.77,21.31,28367.93
2014-11-26,21.61,21.39,21.68,21.3,27696.02
2014-11-27,21.45,21.43,21.69,21.33,24700.19
2014-11-28,21.54,21.33,21.54,21.16,25879.51
2014-12-01,22.09,22.42,23.01,22.08,87939.67
2014-12-02,22.34,22.17,22.34,21.81,41513.12
2014-12-03,22.23,22.52,22.92,21.85,61359.07
2014-12-04,22.46,22.52,22.67,22.0,51977.9
2014-12-05,22.5,21.83,22.5,21.39,45800.88
2014-12-08,21.83,22.09,22.58,21.31,42912.07
2014-12-09,21.62,21.77,23.0,21.48,86961.42
2014-12-10,21.77,23.04,23.04,21.7,96438.64
2014-12-11,23.04,22.54,23.3,22.25,57499.39
2014-12-12,23.0,23.02,23.46,22.62,65056.56
2014-12-15,23.14,23.73,23.9,22.75,76465.98
2014-12-16,23.88,23.43,23.9,23.12,45316.06
2014-12-17,23.21,22.81,23.38,22.64,38902.65
2014-12-18,23.57,22.85,23.57,22.85,37375.13
2014-12-19,22.81,22.12,22.81,21.47,33460.39
2014-12-22,22.12,21.4,22.12,20.74,34356.03
2014-12-23,21.33,21.08,21.71,20.91,19957.87
2014-12-24,21.08,21.23,21.38,20.9,20383.58
2014-12-25,21.19,21.39,21.62,21.1,18535.16
2014-12-26,21.4,21.37,21.49,21.02,19961.83
2014-12-29,21.48,21.59,22.23,21.43,36049.17
2014-12-30,21.53,21.13,21.76,20.64,26819.68
2014-12-31,19.01,19.01,19.01,19.01,33244.0
2015-01-05,19.01,19.04,19.15,18.19,47301.04
2015-01-06,18.83,19.23,19.38,18.63,44066.51
2015-01-07,19.92,20.12,21.12,19.78,78528.83
2015-01-08,19.78,19.82,20.04,19.56,39530.39
2015-01-09,19.76,19.69,20.16,19.55,44266.39
2015-01-12,19.74,19.37,19.96,19.3,24812.88
2015-01-13,19.37,19.78,19.92,19.33,23635.94
2015-01-14,19.8,19.69,19.84,19.53,16806.58
2015-01-15,19.69,19.68,19.77,19.46,24401.62
2015-01-16,19.63,19.93,20.12,19.59,41716.99
2015-01-19,19.74,18.77,19.86,18.74,52223.38
2015-01-20,18.8,19.6,19.62,18.8,45024.75
2015-01-21,19.77,20.39,20.7,19.63,82941.42
2015-01-22,20.84,20.83,21.35,20.55,79606.04
2015-01-23,20.7,20.89,21.08,20.55,58306.3
2015-01-26,21.08,21.33,21.33,20.74,42712.26
2015-01-27,21.33,21.81,21.92,21.17,64659.63
2015-01-28,21.93,21.98,22.35,21.54,63876.25
2015-01-29,21.83,21.58,21.88,21.47,35968.25
2015-01-30,21.56,21.47,21.76,21.31,31997.01
2015-02-02,21.17,21.3,21.57,20.93,22687.97
2015-02-03,21.46,21.43,21.55,20.94,41914.79
2015-02-04,21.33,21.7,22.07,21.08,54583.67
2015-02-05,22.12,21.85,22.39,21.29,66919.62
2015-02-06,22.04,21.64,22.04,21.47,29023.5
2015-02-09,21.47,21.21,21.81,21.19,24322.29
2015-02-10,21.22,21.42,21.53,20.97,12923.76
2015-02-11,21.42,21.99,22.21,21.42,38558.34
2015-02-12,22.0,23.34,23.75,22.0,98771.0
2015-02-13,23.44,25.68,25.68,23.04,158615.87
2015-02-16,26.06,28.25,28.25,25.32,178712.01
2015-02-17,29.28,29.66,30.23,28.33,203655.37
2015-02-25,29.59,29.13,29.59,28.71,85180.32
2015-02-26,28.62,29.46,29.65,28.34,77422.13
2015-02-27,29.35,28.84,30.04,28.39,77543.25
2015-03-02,28.73,29.48,29.59,28.36,78824.65
2015-03-03,29.13,30.43,31.78,28.53,104532.59
2015-03-04,29.81,30.66,31.73,29.13,78594.17
2015-03-05,30.37,30.2,30.75,29.51,55774.23
2015-03-06,30.0,29.67,30.51,29.51,39166.65
2015-03-09,29.13,30.17,30.23,28.4,31286.17
2015-03-10,29.89,31.32,32.08,29.74,55990.04
2015-03-11,31.21,30.23,31.89,30.19,36486.2
2015-03-12,29.81,30.84,31.12,29.77,44805.38
2015-03-13,30.85,30.89,31.61,29.69,46584.8
2015-03-16,30.9,33.52,33.72,30.9,64221.42
2015-03-17,33.75,33.22,34.24,32.66,46611.18
2015-03-18,33.64,33.14,33.64,32.58,34470.35
2015-03-19,33.12,35.71,36.26,32.04,73514.11
2015-03-20,35.61,37.03,37.39,34.94,41521.0
2015-03-23,37.53,39.24,40.45,37.53,62678.67
2015-03-24,39.43,38.02,39.43,36.77,72993.23
2015-03-25,38.02,38.27,39.77,36.81,60456.98
2015-03-26,38.98,36.41,38.98,36.12,38517.1
2015-03-27,36.48,36.64,37.83,36.42,26733.21
2015-03-30,37.52,37.15,37.56,36.48,31160.96
2015-03-31,37.41,37.56,37.98,36.84,41496.5
2015-04-01,37.59,37.78,38.0,37.13,25056.92
2015-04-02,37.95,38.43,38.71,37.56,45052.31
2015-04-03,38.39,38.1,39.25,37.47,46372.24
2015-04-07,38.1,37.94,38.32,37.17,66697.05
2015-04-08,37.94,37.22,37.94,36.01,66881.18
2015-04-09,37.03,35.46,37.18,34.54,39317.96
2015-04-10,35.57,36.99,37.18,35.47,30241.97
2015-04-13,36.99,36.68,37.33,36.18,30410.04
2015-04-14,36.56,35.98,36.67,35.57,37149.13
2015-04-15,36.03,34.07,36.21,34.07,43619.82
2015-04-16,33.73,34.23,35.1,32.52,61019.33
2015-04-17,33.9,34.17,34.29,33.51,44078.44
2015-04-20,33.78,32.43,34.32,32.16,41829.17
2015-04-21,32.44,33.58,33.88,32.44,45713.06
2015-04-22,33.69,35.46,35.75,33.48,66488.54
2015-04-23,35.46,35.17,36.17,34.57,45579.66
2015-04-24,36.71,37.03,37.95,35.33,107606.75
2015-04-27,38.35,36.79,38.63,36.37,68042.48
2015-04-28,36.57,34.97,36.87,34.94,61573.41
2015-04-29,34.65,35.45,35.94,34.5,42668.63
2015-04-30,35.57,34.77,36.02,34.77,44520.8
2015-05-04,35.26,34.2,35.26,33.85,34048.68
2015-05-05,33.74,32.96,35.03,32.96,32724.9
2015-05-06,33.65,33.39,34.47,32.35,33077.63
2015-05-07,33.36,33.73,34.15,33.03,29366.79
2015-05-08,34.04,35.92,36.22,34.04,88566.74
2015-05-11,36.87,36.48,37.17,35.93,119425.23
2015-05-12,37.24,40.13,40.13,36.96,75442.74
2015-05-13,44.15,44.15,44.15,42.69,39199.29
2015-05-14,48.56,43.54,48.56,42.84,220584.84
2015-05-15,42.93,43.38,45.54,39.19,198095.3
2015-05-19,44.34,42.91,44.34,41.15,143753.61
2015-05-20,42.93,41.83,43.83,41.63,149445.74
2015-05-21,41.08,42.07,42.46,41.05,95785.05
2015-05-22,43.3,42.36,43.3,41.4,97071.91
2015-05-25,42.16,43.01,43.54,40.63,109596.1
2015-05-26,42.53,44.75,45.61,42.51,118088.93
2015-05-27,44.92,44.09,45.98,43.39,96809.37
2015-05-28,44.07,39.68,44.07,39.68,134979.02
2015-05-29,39.08,38.75,40.18,36.64,81069.44
2015-06-01,38.83,40.91,41.39,37.95,89783.87
2015-06-02,40.63,42.53,42.55,40.4,113292.83
2015-06-03,42.62,40.93,42.92,40.64,73736.87
2015-06-04,41.47,41.78,42.62,37.56,77547.93
2015-06-05,45.96,45.96,45.96,44.08,114453.75
2015-06-08,46.76,42.75,46.76,42.13,144545.13
2015-06-09,42.16,42.16,42.7,41.68,65680.86
2015-06-10,41.68,43.54,44.06,40.25,93461.44
2015-06-11,43.21,42.59,43.85,42.3,67167.83
2015-06-12,42.84,43.5,44.2,41.47,87281.35
2015-06-15,43.2,44.62,46.69,42.64,121708.18
2015-06-16,44.81,41.15,44.81,41.01,82735.34
2015-06-17,41.17,41.17,41.86,38.18,61036.38
2015-06-18,40.4,38.37,41.33,38.33,46709.04
2015-06-19,36.91,34.54,37.92,34.54,51286.1
2015-06-23,34.5,33.93,34.94,31.09,67256.93
2015-06-24,33.4,34.93,35.42,33.4,57882.73
2015-06-25,35.11,32.41,35.11,31.72,51052.79
2015-06-26,30.66,29.17,31.62,29.17,51890.56
2015-06-29,29.59,26.26,30.02,26.26,66718.25
2015-06-30,24.78,27.43,28.13,23.63,91477.06
2015-07-01,26.68,25.73,28.66,25.3,79354.97
2015-07-02,25.6,23.57,26.17,23.15,80939.62
2015-07-03,23.22,22.85,25.11,21.33,102571.72
2015-07-06,25.13,22.02,25.13,20.56,94990.54
2015-07-07,21.08,21.02,21.86,19.82,190535.48
2015-07-08,18.92,19.35,19.64,18.92,199323.11
2015-07-09,17.72,21.28,21.28,17.72,80282.39
2015-07-10,22.82,23.41,23.41,22.24,30229.97
2015-07-13,25.75,25.75,25.75,25.75,16435.43
2015-07-14,28.33,28.33,28.33,26.66,157007.93
2015-07-15,28.33,25.6,28.36,25.5,95490.79
2015-07-16,25.6,27.05,27.6,23.38,90234.14
2015-07-17,27.29,29.02,29.36,26.84,92970.75
2015-07-20,28.46,28.41,29.74,27.61,99495.07
2015-07-21,27.75,28.29,29.02,27.21,55822.44
2015-07-22,28.13,28.46,29.08,27.6,55407.19
2015-07-23,28.84,30.27,31.24,28.21,81152.54
2015-07-24,30.13,28.44,31.05,28.37,80258.61
2015-07-27,27.69,25.6,29.51,25.6,58291.37
2015-07-28,23.77,24.36,26.06,23.29,56995.6
2015-07-29,24.7,25.84,25.95,23.56,51449.78
2015-07-30,25.83,24.49,26.05,24.18,40768.5
2015-07-31,24.08,24.17,25.07,24.0,32483.34
2015-08-03,23.76,22.23,24.13,21.85,34773.52
2015-08-04,22.3,24.45,24.45,22.3,38178.91
2015-08-05,24.45,23.92,25.2,23.77,37763.51
2015-08-06,23.24,23.89,24.62,23.01,21511.59
2015-08-07,24.0,24.91,25.3,24.0,39735.2
2015-08-10,25.45,26.59,27.2,24.99,57590.53
2015-08-11,26.6,26.49,27.1,26.09,48760.22
2015-08-12,26.14,25.71,26.62,25.58,37487.87
2015-08-13,25.64,26.71,26.81,25.44,44928.21
2015-08-14,26.89,26.75,27.54,26.53,48308.93
2015-08-17,26.75,26.49,26.75,25.72,31355.25
2015-08-18,26.52,23.86,26.82,23.84,48617.56
2015-08-19,23.22,24.16,24.45,22.05,42854.58
2015-08-20,23.77,23.61,24.78,23.49,29846.14
2015-08-21,23.04,21.93,24.21,21.85,34243.71
2015-08-24,20.72,19.73,20.72,19.73,31169.45
2015-08-25,17.79,17.76,19.14,17.76,55915.84
2015-08-26,17.8,17.27,18.94,16.62,43331.17
2015-08-27,17.5,18.63,18.78,17.5,42874.06
2015-08-28,19.0,20.14,20.14,18.64,39484.87
2015-08-31,19.93,21.22,21.33,18.99,52557.04
2015-09-01,20.47,21.3,21.31,19.17,72241.57
2015-09-02,19.89,23.44,23.44,19.55,69998.84
2015-09-07,24.15,22.74,25.68,22.62,58825.55
2015-09-08,21.55,23.93,24.51,20.91,46928.91
2015-09-09,23.6,23.95,24.68,23.15,56033.62
2015-09-10,22.69,22.58,23.59,22.46,31053.94
2015-09-11,23.08,22.46,23.16,22.24,22514.12
2015-09-14,22.45,20.22,23.15,20.22,36740.77
2015-09-15,19.55,18.19,19.71,18.19,29286.74
2015-09-16,18.09,20.01,20.01,18.02,32944.59
2015-09-17,20.12,19.4,20.89,19.4,32196.64
2015-09-18,19.72,19.62,19.93,19.2,20060.25
2015-09-21,19.2,20.31,20.38,19.01,21805.53
2015-09-22,20.32,20.6,21.06,20.31,25646.36
2015-09-23,20.12,19.91,20.55,19.78,22189.06
2015-09-24,19.95,20.48,20.85,19.95,20616.03
2015-09-25,20.38,19.31,20.38,18.74,30026.57
2015-09-28,19.32,19.87,19.93,18.93,17696.04
2015-09-29,19.63,19.93,20.48,19.32,26040.03
2015-09-30,19.93,21.93,21.93,19.93,48007.5
2015-10-08,22.99,22.88,23.61,21.67,70102.36
2015-10-09,22.74,22.54,22.87,22.02,40011.73
2015-10-12,22.62,24.07,24.75,22.62,54963.19
2015-10-13,23.83,24.08,24.74,23.66,33964.62
2015-10-14,23.77,22.91,24.0,22.9,33926.58
2015-10-15,22.68,23.48,23.58,22.53,30848.94
2015-10-16,24.14,23.73,24.23,23.38,45125.74
2015-10-19,24.52,25.82,26.1,24.23,151182.42
2015-10-20,25.41,25.3,25.57,24.39,97810.01
2015-10-21,25.44,22.77,25.48,22.77,77057.43
2015-10-22,22.62,23.04,23.24,21.99,81398.56
2015-10-23,23.04,23.47,23.69,22.49,130260.3
2015-10-26,23.43,22.92,23.43,22.62,90320.32
2015-10-27,22.58,22.45,22.85,21.73,119302.33
2015-10-28,22.62,21.88,23.04,21.85,147531.19
2015-10-29,21.95,21.62,22.22,21.08,140423.76
2015-10-30,22.19,22.31,22.87,21.93,185125.14
2015-11-02,21.99,21.23,22.39,21.04,150012.05
2015-11-03,21.31,20.93,21.47,20.38,148200.39
2015-11-04,20.88,21.93,21.96,20.88,232701.7
2015-11-05,21.92,22.6,22.85,21.33,345070.66
2015-11-06,22.54,24.86,24.86,22.27,418087.41
2015-11-09,24.53,25.26,25.51,24.02,402042.91
2015-11-10,24.74,24.95,26.52,24.74,385248.91
2015-11-11,24.99,25.26,25.68,24.76,268085.19
2015-11-12,25.26,24.54,25.45,24.38,317946.25
2015-11-13,24.34,23.73,24.34,23.61,233373.54
2015-11-16,23.01,24.98,25.01,23.0,273288.68
2015-11-17,25.43,24.27,25.59,24.16,317880.81
2015-11-18,24.28,23.63,24.45,23.58,175434.69
2015-11-19,23.63,24.88,24.99,23.63,251217.46
2015-11-20,24.94,25.54,25.54,24.54,298866.26
2015-11-23,25.89,26.15,27.31,25.67,356132.3
2015-11-24,25.88,26.47,26.92,25.3,258058.18
2015-11-25,26.49,26.45,26.66,26.07,209241.2
2015-11-26,26.74,26.42,27.58,26.23,246438.8
2015-11-27,26.22,25.55,27.23,25.22,361028.14
2015-11-30,25.92,24.65,26.09,23.0,279031.92
2015-12-01,24.34,24.91,25.44,24.15,191795.13
2015-12-02,24.88,24.19,25.03,23.06,155103.78
2015-12-03,24.23,24.7,24.88,24.0,135794.7
2015-12-04,24.62,24.49,25.28,24.27,148576.37
2015-12-07,24.38,25.93,26.06,24.32,262733.65
2015-12-08,25.64,24.87,26.23,24.8,183868.39
2015-12-09,24.75,24.57,25.24,24.36,130317.79
2015-12-10,24.72,25.74,26.68,24.61,286980.65
2015-12-11,25.45,26.03,26.66,25.31,250349.59
2015-12-14,25.54,26.86,26.86,24.99,223960.81
2015-12-15,27.22,27.48,27.64,26.37,396010.82
2015-12-16,27.44,27.44,28.75,27.07,432198.32
2015-12-17,27.58,27.74,28.13,27.1,384876.55
2015-12-18,27.66,26.65,27.83,26.61,264405.54
2015-12-21,26.45,26.69,26.99,26.37,157458.85
2015-12-22,26.97,27.67,27.81,26.69,238594.99
2015-12-23,27.6,27.14,27.87,27.05,197913.77
2015-12-24,26.95,26.51,27.01,25.95,148363.45
2015-12-25,26.51,26.61,26.78,26.33,94798.8
2015-12-28,26.7,25.37,26.97,25.37,177815.01
2015-12-29,25.16,25.76,25.76,25.04,99525.9
2015-12-30,25.83,25.73,25.92,25.49,90537.42
2015-12-31,25.83,25.14,25.91,25.14,106846.85
2016-01-04,25.4,22.64,25.82,22.63,131148.0
2016-01-05,20.43,21.62,22.56,20.43,200667.93
2016-01-06,21.88,21.87,22.05,21.07,142697.5
2016-01-07,21.32,19.69,21.46,19.69,40119.0
2016-01-08,20.07,19.52,20.55,17.87,159242.79
2016-01-11,19.09,17.56,19.13,17.56,161479.59
2016-01-12,17.63,17.7,17.95,16.87,157721.09
2016-01-13,17.85,16.47,17.95,16.17,138448.69
2016-01-14,15.72,17.17,17.46,15.39,143070.1
2016-01-15,17.09,15.97,17.09,15.71,120242.07
2016-01-18,15.42,16.28,16.54,15.41,101430.1
2016-01-19,16.12,17.21,17.33,16.12,146030.82
2016-01-20,17.1,16.96,17.37,16.72,126796.61
2016-01-21,16.77,16.27,17.26,16.25,131296.24
2016-01-22,16.5,16.57,16.7,15.97,100137.82
2016-01-25,16.7,16.77,16.94,16.52,87130.61
2016-01-26,16.55,15.09,16.55,15.09,125780.79
2016-01-27,15.14,14.88,15.3,13.96,137535.94
2016-01-28,14.62,14.02,14.87,13.91,90844.59
2016-01-29,14.04,14.72,14.92,13.99,91263.08
2016-02-01,14.74,14.41,14.78,14.14,74741.45
2016-02-02,14.45,15.13,15.29,14.41,97477.85
2016-02-03,14.91,15.1,15.24,14.7,75791.24
2016-02-04,15.13,15.46,15.75,15.13,94388.94
2016-02-05,15.55,15.37,15.98,15.36,90805.1
2016-02-15,14.66,15.13,15.29,14.66,69563.34
2016-02-16,15.22,15.94,16.08,15.22,114768.41
2016-02-17,15.91,16.06,16.18,15.62,124252.46
2016-02-18,16.14,16.05,16.36,15.88,173177.73
2016-02-19,16.02,15.92,16.09,15.75,99048.86
2016-02-22,16.11,16.41,16.5,16.11,152930.13
2016-02-23,16.39,16.07,16.54,15.78,111716.52
2016-02-24,16.02,16.14,16.21,15.66,94046.45
2016-02-25,16.06,14.53,16.12,14.53,161352.53
2016-02-26,14.52,14.18,14.68,13.83,131517.47
2016-02-29,14.18,12.8,14.18,12.76,133923.32
2016-03-01,12.94,13.14,13.39,12.61,92764.69
2016-03-02,13.17,13.91,13.94,13.09,116315.41
2016-03-03,14.08,13.94,14.56,13.94,126393.38
2016-03-04,14.0,13.52,14.12,13.22,109981.5
2016-03-07,13.78,14.02,14.31,13.66,102007.9
2016-03-08,13.99,13.94,13.99,13.19,102953.86
2016-03-09,13.68,13.58,13.8,13.42,64323.78
2016-03-10,13.69,13.35,13.8,13.32,56566.34
2016-03-11,13.19,13.53,13.71,13.09,67768.86
2016-03-14,13.74,14.07,14.31,13.74,112473.15
2016-03-15,14.03,13.81,14.17,13.72,80831.24
2016-03-16,14.01,13.64,14.08,13.55,65885.45
2016-03-17,13.72,14.36,14.4,13.68,138077.49
2016-03-18,14.55,15.28,15.72,14.54,200641.86
2016-03-21,15.45,15.68,15.77,15.37,206496.59
2016-03-22,15.52,15.72,16.36,15.36,183605.17
2016-03-23,15.64,15.88,15.98,15.49,124179.06
2016-03-24,15.64,17.46,17.46,15.42,326343.04
2016-03-25,17.8,17.51,18.99,17.25,372366.94
2016-03-28,17.26,16.67,17.62,16.62,277290.77
2016-03-29,16.56,16.07,16.67,16.02,161722.28
2016-03-30,16.41,16.69,16.73,16.09,205350.1
2016-03-31,16.77,16.67,17.24,16.57,190234.58
2016-04-01,16.56,16.24,16.56,16.02,158712.0
2016-04-05,16.29,17.29,17.63,16.07,206284.32
2016-04-06,17.02,17.01,17.25,16.79,161955.35
2016-04-07,17.12,16.37,17.16,16.34,151285.8
2016-04-08,16.25,16.24,16.3,16.02,95196.33
2016-04-11,16.52,16.62,16.96,16.49,118541.89
2016-04-12,16.5,16.52,16.77,16.25,86919.37
2016-04-13,16.57,16.86,17.13,16.57,188195.46
2016-04-14,17.03,16.99,17.06,16.69,178091.5
2016-04-15,17.03,16.98,17.09,16.79,104070.87
2016-04-18,16.95,16.47,16.95,16.41,114174.87
2016-04-19,16.56,16.37,16.68,16.24,91812.87
2016-04-20,16.47,14.86,16.61,14.73,211231.22
2016-04-21,14.86,14.63,14.93,14.47,117455.27
2016-04-22,14.5,14.8,14.83,14.4,71896.74
2016-04-25,14.8,14.64,14.81,14.3,72172.72
2016-04-26,14.7,14.88,14.88,14.61,70459.74
2016-04-27,15.02,14.9,15.26,14.83,73441.78
2016-04-28,14.98,14.73,15.01,14.49,67716.24
2016-04-29,14.64,14.71,14.8,14.52,45447.62
2016-05-03,14.7,15.21,15.22,14.68,83281.11
2016-05-04,15.2,15.13,15.28,15.04,78462.21
2016-05-05,15.14,15.72,15.87,15.05,138254.58
2016-05-06,15.71,14.87,15.85,14.87,153057.81
2016-05-09,14.64,14.16,14.65,14.01,112966.46
2016-05-10,14.15,14.26,14.49,14.06,57611.33
2016-05-11,14.41,13.94,14.41,13.94,82595.47
2016-05-12,13.78,13.82,13.87,13.42,74000.76
2016-05-13,13.75,13.7,13.97,13.54,52391.92
2016-05-16,13.65,13.87,13.9,13.5,50468.48
2016-05-17,13.9,13.97,14.11,13.68,70418.89
2016-05-18,13.8,13.43,13.83,13.28,64200.81
2016-05-19,13.48,13.61,13.93,13.48,75613.79
2016-05-20,13.43,13.78,13.79,13.42,50887.29
2016-05-23,13.86,14.11,14.17,13.86,90119.93
2016-05-24,14.03,13.85,14.07,13.72,60015.09
2016-05-25,13.91,13.85,14.11,13.7,58264.12
2016-05-26,13.86,14.02,14.07,13.52,72790.12
2016-05-27,13.88,13.95,14.07,13.88,55274.7
2016-05-30,13.87,13.88,14.03,13.67,43755.2
2016-05-31,13.98,14.67,14.69,13.89,122167.33
2016-06-01,14.68,14.53,14.71,14.48,127485.8
2016-06-02,14.49,14.67,14.67,14.47,77232.16
2016-06-03,14.68,14.79,14.99,14.63,137625.36
2016-06-06,14.79,14.66,14.87,14.57,95396.44
2016-06-07,14.76,14.7,14.77,14.52,66473.06
2016-06-08,14.64,14.62,14.73,14.5,73075.64
2016-06-13,14.37,13.47,14.54,13.46,102087.29
2016-06-14,13.47,13.55,13.62,13.37,68237.87
2016-06-15,13.36,13.92,14.11,13.35,67786.17
2016-06-16,13.91,13.74,13.95,13.69,57573.7
2016-06-17,13.78,13.84,14.08,13.72,50338.05
2016-06-20,13.84,13.76,13.89,13.52,45727.19
2016-06-21,13.84,13.68,14.05,13.54,66331.48
2016-06-22,13.63,13.94,14.0,13.57,49556.55
2016-06-23,13.94,13.94,14.03,13.8,59656.69
2016-06-24,13.94,13.78,14.09,13.42,81216.47
2016-06-27,13.62,14.27,14.27,13.62,95117.71
2016-06-28,14.08,14.3,14.38,14.04,98100.88
2016-06-29,14.34,14.21,14.37,14.14,115480.01
2016-06-30,14.2,14.22,14.3,14.11,102027.65
2016-07-01,14.27,14.09,14.3,14.07,85045.01
2016-07-04,14.05,14.37,14.41,13.97,108213.14
2016-07-05,14.34,14.56,14.7,14.27,124394.06
2016-07-06,14.49,14.65,14.78,14.35,112158.52
2016-07-07,14.6,14.47,14.65,14.34,94499.7
2016-07-08,14.47,14.48,14.63,14.37,82665.02
2016-07-11,14.49,14.5,14.8,14.48,106470.14
2016-07-12,14.49,14.7,14.72,14.26,110816.64
2016-07-13,14.76,15.16,15.32,14.74,197384.5
2016-07-14,15.09,15.18,15.18,14.99,99506.55
2016-07-15,15.14,15.05,15.29,14.96,81516.36
2016-07-18,14.99,15.28,15.28,14.72,132991.09
2016-07-19,15.29,15.22,15.39,14.95,121512.76
2016-07-20,15.18,15.48,15.65,15.06,164275.06
2016-07-21,15.36,15.49,15.77,15.33,149151.3
2016-07-22,15.41,15.22,15.46,15.18,96331.68
2016-07-25,15.19,15.11,15.3,15.07,76277.21
2016-07-26,15.12,15.29,15.29,15.04,79362.6
2016-07-27,15.33,14.44,15.37,14.27,157713.4
2016-07-28,14.4,14.32,14.54,14.04,97750.06
2016-07-29,14.31,14.34,14.45,14.25,53183.46
2016-08-01,14.31,14.01,14.33,13.81,58987.85
2016-08-02,13.96,14.15,14.16,13.96,36800.9
2016-08-03,14.11,14.09,14.24,14.07,36516.24
2016-08-04,14.08,14.22,14.31,14.01,44707.76
2016-08-05,14.13,14.3,14.49,14.13,51897.33
2016-08-08,14.31,14.75,14.85,14.21,90445.63
2016-08-09,14.76,14.78,14.81,14.6,57717.39
2016-08-10,14.82,14.62,14.85,14.57,56843.68
2016-08-11,14.58,14.5,14.74,14.42,56944.14
2016-08-12,14.44,14.84,14.89,14.44,69514.6
2016-08-15,14.89,15.12,15.16,14.79,109083.91
2016-08-16,15.15,15.05,15.16,14.99,70004.85
2016-08-17,15.06,15.1,15.23,15.0,78876.72
2016-08-18,15.04,15.37,15.39,14.98,135814.29
2016-08-19,15.27,15.19,15.4,15.1,83321.45
2016-08-22,15.36,15.68,16.13,15.36,248113.75
2016-08-23,15.43,15.31,15.57,15.15,134724.22
2016-08-24,15.2,15.22,15.49,15.13,82457.87
2016-08-25,14.99,15.04,15.11,14.85,73666.97
2016-08-26,15.1,15.16,15.36,15.08,73946.81
2016-08-29,15.13,15.03,15.2,14.96,55282.6
2016-08-30,15.06,14.98,15.16,14.92,58564.11
2016-08-31,15.02,14.97,15.03,14.83,57351.97
2016-09-01,15.0,14.75,15.0,14.74,73162.02
2016-09-02,14.72,14.79,14.98,14.7,61681.65
2016-09-05,14.8,14.77,14.93,14.73,38980.37
2016-09-06,14.8,14.97,14.97,14.52,66716.7
2016-09-07,14.96,14.9,15.01,14.89,57151.67
2016-09-08,14.93,14.98,15.06,14.88,50473.15
2016-09-09,14.98,14.75,15.01,14.75,68727.91
2016-09-12,14.4,14.24,14.5,14.23,66780.32
2016-09-13,14.3,14.33,14.38,14.26,35001.39
2016-09-14,14.25,14.33,14.46,14.22,27981.27
2016-09-19,14.33,14.43,14.52,14.33,26149.93
2016-09-20,14.43,14.37,14.5,14.33,21503.17
2016-09-21,14.41,14.4,14.54,14.35,23889.78
2016-09-22,14.51,14.46,14.57,14.43,33197.12
2016-09-23,14.46,14.41,14.5,14.37,24813.0
2016-09-26,14.4,13.86,14.4,13.84,69053.88
2016-09-27,13.85,13.96,13.96,13.72,43605.38
2016-09-28,14.02,13.88,14.02,13.82,21967.76
2016-09-29,13.94,13.86,13.94,13.83,31837.08
2016-09-30,13.81,13.84,13.9,13.79,27510.56
2016-10-10,13.97,14.19,14.25,13.92,45228.41
2016-10-11,14.19,14.2,14.26,14.15,36671.45
2016-10-12,14.17,14.27,14.35,14.11,31379.82
2016-10-13,14.27,14.27,14.39,14.18,30838.2
2016-10-14,14.27,14.21,14.34,14.1,24394.27
2016-10-17,14.27,14.65,14.73,14.27,150875.95
2016-10-18,14.59,15.43,15.45,14.52,208758.94
2016-10-19,15.49,15.16,15.49,15.06,100469.29
2016-10-20,15.19,15.39,15.66,15.01,213507.72
2016-10-21,15.31,14.9,15.48,14.9,130747.76
2016-10-24,14.96,14.97,15.08,14.82,85603.23
2016-10-25,14.99,15.01,15.05,14.83,62401.6
2016-10-26,15.02,14.75,15.02,14.73,66451.35
2016-10-27,14.79,14.83,14.98,14.73,78096.43
2016-10-28,14.76,14.72,14.96,14.69,83027.55
2016-10-31,14.66,14.7,14.72,14.53,53772.86
2016-11-01,14.71,14.88,14.93,14.69,67899.14
2016-11-02,14.89,14.73,14.96,14.72,53934.09
2016-11-03,14.76,14.94,15.03,14.7,76078.55
2016-11-04,14.95,14.88,14.98,14.77,43865.71
2016-11-07,14.9,14.68,14.96,14.62,55139.67
2016-11-08,14.74,14.76,14.83,14.66,52037.29
2016-11-09,14.76,14.4,14.76,14.23,82800.63
2016-11-10,14.54,14.5,14.61,14.4,87739.2
2016-11-11,14.52,14.56,14.59,14.44,59774.14
2016-11-14,14.58,14.7,14.78,14.54,61273.83
2016-11-15,14.66,14.83,14.83,14.64,68609.63
2016-11-16,14.83,14.75,14.96,14.74,93990.2
2016-11-17,14.77,14.67,14.8,14.6,49964.55
2016-11-18,14.65,14.63,14.72,14.61,38103.5
2016-11-21,14.67,14.53,14.69,14.52,49029.25
2016-11-22,14.59,14.75,14.75,14.47,94265.49
2016-11-23,14.77,14.5,14.8,14.45,123254.02
2016-11-24,14.55,14.41,14.58,14.38,56646.26
2016-11-25,14.42,14.51,14.53,14.21,73872.13
2016-11-28,14.6,14.58,14.66,14.52,86540.01
2016-11-29,14.6,14.51,14.66,14.5,59198.5
2016-11-30,14.47,14.57,14.63,14.46,47100.52
2016-12-01,14.58,14.72,14.78,14.55,96867.35
2016-12-02,14.67,14.43,14.72,14.42,73218.73
2016-12-05,14.32,14.44,14.5,14.29,38086.57
2016-12-06,14.5,14.37,14.5,14.36,37040.0
2016-12-07,14.4,14.9,15.26,14.37,125314.44
2016-12-08,14.9,14.79,14.94,14.7,93488.85
2016-12-09,14.8,14.8,14.93,14.74,87109.04
2016-12-12,14.98,14.07,15.06,13.97,119689.92
2016-12-13,14.03,14.12,14.27,13.96,44427.85
2016-12-14,14.07,14.0,14.16,13.96,42272.58
2016-12-15,14.02,14.02,14.17,13.96,43051.72
2016-12-16,14.05,14.3,14.43,14.0,49901.29
2016-12-19,14.21,14.27,14.33,14.15,38315.77
2016-12-20,14.35,14.33,14.35,14.23,32957.23
2016-12-21,14.31,14.33,14.41,14.3,37015.21
2016-12-22,14.36,14.18,14.39,14.1,35535.93
2016-12-23,14.2,14.06,14.27,14.06,31054.39
2016-12-26,14.05,13.95,14.05,13.77,50026.05
2016-12-27,13.98,13.94,14.0,13.93,24098.23
2016-12-28,13.94,13.8,14.0,13.77,31908.95
2016-12-29,13.8,13.75,13.94,13.72,40849.0
2016-12-30,13.75,13.76,13.83,13.74,26106.59
2017-01-03,13.81,13.86,13.88,13.76,37417.49
2017-01-04,13.88,13.97,13.97,13.82,41383.41
2017-01-05,13.99,13.89,13.99,13.87,37827.74
2017-01-06,13.94,13.9,14.03,13.87,47359.63
2017-01-09,13.92,13.97,13.99,13.88,33584.62
2017-01-10,13.97,13.87,14.01,13.87,24832.33
2017-01-11,13.87,13.81,13.92,13.8,26795.69
2017-01-12,13.81,13.67,13.86,13.66,26932.1
2017-01-13,13.72,13.37,13.74,13.37,42000.31
2017-01-16,13.43,13.04,13.45,12.68,52040.96
2017-01-17,13.04,13.27,13.33,12.91,30010.07
2017-01-18,13.25,13.23,13.32,13.11,21259.7
2017-01-19,13.25,13.28,13.44,13.17,20163.43
2017-01-20,13.28,13.37,13.44,13.18,18365.45
2017-01-23,13.37,13.44,13.5,13.37,22293.97
2017-01-24,13.44,13.35,13.51,13.35,17385.56
2017-01-25,13.35,13.39,13.46,13.32,12958.11
2017-01-26,13.51,13.39,13.51,13.35,18058.52
2017-02-03,13.39,13.41,13.53,13.33,14989.08
2017-02-06,13.41,13.49,13.49,13.35,22448.31
2017-02-07,13.49,13.44,13.5,13.36,17467.67
2017-02-08,13.44,13.49,13.51,13.29,24337.19
2017-02-09,13.49,13.59,13.72,13.44,45013.91
2017-02-10,13.64,13.56,13.7,13.54,29042.99
2017-02-13,13.57,13.57,13.65,13.5,37577.7
2017-02-14,13.57,13.67,13.72,13.56,34601.01
2017-02-15,13.67,13.45,13.7,13.43,33625.93
2017-02-16,13.43,13.54,13.64,13.4,39734.13
2017-02-17,13.52,13.37,13.58,13.37,34570.07
2017-02-20,13.38,13.48,13.5,13.35,34642.34
2017-02-21,13.49,13.6,13.64,13.44,45246.31
2017-02-22,13.6,13.66,13.71,13.55,46534.65
2017-02-23,13.63,13.55,13.65,13.5,58308.84
2017-02-24,13.55,13.67,13.69,13.53,50494.5
2017-02-27,13.67,13.61,13.75,13.6,47052.36
2017-02-28,13.62,13.78,13.88,13.62,72131.39
2017-03-01,13.81,13.85,13.9,13.7,56373.08
2017-03-02,13.85,13.69,13.86,13.65,29810.07
2017-03-03,13.69,13.64,13.7,13.58,28984.8
2017-03-06,13.67,13.77,13.84,13.64,35055.93
2017-03-07,13.79,13.77,13.84,13.7,28646.58
2017-03-08,13.77,13.66,13.77,13.6,27976.52
2017-03-09,13.66,13.54,13.7,13.52,23910.09
2017-03-10,13.56,13.52,13.63,13.48,23110.55
2017-03-13,13.52,13.61,13.64,13.35,30671.89
2017-03-14,13.67,13.46,13.69,13.41,34554.47
2017-03-15,13.59,13.46,13.6,13.36,29409.61
2017-03-16,13.46,13.56,13.57,13.45,26464.86
2017-03-17,13.6,13.46,13.61,13.44,34602.29
2017-03-20,13.44,13.44,13.47,13.38,27185.45
2017-03-21,13.45,13.37,13.49,13.34,27637.02
2017-03-22,13.34,13.27,13.39,13.25,35249.94
2017-03-23,13.33,13.31,13.41,13.24,30262.18
2017-03-24,13.32,13.28,13.32,13.21,29578.29
2017-03-27,13.36,13.43,13.54,13.25,53441.54
2017-03-28,13.37,13.17,13.42,13.16,48877.53
2017-03-29,13.21,13.1,13.24,13.09,39229.0
2017-03-30,13.06,12.93,13.14,12.86,41583.67
2017-03-31,13.01,13.02,13.12,12.91,21413.78
2017-04-05,13.01,13.12,13.15,12.97,31606.79
2017-04-06,13.14,13.14,13.26,13.05,30810.01
2017-04-07,13.14,13.14,13.19,13.08,22276.19
2017-04-10,13.1,12.99,13.14,12.97,34285.38
2017-04-11,12.98,13.01,13.05,12.82,43506.82
2017-04-12,12.94,12.91,13.05,12.87,31518.43
2017-04-13,12.87,12.96,13.03,12.87,29209.54
2017-04-14,12.96,12.95,13.0,12.89,30233.81
2017-04-17,12.94,12.95,13.03,12.87,26323.24
2017-04-18,12.94,12.92,13.02,12.88,30596.79
2017-04-19,12.91,12.77,13.04,12.57,37944.62
2017-04-20,12.76,12.68,12.77,12.56,28902.03
2017-04-21,12.68,12.68,12.81,12.61,22826.22
2017-04-24,12.68,12.4,12.75,12.29,39095.97
2017-04-25,12.38,12.43,12.54,12.38,23038.19
2017-04-26,12.38,12.46,12.54,12.21,32105.13
2017-04-27,12.45,12.51,12.6,12.25,41369.09
2017-04-28,12.5,12.48,12.5,12.34,18394.82
2017-05-02,12.47,12.31,12.47,12.24,25265.9
2017-05-03,12.34,12.04,12.35,11.99,49984.46
2017-05-04,12.02,12.08,12.17,12.01,31950.04
2017-05-05,12.07,11.77,12.07,11.77,50021.26
2017-05-08,11.79,11.73,11.89,11.68,28503.32
2017-05-09,11.69,11.71,11.78,11.65,24074.68
2017-05-10,11.71,11.57,11.85,11.56,43411.37
2017-05-11,11.75,11.81,12.05,11.58,69685.63
2017-05-12,11.75,11.47,11.76,11.43,55652.21
2017-05-15,11.51,11.52,11.58,11.41,29360.44
2017-05-16,11.5,11.65,11.68,11.31,46930.79
2017-05-17,11.59,11.59,11.7,11.56,37892.26
2017-05-18,11.48,11.55,11.61,11.45,23719.47
2017-05-19,11.57,11.55,11.58,11.43,24495.77
2017-05-22,11.55,11.24,11.55,11.18,32485.79
2017-05-23,11.26,10.95,11.29,10.94,36342.47
2017-05-24,10.92,11.04,11.09,10.83,24023.15
2017-05-25,11.0,11.17,11.22,10.91,31179.67
2017-05-26,11.16,11.18,11.23,11.08,25384.58
2017-05-31,11.26,11.15,11.35,11.12,27058.58
2017-06-01,11.18,10.83,11.25,10.75,32521.43
2017-06-02,10.79,10.99,11.05,10.78,27979.34
2017-06-05,11.02,11.09,11.12,10.89,28130.37
2017-06-06,11.21,11.15,11.28,11.06,32205.53
2017-06-07,11.15,11.45,11.48,11.11,49398.81
2017-06-08,11.43,11.31,11.52,11.29,44394.73
2017-06-09,11.28,11.35,11.37,11.22,38324.26
2017-06-12,11.34,11.1,11.35,11.08,44002.13
2017-06-13,11.08,11.22,11.26,11.08,29116.87
2017-06-14,11.25,11.22,11.31,11.17,27961.63
2017-06-15,11.22,11.35,11.42,11.18,52358.11
2017-06-16,11.35,11.39,11.52,11.32,59950.03
2017-06-19,11.41,11.51,11.55,11.37,51754.07
2017-06-20,11.52,11.45,11.58,11.42,46874.54
2017-06-21,11.48,11.34,11.52,11.28,40440.56
2017-06-22,11.29,11.33,11.43,11.29,39972.87
2017-06-23,11.32,11.35,11.39,11.06,34325.68
2017-06-26,11.34,11.44,11.48,11.28,37419.73
2017-06-27,11.44,11.46,11.55,11.4,30516.55
2017-06-28,11.45,11.46,11.5,11.42,20309.13
2017-06-29,11.43,11.52,11.55,11.34,21955.42
2017-06-30,11.56,11.45,11.6,11.41,22528.88
2017-07-03,11.45,11.48,11.54,11.39,23586.64
2017-07-04,11.48,11.37,11.48,11.36,26246.0
2017-07-05,11.48,11.54,11.54,11.37,50580.56
2017-07-06,11.48,11.5,11.52,11.42,25596.19
2017-07-07,11.46,11.47,11.5,11.41,23460.01
2017-07-10,11.48,11.44,11.54,11.42,31801.25
2017-07-11,11.43,11.34,11.45,11.33,24657.86
2017-07-12,11.32,11.16,11.37,11.06,33805.36
2017-07-13,11.15,11.18,11.25,11.11,16715.43
2017-07-14,11.19,11.12,11.21,11.1,16045.41
2017-07-17,11.07,10.69,11.12,10.67,61606.6
2017-07-18,10.69,10.73,10.75,10.62,23086.91
2017-07-19,10.72,10.82,10.87,10.65,25668.09
2017-07-20,10.82,10.89,10.91,10.76,15539.72
2017-07-21,10.87,10.99,11.02,10.83,19356.59
2017-07-24,10.93,10.99,11.0,10.88,17770.78
2017-07-25,10.98,11.05,11.15,10.92,29751.91
2017-07-26,11.04,11.04,11.15,10.95,16975.01
2017-07-27,11.0,11.25,11.34,10.99,44327.85
2017-07-28,11.25,11.14,11.26,11.13,27859.71
2017-07-31,11.18,11.25,11.28,11.09,26307.05
2017-08-01,11.28,11.28,11.29,11.18,23473.19
2017-08-02,11.28,11.17,11.32,11.14,23200.36
2017-08-03,11.12,11.21,11.26,10.99,26708.85
2017-08-04,11.23,11.15,11.28,11.14,23363.0
2017-08-07,11.15,11.49,11.59,11.13,61867.45
2017-08-08,11.49,11.52,11.54,11.36,42158.0
2017-08-09,11.51,11.49,11.6,11.43,41378.05
2017-08-10,11.46,11.24,11.5,11.21,37148.33
2017-08-11,11.29,11.18,11.38,11.15,28064.84
2017-08-14,11.15,11.41,11.44,11.15,20950.95
2017-08-15,11.41,11.32,11.42,11.16,32755.77
2017-08-16,11.28,11.55,11.55,11.26,57087.2
2017-08-17,11.54,11.58,11.64,11.45,46288.67
2017-08-18,11.58,11.51,11.62,11.5,37954.78
2017-08-21,11.51,11.6,11.67,11.33,37413.06
2017-08-22,11.6,11.49,11.61,11.45,35109.18
2017-08-23,11.49,11.41,11.54,11.36,27692.0
2017-08-24,11.44,11.37,11.47,11.34,22032.98
2017-08-25,11.37,11.54,11.55,11.37,27598.6
2017-08-28,11.61,11.61,11.68,11.49,47416.63
2017-08-29,11.63,11.59,11.74,11.54,41396.4
2017-08-30,11.55,11.73,11.73,11.55,37920.88
2017-08-31,11.68,11.65,11.72,11.63,32079.15
2017-09-01,11.65,11.58,11.65,11.53,45368.08
2017-09-04,11.59,11.82,11.82,11.55,65664.05
2017-09-05,11.79,11.72,11.83,11.7,37527.11
2017-09-06,11.72,11.74,11.81,11.63,39201.11
2017-09-07,11.75,11.59,11.78,11.59,46807.64
2017-09-08,11.6,11.63,11.68,11.57,37716.73
2017-09-11,11.61,11.61,11.68,11.55,35609.76
2017-09-12,11.63,11.51,11.65,11.46,63202.11
2017-09-13,11.51,11.46,11.53,11.41,33075.16
2017-09-14,11.43,11.42,11.5,11.36,39638.79
2017-09-15,11.4,11.42,11.49,11.36,44165.13
2017-09-18,11.43,11.4,11.48,11.32,47046.6
2017-09-19,11.41,11.39,11.44,11.34,39066.15
2017-09-20,11.35,11.41,11.43,11.35,32213.56
2017-09-21,11.43,11.29,11.46,11.29,45794.01
2017-09-22,11.27,11.24,11.29,11.13,35833.3
2017-09-25,11.28,11.14,11.3,11.12,25212.29
2017-09-26,11.12,11.16,11.17,11.11,17676.26
2017-09-27,11.15,11.18,11.2,11.13,15054.63
2017-09-28,11.19,11.08,11.19,11.08,21355.0
2017-09-29,11.1,11.19,11.2,11.06,22070.04
2017-10-09,11.26,11.4,11.44,11.21,49785.33
2017-10-10,11.44,11.48,11.49,11.34,42322.07
2017-10-11,11.47,11.44,11.58,11.4,41401.25
2017-10-12,11.46,11.48,11.59,11.4,33318.07
2017-10-13,11.53,11.51,11.54,11.44,25120.38
2017-10-16,11.5,11.27,11.53,11.25,36609.12
2017-10-17,11.36,11.27,11.36,11.23,20718.71
2017-10-18,11.27,11.18,11.31,11.16,21049.58
2017-10-19,11.24,10.99,11.27,10.97,42193.19
2017-10-20,10.98,11.07,11.07,10.88,31250.21
2017-10-23,11.02,11.04,11.09,10.99,28376.59
2017-10-24,11.05,10.93,11.05,10.85,35324.7
2017-10-25,10.92,11.02,11.03,10.92,43761.24
2017-10-26,11.02,10.98,11.02,10.95,31127.9
2017-10-27,10.99,11.05,11.05,10.94,56580.78
2017-10-30,11.05,10.84,11.06,10.78,43630.54
2017-10-31,10.78,10.86,10.88,10.78,26779.74
2017-11-01,10.89,10.87,10.89,10.82,25302.75
2017-11-02,10.85,10.79,10.9,10.78,22784.86
2017-11-03,10.78,10.74,10.86,10.67,19746.42
2017-11-06,10.72,10.76,10.78,10.66,19247.82
2017-11-07,10.76,10.88,10.92,10.73,21151.72
2017-11-08,10.92,10.94,11.05,10.85,39710.02
2017-11-09,10.92,10.94,10.99,10.91,28724.93
2017-11-10,10.96,10.92,10.96,10.9,34984.85
2017-11-13,10.92,10.83,10.96,10.76,30283.14
2017-11-14,10.84,10.75,10.86,10.74,24748.94
2017-11-15,10.74,10.83,10.99,10.74,34382.69
2017-11-16,10.83,10.76,10.87,10.75,18608.46
2017-11-17,10.75,10.16,10.81,10.13,64974.99
2017-11-20,10.16,10.32,10.35,10.09,32374.04
2017-11-21,10.33,10.42,10.45,10.25,26937.52
2017-11-22,10.42,10.48,10.53,10.3,18889.13
2017-11-23,10.45,10.4,10.59,10.35,34125.72
2017-11-24,10.33,10.4,10.48,10.33,18022.43
2017-11-27,10.33,10.3,10.4,10.26,21481.74
2017-11-28,10.3,10.37,10.42,10.3,10501.5
2017-11-29,10.33,10.33,10.37,10.19,19219.8
2017-11-30,10.31,10.3,10.37,10.27,13566.0
2017-12-01,10.3,10.36,10.4,10.17,21187.37
2017-12-04,10.33,10.43,10.47,10.3,35246.81
2017-12-05,10.42,10.16,10.42,10.08,32706.99
2017-12-06,10.11,10.04,10.2,9.92,29875.3
2017-12-07,10.02,10.0,10.08,9.94,45734.78
2017-12-08,10.03,9.99,10.12,9.94,50704.82
2017-12-11,10.02,10.06,10.1,10.02,49339.02
2017-12-12,10.06,9.88,10.09,9.82,56476.03
2017-12-13,9.82,9.79,9.88,9.75,47205.28
2017-12-14,9.75,9.79,9.79,9.61,51387.1
2017-12-15,9.76,9.68,9.78,9.62,39017.69
2017-12-18,9.73,9.45,9.73,9.39,49115.51
2017-12-19,9.45,9.34,9.5,9.3,84156.42
2017-12-20,9.36,9.3,9.37,9.27,49755.14
2017-12-21,9.2,9.19,9.27,9.11,49293.23
2017-12-22,9.18,9.22,9.25,9.15,25755.85
2017-12-25,9.16,8.84,9.2,8.78,60943.99
2018-06-26,7.95,7.95,7.95,7.95,15519.0
2018-06-27,7.36,7.52,7.82,7.36,179602.77
2018-06-28,7.46,7.25,7.56,7.23,77040.1
2018-06-29,7.26,7.47,7.58,7.26,55238.22
2018-07-02,7.48,7.52,7.65,7.44,44325.52
2018-07-03,7.49,7.54,7.62,7.33,54099.63
2018-07-04,7.54,7.75,8.26,7.51,99012.34
2018-07-05,7.81,7.4,7.81,7.37,61659.59
2018-07-06,7.37,7.32,7.48,7.16,67632.41
2018-07-09,7.37,7.44,7.48,7.34,55140.43
2018-07-10,7.48,7.44,7.49,7.37,47301.25
2018-07-11,7.4,7.19,7.4,7.16,52015.48
2018-07-12,7.23,7.38,7.45,7.23,83430.46
2018-07-13,7.38,7.4,7.45,7.33,41226.96
2018-07-16,7.4,7.25,7.4,7.23,69063.55
2018-07-17,7.29,7.18,7.29,7.09,66168.52
2018-07-18,7.13,7.1,7.22,7.07,74783.61
2018-07-19,7.21,7.13,7.28,7.1,64022.0
2018-07-20,7.07,7.06,7.09,6.89,84364.35
2018-07-23,7.07,7.13,7.15,6.99,55154.7
2018-07-24,7.15,7.27,7.28,7.11,63318.34
2018-07-25,7.27,7.29,7.4,7.25,65347.37
2018-07-26,7.23,7.37,7.47,7.23,97944.48
2018-07-27,7.37,7.28,7.37,7.27,42634.6
2018-07-30,7.26,7.16,7.3,7.12,38836.37
2018-07-31,7.2,7.13,7.2,7.09,45615.76
2018-08-01,7.12,6.95,7.15,6.94,66641.0
2018-08-02,6.92,6.65,6.93,6.5,76544.04
2018-08-03,6.64,6.63,6.72,6.61,31769.6
2018-08-06,6.64,6.54,6.71,6.5,44766.86
2018-08-07,6.58,6.64,6.64,6.45,68812.09
2018-08-08,6.63,6.54,6.64,6.5,47728.39
2018-08-09,6.54,6.64,6.69,6.47,73702.45
2018-08-10,6.65,6.65,6.68,6.6,53208.79
2018-08-13,6.59,6.61,6.64,6.5,48047.56
2018-08-14,6.64,6.67,6.71,6.59,47654.5
2018-08-15,6.66,6.54,6.7,6.51,36208.4
2018-08-16,6.47,6.44,6.55,6.4,30551.81
2018-08-17,6.49,6.38,6.51,6.35,29714.0
2018-08-20,6.4,6.48,6.5,6.28,38318.24
2018-08-21,6.5,6.53,6.54,6.43,42234.16
2018-08-22,6.54,6.5,6.56,6.48,25018.01
2018-08-23,6.51,6.58,6.59,6.47,30418.64
2018-08-24,6.55,6.51,6.55,6.43,36657.95
2018-08-27,6.52,6.66,6.67,6.49,54804.91
2018-08-28,6.63,6.64,6.69,6.62,24288.59
2018-08-29,6.62,6.68,6.73,6.62,25129.02
2018-08-30,6.67,6.61,6.67,6.56,31338.71
2018-08-31,6.6,6.54,6.62,6.52,32233.48
2018-09-03,6.54,6.52,6.59,6.45,31160.61
2018-09-04,6.53,6.78,6.81,6.51,69517.56
2018-09-05,6.81,6.68,6.83,6.67,40830.35
2018-09-06,6.68,6.73,6.77,6.58,44665.24
2018-09-07,6.69,6.68,6.78,6.6,38355.57
2018-09-10,6.65,6.52,6.68,6.51,31629.48
2018-09-11,6.53,6.7,6.71,6.51,39732.13
2018-09-12,6.69,6.74,6.78,6.64,32423.6
2018-09-13,6.77,6.82,6.82,6.7,42499.44
2018-09-14,6.8,6.81,6.93,6.78,40417.94
2018-09-17,6.82,6.75,6.84,6.63,44199.32
2018-09-18,6.75,6.84,6.85,6.69,24554.85
2018-09-19,6.84,6.9,6.99,6.82,44947.36
2018-09-20,6.9,6.93,6.97,6.85,32757.59
2018-09-21,6.96,7.04,7.07,6.88,40362.71
2018-09-25,7.0,6.96,7.0,6.89,36126.0
2018-09-26,6.98,7.04,7.06,6.91,52569.0
2018-09-27,7.02,7.01,7.08,6.97,44918.31
2018-09-28,6.99,7.08,7.08,6.97,33879.07
2018-10-08,6.99,7.06,7.09,6.91,48026.68
2018-10-09,7.05,6.97,7.12,6.95,28287.26
2018-10-10,6.96,6.98,7.03,6.84,40831.22
2018-10-11,6.84,6.56,6.92,6.52,66250.69
2018-10-12,6.53,6.55,6.64,6.36,33008.03
2018-10-15,6.55,6.4,6.59,6.38,23889.96
2018-10-16,6.4,6.23,6.45,6.21,28295.09
2018-10-17,6.31,6.23,6.31,6.1,25908.04
2018-10-18,6.15,6.2,6.29,6.08,33750.01
2018-10-19,6.04,6.31,6.33,6.04,20273.43
2018-10-22,6.34,6.56,6.64,6.31,46678.43
2018-10-23,6.56,6.47,6.58,6.44,23503.95
2018-10-24,6.47,6.49,6.58,6.43,20949.77
2018-10-25,6.35,6.45,6.47,6.3,22665.33
2018-10-26,6.47,6.53,6.57,6.46,21643.88
2018-10-29,6.5,6.41,6.53,6.39,27565.11
2018-10-30,6.43,6.42,6.47,6.36,36741.92
2018-10-31,6.43,6.46,6.49,6.4,43324.24
2018-11-01,6.5,6.47,6.55,6.44,54554.95
2018-11-02,6.51,6.59,6.62,6.5,56828.54
2018-11-05,6.58,6.62,6.64,6.51,55351.05
2018-11-06,6.58,6.57,6.61,6.5,45513.37
2018-11-07,6.58,6.53,6.62,6.51,47052.62
2018-11-08,6.57,6.44,6.58,6.43,46965.68
2018-11-09,6.43,6.43,6.49,6.36,47347.39
2018-11-12,6.43,6.75,6.75,6.41,74409.34
2018-11-13,6.68,6.95,7.05,6.66,127535.4
2018-11-14,6.89,6.97,7.13,6.89,103353.77
2018-11-15,7.01,7.19,7.21,6.99,98362.98
2018-11-16,7.22,7.55,7.74,7.2,129197.46
2018-11-19,7.56,7.46,7.63,7.38,84208.22
2018-11-20,7.4,7.32,7.53,7.31,66849.1
2018-11-21,7.28,7.32,7.39,7.2,50473.88
2018-11-22,7.3,7.32,7.38,7.24,51982.02
2018-11-23,7.32,6.85,7.35,6.85,78482.75
2018-11-26,7.03,7.16,7.24,6.99,97877.87
2018-11-27,7.15,7.09,7.28,7.06,72013.75
2018-11-28,7.12,7.79,7.79,7.05,164054.88
2018-11-29,8.08,7.42,8.28,7.35,337403.08
2018-11-30,7.31,7.09,7.32,6.95,177523.82
2018-12-03,7.23,7.3,7.43,7.17,136448.37
2018-12-04,7.24,7.29,7.33,7.19,88322.13
2018-12-05,7.16,7.18,7.27,7.09,76500.96
2018-12-06,7.16,7.01,7.21,7.0,72792.24
2018-12-07,7.05,6.96,7.09,6.88,55862.44
2018-12-10,6.92,6.87,6.97,6.83,49993.62
2018-12-11,6.87,7.09,7.09,6.87,91580.3
2018-12-12,7.07,6.94,7.13,6.92,54490.94
2018-12-13,6.95,6.92,7.0,6.82,59316.79
2018-12-14,6.9,6.72,6.96,6.35,67563.05
2018-12-17,6.7,6.65,6.75,6.57,47155.46
2018-12-18,6.56,6.62,6.65,6.5,51910.26
2018-12-19,6.62,6.62,6.69,6.57,38813.6
2018-12-20,6.59,6.51,6.61,6.44,57517.46
2018-12-21,6.47,6.5,6.55,6.46,34333.3
2018-12-24,6.51,6.53,6.58,6.47,32154.0
2018-12-25,6.47,6.39,6.49,6.28,61624.63
2018-12-26,6.36,6.47,6.63,6.35,96206.56
2018-12-27,6.5,6.39,6.54,6.37,65360.14
2018-12-28,6.38,6.3,6.44,6.28,45377.07
2019-01-02,6.32,6.34,6.4,6.3,30039.21
2019-01-03,6.34,6.39,6.47,6.33,31507.26
2019-01-04,6.34,6.58,6.6,6.3,63956.41
2019-01-07,6.59,6.78,6.89,6.58,93618.47
2019-01-08,6.77,6.82,6.87,6.74,44294.76
2019-01-09,6.84,6.75,6.93,6.73,72735.96
2019-01-10,6.71,6.72,6.82,6.69,40742.86
2019-01-11,6.73,6.74,6.82,6.71,36369.17
2019-01-14,6.76,6.78,6.84,6.72,51931.17
2019-01-15,6.74,6.84,6.85,6.7,60510.36
2019-01-16,6.84,6.79,6.88,6.78,42783.61
2019-01-17,6.81,6.73,6.83,6.71,39120.73
2019-01-18,6.72,6.75,6.78,6.67,37035.19
2019-01-21,6.79,6.82,6.9,6.75,53499.29
2019-01-22,6.83,6.79,6.89,6.72,44495.83
2019-01-23,6.74,6.76,6.82,6.71,34177.9
2019-01-24,6.78,6.83,6.86,6.7,47661.43
2019-01-25,6.81,6.76,6.86,6.75,41685.69
2019-01-28,6.81,6.75,6.83,6.75,35468.23
2019-01-29,6.76,6.57,6.79,6.5,47605.61
2019-01-30,6.55,6.63,6.7,6.52,40477.04
2019-01-31,6.66,6.55,6.66,6.46,49245.89
2019-02-01,6.55,6.78,6.79,6.55,39275.33
2019-02-11,6.79,6.9,6.92,6.76,55369.72
2019-02-12,6.9,6.94,7.02,6.87,59362.01
2019-02-13,6.95,7.05,7.06,6.92,71896.36
2019-02-14,7.05,7.06,7.13,6.97,63221.52
2019-02-15,7.01,7.03,7.11,7.01,41721.68
2019-02-18,7.06,7.29,7.29,7.05,71107.66
2019-02-19,7.27,7.24,7.38,7.14,75170.12
2019-02-20,7.24,7.32,7.43,7.16,75272.2
2019-02-21,7.31,7.21,7.39,7.2,97385.91
2019-02-22,7.2,7.4,7.42,7.19,94034.99
2019-02-25,7.51,7.86,7.89,7.51,150622.49
2019-02-26,7.8,7.94,8.14,7.71,189318.27
2019-02-27,7.94,7.96,8.18,7.89,144778.01
2019-02-28,7.96,7.98,8.13,7.94,88303.99
2019-03-01,8.05,8.0,8.07,7.9,80168.61
2019-03-04,8.5,8.48,8.74,8.38,250282.37
2019-03-05,8.54,9.09,9.09,8.43,295430.52
2019-03-06,9.06,8.9,9.07,8.71,274432.97
2019-03-07,8.88,8.9,8.98,8.69,208097.44
2019-03-08,8.67,8.43,8.93,8.42,195203.05
2019-03-11,8.43,8.67,8.7,8.43,176456.88
2019-03-12,8.78,8.95,9.36,8.74,320298.12
2019-03-13,9.0,8.82,9.44,8.71,312114.67
2019-03-14,8.66,8.32,8.78,8.2,221013.3
2019-03-15,8.4,8.24,8.49,8.23,128838.64
2019-03-18,8.4,8.47,8.5,8.32,110123.89
2019-03-19,8.46,8.69,8.83,8.45,186682.68
2019-03-20,8.71,9.12,9.16,8.67,249290.13
2019-03-21,9.4,10.03,10.03,9.37,237987.23
2019-03-22,11.03,11.03,11.03,10.37,744577.91
2019-03-25,10.75,10.28,10.95,10.19,470018.54
2019-03-26,10.19,9.53,10.36,9.46,369002.78
2019-03-27,9.69,9.72,9.77,9.38,249536.96
2019-03-28,9.56,9.33,9.91,9.26,243980.35
2019-03-29,9.25,9.68,9.74,9.25,190030.48
2019-04-01,9.73,10.08,10.23,9.69,263900.68
2019-04-02,10.08,9.84,10.24,9.72,243476.2
2019-04-03,9.79,9.81,9.83,9.5,211073.52
2019-04-04,9.75,9.71,9.97,9.55,174886.6
2019-04-08,9.79,9.81,10.12,9.73,197501.52
2019-04-09,9.82,9.81,10.06,9.63,145196.45
2019-04-10,9.69,9.63,9.73,9.5,133462.86
2019-04-11,9.58,9.3,9.68,9.29,135561.53
2019-04-12,9.24,9.3,9.41,9.22,89719.0
2019-04-15,9.45,9.2,9.6,9.17,100651.21
2019-04-16,9.18,9.43,9.46,8.94,119727.27
2019-04-17,9.41,9.53,9.65,9.29,132001.12
2019-04-18,9.59,9.57,9.79,9.49,100853.31
2019-04-19,9.59,9.55,9.68,9.41,64178.51
2019-04-22,9.58,9.6,9.67,9.44,93046.0
2019-04-23,9.53,9.81,10.22,9.36,240662.73
2019-04-24,9.7,9.6,9.76,9.41,139419.82
2019-04-25,9.6,9.3,9.74,9.09,124320.38
2019-04-26,9.25,9.07,9.33,9.04,104398.08
2019-04-29,9.02,8.67,9.1,8.65,104703.59
2019-04-30,8.74,9.03,9.13,8.74,84002.14
2019-05-06,8.89,8.34,8.96,8.13,140263.33
2019-05-07,8.42,8.47,8.56,8.19,79987.04
2019-05-08,8.28,8.46,8.67,8.26,70896.63
2019-05-09,8.55,8.55,8.64,8.35,69583.57
2019-05-10,8.63,8.86,8.9,8.39,82015.66
2019-05-13,8.81,9.03,9.04,8.69,83966.25
2019-05-14,8.85,9.11,9.6,8.85,130332.66
2019-05-15,9.2,9.29,9.42,9.06,97972.16
2019-05-16,9.25,9.3,9.36,9.22,57387.13
2019-05-17,9.29,8.89,9.39,8.89,84509.1
2019-05-20,8.96,9.16,9.23,8.74,83169.41
2019-05-21,9.18,9.07,9.34,9.04,77557.47
2019-05-22,9.07,9.4,9.52,9.07,112293.63
2019-05-23,9.25,8.93,9.33,8.77,84283.51
2019-05-24,8.94,8.79,9.09,8.78,46861.14
2019-05-27,8.92,9.0,9.06,8.79,45675.41
2019-05-28,9.1,9.3,9.48,9.02,125822.83
2019-05-29,9.21,9.26,9.41,9.17,81135.08
2019-05-30,9.26,9.38,9.39,9.13,83734.17
2019-05-31,9.41,9.37,9.53,9.25,125647.76
2019-06-03,9.32,8.94,9.33,8.64,166674.35
2019-06-04,9.05,8.8,9.08,8.76,69190.38
2019-06-05,8.91,8.99,9.17,8.79,85374.8
2019-06-06,8.99,8.8,9.11,8.71,82141.88
2019-06-10,8.79,8.71,8.91,8.68,55444.1
2019-06-11,8.76,8.92,8.98,8.42,83775.99
2019-06-12,8.86,8.8,9.04,8.78,58856.63
2019-06-13,8.74,8.82,8.87,8.68,58771.6
2019-06-14,8.8,8.36,8.81,8.31,98813.31
2019-06-17,8.36,8.46,8.54,8.31,65980.18
2019-06-18,8.38,8.4,8.58,8.34,45180.0
2019-06-19,8.58,8.46,8.64,8.44,63994.55
2019-06-20,8.5,8.64,8.71,8.42,79538.41
2019-06-21,8.74,8.91,9.02,8.68,98913.47
2019-06-24,8.86,8.91,8.99,8.75,70703.47
2019-06-25,8.92,8.9,9.02,8.82,70630.37
2019-06-26,8.86,8.93,9.06,8.85,56906.78
2019-06-27,8.93,8.82,9.04,8.74,94216.11
2019-06-28,8.8,8.75,8.89,8.73,53278.04
2019-07-01,8.89,8.9,8.94,8.8,103402.94
2019-07-02,8.9,8.79,8.91,8.74,68676.42
2019-07-03,8.79,8.62,8.82,8.54,58352.94
2019-07-04,8.62,8.48,8.64,8.42,55275.42
2019-07-05,8.52,8.54,8.54,8.43,35878.05
2019-07-08,8.52,8.18,8.52,8.17,66343.53
2019-07-09,8.18,8.25,8.31,8.17,30157.07
2019-07-10,8.32,8.15,8.32,8.12,32272.04
2019-07-11,8.19,8.13,8.26,8.09,32735.2
2019-07-12,8.13,8.24,8.27,8.08,30558.49
2019-07-15,8.19,8.35,8.45,8.04,50077.5
2019-07-16,8.39,8.36,8.42,8.31,20049.78
2019-07-17,8.36,8.29,8.37,8.26,19250.0
2019-07-18,8.24,8.14,8.25,8.13,25444.25
2019-07-19,8.11,8.21,8.32,8.11,19302.95
2019-07-22,8.21,8.12,8.32,8.05,27729.08
2019-07-23,8.1,8.13,8.16,8.05,21539.31
2019-07-24,8.16,8.2,8.28,8.16,26106.0
2019-07-25,8.2,8.26,8.32,8.2,26034.0
2019-07-26,8.26,8.25,8.35,8.22,19323.09
2019-07-29,8.35,8.33,8.44,8.31,38872.42
2019-07-30,8.37,8.34,8.45,8.32,29819.35
2019-07-31,8.34,8.32,8.39,8.27,27623.0
2019-08-01,8.24,8.2,8.32,8.17,30044.22
2019-08-02,8.09,7.92,8.09,7.86,60974.8
2019-08-05,7.94,7.9,8.01,7.85,46132.92
2019-08-06,7.86,7.52,7.86,7.47,63772.75
2019-08-07,7.59,7.43,7.63,7.42,43404.5
2019-08-08,7.5,7.43,7.51,7.39,38962.01
2019-08-09,7.46,7.33,7.51,7.29,31968.36
2019-08-12,7.32,7.43,7.43,7.24,36145.44
2019-08-13,7.43,7.53,7.59,7.35,41698.86
2019-08-14,7.6,7.55,7.67,7.52,36021.83
2019-08-15,7.44,7.69,7.74,7.36,43453.0
2019-08-16,7.69,7.75,7.82,7.64,37392.99
2019-08-19,7.89,8.04,8.07,7.84,48451.53
2019-08-20,8.15,8.3,8.36,8.14,70917.59
2019-08-21,8.19,8.02,8.25,7.97,95622.41
2019-08-22,8.06,7.94,8.1,7.82,85492.68
2019-08-23,7.98,7.95,8.07,7.86,44752.4
2019-08-26,7.8,7.84,7.9,7.69,45317.56
2019-08-27,7.96,8.02,8.12,7.89,45363.01
2019-08-28,7.96,7.94,8.05,7.8,50198.0
2019-08-29,7.91,8.01,8.07,7.91,54518.06
2019-08-30,8.07,7.96,8.09,7.85,55904.0
2019-09-02,7.89,8.07,8.08,7.84,66245.51
2019-09-03,8.04,8.24,8.26,8.0,79875.31
2019-09-04,8.21,8.15,8.21,8.07,59748.27
2019-09-05,8.19,8.25,8.38,8.18,80022.9
2019-09-06,8.3,8.31,8.38,8.21,48980.39
2019-09-09,8.41,8.53,8.59,8.33,119749.07
2019-09-10,8.53,8.44,8.6,8.36,86653.6
2019-09-11,8.53,8.28,8.53,8.26,60874.5
2019-09-12,8.32,8.38,8.41,8.27,46834.7
2019-09-16,8.39,8.52,8.56,8.34,71897.37
2019-09-17,8.45,8.25,8.49,8.22,69691.46
2019-09-18,8.25,8.2,8.3,8.16,43609.82
2019-09-19,8.24,8.24,8.28,8.17,41401.36
2019-09-20,8.25,8.24,8.29,8.12,53575.13
2019-09-23,8.18,8.0,8.18,7.9,59604.99
2019-09-24,8.0,8.13,8.17,7.96,57469.26
2019-09-25,8.11,7.91,8.11,7.88,41229.41
2019-09-26,7.95,7.69,7.95,7.67,49830.75
2019-09-27,7.69,7.69,7.78,7.66,31849.63
2019-09-30,7.72,7.6,7.78,7.57,31923.0
2019-10-08,7.6,7.66,7.69,7.53,36655.0
2019-10-09,7.62,7.56,7.62,7.46,47490.9
2019-10-10,7.58,7.69,7.74,7.55,41260.34
2019-10-11,7.73,7.78,7.82,7.69,44576.57
2019-10-14,7.86,7.92,7.97,7.84,47450.65
2019-10-15,7.92,7.85,7.95,7.83,34361.16
2019-10-16,7.87,7.8,7.94,7.73,40515.38
2019-10-17,7.88,7.8,7.91,7.71,51210.64
2019-10-18,7.78,7.66,7.91,7.65,59931.0
2019-10-31,7.92,7.05,7.92,6.95,180395.5
2019-11-01,6.98,7.08,7.26,6.98,86332.06
2019-11-04,7.02,6.95,7.13,6.92,70757.55
2019-11-05,6.96,7.08,7.1,6.95,47917.83
2019-11-06,7.1,6.89,7.1,6.83,62169.07
2019-11-07,6.93,6.97,7.0,6.85,28696.73
2019-11-08,7.04,6.95,7.08,6.95,41739.0
2019-11-11,6.95,6.77,6.95,6.72,40415.71
2019-11-12,6.82,6.78,6.82,6.67,28069.05
2019-11-13,6.79,6.74,6.79,6.65,29672.13
2019-11-14,6.74,6.69,6.78,6.65,36692.92
2019-11-15,6.69,6.68,6.75,6.63,34796.77
2019-11-18,6.7,6.74,6.77,6.68,42377.85
2019-11-19,6.74,6.95,6.96,6.74,54862.2
2019-11-20,6.96,6.87,7.0,6.86,37130.0
2019-11-21,6.87,6.95,6.95,6.83,40824.35
2019-11-22,6.91,6.83,7.05,6.78,51218.01
2019-11-25,6.86,6.78,6.87,6.73,40634.68
2019-11-26,6.78,6.78,6.85,6.78,29820.0
2019-11-27,6.84,6.85,6.91,6.77,39421.21
2019-11-28,6.87,6.74,6.9,6.72,39707.76
2019-11-29,6.73,6.82,6.82,6.73,39827.99
2019-12-02,6.83,6.79,6.88,6.76,28749.31
2019-12-03,6.79,6.77,6.79,6.69,39244.08
2019-12-04,6.71,6.73,6.78,6.7,28857.99
2019-12-05,6.76,6.78,6.78,6.72,32362.01
2019-12-06,6.74,6.84,6.84,6.72,52546.73
2019-12-09,6.86,6.95,6.96,6.82,58023.53
2019-12-10,6.94,7.16,7.23,6.89,112286.19
2019-12-11,7.15,7.12,7.3,7.08,70220.4
2019-12-12,7.18,7.03,7.2,6.99,65507.78
2019-12-13,7.1,7.12,7.16,6.99,69221.01
2019-12-16,7.08,7.13,7.15,7.01,112306.37
2019-12-17,7.15,7.84,7.84,7.13,340703.94
2019-12-18,8.08,8.63,8.63,8.08,537982.37
2019-12-19,8.64,8.61,8.91,8.33,634034.86
2019-12-20,8.49,8.22,8.52,8.18,325656.14
2019-12-23,8.12,7.98,8.19,7.92,223468.03
2019-12-24,7.96,8.09,8.1,7.87,170387.54
2019-12-25,8.03,8.07,8.17,7.9,155342.75
2019-12-26,8.0,8.39,8.49,7.93,236176.52
2019-12-27,8.33,8.13,8.4,8.12,162177.06
2019-12-30,8.05,8.68,8.94,7.99,267911.1
2019-12-31,8.53,8.48,8.6,8.39,141461.13
2020-01-02,8.49,8.65,8.93,8.46,217875.03
2020-01-03,8.67,8.53,8.83,8.47,175627.76
2020-01-06,8.48,8.73,8.82,8.34,191084.52
2020-01-07,8.75,9.18,9.3,8.67,280974.51
2020-01-08,9.03,8.77,9.18,8.74,210742.66
2020-01-09,8.93,8.71,8.98,8.6,183905.47
2020-01-10,8.72,8.5,8.82,8.43,147971.23
2020-01-13,8.47,8.78,8.78,8.47,125483.7
2020-01-14,8.75,8.8,9.1,8.68,208306.29
2020-01-15,8.88,8.62,8.93,8.58,165532.3
2020-01-16,8.63,8.38,8.66,8.32,165018.12
2020-01-17,8.43,8.45,8.49,8.28,169186.53
2020-01-20,8.54,8.53,8.55,8.32,127446.43
2020-01-21,8.61,8.52,8.89,8.51,188479.33
2020-01-22,8.52,8.65,8.74,8.37,139033.84
2020-01-23,8.53,8.06,8.56,7.9,169176.07
2020-02-03,7.26,7.26,7.52,7.26,162439.46
2020-02-04,7.29,7.98,7.98,7.28,226534.41
2020-02-05,8.32,8.78,8.78,8.32,439577.37
2020-02-06,9.3,9.65,9.65,8.95,510569.42
2020-02-07,10.15,10.38,10.58,8.99,986737.36
2020-02-10,9.95,10.41,11.18,9.91,788546.1
2020-02-11,10.6,10.1,10.73,10.0,368957.91
2020-02-12,10.08,10.63,10.68,9.98,484776.44
2020-02-13,10.66,9.87,10.66,9.56,602162.7
2020-02-14,9.87,9.69,10.03,9.65,330236.12
2020-02-17,9.77,9.89,9.94,9.56,335047.1
2020-02-18,9.88,10.56,10.66,9.81,617362.27
2020-02-19,10.41,9.8,10.48,9.67,410564.74
2020-02-20,9.8,9.74,9.92,9.34,404207.31
2020-02-21,9.74,9.83,9.99,9.53,421004.11
2020-02-24,9.83,9.89,10.12,9.56,475205.37
2020-02-25,9.67,9.56,9.83,9.18,469283.31
2020-02-26,10.44,9.6,10.44,9.51,647595.62
2020-02-27,9.47,9.16,9.65,8.9,428341.67
2020-02-28,8.78,8.56,9.03,8.53,291764.2
2020-03-02,8.67,9.01,9.09,8.59,254593.67
2020-03-03,9.34,9.29,9.87,9.26,538066.07
2020-03-04,9.13,9.23,9.34,9.04,194835.69
2020-03-05,9.38,9.21,9.41,9.04,248326.43
2020-03-06,9.09,9.03,9.11,8.92,211781.11
2020-03-09,8.82,8.56,8.97,8.56,217758.54
2020-03-10,8.46,8.71,8.76,8.34,307295.2
2020-03-11,8.73,8.46,8.76,8.38,247352.76
2020-03-12,8.33,8.25,8.47,8.14,206759.39
2020-03-13,7.91,8.14,8.25,7.75,232711.39
2020-03-16,8.23,7.92,8.36,7.85,211496.22
2020-03-17,8.01,7.95,8.12,7.69,170715.43
2020-03-18,8.03,7.83,8.19,7.8,170735.01
2020-03-19,7.86,8.12,8.17,7.76,173626.64
2020-03-20,8.17,8.13,8.24,8.0,131231.32
2020-03-23,7.87,7.61,7.95,7.56,183382.79
2020-03-24,7.79,7.79,7.86,7.56,129560.59
2020-03-25,7.96,8.03,8.07,7.9,146309.8
2020-03-26,7.96,8.06,8.18,7.89,157065.71
2020-03-27,8.12,7.98,8.19,7.96,117379.7
2020-03-30,7.85,7.7,7.86,7.62,135780.06
2020-03-31,7.81,7.58,7.83,7.56,159751.48
2020-04-01,7.6,7.58,7.73,7.54,85628.95
2020-04-02,7.58,7.71,7.71,7.53,126048.51
2020-04-03,7.75,7.65,7.85,7.58,100978.26
2020-04-07,7.8,7.9,7.93,7.77,132755.57
2020-04-08,7.89,7.99,8.06,7.84,140663.84
2020-04-09,8.11,8.05,8.15,7.99,119584.49
2020-04-10,8.06,7.81,8.07,7.79,103910.59
2020-04-13,7.79,7.7,7.81,7.65,65766.06
2020-04-14,7.74,7.88,7.91,7.73,93595.02
2020-04-15,7.91,7.82,7.96,7.8,76821.89
2020-04-16,7.8,7.89,7.91,7.76,70710.24
2020-04-17,7.92,7.87,8.06,7.86,112718.59
2020-04-20,7.89,8.02,8.03,7.84,109174.58
2020-04-21,7.97,8.08,8.1,7.91,102725.08
2020-04-22,8.01,8.03,8.04,7.91,98618.87
2020-04-23,8.02,8.04,8.22,7.92,159454.4
2020-04-24,8.17,7.68,8.17,7.61,205378.76
2020-04-27,7.78,7.97,8.45,7.76,357528.55
2020-04-28,7.81,7.56,7.82,7.32,270042.74
2020-04-29,7.48,7.43,7.56,7.38,98026.69
2020-04-30,7.61,7.77,7.79,7.59,145383.29
2020-05-06,7.68,8.09,8.15,7.65,164288.35
2020-05-07,8.08,8.34,8.38,7.94,244455.84
2020-05-08,8.3,8.26,8.43,8.25,172439.51
2020-05-11,8.37,8.34,8.43,8.23,114817.7
2020-05-12,8.23,8.23,8.29,8.12,105228.79
2020-05-13,8.21,8.21,8.25,8.13,75458.95
2020-05-14,8.17,8.27,8.3,8.16,88617.78
2020-05-15,8.36,8.26,8.58,8.23,172648.32
2020-05-18,8.35,8.14,8.37,8.13,90560.57
2020-05-19,8.22,8.28,8.32,8.15,91249.32
2020-05-20,8.29,8.21,8.48,8.17,101394.07
2020-05-21,8.36,8.49,8.86,8.34,258147.56
2020-05-22,8.4,8.28,8.52,8.17,160362.9
2020-05-25,8.3,8.17,8.31,8.07,84967.74
2020-05-26,8.17,8.32,8.35,8.15,80700.05
2020-05-27,8.33,8.25,8.37,8.19,74356.62
2020-05-28,8.29,8.43,8.66,8.27,147305.3
2020-05-29,8.72,8.97,9.09,8.56,356965.67
2020-06-01,8.94,8.99,9.12,8.84,269682.6
2020-06-02,9.08,8.89,9.26,8.89,223580.69
2020-06-03,8.95,8.86,8.99,8.8,142965.54
2020-06-04,8.88,8.73,8.88,8.68,114730.47
2020-06-05,8.82,8.89,9.01,8.77,131193.84
2020-06-08,9.0,8.72,9.0,8.65,110350.08
2020-06-09,8.7,8.85,8.94,8.64,106609.59
2020-06-10,8.81,8.78,8.9,8.69,63116.41
2020-06-11,8.78,8.65,8.86,8.64,90657.51
2020-06-12,8.51,8.62,8.68,8.47,74812.58
2020-06-15,8.64,8.9,9.13,8.61,222821.8
2020-06-16,9.03,8.95,9.05,8.9,137668.78
2020-06-17,8.95,9.3,9.31,8.9,240654.53
2020-06-18,9.18,9.12,9.23,9.02,138944.44
2020-06-19,9.12,9.12,9.24,9.03,129223.91
2020-06-22,9.13,9.08,9.2,8.95,116506.34
2020-06-23,9.06,9.17,9.2,9.0,120059.4
2020-06-24,9.15,9.02,9.16,9.0,95969.0
2020-06-29,8.99,8.69,8.99,8.65,133272.18
2020-06-30,8.73,8.8,8.89,8.73,78896.28
2020-07-01,8.78,8.82,8.86,8.71,64872.66
2020-07-02,8.82,9.06,9.14,8.78,143742.59
2020-07-03,9.16,9.14,9.2,9.03,148678.58
2020-07-06,9.25,9.5,9.57,9.16,254005.55
2020-07-07,9.49,9.47,9.77,9.42,275854.77
2020-07-08,9.42,9.67,9.7,9.4,226200.81
2020-07-09,9.83,10.03,10.13,9.77,284069.15
2020-07-10,10.02,10.05,10.38,9.94,259804.15
2020-07-13,10.07,10.28,10.28,9.92,235941.14
2020-07-14,10.31,10.29,10.46,10.03,285551.71
2020-07-15,10.35,9.69,10.35,9.68,277921.92
2020-07-16,9.72,9.29,9.9,9.28,200857.48
2020-07-17,9.38,9.21,9.48,9.04,170604.73
2020-07-20,9.3,9.57,9.6,9.3,127616.61
2020-07-21,10.53,10.53,10.53,10.27,558149.59
2020-07-22,10.26,10.28,10.57,10.04,586681.6
2020-07-23,10.2,9.84,10.24,9.6,407866.2
2020-07-24,9.79,9.35,9.85,9.3,288330.65
2020-07-27,9.35,9.49,9.54,9.18,157834.44
2020-07-28,9.56,9.48,9.62,9.41,124545.73
2020-07-29,9.45,9.6,9.78,9.33,204154.54
2020-07-30,9.63,9.44,9.66,9.43,144269.29
2020-07-31,9.43,9.49,9.62,9.38,133078.51
2020-08-03,9.56,9.73,9.73,9.54,195714.9
2020-08-04,9.75,9.6,9.77,9.56,168804.87
2020-08-05,9.58,9.66,9.7,9.39,169174.44
2020-08-06,9.65,9.43,9.65,9.32,165304.19
2020-08-07,9.41,9.36,9.47,9.07,195285.59
2020-08-10,9.36,9.63,10.05,9.36,247444.27
2020-08-11,9.74,9.32,9.77,9.32,188757.56
2020-08-12,9.33,9.4,9.45,9.19,117069.5
2020-08-13,9.44,9.32,9.5,9.27,75626.56
2020-08-14,9.3,9.38,9.41,9.24,72350.7
2020-08-17,9.48,9.57,9.65,9.4,140000.4
2020-08-18,9.57,9.7,9.74,9.53,167852.43
2020-08-19,9.71,9.49,9.71,9.47,110143.65
2020-08-20,9.49,9.59,9.67,9.38,117937.43
2020-08-21,9.59,9.66,9.7,9.55,105282.15
2020-08-24,9.69,9.67,9.76,9.53,120537.88
2020-08-25,9.71,9.58,9.74,9.53,108341.19
2020-08-26,9.66,9.54,9.84,9.5,165807.7
2020-08-27,9.95,9.73,10.13,9.66,329484.57
2020-08-28,9.63,9.59,9.64,9.41,181773.36
2020-08-31,9.59,9.55,9.66,9.53,119361.16
2020-09-01,9.54,9.65,9.65,9.41,120753.65
2020-09-02,9.65,9.54,9.66,9.48,83934.06
2020-09-03,9.59,9.42,9.63,9.37,101413.86
2020-09-04,9.3,9.33,9.4,9.21,75496.23
2020-09-07,9.36,9.11,9.39,9.1,113596.18
2020-09-08,9.12,9.23,9.24,9.01,73544.91
2020-09-09,9.11,9.09,9.23,9.01,72037.59
2020-09-10,9.23,9.05,9.36,9.05,95417.75
2020-09-11,8.99,9.33,9.36,8.96,107540.84
2020-09-14,9.42,9.36,9.53,9.3,87076.41
2020-09-15,9.33,9.3,9.47,9.23,83727.85
2020-09-17,9.37,9.1,9.37,9.05,89841.09
2020-09-18,9.13,8.96,9.16,8.96,112060.76
2020-09-21,9.11,9.04,9.15,8.97,65041.89
2020-09-22,8.96,8.77,8.98,8.71,102746.16
2020-09-23,8.79,8.81,8.89,8.71,42189.84
2020-09-24,8.76,8.55,8.77,8.53,76474.74
2020-09-25,8.59,8.51,8.63,8.42,45348.81
2020-09-28,8.52,8.44,8.59,8.42,29350.37
2020-09-29,8.43,8.53,8.6,8.43,43710.29
2020-09-30,8.53,8.44,8.55,8.42,42274.4
2020-10-09,8.55,8.65,8.68,8.48,57223.8
2020-10-12,8.67,8.83,8.89,8.63,66844.61
2020-10-13,8.83,8.84,8.88,8.73,49268.66
2020-10-14,8.85,8.72,8.85,8.71,39466.34
2020-10-15,8.73,8.62,8.77,8.6,31789.06
2020-10-16,8.65,8.69,8.7,8.58,34810.95
2020-10-19,8.69,8.57,8.79,8.55,41872.31
2020-10-20,8.57,8.63,8.64,8.54,37021.05
2020-10-21,8.63,8.65,8.67,8.55,39679.71
2020-10-22,8.72,8.85,8.93,8.72,105048.02
2020-10-23,8.85,8.71,8.87,8.71,44418.87
2020-10-26,8.71,8.57,8.71,8.55,36351.87
2020-10-27,8.56,8.57,8.68,8.54,38177.72
2020-10-28,8.59,8.59,8.62,8.47,34315.79
2020-10-29,8.51,8.55,8.59,8.48,30369.08
2020-10-30,8.55,8.25,8.62,8.21,57697.57
2020-11-02,8.38,8.3,8.39,8.16,48968.4
2020-11-03,8.25,8.52,8.54,8.25,47855.44
2020-11-04,8.42,8.26,8.47,8.18,71908.99
2020-11-05,8.3,8.27,8.33,8.18,58385.0
2020-11-06,8.29,8.14,8.34,8.12,58651.78
2020-11-09,8.13,8.25,8.34,8.13,66784.97
2020-11-10,8.26,8.14,8.31,8.13,59938.98
2020-11-11,8.14,8.11,8.19,8.08,40197.02
2020-11-12,8.21,8.12,8.21,8.08,24684.0
2020-11-13,8.12,7.99,8.12,7.95,52524.07
2020-11-16,7.99,8.2,8.22,7.98,62404.2
2020-11-17,8.2,8.17,8.24,8.12,33526.88
2020-11-18,8.23,8.26,8.27,8.18,42057.0
2020-11-19,8.26,8.2,8.28,8.19,27887.24
2020-11-20,8.24,8.2,8.27,8.17,34619.63
2020-11-23,8.48,8.41,8.59,8.39,136498.67
2020-11-24,8.33,8.51,8.53,8.3,82220.17
2020-11-25,8.51,8.35,8.52,8.35,51170.88
2020-11-26,8.36,8.42,8.52,8.24,72418.27
2020-11-27,8.42,8.36,8.42,8.31,36535.83
2020-11-30,8.36,8.29,8.45,8.29,62947.03
2020-12-01,8.28,8.34,8.39,8.27,48739.79
2020-12-02,8.33,8.37,8.43,8.26,67701.23
2020-12-03,8.36,8.37,8.41,8.3,48441.61
2020-12-04,8.34,8.28,8.36,8.22,47041.64
2020-12-07,8.23,8.23,8.27,8.2,36369.22
2020-12-08,8.3,8.21,8.4,8.21,43525.19
2020-12-09,8.18,8.06,8.21,8.04,43830.76
2020-12-10,8.04,8.0,8.06,7.95,42197.26
2020-12-11,8.0,7.81,8.01,7.72,63627.0
2020-12-14,7.8,7.76,7.8,7.71,32150.65
2020-12-15,7.78,7.87,7.9,7.74,30243.49
2020-12-16,7.87,7.71,7.87,7.71,34116.41
2020-12-17,7.71,7.76,7.77,7.59,42850.37
2020-12-18,7.76,7.68,7.88,7.65,48781.3
2020-12-21,7.7,7.77,7.78,7.63,43720.0
2020-12-22,7.75,7.65,7.76,7.61,42616.84
2020-12-23,7.66,7.64,7.73,7.58,39403.0
2020-12-24,7.61,7.31,7.62,7.31,84477.51
2020-12-25,7.33,7.31,7.39,7.26,41272.9
2020-12-28,7.3,7.15,7.3,7.1,58139.64
2020-12-29,7.2,7.27,7.41,7.15,49601.91
2020-12-30,7.31,7.3,7.45,7.3,56438.21
2020-12-31,7.35,7.32,7.4,7.27,70107.34
2021-01-04,7.31,7.31,7.4,7.24,69423.89
2021-01-05,7.29,7.2,7.32,7.16,62123.58
2021-01-06,7.2,7.03,7.23,7.0,74319.58
2021-01-07,7.03,6.86,7.03,6.81,84274.65
2021-01-08,6.87,7.0,7.07,6.81,67875.89
2021-01-11,7.0,6.98,7.08,6.93,56004.96
2021-01-12,6.98,6.9,7.02,6.87,46744.62
2021-01-13,6.85,6.89,6.91,6.7,73943.5
2021-01-14,6.89,7.02,7.06,6.85,64688.62
2021-01-15,7.0,7.0,7.11,6.98,44594.85
2021-01-18,7.05,6.98,7.12,6.97,44260.95
2021-01-19,7.0,7.03,7.1,6.94,63631.21
2021-01-20,7.04,7.02,7.06,6.95,41870.94
2021-01-21,7.02,7.02,7.13,6.99,77340.79
2021-01-22,7.02,6.95,7.02,6.91,44461.25
2021-01-25,6.9,6.88,7.0,6.88,48417.53
2021-01-26,6.93,6.83,7.0,6.82,48803.55
2021-01-27,6.86,7.0,7.04,6.83,78397.25
2021-01-28,6.96,7.1,7.24,6.94,106269.65
2021-01-29,7.15,6.88,7.19,6.84,100936.81
2021-02-01,6.87,7.26,7.35,6.86,202295.35
2021-02-02,7.2,7.31,7.38,7.13,116116.16
2021-02-03,7.24,7.09,7.25,7.06,74688.9
2021-02-04,7.09,7.01,7.09,6.95,53483.73
2021-02-05,7.02,6.92,7.14,6.9,57318.0
2021-02-08,6.91,7.0,7.33,6.87,150913.98
2021-02-09,7.0,7.11,7.15,6.96,74832.48
2021-02-10,7.11,7.11,7.23,7.03,66173.98
2021-02-18,7.25,7.15,7.29,7.11,118388.81
2021-02-19,7.16,7.37,7.39,7.12,123905.28
2021-02-22,7.38,7.38,7.54,7.35,138502.0
2021-02-23,7.34,7.42,7.43,7.28,72051.34
2021-02-24,7.41,7.37,7.54,7.35,100313.98
2021-02-25,7.4,7.31,7.49,7.3,67612.92
2021-02-26,7.22,7.23,7.35,7.18,69826.45
2021-03-01,7.25,7.28,7.32,7.24,71827.59
2021-03-02,7.26,7.21,7.34,7.18,57074.8
2021-03-03,7.19,7.35,7.45,7.19,120446.42
2021-03-04,7.28,7.35,7.4,7.27,87657.7
2021-03-05,7.3,7.43,7.45,7.29,79798.66
2021-03-08,7.46,7.34,7.49,7.31,82484.45
2021-03-09,7.36,7.22,7.39,7.13,86987.47
2021-03-10,7.26,7.05,7.28,7.04,80648.92
2021-03-11,7.06,7.06,7.1,6.99,74596.49
2021-03-12,7.07,7.02,7.1,6.96,69309.13
2021-03-15,7.01,7.13,7.15,6.98,75491.94
2021-03-16,7.15,7.18,7.22,7.1,55110.81
2021-03-17,7.22,7.14,7.22,7.09,55836.08
2021-03-18,7.17,7.12,7.18,7.1,43703.83
2021-03-19,7.12,7.1,7.16,7.05,40718.43
2021-03-22,7.07,7.16,7.2,7.07,50816.43
2021-03-23,7.17,7.18,7.2,7.1,48283.83
2021-03-24,7.13,7.23,7.27,7.12,67185.74
2021-03-25,7.26,7.2,7.3,7.2,51101.72
2021-03-26,7.25,7.18,7.25,7.18,52315.4
2021-03-29,7.18,7.18,7.27,7.16,57030.16
2021-03-30,7.17,7.0,7.18,7.0,64169.34
2021-03-31,7.01,7.1,7.13,6.98,45218.77
2021-04-01,7.09,7.08,7.12,7.03,35749.86
2021-04-02,7.06,7.07,7.1,7.04,25263.06
2021-04-06,7.08,6.94,7.08,6.85,88312.12
2021-04-07,6.93,6.94,6.96,6.9,49917.23
2021-04-08,6.95,6.87,6.95,6.87,55179.0
2021-04-09,6.88,6.88,6.91,6.86,37284.1
2021-04-12,6.87,6.84,6.9,6.81,52393.48
2021-04-13,6.86,6.93,7.0,6.83,64582.81
2021-04-14,6.94,6.96,6.99,6.88,45581.0
2021-04-15,6.97,6.94,7.0,6.9,43398.97
2021-04-16,6.95,7.12,7.13,6.93,90643.95
2021-04-19,7.12,7.1,7.15,7.07,66004.48
2021-04-20,7.09,7.12,7.19,7.07,69220.72
2021-04-21,7.11,7.12,7.18,7.09,55186.67
2021-04-22,7.12,7.06,7.15,7.06,46926.83
2021-04-23,7.08,7.03,7.1,6.97,43594.66
2021-04-26,7.0,6.94,7.02,6.94,59525.0
2021-04-27,6.94,6.98,7.0,6.91,40970.84
2021-04-28,6.96,7.0,7.01,6.94,28925.34
2021-04-29,6.96,6.95,7.0,6.93,42891.9
2021-04-30,6.91,6.59,6.91,6.56,149185.89
2021-05-06,6.6,6.47,6.65,6.45,107179.49
2021-05-07,6.48,6.48,6.53,6.46,62438.56
2021-05-10,6.51,6.46,6.56,6.44,63962.94
2021-05-11,6.46,6.52,6.53,6.41,43930.59
2021-05-12,6.48,6.61,6.61,6.48,56132.0
2021-05-13,6.54,6.59,6.62,6.53,52501.96
2021-05-14,6.58,6.58,6.63,6.56,86606.0
2021-05-17,6.57,6.52,6.6,6.5,63852.92
2021-05-18,6.55,6.53,6.6,6.5,80569.0
2021-05-19,6.59,6.66,6.7,6.51,118732.92
2021-05-20,6.62,6.56,6.63,6.53,75679.47
2021-05-21,6.56,6.57,6.6,6.53,45141.01
2021-05-24,6.57,6.54,6.6,6.52,49954.0
2021-05-25,6.59,6.58,6.59,6.52,62902.24
2021-05-26,6.58,6.59,6.62,6.56,57719.57
2021-05-27,6.6,6.6,6.63,6.57,56615.22
2021-05-28,6.6,6.54,6.62,6.53,61316.0
2021-05-31,6.55,6.48,6.55,6.47,67895.92
2021-06-01,6.48,6.57,6.59,6.46,60818.42
2021-06-02,6.57,6.52,6.59,6.51,59976.22
2021-06-03,6.51,6.59,6.61,6.51,70722.89
2021-06-04,6.57,6.59,6.6,6.54,45796.17
2021-06-07,6.59,6.57,6.6,6.53,54608.08
2021-06-08,6.6,6.6,6.61,6.56,65402.81
2021-06-09,6.58,6.59,6.61,6.56,47157.88
2021-06-10,6.58,6.69,6.77,6.56,118145.11
2021-06-11,6.88,6.81,6.96,6.7,172697.22
2021-06-15,6.72,6.95,6.98,6.68,206142.3
2021-06-16,6.94,6.81,6.94,6.79,111818.82
2021-06-17,6.82,6.69,6.82,6.66,88310.97
2021-06-18,6.67,6.7,6.72,6.64,55460.98
2021-06-21,6.69,6.65,6.69,6.63,53711.24
2021-06-22,6.65,6.7,6.73,6.64,49020.18
2021-06-23,6.7,6.66,6.71,6.65,46837.61
2021-06-24,6.65,6.57,6.67,6.56,73361.79
2021-06-25,6.58,6.6,6.61,6.55,48049.39
2021-06-28,6.59,6.58,6.62,6.56,35581.56
2021-06-29,6.58,6.65,6.68,6.55,65069.95
2021-06-30,6.66,6.59,6.66,6.58,36321.46
2021-07-01,6.59,6.56,6.61,6.54,36856.02
2021-07-02,6.55,6.5,6.59,6.47,41864.07
2021-07-05,6.49,6.49,6.52,6.47,31557.33
2021-07-06,6.51,6.47,6.51,6.46,37037.97
2021-07-07,6.47,6.46,6.47,6.43,39580.1
2021-07-08,6.44,6.32,6.46,6.31,81269.1
2021-07-09,6.31,6.33,6.35,6.28,33231.51
2021-07-12,6.35,6.33,6.35,6.3,66465.44
2021-07-13,6.35,6.4,6.4,6.31,46116.12
2021-07-14,6.41,6.37,6.41,6.35,35421.41
2021-07-15,6.39,6.35,6.39,6.29,35974.25
2021-07-16,6.34,6.31,6.35,6.28,43356.88
2021-07-19,6.43,6.35,6.43,6.34,39813.12
2021-07-20,6.34,6.44,6.47,6.31,53040.12
2021-07-21,6.44,6.57,6.59,6.41,90149.47
2021-07-22,6.56,6.54,6.59,6.52,37744.41
2021-07-23,6.55,6.47,6.56,6.41,41404.23
2021-07-26,6.46,6.34,6.48,6.32,48898.0
2021-07-27,6.33,6.27,6.37,6.23,61297.99
2021-07-28,6.26,6.23,6.31,6.22,50767.86
2021-07-29,6.27,6.15,6.27,6.13,61447.06
2021-07-30,6.14,6.18,6.19,6.06,39860.22
2021-08-02,6.19,6.2,6.21,6.09,44803.1
2021-08-03,6.19,6.21,6.29,6.17,49291.1
2021-08-04,6.17,6.16,6.2,6.14,39694.48
2021-08-05,6.13,6.11,6.17,6.1,39760.34
2021-08-06,6.13,6.09,6.13,6.05,35694.52
2021-08-09,6.06,6.13,6.15,6.06,33681.85
2021-08-10,6.14,6.15,6.16,6.12,34432.98
2021-08-11,6.16,6.17,6.18,6.14,33394.85
2021-08-12,6.18,6.16,6.2,6.16,44462.59
2021-08-13,6.16,6.13,6.16,6.09,33418.0
2021-08-16,6.13,6.18,6.2,6.13,29942.01
2021-08-17,6.18,6.13,6.2,6.09,41154.78
2021-08-18,6.11,6.13,6.16,6.1,31343.0
2021-08-19,6.13,6.15,6.17,6.11,30742.54
2021-08-20,6.15,6.13,6.15,6.1,27498.0
2021-08-23,6.13,6.17,6.17,6.12,34437.74
2021-08-24,6.16,6.22,6.25,6.15,51494.94
2021-08-25,6.22,6.24,6.27,6.18,46102.02
2021-08-26,6.23,6.2,6.25,6.16,46464.74
2021-08-27,6.2,6.21,6.22,6.18,31927.18
2021-08-30,6.23,6.26,6.27,6.22,48110.0
2021-08-31,6.25,6.3,6.32,6.24,72966.21
2021-09-01,6.3,6.39,6.43,6.28,92349.61
2021-09-02,6.39,6.41,6.44,6.32,87279.74
2021-09-03,6.39,6.48,6.53,6.39,89487.41
2021-09-06,6.49,6.52,6.55,6.47,65881.15
2021-09-07,6.51,6.6,6.6,6.49,76949.32
2021-09-08,6.61,6.76,6.78,6.56,142306.62
2021-09-09,6.73,6.77,6.8,6.68,89449.58
2021-09-10,6.75,6.92,6.97,6.74,156791.58
2021-09-13,6.91,6.91,6.97,6.77,116309.53
2021-09-14,6.94,6.76,7.0,6.76,92063.58
2021-09-15,6.73,6.81,6.86,6.7,74888.02
2021-09-16,6.88,6.97,7.08,6.86,162626.34
2021-09-17,7.03,6.84,7.03,6.83,91298.0
2021-09-22,6.76,6.92,7.17,6.72,103976.68
2021-09-23,6.95,6.89,7.04,6.84,80908.28
2021-09-24,6.89,6.94,7.03,6.89,90476.55
2021-09-27,6.89,6.71,6.93,6.68,93089.28
2021-09-28,6.72,6.8,6.83,6.68,71456.73
2021-09-29,6.74,6.59,6.8,6.55,92028.1
2021-09-30,6.59,6.57,6.66,6.56,60680.73
2021-10-08,6.59,6.68,6.68,6.59,57323.98
2021-10-11,6.7,6.7,6.74,6.63,51784.15
2021-10-12,6.62,6.58,6.68,6.56,52597.9
2021-10-13,6.58,6.59,6.64,6.56,36866.08
2021-10-14,6.58,6.61,6.62,6.48,62049.05
2021-10-15,6.61,6.49,6.62,6.48,52020.4
2021-10-18,6.51,6.55,6.57,6.48,54585.43
2021-10-19,6.53,6.5,6.57,6.48,50848.86
2021-10-20,6.5,6.49,6.54,6.44,36876.97
2021-10-21,6.48,6.42,6.53,6.41,56726.14
2021-10-22,6.43,6.37,6.47,6.33,46926.4
2021-10-25,6.34,6.3,6.36,6.26,47962.56
2021-10-26,6.32,6.27,6.34,6.27,36528.46
2021-10-27,6.27,6.2,6.27,6.18,39712.7
2021-10-28,6.2,6.24,6.34,6.2,65892.0
2021-10-29,6.27,6.41,6.47,6.24,75937.75
2021-11-01,6.4,6.34,6.41,6.33,61389.36
2021-11-02,6.36,6.28,6.41,6.2,69359.5
2021-11-03,6.28,6.29,6.37,6.26,49197.62
2021-11-04,6.28,6.34,6.34,6.27,35528.91
2021-11-05,6.33,6.48,6.49,6.25,100473.41
2021-11-08,6.46,6.38,6.48,6.37,64913.01
2021-11-09,6.37,6.35,6.41,6.33,51162.12
2021-11-10,6.34,6.37,6.4,6.29,66811.88
2021-11-11,6.36,6.43,6.46,6.31,101200.95
2021-11-12,6.44,6.4,6.44,6.37,59695.73
2021-11-15,6.4,6.53,6.55,6.4,92050.53
2021-11-16,6.53,6.58,6.7,6.52,132565.85
2021-11-17,6.56,6.72,6.76,6.53,126899.35
2021-11-18,6.68,6.58,6.71,6.57,92251.48
2021-11-19,6.6,6.61,6.65,6.56,67303.77
2021-11-22,6.61,6.55,6.63,6.53,78880.24
2021-11-23,6.53,6.56,6.58,6.49,55433.43
2021-11-24,6.55,6.6,6.63,6.52,72720.62
2021-11-25,6.59,6.55,6.6,6.54,49420.99
2021-11-26,6.55,6.47,6.55,6.46,54176.0
2021-11-29,6.41,6.36,6.46,6.34,69490.0
2021-11-30,6.38,6.41,6.44,6.36,52087.07
2021-12-01,6.39,6.49,6.5,6.39,60007.95
2021-12-02,6.48,6.41,6.53,6.41,70797.12
2021-12-03,6.41,6.45,6.48,6.4,48954.4
2021-12-06,6.48,6.45,6.53,6.43,63093.37
2021-12-07,6.48,6.46,6.48,6.43,51242.77
2021-12-08,6.45,6.47,6.48,6.42,43503.08
2021-12-09,6.46,6.61,6.64,6.45,119293.8
2021-12-10,6.61,6.66,6.68,6.58,109202.09
2021-12-13,6.68,6.84,6.91,6.65,187047.68
2021-12-14,6.87,7.01,7.02,6.83,209624.54
2021-12-15,7.01,6.91,7.02,6.88,163773.58
2021-12-16,6.97,7.03,7.09,6.88,153952.88
2021-12-17,7.01,7.01,7.12,6.96,122154.15
2021-12-20,7.01,6.94,7.06,6.89,112447.01
2021-12-21,6.95,6.99,7.03,6.91,99252.77
2021-12-22,6.99,7.1,7.22,6.97,138623.03
2021-12-23,7.11,7.05,7.18,7.01,98371.69
2021-12-24,7.03,7.04,7.12,6.98,78981.72
2021-12-27,7.01,7.0,7.06,6.89,98180.58
2021-12-28,7.0,6.93,7.02,6.87,75004.51
2021-12-29,6.94,6.85,6.94,6.85,65722.76
2021-12-30,6.89,7.25,7.31,6.89,212081.33
2021-12-31,7.24,7.4,7.45,7.2,194556.46
2022-01-04,7.43,7.52,7.59,7.38,217269.01
2022-01-05,7.49,7.52,7.69,7.42,192398.94
2022-01-06,7.52,7.52,7.58,7.45,134116.32
2022-01-07,7.45,7.42,7.71,7.36,196984.46
2022-01-10,7.44,7.38,7.6,7.29,145724.92
2022-01-11,7.35,7.38,7.57,7.35,140565.34
2022-01-12,7.41,7.38,7.45,7.27,96245.81
2022-01-13,7.42,7.36,7.55,7.35,112267.48
2022-01-14,7.35,7.28,7.46,7.26,101923.68
2022-01-17,7.34,7.56,7.75,7.33,184494.59
2022-01-18,7.61,7.63,7.9,7.59,294359.1
2022-01-19,7.75,7.63,7.76,7.52,153112.52
2022-01-20,7.64,7.49,7.67,7.46,113754.62
2022-01-21,7.5,7.37,7.65,7.35,112740.52
2022-01-24,7.31,7.29,7.38,7.21,111272.48
2022-01-25,7.32,6.83,7.33,6.78,164048.35
2022-01-26,6.83,6.83,6.89,6.76,90188.92
2022-01-27,6.89,6.6,6.89,6.56,108956.77
2022-01-28,6.68,6.69,6.79,6.61,91427.0
2022-02-07,6.8,6.76,6.85,6.71,76919.69
2022-02-08,6.75,6.91,6.93,6.73,80462.43
2022-02-09,6.91,7.6,7.6,6.9,243687.48
2022-02-10,7.83,7.71,7.84,7.55,403515.96
2022-02-11,7.7,7.47,7.76,7.44,239977.72
2022-02-14,7.51,7.55,7.72,7.35,218717.81
2022-02-15,7.6,7.63,7.81,7.49,226898.31
2022-02-16,7.67,7.87,7.9,7.59,298330.36
2022-02-17,7.89,7.56,7.89,7.49,260751.79
2022-02-18,7.55,7.79,7.88,7.52,221387.79
2022-02-21,7.74,7.91,8.02,7.71,276646.5
2022-02-22,7.87,7.68,7.87,7.59,246591.96
2022-02-23,7.72,8.16,8.45,7.7,547050.51
2022-02-24,8.02,7.6,8.04,7.48,442020.89
2022-02-25,7.68,7.5,7.8,7.44,226774.28
2022-02-28,7.48,7.45,7.49,7.19,154938.87
2022-03-01,7.43,7.6,7.71,7.36,193141.73
2022-03-02,7.52,7.56,7.66,7.46,111872.28
2022-03-03,7.56,7.51,7.61,7.46,105704.25
2022-03-04,7.46,7.31,7.52,7.29,128300.18
2022-03-07,7.31,7.22,7.4,7.17,138142.85
2022-03-08,7.24,7.07,7.31,7.02,134758.49
2022-03-09,7.08,7.03,7.17,6.74,157568.69
2022-03-10,7.13,7.08,7.21,7.04,126739.44
2022-03-11,7.02,7.22,7.24,6.9,120074.03
2022-03-14,7.17,7.1,7.29,7.08,99881.01
2022-03-15,7.05,6.65,7.05,6.65,131791.03
2022-03-16,6.78,6.88,6.91,6.55,122854.48
2022-03-17,6.97,6.89,7.06,6.88,104838.33
2022-03-18,6.85,7.03,7.06,6.84,85214.01
2022-03-21,7.08,7.04,7.13,6.9,104379.42
2022-03-22,6.97,7.04,7.12,6.92,94843.0
2022-03-23,7.04,7.04,7.1,6.97,65326.59
2022-03-24,7.0,6.89,7.0,6.89,59971.34
2022-03-25,6.94,6.89,6.99,6.87,67999.52
2022-03-28,6.87,7.01,7.09,6.8,95607.22
2022-03-29,7.01,6.98,7.1,6.94,59726.27
2022-03-30,7.0,7.07,7.08,6.92,73391.74
2022-03-31,7.07,7.09,7.13,6.91,75864.25
2022-04-01,7.05,7.22,7.23,7.01,105151.04
2022-04-06,7.25,7.4,7.46,7.22,157326.44
2022-04-07,7.35,7.32,7.5,7.31,134016.42
2022-04-08,7.32,7.29,7.38,7.14,123272.87
2022-04-11,7.27,7.2,7.28,7.13,106379.52
2022-04-12,7.23,7.38,7.38,7.14,126252.38
2022-04-13,7.31,7.12,7.31,7.1,120334.5
2022-04-14,7.17,7.27,7.35,7.12,116215.92
2022-04-15,7.17,7.13,7.29,7.1,85787.02
2022-04-18,7.05,7.1,7.18,6.84,81840.76
2022-04-19,7.1,7.29,7.31,7.04,97367.0
2022-04-20,7.29,7.17,7.39,7.17,105054.56
2022-04-21,7.17,6.97,7.24,6.93,117889.45
2022-04-22,6.95,6.78,6.95,6.74,116761.51
2022-04-25,6.68,6.29,6.68,6.29,130857.29
2022-04-26,6.37,6.27,6.48,6.23,92046.12
2022-04-27,6.2,6.44,6.46,6.17,93617.71
2022-04-28,6.4,6.31,6.48,6.21,75644.74
2022-04-29,6.41,6.54,6.61,6.3,100892.45
2022-05-05,6.48,6.52,6.6,6.48,82866.63
2022-05-06,6.4,6.3,6.45,6.28,80692.89
2022-05-09,6.28,6.38,6.41,6.24,66020.0
2022-05-10,6.33,6.44,6.46,6.26,87206.14
2022-05-11,6.45,6.41,6.55,6.36,102606.08
2022-05-12,6.28,6.39,6.41,6.28,68130.9
2022-05-13,6.4,6.48,6.54,6.35,89431.79
2022-05-16,6.5,6.51,6.55,6.46,80265.79
2022-05-17,6.48,6.42,6.55,6.38,79402.0
2022-05-18,6.45,6.43,6.48,6.4,62339.0
2022-05-19,6.35,6.45,6.45,6.3,81604.45
2022-05-20,6.48,6.47,6.5,6.41,68791.8
2022-05-23,6.61,6.55,6.69,6.55,105336.4
2022-05-24,6.56,6.32,6.61,6.32,105959.24
2022-05-25,6.33,6.59,6.61,6.33,135403.82
2022-05-26,6.59,6.68,6.7,6.55,102983.11
2022-05-27,6.68,6.64,6.75,6.58,69856.75
2022-05-30,6.71,6.76,6.76,6.62,97177.39
2022-05-31,6.76,6.84,6.89,6.68,96423.58
2022-06-01,6.84,6.95,6.97,6.79,103708.74
2022-06-02,6.91,6.89,6.93,6.82,73099.19
2022-06-06,6.84,6.83,6.91,6.81,80991.85
2022-06-07,6.89,6.73,6.89,6.68,94122.56
2022-06-08,6.72,6.73,6.79,6.61,75215.84
2022-06-09,6.72,6.74,6.8,6.64,91320.36
2022-06-10,6.71,6.94,6.95,6.66,160457.11
2022-06-13,6.83,6.79,6.91,6.75,91737.99
2022-06-14,6.76,6.86,6.87,6.61,85402.0
2022-06-15,6.86,6.84,6.93,6.8,78752.35
2022-06-16,6.83,6.95,7.0,6.83,100735.42
2022-06-17,6.92,6.89,7.01,6.77,89627.52
2022-06-20,6.86,6.81,6.9,6.8,66791.03
2022-06-21,6.81,6.89,6.91,6.76,82087.38
2022-06-22,6.92,6.74,6.96,6.72,77424.14
2022-06-23,6.73,6.81,6.82,6.7,57673.0
2022-06-24,6.84,6.89,6.92,6.77,75856.87
2022-06-27,6.87,6.86,6.94,6.83,75371.16
2022-06-28,6.86,6.89,6.92,6.82,69700.35
2022-06-29,6.89,6.9,7.06,6.88,101941.56
2022-06-30,6.91,6.97,7.07,6.9,98372.61
2022-07-01,6.96,6.89,6.97,6.87,58444.59
2022-07-04,6.89,6.87,6.89,6.82,61078.76
2022-07-05,6.86,6.76,6.87,6.71,81851.33
2022-07-06,6.76,6.61,6.8,6.54,80731.32
2022-07-07,6.61,6.58,6.63,6.55,50167.31
2022-07-08,6.62,6.61,6.67,6.58,45813.38
2022-07-11,6.61,6.59,6.63,6.54,41081.25
2022-07-12,6.59,6.52,6.63,6.51,46317.05
2022-07-13,6.54,6.57,6.61,6.52,37580.88
2022-07-14,6.55,6.57,6.62,6.52,37682.48
2022-07-15,6.57,6.39,6.59,6.39,61972.7
2022-07-18,6.41,6.53,6.54,6.4,47593.8
2022-07-19,6.57,6.62,6.62,6.5,54811.1
2022-07-20,6.65,6.69,6.7,6.61,50191.81
2022-07-21,6.68,6.67,6.75,6.64,44669.6
2022-07-22,6.69,6.63,6.72,6.59,37135.82
2022-07-25,6.61,6.56,6.68,6.53,40017.9
2022-07-26,6.61,6.64,6.64,6.56,35159.34
2022-07-27,6.61,6.59,6.68,6.58,30156.87
2022-07-28,6.6,6.6,6.68,6.6,49598.95
2022-07-29,6.61,6.5,6.64,6.49,52948.34
2022-08-01,6.5,6.5,6.52,6.46,44999.04
2022-08-02,6.43,6.21,6.47,6.15,124098.13
2022-08-03,6.24,6.17,6.34,6.17,63667.97
2022-08-04,6.2,6.24,6.27,6.16,50802.39
2022-08-05,6.25,6.34,6.34,6.2,48635.64
2022-08-08,6.34,6.32,6.34,6.27,41426.93
2022-08-09,6.32,6.29,6.34,6.27,38972.56
2022-08-10,6.3,6.28,6.3,6.25,40994.02
2022-08-11,6.3,6.41,6.41,6.28,52542.45
2022-08-12,6.41,6.45,6.47,6.38,39913.04
2022-08-15,6.45,6.41,6.45,6.37,33524.17
2022-08-16,6.46,6.38,6.46,6.36,32740.87
2022-08-17,6.4,6.47,6.47,6.36,38384.57
2022-08-18,6.47,6.41,6.47,6.38,41512.64
2022-08-19,6.46,6.42,6.51,6.38,52249.27
2022-08-22,6.41,6.46,6.51,6.34,46573.37
2022-08-23,6.43,6.47,6.49,6.41,35590.55
2022-08-24,6.47,6.39,6.51,6.37,50387.63
2022-08-25,6.5,6.49,6.5,6.4,47169.53
2022-08-26,6.53,6.55,6.64,6.46,63390.44
2022-08-29,6.48,6.58,6.59,6.46,49002.06
2022-08-30,6.59,6.7,6.71,6.56,68755.6
2022-08-31,6.69,6.63,6.75,6.62,65454.22
2022-09-01,6.64,6.64,6.7,6.58,59167.41
2022-09-02,6.67,6.72,6.76,6.63,71618.28
2022-09-05,6.73,6.7,6.75,6.64,44563.62
2022-09-06,6.67,6.72,6.72,6.64,39265.88
2022-09-07,6.67,6.62,6.7,6.59,42282.43
2022-09-08,6.62,6.6,6.66,6.58,38441.68
2022-09-09,6.6,6.65,6.77,6.56,75392.17
2022-09-13,6.67,6.57,6.68,6.57,41578.25
2022-09-14,6.51,6.51,6.55,6.47,39000.31
2022-09-15,6.51,6.43,6.58,6.4,55766.5
2022-09-16,6.43,6.33,6.48,6.32,54890.54
2022-09-19,6.33,6.25,6.39,6.21,53357.21
2022-09-20,6.25,6.29,6.32,6.25,24779.13
2022-09-21,6.3,6.35,6.4,6.13,47079.64
2022-09-22,6.31,6.33,6.39,6.3,31554.43
2022-09-23,6.33,6.4,6.66,6.24,95312.99
2022-09-26,6.31,6.13,6.35,6.08,108576.75
2022-09-27,6.1,6.17,6.2,6.04,62608.56
2022-09-28,6.15,6.23,6.47,6.04,91261.81
2022-09-29,6.22,6.07,6.28,6.03,97622.06
2022-09-30,6.06,6.01,6.09,5.99,52586.74
2022-10-10,6.02,5.95,6.03,5.92,48260.37
2022-10-11,5.95,6.0,6.01,5.86,42995.28
2022-10-12,6.01,6.13,6.14,5.95,50304.73
2022-10-13,6.11,6.19,6.22,6.1,47417.57
2022-10-14,6.22,6.24,6.3,6.19,52990.62
2022-10-17,6.21,6.25,6.29,6.21,41006.85
2022-10-18,6.27,6.22,6.29,6.19,36003.64
2022-10-19,6.21,6.15,6.22,6.14,24274.8
2022-10-20,6.13,6.13,6.23,6.13,36297.13
2022-10-21,6.15,6.14,6.2,6.13,27523.28
2022-10-24,6.14,6.01,6.24,5.95,51378.43
2022-10-25,5.99,5.96,6.02,5.92,35486.22
2022-10-26,5.98,6.13,6.27,5.97,49129.47
2022-10-27,6.13,6.17,6.22,6.08,45218.44
2022-10-28,6.18,6.04,6.21,6.02,46806.52
2022-10-31,6.01,6.16,6.21,6.01,45373.48
2022-11-01,6.18,6.28,6.29,6.15,70239.28
2022-11-02,6.26,6.33,6.38,6.21,73660.06
2022-11-03,6.3,6.27,6.33,6.22,39358.62
2022-11-04,6.28,6.32,6.37,6.25,44255.17
2022-11-07,6.32,6.36,6.39,6.27,65733.45
2022-11-08,6.39,6.4,6.42,6.32,54198.76
2022-11-09,6.39,6.39,6.43,6.35,43686.56
2022-11-10,6.37,6.48,6.55,6.32,77666.29
2022-11-11,6.5,6.46,6.59,6.45,70224.16
2022-11-14,6.44,6.49,6.52,6.44,45270.0
2022-11-15,6.45,6.49,6.54,6.45,50345.0
2022-11-16,6.5,6.52,6.57,6.49,63589.79
2022-11-17,6.56,6.57,6.61,6.51,51242.92
2022-11-18,6.61,6.58,6.7,6.56,86263.42
2022-11-21,6.54,6.46,6.59,6.43,63997.27
2022-11-22,6.49,6.52,6.55,6.44,54410.82
2022-11-23,6.49,6.53,6.57,6.46,50005.32
2022-11-24,6.49,6.44,6.57,6.42,45194.41
2022-11-25,6.46,6.58,6.59,6.44,72463.96
2022-11-28,6.54,6.58,6.61,6.46,57464.87
2022-11-29,6.58,6.66,6.68,6.55,59241.54
2022-11-30,6.66,6.59,6.67,6.58,65487.62
2022-12-01,6.66,6.66,6.7,6.62,58387.74
2022-12-02,6.66,6.66,6.7,6.63,49604.29
2022-12-05,6.68,6.78,6.81,6.67,86920.02
2022-12-06,6.79,6.73,6.81,6.7,56794.39
2022-12-07,6.74,6.72,6.8,6.67,56369.66
2022-12-08,6.71,6.67,6.76,6.64,51095.2
2022-12-09,6.75,6.67,6.75,6.63,70398.71
2022-12-12,6.74,6.71,6.76,6.62,79766.78
2022-12-13,6.71,6.76,6.78,6.65,70442.7
2022-12-14,6.76,6.68,6.78,6.67,38367.12
2022-12-15,6.73,6.65,6.74,6.65,34853.85
2022-12-16,6.64,6.66,6.67,6.58,41162.57
2022-12-19,6.67,6.54,6.71,6.51,41745.0
2022-12-20,6.55,6.51,6.6,6.49,36332.4
2022-12-21,6.5,6.55,6.62,6.49,31132.55
2022-12-22,6.57,6.5,6.65,6.49,32943.03
2022-12-23,6.51,6.59,6.67,6.48,36269.0
2022-12-26,6.59,6.52,6.63,6.51,37350.0
2022-12-27,6.57,6.51,6.58,6.5,22209.0
2022-12-28,6.54,6.61,6.65,6.46,41083.07
2022-12-29,6.59,6.56,6.63,6.53,29605.0
2022-12-30,6.58,6.74,6.75,6.53,64695.27
2023-01-03,6.76,6.84,6.87,6.74,96184.29
2023-01-04,6.85,6.85,6.9,6.79,77542.93
2023-01-05,6.89,6.85,6.89,6.81,51389.39
2023-01-06,6.85,6.72,6.85,6.68,52939.48
2023-01-09,6.76,6.71,6.8,6.69,40254.23
2023-01-10,6.7,6.76,6.82,6.67,50195.06
2023-01-11,6.82,6.73,6.87,6.71,56261.59
2023-01-12,6.73,6.82,6.9,6.69,80984.72
2023-01-13,6.85,6.94,7.0,6.78,97024.6
2023-01-16,6.94,6.86,6.94,6.84,72307.0
2023-01-17,6.87,6.85,6.91,6.82,45662.37
2023-01-18,6.86,6.91,6.96,6.85,47111.25
2023-01-19,6.88,6.93,6.94,6.71,48801.47
2023-01-20,6.98,6.94,6.98,6.9,62399.66
2023-01-30,7.02,7.0,7.06,6.95,76118.85
2023-01-31,6.99,6.94,7.02,6.89,55112.82
2023-02-01,6.99,7.03,7.03,6.94,65207.32
2023-02-02,7.03,7.0,7.06,7.0,64054.86
2023-02-03,7.0,7.09,7.14,6.98,88797.07
2023-02-06,7.12,7.09,7.14,7.06,56762.73
2023-02-07,7.09,7.15,7.17,7.03,71565.08
2023-02-08,7.18,7.17,7.39,7.14,138008.95
2023-02-09,7.16,7.25,7.27,7.07,92404.75
2023-02-10,7.3,7.35,7.44,7.25,100646.46
2023-02-13,7.35,7.26,7.41,7.21,86896.98
2023-02-14,7.3,7.24,7.3,7.18,65180.44
2023-02-15,7.26,7.3,7.41,7.23,62638.7
2023-02-16,7.27,7.31,7.46,7.22,151169.99
2023-02-17,7.31,7.18,7.37,7.18,93505.53
2023-02-20,7.27,7.37,7.39,7.21,92699.57
2023-02-21,7.37,7.29,7.39,7.23,75654.86
2023-02-22,7.28,7.27,7.28,7.21,57237.54
2023-02-23,7.29,7.17,7.29,7.13,69426.0
2023-02-24,7.22,7.21,7.28,7.16,51435.35
2023-02-27,7.18,7.1,7.2,7.09,53637.27
2023-02-28,7.15,7.24,7.28,7.14,69710.76
2023-03-01,7.24,7.43,7.45,7.2,109782.19
2023-03-02,7.43,7.48,7.48,7.4,80544.7
2023-03-03,7.47,7.44,7.47,7.39,55443.0
2023-03-06,7.43,7.48,7.53,7.3,67085.36
2023-03-07,7.48,7.34,7.53,7.33,66826.34
2023-03-08,7.33,7.42,7.46,7.31,68475.62
2023-03-09,7.42,7.47,7.48,7.36,69085.5
2023-03-10,7.43,7.4,7.47,7.38,57801.29
2023-03-13,7.46,7.55,7.56,7.34,75780.99
2023-03-14,7.54,7.44,7.57,7.39,65720.11
2023-03-15,7.44,7.43,7.51,7.39,51288.67
2023-03-16,7.42,7.46,7.52,7.35,90836.27
2023-03-17,7.54,7.63,7.7,7.46,95828.27
2023-03-20,7.7,7.68,7.84,7.65,109433.37
2023-03-21,7.69,7.74,7.78,7.65,82244.86
2023-03-22,7.79,7.82,7.82,7.72,74839.9
2023-03-23,7.82,7.75,7.82,7.71,76863.09
2023-03-24,7.76,7.85,7.86,7.73,88293.83
2023-03-27,7.85,7.91,7.92,7.74,110169.61
2023-03-28,7.92,7.91,8.01,7.83,104129.39
2023-03-29,7.9,8.1,8.23,7.87,162002.21
2023-03-30,8.05,7.84,8.1,7.83,138304.31
2023-03-31,7.89,8.04,8.05,7.82,108362.71
2023-04-03,8.05,8.16,8.19,7.98,120491.88
2023-04-04,8.16,8.1,8.23,8.05,98229.69
2023-04-06,8.09,7.83,8.09,7.79,118869.41
2023-04-07,7.89,8.05,8.08,7.8,98812.22
2023-04-10,8.01,8.1,8.33,8.01,160074.92
2023-04-11,8.1,8.38,8.41,8.01,257689.3
2023-04-12,8.44,8.83,9.04,8.39,401296.09
2023-04-13,8.91,8.58,9.06,8.53,420753.58
2023-04-14,8.64,8.39,8.73,8.23,297552.83
2023-04-17,8.37,8.14,8.37,8.1,180283.73
2023-04-18,8.16,8.04,8.17,7.92,172990.71
2023-04-19,8.06,8.19,8.36,8.06,189601.19
2023-04-20,8.21,8.48,8.5,8.17,213747.84
2023-04-21,8.41,8.03,8.45,8.02,194995.38
2023-04-24,7.99,8.37,8.54,7.92,255566.48
2023-04-25,8.37,8.34,8.46,8.19,253229.61
2023-04-26,8.23,8.1,8.47,7.88,275655.56
2023-04-27,8.18,8.16,8.44,7.98,233216.59
2023-04-28,8.08,8.53,8.56,8.03,245321.93
2023-05-04,8.57,9.0,9.05,8.55,382104.65
2023-05-05,8.95,8.73,8.95,8.62,299128.32
2023-05-08,8.77,8.83,9.05,8.5,271819.14
2023-05-09,8.81,9.23,9.31,8.79,470278.99
2023-05-10,9.09,8.91,9.46,8.82,397131.89
2023-05-11,9.07,9.55,9.8,8.83,864777.93
2023-05-12,9.27,9.18,9.49,9.07,445329.98
2023-05-15,9.04,8.49,9.1,8.27,520970.65
2023-05-16,8.34,8.19,8.35,8.08,276016.06
2023-05-17,8.07,8.16,8.28,8.06,160345.36
2023-05-18,8.15,8.18,8.22,8.08,109975.7
2023-05-19,8.21,8.15,8.26,7.99,122895.89
2023-05-22,8.1,8.06,8.13,7.99,103740.35
2023-05-23,8.06,7.78,8.07,7.73,166091.13
2023-05-24,7.73,7.65,7.77,7.61,134328.76
2023-05-25,7.69,7.58,7.73,7.38,178678.51
2023-05-26,7.52,7.62,7.7,7.48,95184.56
2023-05-29,7.6,7.7,7.84,7.59,110432.58
2023-05-30,7.65,7.86,7.87,7.58,129721.89
2023-05-31,7.83,8.04,8.06,7.82,115326.8
2023-06-01,8.01,8.6,8.84,7.94,555969.93
2023-06-02,8.55,8.42,8.64,8.41,287760.36
2023-06-05,8.42,8.61,8.67,8.38,192986.23
2023-06-06,8.63,8.42,8.73,8.36,182135.68
2023-06-07,8.44,8.67,8.74,8.35,178706.49
2023-06-08,8.64,8.57,8.64,8.43,132147.15
2023-06-09,8.57,8.73,8.82,8.52,176617.34
2023-06-12,8.8,8.78,8.98,8.71,189288.08
2023-06-13,8.78,8.82,8.93,8.7,173901.59
2023-06-14,8.82,8.73,8.95,8.6,195436.15
2023-06-15,8.77,8.64,8.87,8.62,173424.62
2023-06-16,8.7,8.55,8.74,8.5,172791.88
2023-06-19,8.6,8.55,8.71,8.51,117675.9
2023-06-20,8.51,8.43,8.59,8.41,111466.29
2023-06-21,8.43,8.06,8.66,8.03,159040.57
2023-06-26,8.02,7.67,8.15,7.65,161589.0
2023-06-27,7.77,7.76,7.83,7.66,121339.38
2023-06-28,7.76,7.67,7.8,7.52,107379.24
2023-06-29,7.67,7.79,7.85,7.65,89558.18
2023-06-30,7.75,7.83,7.85,7.68,81856.72
2023-07-03,7.83,7.8,7.9,7.65,117208.81
2023-07-04,7.8,7.8,7.84,7.74,66874.94
2023-07-05,7.82,7.78,7.87,7.76,83394.9
2023-07-06,7.74,7.73,7.92,7.72,83004.95
2023-07-07,7.69,7.72,7.8,7.57,70504.0
2023-07-10,7.77,7.93,7.98,7.74,122323.9
2023-07-11,7.92,7.89,7.95,7.74,95878.89
2023-07-12,7.9,7.74,7.93,7.74,76366.64
2023-07-13,7.74,7.9,7.92,7.73,88982.45
2023-07-14,7.9,8.01,8.12,7.88,109460.65
2023-07-17,8.01,8.07,8.16,8.0,75475.09
2023-07-18,8.1,7.99,8.13,7.97,53313.32
2023-07-19,8.01,8.13,8.14,7.99,58026.41
2023-07-20,8.17,8.01,8.17,8.0,63129.06
2023-07-21,7.99,8.03,8.08,7.93,49282.02
2023-07-24,8.03,8.03,8.1,7.96,56742.48
2023-07-25,8.07,8.09,8.13,8.01,67867.45
2023-07-26,8.08,7.94,8.08,7.92,64545.21
2023-07-27,7.92,7.78,7.98,7.76,108646.03
2023-07-28,7.78,7.86,7.88,7.72,74668.46
2023-07-31,7.87,8.0,8.03,7.83,123502.6
2023-08-01,8.0,7.96,8.01,7.9,79408.0
2023-08-02,7.95,7.9,7.97,7.84,57401.48
2023-08-03,7.9,7.9,7.94,7.85,52776.0
2023-08-04,7.93,8.03,8.09,7.9,72526.04
2023-08-07,8.09,8.17,8.25,8.05,100590.28
2023-08-08,8.17,8.23,8.28,8.12,98232.08
2023-08-09,8.19,8.12,8.25,8.1,73242.41
2023-08-10,8.14,8.04,8.16,8.0,65685.46
2023-08-11,8.05,7.88,8.1,7.87,63683.23
2023-08-14,7.83,7.94,7.96,7.73,63781.38
2023-08-15,7.94,7.83,7.97,7.74,56569.0
2023-08-16,7.81,7.68,7.85,7.66,48556.0
2023-08-17,7.69,7.74,7.77,7.6,46559.7
2023-08-18,7.77,7.63,7.83,7.62,61684.0
2023-08-21,7.64,7.62,7.78,7.6,50708.0
2023-08-22,7.64,7.73,7.75,7.6,64906.29
2023-08-23,7.7,7.66,7.8,7.65,58371.36
2023-08-24,7.72,7.82,7.92,7.69,95480.7
2023-08-25,7.82,7.64,7.86,7.6,103272.02
2023-08-28,7.94,7.82,8.02,7.8,145611.89
2023-08-29,7.81,8.04,8.08,7.79,111964.32
2023-08-30,8.03,8.08,8.12,7.98,93542.21
2023-08-31,8.1,8.02,8.12,7.98,87753.32
2023-09-01,8.0,8.14,8.23,7.95,126090.89
2023-09-04,8.13,8.01,8.16,8.0,115076.08
2023-09-05,7.99,7.82,8.04,7.79,108536.0
2023-09-06,7.83,7.48,7.84,7.46,197826.0
2023-09-07,7.43,7.35,7.55,7.34,129312.0
2023-09-08,7.34,7.17,7.37,7.17,107735.43
2023-09-11,7.21,7.46,7.52,7.19,153150.05
2023-09-12,7.43,7.34,7.46,7.34,76103.27
2023-09-13,7.34,7.26,7.36,7.2,70693.0
2023-09-14,7.25,7.27,7.28,7.2,55296.75
2023-09-15,7.28,7.33,7.4,7.28,67239.67
2023-09-18,7.29,7.44,7.47,7.21,89734.19
2023-09-19,7.43,7.36,7.48,7.35,74422.89
2023-09-20,7.33,7.36,7.44,7.31,61932.0
2023-09-21,7.33,7.23,7.34,7.19,84596.0
2023-09-22,7.25,7.42,7.42,7.21,76310.0
2023-09-25,7.47,7.32,7.49,7.28,88754.06
2023-09-26,7.29,7.26,7.33,7.24,64665.0
2023-09-27,7.24,7.14,7.28,7.12,111780.0
2023-09-28,7.15,7.09,7.2,7.07,93019.0
2023-10-09,7.09,6.87,7.1,6.8,144959.45
2023-10-10,6.84,6.92,6.96,6.84,72778.0
2023-10-11,6.91,6.97,7.08,6.88,82031.16
2023-10-12,6.99,6.91,7.04,6.89,67231.0
2023-10-13,6.9,6.81,6.95,6.8,73847.81
2023-10-16,6.81,6.75,6.82,6.7,53300.46
2023-10-17,6.74,6.77,6.8,6.71,45465.0
2023-10-18,6.74,6.65,6.75,6.63,55168.69
2023-10-19,6.7,6.63,6.75,6.63,55842.77
2023-10-20,6.64,6.55,6.67,6.54,55622.99
2023-10-23,6.54,6.41,6.56,6.38,65098.0
2023-10-24,6.44,6.63,6.64,6.42,85400.57
2023-10-25,6.64,6.6,6.7,6.58,50778.0
2023-10-26,6.58,6.65,6.68,6.54,62425.08
2023-10-27,6.64,6.71,6.76,6.62,53861.59
2023-10-30,6.7,6.72,6.79,6.68,71891.61
2023-10-31,6.72,6.7,6.79,6.66,74082.92
2023-11-01,6.7,6.71,6.8,6.68,70037.0
2023-11-02,6.72,6.81,6.9,6.72,103686.68
2023-11-03,6.85,6.82,6.88,6.71,81637.33
2023-11-06,6.87,7.04,7.05,6.85,100453.46
2023-11-07,7.09,7.07,7.11,6.97,94410.29
2023-11-08,7.03,7.18,7.27,7.03,117265.08
2023-11-09,7.22,7.11,7.37,7.09,126613.07
2023-11-10,7.07,7.01,7.15,6.98,83715.21
2023-11-13,7.02,7.1,7.11,6.98,89865.3
2023-11-14,7.06,7.04,7.12,7.03,57429.0
2023-11-15,7.08,7.04,7.13,7.02,70511.0
2023-11-16,7.02,7.09,7.13,6.99,107634.04
2023-11-17,7.08,7.18,7.24,7.08,136887.64
2023-11-20,7.15,7.2,7.27,7.12,89868.16
2023-11-21,7.18,7.33,7.47,7.18,152452.63
2023-11-22,7.32,7.49,7.78,7.3,371146.82
2023-11-23,7.41,7.37,7.46,7.28,193339.72
2023-11-24,7.34,7.34,7.47,7.28,163386.59
2023-11-27,7.31,7.23,7.31,7.16,139235.0
2023-11-28,7.27,7.22,7.28,7.14,79840.0
2023-11-29,7.18,7.13,7.25,7.09,92346.28
2023-11-30,7.1,7.12,7.18,7.08,66884.47
2023-12-01,7.12,7.4,7.42,7.11,157937.3
2023-12-04,7.4,7.38,7.51,7.35,126684.0
2023-12-05,7.34,7.2,7.36,7.17,90950.39
2023-12-06,7.18,7.34,7.4,7.05,110442.87
2023-12-07,7.37,7.51,7.57,7.37,157371.84
2023-12-08,7.44,7.4,7.49,7.37,129414.92
2023-12-11,7.4,7.54,7.58,7.33,159451.5
2023-12-12,7.64,7.67,7.78,7.6,202858.06
2023-12-13,7.67,7.62,7.82,7.6,125071.93
2023-12-14,7.66,7.69,7.84,7.64,148667.0
2023-12-15,7.67,7.76,7.85,7.63,123637.5
2023-12-18,7.73,7.65,7.79,7.62,106541.87
2023-12-19,7.69,7.65,7.77,7.59,102562.44
2023-12-20,7.65,7.5,7.69,7.49,89257.5
2023-12-21,7.48,7.49,7.54,7.39,88073.64
2023-12-22,7.49,7.11,7.49,7.04,159764.67
2023-12-25,7.08,7.01,7.21,6.92,105483.36
2023-12-26,7.04,6.88,7.11,6.86,72350.0
2023-12-27,6.92,6.82,6.99,6.78,76038.0
2023-12-28,6.8,6.8,6.91,6.74,99209.0
2023-12-29,6.84,6.8,6.91,6.79,118674.0
2024-01-02,6.84,6.89,6.93,6.81,136409.2
2024-01-03,6.85,6.99,7.09,6.84,135679.54
2024-01-04,6.97,7.04,7.04,6.85,105409.15
2024-01-05,7.02,6.92,7.07,6.87,79784.08
2024-01-08,6.85,6.79,6.92,6.78,71473.0
2024-01-09,6.8,6.79,6.84,6.73,68454.64
2024-01-10,6.76,6.62,6.78,6.61,50332.71
2024-01-11,6.63,6.79,6.8,6.6,57118.32
2024-01-12,6.79,6.69,6.82,6.68,50868.5
2024-01-15,6.63,6.74,6.81,6.62,65146.89
2024-01-16,6.7,6.62,6.75,6.54,69747.2
2024-01-17,6.58,6.47,6.68,6.46,59429.04
2024-01-18,6.43,6.36,6.48,6.19,94584.21
2024-01-19,6.39,6.43,6.54,6.35,91975.02
2024-01-22,6.4,5.98,6.42,5.93,115575.22
2024-01-23,5.99,6.1,6.15,5.92,107452.08
2024-01-24,6.11,6.25,6.26,5.97,108842.47
2024-01-25,6.29,6.62,6.63,6.23,107115.52
2024-01-26,6.62,6.67,6.75,6.56,96052.7
2024-01-29,6.66,6.55,6.7,6.53,78594.58
2024-01-30,6.52,6.31,6.53,6.28,84201.0
2024-01-31,6.3,6.19,6.49,6.16,114320.95
2024-02-01,6.17,6.06,6.24,5.96,105175.56
2024-02-02,6.06,5.94,6.28,5.74,132330.0
2024-02-05,5.93,5.46,5.93,5.35,215300.53
2024-02-06,5.34,5.81,5.93,5.23,202313.22
2024-02-07,5.87,6.38,6.39,5.78,243295.34
2024-02-08,6.47,6.59,6.93,6.42,240570.21
2024-02-19,6.8,6.55,6.8,6.42,159783.09
2024-02-20,6.56,6.57,6.59,6.39,112635.6
2024-02-21,6.49,6.56,6.77,6.44,121665.22
2024-02-22,6.55,6.6,6.66,6.53,74555.78
2024-02-23,6.6,6.7,6.71,6.53,90283.83
2024-02-26,6.69,6.63,6.73,6.56,99299.0
2024-02-27,6.63,6.83,6.83,6.56,92042.05
2024-02-28,6.83,6.59,6.96,6.58,146927.45
2024-02-29,6.55,6.8,6.85,6.54,106785.82
2024-03-01,6.8,6.88,6.92,6.76,103438.59
2024-03-04,6.87,6.89,6.91,6.76,101550.03
2024-03-05,6.88,6.87,6.96,6.79,96864.7
2024-03-06,6.86,6.79,6.91,6.75,75032.88
2024-03-07,6.86,6.65,6.99,6.65,90658.97
2024-03-08,6.63,6.69,6.73,6.57,73296.0
2024-03-11,6.68,6.8,6.8,6.66,72607.1
2024-03-12,6.8,6.72,6.86,6.67,109195.33
2024-03-13,6.74,6.86,6.96,6.68,116833.75
2024-03-14,6.84,6.71,6.86,6.66,78395.0
2024-03-15,6.71,6.77,6.87,6.68,93567.58
2024-03-18,6.76,6.87,6.87,6.71,89060.12
2024-03-19,6.85,6.85,6.97,6.83,96286.67
2024-03-20,6.84,7.05,7.22,6.84,174029.67
2024-03-21,7.12,7.13,7.22,7.06,157493.92
2024-03-22,7.06,7.84,7.84,7.01,526953.62
2024-03-25,8.62,7.62,8.62,7.62,1222692.93
2024-03-26,7.83,7.94,8.38,7.76,893403.71
2024-03-27,7.76,7.41,7.94,7.2,741168.55
2024-03-28,7.41,7.99,8.15,7.28,825061.03
2024-03-29,7.88,7.78,7.98,7.6,533448.45
2024-04-01,7.81,7.72,7.82,7.53,452607.51
2024-04-02,7.7,7.38,7.7,7.29,442275.17
2024-04-03,7.31,7.12,7.35,7.04,328706.61
2024-04-08,7.08,6.95,7.15,6.93,231420.78
2024-04-09,6.98,6.86,7.02,6.78,254898.14
2024-04-10,6.85,6.63,6.86,6.58,222470.82
2024-04-11,6.59,6.89,7.1,6.56,311710.86
2024-04-12,6.84,6.55,6.9,6.52,289382.95
2024-04-15,6.53,6.66,6.78,6.44,234733.42
2024-04-16,6.58,6.42,6.75,6.4,212076.57
2024-04-17,6.49,6.69,6.76,6.49,212430.74
2024-04-18,6.69,6.73,6.81,6.6,169996.15
2024-04-19,6.68,6.76,6.87,6.68,183757.91
2024-04-22,6.74,6.47,6.74,6.46,175133.44
2024-04-23,6.49,6.54,6.65,6.47,139018.33
2024-04-24,6.56,6.61,6.62,6.44,92798.0
2024-04-25,6.56,6.56,6.63,6.51,89090.52
2024-04-26,6.53,6.77,6.8,6.53,167673.92
2024-04-29,6.72,6.99,7.04,6.72,187319.51
2024-04-30,6.95,6.94,6.99,6.78,152781.53
2024-05-06,6.97,6.99,7.06,6.95,136293.01
2024-05-07,7.01,6.99,7.15,6.96,109293.0
2024-05-08,6.94,6.78,6.95,6.77,124482.8
2024-05-09,6.8,6.81,6.86,6.78,124393.43
2024-05-10,6.82,6.71,6.9,6.68,95174.12
2024-05-13,6.66,6.58,6.68,6.54,111929.51
2024-05-14,6.61,6.65,6.7,6.56,87289.98
2024-05-15,6.65,6.59,6.69,6.58,77451.16
2024-05-16,6.59,6.73,6.83,6.59,121661.75
2024-05-17,6.74,6.77,6.78,6.66,71315.58
2024-05-20,6.76,6.8,6.87,6.7,94329.03
2024-05-21,6.83,6.77,6.93,6.75,92422.17
2024-05-22,6.75,6.8,6.82,6.71,74170.5
2024-05-23,6.79,6.57,6.8,6.55,118825.0
2024-05-24,6.57,6.51,6.62,6.49,63009.0
2024-05-27,6.48,6.41,6.56,6.28,136505.3
2024-05-28,6.35,6.24,6.4,6.21,107229.82
2024-05-29,6.23,6.21,6.32,6.18,105321.0
2024-05-30,6.19,6.25,6.3,6.14,95161.17
2024-05-31,6.27,6.29,6.32,6.25,70887.0
2024-06-03,6.31,6.23,6.42,6.14,141345.0
2024-06-04,6.2,6.15,6.25,6.07,148830.0
2024-06-05,6.14,6.06,6.19,6.05,92028.57
2024-06-06,6.08,5.96,6.09,5.9,115390.2
2024-06-07,5.98,6.07,6.09,5.93,98009.36
2024-06-11,6.05,6.03,6.08,5.94,66279.16
2024-06-12,6.04,6.17,6.17,6.0,76395.22
2024-06-13,6.17,6.09,6.17,6.05,61183.0
2024-06-14,6.08,6.09,6.13,6.02,77524.48
2024-06-17,6.04,5.97,6.11,5.97,72638.33
2024-06-18,5.97,5.98,6.09,5.96,72240.0
2024-06-19,5.98,5.89,6.01,5.87,69121.0
2024-06-20,5.85,5.71,5.89,5.71,109415.0
2024-06-21,5.72,5.77,5.83,5.68,74168.06
2024-06-24,5.77,5.64,5.77,5.59,91581.58
2024-06-25,5.63,5.61,5.71,5.55,73940.0
2024-06-26,5.6,5.89,5.91,5.58,101349.3
2024-06-27,5.89,5.85,5.94,5.84,93331.31
2024-06-28,5.8,5.8,5.93,5.78,76668.01
2024-07-01,5.78,5.86,5.89,5.71,74370.44
2024-07-02,5.88,5.89,5.97,5.86,65007.33
2024-07-03,5.9,5.87,5.96,5.84,53365.43
2024-07-04,5.87,5.71,5.9,5.69,59365.35
2024-07-05,5.7,5.74,5.83,5.64,71865.78
2024-07-08,5.74,5.63,5.75,5.6,76387.97
2024-07-09,5.64,5.71,5.73,5.56,73626.41
2024-07-10,5.71,5.58,5.76,5.57,75174.14
2024-07-11,5.69,5.74,5.75,5.61,89020.06
2024-07-12,5.71,5.59,5.76,5.56,114570.0
2024-07-15,5.59,5.51,5.59,5.49,81777.22
2024-07-16,5.51,5.52,5.58,5.47,64567.53
2024-07-17,5.52,5.51,5.59,5.5,64473.0
2024-07-18,5.5,5.53,5.53,5.38,72625.18
2024-07-19,5.5,5.59,5.65,5.48,76307.5
2024-07-22,5.57,5.54,5.59,5.46,79002.0
2024-07-23,5.51,5.43,5.57,5.43,51332.5
2024-07-24,5.4,5.35,5.47,5.35,65355.76
2024-07-25,5.35,5.49,5.53,5.32,77509.36
2024-07-26,5.49,5.55,5.58,5.47,60461.1
2024-07-29,5.57,5.62,5.65,5.51,73279.0
2024-07-30,5.62,5.72,5.95,5.58,185090.49
2024-07-31,5.69,5.83,5.84,5.66,166663.43
2024-08-01,5.82,5.81,5.89,5.78,91823.0
2024-08-02,5.76,5.74,5.83,5.72,68102.0
2024-08-05,5.71,5.71,5.86,5.71,98955.33
2024-08-06,5.76,5.78,5.83,5.69,61208.14
2024-08-07,5.75,5.77,5.81,5.74,47847.0
2024-08-08,5.75,5.83,5.84,5.7,68274.77
2024-08-09,5.86,5.75,5.87,5.75,53693.0
2024-08-12,5.76,5.77,5.83,5.71,54578.42
2024-08-13,5.76,5.82,5.84,5.74,52057.0
2024-08-14,5.81,5.84,5.88,5.8,55447.0
2024-08-15,5.82,5.94,5.98,5.81,71100.0
2024-08-16,5.93,5.96,5.97,5.89,65204.0
2024-08-19,5.98,6.11,6.19,5.94,139042.0
2024-08-20,6.12,6.03,6.16,5.99,95410.81
2024-08-21,6.05,5.91,6.08,5.89,74190.06
2024-08-22,5.9,5.79,5.94,5.76,77844.2
2024-08-23,5.77,5.82,5.83,5.71,57305.0
2024-08-26,5.82,5.85,5.89,5.72,67412.79
2024-08-27,5.83,5.76,5.9,5.75,54379.54
2024-08-28,5.79,5.9,5.94,5.68,64561.06
2024-08-29,5.88,5.89,5.95,5.84,43721.82
2024-08-30,5.88,6.02,6.09,5.86,94779.99
2024-09-02,6.0,5.84,6.03,5.82,95058.0
2024-09-03,5.85,5.95,5.95,5.85,59094.0
2024-09-04,5.9,5.92,5.97,5.87,51537.06
2024-09-05,5.91,6.02,6.03,5.87,44405.19
2024-09-06,6.02,5.92,6.03,5.92,51180.82
2024-09-09,5.91,5.93,5.99,5.87,51899.9
2024-09-10,5.93,6.01,6.03,5.76,75984.0
2024-09-11,5.98,5.91,6.0,5.87,38847.0
2024-09-12,5.9,5.9,5.99,5.88,34955.3
2024-09-13,5.88,5.87,5.95,5.85,46935.0
2024-09-18,5.89,5.79,5.89,5.7,65084.19
2024-09-19,5.82,5.92,5.93,5.73,65366.12
2024-09-20,5.9,5.82,5.95,5.78,76861.0
2024-09-23,5.82,5.86,5.89,5.79,64768.0
2024-09-24,5.87,6.08,6.09,5.87,102751.94
2024-09-25,6.14,6.11,6.29,6.1,149242.84
2024-09-26,6.11,6.34,6.34,6.11,132749.82
2024-09-27,6.4,6.5,6.59,6.38,207784.78
2024-09-30,6.68,7.15,7.15,6.68,326801.56
2024-10-08,7.84,7.52,7.84,7.16,377736.66
2024-10-09,7.37,6.81,7.37,6.76,309013.06
2024-10-10,6.92,6.8,7.08,6.73,205303.23
2024-10-11,6.82,6.6,6.83,6.52,167221.92
2024-10-14,6.6,6.7,6.73,6.5,149496.62
2024-10-15,6.65,6.59,6.8,6.58,124535.64
2024-10-16,6.56,6.67,6.77,6.51,101846.87
2024-10-17,6.68,6.56,6.76,6.56,109785.45
2024-10-18,6.58,6.74,6.88,6.51,167494.82
2024-10-21,6.74,6.76,6.83,6.7,148887.73
2024-10-22,6.75,6.88,7.0,6.74,191612.29
2024-10-23,6.87,6.79,6.88,6.77,143951.0
2024-10-24,6.76,6.77,6.79,6.63,115832.0
2024-10-25,6.76,6.93,6.96,6.76,175664.52
2024-10-28,6.95,7.16,7.19,6.94,180636.92
2024-10-29,7.17,6.95,7.28,6.92,182436.92
2024-10-30,6.93,7.02,7.05,6.89,130307.45
2024-10-31,7.08,7.13,7.19,6.95,169541.99
2024-11-01,7.09,6.87,7.16,6.85,186031.01
2024-11-04,6.86,6.95,6.96,6.83,124800.94
2024-11-05,6.95,7.1,7.1,6.91,150217.7
2024-11-06,7.11,7.18,7.31,7.08,225828.47
2024-11-07,7.12,7.35,7.36,7.11,195755.34
2024-11-08,7.36,7.25,7.43,7.21,199929.02
2024-11-11,7.26,7.55,7.63,7.22,332059.88
2024-11-12,7.74,7.39,7.75,7.3,369944.44
2024-11-13,7.33,7.48,7.52,7.33,223536.75
2024-11-14,7.44,7.13,7.46,7.1,230428.4
2024-11-15,7.12,7.12,7.35,7.11,197515.96
2024-11-18,7.19,7.16,7.33,6.98,234116.71
2024-11-19,7.15,7.15,7.21,6.96,197406.12
2024-11-20,7.13,7.25,7.33,7.08,174031.86
2024-11-21,7.22,7.32,7.39,7.2,172879.0
2024-11-22,7.31,7.06,7.46,7.03,209937.86
2024-11-25,7.06,7.15,7.17,6.91,146342.17
2024-11-26,7.14,7.07,7.28,7.05,132321.15
2024-11-27,7.03,7.27,7.27,6.91,162790.05
2024-11-28,7.22,7.22,7.39,7.18,118278.16
2024-11-29,7.22,7.27,7.34,7.17,153614.19
2024-12-02,7.27,7.39,7.44,7.23,174500.85
2024-12-03,7.39,7.32,7.39,7.24,165813.48
2024-12-04,7.31,7.1,7.31,7.06,163624.26
2024-12-05,7.09,7.26,7.29,7.06,150043.3
2024-12-06,7.29,7.61,7.63,7.25,320449.39
2024-12-09,7.61,7.45,7.61,7.37,226160.38
2024-12-10,7.62,7.43,7.68,7.43,198202.0
2024-12-11,7.44,7.67,7.72,7.44,253950.39
2024-12-12,7.71,7.71,7.73,7.57,229848.35
2024-12-13,7.65,8.04,8.31,7.61,830485.73
2024-12-16,8.01,7.95,8.07,7.74,524346.59
2024-12-17,7.9,7.52,7.93,7.46,381691.14
2024-12-18,7.61,7.69,7.83,7.51,311676.77
2024-12-19,7.64,7.62,7.69,7.44,248207.02
2024-12-20,7.6,7.51,7.67,7.47,193384.02
2024-12-23,7.51,7.17,7.52,7.17,244266.55
2024-12-24,7.17,7.21,7.25,7.13,142671.0
2024-12-25,7.21,7.11,7.23,6.97,133237.84
2024-12-26,7.09,7.06,7.22,7.04,117007.72
2024-12-27,7.1,7.17,7.35,7.0,154793.7
2024-12-30,7.14,7.16,7.25,7.05,111412.7
2024-12-31,7.18,6.89,7.23,6.88,162632.0
2025-01-02,6.89,6.74,7.01,6.69,172460.0
2025-01-03,6.76,6.52,6.81,6.5,171707.39
2025-01-06,6.51,6.51,6.63,6.44,123749.88
2025-01-07,6.51,6.51,6.56,6.42,117195.96
2025-01-08,6.48,6.45,6.5,6.29,140763.49
2025-01-09,6.45,6.42,6.51,6.41,104640.21
2025-01-10,6.41,6.27,6.46,6.25,101033.94
2025-01-13,6.2,6.25,6.29,6.12,100788.0
2025-01-14,6.26,6.51,6.51,6.25,141874.81
2025-01-15,6.51,6.56,6.63,6.47,135621.31
2025-01-16,6.56,6.69,6.82,6.54,167220.0
2025-01-17,6.63,6.63,6.71,6.6,99128.0
2025-01-20,6.7,6.71,6.77,6.67,84304.64
2025-01-21,6.74,6.63,6.77,6.58,79635.61
2025-01-22,6.61,6.54,6.63,6.49,82527.11
2025-01-23,6.61,6.65,6.75,6.56,102573.68
2025-01-24,6.63,6.82,6.84,6.62,124857.31
2025-01-27,6.85,6.88,7.0,6.82,147668.96
2025-02-05,6.96,6.93,7.05,6.86,131471.1
2025-02-06,6.91,7.02,7.06,6.83,155623.14
2025-02-07,7.01,7.17,7.29,6.94,234977.87
2025-02-10,7.17,7.37,7.4,7.15,207370.44
2025-02-11,7.73,8.1,8.1,7.55,830102.85
2025-02-12,8.23,8.92,8.92,7.79,790026.18
2025-02-13,9.8,9.02,9.8,8.45,2038568.74
2025-02-14,8.63,8.57,8.75,8.12,1362899.89
2025-02-17,8.54,8.7,9.35,8.48,1367074.36
2025-02-18,8.68,7.84,8.71,7.83,1112288.52
2025-02-19,7.92,8.05,8.12,7.85,633993.51
2025-02-20,8.07,8.05,8.39,8.01,520607.01
2025-02-21,8.4,8.5,8.86,8.39,1070872.19
2025-02-24,8.52,8.27,8.62,8.17,675635.21
2025-02-25,8.12,8.03,8.2,8.01,403429.77
2025-02-26,8.09,8.02,8.18,7.95,327059.33
2025-02-27,8.02,7.84,8.06,7.71,348295.5
2025-02-28,7.78,7.58,7.81,7.55,261725.0
2025-03-03,7.61,7.59,7.68,7.51,185801.0
2025-03-04,7.57,7.78,7.92,7.49,289224.0
2025-03-05,7.75,7.79,7.91,7.68,260211.0
2025-03-06,7.85,8.1,8.14,7.83,406998.0
2025-03-07,8.18,8.0,8.28,7.95,334604.25
2025-03-10,8.05,7.9,8.05,7.81,246846.79
2025-03-11,7.79,8.23,8.23,7.78,311760.52
2025-03-12,9.05,9.05,9.05,9.05,179861.22
2025-03-13,9.2,8.69,9.38,8.48,1441385.29
2025-03-14,8.6,8.65,8.8,8.27,987626.78
2025-03-17,8.57,8.43,8.61,8.37,638775.0
2025-03-18,8.45,8.49,8.76,8.38,594507.01
2025-03-19,8.5,8.39,8.54,8.33,408424.0
2025-03-20,8.39,8.51,8.78,8.33,586084.0
2025-03-21,8.46,8.38,8.62,8.36,413443.0
2025-03-24,8.32,8.11,8.4,7.98,465598.0
2025-03-25,8.11,7.99,8.17,7.97,239207.0
2025-03-26,7.99,7.99,8.1,7.98,152881.58
2025-03-27,8.0,7.93,8.04,7.84,167763.0
2025-03-28,7.93,7.95,8.07,7.91,172359.09
2025-03-31,7.91,7.93,7.96,7.71,231577.0
2025-04-01,7.93,7.85,7.97,7.83,154971.0
2025-04-02,7.83,7.93,8.01,7.82,136158.0
2025-04-03,7.83,7.91,8.0,7.83,124361.0
2025-04-07,7.56,7.12,7.63,7.12,236976.33
2025-04-08,7.06,6.93,7.12,6.78,370091.0
2025-04-09,6.8,7.14,7.18,6.53,327613.12
2025-04-10,7.21,7.22,7.39,7.19,221093.95
2025-04-11,7.17,7.23,7.33,7.15,146505.0
2025-04-14,7.31,7.34,7.39,7.27,158712.1
2025-04-15,7.35,7.38,7.43,7.29,135207.0
2025-04-16,7.34,7.25,7.42,7.19,145964.0
2025-04-17,7.21,7.25,7.33,7.17,97750.0
2025-04-18,7.25,7.23,7.28,7.15,100693.0
2025-04-21,7.27,7.36,7.36,7.17,98484.79
2025-04-22,7.34,7.3,7.39,7.21,109461.7
2025-04-23,7.34,7.31,7.39,7.27,106494.22
2025-04-24,7.31,7.19,7.35,7.15,114394.0
2025-04-25,7.19,7.26,7.34,7.19,108070.0
2025-04-28,7.25,7.16,7.29,7.14,91275.0
2025-04-29,7.14,7.21,7.27,7.13,94194.41
2025-04-30,7.32,7.37,7.42,7.26,166805.0
2025-05-06,7.4,7.51,7.55,7.39,182145.0
2025-05-07,7.6,7.47,7.61,7.41,164717.01
2025-05-08,7.48,7.56,7.58,7.43,139835.2
2025-05-09,7.55,7.39,7.56,7.38,117675.78
2025-05-12,7.48,7.46,7.5,7.4,102945.4
2025-05-13,7.51,7.42,7.54,7.39,108806.9
2025-05-14,7.43,7.46,7.52,7.36,127738.55
2025-05-15,7.46,7.32,7.48,7.3,105928.46
2025-05-16,7.3,7.31,7.36,7.28,76931.26
2025-05-19,7.31,7.39,7.4,7.25,85970.58
2025-05-20,7.39,7.61,7.61,7.35,180768.01
2025-05-21,7.59,7.46,7.63,7.44,163442.63
2025-05-22,7.44,7.35,7.5,7.32,119450.36
2025-05-23,7.35,7.2,7.4,7.19,127607.37
2025-05-26,7.2,7.32,7.36,7.2,91699.16
2025-05-27,7.32,7.29,7.32,7.23,60769.0
2025-05-28,7.29,7.27,7.34,7.25,58553.41
2025-05-29,7.29,7.44,7.45,7.27,112611.39
2025-05-30,7.49,7.36,7.49,7.33,88995.87
2025-06-03,7.32,7.39,7.52,7.32,146054.93
2025-06-04,7.39,7.47,7.47,7.35,94630.96
2025-06-05,7.47,7.58,7.59,7.43,152294.02
2025-06-06,7.56,7.54,7.59,7.49,95575.0
2025-06-09,7.53,7.58,7.61,7.51,95405.72
2025-06-10,7.59,7.58,7.61,7.44,154763.04
2025-06-11,7.56,7.64,7.66,7.55,153562.0
2025-06-12,7.61,7.67,7.73,7.61,146705.78
2025-06-13,7.69,7.48,7.69,7.46,162191.0
2025-06-16,7.48,7.61,7.64,7.46,135919.0
2025-06-17,7.63,7.55,7.63,7.52,99761.68
2025-06-18,7.55,7.44,7.58,7.4,92049.68
2025-06-19,7.41,7.35,7.44,7.31,101489.68
2025-06-20,7.36,7.23,7.39,7.22,101665.0
2025-06-23,7.2,7.33,7.36,7.18,87735.12
2025-06-24,7.35,7.53,7.54,7.34,106736.79
2025-06-25,7.54,7.59,7.61,7.48,117768.6
2025-06-26,7.58,7.59,7.61,7.54,99596.0
2025-06-27,7.56,7.59,7.64,7.56,94952.62
2025-06-30,7.6,7.6,7.64,7.59,98059.0
2025-07-01,7.6,7.54,7.6,7.44,128995.62
2025-07-02,7.54,7.5,7.56,7.47,99911.13
2025-07-03,7.52,7.56,7.59,7.5,84651.43
2025-07-04,7.56,7.52,7.58,7.49,96910.41
2025-07-07,7.52,7.61,7.61,7.49,83687.93
2025-07-08,7.61,7.71,7.73,7.6,130765.65
2025-07-09,7.71,7.73,7.8,7.7,143334.62
2025-07-10,7.72,7.79,7.81,7.69,113098.93
2025-07-11,7.78,7.81,7.83,7.72,136868.71
2025-07-14,7.8,7.7,7.8,7.68,134411.01
2025-07-15,7.7,7.65,7.71,7.56,120109.01
2025-07-16,7.67,7.74,7.77,7.65,106441.63
2025-07-17,7.75,7.83,7.83,7.71,113737.13
2025-07-18,7.84,7.87,7.9,7.79,121080.58
2025-07-21,7.86,7.87,7.91,7.83,113217.5
2025-07-22,7.89,7.95,7.95,7.84,136160.99
2025-07-23,7.95,7.88,8.01,7.84,126379.5
2025-07-24,7.85,7.95,7.95,7.84,104826.37
2025-07-25,7.97,8.02,8.14,7.94,155946.23
2025-07-28,8.03,7.93,8.05,7.92,147342.8
2025-07-29,7.92,7.99,7.99,7.81,152638.81
2025-07-30,8.0,7.96,8.04,7.91,141419.97
2025-07-31,7.92,7.87,8.0,7.83,131701.23
2025-08-01,7.86,7.91,7.95,7.82,127663.0
2025-08-04,7.88,7.89,7.91,7.77,106554.61
2025-08-05,7.89,7.98,8.01,7.89,122801.13
2025-08-06,7.98,7.96,8.0,7.87,116102.61
2025-08-07,7.96,7.93,8.0,7.92,98324.77
2025-08-08,7.92,7.88,7.93,7.83,101846.91
2025-08-11,7.84,7.93,7.97,7.82,120572.74
2025-08-12,7.97,7.92,7.99,7.9,95030.0
2025-08-13,7.92,8.02,8.07,7.89,198078.54
2025-08-14,8.03,7.79,8.04,7.79,177189.0
2025-08-15,7.79,7.97,7.97,7.77,164603.65
2025-08-18,7.98,8.1,8.24,7.98,261785.09
2025-08-19,8.05,8.06,8.13,7.99,172842.68
2025-08-20,8.04,8.09,8.12,7.96,157007.88
2025-08-21,8.09,8.11,8.19,8.05,163591.02
2025-08-22,8.15,8.37,8.51,8.15,441471.15
2025-08-25,8.37,8.27,8.4,8.2,314309.73
2025-08-26,8.24,8.31,8.37,8.23,171419.59
2025-08-27,8.31,8.14,8.41,8.13,222226.82
2025-08-28,8.09,8.25,8.26,7.96,240225.65
2025-08-29,8.3,8.17,8.31,8.15,205301.94
2025-09-01,8.2,8.11,8.25,8.0,272992.59
2025-09-02,8.07,7.95,8.09,7.85,208811.29
2025-09-03,7.94,7.81,8.01,7.8,150882.0
2025-09-04,7.81,7.8,7.86,7.69,160805.02
2025-09-05,7.79,7.88,7.9,7.72,137390.96
2025-09-08,7.87,7.99,8.06,7.84,150193.34
2025-09-09,8.0,7.88,8.01,7.85,126900.65
2025-09-10,7.9,8.0,8.08,7.88,145192.84
2025-09-11,8.0,8.02,8.04,7.83,159577.93
2025-09-12,8.01,8.06,8.06,7.99,149425.89
2025-09-15,8.06,7.96,8.06,7.91,143830.73
2025-09-16,7.96,7.98,8.0,7.89,109046.3
2025-09-17,7.96,7.92,7.97,7.9,107117.0
2025-09-18,7.92,7.77,7.94,7.72,187779.17
2025-09-19,7.75,7.81,7.83,7.7,129182.72
2025-09-22,7.81,7.76,7.83,7.69,100499.32
2025-09-23,7.75,7.69,7.76,7.51,157497.55
2025-09-24,7.64,7.91,7.91,7.56,180434.38
2025-09-25,7.91,7.93,8.01,7.88,163348.39
2025-09-26,7.92,7.88,8.01,7.84,124204.0
2025-09-29,7.88,7.89,7.94,7.78,112680.0
2025-09-30,7.88,7.85,7.92,7.83,80737.93
2025-10-09,7.88,7.77,7.88,7.71,142687.2
2025-10-10,7.75,7.8,7.82,7.74,94569.0
2025-10-13,7.63,7.58,7.67,7.48,216889.4
2025-10-14,7.6,7.52,7.62,7.49,153891.16
2025-10-15,7.51,7.6,7.6,7.5,106095.97
2025-10-16,7.59,7.56,7.62,7.55,89610.41
2025-10-17,7.57,7.45,7.58,7.45,128326.0
2025-10-20,7.48,7.49,7.52,7.45,72748.0
2025-10-21,7.52,7.75,7.9,7.5,234688.7
2025-10-22,7.66,7.76,7.8,7.63,144120.58
2025-10-23,7.76,7.79,7.81,7.69,116352.0
2025-10-24,7.8,7.76,7.82,7.74,89674.41
2025-10-27,7.77,7.73,7.81,7.7,103757.65
2025-10-28,7.72,7.71,7.76,7.69,69680.22
2025-10-29,7.73,7.69,7.74,7.61,79539.34
2025-10-30,7.67,7.63,7.72,7.6,66524.0
2025-10-31,7.62,7.71,7.75,7.61,134402.99
2025-11-03,7.73,7.92,7.93,7.73,223779.94
2025-11-04,7.93,7.94,7.96,7.87,170388.07
2025-11-05,7.88,7.96,8.05,7.87,157972.95
2025-11-06,7.96,7.88,7.98,7.87,135759.93
2025-11-07,7.86,7.83,7.89,7.83,88497.46
2025-11-10,7.87,7.89,7.9,7.84,99164.59
2025-11-11,7.88,7.87,7.89,7.84,75605.0
2025-11-12,7.85,7.83,7.93,7.81,124879.0
2025-11-13,7.82,7.88,7.88,7.78,90132.0
2025-11-14,7.85,7.92,8.01,7.83,192410.7
2025-11-17,7.92,7.87,7.94,7.84,141457.0
2025-11-18,7.88,8.01,8.17,7.83,381971.59
2025-11-19,7.97,7.86,8.01,7.7,319265.53
2025-11-20,7.89,7.65,7.89,7.65,170503.0
2025-11-21,7.62,7.48,7.73,7.48,174465.73
2025-11-24,7.53,7.66,7.71,7.49,152607.02
2025-11-25,7.66,7.8,7.87,7.66,220793.01
2025-11-26,7.82,7.76,7.87,7.73,112013.69
2025-11-27,7.77,7.64,7.77,7.63,93524.5
2025-11-28,7.67,7.65,7.71,7.59,78518.1
2025-12-01,7.66,7.68,7.73,7.64,97158.9
2025-12-02,7.67,7.62,7.67,7.57,79885.0
2025-12-03,7.6,7.45,7.61,7.41,158885.0
2025-12-04,7.47,7.4,7.48,7.36,100760.0
2025-12-05,7.43,7.41,7.43,7.32,111336.34
2025-12-08,7.41,7.44,7.46,7.38,100282.18
2025-12-09,7.45,7.46,7.49,7.41,78412.16
2025-12-10,7.49,7.45,7.51,7.42,59993.0
2025-12-11,7.47,7.33,7.47,7.31,97831.0
2025-12-12,7.34,7.27,7.38,7.25,82432.0
2025-12-15,7.25,7.25,7.31,7.17,67852.8
2025-12-16,7.25,7.14,7.28,7.12,83365.7
2025-12-17,7.13,7.22,7.25,7.08,84216.99
2025-12-18,7.19,7.29,7.3,7.18,58202.0
2025-12-19,7.28,7.38,7.38,7.25,68421.3
2025-12-22,7.33,7.32,7.38,7.3,63442.5
2025-12-23,7.29,7.25,7.34,7.23,58130.0
2025-12-24,7.25,7.28,7.3,7.22,56601.39
2025-12-25,7.28,7.33,7.36,7.26,58622.73
2025-12-26,7.33,7.32,7.39,7.3,56022.01
2025-12-29,7.33,7.34,7.41,7.32,77566.83
2025-12-30,7.29,7.33,7.43,7.28,71223.18
2025-12-31,7.35,7.4,7.45,7.31,83775.33
2026-01-05,7.4,7.58,7.59,7.38,147928.83
2026-01-06,7.55,7.61,7.65,7.53,129515.23
2026-01-07,7.62,7.64,7.82,7.61,147237.0
2026-01-08,7.65,7.77,7.8,7.61,162616.0
2026-01-09,7.76,8.12,8.18,7.74,373073.07
2026-01-12,8.23,8.46,8.48,8.23,488512.81
2026-01-13,8.51,8.48,8.77,8.33,570509.39
2026-01-14,8.48,8.62,8.87,8.42,545127.61
2026-01-15,8.59,8.48,8.65,8.38,325261.74
2026-01-16,8.51,8.04,8.51,8.02,304611.95
2026-01-19,8.0,7.94,8.08,7.9,228436.76
2026-01-20,8.0,7.98,8.08,7.92,203461.45
2026-01-21,7.93,7.91,8.06,7.88,206471.64
2026-01-22,7.92,8.01,8.06,7.92,151123.73
2026-01-23,8.01,8.59,8.79,8.01,528883.65
2026-01-26,8.56,8.39,8.61,8.24,331477.25
2026-01-27,8.31,8.37,8.62,8.26,238771.09
2026-01-28,8.33,8.3,8.46,8.27,181760.37
2026-01-29,8.24,8.56,8.79,8.18,422351.59
2026-01-30,8.5,8.51,8.64,8.39,283105.17
2026-02-02,8.5,8.34,8.64,8.33,266495.14
2026-02-03,8.45,8.68,8.73,8.45,355828.25
2026-02-04,8.66,8.41,8.66,8.3,367391.51
2026-02-05,8.34,8.54,8.67,8.31,300118.46
2026-02-06,8.45,8.36,8.54,8.2,301370.33
2026-02-09,8.55,8.73,8.74,8.48,391719.13
2026-02-10,8.78,9.6,9.6,8.78,881963.02
2026-02-11,9.67,9.16,9.78,9.05,1218356.75
2026-02-12,9.13,8.86,9.17,8.81,588798.22
2026-02-13,8.9,8.66,9.33,8.64,590214.63
2026-02-24,8.75,8.42,8.78,8.35,411314.92
2026-02-25,8.42,8.5,8.62,8.41,282387.74
2026-02-26,8.5,8.32,8.51,8.31,289178.01
2026-02-27,8.32,8.35,8.4,8.3,184783.45
2026-03-02,8.23,7.98,8.26,7.96,322632.95
2026-03-03,7.99,7.61,8.03,7.58,340602.01
2026-03-04,7.54,7.56,7.65,7.5,182826.6
2026-03-05,7.67,7.64,7.75,7.59,191777.38
2026-03-06,7.61,7.77,7.77,7.6,126060.01
2026-03-09,7.64,7.82,7.85,7.61,192482.47
2026-03-10,7.83,7.9,8.02,7.83,172267.15
2026-03-11,7.87,7.94,7.97,7.85,137344.14
2026-03-12,7.92,7.96,8.06,7.89,148004.02
2026-03-13,7.97,7.8,8.0,7.78,177985.22
2026-03-16,7.78,7.82,7.87,7.76,96322.91
2026-03-17,7.85,7.77,7.94,7.76,115557.0
2026-03-18,7.8,7.85,7.88,7.73,122463.18
2026-03-19,7.78,7.79,7.83,7.73,134316.0
2026-03-20,7.8,7.52,7.82,7.52,180032.95
2026-03-23,7.39,6.88,7.41,6.77,346503.43
2026-03-24,7.02,7.05,7.07,6.87,176296.0
2026-03-25,7.08,7.2,7.22,7.06,135033.35
2026-03-26,7.2,7.07,7.26,7.04,115525.68
2026-03-27,7.03,7.2,7.23,6.99,118376.19
2026-03-30,7.14,7.23,7.28,7.06,128551.7
2026-03-31,7.24,7.22,7.37,7.22,112103.09
2026-04-01,7.34,7.36,7.39,7.28,116319.0
2026-04-02,7.33,7.19,7.35,7.15,92026.0
2026-04-03,7.19,7.03,7.22,7.01,93006.01
2026-04-07,7.05,7.07,7.1,6.97,72520.75
2026-04-08,7.19,7.46,7.46,7.19,148923.54
2026-04-09,7.39,7.36,7.43,7.35,120783.0
2026-04-10,7.42,7.33,7.45,7.33,90479.49
2026-04-13,7.3,7.27,7.34,7.23,89269.0
2026-04-14,7.32,7.4,7.42,7.31,100202.11
2026-04-15,7.43,7.35,7.44,7.32,91876.25
2026-04-16,7.37,7.49,7.51,7.33,117683.0
2026-04-17,7.45,7.41,7.49,7.37,98962.24
2026-04-20,7.38,7.44,7.47,7.38,82705.8
2026-04-21,7.41,7.4,7.47,7.37,68466.23
2026-04-22,7.38,7.34,7.39,7.33,66183.35
2026-04-23,7.33,7.36,7.43,7.3,135734.0
2026-04-24,7.32,7.25,7.35,7.15,118780.55
2026-04-27,7.24,7.34,7.38,7.21,100072.0
2026-04-28,7.33,7.2,7.33,7.16,98821.0
2026-04-29,7.22,7.31,7.34,7.2,107094.49
2026-04-30,7.28,7.24,7.34,7.2,75138.0
2026-05-06,7.26,7.34,7.4,7.26,130209.99
2026-05-07,7.38,7.41,7.43,7.31,143138.01
2026-05-08,7.4,7.43,7.48,7.38,128795.52
2026-05-11,7.44,7.4,7.46,7.33,129774.4
2026-05-12,7.37,7.3,7.43,7.28,109445.0
2026-05-13,7.3,7.38,7.39,7.26,94706.01
2026-05-14,7.41,7.15,7.43,7.15,115675.0
2026-05-15,7.15,7.09,7.25,7.01,113998.02
2026-05-18,7.19,7.36,7.45,7.19,219657.0
2026-05-19,7.33,7.5,7.57,7.3,184050.83
2026-05-20,7.48,7.29,7.48,7.28,142694.77
2026-05-21,7.31,7.08,7.44,7.06,143420.41
2026-05-22,7.11,7.05,7.14,6.95,131094.0
2026-05-25,7.05,7.16,7.21,7.03,109955.08
2026-05-26,7.11,7.0,7.13,6.9,125277.42
2026-05-27,6.99,6.93,7.11,6.9,126203.51
2026-05-28,6.89,6.77,6.97,6.66,138316.51
2026-05-29,6.77,6.79,6.9,6.77,92386.16
2026-06-01,6.83,6.95,7.02,6.75,99490.0
2026-06-02,6.96,6.8,7.0,6.79,95836.0
2026-06-03,6.8,6.67,6.83,6.65,88065.74
2026-06-04,6.64,6.53,6.69,6.47,93732.78
2026-06-05,6.52,6.55,6.63,6.51,84423.0
2026-06-08,6.45,6.36,6.58,6.27,119471.33
2026-06-09,6.38,6.39,6.45,6.29,70814.23
2026-06-10,6.35,6.43,6.5,6.33,77212.08
2026-06-11,6.43,6.18,6.43,6.13,111855.73
2026-06-12,6.26,6.33,6.35,6.18,97876.97
2026-06-15,6.35,6.35,6.46,6.31,86295.0
2026-06-16,6.37,6.58,6.62,6.27,169552.85
2026-06-17,6.6,6.56,6.74,6.49,126077.99
2026-06-18,6.59,6.63,6.73,6.46,95719.46
2026-06-22,6.6,6.67,6.69,6.44,115541.0
2026-06-23,6.64,6.6,6.92,6.6,120382.97
2026-06-24,6.65,6.51,6.65,6.41,99685.8
2026-06-25,6.46,6.44,6.51,6.31,89659.86
2026-06-26,6.42,6.36,6.5,6.34,92876.96
2026-06-29,6.35,6.28,6.4,6.19,96559.41
2026-06-30,6.25,6.17,6.33,6.17,86078.4
2026-07-01,6.21,6.26,6.36,6.13,100678.86
2026-07-02,6.3,6.19,6.38,6.17,111775.54
2026-07-03,6.17,6.33,6.37,6.17,80780.83
2026-07-06,6.32,6.43,6.55,6.3,96553.0
2026-07-07,6.46,6.28,6.47,6.25,73578.0
2026-07-08,6.31,6.37,6.46,6.2,89871.72
2026-07-09,6.35,6.29,6.48,6.23,99722.0
2026-07-10,6.27,6.39,6.52,6.19,114432.99
2026-07-13,6.38,6.25,6.43,6.21,117871.0
2026-07-14,6.23,6.29,6.36,6.2,90943.93
2026-07-15,6.28,6.52,6.53,6.27,107290.0
2026-07-16,6.5,6.62,6.68,6.47,106169.0
2026-07-17,6.63,6.46,6.73,6.45,117823.0
2026-07-20,6.55,6.57,6.71,6.47,160663.43
2026-07-21,6.55,6.53,6.71,6.51,124889.02
2026-07-22,6.5,6.42,6.53,6.34,112498.46
2026-07-23,6.4,6.48,6.51,6.36,60598.45
2026-07-24,6.45,6.33,6.47,6.31,64926.72
2026-07-27,6.34,6.47,6.49,6.3,77488.24
2026-07-28,6.43,6.53,6.54,6.4,98239.0
2026-07-29,6.53,6.62,6.65,6.5,108327.0
2026-07-30,6.6,6.69,6.75,6.6,111422.9
2026-07-31,6.65,6.84,6.94,6.65,142615.41
2026-08-03,6.88,7.01,7.03,6.84,103012.74
2026-08-04,7.0,7.0,7.04,6.94,107421.2
2026-08-05,6.99,6.91,7.01,6.89,92455.01
2026-08-06,6.89,6.75,6.94,6.72,93455.0
2026-08-07,6.73,6.65,6.77,6.54,125517.53
2026-08-10,6.64,6.71,6.76,6.6,95252.2
2026-08-11,6.71,6.72,6.78,6.66,75377.0
2026-08-12,6.71,6.75,6.84,6.7,76101.89
2026-08-13,6.74,6.7,6.87,6.68,92387.0
2026-08-14,6.67,6.66,6.71,6.6,79663.0
2026-08-17,6.67,6.65,6.68,6.55,80004.55
2026-08-18,6.61,6.58,6.62,6.52,83504.27
2026-08-19,6.57,6.5,6.62,6.46,85550.26
2026-08-20,6.5,6.53,6.58,6.5,75410.35
2026-08-21,6.51,6.5,6.53,6.43,58051.0
2026-08-24,6.5,6.52,6.6,6.47,60291.51
2026-08-25,6.55,6.7,6.71,6.52,89112.06
2026-08-26,6.71,6.94,6.96,6.66,138335.02
2026-08-27,6.91,6.82,6.91,6.73,104742.54
2026-08-28,6.86,6.93,6.95,6.81,84594.0
2026-08-31,6.93,7.12,7.14,6.9,142064.57
2026-09-01,7.12,7.11,7.22,7.07,133095.51
2026-09-02,7.02,6.95,7.13,6.93,97334.49
2026-09-03,6.97,6.89,7.08,6.86,84185.93
2026-09-04,7.0,7.06,7.18,6.88,123244.93
2026-09-07,7.06,7.09,7.16,6.98,107790.0
2026-09-08,7.11,7.16,7.22,7.06,91287.5
2026-09-09,7.13,7.02,7.13,6.93,92800.0
2026-09-10,6.99,7.0,7.03,6.93,61064.52
2026-09-11,6.95,6.96,6.98,6.84,73113.0
2026-09-14,6.94,6.96,7.02,6.9,56127.0
2026-09-15,6.98,6.89,7.01,6.88,54744.0
2026-09-16,6.89,6.9,6.92,6.79,58747.0
2026-09-17,6.87,6.95,7.0,6.86,77593.14
2026-09-18,7.0,7.03,7.12,6.93,109847.38
