date,open,close,high,low,volume
2013-01-04,2.66,2.61,2.66,2.61,65153.17
2013-01-07,2.63,2.64,2.65,2.61,50162.75
2013-01-08,2.64,2.65,2.66,2.62,70872.9
2013-01-09,2.66,2.66,2.72,2.65,116448.36
2013-01-10,2.66,2.66,2.68,2.63,60978.93
2013-01-11,2.66,2.6,2.67,2.6,75649.76
2013-01-14,2.6,2.66,2.66,2.59,81260.6
2013-01-15,2.66,2.7,2.72,2.65,99698.14
2013-01-16,2.7,2.67,2.72,2.65,82325.29
2013-01-17,2.67,2.66,2.68,2.65,50484.09
2013-01-18,2.66,2.69,2.69,2.64,63222.41
2013-01-21,2.7,2.7,2.71,2.68,72147.91
2013-01-22,2.7,2.66,2.7,2.64,65184.69
2013-01-23,2.65,2.68,2.69,2.64,64536.62
2013-01-24,2.68,2.62,2.7,2.61,83208.91
2013-01-25,2.65,2.62,2.66,2.62,42472.34
2013-01-28,2.63,2.69,2.7,2.63,84149.48
2013-01-29,2.7,2.7,2.71,2.67,64975.89
2013-01-30,2.7,2.74,2.75,2.69,147498.52
2013-01-31,2.74,2.73,2.75,2.7,70270.67
2013-02-01,2.72,2.75,2.75,2.71,71967.91
2013-02-04,2.75,2.71,2.75,2.7,67882.61
2013-02-05,2.7,2.72,2.72,2.68,53048.23
2013-02-06,2.72,2.73,2.75,2.71,60072.08
2013-02-07,2.73,2.74,2.75,2.72,53768.44
2013-02-08,2.74,2.78,2.78,2.74,61411.43
2013-02-18,2.78,2.76,2.79,2.75,58142.08
2013-02-19,2.77,2.73,2.77,2.72,59296.14
2013-02-20,2.73,2.75,2.75,2.72,74171.72
2013-02-21,2.74,2.69,2.74,2.66,81562.94
2013-02-22,2.68,2.68,2.71,2.66,46917.19
2013-02-25,2.67,2.68,2.7,2.66,38735.86
2013-02-26,2.67,2.66,2.69,2.65,48056.08
2013-02-27,2.66,2.66,2.68,2.66,39334.36
2013-02-28,2.67,2.69,2.7,2.65,71502.14
2013-03-01,2.69,2.68,2.69,2.66,91041.28
2013-03-04,2.66,2.59,2.66,2.58,102028.57
2013-03-05,2.59,2.61,2.62,2.58,43097.89
2013-03-06,2.63,2.7,2.72,2.63,118662.13
2013-03-07,2.68,2.66,2.69,2.64,64288.68
2013-03-08,2.66,2.67,2.67,2.65,34614.9
2013-03-11,2.66,2.64,2.67,2.63,38240.02
2013-03-12,2.64,2.6,2.66,2.58,56114.47
2013-03-13,2.6,2.59,2.6,2.57,32202.39
2013-03-14,2.58,2.6,2.6,2.58,23136.65
2013-03-15,2.6,2.58,2.62,2.56,44277.3
2013-03-18,2.57,2.58,2.6,2.56,27268.78
2013-03-19,2.58,2.6,2.6,2.57,30730.16
2013-03-20,2.6,2.63,2.64,2.59,48528.6
2013-03-21,2.63,2.63,2.64,2.6,72235.09
2013-03-22,2.63,2.64,2.65,2.61,62885.41
2013-03-25,2.64,2.64,2.66,2.62,29400.05
2013-03-26,2.63,2.62,2.64,2.59,43537.85
2013-03-27,2.61,2.6,2.63,2.6,30595.62
2013-03-28,2.6,2.54,2.6,2.54,57244.17
2013-03-29,2.54,2.54,2.56,2.54,37086.44
2013-04-01,2.54,2.55,2.57,2.54,19387.47
2013-04-02,2.56,2.55,2.58,2.54,22282.08
2013-04-03,2.55,2.54,2.56,2.53,25550.58
2013-04-08,2.53,2.52,2.54,2.48,25727.57
2013-04-09,2.52,2.55,2.56,2.52,29601.54
2013-04-10,2.56,2.57,2.58,2.54,37984.28
2013-04-11,2.57,2.52,2.58,2.52,52596.69
2013-04-12,2.54,2.54,2.57,2.54,49432.55
2013-04-15,2.54,2.51,2.54,2.5,26654.82
2013-04-16,2.49,2.52,2.53,2.49,35593.82
2013-04-17,2.52,2.52,2.52,2.5,21638.73
2013-04-18,2.5,2.52,2.53,2.49,32998.09
2013-04-19,2.52,2.56,2.57,2.52,53589.12
2013-04-22,2.54,2.54,2.55,2.53,28504.59
2013-04-23,2.54,2.52,2.55,2.5,44314.68
2013-04-24,2.52,2.55,2.56,2.5,43688.95
2013-04-25,2.55,2.52,2.55,2.52,35873.21
2013-04-26,2.51,2.5,2.54,2.5,28960.51
2013-05-02,2.5,2.54,2.55,2.48,36897.24
2013-05-03,2.53,2.55,2.57,2.53,48122.9
2013-05-06,2.55,2.56,2.57,2.54,44924.54
2013-05-07,2.56,2.54,2.56,2.54,34418.96
2013-05-08,2.55,2.57,2.58,2.55,55069.1
2013-05-09,2.57,2.56,2.57,2.54,46420.03
2013-05-10,2.56,2.56,2.57,2.54,44860.78
2013-05-13,2.57,2.57,2.59,2.55,51849.16
2013-05-14,2.57,2.54,2.57,2.53,50495.58
2013-05-15,2.54,2.54,2.55,2.52,38303.34
2013-05-16,2.53,2.56,2.56,2.52,54670.11
2013-05-17,2.56,2.6,2.61,2.55,104151.3
2013-05-20,2.6,2.6,2.61,2.59,76722.67
2013-05-21,2.6,2.61,2.62,2.59,72396.97
2013-05-22,2.61,2.6,2.62,2.59,68767.02
2013-05-23,2.6,2.59,2.61,2.58,59262.79
2013-05-24,2.6,2.65,2.68,2.59,157196.98
2013-05-27,2.65,2.91,2.91,2.64,464845.1
2013-05-28,2.93,2.88,3.05,2.85,712053.93
2013-05-29,2.84,2.85,2.92,2.81,253048.31
2013-05-30,2.84,2.87,2.9,2.8,218825.18
2013-05-31,2.86,2.8,2.88,2.79,147184.02
2013-06-03,2.8,2.78,2.83,2.77,105628.15
2013-06-04,2.78,2.82,2.85,2.77,144756.15
2013-06-05,2.8,2.79,2.84,2.77,89277.76
2013-06-06,2.78,2.71,2.78,2.7,118671.42
2013-06-07,2.69,2.65,2.72,2.64,92902.71
2013-06-13,2.62,2.57,2.62,2.54,87680.53
2013-06-14,2.57,2.6,2.62,2.55,64651.42
2013-06-17,2.6,2.56,2.6,2.55,60737.88
2013-06-18,2.56,2.58,2.59,2.54,45591.83
2013-06-19,2.58,2.54,2.58,2.5,68614.83
2013-06-20,2.54,2.5,2.54,2.49,55410.17
2013-06-21,2.47,2.48,2.51,2.46,48561.73
2013-06-24,2.48,2.34,2.49,2.32,68812.41
2013-06-25,2.34,2.39,2.41,2.19,92626.13
2013-06-26,2.38,2.37,2.4,2.34,46613.72
2013-06-27,2.38,2.33,2.4,2.31,52462.09
2013-06-28,2.32,2.33,2.36,2.28,49125.28
2013-07-01,2.34,2.33,2.35,2.29,63766.31
2013-07-02,2.33,2.36,2.36,2.3,47283.81
2013-07-03,2.35,2.33,2.35,2.3,52401.24
2013-07-04,2.33,2.35,2.37,2.3,70605.18
2013-07-05,2.35,2.36,2.38,2.34,65884.47
2013-07-08,2.34,2.24,2.34,2.24,63695.35
2013-07-09,2.24,2.25,2.27,2.23,26565.76
2013-07-10,2.26,2.32,2.33,2.24,52273.21
2013-07-11,2.35,2.4,2.43,2.35,109001.11
2013-07-12,2.39,2.39,2.46,2.37,96770.79
2013-07-15,2.41,2.42,2.44,2.37,75344.72
2013-07-16,2.42,2.66,2.66,2.4,410829.07
2013-07-17,2.67,2.58,2.7,2.57,350967.88
2013-07-18,2.55,2.53,2.59,2.5,173663.83
2013-07-19,2.51,2.58,2.69,2.51,231524.53
2013-07-22,2.54,2.65,2.67,2.51,167791.27
2013-07-23,2.63,2.65,2.66,2.61,132726.71
2013-07-24,2.64,2.62,2.65,2.57,98324.24
2013-07-25,2.6,2.56,2.63,2.55,70751.58
2013-07-26,2.54,2.51,2.57,2.49,65445.91
2013-07-29,2.48,2.5,2.56,2.46,43529.64
2013-07-30,2.55,2.64,2.66,2.51,157271.84
2013-07-31,2.63,2.58,2.65,2.57,87300.45
2013-08-01,2.58,2.62,2.64,2.58,78182.17
2013-08-02,2.63,2.64,2.66,2.62,84566.44
2013-08-05,2.64,2.65,2.66,2.62,69587.98
2013-08-06,2.64,2.72,2.78,2.62,208072.4
2013-08-07,2.7,2.66,2.73,2.64,112510.26
2013-08-08,2.66,2.65,2.68,2.64,66310.24
2013-08-09,2.66,2.68,2.7,2.65,75812.48
2013-08-12,2.68,2.72,2.72,2.65,87046.03
2013-08-13,2.72,2.7,2.73,2.69,54527.89
2013-08-14,2.7,2.69,2.72,2.68,74369.4
2013-08-15,2.67,2.67,2.73,2.66,80496.55
2013-08-16,2.65,2.64,2.72,2.64,89073.43
2013-08-19,2.64,2.66,2.67,2.62,65315.39
2013-08-20,2.65,2.64,2.67,2.63,74593.98
2013-08-21,2.64,2.65,2.66,2.62,52786.2
2013-08-22,2.65,2.66,2.7,2.65,95825.29
2013-08-23,2.67,2.69,2.74,2.65,129173.87
2013-08-26,2.7,2.77,2.79,2.7,188560.57
2013-08-27,2.76,2.79,2.79,2.73,138656.45
2013-08-28,2.77,2.75,2.81,2.74,113546.17
2013-08-29,2.76,2.72,2.76,2.71,84870.28
2013-08-30,2.72,2.73,2.78,2.72,96118.56
2013-09-02,2.73,2.73,2.76,2.69,68735.69
2013-09-03,2.73,2.78,2.78,2.72,87919.2
2013-09-04,2.79,2.78,2.79,2.75,59398.05
2013-09-05,2.78,2.73,2.78,2.72,68678.81
2013-09-06,2.73,2.73,2.74,2.72,52831.69
2013-09-09,2.74,2.77,2.78,2.73,79646.35
2013-09-10,2.77,2.83,2.83,2.75,138312.19
2013-09-11,2.82,2.82,2.85,2.79,117739.03
2013-09-12,2.81,2.89,2.93,2.8,185210.17
2013-09-13,2.88,2.92,3.06,2.85,230627.55
2013-09-16,2.95,2.91,2.98,2.86,124105.14
2013-09-17,2.91,2.79,2.91,2.78,126511.75
2013-09-18,2.79,2.82,2.82,2.78,51747.82
2013-09-23,2.82,2.93,2.94,2.81,135212.61
2013-09-24,2.91,2.9,2.94,2.85,101005.24
2013-09-25,2.88,2.9,2.95,2.87,105906.51
2013-09-26,2.9,2.81,2.9,2.81,86104.34
2013-09-27,2.82,2.76,2.83,2.75,76172.93
2013-09-30,2.77,2.8,2.82,2.75,47797.06
2013-10-08,2.8,2.89,2.9,2.79,95091.93
2013-10-09,2.88,2.88,2.91,2.85,65478.15
2013-10-10,2.88,2.99,3.14,2.86,301523.48
2013-10-11,2.99,3.01,3.03,2.93,144163.49
2013-10-14,3.03,3.11,3.13,2.98,256398.07
2013-10-15,3.11,3.09,3.23,3.06,293582.99
2013-10-16,3.06,2.96,3.06,2.91,185335.44
2013-10-17,2.97,2.99,3.07,2.94,137089.33
2013-10-18,3.02,3.0,3.06,2.97,99446.21
2013-10-21,3.0,3.04,3.05,2.94,113254.52
2013-10-22,3.04,2.98,3.05,2.97,101503.53
2013-10-23,2.99,2.92,3.01,2.92,79712.83
2013-10-24,2.9,2.94,2.95,2.89,80056.3
2013-10-25,2.93,2.86,2.95,2.82,70573.41
2013-10-28,2.86,2.91,2.91,2.85,49729.07
2013-10-29,2.93,2.89,3.02,2.82,154629.22
2013-10-30,2.88,2.95,2.95,2.86,100128.57
2013-10-31,2.97,2.98,3.01,2.93,91479.36
2013-11-01,2.97,2.98,2.99,2.93,73470.39
2013-11-04,2.98,3.01,3.04,2.97,81923.0
2013-11-05,3.01,3.01,3.02,2.93,95539.08
2013-11-06,2.99,2.95,3.02,2.95,95800.24
2013-11-07,2.95,2.85,2.96,2.85,94113.35
2013-11-08,2.82,2.78,2.86,2.77,79477.2
2013-11-11,2.78,2.8,2.82,2.77,42076.9
2013-11-12,2.79,2.81,2.82,2.78,49121.3
2013-11-13,2.79,2.71,2.8,2.71,84703.66
2013-11-14,2.71,2.72,2.73,2.68,41059.86
2013-11-15,2.72,2.78,2.8,2.72,70569.47
2013-11-18,2.79,2.84,2.85,2.79,73483.34
2013-11-19,2.85,2.83,2.85,2.81,57680.68
2013-11-20,2.84,2.84,2.85,2.81,56969.74
2013-11-21,2.83,2.93,2.97,2.8,161067.38
2013-11-22,2.92,2.93,2.99,2.9,129123.88
2013-11-25,2.9,2.89,2.94,2.88,69518.99
2013-11-26,2.88,2.91,2.95,2.88,49386.8
2013-11-27,2.92,2.94,2.94,2.88,65954.04
2013-11-28,2.94,2.94,2.97,2.92,79279.62
2013-11-29,2.94,2.92,2.94,2.92,53981.29
2013-12-02,2.89,2.86,2.94,2.77,143280.9
2013-12-03,2.84,2.89,2.91,2.81,68408.96
2013-12-04,2.89,2.96,2.98,2.87,125267.48
2013-12-05,2.96,2.97,2.99,2.94,101320.54
2013-12-06,2.97,2.98,3.03,2.96,121977.6
2013-12-09,2.99,2.96,2.99,2.95,63232.52
2013-12-10,2.96,2.97,2.99,2.95,78206.62
2013-12-11,2.97,2.91,2.97,2.88,71257.55
2013-12-12,2.91,2.89,2.92,2.88,49667.41
2013-12-13,2.9,2.89,2.91,2.87,40497.49
2013-12-16,2.89,2.84,2.91,2.83,47569.24
2013-12-17,2.84,2.85,2.88,2.84,33070.6
2013-12-18,2.85,2.85,2.87,2.84,27873.98
2013-12-19,2.85,2.8,2.87,2.79,46971.38
2013-12-20,2.8,2.79,2.81,2.76,50319.01
2013-12-23,2.78,2.79,2.81,2.76,25865.57
2013-12-24,2.79,2.79,2.82,2.77,29321.4
2013-12-25,2.79,2.81,2.81,2.79,32468.48
2013-12-26,2.82,2.77,2.83,2.77,31952.56
2013-12-27,2.77,2.79,2.82,2.74,38975.88
2013-12-30,2.8,2.8,2.83,2.79,44763.76
2013-12-31,2.8,2.81,2.82,2.79,42603.69
2014-01-02,2.82,2.84,2.85,2.8,53329.34
2014-01-03,2.84,2.82,2.85,2.79,43748.32
2014-01-06,2.8,2.78,2.83,2.76,57987.01
2014-01-07,2.77,2.77,2.79,2.77,34269.6
2014-01-08,2.77,2.71,2.79,2.69,71448.84
2014-01-09,2.71,2.67,2.71,2.66,36892.73
2014-01-10,2.65,2.58,2.65,2.58,44069.49
2014-01-13,2.58,2.58,2.61,2.56,30712.76
2014-01-14,2.58,2.62,2.62,2.58,31236.07
2014-01-15,2.62,2.61,2.62,2.59,22694.99
2014-01-16,2.61,2.62,2.64,2.59,23762.7
2014-01-17,2.61,2.58,2.62,2.58,24063.74
2014-01-20,2.57,2.58,2.59,2.57,22996.27
2014-01-21,2.59,2.66,2.69,2.59,50284.23
2014-01-22,2.67,2.7,2.7,2.65,37863.28
2014-01-23,2.69,2.67,2.7,2.66,36731.61
2014-01-24,2.67,2.71,2.72,2.66,54569.56
2014-01-27,2.69,2.69,2.72,2.67,38707.88
2014-01-28,2.69,2.69,2.71,2.67,27517.57
2014-01-29,2.7,2.71,2.72,2.69,29670.73
2014-01-30,2.72,2.72,2.73,2.7,29146.73
2014-02-07,2.7,2.73,2.73,2.68,35141.94
2014-02-10,2.72,2.78,2.78,2.72,66049.01
2014-02-11,2.78,2.75,2.79,2.73,81716.14
2014-02-12,2.76,2.78,2.78,2.74,74609.14
2014-02-13,2.77,2.74,2.79,2.74,56456.16
2014-02-14,2.76,2.8,2.81,2.74,74743.4
2014-02-17,2.82,2.82,2.85,2.79,66488.88
2014-02-18,2.82,2.79,2.82,2.78,67509.48
2014-02-19,2.79,2.85,2.86,2.78,130103.07
2014-02-20,2.86,2.92,3.14,2.85,263314.67
2014-02-21,2.92,2.86,2.95,2.82,136006.42
2014-02-24,2.84,2.79,2.85,2.78,71574.17
2014-02-25,2.79,2.73,2.82,2.71,87556.83
2014-02-26,2.72,2.75,2.76,2.7,55547.43
2014-02-27,2.76,2.77,2.8,2.74,68341.36
2014-02-28,2.76,2.79,2.8,2.75,49330.64
2014-03-03,2.83,2.87,2.88,2.8,93800.76
2014-03-04,2.86,2.87,2.87,2.83,56958.69
2014-03-05,2.87,2.85,2.9,2.85,48353.49
2014-03-06,2.85,2.86,2.86,2.8,69403.18
2014-03-07,2.86,2.84,2.89,2.83,50108.85
2014-03-10,2.83,2.72,2.83,2.71,66277.25
2014-03-11,2.72,2.73,2.74,2.71,41976.71
2014-03-12,2.73,2.72,2.75,2.7,53800.31
2014-03-13,2.74,2.81,2.84,2.72,77045.22
2014-03-14,2.79,2.84,2.85,2.78,68441.81
2014-03-17,2.84,2.85,2.86,2.81,55714.28
2014-03-18,2.85,2.88,2.92,2.83,97026.98
2014-03-19,2.87,2.92,2.92,2.84,94211.25
2014-03-20,2.89,2.85,2.94,2.85,81457.75
2014-03-21,2.83,2.93,2.93,2.82,150553.85
2014-03-24,2.95,2.93,2.96,2.9,125609.52
2014-03-25,2.92,2.89,2.92,2.87,125055.52
2014-03-26,2.89,2.91,2.93,2.89,81571.25
2014-03-27,2.91,2.86,2.91,2.85,65205.12
2014-03-28,2.86,2.81,2.87,2.8,81953.34
2014-03-31,2.8,2.83,2.85,2.79,40452.34
2014-04-01,2.82,2.85,2.85,2.8,38007.43
2014-04-02,2.85,2.9,2.93,2.83,113262.21
2014-04-03,2.92,2.9,2.96,2.88,105346.91
2014-04-04,2.88,2.92,2.92,2.87,69660.49
2014-04-08,2.91,2.97,2.99,2.91,123647.3
2014-04-09,2.96,2.95,2.98,2.93,73917.34
2014-04-10,2.95,2.95,2.96,2.92,68369.61
2014-04-11,2.95,2.92,2.96,2.91,70705.77
2014-04-14,2.92,2.92,2.93,2.89,64990.8
2014-04-15,2.92,2.9,2.94,2.88,70342.52
2014-04-16,2.89,2.92,2.92,2.89,46895.43
2014-04-17,2.92,2.91,2.93,2.9,43547.53
2014-04-18,2.91,2.93,2.93,2.89,34682.96
2014-04-21,2.92,2.85,2.94,2.85,81783.26
2014-04-22,2.84,2.85,2.86,2.8,51602.98
2014-04-23,2.85,2.82,2.85,2.81,40402.26
2014-04-24,2.81,2.79,2.82,2.78,39174.28
2014-04-25,2.79,2.75,2.8,2.74,52709.14
2014-04-28,2.74,2.65,2.75,2.63,77637.14
2014-04-29,2.65,2.67,2.68,2.63,40500.32
2014-04-30,2.66,2.69,2.69,2.65,24714.12
2014-05-05,2.68,2.68,2.69,2.65,33064.21
2014-05-06,2.68,2.69,2.71,2.66,29447.92
2014-05-07,2.68,2.64,2.68,2.63,34461.3
2014-05-08,2.64,2.64,2.68,2.63,36898.83
2014-05-09,2.65,2.63,2.65,2.62,36773.85
2014-05-12,2.65,2.69,2.7,2.64,49695.23
2014-05-13,2.69,2.69,2.7,2.66,33605.5
2014-05-14,2.69,2.7,2.71,2.67,27761.14
2014-05-15,2.69,2.65,2.71,2.64,25966.04
2014-05-16,2.65,2.65,2.65,2.63,29245.61
2014-05-19,2.65,2.6,2.65,2.58,36529.2
2014-05-20,2.62,2.62,2.64,2.59,28749.19
2014-05-21,2.61,2.64,2.64,2.59,23871.78
2014-05-22,2.63,2.62,2.65,2.61,34189.52
2014-05-23,2.61,2.63,2.64,2.6,18151.93
2014-05-26,2.63,2.64,2.65,2.62,29091.67
2014-05-27,2.63,2.62,2.64,2.61,15621.67
2014-05-28,2.64,2.64,2.65,2.61,21075.68
2014-05-29,2.64,2.64,2.65,2.62,20901.0
2014-05-30,2.63,2.63,2.64,2.61,22288.9
2014-06-03,2.63,2.61,2.64,2.61,18309.0
2014-06-04,2.62,2.58,2.62,2.57,41126.93
2014-06-05,2.58,2.58,2.58,2.55,59054.46
2014-06-06,2.58,2.58,2.58,2.55,27031.24
2014-06-09,2.57,2.56,2.58,2.55,28718.7
2014-06-10,2.56,2.57,2.58,2.55,27283.78
2014-06-11,2.57,2.57,2.58,2.55,36113.61
2014-06-12,2.57,2.61,2.63,2.55,73562.5
2014-06-13,2.59,2.6,2.62,2.58,62466.74
2014-06-16,2.59,2.61,2.62,2.59,31955.65
2014-06-17,2.61,2.57,2.61,2.55,45125.87
2014-06-18,2.56,2.54,2.57,2.54,38582.44
2014-06-19,2.54,2.48,2.55,2.47,43913.77
2014-06-20,2.49,2.5,2.51,2.48,19678.5
2014-06-23,2.5,2.51,2.52,2.5,17645.13
2014-06-24,2.51,2.51,2.52,2.5,21825.9
2014-06-25,2.51,2.51,2.51,2.5,18538.93
2014-06-26,2.51,2.55,2.58,2.51,46009.1
2014-06-27,2.55,2.56,2.57,2.52,48525.38
2014-06-30,2.57,2.58,2.58,2.56,42241.9
2014-07-01,2.58,2.58,2.58,2.57,46373.57
2014-07-02,2.58,2.6,2.61,2.57,59625.63
2014-07-03,2.63,2.65,2.73,2.6,152490.49
2014-07-04,2.65,2.63,2.65,2.61,79635.24
2014-07-07,2.63,2.62,2.64,2.61,32847.26
2014-07-08,2.63,2.64,2.64,2.61,37676.12
2014-07-09,2.63,2.62,2.64,2.6,37724.59
2014-07-10,2.61,2.63,2.64,2.6,37647.61
2014-07-11,2.63,2.64,2.64,2.61,40530.46
2014-07-14,2.64,2.66,2.68,2.64,55403.61
2014-07-15,2.66,2.69,2.7,2.66,75971.02
2014-07-16,2.71,2.68,2.71,2.67,45953.52
2014-07-17,2.68,2.64,2.68,2.64,50443.31
2014-07-18,2.64,2.65,2.68,2.64,37440.75
2014-07-21,2.64,2.65,2.67,2.64,33736.87
2014-07-22,2.64,2.68,2.69,2.64,72353.09
2014-07-23,2.68,2.68,2.7,2.67,86058.19
2014-07-24,2.69,2.72,2.73,2.66,125065.27
2014-07-25,2.72,2.73,2.73,2.7,81134.03
2014-07-28,2.73,2.77,2.77,2.72,111679.79
2014-07-29,2.77,2.77,2.8,2.75,96269.07
2014-07-30,2.77,2.76,2.79,2.74,84689.32
2014-07-31,2.75,2.79,2.79,2.75,78546.36
2014-08-01,2.77,2.75,2.8,2.74,87914.31
2014-08-04,2.75,2.8,2.8,2.75,82431.31
2014-08-05,2.79,2.8,2.82,2.78,97497.03
2014-08-06,2.8,2.83,2.85,2.79,128195.79
2014-08-07,2.83,2.79,2.86,2.79,93485.93
2014-08-08,2.79,2.79,2.8,2.76,72701.17
2014-08-11,2.8,2.82,2.83,2.79,81603.27
2014-08-12,2.82,2.81,2.83,2.8,65419.19
2014-08-13,2.8,2.88,2.88,2.8,197175.83
2014-08-14,2.86,2.84,2.88,2.83,115699.91
2014-08-15,2.85,2.91,2.93,2.83,198694.22
2014-08-18,2.89,3.02,3.11,2.88,448709.7
2014-08-19,2.97,2.97,3.02,2.94,250384.92
2014-08-20,2.95,2.95,3.0,2.95,138368.75
2014-08-21,2.95,2.93,2.96,2.89,113491.62
2014-08-22,2.94,2.95,2.95,2.91,80344.34
2014-08-25,2.95,2.89,2.95,2.88,103366.52
2014-08-26,2.89,2.85,2.9,2.83,88679.05
2014-08-27,2.84,2.86,2.88,2.84,66439.15
2014-08-28,2.86,2.83,2.87,2.83,63809.98
2014-08-29,2.83,2.86,2.86,2.82,45825.8
2014-09-01,2.86,2.89,2.9,2.84,83892.83
2014-09-02,2.9,2.95,2.96,2.89,141508.72
2014-09-03,2.95,2.95,2.96,2.92,132516.47
2014-09-04,2.96,2.98,2.99,2.94,124218.91
2014-09-05,2.97,3.03,3.04,2.96,209500.11
2014-09-09,3.03,3.03,3.05,2.98,199774.17
2014-09-10,2.99,3.02,3.04,2.98,154776.22
2014-09-11,3.03,3.08,3.23,3.02,442806.72
2014-09-12,3.05,3.26,3.33,3.02,668909.26
2014-09-15,3.24,3.27,3.35,3.2,452307.82
2014-09-16,3.26,3.2,3.39,3.18,509911.91
2014-09-17,3.26,3.52,3.52,3.2,706604.94
2014-09-18,3.74,3.88,3.88,3.65,430763.81
2014-09-19,4.07,3.82,4.07,3.72,1481697.24
2014-09-22,3.78,3.73,3.82,3.66,697077.62
2014-09-23,3.67,3.72,3.74,3.62,604023.72
2014-09-24,3.68,3.73,3.81,3.66,630321.44
2014-09-25,3.71,3.74,3.82,3.68,617720.63
2014-09-26,3.69,3.76,3.87,3.68,421930.39
2014-09-29,3.76,3.74,3.84,3.74,341571.56
2014-09-30,3.75,3.69,3.76,3.68,312946.75
2014-10-08,3.7,3.74,3.74,3.66,249542.14
2014-10-09,3.73,3.86,3.95,3.71,675607.04
2014-10-10,3.79,3.78,3.85,3.74,390827.64
2014-10-13,3.75,3.71,3.77,3.66,239742.39
2014-10-14,3.66,3.75,3.75,3.65,304602.97
2014-10-15,3.73,3.72,3.75,3.67,189398.49
2014-10-16,3.69,3.65,3.74,3.63,227287.88
2014-10-17,3.64,3.51,3.65,3.46,313496.77
2014-10-20,3.51,3.54,3.55,3.5,128455.91
2014-10-21,3.54,3.53,3.58,3.52,121933.47
2014-10-22,3.53,3.51,3.59,3.5,115885.44
2014-10-23,3.49,3.33,3.49,3.3,212433.8
2014-10-24,3.35,3.34,3.35,3.3,99928.9
2014-10-27,3.34,3.43,3.5,3.33,145975.43
2014-10-28,3.41,3.5,3.5,3.4,153782.54
2014-10-29,3.49,3.54,3.56,3.46,179948.18
2014-10-30,3.6,3.65,3.79,3.6,389665.88
2014-10-31,3.64,3.62,3.69,3.58,183339.3
2014-11-03,3.63,3.66,3.68,3.62,181734.22
2014-11-04,3.67,3.75,3.78,3.65,350764.35
2014-11-05,3.74,3.68,3.77,3.68,206876.24
2014-11-06,3.66,3.63,3.68,3.57,227106.39
2014-11-07,3.64,3.57,3.67,3.55,168422.1
2014-11-10,3.58,3.62,3.62,3.58,116341.6
2014-11-11,3.65,3.5,3.69,3.46,199942.87
2014-11-12,3.47,3.53,3.54,3.45,99415.86
2014-11-13,3.54,3.51,3.54,3.46,112593.54
2014-11-14,3.5,3.53,3.56,3.46,110648.87
2014-11-17,3.55,3.57,3.57,3.49,103360.12
2014-11-18,3.6,3.62,3.72,3.6,234620.47
2014-11-19,3.59,3.65,3.66,3.58,125889.41
2014-11-20,3.65,3.67,3.7,3.61,166449.91
2014-11-21,3.67,3.67,3.68,3.61,164895.28
2014-11-24,3.7,3.71,3.74,3.66,308055.66
2014-11-25,3.71,3.73,3.74,3.68,229732.21
2014-11-26,3.74,3.69,3.76,3.65,212116.92
2014-11-27,3.7,3.72,3.75,3.68,264437.34
2014-11-28,3.72,3.84,3.89,3.69,483480.6
2014-12-01,3.8,3.76,3.85,3.74,317906.97
2014-12-02,3.75,3.8,3.82,3.73,193580.35
2014-12-03,3.81,3.83,3.9,3.77,414154.71
2014-12-04,3.83,4.02,4.07,3.81,628068.7
2014-12-05,4.01,3.78,4.01,3.66,558449.83
2014-12-08,3.74,3.81,3.84,3.71,326005.05
2014-12-09,3.77,3.66,3.88,3.66,414671.39
2014-12-10,3.65,3.74,3.75,3.62,195481.04
2014-12-11,3.74,3.87,3.89,3.7,309641.62
2014-12-12,3.87,3.91,3.99,3.87,317669.26
2014-12-15,3.91,4.0,4.02,3.87,313641.68
2014-12-16,3.98,4.08,4.09,3.95,385978.85
2014-12-17,4.06,4.0,4.16,3.97,384564.98
2014-12-18,4.01,3.93,4.01,3.9,249155.62
2014-12-19,3.92,4.06,4.06,3.82,388653.15
2014-12-22,4.14,3.98,4.21,3.9,435595.24
2014-12-23,3.98,4.16,4.37,3.87,898768.92
2014-12-24,4.01,4.29,4.35,3.95,817807.31
2014-12-25,4.25,4.49,4.53,4.2,744350.57
2014-12-26,4.44,4.45,4.52,4.38,514513.65
2014-12-29,4.44,4.75,4.89,4.4,864842.9
2014-12-30,4.73,4.61,5.01,4.54,893391.65
2014-12-31,4.57,4.53,4.67,4.44,521591.43
2015-01-05,4.5,4.62,4.69,4.46,390736.34
2015-01-06,4.6,4.53,4.63,4.5,324178.77
2015-01-07,4.53,4.55,4.6,4.47,235999.65
2015-01-08,4.53,4.33,4.56,4.32,364586.94
2015-01-09,4.32,4.32,4.42,4.29,214658.95
2015-01-12,4.26,4.13,4.3,4.08,234843.59
2015-01-13,4.09,4.19,4.21,4.09,115034.24
2015-01-14,4.2,4.27,4.37,4.18,198418.6
2015-01-15,4.28,4.31,4.35,4.24,134408.41
2015-01-16,4.3,4.37,4.39,4.27,157264.06
2015-01-19,4.23,3.95,4.3,3.93,318618.41
2015-01-20,3.99,4.06,4.09,3.99,192928.56
2015-01-21,4.08,4.17,4.19,4.06,165428.21
2015-01-22,4.17,4.18,4.21,4.14,156858.01
2015-01-23,4.18,4.18,4.25,4.13,189686.51
2015-01-26,4.17,4.25,4.25,4.14,157185.84
2015-01-27,4.24,4.37,4.37,4.23,289385.95
2015-01-28,4.37,4.31,4.37,4.28,178288.38
2015-01-29,4.28,4.25,4.3,4.22,129327.72
2015-01-30,4.25,4.29,4.35,4.24,170699.02
2015-02-02,4.21,4.23,4.3,4.06,124905.04
2015-02-03,4.26,4.38,4.39,4.26,226278.57
2015-02-04,4.38,4.37,4.42,4.29,193888.06
2015-02-05,4.44,4.47,4.57,4.35,455922.87
2015-02-06,4.44,4.3,4.56,4.29,353685.57
2015-02-09,4.26,4.15,4.26,4.12,168369.02
2015-02-10,4.15,4.19,4.2,4.13,96468.75
2015-02-11,4.18,4.24,4.27,4.17,97512.55
2015-02-12,4.25,4.23,4.26,4.19,106441.12
2015-02-13,4.25,4.33,4.39,4.24,157207.38
2015-02-16,4.33,4.4,4.45,4.33,168388.59
2015-02-17,4.51,4.48,4.55,4.45,242070.76
2015-02-25,4.49,4.47,4.53,4.46,177650.06
2015-02-26,4.45,4.64,4.65,4.45,365107.21
2015-02-27,4.64,4.6,4.65,4.55,250003.47
2015-03-02,4.66,4.61,4.67,4.58,208739.78
2015-03-03,4.61,4.48,4.61,4.48,271057.8
2015-03-04,4.49,4.7,4.92,4.49,533974.74
2015-03-05,4.7,4.78,4.91,4.68,387607.32
2015-03-06,4.75,4.62,4.87,4.61,269450.0
2015-03-09,4.58,4.61,4.62,4.51,191849.38
2015-03-10,4.61,4.66,4.78,4.58,202728.08
2015-03-11,4.64,4.6,4.69,4.55,192212.31
2015-03-12,4.59,4.61,4.72,4.57,193091.78
2015-03-13,4.61,4.65,4.66,4.61,160776.03
2015-03-16,4.74,5.1,5.11,4.72,784441.28
2015-03-17,5.13,5.33,5.45,5.06,906869.57
2015-03-18,5.32,5.34,5.43,5.23,579424.72
2015-03-19,5.32,5.32,5.39,5.24,422690.77
2015-03-20,5.32,5.47,5.67,5.26,522927.11
2015-03-23,5.47,5.53,5.62,5.42,482343.85
2015-03-24,5.51,5.42,5.57,5.24,614206.55
2015-03-25,5.41,5.35,5.41,5.31,386785.05
2015-03-26,5.32,5.33,5.43,5.26,336129.1
2015-03-27,5.33,5.45,5.53,5.31,337772.98
2015-03-30,5.45,5.51,5.63,5.45,424036.62
2015-03-31,5.53,5.47,5.58,5.43,382046.77
2015-04-01,5.42,5.52,5.52,5.4,346715.02
2015-04-02,5.77,6.07,6.07,5.77,342323.33
2015-04-03,6.37,6.43,6.65,6.23,1224205.35
2015-04-07,6.43,6.85,7.05,6.31,970787.98
2015-04-08,6.75,7.06,7.26,6.48,1018364.61
2015-04-09,7.06,6.83,7.21,6.69,626438.48
2015-04-10,6.76,6.86,7.04,6.64,502216.49
2015-04-13,6.82,7.02,7.19,6.78,562385.76
2015-04-14,7.03,6.89,7.05,6.84,463143.22
2015-04-15,6.84,6.43,6.86,6.42,482958.29
2015-04-16,6.3,6.42,6.52,6.13,419507.38
2015-04-17,6.49,6.43,6.53,6.39,422488.22
2015-04-20,6.38,6.26,6.49,6.22,484747.87
2015-04-21,6.21,6.58,6.6,6.21,431534.14
2015-04-22,6.58,6.7,6.76,6.58,511291.01
2015-04-23,6.73,6.81,6.88,6.62,571937.38
2015-04-24,6.7,6.68,6.81,6.58,409365.95
2015-04-27,6.7,6.7,6.79,6.61,413585.31
2015-04-28,6.72,6.34,6.72,6.26,460342.73
2015-04-29,6.24,6.45,6.54,6.24,261880.02
2015-04-30,6.44,6.35,6.5,6.33,247756.78
2015-05-04,6.35,6.48,6.52,6.25,309765.59
2015-05-05,6.48,6.53,6.79,6.42,681857.33
2015-05-06,6.53,6.26,6.64,6.18,370113.76
2015-05-07,6.2,5.74,6.23,5.73,389387.86
2015-05-08,6.07,6.03,6.15,5.84,372622.15
2015-05-11,6.1,6.36,6.44,6.03,424149.08
2015-05-12,6.36,6.38,6.47,6.26,364703.44
2015-05-13,6.37,6.58,6.7,6.28,617283.25
2015-05-14,6.6,6.59,6.75,6.5,503401.1
2015-05-15,6.59,6.31,6.59,6.26,376237.89
2015-05-18,6.26,6.29,6.36,6.17,236202.95
2015-05-19,6.22,6.66,6.81,6.21,538012.49
2015-05-20,6.67,6.99,7.22,6.59,1027193.0
2015-05-21,6.97,7.28,7.36,6.92,882795.47
2015-05-22,7.37,7.32,7.54,7.11,851645.75
2015-05-25,7.29,7.52,7.61,7.19,770124.4
2015-05-26,7.54,7.59,7.6,7.37,834065.57
2015-05-27,7.59,8.22,8.28,7.46,988995.3
2015-05-28,8.01,7.39,8.42,7.39,1011771.88
2015-05-29,7.32,7.2,7.52,6.79,723492.35
2015-06-01,7.19,7.6,7.6,7.17,556008.65
2015-06-02,7.98,8.15,8.16,7.66,706908.62
2015-06-03,8.17,8.26,8.6,7.99,858251.77
2015-06-04,8.26,8.07,8.26,7.45,690997.67
2015-06-05,8.31,8.64,8.82,8.23,1008173.86
2015-06-08,8.86,9.5,9.5,8.86,1418556.59
2015-06-09,9.52,9.19,9.52,9.03,939242.44
2015-06-10,9.14,9.2,9.45,8.85,661939.54
2015-06-11,9.21,9.39,9.51,9.17,610318.13
2015-06-12,9.41,10.33,10.33,9.32,1143265.32
2015-06-15,10.44,10.71,11.22,10.36,1203463.17
2015-06-16,10.66,10.05,10.66,9.94,866080.8
2015-06-17,9.99,10.38,10.59,9.14,895615.92
2015-06-18,10.39,10.44,10.91,10.07,817622.88
2015-06-19,9.94,9.39,10.43,9.39,661112.53
2015-06-23,9.14,8.95,9.49,8.45,725912.63
2015-06-24,9.14,9.27,9.48,8.95,629666.86
2015-06-25,9.4,8.7,9.42,8.43,542339.98
2015-06-26,8.34,7.84,8.34,7.84,510400.33
2015-06-29,8.06,7.05,8.12,7.05,683463.11
2015-06-30,6.91,7.43,7.52,6.35,724488.83
2015-07-01,7.41,6.77,7.7,6.73,587951.69
2015-07-02,6.67,6.1,6.93,6.1,574655.07
2015-07-03,5.81,5.48,6.19,5.48,531075.07
2015-07-06,6.03,4.96,6.03,4.94,696837.51
2015-07-07,4.61,4.47,4.87,4.47,326534.97
2015-07-15,4.92,4.92,4.92,4.92,10429.0
2015-07-16,5.39,5.37,5.39,4.53,962149.53
2015-07-17,5.37,5.9,5.9,5.37,726174.34
2015-07-20,6.0,6.15,6.39,5.8,840813.75
2015-07-21,6.03,6.25,6.4,5.9,560416.56
2015-07-22,6.17,6.16,6.31,5.91,574918.31
2015-07-23,6.16,6.44,6.5,6.11,665546.4
2015-07-24,6.44,6.18,6.49,6.08,675441.27
2015-07-27,5.99,5.56,6.23,5.56,556265.16
2015-07-28,5.14,5.19,5.55,5.01,663195.39
2015-07-29,5.29,5.57,5.58,5.01,456511.58
2015-07-30,5.48,5.36,5.71,5.3,456992.64
2015-07-31,5.21,5.19,5.37,5.09,287489.98
2015-08-03,5.18,4.94,5.21,4.79,300942.96
2015-08-04,4.96,5.4,5.4,4.96,394698.3
2015-08-05,5.43,5.29,5.47,5.23,390986.72
2015-08-06,5.19,5.28,5.32,5.1,230505.02
2015-08-07,5.32,5.47,5.49,5.32,375150.05
2015-08-10,5.55,5.81,5.89,5.5,485523.27
2015-08-11,5.81,6.4,6.4,5.78,1326570.69
2015-08-12,6.25,6.09,6.32,6.07,964205.34
2015-08-13,6.02,6.29,6.31,6.01,573214.12
2015-08-14,6.35,6.27,6.4,6.22,608031.07
2015-08-17,6.24,6.46,6.57,6.18,760245.86
2015-08-18,6.46,5.81,6.49,5.81,794397.14
2015-08-19,5.51,5.95,6.02,5.28,574448.78
2015-08-20,5.81,5.77,6.14,5.7,500944.35
2015-08-21,5.67,5.38,5.73,5.32,394544.31
2015-08-24,5.1,4.84,5.19,4.84,344117.87
2015-08-25,4.36,4.36,4.53,4.36,319721.74
2015-08-26,4.43,4.17,4.54,4.01,419366.44
2015-08-27,4.31,4.38,4.38,4.03,282320.68
2015-08-28,4.5,4.73,4.77,4.42,402557.33
2015-08-31,4.7,4.53,4.7,4.46,280977.07
2015-09-01,4.49,4.17,4.49,4.11,254104.74
2015-09-02,3.98,3.94,4.33,3.93,235005.42
2015-09-07,4.03,4.11,4.23,4.03,240831.94
2015-09-08,4.11,4.41,4.45,4.1,235804.22
2015-09-09,4.43,4.59,4.73,4.4,344613.0
2015-09-10,4.52,4.5,4.67,4.45,250890.16
2015-09-11,4.61,4.58,4.79,4.49,377841.54
2015-09-14,4.62,4.12,4.63,4.12,338652.85
2015-09-15,3.97,3.94,4.09,3.77,227658.76
2015-09-16,3.94,4.29,4.33,3.94,287336.59
2015-09-17,4.25,4.17,4.42,4.14,335987.47
2015-09-18,4.2,4.19,4.25,4.08,183616.68
2015-09-21,4.13,4.31,4.33,4.11,199716.86
2015-09-22,4.32,4.46,4.6,4.28,392481.43
2015-09-23,4.34,4.29,4.44,4.28,243367.05
2015-09-24,4.32,4.38,4.42,4.31,150563.18
2015-09-25,4.37,4.19,4.37,4.13,180227.26
2015-09-28,4.2,4.24,4.25,4.14,94376.51
2015-09-29,4.17,4.11,4.18,4.07,103338.0
2015-09-30,4.13,4.13,4.18,4.1,73571.63
2015-10-08,4.27,4.3,4.36,4.22,175625.73
2015-10-09,4.3,4.38,4.41,4.28,206390.65
2015-10-12,4.41,4.59,4.64,4.4,432247.18
2015-10-13,4.55,4.61,4.62,4.52,306895.93
2015-10-14,4.58,4.54,4.72,4.54,335290.21
2015-10-15,4.55,4.76,4.79,4.55,414201.89
2015-10-16,4.77,4.81,4.88,4.67,471480.81
2015-10-19,4.81,4.74,4.85,4.67,318214.98
2015-10-20,4.73,4.93,5.06,4.69,624265.11
2015-10-21,4.87,4.47,4.9,4.44,576436.04
2015-10-22,4.5,4.62,4.65,4.46,295849.91
2015-10-23,4.66,4.77,4.8,4.62,316896.19
2015-10-26,4.85,4.79,4.88,4.73,365617.58
2015-10-27,4.74,4.8,4.87,4.53,315105.24
2015-10-28,4.8,4.69,4.9,4.67,320749.13
2015-10-29,4.7,4.78,4.84,4.67,260022.14
2015-10-30,4.75,4.79,4.95,4.69,339101.91
2015-11-02,4.72,4.81,4.95,4.69,370405.39
2015-11-03,4.84,4.92,4.96,4.79,373235.98
2015-11-04,4.93,5.18,5.18,4.92,555749.18
2015-11-05,5.18,5.17,5.31,5.01,705786.68
2015-11-06,5.13,5.29,5.33,5.1,583764.23
2015-11-09,5.3,5.29,5.4,5.19,507544.03
2015-11-10,5.25,5.25,5.31,5.14,436210.82
2015-11-11,5.23,5.34,5.35,5.2,406177.76
2015-11-12,5.46,5.3,5.5,5.25,432676.61
2015-11-13,5.19,5.12,5.24,5.05,350541.89
2015-11-16,5.04,5.21,5.22,4.98,311886.75
2015-11-17,5.25,5.14,5.29,5.13,409293.66
2015-11-18,5.13,5.09,5.21,5.08,250000.52
2015-11-19,5.11,5.18,5.18,5.08,193241.49
2015-11-20,5.18,5.3,5.31,5.17,399324.19
2015-11-23,5.33,5.82,5.82,5.3,1341099.14
2015-11-24,5.82,5.71,5.82,5.46,977354.14
2015-11-25,5.63,5.85,5.89,5.6,662254.47
2015-11-26,5.87,5.65,6.0,5.61,629365.59
2015-11-27,5.6,5.29,5.78,5.2,487868.36
2015-11-30,5.35,5.35,5.42,5.01,387634.69
2015-12-01,5.3,5.42,5.53,5.28,361220.84
2015-12-02,5.47,5.63,5.67,5.38,462837.99
2015-12-03,5.57,5.65,5.71,5.49,373657.31
2015-12-04,5.6,5.57,5.7,5.51,294465.77
2015-12-07,5.57,5.7,5.7,5.48,388047.02
2015-12-08,5.71,5.47,5.71,5.38,366597.86
2015-12-09,5.41,5.31,5.47,5.3,234502.18
2015-12-10,5.35,5.37,5.45,5.3,237883.93
2015-12-11,5.32,5.28,5.34,5.1,259077.23
2015-12-14,5.26,5.45,5.45,5.2,210563.79
2015-12-15,5.46,5.42,5.55,5.41,219685.5
2015-12-16,5.43,5.42,5.5,5.41,171760.32
2015-12-17,5.47,5.59,5.62,5.44,403131.43
2015-12-18,5.58,5.55,5.61,5.47,240937.28
2015-12-21,5.51,5.66,5.73,5.47,414435.08
2015-12-22,5.64,5.7,5.75,5.61,263705.33
2015-12-23,5.7,5.56,5.73,5.55,310599.65
2015-12-24,5.55,5.47,5.58,5.4,234168.43
2015-12-25,5.47,5.55,5.55,5.47,136210.54
2015-12-28,5.58,5.58,5.8,5.55,495029.42
2015-12-29,5.58,5.99,6.07,5.56,755021.79
2015-12-30,5.92,6.01,6.1,5.82,546285.37
2015-12-31,5.97,5.75,6.0,5.75,337799.33
2016-01-04,5.75,5.2,5.81,5.19,302775.56
2016-01-05,4.93,5.12,5.31,4.8,349001.53
2016-01-06,5.18,5.3,5.31,5.12,238551.68
2016-01-07,5.19,4.78,5.19,4.78,72064.0
2016-01-08,4.97,4.87,5.01,4.55,256073.54
2016-01-11,4.75,4.51,4.96,4.47,274240.98
2016-01-12,4.53,4.54,4.61,4.45,204521.11
2016-01-13,4.57,4.38,4.62,4.38,189108.89
2016-01-14,4.28,4.5,4.52,4.2,180578.72
2016-01-15,4.5,4.28,4.5,4.25,141149.34
2016-01-18,4.2,4.34,4.4,4.17,121429.25
2016-01-19,4.31,4.5,4.51,4.29,149389.36
2016-01-20,4.46,4.45,4.53,4.4,152987.18
2016-01-21,4.37,4.28,4.49,4.26,183121.27
2016-01-22,4.3,4.33,4.37,4.21,105894.9
2016-01-25,4.37,4.37,4.45,4.33,94822.01
2016-01-26,4.3,3.96,4.34,3.94,172086.45
2016-01-27,4.01,3.87,4.01,3.7,169602.11
2016-01-28,3.82,3.65,3.88,3.62,101119.0
2016-01-29,3.68,3.82,3.86,3.63,138435.56
2016-02-01,3.86,3.76,3.86,3.7,87930.95
2016-02-02,3.77,3.9,3.92,3.76,118984.24
2016-02-03,3.96,3.98,4.01,3.89,146121.67
2016-02-04,3.94,4.03,4.08,3.91,142516.55
2016-02-05,4.06,3.97,4.07,3.96,93891.72
2016-02-15,3.79,3.93,3.94,3.79,95867.81
2016-02-16,3.94,4.09,4.1,3.94,138686.07
2016-02-17,4.08,4.16,4.17,4.02,150576.74
2016-02-18,4.21,4.13,4.28,4.12,148534.01
2016-02-19,4.11,4.14,4.16,4.06,114018.28
2016-02-22,4.18,4.25,4.25,4.15,160647.65
2016-02-23,4.23,4.18,4.25,4.12,128029.81
2016-02-24,4.16,4.29,4.32,4.12,167296.8
2016-02-25,4.28,3.87,4.28,3.86,191289.73
2016-02-26,3.91,3.94,4.0,3.79,132498.36
2016-02-29,3.97,3.71,3.97,3.62,174883.01
2016-03-01,3.76,3.84,3.85,3.69,157997.05
2016-03-02,3.86,4.07,4.1,3.82,205965.42
2016-03-03,4.03,4.07,4.13,4.03,206570.44
2016-03-04,4.04,3.94,4.11,3.86,162584.24
2016-03-07,3.96,4.08,4.08,3.96,122724.83
2016-03-08,4.08,4.11,4.13,3.89,175681.4
2016-03-09,4.03,3.96,4.03,3.94,106026.49
2016-03-10,3.98,3.88,4.0,3.86,77931.22
2016-03-11,3.86,3.91,3.93,3.86,73111.5
2016-03-14,3.96,4.04,4.11,3.94,167103.0
2016-03-15,4.0,4.0,4.03,3.96,93692.61
2016-03-16,4.01,3.96,4.04,3.94,69106.18
2016-03-17,3.96,4.04,4.07,3.96,129672.79
2016-03-18,4.06,4.16,4.17,4.04,241022.73
2016-03-21,4.19,4.25,4.26,4.18,222416.93
2016-03-22,4.21,4.19,4.23,4.16,175983.62
2016-03-23,4.17,4.27,4.28,4.17,156828.5
2016-03-24,4.28,4.28,4.41,4.18,369703.75
2016-03-25,4.23,4.25,4.27,4.17,202708.57
2016-03-28,4.25,4.18,4.29,4.17,150878.02
2016-03-29,4.18,4.05,4.19,4.03,169865.89
2016-03-30,4.09,4.18,4.18,4.07,134945.43
2016-03-31,4.18,4.2,4.23,4.16,149889.49
2016-04-01,4.16,4.2,4.2,4.09,144777.32
2016-04-05,4.19,4.32,4.34,4.17,201964.72
2016-04-06,4.31,4.33,4.35,4.28,188891.81
2016-04-07,4.32,4.25,4.37,4.23,204562.7
2016-04-08,4.21,4.3,4.3,4.2,145469.51
2016-04-11,4.34,4.4,4.42,4.29,256979.14
2016-04-12,4.38,4.31,4.38,4.27,172626.82
2016-04-13,4.32,4.36,4.41,4.32,214130.81
2016-04-14,4.37,4.42,4.42,4.35,162872.94
2016-04-15,4.42,4.44,4.45,4.37,156149.94
2016-04-18,4.4,4.31,4.41,4.28,152649.27
2016-04-19,4.34,4.35,4.36,4.29,121611.95
2016-04-20,4.35,4.11,4.36,4.03,218130.19
2016-04-21,4.1,4.03,4.14,4.03,124429.72
2016-04-22,4.04,4.05,4.07,3.99,97951.18
2016-04-25,4.05,4.08,4.08,4.0,78211.97
2016-04-26,4.07,4.15,4.16,4.05,96275.25
2016-04-27,4.13,4.11,4.17,4.11,84103.25
2016-04-28,4.12,4.09,4.14,4.0,97588.38
2016-04-29,4.08,4.11,4.14,4.07,74276.25
2016-05-03,4.11,4.19,4.19,4.06,136056.59
2016-05-04,4.17,4.21,4.21,4.15,112841.09
2016-05-05,4.19,4.2,4.22,4.16,95258.24
2016-05-06,4.2,4.06,4.22,4.05,125058.97
2016-05-09,4.03,3.88,4.04,3.86,116991.65
2016-05-10,3.87,3.89,3.91,3.86,65180.76
2016-05-11,3.91,3.86,3.93,3.84,73091.99
2016-05-12,3.83,3.8,3.83,3.72,103995.14
2016-05-13,3.78,3.76,3.83,3.73,84021.06
2016-05-16,3.75,3.8,3.82,3.73,73796.09
2016-05-17,3.81,3.79,3.82,3.74,95721.75
2016-05-18,3.77,3.69,3.77,3.63,109847.59
2016-05-19,3.68,3.69,3.73,3.67,68187.84
2016-05-20,3.67,3.72,3.72,3.64,78114.5
2016-05-23,3.73,3.77,3.77,3.72,66640.0
2016-05-24,3.76,3.71,3.76,3.69,60544.06
2016-05-25,3.74,3.71,3.77,3.7,50712.0
2016-05-26,3.73,3.72,3.73,3.64,64492.69
2016-05-27,3.71,3.77,3.78,3.69,97743.41
2016-05-30,3.74,3.72,3.79,3.69,88264.11
2016-05-31,3.71,3.86,3.86,3.7,167260.84
2016-06-01,3.85,3.85,3.87,3.83,116061.06
2016-06-02,3.84,3.9,3.91,3.82,144852.18
2016-06-03,3.87,3.9,3.91,3.86,94757.79
2016-06-06,3.9,3.9,3.91,3.87,72594.94
2016-06-07,3.9,3.86,3.91,3.83,145951.97
2016-06-08,3.86,3.82,3.86,3.77,94028.21
2016-06-13,3.77,3.67,3.79,3.67,111667.0
2016-06-14,3.67,3.69,3.69,3.65,69014.1
2016-06-15,3.65,3.77,3.77,3.64,94170.05
2016-06-16,3.77,3.73,3.77,3.72,78269.55
2016-06-17,3.74,3.83,3.94,3.73,203692.99
2016-06-20,3.83,3.81,3.87,3.78,113123.53
2016-06-21,3.83,3.76,3.86,3.74,107366.64
2016-06-22,3.75,3.81,3.81,3.74,63731.29
2016-06-23,3.8,3.81,3.83,3.77,74190.64
2016-06-24,3.81,3.73,3.83,3.69,108250.06
2016-06-27,3.72,3.81,3.83,3.72,86708.0
2016-06-28,3.8,3.86,3.86,3.78,95125.16
2016-06-29,3.86,3.87,3.87,3.83,90781.7
2016-06-30,3.86,3.87,3.9,3.85,80501.99
2016-07-01,3.86,3.88,3.89,3.85,90099.93
2016-07-04,3.86,3.94,3.94,3.86,128832.63
2016-07-05,3.94,3.95,3.97,3.92,117214.13
2016-07-06,3.96,3.96,3.97,3.93,115953.34
2016-07-07,3.95,3.98,3.98,3.91,135835.41
2016-07-08,3.96,3.95,3.98,3.95,84354.34
2016-07-11,3.95,3.95,4.01,3.95,105162.32
2016-07-12,3.95,4.02,4.02,3.93,155298.39
2016-07-13,4.03,4.05,4.05,4.01,135458.79
2016-07-14,4.05,4.05,4.06,4.02,89839.21
2016-07-15,4.09,4.05,4.09,4.04,106050.11
2016-07-18,4.05,4.02,4.05,3.97,107217.0
2016-07-19,4.02,4.03,4.05,4.0,82547.67
2016-07-20,4.03,4.06,4.08,4.02,120855.09
2016-07-21,4.05,4.07,4.11,4.05,98937.66
2016-07-22,4.06,4.01,4.07,4.01,83509.52
2016-07-25,4.01,4.0,4.04,3.98,85247.85
2016-07-26,4.0,4.08,4.08,3.99,91651.87
2016-07-27,4.07,3.92,4.12,3.89,186890.46
2016-07-28,3.93,3.91,3.95,3.86,94148.23
2016-07-29,3.91,3.9,3.93,3.87,46761.65
2016-08-01,3.88,3.85,3.9,3.82,85080.38
2016-08-02,3.85,3.86,3.87,3.84,48808.25
2016-08-03,3.86,3.92,3.94,3.85,81446.34
2016-08-04,3.89,3.91,3.92,3.86,72797.78
2016-08-05,3.91,3.95,3.95,3.89,94453.16
2016-08-08,3.95,3.98,3.99,3.9,85553.27
2016-08-09,4.0,4.07,4.16,4.0,281237.71
2016-08-10,4.05,4.03,4.07,4.0,143344.5
2016-08-11,4.03,3.96,4.04,3.96,87671.75
2016-08-12,3.96,4.05,4.05,3.95,96532.02
2016-08-15,4.04,4.11,4.12,4.03,178844.99
2016-08-16,4.11,4.14,4.19,4.09,203382.39
2016-08-17,4.14,4.12,4.14,4.07,140881.03
2016-08-18,4.12,4.14,4.19,4.11,165296.47
2016-08-19,4.13,4.14,4.16,4.08,120322.97
2016-08-22,4.14,4.1,4.15,4.1,78251.72
2016-08-23,4.1,4.11,4.14,4.08,74205.8
2016-08-24,4.12,4.14,4.17,4.09,130374.76
2016-08-25,4.13,4.06,4.13,4.0,121108.52
2016-08-26,4.06,4.18,4.24,4.06,242311.18
2016-08-29,4.2,4.18,4.22,4.14,121083.43
2016-08-30,4.18,4.2,4.26,4.17,175862.6
2016-08-31,4.21,4.22,4.24,4.16,108566.38
2016-09-01,4.22,4.14,4.23,4.14,121866.3
2016-09-02,4.14,4.15,4.15,4.09,91590.27
2016-09-05,4.15,4.14,4.19,4.14,91298.82
2016-09-06,4.14,4.19,4.19,4.07,147342.2
2016-09-07,4.18,4.19,4.24,4.17,157983.17
2016-09-08,4.17,4.21,4.21,4.17,102156.22
2016-09-09,4.2,4.14,4.22,4.14,95347.49
2016-09-12,4.08,4.03,4.09,4.01,144736.15
2016-09-13,4.05,4.05,4.07,4.03,65001.36
2016-09-14,4.04,4.05,4.08,4.03,77193.38
2016-09-19,4.05,4.08,4.1,4.05,84886.62
2016-09-20,4.08,4.1,4.13,4.07,89824.05
2016-09-21,4.1,4.12,4.14,4.08,95668.69
2016-09-22,4.14,4.13,4.18,4.12,95451.31
2016-09-23,4.14,4.15,4.17,4.12,86142.0
2016-09-26,4.14,4.04,4.15,4.04,109236.76
2016-09-27,4.05,4.13,4.14,4.02,106955.98
2016-09-28,4.11,4.11,4.14,4.08,88448.04
2016-09-29,4.11,4.07,4.13,4.06,111398.41
2016-09-30,4.05,4.1,4.12,4.05,81126.0
2016-10-10,4.1,4.17,4.17,4.1,122092.68
2016-10-11,4.16,4.18,4.18,4.15,110980.87
2016-10-12,4.16,4.18,4.18,4.14,74757.78
2016-10-13,4.18,4.21,4.24,4.16,156950.79
2016-10-14,4.21,4.21,4.22,4.15,98966.03
2016-10-17,4.23,4.16,4.24,4.15,108400.28
2016-10-18,4.16,4.23,4.23,4.15,139801.74
2016-10-19,4.23,4.23,4.25,4.21,105174.26
2016-10-20,4.22,4.24,4.25,4.22,105124.04
2016-10-21,4.25,4.21,4.25,4.15,142619.34
2016-10-24,4.22,4.27,4.28,4.2,156705.44
2016-10-25,4.26,4.26,4.27,4.24,107809.88
2016-10-26,4.24,4.23,4.26,4.21,134418.01
2016-10-27,4.23,4.22,4.24,4.19,81717.5
2016-10-28,4.22,4.17,4.24,4.15,93490.0
2016-10-31,4.17,4.27,4.27,4.15,170069.72
2016-11-01,4.24,4.26,4.28,4.24,133143.73
2016-11-02,4.24,4.21,4.25,4.2,115462.11
2016-11-03,4.19,4.28,4.28,4.18,154782.18
2016-11-04,4.27,4.26,4.31,4.24,132017.87
2016-11-07,4.26,4.27,4.28,4.21,115762.53
2016-11-08,4.28,4.32,4.33,4.26,180127.81
2016-11-09,4.31,4.39,4.5,4.25,463961.84
2016-11-10,4.39,4.46,4.48,4.36,361022.93
2016-11-11,4.43,4.44,4.45,4.4,222638.84
2016-11-14,4.43,4.45,4.47,4.41,184394.31
2016-11-15,4.45,4.43,4.5,4.42,152551.59
2016-11-16,4.43,4.88,4.88,4.38,275221.61
2016-11-17,5.37,5.37,5.37,5.12,1148780.84
2016-11-18,5.38,5.25,5.38,5.1,1393280.47
2016-11-21,5.18,5.01,5.22,4.99,777426.31
2016-11-22,4.98,5.02,5.14,4.93,636247.52
2016-11-23,5.02,4.93,5.1,4.93,477115.69
2016-11-24,4.93,4.85,4.98,4.81,396279.72
2016-11-25,4.84,4.78,4.87,4.66,336207.32
2016-11-28,4.8,4.79,4.83,4.77,217176.97
2016-11-29,4.75,4.72,4.79,4.71,223768.48
2016-11-30,4.71,4.7,4.78,4.67,212638.86
2016-12-01,4.68,4.72,4.75,4.68,185441.6
2016-12-02,4.73,4.67,4.77,4.65,216773.12
2016-12-05,4.62,4.59,4.64,4.57,197721.36
2016-12-06,4.61,4.62,4.64,4.59,122532.15
2016-12-07,4.62,4.81,4.84,4.59,334279.59
2016-12-08,4.73,4.7,4.78,4.69,199983.82
2016-12-09,4.7,4.7,4.76,4.69,127045.2
2016-12-12,4.69,4.49,4.73,4.46,239362.57
2016-12-13,4.48,4.51,4.56,4.44,125240.93
2016-12-14,4.51,4.51,4.57,4.46,138310.46
2016-12-15,4.48,4.59,4.62,4.48,147890.56
2016-12-16,4.58,4.75,4.78,4.56,348198.99
2016-12-19,4.75,4.74,4.76,4.66,200248.84
2016-12-20,4.72,4.75,4.85,4.7,196173.71
2016-12-21,4.77,4.77,4.79,4.72,153318.38
2016-12-22,4.77,4.72,4.79,4.72,116264.24
2016-12-23,4.71,4.6,4.72,4.59,163160.17
2016-12-26,4.58,4.62,4.64,4.52,110534.12
2016-12-27,4.66,4.72,4.8,4.63,252833.41
2016-12-28,4.73,4.75,4.81,4.7,201418.02
2016-12-29,4.72,4.72,4.79,4.69,129895.08
2016-12-30,4.72,4.84,4.84,4.71,280265.73
2017-01-03,4.87,4.89,5.01,4.82,318204.56
2017-01-04,4.88,4.91,4.93,4.84,225264.83
2017-01-05,4.89,4.85,4.91,4.83,170730.51
2017-01-06,4.83,4.85,4.91,4.81,157074.17
2017-01-09,4.85,4.98,5.0,4.83,276685.92
2017-01-10,4.97,4.9,5.01,4.89,215595.16
2017-01-11,4.89,4.81,4.93,4.8,159381.89
2017-01-12,4.79,4.72,4.86,4.69,190106.42
2017-01-13,4.72,4.67,4.76,4.66,133216.39
2017-01-16,4.66,4.49,4.67,4.25,248494.33
2017-01-17,4.43,4.51,4.53,4.41,97208.0
2017-01-18,4.48,4.47,4.53,4.46,79158.87
2017-01-19,4.46,4.44,4.47,4.41,85445.17
2017-01-20,4.46,4.52,4.52,4.43,109944.39
2017-01-23,4.51,4.55,4.56,4.51,98485.12
2017-01-24,4.56,4.54,4.56,4.5,62492.67
2017-01-25,4.53,4.56,4.56,4.5,56522.47
2017-01-26,4.58,4.55,4.61,4.54,78304.28
2017-02-03,4.55,4.54,4.56,4.53,61965.82
2017-02-06,4.55,4.56,4.57,4.53,59483.08
2017-02-07,4.56,4.55,4.57,4.53,65174.0
2017-02-08,4.53,4.57,4.58,4.51,103062.82
2017-02-09,4.57,4.62,4.63,4.55,129559.13
2017-02-10,4.62,4.69,4.7,4.61,167584.35
2017-02-13,4.68,4.69,4.73,4.66,118306.19
2017-02-14,4.67,4.66,4.7,4.62,101845.23
2017-02-15,4.64,4.63,4.69,4.62,117567.4
2017-02-16,4.62,4.73,4.74,4.62,189558.9
2017-02-17,4.72,4.69,4.76,4.65,174818.41
2017-02-20,4.69,4.77,4.77,4.69,138472.68
2017-02-21,4.78,4.77,4.8,4.74,134746.17
2017-02-22,4.77,4.77,4.81,4.74,105946.76
2017-02-23,4.77,4.72,4.77,4.69,119362.15
2017-02-24,4.72,4.73,4.73,4.69,70953.22
2017-02-27,4.73,4.69,4.73,4.68,75003.8
2017-02-28,4.69,4.7,4.72,4.67,77553.01
2017-03-01,4.71,4.71,4.74,4.68,112904.04
2017-03-02,4.71,4.64,4.72,4.64,102064.1
2017-03-03,4.62,4.62,4.64,4.6,71792.89
2017-03-06,4.61,4.65,4.66,4.6,71197.47
2017-03-07,4.65,4.71,4.72,4.63,118356.95
2017-03-08,4.71,4.71,4.72,4.67,88436.48
2017-03-09,4.71,4.62,4.71,4.62,85967.86
2017-03-10,4.62,4.62,4.65,4.62,51522.86
2017-10-09,5.08,5.08,5.08,5.08,16774.48
2017-10-10,5.59,5.59,5.59,5.59,36310.78
2017-10-11,6.15,6.15,6.15,6.15,36903.02
2017-10-12,6.76,6.31,6.76,6.27,2083642.29
2017-10-13,6.03,5.84,6.1,5.81,1341514.17
2017-10-16,5.79,5.65,5.92,5.63,617048.37
2017-10-17,5.66,5.67,5.73,5.58,374072.74
2017-10-18,5.66,5.33,5.67,5.31,763552.56
2017-10-19,5.3,5.23,5.41,5.17,371562.35
2017-10-20,5.25,5.33,5.34,5.21,323212.29
2017-10-23,5.3,5.28,5.34,5.22,223140.22
2017-10-24,5.28,5.33,5.34,5.23,217869.27
2017-10-25,5.29,5.33,5.34,5.26,184291.06
2017-10-26,5.32,5.3,5.34,5.29,156828.13
2017-10-27,5.28,5.13,5.29,5.13,297893.82
2017-10-30,5.12,5.03,5.12,4.93,226805.11
2017-10-31,5.03,5.12,5.12,4.98,163785.26
2017-11-01,5.09,5.03,5.14,5.03,149469.61
2017-11-02,5.03,5.01,5.04,4.96,114869.1
2017-11-03,5.02,5.13,5.35,5.01,371916.92
2017-11-06,5.13,5.2,5.26,5.01,211421.02
2017-11-07,5.17,5.25,5.28,5.17,173829.94
2017-11-08,5.25,5.23,5.27,5.17,145174.94
2017-11-09,5.22,5.37,5.43,5.22,293027.29
2017-11-10,5.36,5.36,5.41,5.32,183364.17
2017-11-13,5.35,5.23,5.43,5.23,202588.76
2017-11-14,5.24,5.14,5.26,5.09,201895.52
2017-11-15,5.12,5.17,5.2,5.08,103464.36
2017-11-16,5.17,5.4,5.47,5.15,418475.15
2017-11-17,5.42,5.35,5.45,5.31,300109.37
2017-11-20,5.35,5.42,5.42,5.14,207589.0
2017-11-21,5.38,5.6,5.62,5.37,383910.61
2017-11-22,5.6,5.58,5.6,5.45,272907.55
2017-11-23,5.54,5.46,5.69,5.46,303666.29
2017-11-24,5.52,5.52,5.6,5.49,192706.92
2017-11-27,5.53,5.57,5.59,5.42,197004.74
2017-11-28,5.53,5.67,5.68,5.52,218327.62
2017-11-29,5.7,5.74,5.76,5.61,293738.37
2017-12-08,5.16,5.16,5.16,5.16,54947.0
2017-12-11,4.81,4.91,5.1,4.81,468187.69
2017-12-12,4.89,4.95,5.03,4.86,175111.32
2017-12-13,4.96,4.9,4.99,4.87,135150.21
2017-12-14,4.87,4.76,4.87,4.73,214694.68
2017-12-15,4.8,4.82,4.85,4.77,127583.98
2017-12-18,4.83,4.89,4.9,4.8,119469.8
2017-12-19,4.89,4.92,4.96,4.86,94657.34
2017-12-20,4.9,4.9,4.95,4.87,74399.33
2017-12-21,4.9,4.84,4.91,4.82,74723.47
2017-12-22,4.83,4.84,4.87,4.82,58963.1
2017-12-25,4.84,4.76,4.86,4.75,82781.77
2017-12-26,4.78,4.73,4.78,4.67,77526.91
2017-12-27,4.73,4.75,4.81,4.71,62737.43
2017-12-28,4.75,4.8,4.82,4.72,69529.21
2017-12-29,4.83,4.85,4.93,4.81,103820.76
2018-01-02,4.85,4.93,4.95,4.83,104588.45
2018-01-03,4.94,4.93,4.95,4.9,72033.93
2018-01-04,4.93,4.97,5.02,4.92,96657.16
2018-01-05,4.97,4.98,5.0,4.93,70491.53
2018-01-08,4.95,5.33,5.48,4.94,278266.74
2018-01-09,5.33,5.36,5.63,5.25,304646.14
2018-01-10,5.32,5.36,5.43,5.22,217774.87
2018-01-11,5.35,5.44,5.56,5.28,221708.27
2018-01-12,5.42,5.5,5.57,5.39,154988.35
2018-01-15,5.5,5.34,5.51,5.32,157578.03
2018-01-16,5.34,5.32,5.39,5.3,124678.19
2018-01-17,5.32,5.29,5.36,5.13,159965.1
2018-01-18,5.26,5.38,5.42,5.24,108606.45
2018-01-19,5.36,5.4,5.46,5.35,121467.0
2018-01-22,5.4,5.46,5.51,5.37,114448.85
2018-01-23,5.44,5.45,5.5,5.42,81614.09
2018-01-24,5.43,5.44,5.47,5.39,90660.97
2018-01-25,5.45,5.42,5.5,5.41,68107.96
2018-01-26,5.41,5.32,5.42,5.32,97805.3
2018-01-29,5.35,5.37,5.46,5.35,98828.61
2018-01-30,5.41,5.37,5.43,5.34,65472.74
2018-01-31,5.36,5.28,5.37,5.24,101917.18
2018-02-01,5.26,5.14,5.34,5.14,103848.0
2018-02-02,5.1,5.17,5.22,5.0,74516.18
2018-02-05,5.08,5.25,5.29,5.08,68810.63
2018-02-06,5.15,5.25,5.43,5.1,185381.59
2018-02-07,5.31,5.43,5.45,5.25,198869.98
2018-02-08,5.45,5.46,5.53,5.35,158888.25
2018-02-09,5.32,5.19,5.35,5.1,210182.47
2018-02-12,5.19,5.31,5.32,5.16,107090.88
2018-02-13,5.33,5.63,5.64,5.28,315448.8
2018-02-14,5.59,5.61,5.69,5.55,177979.89
2018-02-22,5.66,5.78,5.87,5.62,276306.66
2018-02-23,5.77,5.81,5.84,5.69,169735.36
2018-02-26,5.78,5.83,5.9,5.78,249950.38
2018-02-27,5.81,5.74,5.81,5.68,166311.94
2018-02-28,5.74,6.07,6.14,5.71,391895.85
2018-03-01,5.96,6.07,6.11,5.96,211733.61
2018-03-02,6.01,5.98,6.19,5.97,216484.76
2018-03-05,5.98,5.9,6.1,5.86,220309.17
2018-03-06,5.91,5.91,5.98,5.79,190349.7
2018-03-07,5.93,6.03,6.08,5.82,206070.37
2018-03-08,5.99,5.94,6.03,5.9,119790.28
2018-03-09,5.92,5.95,6.02,5.88,140298.82
2018-03-12,5.97,6.2,6.26,5.97,281411.95
2018-03-13,6.2,6.1,6.2,6.06,179465.05
2018-03-14,6.1,6.0,6.17,6.0,123840.84
2018-03-15,6.01,5.94,6.03,5.88,135389.88
2018-03-16,5.94,5.97,6.0,5.92,88052.09
2018-03-19,5.89,5.86,5.99,5.86,100778.0
2018-03-20,5.82,5.87,5.91,5.76,137901.74
2018-03-21,5.89,5.85,5.92,5.83,69641.29
2018-03-22,5.85,5.86,5.89,5.82,54803.59
2018-03-23,5.79,5.49,5.79,5.32,271052.93
2018-03-26,5.39,5.59,5.59,5.27,146905.48
2018-03-27,6.15,6.15,6.15,5.94,313124.81
2018-03-28,6.15,6.12,6.48,6.09,440483.06
2018-03-29,5.99,6.2,6.36,5.99,271856.12
2018-03-30,6.2,6.22,6.3,6.17,145669.0
2018-04-02,6.23,6.1,6.28,6.09,159956.19
2018-04-03,6.14,6.21,6.28,6.14,148334.83
2018-04-04,6.24,6.17,6.26,6.14,102709.11
2018-04-09,6.14,6.0,6.16,6.0,115830.0
2018-04-10,6.06,6.1,6.11,5.97,90899.05
2018-04-11,6.12,6.11,6.18,6.08,75306.56
2018-04-12,6.19,6.09,6.19,6.02,68357.3
2018-04-13,6.09,6.07,6.12,6.05,50284.01
2018-04-16,6.06,6.16,6.19,6.04,109729.54
2018-04-17,6.19,6.06,6.2,6.05,87111.72
2018-04-18,6.1,6.06,6.14,5.77,90356.85
2018-04-19,6.1,6.08,6.1,6.02,61758.71
2018-04-20,6.09,6.1,6.27,6.05,127588.58
2018-04-23,6.06,5.97,6.09,5.9,95559.66
2018-04-24,5.94,6.02,6.03,5.91,73791.97
2018-04-25,5.71,5.76,5.96,5.56,304143.34
2018-04-26,5.76,5.72,5.84,5.67,108030.72
2018-04-27,5.69,5.75,5.82,5.67,74987.78
2018-05-02,5.73,5.61,5.78,5.61,89530.95
2018-05-03,5.61,5.71,5.79,5.57,103237.73
2018-05-04,5.69,5.71,5.76,5.68,48119.86
2018-05-07,5.72,5.74,5.8,5.71,70056.38
2018-05-08,5.76,5.76,5.78,5.71,53730.18
2018-05-09,5.76,5.84,5.84,5.68,79004.33
2018-05-10,5.85,5.82,5.89,5.79,52548.05
2018-05-11,5.79,5.78,5.81,5.74,62744.78
2018-05-14,5.83,5.66,5.83,5.62,77785.0
2018-05-15,5.66,5.67,5.71,5.64,38404.1
2018-05-16,5.66,5.63,5.66,5.6,49837.32
2018-05-17,5.64,5.67,5.67,5.61,47617.62
2018-05-18,5.7,5.69,5.71,5.63,50339.3
2018-05-21,5.71,5.96,5.97,5.7,138279.82
2018-05-22,5.97,6.13,6.19,5.96,203814.55
2018-05-23,6.03,6.09,6.23,6.03,115894.23
2018-05-24,6.12,6.15,6.2,6.05,86139.14
2018-05-25,6.12,6.23,6.27,6.12,140059.1
2018-05-28,6.18,6.13,6.24,5.99,125810.94
2018-05-29,6.18,6.14,6.29,6.1,106917.28
2018-05-30,6.09,5.9,6.1,5.89,134386.55
2018-05-31,5.99,6.31,6.45,5.95,269266.02
2018-06-01,6.29,6.34,6.37,6.22,142472.91
2018-06-04,6.35,6.59,6.64,6.33,291886.67
2018-06-05,6.64,6.6,6.66,6.43,179823.83
2018-06-06,6.55,6.56,6.62,6.47,123407.66
2018-06-28,6.31,6.03,6.49,5.9,389990.81
2018-06-29,5.97,5.89,6.11,5.64,216008.27
2018-07-02,5.91,6.07,6.48,5.89,217386.95
2018-07-03,5.98,6.22,6.31,5.98,140263.09
2018-07-04,6.15,6.05,6.32,6.01,109134.01
2018-07-05,6.15,5.65,6.15,5.64,178484.11
2018-07-06,5.64,5.5,5.78,5.32,233620.14
2018-07-09,5.52,5.56,5.62,5.49,102576.32
2018-07-10,5.6,5.61,5.68,5.56,90875.98
2018-07-11,5.57,5.47,5.57,5.34,117327.84
2018-07-12,5.51,5.64,5.73,5.47,137670.77
2018-07-13,5.7,5.61,5.71,5.58,65834.0
2018-07-16,5.58,5.56,5.62,5.52,82285.27
2018-07-17,5.55,5.53,5.57,5.45,55825.7
2018-07-18,5.53,5.53,5.59,5.51,47839.75
2018-07-19,5.53,5.44,5.55,5.43,58277.6
2018-07-20,5.44,5.49,5.54,5.43,76410.62
2018-07-23,5.51,5.56,5.58,5.47,59898.71
2018-07-24,5.57,5.69,5.73,5.57,119337.6
2018-07-25,5.71,5.67,5.72,5.66,68623.29
2018-07-26,5.68,5.66,5.71,5.62,55419.48
2018-07-27,5.65,5.68,5.69,5.6,53278.22
2018-07-30,5.68,5.65,5.71,5.61,56360.92
2018-07-31,5.66,5.65,5.69,5.64,37979.04
2018-08-01,5.66,5.66,5.7,5.61,52303.07
2018-08-02,5.86,5.91,6.22,5.73,313180.57
2018-08-03,5.84,5.87,6.09,5.8,160056.51
2018-08-06,5.78,5.68,5.91,5.67,138596.76
2018-08-07,5.66,5.73,5.77,5.65,102787.49
2018-08-08,5.71,5.71,5.75,5.66,76286.28
2018-08-09,5.73,5.84,5.87,5.7,119631.72
2018-08-10,5.81,5.84,5.85,5.77,60724.35
2018-08-13,5.79,5.87,5.89,5.73,74066.58
2018-08-14,5.86,6.01,6.17,5.85,135998.49
2018-08-15,6.0,6.03,6.09,5.94,92992.93
2018-08-16,5.97,5.94,6.04,5.88,75258.81
2018-08-17,5.99,5.92,6.02,5.89,62998.59
2018-08-20,5.93,5.9,5.93,5.81,58426.0
2018-08-21,5.88,5.95,6.0,5.87,55005.67
2018-08-22,5.95,5.85,5.98,5.83,68892.3
2018-08-23,5.85,5.86,5.89,5.83,46992.17
2018-08-24,5.86,5.88,5.88,5.84,29456.54
2018-08-27,5.88,5.94,5.96,5.86,65348.17
2018-08-28,5.95,6.01,6.05,5.94,77429.53
2018-08-29,6.02,5.97,6.05,5.9,65999.42
2018-08-30,6.0,6.09,6.16,5.97,154888.59
2018-08-31,6.13,6.08,6.21,6.06,116649.09
2018-09-03,6.08,5.98,6.13,5.93,89071.0
2018-09-04,5.96,6.0,6.05,5.96,49276.38
2018-09-05,5.98,5.89,6.02,5.89,82663.17
2018-09-06,5.88,5.72,5.92,5.71,104801.3
2018-09-07,5.72,5.73,5.81,5.71,57014.59
2018-09-10,5.72,5.73,5.74,5.57,42026.01
2018-09-11,5.73,5.71,5.75,5.66,44885.07
2018-09-12,5.69,5.68,5.73,5.63,40050.58
2018-09-13,5.7,5.71,5.74,5.68,47812.83
2018-09-14,5.7,5.74,5.76,5.69,38363.39
2018-09-17,5.71,5.83,5.93,5.71,57259.0
2018-09-18,5.8,5.89,5.91,5.78,58011.0
2018-09-19,5.87,5.94,6.0,5.86,59357.01
2018-09-20,5.94,6.0,6.08,5.93,97857.56
2018-09-21,5.97,6.05,6.08,5.97,91897.41
2018-09-25,6.1,6.35,6.44,6.09,249160.96
2018-09-26,6.31,6.33,6.42,6.27,149482.8
2018-09-27,6.48,6.09,6.57,6.09,220811.59
2018-09-28,6.14,6.09,6.22,6.05,116566.22
2018-10-08,5.98,5.96,6.13,5.95,88854.11
2018-10-09,5.97,5.96,6.03,5.9,59719.77
2018-10-10,5.95,5.96,6.0,5.93,40356.01
2018-10-11,5.83,5.64,5.83,5.55,176216.64
2018-10-12,5.58,5.7,5.71,5.36,130802.45
2018-10-15,5.69,5.48,5.69,5.48,95862.0
2018-10-16,5.49,5.34,5.54,5.32,107454.38
2018-10-17,5.39,5.32,5.45,5.13,66582.96
2018-10-18,5.29,4.79,5.29,4.79,180765.0
2018-10-19,4.7,4.87,4.92,4.51,109426.94
2018-10-22,4.97,5.17,5.2,4.92,141072.58
2018-10-23,5.19,5.07,5.24,5.05,95352.17
2018-10-24,5.05,5.07,5.14,5.01,55705.08
2018-10-25,4.91,4.96,5.0,4.83,61301.61
2018-10-26,5.01,5.07,5.08,5.01,44430.17
2018-10-29,5.03,5.01,5.08,4.94,38740.5
2018-10-30,4.99,4.97,5.06,4.87,55356.5
2018-10-31,5.0,5.06,5.07,4.98,41747.34
2018-11-01,5.11,5.21,5.22,5.06,93234.87
2018-11-02,5.26,5.27,5.32,5.23,72274.7
2018-11-05,5.27,5.23,5.27,5.16,68790.03
2018-11-06,5.22,5.37,5.41,5.2,80516.32
2018-11-07,5.37,5.33,5.39,5.31,54425.25
2018-11-08,5.33,5.24,5.41,5.22,51001.86
2018-11-09,5.28,5.24,5.32,5.23,41200.11
2018-11-12,5.24,5.33,5.35,5.21,54313.92
2018-11-13,5.28,5.37,5.42,5.27,90885.62
2018-11-14,5.39,5.32,5.43,5.31,86599.0
2018-11-15,5.32,5.4,5.42,5.32,73599.57
2018-11-16,5.41,5.48,5.55,5.37,108811.89
2018-11-19,5.48,5.5,5.57,5.43,76175.01
2018-11-20,5.47,5.36,5.49,5.32,73857.58
2018-11-21,5.32,5.31,5.37,5.2,61020.04
2018-11-22,5.31,5.35,5.39,5.28,44250.75
2018-11-23,5.33,5.2,5.42,5.07,67616.14
2018-11-26,5.18,5.07,5.22,5.01,68444.79
2018-11-27,5.08,5.08,5.17,5.07,36087.6
2018-11-28,5.07,5.1,5.14,5.02,45036.12
2018-11-29,5.14,4.95,5.17,4.94,50433.33
2018-11-30,5.01,4.98,5.01,4.93,35882.0
2018-12-03,5.2,5.09,5.22,5.08,62461.12
2018-12-04,5.14,5.18,5.2,5.08,59584.25
2018-12-05,5.1,5.1,5.15,5.06,45733.64
2018-12-06,5.08,5.09,5.14,5.04,44130.84
2018-12-07,5.12,5.03,5.13,5.02,40609.39
2018-12-10,5.06,4.93,5.06,4.91,48746.1
2018-12-11,4.98,5.09,5.13,4.94,54435.43
2018-12-12,5.15,5.11,5.15,5.09,30214.95
2018-12-13,5.14,5.15,5.2,5.11,48490.27
2018-12-14,5.18,5.07,5.18,5.04,37327.72
2018-12-17,5.09,5.0,5.09,4.92,59927.53
2018-12-18,4.98,5.06,5.07,4.94,62240.71
2018-12-19,5.06,5.03,5.07,4.97,48145.0
2018-12-20,5.03,5.02,5.04,4.94,46676.66
2018-12-21,4.98,5.09,5.14,4.98,56149.18
2018-12-24,5.14,5.13,5.14,5.07,32076.76
2018-12-25,5.1,5.1,5.12,5.04,47080.78
2018-12-26,5.11,5.18,5.21,5.11,53077.74
2018-12-27,5.23,5.07,5.23,5.06,40305.33
2018-12-28,5.02,5.07,5.11,5.02,26517.0
2019-01-02,5.09,5.03,5.11,5.03,27444.0
2019-01-03,5.07,4.96,5.07,4.94,57956.79
2019-01-04,4.96,5.0,5.01,4.91,43653.8
2019-01-07,5.06,5.03,5.06,5.0,35837.71
2019-01-08,5.02,4.96,5.04,4.93,32740.18
2019-01-09,5.03,4.96,5.03,4.95,42928.33
2019-01-10,4.96,4.9,4.96,4.87,73056.87
2019-01-11,4.93,4.89,4.94,4.85,39542.57
2019-01-14,4.9,4.81,4.91,4.79,50657.0
2019-01-15,4.84,4.82,4.84,4.79,37123.95
2019-01-16,4.84,4.82,4.89,4.81,34075.0
2019-01-17,4.87,4.78,4.87,4.74,40976.6
2019-01-18,4.78,4.75,4.78,4.71,45255.25
2019-01-21,4.75,4.79,4.82,4.75,32309.32
2019-01-22,4.8,4.81,4.82,4.78,41240.0
2019-01-23,4.83,4.77,4.83,4.75,21684.0
2019-01-24,4.8,4.79,4.8,4.67,48518.39
2019-01-25,4.81,4.7,4.81,4.69,31788.0
2019-01-28,4.73,4.63,4.76,4.63,51537.0
2019-01-29,4.64,4.55,4.65,4.53,57340.58
2019-01-30,4.55,4.55,4.59,4.53,29443.91
2019-01-31,4.55,4.51,4.57,4.5,43711.79
2019-02-01,4.55,4.66,4.67,4.53,35731.01
2019-02-11,4.68,4.67,4.7,4.61,43335.52
2019-02-12,4.68,4.7,4.72,4.65,48719.3
2019-02-13,4.71,4.71,4.72,4.68,77526.87
2019-02-14,4.72,4.77,4.81,4.7,78848.94
2019-02-15,4.79,4.68,4.79,4.64,97910.86
2019-02-18,4.7,4.77,4.78,4.67,97709.89
2019-02-19,4.76,4.73,4.8,4.7,83596.15
2019-02-20,4.71,4.7,4.75,4.64,83352.56
2019-02-21,4.71,4.65,4.73,4.64,108791.81
2019-02-22,4.62,4.67,4.68,4.62,83349.28
2019-02-25,4.7,5.03,5.07,4.7,279351.32
2019-02-26,5.04,4.97,5.07,4.93,190498.24
2019-02-27,4.96,4.99,5.07,4.94,136500.31
2019-02-28,5.05,5.01,5.07,4.98,75350.56
2019-03-01,5.06,5.01,5.07,4.94,80265.81
2019-03-04,5.04,5.1,5.18,5.03,178994.78
2019-03-05,5.13,5.13,5.15,5.07,134155.83
2019-03-06,5.14,5.36,5.41,5.13,240641.38
2019-03-07,5.46,5.75,5.84,5.38,420000.48
2019-03-08,5.64,5.47,5.71,5.38,296333.6
2019-03-11,5.61,5.5,5.63,5.26,292692.65
2019-03-12,5.57,5.55,5.66,5.46,244807.93
2019-03-13,5.57,5.58,5.71,5.5,261394.11
2019-03-14,5.58,5.39,5.63,5.33,164306.22
2019-03-15,5.34,5.47,5.55,5.34,137242.7
2019-03-18,5.52,5.73,5.74,5.47,270126.33
2019-03-19,5.77,5.7,5.96,5.66,223914.78
2019-03-20,5.71,5.62,5.71,5.52,196504.17
2019-03-21,5.64,5.6,5.64,5.57,136531.7
2019-03-22,5.61,5.64,5.67,5.55,126072.84
2019-03-25,5.57,5.55,5.64,5.48,113767.0
2019-03-26,5.56,5.47,5.6,5.45,108699.07
2019-03-27,5.5,5.48,5.51,5.41,78669.71
2019-03-28,5.45,5.45,5.58,5.45,109035.48
2019-03-29,5.46,5.57,5.59,5.46,111513.28
2019-04-01,5.59,5.65,5.7,5.59,180676.28
2019-04-02,5.69,5.64,5.7,5.58,151788.7
2019-04-03,5.61,5.62,5.65,5.57,132926.07
2019-04-04,5.66,6.0,6.18,5.66,421737.97
2019-04-08,6.22,6.17,6.46,6.03,414491.68
2019-04-09,6.17,6.13,6.23,5.94,195060.52
2019-04-10,6.1,6.16,6.2,6.05,154045.67
2019-04-11,6.22,5.93,6.31,5.87,241918.81
2019-04-12,5.93,6.14,6.17,5.87,190932.29
2019-04-15,6.27,5.97,6.35,5.96,176023.72
2019-04-16,5.97,5.99,6.01,5.88,92662.69
2019-04-17,5.99,5.91,6.03,5.85,164399.98
2019-04-18,5.92,5.87,5.96,5.84,76340.29
2019-04-19,5.88,5.9,5.92,5.82,83004.35
2019-04-22,5.93,5.72,5.96,5.68,187005.01
2019-04-23,5.7,5.67,5.74,5.63,98606.88
2019-04-24,5.7,5.71,5.73,5.63,67560.75
2019-04-25,5.74,5.63,5.86,5.6,116432.27
2019-04-26,5.68,5.57,5.68,5.55,74222.63
2019-04-29,5.62,5.46,5.62,5.4,85492.51
2019-04-30,5.47,5.52,5.55,5.46,44748.85
2019-05-06,5.44,5.08,5.47,4.98,161285.44
2019-05-07,5.1,5.04,5.19,4.96,108681.22
2019-05-08,5.01,5.05,5.07,4.93,61922.56
2019-05-09,5.01,5.01,5.07,4.96,42823.47
2019-05-10,5.05,5.1,5.15,4.94,74805.33
2019-05-13,5.04,5.04,5.1,4.99,44031.0
2019-05-14,4.99,4.95,5.02,4.93,72157.52
2019-05-15,4.98,5.07,5.1,4.96,68475.17
2019-05-16,5.09,5.08,5.11,5.06,47706.97
2019-05-17,5.11,4.95,5.11,4.94,56022.59
2019-05-20,4.91,4.94,4.96,4.82,52154.22
2019-05-21,4.91,4.99,5.02,4.91,38135.56
2019-05-22,5.0,4.92,5.0,4.88,41175.38
2019-05-23,4.88,4.85,4.92,4.84,35191.19
2019-05-24,4.89,4.83,4.89,4.8,34568.5
2019-05-27,4.83,4.88,4.91,4.81,61342.42
2019-05-28,4.9,4.89,4.98,4.87,51863.43
2019-05-29,4.9,4.87,4.92,4.84,34263.44
2019-05-30,4.9,4.82,4.91,4.78,55995.0
2019-05-31,4.85,4.84,4.89,4.81,40403.61
2019-06-03,4.87,5.03,5.2,4.82,128632.01
2019-06-04,5.0,5.15,5.16,4.96,122520.55
2019-06-05,5.17,5.3,5.37,5.16,125296.18
2019-06-06,5.32,5.29,5.38,5.2,80201.52
2019-06-10,5.3,5.3,5.35,5.26,67052.7
2019-06-11,5.33,5.34,5.36,5.26,81222.85
2019-06-12,5.35,5.25,5.36,5.22,81175.14
2019-06-13,5.26,5.34,5.39,5.23,99041.31
2019-06-14,5.43,5.18,5.46,5.18,139803.34
2019-06-17,5.33,5.37,5.52,5.28,111065.81
2019-06-18,5.41,5.22,5.43,5.22,69126.71
2019-06-19,5.32,5.27,5.38,5.27,64423.82
2019-06-20,5.28,5.32,5.34,5.21,66858.29
2019-06-21,5.35,5.32,5.42,5.31,77808.02
2019-06-24,5.33,5.31,5.39,5.29,58636.54
2019-06-25,5.32,5.22,5.32,5.2,53245.47
2019-06-26,5.27,5.21,5.27,5.2,34913.78
2019-06-27,5.23,5.32,5.32,5.21,53696.46
2019-06-28,5.27,5.19,5.33,5.17,48329.41
2019-07-01,5.29,5.27,5.31,5.19,73492.64
2019-07-02,5.28,5.23,5.28,5.2,65910.66
2019-07-03,5.24,5.2,5.25,5.19,36365.98
2019-07-04,5.22,5.19,5.24,5.18,32497.07
2019-07-05,5.21,5.19,5.22,5.15,40385.49
2019-07-08,5.18,5.02,5.18,5.01,58349.02
2019-07-09,5.02,5.03,5.11,4.97,33828.79
2019-07-10,5.06,5.03,5.08,5.02,25954.31
2019-07-11,5.06,5.01,5.11,4.99,30753.41
2019-07-12,5.03,5.03,5.09,5.0,35982.02
2019-07-15,5.08,5.15,5.19,4.97,68372.7
2019-07-16,5.16,5.16,5.18,5.11,32616.39
2019-07-17,5.13,5.16,5.21,5.1,50238.74
2019-07-18,5.15,5.07,5.16,5.07,42449.84
2019-07-19,5.13,5.1,5.18,5.07,41805.87
2019-07-22,5.11,5.01,5.12,5.0,50228.6
2019-07-23,5.03,5.02,5.06,5.01,28799.17
2019-07-24,5.06,5.02,5.1,5.01,37995.89
2019-07-25,5.07,5.02,5.07,5.0,35287.86
2019-07-26,5.04,5.02,5.04,5.0,30550.92
2019-07-29,5.02,4.99,5.03,4.97,44253.0
2019-07-30,5.01,4.97,5.05,4.96,50418.39
2019-07-31,4.96,4.99,5.01,4.95,41621.4
2019-08-01,5.02,4.99,5.02,4.96,26094.6
2019-08-02,4.94,4.91,4.94,4.85,36199.63
2019-08-05,4.91,4.8,4.92,4.79,65908.91
2019-08-06,4.75,4.71,4.79,4.66,78460.32
2019-08-07,4.76,4.72,4.76,4.7,35959.94
2019-08-08,4.76,4.74,4.76,4.72,24766.95
2019-08-09,4.75,4.71,4.78,4.69,30488.01
2019-08-12,4.73,4.8,4.81,4.69,32825.16
2019-08-13,4.78,4.85,4.91,4.76,38552.43
2019-08-14,4.9,4.86,4.94,4.85,43652.65
2019-08-15,4.75,4.89,4.91,4.74,35729.33
2019-08-16,4.88,4.86,4.95,4.85,29234.08
2019-08-19,4.89,4.94,4.95,4.86,44971.85
2019-08-20,4.95,4.9,4.96,4.9,36619.0
2019-08-21,4.93,4.87,4.93,4.86,25508.15
2019-08-22,4.89,4.86,4.9,4.83,29857.18
2019-08-23,4.89,4.85,4.89,4.84,21222.96
2019-08-26,4.76,4.79,4.82,4.74,34063.05
2019-08-27,4.82,4.85,4.9,4.8,53222.74
2019-08-28,4.85,4.81,4.85,4.8,29574.99
2019-08-29,4.82,4.8,4.85,4.77,37093.75
2019-08-30,4.83,4.79,4.84,4.75,40587.95
2019-09-02,4.8,4.92,4.98,4.8,84574.28
2019-09-03,4.97,4.99,5.0,4.93,63546.43
2019-09-04,5.0,5.05,5.05,4.97,73426.87
2019-09-05,5.08,5.1,5.17,5.08,84272.74
2019-09-06,5.15,5.12,5.15,5.08,54942.29
2019-09-09,5.18,5.15,5.19,5.1,66461.95
2019-09-10,5.11,5.13,5.16,5.07,62769.76
2019-09-11,5.17,5.12,5.19,5.11,53096.91
2019-09-12,5.12,5.16,5.19,5.12,51081.86
2019-09-16,5.19,5.16,5.21,5.14,68540.51
2019-09-17,5.16,5.16,5.27,5.13,98267.59
2019-09-18,5.2,5.08,5.2,5.07,69182.13
2019-09-19,5.14,5.13,5.16,5.07,55541.21
2019-09-20,5.15,5.04,5.15,5.04,65914.18
2019-09-23,5.07,5.05,5.07,4.98,71595.39
2019-09-24,5.05,5.02,5.13,4.99,62299.15
2019-09-25,5.04,4.95,5.04,4.95,57727.2
2019-09-26,4.98,4.91,4.99,4.88,51394.66
2019-09-27,4.9,4.86,4.93,4.84,43577.0
2019-09-30,4.86,4.85,4.9,4.81,42377.13
2019-10-08,4.87,4.79,4.87,4.79,60098.8
2019-10-09,4.82,4.85,4.89,4.77,50252.52
2019-10-10,4.87,4.9,4.92,4.86,49116.81
2019-10-11,4.92,4.96,5.0,4.86,54633.22
2019-10-14,5.01,5.12,5.15,4.94,94086.38
2019-10-15,5.16,5.19,5.22,5.08,119453.49
2019-10-16,5.19,5.19,5.23,5.15,69518.03
2019-10-17,5.14,5.07,5.18,5.06,60654.78
2019-10-18,5.14,5.02,5.19,4.98,69766.94
2019-10-21,5.01,4.96,5.04,4.92,55240.31
2019-10-22,4.99,4.96,5.03,4.89,98527.91
2019-10-23,4.97,4.89,4.97,4.88,60838.46
2019-10-24,4.9,4.94,4.95,4.85,51708.29
2019-10-25,4.96,4.96,4.98,4.89,42643.45
2019-10-28,4.97,5.08,5.09,4.96,74141.7
2019-10-29,5.11,5.0,5.11,4.99,53994.49
2019-10-30,5.01,4.92,5.01,4.91,47934.96
2019-10-31,4.96,4.9,4.97,4.89,42001.45
2019-11-01,4.94,4.91,4.94,4.85,70126.49
2019-11-04,4.93,4.9,4.94,4.88,72724.26
2019-11-05,4.92,4.91,4.96,4.85,67222.1
2019-11-06,4.94,4.89,4.94,4.85,49553.26
2019-11-07,4.91,4.87,4.91,4.85,44985.77
2019-11-08,4.89,4.85,4.92,4.83,59441.71
2019-11-11,4.84,4.74,4.84,4.72,97932.06
2019-11-12,4.76,4.71,4.76,4.7,57106.88
2019-11-13,4.73,4.71,4.78,4.69,60254.31
2019-11-14,4.74,4.72,4.75,4.7,32446.0
2019-11-15,4.73,4.7,4.75,4.69,35882.31
2019-11-18,4.71,4.68,4.72,4.66,49220.32
2019-11-19,4.7,4.75,4.75,4.68,43008.73
2019-11-20,4.75,4.68,4.76,4.67,40508.0
2019-11-21,4.68,4.69,4.71,4.67,26973.98
2019-11-22,4.7,4.7,4.77,4.68,50255.77
2019-11-25,4.72,4.73,4.73,4.68,35176.94
2019-11-26,4.75,4.72,4.75,4.67,43712.97
2019-11-27,4.72,4.72,4.76,4.68,39395.42
2019-11-28,4.74,4.75,4.76,4.72,31495.18
2019-11-29,4.77,4.73,4.77,4.68,33549.5
2019-12-02,4.72,4.74,4.77,4.7,40229.64
2019-12-03,4.72,4.72,4.74,4.68,43255.84
2019-12-04,4.72,4.72,4.73,4.7,30488.47
2019-12-05,4.72,4.74,4.76,4.72,39292.19
2019-12-06,4.82,4.82,4.88,4.77,74318.49
2019-12-09,4.79,4.85,4.87,4.74,93613.23
2019-12-10,4.85,4.84,4.87,4.82,57107.73
2019-12-11,4.81,4.78,4.85,4.78,55440.15
2019-12-12,4.8,4.78,4.82,4.77,46988.75
2019-12-13,4.82,4.87,4.87,4.78,85333.87
2019-12-16,4.87,4.86,4.88,4.84,64775.67
2019-12-17,4.86,4.88,4.93,4.85,90762.35
2019-12-18,4.9,4.87,4.9,4.85,62702.18
2019-12-19,4.86,4.9,4.91,4.85,61398.86
2019-12-20,4.92,4.9,4.93,4.88,57672.87
2019-12-23,4.9,4.85,4.91,4.85,55187.82
2019-12-24,4.85,4.84,4.86,4.83,35160.78
2019-12-25,4.85,4.82,4.85,4.8,43752.08
2019-12-26,4.82,4.83,4.85,4.81,32262.18
2019-12-27,4.85,4.84,4.92,4.83,83214.05
2019-12-30,4.84,4.87,4.88,4.8,58616.24
2019-12-31,4.86,4.89,4.9,4.85,38831.73
2020-01-02,4.91,4.95,4.96,4.88,74419.11
2020-01-03,4.95,4.95,4.98,4.91,55973.24
2020-01-06,4.94,4.98,5.02,4.91,89533.93
2020-01-07,4.97,5.06,5.08,4.97,94233.98
2020-01-08,5.07,4.94,5.07,4.92,70074.25
2020-01-09,4.96,4.94,5.03,4.92,56041.77
2020-01-10,4.99,4.96,5.03,4.91,81917.87
2020-01-13,4.96,5.0,5.02,4.91,68504.32
2020-01-14,5.02,4.98,5.02,4.97,41209.13
2020-01-15,4.99,4.92,4.99,4.91,43668.79
2020-01-16,4.94,4.86,4.94,4.85,58466.5
2020-01-17,4.88,4.87,4.89,4.83,40955.18
2020-01-20,4.88,4.88,4.89,4.84,35545.83
2020-01-21,4.88,4.91,4.94,4.86,68378.65
2020-01-22,4.91,4.91,4.93,4.85,56223.41
2020-01-23,4.91,4.77,4.91,4.72,106529.78
2020-02-03,4.3,4.3,4.42,4.3,115288.0
2020-02-04,4.1,4.39,4.4,4.1,150374.89
2020-02-05,4.44,4.67,4.84,4.44,192553.44
2020-02-06,4.72,4.67,4.77,4.62,131032.46
2020-02-07,4.69,4.62,4.7,4.56,96144.24
2020-02-10,4.63,4.63,4.64,4.55,87375.98
2020-02-11,4.66,4.58,4.67,4.55,67447.81
2020-02-12,4.61,4.62,4.64,4.55,64403.54
2020-02-13,4.63,4.55,4.64,4.54,58168.0
2020-02-14,4.58,4.53,4.59,4.51,65102.48
2020-02-17,4.53,4.65,4.67,4.51,96721.35
2020-02-18,4.66,4.65,4.67,4.58,99399.87
2020-02-19,4.64,4.6,4.64,4.59,58471.99
2020-02-20,4.61,4.68,4.68,4.57,103740.92
2020-02-21,4.68,4.77,4.86,4.65,145549.35
2020-02-24,4.77,4.69,4.8,4.68,107723.12
2020-02-25,4.66,4.62,4.68,4.54,129890.96
2020-02-26,4.6,4.66,4.68,4.54,110810.01
2020-02-27,4.68,4.78,4.8,4.63,166037.89
2020-02-28,4.77,4.73,4.85,4.7,197369.26
2020-03-02,4.73,4.87,4.89,4.73,141287.01
2020-03-03,4.91,4.99,5.01,4.85,209416.11
2020-03-04,4.99,4.92,5.01,4.86,114243.63
2020-03-05,4.95,4.87,4.96,4.83,148560.09
2020-03-06,4.85,4.84,4.92,4.8,143773.48
2020-03-09,4.77,4.66,4.79,4.65,142691.47
2020-03-10,4.61,4.68,4.77,4.59,117468.91
2020-03-11,4.69,4.64,4.7,4.63,78745.16
2020-03-12,4.61,4.58,4.62,4.53,79562.33
2020-03-13,4.45,4.58,4.67,4.36,113081.21
2020-03-16,4.62,4.51,4.65,4.46,90407.0
2020-03-17,4.51,4.51,4.61,4.47,70887.41
2020-03-18,4.55,4.43,4.57,4.41,76931.37
2020-03-19,4.39,4.53,4.55,4.37,78135.68
2020-03-20,4.55,4.53,4.55,4.44,70199.46
2020-03-23,4.49,4.43,4.49,4.41,59544.34
2020-03-24,4.55,4.51,4.62,4.49,158257.59
2020-03-25,4.57,4.51,4.57,4.47,106374.83
2020-03-26,4.47,4.51,4.52,4.43,83680.18
2020-03-27,4.52,4.57,4.63,4.45,135474.34
2020-03-30,4.59,4.51,4.59,4.5,59304.74
2020-03-31,4.54,4.51,4.56,4.48,33982.99
2020-04-01,4.51,4.52,4.55,4.49,36584.79
2020-04-02,4.51,4.58,4.58,4.5,62708.71
2020-04-03,4.57,4.54,4.58,4.51,50397.71
2020-04-07,4.58,4.65,4.67,4.56,103903.58
2020-04-08,4.65,4.67,4.68,4.61,61586.21
2020-04-09,4.7,4.68,4.75,4.67,48484.8
2020-04-10,4.68,4.65,4.72,4.65,62681.55
2020-04-13,4.66,4.65,4.73,4.63,61794.51
2020-04-14,4.68,4.72,4.73,4.63,91996.76
2020-04-15,4.7,4.71,4.77,4.68,74907.14
2020-04-16,4.68,4.74,4.75,4.64,83276.55
2020-04-17,4.77,4.72,4.77,4.69,59539.06
2020-04-20,4.72,4.72,4.76,4.68,48068.85
2020-04-21,4.72,4.68,4.72,4.63,52473.07
2020-04-22,4.68,4.76,4.78,4.64,72400.78
2020-04-23,4.8,4.74,4.81,4.72,60620.42
2020-04-24,4.76,4.69,4.76,4.68,44586.46
2020-04-27,4.7,4.76,4.81,4.68,55922.58
2020-04-28,4.74,4.75,4.79,4.65,79673.53
2020-04-29,4.73,4.73,4.78,4.71,35639.15
2020-04-30,4.72,4.72,4.76,4.68,75415.51
2020-05-06,4.68,4.69,4.71,4.67,70374.99
2020-05-07,4.69,4.67,4.72,4.58,101667.58
2020-05-08,4.68,4.68,4.69,4.67,46115.36
2020-05-11,4.69,4.68,4.72,4.67,40885.31
2020-05-12,4.68,4.68,4.7,4.66,42141.17
2020-05-13,4.7,4.66,4.7,4.65,47160.8
2020-05-14,4.68,4.67,4.68,4.65,50986.87
2020-05-15,4.67,4.71,4.74,4.67,56149.21
2020-05-18,4.7,4.84,4.87,4.67,105370.2
2020-05-19,4.86,5.09,5.12,4.85,212635.43
2020-05-20,5.12,5.09,5.18,5.04,173583.27
2020-05-21,5.08,5.07,5.17,5.06,61836.58
2020-05-22,5.06,5.01,5.07,4.98,86890.23
2020-05-25,5.04,5.01,5.04,4.94,56015.28
2020-05-26,5.04,5.0,5.04,4.99,48088.8
2020-05-27,5.04,5.04,5.08,4.99,70585.13
2020-05-28,5.04,5.05,5.07,5.01,61156.0
2020-05-29,5.07,5.1,5.13,5.03,59429.43
2020-06-01,5.12,5.21,5.26,5.12,124520.07
2020-06-02,5.22,5.28,5.28,5.18,113326.31
2020-06-03,5.29,5.28,5.32,5.2,65073.27
2020-06-04,5.3,5.24,5.3,5.23,57691.58
2020-06-05,5.23,5.24,5.26,5.2,50865.43
2020-06-08,5.3,5.32,5.32,5.24,69373.25
2020-06-09,5.32,5.31,5.34,5.3,44408.31
2020-06-10,5.29,5.32,5.38,5.26,54201.2
2020-06-11,5.38,5.26,5.38,5.25,64137.17
2020-06-12,5.25,5.3,5.34,5.18,87903.91
2020-06-15,5.31,5.3,5.33,5.27,63258.03
2020-06-16,5.32,5.35,5.36,5.3,79198.56
2020-06-17,5.36,5.47,5.49,5.31,138812.6
2020-06-18,5.47,5.51,5.54,5.44,94772.98
2020-06-19,5.54,5.61,5.62,5.5,94630.42
2020-06-22,5.61,5.48,5.64,5.45,95697.7
2020-06-23,5.53,5.35,5.53,5.32,100315.69
2020-06-24,5.36,5.26,5.38,5.24,95502.5
2020-06-29,5.26,5.25,5.3,5.17,62605.8
2020-06-30,5.26,5.36,5.36,5.22,57749.76
2020-07-01,5.39,5.3,5.39,5.27,50142.04
2020-07-02,5.3,5.33,5.4,5.26,55156.96
2020-07-03,5.33,5.35,5.39,5.32,57738.52
2020-07-06,5.38,5.48,5.51,5.38,117337.31
2020-07-07,5.48,5.46,5.54,5.45,122605.65
2020-07-08,5.45,5.44,5.47,5.32,117109.53
2020-07-09,5.42,5.52,5.53,5.37,134619.02
2020-07-10,5.51,5.5,5.53,5.38,134148.02
2020-07-13,5.47,5.5,5.51,5.44,168033.03
2020-07-14,5.49,5.68,5.96,5.37,375883.27
2020-07-15,5.59,5.38,5.65,5.37,210716.78
2020-07-16,5.35,5.4,5.47,5.28,152410.03
2020-07-17,5.42,5.47,5.47,5.3,178640.07
2020-07-20,5.47,5.66,5.67,5.47,258020.88
2020-07-21,5.72,5.83,5.91,5.62,298456.77
2020-07-22,5.84,5.83,5.98,5.79,270289.8
2020-07-23,5.79,5.81,5.84,5.7,225156.21
2020-07-24,5.86,5.54,5.86,5.49,190770.66
2020-07-27,5.59,5.44,5.65,5.42,84513.03
2020-07-28,5.46,5.4,5.54,5.36,62483.13
2020-07-29,5.42,5.48,5.49,5.35,53718.34
2020-07-30,5.47,5.63,5.66,5.47,113272.66
2020-07-31,5.63,5.66,5.73,5.57,97059.97
2020-08-03,5.7,5.67,5.76,5.6,95224.25
2020-08-04,5.67,5.64,5.68,5.56,97809.88
2020-08-05,5.64,5.75,5.83,5.55,135437.66
2020-08-06,5.73,5.67,5.78,5.6,69107.23
2020-08-07,5.65,5.59,5.66,5.52,76871.54
2020-08-10,5.61,5.64,5.68,5.59,57071.18
2020-08-11,5.69,5.53,5.69,5.52,62482.19
2020-08-12,5.52,5.52,5.54,5.43,62961.55
2020-08-13,5.54,5.55,5.6,5.51,43249.19
2020-08-14,5.57,5.57,5.59,5.51,33639.09
2020-08-17,5.59,5.63,5.64,5.54,71786.49
2020-08-18,5.64,5.56,5.64,5.54,62638.21
2020-08-19,5.59,5.54,5.62,5.51,45678.78
2020-08-20,5.53,5.53,5.61,5.5,31725.91
2020-08-21,5.53,5.47,5.57,5.43,65057.7
2020-08-24,5.44,5.45,5.5,5.39,62930.52
2020-08-25,5.46,5.77,5.87,5.41,278917.55
2020-08-26,5.87,5.68,5.87,5.65,127189.62
2020-08-27,5.65,5.53,5.71,5.52,89238.93
2020-08-28,5.54,5.69,5.74,5.49,112524.97
2020-08-31,5.67,5.72,5.74,5.61,108122.4
2020-09-01,5.73,5.88,5.9,5.68,178935.61
2020-09-02,5.9,6.06,6.22,5.8,419929.51
2020-09-03,6.08,6.09,6.2,6.04,238531.59
2020-09-04,6.02,6.23,6.28,6.0,191347.98
2020-09-07,6.33,6.11,6.33,6.08,141219.46
2020-09-08,6.11,6.16,6.2,6.09,107527.16
2020-09-09,6.12,6.05,6.17,6.0,151072.34
2020-09-10,6.12,6.06,6.2,6.01,151472.15
2020-09-11,6.07,6.17,6.23,6.03,127438.83
2020-09-14,6.22,6.23,6.27,6.12,108547.69
2020-09-15,6.25,6.18,6.28,6.13,93200.92
2020-09-16,6.21,6.23,6.25,6.12,86606.62
2020-09-17,6.21,6.12,6.22,6.09,77666.8
2020-09-18,6.15,6.02,6.16,6.02,86329.77
2020-09-21,6.06,6.05,6.1,6.0,73044.55
2020-09-22,6.03,6.0,6.05,5.94,67130.85
2020-09-23,6.01,5.97,6.07,5.92,61813.17
2020-09-24,5.93,5.93,5.98,5.82,85446.09
2020-09-25,5.94,6.06,6.16,5.92,85033.16
2020-09-28,6.02,6.0,6.11,5.98,72671.6
2020-09-29,6.05,5.95,6.05,5.93,71416.01
2020-09-30,5.99,5.88,5.99,5.84,62921.23
2020-10-09,5.96,6.15,6.17,5.93,139682.38
2020-10-12,6.15,6.5,6.51,6.15,199885.23
2020-10-13,6.53,6.5,6.53,6.36,88760.84
2020-10-14,6.54,6.44,6.54,6.42,58470.78
2020-10-15,6.53,6.33,6.53,6.31,78606.73
2020-10-16,6.39,6.28,6.39,6.27,57367.89
2020-10-19,6.31,6.24,6.49,6.23,84849.54
2020-10-20,6.25,6.29,6.3,6.18,87818.62
2020-10-21,6.29,6.3,6.36,6.2,54748.36
2020-10-22,6.3,6.18,6.31,6.16,65630.57
2020-10-23,6.22,6.26,6.28,6.18,49756.75
2020-10-26,6.22,6.19,6.27,6.11,52348.73
2020-10-27,6.15,6.04,6.19,6.02,78401.01
2020-10-28,6.09,6.04,6.1,6.0,67854.84
2020-10-29,5.99,6.03,6.11,5.98,53057.74
2020-10-30,6.07,5.92,6.08,5.89,55308.32
2020-11-02,5.95,6.27,6.3,5.95,138271.12
2020-11-03,6.3,6.81,6.85,6.25,455732.23
2020-11-04,6.84,7.43,7.5,6.82,654214.57
2020-11-05,7.52,7.81,8.05,7.19,629411.92
2020-11-06,7.79,7.93,7.95,7.64,416730.8
2020-11-09,7.93,8.0,8.13,7.78,368234.0
2020-11-10,8.07,8.45,8.58,8.05,520951.14
2020-11-11,8.54,8.4,8.75,8.26,387297.55
2020-11-12,8.39,8.1,8.44,7.94,394594.5
2020-11-13,8.14,8.55,8.82,7.96,620909.94
2020-11-16,8.46,8.91,9.01,8.46,420482.33
2020-11-17,9.06,8.93,9.27,8.81,360024.6
2020-11-18,8.92,9.2,9.24,8.82,374694.24
2020-11-19,9.02,9.2,9.37,8.82,298616.22
2020-11-20,9.33,9.14,9.33,8.99,213404.86
2020-11-23,9.11,9.58,10.05,9.11,598771.39
2020-11-24,9.76,10.48,10.49,9.47,495016.78
2020-11-25,10.8,10.49,11.17,10.0,636087.35
2020-11-26,10.32,9.93,10.66,9.64,621318.7
2020-11-27,9.99,9.45,10.02,9.14,641483.76
2020-11-30,9.55,9.67,9.86,9.33,415375.21
2020-12-01,9.71,9.75,9.93,9.54,304399.32
2020-12-02,9.64,9.57,9.81,9.37,269753.27
2020-12-03,9.56,9.47,9.58,9.25,249646.77
2020-12-04,9.35,9.74,9.77,9.35,216221.34
2020-12-07,9.82,9.73,9.9,9.64,177856.74
2020-12-08,9.78,9.62,9.83,9.55,118360.72
2020-12-09,9.71,9.46,9.73,9.45,160022.96
2020-12-10,9.53,9.64,9.76,9.34,150662.73
2020-12-11,9.75,9.48,10.17,9.47,231118.67
2020-12-14,9.52,9.46,9.61,9.26,153489.46
2020-12-15,9.59,9.54,9.59,9.36,86550.62
2020-12-16,9.57,9.71,9.85,9.5,137245.84
2020-12-17,9.6,9.98,10.12,9.6,229979.22
2020-12-18,9.99,10.0,10.21,9.76,190870.72
2020-12-21,10.0,9.49,10.0,9.45,277525.37
2020-12-22,9.41,9.01,9.6,8.96,254354.58
2020-12-23,9.14,9.19,9.35,9.04,240637.29
2020-12-24,9.33,9.2,9.49,9.11,128627.04
2020-12-25,9.36,9.25,9.43,9.13,109084.72
2020-12-28,9.25,9.11,9.37,9.06,111090.16
2020-12-29,9.08,8.84,9.15,8.81,159737.94
2020-12-30,8.93,8.84,9.02,8.78,113661.49
2020-12-31,8.89,9.14,9.34,8.76,171153.63
2021-01-04,9.14,8.89,9.23,8.66,267171.82
2021-01-05,8.81,9.46,9.49,8.73,269962.42
2021-01-06,9.46,10.4,10.4,9.46,461653.67
2021-01-07,10.6,11.03,11.38,10.57,607705.0
2021-01-08,11.05,11.41,11.81,10.81,480418.17
2021-01-11,11.31,12.55,12.55,11.08,675645.41
2021-01-12,12.72,13.8,13.8,12.44,646598.9
2021-01-13,13.57,12.84,13.96,12.64,623217.82
2021-01-14,12.52,12.28,13.17,12.19,550708.04
2021-01-15,11.69,11.06,12.0,11.06,1903236.82
2021-01-18,11.43,12.16,12.16,11.36,1552509.97
2021-01-19,12.66,13.38,13.38,12.59,797025.94
2021-01-20,13.54,14.21,14.71,12.72,1072914.17
2021-01-21,14.48,14.72,15.08,14.0,834132.17
2021-01-22,14.28,14.67,15.0,14.17,604088.82
2021-01-25,14.66,14.99,15.51,14.66,558206.14
2021-01-26,14.74,14.69,15.23,14.18,536544.44
2021-01-27,14.77,14.24,15.23,14.07,532291.16
2021-01-28,13.89,13.21,14.31,13.08,714887.66
2021-01-29,13.74,13.08,13.96,12.82,521885.59
2021-02-01,13.7,13.5,14.12,11.78,743802.96
2021-02-02,13.78,14.41,14.75,13.15,598948.56
2021-02-03,14.32,14.07,14.68,13.83,396518.18
2021-02-04,14.04,14.21,15.09,13.69,476832.63
2021-02-05,14.36,12.79,14.41,12.79,589893.15
2021-02-08,12.95,13.92,14.01,12.95,418006.17
2021-02-09,14.17,14.72,15.19,13.92,483453.06
2021-02-10,15.09,14.72,15.17,14.47,425064.75
2021-02-18,15.57,14.69,16.13,14.51,527485.53
2021-02-19,14.71,14.75,15.46,13.8,522060.56
2021-02-22,14.96,15.5,15.67,14.82,419790.16
2021-02-23,15.5,14.77,16.1,14.67,517800.18
2021-02-24,14.65,14.58,15.09,14.17,581502.09
2021-02-25,14.94,14.53,14.99,14.27,293858.18
2021-02-26,14.27,13.69,14.27,13.42,493388.72
2021-03-01,13.74,13.76,14.08,13.59,314485.96
2021-03-02,13.82,13.59,13.95,13.31,389378.8
2021-03-03,13.59,13.49,13.69,13.27,290648.11
2021-03-04,13.5,12.81,13.65,12.62,380139.03
2021-03-05,12.58,12.81,12.87,12.19,331597.7
2021-03-08,13.03,12.17,13.36,12.1,299772.48
2021-03-09,12.1,11.79,12.22,11.19,353273.68
2021-03-10,11.93,11.74,12.13,11.57,312595.02
2021-03-11,11.91,12.4,12.42,11.6,286225.31
2021-03-12,12.53,12.58,12.73,12.27,181118.69
2021-03-15,12.58,12.3,12.63,12.13,143502.05
2021-03-16,12.4,12.24,12.48,11.95,124510.66
2021-03-17,12.18,12.68,12.88,12.03,177527.4
2021-03-18,12.85,13.96,13.96,12.85,498228.72
2021-03-19,13.68,13.59,14.36,13.4,652327.79
2021-03-22,13.33,13.44,13.68,13.06,395444.75
2021-03-23,13.52,12.18,13.55,12.1,407979.97
2021-03-24,12.06,11.99,12.35,11.82,324724.43
2021-03-25,12.1,12.07,12.52,11.91,277046.51
2021-03-26,12.13,12.07,12.27,11.76,233127.67
2021-03-29,12.11,12.47,12.52,11.9,234338.44
2021-03-30,12.47,13.72,13.72,12.44,455353.97
2021-03-31,13.73,13.61,13.9,12.98,402482.93
2021-04-01,13.26,13.79,13.92,13.25,206966.38
2021-04-02,13.8,13.68,13.97,13.54,171460.47
2021-04-06,13.64,13.87,13.94,13.5,132324.92
2021-04-07,13.65,14.05,14.2,13.54,184391.48
2021-04-08,13.96,14.58,14.64,13.93,222298.23
2021-04-09,14.51,14.06,14.58,13.6,234126.3
2021-04-12,14.04,13.87,14.13,13.72,139391.06
2021-04-13,13.73,13.86,14.15,13.73,90791.7
2021-04-14,14.03,13.98,14.12,13.83,78760.54
2021-04-15,14.27,14.34,14.41,13.92,159559.95
2021-04-16,14.38,14.51,14.65,14.35,190297.79
2021-04-19,14.72,14.75,14.84,14.31,139648.55
2021-04-20,14.87,14.72,14.9,14.36,138059.88
2021-04-21,14.72,14.67,14.89,14.48,153674.05
2021-04-22,14.81,14.6,14.81,14.46,133170.81
2021-04-23,14.69,14.47,14.73,14.32,165812.61
2021-05-13,15.91,15.9,15.91,15.32,845429.94
2021-05-14,15.72,15.9,16.69,14.63,752896.63
2021-05-17,15.91,17.36,17.49,15.9,557749.2
2021-05-18,17.41,17.11,17.81,16.78,334192.61
2021-05-19,17.46,17.02,17.66,16.83,186427.6
2021-05-20,17.0,16.42,17.06,15.97,380870.74
2021-05-21,16.75,17.1,17.36,16.32,251282.28
2021-05-24,17.1,17.25,17.6,16.5,233896.34
2021-05-25,17.45,17.17,17.74,17.04,238511.17
2021-05-26,17.4,17.41,17.45,16.89,165670.68
2021-05-27,17.35,17.68,17.68,17.06,280311.89
2021-05-28,17.59,16.8,17.78,16.57,328301.62
2021-05-31,16.53,16.68,17.16,16.38,244577.01
2021-06-01,16.68,16.72,16.88,16.07,233161.2
2021-06-02,16.83,16.85,16.92,16.37,190536.66
2021-06-03,16.74,16.13,16.84,16.09,292135.24
2021-06-04,16.12,16.4,16.51,15.96,152141.69
2021-06-07,16.14,16.4,16.55,16.0,152915.81
2021-06-08,16.4,16.34,16.71,16.19,171050.33
2021-06-09,16.2,16.77,16.93,16.06,264844.41
2021-06-10,16.75,16.89,17.21,16.59,219515.96
2021-06-11,17.13,16.3,17.13,16.19,314388.66
2021-06-15,16.29,16.17,16.54,15.96,262109.85
2021-06-16,16.13,15.41,16.13,15.23,196760.66
2021-06-17,15.39,15.42,15.52,15.11,113420.48
2021-06-18,15.52,15.2,15.6,14.93,199954.24
2021-06-21,15.12,14.78,15.28,14.49,276142.36
2021-06-22,15.11,15.44,15.77,14.72,404486.49
2021-06-23,16.57,16.98,16.98,16.57,321401.18
2021-06-24,18.68,18.68,18.68,18.17,387177.96
2021-06-25,19.21,19.03,19.63,17.46,1254849.01
2021-06-28,19.89,18.92,20.57,18.34,962951.68
2021-06-29,19.27,19.4,20.12,19.11,800083.59
2021-06-30,19.84,20.28,20.52,19.6,596636.76
2021-07-01,20.44,18.91,20.62,18.68,553580.99
2021-07-02,18.91,18.09,19.09,17.71,705206.66
2021-07-05,18.09,17.85,18.15,17.46,457229.72
2021-07-06,18.29,18.49,19.0,17.84,563010.99
2021-07-07,18.66,20.34,20.34,18.03,689983.79
2021-07-08,20.34,20.45,22.17,19.99,891861.97
2021-07-09,20.1,21.62,21.79,19.85,686567.52
2021-07-12,23.28,23.78,23.78,22.41,897610.27
2021-07-13,23.76,23.52,24.51,22.95,763166.27
2021-07-14,23.41,23.99,25.25,22.85,591540.52
2021-07-15,24.07,24.44,25.13,23.66,477777.92
2021-07-16,24.84,25.47,26.06,24.2,553080.46
2021-07-19,25.42,23.06,25.79,22.98,717911.26
2021-07-20,22.63,23.31,23.52,21.45,589718.99
2021-07-21,23.48,24.92,25.53,23.46,594909.4
2021-07-22,24.92,26.93,27.36,24.45,623382.33
2021-07-23,26.58,26.87,28.47,26.27,668705.97
2021-07-26,26.93,26.12,27.6,25.19,570576.57
2021-07-27,26.97,24.79,27.6,24.74,697324.82
2021-07-28,24.49,24.32,24.73,22.63,511800.91
2021-07-29,24.94,24.87,25.69,23.65,590627.66
2021-07-30,24.56,26.37,26.41,24.46,537898.88
2021-08-02,25.98,25.49,26.24,24.04,614225.52
2021-08-03,25.7,25.09,26.94,24.84,435626.06
2021-08-04,23.82,24.21,24.54,22.88,890345.11
2021-08-05,23.43,22.23,24.01,21.79,1035140.84
2021-08-06,22.8,21.96,23.2,21.35,696172.8
2021-08-09,22.31,22.76,23.02,21.44,603065.66
2021-08-10,22.76,24.25,24.91,22.58,764127.23
2021-08-11,24.16,24.32,24.62,23.83,297173.17
2021-08-12,24.24,24.62,24.89,23.67,328483.15
2021-08-13,24.45,25.6,25.81,23.97,439812.07
2021-08-16,25.81,24.92,27.15,24.59,489293.72
2021-08-17,24.73,25.75,26.68,24.73,446027.47
2021-08-18,25.88,26.06,26.62,25.22,326977.12
2021-08-19,25.96,24.74,26.0,23.68,491399.27
2021-08-20,24.16,25.35,25.42,23.51,338736.18
2021-08-23,25.03,24.43,25.2,23.84,474420.32
2021-08-24,24.72,26.87,26.87,24.65,808190.48
2021-08-25,27.63,28.62,28.86,26.0,924676.39
2021-08-26,28.47,28.33,29.95,28.13,638210.0
2021-08-27,28.33,30.72,30.92,27.81,522115.35
2021-08-30,31.53,31.93,32.81,30.82,747877.03
2021-08-31,31.97,31.41,32.13,30.05,438069.55
2021-09-01,30.93,29.98,31.5,28.95,391959.76
2021-09-02,29.68,32.98,32.98,29.65,461620.77
2021-09-03,32.98,31.98,34.93,31.29,614174.58
2021-09-06,32.22,30.85,34.22,30.01,447291.24
2021-09-07,30.07,32.4,33.08,29.1,599067.18
2021-09-08,32.87,32.69,33.86,31.11,601998.46
2021-09-09,32.85,33.69,33.98,32.02,346632.04
2021-09-10,33.57,35.77,36.25,33.08,565784.58
2021-09-13,36.27,37.79,38.01,35.57,539008.96
2021-09-14,36.24,37.35,38.61,35.51,506083.26
2021-09-15,36.93,37.15,38.68,36.37,331081.73
2021-09-16,37.15,34.83,40.07,34.37,638684.51
2021-09-17,34.88,34.44,36.64,32.67,494166.89
2021-09-22,34.44,34.03,35.7,32.89,355713.68
2021-09-23,34.83,30.63,35.11,30.63,422933.36
2021-09-24,29.51,30.47,31.85,28.27,769789.38
2021-09-27,30.41,29.1,30.65,27.55,680287.57
2021-09-28,29.31,28.35,29.42,28.0,343370.76
2021-09-29,27.65,25.52,27.65,25.52,584550.15
2021-09-30,25.52,27.28,27.54,25.52,409411.26
2021-10-08,28.09,25.07,28.33,24.79,511156.56
2021-10-11,25.49,23.89,25.56,23.23,715930.73
2021-10-12,23.95,22.58,24.14,21.93,561318.37
2021-10-13,23.07,24.84,24.84,22.31,578744.7
2021-10-14,25.22,25.76,26.39,24.91,612808.65
2021-10-15,24.64,25.06,25.9,24.21,511168.19
2021-10-18,25.06,27.56,27.56,24.84,470101.54
2021-10-19,27.7,27.29,27.82,26.65,513205.98
2021-10-20,26.95,28.04,29.22,26.77,487679.4
2021-10-21,28.17,27.74,28.43,27.07,361402.39
2021-10-22,27.69,27.3,28.7,26.2,425432.04
2021-10-25,27.12,28.17,29.3,26.97,434725.3
2021-10-26,28.28,28.39,29.74,28.05,381491.22
2021-10-27,28.23,28.99,29.74,28.16,380860.58
2021-10-28,28.79,26.71,28.79,26.18,616479.7
2021-10-29,27.26,26.44,27.43,24.91,653187.47
2021-11-01,26.68,25.01,26.87,24.65,613652.98
2021-11-02,24.92,24.63,25.42,24.11,394341.7
2021-11-03,24.18,23.52,24.5,23.04,513460.21
2021-11-04,23.89,22.56,23.99,22.41,630360.45
2021-11-05,22.59,20.86,22.6,20.66,837091.76
2021-11-08,20.66,20.79,21.21,20.08,582209.43
2021-11-09,21.03,21.29,21.78,20.69,545656.93
2021-11-10,21.35,20.9,21.52,20.39,355628.22
2021-11-11,20.62,21.52,21.88,20.54,460372.49
2021-11-12,21.63,22.26,23.24,21.55,593273.5
2021-11-15,22.12,20.73,22.25,20.47,525832.52
2021-11-16,20.62,20.35,20.96,20.08,335112.76
2021-11-17,20.23,22.39,22.39,20.08,487140.46
2021-11-18,22.27,21.66,22.27,21.27,581808.92
2021-11-19,21.98,22.41,22.72,21.56,589028.56
2021-11-22,22.54,23.49,24.06,22.18,632328.98
2021-11-23,23.48,23.57,24.64,23.07,506297.94
2021-11-24,23.36,22.35,23.47,22.13,503849.69
2021-11-25,22.34,22.22,22.56,21.94,269943.74
2021-11-26,21.99,22.51,22.75,21.83,299276.92
2021-11-29,21.93,23.13,23.39,21.78,410229.63
2021-11-30,23.67,22.98,24.1,22.78,421577.46
2021-12-01,23.71,24.06,24.45,23.36,548146.4
2021-12-02,23.81,24.34,25.11,23.69,520698.91
2021-12-03,24.5,23.03,24.74,22.78,708685.89
2021-12-06,22.8,22.2,23.33,22.1,498028.84
2021-12-07,22.2,21.89,22.41,21.01,503363.28
2021-12-08,21.89,22.94,23.08,21.79,420176.7
2021-12-09,23.05,22.92,23.4,22.56,336268.85
2021-12-10,22.79,23.55,24.22,22.7,585942.58
2021-12-13,23.77,24.05,25.17,23.75,673731.97
2021-12-14,24.0,23.24,24.24,23.09,422239.26
2021-12-15,23.14,23.12,23.49,22.9,285924.74
2021-12-16,23.09,23.53,23.72,22.61,361766.8
2021-12-17,23.77,23.96,24.41,23.37,508312.31
2021-12-20,23.63,22.78,24.54,22.41,481220.99
2021-12-21,22.83,22.41,23.11,22.02,356390.3
2021-12-23,22.92,21.6,22.97,21.34,512265.36
2021-12-24,21.6,21.8,22.46,21.34,345736.96
2021-12-27,21.77,19.62,21.77,19.62,730456.51
2021-12-28,19.53,19.83,19.85,18.8,748215.12
2021-12-29,19.43,18.54,19.55,18.38,831776.46
2021-12-30,18.63,18.63,19.02,18.22,594617.92
2021-12-31,18.53,18.76,19.03,18.25,608641.43
2022-01-04,18.77,18.54,18.9,18.3,375623.65
2022-01-05,18.54,18.52,19.26,18.34,597216.17
2022-01-06,18.92,19.82,20.07,18.74,938540.73
2022-01-07,19.65,19.89,20.11,19.06,654009.65
2022-01-10,19.5,19.2,19.67,18.59,491225.85
2022-01-11,19.09,18.87,19.34,18.72,276181.09
2022-01-12,19.02,19.35,19.5,19.02,388673.32
2022-01-13,19.4,18.66,19.45,18.48,391266.07
2022-01-14,18.52,18.44,18.61,17.86,367637.28
2022-01-17,18.42,18.66,18.79,18.24,272710.87
2022-01-18,18.63,18.54,18.77,18.32,250655.34
2022-01-19,18.45,17.77,18.51,17.64,352976.6
2022-01-20,17.8,17.13,17.8,16.98,507063.26
2022-01-21,16.98,17.06,17.41,16.87,305143.53
2022-01-24,16.94,17.97,18.07,16.7,358623.73
2022-01-25,17.97,17.39,18.38,17.39,277345.74
2022-01-26,17.46,17.34,17.87,16.94,261902.02
2022-01-27,17.33,16.82,17.55,16.67,243356.06
2022-01-28,16.88,16.27,17.03,15.86,486905.12
2022-02-07,16.68,17.12,17.44,16.65,336277.88
2022-02-08,17.18,17.23,17.35,16.64,246053.24
2022-02-09,17.16,17.67,17.86,17.03,312347.66
2022-02-10,17.57,17.65,17.92,17.48,255022.0
2022-02-11,17.52,17.25,17.77,17.18,190341.71
2022-02-14,17.2,16.78,17.35,16.62,236113.92
2022-02-15,16.87,17.08,17.2,16.69,233558.77
2022-02-16,17.19,17.36,17.66,17.07,176992.01
2022-02-17,17.37,17.86,18.04,17.18,339032.22
2022-02-18,17.68,17.65,17.79,17.39,232408.27
2022-02-21,17.51,18.04,18.15,17.49,288086.97
2022-02-22,17.95,18.05,18.3,17.59,321761.05
2022-02-23,18.1,18.62,18.68,18.1,360156.51
2022-02-24,18.43,18.32,18.96,17.98,416169.41
2022-02-25,18.43,18.07,18.77,17.96,253504.55
2022-02-28,17.99,18.47,18.48,17.77,345196.26
2022-03-01,18.43,17.98,18.75,17.85,369032.28
2022-03-02,17.85,17.11,17.95,16.66,451815.76
2022-03-03,16.99,16.3,17.09,16.26,391656.79
2022-03-04,16.24,16.45,16.78,16.06,245828.48
2022-03-07,15.93,15.25,16.13,15.1,402654.61
2022-03-08,15.23,14.7,15.46,14.55,405566.94
2022-03-09,14.72,14.49,14.89,13.76,353877.58
2022-03-10,15.04,15.37,15.64,14.96,367786.03
2022-03-11,15.09,15.29,15.39,14.68,236423.31
2022-03-14,15.67,15.19,15.81,15.18,264561.97
2022-03-15,15.21,14.51,15.3,14.47,298549.35
2022-03-16,14.85,14.98,15.08,14.05,426567.33
2022-03-17,15.33,15.12,15.61,15.03,433725.21
2022-03-18,14.98,14.99,15.1,14.61,311725.08
2022-03-21,14.87,15.03,15.23,14.68,286525.03
2022-03-22,14.85,14.79,15.05,14.68,226274.57
2022-03-23,14.83,14.73,14.92,14.66,156505.33
2022-03-24,14.61,14.63,14.7,14.24,249818.19
2022-03-25,14.58,13.89,14.63,13.76,415004.48
2022-03-28,13.68,13.63,13.87,13.47,227483.72
2022-03-29,13.78,13.69,13.87,13.49,170941.97
2022-03-30,13.77,14.15,14.2,13.71,269402.3
2022-03-31,14.1,13.78,14.1,13.71,199255.58
2022-04-01,13.6,14.11,14.16,13.59,211652.94
2022-04-06,14.01,13.78,14.14,13.66,232095.23
2022-04-07,13.76,13.68,14.02,13.68,178091.72
2022-04-08,13.6,13.83,13.92,13.37,245120.05
2022-04-11,13.74,13.13,13.82,13.0,285230.62
2022-04-12,13.12,13.2,13.29,12.81,186658.62
2022-04-13,13.17,12.9,13.48,12.87,218734.95
2022-04-14,12.9,13.65,13.93,12.79,316810.21
2022-04-15,13.52,13.35,13.64,13.25,166964.44
2022-04-18,13.35,13.25,13.42,13.03,133383.72
2022-04-19,13.25,13.55,13.75,13.25,302627.02
2022-04-20,13.63,12.94,13.66,12.9,301238.39
2022-04-21,12.83,12.1,12.92,11.98,414593.99
2022-04-22,12.13,12.25,12.37,11.95,288909.04
2022-04-25,12.15,11.3,12.15,11.28,373892.1
2022-04-26,11.15,10.63,11.44,10.51,411729.86
2022-04-27,10.51,11.37,11.41,10.38,346096.31
2022-04-28,11.37,11.37,11.54,11.14,240867.87
2022-04-29,11.5,11.88,11.94,11.29,285146.59
2022-05-05,11.54,11.8,11.96,11.41,368990.08
2022-05-06,11.56,11.88,11.98,11.48,260218.5
2022-05-09,11.87,12.2,12.44,11.75,248080.6
2022-05-10,11.99,12.57,12.93,11.94,433327.39
2022-05-11,12.52,12.8,13.02,12.5,392389.01
2022-05-12,12.94,12.78,12.94,12.46,242264.7
2022-05-13,12.76,12.79,12.96,12.56,221586.43
2022-05-16,13.1,13.05,13.37,12.91,233113.52
2022-05-17,13.16,13.49,13.58,13.11,284636.06
2022-05-18,13.64,13.58,13.89,13.27,315458.58
2022-05-19,13.49,14.52,14.66,13.3,533807.92
2022-05-20,14.89,14.48,14.92,14.22,388923.63
2022-05-23,14.49,15.54,15.64,14.38,460887.23
2022-05-24,15.55,15.12,16.11,15.09,464213.03
2022-05-25,15.12,14.67,15.57,14.46,448202.17
2022-05-26,14.82,14.88,15.14,14.46,310430.64
2022-05-27,14.87,14.94,15.27,14.77,237991.73
2022-05-30,15.08,15.08,15.56,14.76,252117.79
2022-05-31,15.38,15.31,15.61,15.06,284265.61
2022-06-01,15.1,14.93,15.25,14.84,236615.16
2022-06-02,14.93,14.99,15.08,14.69,210895.35
2022-06-06,15.04,15.53,15.67,14.95,350446.44
2022-06-07,15.57,15.31,15.79,15.28,316367.49
2022-06-08,15.4,15.35,15.6,14.96,256277.29
2022-06-09,15.34,15.51,15.67,15.04,334914.9
2022-06-10,15.18,17.06,17.06,14.89,691734.56
2022-06-13,17.24,18.54,18.77,17.06,1009492.2
2022-06-14,18.12,18.98,19.59,18.02,1078085.3
2022-06-15,18.87,18.14,18.93,18.02,699843.7
2022-06-16,18.02,17.63,18.21,17.48,462973.17
2022-06-17,17.53,17.48,18.28,17.15,816941.8
2022-06-20,17.53,17.23,18.03,16.85,555766.83
2022-06-21,16.99,16.67,17.19,16.41,498173.84
2022-06-22,16.67,16.9,17.57,16.5,470572.2
2022-06-23,16.85,17.26,17.39,16.55,358006.48
2022-06-24,17.15,18.2,18.22,17.15,575751.71
2022-06-27,18.2,18.31,18.46,17.83,486507.21
2022-06-28,18.66,17.82,18.69,17.7,408683.7
2022-06-29,17.82,16.31,17.83,16.03,884541.51
2022-06-30,16.27,16.56,16.75,16.16,402382.61
2022-07-01,16.69,16.74,17.42,16.63,311900.15
2022-07-04,16.63,17.2,17.32,16.44,392889.49
2022-07-05,17.05,16.64,17.73,16.36,501736.66
2022-07-06,16.65,16.37,16.65,15.88,299465.79
2022-07-07,16.21,16.49,16.62,15.93,247542.83
2022-07-08,16.54,16.42,17.14,16.41,319493.47
2022-07-11,16.17,16.41,16.64,15.99,234101.99
2022-07-12,16.21,16.16,16.52,16.04,189423.68
2022-07-13,16.34,16.47,16.86,16.07,260144.14
2022-07-14,16.47,17.48,17.66,16.36,635892.43
2022-07-15,17.43,17.48,17.79,16.99,503132.7
2022-07-18,17.43,16.79,17.51,16.45,568922.84
2022-07-19,16.75,16.74,16.92,16.46,229803.04
2022-07-20,16.74,16.43,16.74,16.18,305421.9
2022-07-21,16.44,16.42,16.7,16.22,211116.56
2022-07-22,16.36,16.8,17.19,16.34,327208.14
2022-07-25,16.66,16.32,16.79,16.26,221298.62
2022-07-26,16.32,16.51,16.54,16.26,194486.74
2022-07-27,16.44,18.17,18.17,16.32,813591.78
2022-07-28,18.17,19.65,19.99,18.12,1395277.56
2022-07-29,19.76,19.31,19.98,19.1,791147.31
2022-08-01,19.23,19.6,19.81,18.7,582500.86
2022-08-02,19.36,21.56,21.56,19.01,1086495.95
2022-08-03,21.83,20.18,22.0,19.88,888912.44
2022-08-04,20.18,20.17,20.91,19.73,513108.41
2022-08-05,20.37,20.58,21.03,19.71,490583.81
2022-08-08,20.53,21.84,22.53,20.18,922300.73
2022-08-09,21.79,22.46,23.23,21.45,684929.46
2022-08-10,22.33,23.59,24.01,22.05,661641.96
2022-08-11,23.51,23.07,24.32,22.68,666465.72
2022-08-12,22.82,22.75,23.73,22.53,379511.04
2022-08-15,22.62,23.23,23.96,22.54,505123.97
2022-08-16,23.06,22.58,23.54,22.34,446745.8
2022-08-17,22.68,22.09,23.31,21.81,549424.7
2022-08-18,21.96,21.59,21.99,20.71,763454.83
2022-08-19,21.8,22.18,22.75,21.16,709453.05
2022-08-22,21.42,21.39,21.86,20.69,593146.89
2022-08-23,21.34,21.89,22.21,21.27,527753.22
2022-08-24,21.83,20.82,21.86,20.77,413834.19
2022-08-25,20.83,20.57,21.25,20.23,317324.66
2022-08-26,20.68,20.72,21.04,20.32,267484.94
2022-08-29,20.47,20.58,21.21,20.2,210733.72
2022-08-30,20.67,19.81,20.78,19.76,281687.15
2022-08-31,19.83,18.86,20.03,18.68,459688.75
2022-09-01,18.71,18.42,18.99,18.02,299668.44
2022-09-02,18.59,18.77,19.21,17.99,341681.66
2022-09-05,18.77,18.98,19.66,18.53,396325.66
2022-09-06,19.17,19.98,20.22,19.02,579740.12
2022-09-07,19.98,21.34,21.39,19.97,604323.06
2022-09-08,21.22,21.28,21.5,20.86,333178.98
2022-09-09,21.36,20.38,21.77,20.13,449034.11
2022-09-13,20.62,19.97,20.76,19.6,286488.74
2022-09-14,19.4,19.34,20.28,18.95,365898.82
2022-09-15,19.39,18.31,19.49,17.85,489605.3
2022-09-16,18.31,18.1,18.55,17.63,391741.29
2022-09-19,17.78,17.77,18.22,17.54,262192.66
2022-09-20,18.1,18.51,18.98,17.64,332643.29
2022-09-21,18.46,18.4,18.74,17.94,306352.53
2022-09-22,18.25,18.51,19.0,17.92,271645.87
2022-09-23,18.53,18.67,19.07,18.28,258597.28
2022-09-26,18.33,19.14,19.44,18.31,358418.01
2022-09-27,19.1,17.96,19.14,17.23,585737.86
2022-09-28,17.83,17.62,18.44,17.43,399626.34
2022-09-29,17.91,17.41,18.2,17.25,261761.7
2022-09-30,17.45,17.06,17.6,16.81,301810.88
2022-10-10,17.09,16.19,17.22,16.04,355725.38
2022-10-11,16.37,16.26,16.44,15.83,292041.07
2022-10-12,16.26,16.41,16.41,15.45,382350.15
2022-10-13,16.27,15.61,16.53,15.55,404220.28
2022-10-14,15.82,15.74,16.09,15.26,549757.49
2022-10-17,15.47,15.59,15.72,14.98,295954.98
2022-10-18,15.58,15.63,15.94,15.37,314518.33
2022-10-19,15.58,15.18,15.84,15.15,313752.01
2022-10-20,15.13,15.14,15.4,14.98,254007.03
2022-10-21,15.16,14.79,15.23,14.64,251860.62
2022-10-24,14.88,14.66,15.29,14.5,282383.94
2022-10-25,14.29,13.2,14.35,13.19,984207.51
2022-10-26,13.34,13.06,13.38,12.91,792015.42
2022-10-27,13.03,13.19,13.81,12.99,539204.77
2022-10-28,12.83,12.51,13.21,12.48,456822.92
2022-10-31,12.54,11.99,12.63,11.83,605743.16
2022-11-01,12.1,12.31,12.31,11.67,468345.37
2022-11-02,12.31,12.64,12.86,12.1,606625.6
2022-11-03,12.54,12.52,12.86,12.41,416487.48
2022-11-04,12.61,13.42,13.55,12.61,741852.36
2022-11-07,13.42,13.69,13.95,13.32,597426.06
2022-11-08,13.7,13.4,13.74,13.26,366053.68
2022-11-09,13.4,13.19,13.56,13.16,270101.43
2022-11-10,13.04,12.98,13.15,12.89,315357.34
2022-11-11,13.42,13.62,13.74,13.25,529861.05
2022-11-14,13.79,13.3,14.28,13.14,756293.47
2022-11-15,13.42,13.68,13.79,13.27,380573.6
2022-11-16,13.69,13.42,13.75,13.38,314269.3
2022-11-17,13.29,13.13,13.31,12.95,303159.21
2022-11-18,13.21,13.08,13.4,12.88,261847.66
2022-11-21,12.94,13.12,13.18,12.77,231598.0
2022-11-22,13.16,12.84,13.22,12.8,231087.71
2022-11-23,12.81,13.12,13.25,12.74,258567.2
2022-11-24,13.17,13.34,13.38,13.05,256785.53
2022-11-25,13.39,13.38,13.48,13.19,240884.5
2022-11-28,13.19,12.8,13.19,12.51,436333.02
2022-11-29,12.85,13.09,13.24,12.83,381436.88
2022-11-30,13.34,13.01,13.5,12.81,541788.69
2022-12-01,13.03,13.51,13.66,13.03,733722.89
2022-12-02,13.56,13.89,14.1,13.43,735277.78
2022-12-05,14.17,13.85,14.22,13.76,561454.44
2022-12-06,13.78,13.82,13.86,13.51,378483.23
2022-12-07,13.74,13.54,13.91,13.49,439364.82
2022-12-08,13.64,13.6,13.88,13.46,358122.68
2022-12-09,13.65,14.44,14.53,13.49,616509.69
2022-12-12,14.44,14.26,14.83,14.24,767865.4
2022-12-13,14.24,14.26,14.37,14.01,501448.8
2022-12-14,14.1,14.22,14.34,13.92,716257.55
2022-12-15,14.15,14.28,14.5,14.01,549800.63
2022-12-16,14.1,14.14,14.21,13.94,414964.54
2022-12-19,14.1,13.77,14.21,13.65,628752.51
2022-12-20,13.77,13.85,13.88,13.3,446479.54
2022-12-21,13.74,14.46,14.54,13.54,1078850.39
2022-12-22,14.45,13.07,14.5,13.01,909359.02
2022-12-23,12.74,12.55,13.06,12.34,456778.53
2022-12-26,12.44,13.01,13.06,12.36,384654.87
2022-12-27,12.99,13.1,13.3,12.83,307434.09
2022-12-28,13.09,12.95,13.15,12.75,272045.23
2022-12-29,12.89,12.94,13.24,12.85,207666.79
2022-12-30,12.96,12.77,13.07,12.75,214492.0
2023-01-03,12.69,12.86,12.96,12.54,249000.61
2023-01-04,12.86,12.67,12.93,12.6,190725.04
2023-01-05,12.7,12.95,13.27,12.55,377565.41
2023-01-06,13.3,14.24,14.24,13.3,572436.04
2023-01-09,14.68,14.5,15.09,14.43,1362876.0
2023-01-10,14.64,14.16,14.68,14.06,522217.45
2023-01-11,14.21,14.28,14.52,14.12,428026.95
2023-01-12,14.28,14.06,14.62,14.02,362151.75
2023-01-13,14.1,13.96,14.23,13.7,365599.14
2023-01-16,13.93,14.39,14.5,13.8,422131.0
2023-01-17,14.35,14.42,14.75,14.3,486326.29
2023-01-18,14.41,14.46,14.58,14.25,309366.33
2023-01-19,14.36,14.37,14.44,14.17,236351.22
2023-01-20,14.28,14.38,14.4,13.94,557224.6
2023-01-30,14.51,14.53,14.8,14.47,573029.32
2023-01-31,14.06,15.3,15.41,13.91,1056674.59
2023-02-01,15.3,15.68,15.87,15.12,852107.44
2023-02-02,15.64,15.51,15.7,15.34,423113.44
2023-02-03,15.38,15.18,15.47,14.96,376161.13
2023-02-06,15.04,15.25,15.45,14.88,409642.58
2023-02-07,15.26,15.11,15.44,14.97,253642.21
2023-02-08,15.17,15.18,15.28,15.02,206115.35
2023-02-09,15.07,15.43,15.74,15.03,480952.53
2023-02-10,15.38,15.41,15.68,15.28,310159.19
2023-02-13,15.37,15.37,15.47,15.12,228990.9
2023-02-14,15.37,15.65,15.87,15.29,495755.49
2023-02-15,15.76,15.45,15.95,15.37,391410.53
2023-02-16,15.45,14.95,15.51,14.78,406382.08
2023-02-17,14.9,14.96,15.16,14.88,206306.41
2023-02-20,14.94,15.45,15.63,14.72,364385.86
2023-02-21,15.45,15.57,15.65,15.3,241587.49
2023-02-22,15.52,15.38,15.76,15.29,210557.81
2023-02-23,15.39,15.7,15.77,15.36,391091.58
2023-02-24,15.72,15.33,15.76,15.25,250956.28
2023-02-27,15.2,15.34,15.75,15.16,296912.64
2023-02-28,15.32,15.21,15.38,15.01,301140.99
2023-03-01,15.16,15.08,15.17,14.83,375269.87
2023-03-02,15.07,14.95,15.16,14.87,235828.18
2023-03-03,14.95,14.84,15.04,14.78,251654.57
2023-03-06,14.81,14.84,14.91,14.74,242613.21
2023-03-07,14.82,14.61,14.88,14.44,276848.54
2023-03-08,14.61,14.51,14.73,14.47,116224.96
2023-03-09,14.53,14.62,14.7,14.45,131906.21
2023-03-10,14.57,14.16,14.57,14.04,305473.85
2023-03-13,14.06,14.08,14.3,13.91,160103.23
2023-03-14,13.91,13.73,14.02,13.53,312860.13
2023-03-15,13.75,14.05,14.16,13.75,294921.83
2023-03-16,13.99,13.4,14.15,13.32,340804.83
2023-03-17,13.5,13.23,13.58,13.12,239894.36
2023-03-20,13.24,13.05,13.4,12.97,299938.33
2023-03-21,13.05,13.21,13.24,13.01,166661.2
2023-03-22,13.24,13.21,13.5,13.1,174994.22
2023-03-23,13.19,13.07,13.23,12.99,181954.13
2023-03-24,13.1,13.21,13.38,12.96,241485.03
2023-03-27,13.21,13.44,13.47,13.12,258597.07
2023-03-28,14.3,13.77,14.77,13.64,612343.97
2023-03-29,13.7,13.44,13.71,13.37,239437.95
2023-03-30,13.49,13.36,13.49,13.14,198789.31
2023-03-31,13.36,13.34,13.56,13.29,173834.72
2023-04-03,13.4,13.19,13.41,13.01,285695.1
2023-04-04,13.13,12.91,13.13,12.78,298342.84
2023-04-06,12.86,12.87,12.97,12.73,200393.01
2023-04-07,12.84,12.93,13.0,12.82,179269.48
2023-04-10,12.91,12.87,13.06,12.85,164187.98
2023-04-11,12.87,13.01,13.02,12.8,187762.81
2023-04-12,13.01,12.83,13.05,12.79,184873.27
2023-04-13,12.86,12.63,12.87,12.58,242225.49
2023-04-14,12.65,12.6,12.79,12.59,165961.49
2023-04-17,12.61,12.91,12.93,12.61,246653.17
2023-04-18,12.89,12.86,12.99,12.78,161500.24
2023-04-19,12.86,12.54,12.9,12.46,276621.94
2023-04-20,12.49,12.2,12.53,12.14,273829.22
2023-04-21,12.57,12.43,12.78,12.4,379773.69
2023-04-24,12.38,12.13,12.46,12.0,248972.13
2023-04-25,12.12,12.1,12.29,11.93,184141.15
2023-04-26,12.1,12.45,12.6,12.01,274578.98
2023-04-27,12.46,12.47,12.59,12.23,182973.23
2023-04-28,12.42,12.41,12.51,12.32,159245.17
2023-05-04,12.44,12.29,12.54,12.18,488527.66
2023-05-05,12.2,12.18,12.33,11.96,374518.28
2023-05-08,12.18,12.2,12.29,11.98,371012.27
2023-05-09,12.14,12.06,12.33,12.03,301077.58
2023-05-10,11.96,12.16,12.32,11.93,194199.3
2023-05-11,12.22,12.14,12.24,12.08,118107.46
2023-05-12,12.13,11.56,12.15,11.52,465517.64
2023-05-15,11.56,11.77,12.0,11.49,311982.0
2023-05-16,11.78,11.65,11.79,11.59,191673.42
2023-05-17,11.57,11.63,11.65,11.48,142687.97
2023-05-18,11.65,11.36,11.68,11.32,244085.63
2023-05-19,11.35,11.31,11.4,11.22,143260.78
2023-05-22,11.43,11.54,11.7,11.39,239978.67
2023-05-23,11.53,11.61,11.88,11.46,331578.07
2023-05-24,11.54,11.7,11.82,11.4,261996.5
2023-05-25,11.64,11.73,11.9,11.58,238714.2
2023-05-26,11.68,11.49,11.71,11.41,167264.99
2023-05-29,11.55,11.17,11.59,11.04,338413.54
2023-05-30,11.16,11.2,11.3,11.01,239942.46
2023-05-31,11.17,11.5,11.5,11.08,255899.48
2023-06-01,11.42,11.23,11.42,11.17,258297.01
2023-06-02,11.25,11.54,11.64,11.23,327870.09
2023-06-05,11.55,11.51,11.62,11.42,146941.29
2023-06-06,11.5,11.35,11.55,11.31,141680.76
2023-06-07,11.34,11.03,11.4,10.93,266423.06
2023-06-08,11.03,11.06,11.17,10.93,170744.49
2023-06-09,11.02,11.05,11.12,10.79,306662.23
2023-06-12,10.9,11.2,11.32,10.86,293989.18
2023-06-13,11.22,11.13,11.29,11.09,130148.22
2023-06-14,11.16,11.21,11.4,11.13,236998.5
2023-06-15,11.41,11.66,11.78,11.24,437674.61
2023-06-16,11.64,11.71,11.81,11.54,231440.17
2023-06-19,11.69,11.5,11.73,11.45,202377.12
2023-06-20,11.49,11.32,11.54,11.27,204024.86
2023-06-21,11.27,11.17,11.45,11.15,157546.57
2023-06-26,11.05,11.23,11.39,10.99,202050.35
2023-06-27,11.23,11.39,11.49,11.16,194153.85
2023-06-28,11.35,11.39,11.49,11.28,138706.0
2023-06-29,11.39,11.38,11.58,11.35,181576.07
2023-06-30,11.36,11.68,11.8,11.32,368345.38
2023-07-03,11.67,11.81,11.95,11.66,245448.16
2023-07-04,11.82,11.83,11.91,11.74,180413.17
2023-07-05,11.86,11.78,11.91,11.72,131804.68
2023-07-06,11.82,11.71,11.83,11.59,138100.59
2023-07-07,11.73,11.65,11.74,11.58,105102.88
2023-07-10,11.65,11.81,11.93,11.65,199008.25
2023-07-11,11.8,11.86,11.89,11.71,115375.3
2023-07-12,11.88,11.89,12.02,11.79,182900.8
2023-07-13,11.96,11.92,12.05,11.83,171898.79
2023-07-14,11.91,11.81,11.93,11.78,125513.99
2023-07-17,11.79,11.75,11.8,11.67,103001.78
2023-07-18,11.77,11.81,11.84,11.58,173193.99
2023-07-19,11.76,11.76,11.8,11.61,141402.27
2023-07-20,11.78,11.65,11.88,11.62,144640.36
2023-07-21,11.62,11.62,11.78,11.51,146506.58
2023-07-24,11.61,11.44,11.62,11.38,169595.94
2023-07-25,11.56,11.91,11.94,11.55,354472.7
2023-07-26,11.93,11.9,11.96,11.8,142538.89
2023-07-27,11.91,11.91,12.13,11.86,207703.28
2023-07-28,11.86,12.01,12.04,11.75,182417.62
2023-07-31,12.06,12.41,12.49,12.05,431182.84
2023-08-01,12.36,12.59,12.75,12.3,423248.96
2023-08-02,12.54,12.57,12.67,12.5,178414.07
2023-08-03,12.56,12.69,12.72,12.49,217865.42
2023-08-04,12.7,12.75,12.86,12.65,291492.74
2023-08-07,12.69,12.56,12.74,12.48,239023.11
2023-08-08,12.57,12.57,12.63,12.4,172206.02
2023-08-09,12.57,12.47,12.57,12.41,111402.01
2023-08-10,12.45,12.58,12.61,12.43,150773.64
2023-08-11,12.69,12.23,12.69,12.22,238360.94
2023-08-14,12.17,12.03,12.17,11.83,206504.56
2023-08-15,12.08,11.95,12.1,11.72,201829.18
2023-08-16,11.91,11.76,11.95,11.74,125005.82
2023-08-17,11.58,11.72,11.79,11.47,233339.26
2023-08-18,11.72,11.47,11.79,11.46,139004.8
2023-08-21,11.46,11.26,11.53,11.26,162571.44
2023-08-22,11.29,11.26,11.4,11.05,231288.96
2023-08-23,11.26,11.16,11.31,11.05,149350.78
2023-08-24,11.15,11.17,11.25,11.04,145616.55
2023-08-25,11.09,11.22,11.32,11.09,171669.1
2023-08-28,11.81,11.23,11.81,11.19,225274.45
2023-08-29,11.17,11.34,11.36,11.13,211285.88
2023-08-30,11.34,11.37,11.48,11.33,177144.1
2023-08-31,11.36,11.37,11.41,11.27,145519.39
2023-09-01,11.37,11.41,11.45,11.33,110895.94
2023-09-04,11.46,11.76,11.81,11.42,272142.97
2023-09-05,11.73,11.64,11.75,11.56,118135.14
2023-09-06,11.62,11.65,11.7,11.53,85693.46
2023-09-07,11.66,11.56,11.67,11.51,138507.23
2023-09-08,11.52,11.53,11.54,11.48,86360.91
2023-09-11,11.54,11.63,11.69,11.46,145228.16
2023-09-12,11.63,11.73,11.77,11.57,121227.99
2023-09-13,11.68,11.69,11.79,11.62,110896.44
2023-09-14,11.71,11.61,11.73,11.53,129003.02
2023-09-15,11.62,11.53,11.68,11.48,129794.51
2023-09-18,11.48,11.51,11.65,11.4,158322.89
2023-09-19,11.49,11.53,11.55,11.43,118904.03
2023-09-20,11.54,11.51,11.57,11.44,106115.84
2023-09-21,11.47,11.33,11.54,11.31,143962.01
2023-09-22,11.29,11.42,11.44,11.23,160091.54
2023-09-25,11.4,11.41,11.47,11.34,127136.06
2023-09-26,11.44,11.37,11.54,11.37,130064.47
2023-09-27,11.36,11.43,11.71,11.36,236683.25
2023-09-28,12.16,11.41,12.18,11.34,700260.94
2023-10-09,11.26,11.07,11.31,11.0,405053.94
2023-10-10,11.07,11.0,11.3,10.98,257108.44
2023-10-11,11.03,10.83,11.03,10.79,289428.08
2023-10-12,10.83,11.04,11.1,10.83,309950.13
2023-10-13,10.98,10.85,10.98,10.8,193479.08
2023-10-16,10.81,10.76,10.91,10.7,142803.01
2023-10-17,10.7,10.67,10.76,10.62,153268.95
2023-10-18,10.65,10.5,10.69,10.49,142554.91
2023-10-19,10.43,10.34,10.46,10.29,157581.8
2023-10-20,10.3,10.37,10.45,10.2,145073.17
2023-10-23,10.33,10.08,10.33,10.04,169126.0
2023-10-24,10.14,10.13,10.26,10.01,191639.44
2023-10-25,10.19,10.18,10.29,10.13,147306.08
2023-10-26,10.08,10.23,10.25,10.04,167450.53
2023-10-27,10.17,10.44,10.48,10.17,225138.04
2023-10-30,10.48,10.47,10.58,10.43,197519.3
2023-10-31,10.48,10.51,10.52,10.38,178010.67
2023-11-01,10.51,10.49,10.56,10.43,129126.24
2023-11-02,10.47,10.34,10.51,10.32,126476.0
2023-11-03,10.34,10.41,10.45,10.32,112016.57
2023-11-06,10.43,10.49,10.6,10.43,186972.47
2023-11-07,10.49,10.5,10.51,10.31,154932.88
2023-11-08,10.51,10.45,10.52,10.38,144027.0
2023-11-09,10.42,10.5,10.54,10.39,160731.74
2023-11-10,10.48,10.39,10.48,10.34,116453.14
2023-11-13,10.42,10.43,10.47,10.36,110414.93
2023-11-14,10.46,10.41,10.5,10.37,114602.35
2023-11-15,10.51,10.51,10.54,10.46,158437.1
2023-11-16,10.51,10.33,10.52,10.33,167511.0
2023-11-17,10.31,10.3,10.36,10.23,127955.68
2023-11-20,10.29,10.33,10.34,10.12,169924.08
2023-11-21,10.35,10.35,10.45,10.34,170884.65
2023-11-22,10.34,10.16,10.37,10.16,149539.89
2023-11-23,10.15,10.21,10.23,10.13,105674.23
2023-11-24,10.23,10.14,10.23,10.11,99961.57
2023-11-27,10.15,10.02,10.15,9.95,150325.46
2023-11-28,10.03,10.08,10.11,9.94,110303.43
2023-11-29,10.1,10.0,10.11,9.98,91637.49
2023-11-30,10.01,10.0,10.01,9.9,110413.82
2023-12-01,9.97,9.86,9.97,9.81,175844.39
2023-12-04,9.83,9.73,9.89,9.7,155456.87
2023-12-05,9.73,9.6,9.78,9.59,143005.01
2023-12-06,9.6,9.6,9.72,9.5,132094.25
2023-12-07,9.57,9.47,9.6,9.35,190366.0
2023-12-08,9.48,9.39,9.57,9.36,158939.74
2023-12-11,9.37,9.17,9.37,9.09,320341.84
2023-12-12,9.17,8.94,9.19,8.76,441684.76
2023-12-13,8.89,8.71,8.89,8.71,258924.84
2023-12-14,8.73,8.64,8.8,8.62,177363.7
2023-12-15,8.63,8.73,8.87,8.61,230025.06
2023-12-18,8.71,8.65,8.72,8.57,115753.05
2023-12-19,8.63,8.63,8.7,8.57,118647.4
2023-12-20,8.66,8.56,8.71,8.55,129879.41
2023-12-21,8.48,8.67,8.73,8.42,180817.14
2023-12-22,8.65,8.65,8.79,8.55,223073.33
2023-12-25,8.67,8.89,8.9,8.64,252337.45
2023-12-26,8.88,9.25,9.31,8.77,447527.42
2023-12-27,9.19,9.25,9.3,9.13,308418.85
2023-12-28,9.25,9.53,9.54,9.2,311650.65
2023-12-29,9.49,9.49,9.52,9.3,290879.69
2024-01-02,9.44,9.45,9.54,9.34,192553.78
2024-01-03,9.45,9.51,9.54,9.42,133149.24
2024-01-04,9.48,9.42,9.52,9.34,168148.99
2024-01-05,9.4,9.31,9.5,9.27,130380.87
2024-01-08,9.27,9.23,9.36,9.16,146234.49
2024-01-09,9.21,9.19,9.34,9.08,124481.59
2024-01-10,9.16,9.29,9.36,9.15,143512.28
2024-01-11,9.26,9.3,9.39,9.19,145565.07
2024-01-12,9.3,9.51,9.74,9.25,391444.0
2024-01-15,9.34,9.44,9.47,9.17,284042.93
2024-01-16,9.39,9.53,9.53,9.37,175784.17
2024-01-17,9.49,9.47,9.59,9.41,203718.93
2024-01-18,9.4,9.69,9.71,9.36,313283.1
2024-01-19,9.67,9.7,9.74,9.58,210617.14
2024-01-22,9.65,9.44,9.7,9.32,287630.12
2024-01-23,9.39,9.56,9.66,9.26,179182.95
2024-01-24,9.6,9.7,9.71,9.47,284652.82
2024-01-25,9.67,9.73,9.76,9.61,197763.06
2024-01-26,9.7,9.93,9.99,9.66,249692.71
2024-01-29,9.9,9.86,9.94,9.78,170344.26
2024-01-30,9.79,9.88,9.91,9.7,195060.78
2024-01-31,9.78,9.77,9.9,9.66,229607.19
2024-02-01,9.67,9.66,9.86,9.51,226528.16
2024-02-02,9.64,9.51,9.69,9.26,267983.51
2024-02-05,9.32,9.48,9.64,9.07,277134.34
2024-02-06,9.4,10.03,10.05,9.38,297091.04
2024-02-07,10.03,10.15,10.22,9.89,259785.19
2024-02-08,10.16,10.34,10.43,10.12,240133.86
2024-02-19,10.41,10.57,10.59,10.25,261621.38
2024-02-20,10.52,10.68,10.7,10.44,212894.44
2024-02-21,10.65,10.95,11.16,10.58,321589.91
2024-02-22,11.04,10.84,11.12,10.72,210265.37
2024-02-23,10.84,10.58,10.95,10.53,253821.91
2024-02-26,10.58,10.57,10.74,10.55,162182.25
2024-02-27,10.54,10.55,10.64,10.46,234332.16
2024-02-28,10.52,10.38,10.77,10.38,224290.23
2024-02-29,10.34,10.38,10.48,10.28,253351.11
2024-03-01,10.41,10.27,10.46,10.21,218459.82
2024-03-04,10.27,10.14,10.35,10.1,164348.19
2024-03-05,10.14,10.26,10.3,10.09,195281.59
2024-03-06,10.27,10.38,10.51,10.25,237454.92
2024-03-07,10.41,10.31,10.46,10.26,134277.1
2024-03-08,10.31,10.47,10.55,10.29,169717.31
2024-03-11,10.5,10.56,10.64,10.34,203080.37
2024-03-12,10.58,10.49,10.6,10.44,130715.75
2024-03-13,10.48,10.28,10.49,10.28,139863.28
2024-03-14,10.3,10.22,10.48,10.17,156331.65
2024-03-15,10.2,10.31,10.32,10.03,146161.41
2024-03-18,10.3,10.33,10.36,10.21,117931.24
2024-03-19,10.33,10.42,10.49,10.28,171513.8
2024-03-20,10.46,10.36,10.47,10.28,106721.08
2024-03-21,10.35,10.22,10.37,10.19,110334.1
2024-03-22,10.16,9.94,10.22,9.91,157638.38
2024-03-25,9.94,9.8,10.05,9.79,138709.0
2024-03-26,9.81,9.93,9.93,9.75,111481.92
2024-03-27,9.87,9.71,9.91,9.71,85561.23
2024-03-28,9.69,9.8,9.88,9.68,104774.24
2024-03-29,9.8,9.96,10.04,9.76,118950.62
2024-04-01,9.99,10.04,10.14,9.98,159782.34
2024-04-02,10.06,10.27,10.3,10.03,188069.51
2024-04-03,10.25,10.38,10.48,10.22,203343.32
2024-04-08,10.4,10.3,10.53,10.29,178952.82
2024-04-09,10.25,10.41,10.45,10.25,116847.52
2024-04-10,10.43,10.42,10.5,10.37,136308.92
2024-04-11,10.34,10.32,10.46,10.24,116315.01
2024-04-12,10.3,10.2,10.35,10.18,124505.23
2024-04-15,10.21,10.22,10.35,10.09,153442.77
2024-04-16,10.22,10.01,10.27,9.97,142727.73
2024-04-17,10.01,10.33,10.33,10.0,141972.75
2024-04-18,10.36,10.29,10.42,10.24,118817.0
2024-04-19,10.24,10.26,10.35,10.21,115950.76
2024-04-22,10.23,10.25,10.42,10.23,136319.26
2024-04-23,10.31,9.85,10.38,9.82,197590.7
2024-04-24,9.83,10.04,10.06,9.66,140687.03
2024-04-25,9.97,9.98,10.18,9.95,126316.74
2024-04-26,9.89,9.77,9.97,9.48,268400.23
2024-04-29,9.74,10.24,10.29,9.71,287281.65
2024-04-30,10.12,9.8,10.17,9.78,231471.8
2024-05-06,9.9,10.03,10.13,9.82,256118.99
2024-05-07,10.03,9.99,10.06,9.89,152323.09
2024-05-08,9.96,9.81,10.01,9.78,136071.29
2024-05-09,9.78,9.91,10.01,9.78,149836.34
2024-05-10,9.93,9.87,9.96,9.75,136556.71
2024-05-13,9.81,9.77,9.84,9.68,111411.0
2024-05-14,9.76,9.66,9.81,9.65,137503.14
2024-05-15,9.69,9.62,9.72,9.54,115318.33
2024-05-16,9.6,9.55,9.66,9.54,101553.0
2024-05-17,9.54,9.67,9.67,9.49,112078.38
2024-05-20,9.67,9.61,9.82,9.58,148116.65
2024-05-21,9.59,9.39,9.59,9.35,159331.06
2024-05-22,9.39,9.5,9.53,9.35,126403.41
2024-05-23,9.49,9.27,9.5,9.24,129150.03
2024-05-24,9.2,9.14,9.28,9.09,109802.0
2024-05-27,9.18,9.03,9.18,8.89,149035.61
2024-05-28,8.95,8.87,9.04,8.86,103613.03
2024-05-29,8.84,8.95,9.06,8.84,102392.75
2024-05-30,8.95,8.94,9.04,8.9,86694.03
2024-05-31,8.95,8.83,8.97,8.83,121725.4
2024-06-03,8.8,8.67,8.84,8.58,147544.89
2024-06-04,8.64,8.75,8.76,8.52,120284.54
2024-06-05,8.73,8.59,8.75,8.58,96878.68
2024-06-06,8.59,8.45,8.67,8.38,132724.81
2024-06-07,8.51,8.44,8.59,8.4,132095.9
2024-06-11,8.42,8.45,8.48,8.33,97428.24
2024-06-12,8.46,8.54,8.56,8.45,94495.87
2024-06-13,8.55,8.4,8.59,8.38,88382.78
2024-06-14,8.38,8.32,8.38,8.18,133521.87
2024-06-17,8.25,8.15,8.28,8.13,113867.72
2024-06-18,8.11,8.22,8.26,8.11,84794.01
2024-06-19,8.22,8.12,8.26,8.1,77697.08
2024-06-20,8.12,8.0,8.18,8.0,87774.71
2024-06-21,8.0,8.02,8.06,7.93,82546.57
2024-06-24,7.99,7.88,8.0,7.78,110948.98
2024-06-25,7.88,7.93,8.02,7.82,93647.19
2024-06-26,7.93,8.12,8.12,7.8,114408.98
2024-06-27,8.1,7.95,8.15,7.93,88614.0
2024-06-28,7.98,7.97,8.07,7.93,66839.05
2024-07-01,7.86,7.94,7.99,7.67,125133.88
2024-07-02,7.95,7.96,8.06,7.93,96429.12
2024-07-03,7.96,7.94,8.02,7.91,60926.21
2024-07-04,7.96,7.82,7.98,7.8,64754.0
2024-07-05,7.8,7.85,7.87,7.77,65391.83
2024-07-08,7.85,7.61,7.86,7.57,97092.01
2024-07-09,7.58,7.58,7.65,7.4,106299.49
2024-07-10,7.56,7.59,7.74,7.5,83107.75
2024-07-11,7.65,7.96,7.98,7.63,171853.26
2024-07-12,7.97,8.02,8.12,7.96,96082.59
2024-07-15,8.03,7.94,8.06,7.93,74293.0
2024-07-16,7.92,7.95,7.98,7.88,72574.69
2024-07-17,8.03,8.09,8.15,7.94,169703.2
2024-07-18,8.03,8.15,8.19,7.98,130409.77
2024-07-19,8.13,8.25,8.26,8.04,118963.8
2024-07-22,8.25,8.1,8.28,8.06,94131.17
2024-07-23,8.07,7.91,8.16,7.91,78959.0
2024-07-24,7.91,7.74,7.93,7.71,84603.08
2024-07-25,7.71,7.98,8.07,7.69,98542.62
2024-07-26,7.99,8.0,8.04,7.95,68708.1
2024-07-29,7.99,7.88,8.03,7.87,54532.05
2024-07-30,7.87,7.8,7.88,7.76,70875.07
2024-07-31,7.78,7.93,7.95,7.74,136118.55
2024-08-01,7.95,7.84,8.01,7.82,92856.77
2024-08-02,7.8,7.79,7.89,7.75,70154.33
2024-08-05,7.75,7.72,7.93,7.7,98186.62
2024-08-06,7.79,7.83,7.96,7.76,94160.82
2024-08-07,7.82,7.77,7.83,7.71,56008.61
2024-08-08,7.77,7.79,7.84,7.72,59141.85
2024-08-09,7.8,7.67,7.84,7.67,59624.0
2024-08-12,7.69,7.63,7.69,7.6,43266.78
2024-08-13,7.6,7.64,7.7,7.5,65085.0
2024-08-14,7.66,7.5,7.67,7.5,56141.22
2024-08-15,7.49,7.55,7.61,7.43,61190.2
2024-08-16,7.56,7.48,7.61,7.48,58135.5
2024-08-19,7.49,7.56,7.61,7.48,55306.66
2024-08-20,7.56,7.48,7.6,7.45,61949.75
2024-08-21,7.44,7.35,7.48,7.32,80493.53
2024-08-22,7.35,7.33,7.38,7.3,62278.92
2024-08-23,7.31,7.38,7.42,7.28,53456.57
2024-08-26,7.43,7.6,7.63,7.39,92854.0
2024-08-27,7.55,7.6,7.64,7.52,68967.0
2024-08-28,7.55,7.73,7.75,7.54,78555.21
2024-08-29,7.7,7.75,7.84,7.66,70201.37
2024-08-30,7.76,7.79,7.92,7.76,112638.23
2024-09-02,7.76,7.72,7.91,7.72,82350.2
2024-09-03,7.73,7.79,7.9,7.63,96103.85
2024-09-04,7.8,7.82,7.97,7.76,71783.85
2024-09-05,7.78,7.82,7.88,7.77,55816.09
2024-09-06,7.81,7.67,7.83,7.64,52722.0
2024-09-09,7.61,7.55,7.7,7.52,70689.85
2024-09-10,7.55,7.35,7.6,7.31,83337.51
2024-09-11,7.34,7.21,7.34,7.11,107652.14
2024-09-12,7.2,7.27,7.45,7.2,70109.56
2024-09-13,7.27,7.14,7.29,7.14,53786.75
2024-09-18,7.11,6.99,7.14,6.93,76771.18
2024-09-19,7.03,7.18,7.29,6.98,102777.91
2024-09-20,7.16,7.14,7.18,7.02,106451.39
2024-09-23,7.13,7.15,7.2,7.08,51669.69
2024-09-24,7.19,7.64,7.64,7.18,217734.93
2024-09-25,7.72,7.86,7.96,7.72,186652.27
2024-09-26,7.86,8.23,8.24,7.84,194403.39
2024-09-27,8.35,8.55,8.74,8.34,276759.13
2024-09-30,8.83,9.28,9.3,8.76,465484.96
2024-10-08,10.2,9.52,10.21,9.23,630432.53
2024-10-09,9.35,8.57,9.35,8.57,438386.07
2024-10-10,8.49,8.47,8.82,8.39,275631.25
2024-10-11,8.45,8.25,8.49,8.18,212059.47
2024-10-14,8.25,8.25,8.35,8.14,172089.19
2024-10-15,8.33,8.04,8.33,8.04,173944.41
2024-10-16,8.0,8.0,8.1,7.92,166368.47
2024-10-17,8.06,7.87,8.12,7.87,154760.21
2024-10-18,7.89,8.17,8.31,7.84,244385.04
2024-10-21,8.25,8.07,8.28,8.01,243294.6
2024-10-22,8.08,8.22,8.26,8.03,196550.95
2024-10-23,8.22,8.42,8.48,8.19,271821.3
2024-10-24,8.4,8.22,8.4,8.22,150085.15
2024-10-25,8.27,8.53,8.61,8.21,299353.45
2024-10-28,8.53,8.58,8.59,8.41,174181.83
2024-10-29,8.62,8.41,8.7,8.39,212459.4
2024-10-30,8.34,8.36,8.48,8.28,150173.45
2024-10-31,8.11,7.91,8.24,7.87,457995.6
2024-11-01,7.91,7.94,8.13,7.89,281519.0
2024-11-04,8.02,8.07,8.12,7.96,168299.65
2024-11-05,8.07,8.2,8.22,8.05,254316.88
2024-11-06,8.2,8.47,8.54,8.16,404921.0
2024-11-07,8.45,8.58,8.59,8.27,291842.63
2024-11-08,8.69,8.48,8.72,8.42,267471.87
2024-11-11,8.41,8.55,8.59,8.34,255201.58
2024-11-12,8.8,8.76,9.04,8.67,612237.13
2024-11-13,8.8,8.85,9.19,8.71,462486.25
2024-11-14,9.74,9.74,9.74,9.37,653592.26
2024-11-15,9.85,9.96,10.47,9.42,1481346.2
2024-11-18,9.96,8.99,9.96,8.96,938603.05
2024-11-19,8.71,8.99,9.08,8.71,545093.33
2024-11-20,8.92,9.16,9.33,8.88,506275.86
2024-11-21,9.16,9.0,9.28,8.92,382025.75
2024-11-22,8.92,8.77,9.03,8.76,340458.33
2024-11-25,8.76,8.82,8.97,8.71,334626.35
2024-11-26,8.79,9.0,9.04,8.7,369506.15
2024-11-27,8.91,9.29,9.3,8.87,427049.41
2024-11-28,9.3,9.36,9.73,9.28,549341.87
2024-11-29,9.26,9.54,9.68,9.25,442222.12
2024-12-02,9.45,9.49,9.64,9.3,337060.01
2024-12-03,9.48,9.45,9.57,9.3,239074.63
2024-12-04,9.45,9.29,9.47,9.24,207463.83
2024-12-05,9.25,9.37,9.38,9.21,187908.64
2024-12-06,9.37,9.45,9.46,9.3,167905.77
2024-12-09,9.49,9.46,9.62,9.4,232224.21
2024-12-10,9.65,9.44,9.75,9.41,276377.89
2024-12-11,9.4,9.52,9.53,9.35,175172.99
2024-12-12,9.52,9.52,9.67,9.45,193254.11
2024-12-13,9.48,9.26,9.48,9.21,231508.14
2024-12-16,9.21,9.14,9.28,9.07,133101.72
2024-12-17,9.08,8.93,9.14,8.92,146277.0
2024-12-18,8.95,8.75,9.0,8.72,184635.22
2024-12-19,8.74,8.67,8.74,8.55,141896.2
2024-12-20,8.66,8.55,8.72,8.53,161557.94
2024-12-23,8.56,8.43,8.65,8.42,122811.53
2024-12-24,8.44,8.57,8.57,8.41,106098.0
2024-12-25,8.57,8.43,8.59,8.39,87595.0
2024-12-26,8.44,8.35,8.47,8.33,92899.42
2024-12-27,8.35,8.47,8.52,8.35,98622.19
2024-12-30,8.46,8.37,8.5,8.27,116725.0
2024-12-31,8.36,8.21,8.41,8.2,127860.71
2025-01-02,8.22,8.0,8.24,7.95,154672.88
2025-01-03,8.0,8.26,8.42,8.0,284098.61
2025-01-06,8.22,8.43,8.55,8.22,192196.59
2025-01-07,8.43,8.6,8.62,8.33,172998.4
2025-01-08,8.52,8.58,8.69,8.42,141978.56
2025-01-09,8.55,8.44,8.69,8.41,101538.0
2025-01-10,8.47,8.26,8.5,8.24,98818.25
2025-01-13,8.22,8.31,8.42,8.21,74996.89
2025-01-14,8.28,8.42,8.42,8.22,147467.51
2025-01-15,8.4,8.29,8.42,8.26,101332.0
2025-01-16,8.29,8.47,8.49,8.21,166180.66
2025-01-17,8.4,8.71,8.8,8.39,209445.0
2025-01-20,8.68,8.65,8.79,8.59,106442.3
2025-01-21,8.65,8.39,8.67,8.37,117453.92
2025-01-22,8.38,8.32,8.4,8.17,104404.25
2025-01-23,8.4,8.39,8.61,8.35,115820.44
2025-01-24,8.38,8.36,8.42,8.33,73797.75
2025-01-27,8.27,8.57,8.67,8.23,232069.15
2025-02-05,8.54,8.62,8.66,8.5,171774.02
2025-02-06,8.54,8.69,8.83,8.53,180233.83
2025-02-07,8.68,8.73,8.84,8.64,258591.26
2025-02-10,8.75,8.74,8.76,8.66,139426.84
2025-02-11,8.76,8.84,8.95,8.71,128398.71
2025-02-12,8.82,8.81,8.92,8.75,104631.34
2025-02-13,8.8,8.77,8.84,8.76,105145.69
2025-02-14,8.8,8.87,8.88,8.75,146335.77
2025-02-17,8.87,9.0,9.02,8.76,182804.92
2025-02-18,8.99,9.16,9.27,8.99,223419.02
2025-02-19,9.13,9.2,9.2,9.1,137657.45
2025-02-20,9.21,9.05,9.21,9.03,115897.6
2025-02-21,9.04,8.88,9.11,8.85,142723.93
2025-02-24,8.87,8.95,9.06,8.81,168748.08
2025-02-25,8.89,9.03,9.06,8.87,130693.74
2025-02-26,9.01,9.14,9.24,9.01,212415.7
2025-02-27,9.18,9.35,9.36,9.12,213067.29
2025-02-28,9.36,9.24,9.39,9.19,181453.5
2025-03-03,9.25,9.27,9.36,9.2,162743.41
2025-03-04,9.2,9.37,9.44,9.14,185582.52
2025-03-05,9.35,9.33,9.44,9.29,109653.98
2025-03-06,9.36,9.57,9.64,9.18,284962.58
2025-03-07,9.56,9.6,9.68,9.52,147385.28
2025-03-10,9.65,9.42,9.68,9.4,104974.39
2025-03-11,9.39,9.52,9.54,9.34,102087.91
2025-03-12,9.48,9.3,9.51,9.28,97355.13
2025-03-13,9.3,9.23,9.34,9.17,91258.75
2025-03-14,9.24,9.13,9.26,9.1,132682.68
2025-03-17,9.17,9.06,9.2,9.05,119138.73
2025-03-18,9.07,9.02,9.15,9.0,94879.0
2025-03-19,9.01,8.88,9.03,8.85,124711.23
2025-03-20,8.88,8.86,8.94,8.82,92462.02
2025-03-21,8.87,8.77,8.93,8.73,117673.8
2025-03-24,8.78,8.73,8.78,8.61,103008.8
2025-03-25,8.73,8.8,8.8,8.58,133441.03
2025-03-26,8.8,8.85,8.91,8.76,126442.77
2025-03-27,8.85,8.81,8.89,8.78,71377.21
2025-03-28,8.78,8.66,8.81,8.63,90499.04
2025-03-31,8.62,8.29,8.67,8.23,225499.07
2025-04-01,8.34,8.22,8.35,8.21,112662.35
2025-04-02,8.23,8.25,8.27,8.16,69333.54
2025-04-03,8.2,8.18,8.28,8.15,77070.13
2025-04-07,7.96,7.47,7.96,7.36,301951.34
2025-04-08,7.48,7.83,7.84,7.44,239387.81
2025-04-09,7.74,8.01,8.08,7.64,196084.02
2025-04-10,8.1,8.01,8.12,7.96,119368.28
2025-04-11,7.96,7.98,8.02,7.93,76914.08
2025-04-14,8.05,7.99,8.1,7.95,85958.64
2025-04-15,7.96,7.89,7.99,7.85,66256.3
2025-04-16,7.82,7.95,8.0,7.72,95813.57
2025-04-17,7.86,8.04,8.08,7.82,91787.0
2025-04-18,8.05,8.09,8.13,8.0,62552.74
2025-04-21,8.07,8.15,8.18,8.03,72854.82
2025-04-22,8.15,8.27,8.32,8.11,118866.49
2025-04-23,8.26,8.42,8.45,8.22,106029.75
2025-04-24,8.43,8.55,8.57,8.41,105602.15
2025-04-25,8.53,8.65,8.7,8.5,126276.39
2025-04-28,8.64,8.61,8.79,8.58,112115.72
2025-04-29,8.6,8.74,8.77,8.56,114658.39
2025-04-30,8.78,8.8,8.95,8.75,145341.06
2025-05-06,8.81,8.93,8.98,8.56,170720.19
2025-05-07,8.97,8.91,8.97,8.85,109528.46
2025-05-08,8.91,9.02,9.11,8.8,147016.75
2025-05-09,9.02,9.03,9.06,8.96,70587.78
2025-05-12,9.07,9.16,9.2,9.03,119680.55
2025-05-13,9.2,9.42,9.5,9.17,197833.06
2025-05-14,9.42,9.37,9.48,9.29,114058.15
2025-05-15,9.35,9.21,9.35,9.16,134800.45
2025-05-16,9.15,9.1,9.24,9.04,112164.81
2025-05-19,9.08,9.29,9.29,9.05,98743.1
2025-05-20,9.27,9.2,9.34,9.18,59905.83
2025-05-21,9.2,9.08,9.32,9.07,94180.92
2025-05-22,9.07,8.93,9.09,8.9,89901.33
2025-05-23,8.92,8.9,9.03,8.88,66383.07
2025-05-26,8.91,8.86,8.96,8.83,64589.3
2025-05-27,8.93,8.71,8.93,8.65,104014.12
2025-05-28,8.71,8.5,8.75,8.44,96675.9
2025-05-29,8.5,8.49,8.53,8.35,88569.84
2025-05-30,8.49,8.5,8.6,8.45,112538.0
2025-06-03,8.45,8.47,8.61,8.4,127749.72
2025-06-04,8.45,8.42,8.5,8.4,75447.0
2025-06-05,8.4,8.42,8.46,8.38,56495.72
2025-06-06,8.43,8.4,8.48,8.39,72749.24
2025-06-09,8.45,8.42,8.46,8.38,93688.95
2025-06-10,8.42,8.28,8.49,8.23,101335.28
2025-06-11,8.28,8.33,8.4,8.26,63959.54
2025-06-12,8.36,8.28,8.44,8.26,82509.17
2025-06-13,8.31,8.23,8.32,8.18,86787.4
2025-06-16,8.23,8.19,8.34,8.16,103805.47
2025-06-17,8.43,8.23,8.51,8.2,186061.58
2025-06-18,8.24,8.21,8.29,8.16,111313.0
2025-06-19,8.17,8.15,8.27,8.12,101886.5
2025-06-20,8.11,8.16,8.18,8.07,122941.02
2025-06-23,8.17,8.31,8.32,8.04,156298.2
2025-06-24,8.29,8.33,8.36,8.17,149660.9
2025-06-25,8.36,8.38,8.49,8.28,166857.17
2025-06-26,8.38,8.35,8.43,8.33,105925.41
2025-06-27,8.36,8.3,8.38,8.3,93814.3
2025-06-30,8.32,8.33,8.35,8.2,118374.4
2025-07-01,8.32,8.5,8.55,8.21,279669.18
2025-07-02,8.51,8.5,8.53,8.41,124847.15
2025-07-03,8.49,8.52,8.54,8.45,80364.38
2025-07-04,8.57,8.39,8.57,8.38,118495.97
2025-07-07,8.37,8.35,8.4,8.32,65880.11
2025-07-08,8.35,8.52,8.54,8.31,153850.66
2025-07-09,8.52,8.48,8.56,8.45,90260.99
2025-07-10,8.47,8.63,8.65,8.45,125224.04
2025-07-11,8.63,8.67,8.75,8.58,115847.54
2025-07-14,8.67,8.64,8.73,8.59,117650.78
2025-07-15,8.64,8.55,8.67,8.49,97554.38
2025-07-16,8.55,8.55,8.6,8.51,57699.45
2025-07-17,8.57,8.58,8.59,8.52,62048.1
2025-07-18,8.6,8.71,8.74,8.58,110211.08
2025-07-21,8.79,9.06,9.1,8.75,219017.44
2025-07-22,9.1,9.27,9.29,8.96,213706.15
2025-07-23,9.3,9.11,9.37,9.1,173209.62
2025-07-24,9.1,9.09,9.18,9.0,174271.67
2025-07-25,9.09,9.11,9.25,9.08,114369.82
2025-07-28,9.07,9.11,9.16,8.91,133972.54
2025-07-29,9.12,9.1,9.15,8.97,92126.5
2025-07-30,9.06,9.23,9.34,9.04,233359.99
2025-07-31,9.19,8.93,9.23,8.88,161625.0
2025-08-01,8.92,8.93,9.04,8.91,85284.3
2025-08-04,8.89,8.83,8.91,8.77,94750.55
2025-08-05,8.88,8.83,8.88,8.81,79204.15
2025-08-06,8.83,8.92,8.95,8.78,104559.0
2025-08-07,8.95,8.89,8.97,8.82,98994.31
2025-08-08,8.9,8.9,8.95,8.83,65760.31
2025-08-11,8.94,8.92,8.98,8.83,84152.65
2025-08-12,8.91,8.82,8.95,8.78,117603.63
2025-08-13,8.82,8.8,8.84,8.75,106620.24
2025-08-14,8.8,8.63,8.8,8.62,119722.0
2025-08-15,8.61,8.92,8.95,8.6,184096.03
2025-08-18,8.95,8.88,9.01,8.85,144595.44
2025-08-19,8.88,8.84,8.93,8.81,102424.21
2025-08-20,8.83,9.26,9.36,8.8,327732.95
2025-08-21,9.3,9.36,9.6,9.28,301191.64
2025-08-22,9.38,9.49,9.55,9.31,225146.23
2025-08-25,9.51,9.61,9.68,9.42,226742.19
2025-08-26,9.61,9.8,9.92,9.51,249501.33
2025-08-27,9.76,9.73,10.14,9.71,305209.77
2025-08-28,9.7,9.81,9.9,9.6,220120.7
2025-08-29,9.83,9.83,9.96,9.8,193942.65
2025-09-01,9.91,9.87,10.19,9.75,283318.05
2025-09-02,9.9,9.88,9.96,9.77,163607.18
2025-09-03,9.86,9.65,9.94,9.6,150875.02
2025-09-04,9.61,9.66,9.76,9.54,186423.1
2025-09-05,9.66,9.96,9.96,9.62,190081.53
2025-09-08,10.01,10.28,10.37,9.97,328263.54
2025-09-09,10.35,10.32,10.68,10.23,331669.54
2025-09-10,10.37,10.0,10.38,9.93,294538.38
2025-09-11,9.97,10.1,10.15,9.96,158675.76
2025-09-12,10.2,10.04,10.23,9.96,122498.85
2025-09-15,10.03,10.01,10.13,9.96,123136.93
2025-09-16,10.04,9.89,10.1,9.78,144368.74
2025-09-17,9.83,9.86,9.94,9.78,99961.79
2025-09-18,9.87,9.65,9.87,9.55,157339.77
2025-09-19,9.6,9.58,9.73,9.55,168117.73
2025-09-22,9.61,9.49,9.66,9.41,91841.69
2025-09-23,9.49,9.3,9.52,9.19,148135.0
2025-09-24,9.27,9.24,9.32,9.19,113253.89
2025-09-25,9.22,9.16,9.27,9.14,111206.72
2025-09-26,9.16,9.33,9.54,9.12,176791.75
2025-09-29,9.33,9.39,9.39,9.17,141877.93
2025-09-30,9.39,9.51,9.54,9.28,139136.79
2025-10-09,9.58,9.87,9.89,9.37,193348.81
2025-10-10,9.78,9.92,10.0,9.75,184564.36
2025-10-13,9.61,9.62,9.75,9.5,155296.32
2025-10-14,9.76,9.53,9.85,9.47,140996.01
2025-10-15,9.53,9.55,9.62,9.45,104558.6
2025-10-16,9.55,9.3,9.59,9.28,138596.51
2025-10-17,9.28,9.04,9.42,9.0,147293.01
2025-10-20,9.11,9.1,9.2,9.02,122252.4
2025-10-21,9.1,9.1,9.15,9.04,110473.07
2025-10-22,9.08,9.13,9.3,9.06,134340.82
2025-10-23,9.12,9.36,9.39,9.05,186787.32
2025-10-24,9.35,9.12,9.42,9.09,163294.0
2025-10-27,9.15,9.11,9.2,9.09,126621.91
2025-10-28,9.1,9.07,9.19,9.04,116504.03
2025-10-29,9.05,9.17,9.22,9.0,139069.16
2025-10-30,9.17,9.21,9.3,9.08,168895.78
2025-10-31,9.17,9.25,9.35,9.15,184368.24
2025-11-03,9.27,9.32,9.39,9.13,195964.18
2025-11-04,9.32,9.13,9.38,9.07,179374.11
2025-11-05,9.1,9.13,9.26,9.04,150974.18
2025-11-06,9.13,9.18,9.3,9.13,208048.7
2025-11-07,9.16,9.46,9.59,9.16,343248.5
2025-11-10,9.51,10.04,10.16,9.51,577369.43
2025-11-11,9.99,10.12,10.13,9.88,330360.13
2025-11-12,10.12,9.94,10.14,9.84,223283.63
2025-11-13,9.94,10.17,10.22,9.94,248771.05
2025-11-14,10.11,10.11,10.33,10.11,226599.78
2025-11-17,10.08,10.3,10.45,9.97,299768.98
2025-11-18,10.27,10.09,10.33,9.93,233963.79
2025-11-19,10.09,10.15,10.22,9.98,160606.54
2025-11-20,10.11,10.06,10.3,10.04,171475.12
2025-11-21,9.87,9.82,10.04,9.8,234905.2
2025-11-24,9.83,9.69,9.9,9.6,196315.3
2025-11-25,9.77,9.65,9.79,9.61,148425.8
2025-11-26,9.65,9.5,9.76,9.49,142442.56
2025-11-27,9.5,9.58,9.7,9.47,120860.01
2025-11-28,9.58,9.61,9.69,9.55,95337.35
2025-12-01,9.65,9.62,9.74,9.61,133016.17
2025-12-02,9.63,9.72,10.06,9.61,275626.66
2025-12-03,9.72,9.63,9.94,9.58,186772.84
2025-12-04,9.59,9.38,9.6,9.31,171110.0
2025-12-05,9.38,9.57,9.6,9.34,120255.2
2025-12-08,9.6,9.48,9.63,9.42,128167.42
2025-12-09,9.48,9.26,9.5,9.18,177544.2
2025-12-10,9.21,9.26,9.3,9.15,90064.02
2025-12-11,9.3,9.15,9.32,9.15,93514.21
2025-12-12,9.19,9.29,9.34,9.12,179368.89
2025-12-15,9.26,9.81,9.9,9.2,346617.73
2025-12-16,9.88,10.06,10.1,9.8,354510.57
2025-12-17,10.02,10.08,10.14,9.87,203459.26
2025-12-18,10.03,9.99,10.25,9.97,241593.44
2025-12-19,10.02,10.07,10.09,9.94,128101.82
2025-12-22,10.14,10.3,10.41,10.08,233489.41
2025-12-23,10.31,10.34,10.47,10.26,196797.31
2025-12-24,10.3,10.44,10.48,10.2,172980.82
2025-12-25,10.44,10.4,10.6,10.38,136447.39
2025-12-26,10.41,10.72,10.77,10.41,296241.81
2025-12-29,10.67,10.99,11.2,10.6,488423.6
2025-12-30,10.92,11.37,11.5,10.87,447308.35
2025-12-31,11.27,10.89,11.35,10.82,326844.63
2026-01-05,10.96,10.7,11.02,10.48,283504.7
2026-01-06,10.67,10.89,11.06,10.52,331723.19
2026-01-07,10.8,10.76,10.9,10.7,178957.89
2026-01-08,10.69,10.78,10.98,10.54,205271.88
2026-01-09,10.75,10.67,10.98,10.57,224547.6
2026-01-12,10.67,10.61,10.9,10.58,185352.58
2026-01-13,10.62,10.7,10.88,10.54,260316.94
2026-01-14,10.77,10.81,11.01,10.63,365224.56
2026-01-15,10.77,10.66,10.9,10.63,231479.07
2026-01-16,10.65,10.52,10.83,10.44,253663.27
2026-01-19,10.41,11.12,11.21,10.36,433754.26
2026-01-20,11.18,11.24,11.34,11.02,309297.66
2026-01-21,11.3,11.23,11.5,11.05,415496.12
2026-01-22,11.25,11.35,11.45,11.21,423767.96
2026-01-23,11.51,12.08,12.2,11.51,765214.37
2026-01-26,12.07,12.3,12.69,12.0,656488.78
2026-01-27,12.31,12.46,12.86,12.18,511279.95
2026-01-28,12.31,12.7,13.22,12.23,618163.98
2026-01-29,12.7,12.83,12.91,12.51,556696.39
2026-01-30,12.68,13.22,13.29,12.49,561836.02
2026-02-02,13.09,12.18,13.1,12.11,603092.6
2026-02-03,12.38,12.56,12.65,12.33,374951.01
2026-02-04,12.74,12.7,12.83,12.5,255723.31
2026-02-05,12.6,12.53,12.9,12.39,235759.65
2026-02-06,12.4,12.79,13.0,12.25,368676.3
2026-02-09,12.94,13.0,13.08,12.7,268202.35
2026-02-10,13.0,12.76,13.0,12.47,343472.9
2026-02-11,12.76,13.2,13.52,12.61,388619.84
2026-02-12,13.18,12.99,13.26,12.92,221491.9
2026-02-13,12.85,12.56,12.89,12.51,237507.69
2026-02-24,12.85,13.11,13.2,12.66,310852.01
2026-02-25,13.21,13.42,13.74,13.07,389033.29
2026-02-26,13.33,12.98,13.45,12.88,399098.91
2026-02-27,12.88,13.02,13.17,12.78,340019.43
2026-03-02,13.15,13.25,13.29,12.61,504327.94
2026-03-03,13.27,14.58,14.58,13.16,873318.87
2026-03-04,14.58,13.71,14.7,13.47,867205.99
2026-03-05,13.7,13.43,13.76,12.91,642350.02
2026-03-06,13.21,12.93,13.28,12.76,398455.98
2026-03-09,13.43,12.07,13.56,11.9,631721.18
2026-03-10,11.87,11.76,12.11,11.62,546226.72
2026-03-11,11.7,11.83,11.88,11.47,510638.28
2026-03-12,12.04,11.78,12.24,11.73,525314.74
2026-03-13,11.7,11.56,11.83,11.5,349835.02
2026-03-16,11.5,11.4,11.59,11.01,467558.8
2026-03-17,11.31,11.33,11.47,11.23,271943.97
2026-03-18,11.26,11.48,11.51,11.16,248341.26
2026-03-19,11.45,10.81,11.47,10.72,378938.89
2026-03-20,10.78,10.65,10.92,10.63,237691.54
2026-03-23,10.3,10.22,10.64,10.16,339332.06
2026-03-24,10.35,10.26,10.39,10.07,212097.31
2026-03-25,10.3,10.8,10.88,10.29,348315.8
2026-03-26,10.88,10.61,11.05,10.5,247797.81
2026-03-27,10.5,10.76,10.84,10.47,187087.52
2026-03-30,10.69,10.81,10.9,10.65,172943.09
2026-03-31,10.81,10.65,10.99,10.61,147222.25
2026-04-01,10.8,10.89,10.95,10.66,225162.66
2026-04-02,10.88,11.04,11.11,10.81,236599.21
2026-04-03,11.09,11.14,11.38,10.93,293378.68
2026-04-07,11.1,11.51,11.57,11.06,258829.82
2026-04-08,11.4,11.45,11.48,11.14,340481.87
2026-04-09,11.39,11.2,11.4,11.19,185059.8
2026-04-10,11.2,11.52,11.6,11.12,271406.73
2026-04-13,11.55,11.16,11.63,11.05,228510.88
2026-04-14,11.2,11.4,11.42,11.02,220049.74
2026-04-15,11.45,11.46,11.63,11.3,181596.04
2026-04-16,11.43,11.54,11.6,11.37,160928.95
2026-04-17,11.81,12.17,12.6,11.73,527785.19
2026-04-20,12.18,12.37,12.45,12.06,267219.49
2026-04-21,12.5,12.67,12.72,12.37,281336.51
2026-04-22,12.7,12.92,13.05,12.64,337599.56
2026-04-23,12.93,12.47,12.95,12.39,294883.69
2026-04-24,12.43,12.45,12.61,12.21,200098.69
2026-04-27,12.45,12.76,12.83,12.27,235452.25
2026-04-28,12.76,13.06,13.1,12.76,320275.33
2026-04-29,12.73,13.26,13.28,12.52,490126.12
2026-04-30,13.15,13.27,13.48,13.0,380749.14
2026-05-06,13.29,13.35,13.43,13.13,334636.69
2026-05-07,13.28,12.84,13.28,12.7,379843.83
2026-05-08,12.82,12.85,13.03,12.72,235618.29
2026-05-11,12.85,12.94,13.08,12.76,241399.76
2026-05-12,12.88,12.95,13.12,12.87,180417.35
2026-05-13,12.89,12.83,13.05,12.66,236538.68
2026-05-14,12.81,13.06,13.47,12.72,358288.84
2026-05-15,13.12,13.02,13.28,12.96,309970.46
2026-05-18,12.9,12.56,12.94,12.4,321411.32
2026-05-19,12.55,12.62,12.72,12.46,164479.15
2026-05-20,12.58,12.72,12.9,12.54,172604.9
2026-05-21,12.68,12.52,12.87,12.42,275278.15
2026-05-22,12.45,12.39,12.62,12.33,260454.12
2026-05-25,12.39,12.39,12.69,12.28,254031.92
2026-05-26,12.37,12.44,12.58,12.25,148680.59
2026-05-27,12.3,12.24,12.39,12.03,177726.8
2026-05-28,12.17,12.2,12.39,11.87,180439.78
2026-05-29,12.13,12.05,12.29,12.05,174919.7
2026-06-01,12.04,12.2,12.46,11.95,194725.0
2026-06-02,12.35,12.16,12.35,11.96,170168.0
2026-06-03,12.13,11.88,12.18,11.64,212582.66
2026-06-04,11.86,11.62,11.87,11.48,190910.43
2026-06-05,11.7,11.85,12.19,11.58,156008.89
2026-06-08,12.0,11.43,12.06,11.36,181244.67
2026-06-09,11.43,11.68,11.85,11.21,196372.48
2026-06-10,11.54,11.72,11.8,11.5,137992.58
2026-06-11,11.86,11.61,11.94,11.38,146411.0
2026-06-12,11.52,11.88,12.1,11.43,226560.81
2026-06-15,11.9,12.76,12.91,11.9,389922.31
2026-06-16,12.65,12.45,12.78,12.41,232146.46
2026-06-17,12.37,12.27,12.63,12.22,175110.63
2026-06-18,12.1,11.59,12.13,11.46,277762.39
2026-06-22,11.54,12.14,12.15,11.42,269132.83
2026-06-23,12.22,11.89,12.54,11.88,222577.73
2026-06-24,11.92,12.03,12.33,11.78,263350.46
2026-06-25,11.91,11.54,11.94,11.44,241329.26
2026-06-26,11.57,11.39,11.88,11.17,232887.46
2026-06-29,11.24,11.3,11.52,11.0,244596.81
2026-06-30,11.2,11.45,11.49,10.8,294773.5
2026-07-01,11.53,12.02,12.03,11.45,241488.44
2026-07-02,11.98,12.12,12.24,11.73,217797.81
2026-07-03,12.21,12.55,12.76,11.92,378314.67
2026-07-06,13.15,13.81,13.81,13.1,1178377.61
2026-07-07,13.89,12.43,13.89,12.43,884219.8
2026-07-08,12.44,12.82,13.15,12.12,656925.05
2026-07-09,12.7,12.48,12.7,11.82,595906.7
2026-07-10,12.04,12.55,12.56,11.64,453958.48
2026-07-13,12.29,11.4,12.35,11.35,403188.49
2026-07-14,11.46,12.23,12.37,11.25,418289.01
2026-07-15,12.05,11.61,12.25,11.47,410909.66
2026-07-16,11.43,11.35,11.65,11.25,242387.77
2026-07-17,11.37,11.4,11.61,11.15,271107.43
2026-07-20,11.56,11.87,12.07,11.56,345985.32
2026-07-21,11.65,11.58,11.88,11.31,345306.32
2026-07-22,11.43,11.83,11.97,11.43,307471.28
2026-07-23,11.74,12.17,12.21,11.6,305049.46
2026-07-24,12.16,11.6,12.3,11.57,246787.21
2026-07-27,11.4,11.68,11.69,11.35,222383.0
2026-07-28,11.5,11.54,11.6,11.26,211333.6
2026-07-29,11.48,11.97,12.03,11.36,264611.08
2026-07-30,11.99,11.9,12.28,11.74,235577.23
2026-07-31,11.6,11.77,11.99,11.52,380288.91
2026-08-03,11.7,12.14,12.49,11.45,507740.01
2026-08-04,12.15,12.28,12.38,11.97,266320.45
2026-08-05,12.28,12.59,12.65,12.16,299919.91
2026-08-06,12.6,12.9,12.91,12.5,293894.88
2026-08-07,12.87,13.1,13.2,12.81,299731.52
2026-08-10,13.1,13.53,13.75,13.05,406545.56
2026-08-11,13.52,12.99,13.63,12.91,339089.21
2026-08-12,13.09,12.92,13.15,12.82,230871.79
2026-08-13,13.0,12.53,13.03,12.52,231846.58
2026-08-14,12.53,12.61,12.69,12.32,212963.18
2026-08-17,12.64,12.66,12.73,12.38,165889.86
2026-08-18,12.7,13.01,13.04,12.63,251760.59
2026-08-19,13.03,13.34,13.74,12.95,441423.59
2026-08-20,13.24,13.52,13.96,13.22,408672.54
2026-08-21,13.52,13.66,13.79,13.34,302231.65
2026-08-24,13.67,13.34,13.77,13.2,256495.7
2026-08-25,13.3,13.02,13.5,12.97,269728.4
2026-08-26,12.9,13.13,13.24,12.85,217905.75
2026-08-27,13.09,13.63,13.66,12.92,298897.79
2026-08-28,13.6,14.1,14.32,13.45,489246.04
2026-08-31,14.3,14.6,14.66,14.02,600381.36
2026-09-01,14.58,14.45,14.95,14.21,580444.76
2026-09-02,14.57,13.81,14.64,13.79,377103.41
2026-09-03,13.9,14.73,15.08,13.78,596839.03
2026-09-04,14.79,14.62,14.97,14.52,414613.25
2026-09-07,14.63,13.94,14.69,13.88,426861.01
2026-09-08,13.8,14.2,14.2,13.59,390889.95
2026-09-09,14.02,14.16,14.39,13.85,310000.12
2026-09-10,14.19,13.76,14.24,13.73,291298.56
2026-09-11,13.78,13.38,13.87,13.05,345697.78
2026-09-14,13.35,13.44,13.68,13.24,251094.54
2026-09-15,13.42,13.75,13.89,13.33,279506.35
2026-09-16,13.75,13.63,13.8,13.34,204900.46
2026-09-17,13.55,13.42,13.77,13.3,190115.59
2026-09-18,13.5,13.68,13.96,13.42,217129.01
