date,open,close,high,low,volume
2013-01-04,4.15,4.02,4.17,3.96,98077.49
2013-01-07,4.01,4.08,4.1,3.98,82362.99
2013-01-08,4.06,4.08,4.12,4.01,73214.52
2013-01-09,4.06,4.16,4.3,4.06,143505.44
2013-01-10,4.13,4.39,4.45,4.12,181261.15
2013-01-11,4.32,4.19,4.35,4.14,125181.75
2013-01-14,4.2,4.38,4.43,4.15,185611.79
2013-01-15,4.35,4.42,4.54,4.33,198688.97
2013-01-16,4.4,4.35,4.54,4.23,156382.18
2013-01-17,4.3,4.21,4.35,4.19,95965.48
2013-01-18,4.23,4.29,4.32,4.2,77700.15
2013-01-21,4.3,4.59,4.66,4.27,163063.64
2013-01-22,4.59,4.47,4.59,4.42,213033.35
2013-01-23,4.42,4.52,4.55,4.35,109218.6
2013-01-24,4.5,4.34,4.55,4.3,112739.11
2013-01-25,4.34,4.34,4.44,4.3,70226.92
2013-01-28,4.35,4.45,4.51,4.33,91948.1
2013-01-29,4.5,4.45,4.54,4.4,82391.62
2013-01-30,4.45,4.4,4.47,4.37,68450.89
2013-01-31,4.41,4.51,4.54,4.38,115898.92
2013-02-01,4.47,4.45,4.51,4.39,82843.86
2013-02-04,4.45,4.46,4.51,4.38,95172.06
2013-02-05,4.42,4.54,4.58,4.39,115867.05
2013-02-06,4.52,4.51,4.58,4.49,54828.76
2013-02-07,4.5,4.47,4.52,4.42,53647.93
2013-02-08,4.51,4.49,4.59,4.47,59429.53
2013-02-18,4.58,4.56,4.58,4.49,93305.96
2013-02-19,4.53,4.37,4.56,4.35,92135.05
2013-02-20,4.37,4.42,4.42,4.35,47211.56
2013-02-21,4.39,4.25,4.39,4.22,77910.23
2013-02-22,4.24,4.23,4.3,4.21,50342.36
2013-02-25,4.24,4.28,4.31,4.24,38189.55
2013-02-26,4.26,4.2,4.35,4.19,53847.44
2013-02-27,4.18,4.12,4.25,4.08,77230.35
2013-02-28,4.13,4.21,4.21,4.1,65048.13
2013-03-01,4.25,4.27,4.3,4.22,72508.56
2013-03-04,4.25,4.08,4.26,4.03,63524.4
2013-03-05,4.08,4.14,4.15,4.03,45530.09
2013-03-06,4.15,4.23,4.23,4.13,60921.04
2013-03-07,4.23,4.22,4.3,4.17,71525.47
2013-03-08,4.23,4.24,4.3,4.17,70021.87
2013-03-11,4.27,4.24,4.3,4.21,34943.15
2013-03-12,4.23,4.09,4.26,4.03,58188.03
2013-03-13,4.05,3.99,4.1,3.96,31545.48
2013-03-14,3.96,3.98,4.03,3.96,20513.56
2013-03-15,3.98,3.99,4.08,3.97,25484.48
2013-03-18,4.0,3.91,4.01,3.87,37220.95
2013-03-19,3.89,3.94,3.95,3.88,21649.63
2013-03-20,3.94,4.04,4.05,3.94,44727.62
2013-03-21,4.05,4.06,4.1,4.02,37109.79
2013-03-22,4.05,4.06,4.08,4.02,24721.21
2013-03-25,4.14,4.2,4.24,4.11,85565.69
2013-03-26,4.15,4.18,4.22,4.11,46337.13
2013-03-27,4.18,4.19,4.2,4.13,35397.36
2013-03-28,4.18,3.98,4.18,3.98,38075.13
2013-03-29,3.98,3.96,4.03,3.95,27539.05
2013-04-01,3.96,3.98,4.03,3.94,21804.74
2013-04-02,3.94,4.0,4.04,3.94,20156.58
2013-04-03,3.99,3.92,4.02,3.89,28771.93
2013-04-08,4.1,4.32,4.32,4.06,127151.34
2013-04-09,4.54,4.75,4.75,4.54,205039.25
2013-04-10,4.97,4.83,5.04,4.68,502674.85
2013-04-11,4.84,4.73,4.88,4.68,267800.19
2013-04-12,4.68,4.59,4.79,4.59,226554.3
2013-04-15,4.56,4.63,4.65,4.54,143826.8
2013-04-16,4.59,4.67,4.68,4.49,171469.15
2013-04-17,4.66,4.68,4.7,4.58,146520.13
2013-04-18,4.61,4.64,4.68,4.54,169703.06
2013-04-19,4.58,4.65,4.74,4.56,268089.23
2013-04-22,4.59,4.52,4.6,4.45,178659.01
2013-04-23,4.51,4.44,4.55,4.4,134053.85
2013-04-24,4.42,4.52,4.54,4.4,151707.35
2013-04-25,4.49,4.32,4.5,4.3,174777.04
2013-04-26,4.35,4.22,4.37,4.2,94404.57
2013-05-02,4.2,4.27,4.3,4.19,52933.78
2013-05-03,4.28,4.35,4.39,4.25,78403.4
2013-05-06,4.36,4.47,4.5,4.35,129850.16
2013-05-07,4.47,4.41,4.47,4.37,76923.76
2013-05-08,4.42,4.42,4.49,4.37,85102.87
2013-05-09,4.4,4.34,4.42,4.3,86562.13
2013-05-10,4.37,4.54,4.56,4.35,203258.02
2013-05-13,4.54,4.51,4.56,4.45,99425.96
2013-05-14,4.49,4.53,4.56,4.46,108237.26
2013-05-15,4.54,4.51,4.59,4.47,68995.5
2013-05-16,4.52,4.55,4.59,4.47,109902.3
2013-05-17,4.55,4.54,4.59,4.51,119398.74
2013-05-20,4.57,4.62,4.69,4.55,159820.25
2013-05-21,4.63,4.7,4.71,4.58,128765.79
2013-05-22,4.69,4.65,4.75,4.64,116269.83
2013-05-23,4.63,4.5,4.63,4.5,104864.08
2013-05-24,4.5,4.54,4.55,4.48,58938.0
2013-05-27,4.54,4.56,4.59,4.49,60020.2
2013-05-28,4.57,4.68,4.68,4.56,101891.7
2013-05-29,4.68,4.65,4.7,4.62,71736.12
2013-05-30,4.6,4.59,4.63,4.52,75756.01
2013-05-31,4.55,4.49,4.61,4.49,66850.3
2013-06-03,4.49,4.5,4.51,4.44,49246.38
2013-06-04,4.49,4.54,4.54,4.47,64747.34
2013-06-05,4.54,4.5,4.56,4.4,52360.08
2013-06-06,4.46,4.41,4.49,4.41,29830.67
2013-06-07,4.41,4.3,4.45,4.25,39761.48
2013-06-13,4.3,4.1,4.3,4.02,37858.79
2013-06-14,4.1,4.19,4.24,4.09,42577.13
2013-06-17,4.18,4.18,4.26,4.08,41448.57
2013-06-18,4.18,4.2,4.23,4.16,23258.74
2013-06-19,4.16,4.16,4.17,4.06,27221.96
2013-06-20,4.15,4.1,4.22,4.09,37971.64
2013-06-21,4.0,4.12,4.14,3.97,24248.95
2013-06-24,4.1,3.85,4.12,3.78,35855.54
2013-06-25,3.83,3.78,3.85,3.47,59697.96
2013-06-26,3.77,3.82,3.83,3.68,31205.89
2013-06-27,3.82,3.68,3.86,3.65,40465.5
2013-06-28,3.69,3.7,3.77,3.61,22710.16
2013-07-01,3.68,3.76,3.77,3.67,19939.07
2013-07-02,3.77,3.82,3.84,3.72,31862.59
2013-07-03,3.83,3.91,3.95,3.72,42253.94
2013-07-04,3.86,3.98,4.03,3.84,56007.37
2013-07-05,3.96,3.93,3.98,3.91,27591.99
2013-07-08,3.91,3.78,4.01,3.73,35841.22
2013-07-09,3.96,4.03,4.16,3.91,110652.85
2013-07-10,3.96,4.1,4.12,3.91,74886.1
2013-07-11,4.07,4.15,4.23,4.06,88290.62
2013-07-12,4.11,4.04,4.17,4.04,53955.38
2013-07-15,4.06,4.1,4.14,4.05,39867.66
2013-07-16,4.1,4.18,4.18,4.1,41875.87
2013-07-17,4.17,4.07,4.18,4.05,38713.32
2013-07-18,4.05,4.06,4.14,4.03,34580.8
2013-07-19,4.06,4.02,4.1,4.01,38686.87
2013-07-22,3.97,4.02,4.03,3.91,32909.76
2013-07-23,4.03,4.18,4.2,4.03,55209.61
2013-07-24,4.18,4.18,4.23,4.1,45503.51
2013-07-25,4.15,4.1,4.19,4.1,36344.07
2013-07-26,4.11,4.21,4.24,4.06,59520.81
2013-07-29,4.22,4.12,4.23,4.1,42040.68
2013-07-30,4.12,4.09,4.17,4.04,35255.65
2013-07-31,4.11,4.3,4.35,4.1,86877.23
2013-08-01,4.27,4.37,4.41,4.23,101501.23
2013-08-02,4.35,4.3,4.39,4.28,70837.55
2013-08-05,4.3,4.34,4.37,4.3,39068.74
2013-08-06,4.35,4.51,4.59,4.32,127879.68
2013-08-07,4.49,4.48,4.56,4.45,66533.16
2013-08-08,4.46,4.51,4.84,4.46,82353.91
2013-08-09,4.51,4.62,4.67,4.5,66557.84
2013-08-12,4.66,4.63,4.71,4.56,90251.38
2013-08-13,4.63,4.51,4.63,4.45,115720.0
2013-08-14,4.49,4.44,4.51,4.43,71434.02
2013-08-15,4.44,4.39,4.47,4.38,43172.63
2013-08-16,4.39,4.33,4.49,4.32,53731.33
2013-08-19,4.31,4.42,4.42,4.27,36060.98
2013-08-20,4.41,4.44,4.47,4.38,45491.83
2013-08-21,4.43,4.4,4.44,4.35,27484.33
2013-08-22,4.38,4.29,4.43,4.29,43140.17
2013-08-23,4.32,4.25,4.35,4.21,47306.61
2013-08-26,4.25,4.37,4.37,4.25,46845.75
2013-08-27,4.37,4.37,4.39,4.32,30969.21
2013-08-28,4.35,4.3,4.35,4.29,35071.15
2013-08-29,4.31,4.3,4.35,4.27,24803.37
2013-08-30,4.28,4.24,4.35,4.24,39617.74
2013-09-02,4.22,4.27,4.29,4.18,24694.84
2013-09-03,4.27,4.35,4.37,4.27,35457.82
2013-09-04,4.35,4.37,4.43,4.33,43235.53
2013-09-05,4.37,4.42,4.44,4.3,56409.1
2013-09-06,4.4,4.42,4.44,4.36,37804.75
2013-09-09,4.42,4.41,4.44,4.37,40038.46
2013-09-10,4.41,4.4,4.43,4.37,36232.2
2013-09-11,4.39,4.44,4.48,4.39,59589.2
2013-09-12,4.44,4.43,4.48,4.38,40255.67
2013-09-13,4.42,4.33,4.44,4.31,35216.97
2013-09-16,4.32,4.33,4.35,4.31,20545.57
2013-09-17,4.35,4.27,4.37,4.24,24716.61
2013-09-18,4.29,4.32,4.32,4.25,18688.69
2013-09-23,4.31,4.38,4.38,4.29,29492.46
2013-09-24,4.37,4.35,4.37,4.32,24083.38
2013-09-25,4.37,4.34,4.37,4.3,30231.77
2013-09-26,4.31,4.42,4.45,4.31,81454.0
2013-09-27,4.42,4.37,4.5,4.37,45490.38
2013-09-30,4.38,4.39,4.44,4.36,30500.14
2013-10-08,4.42,4.47,4.48,4.39,53410.5
2013-10-09,4.47,4.58,4.59,4.44,86402.84
2013-10-10,4.56,4.54,4.59,4.49,51532.08
2013-10-11,4.52,4.57,4.59,4.51,49707.8
2013-10-14,4.59,4.58,4.61,4.54,57354.84
2013-10-15,4.58,4.44,4.58,4.39,91378.12
2013-10-16,4.44,4.37,4.46,4.33,46606.76
2013-10-17,4.4,4.42,4.44,4.39,39607.23
2013-10-18,4.43,4.4,4.47,4.39,36040.63
2013-10-21,4.4,4.5,4.51,4.4,55913.42
2013-10-22,4.52,4.66,4.68,4.47,139724.77
2013-10-23,4.64,4.49,4.64,4.48,81534.75
2013-10-24,4.49,4.41,4.5,4.39,39560.65
2013-10-25,4.42,4.55,4.63,4.41,74185.41
2013-10-28,4.56,4.63,4.68,4.56,93902.71
2013-10-29,4.65,4.3,4.65,4.17,102392.01
2013-10-30,4.31,4.29,4.31,4.1,57617.18
2013-10-31,4.25,4.38,4.5,4.18,70727.9
2013-11-01,4.32,4.25,4.35,4.21,37361.4
2013-11-04,4.25,4.27,4.27,4.21,28100.05
2013-11-05,4.25,4.3,4.33,4.18,30361.09
2013-11-06,4.29,4.2,4.32,4.17,30764.42
2013-11-07,4.18,4.08,4.22,4.07,39312.14
2013-11-08,4.04,4.06,4.14,4.04,23720.82
2013-11-11,4.07,4.06,4.1,3.96,17035.53
2013-11-12,4.06,4.09,4.11,4.03,14406.85
2013-11-13,4.08,3.98,4.09,3.96,15190.03
2013-11-14,3.98,4.02,4.02,3.93,18820.04
2013-11-15,4.0,4.08,4.13,3.98,27011.21
2013-11-18,4.08,4.16,4.16,4.08,38692.93
2013-11-19,4.16,4.16,4.17,4.12,27714.2
2013-11-20,4.52,4.3,4.52,4.26,74254.91
2013-11-21,4.25,4.34,4.42,4.24,53074.65
2013-11-22,4.32,4.27,4.33,4.25,33891.68
2013-11-25,4.25,4.22,4.29,4.21,33387.14
2013-11-26,4.19,4.23,4.25,4.18,24314.3
2013-11-27,4.23,4.24,4.26,4.2,31790.22
2013-11-28,4.25,4.26,4.3,4.25,34934.15
2013-11-29,4.27,4.25,4.29,4.22,30788.53
2013-12-02,4.13,4.02,4.17,3.98,59301.9
2013-12-03,4.02,4.08,4.09,3.96,23737.67
2013-12-04,4.08,4.14,4.2,4.08,36324.75
2013-12-05,4.17,4.23,4.27,4.13,47074.36
2013-12-06,4.21,4.2,4.25,4.18,23451.58
2013-12-09,4.2,4.27,4.29,4.2,34663.76
2013-12-10,4.3,4.29,4.32,4.23,49410.88
2013-12-11,4.28,4.18,4.28,4.17,32486.8
2013-12-12,4.18,4.31,4.35,4.15,53615.21
2013-12-13,4.27,4.35,4.44,4.24,99449.72
2013-12-16,4.32,4.32,4.41,4.29,56141.98
2013-12-17,4.32,4.35,4.42,4.3,60285.57
2013-12-18,4.33,4.46,4.49,4.33,85746.25
2013-12-19,4.44,4.27,4.49,4.27,69400.33
2013-12-20,4.28,4.09,4.3,4.03,66083.61
2013-12-23,4.06,4.1,4.13,4.03,27790.61
2013-12-24,4.13,4.06,4.15,4.0,38972.63
2013-12-25,4.1,4.15,4.17,4.08,37462.54
2013-12-26,4.28,4.25,4.51,4.25,125012.66
2013-12-27,4.18,4.32,4.36,4.16,68092.8
2013-12-30,4.33,4.35,4.39,4.3,59717.1
2013-12-31,4.33,4.35,4.39,4.32,46486.38
2014-01-02,4.35,4.42,4.49,4.35,60481.94
2014-01-03,4.4,4.35,4.42,4.28,52773.72
2014-01-06,4.3,4.19,4.33,4.18,45898.83
2014-01-07,4.17,4.41,4.41,4.15,74642.35
2014-01-08,4.39,4.49,4.54,4.37,142373.69
2014-01-09,4.48,4.37,4.5,4.37,57120.36
2014-01-10,4.38,4.59,4.64,4.38,163182.75
2014-01-13,4.56,4.64,4.65,4.52,106814.96
2014-01-14,4.63,4.61,4.63,4.44,101095.27
2014-01-15,4.59,4.56,4.62,4.45,110886.7
2014-01-16,4.55,4.47,4.55,4.47,95526.88
2014-01-17,4.45,4.37,4.45,4.36,73113.04
2014-01-20,4.35,4.49,4.49,4.33,65418.81
2014-01-21,4.47,4.49,4.59,4.45,69252.46
2014-01-22,4.47,4.78,4.87,4.45,205460.2
2014-01-23,4.8,4.8,5.0,4.74,168218.59
2014-01-24,4.8,4.87,4.88,4.72,110318.04
2014-01-27,4.86,4.88,4.92,4.77,97917.88
2014-01-28,4.86,4.88,4.94,4.67,110589.21
2014-01-29,4.87,4.85,4.88,4.77,70429.09
2014-01-30,4.8,5.06,5.16,4.79,136304.07
2014-02-07,5.02,5.12,5.14,4.98,109696.28
2014-02-10,5.12,5.17,5.26,5.05,111780.03
2014-02-11,5.15,5.04,5.24,5.02,109117.42
2014-02-12,5.06,5.03,5.07,4.91,145378.46
2014-02-13,4.99,4.89,5.0,4.88,103761.98
2014-02-14,4.9,5.02,5.02,4.89,88709.87
2014-02-17,5.04,5.13,5.17,5.04,123683.69
2014-02-18,5.14,5.23,5.42,4.99,185386.01
2014-02-19,5.16,5.13,5.28,5.1,116944.42
2014-02-20,5.14,4.97,5.17,4.96,85946.99
2014-02-21,4.96,4.89,5.01,4.79,70262.31
2014-02-24,4.85,4.97,4.98,4.83,60661.62
2014-02-25,4.98,4.64,4.99,4.52,99984.12
2014-02-26,4.63,4.67,4.73,4.57,61932.99
2014-02-27,4.66,4.22,4.7,4.2,322258.17
2014-02-28,4.2,4.25,4.3,4.1,151431.38
2014-03-03,4.25,4.33,4.35,4.2,138609.87
2014-03-04,4.32,4.32,4.35,4.23,128725.34
2014-03-05,4.33,4.37,4.49,4.29,182160.68
2014-03-06,4.37,4.34,4.43,4.3,137286.89
2014-03-07,4.35,4.25,4.37,4.2,158118.53
2014-03-10,4.2,4.11,4.21,4.1,86701.79
2014-03-11,4.11,4.13,4.16,4.04,75561.43
2014-03-12,4.1,4.16,4.17,4.04,82287.99
2014-03-13,4.15,4.2,4.3,4.14,113664.73
2014-03-14,4.18,4.09,4.2,4.06,119159.75
2014-03-17,4.09,4.23,4.24,4.08,130085.01
2014-03-18,4.2,4.2,4.23,4.18,102302.07
2014-03-19,4.23,4.27,4.28,4.2,143387.87
2014-03-20,4.25,4.12,4.29,4.1,116359.8
2014-03-21,4.11,4.22,4.23,4.06,97772.3
2014-03-24,4.24,4.24,4.28,4.2,115868.17
2014-03-25,4.24,4.29,4.29,4.22,115093.41
2014-03-26,4.29,4.27,4.31,4.25,92179.0
2014-03-27,4.16,4.12,4.2,4.08,155182.29
2014-03-28,4.12,4.06,4.13,4.05,80974.84
2014-03-31,4.06,3.98,4.09,3.94,103931.57
2014-04-01,3.98,4.05,4.06,3.98,57486.91
2014-04-02,4.03,4.04,4.06,4.02,54763.58
2014-04-03,4.13,4.09,4.15,4.06,78428.03
2014-04-04,4.08,4.18,4.19,4.08,79349.01
2014-04-08,4.15,4.2,4.21,4.14,91618.86
2014-04-09,4.2,4.2,4.22,4.18,68254.65
2014-04-10,4.2,4.2,4.22,4.18,86423.3
2014-04-11,4.19,4.15,4.19,4.13,64313.3
2014-04-14,4.15,4.18,4.2,4.13,77153.94
2014-04-15,4.19,4.14,4.2,4.11,70778.19
2014-04-16,4.14,4.15,4.16,4.11,44014.02
2014-04-17,4.15,4.2,4.23,4.15,93771.42
2014-04-18,4.18,4.22,4.25,4.15,105863.21
2014-04-21,4.18,4.13,4.22,4.12,80947.97
2014-04-22,4.11,4.08,4.14,4.01,75503.75
2014-04-23,4.08,4.1,4.12,4.06,40997.22
2014-04-24,4.09,4.04,4.1,4.03,42667.05
2014-04-25,4.04,3.93,4.07,3.92,61401.48
2014-04-28,3.93,3.8,3.94,3.75,58698.77
2014-04-29,3.8,3.85,3.86,3.77,33085.35
2014-04-30,3.84,3.87,3.87,3.83,26122.71
2014-05-05,3.86,3.89,3.9,3.82,30076.46
2014-05-06,3.88,3.9,3.94,3.87,37064.57
2014-05-07,3.92,3.98,4.12,3.92,111374.15
2014-05-08,3.94,3.92,4.01,3.89,51148.64
2014-05-09,3.94,3.89,3.96,3.85,30596.53
2014-05-12,3.93,4.0,4.01,3.91,47755.74
2014-05-13,4.01,4.02,4.06,3.98,38515.77
2014-05-14,4.0,3.98,4.03,3.96,29446.9
2014-05-15,3.98,3.86,3.98,3.85,35603.44
2014-05-16,3.86,3.85,3.89,3.82,35265.38
2014-05-19,3.85,3.83,3.85,3.79,27366.1
2014-05-20,3.84,3.83,3.88,3.79,28744.14
2014-05-21,3.82,3.88,3.88,3.78,31345.79
2014-05-22,3.86,3.84,3.91,3.84,43437.61
2014-05-23,3.84,3.87,3.87,3.82,33289.18
2014-05-26,3.92,3.91,3.96,3.9,43875.68
2014-05-27,3.89,3.9,3.94,3.89,26651.44
2014-05-28,3.89,3.92,3.94,3.86,44135.0
2014-05-29,3.93,3.86,3.94,3.84,34711.2
2014-05-30,3.85,3.86,3.88,3.82,30714.01
2014-06-03,3.89,3.85,3.9,3.85,22593.49
2014-06-04,3.85,3.81,3.86,3.77,35089.43
2014-06-05,3.81,3.83,3.84,3.79,26255.9
2014-06-06,3.83,3.8,3.83,3.77,30612.08
2014-06-09,3.8,3.8,3.83,3.78,20631.64
2014-06-10,3.8,3.84,3.84,3.77,32695.11
2014-06-11,3.84,3.86,3.87,3.82,43550.64
2014-06-12,3.85,3.84,3.86,3.82,25293.0
2014-06-13,3.83,3.89,3.89,3.82,43858.15
2014-06-16,3.88,3.9,3.91,3.86,42358.05
2014-06-17,3.89,3.84,3.89,3.84,33788.48
2014-06-18,3.84,3.79,3.86,3.78,33243.13
2014-06-19,3.81,3.68,3.82,3.65,43874.87
2014-06-20,3.68,3.68,3.7,3.64,26668.99
2014-06-23,3.69,3.71,3.72,3.68,21591.77
2014-06-24,3.7,3.71,3.72,3.69,41935.3
2014-06-25,3.71,3.69,3.71,3.67,26953.22
2014-06-26,3.69,3.76,3.77,3.68,55055.57
2014-06-27,3.74,3.78,3.81,3.74,36496.97
2014-06-30,3.77,3.79,3.81,3.77,38424.25
2014-07-01,3.8,3.84,3.85,3.77,57807.97
2014-07-02,3.84,3.89,3.89,3.81,67328.9
2014-07-03,3.9,3.9,3.91,3.86,70305.14
2014-07-04,3.91,3.89,3.94,3.88,67720.44
2014-07-07,3.89,3.87,3.91,3.85,35882.59
2014-07-08,3.86,3.96,4.01,3.84,141952.03
2014-07-09,3.94,3.89,3.96,3.86,122825.64
2014-07-10,3.89,3.89,3.94,3.86,63438.69
2014-07-11,3.89,3.94,3.96,3.88,59943.69
2014-07-14,3.94,3.99,3.99,3.91,77347.64
2014-07-15,3.98,4.06,4.13,3.97,190289.87
2014-07-16,4.06,4.11,4.14,3.99,224539.19
2014-07-17,4.08,4.01,4.11,3.97,137407.75
2014-07-18,3.99,4.01,4.04,3.98,66931.05
2014-07-21,4.01,3.95,4.01,3.94,53480.87
2014-07-22,3.94,4.0,4.04,3.94,51345.82
2014-07-23,4.01,3.95,4.04,3.94,45009.97
2014-07-24,3.96,3.99,4.01,3.94,61644.62
2014-07-25,3.99,4.04,4.04,3.97,58320.35
2014-07-28,4.06,4.08,4.1,4.04,106485.26
2014-07-29,4.09,4.09,4.11,4.06,102631.73
2014-07-30,4.08,4.08,4.11,4.05,76083.31
2014-07-31,4.08,4.15,4.16,4.07,108146.67
2014-08-01,4.15,4.06,4.17,4.06,119231.87
2014-08-04,4.06,4.13,4.13,4.06,73656.05
2014-08-05,4.12,4.16,4.17,4.11,98514.28
2014-08-06,4.16,4.18,4.19,4.13,87112.27
2014-08-07,4.19,4.16,4.24,4.15,113998.35
2014-08-08,4.24,4.19,4.26,4.16,140697.09
2014-08-11,4.22,4.28,4.3,4.18,169918.12
2014-08-12,4.28,4.39,4.4,4.26,178873.64
2014-08-13,4.39,4.35,4.39,4.29,140114.24
2014-08-14,4.33,4.35,4.46,4.32,156434.03
2014-08-15,4.35,4.39,4.43,4.35,100334.28
2014-08-18,4.39,4.46,4.47,4.39,122631.14
2014-08-19,4.46,4.5,4.54,4.43,138557.62
2014-08-20,4.5,4.61,4.65,4.5,193413.98
2014-08-21,4.62,4.61,4.65,4.51,139825.18
2014-08-22,4.6,4.59,4.6,4.55,97909.45
2014-08-25,4.58,4.46,4.58,4.45,126267.85
2014-08-26,4.45,4.35,4.46,4.33,131787.85
2014-08-27,4.34,4.37,4.4,4.34,64414.61
2014-08-28,4.38,4.32,4.38,4.29,73172.15
2014-08-29,4.31,4.37,4.37,4.29,63566.18
2014-09-01,4.38,4.44,4.44,4.36,71052.51
2014-09-02,4.44,4.48,4.49,4.43,94960.01
2014-09-03,4.48,4.48,4.51,4.44,123352.76
2014-09-04,4.48,4.52,4.53,4.45,108755.67
2014-09-05,4.53,4.5,4.53,4.45,108895.79
2014-09-09,4.52,4.59,4.6,4.46,155942.23
2014-09-10,4.55,4.56,4.6,4.52,110462.4
2014-09-11,4.56,4.66,4.81,4.5,353741.41
2014-09-12,4.62,4.65,4.75,4.59,237251.8
2014-09-15,4.64,4.79,4.82,4.63,231365.43
2014-09-16,4.77,4.57,4.82,4.55,265421.92
2014-09-17,4.57,4.7,4.79,4.5,246081.35
2014-09-18,4.68,4.77,4.92,4.63,303895.67
2014-09-19,4.75,4.94,4.95,4.72,349852.23
2014-09-22,4.92,4.86,4.93,4.77,262852.6
2014-09-23,4.83,4.9,5.02,4.8,315327.19
2014-09-24,4.86,4.89,4.91,4.82,240518.75
2014-09-25,4.91,4.8,4.92,4.77,230446.49
2014-09-26,4.79,4.77,4.8,4.72,184367.31
2014-09-29,4.77,4.84,4.86,4.77,163120.97
2014-09-30,4.84,4.85,4.89,4.83,131992.24
2014-10-08,4.84,4.87,4.88,4.8,154083.2
2014-10-09,4.87,5.02,5.04,4.87,332703.19
2014-10-10,4.98,4.95,4.99,4.92,166218.42
2014-10-13,4.94,4.89,4.94,4.8,212124.86
2014-10-14,4.87,4.88,4.92,4.82,133816.41
2014-10-15,4.87,4.89,4.91,4.82,103413.56
2014-10-16,4.84,4.72,4.92,4.72,166891.39
2014-10-17,4.73,4.6,4.75,4.53,187559.84
2014-10-20,4.62,4.7,4.71,4.6,99694.87
2014-10-21,4.69,4.66,4.74,4.65,75314.73
2014-10-22,4.75,4.68,4.82,4.67,151994.32
2014-10-23,4.67,4.59,4.7,4.56,96047.27
2014-10-24,4.63,4.67,4.73,4.62,105315.44
2014-10-27,4.64,4.73,4.79,4.64,103712.39
2014-10-28,4.75,4.84,4.84,4.75,157957.49
2014-10-29,4.87,4.84,4.92,4.8,243613.35
2014-10-30,4.84,4.84,4.89,4.82,161209.49
2014-10-31,4.84,4.83,4.89,4.75,176439.82
2014-11-03,4.89,4.97,4.99,4.87,289028.8
2014-11-04,4.97,4.86,4.97,4.84,177245.62
2014-11-05,4.84,4.85,4.92,4.82,118010.06
2014-11-06,4.85,4.86,4.89,4.77,118747.41
2014-11-07,4.85,4.75,4.9,4.72,148151.25
2014-11-10,4.76,4.81,4.84,4.76,94476.92
2014-11-11,4.82,4.61,4.82,4.58,149880.65
2014-11-12,4.6,4.69,4.7,4.57,84403.59
2014-11-13,4.69,4.66,4.69,4.55,115907.52
2014-11-14,4.62,4.6,4.65,4.58,59515.81
2014-11-17,4.62,4.67,4.7,4.59,71886.47
2014-11-18,4.67,4.69,4.7,4.65,51048.76
2014-11-19,4.69,4.69,4.71,4.64,62923.01
2014-11-20,4.68,4.67,4.71,4.65,45059.02
2014-11-21,4.67,4.71,4.72,4.65,74706.68
2014-11-24,4.75,4.75,4.8,4.72,114895.22
2014-11-25,4.76,4.87,4.87,4.75,152914.66
2014-11-26,4.89,4.87,4.9,4.82,125147.41
2014-11-27,4.87,4.93,4.93,4.86,205974.33
2014-11-28,4.93,4.93,5.01,4.91,229577.82
2014-12-01,4.94,4.92,5.02,4.91,186759.85
2014-12-02,4.91,4.93,5.02,4.87,213034.44
2014-12-03,4.93,5.1,5.14,4.92,368787.33
2014-12-04,5.11,5.11,5.19,5.07,277334.37
2014-12-05,5.11,4.91,5.13,4.83,267950.87
2014-12-08,4.89,4.96,5.0,4.84,188569.35
2014-12-09,4.93,4.84,5.08,4.84,259759.85
2014-12-10,4.89,5.07,5.08,4.82,226156.58
2014-12-11,5.07,5.1,5.17,4.99,241747.74
2014-12-12,5.1,5.21,5.25,5.09,254746.22
2014-12-15,5.26,5.23,5.26,5.14,199040.56
2014-12-16,5.23,5.13,5.23,5.09,184911.06
2014-12-17,5.12,5.04,5.13,4.98,162253.93
2014-12-18,5.04,5.06,5.1,5.01,102532.48
2014-12-19,5.07,4.94,5.08,4.88,161508.47
2014-12-22,4.95,4.99,5.15,4.84,184887.36
2014-12-23,4.94,4.96,5.07,4.87,130773.68
2014-12-24,4.96,5.46,5.46,4.91,712634.18
2014-12-25,5.47,5.53,5.61,5.36,688251.5
2014-12-26,5.53,5.53,5.59,5.46,422919.17
2014-12-29,5.54,5.61,5.8,5.49,418462.08
2014-12-30,5.58,5.4,5.71,5.36,273882.79
2014-12-31,5.4,5.74,5.86,5.32,333973.85
2015-01-05,5.73,5.81,5.93,5.65,373095.28
2015-01-06,5.74,5.72,5.8,5.6,230715.2
2015-01-07,5.68,5.72,5.75,5.59,166217.91
2015-01-08,5.7,5.58,5.72,5.56,141888.56
2015-01-09,5.56,5.47,5.66,5.46,150519.49
2015-01-12,5.42,5.49,5.58,5.4,133707.51
2015-01-13,5.47,5.53,5.54,5.46,92481.79
2015-01-14,5.53,5.77,5.85,5.51,297994.29
2015-01-15,5.75,5.73,5.81,5.66,169966.25
2015-01-16,5.7,5.73,5.78,5.64,148417.66
2015-01-19,5.58,5.31,5.64,5.16,254233.59
2015-01-20,5.31,5.39,5.41,5.28,157233.1
2015-01-21,5.39,5.48,5.5,5.36,165435.37
2015-01-22,5.47,5.48,5.51,5.41,146776.52
2015-01-23,5.48,5.38,5.48,5.35,153542.81
2015-01-26,5.38,5.55,5.56,5.36,142220.78
2015-01-27,5.56,5.66,5.67,5.51,216658.32
2015-01-28,5.61,5.54,5.61,5.52,124566.06
2015-01-29,5.5,5.42,5.53,5.38,115965.72
2015-01-30,5.42,5.43,5.55,5.41,95779.94
2015-02-02,5.34,5.38,5.41,5.31,64335.79
2015-02-03,5.39,5.43,5.46,5.34,83796.64
2015-02-04,5.42,5.35,5.47,5.34,69173.84
2015-02-05,5.42,5.31,5.43,5.3,85195.62
2015-02-06,5.3,5.19,5.33,5.16,91846.12
2015-02-09,5.16,5.14,5.2,5.07,65264.59
2015-02-10,5.17,5.2,5.21,5.14,43582.51
2015-02-11,5.24,5.21,5.26,5.19,54461.0
2015-02-12,5.24,5.29,5.31,5.2,65404.83
2015-02-13,5.32,5.31,5.39,5.29,83979.19
2015-02-16,5.31,5.43,5.43,5.31,68979.19
2015-02-17,5.43,5.43,5.48,5.4,73854.75
2015-02-25,5.44,5.38,5.47,5.36,70779.72
2015-02-26,5.38,5.51,5.51,5.38,89216.84
2015-02-27,5.52,5.51,5.56,5.48,83499.25
2015-03-02,5.54,5.59,5.59,5.47,146411.07
2015-03-03,5.6,5.63,5.8,5.59,274079.1
2015-03-04,5.63,5.68,5.7,5.56,155482.18
2015-03-05,5.68,5.73,5.85,5.61,189420.54
2015-03-06,5.73,5.75,5.92,5.72,235879.13
2015-03-09,5.75,5.77,5.77,5.58,137457.81
2015-03-10,5.75,5.86,5.92,5.75,160477.72
2015-03-11,5.86,5.76,5.87,5.72,144641.95
2015-03-12,5.77,5.8,5.86,5.65,193274.36
2015-03-13,5.8,5.78,5.85,5.75,94645.79
2015-03-16,5.8,6.13,6.35,5.78,451523.7
2015-03-17,6.13,6.24,6.32,6.07,307800.26
2015-03-18,6.17,6.25,6.26,6.13,224518.41
2015-03-19,6.24,6.22,6.29,6.15,184454.87
2015-03-20,6.22,6.27,6.34,6.19,185668.25
2015-03-23,6.3,6.33,6.39,6.21,236175.77
2015-03-24,6.33,6.3,6.46,6.12,268736.31
2015-03-25,6.23,6.18,6.24,6.1,300350.6
2015-03-26,6.11,6.43,6.44,6.09,366004.9
2015-03-27,6.39,6.39,6.44,6.32,166785.78
2015-03-30,6.41,6.39,6.51,6.32,311132.69
2015-03-31,6.4,6.38,6.53,6.34,322487.51
2015-04-01,6.33,6.45,6.48,6.33,239926.04
2015-04-02,6.46,6.66,6.66,6.43,384360.06
2015-04-03,6.61,6.68,6.73,6.55,259456.2
2015-04-07,6.71,6.76,6.78,6.65,247807.54
2015-04-08,6.77,6.57,6.79,6.5,302551.34
2015-04-09,6.56,6.39,6.57,6.1,311699.24
2015-04-10,6.37,6.65,6.68,6.31,252816.63
2015-04-13,6.63,7.3,7.32,6.59,603863.96
2015-04-14,7.13,7.05,7.29,7.04,386688.34
2015-04-15,7.03,6.74,7.04,6.66,235309.42
2015-04-16,6.68,6.91,7.01,6.61,214928.11
2015-04-17,6.83,6.83,6.99,6.77,314153.65
2015-04-20,6.72,6.54,6.83,6.49,311681.3
2015-04-21,6.54,6.81,6.88,6.54,228607.92
2015-04-22,6.83,6.98,7.05,6.83,279805.83
2015-04-23,6.95,7.1,7.17,6.9,308840.2
2015-04-24,7.0,7.16,7.28,6.91,360310.36
2015-04-27,7.32,7.19,7.5,7.15,311522.74
2015-04-28,7.17,6.95,7.25,6.86,239579.27
2015-04-29,6.94,7.07,7.11,6.88,173542.37
2015-04-30,7.07,7.02,7.21,7.01,199297.16
2015-05-04,6.98,7.25,7.34,6.85,278749.29
2015-05-05,7.17,6.93,7.25,6.85,193688.48
2015-05-06,6.96,6.63,7.02,6.55,189784.0
2015-05-07,6.58,6.27,6.64,6.25,205076.4
2015-05-08,6.38,6.51,6.52,6.32,160813.45
2015-05-11,6.55,6.72,6.75,6.5,160530.38
2015-05-12,6.75,6.89,7.1,6.67,338047.6
2015-05-13,6.82,6.9,7.06,6.77,219485.69
2015-05-14,6.89,6.81,6.98,6.73,223390.05
2015-05-15,6.79,6.95,6.98,6.64,295475.38
2015-05-18,6.88,7.2,7.24,6.85,368131.82
2015-05-19,7.17,7.27,7.36,7.08,282106.27
2015-05-20,7.27,7.23,7.53,7.15,349827.38
2015-05-21,7.28,7.48,7.48,7.23,342384.39
2015-05-22,7.58,7.57,7.65,7.35,335387.18
2015-05-25,7.58,8.02,8.33,7.48,745561.04
2015-05-26,8.01,8.08,8.19,7.93,364424.12
2015-05-27,8.08,8.33,8.57,7.94,411978.12
2015-05-28,8.23,7.68,8.68,7.67,452271.84
2015-05-29,7.68,7.86,8.03,7.3,356656.23
2015-06-01,7.86,8.31,8.38,7.86,300714.88
2015-06-02,8.31,8.78,8.86,8.22,382809.68
2015-06-03,8.77,8.66,8.82,8.35,347573.49
2015-06-04,8.73,9.53,9.53,8.73,1159866.88
2015-06-05,9.51,9.43,9.79,9.08,894010.27
2015-06-08,9.43,9.72,9.95,9.26,581023.42
2015-06-09,9.61,9.35,9.63,9.18,405256.89
2015-06-10,9.22,9.32,9.46,9.15,298513.34
2015-06-11,9.33,9.51,9.54,9.21,370648.67
2015-06-12,9.49,9.58,9.84,9.44,403851.55
2015-06-15,9.61,9.64,9.99,9.52,417670.57
2015-06-16,9.47,9.46,9.71,9.11,439684.31
2015-06-17,9.36,9.79,10.01,8.8,454733.02
2015-06-18,9.83,10.0,10.54,9.66,544511.38
2015-06-19,9.72,9.04,10.24,9.01,471131.36
2015-06-23,9.01,8.74,9.21,8.14,336273.49
2015-06-24,8.81,9.01,9.04,8.58,283237.23
2015-06-25,9.16,9.42,9.91,9.03,689484.83
2015-06-26,9.08,8.48,9.19,8.48,311788.52
2015-06-29,8.72,7.63,8.81,7.63,501632.51
2015-06-30,7.54,8.15,8.28,6.86,466256.41
2015-07-01,7.86,7.33,8.28,7.33,305736.67
2015-07-02,7.18,6.6,7.43,6.6,321034.26
2015-07-03,6.3,5.94,6.48,5.94,281516.61
2015-07-06,6.5,5.35,6.5,5.35,432581.2
2015-07-07,4.86,4.81,5.2,4.81,206674.18
2015-07-08,4.33,4.33,4.33,4.33,45581.0
2015-07-09,3.95,4.77,4.77,3.94,521102.59
2015-07-10,4.93,5.25,5.25,4.79,392063.68
2015-07-13,5.53,5.77,5.77,5.36,549764.12
2015-07-14,5.65,5.7,6.18,5.49,705630.47
2015-07-15,5.52,5.13,5.63,5.13,408413.14
2015-07-16,4.83,5.22,5.42,4.65,354211.83
2015-07-17,5.26,5.6,5.67,5.22,331608.62
2015-07-20,5.62,5.68,5.8,5.5,370190.38
2015-07-21,5.59,5.77,5.84,5.51,334570.65
2015-07-22,5.72,5.87,5.93,5.65,386169.35
2015-07-23,5.85,6.1,6.15,5.85,441034.08
2015-07-24,6.08,5.85,6.18,5.8,499587.21
2015-07-27,5.65,5.26,5.93,5.26,389515.23
2015-07-28,4.91,5.02,5.35,4.74,378515.59
2015-07-29,5.15,5.32,5.34,4.85,295591.57
2015-07-30,5.24,5.12,5.45,5.1,296164.02
2015-07-31,5.02,4.98,5.17,4.88,204226.41
2015-08-03,4.95,4.9,5.11,4.77,200244.11
2015-08-04,4.96,5.36,5.36,4.96,280536.41
2015-08-05,5.29,5.32,5.47,5.19,322679.9
2015-08-06,5.18,5.35,5.4,5.14,209456.09
2015-08-07,5.4,5.53,5.57,5.37,282038.89
2015-08-10,5.57,5.85,5.93,5.57,402768.4
2015-08-11,5.84,6.05,6.18,5.77,490488.11
2015-08-12,5.96,5.85,6.08,5.79,340807.9
2015-08-13,5.83,6.15,6.15,5.8,416852.67
2015-08-14,6.23,6.14,6.25,6.08,439002.16
2015-08-17,6.08,6.32,6.4,6.0,405331.01
2015-08-18,6.36,5.74,6.6,5.69,627885.25
2015-08-19,5.58,6.31,6.31,5.52,488490.14
2015-08-20,6.36,6.08,6.57,6.08,558563.84
2015-08-21,5.9,5.71,6.03,5.63,372653.86
2015-08-24,5.39,5.14,5.56,5.14,224810.0
2015-08-25,4.68,4.62,4.83,4.62,405588.18
2015-08-26,4.77,4.67,5.06,4.57,361645.19
2015-08-27,4.8,4.98,4.99,4.65,249230.62
2015-08-28,5.04,5.35,5.35,4.99,329467.74
2015-08-31,5.24,4.99,5.25,4.97,235654.3
2015-09-01,5.0,4.54,5.07,4.54,240695.47
2015-09-02,4.33,4.35,4.68,4.22,195619.64
2015-09-07,4.54,4.5,4.62,4.37,171740.04
2015-09-08,4.5,4.8,4.81,4.45,158264.23
2015-09-09,4.83,4.95,5.04,4.77,234474.66
2015-09-10,4.85,4.82,4.92,4.79,145671.47
2015-09-11,4.84,4.9,4.92,4.8,116050.32
2015-09-14,4.92,4.43,4.95,4.41,205707.73
2015-09-15,4.37,4.2,4.45,4.11,159908.93
2015-09-16,4.27,4.6,4.62,4.23,160153.64
2015-09-17,4.55,4.47,4.74,4.47,187440.58
2015-09-18,4.5,4.55,4.57,4.45,101543.29
2015-09-21,4.47,4.82,4.85,4.45,218758.39
2015-09-22,4.8,5.02,5.21,4.77,354071.47
2015-09-23,4.92,4.92,5.11,4.81,193117.13
2015-09-24,4.94,5.11,5.27,4.93,412537.67
2015-09-25,5.05,5.07,5.35,4.96,440776.17
2015-09-28,4.99,5.21,5.31,4.94,389317.71
2015-09-29,5.1,5.25,5.48,5.05,422231.56
2015-09-30,5.23,5.05,5.32,5.02,321555.97
2015-10-08,5.23,5.15,5.3,5.11,327521.1
2015-10-09,5.15,5.2,5.22,5.12,224530.32
2015-10-12,5.24,5.49,5.54,5.2,372804.35
2015-10-13,5.42,5.5,5.53,5.36,279553.09
2015-10-14,5.57,5.44,5.68,5.44,308150.19
2015-10-15,5.41,5.59,5.59,5.41,240520.7
2015-10-16,5.63,5.9,5.91,5.52,468033.27
2015-10-19,6.2,6.37,6.43,6.2,875307.69
2015-10-20,6.23,6.48,6.62,6.14,528770.04
2015-10-21,6.47,5.88,6.48,5.83,496999.32
2015-10-22,5.9,6.12,6.18,5.88,303706.55
2015-10-23,6.18,6.23,6.28,5.96,272611.66
2015-10-26,6.29,6.2,6.31,6.08,249945.08
2015-10-27,6.14,6.15,6.23,5.86,203424.23
2015-10-28,6.08,5.93,6.19,5.86,182492.18
2015-10-29,5.96,6.1,6.13,5.93,148871.92
2015-10-30,6.07,6.02,6.09,5.9,117152.42
2015-11-02,5.9,5.83,6.08,5.71,133493.13
2015-11-03,5.85,5.83,5.93,5.79,113630.85
2015-11-04,5.86,6.13,6.15,5.85,185762.14
2015-11-05,6.15,6.1,6.23,6.08,259227.64
2015-11-06,6.11,6.24,6.34,6.11,235875.49
2015-11-09,6.16,6.25,6.33,6.13,253480.97
2015-11-10,6.22,6.27,6.37,6.16,265333.91
2015-11-11,6.28,6.4,6.42,6.22,330667.69
2015-11-12,6.38,6.23,6.45,6.17,251330.5
2015-11-13,6.17,6.0,6.21,5.98,243543.37
2015-11-16,5.9,6.18,6.2,5.85,208493.5
2015-11-17,6.2,6.32,6.38,6.16,362677.94
2015-11-18,6.31,6.23,6.56,6.2,314852.23
2015-11-19,6.28,6.33,6.41,6.16,219843.62
2015-11-20,6.33,6.44,6.46,6.32,301907.73
2015-11-23,6.48,6.36,6.65,6.35,330371.27
2015-11-24,6.35,6.45,6.48,6.24,184156.67
2015-11-25,6.44,6.67,6.69,6.4,310958.34
2015-11-26,6.73,7.11,7.29,6.63,537628.28
2015-11-27,6.93,6.43,7.02,6.4,379746.34
2015-11-30,6.45,6.34,6.5,5.95,274258.97
2015-12-01,6.33,6.8,6.85,6.21,380817.95
2015-12-02,6.68,7.03,7.05,6.44,411018.29
2015-12-03,6.99,7.21,7.35,6.93,729021.18
2015-12-04,7.11,7.02,7.13,6.9,364926.26
2015-12-07,7.03,7.09,7.16,6.94,245931.04
2015-12-08,7.06,6.78,7.06,6.75,218071.31
2015-12-09,6.7,6.8,6.96,6.7,159741.05
2015-12-10,6.8,6.63,6.89,6.62,170130.56
2015-12-11,6.62,6.65,6.75,6.58,136262.84
2015-12-14,6.63,6.8,6.83,6.58,130682.1
2015-12-15,6.8,6.91,7.02,6.8,158693.62
2015-12-16,6.94,6.88,6.97,6.86,132641.39
2015-12-17,6.9,7.06,7.12,6.9,214179.36
2015-12-18,7.04,6.97,7.1,6.9,157392.02
2015-12-21,6.93,7.03,7.08,6.91,168974.79
2015-12-22,7.08,7.06,7.1,6.94,147543.53
2015-12-23,7.05,6.81,7.05,6.8,191195.26
2015-12-24,6.78,6.7,6.79,6.57,148020.55
2015-12-25,6.69,6.83,6.83,6.68,97134.94
2015-12-28,6.86,6.72,6.98,6.72,175322.3
2015-12-29,6.7,6.79,6.8,6.61,90373.29
2015-12-30,6.8,6.85,6.88,6.78,96331.6
2015-12-31,6.83,6.68,6.93,6.65,118099.09
2016-01-04,6.68,6.02,6.7,6.02,126701.7
2016-01-05,5.77,6.05,6.1,5.68,203192.56
2016-01-06,6.05,6.13,6.15,5.98,145622.34
2016-01-07,6.0,5.51,6.0,5.51,39864.0
2016-01-08,5.72,5.53,5.72,5.3,196048.69
2016-01-11,5.43,5.07,5.53,5.03,157779.21
2016-01-12,5.1,5.17,5.25,5.01,121227.94
2016-01-13,5.22,5.07,5.3,5.05,107717.44
2016-01-14,4.93,5.25,5.29,4.9,108724.78
2016-01-15,5.22,5.0,5.27,4.98,120435.54
2016-01-18,4.9,5.09,5.19,4.9,112531.44
2016-01-19,5.09,5.27,5.29,5.09,108170.68
2016-01-20,5.27,5.2,5.29,5.14,134423.7
2016-01-21,5.16,5.0,5.27,5.0,119292.74
2016-01-22,5.07,5.1,5.15,4.94,92077.65
2016-01-25,5.18,5.25,5.28,5.11,107546.76
2016-01-26,5.17,4.82,5.21,4.82,116371.36
2016-01-27,4.87,4.8,4.9,4.54,133044.18
2016-01-28,4.75,4.55,4.81,4.51,85365.51
2016-01-29,4.55,4.78,4.86,4.54,132867.79
2016-02-01,4.77,4.79,4.88,4.72,100472.8
2016-02-02,4.79,4.91,4.98,4.79,107082.88
2016-02-03,4.85,4.93,4.95,4.81,87260.16
2016-02-04,4.92,5.02,5.06,4.91,88305.31
2016-02-05,5.03,4.99,5.1,4.98,70064.27
2016-02-15,4.85,5.0,5.05,4.85,73766.86
2016-02-16,5.01,5.17,5.18,5.01,91886.36
2016-02-17,5.15,5.18,5.2,5.07,104458.05
2016-02-18,5.2,5.15,5.23,5.15,82490.4
2016-02-19,5.16,5.15,5.19,5.1,86146.71
2016-02-22,5.22,5.28,5.32,5.18,155526.94
2016-02-23,5.3,5.32,5.39,5.25,148513.53
2016-02-24,5.31,5.39,5.4,5.2,128196.79
2016-02-25,5.35,4.97,5.45,4.91,209849.61
2016-02-26,5.05,5.11,5.2,4.99,118348.1
2016-02-29,5.11,4.85,5.12,4.75,122357.46
2016-03-01,4.9,4.9,4.99,4.62,147329.22
2016-03-02,4.86,5.15,5.16,4.84,138997.25
2016-03-03,5.17,5.17,5.3,5.13,138960.68
2016-03-04,5.18,5.0,5.27,4.94,157407.72
2016-03-07,5.07,5.32,5.4,5.07,215738.82
2016-03-08,5.32,5.64,5.75,5.1,409548.73
2016-03-09,5.5,5.49,5.78,5.43,281867.92
2016-03-10,5.55,5.42,5.67,5.4,174089.31
2016-03-11,5.36,5.3,5.42,5.23,128511.99
2016-03-14,5.39,5.49,5.6,5.3,166612.86
2016-03-15,5.45,5.37,5.5,5.33,110911.15
2016-03-16,5.42,5.37,5.52,5.36,116585.97
2016-03-17,5.4,5.53,5.55,5.38,171413.5
2016-03-18,5.53,5.73,5.79,5.51,346947.53
2016-03-21,5.73,5.77,5.78,5.65,224768.47
2016-03-22,5.72,5.76,5.9,5.68,203294.67
2016-03-23,5.75,5.77,5.81,5.66,135516.86
2016-03-24,5.73,5.62,5.73,5.61,133588.01
2016-03-25,5.61,5.63,5.67,5.54,92856.7
2016-03-28,5.63,5.63,5.77,5.61,150674.82
2016-03-29,5.64,5.65,5.77,5.5,128221.83
2016-03-30,5.69,5.82,5.83,5.67,164420.32
2016-03-31,5.84,6.03,6.05,5.79,225150.96
2016-04-01,5.96,5.91,6.01,5.79,135880.02
2016-04-05,5.93,6.0,6.05,5.88,137829.85
2016-04-06,5.97,6.06,6.13,5.95,173650.0
2016-04-07,6.03,5.92,6.09,5.88,163654.82
2016-04-08,5.88,5.87,5.95,5.75,156561.45
2016-04-11,5.9,6.1,6.16,5.9,180753.38
2016-04-12,6.08,6.04,6.09,5.96,95538.22
2016-04-13,6.06,6.15,6.24,6.05,141505.8
2016-04-14,6.15,6.23,6.28,6.11,95510.74
2016-04-15,6.18,6.24,6.28,6.18,93982.49
2016-04-18,6.22,6.11,6.23,6.08,92992.85
2016-04-19,6.16,6.14,6.19,6.07,79925.43
2016-04-20,6.18,5.79,6.22,5.68,203864.48
2016-04-21,5.8,5.81,6.03,5.79,142441.65
2016-04-22,5.74,6.15,6.18,5.74,164513.67
2016-04-25,6.09,6.09,6.15,5.95,100745.97
2016-04-26,6.08,6.16,6.17,6.0,99695.02
2016-04-27,6.15,6.1,6.27,6.08,108791.27
2016-04-28,6.11,6.08,6.12,5.89,95365.43
2016-04-29,6.04,6.03,6.13,5.98,78003.38
2016-05-03,6.01,6.32,6.35,5.99,181283.98
2016-05-04,6.29,6.47,6.54,6.26,230080.55
2016-05-05,6.42,6.45,6.47,6.35,95547.33
2016-05-06,6.45,6.15,6.48,6.11,169803.04
2016-05-09,6.14,5.98,6.14,5.95,112772.07
2016-05-10,6.01,5.97,6.03,5.89,63497.57
2016-05-11,6.01,6.1,6.27,5.93,197478.9
2016-05-12,6.01,6.05,6.09,5.9,99894.82
2016-05-13,6.02,5.85,6.15,5.75,151451.58
2016-05-16,5.73,5.85,5.86,5.65,164016.79
2016-05-17,5.86,5.88,5.93,5.75,92133.43
2016-05-18,5.79,5.71,5.85,5.57,132389.28
2016-05-24,5.68,5.4,5.72,5.37,276292.59
2016-05-25,5.43,5.35,5.52,5.28,98551.47
2016-05-26,5.35,5.49,5.51,5.13,144920.99
2016-05-27,5.4,5.55,5.64,5.38,111820.71
2016-05-30,5.52,5.52,5.6,5.44,44714.04
2016-05-31,5.52,5.69,5.75,5.48,165529.49
2016-06-01,5.66,5.67,5.77,5.65,118863.1
2016-06-02,5.64,5.7,5.77,5.64,69508.52
2016-06-03,5.68,5.72,5.72,5.61,113021.19
2016-06-06,5.72,5.7,5.74,5.65,50663.77
2016-06-07,5.7,5.66,5.71,5.6,58887.81
2016-06-08,5.67,5.76,5.79,5.58,95226.74
2016-06-13,5.7,5.62,5.85,5.61,134772.42
2016-06-14,5.56,5.82,5.86,5.52,148883.57
2016-06-15,5.78,6.05,6.11,5.75,213813.85
2016-06-16,6.13,6.0,6.24,5.9,190786.38
2016-06-17,6.05,6.32,6.5,6.04,343327.78
2016-06-20,6.2,6.32,6.43,6.12,152703.2
2016-06-21,6.3,6.33,6.47,6.21,205463.65
2016-06-22,6.33,6.38,6.44,6.26,107104.62
2016-06-23,6.32,6.36,6.4,6.24,124340.04
2016-06-24,6.32,6.68,6.79,6.3,357932.27
2016-06-27,6.66,7.01,7.2,6.58,410954.98
2016-06-28,6.94,6.91,7.04,6.83,154604.04
2016-06-29,6.91,6.92,7.1,6.85,143362.99
2016-06-30,6.93,6.88,7.08,6.67,216583.42
2016-07-01,6.85,6.86,6.91,6.75,90342.86
2016-07-04,6.83,6.98,7.05,6.74,125932.44
2016-07-05,6.98,6.98,7.16,6.82,164957.23
2016-07-06,6.95,7.31,7.34,6.88,185196.04
2016-07-07,7.26,7.13,7.36,7.03,201528.27
2016-07-08,7.1,6.95,7.11,6.9,104821.08
2016-07-11,6.95,7.05,7.16,6.95,135288.52
2016-07-12,7.03,6.79,7.05,6.69,231769.49
2016-07-13,6.82,6.81,6.93,6.79,113875.06
2016-07-14,6.82,6.84,6.89,6.74,110604.97
2016-07-15,6.84,6.74,6.87,6.74,69439.86
2016-07-18,6.77,6.87,6.9,6.72,117402.72
2016-07-19,6.85,6.92,7.0,6.82,113694.25
2016-07-20,6.92,6.89,6.95,6.77,120261.7
2016-07-21,6.86,6.91,6.92,6.84,88305.75
2016-07-22,6.91,6.96,7.03,6.85,107791.38
2016-07-25,7.03,7.06,7.08,6.92,98744.91
2016-07-26,7.06,7.44,7.47,7.03,262091.42
2016-07-27,7.39,7.34,7.61,7.07,279715.09
2016-07-28,7.16,7.27,7.31,6.94,199746.84
2016-07-29,7.24,6.75,7.25,6.72,196424.1
2016-08-01,6.77,6.64,6.87,6.56,142045.11
2016-08-02,6.64,6.67,6.73,6.55,80987.69
2016-08-03,6.63,6.88,6.93,6.63,163720.33
2016-08-04,6.88,6.97,7.07,6.79,90522.27
2016-08-05,6.97,6.86,7.03,6.84,70139.5
2016-08-08,6.86,7.1,7.1,6.86,71165.88
2016-08-09,7.13,7.19,7.34,7.1,128737.94
2016-08-10,7.19,7.07,7.28,7.04,101678.89
2016-08-11,7.08,7.26,7.42,7.07,168071.33
2016-08-12,7.22,7.3,7.31,7.13,104255.97
2016-08-15,7.3,7.43,7.49,7.17,179812.92
2016-08-16,7.37,7.47,7.5,7.35,123313.21
2016-08-17,7.43,7.68,7.78,7.39,198134.27
2016-08-18,7.69,7.65,7.7,7.57,89074.71
2016-08-19,7.59,7.57,7.68,7.45,85706.26
2016-08-22,7.57,7.36,7.63,7.36,82478.93
2016-08-23,7.36,7.4,7.5,7.34,69730.51
2016-08-24,7.4,7.34,7.47,7.25,88584.73
2016-08-25,7.28,7.59,7.62,7.26,140979.78
2016-08-26,7.65,7.55,7.7,7.52,80859.46
2016-08-29,7.57,7.51,7.6,7.46,74981.07
2016-08-30,7.49,7.26,7.54,7.21,188594.72
2016-08-31,7.26,7.19,7.31,7.1,119339.29
2016-09-01,7.19,7.25,7.34,7.17,89752.58
2016-09-02,7.25,7.21,7.28,7.07,93754.45
2016-09-05,7.21,7.2,7.27,7.17,46625.99
2016-09-06,7.27,7.53,7.57,7.27,145598.89
2016-09-07,7.48,7.64,7.81,7.48,191662.39
2016-09-08,7.63,7.75,7.77,7.58,82915.01
2016-09-09,7.77,7.6,7.88,7.59,105862.3
2016-09-12,7.5,7.42,7.55,7.42,103129.05
2016-09-13,7.48,7.46,7.53,7.39,73202.58
2016-09-14,7.46,7.47,7.5,7.4,56623.9
2016-09-19,7.49,7.87,7.87,7.49,161399.65
2016-09-20,7.85,7.86,8.06,7.74,100099.63
2016-09-21,7.88,8.15,8.24,7.87,212814.2
2016-09-22,8.15,8.14,8.26,8.03,142498.37
2016-09-23,8.11,8.17,8.31,8.07,118743.47
2016-09-26,8.11,7.93,8.16,7.84,117678.39
2016-09-27,7.93,8.5,8.5,7.92,211008.17
2016-09-28,8.47,8.52,8.63,8.37,153616.71
2016-09-29,8.52,8.47,8.55,8.36,83011.71
2016-09-30,8.52,8.57,8.63,8.35,98915.61
2016-10-10,8.58,8.9,8.96,8.36,141884.36
2016-10-11,8.83,8.9,9.04,8.73,91224.49
2016-10-12,8.82,8.84,8.93,8.77,67825.38
2016-10-13,8.84,8.73,8.97,8.59,73837.81
2016-10-14,8.73,8.92,9.09,8.65,117721.36
2016-10-17,8.9,8.57,8.91,8.5,117824.59
2016-10-18,8.57,8.58,8.65,8.41,94393.13
2016-10-19,8.57,8.64,8.78,8.49,73402.96
2016-10-20,8.65,8.67,8.68,8.48,67895.78
2016-10-21,8.68,8.54,8.68,8.47,55682.97
2016-10-24,8.48,8.55,8.6,8.48,61101.92
2016-10-25,8.56,8.68,8.85,8.53,112912.09
2016-10-26,8.7,8.72,8.87,8.64,80560.54
2016-10-27,8.67,8.62,8.67,8.47,70848.03
2016-10-28,8.57,8.32,8.61,8.31,92619.35
2016-10-31,8.21,8.28,8.32,8.14,49040.36
2016-11-01,8.34,8.44,8.63,8.34,90940.42
2016-11-02,8.44,8.36,8.47,8.31,44894.0
2016-11-03,8.34,8.42,8.59,8.24,86394.82
2016-11-04,8.39,8.46,8.55,8.37,51984.94
2016-11-07,8.43,8.29,8.51,8.28,45667.6
2016-11-08,8.32,8.38,8.5,8.19,74387.12
2016-11-09,8.36,8.21,8.36,8.19,75844.03
2016-11-10,8.26,8.33,8.4,8.26,54212.17
2016-11-11,8.37,8.38,8.53,8.34,69261.37
2016-11-14,8.39,8.64,8.75,8.38,144862.33
2016-11-15,8.69,8.74,8.86,8.57,102607.03
2016-11-16,8.73,8.64,8.81,8.6,59714.78
2016-11-17,8.64,8.57,8.66,8.51,43722.73
2016-11-18,8.57,8.32,8.62,8.32,92522.03
2016-11-21,8.32,8.31,8.42,8.25,65599.39
2016-11-22,8.36,8.33,8.42,8.29,53525.39
2016-11-23,8.36,8.24,8.4,8.21,71592.75
2016-11-24,8.27,8.34,8.34,8.17,54482.8
2016-11-25,8.34,8.2,8.34,8.01,77537.12
2016-11-28,8.2,8.22,8.33,8.19,57031.31
2016-11-29,8.23,7.9,8.24,7.87,93350.14
2016-11-30,7.86,7.7,7.9,7.65,81869.28
2016-12-01,7.71,7.91,7.97,7.68,81696.11
2016-12-02,7.9,7.77,7.91,7.72,42394.32
2016-12-05,7.72,7.77,7.95,7.66,65308.98
2016-12-06,7.8,7.83,7.91,7.78,37024.88
2016-12-07,7.8,7.9,7.91,7.8,40841.6
2016-12-08,7.91,7.8,7.93,7.73,50171.26
2016-12-09,7.8,7.71,7.82,7.71,41766.65
2016-12-12,7.74,7.13,7.79,7.1,95331.49
2016-12-13,7.19,7.33,7.47,7.14,79110.67
2016-12-14,7.31,7.25,7.36,7.21,41862.65
2016-12-15,7.26,7.24,7.33,7.13,60135.34
2016-12-16,7.24,7.21,7.34,7.13,76580.27
2016-12-19,7.2,7.34,7.36,7.2,66878.42
2016-12-20,7.34,7.31,7.35,7.2,61539.71
2016-12-21,7.34,7.44,7.63,7.33,81592.22
2016-12-22,7.49,7.52,7.65,7.42,69555.06
2016-12-23,7.47,7.4,7.57,7.36,49383.59
2016-12-26,7.47,7.31,7.47,7.13,88406.69
2016-12-27,7.29,7.28,7.32,7.23,73828.61
2016-12-28,7.29,7.26,7.34,7.22,60598.48
2016-12-29,7.26,7.19,7.28,7.14,51664.94
2016-12-30,7.18,7.21,7.25,7.16,50525.65
2017-01-03,7.23,7.29,7.34,7.21,82396.69
2017-01-04,7.29,7.44,7.44,7.28,74968.85
2017-01-05,7.43,7.4,7.47,7.38,74732.37
2017-01-06,7.42,7.34,7.43,7.31,52991.19
2017-01-09,7.37,7.51,7.51,7.29,119636.01
2017-01-10,7.51,7.54,7.65,7.48,100552.11
2017-01-11,7.55,7.41,7.57,7.38,53123.54
2017-01-12,7.38,7.41,7.46,7.36,42868.7
2017-01-13,7.41,7.21,7.41,7.19,68583.49
2017-01-16,7.21,6.77,7.24,6.56,95301.19
2017-01-17,6.8,6.74,6.84,6.46,82496.16
2017-01-18,6.69,6.73,6.77,6.64,64851.33
2017-01-19,6.72,6.73,6.77,6.65,50793.76
2017-01-20,6.72,6.86,6.9,6.71,78484.51
2017-01-23,6.87,6.99,7.04,6.87,87661.65
2017-01-24,6.99,6.95,7.03,6.9,29694.43
2017-01-25,6.95,6.98,7.08,6.92,30516.43
2017-01-26,6.99,7.01,7.04,6.97,29513.82
2017-02-03,7.0,7.0,7.03,6.97,25513.02
2017-02-06,7.0,7.08,7.08,6.97,42355.51
2017-02-07,7.08,7.02,7.09,6.98,33640.17
2017-02-08,7.03,7.13,7.17,6.98,66047.44
2017-02-09,7.15,7.22,7.34,7.12,111640.32
2017-02-10,7.21,7.34,7.37,7.18,102433.47
2017-02-13,7.3,7.31,7.36,7.23,66999.47
2017-02-14,7.31,7.21,7.31,7.2,73925.51
2017-02-15,7.23,7.18,7.28,7.16,56642.22
2017-02-16,7.18,7.21,7.28,7.14,69055.62
2017-02-17,7.24,7.03,7.24,7.0,89726.05
2017-02-20,7.03,7.14,7.14,7.03,89898.59
2017-02-21,7.13,7.52,7.53,7.1,217712.05
2017-02-22,7.47,7.59,7.62,7.42,149314.14
2017-02-23,7.58,7.49,7.65,7.4,116366.71
2017-02-24,7.48,7.51,7.57,7.45,58504.17
2017-02-27,7.47,7.34,7.54,7.31,84518.09
2017-02-28,7.35,7.39,7.44,7.31,67581.37
2017-03-01,7.41,7.63,7.71,7.41,169784.02
2017-03-02,7.62,7.48,7.62,7.41,113881.9
2017-03-03,7.44,7.49,7.54,7.36,98101.74
2017-03-06,7.48,7.8,7.82,7.44,192696.02
2017-03-07,7.83,7.73,7.85,7.67,105728.12
2017-03-08,7.72,7.72,7.75,7.63,101090.04
2017-03-09,7.72,7.59,7.74,7.51,109529.72
2017-03-10,7.57,7.62,7.66,7.52,84729.63
2017-03-13,7.6,7.67,7.73,7.49,84473.18
2017-03-14,7.68,7.7,7.8,7.57,95854.65
2017-03-15,7.65,7.84,7.9,7.58,160131.99
2017-03-16,7.8,7.85,7.91,7.78,86198.26
2017-03-17,7.85,7.67,7.9,7.65,95628.71
2017-03-20,7.66,7.68,7.74,7.62,83872.75
2017-03-21,7.67,7.54,7.69,7.52,106135.8
2017-03-22,7.53,7.45,7.58,7.37,110867.79
2017-03-23,7.45,7.44,7.54,7.34,76447.7
2017-03-24,7.44,7.52,7.52,7.4,87600.64
2017-03-27,7.49,7.37,7.52,7.35,99091.1
2017-03-28,7.36,7.41,7.43,7.35,56577.3
2017-03-29,7.41,7.44,7.54,7.36,83786.72
2017-03-30,7.41,7.06,7.49,7.0,197831.2
2017-03-31,7.12,7.08,7.21,7.06,95834.01
2017-04-05,7.1,7.3,7.33,7.1,89014.49
2017-04-06,7.33,7.4,7.48,7.28,80292.06
2017-04-07,7.4,7.36,7.42,7.28,70816.07
2017-04-10,7.35,7.44,7.52,7.33,89584.44
2017-04-11,7.4,7.34,7.43,7.2,122609.52
2017-04-12,7.33,7.29,7.35,7.23,73202.22
2017-04-13,7.28,7.22,7.36,7.17,98706.08
2017-04-14,7.23,7.07,7.27,7.05,81363.85
2017-04-17,7.08,6.98,7.11,6.93,64259.67
2017-04-18,6.99,6.98,7.08,6.9,66621.45
2017-04-19,6.93,6.95,6.95,6.72,60508.42
2017-04-20,6.93,6.96,6.98,6.88,45432.84
2017-04-21,6.95,7.05,7.08,6.95,50485.06
2017-04-24,7.0,6.99,7.18,6.94,76637.36
2017-04-25,6.96,7.0,7.07,6.94,57386.17
2017-04-26,6.99,6.95,7.04,6.9,46463.79
2017-04-27,6.98,7.32,7.36,6.98,179851.45
2017-04-28,7.31,7.44,7.5,7.17,205046.88
2017-05-02,7.31,7.56,7.56,7.27,166278.36
2017-05-03,7.41,7.36,7.52,7.34,112040.23
2017-05-04,7.38,7.31,7.47,7.26,110422.18
2017-05-05,7.25,7.03,7.28,7.03,83006.56
2017-05-08,6.97,6.58,6.98,6.56,113506.53
2017-05-09,6.53,6.61,6.67,6.47,73326.35
2017-05-10,6.61,6.49,6.66,6.4,65334.58
2017-05-11,6.46,6.42,6.46,6.22,65979.28
2017-05-12,6.42,6.31,6.46,6.23,50964.54
2017-05-15,6.36,6.46,6.48,6.3,46443.49
2017-05-16,6.44,6.43,6.46,6.21,114135.18
2017-05-17,6.38,6.41,6.44,6.33,86279.91
2017-05-18,6.33,6.21,6.38,6.17,132794.09
2017-05-31,6.16,6.11,6.22,6.1,71465.65
2017-06-01,6.08,5.82,6.08,5.82,84811.19
2017-06-02,5.72,5.6,5.76,5.53,148962.94
2017-06-05,5.63,5.7,5.73,5.61,128268.58
2017-06-06,5.68,5.8,5.82,5.65,99168.34
2017-06-07,5.76,6.15,6.2,5.76,152829.83
2017-06-08,6.12,6.15,6.24,6.08,70104.29
2017-06-09,6.14,6.05,6.2,5.99,82094.5
2017-06-12,6.02,5.85,6.08,5.84,101352.67
2017-06-13,5.88,6.02,6.05,5.86,70204.0
2017-06-14,6.02,6.05,6.26,6.02,142196.5
2017-06-15,6.05,6.15,6.2,6.05,66457.08
2017-06-16,6.16,6.2,6.24,6.15,61391.32
2017-06-19,6.2,6.22,6.32,6.19,96351.63
2017-06-20,6.24,6.2,6.24,6.14,77459.72
2017-06-21,6.23,6.24,6.27,6.16,43428.87
2017-06-22,6.21,6.05,6.23,6.02,83169.24
2017-06-23,6.05,6.02,6.12,5.85,103517.85
2017-06-26,6.01,6.32,6.63,6.0,228409.8
2017-06-27,6.28,6.24,6.33,6.18,181614.16
2017-06-28,6.24,6.16,6.24,6.14,86093.08
2017-06-29,6.16,6.21,6.23,6.14,65846.08
2017-06-30,6.18,6.25,6.3,6.16,78577.79
2017-07-03,6.25,6.28,6.32,6.24,65642.97
2017-07-04,6.26,6.21,6.28,6.18,64927.19
2017-07-05,6.22,6.33,6.34,6.2,88522.45
2017-07-06,6.32,6.27,6.36,6.26,87262.31
2017-07-07,6.27,6.3,6.35,6.24,68839.34
2017-07-10,6.29,6.32,6.4,6.28,102155.13
2017-07-11,6.31,6.25,6.32,6.23,74067.62
2017-07-12,6.25,6.15,6.28,5.97,128874.08
2017-07-13,6.12,6.2,6.21,6.1,81862.21
2017-07-14,6.2,6.06,6.2,5.98,79649.31
2017-07-17,6.03,5.65,6.04,5.58,135348.04
2017-07-18,5.66,5.65,5.67,5.5,164865.23
2017-07-19,5.62,5.75,5.78,5.58,107121.0
2017-07-20,5.73,5.8,5.81,5.7,95758.84
2017-07-21,5.81,5.79,5.85,5.74,87107.52
2017-07-24,5.78,5.85,5.89,5.77,84240.51
2017-07-25,5.85,5.78,5.89,5.72,88496.65
2017-07-26,5.78,5.88,5.93,5.78,99779.08
2017-07-27,5.86,5.97,6.01,5.83,109374.74
2017-07-28,5.94,5.89,5.98,5.88,71370.27
2017-07-31,5.91,5.92,5.93,5.86,62193.91
2017-08-01,5.92,5.93,5.97,5.87,72098.04
2017-08-02,5.92,5.84,5.97,5.83,81771.25
2017-08-03,5.84,5.85,5.89,5.81,43630.87
2017-08-04,5.84,5.84,5.89,5.81,56738.89
2017-08-07,5.83,5.84,5.88,5.81,55841.45
2017-08-08,5.84,5.85,5.86,5.8,87522.55
2017-08-09,5.83,5.95,5.98,5.82,111355.24
2017-08-10,5.93,5.79,5.95,5.72,101869.47
2017-08-11,5.75,5.66,5.79,5.64,87544.71
2017-08-14,5.67,5.79,5.81,5.66,65125.03
2017-08-15,5.8,5.84,5.87,5.79,63607.2
2017-08-16,5.85,5.88,5.89,5.81,54251.26
2017-08-17,5.87,5.9,5.91,5.85,71486.6
2017-08-18,5.87,5.89,5.92,5.85,54867.59
2017-08-21,5.9,6.05,6.08,5.89,137961.95
2017-08-22,6.02,5.93,6.05,5.91,105523.27
2017-08-23,5.93,5.88,5.95,5.84,71587.93
2017-08-24,5.87,5.85,5.9,5.83,51931.25
2017-08-25,5.86,5.95,5.97,5.84,65893.26
2017-08-28,5.93,5.99,6.02,5.93,79668.16
2017-08-29,5.97,5.94,6.01,5.93,78870.61
2017-08-30,5.95,6.03,6.05,5.94,123964.15
2017-08-31,6.05,6.01,6.06,5.97,75057.28
2017-09-01,6.01,6.0,6.02,5.94,90256.34
2017-09-04,6.0,6.0,6.01,5.97,82920.83
2017-09-05,6.0,6.09,6.14,5.98,157718.16
2017-09-06,6.07,6.04,6.09,6.01,106005.79
2017-09-07,6.05,5.97,6.07,5.97,92934.99
2017-09-08,5.97,5.99,6.04,5.96,106733.33
2017-09-11,6.01,6.01,6.01,5.94,166975.21
2017-09-12,6.03,6.05,6.11,6.0,186533.59
2017-09-13,6.03,6.1,6.1,6.01,108276.18
2017-09-14,6.11,6.18,6.27,6.1,241661.9
2017-09-15,6.18,6.19,6.23,6.12,117429.34
2017-09-18,6.21,6.26,6.3,6.21,160223.77
2017-09-19,6.27,6.19,6.32,6.17,152838.39
2017-09-20,6.17,6.2,6.22,6.12,116477.89
2017-09-21,6.24,6.3,6.39,6.21,250736.9
2017-09-22,6.32,6.23,6.41,6.2,198686.59
2017-09-25,6.27,6.28,6.41,6.24,214759.39
2017-09-26,6.24,6.18,6.28,6.11,189683.44
2017-09-27,6.18,6.12,6.2,6.09,121854.54
2017-09-28,6.14,6.12,6.18,6.11,104892.14
2017-09-29,6.13,6.13,6.16,6.12,79955.7
2017-10-09,6.2,6.21,6.23,6.15,137375.04
2017-10-10,6.2,6.28,6.33,6.19,168164.5
2017-10-11,6.33,6.29,6.33,6.24,108618.02
2017-10-12,6.04,5.73,6.05,5.69,550063.13
2017-10-13,5.73,5.7,5.76,5.64,217757.4
2017-10-16,5.7,5.58,5.73,5.57,217593.34
2017-10-17,5.59,5.64,5.65,5.58,95617.43
2017-10-18,5.63,5.62,5.69,5.58,139190.31
2017-10-19,5.6,5.47,5.61,5.45,167637.08
2017-10-20,5.47,5.52,5.53,5.46,66689.99
2017-10-23,5.53,5.54,5.55,5.47,75801.81
2017-10-24,5.53,5.51,5.54,5.47,66800.17
2017-10-25,5.51,5.56,5.58,5.49,80412.93
2017-10-26,5.55,5.54,5.61,5.52,67102.25
2017-10-27,5.53,5.5,5.54,5.48,83862.52
2017-10-30,5.5,5.29,5.51,5.24,119970.65
2017-10-31,5.29,5.32,5.33,5.21,86279.72
2017-11-01,5.31,5.29,5.34,5.28,55267.01
2017-11-02,5.27,5.2,5.28,5.18,62938.29
2017-11-03,5.2,5.16,5.22,5.12,60274.13
2017-11-06,5.16,5.2,5.2,5.12,51491.57
2017-11-07,5.19,5.21,5.23,5.18,53555.98
2017-11-08,5.21,5.23,5.27,5.19,73308.47
2017-11-09,5.22,5.29,5.31,5.2,71270.5
2017-11-10,5.27,5.31,5.32,5.24,88256.6
2017-11-13,5.31,5.26,5.31,5.23,61886.38
2017-11-14,5.27,5.18,5.28,5.15,78353.87
2017-11-15,5.18,5.24,5.28,5.16,73025.11
2017-11-16,5.24,5.3,5.31,5.2,83577.81
2017-11-17,5.3,5.04,5.3,5.03,100359.28
2017-11-20,5.02,5.07,5.09,4.88,66974.46
2017-11-21,5.04,5.08,5.09,5.01,44378.63
2017-11-22,5.07,5.08,5.16,5.05,66085.64
2017-11-23,5.08,5.04,5.15,5.03,47189.76
2017-11-24,5.04,5.02,5.08,4.98,31361.32
2017-11-27,5.05,5.05,5.06,5.0,28379.03
2017-11-28,5.05,5.11,5.12,5.04,36169.4
2017-11-29,5.09,5.13,5.14,5.07,37106.1
2017-11-30,5.15,5.21,5.24,5.12,112817.7
2017-12-01,5.2,5.25,5.27,5.17,60006.25
2017-12-04,5.25,5.2,5.26,5.18,39230.27
2017-12-05,5.2,5.09,5.2,5.05,62165.25
2017-12-06,5.07,5.2,5.21,5.07,105478.67
2017-12-07,5.2,5.23,5.25,5.17,56837.17
2017-12-08,5.23,5.24,5.27,5.21,36905.7
2017-12-11,5.23,5.31,5.37,5.22,69095.95
2017-12-12,5.38,5.22,5.38,5.22,43702.0
2017-12-13,5.22,5.24,5.26,5.18,25192.75
2017-12-14,5.22,5.25,5.32,5.22,32604.75
2017-12-15,5.26,5.13,5.27,5.09,60275.5
2017-12-18,5.13,5.06,5.15,5.02,36491.81
2017-12-19,5.08,5.11,5.12,5.08,21999.57
2017-12-20,5.11,4.99,5.11,4.97,40907.05
2017-12-21,4.98,4.97,5.0,4.89,34681.8
2017-12-22,4.97,4.91,4.98,4.89,34361.86
2017-12-25,4.91,4.84,4.93,4.81,39289.04
2017-12-26,4.84,4.92,4.93,4.83,51250.02
2017-12-27,4.92,4.94,4.96,4.89,57501.78
2017-12-28,4.95,4.99,5.0,4.92,120361.23
2017-12-29,4.96,5.0,5.0,4.96,29002.0
2018-01-02,5.0,5.01,5.02,4.97,63567.16
2018-01-03,5.0,5.0,5.04,4.96,57736.29
2018-01-04,5.0,4.97,5.01,4.95,50113.85
2018-01-05,4.97,5.0,5.02,4.95,53524.61
2018-01-08,5.0,5.05,5.07,4.98,77221.02
2018-01-09,5.08,5.02,5.12,5.0,79348.09
2018-01-10,5.02,4.94,5.02,4.92,54305.84
2018-01-11,4.95,4.93,4.95,4.87,76784.48
2018-01-12,4.93,4.92,4.95,4.9,44744.25
2018-01-15,4.92,4.8,4.92,4.78,72538.14
2018-01-16,4.69,4.62,4.72,4.57,143947.19
2018-01-17,4.61,4.6,4.62,4.54,73158.01
2018-01-18,4.6,4.63,4.65,4.55,72163.62
2018-01-19,4.64,4.58,4.65,4.58,43920.38
2018-01-22,4.55,4.59,4.6,4.49,52704.01
2018-01-23,4.58,4.62,4.62,4.55,44250.32
2018-01-24,4.62,4.67,4.68,4.62,58968.8
2018-01-25,4.69,4.75,4.77,4.69,100622.79
2018-01-26,4.73,4.69,4.74,4.69,41319.3
2018-01-29,4.69,4.6,4.71,4.58,39234.85
2018-01-30,4.61,4.61,4.63,4.58,42090.14
2018-01-31,4.6,4.45,4.6,4.42,54799.5
2018-02-01,4.45,4.27,4.48,4.24,75834.31
2018-02-02,4.29,4.27,4.31,4.17,29460.33
2018-02-05,4.17,4.29,4.29,4.16,36604.09
2018-02-06,4.23,4.04,4.27,4.02,49687.67
2018-02-07,4.09,4.09,4.16,4.04,48797.95
2018-02-08,4.1,4.11,4.15,4.09,40056.76
2018-02-09,4.04,4.0,4.04,3.94,55851.7
2018-02-12,4.0,4.09,4.12,4.0,60143.85
2018-02-13,4.09,4.07,4.13,4.07,27138.0
2018-02-14,4.09,4.1,4.11,4.05,27412.45
2018-02-22,4.11,4.14,4.14,4.1,31123.55
2018-02-23,4.14,4.14,4.18,4.11,25653.38
2018-02-26,4.15,4.23,4.23,4.13,47174.69
2018-02-27,4.23,4.2,4.23,4.19,35522.26
2018-02-28,4.19,4.23,4.25,4.17,37173.5
2018-03-01,4.2,4.3,4.32,4.19,49837.72
2018-03-02,4.26,4.27,4.32,4.24,37248.56
2018-03-05,4.26,4.28,4.28,4.23,23442.04
2018-03-06,4.45,4.71,4.71,4.45,144196.28
2018-03-07,4.74,4.58,4.74,4.54,248000.78
2018-03-08,4.54,4.89,5.04,4.52,505426.29
2018-03-09,4.77,4.81,4.85,4.69,267174.9
2018-03-12,4.79,4.85,4.89,4.77,153353.84
2018-03-13,4.81,4.71,4.87,4.69,165454.0
2018-03-14,4.69,4.66,4.73,4.63,89829.42
2018-03-15,4.63,4.59,4.64,4.47,115323.82
2018-03-16,4.56,4.66,4.69,4.55,91656.24
2018-03-19,4.64,4.64,4.73,4.62,75049.75
2018-03-20,4.61,4.7,4.7,4.58,57217.3
2018-03-21,4.73,4.63,4.73,4.61,60636.77
2018-03-22,4.63,4.62,4.66,4.57,41477.79
2018-03-23,4.5,4.37,4.5,4.31,105120.17
2018-03-26,4.29,4.4,4.4,4.22,56463.52
2018-03-27,4.43,4.49,4.54,4.42,68046.37
2018-03-28,4.46,4.47,4.53,4.42,39583.98
2018-03-29,4.49,4.53,4.57,4.47,56131.71
2018-03-30,4.54,4.59,4.59,4.5,71368.36
2018-04-02,4.57,4.51,4.61,4.5,67867.43
2018-04-03,4.43,4.37,4.46,4.35,52892.75
2018-04-04,4.37,4.34,4.41,4.31,40883.75
2018-04-09,4.32,4.31,4.36,4.25,46373.49
2018-04-10,4.32,4.4,4.41,4.32,45044.87
2018-04-11,4.4,4.43,4.45,4.39,39948.35
2018-04-12,4.43,4.42,4.46,4.39,41101.25
2018-04-13,4.42,4.27,4.44,4.26,73706.88
2018-04-16,4.29,4.2,4.3,4.19,27272.67
2018-04-17,4.23,4.11,4.23,4.08,41692.5
2018-04-18,4.13,4.21,4.22,4.07,58887.24
2018-04-19,4.22,4.21,4.26,4.19,36033.5
2018-04-20,4.21,4.13,4.21,4.12,27157.55
2018-04-23,4.15,4.11,4.15,4.08,23044.66
2018-04-24,4.11,4.19,4.21,4.1,40306.31
2018-04-25,4.18,4.19,4.24,4.15,36752.81
2018-04-26,4.18,4.12,4.19,4.11,29481.8
2018-04-27,4.15,4.15,4.19,4.11,20536.13
2018-05-02,4.17,4.14,4.2,4.11,22075.75
2018-05-03,4.14,4.19,4.21,4.08,26306.92
2018-05-04,4.19,4.18,4.23,4.16,21377.75
2018-05-07,4.19,4.24,4.27,4.18,41764.08
2018-05-08,4.26,4.29,4.32,4.23,39812.63
2018-05-09,4.35,4.34,4.39,4.3,56094.63
2018-05-10,4.35,4.34,4.36,4.31,32128.29
2018-05-11,4.34,4.29,4.34,4.29,21669.5
2018-05-14,4.3,4.23,4.31,4.23,23743.75
2018-05-15,4.26,4.32,4.32,4.23,24345.08
2018-05-16,4.31,4.33,4.35,4.29,26915.06
2018-05-17,4.32,4.29,4.33,4.27,15968.25
2018-05-18,4.27,4.31,4.31,4.23,18049.68
2018-05-21,4.31,4.35,4.35,4.31,32502.42
2018-05-22,4.35,4.36,4.36,4.32,29289.15
2018-05-23,4.36,4.31,4.4,4.3,29353.34
2018-05-24,4.29,4.31,4.35,4.28,15107.0
2018-05-25,4.29,4.23,4.31,4.2,26565.05
2018-05-28,4.19,4.18,4.22,4.16,23544.24
2018-05-29,4.18,4.15,4.21,4.13,26873.75
2018-05-30,4.13,3.96,4.13,3.94,56794.0
2018-05-31,3.97,4.02,4.04,3.97,23230.45
2018-06-01,4.01,3.98,4.02,3.96,23107.66
2018-06-04,4.0,3.96,4.04,3.93,36075.5
2018-06-05,3.98,4.04,4.05,3.97,49498.11
2018-06-06,4.04,4.0,4.04,3.99,30359.75
2018-06-07,4.01,3.96,4.02,3.96,35544.18
2018-06-08,3.95,3.84,3.98,3.8,52008.26
2018-06-11,3.85,3.79,3.86,3.77,29140.42
2018-06-12,3.79,3.82,3.83,3.77,28193.16
2018-06-13,3.84,3.74,3.84,3.74,29932.0
2018-06-14,3.73,3.69,3.76,3.68,31701.5
2018-06-15,3.72,3.66,3.72,3.62,26296.04
2018-06-19,3.63,3.31,3.63,3.29,72806.67
2018-06-20,3.3,3.36,3.39,3.28,43258.08
2018-06-21,3.36,3.28,3.4,3.25,36294.5
2018-06-22,3.27,3.37,3.38,3.21,23105.47
2018-06-25,3.37,3.33,3.43,3.32,19841.0
2018-06-26,3.34,3.4,3.42,3.29,32706.49
2018-06-27,3.41,3.4,3.44,3.36,18781.75
2018-06-28,3.44,3.39,3.46,3.38,23508.73
2018-06-29,3.42,3.46,3.48,3.39,28513.38
2018-07-02,3.47,3.41,3.48,3.39,21634.5
2018-07-03,3.4,3.42,3.45,3.39,29106.25
2018-07-04,3.41,3.35,3.44,3.3,24405.5
2018-07-05,3.39,3.28,3.39,3.25,24299.25
2018-07-06,3.24,3.28,3.32,3.18,47495.57
2018-07-09,3.28,3.36,3.38,3.28,26763.52
2018-07-10,3.39,3.37,3.4,3.35,17679.2
2018-07-11,3.36,3.3,3.36,3.25,26327.77
2018-07-12,3.3,3.4,3.41,3.3,38455.9
2018-07-13,3.4,3.45,3.5,3.39,45591.35
2018-07-16,3.46,3.45,3.48,3.4,21493.01
2018-07-17,3.45,3.48,3.48,3.41,20316.74
2018-07-18,3.49,3.46,3.49,3.44,24376.69
2018-07-19,3.46,3.4,3.46,3.38,21439.85
2018-07-20,3.4,3.45,3.47,3.38,33681.27
2018-07-23,3.45,3.49,3.5,3.43,30349.16
2018-07-24,3.48,3.53,3.55,3.48,55331.71
2018-07-25,3.55,3.57,3.58,3.52,37257.7
2018-07-26,3.56,3.59,3.65,3.55,53393.32
2018-07-27,3.58,3.52,3.63,3.52,40896.57
2018-07-30,3.52,3.53,3.56,3.49,32787.88
2018-07-31,3.52,3.54,3.56,3.48,23529.09
2018-08-01,3.51,3.44,3.56,3.44,28239.0
2018-08-02,3.43,3.32,3.44,3.25,40544.75
2018-08-03,3.32,3.32,3.38,3.3,29991.33
2018-08-06,3.33,3.3,3.35,3.25,28146.16
2018-08-07,3.28,3.46,3.48,3.28,53710.1
2018-08-08,3.48,3.46,3.48,3.42,23791.0
2018-08-09,3.44,3.5,3.55,3.44,42367.38
2018-08-10,3.48,3.5,3.54,3.46,22324.0
2018-08-13,3.46,3.48,3.5,3.43,24671.38
2018-08-14,3.49,3.5,3.52,3.48,17733.71
2018-08-15,3.51,3.47,3.51,3.44,21587.88
2018-08-16,3.46,3.47,3.48,3.4,22987.25
2018-08-17,3.47,3.35,3.51,3.33,30799.25
2018-08-20,3.35,3.34,3.38,3.26,30434.5
2018-08-21,3.38,3.39,3.4,3.34,14016.61
2018-08-22,3.39,3.35,3.4,3.32,12896.5
2018-08-23,3.36,3.36,3.38,3.32,30052.87
2018-08-24,3.34,3.32,3.37,3.32,22259.75
2018-08-27,3.33,3.39,3.4,3.33,22168.71
2018-08-28,3.4,3.39,3.42,3.38,18860.0
2018-08-29,3.4,3.36,3.4,3.36,14388.75
2018-08-30,3.37,3.34,3.4,3.32,21878.4
2018-08-31,3.34,3.3,3.36,3.29,19360.26
2018-09-03,3.29,3.29,3.3,3.24,23575.22
2018-09-04,3.3,3.33,3.35,3.28,18690.2
2018-09-05,3.33,3.29,3.34,3.29,16548.25
2018-09-06,3.4,3.4,3.52,3.37,135482.44
2018-09-07,3.32,3.4,3.4,3.29,80072.73
2018-09-10,3.36,3.31,3.36,3.31,43591.74
2018-09-11,3.31,3.31,3.35,3.28,25069.05
2018-09-12,3.31,3.33,3.35,3.28,25398.52
2018-09-13,3.34,3.36,3.36,3.31,23500.06
2018-09-14,3.37,3.34,3.39,3.33,31401.97
2018-09-17,3.33,3.32,3.36,3.27,30584.41
2018-09-18,3.32,3.39,3.4,3.29,40249.36
2018-09-19,3.4,3.4,3.44,3.37,48584.3
2018-09-20,3.39,3.4,3.42,3.39,39495.09
2018-09-21,3.41,3.45,3.52,3.38,70702.7
2018-09-25,3.45,3.44,3.45,3.4,35690.31
2018-09-26,3.44,3.43,3.47,3.4,35612.5
2018-09-27,3.43,3.35,3.43,3.34,30204.0
2018-09-28,3.35,3.36,3.38,3.34,17619.44
2018-10-08,3.32,3.27,3.33,3.26,33356.1
2018-10-09,3.28,3.32,3.36,3.27,32738.81
2018-10-10,3.31,3.32,3.33,3.29,15451.25
2018-10-11,3.24,3.03,3.26,2.99,60350.17
2018-10-12,3.02,3.01,3.04,2.85,42733.56
2018-10-15,3.01,2.96,3.05,2.96,15381.5
2018-10-16,2.96,2.9,3.0,2.88,22050.81
2018-10-17,2.93,2.95,2.96,2.89,12564.62
2018-10-18,2.89,2.84,2.91,2.83,22711.25
2018-10-19,2.8,2.89,2.92,2.78,17695.5
2018-10-22,2.9,3.01,3.04,2.88,29189.88
2018-10-23,3.01,2.97,3.03,2.94,16696.75
2018-10-24,2.95,2.99,3.04,2.94,18790.38
2018-10-25,2.95,2.99,3.01,2.92,14045.5
2018-10-26,2.99,3.04,3.06,2.99,14848.49
2018-10-29,3.07,2.98,3.07,2.97,20189.61
2018-10-30,2.97,3.04,3.07,2.97,22023.25
2018-10-31,3.05,3.09,3.12,3.05,26301.71
2018-11-01,3.1,3.08,3.13,3.04,42023.26
2018-11-02,3.09,3.12,3.14,3.09,40252.06
2018-11-05,3.12,3.15,3.17,3.12,39404.43
2018-11-06,3.16,3.12,3.18,3.12,27457.75
2018-11-07,3.14,3.16,3.19,3.13,34030.24
2018-11-08,3.15,3.12,3.16,3.11,37065.74
2018-11-09,3.11,3.12,3.14,3.09,15310.0
2018-11-12,3.12,3.23,3.23,3.12,64358.34
2018-11-13,3.18,3.34,3.37,3.18,131067.82
2018-11-14,3.52,3.34,3.52,3.34,136728.86
2018-11-15,3.36,3.38,3.44,3.34,59973.01
2018-11-16,3.37,3.38,3.46,3.33,83519.83
2018-11-19,3.36,3.37,3.38,3.32,54493.76
2018-11-20,3.35,3.28,3.37,3.28,48856.85
2018-11-21,3.24,3.32,3.33,3.23,34467.56
2018-11-22,3.33,3.37,3.38,3.32,60371.72
2018-11-23,3.36,3.21,3.37,3.2,68455.36
2018-11-26,3.21,3.32,3.43,3.2,67746.89
2018-11-27,3.36,3.43,3.44,3.32,114001.43
2018-11-28,3.4,3.48,3.64,3.34,193821.17
2018-11-29,3.45,3.29,3.46,3.29,127420.2
2018-11-30,3.28,3.25,3.32,3.23,47509.25
2018-12-03,3.34,3.32,3.37,3.31,64408.38
2018-12-04,3.31,3.38,3.39,3.3,45045.9
2018-12-05,3.32,3.33,3.38,3.29,40313.24
2018-12-06,3.33,3.25,3.35,3.24,45179.26
2018-12-07,3.27,3.28,3.29,3.24,28004.95
2018-12-10,3.32,3.26,3.32,3.24,25892.31
2018-12-11,3.25,3.27,3.28,3.24,20891.0
2018-12-12,3.28,3.24,3.29,3.22,22551.17
2018-12-13,3.26,3.28,3.3,3.22,26897.92
2018-12-14,3.28,3.15,3.28,3.15,31103.17
2018-12-17,3.15,3.17,3.18,3.11,20905.93
2018-12-18,3.15,3.13,3.2,3.09,31451.49
2018-12-19,3.13,3.1,3.17,3.09,24171.3
2018-12-20,3.09,3.12,3.13,3.08,16734.0
2018-12-21,3.1,3.11,3.13,3.09,20450.25
2018-12-24,3.1,3.16,3.18,3.09,33041.41
2018-12-25,3.14,3.14,3.16,3.09,30148.15
2018-12-26,3.14,3.12,3.17,3.04,35262.5
2018-12-27,3.13,3.07,3.14,3.06,18014.5
2018-12-28,3.09,3.09,3.12,3.05,13265.01
2019-01-02,3.07,3.1,3.12,3.06,22700.65
2019-01-03,3.09,3.14,3.17,3.09,29760.87
2019-01-04,3.13,3.21,3.22,3.11,34127.41
2019-01-07,3.21,3.27,3.28,3.21,36073.78
2019-01-08,3.28,3.27,3.33,3.26,38522.01
2019-01-09,3.31,3.33,3.42,3.31,77145.98
2019-01-10,3.32,3.28,3.34,3.27,49660.96
2019-01-11,3.31,3.3,3.34,3.28,35707.04
2019-01-14,3.31,3.36,3.36,3.28,43702.5
2019-01-15,3.36,3.35,3.36,3.32,28090.7
2019-01-16,3.38,3.32,3.4,3.32,28376.31
2019-01-17,3.32,3.3,3.36,3.28,23930.8
2019-01-18,3.3,3.33,3.36,3.3,43013.9
2019-01-21,3.34,3.34,3.37,3.32,32834.5
2019-01-22,3.34,3.4,3.4,3.33,53107.4
2019-01-23,3.4,3.29,3.41,3.27,59310.76
2019-01-24,3.31,3.34,3.34,3.28,39519.36
2019-01-25,3.32,3.27,3.33,3.27,32172.77
2019-01-28,3.3,3.24,3.31,3.22,34106.75
2019-01-29,3.25,3.24,3.26,3.15,41870.36
2019-01-30,3.24,3.14,3.24,3.13,28961.23
2019-01-31,3.15,3.1,3.16,3.08,29577.99
2019-02-01,3.1,3.16,3.16,3.09,38637.86
2019-02-11,3.14,3.2,3.21,3.12,37177.35
2019-02-12,3.19,3.24,3.25,3.18,55231.5
2019-02-13,3.24,3.31,3.33,3.24,81988.29
2019-02-14,3.29,3.32,3.34,3.28,96807.63
2019-02-15,3.31,3.32,3.36,3.28,90540.38
2019-02-18,3.32,3.41,3.41,3.32,123106.46
2019-02-19,3.41,3.37,3.45,3.36,93023.12
2019-02-20,3.37,3.4,3.4,3.36,71386.73
2019-02-21,3.4,3.37,3.47,3.36,101174.75
2019-02-22,3.36,3.44,3.44,3.35,73933.0
2019-02-25,3.46,3.56,3.57,3.44,160970.58
2019-02-26,3.58,3.6,3.7,3.53,268010.98
2019-02-27,3.58,3.58,3.65,3.53,139179.8
2019-02-28,3.6,3.61,3.62,3.56,80610.4
2019-03-01,3.6,3.59,3.64,3.52,71838.75
2019-03-04,3.59,3.67,3.72,3.59,139271.13
2019-03-05,3.66,3.78,3.8,3.66,129543.32
2019-03-06,3.82,3.85,3.93,3.76,146869.86
2019-03-07,3.87,4.0,4.04,3.84,201207.82
2019-03-08,3.94,3.78,4.02,3.75,208095.58
2019-03-11,3.84,3.96,3.97,3.81,124590.71
2019-03-12,4.0,4.0,4.08,3.96,167468.59
2019-03-13,4.0,4.03,4.09,3.95,156383.58
2019-03-14,4.05,3.82,4.06,3.76,147509.8
2019-03-15,3.84,3.93,4.0,3.84,129308.47
2019-03-18,3.93,3.96,4.0,3.92,118932.87
2019-03-19,3.97,4.0,4.04,3.95,109714.18
2019-03-20,4.0,3.95,4.0,3.87,90393.32
2019-03-21,3.95,3.99,4.03,3.94,116037.99
2019-03-22,3.99,4.01,4.03,3.88,154359.26
2019-03-25,3.96,3.98,4.05,3.92,122648.87
2019-03-26,3.97,3.76,4.02,3.74,162563.72
2019-03-27,3.8,3.96,4.02,3.77,178420.8
2019-03-28,3.93,3.75,3.98,3.73,143260.71
2019-03-29,3.76,3.83,3.84,3.66,112628.82
2019-04-01,3.86,3.95,3.96,3.84,175356.23
2019-04-02,3.98,3.96,4.0,3.93,90463.41
2019-04-03,3.94,4.03,4.04,3.9,144412.03
2019-04-04,4.0,4.04,4.07,3.99,129367.07
2019-04-08,4.06,3.97,4.08,3.91,157537.16
2019-04-09,4.0,4.07,4.19,3.97,243550.72
2019-04-10,4.02,4.03,4.06,3.96,111124.35
2019-04-11,4.02,4.07,4.13,4.0,259556.88
2019-04-12,4.1,4.04,4.12,3.95,157000.74
2019-04-15,4.06,4.06,4.15,4.04,144722.5
2019-04-16,4.04,4.09,4.1,3.95,115792.37
2019-04-17,4.09,4.26,4.36,4.05,252158.42
2019-04-18,4.24,4.15,4.24,4.09,210979.62
2019-04-19,4.16,4.28,4.28,4.12,256693.91
2019-04-22,4.26,4.13,4.35,4.12,134999.44
2019-04-23,4.12,4.05,4.16,4.04,97255.65
2019-04-24,4.05,4.06,4.09,3.98,94516.63
2019-04-25,4.04,3.83,4.04,3.8,131701.73
2019-04-26,3.84,3.79,3.85,3.76,54914.03
2019-04-29,3.76,3.63,3.78,3.58,77350.83
2019-04-30,3.63,3.68,3.7,3.52,34943.5
2019-05-06,3.56,3.5,3.62,3.38,75578.95
2019-05-07,3.52,3.55,3.56,3.48,42063.95
2019-05-08,3.49,3.48,3.56,3.44,45758.79
2019-05-09,3.47,3.48,3.52,3.44,32895.88
2019-05-10,3.49,3.59,3.59,3.48,74675.32
2019-05-13,3.53,3.52,3.56,3.5,41183.87
2019-05-14,3.48,3.51,3.54,3.47,36930.7
2019-05-15,3.51,3.58,3.58,3.51,40906.51
2019-05-16,3.56,3.62,3.64,3.56,45485.31
2019-05-17,3.62,3.49,3.65,3.49,58765.9
2019-05-20,3.5,3.48,3.51,3.42,36221.43
2019-05-21,3.47,3.53,3.54,3.46,29092.28
2019-05-22,3.53,3.47,3.56,3.44,39321.25
2019-05-23,3.48,3.44,3.48,3.43,24606.48
2019-05-24,3.43,3.37,3.46,3.37,21594.5
2019-05-27,3.4,3.47,3.48,3.38,28176.12
2019-05-28,3.48,3.48,3.51,3.47,24652.5
2019-05-29,3.45,3.49,3.5,3.45,15823.52
2019-05-30,3.48,3.47,3.48,3.43,20333.95
2019-05-31,3.47,3.48,3.51,3.45,17827.36
2019-06-03,3.47,3.42,3.48,3.4,19907.19
2019-06-04,3.42,3.38,3.44,3.36,23283.0
2019-06-05,3.41,3.38,3.43,3.37,13005.0
2019-06-06,3.4,3.33,3.4,3.32,18375.76
2019-06-10,3.32,3.32,3.37,3.32,21200.95
2019-06-11,3.33,3.44,3.44,3.32,29063.69
2019-06-12,3.44,3.4,3.46,3.4,19088.75
2019-06-13,3.4,3.44,3.44,3.4,20454.56
2019-06-14,3.44,3.33,3.44,3.32,35152.75
2019-06-17,3.36,3.34,3.38,3.32,26180.34
2019-06-18,3.33,3.34,3.35,3.31,18708.55
2019-06-19,3.39,3.37,3.42,3.36,29019.86
2019-06-20,3.36,3.44,3.44,3.36,36170.84
2019-06-21,3.45,3.49,3.51,3.44,39902.02
2019-06-24,3.48,3.51,3.51,3.44,31483.06
2019-06-25,3.52,3.45,3.52,3.4,42784.31
2019-06-26,3.44,3.44,3.47,3.41,19407.97
2019-06-27,3.44,3.43,3.47,3.43,22809.0
2019-06-28,3.43,3.4,3.44,3.36,30180.25
2019-07-01,3.44,3.5,3.51,3.42,42244.24
2019-07-02,3.5,3.49,3.51,3.48,28754.12
2019-07-03,3.48,3.48,3.57,3.46,39018.5
2019-07-04,3.49,3.48,3.51,3.46,22859.0
2019-07-05,3.49,3.5,3.51,3.47,15518.05
2019-07-08,3.48,3.37,3.48,3.35,34893.25
2019-07-09,3.37,3.37,3.4,3.33,17500.75
2019-07-10,3.38,3.36,3.4,3.34,17749.23
2019-07-11,3.37,3.33,3.39,3.32,19267.35
2019-07-12,3.35,3.35,3.36,3.32,20653.97
2019-07-15,3.36,3.4,3.42,3.33,27284.25
2019-07-16,3.4,3.41,3.44,3.39,22026.0
2019-07-17,3.4,3.4,3.43,3.39,21602.75
2019-07-18,3.39,3.33,3.4,3.33,20525.67
2019-07-19,3.33,3.34,3.39,3.33,14419.86
2019-07-22,3.36,3.26,3.37,3.24,33025.38
2019-07-23,3.25,3.28,3.29,3.25,14500.18
2019-07-24,3.31,3.31,3.32,3.28,17253.6
2019-07-25,3.31,3.32,3.33,3.28,12583.0
2019-07-26,3.31,3.31,3.32,3.28,14239.5
2019-07-29,3.28,3.3,3.31,3.28,20398.47
2019-07-30,3.28,3.31,3.33,3.28,16107.35
2019-07-31,3.31,3.35,3.35,3.3,34527.63
2019-08-01,3.33,3.4,3.41,3.28,52076.62
2019-08-02,3.34,3.26,3.34,3.21,62096.32
2019-08-05,3.25,3.23,3.29,3.22,21896.79
2019-08-06,3.18,3.12,3.2,3.08,35696.0
2019-08-07,3.14,3.1,3.16,3.09,25957.25
2019-08-08,3.12,3.11,3.12,3.08,33590.63
2019-08-09,3.13,3.07,3.13,3.06,15075.63
2019-08-12,3.07,3.12,3.12,3.07,15490.25
2019-08-13,3.09,3.1,3.12,3.07,11985.5
2019-08-14,3.12,3.12,3.15,3.11,17510.75
2019-08-15,3.05,3.11,3.12,3.03,18839.87
2019-08-16,3.11,3.13,3.14,3.09,17759.0
2019-08-19,3.14,3.19,3.19,3.12,30668.27
2019-08-20,3.2,3.17,3.21,3.16,21678.05
2019-08-21,3.18,3.18,3.19,3.16,20471.21
2019-08-22,3.19,3.2,3.2,3.17,16096.06
2019-08-23,3.19,3.19,3.22,3.16,24403.8
2019-08-26,3.12,3.15,3.16,3.11,31014.61
2019-08-27,3.16,3.24,3.24,3.16,31872.84
2019-08-28,3.28,3.22,3.33,3.21,43390.51
2019-08-29,3.23,3.2,3.24,3.18,34357.0
2019-08-30,3.23,3.2,3.24,3.17,37758.68
2019-09-02,3.2,3.24,3.25,3.18,40988.55
2019-09-03,3.24,3.24,3.28,3.22,27247.44
2019-09-04,3.24,3.26,3.27,3.21,27355.88
2019-09-05,3.26,3.28,3.32,3.26,54053.01
2019-09-06,3.3,3.28,3.3,3.25,25468.25
2019-09-09,3.28,3.31,3.31,3.28,40377.02
2019-09-10,3.32,3.32,3.33,3.28,27416.26
2019-09-11,3.32,3.29,3.35,3.28,36882.68
2019-09-12,3.3,3.29,3.31,3.27,43132.43
2019-09-16,3.31,3.31,3.32,3.28,43033.62
2019-09-17,3.3,3.23,3.31,3.21,55082.56
2019-09-18,3.22,3.2,3.26,3.2,33173.91
2019-09-19,3.21,3.24,3.24,3.17,36226.42
2019-09-20,3.24,3.23,3.27,3.22,33619.98
2019-09-23,3.21,3.2,3.24,3.17,30542.76
2019-09-24,3.2,3.22,3.27,3.2,28116.87
2019-09-25,3.21,3.16,3.22,3.14,35200.14
2019-09-26,3.15,3.09,3.16,3.09,47879.51
2019-09-27,3.1,3.12,3.13,3.09,22660.54
2019-09-30,3.12,3.11,3.13,3.08,23799.0
2019-10-08,3.11,3.1,3.14,3.1,18672.67
2019-10-09,3.08,3.14,3.15,3.08,21260.57
2019-10-10,3.12,3.16,3.16,3.12,25103.84
2019-10-11,3.18,3.18,3.19,3.14,24302.04
2019-10-14,3.2,3.21,3.23,3.19,26190.19
2019-10-15,3.22,3.2,3.22,3.19,21586.51
2019-10-16,3.2,3.18,3.22,3.16,18587.5
2019-10-17,3.19,3.16,3.2,3.14,24439.0
2019-10-18,3.16,3.12,3.19,3.11,40401.48
2019-10-21,3.12,3.11,3.12,3.07,33271.76
2019-10-22,3.1,3.12,3.13,3.08,22497.25
2019-10-23,3.12,3.12,3.14,3.11,25665.17
2019-10-24,3.12,3.13,3.13,3.09,16628.49
2019-10-25,3.12,3.16,3.17,3.1,23121.66
2019-10-28,3.16,3.2,3.2,3.16,29187.67
2019-10-29,3.2,3.13,3.2,3.13,23593.51
2019-10-30,3.15,3.12,3.15,3.1,28951.66
2019-10-31,3.12,3.1,3.14,3.07,29835.75
2019-11-01,3.08,3.13,3.16,3.07,26130.68
2019-11-04,3.15,3.14,3.18,3.08,27634.7
2019-11-05,3.13,3.13,3.16,3.12,17627.44
2019-11-06,3.13,3.12,3.16,3.09,29056.74
2019-11-07,3.11,3.16,3.16,3.1,25993.25
2019-11-08,3.16,3.12,3.18,3.12,22274.25
2019-11-11,3.12,3.07,3.12,3.07,34925.91
2019-11-12,3.09,3.07,3.09,3.03,24427.67
2019-11-13,3.07,3.06,3.08,3.05,13695.21
2019-11-14,3.07,3.06,3.07,3.04,14803.25
2019-11-15,3.06,3.01,3.07,3.0,26922.59
2019-11-18,3.01,3.01,3.03,3.0,22859.36
2019-11-19,3.01,3.05,3.05,3.0,14309.84
2019-11-20,3.05,3.03,3.07,3.03,12563.95
2019-11-21,3.03,3.03,3.05,3.01,10399.5
2019-11-22,3.03,3.02,3.07,3.0,18251.0
2019-11-25,3.03,3.05,3.06,3.01,13736.09
2019-11-26,3.05,3.04,3.07,3.04,19510.0
2019-11-27,3.03,3.04,3.06,3.02,14504.63
2019-11-28,3.05,3.04,3.06,3.01,14560.7
2019-11-29,3.05,3.03,3.05,3.01,12238.25
2019-12-02,3.04,3.04,3.06,3.02,19978.5
2019-12-03,3.03,3.05,3.06,3.0,15990.75
2019-12-04,3.03,3.05,3.06,3.03,14427.59
2019-12-05,3.04,3.08,3.09,3.03,32102.36
2019-12-06,3.07,3.08,3.09,3.06,20026.39
2019-12-09,3.1,3.08,3.11,3.07,20664.87
2019-12-10,3.08,3.09,3.11,3.06,24868.07
2019-12-11,3.08,3.08,3.12,3.06,43665.33
2019-12-12,3.07,3.06,3.09,3.06,20491.5
2019-12-13,3.07,3.09,3.1,3.07,28569.5
2019-12-16,3.1,3.12,3.14,3.08,44069.11
2019-12-17,3.12,3.16,3.19,3.12,53088.69
2019-12-18,3.16,3.16,3.18,3.13,47348.9
2019-12-19,3.16,3.21,3.22,3.14,68458.03
2019-12-20,3.21,3.17,3.22,3.17,50659.37
2019-12-23,3.16,3.11,3.17,3.09,61508.29
2019-12-24,3.11,3.13,3.16,3.08,55875.26
2019-12-25,3.12,3.12,3.16,3.1,55951.98
2019-12-26,3.12,3.15,3.16,3.11,55681.75
2019-12-27,3.16,3.12,3.16,3.12,52891.67
2019-12-30,3.1,3.14,3.15,3.07,42095.74
2019-12-31,3.12,3.17,3.17,3.12,62448.38
2020-01-02,3.19,3.2,3.22,3.17,76409.01
2020-01-03,3.2,3.2,3.21,3.18,45924.26
2020-01-06,3.19,3.2,3.23,3.18,58286.88
2020-01-07,3.2,3.25,3.26,3.2,66526.85
2020-01-08,3.23,3.21,3.27,3.2,84326.27
2020-01-09,3.22,3.24,3.25,3.21,42661.96
2020-01-10,3.24,3.22,3.24,3.2,44620.25
2020-01-13,3.22,3.24,3.24,3.2,35765.67
2020-01-14,3.24,3.24,3.25,3.22,44627.23
2020-01-15,3.24,3.23,3.25,3.2,43410.32
2020-01-16,3.22,3.2,3.24,3.18,40649.0
2020-01-17,3.2,3.19,3.22,3.17,35148.99
2020-01-20,3.19,3.21,3.21,3.16,43295.77
2020-01-21,3.19,3.13,3.2,3.13,57844.02
2020-01-22,3.13,3.13,3.14,3.09,28995.25
2020-01-23,3.13,3.01,3.13,2.99,72705.51
2020-02-03,2.71,2.71,2.75,2.71,98216.5
2020-02-04,2.71,2.74,2.77,2.65,80611.08
2020-02-05,2.75,2.76,2.81,2.71,72002.75
2020-02-06,2.76,2.79,2.81,2.73,56527.46
2020-02-07,2.79,2.8,2.8,2.75,66452.19
2020-02-10,2.79,2.86,2.87,2.78,56422.53
2020-02-11,2.87,2.83,2.87,2.83,39719.75
2020-02-12,2.83,2.87,2.87,2.8,59545.09
2020-02-13,2.85,2.83,2.91,2.83,57478.01
2020-02-14,2.83,2.86,2.87,2.82,49734.5
2020-02-17,2.86,2.93,2.95,2.86,82277.89
2020-02-18,2.92,2.98,2.99,2.91,88102.9
2020-02-19,2.96,2.95,3.01,2.95,70183.21
2020-02-20,3.0,3.0,3.01,2.95,76368.82
2020-02-21,3.01,3.07,3.2,2.99,131410.84
2020-02-24,3.08,3.12,3.17,3.07,123211.84
2020-02-25,3.03,3.17,3.21,2.96,204109.63
2020-02-26,3.09,3.12,3.17,3.08,125212.93
2020-02-27,3.13,3.07,3.14,3.06,89985.43
2020-02-28,3.01,2.92,3.03,2.91,96521.06
2020-03-02,2.94,3.03,3.05,2.94,104099.6
2020-03-03,3.05,3.02,3.09,3.0,78840.63
2020-03-04,2.99,3.12,3.12,2.99,119934.47
2020-03-05,3.12,3.13,3.15,3.11,87120.51
2020-03-06,3.08,3.16,3.2,3.08,96319.2
2020-03-09,3.17,3.07,3.22,3.06,133512.09
2020-03-10,3.03,3.11,3.12,2.99,117730.8
2020-03-11,3.12,3.08,3.15,3.08,86552.21
2020-03-12,3.05,3.0,3.05,2.98,81751.6
2020-03-13,2.89,2.95,2.97,2.85,72426.24
2020-03-16,2.99,2.88,2.99,2.88,60395.04
2020-03-17,2.88,2.84,2.93,2.8,57710.77
2020-03-18,2.87,2.8,2.9,2.79,40778.84
2020-03-19,2.81,2.84,2.85,2.78,37884.02
2020-03-20,2.85,2.87,2.88,2.82,44234.0
2020-03-23,2.8,2.76,2.83,2.73,46213.68
2020-03-24,2.79,2.83,2.87,2.78,51825.01
2020-03-25,2.86,2.89,2.89,2.84,85548.01
2020-03-26,2.87,2.9,2.94,2.83,86091.4
2020-03-27,2.94,2.97,3.19,2.91,178012.58
2020-03-30,2.94,2.86,2.94,2.8,84325.36
2020-03-31,2.87,2.81,2.89,2.79,55141.91
2020-04-01,2.79,2.78,2.83,2.78,41175.23
2020-04-02,2.78,2.82,2.83,2.77,31395.86
2020-04-03,2.82,2.8,2.84,2.79,36585.73
2020-04-07,2.85,2.88,2.97,2.85,52630.57
2020-04-08,2.89,2.92,2.93,2.86,41837.38
2020-04-09,2.93,2.91,2.94,2.9,38745.5
2020-04-10,2.91,2.87,2.94,2.87,44532.61
2020-04-13,2.84,2.83,2.85,2.81,44731.91
2020-04-14,2.84,2.88,2.89,2.83,30010.35
2020-04-15,2.88,2.81,2.88,2.8,40653.44
2020-04-16,2.8,2.82,2.83,2.79,38054.33
2020-04-17,2.83,2.8,2.83,2.79,36047.5
2020-04-20,2.81,2.81,2.82,2.79,16532.25
2020-04-21,2.81,2.78,2.81,2.77,37847.25
2020-04-22,2.76,2.82,2.82,2.75,22419.75
2020-04-23,2.82,2.81,2.83,2.79,27155.52
2020-04-24,2.81,2.73,2.82,2.71,54443.0
2020-04-27,2.73,2.73,2.74,2.71,37290.25
2020-04-28,2.73,2.67,2.73,2.62,43987.21
2020-04-29,2.67,2.67,2.71,2.66,36120.14
2020-04-30,2.69,2.73,2.75,2.67,42699.79
2020-05-06,2.71,2.82,2.84,2.71,66602.17
2020-05-07,2.79,2.76,2.83,2.76,35070.85
2020-05-08,2.78,2.79,2.8,2.77,36224.25
2020-05-11,2.79,2.77,2.8,2.76,34255.75
2020-05-12,2.76,2.77,2.79,2.75,27645.85
2020-05-13,2.77,2.77,2.79,2.75,24241.85
2020-05-14,2.78,2.77,2.8,2.75,27160.75
2020-05-15,2.76,2.8,2.83,2.76,54257.68
2020-05-18,2.8,2.79,2.81,2.77,26453.7
2020-05-19,2.79,2.81,2.82,2.79,33996.97
2020-05-20,2.8,2.75,2.81,2.75,31893.0
2020-05-21,2.76,2.75,2.79,2.75,28675.5
2020-05-22,2.77,2.71,2.77,2.71,33448.82
2020-05-25,2.72,2.73,2.75,2.71,20941.76
2020-05-26,2.74,2.78,2.78,2.74,21267.76
2020-05-27,2.79,2.8,2.81,2.76,49468.46
2020-05-28,2.79,2.8,2.82,2.77,31023.3
2020-05-29,2.81,2.86,2.88,2.8,121115.22
2020-06-01,2.86,2.9,2.92,2.85,84520.94
2020-06-02,2.88,2.89,2.92,2.88,64030.41
2020-06-03,2.89,2.86,2.91,2.86,51225.0
2020-06-04,2.87,2.92,2.96,2.85,111357.33
2020-06-05,2.9,2.87,2.91,2.84,80509.25
2020-06-08,2.88,2.85,2.89,2.84,46476.45
2020-06-09,2.85,2.91,2.96,2.85,117248.04
2020-06-10,2.88,2.84,2.89,2.82,78396.49
2020-06-11,2.84,2.81,2.85,2.8,63982.47
2020-06-12,2.77,2.82,2.84,2.75,62997.63
2020-06-15,2.81,2.79,2.86,2.79,47761.45
2020-06-16,2.81,2.84,2.84,2.8,35943.09
2020-06-17,2.84,2.84,2.84,2.82,42082.48
2020-06-18,2.84,2.83,2.85,2.82,32645.13
2020-06-19,2.84,2.84,2.86,2.82,63731.58
2020-06-22,2.84,2.86,2.87,2.84,39577.25
2020-06-23,2.85,2.84,2.88,2.84,39876.89
2020-06-24,2.84,2.81,2.85,2.79,60697.19
2020-06-29,2.8,2.79,2.82,2.78,36956.26
2020-06-30,2.79,2.85,2.86,2.79,72283.93
2020-07-01,2.85,2.83,2.87,2.8,78662.41
2020-07-02,2.83,2.88,2.89,2.82,89187.18
2020-07-03,2.88,2.92,2.93,2.88,105089.93
2020-07-06,2.93,3.03,3.03,2.92,142143.66
2020-07-07,3.05,3.02,3.06,3.0,140758.5
2020-07-08,3.0,3.08,3.08,3.0,141353.71
2020-07-09,3.07,3.1,3.1,3.05,136418.53
2020-07-10,3.09,3.05,3.13,3.02,127433.21
2020-07-13,3.04,3.17,3.21,3.04,244263.33
2020-07-14,3.18,3.25,3.31,3.15,344965.38
2020-07-15,3.24,3.15,3.29,3.15,146303.59
2020-07-16,3.15,3.08,3.2,3.06,124329.87
2020-07-17,3.09,3.09,3.13,3.05,69862.58
2020-07-20,3.1,3.17,3.19,3.09,100901.95
2020-07-21,3.18,3.2,3.22,3.17,94942.51
2020-07-22,3.19,3.18,3.22,3.17,78048.5
2020-07-23,3.13,3.14,3.17,3.06,103852.65
2020-07-24,3.13,3.06,3.18,3.05,98860.0
2020-07-27,3.06,3.09,3.1,3.04,71907.5
2020-07-28,3.1,3.11,3.16,3.08,90012.52
2020-07-29,3.1,3.24,3.31,3.07,243295.92
2020-07-30,3.24,3.39,3.42,3.22,417625.23
2020-07-31,3.3,3.35,3.42,3.27,285255.81
2020-08-03,3.37,3.36,3.42,3.31,262220.62
2020-08-04,3.35,3.27,3.37,3.26,210830.8
2020-08-05,3.24,3.29,3.3,3.2,174121.25
2020-08-06,3.29,3.25,3.3,3.21,102535.48
2020-08-07,3.23,3.18,3.24,3.18,102914.44
2020-08-10,3.21,3.27,3.3,3.19,174256.78
2020-08-11,3.29,3.17,3.34,3.17,184553.93
2020-08-12,3.19,3.21,3.22,3.15,98891.49
2020-08-13,3.22,3.21,3.23,3.17,102304.82
2020-08-14,3.21,3.24,3.25,3.17,100902.23
2020-08-17,3.24,3.28,3.3,3.23,101940.48
2020-08-18,3.29,3.45,3.51,3.25,434428.33
2020-08-19,3.42,3.4,3.53,3.39,313683.75
2020-08-20,3.43,3.51,3.55,3.39,398956.31
2020-08-21,3.52,3.55,3.6,3.47,388103.33
2020-08-24,3.59,3.55,3.69,3.54,325259.14
2020-08-25,3.56,3.51,3.58,3.44,247652.6
2020-08-26,3.49,3.48,3.51,3.42,159010.72
2020-08-27,3.48,3.49,3.52,3.45,162374.5
2020-08-28,3.48,3.55,3.59,3.4,159367.0
2020-08-31,3.56,3.55,3.59,3.5,130076.71
2020-09-01,3.53,3.49,3.58,3.42,185625.67
2020-09-02,3.49,3.55,3.59,3.42,213952.77
2020-09-03,3.55,3.55,3.6,3.48,181230.87
2020-09-04,3.47,3.47,3.5,3.42,145384.23
2020-09-07,3.46,3.42,3.5,3.42,88421.22
2020-09-08,3.43,3.47,3.5,3.4,83993.25
2020-09-09,3.46,3.47,3.51,3.43,140732.5
2020-09-10,3.49,3.33,3.5,3.32,146482.07
2020-09-11,3.32,3.34,3.38,3.27,81393.08
2020-09-14,3.34,3.32,3.35,3.3,67953.63
2020-09-15,3.33,3.32,3.34,3.29,46930.0
2020-09-16,3.31,3.3,3.34,3.29,32482.0
2020-09-17,3.31,3.25,3.31,3.23,84331.54
2020-09-18,3.26,3.26,3.27,3.18,125362.62
2020-09-21,3.27,3.32,3.34,3.26,89976.45
2020-09-22,3.3,3.27,3.33,3.26,53720.0
2020-09-23,3.27,3.26,3.31,3.26,42586.5
2020-09-24,3.27,3.23,3.27,3.18,49358.75
2020-09-25,3.21,3.21,3.29,3.19,74260.94
2020-09-28,3.22,3.14,3.23,3.14,42156.57
2020-09-29,3.17,3.16,3.18,3.14,23494.25
2020-09-30,3.16,3.12,3.18,3.12,26150.0
2020-10-09,3.16,3.21,3.26,3.16,58200.57
2020-10-12,3.23,3.3,3.3,3.22,83332.73
2020-10-13,3.31,3.28,3.32,3.26,45086.75
2020-10-14,3.3,3.29,3.34,3.27,64271.6
2020-10-15,3.3,3.35,3.37,3.26,95271.05
2020-10-16,3.34,3.35,3.38,3.31,81205.0
2020-10-19,3.35,3.3,3.37,3.29,66500.92
2020-10-20,3.28,3.31,3.33,3.27,43742.5
2020-10-21,3.32,3.28,3.34,3.27,42745.25
2020-10-22,3.3,3.27,3.3,3.21,71645.5
2020-10-23,3.25,3.21,3.29,3.21,58515.55
2020-10-26,3.21,3.19,3.24,3.18,63123.17
2020-10-27,3.21,3.21,3.22,3.17,68758.6
2020-10-28,3.2,3.28,3.3,3.19,85843.52
2020-10-29,3.27,3.28,3.3,3.24,51967.85
2020-10-30,3.28,3.21,3.3,3.18,55637.46
2020-11-02,3.19,3.17,3.23,3.15,61552.0
2020-11-03,3.21,3.24,3.26,3.19,71155.85
2020-11-04,3.24,3.23,3.27,3.21,31244.12
2020-11-05,3.26,3.31,3.31,3.22,88803.12
2020-11-06,3.31,3.36,3.36,3.26,104244.14
2020-11-09,3.34,3.52,3.7,3.34,359932.02
2020-11-10,3.48,3.42,3.52,3.38,232936.79
2020-11-11,3.42,3.55,3.63,3.39,329398.88
2020-11-12,3.55,3.51,3.59,3.47,174472.49
2020-11-13,3.5,3.51,3.55,3.39,138502.35
2020-11-16,3.56,3.66,3.68,3.53,261764.1
2020-11-17,3.62,3.66,3.76,3.58,287171.55
2020-11-18,3.64,3.57,3.68,3.56,194936.28
2020-11-19,3.63,3.77,3.84,3.55,394922.78
2020-11-20,3.73,3.75,3.79,3.68,296456.82
2020-11-23,3.72,3.76,3.85,3.72,189740.7
2020-11-24,3.73,3.7,3.77,3.66,158179.66
2020-11-25,3.72,3.58,3.72,3.58,141146.05
2020-11-26,3.58,3.54,3.61,3.51,128567.63
2020-11-27,3.53,3.5,3.55,3.47,80244.01
2020-11-30,3.51,3.48,3.56,3.47,104405.5
2020-12-01,3.47,3.51,3.54,3.46,84213.25
2020-12-02,3.52,3.52,3.55,3.48,82535.51
2020-12-03,3.51,3.53,3.56,3.49,82572.29
2020-12-04,3.53,3.49,3.53,3.48,62925.82
2020-12-07,3.52,3.51,3.56,3.51,94390.79
2020-12-08,3.51,3.43,3.53,3.43,91280.17
2020-12-09,3.46,3.56,3.7,3.42,249718.9
2020-12-10,3.51,3.76,3.83,3.51,320913.82
2020-12-11,3.72,3.79,3.85,3.61,377961.68
2020-12-14,3.86,3.68,3.87,3.6,294578.66
2020-12-15,3.64,3.93,4.05,3.63,512376.0
2020-12-16,3.84,3.78,3.88,3.72,333335.93
2020-12-17,3.72,4.16,4.16,3.72,575333.71
2020-12-18,4.43,4.13,4.58,4.13,1232183.93
2020-12-21,3.97,3.89,4.02,3.76,873789.43
2020-12-22,3.86,4.1,4.2,3.83,829551.98
2020-12-23,4.04,4.22,4.3,4.03,716417.97
2020-12-24,4.16,4.33,4.52,4.04,732709.39
2020-12-25,4.26,4.19,4.51,4.18,690797.89
2020-12-28,4.14,4.3,4.43,4.14,509010.37
2020-12-29,4.31,4.12,4.44,4.1,530354.54
2020-12-30,4.0,4.01,4.13,3.97,304243.53
2020-12-31,4.05,4.1,4.14,3.98,298705.62
2021-01-04,4.09,4.01,4.22,4.0,302030.4
2021-01-05,3.99,3.84,4.01,3.81,303208.79
2021-01-06,3.86,3.91,4.03,3.77,298356.84
2021-01-07,3.84,3.67,3.84,3.65,256877.75
2021-01-08,3.62,3.59,3.68,3.53,158979.71
2021-01-11,3.59,3.42,3.66,3.41,193427.9
2021-01-12,3.42,3.45,3.49,3.4,97231.82
2021-01-13,3.45,3.42,3.49,3.28,193927.31
2021-01-14,3.37,3.34,3.38,3.3,124622.77
2021-01-15,3.34,3.38,3.42,3.34,90206.46
2021-01-18,3.38,3.47,3.48,3.38,91291.55
2021-01-19,3.45,3.44,3.49,3.42,79639.06
2021-01-20,3.43,3.42,3.44,3.38,68528.34
2021-01-21,3.42,3.45,3.49,3.38,97646.76
2021-01-22,3.42,3.34,3.42,3.34,124302.8
2021-01-25,3.34,3.35,3.41,3.28,89323.94
2021-01-26,3.35,3.4,3.47,3.32,104914.87
2021-01-27,3.51,3.5,3.62,3.47,207799.01
2021-01-28,3.43,3.55,3.59,3.43,173555.85
2021-01-29,3.54,3.4,3.55,3.36,140311.04
2021-02-01,3.41,3.38,3.42,3.33,87315.97
2021-02-02,3.35,3.32,3.39,3.31,102682.63
2021-02-03,3.33,3.25,3.33,3.22,101451.2
2021-02-04,3.25,3.16,3.26,3.13,99639.11
2021-02-05,3.16,3.13,3.21,3.12,79772.84
2021-02-08,3.13,3.14,3.18,3.07,64762.53
2021-02-09,3.15,3.22,3.24,3.13,67817.46
2021-02-10,3.21,3.27,3.29,3.19,67123.39
2021-02-18,3.28,3.32,3.34,3.28,107563.71
2021-02-19,3.31,3.42,3.44,3.3,105454.63
2021-02-22,3.43,3.45,3.55,3.4,153374.04
2021-02-23,3.47,3.44,3.51,3.41,113499.59
2021-02-24,3.42,3.43,3.48,3.4,74260.5
2021-02-25,3.45,3.38,3.46,3.36,67510.64
2021-02-26,3.34,3.36,3.39,3.34,68570.45
2021-03-01,3.39,3.45,3.45,3.37,81681.26
2021-03-02,3.47,3.49,3.51,3.44,148760.88
2021-03-03,3.49,3.51,3.52,3.46,120441.64
2021-03-04,3.49,3.48,3.55,3.47,100535.37
2021-03-05,3.47,3.51,3.53,3.46,86063.25
2021-03-08,3.51,3.44,3.54,3.44,76395.6
2021-03-09,3.43,3.38,3.47,3.33,108697.24
2021-03-10,3.38,3.33,3.4,3.33,65869.45
2021-03-11,3.33,3.38,3.38,3.3,60773.9
2021-03-12,3.38,3.55,3.55,3.35,171543.24
2021-03-15,3.52,3.73,3.78,3.48,351417.8
2021-03-16,3.67,3.7,3.73,3.61,224924.77
2021-03-17,3.67,3.68,3.72,3.61,128406.39
2021-03-18,3.65,3.63,3.68,3.6,101623.25
2021-03-19,3.6,3.68,3.7,3.58,126428.79
2021-03-22,3.66,3.68,3.7,3.63,106213.18
2021-03-23,3.66,3.62,3.67,3.58,92199.5
2021-03-24,3.59,3.62,3.71,3.58,101454.93
2021-03-25,3.62,3.57,3.63,3.54,77205.75
2021-03-26,3.59,3.7,3.7,3.55,132801.76
2021-03-29,3.7,3.69,3.72,3.62,194018.36
2021-03-30,3.67,3.6,3.68,3.59,92928.92
2021-03-31,3.58,3.63,3.66,3.55,75454.36
2021-04-01,3.64,3.57,3.64,3.55,83095.76
2021-04-02,3.58,3.51,3.59,3.5,71887.41
2021-04-06,3.51,3.55,3.59,3.49,57801.18
2021-04-07,3.54,3.59,3.59,3.54,57250.0
2021-04-08,3.57,3.54,3.61,3.51,65646.0
2021-04-09,3.54,3.64,3.66,3.53,118299.86
2021-04-12,3.61,3.59,3.7,3.59,108409.78
2021-04-13,3.58,3.44,3.6,3.43,112342.01
2021-04-14,3.44,3.48,3.51,3.42,62175.52
2021-04-15,3.48,3.52,3.55,3.42,80877.01
2021-04-16,3.51,3.62,3.63,3.51,117431.02
2021-04-19,3.62,3.64,3.69,3.62,117175.36
2021-04-20,3.65,3.67,3.74,3.62,163271.25
2021-04-21,3.55,3.44,3.59,3.42,275896.12
2021-04-22,3.44,3.38,3.49,3.35,156997.75
2021-04-23,3.38,3.31,3.38,3.28,118604.17
2021-04-26,3.29,3.31,3.34,3.29,74980.93
2021-04-27,3.31,3.23,3.31,3.19,102231.08
2021-04-28,3.23,3.22,3.26,3.2,69029.43
2021-04-29,3.21,3.25,3.27,3.21,73952.18
2021-04-30,3.26,3.27,3.33,3.23,104995.43
2021-05-06,3.28,3.26,3.31,3.24,90829.76
2021-05-07,3.24,3.24,3.27,3.23,66881.68
2021-05-10,3.24,3.26,3.26,3.22,59201.74
2021-05-11,3.25,3.26,3.26,3.23,46387.39
2021-05-12,3.26,3.29,3.3,3.24,64975.0
2021-05-13,3.27,3.25,3.29,3.22,87631.68
2021-05-14,3.24,3.3,3.34,3.23,106280.69
2021-05-17,3.29,3.26,3.3,3.26,87330.5
2021-05-18,3.26,3.27,3.28,3.25,47317.25
2021-05-19,3.26,3.33,3.41,3.26,152446.01
2021-05-20,3.3,3.25,3.32,3.24,126860.92
2021-05-21,3.24,3.24,3.26,3.22,56623.15
2021-05-24,3.23,3.23,3.25,3.21,54535.17
2021-05-25,3.23,3.24,3.24,3.21,51640.67
2021-05-26,3.23,3.25,3.26,3.22,87015.88
2021-05-27,3.24,3.26,3.26,3.23,66369.03
2021-05-28,3.25,3.25,3.27,3.24,69510.24
2021-05-31,3.26,3.24,3.26,3.23,43476.62
2021-06-01,3.24,3.26,3.27,3.22,69401.39
2021-06-02,3.26,3.26,3.26,3.24,66423.42
2021-06-03,3.26,3.26,3.26,3.24,51203.94
2021-06-04,3.26,3.24,3.26,3.23,68494.23
2021-06-07,3.24,3.26,3.27,3.22,76153.5
2021-06-08,3.26,3.29,3.3,3.25,84188.55
2021-06-09,3.29,3.29,3.31,3.27,66972.5
2021-06-10,3.28,3.3,3.32,3.27,72276.2
2021-06-11,3.3,3.3,3.34,3.28,80799.19
2021-06-15,3.3,3.3,3.3,3.26,62659.88
2021-06-16,3.27,3.28,3.3,3.26,34498.35
2021-06-17,3.27,3.25,3.28,3.24,53747.25
2021-06-18,3.26,3.25,3.26,3.23,49193.39
2021-06-21,3.25,3.27,3.27,3.22,64097.76
2021-06-22,3.29,3.31,3.35,3.28,77860.06
2021-06-23,3.29,3.27,3.3,3.26,59331.25
2021-06-24,3.27,3.26,3.27,3.25,48392.5
2021-06-25,3.26,3.26,3.27,3.24,57806.53
2021-06-28,3.26,3.26,3.26,3.24,43108.51
2021-06-29,3.25,3.21,3.25,3.21,45034.05
2021-06-30,3.21,3.21,3.23,3.2,31924.3
2021-07-01,3.22,3.21,3.26,3.21,56897.74
2021-07-02,3.23,3.16,3.23,3.15,59065.5
2021-07-05,3.16,3.21,3.24,3.16,44691.39
2021-07-06,3.22,3.21,3.23,3.18,43497.33
2021-07-07,3.2,3.21,3.22,3.19,32566.75
2021-07-08,3.21,3.16,3.22,3.15,54221.59
2021-07-09,3.15,3.15,3.16,3.11,44948.5
2021-07-12,3.17,3.17,3.19,3.14,48510.96
2021-07-13,3.17,3.17,3.17,3.15,32638.26
2021-07-14,3.16,3.13,3.17,3.13,49375.0
2021-07-15,3.13,3.09,3.13,3.06,73077.93
2021-07-16,3.08,3.08,3.1,3.06,35671.21
2021-07-19,3.08,3.04,3.08,3.03,41257.11
2021-07-20,3.02,3.04,3.05,3.02,26136.16
2021-07-21,3.05,3.06,3.07,3.04,35870.39
2021-07-22,3.07,3.06,3.07,3.05,32789.17
2021-07-23,3.06,3.04,3.07,3.03,43875.47
2021-07-26,3.04,2.99,3.04,2.97,48813.25
2021-07-27,3.01,2.97,3.01,2.97,33469.07
2021-07-28,2.97,2.92,2.97,2.87,50662.75
2021-07-29,2.93,2.95,2.96,2.92,32131.85
2021-07-30,2.94,2.92,2.95,2.9,48649.21
2021-08-02,2.92,2.99,3.0,2.89,59836.25
2021-08-03,2.97,3.04,3.07,2.97,87644.32
2021-08-04,3.04,3.03,3.06,3.02,36327.26
2021-08-05,3.06,3.06,3.07,3.03,45209.0
2021-08-06,3.1,3.16,3.17,3.06,173905.19
2021-08-09,3.14,3.17,3.19,3.13,86875.5
2021-08-10,3.16,3.2,3.22,3.15,79631.32
2021-08-11,3.22,3.21,3.23,3.19,81525.85
2021-08-12,3.21,3.18,3.23,3.18,67998.4
2021-08-13,3.21,3.19,3.21,3.17,55227.0
2021-08-16,3.2,3.22,3.24,3.19,83105.76
2021-08-17,3.23,3.16,3.25,3.15,110273.0
2021-08-18,3.16,3.19,3.21,3.14,67986.75
2021-08-19,3.2,3.17,3.21,3.16,52575.95
2021-08-20,3.17,3.15,3.18,3.13,50994.4
2021-08-23,3.16,3.21,3.24,3.16,66123.13
2021-08-24,3.21,3.23,3.26,3.21,79057.0
2021-08-25,3.23,3.24,3.25,3.2,83440.13
2021-08-26,3.23,3.25,3.26,3.21,77760.68
2021-08-27,3.23,3.23,3.25,3.21,62839.62
2021-08-30,3.25,3.24,3.26,3.23,76993.25
2021-08-31,3.24,3.3,3.34,3.21,140858.86
2021-09-01,3.31,3.3,3.35,3.26,79782.81
2021-09-02,3.3,3.33,3.33,3.27,87973.32
2021-09-03,3.31,3.35,3.35,3.3,79729.94
2021-09-06,3.35,3.34,3.36,3.31,69983.31
2021-09-07,3.32,3.35,3.36,3.32,107935.57
2021-09-08,3.35,3.4,3.4,3.35,107630.46
2021-09-09,3.38,3.4,3.45,3.38,87824.48
2021-09-10,3.4,3.36,3.42,3.34,88865.36
2021-09-13,3.36,3.45,3.46,3.32,121248.73
2021-09-14,3.47,3.4,3.47,3.38,104233.0
2021-09-15,3.39,3.46,3.47,3.38,95935.89
2021-09-16,3.47,3.39,3.51,3.38,96314.96
2021-09-17,3.42,3.4,3.42,3.35,64430.69
2021-09-22,3.36,3.4,3.4,3.34,58486.92
2021-09-23,3.4,3.46,3.47,3.39,81689.0
2021-09-24,3.48,3.35,3.49,3.35,72788.0
2021-09-27,3.38,3.21,3.46,3.18,141622.02
2021-09-28,3.22,3.21,3.23,3.15,90157.56
2021-09-29,3.19,3.17,3.24,3.13,84269.85
2021-09-30,3.19,3.25,3.26,3.16,85235.75
2021-10-08,3.26,3.4,3.42,3.25,157461.58
2021-10-11,3.42,3.4,3.45,3.37,76798.23
2021-10-12,3.4,3.36,3.41,3.33,56391.77
2021-10-13,3.37,3.31,3.37,3.27,53797.25
2021-10-14,3.31,3.34,3.36,3.26,44886.5
2021-10-15,3.34,3.28,3.35,3.27,41893.75
2021-10-18,3.31,3.31,3.32,3.26,40200.0
2021-10-19,3.31,3.28,3.32,3.28,48660.73
2021-10-20,3.34,3.45,3.5,3.32,211696.21
2021-10-21,3.48,3.58,3.64,3.45,286684.11
2021-10-22,3.59,3.54,3.63,3.51,191611.4
2021-10-25,3.51,3.51,3.59,3.45,157889.2
2021-10-26,3.54,3.64,3.67,3.51,264981.44
2021-10-27,3.62,3.5,3.62,3.38,266817.98
2021-10-28,3.5,3.35,3.5,3.32,150710.4
2021-10-29,3.35,3.5,3.59,3.33,189631.66
2021-11-01,3.46,3.54,3.62,3.46,209683.75
2021-11-02,3.53,3.5,3.63,3.48,189041.67
2021-11-03,3.54,3.52,3.59,3.47,137713.25
2021-11-04,3.5,3.55,3.57,3.44,163183.77
2021-11-05,3.54,3.56,3.62,3.53,172912.29
2021-11-08,3.54,3.62,3.62,3.52,167443.12
2021-11-09,3.6,3.56,3.64,3.55,129194.94
2021-11-10,3.59,3.67,3.69,3.5,215930.53
2021-11-11,3.66,3.64,3.67,3.6,153414.09
2021-11-12,3.63,3.68,3.72,3.58,169434.6
2021-11-15,3.68,3.77,3.79,3.68,196289.0
2021-11-16,3.77,3.74,3.81,3.72,171548.75
2021-11-17,3.73,3.79,3.79,3.69,168924.71
2021-11-18,3.78,3.69,3.88,3.69,200772.25
2021-11-19,3.73,3.72,3.75,3.69,115109.63
2021-11-22,3.71,3.64,3.74,3.64,137238.75
2021-11-23,3.66,3.64,3.67,3.61,91609.01
2021-11-24,3.64,3.6,3.67,3.56,125053.4
2021-11-25,3.62,3.6,3.65,3.59,88782.0
2021-11-26,3.6,3.62,3.63,3.57,84990.0
2021-11-29,3.6,3.51,3.6,3.49,134596.02
2021-11-30,3.52,3.55,3.59,3.52,106756.24
2021-12-01,3.54,3.69,3.69,3.52,143374.39
2021-12-02,3.71,3.66,3.71,3.63,87670.9
2021-12-03,3.64,3.72,3.74,3.62,110398.53
2021-12-06,3.74,3.68,3.74,3.67,96647.5
2021-12-07,3.69,3.64,3.7,3.59,95065.5
2021-12-08,3.64,3.65,3.66,3.59,89744.67
2021-12-09,3.67,3.79,3.93,3.66,252688.4
2021-12-10,3.81,3.76,3.81,3.73,141466.75
2021-12-13,3.89,3.75,3.89,3.71,144015.8
2021-12-14,3.75,3.7,3.77,3.68,114639.26
2021-12-15,3.74,3.71,3.75,3.69,96255.32
2021-12-16,3.67,3.72,3.74,3.67,87503.09
2021-12-17,3.69,3.66,3.74,3.63,120155.0
2021-12-20,3.66,3.74,3.84,3.64,234902.21
2021-12-21,3.76,3.84,3.85,3.73,212333.68
2021-12-22,3.84,3.81,3.87,3.77,129885.8
2021-12-23,3.79,3.75,3.83,3.74,102974.8
2021-12-24,3.74,3.63,3.77,3.62,147454.82
2021-12-27,3.64,3.78,3.81,3.6,165785.65
2021-12-28,3.77,3.79,3.79,3.73,78292.1
2021-12-29,3.77,3.82,3.88,3.75,144399.0
2021-12-30,3.81,3.84,3.85,3.8,105121.5
2021-12-31,3.84,3.88,3.93,3.81,127672.27
2022-01-04,3.91,3.99,4.04,3.89,169838.07
2022-01-05,3.98,3.93,4.01,3.88,146262.81
2022-01-06,3.93,4.01,4.04,3.9,149413.8
2022-01-07,4.01,3.91,4.05,3.91,120933.34
2022-01-10,3.9,3.9,3.96,3.89,86540.25
2022-01-11,3.91,3.93,4.03,3.9,110099.34
2022-01-12,3.95,3.93,3.99,3.91,87071.65
2022-01-13,3.93,3.88,3.97,3.87,93906.3
2022-01-14,3.9,3.82,3.9,3.8,104525.25
2022-01-17,3.81,3.87,3.88,3.81,92260.05
2022-01-18,3.88,3.82,3.89,3.76,104393.18
2022-01-19,3.81,3.79,3.83,3.74,86521.29
2022-01-20,3.81,3.7,3.81,3.68,116011.5
2022-01-21,3.69,3.65,3.72,3.61,90968.81
2022-01-24,3.64,3.63,3.67,3.59,78658.0
2022-01-25,3.64,3.45,3.64,3.42,145245.12
2022-01-26,3.43,3.46,3.49,3.39,103531.75
2022-01-27,3.46,3.36,3.47,3.36,102540.0
2022-01-28,3.41,3.46,3.5,3.38,85400.45
2022-02-07,3.54,3.63,3.65,3.48,140691.76
2022-02-08,3.64,3.77,3.85,3.61,187612.02
2022-02-09,3.77,3.8,3.82,3.74,111286.25
2022-02-10,3.8,3.79,3.81,3.75,85544.98
2022-02-11,3.79,3.75,3.82,3.71,110594.02
2022-02-14,3.75,3.72,3.79,3.7,88598.75
2022-02-15,3.75,3.7,3.76,3.67,83542.25
2022-02-16,3.74,3.78,3.83,3.73,116034.63
2022-02-17,3.82,3.74,3.82,3.72,95393.54
2022-02-18,3.69,3.77,3.79,3.68,111407.72
2022-02-21,3.79,3.82,3.83,3.75,104998.75
2022-02-22,3.82,3.82,3.86,3.79,114135.51
2022-02-23,3.82,3.79,3.84,3.78,109498.5
2022-02-24,3.81,3.71,3.83,3.68,177487.9
2022-02-25,3.72,3.78,3.8,3.72,119167.96
2022-02-28,3.81,3.75,3.81,3.71,84361.05
2022-03-01,3.75,3.85,3.87,3.75,119152.68
2022-03-02,3.83,3.91,3.93,3.82,112714.42
2022-03-03,3.94,3.92,3.95,3.9,109239.76
2022-03-04,3.92,3.89,3.94,3.87,103989.76
2022-03-07,3.92,3.91,3.98,3.89,120945.25
2022-03-08,3.93,3.78,3.96,3.73,122162.94
2022-03-09,3.78,3.63,3.81,3.52,185276.92
2022-03-10,3.69,3.79,3.85,3.69,154135.84
2022-03-11,3.74,3.79,3.83,3.67,129912.43
2022-03-14,3.79,3.69,3.83,3.68,109000.14
2022-03-15,3.66,3.41,3.69,3.41,156651.11
2022-03-16,3.46,3.58,3.6,3.38,113721.52
2022-03-17,3.6,3.57,3.64,3.54,112832.82
2022-03-18,3.54,3.69,3.69,3.54,107762.71
2022-03-21,3.69,3.69,3.73,3.64,84002.87
2022-03-22,3.71,3.83,3.85,3.67,134899.11
2022-03-23,3.79,3.79,3.85,3.79,77475.08
2022-03-24,3.79,3.72,3.8,3.71,77144.0
2022-03-25,3.74,3.95,3.96,3.73,253585.05
2022-03-28,3.96,3.95,4.03,3.86,183410.56
2022-03-29,3.93,3.84,3.95,3.83,131584.8
2022-03-30,3.88,3.88,4.02,3.86,230300.15
2022-03-31,3.88,4.11,4.17,3.87,322516.67
2022-04-01,4.06,4.0,4.09,3.98,199684.07
2022-04-06,3.98,4.02,4.09,3.98,198892.34
2022-04-07,3.99,3.98,4.03,3.95,139323.95
2022-04-08,3.95,3.93,3.99,3.87,160962.61
2022-04-11,3.93,3.93,4.07,3.89,225206.21
2022-04-12,3.87,4.06,4.07,3.83,188511.51
2022-04-13,4.11,4.01,4.14,3.99,186603.69
2022-04-14,4.03,4.17,4.27,4.0,309784.85
2022-04-15,4.17,3.99,4.18,3.97,263185.23
2022-04-18,3.98,4.06,4.08,3.92,168472.55
2022-04-19,4.03,4.04,4.08,3.97,124920.56
2022-04-20,4.09,3.96,4.1,3.9,252615.49
2022-04-21,3.97,3.74,4.03,3.73,241275.08
2022-04-22,3.77,3.72,3.78,3.65,168469.18
2022-04-25,3.71,3.51,3.74,3.5,194202.39
2022-04-26,3.52,3.41,3.64,3.37,190451.96
2022-04-27,3.35,3.42,3.44,3.21,253810.4
2022-04-28,3.4,3.37,3.45,3.3,151924.41
2022-04-29,3.38,3.53,3.55,3.38,181761.97
2022-05-05,3.54,3.58,3.63,3.49,143752.25
2022-05-06,3.5,3.46,3.52,3.44,124931.75
2022-05-09,3.45,3.54,3.56,3.44,89766.5
2022-05-10,3.5,3.59,3.59,3.49,110234.71
2022-05-11,3.59,3.58,3.66,3.56,132594.5
2022-05-12,3.55,3.61,3.64,3.55,84380.38
2022-05-13,3.62,3.66,3.69,3.59,109559.97
2022-05-16,3.68,3.71,3.74,3.64,129164.32
2022-05-17,3.73,3.68,3.73,3.6,95562.32
2022-05-18,3.69,3.65,3.72,3.64,83657.7
2022-05-19,3.6,3.68,3.69,3.59,87693.3
2022-05-20,3.7,3.72,3.74,3.67,107628.0
2022-05-23,3.72,3.74,3.75,3.68,87157.37
2022-05-24,3.73,3.64,3.76,3.63,137668.87
2022-05-25,3.63,4.0,4.0,3.61,262572.9
2022-05-26,4.16,4.4,4.4,4.15,552794.21
2022-05-27,4.84,4.84,4.84,4.84,107027.15
2022-05-30,5.32,4.43,5.32,4.36,1506533.98
2022-05-31,4.14,4.16,4.24,4.04,1073946.89
2022-06-01,4.12,4.32,4.57,4.12,1065848.31
2022-06-02,4.36,4.41,4.6,4.34,967284.19
2022-06-06,4.47,4.28,4.5,4.21,759653.53
2022-06-07,4.25,4.18,4.28,4.15,508641.8
2022-06-08,4.16,4.21,4.22,4.03,463642.63
2022-06-09,4.2,4.07,4.2,4.05,336970.33
2022-06-10,4.07,4.14,4.17,4.05,322667.15
2022-06-13,4.06,4.1,4.19,4.05,261056.37
2022-06-14,4.12,4.31,4.35,4.1,519719.24
2022-06-15,4.25,4.28,4.31,4.19,440260.03
2022-06-16,4.31,4.21,4.31,4.16,316411.0
2022-06-17,4.16,4.38,4.5,4.1,585078.04
2022-06-20,4.33,4.5,4.56,4.32,585325.03
2022-06-21,4.39,4.45,4.56,4.39,431425.61
2022-06-22,4.47,4.35,4.53,4.34,273741.2
2022-06-23,4.38,4.53,4.56,4.37,353467.88
2022-06-24,4.56,4.98,4.98,4.53,470894.49
2022-06-27,5.19,4.86,5.19,4.74,757726.99
2022-06-28,4.81,4.95,5.03,4.79,548373.18
2022-06-29,4.9,4.72,5.01,4.68,441462.9
2022-06-30,4.71,4.65,4.79,4.61,282890.83
2022-07-01,4.64,4.61,4.67,4.55,189912.66
2022-07-04,4.61,4.55,4.67,4.53,219215.56
2022-07-05,4.57,4.61,4.69,4.53,228075.0
2022-07-06,4.61,4.77,4.96,4.58,491047.53
2022-07-07,4.75,4.79,4.84,4.65,352260.03
2022-07-08,4.78,5.27,5.27,4.76,942540.74
2022-07-11,5.49,5.8,5.8,5.49,594714.12
2022-07-12,6.26,6.38,6.38,5.81,2274720.55
2022-07-13,6.48,7.02,7.02,6.48,1821500.43
2022-07-14,7.38,6.32,7.72,6.32,2736421.77
2022-07-15,6.01,5.69,6.27,5.69,1921523.95
2022-07-18,5.54,5.57,5.76,5.5,1341928.7
2022-07-19,5.59,5.73,5.85,5.54,1382552.65
2022-07-20,5.69,5.72,5.78,5.52,1034161.32
2022-07-21,5.68,5.6,5.84,5.6,918849.72
2022-07-22,5.55,5.93,6.16,5.54,1397453.49
2022-07-25,5.92,5.61,5.93,5.6,905443.83
2022-07-26,5.63,5.65,5.71,5.4,635348.22
2022-07-27,5.62,5.71,5.83,5.6,659652.55
2022-07-28,5.8,5.89,5.98,5.71,832488.05
2022-07-29,5.82,6.22,6.4,5.79,1238432.85
2022-08-01,6.13,6.05,6.2,5.94,842864.57
2022-08-02,5.88,5.44,5.88,5.44,775544.44
2022-08-03,5.42,5.2,5.61,5.14,744271.92
2022-08-04,5.24,5.25,5.28,5.08,428814.86
2022-08-05,5.25,5.12,5.27,5.03,448231.96
2022-08-08,5.1,5.12,5.17,5.02,305355.08
2022-08-09,5.19,5.14,5.25,5.13,343264.35
2022-08-10,5.11,5.16,5.19,5.07,293697.43
2022-08-11,5.18,5.3,5.35,5.17,393864.68
2022-08-12,5.26,5.42,5.48,5.24,404239.46
2022-08-15,5.54,5.68,5.74,5.32,657078.49
2022-08-16,5.63,5.73,5.82,5.59,631155.33
2022-08-17,5.69,5.68,5.78,5.66,458522.65
2022-08-18,5.61,5.51,5.7,5.5,445798.36
2022-08-19,5.58,5.39,5.6,5.38,374671.82
2022-08-22,5.37,5.28,5.42,5.25,311355.51
2022-08-23,5.32,5.31,5.36,5.26,237261.84
2022-08-24,5.33,5.05,5.4,5.04,368141.26
2022-08-25,5.07,4.96,5.09,4.84,278526.17
2022-08-26,4.96,4.87,4.99,4.86,185290.49
2022-08-29,4.82,4.97,4.99,4.76,208066.17
2022-08-30,4.96,4.92,5.03,4.84,166484.09
2022-08-31,4.86,4.69,4.89,4.67,217084.22
2022-09-01,4.73,4.77,4.89,4.71,239851.07
2022-09-02,4.8,4.89,4.91,4.73,182488.71
2022-09-05,4.92,4.88,4.95,4.84,147241.77
2022-09-06,4.89,4.99,4.99,4.86,158661.57
2022-09-07,4.98,4.89,4.98,4.84,186018.33
2022-09-08,4.92,4.79,4.93,4.77,158108.23
2022-09-09,4.79,4.73,4.81,4.69,125742.0
2022-09-13,4.74,4.72,4.79,4.69,107781.0
2022-09-14,4.66,4.63,4.69,4.59,143673.83
2022-09-15,4.66,4.48,4.67,4.38,197257.53
2022-09-16,4.49,4.34,4.5,4.33,142612.54
2022-09-19,4.39,4.32,4.4,4.26,129267.57
2022-09-20,4.38,4.47,4.5,4.34,152244.0
2022-09-21,4.45,4.52,4.54,4.39,126866.0
2022-09-22,4.5,4.5,4.59,4.49,139785.93
2022-09-23,4.51,4.44,4.54,4.4,124736.71
2022-09-26,4.42,4.37,4.48,4.35,111524.0
2022-09-27,4.39,4.61,4.67,4.33,302549.38
2022-09-28,4.61,4.58,4.66,4.42,649997.07
2022-09-29,4.55,4.15,4.57,4.12,739859.44
2022-09-30,4.03,4.02,4.21,4.0,304236.4
2022-10-10,4.07,4.07,4.2,4.03,267933.59
2022-10-11,4.1,4.2,4.21,4.09,196362.45
2022-10-12,4.21,4.27,4.28,4.07,202995.94
2022-10-13,4.26,4.37,4.42,4.24,237773.38
2022-10-14,4.37,4.45,4.46,4.34,254263.82
2022-10-17,4.4,4.48,4.55,4.4,299894.14
2022-10-18,4.49,4.46,4.51,4.39,242124.13
2022-10-19,4.44,4.37,4.45,4.36,152460.55
2022-10-20,4.38,4.27,4.39,4.25,165189.5
2022-10-21,4.3,4.32,4.38,4.25,167284.78
2022-10-24,4.33,4.2,4.37,4.18,162727.37
2022-10-25,4.2,4.26,4.3,4.13,163305.36
2022-10-26,4.29,4.34,4.4,4.26,149038.3
2022-10-27,4.36,4.36,4.5,4.33,201912.05
2022-10-28,4.35,4.2,4.43,4.17,199928.99
2022-10-31,4.15,4.18,4.26,4.12,127789.28
2022-11-01,4.2,4.38,4.38,4.2,150252.2
2022-11-02,4.4,4.42,4.45,4.35,171653.86
2022-11-03,4.42,4.45,4.48,4.39,157200.27
2022-11-04,4.47,4.55,4.6,4.44,217210.08
2022-11-07,4.54,4.58,4.61,4.53,168672.25
2022-11-08,4.58,4.55,4.59,4.51,120738.0
2022-11-09,4.58,4.55,4.59,4.52,127059.8
2022-11-10,4.55,4.57,4.58,4.48,115163.0
2022-11-11,4.64,4.6,4.66,4.57,197026.07
2022-11-14,4.6,4.55,4.67,4.53,164725.31
2022-11-15,4.54,4.62,4.64,4.53,156139.03
2022-11-16,4.64,4.62,4.67,4.6,99649.75
2022-11-17,4.61,4.57,4.61,4.55,99502.0
2022-11-18,4.57,4.52,4.59,4.47,176603.25
2022-11-21,4.5,4.5,4.55,4.44,127399.81
2022-11-22,4.52,4.49,4.55,4.43,131874.87
2022-11-23,4.49,4.49,4.5,4.38,129368.38
2022-11-24,4.5,4.55,4.58,4.49,151475.29
2022-11-25,4.55,4.55,4.57,4.48,144866.29
2022-11-28,4.5,4.54,4.54,4.39,159832.61
2022-11-29,4.56,4.59,4.61,4.56,156019.48
2022-11-30,4.6,4.66,4.67,4.59,225475.1
2022-12-01,4.68,4.62,4.71,4.57,245038.25
2022-12-02,4.61,4.63,4.67,4.58,148796.44
2022-12-05,4.66,4.64,4.68,4.61,149864.5
2022-12-06,4.63,4.59,4.64,4.57,113741.31
2022-12-07,4.59,4.57,4.61,4.53,144652.64
2022-12-08,4.57,4.55,4.59,4.54,86465.15
2022-12-09,4.58,4.58,4.59,4.53,103369.15
2022-12-12,4.55,4.48,4.57,4.45,129126.0
2022-12-13,4.49,4.53,4.55,4.46,111101.5
2022-12-14,4.52,4.5,4.57,4.48,90750.0
2022-12-15,4.49,4.53,4.55,4.45,97963.4
2022-12-16,4.51,4.51,4.55,4.44,137060.0
2022-12-19,4.5,4.6,4.6,4.4,466417.11
2022-12-20,4.67,5.06,5.06,4.55,884641.85
2022-12-21,5.06,5.25,5.35,4.9,1687281.88
2022-12-22,5.06,4.94,5.08,4.89,863613.36
2022-12-23,4.86,5.02,5.09,4.74,746882.68
2022-12-26,4.91,5.01,5.08,4.86,626156.03
2022-12-27,4.96,4.98,5.04,4.91,423587.09
2022-12-28,4.91,4.79,4.96,4.76,484342.77
2022-12-29,4.74,4.52,4.79,4.5,578003.42
2022-12-30,4.53,4.66,4.71,4.46,469158.7
2023-01-03,4.62,4.81,4.82,4.62,410523.28
2023-01-04,4.79,4.86,4.87,4.74,366188.93
2023-01-05,4.85,4.82,4.86,4.79,269453.48
2023-01-06,4.8,4.77,4.84,4.73,227937.33
2023-01-09,4.77,4.74,4.79,4.72,175972.26
2023-01-10,4.75,5.08,5.22,4.73,1147592.23
2023-01-11,4.99,5.19,5.52,4.96,1247762.45
2023-01-12,5.09,5.09,5.19,4.95,636743.57
2023-01-13,5.12,5.31,5.42,5.08,929882.72
2023-01-16,5.3,5.25,5.42,5.13,661090.61
2023-01-17,5.21,5.12,5.24,5.1,425510.87
2023-01-18,5.13,5.08,5.19,5.08,294392.63
2023-01-19,5.08,5.07,5.13,5.03,281945.93
2023-01-20,5.08,5.14,5.25,5.08,262356.26
2023-01-30,5.25,5.32,5.4,5.19,518630.56
2023-01-31,5.29,5.36,5.39,5.27,371688.03
2023-02-01,5.34,5.35,5.37,5.26,368609.9
2023-02-02,5.35,5.26,5.36,5.25,313343.97
2023-02-03,5.26,5.25,5.26,5.17,225231.23
2023-02-06,5.24,5.25,5.25,5.19,162858.0
2023-02-07,5.24,5.43,5.44,5.22,533016.02
2023-02-08,5.4,5.28,5.42,5.28,332493.91
2023-02-09,5.27,5.31,5.37,5.27,254006.96
2023-02-10,5.3,5.23,5.31,5.2,247042.31
2023-02-13,5.25,5.3,5.31,5.22,192185.93
2023-02-14,5.31,5.19,5.31,5.18,239142.08
2023-02-15,5.19,5.17,5.22,5.15,159005.33
2023-02-16,5.16,4.99,5.19,4.94,282618.95
2023-02-17,4.98,5.01,5.1,4.98,160348.0
2023-02-20,5.08,5.19,5.23,5.07,253502.06
2023-02-21,5.24,5.2,5.25,5.15,155335.41
2023-02-22,5.21,5.18,5.21,5.16,102041.0
2023-02-23,5.19,5.17,5.2,5.14,108817.9
2023-02-24,5.18,5.13,5.19,5.08,112505.25
2023-02-27,5.1,5.13,5.21,5.08,121402.0
2023-02-28,5.12,5.13,5.14,5.02,150274.53
2023-03-01,5.13,5.14,5.15,5.1,100647.0
2023-03-02,5.13,5.09,5.19,5.08,112184.9
2023-03-03,5.08,5.19,5.19,5.08,143735.78
2023-03-06,5.19,5.08,5.19,5.07,140736.98
2023-03-07,5.08,4.97,5.09,4.96,144948.5
2023-03-08,4.95,4.97,5.0,4.94,63956.5
2023-03-09,4.98,4.97,5.01,4.9,80880.68
2023-03-10,4.93,4.81,4.96,4.81,106441.31
2023-03-13,4.79,4.82,4.84,4.78,60783.41
2023-03-14,4.83,4.72,4.84,4.63,130176.0
2023-03-15,4.74,4.84,4.87,4.73,113923.12
2023-03-16,4.83,4.74,4.84,4.73,83217.24
2023-03-17,4.79,4.79,4.82,4.76,76717.08
2023-03-20,4.79,4.79,4.83,4.76,82857.21
2023-03-21,4.8,4.9,4.9,4.79,96237.41
2023-03-22,4.89,4.91,4.93,4.88,72435.66
2023-03-23,4.9,4.92,4.93,4.87,76652.1
2023-03-24,4.92,4.99,5.03,4.89,129195.45
2023-03-27,5.03,5.06,5.13,4.96,176012.02
2023-03-28,5.07,5.0,5.08,4.99,118073.32
2023-03-29,5.02,5.03,5.16,5.0,165560.69
2023-03-30,5.18,5.08,5.25,5.08,409185.46
2023-03-31,5.12,5.2,5.23,5.09,267309.98
2023-04-03,5.2,5.32,5.37,5.19,316324.15
2023-04-04,5.3,5.2,5.31,5.18,197625.25
2023-04-06,5.19,5.1,5.19,5.08,144700.0
2023-04-07,5.08,5.09,5.12,5.07,111962.0
2023-04-10,5.1,5.01,5.1,5.0,126429.25
2023-04-11,4.99,5.0,5.02,4.93,101863.64
2023-04-12,5.0,5.02,5.05,4.98,86534.54
2023-04-13,5.02,4.95,5.03,4.93,104348.02
2023-04-14,4.95,4.9,4.98,4.89,97798.0
2023-04-17,5.0,5.13,5.15,5.0,273400.24
2023-04-18,5.07,5.25,5.29,5.02,402041.31
2023-04-19,5.19,5.34,5.4,5.17,444771.7
2023-04-20,5.53,5.88,5.88,5.48,941462.53
2023-04-21,5.92,5.92,6.16,5.87,1203204.12
2023-04-24,5.96,5.93,6.31,5.86,785240.68
2023-04-25,5.95,5.84,6.07,5.71,574530.0
2023-04-26,5.86,5.72,5.89,5.6,425480.27
2023-04-27,5.71,5.66,5.75,5.6,280616.82
2023-04-28,5.68,5.8,5.83,5.66,377136.12
2023-05-04,5.77,5.82,5.9,5.72,363165.4
2023-05-05,5.81,5.59,5.81,5.51,385362.22
2023-05-08,5.61,5.57,5.64,5.54,197422.22
2023-05-09,5.57,5.51,5.62,5.49,239828.04
2023-05-10,5.5,5.56,5.6,5.46,190027.0
2023-05-11,5.57,5.48,5.57,5.41,187450.64
2023-05-12,5.46,5.51,5.6,5.44,169931.9
2023-05-15,5.51,5.54,5.54,5.36,195865.54
2023-05-16,5.53,5.48,5.66,5.46,191150.47
2023-05-17,5.48,5.61,5.62,5.46,173754.69
2023-05-18,5.6,5.69,5.74,5.57,231516.07
2023-05-19,5.71,5.69,5.83,5.64,283255.55
2023-05-22,5.72,5.65,5.73,5.63,184871.4
2023-05-23,5.67,5.59,5.69,5.59,126793.84
2023-05-24,5.55,5.56,5.66,5.52,127668.5
2023-05-25,5.58,5.5,5.62,5.44,154553.92
2023-05-26,5.48,5.47,5.5,5.4,126710.05
2023-05-29,5.5,5.64,5.71,5.48,229591.24
2023-05-30,5.6,5.66,5.68,5.5,173492.23
2023-05-31,5.66,5.82,5.87,5.64,324190.27
2023-06-01,5.83,5.8,5.86,5.74,177727.18
2023-06-02,5.81,5.84,5.91,5.77,145228.97
2023-06-05,5.84,5.95,6.0,5.78,203141.5
2023-06-06,5.95,5.77,5.96,5.73,164179.35
2023-06-07,5.8,5.75,5.81,5.73,107174.97
2023-06-08,5.77,5.77,5.82,5.63,151004.43
2023-06-09,5.81,5.87,5.93,5.76,161979.56
2023-06-12,5.83,5.87,5.89,5.75,142262.43
2023-06-13,5.83,5.71,5.89,5.66,233700.79
2023-06-14,5.7,5.65,5.7,5.63,130580.6
2023-06-15,5.65,5.72,5.75,5.64,133610.98
2023-06-16,5.72,5.85,6.07,5.72,218790.85
2023-06-19,5.81,5.72,5.87,5.7,130163.62
2023-06-20,5.73,5.8,5.87,5.71,164168.41
2023-06-21,5.81,5.91,6.02,5.79,288815.62
2023-06-26,5.95,5.72,6.2,5.7,322420.28
2023-06-27,5.8,6.07,6.08,5.7,426874.57
2023-06-28,6.04,5.96,6.04,5.61,523684.08
2023-06-29,5.89,6.02,6.07,5.8,316133.98
2023-06-30,6.02,6.08,6.14,5.94,326444.9
2023-07-03,6.06,6.01,6.1,5.96,230597.65
2023-07-04,5.98,5.97,6.05,5.93,159631.4
2023-07-05,5.95,5.88,6.01,5.85,149377.7
2023-07-06,5.9,5.89,5.96,5.86,118705.65
2023-07-07,5.85,5.9,5.94,5.83,127521.5
2023-07-10,6.18,6.24,6.41,6.14,731573.81
2023-07-11,6.28,6.13,6.33,6.07,375694.65
2023-07-12,6.18,5.98,6.19,5.96,300545.62
2023-07-13,5.96,6.01,6.08,5.95,201136.36
2023-07-14,6.0,5.97,6.12,5.95,197963.55
2023-07-17,6.03,6.02,6.08,5.95,175425.98
2023-07-18,6.0,6.05,6.07,5.89,204617.99
2023-07-19,6.04,6.07,6.08,6.01,166420.01
2023-07-20,6.07,5.95,6.08,5.92,188552.08
2023-07-21,5.93,5.82,5.95,5.78,214828.57
2023-07-24,5.84,5.85,5.88,5.82,118744.66
2023-07-25,5.89,6.04,6.06,5.85,244975.95
2023-07-26,6.07,5.81,6.07,5.76,315516.18
2023-07-27,5.79,5.62,5.83,5.6,248322.38
2023-07-28,5.63,5.72,5.74,5.56,149591.6
2023-07-31,5.71,5.85,5.85,5.69,182119.65
2023-08-01,5.82,5.85,5.93,5.8,162941.35
2023-08-02,5.83,5.73,5.84,5.71,137319.0
2023-08-03,5.71,5.7,5.73,5.67,87697.25
2023-08-04,5.72,5.75,5.77,5.71,92766.25
2023-08-07,5.75,5.76,5.79,5.71,133242.12
2023-08-08,5.74,5.78,5.86,5.67,200941.81
2023-08-09,5.74,5.52,5.77,5.51,240289.77
2023-08-10,5.52,5.54,5.56,5.49,112610.5
2023-08-11,5.54,5.42,5.55,5.42,105075.0
2023-08-14,5.35,5.46,5.49,5.33,111193.7
2023-08-15,5.48,5.42,5.51,5.4,94915.5
2023-08-16,5.42,5.36,5.43,5.34,88185.13
2023-08-17,5.34,5.45,5.46,5.29,124408.84
2023-08-18,5.44,5.33,5.47,5.33,107909.0
2023-08-21,5.34,5.29,5.39,5.28,103816.25
2023-08-22,5.33,5.34,5.35,5.23,117151.93
2023-08-23,5.35,5.28,5.36,5.26,73501.5
2023-08-24,5.33,5.35,5.42,5.28,119347.5
2023-08-25,5.44,5.19,5.44,5.17,155007.0
2023-08-28,5.49,5.33,5.5,5.3,180008.99
2023-08-29,5.36,5.42,5.46,5.27,135842.0
2023-08-30,5.43,5.43,5.53,5.42,100350.0
2023-08-31,5.44,5.36,5.51,5.35,96174.0
2023-09-01,5.38,5.41,5.42,5.34,104318.75
2023-09-04,5.42,5.51,5.51,5.41,129274.88
2023-09-05,5.49,5.49,5.53,5.47,79338.62
2023-09-06,5.49,5.49,5.53,5.47,81974.0
2023-09-07,5.49,5.35,5.5,5.34,88182.0
2023-09-08,5.37,5.33,5.4,5.32,74859.9
2023-09-11,5.35,5.41,5.43,5.29,108987.68
2023-09-12,5.41,5.46,5.47,5.37,78029.68
2023-09-13,5.43,5.35,5.49,5.33,112629.29
2023-09-14,5.36,5.28,5.38,5.25,99038.29
2023-09-15,5.31,5.26,5.31,5.23,63770.5
2023-09-18,5.26,5.34,5.35,5.18,87048.81
2023-09-19,5.33,5.25,5.34,5.23,81893.87
2023-09-20,5.25,5.21,5.29,5.2,69560.64
2023-09-21,5.22,5.18,5.23,5.14,62579.5
2023-09-22,5.18,5.29,5.3,5.18,75853.1
2023-09-25,5.28,5.27,5.34,5.24,61335.62
2023-09-26,5.27,5.24,5.28,5.23,48010.0
2023-09-27,5.24,5.26,5.28,5.2,53089.75
2023-09-28,5.27,5.32,5.34,5.26,68917.18
2023-10-09,5.34,5.28,5.34,5.25,90544.12
2023-10-10,5.28,5.19,5.34,5.16,109659.88
2023-10-11,5.2,5.14,5.22,5.13,75075.33
2023-10-12,5.16,5.28,5.29,5.14,102319.31
2023-10-13,5.25,5.14,5.25,5.11,111662.0
2023-10-16,5.13,5.13,5.21,5.11,93241.02
2023-10-17,5.15,5.13,5.17,5.07,82761.0
2023-10-18,5.13,5.04,5.13,5.02,85307.52
2023-10-19,5.05,5.0,5.12,4.99,86840.27
2023-10-20,4.98,4.95,5.06,4.95,69890.24
2023-10-23,4.92,4.85,4.98,4.84,88723.25
2023-10-24,4.92,5.04,5.1,4.91,148932.5
2023-10-25,5.09,5.28,5.34,5.06,212255.83
2023-10-26,5.27,5.35,5.36,5.2,150005.5
2023-10-27,5.36,5.41,5.45,5.34,136024.9
2023-10-30,5.39,5.33,5.41,5.32,128442.71
2023-10-31,5.34,5.33,5.39,5.32,83424.0
2023-11-01,5.38,5.38,5.41,5.31,102656.5
2023-11-02,5.37,5.32,5.39,5.32,75112.5
2023-11-03,5.36,5.35,5.4,5.33,74791.0
2023-11-06,5.36,5.48,5.5,5.36,133373.5
2023-11-07,5.52,5.48,5.52,5.42,87139.52
2023-11-08,5.49,5.5,5.55,5.46,88151.2
2023-11-09,5.5,5.47,5.52,5.41,108231.43
2023-11-10,5.47,5.47,5.5,5.42,84668.11
2023-11-13,5.49,5.47,5.52,5.42,90616.01
2023-11-14,5.46,5.44,5.48,5.42,91698.73
2023-11-15,5.48,5.52,5.57,5.42,115402.82
2023-11-16,5.58,5.5,5.58,5.48,98475.25
2023-11-17,5.49,5.56,5.56,5.47,75350.0
2023-11-20,5.56,5.58,5.59,5.53,89553.5
2023-11-21,5.59,5.54,5.6,5.52,87939.5
2023-11-22,5.54,5.47,5.55,5.47,78270.75
2023-11-23,5.46,5.54,5.54,5.45,76083.0
2023-11-24,5.54,5.5,5.56,5.49,75134.0
2023-11-27,5.5,5.48,5.53,5.43,75258.5
2023-11-28,5.49,5.49,5.53,5.45,56991.35
2023-11-29,5.49,5.47,5.52,5.46,65840.0
2023-11-30,5.49,5.45,5.49,5.39,67995.25
2023-12-01,5.45,5.47,5.49,5.37,85244.25
2023-12-04,5.49,5.43,5.49,5.42,99743.75
2023-12-05,5.44,5.35,5.44,5.34,103894.59
2023-12-06,5.34,5.35,5.41,5.33,70070.25
2023-12-07,5.35,5.33,5.37,5.3,62131.75
2023-12-08,5.34,5.23,5.39,5.23,99748.25
2023-12-11,5.2,5.24,5.28,5.16,104092.0
2023-12-12,5.25,5.27,5.28,5.21,59229.0
2023-12-13,5.27,5.27,5.34,5.23,75162.5
2023-12-14,5.29,5.31,5.34,5.27,80749.0
2023-12-15,5.3,5.31,5.34,5.28,73467.0
2023-12-18,5.29,5.23,5.3,5.2,81121.0
2023-12-19,5.22,5.2,5.22,5.14,69009.0
2023-12-20,5.21,5.15,5.27,5.15,62472.0
2023-12-21,5.18,5.18,5.2,5.08,91906.0
2023-12-22,5.2,5.12,5.21,5.09,89840.0
2023-12-25,5.14,5.08,5.15,5.05,79392.62
2023-12-26,5.11,5.01,5.11,4.99,63067.66
2023-12-27,5.02,5.07,5.1,4.99,60007.84
2023-12-28,5.09,5.13,5.17,5.01,81117.7
2023-12-29,5.13,5.18,5.2,5.13,78010.0
2024-01-02,5.18,5.29,5.33,5.14,113968.5
2024-01-03,5.29,5.31,5.34,5.26,88159.0
2024-01-04,5.34,5.34,5.34,5.29,68413.0
2024-01-05,5.34,5.29,5.37,5.26,88561.0
2024-01-08,5.29,5.22,5.31,5.2,80545.5
2024-01-09,5.23,5.39,5.42,5.21,161599.45
2024-01-10,5.34,5.37,5.48,5.27,345620.83
2024-01-11,5.37,5.45,5.48,5.35,258016.58
2024-01-12,5.47,5.36,5.48,5.34,251670.73
2024-01-15,5.33,5.35,5.37,5.27,130926.0
2024-01-16,5.33,5.31,5.36,5.24,119074.05
2024-01-17,5.29,5.27,5.42,5.26,146768.31
2024-01-18,5.26,5.17,5.29,5.0,183255.59
2024-01-19,5.16,5.13,5.24,5.11,127165.84
2024-01-22,5.1,4.78,5.17,4.73,166905.59
2024-01-23,4.74,4.69,4.75,4.56,230602.5
2024-01-24,4.72,4.86,4.89,4.64,222140.81
2024-01-25,4.96,5.23,5.23,4.92,250029.0
2024-01-26,5.21,5.2,5.25,5.16,161152.5
2024-01-29,5.2,5.03,5.2,5.0,161718.35
2024-01-30,4.99,4.86,5.03,4.84,127149.51
2024-01-31,4.79,4.6,4.89,4.59,196276.98
2024-02-01,4.58,4.52,4.6,4.4,231088.24
2024-02-02,4.52,4.33,4.6,4.18,219737.1
2024-02-05,4.31,4.02,4.32,3.91,291142.06
2024-02-06,3.96,4.13,4.28,3.79,333945.05
2024-02-07,4.17,4.15,4.28,4.03,316083.48
2024-02-08,4.22,4.56,4.56,4.21,371401.21
2024-02-19,4.73,4.79,4.9,4.67,331025.22
2024-02-20,4.77,4.84,4.87,4.71,153423.83
2024-02-21,4.84,5.0,5.08,4.79,193227.85
2024-02-22,4.96,4.99,5.05,4.92,145363.58
2024-02-23,5.02,5.0,5.03,4.91,120210.1
2024-02-26,5.05,5.15,5.2,5.04,191589.67
2024-02-27,5.11,5.25,5.25,5.1,144518.9
2024-02-28,5.26,4.9,5.31,4.9,249193.5
2024-02-29,4.89,5.06,5.09,4.84,156177.01
2024-03-01,5.07,5.27,5.31,5.06,230471.29
2024-03-04,5.36,5.66,5.71,5.33,387283.14
2024-03-05,5.59,5.65,5.71,5.49,295377.71
2024-03-06,5.61,5.75,5.86,5.6,297696.25
2024-03-07,5.76,5.93,6.02,5.73,338965.78
2024-03-08,5.93,6.11,6.27,5.93,356645.42
2024-03-11,6.1,6.35,6.4,6.08,308220.43
2024-03-12,6.32,6.09,6.37,6.0,279208.72
2024-03-13,6.09,6.12,6.18,6.05,141637.37
2024-03-14,6.14,6.02,6.28,5.99,153214.57
2024-03-15,6.03,6.07,6.1,5.93,135420.09
2024-03-18,6.07,6.17,6.19,6.06,156132.25
2024-03-19,6.15,6.15,6.22,6.14,91105.15
2024-03-20,6.17,6.17,6.23,6.14,112026.68
2024-03-21,6.18,6.18,6.22,6.08,99846.45
2024-03-22,6.15,6.2,6.23,6.08,110262.07
2024-03-25,6.14,6.21,6.32,6.14,135263.46
2024-03-26,6.21,6.18,6.23,5.98,163076.53
2024-03-27,6.21,6.15,6.29,6.14,132731.31
2024-03-28,6.15,6.31,6.4,6.13,186145.51
2024-03-29,6.14,6.29,6.32,6.06,312083.17
2024-04-01,6.33,6.18,6.36,6.14,296748.5
2024-04-02,6.2,6.16,6.26,6.13,151072.25
2024-04-03,6.18,6.36,6.38,6.16,345821.31
2024-04-08,6.36,6.25,6.54,6.23,225047.26
2024-04-09,6.11,6.22,6.26,6.02,163179.88
2024-04-10,6.16,6.09,6.24,6.05,113500.63
2024-04-11,6.07,6.23,6.3,6.0,136317.88
2024-04-12,6.32,6.49,6.5,6.29,247575.2
2024-04-15,6.52,6.4,6.6,6.16,224060.84
2024-04-16,6.33,6.15,6.38,6.09,249308.43
2024-04-17,6.22,6.73,6.74,6.22,302463.88
2024-04-18,6.73,7.05,7.41,6.64,533343.9
2024-04-19,6.94,6.99,7.02,6.85,318662.78
2024-04-22,6.79,6.29,6.79,6.29,175546.0
2024-04-23,5.98,5.77,5.98,5.67,533778.32
2024-04-24,5.72,5.74,5.79,5.61,265563.96
2024-04-25,5.72,5.85,6.0,5.69,226745.07
2024-04-26,5.8,5.95,5.98,5.71,235658.17
2024-04-29,5.98,5.98,6.04,5.85,190256.01
2024-04-30,5.99,6.17,6.4,5.98,331293.76
2024-05-06,6.29,6.47,6.51,6.19,305732.89
2024-05-07,6.44,6.23,6.47,6.21,258790.86
2024-05-08,6.24,6.14,6.26,6.14,154254.4
2024-05-09,6.11,6.18,6.38,6.11,192683.67
2024-05-10,6.17,6.34,6.43,6.14,286990.1
2024-05-13,6.27,6.41,6.55,6.14,389304.0
2024-05-14,6.32,6.37,6.4,6.28,204166.25
2024-05-15,6.37,6.28,6.44,6.26,197937.75
2024-05-16,6.26,6.21,6.31,6.18,192656.5
2024-05-17,6.16,6.07,6.24,6.0,240465.25
2024-05-20,6.07,6.07,6.13,6.02,136790.26
2024-05-21,6.09,6.0,6.09,5.98,121654.81
2024-05-22,5.96,5.88,6.02,5.87,139821.76
2024-05-23,5.85,5.8,5.91,5.75,115158.0
2024-05-24,5.78,5.8,5.9,5.75,98754.25
2024-05-27,5.83,5.92,5.93,5.82,117485.11
2024-05-28,5.89,5.75,5.91,5.74,116640.0
2024-05-29,5.71,5.71,5.78,5.67,76028.25
2024-05-30,5.71,5.66,5.73,5.64,92514.25
2024-05-31,5.66,5.69,5.76,5.66,85430.5
2024-06-03,5.68,5.55,5.69,5.49,110009.0
2024-06-04,5.5,5.51,5.54,5.43,103022.2
2024-06-05,5.51,5.27,5.51,5.27,176571.12
2024-06-06,5.33,5.17,5.35,5.13,155892.25
2024-06-07,5.23,5.33,5.34,5.21,119843.2
2024-06-11,5.34,5.21,5.34,5.16,85851.01
2024-06-12,5.2,5.23,5.27,5.17,106255.75
2024-06-13,5.23,5.18,5.26,5.13,96633.72
2024-06-14,5.2,5.15,5.2,5.07,100581.0
2024-06-17,5.13,5.08,5.18,5.05,85208.75
2024-06-18,5.1,5.19,5.2,5.08,89683.75
2024-06-19,5.19,5.12,5.22,5.12,74497.5
2024-06-20,5.12,4.99,5.14,4.96,85566.0
2024-06-21,4.98,5.01,5.05,4.95,49623.75
2024-06-24,4.97,4.88,4.99,4.8,105047.0
2024-06-25,4.86,4.93,5.05,4.84,150273.44
2024-06-26,4.93,5.01,5.03,4.89,154644.71
2024-06-27,4.98,4.85,5.01,4.84,118991.17
2024-06-28,4.84,4.9,5.0,4.79,158158.41
2024-07-01,4.91,5.06,5.08,4.9,134860.5
2024-07-02,5.06,5.03,5.11,5.01,92909.0
2024-07-03,5.04,5.03,5.08,5.02,81385.5
2024-07-04,5.04,4.93,5.11,4.92,107996.0
2024-07-05,4.92,4.92,4.96,4.85,90348.0
2024-07-08,4.9,4.75,4.9,4.74,101449.97
2024-07-09,4.76,4.87,4.9,4.7,120521.0
2024-07-10,4.86,4.84,4.95,4.82,85952.1
2024-07-11,4.92,5.16,5.18,4.9,179538.87
2024-07-12,5.17,5.06,5.18,5.02,129022.0
2024-07-15,5.03,4.9,5.07,4.87,107863.01
2024-07-16,4.9,4.9,4.94,4.85,73296.0
2024-07-17,4.91,4.84,4.92,4.79,110058.0
2024-07-18,4.82,4.92,4.93,4.79,105338.9
2024-07-19,4.9,4.9,4.98,4.88,95174.28
2024-07-22,4.92,4.97,5.0,4.86,108631.33
2024-07-23,4.97,4.85,5.0,4.84,81589.13
2024-07-24,4.84,4.75,4.88,4.75,76581.01
2024-07-25,4.73,4.87,4.89,4.71,80545.01
2024-07-26,5.03,5.2,5.36,5.0,404623.95
2024-07-29,5.23,5.06,5.25,5.03,292910.01
2024-07-30,5.08,4.96,5.11,4.9,177331.52
2024-07-31,4.93,5.34,5.36,4.93,297430.27
2024-08-01,5.25,5.34,5.41,5.22,221777.0
2024-08-02,5.29,5.19,5.35,5.19,147281.01
2024-08-05,5.2,5.14,5.28,5.13,163358.5
2024-08-06,5.19,5.28,5.29,5.15,135896.5
2024-08-07,5.25,5.18,5.26,5.14,133843.35
2024-08-08,5.57,5.46,5.7,5.41,496616.59
2024-08-09,5.48,5.53,5.67,5.48,295233.79
2024-08-12,5.56,5.61,5.66,5.53,199642.51
2024-08-13,5.61,5.57,5.66,5.49,146671.0
2024-08-14,5.55,5.57,5.61,5.53,118157.5
2024-08-15,5.57,5.56,5.65,5.48,144635.16
2024-08-16,5.55,5.48,5.57,5.48,124856.25
2024-08-19,5.45,5.48,5.53,5.42,131283.32
2024-08-20,5.48,5.38,5.49,5.35,100933.0
2024-08-21,5.38,5.34,5.43,5.32,88725.63
2024-08-22,5.34,5.27,5.37,5.26,83233.2
2024-08-23,5.29,5.4,5.46,5.27,172844.5
2024-08-26,5.39,5.52,5.55,5.28,187488.5
2024-08-27,5.48,5.4,5.52,5.38,121650.0
2024-08-28,5.37,5.39,5.48,5.36,90114.5
2024-08-29,5.36,5.49,5.51,5.36,110459.45
2024-08-30,5.48,5.6,5.7,5.43,195664.6
2024-09-02,5.59,5.67,5.76,5.56,221252.72
2024-09-03,5.61,5.78,5.85,5.61,177408.25
2024-09-04,5.75,5.71,5.83,5.69,152974.5
2024-09-05,5.7,5.69,5.74,5.66,86158.75
2024-09-06,5.67,5.56,5.72,5.54,101278.0
2024-09-09,5.54,5.49,5.59,5.41,109467.5
2024-09-10,5.48,5.48,5.5,5.41,94721.0
2024-09-11,5.49,5.51,5.59,5.43,122880.0
2024-09-12,5.54,5.46,5.6,5.45,77916.0
2024-09-13,5.46,5.37,5.51,5.36,90936.5
2024-09-18,5.37,5.62,5.64,5.37,179706.5
2024-09-19,5.63,5.71,5.75,5.58,139034.0
2024-09-20,5.71,5.71,5.71,5.64,92813.0
2024-09-23,5.7,5.67,5.73,5.62,73709.0
2024-09-24,5.67,5.83,5.83,5.66,131752.5
2024-09-25,5.85,5.83,5.98,5.83,156517.5
2024-09-26,5.83,6.02,6.02,5.8,132528.0
2024-09-27,6.12,6.08,6.24,6.02,278909.18
2024-09-30,6.25,6.53,6.58,6.11,393305.03
2024-10-08,7.19,6.66,7.19,6.36,488459.46
2024-10-09,6.53,6.06,6.53,6.04,375549.7
2024-10-10,6.08,6.19,6.4,6.07,277716.71
2024-10-11,6.33,6.28,6.54,6.2,369954.8
2024-10-14,6.29,6.35,6.35,6.1,266455.09
2024-10-15,6.27,6.27,6.5,6.25,235568.01
2024-10-16,6.23,6.25,6.35,6.13,141705.65
2024-10-17,6.31,6.35,6.44,6.29,205979.63
2024-10-18,6.34,6.49,6.61,6.29,304696.39
2024-10-21,6.58,6.49,6.63,6.41,250903.88
2024-10-22,6.48,6.88,6.89,6.45,365260.89
2024-10-23,6.91,6.69,6.91,6.66,340737.98
2024-10-24,6.73,6.78,6.85,6.68,227849.5
2024-10-25,6.74,6.87,6.98,6.74,258824.84
2024-10-28,6.86,7.09,7.1,6.86,260310.55
2024-10-29,7.1,7.12,7.32,6.98,270437.98
2024-10-30,7.09,7.21,7.44,7.05,323787.52
2024-10-31,7.14,7.09,7.21,7.01,301035.95
2024-11-01,7.07,6.79,7.07,6.73,331772.89
2024-11-04,6.79,6.82,6.86,6.7,191578.74
2024-11-05,6.85,6.88,6.91,6.71,219596.04
2024-11-06,6.92,6.9,7.12,6.86,225478.25
2024-11-07,6.83,7.0,7.05,6.81,193824.95
2024-11-08,7.04,7.04,7.11,6.88,259594.18
2024-11-11,7.07,7.15,7.16,6.97,210199.26
2024-11-12,7.17,7.07,7.36,7.0,270066.51
2024-11-13,7.04,7.11,7.12,6.91,187153.79
2024-11-14,7.09,6.89,7.14,6.87,134709.0
2024-11-15,6.88,6.81,7.03,6.76,127686.75
2024-11-18,6.8,6.68,6.92,6.63,193869.93
2024-11-19,6.71,6.84,6.84,6.7,128593.25
2024-11-20,6.83,6.89,6.89,6.77,119803.44
2024-11-21,6.87,6.78,6.88,6.73,102719.44
2024-11-22,6.8,6.55,6.89,6.52,144626.25
2024-11-25,6.58,6.64,6.66,6.52,116030.89
2024-11-26,6.61,6.51,6.66,6.47,82764.75
2024-11-27,6.52,6.44,6.52,6.29,238200.76
2024-11-28,6.44,6.42,6.49,6.33,141072.11
2024-11-29,6.41,6.58,6.58,6.39,153958.73
2024-12-02,6.59,6.75,6.84,6.59,164098.67
2024-12-03,6.72,6.81,6.84,6.7,114457.5
2024-12-04,6.81,6.85,6.97,6.77,153935.0
2024-12-05,6.83,6.86,6.87,6.75,92552.75
2024-12-06,6.86,6.95,6.97,6.8,118609.56
2024-12-09,6.97,6.91,7.0,6.87,98996.43
2024-12-10,7.06,6.87,7.1,6.86,124070.26
2024-12-11,6.83,7.03,7.04,6.83,138976.34
2024-12-12,7.04,7.12,7.14,6.99,122053.08
2024-12-13,7.11,7.05,7.18,6.99,165312.49
2024-12-16,7.09,7.09,7.36,7.05,201426.63
2024-12-17,7.06,6.83,7.09,6.78,146060.25
2024-12-18,6.86,6.83,6.93,6.76,104545.35
2024-12-19,6.76,6.86,6.88,6.72,94218.0
2024-12-20,6.86,6.88,6.91,6.82,86751.31
2024-12-23,6.93,6.77,6.98,6.74,146370.0
2024-12-24,6.76,7.01,7.02,6.76,153971.99
2024-12-25,7.01,6.97,7.02,6.85,128873.69
2024-12-26,6.96,7.05,7.07,6.91,112147.46
2024-12-27,7.09,7.16,7.17,7.03,148188.12
2024-12-30,7.15,6.97,7.19,6.84,197541.0
2024-12-31,6.96,6.81,7.0,6.79,157801.97
2025-01-02,6.81,6.71,6.95,6.63,165861.08
2025-01-03,6.71,6.52,6.84,6.5,165452.0
2025-01-06,6.5,6.52,6.63,6.34,123447.2
2025-01-07,6.53,6.62,6.64,6.49,91344.8
2025-01-08,6.58,6.85,6.93,6.5,201194.2
2025-01-09,6.81,6.68,6.87,6.67,127545.78
2025-01-10,6.66,6.36,6.71,6.36,165048.26
2025-01-13,6.32,6.26,6.37,6.17,123306.74
2025-01-14,6.28,6.48,6.49,6.27,118554.48
2025-01-15,6.47,6.5,6.57,6.45,97813.0
2025-01-16,6.54,6.63,6.73,6.53,124936.61
2025-01-17,6.59,6.6,6.65,6.55,68232.25
2025-01-20,6.63,6.72,6.77,6.62,103757.25
2025-01-21,6.73,6.75,6.76,6.6,89713.71
2025-01-22,6.71,6.66,6.75,6.63,64951.01
2025-01-23,6.72,6.69,6.77,6.67,104880.6
2025-01-24,6.67,6.72,6.73,6.65,86936.39
2025-01-27,6.76,6.75,6.82,6.71,111352.25
2025-02-05,6.77,6.63,6.78,6.61,131802.0
2025-02-06,6.63,6.74,6.74,6.61,129924.26
2025-02-07,6.73,6.75,6.83,6.64,128073.53
2025-02-10,6.78,6.75,6.79,6.71,93356.14
2025-02-11,6.75,6.75,6.81,6.72,102764.5
2025-02-12,6.74,6.7,6.76,6.63,120256.76
2025-02-13,6.7,6.63,6.71,6.56,115508.08
2025-02-14,6.59,6.6,6.68,6.56,91686.74
2025-02-17,6.6,6.52,6.62,6.49,135985.78
2025-02-18,6.51,6.42,6.55,6.4,110045.15
2025-02-19,6.4,6.44,6.46,6.35,130679.77
2025-02-20,6.44,6.58,6.63,6.41,132794.75
2025-02-21,6.59,6.58,6.63,6.53,97887.34
2025-02-24,6.59,6.67,6.67,6.56,125797.23
2025-02-25,6.63,6.63,6.75,6.59,139375.8
2025-02-26,6.67,6.75,6.79,6.64,181060.16
2025-02-27,6.75,6.7,6.76,6.61,112760.84
2025-02-28,6.7,6.6,6.75,6.58,134746.24
2025-03-03,6.63,6.59,6.72,6.57,143364.57
2025-03-04,6.58,6.62,6.69,6.55,89989.63
2025-03-05,6.65,6.6,6.66,6.53,81589.0
2025-03-06,6.6,6.6,6.63,6.56,114832.97
2025-03-07,6.6,6.63,6.68,6.58,132148.86
2025-03-10,6.64,6.75,6.77,6.62,192398.7
2025-03-11,6.7,6.72,6.72,6.59,130317.5
2025-03-12,6.71,6.77,6.81,6.7,136415.12
2025-03-13,6.77,6.81,6.86,6.69,124355.86
2025-03-14,6.81,6.94,6.95,6.76,179096.2
2025-03-17,7.02,7.16,7.23,7.01,301659.91
2025-03-18,7.14,7.31,7.34,7.1,234240.58
2025-03-19,7.31,7.32,7.4,7.27,215351.09
2025-03-20,7.32,7.27,7.38,7.25,166342.5
2025-03-21,7.24,7.19,7.32,7.17,193850.22
2025-03-24,7.21,7.33,7.39,7.18,233437.75
2025-03-25,7.3,7.34,7.47,7.3,197398.22
2025-03-26,7.29,7.3,7.35,7.25,128058.15
2025-03-27,7.28,7.3,7.45,7.25,166181.5
2025-03-28,7.32,7.32,7.4,7.24,131818.34
2025-03-31,7.24,7.05,7.3,7.01,222702.88
2025-04-01,7.06,7.1,7.19,7.06,140799.52
2025-04-02,7.11,7.14,7.16,7.05,85361.25
2025-04-03,7.09,6.88,7.1,6.79,214218.47
2025-04-07,6.53,6.19,6.54,6.19,179497.5
2025-04-08,6.06,5.65,6.13,5.58,422565.34
2025-04-09,5.52,5.65,5.71,5.28,340563.22
2025-04-10,5.94,5.97,6.13,5.9,288961.16
2025-04-11,5.91,6.01,6.08,5.89,170333.5
2025-04-14,6.08,6.08,6.2,6.01,194430.74
2025-04-15,6.09,6.23,6.25,6.04,170536.99
2025-04-16,6.18,6.15,6.25,6.09,138616.13
2025-04-17,6.16,6.21,6.27,6.1,117257.75
2025-04-18,6.21,6.29,6.3,6.17,116708.5
2025-04-21,6.3,6.25,6.31,6.16,260271.88
2025-04-22,6.24,6.27,6.28,6.19,148999.02
2025-04-23,6.32,6.38,6.41,6.3,171968.08
2025-04-24,6.43,6.39,6.44,6.35,120565.0
2025-04-25,6.45,6.53,6.55,6.45,150722.62
2025-04-28,6.57,6.4,6.57,6.4,151651.0
2025-04-29,6.39,6.42,6.49,6.35,98014.0
2025-04-30,6.45,6.37,6.47,6.37,123874.0
2025-05-06,6.41,6.48,6.48,6.38,173105.75
2025-05-07,6.52,6.44,6.56,6.4,147593.84
2025-05-08,6.46,6.63,6.82,6.41,334131.24
2025-05-09,6.82,6.74,7.09,6.69,349862.71
2025-05-12,6.75,6.79,6.83,6.71,220250.32
2025-05-13,6.87,6.72,6.88,6.68,184142.5
2025-05-14,6.68,6.67,6.72,6.62,128945.0
2025-05-15,6.67,6.61,6.68,6.59,98576.01
2025-05-16,6.57,6.63,6.66,6.57,81687.25
2025-05-19,6.63,6.66,6.67,6.57,94492.01
2025-05-20,6.66,6.68,6.7,6.61,97443.02
2025-05-21,6.68,6.64,6.7,6.63,71134.0
2025-05-22,6.64,6.56,6.67,6.55,111417.26
2025-05-23,6.57,6.51,6.63,6.51,111591.0
2025-05-26,6.5,6.42,6.52,6.38,125332.0
2025-05-27,6.41,6.37,6.43,6.31,107483.5
2025-05-28,6.38,6.36,6.42,6.35,72470.6
2025-05-29,6.38,6.42,6.46,6.36,94914.5
2025-05-30,6.42,6.33,6.42,6.31,97412.0
2025-06-03,6.31,6.34,6.36,6.27,85312.13
2025-06-04,6.34,6.51,6.54,6.34,128080.02
2025-06-05,6.51,6.51,6.55,6.47,70427.08
2025-06-06,6.48,6.47,6.52,6.43,71091.5
2025-06-09,6.5,6.49,6.51,6.47,63253.0
2025-06-10,6.5,6.46,6.55,6.39,88312.47
2025-06-11,6.44,6.51,6.53,6.44,79309.5
2025-06-12,6.51,6.49,6.54,6.47,78157.0
2025-06-13,6.46,6.37,6.49,6.36,104510.25
2025-06-16,6.35,6.34,6.4,6.33,62265.78
2025-06-17,6.38,6.37,6.4,6.35,41032.03
2025-06-18,6.35,6.35,6.38,6.32,54345.27
2025-06-19,6.34,6.29,6.5,6.28,106212.0
2025-06-20,6.29,6.32,6.32,6.26,70443.03
2025-06-23,6.28,6.35,6.35,6.22,62029.25
2025-06-24,6.35,6.5,6.5,6.35,103686.75
2025-06-25,6.5,6.52,6.53,6.46,93200.53
2025-06-26,6.53,6.47,6.55,6.45,76115.0
2025-06-27,6.48,6.49,6.52,6.46,76230.25
2025-06-30,6.49,6.53,6.55,6.47,76182.75
2025-07-01,6.53,6.53,6.55,6.49,100214.0
2025-07-02,6.56,6.59,6.68,6.55,166369.76
2025-07-03,6.61,6.64,6.65,6.58,125272.75
2025-07-04,6.66,6.63,6.68,6.59,93360.18
2025-07-07,6.63,6.69,6.72,6.63,144137.01
2025-07-08,6.68,6.74,6.74,6.67,118532.25
2025-07-09,6.74,6.71,6.77,6.68,162348.27
2025-07-10,6.72,6.74,6.78,6.69,128829.5
2025-07-11,6.75,6.77,6.8,6.7,148492.19
2025-07-14,6.78,6.83,6.83,6.76,107099.68
2025-07-15,6.82,6.9,6.91,6.78,137776.36
2025-07-16,6.91,6.94,6.96,6.87,96174.75
2025-07-17,6.94,7.0,7.02,6.94,120723.25
2025-07-18,7.02,6.91,7.03,6.85,131027.25
2025-07-21,6.93,6.98,6.99,6.9,106445.34
2025-07-22,6.99,7.01,7.01,6.93,96398.36
2025-07-23,7.01,6.96,7.03,6.95,97662.41
2025-07-24,6.96,6.97,7.0,6.93,91094.36
2025-07-25,6.97,6.94,6.98,6.93,83502.26
2025-07-28,6.95,6.96,7.0,6.92,105424.67
2025-07-29,6.95,6.87,6.97,6.8,109096.86
2025-07-30,6.9,6.9,6.93,6.85,103418.17
2025-07-31,6.93,6.88,6.93,6.85,88125.62
2025-08-01,6.85,7.0,7.09,6.83,143251.04
2025-08-04,6.94,7.03,7.06,6.91,136797.91
2025-08-05,7.05,7.09,7.11,7.02,113714.4
2025-08-06,7.03,7.05,7.06,6.89,207532.24
2025-08-07,7.08,7.01,7.12,6.98,130141.2
2025-08-08,7.01,7.09,7.1,6.99,128196.34
2025-08-11,7.13,7.27,7.34,7.09,203192.13
2025-08-12,7.27,7.22,7.28,7.19,115965.38
2025-08-13,7.23,7.22,7.26,7.16,103735.15
2025-08-14,7.26,7.14,7.3,7.13,119091.83
2025-08-15,7.14,7.28,7.3,7.14,131002.58
2025-08-18,7.3,7.23,7.39,7.23,163105.0
2025-08-19,7.21,7.31,7.37,7.19,155359.5
2025-08-20,7.29,7.34,7.35,7.26,135853.01
2025-08-21,7.34,7.39,7.43,7.27,159821.26
2025-08-22,7.37,7.32,7.41,7.28,146337.75
2025-08-25,7.35,7.31,7.37,7.27,168069.76
2025-08-26,7.29,7.35,7.4,7.27,150654.46
2025-08-27,7.38,7.18,7.39,7.16,176874.09
2025-08-28,7.2,7.2,7.25,6.95,181529.88
2025-08-29,7.2,7.16,7.23,7.14,127006.33
2025-09-01,7.19,7.07,7.19,7.04,159872.09
2025-09-02,7.1,7.06,7.11,6.93,146862.46
2025-09-03,7.06,6.94,7.09,6.92,85992.76
2025-09-04,6.96,6.99,7.03,6.9,112242.58
2025-09-05,7.01,7.02,7.04,6.94,98368.56
2025-09-08,7.05,7.09,7.13,7.03,94424.75
2025-09-09,7.09,7.0,7.1,6.97,101124.75
2025-09-10,7.02,6.97,7.03,6.95,80380.36
2025-09-11,6.96,7.03,7.03,6.9,106496.12
2025-09-12,7.03,6.94,7.03,6.92,110906.01
2025-09-15,6.95,6.9,6.97,6.88,106866.0
2025-09-16,6.92,6.96,6.98,6.88,91737.62
2025-09-17,6.96,7.05,7.16,6.94,194572.38
2025-09-18,7.06,7.06,7.28,7.02,224410.5
2025-09-19,7.06,6.98,7.09,6.93,132721.38
2025-09-22,7.0,6.88,7.01,6.84,102903.17
2025-09-23,6.86,6.86,6.89,6.7,134575.59
2025-09-24,6.84,6.88,6.89,6.78,101461.04
2025-09-25,6.89,6.79,6.91,6.75,123035.73
2025-09-26,6.75,6.82,6.88,6.73,99139.25
2025-09-29,6.82,6.87,6.89,6.71,125291.5
2025-09-30,6.87,6.82,6.88,6.79,81108.51
2025-10-09,6.82,6.88,6.9,6.79,160992.39
2025-10-10,6.86,6.99,7.07,6.86,151485.26
2025-10-13,6.89,6.87,6.9,6.75,147183.96
2025-10-14,6.87,6.91,6.96,6.87,117175.78
2025-10-15,6.92,6.94,6.97,6.85,101147.66
2025-10-16,6.94,6.87,6.94,6.83,110478.0
2025-10-17,6.87,6.78,6.89,6.76,110160.17
2025-10-20,6.8,6.85,6.87,6.79,87724.25
2025-10-21,6.9,6.98,6.99,6.85,108572.63
2025-10-22,6.96,6.97,7.04,6.95,132283.47
2025-10-23,6.82,6.92,6.95,6.76,272213.3
2025-10-24,6.91,6.84,6.94,6.82,175735.71
2025-10-27,6.86,6.84,6.91,6.82,154649.47
2025-10-28,6.88,6.96,6.98,6.85,189563.73
2025-10-29,6.93,6.93,6.94,6.8,161664.0
2025-10-30,6.91,6.8,6.92,6.8,180395.1
2025-10-31,6.8,6.8,6.83,6.8,105846.5
2025-11-03,6.8,6.8,6.82,6.77,110601.0
2025-11-04,6.8,6.76,6.81,6.74,135964.75
2025-11-05,6.73,6.8,6.82,6.72,107897.25
2025-11-06,6.8,6.84,6.85,6.79,132302.0
2025-11-07,6.82,6.82,6.86,6.8,87359.25
2025-11-10,6.83,6.86,6.87,6.81,114221.75
2025-11-11,6.88,6.94,6.96,6.85,169524.84
2025-11-12,6.94,6.96,7.01,6.91,132495.51
2025-11-13,6.98,6.96,6.98,6.9,105091.0
2025-11-14,6.94,6.95,7.01,6.93,102097.76
2025-11-17,6.94,6.83,6.95,6.81,136574.0
2025-11-18,6.83,6.75,6.85,6.72,137168.63
2025-11-19,6.74,6.65,6.75,6.63,132739.65
2025-11-20,6.66,6.62,6.68,6.61,133596.18
2025-11-21,6.58,6.43,6.63,6.41,166580.76
2025-11-24,6.48,6.44,6.49,6.4,64538.75
2025-11-25,6.46,6.53,6.54,6.45,80852.99
2025-11-26,6.52,6.52,6.57,6.49,61297.77
2025-11-27,6.52,6.55,6.58,6.51,58601.25
2025-11-28,6.55,6.55,6.56,6.47,74858.64
2025-12-01,6.55,6.62,6.63,6.55,78142.68
2025-12-02,6.62,6.65,6.68,6.59,75415.0
2025-12-03,6.65,6.67,6.71,6.62,81586.25
2025-12-04,6.67,6.65,6.7,6.63,52964.0
2025-12-05,6.65,6.7,6.71,6.62,80929.78
2025-12-08,6.71,6.66,6.72,6.65,87221.25
2025-12-09,6.63,6.61,6.71,6.6,89995.45
2025-12-10,6.61,6.59,6.63,6.55,45448.25
2025-12-11,6.61,6.53,6.62,6.51,54894.0
2025-12-12,6.53,6.45,6.55,6.45,84512.0
2025-12-15,6.44,6.45,6.5,6.41,50386.01
2025-12-16,6.45,6.48,6.53,6.41,81049.0
2025-12-17,6.47,6.5,6.52,6.37,76963.88
2025-12-18,6.49,6.53,6.57,6.48,67115.98
2025-12-19,6.53,6.6,6.6,6.52,59291.25
2025-12-22,6.6,6.58,6.63,6.57,61102.57
2025-12-23,6.58,6.5,6.64,6.49,85217.0
2025-12-24,6.52,6.54,6.56,6.49,57057.03
2025-12-25,6.55,6.55,6.57,6.52,48486.22
2025-12-26,6.55,6.53,6.56,6.51,59491.01
2025-12-29,6.55,6.51,6.56,6.5,64065.26
2025-12-30,6.5,6.46,6.51,6.45,51706.75
2025-12-31,6.47,6.5,6.53,6.45,68515.5
2026-01-05,6.52,6.58,6.61,6.49,86747.38
2026-01-06,6.59,6.62,6.68,6.58,107905.05
2026-01-07,6.63,6.59,6.65,6.56,94838.9
2026-01-08,6.59,6.58,6.62,6.56,77367.01
2026-01-09,6.57,6.59,6.61,6.56,90973.68
2026-01-12,6.59,6.62,6.63,6.58,111707.78
2026-01-13,6.65,6.59,6.7,6.58,131009.84
2026-01-14,6.61,6.57,6.64,6.54,137045.63
2026-01-15,6.56,6.6,6.61,6.56,64340.25
2026-01-16,6.61,6.58,6.64,6.56,94380.05
2026-01-19,6.56,6.71,6.72,6.56,133066.15
2026-01-20,6.72,6.73,6.74,6.7,108608.0
2026-01-21,6.74,6.72,6.74,6.68,75268.38
2026-01-22,6.74,6.81,6.81,6.72,96683.93
2026-01-23,6.8,6.8,6.82,6.79,91221.77
2026-01-26,6.8,6.8,6.83,6.73,110995.06
2026-01-27,6.8,6.75,6.8,6.66,87918.75
2026-01-28,6.74,6.75,6.78,6.7,80501.52
2026-01-29,6.75,6.75,6.77,6.67,84792.81
2026-01-30,6.75,6.73,6.82,6.69,132464.64
2026-02-02,6.75,6.65,6.8,6.65,110101.0
2026-02-03,6.69,6.68,6.72,6.66,82780.5
2026-02-04,6.67,6.79,6.8,6.67,106817.84
2026-02-05,6.82,6.81,6.87,6.79,118271.5
2026-02-06,6.8,6.83,6.95,6.8,124818.5
2026-02-09,6.89,6.89,6.93,6.84,109541.0
2026-02-10,6.92,6.95,7.01,6.87,130885.07
2026-02-11,6.93,6.92,7.0,6.91,98370.11
2026-02-12,6.96,6.87,6.96,6.84,82777.46
2026-02-13,6.86,6.8,6.88,6.8,87636.01
2026-02-24,6.83,6.94,6.94,6.83,92711.0
2026-02-25,6.95,6.93,7.0,6.91,94509.3
2026-02-26,6.93,6.97,6.98,6.89,82383.75
2026-02-27,6.94,6.99,7.0,6.93,94864.0
2026-03-02,6.91,6.94,7.03,6.88,170088.39
2026-03-03,6.95,6.85,7.0,6.84,138639.99
2026-03-04,6.83,6.75,6.86,6.71,145513.01
2026-03-05,6.83,6.85,6.9,6.79,87023.0
2026-03-06,6.84,7.0,7.01,6.83,123442.18
2026-03-09,6.95,6.85,6.97,6.82,167735.86
2026-03-10,6.95,6.98,6.99,6.9,106140.6
2026-03-11,6.99,7.01,7.03,6.94,133178.85
2026-03-12,7.01,7.13,7.27,7.0,258888.55
2026-03-13,7.1,7.04,7.18,7.02,226559.8
2026-03-16,7.04,6.96,7.06,6.92,149812.38
2026-03-17,6.98,6.89,7.0,6.88,93435.0
2026-03-18,6.92,6.97,6.97,6.86,81268.5
2026-03-19,6.92,6.8,6.93,6.78,111496.25
2026-03-20,6.86,6.61,6.86,6.61,121525.0
2026-03-23,6.53,6.22,6.57,6.17,208665.8
2026-03-24,6.35,6.56,6.56,6.28,127460.8
2026-03-25,6.56,6.73,6.74,6.53,119108.97
2026-03-26,6.72,6.72,6.85,6.7,101564.37
2026-03-27,6.65,6.77,6.79,6.64,98012.96
2026-03-30,6.73,6.81,6.83,6.68,83437.0
2026-03-31,6.82,6.77,6.88,6.77,86344.48
2026-04-01,6.83,6.85,6.88,6.8,81046.47
2026-04-02,6.89,6.84,6.94,6.81,79767.97
2026-04-03,6.84,6.6,6.86,6.58,76294.59
2026-04-07,6.59,6.7,6.75,6.56,58285.75
2026-04-08,6.81,6.86,6.88,6.79,101062.66
2026-04-09,6.84,6.78,6.87,6.76,88346.0
2026-04-10,6.8,6.88,6.93,6.8,97795.88
2026-04-13,6.86,6.75,6.86,6.73,89163.28
2026-04-14,6.8,6.78,6.8,6.71,68729.75
2026-04-15,6.79,6.77,6.8,6.76,60917.75
2026-04-16,6.79,6.84,6.86,6.77,73793.97
2026-04-17,6.85,6.8,6.85,6.74,79135.08
2026-04-20,7.3,7.48,7.48,7.3,293904.4
2026-04-21,7.49,7.63,8.03,7.36,858360.94
2026-04-22,7.58,7.76,7.81,7.47,598970.38
2026-04-23,7.86,8.29,8.54,7.84,776660.32
2026-04-24,8.17,8.61,8.63,8.09,658362.51
2026-04-27,8.45,8.4,8.5,8.15,496215.66
2026-04-28,8.28,7.99,8.37,7.97,522900.34
2026-04-29,7.88,7.96,8.03,7.83,342694.42
2026-04-30,7.85,7.95,8.14,7.82,305265.75
2026-05-06,8.02,8.31,8.38,7.96,448653.57
2026-05-07,8.23,8.1,8.31,8.03,341997.37
2026-05-08,8.03,8.12,8.32,7.98,255878.57
2026-05-11,8.04,8.14,8.15,7.94,235168.01
2026-05-12,8.13,8.01,8.15,8.0,180997.12
2026-05-13,7.98,8.01,8.08,7.95,177863.07
2026-05-14,7.99,8.07,8.14,7.92,207145.98
2026-05-15,8.03,8.18,8.29,7.98,292676.46
2026-05-18,8.19,8.49,8.55,8.16,399474.09
2026-05-19,8.42,9.2,9.31,8.33,586177.68
2026-05-20,8.97,8.73,9.06,8.66,373601.81
2026-05-21,8.7,9.47,9.61,8.68,791729.63
2026-05-22,9.48,9.34,9.59,9.17,578560.36
2026-05-25,9.31,8.82,9.31,8.71,444984.89
2026-05-26,8.75,8.77,8.79,8.27,442309.37
2026-05-27,8.65,8.46,8.97,8.43,296274.42
2026-05-28,8.46,8.33,8.52,8.2,265442.93
2026-05-29,8.27,7.99,8.41,7.95,255367.34
2026-06-01,7.92,7.95,8.06,7.8,188595.38
2026-06-02,7.97,7.92,8.01,7.74,188457.29
2026-06-03,7.93,7.75,7.95,7.71,159826.84
2026-06-04,7.73,7.74,7.9,7.6,140414.75
2026-06-05,7.72,7.89,7.99,7.65,181464.54
2026-06-08,7.69,7.71,7.89,7.66,136679.22
2026-06-09,7.75,7.65,7.89,7.54,156528.67
2026-06-10,7.59,7.42,7.6,7.3,200899.82
2026-06-11,7.35,7.45,7.47,7.14,222902.54
2026-06-12,7.51,7.55,7.66,7.3,275132.4
2026-06-15,7.58,7.73,7.76,7.54,204761.62
2026-06-16,7.71,7.77,7.92,7.63,205221.72
2026-06-17,7.79,7.63,7.99,7.59,163563.0
2026-06-18,7.63,7.55,7.73,7.55,119328.9
2026-06-22,7.57,7.6,7.63,7.28,134679.63
2026-06-23,7.55,7.56,7.66,7.53,78859.71
2026-06-24,7.56,7.37,7.57,7.31,83298.87
2026-06-25,7.32,7.35,7.5,7.28,104405.6
2026-06-26,7.35,7.41,7.52,7.13,181762.21
2026-06-29,7.7,8.06,8.15,7.7,431146.58
2026-06-30,8.0,7.86,8.09,7.65,376830.18
2026-07-01,7.8,8.29,8.32,7.6,447026.01
2026-07-02,8.11,8.15,8.21,8.05,282526.5
2026-07-03,8.1,8.13,8.37,8.1,262001.79
2026-07-06,8.1,8.46,8.46,7.94,303572.32
2026-07-07,8.43,8.02,8.53,8.02,268712.36
2026-07-08,8.08,8.3,8.47,7.83,269160.25
2026-07-09,8.22,7.67,8.23,7.47,341967.99
2026-07-10,7.51,7.55,7.72,7.43,181137.29
2026-07-13,7.53,7.41,7.59,7.39,146805.15
2026-07-14,7.36,7.4,7.45,7.28,126657.45
2026-07-15,7.36,7.55,7.59,7.31,115887.0
2026-07-16,7.51,7.56,7.63,7.49,85904.0
2026-07-17,7.5,7.31,7.67,7.29,124530.25
2026-07-20,7.39,7.47,7.58,7.3,131127.29
2026-07-21,7.47,7.69,7.69,7.38,157471.93
2026-07-22,7.63,7.49,7.64,7.44,120933.73
2026-07-23,7.46,7.64,7.66,7.42,104403.91
2026-07-24,7.58,7.23,7.6,7.23,106406.05
2026-07-27,7.23,7.47,7.51,7.21,103108.77
2026-07-28,7.42,7.52,7.66,7.41,93242.99
2026-07-29,7.52,7.74,7.75,7.51,135662.07
2026-07-30,7.7,7.68,7.86,7.61,148791.46
2026-07-31,7.75,7.81,7.85,7.64,135961.29
2026-08-03,7.8,7.88,7.9,7.76,97916.01
2026-08-04,7.9,7.77,7.99,7.74,121203.28
2026-08-05,7.75,7.78,7.86,7.74,105437.05
2026-08-06,7.79,7.67,7.79,7.55,125736.97
2026-08-07,7.73,7.68,7.73,7.5,125246.5
2026-08-10,7.64,7.94,7.95,7.55,193622.58
2026-08-11,7.93,7.93,7.99,7.86,95616.67
2026-08-12,7.93,7.87,7.93,7.81,112134.04
2026-08-13,7.68,7.28,7.7,7.28,352756.37
2026-08-14,7.26,7.09,7.3,7.08,190142.64
2026-08-17,7.09,7.13,7.14,6.99,168274.19
2026-08-18,7.09,7.12,7.13,7.02,121786.22
2026-08-19,7.06,7.08,7.13,7.04,103619.08
2026-08-20,7.07,7.08,7.1,7.06,71724.15
2026-08-21,7.08,7.03,7.08,6.99,83176.0
2026-08-24,7.01,7.05,7.05,7.0,55639.96
2026-08-25,7.05,7.14,7.15,7.01,78545.56
2026-08-26,7.14,7.16,7.2,7.14,88130.0
2026-08-27,7.15,7.13,7.16,7.08,86048.6
2026-08-28,7.13,7.12,7.15,7.09,73394.0
2026-08-31,7.12,7.08,7.13,7.05,59705.85
2026-09-01,7.09,7.14,7.17,7.07,75822.53
2026-09-02,7.12,7.07,7.12,7.04,68486.09
2026-09-03,7.08,7.05,7.13,7.04,67589.1
2026-09-04,7.08,7.05,7.11,7.04,70025.43
2026-09-07,7.07,7.08,7.1,7.04,39812.55
2026-09-08,7.08,7.15,7.17,7.08,65338.84
2026-09-09,7.15,7.12,7.15,7.07,49286.5
2026-09-10,7.09,7.08,7.16,7.08,57019.26
2026-09-11,7.05,6.91,7.06,6.87,118518.07
2026-09-14,6.93,6.91,6.97,6.91,38751.97
2026-09-15,6.91,6.8,6.94,6.8,81945.5
2026-09-16,6.79,6.86,6.89,6.74,59937.25
2026-09-17,6.81,6.85,6.89,6.81,38333.6
2026-09-18,6.88,6.88,6.93,6.86,43990.77
