date,open,close,high,low,volume
2013-01-04,1.6,1.63,1.65,1.58,90028.83
2013-01-07,1.65,1.71,1.71,1.62,109919.77
2013-01-08,1.72,1.75,1.79,1.72,155157.74
2013-01-09,1.74,1.75,1.77,1.72,84061.77
2013-01-10,1.74,1.74,1.78,1.74,55734.81
2013-01-11,1.7,1.65,1.74,1.65,162149.14
2013-01-14,1.64,1.7,1.7,1.63,83551.84
2013-01-15,1.7,1.7,1.72,1.69,73166.82
2013-01-16,1.7,1.74,1.76,1.7,86882.29
2013-01-17,1.75,1.75,1.79,1.72,63549.38
2013-01-18,1.75,1.81,1.84,1.75,92505.98
2013-01-21,1.81,1.88,1.88,1.81,91326.67
2013-01-22,1.88,1.83,1.9,1.82,79483.97
2013-01-23,1.82,1.79,1.86,1.75,86489.96
2013-01-24,1.79,1.77,1.82,1.75,69386.66
2013-01-25,1.78,1.86,1.86,1.78,99289.42
2013-01-28,1.9,1.86,1.93,1.84,102884.8
2013-01-29,1.86,1.84,1.89,1.83,100915.77
2013-01-30,1.8,1.82,1.88,1.8,61660.63
2013-01-31,1.81,1.83,1.83,1.78,60963.07
2013-02-01,1.83,1.84,1.88,1.83,68194.27
2013-02-04,1.84,1.85,1.86,1.82,60027.89
2013-02-05,1.84,1.92,1.93,1.83,95439.76
2013-02-06,1.93,1.95,1.99,1.91,85863.48
2013-02-07,1.96,1.99,1.99,1.93,64626.96
2013-02-08,1.98,1.96,1.98,1.94,64125.77
2013-02-18,1.93,1.98,1.98,1.93,46592.74
2013-02-19,1.99,1.95,1.99,1.94,43055.25
2013-02-20,1.94,1.97,1.98,1.94,43986.14
2013-02-21,1.95,1.92,1.99,1.89,74521.85
2013-02-22,1.91,1.91,1.94,1.91,59920.08
2013-02-25,1.93,1.88,1.93,1.81,96801.03
2013-02-26,1.88,1.78,1.89,1.78,85869.85
2013-02-27,1.79,1.8,1.82,1.77,48866.86
2013-02-28,1.8,1.85,1.89,1.79,61205.38
2013-03-01,1.85,1.88,1.88,1.83,51192.24
2013-03-04,1.89,1.8,1.89,1.78,69022.3
2013-03-05,1.8,1.82,1.83,1.78,34732.49
2013-03-06,1.81,1.86,1.87,1.81,51231.12
2013-03-07,1.85,1.86,1.87,1.82,53420.89
2013-03-08,1.85,1.81,1.86,1.81,34851.5
2013-03-11,1.82,1.81,1.83,1.8,38698.95
2013-03-12,1.82,1.73,1.83,1.72,82018.99
2013-03-13,1.74,1.72,1.74,1.69,30406.54
2013-03-14,1.71,1.73,1.74,1.7,35432.79
2013-03-15,1.73,1.73,1.76,1.72,47911.53
2013-03-18,1.73,1.7,1.74,1.69,33928.2
2013-03-19,1.71,1.76,1.78,1.7,51916.39
2013-03-20,1.76,1.81,1.82,1.75,49287.32
2013-03-21,1.82,1.83,1.85,1.81,62135.48
2013-03-22,1.83,1.88,1.89,1.81,79255.4
2013-03-25,1.87,1.95,1.95,1.87,94962.07
2013-03-26,1.94,1.92,1.97,1.88,72706.09
2013-03-27,1.92,2.01,2.01,1.92,117387.61
2013-03-28,1.99,1.99,2.06,1.95,115507.29
2013-03-29,1.89,1.89,1.94,1.89,185837.51
2013-04-01,1.83,1.89,1.92,1.82,86117.42
2013-04-02,1.88,1.88,1.91,1.87,49444.66
2013-04-03,1.88,1.79,1.89,1.78,97297.42
2013-04-08,1.76,1.75,1.76,1.71,72370.99
2013-04-09,1.75,1.79,1.79,1.75,30793.26
2013-04-10,1.78,1.77,1.8,1.75,25038.63
2013-04-11,1.78,1.78,1.8,1.76,22520.6
2013-04-12,1.77,1.78,1.79,1.77,27902.01
2013-04-15,1.69,1.69,1.72,1.69,74334.2
2013-04-16,1.68,1.7,1.71,1.65,30018.2
2013-04-17,1.7,1.7,1.71,1.68,21814.83
2013-04-18,1.69,1.78,1.78,1.69,72539.77
2013-04-19,1.78,1.8,1.82,1.77,59628.71
2013-04-22,1.79,1.85,1.85,1.78,54926.35
2013-04-23,1.85,1.79,1.89,1.78,48043.63
2013-04-24,1.8,1.83,1.85,1.78,31487.58
2013-04-26,1.9,1.76,1.95,1.74,196832.25
2013-05-02,1.7,1.72,1.78,1.69,68378.23
2013-05-03,1.72,1.74,1.77,1.72,46759.09
2013-05-06,1.75,1.73,1.75,1.71,56061.52
2013-05-07,1.72,1.72,1.74,1.71,47049.59
2013-05-08,1.72,1.72,1.73,1.7,40374.46
2013-05-09,1.72,1.68,1.72,1.66,71980.19
2013-05-10,1.67,1.68,1.7,1.66,27946.02
2013-05-13,1.68,1.75,1.76,1.68,68123.03
2013-05-14,1.75,1.72,1.76,1.72,45367.01
2013-05-15,1.72,1.72,1.74,1.71,32963.46
2013-05-16,1.72,1.74,1.74,1.71,39863.73
2013-05-17,1.74,1.74,1.75,1.72,45986.9
2013-05-20,1.74,1.75,1.75,1.72,56115.02
2013-05-21,1.75,1.75,1.75,1.73,41773.97
2013-05-22,1.75,1.73,1.75,1.72,59671.15
2013-05-23,1.73,1.73,1.75,1.72,50668.11
2013-05-24,1.73,1.71,1.73,1.69,45773.65
2013-05-27,1.71,1.72,1.73,1.7,39210.42
2013-05-28,1.71,1.76,1.78,1.71,104946.52
2013-05-29,1.76,1.76,1.77,1.74,61015.93
2013-05-30,1.75,1.75,1.76,1.74,49675.78
2013-05-31,1.75,1.77,1.8,1.75,79192.05
2013-06-03,1.78,1.83,1.88,1.77,157425.92
2013-06-04,1.83,1.8,1.83,1.76,72826.09
2013-06-05,1.79,1.79,1.8,1.76,47309.42
2013-06-06,1.78,1.84,1.84,1.77,86095.43
2013-06-07,1.84,1.83,1.85,1.75,73376.65
2013-06-13,1.81,1.77,1.81,1.7,71758.88
2013-06-14,1.77,1.79,1.81,1.75,61001.99
2013-06-17,1.79,1.83,1.84,1.78,54442.69
2013-06-18,1.82,1.83,1.84,1.79,56748.2
2013-06-19,1.83,1.81,1.83,1.77,50642.7
2013-06-20,1.79,1.76,1.8,1.7,64265.59
2013-06-21,1.76,1.71,1.76,1.7,34311.98
2013-06-24,1.74,1.58,1.74,1.55,48676.38
2013-06-25,1.57,1.55,1.63,1.43,63131.9
2013-06-26,1.52,1.53,1.55,1.49,33167.39
2013-06-27,1.53,1.51,1.55,1.5,27636.92
2013-06-28,1.5,1.5,1.52,1.45,23954.12
2013-07-01,1.48,1.5,1.51,1.48,19805.45
2013-07-02,1.5,1.53,1.54,1.49,19812.22
2013-07-03,1.51,1.51,1.52,1.47,20673.72
2013-07-04,1.5,1.51,1.53,1.48,32880.99
2013-07-05,1.5,1.51,1.54,1.5,24452.89
2013-07-08,1.51,1.45,1.51,1.44,29806.32
2013-07-09,1.45,1.45,1.46,1.44,17544.09
2013-07-10,1.45,1.48,1.5,1.44,33169.75
2013-07-11,1.48,1.52,1.53,1.47,31783.18
2013-07-12,1.51,1.5,1.54,1.5,28259.2
2013-07-15,1.5,1.51,1.51,1.48,29523.55
2013-07-16,1.51,1.53,1.54,1.49,48340.72
2013-07-17,1.52,1.5,1.53,1.49,23983.09
2013-07-18,1.49,1.49,1.51,1.48,22145.0
2013-07-19,1.49,1.47,1.5,1.45,45321.44
2013-07-22,1.47,1.48,1.48,1.45,26973.74
2013-07-23,1.47,1.5,1.5,1.47,23438.19
2013-07-24,1.49,1.48,1.5,1.45,27764.24
2013-07-25,1.48,1.46,1.48,1.46,16777.18
2013-07-26,1.48,1.47,1.48,1.45,24724.34
2013-07-29,1.46,1.45,1.47,1.44,22699.57
2013-07-30,1.45,1.45,1.47,1.43,19779.31
2013-07-31,1.45,1.44,1.45,1.43,28262.13
2013-08-01,1.44,1.47,1.47,1.44,34190.55
2013-08-02,1.46,1.47,1.47,1.45,31259.77
2013-08-05,1.47,1.49,1.49,1.46,24895.13
2013-08-06,1.49,1.56,1.6,1.48,115313.59
2013-08-07,1.53,1.53,1.55,1.51,72400.08
2013-08-08,1.53,1.52,1.55,1.51,23368.81
2013-08-09,1.52,1.53,1.54,1.51,32245.31
2013-08-12,1.53,1.55,1.55,1.53,45105.53
2013-08-13,1.54,1.55,1.55,1.53,42941.75
2013-08-14,1.55,1.55,1.59,1.54,61151.64
2013-08-15,1.55,1.53,1.55,1.52,31310.37
2013-08-16,1.52,1.51,1.55,1.51,36677.03
2013-08-19,1.51,1.52,1.52,1.49,22751.75
2013-08-20,1.52,1.53,1.55,1.51,46427.44
2013-08-21,1.53,1.55,1.55,1.51,29550.88
2013-08-22,1.55,1.55,1.57,1.53,35367.4
2013-08-23,1.55,1.53,1.56,1.52,34954.72
2013-08-26,1.53,1.55,1.55,1.53,48094.69
2013-08-27,1.55,1.56,1.56,1.54,33823.79
2013-08-28,1.55,1.55,1.55,1.54,37125.57
2013-08-29,1.55,1.58,1.58,1.55,59909.5
2013-08-30,1.57,1.57,1.6,1.56,59836.28
2013-09-02,1.57,1.59,1.59,1.56,42716.09
2013-09-03,1.59,1.61,1.62,1.58,44362.61
2013-09-04,1.61,1.63,1.63,1.6,53401.05
2013-09-05,1.63,1.61,1.64,1.6,48053.86
2013-09-06,1.61,1.6,1.61,1.58,31731.33
2013-09-09,1.6,1.6,1.62,1.59,29747.74
2013-09-10,1.6,1.62,1.63,1.6,44317.39
2013-09-11,1.63,1.65,1.66,1.62,55226.29
2013-09-12,1.65,1.65,1.66,1.63,33413.46
2013-09-13,1.65,1.63,1.65,1.62,33176.79
2013-09-16,1.64,1.66,1.68,1.64,43186.42
2013-09-17,1.67,1.62,1.67,1.62,24951.0
2013-09-18,1.62,1.63,1.63,1.6,22981.54
2013-09-23,1.63,1.65,1.65,1.61,22968.29
2013-09-24,1.65,1.64,1.65,1.61,26236.2
2013-09-25,1.64,1.64,1.67,1.62,28737.57
2013-09-26,1.64,1.65,1.66,1.62,39104.92
2013-09-27,1.64,1.62,1.65,1.62,24106.19
2013-09-30,1.62,1.68,1.69,1.61,52816.33
2013-10-08,1.67,1.69,1.7,1.66,34606.44
2013-10-09,1.69,1.68,1.7,1.66,26791.33
2013-10-10,1.7,1.72,1.79,1.69,98824.04
2013-10-11,1.71,1.72,1.74,1.7,38178.03
2013-10-14,1.72,1.72,1.73,1.69,51555.07
2013-10-15,1.72,1.7,1.72,1.69,26368.09
2013-10-16,1.7,1.69,1.7,1.66,34499.01
2013-10-17,1.68,1.68,1.72,1.67,28054.21
2013-10-18,1.68,1.69,1.7,1.67,15077.51
2013-10-21,1.69,1.72,1.72,1.68,35805.67
2013-10-22,1.71,1.69,1.72,1.68,35889.95
2013-10-23,1.69,1.67,1.72,1.66,46966.17
2013-10-24,1.65,1.61,1.67,1.59,41729.46
2013-10-25,1.61,1.58,1.62,1.56,25577.81
2013-10-28,1.57,1.58,1.59,1.56,15289.81
2013-10-29,1.58,1.53,1.61,1.51,39335.42
2013-10-30,1.52,1.56,1.65,1.52,22573.59
2013-10-31,1.56,1.57,1.59,1.54,19479.4
2013-11-01,1.57,1.6,1.61,1.55,25627.88
2013-11-04,1.58,1.57,1.58,1.56,17074.46
2013-11-05,1.57,1.59,1.61,1.56,30539.09
2013-11-06,1.58,1.58,1.6,1.58,22675.41
2013-11-07,1.58,1.57,1.59,1.56,20505.6
2013-11-08,1.57,1.56,1.57,1.52,23020.82
2013-11-11,1.55,1.56,1.56,1.52,16439.49
2013-11-12,1.55,1.58,1.6,1.55,32259.25
2013-11-13,1.57,1.55,1.6,1.55,23719.02
2013-11-14,1.55,1.58,1.58,1.53,17626.11
2013-11-15,1.58,1.61,1.65,1.57,60617.98
2013-11-18,1.62,1.63,1.65,1.6,56812.92
2013-11-19,1.63,1.64,1.64,1.61,39100.62
2013-11-20,1.62,1.65,1.67,1.62,36016.2
2013-11-21,1.65,1.67,1.68,1.62,42849.56
2013-11-22,1.68,1.69,1.69,1.66,32020.1
2013-11-25,1.69,1.7,1.72,1.67,44270.18
2013-11-26,1.7,1.7,1.72,1.68,40402.19
2013-11-27,1.72,1.71,1.72,1.69,35611.5
2013-11-28,1.71,1.71,1.71,1.68,46133.67
2013-11-29,1.7,1.69,1.7,1.68,26131.6
2013-12-02,1.64,1.61,1.69,1.57,51622.24
2013-12-03,1.59,1.64,1.64,1.58,22766.73
2013-12-04,1.64,1.65,1.67,1.62,39689.14
2013-12-05,1.65,1.67,1.67,1.63,25033.41
2013-12-06,1.66,1.65,1.66,1.63,44856.86
2013-12-09,1.81,1.81,1.81,1.78,98107.91
2013-12-20,1.7,1.63,1.72,1.63,170375.13
2013-12-23,1.61,1.54,1.62,1.54,87043.15
2013-12-24,1.55,1.56,1.58,1.53,42333.67
2013-12-25,1.57,1.59,1.6,1.55,26634.89
2013-12-26,1.6,1.56,1.6,1.55,27259.68
2013-12-27,1.55,1.57,1.59,1.55,22647.7
2013-12-30,1.57,1.56,1.58,1.56,21112.6
2013-12-31,1.57,1.57,1.59,1.55,23334.33
2014-01-02,1.57,1.59,1.59,1.56,15048.29
2014-01-03,1.58,1.58,1.59,1.56,15966.33
2014-01-06,1.58,1.56,1.58,1.5,28233.04
2014-01-07,1.54,1.53,1.55,1.52,10837.99
2014-01-08,1.55,1.55,1.55,1.52,18497.51
2014-01-09,1.55,1.5,1.55,1.5,25441.98
2014-01-10,1.49,1.45,1.49,1.44,29248.96
2014-01-13,1.44,1.45,1.47,1.44,13852.94
2014-01-14,1.46,1.48,1.48,1.44,14409.84
2014-01-15,1.47,1.45,1.48,1.4,31637.08
2014-01-16,1.44,1.45,1.46,1.43,20459.23
2014-01-17,1.45,1.43,1.45,1.42,11378.39
2014-01-20,1.44,1.43,1.44,1.42,11511.79
2014-01-21,1.43,1.44,1.45,1.43,10817.75
2014-01-22,1.44,1.47,1.48,1.44,17699.73
2014-01-23,1.48,1.47,1.49,1.45,24070.54
2014-01-24,1.46,1.49,1.5,1.46,18686.53
2014-01-27,1.49,1.47,1.49,1.46,24779.21
2014-01-28,1.46,1.47,1.49,1.45,18831.63
2014-01-29,1.47,1.47,1.48,1.47,12893.54
2014-01-30,1.48,1.48,1.48,1.46,14371.09
2014-02-07,1.47,1.49,1.49,1.47,18396.76
2014-02-10,1.49,1.52,1.52,1.49,34710.43
2014-02-11,1.51,1.52,1.54,1.5,28763.38
2014-02-12,1.53,1.53,1.54,1.51,20087.59
2014-02-19,1.53,1.59,1.69,1.53,173661.44
2014-02-20,1.57,1.58,1.6,1.56,68829.8
2014-02-21,1.57,1.55,1.58,1.52,52424.45
2014-02-24,1.54,1.55,1.55,1.51,23472.61
2014-02-25,1.55,1.5,1.55,1.48,39625.65
2014-02-26,1.49,1.51,1.51,1.47,19197.13
2014-02-27,1.51,1.51,1.52,1.5,20443.3
2014-02-28,1.51,1.51,1.51,1.48,16684.47
2014-03-03,1.51,1.54,1.55,1.5,30708.12
2014-03-04,1.53,1.6,1.61,1.52,55394.91
2014-03-05,1.61,1.57,1.61,1.56,29734.89
2014-03-06,1.58,1.57,1.58,1.55,18794.01
2014-03-07,1.57,1.56,1.59,1.55,16689.23
2014-03-10,1.56,1.55,1.65,1.53,83893.32
2014-03-11,1.56,1.59,1.6,1.55,39996.44
2014-03-12,1.6,1.62,1.66,1.58,90215.24
2014-03-13,1.62,1.62,1.65,1.61,36752.88
2014-03-14,1.62,1.61,1.63,1.58,28857.9
2014-03-17,1.61,1.63,1.64,1.59,50067.37
2014-03-18,1.63,1.62,1.63,1.6,37676.32
2014-03-19,1.61,1.66,1.75,1.6,95789.43
2014-03-20,1.65,1.63,1.66,1.62,44669.56
2014-03-21,1.62,1.65,1.67,1.61,36230.59
2014-03-24,1.65,1.69,1.72,1.64,61410.84
2014-03-25,1.68,1.73,1.74,1.67,55934.59
2014-03-26,1.73,1.7,1.74,1.69,41318.53
2014-03-27,1.7,1.72,1.76,1.69,60280.92
2014-03-28,1.73,1.7,1.78,1.68,53409.1
2014-03-31,1.7,1.66,1.7,1.62,47131.62
2014-04-01,1.65,1.66,1.66,1.61,39146.87
2014-04-02,1.65,1.66,1.68,1.64,28567.56
2014-04-03,1.66,1.65,1.66,1.64,19110.99
2014-04-04,1.65,1.68,1.68,1.65,21719.65
2014-04-08,1.67,1.69,1.7,1.66,22074.53
2014-04-09,1.69,1.69,1.71,1.68,23947.42
2014-04-10,1.69,1.7,1.71,1.68,25231.7
2014-04-11,1.69,1.69,1.7,1.68,21167.22
2014-04-14,1.69,1.7,1.7,1.68,15300.6
2014-04-15,1.72,1.72,1.74,1.7,55399.9
2014-04-16,1.73,1.72,1.73,1.71,24878.86
2014-04-17,1.72,1.75,1.75,1.72,27894.69
2014-04-18,1.74,1.75,1.75,1.73,21397.35
2014-04-21,1.73,1.75,1.75,1.72,43860.15
2014-04-22,1.75,1.78,1.78,1.74,54299.88
2014-04-23,1.78,1.84,1.94,1.78,135995.56
2014-04-24,1.83,1.9,1.94,1.8,119082.5
2014-04-25,1.89,2.03,2.08,1.86,310732.14
2014-04-28,2.02,2.0,2.1,1.91,190713.23
2014-04-29,1.96,1.91,1.99,1.81,217092.98
2014-04-30,1.91,2.1,2.1,1.85,257512.73
2014-05-05,2.14,2.2,2.24,2.06,446504.31
2014-05-06,2.16,2.23,2.3,2.11,325653.62
2014-05-07,2.2,2.11,2.21,2.1,183717.99
2014-05-08,2.1,2.19,2.22,2.1,223427.58
2014-05-09,2.13,2.06,2.17,2.06,158656.38
2014-05-12,2.07,2.1,2.12,2.0,165364.98
2014-05-13,2.1,2.19,2.27,2.08,263765.13
2014-05-14,2.2,2.15,2.21,2.13,112812.97
2014-05-15,2.13,2.05,2.13,2.02,153765.19
2014-05-16,2.06,2.1,2.12,2.02,91003.78
2014-05-19,2.08,2.04,2.1,2.03,85569.1
2014-05-20,2.06,2.02,2.08,2.0,81335.81
2014-05-21,2.0,2.02,2.03,1.97,80742.8
2014-05-22,2.02,1.99,2.04,1.98,68513.8
2014-05-23,2.0,1.98,2.0,1.96,65964.09
2014-05-26,1.98,2.0,2.0,1.97,59595.58
2014-05-27,2.0,2.14,2.15,1.98,202615.82
2014-05-28,2.11,2.13,2.15,2.09,107873.42
2014-05-29,2.13,2.12,2.14,2.1,70700.24
2014-05-30,2.1,2.06,2.12,2.04,82511.36
2014-06-03,2.04,2.06,2.12,2.04,58860.09
2014-06-04,2.04,2.0,2.06,1.98,82330.4
2014-06-05,2.0,2.0,2.02,1.98,50562.63
2014-06-06,2.0,2.02,2.04,1.99,48462.51
2014-06-09,2.02,2.02,2.02,2.0,26819.8
2014-06-10,2.02,2.1,2.13,2.0,126280.84
2014-06-11,2.09,2.1,2.15,2.08,81740.27
2014-06-12,2.1,2.15,2.19,2.1,150600.63
2014-06-13,2.15,2.15,2.19,2.12,69896.29
2014-06-16,2.13,2.15,2.19,2.13,87314.13
2014-06-17,2.15,2.08,2.15,2.06,91386.76
2014-06-18,2.06,2.03,2.08,2.02,66482.6
2014-06-19,2.03,2.03,2.06,2.0,58014.07
2014-06-20,2.02,2.04,2.04,2.0,40383.57
2014-06-23,2.01,2.06,2.06,2.01,40101.5
2014-06-24,2.06,2.06,2.06,2.02,38542.44
2014-06-25,2.06,2.03,2.06,2.02,29473.97
2014-06-26,2.04,2.04,2.06,2.02,47011.35
2014-06-27,2.04,2.02,2.05,2.01,56688.2
2014-06-30,2.02,2.04,2.05,2.02,51072.79
2014-07-01,2.02,2.12,2.13,2.02,135837.93
2014-07-02,2.11,2.14,2.15,2.1,96573.98
2014-07-03,2.15,2.12,2.16,2.11,91633.75
2014-07-04,2.1,2.1,2.12,2.06,61000.91
2014-07-07,2.08,2.19,2.21,2.08,139916.02
2014-07-08,2.19,2.2,2.24,2.15,115066.31
2014-07-09,2.2,2.13,2.21,2.12,81921.91
2014-07-10,2.12,2.35,2.35,2.1,163788.69
2014-07-11,2.4,2.5,2.58,2.37,478466.56
2014-07-14,2.48,2.45,2.48,2.4,227685.98
2014-07-15,2.43,2.42,2.54,2.41,187278.96
2014-07-16,2.39,2.48,2.48,2.37,156417.63
2014-07-17,2.45,2.43,2.49,2.38,94551.19
2014-07-18,2.4,2.47,2.48,2.4,81560.29
2014-07-21,2.46,2.6,2.67,2.44,236414.74
2014-07-22,2.58,2.62,2.65,2.54,154182.94
2014-07-23,2.61,2.6,2.73,2.58,181825.9
2014-07-24,2.6,2.55,2.6,2.52,111514.82
2014-07-25,2.53,2.46,2.54,2.43,120132.02
2014-07-28,2.46,2.5,2.53,2.46,97540.99
2014-07-29,2.5,2.58,2.59,2.46,149666.68
2014-07-30,2.56,2.54,2.58,2.54,84549.69
2014-07-31,2.54,2.54,2.54,2.5,72202.67
2014-08-01,2.54,2.56,2.69,2.5,173810.66
2014-08-04,2.55,2.63,2.64,2.53,98753.46
2014-08-05,2.63,2.63,2.63,2.59,70402.28
2014-08-06,2.61,2.62,2.62,2.58,63284.04
2014-08-07,2.61,2.54,2.64,2.54,82343.4
2014-08-08,2.54,2.63,2.65,2.52,119761.78
2014-08-11,2.63,2.67,2.7,2.61,130892.52
2014-08-12,2.69,2.69,2.7,2.65,85872.86
2014-08-13,2.67,2.63,2.69,2.59,99284.84
2014-08-14,2.62,2.6,2.66,2.59,85049.37
2014-08-15,2.58,2.59,2.62,2.58,64816.05
2014-08-18,2.6,2.62,2.62,2.58,62114.4
2014-08-19,2.61,2.62,2.65,2.6,69471.37
2014-08-20,2.62,2.69,2.77,2.61,174132.94
2014-08-21,2.69,2.64,2.69,2.62,90518.64
2014-08-22,2.64,2.65,2.66,2.62,59522.8
2014-08-25,2.65,2.64,2.67,2.62,69641.35
2014-08-26,2.64,2.5,2.65,2.48,140000.9
2014-08-27,2.48,2.46,2.52,2.46,86396.48
2014-08-28,2.47,2.48,2.5,2.42,50268.51
2014-08-29,2.46,2.5,2.53,2.46,44092.48
2014-09-01,2.5,2.54,2.54,2.48,49074.5
2014-09-02,2.54,2.56,2.56,2.52,61653.78
2014-09-03,2.56,2.58,2.58,2.54,70202.43
2014-09-04,2.59,2.58,2.6,2.56,53998.26
2014-09-05,2.58,2.6,2.61,2.56,85992.42
2014-09-09,2.58,2.62,2.62,2.58,66166.44
2014-09-10,2.62,2.63,2.64,2.59,79381.32
2014-09-11,2.63,2.67,2.75,2.63,168445.74
2014-09-12,2.69,2.71,2.73,2.65,120253.47
2014-09-15,2.73,2.81,2.85,2.72,167773.1
2014-09-16,2.81,2.75,2.91,2.73,181875.99
2014-09-17,2.77,2.9,2.92,2.66,170234.34
2014-09-18,2.92,2.9,2.99,2.84,174838.34
2014-09-19,2.9,2.87,2.92,2.83,82384.31
2014-09-22,2.84,2.78,2.85,2.77,75946.01
2014-09-23,2.78,2.86,2.9,2.77,72301.25
2014-09-24,2.86,2.87,2.89,2.82,84378.71
2014-09-25,2.88,2.84,2.94,2.83,101576.32
2014-09-26,2.84,2.85,2.87,2.8,71087.3
2014-09-29,2.85,2.86,2.88,2.84,72720.39
2014-09-30,2.85,2.9,2.92,2.85,95773.18
2014-10-08,2.92,3.08,3.13,2.9,171450.71
2014-10-09,3.08,3.1,3.13,3.05,118591.51
2014-10-10,3.08,3.04,3.11,3.03,98856.58
2014-10-13,3.01,3.06,3.06,2.95,79378.39
2014-10-14,3.06,3.03,3.08,3.02,83400.08
2014-10-15,3.01,3.03,3.08,2.94,115760.32
2014-10-16,2.99,2.95,3.04,2.94,94800.58
2014-10-17,2.93,2.99,3.07,2.91,126770.68
2014-10-20,3.02,3.02,3.04,3.0,48020.07
2014-10-21,3.0,2.97,3.03,2.96,48065.63
2014-10-22,2.98,2.91,3.01,2.9,62151.53
2014-10-23,2.88,2.73,2.9,2.62,122668.56
2014-10-24,2.74,2.7,2.77,2.67,63221.38
2014-10-27,2.7,2.69,2.73,2.67,56294.83
2014-10-28,2.7,2.84,2.84,2.69,91579.1
2014-10-29,2.85,2.84,2.92,2.81,130617.67
2014-10-30,2.84,2.86,2.9,2.81,79819.85
2014-10-31,2.84,2.87,2.9,2.82,59299.62
2014-11-03,2.86,2.91,2.91,2.85,70926.35
2014-11-04,2.92,2.92,2.99,2.9,77462.82
2014-11-05,2.92,2.87,2.94,2.85,48794.8
2014-11-06,2.88,2.88,2.9,2.83,59674.1
2014-11-07,2.88,2.81,2.88,2.77,71380.08
2014-11-10,2.81,2.9,2.92,2.81,85902.16
2014-11-11,2.9,2.77,2.92,2.69,94471.69
2014-11-12,2.75,2.78,2.79,2.73,66703.74
2014-11-13,2.78,2.71,2.78,2.68,61053.34
2014-11-14,2.69,2.67,2.71,2.65,32883.08
2014-11-17,2.68,2.69,2.73,2.63,46681.99
2014-11-18,2.69,2.74,2.74,2.69,38911.36
2014-11-19,2.73,2.75,2.77,2.72,46925.62
2014-11-20,2.73,2.76,2.77,2.73,31775.72
2014-11-21,2.75,2.77,2.77,2.73,33104.9
2014-11-24,2.79,2.84,2.87,2.77,75433.37
2014-11-25,2.84,2.87,2.9,2.8,88529.36
2014-11-26,2.85,2.93,2.94,2.85,121635.38
2014-11-27,2.93,3.02,3.04,2.92,167640.85
2014-11-28,3.02,2.98,3.08,2.92,126769.06
2014-12-01,2.95,2.88,2.98,2.88,86627.31
2014-12-02,2.85,2.92,3.02,2.85,122702.49
2014-12-03,2.91,2.88,2.94,2.84,136861.5
2014-12-04,2.88,2.9,2.91,2.84,113345.74
2014-12-05,2.88,2.76,2.88,2.68,138593.24
2014-12-08,2.74,2.74,2.79,2.7,81874.89
2014-12-09,2.74,2.63,2.74,2.62,120187.64
2014-12-10,2.62,2.7,2.7,2.62,53134.62
2014-12-11,2.7,2.78,2.79,2.65,74619.8
2014-12-12,2.79,2.79,2.83,2.77,65464.8
2014-12-15,2.79,2.83,2.83,2.76,70652.12
2014-12-16,2.83,2.89,2.94,2.78,132172.3
2014-12-17,2.87,2.85,2.9,2.81,83269.83
2014-12-18,2.84,2.78,2.85,2.76,90759.96
2014-12-19,2.77,2.75,2.8,2.74,67583.06
2014-12-22,2.69,2.62,2.75,2.6,99271.78
2014-12-23,2.62,2.63,2.67,2.62,38132.48
2014-12-24,2.64,2.67,2.69,2.63,32489.06
2014-12-25,2.66,2.67,2.7,2.65,41591.78
2014-12-26,2.68,2.7,2.73,2.63,66536.61
2014-12-29,2.69,2.61,2.69,2.6,64067.83
2014-12-30,2.61,2.56,2.63,2.55,42934.41
2014-12-31,2.54,2.58,2.58,2.54,39707.31
2015-01-05,2.58,2.59,2.6,2.54,52218.18
2015-01-06,2.58,2.62,2.62,2.56,51214.31
2015-01-07,2.62,2.6,2.63,2.58,41878.67
2015-01-08,2.6,2.58,2.62,2.57,36557.82
2015-01-09,2.58,2.58,2.61,2.57,32155.14
2015-01-12,2.55,2.44,2.55,2.43,57888.25
2015-01-13,2.44,2.46,2.47,2.42,27111.07
2015-01-14,2.46,2.41,2.47,2.4,56240.27
2015-01-15,2.41,2.44,2.44,2.38,42575.61
2015-01-16,2.44,2.46,2.46,2.42,42354.66
2015-01-19,2.45,2.38,2.45,2.35,55430.31
2015-01-20,2.38,2.46,2.46,2.38,47740.68
2015-01-21,2.46,2.52,2.53,2.45,61466.34
2015-01-22,2.53,2.56,2.57,2.5,64061.3
2015-01-23,2.56,2.52,2.56,2.52,44530.05
2015-01-26,2.52,2.58,2.59,2.52,51402.09
2015-01-27,2.58,2.6,2.62,2.56,78595.57
2015-01-28,2.58,2.59,2.6,2.56,40908.16
2015-01-29,2.58,2.58,2.6,2.56,35480.04
2015-01-30,2.58,2.56,2.6,2.53,32135.7
2015-02-02,2.54,2.53,2.55,2.5,26617.3
2015-02-03,2.53,2.57,2.59,2.53,35325.6
2015-02-04,2.57,2.56,2.58,2.56,22082.34
2015-02-05,2.56,2.54,2.59,2.53,27979.49
2015-02-06,2.52,2.54,2.6,2.52,47486.85
2015-02-09,2.54,2.52,2.56,2.5,29703.86
2015-02-10,2.53,2.52,2.54,2.5,41509.19
2015-02-11,2.52,2.53,2.54,2.52,29697.84
2015-02-12,2.53,2.54,2.54,2.5,34265.62
2015-02-13,2.54,2.58,2.58,2.54,76665.84
2015-02-16,2.58,2.6,2.61,2.57,53388.05
2015-02-17,2.6,2.6,2.62,2.58,41265.14
2015-02-25,2.6,2.62,2.67,2.56,91470.62
2015-02-26,2.62,2.65,2.66,2.62,61637.84
2015-02-27,2.65,2.67,2.69,2.64,69293.29
2015-03-02,2.69,2.73,2.73,2.67,79907.89
2015-03-03,2.7,2.71,2.77,2.69,96234.94
2015-03-04,2.71,2.76,2.77,2.7,81357.66
2015-03-05,2.76,2.85,2.87,2.76,164988.35
2015-03-06,2.85,2.79,2.87,2.77,90148.91
2015-03-09,2.79,2.85,2.86,2.71,113711.06
2015-03-10,2.83,2.92,2.93,2.83,141509.96
2015-03-11,2.92,2.9,2.98,2.88,113664.96
2015-03-12,2.88,2.84,2.93,2.81,86435.93
2015-03-13,2.84,2.86,2.88,2.81,72472.97
2015-03-16,2.88,2.96,2.98,2.85,135273.08
2015-03-17,2.95,2.96,2.98,2.92,143995.69
2015-03-18,2.97,3.07,3.1,2.95,190304.77
2015-03-19,3.07,3.08,3.1,3.03,148905.58
2015-03-20,3.08,3.29,3.38,3.03,331369.92
2015-03-23,3.26,3.3,3.31,3.23,177528.82
2015-03-24,3.3,3.23,3.3,3.14,149793.34
2015-03-25,3.23,3.3,3.37,3.15,314731.94
2015-03-26,3.29,3.23,3.31,3.2,152198.21
2015-03-27,3.23,3.23,3.29,3.21,98770.12
2015-03-30,3.24,3.29,3.31,3.21,190860.7
2015-03-31,3.32,3.34,3.5,3.31,415246.71
2015-04-01,3.35,3.38,3.42,3.33,175702.41
2015-04-02,3.4,3.42,3.44,3.35,173666.01
2015-04-03,3.41,3.48,3.48,3.38,189108.41
2015-04-07,3.52,3.57,3.62,3.52,183683.02
2015-04-08,3.57,3.46,3.58,3.4,170511.3
2015-04-09,3.46,3.35,3.48,3.27,168246.8
2015-04-10,3.35,3.44,3.46,3.35,169638.84
2015-04-13,3.48,3.48,3.56,3.47,198571.29
2015-04-14,3.49,3.84,3.84,3.46,495960.7
2015-04-15,3.84,3.61,3.84,3.56,341954.11
2015-04-16,3.5,3.64,3.7,3.4,187540.26
2015-04-17,3.64,3.61,3.69,3.55,191166.53
2015-04-20,3.62,3.46,3.62,3.46,215040.91
2015-04-21,3.48,3.6,3.62,3.46,169288.83
2015-04-22,3.63,3.71,3.72,3.6,201843.29
2015-04-23,3.72,3.77,3.83,3.67,225726.11
2015-04-24,3.73,3.87,3.9,3.66,236125.67
2015-04-27,3.88,3.88,4.0,3.75,226555.03
2015-04-28,3.88,3.75,3.88,3.69,201904.07
2015-04-29,3.75,3.81,3.84,3.67,135020.96
2015-04-30,3.8,3.71,3.85,3.71,124383.39
2015-05-04,3.73,3.73,3.77,3.68,104143.49
2015-05-05,3.75,3.56,3.75,3.53,114673.11
2015-05-06,3.58,3.48,3.63,3.42,107996.18
2015-05-07,3.47,3.44,3.53,3.25,148412.13
2015-05-08,3.42,3.53,3.54,3.42,93044.43
2015-05-11,3.54,3.69,3.72,3.54,121154.62
2015-05-12,3.7,3.72,3.79,3.66,151923.9
2015-05-13,3.72,3.77,3.77,3.67,169139.34
2015-05-14,3.79,3.86,3.88,3.75,203070.15
2015-05-15,3.85,3.81,3.85,3.72,133901.15
2015-05-18,3.9,4.08,4.18,3.81,537113.87
2015-05-19,4.08,4.07,4.08,3.94,251996.58
2015-05-20,4.05,4.06,4.17,4.01,280106.5
2015-05-21,4.04,4.11,4.11,3.98,193491.43
2015-05-22,4.18,4.17,4.23,4.05,230497.99
2015-05-25,4.16,4.36,4.44,4.12,275783.29
2015-05-26,4.38,4.58,4.58,4.25,308272.81
2015-06-03,5.04,5.04,5.04,4.72,269140.86
2015-06-04,5.33,5.54,5.54,5.05,587942.61
2015-06-05,6.09,6.09,6.09,5.83,185846.3
2015-06-08,6.51,5.62,6.55,5.54,728070.38
2015-06-09,5.49,5.44,5.5,5.17,417037.2
2015-06-10,5.35,5.5,5.62,5.17,315326.74
2015-06-11,5.39,5.58,5.64,5.37,271562.38
2015-06-12,5.58,5.66,6.0,5.58,473987.2
2015-06-15,5.64,5.6,5.84,5.51,379192.3
2015-06-16,5.55,5.21,5.56,5.15,303278.25
2015-06-17,5.2,5.34,5.45,4.88,305178.14
2015-06-18,5.28,5.18,5.47,5.15,208313.77
2015-06-19,5.05,4.67,5.15,4.67,175008.73
2015-06-23,4.69,5.07,5.14,4.51,272811.51
2015-06-24,5.12,5.28,5.35,5.04,298834.89
2015-06-25,5.25,5.17,5.47,5.08,338490.14
2015-06-26,5.0,4.79,5.03,4.66,320519.06
2015-06-29,5.03,4.89,5.1,4.38,380801.05
2015-06-30,4.82,5.29,5.37,4.6,391794.63
2015-07-01,5.25,5.12,5.5,5.08,419057.86
2015-07-02,5.12,4.61,5.22,4.61,317845.73
2015-07-03,4.38,4.15,4.65,4.15,225279.33
2015-07-06,4.57,3.79,4.57,3.73,309736.33
2015-07-07,3.73,3.4,3.73,3.4,142315.27
2015-07-08,3.07,3.07,3.07,3.07,20158.0
2015-07-09,2.76,3.37,3.37,2.76,374984.8
2015-07-10,3.5,3.7,3.7,3.37,208151.09
2015-07-13,3.85,4.08,4.08,3.7,372927.66
2015-07-14,4.0,3.92,4.33,3.86,382136.81
2015-07-15,3.79,3.53,3.84,3.53,224977.84
2015-07-16,3.18,3.5,3.67,3.18,245410.7
2015-07-17,3.47,3.74,3.83,3.47,195749.47
2015-07-20,3.75,3.71,3.88,3.62,207984.94
2015-07-21,3.65,3.81,3.83,3.6,191090.52
2015-07-22,3.8,3.96,3.96,3.63,255074.33
2015-07-23,3.89,4.01,4.06,3.85,235979.95
2015-07-24,4.0,4.03,4.21,3.92,337636.91
2015-07-27,3.95,3.62,3.99,3.62,196916.78
2015-07-28,3.33,3.33,3.62,3.27,205358.84
2015-07-29,3.41,3.5,3.54,3.25,138949.88
2015-07-30,3.53,3.37,3.63,3.35,138092.29
2015-07-31,3.25,3.31,3.42,3.25,89765.55
2015-08-03,3.27,3.1,3.3,3.04,87435.46
2015-08-04,3.1,3.36,3.37,3.1,182422.68
2015-08-05,3.32,3.35,3.49,3.29,191464.54
2015-08-06,3.25,3.31,3.4,3.24,96922.21
2015-08-07,3.35,3.42,3.44,3.33,121529.14
2015-08-10,3.48,3.62,3.67,3.44,175948.79
2015-08-11,3.62,3.71,3.84,3.57,261384.88
2015-08-12,3.65,3.62,3.74,3.62,167124.09
2015-08-13,3.62,3.75,3.78,3.53,182330.75
2015-08-14,3.75,3.85,3.88,3.72,228258.08
2015-08-17,3.79,4.23,4.23,3.74,371815.43
2015-08-18,4.33,3.9,4.47,3.81,527224.97
2015-08-19,3.65,4.23,4.29,3.56,399504.66
2015-08-20,4.1,3.89,4.15,3.85,256621.18
2015-08-21,3.78,3.56,3.83,3.55,155384.29
2015-08-24,3.35,3.21,3.47,3.21,168185.84
2015-08-25,2.9,2.88,3.04,2.88,141294.51
2015-08-26,2.92,3.04,3.17,2.72,301696.05
2015-08-27,3.11,3.12,3.16,2.94,153246.03
2015-08-28,3.15,3.34,3.36,3.12,185816.59
2015-08-31,3.3,3.13,3.31,3.12,122603.96
2015-09-01,3.06,2.9,3.15,2.89,111010.74
2015-09-02,2.79,2.9,3.0,2.75,100525.27
2015-09-07,2.94,3.0,3.06,2.94,87757.73
2015-09-08,3.0,3.07,3.09,2.9,96131.34
2015-09-09,3.08,3.21,3.25,3.05,180733.27
2015-09-10,3.14,3.1,3.23,3.1,122899.52
2015-09-11,3.12,3.1,3.16,3.05,67113.12
2015-09-14,3.16,2.79,3.16,2.79,124738.5
2015-09-15,2.7,2.52,2.77,2.52,114174.24
2015-09-16,2.56,2.73,2.77,2.5,105170.0
2015-09-17,2.72,2.64,2.8,2.62,124616.59
2015-09-18,2.65,2.71,2.78,2.62,89022.51
2015-09-21,2.65,2.76,2.77,2.65,90566.02
2015-09-22,2.77,2.8,2.85,2.74,109570.54
2015-09-23,2.74,2.9,3.0,2.69,150165.28
2015-09-24,2.85,2.85,2.9,2.77,162460.62
2015-09-25,2.82,2.69,2.86,2.65,104131.7
2015-09-28,2.69,2.74,2.79,2.65,70927.94
2015-09-29,2.69,2.67,2.73,2.65,42054.71
2015-09-30,2.67,2.69,2.73,2.67,42488.0
2015-10-08,2.77,2.95,2.96,2.75,219308.78
2015-10-09,2.88,2.96,3.2,2.87,155163.92
2015-10-12,2.95,3.05,3.1,2.93,186051.85
2015-10-13,3.02,3.07,3.08,3.0,136659.59
2015-10-14,3.05,3.04,3.21,3.04,254138.77
2015-10-15,3.05,3.13,3.15,2.98,270387.06
2015-10-16,3.14,3.13,3.2,3.04,208897.92
2015-10-19,3.15,3.1,3.16,3.07,178443.07
2015-10-20,3.08,3.13,3.13,3.06,181738.36
2015-10-21,3.13,2.96,3.17,2.9,231276.25
2015-10-22,2.96,3.03,3.04,2.95,133026.73
2015-10-23,3.04,3.09,3.11,3.02,168835.77
2015-10-26,3.12,3.18,3.25,3.1,282158.72
2015-10-27,3.18,3.5,3.5,3.13,477122.0
2015-10-28,3.5,3.42,3.59,3.3,367639.98
2015-10-29,3.37,3.42,3.54,3.3,261337.22
2015-10-30,3.37,3.34,3.42,3.32,117571.28
2015-11-02,3.25,3.33,3.42,3.2,150406.29
2015-11-03,3.31,3.38,3.48,3.27,155116.92
2015-11-04,3.4,3.47,3.51,3.36,224751.19
2015-11-05,3.47,3.42,3.56,3.4,197314.9
2015-11-06,3.4,3.58,3.72,3.4,274725.73
2015-11-09,3.47,3.53,3.57,3.45,210222.95
2015-11-10,3.5,3.5,3.55,3.45,151859.77
2015-11-11,3.5,3.56,3.6,3.5,157337.22
2015-11-12,3.56,3.52,3.62,3.47,139610.96
2015-11-13,3.5,3.69,3.77,3.42,331099.88
2015-11-16,3.65,3.96,4.05,3.6,287174.68
2015-11-17,4.25,3.78,4.26,3.75,357772.93
2015-11-18,3.8,3.75,3.91,3.67,193167.22
2015-11-19,3.72,3.81,3.83,3.72,101366.64
2015-11-20,3.83,3.79,3.85,3.73,96649.0
2015-11-23,3.78,3.7,3.81,3.69,108721.1
2015-11-24,3.7,3.74,3.75,3.67,61907.27
2015-11-25,3.75,3.84,3.86,3.73,125900.78
2015-11-26,3.85,3.75,3.87,3.73,121032.73
2015-11-27,3.73,3.38,3.75,3.38,141899.1
2015-11-30,3.38,3.35,3.42,3.1,107077.12
2015-12-01,3.33,3.44,3.47,3.3,88766.92
2015-12-02,3.44,3.46,3.52,3.35,77201.62
2015-12-03,3.46,3.59,3.62,3.44,92231.07
2015-12-04,3.58,3.55,3.62,3.5,89413.58
2015-12-07,3.53,3.58,3.6,3.5,69097.44
2015-12-08,3.56,3.45,3.56,3.41,71480.24
2015-12-09,3.42,3.53,3.58,3.4,119227.98
2015-12-10,3.53,3.6,3.69,3.52,181840.04
2015-12-11,3.54,3.6,3.65,3.46,143229.19
2015-12-14,3.6,3.73,3.74,3.53,176627.56
2015-12-15,3.7,3.77,3.86,3.68,197028.13
2015-12-16,3.79,3.73,3.8,3.69,137849.7
2015-12-17,3.73,3.9,3.95,3.73,232140.62
2015-12-18,3.89,3.85,3.92,3.83,139206.99
2015-12-21,3.82,3.79,3.93,3.75,189214.59
2015-12-22,3.78,4.0,4.04,3.76,345438.73
2015-12-23,3.95,3.93,4.02,3.87,189258.19
2015-12-24,3.88,3.85,3.98,3.75,176630.08
2015-12-25,3.85,3.89,3.9,3.83,76214.16
2015-12-28,3.9,3.75,3.93,3.74,141930.19
2015-12-29,3.73,3.81,3.83,3.71,69827.59
2015-12-30,3.83,3.85,3.85,3.79,72832.93
2015-12-31,3.88,3.83,3.92,3.8,98186.08
2016-01-04,3.81,3.44,3.83,3.44,89219.0
2016-01-05,3.34,3.44,3.57,3.29,136043.6
2016-01-06,3.42,3.51,3.51,3.4,72577.46
2016-01-07,3.5,3.17,3.5,3.16,32759.49
2016-01-08,3.25,3.29,3.33,2.95,98540.56
2016-01-11,3.23,3.09,3.38,3.07,103292.52
2016-01-12,3.07,3.02,3.1,2.9,69785.71
2016-01-13,3.07,2.94,3.08,2.75,53636.69
2016-01-14,2.83,3.23,3.23,2.8,142282.52
2016-01-15,3.29,3.29,3.42,3.2,161055.47
2016-01-18,3.25,3.54,3.56,3.21,158654.93
2016-01-19,3.58,3.81,3.85,3.48,270476.16
2016-01-20,3.77,3.89,4.05,3.65,281361.34
2016-01-21,3.82,3.6,3.94,3.6,175551.61
2016-01-22,3.64,3.62,3.69,3.46,131045.6
2016-01-25,3.61,3.79,3.82,3.59,145083.9
2016-01-26,3.69,3.41,3.73,3.41,155129.22
2016-01-27,3.36,3.52,3.59,3.07,116332.47
2016-01-28,3.41,3.16,3.49,3.16,83951.5
2016-01-29,3.17,3.4,3.48,3.07,126486.49
2016-02-01,3.4,3.47,3.53,3.31,132410.81
2016-02-02,3.46,3.7,3.73,3.46,265329.83
2016-02-03,3.63,3.75,3.79,3.56,248544.7
2016-02-04,3.73,3.88,3.88,3.69,238995.12
2016-02-05,3.92,3.65,3.92,3.62,183375.45
2016-02-15,3.46,3.47,3.56,3.37,120351.04
2016-02-16,3.5,3.79,3.82,3.47,168895.93
2016-02-17,3.77,3.87,3.87,3.69,182499.09
2016-02-18,3.86,4.05,4.08,3.79,344832.68
2016-02-19,4.0,4.01,4.19,3.9,257739.01
2016-02-22,4.04,4.2,4.28,4.01,268848.74
2016-02-23,4.21,4.25,4.33,4.04,265773.61
2016-02-24,4.18,4.11,4.36,4.01,283840.41
2016-02-25,4.08,3.77,4.17,3.69,250737.99
2016-02-26,3.85,4.14,4.14,3.85,331171.29
2016-02-29,4.2,4.0,4.2,3.81,282464.64
2016-03-01,3.9,4.15,4.4,3.79,519827.48
2016-03-02,4.0,4.43,4.45,3.95,472784.71
2016-03-03,4.37,4.36,4.54,4.32,345904.45
2016-03-04,4.29,4.09,4.39,4.0,271832.44
2016-03-07,4.1,4.36,4.39,4.1,270679.89
2016-03-08,4.35,4.58,4.59,4.22,470793.96
2016-03-09,4.5,4.3,4.54,4.24,302160.6
2016-03-10,4.38,4.15,4.42,4.15,177716.1
2016-03-11,4.08,3.99,4.17,3.85,196443.37
2016-03-14,4.05,4.08,4.21,3.96,202004.53
2016-03-15,4.08,4.0,4.12,3.95,129487.97
2016-03-16,4.0,3.92,4.14,3.92,133022.88
2016-03-17,3.95,4.06,4.07,3.88,160705.02
2016-03-18,4.07,4.17,4.2,4.04,204658.71
2016-03-21,4.2,4.25,4.4,4.2,232576.36
2016-03-22,4.26,4.29,4.39,4.19,226822.75
2016-03-23,4.26,4.3,4.34,4.21,131494.65
2016-03-24,4.29,4.35,4.5,4.24,284612.28
2016-03-25,4.32,4.29,4.42,4.24,143072.66
2016-03-28,4.29,4.22,4.33,4.18,174473.97
2016-03-29,4.17,3.96,4.21,3.94,161006.14
2016-03-30,4.01,4.07,4.08,3.99,99705.53
2016-03-31,4.09,4.03,4.1,4.01,92221.58
2016-04-01,4.04,4.04,4.07,3.91,105969.09
2016-04-05,4.04,4.12,4.16,4.03,105935.25
2016-04-06,4.12,4.14,4.18,4.07,93460.69
2016-04-07,4.17,4.16,4.3,4.16,179049.96
2016-04-08,4.13,4.0,4.14,3.97,117060.96
2016-04-11,3.98,4.05,4.11,3.98,81256.57
2016-04-12,4.05,4.02,4.08,3.96,66962.71
2016-04-13,4.02,4.08,4.16,4.02,149964.37
2016-04-14,4.1,4.16,4.17,4.08,109947.32
2016-04-15,4.16,4.04,4.17,4.04,124922.59
2016-04-18,4.0,4.07,4.08,3.97,83442.56
2016-04-19,4.11,4.05,4.11,4.01,59771.62
2016-04-20,4.07,3.77,4.08,3.72,146752.73
2016-04-21,3.75,3.64,3.83,3.6,86375.56
2016-04-22,3.63,3.65,3.67,3.57,58163.89
2016-04-25,3.65,3.62,3.65,3.57,42950.87
2016-04-26,3.62,3.66,3.67,3.6,48693.77
2016-04-27,3.65,3.71,3.75,3.65,76618.0
2016-04-28,3.69,3.62,3.69,3.5,79611.04
2016-04-29,3.6,3.58,3.63,3.56,35596.8
2016-05-03,3.6,3.69,3.69,3.56,74241.56
2016-05-04,3.69,3.7,3.74,3.65,63320.56
2016-05-05,3.71,3.71,3.73,3.66,75557.79
2016-05-06,3.73,3.5,3.76,3.49,127524.14
2016-05-09,3.46,3.31,3.49,3.28,71452.12
2016-05-10,3.3,3.33,3.35,3.28,31872.9
2016-05-11,3.33,3.32,3.37,3.29,38819.99
2016-05-12,3.24,3.21,3.3,3.1,53631.46
2016-05-13,3.23,3.25,3.4,3.2,70606.08
2016-05-16,3.25,3.27,3.27,3.19,47505.07
2016-05-17,3.28,3.23,3.29,3.2,45598.68
2016-05-18,3.22,3.11,3.22,3.06,60097.6
2016-05-19,3.11,3.12,3.16,3.1,33137.6
2016-05-20,3.11,3.14,3.15,3.08,33722.71
2016-05-23,3.16,3.21,3.27,3.15,52165.11
2016-05-24,3.21,3.23,3.29,3.18,58496.0
2016-05-25,3.25,3.21,3.28,3.14,42416.16
2016-05-26,3.21,3.21,3.23,3.11,39789.71
2016-05-27,3.21,3.21,3.23,3.18,32123.0
2016-05-30,3.2,3.19,3.21,3.13,34897.13
2016-05-31,3.19,3.4,3.42,3.17,103921.06
2016-06-01,3.4,3.42,3.46,3.34,90142.24
2016-06-02,3.43,3.44,3.46,3.38,53611.94
2016-06-03,3.43,3.4,3.44,3.38,41944.12
2016-06-06,3.4,3.4,3.44,3.38,29317.26
2016-06-07,3.38,3.34,3.4,3.3,58061.29
2016-06-08,3.37,3.35,3.37,3.31,35964.52
2016-06-13,3.31,3.15,3.35,3.15,43803.34
2016-06-14,3.15,3.15,3.19,3.1,34945.37
2016-06-15,3.12,3.24,3.27,3.1,36465.49
2016-06-16,3.23,3.19,3.27,3.17,35063.7
2016-06-17,3.19,3.21,3.27,3.19,34909.55
2016-06-20,3.21,3.23,3.23,3.16,26149.19
2016-06-21,3.24,3.23,3.27,3.21,37431.02
2016-06-22,3.21,3.25,3.25,3.17,36058.94
2016-06-23,3.25,3.23,3.26,3.21,28353.0
2016-06-24,3.25,3.17,3.27,3.09,40248.92
2016-06-27,3.18,3.23,3.23,3.15,32098.78
2016-06-28,3.22,3.29,3.29,3.2,46914.44
2016-06-29,3.3,3.31,3.32,3.25,49393.93
2016-06-30,3.31,3.34,3.42,3.28,73248.07
2016-07-01,3.31,3.31,3.37,3.31,36595.84
2016-07-04,3.26,3.37,3.38,3.26,60428.66
2016-07-05,3.4,3.43,3.46,3.35,77243.63
2016-07-06,3.44,3.53,3.6,3.44,132447.7
2016-07-07,3.5,3.48,3.53,3.46,70802.57
2016-07-08,3.48,3.46,3.5,3.44,40519.06
2016-07-11,3.44,3.42,3.47,3.42,47890.68
2016-07-12,3.41,3.46,3.46,3.36,45574.15
2016-07-13,3.44,3.49,3.5,3.44,47675.39
2016-07-14,3.53,3.5,3.54,3.44,42132.74
2016-07-15,3.49,3.5,3.58,3.47,47538.96
2016-07-18,3.5,3.45,3.5,3.42,32681.46
2016-07-19,3.44,3.46,3.47,3.4,33824.95
2016-07-20,3.46,3.46,3.52,3.45,43633.92
2016-07-21,3.47,3.46,3.5,3.44,43180.75
2016-07-22,3.45,3.44,3.47,3.43,23570.6
2016-07-25,3.42,3.48,3.49,3.42,30442.49
2016-07-26,3.46,3.54,3.54,3.46,63645.3
2016-07-27,3.54,3.38,3.57,3.31,82974.36
2016-07-28,3.36,3.35,3.38,3.29,46175.76
2016-07-29,3.35,3.31,3.37,3.3,26572.73
2016-08-01,3.3,3.25,3.31,3.22,35098.45
2016-08-02,3.25,3.29,3.3,3.25,27225.36
2016-08-03,3.29,3.29,3.3,3.26,29419.03
2016-08-04,3.29,3.3,3.3,3.25,23175.95
2016-08-05,3.3,3.31,3.33,3.29,33248.89
2016-08-08,3.3,3.36,3.38,3.3,34563.67
2016-08-09,3.36,3.43,3.45,3.34,54409.38
2016-08-10,3.42,3.45,3.48,3.4,40748.16
2016-08-11,3.44,3.42,3.48,3.41,37018.57
2016-08-12,3.4,3.43,3.44,3.38,31593.88
2016-08-15,3.44,3.5,3.56,3.42,62200.56
2016-08-16,3.5,3.52,3.55,3.46,48991.11
2016-08-17,3.52,3.5,3.52,3.46,42462.43
2016-08-18,3.52,3.52,3.52,3.47,44601.36
2016-08-19,3.52,3.52,3.54,3.46,42670.34
2016-08-22,3.54,3.56,3.65,3.5,127127.66
2016-08-23,3.56,3.62,3.65,3.54,90437.32
2016-08-24,3.6,3.6,3.64,3.54,78811.87
2016-08-25,3.6,3.65,3.65,3.54,111325.13
2016-08-26,3.61,3.6,3.73,3.58,110602.5
2016-08-29,3.59,3.64,3.65,3.57,69296.56
2016-08-30,3.64,3.77,3.79,3.62,157768.65
2016-08-31,4.16,4.05,4.16,3.94,620520.7
2016-09-01,4.0,4.01,4.22,3.98,408428.51
2016-09-02,3.93,3.9,3.98,3.88,247810.97
2016-09-05,3.92,4.03,4.03,3.9,216116.63
2016-09-06,4.0,4.02,4.03,3.94,142472.85
2016-09-07,4.04,3.98,4.05,3.96,157084.82
2016-09-08,4.0,4.01,4.04,3.96,83864.0
2016-09-09,4.0,3.98,4.04,3.96,72629.79
2016-09-12,3.9,3.85,3.93,3.83,80716.93
2016-09-13,3.88,3.89,3.9,3.85,51092.49
2016-09-14,3.88,3.84,3.9,3.79,107552.0
2016-09-19,3.83,3.87,3.87,3.83,55925.53
2016-09-20,3.87,3.87,3.88,3.84,53906.88
2016-09-21,3.87,3.9,3.92,3.85,52823.0
2016-09-22,3.9,3.93,3.94,3.9,51388.31
2016-09-23,3.92,3.96,3.98,3.92,76083.44
2016-09-26,3.94,3.87,3.98,3.83,82480.25
2016-09-27,3.86,3.96,3.96,3.81,80178.1
2016-09-28,3.92,3.9,3.94,3.82,103738.79
2016-09-29,3.9,3.9,3.92,3.86,83640.84
2016-09-30,3.9,3.98,4.0,3.87,116317.77
2016-10-10,4.0,4.02,4.03,3.96,106429.51
2016-10-11,4.03,4.01,4.04,4.0,101343.58
2016-10-12,4.01,3.97,4.07,3.94,243276.69
2016-10-13,3.99,3.95,4.02,3.93,229109.65
2016-10-14,3.95,3.89,3.96,3.86,220636.46
2016-10-17,3.89,3.85,3.91,3.82,170301.86
2016-10-18,3.86,3.9,3.9,3.81,191985.0
2016-10-19,3.91,4.05,4.1,3.87,309490.48
2016-10-20,4.05,4.42,4.46,4.01,949033.04
2016-10-21,4.28,4.24,4.33,4.17,578524.11
2016-10-24,4.22,4.22,4.27,4.17,296785.61
2016-10-25,4.21,4.23,4.27,4.19,249137.63
2016-10-26,4.23,4.18,4.23,4.16,226033.0
2016-10-27,4.17,4.1,4.17,4.06,247121.28
2016-10-28,4.11,4.11,4.13,4.08,160763.56
2016-10-31,4.1,4.05,4.1,4.01,164562.78
2016-11-01,4.04,4.07,4.09,4.01,156987.47
2016-11-02,4.07,4.03,4.08,4.02,132564.96
2016-11-03,4.03,4.07,4.14,4.0,202895.28
2016-11-04,4.06,4.04,4.1,4.03,159077.59
2016-11-07,4.05,4.07,4.07,4.0,167675.23
2016-11-08,4.1,4.09,4.12,4.07,199463.66
2016-11-09,4.1,4.05,4.1,4.01,181997.66
2016-11-10,4.06,4.12,4.13,4.06,229801.72
2016-11-11,4.11,4.19,4.2,4.08,332067.38
2016-11-14,4.15,4.15,4.2,4.12,259929.04
2016-11-15,4.15,4.21,4.21,4.14,198921.48
2016-11-16,4.21,4.17,4.22,4.16,159254.8
2016-11-17,4.33,4.24,4.44,4.22,602736.92
2016-11-18,4.16,4.14,4.23,4.12,353907.1
2016-11-21,4.12,4.15,4.17,4.11,195695.53
2016-11-22,4.14,4.18,4.2,4.13,173626.86
2016-11-23,4.19,4.14,4.19,4.12,178021.72
2016-11-24,4.14,4.12,4.17,4.1,170872.7
2016-11-25,4.11,4.08,4.12,4.02,278004.48
2016-11-28,4.08,4.09,4.11,4.07,159233.96
2016-11-29,4.09,4.02,4.09,4.02,161567.79
2016-11-30,4.02,4.03,4.05,3.99,131383.64
2016-12-01,4.04,4.04,4.06,4.02,85067.4
2016-12-02,4.04,3.94,4.04,3.94,165403.0
2016-12-05,3.91,3.91,3.97,3.88,83814.26
2016-12-06,3.92,3.94,3.96,3.92,70239.02
2016-12-07,3.94,4.02,4.02,3.92,106811.11
2016-12-08,4.02,3.99,4.03,3.97,82530.41
2016-12-09,4.0,3.97,4.01,3.95,93129.32
2016-12-12,3.96,3.8,3.97,3.8,182451.9
2016-12-13,3.79,3.82,3.84,3.77,113533.01
2016-12-14,3.82,3.89,3.92,3.79,163610.71
2016-12-15,3.94,3.95,3.98,3.88,181043.53
2016-12-16,3.94,3.96,3.96,3.91,146991.18
2016-12-19,3.95,3.94,3.97,3.92,62141.12
2016-12-20,3.93,3.97,3.97,3.92,106756.9
2016-12-21,3.96,3.97,3.98,3.95,98855.96
2016-12-22,3.96,3.95,3.96,3.93,64198.66
2016-12-23,3.94,3.88,3.95,3.86,108087.21
2016-12-26,3.87,3.89,3.9,3.83,81962.0
2016-12-27,3.89,3.92,3.93,3.88,63571.0
2016-12-28,3.9,3.9,3.94,3.89,72246.45
2016-12-29,3.89,3.91,3.92,3.87,83555.66
2016-12-30,3.91,3.9,3.92,3.87,94786.98
2017-01-03,3.89,3.93,3.93,3.88,98046.0
2017-01-04,3.93,3.99,4.01,3.91,172112.21
2017-01-05,3.99,3.98,4.0,3.96,109995.66
2017-01-06,3.97,4.0,4.05,3.97,138041.25
2017-01-09,4.0,4.06,4.07,3.98,160656.33
2017-01-10,4.06,4.02,4.06,4.0,116940.06
2017-01-11,4.0,3.95,4.03,3.94,128615.4
2017-01-12,3.96,3.93,3.97,3.91,90821.97
2017-01-13,3.92,3.88,3.94,3.87,110383.48
2017-01-16,3.88,3.74,3.89,3.61,148348.75
2017-01-17,3.74,3.8,3.81,3.72,75407.64
2017-01-18,3.78,3.77,3.79,3.77,41546.81
2017-01-19,3.78,3.77,3.79,3.75,36275.73
2017-01-20,3.76,3.8,3.82,3.75,56808.98
2017-01-23,3.8,3.82,3.84,3.8,63108.0
2017-01-24,3.83,3.81,3.83,3.79,49055.2
2017-01-25,3.81,3.83,3.84,3.79,54761.2
2017-01-26,3.83,3.85,3.85,3.82,49019.23
2017-02-03,3.84,3.8,3.85,3.78,67653.48
2017-02-06,3.8,3.84,3.84,3.79,66038.15
2017-02-07,3.84,3.83,3.84,3.8,71262.15
2017-02-08,3.83,3.85,3.86,3.81,80050.45
2017-02-09,3.85,4.0,4.02,3.84,239947.04
2017-02-10,4.05,4.09,4.12,4.0,397808.75
2017-02-13,4.05,4.08,4.14,4.04,234341.37
2017-02-14,4.08,4.08,4.09,4.02,177447.09
2017-02-15,4.07,4.1,4.15,4.05,295296.36
2017-02-16,4.11,4.11,4.14,4.08,159683.41
2017-02-17,4.11,4.16,4.19,4.07,326652.77
2017-02-20,4.18,4.28,4.32,4.16,483534.84
2017-02-21,4.27,4.3,4.3,4.2,344304.96
2017-02-22,4.3,4.26,4.33,4.23,253858.81
2017-02-23,4.25,4.23,4.26,4.19,240826.0
2017-02-24,4.21,4.24,4.3,4.2,175888.9
2017-02-27,4.21,4.24,4.29,4.16,264463.29
2017-02-28,4.22,4.25,4.27,4.19,106892.99
2017-03-01,4.26,4.26,4.31,4.22,250699.38
2017-03-02,4.33,4.21,4.33,4.2,247895.59
2017-03-03,4.23,4.21,4.23,4.15,237788.72
2017-03-06,4.21,4.2,4.22,4.17,143191.96
2017-03-07,4.19,4.14,4.19,4.14,130457.32
2017-03-08,4.13,4.09,4.15,4.07,146042.87
2017-03-09,4.09,4.08,4.09,4.04,90736.57
2017-03-10,4.09,4.08,4.1,4.05,82577.08
2017-03-13,4.07,4.09,4.09,4.03,77354.52
2017-03-14,4.08,4.09,4.11,4.07,63725.18
2017-03-15,4.09,4.14,4.15,4.05,131947.46
2017-03-16,4.14,4.2,4.22,4.13,197898.46
2017-03-17,4.2,4.16,4.23,4.14,178085.28
2017-03-20,4.17,4.12,4.17,4.06,152779.02
2017-03-21,4.11,4.12,4.14,4.08,105913.64
2017-03-22,4.12,4.12,4.17,4.07,129741.0
2017-03-23,4.12,4.1,4.12,4.04,120451.0
2017-03-24,4.09,4.07,4.09,4.04,99831.4
2017-03-27,4.08,4.06,4.08,4.03,102081.0
2017-03-28,4.04,4.11,4.18,4.03,246508.17
2017-03-29,4.16,4.02,4.17,4.02,209699.2
2017-03-30,4.0,4.01,4.08,3.93,227899.77
2017-03-31,4.0,3.97,4.04,3.95,135846.98
2017-04-05,3.98,3.98,4.01,3.96,148685.75
2017-04-06,3.98,4.01,4.01,3.97,109076.9
2017-04-07,4.01,3.98,4.01,3.97,93631.68
2017-04-10,3.98,3.88,3.98,3.86,169444.59
2017-04-11,3.9,3.92,3.93,3.84,117443.43
2017-04-12,3.97,3.96,4.01,3.95,200083.64
2017-04-13,3.98,3.98,3.99,3.94,86264.31
2017-04-14,3.99,3.96,4.0,3.93,73157.0
2017-04-17,3.98,3.85,3.98,3.83,157641.3
2017-04-18,3.84,3.85,3.91,3.84,70613.53
2017-04-19,3.84,3.77,3.85,3.72,110090.06
2017-04-20,3.78,3.74,3.82,3.71,62433.62
2017-04-21,3.76,3.75,3.76,3.71,47261.0
2017-04-24,3.75,3.61,3.75,3.58,102277.0
2017-04-25,3.62,3.62,3.67,3.6,47255.96
2017-04-26,3.64,3.63,3.64,3.61,36611.22
2017-04-27,3.63,3.59,3.64,3.5,112818.32
2017-04-28,3.6,3.63,3.64,3.58,47608.0
2017-05-02,3.64,3.6,3.64,3.59,49157.54
2017-05-03,3.62,3.58,3.62,3.58,45902.0
2017-05-04,3.58,3.52,3.58,3.51,97344.2
2017-05-05,3.52,3.48,3.54,3.47,72339.64
2017-05-08,3.47,3.18,3.47,3.17,242537.56
2017-05-09,3.17,3.19,3.21,3.14,110758.76
2017-05-10,3.2,3.11,3.22,3.1,123477.99
2017-05-11,3.09,3.04,3.09,2.9,140887.93
2017-05-12,3.03,3.2,3.2,3.01,144441.12
2017-05-15,3.21,3.16,3.22,3.15,67381.16
2017-05-16,3.15,3.22,3.22,3.14,72770.49
2017-05-17,3.2,3.24,3.32,3.2,91257.37
2017-05-18,3.22,3.31,3.33,3.2,114723.18
2017-05-19,3.31,3.26,3.32,3.22,80847.14
2017-05-22,3.26,3.18,3.27,3.18,60045.0
2017-05-23,3.21,3.02,3.21,2.98,160257.91
2017-05-24,3.0,3.06,3.06,2.93,105925.96
2017-05-25,3.06,3.1,3.12,2.99,109178.84
2017-05-26,3.1,3.07,3.11,3.06,77335.3
2017-05-31,3.11,3.06,3.12,3.05,86541.0
2017-06-01,3.05,2.96,3.07,2.95,95156.8
2017-06-02,2.96,3.01,3.02,2.94,94951.0
2017-06-05,3.0,3.01,3.03,3.0,67898.01
2017-06-06,3.02,3.02,3.02,2.98,48347.0
2017-06-07,3.01,3.07,3.08,3.0,103565.57
2017-06-08,3.06,3.05,3.09,3.04,89929.5
2017-06-09,3.05,3.07,3.08,3.03,67842.29
2017-06-12,3.05,3.03,3.06,3.03,43563.63
2017-06-13,3.02,3.06,3.07,3.02,45377.1
2017-06-14,3.05,3.05,3.07,3.03,57439.69
2017-06-15,3.04,3.07,3.09,3.03,100852.18
2017-06-16,3.06,3.09,3.1,3.06,89840.37
2017-06-19,3.09,3.1,3.11,3.07,87862.32
2017-06-20,3.09,3.09,3.11,3.08,67475.0
2017-06-21,3.09,3.11,3.11,3.08,68462.06
2017-06-22,3.1,3.05,3.11,3.05,98904.16
2017-06-23,3.04,3.04,3.06,3.0,77383.83
2017-06-26,3.04,3.07,3.08,3.02,81024.29
2017-06-27,3.07,3.09,3.11,3.05,101742.86
2017-06-28,3.09,3.07,3.1,3.04,62029.6
2017-06-29,3.07,3.07,3.09,3.05,68894.0
2017-06-30,3.06,3.06,3.08,3.03,71330.02
2017-07-03,3.07,3.09,3.1,3.04,91224.2
2017-07-04,3.09,3.11,3.11,3.08,120726.7
2017-07-05,3.1,3.12,3.12,3.07,87391.17
2017-07-06,3.11,3.16,3.17,3.1,174328.46
2017-07-07,3.15,3.16,3.17,3.12,87787.86
2017-07-10,3.16,3.22,3.28,3.14,243152.67
2017-07-11,3.2,3.21,3.25,3.19,167952.56
2017-07-12,3.19,3.16,3.21,3.12,124717.27
2017-07-13,3.15,3.31,3.33,3.13,296735.61
2017-07-14,3.31,3.46,3.5,3.26,454344.73
2017-07-17,3.41,3.29,3.45,3.11,299897.59
2017-07-18,3.31,3.4,3.41,3.3,209016.29
2017-07-19,3.39,3.47,3.51,3.36,339609.17
2017-07-20,3.45,3.46,3.5,3.42,219202.21
2017-07-21,3.44,3.38,3.45,3.36,193445.26
2017-07-24,3.38,3.43,3.45,3.36,178318.97
2017-07-25,3.43,3.36,3.44,3.35,123473.52
2017-07-26,3.34,3.45,3.47,3.3,227253.42
2017-07-27,3.43,3.43,3.49,3.38,153401.69
2017-07-28,3.43,3.44,3.45,3.37,134218.04
2017-07-31,3.44,3.5,3.57,3.43,274476.67
2017-08-01,3.49,3.41,3.5,3.4,180466.34
2017-08-02,3.41,3.4,3.45,3.39,123956.1
2017-08-03,3.39,3.43,3.43,3.37,130990.0
2017-08-04,3.43,3.45,3.52,3.41,249380.34
2017-08-07,3.41,3.46,3.46,3.41,128641.48
2017-08-08,3.45,3.53,3.55,3.44,324800.75
2017-08-09,3.53,3.56,3.62,3.51,299497.99
2017-08-10,3.62,3.58,3.65,3.46,276102.4
2017-08-11,3.52,3.4,3.54,3.38,300907.02
2017-08-14,3.4,3.41,3.43,3.38,175997.71
2017-08-15,3.41,3.36,3.43,3.34,144623.26
2017-08-16,3.36,3.34,3.36,3.3,119913.61
2017-08-17,3.32,3.35,3.35,3.32,119466.0
2017-08-18,3.33,3.34,3.35,3.3,78760.0
2017-08-21,3.34,3.36,3.38,3.33,92047.52
2017-08-22,3.36,3.33,3.37,3.3,86001.95
2017-08-23,3.33,3.29,3.34,3.29,81536.99
2017-08-24,3.3,3.27,3.3,3.26,67348.34
2017-08-25,3.27,3.31,3.32,3.27,52612.0
2017-08-28,3.32,3.34,3.34,3.3,78575.92
2017-08-29,3.34,3.32,3.34,3.31,62215.1
2017-08-30,3.32,3.34,3.35,3.3,100704.99
2017-08-31,3.34,3.32,3.34,3.3,69834.75
2017-09-01,3.32,3.35,3.35,3.3,119769.11
2017-09-04,3.36,3.43,3.44,3.36,186684.12
2017-09-05,3.41,3.4,3.42,3.38,88972.78
2017-09-06,3.39,3.4,3.42,3.38,95049.64
2017-09-07,3.4,3.38,3.42,3.37,89138.02
2017-09-08,3.37,3.39,3.4,3.37,62909.02
2017-09-11,3.38,3.42,3.42,3.38,92928.09
2017-09-12,3.42,3.43,3.44,3.39,154147.82
2017-09-13,3.42,3.5,3.5,3.41,201490.47
2017-09-14,3.51,3.52,3.54,3.46,156288.14
2017-09-15,3.52,3.46,3.53,3.46,113659.0
2017-09-18,3.47,3.47,3.51,3.46,78471.72
2017-09-19,3.47,3.44,3.49,3.44,70476.91
2017-09-20,3.45,3.48,3.49,3.45,60621.28
2017-09-21,3.48,3.42,3.49,3.41,74825.32
2017-09-22,3.42,3.41,3.44,3.35,109733.47
2017-09-25,3.4,3.4,3.41,3.37,66222.78
2017-09-26,3.4,3.48,3.49,3.38,85971.16
2017-09-27,3.48,3.54,3.56,3.46,171644.91
2017-09-28,3.52,3.51,3.55,3.47,127029.0
2017-09-29,3.53,3.51,3.55,3.49,82107.01
2017-10-09,3.52,3.54,3.55,3.49,143413.76
2017-10-10,3.51,3.51,3.53,3.48,79473.26
2017-10-11,3.51,3.48,3.54,3.47,83624.0
2017-10-12,3.49,3.47,3.5,3.44,78350.5
2017-10-13,3.47,3.48,3.49,3.45,55295.12
2017-10-16,3.53,3.44,3.53,3.44,81678.38
2017-10-17,3.44,3.44,3.46,3.42,58582.47
2017-10-18,3.44,3.4,3.45,3.4,66950.06
2017-10-19,3.41,3.3,3.41,3.28,98530.36
2017-10-20,3.3,3.36,3.36,3.3,47711.56
2017-10-23,3.34,3.36,3.37,3.33,39185.0
2017-10-24,3.36,3.33,3.36,3.31,41137.96
2017-10-25,3.34,3.33,3.35,3.32,30216.8
2017-10-26,3.34,3.35,3.36,3.32,44651.12
2017-10-27,3.35,3.35,3.35,3.33,42172.54
2017-10-30,3.35,3.21,3.35,3.2,107491.0
2017-10-31,3.21,3.24,3.26,3.2,43900.0
2017-11-01,3.24,3.23,3.26,3.22,43904.02
2017-11-02,3.22,3.15,3.23,3.14,77200.18
2017-11-03,3.14,3.14,3.17,3.11,56826.12
2017-11-06,3.13,3.17,3.17,3.12,29419.9
2017-11-07,3.16,3.16,3.18,3.13,45320.58
2017-11-08,3.16,3.16,3.18,3.14,50654.62
2017-11-09,3.15,3.18,3.18,3.14,41394.42
2017-11-10,3.18,3.15,3.18,3.14,41446.0
2017-11-13,3.15,3.12,3.16,3.11,59215.68
2017-11-14,3.13,3.11,3.13,3.08,65312.64
2017-11-15,3.11,3.25,3.39,3.09,249653.94
2017-11-16,3.24,3.28,3.31,3.2,131591.6
2017-11-17,3.33,3.35,3.52,3.3,283696.4
2017-11-20,3.36,3.32,3.4,3.18,131250.12
2017-11-21,3.28,3.24,3.28,3.22,102909.44
2017-11-22,3.22,3.49,3.56,3.14,295455.54
2017-11-23,3.48,3.38,3.48,3.3,248594.11
2017-11-24,3.35,3.38,3.44,3.31,124430.02
2017-11-27,3.38,3.41,3.48,3.32,167777.0
2017-11-28,3.41,3.39,3.42,3.33,141521.99
2017-11-29,3.37,3.31,3.38,3.31,138910.06
2017-11-30,3.3,3.2,3.35,3.18,190666.0
2017-12-01,3.2,3.18,3.21,3.15,120899.84
2017-12-04,3.12,3.09,3.16,3.06,168732.51
2017-12-05,3.05,3.09,3.12,3.05,89204.96
2017-12-06,3.07,3.09,3.09,2.98,162656.7
2017-12-07,3.08,3.05,3.08,3.01,72562.28
2017-12-08,3.36,3.36,3.36,3.34,617688.31
2017-12-11,3.34,3.3,3.4,3.26,507244.59
2017-12-12,3.35,3.24,3.35,3.23,253591.25
2017-12-13,3.21,3.17,3.24,3.13,247166.6
2017-12-14,3.17,3.19,3.24,3.14,196973.02
2017-12-15,3.15,3.13,3.17,3.11,156016.0
2017-12-18,3.12,3.14,3.18,3.08,138713.56
2017-12-19,3.13,3.14,3.16,3.11,72641.0
2017-12-20,3.14,3.1,3.15,3.08,74635.63
2017-12-21,3.08,3.09,3.11,3.06,73064.0
2017-12-22,3.1,3.14,3.17,3.09,145424.0
2017-12-25,3.17,3.15,3.18,3.11,99896.25
2017-12-26,3.15,3.14,3.15,3.1,66927.24
2017-12-27,3.13,3.13,3.14,3.11,68231.84
2017-12-28,3.12,3.13,3.15,3.1,72819.75
2017-12-29,3.14,3.13,3.14,3.11,44483.26
2018-01-02,3.14,3.17,3.21,3.13,126260.02
2018-01-03,3.16,3.19,3.19,3.12,120567.82
2018-01-04,3.17,3.2,3.22,3.16,102900.06
2018-01-05,3.19,3.19,3.22,3.17,78232.02
2018-01-08,3.2,3.2,3.25,3.19,123457.0
2018-01-09,3.21,3.18,3.23,3.17,96166.02
2018-01-10,3.17,3.23,3.24,3.17,144890.8
2018-01-11,3.21,3.23,3.25,3.2,105889.44
2018-01-12,3.22,3.22,3.24,3.21,79585.0
2018-01-15,3.22,3.1,3.23,3.1,116799.0
2018-01-16,3.1,3.12,3.13,3.1,56905.99
2018-01-17,3.11,3.1,3.12,3.06,85923.84
2018-01-18,3.09,3.11,3.13,3.09,48321.02
2018-01-19,3.11,3.1,3.12,3.08,58690.84
2018-01-22,3.09,3.11,3.11,3.06,50257.6
2018-01-23,3.13,3.13,3.18,3.12,71242.99
2018-01-24,3.12,3.12,3.13,3.1,60364.32
2018-01-25,3.12,3.13,3.16,3.11,83150.04
2018-01-26,3.16,3.16,3.22,3.16,102652.41
2018-01-29,3.16,3.11,3.17,3.1,90709.0
2018-01-30,3.1,3.11,3.14,3.09,46194.0
2018-01-31,3.1,3.06,3.11,3.05,86741.0
2018-02-01,3.06,2.97,3.09,2.96,114764.02
2018-02-02,2.93,2.94,2.96,2.87,75149.38
2018-02-05,2.95,2.96,2.98,2.9,47746.0
2018-02-06,2.91,2.89,2.94,2.88,65338.0
2018-02-07,2.92,2.89,2.94,2.88,46038.26
2018-02-08,2.9,2.95,2.96,2.88,51822.67
2018-02-09,2.92,2.85,2.92,2.82,75315.0
2018-02-12,2.86,2.93,2.95,2.86,54379.64
2018-02-13,2.93,2.91,2.96,2.91,39953.2
2018-02-14,2.91,2.95,2.95,2.91,29620.12
2018-02-22,2.95,2.96,2.97,2.95,37178.43
2018-02-23,2.96,2.99,2.99,2.95,40029.78
2018-02-26,3.0,3.04,3.04,2.99,58715.24
2018-02-27,3.04,3.01,3.06,3.0,60877.74
2018-02-28,3.0,3.0,3.01,2.97,38686.48
2018-03-01,2.99,3.01,3.02,2.97,33609.04
2018-03-02,2.99,3.0,3.02,2.98,48918.02
2018-03-05,3.0,2.99,3.01,2.97,44618.84
2018-03-06,2.99,3.01,3.01,2.97,60739.2
2018-03-07,3.01,2.99,3.01,2.98,45272.76
2018-03-08,2.98,3.04,3.14,2.97,200331.0
2018-03-09,3.01,2.99,3.03,2.97,281941.0
2018-03-12,2.99,3.02,3.02,2.99,161507.39
2018-03-13,3.01,3.0,3.02,2.99,118886.77
2018-03-14,2.99,2.95,2.99,2.94,143725.04
2018-03-15,2.93,2.94,2.96,2.92,73264.0
2018-03-16,2.94,2.95,2.96,2.92,45873.0
2018-03-19,2.94,2.94,2.95,2.93,38658.85
2018-03-20,2.94,2.93,2.94,2.91,58583.87
2018-03-21,2.93,2.92,2.96,2.92,59391.02
2018-03-22,2.93,2.91,2.93,2.89,67954.0
2018-03-23,2.85,2.77,2.87,2.69,170923.96
2018-03-26,2.74,2.76,2.78,2.7,62276.57
2018-03-27,2.79,2.82,2.82,2.77,90914.16
2018-03-28,2.79,2.81,2.81,2.77,72961.74
2018-03-29,2.8,2.83,2.88,2.78,138721.0
2018-03-30,2.81,2.82,2.82,2.79,109241.21
2018-04-02,2.81,2.8,2.82,2.78,104646.0
2018-04-03,2.77,2.79,2.79,2.73,80773.08
2018-04-04,2.78,2.81,2.81,2.77,66635.02
2018-04-09,2.79,2.8,2.81,2.78,47550.52
2018-04-10,2.8,2.81,2.81,2.76,93682.4
2018-04-11,2.81,2.82,2.85,2.8,85856.65
2018-04-12,2.81,2.8,2.82,2.76,80408.0
2018-04-13,2.8,2.8,2.81,2.78,39628.96
2018-04-16,2.76,2.79,2.8,2.7,123208.34
2018-04-17,2.76,2.74,2.77,2.72,59444.94
2018-04-18,2.78,2.74,2.78,2.71,71958.12
2018-04-19,2.73,2.75,2.78,2.72,65958.02
2018-04-20,2.74,2.71,2.76,2.71,52873.96
2018-04-23,2.73,2.73,2.76,2.71,87959.67
2018-04-24,2.75,2.81,2.97,2.72,205552.85
2018-04-25,2.78,2.77,2.79,2.74,121812.94
2018-04-26,2.75,2.7,2.75,2.7,93580.0
2018-04-27,2.73,2.72,2.74,2.71,56684.0
2018-05-02,2.72,2.69,2.73,2.67,65204.0
2018-05-03,2.69,2.7,2.71,2.64,66305.68
2018-05-04,2.7,2.69,2.7,2.68,36628.0
2018-05-07,2.68,2.72,2.72,2.68,61019.02
2018-05-08,2.71,2.71,2.72,2.69,68672.0
2018-05-09,2.71,2.69,2.72,2.68,57132.0
2018-05-10,2.7,2.7,2.71,2.68,63702.58
2018-05-11,2.7,2.7,2.71,2.68,52874.0
2018-05-14,2.69,2.67,2.7,2.66,49420.0
2018-05-15,2.67,2.67,2.68,2.66,43683.0
2018-05-16,2.66,2.66,2.67,2.64,46484.0
2018-05-17,2.66,2.69,2.73,2.64,120075.94
2018-05-18,2.69,2.74,2.81,2.68,230926.58
2018-05-21,2.74,2.79,2.81,2.7,205042.42
2018-05-22,2.78,2.77,2.79,2.75,93985.54
2018-05-23,2.76,2.7,2.76,2.69,123541.02
2018-05-24,2.7,2.69,2.71,2.68,65251.4
2018-05-25,2.68,2.67,2.69,2.66,46283.2
2018-05-28,2.68,2.62,2.69,2.54,126753.36
2018-05-29,2.6,2.62,2.62,2.56,61063.0
2018-05-30,2.6,2.61,2.62,2.54,107870.0
2018-05-31,2.6,2.63,2.63,2.58,50511.04
2018-06-01,2.6,2.62,2.62,2.57,58437.04
2018-06-04,2.58,2.62,2.62,2.58,35644.17
2018-06-05,2.61,2.62,2.62,2.58,43169.02
2018-06-06,2.61,2.62,2.62,2.59,54629.91
2018-06-07,2.61,2.62,2.62,2.59,42988.25
2018-06-08,2.6,2.59,2.6,2.55,55180.82
2018-06-11,2.58,2.57,2.59,2.53,66009.27
2018-06-12,2.56,2.57,2.59,2.54,92899.12
2018-06-13,2.55,2.54,2.57,2.52,88387.8
2018-06-14,2.52,2.56,2.56,2.49,96797.6
2018-06-28,2.38,2.51,2.56,2.36,127750.0
2018-06-29,2.42,2.51,2.52,2.42,54362.0
2018-07-02,2.51,2.5,2.51,2.46,41714.56
2018-07-03,2.49,2.5,2.5,2.45,43175.32
2018-07-04,2.49,2.46,2.49,2.45,28942.0
2018-07-05,2.44,2.36,2.46,2.36,50086.0
2018-07-06,2.34,2.38,2.47,2.33,68111.0
2018-07-09,2.38,2.4,2.42,2.38,39369.78
2018-07-10,2.41,2.4,2.42,2.38,38351.2
2018-07-11,2.39,2.31,2.39,2.3,61111.0
2018-07-12,2.3,2.33,2.35,2.28,71660.64
2018-07-13,2.33,2.33,2.36,2.32,49384.82
2018-07-16,2.33,2.33,2.34,2.32,43325.82
2018-07-17,2.34,2.35,2.36,2.32,62697.0
2018-07-18,2.34,2.34,2.36,2.33,50359.0
2018-07-19,2.34,2.33,2.38,2.31,82918.66
2018-07-20,2.33,2.35,2.36,2.28,89009.28
2018-07-23,2.35,2.36,2.36,2.33,56716.0
2018-07-24,2.36,2.4,2.4,2.35,102885.12
2018-07-25,2.39,2.43,2.54,2.38,168163.0
2018-07-26,2.43,2.48,2.5,2.41,162212.08
2018-07-27,2.46,2.47,2.54,2.46,131619.2
2018-07-30,2.46,2.44,2.5,2.42,96187.0
2018-07-31,2.42,2.44,2.46,2.4,74891.32
2018-08-01,2.44,2.41,2.46,2.4,78174.0
2018-08-02,2.42,2.45,2.46,2.38,225135.7
2018-08-03,2.45,2.51,2.55,2.41,317660.98
2018-08-06,2.49,2.41,2.52,2.41,217297.8
2018-08-07,2.3,2.41,2.41,2.29,229750.24
2018-08-08,2.38,2.32,2.39,2.32,124748.24
2018-08-09,2.31,2.35,2.37,2.31,97155.44
2018-08-10,2.34,2.33,2.36,2.33,68739.0
2018-08-13,2.33,2.35,2.35,2.31,73446.0
2018-08-14,2.34,2.34,2.37,2.33,68249.0
2018-08-15,2.35,2.3,2.35,2.29,79583.6
2018-08-16,2.28,2.32,2.35,2.25,95886.66
2018-08-17,2.32,2.3,2.33,2.27,83990.2
2018-08-20,2.29,2.28,2.29,2.25,53691.62
2018-08-21,2.27,2.3,2.3,2.26,47001.2
2018-08-22,2.29,2.28,2.29,2.25,53160.0
2018-08-23,2.27,2.27,2.29,2.27,41900.63
2018-08-24,2.28,2.27,2.28,2.25,38304.96
2018-08-27,2.27,2.3,2.3,2.27,56883.0
2018-08-28,2.3,2.3,2.32,2.28,60868.8
2018-08-29,2.29,2.29,2.3,2.27,44529.0
2018-08-30,2.29,2.26,2.29,2.26,49266.63
2018-08-31,2.26,2.24,2.27,2.22,49129.97
2018-09-03,2.22,2.23,2.24,2.2,52558.02
2018-09-04,2.23,2.25,2.26,2.21,46392.14
2018-09-05,2.24,2.24,2.27,2.22,45708.92
2018-09-06,2.23,2.2,2.24,2.2,40226.18
2018-09-07,2.21,2.21,2.24,2.19,64984.1
2018-09-10,2.22,2.14,2.22,2.13,72546.53
2018-09-11,2.15,2.14,2.16,2.1,61110.97
2018-09-12,2.11,2.12,2.15,2.1,57568.15
2018-09-13,2.13,2.09,2.14,2.08,89533.0
2018-09-14,2.09,2.04,2.1,2.04,102829.0
2018-09-17,2.04,2.02,2.04,1.99,85685.92
2018-09-18,2.01,2.03,2.04,2.01,286532.0
2018-09-19,2.02,2.03,2.05,2.01,140179.92
2018-09-20,2.03,2.04,2.06,2.02,173508.92
2018-09-21,2.04,2.06,2.06,2.03,169157.88
2018-09-25,2.04,2.03,2.05,2.02,82041.52
2018-09-26,2.03,2.04,2.06,2.02,95589.02
2018-09-27,2.04,2.02,2.05,2.02,58700.0
2018-09-28,2.03,2.06,2.09,2.02,137911.56
2018-10-08,2.03,2.01,2.05,2.01,119347.89
2018-10-09,2.01,2.02,2.04,2.01,60280.04
2018-10-10,2.02,2.05,2.06,2.02,110024.18
2018-10-11,2.03,1.85,2.03,1.85,205190.0
2018-10-12,1.84,1.84,1.87,1.72,135621.69
2018-10-15,1.85,1.83,1.92,1.82,126171.68
2018-10-16,1.83,1.78,1.84,1.76,104650.56
2018-10-17,1.8,1.79,1.81,1.76,94947.96
2018-10-18,1.78,1.69,1.78,1.69,135859.0
2018-10-19,1.65,1.72,1.75,1.63,162426.99
2018-10-22,1.73,1.83,1.87,1.73,215795.8
2018-10-23,1.83,1.8,1.85,1.79,119660.19
2018-10-24,1.81,1.83,1.85,1.79,86649.02
2018-10-25,1.79,1.82,1.84,1.76,96008.02
2018-10-26,1.83,1.87,1.88,1.82,122048.74
2018-10-29,1.86,1.82,1.86,1.82,72269.53
2018-10-30,1.81,1.88,1.92,1.81,143818.2
2018-10-31,1.86,1.88,1.9,1.85,122897.52
2018-11-01,1.89,1.89,1.91,1.87,123181.4
2018-11-02,1.89,1.92,1.92,1.89,109568.0
2018-11-05,1.91,1.92,1.93,1.89,122476.19
2018-11-06,1.91,1.9,1.92,1.88,79854.4
2018-11-07,1.9,1.89,1.92,1.89,79685.42
2018-11-08,1.91,1.92,1.98,1.9,180073.47
2018-11-09,1.93,1.89,1.93,1.89,112290.99
2018-11-12,1.89,1.96,1.97,1.88,274935.87
2018-11-13,1.94,2.06,2.08,1.93,411716.34
2018-11-14,2.05,2.1,2.15,2.04,403899.25
2018-11-15,2.1,2.1,2.13,2.06,235935.25
2018-11-16,2.1,2.08,2.12,2.07,224594.17
2018-11-19,2.09,2.09,2.1,2.04,163520.48
2018-11-20,2.07,2.06,2.09,2.04,148401.28
2018-11-21,2.05,2.1,2.1,2.03,136237.68
2018-11-22,2.1,2.07,2.1,2.06,117010.0
2018-11-23,2.08,1.98,2.08,1.96,157514.52
2018-11-26,1.98,2.01,2.07,1.96,94973.02
2018-11-27,2.01,2.0,2.03,1.99,59872.36
2018-11-28,1.99,2.03,2.03,1.95,79808.96
2018-11-29,2.03,1.97,2.04,1.97,71311.01
2018-11-30,1.97,1.96,1.98,1.92,78135.02
2018-12-03,2.0,2.02,2.03,1.99,109920.92
2018-12-04,2.03,2.05,2.05,2.01,89290.02
2018-12-05,2.02,2.01,2.05,2.0,104793.0
2018-12-06,2.02,2.0,2.03,1.99,68070.03
2018-12-07,2.0,1.99,2.02,1.99,49902.0
2018-12-10,1.99,1.94,1.99,1.91,85169.0
2018-12-11,1.95,1.94,1.95,1.93,53382.24
2018-12-12,1.95,1.94,1.96,1.94,40289.19
2018-12-13,1.95,1.96,1.98,1.92,76917.1
2018-12-14,1.95,1.92,1.96,1.92,55305.0
2018-12-17,1.9,1.92,1.93,1.88,62946.14
2018-12-18,1.91,1.91,1.92,1.89,68258.77
2018-12-19,1.92,1.9,1.92,1.88,65494.0
2018-12-20,1.9,1.89,1.9,1.87,67222.0
2018-12-21,1.88,1.91,1.92,1.88,64401.46
2018-12-24,1.91,1.92,1.93,1.89,61253.41
2018-12-25,1.9,1.9,1.91,1.85,61069.0
2018-12-26,1.91,1.89,1.91,1.88,56134.0
2018-12-27,1.91,1.87,1.91,1.87,82397.86
2018-12-28,1.88,1.9,1.95,1.87,83567.0
2019-01-02,1.9,1.87,1.92,1.86,60749.46
2019-01-03,1.87,1.87,1.89,1.86,31009.0
2019-01-04,1.85,1.9,1.91,1.84,76097.18
2019-01-07,1.91,1.94,1.94,1.89,129611.0
2019-01-08,1.93,1.95,2.0,1.91,146186.28
2019-01-09,1.94,1.95,1.97,1.92,124592.83
2019-01-10,1.95,1.97,1.97,1.93,110193.63
2019-01-11,1.97,2.02,2.05,1.95,223853.79
2019-01-14,2.0,1.97,2.03,1.97,143708.44
2019-01-15,1.98,2.03,2.05,1.97,192157.06
2019-01-16,2.02,1.98,2.02,1.98,142573.0
2019-01-17,1.98,2.0,2.04,1.97,209844.36
2019-01-18,2.0,2.02,2.04,1.99,177676.42
2019-01-21,2.03,2.02,2.03,2.0,137361.75
2019-01-22,2.0,2.06,2.2,2.0,457403.91
2019-01-23,2.04,2.02,2.05,2.0,238734.79
2019-01-24,2.01,2.0,2.04,1.98,158301.58
2019-01-25,2.0,1.98,2.01,1.96,127193.03
2019-01-28,1.99,1.96,1.99,1.93,121028.04
2019-01-29,1.94,1.94,1.95,1.86,142596.47
2019-01-30,1.94,1.93,1.97,1.92,65003.0
2019-01-31,1.92,1.9,1.94,1.9,68702.02
2019-02-01,1.9,1.96,1.96,1.9,58414.1
2019-02-11,1.95,2.01,2.02,1.95,107553.1
2019-02-12,2.0,2.05,2.05,2.0,139389.43
2019-02-13,2.05,2.06,2.08,2.03,171151.42
2019-02-14,2.06,2.07,2.08,2.04,120056.72
2019-02-15,2.06,2.06,2.1,2.05,143015.17
2019-02-18,2.07,2.11,2.11,2.06,162494.5
2019-02-19,2.12,2.12,2.14,2.08,189436.5
2019-02-20,2.11,2.13,2.14,2.08,173328.02
2019-02-21,2.13,2.1,2.18,2.08,247937.34
2019-02-22,2.1,2.13,2.14,2.08,163649.76
2019-02-25,2.13,2.23,2.25,2.13,375224.37
2019-02-26,2.25,2.3,2.4,2.22,595827.96
2019-02-27,2.29,2.37,2.5,2.26,730803.07
2019-02-28,2.35,2.4,2.55,2.34,601900.88
2019-03-01,2.39,2.36,2.42,2.29,411495.81
2019-03-04,2.36,2.37,2.44,2.35,358283.0
2019-03-05,2.36,2.5,2.55,2.33,641316.46
2019-03-06,2.48,2.6,2.6,2.46,627492.01
2019-03-07,2.59,2.67,2.71,2.52,800497.31
2019-03-08,2.6,2.44,2.66,2.44,646493.1
2019-03-11,2.43,2.59,2.59,2.43,457951.62
2019-03-12,2.59,2.6,2.64,2.52,401042.79
2019-03-13,2.6,2.56,2.6,2.53,340480.0
2019-03-14,2.54,2.48,2.57,2.44,277859.19
2019-03-15,2.52,2.59,2.62,2.5,385373.31
2019-03-18,2.59,2.71,2.71,2.55,466750.99
2019-03-19,2.71,2.72,2.77,2.66,360680.3
2019-03-20,2.73,2.84,2.88,2.72,577433.85
2019-03-21,2.83,2.84,2.88,2.8,314646.13
2019-03-22,2.82,2.91,2.93,2.8,296941.32
2019-03-25,2.85,2.88,2.95,2.82,251584.93
2019-03-26,2.88,2.8,2.92,2.78,286320.02
2019-03-27,2.82,3.04,3.08,2.74,671347.73
2019-03-28,2.98,2.92,3.01,2.9,459044.48
2019-03-29,2.92,2.96,2.98,2.88,200647.82
2019-04-01,2.98,3.04,3.07,2.96,236122.76
2019-04-02,3.06,3.0,3.07,2.99,177167.66
2019-04-03,3.04,3.01,3.04,2.93,235989.06
2019-04-04,3.02,3.01,3.02,2.98,191423.96
2019-04-08,3.05,2.97,3.14,2.95,388945.56
2019-04-09,2.95,2.88,2.95,2.85,396141.66
2019-04-10,2.88,2.9,2.91,2.85,220186.88
2019-04-11,2.89,2.78,2.89,2.75,376321.43
2019-04-12,2.78,2.77,2.82,2.72,187212.94
2019-04-15,2.77,2.81,2.84,2.77,243652.18
2019-04-16,2.8,2.84,2.84,2.76,186900.37
2019-04-17,2.84,2.84,2.87,2.81,178500.77
2019-04-18,2.84,2.81,2.86,2.79,153018.0
2019-04-19,2.79,2.78,2.83,2.74,200438.96
2019-04-22,2.79,2.73,2.81,2.73,152783.0
2019-04-23,2.76,2.68,2.76,2.67,144291.0
2019-04-24,2.7,2.68,2.7,2.61,159308.87
2019-04-25,2.67,2.54,2.67,2.53,188628.0
2019-04-26,2.5,2.5,2.54,2.48,163167.22
2019-04-29,2.51,2.37,2.52,2.34,212977.54
2019-04-30,2.38,2.48,2.51,2.38,202638.4
2019-05-06,2.46,2.34,2.46,2.28,204285.44
2019-05-07,2.37,2.38,2.41,2.33,115657.28
2019-05-08,2.34,2.36,2.41,2.28,123958.08
2019-05-09,2.35,2.34,2.36,2.32,85057.74
2019-05-10,2.34,2.4,2.41,2.33,162512.22
2019-05-13,2.38,2.44,2.44,2.35,176882.78
2019-05-14,2.4,2.45,2.48,2.39,138064.68
2019-05-15,2.45,2.58,2.61,2.45,252803.96
2019-05-16,2.61,2.55,2.62,2.54,121763.0
2019-05-17,2.55,2.49,2.57,2.46,111501.0
2019-05-20,2.5,2.45,2.51,2.39,77635.02
2019-05-21,2.43,2.51,2.53,2.42,79780.02
2019-05-22,2.5,2.53,2.54,2.49,96201.36
2019-05-23,2.52,2.54,2.57,2.49,103396.47
2019-05-24,2.53,2.62,2.63,2.52,154042.15
2019-05-27,2.65,2.83,2.83,2.65,364377.59
2019-05-28,2.81,2.8,2.92,2.68,352870.76
2019-05-29,2.78,2.8,2.85,2.75,156232.02
2019-05-30,2.9,2.94,3.07,2.82,632500.92
2019-05-31,2.98,2.88,2.98,2.86,319503.08
2019-06-03,2.87,2.99,3.02,2.71,451857.02
2019-06-04,2.99,2.93,3.07,2.91,378041.41
2019-06-05,2.96,3.01,3.01,2.86,285546.02
2019-06-06,2.98,2.89,3.04,2.89,230453.34
2019-06-10,2.9,2.77,2.9,2.75,237024.48
2019-06-11,2.79,2.84,2.86,2.75,180535.11
2019-06-12,2.86,2.94,3.02,2.81,326064.41
2019-06-13,2.92,2.91,3.0,2.88,145425.33
2019-06-14,2.94,2.83,2.94,2.8,145033.68
2019-06-17,2.85,2.79,2.85,2.77,89409.78
2019-06-18,2.81,2.77,2.83,2.76,91229.16
2019-06-19,2.82,2.79,2.84,2.78,94922.06
2019-06-20,2.79,2.8,2.82,2.76,120718.95
2019-06-21,2.8,2.84,2.84,2.8,106531.02
2019-06-24,2.85,2.86,2.86,2.81,89066.02
2019-06-25,2.85,2.79,2.86,2.78,90383.02
2019-06-26,2.79,2.74,2.79,2.73,92680.55
2019-06-27,2.73,2.72,2.76,2.71,82709.02
2019-06-28,2.73,2.67,2.73,2.65,82988.0
2019-07-01,2.72,2.73,2.76,2.71,89304.0
2019-07-02,2.73,2.79,2.83,2.7,111357.6
2019-07-03,2.78,2.71,2.78,2.7,78983.0
2019-07-04,2.72,2.71,2.73,2.7,46847.0
2019-07-05,2.71,2.69,2.72,2.65,54614.1
2019-07-08,2.68,2.59,2.68,2.59,81673.0
2019-07-09,2.59,2.61,2.61,2.54,64091.02
2019-07-10,2.62,2.57,2.62,2.56,36076.0
2019-07-11,2.59,2.57,2.61,2.56,35941.0
2019-07-12,2.57,2.6,2.62,2.57,38089.0
2019-07-15,2.58,2.61,2.62,2.55,43935.68
2019-07-16,2.62,2.61,2.62,2.6,31072.84
2019-07-17,2.62,2.69,2.71,2.61,100041.57
2019-07-18,2.68,2.69,2.72,2.66,74046.1
2019-07-19,2.69,2.66,2.71,2.65,57403.1
2019-07-22,2.66,2.55,2.66,2.55,66812.0
2019-07-23,2.56,2.58,2.59,2.55,30306.52
2019-07-24,2.59,2.59,2.62,2.57,37374.0
2019-07-25,2.57,2.58,2.6,2.56,35397.97
2019-07-26,2.58,2.57,2.59,2.55,35928.66
2019-07-29,2.58,2.57,2.59,2.55,36865.0
2019-07-30,2.57,2.56,2.58,2.55,44558.49
2019-07-31,2.56,2.59,2.63,2.53,78967.0
2019-08-01,2.58,2.54,2.58,2.54,36210.0
2019-08-02,2.5,2.47,2.52,2.46,69300.12
2019-08-05,2.47,2.41,2.49,2.39,70993.0
2019-08-06,2.33,2.32,2.36,2.29,90520.4
2019-08-07,2.34,2.33,2.37,2.33,39275.0
2019-08-08,2.33,2.36,2.36,2.32,30211.42
2019-08-09,2.37,2.32,2.39,2.3,33324.0
2019-08-12,2.32,2.36,2.36,2.31,24776.0
2019-08-13,2.35,2.36,2.37,2.33,30270.0
2019-08-14,2.38,2.39,2.42,2.36,37914.84
2019-08-15,2.36,2.37,2.38,2.31,48230.0
2019-08-16,2.37,2.39,2.4,2.35,38624.0
2019-08-19,2.4,2.44,2.45,2.39,56943.48
2019-08-20,2.45,2.43,2.47,2.42,53798.02
2019-08-21,2.44,2.42,2.44,2.41,38940.48
2019-08-22,2.44,2.42,2.44,2.4,26026.0
2019-08-23,2.41,2.4,2.43,2.4,33371.0
2019-08-26,2.34,2.36,2.38,2.31,50511.0
2019-08-27,2.36,2.39,2.4,2.36,56229.0
2019-08-28,2.38,2.4,2.4,2.37,66428.0
2019-08-29,2.4,2.38,2.4,2.36,44511.2
2019-08-30,2.39,2.33,2.39,2.32,51559.48
2019-09-02,2.35,2.39,2.4,2.33,56869.27
2019-09-03,2.39,2.4,2.4,2.36,47019.0
2019-09-04,2.38,2.43,2.44,2.38,101444.0
2019-09-05,2.43,2.42,2.46,2.41,153385.0
2019-09-06,2.42,2.42,2.45,2.4,102304.0
2019-09-09,2.44,2.44,2.45,2.41,78608.68
2019-09-10,2.44,2.48,2.48,2.43,99506.0
2019-09-11,2.47,2.44,2.48,2.43,75903.0
2019-09-12,2.44,2.44,2.45,2.42,54673.5
2019-09-16,2.44,2.44,2.46,2.42,98226.66
2019-09-17,2.44,2.36,2.44,2.34,114105.6
2019-09-18,2.35,2.36,2.38,2.35,50933.0
2019-09-19,2.37,2.36,2.37,2.32,80205.68
2019-09-20,2.36,2.36,2.37,2.35,54233.16
2019-09-23,2.35,2.34,2.35,2.32,63045.87
2019-09-24,2.33,2.35,2.38,2.33,53508.82
2019-09-25,2.34,2.33,2.36,2.32,43060.42
2019-09-26,2.33,2.26,2.34,2.26,64647.14
2019-09-27,2.25,2.27,2.28,2.25,38285.28
2019-09-30,2.28,2.23,2.28,2.22,31756.0
2019-10-08,2.22,2.22,2.25,2.2,41109.0
2019-10-09,2.22,2.23,2.23,2.2,42383.38
2019-10-10,2.23,2.26,2.28,2.22,39739.52
2019-10-11,2.26,2.28,2.28,2.25,24293.68
2019-10-14,2.29,2.31,2.32,2.29,44097.57
2019-10-15,2.3,2.28,2.3,2.26,39189.04
2019-10-16,2.28,2.24,2.29,2.24,43801.0
2019-10-17,2.23,2.25,2.26,2.23,29986.1
2019-10-18,2.24,2.22,2.26,2.21,39838.44
2019-10-21,2.23,2.22,2.23,2.2,26452.32
2019-10-22,2.21,2.22,2.23,2.2,30729.0
2019-10-23,2.22,2.2,2.23,2.19,40315.8
2019-10-24,2.2,2.19,2.22,2.18,47115.42
2019-10-25,2.19,2.24,2.24,2.18,53343.16
2019-10-28,2.24,2.26,2.27,2.22,53640.42
2019-10-29,2.26,2.24,2.29,2.24,48680.87
2019-10-30,2.23,2.21,2.25,2.2,27639.99
2019-10-31,2.21,2.17,2.22,2.17,49370.0
2019-11-01,2.15,2.16,2.18,2.11,64870.58
2019-11-04,2.16,2.14,2.16,2.14,33089.0
2019-11-05,2.16,2.15,2.16,2.12,36935.02
2019-11-06,2.15,2.13,2.16,2.12,28335.0
2019-11-07,2.13,2.13,2.13,2.08,52397.56
2019-11-08,2.13,2.11,2.13,2.09,44796.22
2019-11-11,2.09,2.05,2.1,2.02,48635.48
2019-11-12,2.04,2.04,2.05,2.01,35101.4
2019-11-13,2.05,2.06,2.08,2.03,40548.12
2019-11-14,2.05,2.05,2.07,2.03,35345.0
2019-11-15,2.06,2.01,2.07,2.01,32467.67
2019-11-18,2.0,2.02,2.04,2.0,36622.67
2019-11-19,2.01,2.05,2.06,2.01,38003.4
2019-11-20,2.06,2.05,2.07,2.04,40068.0
2019-11-21,2.04,2.07,2.11,2.03,53257.78
2019-11-22,2.07,2.07,2.09,2.05,54371.02
2019-11-25,2.05,2.08,2.09,2.04,42376.0
2019-11-26,2.09,2.11,2.12,2.08,52878.2
2019-11-27,2.11,2.13,2.13,2.1,43386.94
2019-11-28,2.12,2.13,2.15,2.11,49232.02
2019-11-29,2.13,2.16,2.2,2.13,92668.02
2019-12-02,2.16,2.17,2.18,2.14,48053.0
2019-12-03,2.15,2.17,2.17,2.14,44536.42
2019-12-04,2.16,2.23,2.25,2.15,115481.08
2019-12-05,2.24,2.21,2.25,2.17,90500.04
2019-12-06,2.2,2.2,2.22,2.19,51934.92
2019-12-09,2.19,2.22,2.22,2.18,52655.0
2019-12-10,2.22,2.18,2.22,2.17,55110.84
2019-12-11,2.18,2.15,2.18,2.13,86635.53
2019-12-12,2.15,2.12,2.16,2.12,47201.0
2019-12-13,2.13,2.15,2.16,2.12,61709.33
2019-12-16,2.15,2.18,2.19,2.14,60237.94
2019-12-17,2.18,2.22,2.24,2.18,92422.64
2019-12-18,2.22,2.2,2.23,2.19,83985.42
2019-12-19,2.19,2.21,2.21,2.18,58968.42
2019-12-20,2.23,2.19,2.23,2.18,86533.4
2019-12-23,2.19,2.14,2.19,2.14,53473.76
2019-12-24,2.14,2.17,2.17,2.13,38661.0
2019-12-25,2.16,2.16,2.17,2.15,31495.0
2019-12-26,2.16,2.15,2.16,2.13,71009.24
2019-12-27,2.14,2.14,2.18,2.13,71624.77
2019-12-30,2.14,2.14,2.14,2.1,67992.02
2019-12-31,2.13,2.16,2.16,2.12,55028.2
2020-01-02,2.17,2.19,2.2,2.16,102869.92
2020-01-03,2.18,2.21,2.21,2.17,121720.4
2020-01-06,2.2,2.21,2.22,2.18,111847.98
2020-01-07,2.21,2.22,2.23,2.19,104403.66
2020-01-08,2.21,2.23,2.26,2.2,169248.2
2020-01-09,2.23,2.23,2.25,2.22,64773.52
2020-01-10,2.23,2.24,2.25,2.22,64553.0
2020-01-13,2.23,2.22,2.23,2.2,80428.65
2020-01-14,2.22,2.21,2.23,2.2,67373.43
2020-01-15,2.2,2.18,2.2,2.15,72669.0
2020-01-16,2.17,2.15,2.18,2.14,52652.61
2020-01-17,2.15,2.16,2.18,2.14,49454.0
2020-01-20,2.16,2.19,2.19,2.15,107222.61
2020-01-21,2.19,2.17,2.19,2.16,86612.0
2020-01-22,2.2,2.17,2.22,2.15,112868.29
2020-01-23,2.17,2.11,2.17,2.08,110102.0
2020-02-03,1.9,1.9,1.94,1.9,116785.95
2020-02-04,1.81,1.88,1.91,1.78,141091.38
2020-02-05,1.87,1.93,1.94,1.87,144109.0
2020-02-06,1.93,2.12,2.12,1.91,183187.4
2020-02-07,2.21,2.23,2.32,2.12,546475.03
2020-02-10,2.25,2.2,2.29,2.18,284150.9
2020-02-11,2.18,2.11,2.19,2.1,193166.95
2020-02-12,2.09,2.13,2.14,2.08,99963.2
2020-02-13,2.13,2.1,2.14,2.08,104489.02
2020-02-14,2.09,2.05,2.09,2.03,118392.0
2020-02-17,2.04,2.1,2.1,2.03,121318.98
2020-02-18,2.09,2.15,2.21,2.08,192586.02
2020-02-19,2.13,2.11,2.15,2.11,120617.0
2020-02-20,2.11,2.13,2.14,2.1,82178.46
2020-02-21,2.14,2.18,2.22,2.14,196726.05
2020-02-24,2.19,2.27,2.29,2.16,425307.11
2020-02-25,2.23,2.32,2.33,2.2,443165.07
2020-02-26,2.37,2.29,2.44,2.26,410070.1
2020-02-27,2.31,2.26,2.33,2.23,196827.92
2020-02-28,2.23,2.38,2.43,2.2,655447.94
2020-03-02,2.49,2.4,2.53,2.37,652821.96
2020-03-03,2.36,2.35,2.41,2.33,418758.38
2020-03-04,2.34,2.31,2.37,2.28,259458.0
2020-03-05,2.33,2.41,2.45,2.31,467201.0
2020-03-06,2.43,2.65,2.65,2.42,698345.76
2020-03-09,2.92,2.92,2.92,2.75,1483041.87
2020-03-10,2.94,3.21,3.21,2.82,3252491.55
2020-03-11,3.02,3.53,3.53,2.93,3672470.33
2020-03-12,3.6,3.18,3.76,3.18,3218581.97
2020-03-13,2.86,2.86,3.04,2.86,1674130.18
2020-03-16,2.8,2.64,2.97,2.62,1754811.64
2020-03-17,2.57,2.47,2.66,2.38,1429838.26
2020-03-18,2.44,2.41,2.59,2.41,1124322.41
2020-03-19,2.4,2.33,2.43,2.26,968851.62
2020-03-20,2.36,2.35,2.38,2.3,599093.76
2020-03-23,2.28,2.17,2.34,2.15,792166.5
2020-03-24,2.23,2.18,2.24,2.08,699520.58
2020-03-25,2.22,2.3,2.31,2.18,888381.02
2020-03-26,2.27,2.23,2.32,2.22,703544.04
2020-03-27,2.25,2.23,2.28,2.22,522341.4
2020-03-30,2.22,2.19,2.28,2.15,508203.4
2020-03-31,2.2,2.1,2.21,2.09,625314.88
2020-04-01,2.08,2.09,2.12,2.05,383308.0
2020-04-02,2.07,2.17,2.18,2.07,518854.0
2020-04-03,2.15,2.18,2.25,2.15,517717.0
2020-04-07,2.22,2.4,2.4,2.21,728181.18
2020-04-08,2.43,2.42,2.52,2.35,1373343.8
2020-04-09,2.38,2.42,2.48,2.36,777721.6
2020-04-10,2.39,2.33,2.46,2.32,621026.0
2020-04-13,2.45,2.56,2.56,2.45,287102.02
2020-04-14,2.82,2.63,2.82,2.61,1760566.4
2020-04-15,2.53,2.61,2.71,2.53,1210420.7
2020-04-16,2.53,2.46,2.54,2.44,903216.66
2020-04-17,2.49,2.39,2.53,2.37,697445.72
2020-04-20,2.4,2.46,2.51,2.34,683819.38
2020-04-21,2.45,2.42,2.51,2.39,663887.68
2020-04-22,2.4,2.44,2.48,2.36,596512.32
2020-04-23,2.44,2.42,2.49,2.41,654221.06
2020-04-24,2.41,2.29,2.42,2.27,645915.66
2020-04-27,2.29,2.27,2.33,2.26,314286.6
2020-04-28,2.26,2.16,2.28,2.12,430050.5
2020-04-29,2.17,2.17,2.21,2.15,234575.04
2020-04-30,2.17,2.21,2.23,2.17,249375.06
2020-05-06,2.19,2.24,2.24,2.17,221182.7
2020-05-07,2.24,2.22,2.27,2.21,244923.0
2020-05-08,2.23,2.23,2.26,2.22,235344.02
2020-05-11,2.23,2.2,2.25,2.17,322944.56
2020-05-12,2.2,2.17,2.2,2.14,210322.5
2020-05-13,2.15,2.19,2.21,2.12,291774.54
2020-05-14,2.17,2.13,2.17,2.13,199092.22
2020-05-15,2.14,2.14,2.16,2.13,135758.4
2020-05-18,2.13,2.09,2.15,2.09,212080.0
2020-05-19,2.1,2.08,2.12,2.08,200056.28
2020-05-20,2.09,2.12,2.14,2.08,231986.5
2020-05-21,2.11,2.08,2.13,2.07,167969.2
2020-05-22,2.07,2.03,2.08,2.02,183930.2
2020-05-25,2.03,2.03,2.05,2.01,121771.0
2020-05-26,2.03,2.06,2.07,2.02,121861.74
2020-05-27,2.06,2.04,2.07,2.03,122660.24
2020-05-28,2.03,2.03,2.05,2.01,124301.27
2020-05-29,2.01,2.03,2.04,2.01,112528.38
2020-06-01,2.03,2.07,2.08,2.02,188121.34
2020-06-02,2.07,2.08,2.1,2.05,208431.58
2020-06-03,2.1,2.11,2.15,2.08,282551.3
2020-06-04,2.11,2.09,2.11,2.08,184432.28
2020-06-05,2.1,2.08,2.1,2.06,139641.0
2020-06-08,2.08,2.07,2.1,2.06,134657.96
2020-06-09,2.07,2.07,2.08,2.04,186731.34
2020-06-10,2.06,2.05,2.06,2.04,136329.62
2020-06-11,2.04,2.03,2.06,2.03,134488.42
2020-06-12,1.99,2.03,2.05,1.97,183593.56
2020-06-15,2.05,2.12,2.13,2.05,400927.76
2020-06-16,2.1,2.08,2.11,2.07,228619.44
2020-06-17,2.08,2.14,2.21,2.07,428658.2
2020-06-18,2.11,2.1,2.12,2.1,237146.02
2020-06-19,2.1,2.09,2.1,2.08,150254.78
2020-06-22,2.09,2.07,2.11,2.07,130984.0
2020-06-23,2.06,2.05,2.07,2.05,115617.6
2020-06-24,2.05,2.04,2.06,2.03,125812.0
2020-06-29,2.04,2.03,2.05,2.01,100837.62
2020-06-30,2.03,2.06,2.06,2.02,126063.58
2020-07-01,2.05,2.04,2.06,2.03,105756.14
2020-07-02,2.04,2.08,2.09,2.03,202239.34
2020-07-03,2.08,2.11,2.11,2.07,210623.22
2020-07-06,2.13,2.19,2.2,2.12,470589.98
2020-07-07,2.23,2.17,2.24,2.16,492608.74
2020-07-08,2.16,2.21,2.22,2.15,455893.16
2020-07-09,2.21,2.31,2.32,2.2,759214.86
2020-07-10,2.3,2.27,2.35,2.25,608914.18
2020-07-13,2.28,2.37,2.4,2.26,704758.94
2020-07-14,2.36,2.34,2.39,2.27,642057.78
2020-07-15,2.27,2.18,2.28,2.18,837507.02
2020-07-16,2.16,2.09,2.18,2.08,480842.14
2020-07-17,2.09,2.11,2.13,2.08,325823.96
2020-07-20,2.12,2.17,2.18,2.11,316836.08
2020-07-21,2.17,2.15,2.19,2.13,248190.0
2020-07-22,2.15,2.14,2.17,2.13,221399.56
2020-07-23,2.12,2.11,2.14,2.06,296687.36
2020-07-24,2.09,2.05,2.11,2.02,347643.24
2020-07-27,2.05,2.05,2.07,2.03,177240.16
2020-07-28,2.05,2.08,2.08,2.05,200509.0
2020-07-29,2.07,2.14,2.19,2.05,360331.68
2020-07-30,2.12,2.08,2.13,2.07,283231.68
2020-07-31,2.07,2.1,2.12,2.07,189920.7
2020-08-03,2.11,2.13,2.14,2.1,258544.56
2020-08-04,2.14,2.18,2.21,2.11,555005.14
2020-08-05,2.17,2.25,2.39,2.11,907067.58
2020-08-06,2.22,2.18,2.22,2.16,474722.9
2020-08-07,2.17,2.16,2.21,2.13,334670.16
2020-08-10,2.15,2.19,2.21,2.14,381699.1
2020-08-11,2.18,2.13,2.19,2.12,324491.06
2020-08-12,2.13,2.13,2.14,2.09,228126.04
2020-08-13,2.12,2.16,2.18,2.12,263697.04
2020-08-14,2.15,2.15,2.17,2.13,180064.02
2020-08-17,2.15,2.18,2.19,2.13,252900.72
2020-08-18,2.18,2.19,2.2,2.17,315006.46
2020-08-19,2.18,2.2,2.23,2.15,451899.61
2020-08-20,2.19,2.24,2.26,2.17,556473.79
2020-08-21,2.24,2.22,2.29,2.2,457655.68
2020-08-24,2.22,2.19,2.23,2.18,249506.67
2020-08-25,2.2,2.16,2.2,2.14,272352.0
2020-08-26,2.15,2.12,2.16,2.11,227301.58
2020-08-27,2.13,2.14,2.15,2.11,152520.14
2020-08-28,2.14,2.14,2.15,2.11,149917.29
2020-08-31,2.14,2.14,2.17,2.13,180346.29
2020-09-01,2.14,2.14,2.14,2.11,122479.56
2020-09-02,2.14,2.14,2.15,2.11,194606.84
2020-09-03,2.14,2.15,2.19,2.12,258260.0
2020-09-04,2.13,2.15,2.15,2.1,233667.38
2020-09-07,2.14,2.17,2.19,2.13,326560.8
2020-09-08,2.17,2.28,2.3,2.16,810147.13
2020-09-09,2.26,2.31,2.36,2.24,1034738.59
2020-09-10,2.31,2.13,2.31,2.12,829325.01
2020-09-11,2.1,2.13,2.16,2.1,335059.77
2020-09-14,2.13,2.13,2.14,2.11,246111.0
2020-09-15,2.13,2.12,2.14,2.11,145282.02
2020-09-16,2.12,2.12,2.15,2.11,164243.14
2020-09-17,2.12,2.12,2.14,2.11,142141.82
2020-09-18,2.12,2.14,2.14,2.11,161379.32
2020-09-21,2.14,2.13,2.16,2.12,164625.8
2020-09-22,2.12,2.11,2.13,2.11,159450.28
2020-09-23,2.11,2.11,2.12,2.1,112243.0
2020-09-24,2.1,2.06,2.11,2.05,215011.2
2020-09-25,2.06,2.07,2.08,2.05,100272.6
2020-09-28,2.07,2.04,2.08,2.04,92836.6
2020-09-29,2.04,2.05,2.06,2.04,76537.0
2020-09-30,2.05,2.03,2.05,2.02,86535.0
2020-10-09,2.04,2.07,2.08,2.04,95645.4
2020-10-12,2.07,2.13,2.16,2.07,230148.6
2020-10-13,2.11,2.1,2.12,2.09,139754.16
2020-10-14,2.1,2.11,2.14,2.09,174792.0
2020-10-15,2.08,2.11,2.15,2.05,299291.0
2020-10-16,2.09,2.08,2.11,2.06,166194.4
2020-10-19,2.08,2.07,2.1,2.06,129245.0
2020-10-20,2.07,2.07,2.07,2.04,110476.6
2020-10-21,2.07,2.06,2.1,2.04,136981.92
2020-10-22,2.05,2.05,2.06,2.04,105827.04
2020-10-23,2.05,2.04,2.06,2.03,102678.02
2020-10-26,2.04,2.03,2.05,2.02,79025.0
2020-10-27,2.02,2.03,2.04,2.02,55723.0
2020-10-28,2.03,2.03,2.04,2.02,74004.0
2020-10-29,2.02,2.03,2.04,2.01,93764.5
2020-10-30,2.03,1.99,2.04,1.98,131548.06
2020-11-02,1.99,1.94,2.0,1.91,176058.2
2020-11-03,1.95,1.97,1.97,1.94,89651.54
2020-11-04,1.97,1.96,1.98,1.95,69458.0
2020-11-05,1.97,1.97,1.98,1.95,98174.46
2020-11-06,1.97,1.97,1.98,1.94,90444.28
2020-11-09,1.97,1.99,2.0,1.96,155750.96
2020-11-10,1.99,1.96,1.99,1.95,104234.26
2020-11-11,1.96,1.97,1.99,1.94,113018.0
2020-11-12,1.96,1.98,1.98,1.96,97395.02
2020-11-13,1.97,2.08,2.14,1.97,567858.14
2020-11-16,2.06,2.11,2.17,2.03,579316.74
2020-11-17,2.11,2.07,2.12,2.04,385163.33
2020-11-18,2.06,2.14,2.17,2.05,627364.24
2020-11-19,2.13,2.11,2.16,2.07,367434.64
2020-11-20,2.1,2.11,2.12,2.06,209559.33
2020-11-23,2.13,2.14,2.22,2.12,585759.68
2020-11-24,2.14,2.11,2.16,2.1,333008.4
2020-11-25,2.12,2.08,2.15,2.08,271733.86
2020-11-26,2.09,2.07,2.09,2.05,206064.62
2020-11-27,2.07,2.05,2.07,2.03,156219.0
2020-11-30,2.05,2.06,2.08,2.04,172866.0
2020-12-01,2.05,2.06,2.07,2.03,146305.68
2020-12-02,2.06,2.11,2.12,2.05,300433.14
2020-12-03,2.11,2.07,2.11,2.06,188434.76
2020-12-04,2.07,2.08,2.1,2.06,170508.76
2020-12-07,2.07,2.08,2.1,2.06,155116.0
2020-12-08,2.07,2.05,2.08,2.04,152397.0
2020-12-09,2.05,2.03,2.07,2.02,139943.0
2020-12-10,2.02,2.03,2.04,2.01,78008.0
2020-12-11,2.03,2.01,2.04,1.95,171808.78
2020-12-14,2.0,2.01,2.02,1.99,66132.18
2020-12-15,2.01,1.99,2.01,1.98,70161.24
2020-12-16,1.99,1.97,1.99,1.96,74799.04
2020-12-17,1.98,1.99,2.0,1.95,101961.84
2020-12-18,1.99,1.98,2.01,1.97,120270.02
2020-12-21,1.97,1.96,1.99,1.96,184706.0
2020-12-22,1.96,1.95,2.0,1.94,248990.0
2020-12-23,1.95,1.93,1.96,1.93,187829.4
2020-12-24,1.93,1.9,1.94,1.86,267291.42
2020-12-25,1.89,1.91,1.92,1.88,124912.46
2020-12-28,1.91,1.9,1.92,1.89,99123.0
2020-12-29,1.9,1.91,1.92,1.88,102737.98
2020-12-30,1.9,1.89,1.92,1.88,107164.0
2020-12-31,1.9,1.89,1.9,1.88,110391.42
2021-01-04,1.9,1.91,1.93,1.89,139926.0
2021-01-05,1.91,1.89,1.92,1.89,92515.02
2021-01-06,1.89,1.93,1.94,1.88,198195.44
2021-01-07,1.92,1.89,1.93,1.88,158324.0
2021-01-08,1.89,1.88,1.89,1.85,131638.33
2021-01-11,1.86,1.8,1.86,1.78,295448.0
2021-01-12,1.8,1.82,1.83,1.8,83667.44
2021-01-13,1.81,1.8,1.82,1.78,101750.48
2021-01-14,1.79,1.82,1.84,1.79,111817.76
2021-01-15,1.83,1.85,1.86,1.82,74692.23
2021-01-18,1.84,1.89,1.91,1.84,171963.99
2021-01-19,1.89,1.9,1.92,1.88,143641.14
2021-01-20,1.9,1.89,1.91,1.87,80274.15
2021-01-21,1.88,1.91,1.93,1.87,171369.4
2021-01-22,1.9,1.88,1.9,1.88,117328.06
2021-01-25,1.87,1.86,1.89,1.86,89592.0
2021-01-26,1.87,1.89,1.9,1.86,82857.52
2021-01-27,1.9,1.92,1.93,1.89,97854.95
2021-01-28,1.91,1.95,2.04,1.91,320549.84
2021-01-29,1.94,1.93,1.97,1.91,146909.68
2021-02-01,1.92,1.91,1.96,1.89,121459.29
2021-02-02,1.9,1.97,1.98,1.9,162372.88
2021-02-03,1.96,1.99,2.03,1.95,222310.34
2021-02-04,2.01,2.0,2.02,1.97,145834.9
2021-02-05,2.0,2.02,2.02,1.99,146683.0
2021-02-08,2.05,2.07,2.12,2.05,295999.69
2021-02-09,2.05,2.08,2.11,2.05,169936.72
2021-02-10,2.08,2.12,2.14,2.06,247510.7
2021-02-18,2.17,2.2,2.22,2.13,484517.67
2021-02-19,2.19,2.21,2.22,2.18,400482.66
2021-02-22,2.25,2.34,2.43,2.24,1158851.69
2021-02-23,2.31,2.35,2.42,2.25,856989.92
2021-02-24,2.32,2.38,2.42,2.31,635492.81
2021-02-25,2.43,2.44,2.45,2.37,570599.12
2021-02-26,2.39,2.33,2.51,2.3,820406.28
2021-03-01,2.17,2.28,2.35,2.15,1006543.94
2021-03-02,2.28,2.14,2.31,2.14,657556.2
2021-03-03,2.1,2.35,2.35,2.1,662040.0
2021-03-04,2.35,2.36,2.46,2.3,769521.86
2021-03-05,2.35,2.29,2.43,2.28,399305.64
2021-03-08,2.32,2.33,2.37,2.29,290864.56
2021-03-09,2.29,2.36,2.43,2.2,604874.12
2021-03-10,2.36,2.28,2.37,2.27,303995.0
2021-03-11,2.27,2.31,2.32,2.25,182487.02
2021-03-12,2.36,2.34,2.42,2.31,348434.2
2021-03-15,2.31,2.37,2.39,2.29,229134.41
2021-03-16,2.35,2.41,2.46,2.33,420797.68
2021-03-17,2.42,2.46,2.47,2.4,384549.65
2021-03-18,2.46,2.42,2.49,2.41,269427.02
2021-03-19,2.38,2.45,2.52,2.38,358501.0
2021-03-22,2.45,2.49,2.52,2.43,342243.02
2021-03-23,2.51,2.59,2.68,2.44,611522.32
2021-03-24,2.58,2.6,2.64,2.56,337783.19
2021-03-25,2.6,2.55,2.65,2.54,274695.18
2021-03-26,2.59,2.65,2.65,2.58,306519.39
2021-03-29,2.65,2.83,2.92,2.62,733719.04
2021-03-30,2.85,2.82,2.87,2.79,501029.46
2021-03-31,2.8,2.81,2.85,2.79,235933.0
2021-04-01,2.81,2.92,2.96,2.81,412925.52
2021-04-02,2.9,2.63,2.9,2.63,688754.23
2021-04-06,2.55,2.69,2.7,2.55,764734.62
2021-04-07,2.72,2.9,2.93,2.67,712906.0
2021-04-08,2.95,2.73,2.96,2.71,680413.4
2021-04-09,2.75,2.67,2.78,2.67,316895.44
2021-04-12,2.71,2.59,2.72,2.56,318335.96
2021-04-13,2.59,2.49,2.62,2.46,319422.4
2021-04-14,2.5,2.54,2.55,2.44,262021.12
2021-04-15,2.52,2.5,2.58,2.5,196000.02
2021-04-16,2.51,2.7,2.75,2.5,581810.28
2021-04-19,2.7,2.74,2.82,2.69,365049.54
2021-04-20,2.73,2.68,2.78,2.64,316385.0
2021-04-21,2.64,2.74,2.79,2.64,356932.6
2021-04-22,2.79,2.79,2.82,2.75,216949.0
2021-04-23,2.81,2.8,2.84,2.75,270107.0
2021-04-26,2.83,2.76,2.84,2.75,194256.24
2021-04-27,2.76,2.77,2.78,2.7,136006.46
2021-04-28,2.77,2.86,2.88,2.75,306634.08
2021-04-29,2.85,2.93,2.95,2.85,394533.18
2021-04-30,2.93,3.05,3.07,2.93,449992.52
2021-05-06,3.05,3.16,3.23,3.02,595504.21
2021-05-07,3.18,3.2,3.23,3.14,406147.79
2021-05-10,3.19,3.21,3.26,3.16,392075.02
2021-05-11,3.22,3.3,3.33,3.2,439817.87
2021-05-12,3.28,3.24,3.34,3.2,442448.0
2021-05-13,3.24,3.14,3.27,3.08,522626.83
2021-05-14,3.18,3.14,3.21,3.12,304537.0
2021-05-17,3.1,3.05,3.17,3.03,385908.2
2021-05-18,3.07,3.36,3.36,3.03,854683.7
2021-05-19,3.34,3.4,3.42,3.27,855976.47
2021-05-20,3.39,3.33,3.41,3.29,322657.08
2021-05-21,3.33,3.3,3.37,3.27,349296.4
2021-05-24,3.27,3.21,3.3,3.18,306744.98
2021-05-25,3.2,3.21,3.4,3.18,470175.27
2021-05-26,3.24,3.16,3.25,3.14,315900.34
2021-05-27,3.16,3.14,3.2,3.07,377446.44
2021-05-28,3.16,3.1,3.24,3.08,304384.0
2021-05-31,3.14,3.17,3.22,3.08,265411.04
2021-06-01,3.16,3.2,3.22,3.12,250427.3
2021-06-02,3.19,3.23,3.41,3.17,519003.47
2021-06-03,3.24,3.14,3.25,3.13,322253.0
2021-06-04,3.13,3.14,3.16,3.09,285155.6
2021-06-07,3.12,3.16,3.24,3.12,228822.0
2021-06-08,3.15,3.13,3.18,3.1,205648.82
2021-06-09,3.14,3.26,3.31,3.12,563219.04
2021-06-10,3.26,3.3,3.3,3.22,304617.56
2021-06-11,3.31,3.51,3.58,3.28,715313.02
2021-06-15,3.51,3.45,3.55,3.41,465876.15
2021-06-16,3.43,3.43,3.48,3.4,279676.8
2021-06-17,3.43,3.44,3.54,3.42,282699.91
2021-06-18,3.45,3.46,3.51,3.41,205822.0
2021-06-21,3.44,3.5,3.53,3.34,475082.54
2021-06-22,3.52,3.61,3.71,3.5,428527.48
2021-06-23,3.62,3.57,3.65,3.55,224046.69
2021-06-24,3.56,3.58,3.61,3.52,178634.78
2021-06-25,3.58,3.68,3.74,3.57,318253.48
2021-06-28,3.66,3.65,3.72,3.63,276379.89
2021-06-29,3.63,3.59,3.7,3.57,209215.42
2021-06-30,3.62,3.56,3.62,3.5,205538.24
2021-07-01,3.58,3.46,3.65,3.45,313680.48
2021-07-02,3.47,3.39,3.5,3.35,253913.11
2021-07-05,3.42,3.61,3.62,3.4,320753.78
2021-07-06,3.66,3.47,3.77,3.41,423916.0
2021-07-07,3.42,3.46,3.59,3.42,276908.68
2021-07-08,3.44,3.34,3.48,3.32,307635.0
2021-07-09,3.33,3.35,3.43,3.21,344316.5
2021-07-12,3.4,3.37,3.5,3.37,366581.64
2021-07-13,3.37,3.35,3.38,3.27,238087.49
2021-07-14,3.35,3.29,3.39,3.27,279013.27
2021-07-15,3.27,3.24,3.3,3.16,300091.0
2021-07-16,3.24,3.22,3.28,3.18,192210.32
2021-07-19,3.22,3.1,3.25,3.07,356414.76
2021-07-20,3.1,3.04,3.1,2.97,321317.56
2021-07-21,3.08,3.12,3.21,3.08,293595.98
2021-07-22,3.17,3.19,3.22,3.14,259850.34
2021-07-23,3.22,3.12,3.22,3.11,212666.02
2021-07-26,3.12,3.1,3.14,3.01,213227.0
2021-07-27,3.08,3.06,3.16,3.05,205918.92
2021-07-28,3.06,2.9,3.08,2.75,369898.18
2021-07-29,2.92,3.02,3.04,2.92,260013.0
2021-07-30,3.03,2.98,3.08,2.95,231384.02
2021-08-02,3.05,2.99,3.05,2.95,216253.96
2021-08-03,2.98,2.98,3.02,2.96,124552.32
2021-08-04,3.0,2.99,3.0,2.92,212387.8
2021-08-05,2.97,2.86,3.0,2.85,298599.3
2021-08-06,2.88,2.9,2.95,2.82,223324.8
2021-08-09,2.92,3.19,3.19,2.91,322990.46
2021-08-10,3.31,3.51,3.51,3.21,1505879.7
2021-08-11,3.51,3.62,3.73,3.51,1402456.83
2021-08-12,3.63,3.67,3.7,3.56,743309.54
2021-08-13,3.67,4.04,4.04,3.66,770193.02
2021-08-16,4.16,3.97,4.16,3.66,1562539.12
2021-08-17,3.76,3.88,3.98,3.71,1153447.47
2021-08-18,3.94,3.77,3.97,3.75,530048.02
2021-08-19,3.85,3.98,4.04,3.73,756551.84
2021-08-20,3.96,3.94,4.03,3.85,383228.04
2021-08-23,3.94,4.33,4.33,3.92,844041.97
2021-08-24,4.34,4.5,4.76,4.34,1098781.86
2021-08-25,4.56,4.64,4.68,4.48,538193.69
2021-08-26,4.71,4.58,4.77,4.55,509603.65
2021-08-27,4.58,4.67,4.71,4.53,507661.36
2021-08-30,4.88,4.64,4.96,4.57,735155.14
2021-08-31,4.69,4.67,4.77,4.62,517204.16
2021-09-01,4.69,4.46,4.74,4.3,629768.65
2021-09-02,4.47,4.85,4.9,4.41,905138.37
2021-09-03,4.88,4.59,4.93,4.57,703136.89
2021-09-06,4.8,4.7,4.91,4.45,811579.16
2021-09-07,4.68,4.93,5.17,4.55,1057207.84
2021-09-08,4.96,4.7,5.02,4.66,962651.02
2021-09-09,4.7,4.64,4.75,4.59,404105.87
2021-09-10,4.6,4.52,4.7,4.45,561028.31
2021-09-13,4.5,4.63,4.65,4.38,571958.62
2021-09-14,4.76,5.09,5.09,4.7,1607958.96
2021-09-15,5.03,5.15,5.22,4.9,1337938.16
2021-09-16,5.15,5.31,5.62,4.99,1326956.62
2021-09-17,5.18,5.31,5.59,5.16,972925.88
2021-09-22,5.2,5.25,5.47,5.11,758485.91
2021-09-23,5.3,5.37,5.6,5.25,800962.27
2021-09-24,5.37,5.01,5.38,4.97,715476.07
2021-09-27,5.09,4.66,5.1,4.57,789731.72
2021-09-28,4.76,4.67,4.81,4.56,391181.16
2021-09-29,4.62,4.37,4.64,4.23,702645.0
2021-09-30,4.51,4.81,4.81,4.51,489397.72
2021-10-08,4.88,4.65,5.09,4.58,629242.65
2021-10-11,4.69,4.58,4.74,4.43,337167.0
2021-10-12,4.61,4.4,4.64,4.31,374146.36
2021-10-13,4.45,4.32,4.45,4.18,357938.61
2021-10-14,4.37,4.26,4.41,4.18,334933.39
2021-10-15,4.11,4.16,4.39,4.0,546342.38
2021-10-18,4.17,4.34,4.39,4.11,406970.77
2021-10-19,4.32,4.2,4.34,4.17,436666.21
2021-10-20,4.18,4.2,4.3,4.08,391220.81
2021-10-21,4.23,4.09,4.28,4.07,512363.5
2021-10-22,4.09,3.91,4.11,3.9,393301.21
2021-10-25,3.91,3.94,4.01,3.86,338343.36
2021-10-26,3.88,3.9,4.04,3.88,301590.04
2021-10-27,3.85,3.85,3.94,3.76,340996.8
2021-10-28,3.87,3.69,3.88,3.66,332244.0
2021-10-29,3.72,4.06,4.06,3.72,506926.06
2021-11-01,4.15,4.24,4.35,4.01,808974.25
2021-11-02,4.2,4.03,4.29,4.01,532149.86
2021-11-03,4.05,4.01,4.08,3.89,424447.0
2021-11-04,4.15,4.41,4.41,4.1,448982.92
2021-11-05,4.45,4.38,4.61,4.37,1016842.86
2021-11-08,4.37,4.43,4.49,4.25,684492.04
2021-11-09,4.4,4.69,4.87,4.38,1185552.16
2021-11-10,4.71,4.7,4.8,4.52,812710.68
2021-11-11,4.7,5.0,5.17,4.69,1069486.37
2021-11-12,4.92,5.13,5.16,4.88,955701.4
2021-11-15,5.29,5.64,5.64,5.25,1761546.93
2021-11-16,5.7,5.55,6.05,5.5,1944832.99
2021-11-17,5.49,5.85,6.0,5.4,1957445.45
2021-11-18,5.73,5.76,5.98,5.6,1156346.87
2021-11-19,5.84,5.98,6.04,5.76,1313509.46
2021-11-22,6.05,6.16,6.45,6.03,1970479.14
2021-11-23,6.1,5.96,6.16,5.81,1275399.12
2021-11-24,5.96,5.63,5.99,5.59,1317112.46
2021-11-25,5.61,5.4,5.62,5.36,1071193.05
2021-11-26,5.54,5.74,5.85,5.34,1179156.97
2021-11-29,5.61,6.31,6.31,5.6,1565729.27
2021-11-30,6.43,6.17,6.43,6.04,1556326.79
2021-12-01,6.25,6.25,6.3,6.08,906434.35
2021-12-02,6.23,6.07,6.26,6.0,744749.2
2021-12-03,6.02,6.33,6.37,6.0,763011.16
2021-12-06,6.39,6.15,6.51,6.1,780225.63
2021-12-07,6.2,5.91,6.23,5.66,1086049.36
2021-12-08,5.91,6.15,6.3,5.76,913216.62
2021-12-09,6.16,5.89,6.24,5.8,765622.0
2021-12-10,5.83,5.96,6.14,5.77,646489.15
2021-12-13,5.94,6.07,6.27,5.86,626964.0
2021-12-14,6.15,6.2,6.35,6.0,753383.46
2021-12-15,6.21,6.01,6.55,5.91,942090.27
2021-12-16,5.98,5.98,6.06,5.88,493241.08
2021-12-17,5.93,5.72,5.99,5.65,718352.23
2021-12-20,5.71,5.58,5.77,5.52,563708.13
2021-12-21,5.62,5.57,5.63,5.45,373969.22
2021-12-22,5.58,5.59,5.73,5.52,516095.02
2021-12-23,5.63,5.5,5.68,5.45,479453.08
2021-12-24,5.48,5.29,5.56,5.25,458571.27
2021-12-27,5.32,5.42,5.6,5.2,488398.0
2021-12-28,5.47,5.55,5.57,5.36,359040.46
2021-12-29,5.73,5.42,5.75,5.41,596332.11
2021-12-30,5.39,5.35,5.42,5.28,513682.24
2021-12-31,5.34,5.27,5.58,5.25,535988.24
2022-01-04,5.3,5.41,5.53,5.25,550276.25
2022-01-05,5.41,5.2,5.41,5.01,699103.25
2022-01-06,5.15,5.27,5.37,5.12,436897.97
2022-01-07,5.27,5.04,5.27,5.02,416401.94
2022-01-10,5.0,5.07,5.17,4.98,365837.86
2022-01-11,5.07,5.0,5.18,4.99,376536.05
2022-01-12,5.0,5.06,5.06,4.96,251700.49
2022-01-13,5.05,4.88,5.06,4.87,393860.33
2022-01-14,4.85,4.86,4.96,4.82,281984.47
2022-01-17,4.82,4.88,4.91,4.82,286348.34
2022-01-18,4.88,4.98,5.13,4.84,494192.48
2022-01-19,5.04,4.87,5.18,4.85,543260.2
2022-01-20,4.88,4.63,4.89,4.6,591293.95
2022-01-21,4.63,4.56,4.68,4.55,304457.58
2022-01-24,4.56,4.69,4.74,4.53,300671.76
2022-01-25,4.69,4.5,4.77,4.5,324376.39
2022-01-26,4.51,4.53,4.63,4.45,241302.05
2022-01-27,4.49,4.34,4.56,4.31,486147.2
2022-01-28,4.41,4.26,4.44,4.22,464018.0
2022-02-07,4.35,4.26,4.4,4.02,419691.42
2022-02-08,4.26,4.43,4.47,4.23,468115.75
2022-02-09,4.43,4.87,4.87,4.38,711408.33
2022-02-10,4.79,4.69,4.87,4.68,792567.19
2022-02-11,4.71,4.62,4.77,4.61,497652.66
2022-02-14,4.62,4.6,4.77,4.56,401494.67
2022-02-15,4.62,4.64,4.71,4.5,378500.04
2022-02-16,4.63,4.67,4.72,4.61,292962.2
2022-02-17,4.62,4.62,4.79,4.57,538580.27
2022-02-18,4.57,4.61,4.65,4.54,306797.71
2022-02-21,4.59,4.77,4.84,4.55,624298.5
2022-02-22,4.74,4.69,4.77,4.61,414980.59
2022-02-23,4.69,4.7,4.77,4.67,278121.98
2022-02-24,4.68,4.68,4.89,4.59,650841.25
2022-02-25,4.7,4.7,4.79,4.53,628793.59
2022-02-28,4.69,4.82,4.87,4.64,598120.02
2022-03-01,4.82,4.84,4.93,4.78,419364.77
2022-03-02,4.8,5.1,5.16,4.78,847941.11
2022-03-03,5.17,5.09,5.19,5.03,477898.16
2022-03-04,5.1,4.92,5.1,4.9,508723.83
2022-03-07,4.85,4.62,4.86,4.59,498905.0
2022-03-08,4.62,4.41,4.69,4.36,505643.02
2022-03-09,4.45,4.51,4.63,4.3,568970.1
2022-03-10,4.6,4.82,4.9,4.6,611178.4
2022-03-11,4.76,4.81,4.87,4.6,512987.0
2022-03-14,4.71,4.65,4.79,4.6,605307.5
2022-03-15,4.62,4.38,4.67,4.37,622324.7
2022-03-16,4.47,4.4,4.49,4.09,734856.91
2022-03-17,4.42,4.36,4.59,4.33,598413.0
2022-03-18,4.35,4.73,4.79,4.22,949358.7
2022-03-21,4.9,5.1,5.19,4.79,1152125.78
2022-03-22,5.03,4.9,5.1,4.87,587111.0
2022-03-23,4.9,5.03,5.08,4.84,570234.19
2022-03-24,5.02,4.9,5.09,4.85,388586.0
2022-03-25,4.9,4.77,4.93,4.77,334196.08
2022-03-28,4.73,4.59,4.73,4.53,403006.24
2022-03-29,4.75,4.64,4.88,4.62,343765.91
2022-03-30,4.69,4.66,4.8,4.6,337356.9
2022-03-31,4.66,4.53,4.69,4.48,361637.4
2022-04-01,4.48,4.5,4.58,4.43,233243.6
2022-04-06,4.49,4.42,4.52,4.36,334652.61
2022-04-07,4.42,4.29,4.44,4.28,278873.58
2022-04-08,4.31,4.23,4.32,4.19,305508.45
2022-04-11,4.25,4.12,4.3,4.1,264246.0
2022-04-12,4.12,4.23,4.24,4.08,283375.06
2022-04-13,4.34,4.28,4.39,4.23,315014.96
2022-04-14,4.28,4.2,4.34,4.14,246034.3
2022-04-15,4.17,4.06,4.17,3.98,313745.0
2022-04-18,4.06,3.99,4.06,3.89,239250.0
2022-04-19,4.05,4.01,4.19,3.99,371355.0
2022-04-20,4.09,3.97,4.1,3.92,225458.85
2022-04-21,4.0,3.85,4.07,3.81,324274.0
2022-04-22,3.81,3.72,3.82,3.71,225826.49
2022-04-25,3.68,3.35,3.68,3.35,417215.23
2022-04-26,3.34,3.12,3.35,3.1,432901.93
2022-04-27,2.93,3.39,3.43,2.93,506081.81
2022-04-28,3.42,3.38,3.47,3.31,342262.93
2022-04-29,3.43,3.39,3.45,3.34,428760.9
2022-05-30,3.73,3.73,3.73,3.73,90352.16
2022-05-31,4.1,4.1,4.1,3.82,1032954.34
2022-06-01,4.12,4.1,4.51,4.07,1409315.97
2022-06-02,4.12,4.04,4.19,3.93,808810.76
2022-06-06,4.12,4.2,4.25,4.0,631763.85
2022-06-07,4.18,4.33,4.35,4.15,547389.32
2022-06-08,4.29,4.22,4.32,4.13,375136.0
2022-06-09,4.26,4.36,4.4,4.18,560784.82
2022-06-10,4.33,4.65,4.8,4.3,1051868.29
2022-06-13,4.68,4.92,4.99,4.67,880282.07
2022-06-14,4.82,4.96,5.01,4.76,739928.25
2022-06-15,4.97,4.87,5.18,4.83,806369.35
2022-06-16,4.89,4.91,5.07,4.82,567300.35
2022-06-17,4.9,5.08,5.1,4.85,762708.03
2022-06-20,5.08,5.05,5.35,5.01,981653.99
2022-06-21,5.01,5.09,5.18,4.9,414679.84
2022-06-22,5.12,5.01,5.12,4.98,356466.13
2022-06-23,5.08,5.2,5.25,5.02,603786.18
2022-06-24,5.19,5.17,5.26,5.08,393248.34
2022-06-27,5.18,4.93,5.28,4.91,696470.84
2022-06-28,4.94,5.07,5.18,4.8,884455.17
2022-06-29,5.01,4.82,5.06,4.8,766388.88
2022-06-30,4.82,4.77,4.93,4.76,350456.0
2022-07-01,4.8,4.81,4.93,4.73,440957.28
2022-07-04,4.77,4.74,4.85,4.58,619159.29
2022-07-05,4.74,4.78,4.87,4.7,457542.15
2022-07-06,4.88,4.95,5.07,4.81,835384.11
2022-07-07,4.92,5.12,5.17,4.9,719685.09
2022-07-08,5.14,4.89,5.22,4.85,780407.14
2022-07-11,4.9,4.84,4.93,4.7,376226.46
2022-07-12,4.96,4.75,4.98,4.73,452843.57
2022-07-13,4.77,4.89,4.96,4.68,434759.54
2022-07-14,4.9,5.02,5.08,4.82,492495.39
2022-07-15,4.97,4.81,5.02,4.8,476465.34
2022-07-18,4.81,4.88,4.93,4.79,343459.75
2022-07-19,4.86,5.37,5.37,4.84,1625391.9
2022-07-20,5.44,5.69,5.74,5.23,2762403.38
2022-07-21,5.71,5.56,5.84,5.48,1688453.69
2022-07-22,5.55,5.36,5.64,5.28,949012.17
2022-07-25,5.25,4.92,5.33,4.82,1315108.0
2022-07-26,4.92,5.11,5.15,4.92,796275.11
2022-07-27,5.12,5.04,5.12,5.0,430436.62
2022-07-28,5.07,5.07,5.21,5.02,376126.9
2022-07-29,5.05,4.94,5.11,4.92,469919.0
2022-08-01,4.96,4.92,4.99,4.87,376537.0
2022-08-02,4.9,4.64,4.9,4.64,641273.57
2022-08-03,4.7,4.64,4.81,4.63,431294.02
2022-08-04,4.68,4.57,4.71,4.52,389039.34
2022-08-05,4.59,4.68,4.71,4.56,349787.44
2022-08-08,4.66,4.84,4.87,4.62,398209.42
2022-08-09,4.82,4.88,5.02,4.78,376726.06
2022-08-10,4.88,4.87,4.92,4.82,247727.54
2022-08-11,4.88,4.91,4.95,4.81,322311.02
2022-08-12,4.88,4.78,4.95,4.76,336562.49
2022-08-15,4.78,4.82,4.85,4.74,251885.71
2022-08-16,4.83,4.95,4.98,4.77,481620.89
2022-08-17,4.95,4.91,5.05,4.85,463808.62
2022-08-18,4.93,4.86,4.95,4.79,372259.4
2022-08-19,4.87,4.83,5.04,4.82,597774.49
2022-08-22,4.82,4.85,4.88,4.76,365923.48
2022-08-23,4.85,4.84,4.88,4.82,260498.52
2022-08-24,4.82,4.6,4.85,4.58,524521.8
2022-08-25,4.6,4.61,4.68,4.51,328083.16
2022-08-26,4.61,4.5,4.63,4.47,287577.0
2022-08-29,4.39,4.65,4.7,4.35,427533.57
2022-08-30,4.66,4.54,4.66,4.5,261170.67
2022-08-31,4.54,4.4,4.56,4.38,368726.03
2022-09-01,4.45,4.38,4.5,4.37,232042.0
2022-09-02,4.4,4.44,4.47,4.36,233075.84
2022-09-05,4.46,4.58,4.7,4.45,360740.97
2022-09-06,4.59,4.6,4.64,4.53,281052.85
2022-09-07,4.58,4.63,4.65,4.5,388644.45
2022-09-08,4.61,4.58,4.64,4.57,198778.0
2022-09-09,4.6,4.52,4.6,4.51,180648.0
2022-09-13,4.54,4.48,4.58,4.45,202003.44
2022-09-14,4.42,4.35,4.43,4.33,317790.94
2022-09-15,4.37,4.19,4.37,4.13,361943.0
2022-09-16,4.21,4.1,4.21,4.08,220170.0
2022-09-19,4.13,4.01,4.13,3.97,241268.85
2022-09-20,4.05,4.2,4.2,4.05,294160.72
2022-09-21,4.18,4.21,4.27,4.13,271583.05
2022-09-22,4.18,4.28,4.33,4.17,276247.66
2022-09-23,4.23,4.2,4.31,4.16,203287.12
2022-09-26,4.19,4.06,4.19,4.06,191219.79
2022-09-27,4.09,4.18,4.18,4.03,163946.97
2022-09-28,4.17,3.97,4.2,3.95,250425.18
2022-09-29,4.05,3.92,4.08,3.9,200385.16
2022-09-30,3.92,3.99,4.06,3.91,179463.91
2022-10-10,3.99,3.84,4.02,3.82,188881.36
2022-10-11,3.84,3.96,4.0,3.82,183552.07
2022-10-12,3.95,4.03,4.05,3.88,179652.08
2022-10-13,4.01,4.0,4.05,3.99,113156.55
2022-10-14,4.06,4.21,4.26,4.04,348326.75
2022-10-17,4.16,4.39,4.42,4.15,361384.29
2022-10-18,4.37,4.32,4.4,4.32,209289.09
2022-10-19,4.31,4.32,4.38,4.3,175013.0
2022-10-20,4.29,4.2,4.31,4.17,269954.26
2022-10-21,4.23,4.22,4.28,4.2,152410.29
2022-10-24,4.31,4.29,4.4,4.27,410860.5
2022-10-25,4.32,4.72,4.72,4.22,929083.89
2022-10-26,4.72,4.77,4.94,4.63,762900.74
2022-10-27,4.81,4.75,4.88,4.74,383655.62
2022-10-28,4.76,4.64,4.77,4.6,347943.4
2022-10-31,4.58,4.6,4.67,4.5,309165.33
2022-11-01,4.63,4.67,4.67,4.52,262160.02
2022-11-02,4.66,4.64,4.73,4.63,260565.0
2022-11-03,4.62,4.84,4.92,4.59,514072.37
2022-11-04,4.86,4.93,4.97,4.79,546307.44
2022-11-07,4.95,4.94,5.14,4.9,447122.14
2022-11-08,4.92,5.05,5.12,4.85,659881.46
2022-11-09,5.03,5.07,5.17,4.99,623166.64
2022-11-10,5.05,5.0,5.2,4.99,498366.68
2022-11-11,5.08,4.98,5.18,4.94,514981.79
2022-11-14,5.06,5.01,5.13,4.98,426406.81
2022-11-15,5.01,5.09,5.12,4.97,323981.21
2022-11-16,5.09,5.36,5.45,5.09,770083.59
2022-11-17,5.33,5.29,5.43,5.25,467237.81
2022-11-18,5.28,5.66,5.79,5.22,1140803.26
2022-11-21,5.67,5.76,5.77,5.59,759530.91
2022-11-22,5.75,5.6,5.88,5.5,836992.54
2022-11-23,5.57,5.35,5.57,5.14,1074519.04
2022-11-24,5.33,5.36,5.48,5.16,591398.95
2022-11-25,5.34,5.37,5.43,5.24,392888.36
2022-11-28,5.3,5.28,5.39,5.2,282664.54
2022-11-29,5.28,5.09,5.33,5.06,683208.16
2022-11-30,5.12,5.1,5.23,5.07,372627.0
2022-12-01,5.16,5.13,5.27,5.11,378306.9
2022-12-02,5.17,5.21,5.24,5.07,308470.95
2022-12-05,5.21,5.04,5.22,5.01,529516.61
2022-12-06,5.03,5.07,5.12,4.99,371544.64
2022-12-07,5.07,5.02,5.07,4.98,288574.0
2022-12-08,5.02,4.93,5.05,4.92,224165.99
2022-12-09,4.96,4.9,4.99,4.79,456738.46
2022-12-12,4.88,4.71,4.88,4.65,714398.35
2022-12-13,4.72,4.62,4.74,4.61,312384.0
2022-12-14,4.65,4.71,4.77,4.62,300766.0
2022-12-15,4.7,4.64,4.74,4.64,205686.0
2022-12-16,4.62,4.54,4.65,4.54,261985.0
2022-12-19,4.57,4.5,4.58,4.46,249485.39
2022-12-20,4.49,4.5,4.55,4.47,150304.52
2022-12-21,4.54,4.6,4.66,4.47,278603.66
2022-12-22,4.6,4.41,4.63,4.38,347689.0
2022-12-23,4.41,4.35,4.42,4.32,148778.22
2022-12-26,4.35,4.48,4.51,4.32,166898.75
2022-12-27,4.53,4.54,4.64,4.5,240154.0
2022-12-28,4.54,4.43,4.56,4.42,162832.58
2022-12-29,4.42,4.44,4.47,4.41,141412.58
2022-12-30,4.45,4.43,4.49,4.41,111867.0
2023-01-03,4.45,4.79,4.87,4.41,563290.49
2023-01-04,4.81,4.81,4.84,4.74,271790.0
2023-01-05,4.82,4.82,4.85,4.76,218765.0
2023-01-06,4.83,4.85,4.98,4.8,304523.0
2023-01-09,4.85,4.87,4.91,4.8,233746.74
2023-01-10,4.89,4.8,4.89,4.78,234108.0
2023-01-11,4.8,4.73,4.81,4.71,214197.49
2023-01-12,4.71,4.85,4.93,4.68,333344.34
2023-01-13,4.87,4.77,4.87,4.74,194806.83
2023-01-16,4.78,4.76,4.79,4.74,185280.95
2023-01-17,4.77,4.74,4.79,4.71,135939.02
2023-01-18,4.78,4.75,4.85,4.73,193250.0
2023-01-19,4.79,4.82,4.86,4.7,234728.83
2023-01-20,4.86,4.83,4.92,4.82,239780.39
2023-01-30,4.85,4.89,4.91,4.68,846383.79
2023-01-31,4.85,4.93,5.02,4.82,645258.83
2023-02-01,4.93,4.95,4.96,4.9,385860.06
2023-02-02,4.96,4.91,4.97,4.9,362762.18
2023-02-03,4.94,4.84,4.94,4.76,425519.54
2023-02-06,4.84,4.77,4.84,4.74,296596.83
2023-02-07,4.77,4.8,4.87,4.77,295871.88
2023-02-08,4.83,4.74,4.83,4.74,205650.58
2023-02-09,4.73,4.79,4.8,4.72,224307.56
2023-02-10,4.77,4.87,5.04,4.76,804842.61
2023-02-13,4.87,4.95,5.0,4.84,584828.97
2023-02-14,4.95,4.92,4.95,4.89,253369.42
2023-02-15,4.92,4.86,4.93,4.84,302042.06
2023-02-16,4.86,4.73,4.9,4.68,457517.24
2023-02-17,4.74,4.7,4.79,4.67,377376.68
2023-02-20,4.7,4.64,4.7,4.55,442396.13
2023-02-21,4.63,4.66,4.69,4.61,267815.83
2023-02-22,4.65,4.59,4.65,4.55,282549.48
2023-02-23,4.57,4.53,4.59,4.53,237685.39
2023-02-24,4.54,4.55,4.58,4.53,137238.0
2023-02-27,4.54,4.47,4.54,4.46,223300.54
2023-02-28,4.5,4.48,4.52,4.43,212555.47
2023-03-01,4.48,4.65,4.7,4.45,402627.31
2023-03-02,4.69,4.57,4.69,4.56,232432.96
2023-03-03,4.58,4.58,4.6,4.54,149932.31
2023-03-06,4.57,4.55,4.59,4.53,174943.27
2023-03-07,4.55,4.41,4.56,4.4,295256.5
2023-03-08,4.44,4.44,4.45,4.41,136475.29
2023-03-09,4.44,4.46,4.5,4.42,162888.38
2023-03-10,4.45,4.38,4.45,4.32,248469.16
2023-03-13,4.41,4.45,4.45,4.35,161086.74
2023-03-14,4.45,4.36,4.45,4.31,204846.14
2023-03-15,4.35,4.37,4.4,4.35,104934.06
2023-03-16,4.35,4.25,4.36,4.22,198743.4
2023-03-17,4.29,4.24,4.31,4.23,171406.43
2023-03-20,4.24,4.2,4.26,4.16,226971.25
2023-03-21,4.2,4.31,4.33,4.19,209245.29
2023-03-22,4.34,4.3,4.34,4.27,132791.39
2023-03-23,4.28,4.25,4.3,4.23,151792.84
2023-03-24,4.25,4.24,4.28,4.21,138407.82
2023-03-27,4.24,4.3,4.32,4.2,204485.58
2023-03-28,4.34,4.45,4.55,4.31,553246.21
2023-03-29,4.41,4.31,4.43,4.31,242068.0
2023-03-30,4.31,4.24,4.32,4.22,178478.65
2023-03-31,4.24,4.26,4.32,4.24,124836.09
2023-04-03,4.26,4.2,4.27,4.17,328210.41
2023-04-04,4.22,4.08,4.22,4.07,339480.22
2023-04-06,4.09,4.09,4.12,4.05,183739.76
2023-04-07,4.08,4.11,4.12,4.06,184153.61
2023-04-10,4.09,4.05,4.12,4.04,211830.62
2023-04-11,4.04,4.07,4.07,4.03,142869.51
2023-04-12,4.07,4.18,4.21,4.05,301824.89
2023-04-13,4.18,4.08,4.2,4.07,208317.04
2023-04-14,4.11,4.11,4.17,4.09,119997.81
2023-04-17,4.14,4.13,4.15,4.08,143632.0
2023-04-18,4.14,4.07,4.15,4.06,136144.73
2023-04-19,4.07,4.05,4.07,4.04,107084.83
2023-04-20,4.04,3.91,4.05,3.88,360913.31
2023-04-21,3.91,3.86,3.94,3.82,232809.97
2023-04-24,3.86,3.78,3.87,3.74,233085.89
2023-04-25,3.8,3.75,3.81,3.68,237736.1
2023-04-26,3.75,3.75,3.79,3.71,129308.98
2023-04-27,3.77,3.79,3.84,3.71,194693.43
2023-04-28,3.8,3.92,3.92,3.79,199627.85
2023-05-04,3.93,4.07,4.09,3.9,293088.59
2023-05-05,4.06,4.01,4.07,3.98,177561.84
2023-05-08,4.01,3.99,4.02,3.97,117236.15
2023-05-09,4.0,3.9,4.02,3.89,149610.0
2023-05-10,3.94,3.88,3.95,3.87,119058.19
2023-05-11,3.88,3.9,3.94,3.83,142794.67
2023-05-12,3.88,3.8,3.91,3.8,121976.58
2023-05-15,3.79,3.83,3.85,3.75,146858.4
2023-05-16,3.86,3.84,3.9,3.79,154413.0
2023-05-17,3.84,3.93,4.01,3.81,255473.77
2023-05-18,3.95,3.89,3.96,3.87,146747.8
2023-05-19,3.9,3.86,3.91,3.85,119410.03
2023-05-22,3.86,3.78,3.89,3.76,321213.02
2023-05-23,3.8,3.74,3.8,3.73,146109.95
2023-05-24,3.72,3.67,3.74,3.66,171889.0
2023-05-25,3.68,3.67,3.8,3.62,253093.9
2023-05-26,3.68,3.63,3.68,3.6,165446.0
2023-05-29,3.63,3.63,3.69,3.62,140652.0
2023-05-30,3.58,3.58,3.61,3.4,338379.37
2023-05-31,3.58,3.49,3.58,3.48,196712.0
2023-06-01,3.5,3.54,3.6,3.47,200978.36
2023-06-02,3.56,3.64,3.64,3.55,151620.64
2023-06-05,3.65,3.62,3.66,3.61,120031.17
2023-06-06,3.62,3.51,3.64,3.5,171896.67
2023-06-07,3.52,3.47,3.53,3.45,159590.63
2023-06-08,3.47,3.43,3.47,3.42,140706.34
2023-06-09,3.42,3.37,3.45,3.34,248724.75
2023-06-12,3.36,3.41,3.43,3.3,173882.26
2023-06-13,3.41,3.38,3.42,3.37,99239.58
2023-06-14,3.39,3.34,3.39,3.32,175302.41
2023-06-15,3.35,3.38,3.39,3.3,190208.8
2023-06-16,3.41,3.44,3.5,3.39,205230.0
2023-06-19,3.44,3.38,3.54,3.37,185327.0
2023-06-20,3.39,3.35,3.4,3.34,142772.0
2023-06-21,3.35,3.31,3.39,3.31,130486.27
2023-06-26,3.31,3.26,3.33,3.24,166343.12
2023-06-27,3.26,3.41,3.41,3.26,230148.0
2023-06-28,3.4,3.41,3.42,3.34,148907.0
2023-06-29,3.42,3.52,3.61,3.39,341849.41
2023-06-30,3.54,3.71,3.74,3.51,489090.25
2023-07-03,3.7,3.66,3.73,3.63,326405.43
2023-07-04,3.65,3.68,3.69,3.63,189608.34
2023-07-05,3.7,3.7,3.79,3.67,213808.52
2023-07-06,3.7,3.67,3.73,3.63,199254.94
2023-07-07,3.7,3.67,3.72,3.65,193834.0
2023-07-10,3.67,3.62,3.67,3.6,178779.18
2023-07-11,3.62,3.63,3.65,3.56,159895.0
2023-07-12,3.62,3.57,3.63,3.56,136362.0
2023-07-13,3.57,3.62,3.63,3.57,159696.07
2023-07-14,3.61,3.59,3.62,3.57,110174.22
2023-07-17,3.6,3.63,3.7,3.56,213211.0
2023-07-18,3.62,3.65,3.68,3.56,162718.33
2023-07-19,3.65,3.63,3.69,3.61,133311.95
2023-07-20,3.62,3.61,3.68,3.61,157322.0
2023-07-21,3.61,3.61,3.66,3.59,107032.0
2023-07-24,3.6,3.56,3.6,3.54,123692.02
2023-07-25,3.58,3.66,3.68,3.58,218172.42
2023-07-26,3.65,3.64,3.66,3.62,108542.6
2023-07-27,3.65,3.63,3.68,3.61,120873.26
2023-07-28,3.61,3.68,3.69,3.57,178566.91
2023-07-31,3.68,3.72,3.73,3.68,181322.02
2023-08-01,3.72,3.71,3.73,3.69,129426.34
2023-08-02,3.71,3.75,3.79,3.68,239489.67
2023-08-03,3.73,3.7,3.74,3.67,187132.7
2023-08-04,3.7,3.66,3.73,3.64,165103.0
2023-08-07,3.64,3.6,3.67,3.58,174049.2
2023-08-08,3.6,3.58,3.6,3.53,155008.75
2023-08-09,3.56,3.52,3.57,3.5,150219.2
2023-08-10,3.52,3.53,3.54,3.5,142048.73
2023-08-11,3.54,3.46,3.55,3.45,141044.02
2023-08-14,3.45,3.49,3.5,3.4,136877.58
2023-08-15,3.49,3.48,3.5,3.42,118533.0
2023-08-16,3.47,3.43,3.48,3.41,133868.0
2023-08-17,3.42,3.49,3.5,3.36,179154.18
2023-08-18,3.5,3.45,3.54,3.44,179243.36
2023-08-21,3.43,3.41,3.5,3.4,153903.0
2023-08-22,3.42,3.38,3.44,3.34,173153.82
2023-08-23,3.38,3.32,3.39,3.32,114437.0
2023-08-24,3.35,3.31,3.35,3.29,119380.6
2023-08-25,3.32,3.27,3.38,3.26,175017.87
2023-08-28,3.43,3.37,3.49,3.36,345072.5
2023-08-29,3.37,3.4,3.43,3.35,212834.02
2023-08-30,3.4,3.35,3.42,3.34,194576.0
2023-08-31,3.34,3.26,3.35,3.24,241775.46
2023-09-01,3.27,3.26,3.28,3.24,113571.61
2023-09-04,3.27,3.42,3.42,3.25,372692.2
2023-09-05,3.42,3.4,3.43,3.36,157821.34
2023-09-06,3.38,3.43,3.44,3.35,143263.0
2023-09-07,3.44,3.36,3.44,3.35,139825.28
2023-09-08,3.33,3.35,3.36,3.32,95519.0
2023-09-11,3.35,3.35,3.38,3.3,139317.77
2023-09-12,3.38,3.41,3.43,3.34,187909.87
2023-09-13,3.41,3.35,3.41,3.32,138712.0
2023-09-14,3.33,3.31,3.34,3.29,129654.81
2023-09-15,3.31,3.3,3.35,3.29,133594.53
2023-09-18,3.32,3.31,3.35,3.25,126226.62
2023-09-19,3.3,3.27,3.3,3.25,117770.79
2023-09-20,3.26,3.18,3.27,3.18,207271.4
2023-09-21,3.19,3.16,3.19,3.13,144574.59
2023-09-22,3.16,3.21,3.22,3.13,161218.37
2023-09-25,3.2,3.16,3.21,3.14,121239.0
2023-09-26,3.15,3.09,3.16,3.08,155832.87
2023-09-27,3.1,3.12,3.19,3.06,197727.95
2023-09-28,3.15,3.15,3.16,3.11,115760.02
2023-10-09,3.14,3.15,3.19,3.11,118022.0
2023-10-10,3.15,3.12,3.17,3.11,101681.05
2023-10-11,3.12,3.08,3.14,3.06,152343.13
2023-10-12,3.1,3.18,3.23,3.06,289352.0
2023-10-13,3.19,3.09,3.19,3.07,212018.0
2023-10-16,3.11,3.02,3.11,3.01,223312.84
2023-10-17,3.03,3.05,3.09,3.02,164403.0
2023-10-18,3.04,2.99,3.04,2.98,162682.0
2023-10-19,2.98,2.95,3.02,2.94,167213.47
2023-10-20,2.94,2.96,3.0,2.92,152453.31
2023-10-23,2.96,2.86,2.96,2.84,224181.0
2023-10-24,2.88,2.95,2.95,2.87,225078.28
2023-10-25,2.96,3.04,3.06,2.95,231448.77
2023-10-26,3.01,3.05,3.05,2.97,165227.94
2023-10-27,3.03,3.1,3.12,3.0,215734.36
2023-10-30,3.1,3.07,3.11,3.06,196683.62
2023-10-31,3.05,3.04,3.06,3.02,144035.72
2023-11-01,3.07,3.09,3.11,3.05,174422.67
2023-11-02,3.1,3.04,3.1,3.03,120275.48
2023-11-03,3.06,3.04,3.07,3.03,133621.48
2023-11-06,3.06,3.17,3.26,3.05,396050.16
2023-11-07,3.17,3.2,3.21,3.13,223397.34
2023-11-08,3.19,3.22,3.27,3.16,230049.0
2023-11-09,3.2,3.14,3.21,3.13,209885.94
2023-11-10,3.12,3.13,3.14,3.09,101172.0
2023-11-13,3.14,3.16,3.16,3.11,131489.02
2023-11-14,3.15,3.15,3.2,3.13,160988.22
2023-11-15,3.16,3.17,3.19,3.14,193170.08
2023-11-16,3.17,3.11,3.17,3.1,151097.62
2023-11-17,3.12,3.11,3.14,3.09,155701.0
2023-11-20,3.12,3.16,3.17,3.09,207952.92
2023-11-21,3.16,3.24,3.34,3.16,498903.26
2023-11-22,3.21,3.2,3.31,3.19,321266.0
2023-11-23,3.2,3.16,3.2,3.12,253523.38
2023-11-24,3.15,3.08,3.15,3.07,215913.0
2023-11-27,3.08,3.11,3.12,3.05,168558.11
2023-11-28,3.09,3.11,3.13,3.07,117256.0
2023-11-29,3.1,3.07,3.11,3.05,153094.0
2023-11-30,3.08,3.03,3.08,3.01,154856.86
2023-12-01,3.04,3.05,3.06,3.01,116826.38
2023-12-04,3.04,3.03,3.07,3.02,144994.44
2023-12-05,3.03,3.0,3.05,3.0,159918.27
2023-12-06,3.04,3.09,3.14,2.99,334647.94
2023-12-07,3.07,2.99,3.07,2.96,325386.75
2023-12-08,3.0,2.98,3.0,2.92,316020.69
2023-12-11,2.95,2.97,2.98,2.91,222165.83
2023-12-12,2.96,2.93,2.96,2.9,190298.6
2023-12-13,2.93,2.92,2.96,2.9,167531.34
2023-12-14,2.92,2.93,2.95,2.91,139281.56
2023-12-15,2.92,2.89,2.94,2.87,210259.35
2023-12-18,2.89,2.83,2.89,2.82,181401.02
2023-12-19,2.83,2.83,2.84,2.79,166075.0
2023-12-20,2.82,2.79,2.86,2.78,151021.62
2023-12-21,2.77,2.81,2.84,2.75,149053.08
2023-12-22,2.82,2.82,2.85,2.77,178831.44
2023-12-25,2.81,2.8,2.82,2.77,103199.94
2023-12-26,2.79,2.79,2.82,2.76,116452.0
2023-12-27,2.78,2.76,2.79,2.74,184038.0
2023-12-28,2.77,2.91,2.93,2.75,351337.73
2023-12-29,2.91,2.91,2.94,2.89,158025.54
2024-01-02,2.91,2.93,2.94,2.9,126392.74
2024-01-03,2.93,2.94,2.95,2.91,149283.0
2024-01-04,2.96,2.93,2.98,2.91,171396.93
2024-01-05,2.94,2.92,2.98,2.91,235474.0
2024-01-08,2.94,2.85,2.95,2.83,223613.35
2024-01-09,2.86,2.85,2.89,2.82,154852.0
2024-01-10,2.84,2.84,2.88,2.79,134069.0
2024-01-11,2.85,3.12,3.12,2.83,626527.88
2024-01-12,3.1,3.03,3.11,3.01,756261.61
2024-01-15,2.99,2.99,3.03,2.97,370900.88
2024-01-16,2.98,3.07,3.23,2.96,689701.49
2024-01-17,3.06,2.95,3.07,2.95,347935.21
2024-01-18,2.92,2.93,2.95,2.84,296651.55
2024-01-19,2.91,2.94,3.04,2.9,245919.32
2024-01-22,2.89,2.72,2.9,2.67,399392.98
2024-01-23,2.69,2.71,2.75,2.62,247586.16
2024-01-24,2.74,2.79,2.81,2.66,256134.0
2024-01-25,2.8,2.87,2.87,2.78,251404.62
2024-01-26,2.87,2.86,2.92,2.85,207041.0
2024-01-29,2.87,2.74,2.89,2.72,228058.59
2024-01-30,2.72,2.67,2.77,2.64,201905.13
2024-01-31,2.69,2.55,2.71,2.53,307898.3
2024-02-01,2.55,2.52,2.61,2.51,188830.29
2024-02-02,2.54,2.44,2.57,2.3,336499.05
2024-02-05,2.44,2.24,2.45,2.2,370782.15
2024-02-06,2.24,2.42,2.46,2.18,384362.5
2024-02-07,2.46,2.62,2.66,2.44,507529.08
2024-02-08,2.66,2.66,2.77,2.65,429063.05
2024-02-19,2.79,2.68,2.79,2.64,313029.73
2024-02-20,2.68,2.64,2.68,2.6,228427.32
2024-02-21,2.64,2.67,2.74,2.61,327881.25
2024-02-22,2.69,2.71,2.74,2.66,245451.46
2024-02-23,2.71,2.71,2.72,2.66,249191.02
2024-02-26,2.72,2.72,2.76,2.69,279905.28
2024-02-27,2.72,2.79,2.79,2.7,267117.0
2024-02-28,2.79,2.66,2.88,2.65,461548.69
2024-02-29,2.63,2.74,2.75,2.63,250419.0
2024-03-01,2.76,2.77,2.77,2.72,228043.17
2024-03-04,2.77,2.82,2.96,2.76,510907.2
2024-03-05,2.82,2.75,2.82,2.73,245858.24
2024-03-06,2.78,2.83,2.88,2.77,405520.82
2024-03-07,2.83,2.77,2.86,2.76,275922.0
2024-03-08,2.76,2.9,2.97,2.72,582219.22
2024-03-11,2.91,3.03,3.1,2.86,726348.01
2024-03-12,3.0,3.33,3.33,2.95,1174914.02
2024-03-13,3.24,3.18,3.27,3.11,1298559.24
2024-03-14,3.14,3.1,3.18,3.06,533793.0
2024-03-15,3.12,3.14,3.15,3.07,340389.45
2024-03-18,3.16,3.3,3.38,3.13,794925.68
2024-03-19,3.26,3.21,3.28,3.21,524653.16
2024-03-20,3.21,3.23,3.3,3.2,387457.84
2024-03-21,3.25,3.43,3.53,3.21,1365602.06
2024-03-22,3.62,3.77,3.77,3.62,989128.91
2024-03-25,3.74,3.58,4.03,3.56,2603092.36
2024-03-26,3.54,3.61,3.73,3.46,1393417.83
2024-03-27,3.56,3.44,3.72,3.37,1237759.53
2024-03-28,3.53,3.78,3.78,3.5,1164467.68
2024-03-29,3.78,3.82,3.93,3.75,1609917.0
2024-04-01,3.85,3.85,4.0,3.78,1225370.41
2024-04-02,3.8,3.85,3.96,3.76,1374898.02
2024-04-03,3.75,3.69,3.81,3.67,876579.37
2024-04-08,3.68,3.59,3.74,3.58,734696.27
2024-04-09,3.6,3.64,3.67,3.56,553822.91
2024-04-10,3.63,3.85,3.95,3.55,1512029.23
2024-04-11,3.73,3.55,3.75,3.55,1176082.05
2024-04-12,3.52,3.5,3.59,3.48,584192.63
2024-04-15,3.46,3.37,3.53,3.31,805139.65
2024-04-16,3.33,3.17,3.39,3.16,782839.23
2024-04-17,3.28,3.42,3.43,3.28,766092.74
2024-04-18,3.42,3.71,3.76,3.39,1513571.53
2024-04-19,3.7,3.79,3.88,3.69,1694910.02
2024-04-22,3.82,3.62,3.86,3.61,952176.64
2024-04-23,3.62,3.62,3.7,3.6,584804.35
2024-04-24,3.6,3.8,3.88,3.59,1107897.35
2024-04-25,3.73,3.78,3.82,3.7,745973.0
2024-04-26,3.79,3.78,3.97,3.74,1488788.66
2024-04-29,3.78,3.8,3.82,3.66,1081073.24
2024-04-30,3.8,3.65,3.8,3.63,939282.91
2024-05-06,3.69,3.79,3.83,3.65,904594.61
2024-05-07,3.79,3.82,3.86,3.76,749031.13
2024-05-08,3.83,3.74,3.86,3.72,586366.15
2024-05-09,3.73,3.72,3.77,3.68,496453.0
2024-05-10,3.72,3.68,3.73,3.58,733937.33
2024-05-13,3.65,3.57,3.66,3.53,570912.1
2024-05-14,3.57,3.6,3.66,3.56,388475.0
2024-05-15,3.68,3.77,3.96,3.66,1229346.63
2024-05-16,3.8,3.84,4.03,3.79,1242317.19
2024-05-17,3.84,4.22,4.22,3.82,1833380.99
2024-05-20,4.33,4.3,4.57,4.21,3704758.66
2024-05-21,4.2,4.16,4.3,4.1,1902723.14
2024-05-22,4.12,4.05,4.2,4.04,1252920.28
2024-05-23,4.11,4.27,4.29,4.05,2106386.18
2024-05-24,4.27,4.08,4.27,4.06,1199990.77
2024-05-27,4.04,4.0,4.05,3.87,952026.68
2024-05-28,3.95,3.82,4.0,3.79,1094672.52
2024-05-29,3.78,3.76,3.87,3.72,791202.04
2024-05-30,3.76,3.68,3.78,3.67,596195.02
2024-05-31,3.68,3.71,3.76,3.67,460133.69
2024-06-03,3.57,3.44,3.64,3.38,1322809.69
2024-06-04,3.43,3.42,3.45,3.35,488259.0
2024-06-05,3.41,3.38,3.45,3.36,418696.73
2024-06-06,3.39,3.26,3.4,3.23,673593.4
2024-06-07,3.28,3.31,3.34,3.26,389868.4
2024-06-11,3.31,3.36,3.37,3.25,419182.0
2024-06-12,3.36,3.34,3.38,3.32,387173.48
2024-06-13,3.34,3.25,3.36,3.23,439670.0
2024-06-14,3.22,3.21,3.25,3.18,367611.0
2024-06-17,3.25,3.26,3.3,3.23,474527.1
2024-06-18,3.28,3.39,3.41,3.26,666628.2
2024-06-19,3.36,3.38,3.48,3.34,691348.73
2024-06-20,3.36,3.24,3.36,3.23,518192.04
2024-06-21,3.23,3.26,3.34,3.21,360448.09
2024-06-24,3.23,3.09,3.23,3.06,561544.0
2024-06-25,3.07,3.14,3.17,3.06,404815.2
2024-06-26,3.15,3.24,3.24,3.09,353978.07
2024-06-27,3.21,3.13,3.24,3.12,344851.0
2024-06-28,3.12,3.16,3.21,3.1,281782.07
2024-07-01,3.17,3.2,3.22,3.14,278210.0
2024-07-02,3.21,3.19,3.23,3.16,263444.0
2024-07-03,3.18,3.16,3.21,3.16,169665.0
2024-07-04,3.15,3.1,3.18,3.08,268337.0
2024-07-05,3.08,3.12,3.13,3.05,240076.0
2024-07-08,3.12,3.02,3.13,3.01,301263.0
2024-07-09,3.01,3.12,3.12,2.99,374799.29
2024-07-10,3.09,3.11,3.16,3.08,233451.02
2024-07-11,3.16,3.22,3.22,3.15,327260.85
2024-07-12,3.24,3.2,3.24,3.18,231261.0
2024-07-15,3.19,3.15,3.2,3.13,192546.0
2024-07-16,3.14,3.12,3.14,3.09,246867.78
2024-07-17,3.11,3.06,3.13,3.05,269147.3
2024-07-18,3.06,3.08,3.1,3.01,241637.0
2024-07-19,3.06,3.07,3.1,3.03,194147.28
2024-07-22,3.08,3.06,3.09,3.03,173334.0
2024-07-23,3.06,3.02,3.1,3.02,208610.38
2024-07-24,3.02,2.97,3.05,2.96,271072.58
2024-07-25,2.99,3.0,3.04,2.95,212164.8
2024-07-26,3.02,3.07,3.09,3.01,260846.5
2024-07-29,3.08,3.13,3.15,3.04,314489.0
2024-07-30,3.13,3.19,3.22,3.11,374675.0
2024-07-31,3.19,3.27,3.28,3.17,380095.14
2024-08-01,3.28,3.29,3.32,3.26,348627.38
2024-08-02,3.27,3.25,3.34,3.24,328484.3
2024-08-05,3.24,3.14,3.28,3.14,345751.46
2024-08-06,3.19,3.19,3.21,3.16,207351.2
2024-08-07,3.18,3.18,3.21,3.16,173350.0
2024-08-08,3.18,3.2,3.26,3.13,412778.04
2024-08-09,3.17,3.18,3.24,3.16,330039.61
2024-08-12,3.18,3.11,3.18,3.1,227009.0
2024-08-13,3.12,3.16,3.16,3.09,183532.43
2024-08-14,3.16,3.11,3.18,3.1,163034.0
2024-08-15,3.09,3.1,3.15,3.07,219695.2
2024-08-16,3.09,3.03,3.11,3.03,251180.0
2024-08-19,3.03,3.02,3.07,3.01,171074.0
2024-08-20,3.02,2.96,3.03,2.96,193860.0
2024-08-21,2.97,2.97,2.99,2.95,108332.0
2024-08-22,2.98,2.91,2.98,2.91,203992.0
2024-08-23,2.91,2.94,2.96,2.9,162787.02
2024-08-26,2.93,3.0,3.02,2.92,212873.02
2024-08-27,3.0,2.95,3.0,2.92,212890.0
2024-08-28,2.94,2.93,2.96,2.91,159045.0
2024-08-29,2.9,2.93,2.94,2.83,303128.0
2024-08-30,2.93,2.98,3.03,2.89,303707.16
2024-09-02,2.96,2.92,3.0,2.91,223406.0
2024-09-03,2.91,2.9,2.94,2.89,160123.8
2024-09-04,2.89,2.86,2.91,2.85,150797.0
2024-09-05,2.86,2.87,2.9,2.85,122186.4
2024-09-06,2.87,2.81,2.88,2.81,147653.0
2024-09-09,2.8,2.79,2.83,2.77,153510.64
2024-09-10,2.8,2.78,2.82,2.73,168132.0
2024-09-11,2.78,2.76,2.8,2.74,115875.0
2024-09-12,2.78,2.78,2.83,2.77,145796.0
2024-09-13,2.78,2.74,2.79,2.74,112842.0
2024-09-18,2.75,2.72,2.76,2.68,155854.55
2024-09-19,2.75,2.83,2.84,2.72,258002.23
2024-09-20,2.82,2.79,2.82,2.76,154828.69
2024-09-23,2.8,2.79,2.81,2.77,113894.0
2024-09-24,2.81,2.93,2.93,2.81,327221.46
2024-09-25,2.97,2.96,3.04,2.96,353446.48
2024-09-26,2.96,3.05,3.05,2.96,329951.0
2024-09-27,3.09,3.17,3.21,3.09,542589.2
2024-09-30,3.28,3.42,3.47,3.26,1016332.92
2024-10-08,3.76,3.54,3.76,3.37,1279033.95
2024-10-09,3.5,3.21,3.5,3.21,896268.95
2024-10-10,3.24,3.22,3.34,3.19,591701.72
2024-10-11,3.21,3.07,3.22,3.03,499265.0
2024-10-14,3.07,3.14,3.17,3.03,461106.0
2024-10-15,3.12,3.08,3.16,3.07,433153.48
2024-10-16,3.06,3.09,3.13,3.04,381100.0
2024-10-17,3.1,3.02,3.13,3.02,420548.0
2024-10-18,3.0,3.16,3.22,3.0,731993.18
2024-10-21,3.2,3.21,3.27,3.15,599676.24
2024-10-22,3.25,3.36,3.45,3.2,1298100.46
2024-10-23,3.33,3.36,3.4,3.3,753490.98
2024-10-24,3.35,3.42,3.45,3.32,1041813.44
2024-10-25,3.41,3.62,3.7,3.39,1455291.98
2024-10-28,3.71,3.9,3.96,3.63,1720081.84
2024-10-29,3.91,3.68,3.95,3.66,1324997.84
2024-10-30,3.66,3.85,3.95,3.61,1534960.3
2024-10-31,3.86,3.96,4.0,3.8,1703606.7
2024-11-01,4.0,3.86,4.11,3.8,1316590.53
2024-11-04,3.9,4.02,4.14,3.86,1087067.1
2024-11-05,4.05,4.03,4.13,3.99,1248522.58
2024-11-06,4.06,4.05,4.18,4.02,1312808.01
2024-11-07,3.99,4.12,4.2,3.9,1413846.07
2024-11-08,4.12,4.15,4.2,4.04,1193592.76
2024-11-11,4.14,4.04,4.14,4.0,1196266.69
2024-11-12,4.05,3.98,4.1,3.94,892202.1
2024-11-13,3.95,3.88,3.97,3.81,821522.88
2024-11-14,3.86,3.72,3.88,3.71,710281.02
2024-11-15,3.71,3.59,3.74,3.58,594839.0
2024-11-18,3.65,3.67,3.81,3.61,1130253.18
2024-11-19,3.73,3.85,3.87,3.68,1186622.02
2024-11-20,3.9,4.02,4.04,3.82,1317676.0
2024-11-21,4.03,3.93,4.03,3.86,1083685.79
2024-11-22,3.88,3.75,3.97,3.73,865233.06
2024-11-25,3.74,3.81,3.82,3.68,726582.0
2024-11-26,3.82,3.69,3.85,3.68,613726.0
2024-11-27,3.68,3.73,3.73,3.59,565726.0
2024-11-28,3.72,3.7,3.78,3.69,529126.0
2024-11-29,3.72,3.73,3.78,3.63,644681.56
2024-12-02,3.76,3.95,3.99,3.73,1126259.56
2024-12-03,4.0,3.98,4.02,3.9,856319.63
2024-12-04,3.96,3.79,3.96,3.77,898837.02
2024-12-05,3.78,3.93,4.03,3.76,1124369.0
2024-12-06,3.93,3.95,4.05,3.87,1382349.88
2024-12-09,3.97,3.91,4.03,3.86,811900.31
2024-12-10,4.0,4.3,4.3,3.95,1622321.84
2024-12-11,4.33,4.27,4.4,4.2,3336886.78
2024-12-12,4.2,4.38,4.66,4.16,2763345.99
2024-12-13,4.3,4.15,4.31,4.14,1705902.33
2024-12-16,4.16,4.19,4.31,4.13,1096341.39
2024-12-17,4.22,4.21,4.33,4.17,1227540.51
2024-12-18,4.18,4.08,4.22,4.02,1176046.59
2024-12-19,4.0,3.95,4.03,3.92,872805.04
2024-12-20,3.95,3.95,4.02,3.93,604953.24
2024-12-23,3.93,3.75,3.93,3.73,833786.46
2024-12-24,3.78,3.8,3.85,3.74,490341.5
2024-12-25,3.78,3.7,3.79,3.65,524109.42
2024-12-26,3.72,3.69,3.76,3.68,378019.0
2024-12-27,3.7,3.75,3.82,3.68,547785.0
2024-12-30,3.76,3.76,3.83,3.7,649041.16
2024-12-31,3.77,3.61,3.78,3.61,529117.72
2025-01-02,3.61,3.5,3.64,3.47,466816.82
2025-01-03,3.52,3.37,3.54,3.36,465748.49
2025-01-06,3.37,3.37,3.41,3.31,431837.38
2025-01-07,3.39,3.4,3.41,3.34,336027.93
2025-01-08,3.41,3.36,3.42,3.25,459807.29
2025-01-09,3.34,3.39,3.42,3.31,367044.0
2025-01-10,3.39,3.28,3.42,3.28,341491.37
2025-01-13,3.25,3.32,3.33,3.23,331918.05
2025-01-14,3.33,3.46,3.47,3.3,452681.22
2025-01-15,3.47,3.44,3.47,3.38,342188.91
2025-01-16,3.44,3.47,3.52,3.42,356813.28
2025-01-17,3.44,3.49,3.5,3.43,259005.63
2025-01-20,3.52,3.48,3.58,3.46,480218.61
2025-01-21,3.49,3.44,3.5,3.43,284660.65
2025-01-22,3.43,3.41,3.44,3.39,243306.58
2025-01-23,3.45,3.44,3.52,3.44,417722.2
2025-01-24,3.43,3.45,3.46,3.4,308534.0
2025-01-27,3.47,3.4,3.5,3.4,263156.77
2025-02-05,3.44,3.45,3.47,3.4,286723.0
2025-02-06,3.45,3.51,3.51,3.41,467016.76
2025-02-07,3.51,3.56,3.59,3.51,503313.02
2025-02-10,3.6,3.59,3.65,3.55,403056.56
2025-02-11,3.59,3.56,3.6,3.49,424605.02
2025-02-12,3.55,3.59,3.61,3.55,414846.0
2025-02-13,3.6,3.55,3.62,3.54,404824.0
2025-02-14,3.52,3.51,3.57,3.48,405405.0
2025-02-17,3.54,3.58,3.6,3.49,526682.28
2025-02-18,3.56,3.46,3.57,3.44,413223.0
2025-02-19,3.46,3.55,3.65,3.44,682497.08
2025-02-20,3.54,3.62,3.69,3.48,895193.48
2025-02-21,3.62,3.63,3.68,3.58,665126.0
2025-02-24,3.64,3.8,3.85,3.62,1147120.39
2025-02-25,3.76,3.74,3.79,3.7,729527.98
2025-02-26,3.76,3.79,3.81,3.73,766155.87
2025-02-27,3.8,3.82,3.91,3.75,828895.45
2025-02-28,3.9,3.98,4.18,3.77,2227872.59
2025-03-03,3.95,4.06,4.18,3.91,1593674.52
2025-03-04,3.98,3.99,4.03,3.92,954151.87
2025-03-05,3.96,3.87,3.97,3.83,800034.51
2025-03-06,3.89,3.87,3.91,3.85,640868.86
2025-03-07,3.87,3.84,3.91,3.81,597469.67
2025-03-10,3.83,3.87,3.91,3.82,513935.0
2025-03-11,3.83,3.86,3.88,3.77,503330.78
2025-03-12,3.88,3.89,4.0,3.87,697163.28
2025-03-13,3.64,3.61,3.78,3.59,1407487.42
2025-03-14,3.59,3.62,3.65,3.56,876851.4
2025-03-17,3.63,3.65,3.71,3.63,572488.0
2025-03-18,3.69,4.02,4.02,3.65,1349749.71
2025-03-19,4.05,3.92,4.11,3.9,2004206.2
2025-03-20,3.94,3.96,4.0,3.9,1359016.55
2025-03-21,3.95,3.86,3.96,3.85,849824.51
2025-03-24,3.86,3.77,3.88,3.69,756014.94
2025-03-25,3.77,3.86,3.94,3.74,845934.0
2025-03-26,3.89,4.02,4.09,3.87,1745457.43
2025-03-27,3.95,3.97,4.02,3.89,1091699.25
2025-03-28,3.92,3.81,3.95,3.8,880417.5
2025-03-31,3.81,3.73,3.81,3.7,546418.0
2025-04-01,3.73,3.73,3.77,3.71,452920.76
2025-04-02,3.71,3.76,3.83,3.67,537653.76
2025-04-03,3.72,3.74,3.81,3.69,447779.0
2025-04-07,3.51,3.37,3.59,3.37,700236.0
2025-04-08,3.3,3.34,3.42,3.27,651896.59
2025-04-09,3.29,3.37,3.39,3.08,649570.13
2025-04-10,3.47,3.41,3.49,3.39,504020.2
2025-04-11,3.37,3.41,3.45,3.36,373478.0
2025-04-14,3.46,3.46,3.51,3.45,384820.0
2025-04-15,3.46,3.4,3.46,3.39,267641.0
2025-04-16,3.42,3.37,3.42,3.31,285225.0
2025-04-17,3.35,3.37,3.4,3.33,216712.0
2025-04-18,3.35,3.37,3.4,3.33,214732.02
2025-04-21,3.37,3.45,3.46,3.34,293767.0
2025-04-22,3.45,3.46,3.52,3.42,387372.0
2025-04-23,3.46,3.81,3.81,3.45,947318.8
2025-04-24,3.78,3.71,3.78,3.64,1255674.3
2025-04-25,3.6,3.65,3.7,3.56,803121.2
2025-04-28,3.61,3.53,3.62,3.52,494503.0
2025-04-29,3.5,3.57,3.59,3.48,440072.0
2025-04-30,3.58,3.62,3.73,3.53,742969.0
2025-05-06,3.62,3.73,3.74,3.6,782510.79
2025-05-07,3.74,3.72,3.77,3.68,620946.59
2025-05-08,3.7,3.72,3.77,3.68,444362.0
2025-05-09,3.73,3.68,3.76,3.67,461762.0
2025-05-12,3.71,3.81,3.9,3.7,1065567.78
2025-05-13,3.81,3.73,3.85,3.72,837233.8
2025-05-14,3.84,4.1,4.1,3.8,3122384.23
2025-05-15,4.24,4.51,4.51,4.22,2690774.23
2025-05-16,4.68,4.58,4.96,4.41,7342124.99
2025-05-19,4.59,5.04,5.04,4.32,5403608.76
2025-05-20,5.04,4.65,5.13,4.59,6157095.15
2025-05-21,4.57,4.46,4.84,4.43,4568706.67
2025-05-22,4.37,4.28,4.59,4.26,3234504.83
2025-05-23,4.33,4.38,4.54,4.26,3190181.08
2025-05-26,4.32,4.42,4.56,4.26,2560256.29
2025-05-27,4.44,4.6,4.8,4.42,3935430.35
2025-05-28,4.52,4.37,4.65,4.35,3220212.73
2025-05-29,4.32,4.32,4.41,4.27,2103155.15
2025-05-30,4.29,4.19,4.39,4.16,2029944.59
2025-06-03,4.13,4.14,4.23,4.1,1354701.76
2025-06-04,4.17,4.25,4.32,4.13,1694042.4
2025-06-05,4.21,4.14,4.22,4.13,1282274.0
2025-06-06,4.14,4.12,4.17,4.1,894148.0
2025-06-09,4.12,4.17,4.18,4.11,1044818.02
2025-06-10,4.17,4.08,4.22,4.03,1397845.0
2025-06-11,4.1,4.1,4.12,4.06,799850.0
2025-06-12,4.08,4.04,4.1,4.03,891511.0
2025-06-13,4.01,3.95,4.04,3.93,1040978.0
2025-06-16,3.94,3.97,3.98,3.94,541817.2
2025-06-17,3.95,3.94,3.96,3.91,606887.02
2025-06-18,3.93,3.91,3.95,3.87,648654.79
2025-06-19,3.89,3.78,3.9,3.76,838297.0
2025-06-20,3.78,3.74,3.81,3.74,538448.49
2025-06-23,3.74,3.8,3.82,3.71,581238.99
2025-06-24,3.81,3.86,3.88,3.79,598755.5
2025-06-25,3.87,3.89,3.89,3.83,694207.27
2025-06-26,3.87,3.87,3.94,3.85,830617.42
2025-06-27,3.88,3.86,3.91,3.84,615527.0
2025-06-30,3.86,3.9,3.9,3.84,553561.21
2025-07-01,3.9,4.0,4.05,3.88,1401279.98
2025-07-02,3.98,3.96,4.02,3.93,921810.0
2025-07-03,3.94,3.92,3.97,3.89,604323.58
2025-07-04,3.91,3.86,3.92,3.84,617663.02
2025-07-07,3.88,3.97,3.98,3.87,937047.38
2025-07-08,3.94,3.99,4.0,3.92,805409.98
2025-07-09,3.98,3.92,3.99,3.91,615892.0
2025-07-10,3.93,3.95,3.98,3.91,494405.0
2025-07-11,3.96,3.99,4.05,3.94,968354.43
2025-07-14,4.11,4.14,4.26,4.1,2024644.77
2025-07-15,4.12,4.04,4.14,4.01,1157227.16
2025-07-16,4.11,4.09,4.17,4.07,1239651.16
2025-07-17,4.12,4.16,4.23,4.11,1319374.77
2025-07-18,4.16,4.18,4.21,4.12,1014270.0
2025-07-21,4.18,4.15,4.18,4.12,916090.79
2025-07-22,4.14,4.13,4.17,4.09,815136.58
2025-07-23,4.12,4.06,4.15,4.05,748107.68
2025-07-24,4.05,4.14,4.14,4.05,808437.49
2025-07-25,4.15,4.11,4.18,4.09,726621.94
2025-07-28,4.12,4.13,4.17,4.09,811360.38
2025-07-29,4.14,4.17,4.23,4.07,1054436.43
2025-07-30,4.16,4.12,4.19,4.11,792365.86
2025-07-31,4.12,4.04,4.12,4.02,813960.72
2025-08-01,4.04,4.03,4.07,4.01,457872.07
2025-08-04,4.0,4.02,4.02,3.97,483422.39
2025-08-05,4.02,4.06,4.07,4.01,459497.32
2025-08-06,4.06,4.16,4.19,4.05,1165044.94
2025-08-07,4.15,4.19,4.21,4.13,1136083.95
2025-08-08,4.19,4.17,4.22,4.14,761027.3
2025-08-11,4.18,4.18,4.2,4.14,739238.71
2025-08-12,4.17,4.12,4.18,4.1,698097.0
2025-08-13,4.14,4.15,4.21,4.12,726233.52
2025-08-14,4.16,4.12,4.19,4.08,895518.34
2025-08-15,4.11,4.19,4.21,4.1,1183205.38
2025-08-18,4.2,4.28,4.3,4.17,1240420.16
2025-08-19,4.26,4.22,4.27,4.18,885341.91
2025-08-20,4.37,4.64,4.64,4.37,1309760.44
2025-08-21,4.68,4.52,4.75,4.5,2734199.36
2025-08-22,4.5,4.51,4.6,4.48,1226343.33
2025-08-25,4.52,4.48,4.6,4.46,1417174.68
2025-08-26,4.47,4.54,4.59,4.41,1266597.98
2025-08-27,4.54,4.41,4.58,4.41,1079784.11
2025-08-28,4.39,4.38,4.44,4.22,1448183.11
2025-08-29,4.34,4.39,4.42,4.31,949908.02
2025-09-01,4.4,4.36,4.42,4.3,751347.56
2025-09-02,4.36,4.32,4.37,4.24,776312.83
2025-09-03,4.31,4.18,4.31,4.16,693667.0
2025-09-04,4.22,4.16,4.26,4.09,751214.22
2025-09-05,4.17,4.26,4.26,4.15,588595.63
2025-09-08,4.23,4.3,4.35,4.22,661413.02
2025-09-09,4.28,4.24,4.31,4.21,533661.45
2025-09-10,4.25,4.21,4.28,4.2,422237.45
2025-09-11,4.22,4.25,4.25,4.16,499452.13
2025-09-12,4.25,4.24,4.28,4.21,582120.6
2025-09-15,4.23,4.22,4.27,4.2,444921.33
2025-09-16,4.22,4.3,4.3,4.18,778384.05
2025-09-17,4.28,4.26,4.29,4.23,468218.91
2025-09-18,4.26,4.29,4.44,4.24,1360803.11
2025-09-19,4.29,4.4,4.43,4.28,1354125.03
2025-09-22,4.4,4.74,4.84,4.34,4351982.34
2025-09-23,4.6,4.49,4.63,4.37,3099838.1
2025-09-24,4.47,4.4,4.47,4.32,1509700.22
2025-09-25,4.39,4.29,4.43,4.28,1161598.0
2025-09-26,4.27,4.32,4.43,4.23,1248892.0
2025-09-29,4.29,4.24,4.31,4.18,958041.87
2025-09-30,4.25,4.22,4.29,4.21,585815.4
2025-10-09,4.22,4.27,4.29,4.18,775965.88
2025-10-10,4.26,4.3,4.35,4.23,779965.92
2025-10-13,4.14,4.24,4.25,4.1,769950.53
2025-10-14,4.25,4.16,4.29,4.14,807374.62
2025-10-15,4.18,4.19,4.2,4.13,461720.98
2025-10-16,4.18,4.12,4.18,4.11,541608.62
2025-10-17,4.11,4.02,4.14,4.01,582485.0
2025-10-20,4.05,4.06,4.07,4.02,338063.0
2025-10-21,4.05,4.07,4.09,4.03,349579.62
2025-10-22,4.06,4.09,4.14,4.05,397983.01
2025-10-23,4.08,4.13,4.14,4.04,408470.44
2025-10-24,4.14,4.11,4.15,4.09,313103.0
2025-10-27,4.12,4.09,4.13,4.08,388304.6
2025-10-28,4.06,4.06,4.1,4.05,318500.0
2025-10-29,4.07,4.08,4.09,4.04,332783.51
2025-10-30,4.09,4.15,4.18,4.05,706124.7
2025-10-31,4.09,4.08,4.12,4.07,501897.79
2025-11-03,4.09,4.14,4.14,4.05,484609.95
2025-11-04,4.14,4.2,4.24,4.1,886859.69
2025-11-05,4.35,4.3,4.49,4.26,1319272.42
2025-11-06,4.29,4.24,4.33,4.23,745022.74
2025-11-07,4.22,4.24,4.3,4.22,522122.43
2025-11-10,4.23,4.33,4.36,4.22,825632.83
2025-11-11,4.35,4.27,4.35,4.26,566265.33
2025-11-12,4.27,4.17,4.27,4.16,664901.2
2025-11-13,4.19,4.29,4.31,4.18,870305.4
2025-11-14,4.21,4.14,4.27,4.14,988260.0
2025-11-17,4.12,4.15,4.17,4.09,542350.28
2025-11-18,4.14,4.07,4.14,4.04,652211.0
2025-11-19,4.06,4.05,4.1,4.03,390661.64
2025-11-20,4.05,4.03,4.07,4.02,288743.22
2025-11-21,4.01,3.91,4.04,3.83,804118.65
2025-11-24,3.91,3.91,3.92,3.84,371501.55
2025-11-25,3.92,3.89,3.93,3.88,482275.43
2025-11-26,3.89,3.9,3.93,3.87,303574.33
2025-11-27,3.89,3.88,3.91,3.87,252869.09
2025-11-28,3.88,3.9,3.91,3.84,281435.0
2025-12-01,3.89,3.92,3.92,3.88,289053.78
2025-12-02,3.92,3.89,3.92,3.87,251187.27
2025-12-03,3.88,3.84,3.9,3.83,321786.49
2025-12-04,3.84,3.79,3.85,3.78,333632.0
2025-12-05,3.78,3.85,3.85,3.77,293300.84
2025-12-08,3.84,3.84,3.87,3.83,241563.0
2025-12-09,3.86,3.85,3.9,3.84,321240.0
2025-12-10,3.83,3.84,3.86,3.81,229755.69
2025-12-11,3.83,3.98,4.19,3.8,1196308.88
2025-12-12,3.93,3.97,4.02,3.92,508320.87
2025-12-15,3.95,4.11,4.17,3.94,943820.27
2025-12-16,4.07,4.03,4.07,3.99,650900.11
2025-12-17,4.03,4.0,4.04,3.94,437570.14
2025-12-18,3.97,4.02,4.1,3.96,458943.42
2025-12-19,4.0,4.08,4.1,4.0,635236.93
2025-12-22,4.08,4.07,4.12,4.06,430321.55
2025-12-23,4.07,4.02,4.12,4.0,419400.0
2025-12-24,4.0,4.09,4.14,3.98,586580.0
2025-12-25,4.08,4.09,4.1,4.06,427237.0
2025-12-26,4.09,4.23,4.39,4.08,1555392.5
2025-12-29,4.45,4.65,4.65,4.43,2499354.9
2025-12-30,4.76,4.61,5.11,4.58,6210784.8
2025-12-31,4.61,4.53,4.71,4.42,3638615.94
2026-01-05,4.57,4.44,4.62,4.41,2319919.09
2026-01-06,4.42,4.48,4.49,4.36,1882222.99
2026-01-07,4.49,4.55,4.6,4.48,2013422.11
2026-01-08,4.49,4.65,4.77,4.48,2286285.61
2026-01-09,4.65,4.62,4.72,4.57,1735504.97
2026-01-12,4.7,4.77,4.8,4.66,2085987.46
2026-01-13,4.7,4.54,4.71,4.52,1762178.75
2026-01-14,4.56,4.52,4.63,4.46,1494000.79
2026-01-15,4.48,4.45,4.53,4.41,993438.78
2026-01-16,4.47,4.58,4.65,4.36,1966992.21
2026-01-19,4.7,4.71,4.73,4.53,2059115.31
2026-01-20,4.69,4.75,4.75,4.62,1510452.82
2026-01-21,4.73,4.68,4.73,4.61,1176202.01
2026-01-22,4.69,4.81,4.83,4.65,1778981.89
2026-01-23,4.86,4.99,5.06,4.81,2537595.84
2026-01-26,4.99,4.89,5.09,4.85,2071028.37
2026-01-27,4.86,4.92,4.96,4.8,1434163.75
2026-01-28,4.9,4.85,4.95,4.81,1030867.4
2026-01-29,4.84,4.91,5.03,4.8,1375843.63
2026-01-30,4.86,4.82,4.89,4.63,1468513.25
2026-02-02,4.77,4.58,4.79,4.58,1094295.5
2026-02-03,4.69,4.68,4.73,4.59,891800.42
2026-02-04,4.68,4.7,4.73,4.63,636766.13
2026-02-05,4.68,4.62,4.72,4.59,717371.0
2026-02-06,4.57,4.6,4.69,4.55,716664.08
2026-02-09,4.69,4.62,4.75,4.59,814411.35
2026-02-10,4.62,4.56,4.64,4.51,647936.18
2026-02-11,4.55,4.6,4.72,4.52,878169.41
2026-02-12,4.58,4.56,4.62,4.49,720154.0
2026-02-13,4.56,4.45,4.56,4.43,706582.74
2026-02-24,4.5,4.56,4.62,4.48,756364.1
2026-02-25,4.58,4.72,4.83,4.57,1171751.55
2026-02-26,4.72,4.73,4.79,4.66,716338.7
2026-02-27,4.7,4.72,4.78,4.69,580022.72
2026-03-02,4.61,4.58,4.68,4.49,1000580.6
2026-03-03,4.64,4.27,4.64,4.25,1326966.86
2026-03-04,4.22,4.28,4.35,4.2,727334.61
2026-03-05,4.36,4.34,4.42,4.3,579834.0
2026-03-06,4.3,4.42,4.45,4.29,575484.0
2026-03-09,4.4,4.31,4.42,4.23,737496.44
2026-03-10,4.34,4.39,4.43,4.34,578479.0
2026-03-11,4.41,4.56,4.62,4.4,1442703.63
2026-03-12,5.02,5.02,5.02,5.02,987311.97
2026-03-13,5.21,4.82,5.3,4.78,5674045.1
2026-03-16,4.82,5.1,5.3,4.81,5069040.32
2026-03-17,5.1,5.48,5.59,5.03,5811165.09
2026-03-18,5.2,5.05,5.21,4.95,3908728.91
2026-03-19,4.98,4.8,5.02,4.77,2875853.64
2026-03-20,4.8,4.46,4.89,4.45,2490860.98
2026-03-23,4.33,4.37,4.57,4.28,1807147.87
2026-03-24,4.5,4.65,4.76,4.4,2281725.9
2026-03-25,4.66,4.8,4.89,4.62,2078300.52
2026-03-26,4.83,4.7,4.94,4.68,1654892.26
2026-03-27,4.65,4.83,4.84,4.65,1331270.83
2026-03-30,4.78,4.83,4.85,4.67,1210552.63
2026-03-31,4.83,4.73,4.9,4.72,1156035.9
2026-04-01,4.85,4.8,4.89,4.75,1090857.74
2026-04-02,4.82,4.68,4.84,4.64,971466.61
2026-04-03,4.68,4.45,4.7,4.45,1047217.88
2026-04-07,4.55,4.72,4.75,4.52,1376274.81
2026-04-08,4.73,4.86,4.86,4.67,1348087.9
2026-04-09,4.81,5.02,5.17,4.79,2143150.08
2026-04-10,5.0,4.97,5.22,4.96,1847202.17
2026-04-13,4.98,5.06,5.07,4.91,1308380.4
2026-04-14,5.09,5.03,5.12,4.96,958265.5
2026-04-15,5.04,4.98,5.07,4.96,849773.55
2026-04-16,5.0,5.01,5.01,4.92,768971.72
2026-04-17,4.99,5.23,5.25,4.99,1953351.94
2026-04-20,5.23,5.4,5.49,5.14,2259710.26
2026-04-21,5.37,5.29,5.38,5.21,1385364.8
2026-04-22,5.3,5.28,5.34,5.21,1106584.61
2026-04-23,5.26,5.26,5.37,5.23,1267033.72
2026-04-24,5.22,5.13,5.27,5.06,1336205.21
2026-04-27,5.16,5.15,5.21,5.05,841365.67
2026-04-28,5.12,5.16,5.2,5.1,860154.12
2026-04-29,5.1,5.15,5.22,4.97,1135726.13
2026-04-30,5.2,5.11,5.23,5.05,814616.19
2026-05-06,5.17,5.34,5.35,5.15,1354212.36
2026-05-07,5.37,5.58,5.87,5.37,2437621.26
2026-05-08,5.52,5.49,5.59,5.46,1374863.84
2026-05-11,5.57,5.55,5.65,5.44,1323855.4
2026-05-12,5.54,5.43,5.54,5.36,1097208.02
2026-05-13,5.4,5.45,5.46,5.35,826207.25
2026-05-14,5.45,5.14,5.45,5.13,1294478.25
2026-05-15,5.16,5.09,5.23,5.03,1012605.55
2026-05-18,5.13,5.17,5.35,5.05,1236267.39
2026-05-19,5.15,4.92,5.15,4.86,1424209.26
2026-05-20,4.89,4.89,4.92,4.74,909872.44
2026-05-21,4.89,4.67,4.94,4.65,1061537.0
2026-05-22,4.72,4.8,4.83,4.67,823030.12
2026-05-25,4.84,4.71,4.87,4.66,811916.65
2026-05-26,4.7,4.6,4.71,4.49,894718.97
2026-05-27,4.59,4.44,4.63,4.4,748992.0
2026-05-28,4.43,4.6,4.61,4.41,852542.49
2026-05-29,4.7,4.46,4.76,4.43,1724457.61
2026-06-01,4.4,4.43,4.5,4.34,893431.53
2026-06-02,4.43,4.36,4.45,4.29,717125.37
2026-06-03,4.42,4.5,4.6,4.41,1087163.2
2026-06-04,4.42,4.38,4.47,4.34,763482.39
2026-06-05,4.36,4.48,4.58,4.34,1125503.85
2026-06-08,4.33,4.29,4.49,4.27,1012179.69
2026-06-09,4.33,4.31,4.34,4.16,781888.82
2026-06-10,4.26,4.17,4.29,4.11,767792.57
2026-06-11,4.12,4.11,4.19,4.07,597958.84
2026-06-12,4.18,4.23,4.3,4.11,798471.12
2026-06-15,4.25,4.29,4.35,4.24,613734.22
2026-06-16,4.28,4.34,4.37,4.24,653715.4
2026-06-17,4.33,4.31,4.4,4.27,579334.0
2026-06-18,4.32,4.23,4.37,4.22,618851.57
2026-06-22,4.24,4.35,4.35,4.14,777702.97
2026-06-23,4.31,4.25,4.42,4.22,679993.0
2026-06-24,4.26,4.32,4.36,4.21,803402.9
2026-06-25,4.29,4.15,4.29,4.13,933962.73
2026-06-26,4.14,4.03,4.21,4.03,702252.96
2026-06-29,4.16,4.2,4.43,4.11,1592949.54
2026-06-30,4.13,4.05,4.15,3.98,1135978.24
2026-07-01,4.02,4.05,4.11,3.94,977821.66
2026-07-02,4.0,4.07,4.14,3.98,756383.82
2026-07-03,4.06,4.15,4.19,4.04,789843.02
2026-07-06,4.13,4.02,4.13,4.01,761146.0
2026-07-07,4.05,3.9,4.05,3.9,615190.92
2026-07-08,3.88,3.79,3.9,3.78,527750.79
2026-07-09,3.8,3.75,3.83,3.69,543982.0
2026-07-10,3.76,3.78,3.87,3.69,584845.85
2026-07-13,3.77,3.59,3.79,3.57,679224.26
2026-07-14,3.55,3.66,3.67,3.53,524326.55
2026-07-15,3.64,3.7,3.71,3.62,431263.5
2026-07-16,3.69,3.68,3.73,3.64,416947.2
2026-07-17,3.67,3.57,3.73,3.57,571816.01
2026-07-20,3.59,3.55,3.66,3.49,506415.4
2026-07-21,3.55,3.65,3.65,3.54,595293.84
2026-07-22,3.62,3.61,3.65,3.57,453280.91
2026-07-23,3.62,3.73,3.74,3.6,577091.29
2026-07-24,3.7,3.58,3.74,3.58,518141.01
2026-07-27,3.56,3.66,3.67,3.56,366184.94
2026-07-28,3.64,3.67,3.69,3.61,366365.64
2026-07-29,3.69,3.75,3.77,3.65,484439.67
2026-07-30,3.73,3.77,3.8,3.71,424085.57
2026-07-31,3.75,3.77,3.81,3.74,422325.25
2026-08-03,3.8,3.84,3.84,3.75,407358.27
2026-08-04,3.84,3.8,3.85,3.79,402015.5
2026-08-05,3.82,3.82,3.84,3.79,407437.68
2026-08-06,3.84,3.78,3.88,3.73,522082.39
2026-08-07,3.78,3.77,3.79,3.71,449288.69
2026-08-10,3.79,3.85,3.85,3.77,591021.32
2026-08-11,3.85,3.8,3.85,3.79,375290.31
2026-08-12,3.8,3.8,3.82,3.77,310002.74
2026-08-13,3.8,3.75,3.83,3.74,500674.0
2026-08-14,3.77,3.77,3.84,3.73,427860.7
2026-08-17,3.78,3.81,3.81,3.71,424637.26
2026-08-18,3.82,3.73,3.82,3.72,414170.2
2026-08-19,3.71,3.6,3.72,3.59,491590.86
2026-08-20,3.63,3.66,3.69,3.61,294692.24
2026-08-21,3.64,3.67,3.68,3.61,257427.68
2026-08-24,3.67,3.64,3.7,3.6,333833.81
2026-08-25,3.63,3.7,3.71,3.61,414454.64
2026-08-26,3.7,3.76,3.79,3.69,465939.53
2026-08-27,3.71,3.68,3.72,3.62,707877.83
2026-08-28,3.67,3.78,3.85,3.66,796436.26
2026-08-31,3.76,3.73,3.78,3.68,528210.04
2026-09-01,3.73,3.77,3.8,3.72,514247.98
2026-09-02,3.76,3.72,3.77,3.69,378225.88
2026-09-03,3.73,3.69,3.79,3.69,472848.0
2026-09-04,3.76,3.82,3.98,3.76,1332883.8
2026-09-07,3.83,3.73,3.84,3.72,803732.92
2026-09-08,3.72,3.75,3.77,3.69,635224.06
2026-09-09,3.74,3.74,3.75,3.7,422636.2
2026-09-10,3.71,3.65,3.72,3.64,505357.48
2026-09-11,3.61,3.55,3.62,3.5,564041.38
2026-09-14,3.52,3.54,3.56,3.51,214301.0
2026-09-15,3.53,3.49,3.54,3.49,330658.91
2026-09-16,3.49,3.52,3.55,3.44,302584.32
2026-09-17,3.5,3.49,3.53,3.47,248063.43
2026-09-18,3.51,3.54,3.61,3.49,412443.53
