date,open,close,high,low,volume
2013-01-04,6.07,5.89,6.07,5.84,19535.88
2013-01-07,5.9,6.01,6.02,5.9,15812.31
2013-01-08,6.0,6.03,6.06,5.91,14194.97
2013-01-09,6.02,5.95,6.04,5.94,10273.71
2013-01-10,5.98,6.08,6.09,5.94,18999.81
2013-01-11,6.09,5.94,6.15,5.87,16916.99
2013-01-14,5.93,6.08,6.09,5.93,13612.92
2013-01-15,6.03,6.16,6.17,6.03,18616.7
2013-01-16,6.16,6.11,6.21,6.03,14981.8
2013-01-17,6.11,5.97,6.13,5.95,9323.68
2013-01-18,5.97,6.03,6.08,5.94,10473.48
2013-01-21,6.02,5.91,6.1,5.86,26521.96
2013-01-22,5.91,5.97,6.02,5.88,22898.57
2013-01-23,5.94,5.89,6.0,5.83,14099.95
2013-01-24,5.9,5.69,5.94,5.65,16189.57
2013-01-25,5.73,5.7,5.75,5.68,6181.48
2013-01-28,5.7,5.84,5.85,5.7,9774.09
2013-01-29,5.84,5.84,5.85,5.76,9335.38
2013-01-30,5.84,5.9,5.91,5.81,11315.32
2013-01-31,5.93,6.12,6.14,5.87,26452.54
2013-02-01,6.12,6.35,6.53,6.03,54436.38
2013-02-04,6.33,6.55,6.56,6.24,42692.1
2013-02-05,6.49,6.48,6.56,6.32,30835.87
2013-02-06,6.41,6.48,6.5,6.39,21593.29
2013-02-07,6.46,6.48,6.51,6.4,14892.92
2013-02-08,6.48,6.62,6.65,6.48,18959.57
2013-02-18,6.63,6.48,6.63,6.4,16111.86
2013-02-19,6.48,6.48,6.51,6.32,13625.99
2013-02-20,6.48,6.58,6.61,6.38,8984.41
2013-02-21,6.59,6.44,6.59,6.35,8540.42
2013-02-22,6.45,6.32,6.45,6.3,6085.71
2013-02-25,6.33,6.35,6.39,6.28,6222.92
2013-02-26,6.32,6.31,6.44,6.27,8260.53
2013-02-27,6.35,6.17,6.37,6.12,11605.26
2013-02-28,6.19,6.27,6.28,6.15,6323.45
2013-03-01,6.25,6.68,6.71,6.22,25275.51
2013-03-04,6.74,6.59,6.81,6.52,24168.97
2013-03-05,6.59,6.62,6.76,6.49,19284.41
2013-03-06,6.63,6.81,6.81,6.56,24296.1
2013-03-07,6.78,6.62,6.78,6.5,13387.17
2013-03-08,6.64,6.53,6.65,6.47,6852.61
2013-03-11,6.53,6.58,6.63,6.51,6591.03
2013-03-12,6.59,6.27,6.59,6.15,13104.23
2013-03-13,6.28,6.28,6.33,6.18,4778.08
2013-03-14,6.29,6.28,6.33,6.23,4352.25
2013-03-15,6.26,6.27,6.43,6.2,4857.0
2013-03-18,6.23,6.33,6.39,6.23,6020.37
2013-03-19,6.31,6.38,6.4,6.25,5662.1
2013-03-20,6.4,6.53,6.57,6.34,11379.1
2013-03-21,6.49,6.62,6.62,6.44,15947.33
2013-03-22,6.6,6.59,6.69,6.49,19471.06
2013-03-25,6.62,6.63,6.64,6.56,13198.6
2013-03-26,6.62,6.53,6.62,6.48,10239.21
2013-03-27,6.5,6.38,6.59,6.34,9480.73
2013-03-28,6.3,6.19,6.46,6.18,10088.05
2013-03-29,6.26,6.17,6.26,6.12,6335.08
2013-04-01,6.14,6.31,6.34,6.14,6756.98
2013-04-02,6.3,6.18,6.37,6.17,5187.02
2013-04-03,6.19,6.24,6.33,6.15,6012.77
2013-04-08,6.29,6.37,6.38,6.17,8708.64
2013-04-09,6.33,6.33,6.33,6.26,7354.27
2013-04-10,6.3,6.25,6.3,6.17,3867.99
2013-04-11,6.24,6.27,6.3,6.15,6170.48
2013-04-12,6.23,6.16,6.25,6.12,5504.84
2013-04-15,6.22,6.04,6.22,6.01,4571.0
2013-04-16,6.04,6.07,6.08,5.97,4104.93
2013-04-17,6.07,6.04,6.09,5.91,5711.06
2013-04-18,6.0,6.05,6.08,6.0,3401.02
2013-04-19,6.09,6.26,6.27,6.04,12147.0
2013-04-22,6.25,6.35,6.35,6.2,9190.1
2013-04-23,6.34,6.33,6.38,6.19,7611.9
2013-04-24,6.33,6.46,6.47,6.3,12221.18
2013-04-25,6.42,6.37,6.46,6.3,6563.75
2013-04-26,6.45,6.33,6.51,6.32,7234.48
2013-05-02,6.29,6.55,6.55,6.29,13963.47
2013-05-03,6.56,6.49,6.66,6.49,19536.04
2013-05-06,6.52,6.55,6.59,6.42,17102.05
2013-05-07,6.53,6.6,6.61,6.48,13624.57
2013-05-08,6.58,6.53,6.61,6.48,11204.09
2013-05-09,6.51,6.53,6.59,6.41,12088.8
2013-05-10,6.53,6.56,6.58,6.48,8369.81
2013-05-13,6.58,6.69,6.71,6.55,26140.11
2013-05-14,6.69,6.64,6.76,6.6,14394.73
2013-05-15,6.66,6.65,6.68,6.59,9216.19
2013-05-16,6.6,6.65,6.69,6.54,15173.62
2013-05-17,6.64,6.68,6.71,6.58,13297.77
2013-05-20,6.7,6.83,6.84,6.62,28771.42
2013-05-21,6.83,6.94,6.96,6.75,23749.56
2013-05-22,6.94,6.86,6.95,6.84,13889.31
2013-05-23,6.86,6.66,6.86,6.62,22915.96
2013-05-24,6.67,6.68,6.74,6.56,19839.06
2013-05-27,6.67,7.2,7.2,6.64,43349.22
2013-06-27,6.48,6.66,6.91,6.48,88666.46
2013-06-28,6.4,6.12,6.4,5.99,60408.07
2013-07-01,6.04,6.08,6.1,5.84,26155.7
2013-07-02,6.09,6.29,6.4,6.02,34195.34
2013-07-03,6.22,6.23,6.3,6.03,20927.54
2013-07-04,6.12,6.33,6.44,6.12,27529.32
2013-07-05,6.33,6.34,6.4,6.27,12330.8
2013-07-08,6.3,6.33,6.36,6.12,11680.36
2013-07-09,6.28,6.33,6.42,6.21,10945.61
2013-07-10,6.26,6.5,6.5,6.24,18047.41
2013-07-11,6.46,6.7,6.81,6.44,27423.59
2013-07-12,6.74,6.66,6.86,6.64,16548.53
2013-07-15,6.58,6.83,6.89,6.58,12084.82
2013-07-16,6.82,6.84,6.9,6.76,10058.58
2013-07-17,6.81,6.73,6.86,6.61,10294.49
2013-07-18,6.69,7.09,7.16,6.63,22324.07
2013-07-19,7.06,7.15,7.53,6.99,35295.33
2013-07-22,7.15,7.35,7.4,7.07,21084.15
2013-07-23,7.35,7.39,7.56,7.28,21210.98
2013-07-24,7.27,7.54,7.74,7.27,48156.85
2013-07-25,7.56,7.41,7.77,7.35,23793.98
2013-07-26,7.4,7.46,7.51,7.16,23915.85
2013-07-29,7.45,7.35,7.51,7.3,14712.09
2013-07-30,7.35,7.92,7.94,7.3,48482.3
2013-07-31,7.88,7.82,8.02,7.7,33407.47
2013-08-01,7.75,8.06,8.1,7.74,30842.79
2013-08-02,8.04,8.12,8.15,7.99,24065.57
2013-08-05,8.13,8.31,8.46,8.08,32686.02
2013-08-06,8.35,8.32,8.44,8.19,17337.78
2013-08-07,8.27,8.08,8.41,7.97,32131.76
2013-08-08,8.12,8.13,8.35,8.02,21501.46
2013-08-09,8.17,8.1,8.33,7.94,18991.54
2013-08-12,8.09,8.2,8.3,8.02,23182.75
2013-08-13,8.17,8.15,8.17,7.94,19969.31
2013-08-14,8.15,8.1,8.2,7.95,19391.02
2013-08-15,8.03,8.04,8.12,7.94,11453.02
2013-08-16,7.96,7.97,8.14,7.92,14158.28
2013-08-19,7.92,7.94,8.0,7.69,21579.22
2013-08-20,7.99,7.79,8.0,7.76,10406.59
2013-08-21,7.81,7.85,7.94,7.7,12628.81
2013-08-22,7.86,7.88,7.92,7.79,8140.49
2013-08-23,7.9,7.99,8.17,7.86,27115.72
2013-08-26,8.02,8.02,8.17,7.9,17952.41
2013-08-27,8.02,8.12,8.16,8.02,12852.43
2013-08-28,7.99,7.61,8.11,7.56,25860.76
2013-08-29,7.61,7.56,7.72,7.43,21545.08
2013-08-30,7.56,7.3,7.56,7.3,18426.15
2013-09-02,7.33,7.41,7.51,7.28,10127.15
2013-09-03,7.47,7.56,7.56,7.31,16894.39
2013-09-04,7.53,7.55,7.57,7.47,8179.01
2013-09-05,7.6,7.77,7.79,7.48,17004.02
2013-09-06,7.7,7.78,7.91,7.7,11518.51
2013-09-09,7.78,7.76,7.81,7.65,8134.39
2013-09-10,7.86,7.81,7.86,7.71,8128.6
2013-09-11,7.81,7.77,7.83,7.6,16376.64
2013-09-12,7.73,7.81,7.89,7.67,6486.98
2013-09-13,7.78,7.81,7.83,7.69,8640.4
2013-09-16,7.84,8.06,8.24,7.7,17251.12
2013-09-17,8.12,8.0,8.14,7.92,10766.9
2013-09-18,7.97,8.02,8.08,7.95,7168.57
2013-09-23,8.05,8.18,8.28,8.05,15598.88
2013-09-24,8.25,8.14,8.25,8.11,9328.74
2013-09-25,8.1,7.74,8.1,7.69,21480.57
2013-09-26,7.74,7.7,7.84,7.66,14372.24
2013-09-27,7.7,7.81,7.81,7.61,14732.75
2013-09-30,7.81,7.81,7.84,7.63,10095.76
2013-10-08,7.81,7.93,8.04,7.71,11808.07
2013-10-09,7.92,8.07,8.1,7.86,18740.98
2013-10-10,8.06,7.95,8.12,7.9,12750.61
2013-10-11,8.01,8.21,8.24,7.99,21811.9
2013-10-14,8.17,8.67,8.73,8.15,36006.06
2013-10-15,8.7,8.72,8.74,8.52,16067.31
2013-10-16,8.72,8.51,8.72,8.45,15309.01
2013-10-17,8.56,8.79,9.05,8.56,28433.62
2013-10-18,8.79,8.74,9.07,8.68,19509.07
2013-10-21,8.78,8.75,8.89,8.53,17280.83
2013-10-22,8.75,8.6,8.77,8.56,14963.5
2013-10-23,8.6,8.17,8.63,8.14,19117.1
2013-10-24,8.17,8.22,8.29,8.1,9588.03
2013-10-25,8.2,8.22,8.49,8.15,23191.43
2013-10-28,8.23,7.86,8.35,7.82,14667.94
2013-10-29,7.84,7.61,8.0,7.33,12436.9
2013-10-30,7.64,7.84,7.93,7.64,8636.7
2013-10-31,7.92,7.86,7.92,7.79,3945.66
2013-11-01,7.86,7.83,7.86,7.71,4699.1
2013-11-04,7.83,7.79,7.9,7.76,6910.04
2013-11-05,7.72,7.79,7.81,7.56,9198.99
2013-11-06,7.74,7.66,7.79,7.65,6017.3
2013-11-07,7.68,7.43,7.68,7.42,6860.83
2013-11-08,7.35,7.45,7.62,7.35,5887.06
2013-11-11,7.45,7.33,7.54,7.25,9465.92
2013-11-12,7.33,7.47,7.48,7.3,5404.85
2013-11-13,7.49,7.38,7.49,7.34,4464.31
2013-11-14,7.35,7.45,7.53,7.32,4655.09
2013-11-15,7.48,7.66,7.77,7.48,10552.2
2013-11-18,7.74,7.84,7.97,7.66,8343.1
2013-11-19,7.92,7.85,8.04,7.76,8382.13
2013-11-20,7.85,7.86,7.9,7.75,6279.22
2013-11-21,7.82,7.76,7.84,7.63,6453.17
2013-11-22,7.76,7.69,7.78,7.66,5488.0
2013-11-25,7.68,7.74,7.75,7.66,6099.29
2013-11-26,7.74,7.79,7.79,7.69,5871.21
2013-11-27,7.77,7.97,8.04,7.74,13998.36
2013-11-28,8.0,8.04,8.05,7.91,15697.59
2013-11-29,7.99,7.95,8.0,7.88,20222.99
2013-12-02,7.79,7.41,7.8,7.35,13968.82
2013-12-03,7.44,7.56,7.59,7.43,5659.65
2013-12-04,7.54,7.61,7.69,7.49,8285.97
2013-12-05,7.6,7.53,7.64,7.44,13956.53
2013-12-06,7.53,7.69,7.74,7.45,11818.82
2013-12-09,7.74,7.69,7.74,7.63,4975.8
2013-12-10,7.7,7.66,7.7,7.58,6439.03
2013-12-11,7.63,7.54,7.63,7.51,4927.58
2013-12-12,7.54,7.68,7.74,7.54,10304.57
2013-12-13,7.74,7.67,7.74,7.63,6781.32
2013-12-16,7.69,7.56,7.69,7.5,7691.07
2013-12-17,7.54,7.56,7.65,7.51,3900.08
2013-12-18,7.61,7.59,7.63,7.52,4314.07
2013-12-19,7.65,7.45,7.65,7.41,4236.0
2013-12-20,7.47,7.38,7.51,7.34,3508.78
2013-12-23,7.3,7.35,7.38,7.11,6752.45
2013-12-24,7.43,7.63,8.09,7.4,10080.21
2013-12-25,7.59,7.58,7.79,7.53,6903.02
2013-12-26,7.63,7.5,7.63,7.48,7529.98
2013-12-27,7.47,7.58,7.63,7.47,3590.94
2013-12-30,7.65,7.65,7.74,7.53,6694.07
2014-01-02,7.8,7.8,8.08,7.7,12045.97
2014-01-03,7.76,7.63,7.76,7.57,8181.0
2014-01-06,7.63,7.33,7.63,7.32,7665.87
2014-01-07,7.24,7.52,7.54,7.24,6454.56
2014-01-08,7.53,7.48,7.6,7.45,4718.0
2014-01-09,7.44,7.31,7.54,7.28,3573.0
2014-01-10,7.31,6.98,7.32,6.92,7249.19
2014-01-13,7.02,6.86,7.11,6.8,8052.88
2014-01-14,6.94,7.06,7.07,6.84,4675.43
2014-01-15,6.98,7.03,7.09,6.98,3393.1
2014-01-16,7.0,7.11,7.15,7.0,3263.48
2014-01-17,7.06,7.05,7.12,6.97,4222.12
2014-01-20,6.97,6.99,7.05,6.87,4136.36
2014-01-21,6.98,7.04,7.09,6.96,3832.0
2014-01-22,7.04,7.14,7.23,7.02,8119.58
2014-01-23,7.14,7.1,7.18,7.08,12987.63
2014-01-24,7.12,7.27,7.33,7.08,17141.78
2014-01-27,7.19,7.11,7.2,7.07,11166.8
2014-01-28,7.09,7.02,7.19,7.02,12768.16
2014-01-29,7.02,6.99,7.05,6.84,14305.89
2014-01-30,6.98,6.89,7.0,6.87,13524.33
2014-02-07,6.91,6.98,6.99,6.82,10013.84
2014-02-10,6.95,7.15,7.18,6.95,22511.03
2014-02-11,7.16,7.27,7.39,7.12,36444.22
2014-02-12,7.23,7.63,7.71,7.2,69228.33
2014-02-13,7.56,7.6,7.74,7.48,37422.41
2014-02-14,7.66,7.69,7.74,7.53,20042.81
2014-02-17,7.71,8.43,8.46,7.67,74544.74
2014-02-18,8.35,8.37,8.63,8.21,46055.85
2014-02-19,8.3,8.35,8.42,8.1,27133.41
2014-02-20,8.33,8.24,8.7,8.22,41344.73
2014-02-21,8.29,8.33,8.67,8.22,34000.1
2014-02-24,8.32,8.5,8.61,8.22,21415.13
2014-02-25,8.47,8.39,8.89,8.28,38790.61
2014-02-26,8.33,8.36,8.51,7.92,29714.49
2014-02-27,8.31,8.47,8.85,8.31,26797.11
2014-02-28,8.33,8.42,8.59,8.21,18130.48
2014-03-03,8.35,8.67,8.71,8.35,22767.13
2014-03-04,8.58,8.67,8.84,8.53,32364.44
2014-03-05,8.66,8.69,8.77,8.59,28475.87
2014-03-06,8.73,8.51,8.73,8.31,22566.43
2014-03-07,8.51,8.3,8.53,8.27,22587.81
2014-03-10,8.22,7.86,8.24,7.8,23228.02
2014-03-11,7.71,7.82,7.94,7.69,9839.92
2014-03-12,7.83,7.74,7.92,7.57,8286.07
2014-03-13,7.81,7.86,7.9,7.76,5588.85
2014-03-14,7.83,8.02,8.04,7.83,8269.17
2014-03-17,8.02,8.11,8.12,7.95,7762.85
2014-03-18,8.11,8.04,8.2,8.04,6788.51
2014-03-19,8.03,7.99,8.08,7.92,4975.93
2014-03-20,8.0,7.79,8.12,7.75,9298.77
2014-03-21,7.6,7.94,7.99,7.6,8559.09
2014-03-24,8.12,7.99,8.12,7.79,7439.98
2014-03-25,7.99,8.02,8.06,7.95,6465.73
2014-03-26,8.06,8.07,8.12,8.02,6206.09
2014-03-27,8.07,8.0,8.12,7.99,6025.72
2014-03-28,8.02,7.77,8.02,7.71,7429.63
2014-03-31,7.84,7.91,7.95,7.71,4512.41
2014-04-01,7.78,7.89,7.92,7.78,8161.23
2014-04-02,7.86,7.92,7.97,7.84,5819.67
2014-04-03,7.91,7.91,8.1,7.84,6002.1
2014-04-04,7.88,8.07,8.09,7.86,10068.38
2014-04-08,8.06,8.19,8.23,8.01,14294.04
2014-04-09,8.22,8.31,8.32,8.15,10455.29
2014-04-10,8.28,8.28,8.37,8.25,9430.59
2014-04-11,8.26,8.06,8.27,8.03,18749.02
2014-04-14,8.05,8.16,8.17,8.03,10826.32
2014-04-15,8.14,8.17,8.23,8.06,7084.55
2014-04-16,8.17,8.12,8.21,8.1,5813.31
2014-04-17,8.16,8.13,8.18,8.07,6031.1
2014-04-18,8.06,8.07,8.16,8.04,7324.4
2014-04-21,8.06,8.04,8.15,7.99,5184.89
2014-04-22,7.56,7.89,8.08,7.56,6155.0
2014-04-23,7.92,7.81,7.97,7.79,3381.61
2014-04-24,7.83,7.75,7.84,7.74,3105.01
2014-04-25,7.69,7.46,7.78,7.43,7709.93
2014-04-28,7.46,7.25,7.46,7.12,8741.99
2014-04-29,7.4,7.33,7.4,7.2,4063.93
2014-04-30,7.41,7.48,7.49,7.34,3929.18
2014-05-05,7.48,7.63,7.63,7.35,7737.52
2014-05-06,7.63,7.59,7.69,7.58,4646.12
2014-05-07,7.64,7.62,7.73,7.53,6462.57
2014-05-08,7.62,7.59,7.63,7.45,4606.03
2014-05-09,7.54,7.61,7.62,7.47,3939.29
2014-05-12,7.66,7.69,7.7,7.55,6766.78
2014-05-13,7.67,7.76,7.87,7.63,8258.23
2014-05-14,7.77,7.8,7.84,7.76,4889.38
2014-05-15,7.76,7.69,7.79,7.64,5614.11
2014-05-16,7.49,7.66,7.73,7.49,3201.81
2014-05-19,7.74,7.69,7.74,7.45,5818.35
2014-05-20,7.66,7.88,8.42,7.66,11300.18
2014-05-21,7.81,7.84,7.88,7.7,3980.14
2014-05-22,7.8,7.73,7.89,7.7,4683.19
2014-05-23,7.73,7.77,7.81,7.7,3462.06
2014-05-26,7.79,7.98,7.98,7.79,6868.25
2014-05-27,7.92,8.08,8.13,7.92,11776.8
2014-05-28,8.04,8.06,8.14,8.04,7332.95
2014-05-29,8.1,8.03,8.1,8.01,6664.82
2014-05-30,8.02,8.1,8.15,8.02,6266.33
2014-06-03,8.1,8.06,8.1,7.92,3551.67
2014-06-04,8.02,7.9,8.08,7.86,6005.28
2014-06-05,8.1,7.97,8.1,7.84,4295.83
2014-06-06,7.94,7.94,8.02,7.92,3154.72
2014-06-09,7.84,7.89,7.94,7.84,2961.91
2014-06-10,7.89,8.04,8.08,7.89,4831.28
2014-06-11,7.99,8.02,8.07,7.96,2631.77
2014-06-12,8.02,8.06,8.06,7.97,4320.11
2014-06-13,8.07,8.12,8.18,8.03,9343.93
2014-06-16,8.14,8.06,8.14,8.02,9095.45
2014-06-17,8.03,8.04,8.06,7.99,6113.52
2014-06-18,8.06,7.94,8.06,7.94,6328.38
2014-06-19,7.94,7.77,7.97,7.71,10024.51
2014-06-20,7.63,7.86,7.88,7.63,3916.08
2014-06-23,7.86,7.94,8.02,7.81,3507.95
2014-06-24,7.94,7.92,8.0,7.88,2750.56
2014-06-25,7.87,7.89,8.01,7.81,3271.59
2014-06-26,7.89,7.96,7.97,7.86,5490.49
2014-06-27,7.93,8.06,8.1,7.89,7046.92
2014-06-30,8.06,8.33,8.4,8.06,25481.06
2014-07-01,8.3,8.31,8.35,8.24,9209.25
2014-07-02,8.35,8.33,8.36,8.24,8441.78
2014-07-03,8.35,8.28,8.39,8.22,9910.28
2014-07-04,8.29,8.25,8.31,8.14,8610.15
2014-07-07,8.19,8.22,8.35,8.17,7997.09
2014-07-08,8.2,8.29,8.3,8.17,9512.1
2014-07-09,8.32,8.14,8.32,8.12,10024.0
2014-07-10,8.12,8.16,8.21,8.07,7381.59
2014-07-11,8.1,8.22,8.25,8.1,6495.88
2014-07-14,8.22,8.24,8.24,8.13,8432.45
2014-07-15,8.24,8.45,8.56,8.22,24796.31
2014-07-16,8.4,8.4,8.49,8.32,11489.97
2014-07-17,8.4,8.62,8.67,8.35,25332.0
2014-07-18,8.59,8.66,8.69,8.55,20839.79
2014-07-21,8.66,8.48,8.66,8.43,11934.55
2014-07-22,8.4,8.51,8.54,8.35,8819.93
2014-07-23,8.53,8.39,8.53,8.3,9201.41
2014-07-24,8.25,8.28,8.41,8.25,8528.15
2014-07-25,8.27,8.53,8.53,8.27,10063.62
2014-07-28,8.53,8.63,8.65,8.49,15754.79
2014-07-29,8.63,8.82,8.92,8.54,27472.35
2014-07-30,8.74,8.81,8.84,8.63,14239.75
2014-07-31,8.81,8.78,8.85,8.7,11009.76
2014-08-01,8.78,8.63,8.85,8.58,18065.27
2014-08-04,8.69,9.35,9.35,8.63,51615.13
2014-08-05,9.35,9.35,9.45,9.18,34125.21
2014-08-06,9.32,9.4,9.45,9.27,25142.58
2014-08-07,9.42,9.32,9.45,9.22,22769.04
2014-08-08,9.34,9.67,9.71,9.21,36216.75
2014-08-11,9.71,9.66,9.9,9.51,22061.6
2014-08-12,9.66,9.68,9.69,9.54,13609.22
2014-08-13,9.71,9.61,9.84,9.43,17712.75
2014-08-14,9.61,9.45,9.64,9.41,11476.45
2014-08-15,9.43,9.46,9.57,9.29,13158.54
2014-08-18,9.43,9.3,9.44,9.21,36952.36
2014-08-19,9.32,9.31,9.4,9.2,32822.56
2014-08-20,9.28,9.32,9.41,9.22,28717.94
2014-08-21,9.32,9.28,9.39,9.23,26237.09
2014-08-22,9.3,9.17,9.35,9.12,32870.95
2014-08-25,9.16,9.38,9.53,9.09,41300.95
2014-08-26,9.32,9.06,9.38,8.97,24742.73
2014-08-27,9.07,9.15,9.2,8.93,11766.83
2014-08-28,9.07,9.19,9.24,9.02,10176.95
2014-08-29,9.1,9.45,9.48,9.07,16187.26
2014-09-01,9.44,9.51,9.56,9.28,21928.89
2014-09-02,9.49,9.53,9.53,9.39,19550.24
2014-09-03,9.48,9.6,9.62,9.46,23827.1
2014-09-04,9.59,9.47,9.59,9.43,27149.81
2014-09-05,9.5,9.42,9.51,9.28,33441.99
2014-09-09,9.37,9.43,9.45,9.31,25729.62
2014-09-10,9.39,9.89,9.94,9.39,55954.49
2014-09-11,9.81,10.1,10.24,9.81,62738.19
2014-09-12,10.1,10.12,10.18,9.94,22483.22
2014-09-15,10.04,10.07,10.33,10.0,32530.41
2014-09-16,10.07,9.76,10.16,9.74,33546.67
2014-09-17,9.84,9.92,9.96,9.76,23453.23
2014-09-18,9.92,9.94,10.04,9.79,14118.54
2014-09-19,9.82,10.11,10.16,9.82,17534.56
2014-09-22,10.05,10.08,10.18,9.99,18046.19
2014-09-23,10.11,10.17,10.2,10.07,14418.17
2014-09-24,10.16,10.36,10.5,10.06,21228.79
2014-09-25,10.37,10.69,11.09,10.37,72148.53
2014-09-26,10.67,10.77,10.89,10.44,28331.94
2014-09-29,10.78,10.58,11.12,10.51,38848.37
2014-09-30,10.61,10.77,10.79,10.48,19214.78
2014-10-08,10.77,10.91,11.0,10.71,23673.4
2014-10-09,10.94,11.05,11.42,10.92,50366.65
2014-10-10,11.01,12.15,12.15,10.93,95656.97
2014-10-13,12.44,12.76,13.0,12.41,117683.11
2014-10-14,12.78,14.03,14.03,12.45,115565.17
2014-10-15,14.33,14.06,14.33,13.61,104717.35
2014-10-16,13.92,13.48,14.05,13.38,89813.46
2014-10-17,13.38,12.72,13.38,12.3,90198.13
2014-10-20,12.88,13.35,13.6,12.78,79043.69
2014-10-21,13.37,13.1,13.49,12.81,54236.58
2014-10-22,13.02,12.59,13.08,12.59,38475.08
2014-10-23,12.51,12.44,12.58,12.07,43138.18
2014-10-24,12.48,12.52,12.54,12.13,23692.39
2014-10-27,12.29,13.03,13.38,12.25,65286.0
2014-10-28,13.05,13.32,13.42,12.88,38215.14
2014-10-29,13.35,13.97,14.15,13.23,69552.4
2014-10-30,13.89,13.93,14.28,13.74,39647.45
2014-10-31,13.76,13.42,14.07,13.26,37045.75
2014-11-03,13.48,13.82,13.95,13.25,29925.49
2014-11-04,13.82,14.04,14.38,13.68,42405.9
2014-11-05,13.92,13.78,14.1,13.38,16456.27
2014-11-06,13.67,13.44,13.86,13.31,16231.86
2014-11-07,13.44,13.17,13.58,13.01,25159.32
2014-11-10,13.14,13.06,13.31,12.79,20988.43
2014-11-11,13.11,13.32,13.35,12.82,21983.39
2014-11-12,13.3,13.23,13.38,13.07,11188.47
2014-11-13,13.17,12.47,13.35,12.38,50504.97
2014-11-14,12.49,12.33,12.59,12.15,23569.44
2014-11-17,12.33,12.85,12.91,12.23,18450.47
2014-11-18,12.77,13.28,13.33,12.74,20057.51
2014-11-19,13.28,13.23,13.41,13.14,11823.24
2014-11-20,13.23,12.94,13.23,12.92,8072.2
2014-11-21,12.92,12.83,13.07,12.78,11070.55
2014-11-24,13.07,13.05,13.09,12.82,19776.52
2014-11-25,13.04,13.82,13.98,13.01,28057.39
2014-11-26,13.82,13.98,14.32,13.68,29282.58
2014-11-27,13.98,15.38,15.38,13.92,22640.56
2015-06-11,16.92,16.92,16.92,16.92,399.68
2015-06-12,18.61,18.61,18.61,18.61,146.94
2015-06-15,20.47,20.47,20.47,20.47,21.03
2015-06-16,22.52,22.52,22.52,22.52,71.6
2015-06-17,24.77,24.77,24.77,24.77,368.08
2015-06-18,27.25,27.25,27.25,26.62,15764.73
2015-06-19,26.62,29.98,29.98,25.9,176919.75
2015-06-23,28.84,26.98,31.42,26.98,85890.85
2015-06-24,27.02,28.78,29.68,27.02,83946.04
2015-06-25,28.16,28.83,31.58,27.06,80530.74
2015-06-26,27.2,25.95,28.55,25.95,51908.95
2015-06-29,26.28,23.35,26.62,23.35,30381.52
2015-06-30,21.02,25.51,25.69,21.02,85025.03
2015-07-01,25.54,22.96,26.83,22.96,40849.32
2015-07-02,21.67,20.67,22.94,20.67,32891.95
2015-07-03,18.97,18.6,20.67,18.6,29151.62
2015-07-06,20.15,16.74,20.15,16.74,46157.54
2015-07-07,15.07,15.07,15.07,15.07,5607.0
2015-07-08,13.56,13.56,13.56,13.56,826.0
2015-07-09,12.21,14.92,14.92,12.21,139134.46
2015-07-10,15.69,16.41,16.41,14.5,104252.99
2015-07-13,16.41,18.05,18.05,16.01,72845.5
2015-07-14,18.33,19.0,19.86,17.64,93401.75
2015-07-15,17.62,17.1,18.43,17.1,26362.8
2015-07-16,15.38,16.04,17.92,15.38,129787.86
2015-07-17,15.83,16.72,17.11,14.97,143688.15
2015-07-20,16.33,18.31,18.31,15.91,143649.72
2015-07-21,17.63,18.55,19.6,17.28,136495.56
2015-07-22,18.46,20.41,20.41,17.89,165363.61
2015-07-23,20.87,21.52,22.31,19.95,138617.49
2015-07-24,20.94,20.11,22.2,19.9,91543.94
2015-07-27,19.43,18.1,20.58,18.1,75385.72
2015-07-28,16.29,16.46,18.06,16.29,162112.02
2015-07-29,17.04,17.46,17.49,15.04,104553.42
2015-07-30,17.18,15.85,17.49,15.76,83382.72
2015-07-31,15.26,14.36,15.79,14.27,74627.56
2015-08-03,13.82,13.0,14.86,12.92,82498.61
2015-08-04,13.22,14.31,14.31,13.18,84290.41
2015-08-05,14.61,14.74,15.49,14.4,112616.1
2015-08-06,14.28,14.95,15.41,13.89,78127.13
2015-08-07,14.97,15.93,15.94,14.97,66688.85
2015-08-10,16.47,17.36,17.52,15.97,91386.56
2015-08-11,17.36,17.21,17.97,16.69,120694.67
2015-08-12,16.9,16.38,17.44,16.33,57906.49
2015-08-13,16.19,17.49,17.99,15.72,76342.92
2015-08-14,17.49,18.58,18.91,17.49,92838.63
2015-08-17,18.35,19.45,19.92,18.03,85778.16
2015-08-18,19.46,17.51,19.82,17.51,77464.61
2015-08-19,15.87,17.18,17.9,15.76,77739.0
2015-08-20,16.97,15.75,16.97,15.74,58232.88
2015-08-21,15.13,14.2,15.54,14.18,50304.17
2015-08-24,13.34,12.78,13.68,12.78,30303.89
2015-08-25,11.51,11.5,12.09,11.5,57469.41
2015-08-26,11.59,11.0,12.23,10.8,67086.31
2015-08-27,11.36,11.66,11.69,10.07,86344.62
2015-08-28,11.87,12.68,12.77,11.74,70721.89
2015-08-31,12.43,11.73,13.16,11.73,75673.6
2015-09-01,11.59,10.56,11.59,10.56,54085.01
2015-09-02,10.04,10.43,11.07,9.79,52239.35
2015-09-07,10.59,10.88,11.23,10.59,40859.93
2015-09-08,11.0,11.89,11.97,10.71,29880.65
2015-09-09,11.99,12.46,12.84,11.95,45165.62
2015-09-10,12.16,12.52,12.79,11.87,37238.89
2015-09-11,12.5,12.23,12.68,11.75,34507.26
2015-09-14,12.43,11.0,12.43,11.0,31118.72
2015-09-15,10.65,9.99,10.72,9.93,29906.24
2015-09-16,10.08,10.99,10.99,10.08,28663.71
2015-09-17,11.05,10.65,11.38,10.65,51808.11
2015-09-18,10.73,10.94,11.07,10.66,26407.02
2015-09-21,10.81,11.38,11.42,10.79,42457.8
2015-09-22,11.38,11.51,11.87,11.23,45406.0
2015-09-23,11.23,11.23,11.62,11.07,31854.25
2015-09-24,11.25,11.48,11.59,11.25,35258.56
2015-09-25,11.48,10.94,11.56,10.86,28622.53
2015-09-28,11.09,12.03,12.03,10.96,62723.56
2015-09-29,11.79,12.25,12.64,11.71,68429.63
2015-09-30,12.09,11.97,12.35,11.66,37957.22
2015-10-08,12.45,12.48,12.95,12.33,56708.22
2015-10-09,12.48,12.69,12.87,12.31,32750.6
2015-10-12,12.86,13.41,13.87,12.59,43204.16
2015-10-13,13.38,13.59,13.8,13.1,30992.88
2015-10-14,13.58,13.46,13.89,13.38,27499.29
2015-10-15,13.46,13.92,13.95,13.4,25645.24
2015-10-16,14.0,14.2,14.38,13.8,31211.38
2015-10-19,14.2,14.97,15.1,13.96,47416.72
2015-10-20,14.74,15.97,16.14,14.46,50183.13
2015-10-21,15.97,14.82,16.91,14.38,66043.48
2015-10-22,14.4,16.26,16.28,14.4,75588.15
2015-10-23,16.28,17.88,17.88,16.28,90476.97
2015-10-26,17.97,17.05,18.23,16.69,74322.53
2015-10-27,17.02,16.57,17.09,15.53,56258.09
2015-10-28,16.46,15.74,16.77,15.7,52082.36
2015-10-29,15.68,15.86,15.95,15.13,42584.47
2015-10-30,15.61,16.05,16.41,15.5,35683.54
2015-11-02,15.32,14.9,16.12,14.84,34652.32
2015-11-03,15.02,14.92,15.4,14.46,26377.01
2015-11-04,14.9,16.3,16.41,14.89,43483.4
2015-11-05,16.3,16.35,16.8,15.89,62782.06
2015-11-06,16.41,16.51,16.62,16.35,29075.31
2015-11-09,16.19,16.79,16.82,15.94,44264.22
2015-11-10,16.67,17.26,17.31,16.41,52402.61
2015-11-11,17.25,17.26,17.49,16.77,31917.66
2015-11-12,17.34,16.99,17.48,16.48,34525.04
2015-11-13,16.59,16.09,16.82,15.98,40672.31
2015-11-16,15.97,16.23,16.23,15.61,22184.34
2015-11-17,16.33,15.8,16.5,15.8,39063.22
2015-11-18,15.83,15.19,15.83,15.12,30895.24
2015-11-19,15.2,15.4,15.54,14.93,28570.81
2015-11-20,15.44,16.15,16.18,15.27,43281.52
2015-11-23,16.64,17.77,17.77,16.64,45402.21
2015-11-24,18.78,19.55,19.55,18.78,45504.73
2015-11-25,21.51,20.7,21.51,20.15,225077.97
2015-11-26,21.08,20.72,22.44,20.4,188056.77
2015-11-27,19.92,18.65,20.76,18.65,116684.12
2015-11-30,18.39,19.25,19.46,18.19,71210.22
2015-12-01,19.14,17.77,19.23,17.62,92027.5
2015-12-02,17.61,18.31,18.41,17.04,58890.75
2015-12-03,18.18,18.85,18.9,18.09,56584.98
2015-12-04,18.69,19.22,19.79,18.49,54302.73
2015-12-07,19.25,18.86,19.25,18.42,28507.7
2015-12-08,18.78,18.06,18.78,17.9,30934.72
2015-12-09,18.06,17.49,18.3,17.2,27376.85
2015-12-10,17.44,17.55,17.74,17.26,29092.6
2015-12-11,17.77,17.28,17.77,17.13,28146.17
2015-12-14,16.97,17.56,17.61,16.62,26735.81
2015-12-15,17.85,18.49,19.31,17.85,60555.46
2015-12-16,18.47,19.15,19.37,18.35,77707.37
2015-12-17,19.17,19.28,19.41,18.85,67278.6
2015-12-18,19.18,19.28,19.57,18.86,50277.98
2015-12-21,19.07,18.84,19.36,18.56,38747.12
2015-12-22,18.97,18.79,19.0,18.49,20736.16
2015-12-23,18.95,20.67,20.67,18.8,61672.79
2015-12-24,20.85,19.9,21.21,19.39,74902.81
2015-12-25,20.08,19.82,20.09,19.22,40284.61
2015-12-28,19.82,19.25,20.12,19.21,41746.57
2015-12-29,19.07,19.0,19.28,18.53,38689.61
2015-12-30,19.2,20.39,20.9,18.84,119983.17
2015-12-31,20.07,19.13,20.07,19.07,67381.56
2016-01-04,18.71,17.59,19.1,17.34,53801.44
2016-01-05,16.77,17.87,18.06,16.2,68013.75
2016-01-06,17.85,17.92,17.95,17.36,42096.62
2016-01-07,17.67,16.13,17.67,16.13,6173.0
2016-01-08,16.51,17.13,17.26,14.61,52561.09
2016-01-11,16.68,15.54,17.26,15.47,31041.99
2016-01-12,14.54,15.75,15.82,14.54,26197.28
2016-01-13,15.51,15.32,15.83,15.11,19421.68
2016-01-14,14.54,15.59,15.82,14.52,26452.64
2016-01-15,15.25,14.28,15.76,14.09,25240.54
2016-01-18,13.61,14.29,14.51,13.38,46810.08
2016-01-19,14.07,14.7,14.82,13.82,36576.62
2016-01-20,14.54,14.05,14.79,13.96,37504.11
2016-01-21,13.95,12.97,14.31,12.96,30455.59
2016-01-22,13.1,12.77,13.31,11.89,49319.87
2016-01-25,12.97,12.97,13.3,12.78,32938.7
2016-01-26,12.84,11.69,13.22,11.68,30150.98
2016-01-27,11.86,12.87,12.87,11.1,76694.97
2016-01-28,13.02,12.53,14.01,12.25,89912.73
2016-01-29,12.53,13.0,13.19,11.51,73538.88
2016-02-01,12.59,12.22,13.02,11.87,41069.22
2016-02-02,12.19,12.59,12.88,11.94,48201.15
2016-02-03,12.43,12.57,12.59,12.09,31478.28
2016-02-04,12.61,12.93,13.13,12.61,33356.78
2016-02-05,13.01,12.67,13.05,12.65,23902.93
2016-02-15,12.23,12.84,12.93,12.0,20506.55
2016-02-16,13.53,13.74,13.87,13.24,50756.16
2016-02-17,13.53,13.91,14.01,13.44,38809.69
2016-02-18,14.09,14.58,15.3,14.09,105574.22
2016-02-19,14.38,14.39,14.66,13.87,53743.49
2016-02-22,14.63,14.39,14.63,14.16,53659.9
2016-02-23,14.34,13.9,14.36,13.6,50794.4
2016-02-24,13.74,13.66,14.24,13.31,73522.39
2016-02-25,13.68,12.29,13.79,12.29,65734.5
2016-02-26,12.3,12.17,12.45,11.77,42665.57
2016-02-29,12.12,10.95,12.12,10.95,57747.07
2016-03-01,11.0,11.2,11.39,10.81,35856.2
2016-03-02,11.15,12.19,12.33,11.15,53738.68
2016-03-03,12.1,12.16,12.46,12.08,51514.97
2016-03-04,12.23,11.56,12.3,10.95,47438.09
2016-03-07,11.55,11.92,11.98,11.55,28975.99
2016-03-08,11.87,12.25,12.3,11.39,35098.61
2016-03-09,12.02,12.25,12.41,11.8,29575.94
2016-03-10,12.18,12.05,12.39,11.81,25750.95
2016-03-11,11.89,11.95,12.17,11.66,28941.11
2016-03-14,12.09,12.84,13.15,12.02,44322.37
2016-03-15,12.69,12.81,13.02,12.53,34206.78
2016-03-16,12.81,12.63,13.02,12.39,22282.31
2016-03-17,12.56,13.11,13.18,12.56,37397.23
2016-03-18,13.2,13.82,13.96,13.02,58493.88
2016-03-21,13.72,14.48,15.17,13.72,88213.9
2016-03-22,14.36,14.46,14.82,14.18,51125.61
2016-03-23,14.4,14.55,14.61,14.26,73920.71
2016-03-24,14.28,14.25,14.54,14.11,36073.47
2016-03-25,14.25,14.68,14.86,14.02,64820.3
2016-03-28,14.72,14.6,15.15,14.48,56555.16
2016-03-29,14.6,14.5,14.83,14.07,37005.28
2016-03-30,14.68,14.64,14.72,14.31,49693.81
2016-03-31,14.69,14.83,15.03,14.46,78841.82
2016-04-01,14.62,14.66,14.75,14.07,53767.04
2016-04-05,14.56,15.04,15.47,14.41,82215.99
2016-04-06,15.1,15.51,15.65,14.87,77223.3
2016-04-07,15.53,15.13,15.61,15.02,47330.44
2016-04-08,14.87,15.25,15.25,14.39,40659.86
2016-04-11,15.25,15.54,15.69,15.2,55456.0
2016-04-12,15.29,15.54,15.54,15.05,25631.16
2016-04-13,15.47,15.42,15.83,15.4,53363.23
2016-04-14,15.54,15.46,15.58,15.04,33773.99
2016-04-15,15.36,15.47,15.59,15.15,27974.32
2016-04-18,15.2,15.33,15.46,14.77,38555.92
2016-04-19,15.39,15.24,15.39,15.0,23416.33
2016-04-20,15.23,14.72,15.33,14.03,53405.55
2016-04-21,14.47,14.39,14.75,14.25,31691.96
2016-04-22,14.32,14.82,14.95,14.05,37087.08
2016-04-25,14.61,14.74,15.33,14.54,33946.75
2016-04-26,14.74,15.02,15.02,14.41,43814.9
2016-04-27,15.08,15.2,15.25,14.77,65999.53
2016-04-28,15.06,15.09,15.23,14.66,37564.85
2016-04-29,15.08,15.11,15.22,14.77,50669.96
2016-05-03,15.09,15.52,15.73,14.9,82243.84
2016-05-04,15.47,16.32,16.32,15.29,106147.1
2016-05-05,16.15,16.84,16.9,16.08,123188.11
2016-05-06,16.99,15.95,17.04,15.91,88186.58
2016-05-09,15.67,15.4,15.67,14.86,67719.66
2016-05-10,15.31,15.33,15.6,15.13,49759.0
2016-05-11,15.5,14.93,15.5,14.93,51028.95
2016-05-12,14.53,14.75,14.75,13.68,35969.31
2016-05-13,14.59,14.59,14.79,14.5,32845.67
2016-05-16,14.54,14.46,14.62,14.09,68006.94
2016-05-17,14.46,14.61,14.66,14.09,56726.87
2016-05-18,14.39,14.07,14.43,13.69,32799.65
2016-05-19,14.13,14.05,14.23,13.91,37642.82
2016-05-20,13.81,13.77,14.02,13.59,43796.37
2016-05-23,13.69,14.0,14.03,13.69,34276.03
2016-05-24,13.93,13.74,14.02,13.64,21730.17
2016-05-25,13.87,13.5,13.89,13.49,29621.75
2016-05-26,13.27,12.9,13.27,12.36,101283.27
2016-05-27,12.87,12.89,13.17,12.67,54429.86
2016-05-30,12.86,12.74,12.92,12.46,37885.4
2016-05-31,12.74,13.53,13.53,12.66,90354.53
2016-06-01,13.6,13.39,13.84,13.28,80850.14
2016-06-02,13.35,13.4,13.53,13.28,39265.35
2016-06-03,13.48,13.73,13.89,13.21,108022.67
2016-06-06,13.67,13.77,13.96,13.59,66493.21
2016-06-07,13.67,13.67,13.79,13.37,66351.63
2016-06-08,13.6,13.61,13.82,13.35,69992.18
2016-06-13,13.41,13.17,13.49,13.12,44476.26
2016-06-14,12.96,12.83,13.19,12.48,72779.99
2016-06-15,12.58,13.35,13.36,12.49,69377.07
2016-06-16,13.22,13.14,13.36,12.97,53435.6
2016-06-17,13.2,13.15,13.38,13.0,46427.67
2016-06-20,13.2,13.1,13.24,12.77,51035.93
2016-06-21,13.07,12.76,13.24,12.75,52236.0
2016-06-22,12.76,12.89,12.94,12.58,26846.26
2016-06-23,12.87,12.8,12.97,12.69,23737.4
2016-06-24,12.81,12.64,13.08,12.39,37583.65
2016-06-27,12.56,12.95,12.95,12.47,33871.49
2016-06-28,12.88,13.2,13.23,12.84,46875.2
2016-06-29,13.22,13.25,13.32,13.15,47895.7
2016-06-30,13.2,13.3,13.37,13.14,30506.35
2016-07-01,13.31,13.43,13.64,13.3,31439.18
2016-07-04,13.38,13.77,13.89,13.25,50062.76
2016-07-05,13.77,13.76,13.92,13.69,28897.42
2016-07-06,13.64,13.64,13.76,13.53,29440.63
2016-07-07,13.64,13.95,14.05,13.6,42948.13
2016-07-08,13.88,13.75,13.91,13.68,24296.74
2016-07-11,13.72,13.66,13.87,13.64,27821.77
2016-07-12,13.65,13.87,13.88,13.38,29657.53
2016-07-13,13.85,14.18,14.25,13.77,37970.7
2016-07-14,14.15,13.99,14.15,13.89,24968.81
2016-07-15,14.04,15.38,15.38,14.01,103377.81
2016-07-18,15.54,15.42,16.12,15.22,142568.24
2016-07-19,15.27,15.25,15.42,14.94,65883.37
2016-07-20,15.13,15.25,15.54,14.97,72436.62
2016-07-21,15.11,15.01,15.43,15.01,44860.05
2016-07-22,14.9,14.89,15.33,14.79,36752.22
2016-07-25,14.89,14.68,15.08,14.61,30700.15
2016-07-26,14.79,15.21,15.25,14.54,35250.93
2016-07-27,15.22,14.75,15.26,13.74,57184.25
2016-07-28,14.73,14.57,14.9,14.26,27421.68
2016-07-29,14.56,14.4,14.7,14.4,22158.4
2016-08-01,14.18,13.96,14.33,13.74,25657.66
2016-08-02,13.92,13.98,14.11,13.87,16893.41
2016-08-03,13.99,14.84,15.1,13.92,43513.41
2016-08-04,14.74,14.69,14.84,14.48,29127.74
2016-08-05,14.62,14.68,14.97,14.51,31864.45
2016-08-08,14.72,14.75,15.05,14.54,38172.12
2016-08-09,14.79,14.7,14.88,14.61,31640.16
2016-08-10,14.72,14.72,15.05,14.64,33309.03
2016-08-11,14.72,14.14,14.73,14.13,32670.76
2016-08-12,14.16,14.28,14.33,14.0,26193.32
2016-08-15,14.25,14.56,14.61,14.02,26248.86
2016-08-16,14.54,14.66,14.74,14.42,26002.73
2016-08-17,14.57,14.46,14.65,14.4,22887.93
2016-08-18,14.51,14.43,14.54,14.4,20579.83
2016-08-19,14.46,15.42,15.88,14.38,112921.58
2016-08-22,15.25,15.46,15.59,15.1,56977.61
2016-08-23,15.29,15.27,15.41,15.18,36476.72
2016-08-24,15.28,15.51,15.89,15.28,49411.38
2016-08-25,15.33,15.37,15.51,14.61,32285.22
2016-08-26,15.45,15.51,15.69,15.2,30283.44
2016-08-29,15.4,15.85,16.05,15.2,42579.28
2016-08-30,15.83,15.62,15.87,15.6,24496.57
2016-08-31,15.67,16.06,16.23,15.59,38033.03
2016-09-01,15.93,15.9,16.03,15.81,24151.95
2016-09-02,15.69,15.51,15.88,15.4,28530.17
2016-09-05,15.51,15.52,16.01,15.15,26379.48
2016-09-06,15.56,16.05,16.87,15.56,73975.27
2016-09-07,16.28,16.69,17.13,16.2,66228.88
2016-09-08,16.77,16.49,16.85,16.3,32740.01
2016-09-09,16.49,16.39,16.95,16.31,35743.14
2016-09-12,15.74,15.72,15.97,15.53,34026.92
2016-09-13,15.79,15.49,15.89,15.4,30000.68
2016-09-14,15.31,15.38,15.6,15.31,11280.19
2016-09-19,15.37,15.86,15.95,15.37,18233.94
2016-09-20,16.05,15.87,16.1,15.69,12838.48
2016-09-21,15.83,15.82,16.03,15.75,12993.41
2016-09-22,15.91,15.87,16.01,15.76,12926.48
2016-09-23,16.01,16.12,16.28,15.87,23839.32
2016-09-26,16.12,15.6,16.38,15.6,21496.66
2016-09-27,15.54,15.68,15.69,15.2,14959.33
2016-09-28,15.76,15.91,16.03,15.2,13464.35
2016-09-29,15.97,15.94,16.09,15.83,12966.09
2016-09-30,15.93,16.08,16.18,15.74,15327.65
2016-10-10,16.08,16.31,16.35,16.01,15737.24
2016-10-11,16.31,16.51,16.69,16.12,21056.73
2016-10-12,16.6,16.74,16.8,16.41,21002.88
2016-10-13,16.74,16.59,16.74,16.33,21760.26
2016-10-14,16.46,17.38,18.21,16.3,53006.12
2016-10-17,17.24,16.9,17.45,16.88,40122.43
2016-10-18,16.84,17.08,17.26,16.69,23234.35
2016-10-19,17.11,16.73,17.23,16.66,28353.99
2016-10-20,16.8,16.84,16.91,16.71,15697.65
2016-10-21,16.86,16.91,17.01,16.67,19786.02
2016-10-24,16.9,16.77,16.9,16.57,26949.96
2016-10-25,16.75,16.66,16.76,16.64,11761.05
2016-10-26,16.73,16.86,16.98,16.57,17374.76
2016-10-27,16.85,16.61,16.89,16.59,11278.88
2016-10-28,16.61,16.49,16.78,16.48,15202.13
2016-10-31,16.38,16.46,16.64,16.33,10297.93
2016-11-01,16.44,16.89,16.92,16.38,29181.7
2016-11-02,16.87,16.77,17.08,16.74,30360.0
2016-11-03,16.62,16.62,16.91,16.49,24005.79
2016-11-04,16.54,16.75,16.83,16.54,10610.09
2016-11-07,16.75,16.9,17.01,16.49,14921.43
2016-11-08,16.91,16.9,17.01,16.74,14672.6
2016-11-09,16.9,16.64,16.91,16.41,16498.81
2016-11-10,16.66,16.67,16.87,16.64,18160.01
2016-11-11,16.67,17.4,17.56,16.67,40857.65
2016-11-14,17.4,17.61,17.63,17.05,36240.72
2016-11-15,17.49,17.7,17.77,17.44,22499.15
2016-11-16,17.63,17.49,17.92,17.48,16506.36
2016-11-17,17.45,17.31,17.71,17.27,21755.84
2016-11-18,17.41,17.42,17.72,17.21,20363.11
2016-11-21,17.27,17.46,17.79,17.23,18524.75
2016-11-22,17.49,17.27,17.69,17.26,21423.97
2016-11-23,17.28,17.18,17.36,17.11,19437.37
2016-11-24,17.11,17.21,17.48,17.1,16379.75
2016-11-25,17.21,17.03,17.28,16.69,14071.16
2016-11-28,17.05,16.76,17.11,16.72,14280.87
2016-11-29,16.74,16.61,16.89,16.61,16651.32
2016-11-30,16.52,16.1,16.73,15.99,16879.21
2016-12-01,16.1,16.3,16.37,16.0,18700.61
2016-12-02,16.22,16.19,16.5,16.1,11548.47
2016-12-05,16.2,16.18,16.45,16.05,11353.64
2016-12-06,16.18,16.93,17.26,16.18,31685.3
2016-12-07,16.74,16.66,16.84,16.48,22768.65
2016-12-08,16.68,16.33,16.73,16.28,15147.02
2016-12-09,16.31,15.87,16.48,15.85,14767.88
2016-12-12,15.85,14.94,16.03,14.94,26440.26
2016-12-13,14.95,14.95,15.1,14.81,13450.89
2016-12-14,14.95,15.0,15.07,14.83,9789.0
2016-12-15,15.06,15.02,15.4,14.82,17955.18
2016-12-16,15.08,15.33,15.42,14.97,13339.94
2016-12-19,15.4,15.18,15.46,15.13,9157.21
2016-12-20,15.19,15.2,15.31,15.12,8472.0
2016-12-21,15.33,15.51,15.69,15.17,16272.92
2016-12-22,15.68,15.83,15.97,15.45,22623.88
2016-12-23,15.78,16.08,16.52,15.74,24684.48
2016-12-26,15.84,15.9,16.17,15.33,19253.26
2017-01-11,17.49,17.49,17.49,17.49,4563.77
2017-01-12,17.99,17.74,18.98,17.72,158219.13
2017-01-13,17.67,16.49,17.68,16.13,101700.57
2017-01-16,16.15,16.5,17.03,15.17,80341.93
2017-01-17,15.83,16.89,17.16,15.83,56454.7
2017-01-18,16.59,16.55,17.53,16.48,57695.75
2017-01-19,16.33,16.19,16.36,15.97,32247.71
2017-01-20,16.15,16.16,16.54,15.79,34751.67
2017-01-23,16.12,16.79,16.96,16.01,47159.42
2017-01-24,16.74,16.33,16.77,16.26,30178.09
2017-01-25,16.26,16.28,16.61,16.05,27040.73
2017-01-26,16.27,16.34,16.39,16.18,15195.73
2017-02-03,16.42,15.83,16.45,15.48,22253.05
2017-02-06,15.83,15.92,16.0,15.62,15560.83
2017-02-07,15.92,15.8,15.92,15.54,24636.28
2017-02-08,15.99,16.53,17.19,15.99,45185.75
2017-02-09,16.49,16.89,17.05,16.41,49468.65
2017-02-10,16.82,17.05,17.18,16.61,39976.2
2017-02-13,16.95,17.09,17.18,16.74,22485.56
2017-02-14,16.85,16.72,17.05,16.72,23375.44
2017-02-15,16.74,17.24,17.41,16.6,42103.47
2017-02-16,17.2,17.29,17.49,17.07,35600.42
2017-02-17,17.2,17.24,17.46,17.13,31314.92
2017-02-20,17.15,17.35,17.38,17.13,19533.1
2017-02-21,17.34,17.49,17.76,17.31,29712.06
2017-02-22,17.55,17.27,17.56,17.19,24559.44
2017-02-23,17.47,17.9,18.06,17.4,48658.56
2017-02-24,17.83,17.88,17.97,17.56,25721.12
2017-02-27,17.79,17.55,17.99,17.44,25273.37
2017-02-28,17.4,17.24,17.58,17.15,21979.83
2017-03-01,17.23,17.31,17.43,17.13,22540.37
2017-03-02,17.27,17.05,17.36,16.93,17602.5
2017-03-03,16.92,17.1,17.15,16.92,12595.78
2017-03-06,17.14,17.27,17.38,17.1,19629.22
2017-03-07,17.38,17.2,17.62,17.13,19843.76
2017-03-08,17.13,17.02,17.18,16.91,24419.48
2017-03-09,16.94,16.91,16.95,16.6,19717.16
2017-03-10,16.91,16.69,16.97,16.69,11545.42
2017-03-13,16.69,16.75,16.88,16.51,19044.02
2017-03-14,16.71,16.69,16.97,16.64,14992.29
2017-03-15,16.75,16.64,16.8,16.55,12849.32
2017-03-16,16.69,16.78,16.98,16.68,25873.06
2017-03-17,16.87,16.69,16.88,16.67,17147.0
2017-03-20,16.69,16.77,16.87,16.6,10749.3
2017-03-21,16.77,17.11,17.18,16.73,25126.18
2017-03-22,16.92,16.94,17.14,16.81,13685.21
2017-03-23,16.96,16.67,16.96,16.62,25685.14
2017-03-24,16.64,16.85,16.87,16.61,12124.4
2017-03-27,16.85,16.83,17.03,16.77,11807.09
2017-03-28,16.82,17.32,17.41,16.82,29033.41
2017-03-29,17.26,17.18,17.28,17.06,16974.35
2017-03-30,17.26,16.37,17.26,16.31,29318.37
2017-03-31,16.43,17.17,17.17,15.93,32427.9
2017-04-05,17.09,17.27,17.62,17.03,27783.38
2017-04-06,17.27,17.21,17.56,17.13,16133.85
2017-04-07,17.17,17.19,17.37,17.09,11260.42
2017-04-10,17.13,16.77,17.14,16.74,17197.81
2017-04-11,16.81,16.78,16.87,16.41,14658.75
2017-04-12,16.87,16.64,16.87,16.41,15801.0
2017-04-13,16.5,16.42,16.63,16.19,15308.34
2017-04-14,16.35,16.19,16.67,16.01,12004.7
2017-04-17,16.05,16.42,16.54,15.94,15485.58
2017-04-18,16.45,16.41,16.72,16.4,8506.6
2017-04-19,16.32,16.44,16.54,16.05,11173.94
2017-04-20,16.48,16.3,16.66,16.23,7380.28
2017-04-21,16.28,16.17,16.5,15.99,10653.02
2017-04-24,16.25,16.24,16.29,16.05,9634.95
2017-04-25,16.33,16.41,16.53,16.2,5336.96
2017-04-26,16.52,16.38,16.52,16.27,5024.35
2017-04-27,16.41,16.44,16.44,15.9,7243.4
2017-04-28,16.44,16.77,16.81,16.37,10827.93
2017-05-02,16.77,16.86,16.98,16.7,6488.01
2017-05-03,16.69,16.74,16.87,16.59,7055.97
2017-05-04,16.64,16.79,16.92,16.64,10199.79
2017-05-05,16.79,16.63,16.85,16.55,6274.75
2017-05-08,16.64,15.92,16.76,15.92,7336.61
2017-05-09,15.94,15.98,16.08,15.8,7865.97
2017-05-10,15.98,15.95,16.11,15.76,9709.07
2017-05-11,15.8,15.13,15.83,14.72,28291.9
2017-05-12,14.9,15.4,15.47,14.9,15105.15
2017-05-15,15.38,15.18,15.4,15.17,11837.31
2017-05-16,15.36,15.36,15.38,14.93,6766.87
2017-05-17,15.36,15.49,15.49,15.23,6858.62
2017-05-18,15.44,15.25,15.46,15.02,8643.33
2017-05-19,15.02,15.28,15.33,14.98,7079.95
2017-05-22,15.18,14.95,15.32,14.86,6180.11
2017-05-23,14.81,14.33,14.97,14.33,11288.84
2017-05-24,14.33,14.72,14.79,14.1,8020.0
2017-05-25,14.54,14.74,14.79,14.39,3386.33
2017-05-26,15.01,15.13,15.18,14.73,6149.44
2017-05-31,15.11,15.41,15.47,15.11,5494.54
2017-06-01,15.33,15.0,15.38,14.89,4303.46
2017-06-02,14.87,15.61,15.68,14.87,7228.0
2017-06-05,15.61,15.54,15.8,15.43,4888.0
2017-06-06,15.54,15.5,15.63,15.4,3951.98
2017-06-07,15.41,15.75,15.76,15.41,3766.43
2017-06-08,15.81,15.76,15.81,15.64,2436.0
2017-06-09,15.75,15.61,15.8,15.54,2862.51
2017-06-12,15.47,16.05,16.95,15.42,16182.34
2017-06-13,15.9,15.92,15.99,15.67,7559.58
2017-06-14,15.92,15.69,15.98,15.41,7618.47
2017-06-15,15.59,15.66,15.77,15.46,4987.95
2017-06-16,15.76,15.52,15.76,15.47,5154.45
2017-06-19,15.52,15.56,15.63,15.36,5496.59
2017-06-20,15.59,15.55,15.75,15.55,5396.46
2017-06-21,15.63,15.65,15.72,15.49,4646.92
2017-06-22,15.55,15.03,15.67,15.03,7497.18
2017-06-23,15.02,15.46,15.47,14.66,8214.53
2017-06-26,15.27,15.35,15.41,15.07,6603.86
2017-06-27,15.33,15.18,15.34,15.09,5403.13
2017-06-28,15.17,15.0,15.21,14.96,4082.74
2017-06-29,14.74,14.92,15.11,14.74,3427.85
2017-06-30,14.9,15.74,16.01,14.87,13374.02
2017-07-03,15.83,15.71,15.83,15.55,6090.99
2017-07-04,15.71,15.49,15.8,15.47,3944.29
2017-07-05,15.49,15.54,15.62,15.46,3785.45
2017-07-06,15.5,15.59,15.64,15.4,4464.51
2017-07-07,15.68,15.56,15.69,15.43,3687.51
2017-07-10,15.43,15.48,15.61,15.43,3415.38
2017-07-11,15.44,15.9,16.46,15.44,16519.09
2017-07-12,15.76,15.98,16.02,15.76,10840.65
2017-07-13,15.89,15.89,16.03,15.79,5903.39
2017-07-14,15.83,15.52,16.02,15.4,8021.0
2017-07-17,15.52,14.59,15.52,14.47,10668.76
2017-07-18,14.59,14.78,14.96,14.53,3885.0
2017-07-19,14.78,14.89,14.92,14.56,3759.6
2017-07-20,14.79,14.9,15.22,14.76,2944.6
2017-07-21,14.94,15.1,15.33,14.87,5913.41
2017-07-24,14.82,14.97,15.24,14.82,3809.01
2017-07-25,14.96,14.84,15.08,14.75,4084.22
2017-07-26,14.94,14.82,15.04,14.74,3532.24
2017-07-27,14.95,15.06,15.13,14.82,3920.53
2017-07-28,15.06,15.04,15.25,14.91,6606.05
2017-07-31,15.25,15.18,15.51,15.12,10164.77
2017-08-01,15.11,14.95,15.31,14.84,8176.73
2017-08-02,15.01,14.72,15.1,14.68,6400.24
2017-08-03,14.61,14.67,14.82,14.55,9208.07
2017-08-04,14.67,15.05,15.08,14.64,6619.55
2017-08-07,15.08,15.02,15.46,14.75,15326.15
2017-08-08,15.02,14.82,15.03,14.7,9192.95
2017-08-09,14.82,14.78,14.93,14.72,6152.0
2017-08-10,14.92,14.74,14.92,14.47,8953.09
2017-08-11,14.61,14.33,14.69,14.32,5843.75
2017-08-14,14.52,14.58,14.69,14.33,3712.53
2017-08-15,14.72,14.56,14.72,14.43,3152.23
2017-08-16,14.7,14.63,14.7,14.47,5253.5
2017-08-17,14.69,14.84,14.86,14.54,9813.14
2017-08-18,14.81,14.86,14.92,14.69,4338.37
2017-08-21,14.86,14.95,14.99,14.76,5955.48
2017-08-22,14.63,15.0,15.1,14.63,6099.25
2017-08-23,15.0,14.82,15.0,14.77,3419.0
2017-08-24,14.82,14.51,14.89,14.46,9901.91
2017-08-25,14.56,14.59,14.61,14.49,3908.07
2017-08-28,14.59,14.67,14.72,14.48,6255.97
2017-08-29,14.67,14.66,14.7,14.55,5530.32
2017-08-30,14.68,14.81,15.0,14.62,6108.0
2017-08-31,14.95,15.07,15.1,14.64,11956.31
2017-09-01,15.1,15.01,15.11,14.86,6707.47
2017-09-04,15.01,14.92,15.06,14.82,4091.0
2017-09-05,14.92,14.88,14.99,14.84,3914.3
2017-09-06,14.88,15.26,15.69,14.78,31275.56
2017-09-07,15.08,15.08,15.18,14.93,13666.13
2017-09-08,15.07,14.95,15.08,14.9,8502.06
2017-09-11,15.02,14.82,15.02,14.79,9981.62
2017-09-12,14.83,14.82,15.0,14.79,7397.92
2017-09-13,14.84,15.11,15.11,14.76,12039.92
2017-09-14,14.99,15.28,15.56,14.97,16522.28
2017-09-15,15.28,15.12,15.38,14.97,6957.37
2017-09-18,14.97,15.49,15.66,14.97,17076.37
2017-09-19,15.48,15.5,15.73,15.36,12762.74
2017-09-20,15.5,16.0,16.09,15.5,23962.41
2017-09-21,15.77,15.94,16.1,15.77,7448.87
2017-09-22,16.01,15.87,16.03,15.73,7563.96
2017-09-25,15.79,15.47,15.83,15.46,10703.0
2017-09-26,15.4,15.59,15.69,15.33,6421.04
2017-09-27,15.61,15.48,15.65,15.38,4575.82
2017-09-28,15.47,15.38,15.64,15.34,5401.0
2017-09-29,15.48,15.85,16.03,15.41,10853.0
2017-10-09,15.85,15.9,16.15,15.74,7238.01
2017-10-10,15.9,16.12,16.31,15.85,10307.7
2017-10-11,16.15,16.12,16.7,16.04,16746.17
2017-10-12,16.11,16.12,16.33,16.05,6574.42
2017-10-13,16.15,16.11,16.16,16.0,4636.55
2017-10-16,15.97,15.77,16.11,15.68,6339.2
2017-10-17,15.69,15.69,15.99,15.61,6161.81
2017-10-18,15.73,15.73,15.92,15.55,4425.0
2017-10-19,15.58,15.66,15.85,15.53,3477.62
2017-10-20,15.74,15.7,15.84,15.4,4430.96
2017-10-23,15.77,15.67,15.83,15.66,2946.13
2017-10-24,15.59,15.51,15.7,15.51,4388.0
2017-10-25,15.42,15.61,15.69,15.42,3724.41
2017-10-26,15.61,15.61,15.7,15.49,3534.01
2017-10-27,15.61,15.4,15.68,15.4,5735.81
2017-10-30,15.38,15.13,15.54,14.97,6460.13
2017-10-31,15.01,15.11,15.24,15.01,8392.87
2017-11-01,15.13,15.51,15.61,15.11,9040.76
2017-11-02,15.49,15.41,15.59,15.33,3621.06
2017-11-03,15.38,15.23,15.45,15.12,4096.02
2017-11-06,15.25,15.18,15.25,14.83,4241.36
2017-11-07,15.11,15.11,15.18,14.98,6197.14
2017-11-08,15.45,15.26,15.45,15.0,3524.32
2017-11-09,15.18,15.2,15.28,15.05,3689.18
2017-11-10,15.2,15.05,15.2,15.0,3349.0
2017-11-13,15.05,14.95,15.13,14.9,4055.91
2017-11-14,14.98,14.54,14.98,14.54,6348.0
2017-11-15,14.68,14.68,14.79,14.56,3529.93
2017-11-16,14.71,14.64,14.9,14.5,5338.61
2017-11-17,14.56,14.14,14.68,14.09,8302.18
2017-11-20,14.03,14.12,14.28,14.01,6530.02
2017-11-21,14.16,14.19,14.25,14.02,9838.9
2017-11-22,14.16,14.4,14.46,14.02,3817.93
2017-11-23,14.41,14.33,14.56,14.27,4900.33
2017-11-24,14.52,14.23,14.54,14.14,6550.9
2017-11-27,14.2,14.35,14.51,14.03,9257.15
2017-11-28,14.35,14.45,14.45,14.23,3368.74
2017-11-29,14.39,14.49,14.54,14.21,6592.53
2017-11-30,14.49,14.49,14.52,14.38,5765.53
2017-12-01,14.36,14.65,14.69,14.36,7641.52
2017-12-04,14.65,15.04,16.05,14.54,8905.71
2017-12-05,15.12,14.74,15.18,14.54,6632.35
2017-12-06,14.72,14.84,14.89,14.56,5849.84
2017-12-07,14.91,14.84,14.97,14.72,3689.54
2017-12-08,14.64,14.82,15.07,14.64,3276.52
2017-12-11,14.82,14.88,15.08,14.82,2184.24
2017-12-12,15.01,14.84,15.01,14.79,2450.04
2017-12-13,14.84,14.94,15.08,14.84,2037.01
2017-12-14,14.82,14.84,15.25,14.72,2653.81
2017-12-15,14.97,15.25,15.28,14.84,6963.25
2017-12-18,15.23,15.02,15.46,15.0,3704.03
2017-12-19,14.9,14.88,15.0,14.82,2572.86
2017-12-20,14.89,14.95,15.1,14.89,2661.48
2017-12-21,14.98,15.01,15.01,14.73,5031.8
2017-12-22,15.1,15.02,15.13,14.88,3152.0
2017-12-25,14.75,14.7,14.99,14.67,2687.01
2017-12-26,14.89,14.86,15.0,14.61,2915.8
2017-12-27,14.82,14.56,14.9,14.33,7263.8
2017-12-28,14.54,14.44,14.87,14.41,5011.53
2017-12-29,14.15,14.32,14.54,14.15,6571.0
2018-01-02,14.32,14.51,14.52,14.32,3070.0
2018-01-03,14.73,14.68,14.75,14.44,4458.0
2018-01-04,14.64,14.75,14.79,14.57,3805.01
2018-01-05,14.76,14.54,15.02,14.51,5113.01
2018-01-08,14.41,14.54,14.64,14.25,13617.86
2018-01-09,14.53,14.74,14.74,14.51,25489.43
2018-01-10,14.68,15.0,15.1,14.68,11754.41
2018-01-11,15.0,14.82,15.0,14.69,6984.0
2018-01-12,14.79,14.79,14.9,14.72,7841.17
2018-01-15,14.45,14.51,14.8,14.45,23619.0
2018-01-16,14.51,14.84,14.92,14.51,8904.13
2018-01-17,14.9,14.82,14.9,14.61,5321.56
2018-01-18,14.83,14.86,14.9,14.77,3763.06
2018-01-19,14.88,14.61,14.91,14.51,5656.01
2018-01-22,14.58,14.74,14.95,14.54,6778.65
2018-01-23,14.72,14.77,14.93,14.7,2785.86
2018-01-24,14.77,14.64,14.84,14.54,3473.56
2018-01-25,14.65,14.59,14.72,14.54,4811.41
2018-01-26,14.54,14.44,14.61,14.39,3635.69
2018-01-29,14.45,14.34,14.71,14.33,6371.99
2018-01-30,14.46,14.38,14.54,14.32,2768.01
2018-01-31,14.36,14.2,14.51,14.09,9234.01
2018-02-01,14.24,13.46,14.25,12.97,17602.0
2018-02-02,13.02,13.59,13.67,12.82,13825.04
2018-02-05,13.28,13.59,13.66,12.97,3669.56
2018-02-06,13.51,13.07,13.51,12.82,6406.1
2018-02-07,13.4,13.48,13.52,13.17,8553.09
2018-02-08,13.48,13.64,13.72,13.25,5582.72
2018-02-09,13.25,13.69,13.69,13.02,3496.24
2018-02-12,13.67,14.39,14.63,13.35,7502.01
2018-02-13,14.36,14.09,14.46,14.03,2650.51
2018-02-14,13.92,14.39,14.46,13.92,4519.51
2018-02-22,14.39,14.29,14.39,14.18,1178.67
2018-02-23,14.28,14.04,14.31,13.95,3498.0
2018-02-26,14.03,14.38,14.43,13.97,7955.63
2018-02-27,14.37,14.82,14.9,14.3,12007.85
2018-02-28,14.82,14.82,14.87,14.57,2694.35
2018-03-01,14.61,14.69,14.8,14.55,2534.25
2018-03-02,14.69,14.75,14.86,14.61,1991.0
2018-03-05,14.81,15.69,15.87,14.81,15453.46
2018-03-06,15.71,15.9,15.94,15.38,14114.43
2018-03-07,15.75,15.73,15.9,15.56,6563.0
2018-03-08,15.61,15.72,15.9,15.61,3812.0
2018-03-09,15.75,16.08,16.23,15.75,16810.52
2018-03-12,16.08,15.97,16.08,15.61,10338.79
2018-03-13,15.89,15.9,15.96,15.61,4456.4
2018-03-14,15.96,15.73,15.96,15.7,2115.4
2018-03-15,15.46,15.41,15.72,14.97,4195.66
2018-03-16,15.39,15.45,15.58,15.33,1349.0
2018-03-19,15.14,15.85,15.87,15.12,5250.0
2018-03-20,15.74,15.85,16.12,15.56,4403.0
2018-03-21,15.91,15.99,16.38,15.76,10506.0
2018-03-22,15.97,16.07,16.14,15.82,3552.72
2018-03-23,15.91,15.27,15.91,15.11,5198.8
2018-03-26,15.15,15.72,15.83,14.95,5950.2
2018-03-27,15.72,16.09,16.16,15.68,4321.0
2018-03-28,16.05,15.64,16.08,15.57,3314.0
2018-03-29,15.63,16.09,16.09,15.54,3536.01
2018-03-30,16.04,17.05,17.18,16.04,17307.29
2018-04-02,17.08,17.23,17.92,16.95,15107.68
2018-04-03,16.74,16.91,17.17,16.74,6393.0
2018-04-04,16.92,18.56,18.6,16.59,34852.2
2018-04-09,18.56,19.19,19.56,18.49,58765.74
2018-04-10,18.85,19.0,19.36,18.5,24223.98
2018-04-11,18.99,19.18,19.57,18.74,11497.41
2018-04-12,19.26,19.14,19.46,19.0,9692.06
2018-04-13,19.28,19.21,19.41,18.81,10137.68
2018-04-16,19.21,19.64,20.15,18.87,16656.21
2018-04-17,19.51,19.0,20.04,18.98,10701.13
2018-04-18,19.43,18.98,19.43,18.13,10652.42
2018-04-19,18.78,18.81,19.18,18.6,9052.01
2018-04-20,18.67,18.58,19.06,18.36,8698.0
2018-04-23,18.44,18.69,18.81,18.44,6026.5
2018-04-24,18.51,18.7,18.97,18.51,8415.49
2018-04-25,18.7,18.85,18.92,18.4,6995.54
2018-04-26,18.85,18.19,18.85,18.05,9660.4
2018-04-27,18.2,18.26,18.48,18.0,4190.11
2018-05-02,18.28,17.41,18.52,17.37,12352.89
2018-05-03,17.6,18.65,18.73,17.41,21000.59
2018-05-04,18.55,18.57,18.77,18.29,14125.93
2018-05-07,18.69,18.55,19.2,18.55,13458.11
2018-05-08,18.77,18.54,19.03,18.03,24561.72
2018-05-09,18.42,18.37,18.86,18.21,8281.13
2018-05-10,18.37,18.25,18.4,17.79,10778.21
2018-05-11,18.25,18.28,18.41,17.99,5681.71
2018-05-14,18.36,18.07,18.36,18.0,3518.8
2018-05-15,18.17,18.17,18.2,17.59,10292.73
2018-05-16,18.15,18.01,18.44,17.93,4880.8
2018-05-17,17.77,18.24,18.27,17.77,5626.92
2018-05-18,18.3,18.36,18.49,17.7,8570.11
2018-05-21,18.37,18.28,18.56,18.07,5355.91
2018-05-22,17.83,18.28,18.44,17.83,8548.6
2018-05-23,18.13,18.71,18.79,18.13,19561.27
2018-05-24,18.72,18.87,18.9,18.49,12663.2
2018-05-25,18.85,18.87,19.13,18.5,17029.1
2018-05-28,18.87,19.46,19.57,18.6,24262.7
2018-05-29,19.75,19.1,19.75,18.98,12901.01
2018-05-30,19.36,19.18,19.5,18.54,17441.0
2018-05-31,19.18,19.44,19.5,19.07,33128.61
2018-06-01,19.43,18.65,19.43,18.6,16633.0
2018-06-04,18.6,18.53,18.6,16.91,15607.0
2018-06-05,18.42,18.56,18.8,18.21,9145.22
2018-06-06,18.36,18.19,18.59,17.97,6566.0
2018-06-07,18.19,17.67,18.25,17.62,5252.2
2018-06-08,17.63,17.59,17.63,16.96,3124.0
2018-06-11,17.64,17.22,17.79,16.92,5366.15
2018-06-12,17.18,17.33,17.44,16.98,2144.85
2018-06-13,17.41,17.05,17.41,17.02,2297.02
2018-06-14,17.27,16.98,17.27,16.95,2802.0
2018-06-15,16.77,16.84,17.01,16.44,3610.22
2018-06-19,16.77,15.86,16.8,15.59,6875.02
2018-06-20,15.83,16.19,16.33,15.59,2972.32
2018-06-21,16.05,15.47,16.25,15.13,4850.59
2018-06-22,15.38,13.92,15.47,13.92,12192.03
2018-06-25,12.74,12.53,13.66,12.53,30433.07
2018-06-26,11.28,11.28,11.51,11.28,24162.0
2018-06-27,11.18,10.2,11.22,10.15,122294.88
2018-06-28,10.05,9.63,10.22,9.22,139346.97
2018-06-29,9.59,9.61,9.76,9.45,88105.53
2018-07-02,9.61,9.48,9.81,9.34,98130.51
2018-07-03,9.43,9.64,9.71,9.43,72157.13
2018-07-04,9.71,9.76,9.93,9.64,84344.63
2018-07-05,9.71,9.27,9.71,9.22,56955.17
2018-07-06,9.35,9.01,9.39,8.64,56354.0
2018-07-09,9.04,9.38,9.45,8.94,39192.0
2018-07-10,9.39,9.43,9.59,9.38,37723.0
2018-07-11,9.07,8.92,9.23,8.56,44645.01
2018-07-12,9.01,9.16,9.51,8.92,53581.54
2018-07-13,9.28,10.07,10.07,9.22,70539.49
2018-07-16,10.79,11.08,11.08,10.51,136690.52
2018-07-17,10.94,10.6,11.75,10.51,181605.25
2018-07-18,10.28,10.61,11.06,10.28,111727.55
2018-07-19,10.37,10.15,10.52,10.11,65966.0
2018-07-20,10.14,10.24,10.48,10.09,46644.38
2018-07-23,10.12,9.88,10.15,9.45,67844.06
2018-07-24,9.66,10.28,10.42,9.66,66635.97
2018-07-25,10.26,10.15,10.41,10.1,40027.54
2018-07-26,10.11,10.24,10.33,9.95,36740.0
2018-07-27,10.12,10.51,10.72,10.02,52255.07
2018-07-30,10.52,9.64,10.52,9.51,61829.29
2018-07-31,9.64,10.6,10.6,9.51,50355.43
2018-08-01,10.79,10.69,11.07,10.48,120036.02
2018-08-02,10.68,10.35,10.72,9.94,62319.79
2018-08-03,10.28,10.18,10.61,10.11,60376.2
2018-08-06,10.23,9.66,10.34,9.48,44164.56
2018-08-07,9.52,9.82,9.84,9.21,43892.76
2018-08-08,9.92,9.43,9.98,9.38,35405.65
2018-08-09,9.26,9.56,9.76,9.22,28892.82
2018-08-10,9.56,10.51,10.51,9.56,39347.56
2018-08-13,10.66,10.92,11.49,10.65,137872.22
2018-08-14,10.73,10.63,10.89,10.53,71855.44
2018-08-15,10.69,10.29,10.78,10.27,51039.42
2018-08-16,10.19,10.33,10.5,9.84,47706.05
2018-08-17,10.3,9.84,10.47,9.79,39114.22
2018-08-20,9.77,10.19,10.24,9.68,35586.92
2018-08-21,10.2,10.42,10.57,10.09,44020.34
2018-08-22,10.45,10.54,10.63,10.27,44986.24
2018-08-23,10.43,10.51,10.66,10.39,37555.19
2018-08-24,10.51,10.13,10.52,10.07,30024.04
2018-08-27,10.23,10.45,10.47,10.04,28112.0
2018-08-28,10.52,10.39,10.52,10.29,21577.77
2018-08-29,10.49,10.56,10.94,10.39,39231.18
2018-08-30,10.61,10.15,10.64,10.15,28686.16
2018-08-31,10.14,9.89,10.14,9.77,19968.21
2018-09-03,9.87,9.96,10.03,9.63,15313.95
2018-09-04,9.89,10.02,10.15,9.88,16510.42
2018-09-05,10.02,9.94,10.12,9.83,18273.16
2018-09-06,9.89,9.73,10.02,9.69,17497.49
2018-09-07,9.69,9.77,9.91,9.57,15631.21
2018-09-10,9.66,9.57,9.81,9.56,12495.0
2018-09-11,9.57,9.61,9.67,9.43,9498.15
2018-09-12,9.61,9.59,9.67,9.53,7806.49
2018-09-13,9.66,9.65,9.71,9.5,10271.34
2018-09-14,9.67,9.38,9.68,9.37,10324.06
2018-09-17,9.38,9.07,9.41,8.49,18688.4
2018-09-18,8.91,9.25,9.28,8.91,18642.63
2018-09-19,9.29,9.27,9.41,9.2,16472.29
2018-09-20,9.27,9.13,9.37,9.06,13953.02
2018-09-21,9.14,9.26,9.3,9.14,16092.08
2018-09-25,9.26,9.32,9.39,9.17,16764.22
2018-09-26,9.61,10.25,10.25,9.61,27862.95
2018-09-27,10.83,10.39,11.28,10.38,162041.68
2018-09-28,9.91,9.86,9.98,9.69,92074.06
2018-10-08,9.63,9.29,9.64,9.24,47635.87
2018-10-09,9.28,9.23,9.35,9.1,32681.05
2018-10-10,9.25,9.38,9.4,9.07,29503.2
2018-10-11,9.08,8.48,9.12,8.45,46413.25
2018-10-12,8.41,8.3,8.48,8.02,32257.9
2018-10-15,8.45,8.17,8.51,8.17,15490.0
2018-10-16,8.17,7.89,8.33,7.81,24126.36
2018-10-17,7.98,7.92,8.11,7.68,18238.44
2018-10-18,7.76,7.59,7.88,7.56,17379.97
2018-10-19,7.37,7.7,7.79,7.3,22784.95
2018-10-22,7.78,8.08,8.2,7.77,28550.86
2018-10-23,8.04,7.96,8.2,7.9,20269.99
2018-10-24,7.86,7.97,8.11,7.81,15585.0
2018-10-25,7.81,7.99,8.02,7.58,17762.79
2018-10-26,8.04,7.95,8.46,7.92,17217.99
2018-10-29,8.0,7.73,8.0,7.67,10706.0
2018-10-30,7.74,7.97,7.97,7.65,14797.18
2018-10-31,7.97,8.03,8.12,7.94,17250.27
2018-11-01,8.04,8.04,8.24,8.04,18984.57
2018-11-02,8.17,8.35,8.35,8.15,28238.6
2018-11-05,8.34,8.57,9.0,8.22,45337.25
2018-11-06,8.53,8.77,8.82,8.45,34280.91
2018-11-07,8.87,8.95,9.35,8.65,56865.01
2018-11-08,8.93,8.89,9.05,8.76,25859.0
2018-11-09,8.85,8.95,9.04,8.75,16072.21
2018-11-12,8.81,9.03,9.03,8.74,21734.5
2018-11-13,8.94,9.21,9.25,8.81,29802.13
2018-11-14,9.2,9.1,9.26,9.06,20558.65
2018-11-15,9.01,9.28,9.32,9.01,19126.37
2018-11-16,9.15,9.18,9.4,9.15,18011.0
2018-11-19,9.13,9.78,9.97,9.13,47296.33
2018-11-20,9.6,9.11,9.71,9.11,36402.0
2018-11-21,8.96,9.39,9.43,8.87,22306.04
2018-11-22,9.27,9.45,9.52,9.27,15891.56
2018-11-23,9.28,8.85,9.37,8.85,26614.52
2018-11-26,8.89,9.11,9.12,8.89,16345.98
2018-11-27,9.3,9.07,9.38,9.03,18773.65
2018-11-28,9.08,9.21,9.3,8.75,18708.95
2018-11-29,9.32,9.07,9.35,9.01,14612.88
2018-11-30,9.07,9.07,9.14,8.87,11047.65
2018-12-03,9.2,9.29,9.34,9.2,18945.19
2018-12-04,9.29,9.4,9.46,9.21,14308.12
2018-12-05,9.18,9.3,9.4,9.18,12280.1
2018-12-06,9.3,9.39,9.45,9.17,16450.1
2018-12-07,9.39,9.19,9.39,9.12,15336.62
2018-12-10,9.12,9.0,9.12,8.99,7854.0
2018-12-11,8.95,9.16,9.24,8.95,9021.0
2018-12-12,9.27,9.14,9.3,9.08,6226.63
2018-12-13,9.07,9.22,9.3,9.07,9094.75
2018-12-14,9.28,9.03,9.28,8.99,7472.01
2018-12-17,9.05,9.17,9.17,8.89,12039.75
2018-12-18,9.15,8.96,9.18,8.92,6974.0
2018-12-19,8.96,8.89,9.03,8.85,4894.0
2018-12-20,8.87,8.89,8.99,8.82,4429.49
2018-12-21,8.87,8.71,8.87,8.53,9768.07
2018-12-24,8.71,9.02,9.04,8.53,10307.46
2018-12-25,9.02,9.38,9.92,8.99,48135.71
2018-12-26,9.34,9.35,9.43,9.13,29168.54
2018-12-27,9.45,9.25,9.48,9.14,26326.3
2018-12-28,9.17,9.1,9.18,8.88,18537.05
2019-01-02,9.07,8.76,9.1,8.76,10641.88
2019-01-03,8.72,8.63,8.85,8.63,8048.0
2019-01-04,8.6,8.79,8.81,8.48,11233.1
2019-01-07,8.78,8.95,8.97,8.73,8839.27
2019-01-08,8.95,8.88,9.02,8.85,8390.8
2019-01-09,8.93,9.14,9.76,8.86,33443.61
2019-01-10,9.22,8.97,9.28,8.86,16303.37
2019-01-11,8.87,8.9,8.97,8.83,10475.27
2019-01-14,8.9,8.74,8.94,8.72,7690.6
2019-01-15,8.74,8.88,8.89,8.69,7772.0
2019-01-16,8.92,8.85,8.94,8.82,8290.0
2019-01-17,8.66,8.75,8.92,8.66,6149.11
2019-01-18,8.7,8.81,8.87,8.7,5516.21
2019-01-21,8.81,8.84,8.92,8.8,5806.2
2019-01-22,8.84,8.76,8.85,8.73,5137.0
2019-01-23,8.87,8.5,8.87,8.33,15027.93
2019-01-24,8.47,8.61,8.61,8.45,9336.97
2019-01-25,8.51,8.43,8.58,8.42,6262.0
2019-01-28,8.53,8.45,8.6,8.43,7288.48
2019-01-29,8.45,8.16,8.45,7.92,10496.05
2019-01-30,8.04,8.2,8.33,8.04,6003.0
2019-01-31,8.18,7.89,8.25,7.86,8005.0
2019-02-01,7.94,8.12,8.17,7.94,6688.94
2019-02-11,8.13,8.37,8.53,8.11,8183.0
2019-02-12,8.41,8.51,8.56,8.35,8953.0
2019-02-13,8.55,8.63,8.7,8.48,12284.01
2019-02-14,8.67,8.63,8.69,8.56,10063.74
2019-02-15,8.63,8.58,8.68,8.54,10429.5
2019-02-18,8.66,8.81,8.9,8.61,24629.1
2019-02-19,8.85,8.78,8.87,8.69,20616.88
2019-02-20,8.77,8.8,8.99,8.71,25516.1
2019-02-21,8.74,8.73,8.86,8.69,22431.96
2019-02-22,8.71,8.74,8.76,8.59,22965.07
2019-02-25,8.77,9.15,9.15,8.76,43569.3
2019-02-26,9.24,9.17,9.46,9.16,55707.07
2019-02-27,9.15,9.26,9.56,9.12,39364.43
2019-02-28,9.23,9.37,9.4,9.15,23909.47
2019-03-01,9.33,9.33,9.43,9.17,24051.16
2019-03-04,9.38,9.4,9.63,9.34,41805.49
2019-03-05,9.48,9.61,9.68,9.4,38819.87
2019-03-06,9.64,10.07,10.07,9.5,51811.69
2019-03-07,10.4,9.93,10.4,9.79,64248.12
2019-03-08,9.95,9.46,9.97,9.4,41968.06
2019-03-11,9.46,9.78,9.82,9.4,28374.93
2019-03-12,9.73,9.87,9.95,9.72,47205.03
2019-03-13,9.95,9.81,10.24,9.73,52249.1
2019-03-14,9.64,9.6,9.89,9.43,29163.56
2019-03-15,9.56,9.59,9.73,9.53,23562.69
2019-03-18,9.6,9.83,9.86,9.55,26341.29
2019-03-19,9.87,9.82,9.88,9.66,30006.12
2019-03-20,9.79,9.69,9.81,9.56,27932.84
2019-03-21,9.74,9.84,9.92,9.64,39314.92
2019-03-22,9.84,10.05,10.06,9.69,39386.89
2019-03-25,9.93,9.84,10.0,9.73,35681.01
2019-03-26,9.84,9.55,9.89,9.46,31196.0
2019-03-27,9.55,9.66,9.69,9.5,20221.86
2019-03-28,9.66,9.51,9.7,9.48,19205.86
2019-03-29,9.51,9.72,9.73,9.43,28515.22
2019-04-01,9.79,10.04,10.04,9.77,43981.99
2019-04-02,10.17,10.39,10.49,9.99,69431.79
2019-04-03,10.33,10.26,10.36,10.09,48235.65
2019-04-04,10.29,10.24,10.34,10.13,36454.62
2019-04-08,10.29,10.21,10.42,10.03,35292.63
2019-04-09,10.23,10.36,10.38,10.09,31562.12
2019-04-10,10.34,10.85,11.26,10.2,77222.11
2019-04-11,10.83,10.35,10.83,10.3,54262.0
2019-04-12,10.36,10.54,10.61,10.29,31924.09
2019-04-15,10.57,10.43,10.77,10.37,37007.11
2019-04-16,10.34,10.33,10.35,9.99,32703.9
2019-04-17,10.3,10.3,10.41,10.23,23809.08
2019-04-18,10.3,10.31,10.53,10.25,25542.32
2019-04-19,10.33,10.35,10.41,10.13,20826.61
2019-04-22,10.37,10.65,10.85,10.3,42394.72
2019-04-23,10.59,10.64,11.1,10.58,58479.63
2019-04-24,10.58,10.28,10.58,10.07,40653.77
2019-04-25,10.25,9.74,10.32,9.72,32138.14
2019-04-26,9.69,9.66,9.8,9.57,19425.99
2019-04-29,9.81,9.64,9.99,9.63,24236.85
2019-04-30,9.74,9.89,10.03,9.69,19436.36
2019-05-06,9.61,8.91,9.74,8.91,35514.95
2019-05-07,8.99,9.02,9.11,8.83,20351.22
2019-05-08,8.92,9.28,9.33,8.49,26917.51
2019-05-09,9.24,9.27,9.32,9.15,17218.0
2019-05-10,9.39,9.41,9.56,9.03,21293.06
2019-05-13,9.39,9.48,9.69,9.29,15991.18
2019-05-14,9.46,9.28,9.56,9.21,14566.09
2019-05-15,9.32,9.56,9.57,9.32,16560.5
2019-05-16,9.58,9.71,9.71,9.53,15902.54
2019-05-17,9.71,9.33,9.79,9.27,15425.57
2019-05-20,9.43,9.1,9.46,8.84,27090.92
2019-05-21,9.2,9.48,9.5,9.02,14978.0
2019-05-22,9.47,9.31,9.53,9.26,12445.0
2019-05-23,9.35,9.04,9.35,8.94,15683.0
2019-05-24,9.04,9.07,9.17,8.95,9721.41
2019-05-27,9.16,9.31,9.36,9.0,11346.97
2019-05-28,9.38,9.32,9.52,9.28,13119.2
2019-05-29,9.33,9.42,9.57,9.21,14410.48
2019-05-30,9.47,9.56,9.64,9.32,15923.17
2019-05-31,9.63,9.36,9.65,9.33,14264.9
2019-06-03,9.36,9.22,9.42,9.12,12101.61
2019-06-04,9.29,9.04,9.29,8.96,12269.61
2019-06-05,9.08,8.99,9.15,8.96,7872.8
2019-06-06,8.99,8.79,9.01,8.65,13400.0
2019-06-10,8.75,8.75,8.8,8.65,8176.64
2019-06-11,8.76,9.01,9.03,8.69,11551.22
2019-06-12,8.98,8.92,9.07,8.92,9891.0
2019-06-13,8.93,9.02,9.11,8.9,8790.64
2019-06-14,9.06,8.86,9.1,8.85,7482.31
2019-06-17,8.86,8.76,8.94,8.73,11969.73
2019-06-18,8.75,8.77,8.82,8.66,7598.71
2019-06-19,8.83,9.01,9.03,8.83,15077.9
2019-06-20,9.01,9.1,9.1,8.88,17232.1
2019-06-21,9.11,9.2,9.21,9.08,13394.55
2019-06-24,9.22,9.14,9.3,9.07,8419.71
2019-06-25,9.11,9.0,9.18,8.9,12985.1
2019-06-26,8.99,9.25,9.25,8.99,15167.0
2019-06-27,9.28,9.28,9.28,9.12,13760.0
2019-06-28,9.28,9.44,10.21,9.09,41302.87
2019-07-01,9.6,9.73,9.8,9.58,42656.03
2019-07-02,9.72,9.63,9.81,9.54,23835.55
2019-07-03,9.56,9.49,9.7,9.46,19357.07
2019-07-04,9.6,9.37,9.6,9.28,20758.42
2019-07-05,9.37,9.49,9.49,9.23,17379.82
2019-07-08,9.44,9.09,9.44,9.09,17999.68
2019-07-09,9.09,9.23,9.33,9.09,14076.9
2019-07-10,9.22,9.21,9.36,9.15,11595.09
2019-07-11,9.28,9.34,9.39,9.18,11201.3
2019-07-12,9.25,9.41,9.42,9.23,14242.95
2019-07-15,9.45,9.59,9.62,9.36,18656.36
2019-07-16,9.59,9.54,9.62,9.49,12766.28
2019-07-17,9.6,9.46,9.69,9.38,20016.14
2019-07-18,9.45,9.18,9.45,9.12,17653.7
2019-07-19,9.19,9.22,9.29,9.14,12501.1
2019-07-22,9.23,8.96,9.23,8.87,9775.0
2019-07-23,9.04,9.01,9.15,8.88,9807.88
2019-07-24,8.96,9.07,9.14,8.92,9658.0
2019-07-25,9.07,9.13,9.17,9.0,6264.1
2019-07-26,9.09,9.07,9.12,9.01,5277.12
2019-07-29,9.23,9.09,9.23,9.07,6375.0
2019-07-30,9.09,9.2,9.31,9.07,11715.99
2019-07-31,9.33,9.19,9.33,9.12,7913.0
2019-08-01,9.2,9.2,9.26,9.12,9705.16
2019-08-02,9.08,8.96,9.08,8.91,10002.0
2019-08-05,8.87,8.91,9.03,8.87,7228.01
2019-08-06,8.9,8.49,8.9,8.36,15128.0
2019-08-07,8.55,8.51,8.64,8.45,10200.2
2019-08-08,8.62,8.54,8.64,8.51,5662.01
2019-08-09,8.53,8.43,8.68,8.29,7531.56
2019-08-12,8.48,8.56,8.61,8.4,7579.8
2019-08-13,8.54,8.56,8.61,8.45,5122.0
2019-08-14,8.64,8.6,8.69,8.53,6955.0
2019-08-15,8.37,8.61,8.64,8.34,9297.8
2019-08-16,8.65,8.75,8.82,8.59,9130.34
2019-08-19,8.8,8.98,9.02,8.73,11304.94
2019-08-20,8.96,8.99,9.13,8.94,10858.8
2019-08-21,8.99,8.98,9.1,8.9,10051.88
2019-08-22,9.01,9.2,9.27,8.93,19726.97
2019-08-23,9.23,9.17,9.29,9.03,12786.62
2019-08-26,8.94,9.65,10.06,8.94,68132.81
2019-08-27,9.63,9.59,9.86,9.47,39087.74
2019-08-28,9.57,9.68,9.87,9.57,32763.58
2019-08-29,9.77,9.66,9.79,9.57,25323.5
2019-08-30,9.64,9.41,9.74,9.24,29256.99
2019-09-02,9.53,9.75,9.78,9.27,30445.95
2019-09-03,9.73,9.67,9.86,9.6,21392.13
2019-09-04,9.69,9.67,9.89,9.6,25057.5
2019-09-05,9.69,9.7,9.88,9.65,20849.0
2019-09-06,9.68,9.56,9.72,9.5,15984.3
2019-09-09,9.61,9.94,10.0,9.61,30209.71
2019-09-10,9.96,10.08,10.27,9.79,35563.72
2019-09-11,10.08,10.02,10.23,9.93,18792.96
2019-09-12,9.95,9.88,10.01,9.82,15126.67
2019-09-16,9.89,9.8,9.97,9.78,13239.21
2019-09-17,9.81,9.53,9.84,9.48,18158.74
2019-09-18,9.53,9.54,9.69,9.49,10234.0
2019-09-19,9.6,9.92,9.94,9.52,23822.13
2019-09-20,9.87,9.74,9.93,9.7,15443.34
2019-09-23,9.84,9.68,9.84,9.53,12435.0
2019-09-24,9.83,9.56,9.83,9.52,16222.36
2019-09-25,9.56,9.67,9.87,9.47,18194.4
2019-09-26,9.68,9.23,9.73,9.22,17197.67
2019-09-27,9.21,9.63,9.77,9.21,22308.58
2019-09-30,9.78,9.44,9.78,9.4,17218.0
2019-10-08,9.37,9.93,10.24,9.37,43699.39
2019-10-09,9.89,10.0,10.04,9.74,33808.23
2019-10-10,9.97,10.15,10.17,9.89,36590.84
2019-10-11,10.15,10.16,10.34,9.97,37508.23
2019-10-14,10.29,10.04,10.29,10.0,32139.99
2019-10-15,10.09,10.03,10.24,9.89,28829.77
2019-10-16,10.06,10.3,10.68,10.06,56055.65
2019-10-17,10.2,9.97,10.38,9.96,34191.52
2019-10-18,9.94,9.72,10.08,9.71,24735.87
2019-10-21,9.62,9.8,9.97,9.62,18229.65
2019-10-22,9.81,9.89,9.92,9.72,15853.15
2019-10-23,9.89,9.73,10.08,9.45,31188.6
2019-10-24,9.67,9.73,9.8,9.62,17844.7
2019-10-25,9.73,9.87,9.91,9.69,15946.31
2019-10-28,9.92,9.61,9.92,9.44,55579.81
2019-10-29,9.61,9.16,9.61,9.08,57957.32
2019-10-30,9.09,8.89,9.2,8.85,31357.15
2019-10-31,8.9,8.9,8.94,8.8,22412.77
2019-11-01,8.9,8.99,9.04,8.77,24484.61
2019-11-04,8.99,8.99,9.15,8.96,19000.39
2019-11-05,8.98,8.98,9.02,8.85,13577.88
2019-11-06,9.0,8.91,9.0,8.82,10857.8
2019-11-07,8.91,9.01,9.04,8.84,11972.0
2019-11-08,9.04,9.02,9.13,8.98,12907.89
2019-11-11,9.02,8.68,9.02,8.65,17672.0
2019-11-12,8.68,8.77,8.8,8.62,7234.0
2019-11-13,8.73,8.62,8.81,8.57,13157.0
2019-11-14,8.62,8.84,8.86,8.6,13902.68
2019-11-15,8.79,8.68,8.87,8.67,9334.0
2019-11-18,8.64,8.83,8.85,8.49,15158.0
2019-11-19,8.83,8.97,8.99,8.83,13192.15
2019-11-20,8.97,8.77,9.01,8.77,16989.0
2019-11-21,8.77,8.74,8.83,8.69,7716.54
2019-11-22,8.8,8.65,8.85,8.59,12498.0
2019-11-25,8.59,8.61,8.69,8.57,10460.0
2019-11-26,8.66,8.62,8.7,8.59,7808.0
2019-11-27,8.61,8.51,8.61,8.5,8589.15
2019-11-28,8.51,8.49,8.56,8.45,6258.0
2019-11-29,8.45,8.37,8.54,8.32,12769.85
2019-12-02,8.36,8.33,8.4,8.25,7559.29
2019-12-03,8.29,8.41,8.41,8.26,8970.9
2019-12-04,8.39,8.45,8.49,8.32,8512.75
2019-12-05,8.45,8.61,8.64,8.45,13323.06
2019-12-06,8.59,8.61,8.66,8.55,9135.17
2019-12-09,8.61,8.51,8.66,8.48,13957.97
2019-12-10,8.51,8.55,8.56,8.43,10371.1
2019-12-11,8.54,8.47,8.55,8.44,7239.48
2019-12-12,8.48,8.51,8.54,8.4,8091.9
2019-12-13,8.52,8.67,8.69,8.52,14862.27
2019-12-16,8.69,8.78,8.79,8.65,14921.6
2019-12-17,8.78,8.83,8.89,8.75,19158.35
2019-12-18,8.82,8.77,8.87,8.75,11464.0
2019-12-19,8.77,8.79,8.82,8.7,15561.5
2019-12-20,8.79,8.81,8.91,8.75,20089.0
2019-12-23,8.8,8.59,8.8,8.56,11662.5
2019-12-24,8.54,8.69,8.71,8.54,8869.12
2019-12-25,8.67,8.63,8.69,8.58,11464.11
2019-12-26,8.64,8.72,8.74,8.62,7841.51
2019-12-27,8.76,8.69,8.81,8.67,13681.83
2019-12-30,8.59,8.81,8.81,8.59,13881.97
2019-12-31,8.8,8.85,8.91,8.75,21708.12
2020-01-02,8.93,8.88,8.93,8.85,22958.37
2020-01-03,8.88,8.9,8.91,8.82,18503.52
2020-01-06,8.87,8.84,8.91,8.78,20169.7
2020-01-07,8.89,8.96,8.99,8.83,19685.15
2020-01-08,8.94,8.83,8.97,8.81,16760.57
2020-01-09,8.88,9.07,9.07,8.85,23853.99
2020-01-10,9.12,9.05,9.13,8.98,15785.0
2020-01-13,9.03,9.11,9.11,8.96,16794.63
2020-01-14,9.12,9.12,9.12,9.03,17012.65
2020-01-15,9.12,9.17,9.22,9.09,19742.8
2020-01-16,9.22,9.38,9.5,9.18,34100.24
2020-01-17,9.34,9.21,9.43,9.2,22775.73
2020-01-20,9.2,9.22,9.33,9.11,20047.03
2020-01-21,9.29,9.41,9.53,9.28,36968.59
2020-01-22,9.36,9.27,9.56,9.2,26163.67
2020-01-23,9.29,9.01,9.36,8.93,29902.0
2020-02-03,8.11,8.11,8.56,8.11,48526.36
2020-02-04,8.32,8.58,8.71,8.13,39962.14
2020-02-05,8.67,8.99,9.02,8.6,34944.6
2020-02-06,9.11,9.27,9.56,9.03,60543.08
2020-02-07,9.39,9.2,9.41,9.12,39563.82
2020-02-10,9.2,8.99,9.25,8.94,31959.63
2020-02-11,8.99,8.91,8.99,8.81,30185.63
2020-02-12,8.86,8.93,9.0,8.85,19763.71
2020-02-13,8.89,8.66,8.93,8.61,31474.5
2020-02-14,8.64,8.69,8.76,8.58,16519.01
2020-02-17,8.78,8.88,8.89,8.72,22192.77
2020-02-18,8.89,8.88,8.89,8.73,22256.0
2020-02-19,8.8,8.73,8.87,8.71,20920.4
2020-02-20,8.75,8.78,8.8,8.61,24842.99
2020-02-21,8.8,8.93,8.94,8.74,28893.23
2020-02-24,8.93,9.02,9.05,8.85,29693.22
2020-02-25,8.79,8.96,8.99,8.76,30234.97
2020-02-26,8.8,8.81,8.95,8.8,25107.21
2020-02-27,8.88,8.96,8.96,8.8,22448.68
2020-02-28,8.87,9.03,9.45,8.78,77733.38
2020-03-02,9.02,9.52,9.58,8.99,82526.1
2020-03-03,9.51,9.28,9.8,9.2,73090.76
2020-03-04,9.26,9.42,9.48,9.22,41684.26
2020-03-05,9.43,9.57,9.6,9.33,61153.38
2020-03-06,9.48,9.57,9.78,9.36,52708.19
2020-03-09,9.52,9.11,9.52,9.11,47221.32
2020-03-10,8.94,9.03,9.23,8.73,47075.96
2020-03-11,8.99,8.97,9.2,8.94,35457.91
2020-03-12,8.92,8.8,9.01,8.74,26707.01
2020-03-13,8.38,8.59,8.65,8.29,32547.53
2020-03-16,8.61,8.41,8.8,8.4,23716.6
2020-03-17,8.32,8.37,8.51,8.14,19086.41
2020-03-18,8.48,8.25,8.6,8.25,17021.02
2020-03-19,8.28,8.2,8.34,8.03,20284.0
2020-03-20,8.28,8.32,8.32,8.19,15150.02
2020-03-23,8.16,8.08,8.25,8.07,15245.24
2020-03-24,8.17,8.24,8.29,8.09,10994.0
2020-03-25,8.37,8.34,8.37,8.28,15894.42
2020-03-26,8.3,8.41,8.45,8.21,17128.83
2020-03-27,8.48,8.45,8.63,8.4,21264.98
2020-03-30,8.34,8.28,8.41,8.16,17102.66
2020-03-31,8.32,8.27,8.37,8.22,10513.0
2020-04-01,8.22,8.19,8.29,8.17,14098.0
2020-04-02,8.19,8.29,8.29,8.12,11670.26
2020-04-03,8.51,8.32,8.51,8.29,12242.66
2020-04-07,8.39,8.47,8.5,8.38,17095.54
2020-04-08,8.41,8.51,8.56,8.38,13420.01
2020-04-09,8.58,8.57,8.65,8.47,20429.61
2020-04-10,8.51,8.52,8.64,8.47,19174.45
2020-04-13,8.51,8.47,8.54,8.4,10634.0
2020-04-14,8.45,8.57,8.57,8.43,10551.97
2020-04-15,8.59,8.65,8.69,8.52,16935.71
2020-04-16,8.61,8.56,8.64,8.47,13162.0
2020-04-17,8.62,8.48,8.62,8.47,16435.87
2020-04-20,8.43,8.61,8.61,8.43,18675.28
2020-04-21,8.59,8.45,8.59,8.4,14107.0
2020-04-22,8.39,8.39,8.44,8.28,16388.0
2020-04-23,8.4,8.4,8.48,8.35,16005.01
2020-04-24,8.4,8.27,8.4,8.19,16241.95
2020-04-27,8.27,8.32,8.37,8.21,19477.97
2020-04-28,8.32,8.09,8.34,8.0,17445.1
2020-04-29,8.06,8.13,8.18,8.04,11091.0
2020-04-30,8.12,8.24,8.25,8.11,17173.25
2020-05-06,8.21,8.24,8.24,8.11,20712.61
2020-05-07,8.23,8.17,8.24,8.14,14060.0
2020-05-08,8.26,8.21,8.26,8.18,14393.7
2020-05-11,8.24,8.18,8.24,8.16,14671.44
2020-05-12,8.16,8.14,8.2,8.08,11078.21
2020-05-13,8.11,8.19,8.23,8.11,12270.9
2020-05-14,8.2,8.14,8.2,8.13,8961.46
2020-05-15,8.16,8.07,8.19,8.07,13343.2
2020-05-18,8.08,8.06,8.16,8.0,16736.59
2020-05-19,8.08,8.11,8.13,8.06,12614.34
2020-05-20,8.07,8.05,8.11,8.0,13916.64
2020-05-21,8.07,8.11,8.17,8.0,15796.0
2020-05-22,8.11,7.87,8.13,7.84,21373.94
2020-05-25,7.89,7.85,7.89,7.77,7496.88
2020-05-26,7.86,7.94,7.97,7.85,6965.88
2020-05-27,7.97,7.89,7.97,7.84,10508.99
2020-05-28,7.89,7.88,7.95,7.76,12418.49
2020-05-29,7.87,7.94,7.96,7.81,12443.45
2020-06-01,7.97,8.11,8.18,7.95,19365.93
2020-06-02,8.11,8.09,8.14,8.08,14603.14
2020-06-03,8.13,8.07,8.21,8.04,16941.94
2020-06-04,8.06,8.09,8.13,8.03,9027.38
2020-06-05,8.07,8.05,8.13,8.02,8774.01
2020-06-08,8.08,8.03,8.08,8.0,13062.49
2020-06-09,8.02,8.11,8.13,8.0,15579.31
2020-06-10,8.13,8.11,8.13,8.05,10528.49
2020-06-11,8.11,8.07,8.15,7.98,14757.01
2020-06-12,7.97,8.1,8.12,7.86,12012.17
2020-06-15,8.12,8.07,8.2,8.05,19885.0
2020-06-16,8.09,8.18,8.19,8.08,22066.88
2020-06-17,8.21,8.32,8.4,8.13,39174.89
2020-06-18,8.29,8.24,8.43,8.19,20490.0
2020-06-19,8.25,8.2,8.29,8.19,14624.42
2020-06-22,8.21,8.2,8.23,8.16,14309.39
2020-06-23,8.2,8.15,8.2,8.13,11677.84
2020-06-24,8.16,8.1,8.19,8.05,14245.0
2020-06-29,8.08,8.57,8.76,7.99,60951.56
2020-06-30,8.79,9.06,9.28,8.65,151244.6
2020-07-01,8.94,9.0,9.46,8.94,102953.15
2020-07-02,8.92,8.89,8.99,8.63,75717.03
2020-07-03,8.8,8.8,8.92,8.7,50206.3
2020-07-06,8.82,8.97,9.05,8.78,83562.36
2020-07-07,9.09,8.92,9.09,8.84,71745.75
2020-07-08,8.92,8.95,8.98,8.81,61735.11
2020-07-09,8.97,9.11,9.21,8.92,81579.34
2020-07-10,9.06,9.23,9.32,9.0,70566.6
2020-07-13,9.28,9.6,9.62,9.1,82534.41
2020-07-14,9.49,9.38,9.54,9.21,60680.3
2020-07-15,9.43,9.15,9.55,9.14,47215.32
2020-07-16,9.15,8.69,9.25,8.67,43617.26
2020-07-17,8.74,8.79,8.84,8.59,27293.77
2020-07-20,8.84,8.98,9.0,8.76,27505.56
2020-07-21,8.97,8.97,9.07,8.86,24475.21
2020-07-22,8.92,8.94,9.06,8.9,25312.43
2020-07-23,8.84,9.36,9.49,8.71,69162.45
2020-07-24,9.43,10.29,10.29,9.21,220697.86
2020-07-27,11.29,11.32,11.32,10.98,86827.93
2020-07-28,12.45,12.45,12.45,12.02,300914.21
2020-07-29,12.81,13.7,13.7,12.69,134276.33
2020-07-30,15.06,15.06,15.06,15.06,11546.52
2020-07-31,16.57,16.57,16.57,16.1,161595.48
2020-08-03,18.13,18.23,18.23,17.56,164965.89
2020-08-04,19.88,19.06,20.05,18.27,594684.48
2020-08-05,17.15,19.15,20.64,17.15,478135.46
2020-08-06,18.13,17.59,18.46,17.25,384067.33
2020-08-07,17.16,19.35,19.35,16.6,430778.13
2020-08-10,18.16,21.29,21.29,17.7,462924.25
2020-08-11,21.56,19.72,23.1,19.22,504931.87
2020-08-12,18.43,18.33,19.46,17.75,318403.44
2020-08-13,17.76,16.5,17.87,16.5,310926.3
2020-08-14,15.86,15.41,15.93,15.0,270943.47
2020-08-17,15.39,16.18,16.65,15.34,274193.56
2020-08-18,16.13,17.79,17.79,15.86,341664.46
2020-08-19,17.44,16.02,17.54,16.01,282534.24
2020-08-20,15.17,15.39,15.83,14.6,174823.58
2020-08-21,15.63,15.02,15.65,14.65,163377.81
2020-08-24,15.42,14.87,15.42,14.31,133761.54
2020-08-25,14.87,14.0,14.87,13.9,202253.01
2020-08-26,13.97,13.78,14.18,13.53,154994.97
2020-08-27,13.73,13.73,13.93,13.29,124869.36
2020-08-28,13.74,13.92,14.1,13.35,129316.43
2020-08-31,13.81,13.84,14.06,13.75,98263.35
2020-09-01,13.84,13.73,13.91,13.39,86314.33
2020-09-02,13.7,13.49,13.78,13.34,79911.43
2020-09-03,13.53,13.21,13.76,13.16,98859.85
2020-09-04,12.79,13.17,13.25,12.72,76093.01
2020-09-07,13.15,12.59,13.24,12.59,68283.66
2020-09-08,12.59,12.72,13.05,12.52,68842.7
2020-09-09,12.62,11.86,12.62,11.81,87831.59
2020-09-10,12.18,11.88,12.18,11.69,83897.51
2020-09-11,11.84,11.99,12.11,11.71,65918.9
2020-09-14,11.89,11.9,12.1,11.73,55156.01
2020-09-15,11.91,12.4,12.62,11.79,149293.01
2020-09-16,12.21,11.56,12.21,11.48,168041.18
2020-09-17,11.53,11.75,11.88,11.42,108779.6
2020-09-18,11.7,12.43,12.78,11.59,184905.75
2020-09-21,12.46,12.26,12.48,12.11,108397.01
2020-09-22,12.11,12.39,12.62,12.1,134383.63
2020-09-23,12.54,12.94,13.23,12.14,242845.62
2020-09-24,12.72,14.23,14.23,12.53,246177.45
2020-09-25,14.71,15.66,15.66,14.7,449745.88
2020-09-28,15.66,14.09,15.99,14.09,300356.34
2020-09-29,13.3,14.16,14.7,12.7,299391.11
2020-09-30,13.89,13.34,14.4,13.16,206574.65
2020-10-09,13.37,14.28,14.51,13.37,242239.7
2020-10-12,14.33,14.41,14.69,14.02,250064.37
2020-10-13,14.26,15.2,15.5,14.09,321798.99
2020-10-14,14.84,14.57,15.2,14.47,214840.69
2020-10-15,14.25,13.95,14.52,13.86,134745.71
2020-10-16,13.94,15.28,15.35,13.78,249124.33
2020-10-19,14.91,15.55,16.07,14.49,294937.71
2020-10-20,15.17,16.5,16.79,15.06,307498.07
2020-10-21,16.47,17.18,18.15,16.15,411255.33
2020-10-22,16.15,15.46,16.66,15.46,281869.3
2020-10-23,15.13,14.6,15.42,14.41,229235.91
2020-10-26,14.65,14.91,15.14,14.31,167378.83
2020-10-27,14.87,13.96,14.95,13.89,189970.0
2020-10-28,13.91,13.43,13.92,13.3,154218.19
2020-10-29,13.45,14.62,14.73,13.38,229741.16
2020-10-30,14.6,14.69,15.13,14.19,244697.85
2020-11-02,14.22,13.78,14.62,13.52,167495.06
2020-11-03,13.6,14.26,14.59,13.39,164128.61
2020-11-04,14.16,13.74,14.29,13.61,131452.0
2020-11-05,13.74,14.03,14.1,13.47,139639.0
2020-11-06,13.9,13.88,13.92,13.52,107313.73
2020-11-09,13.88,14.42,14.76,13.78,161570.81
2020-11-10,15.14,14.49,15.61,14.44,224689.3
2020-11-11,14.03,15.51,15.93,13.65,318709.72
2020-11-12,15.21,16.06,16.61,15.04,323187.05
2020-11-13,15.36,16.01,16.5,15.21,253052.09
2020-11-16,15.99,16.71,16.96,15.67,262302.58
2020-11-17,16.08,15.8,17.3,15.79,273670.18
2020-11-18,15.26,14.57,15.26,14.38,219322.69
2020-11-19,14.33,14.52,14.84,14.25,102961.69
2020-11-20,14.58,14.62,14.67,14.25,100496.68
2020-11-23,14.67,14.69,14.76,14.43,95170.52
2020-11-24,14.57,14.21,14.57,14.19,93059.3
2020-11-25,14.25,14.49,14.91,13.81,150163.52
2020-11-26,14.22,13.98,14.37,13.95,83389.0
2020-11-27,13.86,13.91,14.18,13.76,55161.91
2020-11-30,13.81,13.81,14.07,13.78,55371.0
2020-12-01,13.8,14.18,14.46,13.8,101167.01
2020-12-02,14.18,13.98,14.24,13.91,73837.99
2020-12-03,13.95,14.6,14.76,13.94,154117.66
2020-12-04,14.36,14.7,14.98,14.34,130341.01
2020-12-07,14.59,14.3,14.59,14.25,80420.66
2020-12-08,14.29,14.06,14.46,14.05,57774.86
2020-12-09,14.05,14.35,14.55,14.0,93769.65
2020-12-10,14.18,15.47,15.71,14.03,210824.96
2020-12-11,15.13,15.24,15.62,14.87,192650.92
2020-12-14,14.91,14.33,14.98,13.72,140803.86
2020-12-15,14.03,14.36,14.73,14.02,91319.0
2020-12-16,14.18,13.92,14.18,13.81,88267.53
2020-12-17,13.92,14.06,14.25,13.89,66975.0
2020-12-18,13.89,14.01,14.21,13.89,55426.91
2020-12-21,14.0,14.09,14.12,13.89,52270.0
2020-12-22,14.14,14.38,14.79,14.14,119491.14
2020-12-23,14.1,14.62,14.76,13.96,118100.92
2020-12-24,14.52,14.98,15.36,14.11,177506.14
2020-12-25,14.66,14.46,15.11,14.45,120442.62
2020-12-28,14.51,14.88,14.99,14.24,124618.34
2020-12-29,14.71,14.11,14.95,14.08,110271.82
2020-12-30,13.89,14.02,14.24,13.8,64093.82
2020-12-31,14.11,14.17,14.36,13.98,80996.69
2021-01-04,14.11,13.76,14.11,13.6,130179.96
2021-01-05,13.76,12.95,13.76,12.56,151064.92
2021-01-06,12.9,13.19,13.32,12.58,103288.48
2021-01-07,13.07,12.63,13.08,12.57,71930.14
2021-01-08,12.43,12.26,12.54,12.06,54880.5
2021-01-11,12.18,11.58,12.28,11.55,71477.72
2021-01-12,11.51,11.59,11.85,11.45,52189.0
2021-01-13,11.49,11.08,11.52,11.07,74316.67
2021-01-14,11.08,10.47,11.08,10.32,79197.01
2021-01-15,10.36,10.65,10.73,10.32,47866.22
2021-01-18,10.65,10.96,11.14,10.58,53945.01
2021-01-19,10.96,11.05,11.14,10.88,44032.62
2021-01-20,11.1,10.93,11.24,10.87,37754.43
2021-01-21,10.89,10.96,11.11,10.89,35893.01
2021-01-22,11.06,10.8,11.07,10.74,42877.57
2021-01-25,10.8,10.43,10.82,10.42,46808.0
2021-01-26,10.38,9.98,10.39,9.98,52315.34
2021-01-27,9.85,10.0,10.12,9.84,38918.44
2021-01-28,9.98,9.57,9.98,9.55,40342.07
2021-01-29,9.59,9.22,9.68,9.07,44523.81
2021-02-01,9.23,9.86,9.94,9.23,67912.44
2021-02-02,9.86,9.71,9.87,9.56,40721.82
2021-02-03,9.65,9.4,9.69,9.38,30547.26
2021-02-04,9.41,9.2,9.58,9.06,32246.02
2021-02-05,9.33,9.53,9.79,9.25,54481.0
2021-02-08,9.55,9.17,9.61,9.14,42457.44
2021-02-09,9.07,9.37,9.5,8.89,49174.01
2021-02-10,9.49,9.66,9.71,9.29,42934.49
2021-02-18,9.64,9.69,9.8,9.64,42149.49
2021-02-19,9.66,9.93,9.97,9.58,40697.35
2021-02-22,9.93,10.09,10.42,9.9,55175.0
2021-02-23,10.01,9.71,10.17,9.68,43413.34
2021-02-24,9.71,9.77,9.93,9.58,31823.57
2021-02-25,9.76,9.5,9.83,9.43,38195.44
2021-02-26,9.49,9.52,9.63,9.39,26686.5
2021-03-01,9.56,9.76,9.77,9.55,29391.23
2021-03-02,9.8,9.68,9.85,9.59,26942.51
2021-03-03,9.63,9.89,10.01,9.63,41929.68
2021-03-04,9.84,9.69,9.89,9.63,32096.0
2021-03-05,9.73,10.09,10.12,9.67,54403.09
2021-03-08,10.1,10.01,10.54,9.95,69993.0
2021-03-09,10.0,9.68,10.0,9.41,45377.7
2021-03-10,9.72,9.36,9.78,9.27,41408.21
2021-03-11,9.28,9.44,9.47,9.19,27828.51
2021-03-12,9.45,9.3,9.45,9.23,27459.24
2021-03-15,9.3,10.01,10.23,9.17,98317.98
2021-03-16,10.01,9.87,10.12,9.82,59580.64
2021-03-17,9.88,9.91,9.97,9.77,32332.51
2021-03-18,9.94,9.82,9.97,9.78,27152.66
2021-03-19,9.86,9.71,9.91,9.66,28012.0
2021-03-22,9.68,9.71,9.77,9.61,21833.25
2021-03-23,9.72,9.49,9.74,9.43,30089.25
2021-03-24,9.41,9.55,9.69,9.41,22646.0
2021-03-25,9.56,9.81,9.9,9.47,44692.67
2021-03-26,9.85,10.0,10.15,9.78,59116.72
2021-03-29,10.23,9.84,10.23,9.82,43269.71
2021-03-30,9.79,9.64,9.85,9.63,30870.03
2021-03-31,9.58,9.93,9.96,9.53,41707.27
2021-04-01,10.01,9.78,10.07,9.75,29756.0
2021-04-02,9.77,9.69,9.78,9.63,23465.88
2021-04-06,9.73,9.83,9.85,9.68,23734.4
2021-04-07,9.79,9.93,9.98,9.72,33941.68
2021-04-08,9.93,9.81,9.93,9.76,24813.94
2021-04-09,9.82,9.82,9.87,9.74,19507.01
2021-04-12,9.82,9.55,9.86,9.54,33638.69
2021-04-13,9.56,9.62,9.71,9.55,20006.25
2021-04-14,9.61,9.63,9.68,9.55,18418.0
2021-04-15,9.6,9.49,9.62,9.39,25254.97
2021-04-16,9.54,9.69,9.76,9.44,26678.95
2021-04-19,9.73,9.79,9.87,9.73,29561.0
2021-04-20,9.8,9.87,10.15,9.74,51851.23
2021-04-21,9.8,10.86,10.86,9.79,150577.68
2021-04-22,10.96,10.62,11.37,10.58,195152.47
2021-04-23,10.58,11.25,11.68,10.51,198597.38
2021-04-26,11.18,11.62,12.28,10.87,181479.18
2021-04-27,11.21,11.05,11.44,10.93,109880.23
2021-04-28,11.04,11.07,11.37,10.53,96433.17
2021-04-29,10.99,10.74,11.17,10.74,74817.43
2021-04-30,10.72,10.93,10.99,10.53,62837.11
2021-05-06,10.85,10.63,11.39,10.61,71582.0
2021-05-07,10.61,10.13,10.72,10.12,74917.82
2021-05-10,10.12,10.8,11.02,10.12,93994.91
2021-05-11,10.65,10.55,10.81,10.31,60668.61
2021-05-12,10.45,10.69,10.78,10.31,51237.63
2021-05-13,10.63,11.12,11.33,10.49,100460.68
2021-05-14,11.04,11.23,11.68,10.91,100693.07
2021-05-17,11.07,10.9,11.15,10.82,63771.86
2021-05-18,10.81,10.72,11.01,10.67,48328.0
2021-05-19,10.75,10.73,10.93,10.56,40402.49
2021-05-20,10.7,10.47,10.77,10.45,40299.01
2021-05-21,10.6,10.58,10.7,10.51,28353.0
2021-05-24,10.6,10.46,10.71,10.39,26759.95
2021-05-25,10.53,10.76,10.79,10.53,51349.56
2021-05-26,10.71,10.66,10.82,10.55,38036.78
2021-05-27,10.61,10.72,10.77,10.51,34000.01
2021-05-28,10.69,10.38,10.7,10.29,53501.0
2021-05-31,10.42,10.45,10.56,10.32,32697.51
2021-06-01,10.4,10.42,10.49,10.29,31440.0
2021-06-02,10.49,10.87,10.9,10.46,90974.79
2021-06-03,10.79,10.59,10.89,10.57,55185.11
2021-06-04,10.31,10.4,10.49,10.31,39061.78
2021-06-07,10.4,10.42,10.46,10.35,23754.0
2021-06-08,10.39,10.42,10.49,10.39,23007.71
2021-06-09,10.48,10.37,10.49,10.33,22745.0
2021-06-10,10.34,10.09,10.37,10.05,46667.0
2021-06-11,10.18,9.88,10.18,9.87,29640.18
2021-06-15,9.89,9.75,10.0,9.71,19600.0
2021-06-16,9.78,9.65,9.82,9.63,17442.0
2021-06-17,9.68,9.64,9.7,9.54,16971.0
2021-06-18,9.65,9.77,9.8,9.55,17813.0
2021-06-21,9.8,9.92,9.95,9.74,19216.61
2021-06-22,9.92,9.85,9.96,9.8,16480.0
2021-06-23,9.92,9.82,9.94,9.7,20115.0
2021-06-24,9.77,9.69,9.82,9.66,18556.34
2021-06-25,9.71,9.76,9.78,9.59,17235.0
2021-06-28,9.75,9.82,9.88,9.7,15612.0
2021-06-29,9.8,9.66,9.81,9.63,14865.01
2021-06-30,9.69,9.7,9.72,9.62,11948.0
2021-07-01,9.7,9.88,10.02,9.67,40680.88
2021-07-02,9.8,9.66,9.89,9.62,22534.0
2021-07-05,9.63,9.63,9.66,9.56,14858.88
2021-07-06,9.58,9.62,9.66,9.58,13059.26
2021-07-07,9.6,9.63,9.67,9.55,12687.0
2021-07-08,9.58,9.58,9.63,9.55,20214.88
2021-07-09,9.58,9.44,9.58,9.41,22928.0
2021-07-12,9.47,9.54,9.57,9.44,16354.78
2021-07-13,9.55,9.63,9.63,9.43,19703.2
2021-07-14,9.64,9.58,9.67,9.56,14928.49
2021-07-15,9.58,9.44,9.58,9.3,21133.0
2021-07-16,9.39,9.45,9.54,9.33,15699.48
2021-07-19,9.42,9.33,9.42,9.28,13703.51
2021-07-20,9.33,9.37,9.48,9.32,12871.0
2021-07-21,9.38,9.37,9.41,9.33,14768.74
2021-07-22,9.34,9.29,9.36,9.24,16811.51
2021-07-23,9.29,9.04,9.31,9.03,25070.4
2021-07-26,9.0,8.92,9.03,8.68,19236.01
2021-07-27,8.92,8.61,8.95,8.6,19760.0
2021-07-28,8.61,8.92,9.16,8.23,36092.75
2021-07-29,8.92,8.89,8.99,8.83,19177.0
2021-07-30,8.84,9.01,9.08,8.7,23132.0
2021-08-02,9.03,9.1,9.24,9.01,20605.54
2021-08-03,9.1,9.66,9.91,9.01,68018.83
2021-08-04,9.48,9.6,9.61,9.35,39270.15
2021-08-05,9.54,9.48,9.83,9.43,30143.18
2021-08-06,9.32,9.24,9.38,9.16,27456.0
2021-08-09,9.27,9.27,9.29,9.15,15479.0
2021-08-10,9.25,9.25,9.29,9.2,13932.0
2021-08-11,9.22,9.1,9.22,9.07,20995.74
2021-08-12,9.05,9.03,9.16,9.03,19117.48
2021-08-13,9.06,8.93,9.06,8.89,19853.0
2021-08-16,8.99,9.08,9.13,8.97,15978.24
2021-08-17,9.08,8.83,9.08,8.83,20324.0
2021-08-18,8.81,8.85,8.89,8.77,12042.01
2021-08-19,8.85,8.8,8.89,8.79,12161.0
2021-08-20,8.8,8.63,8.84,8.55,20124.01
2021-08-23,8.62,8.81,8.86,8.59,17790.75
2021-08-24,8.86,8.78,8.86,8.74,15482.01
2021-08-25,8.83,8.71,8.86,8.68,15264.01
2021-08-26,8.69,8.61,8.71,8.6,12657.0
2021-08-27,8.62,8.64,8.68,8.47,17271.87
2021-08-30,8.67,8.81,8.81,8.58,19762.76
2021-08-31,8.81,8.72,8.84,8.69,13301.37
2021-09-01,8.77,8.86,8.94,8.7,22110.78
2021-09-02,8.86,8.77,8.86,8.75,15401.77
2021-09-03,8.77,8.82,8.88,8.77,15392.74
2021-09-06,8.83,8.98,9.04,8.78,26109.0
2021-09-07,9.08,9.0,9.08,8.92,21149.5
2021-09-08,8.97,9.16,9.2,8.96,27518.08
2021-09-09,9.11,9.14,9.23,9.05,18444.0
2021-09-10,9.13,9.03,9.19,9.01,17685.74
2021-09-13,9.02,9.06,9.14,8.99,14296.89
2021-09-14,9.06,8.89,9.1,8.87,20140.0
2021-09-15,8.89,8.92,8.97,8.81,13192.1
2021-09-16,8.95,8.88,9.06,8.86,16693.0
2021-09-17,8.82,8.92,8.94,8.81,16085.0
2021-09-22,8.86,8.95,9.03,8.81,14084.0
2021-09-23,8.95,9.1,9.11,8.95,21499.74
2021-09-24,9.09,8.88,9.09,8.87,19268.0
2021-09-27,8.89,8.78,8.92,8.7,17175.84
2021-09-28,8.87,8.8,8.87,8.72,10439.0
2021-09-29,8.8,8.59,8.8,8.58,14792.0
2021-09-30,8.66,8.67,8.72,8.63,7742.0
2021-10-08,8.69,8.87,8.9,8.69,12481.0
2021-10-11,8.87,9.06,9.13,8.84,24727.0
2021-10-12,9.05,8.99,9.12,8.88,20651.01
2021-10-13,9.05,9.1,9.15,9.01,19417.6
2021-10-14,9.11,9.1,9.16,9.03,14125.0
2021-10-15,9.03,8.96,9.1,8.94,14199.0
2021-10-18,9.03,9.27,9.53,9.0,51400.48
2021-10-19,9.28,9.17,9.51,9.16,27483.36
2021-10-20,9.14,9.08,9.19,9.01,16804.01
2021-10-21,9.02,9.08,9.19,9.01,12970.01
2021-10-22,9.07,9.08,9.16,9.03,9041.0
2021-10-25,9.01,8.84,9.1,8.8,15432.0
2021-10-26,8.84,9.27,9.27,8.84,28608.4
2021-10-27,9.31,8.94,9.34,8.94,23591.0
2021-10-28,8.89,8.94,9.06,8.81,16370.0
2021-10-29,8.88,9.08,9.13,8.86,15125.92
2021-11-01,9.08,9.25,9.3,9.06,32586.01
2021-11-02,9.25,9.12,9.29,9.02,22893.62
2021-11-03,9.13,9.34,9.34,9.12,36830.46
2021-11-04,9.33,9.39,9.41,9.24,35609.0
2021-11-05,9.38,9.27,9.39,9.27,25337.77
2021-11-08,9.38,9.22,9.47,9.2,15947.0
2021-11-09,9.22,9.25,9.33,9.15,12688.0
2021-11-10,9.19,9.38,9.39,9.18,19960.13
2021-11-11,9.38,9.3,9.42,9.27,17972.49
2021-11-12,9.3,9.32,9.38,9.22,16903.0
2021-11-15,9.32,9.69,9.69,9.3,51555.07
2021-11-16,9.69,9.58,9.72,9.53,26973.31
2021-11-17,9.62,9.65,9.65,9.49,24643.49
2021-11-18,9.66,9.75,9.83,9.6,38967.11
2021-11-19,9.77,9.83,9.86,9.67,26875.1
2021-11-22,9.8,9.6,9.8,9.57,32204.74
2021-11-23,9.6,9.63,9.66,9.56,16204.01
2021-11-24,9.63,9.49,9.63,9.43,21276.59
2021-11-25,9.51,9.64,9.66,9.43,24271.33
2021-11-26,9.57,9.52,9.67,9.47,13603.0
2021-11-29,9.53,9.38,9.89,9.36,28444.0
2021-11-30,9.28,9.55,9.57,9.28,26592.11
2021-12-01,9.52,9.55,9.58,9.44,15035.0
2021-12-02,9.49,9.28,9.54,9.27,23996.0
2021-12-03,9.25,9.32,9.35,9.25,9726.01
2021-12-06,9.32,9.14,9.32,9.11,19401.0
2021-12-07,9.15,9.14,9.22,9.09,10320.71
2021-12-08,9.14,9.23,9.25,9.14,10181.0
2021-12-09,9.25,9.3,9.34,9.18,14171.74
2021-12-10,9.3,9.3,9.39,9.27,11538.0
2021-12-13,9.55,10.24,10.24,9.33,102651.52
2021-12-14,10.58,11.26,11.26,10.44,104112.7
2021-12-15,12.39,11.45,12.39,11.26,120860.01
2021-12-16,11.37,11.13,12.12,10.93,300553.62
2021-12-17,10.78,11.51,11.89,10.49,265785.43
2021-12-20,11.15,11.72,12.35,11.15,227738.92
2021-12-21,11.72,11.01,11.88,10.94,159388.36
2021-12-22,10.93,11.19,11.29,10.79,122067.89
2021-12-23,11.06,10.63,11.14,10.58,112825.38
2021-12-24,10.59,10.71,10.82,10.44,86316.67
2021-12-27,10.5,10.96,11.01,10.48,88763.09
2021-12-28,10.83,10.65,10.91,10.6,68412.24
2021-12-29,10.72,10.69,10.97,10.54,68267.63
2021-12-30,10.75,10.87,10.92,10.61,60315.34
2021-12-31,10.82,10.76,10.95,10.69,61488.02
2022-01-04,10.75,10.92,11.15,10.72,80097.13
2022-01-05,10.82,10.03,10.82,9.92,123964.0
2022-01-06,10.11,11.04,11.04,10.08,87997.13
2022-01-07,11.01,10.68,11.23,10.67,135310.42
2022-01-10,10.68,10.86,11.04,10.6,79126.01
2022-01-11,10.9,11.32,11.4,10.79,143691.37
2022-01-12,11.15,11.22,11.31,10.87,97280.5
2022-01-13,11.23,10.84,11.26,10.71,80151.29
2022-01-14,10.84,10.8,11.25,10.8,78905.94
2022-01-17,10.87,11.0,11.14,10.66,77167.75
2022-01-18,10.9,10.45,11.08,10.4,83465.29
2022-01-19,10.42,10.47,10.61,10.32,52162.38
2022-01-20,10.49,10.18,10.73,10.15,49133.89
2022-01-21,10.16,10.46,10.6,9.82,66905.36
2022-01-24,10.46,10.08,10.48,9.98,39867.44
2022-01-25,10.03,9.45,10.03,9.44,41098.74
2022-01-26,9.41,9.45,9.59,9.34,19453.08
2022-01-27,9.35,9.11,9.47,9.11,24861.24
2022-01-28,9.14,9.48,9.58,9.14,27978.54
2022-02-07,9.58,9.45,9.75,9.4,22207.21
2022-02-08,9.45,9.52,9.62,9.36,24200.0
2022-02-09,9.53,9.67,9.72,9.4,30982.01
2022-02-10,9.67,9.69,9.8,9.58,20393.99
2022-02-11,9.68,9.32,9.68,9.3,33780.2
2022-02-14,9.31,9.46,9.61,9.18,25483.75
2022-02-15,9.56,9.39,9.58,9.33,18884.0
2022-02-16,9.44,9.48,9.53,9.39,18544.74
2022-02-17,9.53,9.41,9.56,9.41,21070.6
2022-02-18,9.38,9.5,9.52,9.35,17204.51
2022-02-21,9.47,9.6,9.61,9.44,24754.5
2022-02-22,9.58,9.39,9.58,9.38,23428.59
2022-02-23,9.43,9.53,9.57,9.39,23547.5
2022-02-24,9.49,9.3,9.66,9.11,39644.42
2022-02-25,9.34,9.44,9.58,9.34,22204.75
2022-02-28,9.44,9.3,9.51,9.23,21909.8
2022-03-01,9.4,9.33,9.4,9.25,18947.67
2022-03-02,9.32,9.5,9.5,9.25,22484.43
2022-03-03,9.51,9.61,9.74,9.46,37404.34
2022-03-04,9.61,10.57,10.57,9.59,44334.31
2022-03-07,10.87,10.65,11.61,10.3,230256.93
2022-03-08,10.18,9.69,10.29,9.59,137955.91
2022-03-09,9.58,9.8,9.94,9.25,99487.8
2022-03-10,10.08,10.14,10.27,9.84,112432.36
2022-03-11,9.95,10.4,10.49,9.76,116903.0
2022-03-14,10.4,10.15,10.71,10.13,101628.0
2022-03-15,9.99,9.5,10.24,9.49,82535.73
2022-03-16,9.6,9.78,9.83,9.25,69947.36
2022-03-17,9.78,10.32,10.76,9.61,124281.92
2022-03-18,10.13,10.32,10.58,10.1,81521.77
2022-03-21,10.43,10.73,10.82,10.32,101961.35
2022-03-22,10.77,10.46,10.8,10.41,73090.68
2022-03-23,10.54,10.33,10.58,10.27,55418.57
2022-03-24,10.31,10.95,11.21,10.23,143758.89
2022-03-25,10.84,10.57,10.93,10.54,84847.41
2022-03-28,10.57,10.66,11.12,10.44,88509.08
2022-03-29,10.86,10.57,10.95,10.38,74865.0
2022-03-30,10.5,10.52,10.57,10.17,47982.08
2022-03-31,10.52,10.62,11.06,10.38,100743.0
2022-04-01,10.49,10.23,10.54,10.09,80917.57
2022-04-06,10.33,10.66,10.9,10.33,91623.49
2022-04-07,10.69,10.28,10.77,10.28,57910.27
2022-04-08,10.34,9.94,10.35,9.82,50536.74
2022-04-11,10.1,9.77,10.13,9.69,39586.25
2022-04-12,9.77,10.21,10.25,9.65,48814.25
2022-04-13,10.2,9.96,10.29,9.85,43060.78
2022-04-14,9.93,10.38,10.4,9.85,61070.0
2022-04-15,10.24,10.11,10.38,10.02,48227.0
2022-04-18,10.04,9.85,10.04,9.74,34490.36
2022-04-19,9.88,9.63,9.91,9.4,55298.03
2022-04-20,9.64,9.45,9.7,9.41,36607.77
2022-04-21,9.43,9.01,9.49,9.0,44392.0
2022-04-22,8.97,8.73,8.97,8.62,37431.0
2022-04-25,8.55,8.06,8.56,8.01,54677.0
2022-04-26,7.94,7.72,8.08,7.71,36883.0
2022-04-27,7.6,7.92,7.93,7.46,41510.0
2022-04-28,7.9,7.68,7.94,7.6,27818.0
2022-04-29,7.76,8.21,8.22,7.74,39479.0
2022-05-05,8.2,8.58,8.66,8.06,46661.73
2022-05-06,8.44,8.75,8.89,8.38,47841.34
2022-05-09,8.77,9.36,9.53,8.77,58084.09
2022-05-10,9.44,9.13,9.44,8.97,44589.06
2022-05-11,9.12,10.04,10.04,9.04,78832.79
2022-05-26,11.04,9.46,11.04,9.19,178646.91
2022-05-27,9.45,9.0,9.45,8.88,121852.93
2022-05-30,9.02,9.15,9.19,8.86,75820.65
2022-05-31,9.03,9.13,9.18,8.92,53612.95
2022-06-01,9.14,8.95,9.37,8.88,55123.45
2022-06-02,8.99,8.89,9.05,8.81,37283.35
2022-06-06,8.85,8.93,8.99,8.82,31285.78
2022-06-07,8.93,9.12,9.17,8.93,43821.78
2022-06-08,9.09,8.94,9.11,8.81,37819.01
2022-06-09,8.89,8.89,9.05,8.84,35579.01
2022-06-10,8.81,8.98,9.03,8.81,26115.62
2022-06-13,9.0,9.36,9.47,8.97,64728.39
2022-06-14,9.26,9.49,9.51,9.2,48260.76
2022-06-15,9.49,9.34,9.54,9.33,37790.01
2022-06-16,9.34,9.41,9.47,9.32,32779.0
2022-06-17,9.48,9.28,9.52,9.05,40482.41
2022-06-20,9.29,9.55,9.65,9.29,46236.41
2022-06-21,9.68,9.47,9.69,9.39,36678.69
2022-06-22,9.39,9.51,9.69,9.33,44342.04
2022-06-23,9.66,9.5,9.66,9.31,34270.0
2022-06-24,9.57,9.5,9.61,9.44,31483.6
2022-06-27,9.57,9.57,9.68,9.48,30720.18
2022-06-28,9.57,9.59,9.66,9.48,33001.13
2022-06-29,9.59,9.48,9.68,9.38,31704.81
2022-06-30,9.46,9.45,9.55,9.39,28103.49
2022-07-01,9.45,9.48,9.49,9.36,20174.59
2022-07-04,9.49,9.46,9.5,9.37,26958.89
2022-07-05,9.45,9.36,9.51,9.24,30707.58
2022-07-06,9.33,9.16,9.36,9.1,31088.52
2022-07-07,9.16,9.15,9.28,9.15,20048.31
2022-07-08,9.15,9.54,9.83,9.15,66377.91
2022-07-11,9.53,9.75,10.28,9.48,101567.58
2022-07-12,9.68,9.47,9.8,9.47,64532.62
2022-07-13,9.38,9.3,9.51,9.19,48509.4
2022-07-14,9.33,9.16,9.33,9.13,41182.11
2022-07-15,9.11,8.98,9.16,8.9,31641.22
2022-07-18,8.94,9.26,9.27,8.93,28794.01
2022-07-19,9.26,9.36,9.43,9.21,29474.86
2022-07-20,9.31,9.46,9.46,9.28,22528.2
2022-07-21,9.47,9.32,9.53,9.28,30384.4
2022-07-22,9.24,9.24,9.41,9.15,22819.43
2022-07-25,9.25,9.3,9.5,9.24,21665.81
2022-07-26,9.24,9.25,9.4,9.16,23745.96
2022-07-27,9.25,9.28,9.35,9.24,21653.4
2022-07-28,9.34,9.28,9.37,9.25,21503.85
2022-07-29,9.28,9.11,9.32,9.11,21823.2
2022-08-01,9.12,9.21,9.22,9.04,21170.6
2022-08-02,9.17,8.71,9.17,8.58,52499.53
2022-08-03,8.7,8.63,8.88,8.6,21803.6
2022-08-04,8.64,8.83,8.84,8.64,22625.8
2022-08-05,8.87,9.07,9.16,8.8,25714.2
2022-08-08,9.16,9.28,9.32,9.07,27743.86
2022-08-09,9.3,9.24,9.3,9.15,17480.56
2022-08-10,9.24,9.14,9.27,9.12,13915.4
2022-08-11,9.23,9.25,9.29,9.15,16508.41
2022-08-12,9.25,9.28,9.38,9.17,21213.12
2022-08-15,9.27,9.27,9.33,9.24,13647.61
2022-08-16,9.32,9.29,9.34,9.25,16640.8
2022-08-17,9.27,9.3,9.36,9.24,13657.2
2022-08-18,9.3,9.24,9.3,9.15,16843.26
2022-08-19,9.26,9.23,9.3,9.21,20853.46
2022-08-22,9.17,9.24,9.25,8.98,15528.26
2022-08-23,9.22,9.35,9.37,9.1,26583.8
2022-08-24,9.32,9.19,9.43,9.15,28421.0
2022-08-25,9.18,9.3,9.32,9.05,22549.65
2022-08-26,9.29,9.33,9.36,9.18,21294.0
2022-08-29,9.48,9.43,9.55,9.23,63533.4
2022-08-30,9.38,9.6,9.63,9.35,62574.21
2022-08-31,9.55,9.27,9.57,9.24,46975.6
2022-09-01,9.25,9.96,10.2,9.24,145988.11
2022-09-02,9.71,9.74,9.91,9.61,118043.61
2022-09-05,9.7,9.78,9.91,9.63,77041.13
2022-09-06,9.78,9.77,9.83,9.63,56419.03
2022-09-07,9.75,9.7,9.82,9.68,45002.25
2022-09-08,9.66,9.58,9.74,9.52,35048.32
2022-09-09,9.6,9.92,10.05,9.6,89905.07
2022-09-13,9.87,9.9,10.11,9.8,71561.83
2022-09-14,9.73,9.77,9.85,9.61,44692.0
2022-09-15,9.81,9.66,9.85,9.49,43409.22
2022-09-16,9.68,9.15,9.75,9.15,50434.83
2022-09-19,9.15,8.99,9.22,8.86,42874.21
2022-09-20,9.0,9.07,9.17,8.98,24559.2
2022-09-21,9.07,9.08,9.12,8.87,23799.2
2022-09-22,9.02,9.05,9.25,8.99,30899.43
2022-09-23,9.06,8.86,9.11,8.81,29151.4
2022-09-26,8.86,8.55,8.93,8.49,38666.72
2022-09-27,8.71,8.82,8.85,8.33,31166.4
2022-09-28,8.85,8.67,9.01,8.64,27876.2
2022-09-29,8.8,9.34,9.54,8.8,120939.02
2022-09-30,9.16,10.28,10.28,9.16,186783.99
2022-10-10,10.42,10.3,10.98,10.15,361514.87
2022-10-11,10.19,10.46,10.82,10.09,218230.99
2022-10-12,10.24,10.33,10.55,10.13,177633.06
2022-10-13,10.22,10.55,10.8,10.11,192144.81
2022-10-14,10.46,10.75,10.96,10.46,223453.58
2022-10-17,10.61,10.6,10.81,10.5,151241.28
2022-10-18,10.68,10.67,10.78,10.28,148045.08
2022-10-19,10.8,10.48,10.81,10.38,108489.4
2022-10-20,10.35,10.4,10.71,10.28,115068.2
2022-10-21,10.42,10.46,10.81,10.41,81705.91
2022-10-24,10.49,10.12,10.55,10.04,94916.2
2022-10-25,10.1,9.7,10.19,9.55,82787.6
2022-10-26,9.69,10.11,10.16,9.67,75509.07
2022-10-27,10.12,10.49,10.59,10.01,102815.65
2022-10-28,10.49,10.01,10.53,9.91,82616.2
2022-10-31,10.08,11.01,11.01,10.06,78377.77
2022-11-01,11.4,10.81,11.89,10.49,278098.85
2022-11-02,10.65,10.83,11.03,10.55,196189.44
2022-11-03,10.59,10.78,10.92,10.44,150469.42
2022-11-04,10.68,10.74,10.77,10.55,112840.31
2022-11-07,10.69,10.69,10.74,10.5,85907.21
2022-11-08,10.56,10.87,10.88,10.24,142662.01
2022-11-09,10.73,10.66,10.92,10.59,89614.56
2022-11-10,10.61,11.72,11.72,10.55,163181.08
2022-11-11,12.52,11.25,12.57,11.2,392439.63
2022-11-14,11.01,11.96,12.07,11.01,253175.46
2022-11-15,11.72,11.65,11.87,11.45,195152.17
2022-11-16,11.67,11.57,11.87,11.36,113956.05
2022-11-17,11.46,11.68,12.2,11.41,187910.86
2022-11-18,11.65,11.89,12.06,11.44,181817.16
2022-11-21,11.71,11.87,11.98,11.44,126306.75
2022-11-22,11.8,11.32,12.05,11.23,151601.21
2022-11-23,11.31,10.92,11.68,10.62,147052.76
2022-11-24,10.92,11.04,11.1,10.76,70106.05
2022-11-25,11.06,10.91,11.07,10.55,70749.81
2022-11-28,10.75,10.86,11.26,10.69,77425.4
2022-11-29,10.7,11.43,11.51,10.7,137692.18
2022-11-30,11.29,11.23,11.77,11.03,96706.61
2022-12-01,11.42,11.19,11.46,10.93,106267.0
2022-12-02,11.05,11.89,12.31,11.05,213268.44
2022-12-05,12.07,12.36,13.08,11.98,360030.69
2022-12-06,12.27,11.88,12.69,11.71,255574.5
2022-12-07,11.7,11.93,12.34,11.7,181301.88
2022-12-08,12.23,12.2,13.01,12.14,253765.13
2022-12-09,12.21,11.77,12.34,11.67,173482.65
2022-12-12,11.86,12.95,12.95,11.85,168681.84
2022-12-13,14.14,14.25,14.25,13.7,228056.91
2022-12-14,15.1,13.14,15.1,13.09,501772.7
2022-12-15,12.95,13.38,13.67,12.78,323352.57
2022-12-16,12.96,13.92,14.52,12.74,382573.05
2022-12-19,13.68,12.53,13.68,12.53,269960.67
2022-12-20,12.1,11.5,12.3,11.48,187869.77
2022-12-21,11.7,11.57,11.87,11.41,128815.42
2022-12-22,11.57,11.28,11.68,11.18,115463.27
2022-12-23,11.24,11.46,11.52,11.19,104101.79
2022-12-26,11.42,11.42,11.59,11.29,97511.05
2022-12-27,11.35,10.9,11.38,10.59,159907.38
2022-12-28,10.83,10.53,10.92,10.51,92192.13
2022-12-29,10.51,10.59,10.77,10.47,77361.09
2022-12-30,10.55,10.34,10.63,10.34,69361.6
2023-01-03,10.37,10.73,10.77,10.37,80726.45
2023-01-04,10.7,10.49,10.71,10.4,82622.65
2023-01-05,10.52,10.5,10.54,10.32,54555.2
2023-01-06,10.51,10.4,10.55,10.33,49271.85
2023-01-09,10.4,10.45,10.48,10.37,41361.72
2023-01-10,10.42,10.39,10.49,10.32,40279.59
2023-01-11,10.44,10.5,10.6,10.39,67891.07
2023-01-12,10.51,10.38,10.57,10.34,56003.0
2023-01-13,10.35,10.41,10.48,10.35,26865.81
2023-01-16,10.38,10.64,10.71,10.35,59974.68
2023-01-17,10.61,10.45,10.61,10.4,43469.35
2023-01-18,10.5,10.64,10.65,10.45,41826.47
2023-01-19,10.64,10.66,10.69,10.57,33560.6
2023-01-20,10.91,11.11,11.24,10.74,95751.68
2023-01-30,11.28,10.99,11.29,10.97,85244.67
2023-02-01,11.17,11.33,11.6,11.01,111725.16
2023-02-02,11.21,11.25,11.32,11.13,59117.26
2023-02-03,11.26,11.01,11.26,10.91,62443.0
2023-02-06,10.96,11.04,11.16,10.91,40605.27
2023-02-07,11.05,10.97,11.09,10.87,44726.8
2023-02-08,10.95,10.92,11.01,10.88,32387.66
2023-02-09,10.91,10.96,10.98,10.84,34684.63
2023-02-10,10.97,10.92,11.02,10.85,38337.97
2023-02-13,10.92,11.01,11.01,10.89,33146.45
2023-02-14,11.04,11.19,11.19,11.01,57072.61
2023-02-15,11.19,11.09,11.19,11.02,43057.6
2023-02-16,11.09,12.2,12.2,11.07,141321.84
2023-02-17,12.27,12.53,13.11,12.21,410212.55
2023-02-20,12.23,12.55,12.55,11.83,222984.53
2023-02-21,12.44,12.27,12.44,12.18,143694.28
2023-02-22,12.24,12.09,12.32,11.93,106317.76
2023-02-23,12.04,12.09,12.13,11.92,88247.47
2023-02-24,12.07,11.83,12.07,11.72,86529.31
2023-02-27,11.77,11.81,11.85,11.71,52426.87
2023-02-28,11.82,11.99,11.99,11.73,84258.5
2023-03-01,12.01,11.94,12.02,11.85,62455.0
2023-03-02,11.95,11.75,11.97,11.74,66261.06
2023-03-03,11.79,12.14,12.15,11.77,116379.07
2023-03-06,12.18,12.07,12.23,11.97,71758.04
2023-03-07,12.12,11.68,12.12,11.65,75661.52
2023-03-08,11.66,11.56,11.67,11.47,59111.4
2023-03-09,11.56,11.66,11.85,11.54,54653.03
2023-03-10,11.56,11.3,11.56,11.28,62914.87
2023-03-13,11.21,11.36,11.43,11.19,35231.11
2023-03-14,11.31,11.01,11.48,10.99,49006.84
2023-03-15,11.09,11.31,11.34,11.09,43470.2
2023-03-16,11.25,11.38,11.6,11.13,60404.46
2023-03-17,11.39,11.33,11.47,11.23,44260.2
2023-03-20,11.27,11.02,11.33,11.0,43194.2
2023-03-21,11.05,11.18,11.18,11.04,28224.2
2023-03-22,11.2,11.23,11.43,11.19,36134.73
2023-03-23,11.23,11.2,11.32,11.09,31915.46
2023-03-24,11.3,11.22,11.6,11.18,52759.6
2023-03-27,11.12,11.05,11.17,11.01,39888.0
2023-03-28,11.08,11.18,11.22,10.9,46272.47
2023-03-29,11.18,10.97,11.25,10.93,42242.65
2023-03-30,10.93,10.83,10.98,10.77,34204.95
2023-03-31,10.91,11.09,11.11,10.84,37495.97
2023-04-03,11.05,11.14,11.19,11.03,32594.35
2023-04-04,11.13,11.09,11.22,11.08,29719.0
2023-04-06,11.09,11.03,11.18,11.0,26911.83
2023-04-07,11.05,11.26,11.28,11.01,37027.7
2023-04-10,11.24,10.92,11.26,10.9,50307.6
2023-04-11,10.92,11.03,11.04,10.84,24947.99
2023-04-12,11.02,10.98,11.18,10.96,28862.8
2023-04-13,10.93,10.98,11.05,10.87,23691.63
2023-04-14,11.0,10.93,11.09,10.9,25544.01
2023-04-17,10.93,10.99,11.0,10.78,23600.0
2023-04-18,10.97,10.82,10.97,10.82,26569.0
2023-04-19,10.79,10.59,10.84,10.56,40319.89
2023-04-20,10.51,10.47,10.6,10.43,22344.2
2023-04-21,10.52,10.36,10.63,10.35,24342.4
2023-04-24,10.41,10.59,10.77,10.38,37991.4
2023-04-25,10.54,10.27,10.55,10.11,34837.85
2023-04-26,10.27,10.37,10.42,10.26,17405.0
2023-04-27,10.37,11.2,11.39,10.37,113296.75
2023-04-28,11.16,11.11,11.16,10.85,64178.1
2023-05-04,11.0,11.43,11.44,10.98,69910.75
2023-05-05,11.49,11.72,11.88,11.42,129766.03
2023-05-08,12.05,11.64,12.05,11.54,86695.94
2023-05-09,11.58,11.59,11.94,11.43,73458.59
2023-05-10,11.53,11.95,12.14,11.44,107250.01
2023-05-11,11.94,11.77,11.94,11.6,66413.0
2023-05-12,11.78,12.06,12.14,11.73,87114.0
2023-05-15,11.96,12.18,12.3,11.69,77047.4
2023-05-16,12.13,12.1,12.16,11.85,55509.46
2023-05-17,12.03,12.02,12.16,11.83,41540.76
2023-05-18,12.04,12.08,12.13,11.84,48534.63
2023-05-19,12.09,11.96,12.16,11.95,31844.9
2023-05-22,11.93,11.79,12.02,11.75,44715.27
2023-05-23,11.89,12.01,12.16,11.88,67386.21
2023-05-24,11.85,11.73,11.96,11.7,39735.4
2023-05-25,11.74,11.56,11.74,11.35,43299.61
2023-05-26,11.61,11.77,11.87,11.38,25267.21
2023-05-29,11.84,11.66,11.93,11.61,21123.8
2023-05-30,11.62,11.68,11.74,11.5,18252.83
2023-05-31,11.68,11.6,11.85,11.58,30904.4
2023-06-01,11.6,11.53,11.77,11.35,27572.61
2023-06-02,11.61,11.51,11.72,11.46,19868.6
2023-06-05,11.54,11.56,11.57,11.43,22001.6
2023-06-06,11.53,11.11,11.56,11.05,46064.6
2023-06-07,11.09,11.13,11.24,11.03,15862.45
2023-06-08,11.23,10.93,11.29,10.87,33584.41
2023-06-09,10.88,10.99,11.11,10.82,27514.6
2023-06-12,10.96,10.82,10.96,10.63,23858.8
2023-06-13,10.92,10.74,10.93,10.72,18132.27
2023-06-14,10.71,10.84,10.97,10.66,27254.66
2023-06-15,10.8,10.79,10.85,10.7,20211.0
2023-06-16,10.8,10.89,11.14,10.74,43167.0
2023-06-19,10.85,10.77,10.93,10.76,23457.8
2023-06-20,10.77,10.66,10.88,10.64,24165.6
2023-06-21,10.65,10.62,10.71,10.49,22263.47
2023-06-26,10.53,10.34,10.57,10.26,41133.93
2023-06-27,10.36,10.65,10.65,10.34,23589.4
2023-06-28,10.65,10.64,10.65,10.44,15501.0
2023-06-29,10.57,10.75,10.93,10.57,22485.6
2023-06-30,10.75,10.91,10.97,10.75,23640.47
2023-07-03,10.89,10.94,10.96,10.77,24104.0
2023-07-04,10.91,10.94,10.97,10.85,16655.61
2023-07-05,10.94,10.66,10.94,10.62,40797.8
2023-07-06,10.66,10.51,10.71,10.46,29374.67
2023-07-07,10.51,10.62,10.69,10.46,20553.2
2023-07-10,10.65,10.65,10.69,10.59,14384.8
2023-07-11,11.64,11.33,11.71,11.07,213099.13
2023-07-12,11.14,11.14,11.39,11.13,118881.27
2023-07-13,11.16,11.38,11.5,11.16,73736.01
2023-07-14,11.32,11.02,11.43,11.01,62355.0
2023-07-17,10.97,11.16,11.25,10.86,45369.2
2023-07-18,11.1,11.29,11.33,11.08,39122.0
2023-07-19,11.24,11.27,11.33,11.21,26664.4
2023-07-20,11.38,11.3,11.49,11.27,37385.8
2023-07-21,11.21,11.4,11.45,11.21,27897.2
2023-07-24,11.4,11.4,11.6,11.36,30935.21
2023-07-25,11.52,11.48,11.53,11.38,35056.2
2023-07-26,11.41,11.42,11.49,11.38,22073.0
2023-07-27,11.47,11.43,11.51,11.4,24885.86
2023-07-28,11.38,11.52,11.53,11.33,24914.81
2023-07-31,11.55,11.58,11.6,11.47,39394.05
2023-08-01,11.49,11.48,11.69,11.39,32098.86
2023-08-02,11.41,11.38,11.41,11.29,29651.0
2023-08-03,11.31,11.43,11.5,11.3,36014.2
2023-08-04,11.42,11.49,11.53,11.35,29353.0
2023-08-07,11.49,11.07,11.49,10.99,46707.19
2023-08-08,11.08,11.35,11.43,11.02,52824.38
2023-08-09,11.36,11.52,11.61,11.21,51792.6
2023-08-10,11.52,11.55,11.64,11.37,44184.6
2023-08-11,11.55,11.83,11.95,11.43,128915.2
2023-08-14,11.68,13.01,13.01,11.53,270079.63
2023-08-15,12.99,13.82,14.28,12.67,518383.11
2023-08-16,13.27,12.88,13.35,12.77,417633.4
2023-08-17,12.71,12.58,13.17,12.42,352544.46
2023-08-18,12.59,11.48,12.6,11.48,366925.31
2023-08-21,11.31,10.82,11.38,10.77,254133.91
2023-08-22,10.83,10.54,10.9,10.34,193639.76
2023-08-23,10.55,10.57,10.81,10.39,167915.53
2023-08-24,10.48,10.54,10.67,10.28,123131.62
2023-08-25,10.47,10.57,10.65,10.35,113741.0
2023-08-28,10.93,10.63,11.01,10.58,154619.31
2023-08-29,10.58,10.83,10.83,10.54,137210.22
2023-08-30,10.77,10.83,10.92,10.72,119902.38
2023-08-31,10.75,11.02,11.15,10.69,158894.22
2023-09-01,10.92,10.97,11.01,10.83,89721.72
2023-09-04,10.96,11.09,11.11,10.93,80143.18
2023-09-05,11.04,11.17,11.26,11.02,88912.84
2023-09-06,11.15,10.99,11.15,10.94,74779.12
2023-09-07,10.99,10.74,11.01,10.72,72041.44
2023-09-08,10.7,10.73,10.82,10.67,47478.35
2023-09-11,10.71,10.84,10.89,10.66,59364.81
2023-09-12,10.84,10.87,10.95,10.78,53126.91
2023-09-13,10.87,10.74,10.87,10.61,62046.68
2023-09-14,10.69,10.81,10.92,10.69,55022.03
2023-09-15,10.83,10.94,11.0,10.76,72526.64
2023-09-18,10.82,10.94,10.95,10.8,55877.49
2023-09-19,10.92,11.0,11.09,10.91,71311.67
2023-09-20,10.98,11.04,11.12,10.91,70797.18
2023-09-21,11.07,10.86,11.07,10.8,60825.73
2023-09-22,10.86,10.92,10.93,10.76,58250.06
2023-09-25,10.89,10.97,11.07,10.83,59241.19
2023-09-26,10.95,10.77,10.96,10.76,44535.66
2023-09-27,10.74,10.96,11.02,10.74,61499.18
2023-09-28,11.01,11.01,11.07,10.93,47954.21
2023-10-09,11.01,10.98,11.05,10.8,41761.02
2023-10-10,10.97,10.74,10.98,10.72,59392.2
2023-10-11,10.72,10.85,11.0,10.72,56527.44
2023-10-12,10.86,10.93,11.09,10.84,56517.63
2023-10-13,10.93,11.01,11.14,10.88,75238.02
2023-10-16,11.03,10.9,11.2,10.85,71466.45
2023-10-17,10.9,10.81,11.0,10.74,61248.6
2023-10-18,10.81,10.51,10.81,10.48,59723.72
2023-10-19,10.46,10.23,10.51,10.22,59000.2
2023-10-20,10.13,10.1,10.27,10.08,43321.0
2023-10-23,10.09,9.92,10.13,9.88,47544.61
2023-10-24,10.0,10.12,10.14,9.94,47082.23
2023-10-25,10.13,10.13,10.22,10.1,45175.49
2023-10-26,10.04,10.16,10.17,9.98,34284.49
2023-10-27,10.12,10.42,10.43,10.05,59661.97
2023-10-30,10.48,10.54,10.58,10.41,75391.24
2023-10-31,10.53,10.65,10.69,10.45,57684.28
2023-11-01,10.57,10.69,10.74,10.55,44638.1
2023-11-02,10.74,10.54,10.79,10.54,37552.07
2023-11-03,10.55,10.57,10.65,10.53,35168.62
2023-11-06,10.57,10.71,10.74,10.57,39303.44
2023-11-07,10.74,10.67,10.74,10.63,29598.6
2023-11-08,10.69,10.83,10.86,10.65,51874.49
2023-11-09,10.86,10.73,10.95,10.68,45124.4
2023-11-10,10.7,10.85,10.93,10.6,52304.84
2023-11-13,10.91,10.83,10.92,10.73,44536.6
2023-11-14,10.82,10.8,10.86,10.75,39497.86
2023-11-15,10.83,10.81,10.88,10.78,29808.53
2023-11-16,10.81,10.78,10.84,10.74,30068.62
2023-11-17,10.78,10.84,10.86,10.71,39179.1
2023-11-20,10.81,10.88,10.94,10.81,40035.22
2023-11-21,10.85,10.9,10.96,10.83,37824.48
2023-11-22,10.84,10.83,10.96,10.83,35224.29
2023-11-23,10.83,11.01,11.02,10.83,52179.2
2023-11-24,10.98,11.06,11.14,10.96,71112.24
2023-11-27,11.07,10.88,11.1,10.85,60298.81
2023-11-28,10.93,10.91,10.96,10.72,44277.97
2023-11-29,10.93,10.8,10.98,10.79,35616.6
2023-11-30,10.8,10.87,10.88,10.74,36010.4
2023-12-01,10.89,10.95,11.05,10.78,44038.6
2023-12-04,10.94,10.93,11.02,10.79,44317.61
2023-12-05,10.88,10.72,10.92,10.72,42329.04
2023-12-06,10.69,10.66,10.76,10.57,36579.8
2023-12-07,10.64,10.6,10.71,10.58,32125.01
2023-12-08,10.6,10.45,10.63,10.43,31705.8
2023-12-11,10.39,10.49,10.53,10.34,35902.41
2023-12-12,10.5,10.6,10.64,10.48,28064.56
2023-12-13,10.6,10.98,11.55,10.54,177357.38
2023-12-14,10.97,10.83,11.16,10.82,140828.55
2023-12-15,10.83,10.55,10.88,10.49,91241.16
2023-12-18,10.55,10.71,11.4,10.41,186159.22
2023-12-19,10.55,10.37,10.73,10.3,143179.67
2023-12-20,10.38,10.36,10.56,10.33,81613.62
2023-12-21,10.23,10.19,10.3,9.99,77512.35
2023-12-22,10.19,9.92,10.19,9.88,72265.43
2023-12-25,9.88,9.97,9.98,9.8,40033.4
2023-12-26,9.96,9.8,10.04,9.79,38903.62
2023-12-27,9.79,9.81,9.84,9.71,29693.24
2023-12-28,9.8,9.93,9.98,9.62,49841.6
2023-12-29,9.93,10.13,10.14,9.88,45668.82
2024-01-02,10.16,10.26,10.36,10.08,49719.64
2024-01-03,10.21,10.36,10.46,10.18,56026.73
2024-01-04,10.39,10.37,10.39,10.24,34428.21
2024-01-05,10.38,10.21,10.39,10.14,33186.08
2024-01-08,10.19,10.05,10.21,10.02,29718.4
2024-01-09,10.1,9.93,10.16,9.9,35384.2
2024-01-10,9.94,9.87,9.98,9.8,27586.0
2024-01-11,9.84,9.97,10.03,9.73,30345.4
2024-01-12,9.92,9.85,10.04,9.85,29064.0
2024-01-15,9.79,9.85,9.92,9.74,23829.5
2024-01-16,10.33,9.99,10.4,9.83,103699.36
2024-01-17,10.0,9.87,10.26,9.86,84745.23
2024-01-18,9.76,9.65,9.84,9.38,71015.6
2024-01-19,9.61,9.53,9.69,9.53,35143.4
2024-01-22,9.53,9.04,9.57,8.93,50713.88
2024-01-23,9.02,9.02,9.1,8.81,31165.04
2024-01-24,9.09,9.35,9.35,8.97,43903.4
2024-01-25,9.35,9.65,9.67,9.24,43071.2
2024-01-26,9.69,9.64,9.82,9.58,43552.21
2024-01-29,9.68,9.47,9.76,9.46,34134.3
2024-01-30,9.34,9.21,9.49,9.18,35619.6
2024-01-31,9.21,8.77,9.21,8.77,42844.84
2024-02-01,8.77,8.61,8.9,8.6,48898.4
2024-02-02,8.63,8.29,8.74,7.98,49932.33
2024-02-05,8.23,7.74,8.23,7.57,54862.43
2024-02-06,7.68,8.31,8.39,7.52,49392.19
2024-02-07,8.3,8.19,8.53,8.09,58273.67
2024-02-08,8.13,8.94,9.01,8.13,74060.55
2024-02-19,9.02,8.96,9.09,8.83,50720.24
2024-02-20,8.95,8.98,9.07,8.77,39387.96
2024-02-21,8.93,9.05,9.2,8.87,51995.0
2024-02-22,9.02,9.15,9.18,8.98,32882.81
2024-02-23,9.17,9.24,9.24,9.04,40376.6
2024-02-26,9.24,9.22,9.33,9.13,38071.6
2024-02-27,9.15,9.33,9.33,9.13,32176.21
2024-02-28,9.38,8.92,9.49,8.89,69709.97
2024-02-29,8.86,9.14,9.14,8.78,39416.57
2024-03-01,9.14,9.18,9.19,9.07,32492.21
2024-03-04,9.16,9.25,9.32,9.13,34512.0
2024-03-05,9.21,9.02,9.25,9.02,35027.56
2024-03-06,8.97,9.05,9.1,8.93,25039.62
2024-03-07,9.03,8.95,9.09,8.95,27155.6
2024-03-08,8.96,9.84,9.84,8.9,139330.45
2024-03-11,9.77,10.09,10.6,9.7,293979.18
2024-03-12,9.99,9.71,10.08,9.67,179088.14
2024-03-13,9.71,9.64,9.77,9.55,103666.01
2024-03-14,9.75,9.65,9.83,9.54,94188.6
2024-03-15,9.5,9.66,9.66,9.49,66277.6
2024-03-18,9.67,9.77,9.78,9.6,76110.21
2024-03-19,9.74,9.74,9.8,9.71,56212.77
2024-03-20,9.69,9.83,9.86,9.61,75828.45
2024-03-21,9.83,9.76,9.85,9.65,54686.39
2024-03-22,9.72,9.59,9.72,9.51,49727.0
2024-03-25,9.51,9.36,9.65,9.34,39886.18
2024-03-26,9.33,9.43,9.44,9.24,34611.6
2024-03-27,9.39,9.4,9.56,9.36,44895.26
2024-03-28,9.33,9.49,9.55,9.22,56160.73
2024-03-29,9.48,9.63,9.64,9.41,49094.25
2024-04-01,9.65,9.76,9.8,9.61,61990.18
2024-04-02,9.74,9.71,9.76,9.63,41005.55
2024-04-03,9.67,9.74,9.77,9.64,38919.22
2024-04-08,9.71,9.48,9.71,9.45,38728.96
2024-04-09,9.43,9.66,9.69,9.43,34183.33
2024-04-10,9.63,9.48,9.68,9.43,28490.08
2024-04-11,9.49,9.51,9.61,9.41,27490.69
2024-04-12,9.49,9.31,9.53,9.3,30142.0
2024-04-15,9.34,9.39,9.52,9.13,50100.53
2024-04-16,9.33,8.8,9.34,8.76,67041.6
2024-04-17,8.98,9.28,9.28,8.95,51028.72
2024-04-18,9.21,9.23,9.4,9.19,34166.6
2024-04-19,9.14,9.27,9.29,9.11,34633.63
2024-04-22,9.38,9.28,9.47,9.25,49812.02
2024-04-23,9.36,9.39,9.43,9.24,39785.26
2024-04-24,9.34,9.5,9.51,9.34,33147.66
2024-04-25,9.5,9.67,9.69,9.49,44551.06
2024-04-26,9.66,9.68,9.72,9.58,45222.33
2024-04-29,9.76,9.8,9.84,9.7,59527.19
2024-04-30,9.79,9.97,10.1,9.75,71074.24
2024-05-06,10.04,10.07,10.16,9.99,66673.75
2024-05-07,10.04,10.07,10.09,9.96,46041.99
2024-05-08,10.08,10.09,10.15,10.02,45865.9
2024-05-09,10.03,10.16,10.22,10.02,45532.21
2024-05-10,10.16,10.07,10.21,10.04,44669.9
2024-05-13,9.99,9.97,10.08,9.91,38813.8
2024-05-14,9.95,10.09,10.13,9.94,35551.91
2024-05-15,10.08,9.95,10.13,9.92,27268.24
2024-05-16,9.95,9.93,10.01,9.89,34002.4
2024-05-17,9.9,9.92,9.97,9.8,31341.4
2024-05-20,9.89,9.9,9.98,9.85,26735.84
2024-05-21,9.96,10.13,10.59,9.77,120475.52
2024-05-22,10.29,10.1,10.46,9.92,173628.08
2024-05-23,9.85,9.71,9.99,9.61,110469.42
2024-05-24,9.71,9.71,9.81,9.65,48269.65
2024-05-27,9.74,9.71,9.87,9.55,44567.5
2024-05-28,9.65,9.55,9.69,9.52,38210.55
2024-05-29,9.58,9.61,9.64,9.5,27961.7
2024-05-30,9.61,9.59,9.69,9.52,24913.0
2024-05-31,9.63,9.69,9.71,9.58,24262.2
2024-06-03,9.59,9.46,9.65,9.4,38935.95
2024-06-04,9.4,9.46,9.5,9.36,24537.8
2024-06-05,9.47,9.3,9.47,9.28,32292.21
2024-06-06,9.28,9.05,9.34,8.97,44692.8
2024-06-07,9.09,9.2,9.2,9.05,26127.81
2024-06-11,9.13,9.28,9.3,9.05,22988.2
2024-06-12,9.29,9.37,9.53,9.26,38724.4
2024-06-13,9.35,9.12,9.37,9.11,36066.0
2024-06-14,9.05,9.14,9.17,9.04,22777.4
2024-06-17,9.07,9.1,9.17,9.05,19186.61
2024-06-18,9.14,9.15,9.19,9.1,18761.8
2024-06-19,9.17,9.14,9.18,9.08,10707.2
2024-06-20,9.09,8.92,9.2,8.92,26379.2
2024-06-21,8.88,8.99,9.1,8.85,16726.24
2024-06-24,8.99,8.78,9.05,8.74,25781.83
2024-06-25,8.84,9.39,9.65,8.75,148851.33
2024-06-26,9.29,9.08,9.29,8.96,139973.86
2024-06-27,9.01,8.94,9.13,8.91,54643.66
2024-06-28,8.89,8.96,9.06,8.89,40652.74
2024-07-01,8.9,9.08,9.11,8.84,44180.22
2024-07-02,9.05,9.04,9.14,9.0,30890.92
2024-07-03,9.04,8.92,9.07,8.91,26122.8
2024-07-04,8.94,8.65,8.95,8.57,43092.6
2024-07-05,8.63,8.76,8.79,8.57,20436.7
2024-07-08,8.79,8.53,8.79,8.49,19838.2
2024-07-09,8.5,8.63,8.65,8.34,30481.51
2024-07-10,8.58,8.69,8.74,8.54,23553.64
2024-07-11,8.8,8.84,8.86,8.71,27883.01
2024-07-12,8.84,8.82,8.91,8.8,21260.65
2024-07-15,8.85,8.75,8.85,8.71,14097.31
2024-07-16,8.77,8.7,8.77,8.63,12862.61
2024-07-17,8.72,8.71,8.73,8.6,13122.2
2024-07-18,8.7,8.77,8.79,8.57,14801.6
2024-07-19,8.71,8.77,8.78,8.67,12735.65
2024-07-22,8.77,8.79,8.85,8.7,15868.8
2024-07-23,8.78,8.69,9.05,8.68,42696.23
2024-07-24,8.56,8.63,8.73,8.54,30365.37
2024-07-25,8.61,8.64,8.71,8.54,17846.4
2024-07-26,8.64,8.73,8.75,8.64,15468.2
2024-07-29,8.7,8.76,8.8,8.69,16547.1
2024-07-30,8.72,8.79,8.81,8.71,13979.6
2024-07-31,8.79,8.98,9.01,8.74,32841.2
2024-08-01,8.99,8.98,9.04,8.93,28666.02
2024-08-02,8.99,8.96,9.13,8.94,33321.42
2024-08-05,8.88,8.9,9.05,8.84,28761.04
2024-08-06,9.0,9.1,9.1,8.95,30861.2
2024-08-07,9.09,9.04,9.09,9.0,20947.77
2024-08-08,9.01,9.1,9.16,8.99,25626.64
2024-08-09,9.11,9.1,9.16,9.08,20746.2
2024-08-12,9.1,9.11,9.24,9.05,25766.2
2024-08-13,9.18,9.13,9.21,9.02,21735.8
2024-08-14,9.14,9.04,9.14,9.0,17867.8
2024-08-15,8.96,9.06,9.12,8.96,14139.8
2024-08-16,9.07,8.98,9.08,8.97,24051.0
2024-08-19,9.0,8.95,9.06,8.95,18130.0
2024-08-20,8.95,8.71,8.97,8.68,21839.0
2024-08-21,8.71,8.55,8.73,8.5,22757.24
2024-08-22,8.6,8.45,8.64,8.43,18665.0
2024-08-23,8.48,8.42,8.49,8.29,27196.8
2024-08-26,8.34,8.39,8.41,8.17,28176.6
2024-08-27,8.34,8.44,8.51,8.34,24255.0
2024-08-28,8.43,8.47,8.54,8.35,18484.17
2024-08-29,8.44,8.55,8.57,8.42,23613.8
2024-08-30,8.57,8.61,8.7,8.51,21859.4
2024-09-02,8.6,8.38,8.6,8.38,26941.2
2024-09-03,8.44,8.48,8.55,8.36,17464.8
2024-09-04,8.48,8.54,8.71,8.44,30669.81
2024-09-05,8.65,8.7,8.7,8.57,32441.0
2024-09-06,8.7,8.61,8.83,8.58,31468.22
2024-09-09,8.59,8.59,8.67,8.53,17758.8
2024-09-10,8.57,8.51,8.69,8.4,20414.2
2024-09-11,8.47,8.4,8.5,8.36,16101.8
2024-09-12,8.4,8.4,8.51,8.38,10612.71
2024-09-13,8.4,8.37,8.43,8.36,12775.72
2024-09-18,8.37,8.29,8.37,8.2,16028.81
2024-09-19,8.27,8.51,8.55,8.27,17963.81
2024-09-20,8.47,8.4,8.49,8.38,11850.6
2024-09-23,8.42,8.44,8.47,8.4,10735.81
2024-09-24,8.48,8.69,8.7,8.46,32696.7
2024-09-25,8.84,8.8,9.07,8.78,49917.42
2024-09-26,8.84,8.98,8.99,8.75,33219.31
2024-09-27,9.15,9.25,9.33,9.01,73443.5
2024-09-30,9.49,9.96,10.08,9.27,132479.62
2024-10-08,10.95,10.39,10.95,9.83,156363.31
2024-10-09,10.1,9.51,10.17,9.5,107329.53
2024-10-10,9.58,9.57,9.83,9.4,68084.67
2024-10-11,9.44,9.32,9.57,9.23,47952.21
2024-10-14,9.39,9.43,9.47,9.25,42860.75
2024-10-15,9.42,9.28,9.47,9.25,38767.51
2024-10-16,9.19,9.31,9.4,9.16,29380.0
2024-10-17,9.59,9.32,9.59,9.3,48132.23
2024-10-18,9.25,9.43,9.51,9.24,61382.42
2024-10-21,9.4,9.44,9.46,9.32,53669.62
2024-10-22,9.39,9.58,9.58,9.37,45303.6
2024-10-23,9.6,9.55,9.62,9.5,43149.18
2024-10-24,9.55,9.69,9.82,9.51,64461.38
2024-10-25,9.69,9.91,10.07,9.64,71404.21
2024-10-28,9.98,10.19,10.19,9.84,75163.85
2024-10-29,10.21,10.03,10.34,9.99,71370.8
2024-10-30,10.03,9.93,10.16,9.83,46592.8
2024-10-31,9.94,9.98,10.04,9.9,47508.21
2024-11-01,9.96,9.97,10.3,9.69,105297.44
2024-11-04,9.95,10.06,10.17,9.9,71299.25
2024-11-05,10.06,10.13,10.14,9.97,80311.44
2024-11-06,10.07,10.08,10.3,9.96,80023.0
2024-11-07,10.02,10.36,10.4,9.95,99761.2
2024-11-08,10.41,10.23,10.45,10.14,73782.81
2024-11-11,10.23,10.21,10.24,10.04,60849.51
2024-11-12,10.26,10.39,10.65,10.23,139045.55
2024-11-13,10.32,10.22,10.39,10.05,68014.44
2024-11-14,10.22,10.0,10.26,9.95,42811.53
2024-11-15,9.95,9.8,10.04,9.79,38800.31
2024-11-18,9.9,9.77,10.06,9.73,47320.6
2024-11-19,9.8,9.95,9.95,9.8,36171.88
2024-11-20,9.93,10.18,10.21,9.9,43093.27
2024-11-21,10.17,10.17,10.22,10.05,27981.81
2024-11-22,10.11,9.79,10.2,9.79,43980.89
2024-11-25,9.81,10.04,10.05,9.81,37676.32
2024-11-26,10.07,10.18,10.38,10.05,70928.01
2024-11-27,10.17,10.23,10.27,9.93,53934.32
2024-11-28,10.18,10.35,10.43,10.18,66937.84
2024-11-29,10.35,10.37,10.43,10.24,53469.4
2024-12-02,10.45,10.49,10.55,10.36,67547.6
2024-12-03,10.44,10.44,10.51,10.38,43839.6
2024-12-04,10.47,10.3,10.49,10.23,42722.8
2024-12-05,10.27,10.34,10.34,10.18,34917.21
2024-12-06,10.32,10.38,10.41,10.26,36085.42
2024-12-09,10.43,10.85,11.42,10.43,249029.2
2024-12-10,10.94,10.67,11.04,10.61,189726.4
2024-12-11,10.65,10.71,10.74,10.61,92894.57
2024-12-12,10.75,11.22,11.24,10.68,200514.69
2024-12-13,11.16,10.93,11.32,10.91,119712.8
2024-12-16,10.98,10.83,11.16,10.76,90861.34
2024-12-17,10.81,10.49,10.9,10.42,78294.07
2024-12-18,10.48,10.37,10.59,10.32,57519.95
2024-12-19,10.25,10.33,10.37,10.15,45008.36
2024-12-20,10.32,10.4,10.45,10.3,40443.8
2024-12-23,10.44,10.02,10.46,9.99,59279.27
2024-12-24,10.0,10.2,10.22,10.0,32516.0
2024-12-25,10.2,10.01,10.25,9.9,39144.97
2024-12-26,10.01,10.02,10.13,9.99,27218.7
2024-12-27,10.0,10.26,10.46,9.91,49873.4
2024-12-30,10.18,10.03,10.18,10.03,38221.4
2024-12-31,10.04,9.9,10.1,9.86,32126.45
2025-01-02,9.9,9.76,10.05,9.67,37479.5
2025-01-03,9.77,9.51,9.85,9.49,36371.4
2025-01-06,9.65,9.75,9.9,9.47,42268.96
2025-01-07,9.71,9.57,9.71,9.37,49732.96
2025-01-08,9.52,9.54,9.63,9.35,35089.4
2025-01-09,9.5,9.41,9.55,9.37,27544.2
2025-01-10,9.42,9.19,9.43,9.18,34630.69
2025-01-13,9.14,9.28,9.38,9.04,27534.8
2025-01-14,9.27,9.56,9.56,9.27,32870.4
2025-01-15,9.73,9.58,9.73,9.45,30057.6
2025-01-16,9.57,9.59,9.72,9.53,24481.63
2025-01-17,9.54,9.62,9.67,9.37,17501.28
2025-01-20,9.71,9.76,9.79,9.62,25827.8
2025-01-21,9.77,9.71,9.81,9.59,18372.6
2025-01-22,9.63,9.52,9.7,9.48,27747.6
2025-01-23,9.6,9.58,9.74,9.58,27375.41
2025-01-24,9.58,9.58,9.63,9.48,20675.2
2025-01-27,9.58,9.7,9.85,9.58,29732.4
2025-02-05,9.7,9.62,9.74,9.56,30168.6
2025-02-06,9.62,9.71,9.72,9.54,27472.23
2025-02-07,9.68,9.85,9.9,9.68,42186.88
2025-02-10,9.84,9.97,9.99,9.83,31552.4
2025-02-11,9.93,9.99,10.03,9.83,32749.2
2025-02-12,10.0,10.01,10.09,9.95,31154.4
2025-02-13,10.0,9.9,10.04,9.9,29775.92
2025-02-14,9.92,10.01,10.04,9.89,39943.0
2025-02-17,10.03,10.04,10.1,9.95,44077.93
2025-02-18,10.02,9.82,10.04,9.78,31872.28
2025-02-19,9.89,9.88,9.91,9.79,27261.68
2025-02-20,9.86,10.01,10.08,9.86,39232.92
2025-02-21,10.0,9.98,10.1,9.91,40449.07
2025-02-24,9.91,9.99,10.0,9.88,27141.73
2025-02-25,9.91,9.77,9.93,9.73,39119.4
2025-02-26,9.77,9.92,9.94,9.77,30012.45
2025-02-27,9.9,9.99,10.03,9.78,46394.79
2025-02-28,9.96,9.87,10.09,9.87,46112.73
2025-03-03,9.87,9.87,9.98,9.85,30651.66
2025-03-04,9.82,9.98,10.01,9.81,26842.2
2025-03-05,10.03,9.87,10.03,9.78,32521.28
2025-03-06,9.87,9.93,9.95,9.78,30778.6
2025-03-07,9.88,9.89,10.02,9.82,33922.6
2025-03-10,9.95,10.06,10.08,9.92,53463.41
2025-03-11,10.0,10.04,10.06,9.91,46491.0
2025-03-12,10.04,10.07,10.11,9.98,45386.25
2025-03-13,10.06,10.1,10.17,9.99,54695.59
2025-03-14,10.12,10.3,10.3,10.06,73533.66
2025-03-17,10.42,10.24,10.43,10.21,51176.82
2025-03-18,10.27,10.25,10.31,10.18,37316.07
2025-03-19,10.23,10.15,10.26,10.11,45017.6
2025-03-20,10.15,10.16,10.18,10.05,35444.58
2025-03-21,10.17,10.0,10.2,9.92,40602.21
2025-03-24,9.94,9.85,10.03,9.71,41888.3
2025-03-25,9.84,9.89,9.9,9.77,29803.1
2025-03-26,9.88,9.96,10.01,9.85,29670.5
2025-03-27,9.96,10.02,10.05,9.8,33592.81
2025-03-28,10.0,9.94,10.1,9.91,24742.0
2025-03-31,9.86,9.71,9.92,9.6,43007.2
2025-04-01,9.74,10.06,10.09,9.74,62657.1
2025-04-02,10.02,10.0,10.12,9.96,34631.25
2025-04-03,9.95,10.03,10.08,9.89,31556.0
2025-04-07,9.58,9.02,9.67,9.02,74850.47
2025-04-08,9.07,9.11,9.21,8.92,53033.14
2025-04-09,9.03,9.36,9.42,8.68,69386.67
2025-04-10,9.36,9.44,9.52,9.36,63970.4
2025-04-11,9.39,9.37,9.46,9.33,32555.8
2025-04-14,9.38,9.54,9.6,9.37,39904.2
2025-04-15,9.54,9.64,9.75,9.45,34177.0
2025-04-16,9.57,9.53,9.64,9.37,31732.6
2025-04-17,9.52,9.52,9.58,9.45,15866.47
2025-04-18,9.58,9.63,9.8,9.52,35549.4
2025-04-21,9.53,9.62,9.65,9.44,24528.2
2025-04-22,9.62,9.76,9.77,9.55,32757.62
2025-04-23,9.76,9.7,9.84,9.67,26490.4
2025-04-24,9.7,9.69,9.82,9.61,23909.61
2025-04-25,9.84,9.98,10.16,9.84,87786.0
2025-04-28,9.84,9.52,9.94,9.51,69791.8
2025-04-29,9.47,9.51,9.65,9.45,44387.81
2025-04-30,9.54,9.46,9.59,9.43,37649.2
2025-05-06,9.5,9.63,9.77,9.46,48409.02
2025-05-07,9.67,9.74,9.77,9.64,48552.8
2025-05-08,9.68,9.82,9.9,9.67,49320.2
2025-05-09,9.79,9.85,9.92,9.76,43590.88
2025-05-12,9.95,9.9,9.97,9.84,34842.64
2025-05-13,9.97,9.9,9.97,9.83,31341.2
2025-05-14,9.87,9.86,9.9,9.77,28512.59
2025-05-15,9.87,9.89,10.03,9.79,46662.6
2025-05-16,9.9,10.04,10.07,9.89,54680.14
2025-05-19,10.04,10.06,10.08,9.91,36610.6
2025-05-20,10.04,10.09,10.14,10.04,31590.05
2025-05-21,10.09,10.09,10.2,10.04,45525.08
2025-05-22,10.04,10.0,10.13,9.98,35668.2
2025-05-23,9.99,10.02,10.17,9.96,42965.25
2025-05-26,10.01,10.04,10.07,9.91,32399.8
2025-05-27,10.05,10.14,10.16,9.97,35867.2
2025-05-28,10.16,10.13,10.18,10.06,29789.0
2025-05-29,10.11,10.17,10.22,10.04,42629.41
2025-05-30,10.14,10.18,10.24,10.13,39278.2
2025-06-03,10.17,10.26,10.3,10.04,40729.87
2025-06-04,10.26,10.33,10.33,10.18,58566.81
2025-06-05,10.36,10.24,10.37,10.19,63414.31
2025-06-06,10.25,10.17,10.29,10.13,39689.41
2025-06-09,10.17,10.33,10.4,10.16,51608.03
2025-06-10,10.33,10.31,10.45,10.17,43153.2
2025-06-11,10.31,10.38,10.39,10.28,44971.6
2025-06-12,10.35,10.31,10.41,10.23,29044.96
2025-06-13,10.32,10.14,10.34,10.09,40054.78
2025-06-16,10.14,10.08,10.21,10.07,29999.0
2025-06-17,10.16,10.12,10.27,10.04,40201.4
2025-06-18,10.04,9.97,10.1,9.9,40405.4
2025-06-19,9.97,9.81,10.02,9.75,37996.19
2025-06-20,9.81,9.84,9.88,9.76,20416.2
2025-06-23,9.75,9.83,9.89,9.73,23939.2
2025-06-24,9.9,9.97,10.0,9.83,28835.0
2025-06-25,10.01,10.04,10.07,9.93,32666.2
2025-06-26,10.04,10.04,10.11,9.97,28735.8
2025-06-27,10.01,10.18,10.28,10.01,46808.25
2025-06-30,10.17,10.32,10.35,10.14,41824.07
2025-07-01,10.32,10.34,10.37,10.27,34634.5
2025-07-02,10.34,10.35,10.39,10.29,43255.1
2025-07-03,10.41,10.42,10.43,10.34,41734.89
2025-07-04,10.42,10.41,10.46,10.37,43054.6
2025-07-07,10.36,10.45,10.5,10.35,34120.34
2025-07-08,10.48,10.44,10.55,10.4,36912.2
2025-07-09,10.44,10.41,10.53,10.33,32706.52
2025-07-10,10.44,10.51,10.52,10.41,32070.96
2025-07-11,10.53,10.54,10.55,10.43,29001.6
2025-07-14,10.54,10.67,10.73,10.5,43055.48
2025-07-15,10.63,10.53,10.66,10.43,37897.0
2025-07-16,10.53,10.79,10.85,10.47,64678.0
2025-07-17,10.79,10.79,10.88,10.73,49938.2
2025-07-18,10.88,10.81,10.9,10.66,48293.09
2025-07-21,10.79,10.86,10.89,10.75,44239.52
2025-07-22,10.9,10.79,10.91,10.74,40743.0
2025-07-23,10.79,10.69,10.84,10.63,45037.12
2025-07-24,10.72,10.77,10.82,10.67,42891.32
2025-07-25,10.76,10.79,10.91,10.73,47126.12
2025-07-28,10.78,10.76,10.88,10.68,37566.03
2025-07-29,10.78,10.79,10.82,10.66,38441.3
2025-07-30,10.79,10.83,10.98,10.74,71917.0
2025-07-31,10.78,10.68,10.85,10.59,60618.79
2025-08-01,10.68,10.83,10.9,10.6,59341.04
2025-08-04,10.74,10.87,10.9,10.68,47045.6
2025-08-05,10.85,10.95,10.96,10.81,43484.29
2025-08-06,10.95,10.79,11.05,10.75,55591.2
2025-08-07,10.78,10.74,10.85,10.7,39831.76
2025-08-08,10.74,10.87,10.93,10.66,67202.72
2025-08-11,10.84,10.95,11.03,10.81,58128.18
2025-08-12,10.91,10.92,11.12,10.86,58108.8
2025-08-13,10.92,11.06,11.11,10.8,81899.58
2025-08-14,11.07,10.79,11.09,10.79,68578.6
2025-08-15,10.91,10.89,11.07,10.81,52928.17
2025-08-18,10.91,10.89,11.01,10.83,57087.8
2025-08-19,10.88,10.97,11.05,10.88,61317.16
2025-08-20,10.95,10.99,10.99,10.88,38365.4
2025-08-21,11.05,11.02,11.11,10.96,65362.8
2025-08-22,11.05,10.96,11.06,10.81,69621.8
2025-08-25,10.98,10.96,10.99,10.86,59102.88
2025-08-26,10.93,11.04,11.16,10.88,66590.56
2025-08-27,11.02,10.69,11.08,10.67,64909.0
2025-08-28,10.75,10.92,10.96,10.63,94963.92
2025-08-29,10.9,11.21,11.67,10.89,183214.13
2025-09-01,11.27,11.84,12.04,11.03,254516.81
2025-09-02,11.76,11.41,11.8,11.23,189777.82
2025-09-03,11.44,11.05,11.48,11.02,90979.62
2025-09-04,11.08,11.03,11.13,10.85,85372.87
2025-09-05,11.02,11.05,11.09,10.84,69673.97
2025-09-08,11.05,11.25,11.37,11.03,85048.83
2025-09-09,11.24,11.33,11.38,11.19,73648.43
2025-09-10,11.27,11.19,11.34,11.17,51044.4
2025-09-11,11.17,11.15,11.19,10.93,59771.44
2025-09-12,11.15,11.03,11.16,11.0,44137.4
2025-09-15,11.03,11.05,11.08,10.95,47020.18
2025-09-16,11.02,10.98,11.06,10.86,42561.04
2025-09-17,10.95,10.94,11.01,10.89,51651.47
2025-09-18,10.94,10.84,11.05,10.79,68723.83
2025-09-19,10.83,10.66,10.84,10.58,53076.07
2025-09-22,10.66,10.59,10.95,10.54,48077.61
2025-09-23,10.58,10.49,10.59,10.27,52920.0
2025-09-24,10.45,10.65,10.66,10.43,31974.4
2025-09-25,10.59,10.61,10.74,10.53,31813.42
2025-09-26,10.62,10.68,10.76,10.53,34392.2
2025-09-29,10.65,10.7,10.74,10.44,27079.69
2025-09-30,10.7,10.81,10.86,10.65,34169.16
2025-10-09,10.82,10.87,10.87,10.72,37506.07
2025-10-10,10.87,11.06,11.08,10.82,55370.6
2025-10-13,10.79,10.9,10.93,10.69,43118.4
2025-10-14,10.91,10.98,11.06,10.88,56559.9
2025-10-15,10.96,11.03,11.07,10.94,38055.49
2025-10-16,11.03,11.04,11.07,10.97,29533.81
2025-10-17,11.06,10.89,11.1,10.87,50139.97
2025-10-20,10.93,10.87,10.98,10.73,34224.29
2025-10-21,11.02,11.02,11.04,10.91,40150.57
2025-10-22,11.05,11.07,11.14,10.99,37987.04
2025-10-23,11.03,11.18,11.18,10.97,47945.51
2025-10-24,11.17,11.0,11.17,10.98,37620.38
2025-10-27,11.04,10.97,11.05,10.87,36851.07
2025-10-28,10.99,10.87,10.99,10.86,31037.4
2025-10-29,10.78,10.69,10.79,10.59,60407.4
2025-10-30,10.65,10.59,10.76,10.54,45362.34
2025-10-31,10.61,10.66,10.7,10.6,45111.66
2025-11-03,10.7,10.69,10.73,10.61,46759.59
2025-11-04,10.69,10.79,10.81,10.64,50185.86
2025-11-05,10.74,10.82,10.84,10.71,32820.21
2025-11-06,10.83,11.0,11.06,10.79,61353.67
2025-11-07,10.97,11.15,11.19,10.91,71635.4
2025-11-10,11.15,11.23,11.29,11.06,53951.61
2025-11-11,11.22,11.36,11.37,11.16,55218.76
2025-11-12,11.37,11.71,11.75,11.37,126241.4
2025-11-13,11.59,11.56,11.7,11.46,80991.39
2025-11-14,11.53,11.74,12.05,11.49,107164.8
2025-11-17,11.74,11.41,11.81,11.37,87328.23
2025-11-18,11.52,11.32,11.57,11.28,47316.01
2025-11-19,11.36,11.12,11.38,11.11,37395.47
2025-11-20,11.18,11.08,11.23,10.95,42531.96
2025-11-21,11.0,10.66,11.09,10.64,51422.6
2025-11-24,10.77,10.66,10.87,10.64,49892.0
2025-11-25,10.71,10.82,10.91,10.64,40625.0
2025-11-26,10.79,11.9,11.9,10.79,143279.05
2025-11-27,12.04,11.49,12.09,11.44,283127.92
2025-11-28,11.46,11.59,11.63,11.31,139927.39
2025-12-01,11.59,11.58,11.73,11.54,112424.4
2025-12-02,11.57,11.77,11.83,11.56,135955.62
2025-12-03,11.69,12.45,12.94,11.69,370349.85
2025-12-04,12.4,12.21,12.57,12.12,217693.48
2025-12-05,12.2,12.1,12.25,11.93,119666.2
2025-12-08,12.17,12.14,12.89,12.09,207181.36
2025-12-09,12.41,11.78,12.45,11.73,144942.6
2025-12-10,11.78,11.63,11.79,11.48,106645.4
2025-12-11,11.69,11.29,11.7,11.23,92570.2
2025-12-12,11.24,11.06,11.28,11.05,80381.6
2025-12-15,11.03,11.35,11.44,10.96,85700.61
2025-12-16,11.35,11.3,11.43,11.17,75072.8
2025-12-17,11.3,11.54,11.85,11.19,134624.6
2025-12-18,11.73,12.69,12.69,11.55,210945.67
2025-12-19,12.97,12.59,12.97,12.43,326726.83
2025-12-22,12.58,12.22,12.63,12.2,179796.38
2025-12-23,12.21,11.98,12.29,11.94,144891.32
2025-12-24,12.04,11.93,12.23,11.86,158342.59
2025-12-25,11.93,11.93,12.04,11.71,144672.84
2025-12-26,12.0,12.38,12.67,11.97,356741.93
2025-12-29,12.14,11.58,12.21,11.57,264875.88
2025-12-30,11.65,12.74,12.74,11.48,419829.33
2025-12-31,12.67,12.28,12.73,12.18,419629.84
2026-01-05,12.29,12.39,12.57,12.26,284800.49
2026-01-06,12.36,12.44,12.71,12.32,274460.32
2026-01-07,12.42,12.3,12.61,12.23,183515.35
2026-01-08,12.38,12.52,12.99,12.38,338918.88
2026-01-09,12.4,12.47,12.52,12.24,231214.68
2026-01-12,12.48,12.34,12.48,12.19,186999.72
2026-01-13,12.29,12.58,13.17,12.27,408155.95
2026-01-14,12.62,13.27,13.75,12.53,539167.03
2026-01-15,13.0,12.95,13.47,12.77,320952.71
2026-01-16,13.1,13.25,13.41,12.86,285366.75
2026-01-19,13.1,13.65,13.83,12.82,340598.08
2026-01-20,13.45,13.33,13.58,13.03,230318.5
2026-01-21,13.15,13.21,13.37,13.02,154621.44
2026-01-22,13.13,13.12,13.33,13.08,132472.76
2026-01-23,13.27,12.98,13.56,12.98,237514.75
2026-01-26,12.82,12.58,12.88,12.28,240763.78
2026-01-27,12.49,12.35,12.49,11.94,134627.49
2026-01-28,12.3,12.35,12.41,12.18,100553.71
2026-01-29,12.23,12.35,12.57,12.03,117756.41
2026-01-30,12.31,12.03,12.33,11.96,109198.9
2026-02-02,11.93,11.54,12.02,11.54,123030.85
2026-02-03,11.66,11.8,11.82,11.62,77980.5
2026-02-04,11.8,11.9,11.93,11.7,64068.6
2026-02-05,11.87,11.8,11.87,11.71,61265.78
2026-02-06,11.8,11.82,11.9,11.77,62768.96
2026-02-09,11.87,12.02,12.03,11.84,62840.53
2026-02-10,12.04,11.92,12.06,11.9,49116.76
2026-02-11,11.96,11.69,11.96,11.65,78800.77
2026-02-12,11.67,11.7,11.73,11.58,54521.14
2026-02-13,11.73,11.65,11.77,11.65,45720.98
2026-02-24,11.76,11.86,11.9,11.66,54815.23
2026-02-25,11.84,11.9,11.93,11.78,52279.38
2026-02-26,11.93,11.81,11.93,11.79,54785.5
2026-02-27,11.75,11.81,11.87,11.74,40054.69
2026-03-02,11.65,11.36,11.66,11.34,95352.16
2026-03-03,11.32,11.02,11.43,11.02,82845.79
2026-03-04,10.89,11.03,11.08,10.85,46011.65
2026-03-05,11.11,11.04,11.2,10.91,58327.3
2026-03-06,10.97,11.27,11.29,10.97,45416.91
2026-03-09,11.07,11.15,11.21,11.06,41835.99
2026-03-10,11.25,11.24,11.3,11.21,40814.87
2026-03-11,11.25,11.13,11.26,11.08,41388.62
2026-03-12,11.08,11.09,11.16,11.02,31949.58
2026-03-13,11.09,11.08,11.18,11.05,37476.96
2026-03-16,11.05,11.05,11.25,11.0,31669.3
2026-03-17,11.07,10.93,11.12,10.92,35485.14
2026-03-18,10.92,10.98,10.99,10.77,45389.84
2026-03-19,10.87,10.7,10.93,10.69,45115.59
2026-03-20,10.71,10.56,10.79,10.52,38939.16
2026-03-23,10.32,9.91,10.45,9.84,71498.61
2026-03-24,10.04,10.28,10.29,9.94,49861.39
2026-03-25,10.28,10.32,10.35,10.21,34181.08
2026-03-26,10.3,10.17,10.44,10.16,31125.56
2026-03-27,10.11,10.43,10.44,10.06,34933.13
2026-03-30,10.33,10.53,10.54,10.31,37114.6
2026-03-31,10.54,10.45,10.65,10.45,30721.45
2026-04-01,10.54,10.73,10.75,10.44,45927.41
2026-04-02,10.78,10.83,10.97,10.72,45580.59
2026-04-03,10.78,10.54,10.79,10.54,41850.89
2026-04-07,10.54,10.66,10.74,10.38,33821.0
2026-04-08,10.75,10.77,10.81,10.63,57304.35
2026-04-09,10.69,10.56,10.84,10.53,47218.2
2026-04-10,10.56,10.66,10.73,10.52,35478.48
2026-04-13,10.65,10.45,10.65,10.35,39988.0
2026-04-14,10.5,10.45,10.53,10.34,29015.4
2026-04-15,10.5,10.86,10.99,10.49,104153.81
2026-04-16,10.8,10.71,10.82,10.58,75517.93
2026-04-17,10.67,10.55,10.67,10.5,43640.52
2026-04-20,10.55,10.51,10.56,10.41,33359.42
2026-04-21,10.51,10.55,10.62,10.47,32649.6
2026-04-22,10.5,10.42,10.53,10.38,38913.08
2026-04-23,10.57,10.75,10.88,10.52,105485.62
2026-04-24,10.68,10.59,10.75,10.51,62465.67
2026-04-27,10.59,10.54,10.59,10.44,38057.13
2026-04-28,10.14,10.13,10.22,10.02,82318.32
2026-04-29,10.03,10.23,10.45,10.03,47307.29
2026-04-30,10.17,10.21,10.27,10.17,24596.02
2026-05-06,10.2,10.33,10.42,10.2,36094.45
2026-05-07,10.38,10.37,10.46,10.27,34054.87
2026-05-08,10.36,10.38,10.42,10.29,31709.81
2026-05-11,10.34,11.0,11.1,10.29,139274.38
2026-05-12,11.0,11.09,11.15,10.81,108378.13
2026-05-13,11.07,11.12,11.13,10.99,65258.7
2026-05-14,11.07,11.34,11.54,11.05,181156.86
2026-05-15,11.29,11.35,11.42,11.18,97433.92
2026-05-18,11.35,11.48,11.56,11.13,149020.27
2026-05-19,11.42,11.5,11.7,11.36,157838.27
2026-05-20,11.47,11.55,11.65,11.3,158909.3
2026-05-21,11.47,11.47,11.8,11.39,200363.87
2026-05-22,11.46,11.67,11.67,11.27,195612.66
2026-05-25,11.58,11.66,11.82,11.55,190346.21
2026-05-26,11.66,11.72,11.74,11.54,147977.68
2026-05-27,11.75,11.62,11.8,11.55,128990.13
2026-05-28,11.57,11.11,11.61,10.59,281629.87
2026-05-29,11.12,11.25,11.35,10.92,217977.14
2026-06-01,11.22,11.7,11.73,11.0,219761.81
2026-06-02,11.76,11.62,11.83,11.54,169260.66
2026-06-03,11.62,11.37,11.63,11.27,147617.6
2026-06-04,11.29,11.25,11.49,11.21,139549.0
2026-06-05,11.26,10.97,11.42,10.94,135786.49
2026-06-08,10.69,10.48,10.74,10.19,153055.4
2026-06-09,10.55,9.45,10.55,9.43,227336.0
2026-06-10,9.35,9.05,9.41,8.91,122666.3
2026-06-11,9.0,8.88,9.02,8.7,86534.8
2026-06-12,8.91,9.14,9.27,8.71,98190.28
2026-06-15,9.15,10.05,10.05,9.14,109843.63
2026-06-16,9.85,9.73,10.06,9.62,124333.71
2026-06-17,9.71,9.49,9.72,9.4,75720.2
2026-06-18,9.58,9.23,9.58,9.23,53278.0
2026-06-22,9.25,9.24,9.27,8.94,63294.63
2026-06-23,9.17,9.26,9.51,9.15,63207.09
2026-06-24,9.2,9.04,9.32,8.99,44048.05
2026-06-25,9.01,9.09,9.16,8.76,55208.72
2026-06-26,9.0,8.67,9.15,8.67,50788.45
2026-06-29,8.62,8.89,8.98,8.3,72463.57
2026-06-30,8.79,8.7,8.79,8.63,34394.0
2026-07-01,8.64,8.96,8.98,8.62,46383.64
2026-07-02,8.87,9.02,9.15,8.87,37647.15
2026-07-03,9.1,9.19,9.22,9.03,36148.6
2026-07-06,9.19,9.25,9.34,9.08,35689.6
2026-07-07,9.25,9.03,9.27,8.97,27229.76
2026-07-08,9.07,9.24,9.29,8.93,41480.94
2026-07-09,9.24,9.1,9.29,9.0,36521.11
2026-07-10,9.13,9.31,9.37,9.01,49788.47
2026-07-13,9.26,9.29,9.5,9.26,50200.22
2026-07-14,9.35,9.41,9.5,9.18,71510.2
2026-07-15,9.3,9.69,9.73,9.22,68113.11
2026-07-16,9.6,9.79,9.85,9.47,68574.4
2026-07-17,9.73,9.4,9.9,9.32,80062.59
2026-07-20,9.41,9.38,9.61,9.26,65485.67
2026-07-21,9.38,9.24,9.44,9.16,66979.31
2026-07-22,9.22,9.14,9.38,9.08,47061.13
2026-07-23,9.15,9.35,9.36,9.07,43335.0
2026-07-24,9.3,9.08,9.33,9.07,32395.01
2026-07-27,9.1,9.3,9.33,9.02,32263.0
2026-07-28,9.23,9.36,9.44,9.22,25592.75
2026-07-29,9.39,9.4,9.53,9.36,43883.8
2026-07-30,9.36,9.46,9.51,9.3,34748.87
2026-07-31,9.41,9.5,9.52,9.36,41542.87
2026-08-03,9.47,9.62,9.64,9.46,31206.52
2026-08-04,9.65,9.6,9.85,9.56,38082.0
2026-08-05,9.6,9.52,9.63,9.47,37752.4
2026-08-06,9.52,9.59,9.64,9.44,52847.32
2026-08-07,9.58,9.65,9.65,9.48,41075.0
2026-08-10,9.65,9.83,9.86,9.64,46675.45
2026-08-11,9.83,9.86,9.98,9.74,47894.2
2026-08-12,9.81,9.98,10.08,9.77,61365.2
2026-08-13,9.94,10.0,10.16,9.77,67159.8
2026-08-14,9.98,10.12,10.16,9.84,57825.6
2026-08-17,10.08,9.98,10.13,9.77,62201.74
2026-08-18,9.94,9.88,10.02,9.86,41059.8
2026-08-19,9.82,9.72,9.95,9.67,52368.35
2026-08-20,9.88,9.95,10.03,9.85,43833.6
2026-08-21,9.85,9.67,9.9,9.61,43774.87
2026-08-24,9.65,9.58,9.74,9.54,29819.93
2026-08-25,9.51,9.84,9.84,9.51,33055.96
2026-08-26,9.8,9.8,9.94,9.78,31105.59
2026-08-27,9.85,9.81,9.93,9.75,30141.27
2026-08-28,9.75,9.89,10.06,9.75,42812.8
2026-08-31,9.83,9.82,9.87,9.76,27495.0
2026-09-01,9.8,10.16,10.19,9.8,75501.95
2026-09-02,10.1,10.03,10.14,10.0,34920.19
2026-09-03,10.11,10.04,10.17,9.98,26676.93
2026-09-04,10.05,10.22,10.46,10.02,56107.7
2026-09-07,10.19,10.16,10.23,10.1,35664.33
2026-09-08,10.19,10.3,10.3,10.15,32621.95
2026-09-09,10.2,10.12,10.24,10.08,24298.2
2026-09-10,10.12,10.02,10.15,9.98,20489.6
2026-09-11,10.04,9.8,10.04,9.77,35028.92
2026-09-14,9.78,9.9,9.96,9.76,25278.84
2026-09-15,9.88,9.8,9.97,9.78,28571.6
2026-09-16,9.84,9.86,9.92,9.71,28721.2
2026-09-17,9.8,9.9,9.95,9.8,21361.1
2026-09-18,9.94,9.9,10.11,9.87,28875.0
