date,open,close,high,low,volume
2013-01-08,4.33,4.2,4.34,4.12,66875.99
2013-01-09,4.18,4.16,4.2,4.14,35445.12
2013-01-10,4.15,4.2,4.2,4.12,47201.1
2013-01-11,4.19,4.09,4.2,4.08,25550.23
2013-01-14,4.07,4.21,4.21,4.04,58129.53
2013-01-15,4.23,4.25,4.25,4.16,51084.83
2013-01-16,4.21,4.23,4.24,4.18,29890.12
2013-01-17,4.27,4.24,4.27,4.18,26393.53
2013-01-18,4.21,4.31,4.31,4.2,73266.73
2013-01-21,4.33,4.32,4.33,4.28,23883.73
2013-01-22,4.33,4.26,4.34,4.22,36784.63
2013-01-23,4.25,4.21,4.27,4.13,18861.94
2013-01-24,4.2,4.17,4.24,4.08,43185.94
2013-01-25,4.13,4.12,4.16,4.1,19653.1
2013-01-28,4.15,4.22,4.23,4.12,31934.14
2013-01-29,4.22,4.23,4.26,4.17,33269.56
2013-01-30,4.23,4.23,4.29,4.2,21822.8
2013-01-31,4.24,4.23,4.25,4.17,34445.52
2013-02-01,4.24,4.33,4.37,4.23,63769.69
2013-02-04,4.31,4.33,4.37,4.28,44572.83
2013-02-05,4.32,4.35,4.37,4.27,34052.18
2013-02-06,4.34,4.32,4.36,4.26,45109.8
2013-02-07,4.3,4.29,4.31,4.24,23593.89
2013-02-08,4.29,4.32,4.36,4.27,36889.72
2013-02-18,4.35,4.36,4.38,4.28,58645.85
2013-02-19,4.39,4.31,4.39,4.29,26322.71
2013-02-20,4.31,4.34,4.35,4.26,43717.35
2013-02-21,4.31,4.25,4.31,4.23,26649.31
2013-02-22,4.25,4.19,4.28,4.18,25668.0
2013-02-25,4.2,4.24,4.25,4.19,12669.94
2013-02-26,4.29,4.2,4.31,4.2,28491.0
2013-02-27,4.23,4.32,4.33,4.2,43473.47
2013-02-28,4.29,4.35,4.37,4.29,54055.26
2013-03-01,4.36,4.36,4.36,4.32,25366.03
2013-03-04,4.36,4.26,4.36,4.21,34014.37
2013-03-05,4.25,4.32,4.33,4.22,34147.32
2013-03-06,4.33,4.45,4.45,4.31,67223.85
2013-03-07,4.45,4.53,4.61,4.41,100857.58
2013-03-08,4.55,4.54,4.58,4.47,32626.52
2013-03-11,4.52,4.58,4.63,4.44,47633.99
2013-03-12,4.6,4.56,4.71,4.46,67966.95
2013-03-13,4.61,4.47,4.61,4.43,26634.24
2013-03-14,4.45,4.47,4.59,4.45,26980.87
2013-03-15,4.5,4.48,4.55,4.42,34270.94
2013-03-18,4.45,4.54,4.58,4.44,29644.3
2013-03-19,4.56,4.54,4.59,4.44,15882.26
2013-03-20,4.54,4.57,4.6,4.43,39539.11
2013-03-21,4.57,4.58,4.63,4.54,25666.9
2013-03-22,4.61,4.59,4.61,4.5,31189.98
2013-03-25,4.57,4.54,4.62,4.52,19788.24
2013-03-26,4.51,4.5,4.53,4.44,26574.33
2013-03-27,4.53,4.61,4.69,4.5,62622.86
2013-03-28,4.61,4.55,4.61,4.49,21532.0
2013-03-29,4.52,4.56,4.58,4.52,17261.06
2013-04-01,4.56,4.54,4.62,4.51,12019.98
2013-04-02,4.58,4.42,4.58,4.35,30353.76
2013-04-03,4.44,4.47,4.48,4.39,26036.11
2013-04-08,4.41,4.39,4.41,4.18,26512.13
2013-04-09,4.35,4.51,4.51,4.35,16624.29
2013-04-10,4.54,4.45,4.57,4.44,22589.77
2013-04-11,4.45,4.39,4.48,4.39,7861.27
2013-04-12,4.36,4.26,4.39,4.24,19563.97
2013-04-15,4.24,4.13,4.24,4.13,20270.9
2013-04-16,4.13,4.17,4.19,4.12,19512.05
2013-04-17,4.17,4.22,4.23,4.12,28799.08
2013-04-18,4.2,4.2,4.23,4.17,10448.32
2013-04-19,4.2,4.32,4.33,4.2,36727.11
2013-04-22,4.3,4.26,4.31,4.21,23853.88
2013-04-23,4.25,4.19,4.27,4.18,9282.39
2013-04-24,4.17,4.21,4.25,4.17,13263.02
2013-04-25,4.3,4.11,4.3,4.11,24849.0
2013-04-26,4.13,4.13,4.17,4.11,13226.74
2013-05-02,4.14,4.15,4.18,4.12,12772.74
2013-05-03,4.14,4.17,4.25,4.13,23751.17
2013-05-06,4.2,4.29,4.29,4.17,42354.14
2013-05-07,4.27,4.31,4.32,4.23,31191.74
2013-05-08,4.31,4.3,4.38,4.25,40129.6
2013-05-09,4.26,4.21,4.29,4.14,36311.49
2013-05-10,4.22,4.27,4.28,4.08,36677.49
2013-05-13,4.24,4.28,4.28,4.22,22969.96
2013-05-14,4.28,4.25,4.29,4.2,14417.46
2013-05-15,4.24,4.33,4.33,4.2,30571.35
2013-05-16,4.31,4.35,4.36,4.23,71139.81
2013-05-17,4.33,4.48,4.49,4.32,73576.94
2013-05-20,4.48,4.6,4.6,4.43,80573.28
2013-05-21,4.57,4.59,4.63,4.52,42576.97
2013-05-22,4.58,4.53,4.62,4.45,29246.13
2013-05-23,4.53,4.48,4.53,4.42,25759.29
2013-05-24,4.46,4.48,4.49,4.42,22060.0
2013-05-27,4.49,4.56,4.56,4.46,57150.96
2013-05-28,4.51,4.88,5.01,4.51,148806.66
2013-05-29,4.9,4.9,5.0,4.82,96068.07
2013-05-30,4.89,4.89,5.0,4.84,42490.44
2013-05-31,4.87,5.07,5.11,4.87,94597.64
2013-06-03,5.08,4.97,5.23,4.95,83211.57
2013-06-04,4.97,4.94,5.02,4.79,51043.11
2013-06-05,4.91,4.94,4.96,4.83,32469.64
2013-06-06,4.91,4.95,5.0,4.87,49014.28
2013-06-07,4.93,4.68,5.05,4.61,56704.96
2013-06-13,4.64,4.51,4.65,4.42,45497.69
2013-06-14,4.52,4.64,4.73,4.44,62994.32
2013-06-17,4.6,4.65,4.8,4.57,52195.13
2013-06-18,4.65,4.68,4.77,4.65,28157.58
2013-06-19,4.69,4.58,4.69,4.46,28881.83
2013-06-20,4.56,4.32,4.56,4.32,47936.32
2013-06-21,4.29,4.35,4.37,4.21,44417.34
2013-06-24,4.33,4.19,4.37,4.12,39292.86
2013-06-25,4.13,4.14,4.19,3.89,31881.42
2013-06-26,4.14,4.2,4.25,4.09,19867.99
2013-06-27,4.22,4.1,4.26,4.08,19404.55
2013-06-28,4.08,4.12,4.2,3.98,29260.54
2013-07-01,4.18,4.18,4.19,4.04,16314.59
2013-07-02,4.23,4.18,4.23,4.12,17155.1
2013-07-03,4.17,4.14,4.17,4.03,18518.54
2013-07-04,4.11,4.43,4.56,4.1,57994.27
2013-07-05,4.43,4.43,4.54,4.38,24042.58
2013-07-08,4.43,4.27,4.44,4.26,21995.85
2013-07-09,4.33,4.62,4.68,4.2,43542.37
2013-07-10,4.64,4.81,4.9,4.62,93681.72
2013-07-11,4.85,4.82,4.88,4.72,52076.88
2013-07-12,4.82,4.77,4.95,4.76,39892.74
2013-07-15,4.8,4.84,5.13,4.69,159213.64
2013-07-16,4.77,4.81,4.86,4.66,62961.38
2013-07-17,4.83,4.7,4.85,4.68,42364.72
2013-07-18,4.7,5.17,5.17,4.7,283463.09
2013-07-19,5.13,5.4,5.57,5.1,288002.37
2013-07-22,5.38,5.39,5.67,5.3,216948.32
2013-07-23,5.39,5.41,5.52,5.35,115643.24
2013-07-24,5.42,5.54,5.63,5.34,103847.13
2013-07-25,5.55,5.36,5.56,5.34,60379.81
2013-07-26,5.33,5.9,5.9,5.21,151561.18
2013-07-29,5.9,5.98,6.11,5.78,142306.95
2013-07-30,5.93,5.94,6.09,5.85,86433.18
2013-07-31,5.94,5.68,6.23,5.68,158075.14
2013-08-01,5.68,5.87,5.98,5.62,113077.77
2013-08-02,5.87,5.89,5.97,5.78,67268.11
2013-08-05,5.88,6.24,6.43,5.83,137311.68
2013-08-06,6.19,6.75,6.8,6.19,238003.91
2013-08-07,6.75,6.75,6.82,6.59,92722.92
2013-08-08,6.72,7.43,7.43,6.72,322688.54
2013-08-09,7.47,7.6,7.75,7.35,196782.62
2013-08-12,7.6,7.48,7.78,7.28,185873.48
2013-08-13,7.52,7.71,7.77,7.32,160360.32
2013-08-14,7.69,8.4,8.46,7.61,244740.88
2013-08-15,8.31,8.24,8.5,8.16,152716.33
2013-08-16,8.25,8.44,8.48,8.13,174522.46
2013-08-19,8.45,9.05,9.13,8.44,243484.96
2013-08-20,8.96,9.33,9.42,8.89,204385.77
2013-08-21,9.35,8.85,9.48,8.65,267391.95
2013-08-22,8.85,8.81,8.91,8.45,233556.97
2013-08-23,8.75,8.93,9.04,8.62,207428.99
2013-08-26,8.97,9.54,9.61,8.97,293943.68
2013-08-27,9.58,9.36,9.66,9.26,180722.18
2013-08-28,9.35,8.82,9.71,8.47,240186.02
2013-08-29,8.79,8.85,9.03,8.37,177353.15
2013-08-30,8.85,8.65,8.87,8.49,110932.15
2013-09-02,8.65,8.73,8.97,8.65,102438.78
2013-09-03,8.83,9.26,9.46,8.75,201080.85
2013-09-04,9.23,8.82,9.34,8.82,173135.51
2013-09-05,8.81,8.77,9.05,8.58,156955.44
2013-09-06,8.77,8.8,9.02,8.67,119899.9
2013-09-09,8.8,8.77,9.01,8.77,135875.4
2013-09-10,8.75,8.17,8.76,8.12,257528.13
2013-09-11,8.12,8.32,8.38,7.66,208359.63
2013-09-12,8.19,8.27,8.42,8.17,98113.49
2013-09-13,8.26,8.6,8.72,8.15,122028.29
2013-09-16,8.57,9.43,9.45,8.57,430848.68
2013-09-17,9.46,9.45,9.56,9.16,211398.33
2013-09-18,9.48,9.65,10.2,9.31,367069.63
2013-09-23,9.66,10.07,10.31,9.66,367315.68
2013-09-24,10.08,10.31,10.41,9.92,199733.72
2013-09-25,10.16,9.47,10.31,9.28,453794.71
2013-09-26,9.28,8.85,9.36,8.53,466362.18
2013-09-27,8.8,8.74,9.08,8.64,194895.65
2013-09-30,8.75,9.02,9.08,8.42,164413.07
2013-10-08,8.97,9.07,9.36,8.87,124548.0
2013-10-09,9.11,9.06,9.24,8.67,155571.04
2013-10-10,9.06,8.87,9.13,8.84,171288.06
2013-10-11,8.87,9.11,9.2,8.77,150582.25
2013-10-14,9.04,8.77,9.18,8.73,159878.4
2013-10-15,8.58,8.26,8.97,8.21,217030.21
2013-10-16,8.34,8.4,8.64,7.67,283632.3
2013-10-17,8.39,8.46,8.57,8.27,140558.24
2013-10-18,8.47,8.97,9.07,8.4,226860.97
2013-10-21,8.97,8.57,8.97,8.17,310759.04
2013-10-22,8.45,7.71,8.45,7.71,314760.63
2013-10-23,7.45,6.94,7.45,6.94,390281.63
2013-10-24,6.62,6.69,6.85,6.54,262811.35
2013-10-25,6.7,6.65,6.72,6.38,271942.18
2013-10-28,6.63,6.8,6.83,6.58,207218.67
2013-10-29,6.79,6.7,7.03,6.2,278904.16
2013-10-30,6.66,6.96,7.02,6.57,198474.03
2013-10-31,6.95,6.96,7.27,6.78,166679.76
2013-11-01,6.91,6.89,7.04,6.84,74572.81
2013-11-04,6.89,6.83,7.06,6.81,51615.76
2013-11-05,6.84,6.79,6.84,6.57,77727.07
2013-11-06,6.7,6.64,6.78,6.62,55820.69
2013-11-07,6.63,6.48,6.63,6.38,65636.17
2013-11-08,6.43,6.52,6.61,6.39,52775.61
2013-11-11,6.51,6.67,6.79,6.36,74684.7
2013-11-12,6.68,6.68,6.77,6.63,39277.95
2013-11-13,6.67,6.32,6.67,6.32,67135.28
2013-11-14,6.29,5.95,6.3,5.82,183860.39
2013-11-15,5.92,5.99,6.15,5.85,196362.2
2013-11-18,6.03,5.96,6.1,5.93,314974.23
2013-11-19,5.96,5.92,6.0,5.87,297063.56
2013-11-20,5.98,6.06,6.11,5.92,382828.0
2013-11-21,6.02,6.01,6.03,5.82,438135.81
2013-11-22,5.99,6.6,6.6,5.97,631279.16
2013-11-25,6.69,6.8,6.92,6.59,596283.95
2013-11-26,6.63,6.68,6.72,6.5,265909.9
2013-11-27,6.63,6.62,6.7,6.5,196485.03
2013-11-28,6.64,6.65,6.85,6.55,200525.38
2013-11-29,6.66,6.57,6.68,6.56,119063.92
2013-12-02,6.38,5.93,6.38,5.91,242636.34
2013-12-03,5.88,6.05,6.12,5.79,109584.45
2013-12-04,6.06,6.16,6.2,6.0,101904.96
2013-12-05,6.14,6.08,6.21,6.06,75332.54
2013-12-06,6.08,6.36,6.37,6.06,136899.09
2013-12-09,6.43,6.63,6.84,6.43,294265.7
2013-12-10,6.67,6.64,6.72,6.53,102357.03
2013-12-11,6.65,6.64,6.78,6.51,106109.65
2013-12-12,6.65,6.66,6.76,6.58,114949.21
2013-12-13,6.66,6.5,6.66,6.48,68918.91
2013-12-16,6.51,6.4,6.51,6.28,70206.17
2013-12-17,6.4,6.61,6.77,6.36,126313.32
2013-12-18,6.59,6.5,6.69,6.46,64413.18
2013-12-19,6.51,6.28,6.53,6.26,62505.29
2013-12-20,6.26,6.21,6.42,6.14,52776.58
2013-12-23,6.2,6.09,6.26,6.06,41184.46
2013-12-24,6.1,6.15,6.2,6.07,37047.06
2013-12-25,6.09,6.15,6.23,6.09,54628.35
2013-12-26,6.18,5.98,6.21,5.95,70136.61
2013-12-27,5.98,6.07,6.16,5.98,59358.21
2013-12-30,6.14,6.18,6.36,6.13,92644.85
2013-12-31,6.16,6.13,6.23,6.06,49913.62
2014-01-02,6.18,6.16,6.18,6.11,37175.3
2014-01-03,6.16,6.2,6.24,6.12,62159.56
2014-01-06,6.17,5.78,6.18,5.58,210470.46
2014-01-07,5.58,5.98,6.06,5.57,144754.74
2014-01-08,5.98,6.13,6.24,5.9,120924.58
2014-01-09,6.13,6.31,6.5,6.09,164196.08
2014-01-10,6.23,6.25,6.43,6.11,63315.04
2014-01-13,6.26,6.1,6.4,6.09,70235.73
2014-01-14,6.11,6.19,6.24,6.0,57099.65
2014-01-15,6.17,6.57,6.62,6.15,189369.58
2014-01-16,6.57,6.46,6.63,6.43,89359.99
2014-01-17,6.45,6.51,6.59,6.36,94681.44
2014-01-20,6.51,6.42,6.61,6.4,70561.93
2014-01-21,6.43,6.37,6.5,6.36,61915.52
2014-01-22,6.43,6.47,6.62,6.4,107790.8
2014-01-23,6.46,6.69,6.77,6.44,167626.07
2014-01-24,6.71,7.36,7.36,6.71,448730.06
2014-01-27,7.27,7.24,7.47,7.08,230088.58
2014-01-28,7.23,7.26,7.31,7.15,130619.88
2014-01-29,7.27,7.2,7.37,7.07,170368.82
2014-06-03,6.49,6.49,6.49,6.49,9937.0
2014-06-04,5.84,5.84,5.84,5.84,10977.0
2014-06-05,5.25,5.34,5.52,5.25,862041.04
2014-06-06,5.18,5.22,5.3,5.14,390261.91
2014-06-09,5.18,5.06,5.23,5.03,313220.66
2014-06-10,5.08,5.05,5.08,4.97,200377.82
2014-06-11,5.05,5.07,5.08,4.99,200348.96
2014-06-12,5.05,5.06,5.07,5.01,143149.72
2014-06-13,5.05,5.05,5.08,5.0,172546.05
2014-06-16,5.05,5.08,5.12,5.02,193003.76
2014-06-17,5.06,5.0,5.06,4.99,146992.46
2014-06-18,4.99,4.96,5.01,4.85,222063.68
2014-06-19,4.94,4.75,4.97,4.74,126447.05
2014-06-20,4.72,4.78,4.8,4.67,136251.53
2014-06-23,4.74,4.81,4.87,4.73,100809.11
2014-06-24,4.81,4.8,4.88,4.79,86496.84
2014-06-25,4.8,4.76,4.84,4.71,100840.21
2014-06-26,4.75,4.8,4.88,4.75,146301.91
2014-06-27,4.8,4.8,4.84,4.73,169843.02
2014-06-30,4.81,4.88,4.89,4.78,166633.88
2014-07-01,4.88,4.89,4.94,4.83,124964.78
2014-07-02,4.87,5.07,5.13,4.86,355984.11
2014-07-03,5.05,5.02,5.09,4.99,182392.07
2014-07-04,5.04,4.97,5.05,4.95,136500.26
2014-07-07,4.98,4.9,4.99,4.85,133107.28
2014-07-08,4.88,4.92,4.93,4.85,88286.71
2014-07-09,4.91,4.8,4.93,4.79,104612.86
2014-07-10,4.8,4.77,4.82,4.77,77828.39
2014-07-11,4.78,4.87,4.91,4.77,87550.2
2014-07-14,5.36,5.36,5.36,5.36,149390.05
2014-07-16,5.3,5.1,5.6,5.07,628194.81
2014-07-17,5.01,4.96,5.07,4.92,233400.72
2014-07-18,4.93,4.95,4.99,4.92,114321.16
2014-07-21,4.92,4.88,4.95,4.87,86208.29
2014-07-22,4.88,4.92,4.95,4.87,97525.16
2014-07-23,4.91,4.84,4.92,4.82,106987.42
2014-07-24,4.84,4.86,4.87,4.79,84064.96
2014-07-25,4.86,4.97,4.97,4.83,114636.7
2014-07-28,4.99,5.08,5.08,4.97,176538.62
2014-07-29,5.09,5.07,5.12,5.04,156404.43
2014-07-30,5.06,5.16,5.25,5.05,233480.11
2014-07-31,5.15,5.21,5.23,5.14,163208.35
2014-08-01,5.18,5.11,5.28,5.1,190573.97
2014-08-04,5.1,5.28,5.31,5.09,184110.42
2014-08-05,5.28,5.32,5.35,5.2,220962.75
2014-08-06,5.28,5.29,5.32,5.23,152566.28
2014-08-07,5.27,5.23,5.32,5.21,127302.56
2014-08-08,5.22,5.24,5.27,5.2,75983.43
2014-08-11,5.26,5.6,5.75,5.23,455627.55
2014-08-12,5.5,5.55,5.64,5.47,265683.27
2014-08-13,5.53,5.67,5.73,5.5,305028.18
2014-08-14,5.67,5.78,5.95,5.58,376409.86
2014-08-15,5.71,5.77,5.84,5.63,221135.33
2014-08-18,5.77,6.09,6.18,5.63,425828.69
2014-08-19,6.0,6.03,6.14,5.91,297867.78
2014-08-20,6.03,6.16,6.35,5.97,310086.26
2014-08-21,6.18,6.26,6.28,6.06,226509.37
2014-08-22,6.28,6.16,6.34,6.14,205060.09
2014-08-25,6.13,5.96,6.15,5.96,204530.37
2014-08-26,5.92,5.83,5.95,5.66,243501.59
2014-08-27,5.79,5.78,5.87,5.69,133424.68
2014-08-28,5.77,5.74,5.88,5.7,110143.74
2014-08-29,5.74,5.82,5.84,5.72,82796.8
2014-09-01,5.82,6.01,6.06,5.8,140621.61
2014-09-02,6.02,6.12,6.2,5.97,168509.43
2014-09-03,6.11,6.06,6.14,5.96,203994.02
2014-09-04,6.05,6.08,6.13,5.99,148062.81
2014-09-05,6.07,6.04,6.09,6.0,126979.47
2014-09-09,6.04,6.07,6.09,5.98,140928.82
2014-09-10,6.03,6.19,6.22,5.99,218113.45
2014-09-11,6.19,6.29,6.42,6.16,291961.67
2014-09-12,6.35,6.61,6.64,6.3,462307.67
2014-09-15,6.48,6.56,6.58,6.45,260725.99
2014-09-16,6.55,6.13,6.58,6.11,264260.15
2014-09-17,6.16,6.23,6.23,6.0,154985.14
2014-09-18,6.2,6.22,6.28,6.15,111368.38
2014-09-19,6.22,6.24,6.32,6.18,124185.86
2014-09-22,6.23,6.29,6.34,6.11,149934.1
2014-09-23,6.26,6.4,6.44,6.26,176504.83
2014-09-24,6.39,6.42,6.52,6.35,183946.05
2014-09-25,6.42,6.41,6.48,6.36,153240.31
2014-09-26,6.41,6.34,6.42,6.3,117958.0
2014-09-29,6.31,6.42,6.46,6.31,149009.11
2014-09-30,6.42,6.4,6.46,6.37,115264.45
2014-10-08,6.4,6.39,6.44,6.35,139301.79
2014-10-09,6.39,6.26,6.44,6.24,219717.17
2014-10-10,6.25,6.09,6.26,6.07,219061.62
2014-10-13,6.04,6.15,6.16,5.98,129336.55
2014-10-14,6.14,6.33,6.38,6.1,245786.27
2014-10-15,6.34,6.2,6.36,6.14,138136.46
2014-10-16,6.14,6.05,6.21,6.05,105828.99
2014-10-17,6.05,5.98,6.11,5.9,99461.7
2014-10-20,5.97,6.1,6.12,5.95,60460.63
2014-10-21,6.09,6.06,6.15,6.05,66769.94
2014-10-22,6.05,5.99,6.1,5.99,54703.64
2014-10-23,5.99,5.81,6.03,5.78,84906.9
2014-10-24,5.84,5.74,5.84,5.7,45522.96
2014-10-27,5.74,5.77,5.78,5.68,56508.15
2014-10-28,5.76,5.9,5.92,5.76,64533.28
2014-10-29,5.91,6.02,6.05,5.91,93473.93
2014-10-30,6.03,6.04,6.13,6.0,88883.8
2014-10-31,6.09,6.11,6.15,5.98,109597.62
2014-11-03,6.13,6.13,6.15,6.04,98297.81
2014-11-04,6.1,6.04,6.13,6.01,87514.12
2014-11-05,6.01,6.05,6.09,6.01,57735.51
2014-11-06,6.01,6.05,6.09,6.01,56918.05
2014-11-07,6.04,6.1,6.16,6.03,124846.88
2014-11-10,6.11,6.16,6.23,6.1,98224.25
2014-11-11,6.17,5.92,6.2,5.82,135686.11
2014-11-12,5.95,5.92,5.96,5.86,66936.52
2014-11-13,5.93,5.81,5.95,5.8,76547.14
2014-11-14,5.78,5.8,5.86,5.77,51255.4
2014-11-17,5.78,5.84,5.9,5.77,43851.14
2014-11-18,5.84,5.88,5.92,5.82,48026.0
2014-11-19,5.88,5.94,5.97,5.85,62713.74
2014-11-20,5.94,6.02,6.04,5.91,81734.57
2014-11-21,6.02,6.01,6.07,5.94,60492.67
2014-11-24,6.01,6.03,6.08,5.98,121264.88
2014-11-25,6.03,6.26,6.35,6.01,254074.71
2014-11-26,6.26,6.26,6.36,6.17,216679.33
2014-11-27,6.28,6.27,6.38,6.22,248567.28
2014-11-28,6.26,6.21,6.35,6.17,123720.65
2014-12-01,6.25,6.07,6.3,6.03,142812.06
2014-12-02,6.07,6.17,6.29,6.05,156497.39
2014-12-03,6.16,6.25,6.27,6.12,172278.51
2014-12-04,6.28,6.28,6.3,6.22,203823.84
2014-12-05,6.28,6.03,6.28,5.7,218848.43
2014-12-08,5.97,5.91,6.04,5.89,150037.55
2014-12-09,5.9,5.66,5.9,5.65,202242.87
2014-12-10,5.66,6.17,6.22,5.56,254614.72
2014-12-11,6.15,6.23,6.28,6.09,211104.95
2014-12-12,6.27,6.35,6.38,6.19,197970.08
2014-12-30,6.35,5.72,6.35,5.72,278381.4
2014-12-31,5.74,5.82,5.99,5.73,174972.58
2015-01-05,5.88,6.03,6.25,5.88,165881.29
2015-01-06,6.05,6.05,6.05,5.91,110439.03
2015-01-07,6.02,6.02,6.08,5.96,82653.71
2015-01-08,6.05,5.96,6.06,5.94,76575.18
2015-01-09,5.97,5.86,5.99,5.85,80117.55
2015-01-12,5.81,5.78,5.91,5.74,68475.25
2015-01-13,5.77,5.9,5.94,5.74,87140.66
2015-01-14,5.88,5.82,5.9,5.8,50050.14
2015-01-15,5.84,5.86,5.86,5.78,47934.95
2015-01-16,5.86,5.9,5.92,5.8,75596.68
2015-01-19,5.8,5.66,5.89,5.47,96301.37
2015-01-20,5.68,5.76,5.81,5.68,63265.78
2015-01-21,5.75,5.87,5.93,5.75,117635.22
2015-01-22,5.89,5.94,5.96,5.85,95276.87
2015-01-23,5.94,6.13,6.23,5.88,207779.69
2015-01-26,6.11,6.19,6.27,6.01,170007.03
2015-01-27,6.21,6.25,6.38,6.13,178896.93
2015-01-28,6.24,6.15,6.3,6.13,110453.18
2015-01-29,6.14,6.17,6.25,6.05,113810.48
2015-01-30,6.25,6.35,6.49,6.17,246338.28
2015-02-02,6.26,6.1,6.39,6.04,266860.0
2015-02-03,6.08,6.23,6.3,6.07,115753.06
2015-02-04,6.24,6.16,6.28,6.15,92726.22
2015-02-05,6.23,6.12,6.24,6.11,95872.84
2015-02-06,6.11,6.01,6.15,5.97,81567.36
2015-02-09,6.01,6.01,6.07,5.93,46394.9
2015-02-10,6.0,6.09,6.16,5.98,57301.8
2015-02-11,6.25,6.7,6.7,6.1,516606.06
2015-02-12,6.75,6.71,6.89,6.65,406312.65
2015-02-13,6.76,7.08,7.08,6.66,377021.93
2015-02-16,7.03,7.06,7.17,6.9,265448.92
2015-02-17,7.06,7.13,7.46,7.03,269945.73
2015-02-25,7.15,7.26,7.48,7.01,229899.83
2015-02-26,7.2,7.2,7.5,7.11,210159.87
2015-02-27,7.2,7.16,7.31,7.12,141513.63
2015-03-02,7.17,7.67,7.8,7.08,278081.22
2015-03-03,7.55,7.61,7.96,7.53,261712.38
2015-03-04,7.6,7.85,8.17,7.56,224540.93
2015-03-05,7.85,8.01,8.06,7.82,195396.83
2015-03-06,8.01,7.85,8.39,7.75,234759.63
2015-03-09,7.8,7.89,8.05,7.7,138893.12
2015-03-10,7.89,7.88,8.05,7.83,104747.25
2015-03-11,7.86,7.68,7.93,7.6,191159.17
2015-03-12,7.7,7.57,7.8,7.49,140815.43
2015-03-13,7.62,7.86,8.02,7.52,194784.28
2015-03-16,7.97,8.1,8.23,7.81,268556.55
2015-03-17,8.12,8.12,8.3,7.91,212274.66
2015-03-18,8.1,8.15,8.19,8.04,155633.36
2015-03-19,8.15,8.16,8.2,8.05,167369.91
2015-03-20,8.12,8.17,8.2,8.07,140208.76
2015-03-23,8.16,8.46,8.55,8.13,236669.99
2015-03-24,8.55,8.26,8.59,8.12,222899.2
2015-03-25,8.25,8.23,8.34,8.12,172216.59
2015-03-26,8.2,8.13,8.35,8.08,173058.25
2015-03-27,8.13,8.3,8.38,8.12,127439.88
2015-03-30,8.26,8.28,8.45,8.21,183969.42
2015-03-31,8.3,8.15,8.35,8.09,173999.2
2015-04-01,8.15,8.25,8.3,8.07,140940.09
2015-04-02,8.23,9.08,9.08,8.16,337994.71
2015-04-03,9.2,9.78,9.99,9.12,520101.9
2015-04-07,9.82,9.91,10.3,9.75,423251.03
2015-04-08,9.92,9.7,10.0,9.39,278711.79
2015-04-09,9.7,9.39,9.7,8.98,246950.74
2015-04-10,9.37,10.02,10.33,9.31,320149.93
2015-04-13,10.0,10.08,10.2,9.75,229205.85
2015-04-14,10.0,10.13,10.49,9.92,251812.99
2015-04-15,9.95,10.0,10.42,9.85,259829.05
2015-04-16,9.9,9.93,10.2,9.7,210206.93
2015-04-17,10.06,9.99,10.24,9.89,208538.38
2015-04-20,9.9,9.28,9.9,9.2,305363.7
2015-04-21,9.28,9.49,9.66,9.21,163580.23
2015-04-22,9.51,9.6,9.65,9.41,189194.13
2015-04-23,9.6,9.5,9.64,9.39,226698.13
2015-04-24,9.47,10.45,10.45,9.36,437829.95
2015-04-27,10.55,10.45,10.68,10.2,431374.69
2015-04-28,10.46,9.88,10.59,9.7,299626.3
2015-04-29,9.89,9.96,10.15,9.41,153728.03
2015-04-30,9.99,10.02,10.45,9.8,207607.97
2015-05-04,10.04,9.99,10.27,9.88,204858.15
2015-05-05,10.02,10.38,10.5,9.89,346807.32
2015-05-06,10.35,10.0,10.58,9.9,286322.56
2015-05-07,9.88,9.3,9.88,9.2,199334.73
2015-05-08,9.37,9.54,9.59,9.3,131177.8
2015-05-11,9.65,10.09,10.24,9.54,191306.07
2015-05-12,10.18,11.1,11.1,10.18,429928.99
2015-05-13,11.18,11.6,12.21,10.79,463044.84
2015-05-14,11.67,11.61,11.9,10.92,345031.79
2015-05-15,11.5,12.41,12.75,11.29,323243.25
2015-05-18,12.15,12.68,13.33,12.1,280841.12
2015-05-19,12.6,12.6,12.8,12.38,216503.6
2015-05-20,12.59,12.93,13.56,12.08,273357.39
2015-05-21,12.94,13.0,13.5,12.79,192837.25
2015-05-22,13.05,13.25,13.5,12.66,275448.89
2015-05-25,13.1,14.18,14.3,12.97,361148.96
2015-05-26,14.18,14.12,14.41,13.88,315279.09
2015-05-27,14.0,14.27,14.4,13.58,336138.95
2015-05-28,14.27,12.84,14.28,12.84,324047.32
2015-05-29,12.5,12.85,13.2,11.6,306330.74
2015-06-01,12.9,13.15,13.29,12.7,233434.45
2015-06-02,13.12,14.46,14.46,13.0,323718.55
2015-06-03,14.47,15.91,15.91,14.47,495177.5
2015-06-04,15.91,16.69,16.8,15.05,428932.07
2015-06-05,16.55,17.0,18.36,16.31,363142.27
2015-06-08,17.0,16.2,17.1,15.5,322342.22
2015-06-09,16.1,15.6,16.19,15.28,285290.83
2015-06-10,15.4,15.97,16.41,15.0,283372.34
2015-06-11,16.0,17.21,17.5,15.8,296391.61
2015-06-12,17.22,17.04,17.96,16.95,272068.34
2015-06-15,17.04,16.37,17.33,16.33,231727.02
2015-06-16,16.19,15.4,16.19,15.21,205110.17
2015-06-17,15.48,15.99,16.45,15.03,195753.86
2015-06-18,15.98,15.58,16.35,15.5,157807.08
2015-06-19,15.3,14.02,15.44,14.02,153853.07
2015-06-23,14.02,13.83,14.55,12.63,206146.13
2015-06-24,13.99,13.79,14.16,13.5,298878.51
2015-06-25,13.86,13.04,13.94,12.85,270140.6
2015-06-26,12.75,11.74,12.75,11.74,168633.8
2015-06-29,12.02,10.57,12.2,10.57,261490.83
2015-06-30,10.56,11.04,11.57,9.51,388175.29
2015-07-01,10.91,10.07,11.5,9.98,223752.45
2015-07-02,9.77,9.06,10.11,9.06,311855.66
2015-07-03,8.51,8.15,9.15,8.15,292738.14
2015-07-06,8.89,7.34,8.89,7.34,349313.37
2015-07-07,6.78,6.61,6.9,6.61,161801.1
2015-07-08,5.95,5.95,5.95,5.95,28823.0
2015-07-09,5.36,6.55,6.55,5.36,496559.59
2015-07-10,6.9,7.21,7.21,6.73,205447.63
2015-07-13,7.93,7.93,7.93,7.68,336801.04
2015-07-14,8.29,8.72,8.72,7.92,490786.71
2015-07-15,8.68,7.85,8.89,7.85,375193.45
2015-07-16,7.1,7.84,8.3,7.1,245485.51
2015-07-17,7.83,8.31,8.49,7.8,292155.47
2015-07-20,8.4,8.42,8.69,8.21,311269.33
2015-07-21,8.25,8.66,8.97,8.1,323503.56
2015-07-22,8.66,8.68,8.83,8.26,293029.64
2015-07-23,8.78,9.23,9.3,8.68,336629.04
2015-07-24,9.23,8.95,9.68,8.8,386201.23
2015-07-27,8.59,8.06,8.94,8.06,349610.03
2015-07-28,7.36,7.57,7.95,7.25,447725.79
2015-07-29,7.65,8.07,8.14,7.11,260262.25
2015-07-30,8.0,7.8,8.37,7.74,290184.28
2015-07-31,7.68,7.57,7.88,7.36,168660.95
2015-08-03,7.44,6.86,7.55,6.81,248854.86
2015-08-04,6.87,7.41,7.45,6.87,206406.58
2015-08-05,7.49,7.43,7.73,7.25,229094.63
2015-08-06,7.18,7.44,7.58,7.11,155582.32
2015-08-07,7.55,7.74,7.79,7.52,185404.33
2015-08-10,7.86,8.51,8.51,7.8,288914.95
2015-08-11,8.65,8.9,9.2,8.38,412802.19
2015-08-12,8.71,8.33,8.99,8.3,327948.56
2015-08-13,8.33,8.77,8.8,8.29,256569.13
2015-08-14,8.9,8.93,9.22,8.8,376241.0
2015-08-17,8.92,9.8,9.8,8.86,401151.01
2015-08-18,9.77,8.82,9.78,8.82,449227.38
2015-08-19,8.38,9.01,9.26,7.96,372032.5
2015-08-20,8.85,8.69,9.18,8.62,288749.23
2015-08-21,8.32,7.98,8.58,7.92,257758.26
2015-08-24,7.6,7.18,7.61,7.18,163607.61
2015-08-25,6.46,6.46,6.82,6.46,253608.41
2015-08-26,6.46,6.0,6.85,5.86,313510.12
2015-08-27,6.3,6.36,6.46,5.92,216879.84
2015-08-28,6.48,7.0,7.0,6.42,323831.99
2015-08-31,6.99,7.03,7.56,6.85,321437.55
2015-09-01,6.95,6.33,7.17,6.33,246697.67
2015-09-02,6.01,5.88,6.6,5.82,197708.93
2015-09-07,6.22,6.17,6.35,6.03,165039.32
2015-09-08,6.19,6.65,6.74,6.02,149614.63
2015-09-09,6.68,6.96,7.02,6.68,201911.87
2015-09-10,6.85,6.7,6.92,6.63,133748.08
2015-09-11,6.7,6.77,6.85,6.62,107015.49
2015-09-14,6.85,6.1,6.9,6.09,257702.29
2015-09-15,6.0,6.07,6.29,5.89,170720.2
2015-09-16,6.09,6.67,6.68,6.09,163686.28
2015-09-17,6.68,6.8,7.19,6.6,289691.38
2015-09-18,6.82,6.88,6.99,6.68,144239.41
2015-09-21,6.8,7.22,7.27,6.67,197793.08
2015-09-22,7.22,7.11,7.39,7.0,168027.04
2015-09-23,6.91,6.96,7.13,6.82,124633.84
2015-09-24,6.99,7.2,7.2,6.99,123560.9
2015-09-25,7.2,7.0,7.2,6.89,94233.62
2015-09-28,6.98,7.11,7.15,6.82,67076.08
2015-09-29,7.0,7.11,7.25,6.88,99547.72
2015-09-30,7.12,7.2,7.4,7.12,129786.86
2015-10-08,7.45,7.54,7.69,7.33,119830.55
2015-10-09,7.52,7.48,7.55,7.36,97224.9
2015-10-12,7.59,7.86,7.95,7.5,462180.0
2015-10-13,7.71,7.83,7.91,7.6,220971.22
2015-10-14,7.83,7.51,7.89,7.5,199419.81
2015-10-15,7.43,7.78,7.86,7.43,207167.27
2015-10-16,7.79,7.85,7.88,7.61,193760.75
2015-10-19,7.88,8.03,8.13,7.75,262414.66
2015-10-20,8.02,8.07,8.07,7.86,197235.82
2015-10-21,8.01,7.47,8.3,7.39,304590.89
2015-10-22,7.47,7.66,7.7,7.36,181704.06
2015-10-23,7.72,7.88,7.95,7.65,233484.1
2015-10-26,7.96,7.97,8.13,7.81,219524.59
2015-10-27,7.95,7.8,7.95,7.48,191108.21
2015-10-28,7.82,8.41,8.58,7.72,531565.75
2015-10-29,8.26,8.85,9.18,8.2,418588.86
2015-10-30,8.6,8.89,9.48,8.46,375532.3
2015-11-02,8.69,8.78,9.24,8.48,251497.75
2015-11-03,8.78,8.46,9.0,8.3,197391.82
2015-11-04,8.46,8.92,9.02,8.4,187314.47
2015-11-05,8.92,8.78,9.14,8.7,192412.52
2015-11-06,8.77,8.99,9.09,8.68,175063.89
2015-11-09,8.9,9.09,9.35,8.8,270914.95
2015-11-10,9.04,9.17,9.28,8.93,204551.69
2015-11-11,9.15,9.16,9.17,8.9,187754.89
2015-11-12,9.3,9.56,9.85,9.16,253619.29
2015-11-13,9.5,9.25,9.87,9.22,262153.28
2015-11-16,9.18,9.1,9.18,8.66,299854.43
2015-11-17,9.13,8.97,9.37,8.92,240958.72
2015-11-18,8.91,9.0,9.05,8.77,136393.98
2015-11-19,9.0,9.12,9.25,8.9,124951.42
2015-11-20,9.06,9.05,9.18,8.97,148777.93
2015-11-23,9.08,9.28,9.4,9.06,183251.47
2015-11-24,9.33,10.05,10.21,9.2,380216.97
2015-11-25,9.95,10.1,10.2,9.81,218086.36
2015-11-26,10.38,10.7,11.0,10.14,297964.78
2015-11-27,10.6,9.63,10.6,9.63,274978.38
2015-11-30,9.65,9.41,9.85,8.82,213553.96
2015-12-01,9.43,9.39,9.49,9.04,127510.83
2015-12-02,9.27,9.18,9.61,9.05,154619.46
2015-12-03,9.21,9.41,9.47,9.18,127922.96
2015-12-04,9.37,9.28,9.52,9.22,106167.64
2015-12-07,9.32,9.38,9.45,9.21,117026.2
2015-12-08,9.38,8.98,9.39,8.93,138380.57
2015-12-09,8.96,8.74,8.96,8.72,106754.93
2015-12-10,8.85,8.82,9.05,8.73,73774.44
2015-12-11,8.85,9.2,9.31,8.72,122457.52
2015-12-14,9.13,9.3,9.49,9.06,109207.87
2015-12-15,9.3,9.54,9.55,9.22,117032.25
2015-12-16,9.58,9.53,9.89,9.51,135396.33
2015-12-17,9.62,9.71,9.82,9.48,131229.68
2015-12-18,9.7,10.03,10.25,9.63,205418.5
2015-12-21,10.04,10.28,10.38,10.04,164224.84
2015-12-22,10.21,10.11,10.3,9.97,143461.58
2015-12-23,10.11,9.85,10.18,9.81,113794.12
2015-12-24,9.85,9.89,9.99,9.74,75269.99
2015-12-25,9.89,10.3,10.8,9.85,193791.63
2015-12-28,10.38,9.96,10.48,9.92,172978.15
2015-12-29,10.0,9.79,10.08,9.59,134062.05
2015-12-30,9.81,9.88,9.94,9.67,157139.52
2015-12-31,9.85,10.25,10.43,9.7,195218.64
2016-01-04,10.23,9.24,10.24,9.23,145321.95
2016-01-05,8.5,8.7,9.39,8.36,159014.81
2016-01-06,8.75,9.07,9.15,8.75,112604.27
2016-01-07,9.01,8.16,9.01,8.16,24375.0
2016-01-08,8.47,8.43,8.61,7.49,175240.87
2016-01-11,8.27,7.61,8.28,7.6,145817.97
2016-01-12,7.62,7.82,8.0,7.5,98968.01
2016-01-13,7.85,7.3,8.01,7.29,113949.36
2016-01-14,7.1,7.64,7.85,6.69,170955.19
2016-01-15,7.49,7.09,7.59,7.0,89824.72
2016-01-18,7.05,7.2,7.5,6.8,85343.08
2016-01-19,7.2,7.6,7.71,7.15,97063.78
2016-01-20,7.58,7.36,7.67,7.3,99311.46
2016-01-21,7.22,6.98,7.42,6.98,66303.01
2016-01-22,7.14,7.09,7.16,6.92,50651.68
2016-01-25,7.1,7.16,7.3,7.08,60672.08
2016-01-26,7.08,6.63,7.12,6.44,98790.76
2016-01-27,6.7,6.65,6.8,6.17,161455.61
2016-01-28,6.53,6.46,6.55,6.3,67917.21
2016-01-29,6.5,6.68,6.79,6.36,75950.66
2016-02-01,6.7,6.5,6.72,6.37,63086.61
2016-02-02,6.45,6.68,6.76,6.45,50075.29
2016-02-03,6.53,6.74,6.78,6.5,50932.53
2016-02-04,6.72,6.98,7.06,6.7,71722.14
2016-02-05,7.06,6.89,7.06,6.89,30959.44
2016-02-15,6.55,6.83,6.9,6.55,38083.73
2016-02-16,6.83,7.13,7.21,6.83,51763.53
2016-02-17,7.1,7.26,7.33,7.05,63430.37
2016-02-18,7.3,7.37,7.49,7.23,63247.59
2016-02-19,7.4,7.48,7.49,7.24,45336.43
2016-02-22,7.48,7.56,7.6,7.48,47297.2
2016-02-23,7.56,7.35,7.58,7.28,89829.01
2016-02-24,7.36,7.55,7.57,7.24,112704.92
2016-02-25,7.45,6.8,7.49,6.8,111430.41
2016-02-26,6.89,6.89,7.08,6.4,77379.06
2016-02-29,6.89,6.51,6.89,6.3,91443.17
2016-03-01,6.58,7.04,7.16,6.57,161838.38
2016-03-02,7.08,7.31,7.43,7.05,104443.78
2016-03-03,7.31,7.28,7.55,7.27,79989.69
2016-03-04,7.27,7.1,7.34,6.93,68764.07
2016-03-07,7.24,7.3,7.35,7.18,43170.53
2016-03-08,7.3,7.39,7.49,7.0,69514.06
2016-03-09,7.21,7.17,7.32,7.04,40147.61
2016-03-10,7.21,7.11,7.28,7.1,33362.04
2016-03-11,7.04,7.06,7.16,6.98,28110.79
2016-03-14,7.13,7.28,7.4,7.13,46580.13
2016-03-15,7.22,7.26,7.34,7.22,29051.33
2016-03-16,7.3,7.19,7.35,7.12,26584.05
2016-03-17,7.19,7.3,7.37,7.19,82555.11
2016-03-18,7.31,7.56,7.61,7.31,101300.12
2016-03-21,7.61,7.75,7.76,7.6,80913.96
2016-03-22,7.75,7.64,7.77,7.54,61070.5
2016-03-23,7.58,7.78,7.93,7.55,75525.44
2016-03-24,7.7,7.48,7.7,7.46,81940.57
2016-03-25,7.47,7.49,7.53,7.37,54317.59
2016-03-28,7.52,7.41,7.6,7.36,96372.3
2016-03-29,7.4,7.43,7.46,7.25,73597.23
2016-03-30,7.47,7.6,7.69,7.46,107852.68
2016-03-31,7.64,7.77,7.79,7.56,116292.24
2016-04-01,7.77,7.8,8.18,7.6,242818.53
2016-04-05,7.86,7.93,8.02,7.75,183047.55
2016-04-06,7.89,7.99,8.01,7.82,128370.87
2016-04-07,7.99,7.75,8.01,7.73,91819.72
2016-04-08,7.68,7.88,7.88,7.65,72589.6
2016-04-11,7.95,8.0,8.09,7.86,171848.58
2016-04-12,7.99,7.9,8.0,7.82,73308.41
2016-04-13,7.92,8.06,8.2,7.92,158602.12
2016-04-14,8.1,8.05,8.1,7.95,123807.93
2016-04-15,7.97,7.94,8.04,7.88,106952.23
2016-04-18,7.9,7.95,7.99,7.8,88914.93
2016-04-19,7.97,7.84,7.98,7.76,98125.14
2016-04-20,7.85,7.5,7.88,7.29,114899.48
2016-04-21,7.5,7.39,7.61,7.38,76261.06
2016-04-22,7.36,7.35,7.4,7.21,63466.3
2016-04-25,7.36,7.29,7.36,7.15,52703.06
2016-04-26,7.29,7.4,7.41,7.23,44446.64
2016-04-27,7.4,7.41,7.56,7.39,56722.3
2016-04-28,7.43,7.28,7.47,7.15,48695.91
2016-04-29,7.28,7.3,7.38,7.27,28673.3
2016-05-03,7.39,7.48,7.5,7.27,44695.33
2016-05-04,7.5,7.48,7.56,7.45,44635.45
2016-05-05,7.5,7.53,7.54,7.44,41004.95
2016-05-06,7.56,7.15,7.57,7.1,61410.95
2016-05-09,7.16,6.73,7.16,6.72,87330.93
2016-05-10,6.73,6.71,6.8,6.67,41023.35
2016-05-11,6.75,6.64,6.78,6.6,39243.11
2016-05-12,6.62,6.57,6.62,6.47,35164.88
2016-05-13,6.58,6.54,6.62,6.5,33777.44
2016-05-16,6.57,6.65,6.65,6.43,43108.53
2016-05-17,6.69,6.55,6.7,6.5,44788.74
2016-05-18,6.54,6.29,6.54,6.19,50411.5
2016-05-19,6.26,6.28,6.39,6.26,54025.05
2016-05-20,6.22,6.36,6.39,6.1,42926.76
2016-05-23,6.36,6.35,6.42,6.32,49721.01
2016-05-24,6.34,6.25,6.36,6.05,112462.85
2016-05-25,6.25,6.34,6.36,6.18,103178.22
2016-05-26,6.29,6.24,6.31,6.11,57413.86
2016-05-27,6.24,6.23,6.32,6.15,62471.71
2016-05-30,6.22,6.1,6.28,6.07,109922.57
2016-05-31,6.06,6.35,6.35,6.06,127878.26
2016-06-01,6.32,6.35,6.45,6.3,111317.24
2016-06-02,6.35,6.43,6.44,6.3,102558.26
2016-06-03,6.42,6.49,6.59,6.42,77495.95
2016-06-06,6.5,6.47,6.58,6.41,54483.14
2016-06-07,6.48,6.45,6.5,6.4,57756.9
2016-06-08,6.46,6.45,6.5,6.35,61358.96
2016-06-13,6.38,6.15,6.39,6.15,63504.59
2016-06-14,6.11,6.16,6.2,6.11,37469.34
2016-06-15,6.11,6.3,6.31,6.08,82179.55
2016-06-16,6.29,6.26,6.31,6.2,60257.54
2016-06-17,6.28,6.29,6.35,6.24,45457.96
2016-06-20,6.29,6.26,6.29,6.12,65135.31
2016-06-21,6.3,6.32,6.34,6.24,88869.78
2016-06-22,6.27,6.39,6.39,6.26,54288.75
2016-06-23,6.38,6.39,6.5,6.3,74563.07
2016-06-24,6.36,6.41,6.45,6.2,82009.62
2016-06-27,6.35,6.5,6.51,6.32,78717.48
2016-06-28,6.46,6.54,6.55,6.42,83252.52
2016-06-29,6.55,6.52,6.57,6.48,72639.25
2016-06-30,6.48,6.56,6.66,6.48,83670.37
2016-07-01,6.54,6.47,6.59,6.43,65798.08
2016-07-04,6.46,6.53,6.58,6.45,85865.14
2016-07-05,6.54,6.6,6.62,6.51,134080.0
2016-07-06,6.58,6.6,6.64,6.55,142143.31
2016-07-07,6.69,6.63,6.85,6.59,211401.94
2016-07-08,6.61,6.51,6.62,6.5,105933.92
2016-07-11,6.54,6.5,6.61,6.47,95912.87
2016-07-12,6.5,6.58,6.61,6.46,89286.37
2016-07-13,6.6,6.63,6.65,6.51,132384.63
2016-07-14,6.62,6.68,6.68,6.58,82949.27
2016-07-15,6.63,6.62,6.67,6.57,85262.96
2016-07-18,6.61,6.58,6.63,6.53,68131.33
2016-07-19,6.55,6.63,6.63,6.53,58835.28
2016-07-20,6.63,6.58,6.67,6.57,82438.02
2016-07-21,6.61,6.59,6.65,6.56,107726.78
2016-07-22,6.57,6.54,6.61,6.51,57878.28
2016-07-25,6.56,6.53,6.56,6.48,76259.97
2016-07-26,6.53,6.6,6.61,6.51,69159.0
2016-07-27,6.59,6.37,6.72,6.31,191274.81
2016-07-28,6.36,6.39,6.48,6.34,79670.28
2016-07-29,6.39,6.48,6.54,6.38,67864.38
2016-08-01,6.45,6.38,6.53,6.21,83941.06
2016-08-02,6.4,6.47,6.51,6.34,46874.69
2016-08-03,6.46,6.58,6.58,6.42,79765.74
2016-08-04,6.57,6.81,6.9,6.54,164462.58
2016-08-05,6.77,7.13,7.21,6.75,302223.67
2016-08-08,7.07,7.12,7.19,6.97,156558.5
2016-08-09,7.05,7.77,7.83,6.9,549873.11
2016-08-10,7.74,7.67,7.91,7.49,522289.52
2016-08-11,7.57,7.68,7.88,7.47,776826.34
2016-08-12,7.72,7.69,7.93,7.53,733538.67
2016-08-15,7.68,7.84,7.85,7.49,687805.53
2016-08-16,7.77,7.92,8.12,7.63,751274.41
2016-08-17,7.85,7.55,7.89,7.42,550074.76
2016-08-18,7.49,7.38,7.5,7.31,269225.92
2016-08-19,7.41,7.35,7.45,7.34,139345.64
2016-08-22,7.39,7.23,7.47,7.18,157916.85
2016-08-23,7.25,7.29,7.29,7.17,133820.88
2016-08-24,7.28,7.25,7.36,7.23,114586.48
2016-08-25,7.21,7.1,7.21,7.0,156774.03
2016-08-26,7.12,7.07,7.17,7.05,97332.02
2016-08-29,7.04,7.1,7.12,7.03,72954.16
2016-08-30,7.13,7.09,7.13,7.06,73276.02
2016-08-31,7.07,7.09,7.09,6.99,84843.99
2016-09-01,7.1,7.07,7.17,7.06,118031.9
2016-09-02,7.03,6.91,7.07,6.8,117351.57
2016-09-05,6.92,6.92,6.97,6.89,64934.06
2016-09-06,6.91,7.05,7.05,6.84,89709.34
2016-09-07,7.05,6.98,7.06,6.97,92266.91
2016-09-08,6.99,6.99,7.03,6.96,55289.15
2016-09-09,7.01,6.88,7.03,6.88,70179.33
2016-09-12,6.74,6.56,6.8,6.56,115176.84
2016-09-13,6.59,6.59,6.62,6.53,77964.66
2016-09-14,6.58,6.54,6.63,6.53,67521.61
2016-09-19,6.58,6.74,6.75,6.56,83282.88
2016-09-20,6.74,6.69,6.75,6.66,56640.5
2016-09-21,6.7,6.68,6.72,6.66,48512.4
2016-09-22,6.73,6.74,6.8,6.71,78155.54
2016-09-23,6.75,6.66,6.77,6.66,53407.46
2016-09-26,6.67,6.55,6.7,6.54,64174.21
2016-09-27,6.53,6.64,6.64,6.5,46184.97
2016-09-28,6.63,6.85,6.97,6.58,147117.68
2016-09-29,6.81,6.86,6.92,6.77,95331.69
2016-09-30,6.85,6.83,6.87,6.8,52778.04
2016-10-10,6.85,6.86,6.87,6.72,97809.16
2016-10-11,6.85,6.92,6.95,6.83,99145.8
2016-10-12,6.9,6.91,6.96,6.86,76262.74
2016-10-13,6.93,6.89,6.94,6.84,66597.56
2016-10-14,6.85,6.83,6.89,6.78,51712.41
2016-10-17,6.81,6.67,6.84,6.66,69137.66
2016-10-18,6.68,6.77,6.77,6.65,64051.66
2016-10-19,6.77,6.77,6.85,6.7,65367.22
2016-10-20,6.77,6.82,6.83,6.76,55696.5
2016-10-21,6.82,7.03,7.09,6.76,216295.54
2016-10-24,7.0,7.09,7.11,6.96,165554.98
2016-10-25,7.08,7.16,7.22,7.04,124202.63
2016-10-26,7.12,7.2,7.22,7.07,117962.38
2016-10-27,7.17,7.15,7.2,7.09,88323.92
2016-10-28,7.12,7.13,7.16,7.08,105657.43
2016-10-31,7.12,7.08,7.19,7.07,82693.94
2016-11-01,7.11,7.15,7.21,7.08,90898.23
2016-11-02,7.14,7.13,7.24,7.1,80974.5
2016-11-03,7.12,7.09,7.19,7.08,75951.62
2016-11-04,7.1,7.1,7.14,7.06,58618.59
2016-11-07,7.14,7.08,7.14,7.02,63452.0
2016-11-08,7.14,7.19,7.22,7.09,70915.53
2016-11-09,7.19,7.11,7.22,7.05,65988.89
2016-11-10,7.17,7.23,7.28,7.16,67633.56
2016-11-11,7.25,7.21,7.26,7.16,57313.5
2016-11-14,7.2,7.19,7.21,7.12,67529.08
2016-11-15,7.18,7.17,7.19,7.12,58168.64
2016-11-16,7.21,7.22,7.29,7.14,95978.91
2016-11-17,7.21,7.27,7.31,7.16,62532.84
2016-11-18,7.25,7.18,7.28,7.18,53650.37
2016-11-21,7.16,7.15,7.18,7.09,63938.76
2016-11-22,7.14,7.18,7.19,7.1,60032.49
2016-11-23,7.19,7.22,7.26,7.16,76661.07
2016-11-24,7.22,7.13,7.23,7.11,86475.14
2016-11-25,7.13,7.11,7.17,6.98,115660.18
2016-11-28,7.13,7.2,7.2,7.08,51132.69
2016-11-29,7.2,7.09,7.2,7.09,46145.72
2016-11-30,7.07,7.04,7.08,6.97,64818.32
2016-12-01,7.09,7.13,7.14,7.04,38274.43
2016-12-02,7.12,6.98,7.14,6.97,59301.79
2016-12-05,6.95,6.97,7.07,6.89,45414.97
2016-12-06,7.0,7.06,7.13,6.99,44524.4
2016-12-07,7.04,7.13,7.13,7.04,34238.06
2016-12-08,7.13,7.14,7.19,7.08,50736.5
2016-12-09,7.06,7.2,7.2,7.06,74517.38
2016-12-12,7.24,7.15,7.45,7.07,179946.17
2016-12-13,7.03,6.9,7.09,6.51,119906.23
2016-12-14,6.81,6.72,6.89,6.7,69402.81
2016-12-15,6.69,6.87,6.92,6.62,59020.65
2016-12-16,6.85,6.88,6.91,6.83,38800.93
2016-12-19,6.87,6.94,6.97,6.84,32489.39
2016-12-20,6.94,6.92,6.96,6.86,31045.94
2016-12-21,6.94,7.18,7.19,6.92,77688.34
2016-12-22,7.13,7.22,7.25,7.12,51305.23
2016-12-23,7.26,7.17,7.4,7.15,81544.54
2016-12-26,7.2,7.23,7.25,7.08,51604.13
2016-12-27,7.23,7.26,7.33,7.16,43725.81
2016-12-28,7.22,7.17,7.34,7.1,59701.66
2016-12-29,7.15,7.15,7.17,7.0,51482.89
2016-12-30,7.15,7.26,7.33,7.12,65186.02
2017-01-03,7.29,7.29,7.39,7.2,57892.55
2017-01-04,7.28,7.39,7.46,7.25,82929.37
2017-01-05,7.35,7.34,7.47,7.33,57257.18
2017-01-06,7.34,7.41,7.47,7.3,73565.32
2017-01-09,7.45,7.46,7.53,7.35,64315.91
2017-01-10,7.43,7.52,7.85,7.38,127321.48
2017-01-11,7.48,7.4,7.5,7.3,79021.45
2017-01-12,7.44,7.41,7.46,7.34,36895.58
2017-01-13,7.45,7.19,7.45,7.18,58321.0
2017-01-16,7.24,7.14,7.29,6.93,78632.8
2017-01-17,7.1,7.28,7.28,7.06,37347.21
2017-01-18,7.28,7.42,7.5,7.23,56096.38
2017-01-19,7.43,7.45,7.48,7.37,34427.62
2017-01-20,7.43,7.44,7.55,7.43,46490.2
2017-01-23,7.32,7.65,7.65,7.32,86925.08
2017-01-24,7.59,7.51,7.97,7.5,130837.56
2017-01-25,7.5,7.47,7.63,7.42,67781.13
2017-01-26,7.34,7.43,7.48,7.34,55275.26
2017-02-03,7.47,7.48,7.54,7.42,35404.49
2017-02-06,7.49,7.64,7.65,7.4,64714.51
2017-02-07,7.63,7.7,7.77,7.61,59039.2
2017-02-08,7.69,7.81,7.89,7.63,71906.98
2017-02-09,7.81,7.85,7.95,7.71,81021.02
2017-02-10,7.8,7.8,7.91,7.67,78375.93
2017-02-13,7.8,8.35,8.58,7.7,266298.58
2017-02-14,8.2,8.02,8.26,7.98,225657.86
2017-02-15,7.98,7.9,8.07,7.83,126418.58
2017-02-16,7.85,7.94,8.03,7.84,80399.04
2017-02-17,7.95,7.74,7.98,7.67,94928.29
2017-02-20,7.78,7.82,7.85,7.69,73907.95
2017-02-21,7.81,7.77,7.94,7.75,133973.56
2017-02-22,7.77,7.74,7.78,7.64,113379.58
2017-02-23,7.75,7.67,7.75,7.61,82990.1
2017-02-24,7.65,7.54,7.67,7.5,110646.14
2017-02-27,7.55,7.51,7.6,7.5,59120.71
2017-02-28,7.56,7.52,7.63,7.48,56375.7
2017-03-01,7.52,7.53,7.59,7.5,74579.18
2017-03-02,7.55,7.44,7.57,7.43,57526.65
2017-03-03,7.42,7.25,7.43,7.2,127385.3
2017-03-06,7.23,7.35,7.37,7.22,86506.89
2017-03-07,7.35,7.31,7.37,7.27,40684.37
2017-03-08,7.34,7.24,7.35,7.22,46019.0
2017-03-09,7.22,7.28,7.28,7.22,47862.4
2017-03-10,7.28,7.26,7.31,7.22,42894.5
2017-03-13,7.28,7.3,7.31,7.17,61067.66
2017-03-14,7.29,7.23,7.31,7.22,40901.0
2017-03-15,7.22,7.25,7.26,7.1,61576.24
2017-03-16,7.23,7.32,7.33,7.21,74417.61
2017-03-17,7.33,7.32,7.43,7.3,97656.96
2017-03-20,7.27,7.28,7.32,7.2,46951.3
2017-03-21,7.28,7.34,7.4,7.23,59764.29
2017-03-22,7.31,7.17,7.32,7.17,57124.24
2017-03-23,7.17,7.06,7.19,7.02,73294.01
2017-03-24,7.05,7.06,7.08,7.0,68278.43
2017-03-27,7.03,6.87,7.07,6.85,143561.2
2017-03-28,6.89,6.8,6.89,6.78,105645.7
2017-03-29,6.8,6.78,6.84,6.76,70275.02
2017-03-30,6.74,6.52,6.76,6.5,170776.78
2017-03-31,6.52,6.37,6.53,6.35,165148.9
2017-04-05,6.39,6.49,6.5,6.35,155122.27
2017-04-06,6.46,6.51,6.56,6.43,95166.16
2017-04-07,6.52,6.52,6.57,6.47,74213.1
2017-04-10,6.53,6.66,6.7,6.48,155260.7
2017-04-11,6.63,6.4,6.74,6.29,438975.24
2017-04-12,6.42,6.4,6.45,6.36,126134.56
2017-04-13,6.39,6.4,6.44,6.35,63505.32
2017-04-14,6.3,6.31,6.39,6.28,97494.11
2017-04-17,6.28,6.05,6.34,5.99,167224.89
2017-04-18,6.05,5.96,6.07,5.96,89057.27
2017-04-19,5.93,5.88,5.95,5.82,69462.18
2017-04-20,5.9,5.91,6.01,5.88,73351.71
2017-04-21,5.92,5.87,5.92,5.84,50227.43
2017-04-24,5.88,5.64,5.91,5.63,72459.44
2017-04-25,5.67,5.63,5.7,5.62,55106.0
2017-04-26,5.63,5.54,5.64,5.5,66511.79
2017-04-27,5.51,5.67,5.68,5.27,128636.54
2017-04-28,5.62,5.71,5.76,5.6,80347.84
2017-05-02,5.72,5.69,5.72,5.65,30295.12
2017-05-03,5.7,5.69,5.73,5.6,33091.63
2017-05-04,5.71,5.58,5.72,5.54,72804.0
2017-05-05,5.58,5.5,5.58,5.48,41249.29
2017-05-08,5.45,5.35,5.49,5.32,45542.21
2017-05-09,5.35,5.4,5.46,5.3,41628.59
2017-05-10,5.4,5.36,5.51,5.33,57807.29
2017-05-11,5.36,5.36,5.41,5.21,64025.47
2017-05-12,5.36,5.38,5.4,5.31,40400.0
2017-05-15,5.38,5.4,5.46,5.38,32528.9
2017-05-16,5.39,5.52,5.52,5.33,56191.4
2017-05-17,5.48,5.53,5.56,5.48,46224.0
2017-05-18,5.51,5.52,5.55,5.47,33711.65
2017-05-19,5.51,5.57,5.58,5.51,50933.49
2017-05-22,5.57,5.39,5.57,5.36,49405.76
2017-05-23,5.36,5.12,5.38,5.1,57787.01
2017-05-24,5.1,5.03,5.12,4.88,56577.7
2017-05-25,5.03,5.06,5.09,4.94,57166.42
2017-05-26,5.06,5.06,5.09,5.04,43405.14
2017-05-31,5.11,4.99,5.16,4.98,34015.78
2017-06-01,5.0,4.8,5.02,4.79,52911.68
2017-06-02,4.79,4.84,4.86,4.71,39174.0
2017-06-05,4.84,4.89,4.93,4.82,41613.7
2017-06-06,4.9,4.99,5.05,4.86,45346.93
2017-06-07,4.99,5.11,5.13,4.96,60778.42
2017-06-08,5.1,5.08,5.16,5.05,41254.69
2017-06-09,5.07,5.09,5.11,5.01,33477.3
2017-06-12,5.08,5.15,5.28,5.08,92179.09
2017-06-13,5.11,5.15,5.17,5.03,37522.28
2017-06-14,5.14,5.13,5.15,5.08,36736.34
2017-06-15,5.13,5.2,5.2,5.11,45822.79
2017-06-16,5.18,5.19,5.24,5.16,31588.35
2017-06-19,5.19,5.21,5.23,5.16,45999.97
2017-06-20,5.25,5.18,5.26,5.16,34707.48
2017-06-21,5.17,5.1,5.2,5.04,56200.04
2017-06-22,5.11,5.07,5.26,5.05,80980.0
2017-06-23,5.02,5.03,5.06,4.95,56954.61
2017-06-26,5.03,5.09,5.1,5.02,42813.71
2017-06-27,5.1,5.12,5.14,5.08,31599.89
2017-06-28,5.11,5.03,5.11,5.01,30010.56
2017-06-29,5.03,5.05,5.08,5.02,28771.56
2017-06-30,5.06,5.1,5.15,5.04,47292.0
2017-07-03,5.1,5.15,5.16,5.08,33705.8
2017-07-04,5.15,5.17,5.18,5.12,38173.6
2017-07-05,5.17,5.18,5.18,5.12,39938.51
2017-07-06,5.18,5.19,5.2,5.14,50386.07
2017-07-07,5.16,5.18,5.19,5.14,33634.97
2017-07-10,5.18,5.18,5.22,5.15,44772.04
2017-07-11,5.2,5.12,5.21,5.12,38070.0
2017-07-12,5.13,5.04,5.14,4.99,50929.9
2017-07-13,5.04,5.03,5.06,4.99,37863.56
2017-07-14,5.01,5.01,5.03,4.96,31459.01
2017-07-17,4.97,4.7,4.97,4.67,63489.33
2017-07-18,4.69,4.72,4.74,4.67,43254.37
2017-07-19,4.72,4.77,4.81,4.69,47666.79
2017-07-20,4.77,4.79,4.81,4.75,34220.09
2017-07-21,4.77,4.86,4.9,4.76,50209.96
2017-07-24,4.84,4.87,4.89,4.8,34562.57
2017-07-25,4.88,4.86,4.9,4.82,22327.51
2017-07-26,4.85,4.84,4.85,4.77,31178.86
2017-07-27,4.83,4.9,4.9,4.82,34004.0
2017-07-28,4.9,4.84,4.92,4.83,37675.0
2017-07-31,4.84,4.89,4.91,4.79,54700.99
2017-08-01,4.87,4.94,4.94,4.86,49874.2
2017-08-02,4.95,4.86,4.95,4.85,36395.81
2017-08-03,4.84,4.85,4.88,4.82,27247.65
2017-08-04,4.84,4.86,4.86,4.83,32474.0
2017-08-07,4.84,4.87,4.87,4.82,34454.71
2017-08-08,4.87,4.94,4.96,4.84,67088.09
2017-08-09,4.93,4.95,4.96,4.9,40442.11
2017-08-10,4.94,4.89,4.95,4.85,39088.2
2017-08-11,4.84,4.79,4.87,4.79,35814.0
2017-08-14,4.8,4.87,4.87,4.79,21604.17
2017-08-15,4.89,4.87,4.91,4.85,35195.58
2017-08-16,4.87,4.93,4.95,4.86,53072.21
2017-08-17,4.93,5.03,5.05,4.91,84536.44
2017-08-18,5.01,5.03,5.07,5.0,49283.39
2017-08-21,5.03,5.13,5.15,5.01,87385.03
2017-08-22,5.14,5.13,5.14,5.07,54631.45
2017-08-23,5.14,5.25,5.33,5.1,156901.72
2017-08-24,5.27,5.21,5.29,5.14,99362.57
2017-08-25,5.23,5.21,5.23,5.15,99569.63
2017-08-28,5.24,5.11,5.31,5.09,153584.33
2017-08-29,5.08,5.08,5.1,5.03,99230.54
2017-08-30,5.09,5.04,5.09,5.0,62655.58
2017-08-31,5.05,5.06,5.07,5.03,38440.51
2017-09-01,5.06,5.03,5.07,5.01,51766.05
2017-09-04,5.02,5.06,5.06,5.01,53395.02
2017-09-05,5.06,5.04,5.07,5.0,62777.52
2017-09-06,5.03,5.03,5.05,5.0,35248.33
2017-09-07,5.04,5.01,5.05,5.0,59075.11
2017-09-08,5.01,5.01,5.04,4.95,44370.0
2017-09-11,5.01,5.03,5.04,5.0,35625.0
2017-09-12,5.03,5.08,5.08,5.02,73424.46
2017-09-13,5.09,5.05,5.09,5.02,36213.25
2017-09-14,5.04,5.02,5.06,5.0,48633.0
2017-09-15,5.03,5.01,5.04,4.99,36891.1
2017-09-18,5.01,5.0,5.03,4.97,47549.9
2017-09-19,5.01,4.98,5.02,4.97,50968.0
2017-09-20,4.98,4.99,5.0,4.96,54888.3
2017-09-21,4.99,4.95,5.0,4.94,41944.85
2017-09-22,4.95,4.9,4.96,4.89,52937.42
2017-09-25,4.88,4.8,4.9,4.8,56240.93
2017-09-26,4.83,4.82,4.84,4.8,27282.8
2017-09-27,4.84,4.84,4.87,4.83,46282.42
2017-09-28,4.84,4.85,4.89,4.83,45063.49
2017-09-29,4.86,4.86,4.88,4.84,35728.0
2017-10-09,4.87,4.87,4.92,4.86,39731.82
2017-10-10,4.88,4.91,4.92,4.85,55991.96
2017-10-11,4.91,4.93,4.94,4.9,52393.23
2017-10-12,4.93,4.96,5.0,4.92,52864.05
2017-10-13,4.96,4.95,4.98,4.92,33719.73
2017-10-16,4.93,4.83,4.94,4.83,60051.9
2017-10-17,4.83,4.83,4.86,4.81,23629.11
2017-10-18,4.82,4.8,4.86,4.8,26097.73
2017-10-19,4.81,4.68,4.81,4.68,60740.3
2017-10-20,4.69,4.72,4.72,4.68,25748.25
2017-10-23,4.73,4.74,4.74,4.69,40544.59
2017-10-24,4.75,4.7,4.75,4.69,25012.0
2017-10-25,4.7,4.71,4.72,4.69,29370.01
2017-10-26,4.7,4.73,4.75,4.68,31286.41
2017-10-27,4.72,4.71,4.75,4.71,26177.0
2017-10-30,4.74,4.61,4.76,4.59,48232.0
2017-10-31,4.58,4.64,4.64,4.56,26849.74
2017-11-01,4.65,4.62,4.65,4.61,20222.71
2017-11-02,4.63,4.52,4.63,4.48,48511.62
2017-11-03,4.52,4.49,4.54,4.48,25868.33
2017-11-06,4.48,4.48,4.49,4.4,36104.01
2017-11-07,4.47,4.5,4.5,4.42,36400.45
2017-11-08,4.49,4.51,4.54,4.45,33772.25
2017-11-09,4.51,4.51,4.55,4.49,19609.18
2017-11-10,4.52,4.5,4.52,4.48,14950.56
2017-11-13,4.49,4.43,4.49,4.4,27610.34
2017-11-14,4.42,4.44,4.46,4.4,35697.2
2017-11-15,4.44,4.36,4.44,4.3,37245.0
2017-11-16,4.34,4.3,4.36,4.3,28567.0
2017-11-17,4.3,4.14,4.3,4.13,47710.85
2017-11-20,4.1,4.11,4.12,4.04,42066.43
2017-11-21,4.11,4.11,4.16,4.08,23959.4
2017-11-22,4.11,4.13,4.16,4.0,39271.35
2017-11-23,4.1,4.05,4.12,4.03,19362.99
2017-11-24,4.06,4.01,4.06,3.98,23578.0
2017-11-27,4.0,3.99,4.01,3.96,23512.0
2017-11-28,4.0,4.02,4.04,3.96,23601.1
2017-11-29,4.01,4.02,4.02,3.97,19562.6
2017-11-30,4.0,4.0,4.04,3.98,18945.73
2017-12-01,4.01,4.07,4.08,4.0,23813.6
2017-12-04,4.06,4.06,4.07,4.01,34830.96
2017-12-05,4.04,4.1,4.14,3.93,77640.0
2017-12-06,4.02,4.0,4.07,3.96,50809.0
2017-12-07,3.98,4.0,4.03,3.95,28664.32
2017-12-08,3.98,4.0,4.04,3.97,23819.3
2017-12-11,4.14,4.09,4.19,4.08,67612.0
2017-12-12,4.06,4.08,4.1,4.05,26342.75
2017-12-13,4.08,4.08,4.09,4.05,20696.12
2017-12-14,4.07,4.15,4.18,4.06,39308.36
2017-12-15,4.15,4.13,4.15,4.1,20346.15
2017-12-18,4.08,4.11,4.15,4.08,19241.0
2017-12-19,4.1,4.11,4.14,4.09,12269.0
2017-12-20,4.11,4.06,4.13,4.06,12805.1
2017-12-21,4.06,4.03,4.06,3.99,20036.01
2017-12-22,4.04,4.01,4.04,3.99,19199.0
2017-12-25,4.04,4.0,4.04,3.98,17176.07
2017-12-26,4.01,4.04,4.05,3.98,12754.0
2017-12-27,4.01,4.03,4.04,4.0,12441.0
2017-12-28,4.02,4.04,4.07,4.02,18268.57
2017-12-29,4.04,4.18,4.2,4.03,65566.66
2018-01-02,4.16,4.16,4.18,4.1,34414.0
2018-01-03,4.14,4.16,4.17,4.12,27782.57
2018-01-04,4.16,4.16,4.19,4.14,27768.6
2018-01-05,4.17,4.2,4.24,4.12,46552.65
2018-01-08,4.19,4.16,4.19,4.14,28382.55
2018-01-09,4.15,4.13,4.17,4.13,19782.0
2018-01-10,4.13,4.2,4.21,4.11,49475.31
2018-01-11,4.19,4.19,4.2,4.16,29030.61
2018-01-12,4.17,4.24,4.32,4.17,65520.76
2018-01-15,4.24,4.11,4.24,4.1,48975.0
2018-01-16,4.11,4.18,4.2,4.1,28426.0
2018-01-17,4.2,4.18,4.2,4.12,24749.0
2018-01-18,4.18,4.16,4.19,4.14,25551.46
2018-01-19,4.16,4.18,4.21,4.15,30207.85
2018-01-22,4.19,4.18,4.21,4.14,23424.0
2018-01-23,4.18,4.19,4.19,4.16,32127.0
2018-01-24,4.19,4.18,4.2,4.16,26532.0
2018-01-25,4.18,4.21,4.23,4.17,42766.91
2018-01-26,4.2,4.17,4.21,4.16,28331.13
2018-01-29,4.15,4.12,4.17,4.12,40465.11
2018-01-30,4.12,4.12,4.15,4.1,23316.11
2018-01-31,4.13,3.98,4.13,3.96,111918.63
2018-02-01,3.99,3.75,4.0,3.74,55245.19
2018-02-02,3.72,3.72,3.74,3.51,22951.01
2018-02-05,3.71,3.66,3.71,3.62,23801.85
2018-02-06,3.6,3.55,3.72,3.55,33587.86
2018-02-07,3.58,3.56,3.62,3.41,30064.0
2018-02-08,3.56,3.63,3.65,3.51,21365.0
2018-02-09,3.57,3.48,3.58,3.45,34316.0
2018-02-12,3.49,3.62,3.63,3.49,30106.55
2018-02-13,3.65,3.65,3.69,3.6,38161.0
2018-02-14,3.61,3.57,3.63,3.56,24206.8
2018-02-22,3.59,3.61,3.61,3.54,21428.0
2018-02-23,3.59,3.61,3.65,3.59,26547.2
2018-02-26,3.6,3.67,3.68,3.6,28655.7
2018-02-27,3.65,3.68,3.69,3.65,19909.0
2018-02-28,3.67,3.72,3.74,3.64,32921.62
2018-03-01,3.7,3.79,3.81,3.68,25396.95
2018-03-02,3.76,3.81,3.81,3.74,29087.31
2018-03-05,3.8,3.78,3.85,3.76,18570.0
2018-03-06,3.81,3.79,3.81,3.75,21868.23
2018-03-07,3.79,3.76,3.79,3.74,19209.3
2018-03-08,3.76,3.81,3.81,3.75,24756.02
2018-03-09,3.81,3.84,3.84,3.78,24587.01
2018-03-12,3.84,3.85,3.88,3.82,26019.21
2018-03-13,3.83,3.84,3.9,3.83,32409.65
2018-03-14,3.81,3.8,3.84,3.78,24079.95
2018-03-15,3.79,3.76,3.81,3.68,35471.28
2018-03-16,3.77,3.77,3.81,3.75,18380.03
2018-03-19,3.77,3.76,3.79,3.74,14072.65
2018-03-20,3.75,3.81,3.83,3.73,32311.9
2018-03-21,3.81,3.81,3.85,3.78,27824.85
2018-03-22,3.79,3.85,3.89,3.78,26157.39
2018-03-23,3.81,3.63,3.84,3.61,57034.0
2018-03-26,3.58,3.74,3.78,3.49,38834.04
2018-03-27,3.77,3.88,3.9,3.7,55844.26
2018-03-28,3.83,3.84,3.88,3.8,44284.9
2018-03-29,3.84,3.87,3.88,3.83,23247.0
2018-03-30,3.87,3.9,3.92,3.81,33871.0
2018-04-02,3.87,3.9,3.92,3.85,36010.0
2018-04-03,3.87,3.86,3.88,3.82,21685.0
2018-04-04,3.88,3.87,3.93,3.83,41273.04
2018-04-09,3.85,3.83,3.88,3.77,28836.84
2018-04-10,3.83,3.79,3.86,3.73,26140.94
2018-04-11,3.79,3.82,3.83,3.76,16792.85
2018-04-12,3.82,3.79,3.84,3.77,13675.04
2018-04-13,3.79,3.74,3.81,3.72,17158.0
2018-04-16,3.72,3.6,3.72,3.55,50334.0
2018-04-17,3.62,3.57,3.64,3.56,17046.0
2018-04-18,3.58,3.6,3.62,3.55,19419.01
2018-04-19,3.6,3.59,3.64,3.57,18377.4
2018-04-20,3.58,3.62,3.63,3.56,26651.64
2018-04-23,3.62,3.58,3.63,3.54,23148.12
2018-04-24,3.58,3.66,3.66,3.55,40902.08
2018-04-25,3.63,3.59,3.63,3.57,24167.4
2018-04-26,3.58,3.5,3.59,3.48,30043.5
2018-04-27,3.51,3.55,3.58,3.49,34687.55
2018-05-02,3.58,3.53,3.58,3.5,19232.0
2018-05-03,3.51,3.52,3.54,3.46,17821.0
2018-05-04,3.52,3.55,3.55,3.5,11857.0
2018-05-07,3.54,3.61,3.63,3.53,33691.9
2018-05-08,3.57,3.63,3.65,3.57,20509.12
2018-05-09,3.64,3.59,3.64,3.59,17480.28
2018-05-10,3.6,3.65,3.67,3.59,24456.26
2018-05-11,3.65,3.6,3.65,3.6,16095.0
2018-05-14,3.62,3.57,3.62,3.56,9910.0
2018-05-15,3.58,3.59,3.59,3.52,16633.95
2018-05-16,3.57,3.56,3.62,3.55,24392.0
2018-05-17,3.56,3.55,3.58,3.53,14998.01
2018-05-18,3.56,3.57,3.6,3.53,14975.01
2018-05-21,3.59,3.62,3.63,3.58,28471.57
2018-05-22,3.62,3.67,3.67,3.6,30007.28
2018-05-23,3.66,3.62,3.66,3.6,16269.82
2018-05-24,3.61,3.6,3.64,3.58,13856.03
2018-05-25,3.59,3.52,3.62,3.51,24296.0
2018-05-28,3.52,3.52,3.56,3.46,26444.14
2018-05-29,3.52,3.47,3.52,3.46,17129.0
2018-05-30,3.43,3.4,3.52,3.37,46579.13
2018-05-31,3.41,3.46,3.48,3.38,21055.53
2018-06-01,3.45,3.45,3.45,3.36,24651.0
2018-06-04,3.42,3.38,3.43,3.37,15555.0
2018-06-05,3.39,3.42,3.42,3.38,16364.45
2018-06-06,3.4,3.39,3.42,3.37,14434.0
2018-06-07,3.39,3.39,3.41,3.38,9411.0
2018-06-08,3.38,3.31,3.38,3.27,23744.97
2018-06-11,3.29,3.34,3.34,3.24,23019.22
2018-06-12,3.29,3.34,3.34,3.25,17631.39
2018-06-13,3.32,3.26,3.32,3.26,16192.97
2018-06-14,3.24,3.22,3.26,3.2,16764.0
2018-06-15,3.24,3.13,3.24,3.12,19575.1
2018-06-19,3.15,2.82,3.15,2.82,50963.0
2018-06-20,2.8,2.81,2.85,2.79,27733.49
2018-06-21,2.82,2.78,2.84,2.77,30174.66
2018-06-22,2.79,2.76,2.8,2.68,76557.51
2018-06-25,2.74,2.72,2.78,2.72,31974.55
2018-06-26,2.68,2.75,2.76,2.67,23726.0
2018-06-27,2.75,2.74,2.78,2.74,20373.0
2018-06-28,2.74,2.75,2.78,2.73,20437.0
2018-06-29,2.75,2.82,2.83,2.75,26677.34
2018-07-02,2.82,2.79,2.87,2.77,29435.0
2018-07-03,2.8,2.85,2.85,2.76,18765.31
2018-07-04,2.82,2.84,2.89,2.79,21657.1
2018-07-05,2.84,2.73,2.84,2.7,23526.6
2018-07-06,2.74,2.76,2.78,2.71,14007.25
2018-07-09,2.75,2.79,2.8,2.74,10261.04
2018-07-10,2.8,2.81,2.82,2.78,11139.91
2018-07-11,2.8,2.74,2.8,2.67,15439.66
2018-07-12,2.74,2.8,2.81,2.74,14568.51
2018-07-13,2.79,2.79,2.81,2.77,12478.0
2018-07-16,2.78,2.78,2.79,2.74,11359.0
2018-07-17,2.78,2.79,2.79,2.76,8368.4
2018-07-18,2.79,2.8,2.87,2.78,24448.2
2018-07-19,2.81,2.74,2.82,2.7,24930.2
2018-07-20,2.74,2.81,2.82,2.72,20628.09
2018-07-23,2.81,2.84,2.85,2.76,23942.04
2018-07-24,2.84,2.88,2.9,2.82,27814.54
2018-07-25,2.89,2.93,2.94,2.88,37426.52
2018-07-26,2.93,3.0,3.16,2.91,61186.72
2018-07-27,3.0,2.96,3.04,2.96,38097.29
2018-07-30,2.97,2.91,2.98,2.91,22564.45
2018-07-31,2.91,2.94,2.96,2.91,17232.61
2018-08-01,2.93,2.87,2.94,2.87,21260.79
2018-08-02,2.85,2.8,2.87,2.76,35268.29
2018-08-03,2.8,2.84,2.86,2.79,23343.03
2018-08-06,2.84,2.75,2.85,2.7,33340.22
2018-08-07,2.74,2.82,2.82,2.73,21489.08
2018-08-08,2.82,2.79,2.85,2.77,21472.05
2018-08-09,2.77,2.86,2.88,2.76,24020.97
2018-08-10,2.87,2.85,2.89,2.8,28204.0
2018-08-13,2.84,2.83,2.84,2.78,20924.0
2018-08-14,2.81,2.86,2.87,2.81,20199.44
2018-08-15,2.86,2.87,2.88,2.83,25114.44
2018-08-16,2.85,2.95,2.96,2.82,53163.0
2018-08-17,3.03,2.8,3.06,2.78,74976.82
2018-08-20,2.76,2.75,2.76,2.7,40697.91
2018-08-21,2.75,2.77,2.78,2.75,16957.0
2018-08-22,2.76,2.71,2.76,2.71,14444.0
2018-08-23,2.73,2.74,2.76,2.71,13446.0
2018-08-24,2.74,2.74,2.76,2.72,8775.0
2018-08-27,2.73,2.78,2.8,2.72,16402.12
2018-08-28,2.78,2.78,2.82,2.76,17623.38
2018-08-29,2.78,2.73,2.78,2.73,17388.0
2018-08-30,2.75,2.72,2.75,2.72,13762.82
2018-08-31,2.72,2.72,2.74,2.71,9071.37
2018-09-03,2.71,2.73,2.73,2.69,11865.0
2018-09-04,2.73,2.76,2.76,2.72,11861.28
2018-09-05,2.75,2.74,2.78,2.74,21432.47
2018-09-06,2.72,2.71,2.75,2.68,25527.2
2018-09-07,2.71,2.7,2.72,2.67,28090.0
2018-09-10,2.7,2.64,2.7,2.63,20240.0
2018-09-11,2.64,2.68,2.69,2.63,14614.74
2018-09-12,2.68,2.67,2.7,2.67,10503.01
2018-09-13,2.68,2.7,2.71,2.68,12282.9
2018-09-14,2.71,2.68,2.71,2.68,6920.89
2018-09-17,2.69,2.63,2.69,2.63,13697.0
2018-09-18,2.64,2.67,2.68,2.62,13348.0
2018-09-19,2.67,2.71,2.72,2.66,17165.0
2018-09-20,2.73,2.76,2.77,2.7,29262.98
2018-09-21,2.74,3.04,3.04,2.74,122051.2
2018-09-25,3.13,3.02,3.3,3.02,247425.32
2018-09-26,2.93,2.99,3.01,2.91,130931.84
2018-09-27,2.96,2.89,3.0,2.89,79765.59
2018-09-28,2.91,2.89,2.95,2.89,46004.68
2018-10-08,2.84,2.79,2.86,2.78,36472.0
2018-10-09,2.8,2.81,2.83,2.79,21277.2
2018-10-10,2.8,2.85,2.86,2.79,31726.01
2018-10-11,2.8,2.6,2.81,2.57,60489.0
2018-10-12,2.59,2.53,2.59,2.41,44906.69
2018-10-15,2.53,2.48,2.56,2.48,17762.0
2018-10-16,2.48,2.44,2.51,2.43,15566.85
2018-10-17,2.48,2.45,2.5,2.43,16115.0
2018-10-18,2.45,2.38,2.45,2.37,23218.0
2018-10-19,2.38,2.42,2.44,2.34,23233.59
2018-10-22,2.43,2.56,2.65,2.43,42422.0
2018-10-23,2.56,2.52,2.58,2.51,21451.0
2018-10-24,2.52,2.54,2.58,2.5,19105.59
2018-10-25,2.49,2.5,2.54,2.41,21772.23
2018-10-26,2.51,2.53,2.57,2.5,16914.23
2018-10-29,2.53,2.49,2.53,2.48,14697.0
2018-10-30,2.51,2.54,2.55,2.46,15163.36
2018-10-31,2.56,2.62,2.64,2.55,27941.36
2018-11-01,2.63,2.58,2.65,2.58,27830.5
2018-11-02,2.59,2.68,2.7,2.59,30271.44
2018-11-05,2.66,2.7,2.73,2.64,27373.01
2018-11-06,2.7,2.68,2.7,2.63,20982.0
2018-11-07,2.67,2.68,2.71,2.66,17156.72
2018-11-08,2.69,2.71,2.74,2.67,22271.17
2018-11-09,2.7,2.72,2.75,2.67,23245.0
2018-11-12,2.73,2.82,2.85,2.71,45742.56
2018-11-13,2.8,2.91,2.92,2.75,54120.28
2018-11-14,2.93,2.91,3.03,2.89,55640.1
2018-11-15,2.94,2.9,2.96,2.86,35582.1
2018-11-16,2.94,2.92,2.96,2.89,45329.43
2018-11-19,2.93,2.93,2.95,2.87,32672.87
2018-11-20,2.89,2.88,2.97,2.86,36499.7
2018-11-21,2.88,2.88,2.89,2.83,26898.11
2018-11-22,2.88,2.9,2.92,2.88,22555.0
2018-11-23,2.88,2.72,2.9,2.7,41098.79
2018-11-26,2.69,2.69,2.76,2.69,23639.0
2018-11-27,2.71,2.78,2.78,2.71,21489.03
2018-11-28,2.76,2.77,2.8,2.71,23577.0
2018-11-29,2.79,2.76,2.84,2.71,38806.0
2018-11-30,2.76,2.72,2.77,2.65,34633.06
2018-12-03,2.76,2.81,2.82,2.74,27487.69
2018-12-04,2.8,2.86,2.87,2.79,35685.82
2018-12-05,2.8,2.83,2.84,2.79,30128.36
2018-12-06,2.83,2.77,2.83,2.77,17406.0
2018-12-07,2.78,2.77,2.8,2.76,13499.9
2018-12-10,2.76,2.75,2.79,2.73,24354.0
2018-12-11,2.77,2.75,2.78,2.73,17604.12
2018-12-12,2.76,2.75,2.8,2.73,15911.0
2018-12-13,2.74,2.79,2.84,2.74,22270.93
2018-12-14,2.79,2.66,2.81,2.66,38948.0
2018-12-17,2.67,2.69,2.7,2.65,19620.4
2018-12-18,2.67,2.68,2.7,2.63,13186.0
2018-12-19,2.7,2.62,2.71,2.61,17575.05
2018-12-20,2.63,2.63,2.65,2.59,14963.4
2018-12-21,2.63,2.6,2.63,2.58,12955.0
2018-12-24,2.57,2.59,2.63,2.57,10497.0
2018-12-25,2.59,2.52,2.59,2.45,24454.93
2018-12-26,2.53,2.53,2.55,2.5,9787.0
2018-12-27,2.55,2.46,2.57,2.46,20748.0
2018-12-28,2.47,2.48,2.5,2.44,9994.0
2019-01-02,2.48,2.48,2.54,2.47,14704.7
2019-01-03,2.49,2.49,2.52,2.47,12133.64
2019-01-04,2.46,2.55,2.56,2.45,22486.81
2019-01-07,2.57,2.6,2.61,2.55,23209.93
2019-01-08,2.6,2.61,2.64,2.59,21582.04
2019-01-09,2.59,2.61,2.66,2.59,26110.66
2019-01-10,2.62,2.59,2.65,2.59,24135.51
2019-01-11,2.61,2.65,2.66,2.6,29942.29
2019-01-14,2.67,2.65,2.68,2.63,21251.9
2019-01-15,2.64,2.68,2.69,2.64,25219.29
2019-01-16,2.69,2.64,2.72,2.64,24580.9
2019-01-17,2.68,2.76,2.89,2.68,105303.34
2019-01-18,2.72,2.68,2.72,2.64,73656.92
2019-01-21,2.65,2.67,2.7,2.65,27840.19
2019-01-22,2.66,2.67,2.72,2.66,33737.12
2019-01-23,2.66,2.65,2.69,2.63,21086.41
2019-01-24,2.66,2.66,2.68,2.65,19033.4
2019-01-25,2.66,2.62,2.69,2.62,23998.7
2019-01-28,2.65,2.62,2.66,2.6,16738.7
2019-01-29,2.59,2.54,2.61,2.5,30504.82
2019-01-30,2.55,2.51,2.56,2.48,26044.0
2019-01-31,2.43,2.47,2.54,2.43,30104.31
2019-02-01,2.47,2.56,2.57,2.46,20183.12
2019-02-11,2.56,2.63,2.64,2.55,23428.88
2019-02-12,2.66,2.72,2.72,2.64,42325.61
2019-02-13,2.7,2.75,2.75,2.67,51620.01
2019-02-14,2.76,2.7,2.79,2.69,64038.01
2019-02-15,2.71,2.72,2.74,2.68,45247.19
2019-02-18,2.73,2.78,2.78,2.72,45198.51
2019-02-19,2.79,2.75,2.79,2.74,36435.06
2019-02-20,2.75,2.86,2.94,2.74,111886.88
2019-02-21,2.84,2.77,2.84,2.75,92287.72
2019-02-22,2.77,2.81,2.83,2.75,39854.21
2019-02-25,2.82,2.91,2.92,2.81,94398.16
2019-02-26,2.9,2.95,3.01,2.88,99380.34
2019-02-27,2.95,3.03,3.14,2.93,118334.84
2019-02-28,3.01,3.0,3.05,2.96,74211.56
2019-03-01,3.02,2.98,3.04,2.94,45260.9
2019-03-04,3.0,3.01,3.05,2.98,98803.26
2019-03-05,3.0,3.07,3.08,2.98,74675.52
2019-03-06,3.07,3.18,3.21,3.05,99195.26
2019-03-07,3.19,3.26,3.28,3.14,94409.56
2019-03-08,3.22,3.08,3.24,3.07,116422.82
2019-03-11,3.08,3.18,3.19,3.08,72477.45
2019-03-12,3.2,3.26,3.29,3.2,84039.0
2019-03-13,3.26,3.21,3.35,3.19,85813.66
2019-03-14,3.21,3.16,3.26,3.11,81220.24
2019-03-15,3.16,3.25,3.35,3.16,79710.25
2019-03-18,3.23,3.38,3.38,3.21,74115.49
2019-03-19,3.39,3.4,3.41,3.32,53305.29
2019-03-20,3.41,3.35,3.41,3.27,63139.22
2019-03-21,3.38,3.4,3.45,3.37,61139.8
2019-03-22,3.41,3.54,3.6,3.4,104112.17
2019-03-25,3.49,3.46,3.5,3.41,86931.61
2019-03-26,3.46,3.34,3.48,3.33,83765.68
2019-03-27,3.34,3.3,3.36,3.24,75774.51
2019-03-28,3.29,3.2,3.33,3.18,61101.4
2019-03-29,3.23,3.29,3.3,3.18,58718.83
2019-04-01,3.31,3.38,3.42,3.29,70449.77
2019-04-02,3.41,3.38,3.43,3.35,53099.3
2019-04-03,3.38,3.42,3.42,3.34,51993.71
2019-04-04,3.4,3.42,3.43,3.37,51689.9
2019-04-08,3.4,3.4,3.44,3.36,59346.5
2019-04-09,3.36,3.44,3.44,3.36,57962.53
2019-04-10,3.43,3.45,3.46,3.38,47494.89
2019-04-11,3.45,3.4,3.48,3.39,44797.7
2019-04-12,3.4,3.4,3.41,3.36,39171.1
2019-04-15,3.42,3.4,3.44,3.39,56119.38
2019-04-16,3.41,3.44,3.44,3.33,52040.03
2019-04-17,3.46,3.46,3.47,3.42,46706.68
2019-04-18,3.41,3.38,3.43,3.35,90995.51
2019-04-19,3.36,3.41,3.43,3.34,44891.21
2019-04-22,3.42,3.46,3.49,3.42,53573.51
2019-04-23,3.45,3.32,3.46,3.31,63404.85
2019-04-24,3.32,3.35,3.37,3.32,45233.89
2019-04-25,3.34,3.19,3.37,3.16,59407.0
2019-04-26,3.16,3.11,3.21,3.11,45846.39
2019-04-29,3.11,2.99,3.16,2.98,57114.54
2019-04-30,2.97,3.01,3.07,2.97,56768.94
2019-05-06,2.98,2.79,3.0,2.71,80940.03
2019-05-07,2.79,2.85,2.85,2.78,49529.18
2019-05-08,2.81,2.89,2.92,2.78,37525.24
2019-05-09,2.89,2.87,2.91,2.82,39287.09
2019-05-10,2.88,2.93,2.94,2.85,34896.2
2019-05-13,2.91,2.96,3.0,2.91,33807.76
2019-05-14,2.96,3.0,3.09,2.96,36122.0
2019-05-15,3.05,3.07,3.11,3.02,34702.12
2019-05-16,3.08,3.1,3.12,3.05,31193.21
2019-05-17,3.12,3.07,3.18,3.05,33438.65
2019-05-20,3.07,3.04,3.07,2.91,33021.15
2019-05-21,3.04,3.05,3.08,3.02,18981.03
2019-05-22,3.07,3.07,3.1,3.04,22285.67
2019-05-23,3.07,2.97,3.07,2.95,17309.33
2019-05-24,2.9,2.92,2.96,2.88,15872.74
2019-05-27,2.92,2.96,2.98,2.92,14959.22
2019-05-28,2.98,2.95,2.99,2.94,15324.0
2019-05-29,2.95,2.93,2.97,2.92,16018.75
2019-05-30,2.92,2.9,2.95,2.85,18567.33
2019-05-31,2.9,2.89,2.94,2.88,13604.14
2019-06-03,2.91,3.01,3.03,2.87,48227.69
2019-06-04,3.0,3.01,3.01,2.93,95411.89
2019-06-05,3.0,3.12,3.15,2.98,70181.4
2019-06-06,3.05,3.12,3.12,3.03,45093.74
2019-06-10,3.1,3.12,3.2,3.06,53415.89
2019-06-11,3.11,3.11,3.12,3.08,119439.15
2019-06-12,3.1,3.03,3.11,3.01,44961.59
2019-06-13,3.03,3.01,3.04,2.97,26446.8
2019-06-14,3.01,2.93,3.01,2.93,20070.13
2019-06-17,2.94,2.95,2.97,2.92,10651.8
2019-06-18,2.94,3.03,3.03,2.93,21780.43
2019-06-19,3.06,3.05,3.09,3.03,14412.53
2019-06-20,3.07,3.07,3.07,3.04,18776.51
2019-06-21,3.09,3.1,3.1,3.05,66323.16
2019-06-24,3.09,3.15,3.28,3.01,78399.16
2019-06-25,3.13,3.1,3.38,3.04,172288.87
2019-06-26,3.03,2.98,3.04,2.97,81040.77
2019-06-27,2.97,2.96,3.0,2.95,40520.0
2019-06-28,2.96,2.95,2.98,2.94,32291.66
2019-07-01,2.99,3.0,3.0,2.96,33701.01
2019-07-02,3.0,2.98,3.0,2.97,23860.92
2019-07-03,2.99,2.94,2.99,2.94,19053.0
2019-07-04,2.94,2.92,2.96,2.92,22277.91
2019-07-05,2.94,2.92,2.94,2.91,14760.91
2019-07-08,2.92,2.84,2.93,2.83,28751.0
2019-07-09,2.85,2.83,2.85,2.82,12447.0
2019-07-10,2.83,2.82,2.83,2.8,11155.0
2019-07-11,2.82,2.82,2.85,2.82,15016.0
2019-07-12,2.84,2.81,2.84,2.81,10951.07
2019-07-15,2.82,2.84,2.84,2.79,14550.14
2019-07-16,2.84,2.84,2.85,2.82,7948.0
2019-07-17,2.85,2.85,2.87,2.83,12724.64
2019-07-18,2.85,2.82,2.85,2.82,11045.0
2019-07-19,2.83,2.81,2.85,2.81,12975.0
2019-07-22,2.81,2.73,2.83,2.71,20766.1
2019-07-23,2.74,2.74,2.76,2.73,8567.1
2019-07-24,2.74,2.79,2.79,2.74,10845.0
2019-07-25,2.79,2.85,2.85,2.77,13378.63
2019-07-26,2.85,2.82,2.85,2.81,7357.0
2019-07-29,2.83,2.81,2.84,2.81,5315.0
2019-07-30,2.82,2.83,2.85,2.81,8827.5
2019-07-31,2.84,2.79,2.84,2.78,11069.0
2019-08-01,2.8,2.8,2.82,2.79,10830.2
2019-08-02,2.79,2.76,2.79,2.75,12653.23
2019-08-05,2.77,2.71,2.77,2.7,12425.01
2019-08-06,2.7,2.59,2.7,2.53,31056.0
2019-08-07,2.6,2.59,2.62,2.59,12017.0
2019-08-08,2.6,2.62,2.62,2.57,15386.96
2019-08-09,2.62,2.58,2.63,2.57,8057.0
2019-08-12,2.58,2.61,2.62,2.58,11100.0
2019-08-13,2.61,2.61,2.64,2.6,12233.5
2019-08-14,2.63,2.61,2.65,2.6,18804.0
2019-08-15,2.59,2.57,2.59,2.53,17299.0
2019-08-16,2.58,2.57,2.59,2.56,12499.89
2019-08-19,2.58,2.63,2.64,2.57,14363.48
2019-08-20,2.63,2.64,2.65,2.63,21410.35
2019-08-21,2.64,2.6,2.65,2.6,17129.0
2019-08-22,2.62,2.62,2.63,2.61,13769.0
2019-08-23,2.64,2.62,2.64,2.61,14144.0
2019-08-26,2.59,2.58,2.59,2.56,16614.65
2019-08-27,2.58,2.63,2.65,2.58,21777.65
2019-08-28,2.65,2.76,2.89,2.65,72410.71
2019-08-29,2.73,2.69,2.74,2.66,47895.6
2019-08-30,2.7,2.64,2.71,2.63,27090.13
2019-09-02,2.65,2.69,2.7,2.64,16445.74
2019-09-03,2.68,2.72,2.75,2.68,25972.29
2019-09-04,2.71,2.75,2.75,2.7,23280.9
2019-09-05,2.73,2.75,2.77,2.73,32012.31
2019-09-06,2.75,2.74,2.76,2.72,23665.96
2019-09-09,2.76,2.76,2.77,2.73,23666.95
2019-09-10,2.77,2.76,2.77,2.75,18951.77
2019-09-11,2.77,2.75,2.77,2.74,16209.73
2019-09-12,2.75,2.76,2.77,2.74,17138.52
2019-09-16,2.77,2.76,2.81,2.76,40936.15
2019-09-17,2.78,2.68,2.78,2.64,43196.35
2019-09-18,2.66,2.67,2.69,2.66,28405.0
2019-09-19,2.68,2.74,2.75,2.67,41953.11
2019-09-20,2.73,2.76,2.76,2.72,23532.01
2019-09-23,2.75,2.7,2.76,2.67,32567.0
2019-09-24,2.69,2.7,2.74,2.69,19394.0
2019-09-25,2.7,2.63,2.7,2.63,21516.0
2019-09-26,2.64,2.58,2.66,2.58,32179.3
2019-09-27,2.58,2.64,2.64,2.58,13997.16
2019-09-30,2.64,2.63,2.65,2.62,12006.51
2019-10-08,2.62,2.6,2.62,2.58,13170.0
2019-10-09,2.6,2.6,2.61,2.57,15351.0
2019-10-10,2.6,2.61,2.62,2.59,14892.0
2019-10-11,2.61,2.62,2.64,2.59,19577.3
2019-10-14,2.64,2.65,2.66,2.62,20888.0
2019-10-15,2.65,2.62,2.65,2.62,11515.51
2019-10-16,2.62,2.63,2.64,2.62,14349.32
2019-10-17,2.62,2.59,2.64,2.59,15937.0
2019-10-18,2.6,2.54,2.61,2.53,21388.6
2019-10-21,2.55,2.54,2.55,2.51,11388.29
2019-10-22,2.55,2.65,2.67,2.54,45540.62
2019-10-23,2.65,2.62,2.66,2.61,11340.0
2019-10-24,2.62,2.64,2.64,2.61,9436.73
2019-10-25,2.64,2.64,2.66,2.62,11381.06
2019-10-28,2.65,2.67,2.68,2.63,22748.64
2019-10-29,2.68,2.62,2.68,2.61,17722.13
2019-10-30,2.63,2.59,2.63,2.58,14075.0
2019-10-31,2.61,2.6,2.63,2.58,15257.37
2019-11-01,2.6,2.63,2.63,2.58,13745.0
2019-11-04,2.65,2.63,2.65,2.6,14376.01
2019-11-05,2.64,2.6,2.64,2.6,10958.0
2019-11-06,2.63,2.56,2.63,2.56,19267.01
2019-11-07,2.58,2.58,2.61,2.55,14985.98
2019-11-08,2.6,2.55,2.6,2.55,8753.0
2019-11-11,2.56,2.47,2.56,2.46,28388.0
2019-11-12,2.48,2.46,2.48,2.44,17608.0
2019-11-13,2.48,2.45,2.48,2.42,13355.0
2019-11-14,2.45,2.44,2.45,2.42,12460.0
2019-11-15,2.45,2.42,2.45,2.42,8419.0
2019-11-18,2.42,2.42,2.44,2.41,11142.5
2019-11-19,2.44,2.44,2.45,2.42,22287.32
2019-11-20,2.44,2.45,2.47,2.43,11736.0
2019-11-21,2.44,2.46,2.47,2.43,16663.5
2019-11-22,2.47,2.46,2.5,2.44,20699.85
2019-11-25,2.47,2.51,2.52,2.45,26348.0
2019-11-26,2.51,2.5,2.51,2.48,11502.0
2019-11-27,2.5,2.45,2.5,2.45,15212.0
2019-11-28,2.45,2.47,2.48,2.44,15179.8
2019-11-29,2.46,2.47,2.47,2.45,11267.31
2019-12-02,2.47,2.72,2.72,2.47,94758.66
2019-12-03,2.92,2.81,2.99,2.73,533024.41
2019-12-04,2.62,2.7,2.7,2.61,262519.63
2019-12-05,2.65,2.62,2.67,2.61,109455.35
2019-12-06,2.61,2.61,2.62,2.57,73114.27
2019-12-09,2.6,2.63,2.64,2.57,60294.0
2019-12-10,2.61,2.58,2.64,2.37,56571.01
2019-12-11,2.57,2.59,2.6,2.57,42254.1
2019-12-12,2.58,2.57,2.59,2.56,27518.0
2019-12-13,2.57,2.62,2.62,2.55,34720.73
2019-12-16,2.62,2.6,2.62,2.57,80247.32
2019-12-17,2.59,2.63,2.64,2.58,91887.3
2019-12-18,2.62,2.61,2.63,2.6,52474.29
2019-12-19,2.61,2.63,2.63,2.6,36903.41
2019-12-20,2.63,2.6,2.63,2.59,35604.7
2019-12-23,2.61,2.56,2.63,2.56,54695.0
2019-12-24,2.56,2.6,2.6,2.53,37262.82
2019-12-25,2.58,2.6,2.61,2.57,43042.28
2019-12-26,2.6,2.6,2.61,2.58,28936.0
2019-12-27,2.6,2.61,2.62,2.58,36474.8
2019-12-30,2.6,2.62,2.62,2.56,36845.5
2019-12-31,2.64,2.62,2.64,2.6,32738.0
2020-01-02,2.63,2.68,2.69,2.62,80114.75
2020-01-03,2.68,2.68,2.71,2.66,43226.0
2020-01-06,2.67,2.67,2.69,2.64,33482.28
2020-01-07,2.68,2.71,2.71,2.66,64623.75
2020-01-08,2.69,2.64,2.7,2.63,45224.0
2020-01-09,2.67,2.66,2.68,2.64,34562.01
2020-01-10,2.68,2.64,2.68,2.62,50435.85
2020-01-13,2.64,2.59,2.64,2.58,77876.4
2020-01-14,2.59,2.6,2.62,2.59,47177.04
2020-01-15,2.59,2.59,2.6,2.57,25424.0
2020-01-16,2.58,2.55,2.59,2.54,38799.6
2020-01-17,2.54,2.53,2.56,2.52,36016.0
2020-01-20,2.55,2.57,2.57,2.53,27197.44
2020-01-21,2.58,2.6,2.63,2.57,56436.43
2020-01-22,2.6,2.62,2.62,2.56,34081.29
2020-01-23,2.6,2.54,2.61,2.5,45819.59
2020-02-03,2.29,2.29,2.29,2.29,20060.0
2020-02-04,2.08,2.15,2.19,2.08,94265.31
2020-02-05,2.14,2.18,2.21,2.13,43994.19
2020-02-06,2.18,2.2,2.2,2.15,54741.0
2020-02-07,2.2,2.29,2.36,2.2,79261.71
2020-02-10,2.25,2.3,2.3,2.2,61415.72
2020-02-11,2.3,2.3,2.33,2.28,41816.95
2020-02-12,2.3,2.34,2.34,2.28,49278.45
2020-02-13,2.31,2.3,2.35,2.29,37752.51
2020-02-14,2.3,2.29,2.32,2.26,41860.01
2020-02-17,2.28,2.36,2.37,2.27,68031.06
2020-02-18,2.36,2.39,2.4,2.35,44423.14
2020-02-19,2.37,2.4,2.41,2.36,48485.99
2020-02-20,2.46,2.47,2.47,2.4,86209.69
2020-02-21,2.45,2.43,2.46,2.41,53728.05
2020-02-24,2.43,2.46,2.49,2.4,83744.99
2020-02-25,2.41,2.39,2.43,2.34,80654.69
2020-02-26,2.38,2.46,2.46,2.36,81341.46
2020-02-27,2.47,2.71,2.71,2.47,157758.87
2020-02-28,2.44,2.55,2.68,2.44,272065.25
2020-03-02,2.57,2.81,2.81,2.57,294573.04
2020-03-03,2.85,3.09,3.09,2.81,262741.53
2020-03-04,3.23,3.2,3.39,2.9,705092.0
2020-03-05,3.1,3.42,3.47,3.07,464422.99
2020-03-06,3.26,3.2,3.37,3.17,307841.77
2020-03-09,3.26,2.95,3.31,2.95,268010.43
2020-03-10,2.86,2.95,2.99,2.73,232886.16
2020-03-11,2.91,2.87,2.96,2.86,137887.35
2020-03-12,2.76,3.09,3.16,2.76,302531.46
2020-03-13,2.97,3.35,3.38,2.92,338784.93
2020-03-16,3.35,3.3,3.68,3.12,386760.48
2020-03-17,3.29,3.03,3.38,3.0,202434.91
2020-03-18,3.11,3.05,3.25,3.01,224563.73
2020-03-19,3.15,3.14,3.34,3.0,210244.43
2020-03-20,3.05,3.3,3.31,3.05,283717.06
2020-03-23,3.09,3.09,3.19,3.05,198787.94
2020-03-24,3.14,3.15,3.19,3.0,151410.56
2020-03-25,3.16,3.19,3.26,3.12,142196.32
2020-03-26,3.12,3.08,3.19,3.07,110248.65
2020-03-27,3.1,2.98,3.13,2.98,131349.01
2020-03-30,2.99,2.8,2.99,2.76,147273.56
2020-03-31,2.88,2.8,2.89,2.76,74111.03
2020-04-01,2.79,2.84,2.95,2.78,75605.89
2020-04-02,2.81,2.88,2.88,2.79,58373.0
2020-04-03,2.86,2.83,2.9,2.8,60207.0
2020-04-07,2.85,2.94,3.06,2.85,90613.67
2020-04-08,2.92,3.23,3.23,2.9,132832.66
2020-04-09,3.4,3.55,3.55,3.33,526852.86
2020-04-10,3.47,3.38,3.47,3.2,440351.7
2020-04-13,3.3,3.31,3.35,3.14,237392.73
2020-04-14,3.28,3.64,3.64,3.23,322137.71
2020-04-15,3.67,3.55,3.86,3.45,486636.63
2020-04-16,3.5,3.4,3.52,3.35,231918.47
2020-04-17,3.44,3.74,3.74,3.43,203555.25
2020-04-20,3.85,3.76,3.98,3.63,493245.4
2020-04-21,3.67,3.91,3.96,3.59,416143.4
2020-04-22,3.81,3.87,4.1,3.76,367661.44
2020-04-23,3.83,3.79,3.92,3.74,281956.75
2020-04-24,3.69,3.56,3.75,3.54,270303.46
2020-04-27,3.67,3.44,3.68,3.4,176742.57
2020-04-28,3.41,3.33,3.44,3.11,191661.05
2020-04-29,3.26,3.53,3.6,3.26,234868.62
2020-04-30,3.54,3.55,3.66,3.48,191042.86
2020-05-06,3.46,3.47,3.48,3.36,141896.58
2020-05-07,3.5,3.42,3.52,3.36,107662.13
2020-05-08,3.46,3.41,3.48,3.4,80919.47
2020-05-11,3.45,3.34,3.47,3.31,114043.0
2020-05-12,3.3,3.37,3.43,3.28,82246.06
2020-05-13,3.31,3.42,3.44,3.3,89210.64
2020-05-14,3.4,3.33,3.42,3.32,62785.39
2020-05-15,3.32,3.27,3.36,3.24,89514.83
2020-05-18,3.24,3.2,3.3,3.18,86215.55
2020-05-19,3.29,3.32,3.39,3.25,130486.08
2020-05-20,3.3,3.22,3.32,3.2,85275.96
2020-05-21,3.2,3.18,3.27,3.13,82463.93
2020-05-22,3.16,3.05,3.16,3.03,78960.93
2020-05-25,3.05,3.11,3.19,2.91,66661.43
2020-05-26,3.15,3.17,3.18,3.11,56784.2
2020-05-27,3.16,3.2,3.23,3.12,69844.0
2020-05-28,3.2,3.12,3.23,3.08,63334.19
2020-05-29,3.13,3.13,3.16,3.07,55285.35
2020-06-01,3.12,3.21,3.24,3.12,80004.44
2020-06-02,3.26,3.23,3.3,3.21,75592.0
2020-06-03,3.23,3.36,3.42,3.19,175705.31
2020-06-04,3.34,3.7,3.7,3.33,226895.49
2020-06-05,3.72,3.66,3.99,3.56,327609.5
2020-06-08,3.62,3.73,3.89,3.52,272683.66
2020-06-09,3.64,3.63,3.84,3.6,188016.57
2020-06-10,3.55,3.54,3.66,3.51,121456.96
2020-06-11,3.56,3.51,3.57,3.44,98152.05
2020-06-12,3.41,3.46,3.5,3.35,73860.98
2020-06-15,3.43,3.33,3.49,3.32,104566.8
2020-06-16,3.34,3.37,3.4,3.31,73255.98
2020-06-17,3.36,3.43,3.53,3.31,90547.3
2020-06-18,3.43,3.42,3.44,3.36,59978.98
2020-06-19,3.42,3.45,3.57,3.39,93876.7
2020-06-22,3.45,3.42,3.5,3.37,79523.34
2020-06-23,3.42,3.37,3.45,3.36,61691.0
2020-06-24,3.37,3.32,3.41,3.28,67820.8
2020-06-29,3.32,3.29,3.38,3.23,37460.0
2020-06-30,3.29,3.33,3.4,3.29,56667.16
2020-07-01,3.32,3.28,3.32,3.23,68766.42
2020-07-02,3.28,3.33,3.35,3.25,68842.91
2020-07-03,3.34,3.38,3.43,3.31,100301.62
2020-07-06,3.39,3.49,3.52,3.37,143866.49
2020-07-07,3.53,3.48,3.6,3.45,157082.56
2020-07-08,3.47,3.48,3.54,3.4,158780.76
2020-07-09,3.53,3.59,3.66,3.49,201225.31
2020-07-10,3.6,3.5,3.6,3.49,162781.46
2020-07-13,3.47,3.59,3.63,3.46,176094.16
2020-07-14,3.69,3.56,3.71,3.5,151361.77
2020-07-15,3.79,3.92,3.92,3.79,193551.58
2020-07-16,4.11,3.83,4.2,3.78,709657.81
2020-07-17,3.65,3.97,4.1,3.6,536725.97
2020-07-20,3.89,3.96,4.03,3.75,427103.4
2020-07-21,3.88,3.75,3.91,3.75,289173.31
2020-07-22,3.71,3.72,3.73,3.57,272815.89
2020-07-23,3.63,3.59,3.68,3.53,181944.57
2020-07-24,3.56,3.38,3.62,3.35,178784.05
2020-07-27,3.36,3.37,3.4,3.29,101473.81
2020-07-28,3.37,3.39,3.44,3.36,69265.18
2020-07-29,3.36,3.44,3.49,3.29,118445.99
2020-07-30,3.41,3.38,3.44,3.37,86328.19
2020-07-31,3.38,3.41,3.47,3.37,88456.2
2020-08-03,3.43,3.5,3.5,3.41,108485.12
2020-08-04,3.51,3.51,3.59,3.47,106875.3
2020-08-05,3.49,3.49,3.54,3.45,95148.73
2020-08-06,3.5,3.45,3.52,3.41,88315.7
2020-08-07,3.47,3.62,3.74,3.45,257138.73
2020-08-10,3.6,3.66,3.7,3.5,203811.14
2020-08-11,3.62,3.63,3.89,3.61,219436.05
2020-08-12,3.58,3.58,3.64,3.49,132342.32
2020-08-13,3.59,3.68,3.7,3.55,138442.42
2020-08-14,3.61,3.74,3.82,3.59,193606.33
2020-08-17,3.79,3.74,3.83,3.68,124370.54
2020-08-18,3.76,3.68,3.76,3.66,129267.15
2020-08-19,3.66,3.58,3.68,3.56,107396.3
2020-08-20,3.56,3.6,3.64,3.54,67811.0
2020-08-21,3.59,3.59,3.62,3.56,59818.43
2020-08-24,3.6,3.5,3.6,3.46,75013.7
2020-08-25,3.51,3.44,3.54,3.43,70209.59
2020-08-26,3.43,3.36,3.47,3.34,95229.64
2020-08-27,3.35,3.38,3.38,3.3,63453.69
2020-08-28,3.38,3.41,3.45,3.36,62413.61
2020-08-31,3.45,3.41,3.48,3.4,53986.9
2020-09-01,3.43,3.37,3.43,3.34,47033.11
2020-09-02,3.36,3.51,3.55,3.36,114304.87
2020-09-03,3.51,3.59,3.85,3.48,192826.62
2020-09-04,3.54,3.63,3.68,3.48,143860.91
2020-09-07,3.69,3.6,3.69,3.56,153061.04
2020-09-08,3.59,3.68,3.7,3.49,204618.51
2020-09-09,3.65,3.7,3.78,3.62,266390.45
2020-09-10,3.78,3.67,3.79,3.65,295394.45
2020-09-11,3.64,3.72,3.74,3.49,264462.45
2020-09-14,3.72,3.66,3.82,3.62,275660.58
2020-09-15,3.62,3.83,3.84,3.58,359079.45
2020-09-16,3.81,3.84,3.89,3.73,323820.2
2020-09-17,3.84,3.87,3.95,3.77,326407.0
2020-09-18,3.85,3.91,3.94,3.82,321273.59
2020-09-21,3.92,4.15,4.15,3.82,525720.67
2020-09-22,4.08,4.18,4.2,3.96,491910.3
2020-09-23,4.11,3.84,4.14,3.81,442802.78
2020-09-24,3.76,3.66,3.81,3.56,326385.26
2020-09-25,3.6,3.51,3.72,3.46,364556.11
2020-09-28,3.51,3.27,3.52,3.27,385609.98
2020-09-29,3.33,3.27,3.36,3.21,302259.01
2020-09-30,3.28,3.12,3.28,3.11,231871.05
2020-10-09,3.15,3.11,3.18,3.08,213128.75
2020-10-12,3.12,3.22,3.23,3.09,222205.53
2020-10-13,3.22,3.17,3.23,3.12,140650.0
2020-10-14,3.17,3.13,3.18,3.13,93165.95
2020-10-15,3.1,3.14,3.17,3.1,79174.85
2020-10-16,3.13,3.03,3.13,3.03,144341.77
2020-10-19,3.04,3.0,3.08,2.96,134725.0
2020-10-20,2.99,3.02,3.04,2.96,77330.73
2020-10-21,3.03,2.96,3.03,2.94,81754.05
2020-10-22,2.96,2.91,2.96,2.88,88886.27
2020-10-23,2.92,2.85,2.94,2.83,93753.0
2020-10-26,2.82,2.79,2.86,2.74,90132.6
2020-10-27,2.8,2.84,2.85,2.77,72191.06
2020-10-28,2.83,2.77,2.86,2.76,72671.6
2020-10-29,2.74,2.78,2.79,2.68,60350.07
2020-10-30,2.77,2.66,2.78,2.64,79121.62
2020-11-02,2.68,2.61,2.68,2.58,77007.0
2020-11-03,2.61,2.69,2.72,2.57,82435.0
2020-11-04,2.69,2.64,2.73,2.62,64394.67
2020-11-05,2.65,2.7,2.74,2.64,66873.01
2020-11-06,2.7,2.67,2.71,2.64,51647.0
2020-11-09,2.7,2.75,2.77,2.67,88355.02
2020-11-10,3.03,3.03,3.03,3.03,72815.62
2020-11-11,3.1,2.97,3.15,2.91,292514.05
2020-11-12,2.97,2.85,2.98,2.8,163088.49
2020-11-13,2.83,2.8,2.86,2.78,122399.89
2020-11-16,2.81,2.9,2.91,2.77,108606.54
2020-11-17,2.87,2.88,2.97,2.84,146265.0
2020-11-18,2.85,2.86,2.89,2.83,77106.01
2020-11-19,2.87,2.98,3.1,2.87,171855.75
2020-11-20,2.93,2.95,2.96,2.9,99874.28
2020-11-23,2.95,2.9,2.95,2.89,79526.0
2020-11-24,2.91,2.9,2.92,2.86,56990.13
2020-11-25,2.93,2.87,2.94,2.86,66243.0
2020-11-26,2.9,2.87,2.91,2.86,51921.92
2020-11-27,2.87,2.84,2.89,2.8,52516.0
2020-11-30,2.83,2.83,2.87,2.81,53166.0
2020-12-01,2.85,2.85,2.87,2.81,59803.0
2020-12-02,2.84,2.85,2.88,2.83,49933.0
2020-12-03,2.85,2.84,2.85,2.82,53114.0
2020-12-04,2.83,2.81,2.83,2.79,55109.0
2020-12-07,2.81,2.76,2.81,2.75,52181.05
2020-12-08,2.75,2.76,2.78,2.74,32261.05
2020-12-09,2.75,2.67,2.76,2.65,64728.0
2020-12-10,2.68,2.66,2.69,2.62,50124.3
2020-12-11,2.69,2.66,2.69,2.6,46636.0
2020-12-14,2.65,2.82,2.85,2.63,126670.9
2020-12-15,2.82,2.77,2.82,2.75,75642.6
2020-12-16,2.76,2.79,2.98,2.76,151809.5
2020-12-17,2.8,2.79,2.83,2.65,118306.0
2020-12-18,2.78,2.78,2.84,2.73,91028.6
2020-12-21,2.78,2.77,2.86,2.7,91083.5
2020-12-22,2.74,2.76,2.79,2.72,79687.0
2020-12-23,2.73,2.69,2.78,2.67,80282.16
2020-12-24,2.68,2.61,2.69,2.6,61101.01
2020-12-25,2.63,2.63,2.66,2.58,34895.3
2020-12-28,2.61,2.59,2.63,2.59,41639.0
2020-12-29,2.58,2.58,2.62,2.57,43673.0
2020-12-30,2.58,2.59,2.63,2.57,39914.95
2020-12-31,2.58,2.64,2.69,2.58,47870.5
2021-01-04,2.63,2.6,2.63,2.58,66670.59
2021-01-05,2.59,2.58,2.6,2.57,37568.63
2021-01-06,2.58,2.44,2.58,2.43,94502.15
2021-01-07,2.45,2.3,2.46,2.28,98961.67
2021-01-08,2.28,2.38,2.41,2.21,62044.3
2021-01-11,2.36,2.27,2.37,2.25,55901.1
2021-01-12,2.27,2.28,2.32,2.26,45489.76
2021-01-13,2.28,2.22,2.28,2.18,80688.58
2021-01-14,2.22,2.24,2.28,2.18,49202.43
2021-01-15,2.24,2.29,2.3,2.23,45238.0
2021-01-18,2.29,2.32,2.35,2.26,42056.6
2021-01-19,2.32,2.37,2.41,2.28,66786.01
2021-01-20,2.35,2.34,2.38,2.33,40582.0
2021-01-21,2.33,2.57,2.57,2.33,85085.35
2021-01-22,2.52,2.54,2.65,2.4,209551.9
2021-01-25,2.45,2.39,2.47,2.35,100724.0
2021-01-26,2.37,2.3,2.4,2.26,72618.2
2021-01-27,2.3,2.29,2.33,2.26,41427.71
2021-01-28,2.29,2.47,2.52,2.26,221795.92
2021-01-29,2.4,2.53,2.55,2.33,224442.91
2021-02-01,2.43,2.39,2.5,2.37,119671.68
2021-02-02,2.39,2.46,2.53,2.35,113549.32
2021-02-03,2.44,2.44,2.51,2.4,94021.34
2021-02-04,2.43,2.36,2.44,2.33,81179.45
2021-02-05,2.59,2.6,2.6,2.48,140356.0
2021-02-08,2.58,2.86,2.86,2.49,351956.74
2021-02-09,3.05,2.85,3.15,2.84,605447.55
2021-02-10,2.79,2.71,2.97,2.7,409418.97
2021-02-18,2.7,2.68,2.84,2.65,289380.13
2021-02-19,2.69,2.76,2.81,2.64,240536.88
2021-02-22,2.76,2.74,2.85,2.72,222654.79
2021-02-23,2.71,2.72,2.79,2.68,157498.92
2021-02-24,2.73,2.99,2.99,2.73,209127.16
2021-02-25,2.99,2.93,3.02,2.83,349668.58
2021-02-26,2.84,2.99,3.14,2.83,295937.54
2021-03-01,2.92,2.99,3.04,2.92,189002.55
2021-03-02,3.01,3.02,3.19,2.92,229112.9
2021-03-03,2.97,3.04,3.13,2.96,167035.41
2021-03-04,2.99,2.92,3.04,2.91,161630.5
2021-03-05,2.92,2.87,2.97,2.85,141807.64
2021-03-08,2.86,2.88,2.9,2.85,92878.47
2021-03-09,2.87,2.92,3.05,2.72,197087.0
2021-03-10,2.9,2.85,2.93,2.83,106813.35
2021-03-11,2.81,2.86,2.91,2.81,84291.0
2021-03-12,2.87,2.99,3.08,2.85,216009.19
2021-03-15,2.95,3.29,3.29,2.86,401305.94
2021-03-16,3.29,3.4,3.61,3.26,701775.84
2021-03-17,3.35,3.49,3.74,3.26,568611.24
2021-03-18,3.42,3.42,3.49,3.33,359382.87
2021-03-19,3.35,3.35,3.5,3.3,268604.38
2021-03-22,3.34,3.42,3.46,3.3,304520.01
2021-03-23,3.37,3.23,3.38,3.22,267512.1
2021-03-24,3.2,3.26,3.31,3.16,171057.14
2021-03-25,3.19,3.39,3.41,3.17,313995.13
2021-03-26,3.38,3.33,3.46,3.3,285123.61
2021-03-29,3.33,3.35,3.39,3.26,175068.94
2021-03-30,3.35,3.21,3.35,3.19,169941.54
2021-03-31,3.2,3.25,3.32,3.18,118553.44
2021-04-01,3.23,3.18,3.25,3.12,131978.03
2021-04-02,3.16,3.25,3.29,3.11,149472.04
2021-04-06,3.24,3.18,3.24,3.15,122883.0
2021-04-07,3.16,3.21,3.24,3.14,108017.0
2021-04-08,3.22,3.24,3.31,3.2,147375.0
2021-04-09,3.21,3.38,3.43,3.18,259400.51
2021-04-12,3.37,3.35,3.46,3.32,212549.48
2021-04-13,3.31,3.32,3.44,3.21,191233.45
2021-04-14,3.28,3.41,3.46,3.26,214979.2
2021-04-15,3.33,3.44,3.68,3.3,248985.75
2021-04-16,3.38,3.51,3.57,3.35,259510.27
2021-04-19,3.53,3.6,3.74,3.53,320918.32
2021-04-20,3.56,3.51,3.67,3.5,216287.94
2021-04-21,3.48,3.39,3.5,3.36,178292.1
2021-04-22,3.39,3.43,3.47,3.36,160880.71
2021-04-23,3.39,3.34,3.42,3.23,198021.31
2021-04-26,3.38,3.44,3.67,3.35,354715.77
2021-04-27,3.35,3.19,3.43,3.15,274352.6
2021-04-28,3.19,3.18,3.25,3.07,133611.61
2021-04-29,3.21,3.16,3.27,3.13,112607.0
2021-04-30,3.09,3.14,3.18,3.08,128312.48
2021-05-06,3.08,2.95,3.1,2.94,146895.9
2021-05-07,2.92,2.96,2.97,2.89,85357.4
2021-05-10,2.96,3.04,3.08,2.9,96501.35
2021-05-11,3.01,3.13,3.13,2.98,130231.35
2021-05-12,3.1,3.06,3.15,3.04,108193.0
2021-05-13,3.03,3.01,3.08,3.01,67389.6
2021-05-14,3.0,3.04,3.06,3.0,56898.0
2021-05-17,3.04,2.96,3.04,2.94,79806.0
2021-05-18,2.98,3.02,3.05,2.98,60971.0
2021-05-19,3.0,3.0,3.05,2.97,72592.58
2021-05-20,3.01,3.05,3.07,3.0,74139.25
2021-05-21,3.04,3.01,3.04,2.97,61342.95
2021-05-24,3.01,2.98,3.01,2.97,41596.0
2021-05-25,2.98,2.97,3.0,2.96,47230.0
2021-05-26,2.98,2.99,3.0,2.97,41527.0
2021-05-27,2.99,2.98,3.01,2.97,49812.76
2021-05-28,2.98,2.96,3.0,2.94,64646.0
2021-05-31,2.97,2.92,2.98,2.91,53732.0
2021-06-01,2.95,2.94,2.95,2.91,36878.0
2021-06-02,2.94,2.94,2.95,2.9,53323.0
2021-06-03,2.94,2.93,2.95,2.92,50431.0
2021-06-04,2.93,2.92,2.93,2.91,34130.1
2021-06-07,2.91,2.92,2.92,2.87,46142.5
2021-06-08,2.93,2.96,3.03,2.92,64862.05
2021-06-09,2.93,2.99,3.02,2.93,74019.0
2021-06-10,2.98,2.95,2.99,2.93,49080.8
2021-06-11,2.95,2.92,2.97,2.92,41557.01
2021-06-15,2.92,2.81,2.92,2.81,69053.01
2021-06-16,2.81,2.74,2.83,2.7,81211.68
2021-06-17,2.72,2.74,2.77,2.72,28736.11
2021-06-18,2.76,2.73,2.76,2.7,34646.05
2021-06-21,2.75,2.74,2.77,2.73,34661.05
2021-06-22,2.72,2.74,2.76,2.72,27716.54
2021-06-23,2.74,2.91,3.0,2.74,154947.49
2021-06-24,2.9,2.84,2.9,2.82,75748.25
2021-06-25,2.83,2.83,2.85,2.81,41998.0
2021-06-28,2.83,2.85,2.86,2.8,45932.0
2021-06-29,2.85,2.85,2.88,2.84,37112.0
2021-06-30,2.85,2.81,2.86,2.8,34771.1
2021-07-01,2.81,2.79,2.83,2.78,29433.0
2021-07-02,2.78,2.78,2.8,2.75,20820.0
2021-07-05,2.78,2.8,2.8,2.75,28906.91
2021-07-06,2.8,2.78,2.82,2.76,22665.0
2021-07-07,2.77,2.79,2.8,2.76,19806.0
2021-07-08,2.78,2.72,2.79,2.7,48882.0
2021-07-09,2.72,2.75,2.77,2.66,36540.55
2021-07-12,2.75,2.76,2.78,2.71,32009.03
2021-07-13,2.75,2.76,2.77,2.73,28305.31
2021-07-14,2.74,2.75,2.78,2.73,30312.0
2021-07-15,2.74,2.71,2.74,2.68,41351.0
2021-07-16,2.71,2.72,2.73,2.7,22039.6
2021-07-19,2.72,2.73,2.73,2.69,27211.77
2021-07-20,2.73,2.72,2.73,2.7,18952.18
2021-07-21,2.73,2.71,2.74,2.7,30019.4
2021-07-22,2.71,2.67,2.71,2.65,63286.0
2021-07-23,2.67,2.65,2.67,2.63,38519.0
2021-07-26,2.63,2.59,2.63,2.58,38904.51
2021-07-27,2.6,2.59,2.63,2.55,38090.38
2021-07-28,2.59,2.51,2.6,2.5,41153.0
2021-07-29,2.52,2.53,2.55,2.5,26612.51
2021-07-30,2.53,2.46,2.53,2.44,51404.0
2021-08-02,2.42,2.51,2.52,2.38,61055.0
2021-08-03,2.5,2.63,2.71,2.47,127178.26
2021-08-04,2.62,2.57,2.66,2.55,62484.02
2021-08-05,2.55,2.83,2.83,2.54,171366.46
2021-08-06,2.83,2.82,2.91,2.74,179069.0
2021-08-09,2.81,2.79,2.85,2.72,76729.0
2021-08-10,2.77,2.81,2.88,2.77,69360.02
2021-08-11,2.8,2.79,2.84,2.77,56628.9
2021-08-12,2.8,2.8,2.82,2.79,38314.71
2021-08-13,2.82,2.77,2.87,2.77,47984.75
2021-08-16,2.77,2.89,2.95,2.76,145639.17
2021-08-17,2.88,2.81,2.91,2.81,87163.01
2021-08-18,2.79,2.92,2.98,2.78,104645.7
2021-08-19,2.91,3.03,3.09,2.91,151880.55
2021-08-20,2.98,3.08,3.15,2.98,169429.0
2021-08-23,3.07,3.1,3.2,3.05,128142.14
2021-08-24,3.07,3.09,3.14,3.05,99183.57
2021-08-25,3.08,3.22,3.24,3.08,160177.59
2021-08-26,3.22,3.38,3.43,3.19,163694.4
2021-08-27,3.42,3.3,3.44,3.25,162385.84
2021-08-30,3.29,3.48,3.58,3.27,202834.89
2021-08-31,3.49,3.44,3.52,3.41,115998.3
2021-09-01,3.45,3.42,3.52,3.36,116208.21
2021-09-02,3.43,3.42,3.51,3.4,91202.49
2021-09-03,3.4,3.4,3.47,3.34,125313.0
2021-09-06,3.44,3.45,3.5,3.35,128666.6
2021-09-07,3.45,3.54,3.56,3.42,130011.01
2021-09-08,3.56,3.61,3.69,3.52,133526.0
2021-09-09,3.66,3.66,3.7,3.56,100393.64
2021-09-10,3.65,3.61,3.95,3.6,267387.15
2021-09-13,3.54,3.52,3.7,3.35,236017.0
2021-09-14,3.53,3.47,3.69,3.42,194341.31
2021-09-15,3.55,3.58,3.62,3.41,157804.63
2021-09-16,3.58,3.61,3.74,3.57,191421.02
2021-09-17,3.62,3.54,3.64,3.41,184231.01
2021-09-22,3.52,3.36,3.57,3.34,154276.01
2021-09-23,3.4,3.58,3.59,3.36,189804.06
2021-09-24,3.61,3.59,3.72,3.51,128080.16
2021-09-27,3.57,3.31,3.6,3.24,158827.62
2021-09-28,3.36,3.26,3.39,3.18,113891.85
2021-09-29,3.26,3.15,3.27,3.14,77310.86
2021-09-30,3.17,3.23,3.26,3.14,71101.0
2021-10-08,3.23,3.46,3.47,3.23,113647.75
2021-10-11,3.46,3.47,3.55,3.36,83443.01
2021-10-12,3.48,3.41,3.55,3.39,70110.32
2021-10-13,3.39,3.42,3.42,3.31,61969.0
2021-10-14,3.37,3.57,3.6,3.36,128206.0
2021-10-15,3.58,3.62,3.66,3.54,119184.52
2021-10-18,3.62,3.77,3.82,3.58,159152.0
2021-10-19,3.77,3.64,3.77,3.61,142583.16
2021-10-20,3.63,3.57,3.66,3.5,113791.77
2021-10-21,3.55,3.42,3.58,3.37,131152.12
2021-10-22,3.42,3.29,3.43,3.27,107393.0
2021-10-25,3.32,3.16,3.32,3.15,106981.1
2021-10-26,3.22,3.11,3.23,3.06,114003.0
2021-10-27,3.08,2.98,3.1,2.96,98721.3
2021-10-28,2.97,2.99,3.06,2.94,92104.0
2021-10-29,3.03,3.07,3.11,2.98,86379.25
2021-11-01,3.07,2.96,3.08,2.96,87301.95
2021-11-02,2.96,2.94,3.07,2.91,86166.5
2021-11-03,2.97,2.95,3.04,2.92,66795.0
2021-11-04,2.93,2.88,2.99,2.84,110358.0
2021-11-05,2.88,2.79,2.88,2.76,95703.15
2021-11-08,2.79,2.83,2.98,2.79,161863.22
2021-11-09,2.77,2.82,2.88,2.77,103766.6
2021-11-10,2.8,2.84,2.84,2.74,102570.0
2021-11-11,2.85,2.85,2.89,2.83,82157.01
2021-11-12,2.85,2.86,2.88,2.83,76415.0
2021-11-15,2.88,2.98,2.99,2.88,118022.0
2021-11-16,3.03,3.0,3.14,2.97,175769.0
2021-11-17,2.98,3.01,3.03,2.93,103619.76
2021-11-18,3.04,3.02,3.1,3.0,94244.45
2021-11-19,3.07,3.03,3.07,2.97,70281.01
2021-11-22,3.02,2.96,3.04,2.94,73291.08
2021-11-23,2.98,2.94,2.99,2.91,63671.81
2021-11-24,2.93,2.94,2.98,2.91,55923.63
2021-11-25,2.95,2.92,2.97,2.91,60536.38
2021-11-26,2.92,2.85,2.92,2.83,86130.16
2021-11-29,2.79,2.8,2.85,2.78,75799.01
2021-11-30,2.81,2.82,2.84,2.78,59292.73
2021-12-01,2.82,2.9,2.9,2.78,81403.16
2021-12-02,2.89,2.85,2.9,2.83,59684.15
2021-12-03,2.86,2.86,2.88,2.81,60232.01
2021-12-06,2.86,2.84,2.88,2.8,65002.0
2021-12-07,2.87,2.84,2.88,2.82,68858.0
2021-12-08,2.85,2.83,2.85,2.8,53230.4
2021-12-09,2.83,2.84,2.86,2.81,56393.1
2021-12-10,2.83,2.85,2.87,2.82,53224.0
2021-12-13,2.84,2.84,2.86,2.82,62903.33
2021-12-14,2.84,2.82,2.85,2.8,64822.5
2021-12-15,2.82,2.86,2.92,2.82,70913.21
2021-12-16,2.87,2.9,2.92,2.85,70914.9
2021-12-17,2.91,2.93,2.94,2.88,62443.01
2021-12-20,2.9,2.95,2.99,2.89,90180.88
2021-12-21,2.95,3.09,3.14,2.94,199616.94
2021-12-22,3.06,3.08,3.14,3.03,129019.03
2021-12-23,3.09,3.0,3.12,3.0,113364.27
2021-12-24,3.0,2.99,3.04,2.94,114213.84
2021-12-27,2.99,3.0,3.03,2.91,98205.01
2021-12-28,3.06,3.02,3.11,3.0,87285.46
2021-12-29,3.02,3.13,3.24,3.01,200419.03
2021-12-30,3.12,3.13,3.17,3.11,112105.74
2021-12-31,3.16,3.15,3.2,3.13,77809.3
2022-01-04,3.15,3.31,3.33,3.1,181145.51
2022-01-05,3.45,3.26,3.5,3.2,223351.01
2022-01-06,3.27,3.3,3.35,3.24,119755.01
2022-01-07,3.3,3.19,3.37,3.17,132024.01
2022-01-10,3.18,3.18,3.23,3.11,96726.99
2022-01-11,3.19,3.18,3.23,3.16,78346.01
2022-01-12,3.17,3.36,3.38,3.14,215691.09
2022-01-13,3.35,3.7,3.7,3.33,487647.13
2022-01-14,3.7,3.5,3.9,3.47,889932.59
2022-01-17,3.4,3.64,3.68,3.36,662590.7
2022-01-18,3.53,3.28,3.57,3.28,465027.0
2022-01-19,3.2,3.26,3.32,3.18,314039.11
2022-01-20,3.28,3.18,3.38,3.15,284598.03
2022-01-21,3.28,3.5,3.5,3.19,613122.35
2022-01-24,3.5,3.42,3.68,3.37,770864.51
2022-01-25,3.4,3.76,3.76,3.33,712328.7
2022-01-26,3.76,3.52,3.83,3.5,932121.72
2022-01-27,3.44,3.17,3.52,3.17,631443.57
2022-01-28,3.05,3.29,3.49,3.05,646082.57
2022-02-07,3.31,3.52,3.62,3.19,611441.52
2022-02-08,3.52,3.62,3.77,3.49,692916.49
2022-02-09,3.63,3.73,3.8,3.54,609919.37
2022-02-10,3.72,3.79,3.83,3.68,588116.38
2022-02-11,3.77,4.17,4.17,3.66,824832.01
2022-02-14,4.59,4.59,4.59,4.59,132306.53
2022-02-15,5.05,4.73,5.05,4.6,2272135.62
2022-02-16,4.43,4.38,4.59,4.26,1590940.58
2022-02-17,4.23,3.94,4.27,3.94,1223687.42
2022-02-18,3.86,3.9,3.99,3.81,694948.15
2022-02-21,3.85,3.88,3.93,3.82,572468.66
2022-02-22,3.8,3.71,3.86,3.66,620811.56
2022-02-23,3.72,3.7,3.78,3.66,442225.5
2022-02-24,3.65,3.47,3.71,3.41,635458.8
2022-02-25,3.49,3.48,3.58,3.47,331548.56
2022-02-28,3.43,3.5,3.53,3.39,284895.31
2022-03-01,3.56,3.67,3.67,3.52,444970.5
2022-03-02,3.61,3.64,3.73,3.58,325908.56
2022-03-03,3.69,3.75,3.88,3.67,533529.0
2022-03-04,3.67,3.67,3.75,3.64,328172.0
2022-03-07,3.59,3.59,3.71,3.56,279665.0
2022-03-08,3.61,3.5,3.7,3.48,305185.08
2022-03-09,3.48,3.52,3.6,3.33,317820.0
2022-03-10,3.56,3.54,3.66,3.48,276552.14
2022-03-11,3.47,3.68,3.72,3.37,453464.0
2022-03-14,3.55,3.48,3.65,3.48,326477.0
2022-03-15,3.47,3.34,3.57,3.34,326092.76
2022-03-16,3.42,3.67,3.67,3.42,337387.34
2022-03-17,3.7,3.87,4.02,3.66,1070744.38
2022-03-18,3.76,3.86,3.95,3.73,741713.6
2022-03-21,3.85,4.05,4.08,3.8,705921.2
2022-03-22,3.93,3.9,4.04,3.87,462614.88
2022-03-23,3.87,3.9,3.95,3.84,315881.0
2022-03-24,3.85,3.86,3.95,3.84,268900.1
2022-03-25,3.88,4.09,4.25,3.8,1069337.66
2022-03-28,4.2,4.1,4.42,4.08,1043949.02
2022-03-29,4.11,4.0,4.21,3.98,602339.01
2022-03-30,4.0,4.16,4.16,3.94,569830.01
2022-03-31,4.11,4.07,4.16,3.99,425566.19
2022-04-01,4.02,4.19,4.28,4.01,653778.9
2022-04-06,4.1,4.19,4.23,4.05,498405.6
2022-04-07,4.14,3.99,4.19,3.98,398001.2
2022-04-08,4.01,4.05,4.1,3.83,417039.79
2022-04-11,4.0,4.03,4.3,3.95,520319.79
2022-04-12,4.01,4.43,4.43,3.99,723352.08
2022-04-13,4.33,4.31,4.63,4.25,1021090.37
2022-04-14,4.3,4.48,4.67,4.23,839676.25
2022-04-15,4.4,4.39,4.66,4.3,754968.47
2022-04-18,4.37,4.3,4.52,4.23,606572.57
2022-04-19,4.22,4.25,4.38,4.15,443814.4
2022-04-20,4.21,4.68,4.68,4.17,1228270.78
2022-04-21,4.5,4.21,4.59,4.21,993394.07
2022-04-22,4.0,3.79,4.07,3.79,682706.36
2022-04-25,3.54,3.41,3.64,3.41,464772.0
2022-04-26,3.33,3.26,3.45,3.15,621247.46
2022-04-27,3.16,3.42,3.43,3.12,536532.26
2022-04-28,3.4,3.3,3.48,3.24,486130.74
2022-04-29,3.31,3.42,3.45,3.3,505714.75
2022-05-05,3.33,3.33,3.4,3.23,499163.75
2022-05-06,3.24,3.14,3.27,3.12,435017.28
2022-05-09,3.1,3.18,3.23,3.1,307585.0
2022-05-10,3.12,3.33,3.47,3.1,606638.57
2022-05-11,3.39,3.38,3.61,3.32,637745.33
2022-05-12,3.35,3.48,3.54,3.35,504273.49
2022-05-13,3.44,3.53,3.56,3.38,455888.11
2022-05-16,3.53,3.65,3.73,3.5,539695.0
2022-05-17,3.64,3.7,3.72,3.53,467166.83
2022-05-18,3.64,3.65,3.79,3.62,404013.56
2022-05-19,3.62,3.64,3.74,3.56,384206.0
2022-05-20,3.64,3.63,3.72,3.55,439188.73
2022-05-23,3.63,3.62,3.66,3.56,275791.0
2022-05-24,3.63,3.44,3.64,3.42,352580.0
2022-05-25,3.45,3.56,3.63,3.42,292690.0
2022-05-26,3.56,3.61,3.68,3.49,314125.0
2022-05-27,3.62,3.64,3.7,3.58,325930.0
2022-05-30,3.66,3.83,3.83,3.63,584586.8
2022-05-31,3.8,3.79,3.82,3.71,385831.81
2022-06-01,3.81,3.85,3.95,3.8,511606.8
2022-06-02,3.81,3.83,3.87,3.73,308770.0
2022-06-06,3.8,3.81,3.84,3.74,274564.8
2022-06-07,3.83,3.76,3.85,3.73,210961.22
2022-06-08,3.76,3.9,3.92,3.72,463172.41
2022-06-09,3.88,3.74,3.88,3.71,303778.0
2022-06-10,3.75,3.94,4.11,3.72,695542.41
2022-06-13,3.82,3.96,3.96,3.78,553256.67
2022-06-14,3.88,3.9,3.94,3.83,325868.02
2022-06-15,3.91,3.86,3.95,3.83,329370.0
2022-06-16,3.84,3.84,3.9,3.78,278532.01
2022-06-17,3.79,3.76,3.83,3.71,225146.78
2022-06-20,3.73,3.86,3.9,3.72,235443.14
2022-06-21,3.87,3.78,3.92,3.74,220594.13
2022-06-22,3.77,3.63,3.81,3.61,195012.38
2022-06-23,3.6,3.66,3.68,3.58,151537.38
2022-06-24,3.63,3.92,3.99,3.63,477924.8
2022-06-27,4.0,4.04,4.26,3.98,578526.18
2022-06-28,4.05,4.44,4.44,3.98,599171.45
2022-06-29,4.7,4.88,4.88,4.55,1689413.76
2022-06-30,5.37,5.37,5.37,4.9,1223939.42
2022-07-01,5.3,4.83,5.3,4.83,1334298.59
2022-07-04,4.5,4.58,4.93,4.49,1273174.41
2022-07-05,4.45,4.42,4.6,4.35,874416.24
2022-07-06,4.31,4.21,4.37,4.17,621988.0
2022-07-07,4.23,4.18,4.26,4.15,420769.98
2022-07-08,4.4,4.24,4.51,4.21,614447.08
2022-07-11,4.11,4.45,4.51,4.09,724048.62
2022-07-12,4.36,4.21,4.4,4.21,420577.03
2022-07-13,4.22,4.37,4.41,4.22,410319.75
2022-07-14,4.37,4.34,4.39,4.27,295309.85
2022-07-15,4.28,4.39,4.6,4.22,601324.49
2022-07-18,4.29,4.39,4.44,4.28,376544.53
2022-07-19,4.53,4.4,4.6,4.38,411492.01
2022-07-20,4.33,4.44,4.58,4.33,393510.95
2022-07-21,4.44,4.46,4.56,4.36,386353.0
2022-07-22,4.45,4.34,4.5,4.3,322800.0
2022-07-25,4.35,4.33,4.36,4.25,254340.08
2022-07-26,4.38,4.45,4.55,4.38,514818.99
2022-07-27,4.39,4.31,4.44,4.28,371974.11
2022-07-28,4.3,4.33,4.43,4.29,279304.78
2022-07-29,4.29,4.2,4.32,4.15,287875.4
2022-08-01,4.18,4.18,4.22,4.11,164491.15
2022-08-02,4.11,3.9,4.13,3.88,290660.52
2022-08-03,3.87,3.91,4.0,3.86,187907.83
2022-08-04,3.95,4.0,4.01,3.86,170828.78
2022-08-05,3.99,3.94,4.0,3.89,143409.0
2022-08-08,3.87,3.91,3.94,3.74,150575.97
2022-08-09,3.92,3.91,3.94,3.87,112007.0
2022-08-10,3.92,3.83,3.93,3.82,127813.02
2022-08-11,3.84,3.91,3.93,3.83,141170.02
2022-08-12,3.91,3.96,3.97,3.88,155161.0
2022-08-15,3.92,3.91,3.95,3.86,111229.0
2022-08-16,3.91,3.9,3.93,3.87,115261.0
2022-08-17,3.89,3.94,3.95,3.86,135460.93
2022-08-18,3.94,3.84,3.96,3.83,164900.62
2022-08-19,3.86,3.8,3.87,3.8,87459.0
2022-08-22,3.8,3.89,3.93,3.76,154729.2
2022-08-23,3.87,4.04,4.17,3.85,342560.99
2022-08-24,4.04,3.98,4.09,3.92,230775.4
2022-08-25,3.98,4.01,4.08,3.93,192496.3
2022-08-26,3.97,4.11,4.18,3.96,328538.82
2022-08-29,4.03,4.3,4.36,3.99,466409.65
2022-08-30,4.23,4.25,4.29,4.17,287732.09
2022-08-31,4.2,4.23,4.31,4.15,314976.33
2022-09-01,4.23,4.14,4.27,4.11,277963.79
2022-09-02,4.12,4.23,4.25,4.05,265329.08
2022-09-05,4.21,4.18,4.24,4.1,182026.0
2022-09-06,4.17,4.23,4.29,4.15,209373.0
2022-09-07,4.18,4.24,4.28,4.16,220040.7
2022-09-08,4.27,4.31,4.41,4.26,352533.93
2022-09-09,4.21,4.19,4.23,4.11,237536.39
2022-09-13,4.19,4.23,4.25,4.17,201045.0
2022-09-14,4.19,4.24,4.31,4.16,186617.39
2022-09-15,4.26,4.28,4.32,4.16,280121.98
2022-09-16,4.24,4.31,4.49,4.24,520222.08
2022-09-19,4.21,4.74,4.74,4.12,957527.56
2022-09-20,4.66,4.85,5.21,4.53,1298431.89
2022-09-21,4.7,4.83,4.95,4.64,790006.0
2022-09-22,4.76,4.82,5.15,4.58,1039445.74
2022-09-23,4.7,4.51,4.77,4.49,687447.76
2022-09-26,4.45,4.96,4.96,4.43,525979.64
2022-09-27,4.79,5.46,5.46,4.76,1451074.47
2022-09-28,5.5,5.16,5.98,5.13,2055670.82
2022-09-29,5.2,4.82,5.31,4.64,1339500.68
2022-09-30,4.72,4.4,4.83,4.37,1147057.49
2022-10-10,4.3,3.98,4.34,3.97,839409.16
2022-10-11,4.02,3.84,4.03,3.78,573646.0
2022-10-12,3.83,3.84,3.85,3.7,438266.0
2022-10-13,3.82,3.86,3.92,3.75,522309.4
2022-10-14,3.86,3.94,4.05,3.8,637695.7
2022-10-17,3.9,3.95,3.98,3.86,444920.16
2022-10-18,4.08,4.03,4.27,4.01,755277.22
2022-10-19,3.93,3.97,4.15,3.93,539123.9
2022-10-20,3.95,4.21,4.3,3.87,836968.01
2022-10-21,4.1,4.06,4.12,4.03,507266.72
2022-10-24,4.01,3.87,4.07,3.87,409133.75
2022-10-25,3.85,4.0,4.09,3.85,462968.14
2022-10-26,3.96,4.01,4.14,3.96,434779.67
2022-10-27,3.98,4.05,4.12,3.98,392364.35
2022-10-28,4.02,4.05,4.16,4.0,550217.19
2022-10-31,3.93,3.92,4.01,3.87,408299.94
2022-11-01,3.93,4.31,4.31,3.9,630053.13
2022-11-02,4.21,4.43,4.62,4.2,1157966.42
2022-11-03,4.3,4.51,4.65,4.3,797703.95
2022-11-04,4.52,4.71,4.9,4.46,1089132.03
2022-11-07,4.59,4.69,4.74,4.56,675616.0
2022-11-08,4.67,4.76,4.86,4.62,679110.53
2022-11-09,4.74,4.82,4.96,4.73,717740.76
2022-11-10,4.68,4.89,5.02,4.65,825816.13
2022-11-11,4.94,4.97,5.38,4.7,1482110.25
2022-11-14,4.84,5.2,5.47,4.76,1596271.35
2022-11-15,5.05,5.72,5.72,4.97,786381.03
2022-11-16,6.29,5.27,6.29,5.15,2413073.94
2022-11-17,5.02,5.05,5.24,4.82,1449322.06
2022-11-18,4.96,4.64,5.01,4.64,1213806.77
2022-11-21,4.64,4.66,4.73,4.57,654677.08
2022-11-22,4.61,4.46,4.64,4.44,612814.83
2022-11-23,4.45,4.39,4.47,4.35,386300.42
2022-11-24,4.42,4.47,4.55,4.41,454501.85
2022-11-25,4.45,4.6,4.65,4.42,602209.64
2022-11-28,4.52,5.06,5.06,4.49,1052580.34
2022-11-29,5.07,5.42,5.57,5.06,1955671.05
2022-11-30,5.25,5.38,5.42,5.16,1446773.97
2022-12-01,5.57,5.41,5.68,5.25,1225719.9
2022-12-02,5.46,5.46,5.6,5.38,943816.23
2022-12-05,5.55,5.32,5.62,5.27,734374.48
2022-12-06,5.37,5.4,5.49,5.28,827556.55
2022-12-07,5.32,5.52,5.66,5.28,1078580.28
2022-12-08,5.43,5.53,5.6,5.3,938802.38
2022-12-09,5.45,5.38,5.46,5.22,695500.15
2022-12-12,5.31,5.48,5.56,5.3,730562.66
2022-12-13,5.42,5.7,5.99,5.39,1293015.75
2022-12-14,5.7,6.09,6.17,5.58,1244104.67
2022-12-15,5.93,5.65,6.07,5.54,1036259.69
2022-12-16,5.52,5.68,5.83,5.44,816678.1
2022-12-19,5.59,5.56,5.86,5.51,624863.54
2022-12-20,5.47,5.4,5.53,5.31,560716.07
2022-12-21,5.34,5.77,5.84,5.34,966485.36
2022-12-22,5.68,5.52,5.76,5.49,728420.27
2022-12-23,5.38,5.41,5.63,5.36,537048.93
2022-12-26,5.36,5.83,5.95,5.36,1249904.31
2022-12-27,5.83,5.73,5.87,5.5,1008474.79
2022-12-28,5.67,5.86,6.05,5.59,1040641.29
2022-12-29,5.75,5.97,6.39,5.65,1361586.45
2022-12-30,5.88,6.57,6.57,5.74,1252493.45
2023-01-03,6.73,6.2,6.73,6.1,1488569.03
2023-01-04,6.19,6.34,6.42,6.08,1075097.39
2023-01-05,6.18,6.15,6.23,5.99,734748.04
2023-01-06,6.08,5.9,6.12,5.86,691167.3
2023-01-09,5.86,5.96,6.06,5.83,466397.71
2023-01-10,5.91,5.84,6.05,5.76,515022.6
2023-01-11,5.8,5.55,5.81,5.55,552880.11
2023-01-12,5.51,5.42,5.57,5.39,474177.71
2023-01-13,5.39,5.48,5.49,5.38,299921.37
2023-01-16,5.49,5.58,5.61,5.48,322316.87
2023-01-17,5.59,5.68,5.71,5.53,383658.35
2023-01-18,5.68,5.54,5.7,5.54,282215.0
2023-01-19,5.5,5.41,5.54,5.4,256538.25
2023-01-20,5.43,5.57,5.62,5.43,321311.3
2023-01-30,5.68,5.51,5.72,5.51,392109.8
2023-01-31,5.44,5.34,5.49,5.3,382648.77
2023-02-01,5.3,5.32,5.33,5.18,417364.12
2023-02-02,5.31,5.39,5.4,5.25,338642.32
2023-02-03,5.39,5.29,5.39,5.25,242464.81
2023-02-06,5.26,5.29,5.39,5.22,208107.16
2023-02-07,5.28,5.25,5.33,5.18,244560.65
2023-02-08,5.22,5.31,5.34,5.21,221428.54
2023-02-09,5.33,5.43,5.43,5.3,325743.36
2023-02-10,5.43,5.62,5.64,5.42,677770.43
2023-02-13,5.64,5.65,5.66,5.53,567037.01
2023-02-14,5.64,5.43,5.64,5.42,494107.23
2023-02-15,5.41,5.33,5.43,5.31,287018.39
2023-02-16,5.31,5.13,5.39,5.08,373959.08
2023-02-17,5.1,5.13,5.22,5.08,234333.18
2023-02-20,5.11,5.19,5.19,5.07,157842.08
2023-02-21,5.2,5.17,5.2,5.13,145768.0
2023-02-22,5.17,5.2,5.2,5.13,160498.03
2023-02-23,5.18,5.15,5.23,5.13,122931.3
2023-02-24,5.15,5.1,5.17,5.08,114139.09
2023-02-27,5.1,5.18,5.19,5.05,207154.84
2023-02-28,5.15,5.27,5.3,5.13,252024.73
2023-03-01,5.26,5.25,5.27,5.2,162923.31
2023-03-02,5.24,5.24,5.27,5.17,216158.99
2023-03-03,5.22,5.42,5.46,5.2,496619.56
2023-03-06,5.39,5.58,5.68,5.36,701424.44
2023-03-07,5.51,5.38,5.53,5.38,431631.83
2023-03-08,5.37,5.39,5.42,5.32,185162.13
2023-03-09,5.38,5.25,5.4,5.24,240552.01
2023-03-10,5.2,5.14,5.28,5.14,172452.68
2023-03-13,5.15,5.25,5.27,5.13,183265.87
2023-03-14,5.24,5.1,5.24,5.09,203087.87
2023-03-15,5.12,5.1,5.17,5.08,138163.0
2023-03-16,5.07,4.96,5.1,4.95,218722.67
2023-03-17,4.98,5.03,5.07,4.98,151326.08
2023-03-20,5.05,5.09,5.11,5.02,127168.37
2023-03-21,5.08,5.2,5.23,5.06,236247.52
2023-03-22,5.19,5.17,5.21,5.11,147211.12
2023-03-23,5.16,5.15,5.17,5.1,131590.0
2023-03-24,5.16,5.17,5.24,5.15,171221.04
2023-03-27,5.17,5.21,5.24,5.15,189484.74
2023-03-28,5.2,5.18,5.25,5.15,132121.17
2023-03-29,5.17,5.24,5.28,5.15,266181.71
2023-03-30,5.22,5.45,5.5,5.21,601619.01
2023-03-31,5.4,5.36,5.43,5.31,385092.05
2023-04-03,5.36,5.41,5.47,5.33,305582.76
2023-04-04,5.4,5.46,5.55,5.38,376029.94
2023-04-06,5.41,5.4,5.49,5.35,218037.84
2023-04-07,5.38,5.45,5.52,5.36,298954.58
2023-04-10,5.5,5.59,5.6,5.44,595983.08
2023-04-11,5.64,5.55,5.73,5.51,583128.16
2023-04-12,5.63,5.53,5.68,5.46,462660.04
2023-04-13,5.53,5.77,5.85,5.5,758668.99
2023-04-14,5.75,5.58,5.75,5.55,536463.97
2023-04-17,5.57,5.61,5.72,5.53,363996.67
2023-04-18,5.56,5.48,5.61,5.43,318834.14
2023-04-19,5.49,5.6,5.63,5.41,420156.21
2023-04-20,5.54,5.35,5.54,5.33,406686.24
2023-04-21,5.34,5.17,5.41,5.16,301434.43
2023-04-24,5.17,4.9,5.2,4.8,360700.4
2023-04-25,4.89,4.71,4.91,4.65,268734.61
2023-04-26,4.7,4.86,4.99,4.7,269648.18
2023-04-27,4.82,4.78,4.88,4.76,177045.02
2023-04-28,4.7,4.88,4.89,4.69,218380.53
2023-05-04,4.81,4.6,4.85,4.54,330262.34
2023-05-05,4.66,4.53,4.67,4.51,157382.5
2023-05-08,4.52,4.42,4.53,4.39,216424.43
2023-05-09,4.42,4.39,4.49,4.35,170376.18
2023-05-10,4.37,4.36,4.4,4.34,106281.0
2023-05-11,4.37,4.42,4.45,4.36,135783.48
2023-05-12,4.42,4.43,4.48,4.32,173849.2
2023-05-15,4.43,4.48,4.48,4.4,130011.17
2023-05-16,4.48,4.34,4.48,4.3,151259.03
2023-05-17,4.33,4.35,4.35,4.29,66898.01
2023-05-18,4.34,4.22,4.36,4.22,196656.86
2023-05-19,4.23,4.26,4.27,4.16,156339.8
2023-05-22,4.28,4.36,4.38,4.21,165835.49
2023-05-23,4.35,4.26,4.38,4.25,125573.91
2023-05-24,4.25,4.17,4.25,4.16,114193.06
2023-05-25,4.18,4.14,4.18,4.07,126457.0
2023-05-26,4.15,4.15,4.17,4.09,70200.0
2023-05-29,4.15,4.11,4.18,4.09,69892.75
2023-05-30,4.1,4.16,4.16,4.06,92408.96
2023-05-31,4.12,4.21,4.26,4.12,160884.95
2023-06-01,4.22,4.26,4.31,4.21,164346.39
2023-06-02,4.26,4.27,4.29,4.22,97246.12
2023-06-05,4.27,4.37,4.4,4.27,170394.95
2023-06-06,4.4,4.27,4.44,4.25,156749.89
2023-06-07,4.25,4.41,4.45,4.22,217439.3
2023-06-08,4.43,4.45,4.52,4.36,242497.56
2023-06-09,4.42,4.39,4.45,4.37,162466.54
2023-06-12,4.39,4.4,4.43,4.33,140980.55
2023-06-13,4.37,4.38,4.46,4.36,114137.65
2023-06-14,4.39,4.48,4.5,4.37,182368.99
2023-06-15,4.46,4.52,4.54,4.41,163096.23
2023-06-16,4.53,4.48,4.53,4.47,128976.0
2023-06-19,4.46,4.42,4.5,4.4,130223.74
2023-06-20,4.4,4.32,4.42,4.31,126759.01
2023-06-21,4.32,4.23,4.38,4.22,135753.59
2023-06-26,4.22,4.12,4.27,4.1,125474.0
2023-06-27,4.12,4.28,4.32,4.12,186150.31
2023-06-28,4.25,4.21,4.28,4.15,112685.61
2023-06-29,4.2,4.13,4.24,4.12,129032.0
2023-06-30,4.16,4.18,4.22,4.12,101716.86
2023-07-03,4.16,4.37,4.4,4.16,237068.68
2023-07-04,4.35,4.4,4.45,4.29,174762.4
2023-07-05,4.4,4.33,4.4,4.31,101916.0
2023-07-06,4.33,4.34,4.42,4.28,129597.39
2023-07-07,4.31,4.38,4.51,4.3,173022.65
2023-07-10,4.39,4.41,4.48,4.38,184201.57
2023-07-11,4.39,4.38,4.4,4.34,96187.18
2023-07-12,4.36,4.3,4.38,4.3,120498.89
2023-07-13,4.28,4.31,4.33,4.27,97146.2
2023-07-14,4.3,4.23,4.31,4.22,105896.0
2023-07-17,4.19,4.22,4.23,4.14,72656.0
2023-07-18,4.22,4.23,4.25,4.16,82505.28
2023-07-19,4.25,4.21,4.26,4.17,70486.1
2023-07-20,4.21,4.29,4.42,4.21,223663.28
2023-07-21,4.24,4.4,4.5,4.22,336827.78
2023-07-24,4.36,4.41,4.44,4.29,224728.27
2023-07-25,4.44,4.57,4.75,4.39,549109.51
2023-07-26,4.53,4.57,4.61,4.5,349801.18
2023-07-27,4.58,4.56,4.69,4.54,311611.35
2023-07-28,4.55,4.59,4.65,4.54,228590.49
2023-07-31,4.62,4.75,4.8,4.61,466394.06
2023-08-01,4.78,4.69,4.87,4.66,503031.99
2023-08-02,4.7,4.61,4.73,4.58,279919.67
2023-08-03,4.59,4.61,4.64,4.55,166805.6
2023-08-04,4.62,4.56,4.67,4.55,170503.16
2023-08-07,4.58,4.51,4.59,4.49,119467.0
2023-08-08,4.49,4.52,4.56,4.45,117775.06
2023-08-09,4.51,4.43,4.52,4.4,131886.0
2023-08-10,4.42,4.47,4.48,4.39,109555.01
2023-08-11,4.45,4.48,4.62,4.45,239106.14
2023-08-14,4.45,4.93,4.93,4.41,544280.09
2023-08-15,4.9,4.8,4.98,4.77,784156.17
2023-08-16,4.8,5.0,5.09,4.74,945068.85
2023-08-17,4.91,4.9,4.92,4.81,513993.45
2023-08-18,4.86,4.69,4.86,4.67,439267.97
2023-08-21,4.72,4.67,4.77,4.57,297485.56
2023-08-22,4.68,4.62,4.72,4.52,300055.29
2023-08-23,4.61,4.77,4.96,4.48,541379.87
2023-08-24,4.68,4.81,4.88,4.66,476486.01
2023-08-25,4.74,4.8,4.94,4.71,367486.18
2023-08-28,5.0,4.66,5.0,4.61,493804.3
2023-08-29,4.6,4.87,4.97,4.6,517000.9
2023-08-30,4.85,4.97,5.15,4.81,589157.18
2023-08-31,4.93,5.12,5.2,4.85,686664.89
2023-09-01,5.08,5.02,5.63,4.97,988958.59
2023-09-04,5.03,5.09,5.17,4.92,640649.74
2023-09-05,5.04,4.96,5.09,4.94,420918.03
2023-09-06,4.93,4.89,5.01,4.86,339229.56
2023-09-07,4.87,4.96,5.05,4.86,486359.16
2023-09-08,4.93,5.18,5.43,4.77,752433.02
2023-09-11,5.16,5.48,5.69,5.11,1101279.36
2023-09-12,5.41,5.52,5.62,5.34,846768.02
2023-09-13,5.49,5.44,5.57,5.35,587508.74
2023-09-14,5.46,5.29,5.49,5.22,500834.92
2023-09-15,5.31,5.38,5.52,5.25,730298.05
2023-09-18,5.34,5.59,5.6,5.31,884940.65
2023-09-19,5.5,5.3,5.53,5.29,544919.62
2023-09-20,5.19,4.87,5.2,4.84,663808.22
2023-09-21,4.81,4.71,4.85,4.68,407287.67
2023-09-22,4.65,4.79,4.79,4.61,353778.41
2023-09-25,4.75,4.71,4.75,4.66,283112.89
2023-09-26,4.7,4.59,4.73,4.58,287665.02
2023-09-27,4.56,4.45,4.57,4.43,371249.14
2023-09-28,4.45,4.48,4.5,4.45,206858.1
2023-10-09,4.41,4.21,4.41,4.19,322295.25
2023-10-10,4.22,4.19,4.26,4.17,171491.63
2023-10-11,4.18,4.15,4.19,4.12,153631.97
2023-10-12,4.15,4.18,4.18,4.14,142914.81
2023-10-13,4.17,4.09,4.17,4.08,175137.96
2023-10-16,4.08,4.03,4.1,4.0,173225.11
2023-10-17,4.03,4.06,4.07,4.02,123061.65
2023-10-18,4.05,3.95,4.05,3.95,151935.16
2023-10-19,3.93,3.92,3.99,3.9,122717.0
2023-10-20,3.91,3.89,3.95,3.88,102737.0
2023-10-23,3.88,3.81,3.92,3.79,114312.87
2023-10-24,3.82,3.9,3.91,3.81,132528.0
2023-10-25,3.91,4.0,4.03,3.91,167474.65
2023-10-26,3.98,3.99,4.0,3.92,117167.0
2023-10-27,3.94,4.02,4.04,3.94,116943.2
2023-10-30,4.0,4.01,4.02,3.97,118772.65
2023-10-31,4.01,3.97,4.01,3.94,101822.94
2023-11-01,3.97,3.97,4.0,3.96,72154.75
2023-11-02,3.97,3.94,3.98,3.92,79576.0
2023-11-03,3.93,3.97,3.98,3.93,84281.52
2023-11-06,3.97,4.04,4.04,3.97,120580.16
2023-11-07,4.03,4.03,4.04,3.96,130439.02
2023-11-08,4.03,4.06,4.07,4.0,133001.85
2023-11-09,4.07,4.01,4.08,4.0,95607.19
2023-11-10,4.01,4.0,4.02,3.97,73922.88
2023-11-13,4.0,4.05,4.05,4.0,89866.61
2023-11-14,4.05,4.05,4.07,4.03,82098.0
2023-11-15,4.07,4.06,4.09,4.04,127313.28
2023-11-16,4.06,4.04,4.1,4.03,148611.9
2023-11-17,4.03,4.06,4.07,4.01,101591.5
2023-11-20,4.06,4.14,4.14,4.05,176845.44
2023-11-21,4.14,4.17,4.18,4.13,146325.2
2023-11-22,4.16,4.19,4.24,4.14,198666.98
2023-11-23,4.19,4.19,4.21,4.13,123785.81
2023-11-24,4.2,4.24,4.27,4.18,220178.3
2023-11-27,4.24,4.17,4.27,4.17,172046.3
2023-11-28,4.16,4.32,4.4,4.13,385937.41
2023-11-29,4.28,4.43,4.47,4.24,415758.94
2023-11-30,4.38,4.62,4.75,4.36,620597.24
2023-12-01,4.6,4.52,4.64,4.5,416608.84
2023-12-04,4.5,4.54,4.55,4.45,304308.85
2023-12-05,4.52,4.42,4.55,4.41,283551.85
2023-12-06,4.41,4.39,4.44,4.37,282370.2
2023-12-07,4.38,4.33,4.4,4.31,196808.6
2023-12-08,4.32,4.25,4.34,4.21,210528.79
2023-12-11,4.2,4.25,4.27,4.17,142769.0
2023-12-12,4.24,4.38,4.38,4.21,194767.37
2023-12-13,4.35,4.3,4.44,4.3,159597.0
2023-12-14,4.31,4.36,4.41,4.31,168032.68
2023-12-15,4.34,4.34,4.42,4.29,166895.77
2023-12-18,4.32,4.18,4.33,4.16,162588.2
2023-12-19,4.18,4.27,4.35,4.18,225943.53
2023-12-20,4.28,4.13,4.29,4.12,155232.85
2023-12-21,4.1,4.19,4.2,4.08,132688.49
2023-12-22,4.17,4.08,4.21,4.06,148285.3
2023-12-25,4.07,4.0,4.09,3.99,93975.6
2023-12-26,4.0,3.96,4.03,3.95,85072.0
2023-12-27,3.96,3.99,4.02,3.93,88955.29
2023-12-28,3.98,4.08,4.09,3.96,124459.15
2023-12-29,4.07,4.08,4.14,4.04,109472.0
2024-01-02,4.08,4.12,4.17,4.05,113659.0
2024-01-03,4.09,4.15,4.17,4.09,115185.65
2024-01-04,4.14,4.18,4.2,4.1,133211.38
2024-01-05,4.16,4.09,4.24,4.07,136510.0
2024-01-08,4.09,4.07,4.17,4.06,132521.0
2024-01-09,4.07,4.26,4.4,4.06,421679.65
2024-01-10,4.29,4.38,4.4,4.21,609029.01
2024-01-11,4.31,4.26,4.33,4.21,357114.0
2024-01-12,4.22,4.11,4.22,4.1,225544.09
2024-01-15,4.07,4.18,4.24,4.05,262909.78
2024-01-16,4.19,4.6,4.6,4.18,683940.96
2024-01-17,4.65,4.45,4.75,4.43,1032980.67
2024-01-18,4.44,4.35,4.47,4.23,615487.82
2024-01-19,4.34,4.44,4.62,4.26,778799.74
2024-01-22,4.31,4.0,4.35,4.0,648264.7
2024-01-23,3.83,3.83,3.88,3.6,513019.02
2024-01-24,3.8,3.93,3.97,3.77,374507.51
2024-01-25,3.91,4.01,4.03,3.85,267423.23
2024-01-26,4.01,3.98,4.06,3.97,204369.29
2024-01-29,4.0,3.81,4.02,3.8,212937.0
2024-01-30,3.79,3.58,3.79,3.57,273947.0
2024-01-31,3.56,3.23,3.57,3.22,344447.39
2024-02-01,3.2,3.14,3.24,3.08,231083.49
2024-02-02,3.13,3.07,3.25,2.93,259130.98
2024-02-05,3.02,2.76,3.06,2.76,287412.05
2024-02-06,2.59,2.77,2.88,2.48,327658.17
2024-02-07,2.75,2.68,2.77,2.65,242044.08
2024-02-08,2.7,2.93,2.95,2.67,274556.01
2024-02-19,2.94,3.0,3.04,2.94,236448.42
2024-02-20,3.0,3.01,3.01,2.91,151196.39
2024-02-21,3.01,3.11,3.18,2.97,246013.03
2024-02-22,3.12,3.19,3.24,3.08,214101.15
2024-02-23,3.18,3.3,3.34,3.16,268174.59
2024-02-26,3.33,3.33,3.39,3.26,194387.93
2024-02-27,3.33,3.44,3.45,3.28,179646.27
2024-02-28,3.47,3.18,3.54,3.17,312441.93
2024-02-29,3.13,3.28,3.3,3.1,209743.73
2024-03-01,3.3,3.3,3.35,3.24,153443.0
2024-03-04,3.31,3.27,3.33,3.2,124175.0
2024-03-05,3.26,3.22,3.31,3.21,140360.0
2024-03-06,3.2,3.24,3.25,3.16,117794.0
2024-03-07,3.25,3.35,3.4,3.23,247057.93
2024-03-08,3.31,3.25,3.32,3.19,215494.75
2024-03-11,3.27,3.27,3.28,3.22,119634.0
2024-03-12,3.28,3.39,3.4,3.25,267481.7
2024-03-13,3.38,3.34,3.39,3.31,172400.0
2024-03-14,3.33,3.37,3.41,3.31,181346.65
2024-03-15,3.37,3.42,3.43,3.35,156360.9
2024-03-18,3.44,3.46,3.47,3.41,145911.56
2024-03-19,3.46,3.47,3.53,3.45,136487.45
2024-03-20,3.48,3.54,3.54,3.47,136733.04
2024-03-21,3.54,3.63,3.67,3.54,213061.09
2024-03-22,3.65,3.58,3.68,3.54,208441.09
2024-03-25,3.52,3.44,3.56,3.44,182417.2
2024-03-26,3.42,3.46,3.47,3.38,142620.0
2024-03-27,3.43,3.38,3.49,3.36,152985.96
2024-03-28,3.36,3.41,3.44,3.33,141859.0
2024-03-29,3.4,3.43,3.44,3.35,141211.18
2024-04-01,3.44,3.52,3.52,3.42,147972.84
2024-04-02,3.49,3.59,3.6,3.49,267607.29
2024-04-03,3.55,3.51,3.59,3.49,206812.61
2024-04-08,3.51,3.53,3.59,3.49,240678.77
2024-04-09,3.44,3.62,3.65,3.43,412514.1
2024-04-10,3.57,3.69,3.7,3.55,497841.47
2024-04-11,3.63,4.06,4.06,3.59,783486.45
2024-04-12,3.99,4.26,4.44,3.91,1312071.02
2024-04-15,4.01,3.83,4.13,3.83,825196.08
2024-04-16,3.63,3.45,3.73,3.45,377945.0
2024-04-17,3.16,3.38,3.51,3.16,696294.09
2024-04-18,3.3,3.28,3.44,3.26,442817.28
2024-04-19,3.22,3.22,3.34,3.16,344476.15
2024-04-22,3.23,3.4,3.43,3.08,572042.86
2024-04-23,3.31,3.26,3.35,3.25,349135.0
2024-04-24,3.2,3.25,3.28,3.2,258459.99
2024-04-25,3.23,3.31,3.36,3.22,325100.07
2024-04-26,3.29,3.32,3.33,3.24,314344.3
2024-04-29,3.29,3.4,3.41,3.27,369341.0
2024-04-30,3.37,3.28,3.38,3.24,360163.3
2024-05-06,3.28,3.24,3.29,3.21,243636.53
2024-05-07,3.24,3.16,3.24,3.14,240060.29
2024-05-08,3.17,3.17,3.19,3.14,137625.01
2024-05-09,3.17,3.21,3.24,3.17,148359.6
2024-05-10,3.22,3.27,3.33,3.21,307910.61
2024-05-13,3.22,3.13,3.25,3.11,217159.0
2024-05-14,3.12,3.16,3.18,3.11,113584.44
2024-05-15,3.16,3.15,3.18,3.13,95776.44
2024-05-16,3.16,3.2,3.25,3.15,156353.44
2024-05-17,3.22,3.21,3.25,3.16,152094.0
2024-05-20,3.28,3.25,3.34,3.23,287999.0
2024-05-21,3.23,3.28,3.33,3.21,244620.83
2024-05-22,3.26,3.24,3.28,3.21,159346.0
2024-05-23,3.22,3.13,3.23,3.12,166657.0
2024-05-24,3.12,3.13,3.16,3.11,69141.0
2024-05-27,3.15,3.13,3.17,3.1,71361.4
2024-05-28,3.14,3.12,3.16,3.1,87461.0
2024-05-29,3.11,3.12,3.14,3.1,72598.0
2024-05-30,3.11,3.04,3.12,3.04,107092.0
2024-05-31,3.04,3.05,3.06,3.03,49866.77
2024-06-03,3.05,2.93,3.05,2.9,131859.52
2024-06-04,2.9,2.94,2.97,2.86,78711.45
2024-06-05,2.93,2.85,2.93,2.85,85046.0
2024-06-06,2.82,2.69,2.87,2.68,168080.87
2024-06-07,2.72,2.83,2.85,2.72,140665.48
2024-06-11,2.82,2.78,2.84,2.75,71766.0
2024-06-12,2.77,2.81,2.83,2.76,53699.0
2024-06-13,2.81,2.76,2.83,2.76,48327.0
2024-06-14,2.75,2.85,2.88,2.74,119084.5
2024-06-17,2.85,2.94,2.94,2.83,107697.5
2024-06-18,2.95,2.9,2.96,2.88,85104.0
2024-06-19,2.9,2.9,2.92,2.83,59754.0
2024-06-20,2.89,2.81,2.9,2.81,60430.0
2024-06-21,2.83,2.8,2.86,2.78,62778.0
2024-06-24,2.79,2.69,2.79,2.67,77411.0
2024-06-25,2.68,2.79,2.8,2.68,79104.4
2024-06-26,2.75,2.8,2.81,2.73,57679.0
2024-06-27,2.78,2.78,2.84,2.78,61703.0
2024-06-28,2.75,2.78,2.82,2.75,43044.9
2024-07-01,2.79,2.86,2.86,2.79,61481.0
2024-07-02,2.88,2.89,2.94,2.85,99354.0
2024-07-03,2.89,3.01,3.1,2.88,261037.35
2024-07-04,2.97,2.85,2.99,2.83,149976.4
2024-07-05,2.83,2.88,2.91,2.78,84873.6
2024-07-08,2.91,2.86,2.94,2.86,76153.0
2024-07-09,2.87,2.88,2.89,2.76,91704.0
2024-07-10,2.86,2.79,2.86,2.78,79893.06
2024-07-11,2.83,2.87,2.88,2.81,87963.4
2024-07-12,2.85,2.87,2.94,2.85,81670.96
2024-07-15,2.82,2.79,2.82,2.78,73917.5
2024-07-16,2.79,2.78,2.81,2.76,37637.78
2024-07-17,2.77,2.77,2.82,2.76,39603.96
2024-07-18,2.76,2.79,2.79,2.7,52436.0
2024-07-19,2.78,2.77,2.78,2.74,32818.0
2024-07-22,2.75,2.77,2.79,2.74,35858.61
2024-07-23,2.78,2.74,2.82,2.73,59944.01
2024-07-24,2.75,2.66,2.75,2.65,70328.0
2024-07-25,2.64,2.67,2.7,2.62,36433.0
2024-07-26,2.67,2.7,2.72,2.67,33886.9
2024-07-29,2.7,2.72,2.73,2.68,40983.0
2024-07-30,2.72,2.77,2.77,2.71,49468.9
2024-07-31,2.79,2.84,2.85,2.77,104369.0
2024-08-01,2.84,2.85,2.89,2.81,95930.19
2024-08-02,2.82,2.9,2.92,2.82,143172.0
2024-08-05,2.94,2.91,3.06,2.89,200317.01
2024-08-06,2.91,3.06,3.09,2.9,231199.22
2024-08-07,3.04,3.02,3.04,2.97,195450.02
2024-08-08,3.0,3.02,3.06,2.96,147862.0
2024-08-09,3.0,2.98,3.05,2.98,145435.01
2024-08-12,2.97,2.88,2.97,2.85,111246.5
2024-08-13,2.89,2.89,2.91,2.83,68828.01
2024-08-14,2.9,2.85,2.91,2.85,57084.0
2024-08-15,2.86,2.9,2.92,2.83,86140.03
2024-08-16,2.91,2.87,2.93,2.87,63530.0
2024-08-19,2.88,2.91,2.93,2.86,63697.0
2024-08-20,2.92,2.86,2.93,2.85,55591.01
2024-08-21,2.84,2.85,2.88,2.83,34097.0
2024-08-22,2.86,2.78,2.87,2.78,60214.0
2024-08-23,2.79,2.79,2.79,2.72,50433.93
2024-08-26,2.75,2.82,2.83,2.75,46220.93
2024-08-27,2.8,2.79,2.84,2.79,42196.01
2024-08-28,2.83,2.86,2.9,2.79,90684.01
2024-08-29,2.84,2.88,2.89,2.82,64530.01
2024-08-30,2.87,2.94,2.98,2.87,95534.79
2024-09-02,2.96,2.94,3.0,2.93,97111.1
2024-09-03,2.94,2.97,2.99,2.93,66148.0
2024-09-04,2.96,2.97,3.01,2.95,82734.0
2024-09-05,2.99,3.01,3.02,2.98,71006.0
2024-09-06,3.02,2.99,3.07,2.99,120129.09
2024-09-09,2.97,3.03,3.07,2.95,142455.03
2024-09-10,3.02,2.97,3.04,2.92,134157.5
2024-09-11,2.96,2.9,2.97,2.9,89893.0
2024-09-12,2.9,2.89,2.94,2.88,65882.0
2024-09-13,2.9,2.86,2.92,2.84,76805.54
2024-09-18,2.87,2.83,2.88,2.76,114408.0
2024-09-19,2.85,2.91,2.93,2.84,104752.0
2024-09-20,2.93,2.89,2.93,2.87,68090.0
2024-09-23,2.89,2.89,2.92,2.86,71964.0
2024-09-24,2.9,3.01,3.02,2.89,167869.5
2024-09-25,3.05,3.15,3.28,3.03,434815.5
2024-09-26,3.16,3.3,3.31,3.15,452211.45
2024-09-27,3.3,3.32,3.39,3.2,542142.76
2024-09-30,3.41,3.62,3.63,3.32,660810.31
2024-10-08,3.79,3.6,3.97,3.43,856541.42
2024-10-09,3.46,3.24,3.46,3.24,411985.87
2024-10-10,3.16,3.26,3.37,3.06,452007.36
2024-10-11,3.21,3.08,3.22,3.04,255300.47
2024-10-14,3.06,3.13,3.15,3.04,210364.15
2024-10-15,3.11,3.09,3.15,3.09,153198.98
2024-10-16,3.06,3.11,3.14,3.03,128850.89
2024-10-17,3.14,3.12,3.17,3.1,191069.73
2024-10-18,3.1,3.14,3.19,3.07,248255.39
2024-10-21,3.14,3.24,3.3,3.13,333453.32
2024-10-22,3.23,3.27,3.3,3.2,248721.29
2024-10-23,3.27,3.25,3.31,3.21,250631.63
2024-10-24,3.21,3.29,3.36,3.2,252024.94
2024-10-25,3.29,3.28,3.32,3.26,207766.26
2024-10-28,3.29,3.38,3.39,3.26,337934.16
2024-10-29,3.4,3.38,3.49,3.35,365089.24
2024-10-30,3.35,3.37,3.42,3.29,199271.5
2024-10-31,3.35,3.48,3.54,3.35,319014.18
2024-11-01,3.47,3.48,3.58,3.42,410728.74
2024-11-04,3.44,3.45,3.47,3.32,365413.0
2024-11-05,3.4,3.45,3.46,3.39,372727.33
2024-11-06,3.43,3.45,3.47,3.4,317949.95
2024-11-07,3.46,3.8,3.8,3.43,664221.37
2024-11-08,3.83,3.72,3.85,3.64,887911.56
2024-11-11,3.63,3.65,3.69,3.58,452894.9
2024-11-12,3.65,3.7,3.73,3.62,508813.23
2024-11-13,3.72,3.5,3.72,3.43,624699.51
2024-11-14,3.47,3.39,3.48,3.38,335931.01
2024-11-15,3.37,3.28,3.39,3.27,288997.0
2024-11-18,3.28,3.24,3.36,3.2,252834.62
2024-11-19,3.25,3.29,3.29,3.21,167331.5
2024-11-20,3.29,3.37,3.38,3.27,232011.21
2024-11-21,3.36,3.34,3.38,3.31,195347.49
2024-11-22,3.31,3.24,3.36,3.24,235902.59
2024-11-25,3.23,3.32,3.35,3.21,246777.4
2024-11-26,3.32,3.42,3.44,3.29,358936.92
2024-11-27,3.4,3.4,3.41,3.25,254285.0
2024-11-28,3.38,3.45,3.48,3.37,282853.19
2024-11-29,3.45,3.47,3.5,3.43,205346.5
2024-12-02,3.47,3.59,3.63,3.47,300973.52
2024-12-03,3.59,3.56,3.6,3.52,246961.67
2024-12-04,3.55,3.54,3.69,3.51,329079.69
2024-12-05,3.51,3.56,3.57,3.48,214692.41
2024-12-06,3.55,3.68,3.74,3.53,418400.01
2024-12-09,3.68,3.65,3.74,3.6,287601.0
2024-12-10,3.75,3.67,3.87,3.67,607471.71
2024-12-11,3.65,3.85,3.87,3.63,624037.66
2024-12-12,3.8,3.96,4.02,3.8,729704.63
2024-12-13,3.9,3.94,4.08,3.88,737873.65
2024-12-16,3.98,3.98,4.07,3.95,624308.65
2024-12-17,3.95,3.69,3.98,3.67,483115.13
2024-12-18,3.72,3.65,3.73,3.59,248863.0
2024-12-19,3.59,3.63,3.65,3.48,253002.33
2024-12-20,3.62,3.57,3.68,3.56,195773.99
2024-12-23,3.59,3.28,3.6,3.28,388859.95
2024-12-24,3.28,3.25,3.34,3.2,275342.01
2024-12-25,3.25,3.2,3.26,3.12,246700.4
2024-12-26,3.2,3.23,3.26,3.18,156566.75
2024-12-27,3.24,3.31,3.38,3.21,256709.02
2024-12-30,3.3,3.2,3.34,3.18,256319.31
2024-12-31,3.2,3.2,3.28,3.18,214408.6
2025-01-02,3.24,3.3,3.37,3.21,410080.46
2025-01-03,3.31,3.05,3.34,3.03,361299.0
2025-01-06,3.0,2.95,3.03,2.9,218197.39
2025-01-07,2.94,3.01,3.02,2.93,137978.01
2025-01-08,3.02,3.08,3.08,2.97,193978.32
2025-01-09,3.06,3.04,3.07,3.02,103314.78
2025-01-10,3.04,2.95,3.06,2.95,116715.0
2025-01-13,2.94,3.01,3.07,2.88,150492.08
2025-01-14,3.04,3.11,3.14,3.03,211852.01
2025-01-15,3.1,3.16,3.21,3.07,210767.09
2025-01-16,3.16,3.18,3.23,3.14,171855.51
2025-01-17,3.18,3.12,3.18,3.12,112614.0
2025-01-20,3.13,3.14,3.18,3.07,124445.0
2025-01-21,3.15,3.08,3.18,3.05,119821.0
2025-01-22,3.07,3.0,3.07,2.99,103116.0
2025-01-23,3.04,3.0,3.09,3.0,109316.0
2025-01-24,3.01,3.01,3.01,2.97,114345.4
2025-01-27,3.01,3.03,3.07,3.01,124359.0
2025-02-05,3.06,3.03,3.07,3.0,106180.23
2025-02-06,3.05,3.1,3.13,3.01,218713.88
2025-02-07,3.11,3.11,3.14,3.06,169565.1
2025-02-10,3.14,3.26,3.27,3.13,303299.39
2025-02-11,3.29,3.25,3.3,3.2,150865.07
2025-02-12,3.24,3.23,3.27,3.18,210642.7
2025-02-13,3.23,3.21,3.25,3.16,188446.3
2025-02-14,3.22,3.13,3.23,3.11,204670.91
2025-02-17,3.12,3.15,3.17,3.09,147599.9
2025-02-18,3.15,3.05,3.16,3.03,177299.01
2025-02-19,3.03,3.06,3.07,3.02,105347.0
2025-02-20,3.07,3.09,3.11,3.05,130501.0
2025-02-21,3.07,3.06,3.1,3.02,126486.85
2025-02-24,3.05,3.09,3.13,3.03,139632.95
2025-02-25,3.07,3.06,3.12,3.05,128740.29
2025-02-26,3.08,3.09,3.11,3.07,95747.0
2025-02-27,3.08,3.16,3.16,3.08,220184.91
2025-02-28,3.16,3.09,3.18,3.09,160445.82
2025-03-03,3.08,3.07,3.15,3.05,141765.7
2025-03-04,3.07,3.08,3.09,3.04,97730.75
2025-03-05,3.08,3.05,3.08,2.99,141912.59
2025-03-06,3.05,3.06,3.08,3.02,131009.24
2025-03-07,3.06,3.03,3.08,3.03,117533.9
2025-03-10,3.03,3.08,3.09,3.03,115793.01
2025-03-11,3.06,3.12,3.13,3.05,136200.67
2025-03-12,3.14,3.12,3.15,3.08,128414.6
2025-03-13,3.12,3.12,3.14,3.07,116760.75
2025-03-14,3.13,3.21,3.21,3.13,251220.9
2025-03-17,3.24,3.23,3.28,3.2,171480.19
2025-03-18,3.23,3.2,3.24,3.17,121167.53
2025-03-19,3.2,3.18,3.23,3.16,98693.0
2025-03-20,3.19,3.18,3.24,3.17,131415.0
2025-03-21,3.19,3.21,3.22,3.16,145364.79
2025-03-24,3.21,3.23,3.3,3.17,357606.0
2025-03-25,3.22,3.23,3.27,3.15,229780.0
2025-03-26,3.2,3.35,3.36,3.18,394402.01
2025-03-27,3.32,3.3,3.4,3.28,298829.2
2025-03-28,3.3,3.21,3.31,3.19,189890.0
2025-03-31,3.18,3.1,3.21,3.08,163128.0
2025-04-01,3.11,3.17,3.23,3.1,172571.1
2025-04-02,3.17,3.19,3.27,3.14,118947.54
2025-04-03,3.17,3.28,3.33,3.16,257031.1
2025-04-07,3.18,2.95,3.26,2.95,309966.0
2025-04-08,2.98,3.02,3.1,2.97,258580.91
2025-04-09,3.0,3.11,3.12,2.73,381651.42
2025-04-10,3.07,3.21,3.27,3.07,376754.35
2025-04-11,3.16,3.53,3.53,3.16,829449.53
2025-04-14,3.56,3.48,3.7,3.47,1362756.89
2025-04-15,3.5,3.42,3.53,3.36,691308.3
2025-04-16,3.41,3.56,3.66,3.33,1135202.81
2025-04-17,3.45,3.92,3.92,3.37,970383.69
2025-04-18,3.96,3.77,4.29,3.73,1806143.58
2025-04-21,3.64,3.69,3.88,3.51,1120186.16
2025-04-22,3.68,3.43,3.68,3.32,1183854.34
2025-04-23,3.38,3.47,3.66,3.34,906227.16
2025-04-24,3.39,3.36,3.47,3.26,755418.58
2025-04-25,3.33,3.34,3.43,3.3,517067.01
2025-04-28,3.36,3.24,3.49,3.2,474646.71
2025-04-29,3.16,3.16,3.26,3.12,340325.31
2025-04-30,3.21,3.13,3.22,3.13,274565.64
2025-05-06,3.19,3.15,3.19,3.07,433324.58
2025-05-07,3.18,3.22,3.34,3.17,507122.5
2025-05-08,3.18,3.23,3.25,3.14,329056.62
2025-05-09,3.28,3.21,3.4,3.2,400480.67
2025-05-12,3.22,3.17,3.22,3.15,295249.1
2025-05-13,3.19,3.19,3.21,3.16,247707.5
2025-05-14,3.19,3.18,3.2,3.15,216783.61
2025-05-15,3.18,3.19,3.24,3.18,257851.0
2025-05-16,3.18,3.15,3.19,3.14,174005.0
2025-05-19,3.15,3.24,3.27,3.14,431538.97
2025-05-20,3.28,3.28,3.31,3.24,372838.0
2025-05-21,3.29,3.25,3.29,3.23,236357.0
2025-05-22,3.25,3.17,3.25,3.16,206649.0
2025-05-23,3.16,3.11,3.19,3.11,204706.0
2025-05-26,3.11,3.16,3.16,3.11,128695.0
2025-05-27,3.17,3.17,3.19,3.14,134548.05
2025-05-28,3.18,3.17,3.19,3.15,99209.0
2025-05-29,3.16,3.2,3.2,3.14,157021.0
2025-05-30,3.2,3.18,3.21,3.16,129497.0
2025-06-03,3.18,3.24,3.24,3.16,193795.89
2025-06-04,3.24,3.29,3.29,3.21,240725.75
2025-06-05,3.28,3.28,3.34,3.26,320446.0
2025-06-06,3.28,3.26,3.29,3.23,206107.99
2025-06-09,3.3,3.32,3.35,3.25,272946.75
2025-06-10,3.31,3.32,3.35,3.26,302796.0
2025-06-11,3.32,3.35,3.36,3.31,246296.0
2025-06-12,3.34,3.29,3.35,3.28,230700.0
2025-06-13,3.29,3.19,3.29,3.19,280132.0
2025-06-16,3.19,3.24,3.24,3.18,181601.0
2025-06-17,3.23,3.34,3.44,3.23,471413.98
2025-06-18,3.33,3.3,3.35,3.25,282617.75
2025-06-19,3.29,3.25,3.37,3.24,295238.96
2025-06-20,3.23,3.21,3.28,3.21,175788.0
2025-06-23,3.2,3.25,3.26,3.16,156097.97
2025-06-24,3.28,3.3,3.3,3.25,189862.97
2025-06-25,3.33,3.31,3.33,3.26,201030.0
2025-06-26,3.3,3.37,3.39,3.28,425544.0
2025-06-27,3.35,3.33,3.38,3.32,281350.0
2025-06-30,3.33,3.32,3.34,3.3,179237.0
2025-07-01,3.31,3.31,3.33,3.28,179883.1
2025-07-02,3.31,3.37,3.4,3.3,339401.01
2025-07-03,3.37,3.36,3.4,3.35,198580.99
2025-07-04,3.35,3.34,3.38,3.33,182953.0
2025-07-07,3.34,3.38,3.46,3.33,313200.0
2025-07-08,3.39,3.38,3.39,3.34,249567.0
2025-07-09,3.39,3.39,3.42,3.37,224641.61
2025-07-10,3.41,3.43,3.45,3.39,199251.33
2025-07-11,3.43,3.44,3.45,3.39,180909.2
2025-07-14,3.44,3.41,3.47,3.4,167352.9
2025-07-15,3.38,3.3,3.38,3.25,290241.8
2025-07-16,3.3,3.33,3.35,3.3,183302.26
2025-07-17,3.32,3.32,3.38,3.3,171980.2
2025-07-18,3.33,3.34,3.35,3.3,132094.37
2025-07-21,3.33,3.39,3.4,3.33,227761.09
2025-07-22,3.4,3.4,3.41,3.34,180097.28
2025-07-23,3.4,3.36,3.43,3.35,174121.8
2025-07-24,3.36,3.45,3.46,3.35,300213.5
2025-07-25,3.48,3.4,3.55,3.38,243097.8
2025-07-28,3.42,3.4,3.42,3.38,163190.8
2025-07-29,3.4,3.38,3.42,3.32,163201.0
2025-07-30,3.38,3.44,3.45,3.36,260445.0
2025-07-31,3.44,3.36,3.44,3.34,199194.0
2025-08-01,3.36,3.38,3.38,3.32,175250.0
2025-08-04,3.36,3.37,3.38,3.34,109603.0
2025-08-05,3.37,3.38,3.4,3.36,122643.0
2025-08-06,3.38,3.36,3.38,3.33,135314.0
2025-08-07,3.36,3.35,3.38,3.33,129952.58
2025-08-08,3.35,3.36,3.37,3.33,119464.0
2025-08-11,3.35,3.39,3.4,3.34,136326.95
2025-08-12,3.39,3.39,3.41,3.36,119738.7
2025-08-13,3.44,3.41,3.47,3.37,225073.5
2025-08-14,3.4,3.36,3.46,3.36,264599.0
2025-08-15,3.35,3.41,3.43,3.34,240867.07
2025-08-18,3.42,3.41,3.45,3.39,258100.76
2025-08-19,3.43,3.46,3.47,3.41,236242.07
2025-08-20,3.48,3.56,3.61,3.44,482926.77
2025-08-21,3.55,3.61,3.63,3.51,387768.62
2025-08-22,3.63,3.69,3.89,3.63,623552.0
2025-08-25,3.7,3.71,3.78,3.63,480935.24
2025-08-26,3.67,3.7,3.73,3.66,354752.69
2025-08-27,3.68,3.61,3.72,3.6,329039.73
2025-08-28,3.61,3.65,3.7,3.51,314066.84
2025-08-29,3.65,3.66,3.73,3.64,251193.47
2025-09-01,3.67,3.73,3.75,3.61,295837.2
2025-09-02,3.73,3.79,3.84,3.68,428164.79
2025-09-03,3.89,3.78,3.94,3.72,492338.13
2025-09-04,3.78,3.84,4.05,3.72,817808.12
2025-09-05,3.85,3.88,3.89,3.68,727142.82
2025-09-08,3.83,3.82,3.93,3.78,503199.68
2025-09-09,3.82,3.78,3.83,3.73,347944.91
2025-09-10,3.77,3.87,3.89,3.74,404255.57
2025-09-11,3.85,3.81,3.87,3.7,409777.56
2025-09-12,3.78,3.79,3.84,3.76,267833.33
2025-09-15,3.77,3.85,3.86,3.73,324542.55
2025-09-16,3.91,4.02,4.18,3.88,812373.82
2025-09-17,4.07,3.88,4.13,3.87,624311.49
2025-09-18,3.89,4.12,4.27,3.85,1455402.59
2025-09-19,4.03,4.08,4.32,3.91,1353338.66
2025-09-22,4.05,3.86,4.08,3.82,824913.77
2025-09-23,3.88,3.47,3.89,3.47,997903.98
2025-09-24,3.46,3.39,3.47,3.34,643829.56
2025-09-25,3.36,3.33,3.37,3.28,484369.09
2025-09-26,3.31,3.31,3.35,3.27,313926.99
2025-09-29,3.29,3.3,3.33,3.23,270958.38
2025-09-30,3.3,3.26,3.32,3.26,267015.52
2025-10-09,3.23,3.17,3.24,3.15,318939.87
2025-10-10,3.16,3.18,3.21,3.16,255359.04
2025-10-13,3.11,3.17,3.17,3.08,218565.93
2025-10-14,3.18,3.18,3.21,3.17,237809.04
2025-10-15,3.18,3.21,3.24,3.17,205241.26
2025-10-16,3.2,3.17,3.23,3.15,202832.82
2025-10-17,3.17,3.14,3.19,3.14,207701.19
2025-10-20,3.15,3.2,3.2,3.15,172316.94
2025-10-21,3.19,3.26,3.26,3.18,232375.62
2025-10-22,3.25,3.29,3.31,3.25,211501.55
2025-10-23,3.29,3.33,3.35,3.26,231460.01
2025-10-24,3.32,3.26,3.35,3.26,206412.54
2025-10-27,3.27,3.26,3.28,3.23,178177.0
2025-10-28,3.26,3.25,3.27,3.23,151143.0
2025-10-29,3.24,3.23,3.25,3.19,177526.0
2025-10-30,3.24,3.19,3.24,3.18,166425.45
2025-10-31,3.2,3.26,3.27,3.19,234290.0
2025-11-03,3.33,3.31,3.35,3.27,205177.24
2025-11-04,3.29,3.32,3.33,3.28,190477.2
2025-11-05,3.32,3.38,3.4,3.3,241115.0
2025-11-06,3.36,3.37,3.4,3.3,245261.52
2025-11-07,3.37,3.36,3.41,3.34,183603.0
2025-11-10,3.37,3.48,3.5,3.32,301546.97
2025-11-11,3.47,3.5,3.51,3.44,190155.58
2025-11-12,3.51,3.45,3.54,3.44,188896.0
2025-11-13,3.44,3.55,3.55,3.42,262609.0
2025-11-14,3.51,3.51,3.63,3.5,233036.2
2025-11-17,3.51,3.55,3.57,3.48,217019.53
2025-11-18,3.53,3.53,3.59,3.48,191003.0
2025-11-19,3.51,3.48,3.55,3.44,178007.0
2025-11-20,3.48,3.44,3.5,3.39,160038.85
2025-11-21,3.39,3.33,3.46,3.33,182504.0
2025-11-24,3.35,3.44,3.46,3.35,205241.01
2025-11-25,3.45,3.43,3.46,3.42,164050.0
2025-11-26,3.42,3.39,3.49,3.38,180757.0
2025-11-27,3.4,3.44,3.48,3.35,231595.9
2025-11-28,3.44,3.5,3.5,3.4,201755.02
2025-12-01,3.5,3.5,3.54,3.47,192638.39
2025-12-02,3.5,3.53,3.56,3.45,220579.01
2025-12-03,3.54,3.51,3.54,3.48,241829.55
2025-12-04,3.48,3.38,3.5,3.37,235707.58
2025-12-05,3.39,3.4,3.41,3.34,148718.0
2025-12-08,3.41,3.39,3.43,3.35,199526.76
2025-12-09,3.37,3.37,3.4,3.32,180454.82
2025-12-10,3.36,3.37,3.45,3.34,184536.71
2025-12-11,3.38,3.24,3.38,3.23,226092.0
2025-12-12,3.25,3.21,3.27,3.2,144824.49
2025-12-15,3.21,3.26,3.3,3.2,144635.75
2025-12-16,3.27,3.28,3.37,3.25,208604.98
2025-12-17,3.33,3.43,3.59,3.29,748205.43
2025-12-18,3.35,3.45,3.5,3.35,594916.47
2025-12-19,3.55,3.64,3.67,3.52,748244.45
2025-12-22,3.62,3.56,3.64,3.53,442345.0
2025-12-23,3.56,3.37,3.57,3.36,459054.73
2025-12-24,3.38,3.42,3.43,3.31,322523.31
2025-12-25,3.44,3.38,3.5,3.36,245700.4
2025-12-26,3.39,3.38,3.43,3.35,233916.01
2025-12-29,3.37,3.33,3.38,3.31,197788.0
2025-12-30,3.32,3.27,3.33,3.25,216727.0
2025-12-31,3.29,3.3,3.31,3.24,173416.09
2026-01-05,3.3,3.27,3.3,3.25,236653.94
2026-01-06,3.27,3.31,3.32,3.25,229281.45
2026-01-07,3.32,3.37,3.4,3.31,270758.61
2026-01-08,3.35,3.36,3.36,3.3,183027.43
2026-01-09,3.36,3.37,3.38,3.34,194792.6
2026-01-12,3.37,3.42,3.44,3.37,238295.77
2026-01-13,3.42,3.36,3.43,3.35,214543.11
2026-01-14,3.37,3.45,3.45,3.35,293257.7
2026-01-15,3.54,3.45,3.57,3.41,374604.16
2026-01-16,3.43,3.48,3.48,3.37,334203.1
2026-01-19,3.72,3.6,3.75,3.57,875280.3
2026-01-20,3.56,3.62,3.66,3.48,511230.9
2026-01-21,3.58,3.53,3.6,3.52,260611.09
2026-01-22,3.52,3.6,3.62,3.49,290264.04
2026-01-23,3.59,3.57,3.62,3.56,234727.49
2026-01-26,3.55,3.54,3.57,3.49,217353.14
2026-01-27,3.52,3.49,3.54,3.43,175358.2
2026-01-28,3.46,3.48,3.52,3.46,145380.14
2026-01-29,3.47,3.55,3.56,3.43,232249.97
2026-01-30,3.56,3.59,3.62,3.55,282948.04
2026-02-02,3.66,3.68,3.81,3.62,640145.22
2026-02-03,3.68,3.81,3.95,3.68,603924.27
2026-02-04,3.81,3.85,3.9,3.76,374156.88
2026-02-05,3.84,3.95,4.0,3.8,443149.25
2026-02-06,3.92,3.98,4.0,3.88,353567.0
2026-02-09,3.96,3.95,4.02,3.9,317172.01
2026-02-10,3.98,3.96,3.98,3.87,251294.27
2026-02-11,3.96,3.96,3.99,3.87,220312.34
2026-02-12,3.96,3.88,4.0,3.87,228554.43
2026-02-13,3.91,3.89,3.95,3.86,157718.43
2026-02-24,3.93,3.81,3.95,3.77,216850.15
2026-02-25,3.82,3.86,3.87,3.8,187594.07
2026-02-26,3.86,3.82,3.88,3.81,119689.0
2026-02-27,3.85,3.88,3.9,3.83,130851.5
2026-03-02,3.83,3.73,3.85,3.71,211613.03
2026-03-03,3.8,3.71,3.82,3.69,228186.17
2026-03-04,3.69,3.71,3.8,3.66,165461.44
2026-03-05,3.75,3.79,3.86,3.75,177132.65
2026-03-06,3.79,3.89,3.93,3.79,191129.1
2026-03-09,3.86,3.81,3.89,3.78,156315.0
2026-03-10,3.85,3.89,3.95,3.81,164101.87
2026-03-11,3.91,3.84,3.92,3.83,125458.0
2026-03-12,3.84,3.88,3.91,3.83,127288.0
2026-03-13,3.89,3.87,3.93,3.85,115833.0
2026-03-16,3.85,3.85,3.92,3.83,131631.76
2026-03-17,3.85,3.86,3.95,3.84,142639.51
2026-03-18,3.9,3.88,3.9,3.82,107988.93
2026-03-19,3.85,3.82,3.9,3.8,123335.0
2026-03-20,3.85,3.78,3.89,3.74,183778.82
2026-03-23,3.71,3.52,3.8,3.48,299839.2
2026-03-24,3.6,3.68,3.68,3.53,174137.7
2026-03-25,3.7,3.9,3.9,3.68,180182.76
2026-03-26,3.89,3.94,3.99,3.87,203848.47
2026-03-27,3.88,3.97,3.98,3.87,148394.0
2026-03-30,3.93,4.0,4.07,3.93,176875.99
2026-03-31,4.0,4.02,4.23,3.99,268368.42
2026-04-01,4.07,4.04,4.1,3.95,215294.01
2026-04-02,4.02,4.02,4.1,4.0,221712.85
2026-04-03,4.04,3.87,4.05,3.86,211427.43
2026-04-07,3.86,3.89,3.93,3.79,187015.03
2026-04-08,3.93,4.1,4.14,3.93,260804.73
2026-04-09,4.08,4.02,4.15,4.02,185107.49
2026-04-10,4.07,3.99,4.11,3.98,160648.5
2026-04-13,3.97,3.97,4.0,3.9,147014.69
2026-04-14,3.99,3.88,4.0,3.81,224043.0
2026-04-15,3.87,3.89,3.94,3.83,152422.63
2026-04-16,3.9,3.97,3.99,3.89,192815.8
2026-04-17,3.94,3.82,3.97,3.75,295715.0
2026-04-20,3.77,3.83,3.84,3.68,182865.69
2026-04-21,3.81,3.83,3.85,3.77,133584.0
2026-04-22,3.82,3.81,3.86,3.76,138466.0
2026-04-23,3.8,3.77,3.82,3.73,153777.0
2026-04-24,3.75,3.8,3.8,3.71,139855.01
2026-04-27,3.8,3.83,3.84,3.74,147345.31
2026-04-28,3.85,3.83,3.86,3.73,174928.01
2026-04-29,3.81,3.89,3.95,3.78,169333.84
2026-04-30,3.89,3.86,3.93,3.85,115964.23
2026-05-06,3.88,3.79,3.88,3.77,144438.0
2026-05-07,3.79,3.74,3.83,3.73,124179.0
2026-05-08,3.74,3.8,3.81,3.74,88957.0
2026-05-11,3.8,3.87,3.9,3.74,200168.79
2026-05-12,3.88,3.76,3.88,3.74,173347.0
2026-05-13,3.76,3.81,3.87,3.74,161679.67
2026-05-14,3.83,3.77,3.85,3.76,132443.22
2026-05-15,3.79,3.7,3.79,3.68,170384.42
2026-05-18,3.73,3.69,3.74,3.61,160124.51
2026-05-19,3.69,3.72,3.74,3.64,111177.57
2026-05-20,3.7,3.73,3.75,3.66,85320.0
2026-05-21,3.74,3.76,3.95,3.71,223491.74
2026-05-22,3.8,3.7,3.81,3.61,177921.39
2026-05-25,3.68,3.68,3.77,3.65,147427.0
2026-05-26,3.7,3.66,3.75,3.61,143060.0
2026-05-27,3.66,3.61,3.67,3.57,120338.92
2026-05-28,3.61,3.62,3.66,3.52,114624.87
2026-05-29,3.61,3.59,3.74,3.58,163654.72
2026-06-01,3.59,3.74,3.75,3.55,144233.9
2026-06-02,3.72,3.63,3.73,3.59,141204.0
2026-06-03,3.64,3.55,3.64,3.5,136678.83
2026-06-04,3.54,3.51,3.59,3.47,117669.55
2026-06-05,3.5,3.55,3.59,3.49,130295.58
2026-06-08,3.48,3.44,3.59,3.39,136827.76
2026-06-09,3.46,3.39,3.48,3.35,160583.0
2026-06-10,3.37,3.38,3.41,3.35,104939.0
2026-06-11,3.36,3.28,3.39,3.23,125562.48
2026-06-12,3.32,3.34,3.37,3.29,101955.34
2026-06-15,3.36,3.34,3.45,3.29,126394.81
2026-06-16,3.34,3.26,3.34,3.25,109203.75
2026-06-17,3.26,3.17,3.27,3.15,125569.24
2026-06-18,3.15,3.22,3.27,3.14,112528.0
2026-06-22,3.24,3.24,3.25,3.09,144632.89
2026-06-23,3.23,3.36,3.43,3.19,179542.69
2026-06-24,3.38,3.23,3.38,3.18,138469.75
2026-06-25,3.23,3.17,3.24,3.16,92186.0
2026-06-26,3.17,3.11,3.2,3.1,94541.8
2026-06-29,3.11,3.1,3.15,2.98,144620.16
2026-06-30,3.11,3.04,3.15,3.01,113044.12
2026-07-01,3.07,3.13,3.19,3.04,129515.15
2026-07-02,3.14,3.1,3.2,3.08,107723.0
2026-07-03,3.1,3.11,3.17,3.07,80173.0
2026-07-06,3.12,3.12,3.16,3.07,104048.0
2026-07-07,3.1,3.06,3.11,3.03,85687.75
2026-07-08,3.09,3.1,3.13,3.02,100235.75
2026-07-09,3.07,3.04,3.11,3.01,122540.95
2026-07-10,3.04,3.11,3.15,2.99,135725.95
2026-07-13,3.13,3.03,3.13,3.0,134463.28
2026-07-14,3.03,3.08,3.1,2.99,100852.0
2026-07-15,3.07,3.13,3.17,3.05,109822.31
2026-07-16,3.14,3.2,3.22,3.09,127706.0
2026-07-17,3.19,3.1,3.26,3.08,108392.0
2026-07-20,3.11,3.09,3.18,3.06,115667.47
2026-07-21,3.09,3.03,3.1,3.0,165745.0
2026-07-22,3.03,3.02,3.04,2.99,107030.31
2026-07-23,3.02,3.1,3.12,3.0,112128.54
2026-07-24,3.07,3.04,3.11,3.02,79889.57
2026-07-27,3.25,3.34,3.34,3.16,357080.95
2026-07-28,3.42,3.67,3.67,3.42,315287.42
2026-07-29,4.04,4.04,4.04,3.82,435942.21
2026-07-30,4.44,3.83,4.44,3.66,1086561.62
2026-07-31,3.78,4.21,4.21,3.78,1197068.99
2026-08-03,4.05,3.99,4.08,3.79,1321099.98
2026-08-04,3.91,4.0,4.13,3.86,1062604.22
2026-08-05,4.01,4.1,4.2,3.99,882751.94
2026-08-06,4.09,3.96,4.11,3.94,614243.35
2026-08-07,4.0,3.93,4.06,3.73,579996.91
2026-08-10,3.89,4.32,4.32,3.84,528152.92
2026-08-11,4.21,4.31,4.4,4.1,849706.21
2026-08-12,4.27,4.48,4.65,4.21,993470.15
2026-08-13,4.35,4.58,4.75,4.32,904220.56
2026-08-14,4.59,4.25,4.67,4.23,683954.51
2026-08-17,4.23,4.27,4.29,4.15,445535.56
2026-08-18,4.31,4.28,4.39,4.21,418832.87
2026-08-19,4.19,3.94,4.3,3.93,358676.35
2026-08-20,3.99,4.03,4.07,3.88,357370.08
2026-08-21,4.07,3.98,4.08,3.92,233960.0
2026-08-24,3.99,3.93,4.01,3.89,222401.07
2026-08-25,4.01,4.32,4.32,4.0,181287.51
2026-08-26,4.5,4.75,4.75,4.24,463595.29
2026-08-27,4.66,4.61,4.66,4.41,945484.19
2026-08-28,4.59,4.55,4.61,4.43,652403.85
2026-08-31,4.6,4.49,4.64,4.36,637291.41
2026-09-01,4.57,4.59,4.93,4.48,1001763.53
2026-09-02,4.58,4.44,4.6,4.38,686881.4
2026-09-03,4.49,4.26,4.63,4.24,640850.25
2026-09-04,4.26,4.69,4.69,4.15,621025.36
2026-09-07,4.83,5.16,5.16,4.6,1033667.94
2026-09-08,5.01,5.3,5.47,5.01,1740971.99
2026-09-09,5.09,5.14,5.29,4.9,1125367.52
2026-09-10,5.25,5.16,5.36,4.91,1169815.32
2026-09-11,5.0,4.64,5.15,4.64,911214.71
2026-09-14,4.61,4.58,4.96,4.52,856238.02
2026-09-15,4.5,4.12,4.58,4.12,906142.99
2026-09-16,4.16,4.06,4.21,3.94,731754.79
2026-09-17,4.16,4.03,4.19,3.96,513785.57
2026-09-18,4.0,4.15,4.39,3.95,744577.61
