date,open,close,high,low,volume
2013-01-04,1.74,1.73,1.75,1.72,21942.28
2013-01-07,1.73,1.73,1.75,1.72,16380.77
2013-01-08,1.73,1.75,1.75,1.73,16598.04
2013-01-09,1.73,1.75,1.78,1.73,30924.26
2013-01-10,1.75,1.74,1.77,1.73,10511.16
2013-01-11,1.74,1.73,1.77,1.72,21371.29
2013-01-14,1.72,1.76,1.76,1.72,21761.05
2013-01-15,1.76,1.76,1.77,1.75,21917.98
2013-01-16,1.76,1.74,1.76,1.74,17356.0
2013-01-17,1.75,1.74,1.76,1.73,28224.61
2013-01-18,1.74,1.75,1.76,1.73,18463.93
2013-01-21,1.75,1.76,1.78,1.75,26292.01
2013-01-22,1.77,1.77,1.79,1.75,27351.23
2013-01-23,1.77,1.78,1.81,1.76,29634.26
2013-01-24,1.78,1.77,1.79,1.76,24092.9
2013-01-25,1.76,1.76,1.77,1.75,15341.22
2013-01-28,1.76,1.77,1.78,1.76,15871.13
2013-01-29,1.78,1.79,1.8,1.77,21186.77
2013-01-30,1.8,1.86,1.89,1.78,71656.41
2013-01-31,1.84,1.84,1.86,1.81,45336.84
2013-02-01,1.82,1.84,1.86,1.82,16443.46
2013-02-04,1.84,1.84,1.87,1.82,29650.39
2013-02-05,1.84,1.84,1.85,1.83,14590.2
2013-02-06,1.84,1.84,1.87,1.84,13188.03
2013-02-07,1.84,1.84,1.84,1.83,11786.46
2013-02-08,1.85,1.86,1.87,1.84,9328.36
2013-02-18,1.86,1.83,1.87,1.82,16644.91
2013-02-19,1.82,1.79,1.84,1.77,17608.45
2013-02-20,1.78,1.81,1.82,1.78,13488.71
2013-02-21,1.81,1.79,1.81,1.78,24320.13
2013-02-22,1.78,1.78,1.8,1.78,8529.54
2013-02-25,1.79,1.79,1.81,1.78,10512.74
2013-02-26,1.79,1.78,1.79,1.78,8187.36
2013-02-27,1.78,1.78,1.79,1.78,7418.62
2013-02-28,1.78,1.8,1.81,1.78,11333.11
2013-03-01,1.8,1.79,1.81,1.78,15339.12
2013-03-04,1.79,1.75,1.79,1.73,12809.0
2013-03-05,1.74,1.76,1.76,1.73,9634.15
2013-03-06,1.76,1.77,1.78,1.75,14595.0
2013-03-07,1.81,1.81,1.86,1.8,52533.12
2013-03-08,1.81,1.78,1.81,1.78,13947.13
2013-03-11,1.78,1.77,1.79,1.77,8432.52
2013-03-12,1.77,1.72,1.78,1.69,17227.01
2013-03-13,1.72,1.71,1.72,1.7,7544.85
2013-03-14,1.71,1.71,1.72,1.69,6996.39
2013-03-15,1.72,1.71,1.73,1.7,10051.76
2013-03-18,1.72,1.7,1.72,1.68,9450.14
2013-03-19,1.68,1.69,1.7,1.68,5378.94
2013-03-20,1.7,1.77,1.8,1.69,25075.25
2013-03-25,1.71,1.73,1.75,1.66,20832.35
2013-03-26,1.72,1.71,1.72,1.7,8786.77
2013-03-27,1.71,1.72,1.73,1.7,8307.87
2013-03-28,1.72,1.68,1.72,1.68,9815.12
2013-03-29,1.68,1.7,1.7,1.68,4649.93
2013-04-01,1.68,1.7,1.72,1.68,8014.0
2013-04-02,1.72,1.7,1.72,1.69,5587.11
2013-04-03,1.7,1.71,1.72,1.69,8683.38
2013-04-08,1.71,1.71,1.71,1.68,6331.9
2013-04-09,1.71,1.72,1.72,1.71,8667.91
2013-04-10,1.72,1.71,1.73,1.71,5575.0
2013-04-11,1.72,1.7,1.73,1.7,6167.84
2013-04-12,1.71,1.68,1.71,1.68,4669.44
2013-04-15,1.67,1.67,1.7,1.66,5968.14
2013-04-16,1.66,1.67,1.67,1.65,6244.8
2013-04-17,1.67,1.66,1.67,1.66,3736.72
2013-04-18,1.67,1.67,1.67,1.66,4722.0
2013-04-19,1.68,1.69,1.7,1.66,13058.12
2013-04-22,1.68,1.68,1.68,1.67,6980.2
2013-04-23,1.68,1.66,1.68,1.65,7415.83
2013-04-24,1.66,1.67,1.68,1.65,9106.54
2013-04-25,1.67,1.66,1.67,1.64,10217.77
2013-04-26,1.66,1.65,1.66,1.64,6922.32
2013-05-02,1.65,1.65,1.65,1.64,4569.81
2013-05-03,1.65,1.66,1.67,1.65,8002.61
2013-05-06,1.66,1.67,1.67,1.65,8903.14
2013-05-07,1.67,1.67,1.67,1.66,5575.07
2013-05-08,1.67,1.66,1.67,1.66,9526.83
2013-05-09,1.67,1.66,1.67,1.64,7144.82
2013-05-10,1.66,1.67,1.68,1.64,10661.35
2013-05-13,1.67,1.68,1.68,1.66,6494.92
2013-05-14,1.68,1.66,1.68,1.66,4975.92
2013-05-15,1.67,1.68,1.68,1.66,8960.83
2013-05-16,1.66,1.69,1.69,1.66,12989.79
2013-05-17,1.68,1.71,1.71,1.67,16140.27
2013-05-20,1.71,1.74,1.74,1.68,47533.86
2013-05-21,1.74,1.87,1.92,1.74,252726.25
2013-05-22,1.84,1.85,1.88,1.81,76070.06
2013-05-23,1.84,1.84,1.87,1.79,107139.76
2013-05-24,1.84,1.85,1.87,1.83,79640.92
2013-05-27,1.84,1.83,1.88,1.83,78309.15
2013-05-28,1.84,1.81,1.85,1.79,42183.49
2013-05-29,1.81,1.78,1.81,1.78,54774.06
2013-05-30,1.78,1.78,1.79,1.77,35388.77
2013-05-31,1.78,1.78,1.79,1.77,28041.88
2013-06-03,1.78,1.75,1.78,1.74,43124.02
2013-06-04,1.75,1.73,1.75,1.73,25705.34
2013-06-05,1.73,1.74,1.74,1.72,14259.51
2013-06-06,1.74,1.72,1.74,1.72,11595.83
2013-06-07,1.71,1.72,1.73,1.7,20651.0
2013-06-13,1.72,1.66,1.72,1.64,17462.2
2013-06-14,1.67,1.68,1.68,1.66,9971.39
2013-06-17,1.68,1.65,1.68,1.64,12130.48
2013-06-18,1.65,1.66,1.67,1.64,9711.7
2013-06-19,1.66,1.63,1.66,1.62,14633.4
2013-06-20,1.63,1.62,1.63,1.61,11222.27
2013-06-21,1.61,1.61,1.62,1.59,10862.43
2013-06-24,1.61,1.5,1.62,1.47,18951.49
2013-06-25,1.51,1.47,1.53,1.37,21852.38
2013-06-26,1.49,1.46,1.49,1.44,12043.29
2013-06-27,1.46,1.45,1.49,1.45,12770.75
2013-06-28,1.45,1.46,1.47,1.43,9564.65
2013-07-01,1.48,1.48,1.49,1.46,9312.95
2013-07-02,1.5,1.48,1.5,1.47,9727.27
2013-07-03,1.48,1.45,1.48,1.45,8624.86
2013-07-04,1.45,1.46,1.48,1.42,11921.29
2013-07-05,1.47,1.46,1.48,1.46,9056.35
2013-07-08,1.46,1.43,1.46,1.41,11566.65
2013-07-09,1.43,1.43,1.44,1.41,4069.53
2013-07-10,1.43,1.46,1.46,1.43,9182.82
2013-07-11,1.46,1.5,1.51,1.45,19331.82
2013-07-12,1.51,1.48,1.51,1.48,11154.4
2013-07-15,1.49,1.49,1.5,1.48,6892.77
2013-07-16,1.49,1.5,1.5,1.47,14991.34
2013-07-17,1.5,1.5,1.51,1.48,11136.0
2013-07-18,1.49,1.47,1.49,1.46,12128.99
2013-07-19,1.47,1.43,1.48,1.43,8907.1
2013-07-22,1.44,1.43,1.44,1.41,12460.56
2013-07-23,1.43,1.48,1.5,1.43,19831.65
2013-07-24,1.48,1.47,1.48,1.44,17137.91
2013-07-25,1.46,1.48,1.48,1.45,19001.66
2013-07-26,1.47,1.46,1.47,1.45,7041.02
2013-07-29,1.45,1.43,1.45,1.42,10209.99
2013-07-30,1.43,1.44,1.45,1.43,5877.79
2013-07-31,1.44,1.44,1.46,1.44,7667.41
2013-08-01,1.45,1.46,1.46,1.43,12568.73
2013-08-02,1.47,1.45,1.47,1.45,11488.99
2013-08-05,1.45,1.47,1.47,1.44,12005.49
2013-08-06,1.47,1.5,1.5,1.46,17471.39
2013-08-07,1.49,1.48,1.49,1.47,16622.0
2013-08-08,1.48,1.47,1.49,1.46,8677.0
2013-08-09,1.48,1.48,1.49,1.47,10982.17
2013-08-12,1.48,1.51,1.51,1.47,31027.46
2013-08-13,1.51,1.51,1.52,1.5,19912.72
2013-08-14,1.52,1.51,1.53,1.5,18274.01
2013-08-15,1.51,1.49,1.51,1.49,23591.56
2013-08-16,1.48,1.48,1.53,1.47,43375.62
2013-08-19,1.48,1.5,1.5,1.47,49287.95
2013-08-20,1.5,1.49,1.5,1.48,29782.65
2013-08-21,1.49,1.49,1.5,1.48,8545.05
2013-08-22,1.49,1.48,1.5,1.48,13703.2
2013-08-23,1.49,1.46,1.5,1.46,19545.89
2013-08-26,1.48,1.5,1.5,1.48,22805.82
2013-08-27,1.5,1.54,1.54,1.49,53906.31
2013-08-28,1.53,1.54,1.55,1.52,43601.69
2013-08-29,1.54,1.6,1.66,1.53,113447.89
2013-08-30,1.62,1.67,1.7,1.59,145914.56
2013-09-02,1.68,1.6,1.69,1.57,70644.5
2013-09-03,1.59,1.6,1.62,1.58,56384.72
2013-09-04,1.59,1.58,1.62,1.57,45285.67
2013-09-05,1.58,1.57,1.59,1.55,21480.0
2013-09-06,1.56,1.57,1.58,1.54,23288.9
2013-09-09,1.57,1.63,1.65,1.57,69916.17
2013-09-10,1.63,1.71,1.73,1.6,141041.22
2013-09-11,1.71,1.67,1.72,1.67,66707.79
2013-09-12,1.67,1.73,1.78,1.65,93659.42
2013-09-13,1.71,1.7,1.73,1.68,55967.33
2013-09-16,1.7,1.68,1.72,1.67,29166.7
2013-09-17,1.69,1.64,1.7,1.63,31259.89
2013-09-18,1.63,1.63,1.65,1.59,37546.69
2013-09-23,1.64,1.67,1.67,1.63,27785.54
2013-09-24,1.66,1.65,1.67,1.63,22722.46
2013-09-25,1.65,1.62,1.65,1.62,16939.4
2013-09-26,1.62,1.59,1.64,1.59,17716.73
2013-09-27,1.58,1.59,1.62,1.58,15972.51
2013-09-30,1.59,1.59,1.61,1.59,11634.72
2013-10-08,1.59,1.64,1.64,1.59,17607.82
2013-10-09,1.64,1.68,1.69,1.62,28219.36
2013-10-10,1.67,1.65,1.68,1.64,25196.15
2013-10-11,1.65,1.67,1.68,1.65,18918.81
2013-10-14,1.68,1.67,1.69,1.65,25056.51
2013-10-15,1.67,1.66,1.68,1.64,28880.98
2013-10-16,1.66,1.63,1.66,1.63,22055.11
2013-10-17,1.64,1.64,1.65,1.62,13322.47
2013-10-18,1.64,1.63,1.64,1.62,11582.04
2013-10-21,1.63,1.65,1.65,1.62,14316.44
2013-10-22,1.65,1.64,1.65,1.63,12527.87
2013-10-23,1.65,1.63,1.65,1.62,17854.74
2013-10-24,1.62,1.6,1.63,1.6,10460.8
2013-10-25,1.61,1.58,1.61,1.58,10962.0
2013-10-28,1.59,1.59,1.6,1.58,7787.01
2013-10-29,1.58,1.54,1.6,1.52,21379.09
2013-10-30,1.54,1.57,1.58,1.53,7803.51
2013-10-31,1.6,1.63,1.68,1.59,35147.39
2013-11-01,1.61,1.63,1.64,1.58,14760.49
2013-11-04,1.62,1.7,1.74,1.6,65053.17
2013-11-05,1.67,1.67,1.69,1.62,54526.97
2013-11-06,1.65,1.63,1.67,1.63,26229.77
2013-11-07,1.63,1.63,1.64,1.62,11501.0
2013-11-08,1.62,1.59,1.63,1.59,12812.5
2013-11-11,1.6,1.58,1.6,1.57,8583.41
2013-11-12,1.58,1.59,1.59,1.58,9426.03
2013-11-13,1.59,1.59,1.59,1.58,8888.72
2013-11-14,1.58,1.6,1.61,1.57,11471.87
2013-11-15,1.6,1.65,1.67,1.59,32997.3
2013-11-18,1.66,1.67,1.7,1.64,51602.12
2013-11-19,1.67,1.68,1.73,1.67,55779.07
2013-11-20,1.68,1.68,1.7,1.65,36990.8
2013-11-21,1.69,1.68,1.72,1.67,29780.29
2013-11-22,1.68,1.67,1.69,1.66,27685.68
2013-11-25,1.67,1.67,1.7,1.67,29145.56
2013-11-26,1.69,1.68,1.71,1.67,48160.16
2013-11-27,1.68,1.72,1.79,1.67,92740.1
2013-11-28,1.72,1.7,1.73,1.69,44515.97
2013-11-29,1.72,1.72,1.76,1.69,55223.12
2013-12-02,1.69,1.68,1.73,1.67,53796.92
2013-12-03,1.68,1.69,1.69,1.67,25008.82
2013-12-04,1.68,1.73,1.77,1.68,95396.45
2013-12-05,1.73,1.76,1.77,1.72,52902.24
2013-12-06,1.76,1.74,1.77,1.73,23236.58
2013-12-09,1.73,1.73,1.75,1.73,15231.96
2013-12-10,1.73,1.73,1.74,1.72,15112.5
2013-12-11,1.73,1.7,1.74,1.7,17740.0
2013-12-12,1.7,1.71,1.72,1.7,14218.09
2013-12-13,1.7,1.7,1.72,1.7,13733.05
2013-12-16,1.7,1.72,1.76,1.7,39322.19
2013-12-17,1.7,1.73,1.75,1.7,30135.11
2013-12-18,1.73,1.65,1.73,1.64,51743.86
2013-12-19,1.67,1.67,1.68,1.61,25182.35
2013-12-20,1.65,1.66,1.69,1.6,47893.01
2013-12-23,1.65,1.66,1.69,1.62,42668.18
2013-12-24,1.67,1.67,1.7,1.65,28924.97
2013-12-25,1.68,1.68,1.68,1.65,18428.37
2013-12-26,1.69,1.65,1.69,1.64,25109.37
2013-12-27,1.65,1.65,1.68,1.62,48171.57
2013-12-30,1.64,1.63,1.64,1.63,19500.76
2013-12-31,1.63,1.63,1.64,1.62,25355.62
2014-01-02,1.63,1.62,1.63,1.62,15621.84
2014-01-03,1.62,1.62,1.63,1.61,21022.34
2014-01-06,1.62,1.6,1.63,1.58,24597.44
2014-01-07,1.59,1.58,1.6,1.58,11898.0
2014-01-08,1.59,1.59,1.6,1.58,13601.57
2014-01-09,1.59,1.58,1.6,1.57,15927.98
2014-01-10,1.58,1.51,1.58,1.51,26770.01
2014-01-13,1.5,1.5,1.53,1.49,13766.12
2014-01-14,1.5,1.53,1.53,1.49,10619.62
2014-01-15,1.53,1.53,1.54,1.51,12946.63
2014-01-16,1.54,1.54,1.56,1.52,10073.93
2014-01-17,1.54,1.51,1.54,1.48,21294.9
2014-01-20,1.5,1.49,1.51,1.48,12138.0
2014-01-21,1.49,1.5,1.5,1.49,10844.97
2014-01-22,1.5,1.54,1.55,1.5,17759.21
2014-01-23,1.54,1.55,1.56,1.54,16307.71
2014-01-24,1.54,1.59,1.59,1.54,16583.74
2014-01-27,1.58,1.56,1.58,1.55,12669.12
2014-01-28,1.55,1.54,1.57,1.53,12871.84
2014-01-29,1.54,1.62,1.64,1.54,36304.86
2014-01-30,1.62,1.61,1.64,1.58,56022.28
2014-02-07,1.6,1.65,1.72,1.59,55624.48
2014-02-10,1.65,1.66,1.68,1.63,40255.7
2014-02-11,1.66,1.64,1.68,1.63,55997.51
2014-02-12,1.64,1.63,1.65,1.62,25960.42
2014-02-13,1.63,1.63,1.64,1.62,13047.77
2014-02-14,1.63,1.65,1.65,1.62,20675.25
2014-02-17,1.64,1.66,1.67,1.64,30625.42
2014-02-18,1.66,1.64,1.66,1.64,14406.33
2014-02-19,1.65,1.65,1.66,1.63,17907.2
2014-02-20,1.65,1.69,1.7,1.65,88072.5
2014-02-21,1.72,1.69,1.73,1.66,103203.73
2014-02-24,1.69,1.69,1.76,1.66,127511.36
2014-02-25,1.68,1.65,1.74,1.61,86122.35
2014-02-26,1.65,1.63,1.65,1.59,29935.08
2014-02-27,1.63,1.63,1.69,1.62,50032.65
2014-02-28,1.62,1.64,1.66,1.6,36143.66
2014-03-03,1.63,1.68,1.68,1.63,71743.02
2014-03-04,1.67,1.67,1.67,1.64,24976.69
2014-03-05,1.65,1.67,1.71,1.65,45521.97
2014-03-06,1.66,1.67,1.69,1.65,32291.97
2014-03-07,1.67,1.64,1.68,1.63,52191.2
2014-03-10,1.63,1.57,1.63,1.56,40231.14
2014-03-11,1.57,1.58,1.58,1.55,15390.42
2014-03-12,1.57,1.58,1.58,1.55,17243.38
2014-03-13,1.57,1.58,1.61,1.57,18552.1
2014-03-14,1.58,1.59,1.62,1.58,31650.55
2014-03-17,1.57,1.58,1.6,1.57,34619.11
2014-03-18,1.58,1.58,1.6,1.58,19459.28
2014-03-19,1.58,1.59,1.6,1.57,17426.7
2014-03-20,1.59,1.57,1.6,1.57,20926.7
2014-03-21,1.57,1.6,1.6,1.57,29473.3
2014-03-24,1.6,1.62,1.63,1.59,40156.66
2014-03-25,1.62,1.63,1.63,1.62,24080.09
2014-03-26,1.63,1.63,1.64,1.62,21832.99
2014-03-27,1.62,1.6,1.63,1.6,21638.67
2014-03-28,1.6,1.65,1.67,1.6,81221.45
2014-03-31,1.64,1.62,1.66,1.61,42955.16
2014-04-01,1.62,1.63,1.63,1.61,19871.15
2014-04-02,1.63,1.63,1.64,1.62,27185.72
2014-04-03,1.63,1.62,1.64,1.6,20999.09
2014-04-04,1.62,1.63,1.63,1.61,17657.95
2014-04-08,1.62,1.64,1.64,1.62,24281.1
2014-04-09,1.64,1.64,1.64,1.63,19437.49
2014-04-10,1.64,1.65,1.65,1.63,31843.28
2014-04-11,1.64,1.68,1.7,1.64,93881.48
2014-04-14,1.68,1.69,1.7,1.65,37661.37
2014-04-15,1.7,1.68,1.73,1.67,61760.89
2014-04-16,1.67,1.67,1.68,1.65,18970.14
2014-04-17,1.67,1.67,1.68,1.67,18774.59
2014-04-18,1.67,1.67,1.67,1.65,14894.75
2014-04-21,1.65,1.63,1.67,1.63,39984.62
2014-04-22,1.63,1.63,1.64,1.61,28980.99
2014-04-23,1.63,1.62,1.63,1.6,21707.41
2014-04-24,1.61,1.61,1.62,1.6,16759.22
2014-04-25,1.61,1.62,1.64,1.6,27883.14
2014-04-28,1.6,1.58,1.62,1.57,23200.36
2014-04-29,1.58,1.59,1.6,1.57,23080.29
2014-04-30,1.59,1.59,1.62,1.58,20940.2
2014-05-05,1.6,1.63,1.63,1.58,20622.49
2014-05-06,1.62,1.64,1.64,1.61,33540.9
2014-05-07,1.63,1.63,1.65,1.62,21193.0
2014-05-08,1.63,1.64,1.65,1.61,17325.23
2014-05-09,1.63,1.66,1.67,1.63,36465.53
2014-05-12,1.67,1.68,1.68,1.65,41381.35
2014-05-13,1.68,1.67,1.68,1.67,27866.09
2014-05-14,1.67,1.67,1.68,1.66,18688.85
2014-05-15,1.66,1.63,1.66,1.63,17438.0
2014-05-16,1.62,1.67,1.67,1.62,20661.51
2014-05-19,1.67,1.67,1.68,1.65,25898.98
2014-05-20,1.67,1.65,1.68,1.64,19032.53
2014-05-21,1.65,1.69,1.69,1.63,34172.0
2014-05-22,1.69,1.67,1.69,1.65,20324.15
2014-05-23,1.65,1.67,1.68,1.65,11272.16
2014-05-26,1.67,1.67,1.68,1.65,22532.44
2014-05-27,1.68,1.67,1.69,1.67,17388.93
2014-05-28,1.67,1.67,1.68,1.65,18203.83
2014-05-29,1.67,1.69,1.7,1.67,39292.02
2014-05-30,1.69,1.66,1.69,1.64,30603.78
2014-06-03,1.65,1.67,1.67,1.65,20725.72
2014-06-04,1.66,1.64,1.66,1.63,15496.6
2014-06-05,1.64,1.65,1.65,1.63,11241.83
2014-06-06,1.64,1.65,1.65,1.64,11778.14
2014-06-09,1.65,1.64,1.65,1.64,8843.79
2014-06-10,1.64,1.67,1.67,1.64,17291.49
2014-06-11,1.67,1.69,1.69,1.66,44301.32
2014-06-12,1.69,1.68,1.69,1.67,24949.86
2014-06-13,1.67,1.69,1.69,1.67,24607.45
2014-06-16,1.69,1.7,1.7,1.68,20852.43
2014-06-17,1.69,1.69,1.69,1.68,15975.94
2014-06-18,1.68,1.66,1.69,1.66,28123.1
2014-06-19,1.67,1.65,1.68,1.64,15771.6
2014-06-20,1.65,1.65,1.65,1.63,11132.18
2014-06-23,1.65,1.66,1.67,1.64,10477.93
2014-06-24,1.66,1.66,1.67,1.65,14132.82
2014-06-25,1.66,1.65,1.66,1.65,6401.67
2014-06-26,1.65,1.67,1.68,1.65,16126.72
2014-06-27,1.67,1.68,1.69,1.67,28307.86
2014-06-30,1.69,1.68,1.69,1.68,23885.94
2014-07-01,1.69,1.72,1.73,1.68,73905.44
2014-07-02,1.73,1.72,1.73,1.71,38069.97
2014-07-03,1.72,1.73,1.74,1.71,43288.22
2014-07-04,1.73,1.73,1.73,1.72,35226.87
2014-07-07,1.72,1.73,1.73,1.71,25948.43
2014-07-08,1.73,1.74,1.75,1.71,26550.55
2014-07-09,1.73,1.71,1.74,1.69,27579.35
2014-07-10,1.7,1.71,1.72,1.7,15453.61
2014-07-11,1.71,1.84,1.88,1.7,205294.52
2014-07-14,1.84,1.83,1.84,1.79,89315.7
2014-07-15,1.82,1.84,1.85,1.81,70885.28
2014-07-16,1.84,1.85,1.91,1.83,104905.68
2014-07-17,1.85,1.86,1.93,1.84,112909.43
2014-07-18,1.84,1.83,1.86,1.81,82096.54
2014-07-21,1.82,1.81,1.83,1.8,40236.7
2014-07-22,1.8,1.81,1.83,1.8,38368.43
2014-07-23,1.81,1.82,1.86,1.81,58627.05
2014-07-24,1.84,1.82,1.84,1.8,39993.92
2014-07-25,1.84,1.85,1.85,1.81,53231.57
2014-07-28,1.85,1.86,1.89,1.85,70891.58
2014-07-29,1.87,1.88,1.9,1.85,77225.86
2014-07-30,1.87,1.87,1.89,1.85,45910.78
2014-07-31,1.86,1.88,1.88,1.85,35785.62
2014-08-01,1.86,1.86,1.88,1.85,54265.35
2014-08-04,1.86,1.88,1.88,1.86,54098.73
2014-08-05,1.88,1.89,1.89,1.86,41014.55
2014-08-06,1.88,1.9,1.92,1.88,78843.56
2014-08-07,1.93,1.94,1.99,1.92,131207.96
2014-08-08,1.96,1.93,1.96,1.91,57938.53
2014-08-11,1.93,1.94,1.94,1.92,48957.03
2014-08-12,1.93,1.92,1.94,1.9,51818.28
2014-08-13,1.92,1.93,1.93,1.9,53159.54
2014-08-14,1.93,1.95,2.02,1.92,119686.92
2014-08-15,1.95,1.96,1.96,1.93,51132.94
2014-08-18,1.96,1.98,2.0,1.93,87196.16
2014-08-19,1.99,1.98,2.0,1.97,44560.87
2014-08-20,1.98,2.01,2.03,1.97,86296.31
2014-08-21,2.01,1.99,2.01,1.96,69855.52
2014-08-22,1.98,1.98,1.99,1.96,39488.99
2014-08-25,1.98,1.95,1.98,1.94,47323.6
2014-08-26,1.95,1.9,1.97,1.9,61120.87
2014-08-27,1.9,1.91,1.92,1.9,34229.64
2014-08-28,1.92,1.88,1.92,1.86,41485.93
2014-08-29,1.87,1.9,1.9,1.86,29307.04
2014-09-01,1.89,1.94,1.94,1.89,44182.58
2014-09-02,1.94,1.97,1.98,1.94,49997.14
2014-09-03,1.98,1.98,2.01,1.97,47283.56
2014-09-04,1.98,2.0,2.01,1.98,52086.74
2014-09-05,2.0,2.01,2.02,1.98,52196.38
2014-09-09,2.02,2.02,2.02,2.0,44614.34
2014-09-10,2.02,2.01,2.02,2.0,46900.72
2014-09-11,2.0,2.07,2.13,2.0,133879.15
2014-09-12,2.07,2.1,2.1,2.04,63607.99
2014-09-15,2.1,2.14,2.18,2.1,77154.72
2014-09-16,2.18,2.1,2.22,2.09,139396.25
2014-09-17,2.09,2.19,2.19,2.05,103143.49
2014-09-18,2.19,2.25,2.26,2.16,153325.25
2014-09-19,2.24,2.21,2.26,2.18,85147.79
2014-09-22,2.21,2.14,2.21,2.14,68062.69
2014-09-23,2.14,2.18,2.19,2.14,41444.15
2014-09-24,2.18,2.19,2.22,2.17,52155.38
2014-09-25,2.19,2.19,2.25,2.18,59648.33
2014-09-26,2.2,2.2,2.21,2.18,35410.91
2014-09-29,2.21,2.21,2.23,2.2,45123.5
2014-09-30,2.22,2.23,2.24,2.21,56070.66
2014-10-08,2.24,2.29,2.29,2.23,75709.72
2014-10-09,2.28,2.3,2.34,2.26,77203.42
2014-10-10,2.29,2.26,2.3,2.25,74204.99
2014-10-13,2.26,2.26,2.26,2.22,53811.24
2014-10-14,2.26,2.26,2.29,2.25,57613.26
2014-10-15,2.29,2.29,2.33,2.28,96516.99
2014-10-16,2.27,2.26,2.3,2.26,83149.64
2014-10-17,2.25,2.19,2.25,2.15,77613.89
2014-10-20,2.2,2.26,2.26,2.18,60711.19
2014-10-21,2.26,2.23,2.28,2.22,50577.08
2014-10-22,2.23,2.18,2.24,2.18,32771.72
2014-10-23,2.18,2.11,2.18,2.11,48264.79
2014-10-24,2.12,2.14,2.15,2.11,35572.72
2014-10-27,2.14,2.2,2.21,2.13,39524.66
2014-10-28,2.22,2.25,2.25,2.21,45226.7
2014-10-29,2.26,2.31,2.33,2.25,127031.82
2014-10-30,2.31,2.38,2.4,2.3,196371.68
2014-10-31,2.38,2.33,2.39,2.31,109714.72
2014-11-03,2.34,2.41,2.43,2.33,173853.4
2014-11-04,2.42,2.39,2.43,2.37,98586.92
2014-11-05,2.37,2.35,2.42,2.35,81557.87
2014-11-06,2.35,2.39,2.41,2.35,64758.34
2014-11-07,2.41,2.39,2.47,2.36,82330.65
2014-11-10,2.39,2.44,2.44,2.36,97075.71
2014-11-11,2.44,2.32,2.49,2.3,142952.23
2014-11-12,2.32,2.38,2.4,2.32,84343.53
2014-11-13,2.42,2.38,2.45,2.34,79230.48
2014-11-14,2.35,2.36,2.39,2.33,53741.79
2014-11-17,2.37,2.37,2.4,2.35,43450.81
2014-11-18,2.37,2.42,2.42,2.35,76772.28
2014-11-19,2.42,2.41,2.44,2.37,50006.72
2014-11-20,2.39,2.41,2.42,2.37,36489.92
2014-11-21,2.4,2.41,2.42,2.38,38752.69
2014-11-24,2.43,2.42,2.44,2.41,82073.75
2014-11-25,2.43,2.5,2.52,2.42,126546.67
2014-11-26,2.51,2.51,2.54,2.47,73823.81
2014-11-27,2.51,2.54,2.55,2.49,83369.04
2014-11-28,2.54,2.55,2.63,2.5,117533.26
2014-12-01,2.55,2.69,2.76,2.55,279024.45
2014-12-02,2.7,2.7,2.71,2.62,145341.54
2014-12-03,2.69,2.67,2.72,2.63,138927.05
2014-12-04,2.65,2.7,2.72,2.6,160412.31
2014-12-05,2.69,2.56,2.69,2.5,208573.55
2014-12-08,2.53,2.59,2.6,2.51,165142.62
2014-12-09,2.59,2.54,2.72,2.52,254633.98
2014-12-10,2.54,2.68,2.68,2.52,163178.06
2014-12-11,2.68,2.81,2.81,2.63,324325.3
2014-12-12,2.84,2.92,3.03,2.84,299219.73
2014-12-15,2.96,2.96,3.04,2.87,227338.94
2014-12-16,3.01,2.93,3.01,2.88,135147.0
2014-12-17,2.94,2.9,2.94,2.85,130390.51
2014-12-18,2.88,2.85,2.89,2.81,104056.91
2014-12-19,2.84,2.95,2.95,2.82,156741.99
2014-12-22,2.95,2.85,2.97,2.83,171512.46
2014-12-23,2.84,2.75,2.89,2.73,99171.02
2014-12-24,2.75,2.7,2.78,2.66,93513.83
2014-12-25,2.71,2.76,2.77,2.7,59704.15
2014-12-26,2.79,2.84,2.85,2.79,100332.71
2014-12-29,2.9,2.87,2.91,2.84,130327.2
2014-12-30,2.87,2.78,2.88,2.77,74074.19
2014-12-31,2.77,2.81,2.82,2.74,61760.96
2015-01-05,2.81,2.87,2.88,2.8,110185.48
2015-01-06,2.87,3.02,3.15,2.84,290081.37
2015-01-07,2.96,2.96,2.99,2.92,122748.39
2015-01-08,2.97,2.88,2.97,2.86,79651.87
2015-01-09,2.88,2.85,2.91,2.83,72593.09
2015-01-12,2.84,2.76,2.86,2.73,60578.0
2015-01-13,2.73,2.76,2.8,2.73,31606.6
2015-01-14,2.77,2.72,2.79,2.71,46256.8
2015-01-15,2.73,2.83,2.83,2.73,54815.19
2015-01-16,2.84,2.77,2.87,2.72,123517.43
2015-01-19,2.63,2.52,2.71,2.5,112889.76
2015-01-20,2.55,2.6,2.62,2.55,76839.24
2015-01-21,2.61,2.7,2.71,2.59,67414.33
2015-01-22,2.73,2.75,2.77,2.72,67861.73
2015-01-23,2.81,2.73,2.81,2.72,115550.08
2015-01-26,2.73,2.77,2.77,2.71,62707.39
2015-01-27,2.78,2.79,2.79,2.72,83226.64
2015-01-28,2.77,2.77,2.8,2.75,65157.81
2015-01-29,2.75,2.8,2.92,2.72,114808.55
2015-01-30,2.79,2.75,2.79,2.73,70980.93
2015-02-02,2.75,2.71,2.76,2.68,52687.98
2015-02-03,2.72,2.75,2.75,2.69,43943.3
2015-02-04,2.73,2.71,2.75,2.71,38637.05
2015-02-05,2.75,2.64,2.75,2.6,54880.06
2015-02-06,2.62,2.54,2.63,2.53,59663.17
2015-02-09,2.54,2.62,2.67,2.53,50461.81
2015-02-10,2.62,2.64,2.64,2.58,26247.72
2015-02-11,2.63,2.64,2.65,2.62,33468.61
2015-02-12,2.64,2.67,2.67,2.63,29077.03
2015-02-13,2.68,2.7,2.73,2.68,51339.56
2015-02-16,2.7,2.73,2.74,2.7,28424.53
2015-02-17,2.73,2.75,2.75,2.73,34003.16
2015-02-25,2.76,2.76,2.76,2.72,39774.02
2015-02-26,2.75,2.79,2.8,2.73,54589.6
2015-02-27,2.8,2.78,2.8,2.76,47779.27
2015-03-02,2.79,2.81,2.81,2.79,70420.41
2015-03-03,2.8,2.8,2.82,2.76,92091.9
2015-03-04,2.8,2.81,2.81,2.78,75124.81
2015-03-05,2.8,2.81,2.81,2.8,55541.07
2015-03-06,2.81,2.82,2.85,2.8,84308.63
2015-03-09,2.82,2.81,2.83,2.71,74721.52
2015-03-10,2.8,2.81,2.83,2.79,74968.4
2015-03-11,2.8,2.81,2.82,2.79,53127.57
2015-03-12,2.81,2.89,2.89,2.81,164923.38
2015-03-13,2.91,2.87,2.95,2.84,121057.9
2015-03-16,2.91,2.93,2.94,2.88,126779.71
2015-03-17,2.95,3.04,3.09,2.92,239444.95
2015-03-18,3.04,3.2,3.29,2.99,319141.48
2015-03-19,3.17,3.17,3.22,3.12,204719.76
2015-03-20,3.2,3.26,3.38,3.2,227533.3
2015-03-23,3.3,3.31,3.35,3.26,216402.09
2015-03-24,3.31,3.29,3.33,3.14,259920.33
2015-03-25,3.33,3.42,3.56,3.33,393114.57
2015-03-26,3.37,3.34,3.41,3.33,143727.81
2015-03-27,3.33,3.37,3.39,3.27,131681.0
2015-03-30,3.37,3.44,3.45,3.37,167282.98
2015-03-31,3.44,3.36,3.48,3.35,138868.37
2015-04-01,3.36,3.39,3.43,3.34,113677.62
2015-04-02,3.39,3.45,3.47,3.38,158985.8
2015-04-03,3.46,3.58,3.58,3.42,255793.01
2015-04-07,3.59,3.71,3.75,3.59,258713.22
2015-07-22,4.08,4.08,4.08,4.08,40617.54
2015-07-23,4.49,4.49,4.49,4.31,215771.88
2015-07-24,4.94,4.94,4.94,4.8,259292.72
2015-07-27,5.26,4.5,5.27,4.45,902494.54
2015-07-28,4.07,4.06,4.43,4.05,437813.43
2015-07-29,4.11,4.23,4.28,3.81,347692.12
2015-07-30,4.18,4.18,4.5,4.04,378022.93
2015-07-31,4.04,3.89,4.15,3.8,215615.28
2015-08-03,3.88,3.5,3.88,3.5,225617.73
2015-08-04,3.5,3.71,3.72,3.5,219023.5
2015-08-05,3.7,3.63,3.79,3.59,200142.05
2015-08-06,3.55,3.56,3.64,3.5,91182.75
2015-08-07,3.67,3.69,3.71,3.6,152164.7
2015-08-10,3.71,3.95,4.03,3.7,233765.55
2015-08-11,3.97,4.02,4.12,3.91,246097.75
2015-08-12,4.01,4.08,4.26,3.9,287424.2
2015-08-13,3.98,4.08,4.09,3.87,221729.75
2015-08-14,4.11,4.22,4.23,4.05,295850.79
2015-08-17,4.27,4.58,4.58,4.26,379144.67
2015-08-18,4.63,4.13,4.79,4.13,420380.12
2015-08-19,3.93,4.3,4.34,3.8,284183.33
2015-08-20,4.42,4.15,4.46,4.14,257920.63
2015-08-21,4.04,3.82,4.12,3.81,171790.07
2015-08-24,3.65,3.44,3.75,3.44,192500.16
2015-08-25,3.09,3.09,3.25,3.09,184637.93
2015-08-26,3.18,3.09,3.28,2.99,181142.72
2015-08-27,3.16,3.25,3.25,3.07,117222.31
2015-08-28,3.35,3.52,3.52,3.32,145314.95
2015-08-31,3.48,3.49,3.49,3.33,138399.87
2015-09-01,3.47,3.46,3.63,3.4,208591.27
2015-09-02,3.29,3.33,3.55,3.12,133265.7
2015-09-07,3.38,3.37,3.51,3.35,93405.84
2015-09-08,3.4,3.52,3.53,3.35,109136.92
2015-09-09,3.52,3.6,3.65,3.46,167560.23
2015-09-10,3.55,3.48,3.57,3.48,88467.5
2015-09-11,3.46,3.48,3.53,3.41,55523.71
2015-09-14,3.53,3.14,3.53,3.13,101748.09
2015-09-15,3.18,3.11,3.29,3.05,93323.57
2015-09-16,3.06,3.36,3.42,3.06,107033.54
2015-09-17,3.34,3.22,3.38,3.2,92856.97
2015-09-18,3.24,3.21,3.28,3.12,56476.71
2015-09-21,3.16,3.27,3.29,3.12,76750.77
2015-09-22,3.26,3.27,3.3,3.22,87113.54
2015-09-23,3.25,3.18,3.26,3.18,55957.75
2015-09-24,3.18,3.26,3.26,3.18,52778.36
2015-09-25,3.26,3.18,3.28,3.16,47039.74
2015-09-28,3.18,3.2,3.21,3.14,30202.63
2015-09-29,3.18,3.12,3.18,3.1,31403.47
2015-09-30,3.12,3.11,3.16,3.09,31388.17
2015-10-08,3.16,3.22,3.23,3.15,51324.02
2015-10-09,3.22,3.23,3.25,3.19,47489.86
2015-10-12,3.25,3.34,3.39,3.21,107066.64
2015-10-13,3.34,3.37,3.37,3.3,92322.1
2015-10-14,3.35,3.33,3.38,3.31,83886.49
2015-10-15,3.26,3.42,3.42,3.26,91914.96
2015-10-16,3.46,3.44,3.48,3.36,92159.66
2015-10-19,3.45,3.4,3.46,3.35,80931.12
2015-10-20,3.41,3.45,3.45,3.38,64947.41
2015-10-21,3.45,3.22,3.49,3.2,97288.18
2015-10-22,3.23,3.31,3.32,3.22,52044.15
2015-10-23,3.33,3.4,3.41,3.3,88519.06
2015-10-26,3.46,3.44,3.47,3.4,84993.69
2015-10-27,3.44,3.45,3.46,3.31,78882.2
2015-10-28,3.44,3.5,3.57,3.41,186359.33
2015-10-29,3.54,3.74,3.81,3.53,232893.35
2015-10-30,3.72,3.63,3.72,3.61,144526.95
2015-11-02,3.53,3.68,3.8,3.52,179297.99
2015-11-03,3.65,3.63,3.76,3.59,133074.94
2015-11-04,3.64,3.85,3.86,3.61,199405.95
2015-11-05,3.93,3.87,4.12,3.86,306851.07
2015-11-06,3.82,3.91,4.01,3.81,207232.77
2015-11-09,3.85,3.87,3.92,3.82,228111.83
2015-11-10,3.86,3.87,3.91,3.83,135740.22
2015-11-11,3.87,3.87,3.9,3.83,118860.22
2015-11-12,3.87,3.79,3.88,3.7,120416.43
2015-11-13,3.74,3.72,3.79,3.7,70403.82
2015-11-16,3.7,3.86,3.86,3.68,161315.46
2015-11-17,3.89,3.83,3.9,3.81,154951.43
2015-11-18,3.83,3.77,3.85,3.77,67247.75
2015-11-19,3.78,3.83,3.85,3.75,77462.93
2015-11-20,3.86,3.84,3.87,3.81,127980.8
2015-11-23,3.84,3.86,3.91,3.81,134276.28
2015-11-24,3.89,3.87,3.89,3.81,87896.14
2015-11-25,3.87,3.87,3.88,3.83,95319.52
2015-11-26,3.88,3.87,3.89,3.86,105947.55
2015-11-27,3.87,3.61,3.87,3.53,102970.69
2015-11-30,3.61,3.63,3.67,3.47,69436.83
2015-12-01,3.63,3.67,3.69,3.59,58046.48
2015-12-02,3.68,3.7,3.72,3.62,71256.67
2015-12-03,3.71,3.78,3.79,3.7,86549.76
2015-12-04,3.77,3.74,3.78,3.7,63755.45
2015-12-07,3.74,3.81,3.82,3.73,81614.71
2015-12-08,3.79,3.71,3.8,3.71,45826.8
2015-12-09,3.7,3.7,3.74,3.66,39881.02
2015-12-10,3.75,3.71,3.78,3.69,67306.32
2015-12-11,3.67,3.62,3.69,3.57,48657.52
2015-12-14,3.61,3.72,3.72,3.59,68468.49
2015-12-15,3.74,3.74,3.75,3.7,54787.87
2015-12-16,3.77,3.9,3.9,3.77,262785.98
2015-12-17,3.81,3.91,3.95,3.81,191773.22
2015-12-18,3.91,3.85,3.91,3.82,127248.95
2015-12-21,3.83,4.04,4.09,3.81,270932.65
2015-12-22,4.0,4.01,4.04,3.95,118378.75
2015-12-23,4.01,4.06,4.14,3.98,200483.4
2015-12-24,4.02,3.96,4.04,3.89,110409.9
2015-12-25,3.94,4.13,4.23,3.94,196506.67
2015-12-28,4.12,4.03,4.21,4.0,206896.64
2015-12-29,4.01,4.17,4.19,4.01,193098.59
2015-12-30,4.19,4.17,4.3,4.15,152956.24
2015-12-31,4.16,3.99,4.22,3.99,167384.51
2016-01-04,4.03,3.61,4.04,3.6,111836.33
2016-01-05,3.49,3.57,3.64,3.45,172597.34
2016-01-06,3.59,3.71,3.72,3.57,125580.21
2016-01-07,3.65,3.35,3.65,3.35,37290.0
2016-01-15,3.35,3.06,3.35,3.03,180221.56
2016-01-18,2.97,3.06,3.13,2.92,114336.46
2016-01-19,3.05,3.18,3.18,3.03,86059.04
2016-01-20,3.26,3.25,3.4,3.22,157412.64
2016-01-21,3.19,3.14,3.27,3.14,82131.41
2016-01-22,3.18,3.16,3.22,3.07,63091.13
2016-01-25,3.2,3.16,3.22,3.12,75860.42
2016-01-26,3.14,2.9,3.14,2.89,80214.32
2016-01-27,2.9,2.83,2.95,2.71,73751.41
2016-01-28,2.83,2.76,2.89,2.75,62551.72
2016-01-29,2.74,2.85,2.89,2.73,77086.82
2016-02-01,2.88,2.8,2.88,2.78,52074.22
2016-02-02,2.81,2.87,2.89,2.81,58356.46
2016-02-03,2.85,2.89,2.9,2.82,73049.55
2016-02-04,2.9,2.94,2.94,2.89,68895.81
2016-02-05,2.95,2.91,2.96,2.9,57378.9
2016-02-15,2.85,2.94,3.0,2.79,63794.9
2016-02-16,2.93,3.03,3.04,2.93,88184.7
2016-02-17,3.0,3.03,3.05,2.96,86886.67
2016-02-18,3.04,3.0,3.06,2.99,87157.08
2016-02-19,3.0,3.0,3.01,2.97,57754.62
2016-02-22,3.03,3.05,3.05,3.0,92354.5
2016-02-23,3.06,3.04,3.08,2.99,106776.0
2016-02-24,3.03,3.06,3.07,3.01,69857.94
2016-02-25,3.06,2.81,3.06,2.78,96756.55
2016-02-26,2.83,2.88,2.89,2.8,62095.15
2016-02-29,2.85,2.73,2.87,2.67,81784.43
2016-03-01,2.74,2.8,2.81,2.69,61995.24
2016-03-02,2.79,2.94,2.96,2.77,93195.16
2016-03-03,2.95,2.94,2.98,2.92,66541.39
2016-03-04,2.92,2.92,2.97,2.85,93096.06
2016-03-07,2.95,2.96,2.97,2.93,65141.44
2016-03-08,2.95,2.94,2.95,2.85,69328.23
2016-03-09,2.91,2.9,2.92,2.86,38399.72
2016-03-10,2.91,2.83,2.92,2.81,75699.8
2016-03-11,2.77,2.82,2.84,2.77,35218.73
2016-03-14,2.84,2.92,2.98,2.84,90035.71
2016-03-15,2.93,2.9,2.94,2.89,42550.97
2016-03-16,2.92,2.9,2.94,2.88,39754.0
2016-03-17,2.91,2.96,2.97,2.88,94339.43
2016-03-18,2.96,3.02,3.04,2.94,98693.65
2016-03-21,3.05,3.05,3.08,3.03,86286.52
2016-03-22,3.05,3.04,3.05,3.02,65781.21
2016-03-23,3.04,3.05,3.07,3.01,51697.49
2016-03-24,3.03,3.0,3.05,3.0,58704.98
2016-03-25,2.99,3.09,3.11,2.99,109724.16
2016-03-28,3.14,3.06,3.15,3.05,98081.06
2016-03-29,3.06,3.15,3.16,3.02,191283.16
2016-03-30,3.16,3.19,3.19,3.1,120592.17
2016-03-31,3.21,3.22,3.28,3.2,131076.9
2016-04-01,3.19,3.23,3.26,3.18,99866.16
2016-04-05,3.23,3.35,3.35,3.19,128297.46
2016-04-06,3.33,3.32,3.38,3.27,98230.12
2016-04-07,3.33,3.26,3.34,3.22,85018.97
2016-04-08,3.19,3.21,3.25,3.18,52909.97
2016-04-11,3.23,3.27,3.3,3.23,52702.6
2016-04-12,3.27,3.22,3.27,3.2,46968.63
2016-04-13,3.23,3.27,3.3,3.23,61856.87
2016-04-14,3.29,3.3,3.31,3.26,45350.61
2016-04-15,3.3,3.33,3.34,3.28,73160.54
2016-04-18,3.31,3.31,3.34,3.26,57893.07
2016-04-19,3.33,3.3,3.35,3.27,35094.67
2016-04-20,3.31,3.15,3.31,3.11,75388.02
2016-04-21,3.16,3.13,3.18,3.12,41452.68
2016-04-22,3.13,3.13,3.14,3.09,41513.05
2016-04-25,3.12,3.16,3.16,3.09,38674.66
2016-04-26,3.15,3.31,3.36,3.14,106909.61
2016-04-27,3.3,3.25,3.31,3.23,68795.59
2016-04-28,3.24,3.29,3.31,3.23,65460.07
2016-04-29,3.26,3.29,3.31,3.26,38037.68
2016-05-03,3.27,3.34,3.35,3.26,81139.32
2016-05-04,3.34,3.33,3.35,3.31,50623.78
2016-05-05,3.33,3.34,3.35,3.29,45861.84
2016-05-06,3.34,3.25,3.35,3.23,60418.6
2016-05-09,3.24,3.11,3.24,3.09,50324.06
2016-05-10,3.12,3.11,3.16,3.09,38570.89
2016-05-11,3.12,3.11,3.14,3.04,39479.14
2016-05-12,3.09,3.18,3.19,3.05,43439.0
2016-05-13,3.16,3.16,3.22,3.13,36580.9
2016-05-16,3.13,3.19,3.19,3.12,34904.98
2016-05-17,3.19,3.2,3.23,3.18,45666.74
2016-05-18,3.21,3.12,3.21,3.08,44298.82
2016-05-19,3.09,3.09,3.16,3.09,25836.51
2016-05-20,3.09,3.18,3.2,3.07,44417.34
2016-05-23,3.16,3.19,3.2,3.14,26681.52
2016-05-24,3.16,3.14,3.17,3.09,28457.4
2016-05-25,3.14,3.14,3.18,3.13,31640.2
2016-05-26,3.16,3.17,3.18,3.12,38202.99
2016-05-27,3.16,3.17,3.18,3.15,22022.33
2016-05-30,3.17,3.16,3.18,3.13,18612.37
2016-05-31,3.16,3.26,3.27,3.16,47971.59
2016-06-01,3.26,3.26,3.29,3.22,43040.2
2016-06-02,3.25,3.28,3.28,3.22,35670.74
2016-06-03,3.27,3.31,3.33,3.25,57659.03
2016-06-06,3.31,3.32,3.39,3.29,65818.13
2016-06-07,3.32,3.28,3.32,3.25,65439.99
2016-06-08,3.26,3.25,3.28,3.23,31647.88
2016-06-13,3.22,3.14,3.22,3.13,40423.02
2016-06-14,3.13,3.13,3.14,3.09,29404.97
2016-06-15,3.1,3.2,3.22,3.1,57229.34
2016-06-16,3.2,3.14,3.2,3.13,41751.06
2016-06-17,3.18,3.17,3.19,3.15,35739.42
2016-06-20,3.15,3.16,3.18,3.13,27140.71
2016-06-21,3.17,3.17,3.19,3.15,31265.11
2016-06-22,3.16,3.18,3.18,3.14,44840.1
2016-06-23,3.17,3.15,3.17,3.14,30620.25
2016-06-24,3.16,3.13,3.17,3.09,60381.32
2016-06-27,3.13,3.19,3.19,3.12,54607.15
2016-06-28,3.16,3.19,3.21,3.14,53928.96
2016-06-29,3.19,3.22,3.26,3.19,60942.43
2016-06-30,3.23,3.26,3.29,3.23,95381.46
2016-07-01,3.28,3.25,3.28,3.22,42521.3
2016-07-04,3.25,3.29,3.32,3.23,56600.64
2016-07-05,3.32,3.33,3.36,3.3,62340.89
2016-07-06,3.32,3.37,3.37,3.3,68442.73
2016-07-07,3.37,3.38,3.39,3.34,75645.2
2016-07-08,3.39,3.49,3.55,3.36,156908.12
2016-07-11,3.54,3.49,3.58,3.44,175582.38
2016-07-12,3.47,3.47,3.49,3.4,99382.85
2016-07-13,3.48,3.5,3.54,3.47,84940.78
2016-07-14,3.5,3.51,3.52,3.47,42465.5
2016-07-15,3.59,3.58,3.64,3.55,120043.95
2016-07-18,3.57,3.72,3.74,3.52,174324.94
2016-07-19,3.74,3.73,3.74,3.63,83753.44
2016-07-20,3.67,3.79,3.84,3.66,90146.89
2016-07-21,3.77,3.83,3.96,3.74,95463.99
2016-07-22,3.83,3.69,3.87,3.67,82222.34
2016-07-25,3.71,3.67,3.75,3.63,57298.07
2016-07-26,3.67,3.7,3.71,3.65,41280.41
2016-07-27,3.7,3.6,3.74,3.54,148878.45
2016-07-28,3.62,3.77,3.94,3.6,136248.36
2016-07-29,3.78,3.79,3.93,3.77,121715.12
2016-08-01,3.79,3.69,3.79,3.68,76963.69
2016-08-02,3.68,3.72,3.73,3.62,59993.08
2016-08-03,3.7,3.7,3.73,3.67,50051.74
2016-08-04,3.67,3.66,3.76,3.63,91031.96
2016-08-05,3.66,3.66,3.7,3.63,60043.98
2016-08-08,3.67,3.68,3.68,3.6,47596.17
2016-08-09,3.68,3.73,3.73,3.65,106144.44
2016-08-10,3.71,3.8,3.82,3.69,127565.1
2016-08-11,3.79,3.79,3.84,3.72,70727.92
2016-08-12,3.79,3.84,3.86,3.76,77751.42
2016-08-15,3.88,4.01,4.09,3.85,143117.42
2016-08-16,4.03,4.06,4.18,4.01,227378.91
2016-08-17,4.08,4.05,4.15,4.01,110171.37
2016-08-18,4.05,4.09,4.14,4.01,57386.41
2016-08-19,4.11,4.26,4.28,4.07,125796.07
2016-08-22,4.25,4.24,4.3,4.15,73302.63
2016-08-23,4.26,4.12,4.27,4.1,97078.6
2016-08-24,4.15,4.05,4.17,4.02,70023.24
2016-08-25,4.03,4.05,4.09,3.96,51630.09
2016-08-26,4.06,4.01,4.09,3.99,54746.93
2016-08-29,3.98,4.01,4.02,3.93,76162.55
2016-08-30,4.0,4.07,4.09,3.98,51919.77
2016-08-31,4.07,4.05,4.08,4.02,55876.13
2016-09-01,4.04,3.99,4.11,3.99,83824.76
2016-09-02,3.97,3.87,4.02,3.84,113491.14
2016-09-05,3.89,3.93,3.99,3.87,63224.1
2016-09-06,3.93,3.9,3.95,3.84,142005.48
2016-09-07,3.9,3.87,3.94,3.86,73102.05
2016-09-08,3.87,3.87,3.89,3.85,43178.17
2016-09-09,3.87,3.91,3.92,3.84,89276.05
2016-09-12,3.87,3.86,3.92,3.7,165907.0
2016-09-13,3.85,3.82,3.86,3.8,43910.4
2016-09-14,3.79,3.82,3.86,3.77,44476.77
2016-09-19,3.8,3.83,3.86,3.8,33997.88
2016-09-20,3.82,3.83,3.86,3.8,41245.63
2016-09-21,3.83,3.83,3.84,3.82,23473.71
2016-09-22,3.84,3.87,3.9,3.84,59422.39
2016-09-23,3.88,3.88,3.93,3.87,44542.26
2016-09-26,3.87,3.82,3.91,3.81,40901.57
2016-09-27,3.8,3.82,3.85,3.74,46264.79
2016-09-28,3.83,3.9,3.91,3.81,45648.67
2016-09-29,3.91,3.94,3.98,3.91,62828.95
2016-09-30,3.92,3.95,3.95,3.9,26079.24
2016-10-10,3.96,4.04,4.06,3.96,75101.0
2016-10-11,4.03,4.12,4.14,3.99,73720.82
2016-10-12,4.11,4.09,4.15,4.05,46811.13
2016-10-13,4.11,4.08,4.12,4.05,37355.83
2016-10-14,4.06,4.07,4.08,4.01,37747.11
2016-10-17,4.06,4.07,4.14,4.04,55751.54
2016-10-18,4.08,4.1,4.11,4.05,42318.91
2016-10-19,4.12,4.13,4.15,4.1,61623.35
2016-10-20,4.13,4.16,4.19,4.13,62395.92
2016-10-21,4.16,4.16,4.19,4.12,42241.73
2016-10-24,4.15,4.23,4.25,4.15,59418.72
2016-10-25,4.23,4.13,4.28,4.11,123809.29
2016-10-26,4.15,4.07,4.15,4.03,97971.53
2016-10-27,4.06,4.09,4.1,4.04,42321.86
2016-10-28,4.1,4.06,4.11,4.06,37217.42
2016-10-31,4.06,4.06,4.08,3.99,42883.76
2016-11-01,4.06,4.08,4.09,4.02,46007.12
2016-11-02,4.06,4.11,4.14,4.05,71288.79
2016-11-03,4.11,4.15,4.18,3.98,75233.57
2016-11-04,4.14,4.17,4.18,4.11,38804.61
2016-11-07,4.16,4.19,4.26,4.15,92194.94
2016-11-08,4.19,4.24,4.25,4.18,59380.28
2016-11-09,4.24,4.2,4.25,4.16,59361.15
2016-11-10,4.22,4.24,4.26,4.22,42682.82
2016-11-11,4.24,4.19,4.26,4.15,74297.03
2016-11-14,4.17,4.18,4.22,4.16,45762.41
2016-11-15,4.17,4.21,4.21,4.16,36267.83
2016-11-16,4.22,4.16,4.22,4.12,84662.41
2016-11-17,4.15,4.15,4.17,4.12,30694.88
2016-11-18,4.14,4.13,4.16,4.12,33173.0
2016-11-21,4.12,4.26,4.27,4.11,124203.83
2016-11-22,4.3,4.24,4.3,4.23,73344.44
2016-11-23,4.24,4.27,4.3,4.22,74494.99
2016-11-24,4.28,4.28,4.28,4.23,41316.56
2016-11-25,4.28,4.29,4.3,4.22,43462.15
2016-11-28,4.29,4.45,4.49,4.27,170817.08
2016-11-29,4.41,4.3,4.47,4.24,146711.18
2016-11-30,4.28,4.21,4.3,4.2,111155.07
2016-12-01,4.21,4.24,4.27,4.19,102159.87
2016-12-02,4.22,4.2,4.24,4.2,65866.31
2016-12-05,4.15,4.16,4.23,4.11,45755.8
2016-12-06,4.16,4.15,4.21,4.1,50795.52
2016-12-07,4.15,4.17,4.17,4.09,45231.88
2016-12-08,4.15,4.12,4.17,4.09,47145.35
2016-12-09,4.12,4.14,4.17,4.1,52657.32
2016-12-12,4.14,3.93,4.14,3.92,82735.51
2016-12-13,3.92,4.03,4.05,3.92,52147.07
2016-12-14,4.04,3.93,4.05,3.92,47886.77
2016-12-15,3.92,3.95,3.99,3.92,54742.14
2016-12-16,3.95,4.01,4.02,3.92,24562.73
2016-12-19,4.01,4.06,4.08,3.99,41330.51
2016-12-20,4.06,4.04,4.08,4.01,30828.18
2016-12-21,4.03,4.09,4.1,4.03,39066.11
2016-12-22,4.09,4.12,4.2,4.08,62837.54
2016-12-23,4.12,4.08,4.18,4.06,37519.07
2016-12-26,4.06,4.08,4.11,4.03,23259.79
2016-12-27,4.08,4.09,4.11,4.05,26052.01
2016-12-28,4.07,4.04,4.09,4.01,31072.9
2016-12-29,4.03,4.03,4.09,4.0,39725.98
2016-12-30,4.08,4.06,4.08,4.03,35651.07
2017-01-03,4.05,4.16,4.18,4.05,76185.64
2017-01-04,4.17,4.17,4.18,4.11,55327.64
2017-01-05,4.17,4.14,4.18,4.12,66012.42
2017-01-06,4.13,4.19,4.22,4.12,68342.71
2017-01-09,4.18,4.3,4.3,4.16,119448.8
2017-01-10,4.28,4.27,4.31,4.24,47461.27
2017-01-11,4.26,4.21,4.26,4.11,86468.38
2017-01-12,4.21,4.21,4.24,4.16,43021.33
2017-01-13,4.17,4.19,4.21,4.15,45147.62
2017-01-16,4.18,4.15,4.18,4.08,87035.16
2017-01-17,4.14,4.18,4.18,4.09,43002.42
2017-01-18,4.18,4.22,4.22,4.16,44159.61
2017-01-19,4.21,4.24,4.29,4.21,69570.92
2017-01-20,4.21,4.27,4.28,4.21,31727.2
2017-01-23,4.27,4.28,4.33,4.25,47689.27
2017-01-24,4.27,4.24,4.3,4.2,43176.54
2017-01-25,4.23,4.25,4.27,4.21,30959.91
2017-01-26,4.26,4.28,4.28,4.24,29767.9
2017-02-03,4.29,4.23,4.3,4.22,24260.84
2017-02-06,4.23,4.25,4.27,4.2,53130.97
2017-02-07,4.25,4.25,4.27,4.23,26541.94
2017-02-08,4.27,4.24,4.27,4.21,45722.31
2017-02-09,4.25,4.25,4.27,4.22,42801.41
2017-02-10,4.25,4.3,4.31,4.25,80141.89
2017-02-13,4.31,4.36,4.36,4.31,87266.25
2017-02-14,4.36,4.33,4.37,4.3,48998.96
2017-02-15,4.31,4.33,4.37,4.31,32893.91
2017-02-16,4.31,4.36,4.36,4.28,33039.76
2017-02-17,4.36,4.3,4.38,4.28,38025.63
2017-02-20,4.3,4.39,4.4,4.3,56628.2
2017-02-21,4.4,4.41,4.42,4.37,45164.83
2017-02-22,4.4,4.41,4.44,4.37,57871.25
2017-02-23,4.41,4.43,4.45,4.36,58587.28
2017-02-24,4.41,4.38,4.45,4.33,65708.53
2017-02-27,4.37,4.36,4.41,4.34,60868.3
2017-02-28,4.36,4.39,4.42,4.36,44369.76
2017-03-01,4.39,4.37,4.41,4.35,48556.39
2017-03-02,4.37,4.33,4.4,4.33,32575.09
2017-03-03,4.33,4.35,4.37,4.31,29134.76
2017-03-06,4.34,4.4,4.45,4.34,78309.7
2017-03-07,4.4,4.44,4.44,4.38,75440.39
2017-03-08,4.44,4.43,4.48,4.38,60493.23
2017-03-09,4.41,4.34,4.41,4.33,43329.56
2017-03-10,4.34,4.41,4.42,4.33,95731.55
2017-03-13,4.41,4.4,4.43,4.34,41556.89
2017-03-14,4.38,4.35,4.4,4.33,53945.83
2017-03-15,4.34,4.33,4.36,4.28,27618.5
2017-03-16,4.32,4.36,4.37,4.31,26610.71
2017-03-17,4.36,4.34,4.37,4.33,61142.67
2017-03-20,4.34,4.35,4.37,4.33,33536.01
2017-03-21,4.35,4.41,4.43,4.34,63713.55
2017-03-22,4.39,4.39,4.42,4.33,51439.21
2017-03-23,4.38,4.36,4.39,4.34,24968.67
2017-03-24,4.34,4.4,4.4,4.34,42092.73
2017-03-27,4.4,4.36,4.4,4.34,66580.61
2017-03-28,4.34,4.36,4.38,4.34,31464.4
2017-03-29,4.39,4.46,4.65,4.34,215224.25
2017-03-30,4.44,4.48,4.52,4.41,133336.16
2017-03-31,4.5,4.47,4.5,4.44,65235.18
2017-04-05,4.54,4.5,4.55,4.45,106570.79
2017-04-06,4.5,4.57,4.63,4.48,166306.08
2017-04-07,4.64,4.63,4.64,4.53,84651.09
2017-04-10,4.64,4.62,4.72,4.56,99779.07
2017-04-11,4.62,5.07,5.08,4.52,369026.38
2017-04-12,5.51,5.58,5.58,5.22,1132433.89
2017-04-13,5.58,5.81,6.14,5.22,978151.67
2017-04-14,5.7,5.35,5.7,5.3,491236.03
2017-04-17,5.2,5.0,5.29,4.91,340515.71
2017-04-18,5.0,4.87,5.08,4.85,276785.2
2017-04-19,4.87,4.95,4.97,4.69,330988.41
2017-04-20,4.91,4.83,4.97,4.78,201030.47
2017-04-21,4.86,4.87,4.92,4.81,148519.75
2017-04-24,4.87,4.63,4.87,4.63,168597.17
2017-04-25,4.63,4.66,4.74,4.61,195945.1
2017-04-26,4.64,4.75,4.79,4.58,172291.02
2017-04-27,4.7,4.87,4.95,4.64,229620.21
2017-04-28,4.84,4.93,5.01,4.81,147087.26
2017-05-02,4.97,4.95,5.01,4.91,175246.69
2017-05-03,4.99,4.97,5.06,4.94,202200.48
2017-05-04,4.98,4.87,4.99,4.84,137707.35
2017-05-05,4.84,4.71,4.9,4.68,117472.51
2017-05-08,4.62,4.73,4.81,4.61,138269.75
2017-05-09,4.68,4.87,4.87,4.66,109897.65
2017-05-10,4.87,4.75,4.93,4.75,127091.48
2017-05-11,4.75,4.86,4.91,4.75,154954.81
2017-05-12,4.85,5.04,5.17,4.79,239806.1
2017-05-15,4.98,5.03,5.16,4.98,212194.18
2017-05-16,5.03,5.22,5.24,5.0,217072.26
2017-05-17,5.23,5.17,5.26,5.14,199310.03
2017-05-18,5.14,5.01,5.15,5.0,155258.05
2017-05-19,5.0,5.03,5.08,4.98,90766.11
2017-05-22,5.02,4.84,5.06,4.82,120810.11
2017-05-23,4.84,4.88,4.93,4.78,97661.57
2017-05-24,4.86,5.04,5.05,4.71,152198.77
2017-05-25,5.0,5.08,5.09,4.94,140418.84
2017-05-26,5.09,5.04,5.14,5.04,138766.26
2017-05-31,5.08,5.04,5.13,4.98,112460.68
2017-06-01,5.01,5.01,5.08,4.97,77599.08
2017-06-02,5.0,5.08,5.08,4.97,79825.6
2017-06-05,5.11,5.22,5.22,5.1,154463.1
2017-06-06,5.22,5.19,5.23,5.16,99539.38
2017-06-07,5.2,5.38,5.39,5.19,214698.46
2017-06-08,5.38,5.53,5.63,5.33,310063.33
2017-06-09,5.52,5.36,5.52,5.34,230651.16
2017-06-12,5.33,5.42,5.84,5.26,333154.26
2017-06-13,5.33,5.47,5.49,5.33,181388.85
2017-06-14,5.44,5.49,5.66,5.41,180813.86
2017-06-15,5.49,5.46,5.51,5.36,150059.0
2017-06-16,5.46,5.46,5.49,5.39,110360.67
2017-06-19,5.46,5.55,5.58,5.46,127907.94
2017-06-20,5.6,5.46,5.65,5.41,174949.62
2017-06-21,5.49,5.39,5.5,5.33,145350.18
2017-06-22,5.4,5.25,5.4,5.24,189517.73
2017-06-23,5.25,5.33,5.33,5.2,106131.59
2017-06-26,5.37,5.41,5.44,5.34,137650.08
2017-06-27,5.43,5.4,5.49,5.39,139836.66
2017-06-28,5.4,5.3,5.4,5.28,109403.61
2017-06-29,5.29,5.31,5.33,5.24,82927.55
2017-06-30,5.29,5.26,5.32,5.24,79632.64
2017-07-03,5.29,5.16,5.3,5.12,142269.01
2017-07-04,5.13,5.15,5.2,5.1,71334.0
2017-07-05,5.15,5.18,5.18,5.14,54639.3
2017-07-06,5.17,5.04,5.17,5.02,178886.35
2017-07-07,5.04,5.05,5.08,4.96,94393.29
2017-07-10,5.04,5.06,5.09,5.0,71327.3
2017-07-11,5.08,5.15,5.22,5.08,167147.97
2017-07-12,5.17,5.1,5.17,5.06,93681.07
2017-07-13,5.1,5.09,5.14,5.05,66351.37
2017-07-14,5.09,5.04,5.1,5.02,75487.24
2017-07-17,5.17,5.32,5.41,5.07,425480.98
2017-07-18,5.42,5.68,5.72,5.42,515048.44
2017-07-19,5.56,5.7,5.76,5.51,489317.93
2017-07-20,5.63,5.6,5.68,5.55,358882.45
2017-07-21,5.6,5.5,5.67,5.49,267995.63
2017-07-24,5.47,5.72,5.82,5.42,427952.23
2017-07-25,5.68,5.54,5.68,5.5,236674.59
2017-07-26,5.55,5.54,5.63,5.48,161799.73
2017-07-27,5.5,5.51,5.59,5.44,151946.6
2017-07-28,5.5,5.48,5.52,5.46,88428.29
2017-07-31,5.51,5.46,5.52,5.42,112247.74
2017-08-01,5.49,5.51,5.56,5.44,130572.52
2017-08-02,5.5,5.33,5.53,5.33,188947.21
2017-08-03,5.33,5.38,5.39,5.33,82473.83
2017-08-04,5.36,5.45,5.52,5.33,133678.83
2017-08-07,5.46,5.47,5.49,5.38,77324.85
2017-08-08,5.46,5.44,5.48,5.41,65926.29
2017-08-09,5.44,5.44,5.47,5.41,65237.75
2017-08-10,5.42,5.36,5.46,5.28,112848.68
2017-08-11,5.33,5.22,5.35,5.18,87074.52
2017-08-14,5.22,5.27,5.32,5.22,71986.62
2017-08-15,5.28,5.24,5.3,5.23,49579.7
2017-08-16,5.27,5.21,5.27,5.2,47752.23
2017-08-17,5.22,5.27,5.28,5.2,63147.62
2017-08-18,5.23,5.39,5.5,5.23,160177.08
2017-08-21,5.39,5.44,5.44,5.37,77031.67
2017-08-22,5.42,5.38,5.47,5.37,61340.88
2017-08-23,5.37,5.35,5.42,5.33,34668.0
2017-08-24,5.36,5.34,5.41,5.33,37956.37
2017-08-25,5.33,5.41,5.41,5.33,47311.95
2017-08-28,5.42,5.49,5.49,5.41,77855.02
2017-08-29,5.51,5.42,5.51,5.37,102297.03
2017-08-30,5.43,5.41,5.44,5.4,54856.52
2017-08-31,5.41,5.41,5.46,5.39,55919.53
2017-09-01,5.41,5.39,5.44,5.37,69420.67
2017-09-04,5.39,5.39,5.41,5.36,64484.8
2017-09-05,5.39,5.42,5.44,5.38,56097.26
2017-09-06,5.42,5.33,5.42,5.32,79554.86
2017-09-07,5.34,5.3,5.35,5.3,65183.79
2017-09-08,5.3,5.29,5.33,5.28,44416.07
2017-09-11,5.29,5.36,5.37,5.28,63707.29
2017-09-12,5.37,5.33,5.39,5.32,45598.0
2017-09-13,5.33,5.41,5.41,5.31,64268.21
2017-09-14,5.41,5.33,5.42,5.32,67611.49
2017-09-15,5.32,5.25,5.33,5.22,72915.27
2017-09-18,5.23,5.28,5.33,5.23,46037.43
2017-09-19,5.29,5.26,5.3,5.24,37288.39
2017-09-20,5.27,5.28,5.3,5.24,26826.13
2017-09-21,5.27,5.2,5.29,5.2,57279.83
2017-09-22,5.22,5.07,5.24,5.07,74637.89
2017-09-25,5.09,5.22,5.23,5.09,92140.42
2017-09-26,5.23,5.28,5.28,5.13,77452.66
2017-09-27,5.26,5.26,5.28,5.2,62003.16
2017-09-28,5.26,5.2,5.26,5.16,47287.0
2017-09-29,5.21,5.28,5.3,5.17,49699.33
2017-10-09,5.31,5.26,5.31,5.25,51536.2
2017-10-10,5.32,5.34,5.37,5.31,91574.16
2017-10-11,5.38,5.36,5.41,5.32,77510.31
2017-10-12,5.33,5.29,5.36,5.25,51451.54
2017-10-13,5.34,5.34,5.35,5.28,49822.81
2017-10-16,5.36,5.3,5.38,5.3,45496.47
2017-10-17,5.3,5.26,5.32,5.24,37440.93
2017-10-18,5.27,5.23,5.28,5.22,40622.61
2017-10-19,5.23,5.18,5.23,5.17,33837.21
2017-10-20,5.17,5.28,5.28,5.15,32770.52
2017-10-23,5.28,5.29,5.34,5.26,47072.33
2017-10-24,5.28,5.25,5.3,5.23,35356.17
2017-10-25,5.27,5.28,5.29,5.26,28514.6
2017-10-26,5.28,5.31,5.32,5.26,47279.17
2017-10-27,5.33,5.31,5.36,5.29,44290.74
2017-10-30,5.31,5.22,5.33,5.21,51707.37
2017-10-31,5.25,5.24,5.26,5.21,27329.63
2017-11-01,5.23,5.18,5.25,5.18,48660.44
2017-11-02,5.18,5.17,5.21,5.08,63322.6
2017-11-03,5.16,5.09,5.16,5.06,53660.25
2017-11-06,5.09,5.07,5.1,4.99,58660.27
2017-11-07,5.07,5.13,5.16,5.01,84993.09
2017-11-08,5.1,5.09,5.11,5.06,66926.97
2017-11-09,5.09,5.07,5.09,5.03,48029.35
2017-11-10,5.07,5.02,5.07,5.02,48140.42
2017-11-13,5.02,4.98,5.04,4.96,74938.0
2017-11-14,4.98,4.98,5.01,4.96,41957.67
2017-11-15,4.99,4.96,4.99,4.95,35158.3
2017-11-16,4.96,4.93,4.99,4.93,44605.28
2017-11-17,4.93,4.85,4.95,4.8,90072.76
2017-11-20,4.83,4.8,4.83,4.77,52596.71
2017-11-21,4.82,4.87,4.9,4.8,47884.03
2017-11-22,4.88,4.86,4.88,4.83,49946.33
2017-11-23,4.86,4.85,4.91,4.83,53635.2
2017-11-24,4.86,4.92,4.93,4.83,57353.14
2017-11-27,4.89,4.9,4.93,4.87,32012.66
2017-11-28,4.9,4.92,4.92,4.88,22698.25
2017-11-29,4.93,4.96,4.96,4.88,68621.85
2017-11-30,4.94,4.9,4.94,4.89,24999.01
2017-12-01,4.9,4.92,4.94,4.88,23224.0
2017-12-04,4.92,4.82,4.93,4.82,46271.53
2017-12-05,4.82,4.81,4.85,4.79,52666.16
2017-12-06,4.82,4.75,4.82,4.69,81031.09
2017-12-07,4.74,4.77,4.8,4.72,44610.28
2017-12-08,4.75,4.78,4.8,4.75,30125.7
2017-12-11,4.79,4.8,4.81,4.77,28540.03
2017-12-12,4.81,4.78,4.83,4.76,31311.93
2017-12-13,4.78,4.79,4.82,4.77,29874.73
2017-12-14,4.81,4.84,4.86,4.78,37951.33
2017-12-15,4.83,4.85,4.88,4.82,28039.0
2017-12-18,4.85,4.84,4.89,4.83,22631.0
2017-12-19,4.82,4.9,4.94,4.82,56481.47
2017-12-20,4.9,4.94,4.96,4.89,49936.94
2017-12-21,4.94,4.92,4.96,4.89,54076.47
2017-12-22,4.92,5.01,5.02,4.92,49834.4
2017-12-25,5.05,4.98,5.06,4.94,49323.92
2017-12-26,4.98,4.97,4.99,4.91,31112.52
2017-12-27,4.97,4.94,5.0,4.94,39984.13
2017-12-28,4.96,4.99,4.99,4.94,26623.18
2017-12-29,5.01,4.99,5.01,4.97,20239.02
2018-01-02,5.0,5.02,5.03,4.99,33486.09
2018-01-03,5.01,5.01,5.02,4.99,31604.31
2018-01-04,5.01,4.99,5.01,4.96,32729.49
2018-01-05,4.99,5.07,5.09,4.98,59742.1
2018-01-08,5.07,5.07,5.09,5.03,43326.83
2018-01-09,5.05,5.08,5.09,5.02,47657.6
2018-01-10,5.07,5.06,5.08,5.04,27855.56
2018-01-11,5.05,5.01,5.06,4.99,32097.1
2018-01-12,5.02,4.98,5.03,4.96,35375.16
2018-01-15,4.98,4.91,4.99,4.88,40073.16
2018-01-16,4.9,4.93,4.95,4.84,36624.68
2018-01-17,4.93,5.02,5.02,4.9,75561.61
2018-01-18,5.01,4.99,5.01,4.97,37385.13
2018-01-19,5.01,5.05,5.09,5.01,99767.36
2018-01-22,5.04,5.08,5.09,5.02,57856.42
2018-01-23,5.09,5.15,5.15,5.06,115644.38
2018-01-24,5.15,5.23,5.26,5.15,95928.03
2018-01-25,5.22,5.21,5.25,5.18,72320.01
2018-01-26,5.24,5.26,5.29,5.22,81721.23
2018-01-29,5.26,5.18,5.26,5.14,64331.78
2018-01-30,5.16,5.12,5.23,5.12,40034.16
2018-01-31,5.12,5.18,5.19,5.1,50610.0
2018-02-01,5.16,5.1,5.2,5.1,43956.58
2018-02-02,5.07,5.11,5.11,5.01,51676.15
2018-02-05,5.04,5.09,5.15,4.99,54377.13
2018-02-06,4.99,4.91,5.05,4.91,83350.49
2018-02-07,4.98,4.9,5.0,4.85,56199.01
2018-02-08,4.9,4.88,4.97,4.84,45980.54
2018-02-09,4.8,4.68,4.8,4.51,78521.41
2018-02-12,4.69,4.76,4.8,4.68,40532.19
2018-02-13,4.76,4.82,4.83,4.76,30138.92
2018-02-14,4.83,4.84,4.87,4.79,16036.72
2018-02-22,4.85,4.9,4.91,4.85,20594.33
2018-02-23,4.9,4.9,4.98,4.89,37625.8
2018-02-26,4.95,4.92,4.98,4.81,40219.5
2018-02-27,4.93,4.89,4.94,4.87,26729.0
2018-02-28,4.86,4.89,4.9,4.84,24059.72
2018-03-01,4.86,4.86,4.89,4.84,22475.51
2018-03-02,4.85,4.84,4.87,4.82,22427.62
2018-03-05,4.86,4.83,4.88,4.82,19662.82
2018-03-06,4.83,4.96,4.96,4.83,47452.83
2018-03-07,4.97,4.94,4.99,4.94,34840.84
2018-03-08,4.95,4.96,4.98,4.94,29994.0
2018-03-09,4.96,5.03,5.04,4.94,39456.97
2018-03-12,5.03,5.02,5.04,5.0,25760.16
2018-03-13,5.02,4.95,5.02,4.94,34038.0
2018-03-14,4.94,4.94,4.96,4.9,24585.42
2018-03-15,4.91,4.92,4.94,4.9,18248.66
2018-03-16,4.93,4.93,4.98,4.91,15586.81
2018-03-19,4.9,4.86,4.93,4.85,28463.48
2018-03-20,4.83,4.92,4.93,4.8,26776.99
2018-03-21,4.92,4.95,5.03,4.91,58252.48
2018-03-22,4.94,4.93,4.94,4.87,35255.31
2018-03-23,4.83,4.73,4.83,4.68,46785.27
2018-03-26,4.71,4.77,4.78,4.67,29258.02
2018-03-27,4.81,4.91,4.95,4.81,50086.66
2018-03-28,4.95,4.93,5.02,4.92,84800.02
2018-03-29,4.92,4.93,4.96,4.83,61557.26
2018-03-30,4.93,4.91,4.93,4.86,33008.42
2018-04-02,4.9,4.9,4.92,4.88,29533.7
2018-04-03,4.88,4.82,4.88,4.81,31982.3
2018-04-04,4.84,4.8,4.85,4.79,23327.8
2018-04-09,4.78,4.85,4.87,4.76,33858.84
2018-04-10,4.84,4.87,4.87,4.83,24726.35
2018-04-11,4.88,4.93,4.94,4.88,35495.41
2018-04-12,4.95,4.91,4.95,4.89,23613.92
2018-04-13,4.93,4.9,4.94,4.89,20697.84
2018-04-16,4.89,4.89,4.93,4.87,26299.56
2018-04-17,4.89,4.82,4.91,4.82,23956.11
2018-04-18,4.84,4.91,4.93,4.82,31198.98
2018-04-19,4.91,4.94,4.95,4.89,30006.01
2018-04-20,4.95,4.83,4.95,4.8,32060.46
2018-04-23,4.81,4.88,4.89,4.81,23547.95
2018-04-24,4.87,4.93,4.96,4.86,35630.84
2018-04-25,4.92,4.93,4.95,4.91,17922.96
2018-04-26,4.93,4.93,4.96,4.92,23404.38
2018-04-27,4.96,4.94,4.98,4.93,22734.63
2018-05-02,4.94,4.97,4.98,4.93,27895.2
2018-05-03,4.97,5.02,5.02,4.96,33543.17
2018-05-04,5.02,5.0,5.04,4.99,18514.85
2018-05-07,5.02,5.04,5.05,5.01,37360.98
2018-05-08,5.03,5.06,5.09,5.03,33369.66
2018-05-09,5.06,5.04,5.07,5.01,34009.77
2018-05-10,5.04,5.21,5.22,5.04,92814.79
2018-05-11,5.21,5.12,5.21,5.11,55419.43
2018-05-14,5.13,5.09,5.14,5.07,35031.76
2018-05-15,5.1,5.11,5.12,5.07,39916.81
2018-05-16,5.09,5.08,5.11,5.05,32263.39
2018-05-17,5.06,5.08,5.11,5.05,40047.81
2018-05-18,5.09,5.2,5.23,5.08,70580.25
2018-05-21,5.2,5.23,5.25,5.17,46254.04
2018-05-22,5.22,5.26,5.27,5.2,46259.63
2018-05-23,5.24,5.21,5.25,5.19,30099.23
2018-05-24,5.21,5.19,5.22,5.16,29523.37
2018-05-25,5.19,5.21,5.22,5.17,33125.91
2018-05-28,5.23,5.18,5.23,5.17,23583.46
2018-05-29,5.2,5.18,5.25,5.18,36401.31
2018-05-30,5.16,5.15,5.29,4.99,104375.27
2018-05-31,5.2,5.23,5.28,5.16,72821.96
2018-06-01,5.23,5.22,5.26,5.2,43646.7
2018-06-04,5.22,5.26,5.28,5.21,45014.09
2018-06-05,5.26,5.31,5.32,5.25,59840.13
2018-06-06,5.31,5.3,5.39,5.26,106055.59
2018-06-07,5.24,5.25,5.3,5.15,86188.33
2018-06-08,5.29,5.25,5.29,5.22,46936.86
2018-06-11,5.25,5.17,5.26,5.17,37022.64
2018-06-12,5.19,5.08,5.2,5.03,66623.2
2018-06-13,5.08,5.09,5.11,5.05,31322.22
2018-06-14,5.07,5.06,5.1,5.05,30524.19
2018-06-15,5.06,5.07,5.09,5.04,29091.18
2018-06-19,5.04,4.84,5.09,4.73,65897.34
2018-06-20,4.85,4.89,4.9,4.83,33424.21
2018-06-21,4.89,4.84,4.9,4.83,35056.46
2018-06-22,4.83,4.84,4.86,4.83,16385.97
2018-06-25,4.86,4.83,4.86,4.83,15545.99
2018-06-26,4.82,4.74,4.82,4.67,29350.32
2018-06-27,4.76,4.67,4.8,4.65,16408.5
2018-06-28,4.69,4.77,4.92,4.67,49850.29
2018-06-29,4.77,4.73,4.84,4.69,74703.06
2018-07-02,4.72,4.59,4.72,4.58,50066.0
2018-07-03,4.59,4.56,4.6,4.45,42850.05
2018-07-04,4.52,4.56,4.57,4.49,33475.14
2018-07-05,4.56,4.55,4.59,4.54,23721.06
2018-07-06,4.53,4.56,4.58,4.49,21512.77
2018-07-09,4.56,4.57,4.65,4.52,51209.65
2018-07-10,4.57,4.56,4.58,4.52,49097.72
2018-07-11,4.51,4.49,4.53,4.31,51843.96
2018-07-12,4.47,4.54,4.57,4.47,29782.72
2018-07-13,4.54,4.61,4.65,4.53,47799.31
2018-07-16,4.62,4.64,4.7,4.62,27127.15
2018-07-17,4.64,4.66,4.69,4.62,32718.22
2018-07-18,4.65,4.69,4.73,4.65,29416.91
2018-07-19,4.71,4.77,4.9,4.7,61740.1
2018-07-20,4.75,4.8,4.81,4.72,20372.7
2018-07-23,4.79,4.86,4.89,4.79,32694.2
2018-07-24,4.85,4.84,4.96,4.84,50962.55
2018-07-25,4.85,4.93,4.93,4.85,24984.76
2018-07-26,4.92,4.9,4.96,4.89,20277.21
2018-07-27,4.9,4.94,4.96,4.9,18919.23
2018-07-30,4.94,4.9,4.98,4.9,23080.16
2018-07-31,4.86,4.92,4.95,4.86,23572.25
2018-08-01,4.92,4.84,4.96,4.84,26368.0
2018-08-02,4.88,4.7,4.88,4.65,31772.8
2018-08-03,4.7,4.71,4.77,4.67,29072.43
2018-08-06,4.71,4.69,4.74,4.65,43427.1
2018-08-07,4.71,4.74,4.75,4.67,20355.33
2018-08-08,4.73,4.77,4.83,4.72,40768.46
2018-08-09,4.77,4.86,4.88,4.74,45637.83
2018-08-10,4.87,4.94,4.96,4.82,32067.66
2018-08-13,4.9,5.04,5.04,4.89,51616.93
2018-08-14,5.04,5.09,5.14,4.98,34198.89
2018-08-15,5.1,5.0,5.13,4.98,22349.17
2018-08-16,4.99,4.91,4.99,4.91,20977.73
2018-08-17,4.94,4.89,4.99,4.86,19305.3
2018-08-20,4.91,4.92,4.95,4.86,27700.47
2018-08-21,4.94,5.07,5.09,4.91,49487.37
2018-08-22,5.05,5.04,5.06,5.01,25082.18
2018-08-23,5.04,5.09,5.1,4.99,29625.54
2018-08-24,5.07,5.18,5.19,5.05,33741.21
2018-08-27,5.17,5.17,5.2,5.13,26958.08
2018-08-28,5.1,5.17,5.18,4.99,51761.38
2018-08-29,5.1,5.13,5.16,5.08,28642.45
2018-08-30,5.15,5.18,5.19,5.11,35087.08
2018-08-31,5.19,5.11,5.19,5.1,26005.28
2018-09-03,5.11,5.11,5.13,5.03,22893.07
2018-09-04,5.11,5.17,5.18,5.07,21325.4
2018-09-05,5.16,5.15,5.19,5.14,15591.91
2018-09-06,5.14,5.09,5.16,5.08,12901.0
2018-09-07,5.07,5.1,5.14,5.03,25949.75
2018-09-10,5.05,5.0,5.09,4.98,26321.65
2018-09-11,5.0,5.04,5.11,4.87,50688.01
2018-09-12,5.03,5.04,5.06,4.98,27958.63
2018-09-13,5.04,5.14,5.15,5.02,36810.66
2018-09-14,5.15,5.18,5.19,5.14,23919.12
2018-09-17,5.19,5.14,5.19,5.06,18972.04
2018-09-18,5.05,5.05,5.05,4.98,28043.39
2018-09-19,5.04,5.1,5.13,4.98,27821.36
2018-09-20,5.11,5.05,5.11,5.05,13258.69
2018-09-21,5.05,5.09,5.1,5.02,34198.1
2018-09-25,5.07,5.05,5.09,5.0,17921.0
2018-09-26,5.04,5.04,5.08,5.03,21044.22
2018-09-27,5.03,5.01,5.05,5.0,16751.0
2018-09-28,5.0,5.06,5.06,4.99,16417.86
2018-10-08,5.0,4.96,5.04,4.94,25696.04
2018-10-09,4.94,4.88,4.96,4.83,23770.41
2018-10-10,4.87,5.0,5.03,4.85,15800.43
2018-10-11,4.91,4.87,4.99,4.87,47001.53
2018-10-12,4.89,4.9,5.0,4.85,31969.12
2018-10-15,4.91,4.9,5.01,4.9,10131.91
2018-10-16,4.89,4.94,5.02,4.84,15101.0
2018-10-17,4.94,4.92,4.96,4.85,6295.0
2018-10-18,4.92,4.97,5.02,4.83,24440.82
2018-10-19,4.96,5.09,5.17,4.89,44668.8
2018-10-22,5.15,5.2,5.2,5.07,78664.8
2018-10-23,5.17,5.11,5.2,5.09,45270.72
2018-10-24,5.11,5.02,5.11,5.0,36163.0
2018-10-25,4.92,4.83,4.92,4.81,50641.36
2018-10-26,4.85,4.83,4.88,4.82,27966.59
2018-10-29,4.83,4.72,4.86,4.34,49446.52
2018-10-30,4.72,4.64,4.77,4.6,40056.0
2018-10-31,4.66,4.66,4.7,4.62,32125.94
2018-11-01,4.65,4.65,4.77,4.64,76453.84
2018-11-02,4.7,4.68,4.75,4.6,182126.28
2018-11-05,4.65,4.71,4.73,4.64,51086.0
2018-11-06,4.71,4.71,4.73,4.66,31398.36
2018-11-07,4.71,4.77,4.77,4.68,43992.51
2018-11-08,4.77,4.83,4.84,4.75,42691.86
2018-11-09,4.84,4.81,4.85,4.79,27316.06
2018-11-12,4.82,4.9,4.92,4.81,37081.92
2018-11-13,4.84,4.9,4.94,4.83,41992.77
2018-11-14,4.9,4.9,4.97,4.89,19813.68
2018-11-15,4.91,4.91,4.96,4.9,30415.57
2018-11-16,4.92,4.93,4.97,4.9,44488.93
2018-11-19,4.96,4.95,4.96,4.89,33701.6
2018-11-20,4.95,4.9,4.95,4.88,24492.22
2018-11-21,4.9,4.94,4.97,4.86,19366.58
2018-11-22,4.96,4.96,5.02,4.94,25764.34
2018-11-23,4.98,4.86,4.98,4.84,22612.91
2018-11-26,4.88,4.89,4.93,4.83,13485.01
2018-11-27,4.86,4.93,4.94,4.86,15671.2
2018-11-28,4.94,4.99,5.02,4.86,21209.4
2018-11-29,5.01,5.01,5.03,4.99,26150.17
2018-11-30,5.0,4.94,5.0,4.92,17694.0
2018-12-03,5.0,5.0,5.01,4.95,16150.24
2018-12-04,5.02,5.03,5.04,4.98,12069.81
2018-12-05,5.02,5.03,5.08,4.98,15590.88
2018-12-06,5.03,5.02,5.06,4.98,14045.31
2018-12-07,5.0,5.02,5.09,5.0,25441.81
2018-12-10,4.95,5.07,5.08,4.95,28157.41
2018-12-11,5.09,5.05,5.09,5.03,16021.29
2018-12-12,5.05,5.1,5.12,5.04,20360.17
2018-12-13,5.11,5.1,5.13,5.09,15218.92
2018-12-14,5.09,4.96,5.14,4.96,34610.9
2018-12-17,4.98,5.11,5.13,4.98,64343.65
2018-12-18,5.11,5.13,5.2,5.07,61501.32
2018-12-19,5.16,5.32,5.32,5.1,94457.52
2018-12-20,5.3,5.41,5.45,5.24,101457.63
2018-12-21,5.38,5.45,5.52,5.26,74484.63
2018-12-24,5.44,5.39,5.48,5.33,50889.57
2018-12-25,5.4,5.43,5.46,5.34,53381.38
2018-12-26,5.41,5.41,5.47,5.34,35282.53
2018-12-27,5.45,5.43,5.45,5.39,38683.87
2018-12-28,5.43,5.49,5.49,5.41,34249.92
2019-01-02,5.51,5.43,5.51,5.39,29196.3
2019-01-03,5.42,5.34,5.5,5.29,45521.62
2019-01-04,5.41,5.5,5.58,5.38,50153.1
2019-01-07,5.53,5.53,5.6,5.46,41286.55
2019-01-08,5.55,5.61,5.62,5.49,38810.1
2019-01-09,5.61,5.62,5.64,5.49,41418.61
2019-01-10,5.57,5.49,5.58,5.45,40815.86
2019-01-11,5.52,5.48,5.57,5.4,44472.58
2019-01-14,5.49,5.54,5.64,5.48,31447.34
2019-01-15,5.54,5.48,5.58,5.41,41867.39
2019-01-16,5.45,5.48,5.51,5.45,33226.32
2019-01-17,5.48,5.56,5.59,5.39,48196.96
2019-01-18,5.53,5.43,5.53,5.39,56735.9
2019-01-21,5.43,5.32,5.44,5.3,45341.95
2019-01-22,5.32,5.41,5.45,5.31,48008.84
2019-01-23,5.39,5.53,5.53,5.38,45928.29
2019-01-24,5.55,5.57,5.59,5.5,39682.39
2019-01-25,5.56,5.57,5.64,5.53,34355.45
2019-01-28,5.59,5.62,5.66,5.58,43122.2
2019-01-29,5.6,5.68,5.69,5.58,51966.78
2019-01-30,5.66,5.66,5.66,5.58,26852.56
2019-01-31,5.65,5.69,5.7,5.58,34623.83
2019-02-01,5.74,5.79,5.79,5.64,50147.08
2019-02-11,5.76,5.81,5.83,5.71,40311.26
2019-02-12,5.7,5.82,5.88,5.7,39056.29
2019-02-13,5.82,5.81,5.86,5.79,45818.77
2019-02-14,5.81,5.83,5.85,5.77,41640.49
2019-02-15,5.83,5.78,5.85,5.75,46871.45
2019-02-18,5.81,5.83,5.85,5.75,88453.65
2019-02-19,6.03,6.04,6.4,5.83,330976.99
2019-02-20,5.98,5.94,5.98,5.71,135839.59
2019-02-21,5.89,5.79,5.89,5.78,91901.61
2019-02-22,5.8,5.77,5.81,5.7,84252.62
2019-02-25,5.81,5.91,5.94,5.71,181188.38
2019-02-26,5.91,5.79,5.91,5.77,146424.83
2019-02-27,5.78,5.74,5.81,5.68,101342.42
2019-02-28,5.74,5.74,5.77,5.7,54274.32
2019-03-01,5.77,5.75,5.78,5.72,54560.75
2019-03-04,5.75,5.8,5.82,5.74,100454.04
2019-03-05,5.79,5.81,5.85,5.76,101664.79
2019-03-06,5.81,5.81,5.83,5.76,108080.45
2019-03-07,5.79,5.8,5.84,5.77,117964.15
2019-03-08,5.79,5.66,5.81,5.66,155566.79
2019-03-11,5.66,5.65,5.72,5.62,127389.03
2019-03-12,5.67,5.68,5.71,5.64,90424.12
2019-03-13,5.68,5.62,5.7,5.6,76467.31
2019-03-14,5.62,5.64,5.65,5.58,59778.05
2019-03-15,5.63,5.71,5.77,5.62,81214.94
2019-03-18,5.71,5.81,5.81,5.71,119175.0
2019-03-19,5.82,5.79,5.85,5.76,57461.03
2019-03-20,5.77,5.79,5.83,5.74,63164.19
2019-03-21,5.79,5.79,5.81,5.76,63586.96
2019-03-22,5.79,5.77,5.81,5.75,63509.49
2019-03-25,5.74,5.75,5.77,5.7,67682.04
2019-03-26,5.72,5.76,5.78,5.72,73086.58
2019-03-27,5.75,5.82,5.82,5.72,99363.32
2019-03-28,5.85,5.98,5.99,5.81,162135.97
2019-03-29,6.02,5.94,6.02,5.85,156108.26
2019-04-01,5.93,5.96,5.97,5.91,182192.94
2019-04-02,5.97,5.93,5.99,5.91,112460.91
2019-04-03,5.93,5.92,5.94,5.89,92904.68
2019-04-04,5.91,5.96,5.98,5.91,151616.79
2019-04-08,5.97,6.06,6.08,5.95,148231.01
2019-04-09,6.05,6.0,6.05,5.94,86456.71
2019-04-10,5.99,5.97,6.0,5.94,65627.4
2019-04-11,5.97,6.0,6.0,5.92,78958.86
2019-04-12,5.99,5.98,6.0,5.94,72855.5
2019-04-15,6.0,5.95,6.01,5.94,69203.94
2019-04-16,5.93,5.96,5.96,5.91,70441.79
2019-04-17,5.95,5.93,5.96,5.93,55661.47
2019-04-18,5.95,5.93,5.96,5.93,44494.57
2019-04-19,5.93,5.94,5.96,5.92,40530.57
2019-04-22,5.94,5.92,5.96,5.92,44210.65
2019-04-23,5.92,5.83,5.94,5.83,62123.07
2019-04-24,5.85,5.81,5.85,5.75,56935.27
2019-04-25,5.8,5.74,5.8,5.74,35253.16
2019-04-26,5.73,5.71,5.74,5.68,34061.86
2019-04-29,5.71,5.7,5.76,5.66,39462.03
2019-04-30,5.7,5.74,5.77,5.68,41250.09
2019-05-06,5.69,5.58,5.69,5.49,58271.62
2019-05-07,5.59,5.52,5.62,5.51,49874.59
2019-05-08,5.49,5.34,5.49,5.33,100727.49
2019-05-09,5.3,5.17,5.34,5.17,72281.69
2019-05-10,5.21,5.36,5.42,5.2,74994.94
2019-05-13,5.32,5.39,5.48,5.28,56107.36
2019-05-14,5.39,5.48,5.51,5.35,59357.8
2019-05-15,5.49,5.54,5.58,5.47,45045.09
2019-05-16,5.51,5.55,5.58,5.51,44553.7
2019-05-17,5.57,5.35,5.57,5.32,63285.59
2019-05-20,5.39,5.35,5.39,5.3,48177.95
2019-05-21,5.38,5.42,5.45,5.34,36877.01
2019-05-22,5.42,5.43,5.47,5.39,49627.1
2019-05-23,5.41,5.49,5.52,5.38,46300.98
2019-05-24,5.45,5.55,5.57,5.45,36733.07
2019-05-27,5.59,5.57,5.59,5.5,26434.0
2019-05-28,5.57,5.58,5.62,5.55,35627.0
2019-05-29,5.58,5.65,5.72,5.57,40227.56
2019-05-30,5.67,5.75,5.77,5.62,48206.22
2019-05-31,5.75,5.83,5.84,5.74,50564.75
2019-06-03,5.8,5.83,5.87,5.77,33765.06
2019-06-04,5.81,5.76,5.83,5.67,28679.58
2019-06-05,5.82,5.7,5.83,5.68,28010.81
2019-06-06,5.73,5.7,5.75,5.68,19841.51
2019-06-10,5.7,5.7,5.74,5.66,23629.41
2019-06-11,5.71,5.75,5.77,5.71,41510.59
2019-06-12,5.75,5.81,5.87,5.74,96988.18
2019-06-13,5.8,5.66,5.8,5.52,91816.65
2019-06-14,5.64,5.65,5.67,5.59,34642.23
2019-06-17,5.64,5.61,5.64,5.56,19540.0
2019-06-18,5.61,5.59,5.61,5.57,25790.7
2019-06-19,5.63,5.58,5.64,5.56,47231.49
2019-06-20,5.58,5.57,5.6,5.53,37802.26
2019-06-21,5.58,5.58,5.6,5.56,38407.22
2019-06-24,5.56,5.55,5.59,5.52,33800.75
2019-06-25,5.55,5.45,5.55,5.44,52805.79
2019-06-26,5.42,5.37,5.44,5.34,49721.0
2019-06-27,5.38,5.28,5.4,5.23,127929.47
2019-06-28,5.23,5.28,5.3,5.23,43630.56
2019-07-01,5.32,5.33,5.39,5.29,83304.38
2019-07-02,5.35,5.33,5.37,5.3,56690.28
2019-07-03,5.32,5.38,5.42,5.3,62938.88
2019-07-04,5.38,5.37,5.41,5.33,27375.0
2019-07-05,5.35,5.42,5.44,5.34,41595.08
2019-07-08,5.39,5.46,5.46,5.36,52758.62
2019-07-09,5.42,5.49,5.49,5.39,35660.0
2019-07-10,5.47,5.56,5.56,5.45,61121.07
2019-07-11,5.54,5.51,5.6,5.47,35529.53
2019-07-12,5.5,5.57,5.57,5.49,28035.21
2019-07-15,5.57,5.53,5.57,5.47,23879.11
2019-07-16,5.52,5.48,5.53,5.46,15512.68
2019-07-17,5.48,5.46,5.51,5.42,31199.16
2019-07-18,5.46,5.41,5.47,5.4,18154.75
2019-07-19,5.41,5.43,5.46,5.39,23636.76
2019-07-22,5.45,5.44,5.51,5.41,18604.31
2019-07-23,5.45,5.45,5.49,5.44,12664.25
2019-07-24,5.45,5.46,5.47,5.41,34745.05
2019-07-25,5.46,5.44,5.46,5.39,24775.59
2019-07-26,5.44,5.48,5.48,5.43,14930.87
2019-07-29,5.49,5.5,5.5,5.47,16470.24
2019-07-30,5.48,5.5,5.53,5.48,12499.3
2019-07-31,5.49,5.49,5.51,5.45,17375.23
2019-08-01,5.5,5.47,5.5,5.44,23665.0
2019-08-02,5.45,5.42,5.45,5.38,27006.74
2019-08-05,5.42,5.39,5.42,5.37,20295.79
2019-08-06,5.37,5.32,5.37,5.25,26594.84
2019-08-07,5.34,5.37,5.38,5.33,16263.54
2019-08-08,5.36,5.38,5.39,5.36,16225.0
2019-08-09,5.38,5.38,5.4,5.35,14361.0
2019-08-12,5.38,5.39,5.39,5.35,11904.33
2019-08-13,5.39,5.39,5.39,5.35,13170.42
2019-08-14,5.4,5.38,5.42,5.38,14685.31
2019-08-15,5.36,5.37,5.37,5.32,28659.39
2019-08-16,5.35,5.37,5.37,5.32,28815.91
2019-08-19,5.42,5.44,5.53,5.41,30460.82
2019-08-20,5.44,5.42,5.46,5.4,20812.81
2019-08-21,5.42,5.39,5.42,5.36,21716.96
2019-08-22,5.39,5.46,5.46,5.37,35492.64
2019-08-23,5.45,5.41,5.49,5.37,53992.96
2019-08-26,5.36,5.37,5.37,5.34,22398.88
2019-08-27,5.37,5.39,5.4,5.35,22699.26
2019-08-28,5.37,5.38,5.39,5.35,13369.05
2019-08-29,5.35,5.3,5.35,5.28,45318.42
2019-08-30,5.32,5.23,5.32,5.21,45477.1
2019-09-02,5.23,5.23,5.26,5.22,26132.43
2019-09-03,5.23,5.24,5.28,5.21,37817.18
2019-09-04,5.25,5.28,5.29,5.23,37602.46
2019-09-05,5.29,5.3,5.31,5.28,43731.16
2019-09-06,5.3,5.3,5.32,5.3,24783.55
2019-09-09,5.32,5.32,5.33,5.29,38848.59
2019-09-10,5.33,5.32,5.33,5.29,24965.31
2019-09-11,5.32,5.31,5.33,5.29,24923.36
2019-09-12,5.3,5.31,5.31,5.28,21347.3
2019-09-16,5.31,5.31,5.32,5.3,20425.69
2019-09-17,5.31,5.28,5.31,5.25,22999.74
2019-09-18,5.28,5.32,5.32,5.25,60329.91
2019-09-19,5.31,5.32,5.32,5.3,30247.29
2019-09-20,5.32,5.31,5.35,5.31,34384.26
2019-09-23,5.35,5.34,5.35,5.28,45456.08
2019-09-24,5.33,5.37,5.37,5.32,39218.73
2019-09-25,5.37,5.37,5.38,5.34,35239.02
2019-09-26,5.35,5.35,5.37,5.32,29102.95
2019-09-27,5.35,5.36,5.37,5.33,20094.12
2019-09-30,5.36,5.39,5.43,5.34,25287.32
2019-10-08,5.39,5.37,5.42,5.37,15172.49
2019-10-09,5.37,5.39,5.43,5.36,13610.0
2019-10-10,5.39,5.42,5.42,5.38,19518.42
2019-10-11,5.43,5.42,5.43,5.39,21965.91
2019-10-14,5.43,5.41,5.48,5.39,54230.0
2019-10-15,5.39,5.45,5.46,5.39,56991.62
2019-10-16,5.45,5.5,5.51,5.45,44693.26
2019-10-17,5.47,5.51,5.52,5.46,23558.16
2019-10-18,5.51,5.57,5.58,5.5,44438.02
2019-10-21,5.56,5.49,5.56,5.46,33168.51
2019-10-22,5.46,5.5,5.5,5.46,17809.8
2019-10-23,5.5,5.53,5.55,5.48,27991.3
2019-10-24,5.5,5.54,5.56,5.48,26226.94
2019-10-25,5.56,5.56,5.56,5.52,23398.68
2019-10-28,5.56,5.53,5.56,5.52,19655.68
2019-10-29,5.53,5.53,5.56,5.51,27551.0
2019-10-30,5.53,5.53,5.53,5.49,24712.76
2019-10-31,5.45,5.51,5.52,5.41,20696.38
2019-11-01,5.48,5.48,5.51,5.43,30661.38
2019-11-04,5.48,5.44,5.49,5.39,46290.17
2019-11-05,5.44,5.62,5.63,5.42,86232.11
2019-11-06,5.58,5.6,5.63,5.57,25487.26
2019-11-07,5.58,5.59,5.62,5.56,18840.97
2019-11-08,5.61,5.63,5.63,5.59,21654.42
2019-11-11,5.64,5.61,5.64,5.54,34881.29
2019-11-12,5.59,5.57,5.6,5.49,26246.76
2019-11-13,5.53,5.59,5.59,5.52,16041.23
2019-11-14,5.59,5.62,5.63,5.55,17228.82
2019-11-15,5.62,5.54,5.62,5.54,19034.23
2019-11-18,5.55,5.59,5.59,5.51,11312.15
2019-11-19,5.59,5.59,5.62,5.57,12225.14
2019-11-20,5.6,5.58,5.6,5.56,10549.0
2019-11-21,5.56,5.56,5.58,5.54,10070.0
2019-11-22,5.58,5.58,5.6,5.53,16507.94
2019-11-25,5.58,5.6,5.6,5.54,14592.12
2019-11-26,5.61,5.61,5.63,5.56,11615.0
2019-11-27,5.6,5.62,5.63,5.58,14815.08
2019-11-28,5.61,5.62,5.63,5.58,9869.0
2019-11-29,5.62,5.6,5.63,5.56,20703.11
2019-12-02,5.57,5.59,5.6,5.56,10432.01
2019-12-03,5.57,5.57,5.59,5.55,9417.0
2019-12-04,5.56,5.58,5.58,5.53,14198.56
2019-12-05,5.56,5.58,5.6,5.56,13505.93
2019-12-06,5.6,5.6,5.6,5.56,11634.55
2019-12-09,5.58,5.57,5.6,5.57,11178.0
2019-12-10,5.57,5.58,5.6,5.56,9728.42
2019-12-11,5.58,5.58,5.58,5.56,16380.72
2019-12-12,5.56,5.56,5.59,5.53,17732.0
2019-12-13,5.57,5.58,5.59,5.55,27678.02
2019-12-16,5.58,5.58,5.59,5.56,17249.12
2019-12-17,5.59,5.59,5.6,5.56,31266.37
2019-12-18,5.58,5.59,5.6,5.57,27084.31
2019-12-19,5.57,5.59,5.59,5.56,21765.57
2019-12-20,5.58,5.58,5.59,5.56,19198.17
2019-12-23,5.57,5.58,5.59,5.55,24810.18
2019-12-24,5.57,5.58,5.58,5.56,9809.22
2019-12-25,5.56,5.59,5.6,5.56,30242.48
2019-12-26,5.59,5.59,5.59,5.56,12691.17
2019-12-27,5.58,5.6,5.6,5.56,30476.14
2019-12-30,5.58,5.7,5.79,5.56,83083.63
2019-12-31,5.7,5.77,5.78,5.63,48592.81
2020-01-02,5.8,5.83,5.84,5.76,61638.8
2020-01-03,5.83,5.94,5.95,5.83,54658.26
2020-01-06,5.95,5.93,5.97,5.8,66582.41
2020-01-07,5.9,5.85,5.9,5.83,50308.36
2020-01-08,5.85,5.76,5.86,5.73,32996.43
2020-01-09,5.75,5.75,5.81,5.71,44181.08
2020-01-10,5.75,5.75,5.78,5.73,24688.08
2020-01-13,5.76,5.76,5.79,5.73,28312.14
2020-01-14,5.76,5.74,5.76,5.73,33542.84
2020-01-15,5.74,5.77,5.79,5.73,36723.95
2020-01-16,5.77,5.8,5.82,5.76,29528.94
2020-01-17,5.8,5.82,5.83,5.78,24191.05
2020-01-20,5.81,5.76,5.82,5.74,40474.08
2020-01-21,5.76,5.78,5.79,5.74,19245.1
2020-01-22,5.76,5.81,5.81,5.69,37373.84
2020-01-23,5.72,5.64,5.72,5.56,59805.53
2020-02-03,5.08,5.31,5.44,5.07,60135.27
2020-02-04,5.23,5.52,5.56,5.23,58545.42
2020-02-05,5.52,5.54,5.58,5.39,57424.06
2020-02-06,5.49,5.46,5.49,5.42,45349.71
2020-02-07,5.43,5.35,5.45,5.32,38384.61
2020-02-10,5.35,5.32,5.35,5.3,23226.84
2020-02-11,5.32,5.37,5.41,5.3,37810.93
2020-02-12,5.36,5.38,5.39,5.32,22831.05
2020-02-13,5.37,5.35,5.39,5.33,10849.24
2020-02-14,5.35,5.44,5.47,5.3,45988.03
2020-02-17,5.32,5.4,5.4,5.23,50653.86
2020-02-18,5.39,5.35,5.39,5.32,42966.22
2020-02-19,5.33,5.33,5.34,5.28,48295.77
2020-02-20,5.31,5.36,5.36,5.3,30781.1
2020-02-21,5.35,5.34,5.35,5.32,33805.4
2020-02-24,5.32,5.3,5.32,5.28,29481.03
2020-02-25,5.26,5.32,5.32,5.23,25259.61
2020-02-26,5.25,5.32,5.33,5.25,26673.1
2020-02-27,5.32,5.32,5.33,5.29,18703.33
2020-02-28,5.29,5.28,5.29,5.17,41224.34
2020-03-02,5.23,5.3,5.32,5.23,29795.92
2020-03-03,5.31,5.31,5.35,5.29,34887.29
2020-03-04,5.3,5.25,5.32,5.23,37354.54
2020-03-05,5.27,5.25,5.28,5.23,49291.48
2020-03-06,5.24,5.24,5.24,5.22,31737.81
2020-03-09,5.21,5.18,5.23,5.18,33668.23
2020-03-10,5.15,5.2,5.21,5.11,41200.14
2020-03-11,5.21,5.17,5.23,5.16,28150.47
2020-03-12,5.16,5.14,5.16,5.09,31574.0
2020-03-13,5.05,5.05,5.11,4.91,37553.4
2020-03-16,5.05,4.97,5.05,4.96,19244.06
2020-03-17,4.95,4.86,5.01,4.81,31110.95
2020-03-18,4.9,4.76,4.9,4.76,21293.0
2020-03-19,4.75,4.59,4.77,4.49,37423.07
2020-03-20,4.63,4.6,4.64,4.55,30663.37
2020-03-23,4.54,4.51,4.57,4.47,25639.26
2020-03-24,4.56,4.62,4.63,4.54,36757.52
2020-03-25,4.67,4.72,4.75,4.62,39987.78
2020-03-26,4.72,4.7,4.74,4.67,21970.97
2020-03-27,4.7,4.77,4.79,4.69,18951.45
2020-03-30,4.72,4.74,4.77,4.68,14350.0
2020-03-31,4.79,4.72,4.79,4.7,9215.52
2020-04-01,4.7,4.74,4.76,4.7,16247.33
2020-04-02,4.74,4.74,4.75,4.62,28283.9
2020-04-03,4.72,4.79,4.81,4.69,18825.02
2020-04-07,4.82,4.9,4.9,4.8,24470.85
2020-04-08,4.88,4.9,4.93,4.84,19321.26
2020-04-09,4.9,5.0,5.05,4.9,26946.08
2020-04-10,5.03,5.05,5.09,4.98,24345.9
2020-04-13,5.02,4.91,5.02,4.88,22842.81
2020-04-14,4.93,4.88,4.95,4.85,15182.02
2020-04-15,4.92,4.87,4.93,4.83,15353.67
2020-04-16,4.81,4.84,4.86,4.81,10766.13
2020-04-17,4.86,4.85,4.87,4.83,10829.2
2020-04-20,4.88,4.86,4.98,4.82,19118.05
2020-04-21,4.82,4.77,4.84,4.75,21924.22
2020-04-22,4.76,4.74,4.77,4.68,16409.76
2020-04-23,4.74,4.79,4.8,4.73,19131.27
2020-04-24,4.79,4.77,4.8,4.75,11033.93
2020-04-27,4.79,4.97,4.98,4.79,35579.58
2020-04-28,4.98,4.96,5.0,4.86,33012.83
2020-04-29,5.06,5.21,5.23,5.06,75793.58
2020-04-30,5.21,5.17,5.27,5.1,57269.76
2020-05-06,5.16,5.02,5.16,4.95,55079.48
2020-05-07,5.02,5.0,5.02,4.95,28844.55
2020-05-08,5.02,5.03,5.03,4.98,28849.0
2020-05-11,5.02,4.97,5.05,4.92,30411.21
2020-05-12,4.95,4.93,4.97,4.91,15790.08
2020-05-13,4.93,4.95,4.96,4.9,20928.08
2020-05-14,4.93,4.89,4.93,4.88,19786.0
2020-05-15,4.91,4.92,4.95,4.89,19290.11
2020-05-18,4.92,4.98,4.98,4.89,26408.05
2020-05-19,4.98,4.93,5.0,4.91,24219.14
2020-05-20,4.92,4.86,4.92,4.84,27482.0
2020-05-21,4.86,4.81,4.88,4.81,16514.0
2020-05-22,4.82,4.77,4.82,4.76,13625.0
2020-05-25,4.75,4.71,4.75,4.69,15239.88
2020-05-26,4.72,4.76,4.79,4.7,18787.48
2020-05-27,4.75,4.77,4.84,4.75,20338.0
2020-05-28,4.77,4.82,4.83,4.73,24271.24
2020-05-29,4.8,4.79,4.83,4.78,12405.0
2020-06-01,4.79,4.88,4.89,4.77,30129.97
2020-06-02,4.89,4.93,4.93,4.84,27184.22
2020-06-03,4.91,4.92,4.95,4.86,25134.99
2020-06-04,4.91,4.91,4.94,4.85,27869.1
2020-06-05,4.91,4.88,4.93,4.86,18774.86
2020-06-08,4.86,4.88,4.91,4.84,29402.87
2020-06-09,4.88,4.88,4.88,4.85,20249.42
2020-06-10,4.87,4.86,4.87,4.84,13160.41
2020-06-11,4.86,4.86,4.89,4.83,31221.03
2020-06-12,4.82,4.76,4.88,4.76,60334.45
2020-06-15,4.75,4.79,4.85,4.7,76288.26
2020-06-16,4.79,4.88,4.88,4.74,45248.06
2020-06-17,4.86,4.89,4.93,4.85,37987.15
2020-06-18,4.89,4.86,4.9,4.85,32410.93
2020-06-19,4.88,4.81,4.88,4.81,42170.98
2020-06-22,4.81,4.78,4.81,4.77,26372.19
2020-06-23,4.81,4.81,4.82,4.77,20530.5
2020-06-24,4.82,4.85,4.86,4.8,22719.0
2020-06-29,4.81,4.84,4.85,4.79,16040.4
2020-06-30,4.85,4.88,4.88,4.82,22721.28
2020-07-01,4.87,4.91,4.92,4.86,34298.66
2020-07-02,4.91,4.98,5.02,4.91,46163.2
2020-07-03,4.98,5.0,5.0,4.96,42738.26
2020-07-06,4.99,5.37,5.5,4.99,106482.13
2020-07-07,5.3,5.18,5.31,5.14,94761.21
2020-07-08,5.14,5.18,5.22,5.06,53095.02
2020-07-09,5.15,5.21,5.23,5.12,81697.26
2020-07-10,5.17,5.16,5.21,5.14,51551.22
2020-07-13,5.15,5.21,5.23,5.15,60737.34
2020-07-14,5.22,5.15,5.25,5.13,71079.25
2020-07-15,5.16,5.07,5.18,5.05,50064.32
2020-07-16,5.07,4.91,5.09,4.91,70283.82
2020-07-17,5.02,4.98,5.07,4.95,69894.18
2020-07-20,4.98,5.04,5.08,4.98,85627.48
2020-07-21,5.03,4.98,5.05,4.97,46825.73
2020-07-22,4.98,4.99,5.03,4.96,41940.25
2020-07-23,4.98,4.95,5.01,4.89,51253.0
2020-07-24,4.96,4.86,4.96,4.85,46191.58
2020-07-27,4.88,4.84,4.9,4.81,29830.0
2020-07-28,4.84,4.91,4.92,4.84,21902.05
2020-07-29,4.95,5.02,5.05,4.94,47999.74
2020-07-30,5.02,5.05,5.07,5.0,31579.82
2020-07-31,5.05,5.04,5.06,4.99,30109.93
2020-08-03,5.05,5.09,5.11,5.05,43100.91
2020-08-04,5.11,5.19,5.34,5.08,96040.44
2020-08-05,5.19,5.23,5.33,5.16,112794.27
2020-08-06,5.16,5.09,5.17,5.04,74524.65
2020-08-07,5.07,5.03,5.08,5.01,57193.14
2020-08-10,5.03,5.09,5.1,4.98,45109.11
2020-08-11,5.09,5.09,5.15,5.07,37143.77
2020-08-12,5.07,5.12,5.15,5.03,44955.48
2020-08-13,5.12,5.12,5.15,5.09,33370.31
2020-08-14,5.16,5.14,5.16,5.11,21439.53
2020-08-17,5.14,5.18,5.19,5.12,39150.32
2020-08-18,5.2,5.23,5.27,5.18,36542.28
2020-08-19,5.23,5.23,5.25,5.17,27470.2
2020-08-20,5.23,5.21,5.23,5.17,39133.98
2020-08-21,5.23,5.23,5.25,5.21,15648.72
2020-08-24,5.2,5.22,5.24,5.18,21602.83
2020-08-25,5.22,5.24,5.24,5.15,35736.37
2020-08-26,5.22,5.15,5.24,5.14,28113.0
2020-08-27,5.17,5.19,5.2,5.11,19245.41
2020-08-28,5.17,5.23,5.24,5.14,21584.73
2020-08-31,5.24,5.09,5.25,5.03,42590.48
2020-09-01,5.06,5.08,5.12,5.06,19698.75
2020-09-02,5.08,5.09,5.14,5.07,17447.21
2020-09-03,5.1,5.12,5.14,5.07,14412.53
2020-09-04,5.08,5.12,5.13,5.05,15592.0
2020-09-07,5.1,5.09,5.16,5.07,20370.45
2020-09-08,5.07,5.09,5.12,5.05,21979.63
2020-09-09,5.12,5.11,5.13,5.06,24716.71
2020-09-10,5.16,5.13,5.2,5.12,39639.86
2020-09-11,5.14,5.18,5.19,5.07,23260.43
2020-09-14,5.18,5.14,5.2,5.13,12538.0
2020-09-15,5.09,5.12,5.14,5.09,10898.17
2020-09-16,5.14,5.13,5.16,5.11,11676.94
2020-09-17,5.15,5.13,5.16,5.12,12347.0
2020-09-18,5.14,5.16,5.17,5.13,15338.0
2020-09-21,5.15,5.12,5.17,5.12,17946.0
2020-09-22,5.11,5.08,5.12,5.07,16304.87
2020-09-23,5.08,5.08,5.1,5.06,12035.0
2020-09-24,5.07,5.06,5.07,5.03,22112.02
2020-09-25,5.04,5.03,5.07,5.0,9566.0
2020-09-28,5.02,5.01,5.06,5.0,7358.84
2020-09-29,5.01,5.05,5.05,5.01,11090.16
2020-09-30,5.05,5.02,5.05,4.99,12624.83
2020-10-09,5.02,5.04,5.05,5.0,15623.86
2020-10-12,5.04,5.06,5.06,5.01,21399.65
2020-10-13,5.05,5.09,5.1,5.01,27332.09
2020-10-14,5.07,5.08,5.12,5.06,13911.84
2020-10-15,5.09,5.14,5.16,5.03,23162.74
2020-10-16,5.09,5.12,5.13,5.05,18004.11
2020-10-19,5.12,5.04,5.13,5.04,25824.86
2020-10-20,5.06,5.06,5.07,5.03,5408.0
2020-10-21,5.06,5.11,5.11,5.05,11922.75
2020-10-22,5.09,5.07,5.1,5.07,8265.98
2020-10-23,5.08,5.06,5.09,5.06,13734.93
2020-10-26,5.05,5.09,5.12,5.02,31645.6
2020-10-27,5.08,5.1,5.12,5.06,13503.88
2020-10-28,5.09,5.09,5.14,5.06,18010.29
2020-10-29,5.04,5.1,5.11,5.03,18124.52
2020-10-30,5.09,5.05,5.1,5.04,20024.47
2020-11-02,5.06,5.03,5.07,5.02,12526.31
2020-11-03,5.05,5.09,5.1,5.0,25083.72
2020-11-04,5.06,5.06,5.09,5.04,7961.62
2020-11-05,5.08,5.04,5.11,5.02,22682.83
2020-11-06,5.06,5.02,5.06,5.0,18283.26
2020-11-09,5.03,5.03,5.06,5.02,18668.0
2020-11-10,5.03,5.06,5.09,5.03,28284.98
2020-11-11,5.05,5.06,5.08,5.04,11345.42
2020-11-12,5.07,5.11,5.11,5.05,24132.85
2020-11-13,5.11,5.07,5.12,5.05,28526.14
2020-11-16,5.07,5.09,5.11,5.06,15881.97
2020-11-17,5.11,5.11,5.12,5.08,16788.09
2020-11-18,5.11,5.07,5.14,5.06,37161.08
2020-11-19,5.07,5.06,5.08,5.05,16086.96
2020-11-20,5.06,5.07,5.09,5.06,19838.97
2020-11-23,5.07,5.06,5.1,5.05,29533.72
2020-11-24,5.07,5.06,5.07,5.05,19489.52
2020-11-25,5.07,5.06,5.08,5.06,21503.63
2020-11-26,5.07,5.06,5.08,5.06,26624.7
2020-11-27,5.13,5.09,5.13,5.06,42569.86
2020-11-30,5.07,5.06,5.11,5.06,51690.66
2020-12-01,5.06,5.07,5.07,5.04,32744.3
2020-12-02,5.05,5.07,5.09,5.05,36310.48
2020-12-03,5.08,5.06,5.08,5.05,21740.69
2020-12-04,5.05,5.03,5.06,5.03,27508.16
2020-12-07,5.03,5.02,5.04,5.0,23573.0
2020-12-08,5.01,5.01,5.06,5.01,27054.73
2020-12-09,5.0,4.91,5.03,4.9,69089.95
2020-12-10,4.91,4.88,4.93,4.83,57788.69
2020-12-11,4.89,4.93,4.93,4.8,74562.13
2020-12-14,4.89,4.84,4.89,4.75,47440.13
2020-12-15,4.82,4.83,4.83,4.8,10525.91
2020-12-16,4.83,4.79,4.84,4.78,14489.73
2020-12-17,4.79,4.82,4.83,4.77,13260.0
2020-12-18,4.83,4.83,4.83,4.8,8133.89
2020-12-21,4.84,4.8,4.86,4.8,17211.7
2020-12-22,4.8,4.77,4.8,4.75,14670.99
2020-12-23,4.77,4.76,4.78,4.71,16335.71
2020-12-24,4.75,4.59,4.76,4.59,33705.13
2020-12-25,4.6,4.6,4.63,4.55,20511.72
2020-12-28,4.6,4.57,4.61,4.56,9382.05
2020-12-29,4.57,4.58,4.61,4.55,20217.05
2020-12-30,4.57,4.43,4.6,4.43,64497.0
2020-12-31,4.4,4.48,4.48,4.4,41888.92
2021-01-04,4.48,4.46,4.49,4.43,33006.8
2021-01-05,4.46,4.43,4.46,4.38,36232.06
2021-01-06,4.43,4.44,4.44,4.38,25314.59
2021-01-07,4.44,4.34,4.44,4.33,36228.21
2021-01-08,4.34,4.38,4.39,4.29,30001.5
2021-01-11,4.38,4.32,4.39,4.27,42138.16
2021-01-12,4.32,4.4,4.42,4.28,49712.02
2021-01-13,4.41,4.5,4.52,4.37,48427.7
2021-01-14,4.51,4.49,4.52,4.47,20107.44
2021-01-15,4.5,4.46,4.51,4.44,24277.12
2021-01-18,4.51,4.46,4.51,4.45,11164.3
2021-01-19,4.44,4.49,4.5,4.44,16325.03
2021-01-20,4.49,4.45,4.52,4.43,22182.0
2021-01-21,4.44,4.44,4.46,4.42,11557.0
2021-01-22,4.46,4.4,4.46,4.37,13359.37
2021-01-25,4.4,4.33,4.44,4.31,28405.88
2021-01-26,4.32,4.34,4.35,4.31,14823.83
2021-01-27,4.33,4.35,4.37,4.32,20432.4
2021-01-28,4.35,4.29,4.36,4.28,23395.54
2021-01-29,4.3,4.36,4.4,4.27,28095.38
2021-02-01,4.35,4.48,4.52,4.31,44614.23
2021-02-02,4.46,4.46,4.52,4.4,31068.25
2021-02-03,4.44,4.5,4.52,4.4,35918.19
2021-02-04,4.51,4.45,4.52,4.4,27730.77
2021-02-05,4.48,4.51,4.51,4.45,26262.99
2021-02-08,4.47,4.6,4.63,4.47,62584.07
2021-02-09,4.6,4.86,4.86,4.57,123713.32
2021-02-10,4.8,4.91,4.92,4.75,61728.0
2021-02-18,4.9,4.93,4.94,4.84,66171.01
2021-02-19,4.89,4.94,4.97,4.87,29740.67
2021-02-22,4.98,5.0,5.01,4.88,89576.32
2021-02-23,4.89,4.87,5.04,4.87,93624.09
2021-02-24,4.9,4.92,5.0,4.89,64325.09
2021-02-25,4.89,5.0,5.02,4.89,62553.04
2021-02-26,4.99,5.01,5.01,4.93,38442.0
2021-03-01,4.96,4.94,5.0,4.9,56697.47
2021-03-02,4.94,5.0,5.02,4.93,34189.17
2021-03-03,4.94,5.08,5.08,4.94,46677.79
2021-03-04,5.04,5.05,5.08,5.0,18891.76
2021-03-05,5.03,5.09,5.09,4.97,31060.01
2021-03-08,5.04,5.01,5.09,4.98,23994.05
2021-03-09,5.04,5.14,5.16,4.93,63906.85
2021-03-10,5.09,5.03,5.15,5.03,27387.58
2021-03-11,5.03,5.03,5.05,4.96,28667.04
2021-03-12,4.99,5.22,5.24,4.98,81370.99
2021-03-15,5.21,5.29,5.31,5.19,47936.49
2021-03-16,5.29,5.26,5.3,5.23,23087.76
2021-03-17,5.24,5.29,5.32,5.24,32385.56
2021-03-18,5.29,5.26,5.29,5.14,164591.56
2021-03-19,5.22,5.29,5.29,5.18,51914.46
2021-03-22,5.24,5.32,5.32,5.17,29070.34
2021-03-23,5.3,5.32,5.32,5.24,30600.64
2021-03-24,5.31,5.26,5.31,5.25,19123.39
2021-03-25,5.24,5.26,5.27,5.18,25467.34
2021-03-26,5.26,5.34,5.41,5.26,50166.79
2021-03-29,5.36,5.46,5.59,5.36,88671.11
2021-03-30,5.46,5.55,5.57,5.44,52795.91
2021-03-31,5.54,5.55,5.61,5.49,49253.85
2021-04-01,5.54,5.54,5.6,5.37,70436.5
2021-04-02,5.57,5.38,5.57,5.34,52936.66
2021-04-06,5.42,5.28,5.45,5.24,55557.38
2021-04-07,5.28,5.34,5.38,5.24,49563.12
2021-04-08,5.29,5.29,5.36,5.22,49778.51
2021-04-09,5.25,5.3,5.3,5.21,44685.91
2021-04-12,5.29,5.3,5.37,5.24,27444.16
2021-04-13,5.24,5.28,5.32,5.24,33125.71
2021-04-14,5.29,5.33,5.36,5.19,43811.01
2021-04-15,5.35,5.29,5.41,5.28,39215.23
2021-04-16,5.3,5.37,5.4,5.29,41024.75
2021-04-19,5.35,5.33,5.37,5.27,41604.32
2021-04-20,5.32,5.26,5.32,5.26,37101.46
2021-04-21,5.26,5.31,5.32,5.23,36355.07
2021-04-22,5.32,5.29,5.33,5.26,36819.26
2021-04-23,5.29,5.3,5.36,5.23,56032.01
2021-04-26,5.34,5.26,5.35,5.17,58227.6
2021-04-27,5.31,5.4,5.46,5.31,87987.41
2021-04-28,5.4,5.45,5.52,5.34,72955.68
2021-04-29,5.43,5.38,5.43,5.32,50662.24
2021-04-30,5.4,5.41,5.42,5.33,67629.5
2021-05-06,5.41,5.35,5.46,5.32,53523.67
2021-05-07,5.35,5.34,5.38,5.26,58197.35
2021-05-10,5.34,5.45,5.47,5.31,70818.45
2021-05-11,5.44,5.52,5.55,5.4,80234.99
2021-05-12,5.52,5.52,5.54,5.41,39422.21
2021-05-13,5.49,5.46,5.49,5.37,48024.23
2021-05-14,5.46,5.33,5.47,5.26,67889.67
2021-05-17,5.29,5.34,5.36,5.29,40700.26
2021-05-18,5.34,5.33,5.34,5.28,29490.0
2021-05-19,5.32,5.34,5.35,5.28,22356.24
2021-05-20,5.29,5.3,5.33,5.26,40613.9
2021-05-21,5.29,5.27,5.29,5.22,40333.76
2021-05-24,5.27,5.28,5.3,5.22,25442.45
2021-05-25,5.29,5.32,5.33,5.25,25866.75
2021-05-26,5.33,5.32,5.34,5.28,25238.69
2021-05-27,5.32,5.33,5.33,5.29,24713.93
2021-05-28,5.31,5.26,5.34,5.23,42551.18
2021-05-31,5.23,5.29,5.3,5.23,38523.36
2021-06-01,5.3,5.34,5.34,5.29,31503.03
2021-06-02,5.31,5.34,5.34,5.27,27236.15
2021-06-03,5.29,5.3,5.33,5.28,24772.0
2021-06-04,5.29,5.32,5.34,5.26,27620.35
2021-06-07,5.29,5.34,5.35,5.26,30991.68
2021-06-08,5.31,5.34,5.37,5.29,32024.21
2021-06-09,5.35,5.41,5.41,5.3,50029.8
2021-06-10,5.38,5.46,5.51,5.38,68558.32
2021-06-11,5.49,5.51,5.53,5.46,55071.78
2021-06-15,5.55,5.63,5.7,5.54,96970.0
2021-06-16,5.63,5.51,5.63,5.4,80347.52
2021-06-17,5.51,5.44,5.51,5.38,40177.32
2021-06-18,5.43,5.31,5.43,5.26,71896.0
2021-06-21,5.31,5.26,5.31,5.23,38266.59
2021-06-22,5.26,5.32,5.33,5.23,35691.9
2021-06-23,5.32,5.39,5.39,5.29,35139.0
2021-06-24,5.39,5.37,5.4,5.34,35065.7
2021-06-25,5.4,5.48,5.49,5.34,43157.84
2021-06-28,5.5,5.43,5.53,5.4,54276.18
2021-06-29,5.45,5.34,5.46,5.19,40663.15
2021-06-30,5.39,5.31,5.39,5.28,33370.24
2021-07-01,5.33,5.34,5.43,5.26,47735.01
2021-07-02,5.33,5.35,5.36,5.29,28567.25
2021-07-05,5.33,5.26,5.34,5.23,56698.36
2021-07-06,5.26,5.33,5.34,5.24,50032.56
2021-07-07,5.36,5.3,5.36,5.29,45762.74
2021-07-08,5.32,5.3,5.34,5.27,34903.08
2021-07-09,5.31,5.32,5.35,5.27,49851.0
2021-07-12,5.33,5.28,5.35,5.26,44784.25
2021-07-13,5.29,5.26,5.29,5.26,38034.98
2021-07-14,5.27,5.26,5.27,5.16,58272.79
2021-07-15,5.3,5.28,5.39,5.26,82548.2
2021-07-16,5.3,5.31,5.33,5.28,49113.02
2021-07-19,5.29,5.28,5.32,5.26,39533.01
2021-07-20,5.24,5.31,5.32,5.21,33023.2
2021-07-21,5.28,5.31,5.37,5.27,30783.75
2021-07-22,5.28,5.3,5.32,5.28,23203.59
2021-07-23,5.3,5.26,5.32,5.23,25660.07
2021-07-26,5.26,5.27,5.36,5.19,30504.03
2021-07-27,5.23,5.2,5.25,5.17,52729.4
2021-07-28,5.19,5.22,5.26,5.13,47844.87
2021-07-29,5.22,5.2,5.27,5.19,21782.19
2021-07-30,5.19,5.21,5.21,5.14,29443.16
2021-08-02,5.16,5.19,5.22,5.13,54420.02
2021-08-03,5.17,5.24,5.25,5.16,41275.19
2021-08-04,5.25,5.19,5.25,5.19,25346.16
2021-08-05,5.21,5.17,5.22,5.17,25294.87
2021-08-06,5.19,5.15,5.19,5.13,21509.06
2021-08-09,5.15,5.19,5.22,5.13,30597.92
2021-08-10,5.21,5.21,5.26,5.19,26180.13
2021-08-11,5.24,5.22,5.26,5.2,19661.84
2021-08-12,5.22,5.15,5.23,5.14,42171.97
2021-08-13,5.15,5.15,5.16,5.13,17125.3
2021-08-16,5.16,5.16,5.17,5.15,15312.88
2021-08-17,5.18,5.12,5.18,5.1,25434.0
2021-08-18,5.12,5.08,5.13,5.03,33598.65
2021-08-19,5.09,5.2,5.21,5.08,69598.49
2021-08-20,5.2,5.2,5.21,5.12,33434.82
2021-08-23,5.19,5.22,5.25,5.18,22119.32
2021-08-24,5.24,5.24,5.25,5.19,24135.34
2021-08-25,5.25,5.32,5.32,5.22,45104.27
2021-08-26,5.32,5.35,5.43,5.32,36136.24
2021-08-27,5.32,5.36,5.37,5.29,29264.2
2021-08-30,5.36,5.32,5.41,5.28,40970.62
2021-08-31,5.32,5.35,5.38,5.29,45566.73
2021-09-01,5.35,5.41,5.43,5.32,51805.26
2021-09-02,5.44,5.39,5.44,5.36,25503.02
2021-09-03,5.43,5.47,5.53,5.39,50852.97
2021-09-06,5.48,5.52,5.54,5.44,46673.42
2021-09-07,5.47,5.53,5.59,5.47,47369.39
2021-09-08,5.58,5.64,5.69,5.54,103502.15
2021-09-09,5.64,5.8,5.8,5.62,73249.99
2021-09-10,5.82,5.8,5.89,5.73,69070.5
2021-09-13,5.8,5.9,5.96,5.73,77581.74
2021-09-14,5.94,5.83,6.02,5.76,96691.09
2021-09-15,5.83,5.85,5.97,5.8,70690.17
2021-09-16,5.81,5.73,6.06,5.73,78828.43
2021-09-17,5.82,5.76,5.91,5.7,65115.47
2021-09-22,5.7,5.92,6.0,5.64,64028.97
2021-09-23,5.98,5.89,6.02,5.81,85485.81
2021-09-24,5.93,5.93,6.12,5.83,101085.31
2021-09-27,5.84,5.78,5.93,5.39,109112.73
2021-09-28,5.84,5.81,5.87,5.76,72137.57
2021-09-29,5.8,5.63,5.84,5.62,55445.39
2021-09-30,5.64,5.73,5.84,5.64,79096.34
2021-10-08,5.73,5.64,5.8,5.6,46235.02
2021-10-11,5.67,5.64,5.75,5.64,49556.36
2021-10-12,5.63,5.56,5.68,5.48,50596.84
2021-10-13,5.56,5.53,5.61,5.46,42830.16
2021-10-14,5.53,5.49,5.56,5.43,25911.1
2021-10-15,5.56,5.54,5.58,5.46,40583.17
2021-10-18,5.53,5.59,5.66,5.52,43007.93
2021-10-19,5.62,5.58,5.63,5.56,32200.48
2021-10-20,5.56,5.58,5.62,5.55,29129.21
2021-10-21,5.57,5.56,5.6,5.53,20921.06
2021-10-22,5.58,5.52,5.58,5.49,21624.09
2021-10-25,5.55,5.53,5.55,5.46,22575.26
2021-10-26,5.53,5.46,5.53,5.46,23690.47
2021-10-27,5.47,5.44,5.49,5.41,20760.74
2021-10-28,5.4,5.43,5.45,5.37,31968.4
2021-10-29,5.44,5.49,5.5,5.39,32924.6
2021-11-01,5.49,5.53,5.65,5.43,68127.24
2021-11-02,5.52,5.43,5.56,5.4,54893.58
2021-11-03,5.43,5.49,5.52,5.41,31466.31
2021-11-04,5.5,5.45,5.51,5.43,27470.02
2021-11-05,5.43,5.4,5.49,5.4,31108.75
2021-11-08,5.44,5.41,5.49,5.39,36336.13
2021-11-09,5.41,5.49,5.55,5.41,37228.93
2021-11-10,5.49,5.46,5.49,5.43,17378.07
2021-11-11,5.46,5.49,5.52,5.46,22216.97
2021-11-12,5.47,5.49,5.51,5.46,17652.0
2021-11-15,5.5,5.51,5.53,5.46,20787.97
2021-11-16,5.52,5.49,5.54,5.48,25751.46
2021-11-17,5.48,5.47,5.52,5.46,13791.08
2021-11-18,5.47,5.43,5.49,5.41,32521.14
2021-11-19,5.43,5.44,5.46,5.42,25041.63
2021-11-22,5.45,5.44,5.46,5.43,22039.92
2021-11-23,5.43,5.44,5.46,5.43,14329.34
2021-11-24,5.43,5.42,5.46,5.41,31031.81
2021-11-25,5.43,5.42,5.43,5.4,20378.93
2021-11-26,5.42,5.36,5.43,5.35,30122.85
2021-11-29,5.32,5.32,5.35,5.28,38520.34
2021-11-30,5.32,5.32,5.36,5.29,26217.4
2021-12-01,5.32,5.39,5.44,5.32,19670.68
2021-12-02,5.39,5.38,5.42,5.36,17370.77
2021-12-03,5.39,5.43,5.44,5.39,19992.41
2021-12-06,5.45,5.46,5.52,5.43,43126.24
2021-12-07,5.49,5.48,5.51,5.46,23913.23
2021-12-08,5.48,5.48,5.49,5.43,23735.0
2021-12-09,5.48,5.54,5.57,5.48,35919.52
2021-12-10,5.53,5.52,5.56,5.49,22905.99
2021-12-13,5.53,5.49,5.56,5.46,39278.3
2021-12-14,5.49,5.49,5.53,5.45,25464.5
2021-12-15,5.48,5.47,5.5,5.46,18050.54
2021-12-16,5.47,5.49,5.5,5.46,14013.84
2021-12-17,5.49,5.46,5.5,5.46,15746.08
2021-12-20,5.47,5.5,5.55,5.44,33140.99
2021-12-21,5.49,5.53,5.53,5.47,20425.51
2021-12-22,5.53,5.6,5.61,5.5,33068.53
2021-12-23,5.6,5.58,5.6,5.52,26490.37
2021-12-24,5.58,5.54,5.61,5.52,23045.73
2021-12-27,5.53,5.55,5.58,5.5,18998.75
2021-12-28,5.55,5.56,5.62,5.45,53824.93
2021-12-29,5.55,5.55,5.58,5.52,32816.18
2021-12-30,5.56,5.6,5.63,5.52,71038.21
2021-12-31,5.6,5.71,5.72,5.58,78173.69
2022-01-04,5.67,5.71,5.72,5.62,73706.03
2022-01-05,5.7,5.74,5.76,5.64,60130.62
2022-01-06,5.73,5.76,5.76,5.7,43927.99
2022-01-07,5.75,5.72,5.79,5.7,30223.43
2022-01-10,5.72,5.71,5.74,5.68,21653.42
2022-01-11,5.72,5.81,5.86,5.71,44360.4
2022-01-12,5.79,5.83,5.86,5.76,31624.42
2022-01-13,5.83,5.82,5.9,5.81,27502.64
2022-01-14,5.82,5.76,5.87,5.76,27033.21
2022-01-17,5.75,5.68,5.82,5.66,29591.14
2022-01-18,5.7,5.71,5.76,5.66,20040.32
2022-01-19,5.7,5.83,6.0,5.7,108554.15
2022-01-20,5.77,5.87,5.9,5.75,56405.18
2022-01-21,5.82,5.77,5.87,5.76,27753.26
2022-01-24,5.78,5.73,5.81,5.7,29256.18
2022-01-25,5.72,5.63,5.76,5.62,40556.73
2022-01-26,5.63,5.7,5.75,5.56,50536.69
2022-01-27,5.7,5.66,5.74,5.63,42039.36
2022-01-28,5.67,5.66,5.73,5.63,39947.27
2022-02-07,5.69,5.93,5.97,5.69,69456.71
2022-02-08,5.93,6.06,6.07,5.85,118113.35
2022-02-09,6.05,6.06,6.14,5.98,79657.33
2022-02-10,6.02,6.21,6.22,5.97,112933.32
2022-02-11,6.17,6.11,6.17,6.0,102068.3
2022-02-14,6.06,5.93,6.09,5.91,45692.13
2022-02-15,5.93,5.96,5.97,5.84,58054.15
2022-02-16,5.97,6.11,6.11,5.93,46385.72
2022-02-17,6.12,6.15,6.17,6.05,49738.54
2022-02-18,6.08,6.17,6.21,6.07,43837.83
2022-02-21,6.15,6.17,6.21,6.15,26798.92
2022-02-22,6.14,6.17,6.17,6.07,27904.73
2022-02-23,6.14,5.97,6.17,5.95,56685.67
2022-02-24,5.97,5.85,6.02,5.81,44404.14
2022-02-25,5.87,5.76,5.91,5.74,31639.11
2022-02-28,5.78,5.77,5.83,5.69,33169.07
2022-03-01,5.78,5.76,5.8,5.7,34492.17
2022-03-02,5.77,5.83,5.84,5.72,27686.08
2022-03-03,5.86,5.93,5.93,5.83,21254.54
2022-03-04,5.92,5.86,5.92,5.81,19495.34
2022-03-07,5.84,5.91,5.97,5.81,42118.27
2022-03-08,5.97,5.76,5.97,5.74,27287.0
2022-03-09,5.77,5.62,5.8,5.49,41089.33
2022-03-10,5.67,5.91,5.96,5.66,48688.56
2022-03-11,5.83,5.81,5.86,5.72,24904.5
2022-03-14,5.8,5.79,5.87,5.77,26826.84
2022-03-15,5.76,5.48,5.76,5.43,51765.91
2022-03-16,5.56,5.75,5.87,5.43,86977.97
2022-03-17,5.79,5.68,5.86,5.68,43892.71
2022-03-18,5.7,5.79,5.79,5.64,27459.88
2022-03-21,5.78,5.76,5.8,5.73,17374.57
2022-03-22,5.79,5.84,5.85,5.75,18096.65
2022-03-23,5.85,5.84,5.92,5.78,21971.27
2022-03-24,5.8,5.83,5.88,5.8,14517.73
2022-03-25,5.81,5.86,5.89,5.79,15666.42
2022-03-28,5.82,5.93,5.94,5.74,30255.1
2022-03-29,5.92,5.92,5.97,5.9,17213.41
2022-03-30,5.93,5.97,5.99,5.9,18957.03
2022-03-31,5.97,6.13,6.14,5.94,43229.28
2022-04-01,6.1,6.1,6.16,6.07,25513.64
2022-04-06,6.1,6.17,6.18,6.03,36420.23
2022-04-07,6.16,6.08,6.22,6.08,50436.53
2022-04-08,6.1,6.1,6.14,6.02,29993.79
2022-04-11,6.1,6.04,6.19,6.03,47365.93
2022-04-12,6.02,6.21,6.22,6.02,46646.05
2022-04-13,6.18,6.11,6.2,6.1,31202.26
2022-04-14,6.11,6.1,6.16,6.04,30137.01
2022-04-15,6.08,6.08,6.18,6.07,29504.77
2022-04-18,6.08,6.24,6.31,6.02,73048.24
2022-04-19,6.21,6.25,6.26,6.07,53655.48
2022-04-20,6.28,6.15,6.29,6.14,59979.0
2022-04-21,6.17,6.13,6.3,6.1,60765.87
2022-04-22,6.1,6.31,6.31,6.06,83224.21
2022-04-25,6.27,6.16,6.27,6.02,88193.86
2022-04-26,6.1,6.12,6.2,5.87,75428.85
2022-04-27,5.99,6.09,6.1,5.9,38021.9
2022-04-28,6.09,6.17,6.17,6.04,33895.96
2022-04-29,6.14,6.14,6.17,6.07,30682.89
2022-05-05,6.07,6.08,6.1,6.02,24812.39
2022-05-06,6.02,6.01,6.19,5.96,26945.37
2022-05-09,5.98,6.04,6.07,5.96,27879.0
2022-05-10,6.04,6.06,6.1,5.91,52574.48
2022-05-11,6.08,6.02,6.1,6.0,31607.8
2022-05-12,6.0,6.05,6.1,5.97,22509.44
2022-05-13,6.07,6.25,6.29,6.02,58688.73
2022-05-16,6.28,6.3,6.31,6.16,39970.42
2022-05-17,6.31,6.24,6.32,6.2,21068.26
2022-05-18,6.27,6.17,6.3,6.17,24307.49
2022-05-19,6.13,6.37,6.38,6.07,62249.66
2022-05-20,6.31,6.35,6.39,6.29,34512.0
2022-05-23,6.37,6.3,6.38,6.27,31490.04
2022-05-24,6.27,6.21,6.32,6.19,28823.66
2022-05-25,6.19,6.31,6.31,6.18,20850.46
2022-05-26,6.31,6.32,6.36,6.28,22114.16
2022-05-27,6.36,6.38,6.38,6.29,31977.22
2022-05-30,6.37,6.47,6.52,6.32,45185.58
2022-05-31,6.46,6.61,6.66,6.41,67124.42
2022-06-01,6.58,6.45,6.6,6.4,48679.8
2022-06-02,6.44,6.45,6.47,6.34,43398.69
2022-06-06,6.45,6.27,6.45,6.22,59071.3
2022-06-07,6.27,6.34,6.35,6.23,39361.4
2022-06-08,6.35,6.4,6.41,6.27,30325.11
2022-06-09,6.45,6.47,6.51,6.36,44312.89
2022-06-10,6.41,6.47,6.47,6.36,26331.04
2022-06-13,6.44,6.34,6.44,6.27,25036.27
2022-06-14,6.3,6.37,6.38,6.26,23361.15
2022-06-15,6.4,6.38,6.44,6.33,32717.35
2022-06-16,6.37,6.33,6.42,6.31,22131.84
2022-06-17,6.32,6.39,6.39,6.3,21991.52
2022-06-20,6.38,6.33,6.38,6.29,20436.01
2022-06-21,6.31,6.29,6.34,6.28,16817.99
2022-06-22,6.28,6.24,6.32,6.23,16065.0
2022-06-23,6.23,6.27,6.28,6.15,20065.59
2022-06-24,6.3,6.26,6.3,6.21,16211.18
2022-06-27,6.27,6.27,6.32,6.24,21357.0
2022-06-28,6.27,6.27,6.29,6.22,16073.49
2022-06-29,6.27,6.22,6.29,6.21,18060.0
2022-06-30,6.22,6.21,6.26,6.2,20397.25
2022-07-01,6.24,6.37,6.37,6.24,42480.91
2022-07-04,6.37,6.36,6.41,6.3,34649.94
2022-07-05,6.35,6.39,6.4,6.34,39709.19
2022-07-06,6.39,6.39,6.41,6.3,69407.08
2022-07-07,6.4,6.11,6.4,6.04,145273.3
2022-07-08,6.11,6.14,6.29,6.03,60916.35
2022-07-11,6.12,6.12,6.14,6.08,20409.0
2022-07-12,6.12,6.22,6.4,6.12,67361.43
2022-07-13,6.23,6.55,6.62,6.22,118385.71
2022-07-14,6.55,6.25,6.55,6.21,70811.55
2022-07-15,6.2,6.16,6.29,6.11,43084.8
2022-07-18,6.15,6.22,6.27,6.13,28358.0
2022-07-19,6.22,6.22,6.24,6.16,17338.16
2022-07-20,6.26,6.19,6.26,6.18,17931.7
2022-07-21,6.19,6.11,6.21,6.11,23951.98
2022-07-22,6.11,6.12,6.16,6.09,13359.0
2022-07-25,6.13,6.09,6.15,6.07,11081.0
2022-07-26,6.1,6.12,6.13,6.07,9467.86
2022-07-27,6.13,6.07,6.13,6.07,15441.71
2022-07-28,6.09,6.1,6.11,6.07,17933.75
2022-07-29,6.11,6.33,6.38,6.07,47773.87
2022-08-01,6.2,6.13,6.21,6.09,24457.0
2022-08-02,6.09,6.05,6.1,5.95,26326.9
2022-08-03,6.08,6.07,6.09,6.02,11536.84
2022-08-04,6.07,6.03,6.08,6.0,9948.16
2022-08-05,6.04,6.07,6.11,6.02,10660.72
2022-08-08,6.08,6.08,6.09,6.05,8645.51
2022-08-09,6.06,6.09,6.1,6.06,9792.05
2022-08-10,6.09,6.06,6.1,6.04,7418.0
2022-08-11,6.06,6.09,6.09,6.06,13060.04
2022-08-12,6.09,6.07,6.09,6.06,10844.7
2022-08-15,6.07,6.05,6.08,6.03,16912.0
2022-08-16,6.07,6.06,6.07,6.03,12487.72
2022-08-17,6.05,6.07,6.07,6.03,16674.71
2022-08-18,6.08,6.06,6.08,6.04,11345.07
2022-08-19,6.04,6.06,6.07,6.04,12848.1
2022-08-22,6.07,6.05,6.07,6.03,8293.94
2022-08-23,6.05,6.04,6.06,6.03,11662.17
2022-08-24,6.05,6.02,6.05,6.01,11730.95
2022-08-25,6.02,6.03,6.03,5.98,13735.77
2022-08-26,6.03,6.04,6.08,6.01,16233.32
2022-08-29,6.01,6.03,6.03,5.98,12738.87
2022-08-30,6.06,6.07,6.08,6.03,20325.12
2022-08-31,6.07,6.04,6.07,6.03,17218.95
2022-09-01,6.06,6.07,6.07,6.04,10764.0
2022-09-02,6.07,6.01,6.08,5.95,28429.95
2022-09-05,6.02,6.09,6.1,5.98,24403.6
2022-09-06,6.09,6.13,6.16,6.07,21922.56
2022-09-07,6.13,6.12,6.17,6.09,11492.71
2022-09-08,6.12,6.16,6.19,6.11,27849.0
2022-09-09,6.21,6.26,6.27,6.16,27392.48
2022-09-13,6.28,6.19,6.28,6.17,17120.86
2022-09-14,6.16,6.17,6.32,6.12,37430.89
2022-09-15,6.18,6.24,6.26,6.15,17345.55
2022-09-16,6.29,6.14,6.3,6.12,17022.09
2022-09-19,6.11,6.12,6.15,6.03,20821.49
2022-09-20,6.12,6.1,6.21,6.07,18950.0
2022-09-21,6.07,6.17,6.22,6.05,19375.75
2022-09-22,6.15,6.13,6.2,6.09,16444.26
2022-09-23,6.13,6.07,6.14,6.06,16885.41
2022-09-26,6.05,5.95,6.06,5.95,21709.66
2022-09-27,5.95,6.02,6.03,5.92,25015.6
2022-09-28,6.02,6.01,6.05,5.98,13045.48
2022-09-29,6.03,5.97,6.04,5.97,11027.4
2022-09-30,5.97,6.13,6.16,5.94,44600.23
2022-10-10,6.06,6.05,6.13,6.01,15636.68
2022-10-11,6.07,6.03,6.07,6.01,8897.14
2022-10-12,6.04,6.06,6.07,6.01,11997.26
2022-10-13,6.06,6.06,6.1,6.01,14642.69
2022-10-14,6.07,6.05,6.1,6.05,11516.28
2022-10-17,6.05,6.05,6.06,6.02,8739.29
2022-10-18,6.06,6.05,6.09,6.05,8301.57
2022-10-19,6.05,6.12,6.12,6.03,16227.86
2022-10-20,6.12,6.13,6.13,6.04,12066.16
2022-10-21,6.09,6.12,6.12,6.07,6553.0
2022-10-24,6.12,6.04,6.12,6.03,11171.43
2022-10-25,6.04,6.07,6.1,6.01,9800.17
2022-10-26,6.1,6.03,6.1,6.02,10491.34
2022-10-27,6.01,6.02,6.06,6.01,8959.89
2022-10-28,6.03,5.96,6.03,5.93,10771.93
2022-10-31,5.93,5.83,5.95,5.8,19186.88
2022-11-01,5.83,5.91,5.91,5.81,14215.53
2022-11-02,5.91,5.97,5.97,5.91,8551.62
2022-11-03,5.92,6.06,6.07,5.92,28372.0
2022-11-04,6.09,6.04,6.09,6.02,20035.58
2022-11-07,6.03,6.07,6.12,6.01,11846.64
2022-11-08,6.07,6.05,6.09,6.03,13204.43
2022-11-09,6.08,6.05,6.08,6.01,7031.77
2022-11-10,6.05,6.03,6.05,6.01,9236.35
2022-11-11,6.07,6.05,6.09,6.04,16368.2
2022-11-14,6.06,6.03,6.09,6.02,9956.0
2022-11-15,6.03,6.03,6.05,6.01,11051.03
2022-11-16,6.04,6.02,6.06,6.01,8903.0
2022-11-17,6.03,6.04,6.04,6.01,5850.28
2022-11-18,6.04,6.03,6.17,6.01,24158.34
2022-11-21,6.02,6.01,6.03,5.97,13518.67
2022-11-22,6.03,6.05,6.07,6.01,12099.17
2022-11-23,6.1,6.07,6.1,6.03,10319.31
2022-11-24,6.09,6.06,6.09,6.04,8424.62
2022-11-25,6.05,6.12,6.17,6.05,21818.09
2022-11-28,6.12,6.14,6.15,6.04,17047.0
2022-11-29,6.15,6.17,6.18,6.11,14646.82
2022-11-30,6.17,6.18,6.24,6.12,19553.0
2022-12-01,6.27,6.16,6.27,6.13,34838.0
2022-12-02,6.16,6.15,6.17,6.11,13051.08
2022-12-05,6.17,6.46,6.46,6.17,52592.09
2022-12-06,6.44,6.46,6.48,6.34,45856.56
2022-12-07,6.51,6.53,6.64,6.38,79301.19
2022-12-08,6.54,6.46,6.57,6.39,63214.95
2022-12-09,6.5,6.35,6.5,6.32,31788.76
2022-12-12,6.32,6.27,6.36,6.25,28932.05
2022-12-13,6.33,6.38,6.42,6.22,31265.37
2022-12-14,6.37,6.35,6.38,6.3,18562.21
2022-12-15,6.36,6.3,6.4,6.27,21383.0
2022-12-16,6.29,6.41,6.42,6.26,20511.0
2022-12-19,6.42,6.31,6.51,6.28,25366.0
2022-12-20,6.36,6.28,6.41,6.26,21247.58
2022-12-21,6.33,6.35,6.43,6.27,18172.42
2022-12-22,6.4,6.3,6.41,6.27,18875.0
2022-12-23,6.26,6.23,6.32,6.22,14535.0
2022-12-26,6.24,6.34,6.42,6.23,28038.91
2022-12-27,6.36,6.39,6.39,6.33,13689.0
2022-12-28,6.35,6.39,6.44,6.35,15737.0
2022-12-29,6.38,6.33,6.39,6.32,12986.0
2022-12-30,6.36,6.48,6.58,6.35,59922.44
2023-01-03,6.56,6.43,6.56,6.42,26932.54
2023-01-04,6.43,6.51,6.56,6.42,19713.2
2023-01-05,6.5,6.5,6.56,6.46,14048.42
2023-01-06,6.5,6.42,6.51,6.41,16580.9
2023-01-09,6.46,6.41,6.46,6.36,22852.25
2023-01-10,6.41,6.36,6.41,6.35,15651.85
2023-01-11,6.34,6.35,6.38,6.33,9789.39
2023-01-12,6.39,6.34,6.39,6.31,10902.23
2023-01-13,6.36,6.37,6.37,6.32,10374.54
2023-01-16,6.37,6.35,6.41,6.34,20273.93
2023-01-17,6.38,6.36,6.38,6.32,8885.0
2023-01-18,6.36,6.35,6.37,6.31,20467.0
2023-01-19,6.36,6.37,6.39,6.33,11677.11
2023-01-20,6.39,6.42,6.43,6.36,16518.11
2023-01-30,6.48,6.45,6.49,6.41,26128.23
2023-01-31,6.42,6.46,6.46,6.41,12821.86
2023-02-01,6.49,6.47,6.49,6.42,17124.6
2023-02-02,6.49,6.47,6.51,6.45,19854.27
2023-02-03,6.47,6.39,6.49,6.35,29823.87
2023-02-06,6.38,6.42,6.46,6.36,25806.16
2023-02-07,6.48,6.38,6.49,6.36,34441.91
2023-02-08,6.41,6.38,6.43,6.36,16206.0
2023-02-09,6.37,6.38,6.41,6.36,13396.15
2023-02-10,6.39,6.38,6.41,6.36,14521.86
2023-02-13,6.42,6.44,6.45,6.36,18717.01
2023-02-14,6.47,6.45,6.5,6.44,17463.22
2023-02-15,6.48,6.44,6.48,6.38,39549.8
2023-02-16,6.46,6.35,6.47,6.33,49186.09
2023-02-17,6.33,6.3,6.36,6.3,34177.0
2023-02-20,6.32,6.36,6.36,6.3,24137.86
2023-02-21,6.36,6.41,6.41,6.35,20771.3
2023-02-22,6.41,6.41,6.43,6.36,20216.01
2023-02-23,6.43,6.46,6.49,6.41,30096.02
2023-02-24,6.48,6.47,6.49,6.41,17761.02
2023-02-27,6.5,6.46,6.5,6.43,18053.26
2023-02-28,6.48,6.51,6.51,6.46,19982.58
2023-03-01,6.51,6.58,6.59,6.49,29242.8
2023-03-02,6.56,6.6,6.63,6.56,34476.33
2023-03-03,6.61,6.63,6.65,6.57,35981.58
2023-03-06,6.63,6.6,6.67,6.55,41605.04
2023-03-07,6.61,6.57,6.7,6.57,29584.97
2023-03-08,6.58,6.68,6.69,6.56,28886.56
2023-03-09,6.68,6.64,6.7,6.61,16746.0
2023-03-10,6.62,6.66,6.7,6.62,28466.0
2023-03-13,6.63,6.62,6.68,6.59,46191.73
2023-03-14,6.61,6.62,6.7,6.59,45889.61
2023-03-15,6.61,6.63,6.64,6.59,46502.16
2023-03-16,6.63,6.63,6.74,6.61,46926.86
2023-03-17,6.65,6.61,6.69,6.61,32892.03
2023-03-20,6.64,6.61,6.69,6.6,62791.98
2023-03-21,6.57,6.55,6.65,6.5,48924.66
2023-03-22,6.54,6.55,6.62,6.51,36004.46
2023-03-23,6.55,6.47,6.57,6.45,74262.99
2023-03-24,6.47,6.35,6.48,6.34,79162.0
2023-03-27,6.35,6.3,6.37,6.28,45467.58
2023-03-28,6.3,6.29,6.34,6.27,36849.58
2023-03-29,6.27,6.22,6.29,6.18,42255.68
2023-03-30,6.22,6.25,6.27,6.2,39233.67
2023-03-31,6.26,6.26,6.3,6.22,34488.83
2023-04-03,6.28,6.32,6.32,6.28,41740.0
2023-04-04,6.32,6.37,6.41,6.31,43068.0
2023-04-06,6.37,6.37,6.4,6.32,32177.2
2023-04-07,6.39,6.38,6.41,6.34,23657.92
2023-04-10,6.41,6.36,6.41,6.27,45443.01
2023-04-11,6.36,6.34,6.36,6.32,32351.0
2023-04-12,6.36,6.4,6.43,6.35,27584.26
2023-04-13,6.39,6.43,6.46,6.39,27242.0
2023-04-14,6.43,6.41,6.46,6.38,23973.39
2023-04-17,6.41,6.49,6.51,6.38,29972.78
2023-04-18,6.49,6.46,6.51,6.43,30626.68
2023-04-19,6.51,6.38,6.51,6.36,76181.92
2023-04-20,6.41,6.39,6.41,6.36,33706.9
2023-04-21,6.41,6.31,6.49,6.27,74522.33
2023-04-24,6.31,6.27,6.34,6.24,51994.35
2023-04-25,6.28,6.26,6.36,6.22,39235.77
2023-04-26,6.25,6.28,6.39,6.22,39066.86
2023-04-27,6.26,6.39,6.4,6.24,50315.95
2023-04-28,6.36,6.43,6.48,6.36,81942.21
2023-05-04,6.45,6.69,6.74,6.45,153133.41
2023-05-05,6.69,6.78,6.88,6.65,88059.92
2023-05-08,6.75,7.08,7.13,6.75,157927.89
2023-05-09,7.03,7.01,7.2,6.96,139034.23
2023-05-10,7.04,6.8,7.04,6.76,72564.36
2023-05-11,6.83,6.85,6.91,6.8,41044.06
2023-05-12,6.81,6.94,7.0,6.81,56046.0
2023-05-15,6.9,6.91,6.94,6.71,63862.0
2023-05-16,6.89,6.92,7.08,6.82,63984.01
2023-05-17,6.92,6.85,7.0,6.77,53554.83
2023-05-18,6.85,6.89,7.0,6.8,69351.96
2023-05-19,6.84,6.75,6.86,6.65,71582.42
2023-05-22,6.8,6.75,6.8,6.7,36210.0
2023-05-23,6.76,6.63,6.82,6.62,88532.0
2023-05-24,6.65,6.56,6.66,6.54,55579.58
2023-05-25,6.58,6.49,6.66,6.45,132115.73
2023-05-26,6.51,6.49,6.55,6.41,59036.26
2023-05-29,6.47,6.62,6.7,6.47,80366.68
2023-05-30,6.59,6.59,6.63,6.46,44731.0
2023-05-31,6.58,6.59,6.7,6.53,56903.99
2023-06-01,6.61,6.55,6.65,6.54,48184.57
2023-06-02,6.56,6.44,6.59,6.41,73542.0
2023-06-05,6.45,6.55,6.59,6.43,44940.86
2023-06-06,6.56,6.5,6.66,6.48,39651.25
2023-06-07,6.52,6.68,6.74,6.5,71780.33
2023-06-08,6.69,6.77,6.92,6.65,80148.03
2023-06-09,6.77,6.75,6.88,6.72,53993.31
2023-06-12,6.75,6.65,6.75,6.64,29831.01
2023-06-13,6.66,6.64,6.75,6.62,33410.26
2023-06-14,6.68,6.58,6.7,6.53,56811.0
2023-06-15,6.58,6.56,6.61,6.53,42960.98
2023-06-16,6.57,6.46,6.6,6.43,89098.0
2023-06-19,6.46,6.41,6.46,6.38,51900.5
2023-06-20,6.41,6.37,6.42,6.36,38010.98
2023-06-21,6.37,6.36,6.41,6.32,45140.42
2023-06-26,6.35,6.27,6.35,6.22,48810.31
2023-06-27,6.28,6.44,6.45,6.26,57526.46
2023-06-28,6.45,6.46,6.49,6.41,29117.36
2023-06-29,6.51,6.45,6.51,6.43,77780.09
2023-06-30,6.47,6.5,6.55,6.39,71684.01
2023-07-03,6.45,6.46,6.53,6.42,65460.0
2023-07-04,6.47,6.46,6.49,6.43,32887.31
2023-07-05,6.46,6.42,6.46,6.41,21935.5
2023-07-06,6.41,6.45,6.49,6.41,30547.0
2023-07-07,6.45,6.46,6.52,6.44,83021.84
2023-07-10,6.51,6.4,6.52,6.37,116788.68
2023-07-11,6.41,6.38,6.45,6.36,76872.43
2023-07-12,6.39,6.37,6.41,6.34,52168.01
2023-07-13,6.36,6.39,6.47,6.34,93880.81
2023-07-14,6.49,6.47,6.51,6.42,105198.71
2023-07-17,6.5,6.55,6.55,6.44,47824.48
2023-07-18,6.56,6.64,6.64,6.52,47296.97
2023-07-19,6.64,6.58,6.65,6.53,88202.64
2023-07-20,6.6,6.53,6.62,6.52,45768.67
2023-07-21,6.51,6.57,6.6,6.51,40370.21
2023-07-24,6.58,6.66,6.68,6.54,63505.48
2023-07-25,6.68,6.61,6.71,6.57,74253.0
2023-07-26,6.59,6.62,6.64,6.57,48499.16
2023-07-27,6.62,6.66,6.69,6.58,82327.94
2023-07-28,6.67,6.71,6.71,6.64,56079.04
2023-07-31,6.71,6.72,6.78,6.69,72201.01
2023-08-01,6.72,6.68,6.73,6.66,59902.0
2023-08-02,6.7,6.64,6.77,6.59,65286.02
2023-08-03,6.64,6.64,6.67,6.57,63240.28
2023-08-04,6.64,6.53,6.66,6.52,63657.89
2023-08-07,6.53,6.5,6.56,6.48,51367.0
2023-08-08,6.5,6.55,6.58,6.49,44235.26
2023-08-09,6.52,6.51,6.55,6.49,41398.1
2023-08-10,6.52,6.51,6.54,6.48,54940.0
2023-08-11,6.51,6.42,6.54,6.42,60325.67
2023-08-14,6.41,6.52,6.53,6.35,79104.1
2023-08-15,6.53,6.57,6.61,6.5,73358.61
2023-08-16,6.55,6.52,6.57,6.51,33692.35
2023-08-17,6.52,6.61,6.67,6.46,91359.9
2023-08-18,6.58,6.63,6.67,6.57,85900.47
2023-08-21,6.63,6.71,6.85,6.58,126028.16
2023-08-22,6.71,6.85,6.88,6.68,169430.39
2023-08-23,6.85,6.84,6.89,6.75,149733.2
2023-08-24,6.84,6.76,6.86,6.71,149618.86
2023-08-25,6.74,6.77,6.84,6.67,124016.3
2023-08-28,6.93,6.66,6.99,6.59,193231.19
2023-08-29,6.72,6.9,6.94,6.71,237899.73
2023-08-30,6.91,6.64,6.96,6.63,152901.81
2023-08-31,6.71,6.67,6.73,6.63,115588.39
2023-09-01,6.67,6.91,6.93,6.64,143766.0
2023-09-04,6.91,6.92,6.95,6.81,84996.0
2023-09-05,6.92,6.88,6.93,6.83,111455.24
2023-09-06,6.87,6.79,6.87,6.78,58839.0
2023-09-07,6.77,6.83,6.87,6.76,61551.84
2023-09-08,6.81,6.89,6.93,6.78,67474.42
2023-09-11,6.9,6.86,6.92,6.84,44031.19
2023-09-12,6.85,6.87,6.94,6.85,38996.39
2023-09-13,6.87,6.95,6.98,6.86,53140.6
2023-09-14,6.95,7.08,7.13,6.9,127051.36
2023-09-15,7.08,7.16,7.22,7.06,105298.85
2023-09-18,7.15,7.14,7.17,6.98,95858.01
2023-09-19,7.13,7.2,7.21,7.11,88092.45
2023-09-20,7.18,7.2,7.22,7.09,88981.88
2023-09-21,7.21,7.35,7.38,7.21,138500.22
2023-09-22,7.3,7.37,7.44,7.29,113075.59
2023-09-25,7.37,7.38,7.5,7.34,139198.19
2023-09-26,7.4,7.42,7.52,7.33,103177.25
2023-09-27,7.43,7.38,7.47,7.31,119430.53
2023-09-28,7.36,7.36,7.42,7.27,94816.59
2023-10-09,7.37,7.46,7.56,7.3,106540.44
2023-10-10,7.56,7.43,7.7,7.39,142760.94
2023-10-11,7.45,7.39,7.5,7.31,47855.57
2023-10-12,7.42,7.41,7.43,7.31,68089.63
2023-10-13,7.38,7.43,7.44,7.36,43392.46
2023-10-16,7.43,7.38,7.47,7.35,47560.34
2023-10-17,7.41,7.36,7.46,7.35,48415.06
2023-10-18,7.37,7.33,7.41,7.31,46566.98
2023-10-19,7.29,7.25,7.34,7.23,47474.9
2023-10-20,7.24,7.12,7.27,7.09,95286.79
2023-10-23,7.12,7.11,7.15,7.05,78168.59
2023-10-24,7.15,7.2,7.22,7.07,64728.15
2023-10-25,7.21,7.19,7.29,7.07,102792.57
2023-10-26,7.21,7.34,7.37,7.16,79432.33
2023-10-27,7.36,7.33,7.46,7.32,47555.0
2023-10-30,7.31,7.05,7.42,6.91,167956.13
2023-10-31,7.04,7.09,7.13,7.0,68719.34
2023-11-01,7.13,7.12,7.2,7.04,97017.0
2023-11-02,7.14,7.13,7.16,7.08,46920.47
2023-11-03,7.14,7.06,7.14,7.03,49142.16
2023-11-06,7.08,6.93,7.09,6.89,99910.39
2023-11-07,6.95,7.05,7.06,6.9,101107.32
2023-11-08,7.03,7.1,7.11,6.99,47837.55
2023-11-09,7.1,7.16,7.17,7.06,38943.52
2023-11-10,7.13,7.14,7.17,7.1,28487.41
2023-11-13,7.14,7.12,7.16,7.02,34138.12
2023-11-14,7.11,7.12,7.13,7.06,27562.36
2023-11-15,7.13,7.08,7.13,7.03,36914.08
2023-11-16,7.07,7.13,7.14,7.04,37807.0
2023-11-17,7.11,7.13,7.14,7.09,34117.0
2023-11-20,7.14,7.07,7.19,7.07,59843.58
2023-11-21,7.08,7.1,7.14,7.06,32155.46
2023-11-22,7.13,7.14,7.23,7.1,68377.97
2023-11-23,7.14,7.1,7.16,7.04,87197.0
2023-11-24,7.09,7.12,7.14,7.07,67634.0
2023-11-27,7.1,7.04,7.13,7.03,80897.24
2023-11-28,7.05,7.03,7.06,6.98,57107.0
2023-11-29,7.02,7.03,7.06,7.0,28858.72
2023-11-30,7.05,7.05,7.07,7.01,69106.25
2023-12-01,7.05,7.11,7.14,7.05,66320.74
2023-12-04,7.12,7.23,7.25,7.05,142231.5
2023-12-05,7.28,7.29,7.36,7.18,124553.42
2023-12-06,7.3,7.34,7.36,7.2,85551.0
2023-12-07,7.34,7.31,7.37,7.29,47428.81
2023-12-08,7.33,7.34,7.4,7.28,62690.02
2023-12-11,7.36,7.51,7.53,7.27,132001.19
2023-12-12,7.5,7.6,7.66,7.48,141308.64
2023-12-13,7.6,7.77,7.81,7.57,190926.83
2023-12-14,7.72,7.97,8.06,7.55,301072.15
2023-12-15,7.89,7.57,7.96,7.54,232675.62
2023-12-18,7.58,7.56,7.65,7.49,100811.58
2023-12-19,7.54,7.52,7.57,7.47,83496.04
2023-12-20,7.54,7.5,7.6,7.49,77793.5
2023-12-21,7.5,7.43,7.5,7.36,112160.82
2023-12-22,7.42,7.44,7.52,7.36,97391.45
2023-12-25,7.41,7.46,7.47,7.29,80101.94
2023-12-26,7.46,7.46,7.57,7.41,90858.44
2023-12-27,7.49,7.55,7.57,7.43,72410.62
2023-12-28,7.55,7.38,7.57,7.36,131086.11
2023-12-29,7.36,7.43,7.43,7.36,67516.28
2024-01-02,7.43,7.54,7.6,7.43,100685.68
2024-01-03,7.5,7.69,7.72,7.5,129271.16
2024-01-04,7.67,7.76,7.78,7.64,82291.42
2024-01-05,7.77,7.74,7.83,7.7,102159.31
2024-01-08,7.73,7.79,7.88,7.68,116067.61
2024-01-09,7.76,7.86,7.88,7.69,67612.27
2024-01-10,7.84,7.82,7.89,7.79,73743.67
2024-01-11,7.79,7.71,7.85,7.61,118429.73
2024-01-12,7.71,7.81,7.87,7.66,85741.25
2024-01-15,7.81,7.87,7.92,7.79,63746.14
2024-01-16,7.88,7.93,7.94,7.8,52759.0
2024-01-17,7.91,7.88,8.0,7.86,71546.32
2024-01-18,7.83,7.82,7.86,7.64,82251.0
2024-01-19,7.82,7.83,7.88,7.78,47086.31
2024-01-22,7.83,7.72,7.84,7.56,87025.02
2024-01-23,7.66,7.72,7.72,7.51,100989.86
2024-01-24,7.72,7.81,7.81,7.66,69155.62
2024-01-25,7.92,7.75,7.96,7.69,150728.74
2024-01-26,7.74,7.96,7.96,7.74,131265.97
2024-01-29,7.99,8.0,8.06,7.88,141013.13
2024-01-30,7.97,7.99,8.09,7.89,132322.35
2024-01-31,7.94,8.02,8.05,7.9,94143.56
2024-02-01,7.98,8.03,8.22,7.93,152354.09
2024-02-02,8.04,8.21,8.23,7.93,155972.14
2024-02-05,8.18,8.56,8.65,8.06,200715.54
2024-02-06,8.41,8.39,8.6,8.29,184984.95
2024-02-07,8.39,8.39,8.39,8.07,197510.12
2024-02-08,8.21,8.34,8.36,7.89,165413.56
2024-02-19,8.23,8.51,8.58,8.09,172538.84
2024-02-20,8.43,8.7,8.72,8.43,107350.11
2024-02-21,8.63,8.68,8.77,8.5,163194.75
2024-02-22,8.59,8.79,8.81,8.57,90773.8
2024-02-23,8.77,8.67,8.82,8.64,102924.17
2024-02-26,8.65,8.33,8.66,8.21,230278.87
2024-02-27,8.27,8.36,8.41,8.22,142966.77
2024-02-28,8.34,8.54,8.61,8.26,144312.0
2024-02-29,8.48,8.44,8.55,8.26,164118.7
2024-03-01,8.41,8.44,8.48,8.28,151382.44
2024-03-04,8.43,8.47,8.52,8.33,116458.68
2024-03-05,8.45,8.6,8.6,8.43,117507.84
2024-03-06,8.58,8.68,8.74,8.57,112206.53
2024-03-07,8.67,8.84,8.87,8.6,118553.28
2024-03-08,8.79,8.9,8.99,8.76,136049.07
2024-03-11,8.84,8.6,8.91,8.51,156309.5
2024-03-12,8.57,8.47,8.61,8.4,144086.73
2024-03-13,8.46,8.43,8.47,8.33,109962.02
2024-03-14,8.44,8.46,8.56,8.41,93107.33
2024-03-15,8.43,8.48,8.49,8.3,103984.62
2024-03-18,8.57,8.53,8.61,8.31,167226.62
2024-03-19,8.51,8.43,8.57,8.43,74490.84
2024-03-20,8.43,8.47,8.54,8.38,55374.81
2024-03-21,8.46,8.43,8.51,8.42,53350.0
2024-03-22,8.43,8.47,8.48,8.36,63827.29
2024-03-25,8.39,8.57,8.67,8.39,138795.33
2024-03-26,8.56,8.67,8.68,8.48,116302.04
2024-03-27,8.65,8.58,8.67,8.55,78570.0
2024-03-28,8.58,8.62,8.68,8.51,84406.3
2024-03-29,8.63,8.79,8.79,8.59,107142.63
2024-04-01,8.79,8.73,8.8,8.54,132097.03
2024-04-02,8.68,8.71,8.85,8.65,118182.55
2024-04-03,8.72,8.77,8.83,8.66,102675.35
2024-04-08,8.73,8.8,8.88,8.73,94590.0
2024-04-09,8.83,8.7,8.83,8.69,73114.54
2024-04-10,8.69,8.82,8.88,8.68,116294.29
2024-04-11,8.78,8.92,8.93,8.75,82892.73
2024-04-12,8.92,8.94,9.01,8.86,70715.8
2024-04-15,8.97,9.22,9.22,8.94,122319.79
2024-04-16,9.18,9.1,9.3,9.09,119286.69
2024-04-17,9.08,9.25,9.26,9.0,103067.12
2024-04-18,9.25,9.25,9.42,9.13,84538.41
2024-04-19,9.25,9.36,9.43,9.2,99282.69
2024-04-22,9.36,9.3,9.51,9.23,100471.01
2024-04-23,9.24,9.15,9.38,9.15,73519.8
2024-04-24,9.17,9.33,9.35,9.17,68085.02
2024-04-25,9.3,9.41,9.44,9.22,60017.1
2024-04-26,9.38,9.08,9.44,8.99,210708.26
2024-04-29,8.98,8.91,9.08,8.8,156886.73
2024-04-30,8.82,9.01,9.07,8.8,109646.03
2024-05-06,8.94,9.12,9.17,8.72,295368.04
2024-05-07,9.0,9.01,9.1,8.9,121713.86
2024-05-08,9.01,9.02,9.08,8.98,56901.46
2024-05-09,8.99,9.03,9.06,8.95,67979.75
2024-05-10,9.03,9.05,9.07,8.99,57772.5
2024-05-13,9.04,9.14,9.16,8.93,108720.0
2024-05-14,9.11,9.14,9.15,9.06,57210.97
2024-05-15,9.14,9.14,9.2,9.09,64043.73
2024-05-16,9.15,8.96,9.17,8.94,117861.0
2024-05-17,8.94,9.04,9.06,8.94,64155.01
2024-05-20,9.06,9.02,9.11,8.96,70002.59
2024-05-21,9.02,9.07,9.08,8.99,64697.52
2024-05-22,9.07,9.08,9.19,9.05,79017.98
2024-05-23,9.06,9.04,9.12,8.98,57329.0
2024-05-24,9.03,9.07,9.15,9.01,53671.84
2024-05-27,9.08,9.14,9.21,9.06,83609.39
2024-05-28,9.14,9.13,9.15,9.04,72283.95
2024-05-29,9.12,9.11,9.19,9.09,58154.38
2024-05-30,9.11,8.94,9.11,8.92,86949.26
2024-05-31,8.95,8.94,8.99,8.92,43477.88
2024-06-03,8.94,8.96,9.02,8.92,81057.4
2024-06-04,8.96,9.15,9.15,8.94,92142.24
2024-06-05,9.14,8.99,9.21,8.94,90350.32
2024-06-06,9.01,9.08,9.15,8.97,84354.93
2024-06-07,9.14,9.24,9.25,9.08,96050.84
2024-06-11,9.24,9.05,9.27,8.99,96192.8
2024-06-12,9.05,9.15,9.15,9.02,67074.75
2024-06-13,9.1,8.96,9.13,8.94,110611.31
2024-06-14,8.95,9.01,9.08,8.93,142011.6
2024-06-17,9.01,9.09,9.17,8.98,110493.95
2024-06-18,9.09,9.3,9.36,9.07,120210.25
2024-06-19,9.3,9.24,9.37,9.22,55516.76
2024-06-20,9.23,9.22,9.32,9.17,43253.06
2024-06-21,9.22,9.18,9.28,9.09,89933.72
2024-06-24,9.13,9.05,9.17,9.01,77675.91
2024-06-25,9.04,9.08,9.12,9.04,74601.0
2024-06-26,9.06,9.0,9.11,8.95,79735.58
2024-06-27,9.01,9.08,9.08,8.95,75846.42
2024-06-28,9.03,9.14,9.19,9.03,104872.58
2024-07-01,9.15,9.2,9.26,9.12,120475.17
2024-07-02,9.2,9.33,9.34,9.12,130572.72
2024-07-03,9.29,9.52,9.56,9.28,153060.64
2024-07-04,9.5,9.68,9.7,9.5,153718.54
2024-07-05,9.7,9.8,9.86,9.68,194570.15
2024-07-08,9.74,9.74,9.85,9.72,92902.0
2024-07-09,9.73,9.96,9.98,9.68,110080.99
2024-07-10,9.96,9.77,9.98,9.75,82664.16
2024-07-11,9.79,9.57,9.81,9.52,121154.82
2024-07-12,9.58,9.67,9.7,9.57,111802.26
2024-07-15,9.62,9.64,9.67,9.34,141916.74
2024-07-16,9.64,9.59,9.7,9.5,80418.57
2024-07-17,9.57,9.46,9.58,9.42,79108.22
2024-07-18,9.41,9.61,9.61,9.38,80169.14
2024-07-19,9.55,9.51,9.62,9.44,79374.0
2024-07-22,9.52,9.39,9.53,9.3,85937.0
2024-07-23,9.36,9.33,9.43,9.3,72031.11
2024-07-24,9.28,9.44,9.47,9.19,149118.47
2024-07-25,9.44,9.63,9.71,9.36,190256.67
2024-07-26,9.6,9.57,9.64,9.34,144663.3
2024-07-29,9.53,9.78,9.79,9.52,114405.26
2024-07-30,9.75,10.04,10.05,9.72,142148.27
2024-07-31,10.01,10.01,10.11,9.78,211386.08
2024-08-01,9.92,10.33,10.39,9.89,202359.2
2024-08-02,10.28,10.41,10.46,10.21,99952.63
2024-08-05,10.36,10.25,10.42,10.21,110356.0
2024-08-06,10.24,9.73,10.27,9.68,163753.43
2024-08-07,9.65,9.58,9.74,9.55,132437.46
2024-08-08,9.55,9.76,9.81,9.53,99075.43
2024-08-09,9.78,9.62,9.82,9.6,56595.0
2024-08-12,9.62,9.73,9.74,9.55,64545.83
2024-08-13,9.74,9.9,9.96,9.71,114468.3
2024-08-14,9.88,10.09,10.15,9.81,89573.77
2024-08-15,10.1,10.27,10.3,10.02,123493.72
2024-08-16,10.21,10.23,10.37,10.16,118575.26
2024-08-19,10.19,10.3,10.32,10.14,82697.43
2024-08-20,10.31,10.28,10.4,10.22,94067.94
2024-08-21,10.24,10.38,10.41,10.2,111599.88
2024-08-22,10.37,10.57,10.61,10.35,117162.11
2024-08-23,10.53,10.6,10.61,10.25,141807.24
2024-08-26,10.51,10.4,10.57,10.06,225865.67
2024-08-27,10.31,10.49,10.49,10.29,71725.73
2024-08-28,10.49,10.51,10.55,10.37,70796.36
2024-08-29,10.51,10.4,10.53,10.26,112719.84
2024-08-30,10.23,10.2,10.29,9.89,186763.43
2024-09-02,10.16,10.46,10.55,10.13,136811.46
2024-09-03,10.49,10.44,10.58,10.13,101170.97
2024-09-04,10.36,10.59,10.61,10.25,96054.94
2024-09-05,10.61,10.67,10.69,10.39,76301.77
2024-09-06,10.62,10.79,10.87,10.61,57723.75
2024-09-09,10.75,10.79,10.81,10.48,86866.71
2024-09-10,10.78,10.9,10.95,10.6,68335.64
2024-09-11,10.85,10.54,10.89,10.37,146015.0
2024-09-12,10.5,10.62,10.68,10.33,113044.68
2024-09-13,10.61,10.46,10.76,10.43,90468.1
2024-09-18,10.42,10.27,10.49,10.2,111130.0
2024-09-19,10.3,10.1,10.32,9.89,100083.11
2024-09-20,10.08,10.08,10.23,10.03,81205.24
2024-09-23,10.08,9.94,10.1,9.9,96189.0
2024-09-24,9.96,10.18,10.19,9.76,125252.45
2024-09-25,10.21,10.18,10.37,10.06,139322.72
2024-09-26,10.16,10.17,10.18,9.89,142821.35
2024-09-27,10.16,9.94,10.23,9.74,272258.52
2024-09-30,9.95,10.51,10.62,9.92,453556.09
2024-10-08,11.32,10.28,11.52,10.11,517892.49
2024-10-09,10.18,9.68,10.27,9.67,296572.35
2024-10-10,9.71,9.86,10.13,9.71,245357.03
2024-10-11,9.87,10.04,10.23,9.71,231111.32
2024-10-14,10.04,10.23,10.38,9.99,226754.16
2024-10-15,10.17,10.05,10.25,10.01,151114.74
2024-10-16,9.98,10.21,10.38,9.97,154375.37
2024-10-17,10.23,10.13,10.37,10.13,108144.17
2024-10-18,10.13,10.05,10.18,9.98,155659.8
2024-10-21,10.02,10.01,10.13,9.87,125588.38
2024-10-22,10.03,10.24,10.25,10.0,171000.92
2024-10-23,10.24,10.24,10.34,10.14,92317.91
2024-10-24,10.24,10.3,10.32,10.17,71998.77
2024-10-25,10.32,10.52,10.66,10.31,268096.86
2024-10-28,10.58,10.21,10.64,10.18,154470.44
2024-10-29,10.22,10.12,10.28,10.02,128726.17
2024-10-30,10.09,10.11,10.19,10.0,112150.78
2024-10-31,10.07,9.93,10.11,9.89,125794.08
2024-11-01,9.9,10.13,10.17,9.85,144024.0
2024-11-04,10.14,10.14,10.19,9.95,109966.95
2024-11-05,10.13,10.22,10.22,10.04,112072.83
2024-11-06,10.19,10.22,10.25,10.11,109265.86
2024-11-07,10.18,10.28,10.35,10.14,107255.8
2024-11-08,10.28,10.22,10.35,10.12,124044.09
2024-11-11,10.19,10.05,10.19,10.01,104521.17
2024-11-12,10.05,10.01,10.17,9.96,165916.93
2024-11-13,9.97,10.13,10.24,9.93,128298.11
2024-11-14,10.13,10.21,10.39,10.06,208610.84
2024-11-15,10.22,10.6,10.74,10.18,268587.64
2024-11-18,10.7,10.54,10.78,10.49,182850.04
2024-11-19,10.56,10.77,10.84,10.5,139910.63
2024-11-20,10.73,10.87,10.89,10.66,101175.47
2024-11-21,10.92,10.9,11.0,10.79,121430.93
2024-11-22,10.86,10.83,11.06,10.81,117607.84
2024-11-25,10.77,10.81,11.1,10.65,138824.62
2024-11-26,10.86,10.84,11.02,10.76,93318.89
2024-11-27,10.79,10.78,10.88,10.68,135206.16
2024-11-28,10.78,10.96,11.02,10.68,123664.15
2024-11-29,10.96,10.92,11.1,10.87,103152.87
2024-12-02,10.96,10.82,10.98,10.49,201959.46
2024-12-03,10.82,11.01,11.1,10.74,126496.72
2024-12-04,11.03,11.33,11.39,10.98,139428.97
2024-12-05,11.36,11.22,11.5,11.16,135037.16
2024-12-06,11.2,11.28,11.39,11.11,110682.42
2024-12-09,11.22,11.14,11.36,11.1,100980.58
2024-12-10,11.25,11.13,11.25,10.92,174015.51
2024-12-11,11.09,11.22,11.3,11.06,141168.89
2024-12-12,11.22,11.22,11.34,11.18,129872.85
2024-12-13,11.22,11.34,11.38,11.16,247525.55
2024-12-16,11.31,11.83,11.94,11.27,216874.08
2024-12-17,11.91,11.91,12.08,11.83,132746.71
2024-12-18,11.91,11.96,12.23,11.87,129476.97
2024-12-19,11.92,12.14,12.18,11.91,122938.51
2024-12-20,12.14,12.23,12.31,12.09,92139.2
2024-12-23,12.21,12.31,12.48,12.02,129764.14
2024-12-24,12.31,12.49,12.51,12.15,101883.87
2024-12-25,12.54,12.59,12.59,12.41,86499.34
2024-12-26,12.59,12.5,12.59,12.39,103511.61
2024-12-27,12.47,12.93,12.93,12.47,119340.8
2024-12-30,12.93,12.92,13.23,12.78,158415.19
2024-12-31,12.98,13.58,13.6,12.82,187902.76
2025-01-02,13.41,12.66,13.53,12.5,333349.37
2025-01-03,12.49,12.66,12.9,12.36,211897.92
2025-01-06,12.56,12.7,12.79,12.55,159386.87
2025-01-07,12.71,12.54,12.86,12.37,174626.01
2025-01-08,12.5,12.6,12.82,12.48,156965.99
2025-01-09,12.57,12.53,12.59,12.37,109852.19
2025-01-10,12.55,12.55,12.75,12.37,128109.77
2025-01-13,12.49,12.21,12.55,12.13,128531.54
2025-01-14,12.21,12.43,12.46,12.15,111727.98
2025-01-15,12.43,12.33,12.8,12.31,128966.89
2025-01-16,12.38,12.31,12.4,12.18,102724.92
2025-01-17,12.32,12.13,12.32,12.08,96719.63
2025-01-20,12.16,12.19,12.31,12.04,106290.58
2025-01-21,12.2,11.98,12.23,11.93,104298.44
2025-01-22,11.96,11.89,12.03,11.74,88006.27
2025-01-23,11.89,11.94,12.06,11.7,171073.01
2025-01-24,11.83,11.74,11.98,11.7,90444.0
2025-01-27,11.81,11.99,12.21,11.74,121918.37
2025-02-05,11.99,11.66,12.1,11.62,94468.33
2025-02-06,11.65,11.55,11.72,11.47,80907.36
2025-02-07,11.55,11.44,11.58,11.37,99852.75
2025-02-10,11.45,11.36,11.57,11.32,106080.84
2025-02-11,11.38,11.67,11.7,11.36,223287.52
2025-02-12,11.67,11.62,11.7,11.33,131016.92
2025-02-13,11.61,11.77,11.97,11.58,129023.87
2025-02-14,11.7,12.01,12.05,11.54,192439.34
2025-02-17,12.01,12.32,12.42,11.61,226509.76
2025-02-18,12.21,12.61,12.66,12.2,166623.95
2025-02-19,12.56,12.82,12.88,12.48,168483.12
2025-02-20,12.77,12.76,12.92,12.65,120487.0
2025-02-21,12.7,12.69,12.79,12.35,145891.15
2025-02-24,12.61,12.92,13.03,12.58,122636.36
2025-02-25,12.87,12.94,13.12,12.87,94916.58
2025-02-26,12.87,13.24,13.35,12.84,110775.96
2025-02-27,13.24,13.58,13.6,13.16,124097.36
2025-02-28,13.54,13.61,13.84,13.49,134714.35
2025-03-03,13.61,13.49,13.72,13.26,195854.75
2025-03-04,13.46,13.47,13.71,13.31,193016.6
2025-03-05,13.52,13.27,13.52,13.25,85614.96
2025-03-06,13.28,12.72,13.28,12.7,120365.19
2025-03-07,12.67,12.47,12.67,12.38,105672.38
2025-03-10,12.49,12.4,12.58,12.31,87214.45
2025-03-11,12.38,12.22,12.38,12.15,67331.56
2025-03-12,12.2,12.21,12.24,12.11,76020.31
2025-03-13,12.22,12.42,12.65,12.15,211804.27
2025-03-14,12.4,12.28,12.56,12.22,167584.53
2025-03-17,12.23,12.25,12.33,12.12,149478.58
2025-03-18,12.28,12.26,12.38,12.2,85765.76
2025-03-19,12.26,12.68,12.7,12.17,148381.5
2025-03-20,12.75,12.55,12.92,12.48,110812.84
2025-03-21,12.52,12.74,12.74,12.52,101139.79
2025-03-24,12.76,12.74,12.93,12.64,123636.16
2025-03-25,12.8,12.73,12.8,12.51,78478.44
2025-03-26,12.7,12.84,12.98,12.53,116026.25
2025-03-27,12.88,12.78,12.98,12.77,53969.15
2025-03-28,12.76,12.89,12.9,12.7,56426.48
2025-03-31,12.84,13.1,13.19,12.84,99747.32
2025-04-01,13.12,13.19,13.23,12.92,86651.0
2025-04-02,13.19,12.91,13.38,12.87,118948.01
2025-04-03,12.84,12.7,12.91,12.37,125371.26
2025-04-07,12.2,12.3,12.71,11.85,191869.55
2025-04-08,12.27,12.65,12.68,12.27,151484.07
2025-04-09,12.65,12.73,12.73,12.32,92028.27
2025-04-10,12.67,12.47,12.73,12.45,127368.98
2025-04-11,12.47,12.57,12.65,12.41,92347.46
2025-04-14,12.55,12.59,12.74,12.51,81761.79
2025-04-15,12.57,12.67,12.67,12.44,70346.2
2025-04-16,12.63,12.89,12.89,12.62,94094.72
2025-04-17,12.88,12.98,13.03,12.71,80662.01
2025-04-18,12.93,12.93,13.04,12.92,42796.68
2025-04-21,12.93,12.57,12.99,12.56,87157.1
2025-04-22,12.56,12.69,12.8,12.55,63197.26
2025-04-23,12.68,12.62,12.74,12.49,64180.01
2025-04-24,12.56,12.64,12.7,12.56,38637.0
2025-04-25,12.62,12.69,12.71,12.53,45662.52
2025-04-28,12.66,12.79,12.92,12.63,66519.09
2025-04-29,12.74,12.71,12.8,12.55,57553.93
2025-04-30,12.8,12.94,13.1,12.78,100495.08
2025-05-06,12.97,12.67,13.01,12.61,154891.28
2025-05-07,12.72,12.81,12.88,12.66,108388.66
2025-05-08,12.78,12.97,13.0,12.74,71425.91
2025-05-09,12.94,13.28,13.44,12.94,128601.01
2025-05-12,13.26,13.05,13.33,13.02,111035.55
2025-05-13,13.1,13.07,13.13,12.96,57045.6
2025-05-14,13.04,13.09,13.12,12.93,71188.08
2025-05-15,13.07,13.05,13.25,13.03,75066.0
2025-05-16,13.01,12.92,13.09,12.87,57888.3
2025-05-19,12.92,13.18,13.19,12.91,72548.42
2025-05-20,13.18,13.27,13.28,13.16,49302.05
2025-05-21,13.25,13.49,13.52,13.21,61935.54
2025-05-22,13.49,13.53,13.63,13.47,58735.01
2025-05-23,13.53,13.37,13.66,13.35,58065.33
2025-05-26,13.4,13.1,13.44,13.06,80373.36
2025-05-27,13.16,13.04,13.2,12.97,104692.15
2025-05-28,13.05,13.18,13.2,12.92,76750.05
2025-05-29,13.19,13.09,13.21,13.01,88477.83
2025-05-30,13.09,13.16,13.2,13.05,115029.55
2025-06-03,13.06,13.03,13.2,12.87,120084.67
2025-06-04,13.07,13.14,13.18,13.03,62934.76
2025-06-05,13.15,13.14,13.22,13.07,55025.24
2025-06-06,13.15,13.2,13.28,13.1,48646.97
2025-06-09,13.23,12.96,13.24,12.93,173984.32
2025-06-10,12.95,12.81,13.03,12.8,109893.86
2025-06-11,12.81,12.86,12.99,12.67,141275.0
2025-06-12,12.85,12.71,12.87,12.54,202888.57
2025-06-13,12.66,12.7,12.85,12.57,239902.9
2025-06-16,12.66,12.53,12.67,12.52,117474.37
2025-06-17,12.55,12.61,12.69,12.53,80692.81
2025-06-18,12.59,12.59,12.66,12.55,56815.0
2025-06-19,12.61,12.62,12.69,12.55,70629.42
2025-06-20,12.62,12.79,12.8,12.58,91402.22
2025-06-23,12.77,12.58,12.88,12.54,116236.31
2025-06-24,12.56,12.44,12.62,12.43,123471.75
2025-06-25,12.46,12.59,12.64,12.44,97661.16
2025-06-26,12.56,12.46,12.59,12.45,86160.0
2025-06-27,12.47,12.3,12.47,12.29,132178.12
2025-06-30,12.31,12.31,12.4,12.28,56751.59
2025-07-01,12.33,12.44,12.47,12.31,95589.0
2025-07-02,12.44,12.25,12.56,12.22,126808.16
2025-07-03,12.25,12.19,12.26,12.18,87283.32
2025-07-04,12.24,12.35,12.45,12.21,123134.32
2025-07-07,12.33,12.55,12.56,12.24,108115.83
2025-07-08,12.51,12.49,12.6,12.49,107445.0
2025-07-09,12.51,12.8,12.87,12.5,144608.65
2025-07-10,12.82,12.9,12.92,12.76,94011.63
2025-07-11,12.89,12.93,13.0,12.8,134571.4
2025-07-14,12.81,12.47,12.81,12.43,214216.98
2025-07-15,12.47,12.29,12.51,12.25,133137.49
2025-07-16,12.28,12.31,12.37,12.26,83022.0
2025-07-17,12.31,12.23,12.36,12.19,90324.58
2025-07-18,12.25,12.25,12.26,12.2,67433.89
2025-07-21,12.23,12.26,12.27,12.21,53214.17
2025-07-22,12.3,12.31,12.31,12.24,68675.69
2025-07-23,12.32,12.36,12.43,12.32,92988.48
2025-07-24,12.38,12.35,12.38,12.28,68006.1
2025-07-25,12.32,12.27,12.4,12.25,73110.21
2025-07-28,12.26,12.1,12.27,12.03,120654.57
2025-07-29,12.03,11.92,12.07,11.85,108832.97
2025-07-30,11.91,12.02,12.04,11.9,71066.88
2025-07-31,12.03,11.85,12.04,11.8,76267.0
2025-08-01,11.86,11.82,11.87,11.79,53382.9
2025-08-04,11.83,11.91,11.95,11.77,50639.5
2025-08-05,11.88,11.99,12.01,11.86,48343.93
2025-08-06,11.99,12.04,12.05,11.94,43132.0
2025-08-07,12.04,12.08,12.09,11.99,41409.2
2025-08-08,12.07,12.09,12.1,12.04,34314.0
2025-08-11,12.08,11.89,12.11,11.88,72091.13
2025-08-12,11.89,11.88,11.95,11.87,51753.2
2025-08-13,11.89,11.82,11.92,11.78,78016.03
2025-08-14,11.82,11.73,11.87,11.71,90111.82
2025-08-15,11.72,11.58,11.72,11.51,136223.13
2025-08-18,11.58,11.67,11.67,11.55,73147.31
2025-08-19,11.67,11.59,11.67,11.56,65733.99
2025-08-20,11.63,11.62,11.63,11.54,69441.95
2025-08-21,11.62,11.62,11.69,11.57,94088.94
2025-08-22,11.64,11.58,11.65,11.56,84413.4
2025-08-25,11.58,11.65,11.66,11.56,82227.86
2025-08-26,11.66,11.64,11.67,11.61,60618.01
2025-08-27,11.64,11.53,11.64,11.53,96182.08
2025-08-28,11.57,11.45,11.57,11.27,122839.89
2025-08-29,11.46,11.34,11.48,11.32,97350.09
2025-09-01,11.33,11.23,11.33,11.19,114118.1
2025-09-02,11.2,11.32,11.33,11.18,96744.7
2025-09-03,11.34,11.13,11.37,11.13,71348.66
2025-09-04,11.13,11.22,11.23,10.94,96631.15
2025-09-05,11.22,11.03,11.22,10.96,87364.95
2025-09-08,11.02,11.04,11.12,11.0,88383.01
2025-09-09,11.05,10.97,11.05,10.89,93908.24
2025-09-10,10.94,10.96,10.99,10.91,52239.4
2025-09-11,10.96,10.89,10.97,10.75,131954.98
2025-09-12,10.9,10.78,10.96,10.77,98427.17
2025-09-15,10.77,10.69,10.79,10.66,97454.43
2025-09-16,10.68,10.6,10.74,10.57,95705.9
2025-09-17,10.6,10.48,10.61,10.46,122515.01
2025-09-18,10.48,10.32,10.49,10.28,173089.95
2025-09-19,10.3,10.27,10.31,10.11,177126.85
2025-09-22,10.26,10.34,10.47,10.21,159254.66
2025-09-23,10.32,10.44,10.48,10.27,174874.07
2025-09-24,10.44,10.55,10.76,10.41,241399.57
2025-09-25,10.54,10.33,10.54,10.28,180354.11
2025-09-26,10.3,10.45,10.48,10.28,142749.23
2025-09-29,10.47,10.53,10.54,10.35,102892.49
2025-09-30,10.53,10.45,10.54,10.39,80972.14
2025-10-09,10.47,10.62,10.63,10.35,130310.16
2025-10-10,10.63,10.77,10.84,10.57,116185.49
2025-10-13,10.66,10.88,10.89,10.57,148211.68
2025-10-14,10.88,10.9,10.91,10.76,129650.76
2025-10-15,10.9,11.0,11.02,10.84,119343.43
2025-10-16,10.99,11.04,11.13,10.98,121753.45
2025-10-17,11.05,11.17,11.21,10.98,161036.65
2025-10-20,11.12,11.18,11.23,10.94,157950.34
2025-10-21,11.16,10.94,11.17,10.93,157506.43
2025-10-22,10.94,11.09,11.18,10.92,155073.19
2025-10-23,11.08,11.16,11.23,11.07,123842.52
2025-10-24,11.2,11.27,11.35,11.01,214622.07
2025-10-27,11.29,11.31,11.34,11.1,158028.7
2025-10-28,11.31,11.47,11.47,11.25,157426.55
2025-10-29,11.47,11.33,11.48,11.27,157346.72
2025-10-30,11.38,11.28,11.4,11.24,90982.33
2025-10-31,11.24,11.14,11.28,11.04,152101.51
2025-11-03,11.15,11.32,11.32,11.06,117481.94
2025-11-04,11.28,11.7,11.73,11.25,235713.04
2025-11-05,11.74,11.76,11.87,11.59,174539.63
2025-11-06,11.77,11.73,11.8,11.63,100638.63
2025-11-07,11.72,11.68,11.81,11.64,69494.78
2025-11-10,11.69,11.85,11.86,11.57,112314.31
2025-11-11,11.8,11.97,12.0,11.76,95242.51
2025-11-12,11.96,11.97,12.12,11.93,88537.37
2025-11-13,11.95,11.87,11.95,11.76,103769.0
2025-11-14,11.98,11.72,12.0,11.72,95770.64
2025-11-17,11.71,11.69,11.75,11.57,90354.8
2025-11-18,11.69,11.86,11.89,11.69,91545.45
2025-11-19,11.88,11.72,11.88,11.72,64058.63
2025-11-20,11.72,11.75,11.85,11.63,75503.01
2025-11-21,11.73,11.57,11.83,11.56,103787.6
2025-11-24,11.61,11.65,11.72,11.54,84285.15
2025-11-25,11.64,11.66,11.72,11.46,80626.93
2025-11-26,11.68,11.69,11.87,11.62,90584.68
2025-11-27,11.68,11.66,11.72,11.53,72082.19
2025-11-28,11.66,11.54,11.69,11.47,89398.62
2025-12-01,12.13,11.95,12.26,11.74,306529.84
2025-12-02,11.95,12.04,12.08,11.85,162261.61
2025-12-03,11.99,12.17,12.2,11.97,108103.47
2025-12-04,12.17,12.1,12.24,12.1,85210.91
2025-12-05,12.11,12.13,12.19,12.01,102352.65
2025-12-08,12.07,12.03,12.07,11.94,89373.46
2025-12-09,12.03,12.07,12.13,11.96,85579.84
2025-12-10,12.05,12.06,12.19,12.0,130487.42
2025-12-11,12.04,12.13,12.26,12.02,170436.09
2025-12-12,12.17,11.6,12.2,11.56,365140.48
2025-12-15,11.6,11.72,11.79,11.48,148649.29
2025-12-16,11.69,11.63,11.8,11.61,90463.34
2025-12-17,11.6,11.48,11.71,11.48,81590.02
2025-12-18,11.5,11.5,11.57,11.41,65478.32
2025-12-19,11.5,11.38,11.5,11.38,83695.2
2025-12-22,11.38,11.24,11.39,11.21,65523.0
2025-12-23,11.25,11.24,11.34,11.18,53028.33
2025-12-24,11.29,11.32,11.34,11.18,48103.34
2025-12-25,11.32,11.41,11.44,11.29,38044.76
2025-12-26,11.38,11.7,11.74,11.38,113182.64
2025-12-29,11.7,11.48,11.72,11.44,75170.27
2025-12-30,11.48,11.48,11.56,11.39,54501.86
2025-12-31,11.5,11.3,11.62,11.27,90704.36
2026-01-05,11.3,11.13,11.31,11.05,102824.59
2026-01-06,11.12,11.11,11.2,11.07,70337.52
2026-01-07,11.11,11.05,11.12,11.04,56041.97
2026-01-08,11.07,11.0,11.09,10.98,67264.12
2026-01-09,11.0,11.01,11.05,10.95,56451.36
2026-01-12,11.01,11.12,11.13,10.97,65711.95
2026-01-13,11.11,11.02,11.12,10.98,65697.64
2026-01-14,11.03,10.96,11.08,10.95,63206.81
2026-01-15,10.97,10.81,10.99,10.8,68382.06
2026-01-16,10.84,10.86,10.89,10.76,56989.01
2026-01-19,10.91,10.98,10.98,10.8,51629.78
2026-01-20,10.98,11.25,11.32,10.94,114919.57
2026-01-21,11.28,11.21,11.28,11.14,73096.89
2026-01-22,11.22,11.31,11.33,11.1,51436.35
2026-01-23,11.31,11.27,11.34,11.23,48585.74
2026-01-26,11.24,11.31,11.34,11.15,73920.91
2026-01-27,11.31,11.49,11.5,11.24,81210.16
2026-01-28,11.5,11.62,11.66,11.44,88200.59
2026-01-29,11.62,11.7,11.75,11.43,94389.95
2026-01-30,11.69,11.7,11.88,11.67,108294.97
2026-02-02,11.75,11.52,11.75,11.51,95257.92
2026-02-03,11.61,11.65,11.73,11.51,80625.51
2026-02-04,11.65,11.73,11.86,11.63,99700.0
2026-02-05,11.73,11.75,11.86,11.71,63860.5
2026-02-06,11.76,11.72,11.86,11.67,66821.89
2026-02-09,11.75,11.91,11.93,11.72,62728.88
2026-02-10,11.85,11.87,11.91,11.81,30837.42
2026-02-11,11.9,11.8,11.94,11.8,32345.01
2026-02-12,11.83,11.67,11.83,11.62,69604.44
2026-02-13,11.67,11.5,11.72,11.47,53504.0
2026-02-24,11.59,11.52,11.66,11.47,43059.68
2026-02-25,11.57,11.52,11.65,11.52,44233.0
2026-02-26,11.58,11.54,11.61,11.51,38881.4
2026-02-27,11.54,11.73,11.8,11.52,48491.72
2026-03-02,11.72,11.78,11.88,11.64,66577.71
2026-03-03,11.79,11.73,11.87,11.7,80384.24
2026-03-04,11.66,11.53,11.74,11.52,87176.9
2026-03-05,11.63,11.63,11.68,11.51,51630.63
2026-03-06,11.64,11.83,11.86,11.59,55257.41
2026-03-09,11.84,11.82,11.9,11.73,77025.4
2026-03-10,11.89,11.96,12.04,11.75,79859.58
2026-03-11,11.96,12.07,12.11,11.9,64601.47
2026-03-12,12.13,11.98,12.13,11.97,65712.32
2026-03-13,12.04,12.03,12.1,11.91,81479.55
2026-03-16,12.07,12.31,12.33,12.04,121148.98
2026-03-17,12.28,12.21,12.36,12.13,72283.25
2026-03-18,12.21,12.15,12.27,11.99,74579.67
2026-03-19,12.05,12.13,12.25,12.05,64504.02
2026-03-20,12.14,12.24,12.32,12.1,63741.25
2026-03-23,12.04,11.69,12.13,11.64,96644.82
2026-03-24,12.15,12.13,12.19,11.75,83379.5
2026-03-25,12.17,12.42,12.43,12.02,95751.36
2026-03-26,12.38,12.33,12.5,12.29,64090.7
2026-03-27,12.33,12.36,12.47,12.19,85982.55
2026-03-30,12.31,12.5,12.53,12.28,74618.41
2026-03-31,12.51,12.52,12.59,12.38,68227.31
2026-04-01,12.55,12.47,12.57,12.43,61310.99
2026-04-02,12.47,12.6,12.6,12.38,61330.71
2026-04-03,12.59,12.55,12.65,12.45,69473.98
2026-04-07,12.56,12.31,12.56,12.29,64740.97
2026-04-08,12.4,12.35,12.41,12.21,81428.28
2026-04-09,12.32,12.25,12.41,12.22,39757.34
2026-04-10,12.28,12.02,12.31,12.0,73181.08
2026-04-13,12.02,12.06,12.15,11.97,40301.82
2026-04-14,12.1,12.1,12.26,11.99,60891.5
2026-04-15,12.17,12.3,12.33,12.05,56168.0
2026-04-16,12.28,12.33,12.41,12.26,36879.83
2026-04-17,12.33,12.19,12.36,12.19,32538.4
2026-04-20,12.2,12.13,12.2,11.97,50538.38
2026-04-21,12.17,12.17,12.33,12.1,46954.86
2026-04-22,12.13,12.17,12.28,12.07,50737.0
2026-04-23,12.18,12.25,12.32,12.09,50206.0
2026-04-24,12.27,12.31,12.39,12.17,46132.6
2026-04-27,12.33,12.16,12.36,12.1,52104.42
2026-04-28,12.1,12.28,12.4,12.1,49899.39
2026-04-29,12.23,12.14,12.37,12.12,73929.51
2026-04-30,12.09,12.07,12.12,11.84,75772.25
2026-05-06,12.0,12.02,12.13,11.92,78362.41
2026-05-07,12.02,11.96,12.09,11.95,59878.41
2026-05-08,11.98,12.18,12.26,11.98,68199.01
2026-05-11,12.23,12.38,12.39,12.01,76987.48
2026-05-12,12.32,12.54,12.63,12.29,82144.96
2026-05-13,12.59,12.72,12.76,12.48,91850.62
2026-05-14,12.72,12.52,12.76,12.52,70461.02
2026-05-15,12.54,12.6,12.6,12.42,66826.01
2026-05-18,12.55,12.43,12.6,12.34,50430.0
2026-05-19,12.45,12.44,12.68,12.38,70917.56
2026-05-20,12.52,12.69,12.72,12.45,85718.68
2026-05-21,12.74,12.7,12.82,12.65,57430.52
2026-05-22,12.74,12.75,12.85,12.62,70153.7
2026-05-25,12.75,12.98,13.0,12.62,71877.2
2026-05-26,12.86,13.04,13.1,12.82,51133.26
2026-05-27,12.99,13.1,13.2,12.98,62428.74
2026-05-28,13.04,13.14,13.28,12.98,66243.35
2026-05-29,13.15,13.44,13.47,13.14,71697.71
2026-06-01,13.43,13.59,13.59,13.11,84233.98
2026-06-02,13.53,13.5,13.63,13.38,67781.59
2026-06-03,13.49,13.24,13.6,13.13,80690.08
2026-06-04,13.3,13.29,13.42,13.17,56223.45
2026-06-05,13.18,13.22,13.36,13.09,42837.16
2026-06-08,13.29,13.3,13.4,13.14,59511.99
2026-06-09,13.3,13.51,13.53,13.19,54197.88
2026-06-10,13.41,13.4,13.66,13.37,66777.58
2026-06-11,13.43,12.76,13.44,12.55,102085.8
2026-06-12,12.77,12.49,12.81,12.21,151531.09
2026-06-15,12.38,12.56,12.62,12.15,92613.37
2026-06-16,12.53,12.61,12.71,12.32,86335.0
2026-06-17,12.57,12.84,12.89,12.54,48115.39
2026-06-18,12.84,13.01,13.05,12.73,49503.09
2026-06-22,12.89,13.14,13.14,12.85,48057.31
2026-06-23,13.05,13.22,13.36,12.95,60493.35
2026-06-24,13.23,13.12,13.3,13.05,45588.34
2026-06-25,13.1,13.2,13.24,12.92,46514.36
2026-06-26,13.12,13.38,13.38,13.07,45739.08
2026-06-29,13.38,13.26,13.43,13.08,65298.12
2026-06-30,13.26,13.1,13.31,12.9,58289.96
2026-07-01,13.13,12.93,13.13,12.77,60600.38
2026-07-02,12.95,13.25,13.33,12.9,67756.3
2026-07-03,13.25,13.33,13.37,13.16,48120.07
2026-07-06,13.37,13.7,13.75,13.19,93324.31
2026-07-07,13.63,13.77,13.82,13.54,56696.25
2026-07-08,13.75,14.12,14.37,13.57,89022.71
2026-07-09,13.99,13.32,13.99,13.19,111803.72
2026-07-10,13.14,12.95,13.39,12.9,75184.32
2026-07-13,12.91,12.89,13.04,12.83,74831.26
2026-07-14,12.86,13.27,13.4,12.82,78628.64
2026-07-15,13.23,13.39,13.42,13.1,66963.21
2026-07-16,13.39,13.55,13.58,13.32,67631.99
2026-07-17,13.52,13.75,13.99,13.47,110147.39
2026-07-20,13.75,14.0,14.02,13.64,96902.9
2026-07-21,13.86,13.71,14.14,13.53,116181.69
2026-07-22,13.65,13.68,13.8,13.43,84666.64
2026-07-23,13.68,13.97,14.08,13.56,73945.8
2026-07-24,13.98,13.8,14.1,13.8,64707.58
2026-07-27,13.8,14.45,14.68,13.69,143528.39
2026-07-28,14.37,14.4,14.4,13.63,129026.86
2026-07-29,14.26,14.1,14.4,14.06,97330.29
2026-07-30,14.18,13.68,14.24,13.61,131364.65
2026-07-31,13.61,13.97,14.0,13.45,135962.58
2026-08-03,13.9,14.03,14.18,13.82,106238.32
2026-08-04,14.07,13.76,14.09,13.76,85435.61
2026-08-05,13.75,13.62,13.79,13.37,104174.0
2026-08-06,13.61,13.61,13.69,13.5,86375.47
2026-08-07,13.65,14.2,14.32,13.53,158319.41
2026-08-10,13.9,13.25,13.9,13.2,207901.06
2026-08-11,13.2,13.29,13.4,13.1,121514.66
2026-08-12,13.29,13.16,13.3,13.01,87538.18
2026-08-13,13.16,13.23,13.26,13.07,62285.73
2026-08-14,13.2,13.27,13.29,13.11,57738.84
2026-08-17,13.24,13.14,13.28,13.08,72882.45
2026-08-18,13.15,13.14,13.23,13.06,62118.94
2026-08-19,13.14,13.1,13.33,13.06,88478.81
2026-08-20,13.07,13.08,13.12,12.9,87459.97
2026-08-21,13.1,13.04,13.15,13.0,48017.59
2026-08-24,13.0,13.37,13.4,13.0,112473.51
2026-08-25,13.29,13.45,13.51,13.27,91653.03
2026-08-26,13.45,13.44,13.55,13.38,61933.92
2026-08-27,13.44,13.43,13.49,13.23,54970.0
2026-08-28,13.4,13.39,13.53,13.33,49170.37
2026-08-31,13.45,13.23,13.47,13.22,67726.37
2026-09-01,13.27,13.28,13.47,13.21,121140.6
2026-09-02,13.28,13.26,13.3,13.11,73182.84
2026-09-03,13.24,13.17,13.33,13.14,66823.58
2026-09-04,13.18,13.04,13.19,12.93,108121.0
2026-09-07,12.85,12.91,13.04,12.75,110180.38
2026-09-08,12.94,12.72,12.99,12.55,115210.25
2026-09-09,12.7,12.62,12.73,12.56,94852.86
2026-09-10,12.6,12.58,12.63,12.46,118379.35
2026-09-11,12.56,12.64,12.7,12.37,155077.58
2026-09-14,12.64,12.7,12.82,12.56,113080.74
2026-09-15,12.69,12.83,12.86,12.68,74778.54
2026-09-16,12.81,12.74,12.85,12.64,62862.64
2026-09-17,12.71,12.67,12.75,12.64,42203.5
2026-09-18,12.68,12.64,12.68,12.55,54135.0
