date,open,close,high,low,volume
2013-01-04,6.18,6.1,6.2,6.05,28220.52
2013-01-07,6.09,6.1,6.18,6.05,16556.16
2013-01-08,6.13,6.2,6.21,6.01,36269.39
2013-01-09,6.18,6.13,6.2,6.1,26722.62
2013-01-10,6.14,6.14,6.18,6.08,18616.39
2013-01-11,6.14,5.95,6.17,5.95,30350.41
2013-01-14,5.9,6.15,6.17,5.88,35885.61
2013-01-15,6.15,6.33,6.43,6.12,64299.88
2013-01-16,6.32,6.4,6.47,6.25,45049.75
2013-01-17,6.4,6.24,6.4,6.21,33048.85
2013-01-18,6.24,6.79,6.86,6.22,78111.21
2013-01-21,6.53,6.63,6.77,6.53,73167.77
2013-01-22,6.45,6.4,6.59,6.32,48672.14
2013-01-23,6.39,6.36,6.39,6.27,31146.35
2013-01-24,6.32,6.25,6.47,6.16,40878.85
2013-01-25,6.2,6.24,6.34,6.17,26957.19
2013-01-28,6.24,6.37,6.42,6.22,32855.53
2013-01-29,6.37,6.46,6.57,6.31,49639.37
2013-01-30,6.41,6.75,6.97,6.41,120701.73
2013-01-31,6.94,6.81,7.14,6.66,114700.02
2013-02-01,6.66,6.88,6.98,6.53,78051.44
2013-02-04,6.8,6.65,6.82,6.57,64735.18
2013-02-05,6.61,6.66,6.66,6.47,36793.06
2013-02-06,6.68,6.65,6.68,6.58,20117.45
2013-02-07,6.6,6.55,6.63,6.48,50226.19
2013-02-08,6.58,6.6,6.65,6.54,33885.34
2013-02-18,6.61,6.62,6.67,6.59,36117.76
2013-02-19,6.62,6.6,6.75,6.55,44288.31
2013-02-20,6.58,6.59,6.62,6.48,27308.43
2013-02-21,6.56,6.36,6.56,6.33,46435.04
2013-02-22,6.32,6.37,6.46,6.31,24787.59
2013-02-25,6.37,6.64,6.77,6.36,67482.87
2013-02-26,6.56,6.5,6.78,6.5,73653.21
2013-02-27,6.5,6.67,6.75,6.41,71607.37
2013-02-28,6.65,6.68,6.72,6.5,58624.07
2013-03-01,6.67,6.79,6.81,6.62,76920.35
2013-03-04,6.71,6.4,6.75,6.37,67462.8
2013-03-05,6.42,6.46,6.48,6.37,41020.21
2013-03-06,6.45,6.79,6.8,6.45,90507.11
2013-03-07,6.84,6.71,6.97,6.65,104034.13
2013-03-08,6.71,6.73,6.81,6.65,41341.62
2013-03-11,6.78,6.89,6.9,6.65,63508.98
2013-03-12,6.9,6.63,6.94,6.51,52457.78
2013-03-13,6.52,6.47,6.64,6.4,29291.87
2013-03-14,6.41,6.45,6.51,6.41,15108.48
2013-03-15,6.45,6.44,6.6,6.39,30168.69
2013-03-18,6.43,6.27,6.46,6.24,29188.21
2013-03-19,6.26,6.22,6.35,6.19,21348.19
2013-03-20,6.22,6.34,6.36,6.21,32792.66
2013-03-21,6.4,6.36,6.42,6.29,42399.13
2013-03-22,6.35,6.28,6.35,6.23,35138.38
2013-03-25,6.26,6.25,6.3,6.21,21309.12
2013-03-26,6.24,6.13,6.24,6.05,40063.97
2013-03-27,6.12,6.16,6.18,6.08,17131.84
2013-03-28,6.14,6.06,6.15,5.94,33319.91
2013-03-29,6.08,6.24,6.5,6.07,61217.94
2013-04-01,6.24,6.24,6.25,6.11,17853.45
2013-04-02,6.24,6.26,6.31,6.18,21986.88
2013-04-03,6.43,6.35,6.55,6.33,54995.71
2013-04-08,6.2,6.18,6.2,6.0,34788.9
2013-04-09,6.16,6.18,6.21,6.1,21461.99
2013-04-10,6.14,6.11,6.18,6.08,19690.25
2013-04-11,6.15,6.11,6.21,6.11,16957.34
2013-04-12,6.11,6.01,6.13,6.0,16024.15
2013-04-15,5.98,5.85,5.98,5.81,21433.99
2013-04-16,5.83,5.84,5.88,5.74,22549.6
2013-04-17,5.87,5.88,5.9,5.77,20515.45
2013-04-18,5.86,5.89,5.91,5.8,25435.19
2013-04-19,5.89,5.95,6.01,5.86,33830.08
2013-04-22,5.91,5.87,5.94,5.82,23921.12
2013-04-23,5.89,5.68,5.9,5.65,35203.89
2013-04-24,5.66,5.7,5.76,5.66,23692.29
2013-04-25,5.71,5.65,5.74,5.65,17852.44
2013-04-26,5.65,5.54,5.7,5.52,21946.22
2013-05-02,5.55,5.6,5.63,5.53,10301.96
2013-05-03,5.6,5.67,5.7,5.6,13471.0
2013-05-06,5.7,5.75,5.77,5.66,18505.2
2013-05-07,5.73,5.76,5.78,5.7,11626.85
2013-05-08,5.82,5.78,5.89,5.76,19191.6
2013-05-09,5.76,5.86,5.87,5.75,26242.63
2013-05-10,5.8,5.85,5.88,5.79,19790.77
2013-05-13,5.93,5.84,5.93,5.8,19137.88
2013-05-14,5.84,5.74,5.88,5.7,22105.01
2013-05-15,5.71,5.82,5.85,5.71,17751.7
2013-05-16,5.78,5.97,5.97,5.73,46884.54
2013-05-17,5.94,5.97,5.99,5.9,30135.23
2013-05-20,5.98,6.15,6.2,5.95,63192.09
2013-05-21,6.12,6.14,6.2,6.05,43642.0
2013-05-22,6.16,6.13,6.22,6.1,40271.53
2013-05-23,6.1,6.06,6.2,6.05,44184.51
2013-05-24,6.06,6.11,6.15,6.0,32994.08
2013-05-27,6.11,6.15,6.19,6.05,31648.0
2013-05-28,6.15,6.19,6.2,6.08,31806.24
2013-05-29,6.19,6.21,6.25,6.17,29592.38
2013-05-30,6.2,6.29,6.38,6.17,52732.27
2013-05-31,6.31,6.19,6.34,6.18,25092.63
2013-06-03,6.19,6.13,6.27,6.12,22175.75
2013-06-04,6.13,6.02,6.22,5.99,27964.27
2013-06-05,6.01,6.06,6.1,5.99,20058.17
2013-06-06,6.03,5.94,6.06,5.91,19464.93
2013-06-07,5.95,5.74,5.99,5.68,26954.24
2013-06-13,5.71,5.52,5.71,5.48,25855.37
2013-06-14,5.58,5.58,5.6,5.51,14204.63
2013-06-17,5.56,5.6,5.68,5.56,15165.24
2013-06-18,5.61,5.57,5.68,5.52,14838.05
2013-06-19,5.59,5.51,5.61,5.46,20796.92
2013-06-20,5.5,5.39,5.54,5.35,17267.22
2013-06-21,5.28,5.31,5.32,5.19,15443.73
2013-06-24,5.3,4.95,5.3,4.88,20831.21
2013-06-25,4.94,5.25,5.3,4.86,90787.88
2013-06-26,5.25,5.31,5.35,5.2,28859.14
2013-06-27,5.29,5.18,5.4,5.18,22455.47
2013-06-28,5.16,5.14,5.25,5.07,18205.75
2013-07-01,5.2,5.23,5.32,5.15,22443.16
2013-07-02,5.22,5.23,5.25,5.17,28488.03
2013-07-03,5.23,5.16,5.23,5.02,33396.99
2013-07-04,5.13,5.16,5.24,5.07,32147.0
2013-07-05,5.18,5.17,5.21,5.1,31942.85
2013-07-08,5.15,4.93,5.15,4.93,26693.29
2013-07-09,4.93,4.93,5.02,4.91,21027.23
2013-07-10,4.9,5.07,5.08,4.9,26081.1
2013-07-11,5.09,5.21,5.27,5.04,40765.07
2013-07-12,5.18,5.11,5.25,5.1,29156.66
2013-07-15,5.1,5.17,5.21,5.08,21895.24
2013-07-16,5.17,5.24,5.26,5.1,33141.86
2013-07-17,5.24,5.19,5.3,5.17,28944.32
2013-07-18,5.2,5.26,5.31,5.13,47609.91
2013-07-19,5.26,5.17,5.44,5.16,57414.0
2013-07-22,5.15,5.2,5.24,5.06,25522.64
2013-07-23,5.2,5.31,5.36,5.19,31715.92
2013-07-24,5.28,5.34,5.38,5.23,39795.18
2013-07-25,5.34,5.25,5.38,5.22,23061.49
2013-07-26,5.24,5.18,5.26,5.12,19623.12
2013-07-29,5.17,4.98,5.17,4.95,28356.58
2013-07-30,4.97,5.03,5.07,4.95,11284.61
2013-07-31,5.02,5.04,5.1,5.02,11512.73
2013-08-01,5.04,5.13,5.13,5.04,21759.1
2013-08-02,5.13,5.16,5.21,5.11,19146.35
2013-08-05,5.17,5.23,5.23,5.12,15680.53
2013-08-06,5.23,5.26,5.28,5.17,18432.87
2013-08-07,5.26,5.23,5.34,5.21,20370.89
2013-08-08,5.22,5.21,5.28,5.16,21646.48
2013-08-09,5.2,5.29,5.31,5.2,25194.6
2013-08-12,5.35,5.41,5.42,5.3,53863.12
2013-08-13,5.41,5.43,5.44,5.35,31762.42
2013-08-14,5.43,5.37,5.45,5.35,33078.96
2013-08-15,5.36,5.26,5.39,5.26,26520.69
2013-08-16,5.22,5.19,5.37,5.17,38246.57
2013-08-19,5.18,5.21,5.22,5.14,26835.7
2013-08-20,5.21,5.37,5.37,5.2,57119.76
2013-08-21,5.48,5.35,5.5,5.31,53607.74
2013-08-22,5.32,5.27,5.36,5.26,25839.94
2013-08-23,5.3,5.21,5.32,5.16,26647.28
2013-08-26,5.21,5.31,5.31,5.2,21530.56
2013-08-27,5.31,5.39,5.39,5.28,26137.33
2013-08-28,5.36,5.35,5.41,5.29,27792.08
2013-08-29,5.36,5.48,5.56,5.3,60598.3
2013-08-30,5.48,5.67,5.72,5.42,124767.54
2013-09-02,5.8,5.96,6.24,5.77,283824.98
2013-09-03,5.86,5.84,5.87,5.67,112507.55
2013-09-04,5.81,5.7,5.83,5.67,59773.17
2013-09-05,5.65,5.64,5.74,5.62,36804.8
2013-09-06,5.64,5.75,5.77,5.64,48240.45
2013-09-09,5.74,5.79,5.81,5.65,65218.74
2013-09-10,5.8,5.8,5.84,5.7,49040.82
2013-09-11,5.8,5.91,6.13,5.79,107408.41
2013-09-12,5.95,5.92,6.11,5.91,60653.56
2013-09-13,5.9,5.79,5.9,5.76,45975.26
2013-09-16,5.81,5.8,5.95,5.78,29172.35
2013-09-17,5.79,5.67,5.84,5.65,29135.11
2013-09-18,5.64,5.71,5.73,5.64,18984.39
2013-09-23,5.72,5.83,5.84,5.72,20390.65
2013-09-24,5.82,5.74,5.84,5.71,25183.37
2013-09-25,5.75,5.7,5.75,5.66,27596.28
2013-09-26,5.7,5.55,5.71,5.54,26376.68
2013-09-27,5.56,5.57,5.63,5.53,14410.22
2013-09-30,5.61,5.66,5.67,5.6,14336.91
2013-10-08,5.65,5.72,5.72,5.61,24799.17
2013-10-09,5.75,5.87,6.07,5.74,73728.9
2013-10-10,5.83,5.79,5.86,5.76,32477.26
2013-10-11,5.8,5.89,6.0,5.8,45005.27
2013-10-14,5.9,5.93,6.0,5.88,33134.15
2013-10-15,5.96,5.95,5.98,5.84,33974.12
2013-10-16,5.95,5.85,5.95,5.78,33239.1
2013-10-17,5.85,5.85,5.96,5.81,32440.73
2013-10-18,5.86,6.0,6.05,5.79,65696.72
2013-10-21,5.99,6.02,6.03,5.89,53771.33
2013-10-22,6.0,5.9,6.09,5.87,40653.18
2013-10-23,5.92,5.74,5.93,5.72,38068.5
2013-10-24,5.76,5.68,5.76,5.66,19234.81
2013-10-25,5.71,5.62,5.71,5.54,34639.95
2013-10-28,5.62,5.62,5.66,5.58,17125.73
2013-10-29,5.62,5.48,5.69,5.36,32507.24
2013-10-30,5.51,5.53,5.55,5.4,20265.15
2013-10-31,5.5,5.44,5.52,5.42,17846.26
2013-11-01,5.43,5.46,5.49,5.37,11533.77
2013-11-04,5.48,5.48,5.55,5.41,18172.54
2013-11-05,5.5,5.55,5.58,5.46,22782.09
2013-11-06,5.55,5.66,5.72,5.5,31570.43
2013-11-07,5.62,5.53,5.68,5.51,19861.13
2013-11-08,5.57,5.42,5.57,5.36,23191.49
2013-11-11,5.47,5.47,5.48,5.4,13133.57
2013-11-12,5.47,5.5,5.51,5.42,11975.01
2013-11-13,5.5,5.42,5.51,5.41,10934.02
2013-11-14,5.41,5.54,5.57,5.39,19647.15
2013-11-15,5.56,5.66,5.79,5.56,48513.03
2013-11-18,5.66,5.75,5.75,5.62,30901.29
2013-11-19,5.75,5.76,5.79,5.7,25716.33
2013-11-20,5.78,5.79,5.8,5.69,26137.42
2013-11-21,5.78,5.74,5.78,5.69,16786.47
2013-11-22,5.74,5.79,5.81,5.71,25562.17
2013-11-25,5.77,5.85,5.92,5.73,35924.11
2013-11-26,5.85,5.79,5.88,5.75,19252.61
2013-11-27,5.79,5.82,5.85,5.75,23416.3
2013-11-28,5.82,5.88,5.9,5.81,32274.57
2013-11-29,5.89,5.91,5.94,5.84,28898.58
2013-12-02,5.8,5.64,5.83,5.63,40502.08
2013-12-03,5.6,5.71,5.72,5.57,24902.83
2013-12-04,5.69,5.77,5.84,5.64,32243.2
2013-12-05,5.77,5.95,6.01,5.76,73439.84
2013-12-06,5.95,5.91,5.96,5.86,33785.03
2013-12-09,5.9,5.96,5.96,5.86,30859.26
2013-12-10,5.95,5.94,6.04,5.9,31814.54
2013-12-11,5.94,5.87,5.94,5.81,33174.75
2013-12-12,5.87,5.85,5.93,5.83,21710.69
2013-12-13,5.85,5.94,6.02,5.85,49358.47
2013-12-16,5.9,5.78,5.99,5.77,44639.99
2013-12-17,5.79,5.77,5.95,5.76,26012.38
2013-12-18,5.77,5.79,5.85,5.75,12423.32
2013-12-19,5.79,5.68,5.82,5.66,21109.71
2013-12-20,5.68,5.64,5.82,5.6,20531.65
2013-12-23,5.63,5.54,5.69,5.48,29566.1
2013-12-24,5.55,5.57,5.63,5.53,15986.73
2013-12-25,5.57,5.58,5.6,5.51,18389.66
2013-12-26,5.58,5.53,5.65,5.52,22925.28
2013-12-27,5.55,5.62,5.67,5.54,28527.73
2013-12-30,5.65,5.86,5.93,5.59,79133.35
2013-12-31,5.82,5.81,5.93,5.74,45887.42
2014-01-02,5.76,5.95,6.09,5.74,72891.63
2014-01-03,5.9,5.93,5.96,5.82,48582.29
2014-01-06,5.92,5.67,5.92,5.66,36800.97
2014-01-07,5.66,5.78,5.89,5.62,42579.74
2014-01-08,5.77,5.73,5.88,5.7,28741.52
2014-01-09,5.73,5.6,5.81,5.6,26654.38
2014-01-10,5.56,5.52,5.59,5.43,25287.22
2014-01-13,5.52,5.37,5.55,5.29,44198.8
2014-01-14,5.35,5.54,5.54,5.33,37561.31
2014-01-15,5.5,5.52,5.57,5.48,23447.86
2014-01-16,5.49,5.53,5.65,5.45,34003.32
2014-01-17,5.5,5.49,5.61,5.46,18718.06
2014-01-20,5.49,5.5,5.54,5.4,20560.54
2014-01-21,5.51,5.51,5.56,5.44,33465.23
2014-01-22,5.5,5.62,5.63,5.49,36918.53
2014-01-23,5.6,5.69,5.73,5.56,32598.83
2014-01-24,5.69,5.69,5.73,5.63,33819.16
2014-01-27,5.6,5.67,5.72,5.6,25038.09
2014-01-28,5.78,5.74,5.84,5.69,41175.28
2014-01-29,5.74,5.73,5.79,5.7,20386.28
2014-01-30,5.73,5.7,5.74,5.63,19408.41
2014-02-07,5.65,5.71,5.71,5.61,26442.83
2014-02-10,5.67,5.9,5.93,5.67,134023.41
2014-02-11,5.9,5.85,5.95,5.75,165437.42
2014-02-12,5.86,6.03,6.08,5.83,131909.03
2014-02-13,6.03,5.94,6.24,5.9,154549.62
2014-02-14,5.95,6.13,6.15,5.86,110242.68
2014-02-17,6.13,6.14,6.22,6.08,78403.28
2014-02-18,6.15,6.07,6.19,6.02,79386.65
2014-02-19,6.07,6.5,6.6,6.03,229013.58
2014-02-20,6.47,6.65,6.87,6.45,259023.15
2014-02-21,6.57,6.79,6.85,6.45,157623.38
2014-02-24,6.79,7.07,7.08,6.61,168880.58
2014-02-25,7.01,6.63,7.11,6.48,159023.86
2014-02-26,6.62,7.28,7.28,6.62,362884.52
2014-02-27,7.2,7.66,8.01,7.1,420182.29
2014-02-28,7.49,7.52,7.93,7.39,223393.87
2014-03-03,7.44,7.45,7.55,7.24,177429.91
2014-03-04,7.33,7.27,7.57,7.06,199542.09
2014-03-05,7.22,7.19,7.28,7.1,130124.13
2014-03-06,7.19,7.08,7.31,6.96,159055.44
2014-03-07,7.11,7.17,7.24,7.02,151522.94
2014-03-10,7.08,6.66,7.08,6.63,111921.09
2014-03-11,6.66,6.66,6.77,6.54,74094.08
2014-03-12,6.65,6.6,6.69,6.43,79901.41
2014-03-13,6.61,6.74,6.77,6.58,75451.41
2014-03-14,6.68,6.64,6.74,6.53,52055.51
2014-03-17,6.64,6.79,6.86,6.6,88411.64
2014-03-18,6.8,6.92,7.04,6.72,107727.46
2014-03-19,6.9,6.94,6.98,6.7,78735.94
2014-03-20,6.89,6.6,6.98,6.6,60422.44
2014-03-21,6.56,6.76,6.77,6.51,54770.99
2014-03-24,6.78,6.76,6.85,6.68,39767.0
2014-03-25,6.76,6.69,6.8,6.61,41058.1
2014-03-26,6.68,6.71,6.73,6.63,32795.22
2014-03-27,6.71,6.73,6.9,6.62,66339.34
2014-03-28,6.69,6.46,6.78,6.45,51740.08
2014-03-31,6.48,6.29,6.52,6.19,53847.3
2014-04-01,6.3,6.37,6.4,6.28,29984.37
2014-04-02,6.32,6.39,6.4,6.32,22887.87
2014-04-03,6.39,6.42,6.49,6.35,33990.96
2014-04-04,6.4,6.45,6.49,6.37,22173.62
2014-04-08,6.42,6.52,6.54,6.42,35866.91
2014-04-09,6.55,6.77,6.8,6.52,68714.67
2014-04-10,6.77,6.74,6.86,6.72,46941.53
2014-04-11,6.73,6.71,6.74,6.63,30426.98
2014-04-14,6.71,6.79,6.85,6.71,30589.05
2014-04-15,6.77,6.72,6.84,6.7,24535.47
2014-04-16,6.72,6.74,6.81,6.7,25089.98
2014-04-17,6.72,6.58,6.76,6.57,45252.36
2014-04-18,6.53,6.62,6.65,6.53,25332.65
2014-04-21,6.59,6.51,6.73,6.5,28066.97
2014-04-22,6.5,6.34,6.56,6.2,44930.71
2014-04-23,6.34,6.37,6.39,6.23,23654.26
2014-04-24,6.37,6.22,6.37,6.21,21587.21
2014-04-25,6.22,6.04,6.31,5.99,37053.31
2014-04-28,6.0,5.85,6.0,5.85,28398.19
2014-04-29,5.88,5.9,5.94,5.81,29210.95
2014-04-30,5.94,6.02,6.06,5.89,23412.74
2014-05-05,6.07,6.06,6.12,6.01,22655.8
2014-05-06,6.15,6.15,6.21,6.09,26063.86
2014-05-07,6.1,6.06,6.17,6.05,18477.12
2014-05-08,6.05,6.05,6.16,5.9,21147.41
2014-05-09,6.05,6.1,6.34,6.01,33181.35
2014-05-12,6.15,6.18,6.2,6.05,51355.32
2014-05-13,6.21,6.25,6.28,6.16,44254.34
2014-05-14,6.28,6.13,6.31,6.11,52501.0
2014-05-15,6.08,5.96,6.12,5.93,34132.25
2014-05-16,5.95,6.03,6.03,5.89,23225.41
2014-05-19,6.03,6.18,6.44,5.95,122044.36
2014-05-20,6.18,6.08,6.29,6.05,84976.14
2014-05-21,6.09,6.1,6.1,5.96,30318.27
2014-05-22,6.1,6.11,6.34,6.02,62607.08
2014-05-23,6.09,6.13,6.15,6.08,35900.65
2014-05-26,6.13,6.15,6.17,6.11,32332.39
2014-05-27,6.18,6.1,6.2,6.08,39264.0
2014-05-28,6.1,6.15,6.16,6.07,82895.1
2014-05-29,6.17,5.98,6.18,5.97,64785.8
2014-05-30,5.99,5.97,6.04,5.91,33453.49
2014-06-03,5.99,6.02,6.02,5.96,28357.71
2014-06-04,6.03,5.87,6.03,5.84,40078.16
2014-06-05,5.88,6.04,6.14,5.85,55299.2
2014-06-06,6.06,6.12,6.18,6.02,105319.13
2014-06-09,6.11,6.12,6.13,6.04,40017.55
2014-06-10,6.12,6.15,6.16,6.05,46120.85
2014-06-11,6.15,6.16,6.19,6.11,67011.51
2014-06-12,6.13,6.05,6.15,6.03,48955.63
2014-06-13,6.03,6.14,6.15,6.03,44503.16
2014-06-16,6.1,6.15,6.17,6.1,53961.78
2014-06-17,6.15,6.62,6.68,6.12,231615.42
2014-06-18,6.53,6.59,6.93,6.4,319080.84
2014-06-19,6.48,6.5,6.68,6.36,376591.39
2014-06-20,6.42,6.48,6.7,6.28,318862.21
2014-06-23,6.49,6.4,6.52,6.34,185668.14
2014-06-24,6.38,6.47,6.53,6.35,177349.26
2014-06-25,6.52,6.28,6.58,6.22,213904.15
2014-06-26,6.29,6.16,6.33,6.13,406933.2
2014-06-27,6.15,6.12,6.17,6.1,265042.8
2014-06-30,6.08,6.2,6.21,6.04,242772.84
2014-07-01,6.17,6.5,6.5,6.13,398524.93
2014-07-02,6.43,6.7,6.77,6.39,493928.91
2014-07-03,6.7,7.08,7.24,6.54,891583.76
2014-07-04,6.91,6.88,7.04,6.7,488710.85
2014-07-07,6.85,6.82,6.93,6.65,286670.32
2014-07-08,6.72,6.95,7.07,6.65,559104.53
2014-07-09,6.87,6.63,6.94,6.62,513855.81
2014-07-10,6.6,6.49,6.61,6.45,262213.08
2014-07-11,6.51,6.69,6.78,6.46,258770.1
2014-07-14,6.68,6.88,6.89,6.64,283801.42
2014-07-15,6.89,6.82,6.93,6.73,254643.11
2014-07-16,6.77,6.69,6.88,6.59,412150.13
2014-07-17,6.66,6.66,6.71,6.54,185938.76
2014-07-18,6.61,6.67,6.75,6.58,301548.15
2014-07-21,6.65,6.43,6.67,6.42,227343.85
2014-07-22,6.44,6.49,6.54,6.42,168328.2
2014-07-23,6.5,6.47,6.58,6.44,157375.52
2014-07-24,6.5,6.47,6.52,6.35,158007.14
2014-07-25,6.47,6.78,6.81,6.46,420695.34
2014-07-28,6.83,6.87,6.96,6.75,430529.49
2014-07-29,6.87,6.87,6.99,6.8,357812.98
2014-07-30,6.9,7.18,7.22,6.87,591020.21
2014-07-31,7.15,7.22,7.3,7.03,352724.93
2014-08-01,7.38,7.15,7.84,7.14,896134.49
2014-08-04,7.04,7.2,7.24,7.01,395770.6
2014-08-05,7.16,7.12,7.18,7.05,227743.44
2014-08-06,7.09,7.11,7.19,7.06,227445.61
2014-08-07,7.11,6.96,7.16,6.92,257805.86
2014-08-08,6.93,7.15,7.22,6.92,307504.52
2014-08-11,7.2,7.3,7.51,7.18,479556.68
2014-08-12,7.23,7.26,7.39,7.21,248431.83
2014-08-13,7.27,7.19,7.28,7.08,241290.61
2014-08-14,7.23,7.33,7.51,7.23,418659.06
2014-08-15,7.29,7.46,7.56,7.25,307859.19
2014-08-18,7.5,7.51,7.55,7.41,225287.31
2014-08-19,7.54,7.6,7.68,7.48,294201.37
2014-08-20,7.75,7.57,7.99,7.57,578384.23
2014-08-21,7.58,7.54,7.62,7.38,277626.91
2014-08-22,7.49,7.54,7.58,7.44,154419.35
2014-08-25,7.57,7.38,7.58,7.35,167611.13
2014-08-26,7.36,7.22,7.42,7.2,185821.49
2014-08-27,7.22,7.23,7.32,7.19,120428.06
2014-08-28,7.25,7.22,7.31,7.18,106480.77
2014-08-29,7.2,7.27,7.28,7.19,86143.25
2014-09-01,7.27,7.41,7.42,7.24,128992.31
2014-09-02,7.43,7.48,7.49,7.39,182846.5
2014-09-03,7.5,7.54,7.6,7.4,240711.71
2014-09-04,7.53,7.52,7.53,7.41,194026.06
2014-09-05,7.52,7.57,7.6,7.42,234184.21
2014-09-09,7.66,7.74,7.93,7.64,425802.36
2014-09-10,7.67,7.76,7.83,7.62,207183.94
2014-09-11,7.77,7.76,7.96,7.65,310383.76
2014-09-12,7.74,7.79,7.8,7.66,187235.44
2014-09-15,7.86,7.93,7.94,7.81,247871.96
2014-09-16,7.93,7.51,7.93,7.5,309244.84
2014-09-17,7.59,7.53,7.61,7.4,172551.48
2014-09-18,7.52,7.6,7.63,7.47,132913.5
2014-09-19,7.57,7.61,7.65,7.54,137618.71
2014-09-22,7.62,7.33,7.62,7.29,224967.06
2014-09-23,7.32,7.43,7.44,7.31,116913.75
2014-09-24,7.39,7.56,7.6,7.38,164094.89
2014-09-25,7.61,7.62,7.75,7.57,220768.3
2014-09-26,7.62,7.79,7.81,7.58,233402.09
2014-09-29,7.78,7.79,7.84,7.71,194127.94
2014-09-30,7.78,7.76,7.82,7.72,163095.44
2014-10-08,7.78,7.91,7.93,7.65,260729.49
2014-10-09,7.91,8.04,8.16,7.88,339489.21
2014-10-10,8.03,7.84,8.12,7.83,285402.98
2014-10-13,7.83,8.12,8.14,7.73,259321.75
2014-10-14,8.12,8.05,8.29,7.96,296021.91
2014-10-15,8.05,8.04,8.11,7.87,184158.64
2014-10-16,8.02,7.9,8.21,7.9,237432.64
2014-10-17,7.86,7.79,7.93,7.59,215947.16
2014-10-20,7.82,7.89,7.9,7.77,128435.93
2014-10-21,7.87,7.75,7.97,7.74,152711.32
2014-10-22,7.72,7.61,7.84,7.59,144632.46
2014-10-23,7.61,7.52,7.66,7.47,131670.77
2014-10-24,7.5,7.61,7.72,7.5,122702.7
2014-10-27,7.59,7.72,7.74,7.53,105624.03
2014-10-28,7.73,7.92,7.96,7.73,181982.8
2014-10-29,7.98,8.01,8.13,7.98,333098.2
2014-10-30,8.02,8.0,8.18,7.95,218362.71
2014-10-31,8.06,7.91,8.12,7.77,281719.9
2014-11-03,7.9,8.31,8.37,7.88,443308.8
2014-11-04,8.28,8.18,8.54,8.14,417971.27
2014-11-05,8.2,8.21,8.29,8.13,215046.65
2014-11-06,8.26,8.22,8.27,8.1,156821.63
2014-11-07,8.28,8.07,8.38,8.06,238416.99
2014-11-10,8.11,8.31,8.32,7.99,254477.17
2014-11-11,8.39,7.95,8.43,7.83,292739.35
2014-11-12,7.9,8.08,8.09,7.88,140229.03
2014-11-13,8.04,7.9,8.06,7.81,190239.12
2014-11-14,7.84,7.9,7.93,7.77,110396.96
2014-11-17,7.92,8.12,8.14,7.87,156963.54
2014-11-18,8.14,8.23,8.29,8.06,181301.72
2014-11-19,8.19,8.19,8.27,8.12,116527.98
2014-11-20,8.15,8.16,8.21,8.12,111509.73
2014-11-21,8.18,8.29,8.34,8.14,210014.43
2014-11-24,8.34,8.36,8.47,8.22,274505.74
2014-11-25,8.39,9.2,9.2,8.33,498101.99
2014-11-26,10.12,10.12,10.12,9.94,868949.31
2014-11-27,10.42,11.13,11.13,9.88,1768224.71
2014-11-28,11.31,12.24,12.24,11.19,2014180.83
2014-12-01,11.99,11.94,12.57,11.87,1519443.19
2014-12-02,11.79,12.09,12.98,11.74,1566591.44
2014-12-03,11.88,12.38,12.54,11.79,1262911.42
2014-12-04,12.34,12.61,12.86,12.17,1209046.87
2014-12-05,12.45,11.83,12.46,11.49,1161201.2
2014-12-08,11.66,13.01,13.01,11.63,1842242.02
2014-12-09,12.99,11.71,12.99,11.71,1461756.13
2014-12-10,10.99,11.34,11.54,10.69,886707.33
2014-12-11,11.25,11.9,12.31,11.19,872263.64
2014-12-12,11.79,11.99,12.23,11.63,568414.48
2014-12-15,11.85,12.14,12.49,11.79,605638.14
2014-12-16,12.09,12.83,13.29,11.79,1029539.88
2014-12-17,12.69,14.11,14.11,12.55,1677305.95
2014-12-18,13.95,13.68,14.35,13.54,1012635.18
2014-12-19,13.47,13.04,13.98,12.52,920543.33
2014-12-22,12.8,12.03,12.96,11.8,753036.22
2014-12-23,12.34,12.29,13.19,12.15,815714.53
2014-12-24,11.99,12.51,12.76,11.83,567518.92
2014-12-25,12.4,12.49,13.07,12.29,635132.54
2014-12-26,12.57,12.96,13.05,12.21,646185.44
2014-12-29,12.96,13.49,13.6,12.67,867739.19
2014-12-30,13.35,12.7,13.78,12.69,650085.21
2014-12-31,12.5,12.52,12.93,12.23,471170.85
2015-01-05,12.35,13.01,13.24,12.0,657303.68
2015-01-06,12.84,13.51,13.79,12.75,943682.5
2015-01-07,14.0,13.8,14.57,13.52,1186342.16
2015-01-08,13.53,14.74,15.14,13.49,1296704.63
2015-01-09,14.4,13.99,14.59,13.99,885686.07
2015-01-12,13.63,13.12,13.8,12.81,560742.22
2015-01-13,13.02,13.61,13.77,12.99,477199.19
2015-01-14,13.69,13.41,13.86,13.26,394583.9
2015-01-15,13.28,13.48,13.64,13.23,306410.09
2015-01-16,13.49,13.89,14.17,13.41,537344.1
2015-01-19,13.09,12.98,14.28,12.59,645013.92
2015-01-20,13.29,13.42,13.64,13.12,433429.22
2015-01-21,13.39,14.41,14.68,13.39,877397.57
2015-01-22,14.21,15.19,15.24,14.07,1061376.97
2015-01-23,15.09,14.43,15.17,14.39,787397.1
2015-01-26,14.46,15.47,15.47,14.2,825978.89
2015-01-27,15.59,15.26,15.71,14.84,724492.0
2015-01-28,15.15,14.77,15.66,14.65,614473.84
2015-01-29,14.49,14.98,15.29,14.48,455451.78
2015-01-30,15.19,15.36,15.94,14.9,911487.02
2015-02-02,14.99,14.69,15.35,14.49,487098.79
2015-02-03,14.71,15.04,15.23,14.39,485662.06
2015-02-04,15.0,15.47,15.92,14.6,798978.53
2015-02-05,15.34,14.94,15.83,14.91,658377.52
2015-02-06,14.8,14.58,15.03,14.44,421506.73
2015-02-09,14.49,13.9,14.74,13.87,421073.27
2015-02-10,13.91,14.34,14.35,13.91,254636.41
2015-02-11,14.45,14.39,14.55,14.22,241355.38
2015-02-12,14.32,14.04,14.54,13.95,343801.72
2015-02-13,14.07,14.22,14.54,14.07,347787.38
2015-02-16,14.23,14.78,14.81,14.18,424358.04
2015-02-17,14.82,14.79,15.14,14.59,346979.94
2015-02-25,14.89,15.55,15.58,14.68,587160.16
2015-02-26,15.24,15.43,15.83,15.17,537619.13
2015-02-27,15.76,16.97,16.97,15.63,598574.91
2015-03-02,17.78,18.67,18.67,17.55,1169639.87
2015-04-17,20.54,20.54,20.54,20.54,3399.67
2015-04-20,22.59,22.59,22.59,22.59,9565.8
2015-04-21,24.85,24.85,24.85,24.85,20502.33
2015-04-22,27.34,27.34,27.34,25.49,680700.52
2015-04-23,27.98,28.26,30.08,27.77,1601717.68
2015-04-24,28.76,29.72,30.58,28.29,1212737.52
2015-04-27,29.72,28.43,29.98,28.02,987018.16
2015-04-28,28.78,28.99,30.5,28.39,962081.82
2015-04-29,27.78,31.09,31.89,27.43,1366898.46
2015-04-30,30.58,29.66,31.38,29.58,770449.55
2015-05-04,28.99,29.71,31.26,28.83,642566.1
2015-05-05,29.6,32.68,32.68,29.53,906843.04
2015-05-06,32.68,32.68,35.31,31.5,1303986.59
2015-05-07,31.68,29.41,31.68,29.41,616707.05
2015-05-08,28.78,29.42,30.44,28.48,804592.98
2015-05-11,29.42,30.86,31.68,28.97,850566.42
2015-05-12,30.58,33.06,33.78,29.87,975112.32
2015-05-13,32.03,32.53,34.96,31.98,845974.62
2015-05-14,32.16,35.79,35.79,32.13,1128465.02
2015-05-15,35.78,37.37,39.22,35.48,1224711.11
2015-05-18,36.4,38.65,39.87,36.25,815844.98
2015-05-19,38.65,39.67,40.12,36.75,987124.86
2015-05-20,40.36,38.72,43.46,38.13,1250922.94
2015-05-21,37.47,38.0,39.42,37.47,841379.61
2015-05-22,38.02,37.6,38.72,36.43,710903.54
2015-05-25,36.87,37.87,38.36,36.58,626889.29
2015-05-26,38.31,40.42,40.86,38.3,786986.58
2015-05-27,39.95,39.27,40.32,38.35,713063.5
2015-05-28,39.32,35.35,40.63,35.35,759129.59
2015-05-29,34.52,33.9,35.9,31.88,629714.97
2015-06-01,34.37,35.91,36.75,34.16,505941.93
2015-06-02,36.25,38.46,38.57,35.92,623713.11
2015-06-03,39.05,38.8,40.65,37.66,656640.88
2015-06-04,37.99,37.24,38.62,35.0,506379.07
2015-06-05,37.33,36.96,38.53,36.18,448250.63
2015-06-08,36.51,35.16,36.9,34.81,429310.7
2015-06-09,35.3,35.78,36.5,35.3,320966.09
2015-06-10,36.0,36.4,37.3,35.0,404699.46
2015-06-11,36.09,38.0,39.0,35.08,660918.87
2015-06-12,37.9,37.53,38.57,37.5,495392.84
2015-06-15,37.99,39.04,39.92,37.5,730027.5
2015-06-16,37.84,35.14,38.6,35.14,619604.28
2015-06-17,34.8,34.41,35.19,32.01,522498.2
2015-06-18,34.41,31.51,34.56,31.0,459531.62
2015-06-19,30.38,28.36,30.5,28.36,412865.03
2015-06-23,28.2,27.95,28.66,25.52,446838.23
2015-06-24,28.1,29.11,29.98,28.1,473766.65
2015-06-25,30.09,29.19,31.51,28.01,666077.99
2015-06-26,27.2,26.27,28.0,26.27,346329.71
2015-06-29,27.3,23.64,27.34,23.64,450088.87
2015-06-30,22.01,25.28,25.65,21.28,640768.72
2015-07-01,24.88,22.75,25.99,22.75,572760.71
2015-07-02,22.6,20.48,22.7,20.48,488601.3
2015-07-03,19.0,18.43,21.38,18.43,560899.96
2015-07-06,20.1,16.59,20.1,16.59,700925.9
2015-07-07,15.1,14.93,15.77,14.93,242892.19
2015-07-08,13.44,13.44,13.44,13.44,18372.0
2015-07-09,12.1,14.78,14.78,12.1,1192801.83
2015-07-10,15.05,16.26,16.26,15.02,601987.26
2015-07-13,17.0,17.89,17.89,16.66,834958.96
2015-07-14,18.5,19.68,19.68,17.98,1564736.72
2015-07-15,18.7,17.71,19.29,17.71,715434.77
2015-07-16,15.94,17.4,18.59,15.94,892727.53
2015-07-17,17.4,19.14,19.14,17.4,745330.65
2015-07-20,19.88,21.05,21.05,19.8,1343171.77
2015-07-21,21.0,21.62,22.66,20.1,1316762.57
2015-07-22,21.66,23.78,23.78,21.0,1197424.39
2015-07-23,23.97,24.13,24.94,23.3,1238755.39
2015-07-24,23.75,24.0,25.5,23.33,1133454.92
2015-07-27,23.0,21.6,25.0,21.6,1124706.5
2015-07-28,19.75,22.88,23.25,19.75,1124604.31
2015-07-29,23.4,25.17,25.17,22.88,1237831.42
2015-07-30,25.19,24.8,26.9,24.0,1315160.77
2015-07-31,24.5,25.19,26.29,23.74,1041713.19
2015-08-03,24.2,22.67,24.89,22.67,698307.61
2015-08-04,21.85,24.94,24.94,21.56,1149227.1
2015-08-05,25.45,25.52,26.5,24.66,1395191.46
2015-08-06,24.5,24.03,25.88,23.7,928190.08
2015-08-07,24.78,25.06,25.47,24.55,810659.44
2015-08-10,25.8,27.35,27.57,25.28,1206151.56
2015-08-11,27.12,26.73,27.4,26.25,1049759.56
2015-08-12,26.1,26.9,28.48,25.98,957968.3
2015-08-13,26.8,27.5,27.6,25.61,903585.55
2015-08-14,28.0,27.11,28.3,26.8,744115.27
2015-08-17,27.19,27.87,28.25,26.85,762029.43
2015-08-18,27.88,26.2,30.62,25.28,1360645.81
2015-08-19,25.0,28.82,28.82,25.0,1146667.71
2015-08-20,28.7,28.89,30.55,28.15,1376972.29
2015-08-21,28.11,27.55,29.8,26.2,1018786.87
2015-08-24,26.0,24.8,26.76,24.8,469354.88
2015-08-25,22.32,22.32,22.32,22.32,182223.0
2015-08-26,20.1,20.09,23.0,20.09,1108532.67
2015-08-27,20.3,19.0,20.99,18.08,1020659.26
2015-08-28,19.51,20.9,20.9,19.0,871760.67
2015-08-31,21.06,20.37,21.73,20.35,893403.78
2015-09-01,20.2,18.33,20.2,18.33,592121.45
2015-09-02,16.5,16.5,19.0,16.5,672527.96
2015-09-07,17.25,16.55,17.8,16.0,553683.56
2015-09-08,16.16,17.91,18.21,16.0,585479.67
2015-09-09,18.51,19.7,19.7,17.91,871842.12
2015-09-10,19.02,18.52,19.67,18.43,677129.74
2015-09-11,18.55,19.33,19.95,18.55,707155.55
2015-09-14,19.8,17.5,20.33,17.4,873937.81
2015-09-15,16.89,15.75,17.03,15.75,554109.13
2015-09-16,16.08,17.33,17.33,15.6,685401.69
2015-09-17,17.5,17.26,19.0,16.9,962245.16
2015-09-18,17.7,18.03,18.5,17.4,689773.8
2015-09-21,17.8,18.84,18.99,17.6,677938.96
2015-09-22,18.99,19.1,19.76,18.28,836742.07
2015-09-23,18.6,19.29,19.84,18.48,807140.04
2015-09-24,19.52,19.49,19.93,18.75,820659.57
2015-09-25,19.25,17.72,19.36,17.54,673326.6
2015-09-28,17.8,18.29,18.47,17.31,381997.89
2015-09-29,17.88,17.3,17.96,17.0,388777.39
2015-09-30,17.7,17.52,17.98,17.27,284306.59
2015-10-08,18.49,19.27,19.27,18.1,583534.97
2015-10-09,20.0,21.2,21.2,19.81,1394111.97
2015-10-12,21.2,22.51,23.32,21.08,1362216.29
2015-10-13,21.9,22.73,23.17,21.71,1056921.67
2015-10-14,22.4,22.71,23.7,22.03,1065271.13
2015-10-15,22.45,23.41,23.95,22.2,1098060.07
2015-10-16,23.5,24.2,24.5,23.18,1146338.26
2015-10-19,24.18,23.39,24.18,22.82,972815.77
2015-10-20,23.56,23.88,24.64,23.56,903609.46
2015-10-21,23.7,21.71,23.75,21.49,1035667.86
2015-10-22,21.85,23.88,23.88,21.85,1491483.88
2015-10-23,24.7,25.28,26.18,24.31,1574922.82
2015-10-26,25.5,27.81,27.81,25.43,1433894.42
2015-10-27,27.5,27.61,28.38,25.56,1348535.54
2015-10-28,27.15,28.83,30.0,27.0,1556156.99
2015-10-29,28.6,28.06,28.97,27.46,1056102.93
2015-10-30,27.8,26.43,27.8,26.0,968515.98
2015-11-02,25.11,25.12,26.98,25.01,702379.14
2015-11-03,25.4,25.65,25.98,24.72,698881.4
2015-11-04,25.91,27.7,27.88,25.78,949894.92
2015-11-05,27.88,26.82,27.88,26.5,877126.11
2015-11-06,27.02,27.08,28.22,26.81,834472.96
2015-11-09,26.3,27.87,28.25,25.75,1066343.77
2015-11-10,27.45,27.28,28.02,27.08,740669.86
2015-11-11,27.6,28.6,29.08,27.18,1078681.11
2015-11-12,29.25,27.76,29.25,27.62,841292.71
2015-11-13,27.0,27.88,28.89,26.8,835044.85
2015-11-16,27.0,30.67,30.67,27.0,1312163.84
2015-11-17,31.7,29.43,31.99,29.27,1461930.94
2015-11-18,29.42,28.47,29.97,28.4,669852.39
2015-11-19,28.91,29.34,29.5,28.61,642297.22
2015-11-20,29.3,28.95,29.55,28.6,593130.61
2015-11-23,29.08,27.92,29.14,27.89,555024.34
2015-11-24,28.3,27.48,28.67,27.0,614982.04
2015-11-25,27.48,29.04,29.12,27.18,762451.96
2015-11-26,29.11,27.84,29.11,27.8,558741.35
2015-11-27,27.3,25.49,28.18,25.17,528214.42
2015-11-30,25.49,25.82,26.14,23.26,487559.05
2015-12-01,25.95,25.57,25.97,25.3,288232.31
2015-12-02,25.77,25.28,25.77,23.95,268872.83
2015-12-03,25.41,26.22,26.5,25.4,335543.65
2015-12-04,26.0,25.9,26.5,25.82,328117.94
2015-12-07,25.95,25.97,26.24,25.58,227128.99
2015-12-08,25.91,25.5,26.39,25.28,362468.67
2015-12-09,25.06,24.86,25.3,24.66,281817.24
2015-12-10,24.92,24.7,25.1,24.5,247388.16
2015-12-11,24.8,24.62,25.29,24.53,227212.02
2015-12-14,24.2,24.96,25.08,23.94,403316.66
2015-12-15,24.9,25.17,25.4,24.74,387826.69
2015-12-16,25.28,25.04,25.4,24.91,298007.48
2015-12-17,25.13,25.89,25.95,25.13,446246.76
2015-12-18,25.91,25.79,26.75,25.61,466180.68
2015-12-21,25.52,25.62,25.75,25.13,282209.21
2015-12-22,25.65,26.27,26.41,25.55,377158.03
2015-12-23,26.48,25.54,26.49,25.45,338046.61
2015-12-24,25.78,25.43,25.9,25.01,226647.33
2015-12-25,25.53,25.34,25.66,25.2,174173.31
2015-12-28,25.37,25.34,26.4,25.33,434594.19
2015-12-29,25.01,25.26,25.26,24.6,231076.34
2015-12-30,25.38,25.18,25.5,25.04,218173.32
2015-12-31,25.96,25.02,25.97,25.02,312923.5
2016-01-04,24.55,22.53,24.8,22.52,266421.15
2016-01-05,21.0,20.99,22.53,20.3,362400.44
2016-01-06,21.4,21.45,21.53,20.71,245446.92
2016-01-07,21.0,19.31,21.05,19.31,65470.98
2016-01-08,19.67,19.22,20.23,17.5,310024.93
2016-01-11,18.59,17.3,18.9,17.3,273333.84
2016-01-12,17.33,17.59,17.96,16.4,283690.07
2016-01-13,17.74,16.4,17.87,16.35,234987.84
2016-01-14,15.67,17.81,17.86,15.51,318333.73
2016-01-15,17.49,17.26,18.48,17.08,343185.08
2016-01-18,16.5,18.99,18.99,16.49,611519.2
2016-01-19,18.98,19.45,19.51,18.3,689525.48
2016-01-20,19.06,18.72,19.39,18.6,423544.14
2016-01-21,18.3,17.7,19.3,17.7,367795.22
2016-01-22,18.08,18.22,18.43,17.5,276875.79
2016-01-25,18.49,18.02,18.75,17.85,417743.08
2016-01-26,17.65,16.22,17.75,16.22,416623.4
2016-01-27,16.3,16.43,16.46,14.9,369088.37
2016-01-28,16.12,14.99,16.29,14.85,290331.18
2016-01-29,14.4,15.41,15.87,14.4,294434.07
2016-02-01,15.41,14.7,15.45,14.26,219823.7
2016-02-02,14.82,15.31,15.63,14.71,256815.12
2016-02-03,15.0,15.61,15.92,14.81,308868.11
2016-02-04,15.5,15.9,16.2,15.5,303691.2
2016-02-05,16.08,15.43,16.1,15.41,228297.94
2016-02-15,14.54,15.21,15.43,14.54,160123.16
2016-02-16,15.38,16.46,16.73,15.34,410391.17
2016-02-17,16.22,16.5,16.57,16.03,363102.05
2016-02-18,16.72,17.59,17.71,16.3,604798.0
2016-02-19,17.01,17.11,17.3,16.89,360786.0
2016-02-22,17.37,17.33,17.49,17.1,317997.25
2016-02-23,17.38,17.25,17.59,16.9,313495.77
2016-02-24,17.25,17.32,17.43,16.71,298688.88
2016-02-25,17.29,15.59,17.54,15.59,394401.69
2016-02-26,15.7,15.29,15.85,14.93,272347.85
2016-02-29,15.2,13.91,15.2,13.76,279481.32
2016-03-01,13.95,14.28,14.49,13.77,237974.25
2016-03-02,14.01,15.07,15.25,13.95,377744.57
2016-03-03,15.0,15.37,16.08,15.0,454911.74
2016-03-04,15.3,14.62,15.72,14.5,327364.11
2016-03-07,14.87,15.1,15.55,14.87,229681.19
2016-03-08,15.15,16.61,16.61,14.3,563193.17
2016-03-09,16.5,16.04,17.11,15.98,577384.1
2016-03-10,15.96,15.4,16.39,15.27,410109.67
2016-03-11,15.0,15.09,15.31,14.65,251621.79
2016-03-14,15.45,15.92,16.41,15.29,397597.3
2016-03-15,15.6,15.61,16.19,15.58,313670.32
2016-03-16,15.78,15.4,15.98,15.2,304081.98
2016-03-17,15.6,16.94,16.94,15.59,973558.94
2016-03-18,17.26,17.77,17.93,16.9,1215779.64
2016-03-21,17.76,18.34,18.8,17.52,953630.78
2016-03-22,17.98,17.79,18.31,17.68,599307.25
2016-03-23,17.61,18.3,18.3,17.59,624333.15
2016-03-24,18.25,18.18,19.19,18.03,855080.62
2016-03-25,17.8,17.97,18.17,17.66,385518.64
2016-03-28,18.15,18.03,19.0,17.89,542234.03
2016-03-29,17.99,17.16,17.99,16.95,404807.79
2016-03-30,17.5,18.05,18.05,17.32,388578.71
2016-03-31,18.36,18.05,18.52,17.95,396621.59
2016-04-01,18.0,17.75,18.0,17.42,297724.39
2016-04-05,17.74,18.29,18.44,17.7,368243.72
2016-04-06,18.35,19.04,19.6,18.25,778444.72
2016-04-07,18.93,18.29,19.09,18.24,500729.21
2016-04-08,18.54,18.79,19.19,18.41,610663.83
2016-04-18,19.0,19.25,20.47,18.8,670321.13
2016-04-19,19.48,19.0,19.66,18.56,387827.49
2016-04-20,18.9,17.5,18.99,17.2,485049.67
2016-04-21,17.48,16.98,17.59,16.95,297977.57
2016-04-22,16.79,17.4,17.42,16.6,255715.79
2016-04-25,17.37,16.91,17.37,16.7,193897.12
2016-04-26,16.92,17.25,17.35,16.92,210155.41
2016-04-27,17.88,17.46,18.28,17.42,411598.57
2016-04-28,17.05,17.13,17.26,16.53,291445.18
2016-04-29,16.9,16.98,17.23,16.83,158436.95
2016-05-03,17.01,17.54,17.6,16.81,257312.67
2016-05-04,17.55,17.66,17.86,17.37,337267.63
2016-05-05,17.5,17.86,17.93,17.45,274003.46
2016-05-06,17.86,16.76,17.89,16.68,410788.97
2016-05-09,16.6,15.83,16.6,15.73,256614.69
2016-05-10,15.9,16.04,16.19,15.88,167532.69
2016-05-11,16.3,15.92,16.42,15.9,176540.03
2016-05-12,15.3,15.53,15.54,14.79,238902.81
2016-05-13,15.43,15.15,15.65,15.1,186214.14
2016-05-16,15.0,15.38,15.5,14.98,139019.15
2016-05-17,15.33,15.37,15.5,15.12,177759.62
2016-05-18,15.17,14.87,15.25,14.6,190918.27
2016-05-19,14.89,15.12,15.45,14.89,215443.94
2016-05-20,14.98,15.36,15.39,14.8,177213.73
2016-05-23,15.55,15.6,15.69,15.35,199781.12
2016-05-24,15.61,15.26,15.61,15.17,139634.0
2016-05-25,15.46,15.56,15.87,15.12,349593.25
2016-05-26,15.35,15.42,15.5,15.01,212547.0
2016-05-27,15.31,15.32,15.5,15.24,171091.28
2016-05-30,15.14,15.05,15.25,14.88,138975.17
2016-05-31,15.05,15.83,15.83,15.05,335223.64
2016-06-01,15.85,15.89,16.14,15.79,304158.56
2016-06-02,16.21,16.46,16.58,16.06,421855.65
2016-06-03,16.41,16.37,16.65,16.28,289644.35
2016-06-06,16.49,16.49,16.75,16.37,278419.53
2016-06-07,17.79,17.03,18.0,17.02,527573.43
2016-06-08,16.95,18.16,18.18,16.88,668278.36
2016-06-13,17.75,16.42,17.86,16.4,549747.82
2016-06-14,16.21,16.25,16.59,15.95,282739.83
2016-06-15,15.98,16.78,17.08,15.84,360473.52
2016-06-16,16.76,17.15,17.18,16.39,371604.25
2016-06-17,17.1,16.82,17.37,16.65,320120.83
2016-06-20,16.98,16.8,17.05,16.43,202818.95
2016-06-21,17.0,16.42,17.09,16.23,234025.43
2016-06-22,16.36,16.71,16.74,16.29,176357.58
2016-06-23,16.62,16.46,16.72,16.32,184979.76
2016-06-24,16.49,16.11,16.7,15.25,275971.05
2016-06-27,15.91,16.44,16.52,15.83,202281.19
2016-06-28,16.28,16.67,16.75,16.27,276380.55
2016-06-29,16.78,17.08,17.24,16.51,368448.05
2016-06-30,16.86,16.78,16.98,16.63,243829.8
2016-07-01,16.81,16.66,17.0,16.62,163115.2
2016-07-04,16.48,17.05,17.23,16.35,302362.83
2016-07-05,17.09,17.18,17.5,17.0,372762.2
2016-07-06,17.1,16.96,17.15,16.89,236529.28
2016-07-07,16.99,17.05,17.35,16.87,263563.5
2016-07-08,17.13,16.9,17.13,16.81,179115.17
2016-07-11,16.92,16.82,17.15,16.8,224271.82
2016-07-12,16.75,16.99,16.99,16.4,229356.24
2016-07-13,17.14,17.33,17.49,16.97,429673.9
2016-07-14,16.84,16.83,16.98,16.62,396818.52
2016-07-15,16.8,16.62,16.83,16.55,188438.58
2016-07-18,16.53,16.27,16.53,16.2,190271.26
2016-07-19,16.27,16.39,16.45,16.2,109227.75
2016-07-20,16.35,16.3,16.43,16.23,125776.41
2016-07-21,16.32,16.29,16.4,16.26,126770.97
2016-07-22,16.28,16.04,16.29,16.02,149573.44
2016-07-25,16.0,16.21,16.37,16.0,118556.13
2016-07-26,16.2,16.38,16.45,16.2,110337.35
2016-07-27,16.44,15.46,16.44,15.11,248178.3
2016-07-28,15.5,15.32,15.55,15.16,127995.59
2016-07-29,15.32,15.22,15.45,15.15,77742.06
2016-08-01,15.15,14.97,15.15,14.79,95320.4
2016-08-02,14.95,15.06,15.12,14.9,77470.25
2016-08-03,15.06,15.0,15.08,14.9,87034.72
2016-08-04,15.0,15.06,15.14,14.87,84381.08
2016-08-05,15.08,15.0,15.11,14.99,72613.69
2016-08-08,15.01,15.1,15.1,14.75,84780.88
2016-08-09,15.33,15.48,15.69,15.33,173303.97
2016-08-10,15.25,15.31,15.53,15.25,97496.87
2016-08-11,15.32,15.05,15.4,15.05,94054.0
2016-08-12,14.98,15.16,15.16,14.91,69656.67
2016-08-15,15.12,15.55,15.7,15.12,191156.25
2016-08-16,15.55,15.73,15.73,15.5,164306.46
2016-08-17,15.87,15.92,16.38,15.81,305432.84
2016-08-18,15.92,15.93,16.1,15.73,182322.29
2016-08-19,15.95,15.88,15.95,15.74,102952.5
2016-08-22,15.89,15.56,15.93,15.55,99827.19
2016-08-23,15.65,15.69,16.06,15.6,124453.83
2016-08-24,15.86,16.12,16.26,15.85,283692.73
2016-08-25,15.88,15.7,15.89,15.49,157589.9
2016-08-26,15.71,15.63,15.84,15.6,105196.82
2016-08-29,15.59,15.75,15.88,15.5,88247.03
2016-08-30,15.74,15.92,16.1,15.61,177103.39
2016-08-31,15.7,15.69,15.85,15.61,116192.6
2016-09-01,15.75,15.39,15.85,15.39,129380.54
2016-09-02,15.42,15.21,15.46,15.11,102970.16
2016-09-05,15.25,15.19,15.4,15.15,64413.16
2016-09-06,15.22,15.4,15.41,15.0,108050.69
2016-09-07,15.39,15.32,15.5,15.3,86897.75
2016-09-08,15.29,15.22,15.37,15.16,86594.9
2016-09-09,15.18,15.1,15.28,15.1,81713.44
2016-09-12,14.92,14.66,14.94,14.66,120397.26
2016-09-13,14.75,14.79,14.83,14.64,57263.17
2016-09-14,14.75,14.73,14.84,14.68,55147.45
2016-09-19,14.8,14.84,14.87,14.77,44970.85
2016-09-20,14.85,14.78,14.86,14.7,48588.46
2016-09-21,14.8,14.75,14.83,14.72,44882.2
2016-09-22,14.84,14.79,14.9,14.77,60345.23
2016-09-23,14.78,14.65,14.83,14.62,70083.9
2016-09-26,14.6,14.18,14.65,14.15,87069.02
2016-09-27,14.16,14.28,14.3,14.12,57927.56
2016-09-28,14.3,14.17,14.3,14.11,44727.09
2016-09-29,14.19,14.12,14.22,14.11,62880.89
2016-09-30,14.13,14.15,14.16,14.1,47459.52
2016-10-10,14.16,14.46,14.5,14.16,82894.33
2016-10-11,14.48,14.56,14.63,14.45,79804.01
2016-10-12,14.76,14.81,15.15,14.76,212928.5
2016-10-13,14.74,15.41,15.55,14.65,407738.92
2016-10-14,15.25,15.08,15.25,14.96,180466.29
2016-10-17,15.01,14.8,15.05,14.7,150512.5
2016-10-18,14.85,15.3,15.34,14.76,226952.16
2016-10-19,15.28,15.18,15.48,15.11,214618.1
2016-10-20,15.1,15.09,15.12,14.9,122578.51
2016-10-21,15.09,14.95,15.09,14.8,110768.47
2016-10-24,14.94,15.02,15.08,14.88,106765.14
2016-10-25,15.0,14.9,15.01,14.86,94069.93
2016-10-26,14.9,14.84,14.93,14.73,101549.21
2016-10-27,14.83,14.86,15.0,14.8,89675.87
2016-10-28,14.87,14.65,14.95,14.64,98170.44
2016-10-31,14.5,14.49,14.58,14.41,86764.11
2016-11-01,14.53,14.53,14.57,14.45,62056.06
2016-11-02,14.54,14.41,14.64,14.39,89521.84
2016-11-03,14.39,14.45,14.62,14.31,98162.77
2016-11-04,14.45,14.43,14.58,14.4,69828.55
2016-11-07,14.43,14.33,14.48,14.31,80805.89
2016-11-08,14.52,14.79,15.0,14.52,235879.91
2016-11-09,14.69,14.47,14.71,14.36,144500.03
2016-11-10,14.58,14.6,14.69,14.51,99761.93
2016-11-11,14.63,14.72,14.74,14.54,123142.1
2016-11-14,14.72,14.69,14.84,14.61,128532.57
2016-11-15,14.73,15.31,15.8,14.65,502389.62
2016-11-16,15.4,15.07,15.4,15.06,226014.85
2016-11-17,15.5,15.54,15.79,15.4,552176.96
2016-11-18,15.3,15.28,15.43,15.2,225846.04
2016-11-21,15.48,15.24,15.48,15.13,155963.84
2016-11-22,15.15,15.37,15.55,15.11,212197.66
2016-11-23,15.25,15.15,15.44,15.1,168143.46
2016-11-24,15.15,14.87,15.19,14.85,155713.15
2016-11-25,14.96,14.91,14.96,14.46,118521.21
2016-11-28,14.91,15.0,15.15,14.74,132657.08
2016-11-29,14.96,14.74,14.99,14.72,109092.9
2016-11-30,14.75,14.79,14.94,14.66,88843.05
2016-12-01,14.77,14.92,14.92,14.72,98643.33
2016-12-02,14.89,14.67,14.9,14.62,89674.48
2016-12-05,14.49,14.62,14.82,14.41,72293.3
2016-12-06,14.72,14.57,14.75,14.47,59466.06
2016-12-07,14.5,14.66,14.67,14.5,60017.22
2016-12-08,14.68,14.71,14.93,14.68,91883.5
2016-12-09,14.65,14.48,14.65,14.41,97011.15
2016-12-12,14.46,13.66,14.52,13.64,172468.35
2016-12-13,13.61,13.62,13.68,13.42,82484.31
2016-12-14,13.62,13.63,13.79,13.42,66353.35
2016-12-15,13.56,13.71,13.84,13.53,72517.63
2016-12-16,13.72,13.77,13.85,13.65,54925.59
2016-12-19,13.7,13.65,13.73,13.6,42896.87
2016-12-20,13.77,13.84,14.07,13.76,87233.17
2016-12-21,13.72,13.86,13.95,13.72,56693.3
2016-12-22,13.88,13.85,13.93,13.77,45362.37
2016-12-23,13.85,13.58,13.85,13.55,56560.64
2016-12-26,13.59,13.67,13.67,13.38,54016.79
2016-12-27,13.67,13.59,13.73,13.55,40325.0
2016-12-28,13.59,13.49,13.64,13.3,63902.95
2016-12-29,13.49,13.36,13.49,13.33,50001.81
2016-12-30,13.36,13.36,13.44,13.33,41156.71
2017-01-03,13.36,13.48,13.53,13.36,37327.01
2017-01-04,13.51,13.58,13.59,13.39,61925.01
2017-01-05,13.58,13.54,13.65,13.51,59746.72
2017-01-06,13.53,13.42,13.6,13.4,61682.54
2017-01-09,13.33,13.21,13.33,13.03,171215.02
2017-01-10,13.2,13.12,13.21,13.1,69342.76
2017-01-11,13.13,13.51,13.96,13.07,252045.89
2017-01-12,13.35,13.22,13.38,13.14,111545.38
2017-01-13,13.18,13.03,13.2,13.01,72377.18
2017-01-16,13.0,12.39,13.17,11.73,117041.91
2017-01-17,12.35,12.43,12.6,12.0,64747.57
2017-01-18,12.48,12.51,13.16,12.37,120164.92
2017-01-19,12.49,12.19,12.49,12.12,93514.47
2017-01-20,12.2,12.33,12.48,12.15,78826.0
2017-01-23,12.32,12.38,12.47,12.25,53408.29
2017-01-24,12.36,12.28,12.36,12.26,39050.33
2017-01-25,11.98,11.25,11.98,11.22,285535.73
2017-01-26,11.21,11.29,11.31,10.96,136838.84
2017-02-03,11.29,11.14,11.31,11.07,76884.36
2017-02-06,11.13,11.21,11.23,11.1,65360.73
2017-02-07,11.21,11.43,11.78,11.14,164209.33
2017-02-08,11.3,11.46,11.53,11.21,114776.71
2017-02-09,11.39,11.82,12.12,11.36,231185.61
2017-02-10,11.71,11.72,11.82,11.65,125348.2
2017-02-13,11.66,11.75,11.86,11.66,100312.0
2017-02-14,11.76,11.83,11.97,11.74,131009.13
2017-02-15,11.85,11.51,11.85,11.46,132303.68
2017-02-16,11.52,11.59,11.64,11.51,71555.96
2017-02-17,11.59,11.44,11.6,11.41,73794.1
2017-02-20,11.6,11.55,11.67,11.41,65918.17
2017-02-21,11.56,11.79,11.96,11.49,161757.69
2017-02-22,11.72,11.92,11.96,11.72,161593.66
2017-02-23,11.88,11.79,11.88,11.7,93740.35
2017-02-24,11.74,11.82,11.88,11.72,69160.5
2017-02-27,11.81,11.77,11.96,11.73,107848.2
2017-02-28,11.82,11.97,12.09,11.74,154767.05
2017-03-01,11.97,11.88,11.97,11.82,95211.88
2017-03-02,11.88,11.75,11.92,11.75,83605.21
2017-03-03,11.75,11.7,11.75,11.64,63986.71
2017-03-06,11.7,12.15,12.25,11.7,262078.78
2017-03-07,12.15,12.01,12.15,11.94,147437.17
2017-03-08,12.03,11.85,12.04,11.8,99758.62
2017-03-09,11.82,11.95,12.03,11.76,137338.24
2017-03-10,11.86,11.86,11.97,11.85,63913.02
2017-03-13,11.9,11.93,12.06,11.86,91546.18
2017-03-14,11.93,11.88,12.01,11.83,92005.07
2017-03-15,11.87,11.7,11.87,11.64,98494.1
2017-03-16,11.71,11.81,11.83,11.71,75604.75
2017-03-17,11.82,11.92,12.35,11.82,261206.24
2017-03-20,11.94,12.04,12.14,11.88,138808.16
2017-03-21,11.94,11.89,11.98,11.82,100880.28
2017-03-22,11.8,11.66,11.85,11.56,98860.55
2017-03-23,11.67,11.6,11.77,11.5,76996.34
2017-03-24,11.6,11.6,11.66,11.52,65342.61
2017-03-27,11.62,11.47,11.62,11.35,104264.77
2017-03-28,11.5,11.4,11.5,11.38,54162.26
2017-03-29,11.4,11.35,11.5,11.34,68802.21
2017-03-30,11.32,11.27,11.58,11.01,132754.42
2017-03-31,11.22,11.16,11.33,11.13,63338.66
2017-04-05,11.16,11.35,11.38,11.16,71319.12
2017-04-06,11.37,11.26,11.38,11.22,75744.19
2017-04-07,11.35,11.35,11.44,11.27,81977.34
2017-04-10,11.3,11.15,11.34,11.12,86976.2
2017-04-11,11.15,11.2,11.22,11.02,95149.2
2017-04-12,11.19,11.08,11.19,11.03,86498.54
2017-04-13,11.08,10.98,11.08,10.97,93382.32
2017-04-14,10.95,11.18,11.5,10.72,203107.42
2017-04-17,10.8,10.37,10.87,10.2,181120.45
2017-04-18,10.38,10.01,10.44,9.99,144728.13
2017-04-19,9.88,9.25,9.89,9.01,237636.13
2017-04-20,9.19,9.09,9.28,9.05,108692.0
2017-04-21,9.11,9.16,9.32,9.11,98982.34
2017-04-24,9.08,8.35,9.08,8.34,150175.97
2017-04-25,8.35,8.22,8.51,8.2,103100.09
2017-04-26,8.25,8.23,8.38,8.16,105081.41
2017-04-27,8.15,8.07,8.15,7.68,174433.21
2017-04-28,7.93,7.96,8.11,7.88,110182.82
2017-05-03,7.56,8.0,8.35,7.56,419922.89
2017-05-04,7.87,7.8,8.05,7.6,195304.15
2017-05-05,7.69,7.57,7.83,7.55,134434.15
2017-05-08,7.52,7.19,7.52,7.19,161329.46
2017-05-09,7.11,6.93,7.14,6.84,158946.44
2017-05-10,6.9,6.91,7.06,6.86,100066.46
2017-05-11,6.79,6.95,7.02,6.7,117353.52
2017-05-12,6.92,6.91,7.0,6.84,58639.12
2017-05-15,6.86,7.08,7.13,6.86,82510.11
2017-05-16,7.04,7.16,7.17,6.98,88281.48
2017-05-17,7.16,7.17,7.34,7.14,86326.27
2017-05-18,7.09,7.05,7.14,7.01,52483.02
2017-05-19,7.11,7.14,7.31,7.11,75510.01
2017-05-22,7.14,6.95,7.16,6.91,56529.64
2017-05-23,6.95,6.73,7.03,6.73,59451.52
2017-05-24,6.65,6.59,6.72,6.45,58107.47
2017-05-25,6.58,6.69,6.7,6.54,57475.0
2017-05-26,6.71,6.7,6.71,6.65,39719.31
2017-05-31,6.75,6.74,6.85,6.73,53867.02
2017-06-01,6.71,6.4,6.78,6.4,95691.36
2017-06-02,6.29,6.24,6.29,6.08,106954.39
2017-06-05,6.55,6.55,6.55,6.55,13908.12
2017-06-06,6.88,6.88,6.88,6.88,7449.0
2017-06-07,7.22,7.22,7.22,7.22,11008.91
2017-06-08,7.5,7.58,7.58,7.3,429646.69
2017-06-09,7.55,7.37,7.56,7.3,199901.42
2017-06-12,7.31,7.36,7.57,7.3,105555.96
2017-06-13,7.29,7.3,7.39,7.2,85774.02
2017-06-14,7.27,7.3,7.36,7.27,60454.36
2017-06-15,7.29,7.38,7.4,7.23,71842.02
2017-06-16,7.37,7.4,7.51,7.33,64419.01
2017-06-19,7.41,7.41,7.47,7.34,51837.2
2017-06-20,7.4,7.41,7.44,7.37,47035.13
2017-06-21,7.41,7.32,7.44,7.3,53272.02
2017-06-22,7.3,7.05,7.32,7.05,99197.0
2017-06-23,7.03,7.03,7.08,6.93,50917.43
2017-06-26,7.03,7.22,7.28,7.03,65616.86
2017-06-27,7.21,7.2,7.23,7.14,32799.9
2017-06-28,7.16,7.09,7.18,7.07,38800.14
2017-06-29,7.06,7.08,7.15,7.06,31945.45
2017-06-30,7.07,7.11,7.14,7.06,31543.75
2017-07-03,7.12,7.16,7.17,7.08,42320.2
2017-07-04,7.16,7.17,7.24,7.15,37646.01
2017-07-05,7.45,7.53,7.53,7.45,36059.23
2017-07-06,7.87,7.67,7.87,7.63,200830.58
2017-07-07,7.66,8.05,8.05,7.58,243424.24
2017-07-10,8.04,8.45,8.45,7.99,199078.76
2017-07-11,8.66,8.4,8.87,8.33,301695.27
2017-07-12,8.35,8.3,8.54,8.06,171724.92
2017-07-13,8.27,8.53,8.71,8.2,148008.97
2017-07-14,8.55,8.41,8.57,8.34,71391.01
2017-07-17,8.08,7.99,8.2,7.99,177972.16
2017-07-18,7.91,8.35,8.36,7.88,109975.24
2017-07-19,8.34,8.34,8.55,8.24,104295.29
2017-07-20,8.38,8.6,8.76,8.38,128926.41
2017-07-21,8.55,8.44,8.65,8.36,90346.28
2017-07-24,8.43,8.52,8.66,8.43,75026.77
2017-07-25,8.48,8.25,8.59,8.23,89564.19
2017-07-26,8.23,8.24,8.34,8.14,67248.72
2017-07-27,8.2,8.13,8.25,8.02,88008.83
2017-07-28,8.13,8.08,8.24,8.06,51008.0
2017-07-31,8.11,8.47,8.48,8.11,124698.84
2017-08-01,8.47,8.41,8.47,8.31,60578.68
2017-08-02,8.43,8.3,8.55,8.29,67168.96
2017-08-03,8.29,8.31,8.31,8.22,41376.37
2017-08-04,8.33,8.22,8.39,8.2,54600.01
2017-08-07,8.23,8.24,8.29,8.12,45813.39
2017-08-08,8.28,8.13,8.29,8.03,68471.93
2017-08-09,8.14,8.15,8.18,8.07,34689.12
2017-08-10,8.15,8.11,8.24,8.09,42222.01
2017-08-11,8.02,8.16,8.17,7.96,68168.89
2017-08-14,8.17,8.29,8.35,8.17,64246.42
2017-08-15,8.28,8.2,8.34,8.18,43430.51
2017-08-16,8.26,8.22,8.27,8.15,32184.82
2017-08-17,8.2,8.38,8.45,8.18,82030.56
2017-08-18,8.35,8.4,8.43,8.3,49628.22
2017-08-21,8.42,8.82,8.82,8.42,217578.44
2017-08-22,8.87,8.85,8.98,8.7,134064.42
2017-08-23,8.89,8.84,8.9,8.75,85456.0
2017-08-24,8.8,9.0,9.25,8.77,156502.63
2017-08-25,9.0,8.98,9.21,8.94,107398.21
2017-08-28,9.15,9.14,9.38,9.1,98253.88
2017-08-29,9.21,9.3,9.4,9.17,102964.79
2017-08-30,9.23,9.14,9.29,9.12,81457.22
2017-08-31,9.1,9.17,9.29,9.09,61362.0
2017-09-01,9.17,9.21,9.22,9.09,53394.78
2017-09-04,9.21,9.12,9.28,9.05,71447.95
2017-09-05,9.12,9.26,9.33,9.09,95892.35
2017-09-06,9.28,9.5,9.67,9.21,104875.34
2017-09-07,9.49,9.37,9.58,9.36,67645.28
2017-09-08,9.37,9.4,9.53,9.31,42884.0
2017-09-11,9.41,9.2,9.41,9.13,70918.01
2017-09-12,9.21,9.15,9.25,9.03,72272.1
2017-09-13,9.14,9.16,9.22,9.06,35439.0
2017-09-14,9.13,9.25,9.4,9.13,64834.66
2017-09-15,9.25,9.24,9.29,9.15,32059.88
2017-09-18,9.38,9.4,9.47,9.29,65211.0
2017-09-19,9.38,9.24,9.42,9.23,47265.4
2017-09-20,9.25,9.12,9.25,9.08,68035.04
2017-09-21,9.11,9.07,9.17,9.06,41884.22
2017-09-22,9.09,9.13,9.14,9.05,27219.79
2017-09-25,9.12,8.8,9.16,8.72,65411.54
2017-09-26,8.8,8.61,8.84,8.56,57552.31
2017-09-27,8.69,8.82,8.84,8.63,43179.45
2017-09-28,8.83,8.76,8.91,8.73,37456.0
2017-09-29,8.78,8.9,8.96,8.78,38574.55
2017-10-09,8.94,8.92,9.04,8.84,49544.41
2017-10-10,8.92,8.98,9.0,8.86,30674.91
2017-10-11,8.96,9.41,9.43,8.95,93191.6
2017-10-12,9.38,9.34,9.41,9.26,68374.52
2017-10-13,9.38,9.51,9.6,9.31,105969.5
2017-10-16,9.36,9.39,9.45,9.13,102516.91
2017-10-30,9.85,9.27,9.85,9.2,196978.2
2017-10-31,9.2,9.35,9.58,9.16,88000.39
2017-11-01,9.28,9.13,9.4,9.1,71787.18
2017-11-02,9.14,9.05,9.25,8.92,62652.01
2017-11-03,9.18,9.15,9.22,9.01,48689.74
2017-11-06,9.06,9.15,9.24,9.06,40303.76
2017-11-07,9.14,9.03,9.15,8.97,46429.77
2017-11-08,9.03,9.26,9.48,8.96,95644.12
2017-11-09,9.26,9.24,9.31,9.16,46088.45
2017-11-10,9.24,9.35,9.44,9.21,56174.76
2017-11-13,9.3,9.27,9.38,9.2,38145.15
2017-11-14,9.28,9.09,9.29,9.03,59683.76
2017-11-15,9.09,9.03,9.18,9.0,31538.56
2017-11-16,9.0,9.01,9.1,8.99,26025.5
2017-11-17,9.03,8.56,9.07,8.56,106492.76
2017-11-20,8.42,8.24,8.45,8.13,74119.26
2017-11-21,8.24,8.21,8.26,8.1,40466.71
2017-11-22,8.21,7.8,8.26,7.8,89159.74
2017-11-23,7.67,7.41,7.67,7.41,103462.2
2017-11-24,7.26,7.78,7.78,7.2,81002.74
2017-11-27,7.78,8.13,8.17,7.7,100037.38
2017-11-28,8.05,8.12,8.25,8.05,48913.02
2017-11-29,8.13,8.18,8.35,8.13,52204.1
2017-11-30,8.14,8.15,8.29,8.06,31860.95
2017-12-01,8.14,8.06,8.21,8.02,43303.34
2017-12-04,8.04,8.36,8.46,8.04,81897.99
2017-12-05,8.78,8.78,8.78,8.78,18889.56
2017-12-06,9.19,9.21,9.22,8.92,237635.2
2017-12-07,9.29,9.13,9.48,9.1,140744.66
2017-12-08,9.04,9.25,9.53,9.04,98982.96
2017-12-11,9.33,9.21,9.43,9.12,62197.12
2017-12-12,9.18,9.3,9.39,9.09,74947.32
2017-12-13,9.25,9.37,9.45,9.21,56302.27
2017-12-14,9.31,9.31,9.44,9.3,53362.67
2017-12-15,9.43,9.43,9.66,9.35,91535.87
2017-12-18,9.42,9.76,9.79,9.38,128944.22
2017-12-19,9.85,10.25,10.25,9.84,173824.98
2017-12-20,10.36,10.26,10.54,10.13,168491.25
2017-12-21,10.16,10.12,10.24,10.01,104065.62
2017-12-22,10.12,10.03,10.28,10.03,77581.93
2017-12-25,10.25,10.03,10.5,10.02,123998.16
2017-12-26,10.0,9.53,10.13,9.53,199520.78
2017-12-27,9.39,9.5,9.63,9.38,96480.9
2017-12-28,9.44,9.39,9.61,9.35,67658.4
2017-12-29,9.4,9.76,9.86,9.13,109969.12
2018-01-02,10.2,10.02,10.24,9.9,152311.01
2018-01-03,10.25,10.34,10.45,10.13,183004.91
2018-01-04,10.28,10.53,10.58,10.23,152515.9
2018-01-05,10.53,10.48,10.63,10.39,133708.83
2018-01-08,10.41,10.42,10.47,10.14,111338.02
2018-01-09,10.66,10.42,10.66,10.32,127861.78
2018-01-10,10.31,10.26,10.38,10.2,73358.35
2018-01-11,10.2,10.33,10.43,10.14,60257.01
2018-01-12,10.32,10.45,10.52,10.28,91129.07
2018-01-15,10.48,10.22,10.54,10.13,100471.78
2018-01-16,10.22,10.27,10.37,10.18,62908.31
2018-01-17,10.25,10.13,10.33,10.12,77309.56
2018-01-18,10.2,10.07,10.2,10.02,53760.84
2018-01-19,10.03,10.07,10.13,10.02,43943.26
2018-01-22,10.1,10.27,10.37,10.01,75080.1
2018-01-23,10.26,10.26,10.35,10.13,79234.09
2018-01-24,10.29,10.44,10.56,10.26,111000.12
2018-01-25,10.41,10.53,10.56,10.34,92610.35
2018-01-26,10.62,10.5,10.73,10.5,104576.26
2018-01-29,10.68,10.45,10.75,10.43,83441.96
2018-01-30,10.47,10.65,10.67,10.47,109212.81
2018-01-31,10.5,10.12,10.53,10.12,144297.23
2018-02-01,9.8,9.61,9.85,9.61,100162.0
2018-02-02,9.22,9.19,9.47,9.13,132677.25
2018-02-05,8.82,9.65,9.65,8.82,103378.57
2018-02-06,9.32,9.17,9.53,9.17,90840.0
2018-02-07,9.35,9.17,9.38,8.78,96393.76
2018-02-08,9.17,9.07,9.28,8.9,66563.08
2018-02-09,8.79,8.62,8.79,8.62,84108.9
2018-02-12,8.68,8.88,8.93,8.33,77014.92
2018-02-13,8.88,9.25,9.25,8.82,76315.86
2018-02-14,9.19,9.14,9.32,9.11,39708.58
2018-02-22,9.16,9.35,9.4,9.16,44689.26
2018-02-23,9.3,9.27,9.34,9.16,45963.23
2018-02-26,9.15,9.35,9.45,9.15,64159.51
2018-02-27,9.32,9.55,9.59,9.26,88136.0
2018-03-01,10.51,10.51,10.51,10.01,522602.35
2018-03-02,11.56,11.56,11.56,11.11,658718.78
2018-03-05,12.11,12.3,12.72,11.76,1240342.21
2018-03-06,11.98,11.99,12.07,11.74,757566.03
2018-03-07,11.9,12.05,12.5,11.83,844704.87
2018-03-08,11.67,11.93,12.35,11.6,654936.59
2018-03-09,11.78,12.08,12.45,11.63,701221.6
2018-03-12,12.39,12.36,12.93,12.2,833039.47
2018-03-13,12.12,12.08,12.28,11.83,533268.0
2018-03-14,11.94,12.19,13.13,11.92,796600.88
2018-03-15,11.8,11.41,11.8,11.11,604878.94
2018-03-16,11.37,11.25,11.66,11.25,343085.54
2018-03-19,11.13,11.35,11.55,11.13,313268.33
2018-03-20,11.15,11.48,11.55,11.14,318271.57
2018-03-21,11.53,11.27,11.63,11.27,417096.8
2018-03-22,11.22,10.82,11.37,10.72,358543.53
2018-03-23,10.33,9.74,10.35,9.74,431101.92
2018-03-26,9.55,10.05,10.13,9.34,285486.43
2018-03-27,10.16,10.31,10.36,10.05,269390.44
2018-03-28,10.1,9.95,10.18,9.91,214142.89
2018-03-29,10.28,10.95,10.95,10.28,551549.8
2018-03-30,11.2,11.41,11.7,10.8,668076.91
2018-04-02,11.25,11.2,11.54,11.02,408058.76
2018-04-03,10.9,10.91,11.09,10.66,295312.72
2018-04-04,10.79,10.76,11.03,10.73,189956.7
2018-04-09,10.74,10.81,10.92,10.56,189562.2
2018-04-10,10.83,10.71,10.89,10.47,173520.43
2018-04-11,10.82,10.67,10.86,10.63,156072.01
2018-04-12,10.62,10.26,10.62,10.26,191802.86
2018-04-13,10.46,10.28,10.5,10.25,108423.23
2018-04-16,10.28,10.56,10.58,10.21,158582.7
2018-04-17,10.58,10.22,10.67,10.2,149716.65
2018-04-18,10.37,10.84,10.98,10.01,260578.91
2018-04-19,10.69,11.17,11.42,10.68,346769.64
2018-04-20,11.19,11.03,11.46,10.91,342943.14
2018-04-23,11.13,11.27,11.45,10.92,274190.11
2018-04-24,11.12,11.5,11.5,10.96,335165.0
2018-04-25,11.35,11.28,11.59,11.23,274773.34
2018-04-26,11.34,11.14,11.45,11.08,238617.77
2018-04-27,11.2,10.54,11.29,10.5,273252.63
2018-05-02,10.5,10.21,10.5,10.03,168059.05
2018-05-03,10.22,10.42,10.48,10.1,130157.07
2018-05-04,10.41,10.19,10.46,10.14,118145.34
2018-05-07,10.29,10.59,10.79,10.23,175785.92
2018-05-08,10.63,10.75,10.77,10.46,185059.66
2018-05-09,10.68,10.52,10.74,10.48,125582.73
2018-05-10,10.49,10.42,10.61,10.3,114094.94
2018-05-11,10.42,10.25,10.44,10.2,94387.01
2018-05-14,10.3,10.32,10.45,10.23,89992.75
2018-05-15,10.26,10.45,10.48,10.26,82008.39
2018-05-16,10.43,10.25,10.43,10.2,94469.09
2018-05-17,10.23,10.05,10.28,10.04,92231.27
2018-05-18,10.08,10.16,10.19,10.0,67714.16
2018-05-21,10.3,10.51,10.66,10.19,131035.74
2018-05-22,10.48,10.42,10.54,10.33,88275.51
2018-05-23,10.32,10.19,10.35,10.16,80234.13
2018-05-24,10.16,10.08,10.26,10.07,71290.73
2018-05-25,10.08,9.66,10.12,9.65,137253.0
2018-05-28,9.66,9.61,9.81,9.38,77430.07
2018-05-29,9.58,9.51,9.74,9.44,53106.01
2018-05-30,9.37,8.96,9.39,8.89,116330.56
2018-05-31,8.99,8.94,9.12,8.92,71665.39
2018-06-01,8.95,9.24,9.27,8.69,125115.6
2018-06-04,9.24,9.09,9.24,9.08,52416.0
2018-06-05,9.2,9.17,9.25,9.11,51171.53
2018-06-06,9.14,9.24,9.37,9.13,62581.89
2018-06-07,9.24,9.05,9.32,9.03,57345.84
2018-06-08,9.09,8.95,9.2,8.88,68362.32
2018-06-11,8.82,8.76,8.93,8.72,49780.71
2018-06-12,8.76,8.83,8.91,8.71,52253.02
2018-06-13,8.82,8.41,8.82,8.4,80779.27
2018-06-14,8.35,8.5,8.63,8.33,58206.85
2018-06-15,8.54,8.4,8.63,8.3,56410.8
2018-06-19,8.14,7.56,8.15,7.56,99384.51
2018-06-20,7.39,7.48,7.67,7.22,92966.29
2018-06-21,7.39,7.02,7.61,7.0,97254.25
2018-06-22,6.91,7.26,7.32,6.9,91220.36
2018-06-25,7.39,7.28,7.47,7.21,61418.94
2018-06-26,7.14,7.48,7.53,7.04,75522.91
2018-06-27,7.5,7.36,7.5,7.33,57389.27
2018-06-28,7.39,7.27,7.47,7.24,53958.68
2018-06-29,7.35,8.0,8.0,7.32,76164.72
2018-07-02,8.3,8.21,8.68,8.12,240780.2
2018-07-03,8.13,8.39,8.43,7.91,150659.14
2018-07-04,8.28,8.26,8.78,8.18,143247.84
2018-07-05,8.05,7.93,8.2,7.81,111565.23
2018-07-06,8.05,8.01,8.17,7.66,113213.96
2018-07-09,8.0,8.15,8.16,8.0,69697.96
2018-07-10,8.15,8.15,8.2,8.05,55161.0
2018-07-11,8.06,7.73,8.06,7.45,114055.11
2018-07-12,7.69,8.02,8.05,7.69,86850.34
2018-07-13,8.03,7.94,8.08,7.91,51772.01
2018-07-16,7.94,8.14,8.33,7.94,91749.01
2018-07-17,8.15,8.41,8.43,8.08,102067.21
2018-07-18,8.37,8.15,8.4,8.14,89179.01
2018-07-19,8.08,7.95,8.18,7.88,73472.1
2018-07-20,7.96,8.18,8.4,7.76,104686.37
2018-07-23,8.33,8.25,8.36,8.21,92138.58
2018-07-24,8.17,8.35,8.4,8.13,101717.2
2018-07-25,8.34,8.27,8.4,8.22,70386.5
2018-07-26,8.29,8.27,8.35,8.16,80158.8
2018-07-27,8.2,8.36,8.57,8.19,110877.06
2018-07-30,8.3,8.01,8.34,8.01,86853.1
2018-07-31,8.01,8.09,8.11,8.0,45091.01
2018-08-01,8.0,8.14,8.36,8.0,98721.38
2018-08-02,8.22,8.31,8.35,7.74,163341.31
2018-08-03,8.16,8.0,8.28,7.92,85137.01
2018-08-06,7.94,7.51,7.94,7.44,106406.6
2018-08-07,7.52,7.64,7.66,7.36,66509.62
2018-08-08,7.64,7.47,7.66,7.45,52501.0
2018-08-09,7.38,7.61,7.66,7.37,58977.0
2018-08-10,7.6,7.67,7.8,7.58,58022.0
2018-08-13,7.49,7.82,7.85,7.46,68802.22
2018-08-14,7.79,7.79,7.84,7.68,50904.3
2018-08-15,8.15,7.97,8.5,7.97,180992.65
2018-08-16,7.76,8.03,8.3,7.76,143800.8
2018-08-17,8.03,7.82,8.17,7.82,82692.57
2018-08-20,7.84,7.83,7.9,7.54,72120.05
2018-08-21,7.79,7.87,7.9,7.72,46163.14
2018-08-22,7.82,7.64,7.86,7.63,39784.0
2018-08-23,7.63,7.71,7.75,7.6,33569.01
2018-08-24,7.7,7.65,7.74,7.65,25175.0
2018-08-27,7.67,7.78,7.79,7.67,40290.02
2018-08-28,7.77,7.77,7.83,7.73,33454.0
2018-08-29,7.77,7.86,7.86,7.73,48693.0
2018-08-30,7.85,7.71,7.87,7.7,36458.94
2018-08-31,7.7,7.72,7.87,7.63,36895.09
2018-09-03,7.73,7.65,7.77,7.51,36094.88
2018-09-04,7.64,7.72,7.75,7.6,32596.11
2018-09-05,7.67,7.55,7.72,7.53,32780.0
2018-09-06,7.51,7.38,7.58,7.3,53820.0
2018-09-07,7.42,7.29,7.47,7.24,40039.95
2018-09-10,7.34,7.07,7.35,7.05,49111.7
2018-09-11,7.07,7.09,7.14,6.94,30573.94
2018-09-12,7.1,7.1,7.15,7.05,24356.01
2018-09-13,7.2,7.18,7.24,7.09,28243.81
2018-09-14,7.18,7.09,7.2,7.08,27366.0
2018-09-17,7.09,6.99,7.09,6.97,29413.0
2018-09-18,7.0,7.13,7.15,6.97,31947.6
2018-09-19,7.15,7.28,7.45,7.15,64715.08
2018-09-20,7.22,7.2,7.29,7.17,37859.32
2018-09-21,7.21,7.27,7.28,7.13,42371.23
2018-09-25,7.25,7.65,8.0,7.21,169220.43
2018-09-26,7.51,7.56,7.77,7.5,88532.32
2018-09-27,7.49,7.66,7.83,7.49,96246.93
2018-09-28,7.67,7.67,7.7,7.61,54358.84
2018-10-08,7.55,7.69,8.3,7.49,112765.53
2018-10-09,7.71,7.87,7.96,7.71,90658.5
2018-10-10,7.82,7.64,7.92,7.56,84304.01
2018-10-11,7.28,6.95,7.44,6.88,124097.0
2018-10-12,6.79,6.99,7.05,6.64,76131.32
2018-10-15,6.4,6.64,6.94,6.4,87350.64
2018-10-16,6.59,6.35,6.69,6.32,65598.05
2018-10-17,6.43,6.48,6.54,6.33,51405.03
2018-10-18,6.45,6.19,6.47,6.11,58146.21
2018-10-19,6.12,6.26,6.27,6.02,54425.16
2018-10-22,6.3,6.6,6.65,6.3,87609.42
2018-10-23,6.58,6.43,6.59,6.38,54541.02
2018-10-24,6.32,6.45,6.52,6.32,42691.21
2018-10-25,6.3,6.45,6.46,6.21,62705.51
2018-10-26,6.55,6.49,6.59,6.46,46150.45
2018-10-29,6.49,6.31,6.5,6.27,35294.0
2018-10-30,6.34,6.24,6.34,6.11,72089.0
2018-10-31,6.25,6.33,6.36,6.21,56774.73
2018-11-01,6.68,6.43,6.68,6.37,86116.27
2018-11-02,6.48,6.58,6.59,6.44,78197.87
2018-11-05,6.56,6.57,6.66,6.5,68335.0
2018-11-06,6.63,6.79,7.0,6.45,129526.7
2018-11-07,6.8,6.65,6.85,6.61,83983.19
2018-11-08,6.71,6.6,6.75,6.59,50382.0
2018-11-09,6.6,6.62,6.69,6.54,44615.15
2018-11-12,6.56,6.76,6.77,6.55,62294.2
2018-11-13,6.68,6.84,6.9,6.64,95296.27
2018-11-14,6.88,6.84,6.99,6.81,92136.22
2018-11-15,6.88,6.93,6.99,6.85,72283.83
2018-11-16,6.95,6.98,7.04,6.9,78755.0
2018-11-19,6.96,6.97,6.97,6.8,84430.07
2018-11-20,6.85,6.96,7.35,6.84,134269.0
2018-11-21,6.84,6.9,6.95,6.71,70727.64
2018-11-22,6.89,6.96,6.99,6.86,60704.45
2018-11-23,6.96,6.58,6.99,6.57,88461.07
2018-11-26,6.56,6.5,6.65,6.42,47888.15
2018-11-27,6.55,6.54,6.6,6.48,36962.12
2018-11-28,6.53,6.68,6.78,6.39,65273.51
2018-11-29,6.74,6.47,6.77,6.46,45517.03
2018-11-30,6.45,6.51,6.53,6.35,37022.34
2018-12-03,6.65,6.7,6.73,6.6,62456.37
2018-12-04,6.75,6.71,6.75,6.65,38935.06
2018-12-05,6.54,6.62,6.68,6.53,53046.4
2018-12-06,6.63,6.6,6.8,6.57,66314.03
2018-12-07,6.59,6.58,6.65,6.54,38286.68
2018-12-10,6.53,6.54,6.56,6.46,29804.67
2018-12-11,6.55,6.59,6.65,6.5,34364.51
2018-12-12,6.6,6.61,6.63,6.57,24180.27
2018-12-13,6.6,6.65,6.71,6.55,54042.02
2018-12-14,6.64,6.58,6.76,6.56,55144.0
2018-12-17,6.48,6.49,6.54,6.42,33672.17
2018-12-18,6.45,6.45,6.52,6.4,29180.01
2018-12-19,6.45,6.34,6.46,6.3,29216.0
2018-12-20,6.3,6.34,6.37,6.27,22930.0
2018-12-21,6.35,6.53,6.55,6.32,54772.0
2018-12-24,6.5,6.63,6.75,6.46,83284.84
2018-12-25,6.51,6.49,6.57,6.36,62950.34
2018-12-26,6.55,6.51,6.62,6.5,41576.84
2018-12-27,6.6,6.32,6.63,6.32,41618.0
2018-12-28,6.3,6.31,6.37,6.26,33790.3
2019-01-02,6.22,6.05,6.31,5.71,59221.49
2019-01-03,6.0,5.97,6.13,5.97,34412.13
2019-01-04,5.92,6.14,6.2,5.92,46650.89
2019-01-07,6.29,6.25,6.29,6.17,39473.96
2019-01-08,6.24,6.27,6.33,6.23,33750.85
2019-01-09,6.26,6.36,6.45,6.18,72639.54
2019-01-10,6.28,6.21,6.33,6.19,46409.89
2019-01-11,6.25,6.37,6.43,6.21,68663.19
2019-01-14,6.7,7.01,7.01,6.61,105909.09
2019-01-15,7.71,7.71,7.71,7.6,96546.72
2019-01-16,8.48,8.48,8.48,8.48,43081.01
2019-01-17,8.89,8.8,9.33,8.11,976745.13
2019-01-18,8.66,8.44,9.2,8.42,722805.98
2019-01-21,8.24,7.99,8.3,7.77,468530.26
2019-01-22,7.88,7.77,8.01,7.71,288015.17
2019-01-23,7.7,7.78,7.84,7.6,201696.57
2019-01-24,7.66,7.49,7.73,7.41,221592.12
2019-01-25,7.49,7.17,7.53,7.14,217816.44
2019-01-28,7.25,7.1,7.25,7.02,156316.35
2019-01-29,7.07,7.15,7.18,6.95,146700.46
2019-01-30,7.1,6.74,7.14,6.69,139701.85
2019-01-31,6.39,6.36,6.58,6.2,195768.82
2019-02-01,6.44,6.6,6.63,6.4,95808.46
2019-02-11,6.5,6.74,6.75,6.49,102330.86
2019-02-12,6.75,6.92,7.11,6.68,160596.51
2019-02-13,6.92,7.02,7.24,6.81,173834.02
2019-02-14,6.96,7.08,7.13,6.93,132460.04
2019-02-15,7.04,7.16,7.28,7.04,153020.06
2019-02-18,7.28,7.47,7.49,7.13,232504.4
2019-02-19,7.43,7.38,7.52,7.27,232007.53
2019-02-20,7.34,7.47,7.5,7.28,173717.77
2019-02-21,7.4,7.31,7.58,7.29,212140.14
2019-02-22,7.31,7.41,7.44,7.23,159981.95
2019-02-25,7.53,7.96,8.15,7.41,424803.17
2019-02-26,7.94,8.2,8.68,7.65,545551.17
2019-02-27,8.16,7.91,8.34,7.78,323934.62
2019-02-28,7.92,8.05,8.22,7.83,247872.6
2019-03-01,8.0,8.34,8.35,7.97,320379.22
2019-03-04,8.36,8.56,9.17,8.13,449612.46
2019-03-05,8.58,8.67,8.89,8.43,365353.03
2019-03-06,8.59,8.72,8.83,8.45,390599.79
2019-03-07,8.62,8.58,8.77,8.35,399000.53
2019-03-08,8.26,7.76,8.36,7.75,357425.68
2019-03-11,7.85,8.14,8.15,7.85,231358.93
2019-03-12,8.2,8.61,8.9,8.2,462386.45
2019-03-13,8.65,8.13,8.65,8.1,295858.81
2019-03-14,8.08,7.84,8.26,7.74,191391.33
2019-03-15,7.95,7.91,8.05,7.83,134999.24
2019-03-18,7.92,8.08,8.12,7.82,136315.7
2019-03-19,8.09,8.11,8.16,8.02,117118.23
2019-03-20,8.16,8.08,8.19,7.93,133595.33
2019-03-21,7.99,8.11,8.18,7.97,186037.46
2019-03-22,8.11,8.09,8.15,7.92,119137.43
2019-03-25,8.06,8.36,8.63,7.96,374862.96
2019-03-26,8.32,8.14,8.6,8.08,277660.44
2019-03-27,8.15,7.95,8.23,7.81,171675.96
2019-03-28,7.95,7.76,8.03,7.74,118703.2
2019-03-29,7.77,7.99,8.01,7.59,135867.51
2019-04-01,8.0,8.21,8.26,7.96,177300.66
2019-04-02,8.31,8.25,8.42,8.15,190649.12
2019-04-03,8.22,8.38,8.46,8.16,186130.38
2019-04-04,8.48,8.28,8.49,8.26,154155.66
2019-04-08,8.44,8.4,8.45,8.2,215669.58
2019-04-09,8.36,8.49,8.7,8.24,280447.15
2019-04-10,8.33,8.28,8.44,8.22,157776.13
2019-04-11,8.27,8.06,8.35,8.05,160012.85
2019-04-12,8.09,8.87,8.87,8.05,190847.1
2019-04-15,8.9,8.54,8.99,8.45,480286.66
2019-04-16,8.36,8.57,8.59,8.25,224149.49
2019-04-17,8.6,8.86,9.34,8.56,364530.13
2019-04-18,8.75,8.54,8.95,8.52,210759.62
2019-04-19,8.56,8.59,8.62,8.31,185146.45
2019-04-22,8.59,8.33,8.69,8.27,148439.62
2019-04-23,8.3,8.1,8.33,8.07,118790.5
2019-04-24,8.2,8.17,8.23,8.01,109765.12
2019-04-25,8.17,7.96,8.45,7.95,148778.53
2019-04-26,7.84,7.67,7.96,7.6,132579.81
2019-04-29,7.6,7.2,7.65,7.04,155526.0
2019-04-30,7.21,7.36,7.42,7.17,67267.52
2019-05-06,7.23,6.9,7.33,6.8,126294.23
2019-05-07,6.98,7.08,7.14,6.87,71977.12
2019-05-08,6.9,7.05,7.11,6.85,51794.57
2019-05-09,7.04,7.17,7.45,7.0,84309.81
2019-05-10,7.2,7.33,7.34,6.96,90721.71
2019-05-13,7.27,7.23,7.31,7.18,45252.0
2019-05-14,7.15,7.34,7.5,7.1,81815.85
2019-05-15,7.34,7.46,7.49,7.32,67056.93
2019-05-16,7.4,7.39,7.45,7.3,76763.09
2019-05-17,7.4,7.14,7.42,7.11,72207.09
2019-05-20,7.1,7.41,7.6,7.06,95089.04
2019-05-21,7.34,7.42,7.46,7.32,66481.16
2019-05-22,7.36,7.5,7.85,7.32,120833.63
2019-05-23,7.44,7.23,7.46,7.22,80998.54
2019-05-24,7.2,7.18,7.28,7.1,47068.51
2019-05-27,7.25,7.39,7.5,7.15,60600.01
2019-05-28,7.34,7.34,7.44,7.32,58335.0
2019-05-29,7.29,7.29,7.38,7.26,45318.47
2019-05-30,7.26,7.19,7.26,7.16,41470.01
2019-05-31,7.2,7.16,7.24,7.16,34299.84
2019-06-03,7.15,6.95,7.15,6.91,75844.49
2019-06-04,7.02,6.85,7.03,6.81,44294.84
2019-06-05,6.9,6.84,6.93,6.82,38745.0
2019-06-06,6.79,7.06,7.33,6.72,101199.41
2019-06-10,6.99,6.98,7.0,6.88,49432.32
2019-06-11,7.0,7.13,7.13,6.94,68174.35
2019-06-12,7.09,7.03,7.13,7.03,43967.97
2019-06-13,7.03,6.97,7.07,6.91,47153.75
2019-06-14,6.98,6.85,7.01,6.83,43941.0
2019-06-17,6.85,6.83,6.89,6.8,24793.82
2019-06-18,6.85,6.97,7.07,6.85,62001.0
2019-06-19,7.08,7.01,7.15,6.98,50308.7
2019-06-20,7.02,7.05,7.1,6.92,50576.13
2019-06-21,7.2,7.21,7.38,7.11,100489.46
2019-06-24,7.24,7.11,7.24,7.07,49952.84
2019-06-25,7.13,7.06,7.15,6.96,54211.51
2019-06-26,7.03,7.02,7.08,7.01,28196.0
2019-06-27,7.05,7.05,7.1,7.02,34070.0
2019-06-28,7.06,6.92,7.07,6.9,40535.88
2019-07-01,7.01,7.09,7.09,7.01,55325.81
2019-07-02,7.14,7.1,7.24,7.08,62895.03
2019-07-03,7.07,7.02,7.07,7.01,37690.66
2019-07-04,7.1,7.06,7.14,7.02,42434.08
2019-07-05,7.06,7.04,7.07,7.02,26464.12
2019-07-08,7.06,6.88,7.06,6.84,44079.04
2019-07-09,6.87,6.88,6.94,6.83,23710.0
2019-07-10,6.88,6.86,6.94,6.85,24122.51
2019-07-11,6.86,6.84,6.94,6.83,27343.0
2019-07-12,6.85,6.79,6.85,6.71,33840.0
2019-07-15,6.11,6.11,6.23,6.11,101242.0
2019-07-16,5.5,5.96,6.15,5.5,262662.34
2019-07-17,5.72,5.72,5.85,5.55,157518.96
2019-07-18,5.77,5.7,5.78,5.68,73006.81
2019-07-19,5.67,5.68,5.73,5.67,53518.0
2019-07-22,5.6,5.33,5.66,5.17,101726.95
2019-07-23,5.41,5.65,5.78,5.35,116339.96
2019-07-24,5.71,5.6,5.74,5.58,73302.3
2019-07-25,5.6,5.56,5.64,5.51,52215.58
2019-07-26,5.32,5.57,5.66,5.32,110236.0
2019-07-29,5.6,5.87,6.01,5.6,145885.93
2019-07-30,6.02,5.88,6.13,5.85,106517.11
2019-07-31,5.9,5.81,5.97,5.79,56785.5
2019-08-01,5.78,5.83,5.93,5.75,61512.64
2019-08-02,5.77,5.7,5.77,5.65,53039.84
2019-08-05,5.65,5.56,5.73,5.53,53935.0
2019-08-06,5.43,5.53,5.55,5.2,77852.75
2019-08-07,5.52,5.35,5.57,5.32,62246.85
2019-08-08,5.36,5.31,5.44,5.29,50756.1
2019-08-09,5.34,5.23,5.38,5.16,52055.68
2019-08-12,5.22,5.18,5.22,5.03,60123.29
2019-08-13,5.12,5.13,5.17,5.08,37622.91
2019-08-14,5.2,5.18,5.34,5.16,59858.36
2019-08-15,5.05,5.2,5.24,5.04,60210.0
2019-08-16,5.17,5.3,5.36,5.16,64483.43
2019-08-20,5.04,5.04,5.04,5.04,11791.0
2019-08-21,4.79,4.79,4.79,4.79,8135.0
2019-08-22,4.55,4.55,4.55,4.55,10453.0
2019-08-23,4.32,4.32,4.32,4.32,31123.0
2019-08-26,4.35,4.54,4.54,4.35,117129.37
2019-08-27,4.77,4.77,4.77,4.77,6314.86
2019-08-28,5.01,5.01,5.01,5.01,12355.8
2019-08-29,4.95,5.22,5.26,4.76,363031.05
2019-08-30,5.13,5.48,5.48,5.1,144492.51
2019-09-02,5.55,5.57,5.75,5.48,263936.05
2019-09-03,5.69,5.52,5.78,5.38,166985.04
2019-09-04,5.51,5.38,5.51,5.3,132110.24
2019-09-05,5.38,5.44,5.44,5.35,86894.45
2019-09-06,5.45,5.31,5.45,5.27,83361.1
2019-09-09,5.36,5.58,5.58,5.29,72959.37
2019-09-10,5.75,5.79,5.85,5.62,165627.32
2019-09-11,5.85,6.08,6.08,5.69,169290.5
2019-09-12,6.14,6.38,6.38,6.0,140415.58
2019-09-16,6.58,6.47,6.7,6.31,216936.76
2019-09-17,6.38,6.79,6.79,6.28,173138.43
2019-09-18,6.79,7.13,7.13,6.71,232772.09
2019-09-19,7.2,7.49,7.49,7.09,151090.92
2019-09-20,7.75,7.52,7.86,7.45,272568.5
2019-09-23,7.45,7.14,7.45,7.14,132105.42
2019-09-24,6.78,6.78,6.94,6.78,109011.91
2019-09-25,6.65,7.12,7.12,6.65,93200.64
2019-09-26,7.4,6.96,7.48,6.78,290499.86
2019-09-27,6.76,6.61,6.9,6.61,182177.79
2019-09-30,6.6,6.68,6.91,6.57,72910.04
2019-10-08,6.77,6.41,6.82,6.35,99309.61
2019-10-09,6.3,6.73,6.73,6.16,127258.64
2019-10-10,6.73,6.7,6.85,6.62,100553.14
2019-10-11,6.72,7.04,7.04,6.72,124731.62
2019-10-14,7.2,7.1,7.29,7.0,135588.8
2019-10-15,6.82,6.97,7.24,6.82,130003.28
2019-10-16,6.9,6.88,7.03,6.86,54205.86
2019-10-17,6.89,6.64,6.97,6.58,84577.86
2019-10-18,6.6,6.8,6.96,6.52,87085.75
2019-10-21,6.8,6.83,6.92,6.7,57305.29
2019-10-22,6.86,6.79,6.89,6.71,47103.76
2019-10-23,6.73,6.62,6.81,6.62,49512.0
2019-10-24,6.62,6.67,6.84,6.6,50616.0
2019-10-25,6.67,6.78,6.83,6.59,51471.0
2019-10-28,6.67,6.7,6.82,6.65,48845.54
2019-10-29,6.68,6.37,6.76,6.37,111229.91
2019-10-30,6.26,6.46,6.66,6.26,85731.67
2019-10-31,6.44,6.14,6.52,6.14,94521.5
2019-11-01,6.21,6.45,6.45,5.91,116319.76
2019-11-04,6.4,6.4,6.59,6.35,65008.02
2019-11-05,6.43,6.42,6.51,6.39,33345.58
2019-11-06,6.47,6.37,6.49,6.32,29618.82
2019-11-07,6.32,6.39,6.45,6.2,40429.84
2019-11-08,6.45,6.46,6.6,6.43,38419.85
2019-11-11,6.54,6.46,6.58,6.43,47366.2
2019-11-12,6.46,6.78,6.78,6.41,91614.42
2019-11-18,7.12,7.12,7.12,7.12,4293.11
2019-11-19,7.48,7.48,7.48,7.48,12673.62
2019-11-20,7.65,7.11,7.65,7.11,224266.66
2019-11-21,7.16,6.95,7.34,6.91,148327.27
2019-11-22,6.86,7.18,7.26,6.75,145750.05
2019-11-25,7.07,7.02,7.14,6.92,66606.0
2019-11-26,7.07,6.94,7.07,6.9,47527.51
2019-11-27,6.94,6.87,7.02,6.84,42681.01
2019-11-28,6.9,6.8,6.9,6.78,40330.42
2019-11-29,6.84,6.61,6.88,6.55,56684.62
2019-12-02,6.57,6.59,6.79,6.43,60208.06
2019-12-03,6.6,6.51,6.6,6.4,47449.49
2019-12-04,6.5,6.65,6.72,6.45,49130.71
2019-12-05,6.71,6.67,6.83,6.65,38021.96
2019-12-06,6.68,6.8,6.86,6.63,52911.96
2019-12-09,6.77,6.8,6.84,6.75,28002.03
2019-12-10,7.12,6.91,7.13,6.9,92836.4
2019-12-11,6.92,6.82,6.98,6.8,45360.82
2019-12-12,6.84,6.74,6.85,6.72,34827.71
2019-12-13,6.75,6.88,6.93,6.72,50901.71
2019-12-16,6.9,6.9,6.95,6.84,45917.28
2019-12-17,6.97,6.88,7.08,6.71,87874.47
2019-12-18,6.84,6.77,6.91,6.75,80710.48
2019-12-19,6.75,6.76,6.79,6.65,74991.54
2019-12-20,6.8,6.95,7.08,6.74,123196.27
2019-12-23,7.2,6.95,7.2,6.93,115186.53
2019-12-24,6.95,6.88,6.95,6.82,61373.98
2019-12-25,7.0,6.99,7.09,6.92,79270.5
2019-12-26,6.99,6.9,7.0,6.82,77425.8
2019-12-27,6.89,6.88,6.96,6.85,46747.73
2019-12-30,6.86,6.81,6.88,6.68,57656.1
2019-12-31,6.8,6.81,6.85,6.76,33245.49
2020-01-02,6.88,6.96,7.04,6.83,86032.52
2020-01-03,6.9,6.93,7.02,6.89,48845.53
2020-01-06,6.92,6.85,6.92,6.82,61118.57
2020-01-07,6.82,6.85,6.92,6.8,60626.08
2020-01-08,6.81,6.66,6.85,6.66,81999.16
2020-01-09,6.75,6.75,6.8,6.69,40384.01
2020-01-10,6.75,6.71,6.8,6.67,39292.12
2020-01-13,6.66,6.62,6.7,6.55,57570.45
2020-01-14,6.63,6.65,6.68,6.62,36406.66
2020-01-15,6.66,6.59,6.67,6.57,36709.37
2020-01-16,6.62,6.59,6.62,6.57,31017.59
2020-01-17,6.61,6.49,6.63,6.39,50568.51
2020-01-20,6.46,6.4,6.52,6.35,51942.12
2020-01-21,6.38,6.22,6.4,6.21,55529.54
2020-01-22,6.17,6.53,6.53,6.17,58138.11
2020-01-23,6.55,6.63,6.85,6.5,101235.36
2020-02-03,6.3,6.3,6.3,6.3,2338.0
2020-02-04,5.99,5.99,5.99,5.99,19420.0
2020-02-05,5.72,5.83,6.08,5.72,130229.36
2020-02-06,5.87,5.74,5.88,5.66,109907.14
2020-02-07,5.74,5.54,5.74,5.45,131899.52
2020-02-10,5.5,5.82,5.82,5.41,95519.39
2020-02-11,5.87,5.81,6.0,5.79,79750.0
2020-02-12,5.76,5.72,5.79,5.64,57667.64
2020-02-13,5.7,5.6,5.7,5.55,50632.38
2020-02-14,5.59,5.69,5.7,5.52,41416.3
2020-02-17,5.67,5.75,5.77,5.59,50511.61
2020-02-18,5.74,5.75,5.85,5.7,63709.94
2020-02-19,5.71,5.71,5.78,5.7,52192.0
2020-02-20,5.68,5.78,5.8,5.68,59008.52
2020-02-21,5.75,5.78,5.85,5.75,61152.09
2020-02-24,5.75,5.69,5.77,5.66,84183.7
2020-02-25,5.6,5.52,5.6,5.42,97342.29
2020-02-26,5.39,5.61,5.74,5.36,95583.03
2020-02-27,5.62,5.54,5.65,5.53,46809.02
2020-02-28,5.41,5.29,5.48,5.27,78709.0
2020-03-02,5.3,5.4,5.43,5.3,36479.3
2020-03-03,5.46,5.5,5.54,5.46,49249.31
2020-03-04,5.46,5.52,5.54,5.42,38816.48
2020-03-05,5.54,5.57,5.64,5.54,48589.66
2020-03-06,5.52,5.85,5.85,5.48,127918.56
2020-03-09,5.79,5.59,5.79,5.56,112697.95
2020-03-10,5.44,5.57,5.61,5.39,66351.0
2020-03-11,5.59,5.53,5.65,5.51,42821.63
2020-03-12,5.45,5.37,5.46,5.37,52666.05
2020-03-13,5.15,5.25,5.32,5.1,61219.58
2020-03-16,5.35,5.11,5.35,5.08,55167.31
2020-03-17,5.11,5.11,5.21,4.98,41983.03
2020-03-18,5.15,5.03,5.2,5.0,40302.0
2020-03-19,5.02,5.0,5.08,4.92,43930.27
2020-03-20,5.06,5.25,5.25,5.03,85852.01
2020-03-23,5.15,5.05,5.22,5.03,42939.0
2020-03-24,5.14,5.09,5.18,5.0,46323.0
2020-03-25,5.15,5.15,5.19,5.1,38082.0
2020-03-26,5.1,5.07,5.13,5.05,32844.01
2020-03-27,5.08,5.03,5.12,5.03,24898.1
2020-03-30,4.98,4.9,4.98,4.86,42101.15
2020-03-31,4.92,4.9,4.97,4.86,23422.01
2020-04-01,4.93,4.91,4.97,4.89,24685.56
2020-04-02,4.87,4.95,4.95,4.86,20427.42
2020-04-03,4.97,5.07,5.16,4.96,50541.92
2020-04-07,5.1,5.13,5.22,5.1,39617.76
2020-04-08,5.13,5.14,5.16,5.1,19197.82
2020-04-09,5.13,5.16,5.18,5.13,20259.5
2020-04-10,5.15,5.06,5.16,5.02,29118.98
2020-04-13,5.02,4.99,5.05,4.97,15759.01
2020-04-14,5.0,5.06,5.13,4.98,21446.0
2020-04-15,4.99,4.94,5.01,4.91,43542.63
2020-04-16,4.9,4.95,5.03,4.9,27658.0
2020-04-17,4.96,4.96,4.99,4.93,22831.38
2020-04-20,4.96,4.93,4.97,4.92,21370.26
2020-04-21,4.9,4.89,4.92,4.82,29352.7
2020-04-22,4.85,4.86,4.88,4.82,23067.13
2020-04-23,4.87,4.83,4.89,4.82,21511.17
2020-04-24,4.85,4.72,4.86,4.68,29849.17
2020-04-27,4.74,4.73,4.88,4.72,21127.0
2020-04-28,4.74,4.51,4.76,4.49,45077.89
2020-04-29,4.41,4.52,4.55,4.41,24933.24
2020-04-30,4.53,4.72,4.75,4.53,37679.68
2020-05-06,4.66,4.72,4.78,4.63,29468.78
2020-05-07,4.75,4.72,4.76,4.7,17279.0
2020-05-08,4.71,4.72,4.75,4.71,21036.0
2020-05-11,4.71,4.62,4.74,4.6,28679.62
2020-05-12,4.66,4.55,4.66,4.54,18542.0
2020-05-13,4.56,4.68,4.73,4.51,31858.86
2020-05-14,4.65,4.65,4.76,4.62,22829.02
2020-05-15,4.65,4.61,4.7,4.6,15753.82
2020-05-18,4.61,4.58,4.62,4.53,20952.0
2020-05-19,4.58,4.61,4.64,4.54,24152.01
2020-05-20,4.55,4.52,4.58,4.5,23965.0
2020-05-21,4.46,4.57,4.69,4.46,28003.91
2020-05-22,4.53,4.51,4.6,4.5,19487.0
2020-05-25,4.5,4.39,4.52,4.35,30022.0
2020-05-26,4.39,4.45,4.5,4.39,14245.0
2020-05-27,4.47,4.43,4.5,4.4,18754.84
2020-05-28,4.41,4.4,4.47,4.38,15440.02
2020-05-29,4.4,4.62,4.62,4.4,63425.24
2020-06-01,4.63,4.63,4.67,4.51,37423.65
2020-06-02,4.65,4.77,4.85,4.6,51998.86
2020-06-03,4.75,4.97,5.01,4.73,87474.48
2020-06-04,5.01,4.98,5.1,4.9,63300.16
2020-06-05,4.99,4.86,5.0,4.85,41409.58
2020-06-08,4.85,4.81,4.9,4.79,34245.56
2020-06-09,4.81,4.76,4.83,4.75,28517.3
2020-06-10,4.78,4.81,4.85,4.75,31802.92
2020-06-11,4.77,4.68,4.8,4.67,31740.52
2020-06-12,4.61,4.78,4.85,4.58,49742.52
2020-06-15,4.76,4.73,4.87,4.68,26416.02
2020-06-16,4.75,4.74,4.8,4.73,22540.01
2020-06-17,4.78,4.86,4.95,4.75,43708.41
2020-06-18,4.89,4.86,4.91,4.83,21798.0
2020-06-19,4.88,4.87,4.92,4.85,21446.03
2020-06-22,4.63,4.63,4.63,4.63,29385.0
2020-06-23,4.4,4.46,4.59,4.4,136027.69
2020-06-24,4.45,4.36,4.54,4.36,65892.92
2020-06-29,4.38,4.39,4.45,4.38,38081.02
2020-06-30,4.39,4.41,4.45,4.39,25695.08
2020-07-01,4.42,4.43,4.45,4.36,46654.2
2020-07-02,4.43,4.42,4.43,4.36,40449.3
2020-07-03,4.42,4.46,4.53,4.4,50041.09
2020-07-06,4.47,4.56,4.58,4.46,88759.2
2020-07-07,4.56,4.53,4.57,4.5,80022.98
2020-07-08,4.51,4.55,4.56,4.5,72821.62
2020-07-09,4.56,4.6,4.6,4.54,96569.68
2020-07-10,4.61,4.63,4.79,4.57,94540.73
2020-07-13,4.59,4.69,4.71,4.59,73304.98
2020-07-14,4.7,4.65,4.74,4.61,76288.57
2020-07-15,4.64,4.44,4.7,4.42,101760.49
2020-07-16,4.44,4.4,4.51,4.38,65470.29
2020-07-17,4.4,4.42,4.44,4.38,44357.58
2020-07-20,4.46,4.53,4.64,4.44,60315.73
2020-07-21,4.52,4.5,4.55,4.47,35145.99
2020-07-22,4.52,4.52,4.53,4.5,30852.04
2020-07-23,4.5,4.44,4.52,4.4,41267.0
2020-07-24,4.45,4.6,4.66,4.37,114708.14
2020-07-27,4.6,4.53,4.6,4.5,42822.0
2020-07-28,4.58,4.57,4.63,4.53,35794.31
2020-07-29,4.57,4.59,4.61,4.54,45497.82
2020-07-30,4.63,4.6,4.75,4.58,108462.82
2020-07-31,4.6,4.56,4.62,4.53,55115.02
2020-08-03,4.53,4.58,4.61,4.53,57872.71
2020-08-04,4.58,4.64,4.7,4.58,77615.02
2020-08-05,4.63,4.62,4.66,4.6,47746.15
2020-08-06,4.64,4.66,4.67,4.6,49519.21
2020-08-07,4.68,4.57,4.68,4.54,54194.54
2020-08-10,4.57,4.64,4.64,4.54,38459.5
2020-08-11,4.66,4.87,4.87,4.61,167558.62
2020-08-12,4.85,4.9,5.1,4.82,166756.28
2020-08-13,4.94,4.84,4.96,4.79,87647.39
2020-08-14,4.85,4.86,4.9,4.8,43389.62
2020-08-17,4.88,4.85,4.91,4.82,49132.13
2020-08-18,4.82,4.81,4.84,4.78,54760.13
2020-08-19,4.81,4.85,4.85,4.78,50201.34
2020-08-20,4.85,4.89,5.03,4.81,83961.25
2020-08-21,4.86,4.85,4.92,4.83,37460.46
2020-08-24,4.84,4.73,4.85,4.73,54472.11
2020-08-25,4.74,4.74,4.76,4.71,32674.86
2020-08-26,4.73,4.73,4.86,4.71,34895.63
2020-08-27,4.73,4.71,4.76,4.68,30207.65
2020-08-28,4.68,4.71,4.73,4.68,23557.0
2020-08-31,4.72,4.77,4.85,4.72,40016.77
2020-09-01,4.78,4.81,4.84,4.78,25850.85
2020-09-02,4.83,4.76,4.86,4.73,40194.28
2020-09-03,4.76,4.7,4.76,4.68,30290.0
2020-09-04,4.65,4.7,4.74,4.65,26870.0
2020-09-07,4.8,4.71,4.85,4.71,49944.3
2020-09-08,4.68,4.72,4.76,4.66,35789.95
2020-09-09,4.68,4.65,4.71,4.65,43003.38
2020-09-10,4.68,4.46,4.68,4.43,55080.29
2020-09-11,4.46,4.51,4.53,4.46,24801.54
2020-09-14,4.51,4.51,4.54,4.48,22065.01
2020-09-15,4.51,4.55,4.55,4.5,18447.0
2020-09-16,4.55,4.52,4.59,4.51,15403.96
2020-09-17,4.52,4.5,4.53,4.48,19507.12
2020-09-18,4.49,4.55,4.59,4.48,24811.94
2020-09-21,4.54,4.54,4.58,4.52,17072.01
2020-09-22,4.52,4.49,4.55,4.47,18349.01
2020-09-23,4.48,4.48,4.5,4.46,14088.11
2020-09-24,4.46,4.52,4.6,4.45,37173.01
2020-09-25,4.47,4.47,4.52,4.45,18428.16
2020-09-28,4.49,4.46,4.54,4.46,18214.0
2020-09-29,4.49,4.41,4.49,4.36,33068.0
2020-09-30,4.42,4.41,4.42,4.39,13656.01
2020-10-09,4.45,4.45,4.47,4.41,20330.52
2020-10-12,4.45,4.51,4.52,4.44,29463.1
2020-10-13,4.58,4.53,4.59,4.51,25441.19
2020-10-14,4.5,4.47,4.52,4.45,19612.93
2020-10-15,4.42,4.44,4.45,4.4,23570.04
2020-10-16,4.41,4.41,4.47,4.38,22872.08
2020-10-19,4.41,4.4,4.42,4.39,20192.01
2020-10-20,4.39,4.42,4.42,4.37,13250.26
2020-10-21,4.41,4.38,4.41,4.37,21053.12
2020-10-22,4.38,4.38,4.4,4.36,13134.66
2020-10-23,4.38,4.36,4.39,4.35,17421.0
2020-10-26,4.33,4.15,4.36,4.14,77799.0
2020-10-27,4.15,4.14,4.18,4.11,27880.74
2020-10-28,4.15,4.02,4.15,3.95,57469.41
2020-10-29,3.98,3.96,3.99,3.94,26423.14
2020-10-30,3.96,4.16,4.16,3.93,66549.01
2020-11-02,4.1,4.04,4.15,3.96,40977.29
2020-11-03,4.07,4.06,4.1,4.03,19224.6
2020-11-04,4.07,4.04,4.08,4.02,12837.03
2020-11-05,4.03,4.07,4.08,4.02,23664.0
2020-11-06,4.08,4.07,4.08,4.03,21700.01
2020-11-09,4.06,4.13,4.2,4.05,27875.84
2020-11-10,4.16,4.11,4.18,4.1,18786.01
2020-11-11,4.11,4.17,4.27,4.09,30527.82
2020-11-12,4.19,4.17,4.22,4.15,24093.85
2020-11-13,4.17,4.16,4.18,4.12,17880.41
2020-11-16,4.19,4.22,4.28,4.16,23886.48
2020-11-17,4.22,4.3,4.31,4.2,28744.35
2020-11-18,4.34,4.27,4.35,4.25,29292.98
2020-11-19,4.24,4.28,4.36,4.24,19034.98
2020-11-20,4.3,4.25,4.3,4.23,17530.03
2020-11-23,4.3,4.19,4.3,4.18,27703.88
2020-11-24,4.19,4.25,4.25,4.17,21428.04
2020-11-25,4.25,4.2,4.25,4.18,16645.07
2020-11-26,4.21,4.41,4.41,4.18,86388.22
2020-11-27,4.43,4.34,4.5,4.32,54558.38
2020-11-30,4.35,4.35,4.42,4.31,33455.95
2020-12-01,4.35,4.38,4.42,4.35,21566.86
2020-12-02,4.35,4.31,4.4,4.29,28975.03
2020-12-03,4.32,4.28,4.33,4.25,23537.71
2020-12-04,4.26,4.3,4.32,4.26,17188.0
2020-12-07,4.26,4.28,4.32,4.26,16115.27
2020-12-08,4.28,4.3,4.34,4.27,17240.0
2020-12-09,4.31,4.27,4.32,4.27,17437.0
2020-12-10,4.27,4.21,4.27,4.2,23256.18
2020-12-11,4.21,4.26,4.38,4.21,27672.89
2020-12-14,4.22,4.28,4.36,4.18,20889.01
2020-12-15,4.07,4.07,4.18,4.07,65772.0
2020-12-16,3.89,3.98,4.02,3.88,79559.09
2020-12-17,3.99,3.97,4.04,3.91,24467.01
2020-12-18,3.99,4.0,4.04,3.96,22790.5
2020-12-21,4.0,3.96,4.05,3.91,36309.0
2020-12-22,3.96,3.99,4.11,3.89,55599.64
2020-12-23,3.97,3.99,4.03,3.94,28487.06
2020-12-24,3.99,3.94,4.02,3.93,27233.59
2020-12-25,3.97,3.92,3.97,3.92,26080.21
2020-12-28,3.92,3.94,4.02,3.72,61706.07
2020-12-29,3.81,3.78,3.88,3.75,41029.33
2020-12-30,3.78,3.75,3.83,3.7,42866.83
2020-12-31,3.58,3.69,3.76,3.58,40877.09
2021-01-04,3.68,3.76,3.83,3.66,37900.93
2021-01-05,3.77,3.72,3.78,3.68,30041.5
2021-01-06,3.7,3.65,3.72,3.64,32648.91
2021-01-07,3.7,3.68,3.79,3.66,45204.13
2021-01-08,3.65,3.64,3.7,3.57,36302.21
2021-01-11,3.64,3.54,3.65,3.52,43788.84
2021-01-12,3.56,3.44,3.56,3.42,41575.03
2021-01-13,3.44,3.27,3.44,3.27,85589.0
2021-01-14,3.27,3.3,3.36,3.23,33993.11
2021-01-15,3.29,3.32,3.35,3.25,21937.42
2021-01-18,3.32,3.35,3.35,3.29,18899.88
2021-01-19,3.34,3.42,3.5,3.34,47306.0
2021-01-20,3.41,3.41,3.49,3.36,30901.12
2021-01-21,3.43,3.39,3.45,3.37,27504.01
2021-01-22,3.4,3.29,3.4,3.29,31412.24
2021-01-25,3.25,3.16,3.28,3.14,47107.51
2021-01-26,3.05,3.16,3.22,3.05,44155.52
2021-01-27,3.12,3.08,3.17,3.07,30495.0
2021-01-28,3.09,3.07,3.12,3.05,28704.0
2021-01-29,3.1,3.0,3.1,2.97,42709.87
2021-02-01,2.97,2.85,2.99,2.85,63555.65
2021-02-02,2.84,2.99,2.99,2.77,65425.84
2021-02-03,2.99,3.09,3.14,2.99,69515.44
2021-02-04,3.04,2.96,3.05,2.95,31456.87
2021-02-05,2.88,2.98,3.05,2.88,25710.75
2021-02-08,3.01,3.06,3.11,3.01,31143.55
2021-02-09,3.1,3.06,3.12,3.04,24296.6
2021-02-10,3.05,3.06,3.09,3.05,15896.02
2021-02-18,3.07,3.1,3.2,3.07,22111.01
2021-02-19,3.09,3.17,3.18,3.08,25366.08
2021-02-22,3.19,3.33,3.33,3.16,55539.32
2021-02-23,3.38,3.5,3.5,3.3,72496.35
2021-02-24,3.57,3.54,3.68,3.52,115981.24
2021-02-25,3.52,3.45,3.64,3.41,82592.84
2021-02-26,3.32,3.51,3.54,3.32,43154.87
2021-03-01,3.51,3.56,3.64,3.51,34712.84
2021-03-02,3.55,3.74,3.74,3.55,65081.0
2021-03-03,3.74,3.65,3.89,3.59,87888.92
2021-03-04,3.64,3.65,3.72,3.61,38067.48
2021-03-05,3.6,3.64,3.71,3.58,41342.01
2021-03-08,3.65,3.47,3.67,3.46,48305.01
2021-03-09,3.46,3.43,3.56,3.41,31150.11
2021-03-10,3.46,3.39,3.49,3.37,28771.12
2021-03-11,3.39,3.42,3.47,3.38,19290.0
2021-03-12,3.48,3.59,3.59,3.43,41422.57
2021-03-15,3.66,3.76,3.77,3.6,77090.95
2021-03-16,3.7,3.7,3.76,3.66,38953.01
2021-03-17,3.79,3.89,3.89,3.72,75860.62
2021-03-18,3.96,3.84,4.07,3.82,118359.47
2021-03-19,3.84,3.79,3.89,3.71,55928.75
2021-03-22,3.74,3.98,3.98,3.74,46792.96
2021-03-23,4.01,4.06,4.18,3.99,104051.83
2021-03-24,4.02,3.99,4.13,3.97,53215.82
2021-03-25,4.02,3.99,4.07,3.93,37182.77
2021-03-26,3.98,3.95,4.04,3.92,33056.85
2021-03-29,3.97,3.98,4.07,3.97,28940.82
2021-03-30,3.97,3.81,3.97,3.79,50235.21
2021-03-31,3.81,3.84,3.93,3.78,21436.01
2021-04-01,3.84,3.78,3.86,3.78,26879.01
2021-04-02,3.79,3.81,3.87,3.79,16521.01
2021-04-06,3.82,3.84,3.86,3.81,16492.0
2021-04-07,3.85,3.85,3.87,3.81,19411.82
2021-04-08,3.81,3.98,4.04,3.8,46607.2
2021-04-09,3.97,4.0,4.11,3.96,29447.0
2021-04-12,3.98,3.96,4.06,3.95,23161.02
2021-04-13,3.97,3.83,4.03,3.81,29772.98
2021-04-14,3.83,3.82,3.85,3.68,35386.3
2021-04-15,3.83,3.77,3.88,3.76,23774.2
2021-04-16,3.8,3.79,3.83,3.73,18867.5
2021-04-19,3.8,3.88,3.88,3.77,25838.1
2021-04-20,3.86,3.88,3.96,3.82,33242.38
2021-04-21,3.85,3.86,3.92,3.85,22062.1
2021-04-22,3.86,3.82,3.89,3.82,20495.0
2021-04-23,3.8,3.73,3.83,3.73,27651.0
2021-04-26,3.72,3.68,3.76,3.67,20869.0
2021-04-27,3.68,3.72,3.78,3.65,16909.12
2021-04-28,3.72,3.67,3.73,3.66,14213.36
2021-04-29,3.61,3.63,3.71,3.61,20097.19
2021-04-30,3.65,3.7,3.73,3.62,21224.68
2021-05-06,3.66,3.69,3.76,3.66,20978.0
2021-05-07,3.72,3.65,3.72,3.6,26485.82
2021-05-10,3.65,3.66,3.72,3.64,19877.39
2021-05-11,3.66,3.66,3.69,3.62,15816.2
2021-05-12,3.72,3.84,3.84,3.72,26034.37
2021-05-13,4.03,4.03,4.03,4.0,24631.42
2021-05-14,4.23,4.23,4.23,4.23,9582.19
2021-05-17,4.28,4.05,4.28,4.02,90323.51
2021-05-18,4.04,4.21,4.25,4.04,70499.93
2021-05-19,4.22,4.21,4.35,4.16,55389.27
2021-05-20,4.1,4.08,4.17,4.03,40324.79
2021-05-21,4.07,4.06,4.15,4.03,22637.48
2021-05-24,4.08,4.21,4.25,4.06,41624.47
2021-05-25,4.21,4.19,4.26,4.15,24123.79
2021-05-26,4.17,4.16,4.22,4.14,24301.56
2021-05-27,4.18,4.21,4.3,4.17,29847.0
2021-05-28,4.21,4.2,4.26,4.17,27209.28
2021-05-31,4.2,4.16,4.23,4.12,25647.01
2021-06-01,4.11,4.15,4.18,4.1,24050.35
2021-06-02,4.14,4.1,4.19,4.1,28529.0
2021-06-03,4.11,4.09,4.12,4.07,25542.62
2021-06-04,4.09,4.15,4.21,4.07,30806.08
2021-06-07,4.11,4.08,4.15,4.05,32213.1
2021-06-08,4.1,4.1,4.18,4.07,25827.08
2021-06-09,4.1,4.23,4.31,4.1,56349.02
2021-06-10,4.24,4.44,4.44,4.2,78361.82
2021-06-11,4.53,4.41,4.61,4.35,70451.94
2021-06-15,4.4,4.35,4.41,4.28,54097.35
2021-06-16,4.34,4.33,4.38,4.27,29681.39
2021-06-17,4.33,4.31,4.41,4.28,27626.0
2021-06-18,4.32,4.35,4.4,4.31,21447.0
2021-06-21,4.33,4.32,4.41,4.32,33390.97
2021-06-22,4.32,4.37,4.46,4.32,40692.58
2021-06-24,4.59,4.59,4.59,4.59,11138.99
2021-06-25,4.6,4.39,4.6,4.38,117924.29
2021-06-28,4.3,4.18,4.33,4.18,60243.24
2021-06-29,4.1,4.19,4.26,4.1,33054.0
2021-06-30,4.2,4.11,4.26,4.09,44447.83
2021-07-01,4.11,4.08,4.15,4.08,25273.78
2021-07-02,4.06,4.08,4.1,4.05,20518.04
2021-07-05,4.07,4.12,4.16,4.07,16277.01
2021-07-06,4.12,4.13,4.2,4.1,22829.0
2021-07-07,4.13,4.13,4.16,4.09,22363.84
2021-07-08,4.12,4.03,4.12,4.03,32218.11
2021-07-09,4.02,4.1,4.11,4.0,26000.77
2021-07-12,4.14,4.29,4.31,4.07,58711.12
2021-07-13,4.24,4.21,4.27,4.16,32089.55
2021-07-14,4.19,4.19,4.26,4.16,22664.0
2021-07-15,4.12,4.17,4.21,4.1,20288.01
2021-07-16,4.15,4.16,4.2,4.14,20704.2
2021-07-19,4.16,4.11,4.16,4.08,20167.01
2021-07-20,4.09,4.09,4.12,4.07,20285.9
2021-07-21,4.09,4.09,4.16,4.09,14767.01
2021-07-22,4.09,4.06,4.12,4.05,21986.87
2021-07-23,4.06,4.06,4.1,4.05,15849.0
2021-07-26,4.05,4.08,4.11,4.04,20466.69
2021-07-27,4.07,4.15,4.28,4.07,49298.02
2021-07-28,4.12,4.06,4.18,4.05,31200.0
2021-07-29,4.05,4.07,4.11,4.05,25888.29
2021-07-30,4.07,4.03,4.09,4.01,24615.89
2021-08-02,4.04,4.12,4.19,3.99,34851.84
2021-08-03,4.11,4.08,4.21,4.07,32716.64
2021-08-04,4.09,4.09,4.11,4.06,18302.64
2021-08-05,4.09,4.07,4.1,4.06,14327.7
2021-08-06,4.08,4.15,4.19,4.08,34448.01
2021-08-09,4.18,4.14,4.19,4.13,19727.0
2021-08-10,4.12,4.2,4.24,4.12,41643.2
2021-08-11,4.21,4.41,4.41,4.19,75724.74
2021-08-12,4.51,4.4,4.58,4.33,94311.42
2021-08-13,4.37,4.37,4.45,4.3,44218.0
2021-08-16,4.37,4.46,4.55,4.36,51877.23
2021-08-17,4.45,4.31,4.52,4.25,56143.0
2021-08-18,4.29,4.39,4.45,4.25,43066.32
2021-08-19,4.36,4.61,4.61,4.32,140678.14
2021-08-20,4.62,4.84,4.84,4.6,95695.05
2021-08-23,5.08,5.08,5.08,5.08,13128.35
2021-08-24,5.33,5.33,5.33,5.33,22750.2
2021-08-25,5.6,5.6,5.6,5.35,438626.09
2021-08-26,5.54,5.72,5.87,5.33,483274.89
2021-08-27,5.52,5.5,5.9,5.43,357748.42
2021-08-30,5.38,5.78,5.78,5.3,384313.56
2021-08-31,5.74,5.64,5.9,5.61,315747.63
2021-09-01,5.59,5.36,5.59,5.36,241645.46
2021-09-02,5.36,5.3,5.52,5.28,171407.28
2021-09-03,5.3,5.16,5.39,5.11,173298.38
2021-09-06,5.1,5.17,5.24,5.06,118239.18
2021-09-07,5.17,5.2,5.26,5.12,85278.59
2021-09-08,5.2,5.16,5.24,5.12,86112.03
2021-09-09,5.16,5.42,5.42,5.13,188586.46
2021-09-10,5.5,5.38,5.68,5.34,202664.86
2021-09-13,5.35,5.43,5.5,5.22,119547.82
2021-09-14,5.45,5.54,5.66,5.44,206983.09
2021-09-15,5.48,5.38,5.59,5.33,130887.0
2021-09-16,5.36,5.31,5.5,5.3,117635.11
2021-09-17,5.3,5.18,5.33,5.16,82722.52
2021-09-22,5.05,5.15,5.2,5.05,53968.0
2021-09-23,5.12,5.16,5.19,5.12,54297.01
2021-09-24,5.19,5.08,5.21,5.08,45339.0
2021-09-27,5.05,4.83,5.06,4.83,98064.98
2021-09-28,4.85,4.83,4.92,4.77,36512.01
2021-09-29,4.8,4.59,4.8,4.59,82259.0
2021-09-30,4.66,4.68,4.78,4.62,30309.0
2021-10-08,4.69,4.7,4.78,4.64,33056.2
2021-10-11,4.69,4.83,4.86,4.52,57033.0
2021-10-12,4.77,4.69,4.86,4.68,45871.0
2021-10-13,4.73,4.74,4.8,4.65,33656.0
2021-10-14,4.76,4.98,4.98,4.74,71154.49
2021-10-15,4.9,4.83,4.92,4.77,82510.43
2021-10-18,4.78,4.8,4.84,4.73,35015.7
2021-10-19,4.83,4.82,4.89,4.8,34605.84
2021-10-20,4.81,4.84,4.89,4.76,35051.96
2021-10-21,4.82,4.75,4.83,4.75,30933.0
2021-10-22,4.76,4.65,4.79,4.62,31872.84
2021-10-25,4.65,4.66,4.71,4.63,21992.72
2021-10-26,4.65,4.68,4.79,4.65,28812.83
2021-10-27,4.68,4.62,4.73,4.55,35400.86
2021-10-28,4.6,4.46,4.64,4.43,31753.01
2021-10-29,4.46,4.5,4.52,4.46,15813.05
2021-11-01,4.51,4.52,4.53,4.46,17950.04
2021-11-02,4.53,4.36,4.58,4.34,38713.96
2021-11-03,4.31,4.34,4.35,4.27,31328.0
2021-11-04,4.3,4.44,4.55,4.28,45574.01
2021-11-05,4.41,4.48,4.5,4.41,25796.13
2021-11-08,4.47,4.69,4.7,4.47,65393.06
2021-11-09,4.66,4.6,4.75,4.55,46003.0
2021-11-10,4.64,4.59,4.64,4.5,32376.0
2021-11-11,4.56,4.6,4.64,4.54,29130.01
2021-11-12,4.59,4.61,4.66,4.55,32077.73
2021-11-15,4.6,4.56,4.65,4.56,33083.0
2021-11-16,4.6,4.57,4.61,4.55,25387.0
2021-11-17,4.59,4.68,4.76,4.53,52239.71
2021-11-18,4.67,4.59,4.67,4.57,38524.71
2021-11-19,4.56,4.6,4.63,4.56,21373.02
2021-11-22,4.6,4.58,4.66,4.57,25878.0
2021-11-23,4.58,4.55,4.59,4.55,24737.0
2021-11-24,4.59,4.54,4.59,4.51,28820.0
2021-11-25,4.54,4.45,4.54,4.44,35783.07
2021-11-26,4.63,4.67,4.67,4.5,72831.16
2021-11-29,4.67,4.73,4.83,4.6,135604.34
2021-11-30,4.67,4.78,4.85,4.65,66577.84
2021-12-01,4.74,4.92,4.99,4.74,74516.17
2021-12-02,4.85,4.93,5.06,4.85,66641.08
2021-12-03,4.96,4.85,4.98,4.8,50833.18
2021-12-06,4.91,4.84,4.92,4.8,52920.0
2021-12-07,4.86,4.91,4.99,4.8,60616.77
2021-12-08,4.89,5.11,5.16,4.89,158528.4
2021-12-09,5.0,5.02,5.07,4.97,94292.79
2021-12-10,5.08,5.22,5.26,5.05,96303.35
2021-12-13,5.23,5.1,5.28,5.08,76823.95
2021-12-14,5.09,5.03,5.09,5.0,49397.14
2021-12-15,5.05,4.95,5.06,4.94,43881.0
2021-12-16,4.97,5.05,5.13,4.96,42474.41
2021-12-17,5.08,4.98,5.08,4.96,36287.0
2021-12-20,4.98,4.99,5.01,4.91,31734.33
2021-12-21,5.03,5.07,5.13,5.0,37172.01
2021-12-22,5.06,5.02,5.11,5.0,37708.0
2021-12-23,5.02,5.03,5.09,4.95,35411.78
2021-12-24,5.06,4.98,5.09,4.98,33104.85
2021-12-27,4.97,4.93,5.0,4.91,30111.15
2021-12-28,4.9,4.95,4.98,4.9,28570.74
2021-12-29,4.93,4.94,4.97,4.92,21081.65
2021-12-30,4.95,5.01,5.06,4.92,39050.01
2021-12-31,4.99,5.04,5.05,4.98,25934.37
2022-01-04,5.09,5.04,5.09,5.02,25581.02
2022-01-05,5.02,4.95,5.02,4.93,37985.41
2022-01-06,4.94,4.9,4.95,4.82,41310.0
2022-01-07,4.88,4.91,4.99,4.88,39144.07
2022-01-10,4.93,4.92,4.95,4.87,24879.85
2022-01-11,4.89,4.86,4.93,4.85,22796.56
2022-01-12,4.86,4.9,4.9,4.84,24646.71
2022-01-13,4.89,4.82,4.9,4.79,45361.16
2022-01-14,4.79,4.78,4.84,4.77,23393.31
2022-01-17,4.76,4.76,4.8,4.75,21285.5
2022-01-18,4.76,4.91,4.97,4.75,42485.63
2022-01-19,4.88,5.0,5.07,4.88,45653.04
2022-01-20,4.99,4.93,5.02,4.92,30753.03
2022-01-21,4.92,5.02,5.05,4.92,36261.02
2022-01-24,5.02,5.05,5.15,5.0,48359.84
2022-01-25,5.04,4.95,5.11,4.95,40470.0
2022-01-26,4.7,4.7,4.7,4.7,26881.0
2022-01-27,4.47,4.47,4.47,4.47,15328.0
2022-01-28,4.36,4.69,4.69,4.34,83801.47
2022-02-07,4.7,4.76,4.83,4.66,52956.4
2022-02-08,4.76,4.78,4.82,4.7,25599.33
2022-02-09,4.77,4.96,5.02,4.72,51169.1
2022-02-10,4.96,4.99,5.11,4.93,42289.2
2022-02-11,4.95,4.95,5.09,4.95,35506.86
2022-02-14,4.92,4.91,5.01,4.9,18215.0
2022-02-15,4.91,4.94,4.97,4.89,16116.8
2022-02-16,4.97,5.04,5.16,4.91,40219.79
2022-02-17,5.01,5.03,5.1,4.99,31066.45
2022-02-18,5.01,5.04,5.07,5.01,16926.84
2022-02-21,5.04,5.06,5.08,5.02,19620.04
2022-02-22,5.05,4.95,5.06,4.92,38088.94
2022-02-23,4.94,4.95,4.98,4.92,19960.05
2022-02-24,4.95,4.87,5.07,4.86,53969.84
2022-02-25,4.93,4.89,4.95,4.87,27521.1
2022-02-28,4.93,4.8,4.93,4.79,36737.0
2022-03-01,4.83,4.87,4.89,4.81,21076.51
2022-03-02,5.02,5.01,5.1,4.99,54712.84
2022-03-03,4.99,5.12,5.15,4.97,67124.7
2022-03-04,5.09,5.04,5.15,5.03,36513.84
2022-03-07,5.05,4.96,5.08,4.93,37702.0
2022-03-08,4.96,4.94,4.99,4.86,37252.0
2022-03-09,4.99,4.91,4.99,4.81,45342.1
2022-03-10,4.94,4.92,4.97,4.89,24559.0
2022-03-11,4.91,4.92,4.92,4.82,31840.0
2022-03-14,4.92,4.81,4.92,4.8,30818.0
2022-03-15,4.82,4.6,4.87,4.58,56135.0
2022-03-16,4.7,4.75,4.77,4.61,39745.2
2022-03-17,4.75,4.78,4.83,4.73,27536.65
2022-03-18,4.75,4.81,4.83,4.72,20072.0
2022-03-21,4.78,4.79,4.81,4.74,31978.0
2022-03-22,4.8,4.9,4.91,4.76,33879.0
2022-03-23,4.88,4.95,4.99,4.86,29104.0
2022-03-24,4.96,4.89,4.98,4.86,25571.0
2022-03-25,4.89,4.81,4.96,4.8,25390.32
2022-03-28,4.82,4.72,4.83,4.71,34271.6
2022-03-29,4.71,4.69,4.77,4.69,24449.02
2022-03-30,4.69,4.75,4.79,4.69,24025.1
2022-03-31,4.76,4.71,4.77,4.67,29297.67
2022-04-01,4.71,4.71,4.71,4.67,18352.25
2022-04-06,4.71,4.7,4.74,4.68,19555.04
2022-04-07,4.69,4.62,4.7,4.62,19940.0
2022-04-08,4.62,4.56,4.65,4.46,32888.18
2022-04-11,4.55,4.33,4.55,4.33,57379.71
2022-04-12,4.36,4.4,4.4,4.25,34959.8
2022-04-13,4.39,4.46,4.57,4.35,44634.0
2022-04-14,4.45,4.41,4.49,4.4,23915.0
2022-04-15,4.41,4.33,4.43,4.28,25096.0
2022-04-19,4.11,4.21,4.33,4.11,90836.63
2022-04-20,4.13,4.23,4.33,4.13,30038.94
2022-04-21,4.2,4.07,4.25,4.05,35924.94
2022-04-22,4.01,3.97,4.05,3.96,30222.0
2022-04-25,3.96,3.77,3.96,3.77,45620.0
2022-04-26,3.73,3.58,3.73,3.58,47663.86
2022-04-27,3.43,3.48,3.52,3.4,61096.4
2022-04-28,3.56,3.65,3.65,3.47,29061.65
2022-04-29,3.8,3.83,3.83,3.7,43307.84
2022-05-05,4.02,4.02,4.02,3.85,14962.02
2022-05-06,4.07,4.12,4.22,4.06,100837.22
2022-05-09,4.11,4.32,4.32,3.98,62132.31
2022-05-10,4.25,4.4,4.54,4.2,62620.58
2022-05-11,4.5,4.34,4.5,4.32,40673.01
2022-05-12,4.38,4.28,4.38,4.2,39169.84
2022-05-13,4.28,4.16,4.3,4.14,55502.54
2022-05-16,4.14,4.2,4.26,4.13,34678.0
2022-05-17,4.19,4.3,4.33,4.18,35321.36
2022-05-18,4.33,4.24,4.34,4.22,30445.7
2022-05-19,4.15,4.28,4.29,4.15,28564.42
2022-05-20,4.28,4.34,4.37,4.28,21956.55
2022-05-23,4.31,4.4,4.45,4.31,21569.96
2022-05-24,4.39,4.2,4.48,4.18,43142.54
2022-05-25,4.2,4.24,4.26,4.18,18764.54
2022-05-26,4.25,4.19,4.26,4.18,23317.0
2022-05-27,4.2,4.26,4.29,4.2,26029.28
2022-05-30,4.34,4.47,4.47,4.31,40313.23
2022-05-31,4.65,4.69,4.69,4.58,91086.3
2022-06-01,4.64,4.67,4.86,4.64,95994.45
2022-06-02,4.73,4.7,4.86,4.65,59583.64
2022-06-06,4.7,4.68,4.76,4.6,52514.0
2022-06-07,4.65,4.57,4.7,4.54,38941.96
2022-06-08,4.57,4.8,4.8,4.53,61264.41
2022-06-09,4.8,4.77,4.92,4.73,50284.41
2022-06-10,4.81,4.77,4.84,4.75,27465.32
2022-06-13,4.77,4.9,4.96,4.75,41697.32
2022-06-14,4.84,4.88,4.92,4.81,42072.26
2022-06-15,4.88,4.83,4.94,4.82,28404.0
2022-06-16,4.82,4.76,4.86,4.72,30873.26
2022-06-17,4.73,4.77,4.81,4.7,21017.0
2022-06-20,4.75,4.77,4.92,4.75,31865.0
2022-06-21,4.75,4.76,4.83,4.73,24338.0
2022-06-22,4.74,4.71,4.79,4.7,23130.0
2022-06-23,4.7,4.79,4.8,4.68,23356.66
2022-06-24,4.81,4.84,4.9,4.79,35439.0
2022-06-27,4.84,4.86,4.9,4.8,25232.0
2022-06-28,4.85,4.91,4.97,4.82,47406.04
2022-06-29,4.9,4.8,4.93,4.8,32887.0
2022-06-30,4.77,4.76,4.83,4.75,28061.0
2022-07-01,4.76,4.89,4.9,4.74,28905.0
2022-07-04,4.97,4.9,4.97,4.88,46219.32
2022-07-05,4.91,4.82,4.91,4.8,28409.95
2022-07-06,4.81,4.81,4.84,4.77,26306.0
2022-07-07,4.8,4.79,4.82,4.78,22648.0
2022-07-08,4.78,4.81,4.89,4.78,23490.0
2022-07-11,4.79,4.77,4.84,4.75,29179.84
2022-07-12,4.81,4.64,4.81,4.64,34520.0
2022-07-13,4.64,4.74,4.77,4.63,25314.0
2022-07-14,4.73,4.71,4.76,4.67,21222.84
2022-07-15,4.83,4.7,4.85,4.7,27848.68
2022-07-18,4.67,4.77,4.81,4.65,32003.85
2022-07-19,4.76,4.87,4.95,4.76,59184.33
2022-07-20,4.89,4.94,4.98,4.83,50452.99
2022-07-21,4.93,5.04,5.15,4.92,61179.26
2022-07-22,5.04,5.23,5.28,5.03,95658.36
2022-07-25,5.22,5.14,5.27,5.1,55294.11
2022-07-26,5.12,5.14,5.19,5.1,26723.05
2022-07-27,5.14,5.26,5.3,5.11,57103.02
2022-07-28,5.25,5.2,5.33,5.19,48081.1
2022-07-29,5.17,5.21,5.24,5.13,31313.14
2022-08-01,5.2,5.31,5.38,5.18,60904.72
2022-08-02,5.27,5.11,5.27,5.04,82565.0
2022-08-03,5.1,5.02,5.19,5.02,48405.11
2022-08-04,5.13,5.08,5.13,5.02,22134.0
2022-08-05,5.09,5.24,5.27,5.06,46950.28
2022-08-08,5.22,5.25,5.26,5.18,29380.01
2022-08-09,5.24,5.29,5.29,5.23,33549.7
2022-08-10,5.29,5.25,5.31,5.24,29237.0
2022-08-11,5.25,5.17,5.25,5.16,37741.24
2022-08-12,5.15,5.25,5.25,5.14,23767.1
2022-08-15,5.2,5.27,5.29,5.2,33350.94
2022-08-16,5.27,5.3,5.32,5.27,28760.1
2022-08-17,5.29,5.31,5.33,5.25,26983.93
2022-08-18,5.33,5.28,5.33,5.26,31266.13
2022-08-19,5.27,5.3,5.32,5.26,25489.4
2022-08-22,5.31,5.57,5.57,5.24,100721.29
2022-08-23,5.68,5.85,5.85,5.57,143636.58
2022-08-24,6.0,5.8,6.08,5.71,170595.4
2022-08-25,5.8,5.81,6.05,5.8,128170.9
2022-08-26,5.82,5.79,5.88,5.68,72425.45
2022-08-29,5.78,6.08,6.08,5.72,108419.5
2022-08-30,6.24,6.09,6.27,6.01,171630.28
2022-08-31,6.05,6.12,6.25,6.05,91373.01
2022-09-01,6.11,6.12,6.24,6.03,73912.81
2022-09-02,6.09,6.17,6.25,6.06,57360.85
2022-09-05,6.16,6.09,6.19,6.07,48867.85
2022-09-06,6.24,5.79,6.28,5.79,150919.24
2022-09-07,5.65,5.85,5.9,5.62,93478.0
2022-09-08,5.82,6.14,6.14,5.82,114545.72
2022-09-09,6.13,6.14,6.25,6.09,78684.24
2022-09-13,6.15,6.1,6.2,6.05,47186.51
2022-09-14,6.01,6.06,6.11,6.0,41457.0
2022-09-15,6.05,5.91,6.08,5.82,64377.0
2022-09-16,5.87,5.82,5.94,5.79,44638.0
2022-09-19,5.86,5.86,5.98,5.8,46944.0
2022-09-20,5.86,5.87,5.92,5.81,22917.85
2022-09-21,5.88,5.8,5.88,5.73,37535.1
2022-09-22,5.79,5.8,5.85,5.74,24565.0
2022-09-23,5.79,5.9,6.0,5.76,52619.34
2022-09-26,5.91,5.86,5.95,5.84,29199.82
2022-09-27,5.86,5.63,5.89,5.57,73038.82
2022-09-28,5.63,5.52,5.78,5.51,41257.0
2022-09-29,5.55,5.37,5.61,5.36,43897.0
2022-09-30,5.38,5.41,5.46,5.25,33999.79
2022-10-10,5.41,5.42,5.57,5.36,34246.85
2022-10-11,5.4,5.42,5.45,5.35,16495.86
2022-10-12,5.42,5.55,5.56,5.39,26398.75
2022-10-13,5.6,5.58,5.61,5.52,20542.91
2022-10-14,5.6,5.7,5.72,5.57,28946.0
2022-10-17,5.76,5.99,5.99,5.76,50533.0
2022-10-18,6.13,5.98,6.16,5.92,51520.5
2022-10-19,5.99,5.93,6.05,5.88,33148.0
2022-10-20,5.9,5.82,5.91,5.8,30423.01
2022-10-21,5.88,5.88,5.89,5.71,35108.53
2022-10-24,5.9,5.92,6.06,5.88,57641.1
2022-10-25,5.89,6.01,6.06,5.77,63035.01
2022-10-26,6.08,6.01,6.08,5.97,39911.64
2022-10-27,6.0,5.98,6.06,5.97,32613.7
2022-10-28,5.98,5.8,5.98,5.77,46262.7
2022-10-31,5.84,5.69,5.84,5.67,39881.0
2022-11-01,5.7,5.81,5.82,5.7,31476.73
2022-11-02,5.81,5.79,5.83,5.75,33830.01
2022-11-03,5.78,5.78,5.82,5.74,23153.0
2022-11-04,5.72,5.88,5.93,5.72,45457.67
2022-11-07,5.89,5.86,5.91,5.83,29011.01
2022-11-08,5.88,6.01,6.09,5.85,64180.26
2022-11-09,5.98,5.9,6.03,5.9,40060.52
2022-11-10,5.95,5.99,6.03,5.87,37709.33
2022-11-11,6.09,5.96,6.09,5.95,41635.0
2022-11-14,5.96,5.82,6.0,5.82,47865.0
2022-11-15,5.83,5.87,5.87,5.78,39374.61
2022-11-16,5.86,5.8,5.86,5.8,29253.15
2022-11-17,5.82,5.79,5.82,5.75,24069.98
2022-11-18,5.77,5.75,5.81,5.73,22556.0
2022-11-21,5.71,5.81,5.83,5.71,23155.58
2022-11-22,5.82,5.81,5.85,5.78,23301.7
2022-11-23,5.83,5.85,5.91,5.81,33107.82
2022-11-24,5.89,5.76,5.89,5.75,27840.63
2022-11-25,5.75,5.77,5.79,5.67,27673.53
2022-11-28,5.77,5.73,5.81,5.69,20227.01
2022-11-29,5.72,5.67,5.75,5.65,40148.0
2022-11-30,5.67,5.66,5.74,5.65,24410.0
2022-12-01,5.66,5.67,5.72,5.66,16622.71
2022-12-02,5.67,5.81,5.85,5.65,44806.0
2022-12-05,5.81,5.82,5.91,5.81,37155.82
2022-12-06,5.8,5.75,5.82,5.73,31224.01
2022-12-07,5.74,5.71,5.77,5.69,21397.0
2022-12-08,5.72,5.76,5.8,5.69,22429.0
2022-12-09,5.77,5.78,5.84,5.74,21391.01
2022-12-12,5.76,5.87,6.0,5.76,52639.01
2022-12-13,5.85,5.78,5.86,5.77,28248.82
2022-12-14,5.8,5.76,5.81,5.75,15822.01
2022-12-15,5.83,5.79,5.83,5.75,15664.0
2022-12-16,5.78,5.71,5.78,5.68,22900.0
2022-12-19,5.66,5.67,5.71,5.66,17985.0
2022-12-20,5.66,5.66,5.73,5.63,15881.0
2022-12-21,5.66,5.67,5.78,5.66,16472.0
2022-12-22,5.7,5.6,5.7,5.59,12525.0
2022-12-23,5.6,5.5,5.66,5.43,18115.0
2022-12-26,5.5,5.52,5.56,5.4,18701.0
2022-12-27,5.53,5.55,5.57,5.51,10834.0
2022-12-28,5.56,5.4,5.58,5.39,28537.0
2022-12-29,5.37,5.35,5.39,5.34,16839.92
2022-12-30,5.36,5.62,5.62,5.36,32101.91
2023-01-03,5.7,5.76,5.82,5.64,52068.0
2023-01-04,5.75,5.77,5.81,5.7,24080.02
2023-01-05,5.79,5.79,5.81,5.76,20278.0
2023-01-06,5.81,5.78,5.82,5.77,11136.84
2023-01-09,5.78,5.76,5.84,5.75,11615.79
2023-01-10,5.75,5.79,5.9,5.72,25888.0
2023-01-11,5.77,5.72,5.79,5.71,15018.0
2023-01-12,5.73,5.77,5.84,5.72,24890.37
2023-01-13,5.77,5.79,5.82,5.73,20366.84
2023-01-16,5.79,5.8,5.86,5.76,32939.0
2023-01-17,5.8,5.79,5.84,5.77,18937.21
2023-01-18,5.8,5.81,5.85,5.79,26648.58
2023-01-19,5.8,5.84,5.88,5.8,25119.0
2023-01-20,5.85,5.87,5.89,5.81,30311.0
2023-01-30,5.91,6.02,6.1,5.87,80137.86
2023-01-31,6.17,5.94,6.18,5.9,93318.02
2023-02-01,5.83,5.96,5.98,5.83,74521.37
2023-02-02,5.96,6.08,6.12,5.89,68673.25
2023-02-03,6.07,6.24,6.38,6.04,157752.73
2023-02-06,6.2,6.24,6.3,6.13,67369.0
2023-02-07,6.23,6.29,6.33,6.2,65269.8
2023-02-08,6.28,6.25,6.4,6.2,82230.01
2023-02-09,6.25,6.15,6.26,6.14,62269.51
2023-02-10,6.13,6.16,6.2,6.13,37277.78
2023-02-13,6.14,6.16,6.2,6.14,36398.84
2023-02-14,6.15,6.09,6.16,6.08,36836.0
2023-02-15,6.08,6.03,6.1,6.01,54360.99
2023-02-16,6.01,5.95,6.07,5.93,52824.93
2023-02-17,5.96,5.94,6.0,5.89,46679.0
2023-02-20,5.95,5.94,5.98,5.87,35913.3
2023-02-21,5.94,5.99,6.04,5.92,39363.39
2023-02-22,5.98,5.97,6.03,5.95,26648.0
2023-02-23,5.97,6.03,6.07,5.96,36161.82
2023-02-24,6.03,5.95,6.05,5.94,28773.0
2023-02-27,5.95,5.91,5.97,5.9,20002.0
2023-02-28,5.9,5.93,5.96,5.89,26830.02
2023-03-01,5.93,5.9,5.94,5.89,26984.79
2023-03-02,5.9,5.84,5.91,5.83,39422.0
2023-03-03,5.86,5.96,6.0,5.84,41129.01
2023-03-06,5.98,6.06,6.07,5.94,43157.29
2023-03-07,6.09,5.97,6.11,5.96,40132.0
2023-03-08,5.94,5.98,6.0,5.94,22195.0
2023-03-09,5.98,5.92,5.99,5.91,27638.0
2023-03-10,5.9,5.84,5.92,5.84,36492.0
2023-03-13,5.83,5.78,5.84,5.73,47074.24
2023-03-14,5.77,5.78,5.98,5.77,39370.0
2023-03-15,5.76,5.78,5.83,5.76,21188.84
2023-03-16,5.76,5.72,5.78,5.7,25886.6
2023-03-17,5.73,5.83,5.88,5.73,36039.52
2023-03-20,5.84,5.8,5.86,5.78,22747.83
2023-03-21,5.82,5.84,5.88,5.8,19348.53
2023-03-22,5.83,5.79,5.88,5.78,25870.68
2023-03-23,5.82,5.8,5.82,5.77,20666.91
2023-03-24,5.82,5.97,6.05,5.8,61876.89
2023-03-27,6.03,5.99,6.03,5.94,31645.64
2023-03-28,5.97,5.93,5.99,5.93,19514.0
2023-03-29,5.96,5.95,5.99,5.93,21144.01
2023-03-30,5.94,5.91,5.97,5.89,17168.3
2023-03-31,5.87,5.99,6.02,5.87,27425.32
2023-04-03,6.0,6.03,6.09,5.99,42998.3
2023-04-04,6.01,6.01,6.06,5.97,25057.0
2023-04-06,6.07,6.05,6.07,5.99,35109.34
2023-04-07,6.05,6.01,6.09,6.01,24448.0
2023-04-10,6.02,6.11,6.21,5.99,60436.75
2023-04-11,6.11,6.06,6.18,6.05,54195.11
2023-04-12,6.05,6.11,6.11,6.04,31190.1
2023-04-13,6.11,6.05,6.13,6.03,31423.82
2023-04-14,6.05,6.04,6.09,6.03,27574.37
2023-04-17,6.05,6.05,6.09,5.96,25582.51
2023-04-18,6.05,6.0,6.06,5.98,35220.84
2023-04-19,6.01,6.0,6.03,5.96,21319.42
2023-04-20,6.0,6.3,6.3,6.0,113675.63
2023-04-21,6.33,6.62,6.62,6.3,140228.49
2023-04-24,6.83,6.7,6.94,6.62,221019.98
2023-04-25,6.7,6.94,7.03,6.7,159094.53
2023-04-26,6.94,6.59,6.97,6.59,179219.0
2023-04-27,6.52,6.73,6.85,6.52,99054.83
2023-04-28,6.75,6.94,6.99,6.67,102430.8
2023-05-04,6.88,6.59,6.88,6.59,115110.62
2023-05-05,6.59,6.55,6.72,6.55,58689.0
2023-05-08,6.55,6.77,6.88,6.55,110127.56
2023-05-09,6.84,6.63,6.88,6.62,82821.21
2023-05-10,6.63,6.75,6.87,6.6,74970.18
2023-05-11,6.8,6.89,7.02,6.75,94885.41
2023-05-12,6.89,7.09,7.21,6.78,144633.73
2023-05-15,7.09,7.22,7.28,7.09,132522.1
2023-05-16,7.21,7.22,7.31,7.12,94600.99
2023-05-17,7.16,7.48,7.56,7.14,119701.52
2023-05-18,7.48,7.11,7.78,7.11,228713.8
2023-05-19,6.97,7.42,7.45,6.97,144165.14
2023-05-23,7.88,7.29,7.88,7.11,389518.67
2023-05-24,7.17,8.02,8.02,7.15,167549.26
2023-05-25,8.48,8.82,8.82,8.3,861035.86
2023-05-26,8.82,8.56,9.26,8.29,996834.03
2023-05-29,8.4,8.1,8.81,8.1,627808.32
2023-05-30,8.01,8.42,8.7,7.9,666744.85
2023-05-31,8.3,7.77,8.32,7.75,520510.81
2023-06-01,7.76,7.65,7.95,7.51,346586.15
2023-06-02,7.69,7.52,7.71,7.5,291751.65
2023-06-05,7.55,7.84,8.09,7.55,379353.56
2023-06-06,7.81,7.66,7.94,7.62,196104.2
2023-06-07,7.71,7.95,8.21,7.71,349284.0
2023-06-08,7.9,7.85,8.16,7.8,216614.47
2023-06-09,7.85,7.65,7.85,7.54,203868.82
2023-06-12,7.57,7.73,7.97,7.56,216317.77
2023-06-13,7.84,7.7,7.88,7.65,169589.01
2023-06-14,7.65,8.15,8.47,7.55,574902.38
2023-06-15,7.98,8.56,8.82,7.92,730833.28
2023-06-16,8.37,8.38,8.55,8.21,443654.09
2023-06-19,8.34,8.29,8.46,8.25,306567.49
2023-06-20,8.27,8.37,8.59,8.2,372188.83
2023-06-21,8.38,8.12,8.4,8.08,251831.94
2023-06-26,8.16,8.01,8.35,7.92,210164.79
2023-06-27,7.96,8.2,8.24,7.94,177272.2
2023-06-28,8.16,8.28,8.35,7.91,274677.9
2023-06-29,8.23,8.36,8.53,8.18,320800.47
2023-06-30,8.23,8.38,8.38,8.21,205374.78
2023-07-03,8.33,8.14,8.4,8.1,215235.1
2023-07-04,8.14,8.13,8.23,8.03,127319.1
2023-07-05,8.11,7.93,8.11,7.76,256572.74
2023-07-06,7.91,7.95,8.05,7.8,114225.86
2023-07-07,7.95,7.88,7.98,7.84,72098.0
2023-07-10,7.9,7.79,7.9,7.76,108473.0
2023-07-11,7.79,7.82,7.98,7.79,92518.29
2023-07-12,7.83,7.78,7.98,7.74,117455.0
2023-07-13,7.78,7.89,7.89,7.7,104729.43
2023-07-14,7.77,7.79,7.95,7.68,135422.09
2023-07-17,7.77,7.94,7.95,7.72,103593.73
2023-07-18,7.95,7.91,8.04,7.9,91400.2
2023-07-19,7.89,8.03,8.3,7.89,152335.89
2023-07-20,8.02,7.93,8.1,7.92,97635.56
2023-07-21,7.94,7.82,7.98,7.76,79624.0
2023-07-24,7.8,8.05,8.06,7.8,109145.09
2023-07-25,8.08,8.07,8.12,7.97,95939.89
2023-07-26,8.07,8.04,8.08,7.93,66829.0
2023-07-27,8.08,8.0,8.19,7.98,94398.35
2023-07-28,8.01,7.98,8.04,7.9,63117.0
2023-07-31,7.96,8.11,8.13,7.93,123675.19
2023-08-01,8.11,8.13,8.18,8.05,93463.51
2023-08-02,8.09,8.16,8.35,8.05,146604.3
2023-08-03,8.16,8.04,8.16,8.0,96212.84
2023-08-04,8.06,8.01,8.08,8.0,65286.0
2023-08-07,8.01,8.01,8.02,7.96,53296.17
2023-08-08,8.0,7.98,8.01,7.94,43525.0
2023-08-09,7.73,7.4,7.78,7.38,273412.66
2023-08-10,7.38,7.34,7.46,7.28,108857.97
2023-08-11,7.36,7.15,7.4,7.14,99326.71
2023-08-14,7.13,7.34,7.34,7.06,80913.72
2023-08-15,7.32,7.46,7.51,7.28,113413.85
2023-08-16,7.39,7.37,7.52,7.35,67277.02
2023-08-17,7.37,7.47,7.49,7.3,62003.32
2023-08-18,7.46,7.45,7.5,7.43,42277.0
2023-08-21,7.46,7.31,7.49,7.29,52100.0
2023-08-22,7.34,7.38,7.41,7.21,51568.0
2023-08-23,7.38,7.24,7.39,7.22,32777.0
2023-08-24,7.22,7.11,7.28,7.09,72787.52
2023-08-25,7.09,7.0,7.16,6.81,109022.56
2023-08-28,7.29,7.05,7.35,7.03,98805.26
2023-08-29,7.05,7.23,7.27,7.04,70622.03
2023-08-30,7.21,7.24,7.34,7.21,58261.9
2023-08-31,7.24,7.21,7.28,7.19,46081.98
2023-09-01,7.21,7.29,7.3,7.19,48981.63
2023-09-04,7.33,7.54,7.58,7.33,116878.13
2023-09-05,7.54,7.43,7.62,7.41,68984.32
2023-09-06,7.39,7.52,7.52,7.37,70034.01
2023-09-07,7.47,7.43,7.53,7.38,52138.0
2023-09-08,7.41,7.49,7.52,7.38,52203.0
2023-09-11,7.6,7.5,7.68,7.47,118558.0
2023-09-12,7.5,7.41,7.51,7.38,59211.0
2023-09-13,7.41,7.34,7.44,7.25,56487.0
2023-09-14,7.34,7.3,7.39,7.27,43360.0
2023-09-15,7.33,7.24,7.44,7.21,61828.0
2023-09-18,7.2,7.38,7.43,7.17,111532.0
2023-09-19,7.39,7.1,7.39,7.05,134859.0
2023-09-20,7.1,7.14,7.21,7.04,69217.0
2023-09-21,7.12,7.16,7.23,7.09,53841.0
2023-09-22,7.18,7.24,7.27,7.12,66920.0
2023-09-25,7.39,7.17,7.44,7.15,112663.0
2023-09-26,7.14,7.33,7.38,7.14,197872.06
2023-09-27,7.25,7.13,7.3,7.11,155772.0
2023-10-20,7.84,7.84,7.84,7.4,207422.0
2023-10-23,8.56,7.74,8.56,7.61,455603.35
2023-10-24,7.56,7.31,7.63,7.14,288914.64
2023-10-25,7.23,7.64,8.04,7.16,336925.7
2023-10-26,7.5,7.57,7.8,7.41,186790.07
2023-10-27,7.43,7.47,7.55,7.31,160948.66
2023-10-30,7.56,7.59,7.78,7.51,148704.02
2023-10-31,7.47,7.39,7.49,7.34,116672.0
2023-11-01,7.39,7.29,7.41,7.26,75492.25
2023-11-02,7.26,7.22,7.38,7.16,95339.0
2023-11-03,7.18,7.26,7.34,7.17,71326.7
2023-11-06,7.26,7.33,7.42,7.26,72187.0
2023-11-07,7.35,7.27,7.35,7.23,78596.2
2023-11-08,7.27,7.2,7.27,7.18,62328.51
2023-11-09,7.19,7.23,7.26,7.16,53442.51
2023-11-10,7.22,7.19,7.23,7.18,33203.19
2023-11-13,7.22,7.26,7.28,7.18,68448.19
2023-11-14,7.25,7.24,7.28,7.21,49844.0
2023-11-15,7.27,7.31,7.33,7.21,92987.62
2023-11-16,7.31,7.18,7.31,7.18,74959.0
2023-11-17,7.2,7.44,7.5,7.18,155908.04
2023-11-20,7.44,7.51,7.54,7.4,104448.01
2023-11-21,7.51,7.46,7.57,7.43,81476.86
2023-11-22,7.42,7.34,7.47,7.33,59197.0
2023-11-23,7.35,7.36,7.42,7.29,48851.0
2023-11-24,7.37,7.3,7.39,7.28,63285.85
2023-11-27,7.3,7.39,7.39,7.28,66075.0
2023-11-28,7.41,7.45,7.46,7.32,81642.46
2023-11-29,7.43,7.37,7.56,7.36,88952.13
2023-11-30,7.38,7.25,7.38,7.16,111150.55
2023-12-01,7.3,7.38,7.42,7.21,102584.22
2023-12-04,7.41,7.46,7.52,7.41,74649.0
2023-12-05,7.42,7.32,7.49,7.32,56483.85
2023-12-06,7.3,7.21,7.3,7.2,73859.77
2023-12-07,7.21,7.2,7.26,7.17,36088.58
2023-12-08,7.2,7.26,7.3,7.18,48183.0
2023-12-11,7.21,7.23,7.24,7.15,56510.01
2023-12-12,7.24,7.18,7.25,7.15,45173.0
2023-12-13,7.18,7.1,7.19,6.98,108314.86
2023-12-14,7.09,6.93,7.14,6.9,76109.0
2023-12-15,6.95,6.85,6.97,6.82,67901.06
2023-12-18,6.85,6.72,6.89,6.69,68664.0
2023-12-19,6.7,6.73,6.76,6.64,56227.84
2023-12-20,6.77,6.84,6.92,6.74,91728.41
2023-12-21,6.8,6.85,6.88,6.75,56446.0
2023-12-22,6.85,6.9,7.01,6.8,70642.0
2023-12-25,6.9,6.84,6.96,6.81,38686.79
2023-12-26,6.84,6.71,6.86,6.71,34043.0
2023-12-27,6.73,6.7,6.78,6.67,36433.24
2023-12-28,6.8,6.9,6.94,6.68,71949.33
2023-12-29,6.91,6.94,6.95,6.86,35726.33
2024-01-02,6.94,7.0,7.03,6.93,39062.48
2024-01-03,7.01,7.02,7.05,6.96,45531.06
2024-01-04,7.02,7.1,7.14,6.99,55895.01
2024-01-05,7.16,6.95,7.17,6.92,54733.01
2024-01-08,6.88,6.76,6.95,6.76,34631.3
2024-01-09,6.76,6.86,6.88,6.76,33754.84
2024-01-10,6.86,6.88,6.9,6.8,32923.0
2024-01-11,6.88,7.0,7.02,6.86,33594.79
2024-01-12,6.97,7.0,7.03,6.97,34533.0
2024-01-15,6.99,6.89,6.99,6.79,41709.34
2024-01-16,6.87,6.83,6.92,6.74,36029.78
2024-01-17,6.93,6.69,6.93,6.68,46419.78
2024-01-18,6.73,6.52,6.73,6.35,108459.08
2024-01-19,6.52,6.42,6.54,6.4,39462.0
2024-01-22,6.35,5.95,6.37,5.79,112000.81
2024-01-23,5.96,6.04,6.13,5.88,78396.5
2024-01-24,6.11,6.19,6.19,5.99,73360.38
2024-01-25,6.24,6.39,6.42,6.18,57953.0
2024-01-26,6.39,6.39,6.5,6.35,43699.0
2024-01-29,6.39,6.36,6.48,6.31,61030.37
2024-01-30,6.33,6.21,6.41,6.2,48672.84
2024-01-31,6.21,6.0,6.25,5.96,71326.01
2024-02-01,5.94,5.92,6.06,5.81,54370.88
2024-02-02,5.92,5.78,6.06,5.59,77316.8
2024-02-05,5.76,5.49,5.76,5.37,110697.0
2024-02-06,5.47,5.66,5.77,5.25,115314.25
2024-02-07,5.65,5.77,5.9,5.61,92647.08
2024-02-08,5.87,6.02,6.02,5.64,121089.51
2024-02-19,6.06,6.13,6.19,6.06,86880.7
2024-02-20,6.09,6.13,6.15,6.05,44679.19
2024-02-21,6.13,6.3,6.35,6.09,69110.87
2024-02-22,6.3,6.34,6.37,6.25,59488.01
2024-02-23,6.38,6.54,6.58,6.31,74955.0
2024-02-26,7.0,7.19,7.19,6.86,100054.97
2024-02-27,7.31,7.2,7.47,7.0,353585.68
2024-02-28,7.12,6.78,7.35,6.75,300293.44
2024-02-29,6.75,7.08,7.14,6.7,201192.17
2024-03-01,7.09,7.03,7.14,6.96,169956.1
2024-03-04,7.09,7.03,7.1,6.91,121086.75
2024-03-05,6.96,7.01,7.11,6.96,112671.76
2024-03-06,6.97,7.11,7.24,6.96,172975.44
2024-03-07,7.19,7.03,7.3,7.03,183488.55
2024-03-08,6.98,7.09,7.15,6.98,97332.8
2024-03-11,7.09,7.1,7.13,7.03,80614.1
2024-03-12,7.13,7.1,7.15,7.06,90223.89
2024-03-13,7.11,7.07,7.14,7.04,74185.85
2024-03-14,7.07,7.21,7.34,7.07,212822.81
2024-03-15,7.15,7.33,7.33,7.08,198763.99
2024-03-18,7.39,7.4,7.46,7.29,150823.36
2024-03-19,7.35,7.24,7.39,7.22,123076.19
2024-03-20,7.23,7.17,7.27,7.13,87490.2
2024-03-21,7.15,7.17,7.2,7.11,79265.0
2024-03-22,7.17,7.07,7.17,7.0,93357.0
2024-03-25,7.06,6.96,7.12,6.94,86096.02
2024-03-26,6.91,6.98,7.02,6.88,71666.0
2024-03-27,6.93,6.8,7.0,6.8,59308.99
2024-03-28,6.84,6.86,6.96,6.8,80615.82
2024-03-29,6.86,6.96,6.96,6.82,47849.84
2024-04-01,7.0,7.03,7.06,6.98,55873.73
2024-04-02,7.05,6.99,7.07,6.95,55074.24
2024-04-03,7.21,7.29,7.52,7.08,326264.57
2024-04-08,7.29,7.22,7.45,7.18,204056.42
2024-04-09,7.16,7.13,7.27,7.09,102368.11
2024-04-10,7.24,7.32,7.43,7.17,249616.58
2024-04-11,7.19,7.26,7.4,7.13,169955.69
2024-04-12,7.23,7.34,7.4,7.19,159968.08
2024-04-15,7.3,7.6,7.75,7.2,370817.7
2024-04-16,7.55,6.84,7.55,6.84,336040.57
2024-04-17,6.85,7.39,7.42,6.85,265479.93
2024-04-18,7.3,7.16,7.35,7.16,170539.97
2024-04-19,7.12,6.98,7.14,6.89,164582.0
2024-04-22,6.99,7.05,7.07,6.88,80608.0
2024-04-23,7.06,6.84,7.09,6.8,105868.24
2024-04-24,6.86,6.9,6.92,6.84,51718.25
2024-04-25,6.88,6.89,6.95,6.84,55306.22
2024-04-26,6.92,6.97,6.98,6.87,75118.86
2024-04-29,6.97,7.06,7.11,6.97,84341.0
2024-04-30,7.01,7.16,7.16,6.88,146998.96
2024-05-06,7.16,7.33,7.44,7.12,183230.0
2024-05-07,7.33,7.34,7.39,7.27,83847.36
2024-05-08,7.6,7.36,7.7,7.33,216136.01
2024-05-09,7.31,7.43,7.5,7.31,148596.84
2024-05-10,7.45,7.4,7.51,7.34,82116.3
2024-05-13,7.33,7.16,7.33,7.13,114946.0
2024-05-14,7.16,7.15,7.22,7.11,51181.0
2024-05-15,7.13,7.09,7.14,7.06,44579.0
2024-05-16,7.09,7.08,7.13,7.04,62304.82
2024-05-17,7.1,7.11,7.13,7.04,60408.55
2024-05-20,7.09,7.06,7.13,7.05,60770.1
2024-05-21,7.08,7.01,7.1,6.98,59415.0
2024-05-22,6.98,7.02,7.03,6.97,40353.29
2024-05-23,7.02,7.14,7.17,6.98,104914.82
2024-05-24,7.16,6.96,7.16,6.94,69430.0
2024-05-27,6.92,7.08,7.1,6.82,74289.82
2024-05-28,7.08,7.08,7.11,6.99,41379.99
2024-05-29,7.08,7.03,7.1,7.01,34707.84
2024-05-30,7.03,6.95,7.06,6.94,39317.74
2024-05-31,6.96,7.03,7.1,6.94,56364.99
2024-06-03,7.03,6.82,7.03,6.78,125496.0
2024-06-04,6.85,6.68,6.86,6.66,74856.0
2024-06-05,6.68,6.51,6.7,6.48,85483.01
2024-06-06,6.48,6.35,6.54,6.27,99147.0
2024-06-07,6.38,6.46,6.49,6.34,53335.8
2024-06-11,6.46,6.38,6.46,6.32,40632.01
2024-06-12,6.33,6.43,6.48,6.33,33227.61
2024-06-13,6.41,6.35,6.46,6.31,47232.53
2024-06-14,6.37,6.28,6.4,6.27,40765.62
2024-06-17,6.28,6.36,6.36,6.22,53092.0
2024-06-18,6.33,6.36,6.39,6.31,27156.02
2024-06-19,6.36,6.39,6.42,6.33,38158.0
2024-06-20,6.34,6.23,6.41,6.21,48205.0
2024-06-21,6.19,6.22,6.25,6.17,28298.0
2024-06-24,6.15,6.02,6.2,5.97,55906.0
2024-06-25,6.02,6.11,6.22,6.02,55999.0
2024-06-26,6.14,6.23,6.24,6.06,47321.0
2024-06-27,6.23,6.14,6.23,6.13,29843.0
2024-06-28,6.14,6.09,6.17,6.03,42667.37
2024-07-01,6.08,6.1,6.12,5.98,32827.87
2024-07-02,6.1,6.03,6.11,6.01,27606.23
2024-07-03,5.98,6.01,6.04,5.98,20956.0
2024-07-04,5.99,5.79,6.06,5.78,52954.89
2024-07-05,5.8,5.83,5.84,5.67,44107.0
2024-07-08,5.82,5.64,5.82,5.63,38371.0
2024-07-09,5.64,5.71,5.72,5.52,46918.1
2024-07-10,5.63,5.6,5.7,5.52,40680.0
2024-07-11,5.7,5.7,5.76,5.66,39075.02
2024-07-12,5.7,5.64,5.75,5.62,26878.0
2024-07-15,5.65,5.52,5.65,5.5,36940.4
2024-07-16,5.52,5.54,5.57,5.48,28529.0
2024-07-17,5.54,5.5,5.58,5.49,32144.02
2024-07-18,5.5,5.68,5.72,5.37,81251.0
2024-07-19,5.64,5.68,5.69,5.6,47658.0
2024-07-22,5.68,6.25,6.25,5.63,152745.28
2024-07-23,6.24,6.52,6.88,6.1,298552.17
2024-07-24,6.36,6.47,6.58,6.22,184956.74
2024-07-25,6.4,6.35,6.54,6.35,111236.56
2024-07-26,6.43,6.49,6.57,6.32,112573.38
2024-07-29,6.58,6.42,6.66,6.38,99159.85
2024-07-30,6.41,6.55,6.68,6.26,150192.24
2024-07-31,6.51,6.7,6.75,6.48,141026.34
2024-08-01,6.65,6.66,6.77,6.62,93132.47
2024-08-02,6.61,6.67,6.69,6.58,63847.0
2024-08-05,6.67,6.66,6.79,6.61,84659.0
2024-08-06,6.67,6.67,6.73,6.61,56245.0
2024-08-07,6.69,6.67,6.77,6.65,66040.0
2024-08-08,6.63,6.51,6.67,6.49,110247.1
2024-08-09,6.5,6.49,6.57,6.48,48262.03
2024-08-12,6.42,6.37,6.51,6.36,56125.0
2024-08-13,6.37,6.35,6.45,6.28,72132.82
2024-08-14,6.37,6.19,6.37,6.18,54342.0
2024-08-15,6.19,6.27,6.34,6.17,49375.0
2024-08-16,6.27,6.23,6.3,6.21,25162.01
2024-08-19,6.21,6.22,6.29,6.19,31375.0
2024-08-20,6.22,6.12,6.24,6.08,35600.0
2024-08-21,6.1,6.08,6.17,6.06,20394.0
2024-08-22,6.1,5.99,6.13,5.99,39657.0
2024-08-23,5.99,6.03,6.05,5.92,31446.0
2024-08-26,6.03,6.05,6.11,6.01,25235.0
2024-08-27,6.04,5.96,6.04,5.94,18603.28
2024-08-28,5.93,6.01,6.07,5.93,31426.01
2024-08-29,6.01,6.12,6.16,5.97,36291.01
2024-08-30,6.22,6.1,6.23,6.1,52351.1
2024-09-02,6.13,6.04,6.14,6.04,30256.0
2024-09-03,6.04,6.09,6.12,6.03,26953.0
2024-09-04,6.1,6.12,6.15,6.05,30859.0
2024-09-05,6.11,6.11,6.15,6.07,29325.0
2024-09-06,6.08,6.08,6.11,6.02,24876.0
2024-09-09,6.05,6.01,6.09,6.0,33588.0
2024-09-10,6.02,5.97,6.03,5.88,42476.0
2024-09-11,5.97,6.0,6.03,5.92,26180.5
2024-09-12,5.98,6.12,6.2,5.98,61660.0
2024-09-13,6.5,6.21,6.5,6.16,134925.91
2024-09-18,6.12,6.12,6.19,6.08,69485.0
2024-09-19,6.14,6.16,6.24,6.1,63289.59
2024-09-20,6.13,6.3,6.37,6.1,95979.52
2024-09-23,6.24,6.22,6.27,6.19,55659.0
2024-09-24,6.21,6.36,6.36,6.2,79660.01
2024-09-25,6.51,6.43,6.7,6.43,130353.02
2024-09-26,6.4,6.58,6.58,6.4,107612.28
2024-09-27,6.66,6.83,6.9,6.61,179749.03
2024-09-30,7.1,7.2,7.29,6.83,573514.46
2024-10-08,7.91,7.15,7.91,7.05,783395.32
2024-10-09,7.05,6.65,7.05,6.56,452070.0
2024-10-10,6.66,6.68,6.8,6.5,238380.84
2024-10-11,6.6,6.45,6.65,6.41,167554.0
2024-10-14,6.64,6.75,6.76,6.49,201173.03
2024-10-15,6.7,6.67,6.83,6.63,152504.05
2024-10-16,6.6,7.16,7.21,6.58,515700.11
2024-10-17,7.15,7.05,7.2,7.01,235307.55
2024-10-18,6.97,7.15,7.17,6.97,281418.9
2024-10-21,7.15,7.07,7.18,7.04,294890.23
2024-10-22,7.45,7.1,7.45,7.05,429367.21
2024-10-23,7.2,7.53,7.81,7.12,722864.0
2024-10-24,7.4,7.4,7.73,7.27,433791.76
2024-10-25,7.33,7.47,7.62,7.28,445742.38
2024-10-28,7.63,8.22,8.22,7.45,1105436.34
2024-10-29,8.37,8.48,9.0,8.16,1602082.0
2024-10-30,8.31,8.94,9.11,8.31,1235362.53
2024-10-31,9.01,8.64,9.01,8.41,1201680.67
2024-11-01,8.46,7.92,8.59,7.81,848877.1
2024-11-04,7.82,8.16,8.46,7.77,611802.07
2024-11-05,8.15,8.25,8.35,8.02,595203.67
2024-11-06,8.28,8.12,8.41,8.06,555432.03
2024-11-07,8.08,8.17,8.21,7.96,445422.32
2024-11-08,8.25,8.25,8.49,8.18,530283.06
2024-11-11,8.3,8.28,8.35,8.16,435775.94
2024-11-12,8.25,7.98,8.25,7.88,422617.72
2024-11-13,7.97,8.03,8.05,7.82,307992.61
2024-11-14,8.04,7.78,8.05,7.76,221158.0
2024-11-15,7.72,7.63,7.85,7.62,229015.0
2024-11-18,7.64,7.35,7.69,7.32,241851.03
2024-11-19,7.36,7.56,7.57,7.36,194612.45
2024-11-20,7.51,7.62,7.65,7.47,171647.71
2024-11-21,7.58,7.61,7.64,7.53,135877.0
2024-11-22,7.63,7.33,7.64,7.32,166358.0
2024-11-25,7.3,7.46,7.53,7.22,224607.72
2024-11-26,7.44,7.29,7.45,7.27,139910.0
2024-11-27,7.24,7.38,7.38,7.16,147316.83
2024-11-28,7.34,7.37,7.45,7.34,129772.0
2024-11-29,7.35,7.55,7.59,7.32,189877.04
2024-12-02,7.53,7.67,7.73,7.41,312171.24
2024-12-03,7.68,7.69,7.75,7.62,188512.91
2024-12-04,7.67,7.72,7.87,7.65,286113.87
2024-12-05,7.64,7.91,8.06,7.62,316206.71
2024-12-06,7.91,7.9,7.92,7.8,197036.67
2024-12-09,7.89,7.97,8.1,7.83,270198.26
2024-12-10,8.0,7.93,8.2,7.9,328321.0
2024-12-11,7.93,7.87,7.94,7.8,227577.44
2024-12-12,7.84,7.82,7.88,7.71,168862.45
2024-12-13,7.78,7.65,7.82,7.63,176681.1
2024-12-16,7.65,7.59,7.7,7.55,125517.27
2024-12-17,7.59,7.43,7.63,7.41,132579.02
2024-12-18,7.5,7.57,7.74,7.5,202920.11
2024-12-19,7.5,7.47,7.7,7.43,176904.2
2024-12-20,7.43,7.47,7.52,7.37,120258.91
2024-12-23,7.5,7.05,7.51,7.02,292455.73
2024-12-24,7.09,7.12,7.2,7.03,129927.69
2024-12-25,7.12,7.0,7.14,6.87,117544.82
2024-12-26,7.0,7.08,7.11,6.98,84612.01
2024-12-27,7.08,7.12,7.25,7.07,139123.78
2024-12-30,7.08,7.12,7.28,7.05,149662.6
2024-12-31,7.15,7.11,7.25,7.07,138436.84
2025-01-02,7.12,6.96,7.15,6.86,157504.45
2025-01-03,6.99,6.55,6.99,6.53,190680.64
2025-01-06,6.49,6.45,6.58,6.38,129632.24
2025-01-07,6.45,6.6,6.6,6.45,97771.8
2025-01-08,6.57,6.47,6.59,6.3,134196.28
2025-01-09,6.41,6.42,6.51,6.39,95965.3
2025-01-10,6.42,6.46,6.78,6.39,214865.1
2025-01-13,6.38,6.4,6.48,6.28,96333.33
2025-01-14,6.69,6.83,6.88,6.5,237118.92
2025-01-15,6.83,6.77,6.83,6.74,104030.0
2025-01-16,6.85,7.09,7.1,6.81,212676.24
2025-01-17,7.04,7.05,7.13,6.99,111094.74
2025-01-20,7.06,6.92,7.19,6.9,139456.77
2025-01-21,6.94,6.81,6.96,6.78,100931.51
2025-01-22,6.77,6.84,7.02,6.75,131496.2
2025-01-23,6.85,6.8,6.96,6.78,112459.87
2025-01-24,6.76,6.76,6.79,6.7,84651.0
2025-01-27,6.76,6.61,6.81,6.6,96384.01
2025-02-05,6.52,6.69,6.73,6.52,99446.42
2025-02-06,6.62,6.71,6.74,6.45,209395.84
2025-02-07,6.69,6.78,6.84,6.65,201022.01
2025-02-10,6.88,6.87,6.94,6.79,148644.33
2025-02-11,6.85,6.76,6.88,6.74,125733.01
2025-02-12,6.74,6.81,6.91,6.71,175144.93
2025-02-13,6.79,6.71,6.91,6.7,169910.44
2025-02-14,6.69,6.62,6.69,6.59,121457.1
2025-02-17,6.64,6.85,6.91,6.64,260990.48
2025-02-18,6.83,6.68,6.9,6.66,176202.19
2025-02-19,6.68,6.93,6.95,6.63,267753.46
2025-02-20,6.94,6.95,6.99,6.86,151949.47
2025-02-21,6.95,6.94,6.96,6.84,189748.3
2025-02-24,6.9,6.83,6.92,6.77,217282.01
2025-02-25,6.8,6.93,7.06,6.76,270392.99
2025-02-26,6.95,7.09,7.16,6.93,311485.06
2025-02-27,7.11,6.92,7.13,6.83,254508.51
2025-02-28,6.9,6.7,6.92,6.68,206474.08
2025-03-03,6.71,6.75,6.83,6.68,136408.63
2025-03-04,6.76,6.84,6.87,6.71,124522.2
2025-03-05,6.83,6.88,6.98,6.78,154074.03
2025-03-06,6.88,6.89,6.91,6.8,158641.36
2025-03-07,6.88,6.99,7.12,6.81,330790.18
2025-03-10,6.95,7.69,7.69,6.9,517197.11
2025-03-11,7.61,7.5,7.79,7.4,1013543.71
2025-03-12,7.62,7.6,7.96,7.49,851662.87
2025-03-13,7.68,7.74,7.85,7.53,664354.62
2025-03-14,7.72,7.56,7.72,7.48,441250.43
2025-03-17,7.56,7.43,7.57,7.4,311542.29
2025-03-18,7.43,7.48,7.56,7.4,275018.0
2025-03-19,7.47,7.77,8.0,7.43,602322.18
2025-03-20,7.95,7.84,8.17,7.81,765165.26
2025-03-21,7.95,7.93,8.27,7.91,682637.49
2025-03-24,7.88,7.5,7.9,7.33,528493.95
2025-03-25,7.68,7.62,7.8,7.53,378115.3
2025-03-26,7.5,8.09,8.18,7.5,642379.51
2025-03-27,7.98,7.86,8.26,7.82,491639.0
2025-03-28,7.78,7.96,8.08,7.7,419589.25
2025-03-31,7.8,7.57,7.8,7.4,409726.13
2025-04-01,7.54,7.35,7.59,7.34,257370.85
2025-04-02,7.38,7.47,7.68,7.24,271456.83
2025-04-03,7.31,7.28,7.46,7.26,196404.72
2025-04-07,6.85,6.55,6.98,6.55,286789.06
2025-04-08,6.6,6.54,6.75,6.4,245665.63
2025-04-09,6.44,6.58,6.62,6.01,286987.63
2025-04-10,6.68,6.64,6.83,6.64,239365.26
2025-04-11,6.59,6.69,6.76,6.56,165665.0
2025-04-14,6.74,6.8,6.85,6.74,163398.89
2025-04-15,6.8,6.75,6.84,6.66,137237.49
2025-04-16,6.74,6.64,6.74,6.55,131770.02
2025-04-17,6.58,6.61,6.68,6.57,97840.0
2025-04-18,6.66,6.72,6.76,6.58,115898.0
2025-04-21,6.73,6.75,6.79,6.69,100657.27
2025-04-22,6.72,6.68,6.75,6.66,97850.35
2025-04-23,6.7,6.91,6.96,6.7,234469.74
2025-04-24,6.94,6.7,6.94,6.68,180697.51
2025-04-25,6.72,6.68,6.73,6.64,88550.84
2025-04-28,6.69,6.61,6.72,6.58,84565.46
2025-04-29,6.6,6.63,6.71,6.56,86027.0
2025-04-30,6.75,6.79,6.88,6.72,195018.18
2025-05-06,6.83,6.91,6.91,6.77,147854.51
2025-05-07,6.97,6.91,7.0,6.86,132038.33
2025-05-08,6.93,6.97,7.04,6.92,160437.84
2025-05-09,6.98,6.99,7.0,6.88,122246.21
2025-05-12,7.02,7.08,7.13,7.02,123556.0
2025-05-13,7.17,7.0,7.19,6.98,134277.01
2025-05-14,6.98,6.95,7.03,6.93,109011.0
2025-05-15,6.95,6.89,6.97,6.83,125241.19
2025-05-16,6.88,6.92,7.04,6.86,152357.0
2025-05-19,7.01,7.17,7.19,6.99,257280.82
2025-05-20,7.16,7.19,7.31,7.12,214366.0
2025-05-21,7.13,7.26,7.33,7.1,263158.83
2025-05-22,7.23,7.07,7.26,7.07,161632.51
2025-05-23,7.08,7.06,7.24,7.06,140669.65
2025-05-26,7.04,7.07,7.1,7.0,123453.0
2025-05-27,7.06,7.02,7.06,7.0,98640.0
2025-05-28,7.05,6.98,7.1,6.97,117682.0
2025-05-29,7.0,7.05,7.07,6.96,111022.99
2025-05-30,7.05,6.96,7.05,6.92,122293.36
2025-06-03,6.81,6.68,6.83,6.63,254179.22
2025-06-04,6.71,6.73,6.77,6.69,114807.07
2025-06-05,6.73,6.73,6.78,6.62,104633.0
2025-06-06,6.76,6.69,6.76,6.68,81699.9
2025-06-09,6.7,6.74,6.77,6.7,93719.0
2025-06-10,6.78,6.72,6.93,6.66,215526.19
2025-06-11,6.72,6.7,6.74,6.67,119442.77
2025-06-12,6.7,6.62,6.7,6.59,133113.78
2025-06-13,6.61,6.5,6.61,6.5,113430.07
2025-06-16,6.51,6.52,6.53,6.46,85587.27
2025-06-17,6.52,6.57,6.58,6.49,80255.25
2025-06-18,6.53,6.49,6.57,6.46,82373.66
2025-06-19,6.48,6.36,6.5,6.33,113189.17
2025-06-20,6.37,6.34,6.4,6.32,61208.0
2025-06-23,6.34,6.41,6.43,6.28,76326.77
2025-06-24,6.42,6.51,6.52,6.41,86914.0
2025-06-25,6.52,6.56,6.58,6.46,104113.77
2025-06-26,6.54,6.49,6.58,6.49,100175.0
2025-06-27,6.5,6.54,6.56,6.5,80218.01
2025-06-30,6.55,6.55,6.57,6.51,76363.04
2025-07-01,6.56,6.51,6.56,6.47,83687.0
2025-07-02,6.51,6.44,6.51,6.42,102212.0
2025-07-03,6.45,6.44,6.47,6.41,61430.0
2025-07-04,6.44,6.39,6.45,6.38,71216.0
2025-07-07,6.39,6.43,6.44,6.36,49417.46
2025-07-08,6.42,6.46,6.46,6.41,65459.01
2025-07-09,6.46,6.46,6.5,6.42,83601.0
2025-07-10,6.47,6.49,6.51,6.44,86777.77
2025-07-11,6.49,6.54,6.55,6.46,118633.23
2025-07-14,6.54,6.6,6.66,6.52,145960.31
2025-07-15,6.88,6.67,6.92,6.62,242273.87
2025-07-16,6.67,6.71,6.78,6.63,153226.04
2025-07-17,6.72,6.69,6.73,6.65,112502.25
2025-07-18,6.69,6.67,6.71,6.66,96901.0
2025-07-21,6.69,6.77,6.77,6.68,136678.49
2025-07-22,6.75,6.77,6.79,6.71,114023.01
2025-07-23,6.74,6.7,6.79,6.68,154521.74
2025-07-24,6.7,6.75,6.76,6.67,138973.75
2025-07-25,6.74,6.71,6.77,6.69,121488.0
2025-07-28,6.72,6.63,6.73,6.61,138868.0
2025-07-29,6.62,6.65,6.77,6.6,184092.0
2025-07-30,6.66,6.61,6.71,6.56,134916.01
2025-07-31,6.61,6.52,6.64,6.51,129052.27
2025-08-01,6.51,6.53,6.56,6.5,84323.0
2025-08-04,6.58,6.68,6.68,6.54,158500.83
2025-08-05,6.66,6.67,6.72,6.65,118000.97
2025-08-06,6.75,6.81,6.85,6.74,261139.01
2025-08-07,6.79,6.72,6.82,6.71,137189.86
2025-08-08,6.69,6.72,6.74,6.69,116181.81
2025-08-11,6.72,6.72,6.74,6.68,116919.35
2025-08-12,6.73,6.88,7.03,6.65,461269.45
2025-08-13,6.88,6.82,6.91,6.8,216485.0
2025-08-14,6.82,6.7,6.86,6.69,171785.66
2025-08-15,6.68,6.74,6.76,6.68,141008.11
2025-08-18,6.75,6.74,6.79,6.72,198907.02
2025-08-19,6.73,6.84,6.85,6.7,256782.48
2025-08-20,6.79,6.86,6.86,6.78,147896.87
2025-08-21,6.87,6.86,6.9,6.83,204079.21
2025-08-22,6.86,6.88,6.91,6.84,190727.52
2025-08-25,6.91,6.94,6.99,6.88,268806.57
2025-08-26,6.88,7.0,7.06,6.88,255174.21
2025-08-27,7.0,6.91,7.19,6.9,347839.77
2025-08-28,6.91,6.9,6.98,6.7,284398.79
2025-08-29,6.9,7.21,7.36,6.85,577143.36
2025-09-01,7.21,7.45,7.58,7.1,726689.02
2025-09-02,7.75,7.45,7.88,7.42,904751.31
2025-09-03,7.46,7.34,7.68,7.24,621977.93
2025-09-04,7.27,7.08,7.33,6.98,432353.0
2025-09-05,7.13,7.26,7.33,7.09,388461.03
2025-09-08,7.23,7.34,7.38,7.2,363937.33
2025-09-09,7.3,7.28,7.33,7.19,267319.97
2025-09-10,7.22,7.2,7.3,7.17,190897.48
2025-09-11,7.19,7.26,7.26,7.1,199266.0
2025-09-12,7.27,7.18,7.3,7.16,200706.66
2025-09-15,7.2,7.27,7.35,7.19,236233.82
2025-09-16,7.27,7.38,7.38,7.24,285785.4
2025-09-17,7.38,7.41,7.46,7.33,247558.52
2025-09-18,7.4,7.25,7.44,7.19,268645.01
2025-09-19,7.27,7.18,7.27,7.12,201815.86
2025-09-22,7.17,7.14,7.18,7.07,144628.0
2025-09-23,7.14,7.06,7.17,6.91,198122.65
2025-09-24,7.02,7.2,7.22,7.01,165341.12
2025-09-25,7.2,7.11,7.21,7.11,123348.22
2025-09-26,7.08,6.99,7.11,6.99,130049.49
2025-09-29,6.99,7.04,7.08,6.89,132282.36
2025-09-30,7.19,7.22,7.5,7.19,358345.0
2025-10-09,7.41,7.61,7.72,7.36,639386.03
2025-10-10,7.55,7.47,7.58,7.42,290290.15
2025-10-13,7.25,7.6,7.65,7.24,464803.87
2025-10-14,7.62,7.47,7.65,7.43,321302.09
2025-10-15,7.43,7.39,7.47,7.29,264702.37
2025-10-16,7.4,7.34,7.6,7.31,257146.48
2025-10-17,7.34,7.05,7.35,7.03,281036.78
2025-10-20,7.09,7.03,7.17,6.99,211451.61
2025-10-21,7.09,7.12,7.16,7.03,181067.75
2025-10-22,7.11,7.83,7.83,7.07,952760.82
2025-10-23,7.66,7.79,8.01,7.65,1307880.05
2025-10-24,7.8,7.73,7.91,7.67,655638.81
2025-10-27,7.76,7.8,7.87,7.68,615378.07
2025-10-28,7.78,7.7,7.79,7.66,394249.53
2025-10-29,7.68,7.86,7.89,7.64,636852.92
2025-10-30,7.7,7.89,8.05,7.56,1107882.87
2025-10-31,7.87,7.76,7.9,7.72,548716.49
2025-11-03,7.77,7.89,7.89,7.72,536398.66
2025-11-04,7.88,8.0,8.18,7.78,902461.45
2025-11-05,7.86,7.85,7.87,7.73,549393.99
2025-11-06,7.81,7.96,8.07,7.75,591744.9
2025-11-07,7.91,7.96,8.26,7.89,705684.19
2025-11-10,8.09,8.45,8.56,7.95,1030663.85
2025-11-11,8.38,8.33,8.41,8.18,673310.78
2025-11-12,8.3,8.82,9.15,8.19,1162339.25
2025-11-13,8.66,8.77,8.87,8.63,665501.89
2025-11-14,8.7,8.48,9.15,8.48,906941.53
2025-11-17,8.62,8.3,8.64,8.29,605600.83
2025-11-18,8.31,8.31,8.53,8.24,521791.04
2025-11-19,8.2,8.0,8.29,7.91,583119.66
2025-11-20,8.02,7.73,8.06,7.72,477663.17
2025-11-21,7.62,7.46,7.69,7.39,442074.75
2025-11-24,7.5,7.57,7.62,7.48,225997.1
2025-11-25,7.62,7.6,7.73,7.58,290471.24
2025-11-26,7.6,7.46,7.63,7.42,255208.66
2025-11-27,7.48,7.35,7.53,7.34,244402.65
2025-11-28,7.36,7.46,7.46,7.32,156836.97
2025-12-01,7.48,7.52,7.57,7.45,197762.0
2025-12-02,7.52,7.56,7.74,7.43,398561.53
2025-12-03,7.54,7.51,7.73,7.4,325137.58
2025-12-04,7.51,7.58,7.63,7.48,255116.08
2025-12-05,7.55,7.65,7.68,7.47,278812.41
2025-12-08,7.7,7.57,7.7,7.57,305663.81
2025-12-09,7.55,7.31,7.58,7.3,324351.68
2025-12-10,7.3,7.35,7.37,7.27,166776.51
2025-12-11,7.37,7.21,7.39,7.2,198579.0
2025-12-12,7.2,7.23,7.27,7.19,150921.89
2025-12-15,7.26,7.32,7.47,7.24,247072.47
2025-12-16,7.31,7.11,7.31,7.09,209333.21
2025-12-17,7.1,7.16,7.18,7.02,167731.93
2025-12-18,7.12,7.14,7.18,7.09,132201.15
2025-12-19,7.16,7.22,7.24,7.14,165131.81
2025-12-22,7.23,7.23,7.27,7.19,181451.25
2025-12-23,7.21,7.09,7.22,7.06,190306.0
2025-12-24,7.1,7.2,7.21,7.06,191754.39
2025-12-25,7.2,7.27,7.29,7.18,176023.61
2025-12-26,7.3,7.31,7.38,7.24,258310.06
2025-12-29,7.28,7.18,7.3,7.16,187539.99
2025-12-30,7.15,7.22,7.27,7.12,177337.91
2025-12-31,7.25,7.15,7.25,7.09,191008.75
2026-01-05,7.15,7.26,7.29,7.13,258758.69
2026-01-06,7.24,7.4,7.46,7.24,372039.98
2026-01-07,7.47,7.55,7.7,7.46,534285.32
2026-01-08,7.55,7.7,7.8,7.54,484909.04
2026-01-09,7.73,7.68,7.83,7.6,398859.94
2026-01-12,7.69,7.79,7.84,7.62,420810.1
2026-01-13,7.8,7.64,7.84,7.62,365129.67
2026-01-14,7.66,7.59,7.76,7.49,442415.18
2026-01-15,7.53,7.48,7.59,7.45,282615.63
2026-01-16,7.5,7.5,7.56,7.44,276559.98
2026-01-19,7.5,7.68,7.79,7.47,378690.83
2026-01-20,7.69,7.64,7.78,7.58,220708.92
2026-01-21,7.6,7.72,7.76,7.52,290892.34
2026-01-22,7.71,7.75,7.79,7.67,278872.84
2026-01-23,7.77,7.84,7.84,7.7,371316.88
2026-01-26,7.87,8.2,8.62,7.87,1141847.66
2026-01-27,8.19,8.19,8.25,7.98,646087.52
2026-01-28,8.15,8.02,8.23,8.0,451264.0
2026-01-29,8.0,7.8,8.03,7.78,381515.68
2026-01-30,7.77,7.58,7.82,7.52,414022.52
2026-02-02,7.5,7.3,7.57,7.3,294780.77
2026-02-03,7.39,7.44,7.45,7.34,167225.44
2026-02-04,7.45,7.57,7.65,7.42,234889.0
2026-02-05,7.55,7.35,7.55,7.32,224123.84
2026-02-06,7.34,7.43,7.57,7.26,229049.0
2026-02-09,7.52,7.51,7.55,7.45,152718.0
2026-02-10,7.52,7.46,7.54,7.46,138673.47
2026-02-11,7.46,7.39,7.48,7.38,146775.9
2026-02-12,7.37,7.44,7.56,7.37,219313.86
2026-02-13,7.42,7.36,7.49,7.35,152024.01
2026-02-24,7.47,7.53,7.59,7.45,223717.47
2026-02-25,7.53,7.69,7.71,7.48,321445.26
2026-02-26,7.71,7.71,7.79,7.66,224037.0
2026-02-27,7.67,7.79,7.79,7.64,242153.16
2026-03-02,7.72,7.82,7.89,7.68,349811.57
2026-03-03,7.79,7.28,7.82,7.27,470955.62
2026-03-04,7.2,7.3,7.42,7.16,224524.01
2026-03-05,7.39,7.43,7.51,7.39,206315.16
2026-03-06,7.4,7.6,7.61,7.37,228053.37
2026-03-09,7.53,7.44,7.53,7.3,271401.45
2026-03-10,7.51,7.59,7.61,7.47,201789.18
2026-03-11,7.83,7.72,8.06,7.71,653458.89
2026-03-12,7.63,7.66,7.8,7.55,354621.95
2026-03-13,7.57,7.51,7.72,7.51,274404.78
2026-03-16,7.46,7.34,7.47,7.26,292774.26
2026-03-17,7.39,7.2,7.39,7.19,208388.0
2026-03-18,7.21,7.23,7.26,7.12,178604.93
2026-03-19,7.16,6.96,7.16,6.93,246163.0
2026-03-20,6.98,6.67,7.02,6.66,256604.14
2026-03-23,6.55,6.41,6.64,6.35,258104.79
2026-03-24,6.5,6.55,6.56,6.42,166072.02
2026-03-25,6.6,6.61,6.62,6.57,158603.83
2026-03-26,6.59,6.49,6.6,6.44,144598.68
2026-03-27,6.4,6.58,6.61,6.38,143585.78
2026-03-30,6.48,6.59,6.66,6.42,155257.33
2026-03-31,6.59,6.56,6.66,6.54,138092.83
2026-04-01,6.65,6.74,6.8,6.58,222744.62
2026-04-02,6.7,6.54,6.71,6.48,159979.39
2026-04-03,6.55,6.43,6.59,6.4,105834.9
2026-04-07,6.44,6.5,6.53,6.44,68227.01
2026-04-08,6.63,6.71,6.71,6.59,154070.81
2026-04-09,6.65,6.61,6.67,6.56,115500.93
2026-04-10,6.64,6.66,6.73,6.64,104881.95
2026-04-13,6.65,6.72,6.77,6.61,108828.15
2026-04-14,6.77,6.75,6.77,6.67,95577.51
2026-04-15,6.76,6.61,6.77,6.6,130348.0
2026-04-16,6.61,6.72,6.74,6.61,128554.0
2026-04-17,6.7,6.73,6.81,6.61,168313.01
2026-04-20,6.7,6.76,6.81,6.67,148272.31
2026-04-21,6.74,6.68,6.75,6.64,114062.0
2026-04-22,6.68,6.83,6.84,6.6,231899.49
2026-04-23,6.79,6.68,6.89,6.67,157210.92
2026-04-24,6.6,6.2,6.66,6.01,787446.12
2026-04-27,6.15,6.24,6.24,6.04,288332.56
2026-04-28,6.18,6.22,6.33,6.15,238861.1
2026-04-29,6.04,6.17,6.26,6.03,248461.11
2026-04-30,6.15,6.16,6.39,6.13,220106.14
2026-05-06,6.2,6.13,6.25,6.11,233237.84
2026-05-07,6.14,6.23,6.37,6.13,495623.79
2026-05-08,6.2,6.37,6.4,6.2,340699.68
2026-05-11,6.37,6.18,6.37,6.14,435163.19
2026-05-12,6.19,6.11,6.28,6.07,321915.03
2026-05-13,6.1,6.15,6.18,5.99,359135.26
2026-05-14,6.15,5.93,6.15,5.91,324681.0
2026-05-15,5.93,6.05,6.17,5.85,378499.46
2026-05-18,5.99,5.86,6.0,5.78,322088.21
2026-05-19,5.84,6.01,6.03,5.82,280378.09
2026-05-20,5.99,5.85,6.0,5.82,211381.92
2026-05-21,5.86,5.75,6.02,5.74,301076.89
2026-05-22,5.77,5.8,5.82,5.63,213734.66
2026-05-25,5.79,5.72,5.84,5.65,202376.83
2026-05-26,5.7,5.62,5.74,5.55,215112.0
2026-05-27,5.6,5.44,5.63,5.43,260414.79
2026-05-28,5.42,5.39,5.48,5.27,253008.76
2026-05-29,5.42,5.26,5.42,5.25,211415.54
2026-06-01,5.27,5.34,5.47,5.18,226360.92
2026-06-02,5.35,5.3,5.38,5.22,168098.04
2026-06-03,5.28,5.27,5.34,5.21,179667.62
2026-06-04,5.26,5.24,5.35,5.17,167692.92
2026-06-05,5.2,5.27,5.38,5.17,238327.6
2026-06-08,5.19,5.31,5.48,5.16,394970.93
2026-06-09,5.32,5.3,5.4,5.22,229598.0
2026-06-10,5.28,5.21,5.4,5.1,300018.0
2026-06-11,5.16,5.14,5.18,5.04,213395.06
2026-06-12,5.2,5.19,5.3,5.16,237383.25
2026-06-15,5.2,5.26,5.29,5.19,221724.18
2026-06-16,5.25,5.35,5.39,5.23,203493.0
2026-06-17,5.34,5.08,5.34,5.07,310806.16
2026-06-18,5.08,5.11,5.14,4.95,197364.63
2026-06-22,5.09,4.99,5.09,4.81,250272.76
2026-06-23,4.96,5.06,5.37,4.92,318636.81
2026-06-24,5.02,4.84,5.05,4.81,249090.96
2026-06-25,4.81,4.75,4.85,4.72,181914.35
2026-06-26,4.72,4.56,4.74,4.56,231523.88
2026-06-29,4.52,4.58,4.61,4.38,252539.33
2026-06-30,4.58,4.64,4.68,4.54,209450.12
2026-07-01,4.64,4.77,4.85,4.63,214167.14
2026-07-02,4.74,4.98,5.19,4.73,381734.33
2026-07-03,4.98,5.04,5.1,4.96,221554.0
2026-07-06,5.02,4.84,5.03,4.81,213108.99
2026-07-07,4.87,4.65,4.87,4.64,172950.0
2026-07-08,4.65,4.53,4.65,4.5,178228.89
2026-07-09,4.53,4.54,4.57,4.42,131636.0
2026-07-10,4.51,4.6,4.71,4.48,183692.76
2026-07-13,4.58,4.37,4.58,4.36,206200.0
2026-07-14,4.34,4.49,4.49,4.32,183069.88
2026-07-15,4.48,4.6,4.65,4.45,191871.9
2026-07-16,4.59,4.67,4.71,4.55,161749.99
2026-07-17,4.64,4.53,4.74,4.51,185990.53
2026-07-20,4.55,4.59,4.7,4.49,215347.98
2026-07-21,4.59,4.67,4.72,4.58,256176.8
2026-07-22,4.62,4.61,4.67,4.58,164562.07
2026-07-23,4.61,4.74,4.74,4.59,150490.0
2026-07-24,4.68,4.6,4.76,4.6,142454.0
2026-07-27,4.61,4.72,4.74,4.55,129697.0
2026-07-28,4.69,4.79,4.83,4.67,137643.0
2026-07-29,4.8,4.86,4.87,4.78,127182.0
2026-07-30,4.83,4.83,4.96,4.82,161163.0
2026-07-31,4.87,4.93,4.98,4.84,170082.87
2026-08-03,4.94,5.0,5.01,4.94,137196.15
2026-08-04,5.02,4.91,5.02,4.86,216417.88
2026-08-05,4.91,4.92,4.98,4.87,147321.9
2026-08-06,4.88,4.88,4.94,4.79,150524.02
2026-08-07,4.86,4.88,4.89,4.8,111305.0
2026-08-10,4.88,5.06,5.11,4.84,248155.0
2026-08-11,5.2,5.24,5.46,5.16,645066.2
2026-08-12,5.26,5.76,5.76,5.21,389545.27
2026-08-13,5.71,5.48,5.75,5.46,780359.43
2026-08-14,5.55,5.36,5.56,5.3,475773.54
2026-08-17,5.45,5.43,5.66,5.4,454042.82
2026-08-18,5.43,5.39,5.56,5.33,497992.13
2026-08-19,5.31,5.01,5.33,5.01,442844.55
2026-08-20,5.06,5.03,5.1,5.0,207229.0
2026-08-21,5.0,5.08,5.1,4.95,174215.29
2026-08-24,5.11,5.04,5.12,4.97,156866.17
2026-08-25,5.03,5.13,5.14,5.0,143010.0
2026-08-26,5.12,5.16,5.25,5.11,156805.0
2026-08-27,5.17,5.16,5.18,5.1,168439.86
2026-08-28,5.16,5.2,5.21,5.14,137999.01
2026-08-31,5.15,5.22,5.22,5.07,176307.0
2026-09-01,5.21,5.26,5.28,5.2,174639.0
2026-09-02,5.22,5.31,5.34,5.17,199552.73
2026-09-03,5.31,5.41,5.42,5.31,249676.23
2026-09-04,5.41,5.32,5.42,5.28,218779.0
2026-09-07,5.32,5.33,5.38,5.28,150406.49
2026-09-08,5.33,5.3,5.33,5.27,163806.37
2026-09-09,5.3,5.21,5.31,5.21,136853.01
2026-09-10,5.2,5.13,5.22,5.12,144052.27
2026-09-11,5.11,5.05,5.12,4.98,150437.13
2026-09-14,5.01,5.03,5.07,5.0,91185.04
2026-09-15,5.03,4.88,5.03,4.86,169171.0
2026-09-16,4.89,4.94,4.95,4.85,101443.0
2026-09-17,4.95,5.06,5.09,4.9,193383.0
2026-09-18,5.05,5.57,5.57,5.02,679256.55
