date,open,close,high,low,volume
2013-01-04,3.1,3.03,3.11,3.0,180291.36
2013-01-07,3.03,3.03,3.05,3.0,136273.94
2013-01-08,3.03,3.04,3.05,3.0,145344.89
2013-01-09,3.03,3.08,3.1,3.02,173610.27
2013-01-10,3.08,3.09,3.12,3.06,193236.68
2013-01-11,3.1,2.98,3.1,2.97,187315.86
2013-01-14,2.95,3.07,3.07,2.94,173159.31
2013-01-15,3.07,3.15,3.17,3.06,296115.52
2013-01-16,3.13,3.15,3.18,3.09,204826.45
2013-01-17,3.14,3.13,3.18,3.1,140628.31
2013-01-18,3.13,3.21,3.23,3.13,224350.4
2013-01-21,3.23,3.42,3.43,3.23,423408.91
2013-01-22,3.42,3.35,3.49,3.32,335157.28
2013-01-23,3.35,3.34,3.35,3.26,159550.79
2013-01-24,3.34,3.29,3.45,3.26,255531.61
2013-01-25,3.31,3.31,3.34,3.24,139386.87
2013-01-28,3.31,3.39,3.4,3.31,188607.25
2013-01-29,3.38,3.42,3.47,3.38,191624.51
2013-01-30,3.43,3.37,3.44,3.34,134423.85
2013-01-31,3.44,3.41,3.48,3.38,173184.04
2013-02-01,3.37,3.53,3.55,3.37,279776.9
2013-02-04,3.54,3.53,3.72,3.52,310696.39
2013-02-05,3.5,3.58,3.61,3.46,176191.15
2013-02-06,3.59,3.57,3.63,3.54,110634.8
2013-02-07,3.57,3.54,3.59,3.49,117234.54
2013-02-08,3.55,3.55,3.6,3.53,96998.43
2013-02-18,3.55,3.51,3.59,3.49,118500.75
2013-02-19,3.5,3.34,3.51,3.33,224972.04
2013-02-20,3.34,3.36,3.38,3.33,107668.06
2013-02-21,3.33,3.23,3.34,3.2,177457.85
2013-02-22,3.23,3.2,3.24,3.19,92475.06
2013-02-25,3.23,3.24,3.28,3.21,80540.85
2013-02-26,3.23,3.15,3.26,3.14,96406.2
2013-02-27,3.16,3.18,3.22,3.12,90068.57
2013-02-28,3.21,3.28,3.29,3.18,128070.55
2013-03-01,3.28,3.25,3.29,3.2,105621.47
2013-03-04,3.19,3.04,3.19,3.02,176970.35
2013-03-05,3.05,3.09,3.09,3.0,87189.65
2013-03-06,3.11,3.09,3.13,3.06,99317.67
2013-03-07,3.09,3.1,3.13,3.04,103155.18
2013-03-08,3.09,3.07,3.12,3.07,60175.12
2013-03-11,3.05,3.05,3.07,3.01,55674.67
2013-03-12,3.05,3.08,3.12,3.03,123159.4
2013-03-13,3.06,3.04,3.06,3.01,52167.27
2013-03-14,3.02,3.01,3.08,3.01,43909.2
2013-03-15,3.03,3.04,3.11,3.0,84989.64
2013-03-18,3.04,3.01,3.09,3.01,67738.62
2013-03-19,3.03,3.03,3.05,3.0,60100.86
2013-03-20,3.04,3.1,3.11,3.03,144579.9
2013-03-21,3.11,3.09,3.11,3.08,136044.02
2013-03-22,3.08,3.07,3.11,3.04,94517.49
2013-03-25,3.07,3.07,3.1,3.05,57427.43
2013-03-26,3.05,2.91,3.05,2.89,246672.6
2013-03-27,2.91,2.87,2.92,2.83,126111.17
2013-03-28,2.84,2.82,2.87,2.81,98955.97
2013-03-29,2.83,2.81,2.85,2.81,48361.23
2013-04-01,2.79,2.82,2.84,2.79,47581.81
2013-04-02,2.83,2.85,2.89,2.82,70508.42
2013-04-03,2.86,2.86,2.89,2.85,58911.85
2013-04-08,2.82,2.79,2.82,2.76,75233.23
2013-04-09,2.8,2.83,2.85,2.79,67628.65
2013-04-10,2.83,2.82,2.83,2.79,49043.06
2013-04-11,2.85,2.83,2.86,2.81,56732.66
2013-04-12,2.82,2.79,2.84,2.79,40210.52
2013-04-15,2.78,2.69,2.78,2.68,82374.59
2013-04-16,2.66,2.74,2.74,2.66,60285.9
2013-04-17,2.74,2.73,2.75,2.69,56754.71
2013-04-18,2.71,2.72,2.76,2.7,39614.05
2013-04-19,2.74,2.8,2.8,2.72,90810.2
2013-04-22,2.83,2.85,2.91,2.83,128659.67
2013-04-23,2.85,2.74,2.85,2.73,88299.6
2013-04-24,2.73,2.79,2.81,2.72,67113.89
2013-04-25,2.79,2.73,2.79,2.73,66957.6
2013-04-26,2.74,2.7,2.75,2.69,48025.94
2013-05-02,2.68,2.67,2.71,2.66,42727.25
2013-05-03,2.68,2.7,2.74,2.68,53260.06
2013-05-06,2.7,2.74,2.75,2.7,55701.41
2013-05-07,2.74,2.73,2.75,2.72,39248.25
2013-05-08,2.75,2.76,2.79,2.74,69571.37
2013-05-09,2.75,2.72,2.78,2.72,62513.9
2013-05-10,2.72,2.77,2.78,2.71,64819.92
2013-05-13,2.78,2.78,2.82,2.75,59037.7
2013-05-14,2.78,2.73,2.81,2.7,54159.6
2013-05-15,2.73,2.72,2.75,2.71,46060.08
2013-05-16,2.71,2.76,2.76,2.69,93167.49
2013-05-17,2.76,2.83,2.83,2.76,141057.48
2013-05-20,2.82,2.83,2.87,2.81,111199.59
2013-05-21,2.83,2.86,2.89,2.81,126141.29
2013-05-22,2.85,2.85,2.87,2.82,102036.42
2013-05-23,2.83,2.79,2.84,2.78,88888.07
2013-05-24,2.81,2.8,2.83,2.78,70299.7
2013-05-27,2.81,2.78,2.82,2.77,79644.7
2013-05-28,2.78,2.83,2.83,2.76,104474.7
2013-05-29,2.83,2.83,2.87,2.82,117738.38
2013-05-30,2.82,2.8,2.82,2.79,69349.04
2013-05-31,2.8,2.79,2.83,2.79,70785.57
2013-06-03,2.79,2.82,2.84,2.79,61871.59
2013-06-04,2.82,2.75,2.82,2.75,68245.48
2013-06-05,2.75,2.72,2.76,2.71,53983.24
2013-06-06,2.72,2.73,2.76,2.72,49732.89
2013-06-07,2.75,2.69,2.76,2.69,68129.21
2013-06-13,2.67,2.56,2.68,2.52,84183.95
2013-06-14,2.57,2.54,2.58,2.53,95097.66
2013-06-17,2.53,2.51,2.55,2.49,53558.16
2013-06-18,2.52,2.5,2.53,2.48,45500.87
2013-06-19,2.5,2.47,2.5,2.42,72337.16
2013-06-20,2.45,2.4,2.46,2.4,57186.3
2013-06-21,2.37,2.39,2.4,2.36,59793.33
2013-06-24,2.39,2.22,2.4,2.19,78263.71
2013-06-25,2.17,2.13,2.21,2.0,141733.5
2013-06-26,2.13,2.09,2.13,2.05,103123.83
2013-06-27,2.11,2.1,2.16,2.09,102247.24
2013-06-28,2.09,2.12,2.16,2.06,75325.43
2013-07-01,2.1,2.09,2.13,2.05,80575.75
2013-07-02,2.09,2.08,2.1,2.06,59594.25
2013-07-03,2.08,2.07,2.08,2.01,70528.99
2013-07-04,2.05,2.09,2.13,2.01,97756.02
2013-07-05,2.09,2.11,2.15,2.08,87024.26
2013-07-08,2.09,2.04,2.09,2.0,74774.06
2013-07-09,2.02,2.01,2.04,2.0,49503.84
2013-07-10,2.01,2.09,2.1,2.0,79685.97
2013-07-11,2.09,2.22,2.26,2.09,193869.64
2013-07-12,2.19,2.14,2.21,2.12,107059.02
2013-07-15,2.14,2.15,2.2,2.13,83859.48
2013-07-16,2.14,2.16,2.16,2.11,76198.95
2013-07-17,2.16,2.13,2.18,2.11,91233.29
2013-07-18,2.11,2.07,2.12,2.05,81709.58
2013-07-19,2.06,2.01,2.08,2.01,96212.61
2013-07-22,2.0,2.03,2.04,2.0,62657.87
2013-07-23,2.03,2.09,2.09,2.02,87063.63
2013-07-24,2.08,2.05,2.08,2.02,89204.02
2013-07-25,2.05,2.05,2.07,2.03,64807.89
2013-07-26,2.04,2.02,2.05,2.01,54903.84
2013-07-29,2.01,1.98,2.01,1.98,65492.86
2013-07-30,1.99,2.01,2.04,1.98,62511.56
2013-07-31,2.03,2.02,2.06,2.01,39828.54
2013-08-01,2.02,2.06,2.07,2.02,78469.47
2013-08-02,2.08,2.06,2.09,2.06,68399.26
2013-08-05,2.06,2.1,2.12,2.04,88416.63
2013-08-06,2.1,2.15,2.17,2.08,133888.92
2013-08-07,2.13,2.12,2.16,2.11,97748.82
2013-08-08,2.11,2.1,2.13,2.09,62249.88
2013-08-09,2.11,2.11,2.13,2.09,73678.97
2013-08-12,2.13,2.19,2.19,2.11,176143.62
2013-08-13,2.2,2.22,2.26,2.19,170984.11
2013-08-14,2.22,2.19,2.24,2.18,126995.66
2013-08-15,2.19,2.16,2.21,2.15,81833.37
2013-08-16,2.15,2.14,2.24,2.13,143149.9
2013-08-19,2.12,2.16,2.17,2.11,83312.32
2013-08-20,2.15,2.12,2.17,2.11,91306.28
2013-08-21,2.15,2.12,2.15,2.11,49941.57
2013-08-22,2.12,2.12,2.15,2.11,55770.62
2013-08-23,2.13,2.09,2.14,2.06,83536.1
2013-08-26,2.09,2.13,2.13,2.08,88177.97
2013-08-27,2.14,2.15,2.15,2.12,83436.9
2013-08-28,2.14,2.15,2.17,2.1,117638.34
2013-08-29,2.15,2.13,2.15,2.12,75932.15
2013-08-30,2.12,2.18,2.18,2.11,203986.65
2013-09-02,2.19,2.28,2.36,2.15,377037.36
2013-09-03,2.24,2.26,2.28,2.23,141763.18
2013-09-04,2.26,2.24,2.29,2.24,106162.99
2013-09-05,2.24,2.2,2.24,2.19,92689.11
2013-09-06,2.21,2.21,2.24,2.2,70654.05
2013-09-09,2.21,2.26,2.28,2.21,156408.74
2013-09-10,2.28,2.38,2.41,2.27,386181.86
2013-09-11,2.39,2.51,2.56,2.39,489939.81
2013-09-12,2.51,2.44,2.51,2.43,201430.54
2013-09-13,2.43,2.36,2.48,2.34,211387.4
2013-09-16,2.38,2.34,2.39,2.33,135805.46
2013-09-17,2.34,2.29,2.37,2.29,108413.86
2013-09-18,2.29,2.31,2.32,2.29,80786.75
2013-09-23,2.31,2.35,2.35,2.31,109829.03
2013-09-24,2.34,2.27,2.34,2.26,174262.1
2013-09-25,2.27,2.23,2.28,2.23,112876.94
2013-09-26,2.23,2.19,2.24,2.18,106761.6
2013-09-27,2.19,2.21,2.22,2.19,63672.81
2013-09-30,2.22,2.23,2.25,2.21,51855.33
2013-10-08,2.22,2.26,2.26,2.2,71721.38
2013-10-09,2.25,2.27,2.27,2.24,76168.43
2013-10-10,2.27,2.21,2.28,2.2,104550.81
2013-10-11,2.22,2.25,2.26,2.22,78468.5
2013-10-14,2.26,2.28,2.3,2.24,140989.65
2013-10-15,2.28,2.32,2.32,2.24,174053.4
2013-10-16,2.3,2.25,2.3,2.23,112846.47
2013-10-17,2.26,2.25,2.28,2.24,68788.64
2013-10-18,2.25,2.24,2.26,2.24,52751.6
2013-10-21,2.24,2.26,2.26,2.21,90955.82
2013-10-22,2.25,2.25,2.27,2.23,109540.9
2013-10-23,2.26,2.19,2.26,2.18,139138.65
2013-10-24,2.18,2.15,2.19,2.15,83079.46
2013-10-25,2.15,2.12,2.17,2.1,78156.12
2013-10-28,2.13,2.16,2.16,2.13,72645.65
2013-10-29,2.16,2.11,2.17,2.09,89095.82
2013-10-30,2.11,2.13,2.14,2.09,70473.97
2013-10-31,2.12,2.12,2.14,2.11,58206.6
2013-11-01,2.12,2.13,2.15,2.12,46176.99
2013-11-04,2.15,2.14,2.15,2.13,46912.82
2013-11-05,2.13,2.14,2.14,2.11,74534.12
2013-11-06,2.13,2.15,2.18,2.11,138826.0
2013-11-07,2.14,2.16,2.17,2.12,111780.29
2013-11-08,2.15,2.12,2.16,2.12,73023.09
2013-11-11,2.11,2.08,2.12,2.08,63009.56
2013-11-12,2.09,2.09,2.1,2.08,83876.45
2013-11-13,2.09,2.04,2.09,2.03,81596.53
2013-11-14,2.05,2.05,2.05,2.02,56307.13
2013-11-15,2.05,2.08,2.1,2.04,102302.31
2013-11-18,2.09,2.13,2.14,2.08,133638.59
2013-11-19,2.13,2.12,2.15,2.12,96995.42
2013-11-20,2.15,2.13,2.15,2.11,69319.29
2013-11-21,2.13,2.12,2.13,2.11,69920.9
2013-11-22,2.13,2.11,2.14,2.11,60688.62
2013-11-25,2.11,2.11,2.14,2.11,52204.63
2013-11-26,2.11,2.11,2.12,2.1,48233.17
2013-11-27,2.11,2.12,2.13,2.1,68181.79
2013-11-28,2.12,2.17,2.18,2.12,169185.74
2013-11-29,2.17,2.15,2.18,2.15,91177.87
2013-12-02,2.13,2.08,2.15,2.06,153917.2
2013-12-03,2.07,2.12,2.13,2.07,101990.56
2013-12-04,2.12,2.19,2.21,2.11,264601.87
2013-12-05,2.18,2.18,2.19,2.16,118686.66
2013-12-06,2.17,2.18,2.19,2.16,91208.87
2013-12-09,2.18,2.18,2.2,2.17,84845.66
2013-12-10,2.18,2.15,2.19,2.14,104853.08
2013-12-11,2.15,2.12,2.15,2.11,88759.52
2013-12-12,2.12,2.12,2.14,2.1,65748.52
2013-12-13,2.1,2.12,2.14,2.1,66473.16
2013-12-16,2.13,2.08,2.13,2.07,74277.66
2013-12-17,2.08,2.07,2.09,2.07,48751.5
2013-12-18,2.08,2.11,2.11,2.08,62493.83
2013-12-19,2.11,2.08,2.12,2.08,51459.64
2013-12-20,2.1,2.04,2.1,2.03,66636.45
2013-12-23,2.06,2.04,2.06,2.02,39898.71
2013-12-24,2.05,2.04,2.06,2.03,37571.43
2013-12-25,2.05,2.06,2.06,2.04,36787.61
2013-12-26,2.05,2.0,2.06,2.0,69796.11
2013-12-27,2.01,2.03,2.04,2.0,66964.59
2013-12-30,2.04,2.04,2.05,2.03,51456.89
2013-12-31,2.02,2.05,2.06,2.02,49043.29
2014-01-02,2.05,2.04,2.05,2.03,46155.65
2014-01-03,2.03,2.02,2.05,2.01,47878.44
2014-01-06,2.02,1.95,2.03,1.95,82793.54
2014-01-07,1.94,1.96,1.97,1.93,33084.0
2014-01-08,1.96,1.93,1.98,1.93,52541.78
2014-01-09,1.93,1.91,1.95,1.9,53856.4
2014-01-10,1.9,1.86,1.9,1.83,91018.34
2014-01-13,1.85,1.85,1.87,1.85,45189.88
2014-01-14,1.85,1.88,1.9,1.85,45886.44
2014-01-15,1.88,1.85,1.89,1.83,40230.72
2014-01-16,1.85,1.86,1.88,1.83,46186.28
2014-01-17,1.85,1.83,1.85,1.83,48886.62
2014-01-20,1.83,1.84,1.84,1.81,34126.53
2014-01-21,1.84,1.85,1.87,1.84,36592.79
2014-01-22,1.85,1.9,1.91,1.85,72701.91
2014-01-23,1.9,1.89,1.9,1.88,49813.63
2014-01-24,1.88,1.89,1.91,1.87,51180.52
2014-01-27,1.88,1.87,1.89,1.87,43912.1
2014-01-28,1.88,1.87,1.89,1.87,30415.8
2014-01-29,1.88,1.88,1.89,1.87,38983.15
2014-01-30,1.88,1.85,1.88,1.85,35879.41
2014-02-07,1.84,1.86,1.86,1.83,34963.16
2014-02-10,1.87,1.91,1.92,1.87,93234.45
2014-02-11,1.91,1.94,1.95,1.9,122386.23
2014-02-12,1.94,1.93,1.94,1.92,70036.83
2014-02-13,1.93,1.9,1.93,1.9,80179.54
2014-02-14,1.9,1.92,1.93,1.9,62563.75
2014-02-17,1.94,1.94,1.95,1.92,82446.13
2014-02-18,1.94,1.92,1.95,1.91,72591.68
2014-02-19,1.92,1.92,1.94,1.91,84059.45
2014-02-20,1.93,1.95,2.02,1.91,226593.77
2014-02-21,1.94,1.91,1.95,1.91,124867.18
2014-02-24,1.9,1.86,1.91,1.85,82602.77
2014-02-25,1.86,1.83,1.87,1.82,83534.76
2014-02-26,1.82,1.84,1.84,1.8,73295.77
2014-02-27,1.84,1.85,1.9,1.83,86938.11
2014-02-28,1.85,1.87,1.89,1.84,78551.48
2014-03-03,1.85,1.88,1.91,1.85,87587.09
2014-03-04,1.87,1.87,1.9,1.85,81954.07
2014-03-05,1.87,1.87,1.9,1.86,71478.06
2014-03-06,1.87,1.85,1.87,1.83,83170.32
2014-03-07,1.85,1.83,1.86,1.82,66432.82
2014-03-10,1.82,1.73,1.82,1.73,100765.79
2014-03-11,1.74,1.74,1.76,1.73,50274.28
2014-03-12,1.74,1.77,1.79,1.73,75874.88
2014-03-13,1.78,1.78,1.81,1.77,49214.3
2014-03-14,1.83,1.84,1.91,1.82,258475.59
2014-03-17,1.78,1.83,1.83,1.78,128811.61
2014-03-18,1.83,1.81,1.83,1.8,67512.32
2014-03-19,1.8,1.8,1.8,1.77,60246.55
2014-03-20,1.8,1.78,1.81,1.78,54460.07
2014-03-21,1.78,1.83,1.84,1.75,117179.42
2014-03-24,1.83,1.86,1.87,1.82,121425.15
2014-03-25,1.84,1.86,1.87,1.83,84547.26
2014-03-26,1.86,1.84,1.88,1.84,59239.13
2014-03-27,1.84,1.82,1.85,1.82,58019.66
2014-03-28,1.81,1.8,1.83,1.8,56886.05
2014-03-31,1.81,1.8,1.82,1.78,60053.83
2014-04-01,1.8,1.83,1.83,1.79,62258.86
2014-04-02,1.82,1.84,1.85,1.82,70065.78
2014-04-03,1.85,1.82,1.87,1.81,72526.6
2014-04-04,1.82,1.83,1.83,1.81,44058.74
2014-04-08,1.84,1.87,1.87,1.83,133979.51
2014-04-09,1.87,1.86,1.87,1.85,79758.75
2014-04-10,1.86,1.9,1.91,1.85,174991.17
2014-04-11,1.89,1.88,1.89,1.87,98220.58
2014-04-14,1.87,1.88,1.88,1.86,61091.51
2014-04-15,1.87,1.85,1.88,1.84,73536.49
2014-04-16,1.84,1.85,1.86,1.84,47312.39
2014-04-17,1.85,1.84,1.86,1.84,44553.69
2014-04-18,1.84,1.85,1.85,1.83,37906.7
2014-04-21,1.83,1.83,1.85,1.83,61912.96
2014-04-22,1.83,1.82,1.84,1.8,59578.63
2014-04-23,1.81,1.81,1.83,1.81,43715.58
2014-04-24,1.86,1.85,1.9,1.85,193465.88
2014-04-25,1.85,1.81,1.85,1.81,82971.68
2014-04-28,1.8,1.76,1.81,1.75,77923.41
2014-04-29,1.76,1.79,1.8,1.75,46887.05
2014-04-30,1.79,1.78,1.79,1.77,60177.57
2014-05-05,1.78,1.79,1.8,1.77,44375.25
2014-05-06,1.79,1.81,1.82,1.78,46845.96
2014-05-07,1.8,1.79,1.81,1.79,37569.43
2014-05-08,1.79,1.8,1.83,1.78,62667.67
2014-05-09,1.82,1.84,1.85,1.8,79471.51
2014-05-12,1.85,1.89,1.91,1.84,191501.01
2014-05-13,1.89,1.87,1.9,1.86,97366.11
2014-05-14,1.86,1.87,1.88,1.85,60338.01
2014-05-15,1.85,1.85,1.91,1.84,126398.49
2014-05-16,1.85,1.92,1.93,1.85,219684.15
2014-05-19,1.92,1.9,1.94,1.88,136250.93
2014-05-20,1.91,1.88,1.92,1.87,87536.32
2014-05-21,1.87,1.89,1.9,1.86,63864.16
2014-05-22,1.89,1.85,1.9,1.85,91884.02
2014-05-23,1.86,1.87,1.88,1.85,45327.78
2014-05-26,1.87,1.87,1.88,1.85,59718.82
2014-05-27,1.87,1.86,1.88,1.85,48807.05
2014-05-28,1.86,1.87,1.87,1.84,71238.25
2014-05-29,1.87,1.84,1.87,1.84,50019.0
2014-05-30,1.85,1.84,1.85,1.83,43132.99
2014-06-03,1.85,1.84,1.87,1.84,46243.97
2014-06-04,1.84,1.82,1.85,1.82,71847.39
2014-06-05,1.82,1.84,1.84,1.81,49926.47
2014-06-06,1.84,1.82,1.84,1.81,55883.47
2014-06-09,1.81,1.82,1.84,1.81,37460.25
2014-06-10,1.82,1.84,1.84,1.81,59980.76
2014-06-11,1.84,1.84,1.84,1.83,35089.17
2014-06-12,1.83,1.85,1.85,1.83,60885.79
2014-06-13,1.84,1.86,1.86,1.84,66019.25
2014-06-16,1.86,1.86,1.88,1.85,75244.39
2014-06-17,1.86,1.81,1.86,1.81,131965.38
2014-06-18,1.81,1.82,1.83,1.81,61587.08
2014-06-19,1.83,1.8,1.84,1.8,82884.78
2014-06-20,1.8,1.8,1.81,1.8,43654.43
2014-06-23,1.81,1.81,1.82,1.79,48959.97
2014-06-24,1.81,1.82,1.82,1.8,46356.55
2014-06-25,1.82,1.8,1.82,1.8,39563.45
2014-06-26,1.8,1.82,1.82,1.8,56292.48
2014-06-27,1.82,1.83,1.84,1.8,90675.25
2014-06-30,1.83,1.85,1.85,1.82,96290.43
2014-07-01,1.85,1.86,1.86,1.83,88760.82
2014-07-02,1.85,1.86,1.87,1.84,76316.54
2014-07-03,1.86,1.86,1.87,1.85,93408.65
2014-07-04,1.87,1.85,1.88,1.85,89593.21
2014-07-07,1.85,1.86,1.86,1.84,64026.76
2014-07-08,1.86,1.88,1.89,1.85,106528.57
2014-07-09,1.98,1.92,2.02,1.91,450496.17
2014-07-10,1.9,1.95,1.98,1.9,265113.09
2014-07-11,1.94,1.99,1.99,1.92,256136.09
2014-07-14,1.99,2.05,2.05,1.97,286277.56
2014-07-15,2.04,2.04,2.05,2.0,185282.89
2014-07-16,2.02,2.03,2.06,2.01,214212.96
2014-07-17,2.02,2.05,2.08,2.01,182576.97
2014-07-18,2.03,2.08,2.12,2.02,248026.1
2014-07-21,2.1,2.15,2.17,2.08,292729.41
2014-07-22,2.15,2.15,2.17,2.11,191693.46
2014-07-23,2.15,2.09,2.15,2.07,204708.72
2014-07-24,2.08,2.11,2.12,2.07,153558.65
2014-07-25,2.11,2.22,2.22,2.1,313345.21
2014-07-28,2.22,2.22,2.23,2.18,279993.97
2014-07-29,2.23,2.19,2.23,2.18,223450.2
2014-07-30,2.18,2.19,2.2,2.14,299298.0
2014-07-31,2.18,2.18,2.19,2.15,180283.81
2014-08-01,2.18,2.17,2.25,2.16,281950.78
2014-08-04,2.16,2.19,2.2,2.14,258547.21
2014-08-05,2.2,2.17,2.21,2.16,245250.27
2014-08-06,2.18,2.18,2.2,2.15,246311.26
2014-08-07,2.18,2.14,2.19,2.14,209496.34
2014-08-08,2.14,2.16,2.16,2.14,105220.34
2014-08-11,2.16,2.18,2.18,2.15,113517.85
2014-08-12,2.18,2.19,2.2,2.17,139945.97
2014-08-13,2.19,2.26,2.27,2.18,378530.45
2014-08-14,2.27,2.21,2.28,2.21,234702.44
2014-08-15,2.21,2.22,2.24,2.21,121769.95
2014-08-18,2.22,2.22,2.25,2.21,155794.93
2014-08-19,2.22,2.21,2.22,2.2,134521.66
2014-08-20,2.21,2.22,2.24,2.2,103586.04
2014-08-21,2.22,2.2,2.22,2.18,136709.05
2014-08-22,2.19,2.18,2.2,2.16,152735.12
2014-08-25,2.18,2.18,2.2,2.16,127805.94
2014-08-26,2.18,2.11,2.19,2.09,204763.57
2014-08-27,2.12,2.11,2.12,2.1,128770.88
2014-08-28,2.1,2.11,2.12,2.1,97589.7
2014-08-29,2.1,2.14,2.15,2.1,139679.61
2014-09-01,2.14,2.19,2.2,2.14,169373.4
2014-09-02,2.2,2.21,2.21,2.18,214713.62
2014-09-03,2.22,2.21,2.24,2.2,217075.7
2014-09-04,2.21,2.21,2.22,2.19,229851.01
2014-09-05,2.21,2.25,2.25,2.21,329047.34
2014-09-09,2.25,2.24,2.26,2.22,178132.63
2014-09-10,2.22,2.23,2.24,2.21,153916.29
2014-09-11,2.22,2.22,2.25,2.21,231097.38
2014-09-12,2.21,2.25,2.26,2.21,224182.31
2014-09-15,2.25,2.31,2.34,2.24,482947.21
2014-09-16,2.32,2.25,2.33,2.24,313005.63
2014-09-17,2.25,2.36,2.45,2.24,604976.14
2014-09-18,2.36,2.36,2.41,2.33,281088.81
2014-09-19,2.36,2.39,2.43,2.36,249715.72
2014-09-22,2.39,2.33,2.39,2.31,261220.4
2014-09-23,2.34,2.35,2.38,2.33,175705.19
2014-09-24,2.34,2.38,2.4,2.32,223885.08
2014-09-25,2.38,2.39,2.45,2.37,267240.81
2014-09-26,2.39,2.39,2.41,2.36,129853.98
2014-09-29,2.39,2.41,2.41,2.38,176588.16
2014-09-30,2.4,2.43,2.45,2.4,226610.81
2014-10-08,2.44,2.47,2.48,2.42,186139.0
2014-10-09,2.48,2.45,2.49,2.42,219934.27
2014-10-10,2.44,2.38,2.45,2.36,287107.58
2014-10-13,2.37,2.35,2.37,2.3,278793.75
2014-10-14,2.34,2.35,2.37,2.32,166579.34
2014-10-15,2.34,2.36,2.38,2.32,156126.48
2014-10-16,2.35,2.32,2.39,2.32,192921.86
2014-10-17,2.31,2.29,2.35,2.25,175588.83
2014-10-20,2.29,2.31,2.31,2.29,103910.85
2014-10-21,2.31,2.28,2.33,2.28,117368.62
2014-10-22,2.28,2.27,2.31,2.27,95911.93
2014-10-23,2.27,2.23,2.28,2.22,139933.61
2014-10-24,2.23,2.22,2.25,2.21,98182.86
2014-10-27,2.22,2.24,2.24,2.21,69444.24
2014-10-28,2.24,2.29,2.29,2.24,112748.04
2014-10-29,2.3,2.31,2.33,2.28,199576.09
2014-10-30,2.31,2.32,2.33,2.3,177717.0
2014-10-31,2.3,2.36,2.37,2.3,269610.92
2014-11-03,2.37,2.41,2.43,2.35,364257.07
2014-11-04,2.51,2.65,2.65,2.5,1296898.7
2014-11-05,2.79,2.72,2.85,2.68,1527521.88
2014-11-06,2.67,2.67,2.71,2.6,599787.09
2014-11-07,2.68,2.58,2.74,2.57,618178.73
2014-11-10,2.62,2.72,2.73,2.58,677375.57
2014-11-11,2.72,2.61,2.76,2.57,533620.21
2014-11-12,2.6,2.63,2.63,2.53,480168.43
2014-11-13,2.62,2.55,2.62,2.53,355817.36
2014-11-14,2.54,2.56,2.57,2.48,229337.83
2014-11-17,2.56,2.55,2.59,2.52,230581.75
2014-11-18,2.54,2.57,2.61,2.53,234681.05
2014-11-19,2.56,2.54,2.58,2.54,160519.94
2014-11-20,2.53,2.58,2.59,2.52,239978.25
2014-11-21,2.65,2.7,2.7,2.65,646942.22
2014-11-24,2.8,2.82,2.91,2.73,933727.57
2014-11-25,2.81,2.84,2.87,2.76,469356.0
2014-11-26,2.85,2.84,2.95,2.81,506158.29
2014-11-27,2.85,2.81,2.86,2.77,419434.96
2014-11-28,2.82,2.79,2.82,2.73,414613.23
2014-12-01,2.79,2.86,2.94,2.77,491722.81
2014-12-02,2.84,2.9,2.94,2.82,512026.97
2014-12-03,2.9,2.91,3.01,2.87,559017.75
2014-12-04,2.93,2.98,3.0,2.92,512431.06
2014-12-05,3.02,2.92,3.11,2.79,731152.56
2014-12-08,2.87,3.21,3.21,2.82,1002630.02
2014-12-09,3.24,3.06,3.51,3.01,1403277.11
2014-12-10,3.07,3.37,3.37,3.07,800857.9
2014-12-11,3.42,3.46,3.58,3.33,821682.75
2014-12-12,3.46,3.49,3.52,3.35,599209.36
2014-12-15,3.46,3.73,3.82,3.4,842410.52
2014-12-16,3.84,3.77,3.92,3.75,1006138.28
2014-12-17,3.73,3.65,3.74,3.5,759063.79
2014-12-18,3.67,3.75,3.82,3.67,723499.08
2014-12-19,3.69,4.13,4.13,3.62,1445142.17
2014-12-22,4.35,3.94,4.37,3.9,1437164.27
2014-12-23,3.95,3.66,4.03,3.55,743857.13
2014-12-24,3.83,3.73,3.9,3.64,698698.0
2014-12-25,3.74,4.1,4.1,3.74,1492720.34
2014-12-26,4.11,4.16,4.35,3.99,1932226.33
2014-12-29,4.05,4.24,4.38,4.01,1340276.97
2014-12-30,4.14,4.13,4.24,4.08,658202.04
2014-12-31,4.13,4.1,4.33,4.07,727763.55
2015-01-05,4.1,4.08,4.16,3.86,872991.75
2015-01-06,4.02,3.94,4.02,3.89,914183.78
2015-01-07,3.94,4.03,4.06,3.93,691170.61
2015-01-08,4.02,3.87,4.02,3.87,575709.77
2015-01-09,3.83,3.78,3.96,3.75,708655.06
2015-01-12,3.72,3.63,3.72,3.59,514225.03
2015-01-13,3.63,3.66,3.69,3.61,278250.47
2015-01-14,3.66,3.58,3.68,3.53,308388.18
2015-01-15,3.58,3.71,3.71,3.56,405879.6
2015-01-16,3.72,3.71,3.8,3.68,466449.61
2015-01-19,3.5,3.34,3.55,3.34,625645.49
2015-01-20,3.34,3.4,3.43,3.3,423539.86
2015-01-21,3.41,3.57,3.61,3.39,542749.12
2015-01-22,3.57,3.59,3.63,3.53,424187.48
2015-01-23,3.63,3.58,3.67,3.56,413453.13
2015-01-26,3.58,3.61,3.62,3.57,314439.53
2015-01-27,3.62,3.68,3.69,3.58,572235.0
2015-01-28,3.64,3.59,3.68,3.57,403546.88
2015-01-29,3.56,3.47,3.56,3.45,392985.3
2015-01-30,3.41,3.25,3.42,3.15,1043889.89
2015-02-02,3.17,3.11,3.23,3.08,592404.46
2015-02-03,3.14,3.24,3.24,3.09,575225.9
2015-02-04,3.19,3.17,3.23,3.15,481983.61
2015-02-05,3.23,3.11,3.24,3.11,480515.26
2015-02-06,3.09,3.11,3.17,3.06,435567.02
2015-02-09,3.11,3.18,3.19,3.1,344295.72
2015-02-10,3.19,3.24,3.27,3.18,392643.12
2015-02-11,3.25,3.22,3.26,3.2,243070.64
2015-02-12,3.22,3.23,3.24,3.2,250617.04
2015-02-13,3.25,3.29,3.33,3.23,508669.32
2015-02-16,3.36,3.39,3.47,3.34,534063.02
2015-02-17,3.37,3.38,3.41,3.36,285400.34
2015-02-25,3.38,3.41,3.45,3.34,385022.36
2015-02-26,3.41,3.75,3.75,3.39,1366350.01
2015-02-27,3.76,3.69,3.77,3.66,806946.48
2015-03-02,3.79,3.85,4.04,3.71,1022254.28
2015-03-03,3.83,3.79,3.91,3.73,647154.4
2015-03-04,3.78,3.78,3.87,3.72,549366.58
2015-03-05,3.78,3.77,3.82,3.7,583815.55
2015-03-06,3.74,3.76,3.84,3.72,490544.27
2015-03-09,3.72,3.79,3.83,3.64,698321.82
2015-03-10,3.79,3.82,3.88,3.76,584996.2
2015-03-11,3.83,3.82,3.88,3.79,500674.76
2015-03-12,3.85,3.76,3.85,3.75,463405.02
2015-03-13,3.75,3.82,3.85,3.75,514476.69
2015-03-16,3.84,3.89,3.92,3.81,608777.9
2015-03-17,3.93,4.05,4.18,3.91,1127867.18
2015-03-18,4.1,4.09,4.17,4.02,893432.48
2015-03-19,4.09,4.11,4.2,4.02,1017589.28
2015-03-20,4.15,4.07,4.15,4.04,671374.67
2015-03-23,4.08,4.08,4.13,4.05,751729.77
2015-03-24,4.08,3.97,4.08,3.88,944362.6
2015-03-25,3.97,3.98,4.04,3.88,750387.15
2015-03-26,3.98,4.04,4.1,3.95,825835.56
2015-03-27,4.04,4.05,4.12,3.95,723025.97
2015-03-30,4.0,4.42,4.45,3.97,2352809.02
2015-03-31,4.38,4.19,4.38,4.17,1697628.83
2015-04-01,4.19,4.21,4.24,4.13,910460.17
2015-04-02,4.2,4.16,4.2,4.11,927281.76
2015-04-03,4.13,4.14,4.18,4.1,686503.05
2015-04-07,4.17,4.21,4.28,4.16,1015637.53
2015-04-08,4.21,4.24,4.28,4.16,1225305.34
2015-04-09,4.23,4.02,4.23,3.98,949321.65
2015-04-10,4.02,4.05,4.06,3.97,625895.68
2015-04-13,4.05,4.1,4.12,4.02,803936.91
2015-04-14,4.1,4.14,4.21,4.05,975522.86
2015-04-15,4.1,3.92,4.1,3.91,962819.8
2015-04-16,3.84,3.92,3.99,3.78,615700.45
2015-04-17,3.93,4.1,4.19,3.93,1316829.22
2015-04-20,4.05,4.14,4.35,3.99,1856162.58
2015-04-21,4.13,4.15,4.17,4.01,842300.0
2015-04-22,4.15,4.22,4.28,4.15,1286892.22
2015-04-23,4.24,4.35,4.38,4.19,1533870.73
2015-04-24,4.32,4.3,4.43,4.23,1290500.17
2015-04-27,4.32,4.36,4.53,4.3,1243522.16
2015-04-28,4.36,4.1,4.42,4.07,1109674.77
2015-04-29,4.07,4.08,4.13,3.98,611069.93
2015-04-30,4.07,4.02,4.13,4.02,499581.69
2015-05-04,4.05,4.07,4.13,4.05,524709.98
2015-05-05,4.08,3.87,4.08,3.86,603679.17
2015-05-06,3.87,3.75,3.96,3.69,534975.92
2015-05-07,3.75,3.63,3.82,3.62,450580.53
2015-05-08,3.68,3.72,3.73,3.61,427407.16
2015-05-11,3.77,3.85,3.86,3.69,593477.0
2015-05-12,3.85,3.83,3.87,3.79,513256.09
2015-05-13,3.84,3.83,3.92,3.8,495234.99
2015-05-14,3.85,3.75,3.86,3.73,435679.72
2015-05-15,3.75,3.81,3.88,3.71,574209.21
2015-05-18,3.81,3.83,3.88,3.78,451284.75
2015-05-19,3.95,4.08,4.18,3.91,1036617.7
2015-05-20,4.08,4.04,4.13,4.01,917349.15
2015-05-21,4.05,4.19,4.29,4.02,907118.19
2015-05-22,4.21,4.15,4.21,4.08,834774.5
2015-05-25,4.14,4.23,4.28,4.14,1008711.55
2015-05-26,4.26,4.31,4.34,4.17,1208685.91
2015-05-27,4.3,4.21,4.3,4.16,1066287.79
2015-05-28,4.2,4.1,4.56,4.09,1753732.05
2015-05-29,4.08,4.01,4.18,3.78,966457.95
2015-06-01,4.02,4.24,4.28,4.02,976463.87
2015-06-02,4.27,4.49,4.51,4.24,1567726.31
2015-06-03,4.53,4.57,4.68,4.3,2166321.28
2015-06-04,4.46,4.53,4.54,4.15,1376015.36
2015-06-05,4.56,4.7,4.77,4.51,2066046.09
2015-06-08,4.71,4.73,4.86,4.65,1638989.34
2015-06-09,4.73,4.65,4.83,4.6,1200083.54
2015-06-10,4.61,4.63,4.71,4.55,916004.36
2015-06-11,4.64,4.74,4.76,4.58,989577.15
2015-06-12,4.76,4.88,5.0,4.69,1323656.07
2015-06-15,4.89,4.79,5.04,4.78,1163333.52
2015-06-16,4.73,4.5,4.73,4.45,892095.91
2015-06-17,4.52,4.62,4.65,4.31,710466.71
2015-06-18,4.57,4.42,4.69,4.39,658300.34
2015-06-19,4.36,4.08,4.43,4.07,722748.35
2015-06-23,4.08,4.2,4.26,3.78,733393.2
2015-06-24,4.21,4.36,4.39,4.2,820882.92
2015-06-25,4.37,4.19,4.5,4.13,804078.78
2015-06-26,4.06,3.77,4.15,3.77,871618.99
2015-06-29,3.88,3.39,3.94,3.39,1041252.26
2015-06-30,3.39,3.64,3.68,3.08,988663.7
2015-07-01,3.62,3.35,3.71,3.3,743864.81
2015-07-02,3.36,3.03,3.42,3.01,812128.43
2015-07-14,3.33,3.33,3.33,3.33,80081.18
2015-07-15,3.66,3.57,3.66,3.04,1961038.88
2015-07-16,3.46,3.53,3.65,3.24,880814.96
2015-07-17,3.53,3.73,3.76,3.48,1130067.23
2015-07-20,3.65,3.73,3.81,3.61,1058943.71
2015-07-21,3.67,3.64,3.71,3.61,577429.44
2015-07-22,3.64,3.63,3.73,3.58,597552.88
2015-07-23,3.63,3.67,3.69,3.59,715021.08
2015-07-24,3.67,3.57,3.73,3.54,806419.15
2015-07-27,3.48,3.21,3.52,3.21,777120.19
2015-07-28,3.06,3.07,3.14,2.89,782310.66
2015-07-29,3.11,3.19,3.2,3.02,458481.31
2015-07-30,3.16,3.01,3.23,2.97,448258.82
2015-07-31,2.96,3.03,3.06,2.91,445396.28
2015-08-03,3.01,3.14,3.14,2.96,412231.95
2015-08-04,3.13,3.23,3.23,3.09,407116.72
2015-08-05,3.21,3.29,3.48,3.19,625267.6
2015-08-06,3.2,3.19,3.29,3.17,310880.96
2015-08-07,3.24,3.26,3.29,3.22,395744.07
2015-08-10,3.27,3.38,3.42,3.25,579562.12
2015-08-11,3.4,3.36,3.48,3.35,611120.78
2015-08-12,3.39,3.34,3.45,3.32,406663.97
2015-08-13,3.32,3.4,3.43,3.3,401923.33
2015-08-14,3.4,3.36,3.42,3.33,477178.12
2015-08-17,3.36,3.38,3.39,3.32,366291.18
2015-08-18,3.39,3.07,3.46,3.04,662001.12
2015-08-19,3.0,3.11,3.12,2.84,478603.73
2015-08-20,3.07,2.99,3.11,2.98,328971.18
2015-08-21,2.92,2.77,3.0,2.75,378031.07
2015-08-24,3.04,3.04,3.04,2.91,2091236.74
2015-08-25,2.86,2.95,3.28,2.84,2378968.51
2015-08-26,2.96,3.21,3.24,2.95,1865446.86
2015-08-27,3.3,3.3,3.34,3.01,2548526.07
2015-08-28,3.38,3.62,3.62,3.35,1362804.87
2015-08-31,3.69,3.58,3.89,3.54,2671886.98
2015-09-01,3.44,3.23,3.51,3.23,1661770.46
2015-09-02,2.95,2.91,3.29,2.91,1425880.56
2015-09-07,3.01,3.17,3.2,3.01,1705783.3
2015-09-08,3.05,3.33,3.4,2.96,1408189.4
2015-09-09,3.32,3.44,3.56,3.27,1679663.46
2015-09-10,3.33,3.38,3.51,3.3,1227819.01
2015-09-11,3.38,3.51,3.56,3.36,1221825.77
2015-09-14,3.58,3.16,3.7,3.16,1714292.58
2015-09-15,3.08,2.98,3.22,2.92,1007820.85
2015-09-16,3.05,3.28,3.28,3.03,934300.97
2015-09-17,3.54,3.51,3.61,3.44,1318208.14
2015-09-18,3.65,3.6,3.76,3.48,1955225.15
2015-09-21,3.57,3.95,3.96,3.46,2003132.8
2015-09-22,3.84,3.79,3.95,3.76,1737809.08
2015-09-23,3.71,3.95,4.11,3.63,6935607.89
2015-09-24,3.88,3.8,3.97,3.72,4120376.0
2015-09-25,3.79,3.52,3.86,3.47,3076307.45
2015-09-28,3.52,3.59,3.63,3.49,1746903.47
2015-09-29,3.52,3.39,3.54,3.36,2032633.46
2015-09-30,3.39,3.36,3.45,3.33,1334599.64
2015-10-08,3.5,3.52,3.59,3.4,2328111.49
2015-10-09,3.49,3.56,3.66,3.45,2348438.42
2015-10-12,3.54,3.79,3.92,3.52,4417841.77
2015-10-13,3.73,3.78,3.83,3.68,2799765.2
2015-10-14,3.75,3.63,3.78,3.62,2529126.51
2015-10-15,3.61,3.73,3.78,3.57,2602224.59
2015-10-16,3.73,3.74,3.78,3.65,3030770.43
2015-10-19,3.78,3.68,3.78,3.63,2617457.48
2015-10-20,3.67,3.77,3.77,3.63,2611704.81
2015-10-21,3.81,3.46,3.83,3.42,3521906.68
2015-10-22,3.48,3.54,3.55,3.41,2010358.16
2015-10-23,3.55,3.54,3.59,3.46,1916418.6
2015-10-26,3.6,3.78,3.87,3.52,3990574.93
2015-10-27,3.71,3.72,3.75,3.54,2616331.39
2015-10-28,3.68,3.69,3.83,3.66,2594345.24
2015-10-29,3.71,3.69,3.74,3.66,1793787.98
2015-10-30,3.68,3.68,3.71,3.61,1583260.32
2015-11-02,3.59,3.54,3.67,3.53,1428282.84
2015-11-03,3.54,3.5,3.58,3.49,920940.36
2015-11-04,3.51,3.64,3.66,3.51,1733885.12
2015-11-05,3.63,3.7,3.79,3.6,3337895.09
2015-11-06,3.68,3.73,3.77,3.66,2454405.65
2015-11-09,3.72,3.75,3.83,3.64,2993909.66
2015-11-10,3.7,3.71,3.73,3.68,2080992.75
2015-11-11,3.75,3.78,3.82,3.71,2944551.41
2015-11-12,3.78,3.71,3.79,3.68,2183707.57
2015-11-13,3.68,3.64,3.7,3.63,1580683.18
2015-11-16,3.59,3.68,3.68,3.56,1159648.85
2015-11-17,3.71,3.69,3.78,3.68,2152874.24
2015-11-18,3.68,3.78,3.86,3.64,3444367.52
2015-11-19,3.81,3.96,4.0,3.73,4706383.73
2015-11-20,3.94,4.26,4.35,3.9,6403103.01
2015-11-23,4.27,4.1,4.29,4.08,4060561.87
2015-11-24,4.1,4.14,4.19,4.06,2265727.8
2015-11-25,4.14,4.08,4.15,4.0,2384425.22
2015-11-26,4.06,3.97,4.07,3.97,1878409.22
2015-11-27,3.96,3.67,3.97,3.59,2706839.51
2015-11-30,3.63,3.61,3.69,3.41,1868332.36
2015-12-01,3.63,3.66,3.67,3.58,1135721.85
2015-12-02,3.66,3.81,3.87,3.6,2006005.02
2015-12-03,3.77,3.78,3.79,3.73,1311485.07
2015-12-04,3.77,3.68,3.77,3.65,1321095.05
2015-12-07,3.69,3.68,3.73,3.64,801831.52
2015-12-08,3.65,3.57,3.67,3.55,1024445.97
2015-12-09,3.54,3.58,3.67,3.52,1100129.41
2015-12-10,3.56,3.51,3.59,3.5,1024524.4
2015-12-11,3.5,3.5,3.52,3.47,680707.76
2015-12-14,3.47,3.58,3.59,3.45,722149.95
2015-12-15,3.59,3.57,3.64,3.55,703225.0
2015-12-16,3.57,3.54,3.59,3.54,649013.91
2015-12-17,3.56,3.6,3.62,3.55,875865.7
2015-12-18,3.6,3.59,3.64,3.56,830852.11
2015-12-21,3.58,3.64,3.64,3.55,1199820.59
2015-12-22,3.63,3.64,3.65,3.59,890582.45
2015-12-23,3.64,3.61,3.67,3.59,1161803.53
2015-12-24,3.61,3.56,3.61,3.54,771827.71
2015-12-25,3.57,3.6,3.63,3.55,682686.04
2015-12-28,3.6,3.53,3.6,3.53,772872.17
2015-12-29,3.53,3.54,3.54,3.5,443653.39
2015-12-30,3.55,3.54,3.57,3.52,435171.35
2015-12-31,3.53,3.5,3.54,3.48,545897.82
2016-01-04,3.51,3.18,3.51,3.17,892845.72
2016-01-05,3.07,3.19,3.28,2.93,1078109.76
2016-01-06,3.2,3.3,3.31,3.18,829841.33
2016-01-07,3.27,3.0,3.27,2.98,215127.05
2016-01-08,3.1,3.07,3.16,2.91,939353.5
2016-01-11,3.05,2.96,3.15,2.94,946159.62
2016-01-12,2.97,2.96,3.02,2.91,567640.25
2016-01-13,2.95,2.89,2.99,2.89,520404.59
2016-01-14,2.83,2.93,2.93,2.79,665084.74
2016-01-15,2.9,2.78,2.91,2.76,628710.66
2016-01-18,2.73,2.77,2.82,2.7,518377.88
2016-01-19,2.77,2.89,2.94,2.75,753335.34
2016-01-20,2.86,2.84,2.89,2.8,593682.7
2016-01-21,2.77,2.75,2.86,2.75,470662.75
2016-01-22,2.78,2.77,2.8,2.72,365224.26
2016-01-25,2.79,2.79,2.82,2.76,328349.73
2016-01-26,2.76,2.51,2.77,2.51,832458.61
2016-01-27,2.51,2.43,2.55,2.28,917071.05
2016-01-28,2.4,2.34,2.46,2.32,513141.23
2016-01-29,2.35,2.44,2.48,2.34,556500.75
2016-02-01,2.43,2.42,2.46,2.38,413218.64
2016-02-02,2.42,2.47,2.5,2.42,401970.04
2016-02-03,2.46,2.51,2.54,2.43,400677.69
2016-02-04,2.5,2.51,2.55,2.49,424366.23
2016-02-05,2.53,2.49,2.53,2.49,313224.43
2016-02-15,2.42,2.46,2.47,2.39,328144.02
2016-02-16,2.46,2.56,2.6,2.45,661980.12
2016-02-17,2.55,2.57,2.59,2.52,627247.43
2016-02-18,2.6,2.67,2.76,2.6,1346920.45
2016-02-19,2.64,2.65,2.67,2.62,525861.28
2016-02-22,2.67,2.7,2.74,2.67,590882.36
2016-02-23,2.69,2.7,2.74,2.67,514808.19
2016-02-24,2.69,2.73,2.74,2.68,556417.52
2016-02-25,2.72,2.49,2.72,2.46,927472.08
2016-02-26,2.51,2.53,2.55,2.45,527059.48
2016-02-29,2.51,2.42,2.51,2.33,633361.01
2016-03-01,2.42,2.46,2.48,2.42,416733.46
2016-03-02,2.47,2.59,2.6,2.46,764393.41
2016-03-03,2.59,2.62,2.7,2.57,1008929.76
2016-03-04,2.61,2.63,2.71,2.57,1124650.77
2016-03-07,2.67,2.66,2.72,2.64,776271.34
2016-03-08,2.65,2.63,2.66,2.54,605825.71
2016-03-09,2.57,2.57,2.6,2.55,328018.85
2016-03-10,2.56,2.58,2.63,2.56,490258.06
2016-03-11,2.56,2.6,2.6,2.55,335276.1
2016-03-14,2.62,2.68,2.7,2.61,703338.94
2016-03-15,2.68,2.76,2.78,2.66,1331238.01
2016-03-16,2.72,2.75,2.83,2.72,685922.24
2016-03-17,2.75,2.79,2.81,2.75,667379.92
2016-03-18,2.8,2.82,2.84,2.79,780066.17
2016-03-21,2.83,3.01,3.1,2.83,1563860.96
2016-03-22,3.0,2.93,3.0,2.91,641191.46
2016-03-23,2.91,2.98,3.12,2.9,1011525.6
2016-03-24,2.96,2.89,3.0,2.89,745581.32
2016-03-25,2.89,2.95,3.02,2.89,1201035.0
2016-03-28,2.97,2.92,2.98,2.9,635077.07
2016-03-29,2.93,2.87,2.94,2.82,512568.81
2016-03-30,2.88,2.92,2.93,2.88,480293.82
2016-03-31,2.92,2.89,2.93,2.88,478744.68
2016-04-01,2.89,2.89,2.93,2.82,635981.37
2016-04-05,2.89,2.96,3.03,2.88,905492.81
2016-04-06,2.97,2.98,3.03,2.94,632812.84
2016-04-07,2.98,2.93,3.03,2.92,643052.13
2016-04-08,2.91,2.94,2.96,2.89,481532.73
2016-04-11,2.96,3.08,3.18,2.96,1772146.47
2016-04-12,3.07,3.03,3.11,3.03,724526.46
2016-04-13,3.05,3.05,3.14,3.04,1013094.88
2016-04-14,3.07,3.12,3.13,3.04,767357.72
2016-04-15,3.15,3.17,3.26,3.12,1637678.71
2016-04-18,3.16,3.14,3.25,3.08,990222.56
2016-04-19,3.17,3.15,3.22,3.13,558514.44
2016-04-20,3.16,3.07,3.17,2.93,1205384.7
2016-04-21,3.05,2.92,3.07,2.91,1131653.55
2016-04-22,2.93,2.88,3.0,2.82,1388132.46
2016-04-25,2.88,2.84,2.92,2.8,697178.74
2016-04-26,2.85,2.85,2.87,2.82,466988.69
2016-04-27,2.84,2.8,2.86,2.79,680978.11
2016-04-28,2.82,2.76,2.82,2.7,864319.62
2016-04-29,2.74,2.77,2.82,2.72,494468.26
2016-05-03,2.78,2.83,2.84,2.77,937265.05
2016-05-04,2.81,2.8,2.83,2.79,561768.31
2016-05-05,2.8,2.79,2.81,2.77,333040.44
2016-05-06,2.79,2.78,2.91,2.77,1366086.44
2016-05-09,2.75,2.69,2.8,2.68,875941.18
2016-05-10,2.72,2.7,2.75,2.69,427907.36
2016-05-11,2.72,2.7,2.75,2.68,444165.08
2016-05-12,2.69,2.66,2.69,2.63,380228.34
2016-05-13,2.7,2.76,2.87,2.68,1638892.36
2016-05-16,2.77,2.74,2.77,2.7,1343289.2
2016-05-17,2.74,2.69,2.74,2.66,736774.85
2016-05-18,2.65,2.59,2.67,2.56,762948.82
2016-05-19,2.59,2.59,2.62,2.58,437951.3
2016-05-20,2.56,2.57,2.58,2.54,423239.48
2016-05-23,2.57,2.58,2.61,2.56,387553.86
2016-05-24,2.59,2.56,2.6,2.55,328278.88
2016-05-25,2.56,2.59,2.62,2.56,612378.84
2016-05-26,2.57,2.57,2.59,2.53,365988.24
2016-05-27,2.57,2.56,2.58,2.56,253027.01
2016-05-30,2.56,2.57,2.6,2.56,317537.04
2016-05-31,2.57,2.65,2.65,2.57,860346.46
2016-06-01,2.63,2.63,2.66,2.62,624247.59
2016-06-02,2.63,2.63,2.63,2.6,502927.72
2016-06-03,2.63,2.62,2.64,2.6,512463.33
2016-06-06,2.62,2.6,2.63,2.6,294971.64
2016-06-07,2.6,2.61,2.61,2.59,266225.88
2016-06-08,2.6,2.6,2.6,2.58,295607.07
2016-06-13,2.58,2.5,2.58,2.48,499708.5
2016-06-14,2.5,2.51,2.52,2.49,284805.73
2016-06-15,2.5,2.55,2.57,2.47,432299.2
2016-06-16,2.55,2.51,2.55,2.51,315675.86
2016-06-17,2.52,2.52,2.54,2.51,260061.24
2016-06-20,2.52,2.51,2.52,2.5,238382.69
2016-06-21,2.52,2.51,2.55,2.51,350992.57
2016-06-22,2.51,2.53,2.53,2.51,206730.28
2016-06-23,2.52,2.51,2.53,2.51,227351.64
2016-06-24,2.51,2.48,2.53,2.46,460341.93
2016-06-27,2.47,2.51,2.51,2.46,362154.74
2016-06-28,2.49,2.52,2.52,2.49,308879.71
2016-06-29,2.52,2.54,2.56,2.52,452175.42
2016-06-30,2.54,2.52,2.55,2.51,241998.34
2016-07-01,2.52,2.52,2.54,2.51,256487.01
2016-07-04,2.52,2.56,2.57,2.51,505225.52
2016-07-05,2.56,2.62,2.67,2.56,1007014.16
2016-07-06,2.62,2.6,2.62,2.58,559986.53
2016-07-07,2.6,2.6,2.6,2.57,408560.11
2016-07-08,2.6,2.58,2.6,2.56,310053.11
2016-07-11,2.58,2.59,2.61,2.58,392503.91
2016-07-12,2.59,2.63,2.64,2.58,588661.99
2016-07-13,2.63,2.65,2.65,2.62,725001.88
2016-07-14,2.63,2.62,2.65,2.61,334424.08
2016-07-15,2.64,2.63,2.65,2.62,477252.48
2016-07-18,2.64,2.64,2.65,2.6,527430.46
2016-07-19,2.64,2.62,2.64,2.6,323552.04
2016-07-20,2.62,2.64,2.65,2.61,388992.33
2016-07-21,2.63,2.63,2.64,2.61,386383.46
2016-07-22,2.63,2.6,2.63,2.6,337298.12
2016-07-25,2.6,2.6,2.62,2.58,295344.2
2016-07-26,2.6,2.63,2.63,2.6,346706.75
2016-07-27,2.62,2.56,2.65,2.53,698881.1
2016-07-28,2.56,2.56,2.57,2.54,355198.63
2016-07-29,2.56,2.55,2.57,2.54,266217.94
2016-08-01,2.55,2.53,2.56,2.51,288244.39
2016-08-02,2.54,2.56,2.56,2.52,268360.78
2016-08-03,2.56,2.56,2.57,2.54,196853.74
2016-08-04,2.56,2.56,2.56,2.54,219010.19
2016-08-05,2.55,2.55,2.56,2.55,210644.23
2016-08-08,2.55,2.59,2.59,2.55,403344.12
2016-08-09,2.58,2.61,2.61,2.58,357711.38
2016-08-10,2.61,2.6,2.61,2.59,258950.02
2016-08-11,2.6,2.65,2.66,2.59,1056579.93
2016-08-12,2.62,2.64,2.65,2.6,865883.23
2016-08-15,2.64,2.66,2.69,2.63,932822.23
2016-08-16,2.67,2.67,2.72,2.66,875448.1
2016-08-17,2.67,2.68,2.7,2.66,524023.76
2016-08-18,2.68,2.66,2.7,2.65,482896.23
2016-08-19,2.66,2.68,2.69,2.64,501013.63
2016-08-22,2.67,2.66,2.69,2.65,314702.75
2016-08-23,2.66,2.68,2.7,2.65,384390.27
2016-08-24,2.68,2.66,2.69,2.66,287171.79
2016-08-25,2.65,2.63,2.66,2.62,322081.32
2016-08-26,2.64,2.64,2.65,2.63,259504.49
2016-08-29,2.64,2.67,2.68,2.63,364846.65
2016-08-30,2.67,2.66,2.68,2.65,260208.38
2016-08-31,2.66,2.67,2.67,2.65,223986.92
2016-09-01,2.67,2.62,2.67,2.62,412239.95
2016-09-02,2.63,2.63,2.65,2.62,271929.7
2016-09-05,2.64,2.66,2.68,2.64,297051.98
2016-09-06,2.66,2.69,2.69,2.65,467419.09
2016-09-07,2.69,2.77,2.85,2.67,1676369.27
2016-09-08,2.75,2.75,2.77,2.73,646828.87
2016-09-09,2.75,2.75,2.8,2.74,596756.53
2016-09-12,2.7,2.69,2.74,2.69,582376.11
2016-09-13,2.7,2.69,2.72,2.68,305753.09
2016-09-14,2.66,2.65,2.68,2.61,542831.1
2016-09-19,2.65,2.7,2.73,2.64,533707.24
2016-09-20,2.69,2.68,2.69,2.67,258250.69
2016-09-21,2.68,2.69,2.7,2.66,366785.34
2016-09-22,2.7,2.67,2.7,2.67,300183.8
2016-09-23,2.68,2.65,2.69,2.65,284061.86
2016-09-26,2.65,2.61,2.65,2.6,406213.18
2016-09-27,2.6,2.62,2.62,2.6,259564.97
2016-09-28,2.63,2.6,2.63,2.6,129583.03
2016-09-29,2.61,2.61,2.63,2.6,174281.08
2016-09-30,2.6,2.62,2.63,2.6,177778.55
2016-10-10,2.63,2.65,2.65,2.62,283924.46
2016-10-11,2.65,2.67,2.67,2.64,331021.66
2016-10-12,2.67,2.66,2.69,2.65,311898.66
2016-10-13,2.66,2.67,2.68,2.65,318455.09
2016-10-14,2.68,2.66,2.68,2.65,298375.65
2016-10-17,2.67,2.66,2.7,2.65,531093.97
2016-10-18,2.65,2.71,2.72,2.65,675386.99
2016-10-19,2.72,2.7,2.72,2.69,441967.3
2016-10-20,2.7,2.69,2.71,2.68,349292.17
2016-10-21,2.69,2.75,2.83,2.67,1492556.23
2016-10-24,2.73,2.77,2.79,2.72,1071914.75
2016-10-25,2.77,2.75,2.79,2.75,459896.88
2016-10-26,2.75,2.73,2.77,2.72,562629.38
2016-10-27,2.73,2.72,2.75,2.71,348238.87
2016-10-28,2.72,2.7,2.74,2.69,348778.27
2016-10-31,2.68,2.69,2.7,2.67,335829.87
2016-11-01,2.69,2.7,2.7,2.68,298300.34
2016-11-02,2.7,2.67,2.7,2.67,332722.67
2016-11-03,2.67,2.7,2.72,2.65,447751.02
2016-11-04,2.7,2.68,2.71,2.67,301781.32
2016-11-07,2.69,2.69,2.7,2.66,321075.04
2016-11-08,2.69,2.7,2.73,2.69,545806.01
2016-11-09,2.71,2.68,2.72,2.67,512272.52
2016-11-10,2.7,2.74,2.76,2.7,903602.58
2016-11-11,2.75,2.82,2.84,2.74,2205952.17
2016-11-14,2.8,2.92,2.97,2.79,2527892.0
2016-11-15,2.9,2.89,2.96,2.84,1236082.22
2016-11-16,2.89,2.88,2.93,2.85,813956.92
2016-11-17,2.87,2.89,2.9,2.82,898342.52
2016-11-18,2.89,2.86,2.93,2.85,876597.11
2016-11-21,2.85,2.92,2.98,2.84,1285436.15
2016-11-22,2.92,2.93,2.94,2.89,941536.13
2016-11-23,2.92,2.96,3.02,2.91,1397284.2
2016-11-24,2.95,2.95,2.99,2.93,813388.09
2016-11-25,2.95,2.96,2.98,2.87,838708.66
2016-11-28,2.98,2.98,3.01,2.93,1051300.27
2016-12-13,2.8,2.85,2.87,2.7,1622564.52
2016-12-14,2.89,2.84,2.93,2.83,1431571.04
2016-12-15,2.86,2.85,2.9,2.83,716127.59
2016-12-16,2.85,2.84,2.88,2.8,496819.92
2016-12-19,2.84,2.81,2.85,2.79,527349.03
2016-12-20,2.83,2.78,2.83,2.75,485824.56
2016-12-21,2.77,2.79,2.8,2.77,456973.82
2016-12-22,2.78,2.84,2.84,2.76,505788.42
2016-12-23,2.81,2.77,2.84,2.77,295246.4
2016-12-26,2.76,2.79,2.79,2.72,356032.93
2016-12-27,2.78,2.83,2.87,2.77,637560.33
2016-12-28,2.83,2.79,2.84,2.78,393402.0
2016-12-29,2.79,2.79,2.84,2.77,301187.38
2016-12-30,2.79,2.79,2.8,2.76,328546.15
2017-01-03,2.78,2.79,2.81,2.76,798267.54
2017-01-04,2.79,2.79,2.8,2.77,624479.63
2017-01-05,2.79,2.82,2.84,2.78,1106905.79
2017-01-06,2.8,2.8,2.81,2.79,391556.86
2017-01-09,2.8,2.86,2.86,2.79,808837.87
2017-01-10,2.84,2.84,2.86,2.83,473077.63
2017-01-11,2.84,2.81,2.85,2.8,414062.0
2017-01-12,2.8,2.79,2.82,2.79,335472.92
2017-01-13,2.79,2.75,2.8,2.72,459652.44
2017-01-16,2.74,2.67,2.74,2.61,765929.28
2017-01-17,2.67,2.69,2.7,2.64,360697.7
2017-01-18,2.68,2.69,2.7,2.66,286209.62
2017-01-19,2.68,2.69,2.7,2.68,242945.4
2017-01-20,2.69,2.7,2.72,2.69,222395.56
2017-01-23,2.71,2.75,2.78,2.71,466381.79
2017-01-24,2.75,2.78,2.79,2.74,407624.53
2017-01-25,2.78,2.76,2.79,2.75,272799.83
2017-01-26,2.77,2.77,2.79,2.75,259177.06
2017-02-03,2.77,2.75,2.78,2.74,208522.38
2017-02-06,2.74,2.78,2.78,2.74,273287.26
2017-02-07,2.78,2.82,2.82,2.77,603854.47
2017-02-08,2.81,2.85,2.86,2.79,729529.83
2017-02-09,2.85,2.84,2.89,2.83,710967.19
2017-02-10,2.84,3.13,3.13,2.84,2321181.03
2017-02-13,3.21,3.19,3.41,3.17,4917578.33
2017-02-14,3.16,3.22,3.25,3.12,2247725.35
2017-02-15,3.17,3.14,3.21,3.1,1712400.64
2017-02-16,3.12,3.17,3.23,3.11,1565948.19
2017-02-17,3.18,3.18,3.26,3.16,1493335.14
2017-02-20,3.2,3.33,3.37,3.17,2318724.67
2017-02-21,3.31,3.31,3.37,3.27,1392862.15
2017-02-22,3.31,3.4,3.45,3.29,1955074.77
2017-02-23,3.42,3.38,3.45,3.35,1400539.93
2017-02-24,3.36,3.33,3.37,3.3,1003263.78
2017-02-27,3.32,3.34,3.4,3.3,1091034.69
2017-02-28,3.34,3.36,3.36,3.31,754479.93
2017-03-01,3.36,3.32,3.36,3.31,695223.49
2017-03-02,3.32,3.26,3.37,3.21,1881497.89
2017-03-03,3.22,3.22,3.27,3.21,984773.6
2017-03-06,3.24,3.31,3.31,3.24,1149620.43
2017-03-07,3.31,3.29,3.32,3.27,567151.07
2017-03-08,3.29,3.25,3.3,3.23,686696.61
2017-03-09,3.24,3.21,3.25,3.18,713844.24
2017-03-10,3.21,3.24,3.28,3.2,723159.65
2017-03-13,3.24,3.31,3.34,3.21,1092317.04
2017-03-14,3.3,3.31,3.36,3.3,863067.94
2017-03-15,3.31,3.33,3.36,3.31,682143.43
2017-03-16,3.36,3.31,3.36,3.28,924747.37
2017-03-17,3.32,3.26,3.34,3.26,690210.5
2017-03-20,3.26,3.3,3.3,3.25,531887.28
2017-03-21,3.3,3.3,3.3,3.27,449087.14
2017-03-22,3.29,3.37,3.43,3.27,1611980.76
2017-03-23,3.36,3.39,3.39,3.3,1134662.52
2017-03-24,3.39,3.45,3.48,3.36,1669734.59
2017-03-27,3.45,3.42,3.55,3.41,1455037.79
2017-03-28,3.42,3.37,3.42,3.36,699935.62
2017-03-29,3.36,3.42,3.47,3.36,1177877.67
2017-03-30,3.39,3.4,3.5,3.39,1456908.19
2017-03-31,3.37,3.36,3.4,3.31,979456.84
2017-04-05,3.56,3.46,3.63,3.43,1634019.93
2017-04-06,3.47,3.5,3.53,3.43,1245166.61
2017-04-07,3.47,3.47,3.52,3.45,864141.45
2017-04-10,3.47,3.44,3.5,3.43,833446.6
2017-04-11,3.45,3.5,3.5,3.42,1408360.23
2017-04-12,3.49,3.43,3.5,3.42,855823.93
2017-04-13,3.44,3.4,3.45,3.4,567023.27
2017-04-14,3.4,3.35,3.42,3.32,737866.23
2017-04-17,3.37,3.32,3.38,3.3,570174.16
2017-04-18,3.34,3.31,3.35,3.3,457955.1
2017-04-19,3.3,3.26,3.31,3.21,817717.4
2017-04-20,3.24,3.25,3.27,3.22,572114.33
2017-04-21,3.26,3.27,3.3,3.24,433517.6
2017-04-24,3.27,3.07,3.27,3.02,912398.13
2017-04-25,3.07,3.07,3.11,3.06,379968.0
2017-04-26,3.07,3.04,3.08,3.02,483349.6
2017-04-27,3.03,3.08,3.08,2.93,727162.36
2017-04-28,3.07,3.1,3.11,3.04,537792.25
2017-05-02,3.12,3.15,3.19,3.12,618020.35
2017-05-03,3.14,3.15,3.18,3.12,451014.09
2017-05-04,3.14,3.14,3.17,3.09,512324.71
2017-05-05,3.14,3.03,3.14,3.02,791586.1
2017-05-08,3.04,2.91,3.05,2.88,861656.98
2017-05-09,2.91,2.95,2.96,2.89,441294.2
2017-05-10,2.96,2.84,2.98,2.84,656569.06
2017-05-11,2.84,2.86,2.89,2.75,798506.06
2017-05-12,2.85,2.89,2.9,2.84,684854.51
2017-05-15,2.92,2.87,2.93,2.87,462374.51
2017-05-16,2.87,2.89,2.89,2.78,781040.83
2017-05-17,2.89,2.9,2.91,2.85,646774.76
2017-05-18,2.88,2.86,2.89,2.85,379342.91
2017-05-19,2.85,2.85,2.88,2.84,295985.75
2017-05-22,2.85,2.8,2.87,2.79,361491.6
2017-05-23,2.8,2.73,2.8,2.72,513378.75
2017-05-24,2.72,2.74,2.74,2.65,473532.72
2017-05-25,2.72,2.79,2.8,2.7,595040.4
2017-05-26,2.78,2.78,2.81,2.77,406443.63
2017-05-31,2.82,2.78,2.83,2.78,349347.29
2017-06-01,2.79,2.79,2.83,2.77,529198.78
2017-06-02,2.79,2.81,2.81,2.76,418742.79
2017-06-05,2.8,2.81,2.84,2.79,357054.78
2017-06-06,2.82,2.84,2.84,2.8,348278.62
2017-06-07,2.84,2.88,2.89,2.83,450782.72
2017-06-08,2.88,2.87,2.89,2.85,350325.8
2017-06-09,2.87,2.93,2.93,2.85,729746.32
2017-06-12,2.92,2.91,2.94,2.89,415419.25
2017-06-13,2.9,2.92,2.93,2.9,359923.93
2017-06-14,2.93,2.97,3.0,2.93,666027.08
2017-06-15,2.98,2.98,2.99,2.95,393324.13
2017-06-16,2.97,2.94,2.99,2.93,404796.57
2017-06-19,2.93,2.94,2.96,2.92,441979.78
2017-06-20,2.94,2.94,2.96,2.93,282248.31
2017-06-21,2.96,2.93,2.97,2.92,404708.9
2017-06-22,2.93,2.96,3.0,2.93,808088.44
2017-06-23,2.96,2.93,2.96,2.88,522171.99
2017-06-26,2.93,3.07,3.12,2.93,1246749.18
2017-06-27,3.06,3.08,3.08,3.03,594601.89
2017-06-28,3.08,3.03,3.08,3.03,476187.4
2017-06-29,3.04,3.1,3.11,3.04,691542.2
2017-06-30,3.08,3.1,3.14,3.08,527701.54
2017-07-03,3.1,3.14,3.16,3.08,626874.69
2017-07-04,3.14,3.14,3.2,3.12,763434.12
2017-07-05,3.15,3.16,3.18,3.12,579138.81
2017-07-06,3.15,3.12,3.17,3.09,763703.7
2017-07-07,3.11,3.18,3.18,3.11,777976.97
2017-07-10,3.18,3.27,3.29,3.17,1257502.64
2017-07-11,3.23,3.22,3.27,3.21,600655.23
2017-07-12,3.22,3.21,3.25,3.16,814146.81
2017-07-13,3.22,3.22,3.25,3.19,604096.95
2017-07-14,3.22,3.25,3.25,3.18,608265.23
2017-07-17,3.25,3.14,3.25,3.1,1105343.85
2017-07-18,3.1,3.17,3.17,3.1,650250.34
2017-07-19,3.17,3.29,3.29,3.15,1296821.46
2017-07-20,3.29,3.27,3.32,3.25,951930.19
2017-07-21,3.25,3.28,3.31,3.24,747340.57
2017-07-24,3.27,3.33,3.36,3.27,1120581.34
2017-07-25,3.33,3.3,3.33,3.27,631442.13
2017-07-26,3.32,3.29,3.35,3.26,672558.63
2017-07-27,3.28,3.25,3.31,3.21,825201.46
2017-07-28,3.24,3.24,3.27,3.21,521817.3
2017-07-31,3.26,3.32,3.32,3.23,942356.04
2017-08-01,3.32,3.32,3.34,3.29,656193.38
2017-08-02,3.31,3.27,3.33,3.27,596043.94
2017-08-03,3.26,3.31,3.31,3.25,627364.39
2017-08-04,3.31,3.31,3.35,3.28,956735.36
2017-08-07,3.29,3.28,3.32,3.26,678172.91
2017-08-08,3.27,3.26,3.29,3.24,638246.9
2017-08-09,3.25,3.32,3.36,3.22,1297342.8
2017-08-10,3.29,3.25,3.32,3.22,764296.41
2017-08-11,3.22,3.12,3.22,3.11,879802.77
2017-08-14,3.12,3.17,3.18,3.12,402484.85
2017-08-15,3.17,3.14,3.18,3.12,395392.15
2017-08-16,3.14,3.1,3.15,3.08,628254.96
2017-08-17,3.1,3.13,3.17,3.09,602111.44
2017-08-18,3.12,3.13,3.17,3.1,445578.77
2017-08-21,3.13,3.18,3.19,3.12,520280.43
2017-08-22,3.17,3.16,3.17,3.14,308910.84
2017-08-23,3.17,3.15,3.17,3.13,212325.0
2017-08-24,3.15,3.12,3.15,3.12,232530.34
2017-08-25,3.12,3.17,3.18,3.12,389665.98
2017-08-28,3.17,3.19,3.23,3.17,606544.36
2017-08-29,3.19,3.19,3.21,3.17,384663.01
2017-08-30,3.18,3.17,3.19,3.13,554215.62
2017-08-31,3.17,3.15,3.18,3.12,468924.12
2017-09-01,3.15,3.15,3.16,3.12,479689.37
2017-09-04,3.14,3.17,3.17,3.12,519313.57
2017-09-05,3.17,3.14,3.17,3.13,367257.71
2017-09-06,3.14,3.17,3.18,3.12,542513.22
2017-09-07,3.17,3.16,3.18,3.15,342253.79
2017-09-08,3.16,3.16,3.17,3.14,294835.09
2017-09-11,3.16,3.17,3.17,3.14,336433.33
2017-09-12,3.17,3.18,3.2,3.16,599452.54
2017-09-13,3.18,3.19,3.2,3.17,432539.68
2017-09-14,3.19,3.13,3.2,3.13,712390.86
2017-09-15,3.13,3.13,3.14,3.12,344579.04
2017-09-18,3.14,3.15,3.16,3.13,314781.08
2017-09-19,3.16,3.12,3.16,3.11,413760.55
2017-09-20,3.12,3.12,3.13,3.1,326797.47
2017-09-21,3.12,3.1,3.12,3.1,241918.92
2017-09-22,3.1,3.07,3.1,3.04,407117.16
2017-09-25,3.06,3.03,3.06,3.02,327401.77
2017-09-26,3.03,3.03,3.03,3.01,256518.84
2017-09-27,3.03,3.05,3.07,3.02,259705.01
2017-09-28,3.06,3.04,3.07,3.04,211336.15
2017-09-29,3.06,3.04,3.08,3.04,264229.61
2017-10-09,3.08,3.09,3.09,3.07,269249.53
2017-10-10,3.09,3.11,3.11,3.08,356439.4
2017-10-11,3.11,3.1,3.12,3.09,240635.29
2017-10-12,3.09,3.08,3.1,3.06,261827.0
2017-10-13,3.07,3.09,3.09,3.07,215754.79
2017-10-16,3.1,3.08,3.11,3.06,366446.55
2017-10-17,3.08,3.08,3.09,3.06,256427.9
2017-10-18,3.08,3.06,3.09,3.06,262966.8
2017-10-19,3.06,3.04,3.08,3.03,281202.78
2017-10-20,3.04,3.05,3.05,3.03,158127.48
2017-10-23,3.05,3.06,3.06,3.04,205162.4
2017-10-24,3.06,3.06,3.08,3.05,203260.64
2017-10-25,3.06,3.12,3.13,3.06,561300.39
2017-10-26,3.11,3.16,3.16,3.1,724682.27
2017-10-27,3.16,3.15,3.19,3.13,454796.37
2017-10-30,3.15,3.08,3.16,3.06,607309.51
2017-10-31,3.08,3.11,3.12,3.08,346323.87
2017-11-01,3.11,3.1,3.12,3.08,427813.8
2017-11-02,3.09,3.04,3.09,3.04,366542.46
2017-11-03,3.03,3.01,3.04,2.98,453296.8
2017-11-06,3.0,3.03,3.03,2.95,433397.71
2017-11-07,3.03,3.04,3.05,3.0,353351.65
2017-11-08,3.05,3.06,3.08,3.03,427064.23
2017-11-09,3.07,3.09,3.11,3.05,337399.98
2017-11-10,3.09,3.15,3.17,3.08,742169.74
2017-11-13,3.15,3.14,3.17,3.12,571015.07
2017-11-14,3.13,3.14,3.17,3.12,415248.48
2017-11-15,3.15,3.09,3.15,3.09,295482.83
2017-11-16,3.09,3.17,3.17,3.09,686786.01
2017-11-17,3.16,3.16,3.21,3.11,1100153.84
2017-11-20,3.13,3.08,3.14,3.01,711663.29
2017-11-21,3.08,3.19,3.2,3.06,900133.31
2017-11-22,3.19,3.19,3.25,3.15,896605.27
2017-11-23,3.19,3.16,3.24,3.15,982282.6
2017-11-24,3.14,3.08,3.14,3.07,626635.93
2017-11-27,3.07,3.01,3.08,3.01,519039.55
2017-11-28,3.0,3.04,3.05,3.0,270558.6
2017-11-29,3.03,3.12,3.12,3.03,563997.11
2017-11-30,3.11,3.1,3.15,3.09,568704.63
2017-12-01,3.1,3.09,3.12,3.07,474170.87
2017-12-04,3.08,3.05,3.08,3.03,394150.51
2017-12-05,3.06,3.03,3.07,3.0,362786.0
2017-12-06,3.02,3.06,3.07,3.0,389288.72
2017-12-07,3.06,3.04,3.07,3.03,274829.76
2017-12-08,3.05,3.04,3.06,3.02,442789.85
2017-12-11,3.05,3.2,3.21,3.04,1330080.55
2017-12-12,3.2,3.16,3.22,3.15,888566.16
2017-12-13,3.22,3.18,3.22,3.15,1237110.25
2017-12-14,3.25,3.36,3.46,3.22,2900745.88
2017-12-15,3.32,3.33,3.34,3.27,1541035.09
2017-12-18,3.35,3.4,3.49,3.32,1856171.54
2017-12-19,3.39,3.41,3.43,3.36,973571.92
2017-12-20,3.42,3.37,3.45,3.34,1014761.28
2017-12-21,3.36,3.36,3.37,3.29,1035262.23
2017-12-22,3.35,3.34,3.36,3.32,689380.99
2017-12-25,3.36,3.38,3.46,3.36,1644475.99
2017-12-26,3.41,3.72,3.72,3.38,4304154.46
2017-12-27,3.72,3.75,3.84,3.69,5001284.63
2017-12-28,3.76,3.81,3.95,3.65,3950252.81
2017-12-29,3.79,3.83,3.88,3.72,2188536.43
2018-01-02,3.84,3.9,4.0,3.81,2571112.1
2018-01-03,3.86,3.88,3.91,3.83,1927525.72
2018-01-04,3.87,3.88,3.93,3.79,2189142.44
2018-01-05,3.85,3.93,4.03,3.82,2741997.54
2018-01-08,3.94,4.03,4.07,3.91,3294199.66
2018-01-09,4.01,3.94,4.02,3.89,2492565.73
2018-01-10,3.91,3.93,3.98,3.89,1710790.7
2018-01-11,3.91,3.78,3.92,3.77,2162327.35
2018-01-12,3.77,3.79,3.83,3.75,1301868.46
2018-01-15,3.79,3.8,3.85,3.73,1606820.77
2018-01-16,3.8,3.92,3.93,3.79,1912532.79
2018-01-17,3.92,3.79,3.93,3.76,1918737.79
2018-01-18,3.78,3.85,3.85,3.73,1702526.62
2018-01-19,3.86,3.83,3.93,3.81,1608210.24
2018-01-22,3.83,3.8,3.84,3.75,1156595.71
2018-01-23,3.8,3.95,3.97,3.77,2304858.91
2018-01-24,3.94,3.94,3.99,3.89,1822075.9
2018-01-25,3.92,4.03,4.1,3.9,2615617.39
2018-01-26,4.03,4.03,4.06,3.99,1560135.47
2018-01-29,4.05,3.84,4.06,3.81,2334173.2
2018-01-30,3.81,3.75,3.85,3.75,1408703.85
2018-01-31,3.77,3.79,3.83,3.75,1205956.08
2018-02-01,3.79,3.66,3.81,3.6,1661437.57
2018-02-02,3.64,3.71,3.71,3.55,1150593.54
2018-02-05,3.65,3.79,3.81,3.61,1253361.37
2018-02-06,3.72,3.65,3.79,3.65,1324072.15
2018-02-07,3.73,3.6,3.75,3.5,1317786.0
2018-02-08,3.6,3.55,3.65,3.51,954261.39
2018-02-09,3.39,3.33,3.46,3.23,1674363.14
2018-02-12,3.35,3.36,3.41,3.3,847928.23
2018-02-13,3.41,3.42,3.46,3.38,948450.81
2018-02-14,3.39,3.41,3.43,3.36,599118.83
2018-02-22,3.46,3.46,3.48,3.41,678535.62
2018-02-23,3.48,3.46,3.5,3.44,652114.4
2018-02-26,3.49,3.57,3.6,3.48,1009995.04
2018-02-27,3.57,3.55,3.59,3.51,781197.13
2018-02-28,3.54,3.51,3.54,3.46,820007.14
2018-03-01,3.46,3.5,3.51,3.46,914677.18
2018-03-02,3.47,3.48,3.5,3.44,552126.55
2018-03-05,3.48,3.5,3.5,3.44,702618.13
2018-03-06,3.51,3.57,3.58,3.46,1087319.77
2018-03-07,3.57,3.59,3.65,3.55,1270278.36
2018-03-08,3.58,3.6,3.6,3.56,604922.49
2018-03-09,3.6,3.58,3.61,3.54,842877.16
2018-03-12,3.6,3.59,3.6,3.56,786314.66
2018-03-13,3.58,3.53,3.58,3.53,737337.99
2018-03-14,3.51,3.47,3.52,3.46,690276.99
2018-03-15,3.45,3.47,3.5,3.45,444447.15
2018-03-16,3.47,3.43,3.49,3.43,421240.26
2018-03-19,3.42,3.46,3.49,3.39,511770.14
2018-03-20,3.42,3.46,3.47,3.41,410317.84
2018-03-21,3.46,3.41,3.49,3.41,504595.3
2018-03-22,3.4,3.38,3.44,3.37,426088.43
2018-03-23,3.27,3.27,3.28,3.11,1298045.41
2018-03-26,3.18,3.23,3.23,3.15,643139.33
2018-03-27,3.27,3.26,3.28,3.23,647006.73
2018-03-28,3.23,3.16,3.23,3.13,841059.72
2018-03-29,3.17,3.24,3.26,3.14,759600.48
2018-03-30,3.24,3.22,3.25,3.19,573600.3
2018-04-02,3.22,3.29,3.33,3.21,1023686.44
2018-04-03,3.26,3.25,3.31,3.23,590142.9
2018-04-04,3.25,3.22,3.28,3.21,474525.0
2018-04-09,3.21,3.19,3.22,3.15,404369.86
2018-04-10,3.21,3.3,3.32,3.21,863349.04
2018-04-11,3.31,3.32,3.35,3.28,667338.32
2018-04-12,3.31,3.34,3.37,3.31,756839.56
2018-04-13,3.34,3.32,3.37,3.31,452299.23
2018-04-16,3.34,3.28,3.36,3.26,618457.5
2018-04-17,3.29,3.27,3.32,3.27,434415.56
2018-04-18,3.31,3.34,3.35,3.27,669512.4
2018-04-19,3.35,3.33,3.37,3.32,520564.58
2018-04-20,3.32,3.27,3.32,3.26,466741.89
2018-04-23,3.27,3.28,3.31,3.22,447496.52
2018-04-24,3.29,3.36,3.37,3.29,854404.01
2018-04-25,3.35,3.36,3.36,3.32,467458.04
2018-04-26,3.38,3.33,3.4,3.32,557913.56
2018-04-27,3.35,3.34,3.36,3.31,429779.56
2018-05-02,3.35,3.37,3.37,3.33,655648.56
2018-05-03,3.36,3.42,3.44,3.34,990858.21
2018-05-04,3.42,3.44,3.45,3.39,651854.67
2018-05-07,3.44,3.55,3.55,3.44,1085009.64
2018-05-08,3.56,3.54,3.57,3.52,609078.75
2018-05-09,3.54,3.57,3.63,3.53,740772.59
2018-05-10,3.6,3.6,3.61,3.56,667785.05
2018-05-11,3.6,3.57,3.63,3.55,518834.13
2018-05-14,3.56,3.51,3.57,3.5,563940.23
2018-05-15,3.54,3.68,3.81,3.54,1317036.48
2018-05-16,3.7,3.65,3.72,3.63,642558.45
2018-05-17,3.65,3.65,3.67,3.6,483896.87
2018-05-18,3.65,3.61,3.65,3.55,584148.87
2018-05-21,3.63,3.59,3.65,3.56,715193.07
2018-05-22,3.6,3.58,3.6,3.55,448952.54
2018-05-23,3.59,3.54,3.59,3.53,374620.94
2018-05-24,3.53,3.52,3.57,3.51,394035.45
2018-05-25,3.52,3.51,3.55,3.5,305149.25
2018-05-28,3.51,3.47,3.51,3.46,402786.05
2018-05-29,3.47,3.49,3.52,3.46,337792.39
2018-05-30,3.46,3.35,3.46,3.34,588616.42
2018-05-31,3.36,3.43,3.44,3.35,484122.16
2018-06-01,3.4,3.5,3.61,3.4,708535.41
2018-06-04,3.52,3.51,3.54,3.48,391550.68
2018-06-05,3.51,3.53,3.56,3.49,348898.17
2018-06-06,3.53,3.56,3.56,3.51,386220.01
2018-06-07,3.56,3.5,3.58,3.49,423053.92
2018-06-08,3.49,3.41,3.5,3.38,538191.67
2018-06-11,3.4,3.43,3.48,3.39,435290.98
2018-06-12,3.42,3.59,3.61,3.41,1216117.38
2018-06-13,3.57,3.57,3.64,3.56,818400.11
2018-06-14,3.6,3.61,3.63,3.56,630991.7
2018-06-15,3.61,3.54,3.65,3.54,762370.49
2018-06-19,3.49,3.4,3.54,3.34,1132334.19
2018-06-20,3.41,3.42,3.46,3.36,573688.64
2018-06-21,3.42,3.44,3.54,3.41,869055.15
2018-06-22,3.41,3.54,3.55,3.37,793509.08
2018-06-25,3.56,3.48,3.59,3.46,798494.51
2018-06-26,3.43,3.47,3.47,3.36,840675.38
2018-06-27,3.46,3.46,3.56,3.44,748651.59
2018-06-28,3.44,3.41,3.48,3.39,563310.51
2018-06-29,3.4,3.54,3.54,3.39,816020.22
2018-07-02,3.52,3.46,3.56,3.41,695757.91
2018-07-03,3.44,3.61,3.61,3.42,1250495.16
2018-07-04,3.59,3.51,3.61,3.49,982656.28
2018-07-05,3.48,3.45,3.52,3.41,780114.08
2018-07-06,3.42,3.24,3.46,3.1,1855693.49
2018-07-09,3.17,3.27,3.28,3.16,674173.02
2018-07-10,3.27,3.28,3.31,3.23,473605.92
2018-07-11,3.23,3.21,3.24,3.16,382871.69
2018-07-12,3.21,3.26,3.29,3.2,467696.41
2018-07-13,3.27,3.28,3.32,3.25,393012.62
2018-07-16,3.31,3.28,3.34,3.26,508538.25
2018-07-17,3.29,3.27,3.29,3.24,260820.19
2018-07-18,3.28,3.29,3.31,3.27,414484.27
2018-07-19,3.29,3.3,3.31,3.26,361228.59
2018-07-20,3.28,3.31,3.31,3.25,411670.54
2018-07-23,3.29,3.39,3.41,3.28,756647.3
2018-07-24,3.4,3.47,3.53,3.4,1262520.38
2018-07-25,3.45,3.51,3.61,3.44,1099026.01
2018-07-26,3.51,3.49,3.54,3.46,660692.85
2018-07-27,3.5,3.5,3.57,3.47,639703.22
2018-07-30,3.5,3.52,3.58,3.49,764479.4
2018-07-31,3.57,3.54,3.59,3.46,528895.3
2018-08-01,3.53,3.47,3.6,3.47,764626.44
2018-08-02,3.46,3.49,3.5,3.32,899763.42
2018-08-03,3.46,3.4,3.48,3.39,453030.57
2018-08-06,3.38,3.37,3.46,3.34,727860.34
2018-08-07,3.37,3.58,3.59,3.36,1422878.44
2018-08-08,3.6,3.56,3.63,3.54,1084598.0
2018-08-09,3.54,3.63,3.67,3.52,1439470.17
2018-08-10,3.62,3.62,3.66,3.59,721581.59
2018-08-13,3.6,3.7,3.71,3.56,1097574.38
2018-08-14,3.69,3.61,3.69,3.61,755491.81
2018-08-15,3.62,3.61,3.68,3.57,816045.84
2018-08-16,3.53,3.54,3.61,3.53,630011.27
2018-08-17,3.57,3.52,3.6,3.48,613444.47
2018-08-20,3.5,3.53,3.54,3.45,554028.17
2018-08-21,3.53,3.56,3.59,3.51,575310.7
2018-08-22,3.55,3.51,3.56,3.48,447897.93
2018-08-23,3.5,3.54,3.56,3.47,434421.86
2018-08-24,3.53,3.51,3.54,3.49,370328.89
2018-08-27,3.52,3.57,3.57,3.51,563682.96
2018-08-28,3.58,3.57,3.59,3.55,407104.11
2018-08-29,3.56,3.55,3.56,3.51,352352.91
2018-08-30,3.53,3.41,3.55,3.41,784021.72
2018-08-31,3.41,3.41,3.45,3.4,372386.52
2018-09-03,3.41,3.38,3.41,3.34,396979.25
2018-09-04,3.37,3.39,3.41,3.35,384822.79
2018-09-05,3.38,3.31,3.39,3.31,407271.9
2018-09-06,3.31,3.28,3.33,3.24,551918.72
2018-09-07,3.26,3.28,3.31,3.25,321991.28
2018-09-10,3.26,3.28,3.31,3.25,354745.15
2018-09-11,3.29,3.28,3.31,3.25,280100.58
2018-09-12,3.28,3.27,3.3,3.26,209543.7
2018-09-13,3.29,3.31,3.32,3.26,326933.23
2018-09-14,3.3,3.21,3.31,3.21,458993.02
2018-09-17,3.19,3.2,3.23,3.17,254432.16
2018-09-18,3.2,3.28,3.29,3.16,489342.81
2018-09-19,3.27,3.28,3.31,3.26,466470.16
2018-09-20,3.29,3.26,3.3,3.26,329514.48
2018-09-21,3.26,3.31,3.31,3.26,405276.36
2018-09-25,3.3,3.29,3.3,3.27,254794.4
2018-09-26,3.29,3.31,3.35,3.29,483174.94
2018-09-27,3.31,3.28,3.31,3.26,344651.36
2018-09-28,3.29,3.3,3.31,3.28,282576.85
2018-10-08,3.26,3.19,3.26,3.17,430568.82
2018-10-09,3.19,3.19,3.21,3.18,260936.43
2018-10-10,3.2,3.2,3.23,3.18,234827.03
2018-10-11,3.1,2.93,3.15,2.89,815319.18
2018-10-12,2.9,2.91,2.93,2.75,555700.76
2018-10-15,2.92,2.84,2.95,2.83,347515.0
2018-10-16,2.85,2.81,2.88,2.79,305419.47
2018-10-17,2.85,2.85,2.89,2.8,255385.19
2018-10-18,2.84,2.73,2.84,2.71,400605.47
2018-10-19,2.67,2.75,2.79,2.65,525896.8
2018-10-22,2.77,2.86,2.9,2.76,868197.31
2018-10-23,2.85,2.8,2.89,2.78,468010.54
2018-10-24,2.78,2.8,2.85,2.77,307821.7
2018-10-25,2.71,2.77,2.78,2.69,369863.67
2018-10-26,2.8,2.76,2.82,2.75,390975.76
2018-10-29,2.75,2.7,2.75,2.69,393068.61
2018-10-30,2.69,2.7,2.73,2.65,343530.46
2018-10-31,2.72,2.77,2.79,2.7,524833.79
2018-11-01,2.79,2.77,2.82,2.77,496494.04
2018-11-02,2.8,2.85,2.85,2.79,572345.81
2018-11-05,2.83,2.85,2.87,2.8,428480.89
2018-11-06,2.84,2.83,2.85,2.8,354721.25
2018-11-07,2.83,2.83,2.86,2.82,432177.47
2018-11-08,2.85,2.8,2.86,2.8,356721.0
2018-11-09,2.81,2.8,2.82,2.79,261990.17
2018-11-12,2.8,2.85,2.86,2.79,362626.23
2018-11-13,2.82,2.89,2.9,2.81,668452.53
2018-11-14,2.9,2.88,2.93,2.87,527483.45
2018-11-15,2.88,2.91,2.92,2.87,419339.0
2018-11-16,2.91,2.92,2.94,2.9,497905.07
2018-11-19,2.92,2.91,2.92,2.89,446152.24
2018-11-20,2.9,2.84,2.9,2.84,479947.7
2018-11-21,2.8,2.83,2.85,2.8,382772.99
2018-11-22,2.84,2.83,2.85,2.81,301377.33
2018-11-23,2.83,2.72,2.84,2.72,551291.31
2018-11-26,2.72,2.71,2.75,2.69,355234.99
2018-11-27,2.73,2.73,2.75,2.72,252522.49
2018-11-28,2.75,2.81,2.82,2.72,412949.88
2018-11-29,2.83,2.75,2.85,2.75,329477.99
2018-11-30,2.75,2.79,2.79,2.74,236561.67
2018-12-03,2.84,2.85,2.87,2.82,517741.57
2018-12-04,2.84,2.86,2.87,2.83,340650.4
2018-12-05,2.82,2.83,2.85,2.8,310067.19
2018-12-06,2.82,2.79,2.82,2.78,237567.4
2018-12-07,2.79,2.8,2.81,2.79,174398.67
2018-12-10,2.79,2.76,2.79,2.75,218142.54
2018-12-11,2.78,2.78,2.79,2.76,190976.82
2018-12-12,2.79,2.8,2.82,2.77,297525.34
2018-12-13,2.8,2.86,2.89,2.8,732673.55
2018-12-14,2.86,2.84,2.88,2.83,453629.08
2018-12-17,2.82,2.86,2.87,2.81,335886.6
2018-12-18,2.85,2.83,2.87,2.82,291965.13
2018-12-19,2.84,2.82,2.85,2.81,228331.92
2018-12-20,2.82,2.82,2.84,2.8,271126.89
2018-12-21,2.8,2.78,2.81,2.76,291070.95
2018-12-24,2.77,2.79,2.8,2.76,292997.96
2018-12-25,2.75,2.74,2.76,2.7,434503.02
2018-12-26,2.73,2.7,2.75,2.69,296391.67
2018-12-27,2.75,2.68,2.75,2.68,352501.92
2018-12-28,2.68,2.7,2.72,2.68,215229.31
2019-01-02,2.71,2.69,2.71,2.67,234378.66
2019-01-03,2.68,2.67,2.7,2.65,309744.49
2019-01-04,2.65,2.71,2.72,2.64,352364.97
2019-01-07,2.73,2.74,2.75,2.7,413866.76
2019-01-08,2.73,2.72,2.74,2.71,280974.1
2019-01-09,2.74,2.74,2.77,2.72,501782.43
2019-01-10,2.75,2.72,2.75,2.72,307533.42
2019-01-11,2.73,2.75,2.75,2.72,239073.11
2019-01-14,2.74,2.77,2.8,2.74,485723.68
2019-01-15,2.76,2.78,2.78,2.74,436614.49
2019-01-16,2.77,2.74,2.77,2.73,460569.88
2019-01-17,2.74,2.73,2.75,2.72,299461.95
2019-01-18,2.73,2.76,2.76,2.73,421625.75
2019-01-21,2.76,2.76,2.77,2.75,447327.79
2019-01-22,2.76,2.74,2.76,2.73,248587.16
2019-01-23,2.73,2.73,2.75,2.72,198836.72
2019-01-24,2.73,2.7,2.73,2.7,476709.22
2019-01-25,2.7,2.7,2.73,2.7,543806.95
2019-01-28,2.72,2.72,2.75,2.71,609121.92
2019-01-29,2.71,2.72,2.72,2.67,631881.14
2019-01-30,2.71,2.75,2.79,2.7,819967.49
2019-01-31,2.75,2.72,2.79,2.7,855192.9
2019-02-01,2.73,2.77,2.77,2.72,497555.67
2019-02-11,2.77,2.89,2.9,2.77,1267565.98
2019-02-12,2.87,2.94,2.95,2.85,1311884.33
2019-02-13,2.95,2.95,2.97,2.92,1451753.46
2019-02-14,2.96,3.04,3.05,2.95,1626210.44
2019-02-15,3.02,2.97,3.02,2.96,870639.53
2019-02-18,2.98,3.09,3.14,2.98,1458171.6
2019-02-19,3.1,3.05,3.12,3.02,903864.16
2019-02-20,3.06,3.06,3.1,3.04,540951.54
2019-02-21,3.05,3.01,3.08,3.0,778365.87
2019-02-22,3.0,3.11,3.15,3.0,1300088.01
2019-02-25,3.13,3.32,3.38,3.12,2175991.37
2019-02-26,3.34,3.3,3.44,3.3,1724390.47
2019-02-27,3.29,3.26,3.36,3.22,1073778.48
2019-02-28,3.27,3.29,3.31,3.24,773133.71
2019-03-01,3.33,3.35,3.36,3.26,907219.34
2019-03-04,3.41,3.5,3.6,3.39,2567525.05
2019-03-05,3.53,3.51,3.53,3.46,1287286.99
2019-03-06,3.54,3.56,3.56,3.48,1403544.31
2019-03-07,3.52,3.51,3.55,3.47,1414677.01
2019-03-08,3.43,3.3,3.47,3.28,1502796.31
2019-03-11,3.31,3.46,3.46,3.31,1309633.49
2019-03-12,3.53,3.46,3.55,3.39,1264696.82
2019-03-13,3.47,3.38,3.51,3.34,1106047.55
2019-03-14,3.36,3.4,3.46,3.31,849066.05
2019-03-15,3.53,3.56,3.59,3.48,2513574.83
2019-03-18,3.66,3.82,3.9,3.65,2679576.94
2019-03-19,3.8,3.75,3.81,3.7,1489332.28
2019-03-20,3.73,3.77,3.85,3.68,1599737.34
2019-03-21,3.8,3.75,3.81,3.71,959046.66
2019-03-22,3.77,3.76,3.81,3.7,942998.99
2019-03-25,3.69,3.64,3.72,3.64,1099252.57
2019-03-26,3.66,3.54,3.68,3.51,1033582.15
2019-03-27,3.56,3.61,3.61,3.51,815688.37
2019-03-28,3.59,3.54,3.61,3.53,535028.71
2019-03-29,3.54,3.67,3.7,3.51,1309691.19
2019-04-01,3.72,3.76,3.83,3.71,1292814.96
2019-04-02,3.86,3.75,3.87,3.74,1082517.3
2019-04-03,3.76,3.81,3.82,3.72,1207350.16
2019-04-04,3.84,3.94,3.96,3.83,1814630.54
2019-04-08,4.08,4.03,4.1,3.93,2077316.25
2019-04-09,4.03,4.06,4.09,3.97,1346117.97
2019-04-10,4.02,4.26,4.32,4.01,2111484.35
2019-04-11,4.23,4.14,4.37,4.13,2659792.62
2019-04-12,4.11,4.27,4.28,4.11,1864466.89
2019-04-15,4.41,4.12,4.47,4.11,2333927.17
2019-04-16,4.11,4.22,4.23,4.1,1334413.24
2019-04-17,4.25,4.23,4.27,4.2,977562.0
2019-04-18,4.21,4.19,4.37,4.15,1404697.38
2019-04-19,4.17,4.24,4.26,4.16,1149982.42
2019-04-22,4.29,4.03,4.31,4.01,2262328.55
2019-04-23,4.05,4.08,4.15,4.0,1375359.84
2019-04-24,4.07,4.1,4.13,4.03,885884.96
2019-04-25,4.09,3.93,4.1,3.9,1211477.83
2019-04-26,3.92,3.77,3.93,3.76,1419564.25
2019-04-29,3.78,3.81,3.86,3.74,1012571.01
2019-04-30,3.82,3.82,3.83,3.76,681818.97
2019-05-06,3.67,3.5,3.74,3.47,1618641.75
2019-05-07,3.56,3.69,3.7,3.52,1424112.53
2019-05-08,3.59,3.66,3.72,3.56,798344.01
2019-05-09,3.63,3.57,3.69,3.56,711790.82
2019-05-10,3.64,3.75,3.75,3.55,1108557.48
2019-05-13,3.68,3.67,3.73,3.66,760666.46
2019-05-14,3.64,3.68,3.73,3.61,768641.52
2019-05-15,3.69,3.75,3.77,3.69,656863.75
2019-05-16,3.76,3.81,3.81,3.74,685447.16
2019-05-17,3.82,3.66,3.82,3.65,760881.28
2019-05-20,3.63,3.64,3.66,3.6,448398.84
2019-05-21,3.64,3.7,3.73,3.63,530400.88
2019-05-22,3.71,3.63,3.71,3.61,590565.02
2019-05-23,3.61,3.59,3.65,3.58,395109.63
2019-05-24,3.58,3.59,3.62,3.56,388696.13
2019-05-27,3.59,3.68,3.7,3.56,544714.29
2019-05-28,3.67,3.71,3.73,3.66,690995.06
2019-05-29,3.69,3.68,3.71,3.66,433380.04
2019-05-30,3.66,3.61,3.66,3.57,528168.9
2019-05-31,3.61,3.57,3.63,3.56,429569.73
2019-06-03,3.56,3.56,3.62,3.52,461680.71
2019-06-04,3.56,3.48,3.57,3.45,632208.96
2019-06-05,3.5,3.48,3.52,3.46,440450.59
2019-06-06,3.49,3.48,3.5,3.43,469662.86
2019-06-10,3.49,3.55,3.56,3.46,494467.98
2019-06-11,3.56,3.71,3.71,3.56,866297.99
2019-06-12,3.71,3.71,3.76,3.68,622525.18
2019-06-13,3.72,3.74,3.76,3.66,632029.96
2019-06-14,3.73,3.67,3.77,3.66,406249.21
2019-06-17,3.69,3.74,3.75,3.66,444962.15
2019-06-18,3.73,3.71,3.75,3.67,421783.76
2019-06-19,3.82,3.71,3.86,3.7,745472.49
2019-06-20,3.69,3.82,3.85,3.69,887157.0
2019-06-21,3.81,3.82,3.87,3.79,662312.92
2019-06-24,3.86,3.83,3.86,3.76,636711.12
2019-06-25,3.82,3.78,3.84,3.7,674566.08
2019-06-26,3.76,3.78,3.81,3.73,393418.76
2019-06-27,3.8,3.78,3.83,3.77,422936.22
2019-06-28,3.77,3.77,3.81,3.75,385048.36
2019-07-01,3.85,3.99,4.05,3.81,1515202.15
2019-07-02,3.96,3.96,4.02,3.93,773681.29
2019-07-03,3.96,3.92,4.0,3.89,638593.7
2019-07-04,3.92,3.92,3.96,3.9,432451.94
2019-07-05,3.92,3.96,4.02,3.9,564773.12
2019-07-08,3.94,3.83,3.95,3.81,515677.24
2019-07-09,3.83,3.83,3.86,3.77,355296.69
2019-07-10,3.84,3.76,3.85,3.74,358943.81
2019-07-11,3.77,3.77,3.8,3.72,454841.93
2019-07-12,3.76,3.82,3.83,3.73,486740.55
2019-07-15,3.98,3.99,4.02,3.87,1354328.23
2019-07-16,4.0,4.0,4.06,3.96,994961.19
2019-07-17,4.0,4.12,4.2,3.99,1426427.9
2019-07-18,4.13,4.11,4.17,4.09,913805.95
2019-07-19,4.14,4.15,4.21,4.1,811185.97
2019-07-22,4.15,4.12,4.19,4.03,799841.58
2019-07-23,4.12,4.18,4.25,4.12,765297.73
2019-07-24,4.2,4.19,4.24,4.16,823096.25
2019-07-25,4.2,4.15,4.21,4.13,727642.01
2019-07-26,4.15,4.29,4.29,4.14,1661851.43
2019-07-29,4.35,4.2,4.37,4.18,1473479.34
2019-07-30,4.2,4.19,4.26,4.17,710214.06
2019-07-31,4.18,4.12,4.19,4.1,719402.5
2019-08-01,4.09,4.07,4.13,4.01,962857.87
2019-08-02,3.94,3.92,4.0,3.88,946903.54
2019-08-05,3.92,3.85,3.94,3.84,782778.99
2019-08-06,3.76,3.72,3.77,3.59,1227990.44
2019-08-07,3.76,3.7,3.77,3.7,536770.15
2019-08-08,3.73,3.73,3.76,3.7,452235.25
2019-08-09,3.75,3.62,3.76,3.6,644853.38
2019-08-12,3.65,3.72,3.72,3.59,681312.98
2019-08-13,3.67,3.65,3.69,3.61,397885.1
2019-08-14,3.7,3.63,3.72,3.6,614503.52
2019-08-15,3.51,3.64,3.65,3.49,690009.0
2019-08-16,3.63,3.63,3.67,3.61,510950.29
2019-08-19,3.65,3.74,3.75,3.65,640989.19
2019-08-20,3.75,3.75,3.78,3.72,556595.08
2019-08-21,3.73,3.7,3.75,3.69,400480.86
2019-08-22,3.72,3.69,3.73,3.65,467132.24
2019-08-23,3.69,3.76,3.8,3.67,826669.21
2019-08-26,3.69,3.65,3.71,3.64,686419.28
2019-08-27,3.7,3.69,3.76,3.66,873516.45
2019-08-28,3.7,3.67,3.7,3.65,453011.82
2019-08-29,3.68,3.66,3.7,3.64,468260.8
2019-08-30,3.68,3.63,3.69,3.59,673817.52
2019-09-02,3.66,3.75,3.76,3.62,1168318.54
2019-09-03,3.76,3.76,3.78,3.72,773934.29
2019-09-04,3.73,3.85,3.87,3.72,1022406.38
2019-09-05,3.89,3.91,3.98,3.87,1414498.42
2019-09-06,3.92,3.93,3.97,3.91,680540.26
2019-09-09,3.99,3.99,4.03,3.98,874707.99
2019-09-10,3.99,3.98,3.99,3.94,591539.06
2019-09-11,3.99,3.96,4.0,3.94,502334.01
2019-09-12,3.97,3.99,4.0,3.95,530856.79
2019-09-16,4.01,3.97,4.03,3.93,460481.0
2019-09-17,3.95,3.84,3.95,3.82,657941.6
2019-09-18,3.87,3.88,3.91,3.84,385834.45
2019-09-19,3.89,3.87,3.89,3.83,333370.0
2019-09-20,3.89,3.94,3.98,3.88,802530.41
2019-09-23,3.92,3.85,3.94,3.81,638316.53
2019-09-24,3.86,3.88,3.93,3.85,494910.83
2019-09-25,3.86,3.87,3.89,3.84,406499.4
2019-09-26,3.88,3.82,3.94,3.82,618491.64
2019-09-27,3.82,3.79,3.85,3.77,474717.44
2019-09-30,3.77,3.75,3.82,3.74,327605.88
2019-10-08,3.76,3.81,3.84,3.75,421830.34
2019-10-09,3.8,3.82,3.82,3.76,305999.07
2019-10-10,3.82,3.82,3.83,3.78,346858.05
2019-10-11,3.83,3.94,3.95,3.82,813826.15
2019-10-14,3.98,3.97,4.01,3.93,813616.31
2019-10-15,3.97,4.02,4.03,3.92,806253.56
2019-10-16,4.03,3.96,4.04,3.95,624648.65
2019-10-17,3.97,3.94,3.99,3.94,367646.24
2019-10-18,3.96,3.94,4.02,3.9,654687.3
2019-10-21,3.92,3.92,3.93,3.86,441115.87
2019-10-22,3.94,3.99,4.01,3.87,563554.27
2019-10-23,3.98,3.98,4.01,3.96,450066.95
2019-10-24,3.98,3.91,3.98,3.88,453184.04
2019-10-25,3.92,3.99,4.0,3.88,563359.85
2019-10-28,3.98,4.0,4.03,3.98,452168.1
2019-10-29,3.99,3.93,4.0,3.92,403009.4
2019-10-30,3.93,3.89,3.94,3.87,400417.76
2019-10-31,3.88,3.82,3.9,3.8,590457.75
2019-11-01,3.81,3.87,3.87,3.76,551418.27
2019-11-04,3.89,3.84,3.92,3.83,466628.78
2019-11-05,3.85,3.86,3.91,3.82,642771.06
2019-11-06,3.87,3.86,3.9,3.84,377613.96
2019-11-07,3.89,3.9,3.91,3.86,487701.03
2019-11-08,3.92,3.85,3.93,3.82,501056.09
2019-11-11,3.82,3.76,3.83,3.74,517248.88
2019-11-12,3.76,3.75,3.77,3.72,366780.6
2019-11-13,3.76,3.72,3.76,3.7,354958.21
2019-11-14,3.73,3.77,3.8,3.72,356153.28
2019-11-15,3.77,3.7,3.78,3.7,325622.01
2019-11-18,3.69,3.75,3.76,3.68,315822.08
2019-11-19,3.73,3.76,3.8,3.73,631516.05
2019-11-20,3.75,3.66,3.76,3.62,842860.76
2019-11-21,3.65,3.65,3.68,3.64,300949.53
2019-11-22,3.65,3.63,3.69,3.61,536562.5
2019-11-25,3.61,3.76,3.76,3.61,947056.37
2019-11-26,3.77,3.83,3.86,3.75,1056551.9
2019-11-27,3.81,3.87,3.91,3.81,859240.46
2019-11-28,3.9,3.87,3.92,3.86,531055.94
2019-11-29,3.87,3.87,3.9,3.82,379040.71
2019-12-02,3.86,3.88,3.95,3.86,622199.89
2019-12-03,3.88,3.9,3.91,3.87,409577.66
2019-12-04,3.88,3.87,3.88,3.83,338329.98
2019-12-05,3.9,3.92,3.94,3.89,597311.08
2019-12-06,3.93,3.96,3.97,3.92,480194.07
2019-12-09,3.96,3.93,3.99,3.92,392783.17
2019-12-10,3.98,3.99,4.0,3.95,670733.93
2019-12-11,4.09,4.24,4.3,4.09,2320821.22
2019-12-12,4.25,4.22,4.26,4.19,972669.53
2019-12-13,4.25,4.27,4.31,4.2,1123153.94
2019-12-16,4.31,4.26,4.32,4.23,937092.37
2019-12-17,4.28,4.25,4.29,4.17,1180442.69
2019-12-18,4.25,4.26,4.33,4.22,1239069.64
2019-12-19,4.25,4.25,4.3,4.23,617849.16
2019-12-20,4.26,4.2,4.27,4.19,628367.98
2019-12-23,4.22,4.27,4.34,4.2,1426507.71
2019-12-24,4.25,4.29,4.31,4.25,785273.66
2019-12-25,4.29,4.47,4.52,4.28,1722267.28
2019-12-26,4.43,4.52,4.55,4.42,1218076.72
2019-12-27,4.53,4.6,4.72,4.51,1683272.59
2019-12-30,4.64,4.64,4.72,4.56,1239507.53
2019-12-31,4.62,4.63,4.69,4.57,935722.45
2020-01-02,4.69,4.91,5.04,4.69,1796811.47
2020-01-03,4.92,4.89,4.95,4.83,994205.48
2020-01-06,4.86,4.71,5.01,4.59,2487808.07
2020-01-07,4.72,4.76,4.86,4.71,1165836.12
2020-01-08,4.74,4.69,4.8,4.66,1000139.21
2020-01-09,4.76,4.75,4.8,4.7,838435.87
2020-01-10,4.76,4.85,4.89,4.71,1110041.0
2020-01-13,4.86,4.88,4.91,4.81,805381.44
2020-01-14,4.85,4.76,4.89,4.75,837137.7
2020-01-15,4.77,4.72,4.78,4.63,713950.29
2020-01-16,4.73,4.66,4.75,4.65,564217.59
2020-01-17,4.68,4.71,4.73,4.65,652103.11
2020-01-20,4.74,4.82,4.86,4.74,820937.39
2020-01-21,4.81,4.53,4.81,4.44,1863123.52
2020-01-22,4.5,4.59,4.62,4.43,1004665.12
2020-01-23,4.53,4.39,4.61,4.36,1143851.68
2020-02-03,3.95,3.95,3.95,3.95,335561.0
2020-02-04,3.72,3.98,4.01,3.72,1853241.92
2020-02-05,4.0,3.99,4.12,3.93,1463786.4
2020-02-06,3.99,4.04,4.08,3.92,1080777.78
2020-02-07,4.02,4.02,4.06,3.96,916526.05
2020-02-10,3.99,4.18,4.21,3.96,1322132.79
2020-02-11,4.15,4.14,4.24,4.12,1273245.91
2020-02-12,4.13,4.19,4.2,4.08,1069461.35
2020-02-13,4.19,4.15,4.28,4.14,1088397.79
2020-02-14,4.13,4.18,4.2,4.1,939167.67
2020-02-17,4.18,4.31,4.31,4.17,1129390.92
2020-02-18,4.31,4.32,4.37,4.27,1104560.29
2020-02-19,4.31,4.28,4.38,4.27,1120749.45
2020-02-20,4.29,4.42,4.42,4.27,1377116.31
2020-02-21,4.42,4.49,4.53,4.38,1323325.61
2020-02-24,4.47,4.53,4.56,4.42,1167011.97
2020-02-25,4.41,4.38,4.45,4.25,1448207.87
2020-02-26,4.31,4.47,4.61,4.27,2009400.85
2020-02-27,4.57,4.61,4.79,4.5,2385369.78
2020-02-28,4.47,4.46,4.68,4.41,1898571.25
2020-03-02,4.51,4.83,4.86,4.51,2594475.16
2020-03-03,4.98,4.78,5.01,4.7,2440147.32
2020-03-04,4.72,4.91,4.91,4.69,1890335.52
2020-03-05,4.94,4.91,4.98,4.85,1591484.47
2020-03-06,4.86,4.76,4.86,4.71,1260767.81
2020-03-09,4.65,4.54,4.67,4.53,1347403.27
2020-03-10,4.49,4.61,4.64,4.41,1163722.98
2020-03-11,4.64,4.46,4.64,4.44,973026.74
2020-03-12,4.41,4.39,4.45,4.29,1066260.94
2020-03-13,4.12,4.33,4.42,4.06,1128929.32
2020-03-16,4.4,4.14,4.41,4.13,1036089.4
2020-03-17,4.14,4.36,4.36,4.04,1455651.19
2020-03-18,4.38,4.23,4.47,4.23,987389.2
2020-03-19,4.21,4.24,4.31,4.13,986709.02
2020-03-20,4.3,4.37,4.4,4.24,909938.02
2020-03-23,4.27,4.25,4.34,4.22,742348.11
2020-03-24,4.34,4.36,4.37,4.26,731401.55
2020-03-25,4.44,4.39,4.47,4.35,757922.66
2020-03-26,4.36,4.29,4.42,4.28,572033.95
2020-03-27,4.34,4.37,4.46,4.31,1044829.25
2020-03-30,4.31,4.35,4.37,4.29,688464.68
2020-03-31,4.38,4.27,4.4,4.25,599028.98
2020-04-01,4.26,4.25,4.33,4.24,503005.07
2020-04-02,4.23,4.28,4.28,4.17,592035.95
2020-04-03,4.27,4.25,4.31,4.23,506019.08
2020-04-07,4.4,4.68,4.68,4.39,2429299.32
2020-04-08,4.68,4.81,4.84,4.65,2207259.44
2020-04-09,4.82,4.78,4.86,4.74,1290430.02
2020-04-10,4.82,4.78,4.88,4.72,1102961.0
2020-04-13,4.88,4.92,5.07,4.81,1875537.14
2020-04-14,4.94,4.98,5.0,4.87,1315493.56
2020-04-15,4.99,4.82,5.02,4.81,1334310.7
2020-04-16,4.79,4.83,4.9,4.78,939205.45
2020-04-17,4.86,4.94,4.97,4.81,1507257.04
2020-04-20,5.02,4.94,5.08,4.89,1360227.08
2020-04-21,4.9,4.86,4.91,4.78,1023153.26
2020-04-22,4.82,4.89,4.92,4.76,659809.8
2020-04-23,4.91,4.76,4.92,4.74,983899.09
2020-04-24,4.78,4.75,4.84,4.75,720861.92
2020-04-27,4.75,4.76,4.79,4.71,553416.91
2020-04-28,4.74,4.72,4.77,4.63,927035.35
2020-04-29,4.7,4.63,4.71,4.6,726216.41
2020-04-30,4.59,4.69,4.73,4.57,812703.4
2020-05-06,4.65,4.85,4.85,4.65,1093500.08
2020-05-07,4.86,4.86,4.9,4.8,914864.78
2020-05-08,4.87,5.0,5.01,4.87,1304923.9
2020-05-11,5.04,5.4,5.5,5.01,2888568.53
2020-05-12,5.45,5.5,5.71,5.39,2368350.91
2020-05-13,5.41,5.5,5.6,5.4,1523054.67
2020-05-14,5.48,5.39,5.5,5.35,1151581.85
2020-05-15,5.4,5.3,5.44,5.24,1429054.93
2020-05-18,5.39,5.29,5.43,5.27,979878.26
2020-05-19,5.39,5.33,5.4,5.29,828847.8
2020-05-20,5.33,5.21,5.37,5.18,983706.16
2020-05-21,5.24,5.11,5.24,5.06,1103416.52
2020-05-22,5.13,5.08,5.22,5.0,1181481.04
2020-05-25,5.08,5.2,5.22,4.97,1229349.7
2020-05-26,5.2,5.16,5.25,5.11,1097743.67
2020-05-27,5.16,4.97,5.16,4.91,1537112.31
2020-05-28,4.94,4.94,5.0,4.86,602990.6
2020-05-29,4.94,4.97,5.0,4.91,702227.09
2020-06-01,4.99,5.09,5.12,4.98,1201187.92
2020-06-02,5.12,5.15,5.18,5.07,1062688.29
2020-06-03,5.17,5.11,5.29,5.09,1388493.63
2020-06-04,5.12,5.02,5.13,4.99,882593.04
2020-06-05,5.0,5.01,5.02,4.93,663038.26
2020-06-08,5.03,5.0,5.09,4.97,660939.91
2020-06-09,5.03,5.05,5.11,5.0,722875.81
2020-06-10,5.05,5.23,5.24,5.01,1385667.04
2020-06-11,5.24,5.17,5.32,5.13,1276587.99
2020-06-12,5.05,5.11,5.11,5.02,900459.15
2020-06-15,5.07,5.02,5.09,5.01,729644.53
2020-06-16,5.04,5.18,5.19,5.04,972360.18
2020-06-17,5.18,5.13,5.19,5.08,731245.12
2020-06-18,5.13,5.13,5.15,5.07,493629.72
2020-06-19,5.11,5.13,5.15,5.07,703787.92
2020-06-22,5.12,4.99,5.12,4.98,1223434.32
2020-06-23,4.99,4.93,4.99,4.91,837452.42
2020-06-24,4.94,4.97,4.99,4.91,565622.97
2020-06-29,5.07,4.96,5.1,4.95,672136.31
2020-06-30,4.97,5.0,5.02,4.97,512823.0
2020-07-01,5.02,5.21,5.23,5.01,1581573.63
2020-07-02,5.17,5.33,5.36,5.16,1534898.24
2020-07-03,5.35,5.32,5.41,5.26,1429078.32
2020-07-06,5.41,5.51,5.53,5.35,1746788.3
2020-07-07,5.54,5.47,5.71,5.46,2004006.44
2020-07-08,5.41,5.51,5.53,5.36,1495029.1
2020-07-09,5.51,5.62,5.62,5.42,1908738.75
2020-07-10,5.58,5.41,5.62,5.37,1691123.31
2020-07-13,5.41,5.87,5.89,5.41,2967535.89
2020-07-14,5.87,5.76,5.96,5.64,2138881.29
2020-07-15,5.85,5.88,6.11,5.78,2874417.58
2020-07-16,5.92,5.53,5.95,5.47,2189147.99
2020-07-17,5.54,5.53,5.67,5.4,1347919.71
2020-07-20,5.59,5.97,5.99,5.58,2089225.99
2020-07-21,5.98,6.02,6.05,5.82,1645536.35
2020-07-22,6.04,5.85,6.04,5.82,1770048.49
2020-07-23,5.76,5.7,5.86,5.58,2035572.13
2020-07-24,5.66,5.4,5.76,5.33,1773000.96
2020-07-27,5.41,5.45,5.47,5.36,846798.04
2020-07-28,5.46,5.38,5.49,5.35,808665.18
2020-07-29,5.36,5.48,5.48,5.28,959854.71
2020-07-30,5.48,5.44,5.58,5.42,805792.49
2020-07-31,5.43,5.42,5.5,5.34,938516.2
2020-08-03,5.46,5.55,5.55,5.39,1210018.47
2020-08-04,5.62,5.59,5.64,5.48,1126801.53
2020-08-05,5.58,5.53,5.58,5.46,847543.09
2020-08-06,5.51,5.47,5.57,5.42,817863.64
2020-08-07,5.46,5.47,5.53,5.38,691199.86
2020-08-10,5.48,5.53,5.57,5.42,951686.6
2020-08-11,5.55,5.52,5.64,5.5,1215970.38
2020-08-12,5.51,5.41,5.51,5.33,989753.06
2020-08-13,5.41,5.39,5.45,5.38,494477.61
2020-08-14,5.39,5.42,5.42,5.32,609147.14
2020-08-17,5.44,5.56,5.61,5.42,1056822.0
2020-08-18,5.56,5.53,5.6,5.51,746592.31
2020-08-19,5.52,5.63,5.74,5.52,1410382.71
2020-08-20,5.58,5.54,5.68,5.52,801711.99
2020-08-21,5.55,5.47,5.6,5.45,700897.79
2020-08-24,5.48,5.54,5.64,5.47,619484.52
2020-08-25,5.55,5.64,5.69,5.53,983059.46
2020-08-26,5.64,5.5,5.66,5.47,754419.01
2020-08-27,5.49,5.51,5.53,5.42,473653.82
2020-08-28,5.51,5.54,5.55,5.41,703037.7
2020-08-31,5.47,5.3,5.5,5.27,2265888.62
2020-09-01,5.27,5.2,5.29,5.17,1188717.49
2020-09-02,5.21,5.29,5.29,5.17,877805.17
2020-09-03,5.25,5.21,5.32,5.19,771304.19
2020-09-04,5.12,5.21,5.24,5.1,649924.68
2020-09-07,5.21,5.18,5.27,5.16,538593.12
2020-09-08,5.18,5.23,5.24,5.14,468437.05
2020-09-09,5.18,5.13,5.18,5.12,582121.57
2020-09-10,5.17,4.94,5.18,4.94,949749.08
2020-09-11,4.94,4.92,4.99,4.8,754025.48
2020-09-14,4.96,5.01,5.07,4.92,672639.2
2020-09-15,5.06,5.08,5.11,5.0,506934.99
2020-09-16,5.08,5.09,5.14,5.0,489366.3
2020-09-17,5.07,5.18,5.2,5.04,664905.14
2020-09-18,5.16,5.27,5.27,5.15,832589.94
2020-09-21,5.29,5.23,5.33,5.22,634746.78
2020-09-22,5.2,5.11,5.22,5.09,637900.43
2020-09-23,5.25,5.15,5.42,5.12,1654573.15
2020-09-24,5.18,4.95,5.18,4.91,1018381.52
2020-09-25,4.98,4.89,4.99,4.83,612167.25
2020-09-28,4.89,4.82,4.92,4.77,602230.32
2020-09-29,4.82,4.82,4.84,4.79,433229.13
2020-09-30,4.82,4.74,4.84,4.71,616307.17
2020-10-09,4.82,4.96,4.98,4.79,902678.32
2020-10-12,4.96,5.06,5.07,4.94,751784.69
2020-10-13,5.04,5.06,5.06,4.99,541160.13
2020-10-14,5.04,5.0,5.05,5.0,465144.53
2020-10-15,5.03,4.94,5.06,4.93,577210.03
2020-10-16,4.93,4.93,4.96,4.87,413238.2
2020-10-19,4.98,4.93,5.05,4.92,523866.51
2020-10-20,4.9,4.94,4.96,4.88,381661.43
2020-10-21,4.94,4.85,4.94,4.83,409363.07
2020-10-22,4.8,4.81,4.85,4.77,324186.7
2020-10-23,4.8,4.78,4.86,4.76,289498.89
2020-10-26,4.78,4.73,4.8,4.69,382474.25
2020-10-27,4.71,4.71,4.73,4.65,448144.52
2020-10-28,4.7,4.68,4.73,4.64,426962.67
2020-10-29,4.63,4.72,4.74,4.6,400978.32
2020-10-30,4.73,4.58,4.73,4.57,481339.82
2020-11-02,4.35,4.24,4.35,4.12,1762079.2
2020-11-03,4.24,4.28,4.3,4.21,676786.22
2020-11-04,4.28,4.18,4.29,4.15,728799.91
2020-11-05,4.2,4.23,4.26,4.2,512006.0
2020-11-06,4.24,4.41,4.47,4.21,1053729.72
2020-11-09,4.46,4.46,4.5,4.41,765645.48
2020-11-10,4.49,4.41,4.54,4.39,687036.66
2020-11-11,4.41,4.49,4.59,4.39,857078.48
2020-11-12,4.48,4.47,4.49,4.42,425603.4
2020-11-13,4.44,4.4,4.45,4.36,447127.54
2020-11-16,4.4,4.46,4.47,4.38,512551.35
2020-11-17,4.46,4.41,4.5,4.36,559112.67
2020-11-18,4.41,4.39,4.43,4.38,424578.61
2020-11-19,4.38,4.36,4.39,4.32,457963.28
2020-11-20,4.36,4.4,4.41,4.34,451750.17
2020-11-23,4.41,4.51,4.55,4.39,943539.74
2020-11-24,4.52,4.54,4.59,4.49,687188.64
2020-11-25,4.56,4.47,4.61,4.45,626815.06
2020-11-26,4.44,4.47,4.49,4.41,411309.36
2020-11-27,4.46,4.53,4.58,4.44,620100.98
2020-11-30,4.55,4.65,4.71,4.52,1235905.07
2020-12-01,4.6,4.94,5.0,4.59,2113881.52
2020-12-02,4.91,5.06,5.26,4.83,3170258.66
2020-12-03,5.01,4.89,5.08,4.88,1552969.89
2020-12-04,4.89,4.9,4.93,4.84,782989.27
2020-12-07,4.89,4.91,5.04,4.87,1217166.44
2020-12-08,4.87,4.78,4.93,4.77,906400.26
2020-12-09,4.79,4.65,4.82,4.65,651296.62
2020-12-10,4.68,4.7,4.73,4.65,417275.54
2020-12-11,4.7,4.74,4.77,4.61,570744.1
2020-12-14,4.73,4.64,4.74,4.59,540190.78
2020-12-15,4.64,4.53,4.7,4.5,653048.25
2020-12-16,4.53,4.71,4.71,4.44,961434.79
2020-12-17,4.63,4.85,4.91,4.59,1399165.47
2020-12-18,4.81,4.77,4.84,4.76,670500.59
2020-12-21,4.76,4.77,4.77,4.67,529994.27
2020-12-22,4.77,4.64,4.82,4.64,769343.26
2020-12-23,4.63,4.65,4.71,4.63,522154.91
2020-12-24,4.65,4.61,4.77,4.53,734158.36
2020-12-25,4.61,4.61,4.65,4.58,546306.76
2020-12-28,4.59,4.48,4.62,4.44,822093.2
2020-12-29,4.47,4.53,4.57,4.43,517480.89
2020-12-30,4.56,4.58,4.65,4.5,647652.5
2020-12-31,4.57,4.59,4.63,4.53,594297.57
2021-01-04,4.59,4.75,4.77,4.58,1083612.82
2021-01-05,4.71,4.83,4.86,4.69,1194062.73
2021-01-06,4.83,4.77,4.86,4.73,694967.05
2021-01-07,4.77,4.88,4.92,4.74,1485245.91
2021-01-08,4.86,4.81,4.89,4.7,949192.05
2021-01-11,4.8,4.77,5.0,4.76,1338439.21
2021-01-12,4.73,5.03,5.11,4.7,1901867.44
2021-01-13,5.05,5.08,5.3,5.01,2718332.92
2021-01-14,5.06,4.94,5.14,4.92,1436278.04
2021-01-15,5.0,5.07,5.25,4.97,1354216.28
2021-01-18,5.05,5.02,5.06,4.94,1071455.66
2021-01-19,4.99,4.84,5.01,4.79,1210059.77
2021-01-20,4.82,4.91,4.96,4.81,931253.87
2021-01-21,4.91,4.97,5.01,4.86,1046724.86
2021-01-22,4.92,4.79,4.93,4.77,1240836.05
2021-01-25,4.8,4.82,4.82,4.69,1042815.84
2021-01-26,4.75,4.71,4.76,4.66,675099.29
2021-01-27,4.7,4.78,4.8,4.68,641325.03
2021-01-28,4.7,4.59,4.74,4.51,1071283.64
2021-01-29,4.62,4.58,4.62,4.51,752603.35
2021-02-01,4.56,5.04,5.04,4.54,1638324.3
2021-02-02,5.19,5.21,5.27,5.09,3680210.16
2021-02-03,5.2,5.29,5.4,5.18,2634545.74
2021-02-04,5.26,5.23,5.29,5.1,1774969.02
2021-02-05,5.23,5.07,5.29,5.07,1446059.3
2021-02-08,5.07,5.51,5.55,5.07,2589282.03
2021-02-09,5.47,5.89,5.99,5.4,3138066.55
2021-02-10,5.84,5.9,5.98,5.76,1976208.27
2021-02-18,6.06,5.86,6.12,5.72,1886085.73
2021-02-19,5.81,5.95,6.02,5.72,2144734.15
2021-02-22,5.93,5.88,6.2,5.8,2663389.14
2021-02-23,5.81,6.04,6.11,5.76,1829956.6
2021-02-24,6.06,5.84,6.07,5.81,1512004.44
2021-02-25,5.9,6.09,6.24,5.81,2107521.91
2021-02-26,5.94,5.98,6.06,5.81,1713272.26
2021-03-01,6.05,6.36,6.36,5.99,2591856.37
2021-03-02,6.31,6.18,6.38,6.11,1837237.9
2021-03-03,6.11,6.19,6.21,6.05,1108183.9
2021-03-04,6.06,5.82,6.15,5.72,2122983.03
2021-03-05,5.69,5.68,5.79,5.53,1116418.59
2021-03-08,5.71,5.61,5.87,5.58,1012710.73
2021-03-09,5.6,5.62,5.77,5.34,1261124.28
2021-03-10,5.66,5.64,5.73,5.54,813556.65
2021-03-11,5.65,5.83,5.85,5.65,1069427.23
2021-03-12,5.8,5.82,5.91,5.77,768460.73
2021-03-15,5.79,5.86,5.99,5.75,919888.74
2021-03-16,5.88,5.9,5.95,5.76,690114.93
2021-03-17,5.86,5.91,6.02,5.82,737731.2
2021-03-18,5.88,6.02,6.02,5.84,899714.57
2021-03-19,5.96,5.98,6.2,5.93,1072058.3
2021-03-22,5.99,6.58,6.58,5.98,2747133.93
2021-03-23,6.63,6.58,6.7,6.48,2340692.71
2021-03-24,6.51,5.96,6.6,5.92,2899149.39
2021-03-25,5.81,5.82,5.99,5.73,1328810.72
2021-03-26,5.85,6.4,6.4,5.85,2183738.23
2021-03-29,6.57,6.53,6.63,6.31,2667523.31
2021-03-30,6.54,6.58,6.8,6.51,1694326.27
2021-03-31,6.6,6.48,6.65,6.37,1296698.01
2021-04-01,6.5,6.52,6.75,6.46,1235918.04
2021-04-02,6.5,6.36,6.5,6.3,1179506.56
2021-04-06,6.38,6.39,6.46,6.23,862650.58
2021-04-21,6.66,7.03,7.03,6.58,4777747.2
2021-04-22,6.95,6.52,6.95,6.52,4090360.58
2021-04-23,6.55,6.61,6.7,6.44,1785741.56
2021-04-26,6.53,6.24,6.56,6.23,2196903.91
2021-04-27,6.18,6.05,6.21,5.88,1893270.06
2021-04-28,5.98,6.11,6.13,5.94,939642.61
2021-04-29,6.11,6.06,6.17,6.02,821056.47
2021-04-30,6.08,6.3,6.37,6.07,1317891.89
2021-05-06,6.33,6.53,6.6,6.21,1426802.54
2021-05-07,6.51,6.32,6.61,6.25,1516483.67
2021-05-10,6.23,6.09,6.25,6.01,1382083.24
2021-05-11,6.04,6.12,6.14,5.93,948633.05
2021-05-12,6.06,6.06,6.12,5.99,757348.35
2021-05-13,5.99,6.05,6.12,5.98,655656.94
2021-05-14,6.04,6.11,6.16,6.01,764888.72
2021-05-17,6.15,6.11,6.23,6.09,760006.53
2021-05-18,6.07,6.07,6.1,6.02,564925.96
2021-05-19,6.05,6.02,6.08,5.99,568272.08
2021-05-20,6.02,5.88,6.08,5.86,1093422.13
2021-05-21,5.85,5.79,5.86,5.68,945724.02
2021-05-24,5.82,5.81,5.87,5.75,479235.55
2021-05-25,5.81,5.76,5.82,5.68,1018688.8
2021-05-26,5.77,5.82,5.93,5.76,1035497.21
2021-05-27,5.81,5.88,5.88,5.75,777058.45
2021-05-28,5.88,5.73,5.88,5.7,949969.96
2021-05-31,5.7,5.73,5.77,5.69,531917.53
2021-06-01,5.71,5.76,5.79,5.64,529133.52
2021-06-02,5.74,5.7,5.8,5.69,710312.18
2021-06-03,5.7,5.6,5.7,5.58,758337.75
2021-06-04,5.58,5.6,5.64,5.49,633169.59
2021-06-07,5.64,5.53,5.66,5.53,563079.23
2021-06-08,5.53,5.46,5.54,5.44,727293.12
2021-06-09,5.48,5.47,5.51,5.41,468341.57
2021-06-10,5.47,5.42,5.51,5.41,649382.76
2021-06-11,5.43,5.35,5.44,5.3,810208.49
2021-06-15,5.35,5.26,5.35,5.2,999697.02
2021-06-16,5.26,5.17,5.32,5.15,679882.56
2021-06-17,5.2,5.15,5.23,5.12,535061.76
2021-06-18,5.15,5.24,5.32,5.15,884296.37
2021-06-21,5.25,5.2,5.28,5.17,594237.46
2021-06-22,5.21,5.43,5.49,5.2,1302390.85
2021-06-23,5.44,5.41,5.45,5.33,606717.46
2021-06-24,5.45,5.41,5.45,5.35,527809.75
2021-06-25,5.42,5.54,5.59,5.4,839581.95
2021-06-28,5.55,5.42,5.59,5.41,769247.47
2021-06-29,5.42,5.41,5.45,5.33,560006.75
2021-06-30,5.4,5.44,5.46,5.35,487847.5
2021-07-01,5.64,5.47,5.71,5.46,1026550.92
2021-07-02,5.48,5.49,5.58,5.41,775377.84
2021-07-05,5.53,5.45,5.58,5.4,699328.43
2021-07-06,5.44,5.43,5.47,5.36,490533.37
2021-07-07,5.43,5.53,5.55,5.41,703342.95
2021-07-08,5.52,5.45,5.53,5.43,470017.32
2021-07-09,5.45,5.47,5.51,5.39,510059.27
2021-07-12,5.49,5.49,5.53,5.47,581719.28
2021-07-13,5.49,5.49,5.49,5.38,599726.29
2021-07-14,5.49,5.37,5.5,5.36,662816.91
2021-07-15,5.37,5.39,5.45,5.26,523022.31
2021-07-16,5.36,5.35,5.41,5.33,388072.09
2021-07-19,5.36,5.27,5.36,5.25,478014.11
2021-07-20,5.27,5.4,5.4,5.24,565996.63
2021-07-21,5.4,5.34,5.51,5.33,534903.98
2021-07-22,5.34,5.53,5.58,5.31,1380084.34
2021-07-23,5.51,5.45,5.57,5.43,788871.24
2021-07-26,5.46,5.32,5.46,5.27,748424.29
2021-07-27,5.32,5.2,5.36,5.19,778713.04
2021-07-28,5.19,5.08,5.2,5.01,570350.01
2021-07-29,5.12,5.09,5.19,5.08,455798.85
2021-07-30,5.05,5.06,5.1,4.94,501888.55
2021-08-02,4.94,5.42,5.49,4.82,1622609.52
2021-08-03,5.38,5.47,5.53,5.33,1348306.04
2021-08-04,5.51,5.6,5.66,5.51,1482611.81
2021-08-05,5.63,5.64,5.75,5.54,1330138.75
2021-08-06,5.6,5.64,5.73,5.55,1002344.01
2021-08-09,5.63,5.77,5.86,5.61,1434361.56
2021-08-10,5.76,5.77,5.79,5.66,942515.67
2021-08-11,5.79,5.77,5.88,5.71,880389.82
2021-08-12,5.76,5.7,5.81,5.67,775422.64
2021-08-13,5.7,5.73,5.74,5.61,873704.73
2021-08-16,5.73,5.66,5.76,5.64,640342.36
2021-08-17,5.66,5.52,5.71,5.5,731753.39
2021-08-18,5.52,5.71,5.76,5.5,885884.92
2021-08-19,5.71,5.54,5.72,5.53,682734.63
2021-08-20,5.53,5.58,5.59,5.45,650165.45
2021-08-23,5.59,5.58,5.68,5.54,856516.7
2021-08-24,5.59,5.56,5.65,5.55,701615.98
2021-08-25,5.53,5.39,5.54,5.35,1026282.52
2021-08-26,5.4,5.35,5.42,5.34,590894.94
2021-08-27,5.35,5.36,5.42,5.26,550184.43
2021-08-30,5.36,5.3,5.37,5.27,934674.8
2021-08-31,5.38,5.66,5.83,5.35,4318350.17
2021-09-01,5.71,6.22,6.22,5.67,4796399.03
2021-09-02,6.31,6.41,6.49,6.22,5403875.12
2021-09-03,6.34,6.26,6.54,6.23,2987155.48
2021-09-06,6.29,6.3,6.42,6.18,2574876.68
2021-09-07,6.24,6.32,6.37,6.19,1977329.82
2021-09-08,6.28,6.23,6.32,6.2,1342822.9
2021-09-09,6.28,6.26,6.36,6.19,1983560.91
2021-09-10,6.23,6.14,6.44,6.12,2392321.62
2021-09-13,6.15,6.15,6.19,6.0,1482157.31
2021-09-14,6.17,6.02,6.25,5.97,1611336.89
2021-09-15,6.0,5.99,6.05,5.92,1124851.05
2021-09-16,6.01,5.93,6.18,5.9,1377620.44
2021-09-17,5.9,5.92,5.94,5.79,1013308.17
2021-09-22,5.82,5.87,5.92,5.77,918718.27
2021-09-23,5.88,6.17,6.28,5.88,2251899.81
2021-09-24,6.13,5.82,6.14,5.79,1642538.63
2021-09-27,5.77,5.66,5.86,5.65,1142934.88
2021-09-28,5.67,5.72,5.76,5.62,697082.94
2021-09-29,5.66,5.53,5.69,5.52,937377.39
2021-09-30,5.82,6.06,6.08,5.82,2685637.1
2021-10-08,6.0,5.89,6.03,5.85,1701703.08
2021-10-11,5.85,5.62,5.86,5.61,1402730.97
2021-10-12,5.62,5.5,5.63,5.43,995578.68
2021-10-13,5.5,5.53,5.53,5.42,615387.72
2021-10-14,5.51,5.48,5.54,5.45,602375.59
2021-10-15,5.52,5.37,5.53,5.34,909803.74
2021-10-18,5.37,5.41,5.43,5.34,563892.08
2021-10-19,5.4,5.43,5.49,5.39,686658.51
2021-10-20,5.44,5.4,5.46,5.35,622063.51
2021-10-21,5.37,5.34,5.39,5.29,673818.85
2021-10-22,5.33,5.4,5.48,5.33,812618.33
2021-10-25,5.38,5.33,5.38,5.28,699278.14
2021-10-26,5.33,5.32,5.36,5.29,443118.69
2021-10-27,5.32,5.2,5.32,5.18,653278.12
2021-10-28,5.2,5.26,5.3,5.07,811470.54
2021-10-29,5.26,5.3,5.32,5.2,575953.82
2021-11-01,5.32,5.27,5.34,5.23,629016.27
2021-11-02,5.27,5.15,5.3,5.1,688767.29
2021-11-03,5.15,5.17,5.2,5.11,351382.7
2021-11-04,5.17,5.25,5.27,5.14,484810.32
2021-11-05,5.22,5.22,5.31,5.2,504479.51
2021-11-08,5.25,5.33,5.34,5.23,646705.41
2021-11-09,5.4,5.33,5.42,5.27,498734.22
2021-11-10,5.31,5.27,5.31,5.21,428240.4
2021-11-11,5.26,5.33,5.33,5.23,451452.19
2021-11-12,5.32,5.27,5.32,5.23,426104.57
2021-11-15,5.27,5.24,5.27,5.23,374269.16
2021-11-16,5.25,5.21,5.27,5.2,449261.86
2021-11-17,5.21,5.26,5.27,5.18,343537.2
2021-11-18,5.27,5.21,5.27,5.2,310008.43
2021-11-19,5.2,5.23,5.24,5.17,496246.28
2021-11-22,5.22,5.2,5.23,5.2,561954.69
2021-11-23,5.19,5.27,5.3,5.18,918558.31
2021-11-24,5.26,5.22,5.26,5.2,487529.91
2021-11-25,5.21,5.25,5.25,5.2,408204.16
2021-11-26,5.24,5.21,5.24,5.2,277791.99
2021-11-29,5.16,5.16,5.19,5.12,391376.53
2021-11-30,5.16,5.14,5.2,5.14,372478.96
2021-12-01,5.13,5.18,5.18,5.13,531743.61
2021-12-02,5.16,5.27,5.27,5.14,908394.67
2021-12-03,5.25,5.25,5.26,5.2,552777.28
2021-12-06,5.27,5.24,5.33,5.23,775464.84
2021-12-07,5.27,5.4,5.43,5.26,1682487.24
2021-12-08,5.37,5.33,5.37,5.29,788273.8
2021-12-09,5.33,5.34,5.4,5.31,665673.88
2021-12-10,5.33,5.28,5.33,5.27,649885.87
2021-12-13,5.33,5.43,5.49,5.32,1786153.45
2021-12-14,5.41,5.36,5.41,5.34,641829.04
2021-12-15,5.34,5.32,5.36,5.29,561324.41
2021-12-16,5.33,5.33,5.36,5.29,499270.11
2021-12-17,5.34,5.3,5.38,5.3,540129.32
2021-12-20,5.27,5.26,5.31,5.25,495857.84
2021-12-21,5.27,5.3,5.32,5.26,418644.99
2021-12-22,5.31,5.26,5.33,5.25,450940.81
2021-12-23,5.25,5.27,5.27,5.23,368554.79
2021-12-24,5.25,5.2,5.27,5.19,504815.92
2021-12-27,5.2,5.21,5.22,5.2,324105.0
2021-12-28,5.21,5.24,5.24,5.2,390393.84
2021-12-29,5.24,5.2,5.24,5.19,354931.9
2021-12-30,5.2,5.2,5.22,5.2,418382.37
2021-12-31,5.2,5.2,5.2,5.19,456290.17
2022-01-04,5.2,5.24,5.24,5.19,631958.94
2022-01-05,5.23,5.24,5.28,5.2,693121.15
2022-01-06,5.24,5.32,5.33,5.21,804957.49
2022-01-07,5.34,5.39,5.46,5.32,1608084.98
2022-01-10,5.42,5.4,5.45,5.35,766691.84
2022-01-11,5.41,5.37,5.45,5.35,602253.13
2022-01-12,5.37,5.33,5.39,5.29,621745.28
2022-01-13,5.32,5.31,5.38,5.29,513713.94
2022-01-14,5.3,5.23,5.31,5.22,660885.65
2022-01-17,5.21,5.24,5.25,5.2,376874.19
2022-01-18,5.24,5.27,5.29,5.21,507080.31
2022-01-19,5.27,5.33,5.38,5.27,811232.19
2022-01-20,5.3,5.31,5.33,5.25,479230.78
2022-01-21,5.28,5.22,5.29,5.21,483579.3
2022-01-24,5.2,5.13,5.21,5.09,577636.25
2022-01-25,5.12,4.93,5.14,4.92,891180.34
2022-01-26,5.0,4.94,5.03,4.91,615039.25
2022-01-27,4.95,4.86,4.95,4.84,565512.35
2022-01-28,4.88,4.89,4.92,4.84,386680.8
2022-02-07,4.94,5.01,5.04,4.94,511493.44
2022-02-08,5.03,5.1,5.13,5.03,514169.96
2022-02-09,5.12,5.1,5.13,5.07,418610.37
2022-02-10,5.09,5.13,5.15,5.07,409380.0
2022-02-11,5.1,5.07,5.14,5.04,555996.64
2022-02-14,5.03,4.98,5.07,4.95,459531.89
2022-02-15,4.97,4.98,5.01,4.95,301126.2
2022-02-16,5.01,5.01,5.05,4.99,323236.0
2022-02-17,5.01,4.96,5.02,4.95,420864.77
2022-02-18,4.93,4.98,4.99,4.9,513576.87
2022-02-21,4.97,4.97,4.97,4.92,474752.74
2022-02-22,4.94,4.87,4.94,4.86,661350.19
2022-02-23,4.88,4.94,4.95,4.88,497150.28
2022-02-24,4.94,4.82,4.94,4.79,723255.27
2022-02-25,4.84,4.83,4.88,4.81,348431.68
2022-02-28,4.84,4.8,4.84,4.75,392766.9
2022-03-01,4.79,4.83,4.84,4.78,339325.72
2022-03-02,4.81,4.85,4.86,4.8,277136.71
2022-03-03,4.86,4.9,4.9,4.83,365671.06
2022-03-04,4.88,4.85,4.88,4.81,303157.67
2022-03-07,4.83,4.77,4.84,4.75,390931.76
2022-03-08,4.76,4.61,4.8,4.59,520917.54
2022-03-09,4.61,4.45,4.63,4.29,602817.39
2022-03-10,4.53,4.48,4.56,4.48,368746.21
2022-03-11,4.43,4.55,4.58,4.35,471306.45
2022-03-14,4.6,4.52,4.65,4.51,456120.82
2022-03-15,4.51,4.29,4.52,4.29,589432.78
2022-03-16,4.38,4.41,4.43,4.24,562947.9
2022-03-17,4.46,4.44,4.49,4.42,525287.33
2022-03-18,4.42,4.48,4.49,4.39,377754.18
2022-03-21,4.48,4.45,4.5,4.42,341900.43
2022-03-22,4.43,4.49,4.55,4.42,423779.84
2022-03-23,4.49,4.48,4.51,4.47,308183.16
2022-03-24,4.46,4.45,4.47,4.42,310352.98
2022-03-25,4.42,4.41,4.45,4.39,284108.09
2022-03-28,4.41,4.42,4.42,4.31,319209.74
2022-03-29,4.42,4.39,4.42,4.36,203915.55
2022-03-30,4.39,4.47,4.48,4.37,428330.1
2022-03-31,4.45,4.47,4.52,4.44,444145.94
2022-04-01,4.45,4.48,4.48,4.42,316812.37
2022-04-06,4.45,4.69,4.74,4.44,1020840.32
2022-04-07,4.64,4.61,4.7,4.6,585661.84
2022-04-08,4.67,4.82,4.88,4.65,1466222.51
2022-04-11,4.8,4.74,4.85,4.7,862404.58
2022-04-12,4.73,4.78,4.8,4.68,589666.62
2022-04-13,4.75,4.66,4.75,4.65,457084.99
2022-04-14,4.68,4.71,4.75,4.65,446349.37
2022-04-15,4.68,4.71,4.78,4.68,461427.55
2022-04-18,4.69,4.7,4.71,4.62,330970.5
2022-04-19,4.68,4.64,4.74,4.61,417873.0
2022-04-20,4.65,4.55,4.65,4.52,404354.92
2022-04-21,4.53,4.43,4.53,4.4,449332.7
2022-04-22,4.42,4.48,4.51,4.36,390969.02
2022-04-25,4.42,4.27,4.45,4.27,600265.14
2022-04-26,4.25,4.11,4.29,4.08,514182.2
2022-04-27,4.11,4.25,4.26,4.08,593226.54
2022-04-28,4.21,4.22,4.25,4.13,403969.81
2022-04-29,4.23,4.3,4.31,4.19,475692.64
2022-05-05,4.32,4.35,4.39,4.3,469628.59
2022-05-06,4.25,4.24,4.31,4.23,408391.28
2022-05-09,4.24,4.24,4.28,4.22,234089.51
2022-05-10,4.2,4.29,4.29,4.18,343431.66
2022-05-11,4.29,4.28,4.36,4.27,419256.72
2022-05-12,4.29,4.3,4.34,4.28,352069.25
2022-05-13,4.29,4.38,4.43,4.29,589505.59
2022-05-16,4.42,4.41,4.51,4.39,443102.37
2022-05-17,4.44,4.42,4.46,4.39,290817.05
2022-05-18,4.43,4.42,4.44,4.41,272546.01
2022-05-19,4.37,4.41,4.41,4.36,310282.24
2022-05-20,4.49,4.5,4.53,4.47,507225.68
2022-05-23,4.49,4.47,4.52,4.45,320964.35
2022-05-24,4.51,4.49,4.63,4.48,760945.58
2022-05-25,4.49,4.57,4.57,4.48,492467.71
2022-05-26,4.6,4.84,4.85,4.57,1467203.24
2022-05-30,4.81,4.68,4.81,4.61,933883.72
2022-05-31,4.66,4.59,4.68,4.57,739506.31
2022-06-01,4.58,4.59,4.61,4.55,402173.83
2022-06-02,4.57,4.61,4.61,4.55,374101.15
2022-06-06,4.61,4.62,4.62,4.56,436551.82
2022-06-07,4.63,4.6,4.67,4.58,448493.05
2022-06-08,4.6,4.57,4.61,4.49,501583.98
2022-06-09,4.58,4.55,4.6,4.52,298524.46
2022-06-10,4.51,4.57,4.57,4.5,320046.98
2022-06-13,4.54,4.59,4.63,4.53,471116.57
2022-06-14,4.55,4.64,4.64,4.5,532870.94
2022-06-15,4.62,4.66,4.74,4.62,707023.29
2022-06-16,4.68,4.74,4.78,4.67,657057.62
2022-06-17,4.68,4.68,4.72,4.59,562330.59
2022-06-20,4.65,4.68,4.69,4.63,374378.86
2022-06-21,4.68,4.68,4.73,4.64,358138.77
2022-06-22,4.68,4.59,4.7,4.58,413926.37
2022-06-23,4.57,4.63,4.64,4.57,274070.43
2022-06-24,4.64,4.62,4.65,4.58,308609.3
2022-06-27,4.62,4.65,4.68,4.61,356966.12
2022-06-28,4.67,4.73,4.73,4.65,437887.4
2022-06-29,4.72,4.67,4.75,4.66,377005.92
2022-06-30,4.67,4.68,4.69,4.65,328331.08
2022-07-01,4.69,4.81,4.94,4.68,1156625.12
2022-07-04,4.88,4.78,4.88,4.75,596634.34
2022-07-05,4.75,4.76,4.83,4.73,512431.8
2022-07-06,4.74,4.67,4.76,4.63,469223.69
2022-07-07,4.67,4.67,4.71,4.63,331242.02
2022-07-08,4.65,4.71,4.78,4.65,503827.81
2022-07-11,4.73,4.81,4.93,4.66,1147627.48
2022-07-12,4.82,4.75,4.85,4.74,463874.4
2022-07-13,4.8,4.8,4.86,4.74,460918.3
2022-07-14,4.8,4.74,4.8,4.73,335989.08
2022-07-15,4.72,4.63,4.73,4.62,460253.0
2022-07-18,4.63,4.74,4.75,4.62,394336.0
2022-07-19,4.74,4.75,4.8,4.73,265576.8
2022-07-20,4.76,4.79,4.8,4.75,319962.12
2022-07-21,4.81,4.8,4.84,4.79,411260.58
2022-07-22,4.86,4.93,5.07,4.86,1375045.52
2022-07-25,4.9,4.88,5.02,4.85,463960.33
2022-07-26,4.9,4.87,4.91,4.82,277414.19
2022-07-27,4.87,4.86,4.88,4.83,221711.33
2022-07-28,4.87,4.85,4.88,4.83,282079.66
2022-07-29,4.85,4.85,4.93,4.84,512664.16
2022-08-17,4.82,4.74,4.85,4.68,720012.35
2022-08-18,4.74,4.68,4.74,4.64,632769.6
2022-08-19,4.67,4.66,4.74,4.65,388147.15
2022-08-22,4.65,4.58,4.66,4.55,693518.63
2022-08-23,4.57,4.55,4.57,4.53,326154.39
2022-08-24,4.56,4.48,4.59,4.47,434672.29
2022-08-25,4.48,4.44,4.51,4.39,443650.84
2022-08-26,4.48,4.49,4.55,4.48,375270.03
2022-08-29,4.46,4.53,4.55,4.4,265988.3
2022-08-30,4.54,4.5,4.58,4.49,243112.86
2022-08-31,4.51,4.52,4.56,4.5,315911.35
2022-09-01,4.52,4.51,4.55,4.51,181819.72
2022-09-02,4.49,4.46,4.52,4.44,246119.76
2022-09-05,4.43,4.46,4.46,4.4,214757.36
2022-09-06,4.44,4.51,4.52,4.42,223688.52
2022-09-07,4.5,4.5,4.51,4.48,197327.85
2022-09-08,4.51,4.49,4.52,4.48,148019.09
2022-09-09,4.48,4.54,4.55,4.48,218959.82
2022-09-13,4.54,4.54,4.55,4.51,186371.33
2022-09-14,4.49,4.47,4.51,4.46,211441.68
2022-09-15,4.47,4.44,4.49,4.41,276021.95
2022-09-16,4.43,4.31,4.44,4.31,406280.52
2022-09-19,4.32,4.27,4.34,4.25,182041.0
2022-09-20,4.3,4.32,4.34,4.29,160132.83
2022-09-21,4.33,4.34,4.37,4.27,165671.1
2022-09-22,4.33,4.33,4.35,4.29,112848.28
2022-09-23,4.33,4.32,4.35,4.29,159193.2
2022-09-26,4.29,4.26,4.33,4.25,212391.66
2022-09-27,4.27,4.32,4.32,4.24,181537.52
2022-09-28,4.33,4.18,4.34,4.17,413835.4
2022-09-29,4.2,4.07,4.23,4.02,329256.52
2022-09-30,4.07,4.07,4.11,4.05,235980.44
2022-10-10,4.07,3.97,4.09,3.97,272395.36
2022-10-11,3.96,3.98,3.99,3.94,168211.31
2022-10-12,3.99,4.09,4.1,3.96,337644.39
2022-10-13,4.08,4.07,4.1,4.05,191232.65
2022-10-14,4.07,4.12,4.14,4.07,245818.43
2022-10-17,4.1,4.18,4.23,4.09,295300.69
2022-10-18,4.19,4.16,4.21,4.16,174725.93
2022-10-19,4.16,4.09,4.17,4.09,173977.61
2022-10-20,4.07,4.08,4.14,4.07,168616.61
2022-10-21,4.07,4.09,4.14,4.07,163884.92
2022-10-24,4.09,4.01,4.14,3.99,226230.28
2022-10-25,4.0,4.1,4.1,3.99,275208.88
2022-10-26,4.12,4.2,4.25,4.11,498448.38
2022-10-27,4.2,4.27,4.29,4.19,430393.45
2022-10-28,4.27,4.19,4.27,4.17,332486.64
2022-10-31,4.17,4.21,4.27,4.16,390871.88
2022-11-01,4.2,4.3,4.3,4.16,541465.94
2022-11-02,4.27,4.32,4.37,4.27,402712.13
2022-11-03,4.29,4.36,4.37,4.27,289404.03
2022-11-04,4.35,4.39,4.42,4.34,407435.21
2022-11-07,4.37,4.38,4.42,4.36,302864.2
2022-11-08,4.38,4.37,4.39,4.31,261049.59
2022-11-09,4.37,4.33,4.38,4.32,173669.14
2022-11-10,4.31,4.27,4.31,4.26,249435.94
2022-11-11,4.33,4.44,4.47,4.31,752932.03
2022-11-14,4.47,4.47,4.59,4.47,651585.9
2022-11-15,4.52,4.54,4.55,4.46,434020.9
2022-11-16,4.52,4.54,4.55,4.48,276646.78
2022-11-17,4.51,4.56,4.57,4.5,401485.18
2022-11-18,4.54,4.57,4.6,4.54,445702.47
2022-11-21,4.55,4.58,4.59,4.51,228086.04
2022-11-22,4.59,4.59,4.62,4.55,325626.41
2022-11-23,4.59,4.62,4.65,4.57,296334.19
2022-11-24,4.62,4.7,4.72,4.62,493963.79
2022-11-25,4.68,4.69,4.72,4.67,265315.05
2022-11-28,4.65,4.63,4.66,4.55,617415.3
2022-11-29,4.62,4.75,4.77,4.62,786444.55
2022-11-30,4.73,4.79,4.83,4.72,675173.87
2022-12-01,4.8,4.78,4.84,4.76,862773.77
2022-12-02,4.78,4.74,4.78,4.71,327380.24
2022-12-05,4.76,4.87,4.87,4.76,554851.81
2022-12-06,4.86,4.89,4.91,4.83,436182.28
2022-12-07,4.88,4.82,4.94,4.79,460847.1
2022-12-08,4.82,4.86,4.88,4.81,344382.33
2022-12-09,4.87,4.89,4.91,4.83,391451.01
2022-12-12,4.88,4.82,4.89,4.79,364924.88
2022-12-13,4.82,4.85,4.87,4.8,267691.68
2022-12-14,4.84,4.86,4.87,4.82,270342.91
2022-12-15,4.85,4.82,4.89,4.81,269393.53
2022-12-16,4.8,4.86,4.87,4.8,431450.17
2022-12-19,4.85,4.76,4.87,4.74,289754.19
2022-12-20,4.75,4.7,4.77,4.67,311021.89
2022-12-21,4.71,4.7,4.76,4.68,239280.91
2022-12-22,4.74,4.63,4.75,4.61,270694.8
2022-12-23,4.61,4.58,4.65,4.56,202096.24
2022-12-26,4.6,4.61,4.64,4.59,159484.87
2022-12-27,4.64,4.66,4.67,4.61,182591.0
2022-12-28,4.65,4.61,4.66,4.56,254013.53
2022-12-29,4.59,4.56,4.6,4.55,209921.55
2022-12-30,4.59,4.61,4.63,4.56,177203.47
2023-01-03,4.6,4.67,4.75,4.57,426160.57
2023-01-04,4.65,4.77,4.81,4.65,479651.8
2023-01-05,4.78,4.8,4.85,4.78,300886.64
2023-01-06,4.78,4.79,4.83,4.77,294792.6
2023-01-09,4.82,4.9,4.92,4.79,627690.93
2023-01-10,4.9,5.01,5.02,4.88,967344.86
2023-01-11,5.01,5.0,5.05,4.97,509110.83
2023-01-12,5.01,4.97,5.02,4.94,366962.53
2023-01-13,4.99,5.12,5.13,4.96,786497.7
2023-01-16,5.13,5.17,5.19,5.07,697521.24
2023-01-17,5.18,5.12,5.23,5.09,446081.48
2023-01-18,5.12,5.08,5.17,5.07,329791.19
2023-01-19,5.07,5.07,5.11,5.03,269178.64
2023-01-20,5.07,5.15,5.16,5.07,326369.32
2023-01-30,5.21,5.21,5.33,5.18,694744.5
2023-01-31,5.19,5.29,5.31,5.17,593761.45
2023-02-01,5.29,5.37,5.38,5.28,920032.78
2023-02-02,5.35,5.25,5.37,5.22,655898.08
2023-02-03,5.22,5.27,5.3,5.14,575565.34
2023-02-06,5.26,5.25,5.29,5.17,515113.58
2023-02-07,5.25,5.26,5.3,5.2,368014.43
2023-02-08,5.25,5.17,5.27,5.17,312071.0
2023-02-09,5.16,5.23,5.24,5.14,234724.12
2023-02-10,5.22,5.31,5.33,5.2,404641.84
2023-02-13,5.31,5.78,5.84,5.31,3393517.12
2023-02-14,5.68,5.74,5.78,5.53,2672274.65
2023-02-15,5.75,5.65,5.8,5.62,1343528.02
2023-02-16,5.69,5.52,5.69,5.48,928134.13
2023-02-17,5.55,5.58,5.67,5.53,1033838.57
2023-02-20,5.62,6.13,6.13,5.61,3532752.89
2023-02-21,6.28,6.48,6.55,6.25,4754743.13
2023-02-22,6.53,6.45,6.54,6.33,1976127.99
2023-02-23,6.48,6.36,6.49,6.34,1058158.13
2023-02-24,6.37,6.41,6.48,6.3,1249849.76
2023-02-27,6.35,6.32,6.44,6.28,1636438.69
2023-02-28,6.3,6.46,6.46,6.27,1337195.99
2023-03-01,6.46,6.54,6.59,6.38,1411492.79
2023-03-02,6.53,6.75,6.8,6.51,1632923.68
2023-03-03,6.69,6.69,6.78,6.65,1089789.66
2023-03-06,6.71,6.62,6.82,6.57,1479842.86
2023-03-07,6.63,6.5,6.66,6.5,855345.8
2023-03-08,6.5,6.56,6.66,6.48,865971.17
2023-03-09,6.56,6.48,6.6,6.46,703351.69
2023-03-10,6.49,6.4,6.51,6.39,660826.2
2023-03-13,6.39,6.55,6.63,6.36,966368.18
2023-03-14,6.55,6.38,6.58,6.3,1054903.04
2023-03-15,6.42,6.25,6.48,6.25,1076702.57
2023-03-16,6.26,6.33,6.37,6.24,874450.93
2023-03-17,6.36,6.22,6.37,6.19,886879.34
2023-03-20,6.27,6.13,6.4,6.1,1030620.16
2023-03-21,6.15,6.1,6.24,6.09,638311.41
2023-03-22,6.09,6.08,6.18,6.02,892877.58
2023-03-23,6.06,6.07,6.11,5.98,713548.19
2023-03-24,6.07,5.9,6.09,5.87,1222885.0
2023-03-27,5.94,5.94,5.98,5.85,781637.54
2023-03-28,5.96,5.97,6.12,5.92,904206.8
2023-03-29,5.94,6.09,6.13,5.94,927421.2
2023-03-30,6.19,6.44,6.5,6.19,1530496.67
2023-03-31,6.37,6.3,6.38,6.28,824661.57
2023-04-03,6.28,6.34,6.4,6.23,842612.03
2023-04-04,6.38,6.42,6.48,6.31,661582.91
2023-04-06,6.42,6.43,6.46,6.31,484518.87
2023-04-07,6.44,6.33,6.44,6.31,469643.74
2023-04-10,6.28,6.23,6.4,6.21,693416.61
2023-04-11,6.22,6.24,6.27,6.17,421225.77
2023-04-12,6.24,6.15,6.25,6.09,605099.11
2023-04-13,6.13,6.08,6.16,6.01,581374.18
2023-04-14,6.08,6.11,6.14,6.02,496317.19
2023-04-17,6.13,6.32,6.34,6.12,697812.69
2023-04-18,6.32,6.39,6.41,6.28,618674.81
2023-04-19,6.38,6.3,6.38,6.23,507876.84
2023-04-20,6.28,6.34,6.38,6.26,510885.49
2023-04-21,6.34,6.24,6.45,6.2,740372.03
2023-04-24,6.21,6.09,6.24,6.07,696034.51
2023-04-25,6.13,6.04,6.18,5.94,575433.66
2023-04-26,5.98,5.97,6.06,5.95,396023.07
2023-04-27,5.93,6.07,6.08,5.86,440649.86
2023-04-28,6.06,6.24,6.26,6.02,501474.04
2023-05-04,6.07,5.77,6.12,5.65,1749133.68
2023-05-05,5.77,5.85,5.88,5.76,670642.46
2023-05-08,5.87,5.91,6.14,5.87,875134.72
2023-05-09,5.93,5.78,5.94,5.78,686771.72
2023-05-10,5.78,5.66,5.79,5.61,681912.37
2023-05-11,5.68,5.82,5.87,5.64,752131.21
2023-05-12,5.82,5.61,5.84,5.58,637442.48
2023-05-15,5.61,5.68,5.68,5.49,572275.87
2023-05-16,5.65,5.56,5.68,5.54,430393.38
2023-05-17,5.57,5.68,5.72,5.51,576305.75
2023-05-18,5.69,5.73,5.88,5.68,692833.56
2023-05-19,5.72,5.64,5.73,5.61,325511.0
2023-05-22,5.64,5.77,5.78,5.6,527613.76
2023-05-23,5.73,5.63,5.77,5.63,368605.53
2023-05-24,5.62,5.48,5.63,5.48,407547.13
2023-05-25,5.47,5.43,5.49,5.36,507176.52
2023-05-26,5.43,5.42,5.5,5.35,343257.22
2023-05-29,5.42,5.37,5.43,5.34,321503.3
2023-05-30,5.37,5.39,5.49,5.31,473452.78
2023-05-31,5.37,5.44,5.44,5.36,344753.0
2023-06-01,5.43,5.37,5.43,5.27,463796.65
2023-06-02,5.36,5.59,5.62,5.34,895729.72
2023-06-05,5.58,5.51,5.67,5.49,414573.58
2023-06-06,5.48,5.48,5.6,5.48,351129.09
2023-06-07,5.48,5.45,5.54,5.41,305801.52
2023-06-08,5.45,5.61,5.63,5.39,566181.68
2023-06-09,5.63,5.59,5.65,5.53,598580.57
2023-06-12,5.6,5.84,5.88,5.59,1069346.17
2023-06-13,5.86,5.85,5.91,5.78,624219.77
2023-06-14,5.89,6.2,6.23,5.89,1226405.82
2023-06-15,6.19,6.2,6.25,6.1,716518.4
2023-06-16,6.25,6.23,6.38,6.19,717443.38
2023-06-19,6.29,6.18,6.29,6.16,451235.68
2023-06-20,6.19,6.1,6.23,6.08,621901.01
2023-06-21,6.1,6.04,6.16,6.03,444627.57
2023-06-26,6.03,5.92,6.1,5.91,509466.98
2023-06-27,5.93,6.02,6.08,5.86,614580.26
2023-06-28,6.02,6.12,6.15,6.01,478649.59
2023-06-29,6.12,6.22,6.3,6.07,584704.95
2023-06-30,6.21,6.3,6.34,6.19,532779.23
2023-07-03,6.3,6.25,6.35,6.2,431674.69
2023-07-04,6.23,6.15,6.27,6.12,363956.93
2023-07-05,6.16,6.14,6.28,6.12,344096.56
2023-07-06,6.1,6.16,6.23,6.1,293962.02
2023-07-07,6.13,6.12,6.19,6.08,264629.82
2023-07-10,6.16,6.1,6.2,6.05,325752.53
2023-07-11,6.1,6.11,6.12,6.02,241906.46
2023-07-12,6.11,6.08,6.17,6.06,305205.0
2023-07-13,6.08,6.26,6.3,6.07,622796.2
2023-07-14,6.24,6.57,6.73,6.23,1487831.23
2023-07-17,6.52,6.66,6.7,6.49,637827.97
2023-07-18,6.62,6.61,6.7,6.59,419837.0
2023-07-19,6.59,6.51,6.6,6.47,386607.12
2023-07-20,6.57,6.61,6.7,6.53,884691.08
2023-07-21,6.62,6.67,6.7,6.56,628434.51
2023-07-24,6.69,6.54,6.71,6.51,425325.75
2023-07-25,6.6,6.7,6.8,6.59,764880.4
2023-07-26,6.67,6.57,6.69,6.54,395518.75
2023-07-27,6.58,6.43,6.64,6.41,455146.23
2023-07-28,6.43,6.47,6.52,6.34,612881.21
2023-07-31,6.48,6.58,6.69,6.48,642106.71
2023-08-01,6.56,6.38,6.59,6.35,542995.64
2023-08-02,6.44,6.48,6.57,6.38,564327.01
2023-08-03,6.43,6.41,6.44,6.3,440485.93
2023-08-04,6.43,6.34,6.49,6.34,359297.25
2023-08-07,6.34,6.29,6.4,6.28,400837.66
2023-08-08,6.3,6.29,6.38,6.26,436607.7
2023-08-09,6.29,6.26,6.36,6.2,451702.28
2023-08-10,6.22,6.19,6.28,6.14,416532.0
2023-08-11,6.2,6.0,6.2,5.91,751655.04
2023-08-14,5.99,5.96,6.0,5.82,668828.0
2023-08-15,5.96,5.91,6.02,5.88,559048.7
2023-08-16,5.91,5.88,5.94,5.82,424672.77
2023-08-17,5.85,6.0,6.01,5.81,370173.03
2023-08-18,5.95,5.83,6.16,5.83,474041.15
2023-08-21,5.82,5.79,5.89,5.77,266181.62
2023-08-22,5.8,5.83,5.87,5.75,275608.7
2023-08-23,5.82,5.74,5.85,5.72,279621.22
2023-08-24,5.73,5.66,5.78,5.61,593352.83
2023-08-25,5.63,5.7,5.75,5.63,393646.91
2023-08-28,5.92,5.77,5.99,5.74,541804.88
2023-08-29,5.79,5.61,5.8,5.57,1206723.57
2023-08-30,5.6,5.57,5.62,5.55,860012.56
2023-08-31,5.63,5.63,5.89,5.62,1588397.14
2023-09-01,5.65,5.97,6.05,5.65,1858130.81
2023-09-04,6.11,6.32,6.39,6.04,2028377.49
2023-09-05,6.26,6.29,6.29,6.19,725212.12
2023-09-06,6.27,6.21,6.29,6.14,647681.14
2023-09-07,6.23,6.26,6.39,6.2,939089.79
2023-09-08,6.22,6.29,6.3,6.16,588906.74
2023-09-11,6.29,6.23,6.31,6.2,475105.85
2023-09-12,6.21,6.16,6.21,6.11,502849.77
2023-09-13,6.16,6.09,6.16,6.03,385862.94
2023-09-14,6.06,6.12,6.14,6.02,441623.0
2023-09-15,6.16,6.02,6.19,5.97,521703.03
2023-09-18,6.02,6.1,6.16,5.97,554091.03
2023-09-19,6.11,6.2,6.25,6.03,814275.38
2023-09-20,6.19,6.16,6.22,6.06,587728.0
2023-09-21,6.15,6.1,6.22,6.05,502419.93
2023-09-22,6.07,6.06,6.14,6.02,634562.14
2023-09-25,6.08,6.03,6.14,6.02,522808.05
2023-09-26,6.02,6.03,6.06,5.95,611929.4
2023-09-27,6.02,5.95,6.04,5.91,672043.78
2023-09-28,5.95,5.93,6.01,5.89,372428.11
2023-10-09,5.92,5.96,6.03,5.88,405149.9
2023-10-10,5.98,5.8,5.99,5.77,556378.0
2023-10-11,5.8,5.75,5.84,5.73,534486.77
2023-10-12,5.79,5.75,5.81,5.71,373786.0
2023-10-13,5.71,5.66,5.73,5.62,383492.21
2023-10-16,5.66,5.62,5.67,5.61,277859.0
2023-10-17,5.66,5.72,5.74,5.61,392687.13
2023-10-18,5.71,5.6,5.71,5.59,373904.0
2023-10-19,5.58,5.51,5.59,5.48,506725.97
2023-10-20,5.49,5.46,5.52,5.45,412426.37
2023-10-23,5.45,5.31,5.45,5.25,549341.0
2023-10-24,5.34,5.28,5.38,5.21,622017.61
2023-10-25,5.59,5.48,5.69,5.43,1186871.66
2023-10-26,5.47,5.54,5.59,5.36,746177.38
2023-10-27,5.52,5.64,5.67,5.48,579505.53
2023-10-30,5.64,5.62,5.65,5.51,467310.25
2023-10-31,5.62,5.34,5.62,5.32,1025582.35
2023-11-01,5.36,5.22,5.37,5.2,714988.8
2023-11-02,5.24,5.2,5.35,5.17,822412.49
2023-11-03,5.21,5.29,5.36,5.21,591833.45
2023-11-06,5.33,5.32,5.35,5.25,449536.01
2023-11-07,5.31,5.28,5.32,5.24,297647.5
2023-11-08,5.28,5.35,5.44,5.24,603174.92
2023-11-09,5.33,5.28,5.35,5.26,414967.61
2023-11-10,5.26,5.21,5.28,5.12,543258.08
2023-11-13,5.22,5.29,5.3,5.21,442047.65
2023-11-14,5.3,5.28,5.34,5.25,298755.49
2023-11-15,5.32,5.33,5.44,5.28,332905.0
2023-11-16,5.31,5.29,5.33,5.27,237933.9
2023-11-17,5.29,5.3,5.31,5.25,224829.37
2023-11-20,5.3,5.35,5.39,5.27,386890.24
2023-11-21,5.37,5.37,5.48,5.36,533830.26
2023-11-22,5.36,5.27,5.37,5.27,488305.98
2023-11-23,5.26,5.34,5.35,5.26,281547.08
2023-11-24,5.35,5.34,5.35,5.3,295656.11
2023-11-27,5.33,5.38,5.4,5.31,417495.46
2023-11-28,5.39,5.33,5.39,5.25,492156.34
2023-11-29,5.31,5.15,5.34,5.14,687997.0
2023-11-30,5.14,5.15,5.2,5.07,508801.54
2023-12-01,5.15,5.17,5.2,5.07,386195.26
2023-12-04,5.16,5.08,5.18,5.07,447707.0
2023-12-05,5.12,4.95,5.12,4.95,566424.29
2023-12-06,4.92,4.93,4.94,4.87,439184.42
2023-12-07,4.9,4.93,4.96,4.86,478596.57
2023-12-08,4.93,4.97,5.04,4.93,781612.05
2023-12-11,4.94,4.94,4.94,4.83,717106.71
2023-12-12,4.91,4.91,4.92,4.86,507396.74
2023-12-13,4.9,4.79,4.9,4.79,535890.3
2023-12-14,4.8,4.73,4.81,4.7,502950.03
2023-12-15,4.73,4.73,4.83,4.73,574660.44
2023-12-18,4.74,4.67,4.74,4.65,373167.44
2023-12-19,4.66,4.68,4.7,4.63,405228.93
2023-12-20,4.7,4.62,4.72,4.62,322290.0
2023-12-21,4.61,4.67,4.68,4.57,397474.73
2023-12-22,4.67,4.71,4.78,4.66,529857.0
2023-12-25,4.69,4.79,4.8,4.68,359683.93
2023-12-26,4.78,4.8,4.82,4.77,356124.62
2023-12-27,4.8,4.83,4.84,4.75,264467.17
2023-12-28,4.84,5.02,5.07,4.8,880510.52
2023-12-29,5.01,5.08,5.13,5.0,624400.98
2024-01-02,5.08,5.22,5.25,5.07,751131.42
2024-01-03,5.21,5.25,5.26,5.16,592563.25
2024-01-04,5.23,5.18,5.28,5.13,604099.23
2024-01-05,5.16,5.14,5.21,5.08,462543.24
2024-01-08,5.12,5.09,5.16,5.04,508824.8
2024-01-09,5.08,5.09,5.12,5.03,427823.45
2024-01-10,5.09,5.1,5.17,5.06,363444.2
2024-01-11,5.09,5.09,5.11,5.0,366612.5
2024-01-12,5.12,5.14,5.27,5.07,518341.0
2024-01-15,5.11,5.17,5.2,5.07,397893.06
2024-01-16,5.15,5.16,5.24,5.08,454515.9
2024-01-17,5.15,5.1,5.22,5.1,480174.99
2024-01-18,5.08,5.15,5.16,5.0,799106.12
2024-01-19,5.13,5.11,5.19,5.08,399334.42
2024-01-22,5.11,4.97,5.15,4.92,548693.3
2024-01-23,4.94,4.96,5.04,4.88,543002.73
2024-01-24,4.97,5.07,5.07,4.87,551822.41
2024-01-25,5.05,5.28,5.3,5.03,723867.67
2024-01-26,5.27,5.25,5.32,5.21,494046.37
2024-01-29,5.28,5.29,5.39,5.23,738100.77
2024-01-30,5.27,5.25,5.35,5.23,541108.23
2024-01-31,5.21,5.24,5.34,5.19,675699.96
2024-02-01,5.22,5.19,5.28,5.14,650095.66
2024-02-02,5.19,5.16,5.35,4.95,1013259.57
2024-02-05,5.09,5.3,5.38,5.09,1277393.46
2024-02-06,5.25,5.62,5.64,5.24,1366262.41
2024-02-07,5.6,5.63,5.71,5.52,1122704.84
2024-02-08,5.66,5.66,5.68,5.53,889883.6
2024-02-19,5.72,5.75,5.75,5.62,790747.85
2024-02-20,5.73,5.69,5.75,5.61,631483.52
2024-02-21,5.67,5.68,5.77,5.62,698251.26
2024-02-22,5.67,5.71,5.72,5.63,485989.38
2024-02-23,5.71,5.56,5.74,5.49,1038725.77
2024-02-26,5.62,5.6,5.68,5.59,683156.15
2024-02-27,5.57,5.6,5.64,5.54,624658.23
2024-02-28,5.58,5.49,5.6,5.45,952568.49
2024-02-29,5.45,5.52,5.52,5.45,729761.41
2024-03-01,5.53,5.71,5.73,5.51,1243071.86
2024-03-04,5.7,5.78,5.86,5.69,876922.66
2024-03-05,5.75,5.68,5.81,5.65,773070.97
2024-03-06,5.68,5.87,5.89,5.66,1139088.0
2024-03-07,5.92,5.85,6.03,5.82,1131025.13
2024-03-08,5.87,5.99,6.0,5.82,857665.36
2024-03-11,6.01,5.86,6.04,5.8,924535.97
2024-03-12,5.84,5.68,5.86,5.62,1123666.25
2024-03-13,5.66,5.61,5.69,5.57,695822.77
2024-03-14,5.62,5.72,5.76,5.62,803204.1
2024-03-15,5.7,5.69,5.73,5.64,374999.86
2024-03-18,5.7,5.7,5.82,5.67,605694.29
2024-03-19,5.68,5.68,5.74,5.63,596567.32
2024-03-20,5.67,5.56,5.69,5.51,965541.29
2024-03-21,5.56,5.53,5.57,5.47,556650.54
2024-03-22,5.51,5.46,5.52,5.42,491431.85
2024-03-25,5.68,5.81,5.93,5.63,2314078.01
2024-03-26,5.79,5.88,5.92,5.72,1185626.5
2024-03-27,5.84,5.76,5.89,5.75,712379.48
2024-03-28,5.75,5.78,5.87,5.7,683168.38
2024-03-29,5.78,5.92,5.94,5.75,990605.41
2024-04-01,5.96,6.13,6.19,5.96,1561439.76
2024-04-02,6.1,6.11,6.19,6.02,1064672.98
2024-04-03,6.07,6.04,6.14,6.01,593175.31
2024-04-08,6.0,6.21,6.26,5.97,1582324.81
2024-04-09,6.25,6.14,6.43,6.09,1076428.53
2024-04-10,6.17,6.38,6.43,6.16,1586823.62
2024-04-11,6.31,6.63,6.77,6.29,2715815.14
2024-04-12,6.65,6.51,6.7,6.47,1206664.42
2024-04-15,6.52,6.82,6.86,6.5,2247447.3
2024-04-16,6.77,6.49,6.77,6.47,1317172.26
2024-04-17,6.49,7.03,7.13,6.42,2250407.52
2024-04-18,6.92,6.88,7.09,6.79,1698609.85
2024-04-19,6.84,6.84,7.0,6.81,949184.81
2024-04-22,6.84,6.57,6.86,6.53,1502645.85
2024-04-23,6.52,6.39,6.54,6.31,1100159.56
2024-04-24,6.4,6.51,6.52,6.39,928917.12
2024-04-25,6.46,6.49,6.57,6.43,698112.98
2024-04-26,6.46,6.42,6.52,6.25,1379163.3
2024-04-29,6.38,6.43,6.47,6.33,904656.37
2024-04-30,6.43,6.55,6.63,6.29,1322350.94
2024-05-06,6.61,6.97,7.06,6.41,2178854.12
2024-05-07,7.02,6.97,7.2,6.91,1297683.53
2024-05-08,6.93,6.87,6.94,6.78,705262.87
2024-05-09,6.85,7.47,7.5,6.85,2147860.19
2024-05-10,7.42,7.47,7.51,7.24,1208524.68
2024-05-13,7.32,7.43,7.58,7.25,1245407.24
2024-05-14,7.38,7.34,7.47,7.24,701067.61
2024-05-15,7.24,7.24,7.34,7.22,638449.15
2024-05-16,7.3,7.36,7.41,7.18,892914.7
2024-05-17,7.27,7.28,7.35,7.09,981617.04
2024-05-20,7.26,7.13,7.27,7.03,1018187.09
2024-05-21,7.12,7.14,7.2,7.1,432205.0
2024-05-22,7.15,7.13,7.26,7.1,698736.0
2024-05-23,7.1,7.11,7.27,7.06,798947.62
2024-05-24,7.11,7.31,7.44,7.1,1330199.51
2024-05-27,7.32,7.43,7.44,7.26,847221.03
2024-05-28,7.42,7.12,7.42,7.11,1025766.52
2024-05-29,7.14,6.92,7.14,6.86,1045391.05
2024-05-30,6.87,6.84,6.96,6.82,598660.5
2024-05-31,6.85,6.75,6.94,6.71,742178.76
2024-06-03,6.68,6.7,6.77,6.61,783241.03
2024-06-04,6.68,6.87,6.9,6.65,826862.56
2024-06-05,6.85,6.72,6.92,6.67,627073.12
2024-06-06,6.8,6.87,6.96,6.72,1122756.63
2024-06-07,6.86,6.95,7.1,6.83,1361093.99
2024-06-11,6.95,6.86,6.97,6.67,955102.36
2024-06-12,6.79,7.05,7.1,6.77,996448.94
2024-06-13,7.03,6.83,7.04,6.79,763344.94
2024-06-14,6.83,6.71,6.89,6.67,712150.29
2024-06-17,6.73,6.73,6.83,6.66,582856.72
2024-06-18,6.73,6.86,6.94,6.5,972273.25
2024-06-19,6.84,6.82,6.88,6.76,385633.99
2024-06-20,6.8,6.74,6.94,6.7,406593.0
2024-06-21,6.7,6.86,6.96,6.7,826768.52
2024-06-24,6.86,6.82,6.94,6.79,573397.0
2024-06-25,6.79,6.94,7.1,6.79,1211759.64
2024-06-26,6.94,6.95,6.97,6.77,677662.94
2024-06-27,6.94,6.56,6.94,6.52,1358072.89
2024-06-28,6.52,6.66,6.7,6.49,831051.7
2024-07-01,6.58,6.68,6.7,6.56,593490.57
2024-07-02,6.67,6.33,6.67,6.05,2097414.09
2024-07-03,6.33,6.24,6.39,6.21,913068.79
2024-07-04,6.25,6.33,6.43,6.22,850375.13
2024-07-05,6.33,6.34,6.36,6.21,621660.0
2024-07-08,6.36,6.28,6.46,6.27,629555.39
2024-07-09,6.28,6.27,6.32,6.17,801274.2
2024-07-10,6.27,6.38,6.47,6.2,845437.75
2024-07-11,6.42,6.55,6.63,6.33,946140.93
2024-07-12,6.51,6.43,6.58,6.38,676173.1
2024-07-15,6.4,6.36,6.49,6.25,617201.05
2024-07-16,6.31,6.12,6.37,6.06,1099275.35
2024-07-17,6.11,6.05,6.12,5.99,710621.78
2024-07-18,6.0,6.14,6.21,5.98,628569.41
2024-07-19,6.12,6.27,6.32,6.1,782174.94
2024-07-22,6.22,6.31,6.35,6.2,561136.41
2024-07-23,6.31,6.22,6.4,6.21,515910.8
2024-07-24,6.23,6.24,6.36,6.17,654701.44
2024-07-25,6.24,6.27,6.31,6.15,563232.92
2024-07-26,6.27,6.25,6.38,6.11,778498.67
2024-07-29,6.24,5.96,6.25,5.91,1171263.11
2024-07-30,5.96,6.05,6.07,5.88,728501.3
2024-07-31,6.02,6.27,6.28,5.96,934091.3
2024-08-01,6.36,6.13,6.37,6.1,693554.79
2024-08-02,6.05,6.09,6.13,6.03,582770.68
2024-08-05,6.05,6.07,6.19,5.94,614753.66
2024-08-06,6.07,6.2,6.21,6.07,579175.53
2024-08-07,6.17,6.28,6.39,6.17,773389.26
2024-08-08,6.27,6.29,6.35,6.2,450487.0
2024-08-09,6.29,6.24,6.43,6.23,423876.08
2024-08-12,6.22,6.23,6.32,6.18,303248.03
2024-08-13,6.23,6.2,6.28,6.13,299158.0
2024-08-14,6.2,6.09,6.2,6.08,284218.07
2024-08-15,6.15,6.24,6.29,6.08,461389.0
2024-08-16,6.27,6.27,6.33,6.21,396440.0
2024-08-19,6.26,6.41,6.48,6.25,713514.25
2024-08-20,6.42,6.36,6.43,6.29,504982.21
2024-08-21,6.33,6.25,6.43,6.22,440009.79
2024-08-22,6.26,6.24,6.27,6.13,483234.3
2024-08-23,6.23,6.37,6.39,6.2,554700.2
2024-08-26,6.38,6.46,6.5,6.27,626237.94
2024-08-27,6.44,6.4,6.48,6.31,469765.98
2024-08-28,6.37,6.39,6.47,6.27,480122.78
2024-08-29,6.32,6.02,6.32,5.89,2017449.03
2024-08-30,5.94,6.08,6.23,5.8,1819874.54
2024-09-02,6.08,6.09,6.21,5.97,819147.51
2024-09-03,6.07,6.05,6.09,5.99,645663.37
2024-09-04,6.04,6.03,6.05,5.89,568485.58
2024-09-05,6.02,6.02,6.08,5.93,472674.62
2024-09-06,5.99,5.93,6.03,5.91,426072.3
2024-09-09,5.89,5.74,5.92,5.69,866376.1
2024-09-10,5.76,5.81,5.88,5.74,591361.31
2024-09-11,5.79,5.88,5.93,5.72,628998.35
2024-09-12,5.88,5.84,6.0,5.83,459448.5
2024-09-13,5.85,5.81,5.89,5.79,419153.53
2024-09-18,5.83,5.98,6.0,5.76,674216.95
2024-09-19,6.0,6.27,6.29,5.93,1327418.27
2024-09-20,6.27,6.27,6.28,6.14,795755.92
2024-09-23,6.22,6.31,6.38,6.22,600380.01
2024-09-24,6.35,6.6,6.65,6.29,1280443.27
2024-09-25,6.65,6.61,6.87,6.54,1069087.27
2024-09-26,6.6,6.93,6.94,6.55,1431541.41
2024-09-27,7.06,7.09,7.19,6.94,1212735.87
2024-09-30,7.23,7.43,7.56,7.02,2253332.11
2024-10-08,8.12,7.51,8.17,7.28,3048652.32
2024-10-09,7.36,7.24,7.6,7.09,2075745.81
2024-10-10,7.24,7.43,7.7,7.22,1585955.31
2024-10-11,7.27,7.15,7.37,7.08,888727.42
2024-10-14,7.15,7.58,7.6,7.15,1816583.95
2024-10-15,7.58,7.31,7.59,7.31,988478.34
2024-10-16,7.26,7.34,7.53,7.23,1260918.78
2024-10-17,7.43,7.32,7.6,7.3,1247345.79
2024-10-18,7.19,7.5,7.6,7.18,1161375.72
2024-10-21,7.5,7.31,7.55,7.21,1509977.18
2024-10-22,7.32,7.43,7.5,7.22,1006102.44
2024-10-23,7.43,7.3,7.48,7.21,1364696.14
2024-10-24,7.26,7.31,7.36,7.2,574578.01
2024-10-25,7.33,7.3,7.35,7.22,608588.26
2024-10-28,7.27,7.32,7.42,7.18,655842.15
2024-10-29,7.35,7.21,7.36,7.18,669750.01
2024-10-30,7.21,7.19,7.39,7.13,703436.9
2024-10-31,7.25,7.43,7.55,7.2,1578053.67
2024-11-01,7.44,7.81,7.93,7.42,2061856.0
2024-11-04,7.82,7.84,7.92,7.73,1062916.81
2024-11-05,7.84,7.95,8.0,7.68,1370830.0
2024-11-06,7.94,7.78,8.03,7.65,1256384.97
2024-11-07,7.69,8.06,8.09,7.66,1315337.99
2024-11-08,8.08,7.83,8.13,7.8,981505.27
2024-11-11,7.87,7.86,8.01,7.72,841445.63
2024-11-12,7.84,7.72,7.95,7.68,770833.58
2024-11-13,7.7,7.71,7.81,7.67,560843.09
2024-11-14,7.7,7.6,7.75,7.59,671654.9
2024-11-15,7.58,7.38,7.62,7.37,838888.27
2024-11-18,7.38,7.34,7.53,7.31,712625.78
2024-11-19,7.34,7.45,7.46,7.34,489209.85
2024-11-20,7.45,7.41,7.63,7.37,721297.34
2024-11-21,7.41,7.36,7.44,7.32,458792.5
2024-11-22,7.37,7.24,7.47,7.23,694127.17
2024-11-25,7.27,7.41,7.63,7.25,1321871.1
2024-11-26,7.44,7.41,7.57,7.33,901509.79
2024-11-27,7.41,7.68,7.75,7.37,1249836.69
2024-11-28,7.67,7.8,7.99,7.6,1278315.98
2024-11-29,7.72,7.74,7.84,7.69,683399.25
2024-12-02,7.77,7.88,8.03,7.75,1079959.31
2024-12-03,7.92,7.8,7.93,7.67,840842.03
2024-12-04,7.75,7.69,7.81,7.64,695202.99
2024-12-05,7.65,7.67,7.7,7.51,676483.7
2024-12-06,7.69,7.63,7.72,7.59,591544.58
2024-12-09,7.61,7.72,7.79,7.58,976717.44
2024-12-10,7.94,7.72,8.03,7.7,987347.77
2024-12-11,7.72,7.81,7.94,7.68,1109708.28
2024-12-12,7.82,7.84,7.85,7.68,666717.24
2024-12-13,7.8,7.82,7.94,7.77,1356962.82
2024-12-16,7.81,7.59,7.94,7.54,1151915.94
2024-12-17,7.57,7.7,7.8,7.54,891291.58
2024-12-18,7.7,7.54,7.74,7.5,743567.27
2024-12-19,7.48,7.57,7.61,7.37,714961.06
2024-12-20,7.53,7.12,7.59,7.06,2248222.91
2024-12-23,7.11,7.24,7.47,7.1,1398298.43
2024-12-24,7.22,7.37,7.39,7.21,786965.97
2024-12-25,7.36,7.37,7.4,7.3,465789.04
2024-12-26,7.36,7.36,7.39,7.23,593429.85
2024-12-27,7.36,7.34,7.4,7.26,498710.21
2024-12-30,7.32,7.45,7.53,7.3,749415.13
2024-12-31,7.42,7.59,7.69,7.42,1023763.76
2025-01-02,7.57,7.37,7.63,7.31,1069614.69
2025-01-03,7.37,7.36,7.56,7.34,729755.04
2025-01-06,7.37,7.25,7.38,7.13,858080.7
2025-01-07,7.23,7.13,7.28,7.06,761626.12
2025-01-08,7.1,7.11,7.15,6.82,1063671.96
2025-01-09,7.08,6.98,7.13,6.86,810866.04
2025-01-10,6.98,6.98,7.13,6.95,618694.28
2025-01-13,6.93,6.93,7.1,6.87,557758.59
2025-01-14,6.94,7.24,7.27,6.9,761083.45
2025-01-15,7.26,7.13,7.26,7.1,419339.59
2025-01-16,7.19,7.25,7.36,7.14,452117.58
2025-01-17,7.22,7.34,7.39,7.17,464327.9
2025-01-20,7.36,7.37,7.53,7.35,466793.52
2025-01-21,7.39,7.4,7.43,7.26,351926.64
2025-01-22,7.36,7.35,7.39,7.3,338207.47
2025-01-23,7.39,7.34,7.45,7.25,599861.95
2025-01-24,7.32,7.27,7.4,7.23,554909.42
2025-01-27,7.3,7.31,7.37,7.23,572666.0
2025-02-05,7.32,7.11,7.36,7.08,584867.96
2025-02-06,7.1,7.05,7.12,6.97,653606.46
2025-02-07,7.03,7.35,7.35,6.96,1188824.88
2025-02-10,7.32,7.52,7.6,7.3,866771.29
2025-02-11,7.51,7.53,7.57,7.44,470502.53
2025-02-12,7.52,7.57,7.75,7.51,714057.81
2025-02-13,7.6,7.53,7.72,7.53,506715.18
2025-02-14,7.55,7.65,7.68,7.43,826736.13
2025-02-17,7.7,7.8,7.86,7.6,1390150.27
2025-02-18,7.81,7.84,7.91,7.62,1216090.42
2025-02-19,7.78,8.16,8.19,7.78,1683021.78
2025-02-20,8.13,8.03,8.15,7.98,595877.02
2025-02-21,7.95,8.05,8.05,7.85,856980.63
2025-02-24,8.09,8.25,8.31,8.03,1147150.36
2025-02-25,8.24,8.41,8.49,8.15,1297913.42
2025-02-26,8.41,8.34,8.64,8.32,1033249.66
2025-02-27,8.33,8.5,8.55,8.33,999557.32
2025-02-28,8.43,8.43,8.63,8.38,1595625.05
2025-03-03,8.42,8.45,8.78,8.42,1491078.05
2025-03-04,8.4,8.47,8.48,8.32,812117.15
2025-03-05,8.7,8.81,9.15,8.7,1920403.42
2025-03-06,8.81,8.86,8.92,8.68,1135770.76
2025-03-07,8.85,9.09,9.16,8.82,1393964.05
2025-03-10,9.1,9.13,9.23,9.03,1358152.92
2025-03-11,9.06,9.13,9.23,8.96,1044815.92
2025-03-12,9.09,8.98,9.1,8.9,730248.72
2025-03-13,8.98,8.8,8.99,8.73,909712.0
2025-03-14,8.8,8.84,8.89,8.73,690291.93
2025-03-17,8.85,8.59,8.87,8.55,1083390.28
2025-03-18,8.62,8.54,8.66,8.5,800137.28
2025-03-19,8.55,8.55,8.72,8.52,746824.1
2025-03-20,8.59,8.61,8.73,8.47,824635.53
2025-03-21,8.56,8.53,8.68,8.48,410567.85
2025-03-24,8.49,8.51,8.6,8.44,508253.65
2025-03-25,8.48,8.4,8.62,8.32,706467.2
2025-03-26,8.36,8.29,8.43,8.15,707267.68
2025-03-27,8.26,8.26,8.34,8.22,320727.93
2025-03-28,8.26,8.23,8.31,8.18,354897.63
2025-03-31,8.23,8.25,8.37,8.15,689834.66
2025-04-01,8.27,8.36,8.4,8.19,571004.0
2025-04-02,8.34,8.41,8.54,8.34,505100.88
2025-04-03,8.31,8.25,8.34,8.14,406898.35
2025-04-07,7.74,7.46,7.86,7.43,1518291.31
2025-04-08,7.47,7.75,7.89,7.47,1555647.9
2025-04-09,7.71,8.1,8.16,7.63,1414659.24
2025-04-10,8.15,8.22,8.29,7.98,985398.71
2025-04-11,8.13,8.38,8.42,8.04,688121.06
2025-04-14,8.49,8.31,8.49,8.25,789337.61
2025-04-15,8.3,8.42,8.47,8.19,582878.99
2025-04-16,8.35,8.38,8.44,8.16,761499.67
2025-04-17,8.31,8.29,8.42,8.27,489921.42
2025-04-18,8.29,8.51,8.53,8.29,663702.95
2025-04-21,8.52,8.55,8.64,8.39,590972.14
2025-04-22,8.53,8.5,8.59,8.39,433797.72
2025-04-23,8.55,8.7,8.77,8.5,647821.68
2025-04-24,8.68,8.62,8.68,8.5,598435.79
2025-04-25,8.6,8.63,8.65,8.4,684958.52
2025-04-28,8.6,8.57,8.67,8.48,509654.83
2025-04-29,8.56,8.6,8.67,8.52,533884.96
2025-04-30,8.59,8.43,8.66,8.41,718027.13
2025-05-06,8.47,8.68,8.69,8.37,757486.6
2025-05-07,8.71,8.67,8.78,8.59,594135.81
2025-05-08,8.67,8.5,8.69,8.33,990990.3
2025-05-09,8.45,8.52,8.6,8.44,634639.87
2025-05-12,8.56,8.63,8.69,8.45,698205.8
2025-05-13,8.69,8.69,8.74,8.61,540935.68
2025-05-14,8.68,8.35,8.69,8.29,1259252.46
2025-05-15,8.34,8.09,8.34,7.89,1632788.4
2025-05-16,8.04,8.1,8.18,8.01,613240.09
2025-05-19,8.1,8.17,8.22,8.07,541264.0
2025-05-20,8.17,8.08,8.19,8.04,525902.39
2025-05-21,8.07,8.08,8.17,8.05,374583.4
2025-05-22,8.07,8.1,8.11,8.03,327878.0
2025-05-23,8.07,7.95,8.1,7.95,483289.05
2025-05-26,7.89,7.97,8.04,7.89,648942.62
2025-05-27,7.96,7.73,7.98,7.69,928817.07
2025-05-28,7.75,7.79,7.81,7.73,452426.97
2025-05-29,7.81,7.91,8.09,7.79,988556.54
2025-05-30,7.99,7.88,8.03,7.86,393009.22
2025-06-03,7.85,7.7,7.88,7.62,1055959.1
2025-06-04,7.7,7.62,7.72,7.59,706418.18
2025-06-05,7.63,7.59,7.67,7.55,473751.7
2025-06-06,7.6,7.67,7.73,7.56,585050.97
2025-06-09,7.67,7.65,7.67,7.58,687291.69
2025-06-10,7.64,7.57,7.75,7.52,800313.91
2025-06-11,7.57,7.56,7.59,7.44,519142.95
2025-06-12,7.56,7.59,7.68,7.51,611105.21
2025-06-13,7.58,7.63,7.72,7.53,773981.98
2025-06-16,7.55,7.44,7.58,7.42,1077885.36
2025-06-17,7.46,7.51,7.59,7.43,756851.0
2025-06-18,7.53,7.57,7.64,7.5,731050.03
2025-06-19,7.59,7.4,7.59,7.33,894708.73
2025-06-20,7.35,7.35,7.43,7.32,447753.72
2025-06-23,7.3,7.33,7.37,7.24,602143.4
2025-06-24,7.34,7.41,7.47,7.34,590192.92
2025-06-25,7.42,7.5,7.5,7.4,509461.88
2025-06-26,7.51,7.45,7.54,7.45,432522.15
2025-06-27,7.45,7.48,7.52,7.42,446188.02
2025-06-30,7.49,7.43,7.52,7.39,698652.7
2025-07-01,7.43,7.48,7.51,7.41,638447.71
2025-07-02,7.51,7.75,7.84,7.48,1297457.43
2025-07-03,7.75,7.68,7.76,7.63,606214.45
2025-07-04,7.68,7.72,7.81,7.63,488214.94
2025-07-07,7.73,7.86,7.92,7.66,913616.18
2025-07-08,7.86,8.06,8.12,7.85,1287885.71
2025-07-09,8.1,8.04,8.11,8.0,602924.31
2025-07-10,8.01,8.08,8.12,8.0,539766.05
2025-07-11,8.08,8.08,8.11,8.04,495592.29
2025-07-14,8.07,8.01,8.1,7.96,440994.27
2025-07-15,8.01,7.93,8.06,7.86,677087.4
2025-07-16,7.95,7.97,8.0,7.77,662388.83
2025-07-17,7.94,8.1,8.15,7.93,958110.06
2025-07-18,8.1,8.1,8.14,8.01,413091.73
2025-07-21,8.41,8.53,8.64,8.18,1860203.5
2025-07-22,8.53,8.93,9.11,8.44,2626877.82
2025-07-23,9.37,8.5,9.37,8.48,3320352.64
2025-07-24,8.5,8.56,8.72,8.38,1672035.02
2025-07-25,8.51,8.33,8.53,8.28,1262268.84
2025-07-28,8.34,8.4,8.4,8.23,956513.99
2025-07-29,8.35,8.38,8.49,8.26,846309.88
2025-07-30,8.32,8.4,8.52,8.31,924627.18
2025-07-31,8.36,8.18,8.4,8.14,874724.53
2025-08-01,8.17,8.12,8.22,8.06,681626.35
2025-08-04,8.08,8.13,8.2,8.03,542089.18
2025-08-05,8.14,8.11,8.16,8.08,674131.28
2025-08-06,8.12,8.24,8.33,8.09,992010.22
2025-08-07,8.24,8.43,8.58,8.12,1446520.83
2025-08-08,8.49,8.79,8.87,8.43,2306966.29
2025-08-11,8.75,8.63,8.81,8.61,987857.21
2025-08-12,8.62,8.58,8.66,8.52,648509.0
2025-08-13,8.59,8.68,8.74,8.57,880520.35
2025-08-14,8.64,8.5,8.76,8.49,784096.68
2025-08-15,8.47,8.57,8.63,8.43,740113.54
2025-08-18,8.56,8.46,8.57,8.27,1668717.95
2025-08-19,8.44,8.34,8.45,8.3,782403.77
2025-08-20,8.31,8.46,8.46,8.25,835758.41
2025-08-21,8.52,8.71,8.75,8.47,1350660.74
2025-08-22,8.71,8.73,8.81,8.67,802229.18
2025-08-25,8.73,8.86,8.91,8.69,982174.01
2025-08-26,8.83,9.02,9.03,8.72,946432.75
2025-08-27,8.99,8.97,9.18,8.9,934285.63
2025-08-28,8.94,9.37,9.38,8.91,1580453.78
2025-08-29,9.37,9.33,9.49,9.21,1259184.69
2025-09-01,9.32,9.65,9.71,9.26,1255992.77
2025-09-02,9.65,9.43,9.68,9.34,865927.04
2025-09-03,9.87,9.74,10.11,9.63,1711834.46
2025-09-04,9.78,9.64,9.84,9.51,1157741.09
2025-09-05,9.62,9.63,9.88,9.52,933362.1
2025-09-08,9.63,9.7,9.74,9.6,837181.02
2025-09-09,9.65,9.84,10.01,9.64,1100811.46
2025-09-10,9.81,9.64,9.83,9.59,689196.71
2025-09-11,9.63,9.63,9.69,9.47,875440.14
2025-09-12,9.63,9.47,9.68,9.44,715145.74
2025-09-15,9.45,9.53,9.62,9.38,769250.42
2025-09-16,9.53,9.54,9.71,9.42,532902.13
2025-09-17,9.51,9.79,9.88,9.51,982852.12
2025-09-18,9.73,9.69,9.81,9.58,737903.17
2025-09-19,9.63,10.27,10.33,9.6,1631889.41
2025-09-22,10.32,10.07,10.37,10.02,812335.48
2025-09-23,10.03,10.09,10.13,9.81,918473.18
2025-09-24,10.04,10.29,10.29,9.97,781478.77
2025-09-25,10.28,10.11,10.39,9.76,1083580.99
2025-09-26,9.94,10.25,10.48,9.94,1473638.41
2025-09-29,10.22,10.74,10.88,10.1,1457080.02
2025-09-30,10.75,11.23,11.35,10.65,1398334.01
2025-10-09,11.18,11.1,11.22,10.66,1410041.06
2025-10-10,11.03,10.92,11.19,10.84,839935.08
2025-10-13,10.45,11.1,11.13,10.36,1134112.0
2025-10-14,11.3,11.12,11.81,11.02,1425405.24
2025-10-15,11.11,11.41,11.62,11.05,1345152.84
2025-10-16,11.37,11.47,11.67,11.32,1016983.03
2025-10-17,11.33,10.88,11.45,10.77,1097201.34
2025-10-20,10.98,10.74,11.14,10.64,975658.87
2025-10-21,10.75,10.91,10.92,10.75,777850.73
2025-10-22,10.98,11.02,11.27,10.9,742140.72
2025-10-23,10.91,10.93,10.97,10.71,691940.21
2025-10-24,10.9,11.1,11.19,10.88,610009.48
2025-10-27,11.15,10.41,11.51,10.33,3515807.22
2025-10-28,10.26,9.99,10.3,9.96,2746240.28
2025-10-29,9.99,10.1,10.15,9.94,955232.91
2025-10-30,10.15,10.25,10.46,10.13,1210845.27
2025-10-31,10.25,10.39,10.56,10.07,1654471.36
2025-11-03,10.37,10.38,10.49,10.23,806004.7
2025-11-04,10.35,10.49,10.77,10.3,1164954.82
2025-11-05,10.42,10.53,10.62,10.25,659793.9
2025-11-06,10.55,10.58,10.65,10.47,618934.54
2025-11-07,10.56,10.47,10.63,10.4,567686.86
2025-11-10,10.44,10.2,10.47,10.11,783627.83
2025-11-11,10.18,10.14,10.22,10.05,523502.03
2025-11-12,10.12,10.13,10.33,10.05,465794.3
2025-11-13,10.13,10.07,10.21,10.03,493611.51
2025-11-14,10.03,9.9,10.08,9.88,572680.84
2025-11-17,9.89,9.74,9.96,9.71,660443.81
2025-11-18,9.82,9.87,9.96,9.73,569105.34
2025-11-19,9.86,9.91,9.99,9.82,664392.12
2025-11-20,9.93,10.04,10.13,9.9,597632.26
2025-11-21,9.97,9.88,10.13,9.85,557772.66
2025-11-24,9.91,9.89,10.1,9.82,612300.94
2025-11-25,9.89,10.05,10.15,9.84,610328.69
2025-11-26,10.05,10.28,10.45,10.04,1018969.76
2025-11-27,10.3,10.02,10.41,10.0,842852.06
2025-11-28,10.03,10.07,10.13,9.93,484553.11
2025-12-01,10.05,9.93,10.1,9.68,1205910.44
2025-12-02,9.91,10.27,10.3,9.86,1096933.57
2025-12-03,10.32,10.25,10.45,10.21,661558.31
2025-12-04,10.29,10.47,10.52,10.22,619458.01
2025-12-05,10.44,10.82,10.87,10.43,963117.93
2025-12-08,10.82,10.73,10.86,10.64,661648.23
2025-12-09,10.68,10.63,10.86,10.59,443896.19
2025-12-10,10.62,10.97,11.02,10.6,782028.33
2025-12-11,10.97,10.88,11.17,10.88,593547.33
2025-12-12,10.87,11.04,11.13,10.86,1056741.23
2025-12-15,10.98,10.98,11.11,10.93,483921.2
2025-12-16,10.93,10.73,10.98,10.64,688987.97
2025-12-17,10.74,10.83,10.9,10.67,478945.61
2025-12-18,10.79,10.74,10.88,10.61,410933.53
2025-12-19,10.77,10.95,11.04,10.75,610171.29
2025-12-22,10.97,10.66,10.99,10.63,781864.3
2025-12-23,10.66,10.59,10.66,10.42,838633.25
2025-12-24,10.5,10.58,10.61,10.3,687765.01
2025-12-25,10.54,10.44,10.6,10.4,458534.0
2025-12-26,10.45,10.97,11.02,10.45,895788.0
2025-12-29,10.96,10.99,11.17,10.91,579505.46
2025-12-30,10.9,11.06,11.31,10.88,796405.0
2025-12-31,11.06,11.3,11.36,10.95,732049.0
2026-01-05,11.29,11.27,11.37,11.01,827905.09
2026-01-06,11.25,11.48,11.65,11.08,774855.36
2026-01-07,11.47,11.45,11.47,11.28,622521.78
2026-01-08,11.4,11.11,11.43,11.05,784223.21
2026-01-09,11.51,11.52,11.69,11.28,947349.62
2026-01-12,11.54,11.4,11.59,11.36,832092.75
2026-01-13,11.39,11.06,11.51,11.04,1163484.55
2026-01-14,11.13,10.8,11.13,10.67,1320090.5
2026-01-15,10.75,10.86,10.99,10.75,721727.62
2026-01-16,10.93,10.8,11.09,10.71,975115.35
2026-01-19,10.71,10.78,10.92,10.7,739681.18
2026-01-20,10.77,10.95,11.08,10.71,845468.63
2026-01-21,10.93,10.77,10.94,10.45,1466608.71
2026-01-22,10.77,10.6,10.81,10.58,896458.54
2026-01-23,10.67,10.65,11.21,10.6,2258068.27
2026-01-26,10.7,10.69,11.01,10.64,1694341.97
2026-01-27,10.7,10.59,10.98,10.57,1408249.1
2026-01-28,10.59,10.45,10.64,10.31,1859478.76
2026-01-29,10.47,10.5,10.64,10.28,1345913.65
2026-01-30,10.59,10.48,10.66,10.32,946705.45
2026-02-02,10.47,10.29,10.58,10.19,1169110.06
2026-02-03,10.44,11.03,11.08,10.35,1809208.88
2026-02-04,11.15,11.38,11.45,11.04,1300195.81
2026-02-05,11.37,11.37,11.46,11.29,979613.9
2026-02-06,11.36,11.18,11.37,11.13,740091.24
2026-02-09,11.38,11.58,11.86,11.37,1144133.14
2026-02-10,11.58,11.67,11.7,11.38,869591.81
2026-02-11,11.69,11.81,11.95,11.67,827753.73
2026-02-12,11.91,11.88,12.03,11.64,959995.61
2026-02-13,11.8,11.51,11.8,11.49,836412.02
2026-02-24,11.62,12.36,12.52,11.57,1508484.55
2026-02-25,12.48,12.3,12.59,12.25,1085211.85
2026-02-26,12.29,12.07,12.4,11.98,1024149.21
2026-02-27,12.05,11.97,12.12,11.76,843445.12
2026-03-02,11.8,11.85,12.15,11.69,925209.26
2026-03-03,11.84,11.69,11.95,11.58,1044996.04
2026-03-04,11.58,11.7,11.81,11.47,1015885.32
2026-03-05,11.93,11.83,12.04,11.73,997705.68
2026-03-06,11.83,12.0,12.09,11.6,793593.3
2026-03-09,11.78,11.5,11.78,11.28,1165959.94
2026-03-10,11.68,12.09,12.19,11.67,956463.28
2026-03-11,12.09,12.01,12.13,11.74,862766.75
2026-03-12,11.89,11.2,11.98,10.98,2650126.21
2026-03-13,11.14,11.04,11.36,11.02,982870.64
2026-03-16,11.04,10.72,11.08,10.67,1058037.47
2026-03-17,10.79,10.54,10.9,10.53,768114.4
2026-03-18,10.58,10.49,10.6,10.15,1180083.78
2026-03-19,10.33,10.01,10.34,9.96,1070865.71
2026-03-20,10.13,10.16,10.39,10.08,1101265.32
2026-03-23,9.96,9.82,10.09,9.75,1142066.01
2026-03-24,9.97,10.08,10.15,9.95,838047.65
2026-03-25,10.36,10.31,10.46,10.22,840909.39
2026-03-26,10.34,10.04,10.34,9.98,563112.58
2026-03-27,9.94,10.07,10.18,9.84,662193.7
2026-03-30,9.91,9.69,9.91,9.55,1409633.88
2026-03-31,9.72,9.84,10.04,9.7,972991.04
2026-04-01,10.06,10.27,10.3,10.01,1044156.63
2026-04-02,10.23,10.05,10.23,9.91,827345.18
2026-04-03,10.05,9.96,10.13,9.92,322544.51
2026-04-07,9.98,9.75,10.01,9.64,722762.73
2026-04-08,10.08,10.6,10.67,10.08,1585981.04
2026-04-09,10.55,10.35,10.55,10.31,699023.07
2026-04-10,10.46,10.36,10.53,10.33,791118.48
2026-04-13,10.22,10.13,10.34,10.07,1022774.58
2026-04-14,10.27,10.16,10.32,10.05,795002.23
2026-04-15,10.32,10.28,10.46,10.23,878679.27
2026-04-16,10.25,9.96,10.4,9.82,1704270.16
2026-04-17,9.93,9.71,9.93,9.65,1434982.19
2026-04-20,9.65,9.69,9.72,9.23,2485845.58
2026-04-21,9.73,9.86,9.9,9.64,1045091.73
2026-04-22,9.81,9.73,9.82,9.64,1051588.3
2026-04-23,9.76,9.57,9.82,9.52,1016791.7
2026-04-24,9.5,9.53,9.61,9.45,605449.55
2026-04-27,9.51,9.48,9.59,9.42,848517.38
2026-04-28,9.48,9.8,9.83,9.42,1150226.41
2026-04-29,10.55,10.05,10.62,9.96,1817270.78
2026-04-30,10.05,9.71,10.25,9.63,1572726.74
2026-05-06,9.71,9.88,9.93,9.64,1256206.57
2026-05-07,9.94,10.12,10.13,9.91,1138226.99
2026-05-08,10.07,9.73,10.1,9.66,1484288.21
2026-05-11,10.22,10.71,10.71,10.16,2281660.85
2026-05-12,10.69,10.22,10.8,10.19,2536401.77
2026-05-13,10.13,10.27,10.43,10.04,1253966.42
2026-05-14,10.25,10.01,10.32,10.0,986148.73
2026-05-15,10.01,9.97,10.2,9.89,897295.76
2026-05-18,9.87,9.23,9.89,9.13,2124422.4
2026-05-19,9.23,9.18,9.34,9.1,1087412.16
2026-05-20,9.11,9.25,9.31,8.88,1477117.9
2026-05-21,9.45,9.34,9.83,9.34,2009968.83
2026-05-22,9.41,9.42,9.64,9.33,932064.32
2026-05-25,9.57,9.53,9.74,9.44,1054977.91
2026-05-26,9.53,9.38,9.62,9.25,1089275.48
2026-05-27,9.33,9.14,9.33,8.93,1549951.28
2026-05-28,9.06,9.0,9.12,8.88,1163827.1
2026-05-29,9.21,9.52,9.74,9.21,2696122.8
2026-06-01,9.47,9.58,9.75,9.45,1245273.55
2026-06-02,9.5,9.44,9.53,9.27,798653.18
2026-06-03,9.37,9.15,9.42,9.09,1130248.63
2026-06-04,9.12,9.23,9.41,9.06,976645.01
2026-06-05,9.27,9.29,9.54,9.21,1231067.92
2026-06-08,9.44,9.69,9.97,9.37,2490369.27
2026-06-09,9.68,9.72,9.75,9.38,1340902.42
2026-06-10,9.7,9.05,9.77,8.91,2183838.45
2026-06-11,8.96,8.64,8.96,8.22,3342317.86
2026-06-12,8.75,8.9,9.07,8.62,2197100.98
2026-06-15,9.1,9.05,9.29,8.93,1218035.46
2026-06-16,9.07,8.97,9.13,8.89,1004750.38
2026-06-17,8.91,9.03,9.05,8.83,1145046.99
2026-06-18,8.97,8.78,9.04,8.65,1213516.95
2026-06-22,8.67,9.02,9.07,8.49,1334274.36
2026-06-23,8.98,8.49,9.03,8.45,1782668.05
2026-06-24,8.47,8.13,8.51,8.03,1857335.76
2026-06-25,8.15,8.04,8.43,7.99,1803689.79
2026-06-26,8.04,8.02,8.27,8.0,1245167.01
2026-06-29,7.95,8.26,8.36,7.72,1370355.11
2026-06-30,8.22,7.9,8.25,7.86,1439331.88
2026-07-01,7.9,7.94,8.04,7.61,1522105.87
2026-07-02,7.85,8.2,8.29,7.83,1838509.94
2026-07-03,8.33,8.42,8.53,8.31,1454011.27
2026-07-06,8.42,8.46,8.66,8.4,1030675.49
2026-07-07,8.79,8.78,9.29,8.7,1976889.15
2026-07-08,8.56,8.46,8.64,8.41,1083292.62
2026-07-09,8.4,8.35,8.42,8.13,958264.98
2026-07-10,8.36,8.43,8.56,8.18,940216.32
2026-07-13,8.35,8.12,8.35,8.03,917242.32
2026-07-14,8.08,8.22,8.22,7.96,693945.18
2026-07-15,8.22,8.39,8.75,8.17,1651544.2
2026-07-16,8.3,8.47,8.66,8.25,1257095.83
2026-07-17,8.45,8.31,8.54,8.26,1016670.77
2026-07-20,8.36,8.69,8.75,8.21,1643707.59
2026-07-21,8.7,8.85,8.94,8.7,1264514.47
2026-07-22,8.85,8.78,8.97,8.69,958852.98
2026-07-23,8.73,9.14,9.2,8.61,1253167.01
2026-07-24,9.04,8.89,9.09,8.83,804482.29
2026-07-27,8.89,8.8,8.97,8.72,901607.64
2026-07-28,8.72,8.76,8.93,8.66,923095.1
2026-07-29,8.76,9.0,9.09,8.72,1479286.62
2026-07-30,8.96,9.19,9.35,8.87,1489569.44
2026-07-31,9.08,8.96,9.14,8.8,1756669.81
2026-08-03,8.94,8.74,8.97,8.67,1186613.01
2026-08-04,8.74,8.44,8.75,8.38,1783100.6
2026-08-05,8.4,8.41,8.46,8.36,1168738.54
2026-08-06,8.37,8.42,8.52,8.34,896394.65
2026-08-07,8.37,8.3,8.43,8.26,995681.36
2026-08-10,8.28,8.35,8.5,8.25,1298589.28
2026-08-11,8.34,8.13,8.37,8.11,1246092.6
2026-08-12,8.11,8.25,8.26,8.02,1096351.77
2026-08-13,8.2,8.06,8.25,8.05,1125512.16
2026-08-14,8.03,7.99,8.05,7.9,1056841.99
2026-08-17,8.0,7.96,8.02,7.82,1142411.87
2026-08-18,7.94,8.04,8.06,7.86,1095888.03
2026-08-19,7.99,8.06,8.11,7.92,1055255.29
2026-08-20,8.06,8.11,8.2,8.04,793249.29
2026-08-21,8.08,8.01,8.1,7.97,688291.83
2026-08-24,8.0,7.94,8.04,7.92,896130.48
2026-08-25,7.93,8.02,8.03,7.92,526675.04
2026-08-26,8.03,8.0,8.12,7.98,783920.43
2026-08-27,7.96,8.01,8.03,7.89,811247.53
2026-08-28,7.96,7.95,7.97,7.82,1515326.62
2026-08-31,7.95,7.89,8.05,7.77,1711472.62
2026-09-01,8.0,8.24,8.33,8.0,2876796.7
2026-09-02,8.1,7.97,8.16,7.89,1535573.35
2026-09-03,8.0,7.93,8.05,7.93,950088.85
2026-09-04,7.98,8.14,8.23,7.94,1767033.71
2026-09-07,8.19,8.31,8.41,8.09,1684259.93
2026-09-08,8.45,8.33,8.57,8.3,1384634.67
2026-09-09,8.37,8.38,8.39,8.23,771675.41
2026-09-10,8.32,8.24,8.36,8.18,610767.96
2026-09-11,8.15,8.06,8.18,8.02,691977.68
2026-09-14,8.0,8.1,8.14,7.97,515696.64
2026-09-15,8.07,7.81,8.11,7.78,1156171.73
2026-09-16,7.78,7.58,7.82,7.21,2515573.5
2026-09-17,7.53,7.54,7.68,7.45,1080448.92
2026-09-18,7.56,7.45,7.59,7.41,1185056.45
