date,open,close,high,low,volume
2013-01-04,6.04,5.89,6.07,5.84,163307.35
2013-01-07,5.8,5.84,5.97,5.74,143801.24
2013-01-08,5.8,5.73,5.83,5.68,127930.02
2013-01-09,5.72,5.75,5.81,5.7,115918.83
2013-01-10,5.74,5.75,5.79,5.71,73251.81
2013-01-11,5.75,5.59,5.96,5.58,170021.3
2013-01-14,5.51,5.67,5.7,5.47,115272.94
2013-01-15,5.66,5.7,5.72,5.62,107531.48
2013-01-16,5.7,5.65,5.73,5.57,113142.7
2013-01-17,5.63,5.54,5.7,5.52,98277.55
2013-01-18,5.58,5.56,5.61,5.5,81905.66
2013-01-21,5.56,5.6,5.65,5.49,90620.71
2013-01-22,5.57,5.41,5.63,5.33,116367.22
2013-01-23,5.4,5.52,5.54,5.32,99906.05
2013-01-24,5.5,5.4,5.55,5.4,89483.32
2013-01-25,5.38,5.65,5.72,5.38,164539.13
2013-01-28,5.61,5.65,5.68,5.55,100615.95
2013-01-29,5.6,5.6,5.64,5.56,80206.07
2013-01-30,5.59,5.49,5.59,5.47,95018.01
2013-01-31,5.48,5.3,5.51,5.28,149877.44
2013-02-01,5.33,5.28,5.4,5.2,111744.94
2013-02-04,5.28,5.21,5.29,5.19,75471.13
2013-02-05,5.22,5.31,5.32,5.2,69878.94
2013-02-06,5.3,5.34,5.4,5.27,68165.11
2013-02-07,5.35,5.32,5.38,5.3,66304.83
2013-02-08,5.33,5.35,5.39,5.29,54230.1
2013-02-18,5.4,5.38,5.43,5.28,64100.47
2013-02-19,5.35,5.27,5.37,5.24,59084.0
2013-02-20,5.29,5.22,5.4,5.21,192067.32
2013-02-21,5.23,5.0,5.23,4.92,193761.07
2013-02-22,4.99,5.07,5.12,4.98,77613.27
2013-02-25,5.07,5.15,5.16,5.07,58562.15
2013-02-26,5.1,5.01,5.16,4.98,66622.1
2013-02-27,5.01,5.09,5.09,4.99,73218.08
2013-02-28,5.1,5.13,5.16,5.05,74523.44
2013-03-01,5.15,5.46,5.52,5.04,186904.91
2013-03-04,5.33,5.82,6.0,5.29,661118.55
2013-03-05,5.78,5.84,6.0,5.72,321880.99
2013-03-06,5.84,5.91,6.07,5.72,375481.76
2013-03-07,5.89,6.09,6.13,5.85,483783.15
2013-03-08,6.1,6.07,6.31,6.0,231071.46
2013-03-11,5.99,5.83,6.1,5.82,194324.06
2013-03-12,5.8,5.88,5.91,5.71,153417.55
2013-03-13,5.85,5.8,5.89,5.7,75363.44
2013-03-14,5.84,5.82,5.98,5.78,84694.17
2013-03-15,5.82,5.76,5.93,5.71,92157.93
2013-03-18,5.75,5.78,5.89,5.7,83830.34
2013-03-19,5.75,5.98,5.98,5.74,182989.59
2013-03-20,5.97,5.97,6.02,5.87,151660.87
2013-03-21,5.97,6.04,6.1,5.9,170696.75
2013-03-22,6.04,5.95,6.1,5.94,116755.84
2013-03-25,6.0,5.95,6.17,5.89,125886.7
2013-03-26,5.89,5.71,5.89,5.68,156455.82
2013-03-27,5.7,5.66,5.73,5.6,108318.22
2013-03-28,5.65,5.59,5.65,5.47,94675.52
2013-03-29,5.57,5.59,5.65,5.54,52886.06
2013-04-01,5.57,5.59,5.7,5.55,62332.6
2013-04-02,5.58,5.38,5.68,5.33,102706.42
2013-04-03,5.4,5.4,5.47,5.34,82487.18
2013-04-08,5.3,5.48,5.49,5.26,83113.83
2013-04-09,5.47,5.54,5.59,5.44,46589.16
2013-04-10,5.55,5.48,5.63,5.42,57625.24
2013-04-11,5.5,5.36,5.5,5.36,57369.48
2013-04-12,5.36,5.39,5.5,5.36,51669.96
2013-04-15,5.38,5.51,5.61,5.33,75574.24
2013-04-16,5.46,5.57,5.61,5.46,69141.9
2013-04-17,5.56,5.57,5.66,5.56,64711.51
2013-04-18,5.55,5.77,5.79,5.52,118723.42
2013-04-19,5.78,5.75,5.84,5.73,107110.83
2013-04-22,5.75,5.68,5.97,5.66,178086.99
2013-04-23,5.67,5.61,5.75,5.57,100998.86
2013-04-24,5.59,5.71,5.76,5.59,87935.48
2013-04-25,5.73,5.54,5.74,5.46,124322.83
2013-04-26,5.54,5.43,5.58,5.33,94521.46
2013-05-02,5.43,5.58,5.62,5.38,65889.73
2013-05-03,5.59,5.63,5.71,5.57,56241.52
2013-05-06,5.63,5.71,5.75,5.61,86813.71
2013-05-07,5.7,5.81,5.86,5.68,111856.99
2013-05-08,5.82,5.78,5.83,5.71,105504.71
2013-05-09,5.75,5.84,5.91,5.7,135913.9
2013-05-10,5.85,5.84,5.91,5.76,85282.2
2013-05-13,5.82,5.75,5.86,5.71,80507.19
2013-05-14,5.73,5.92,5.95,5.72,187202.63
2013-05-15,5.93,5.92,6.01,5.86,152498.76
2013-05-16,5.86,5.93,5.99,5.86,109643.43
2013-05-17,5.93,5.9,5.95,5.84,118482.97
2013-05-20,5.89,6.07,6.27,5.88,265143.92
2013-05-21,6.05,6.09,6.16,6.01,158795.48
2013-05-22,6.1,6.37,6.63,6.05,412683.67
2013-05-23,6.32,6.61,6.72,6.32,440949.55
2013-05-24,6.61,6.74,6.85,6.56,496347.17
2013-05-27,6.71,6.71,6.89,6.62,372807.82
2013-05-28,6.68,6.74,6.88,6.66,359253.99
2013-05-29,6.71,6.68,6.78,6.54,258203.5
2013-05-30,6.68,6.82,6.92,6.61,277365.23
2013-05-31,6.82,6.65,6.88,6.65,176624.81
2013-06-03,6.61,6.46,6.7,6.45,262084.63
2013-06-04,6.45,6.31,6.46,6.14,215813.92
2013-06-05,6.32,6.31,6.36,6.22,119081.01
2013-06-06,6.3,6.22,6.44,6.17,148208.06
2013-06-07,6.23,6.0,6.26,6.0,138300.81
2013-06-13,5.94,5.71,5.94,5.69,160112.57
2013-06-14,5.75,5.77,5.8,5.7,120672.11
2013-06-17,5.8,5.89,6.0,5.78,164515.51
2013-06-18,5.9,5.92,5.96,5.85,83872.2
2013-06-19,5.9,5.97,6.02,5.76,90468.46
2013-06-20,5.94,6.05,6.14,5.89,181066.86
2013-06-21,5.94,6.22,6.26,5.81,217607.74
2013-06-24,6.17,5.68,6.18,5.68,218682.75
2013-06-25,5.57,5.5,5.63,5.11,197483.52
2013-06-26,5.48,5.67,5.69,5.41,140195.4
2013-06-27,5.68,5.36,5.75,5.33,160089.2
2013-06-28,5.3,5.44,5.61,5.24,79503.6
2013-07-01,5.49,5.47,5.54,5.32,76144.02
2013-07-02,5.48,5.51,5.59,5.38,81226.08
2013-07-03,5.48,5.35,5.48,5.33,119604.07
2013-07-04,5.31,5.36,5.46,5.24,91969.46
2013-07-05,5.38,5.62,5.8,5.35,211040.78
2013-07-08,5.59,5.53,5.72,5.47,122289.39
2013-07-09,5.53,5.55,5.62,5.46,53743.82
2013-07-10,5.51,5.72,5.72,5.5,94843.96
2013-07-11,5.72,5.72,5.84,5.68,146089.52
2013-07-12,5.71,5.65,5.79,5.59,109754.08
2013-07-15,5.65,5.69,5.72,5.61,86474.39
2013-07-16,5.68,5.65,5.68,5.59,74983.09
2013-07-17,5.65,5.49,5.66,5.43,133114.43
2013-07-18,5.47,5.37,5.48,5.35,97561.98
2013-07-19,5.37,5.38,5.5,5.31,104534.2
2013-07-22,5.37,5.53,5.59,5.34,82266.11
2013-07-23,5.53,5.62,5.68,5.5,133534.89
2013-07-24,5.6,5.45,5.62,5.34,141514.26
2013-07-25,5.4,5.4,5.5,5.39,66137.83
2013-07-26,5.43,5.43,5.47,5.39,54925.87
2013-07-29,5.42,5.41,5.55,5.35,46874.16
2013-07-30,5.43,5.43,5.56,5.33,66994.78
2013-07-31,5.43,5.43,5.5,5.36,60123.0
2013-08-01,5.43,5.5,5.51,5.37,99610.21
2013-08-02,5.52,5.54,5.6,5.48,84349.25
2013-08-05,5.55,5.7,5.74,5.54,115695.57
2013-08-06,5.66,5.65,5.68,5.59,88093.86
2013-08-07,5.63,5.57,5.69,5.56,81571.7
2013-08-08,5.57,5.53,5.61,5.49,77677.94
2013-08-09,5.54,5.51,5.59,5.44,79648.36
2013-08-12,5.5,5.63,5.7,5.49,133534.25
2013-08-13,5.63,5.65,5.66,5.57,94907.58
2013-08-14,5.66,5.58,5.67,5.55,127784.58
2013-08-15,5.55,5.52,5.6,5.51,72001.11
2013-08-16,5.49,5.61,5.75,5.49,177014.94
2013-08-19,5.64,5.7,5.72,5.56,123378.63
2013-08-20,5.7,5.63,5.73,5.61,83686.52
2013-08-21,5.61,5.88,5.9,5.6,192941.24
2013-08-22,5.84,5.94,6.08,5.84,235851.24
2013-08-23,5.94,5.88,6.02,5.82,136023.28
2013-08-26,5.89,5.99,6.04,5.86,113183.86
2013-08-27,5.99,5.96,6.03,5.92,101177.45
2013-08-28,5.94,5.78,5.96,5.73,119536.33
2013-08-29,5.77,5.98,6.0,5.76,132886.59
2013-08-30,6.0,5.91,6.16,5.87,177746.74
2013-09-02,5.84,5.47,5.94,5.32,377188.81
2013-09-03,5.43,5.51,5.55,5.41,124343.65
2013-09-04,5.48,5.48,5.61,5.46,136821.17
2013-09-05,5.5,5.52,5.54,5.43,91367.6
2013-09-06,5.52,5.47,5.53,5.43,90115.87
2013-09-09,5.48,5.48,5.51,5.43,140078.32
2013-09-10,5.48,5.59,5.6,5.45,173792.88
2013-09-11,5.56,5.54,5.61,5.52,142724.76
2013-09-12,5.53,5.53,5.59,5.48,112097.69
2013-09-13,5.54,5.48,5.54,5.46,96026.87
2013-09-16,5.48,5.44,5.52,5.43,89219.66
2013-09-17,5.45,5.4,5.48,5.39,73629.83
2013-09-18,5.4,5.42,5.46,5.37,57757.62
2013-09-23,5.48,5.59,5.65,5.44,193232.81
2013-09-24,5.57,5.52,5.59,5.48,128586.26
2013-09-25,5.5,5.43,5.52,5.38,130330.66
2013-09-26,5.43,5.27,5.43,5.24,114809.05
2013-09-27,5.29,5.31,5.33,5.25,71729.18
2013-09-30,5.32,5.3,5.35,5.25,59412.1
2013-10-08,5.3,5.42,5.46,5.2,80052.46
2013-10-09,5.41,5.55,5.63,5.38,161195.49
2013-10-10,5.56,5.57,5.59,5.44,127972.82
2013-10-11,5.58,5.58,5.6,5.51,127978.43
2013-10-14,5.59,5.59,5.63,5.55,125840.19
2013-10-15,5.59,5.83,5.86,5.53,277803.24
2013-10-16,5.72,5.54,5.72,5.48,238630.01
2013-10-17,5.55,5.47,5.63,5.47,101407.5
2013-10-18,5.48,5.48,5.55,5.44,71429.81
2013-10-21,5.49,5.51,5.54,5.44,122682.62
2013-10-22,5.49,5.38,5.52,5.38,121388.04
2013-10-23,5.38,5.31,5.43,5.27,95637.56
2013-10-24,5.32,5.33,5.37,5.29,49624.16
2013-10-25,5.33,5.26,5.35,5.26,59758.12
2013-10-28,5.33,5.43,5.49,5.29,89650.2
2013-10-29,5.44,5.48,5.57,5.29,186269.96
2013-10-30,5.46,5.74,6.03,5.44,471546.09
2013-10-31,5.66,5.52,5.75,5.52,242107.37
2013-11-01,5.53,5.41,5.55,5.33,115416.34
2013-11-04,5.41,5.46,5.46,5.37,52954.61
2013-11-05,5.43,5.63,5.66,5.38,158539.45
2013-11-06,5.62,5.66,5.9,5.57,303498.45
2013-11-07,5.57,5.57,5.74,5.52,166852.84
2013-11-08,5.55,5.49,5.62,5.41,105908.32
2013-11-11,5.49,5.47,5.52,5.38,68979.77
2013-11-12,5.46,5.65,5.66,5.43,157240.16
2013-11-13,5.57,5.41,5.57,5.41,127557.0
2013-11-14,5.41,5.44,5.46,5.33,76738.63
2013-11-15,5.52,5.48,5.58,5.46,122081.02
2013-11-18,5.57,5.6,5.64,5.5,154605.89
2013-11-19,5.63,5.61,5.71,5.57,153669.46
2013-11-20,5.6,5.59,5.64,5.54,102991.42
2013-11-21,5.6,5.7,5.72,5.59,215645.45
2013-11-22,5.68,5.64,5.73,5.62,139972.47
2013-11-25,5.62,5.49,5.62,5.47,141431.47
2013-11-26,5.47,5.48,5.58,5.46,111580.77
2013-11-27,5.5,5.52,5.53,5.44,95130.32
2013-11-28,5.52,5.54,5.58,5.48,115829.44
2013-11-29,5.56,5.49,5.56,5.48,101090.74
2013-12-02,5.43,5.25,5.44,5.2,209458.79
2013-12-03,5.24,5.35,5.38,5.2,89572.97
2013-12-04,5.34,5.39,5.45,5.31,79671.54
2013-12-05,5.38,5.38,5.43,5.36,53603.2
2013-12-06,5.41,5.36,5.41,5.31,56462.95
2013-12-09,5.43,5.41,5.48,5.4,58718.93
2013-12-10,5.41,5.4,5.44,5.36,55975.67
2013-12-11,5.38,5.32,5.4,5.29,52420.71
2013-12-12,5.32,5.29,5.35,5.26,57989.26
2013-12-13,5.29,5.33,5.34,5.24,53364.81
2013-12-16,5.34,5.27,5.37,5.27,47628.71
2013-12-17,5.27,5.22,5.29,5.2,48349.84
2013-12-18,5.22,5.22,5.27,5.21,32591.55
2013-12-19,5.23,5.2,5.26,5.2,38518.53
2013-12-20,5.21,5.26,5.27,5.11,75207.11
2013-12-23,5.22,5.19,5.27,5.14,42151.35
2013-12-24,5.18,5.16,5.23,5.15,40107.19
2013-12-25,5.17,5.17,5.19,5.12,36011.88
2013-12-26,5.18,4.99,5.18,4.99,73524.42
2013-12-27,5.0,5.04,5.08,4.99,36450.72
2013-12-30,5.06,5.05,5.09,5.02,39130.36
2013-12-31,5.03,5.07,5.07,5.02,34249.41
2014-01-02,5.07,5.1,5.12,5.04,48718.93
2014-01-03,5.1,5.05,5.1,4.99,47885.54
2014-04-18,5.55,5.55,5.55,5.48,214249.44
2014-04-21,5.5,5.62,5.74,5.46,498892.0
2014-04-22,5.6,5.53,5.61,5.39,196125.21
2014-04-23,5.57,5.56,5.59,5.48,101814.73
2014-04-24,5.57,5.41,5.57,5.4,94457.96
2014-04-25,5.41,5.26,5.44,5.25,103806.57
2014-04-28,5.25,5.19,5.31,5.11,71179.23
2014-04-29,5.17,5.21,5.25,5.16,42452.5
2014-04-30,5.23,5.16,5.28,5.15,57719.99
2014-05-05,5.16,5.17,5.2,5.06,62073.73
2014-05-06,5.15,5.19,5.22,5.14,45000.98
2014-05-07,5.17,5.04,5.17,5.0,55852.51
2014-05-08,5.03,5.15,5.15,4.97,45423.31
2014-05-09,5.1,5.07,5.15,5.0,30369.52
2014-05-12,5.08,5.18,5.2,5.07,49353.58
2014-05-13,5.19,5.18,5.24,5.12,54847.8
2014-05-14,5.18,5.14,5.2,5.12,39603.21
2014-05-15,5.12,5.02,5.14,5.01,63216.57
2014-05-16,5.01,5.02,5.04,4.96,39230.69
2014-05-19,5.02,5.01,5.04,4.95,32013.77
2014-05-20,5.02,5.01,5.07,5.01,25841.34
2014-05-21,5.01,5.02,5.03,4.93,34258.82
2014-05-22,5.03,5.07,5.25,5.01,65738.42
2014-05-23,5.06,5.09,5.1,5.01,38536.41
2014-05-26,5.09,5.1,5.1,5.06,44609.87
2014-05-27,5.09,5.08,5.19,5.07,48111.87
2014-05-28,5.09,5.11,5.13,5.01,45491.74
2014-05-29,5.1,5.06,5.1,5.03,46226.59
2014-05-30,5.06,5.07,5.07,5.01,31424.03
2014-06-03,5.07,5.08,5.15,5.07,36836.47
2014-06-04,5.08,5.03,5.08,5.0,36351.85
2014-06-05,5.01,5.06,5.06,5.01,25160.72
2014-06-06,5.06,5.07,5.07,5.02,29254.16
2014-06-09,5.06,5.02,5.07,5.02,26058.7
2014-06-10,5.03,5.06,5.07,5.01,25709.64
2014-06-11,5.04,5.04,5.06,5.02,35834.83
2014-06-12,5.03,5.08,5.14,5.01,67923.51
2014-06-13,5.07,5.08,5.11,5.04,51991.58
2014-06-16,5.1,5.12,5.13,5.08,42299.9
2014-06-17,5.11,5.05,5.11,5.04,42477.73
2014-06-18,5.06,5.03,5.08,5.01,48059.8
2014-06-19,5.03,4.95,5.05,4.93,51051.0
2014-06-20,4.95,4.99,4.99,4.92,30033.68
2014-06-23,4.97,4.98,5.01,4.96,25841.69
2014-06-24,4.97,5.0,5.01,4.97,19994.85
2014-06-25,5.0,4.98,5.01,4.95,39446.83
2014-06-26,5.01,5.01,5.02,4.99,48082.03
2014-06-27,5.01,5.02,5.04,4.98,64787.42
2014-06-30,5.02,5.02,5.06,5.01,65310.88
2014-07-01,5.04,5.11,5.16,5.03,119698.37
2014-07-02,5.1,5.14,5.16,5.09,57495.87
2014-07-03,5.13,5.18,5.23,5.1,85754.95
2014-07-04,5.17,5.19,5.2,5.09,90170.8
2014-07-07,5.2,5.25,5.33,5.18,104159.58
2014-07-08,5.25,5.25,5.28,5.17,86046.0
2014-07-09,5.24,5.3,5.41,5.24,171097.61
2014-07-10,5.29,5.33,5.38,5.27,57557.58
2014-07-21,5.43,5.2,5.43,5.16,132632.76
2014-07-22,5.13,5.23,5.32,5.13,84672.17
2014-07-23,5.21,5.16,5.24,5.13,100071.5
2014-07-24,5.17,5.16,5.2,5.09,64852.48
2014-07-25,5.16,5.2,5.21,5.15,57048.48
2014-07-28,5.24,5.28,5.32,5.2,110782.37
2014-07-29,5.3,5.31,5.33,5.28,125784.52
2014-07-30,5.31,5.56,5.69,5.29,339988.07
2014-07-31,5.5,5.56,5.59,5.48,140731.99
2014-08-01,5.54,5.49,5.6,5.49,101310.0
2014-08-04,5.49,5.54,5.57,5.49,121243.02
2014-08-05,5.54,5.51,5.54,5.45,104082.54
2014-08-06,5.49,5.53,5.57,5.39,184598.28
2014-08-07,5.56,5.52,5.59,5.48,105504.21
2014-08-08,5.52,5.57,5.58,5.49,103190.1
2014-08-11,5.55,5.62,5.68,5.55,124387.12
2014-08-12,5.62,5.62,5.67,5.59,86367.55
2014-08-13,5.65,5.63,5.73,5.59,133446.75
2014-08-14,5.61,5.52,5.65,5.52,110665.08
2014-08-15,5.51,5.55,5.55,5.5,67969.21
2014-08-18,5.55,5.56,5.61,5.54,101445.91
2014-08-19,5.56,5.55,5.58,5.48,158817.11
2014-08-20,5.52,5.52,5.54,5.48,110194.6
2014-08-21,5.52,5.62,5.62,5.48,144058.51
2014-08-22,5.61,5.58,5.65,5.5,144376.06
2014-08-25,5.57,5.56,5.6,5.55,83441.5
2014-08-26,5.56,5.44,5.56,5.43,113155.44
2014-08-27,5.44,5.44,5.49,5.4,54744.7
2014-08-28,5.44,5.44,5.52,5.41,66618.48
2014-08-29,5.44,5.48,5.49,5.41,53349.05
2014-09-01,5.49,5.57,5.58,5.47,75200.39
2014-09-02,5.58,5.6,5.65,5.57,136346.72
2014-09-03,5.6,5.61,5.65,5.57,128750.81
2014-09-04,5.61,5.66,5.68,5.59,138088.3
2014-09-05,5.66,5.79,5.83,5.63,237237.22
2014-09-09,5.8,6.05,6.15,5.8,327497.3
2014-09-10,6.03,6.08,6.1,5.96,153933.18
2014-09-11,6.09,6.17,6.48,6.08,289349.28
2014-09-12,6.2,6.3,6.38,6.07,260321.39
2014-09-15,6.29,6.26,6.44,6.25,184655.11
2014-09-16,6.26,6.14,6.54,6.09,297929.25
2014-09-17,6.1,6.15,6.2,5.99,132348.94
2014-09-18,6.15,6.02,6.17,5.96,193119.54
2014-09-19,6.04,6.3,6.31,5.98,183161.85
2014-09-22,6.29,6.38,6.49,6.18,267000.15
2014-09-23,6.39,6.39,6.42,6.26,146570.74
2014-09-24,6.38,6.38,6.52,6.32,143094.68
2014-09-25,6.38,6.27,6.43,6.22,127935.98
2014-09-26,6.27,6.35,6.36,6.22,118118.3
2014-09-29,6.4,6.29,6.4,6.26,105360.82
2014-09-30,6.3,6.3,6.31,6.22,96780.37
2014-10-08,6.26,6.47,6.52,6.26,185155.07
2014-10-09,6.51,6.69,6.74,6.51,253661.72
2014-10-10,6.63,6.6,6.75,6.58,130223.85
2014-10-13,6.6,6.57,6.63,6.46,94304.32
2014-10-14,6.57,6.49,6.67,6.45,121135.08
2014-10-15,6.51,6.41,6.54,6.33,127620.29
2014-10-16,6.4,6.23,6.4,6.23,141303.83
2014-10-17,6.23,6.08,6.29,5.97,154262.47
2014-10-20,6.16,6.36,6.41,6.15,171687.92
2014-10-21,6.31,6.19,6.36,6.17,105257.53
2014-10-22,6.21,6.1,6.24,6.01,112327.9
2014-10-23,6.03,6.1,6.16,5.96,93812.98
2014-10-24,6.1,6.1,6.16,6.04,63265.14
2014-10-27,6.08,6.07,6.19,5.99,59228.98
2014-10-28,6.1,6.23,6.25,6.1,95508.65
2014-10-29,6.25,6.26,6.3,6.19,127642.63
2014-10-30,6.25,6.26,6.35,6.21,134876.55
2014-10-31,6.26,6.16,6.29,6.08,113186.39
2014-11-03,6.15,6.25,6.27,6.15,114388.26
2014-11-04,6.22,6.26,6.36,6.22,122482.91
2014-11-05,6.23,6.23,6.28,6.16,76092.47
2014-11-06,6.24,6.23,6.24,6.11,67842.77
2014-11-07,6.23,6.32,6.45,6.18,223239.52
2014-11-10,6.35,6.34,6.36,6.25,140497.64
2014-11-11,6.36,5.97,6.38,5.91,221374.66
2014-11-12,5.96,6.01,6.03,5.94,98203.83
2014-11-13,6.03,6.01,6.03,5.85,121362.86
2014-11-14,5.99,5.92,6.0,5.89,64648.38
2014-11-17,5.92,5.97,6.01,5.9,58543.48
2014-11-18,5.99,5.91,5.99,5.87,83600.49
2014-11-19,5.88,5.93,5.97,5.84,111795.82
2014-11-20,5.92,5.92,5.93,5.87,67904.39
2014-11-21,5.94,6.0,6.05,5.9,93325.01
2014-11-24,6.04,6.04,6.09,5.98,124550.98
2014-11-25,6.04,6.16,6.18,6.0,145334.05
2014-11-26,6.16,6.21,6.26,6.11,140001.44
2014-11-27,6.2,6.36,6.4,6.19,285859.74
2014-11-28,6.34,6.34,6.36,6.16,261531.96
2014-12-01,6.32,6.38,6.46,6.17,321172.93
2014-12-02,6.35,6.56,6.72,6.3,396862.04
2014-12-03,6.49,6.58,6.64,6.42,299314.97
2014-12-04,6.55,6.54,6.68,6.52,291843.83
2014-12-05,6.54,6.23,6.54,6.04,260295.18
2014-12-08,6.17,6.13,6.23,6.08,206345.53
2014-12-09,6.14,5.8,6.14,5.77,224033.67
2014-12-10,5.81,5.99,6.08,5.72,140087.88
2014-12-11,5.99,6.08,6.09,5.92,124369.07
2014-12-12,6.08,6.1,6.14,6.04,94804.59
2014-12-15,6.1,6.28,6.35,6.02,181217.04
2014-12-16,6.28,6.27,6.34,6.18,117553.84
2014-12-17,6.27,6.06,6.3,5.97,138859.92
2014-12-18,6.05,6.01,6.17,5.99,102281.62
2014-12-19,6.01,5.89,6.08,5.85,124904.2
2014-12-22,5.91,5.61,5.91,5.56,164367.45
2014-12-23,5.63,5.65,5.72,5.61,93243.29
2014-12-24,5.67,5.76,5.76,5.67,70771.25
2014-12-25,5.76,5.76,5.8,5.7,74279.58
2014-12-26,5.75,5.78,5.81,5.72,72986.89
2014-12-29,5.79,5.68,5.81,5.66,87980.1
2014-12-30,5.7,5.6,5.7,5.58,64459.65
2014-12-31,5.59,5.71,5.76,5.59,67351.72
2015-01-05,5.71,5.82,5.87,5.62,118902.12
2015-01-06,5.79,5.84,5.91,5.76,93628.94
2015-01-07,5.84,5.82,5.89,5.78,72090.56
2015-01-08,5.81,5.86,5.9,5.8,93917.74
2015-01-09,5.86,5.67,5.89,5.67,96452.14
2015-01-12,5.68,5.55,5.68,5.53,80951.72
2015-01-13,5.55,5.59,5.61,5.53,64918.09
2015-01-14,5.61,5.59,5.63,5.55,71393.68
2015-01-15,5.59,5.58,5.6,5.55,102687.64
2015-01-16,5.59,5.66,5.66,5.48,208624.06
2015-01-19,5.57,5.51,5.63,5.46,164686.23
2015-01-20,5.48,5.6,5.6,5.48,98742.74
2015-01-21,5.6,5.73,5.75,5.59,148143.22
2015-01-22,5.77,5.92,5.95,5.77,228854.83
2015-01-23,5.92,5.83,5.95,5.8,146381.93
2015-01-26,5.84,5.93,6.02,5.84,120757.53
2015-01-27,6.0,6.21,6.36,6.0,286242.82
2015-01-28,6.35,6.15,6.36,6.14,283783.03
2015-01-29,6.12,6.22,6.25,6.06,217162.2
2015-01-30,6.2,6.07,6.29,6.05,128430.74
2015-02-02,6.02,6.13,6.21,5.98,120415.55
2015-02-03,6.2,6.29,6.41,6.18,185668.64
2015-02-04,6.27,6.22,6.4,6.18,178036.32
2015-02-05,6.21,6.08,6.26,6.06,141695.24
2015-02-06,6.09,6.1,6.25,6.04,122143.7
2015-02-09,6.11,6.19,6.3,6.11,98718.28
2015-02-10,6.19,6.13,6.22,6.02,80465.59
2015-02-11,6.17,6.24,6.29,6.16,136571.1
2015-02-12,6.24,6.31,6.33,6.18,143170.52
2015-02-13,6.3,6.3,6.38,6.28,151339.98
2015-02-16,6.31,6.48,6.5,6.24,243836.16
2015-02-17,6.51,6.48,6.61,6.39,162370.3
2015-02-25,6.45,6.37,6.51,6.32,142315.19
2015-02-26,6.37,6.57,6.58,6.34,214828.29
2015-02-27,6.54,6.84,6.88,6.51,418724.88
2015-03-27,7.52,7.52,7.52,7.52,15123.03
2015-03-30,8.28,8.28,8.28,8.28,12438.16
2015-03-31,8.35,7.96,8.35,7.8,864982.17
2015-04-01,7.94,8.42,8.72,7.81,662570.67
2015-04-02,8.44,8.56,8.65,8.27,508721.08
2015-04-03,8.49,8.49,8.52,8.3,399475.08
2015-04-07,8.49,8.6,8.89,8.49,424927.43
2015-04-08,8.67,8.46,8.81,8.35,412661.4
2015-04-09,8.46,8.15,8.46,7.9,384354.86
2015-04-10,8.14,8.36,8.42,7.98,320152.89
2015-04-13,8.4,8.41,8.49,8.25,366179.46
2015-04-14,8.41,8.43,8.6,8.28,351777.49
2015-04-15,8.44,8.08,8.48,8.04,280061.34
2015-04-16,7.9,8.2,8.27,7.81,265800.55
2015-04-17,8.22,8.16,8.33,8.08,321808.6
2015-04-20,8.15,8.07,8.28,7.96,297757.65
2015-04-21,8.08,8.58,8.69,8.08,480844.38
2015-04-22,8.61,8.72,9.18,8.59,726069.98
2015-04-23,8.71,8.62,8.81,8.5,466616.02
2015-04-24,8.52,8.91,8.94,8.41,577406.57
2015-04-27,8.95,8.88,9.18,8.72,393842.69
2015-04-28,8.82,8.24,8.82,8.17,492682.65
2015-04-29,8.25,8.48,8.5,8.04,252430.0
2015-04-30,8.47,8.27,8.47,8.26,192494.78
2015-05-04,8.32,8.42,8.5,8.18,217908.56
2015-05-05,8.4,8.3,8.72,8.27,367414.23
2015-05-06,8.35,8.03,8.42,7.97,255471.73
2015-05-07,8.05,7.6,8.05,7.57,251543.14
2015-05-08,7.73,7.84,7.87,7.65,212630.94
2015-05-11,7.93,8.1,8.11,7.79,241961.34
2015-05-12,8.11,8.34,8.39,8.03,312302.69
2015-05-13,8.28,8.38,8.48,8.19,350331.51
2015-05-14,8.36,8.42,8.5,8.23,258712.26
2015-05-15,8.45,8.45,8.67,8.11,346733.64
2015-05-18,8.45,8.74,8.77,8.33,395225.79
2015-05-19,8.71,8.86,8.96,8.52,387490.36
2015-05-20,8.88,8.85,9.13,8.75,439488.27
2015-05-21,8.82,9.53,9.73,8.81,1091924.65
2015-05-22,9.56,9.53,9.73,9.29,580271.49
2015-05-25,9.46,9.71,9.98,9.39,590166.5
2015-05-26,9.72,10.03,10.1,9.56,590589.67
2015-05-27,10.09,10.5,10.72,9.79,665134.65
2015-05-28,10.53,9.45,10.69,9.45,670111.08
2015-05-29,9.45,9.17,9.63,8.73,526582.45
2015-06-01,9.28,9.63,9.66,9.24,395815.4
2015-06-02,9.69,10.03,10.07,9.64,457630.2
2015-06-03,10.06,9.97,10.26,9.56,511479.94
2015-06-04,9.87,10.15,10.29,9.37,555599.68
2015-06-05,10.31,10.58,10.6,10.11,722015.28
2015-06-08,10.77,11.37,11.63,10.77,1107325.96
2015-06-09,11.13,11.02,11.29,10.82,629387.1
2015-06-10,10.95,11.22,11.52,10.74,551645.53
2015-06-11,11.23,11.5,11.58,11.03,497438.88
2015-06-12,11.49,11.62,11.96,11.41,564928.22
2015-06-15,11.63,11.13,11.85,11.11,609829.1
2015-06-16,11.12,10.6,11.12,10.58,414256.39
2015-06-17,10.61,11.26,11.3,10.48,420036.78
2015-06-18,11.26,10.85,11.48,10.76,395302.75
2015-06-19,10.48,9.77,10.65,9.77,363495.64
2015-06-23,9.68,9.91,9.96,8.81,331206.82
2015-06-24,10.02,10.16,10.21,9.74,345793.85
2015-06-25,10.11,9.56,10.11,9.28,314990.08
2015-06-26,9.28,8.6,9.28,8.6,336216.03
2015-06-29,8.85,7.75,8.85,7.74,386666.31
2015-06-30,7.78,8.28,8.31,7.05,398554.56
2015-07-01,8.16,7.61,8.44,7.51,310902.39
2015-07-02,7.64,6.91,7.76,6.85,372214.98
2015-07-03,6.71,6.33,7.38,6.23,388521.47
2015-07-06,6.96,6.19,6.96,5.73,439268.24
2015-07-07,5.95,5.57,6.01,5.57,253523.49
2015-07-15,6.12,6.12,6.12,6.12,30971.28
2015-07-16,6.03,6.45,6.59,5.62,556770.09
2015-07-17,6.43,6.89,7.0,6.4,468510.08
2015-07-20,7.0,6.99,7.19,6.74,514348.8
2015-07-21,6.87,7.12,7.31,6.71,464743.5
2015-07-22,7.13,7.15,7.24,6.87,402734.2
2015-07-23,7.13,7.54,7.56,7.1,539959.68
2015-07-24,7.58,7.31,7.74,7.25,571501.76
2015-07-27,7.19,6.58,7.44,6.58,496117.27
2015-07-28,6.22,6.31,6.66,5.93,443224.46
2015-07-29,6.45,6.75,6.76,6.18,300420.48
2015-07-30,6.75,6.42,6.85,6.4,290447.02
2015-07-31,6.31,6.39,6.55,6.22,197125.03
2015-08-03,6.37,6.22,6.4,5.98,239085.06
2015-08-04,6.25,6.66,6.67,6.22,239012.55
2015-08-05,6.63,6.62,6.77,6.55,265704.86
2015-08-06,6.5,6.73,6.79,6.41,220414.65
2015-08-07,6.72,7.0,7.09,6.72,344489.31
2015-08-10,6.98,7.27,7.4,6.97,427723.14
2015-08-11,7.29,7.29,7.51,7.22,375249.92
2015-08-12,7.21,7.02,7.28,7.0,299624.6
2015-08-13,6.96,7.46,7.46,6.92,393935.2
2015-08-14,7.52,7.41,7.66,7.36,449786.62
2015-08-17,7.42,8.16,8.16,7.39,752619.46
2015-08-18,8.3,7.42,8.59,7.34,799867.7
2015-08-19,7.14,8.16,8.16,6.98,634002.65
2015-08-20,8.11,8.12,8.54,7.99,685970.22
2015-08-21,8.0,7.51,8.01,7.4,459977.64
2015-08-24,7.11,6.76,7.32,6.76,192819.57
2015-08-25,6.09,6.09,6.26,6.09,329281.46
2015-08-26,6.1,5.57,6.37,5.49,404464.2
2015-08-27,5.67,5.84,5.84,5.53,362200.99
2015-08-28,5.95,6.24,6.28,5.9,329046.1
2015-08-31,6.2,5.84,6.21,5.83,193902.71
2015-09-01,5.81,5.51,5.97,5.45,192580.38
2015-09-02,5.23,5.1,5.63,5.06,240481.88
2015-09-07,5.23,5.25,5.47,5.1,246174.35
2015-09-08,5.25,5.73,5.76,5.17,250250.72
2015-09-09,5.73,5.86,5.99,5.7,263410.8
2015-09-10,5.82,5.74,5.87,5.72,146929.7
2015-09-11,5.73,5.77,5.82,5.64,138807.07
2015-09-14,5.77,5.2,5.85,5.2,188961.37
2015-09-15,5.15,5.2,5.31,5.08,224110.73
2015-09-16,5.29,5.61,5.72,5.24,194817.5
2015-09-17,5.62,5.59,5.82,5.44,261343.34
2015-09-18,5.62,6.05,6.14,5.59,295839.4
2015-09-21,5.95,6.35,6.38,5.8,240496.08
2015-09-22,6.31,6.2,6.44,6.08,193380.15
2015-09-23,6.1,6.19,6.3,6.02,145505.56
2015-09-24,6.18,6.12,6.24,6.07,97543.03
2015-09-25,6.1,5.65,6.22,5.58,181347.26
2015-09-28,5.67,5.8,5.8,5.56,93612.92
2015-09-29,5.74,5.89,6.02,5.63,171930.79
2015-09-30,5.88,5.74,5.93,5.72,70157.25
2015-10-08,5.87,6.32,6.32,5.87,267419.39
2015-10-09,6.22,6.31,6.33,6.16,167845.58
2015-10-12,6.3,6.72,6.83,6.3,247736.47
2015-10-13,6.69,6.6,6.7,6.49,217678.63
2015-10-14,6.59,6.37,6.64,6.33,186580.8
2015-10-15,6.32,6.49,6.54,6.26,241507.98
2015-10-16,6.6,6.59,6.69,6.46,259207.59
2015-10-19,6.6,6.49,6.67,6.39,184580.62
2015-10-20,6.49,6.6,6.64,6.47,210671.24
2015-10-21,6.61,5.96,6.62,5.94,262590.03
2015-10-22,5.99,6.16,6.18,5.93,140669.55
2015-10-23,6.19,6.32,6.36,6.13,175898.48
2015-10-26,6.38,6.32,6.42,6.25,186390.75
2015-10-27,6.31,6.27,6.32,6.01,151833.1
2015-10-28,6.28,6.29,6.42,6.23,200255.48
2015-10-29,6.24,6.36,6.44,6.24,217155.76
2015-10-30,6.38,6.36,6.4,6.2,171979.35
2015-11-02,6.21,6.17,6.3,6.08,164108.54
2015-11-03,6.13,6.08,6.2,6.03,100320.21
2015-11-04,6.12,6.36,6.37,6.08,240107.35
2015-11-05,6.36,6.44,6.49,6.32,284979.05
2015-11-06,6.44,6.61,6.73,6.41,326704.16
2015-11-09,6.57,6.6,6.68,6.42,274561.71
2015-11-10,6.57,6.64,6.68,6.49,249658.1
2015-11-11,6.62,6.88,6.89,6.61,356315.69
2015-11-12,6.87,6.73,6.91,6.7,241209.43
2015-11-13,6.63,6.49,6.67,6.42,226040.37
2015-11-16,6.4,6.63,6.63,6.32,121889.12
2015-11-17,6.66,6.57,6.74,6.5,200407.22
2015-11-18,6.59,6.74,6.88,6.5,278902.23
2015-11-19,6.85,7.06,7.19,6.77,565409.24
2015-11-20,7.2,6.97,7.21,6.88,284004.13
2015-11-23,6.96,6.89,7.07,6.87,209837.34
2015-11-24,6.93,7.02,7.11,6.91,256203.41
2015-11-25,6.99,6.94,7.01,6.86,247798.7
2015-11-26,6.98,6.84,7.01,6.75,310006.91
2015-11-27,6.77,6.44,6.89,6.27,305946.83
2015-11-30,6.44,6.41,6.49,6.12,193712.26
2015-12-01,6.42,6.58,6.65,6.33,185943.25
2015-12-02,6.59,6.78,6.82,6.58,252970.29
2015-12-03,6.75,6.87,6.9,6.72,237433.55
2015-12-04,6.85,7.27,7.56,6.84,956232.56
2015-12-07,7.32,7.34,7.49,7.15,471897.12
2015-12-08,7.27,7.2,7.46,7.17,289449.26
2015-12-09,7.14,7.26,7.27,6.97,234414.95
2015-12-10,7.26,7.22,7.26,7.08,186387.65
2015-12-11,7.19,7.25,7.28,6.99,173238.07
2015-12-14,7.14,7.26,7.37,7.12,244157.48
2015-12-15,7.26,7.28,7.39,7.26,219222.62
2015-12-16,7.38,7.26,7.57,7.15,523440.68
2015-12-17,7.26,7.28,7.33,7.15,372853.83
2015-12-18,7.26,7.13,7.29,7.11,253361.16
2015-12-21,7.11,7.27,7.39,7.1,312225.22
2015-12-22,7.33,7.35,7.39,7.17,251819.87
2015-12-23,7.36,7.4,7.51,7.31,460781.56
2015-12-24,7.4,7.23,7.4,7.14,236841.43
2015-12-25,7.23,7.51,7.57,7.2,407248.32
2015-12-28,7.45,7.51,7.85,7.44,475238.71
2015-12-29,7.51,7.65,7.67,7.28,310122.03
2015-12-30,7.7,7.88,8.03,7.64,540809.96
2015-12-31,7.86,7.71,7.98,7.71,334226.88
2016-01-04,7.7,6.96,7.7,6.94,232585.58
2016-01-05,6.59,6.73,7.1,6.4,289179.54
2016-01-06,6.75,6.91,6.99,6.74,161399.98
2016-01-07,6.81,6.23,6.83,6.23,49793.0
2016-01-08,6.45,6.33,6.49,5.85,203451.96
2016-01-11,6.21,5.7,6.31,5.7,211409.99
2016-01-12,5.8,5.77,5.84,5.59,133185.27
2016-01-13,5.78,5.56,5.9,5.56,114026.74
2016-01-14,5.46,5.72,5.78,5.2,191553.57
2016-01-15,5.72,5.43,5.72,5.36,146137.73
2016-01-18,5.29,5.44,5.54,5.24,101150.49
2016-01-19,5.42,5.62,5.64,5.38,142653.36
2016-01-20,5.61,5.55,5.71,5.48,120145.77
2016-01-21,5.41,5.32,5.6,5.31,99832.24
2016-01-22,5.4,5.39,5.45,5.24,87382.77
2016-01-25,5.43,5.45,5.52,5.39,74892.27
2016-01-26,5.38,4.9,5.4,4.9,156593.85
2016-01-27,4.95,4.83,4.98,4.55,138978.44
2016-01-28,4.75,4.59,4.83,4.59,88964.0
2016-01-29,4.58,4.77,4.84,4.56,99756.7
2016-02-01,4.77,4.82,4.91,4.76,115082.24
2016-02-02,4.82,5.0,5.06,4.82,125478.04
2016-02-03,4.96,4.99,5.03,4.89,67780.4
2016-02-04,5.01,5.09,5.16,5.0,97123.62
2016-02-05,5.12,5.07,5.18,5.06,57707.8
2016-02-15,4.88,5.14,5.2,4.87,76734.07
2016-02-16,5.16,5.33,5.35,5.16,145417.99
2016-02-17,5.32,5.33,5.37,5.26,105373.21
2016-02-18,5.38,5.49,5.68,5.38,256279.76
2016-02-19,5.47,5.6,5.72,5.43,239993.03
2016-02-22,5.72,5.76,5.76,5.6,123490.17
2016-02-23,5.94,5.65,6.02,5.63,214249.18
2016-02-24,5.57,5.65,5.7,5.5,128506.66
2016-02-25,5.64,5.09,5.65,5.08,176384.59
2016-02-26,5.16,5.19,5.29,5.07,125851.59
2016-02-29,5.2,4.82,5.2,4.74,158058.38
2016-03-01,4.82,4.95,4.99,4.79,109851.26
2016-03-02,4.95,5.2,5.21,4.93,132984.02
2016-03-03,5.19,5.3,5.41,5.18,154289.13
2016-03-04,5.3,5.12,5.37,5.12,136964.02
2016-03-07,5.2,5.26,5.33,5.16,79602.43
2016-03-08,5.28,5.44,5.45,5.11,158562.52
2016-03-09,5.35,5.27,5.36,5.2,93190.49
2016-03-10,5.26,5.13,5.32,5.12,62151.06
2016-03-11,5.1,5.06,5.19,5.01,52927.0
2016-03-14,5.14,5.24,5.32,5.11,101126.15
2016-03-15,5.24,5.25,5.3,5.2,68783.55
2016-03-16,5.27,5.17,5.32,5.15,76987.85
2016-03-17,5.2,5.33,5.39,5.18,117392.04
2016-03-18,5.33,5.47,5.52,5.32,157508.5
2016-03-21,5.53,5.59,5.62,5.52,147121.64
2016-03-22,5.57,5.6,5.73,5.53,159233.34
2016-03-23,5.59,6.16,6.16,5.58,544657.97
2016-03-24,6.08,6.03,6.16,5.91,385037.51
2016-03-25,5.98,6.07,6.14,5.94,148336.35
2016-03-28,6.06,6.06,6.19,5.98,163820.6
2016-03-29,6.03,5.84,6.03,5.8,141998.5
2016-03-30,5.89,6.15,6.22,5.85,186939.26
2016-03-31,6.17,6.1,6.22,6.04,148019.46
2016-04-01,6.12,6.43,6.48,5.97,276980.41
2016-04-05,6.33,6.53,6.62,6.29,236212.95
2016-04-06,6.53,6.47,6.59,6.41,142397.43
2016-04-07,6.47,6.37,6.57,6.29,232536.8
2016-04-08,6.36,6.39,6.49,6.27,125796.31
2016-04-11,6.49,6.38,6.59,6.36,170943.17
2016-04-12,6.49,6.49,6.59,6.39,167903.61
2016-04-13,6.48,6.68,6.85,6.47,274375.71
2016-04-14,6.69,6.64,6.74,6.58,109848.03
2016-04-15,6.64,6.61,6.69,6.43,153968.87
2016-04-18,6.63,6.41,6.63,6.39,112733.66
2016-04-19,6.41,6.36,6.45,6.22,138606.65
2016-04-20,6.47,5.97,6.47,5.9,131814.61
2016-04-21,5.99,5.95,6.09,5.89,97332.76
2016-04-22,5.91,6.03,6.05,5.85,84979.14
2016-04-25,6.02,6.19,6.23,5.91,82344.27
2016-04-26,6.16,6.23,6.26,6.1,95570.06
2016-04-27,6.24,6.13,6.29,6.09,69795.13
2016-04-28,6.12,6.09,6.19,5.94,59268.25
2016-04-29,6.07,6.1,6.13,6.01,57196.22
2016-05-03,6.09,6.3,6.36,5.72,92670.88
2016-05-04,6.28,6.56,6.68,6.24,268382.93
2016-05-05,6.54,6.58,6.65,6.45,107698.47
2016-05-06,6.56,6.16,6.61,6.09,166454.81
2016-05-09,6.16,6.05,6.26,6.0,104372.45
2016-05-10,6.02,6.13,6.18,5.95,109739.75
2016-05-11,6.16,6.17,6.22,6.01,79935.69
2016-05-12,6.1,6.33,6.38,5.98,126179.87
2016-05-13,6.29,6.25,6.41,6.21,93679.18
2016-05-16,6.19,6.27,6.27,6.0,78905.64
2016-05-17,6.27,6.44,6.46,6.24,155433.43
2016-05-18,6.38,6.39,6.39,6.03,141595.51
2016-05-19,6.34,6.42,6.53,6.31,166869.57
2016-05-20,6.4,6.24,6.45,6.15,148775.1
2016-09-22,6.62,6.33,6.87,6.19,405895.48
2016-09-23,6.24,6.0,6.27,6.0,264328.25
2016-09-26,5.96,5.77,6.0,5.77,149761.11
2016-09-27,5.74,5.82,5.83,5.73,81742.73
2016-09-28,5.82,5.71,5.82,5.69,101253.69
2016-09-29,5.73,5.76,5.81,5.71,61668.89
2016-09-30,5.77,5.76,5.8,5.75,70346.48
2016-10-10,5.8,5.96,5.99,5.8,129591.11
2016-10-11,5.95,6.06,6.08,5.94,112303.69
2016-10-12,6.02,6.02,6.08,5.98,64664.99
2016-10-13,6.03,6.07,6.08,6.03,61826.71
2016-10-14,6.05,6.19,6.21,6.02,114788.37
2016-10-17,6.2,6.06,6.25,6.06,91455.01
2016-10-18,6.05,6.12,6.14,6.04,60287.39
2016-10-19,6.11,6.06,6.17,6.02,90847.44
2016-10-20,6.04,6.09,6.1,6.02,58766.64
2016-10-21,6.09,6.06,6.09,6.0,57881.83
2016-10-24,6.07,6.11,6.13,6.03,98676.74
2016-10-25,6.12,6.1,6.16,6.05,111485.01
2016-10-26,6.09,6.04,6.15,6.0,123125.93
2016-10-27,6.04,6.09,6.09,6.01,79740.16
2016-10-28,6.09,5.96,6.1,5.93,95348.8
2016-10-31,5.9,5.85,5.95,5.84,124652.0
2016-11-01,5.87,5.95,5.96,5.83,74003.15
2016-11-02,5.94,5.94,6.04,5.92,103716.08
2016-11-03,5.91,5.96,5.99,5.91,79604.23
2016-11-04,5.95,5.89,5.98,5.86,66169.5
2016-11-07,5.9,5.95,5.97,5.88,56412.03
2016-11-08,5.96,6.0,6.03,5.95,79663.68
2016-11-09,6.0,6.09,6.12,5.93,134181.71
2016-11-10,6.11,6.13,6.2,6.08,127719.99
2016-11-11,6.13,6.15,6.18,6.12,77324.95
2016-11-14,6.14,6.26,6.31,6.11,119448.58
2016-11-15,6.26,6.32,6.37,6.23,125918.18
2016-11-16,6.33,6.26,6.34,6.23,79335.0
2016-11-17,6.25,6.28,6.31,6.2,75602.37
2016-11-18,6.28,6.27,6.3,6.24,55769.12
2016-11-21,6.23,6.22,6.3,6.19,87356.62
2016-11-22,6.22,6.23,6.27,6.15,130044.11
2016-11-23,6.23,6.36,6.42,6.22,189989.43
2016-11-24,6.35,6.36,6.37,6.26,105140.57
2016-11-25,6.37,6.58,6.61,6.36,284379.34
2016-11-28,6.56,6.75,7.12,6.53,343425.98
2016-11-29,6.78,6.65,6.79,6.56,216980.96
2016-11-30,6.64,6.56,6.64,6.45,115280.46
2016-12-01,6.55,6.72,6.92,6.55,245981.74
2016-12-02,6.74,6.61,6.75,6.6,131613.2
2016-12-05,6.47,6.55,6.8,6.38,124341.12
2016-12-06,6.55,6.97,6.99,6.55,352962.49
2016-12-07,6.92,7.15,7.16,6.86,347592.45
2016-12-08,7.09,6.99,7.16,6.91,200105.32
2016-12-09,6.97,7.01,7.12,6.94,129181.52
2016-12-12,6.98,6.63,7.0,6.57,236426.22
2016-12-13,6.64,7.02,7.07,6.63,240057.85
2016-12-14,6.95,7.02,7.22,6.9,271638.46
2016-12-15,7.01,7.05,7.18,6.94,227683.79
2016-12-16,7.04,7.27,7.33,7.0,284115.33
2016-12-19,7.04,6.9,7.12,6.6,423513.0
2016-12-20,6.87,7.36,7.58,6.82,919652.73
2016-12-21,7.25,7.75,7.76,7.22,900740.15
2016-12-22,8.26,8.52,8.52,8.0,822020.23
2016-12-23,8.54,8.36,9.1,8.22,1100721.22
2016-12-26,8.14,8.52,8.8,8.12,701143.59
2016-12-27,8.39,8.74,8.9,8.19,768021.08
2016-12-28,8.61,8.55,8.78,8.42,490272.42
2016-12-29,8.49,8.56,8.8,8.38,452464.15
2016-12-30,8.53,8.57,8.77,8.46,296733.86
2017-01-03,8.64,8.59,8.75,8.49,284391.23
2017-01-04,8.54,8.88,9.01,8.51,496539.67
2017-01-05,8.83,8.77,9.0,8.71,373529.8
2017-01-06,8.68,8.64,8.89,8.61,227643.78
2017-01-09,8.64,8.69,8.83,8.57,167282.44
2017-01-10,8.74,8.51,8.74,8.45,257628.94
2017-01-11,8.51,8.33,8.52,8.21,188889.21
2017-01-12,8.31,8.25,8.45,8.1,135894.21
2017-01-13,8.27,8.4,8.55,8.24,166416.67
2017-01-16,8.5,7.9,8.5,7.57,187259.36
2017-01-17,7.97,7.83,7.97,7.49,166806.91
2017-01-18,7.82,7.82,7.97,7.8,58375.32
2017-01-19,7.95,8.1,8.19,7.83,136064.66
2017-01-20,8.1,8.25,8.33,8.05,76815.5
2017-01-23,8.25,9.04,9.08,8.25,526248.76
2017-01-24,9.01,8.7,9.07,8.66,347242.06
2017-01-25,8.71,8.68,8.86,8.58,145718.47
2017-01-26,8.68,8.71,8.88,8.66,104098.39
2017-02-03,8.73,8.77,8.89,8.54,104208.28
2017-02-06,8.8,8.75,8.85,8.65,75832.17
2017-02-07,8.77,8.77,8.81,8.66,85421.68
2017-02-08,8.77,8.75,8.8,8.66,85110.0
2017-02-09,8.75,8.73,8.9,8.7,144727.34
2017-02-10,8.71,8.63,8.75,8.55,139692.8
2017-02-13,8.6,8.56,8.63,8.43,117063.76
2017-02-14,8.54,8.84,8.97,8.49,221233.99
2017-02-15,8.75,8.71,8.91,8.65,102066.36
2017-02-16,8.71,8.75,8.9,8.69,99434.45
2017-02-17,8.75,8.82,8.88,8.7,140910.03
2017-02-20,8.81,8.86,9.08,8.8,187365.65
2017-02-21,8.84,8.79,8.9,8.75,77520.73
2017-02-22,8.8,9.35,9.64,8.73,350720.22
2017-02-23,9.31,9.46,9.6,9.22,347081.86
2017-02-24,9.44,9.36,9.47,9.27,145852.96
2017-02-27,9.33,9.12,9.46,9.1,163365.95
2017-02-28,9.11,9.17,9.24,9.02,105372.35
2017-03-01,9.17,9.11,9.21,9.07,127605.61
2017-03-02,9.1,8.97,9.17,8.95,92255.86
2017-03-03,8.95,9.24,9.39,8.95,165019.66
2017-03-06,9.25,9.44,9.54,9.25,143787.41
2017-03-07,9.44,9.38,9.48,9.3,87479.37
2017-03-22,10.32,10.32,10.32,10.32,22864.49
2017-03-23,11.35,11.35,11.35,10.78,1059654.49
2017-03-24,11.17,10.99,11.63,10.91,645004.56
2017-03-27,11.02,11.07,11.2,10.78,422649.58
2017-03-28,10.98,10.64,11.05,10.48,297614.13
2017-03-29,10.64,10.59,10.84,10.51,182609.07
2017-03-30,10.62,10.08,10.64,9.64,303734.86
2017-03-31,10.13,10.31,10.42,9.88,172816.34
2017-04-05,10.31,10.83,11.24,10.31,293366.81
2017-04-06,10.83,10.8,10.99,10.65,149585.72
2017-04-07,10.74,10.84,11.03,10.7,177816.55
2017-04-10,10.84,10.62,10.92,10.6,139821.64
2017-04-11,10.61,10.52,10.68,10.27,163830.31
2017-04-12,10.48,10.64,10.77,10.35,109065.23
2017-04-13,10.65,10.64,10.73,10.56,83086.06
2017-04-14,10.59,10.38,10.64,10.35,127567.71
2017-04-17,10.4,10.28,10.52,10.14,92219.28
2017-04-18,10.24,10.59,10.94,10.24,159861.42
2017-04-19,10.58,10.35,10.71,10.26,107612.64
2017-04-20,10.38,10.56,10.78,10.38,104281.87
2017-04-21,10.5,10.82,10.84,10.48,125353.09
2017-04-24,10.78,10.28,10.79,10.28,134749.03
2017-04-25,10.35,9.68,10.45,9.49,165011.57
2017-04-26,9.68,9.5,9.86,9.47,152971.5
2017-04-27,9.5,9.61,9.71,9.13,142556.81
2017-04-28,9.61,9.88,9.98,9.54,96755.84
2017-05-02,9.93,9.83,9.93,9.76,62968.98
2017-05-03,9.9,9.84,9.97,9.78,61245.05
2017-05-04,9.78,9.73,9.93,9.73,63821.9
2017-05-05,9.72,9.44,9.73,9.44,74795.46
2017-05-08,9.41,8.99,9.41,8.99,112257.84
2017-05-09,9.05,8.75,9.11,8.54,103296.43
2017-05-10,8.79,8.61,8.98,8.61,77883.72
2017-05-11,8.55,8.29,8.55,7.75,188777.69
2017-05-12,8.29,8.36,8.53,8.21,90077.15
2017-05-15,8.43,8.5,8.58,8.38,51275.95
2017-05-16,8.51,8.58,8.59,8.1,66236.0
2017-05-17,8.58,8.73,8.89,8.5,119446.77
2017-05-18,8.72,8.71,8.83,8.62,60485.27
2017-05-19,8.68,8.69,8.78,8.66,39083.76
2017-05-22,8.77,8.64,8.93,8.64,75968.59
2017-05-23,8.72,8.23,8.72,8.19,84845.11
2017-05-24,7.89,8.26,8.36,7.82,80846.9
2017-05-25,8.27,8.2,8.36,8.0,62202.04
2017-05-26,8.19,8.38,8.5,8.18,75336.65
2017-05-31,8.49,8.42,8.59,8.4,56102.75
2017-06-01,8.42,8.39,8.5,8.36,77275.13
2017-06-02,8.33,8.4,8.43,8.21,62328.83
2017-06-05,8.38,8.6,8.62,8.38,79028.15
2017-06-06,8.61,9.1,9.15,8.56,121391.07
2017-06-07,9.05,9.44,9.68,9.02,183876.47
2017-06-08,9.43,9.42,9.59,9.31,109190.97
2017-06-09,9.58,9.52,10.16,9.45,144310.13
2017-06-12,9.66,9.37,9.77,9.37,99861.92
2017-06-13,9.49,9.46,9.64,9.4,80690.77
2017-06-14,9.47,9.4,9.55,9.39,45932.85
2017-06-15,9.49,9.47,9.54,9.42,51251.81
2017-06-16,9.38,9.57,9.68,9.35,64885.82
2017-06-19,9.57,9.56,9.68,9.55,45958.36
2017-06-20,9.57,9.44,9.57,9.42,55746.15
2017-06-21,9.52,9.39,9.52,9.3,47902.04
2017-06-22,9.43,9.1,9.46,9.1,57156.59
2017-06-23,9.03,9.01,9.18,8.88,81405.42
2017-06-26,8.95,9.06,9.12,8.91,50809.41
2017-06-27,9.09,9.0,9.11,8.93,69970.45
2017-06-28,8.99,8.73,9.01,8.71,75021.3
2017-06-29,8.75,8.9,8.97,8.71,57830.24
2017-06-30,8.84,8.93,9.05,8.82,57785.59
2017-07-03,8.96,8.82,9.07,8.75,56346.37
2017-07-04,8.84,8.63,8.86,8.58,66238.02
2017-07-05,8.67,8.68,8.72,8.52,75285.17
2017-07-06,8.68,8.57,8.7,8.56,48580.33
2017-07-07,8.6,8.52,8.64,8.51,49423.21
2017-07-10,8.5,8.48,8.64,8.31,70565.46
2017-07-11,8.5,8.37,8.56,8.37,59650.61
2017-07-12,8.39,8.44,8.56,8.37,47259.12
2017-07-13,8.51,8.35,8.51,8.34,43109.22
2017-07-14,8.37,8.26,8.43,8.26,37747.87
2017-07-17,8.24,7.52,8.24,7.49,111137.12
2017-07-18,7.62,7.47,7.65,7.2,95185.63
2017-07-19,7.49,7.49,7.54,7.42,51645.76
2017-07-20,7.56,7.45,7.57,7.44,50217.77
2017-07-21,7.41,7.29,7.47,7.25,65506.57
2017-07-24,7.29,7.92,8.0,7.02,172856.13
2017-07-25,7.83,7.78,7.96,7.73,95063.84
2017-07-26,7.74,7.61,7.77,7.57,59269.81
2017-07-27,7.65,7.63,7.8,7.57,60862.01
2017-07-28,7.6,7.47,7.68,7.37,94127.25
2017-07-31,7.44,7.48,7.63,7.27,70086.35
2017-08-01,7.49,7.44,7.54,7.43,56285.8
2017-08-02,7.42,7.33,7.47,7.3,61083.35
2017-08-03,7.35,7.43,7.53,7.35,58654.86
2017-08-04,7.43,7.34,7.49,7.32,49874.41
2017-08-07,7.35,7.41,7.42,7.3,33609.74
2017-08-08,7.41,7.65,7.65,7.38,91510.78
2017-08-09,7.7,7.78,7.84,7.58,111661.27
2017-08-10,7.82,7.58,7.82,7.53,86566.99
2017-08-11,7.56,7.37,7.57,7.33,63009.87
2017-08-14,7.36,7.45,7.55,7.32,50904.61
2017-08-15,7.46,7.49,7.5,7.37,32547.51
2017-08-16,7.49,7.44,7.52,7.42,38681.36
2017-08-17,7.43,7.47,7.49,7.41,36124.44
2017-08-18,7.49,7.57,7.64,7.45,70470.02
2017-08-21,7.6,7.59,7.61,7.54,48460.52
2017-08-22,7.57,7.55,7.63,7.51,54951.62
2017-08-23,7.57,7.69,7.81,7.57,94137.37
2017-08-24,7.7,7.53,7.7,7.51,54922.2
2017-08-25,7.54,7.61,7.62,7.5,35661.64
2017-08-28,7.61,7.67,7.72,7.6,51114.27
2017-08-29,7.64,7.71,7.73,7.64,54569.34
2017-08-30,7.68,7.68,7.72,7.68,49131.53
2017-08-31,7.7,7.77,7.87,7.62,93363.01
2017-09-01,7.77,7.7,7.82,7.7,55625.3
2017-09-04,7.71,7.64,7.71,7.6,66811.0
2017-09-05,7.64,7.7,7.86,7.56,113605.02
2017-09-06,7.67,7.65,7.7,7.57,55919.52
2017-09-07,7.68,7.62,7.76,7.61,81117.2
2017-09-08,7.65,7.58,7.67,7.56,68081.3
2017-09-11,7.67,7.64,7.69,7.56,76152.03
2017-09-12,7.65,7.63,7.68,7.59,69063.85
2017-09-13,7.64,7.67,7.68,7.57,53888.91
2017-09-14,7.66,7.62,7.7,7.58,54586.89
2017-09-15,7.68,7.59,7.68,7.57,46022.61
2017-09-18,7.57,7.56,7.59,7.52,48754.52
2017-09-19,7.54,7.58,7.69,7.51,113704.28
2017-09-20,7.54,7.59,7.63,7.54,43715.16
2017-09-21,7.62,7.53,7.63,7.51,49917.0
2017-09-22,7.54,7.55,7.57,7.45,48862.19
2017-09-25,7.55,7.49,7.56,7.48,31365.3
2017-09-26,7.47,7.43,7.53,7.43,30465.0
2017-09-27,7.43,7.57,7.59,7.39,60060.08
2017-09-28,7.58,7.49,7.59,7.46,41714.6
2017-09-29,7.51,7.53,7.56,7.46,31462.61
2017-10-09,7.57,7.51,7.62,7.49,63756.61
2017-10-10,7.49,7.54,7.56,7.48,40431.4
2017-10-11,7.53,7.54,7.54,7.49,44646.52
2017-10-12,7.59,7.81,7.97,7.57,230025.13
2017-10-13,7.72,7.76,7.85,7.65,109449.1
2017-10-16,7.75,7.83,7.97,7.74,129732.29
2017-10-17,7.81,8.1,8.25,7.76,248773.16
2017-10-18,8.1,8.03,8.19,7.97,144107.02
2017-10-19,8.05,7.83,8.05,7.74,106358.54
2017-10-20,7.82,7.96,8.03,7.77,75040.3
2017-10-23,7.96,7.84,7.96,7.82,55135.97
2017-10-24,7.85,7.7,7.86,7.64,67184.61
2017-10-25,7.7,7.72,7.78,7.65,42619.31
2017-10-26,7.7,7.65,7.73,7.58,63399.8
2017-10-27,7.65,7.55,7.69,7.54,61591.51
2017-10-30,7.53,7.17,7.53,7.0,119695.49
2017-10-31,7.21,7.27,7.28,7.1,53169.7
2017-11-01,7.27,7.23,7.3,7.16,39205.37
2017-11-02,7.24,7.08,7.24,7.05,54286.02
2017-11-03,7.09,7.1,7.14,6.95,38820.6
2017-11-06,7.12,7.16,7.2,7.0,41413.23
2017-11-07,7.18,7.16,7.24,7.12,33382.3
2017-11-08,7.19,7.16,7.19,7.1,35342.31
2017-11-09,7.14,7.21,7.29,7.09,73475.1
2017-11-10,7.15,7.06,7.15,7.03,76961.13
2017-11-13,7.05,7.39,7.42,7.05,122983.95
2017-11-14,7.37,7.33,7.45,7.31,68868.16
2017-11-15,7.3,7.26,7.36,7.16,29855.7
2017-11-16,7.27,7.41,7.48,7.18,45450.65
2017-11-17,7.38,7.21,7.44,7.21,69998.02
2017-11-20,7.16,7.11,7.21,6.96,36053.04
2017-11-21,7.13,7.03,7.16,6.98,43151.44
2017-11-22,7.03,7.09,7.2,6.97,37465.27
2017-11-23,7.16,6.93,7.16,6.82,51406.38
2017-11-24,6.93,7.16,7.2,6.87,51893.14
2017-11-27,7.15,7.28,7.49,7.09,67636.5
2017-11-28,7.26,7.34,7.38,7.23,35021.13
2017-11-29,7.34,7.31,7.42,7.26,28619.49
2017-11-30,7.26,7.1,7.31,7.1,41154.1
2017-12-01,7.12,7.04,7.14,6.96,48180.0
2017-12-04,7.07,6.99,7.14,6.97,28151.0
2017-12-05,6.98,6.86,7.01,6.83,43404.04
2017-12-06,6.79,7.06,7.06,6.77,55070.71
2017-12-07,7.03,6.89,7.05,6.85,30286.06
2017-12-08,6.89,6.82,6.94,6.79,44172.1
2017-12-11,6.84,6.98,7.0,6.84,41852.0
2017-12-12,7.0,6.96,7.0,6.9,21718.4
2017-12-13,6.9,6.96,7.04,6.9,27350.51
2017-12-14,6.95,6.97,7.18,6.86,49831.69
2017-12-15,6.99,7.04,7.09,6.96,47825.11
2017-12-18,7.09,6.93,7.09,6.92,26246.9
2017-12-19,6.93,6.95,6.99,6.92,26619.74
2017-12-20,6.97,7.09,7.19,6.96,84434.67
2017-12-21,7.03,7.25,7.3,6.99,100133.85
2017-12-22,7.25,7.54,7.71,7.2,228690.19
2017-12-25,7.49,7.41,7.73,7.41,178595.45
2017-12-26,7.43,7.44,7.54,7.21,123627.49
2017-12-27,7.41,7.27,7.58,7.26,96162.21
2017-12-28,7.25,7.1,7.26,7.08,83374.72
2017-12-29,7.1,7.16,7.19,7.1,40317.31
2018-01-02,7.18,7.25,7.34,7.14,54393.81
2018-01-03,7.22,7.26,7.3,7.19,51836.19
2018-01-04,7.27,7.28,7.35,7.21,60788.82
2018-01-05,7.25,7.23,7.27,7.16,41914.25
2018-01-08,7.21,7.29,7.3,7.15,59358.14
2018-01-09,7.43,7.41,7.61,7.34,130282.14
2018-01-10,7.37,7.56,7.58,7.3,162290.99
2018-01-11,7.49,7.36,7.52,7.35,94533.19
2018-01-12,7.32,7.16,7.39,7.15,79724.1
2018-01-15,7.16,7.09,7.32,7.09,61462.39
2018-01-16,7.09,7.16,7.24,7.09,55920.09
2018-01-17,7.13,7.0,7.21,6.93,60952.15
2018-01-18,6.98,7.06,7.08,6.96,37790.9
2018-01-19,7.06,7.04,7.17,7.03,42423.36
2018-01-22,7.04,7.18,7.22,7.04,41263.14
2018-01-23,7.17,7.36,7.37,7.17,82116.21
2018-01-24,7.36,7.34,7.4,7.29,66944.54
2018-01-25,7.32,7.23,7.38,7.22,42902.0
2018-01-26,7.23,7.23,7.25,7.17,25981.73
2018-01-29,7.22,7.18,7.28,7.16,32710.13
2018-01-30,7.19,7.15,7.3,7.15,44342.0
2018-01-31,7.15,7.1,7.18,7.04,54743.13
2018-02-01,7.1,6.83,7.14,6.8,69438.01
2018-02-02,6.83,6.23,6.88,6.15,126122.34
2018-02-05,6.16,6.29,6.32,5.78,61120.67
2018-02-06,6.14,5.95,6.21,5.89,72068.84
2018-02-07,5.82,5.77,6.09,5.64,80100.06
2018-02-08,5.71,5.77,5.86,5.66,58407.0
2018-02-09,5.45,5.19,5.62,5.19,106009.0
2018-02-12,5.21,5.25,5.32,5.04,101307.0
2018-02-13,5.37,5.49,5.53,5.26,105204.67
2018-02-14,5.54,5.56,5.66,5.49,51943.83
2018-02-22,5.59,5.61,5.72,5.56,39931.0
2018-02-23,5.63,5.64,5.71,5.6,36612.22
2018-02-26,5.66,5.64,5.68,5.61,56799.01
2018-02-27,5.63,5.6,5.68,5.6,41432.9
2018-02-28,5.6,5.62,5.63,5.51,44655.07
2018-03-01,5.63,5.61,5.64,5.58,54750.33
2018-03-02,5.58,5.57,5.61,5.55,44284.94
2018-03-05,5.57,5.42,5.59,5.41,50045.96
2018-03-06,5.45,5.57,5.58,5.43,56128.8
2018-03-07,5.58,5.57,5.67,5.5,60111.54
2018-03-08,5.55,5.68,5.72,5.55,64083.81
2018-03-09,5.69,5.72,5.72,5.64,56348.78
2018-03-12,5.74,5.76,5.76,5.71,56562.32
2018-03-13,5.79,6.01,6.31,5.77,143382.3
2018-03-14,6.0,5.95,6.13,5.86,77317.52
2018-03-15,5.96,5.84,6.01,5.82,51825.49
2018-03-16,5.82,6.14,6.16,5.82,105731.51
2018-03-19,6.13,6.13,6.14,5.99,79399.91
2018-03-20,6.1,6.1,6.17,6.03,48946.38
2018-03-21,6.09,5.96,6.11,5.96,50098.0
2018-03-22,5.96,5.87,6.02,5.86,44876.38
2018-03-23,5.77,5.37,5.77,5.31,91402.4
2018-03-26,5.34,5.37,5.37,5.15,62097.21
2018-03-27,5.42,5.44,5.55,5.38,72583.01
2018-03-28,5.4,5.43,5.57,5.36,60940.32
2018-03-29,5.42,5.51,5.53,5.42,42411.95
2018-03-30,5.54,5.52,5.56,5.44,36911.0
2018-04-02,5.52,5.52,5.56,5.51,43803.98
2018-04-03,5.5,5.55,5.64,5.35,76578.0
2018-04-04,5.55,5.44,5.57,5.42,43424.02
2018-04-09,5.44,5.41,5.48,5.33,38067.07
2018-04-10,5.41,5.44,5.44,5.38,30579.98
2018-04-11,5.46,5.52,5.52,5.44,39804.58
2018-04-12,5.5,5.33,5.52,5.3,82687.68
2018-04-13,5.34,5.34,5.39,5.23,56694.24
2018-04-16,5.27,5.22,5.32,5.21,34875.16
2018-04-17,5.24,5.12,5.25,5.09,37308.01
2018-04-18,5.16,5.11,5.18,5.05,44585.12
2018-04-19,5.12,5.12,5.15,5.09,36129.0
2018-04-20,5.1,4.94,5.14,4.94,39655.0
2018-04-23,4.93,5.35,5.43,4.89,172198.42
2018-04-24,5.35,5.36,5.43,5.25,95593.69
2018-04-25,5.34,5.42,5.43,5.29,63591.04
2018-04-26,5.42,5.3,5.43,5.3,60799.11
2018-04-27,5.29,5.39,5.42,5.29,46981.96
2018-05-02,5.4,5.39,5.46,5.35,35188.6
2018-05-03,5.39,5.48,5.51,5.3,48200.71
2018-05-04,5.48,5.42,5.48,5.39,36979.4
2018-05-07,5.42,5.55,5.55,5.4,66240.87
2018-05-08,5.53,5.57,5.62,5.48,59257.13
2018-05-09,5.55,5.56,5.61,5.53,29794.0
2018-05-10,5.56,5.76,6.02,5.56,118835.45
2018-05-11,5.78,5.75,5.84,5.7,61948.64
2018-05-14,5.77,5.53,5.82,5.53,57308.73
2018-05-15,5.53,5.62,5.67,5.5,55705.11
2018-05-16,5.62,5.57,5.66,5.56,27953.22
2018-05-17,5.6,5.59,5.65,5.56,35546.82
2018-05-18,5.57,5.76,5.82,5.57,88756.44
2018-05-21,5.79,5.85,5.96,5.64,145162.52
2018-05-22,5.83,5.89,6.01,5.8,172987.66
2018-05-23,5.84,5.64,5.84,5.62,105241.62
2018-05-24,5.59,5.51,5.68,5.5,71550.96
2018-05-25,5.51,5.27,5.52,5.22,103212.84
2018-05-28,5.29,5.17,5.32,5.14,63853.26
2018-05-29,5.17,5.2,5.28,5.13,39447.21
2018-05-30,5.12,5.04,5.16,4.94,55872.11
2018-05-31,5.04,5.12,5.23,5.04,46107.0
2018-06-01,5.1,5.04,5.15,5.02,33345.2
2018-06-04,5.04,4.99,5.08,4.96,38342.2
2018-06-05,4.99,5.09,5.12,4.99,36785.24
2018-06-06,5.1,5.15,5.2,5.1,42268.0
2018-06-07,5.13,5.07,5.22,5.06,33446.0
2018-06-08,5.07,5.02,5.07,4.88,59661.01
2018-06-11,4.94,4.94,5.02,4.9,25525.69
2018-06-12,4.95,4.94,5.0,4.9,31334.29
2018-06-13,4.95,4.83,4.95,4.79,37796.91
2018-06-14,4.79,4.74,4.92,4.71,36004.0
2018-06-15,4.76,4.62,4.76,4.55,52445.25
2018-06-19,4.57,4.15,4.57,4.15,97272.25
2018-06-20,4.13,4.11,4.26,3.93,58667.43
2018-06-21,4.1,3.75,4.16,3.7,87669.44
2018-06-22,3.75,3.83,3.86,3.61,61280.01
2018-06-25,3.95,3.82,3.95,3.82,34028.0
2018-06-26,3.73,3.82,3.84,3.73,71162.2
2018-06-27,3.81,3.81,3.94,3.79,58760.2
2018-06-28,3.8,3.68,3.87,3.67,84916.0
2018-06-29,3.68,3.84,3.88,3.67,78688.95
2018-07-02,3.87,3.8,4.01,3.74,87218.16
2018-07-03,3.8,3.91,3.93,3.8,81142.64
2018-07-04,3.88,3.82,3.93,3.81,58522.93
2018-07-05,3.82,3.77,3.86,3.74,45712.23
2018-07-06,3.77,3.75,3.83,3.67,74753.78
2018-07-09,3.75,3.83,3.85,3.75,54483.83
2018-07-10,3.83,3.86,3.89,3.83,59684.9
2018-07-11,3.84,3.73,3.84,3.54,108077.0
2018-07-12,3.76,3.81,3.82,3.74,78945.06
2018-07-13,3.81,3.82,3.85,3.79,46724.04
2018-07-16,3.87,3.82,3.9,3.79,69683.76
2018-07-17,3.79,3.83,3.84,3.75,64689.22
2018-07-18,3.84,3.69,3.84,3.68,178679.01
2018-07-19,3.68,3.64,3.72,3.6,84453.89
2018-07-20,3.65,3.74,3.76,3.63,81747.2
2018-07-23,3.74,3.8,3.81,3.69,87194.68
2018-07-24,3.8,3.89,3.95,3.8,114112.2
2018-07-25,3.91,3.92,3.95,3.87,87324.01
2018-07-26,3.93,4.14,4.26,3.92,233133.64
2018-07-27,4.12,4.1,4.14,4.0,128815.82
2018-07-30,4.07,4.1,4.12,4.0,117644.36
2018-07-31,4.13,4.04,4.13,4.0,103256.85
2018-08-01,4.05,3.88,4.06,3.86,109351.24
2018-08-02,3.89,3.79,3.89,3.68,102855.62
2018-08-03,3.8,3.79,3.89,3.77,73511.58
2018-08-06,3.8,3.82,3.87,3.75,95091.59
2018-08-07,3.84,4.2,4.2,3.82,368353.49
2018-08-08,4.23,4.33,4.61,4.18,674074.4
2018-08-09,4.18,4.76,4.76,4.12,633855.87
2018-08-10,4.82,4.59,5.0,4.59,745322.85
2018-08-13,4.4,4.4,4.51,4.28,377207.53
2018-08-14,4.39,4.4,4.58,4.35,308021.59
2018-08-15,4.39,4.29,4.45,4.29,174429.0
2018-08-16,4.2,4.19,4.29,4.12,165042.94
2018-08-17,4.23,4.31,4.43,4.22,236196.94
2018-08-20,4.29,4.52,4.65,4.15,238933.53
2018-08-21,4.51,4.58,4.64,4.42,302476.32
2018-08-22,4.48,4.48,4.54,4.39,190059.46
2018-08-23,4.46,4.38,4.54,4.31,156627.53
2018-08-24,4.36,4.31,4.39,4.3,88765.0
2018-08-27,4.27,4.4,4.42,4.26,113762.95
2018-08-28,4.39,4.44,4.58,4.31,136803.88
2018-08-29,4.42,4.38,4.44,4.36,66939.54
2018-08-30,4.43,4.24,4.44,4.23,89539.61
2018-08-31,4.22,4.2,4.3,4.18,60911.23
2018-09-03,4.16,4.21,4.24,4.11,62023.01
2018-09-04,4.2,4.27,4.3,4.18,70804.0
2018-09-05,4.25,4.09,4.28,4.09,75831.0
2018-09-06,4.11,4.14,4.31,4.11,126499.23
2018-09-07,4.19,4.25,4.25,4.13,118484.01
2018-09-10,4.22,4.3,4.43,4.22,185225.22
2018-09-11,4.3,4.21,4.3,4.1,112429.39
2018-09-12,4.23,4.2,4.31,4.19,69728.0
2018-09-13,4.21,4.47,4.58,4.21,311070.49
2018-09-14,4.45,4.38,4.54,4.36,260732.0
2018-09-17,4.37,4.49,4.53,4.34,242195.58
2018-09-18,4.44,4.53,4.59,4.36,275481.48
2018-09-19,4.49,4.63,4.74,4.45,319246.31
2018-09-20,4.65,4.57,4.66,4.53,186300.29
2018-09-21,4.54,4.43,4.55,4.35,331680.85
2018-09-25,4.38,4.29,4.48,4.24,324982.1
2018-09-26,4.29,4.3,4.38,4.21,326793.25
2018-09-27,4.27,4.2,4.33,4.2,205438.6
2018-09-28,4.23,4.29,4.29,4.2,127121.47
2018-10-08,4.22,4.31,4.37,4.19,284808.27
2018-10-09,4.32,4.44,4.44,4.25,299795.33
2018-10-10,4.43,4.53,4.69,4.35,426979.43
2018-10-11,4.33,4.18,4.49,4.08,376799.4
2018-10-12,4.09,3.93,4.16,3.8,301539.84
2018-10-15,3.93,3.75,3.95,3.74,166142.88
2018-10-16,3.76,3.8,3.88,3.72,161171.46
2018-10-17,3.83,3.62,3.86,3.41,215058.1
2018-10-18,3.56,3.3,3.56,3.27,169843.16
2018-10-19,3.23,3.38,3.41,3.16,113072.33
2018-10-22,3.4,3.57,3.6,3.4,167058.67
2018-10-23,3.55,3.5,3.59,3.46,113042.0
2018-10-24,3.44,3.46,3.55,3.4,113624.59
2018-10-25,3.31,3.41,3.45,3.3,93286.1
2018-10-26,3.47,3.43,3.52,3.41,78424.82
2018-10-29,3.42,3.38,3.42,3.35,67361.0
2018-10-30,3.35,3.4,3.42,3.31,75085.35
2018-10-31,3.4,3.52,3.53,3.39,117087.93
2018-11-01,3.51,3.47,3.55,3.46,125135.31
2018-11-02,3.53,3.55,3.57,3.49,134467.54
2018-11-05,3.55,3.69,3.69,3.54,177336.0
2018-11-06,3.68,3.76,3.83,3.6,241920.22
2018-11-07,3.72,3.66,3.75,3.65,141819.03
2018-11-08,3.68,3.6,3.69,3.59,108761.14
2018-11-09,3.56,3.57,3.64,3.55,88004.37
2018-11-12,3.61,3.71,3.71,3.59,173013.27
2018-11-13,3.68,3.8,3.83,3.65,230372.68
2018-11-14,3.86,3.76,3.94,3.73,219325.63
2018-11-15,3.85,3.9,3.94,3.78,278414.18
2018-11-16,3.82,3.86,3.87,3.81,247418.56
2018-11-19,3.84,3.9,3.92,3.8,168628.45
2018-11-20,3.87,3.72,3.88,3.71,185687.0
2018-11-21,3.66,3.77,3.78,3.66,99683.78
2018-11-22,3.79,3.83,3.88,3.76,189122.0
2018-11-23,3.84,3.63,3.84,3.59,154519.74
2018-11-26,3.61,3.59,3.68,3.56,70413.3
2018-11-27,3.64,3.6,3.66,3.56,69046.14
2018-11-28,3.63,3.65,3.66,3.52,93451.69
2018-11-29,3.68,3.55,3.68,3.54,82654.3
2018-11-30,3.51,3.58,3.59,3.5,71125.0
2018-12-03,3.68,3.68,3.7,3.63,122865.72
2018-12-04,3.68,3.78,3.8,3.66,123853.0
2018-12-05,3.71,3.75,3.77,3.68,95076.83
2018-12-06,3.74,3.69,3.78,3.68,82806.31
2018-12-07,3.7,3.69,3.74,3.68,64327.0
2018-12-10,3.69,3.6,3.76,3.59,125404.33
2018-12-11,3.63,3.64,3.66,3.59,87114.0
2018-12-12,3.65,3.61,3.66,3.58,56593.38
2018-12-13,3.64,3.71,3.76,3.62,157567.56
2018-12-14,3.7,3.61,3.7,3.6,90604.67
2018-12-17,3.6,3.55,3.6,3.52,74981.16
2018-12-18,3.55,3.52,3.56,3.49,51318.17
2018-12-19,3.54,3.48,3.55,3.47,51081.82
2018-12-20,3.5,3.48,3.51,3.45,41060.12
2018-12-21,3.48,3.46,3.5,3.45,36769.05
2018-12-24,3.46,3.57,3.61,3.46,71329.96
2018-12-25,3.54,3.5,3.54,3.41,74351.24
2018-12-26,3.49,3.47,3.51,3.45,37805.01
2018-12-27,3.52,3.47,3.55,3.45,56094.42
2018-12-28,3.47,3.47,3.51,3.45,55265.0
2019-01-02,3.47,3.52,3.53,3.47,37581.6
2019-01-03,3.52,3.55,3.58,3.51,49314.27
2019-01-04,3.53,3.6,3.6,3.51,56383.63
2019-01-07,3.62,3.63,3.65,3.58,57759.14
2019-01-08,3.63,3.73,3.78,3.59,151041.58
2019-01-09,3.74,3.68,3.77,3.67,116225.94
2019-01-10,3.68,3.64,3.69,3.64,57406.0
2019-01-11,3.64,3.66,3.68,3.64,44667.05
2019-01-14,3.67,3.63,3.68,3.63,42927.11
2019-01-15,3.65,3.67,3.68,3.63,49409.83
2019-01-16,3.67,3.63,3.67,3.61,53348.9
2019-01-17,3.62,3.59,3.64,3.58,47882.11
2019-01-18,3.68,3.67,3.82,3.65,113582.21
2019-01-21,3.67,3.65,3.68,3.62,70897.0
2019-01-22,3.64,3.67,3.69,3.63,65172.5
2019-01-23,3.65,3.65,3.67,3.62,45280.64
2019-01-24,3.65,3.63,3.67,3.62,41608.0
2019-01-25,3.64,3.59,3.66,3.59,43188.0
2019-01-28,3.59,3.55,3.61,3.54,65570.0
2019-01-29,3.55,3.47,3.55,3.35,47720.51
2019-01-30,3.46,3.45,3.52,3.44,27246.0
2019-01-31,3.44,3.39,3.46,3.37,51460.45
2019-02-01,3.4,3.48,3.49,3.4,28048.04
2019-02-11,3.49,3.61,3.64,3.48,85663.6
2019-02-12,3.61,3.63,3.67,3.61,45644.49
2019-02-13,3.67,3.71,3.77,3.67,97474.36
2019-02-14,3.72,3.73,3.76,3.68,70142.12
2019-02-15,3.72,3.7,3.75,3.68,58495.3
2019-02-18,3.71,3.8,3.81,3.71,106520.11
2019-02-19,3.79,3.8,3.82,3.76,78816.76
2019-02-20,3.79,3.8,3.82,3.77,49547.53
2019-02-21,3.8,3.81,3.93,3.78,141379.06
2019-02-22,3.79,3.82,3.82,3.69,109600.09
2019-02-25,3.83,3.97,3.98,3.83,253085.93
2019-02-26,4.01,3.95,4.05,3.92,201334.12
2019-02-27,3.94,3.92,3.97,3.89,162602.43
2019-02-28,3.92,3.9,3.95,3.83,159294.62
2019-03-01,3.9,3.96,3.97,3.83,175854.2
2019-03-04,3.95,4.01,4.07,3.93,314458.3
2019-03-05,3.99,4.1,4.1,3.96,237665.15
2019-03-06,4.13,4.51,4.51,4.1,623209.49
2019-03-07,4.48,4.49,4.61,4.35,560977.64
2019-03-08,4.41,4.13,4.42,4.13,310536.07
2019-03-11,4.2,4.29,4.31,4.14,217936.55
2019-03-12,4.32,4.36,4.38,4.21,299659.83
2019-03-13,4.36,4.26,4.45,4.24,223199.15
2019-03-14,4.28,4.13,4.41,4.06,212515.22
2019-03-15,4.13,4.17,4.23,4.11,139657.01
2019-03-18,4.21,4.37,4.42,4.2,334994.15
2019-03-19,4.35,4.81,4.81,4.31,703400.63
2019-03-20,4.74,4.58,4.74,4.51,685101.47
2019-03-21,4.58,4.59,4.68,4.53,444600.1
2019-03-22,4.57,4.53,4.57,4.43,241205.24
2019-03-25,4.46,4.44,4.5,4.39,169576.67
2019-03-26,4.46,4.35,4.49,4.32,165295.12
2019-03-27,4.4,4.51,4.52,4.34,201861.18
2019-03-28,4.49,4.34,4.5,4.33,162581.0
2019-03-29,4.3,4.39,4.41,4.21,193253.24
2019-04-01,4.43,4.54,4.59,4.38,257126.23
2019-04-02,4.54,4.59,4.74,4.49,312169.11
2019-04-03,4.57,4.61,4.62,4.51,205325.39
2019-04-04,4.6,4.67,4.69,4.56,276545.12
2019-04-08,4.74,4.78,5.09,4.67,477376.5
2019-04-09,4.74,4.63,4.75,4.56,285153.19
2019-04-10,4.59,4.57,4.62,4.49,175324.53
2019-04-11,4.55,4.54,4.61,4.49,124847.58
2019-04-12,4.55,4.61,4.62,4.49,154937.5
2019-04-15,4.64,4.48,4.68,4.48,166963.97
2019-04-16,4.44,4.63,4.63,4.4,193256.23
2019-04-17,4.67,4.81,4.84,4.62,394074.4
2019-04-18,4.74,4.72,4.82,4.7,200664.87
2019-04-19,4.75,4.84,4.93,4.74,326966.12
2019-04-22,4.89,4.8,4.99,4.75,304355.52
2019-04-23,4.8,4.67,4.88,4.63,230850.79
2019-04-24,4.67,4.76,4.77,4.63,183634.83
2019-04-25,4.75,4.46,4.77,4.37,233045.63
2019-04-26,4.43,4.45,4.62,4.38,217769.88
2019-04-29,4.35,4.02,4.39,4.0,338989.0
2019-04-30,4.03,4.03,4.15,3.98,187074.12
2019-05-06,3.85,3.69,3.94,3.66,203472.0
2019-05-07,3.72,3.76,3.81,3.68,149010.71
2019-05-08,3.72,3.78,3.85,3.66,163181.16
2019-05-09,3.77,3.71,3.82,3.7,100459.1
2019-05-10,3.75,3.87,3.9,3.68,178574.92
2019-05-13,3.83,3.88,4.01,3.8,265157.39
2019-05-14,3.81,3.8,3.87,3.79,133159.29
2019-05-15,3.83,3.84,3.9,3.82,148251.63
2019-05-16,3.86,3.9,3.92,3.85,128536.44
2019-05-17,3.91,3.74,3.92,3.72,170875.29
2019-05-20,3.72,3.79,3.84,3.68,122911.78
2019-05-21,3.79,3.83,3.84,3.73,94806.65
2019-05-22,3.82,3.76,3.83,3.72,86233.08
2019-05-23,3.76,3.63,3.76,3.58,141160.9
2019-05-24,3.61,3.59,3.68,3.58,67261.34
2019-05-27,3.62,3.68,3.68,3.57,66278.61
2019-05-28,3.68,3.68,3.72,3.66,67640.0
2019-05-29,3.64,3.68,3.7,3.64,52733.06
2019-05-30,3.68,3.73,3.75,3.67,115742.24
2019-05-31,3.79,3.7,3.8,3.7,98811.12
2019-06-03,3.7,3.62,3.72,3.59,85647.58
2019-06-04,3.61,3.58,3.63,3.55,59052.26
2019-06-05,3.61,3.58,3.63,3.58,59250.0
2019-06-06,3.59,3.53,3.61,3.49,55802.34
2019-06-10,3.54,3.53,3.56,3.45,55685.0
2019-06-11,3.53,3.65,3.67,3.52,70394.72
2019-06-12,3.64,3.61,3.68,3.61,50329.73
2019-06-13,3.61,3.66,3.67,3.57,60018.43
2019-06-14,3.65,3.52,3.67,3.51,68455.0
2019-06-17,3.52,3.55,3.6,3.52,58740.0
2019-06-18,3.55,3.56,3.59,3.53,36103.31
2019-06-19,3.62,3.59,3.65,3.58,86134.74
2019-06-20,3.6,3.66,3.67,3.59,82060.81
2019-06-21,3.69,3.68,3.75,3.65,143476.2
2019-06-24,3.68,3.67,3.7,3.64,78693.0
2019-06-25,3.67,3.61,3.67,3.55,82319.66
2019-06-26,3.61,3.66,3.67,3.57,72665.58
2019-06-27,3.68,3.64,3.7,3.63,74528.74
2019-06-28,3.66,3.6,3.66,3.55,64896.64
2019-07-01,3.67,3.69,3.69,3.64,78309.84
2019-07-02,3.69,3.7,3.7,3.65,97843.48
2019-07-03,3.68,3.64,3.7,3.62,85742.08
2019-07-04,3.65,3.63,3.66,3.61,57746.94
2019-07-05,3.62,3.65,3.67,3.62,44270.19
2019-07-08,3.64,3.5,3.64,3.45,87121.94
2019-07-09,3.52,3.5,3.53,3.46,53442.41
2019-07-10,3.49,3.47,3.52,3.46,40690.05
2019-07-11,3.49,3.46,3.53,3.45,47848.3
2019-07-12,3.46,3.48,3.5,3.45,48923.79
2019-07-15,3.49,3.48,3.51,3.4,62552.94
2019-07-16,3.47,3.49,3.51,3.46,41948.76
2019-07-17,3.48,3.55,3.66,3.48,109663.29
2019-07-18,3.54,3.47,3.54,3.46,82546.57
2019-07-19,3.46,3.47,3.51,3.46,39350.11
2019-07-22,3.46,3.41,3.47,3.36,66101.65
2019-07-23,3.4,3.41,3.41,3.38,35086.39
2019-07-24,3.41,3.43,3.46,3.41,41042.98
2019-07-25,3.4,3.41,3.43,3.39,35270.32
2019-07-26,3.41,3.42,3.43,3.4,31876.0
2019-07-29,3.42,3.42,3.46,3.41,53540.6
2019-07-30,3.4,3.43,3.45,3.4,41133.26
2019-07-31,3.43,3.39,3.43,3.38,41244.55
2019-08-01,3.39,3.36,3.39,3.35,33272.72
2019-08-02,3.32,3.27,3.32,3.24,65757.17
2019-08-05,3.27,3.21,3.28,3.18,51704.0
2019-08-06,3.17,3.07,3.17,2.96,104920.36
2019-08-07,3.1,3.07,3.1,3.02,58295.87
2019-08-08,3.08,3.09,3.13,3.06,57346.0
2019-08-09,3.12,3.08,3.14,3.05,43663.0
2019-08-12,3.08,3.12,3.13,3.07,54724.01
2019-08-13,3.11,3.1,3.14,3.08,37103.72
2019-08-14,3.13,3.11,3.15,3.09,42945.3
2019-08-15,3.02,3.09,3.11,2.99,48195.01
2019-08-16,3.15,3.1,3.17,3.09,77603.1
2019-08-19,3.11,3.22,3.25,3.11,113325.5
2019-08-20,3.22,3.25,3.28,3.21,74607.7
2019-08-21,3.26,3.23,3.27,3.21,49512.0
2019-08-22,3.25,3.23,3.26,3.22,33822.5
2019-08-23,3.25,3.28,3.36,3.23,133296.0
2019-08-26,3.21,3.22,3.26,3.17,99709.84
2019-08-27,3.25,3.28,3.28,3.24,80432.84
2019-08-28,3.28,3.34,3.36,3.25,94552.54
2019-08-29,3.33,3.27,3.33,3.26,99734.84
2019-08-30,3.28,3.25,3.35,3.23,89623.3
2019-09-02,3.24,3.32,3.34,3.23,90567.66
2019-09-03,3.33,3.3,3.33,3.26,90670.3
2019-09-04,3.29,3.34,3.34,3.28,73623.12
2019-09-05,3.36,3.42,3.49,3.35,173801.66
2019-09-06,3.42,3.37,3.42,3.35,98002.76
2019-09-09,3.39,3.41,3.41,3.36,78376.92
2019-09-10,3.4,3.46,3.47,3.38,122931.5
2019-09-11,3.48,3.42,3.48,3.41,112335.0
2019-09-12,3.42,3.43,3.44,3.38,55111.0
2019-09-16,3.53,3.46,3.57,3.44,172137.62
2019-09-17,3.45,3.42,3.49,3.36,165935.79
2019-09-18,3.41,3.34,3.41,3.33,118547.86
2019-09-19,3.32,3.33,3.34,3.27,87520.15
2019-09-20,3.32,3.34,3.38,3.31,82529.2
2019-09-23,3.33,3.28,3.34,3.27,64480.14
2019-09-24,3.28,3.27,3.3,3.26,50880.28
2019-09-25,3.26,3.19,3.26,3.18,66409.0
2019-09-26,3.18,3.18,3.24,3.15,89499.05
2019-09-27,3.17,3.18,3.2,3.15,46275.13
2019-09-30,3.18,3.16,3.2,3.16,37933.48
2019-10-08,3.16,3.19,3.2,3.15,49440.0
2019-10-09,3.18,3.21,3.21,3.15,37322.56
2019-10-10,3.19,3.24,3.26,3.19,59307.3
2019-10-11,3.25,3.28,3.29,3.23,76569.31
2019-10-14,3.29,3.37,3.41,3.28,151790.78
2019-10-15,3.36,3.37,3.41,3.32,139956.25
2019-10-16,3.37,3.34,3.41,3.33,94127.88
2019-10-17,3.34,3.37,3.41,3.34,81568.94
2019-10-18,3.39,3.3,3.39,3.28,87005.12
2019-10-21,3.29,3.24,3.3,3.21,74335.65
2019-10-22,3.24,3.25,3.27,3.22,59121.55
2019-10-23,3.26,3.22,3.26,3.21,42232.01
2019-10-24,3.22,3.36,3.38,3.2,161409.75
2019-10-25,3.34,3.32,3.34,3.29,108896.0
2019-10-28,3.31,3.37,3.37,3.31,89392.25
2019-10-29,3.38,3.36,3.45,3.34,181523.0
2019-10-30,3.35,3.3,3.39,3.28,101201.6
2019-10-31,3.32,3.3,3.34,3.27,84180.38
2019-11-01,3.31,3.28,3.31,3.26,71394.1
2019-11-04,3.29,3.41,3.42,3.28,172948.16
2019-11-05,3.38,3.37,3.4,3.35,118954.4
2019-11-06,3.35,3.31,3.37,3.29,94262.2
2019-11-07,3.3,3.33,3.34,3.29,46327.14
2019-11-08,3.32,3.32,3.35,3.3,66327.5
2019-11-11,3.31,3.15,3.31,3.11,120929.18
2019-11-12,3.14,3.15,3.15,3.11,53055.97
2019-11-13,3.15,3.13,3.15,3.09,40984.35
2019-11-14,3.14,3.13,3.16,3.12,41816.15
2019-11-15,3.14,3.07,3.14,3.07,45617.0
2019-11-18,3.07,3.12,3.13,3.05,32022.0
2019-11-19,3.12,3.15,3.15,3.1,36631.7
2019-11-20,3.15,3.11,3.15,3.11,35912.0
2019-11-21,3.1,3.11,3.14,3.09,39660.22
2019-11-22,3.12,3.09,3.14,3.08,47195.0
2019-11-25,3.09,3.15,3.15,3.09,54343.89
2019-11-26,3.15,3.13,3.15,3.11,32835.01
2019-11-27,3.11,3.11,3.13,3.09,27217.95
2019-11-28,3.09,3.12,3.14,3.09,34040.73
2019-11-29,3.13,3.15,3.15,3.11,43290.79
2019-12-02,3.15,3.13,3.15,3.11,43244.0
2019-12-03,3.12,3.15,3.15,3.1,28103.9
2019-12-04,3.13,3.16,3.18,3.12,59649.15
2019-12-05,3.16,3.16,3.18,3.15,44483.87
2019-12-06,3.17,3.23,3.24,3.15,96967.59
2019-12-09,3.23,3.2,3.24,3.18,62210.19
2019-12-10,3.2,3.19,3.2,3.16,58958.53
2019-12-11,3.17,3.18,3.2,3.16,42359.34
2019-12-12,3.18,3.15,3.19,3.15,64317.0
2019-12-13,3.16,3.18,3.19,3.16,42606.34
2019-12-16,3.19,3.21,3.21,3.17,63695.3
2019-12-17,3.21,3.25,3.27,3.21,73579.11
2019-12-18,3.26,3.26,3.29,3.23,70560.64
2019-12-19,3.25,3.28,3.29,3.24,60910.3
2019-12-20,3.28,3.37,3.54,3.25,283541.13
2019-12-23,3.36,3.31,3.44,3.31,166805.93
2019-12-24,3.31,3.36,3.38,3.24,116880.52
2019-12-25,3.34,3.28,3.35,3.27,80730.0
2019-12-26,3.28,3.29,3.3,3.27,56608.91
2019-12-27,3.28,3.27,3.32,3.26,76924.73
2019-12-30,3.26,3.27,3.28,3.19,58708.97
2019-12-31,3.28,3.31,3.31,3.25,47466.16
2020-01-02,3.33,3.4,3.41,3.3,138800.57
2020-01-03,3.4,3.49,3.74,3.39,288403.58
2020-01-06,3.6,3.65,3.68,3.52,376712.4
2020-01-07,3.55,3.56,3.58,3.51,206353.76
2020-01-08,3.6,3.48,3.62,3.48,184431.75
2020-01-09,3.44,3.5,3.51,3.44,127360.66
2020-01-10,3.49,3.45,3.51,3.42,81322.3
2020-01-13,3.45,3.45,3.46,3.39,71554.43
2020-01-14,3.46,3.47,3.48,3.44,86497.0
2020-01-15,3.47,3.41,3.48,3.39,76528.0
2020-01-16,3.41,3.36,3.43,3.35,62335.28
2020-01-17,3.37,3.37,3.38,3.35,56226.56
2020-01-20,3.36,3.38,3.39,3.32,59306.54
2020-01-21,3.38,3.33,3.38,3.33,56845.08
2020-01-22,3.33,3.34,3.35,3.28,53094.16
2020-01-23,3.34,3.22,3.34,3.2,99630.0
2020-02-03,2.89,2.89,2.89,2.89,24238.0
2020-02-04,2.61,2.81,2.84,2.61,140103.5
2020-02-05,2.78,2.85,2.9,2.78,83051.4
2020-02-06,2.85,2.88,2.89,2.83,86595.5
2020-02-07,2.86,2.88,2.9,2.85,77371.38
2020-02-10,2.89,2.95,2.96,2.87,95918.02
2020-02-11,2.96,2.97,3.01,2.93,108264.4
2020-02-12,2.97,3.0,3.0,2.95,53139.7
2020-02-13,3.0,2.99,3.07,2.98,104949.63
2020-02-14,2.98,2.96,3.0,2.93,75639.93
2020-02-17,2.98,3.06,3.09,2.98,133097.14
2020-02-18,3.05,3.08,3.09,3.02,114188.01
2020-02-19,3.08,3.04,3.08,3.04,79089.0
2020-02-20,3.05,3.09,3.11,3.04,110364.04
2020-02-21,3.1,3.12,3.14,3.09,95759.11
2020-02-24,3.12,3.1,3.13,3.05,96800.1
2020-02-25,3.01,3.02,3.03,2.95,150392.06
2020-02-26,3.01,3.03,3.08,2.98,126213.31
2020-02-27,3.03,3.05,3.08,3.02,100489.88
2020-02-28,2.96,2.89,3.01,2.88,146664.21
2020-03-02,2.89,3.0,3.01,2.89,88429.31
2020-03-03,3.03,3.02,3.06,3.0,97760.9
2020-03-04,3.01,3.09,3.09,3.01,122759.36
2020-03-05,3.11,3.2,3.28,3.09,239389.78
2020-03-06,3.17,3.26,3.26,3.15,172398.19
2020-03-09,3.22,3.19,3.31,3.16,189639.56
2020-03-10,3.13,3.24,3.25,3.07,160527.72
2020-03-11,3.26,3.26,3.4,3.24,194013.6
2020-03-12,3.23,3.28,3.28,3.15,150016.29
2020-03-13,3.13,3.29,3.45,3.09,282878.24
2020-03-16,3.33,3.19,3.33,3.18,206490.33
2020-03-17,3.16,3.11,3.2,3.01,143672.82
2020-03-18,3.1,3.05,3.15,3.05,112236.0
2020-03-19,3.05,2.98,3.05,2.9,111310.46
2020-03-20,3.01,3.28,3.28,3.01,522922.31
2020-03-23,3.14,3.25,3.36,3.13,432031.52
2020-03-24,3.31,3.42,3.42,3.21,407744.04
2020-03-25,3.44,3.36,3.45,3.3,323568.34
2020-03-26,3.35,3.28,3.36,3.21,210703.83
2020-03-27,3.29,3.22,3.3,3.21,130522.18
2020-03-30,3.18,3.16,3.23,3.13,127997.01
2020-03-31,3.2,3.35,3.39,3.17,243271.61
2020-04-01,3.33,3.29,3.36,3.24,159914.51
2020-04-02,3.27,3.43,3.44,3.23,302694.01
2020-04-03,3.4,3.33,3.42,3.3,214671.29
2020-04-07,3.37,3.41,3.45,3.33,251322.08
2020-04-08,3.37,3.32,3.4,3.31,169562.06
2020-04-09,3.33,3.41,3.47,3.32,268975.83
2020-04-10,3.41,3.29,3.46,3.28,236943.8
2020-04-13,3.3,3.29,3.4,3.27,120077.66
2020-04-14,3.28,3.28,3.3,3.23,120103.91
2020-04-15,3.27,3.2,3.27,3.19,121789.14
2020-04-16,3.21,3.23,3.25,3.19,54417.0
2020-04-17,3.23,3.16,3.25,3.15,100984.15
2020-04-20,3.15,3.16,3.17,3.13,66474.9
2020-04-21,3.15,3.14,3.16,3.12,62100.9
2020-04-22,3.12,3.2,3.24,3.06,165054.6
2020-04-23,3.17,3.16,3.2,3.13,119796.44
2020-04-24,3.15,3.05,3.16,3.05,90384.2
2020-04-27,3.05,3.04,3.07,3.02,63724.0
2020-04-28,3.03,2.97,3.04,2.91,78229.0
2020-04-29,2.95,2.97,3.0,2.93,45911.13
2020-04-30,2.97,3.01,3.01,2.97,61394.85
2020-05-06,2.99,3.01,3.01,2.96,94028.5
2020-05-07,3.01,2.97,3.01,2.97,62619.87
2020-05-08,2.98,2.97,3.0,2.96,62851.66
2020-05-11,2.99,2.95,2.99,2.94,61444.52
2020-05-12,2.95,3.01,3.03,2.95,119707.0
2020-05-13,3.01,2.97,3.01,2.95,71347.3
2020-05-14,2.98,2.94,2.98,2.94,60117.0
2020-05-15,2.96,2.94,2.96,2.92,56644.0
2020-05-18,2.95,2.98,2.99,2.94,82090.91
2020-05-19,3.01,2.97,3.01,2.96,59902.14
2020-05-20,2.98,2.95,2.98,2.94,42779.0
2020-05-21,2.96,2.98,3.01,2.93,89439.46
2020-05-22,2.98,2.91,2.99,2.91,60352.55
2020-05-25,2.91,2.87,2.93,2.85,51919.46
2020-05-26,2.87,2.89,2.9,2.87,43061.74
2020-05-27,2.89,2.92,2.96,2.88,48443.01
2020-05-28,2.91,2.88,2.94,2.86,60510.0
2020-05-29,2.88,2.92,2.94,2.88,38522.65
2020-06-01,2.94,2.96,2.97,2.91,58673.78
2020-06-02,2.96,3.03,3.04,2.94,170778.15
2020-06-03,3.01,3.01,3.03,3.0,93298.0
2020-06-04,3.01,3.01,3.03,2.99,51642.0
2020-06-05,3.03,3.0,3.03,3.0,38715.1
2020-06-08,3.0,3.01,3.04,3.0,56157.3
2020-06-09,3.01,3.03,3.04,2.99,54036.2
2020-06-10,3.01,3.01,3.03,2.99,33501.98
2020-06-11,3.0,2.99,3.01,2.99,31610.01
2020-06-12,2.96,3.04,3.05,2.93,91081.13
2020-06-15,3.03,3.04,3.05,3.01,54873.13
2020-06-16,3.04,3.05,3.05,3.02,38705.55
2020-06-17,3.03,3.03,3.06,3.02,37571.47
2020-06-18,3.04,3.05,3.06,3.01,63034.19
2020-06-19,3.06,3.05,3.06,3.02,43710.64
2020-06-22,3.08,3.05,3.08,3.04,34566.31
2020-06-23,3.05,3.01,3.06,3.01,35906.93
2020-06-24,3.02,3.01,3.02,3.0,27154.1
2020-06-29,3.0,3.02,3.04,3.0,46387.01
2020-06-30,3.02,3.01,3.05,3.0,50664.82
2020-07-01,3.03,3.01,3.03,2.99,70623.37
2020-07-02,3.01,3.31,3.31,3.0,436109.32
2020-07-03,3.31,3.46,3.64,3.27,680181.1
2020-07-06,3.45,3.54,3.57,3.38,382013.32
2020-07-07,3.53,3.4,3.54,3.38,416020.04
2020-07-08,3.44,3.47,3.47,3.4,223135.88
2020-07-09,3.45,3.81,3.81,3.41,462934.41
2020-07-10,3.94,3.99,4.13,3.8,637269.96
2020-07-13,3.95,4.18,4.39,3.94,494101.65
2020-07-14,4.15,4.38,4.41,3.92,411961.77
2020-07-15,4.17,4.28,4.39,4.15,278252.34
2020-07-16,4.23,3.99,4.32,3.85,249609.81
2020-07-17,3.99,4.14,4.24,3.91,277797.2
2020-07-20,4.11,4.29,4.33,4.11,182818.59
2020-07-21,4.3,4.15,4.31,4.1,140929.5
2020-07-22,4.13,4.07,4.23,4.05,141855.58
2020-07-23,4.07,4.14,4.18,3.94,163888.36
2020-07-24,4.14,3.94,4.17,3.92,153647.17
2020-07-27,3.95,3.77,4.1,3.63,237853.66
2020-07-28,3.82,3.75,3.82,3.66,144872.03
2020-07-29,3.78,3.9,3.95,3.69,160280.17
2020-07-30,3.99,3.84,3.99,3.83,98546.03
2020-07-31,3.83,3.88,3.93,3.83,93328.08
2020-08-03,3.89,3.93,3.93,3.86,126119.25
2020-08-04,3.93,3.88,3.95,3.86,77925.0
2020-08-05,3.86,3.85,3.92,3.83,72627.12
2020-08-06,3.87,3.84,3.89,3.81,68918.43
2020-08-07,3.86,3.78,3.86,3.76,69002.86
2020-08-10,3.79,3.91,3.95,3.76,127989.39
2020-08-11,3.92,3.74,3.96,3.74,118587.17
2020-08-12,3.73,3.66,3.74,3.59,87029.92
2020-08-13,3.67,3.73,3.75,3.66,50679.97
2020-08-14,3.72,3.73,3.75,3.67,41641.8
2020-08-17,3.74,3.79,3.8,3.71,57927.77
2020-08-18,3.79,3.8,3.82,3.77,60514.53
2020-08-19,3.78,3.77,3.84,3.74,67506.62
2020-08-20,3.76,3.77,3.84,3.71,69436.94
2020-08-21,3.78,3.81,3.82,3.75,61031.11
2020-08-24,3.8,3.89,3.91,3.77,109503.98
2020-08-25,3.86,3.85,3.9,3.82,58209.83
2020-08-26,3.84,3.8,3.91,3.78,60240.97
2020-08-27,3.8,3.81,3.85,3.77,55039.78
2020-08-28,3.81,3.83,3.85,3.78,54703.32
2020-08-31,3.83,3.78,3.91,3.78,82287.0
2020-09-01,3.8,3.79,3.85,3.77,45634.01
2020-09-02,3.81,3.78,3.84,3.76,58762.45
2020-09-03,3.78,3.75,3.8,3.73,38526.5
2020-09-04,3.72,3.76,3.77,3.67,52161.71
2020-09-07,3.73,3.71,3.78,3.7,48096.67
2020-09-08,3.7,3.76,3.76,3.69,42097.97
2020-09-09,3.76,3.72,3.85,3.72,90506.86
2020-09-10,3.72,3.58,3.76,3.52,113112.09
2020-09-11,3.59,3.65,3.66,3.55,56833.49
2020-09-14,3.65,3.62,3.7,3.59,56981.6
2020-09-15,3.62,3.6,3.62,3.58,34776.16
2020-09-16,3.6,3.57,3.62,3.54,51576.91
2020-09-17,3.57,3.49,3.58,3.48,50378.1
2020-09-18,3.51,3.54,3.55,3.47,41307.1
2020-09-21,3.56,3.56,3.62,3.54,34979.13
2020-09-22,3.53,3.53,3.58,3.5,47799.2
2020-09-23,3.52,3.5,3.55,3.47,38631.3
2020-09-24,3.49,3.43,3.52,3.43,45236.81
2020-09-25,3.44,3.45,3.5,3.43,31287.0
2020-09-28,3.47,3.36,3.47,3.35,32231.0
2020-09-29,3.38,3.39,3.43,3.33,58563.6
2020-09-30,3.39,3.41,3.42,3.34,35431.1
2020-10-09,3.45,3.49,3.52,3.44,45206.93
2020-10-12,3.52,3.59,3.61,3.49,55303.92
2020-10-13,3.57,3.53,3.58,3.52,38115.58
2020-10-14,3.55,3.58,3.59,3.5,53410.74
2020-10-15,3.58,3.55,3.58,3.54,31060.65
2020-10-16,3.55,3.91,3.91,3.55,289452.22
2020-10-19,3.93,3.93,4.09,3.87,321081.33
2020-10-20,3.86,3.84,3.91,3.8,137391.51
2020-10-21,3.83,3.95,4.08,3.8,232305.17
2020-10-22,3.93,3.85,3.97,3.83,134186.86
2020-10-23,3.85,3.91,4.06,3.8,183811.0
2020-10-26,3.93,3.96,3.96,3.86,117426.69
2020-10-27,3.93,3.99,4.03,3.92,146909.36
2020-10-28,3.95,3.95,4.03,3.9,120687.37
2020-10-29,3.85,3.9,3.95,3.8,120729.07
2020-10-30,3.89,3.93,3.99,3.83,141982.37
2020-11-02,3.91,3.92,4.05,3.86,139732.0
2020-11-03,3.93,3.9,3.96,3.84,107726.0
2020-11-04,3.91,4.06,4.08,3.84,225486.23
2020-11-05,4.05,4.15,4.17,3.98,270335.09
2020-11-06,4.12,4.06,4.12,3.99,151874.12
2020-11-09,4.06,4.03,4.08,4.0,138281.49
2020-11-10,4.05,4.2,4.25,4.02,249493.32
2020-11-11,4.21,4.3,4.38,4.13,269904.43
2020-11-12,4.26,4.19,4.27,4.17,131006.6
2020-11-13,4.17,4.2,4.2,4.04,107986.72
2020-11-16,4.21,4.31,4.36,4.13,165320.07
2020-11-17,4.29,4.31,4.4,4.26,186018.74
2020-11-18,4.32,4.26,4.32,4.23,127035.54
2020-11-19,4.24,4.3,4.32,4.19,138377.0
2020-11-20,4.31,4.34,4.36,4.25,106448.04
2020-11-23,4.32,4.56,4.77,4.28,318061.16
2020-11-24,4.59,4.66,4.7,4.54,224513.01
2020-11-25,4.66,4.58,4.76,4.49,221942.4
2020-11-26,4.58,4.48,4.61,4.45,148436.0
2020-11-27,4.51,4.45,4.55,4.37,127695.1
2020-11-30,4.47,4.37,4.53,4.3,147153.12
2020-12-01,4.35,4.31,4.37,4.2,160918.75
2020-12-02,4.28,4.32,4.36,4.26,72638.01
2020-12-03,4.34,4.51,4.66,4.31,193653.85
2020-12-04,4.48,4.46,4.51,4.39,86984.62
2020-12-07,4.44,4.39,4.45,4.33,87412.01
2020-12-08,4.38,4.28,4.4,4.24,66286.22
2020-12-09,4.28,4.22,4.38,4.22,65670.85
2020-12-10,4.21,4.08,4.21,4.04,86996.94
2020-12-11,4.1,4.02,4.1,3.97,61802.4
2020-12-14,4.02,4.01,4.07,3.97,51659.45
2020-12-15,3.97,3.93,3.98,3.61,115886.08
2020-12-16,3.93,3.8,3.93,3.78,85640.88
2020-12-17,3.81,3.88,3.91,3.76,53608.0
2020-12-18,3.88,3.98,4.02,3.87,95274.74
2020-12-21,3.96,3.88,3.97,3.86,71575.32
2020-12-22,3.86,3.82,3.88,3.79,58252.02
2020-12-23,3.81,3.83,3.86,3.78,43834.36
2020-12-24,3.88,3.98,4.01,3.82,112667.49
2020-12-25,3.99,4.15,4.33,3.97,217962.57
2020-12-28,4.17,4.19,4.33,4.11,171627.55
2020-12-29,4.23,4.11,4.29,4.04,171147.51
2020-12-30,4.04,4.0,4.08,3.91,130994.89
2020-12-31,4.0,3.99,4.07,3.93,98388.33
2021-01-04,3.98,3.92,3.99,3.9,80389.0
2021-01-05,3.91,3.79,3.92,3.78,100423.01
2021-01-06,3.8,3.81,3.85,3.76,62113.99
2021-01-07,3.79,3.59,3.8,3.57,116202.31
2021-01-08,3.6,3.64,3.65,3.44,106951.92
2021-01-11,4.01,3.79,4.01,3.75,265599.51
2021-01-12,3.76,3.84,3.96,3.67,124701.82
2021-01-13,3.8,3.74,3.83,3.71,75353.72
2021-01-14,3.72,3.68,3.74,3.66,50696.0
2021-01-15,3.68,3.7,3.73,3.66,48583.15
2021-01-18,3.72,3.69,3.74,3.68,42009.0
2021-01-19,3.69,3.66,3.7,3.64,50015.3
2021-01-20,3.65,3.59,3.68,3.52,54414.0
2021-01-21,3.57,3.6,3.63,3.57,31952.31
2021-01-22,3.61,3.64,3.65,3.57,41803.0
2021-01-25,3.64,3.62,3.73,3.62,58420.0
2021-01-26,3.71,3.58,3.71,3.58,39513.01
2021-01-27,3.58,3.57,3.61,3.53,39187.64
2021-01-28,3.57,3.69,3.71,3.57,85219.22
2021-01-29,3.7,3.68,3.79,3.67,66412.21
2021-02-01,3.66,3.86,3.86,3.65,115996.0
2021-02-02,3.87,3.9,3.91,3.8,72863.35
2021-02-03,3.91,3.84,3.92,3.84,52045.42
2021-02-04,3.84,3.86,3.88,3.78,76347.28
2021-02-05,3.85,3.83,3.88,3.8,61544.0
2021-02-08,3.97,3.84,4.01,3.8,53295.12
2021-02-09,3.81,3.83,3.85,3.79,34857.35
2021-02-10,3.83,3.82,3.85,3.76,61729.0
2021-02-18,3.82,3.89,3.93,3.82,71700.06
2021-02-19,3.9,3.93,3.94,3.88,65162.24
2021-02-22,3.93,4.04,4.09,3.93,109993.4
2021-02-23,4.03,3.99,4.04,3.97,67146.05
2021-02-24,3.98,3.89,3.98,3.85,67577.68
2021-02-25,3.89,3.81,3.92,3.81,55052.88
2021-02-26,3.79,3.78,3.83,3.78,47357.32
2021-03-01,3.79,3.81,3.83,3.77,37072.0
2021-03-02,3.81,3.76,3.83,3.76,40054.0
2021-03-03,3.76,3.79,3.8,3.73,43162.0
2021-03-04,3.79,3.83,3.89,3.78,51823.32
2021-03-05,3.85,3.9,3.92,3.82,67567.51
2021-03-08,3.93,3.88,3.97,3.88,73402.13
2021-03-09,3.87,3.69,3.88,3.62,80570.0
2021-03-10,3.76,3.62,3.76,3.6,54741.47
2021-03-11,3.62,3.65,3.68,3.62,29624.29
2021-03-12,3.69,3.7,3.72,3.64,39137.51
2021-03-15,3.7,3.7,3.75,3.68,30457.0
2021-03-16,3.71,3.74,3.76,3.68,32180.83
2021-03-17,3.74,3.71,3.76,3.7,27946.73
2021-03-18,3.72,3.7,3.73,3.67,28440.03
2021-03-19,3.64,3.67,3.73,3.63,36484.26
2021-03-22,3.68,3.76,3.78,3.67,53842.56
2021-03-23,3.77,3.78,3.85,3.7,86071.0
2021-03-24,3.76,3.81,3.84,3.71,74404.85
2021-03-25,3.81,3.8,3.82,3.74,58268.54
2021-03-26,3.8,3.83,3.88,3.77,69914.0
2021-03-29,3.84,3.9,3.91,3.82,80979.33
2021-03-30,3.89,3.96,4.04,3.81,162934.12
2021-03-31,3.91,3.91,4.01,3.88,98458.63
2021-04-01,3.9,3.98,4.02,3.85,132646.46
2021-04-02,3.99,3.93,4.03,3.91,83771.61
2021-04-06,3.93,4.01,4.04,3.93,106568.16
2021-04-07,4.03,4.02,4.08,4.0,76967.61
2021-04-08,4.01,3.96,4.06,3.94,84663.0
2021-04-09,3.96,3.96,4.0,3.94,56404.0
2021-04-12,3.94,3.93,4.01,3.9,54665.69
2021-04-13,3.93,3.83,3.93,3.79,69574.0
2021-04-14,3.82,3.83,3.89,3.77,48580.35
2021-04-15,3.89,3.87,3.95,3.83,72088.33
2021-04-16,3.85,4.04,4.19,3.85,200866.46
2021-04-19,4.07,4.03,4.12,4.01,112379.19
2021-04-20,4.04,4.08,4.14,3.99,113732.95
2021-04-21,4.08,4.02,4.08,3.98,68452.14
2021-04-22,4.02,4.11,4.11,3.97,97381.78
2021-04-23,4.09,4.08,4.13,4.01,71048.0
2021-04-26,4.09,4.04,4.12,4.02,83665.69
2021-04-27,4.02,3.95,4.03,3.91,66424.0
2021-04-28,4.09,4.11,4.18,3.98,172625.05
2021-04-29,4.1,4.14,4.24,4.08,145562.45
2021-04-30,4.18,4.15,4.26,4.15,138858.79
2021-05-06,4.15,4.08,4.18,4.04,125279.46
2021-05-07,4.08,4.27,4.27,4.07,233816.96
2021-05-10,4.3,4.25,4.3,4.15,177136.33
2021-05-11,4.22,4.27,4.32,4.21,174661.91
2021-05-12,4.24,4.25,4.27,4.15,148654.52
2021-05-13,4.22,4.17,4.25,4.12,145903.69
2021-05-14,4.17,4.23,4.32,4.15,153176.88
2021-05-17,4.24,4.02,4.26,4.01,192135.17
2021-05-18,4.05,4.09,4.09,3.97,112002.65
2021-05-19,4.09,3.98,4.09,3.95,119015.31
2021-05-20,4.01,3.99,4.01,3.93,70773.45
2021-05-21,3.97,4.01,4.04,3.95,68368.71
2021-05-24,4.01,4.03,4.08,4.01,69411.0
2021-05-25,4.04,4.01,4.05,3.96,76870.61
2021-05-26,4.02,3.99,4.05,3.97,65539.1
2021-05-27,4.0,4.0,4.03,3.96,69452.29
2021-05-28,4.02,4.01,4.05,3.96,79630.0
2021-05-31,4.0,4.02,4.03,3.96,59546.56
2021-06-01,4.01,4.01,4.02,3.97,67522.65
2021-06-02,4.01,4.04,4.07,4.01,78205.67
2021-06-03,4.03,4.11,4.14,4.0,131873.71
2021-06-04,4.11,4.08,4.11,4.05,63400.41
2021-06-07,4.07,4.12,4.12,4.05,88088.06
2021-06-08,4.11,4.08,4.13,4.05,71074.26
2021-06-09,4.08,4.18,4.2,4.05,144885.59
2021-06-10,4.17,4.16,4.19,4.12,79726.0
2021-06-11,4.16,4.14,4.22,4.12,97426.32
2021-06-15,4.14,3.96,4.18,3.96,115073.6
2021-06-16,3.97,3.93,4.02,3.93,79525.39
2021-06-17,3.96,3.94,3.99,3.93,50417.51
2021-06-18,3.94,3.95,3.97,3.87,60495.16
2021-06-21,3.93,4.01,4.01,3.92,48765.2
2021-06-22,4.01,4.0,4.02,3.96,68036.09
2021-06-23,3.98,3.97,4.02,3.93,55107.94
2021-06-24,3.96,3.95,3.98,3.93,47482.0
2021-06-25,3.94,3.98,3.99,3.93,44764.19
2021-06-28,3.99,3.96,3.99,3.93,47780.29
2021-06-29,3.94,3.83,3.96,3.83,61497.43
2021-06-30,3.85,3.83,3.93,3.83,58935.11
2021-07-01,3.83,3.78,3.86,3.78,87418.76
2021-07-02,3.78,3.82,3.89,3.73,83694.66
2021-07-05,3.82,3.79,3.85,3.77,51546.03
2021-07-06,3.79,3.84,3.86,3.77,65121.08
2021-07-07,3.83,3.82,3.83,3.79,43045.01
2021-07-08,3.82,3.78,3.82,3.74,67287.0
2021-07-09,3.77,3.81,3.82,3.74,51197.58
2021-07-12,3.82,3.8,3.85,3.78,74942.01
2021-07-13,3.82,3.85,3.86,3.77,63586.97
2021-07-14,3.88,3.88,3.89,3.8,85844.01
2021-07-15,3.95,3.97,4.02,3.86,257039.67
2021-07-16,3.95,3.9,4.01,3.9,138417.79
2021-07-19,3.91,3.85,3.93,3.82,69113.15
2021-07-20,3.83,3.88,3.9,3.8,50983.85
2021-07-21,3.88,3.86,3.91,3.84,61532.0
2021-07-22,3.86,3.88,3.9,3.83,65474.42
2021-07-23,3.87,3.82,3.88,3.81,64004.1
2021-07-26,3.82,3.77,3.82,3.74,59999.82
2021-07-27,3.77,3.75,3.83,3.75,48931.9
2021-07-28,3.76,3.63,3.77,3.61,67218.13
2021-07-29,3.65,3.66,3.69,3.61,47236.99
2021-07-30,3.66,3.68,3.71,3.63,33386.91
2021-08-02,3.68,3.74,3.75,3.63,47928.35
2021-08-03,3.73,3.75,3.77,3.72,40921.74
2021-08-04,3.75,3.74,3.76,3.71,35591.4
2021-08-05,3.74,3.77,3.78,3.73,52879.77
2021-08-06,3.79,3.77,3.79,3.73,51179.74
2021-08-09,3.76,3.88,3.88,3.75,85262.63
2021-08-10,3.9,3.87,3.92,3.84,59431.56
2021-08-11,3.9,3.89,3.91,3.86,62620.09
2021-08-12,3.89,3.92,3.94,3.88,103379.57
2021-08-13,3.91,3.93,3.94,3.89,65817.82
2021-08-16,3.94,3.97,4.0,3.92,82740.11
2021-08-17,3.99,3.92,4.05,3.91,117515.1
2021-08-18,3.92,4.05,4.05,3.92,116425.55
2021-08-19,4.04,4.08,4.08,4.0,101297.81
2021-08-20,4.06,4.07,4.08,3.99,75881.89
2021-08-23,4.1,4.14,4.2,4.1,144050.15
2021-08-24,4.2,4.44,4.51,4.15,398941.63
2021-08-25,4.42,4.5,4.56,4.31,289047.66
2021-08-26,4.45,4.4,4.49,4.37,222876.36
2021-08-27,4.39,4.42,4.47,4.31,169936.54
2021-08-30,4.44,4.42,4.47,4.34,147995.39
2021-08-31,4.38,4.4,4.42,4.31,122569.23
2021-09-01,4.38,4.32,4.45,4.25,145294.06
2021-09-02,4.3,4.41,4.46,4.29,138228.88
2021-09-03,4.42,4.44,4.55,4.39,187398.14
2021-09-06,4.46,4.55,4.69,4.43,196608.34
2021-09-07,4.55,4.6,4.65,4.47,217877.59
2021-09-08,4.57,4.66,4.71,4.53,179432.06
2021-09-09,4.71,4.93,5.07,4.68,449305.12
2021-09-10,4.85,4.72,4.96,4.71,294799.81
2021-09-13,4.72,4.81,4.86,4.63,239494.73
2021-09-14,4.84,4.71,4.94,4.68,211638.57
2021-09-15,4.67,4.77,4.82,4.65,156499.38
2021-09-16,4.82,4.77,5.03,4.74,260552.97
2021-09-17,4.71,4.74,4.91,4.61,242441.3
2021-09-22,4.68,4.89,4.94,4.67,248910.68
2021-09-23,4.93,4.82,4.99,4.74,220419.1
2021-09-24,4.81,4.57,4.9,4.55,351435.73
2021-09-27,4.59,4.53,4.9,4.45,318215.43
2021-09-28,4.57,4.98,4.98,4.53,441112.37
2021-09-29,5.07,4.89,5.14,4.78,669898.14
2021-09-30,4.87,5.0,5.09,4.61,500570.83
2021-10-08,5.19,5.1,5.31,4.97,538381.91
2021-10-11,5.07,4.84,5.08,4.67,459830.02
2021-10-12,4.75,4.51,4.83,4.36,481315.28
2021-10-13,4.42,4.28,4.46,4.2,262749.65
2021-10-14,4.25,4.28,4.34,4.16,136122.11
2021-10-15,4.25,4.18,4.32,4.1,213812.77
2021-10-18,4.17,4.35,4.38,4.1,197643.13
2021-10-19,4.31,4.45,4.52,4.28,238738.01
2021-10-20,4.39,4.4,4.45,4.33,156308.3
2021-10-21,4.37,4.34,4.47,4.31,163636.33
2021-10-22,4.32,4.16,4.34,4.16,150818.79
2021-10-25,4.15,4.28,4.36,4.12,155266.25
2021-10-26,4.33,4.5,4.71,4.23,586971.79
2021-10-27,4.42,4.44,4.5,4.32,434447.53
2021-10-28,4.45,4.06,4.49,4.04,371162.57
2021-10-29,4.04,4.11,4.17,3.9,185268.77
2021-11-01,4.1,4.12,4.16,4.02,127978.39
2021-11-02,4.1,3.94,4.12,3.91,167647.53
2021-11-03,3.94,3.99,4.04,3.94,94699.08
2021-11-04,3.97,3.97,4.01,3.94,123205.9
2021-11-05,3.99,3.89,3.99,3.87,176820.72
2021-11-08,3.93,3.94,3.98,3.9,96000.11
2021-11-09,3.94,3.92,3.97,3.9,71029.37
2021-11-10,3.91,3.9,3.92,3.8,106381.6
2021-11-11,3.87,3.9,3.93,3.85,83053.85
2021-11-12,3.93,3.89,3.93,3.87,72509.05
2021-11-15,3.9,3.97,3.97,3.86,119334.87
2021-11-16,3.97,4.0,4.03,3.93,131281.0
2021-11-17,4.02,4.03,4.1,3.98,139983.54
2021-11-18,4.03,3.99,4.07,3.97,107886.0
2021-11-19,3.98,4.02,4.03,3.94,86806.0
2021-11-22,4.04,4.03,4.07,3.96,79586.0
2021-11-23,4.03,4.0,4.04,3.98,86168.19
2021-11-24,4.01,4.05,4.1,3.98,142077.66
2021-11-25,4.04,4.02,4.08,4.02,86249.58
2021-11-26,4.02,3.97,4.02,3.95,93284.61
2021-11-29,3.9,3.91,3.93,3.87,72018.75
2021-11-30,3.91,3.92,3.95,3.9,70291.45
2021-12-01,3.92,4.0,4.01,3.89,108610.72
2021-12-02,4.0,4.01,4.03,3.97,96260.06
2021-12-03,4.01,4.03,4.05,3.99,105149.05
2021-12-06,4.03,4.0,4.06,3.99,103634.0
2021-12-07,4.04,3.98,4.04,3.91,82994.0
2021-12-08,3.99,3.98,4.0,3.94,68774.51
2021-12-09,3.98,3.98,3.99,3.95,76241.28
2021-12-10,3.96,3.95,3.98,3.94,68361.6
2021-12-13,3.95,3.97,3.98,3.94,73088.5
2021-12-14,3.95,3.94,3.97,3.93,55355.51
2021-12-15,3.94,4.1,4.13,3.94,294921.11
2021-12-16,4.11,4.14,4.22,4.09,198448.2
2021-12-17,4.16,4.12,4.2,4.11,143360.33
2021-12-20,4.15,4.1,4.15,4.07,122193.04
2021-12-21,4.11,4.14,4.15,4.07,122170.1
2021-12-22,4.18,4.27,4.39,4.18,337871.25
2021-12-23,4.23,4.23,4.27,4.17,198490.0
2021-12-24,4.23,4.16,4.28,4.15,172302.66
2021-12-27,4.14,4.29,4.29,4.1,196503.22
2021-12-28,4.28,4.22,4.28,4.18,146999.31
2021-12-29,4.2,4.23,4.24,4.16,82742.03
2021-12-30,4.23,4.18,4.24,4.17,114929.0
2021-12-31,4.18,4.19,4.26,4.18,108273.0
2022-01-04,4.18,4.26,4.3,4.18,186469.84
2022-01-05,4.25,4.22,4.28,4.17,149461.0
2022-01-06,4.2,4.27,4.29,4.18,168010.36
2022-01-07,4.27,4.27,4.39,4.24,241334.52
2022-01-10,4.3,4.36,4.36,4.27,227953.74
2022-01-11,4.33,4.31,4.36,4.25,201928.06
2022-01-12,4.31,4.3,4.33,4.27,125076.6
2022-01-13,4.29,4.26,4.34,4.25,122935.02
2022-01-14,4.23,4.1,4.23,4.1,207100.34
2022-01-17,4.1,4.11,4.14,4.08,91996.3
2022-01-18,4.11,4.05,4.13,3.99,118188.01
2022-01-19,4.03,4.06,4.09,4.01,75350.71
2022-01-20,4.05,3.95,4.06,3.94,121719.0
2022-01-21,3.94,3.92,3.96,3.9,76904.0
2022-01-24,3.88,3.89,3.92,3.84,76483.18
2022-01-25,3.92,3.71,3.92,3.7,112635.74
2022-01-26,3.71,3.77,3.77,3.7,52668.0
2022-01-27,3.75,3.68,3.76,3.68,61956.2
2022-01-28,3.73,3.75,3.77,3.67,62309.51
2022-02-07,3.79,3.85,3.88,3.78,79909.68
2022-02-08,3.85,3.97,3.97,3.82,127092.57
2022-02-09,3.93,3.94,3.97,3.91,81284.2
2022-02-10,3.94,3.96,3.97,3.93,60353.63
2022-02-11,3.94,3.92,3.97,3.9,66093.47
2022-02-14,3.91,3.93,3.94,3.88,58471.0
2022-02-15,3.94,3.89,3.94,3.85,56342.0
2022-02-16,3.89,3.93,3.93,3.89,49556.01
2022-02-17,3.91,3.91,3.95,3.89,60987.0
2022-02-18,3.89,3.94,3.96,3.86,60911.0
2022-02-21,3.94,3.98,3.98,3.92,71660.31
2022-02-22,3.97,4.04,4.07,3.95,137918.01
2022-02-23,4.06,4.0,4.06,3.97,74819.6
2022-02-24,4.01,4.09,4.17,4.0,366771.84
2022-02-25,4.05,4.0,4.05,3.95,166708.01
2022-02-28,4.03,3.99,4.09,3.96,128894.46
2022-03-01,3.99,4.06,4.06,3.97,125451.01
2022-03-02,4.46,4.28,4.46,4.23,778456.37
2022-03-03,4.29,4.71,4.71,4.27,1444145.7
2022-03-04,4.47,4.37,4.55,4.31,1033814.78
2022-03-07,4.46,4.36,4.6,4.35,790480.34
2022-03-08,4.27,4.1,4.29,4.04,582580.39
2022-03-09,4.1,3.94,4.13,3.77,440977.32
2022-03-10,3.93,3.92,4.0,3.89,310748.8
2022-03-11,3.89,3.95,3.96,3.79,275611.65
2022-03-14,3.9,3.81,3.94,3.81,183597.3
2022-03-15,3.8,3.53,3.81,3.51,314778.2
2022-03-16,3.57,3.64,3.66,3.46,205564.98
2022-03-17,3.65,3.66,3.73,3.63,176990.03
2022-03-18,3.64,3.74,3.76,3.64,146090.65
2022-03-21,3.74,3.72,3.76,3.66,168189.0
2022-03-22,3.73,3.74,3.76,3.69,148864.75
2022-03-23,3.75,3.72,3.77,3.7,113912.78
2022-03-24,3.76,3.71,3.77,3.7,154245.0
2022-03-25,3.68,3.68,3.74,3.65,122246.15
2022-03-28,3.67,3.69,3.71,3.58,94500.2
2022-03-29,3.69,3.63,3.7,3.6,90157.0
2022-03-30,3.64,3.66,3.66,3.61,76892.61
2022-03-31,3.66,3.65,3.68,3.63,83088.2
2022-04-01,3.64,3.67,3.68,3.62,76377.26
2022-04-06,3.66,3.75,3.76,3.65,124545.0
2022-04-07,3.74,3.69,3.75,3.66,91666.0
2022-04-08,3.7,3.7,3.71,3.63,67327.0
2022-04-11,3.69,3.62,3.71,3.61,79778.61
2022-04-12,3.61,3.71,3.71,3.59,89304.03
2022-04-13,3.69,3.71,3.75,3.67,97317.64
2022-04-14,3.72,3.7,3.73,3.68,90705.0
2022-04-15,3.7,3.63,3.72,3.63,98224.0
2022-04-18,3.63,3.6,3.64,3.58,87875.13
2022-04-19,3.61,3.71,3.72,3.59,140611.47
2022-04-20,3.7,3.62,3.71,3.6,82158.0
2022-04-21,3.6,3.41,3.6,3.4,165184.0
2022-04-22,3.4,3.41,3.43,3.3,94496.62
2022-04-25,3.35,3.1,3.35,3.1,133903.8
2022-04-26,3.11,3.14,3.2,3.09,70832.13
2022-04-27,3.1,3.26,3.27,3.06,105235.21
2022-04-28,3.21,3.15,3.22,3.1,71822.21
2022-04-29,3.19,3.23,3.26,3.16,83312.4
2022-05-05,3.23,3.27,3.31,3.22,68014.0
2022-05-06,3.17,3.21,3.23,3.17,59703.7
2022-05-09,3.21,3.31,3.43,3.2,119428.5
2022-05-10,3.27,3.42,3.47,3.21,153010.0
2022-05-11,3.4,3.35,3.43,3.33,115814.0
2022-05-12,3.33,3.33,3.38,3.27,75356.6
2022-05-13,3.34,3.36,3.37,3.29,49573.01
2022-05-16,3.4,3.37,3.4,3.35,47182.97
2022-05-17,3.37,3.38,3.4,3.34,74475.0
2022-05-18,3.38,3.36,3.4,3.35,65757.43
2022-05-19,3.32,3.37,3.38,3.29,68038.0
2022-05-20,3.39,3.39,3.41,3.37,72634.25
2022-05-23,3.4,3.41,3.42,3.38,54625.38
2022-05-24,3.42,3.31,3.44,3.21,103320.16
2022-05-25,3.28,3.4,3.4,3.28,70056.71
2022-05-26,3.42,3.39,3.43,3.35,47183.61
2022-05-27,3.42,3.43,3.45,3.39,84483.01
2022-05-30,3.44,3.46,3.46,3.4,74795.61
2022-05-31,3.45,3.46,3.49,3.43,67034.01
2022-06-01,3.46,3.48,3.5,3.43,82630.01
2022-06-02,3.45,3.5,3.51,3.44,72367.67
2022-06-06,3.5,3.53,3.54,3.49,62668.26
2022-06-07,3.53,3.52,3.54,3.47,64117.67
2022-06-08,3.52,3.59,3.61,3.49,131060.0
2022-06-09,3.57,3.58,3.64,3.54,125104.24
2022-06-10,3.54,3.67,3.69,3.52,149946.67
2022-06-13,3.69,3.6,3.71,3.56,152571.38
2022-06-14,3.6,3.7,3.71,3.52,193230.88
2022-06-15,3.7,3.6,3.7,3.59,176282.0
2022-06-16,3.59,3.55,3.6,3.53,97887.7
2022-06-17,3.52,3.54,3.58,3.51,83171.0
2022-06-20,3.52,3.54,3.56,3.51,65119.78
2022-06-21,3.54,3.51,3.56,3.49,69408.0
2022-06-22,3.51,3.44,3.52,3.44,65036.6
2022-06-23,3.43,3.47,3.47,3.42,52474.68
2022-06-24,3.47,3.45,3.48,3.43,59452.51
2022-06-27,3.45,3.45,3.46,3.43,64606.0
2022-06-28,3.45,3.54,3.55,3.44,108081.0
2022-06-29,3.58,3.51,3.58,3.5,74952.21
2022-06-30,3.5,3.51,3.53,3.49,63914.63
2022-07-01,3.52,3.49,3.53,3.48,42786.46
2022-07-04,3.5,3.53,3.53,3.47,51473.49
2022-07-05,3.53,3.55,3.55,3.5,62695.9
2022-07-06,3.54,3.48,3.54,3.45,61092.99
2022-07-07,3.47,3.51,3.54,3.46,74862.97
2022-07-08,3.53,3.55,3.57,3.51,91266.04
2022-07-11,3.54,3.57,3.58,3.53,63119.56
2022-07-12,3.57,3.51,3.57,3.51,53533.23
2022-07-13,3.5,3.55,3.56,3.49,46225.84
2022-07-14,3.54,3.5,3.55,3.48,66037.92
2022-07-15,3.51,3.43,3.52,3.43,60815.5
2022-07-18,3.43,3.58,3.62,3.43,138938.63
2022-07-19,3.6,3.57,3.6,3.53,85800.5
2022-07-20,3.58,3.59,3.6,3.55,62846.33
2022-07-21,3.6,3.56,3.6,3.55,59419.0
2022-07-22,3.57,3.63,3.65,3.55,143071.5
2022-07-25,3.64,3.64,3.71,3.62,93476.2
2022-07-26,3.63,3.68,3.69,3.59,97033.0
2022-07-27,3.68,3.8,3.86,3.67,296698.16
2022-07-28,3.82,3.83,3.88,3.74,256660.36
2022-07-29,3.81,3.77,3.84,3.76,137840.94
2022-08-01,3.79,3.79,3.81,3.74,118797.42
2022-08-02,3.76,3.72,4.13,3.61,430688.76
2022-08-03,3.6,3.61,3.76,3.58,318536.99
2022-08-04,3.6,3.68,3.74,3.57,167739.13
2022-08-05,3.68,3.65,3.7,3.59,115740.63
2022-08-08,3.63,3.62,3.64,3.59,98561.0
2022-08-09,3.62,3.73,3.77,3.62,151975.08
2022-08-10,3.75,3.72,3.76,3.67,95648.01
2022-08-11,3.72,3.77,3.78,3.72,112344.12
2022-08-12,3.79,3.82,3.85,3.75,127043.59
2022-08-15,3.82,3.84,3.86,3.78,111585.33
2022-08-16,3.87,3.82,3.9,3.8,88782.51
2022-08-17,3.81,3.89,3.9,3.81,123778.2
2022-08-18,3.89,3.83,3.9,3.81,100460.64
2022-08-19,3.9,3.89,3.98,3.84,282282.31
2022-08-22,3.9,3.97,3.99,3.89,227817.01
2022-08-23,3.97,4.09,4.13,3.95,333590.18
2022-08-24,4.05,3.97,4.08,3.93,250427.73
2022-08-25,4.02,4.06,4.12,3.96,287975.0
2022-08-26,4.01,4.01,4.07,3.92,210444.85
2022-08-29,3.93,4.15,4.23,3.92,402824.64
2022-08-30,4.09,4.03,4.18,3.98,280890.0
2022-08-31,4.01,3.85,4.03,3.82,217791.01
2022-09-01,3.87,3.86,3.94,3.84,139352.12
2022-09-02,3.89,3.88,3.93,3.84,124269.0
2022-09-05,3.91,4.27,4.27,3.91,525465.52
2022-09-06,4.37,4.22,4.44,4.19,960460.76
2022-09-07,4.28,4.14,4.28,4.12,496238.71
2022-09-08,4.12,4.02,4.16,4.01,302664.79
2022-09-09,4.02,4.0,4.09,3.97,248163.0
2022-09-13,4.02,4.07,4.13,3.98,306164.84
2022-09-14,3.95,4.02,4.18,3.92,415890.01
2022-09-15,4.07,3.94,4.17,3.84,342763.4
2022-09-16,3.89,3.68,3.92,3.68,313725.3
2022-09-19,3.67,3.66,3.78,3.64,149640.61
2022-09-20,3.67,3.85,3.9,3.67,296783.85
2022-09-21,3.85,3.95,3.98,3.77,237680.04
2022-09-22,3.93,4.06,4.15,3.92,347770.49
2022-09-23,4.05,3.96,4.09,3.95,215716.0
2022-09-26,3.92,3.75,3.96,3.74,194930.04
2022-09-27,3.8,3.74,3.82,3.66,175758.5
2022-09-28,3.8,3.83,3.9,3.65,363428.85
2022-09-29,3.75,4.21,4.21,3.75,728653.91
2022-09-30,4.28,4.63,4.63,4.15,1959226.35
2022-10-10,4.85,4.66,5.1,4.66,2687137.0
2022-10-11,4.2,4.45,4.64,4.2,1967040.91
2022-10-12,4.33,4.7,4.89,4.27,2035651.03
2022-10-13,4.58,4.72,4.95,4.39,1766025.59
2022-10-14,4.59,4.66,4.94,4.49,1700892.91
2022-10-17,4.53,4.6,4.7,4.39,1152313.58
2022-10-18,4.52,5.05,5.05,4.49,2091437.77
2022-10-19,4.8,4.6,4.88,4.55,1896177.66
2022-10-20,4.47,4.6,4.67,4.36,1104918.27
2022-10-21,4.57,4.34,4.58,4.24,908967.52
2022-10-24,4.31,4.06,4.38,4.04,809365.55
2022-10-25,4.09,3.97,4.09,3.89,604530.15
2022-10-26,3.98,4.04,4.04,3.92,492138.0
2022-10-27,4.01,3.89,4.04,3.89,482966.66
2022-10-28,3.84,3.69,3.86,3.67,514023.42
2022-10-31,3.69,3.73,3.75,3.67,284348.0
2022-11-01,3.73,3.8,3.8,3.7,300367.0
2022-11-02,3.77,3.79,3.81,3.73,313368.55
2022-11-03,3.77,3.75,3.82,3.73,277075.0
2022-11-04,3.73,3.84,3.85,3.72,411272.77
2022-11-07,3.82,3.89,3.91,3.82,394589.6
2022-11-08,3.88,3.87,3.9,3.82,274025.3
2022-11-09,3.86,3.85,3.87,3.84,211918.1
2022-11-10,3.84,3.88,3.89,3.79,288627.0
2022-11-11,3.92,3.88,3.95,3.86,371207.02
2022-11-14,3.89,3.84,3.89,3.82,265828.39
2022-11-15,3.85,3.89,3.89,3.83,219149.8
2022-11-16,3.88,4.0,4.01,3.88,610827.08
2022-11-17,3.96,3.93,3.97,3.89,353378.53
2022-11-18,3.91,3.86,3.93,3.86,244454.39
2022-11-21,3.84,3.87,3.87,3.82,158771.83
2022-11-22,3.86,3.86,3.91,3.85,180562.7
2022-11-23,3.86,3.88,3.92,3.84,189054.01
2022-11-24,3.88,3.92,3.96,3.88,312524.21
2022-11-25,3.93,3.96,3.99,3.9,266952.63
2022-11-28,3.93,4.03,4.03,3.85,436177.94
2022-11-29,4.01,4.02,4.03,3.98,301095.0
2022-11-30,4.01,4.21,4.42,4.01,1022064.58
2022-12-01,4.16,4.13,4.22,4.11,557090.02
2022-12-02,4.14,4.09,4.14,4.06,290609.64
2022-12-05,4.09,4.12,4.13,4.06,290233.28
2022-12-06,4.1,4.04,4.1,4.02,282027.6
2022-12-07,4.03,4.06,4.09,4.01,185308.15
2022-12-08,4.05,4.07,4.1,4.03,213688.76
2022-12-09,4.07,3.96,4.07,3.94,307017.0
2022-12-12,3.99,3.97,4.01,3.94,159741.75
2022-12-13,3.96,3.96,4.01,3.95,137599.0
2022-12-14,3.95,3.98,4.0,3.92,159764.0
2022-12-15,3.97,3.92,3.97,3.92,119394.0
2022-12-16,3.91,3.86,3.92,3.86,129304.0
2022-12-19,3.87,3.79,3.89,3.77,141443.0
2022-12-20,3.79,3.81,3.82,3.72,97130.37
2022-12-21,3.8,3.73,3.82,3.71,111964.03
2022-12-22,3.75,3.65,3.79,3.64,122128.6
2022-12-23,3.63,3.64,3.69,3.62,86753.0
2022-12-26,3.64,3.68,3.69,3.62,80209.0
2022-12-27,3.68,3.72,3.73,3.68,91607.0
2022-12-28,3.71,3.67,3.72,3.65,84215.0
2022-12-29,3.67,3.63,3.69,3.63,76895.0
2022-12-30,3.64,3.66,3.67,3.62,76608.06
2023-01-03,3.66,3.73,3.75,3.65,104890.79
2023-01-04,3.72,3.75,3.76,3.71,83695.02
2023-01-05,3.77,3.74,3.79,3.71,124084.48
2023-01-06,3.75,3.74,3.77,3.71,102360.54
2023-01-09,3.75,3.73,3.76,3.72,81676.41
2023-01-10,3.75,3.7,3.75,3.69,89293.6
2023-01-11,3.7,3.71,3.74,3.69,88790.0
2023-01-12,3.71,3.68,3.72,3.66,75042.0
2023-01-13,3.7,3.72,3.72,3.68,65943.0
2023-01-16,3.71,3.75,3.76,3.71,73924.01
2023-01-17,3.75,3.73,3.75,3.72,54532.21
2023-01-18,3.74,3.76,3.77,3.73,79035.3
2023-01-19,3.77,3.76,3.77,3.74,69327.0
2023-01-20,3.76,3.81,3.82,3.76,103606.0
2023-01-30,3.83,3.83,3.85,3.81,105114.9
2023-01-31,3.83,3.85,3.85,3.81,110818.01
2023-02-01,3.86,3.91,3.92,3.84,145046.59
2023-02-02,3.92,3.89,3.93,3.87,101146.51
2023-02-03,3.89,3.85,3.89,3.82,137267.0
2023-02-06,3.85,3.88,3.89,3.84,92625.02
2023-02-07,3.88,3.91,3.91,3.86,100512.12
2023-02-08,3.92,3.88,3.93,3.87,91252.64
2023-02-09,3.89,3.91,3.91,3.87,90258.96
2023-02-10,3.9,3.9,3.91,3.88,87235.11
2023-02-13,3.92,3.93,3.94,3.9,122196.61
2023-02-14,3.94,3.92,3.94,3.9,76920.75
2023-02-15,3.94,3.91,3.94,3.9,81862.99
2023-02-16,3.93,3.81,3.94,3.79,176894.91
2023-02-17,3.82,3.84,3.88,3.81,156212.0
2023-02-20,3.82,3.86,3.87,3.81,80885.04
2023-02-21,3.87,3.89,3.89,3.85,100061.0
2023-02-22,3.89,3.87,3.9,3.87,59884.0
2023-02-23,3.89,3.87,3.89,3.86,59863.44
2023-02-24,3.88,3.87,3.89,3.85,58050.81
2023-02-27,3.87,3.82,3.87,3.82,71090.8
2023-02-28,3.84,3.87,3.87,3.82,59835.43
2023-03-01,3.85,3.89,3.89,3.85,68262.0
2023-03-02,3.9,3.89,3.91,3.88,96371.2
2023-03-03,3.9,3.9,3.91,3.88,80929.76
2023-03-06,3.91,3.91,3.94,3.9,87132.6
2023-03-07,3.93,3.9,3.97,3.9,171903.2
2023-03-08,3.89,3.89,3.91,3.86,79212.53
2023-03-09,3.9,3.88,3.92,3.86,53535.0
2023-03-10,3.88,3.83,3.88,3.82,76994.0
2023-03-13,3.82,3.81,3.85,3.79,79986.58
2023-03-14,3.82,3.77,3.83,3.73,72991.0
2023-03-15,3.77,3.83,3.84,3.77,74160.0
2023-03-16,3.81,3.77,3.85,3.77,82208.0
2023-03-17,3.77,3.79,3.81,3.77,71333.64
2023-03-20,3.82,3.81,3.85,3.81,121284.55
2023-03-21,3.8,3.81,3.82,3.78,90950.58
2023-03-22,3.81,3.82,3.83,3.81,83602.4
2023-03-23,3.83,3.79,3.83,3.77,90980.68
2023-03-24,3.8,3.75,3.8,3.74,107035.31
2023-03-27,3.75,3.68,3.76,3.67,124507.02
2023-03-28,3.69,3.68,3.73,3.67,97355.0
2023-03-29,3.67,3.61,3.69,3.61,138350.0
2023-03-30,3.62,3.57,3.62,3.54,103812.0
2023-03-31,3.57,3.59,3.61,3.56,78215.79
2023-04-03,3.6,3.62,3.63,3.59,94068.6
2023-04-04,3.63,3.6,3.64,3.59,87331.0
2023-04-06,3.59,3.56,3.59,3.55,69210.0
2023-04-07,3.57,3.62,3.62,3.56,66666.68
2023-04-10,3.62,3.56,3.62,3.55,93124.0
2023-04-11,3.57,3.53,3.57,3.51,70305.61
2023-04-12,3.53,3.58,3.58,3.52,60508.32
2023-04-13,3.58,3.59,3.62,3.57,68028.17
2023-04-14,3.6,3.62,3.62,3.59,60360.02
2023-04-17,3.62,3.66,3.67,3.62,103277.48
2023-04-18,3.66,3.62,3.66,3.62,74891.08
2023-04-19,3.62,3.61,3.62,3.59,66488.11
2023-04-20,3.61,3.59,3.62,3.55,52401.32
2023-04-21,3.57,3.5,3.6,3.5,85571.0
2023-04-24,3.49,3.52,3.55,3.45,76196.61
2023-04-25,3.52,3.46,3.52,3.41,77532.23
2023-04-26,3.45,3.5,3.52,3.42,59233.64
2023-04-27,3.52,3.5,3.53,3.47,47636.2
2023-04-28,3.51,3.54,3.55,3.47,68011.0
2023-05-04,3.54,3.59,3.62,3.53,96149.96
2023-05-05,3.6,3.6,3.6,3.56,49151.0
2023-05-08,3.6,3.62,3.63,3.59,62191.02
2023-05-09,3.62,3.59,3.64,3.59,70873.69
2023-05-10,3.6,3.59,3.61,3.57,41759.0
2023-05-11,3.6,3.64,3.64,3.58,67501.0
2023-05-12,3.63,3.62,3.65,3.62,56064.3
2023-05-15,3.63,3.63,3.64,3.61,59002.18
2023-05-16,3.62,3.62,3.65,3.62,62031.18
2023-05-17,3.62,3.66,3.66,3.61,74742.0
2023-05-18,3.67,3.66,3.68,3.64,44920.01
2023-05-19,3.67,3.62,3.67,3.62,53928.2
2023-05-22,3.63,3.66,3.67,3.62,57231.11
2023-05-23,3.66,3.59,3.66,3.59,65901.04
2023-05-24,3.59,3.58,3.61,3.57,51231.0
2023-05-25,3.57,3.64,3.66,3.57,118878.0
2023-05-26,3.64,3.62,3.65,3.57,89718.67
2023-05-29,3.62,3.63,3.64,3.6,62123.2
2023-05-30,3.62,3.62,3.64,3.6,46912.0
2023-05-31,3.62,3.56,3.62,3.55,63105.84
2023-06-01,3.56,3.52,3.56,3.5,61827.6
2023-06-02,3.52,3.53,3.54,3.5,45344.63
2023-06-05,3.53,3.52,3.54,3.5,57062.03
2023-06-06,3.52,3.44,3.52,3.43,76974.82
2023-06-07,3.44,3.42,3.45,3.42,62832.0
2023-06-08,3.43,3.42,3.44,3.4,54584.33
2023-06-09,3.42,3.41,3.44,3.4,46959.3
2023-06-12,3.41,3.42,3.44,3.37,80203.0
2023-06-13,3.43,3.42,3.44,3.4,57170.0
2023-06-14,3.42,3.41,3.42,3.4,38338.56
2023-06-15,3.42,3.42,3.42,3.38,45860.07
2023-06-16,3.42,3.45,3.46,3.42,60716.31
2023-06-19,3.44,3.42,3.45,3.41,45652.63
2023-06-20,3.42,3.4,3.42,3.37,48053.0
2023-06-21,3.42,3.36,3.42,3.36,43873.0
2023-06-26,3.35,3.38,3.42,3.33,80518.41
2023-06-27,3.36,3.44,3.44,3.35,77517.49
2023-06-28,3.44,3.46,3.47,3.43,61163.33
2023-06-29,3.46,3.45,3.47,3.43,46332.36
2023-06-30,3.46,3.47,3.47,3.44,43181.29
2023-07-03,3.46,3.48,3.49,3.46,56229.14
2023-07-04,3.49,3.49,3.49,3.46,47026.0
2023-07-05,3.49,3.49,3.5,3.47,34342.0
2023-07-06,3.49,3.47,3.49,3.45,40781.0
2023-07-07,3.47,3.49,3.5,3.46,43912.01
2023-07-10,3.49,3.52,3.53,3.49,50141.99
2023-07-11,3.53,3.53,3.53,3.49,43946.57
2023-07-12,3.53,3.5,3.54,3.49,48320.0
2023-07-13,3.5,3.52,3.55,3.5,54598.39
2023-07-14,3.53,3.55,3.55,3.52,44471.13
2023-07-17,3.54,3.55,3.56,3.51,54322.52
2023-07-18,3.56,3.55,3.56,3.53,46506.92
2023-07-19,3.57,3.57,3.57,3.54,49998.13
2023-07-20,3.57,3.54,3.61,3.54,75030.54
2023-07-21,3.54,3.56,3.57,3.53,68079.25
2023-07-24,3.56,3.54,3.56,3.53,37340.4
2023-07-25,3.56,3.57,3.58,3.55,52893.0
2023-07-26,3.57,3.6,3.6,3.56,56734.98
2023-07-27,3.59,3.59,3.62,3.58,58075.92
2023-07-28,3.59,3.61,3.62,3.56,64246.0
2023-07-31,3.61,3.64,3.64,3.61,66748.7
2023-08-01,3.64,3.66,3.67,3.64,75922.01
2023-08-02,3.66,3.66,3.69,3.64,80693.13
2023-08-03,3.66,3.65,3.66,3.62,61355.14
2023-08-04,3.65,3.63,3.67,3.62,67004.0
2023-08-07,3.63,3.59,3.63,3.57,97398.14
2023-08-08,3.59,3.57,3.6,3.54,68611.11
2023-08-09,3.56,3.53,3.58,3.53,58188.0
2023-08-10,3.56,3.66,3.67,3.56,255714.76
2023-08-11,3.64,3.52,3.65,3.52,205672.0
2023-08-14,3.5,3.54,3.56,3.46,107528.21
2023-08-15,3.52,3.51,3.55,3.48,66050.03
2023-08-16,3.5,3.49,3.53,3.48,58994.3
2023-08-17,3.49,3.52,3.53,3.44,84644.01
2023-08-18,3.51,3.53,3.59,3.51,107939.0
2023-08-21,3.53,3.58,3.61,3.53,113572.05
2023-08-22,3.59,3.51,3.61,3.45,150583.0
2023-08-23,3.5,3.47,3.53,3.47,81426.58
2023-08-24,3.47,3.43,3.5,3.42,87089.52
2023-08-25,3.43,3.47,3.55,3.42,129875.0
2023-08-28,3.59,3.55,3.63,3.53,205951.07
2023-08-29,3.53,3.59,3.6,3.53,111772.93
2023-08-30,3.59,3.54,3.61,3.53,101854.22
2023-08-31,3.55,3.54,3.56,3.51,73237.0
2023-09-01,3.53,3.56,3.57,3.5,81236.52
2023-09-04,3.55,3.62,3.63,3.55,151696.11
2023-09-05,3.62,3.59,3.63,3.57,75641.28
2023-09-06,3.6,3.58,3.61,3.57,54268.0
2023-09-07,3.58,3.53,3.58,3.52,87344.3
2023-09-08,3.52,3.52,3.54,3.5,44754.0
2023-09-11,3.53,3.56,3.57,3.5,74837.0
2023-09-12,3.55,3.56,3.58,3.54,45427.2
2023-09-13,3.55,3.55,3.61,3.53,89072.28
2023-09-14,3.55,3.55,3.57,3.5,78048.0
2023-09-15,3.55,3.55,3.57,3.53,61594.0
2023-09-18,3.54,3.59,3.6,3.52,92867.67
2023-09-19,3.58,3.59,3.61,3.56,83270.0
2023-09-20,3.58,3.59,3.62,3.57,94250.0
2023-09-21,3.6,3.53,3.61,3.53,93018.13
2023-09-22,3.51,3.56,3.57,3.51,91474.34
2023-09-25,3.55,3.54,3.57,3.52,64015.0
2023-09-26,3.53,3.54,3.56,3.51,49411.0
2023-09-27,3.55,3.54,3.56,3.51,61735.0
2023-09-28,3.54,3.59,3.6,3.53,79791.01
2023-10-09,3.59,3.55,3.61,3.54,99329.1
2023-10-10,3.55,3.57,3.61,3.55,107915.21
2023-10-11,3.57,3.47,3.58,3.47,178443.4
2023-10-12,3.47,3.49,3.5,3.45,87838.0
2023-10-13,3.47,3.45,3.49,3.44,86549.0
2023-10-16,3.45,3.53,3.55,3.44,200273.39
2023-10-17,3.53,3.5,3.53,3.47,82824.0
2023-10-18,3.48,3.41,3.5,3.4,109872.0
2023-10-19,3.39,3.37,3.42,3.35,91166.82
2023-10-20,3.38,3.38,3.41,3.32,88115.67
2023-10-23,3.37,3.26,3.37,3.25,80307.0
2023-10-24,3.27,3.39,3.41,3.27,119651.84
2023-10-25,3.4,3.47,3.49,3.4,106108.88
2023-10-26,3.45,3.48,3.49,3.43,78380.0
2023-10-27,3.48,3.51,3.54,3.47,85429.0
2023-10-30,3.5,3.49,3.53,3.47,95832.1
2023-10-31,3.49,3.46,3.5,3.44,61893.34
2023-11-01,3.46,3.47,3.48,3.44,63265.34
2023-11-02,3.46,3.47,3.48,3.44,79872.74
2023-11-03,3.46,3.47,3.5,3.45,71237.9
2023-11-06,3.49,3.5,3.51,3.46,78281.2
2023-11-07,3.51,3.55,3.59,3.46,128061.54
2023-11-08,3.55,3.52,3.55,3.5,65754.0
2023-11-09,3.5,3.5,3.53,3.49,58613.45
2023-11-10,3.5,3.56,3.58,3.47,127512.6
2023-11-13,3.58,3.61,3.64,3.57,148154.56
2023-11-14,3.62,3.59,3.63,3.57,87991.0
2023-11-15,3.6,3.59,3.61,3.56,59529.0
2023-11-16,3.57,3.58,3.6,3.57,65604.6
2023-11-17,3.57,3.58,3.61,3.56,58012.94
2023-11-20,3.6,3.6,3.61,3.57,63261.64
2023-11-21,3.61,3.59,3.63,3.58,64195.58
2023-11-22,3.58,3.56,3.6,3.56,45378.0
2023-11-23,3.57,3.59,3.6,3.56,60150.64
2023-11-24,3.59,3.59,3.61,3.57,68980.39
2023-11-27,3.58,3.59,3.6,3.56,74610.3
2023-11-28,3.6,3.61,3.62,3.56,68652.23
2023-11-29,3.59,3.57,3.62,3.56,62924.0
2023-11-30,3.57,3.58,3.6,3.55,78742.0
2023-12-01,3.59,3.59,3.6,3.57,64586.52
2023-12-04,3.6,3.61,3.64,3.58,100649.52
2023-12-05,3.6,3.56,3.61,3.56,91190.6
2023-12-06,3.56,3.58,3.59,3.55,65744.06
2023-12-07,3.57,3.56,3.59,3.54,67099.56
2023-12-08,3.58,3.54,3.63,3.53,129812.9
2023-12-11,3.52,3.57,3.58,3.46,123764.65
2023-12-12,3.57,3.62,3.62,3.52,129385.6
2023-12-13,3.62,3.62,3.64,3.6,124478.0
2023-12-14,3.61,3.64,3.67,3.59,161108.78
2023-12-15,3.65,3.66,3.68,3.64,159641.18
2023-12-18,3.66,3.6,3.67,3.59,122306.1
2023-12-19,3.62,3.58,3.62,3.54,97302.62
2023-12-20,3.57,3.55,3.62,3.54,103229.21
2023-12-21,3.54,3.55,3.56,3.46,118201.0
2023-12-22,3.54,3.5,3.55,3.47,104611.6
2023-12-25,3.49,3.42,3.5,3.42,68678.6
2023-12-26,3.44,3.4,3.46,3.4,77347.0
2023-12-27,3.42,3.42,3.43,3.38,51082.01
2023-12-28,3.42,3.45,3.47,3.38,74923.0
2023-12-29,3.44,3.46,3.47,3.42,61890.0
2024-01-02,3.46,3.59,3.61,3.46,190842.38
2024-01-03,3.6,3.6,3.62,3.56,133301.88
2024-01-04,3.61,3.64,3.64,3.6,105388.42
2024-01-05,3.64,3.57,3.64,3.57,97503.0
2024-01-08,3.59,3.53,3.6,3.53,100359.0
2024-01-09,3.53,3.57,3.59,3.52,77908.0
2024-01-10,3.57,3.54,3.59,3.52,74120.0
2024-01-11,3.54,3.55,3.57,3.53,61774.0
2024-01-12,3.54,3.56,3.6,3.54,67942.6
2024-01-15,3.57,3.59,3.59,3.54,75922.12
2024-01-16,3.58,3.55,3.6,3.51,94302.5
2024-01-17,3.55,3.49,3.58,3.49,74380.01
2024-01-18,3.49,3.42,3.51,3.33,144350.0
2024-01-19,3.42,3.37,3.42,3.35,84376.0
2024-01-22,3.37,3.15,3.37,3.13,164806.0
2024-01-23,3.14,3.13,3.18,3.05,141019.62
2024-01-24,3.15,3.19,3.2,3.07,118615.91
2024-01-25,3.2,3.31,3.31,3.19,122035.18
2024-01-26,3.31,3.39,3.43,3.29,136222.0
2024-01-29,3.4,3.33,3.42,3.33,116258.0
2024-01-30,3.32,3.24,3.35,3.22,124689.5
2024-01-31,3.2,3.12,3.25,3.1,130470.0
2024-02-01,3.13,3.0,3.14,2.93,158511.78
2024-02-02,3.0,2.87,3.05,2.78,164506.1
2024-02-05,2.84,2.58,2.85,2.58,210400.0
2024-02-06,2.49,2.61,2.69,2.36,197017.34
2024-02-07,2.6,2.48,2.61,2.44,260507.85
2024-02-08,2.51,2.66,2.68,2.41,229050.28
2024-02-19,2.68,2.72,2.75,2.66,189361.18
2024-02-20,2.72,2.72,2.74,2.63,135001.65
2024-02-21,2.7,2.75,2.81,2.68,171827.47
2024-02-22,2.75,2.79,2.79,2.74,120258.6
2024-02-23,2.79,2.85,2.85,2.77,152992.0
2024-02-26,2.85,2.89,2.95,2.84,171574.51
2024-02-27,2.89,2.97,2.98,2.87,131982.51
2024-02-28,2.97,2.8,3.05,2.78,210453.18
2024-02-29,2.79,2.89,2.89,2.75,133873.51
2024-03-01,2.88,2.91,2.92,2.87,92276.0
2024-03-04,2.91,2.88,2.93,2.84,79397.0
2024-03-05,2.87,2.81,2.88,2.8,77582.0
2024-03-06,2.79,2.86,2.9,2.79,96011.42
2024-03-07,2.87,2.85,2.91,2.83,92972.2
2024-03-08,2.84,2.88,2.88,2.83,54737.0
2024-03-11,2.88,2.91,2.92,2.87,93840.0
2024-03-12,2.92,2.94,2.94,2.88,99325.65
2024-03-13,2.93,2.93,2.96,2.9,80198.42
2024-03-14,2.93,2.93,2.96,2.9,90592.0
2024-03-15,2.93,2.97,2.98,2.91,79368.54
2024-03-18,2.97,3.01,3.01,2.97,81919.0
2024-03-19,3.0,2.99,3.03,2.98,94740.5
2024-03-20,2.99,3.03,3.04,2.97,95593.04
2024-03-21,3.03,3.03,3.05,2.99,88229.12
2024-03-22,3.02,3.0,3.04,2.97,82133.0
2024-03-25,3.07,3.04,3.15,3.02,300464.29
2024-03-26,3.03,3.01,3.07,2.97,154140.42
2024-03-27,3.07,2.99,3.13,2.99,147479.2
2024-03-28,2.98,2.98,3.03,2.96,141748.88
2024-03-29,3.01,3.05,3.06,2.98,132792.5
2024-04-01,3.06,3.13,3.14,3.06,118533.18
2024-04-02,3.12,3.19,3.19,3.12,129567.72
2024-04-03,3.18,3.2,3.22,3.16,113501.0
2024-04-08,3.21,3.17,3.22,3.15,105417.92
2024-04-09,3.15,3.19,3.19,3.14,85584.0
2024-04-10,3.19,3.17,3.21,3.12,99533.0
2024-04-11,3.14,3.19,3.21,3.12,85568.01
2024-04-12,3.19,3.18,3.22,3.17,85645.01
2024-04-15,3.2,3.09,3.2,3.04,175429.92
2024-04-16,3.05,2.83,3.06,2.83,224372.47
2024-04-17,2.85,3.0,3.0,2.84,182769.51
2024-04-18,2.99,2.94,3.01,2.93,112304.1
2024-04-19,2.94,3.0,3.03,2.91,113833.04
2024-04-22,2.98,2.9,3.0,2.88,124807.3
2024-04-23,2.89,2.93,2.97,2.89,102446.0
2024-04-24,2.95,2.96,2.97,2.93,77759.28
2024-04-25,2.95,2.92,2.95,2.88,164050.81
2024-04-26,2.89,2.88,2.89,2.78,179266.0
2024-04-29,2.85,2.96,2.96,2.84,155958.51
2024-04-30,2.96,2.97,3.0,2.93,145022.0
2024-05-06,2.99,3.05,3.05,2.98,135491.9
2024-05-07,3.03,3.01,3.04,2.99,93542.1
2024-05-08,3.01,2.99,3.05,2.99,92398.0
2024-05-09,3.0,3.02,3.05,2.98,82800.0
2024-05-10,3.03,3.05,3.06,3.0,116795.31
2024-05-13,3.06,3.07,3.11,3.01,169450.02
2024-05-14,3.05,3.07,3.09,3.03,100099.81
2024-05-15,3.06,3.03,3.07,3.02,96418.06
2024-05-16,3.03,3.03,3.06,3.02,74326.0
2024-05-17,3.03,3.05,3.06,3.0,92783.24
2024-05-20,3.03,3.08,3.09,3.03,119301.34
2024-05-21,3.08,3.02,3.08,3.0,95689.52
2024-05-22,3.02,3.02,3.05,3.01,62401.8
2024-05-23,3.01,2.93,3.02,2.91,113369.37
2024-05-24,2.92,2.94,2.98,2.91,83128.0
2024-05-27,2.94,2.94,2.97,2.91,65169.42
2024-05-28,2.93,2.93,2.96,2.92,48573.0
2024-05-29,2.92,2.92,2.96,2.88,52140.0
2024-05-30,2.91,2.88,2.93,2.87,64231.0
2024-05-31,2.87,2.88,2.89,2.85,40298.0
2024-06-03,2.88,2.78,2.89,2.76,90222.8
2024-06-04,2.78,2.75,2.78,2.72,90300.6
2024-06-05,2.74,2.65,2.74,2.64,89061.0
2024-06-06,2.66,2.56,2.68,2.53,112864.0
2024-06-07,2.59,2.67,2.68,2.58,90882.46
2024-06-11,2.66,2.63,2.68,2.59,74474.56
2024-06-12,2.62,2.65,2.66,2.61,52252.05
2024-06-13,2.66,2.6,2.67,2.59,44846.98
2024-06-14,2.6,2.61,2.63,2.58,47852.0
2024-06-17,2.6,2.55,2.62,2.55,64354.0
2024-06-18,2.56,2.58,2.6,2.53,56631.0
2024-06-19,2.59,2.57,2.61,2.56,45604.25
2024-06-20,2.57,2.52,2.58,2.51,59073.24
2024-06-21,2.52,2.53,2.54,2.5,47445.86
2024-06-24,2.5,2.43,2.51,2.41,90795.51
2024-06-25,2.43,2.48,2.52,2.43,68873.39
2024-06-26,2.49,2.53,2.53,2.46,62900.0
2024-06-27,2.53,2.49,2.55,2.48,60868.0
2024-06-28,2.5,2.5,2.54,2.49,59689.0
2024-07-01,2.51,2.53,2.54,2.49,59225.0
2024-07-02,2.54,2.59,2.6,2.53,108847.0
2024-07-03,2.62,2.58,2.63,2.56,67212.1
2024-07-04,2.59,2.52,2.6,2.51,66195.0
2024-07-05,2.52,2.54,2.55,2.48,42261.0
2024-07-08,2.54,2.5,2.55,2.47,64348.3
2024-07-09,2.49,2.5,2.51,2.42,69135.56
2024-07-10,2.5,2.43,2.5,2.42,51595.39
2024-07-11,2.47,2.54,2.55,2.47,101400.89
2024-07-12,2.54,2.53,2.57,2.51,59602.0
2024-07-15,2.53,2.48,2.53,2.46,70620.0
2024-07-16,2.48,2.46,2.48,2.44,52402.8
2024-07-17,2.46,2.48,2.49,2.43,67903.0
2024-07-18,2.46,2.48,2.49,2.42,58337.0
2024-07-19,2.47,2.47,2.48,2.44,38390.0
2024-07-22,2.47,2.47,2.48,2.44,43577.0
2024-07-23,2.47,2.49,2.53,2.46,75628.1
2024-07-24,2.49,2.43,2.49,2.43,77634.56
2024-07-25,2.44,2.46,2.48,2.41,60417.99
2024-07-26,2.47,2.48,2.5,2.46,49417.0
2024-07-29,2.5,2.51,2.53,2.47,54498.0
2024-07-30,2.51,2.56,2.56,2.5,63423.99
2024-07-31,2.56,2.62,2.62,2.55,91376.0
2024-08-01,2.61,2.61,2.64,2.59,68563.0
2024-08-02,2.59,2.58,2.62,2.57,57011.0
2024-08-05,2.55,2.54,2.6,2.53,72051.0
2024-08-06,2.56,2.59,2.59,2.55,48523.98
2024-08-07,2.59,2.58,2.6,2.56,31854.93
2024-08-08,2.57,2.59,2.6,2.56,48308.98
2024-08-09,2.6,2.58,2.62,2.57,46543.0
2024-08-12,2.57,2.57,2.6,2.56,43333.64
2024-08-13,2.57,2.61,2.61,2.55,61174.29
2024-08-14,2.61,2.6,2.62,2.59,42774.0
2024-08-15,2.6,2.62,2.62,2.58,35819.59
2024-08-16,2.62,2.59,2.62,2.58,41839.0
2024-08-19,2.62,2.63,2.72,2.62,151459.08
2024-08-20,2.62,2.61,2.65,2.58,75277.0
2024-08-21,2.59,2.58,2.61,2.56,53177.0
2024-08-22,2.58,2.54,2.6,2.54,48871.0
2024-08-23,2.54,2.52,2.55,2.5,49521.58
2024-08-26,2.51,2.6,2.63,2.5,102415.37
2024-08-27,2.57,2.56,2.61,2.55,71692.68
2024-08-28,2.57,2.62,2.63,2.55,85316.68
2024-08-29,2.62,2.62,2.62,2.58,71936.38
2024-08-30,2.62,2.65,2.67,2.61,108287.02
2024-09-02,2.63,2.66,2.68,2.63,117391.12
2024-09-03,2.66,2.65,2.67,2.63,69621.0
2024-09-04,2.64,2.62,2.64,2.61,57856.38
2024-09-05,2.62,2.62,2.64,2.61,48003.18
2024-09-06,2.63,2.61,2.64,2.6,53126.0
2024-09-09,2.61,2.62,2.63,2.58,54486.0
2024-09-10,2.62,2.62,2.63,2.59,46385.0
2024-09-11,2.62,2.59,2.62,2.57,60612.0
2024-09-12,2.59,2.62,2.62,2.58,45103.07
2024-09-13,2.61,2.63,2.65,2.6,69692.0
2024-09-18,2.63,2.59,2.63,2.54,68476.38
2024-09-19,2.58,2.66,2.66,2.58,84155.08
2024-09-20,2.66,2.62,2.67,2.61,81172.6
2024-09-23,2.63,2.62,2.63,2.61,53499.01
2024-09-24,2.62,2.68,2.69,2.62,173510.29
2024-09-25,2.68,2.72,2.77,2.68,183411.2
2024-09-26,2.72,2.81,2.81,2.71,164145.98
2024-09-27,2.83,2.89,2.91,2.78,258914.3
2024-09-30,2.96,3.11,3.15,2.89,391077.48
2024-10-08,3.42,3.28,3.42,3.11,462427.98
2024-10-09,3.26,2.98,3.26,2.96,302030.5
2024-10-10,3.02,3.02,3.07,2.93,218850.9
2024-10-11,3.02,2.93,3.02,2.91,185397.32
2024-10-14,2.93,2.99,3.0,2.93,145230.12
2024-10-15,2.97,2.94,2.99,2.93,100674.19
2024-10-16,2.92,2.97,2.99,2.9,116697.64
2024-10-17,2.98,2.92,3.0,2.91,139748.82
2024-10-18,2.92,2.97,2.98,2.87,172265.05
2024-10-21,2.96,2.94,2.98,2.92,169435.2
2024-10-22,2.94,2.99,2.99,2.93,144891.62
2024-10-23,2.98,2.99,3.02,2.98,174838.2
2024-10-24,2.98,3.02,3.02,2.97,131585.45
2024-10-25,3.02,3.09,3.09,3.02,194506.82
2024-10-28,3.1,3.17,3.17,3.09,228306.09
2024-10-29,3.17,3.09,3.19,3.08,206635.8
2024-10-30,3.08,3.11,3.13,3.06,129786.0
2024-10-31,3.1,3.16,3.16,3.1,179777.15
2024-11-01,3.14,3.11,3.18,3.09,169225.18
2024-11-04,3.1,3.14,3.14,3.08,115842.89
2024-11-05,3.13,3.18,3.18,3.12,209011.31
2024-11-06,3.18,3.22,3.24,3.14,237469.62
2024-11-07,3.2,3.34,3.4,3.18,352158.63
2024-11-08,3.38,3.29,3.38,3.26,252489.08
2024-11-11,3.27,3.35,3.37,3.23,272695.25
2024-11-12,3.36,3.32,3.39,3.29,253977.03
2024-11-13,3.29,3.26,3.32,3.22,171893.92
2024-11-14,3.25,3.18,3.27,3.18,149240.18
2024-11-15,3.16,3.17,3.23,3.16,122937.08
2024-11-18,3.19,3.2,3.27,3.18,188979.79
2024-11-19,3.21,3.22,3.22,3.13,178403.15
2024-11-20,3.21,3.28,3.29,3.21,196001.01
2024-11-21,3.28,3.32,3.32,3.26,195970.03
2024-11-22,3.32,3.26,3.43,3.26,307624.76
2024-11-25,3.25,3.36,3.36,3.25,250546.39
2024-11-26,3.36,3.3,3.36,3.28,165639.13
2024-11-27,3.28,3.3,3.3,3.19,167934.72
2024-11-28,3.29,3.37,3.41,3.28,284120.65
2024-11-29,3.35,3.37,3.39,3.3,233670.1
2024-12-02,3.38,3.46,3.49,3.36,308562.38
2024-12-03,3.45,3.45,3.48,3.42,230572.12
2024-12-04,3.43,3.39,3.46,3.36,224563.41
2024-12-05,3.36,3.41,3.42,3.36,120993.0
2024-12-06,3.4,3.59,3.75,3.39,700055.0
2024-12-09,3.57,3.61,3.62,3.55,387480.34
2024-12-10,3.7,3.55,3.71,3.53,335498.0
2024-12-11,3.56,3.66,3.67,3.54,286676.76
2024-12-12,3.68,3.8,3.83,3.63,549615.21
2024-12-13,3.79,3.63,3.8,3.62,387988.67
2024-12-16,3.62,3.62,3.7,3.58,215997.3
2024-12-17,3.62,3.43,3.62,3.41,314020.93
2024-12-18,3.42,3.43,3.58,3.4,223433.5
2024-12-19,3.42,3.4,3.44,3.34,182789.29
2024-12-20,3.39,3.4,3.43,3.37,130158.01
2024-12-23,3.41,3.27,3.42,3.26,163408.07
2024-12-24,3.27,3.29,3.31,3.25,116981.1
2024-12-25,3.28,3.21,3.3,3.16,145074.0
2024-12-26,3.22,3.24,3.29,3.19,96821.55
2024-12-27,3.25,3.35,3.36,3.24,162042.48
2024-12-30,3.32,3.33,3.36,3.25,152814.83
2024-12-31,3.35,3.34,3.48,3.33,265753.92
2025-01-02,3.34,3.21,3.38,3.17,224899.0
2025-01-03,3.22,3.1,3.24,3.08,177721.0
2025-01-06,3.09,3.1,3.13,2.99,119002.4
2025-01-07,3.11,3.15,3.16,3.07,106185.3
2025-01-08,3.14,3.13,3.16,3.04,102582.3
2025-01-09,3.11,3.09,3.13,3.07,94361.01
2025-01-10,3.09,3.01,3.1,3.01,92199.0
2025-01-13,3.01,3.05,3.06,2.96,92895.02
2025-01-14,3.07,3.15,3.16,3.05,111876.0
2025-01-15,3.15,3.14,3.17,3.12,79325.0
2025-01-16,3.14,3.18,3.21,3.13,90578.55
2025-01-17,3.16,3.17,3.18,3.12,67100.0
2025-01-20,3.19,3.22,3.24,3.14,95476.55
2025-01-21,3.23,3.17,3.25,3.16,86103.55
2025-01-22,3.17,3.16,3.18,3.13,73562.0
2025-01-23,3.17,3.17,3.22,3.16,90464.0
2025-01-24,3.17,3.16,3.17,3.12,90458.0
2025-01-27,3.17,3.2,3.25,3.17,120899.1
2025-02-05,3.21,3.18,3.23,3.17,81143.1
2025-02-06,3.18,3.18,3.19,3.12,120533.61
2025-02-07,3.17,3.2,3.23,3.16,146789.71
2025-02-10,3.2,3.26,3.26,3.2,122741.34
2025-02-11,3.26,3.25,3.26,3.2,84191.07
2025-02-12,3.25,3.25,3.27,3.2,88568.64
2025-02-13,3.25,3.22,3.26,3.22,84126.13
2025-02-14,3.23,3.18,3.23,3.17,91053.83
2025-02-17,3.19,3.23,3.24,3.16,126988.54
2025-02-18,3.22,3.12,3.23,3.11,152950.08
2025-02-19,3.12,3.15,3.16,3.11,83472.01
2025-02-20,3.15,3.16,3.17,3.13,65099.46
2025-02-21,3.17,3.12,3.18,3.09,95746.0
2025-02-24,3.11,3.15,3.18,3.09,101389.46
2025-02-25,3.14,3.13,3.17,3.11,69846.04
2025-02-26,3.13,3.18,3.18,3.12,108680.47
2025-02-27,3.19,3.17,3.19,3.13,94021.0
2025-02-28,3.16,3.13,3.19,3.12,99140.1
2025-03-03,3.13,3.15,3.19,3.13,78226.0
2025-03-04,3.15,3.17,3.17,3.12,52203.75
2025-03-05,3.17,3.13,3.18,3.1,83140.61
2025-03-06,3.13,3.15,3.16,3.11,80895.0
2025-03-07,3.13,3.13,3.17,3.12,82157.57
2025-03-10,3.14,3.17,3.21,3.13,118910.0
2025-03-11,3.15,3.2,3.2,3.13,92513.2
2025-03-12,3.2,3.22,3.22,3.17,93431.0
2025-03-13,3.22,3.23,3.23,3.17,106736.0
2025-03-14,3.21,3.28,3.28,3.21,142368.88
2025-03-17,3.29,3.34,3.35,3.28,157695.18
2025-03-18,3.36,3.34,3.38,3.29,125302.87
2025-03-19,3.33,3.33,3.35,3.31,83766.09
2025-03-20,3.32,3.35,3.37,3.32,120547.65
2025-03-21,3.34,3.37,3.43,3.32,186210.53
2025-03-24,3.35,3.27,3.36,3.21,254871.12
2025-03-25,3.28,3.31,3.32,3.24,173691.82
2025-03-26,3.31,3.33,3.35,3.27,128389.0
2025-03-27,3.34,3.29,3.36,3.26,128581.0
2025-03-28,3.28,3.22,3.31,3.2,139584.0
2025-03-31,3.22,3.15,3.22,3.12,118551.24
2025-04-01,3.15,3.23,3.24,3.14,144713.24
2025-04-02,3.22,3.18,3.23,3.17,117856.0
2025-04-03,3.15,3.23,3.24,3.15,138657.42
2025-04-07,3.14,2.91,3.15,2.91,247852.54
2025-04-08,2.88,2.89,2.97,2.84,199605.92
2025-04-09,2.86,2.91,2.93,2.69,184850.98
2025-04-10,2.93,2.98,3.0,2.92,166538.02
2025-04-11,2.95,2.97,2.99,2.94,113781.92
2025-04-14,2.99,3.02,3.04,2.99,102850.0
2025-04-15,3.02,3.06,3.07,3.01,91250.0
2025-04-16,3.06,3.03,3.08,2.98,105399.59
2025-04-17,3.02,3.06,3.09,3.01,100129.59
2025-04-18,3.07,3.05,3.07,3.03,62644.0
2025-04-21,3.06,3.07,3.08,3.03,86626.44
2025-04-22,3.06,3.13,3.14,3.06,109327.99
2025-04-23,3.13,3.13,3.15,3.1,73489.04
2025-04-24,3.12,3.16,3.18,3.11,114967.0
2025-04-25,3.16,3.2,3.22,3.16,106789.0
2025-04-28,3.21,3.18,3.23,3.13,122652.0
2025-04-29,3.17,3.2,3.21,3.16,111047.99
2025-04-30,3.22,3.17,3.22,3.16,107838.96
2025-05-06,3.18,3.21,3.21,3.17,111132.04
2025-05-07,3.23,3.25,3.25,3.21,128932.52
2025-05-08,3.25,3.26,3.28,3.22,105439.86
2025-05-09,3.26,3.26,3.3,3.24,117769.73
2025-05-12,3.26,3.24,3.28,3.21,121131.09
2025-05-13,3.27,3.25,3.27,3.23,87904.0
2025-05-14,3.24,3.24,3.26,3.21,86662.0
2025-05-15,3.24,3.23,3.27,3.23,99509.53
2025-05-16,3.23,3.23,3.27,3.22,90652.13
2025-05-19,3.24,3.28,3.29,3.21,150593.3
2025-05-20,3.28,3.28,3.3,3.25,82999.35
2025-05-21,3.29,3.28,3.29,3.26,76035.0
2025-05-22,3.27,3.21,3.28,3.21,97301.0
2025-05-23,3.22,3.18,3.24,3.17,103461.0
2025-05-26,3.17,3.22,3.27,3.17,93145.28
2025-05-27,3.22,3.25,3.25,3.21,67031.0
2025-05-28,3.25,3.24,3.27,3.2,69634.0
2025-05-29,3.24,3.27,3.28,3.21,106778.2
2025-05-30,3.26,3.25,3.3,3.23,96081.0
2025-06-03,3.23,3.24,3.27,3.22,76868.0
2025-06-04,3.25,3.28,3.29,3.22,112571.8
2025-06-05,3.27,3.26,3.3,3.24,101276.0
2025-06-06,3.26,3.29,3.3,3.24,104323.84
2025-06-09,3.29,3.3,3.32,3.26,109103.08
2025-06-10,3.3,3.28,3.31,3.24,112208.9
2025-06-11,3.27,3.3,3.32,3.26,91354.14
2025-06-12,3.3,3.29,3.31,3.26,89750.2
2025-06-13,3.34,3.31,3.39,3.3,284037.21
2025-06-16,3.35,3.34,3.39,3.32,265116.54
2025-06-17,3.3,3.51,3.67,3.26,801299.98
2025-06-18,3.57,3.47,3.6,3.4,557348.39
2025-06-19,3.41,3.59,3.66,3.35,852751.86
2025-06-20,3.54,3.49,3.56,3.43,499343.51
2025-06-23,3.56,3.52,3.59,3.46,421856.1
2025-06-24,3.34,3.31,3.35,3.23,511230.54
2025-06-25,3.32,3.33,3.34,3.27,338816.84
2025-06-26,3.32,3.33,3.35,3.29,254812.06
2025-06-27,3.32,3.31,3.34,3.3,179560.89
2025-06-30,3.31,3.32,3.33,3.31,135027.48
2025-07-01,3.33,3.32,3.35,3.31,126214.51
2025-07-02,3.32,3.35,3.36,3.32,150970.61
2025-07-03,3.37,3.35,3.38,3.33,105375.0
2025-07-04,3.34,3.33,3.37,3.33,130793.34
2025-07-07,3.34,3.37,3.38,3.32,170136.95
2025-07-08,3.37,3.43,3.44,3.36,243594.18
2025-07-09,3.43,3.43,3.46,3.41,150679.25
2025-07-10,3.44,3.46,3.48,3.42,166828.9
2025-07-11,3.45,3.45,3.46,3.41,146024.1
2025-07-14,3.44,3.5,3.51,3.43,177286.16
2025-07-15,3.5,3.43,3.5,3.4,174703.0
2025-07-16,3.43,3.43,3.45,3.41,82991.0
2025-07-17,3.44,3.4,3.45,3.39,111881.0
2025-07-18,3.41,3.41,3.42,3.39,75118.0
2025-07-21,3.41,3.49,3.49,3.4,184452.62
2025-07-22,3.48,3.51,3.51,3.44,153723.5
2025-07-23,3.51,3.47,3.51,3.46,138785.6
2025-07-24,3.47,3.49,3.5,3.46,108921.6
2025-07-25,3.5,3.48,3.52,3.47,111079.64
2025-07-28,3.49,3.48,3.49,3.46,111053.8
2025-07-29,3.48,3.44,3.48,3.41,156713.0
2025-07-30,3.45,3.45,3.47,3.42,139238.8
2025-07-31,3.43,3.36,3.45,3.34,146497.8
2025-08-01,3.36,3.4,3.42,3.35,97874.61
2025-08-04,3.37,3.46,3.48,3.34,213054.0
2025-08-05,3.44,3.48,3.5,3.43,178588.39
2025-08-06,3.48,3.48,3.51,3.46,120437.0
2025-08-07,3.49,3.5,3.5,3.45,132792.51
2025-08-08,3.49,3.53,3.55,3.47,171793.36
2025-08-11,3.54,3.53,3.55,3.5,136607.85
2025-08-12,3.53,3.56,3.58,3.52,175021.01
2025-08-13,3.57,3.53,3.57,3.52,127298.46
2025-08-14,3.53,3.47,3.55,3.46,157069.86
2025-08-15,3.46,3.47,3.51,3.45,133786.46
2025-08-18,3.48,3.46,3.53,3.45,194987.22
2025-08-19,3.45,3.52,3.52,3.44,171898.88
2025-08-20,3.53,3.59,3.59,3.52,269505.59
2025-08-21,3.58,3.58,3.6,3.56,155538.71
2025-08-22,3.59,3.56,3.59,3.52,203361.31
2025-08-25,3.57,3.56,3.58,3.53,225696.57
2025-08-26,3.54,3.63,3.75,3.52,405339.2
2025-08-27,3.69,3.56,3.72,3.55,335094.97
2025-08-28,3.55,3.62,3.66,3.51,396164.32
2025-08-29,3.66,3.58,3.66,3.55,214396.46
2025-09-01,3.58,3.65,3.66,3.53,289343.22
2025-09-02,3.65,4.02,4.02,3.57,1407244.16
2025-09-03,4.02,3.78,4.02,3.75,1548631.72
2025-09-04,3.77,3.71,3.8,3.64,838949.39
2025-09-05,3.71,3.69,3.71,3.61,667798.05
2025-09-08,3.65,3.75,3.77,3.63,608413.34
2025-09-09,3.72,3.66,3.73,3.63,434679.3
2025-09-10,3.66,3.69,3.69,3.63,295127.25
2025-09-11,3.68,3.66,3.68,3.59,386223.58
2025-09-12,3.64,3.65,3.67,3.63,311869.27
2025-09-15,3.66,3.62,3.67,3.59,303840.54
2025-09-16,3.61,3.64,3.64,3.6,240485.77
2025-09-17,3.63,3.65,3.66,3.6,238630.57
2025-09-18,3.65,3.63,3.71,3.58,447554.38
2025-09-19,3.6,3.53,3.62,3.52,286412.01
2025-09-22,3.53,3.49,3.53,3.47,174168.7
2025-09-23,3.48,3.44,3.49,3.35,207165.61
2025-09-24,3.43,3.46,3.5,3.41,159611.4
2025-09-25,3.45,3.41,3.46,3.4,129847.31
2025-09-26,3.4,3.42,3.45,3.38,125771.0
2025-09-29,3.44,3.47,3.47,3.37,142275.71
2025-09-30,3.47,3.45,3.48,3.44,89372.0
2025-10-09,3.47,3.52,3.52,3.44,139515.02
2025-10-10,3.5,3.6,3.62,3.49,327797.5
2025-10-13,3.52,3.56,3.58,3.49,199448.0
2025-10-14,3.58,3.64,3.66,3.57,340918.86
2025-10-15,3.64,3.66,3.68,3.62,284791.14
2025-10-16,3.66,3.62,3.67,3.59,241119.51
2025-10-17,3.62,3.65,3.69,3.61,333293.83
2025-10-20,3.66,3.74,3.74,3.64,564527.28
2025-10-21,3.77,3.81,3.83,3.7,572537.1
2025-10-22,3.78,3.75,3.82,3.73,362444.61
2025-10-23,3.75,3.77,3.78,3.72,252730.0
2025-10-24,3.75,3.68,3.76,3.65,262786.0
2025-10-27,3.69,3.73,3.74,3.66,237530.0
2025-11-11,4.11,4.11,4.11,4.11,88110.84
2025-11-12,4.52,4.52,4.52,4.52,46300.15
2025-11-13,4.98,4.98,4.98,4.98,81501.49
2025-11-14,5.47,5.47,5.47,5.47,107885.5
2025-11-17,6.01,6.01,6.01,6.01,84715.55
2025-11-18,6.62,6.62,6.62,6.53,2847905.77
2025-11-19,6.14,5.95,6.31,5.95,809478.0
2025-11-20,5.38,5.89,6.34,5.36,2917278.12
2025-11-21,5.46,5.3,5.55,5.3,1358229.94
2025-11-24,5.04,4.77,5.04,4.77,1335812.42
2025-11-25,4.84,4.79,5.02,4.7,1256850.54
2025-11-26,4.75,5.09,5.26,4.75,1865196.49
2025-11-27,4.97,4.93,5.05,4.86,1172036.47
2025-11-28,4.93,4.97,4.98,4.83,940278.15
2025-12-01,4.98,4.86,5.09,4.82,993576.85
2025-12-02,4.84,5.03,5.1,4.72,1363107.19
2025-12-03,4.95,5.21,5.51,4.89,1841670.66
2025-12-04,5.09,4.83,5.25,4.81,1318870.64
2025-12-05,4.75,4.96,4.99,4.67,872107.02
2025-12-08,4.97,5.0,5.08,4.9,861305.54
2025-12-09,4.96,4.83,4.97,4.81,644994.0
2025-12-10,4.82,4.81,4.87,4.76,456751.0
2025-12-11,4.81,4.57,4.83,4.57,748369.28
2025-12-12,4.59,4.62,4.72,4.59,580147.9
2025-12-15,4.66,4.63,4.75,4.59,460031.0
2025-12-16,4.61,4.44,4.63,4.39,606475.04
2025-12-17,4.41,4.47,4.48,4.35,451795.36
2025-12-18,4.46,4.45,4.52,4.43,359858.0
2025-12-19,4.48,4.57,4.58,4.45,506788.38
2025-12-22,4.54,5.03,5.03,4.52,1225942.84
2025-12-23,5.02,4.77,5.02,4.73,1322226.7
2025-12-24,4.76,5.01,5.18,4.73,1581116.19
2025-12-25,4.95,4.95,5.15,4.89,1157090.9
2025-12-26,4.94,5.14,5.43,4.86,1683812.31
2025-12-29,5.14,5.27,5.42,5.04,1527435.28
2025-12-30,5.22,5.11,5.23,4.99,1054307.17
2025-12-31,5.04,4.96,5.1,4.93,727821.9
2026-01-05,4.99,4.89,5.03,4.87,547911.29
2026-01-06,4.89,4.97,5.02,4.86,590681.69
2026-01-07,4.94,4.87,4.96,4.82,561894.1
2026-01-08,4.91,4.88,4.93,4.84,432106.0
2026-01-09,4.93,4.99,5.0,4.92,675718.3
2026-01-12,4.99,4.97,5.0,4.91,591843.82
2026-01-13,4.95,4.99,5.13,4.94,1024152.32
2026-01-14,5.0,5.07,5.14,4.95,1034973.69
2026-01-15,5.08,4.88,5.09,4.82,876239.2
2026-01-16,4.89,4.72,4.94,4.64,673530.11
2026-01-19,4.72,4.83,4.85,4.68,399162.6
2026-01-20,4.89,4.79,4.95,4.69,700677.0
2026-01-21,4.79,4.78,4.84,4.72,469184.99
2026-01-22,4.81,5.25,5.25,4.8,1283445.17
2026-01-23,5.36,5.28,5.51,5.26,2122726.52
2026-01-26,5.39,5.42,5.59,5.32,1933180.61
2026-01-27,5.37,5.29,5.49,5.19,1200778.19
2026-01-28,5.22,5.33,5.4,5.21,1034771.02
2026-01-29,5.3,5.51,5.59,5.23,1699343.93
2026-01-30,5.41,5.22,5.48,5.08,1086695.0
2026-02-02,5.16,4.96,5.21,4.95,701062.9
2026-02-03,5.0,4.94,5.02,4.8,603980.76
2026-02-04,4.92,5.06,5.1,4.88,501459.54
2026-02-05,4.99,4.98,5.08,4.94,389268.07
2026-02-06,4.93,5.03,5.09,4.87,447706.4
2026-02-09,5.07,5.09,5.12,5.0,458078.6
2026-02-10,5.07,5.04,5.08,4.95,388309.0
2026-02-11,5.03,4.98,5.08,4.98,287582.0
2026-02-12,4.99,4.87,5.02,4.86,426820.01
2026-02-13,4.95,4.86,4.95,4.85,285699.84
2026-02-24,4.91,5.14,5.22,4.9,857996.67
2026-02-25,5.14,5.16,5.24,5.09,593678.64
2026-02-26,5.19,5.09,5.19,5.04,407641.3
2026-02-27,5.08,5.15,5.16,5.07,359728.3
2026-03-02,5.32,5.27,5.36,5.12,1108803.46
2026-03-03,5.8,5.8,5.8,5.8,284954.11
2026-03-04,5.9,5.57,6.12,5.35,1941618.64
2026-03-05,5.46,5.35,5.56,5.19,1296770.77
2026-03-06,5.28,5.25,5.3,5.09,790339.89
2026-03-09,5.55,5.25,5.64,5.22,1109364.92
2026-03-10,5.06,5.11,5.14,5.02,670176.4
2026-03-11,5.09,5.09,5.09,5.01,516956.4
2026-03-12,5.12,5.13,5.19,5.06,607591.12
2026-03-13,5.16,5.04,5.17,5.03,479544.0
2026-03-16,5.01,4.99,5.08,4.95,305595.72
2026-03-17,4.98,5.0,5.02,4.95,261335.95
2026-03-18,4.97,4.93,4.98,4.83,354822.0
2026-03-19,5.01,5.19,5.41,5.0,1046182.41
2026-03-20,5.03,4.96,5.07,4.95,607037.0
2026-03-23,4.89,4.64,4.93,4.64,469000.0
2026-03-24,4.66,4.75,4.75,4.55,315517.21
2026-03-25,4.75,4.82,4.88,4.67,326597.91
2026-03-26,4.8,4.79,4.88,4.72,332794.73
2026-03-27,4.75,4.89,4.9,4.72,341319.31
2026-03-30,4.9,4.8,4.93,4.76,273031.0
2026-03-31,4.77,4.67,4.82,4.66,270785.0
2026-04-01,4.71,4.66,4.73,4.65,167658.0
2026-04-02,4.66,4.65,4.7,4.62,194861.0
2026-04-03,4.63,4.41,4.65,4.41,264123.0
2026-04-07,4.39,4.55,4.56,4.35,214027.0
2026-04-08,4.53,4.62,4.63,4.48,246988.0
2026-04-09,4.6,4.55,4.63,4.53,156700.4
2026-04-10,4.58,4.59,4.61,4.53,144036.01
2026-04-13,4.58,4.66,4.67,4.58,179267.95
2026-04-14,4.65,4.62,4.65,4.55,179600.0
2026-04-15,4.61,4.54,4.62,4.53,161429.01
2026-04-16,4.54,4.58,4.6,4.49,172727.71
2026-04-17,4.57,4.59,4.61,4.55,132661.1
2026-04-20,4.6,4.66,4.68,4.59,191898.06
2026-04-21,4.65,4.66,4.67,4.58,160048.84
2026-04-22,4.66,4.67,4.67,4.61,131641.0
2026-04-23,4.75,4.69,4.76,4.6,225564.0
2026-04-24,4.63,4.64,4.7,4.58,189686.0
2026-04-27,4.6,4.68,4.7,4.57,178359.48
2026-04-28,4.64,4.74,4.74,4.64,266277.0
2026-04-29,4.71,4.8,4.82,4.69,275320.84
2026-04-30,4.95,4.79,5.02,4.77,524804.73
2026-05-06,4.77,4.7,4.79,4.65,343453.76
2026-05-07,4.7,4.58,4.7,4.56,309833.37
2026-05-08,4.58,4.62,4.64,4.57,179233.5
2026-05-11,4.63,4.57,4.66,4.55,241587.26
2026-05-12,4.58,4.49,4.58,4.46,191168.95
2026-05-13,4.49,4.51,4.52,4.47,121896.31
2026-05-14,4.51,4.4,4.53,4.4,173443.23
2026-05-15,4.42,4.43,4.49,4.35,159005.51
2026-05-18,4.55,4.61,4.73,4.55,358147.05
2026-05-19,4.59,4.59,4.59,4.51,194815.3
2026-05-20,4.56,4.78,4.8,4.55,533731.89
2026-05-21,4.73,4.8,4.88,4.65,488677.42
2026-05-22,4.8,4.69,4.8,4.62,315099.65
2026-05-25,4.63,4.42,4.63,4.4,370104.8
2026-05-26,4.4,4.26,4.41,4.2,230711.82
2026-05-27,4.25,4.14,4.28,4.1,229227.3
2026-05-28,4.15,4.17,4.2,4.1,179022.82
2026-05-29,4.16,4.11,4.18,4.09,150798.19
2026-06-01,4.11,4.25,4.26,4.09,180383.0
2026-06-02,4.26,4.25,4.29,4.17,154840.0
2026-06-03,4.24,4.22,4.25,4.16,132661.3
2026-06-04,4.17,4.15,4.22,4.12,118457.0
2026-06-05,4.15,4.14,4.17,4.09,160035.2
2026-06-08,4.09,4.03,4.14,4.0,129360.0
2026-06-09,4.03,4.02,4.05,3.93,153764.19
2026-06-10,3.99,3.95,4.01,3.9,149183.5
2026-06-11,3.93,3.98,4.02,3.91,134131.0
2026-06-12,3.97,4.04,4.05,3.92,146479.18
2026-06-15,4.02,4.01,4.08,3.98,140284.0
2026-06-16,4.01,3.96,4.02,3.92,104197.82
2026-06-17,3.94,3.86,3.95,3.81,175243.11
2026-06-18,3.84,3.89,3.91,3.79,125612.0
2026-06-22,3.89,3.9,3.91,3.76,149875.0
2026-06-23,3.88,3.92,3.98,3.84,146549.32
2026-06-24,3.9,3.78,3.9,3.74,165572.0
2026-06-25,3.79,3.73,3.8,3.72,142347.0
2026-06-26,3.72,3.68,3.76,3.64,134765.0
2026-06-29,3.66,3.65,3.71,3.56,135354.54
2026-06-30,3.64,3.66,3.71,3.61,171003.92
2026-07-01,3.66,3.72,3.77,3.64,156239.0
2026-07-02,3.7,3.74,3.81,3.7,163898.0
2026-07-03,3.79,3.94,4.05,3.75,316814.88
2026-07-06,3.94,3.82,3.95,3.78,156332.12
2026-07-07,3.8,3.75,3.86,3.72,103243.3
2026-07-08,3.78,3.74,3.79,3.71,87794.92
2026-07-09,3.73,3.7,3.79,3.68,102374.0
2026-07-10,3.68,3.77,3.82,3.67,130360.0
2026-07-13,3.79,3.75,3.85,3.72,136413.0
2026-07-14,3.72,3.87,3.87,3.72,201504.0
2026-07-15,3.83,3.89,3.92,3.8,166030.0
2026-07-16,3.85,3.88,3.9,3.83,128773.0
2026-07-17,3.86,3.83,3.94,3.77,157708.4
2026-07-20,3.85,3.88,3.94,3.82,193619.0
2026-07-21,3.85,3.79,3.85,3.71,204037.88
2026-07-22,3.79,3.76,3.83,3.72,110156.0
2026-07-23,3.76,3.9,3.92,3.72,212496.48
2026-07-24,3.87,3.78,3.94,3.77,135957.0
2026-07-27,3.74,3.86,3.88,3.7,131287.0
2026-07-28,3.84,3.87,3.91,3.83,98787.3
2026-07-29,3.89,3.91,3.94,3.87,140501.0
2026-07-30,3.89,3.9,3.96,3.85,134610.0
2026-07-31,3.9,3.95,3.95,3.89,128043.35
2026-08-03,4.02,4.09,4.1,3.98,215953.88
2026-08-04,4.09,4.07,4.1,4.03,163134.94
2026-08-05,4.08,4.03,4.08,3.99,178345.0
2026-08-06,4.05,4.07,4.13,4.0,177278.0
2026-08-07,4.06,4.04,4.07,4.0,125934.6
2026-08-10,4.02,4.1,4.1,4.01,125278.98
2026-08-11,4.1,4.09,4.12,4.04,106318.24
2026-08-12,4.1,4.14,4.15,4.06,131119.97
2026-08-13,4.14,4.08,4.15,4.07,135051.91
2026-08-14,4.08,4.1,4.15,4.02,138083.0
2026-08-17,4.12,4.1,4.13,4.01,154553.4
2026-08-18,4.12,4.14,4.17,4.1,188188.82
2026-08-19,4.11,4.23,4.42,4.07,550330.12
2026-08-20,4.23,4.14,4.23,4.08,345420.83
2026-08-21,4.15,4.11,4.19,4.09,194869.07
2026-08-24,4.08,4.06,4.12,4.03,155339.01
2026-08-25,4.05,4.14,4.16,4.05,179678.9
2026-08-26,4.15,4.15,4.17,4.12,149132.0
2026-08-27,4.14,4.17,4.18,4.11,126656.0
2026-08-28,4.17,4.22,4.22,4.14,139610.29
2026-08-31,4.25,4.26,4.29,4.19,167761.0
2026-09-01,4.25,4.31,4.32,4.24,156264.5
2026-09-02,4.34,4.32,4.39,4.26,205221.96
2026-09-03,4.29,4.21,4.3,4.2,183966.15
2026-09-04,4.19,4.24,4.28,4.19,140223.5
2026-09-07,4.22,4.21,4.25,4.2,93305.0
2026-09-08,4.22,4.36,4.36,4.2,225311.38
2026-09-09,4.35,4.38,4.42,4.33,181445.05
2026-09-10,4.4,4.38,4.46,4.36,249625.99
2026-09-11,4.36,4.3,4.41,4.26,182924.99
2026-09-14,4.32,4.3,4.37,4.24,118844.0
2026-09-15,4.27,4.22,4.32,4.2,138966.2
2026-09-16,4.24,4.22,4.28,4.19,117902.2
2026-09-17,4.21,4.16,4.21,4.09,151743.0
2026-09-18,4.2,4.21,4.23,4.15,126929.78
