date,open,close,high,low,volume
2013-01-04,5.67,5.45,5.74,5.39,85598.96
2013-01-14,5.12,5.47,5.5,5.02,212262.93
2013-01-15,5.4,5.53,5.59,5.39,141040.15
2013-01-16,5.54,5.59,5.74,5.49,119340.66
2013-01-17,5.57,5.53,5.62,5.47,76278.32
2013-01-18,5.56,5.67,5.68,5.5,62658.66
2013-01-21,5.65,5.65,5.66,5.58,53749.14
2013-01-22,5.65,5.53,5.72,5.51,46624.52
2013-01-23,5.51,5.51,5.52,5.43,49929.11
2013-01-24,5.5,5.3,5.56,5.27,52944.84
2013-01-25,5.26,5.28,5.44,5.26,28760.68
2013-01-28,5.27,5.42,5.43,5.27,28782.09
2013-01-29,5.41,5.46,5.48,5.36,35984.65
2013-01-30,5.49,5.5,5.59,5.47,48538.24
2013-01-31,5.59,5.76,6.0,5.59,121132.78
2013-02-01,5.71,5.85,5.88,5.6,83848.85
2013-02-04,5.96,6.04,6.1,5.84,120084.74
2013-02-05,5.96,5.93,6.04,5.9,64077.0
2013-02-06,5.91,5.96,6.08,5.91,51329.21
2013-02-07,5.95,5.84,5.96,5.8,46550.24
2013-02-08,5.84,5.86,5.94,5.84,38014.4
2013-02-18,5.82,5.7,5.88,5.69,60121.27
2013-02-19,5.69,5.58,5.73,5.56,41391.15
2013-02-20,5.58,5.67,5.68,5.58,30391.24
2013-02-21,5.61,5.35,5.61,5.35,72500.46
2013-02-22,5.33,5.38,5.43,5.32,37130.96
2013-02-25,5.38,5.35,5.41,5.32,32474.58
2013-02-26,5.35,5.23,5.37,5.22,41727.42
2013-02-27,5.27,5.26,5.38,5.23,37800.01
2013-02-28,5.27,5.42,5.43,5.26,48589.35
2013-03-01,5.39,5.37,5.42,5.3,45538.07
2013-03-04,5.22,4.97,5.25,4.91,81369.43
2013-03-05,5.0,5.07,5.1,4.96,52112.74
2013-03-06,5.09,5.13,5.16,5.03,50811.9
2013-03-07,5.09,5.14,5.26,5.0,70440.92
2013-03-08,5.15,5.15,5.18,5.08,41020.42
2013-03-11,5.13,5.14,5.23,5.04,60366.79
2013-03-12,5.17,4.97,5.23,4.86,76399.17
2013-03-13,4.98,4.99,5.03,4.91,50564.88
2013-03-14,5.0,4.9,5.0,4.87,38115.21
2013-03-15,4.9,4.91,5.05,4.85,45961.24
2013-03-18,4.86,4.69,4.91,4.68,55688.97
2013-03-19,4.71,4.72,4.73,4.6,37401.01
2013-03-20,4.72,4.92,4.94,4.69,63937.01
2013-03-21,4.93,4.95,5.04,4.91,50869.45
2013-03-22,4.95,5.02,5.05,4.94,41510.44
2013-03-25,5.03,5.04,5.09,4.93,44882.15
2013-03-26,5.02,4.94,5.02,4.91,37433.35
2013-03-27,4.93,4.96,5.01,4.91,35943.63
2013-03-28,4.91,4.74,4.92,4.74,37130.23
2013-03-29,4.77,4.73,4.78,4.69,26232.75
2013-04-01,4.71,4.75,4.78,4.66,26906.94
2013-04-02,4.75,4.85,4.9,4.75,47443.53
2013-04-03,4.86,4.77,4.89,4.75,34747.67
2013-04-08,4.69,4.75,4.77,4.62,28055.04
2013-04-09,4.8,4.89,4.94,4.79,45542.78
2013-04-10,4.91,4.96,5.03,4.87,58814.21
2013-04-11,4.94,4.83,4.97,4.82,32537.15
2013-04-12,4.83,4.78,4.86,4.76,21219.33
2013-04-15,4.69,4.38,4.69,4.35,87632.91
2013-04-16,4.28,4.48,4.5,4.25,42983.62
2013-04-17,4.48,4.44,4.52,4.4,23601.76
2013-04-18,4.38,4.42,4.48,4.34,20616.85
2013-04-19,4.46,4.57,4.61,4.43,45467.83
2013-04-22,4.55,4.5,4.56,4.43,40363.08
2013-04-23,4.43,4.34,4.5,4.34,48202.17
2013-04-24,4.37,4.46,4.46,4.34,27829.44
2013-04-25,4.46,4.42,4.54,4.38,31452.38
2013-04-26,4.44,4.39,4.49,4.38,31527.95
2013-05-02,4.33,4.31,4.37,4.28,19228.85
2013-05-03,4.35,4.44,4.46,4.35,26966.21
2013-05-06,4.51,4.53,4.55,4.47,36484.53
2013-05-07,4.53,4.6,4.67,4.47,55420.34
2013-05-08,4.6,4.57,4.64,4.54,30839.01
2013-05-09,4.58,4.54,4.64,4.5,34415.65
2013-05-10,4.54,4.67,4.69,4.5,43407.2
2013-05-13,4.69,4.76,4.81,4.62,67758.47
2013-05-14,4.77,4.62,4.77,4.56,36874.27
2013-05-15,4.65,4.65,4.75,4.61,33136.71
2013-05-16,4.6,4.74,4.75,4.54,52507.89
2013-05-17,4.72,4.78,4.81,4.69,46644.92
2013-05-20,4.77,4.86,4.87,4.72,60982.57
2013-05-21,4.86,4.84,4.88,4.78,48830.03
2013-05-22,4.82,4.83,4.92,4.76,48825.45
2013-05-23,4.83,4.65,4.83,4.65,61282.02
2013-05-24,4.69,4.68,4.72,4.61,37975.04
2013-05-27,4.67,4.65,4.67,4.56,52925.32
2013-05-28,4.65,4.74,4.77,4.6,58747.21
2013-05-29,4.77,4.69,4.81,4.68,47608.67
2013-05-30,4.72,4.86,4.89,4.72,99690.43
2013-05-31,4.92,4.84,4.98,4.82,65828.3
2013-06-14,4.5,4.59,4.63,4.45,59365.24
2013-06-17,4.61,4.36,4.61,4.36,55947.1
2013-06-18,4.38,4.37,4.42,4.34,22511.61
2013-06-19,4.37,4.21,4.38,4.14,59849.94
2013-06-20,4.18,3.95,4.21,3.94,64639.72
2013-06-21,3.85,3.88,3.94,3.74,38200.44
2013-06-24,3.85,3.56,3.85,3.55,41461.96
2013-06-25,3.49,3.45,3.56,3.21,49525.2
2013-06-26,3.44,3.79,3.79,3.41,62270.08
2013-06-27,3.88,3.86,3.98,3.82,97334.68
2013-06-28,3.8,3.7,3.88,3.63,44133.0
2013-07-01,3.78,3.77,3.78,3.66,31422.99
2013-07-02,3.85,3.79,3.92,3.77,45977.69
2013-07-03,3.73,3.63,3.73,3.57,57632.21
2013-07-04,3.59,3.74,3.81,3.5,60988.59
2013-07-05,3.71,3.7,3.84,3.66,51843.22
2013-07-08,3.61,3.45,3.61,3.41,40718.73
2013-07-09,3.38,3.46,3.55,3.38,28871.23
2013-07-10,3.48,3.64,3.68,3.44,46543.32
2013-07-11,3.68,3.93,3.94,3.66,97539.89
2013-07-12,3.87,3.76,3.9,3.76,69411.86
2013-07-15,3.79,3.79,3.84,3.72,45673.35
2013-07-16,3.79,3.81,3.84,3.7,41509.26
2013-07-17,3.82,3.75,3.85,3.75,35640.61
2013-07-18,3.76,3.69,3.83,3.62,40245.21
2013-07-19,3.79,3.59,3.79,3.58,30898.75
2013-07-22,3.59,3.63,3.64,3.51,24653.08
2013-07-23,3.65,3.75,3.8,3.63,55724.18
2013-07-24,3.74,3.74,3.75,3.64,48117.02
2013-07-25,3.75,3.65,3.75,3.65,29240.94
2013-07-26,3.67,3.66,3.69,3.61,28724.39
2013-07-29,3.62,3.56,3.68,3.56,21228.1
2013-07-30,3.57,3.57,3.65,3.55,31377.66
2013-07-31,3.61,3.58,3.63,3.55,17272.78
2013-08-01,3.6,3.63,3.64,3.57,36899.4
2013-08-02,3.63,3.66,3.71,3.61,38559.24
2013-08-05,3.65,3.76,3.76,3.63,42747.47
2013-08-06,3.74,3.79,3.82,3.66,55663.38
2013-08-07,3.76,3.87,3.98,3.73,111075.31
2013-08-08,3.86,3.82,3.89,3.81,52097.92
2013-08-09,3.87,3.97,4.06,3.85,100364.31
2013-08-12,4.01,4.2,4.29,3.95,141940.86
2013-08-13,4.2,4.2,4.34,4.13,99818.04
2013-08-14,4.2,4.11,4.29,4.08,79003.35
2013-08-15,4.1,4.06,4.2,4.05,61787.58
2013-08-16,4.05,4.06,4.23,4.02,72140.02
2013-08-19,4.04,4.1,4.16,3.96,57226.81
2013-08-20,4.06,4.02,4.17,3.99,54821.0
2013-08-21,4.02,4.05,4.07,3.96,48680.64
2013-08-22,4.03,4.02,4.08,4.01,28014.61
2013-08-23,4.06,4.1,4.15,3.98,52876.16
2013-08-26,4.07,4.18,4.19,4.07,59159.84
2013-08-27,4.18,4.2,4.22,4.13,39419.67
2013-08-28,4.18,4.23,4.33,4.13,89454.77
2013-08-29,4.2,4.04,4.23,4.0,99849.47
2013-08-30,4.05,3.98,4.07,3.96,46665.28
2013-09-02,3.98,4.0,4.05,3.94,32629.91
2013-09-03,4.0,4.04,4.05,3.97,53340.11
2013-09-04,4.04,4.07,4.08,4.02,45331.3
2013-09-05,4.04,4.01,4.06,3.98,39340.24
2013-09-06,4.0,4.04,4.06,3.98,38351.53
2013-09-09,4.04,4.13,4.14,4.04,65191.96
2013-09-10,4.15,4.18,4.2,4.09,68918.47
2013-09-11,4.2,4.17,4.3,4.16,94264.92
2013-09-12,4.16,4.18,4.21,4.11,49318.46
2013-09-13,4.18,4.23,4.24,4.17,56162.75
2013-09-16,4.22,4.13,4.25,4.12,43751.96
2013-09-17,4.14,4.01,4.14,3.99,47659.59
2013-09-18,4.01,4.0,4.03,3.96,27775.96
2013-09-23,3.99,4.06,4.07,3.99,28092.96
2013-09-24,4.04,3.92,4.06,3.91,57517.89
2013-09-25,3.91,3.91,4.01,3.88,38790.83
2013-09-26,3.92,3.82,3.93,3.82,40012.83
2013-09-27,3.84,3.87,3.9,3.82,30785.35
2013-09-30,3.87,3.87,3.9,3.85,21429.29
2013-10-08,3.86,3.91,3.97,3.86,51882.23
2013-10-09,3.91,3.96,3.96,3.88,38562.89
2013-10-10,4.0,4.0,4.02,3.94,46004.22
2013-10-11,3.98,4.16,4.19,3.98,113386.87
2013-10-14,4.22,4.11,4.22,4.06,65730.16
2013-10-15,4.11,4.05,4.12,4.03,54205.12
2013-10-16,4.05,3.96,4.07,3.94,34682.65
2013-10-17,3.99,3.98,4.04,3.97,30761.61
2013-10-18,3.98,4.02,4.02,3.95,29135.68
2013-10-21,4.0,4.04,4.06,3.95,38587.8
2013-10-22,4.04,4.11,4.14,4.01,59812.14
2013-10-23,4.12,4.04,4.13,3.99,40193.54
2013-10-24,4.02,3.93,4.04,3.91,29341.72
2013-10-25,3.93,3.84,3.96,3.83,28383.6
2013-10-28,3.86,3.84,3.91,3.8,22815.89
2013-10-29,3.82,3.61,3.85,3.57,42136.83
2013-10-30,3.63,3.62,3.68,3.61,56966.11
2013-10-31,3.63,3.6,3.63,3.54,29601.52
2013-11-01,3.58,3.64,3.66,3.55,26281.78
2013-11-04,3.64,3.64,3.66,3.6,21349.9
2013-11-05,3.62,3.65,3.66,3.58,22956.98
2013-11-06,3.65,3.62,3.68,3.6,22509.03
2013-11-07,3.69,3.68,3.85,3.67,69402.89
2013-11-08,3.61,3.6,3.67,3.59,26401.54
2013-11-11,3.58,3.64,3.65,3.57,14984.39
2013-11-12,3.64,3.72,3.72,3.62,17205.16
2013-11-13,3.72,3.61,3.72,3.6,24596.97
2013-11-14,3.62,3.71,3.72,3.6,26419.32
2013-11-15,3.71,3.81,3.86,3.69,42725.22
2013-11-18,3.82,3.87,3.87,3.8,51561.09
2013-11-19,3.84,3.89,3.89,3.81,38257.6
2013-11-20,3.86,3.87,3.91,3.84,37671.62
2013-11-21,3.83,3.74,3.86,3.73,51311.01
2013-11-22,3.75,3.76,3.79,3.74,30514.91
2013-11-25,3.76,3.75,3.78,3.73,27804.81
2013-11-26,3.74,3.73,3.77,3.7,28273.21
2013-11-27,3.73,3.77,3.77,3.7,27784.33
2013-11-28,3.74,3.86,3.96,3.74,91159.84
2013-11-29,3.86,3.83,3.86,3.81,36851.26
2013-12-02,3.78,3.95,4.12,3.75,152177.64
2013-12-03,3.88,4.03,4.05,3.88,87669.43
2013-12-04,3.99,4.03,4.06,3.99,69703.1
2013-12-05,4.05,3.98,4.08,3.97,47216.48
2013-12-06,3.96,3.95,3.99,3.92,28039.21
2013-12-09,3.96,3.95,3.97,3.9,24825.94
2013-12-10,3.96,3.96,4.01,3.93,31983.68
2013-12-11,3.97,3.9,3.99,3.89,29592.92
2013-12-12,3.9,3.87,3.93,3.86,23429.66
2013-12-13,3.87,3.85,3.89,3.83,21948.77
2013-12-16,3.84,3.71,3.86,3.7,42581.59
2013-12-17,3.73,3.82,3.87,3.68,39971.73
2013-12-18,3.8,3.77,3.81,3.74,22183.69
2013-12-19,3.77,3.72,3.82,3.71,14541.21
2013-12-20,3.7,3.61,3.78,3.61,21728.99
2013-12-23,3.61,3.6,3.66,3.59,15226.97
2013-12-24,3.62,3.61,3.65,3.57,20401.55
2013-12-25,3.63,3.66,3.68,3.6,23289.51
2013-12-26,3.66,3.57,3.66,3.52,35983.92
2013-12-27,3.57,3.59,3.63,3.53,23284.29
2013-12-30,3.61,3.61,3.66,3.59,16177.83
2013-12-31,3.6,3.66,3.71,3.6,23529.19
2014-01-02,3.67,3.7,3.72,3.63,18273.49
2014-01-03,3.69,3.69,3.73,3.64,17458.17
2014-01-06,3.71,3.59,3.71,3.59,26137.96
2014-01-07,3.59,3.6,3.63,3.57,18235.31
2014-01-08,3.6,3.55,3.64,3.52,20719.36
2014-01-09,3.57,3.52,3.59,3.51,17651.62
2014-01-10,3.51,3.42,3.55,3.38,23961.5
2014-01-13,3.42,3.45,3.51,3.39,18261.73
2014-01-14,3.42,3.48,3.49,3.41,13744.28
2014-01-15,3.46,3.46,3.48,3.43,13119.85
2014-01-16,3.48,3.51,3.57,3.42,37522.64
2014-01-17,3.51,3.42,3.52,3.42,19400.99
2014-01-20,3.39,3.34,3.4,3.33,25079.64
2014-01-21,3.31,3.39,3.41,3.31,28063.18
2014-01-22,3.39,3.46,3.5,3.37,29812.88
2014-01-23,3.46,3.44,3.47,3.43,22416.03
2014-01-24,3.44,3.51,3.55,3.44,37770.21
2014-01-27,3.54,3.48,3.54,3.46,26727.11
2014-01-28,3.49,3.47,3.51,3.46,21039.71
2014-01-29,3.48,3.5,3.5,3.45,15313.52
2014-01-30,3.49,3.49,3.53,3.47,18829.53
2014-02-07,3.45,3.53,3.53,3.45,16949.72
2014-02-10,3.53,3.62,3.64,3.52,34388.42
2014-02-11,3.63,3.65,3.65,3.59,35810.61
2014-02-12,3.64,3.66,3.68,3.61,27068.3
2014-02-13,3.65,3.63,3.73,3.61,41532.58
2014-02-14,3.62,3.66,3.67,3.62,21949.22
2014-02-17,3.68,3.73,3.76,3.68,38448.3
2014-02-18,3.71,3.68,3.76,3.68,27075.88
2014-02-19,3.68,3.71,3.71,3.6,53090.41
2014-02-20,3.71,3.63,3.77,3.63,49419.23
2014-02-21,3.64,3.65,3.7,3.61,22404.01
2014-02-24,3.62,3.58,3.62,3.52,42682.99
2014-02-25,3.57,3.46,3.63,3.44,39615.42
2014-02-26,3.46,3.51,3.51,3.42,30961.35
2014-02-27,3.51,3.45,3.55,3.45,28962.53
2014-02-28,3.46,3.48,3.49,3.42,29987.08
2014-03-03,3.48,3.51,3.52,3.46,30172.72
2014-03-04,3.48,3.51,3.53,3.46,30434.81
2014-03-07,3.55,3.74,3.85,3.51,131301.76
2014-03-10,3.63,3.52,3.69,3.49,68588.74
2014-03-11,3.52,3.44,3.52,3.38,44367.24
2014-03-12,3.43,3.43,3.47,3.39,27969.02
2014-03-13,3.43,3.45,3.48,3.43,22630.16
2014-03-14,3.43,3.42,3.46,3.4,23767.03
2014-03-17,3.44,3.47,3.47,3.42,24119.45
2014-03-18,3.46,3.49,3.53,3.45,39224.43
2014-03-19,3.47,3.51,3.51,3.44,21827.81
2014-03-20,3.5,3.41,3.52,3.41,31519.04
2014-03-21,3.41,3.47,3.52,3.37,33104.88
2014-03-24,3.47,3.51,3.53,3.46,27651.91
2014-03-25,3.49,3.56,3.59,3.47,34240.79
2014-03-26,3.55,3.56,3.6,3.52,35174.3
2014-03-27,3.55,3.56,3.61,3.51,37750.67
2014-03-28,3.55,3.46,3.55,3.44,50304.87
2014-03-31,3.45,3.39,3.47,3.39,40451.22
2014-04-01,3.4,3.45,3.47,3.4,22996.59
2014-04-02,3.46,3.49,3.51,3.45,29697.72
2014-04-03,3.5,3.5,3.52,3.47,32093.27
2014-04-04,3.5,3.52,3.55,3.47,39180.68
2014-04-08,3.53,3.59,3.61,3.52,51560.45
2014-04-09,3.61,3.59,3.64,3.58,44537.07
2014-04-10,3.59,3.58,3.6,3.57,43364.17
2014-04-11,3.58,3.59,3.62,3.57,37858.77
2014-04-14,3.61,3.62,3.64,3.58,35367.61
2014-04-15,3.61,3.57,3.61,3.56,29330.21
2014-04-16,3.56,3.57,3.59,3.56,20652.61
2014-04-17,3.56,3.54,3.58,3.53,24564.37
2014-04-18,3.54,3.56,3.56,3.53,21769.93
2014-04-21,3.52,3.46,3.54,3.46,34352.8
2014-04-22,3.47,3.47,3.48,3.42,23856.18
2014-04-23,3.47,3.48,3.52,3.45,16124.94
2014-04-24,3.46,3.42,3.48,3.42,26061.56
2014-04-25,3.43,3.41,3.46,3.4,22389.03
2014-04-28,3.42,3.3,3.42,3.29,27935.52
2014-04-29,3.3,3.35,3.37,3.3,15794.68
2014-04-30,3.36,3.37,3.38,3.34,18528.81
2014-05-05,3.36,3.41,3.42,3.33,23772.71
2014-05-06,3.42,3.41,3.44,3.39,17774.33
2014-05-07,3.42,3.34,3.42,3.34,19683.43
2014-05-08,3.37,3.37,3.4,3.32,17053.73
2014-05-09,3.41,3.52,3.63,3.38,110060.9
2014-05-12,3.56,3.87,3.87,3.53,150494.62
2014-05-13,4.26,4.26,4.26,4.11,619801.29
2014-05-14,4.26,4.39,4.57,4.2,587900.5
2014-05-15,4.15,4.34,4.37,4.11,441935.29
2014-05-16,4.3,4.13,4.34,4.09,334770.81
2014-05-19,4.15,4.07,4.24,3.96,310873.16
2014-05-20,4.26,3.99,4.3,3.92,280737.89
2014-05-21,3.88,4.07,4.13,3.84,293277.85
2014-05-22,3.99,3.98,4.07,3.92,182556.73
2014-05-23,3.97,3.93,4.02,3.86,171673.6
2014-05-26,4.01,3.96,4.03,3.92,187288.95
2014-05-27,3.94,3.96,3.96,3.86,143367.08
2014-05-28,3.94,4.03,4.05,3.91,201831.55
2014-05-29,3.99,3.94,4.04,3.94,136918.32
2014-05-30,3.93,4.22,4.3,3.91,372707.91
2014-06-03,4.18,4.64,4.64,4.16,398266.26
2014-06-04,4.54,4.37,4.57,4.3,363909.97
2014-06-05,4.38,4.41,4.62,4.35,344213.86
2014-06-06,4.43,4.32,4.43,4.23,203474.17
2014-06-09,4.23,4.19,4.29,4.17,147002.23
2014-06-10,4.21,4.29,4.31,4.18,149984.08
2014-06-11,4.27,4.48,4.63,4.17,314630.6
2014-06-12,4.4,4.74,4.89,4.36,376656.48
2014-06-13,4.62,4.62,4.88,4.59,313585.05
2014-06-16,4.53,4.67,4.78,4.53,212649.56
2014-06-17,4.75,4.61,4.82,4.58,177432.15
2014-06-18,4.7,4.98,5.03,4.49,343830.73
2014-06-19,4.83,4.57,4.87,4.49,266442.6
2014-06-20,4.63,4.66,4.77,4.6,158406.5
2014-06-23,4.66,4.76,4.87,4.56,183565.12
2014-06-24,4.76,4.78,4.81,4.71,140314.0
2014-06-25,4.76,4.59,4.76,4.57,146508.76
2014-06-26,4.6,4.68,4.79,4.6,182410.02
2014-06-27,4.68,4.67,4.73,4.6,131903.81
2014-06-30,4.65,4.68,4.72,4.61,93446.54
2014-07-01,4.69,4.78,4.94,4.69,197464.3
2014-07-02,4.75,4.71,4.75,4.62,139674.58
2014-07-03,4.84,4.78,4.94,4.74,200633.16
2014-07-04,4.74,4.73,4.85,4.66,131075.68
2014-07-07,4.69,4.7,4.78,4.66,86299.09
2014-07-08,4.7,4.59,4.72,4.47,152795.62
2014-07-09,4.61,4.54,4.67,4.51,120928.41
2014-07-10,4.5,4.46,4.55,4.4,101449.97
2014-07-11,4.45,4.45,4.5,4.41,83047.86
2014-07-14,4.47,4.6,4.61,4.47,108882.41
2014-07-15,4.58,4.5,4.62,4.44,93724.22
2014-07-16,4.49,4.52,4.59,4.49,64182.56
2014-07-17,4.52,4.64,4.77,4.5,139321.55
2014-07-18,4.59,4.6,4.69,4.56,68060.62
2014-07-21,4.57,4.47,4.57,4.47,65323.98
2014-07-22,4.54,4.58,4.63,4.51,90724.82
2014-07-23,4.58,4.68,4.78,4.56,146518.32
2014-07-24,4.68,4.65,4.73,4.53,110437.8
2014-07-25,4.65,5.11,5.11,4.65,315568.25
2014-07-28,5.19,5.41,5.62,5.17,508099.54
2014-07-29,5.44,5.64,5.86,5.32,422622.01
2014-07-30,5.44,5.46,5.66,5.39,287787.73
2014-07-31,5.53,5.6,5.75,5.15,269071.86
2014-08-01,5.51,5.41,5.61,5.34,200061.43
2014-08-04,5.39,5.61,5.61,5.32,194502.03
2014-08-05,5.68,5.5,5.7,5.41,176200.4
2014-08-06,5.43,5.71,5.71,5.4,244170.19
2014-08-07,5.66,5.54,5.69,5.51,170412.61
2014-08-08,5.48,5.47,5.57,5.43,122968.36
2014-08-11,5.45,5.53,5.58,5.45,131830.33
2014-08-12,5.51,5.45,5.53,5.42,110599.25
2014-08-13,5.47,5.62,5.76,5.45,266958.11
2014-08-14,5.57,5.47,5.57,5.45,154195.8
2014-08-15,5.44,5.49,5.5,5.43,85688.96
2014-08-18,5.51,5.53,5.55,5.45,116640.5
2014-08-19,5.51,5.69,5.69,5.46,196216.46
2014-08-20,5.75,5.59,5.78,5.54,131538.6
2014-08-21,5.64,5.84,5.93,5.63,262546.63
2014-08-22,5.78,5.74,5.79,5.62,140009.14
2014-08-25,5.73,5.51,5.74,5.51,117417.84
2014-08-26,5.48,5.51,5.62,5.44,87228.16
2014-08-27,5.51,5.48,5.62,5.43,85708.91
2014-08-28,5.51,5.21,5.54,5.18,134832.96
2014-08-29,5.2,5.24,5.26,5.18,70455.82
2014-09-01,5.38,5.35,5.39,5.26,77643.06
2014-09-02,5.32,5.43,5.46,5.28,99536.03
2014-09-03,5.45,5.46,5.51,5.4,95335.01
2014-09-04,5.59,5.53,5.65,5.49,108605.75
2014-09-05,5.65,5.62,5.71,5.56,151414.83
2014-09-09,5.64,5.58,5.7,5.55,100972.16
2014-09-10,5.4,5.45,5.48,5.34,106378.91
2014-09-11,5.47,5.37,5.49,5.34,112124.61
2014-09-12,5.34,5.46,5.47,5.28,89162.24
2014-09-15,5.48,5.53,5.55,5.46,81619.18
2014-09-16,5.55,5.28,5.55,5.28,94561.62
2014-09-17,5.3,5.38,5.42,5.25,58005.07
2014-09-18,5.35,5.38,5.41,5.32,45934.55
2014-09-19,5.38,5.41,5.43,5.33,43979.76
2014-09-22,5.4,5.46,5.56,5.37,98878.06
2014-09-23,5.46,5.6,5.6,5.42,128788.74
2014-09-24,5.59,5.6,5.63,5.51,113438.13
2014-09-25,5.61,5.54,5.69,5.53,115031.85
2014-09-30,6.01,5.65,6.01,5.63,213111.58
2014-10-08,5.69,5.63,5.69,5.49,129167.69
2014-10-09,5.63,5.65,5.67,5.56,121038.73
2014-10-10,5.63,5.56,5.65,5.55,80735.41
2014-10-13,5.55,5.61,5.63,5.51,61361.85
2014-10-14,5.59,5.55,5.62,5.54,63330.05
2014-10-15,5.54,5.55,5.6,5.48,51703.56
2014-10-16,5.51,5.4,5.54,5.39,66242.45
2014-10-17,5.41,5.24,5.44,5.22,69879.71
2014-10-20,5.26,5.34,5.36,5.26,38128.32
2014-10-21,5.34,5.29,5.39,5.29,31563.07
2014-10-22,5.29,5.06,5.33,5.04,71771.49
2014-10-23,5.08,4.94,5.11,4.91,56508.91
2014-10-24,4.98,4.96,4.99,4.91,32406.24
2014-10-27,4.95,5.01,5.01,4.93,40405.68
2014-10-28,5.03,5.11,5.13,5.01,50520.69
2014-10-29,5.17,5.31,5.31,5.15,82228.29
2014-10-30,5.3,5.3,5.41,5.25,70853.05
2014-10-31,5.3,5.26,5.33,5.15,63483.65
2014-11-03,5.25,5.36,5.41,5.25,66662.83
2014-11-04,5.34,5.39,5.42,5.3,62240.96
2014-11-05,5.35,5.32,5.44,5.32,44904.78
2014-11-06,5.32,5.29,5.34,5.22,51893.08
2014-11-07,5.29,5.2,5.33,5.2,53404.88
2014-11-10,5.2,5.28,5.32,5.2,39300.23
2014-11-11,5.28,5.18,5.36,5.15,60958.07
2014-11-12,5.18,5.36,5.38,5.17,62556.02
2014-11-13,5.36,5.54,5.61,5.3,151144.85
2014-11-14,5.48,5.39,5.54,5.36,72734.95
2014-11-17,5.41,5.4,5.49,5.37,41988.85
2014-11-18,5.39,5.39,5.44,5.36,34319.46
2014-11-19,5.37,5.4,5.47,5.37,30699.1
2014-11-20,5.39,5.48,5.52,5.37,50966.45
2014-11-21,5.46,5.53,5.59,5.45,90735.36
2014-11-24,5.61,5.62,5.68,5.57,134253.04
2014-11-25,5.61,5.73,5.76,5.58,157747.25
2014-11-26,5.73,5.82,5.98,5.64,209143.61
2014-11-27,5.82,5.82,5.97,5.74,141900.64
2014-11-28,5.81,5.67,5.87,5.6,115298.82
2014-12-01,5.62,5.53,5.67,5.51,103053.94
2014-12-02,5.57,5.61,5.68,5.57,88527.99
2014-12-03,5.61,6.17,6.17,5.55,363725.75
2014-12-04,6.37,6.33,6.48,6.17,376983.74
2014-12-05,6.27,5.98,6.29,5.7,290723.85
2014-12-08,5.87,6.0,6.2,5.78,194041.0
2014-12-09,6.01,5.68,6.26,5.66,255090.51
2014-12-10,5.7,5.86,5.93,5.68,119499.98
2015-03-25,6.45,6.45,6.45,6.45,26404.24
2015-03-26,6.67,7.09,7.09,6.52,626349.31
2015-03-27,7.06,6.87,7.06,6.56,490051.73
2015-03-30,6.81,6.78,6.96,6.65,363310.1
2015-03-31,6.75,6.86,6.93,6.73,295544.51
2015-04-01,6.81,7.1,7.2,6.77,332103.93
2015-04-02,7.02,7.33,7.56,7.02,423401.04
2015-04-03,7.18,7.28,7.28,7.06,298695.96
2015-04-07,7.33,7.4,7.48,7.21,315135.1
2015-04-08,7.44,7.16,7.5,6.99,306044.07
2015-04-09,7.56,7.38,7.65,7.22,477261.05
2015-04-10,7.23,7.27,7.36,7.15,220224.02
2015-04-13,7.28,7.21,7.3,7.08,228795.62
2015-04-14,7.19,7.01,7.19,6.94,270474.28
2015-04-15,6.94,6.86,7.04,6.86,168547.7
2015-04-16,6.79,6.83,6.93,6.66,154322.58
2015-04-17,6.86,6.98,7.1,6.86,194422.67
2015-04-20,6.94,6.87,7.17,6.72,253402.73
2015-04-21,6.88,7.01,7.02,6.8,180001.07
2015-04-22,7.02,7.15,7.19,7.0,266433.37
2015-04-23,7.18,7.36,7.45,6.97,402627.64
2015-04-24,7.21,7.14,7.34,7.04,249447.1
2015-04-27,7.17,7.15,7.28,7.07,216559.13
2015-04-28,7.17,6.98,7.36,6.91,241603.46
2015-04-29,6.89,7.36,7.45,6.85,333187.06
2015-04-30,7.38,7.02,7.38,7.02,265542.23
2015-05-04,7.02,7.16,7.17,6.85,191114.88
2015-05-05,7.16,6.78,7.16,6.72,153811.63
2015-05-06,6.8,6.54,6.89,6.49,115825.64
2015-05-07,6.54,6.6,6.74,6.42,105324.28
2015-05-08,6.7,6.69,6.74,6.51,86578.02
2015-05-11,6.76,6.82,6.85,6.69,116480.97
2015-05-12,6.81,6.88,6.94,6.68,158450.28
2015-05-13,6.86,6.95,7.04,6.76,170289.88
2015-05-14,6.94,7.17,7.21,6.87,217498.24
2015-05-15,7.13,7.02,7.25,6.9,217896.91
2015-05-18,6.99,6.86,7.02,6.84,136734.06
2015-05-19,6.86,7.05,7.08,6.86,134264.65
2015-05-20,7.02,7.01,7.21,6.99,212878.81
2015-05-21,7.21,7.15,7.25,7.07,189226.38
2015-05-22,7.28,7.48,7.5,7.16,346837.26
2015-05-25,7.4,7.68,7.77,7.33,323789.72
2015-05-26,7.79,7.69,7.79,7.52,278469.5
2015-05-27,7.69,7.87,7.92,7.45,320204.33
2015-05-28,7.85,7.17,8.15,7.11,411005.1
2015-05-29,7.2,7.85,7.89,6.91,375227.17
2015-06-01,7.94,8.44,8.57,7.76,434650.63
2015-06-02,8.33,8.41,8.43,8.12,296791.7
2015-06-03,8.41,8.24,8.46,8.06,208376.07
2015-06-04,8.33,8.67,8.77,7.62,327545.7
2015-06-05,8.71,8.86,9.07,8.52,441713.0
2015-06-08,8.68,8.45,8.84,8.36,278380.82
2015-06-09,8.44,8.36,8.58,8.24,173232.26
2015-06-10,8.33,8.5,8.51,8.18,194460.61
2015-06-11,8.54,9.35,9.35,8.45,375066.83
2015-06-12,9.46,9.16,9.78,9.07,503957.57
2015-06-15,9.07,9.14,9.42,8.86,322892.1
2015-06-16,9.27,9.01,9.51,8.89,272328.4
2015-06-17,8.89,9.91,9.91,8.58,385498.57
2015-06-18,9.83,9.38,10.54,9.31,410363.79
2015-06-19,9.02,8.45,9.16,8.45,203325.68
2015-06-23,8.53,9.28,9.29,8.12,302968.59
2015-06-24,8.97,9.47,9.71,8.9,413305.14
2015-06-25,9.33,8.71,9.41,8.57,250231.98
2015-06-26,8.34,8.27,8.52,7.84,238375.64
2015-06-29,8.53,7.75,8.62,7.45,222793.64
2015-06-30,7.78,8.09,8.27,6.98,247533.0
2015-07-01,8.04,7.28,8.23,7.28,187890.85
2015-07-02,7.35,6.55,7.35,6.55,156276.47
2015-07-03,6.05,5.9,6.51,5.9,182394.65
2015-07-06,6.49,5.31,6.49,5.31,210003.71
2015-07-07,5.02,4.78,5.02,4.78,80179.43
2015-10-08,5.27,5.27,5.27,5.27,55662.9
2015-10-09,5.79,5.8,5.8,5.4,520321.69
2015-10-12,6.19,6.38,6.38,6.0,237471.17
2015-10-13,6.83,6.96,7.01,6.56,949958.63
2015-10-14,6.88,6.65,6.91,6.6,520025.81
2015-10-15,6.59,6.77,6.86,6.52,426668.93
2015-10-16,6.76,6.8,6.88,6.58,432958.91
2015-10-19,6.79,6.99,7.17,6.62,612289.51
2015-10-20,6.98,6.93,7.0,6.82,325708.77
2015-10-21,6.9,6.24,6.93,6.24,422214.53
2015-10-22,6.11,6.36,6.44,5.99,318723.44
2015-10-23,6.37,6.49,6.63,6.22,375434.82
2015-10-26,6.59,6.76,6.83,6.46,449085.78
2015-10-27,6.77,6.94,6.98,6.35,425786.23
2016-03-21,7.63,7.63,7.63,7.12,783298.61
2016-03-22,7.46,8.1,8.39,7.37,709220.22
2016-03-23,7.86,7.81,8.02,7.67,477720.47
2016-03-24,7.72,7.35,7.72,7.35,390870.47
2016-03-25,7.31,7.34,7.59,7.17,224157.42
2016-03-28,7.41,7.36,7.57,7.29,217330.89
2016-03-29,7.37,7.05,7.41,7.0,169069.06
2016-03-30,7.17,7.21,7.25,7.05,169086.49
2016-03-31,7.26,7.14,7.29,7.07,192946.67
2016-04-01,7.1,7.03,7.1,6.88,171134.33
2016-04-05,7.02,7.11,7.12,6.94,185310.63
2016-04-06,7.12,7.15,7.2,7.04,158547.48
2016-04-07,7.17,6.97,7.2,6.96,168276.03
2016-04-08,6.9,6.69,6.93,6.58,182728.78
2016-04-11,6.74,6.8,6.9,6.72,130957.19
2016-04-12,6.88,7.48,7.48,6.81,446749.15
2016-04-13,7.94,8.22,8.22,7.84,843827.91
2016-04-14,8.45,8.19,8.62,8.01,981737.2
2016-04-15,8.12,7.89,8.27,7.71,633586.94
2016-04-18,7.88,7.65,7.88,7.43,369730.94
2016-04-19,7.68,7.74,7.9,7.6,395910.67
2016-04-20,8.15,7.72,8.15,7.2,615010.95
2016-04-21,7.61,8.13,8.42,7.42,957122.72
2016-04-22,7.86,7.76,7.92,7.43,495334.68
2016-04-25,7.65,7.56,7.65,7.41,203450.43
2016-04-26,7.52,7.39,7.59,7.14,314969.16
2016-04-27,7.38,7.21,7.43,7.17,223389.16
2016-04-28,7.13,7.0,7.17,6.77,305032.96
2016-04-29,6.98,7.08,7.2,6.92,162952.17
2016-05-03,7.13,7.23,7.37,7.13,260249.65
2016-05-04,7.22,7.11,7.22,6.98,217419.67
2016-05-05,7.04,7.17,7.2,6.98,184358.21
2016-05-06,7.15,6.88,7.3,6.88,240461.78
2016-05-09,6.83,6.2,6.83,6.19,257573.26
2016-05-10,6.22,6.16,6.29,5.69,214971.23
2016-05-11,6.16,6.05,6.17,6.02,94660.08
2016-05-12,6.01,5.95,6.02,5.73,118263.54
2016-05-13,5.91,5.99,6.07,5.89,84280.85
2016-05-16,5.98,6.19,6.23,5.88,159243.94
2016-05-17,6.18,6.2,6.45,6.08,176917.4
2016-05-18,6.09,5.94,6.15,5.9,127042.69
2016-05-19,5.91,5.96,6.07,5.88,82308.57
2016-05-20,5.93,6.01,6.03,5.88,82868.09
2016-05-23,6.01,6.02,6.13,5.97,93637.82
2016-05-24,5.99,5.88,6.01,5.81,145924.16
2016-05-25,5.94,5.84,5.96,5.82,69227.75
2016-05-26,5.85,5.91,5.93,5.65,99281.63
2016-05-27,5.92,5.94,5.98,5.84,87836.96
2016-05-30,5.9,5.86,5.9,5.81,86605.89
2016-05-31,5.88,6.08,6.1,5.86,153920.14
2016-06-01,6.08,6.15,6.27,6.01,167525.98
2016-06-02,6.25,6.3,6.46,6.23,191091.49
2016-06-03,6.29,6.2,6.31,6.14,139865.65
2016-06-06,6.39,6.27,6.41,6.25,113287.78
2016-06-07,6.34,6.9,6.9,6.31,216394.84
2016-06-08,7.01,6.78,7.22,6.78,564150.92
2016-06-13,6.67,6.81,7.14,6.55,430315.33
2016-06-14,6.76,7.21,7.21,6.7,454613.16
2016-06-15,7.05,7.37,7.53,7.01,504132.01
2016-06-16,7.35,7.44,7.74,7.23,494798.12
2016-06-17,7.45,7.72,8.01,7.45,466042.51
2016-06-20,7.64,7.38,7.8,7.28,330210.13
2016-06-21,7.42,7.16,7.46,7.08,279472.38
2016-06-22,7.22,7.27,7.34,7.11,167044.6
2016-06-23,7.21,6.94,7.25,6.87,360316.9
2016-06-24,6.99,7.07,7.25,6.88,372468.61
2016-06-27,7.03,7.12,7.15,6.95,240539.33
2016-06-28,7.09,7.1,7.11,6.97,225899.09
2016-06-29,7.37,7.32,7.55,7.14,388420.13
2016-06-30,7.33,7.39,7.47,7.23,282652.72
2016-07-01,7.35,7.63,7.88,7.24,476252.83
2016-07-04,8.4,8.4,8.4,8.4,170153.73
2016-07-05,9.25,9.25,9.25,8.86,1820433.96
2016-07-06,9.21,10.17,10.17,9.07,1611687.75
2016-07-07,10.34,10.59,11.18,9.92,1858311.48
2016-07-08,10.37,11.18,11.54,10.3,1428222.78
2016-07-11,11.3,12.3,12.3,11.11,1633882.28
2016-07-12,11.93,11.99,12.23,11.46,1164031.16
2016-07-13,11.77,12.01,12.23,11.55,1020643.31
2016-07-14,11.83,11.83,11.94,11.47,798637.36
2016-07-15,11.7,11.41,11.94,11.33,1010306.17
2016-07-18,11.2,11.18,11.34,10.92,737939.82
2016-07-19,11.1,11.09,11.32,10.98,593156.93
2016-07-20,11.15,11.05,11.24,10.9,522923.5
2016-07-21,11.0,11.06,11.16,10.75,613839.34
2016-07-22,11.17,10.37,11.19,10.18,888559.98
2016-07-25,10.34,10.09,10.38,9.95,607227.07
2016-07-26,10.15,10.32,10.39,10.09,629283.66
2016-07-27,10.17,9.81,10.24,9.51,700278.84
2016-07-28,10.07,9.88,10.15,9.68,573810.28
2016-07-29,9.9,9.97,10.17,9.72,484473.77
2016-08-01,10.1,9.91,10.33,9.87,597981.41
2016-08-02,9.74,10.21,10.21,9.52,465824.52
2016-08-03,10.15,11.23,11.23,10.12,1404319.2
2016-08-04,11.1,11.36,11.47,10.91,922019.52
2016-08-05,11.2,10.99,11.29,10.86,562711.53
2016-08-08,10.51,10.03,10.66,9.89,806433.71
2016-08-09,9.89,10.07,10.15,9.83,399774.51
2016-08-10,10.1,10.59,10.59,10.1,623780.21
2016-08-11,10.32,10.08,10.37,10.05,425598.81
2016-08-12,10.0,10.2,10.22,9.86,280351.93
2016-08-15,10.19,10.37,10.49,9.93,451463.11
2016-08-16,10.37,10.76,10.98,10.26,660161.19
2016-08-17,10.56,10.1,10.59,9.81,756476.3
2016-08-18,9.92,10.13,10.22,9.92,406960.76
2016-08-19,10.02,10.04,10.13,9.94,203968.42
2016-08-22,9.98,9.82,10.04,9.81,197376.69
2016-08-23,9.8,9.92,9.93,9.77,165161.49
2016-08-24,9.92,9.82,9.96,9.8,126303.43
2016-08-25,9.64,9.46,9.65,9.24,209301.2
2016-08-26,9.58,9.56,9.9,9.49,240457.38
2016-08-29,9.45,9.44,9.61,9.33,161190.02
2016-08-30,9.47,9.5,9.58,9.36,128977.18
2016-08-31,9.62,9.77,9.89,9.58,286251.36
2016-09-01,9.76,9.8,9.97,9.63,293119.98
2016-09-02,9.9,10.1,10.3,9.9,405423.79
2016-09-05,10.37,10.52,10.61,10.17,542117.78
2016-09-06,10.53,10.58,10.61,10.13,380711.59
2016-09-07,10.71,10.42,11.0,10.4,477898.46
2016-09-08,10.48,10.42,10.54,10.14,289222.56
2016-09-09,10.37,10.09,10.37,10.06,236017.31
2016-09-12,9.68,9.51,9.93,9.5,298876.74
2016-09-13,9.64,9.53,9.71,9.48,149792.4
2016-09-14,9.38,9.69,9.74,9.32,173800.57
2016-09-19,9.67,9.72,9.81,9.58,92045.77
2016-09-20,9.8,9.92,10.0,9.63,157379.88
2016-09-28,10.07,10.04,10.69,10.01,371754.93
2016-09-29,9.87,9.93,10.14,9.87,202780.49
2016-09-30,9.86,9.56,9.98,9.51,239047.73
2016-10-10,9.14,9.25,9.33,9.06,334430.77
2016-10-11,9.24,9.41,9.44,9.17,198726.62
2016-10-12,9.31,9.24,9.31,9.2,148439.86
2016-10-13,9.18,9.21,9.3,9.15,113078.83
2016-10-14,9.19,9.2,9.21,9.06,115799.64
2016-10-17,9.21,9.28,9.39,9.18,171999.68
2016-10-18,9.27,9.33,9.37,9.2,136312.61
2016-10-19,9.38,9.37,9.58,9.35,218866.86
2016-10-20,9.38,9.62,9.66,9.27,247286.62
2016-10-21,9.87,9.53,9.87,9.37,236709.33
2016-10-24,9.52,9.59,9.78,9.34,177332.34
2016-10-25,9.69,10.12,10.17,9.64,471845.32
2016-10-26,9.97,9.83,10.11,9.78,330004.78
2016-10-27,9.73,9.69,9.8,9.53,169532.12
2016-10-28,9.72,9.55,9.75,9.54,143426.0
2016-10-31,9.65,9.84,9.86,9.56,156722.68
2016-11-01,10.0,10.5,10.51,9.84,553781.37
2016-11-02,10.36,11.25,11.55,10.32,883599.17
2016-11-03,11.05,11.0,11.67,10.72,664094.02
2016-11-04,11.15,10.6,11.47,10.55,495409.28
2016-11-07,10.63,10.7,10.86,10.3,366815.54
2016-11-08,10.55,10.47,10.64,10.37,252662.51
2016-11-09,10.56,10.89,11.2,10.51,654054.27
2016-11-10,10.68,10.97,11.2,10.64,571893.98
2016-11-11,10.84,11.57,11.87,10.71,787295.38
2016-11-14,11.06,11.0,11.2,10.78,647467.83
2016-11-15,11.3,10.79,11.42,10.73,461862.98
2016-11-16,10.6,10.58,10.69,10.44,268529.11
2016-11-17,10.46,10.39,10.56,10.32,209011.29
2016-11-18,10.36,10.17,10.44,10.1,245905.91
2016-11-21,10.19,10.29,10.37,10.11,169059.59
2016-11-22,10.34,10.83,10.95,10.33,433027.54
2016-11-23,10.75,10.43,10.76,10.37,258588.33
2016-11-24,10.68,10.52,10.9,10.46,341616.63
2016-11-25,10.5,10.26,10.5,9.98,266785.44
2016-11-28,10.51,10.59,10.76,10.43,392872.11
2016-11-29,10.41,10.24,10.51,10.17,260841.67
2016-11-30,10.02,9.87,10.04,9.82,246462.58
2016-12-01,9.88,9.91,9.95,9.81,110025.44
2016-12-02,9.85,9.64,9.95,9.58,157809.0
2016-12-05,9.58,9.51,9.61,9.46,108885.83
2016-12-06,9.61,9.59,9.73,9.53,95333.98
2016-12-07,9.69,9.8,9.86,9.59,109414.93
2016-12-08,9.77,9.77,9.95,9.73,117425.58
2016-12-09,9.6,9.63,9.72,9.55,87873.26
2016-12-12,9.55,9.06,9.71,9.04,149927.42
2016-12-13,9.14,9.14,9.2,8.72,120678.3
2016-12-14,9.05,9.21,9.41,8.94,121657.65
2016-12-15,9.14,9.07,9.35,8.96,120867.68
2016-12-16,8.99,9.06,9.1,8.94,75712.2
2016-12-19,9.06,8.97,9.16,8.93,63802.57
2016-12-20,8.97,8.77,8.97,8.7,123479.53
2016-12-21,8.78,8.84,8.92,8.76,80133.94
2016-12-22,8.84,8.81,8.92,8.77,66658.0
2016-12-23,8.74,8.66,8.89,8.66,83512.0
2016-12-26,8.55,8.35,8.65,8.06,155246.65
2016-12-27,8.34,8.36,8.4,8.22,75142.33
2016-12-28,8.48,8.6,8.72,8.45,140644.27
2016-12-29,8.6,8.5,8.68,8.46,87961.86
2016-12-30,8.63,8.57,8.69,8.53,88979.98
2017-01-03,8.66,8.69,8.72,8.59,68529.82
2017-01-04,8.75,8.74,8.76,8.65,84513.59
2017-01-05,8.84,8.74,8.84,8.68,81008.58
2017-01-06,8.74,8.54,8.79,8.45,85641.31
2017-01-09,8.53,8.68,8.72,8.43,66684.15
2017-01-10,8.74,9.07,9.18,8.69,201704.68
2017-01-11,9.28,9.02,9.28,9.0,203340.79
2017-01-12,8.99,8.91,9.06,8.86,96218.97
2017-01-13,8.93,8.57,8.96,8.57,87487.53
2017-01-16,8.55,8.54,8.79,8.27,155223.33
2017-01-17,8.44,8.54,8.58,8.24,68754.35
2017-01-18,8.52,8.61,8.72,8.47,76046.1
2017-01-19,8.54,8.46,8.66,8.4,54007.26
2017-01-20,8.47,8.49,8.59,8.46,48012.96
2017-01-23,8.49,8.79,8.99,8.49,135800.67
2017-01-24,8.76,8.69,8.81,8.62,85363.92
2017-01-25,8.71,8.7,8.81,8.67,62867.21
2017-01-26,8.7,8.94,8.94,8.69,121016.9
2017-02-03,9.03,8.85,9.1,8.85,108790.42
2017-02-06,8.84,8.75,8.93,8.71,113079.88
2017-02-07,8.83,8.99,9.0,8.75,132300.52
2017-02-08,8.99,8.97,8.99,8.87,109680.95
2017-02-09,9.0,8.98,9.03,8.94,99360.74
2017-02-10,8.95,9.15,9.24,8.89,201853.99
2017-02-13,9.32,9.1,9.48,9.04,268212.06
2017-02-14,9.05,9.16,9.19,8.98,131086.97
2017-02-15,9.08,8.83,9.11,8.82,215823.88
2017-02-16,8.83,8.94,9.1,8.81,159279.55
2017-02-17,8.93,8.74,8.97,8.73,105185.03
2017-02-20,8.69,8.82,8.86,8.68,64565.39
2017-02-21,8.87,8.96,9.0,8.8,127935.13
2017-02-22,8.94,8.93,9.0,8.9,89246.55
2017-02-23,8.93,9.27,9.32,8.89,369608.98
2017-02-24,9.19,9.04,9.19,8.97,190876.64
2017-02-27,9.05,9.08,9.25,8.98,164863.02
2017-02-28,9.16,9.45,9.58,9.1,496298.54
2017-03-01,9.35,9.39,9.49,9.21,294428.36
2017-03-02,9.38,9.25,9.58,9.23,253278.96
2017-03-03,9.1,8.99,9.19,8.96,231436.54
2017-03-06,8.99,9.03,9.06,8.95,118062.56
2017-03-07,8.99,8.87,9.02,8.82,186384.09
2017-03-08,8.78,8.9,8.9,8.78,94691.41
2017-03-09,8.89,8.71,8.89,8.65,169089.07
2017-03-10,8.67,8.67,8.79,8.63,88832.3
2017-03-13,8.69,8.77,8.8,8.62,92365.92
2017-03-14,8.74,8.69,8.77,8.67,76086.26
2017-03-15,8.68,8.74,8.76,8.64,83856.51
2017-03-16,8.82,8.84,8.89,8.75,117553.71
2017-03-17,8.85,8.68,8.87,8.67,101108.45
2017-03-20,8.71,8.69,8.72,8.63,68310.78
2017-03-21,8.68,8.55,8.68,8.5,136666.89
2017-03-22,8.53,8.39,8.54,8.35,109310.2
2017-03-23,8.39,8.44,8.45,8.35,81604.31
2017-03-24,8.41,8.32,8.42,8.28,92417.33
2017-03-27,8.33,8.39,8.4,8.23,84322.48
2017-03-28,8.36,8.47,8.53,8.33,87811.19
2017-03-29,8.5,8.4,8.5,8.4,65329.59
2017-03-30,8.44,8.21,8.47,8.21,85027.95
2017-03-31,8.22,8.15,8.28,8.13,67018.8
2017-04-05,8.15,8.27,8.29,8.12,114284.77
2017-04-06,8.27,8.15,8.28,8.09,134760.47
2017-04-07,8.14,8.3,8.49,8.13,196801.22
2017-04-10,8.15,7.96,8.19,7.92,210660.05
2017-04-11,7.92,8.0,8.0,7.86,89992.49
2017-04-12,8.01,8.03,8.09,7.97,99413.19
2017-04-13,8.09,8.19,8.21,8.06,130926.55
2017-04-14,8.24,8.54,8.74,8.15,412645.57
2017-04-17,8.55,8.33,8.55,8.25,172450.97
2017-04-18,8.31,8.33,8.43,8.2,124280.01
2017-04-19,8.27,7.98,8.27,7.81,146804.26
2017-04-20,7.95,7.89,7.99,7.76,84802.44
2017-04-21,7.96,7.84,7.97,7.79,61506.25
2017-04-24,7.82,7.16,7.83,7.15,155114.56
2017-04-25,7.18,7.21,7.3,7.13,69692.87
2017-04-26,7.35,7.17,7.35,7.17,56807.15
2017-04-27,7.17,7.08,7.21,6.82,122751.74
2017-04-28,7.06,7.11,7.14,7.02,55632.91
2017-05-02,7.12,7.27,7.39,7.12,128942.33
2017-05-03,7.25,7.31,7.4,7.17,106169.05
2017-05-04,7.24,7.28,7.41,7.19,81789.02
2017-05-05,7.27,7.28,7.35,7.17,77839.45
2017-05-08,7.29,7.17,7.35,7.17,67904.15
2017-05-09,7.17,7.4,7.42,7.13,84562.24
2017-05-10,7.37,7.25,7.45,7.19,78005.2
2017-05-11,7.21,7.03,7.22,6.84,108761.33
2017-05-12,7.03,7.2,7.27,7.02,72639.56
2017-05-15,7.2,7.2,7.36,7.2,65989.06
2017-05-16,7.18,7.37,7.38,7.18,90841.51
2017-05-17,7.39,7.65,7.73,7.37,184997.72
2017-05-18,7.66,7.58,7.78,7.52,109192.39
2017-05-19,7.57,7.64,7.66,7.53,65551.67
2017-05-22,7.7,7.73,8.02,7.66,121774.62
2017-05-23,7.75,7.59,7.78,7.5,85758.53
2017-05-24,7.57,7.55,7.62,7.42,65842.61
2017-05-25,7.49,7.74,7.74,7.49,89002.87
2017-05-26,7.79,7.74,7.91,7.73,66953.31
2017-05-31,7.75,7.71,7.89,7.69,67171.55
2017-06-01,7.71,7.49,7.74,7.48,69385.83
2017-06-02,7.49,7.57,7.58,7.3,69531.53
2017-06-05,7.61,7.69,7.81,7.57,51731.56
2017-06-06,7.71,7.79,7.85,7.6,77056.75
2017-06-07,7.85,7.86,7.94,7.78,72063.49
2017-06-08,7.85,7.79,7.91,7.77,57775.63
2017-06-09,7.79,7.71,7.79,7.66,60793.88
2017-06-12,7.7,7.73,7.81,7.59,68124.57
2017-06-13,7.68,8.06,8.13,7.66,172600.51
2017-06-14,8.01,8.1,8.14,7.97,112725.25
2017-06-15,8.04,8.11,8.17,8.03,87000.55
2017-06-16,8.1,8.26,8.32,8.08,114920.99
2017-06-19,8.27,8.26,8.3,8.14,73415.79
2017-06-20,8.27,8.21,8.31,8.15,83156.27
2017-06-21,8.2,8.14,8.22,8.11,49720.67
2017-06-22,8.16,8.2,8.33,8.16,103492.6
2017-06-23,8.17,8.25,8.28,8.07,74332.57
2017-06-26,8.27,8.38,8.45,8.25,105026.73
2017-06-27,8.39,8.67,8.71,8.35,211343.38
2017-06-28,8.63,8.67,8.81,8.58,115830.92
2017-06-29,8.64,8.62,8.75,8.6,74737.84
2017-06-30,8.66,8.86,8.89,8.6,118624.17
2017-07-03,8.84,8.92,9.04,8.79,113319.26
2017-07-04,8.92,8.77,8.98,8.75,84457.54
2017-07-05,8.75,8.86,8.91,8.63,90295.06
2017-07-06,8.84,9.04,9.09,8.81,145736.16
2017-07-07,9.01,9.26,9.3,8.89,194441.68
2017-07-10,9.25,9.12,9.44,9.05,228557.97
2017-07-11,9.1,8.94,9.16,8.71,179489.43
2017-07-12,8.93,8.89,8.98,8.65,151820.02
2017-07-13,8.95,9.26,9.43,8.95,315802.08
2017-07-14,9.2,9.13,9.21,9.02,155163.2
2017-07-17,9.16,8.75,9.24,8.21,208794.09
2017-07-18,8.6,8.88,9.02,8.6,162575.47
2017-07-19,8.97,9.47,9.68,8.94,408840.63
2017-07-20,9.38,9.5,9.67,9.33,316830.29
2017-07-21,9.42,9.54,9.63,9.29,249493.79
2017-07-24,9.47,9.73,9.92,9.47,340386.28
2017-07-25,9.73,9.66,9.74,9.43,201382.28
2017-07-26,9.81,9.67,9.92,9.55,256183.63
2017-07-27,9.59,9.48,9.66,9.21,181164.6
2017-07-28,9.38,9.7,9.71,9.33,154391.92
2017-07-31,9.71,10.0,10.08,9.69,282004.89
2017-08-01,10.02,9.72,10.04,9.65,199928.25
2017-08-02,9.69,9.53,10.01,9.51,256433.65
2017-08-03,9.63,9.88,10.08,9.58,334190.22
2017-08-04,9.95,9.75,10.27,9.73,324001.75
2017-08-07,9.63,10.03,10.12,9.58,211902.77
2017-08-08,10.21,10.12,10.41,10.02,340781.87
2017-08-09,10.27,10.27,10.36,9.9,237761.7
2017-08-10,10.17,9.99,10.21,9.87,168556.44
2017-08-11,9.74,9.23,9.9,9.06,305390.04
2017-08-14,9.23,9.55,9.65,9.23,141564.15
2017-08-15,9.46,9.39,9.6,9.3,93943.99
2017-08-16,9.44,9.25,9.51,8.96,137441.27
2017-08-17,9.84,9.64,9.93,9.57,263755.12
2017-08-18,9.51,9.66,9.72,9.44,95820.16
2017-08-21,9.71,9.84,10.01,9.62,163753.54
2017-08-22,9.83,9.76,9.87,9.63,111813.45
2017-08-23,9.7,9.47,9.78,9.31,125229.85
2017-08-24,9.5,9.37,9.53,9.26,64248.77
2017-08-25,9.41,9.52,9.63,9.34,87776.15
2017-08-28,9.44,9.61,9.65,9.37,104172.07
2017-08-29,9.64,9.75,9.99,9.64,145730.42
2017-08-30,9.68,9.91,10.05,9.68,132512.85
2017-08-31,10.15,10.25,10.29,9.93,282457.3
2017-09-01,10.23,10.22,10.65,10.07,344904.17
2017-09-04,10.38,10.79,11.04,10.34,482683.23
2017-09-05,10.73,10.8,11.0,10.5,226736.35
2017-09-06,10.63,11.13,11.51,10.48,318594.06
2017-09-07,11.02,10.91,11.51,10.87,285320.44
2017-09-08,10.96,11.08,11.26,10.91,207448.76
2017-09-11,10.83,11.52,11.52,10.72,213883.61
2017-09-12,11.62,11.4,12.09,11.32,328458.09
2017-09-13,11.62,11.72,11.85,11.48,214252.25
2017-09-14,11.79,11.38,11.87,11.26,248995.32
2017-09-15,11.32,11.2,11.48,10.88,179847.29
2017-09-18,11.22,11.41,11.53,11.11,189560.91
2017-09-19,11.44,11.17,11.57,11.11,133796.31
2017-09-20,11.2,11.73,11.76,11.13,257043.7
2017-09-21,11.69,11.28,11.69,11.28,156421.8
2017-09-22,11.14,10.99,11.2,10.86,134616.35
2017-09-25,11.01,10.87,11.1,10.71,125060.15
2017-09-26,10.96,10.92,11.07,10.72,139028.56
2017-09-27,11.05,10.91,11.09,10.82,110035.75
2017-09-28,11.07,10.77,11.07,10.75,83595.38
2017-09-29,10.79,10.82,10.98,10.61,123986.18
2017-10-09,11.01,11.22,11.31,10.87,183736.18
2017-10-10,11.16,11.0,11.21,10.95,106034.13
2017-10-11,11.02,10.48,11.02,10.4,177589.87
2017-10-12,10.53,10.57,10.69,10.39,86872.87
2017-10-13,10.63,10.56,10.66,10.46,48707.86
2017-10-16,10.68,10.69,10.78,10.33,110238.73
2017-10-17,10.58,10.46,10.58,10.34,52773.94
2017-10-18,10.37,10.25,10.46,10.02,94455.24
2017-10-19,10.24,10.03,10.4,9.85,90701.06
2017-10-20,10.01,10.23,10.34,9.95,49842.94
2017-10-23,10.16,10.3,10.39,10.08,67108.12
2017-10-24,10.23,10.32,10.43,10.15,52612.93
2017-10-25,10.3,10.51,10.55,10.3,78494.65
2017-10-26,10.44,10.77,10.86,10.44,117301.95
2017-10-27,10.68,10.71,10.98,10.56,101077.6
2017-10-30,10.64,10.38,10.71,10.18,115878.52
2017-10-31,10.37,10.23,10.54,9.94,112440.9
2017-11-01,10.41,10.57,10.69,10.37,139910.19
2017-11-02,10.58,10.94,11.0,10.34,199548.82
2017-11-03,10.83,10.39,10.94,10.29,189884.36
2017-11-06,10.25,10.58,10.61,10.0,133263.79
2017-11-07,10.53,10.54,10.67,10.28,91752.14
2017-11-08,10.43,10.3,10.48,10.18,147921.29
2017-11-09,10.3,10.31,10.39,10.19,82433.66
2017-11-10,10.17,9.99,10.29,9.83,212941.5
2017-11-13,10.03,9.74,10.03,9.65,154612.4
2017-11-14,9.77,9.81,9.91,9.76,95005.62
2017-11-15,9.65,9.45,9.76,9.44,95755.37
2017-11-16,9.45,9.48,9.6,9.41,55936.66
2017-11-17,9.51,8.97,9.58,8.9,113208.07
2017-11-20,8.99,9.33,9.37,8.87,107733.49
2017-11-21,9.3,9.33,9.48,9.17,84816.9
2017-11-22,9.45,9.34,9.45,9.27,55624.29
2017-11-23,9.31,9.15,9.5,9.13,85910.93
2017-11-24,9.15,9.26,9.4,8.96,70809.17
2017-11-27,9.21,9.25,9.58,9.21,116426.18
2017-11-28,9.4,9.85,9.98,9.26,233667.89
2017-11-29,9.94,10.78,10.84,9.94,688468.72
2017-11-30,10.51,10.6,10.76,10.37,445324.96
2017-12-01,10.63,10.59,10.92,10.37,297040.42
2017-12-04,10.71,10.66,11.12,10.4,309250.19
2017-12-05,10.56,10.19,10.56,9.86,294507.48
2017-12-06,9.85,9.83,9.96,9.5,273888.84
2017-12-07,9.74,9.75,9.99,9.65,196763.9
2017-12-08,9.7,9.74,9.79,9.41,148354.33
2017-12-11,9.73,9.64,9.79,9.51,176507.76
2017-12-12,9.6,9.63,9.89,9.57,186104.02
2017-12-13,9.59,9.68,9.75,9.45,143902.76
2017-12-14,9.67,9.65,9.83,9.58,95348.27
2017-12-15,9.64,9.36,9.65,9.35,98922.68
2017-12-18,9.38,9.57,9.6,9.38,112663.17
2017-12-19,9.65,9.55,9.65,9.45,76800.05
2017-12-20,9.52,9.22,9.52,8.89,148444.05
2017-12-21,9.19,9.2,9.26,8.99,97631.8
2017-12-22,9.13,9.37,9.53,9.06,153966.67
2017-12-25,9.37,9.38,9.47,9.27,66381.1
2017-12-26,9.41,9.23,9.41,9.15,104682.18
2017-12-27,9.22,9.34,9.48,9.17,118191.83
2017-12-28,9.35,9.89,9.98,9.3,272594.18
2017-12-29,9.85,9.68,9.94,9.63,168528.51
2018-01-02,9.75,9.89,9.92,9.58,167447.68
2018-01-03,9.9,10.2,10.69,9.9,299653.22
2018-01-04,10.1,10.37,10.41,9.94,251239.19
2018-01-05,10.18,10.06,10.32,10.04,230122.19
2018-01-08,9.94,10.53,11.06,9.68,536791.41
2018-01-09,10.48,10.68,10.73,10.42,381305.81
2018-01-10,10.53,10.33,10.7,10.28,214693.42
2018-01-11,10.37,10.46,10.6,10.2,187188.73
2018-01-12,10.33,10.29,10.48,10.15,168392.95
2018-01-15,10.29,9.84,10.29,9.74,275641.87
2018-01-16,9.85,9.86,10.09,9.74,150890.29
2018-01-17,9.84,9.5,9.84,9.44,195468.47
2018-01-18,9.48,9.56,9.64,9.44,136369.0
2018-01-19,9.56,9.64,9.69,9.37,145950.16
2018-01-22,9.66,10.04,10.2,9.64,248971.58
2018-01-23,10.12,10.55,10.73,10.12,418643.12
2018-01-24,10.53,10.56,10.65,10.33,254966.02
2018-01-25,11.01,11.38,11.62,10.82,662488.74
2018-01-26,11.22,11.15,11.35,11.02,330046.82
2018-01-29,11.57,11.32,11.83,11.2,386264.83
2018-01-30,11.35,11.6,12.39,11.17,595042.44
2018-01-31,11.5,11.92,12.07,11.32,411978.46
2018-02-01,11.78,11.19,12.35,11.06,577967.58
2018-02-02,11.34,11.87,12.03,10.99,601250.14
2018-02-05,11.61,11.8,12.11,11.42,441148.54
2018-02-06,11.46,11.46,12.27,11.29,531785.75
2018-02-07,11.7,10.85,12.05,10.71,525525.25
2018-02-08,10.36,10.48,10.72,10.24,365499.3
2018-02-09,10.06,9.55,10.21,9.44,392626.16
2018-02-12,9.65,9.78,9.93,9.47,224449.22
2018-02-13,9.86,10.52,10.52,9.86,364398.59
2018-02-14,10.63,10.42,10.69,10.27,185918.36
2018-02-22,10.54,11.09,11.17,10.37,328019.4
2018-02-23,11.02,11.14,11.24,10.91,233239.12
2018-02-26,11.32,11.37,11.46,11.03,253782.98
2018-02-27,11.34,10.9,11.37,10.73,281975.44
2018-02-28,10.64,10.98,11.21,10.54,249956.97
2018-03-01,10.81,11.01,11.18,10.71,204281.72
2018-03-02,10.85,10.51,10.94,10.38,278692.81
2018-03-05,10.61,10.69,10.8,10.46,185163.24
2018-03-06,10.58,10.9,10.96,10.25,355487.21
2018-03-07,10.83,10.48,10.87,10.43,212225.28
2018-03-08,10.4,10.51,10.76,10.39,156808.58
2018-03-09,10.53,10.29,10.55,10.09,290751.69
2018-03-12,10.41,10.67,10.71,10.35,312907.07
2018-03-13,10.65,10.68,10.86,10.54,261136.7
2018-03-14,10.53,10.66,10.87,10.53,261264.85
2018-03-15,10.51,10.35,10.6,10.24,224662.67
2018-03-16,10.31,10.14,10.31,10.01,216867.87
2018-03-19,10.14,9.96,10.14,9.89,157554.54
2018-03-20,9.89,10.0,10.03,9.87,108641.84
2018-03-21,10.01,9.85,10.24,9.84,166521.77
2018-03-22,10.04,9.96,10.1,9.91,115027.64
2018-03-23,9.55,9.17,9.55,8.97,448778.85
2018-03-26,8.98,9.3,9.32,8.89,176166.1
2018-03-27,9.38,9.52,9.62,9.33,192460.81
2018-03-28,9.3,9.27,9.54,9.26,114312.59
2018-03-29,9.31,9.54,9.57,9.08,164412.46
2018-03-30,9.53,9.64,9.69,9.47,132517.46
2018-04-02,9.64,9.69,9.82,9.58,135803.87
2018-04-03,9.67,9.6,9.67,9.5,108518.33
2018-04-04,9.48,9.34,9.6,9.29,112972.32
2018-04-09,9.53,9.53,9.7,9.47,152883.47
2018-04-10,9.52,9.68,9.7,9.5,125028.08
2018-04-11,9.7,9.96,9.98,9.66,177533.73
2018-04-12,9.85,9.69,9.94,9.65,151829.94
2018-04-13,9.65,9.17,9.65,9.06,370814.42
2018-04-16,9.17,9.02,9.17,8.93,156210.3
2018-04-17,9.05,8.98,9.16,8.94,118314.41
2018-04-18,9.06,9.01,9.08,8.82,101300.75
2018-04-19,9.5,9.42,9.6,9.23,317811.86
2018-04-20,9.14,8.98,9.21,8.96,189375.25
2018-04-23,9.01,8.76,9.03,8.63,154393.22
2018-04-24,8.62,8.86,8.93,8.61,125207.55
2018-04-25,8.76,8.7,8.9,8.68,111533.25
2018-04-26,8.76,8.68,8.81,8.61,84839.01
2018-04-27,8.72,8.73,8.77,8.62,72734.09
2018-05-02,8.76,8.76,8.95,8.65,107771.99
2018-05-03,8.76,8.76,8.78,8.58,100801.92
2018-05-04,8.75,8.64,8.75,8.56,79909.93
2018-05-07,8.74,8.82,8.85,8.66,123363.95
2018-05-08,8.84,8.94,9.03,8.77,140491.0
2018-05-09,8.92,8.79,8.93,8.77,96026.13
2018-05-10,8.82,8.85,8.89,8.78,67900.43
2018-05-11,8.89,8.94,9.04,8.84,129944.9
2018-05-14,8.93,8.83,8.98,8.81,86017.07
2018-05-15,8.83,8.75,8.83,8.62,137245.11
2018-05-16,8.67,8.66,8.73,8.63,65498.55
2018-05-17,8.63,8.55,8.69,8.51,82545.66
2018-05-18,8.53,7.73,8.53,7.7,534630.86
2018-05-21,7.83,7.77,7.85,7.68,203654.47
2018-05-22,7.78,8.0,8.0,7.77,200880.77
2018-05-23,7.99,7.83,7.99,7.76,155449.32
2018-05-24,7.85,7.77,7.85,7.73,83587.9
2018-05-25,7.82,7.78,7.91,7.75,128576.23
2018-05-28,7.72,7.33,7.72,7.04,250687.59
2018-05-29,7.23,7.3,7.39,7.23,145759.66
2018-05-30,7.16,7.09,7.23,6.94,185139.92
2018-05-31,7.18,7.2,7.3,7.14,130559.93
2018-06-01,7.19,7.35,7.61,7.12,199425.66
2018-06-04,7.38,7.42,7.63,7.37,147210.51
2018-06-05,7.3,7.45,7.48,7.23,114145.53
2018-06-06,7.56,7.5,7.66,7.45,141834.39
2018-06-07,7.57,7.46,7.62,7.45,118245.36
2018-06-08,7.37,7.38,7.53,7.34,110360.63
2018-06-11,7.38,7.54,7.68,7.33,152153.43
2018-06-12,7.52,7.52,7.6,7.43,77862.07
2018-06-13,7.49,7.3,7.51,7.23,118063.63
2018-06-14,7.24,7.38,7.41,7.24,90271.16
2018-06-15,7.36,7.1,7.42,7.02,122142.43
2018-08-27,6.39,6.39,6.55,6.39,629934.53
2018-08-28,6.27,6.48,6.51,6.17,412882.62
2018-08-29,6.37,6.5,6.66,6.31,363027.41
2018-08-30,6.51,6.41,6.56,6.33,185421.65
2018-08-31,6.36,6.43,6.56,6.27,253417.34
2018-09-03,6.44,6.33,6.44,6.28,148506.49
2018-09-04,6.3,6.32,6.35,6.19,204082.28
2018-09-05,6.3,6.26,6.32,6.19,168990.97
2018-09-06,6.21,6.15,6.26,6.14,143963.0
2018-09-07,6.18,6.15,6.2,6.08,137223.34
2018-09-10,6.13,6.1,6.17,5.98,127229.29
2018-09-11,6.1,6.07,6.12,6.0,96903.25
2018-09-12,6.06,6.07,6.08,6.02,104494.91
2018-09-13,6.09,6.1,6.22,6.02,118703.11
2018-09-14,6.11,6.06,6.11,6.02,94111.42
2018-09-17,6.02,5.7,6.04,5.46,282697.64
2018-09-18,5.63,5.69,5.73,5.54,113612.06
2018-09-19,5.67,5.74,5.8,5.63,121931.2
2018-09-20,5.75,5.76,5.86,5.73,107659.47
2018-09-21,5.77,5.79,5.82,5.71,107492.14
2018-09-25,5.76,5.81,5.86,5.73,106059.84
2018-09-26,5.84,5.82,5.9,5.78,91205.04
2018-09-27,5.84,5.68,5.85,5.68,103654.42
2018-09-28,5.67,5.74,5.76,5.61,113316.23
2018-10-08,5.61,5.57,5.7,5.55,104106.06
2018-10-09,5.6,5.73,5.77,5.56,124535.4
2018-10-10,5.76,5.69,5.84,5.66,91885.0
2018-10-11,5.43,5.11,5.5,5.11,219481.0
2018-10-12,5.03,4.77,5.08,4.6,300393.17
2018-10-15,4.75,4.61,4.81,4.58,141992.07
2018-10-16,4.64,4.45,4.71,4.31,164529.91
2018-10-17,4.53,4.53,4.61,4.42,140981.73
2018-10-18,4.53,4.28,4.53,4.23,168242.67
2018-10-19,4.2,4.36,4.37,4.19,124406.97
2018-10-22,4.44,4.66,4.72,4.43,227966.72
2018-10-23,4.66,4.59,4.76,4.56,165120.77
2018-10-24,4.6,4.79,4.8,4.6,185473.39
2018-10-25,4.64,4.94,4.99,4.61,295494.73
2018-10-26,4.89,4.87,5.07,4.84,252626.44
2018-10-29,4.87,4.77,4.89,4.71,153648.28
2018-10-30,4.78,4.9,4.96,4.74,171139.87
2018-10-31,4.97,5.16,5.35,4.96,332044.04
2018-11-01,5.09,5.1,5.21,5.06,244922.58
2018-11-02,5.22,5.22,5.29,5.1,233978.13
2018-11-05,5.21,5.21,5.27,5.11,165183.94
2018-11-06,5.19,5.19,5.21,5.11,106589.69
2018-11-07,5.19,5.2,5.45,5.16,377600.59
2018-11-08,5.22,5.15,5.27,5.14,162285.11
2018-11-09,5.11,4.99,5.17,4.96,185092.88
2018-11-12,4.99,5.27,5.27,4.99,276837.8
2018-11-13,5.2,5.34,5.38,5.18,262907.9
2018-11-14,5.34,5.29,5.42,5.24,193955.07
2018-11-15,5.32,5.38,5.38,5.26,183591.38
2018-11-16,5.42,5.44,5.48,5.35,227063.07
2018-11-19,5.47,5.41,5.47,5.32,149352.66
2018-11-20,5.38,5.28,5.41,5.27,156038.56
2018-11-21,5.19,5.18,5.21,5.09,171315.6
2018-11-22,5.21,5.19,5.22,5.14,99045.05
2018-11-23,5.16,4.8,5.17,4.75,230271.74
2018-11-26,4.73,4.68,4.83,4.62,126834.31
2018-11-27,4.72,4.77,4.81,4.69,97677.41
2018-11-28,4.77,4.79,4.8,4.65,98269.24
2018-11-29,4.85,4.86,5.1,4.83,256418.4
2018-11-30,4.84,4.92,4.96,4.72,181869.37
2018-12-03,5.08,5.04,5.11,4.96,242187.24
2018-12-04,5.03,5.06,5.09,5.0,125299.03
2018-12-05,4.98,5.1,5.23,4.96,231337.73
2018-12-06,5.04,4.97,5.09,4.97,134090.01
2018-12-07,4.99,5.03,5.05,4.99,74311.76
2018-12-10,5.03,4.98,5.08,4.92,133272.56
2018-12-11,4.98,5.14,5.22,4.96,174202.25
2018-12-12,5.11,5.03,5.14,5.01,163541.76
2018-12-13,5.06,5.05,5.1,4.96,121974.64
2018-12-14,5.01,4.85,5.04,4.85,162713.02
2018-12-17,4.82,4.93,4.96,4.81,97741.65
2018-12-18,4.94,4.97,4.99,4.91,140204.96
2018-12-19,4.97,4.9,4.97,4.86,91601.47
2018-12-20,4.9,4.86,4.93,4.82,81184.95
2018-12-21,4.87,4.76,4.88,4.69,99184.36
2018-12-24,4.75,4.72,4.81,4.7,93594.54
2018-12-25,4.69,4.56,4.7,4.51,143899.52
2018-12-26,4.56,4.62,4.65,4.54,101020.08
2018-12-27,4.79,4.65,4.86,4.64,219070.7
2018-12-28,4.69,4.92,4.96,4.69,287559.22
2019-01-02,4.97,5.12,5.16,4.97,372116.39
2019-01-03,5.15,5.64,5.64,5.1,867920.57
2019-01-04,5.92,6.2,6.2,5.75,843901.88
2019-01-07,6.12,6.39,6.76,6.01,1166029.06
2019-01-08,6.22,6.05,6.26,5.95,816254.41
2019-01-09,6.03,6.02,6.15,5.96,542198.69
2019-01-10,6.04,6.23,6.28,5.82,808764.45
2019-01-11,6.0,6.05,6.2,5.96,485272.82
2019-01-14,6.05,6.23,6.49,5.99,710172.36
2019-01-15,6.13,6.64,6.78,6.12,781926.21
2019-01-16,6.53,6.42,6.53,6.32,524978.29
2019-01-17,6.35,6.29,6.49,6.24,346189.07
2019-01-18,6.21,6.19,6.42,6.09,413859.12
2019-01-21,6.09,6.04,6.23,5.91,487780.94
2019-01-22,6.07,6.04,6.22,5.99,404315.94
2019-01-23,6.07,5.96,6.11,5.92,277011.07
2019-01-24,5.99,6.04,6.1,5.91,290042.66
2019-01-25,6.01,5.65,6.02,5.65,507750.15
2019-01-28,5.87,5.86,5.97,5.73,424479.33
2019-01-29,5.88,5.74,5.99,5.48,366953.44
2019-01-30,5.8,5.95,5.99,5.73,321866.28
2019-01-31,6.02,5.82,6.1,5.74,376571.19
2019-02-01,5.88,5.96,6.0,5.82,235103.47
2019-02-11,6.06,6.13,6.22,6.01,324966.14
2019-02-12,6.02,6.21,6.21,6.0,322421.0
2019-02-13,6.13,6.2,6.25,6.1,362131.87
2019-02-14,6.13,6.49,6.59,6.04,520733.73
2019-02-15,6.42,6.34,6.49,6.33,307870.56
2019-02-18,6.4,6.49,6.51,6.38,353364.88
2019-02-19,6.48,6.74,6.89,6.43,526522.04
2019-02-20,7.01,7.41,7.41,6.92,951063.64
2019-02-21,7.24,7.34,7.72,7.13,904143.11
2019-02-22,7.16,7.24,7.26,7.07,522960.7
2019-02-25,6.51,7.26,7.45,6.51,2754749.81
2019-02-26,6.83,6.58,6.87,6.54,2130975.6
2019-02-27,6.26,6.26,6.41,6.13,1124130.51
2019-02-28,6.17,6.46,6.49,6.17,857877.23
2019-03-01,6.39,6.42,6.44,6.33,470553.59
2019-03-04,6.42,6.59,6.64,6.34,935369.25
2019-03-05,6.56,6.8,6.85,6.49,1012140.86
2019-03-06,6.79,6.89,7.02,6.7,996713.65
2019-03-07,6.87,7.22,7.4,6.78,1167224.03
2019-03-08,6.99,6.5,7.17,6.49,1031160.53
2019-03-11,6.51,6.73,6.79,6.51,523045.8
2019-03-12,6.79,6.9,6.99,6.71,649490.81
2019-03-13,6.88,6.69,6.89,6.52,510833.0
2019-03-14,6.61,6.4,6.77,6.26,443445.96
2019-03-15,6.44,6.46,6.52,6.33,342028.51
2019-03-18,6.45,6.7,6.7,6.43,450924.05
2019-03-19,6.67,6.73,6.85,6.62,431749.0
2019-03-20,6.67,6.59,6.72,6.47,417330.4
2019-03-21,6.66,6.69,6.77,6.61,497197.03
2019-03-22,6.61,6.52,6.68,6.42,457578.63
2019-03-25,6.49,6.53,6.69,6.43,383879.62
2019-03-26,6.56,6.49,6.78,6.46,487063.71
2019-03-27,6.52,6.23,6.56,6.1,448168.36
2019-03-28,6.18,6.07,6.24,6.05,233456.95
2019-03-29,6.08,6.18,6.2,5.97,313822.08
2019-04-01,6.22,6.5,6.53,6.19,481353.49
2019-04-02,6.55,6.67,6.7,6.43,616475.4
2019-04-03,6.84,6.86,7.06,6.72,988023.23
2019-04-04,6.84,6.92,7.06,6.78,772980.77
2019-04-08,6.94,7.08,7.1,6.8,835523.06
2019-04-09,7.06,6.88,7.06,6.79,494042.8
2019-04-10,6.85,6.78,6.86,6.67,341619.68
2019-04-11,6.81,6.71,6.88,6.67,315593.36
2019-04-12,6.66,6.65,6.71,6.56,212783.03
2019-04-15,6.71,6.08,6.8,6.01,864527.37
2019-04-16,5.97,6.16,6.17,5.71,660686.7
2019-04-17,6.11,6.31,6.36,6.05,414096.84
2019-04-18,6.28,6.21,6.38,6.18,281500.63
2019-04-19,6.18,6.22,6.24,6.06,216964.58
2019-04-22,6.22,6.04,6.22,5.99,274966.82
2019-04-23,6.06,5.9,6.06,5.89,250922.19
2019-04-24,5.88,5.95,5.99,5.84,185604.68
2019-04-25,5.93,5.75,5.99,5.73,252809.7
2019-04-26,5.73,5.73,5.81,5.65,167711.15
2019-04-29,5.73,5.45,5.75,5.32,219223.0
2019-04-30,5.4,5.5,5.58,5.4,113463.38
2019-05-06,5.4,4.97,5.4,4.95,229317.6
2019-05-07,4.85,5.29,5.33,4.85,285903.57
2019-05-08,5.22,5.33,5.41,5.18,197899.0
2019-05-09,5.26,5.22,5.35,5.19,129124.55
2019-05-10,5.24,5.31,5.36,5.15,136016.41
2019-05-13,5.22,5.22,5.29,5.18,110985.25
2019-05-14,5.21,5.18,5.29,5.11,134581.3
2019-05-15,5.23,5.23,5.26,5.18,96318.49
2019-05-16,5.19,5.32,5.41,5.19,172242.76
2019-05-17,5.34,5.26,5.35,5.06,193327.56
2019-05-20,5.16,5.1,5.16,4.8,242670.71
2019-05-21,5.02,5.14,5.23,4.98,152762.72
2019-05-22,5.11,5.04,5.14,4.98,137740.62
2019-05-23,5.03,4.86,5.07,4.83,118286.13
2019-05-24,4.85,4.79,4.9,4.76,101640.02
2019-05-27,4.8,4.97,5.06,4.76,155083.36
2019-05-28,4.96,4.91,5.0,4.89,124028.4
2019-05-29,4.88,4.91,4.97,4.87,99061.36
2019-05-30,4.92,4.96,4.98,4.86,176473.43
2019-05-31,4.96,4.96,5.0,4.92,136897.04
2019-06-03,4.96,5.0,5.18,4.93,234526.82
2019-06-04,5.05,4.84,5.13,4.78,203279.68
2019-06-05,4.84,5.09,5.25,4.84,287061.03
2019-06-06,5.03,5.28,5.3,5.03,369551.46
2019-06-10,5.27,5.49,5.58,5.21,382227.4
2019-06-11,5.43,5.55,5.77,5.34,462561.17
2019-06-12,5.51,5.64,5.73,5.43,501078.29
2019-06-13,5.59,5.49,5.66,5.41,310354.75
2019-06-14,5.51,5.4,5.56,5.39,259957.51
2019-06-17,5.35,5.28,5.46,5.22,269675.09
2019-06-18,5.3,5.3,5.33,5.17,184618.88
2019-06-19,5.34,5.27,5.41,5.25,204525.31
2019-06-20,5.36,5.43,5.46,5.28,300471.33
2019-06-21,5.43,5.61,5.74,5.39,446371.93
2019-06-24,5.58,5.56,5.68,5.55,209152.61
2019-06-25,5.63,5.66,5.77,5.56,449486.01
2019-06-26,5.55,5.35,5.56,5.28,275563.85
2019-06-27,5.35,5.36,5.45,5.31,153365.44
2019-06-28,5.43,5.3,5.45,5.24,163918.29
2019-07-01,5.34,5.38,5.4,5.29,177913.58
2019-07-02,5.36,5.43,5.48,5.33,179392.37
2019-07-03,5.55,5.4,5.6,5.35,203612.06
2019-07-04,5.33,5.13,5.37,4.95,254162.91
2019-07-05,5.13,5.13,5.17,5.05,81857.26
2019-07-08,5.1,4.96,5.1,4.87,154837.93
2019-07-09,4.97,5.0,5.0,4.91,73340.02
2019-07-10,5.05,4.98,5.05,4.89,77406.0
2019-07-11,4.97,5.03,5.08,4.96,113868.64
2019-07-12,5.02,5.03,5.06,4.96,99325.68
2019-07-15,4.98,5.04,5.05,4.95,79717.05
2019-07-16,5.03,5.14,5.14,5.01,118407.88
2019-07-17,5.24,5.35,5.48,5.23,395352.3
2019-07-18,5.63,5.39,5.77,5.39,520061.49
2019-07-19,5.63,5.52,5.69,5.41,393081.99
2019-07-22,5.39,5.36,5.56,5.32,303572.5
2019-07-23,5.24,5.3,5.36,5.24,216036.16
2019-07-24,5.29,5.31,5.36,5.18,246273.58
2019-07-25,5.24,5.15,5.29,5.09,207621.09
2019-07-26,5.09,5.07,5.13,5.01,175837.06
2019-07-29,5.07,5.1,5.14,5.06,106000.39
2019-07-30,5.07,5.12,5.15,5.03,105375.32
2019-07-31,5.12,5.08,5.12,5.06,70951.45
2019-08-01,4.98,4.99,5.05,4.96,119320.2
2019-08-02,4.97,4.92,5.04,4.88,134384.62
2019-08-05,4.94,5.12,5.21,4.91,232117.89
2019-08-06,5.13,4.96,5.16,4.92,187475.29
2019-08-07,5.02,5.2,5.22,4.99,274228.9
2019-08-08,5.38,5.26,5.38,5.15,276334.15
2019-08-09,5.28,5.34,5.43,5.16,366422.66
2019-08-12,5.25,5.17,5.32,5.08,229431.28
2019-08-13,5.21,5.31,5.32,5.16,269228.0
2019-08-14,5.16,5.11,5.19,5.08,221759.19
2019-08-15,5.13,5.03,5.14,4.95,168663.87
2019-08-16,5.02,5.0,5.02,4.98,98774.69
2019-08-19,5.01,5.07,5.07,4.97,127772.64
2019-08-20,5.03,5.12,5.15,5.0,150690.32
2019-08-21,5.11,5.06,5.12,5.03,89181.02
2019-08-22,5.06,5.03,5.06,4.99,71068.67
2019-08-23,5.01,5.01,5.04,4.99,62509.43
2019-08-26,5.06,5.0,5.15,4.98,117724.61
2019-08-27,5.0,5.02,5.04,4.96,138045.41
2019-08-28,5.05,5.05,5.1,5.02,142569.03
2019-08-29,5.02,5.15,5.18,4.96,225774.54
2019-08-30,5.05,5.67,5.67,5.04,833810.45
2019-09-02,6.12,5.82,6.12,5.68,886957.45
2019-09-03,5.82,5.55,5.86,5.55,663513.41
2019-09-04,5.74,5.94,6.1,5.61,1125659.57
2019-09-05,5.95,6.51,6.53,5.95,1233192.38
2019-09-06,6.26,6.17,6.37,6.05,776804.03
2019-09-09,6.07,6.12,6.26,5.96,499422.84
2019-09-10,6.01,6.08,6.12,5.92,361194.11
2019-09-11,6.04,6.07,6.25,6.03,368883.95
2019-09-12,6.05,5.98,6.06,5.77,414500.24
2019-09-16,5.93,5.94,6.06,5.83,390568.25
2019-09-17,5.92,5.73,5.99,5.69,300080.95
2019-09-18,5.75,5.71,5.8,5.66,163521.07
2019-09-19,5.64,5.76,5.82,5.59,186892.41
2019-09-20,5.76,5.82,5.84,5.7,188397.01
2019-09-23,5.87,5.79,5.92,5.78,246000.48
2019-09-24,5.88,5.82,5.94,5.76,216334.46
2019-09-25,5.81,5.55,5.81,5.51,266555.77
2019-09-26,5.45,5.35,5.49,5.35,193052.46
2019-09-27,5.36,5.36,5.45,5.27,102514.95
2019-09-30,5.39,5.29,5.4,5.28,85382.03
2019-10-08,5.2,5.28,5.41,5.2,79028.06
2019-10-09,5.36,5.4,5.54,5.35,150491.26
2019-10-10,5.37,5.45,5.47,5.33,116315.0
2019-10-11,5.34,5.38,5.49,5.31,137062.19
2019-10-14,5.34,5.33,5.39,5.3,138563.15
2019-10-15,5.31,5.14,5.32,5.06,204593.4
2019-10-16,5.11,5.02,5.17,5.01,132245.89
2019-10-17,5.04,5.05,5.06,4.98,82196.26
2019-10-18,5.04,4.96,5.07,4.92,119935.02
2019-10-21,4.96,5.08,5.08,4.91,117522.99
2019-10-22,5.01,5.01,5.04,4.97,90142.94
2019-10-23,5.05,5.19,5.2,5.0,185398.61
2019-10-24,5.21,5.09,5.21,5.08,96956.99
2019-10-25,5.09,5.15,5.15,4.99,106860.05
2019-10-28,5.08,5.09,5.15,5.06,132162.29
2019-10-29,5.05,4.98,5.08,4.94,125192.05
2019-10-30,4.98,4.94,4.98,4.9,71085.46
2019-10-31,4.95,4.94,4.98,4.93,56221.26
2019-11-01,4.96,4.96,4.98,4.92,66886.05
2019-11-04,4.96,4.91,4.96,4.89,82296.14
2019-11-05,4.89,4.42,4.9,4.41,537298.19
2019-11-06,4.36,4.35,4.46,4.32,197237.1
2019-11-07,4.34,4.38,4.43,4.15,164076.58
2019-11-08,4.37,4.33,4.43,4.3,133551.16
2019-11-11,4.33,4.22,4.33,4.17,112099.31
2019-11-12,4.21,4.2,4.23,4.08,107984.39
2019-11-13,4.18,4.2,4.25,4.13,89479.03
2019-11-14,4.18,4.17,4.2,4.16,63323.42
2019-11-15,4.16,4.17,4.2,4.08,99872.71
2019-11-18,4.15,4.09,4.15,4.0,115315.84
2019-11-19,4.05,4.16,4.18,4.05,93949.02
2019-11-20,4.18,4.16,4.2,4.14,91704.0
2019-11-21,4.13,4.17,4.22,4.11,80259.8
2019-11-22,4.18,4.18,4.26,4.14,122265.86
2019-11-25,4.19,4.26,4.3,4.16,125558.45
2019-11-26,4.23,4.19,4.27,4.18,84570.18
2019-11-27,4.17,4.18,4.21,4.11,84020.49
2019-11-28,4.18,4.09,4.19,4.07,73038.85
2019-11-29,4.1,4.1,4.14,4.06,59109.93
2019-12-02,4.1,4.11,4.12,4.06,53878.43
2019-12-03,4.17,4.52,4.52,4.15,306924.89
2019-12-04,4.53,4.71,4.8,4.45,543537.94
2019-12-05,4.62,4.59,4.64,4.51,265113.97
2019-12-06,4.59,4.58,4.63,4.49,180458.53
2019-12-09,4.54,4.62,4.66,4.52,130931.18
2019-12-10,4.61,4.61,4.77,4.58,146138.0
2019-12-11,4.63,4.63,4.66,4.55,111905.28
2019-12-12,4.66,4.62,4.68,4.57,112885.54
2019-12-13,4.61,4.59,4.62,4.56,94255.0
2019-12-16,4.83,4.7,4.88,4.66,197292.64
2019-12-17,4.68,4.68,4.71,4.59,220514.68
2019-12-18,4.64,4.59,4.64,4.52,175141.71
2019-12-19,4.58,4.6,4.6,4.53,106259.92
2019-12-20,4.57,4.56,4.66,4.56,104043.0
2019-12-23,4.57,4.45,4.59,4.44,102169.02
2019-12-24,4.43,4.53,4.55,4.41,119244.46
2019-12-25,4.6,4.57,4.64,4.53,141592.02
2019-12-26,4.59,4.89,4.94,4.59,351017.91
2019-12-27,4.9,4.96,5.07,4.86,298881.44
2019-12-30,4.83,4.93,4.96,4.79,206418.0
2019-12-31,4.91,4.91,4.96,4.83,157309.05
2020-01-02,4.96,4.96,5.08,4.89,179199.66
2020-01-03,4.98,5.11,5.13,4.94,190680.81
2020-01-06,5.16,5.22,5.28,5.13,199205.58
2020-01-07,5.24,5.2,5.28,5.14,173211.06
2020-01-08,5.36,5.21,5.39,5.16,192649.02
2020-01-09,5.08,5.15,5.25,5.06,134672.67
2020-01-10,5.13,5.39,5.42,5.11,247057.08
2020-01-13,5.49,5.43,5.56,5.38,186136.42
2020-01-14,5.38,5.45,5.55,5.35,169146.56
2020-01-15,5.45,5.52,5.6,5.39,135160.22
2020-01-16,5.57,5.48,5.6,5.46,106610.42
2020-01-17,5.48,5.49,5.57,5.42,127804.44
2020-01-20,5.49,5.5,5.56,5.43,132292.06
2020-01-21,5.58,5.58,5.8,5.51,279641.43
2020-01-22,5.48,5.4,5.51,5.29,210728.8
2020-01-23,5.23,5.0,5.23,4.86,349132.07
2020-02-03,4.5,4.5,4.62,4.5,191852.94
2020-02-04,4.44,4.58,4.64,4.44,206194.49
2020-02-05,4.55,4.63,4.71,4.55,214307.45
2020-02-06,4.64,4.64,4.67,4.56,181811.54
2020-02-07,4.62,4.62,4.69,4.55,145682.88
2020-02-10,4.58,4.81,4.82,4.56,176081.84
2020-02-11,4.76,4.85,4.96,4.74,218080.35
2020-02-12,4.83,4.95,4.98,4.82,167900.1
2020-02-13,4.96,4.96,5.07,4.92,165577.71
2020-02-14,4.96,5.03,5.07,4.93,139694.34
2020-02-17,5.06,5.12,5.14,5.04,145076.74
2020-02-18,5.13,5.52,5.64,5.11,365079.82
2020-02-19,5.68,5.71,5.96,5.48,590672.39
2020-02-20,5.73,5.84,5.88,5.65,331725.44
2020-02-21,5.84,6.14,6.19,5.81,410041.09
2020-02-24,6.28,6.03,6.31,5.89,481468.96
2020-02-25,5.73,5.73,5.86,5.7,456929.09
2020-02-26,5.52,5.6,5.73,5.52,261817.12
2020-02-27,5.63,5.7,5.75,5.59,200438.14
2020-02-28,5.48,5.23,5.51,5.2,337417.15
2020-03-02,5.23,5.4,5.41,5.21,196594.79
2020-03-03,5.47,5.42,5.57,5.4,164611.06
2020-03-04,5.51,5.51,5.61,5.42,178784.03
2020-03-05,5.53,5.51,5.54,5.45,170135.07
2020-03-06,5.55,5.48,5.6,5.43,162178.87
2020-03-09,5.43,5.19,5.43,5.16,218788.22
2020-03-10,5.11,5.3,5.31,5.04,167030.0
2020-03-11,5.28,5.28,5.36,5.25,121502.02
2020-03-12,5.19,5.1,5.22,5.07,119277.04
2020-03-13,4.74,5.01,5.06,4.71,189643.98
2020-03-16,4.96,4.82,5.0,4.79,143498.82
2020-03-17,4.79,4.68,4.9,4.59,134645.5
2020-03-18,4.74,4.6,4.78,4.58,94803.5
2020-03-19,4.64,4.69,4.71,4.58,102038.52
2020-03-20,4.75,5.16,5.16,4.75,158972.2
2020-03-23,5.06,5.18,5.51,4.96,296978.71
2020-03-24,5.58,5.41,5.64,5.28,315749.76
2020-03-25,5.52,5.35,5.52,5.32,255823.71
2020-03-26,5.28,5.38,5.44,5.23,152535.89
2020-03-27,5.39,5.43,5.7,5.34,204454.3
2020-03-30,5.3,5.23,5.33,5.1,165227.07
2020-03-31,5.28,5.19,5.28,5.18,85345.0
2020-04-01,5.11,5.22,5.3,5.07,94454.56
2020-04-02,5.15,5.24,5.26,5.12,84200.03
2020-04-03,5.29,5.25,5.35,5.19,84377.53
2020-04-07,5.41,5.48,5.53,5.35,182954.99
2020-04-08,5.42,5.43,5.51,5.34,141010.16
2020-04-09,5.45,5.43,5.51,5.41,98113.48
2020-04-10,5.51,5.43,5.63,5.31,196281.71
2020-04-13,5.31,5.32,5.42,5.3,86223.06
2020-04-14,5.39,5.44,5.58,5.31,250623.25
2020-04-15,5.44,5.28,5.5,5.26,176819.54
2020-04-16,5.24,5.33,5.36,5.17,116961.07
2020-04-17,5.31,5.31,5.4,5.25,97826.8
2020-04-20,5.35,5.49,5.57,5.31,156759.45
2020-04-21,5.37,5.27,5.38,5.22,163856.78
2020-04-22,5.16,5.2,5.22,5.09,125096.29
2020-04-23,5.21,5.33,5.38,5.21,141790.06
2020-04-24,5.35,5.33,5.41,5.29,140420.1
2020-04-27,5.31,5.16,5.36,5.13,123318.92
2020-04-28,5.19,5.06,5.23,4.98,120856.75
2020-04-29,5.08,4.92,5.1,4.87,111850.0
2020-04-30,4.92,5.03,5.05,4.92,85423.39
2020-05-06,5.0,5.06,5.09,4.96,79134.0
2020-05-07,4.98,4.92,5.01,4.9,112629.35
2020-05-08,4.98,5.22,5.3,4.97,156530.85
2020-05-11,5.23,5.27,5.38,5.23,138050.9
2020-05-12,5.25,5.23,5.33,5.16,60487.37
2020-05-13,5.21,5.32,5.4,5.18,135975.15
2020-05-14,5.26,5.32,5.37,5.25,92851.78
2020-05-15,5.42,5.42,5.48,5.35,176517.07
2020-05-18,5.73,5.64,5.75,5.57,296026.46
2020-05-19,5.58,5.43,5.58,5.42,172302.49
2020-05-20,5.51,5.51,5.6,5.38,139115.82
2020-05-21,5.49,5.31,5.53,5.31,119594.09
2020-05-22,5.23,5.25,5.28,5.13,104700.7
2020-05-25,5.3,5.32,5.57,5.28,162424.48
2020-05-26,5.36,5.73,5.85,5.29,437551.59
2020-05-27,5.73,5.7,5.85,5.64,260259.74
2020-05-28,5.73,5.77,5.85,5.68,217420.96
2020-05-29,5.73,6.12,6.25,5.69,433376.04
2020-06-01,6.23,6.68,6.73,6.22,542859.51
2020-06-02,6.69,6.65,6.78,6.49,315607.45
2020-06-03,6.53,6.49,6.62,6.45,288694.28
2020-06-04,6.49,6.6,6.69,6.45,220096.96
2020-06-05,6.65,7.16,7.26,6.5,485106.03
2020-06-08,7.07,6.68,7.14,6.65,395703.87
2020-06-09,6.77,6.68,6.96,6.65,226706.25
2020-06-10,6.7,6.79,7.08,6.57,417597.68
2020-06-11,6.63,6.41,6.73,6.38,356093.06
2020-06-12,6.28,6.49,6.73,6.23,349222.31
2020-06-15,6.46,6.3,6.66,6.23,289885.04
2020-06-16,6.38,6.3,6.38,6.24,177386.0
2020-06-17,6.29,6.85,6.9,6.29,386129.41
2020-06-18,6.86,6.82,7.13,6.76,350036.74
2020-06-19,6.84,7.08,7.35,6.84,461006.62
2020-06-22,7.13,7.04,7.29,6.96,341637.0
2020-06-23,7.02,6.81,7.07,6.77,249778.0
2020-06-24,6.87,6.87,7.04,6.66,330148.74
2020-06-29,6.94,7.21,7.55,6.89,472021.95
2020-06-30,7.34,6.79,7.34,6.49,694977.25
2020-07-01,6.71,7.47,7.47,6.68,1107924.96
2020-07-02,7.11,7.35,7.58,6.72,1057842.05
2020-07-03,7.26,8.09,8.09,7.26,911804.15
2020-07-06,8.19,8.62,8.74,7.95,828395.17
2020-07-07,8.37,8.3,8.59,8.19,594675.52
2020-07-08,8.21,8.42,8.58,8.0,532674.2
2020-07-09,8.54,9.21,9.26,8.5,646031.13
2020-07-10,9.04,9.32,9.85,8.83,695920.74
2020-07-13,9.34,9.44,9.63,9.08,534625.83
2020-07-14,9.22,9.19,9.52,8.77,455126.61
2020-07-15,9.09,9.12,9.48,8.84,438534.12
2020-07-16,9.18,8.92,9.43,8.84,391189.84
2020-07-17,8.79,8.5,8.86,8.19,309358.74
2020-07-20,8.49,8.65,8.79,8.31,328673.45
2020-07-21,9.0,9.28,9.45,8.99,551744.21
2020-07-22,10.21,10.21,10.21,9.89,879308.32
2020-07-23,10.27,10.29,10.71,10.04,704502.71
2020-07-24,9.88,9.27,10.07,9.26,750835.16
2020-07-27,9.51,9.82,10.07,9.23,535859.67
2020-07-28,10.81,9.44,10.81,9.32,1139767.94
2020-07-29,9.44,9.49,9.61,8.69,759911.91
2020-07-30,9.44,9.03,9.62,9.02,525080.34
2020-07-31,9.05,9.28,9.53,8.75,695203.89
2020-08-03,9.14,9.15,9.28,9.01,403150.17
2020-08-04,9.14,8.84,9.26,8.78,434950.35
2020-08-05,9.18,9.22,9.26,8.85,496294.04
2020-08-06,9.43,9.72,10.1,9.24,921357.05
2020-08-07,10.16,9.66,10.36,9.47,832954.68
2020-08-10,9.18,9.12,9.28,8.84,518669.1
2020-08-11,9.18,8.61,9.23,8.39,531579.1
2020-08-12,7.91,8.02,8.12,7.75,596465.15
2020-08-13,8.06,7.85,8.09,7.8,284803.43
2020-08-14,8.0,8.05,8.06,7.86,271105.14
2020-08-17,7.95,8.33,8.38,7.9,329526.65
2020-08-18,8.29,8.32,8.51,8.17,392281.23
2020-08-19,8.29,7.96,8.29,7.91,281089.91
2020-08-20,7.79,7.71,7.82,7.6,226472.07
2020-08-21,7.72,7.62,7.79,7.59,186463.92
2020-08-24,7.53,7.62,7.68,7.31,164863.62
2020-08-25,7.62,7.49,7.67,7.42,152587.19
2020-08-26,7.45,7.21,7.48,7.16,178638.61
2020-08-27,7.35,7.35,7.45,7.22,135261.01
2020-08-28,7.34,7.43,7.44,7.24,114584.36
2020-08-31,7.52,7.68,7.8,7.52,239735.06
2020-09-01,7.69,8.04,8.08,7.68,273127.22
2020-09-02,7.93,7.8,7.98,7.76,167693.74
2020-09-03,7.73,7.63,7.86,7.62,116914.0
2020-09-04,7.5,7.7,7.74,7.44,127687.16
2020-09-07,7.68,7.51,7.77,7.45,133214.63
2020-09-08,7.43,7.52,7.56,7.3,112517.49
2020-09-09,7.41,7.35,7.44,7.26,105955.59
2020-09-10,7.44,7.31,7.48,7.27,82161.27
2020-09-11,7.23,7.46,7.46,7.15,75148.68
2020-09-14,7.48,7.46,7.68,7.37,92665.88
2020-09-15,7.53,7.72,7.72,7.37,148714.64
2020-09-16,7.61,7.56,7.63,7.49,87048.26
2020-09-17,7.47,7.28,7.51,7.26,156378.09
2020-09-18,7.27,7.45,7.46,7.24,128975.09
2020-09-21,7.46,7.48,7.59,7.4,96668.01
2020-09-22,7.17,7.13,7.27,7.07,163072.71
2020-09-23,7.16,7.01,7.2,6.99,106193.99
2020-09-24,6.9,6.77,6.95,6.76,134418.0
2020-09-25,6.86,6.85,6.92,6.75,79398.42
2020-09-28,6.85,6.73,6.93,6.66,106640.74
2020-09-29,6.82,6.75,6.99,6.74,95613.0
2020-09-30,6.77,6.79,6.86,6.69,60190.82
2020-10-09,6.86,6.89,6.99,6.82,94362.42
2020-10-12,7.01,7.45,7.51,7.01,284343.65
2020-10-13,7.36,7.55,7.63,7.33,191784.69
2020-10-14,7.4,7.46,7.6,7.31,151001.54
2020-10-15,7.49,7.33,7.57,7.31,135356.39
2020-10-16,7.36,7.36,7.62,7.33,118383.44
2020-10-19,7.6,7.51,7.62,7.36,107149.21
2020-10-20,7.44,7.44,7.5,7.37,62042.36
2020-10-21,7.53,7.47,7.55,7.42,90983.32
2020-10-22,7.4,7.32,7.41,7.28,81176.0
2020-10-23,7.3,7.13,7.32,7.1,91035.8
2020-10-26,7.07,6.92,7.11,6.87,113183.2
2020-10-27,6.88,7.02,7.1,6.87,136905.81
2020-10-28,6.95,7.06,7.06,6.89,84705.46
2020-10-29,6.84,6.96,6.98,6.79,130700.43
2020-10-30,6.91,6.78,6.95,6.56,133048.82
2020-11-02,6.71,7.21,7.22,6.61,196495.47
2020-11-03,7.23,7.39,7.47,7.15,152678.02
2020-11-04,7.37,7.41,7.52,7.32,134750.19
2020-11-05,7.43,7.41,7.48,7.37,111737.03
2020-11-06,7.7,7.54,7.72,7.46,242718.63
2020-11-09,7.64,7.88,7.96,7.56,228976.93
2020-11-10,7.41,7.56,7.69,7.41,186966.0
2020-11-11,7.54,7.65,7.89,7.49,174639.4
2020-11-12,7.65,7.67,7.79,7.58,94903.05
2020-11-13,7.6,7.71,7.82,7.6,140346.98
2020-11-16,7.88,7.96,8.07,7.75,279888.61
2020-11-17,8.06,7.88,8.17,7.78,261304.42
2020-11-18,7.79,7.91,8.1,7.72,166847.19
2020-11-19,7.85,7.62,7.88,7.53,198644.15
2020-11-20,7.59,7.8,7.86,7.56,160246.83
2020-11-23,7.93,8.1,8.22,7.84,383163.71
2020-11-24,8.0,7.94,8.08,7.75,317274.81
2020-11-25,7.86,7.59,7.98,7.59,212886.85
2020-11-26,7.6,7.6,7.68,7.45,121083.25
2020-11-27,7.6,7.58,7.66,7.43,105605.94
2020-11-30,7.45,7.46,7.8,7.31,235540.9
2020-12-01,7.47,7.47,7.51,7.3,156525.97
2020-12-02,7.68,7.88,8.22,7.68,474053.59
2020-12-03,7.76,7.56,7.81,7.41,338220.55
2020-12-04,7.52,7.58,7.66,7.46,121749.26
2020-12-07,7.55,7.4,7.61,7.4,131201.02
2020-12-08,7.52,7.45,7.53,7.38,111371.0
2020-12-09,7.45,7.13,7.46,7.07,220803.62
2020-12-10,7.11,7.16,7.26,6.68,147324.36
2020-12-11,7.23,7.14,7.35,7.1,90153.42
2020-12-14,7.03,7.07,7.14,6.92,65437.0
2020-12-15,7.07,7.05,7.13,6.96,72040.53
2020-12-16,7.18,7.37,7.48,7.09,185083.8
2020-12-17,7.39,7.69,7.76,7.25,285355.92
2020-12-18,7.83,7.72,7.87,7.68,282260.5
2020-12-21,8.0,8.06,8.11,7.8,426186.19
2020-12-22,7.93,7.63,7.93,7.62,282922.0
2020-12-23,7.52,7.54,7.75,7.5,212903.0
2020-12-24,7.65,7.5,7.77,7.41,189793.97
2020-12-25,7.42,7.65,7.73,7.3,233708.5
2020-12-28,7.73,7.89,8.03,7.71,390594.46
2020-12-29,7.86,7.59,7.93,7.51,243973.59
2020-12-30,7.62,7.76,7.82,7.55,213540.24
2020-12-31,7.84,7.74,7.88,7.72,170621.56
2021-01-04,7.9,7.91,8.01,7.82,288387.42
2021-01-05,7.9,7.82,8.02,7.81,258555.77
2021-01-06,7.89,7.73,7.96,7.7,205942.03
2021-01-07,7.63,7.73,7.94,7.58,249890.05
2021-01-08,7.7,7.58,7.73,7.45,207011.39
2021-01-11,7.21,7.14,7.28,7.06,254645.46
2021-01-12,7.13,7.22,7.24,7.11,133671.89
2021-01-13,7.26,7.1,7.36,6.91,206193.4
2021-01-14,7.01,6.94,7.08,6.88,253516.29
2021-01-15,6.96,6.96,7.06,6.87,166942.96
2021-01-18,6.9,7.19,7.22,6.87,181275.74
2021-01-19,7.22,7.11,7.26,7.04,152460.28
2021-01-20,7.11,7.33,7.37,7.11,159086.4
2021-01-21,7.37,7.61,7.64,7.29,215434.72
2021-01-22,7.58,7.5,7.69,7.34,255867.98
2021-01-25,7.5,7.34,7.52,6.96,189669.98
2021-01-26,7.26,7.35,7.47,7.2,147995.62
2021-01-27,7.3,7.27,7.35,7.15,115740.08
2021-01-28,7.16,7.04,7.28,7.02,114416.49
2021-01-29,7.21,7.04,7.4,6.99,253848.3
2021-02-01,7.69,7.74,7.74,7.49,480433.87
2021-02-02,7.85,8.09,8.24,7.73,776423.07
2021-02-03,7.56,7.63,7.95,7.56,461423.07
2021-02-04,7.5,7.16,7.58,7.01,321527.35
2021-02-05,7.03,7.05,7.24,7.01,252837.74
2021-02-08,6.71,6.92,6.96,6.63,320955.98
2021-02-09,6.93,7.09,7.26,6.92,251489.95
2021-02-10,7.11,6.98,7.15,6.9,204198.05
2021-02-18,7.26,7.58,7.6,7.23,377770.7
2021-02-19,7.5,7.59,7.73,7.25,397538.04
2021-02-22,8.29,8.35,8.35,8.29,241623.93
2021-02-23,8.39,8.59,8.78,8.15,1107893.56
2021-02-24,8.21,8.28,8.57,8.07,655339.14
2021-02-25,8.45,8.03,8.57,7.92,462273.42
2021-02-26,7.71,7.5,7.82,7.48,375979.33
2021-03-01,7.49,7.54,7.6,7.31,344245.53
2021-03-02,7.43,7.28,7.45,7.21,285826.94
2021-03-03,7.29,7.45,7.52,7.29,224687.72
2021-03-04,7.32,7.25,7.36,7.23,264311.87
2021-03-05,7.12,7.2,7.26,7.06,178735.07
2021-03-08,7.27,7.17,7.35,7.17,192266.42
2021-03-09,7.14,7.03,7.21,6.92,206580.53
2021-03-10,7.19,6.97,7.2,6.94,169620.55
2021-03-11,6.97,7.22,7.26,6.95,179427.56
2021-03-12,7.2,7.11,7.22,7.06,126169.88
2021-03-15,7.13,7.27,7.38,7.12,186984.51
2021-03-16,7.29,7.26,7.3,7.15,114897.26
2021-03-17,7.21,7.26,7.27,7.11,103768.78
2021-03-18,7.35,7.27,7.37,7.22,126315.32
2021-03-19,7.16,7.14,7.24,7.09,105263.19
2021-03-22,7.21,7.14,7.27,7.1,106159.84
2021-03-23,7.16,7.01,7.17,6.97,135048.13
2021-03-24,7.01,6.86,7.01,6.78,171899.95
2021-03-25,6.85,6.94,6.98,6.83,79584.07
2021-03-26,6.94,6.94,6.98,6.87,74373.02
2021-03-29,6.93,6.82,6.95,6.79,110355.48
2021-03-30,6.81,6.8,6.84,6.71,94664.62
2021-03-31,6.72,6.51,6.77,6.49,218828.49
2021-04-01,6.56,6.6,6.68,6.51,119404.99
2021-04-02,6.68,6.6,6.7,6.59,123203.31
2021-04-06,6.61,6.58,6.64,6.54,102713.03
2021-04-07,6.61,6.58,6.61,6.54,95082.68
2021-04-08,6.58,6.56,6.63,6.52,150391.44
2021-04-09,6.6,6.52,6.63,6.52,113023.93
2021-04-12,6.51,6.22,6.51,6.19,189568.85
2021-04-13,6.15,6.03,6.22,5.99,121505.11
2021-04-14,6.11,6.1,6.14,6.03,73016.14
2021-04-15,6.22,6.39,6.4,6.2,145380.75
2021-04-16,6.36,6.6,6.63,6.34,168272.86
2021-04-19,6.61,6.65,6.68,6.57,132377.53
2021-04-20,6.62,6.67,6.73,6.54,123430.25
2021-04-21,6.64,6.65,6.73,6.58,87529.49
2021-04-22,6.73,6.75,6.88,6.73,124870.23
2021-04-23,6.68,6.67,6.72,6.59,91089.64
2021-04-26,6.67,6.58,6.72,6.58,102975.24
2021-04-27,6.53,6.63,6.66,6.51,97509.3
2021-04-28,6.57,6.6,6.64,6.48,68403.89
2021-04-29,6.66,6.81,6.86,6.58,146555.62
2021-04-30,6.71,6.76,6.78,6.58,113783.3
2021-05-06,7.05,7.07,7.23,7.01,252479.32
2021-05-07,7.26,7.26,7.45,7.26,382486.08
2021-05-10,7.4,7.78,7.83,7.26,585179.14
2021-05-11,7.53,7.65,7.78,7.3,339926.78
2021-05-12,7.55,7.67,7.83,7.51,258627.22
2021-05-13,7.41,7.47,7.56,7.37,239917.3
2021-05-14,7.49,7.36,7.53,7.26,138462.3
2021-05-17,7.36,7.45,7.59,7.29,195256.27
2021-05-18,7.71,7.66,7.95,7.65,354593.57
2021-05-19,7.5,7.48,7.61,7.44,189756.04
2021-05-20,7.25,7.23,7.34,7.08,254535.76
2021-05-21,7.23,7.61,7.73,7.22,323396.92
2021-05-24,7.89,7.83,8.2,7.79,500152.82
2021-05-25,7.83,7.56,7.91,7.52,287051.0
2021-05-26,7.75,7.85,8.07,7.66,407710.16
2021-05-27,7.69,7.94,8.14,7.64,369368.6
2021-05-28,8.13,8.09,8.27,8.02,370039.27
2021-05-31,8.23,8.5,8.61,8.23,469862.27
2021-06-01,8.47,8.99,9.22,8.35,584305.12
2021-06-02,8.88,8.49,8.99,8.45,512009.94
2021-06-03,8.64,8.72,8.94,8.53,343321.92
2021-06-04,8.43,8.64,8.69,8.31,252586.67
2021-06-07,8.78,8.71,8.88,8.56,198685.36
2021-06-08,8.68,8.57,8.77,8.48,184949.32
2021-06-09,8.55,8.58,8.76,8.4,215673.38
2021-06-10,8.51,8.48,8.63,8.43,219131.1
2021-06-11,8.59,8.44,8.61,8.35,304174.03
2021-06-15,8.31,8.16,8.34,8.07,293466.77
2021-06-16,8.19,7.95,8.27,7.82,244924.58
2021-06-17,7.95,7.8,8.0,7.79,205591.88
2021-06-18,7.65,7.75,7.83,7.49,232262.39
2021-06-21,7.59,7.6,7.63,7.37,274079.0
2021-06-22,7.61,7.58,7.69,7.53,181598.71
2021-06-23,7.59,7.55,7.63,7.46,157495.6
2021-06-24,7.58,7.4,7.59,7.35,167478.57
2021-06-25,7.42,7.69,7.79,7.41,301698.54
2021-06-28,7.59,7.42,7.6,7.41,323016.7
2021-06-29,7.44,7.21,7.48,7.2,255261.64
2021-06-30,7.24,7.43,7.63,7.23,241244.55
2021-07-01,7.49,7.37,7.54,7.35,135573.0
2021-07-02,7.35,7.45,7.54,7.32,135475.75
2021-07-05,7.5,7.57,7.66,7.43,269730.02
2021-07-06,7.59,7.71,7.74,7.55,233575.42
2021-07-07,7.6,7.83,7.83,7.52,228227.5
2021-07-08,7.86,7.69,7.88,7.66,220494.73
2021-07-09,7.64,8.04,8.3,7.61,427550.52
2021-07-12,8.06,8.01,8.2,7.94,278278.72
2021-07-13,7.95,7.97,7.98,7.78,182131.56
2021-07-14,7.92,7.73,7.92,7.68,179001.66
2021-07-15,7.86,7.97,8.0,7.63,252309.35
2021-07-16,7.92,8.29,8.39,7.85,374679.05
2021-07-19,8.28,8.78,8.86,8.28,535313.3
2021-07-20,8.63,8.54,8.77,8.46,398707.68
2021-07-21,8.51,8.55,8.64,8.43,332745.09
2021-07-22,8.49,8.89,8.98,8.49,464865.76
2021-07-23,8.79,9.24,9.72,8.79,688731.4
2021-07-26,9.36,8.84,9.49,8.75,647088.02
2021-07-27,8.9,8.35,9.15,8.34,558045.97
2021-07-28,8.2,8.04,8.33,7.95,365707.07
2021-07-29,8.23,8.85,8.85,8.23,448698.89
2021-07-30,8.93,9.17,9.28,8.75,606117.38
2021-08-02,9.55,8.92,9.55,8.79,510687.22
2021-08-03,8.94,8.59,8.97,8.54,340950.33
2021-08-04,8.58,8.78,8.92,8.5,254979.51
2021-08-05,8.69,9.0,9.21,8.52,408096.93
2021-08-06,8.84,9.11,9.2,8.84,368148.31
2021-08-09,8.88,9.16,9.23,8.65,340800.98
2021-08-10,9.08,8.81,9.2,8.68,475920.61
2021-08-11,8.78,9.08,9.45,8.76,467016.97
2021-08-12,9.3,9.63,9.87,9.29,854694.86
2021-08-13,9.6,9.85,9.94,9.47,726782.33
2021-08-16,9.97,9.17,10.19,9.1,766436.59
2021-08-17,9.18,9.29,9.37,9.08,437218.61
2021-08-18,9.18,9.15,9.31,8.91,379673.42
2021-08-19,9.08,9.04,9.24,8.74,397055.0
2021-08-20,8.81,9.05,9.06,8.68,363116.8
2021-08-23,9.23,9.59,9.92,9.23,858388.09
2021-08-24,9.78,9.55,9.85,9.52,537019.26
2021-08-25,9.56,9.58,9.71,9.48,453117.55
2021-08-26,9.52,9.75,9.87,9.42,708533.78
2021-08-27,9.74,10.22,10.3,9.66,798890.31
2021-08-30,10.38,10.78,10.98,10.14,949166.2
2021-08-31,10.91,11.26,11.5,10.6,1032458.1
2021-09-01,11.4,10.71,11.81,10.36,1060287.22
2021-09-02,10.42,10.73,11.05,10.36,744975.03
2021-09-03,10.44,10.21,10.72,9.9,922196.54
2021-09-06,10.32,9.97,10.47,9.83,634256.4
2021-09-07,9.99,10.06,10.17,9.78,872696.58
2021-09-08,10.07,9.94,10.1,9.87,817961.71
2021-09-09,9.87,10.27,10.29,9.69,884156.71
2021-09-10,10.2,10.31,10.74,10.09,896589.26
2021-09-13,10.3,10.82,10.83,10.22,1088976.66
2021-09-14,10.49,9.91,10.54,9.9,1018433.76
2021-09-15,9.73,9.93,10.07,9.52,730590.82
2021-09-16,10.0,9.19,10.05,9.18,947884.74
2021-09-17,8.92,8.68,9.1,8.44,839657.7
2021-09-22,8.6,8.77,8.82,8.48,387062.19
2021-09-23,8.87,8.63,8.98,8.6,388082.25
2021-09-24,8.74,8.31,8.85,8.29,535715.53
2021-09-27,8.31,7.82,8.36,7.69,609718.69
2021-09-28,7.87,7.74,7.9,7.7,420802.62
2021-09-29,7.67,7.52,7.75,7.51,353825.81
2021-09-30,7.52,7.71,7.82,7.52,299295.09
2021-10-08,7.82,7.71,7.88,7.68,264341.21
2021-10-11,7.72,7.81,7.83,7.67,233754.82
2021-10-12,7.79,7.6,7.85,7.56,226683.15
2021-10-13,7.59,7.64,7.65,7.54,138628.45
2021-10-14,7.66,7.91,7.99,7.66,423373.84
2021-10-15,7.81,7.77,7.98,7.76,273198.75
2021-10-18,7.85,8.02,8.02,7.74,450220.21
2021-10-19,7.94,8.12,8.13,7.9,363425.38
2021-10-20,7.95,8.02,8.12,7.86,370390.0
2021-10-21,8.13,8.37,8.55,8.12,597995.2
2021-10-22,8.24,8.05,8.29,8.01,388295.45
2021-10-25,8.04,8.07,8.12,7.9,185054.65
2021-10-26,8.08,8.02,8.18,8.0,212710.98
2021-10-27,7.89,7.7,7.9,7.64,319252.39
2021-10-28,7.67,7.25,7.7,7.19,359017.09
2021-10-29,7.24,7.25,7.33,7.09,194102.45
2021-11-01,7.22,7.35,7.38,7.22,138759.54
2021-11-02,7.36,7.14,7.39,7.06,242278.71
2021-11-03,7.11,7.23,7.24,7.08,110035.88
2021-11-04,7.28,7.22,7.39,7.21,138211.07
2021-11-05,7.22,7.06,7.23,7.04,173638.91
2021-11-08,7.08,7.24,7.24,7.06,169658.06
2021-11-09,7.25,7.26,7.26,7.13,146823.99
2021-11-10,7.25,7.24,7.3,7.17,130161.89
2021-11-11,7.28,7.34,7.35,7.26,159037.59
2021-11-12,7.37,7.34,7.44,7.32,172366.35
2021-11-15,7.35,7.26,7.4,7.24,146014.39
2021-11-16,7.27,7.11,7.27,7.1,174579.81
2021-11-17,7.11,7.19,7.22,7.1,109952.03
2021-11-18,7.21,7.45,7.46,7.19,243478.62
2021-11-19,7.51,7.72,7.79,7.51,398672.22
2021-11-22,7.62,7.7,7.77,7.59,265519.04
2021-11-23,7.7,7.64,7.78,7.63,221793.91
2021-11-24,7.59,7.67,7.69,7.52,185717.77
2021-11-25,7.7,7.71,7.82,7.69,229390.15
2021-11-26,7.61,7.52,7.66,7.47,210911.39
2021-11-29,7.41,7.41,7.43,7.32,188435.79
2021-11-30,7.45,7.51,7.75,7.43,223803.77
2021-12-01,7.48,7.57,7.59,7.39,136368.45
2021-12-02,7.53,7.46,7.57,7.44,138675.82
2021-12-03,7.48,7.52,7.55,7.35,145430.81
2021-12-06,7.51,7.45,7.63,7.45,206744.48
2021-12-07,7.5,7.29,7.53,7.23,221956.68
2021-12-08,7.32,7.4,7.4,7.29,125110.92
2021-12-09,7.35,7.41,7.43,7.35,141115.43
2021-12-10,7.37,7.4,7.5,7.32,156499.61
2021-12-13,7.4,7.6,7.68,7.34,301425.99
2021-12-14,7.55,7.52,7.62,7.48,218626.04
2021-12-15,7.49,7.44,7.54,7.41,155428.03
2021-12-16,7.44,7.52,7.53,7.39,149240.2
2021-12-17,7.56,7.55,7.64,7.51,194954.9
2021-12-20,7.5,7.32,7.52,7.31,198361.01
2021-12-21,7.33,7.34,7.37,7.3,119940.21
2021-12-22,7.36,7.4,7.45,7.34,130117.68
2021-12-23,7.44,7.4,7.46,7.36,125944.04
2021-12-24,7.42,7.23,7.43,7.21,198700.24
2021-12-27,7.24,7.13,7.24,7.07,151246.28
2021-12-28,7.15,7.21,7.22,7.14,114153.01
2021-12-29,7.19,7.16,7.25,7.13,143492.71
2021-12-30,7.19,7.14,7.22,7.14,128030.26
2021-12-31,7.16,7.15,7.18,7.11,110036.33
2022-01-04,7.14,7.21,7.25,7.14,153528.66
2022-01-05,7.21,7.09,7.25,7.05,174811.27
2022-01-06,7.07,7.14,7.16,7.05,95669.0
2022-01-07,7.12,7.12,7.16,7.1,112305.74
2022-01-10,7.12,7.15,7.16,7.07,104311.4
2022-01-11,7.13,7.22,7.27,7.12,179202.85
2022-01-12,7.32,7.39,7.4,7.27,331284.73
2022-01-13,7.39,7.56,7.77,7.37,656791.26
2022-01-14,7.5,7.26,7.58,7.26,345558.22
2022-01-17,7.25,7.2,7.26,7.13,201096.15
2022-01-18,7.27,7.4,7.65,7.26,436339.18
2022-01-19,7.44,7.45,7.52,7.34,213111.93
2022-01-20,7.64,8.2,8.2,7.57,1057657.69
2022-01-21,8.2,8.65,8.68,7.98,1318019.28
2022-01-24,8.38,8.26,8.45,8.06,686218.47
2022-01-25,8.11,7.63,8.16,7.48,855323.37
2022-01-26,7.63,7.67,7.91,7.59,482808.21
2022-01-27,7.62,7.7,8.02,7.49,525262.66
2022-01-28,7.65,7.57,7.73,7.18,465985.0
2022-02-07,7.38,7.41,7.61,7.25,500765.53
2022-02-08,7.56,7.65,7.75,7.44,581212.12
2022-02-09,7.58,7.78,7.85,7.55,542460.94
2022-02-10,7.95,7.75,8.03,7.59,628594.51
2022-02-11,7.73,7.53,7.78,7.52,479897.61
2022-02-14,7.63,7.66,7.86,7.58,512792.51
2022-02-15,7.67,7.8,7.98,7.54,617101.22
2022-02-16,7.73,7.75,7.77,7.61,411628.92
2022-02-17,7.71,8.12,8.14,7.66,813732.24
2022-02-18,8.05,8.05,8.14,7.99,462111.91
2022-02-21,8.06,8.08,8.14,7.98,375476.43
2022-02-22,8.06,8.19,8.25,8.0,507221.4
2022-02-23,8.19,8.16,8.34,8.03,450841.52
2022-02-24,8.15,8.04,8.39,7.91,825206.47
2022-02-25,7.94,8.14,8.3,7.92,561007.29
2022-02-28,8.21,8.28,8.34,8.04,509923.72
2022-03-01,8.25,8.21,8.31,8.09,405191.04
2022-03-02,8.28,8.31,8.46,8.22,493484.94
2022-03-03,8.33,8.34,8.51,8.31,494532.85
2022-03-04,8.34,8.12,8.35,8.09,523629.61
2022-03-07,8.36,8.34,8.49,8.25,753827.33
2022-03-08,9.02,8.56,9.1,8.29,1657715.41
2022-03-09,8.09,8.27,8.6,7.97,1187549.64
2022-03-10,8.08,8.0,8.25,7.87,903332.88
2022-03-11,7.96,8.55,8.63,7.7,1297017.69
2022-03-14,8.5,8.05,8.56,8.05,757191.53
2022-03-15,8.11,7.38,8.11,7.33,686887.0
2022-03-16,7.43,7.73,7.73,7.14,558155.83
2022-03-17,7.78,8.0,8.39,7.75,922192.63
2022-03-18,8.02,8.03,8.1,7.93,375105.45
2022-03-21,8.0,8.02,8.12,7.87,364627.97
2022-03-22,8.02,7.95,8.05,7.94,280173.38
2022-03-23,7.93,7.79,7.96,7.75,313248.73
2022-03-24,8.09,7.87,8.14,7.77,426450.31
2022-03-25,7.88,7.76,8.12,7.73,485141.29
2022-03-28,7.66,7.54,7.71,7.37,356799.26
2022-03-29,7.54,7.59,7.74,7.44,292349.35
2022-03-30,7.56,7.6,7.64,7.5,183236.74
2022-03-31,7.61,7.45,7.65,7.42,248212.14
2022-04-01,7.42,7.51,7.54,7.33,181632.55
2022-04-06,7.51,7.58,7.58,7.43,147916.08
2022-04-07,7.54,7.38,7.57,7.34,188040.69
2022-04-08,7.39,7.46,7.56,7.26,229062.0
2022-04-11,7.44,7.43,7.77,7.36,310298.32
2022-04-12,7.39,7.62,7.63,7.34,254885.67
2022-04-13,7.6,7.73,7.93,7.58,412184.65
2022-04-14,7.76,8.02,8.05,7.66,441119.54
2022-04-15,7.9,7.75,8.06,7.7,393583.49
2022-04-18,7.71,7.57,7.75,7.5,322191.62
2022-04-19,7.61,7.63,7.74,7.57,230433.82
2022-04-20,7.57,7.27,7.62,7.26,343414.42
2022-04-21,7.26,6.85,7.26,6.82,429186.14
2022-04-22,6.84,6.9,6.95,6.71,161904.7
2022-04-25,6.77,6.39,6.77,6.36,268776.68
2022-04-26,6.39,5.99,6.47,5.91,317460.59
2022-04-27,5.83,6.4,6.44,5.83,286587.01
2022-04-28,6.37,6.44,6.54,6.3,198759.8
2022-04-29,6.51,6.61,6.63,6.43,170489.68
2022-05-05,6.42,6.38,6.5,6.28,224937.07
2022-05-06,6.2,6.09,6.2,6.02,210999.47
2022-05-09,6.02,6.3,6.34,6.01,196745.37
2022-05-10,6.22,6.3,6.31,6.08,155933.51
2022-05-11,6.26,6.18,6.39,6.17,200317.69
2022-05-12,6.18,6.1,6.23,6.01,172162.83
2022-05-13,6.18,6.09,6.18,6.01,120180.12
2022-05-16,6.1,5.98,6.15,5.92,200265.0
2022-05-17,5.97,5.98,6.01,5.88,176401.1
2022-05-18,5.98,5.99,6.05,5.95,143867.97
2022-05-19,5.85,5.97,6.0,5.81,172298.29
2022-05-20,6.17,6.17,6.26,6.0,399569.69
2022-05-23,6.21,6.35,6.47,6.2,459543.23
2022-05-24,6.35,6.01,6.35,6.0,288189.0
2022-05-25,6.06,6.12,6.14,6.0,153768.15
2022-05-26,6.07,6.13,6.17,5.98,184651.28
2022-05-27,6.15,6.08,6.18,6.01,186752.54
2022-05-30,6.08,6.09,6.14,6.05,123844.57
2022-05-31,6.05,6.22,6.38,6.03,312347.51
2022-06-01,6.18,6.19,6.21,6.08,153348.88
2022-06-02,6.12,6.21,6.26,6.11,184851.85
2022-06-06,6.19,6.32,6.4,6.19,316175.18
2022-06-07,6.32,6.28,6.35,6.22,249446.88
2022-06-08,6.27,6.36,6.37,6.15,327715.07
2022-06-09,6.33,6.28,6.34,6.2,219002.77
2022-06-10,6.25,6.43,6.46,6.19,315507.55
2022-06-13,6.38,6.5,6.63,6.35,353132.04
2022-06-14,6.42,6.61,6.62,6.32,332154.95
2022-06-15,6.53,6.54,6.67,6.53,275178.71
2022-06-16,6.6,6.5,6.65,6.49,209956.14
2022-06-17,6.43,6.67,6.73,6.41,318737.59
2022-06-20,6.71,6.66,6.8,6.62,235081.37
2022-06-21,6.66,6.49,6.68,6.43,254683.13
2022-06-22,6.49,6.44,6.56,6.4,160551.32
2022-06-23,6.41,6.51,6.57,6.39,177099.37
2022-06-24,6.5,6.55,6.57,6.44,198639.21
2022-06-27,6.55,6.73,6.83,6.49,414773.36
2022-06-28,6.75,6.99,7.04,6.74,452125.29
2022-06-29,7.01,6.85,7.05,6.85,287691.8
2022-06-30,6.85,7.0,7.12,6.85,293790.0
2022-07-01,6.98,7.09,7.1,6.9,263613.31
2022-07-04,7.11,7.78,7.8,7.04,995477.36
2022-07-05,7.66,7.48,7.73,7.41,705309.27
2022-07-06,7.41,7.21,7.47,7.12,336962.8
2022-07-07,7.23,7.26,7.37,7.19,221544.11
2022-07-08,7.32,7.13,7.36,7.11,192143.0
2022-07-11,7.13,6.95,7.16,6.89,231535.83
2022-07-12,6.96,6.97,7.14,6.94,164494.49
2022-07-13,6.92,6.95,7.04,6.87,116887.14
2022-07-14,6.92,6.76,6.95,6.69,262252.19
2022-07-15,6.66,6.56,6.7,6.54,190762.46
2022-07-18,6.58,6.69,6.7,6.57,125527.25
2022-07-19,6.67,6.77,6.83,6.66,124748.88
2022-07-20,6.71,6.76,6.84,6.71,111317.51
2022-07-21,6.72,6.92,7.05,6.66,239277.24
2022-07-22,6.89,7.0,7.11,6.89,162824.4
2022-07-25,7.0,7.19,7.26,6.98,251672.49
2022-07-26,7.2,7.26,7.28,7.11,208189.08
2022-07-27,7.24,7.48,7.55,7.19,319410.08
2022-07-28,7.46,7.46,7.54,7.4,209676.99
2022-07-29,7.55,7.48,7.57,7.45,173150.53
2022-08-01,7.5,7.42,7.53,7.24,367012.5
2022-08-02,7.36,7.07,7.38,6.91,377624.42
2022-08-03,7.1,7.01,7.29,6.98,246998.48
2022-08-04,7.1,6.97,7.12,6.85,185940.46
2022-08-05,7.02,7.35,7.4,7.0,303486.91
2022-08-08,7.34,7.18,7.35,7.18,201740.09
2022-08-09,7.23,7.26,7.36,7.14,220340.62
2022-08-10,7.25,7.26,7.35,7.24,148805.91
2022-08-11,7.26,7.26,7.28,7.17,128607.25
2022-08-12,7.26,7.27,7.35,7.22,127354.39
2022-08-15,7.3,7.26,7.37,7.24,142988.62
2022-08-16,7.47,7.17,7.65,7.05,462227.34
2022-08-17,7.14,7.02,7.2,6.98,285078.92
2022-08-18,7.02,6.95,7.02,6.92,141570.0
2022-08-19,6.94,6.89,7.02,6.86,156830.1
2022-08-22,6.85,6.95,6.95,6.7,148296.09
2022-08-23,6.91,6.88,6.95,6.85,110203.86
2022-08-24,6.86,6.69,6.92,6.66,159310.29
2022-08-25,6.73,6.72,6.79,6.61,117455.81
2022-08-26,6.61,6.63,6.73,6.58,138221.06
2022-08-29,6.54,6.57,6.6,6.49,143734.35
2022-08-30,6.57,6.65,6.75,6.56,139222.77
2022-08-31,6.64,6.49,6.66,6.48,141540.61
2022-09-01,6.49,6.35,6.52,6.33,128252.77
2022-09-02,6.34,6.31,6.38,6.27,93590.36
2022-09-05,6.32,6.35,6.37,6.27,85797.0
2022-09-06,6.39,6.52,6.54,6.37,154352.09
2022-09-07,6.48,6.6,6.64,6.44,110686.59
2022-09-08,6.63,6.68,6.69,6.55,121928.22
2022-09-09,6.68,6.65,6.74,6.61,140354.44
2022-09-13,6.75,6.74,6.85,6.71,152000.09
2022-09-14,6.63,6.63,6.72,6.57,117191.72
2022-09-15,6.66,6.41,6.68,6.34,193191.62
2022-09-16,6.39,6.1,6.39,6.1,180075.02
2022-09-19,6.11,6.01,6.19,5.96,107578.0
2022-09-20,6.04,6.12,6.22,6.04,105884.0
2022-09-21,6.06,6.37,6.4,6.01,173223.0
2022-09-22,6.34,6.45,6.49,6.29,140758.22
2022-09-23,6.5,6.33,6.5,6.27,127665.09
2022-09-26,6.25,6.01,6.25,5.98,136865.0
2022-09-27,6.04,6.02,6.07,5.81,142290.15
2022-09-28,5.98,5.74,6.0,5.74,155763.62
2022-09-29,5.9,5.67,5.9,5.54,160956.07
2022-09-30,5.64,5.7,5.76,5.61,105259.14
2022-10-10,5.73,5.52,5.76,5.51,113078.24
2022-10-11,5.49,5.49,5.6,5.46,86469.38
2022-10-12,5.49,5.61,5.62,5.35,119484.73
2022-10-13,5.58,5.58,5.64,5.49,105084.4
2022-10-14,5.63,5.68,5.72,5.59,119508.61
2022-10-17,5.65,5.71,5.71,5.62,79989.58
2022-10-18,5.77,5.7,5.77,5.67,83846.54
2022-10-19,5.7,5.6,5.72,5.6,72437.7
2022-10-20,5.6,5.59,5.66,5.49,108896.4
2022-10-21,5.63,5.53,5.66,5.5,78371.12
2022-10-24,5.59,5.5,5.73,5.48,151221.84
2022-10-25,5.49,5.53,5.57,5.35,109313.6
2022-10-26,5.51,5.73,5.73,5.51,158699.03
2022-10-27,5.73,5.74,5.89,5.7,135879.35
2022-10-28,5.73,5.55,5.77,5.53,152865.22
2022-10-31,5.5,5.67,5.69,5.5,120471.26
2022-11-01,5.67,5.84,5.85,5.66,134156.69
2022-11-02,5.81,5.85,5.93,5.78,144764.75
2022-11-03,5.81,5.87,5.9,5.73,141810.09
2022-11-04,5.87,5.98,6.04,5.82,156095.84
2022-11-07,6.08,6.11,6.17,6.06,154285.02
2022-11-08,6.11,6.1,6.22,6.05,198567.52
2022-11-09,6.28,6.14,6.32,6.14,244301.11
2022-11-10,6.05,6.1,6.15,6.04,125341.13
2022-11-11,6.24,6.27,6.36,6.24,246964.41
2022-11-14,6.22,6.12,6.32,6.1,185788.18
2022-11-15,6.12,6.19,6.23,6.12,108270.71
2022-11-16,6.23,6.18,6.26,6.12,121056.62
2022-11-17,6.12,6.1,6.18,6.02,173483.06
2022-11-18,6.11,6.0,6.13,5.96,107946.22
2022-11-21,6.01,6.07,6.08,5.85,104800.36
2022-11-22,6.14,5.98,6.17,5.95,103558.0
2022-11-23,6.01,5.98,6.03,5.94,81139.0
2022-11-24,6.03,6.05,6.16,6.02,123426.22
2022-11-25,6.02,6.05,6.16,5.98,115444.0
2022-11-28,5.98,5.99,6.04,5.9,116397.99
2022-11-29,6.0,6.08,6.08,5.94,95352.99
2022-11-30,6.09,6.08,6.15,6.05,81399.14
2022-12-01,6.27,6.15,6.3,6.13,124279.0
2022-12-02,6.17,6.15,6.25,6.09,125731.94
2022-12-05,6.22,6.33,6.41,6.19,285973.23
2022-12-06,6.26,6.27,6.33,6.23,141705.23
2022-12-07,6.22,6.22,6.33,6.22,104752.25
2022-12-08,6.23,6.21,6.29,6.18,85249.76
2022-12-09,6.25,6.34,6.35,6.2,154130.09
2022-12-12,6.35,6.15,6.35,6.13,159916.69
2022-12-13,6.18,6.21,6.25,6.12,76655.0
2022-12-14,6.31,6.33,6.44,6.27,167009.11
2022-12-15,6.31,6.18,6.34,6.17,113979.0
2022-12-16,6.14,6.13,6.2,6.09,87530.3
2022-12-19,6.13,6.01,6.16,5.93,115216.75
2022-12-20,5.98,5.95,6.04,5.94,67530.0
2022-12-21,6.07,5.97,6.1,5.94,111894.0
2022-12-22,5.97,5.84,6.05,5.81,122540.09
2022-12-23,5.79,5.81,5.87,5.78,100430.6
2022-12-26,5.81,5.98,6.0,5.81,102182.75
2022-12-27,6.01,5.99,6.01,5.94,66904.0
2022-12-28,5.96,6.23,6.29,5.95,251498.02
2022-12-29,6.24,6.09,6.27,6.06,131566.0
2022-12-30,6.1,6.01,6.13,5.99,104593.0
2023-01-03,6.01,6.12,6.14,5.97,131647.84
2023-01-04,6.12,6.07,6.14,6.04,114785.84
2023-01-05,6.07,6.06,6.11,6.04,112396.71
2023-01-06,6.06,6.09,6.11,6.04,85242.0
2023-01-09,6.16,6.23,6.29,6.13,228227.32
2023-01-10,6.25,6.17,6.27,6.14,133204.54
2023-01-11,6.18,6.2,6.24,6.16,109223.81
2023-01-12,6.21,6.17,6.24,6.17,119401.0
2023-01-13,6.22,6.2,6.28,6.13,99624.53
2023-01-16,6.22,6.24,6.3,6.22,140821.82
2023-01-17,6.24,6.18,6.27,6.16,92594.0
2023-01-18,6.21,6.23,6.28,6.19,102587.22
2023-01-19,6.22,6.32,6.32,6.19,161365.54
2023-01-20,6.33,6.44,6.47,6.32,199602.57
2023-01-30,6.53,6.49,6.58,6.45,196721.44
2023-01-31,6.46,6.53,6.58,6.43,127725.47
2023-02-01,6.54,6.72,6.84,6.53,273186.27
2023-02-02,6.72,6.71,6.8,6.69,196675.66
2023-02-03,6.69,6.69,6.73,6.56,176454.68
2023-02-06,6.58,6.63,6.65,6.53,189103.32
2023-02-07,6.68,6.92,7.0,6.59,429495.82
2023-02-08,6.98,6.91,7.03,6.8,268616.61
2023-02-09,6.92,7.0,7.06,6.87,251486.42
2023-02-10,6.97,6.88,6.98,6.84,205022.0
2023-02-13,6.88,6.93,6.94,6.8,171269.27
2023-02-14,6.94,7.04,7.09,6.89,202128.03
2023-02-15,7.05,7.04,7.09,6.97,141453.71
2023-02-16,7.01,6.84,7.06,6.78,188315.27
2023-02-17,6.84,6.79,6.94,6.79,119545.44
2023-02-20,6.79,7.01,7.03,6.79,199284.0
2023-02-21,7.01,7.15,7.18,7.0,206966.0
2023-02-22,7.11,7.11,7.17,7.07,140548.0
2023-02-23,7.13,7.19,7.35,7.11,256550.62
2023-02-24,7.14,7.24,7.38,7.12,191651.02
2023-02-27,7.19,7.04,7.23,7.01,197237.0
2023-02-28,7.11,7.13,7.17,7.05,123493.62
2023-03-01,7.13,7.1,7.13,7.03,133624.0
2023-03-02,7.11,7.51,7.7,6.91,788804.07
2023-03-03,7.5,7.6,7.92,7.46,792980.81
2023-03-06,7.61,7.51,7.65,7.39,336323.45
2023-03-07,7.51,7.59,7.87,7.5,406365.03
2023-03-08,7.61,7.54,7.64,7.42,219213.21
2023-03-09,7.49,7.5,7.74,7.43,182852.03
2023-03-10,7.5,7.36,7.59,7.31,224122.73
2023-03-13,7.5,7.55,7.68,7.46,294133.96
2023-03-14,8.11,8.08,8.31,8.0,956140.8
2023-03-15,8.09,8.16,8.37,8.07,562941.38
2023-03-16,8.15,7.87,8.15,7.79,454102.71
2023-03-17,7.85,7.86,7.97,7.8,263459.46
2023-03-20,7.96,7.93,8.08,7.83,314491.45
2023-03-21,7.8,7.94,7.95,7.77,219179.65
2023-03-22,7.96,7.98,8.02,7.82,182656.28
2023-03-23,7.92,7.99,8.02,7.85,204078.54
2023-03-24,7.99,8.06,8.1,7.97,241928.64
2023-03-27,8.0,7.99,8.02,7.75,280883.33
2023-03-28,7.95,7.83,8.04,7.79,216098.29
2023-03-29,7.84,7.78,7.9,7.74,154212.21
2023-03-30,7.78,7.77,7.84,7.67,171210.51
2023-03-31,7.8,7.96,8.01,7.72,197080.3
2023-04-03,7.7,7.92,7.97,7.7,205978.99
2023-04-04,7.84,7.83,7.93,7.75,170538.49
2023-04-06,8.06,8.04,8.11,7.94,299889.58
2023-04-07,8.03,8.02,8.06,7.93,155419.37
2023-04-10,7.99,8.19,8.27,7.99,306948.0
2023-04-11,8.17,8.88,8.98,8.11,639167.43
2023-04-12,8.89,8.97,9.07,8.77,471661.22
2023-04-13,8.96,9.16,9.32,8.93,454262.76
2023-04-14,9.37,9.26,9.38,9.19,312130.2
2023-04-17,9.13,9.45,9.48,9.07,351087.15
2023-04-18,9.38,9.11,9.5,9.03,408166.26
2023-04-19,9.39,9.0,9.39,8.94,304632.81
2023-04-20,8.97,8.71,9.0,8.54,439349.19
2023-04-21,8.77,8.5,8.78,8.45,226399.04
2023-04-24,8.52,8.45,8.66,8.41,283757.87
2023-04-25,8.49,8.39,8.68,8.29,227632.81
2023-04-26,8.42,8.55,8.57,8.31,214109.23
2023-04-27,8.5,8.63,8.73,8.42,210121.09
2023-04-28,8.59,8.61,8.67,8.55,156276.5
2023-05-04,9.0,8.5,9.24,8.27,594226.53
2023-05-05,8.52,8.49,8.59,8.34,251678.9
2023-05-08,8.44,8.49,8.59,8.33,183867.82
2023-05-09,8.45,8.1,8.5,8.08,294613.43
2023-05-10,8.08,8.12,8.22,8.05,186706.68
2023-05-11,8.13,7.97,8.14,7.96,148480.66
2023-05-12,7.92,7.76,7.92,7.52,303127.8
2023-05-15,7.76,8.0,8.02,7.71,177945.7
2023-05-16,8.02,7.99,8.2,7.86,165276.72
2023-05-17,7.99,8.24,8.25,7.94,166332.41
2023-05-18,8.26,8.73,8.77,8.19,348525.26
2023-05-19,8.81,8.58,8.85,8.52,162247.0
2023-05-22,8.56,8.63,8.76,8.55,119657.11
2023-05-23,8.66,8.57,8.66,8.47,125670.42
2023-05-24,8.54,8.64,8.84,8.48,159712.74
2023-05-25,8.61,8.32,8.66,8.25,199556.4
2023-05-26,8.32,8.55,8.69,8.21,193462.01
2023-05-29,8.58,8.69,8.77,8.44,162058.66
2023-05-30,8.71,8.82,8.82,8.6,184806.07
2023-05-31,8.78,9.15,9.18,8.74,297333.01
2023-06-01,9.09,9.14,9.24,9.08,283936.13
2023-06-02,9.2,9.38,9.45,9.16,339491.7
2023-06-05,9.38,9.02,9.55,8.98,310891.78
2023-06-06,9.18,8.61,9.21,8.49,397939.49
2023-06-07,8.63,8.84,8.98,8.61,262922.7
2023-06-08,8.85,9.0,9.07,8.83,187227.95
2023-06-09,9.17,9.02,9.27,8.87,242476.02
2023-06-12,9.28,9.36,9.44,9.15,323529.69
2023-06-13,9.31,9.2,9.41,9.12,255987.45
2023-06-14,9.22,9.53,9.64,9.16,334031.04
2023-06-15,9.53,9.25,9.55,9.23,207050.78
2023-06-16,9.29,9.25,9.47,9.18,154111.04
2023-06-19,9.18,9.23,9.3,9.17,128884.01
2023-06-20,9.18,9.22,9.32,9.16,167771.38
2023-06-21,9.18,8.99,9.19,8.97,192154.82
2023-06-26,8.87,8.51,8.91,8.46,313513.15
2023-06-27,8.59,8.73,8.78,8.49,162319.31
2023-06-28,8.7,8.76,8.87,8.56,153354.03
2023-06-29,8.69,8.62,8.77,8.59,104126.0
2023-06-30,8.63,8.77,8.78,8.54,140047.24
2023-07-03,8.82,8.78,8.98,8.69,206511.93
2023-07-04,8.81,8.92,8.94,8.69,140223.89
2023-07-05,8.94,9.51,9.79,8.89,506521.64
2023-07-06,9.53,9.62,9.77,9.25,357739.19
2023-07-07,9.69,9.64,9.69,9.47,192753.84
2023-07-10,9.67,9.69,9.78,9.62,192231.8
2023-07-11,9.68,9.69,9.74,9.49,160744.44
2023-07-12,9.66,9.59,9.77,9.58,130093.77
2023-07-13,9.83,9.52,10.05,9.48,233808.26
2023-07-14,9.65,9.47,9.82,9.46,132023.83
2023-07-17,9.48,9.36,9.57,9.3,115543.9
2023-07-18,9.36,9.46,9.5,9.28,110789.08
2023-07-19,9.43,9.43,9.55,9.28,95970.78
2023-07-20,9.4,9.3,9.48,9.29,86144.14
2023-07-21,9.25,9.4,9.57,9.25,142636.34
2023-07-24,9.39,9.27,9.52,9.18,134857.91
2023-07-25,9.3,9.3,9.41,9.23,130145.77
2023-07-26,9.36,9.44,9.65,9.31,195235.39
2023-07-27,9.52,9.36,9.57,9.31,201395.68
2023-07-28,9.24,9.14,9.24,8.94,214101.04
2023-07-31,9.14,9.18,9.36,9.11,131656.78
2023-08-01,9.18,9.1,9.26,8.97,136040.49
2023-08-02,9.16,9.05,9.17,8.94,138635.09
2023-08-03,9.03,8.85,9.05,8.78,189470.31
2023-08-04,8.89,8.62,9.07,8.59,313170.46
2023-08-07,8.69,8.71,8.75,8.51,233070.75
2023-08-08,8.66,9.0,9.06,8.64,232362.75
2023-08-09,8.94,8.91,8.99,8.78,146950.86
2023-08-10,8.87,9.03,9.14,8.86,140559.67
2023-08-11,9.01,8.9,9.14,8.86,132323.35
2023-08-14,8.8,8.91,8.96,8.71,104869.43
2023-08-15,8.87,8.75,8.94,8.69,100212.34
2023-08-16,8.7,8.64,8.75,8.62,71058.27
2023-08-17,8.66,8.94,8.99,8.5,136559.41
2023-08-18,9.0,8.51,9.0,8.49,168697.57
2023-08-21,8.51,8.47,8.64,8.39,120175.69
2023-08-22,8.49,8.6,8.66,8.44,141881.7
2023-08-23,8.57,8.62,8.73,8.4,125597.87
2023-08-24,8.65,8.58,8.78,8.56,118664.85
2023-08-25,8.54,8.23,8.61,8.21,173730.98
2023-08-28,8.69,8.2,8.77,8.03,301688.35
2023-08-29,8.24,8.39,8.5,8.17,225028.91
2023-08-30,8.41,9.15,9.17,8.4,434821.69
2023-08-31,9.11,8.99,9.21,8.9,220411.8
2023-09-01,9.0,9.15,9.18,8.95,136078.02
2023-09-04,9.21,9.2,9.32,9.1,188852.35
2023-09-05,9.2,9.2,9.24,9.1,100472.0
2023-09-06,9.17,9.19,9.26,9.15,73956.58
2023-09-07,9.15,9.01,9.22,8.97,108638.33
2023-09-08,8.98,8.99,9.07,8.93,84043.69
2023-09-11,9.0,9.14,9.16,8.93,112764.03
2023-09-12,9.16,9.09,9.27,9.08,143808.0
2023-09-13,9.12,9.13,9.22,9.03,126273.38
2023-09-14,9.13,9.42,9.5,9.12,256110.98
2023-09-15,9.4,9.34,9.58,9.28,168200.5
2023-09-18,9.3,9.35,9.39,9.17,113868.0
2023-09-19,9.4,9.39,9.58,9.21,193337.12
2023-09-20,9.4,9.32,9.43,9.28,73470.62
2023-09-21,9.31,9.2,9.35,9.13,111907.12
2023-09-22,9.2,9.28,9.31,9.09,148936.28
2023-09-25,9.34,9.36,9.46,9.21,116983.09
2023-09-26,9.3,9.4,9.45,9.26,115047.11
2023-09-27,9.35,9.57,9.72,9.35,204409.41
2023-09-28,9.56,9.61,9.7,9.54,143174.32
2023-10-09,10.07,10.28,10.33,9.84,628096.03
2023-10-10,10.36,10.24,10.37,10.12,247483.14
2023-10-11,10.26,10.02,10.29,9.98,201630.06
2023-10-12,10.05,10.01,10.19,9.99,122463.0
2023-10-13,10.02,10.03,10.05,9.86,154390.0
2023-10-16,10.15,9.98,10.17,9.89,167309.21
2023-10-17,10.06,9.98,10.06,9.87,101855.39
2023-10-18,9.91,9.79,9.94,9.77,144594.0
2023-10-19,9.79,9.72,9.87,9.59,170248.21
2023-10-20,9.76,9.71,9.86,9.67,134229.01
2023-10-23,9.7,9.2,9.7,9.16,206381.37
2023-10-24,9.29,9.28,9.35,9.05,273906.0
2023-10-25,9.48,9.32,9.52,9.28,171418.0
2023-10-26,9.19,9.3,9.44,9.18,180501.37
2023-10-27,9.28,9.4,9.53,9.24,175299.69
2023-10-30,9.5,9.05,9.58,9.01,353404.56
2023-10-31,9.15,9.29,9.32,9.06,249663.03
2023-11-01,9.27,9.22,9.31,9.11,139033.0
2023-11-02,9.29,9.0,9.35,8.98,185642.23
2023-11-03,9.0,8.91,9.06,8.81,204063.0
2023-11-06,8.96,9.09,9.11,8.95,190874.88
2023-11-07,8.98,9.03,9.12,8.96,150697.33
2023-11-08,9.0,9.19,9.3,8.96,218160.0
2023-11-09,9.18,9.16,9.21,8.99,182682.71
2023-11-10,9.18,9.03,9.22,9.0,162829.0
2023-11-13,9.05,8.96,9.06,8.63,246975.96
2023-11-14,8.95,8.8,9.0,8.76,183787.35
2023-11-15,8.9,8.86,9.09,8.78,222078.3
2023-11-16,8.83,8.73,8.89,8.69,137833.86
2023-11-17,8.71,9.01,9.03,8.65,230081.74
2023-11-20,9.03,8.9,9.1,8.86,134200.47
2023-11-21,8.92,9.01,9.25,8.92,188835.55
2023-11-22,9.0,8.89,9.05,8.87,136686.77
2023-11-23,8.81,8.92,8.92,8.78,75055.45
2023-11-24,9.08,8.82,9.08,8.77,167341.02
2023-11-27,8.99,9.03,9.15,8.94,325283.8
2023-11-28,9.06,9.03,9.17,8.97,176054.64
2023-11-29,9.08,9.04,9.16,9.01,166430.17
2023-11-30,9.03,8.91,9.05,8.79,219717.0
2023-12-01,8.91,8.97,9.02,8.8,135013.0
2023-12-04,9.06,9.03,9.23,9.0,214099.98
2023-12-05,8.93,8.89,8.97,8.87,145335.0
2023-12-06,8.85,8.93,8.98,8.82,165541.57
2023-12-07,8.91,9.03,9.1,8.84,154468.0
2023-12-08,9.03,8.92,9.05,8.9,123914.0
2023-12-11,8.87,8.92,8.92,8.71,132530.0
2023-12-12,8.89,8.92,8.95,8.85,92509.72
2023-12-13,8.92,8.86,8.93,8.86,62141.83
2023-12-14,8.92,8.95,9.05,8.91,136533.83
2023-12-15,8.98,8.77,9.02,8.42,266827.2
2023-12-18,8.63,8.9,8.94,8.62,181209.94
2023-12-19,8.81,8.77,9.02,8.7,141938.0
2023-12-20,8.74,8.77,8.88,8.74,85438.13
2023-12-21,8.75,8.78,8.85,8.62,99901.91
2023-12-22,8.78,8.71,8.82,8.67,116167.0
2023-12-25,8.7,8.75,8.78,8.67,79073.0
2023-12-26,8.79,8.76,8.86,8.72,87277.0
2023-12-27,8.66,8.83,8.84,8.57,104480.37
2023-12-28,8.85,8.86,8.94,8.83,128615.83
2023-12-29,8.81,8.98,9.08,8.76,208149.96
2024-01-02,9.07,9.01,9.08,8.96,160844.58
2024-01-03,9.02,9.05,9.07,8.98,122645.0
2024-01-04,9.01,9.26,9.29,8.98,188366.16
2024-01-05,9.2,9.44,9.63,9.19,252120.22
2024-01-08,9.45,9.27,9.47,9.25,183583.88
2024-01-09,9.28,9.4,9.48,9.13,166730.0
2024-01-10,9.37,9.17,9.49,9.16,151077.0
2024-01-11,9.18,9.15,9.21,9.07,124538.4
2024-01-12,9.15,9.33,9.37,9.11,114212.8
2024-01-15,9.33,9.46,9.49,9.25,167448.25
2024-01-16,9.46,9.59,9.59,9.38,141685.0
2024-01-17,9.55,9.43,9.65,9.43,167824.81
2024-01-18,9.29,9.03,9.35,8.79,384876.13
2024-01-19,8.99,9.05,9.15,8.96,164290.08
2024-01-22,9.08,8.66,9.15,8.59,231408.76
2024-01-23,8.67,8.74,8.79,8.42,200967.91
2024-01-24,8.8,9.04,9.04,8.65,185366.72
2024-01-25,9.05,9.17,9.2,9.01,188664.96
2024-01-26,9.15,9.29,9.38,9.11,167933.1
2024-01-29,9.48,9.17,9.58,9.0,275740.3
2024-01-30,9.12,8.79,9.17,8.76,212390.4
2024-01-31,8.73,8.5,8.83,8.44,176253.44
2024-02-01,8.46,8.16,8.46,8.13,236342.42
2024-02-02,8.18,7.8,8.27,7.54,347617.04
2024-02-05,7.79,7.49,7.88,7.25,419419.11
2024-02-06,7.32,8.22,8.24,7.23,389307.31
2024-02-07,8.46,8.64,8.76,8.26,390390.0
2024-02-08,8.79,8.7,9.17,8.52,411680.49
2024-02-19,8.71,8.85,8.96,8.71,271624.18
2024-02-20,8.77,8.81,8.91,8.66,145812.8
2024-02-21,8.79,8.87,9.09,8.65,249592.39
2024-02-22,8.84,8.88,8.92,8.8,187547.86
2024-02-23,8.87,9.02,9.05,8.83,221805.16
2024-02-26,9.01,8.95,9.07,8.87,186250.19
2024-02-27,8.91,8.96,8.96,8.84,222376.52
2024-02-28,8.97,8.72,9.04,8.71,240269.15
2024-02-29,8.73,8.96,8.96,8.67,183485.25
2024-03-01,8.96,8.94,9.05,8.9,159072.0
2024-03-04,9.02,9.14,9.21,8.97,259589.18
2024-03-05,9.38,9.39,9.43,9.19,404535.1
2024-03-06,9.32,9.52,9.66,9.3,382322.84
2024-03-07,9.66,9.58,9.97,9.55,435825.2
2024-03-08,9.75,9.81,9.83,9.59,257639.91
2024-03-11,9.85,9.71,9.95,9.61,273121.51
2024-03-12,9.74,9.61,9.78,9.57,190301.5
2024-03-13,9.55,9.6,9.72,9.44,189320.81
2024-03-14,9.92,9.86,10.08,9.77,405425.13
2024-03-15,9.85,10.57,10.75,9.83,561761.12
2024-03-18,10.63,10.79,10.97,10.46,665768.71
2024-03-19,10.75,10.79,11.06,10.74,539427.54
2024-03-20,10.65,10.79,10.81,10.5,340799.06
2024-03-21,11.18,10.9,11.26,10.78,349166.85
2024-03-22,10.72,10.47,10.84,10.37,373868.5
2024-03-25,10.43,10.56,10.78,10.43,358008.03
2024-03-26,10.5,10.61,10.67,10.41,209162.04
2024-03-27,10.61,10.36,10.78,10.32,215921.4
2024-03-28,10.37,10.64,10.71,10.33,206342.29
2024-03-29,10.79,11.17,11.17,10.72,431417.24
2024-04-01,11.29,11.17,11.45,10.98,479944.02
2024-04-02,11.1,11.29,11.34,11.08,353086.69
2024-04-03,11.69,12.05,12.26,11.43,881549.58
2024-04-08,12.2,12.59,13.14,12.08,885543.12
2024-04-09,12.39,12.52,12.83,12.31,618604.4
2024-04-10,12.76,12.78,13.1,12.5,640526.92
2024-04-11,12.42,12.94,13.37,12.39,569009.47
2024-04-12,13.16,13.76,13.8,12.94,672094.7
2024-04-15,13.18,13.27,13.33,12.59,726062.22
2024-04-16,13.36,12.43,13.41,12.34,606146.64
2024-04-17,12.22,12.79,12.96,12.22,433772.8
2024-04-18,12.59,13.05,13.2,12.57,605312.77
2024-04-19,13.35,13.1,13.72,12.79,602198.66
2024-04-22,13.35,12.93,13.65,12.82,625696.92
2024-04-23,12.37,12.28,12.66,12.19,757458.6
2024-04-24,12.31,12.85,12.86,12.25,475005.63
2024-04-25,12.77,13.01,13.08,12.66,288532.96
2024-04-26,13.02,13.28,13.32,12.89,342151.27
2024-04-29,13.06,13.46,13.49,12.91,456477.79
2024-04-30,13.06,12.78,13.13,12.68,499869.44
2024-05-06,12.66,12.96,12.99,12.42,364984.12
2024-05-07,13.13,12.92,13.34,12.91,263964.59
2024-05-08,12.84,13.0,13.26,12.72,275576.77
2024-05-09,13.0,13.18,13.39,12.99,268489.87
2024-05-10,13.56,13.54,13.66,13.12,465936.27
2024-05-13,13.25,13.53,13.6,13.05,352533.14
2024-05-14,13.62,13.8,14.12,13.55,403685.77
2024-05-15,13.67,13.47,13.93,13.43,334671.95
2024-05-16,13.76,13.52,13.95,13.48,348603.49
2024-05-17,13.57,13.64,13.64,13.26,225628.9
2024-05-20,14.34,14.92,15.01,14.13,1112278.99
2024-05-21,15.05,14.65,15.39,14.44,912003.9
2024-05-22,14.71,14.34,15.07,14.23,481885.0
2024-05-23,13.92,13.75,14.05,13.62,455491.22
2024-05-24,13.49,14.05,14.17,13.49,345807.07
2024-05-27,14.18,14.37,14.45,14.03,359372.18
2024-05-28,14.68,14.92,15.5,14.62,657656.54
2024-05-29,15.05,15.37,15.72,14.93,625264.62
2024-05-30,15.29,14.11,15.29,14.0,633091.5
2024-05-31,14.12,14.12,14.46,13.9,394507.05
2024-06-03,13.95,13.79,14.2,13.67,372756.42
2024-06-04,13.79,14.18,14.22,13.68,339213.82
2024-06-05,13.75,13.87,14.16,13.51,315423.38
2024-06-06,14.21,13.91,14.34,13.85,289666.66
2024-06-07,14.37,14.14,14.5,13.91,387551.52
2024-06-11,13.73,13.55,13.93,13.3,402528.21
2024-06-12,13.48,13.93,14.03,13.43,264773.18
2024-06-13,13.66,13.61,13.83,13.36,248707.3
2024-06-14,13.38,13.73,13.86,13.36,171981.82
2024-06-17,13.79,13.42,13.91,13.36,161909.48
2024-06-18,13.5,13.67,13.74,13.33,167735.21
2024-06-19,13.69,13.55,13.95,13.51,164850.84
2024-06-20,13.71,13.92,14.21,13.7,329012.92
2024-06-21,14.06,13.99,14.35,13.91,273980.0
2024-06-24,13.61,13.71,13.95,13.54,211856.28
2024-06-25,13.7,13.9,14.06,13.65,182019.46
2024-06-26,13.79,13.72,13.79,13.24,279026.89
2024-06-27,13.54,13.25,13.62,13.23,180424.3
2024-06-28,13.26,13.44,13.66,13.1,430528.99
2024-07-01,13.44,13.85,13.93,13.39,303458.42
2024-07-02,13.83,13.47,13.95,13.38,185045.0
2024-07-03,13.47,13.61,13.62,13.3,165744.96
2024-07-04,13.77,13.23,13.9,13.21,269702.63
2024-07-05,13.16,13.99,14.05,13.13,352687.8
2024-07-08,14.13,13.78,14.34,13.71,264450.0
2024-07-09,13.74,14.59,14.6,13.62,355641.27
2024-07-10,14.47,13.92,14.74,13.83,390498.8
2024-07-11,14.11,14.66,14.79,13.98,361890.28
2024-07-12,14.62,14.24,14.64,14.09,300107.0
2024-07-15,14.22,14.64,14.98,14.01,586621.24
2024-07-16,14.48,15.06,15.14,14.48,406379.07
2024-07-17,15.38,14.76,15.6,14.62,523648.59
2024-07-18,14.42,14.39,14.49,13.9,419225.46
2024-07-19,13.63,13.65,13.9,13.48,330712.52
2024-07-22,13.55,13.62,13.76,13.39,229834.0
2024-07-23,13.69,12.81,13.69,12.8,372455.4
2024-07-24,12.72,12.71,12.85,12.52,242556.26
2024-07-25,12.38,12.12,12.43,11.89,406684.81
2024-07-26,12.04,12.19,12.44,12.04,255337.14
2024-07-29,12.31,12.36,12.5,12.17,220329.34
2024-07-30,12.28,12.07,12.31,11.89,234988.0
2024-07-31,12.15,12.75,12.8,12.12,259711.78
2024-08-01,12.93,12.61,13.07,12.56,242672.69
2024-08-02,12.42,12.51,12.56,12.17,290622.58
2024-08-05,12.26,12.13,12.6,12.12,205204.0
2024-08-06,11.99,11.56,12.13,11.4,355175.9
2024-08-07,11.53,11.54,11.68,11.45,175718.08
2024-08-08,11.46,11.37,11.5,11.15,197833.13
2024-08-09,11.68,11.61,11.96,11.58,292438.89
2024-08-12,11.63,11.68,11.82,11.53,141157.75
2024-08-13,11.79,11.57,11.87,11.43,136915.0
2024-08-14,11.58,11.38,11.68,11.34,106867.02
2024-08-15,11.33,11.65,11.7,11.26,185650.2
2024-08-16,12.08,11.7,12.13,11.58,292473.0
2024-08-19,11.78,12.03,12.34,11.71,314540.74
2024-08-20,12.15,11.9,12.28,11.81,180407.81
2024-08-21,11.76,11.99,12.15,11.73,217231.45
2024-08-22,11.93,11.79,12.01,11.76,123557.33
2024-08-23,11.61,11.73,11.82,11.53,109478.4
2024-08-26,11.91,11.83,11.97,11.5,193609.0
2024-08-27,11.7,11.51,11.73,11.39,165960.46
2024-08-28,11.62,11.32,11.94,11.24,292509.31
2024-08-29,11.22,11.33,11.43,11.09,154924.04
2024-08-30,11.25,11.48,11.65,11.12,232088.02
2024-09-02,11.38,11.07,11.39,10.99,183160.92
2024-09-03,11.01,11.02,11.18,10.97,128200.0
2024-09-04,10.86,10.69,10.98,10.63,223742.23
2024-09-05,10.72,10.54,10.81,10.44,242853.92
2024-09-06,10.6,10.38,10.67,10.33,190125.94
2024-09-09,10.19,9.91,10.21,9.86,397450.14
2024-09-10,9.95,9.69,10.0,9.59,283584.09
2024-09-11,9.68,9.72,9.76,9.44,272508.64
2024-09-12,9.74,9.92,10.03,9.72,290839.65
2024-09-13,10.33,9.93,10.33,9.91,358579.25
2024-09-18,10.04,9.79,10.1,9.56,276656.81
2024-09-19,9.69,10.15,10.19,9.56,389944.31
2024-09-20,10.09,10.38,10.4,10.03,368653.0
2024-09-23,10.35,10.25,10.55,10.23,291416.84
2024-09-24,10.33,10.77,10.77,10.2,449648.59
2024-09-25,11.23,11.17,11.81,11.12,599947.52
2024-09-26,11.16,11.68,11.69,10.99,420961.01
2024-09-27,11.93,12.11,12.24,11.69,484436.09
2024-09-30,12.61,13.25,13.25,12.12,669550.18
2024-10-08,14.57,13.28,14.57,12.79,952294.95
2024-10-09,12.52,12.05,12.91,12.0,618067.54
2024-10-10,12.18,12.2,12.68,11.82,451266.68
2024-10-11,12.48,12.3,12.66,11.99,456276.56
2024-10-14,12.41,13.05,13.08,12.33,566870.85
2024-10-15,12.53,12.22,12.65,12.0,582042.9
2024-10-16,12.1,12.44,12.46,11.89,317228.01
2024-10-17,12.45,12.23,12.68,12.21,301319.22
2024-10-18,12.24,12.72,12.82,12.24,519466.4
2024-10-21,13.23,13.55,13.86,13.12,742434.67
2024-10-22,13.42,13.82,13.95,13.24,495585.49
2024-10-23,13.97,13.82,14.11,13.64,447875.83
2024-10-24,13.5,13.83,13.92,13.42,336979.17
2024-10-25,13.89,13.72,13.89,13.52,338130.02
2024-10-28,13.64,13.76,13.99,13.61,315441.61
2024-10-29,13.71,13.96,14.12,13.59,302967.78
2024-10-30,14.07,14.08,14.44,13.87,350209.62
2024-10-31,13.92,13.5,14.06,13.33,435057.36
2024-11-01,13.27,13.48,13.87,13.07,485724.03
2024-11-04,13.36,13.58,13.61,13.28,249492.32
2024-11-05,13.55,14.08,14.13,13.4,478188.12
2024-11-06,14.09,14.7,15.23,14.01,753136.71
2024-11-07,13.96,14.38,14.46,13.47,595884.37
2024-11-08,14.59,14.26,14.91,14.2,395904.52
2024-11-11,14.11,14.03,14.31,13.79,325293.3
2024-11-12,13.89,13.22,13.95,13.14,647457.2
2024-11-13,13.26,12.99,13.31,12.92,330776.0
2024-11-14,12.92,12.55,13.03,12.51,298746.83
2024-11-15,12.55,12.74,13.08,12.53,356306.48
2024-11-18,12.92,12.61,12.98,12.44,273752.8
2024-11-19,12.83,13.17,13.18,12.71,270608.9
2024-11-20,13.15,13.1,13.19,12.87,199846.72
2024-11-21,13.05,13.31,13.33,13.05,216707.72
2024-11-22,13.27,12.8,13.37,12.79,204896.59
2024-11-25,12.87,12.61,12.97,12.43,159259.22
2024-11-26,12.49,12.62,12.76,12.36,128505.16
2024-11-27,12.58,12.87,12.88,12.36,152657.37
2024-11-28,12.78,12.49,12.81,12.44,173681.0
2024-11-29,12.51,12.87,13.06,12.5,233372.73
2024-12-02,12.87,13.17,13.24,12.81,183828.93
2024-12-03,13.22,13.22,13.32,13.09,159250.0
2024-12-04,13.42,13.1,13.51,13.04,163796.0
2024-12-05,13.12,13.11,13.3,13.04,124960.0
2024-12-06,13.04,13.07,13.16,12.83,161331.0
2024-12-09,13.27,13.15,13.4,12.93,188765.0
2024-12-10,13.58,13.15,13.75,13.14,299385.4
2024-12-11,13.19,13.61,13.89,13.19,393456.2
2024-12-12,13.64,13.49,13.76,13.33,246329.34
2024-12-13,13.3,13.0,13.3,12.91,474276.61
2024-12-16,12.91,12.94,13.14,12.68,266468.22
2024-12-17,12.96,13.05,13.27,12.92,215665.32
2024-12-18,12.99,12.8,13.11,12.72,170741.55
2024-12-19,12.69,12.69,12.89,12.48,266877.73
2024-12-20,12.69,12.96,13.01,12.63,248791.47
2024-12-23,13.42,12.66,13.42,12.52,429331.44
2024-12-24,12.62,12.82,12.84,12.55,181216.04
2024-12-25,12.82,12.28,12.9,12.23,236856.02
2024-12-26,12.28,12.3,12.48,12.25,131180.32
2024-12-27,12.32,12.13,12.37,12.12,184388.02
2024-12-30,12.13,11.86,12.15,11.83,319480.51
2024-12-31,11.87,11.05,11.91,11.03,475262.02
2025-01-02,11.16,11.51,11.97,10.96,533041.75
2025-01-03,11.47,11.39,11.85,11.34,293248.05
2025-01-06,11.4,11.46,11.88,11.28,304538.42
2025-01-07,11.52,12.01,12.07,11.31,413202.17
2025-01-08,11.98,11.96,12.12,11.61,256454.03
2025-01-09,11.92,11.91,12.19,11.86,187299.27
2025-01-10,12.14,11.9,12.35,11.73,215093.53
2025-01-13,11.91,12.22,12.35,11.76,273849.63
2025-01-14,12.15,12.22,12.25,11.85,272304.99
2025-01-15,12.27,12.05,12.38,12.0,203076.0
2025-01-16,12.32,12.25,12.58,12.11,298744.95
2025-01-17,12.29,12.26,12.35,12.12,252517.0
2025-01-20,12.22,12.31,12.35,12.14,296882.0
2025-01-21,12.02,12.16,12.22,11.86,301490.8
2025-01-22,12.14,12.24,12.35,12.0,238326.94
2025-01-23,12.24,12.19,12.47,12.1,256465.24
2025-01-24,12.2,12.48,12.53,12.16,206208.0
2025-01-27,12.49,12.31,12.51,12.31,133482.0
2025-02-05,12.57,12.95,12.97,12.52,338032.67
2025-02-06,12.91,12.82,12.95,12.69,228987.37
2025-02-07,12.82,12.7,12.95,12.59,258580.33
2025-02-10,12.75,12.84,12.89,12.63,240526.26
2025-02-11,12.9,12.79,13.07,12.73,257650.16
2025-02-12,12.67,12.65,12.79,12.52,279200.4
2025-02-13,12.69,12.69,13.07,12.68,263306.86
2025-02-14,12.87,13.33,13.37,12.87,562945.07
2025-02-17,12.86,12.6,12.98,12.52,497428.39
2025-02-18,12.57,12.7,12.92,12.45,301859.88
2025-02-19,12.72,13.08,13.2,12.71,352557.05
2025-02-20,13.14,12.95,13.19,12.86,221651.0
2025-02-21,13.01,12.86,13.11,12.8,241348.76
2025-02-24,12.75,12.69,12.79,12.56,189353.08
2025-02-25,12.57,12.52,12.76,12.45,166122.48
2025-02-26,12.5,12.47,12.63,12.4,245730.63
2025-02-27,12.44,12.47,12.52,12.2,230258.68
2025-02-28,12.32,12.25,12.54,12.22,155279.44
2025-03-03,12.35,12.43,12.58,12.31,163973.96
2025-03-04,12.44,12.48,12.58,12.22,140102.92
2025-03-05,12.48,12.96,12.96,12.44,329574.42
2025-03-06,12.99,13.03,13.2,12.92,268572.52
2025-03-07,13.04,13.42,13.8,13.02,492134.77
2025-03-10,13.9,12.91,13.96,12.63,987373.6
2025-03-11,12.72,13.48,13.51,12.64,677445.55
2025-03-12,13.9,13.57,14.04,13.51,568538.28
2025-03-13,13.74,13.47,13.74,13.23,398212.57
2025-03-14,14.82,14.3,14.82,14.16,2271256.33
2025-03-17,13.9,14.05,14.23,13.87,1019006.42
2025-03-18,14.05,14.07,14.46,13.86,669191.76
2025-03-19,13.96,14.14,14.39,13.94,548445.23
2025-03-20,14.05,13.95,14.17,13.88,403322.97
2025-03-21,13.92,13.67,14.4,13.6,504566.95
2025-03-24,13.66,13.34,13.72,13.17,528788.0
2025-03-25,13.39,13.37,13.59,13.22,318104.0
2025-03-26,13.6,13.32,13.86,13.25,532076.02
2025-03-27,13.13,13.22,13.3,12.92,284773.16
2025-03-28,13.56,13.63,13.7,13.22,798985.88
2025-03-31,13.51,13.42,13.51,13.22,422510.96
2025-04-01,13.45,13.57,13.92,13.45,431947.22
2025-04-02,13.56,13.85,14.01,13.54,478961.0
2025-04-03,13.58,13.2,13.76,13.09,560743.49
2025-04-07,11.88,11.88,11.88,11.88,181370.0
2025-04-08,11.56,11.02,11.73,10.74,814144.08
2025-04-09,10.51,10.99,11.02,9.99,504788.66
2025-04-10,11.32,11.27,11.5,11.11,399701.17
2025-04-11,11.21,11.59,11.77,11.21,444772.0
2025-04-14,11.81,12.09,12.34,11.81,472253.06
2025-04-15,12.03,11.92,12.07,11.82,285593.3
2025-04-16,12.08,11.96,12.24,11.77,414002.26
2025-04-17,12.17,11.97,12.39,11.77,657218.24
2025-04-18,11.74,11.71,11.82,11.6,291747.3
2025-04-21,11.81,12.32,12.34,11.8,546201.08
2025-04-22,12.37,12.47,12.64,12.16,433905.67
2025-04-23,12.32,12.06,12.37,11.99,402340.4
2025-04-24,12.35,12.23,12.47,12.09,321275.14
2025-04-25,12.28,12.45,12.72,12.17,468570.2
2025-04-28,12.41,12.34,12.61,12.32,366059.39
2025-04-29,12.43,12.49,12.67,12.42,268758.17
2025-04-30,12.47,13.18,13.32,12.46,677614.82
2025-05-06,13.55,13.27,13.55,13.16,506301.51
2025-05-07,13.32,13.25,13.46,13.1,379279.64
2025-05-08,13.25,13.04,13.27,13.01,342409.0
2025-05-09,13.0,12.95,13.08,12.86,252960.11
2025-05-12,12.98,13.03,13.05,12.76,269087.16
2025-05-13,13.07,13.27,13.3,12.96,306418.19
2025-05-14,13.28,13.87,14.06,13.24,859449.44
2025-05-15,13.88,13.34,13.93,13.19,498856.56
2025-05-16,13.69,13.57,13.76,13.42,353159.0
2025-05-19,13.59,13.43,13.7,13.33,245480.34
2025-05-20,13.61,13.58,13.95,13.44,546796.33
2025-05-21,13.73,13.72,13.83,13.48,400072.0
2025-05-22,13.72,13.5,13.77,13.48,382439.2
2025-05-23,13.4,13.8,13.96,13.35,441716.76
2025-05-26,13.91,13.84,14.01,13.55,409642.0
2025-05-27,13.84,13.43,13.87,13.37,374272.56
2025-05-28,13.46,13.62,13.75,13.35,272566.96
2025-05-29,13.53,13.43,13.64,13.38,336501.0
2025-05-30,13.4,13.15,13.4,13.06,310759.32
2025-06-03,13.69,13.6,13.76,13.42,539107.96
2025-06-04,13.67,14.0,14.25,13.58,608889.83
2025-06-05,14.07,14.16,14.3,13.97,347784.64
2025-06-06,15.1,15.32,15.41,14.64,1492761.39
2025-06-09,15.35,15.99,15.99,15.25,1026653.57
2025-06-10,16.07,16.21,16.39,15.73,716216.33
2025-06-11,16.18,16.18,16.3,16.04,520468.03
2025-06-12,16.26,16.58,16.69,15.9,604300.82
2025-06-13,16.39,16.06,16.57,15.85,732626.76
2025-06-16,15.91,15.9,16.22,15.7,490689.73
2025-06-17,15.89,16.01,16.18,15.82,352515.5
2025-06-18,16.44,16.2,16.56,16.04,603882.15
2025-06-19,15.8,15.29,16.16,15.21,703672.47
2025-06-20,15.27,14.95,15.37,14.9,453234.29
2025-06-23,15.06,15.19,15.33,14.98,380048.1
2025-06-24,15.22,15.15,15.52,15.09,406411.0
2025-06-25,15.16,15.2,15.29,14.96,377695.0
2025-06-26,15.39,15.36,15.44,15.12,481498.96
2025-06-27,15.53,15.97,16.2,15.48,687223.0
2025-06-30,15.73,15.7,15.8,15.5,426935.0
2025-07-01,15.73,16.06,16.06,15.63,360632.07
2025-07-02,16.03,16.22,16.49,15.91,488882.48
2025-07-03,16.32,16.72,16.82,16.24,562419.12
2025-07-04,16.65,16.79,17.1,16.5,502028.71
2025-07-07,16.8,16.9,17.5,16.72,604380.25
2025-07-08,16.91,16.83,17.09,16.76,371445.93
2025-07-09,16.77,16.52,16.88,16.3,419159.25
2025-07-10,16.55,16.73,16.74,16.45,244183.52
2025-07-11,17.1,17.61,17.78,16.85,774330.33
2025-07-14,18.27,18.22,18.78,18.03,812676.89
2025-07-15,17.88,18.33,18.43,17.88,510137.49
2025-07-16,18.1,17.66,18.27,17.47,513140.73
2025-07-17,17.56,17.65,17.77,17.5,289016.8
2025-07-18,17.81,17.89,17.97,17.7,423415.88
2025-07-21,17.77,17.97,18.11,17.64,516790.79
2025-07-22,18.43,18.63,18.78,18.25,661052.77
2025-07-23,18.75,19.41,19.76,18.68,792759.59
2025-07-24,19.38,19.38,19.56,19.04,507408.99
2025-07-25,19.28,18.99,19.37,18.71,398009.02
2025-07-28,18.43,18.48,18.7,18.17,605594.6
2025-07-29,18.27,18.34,18.53,18.17,313474.35
2025-07-30,18.39,18.1,18.53,18.04,390547.76
2025-07-31,17.57,17.42,17.78,17.31,576031.09
2025-08-01,17.39,17.8,17.89,17.22,497304.55
2025-08-04,18.18,18.48,18.53,17.96,483343.15
2025-08-05,18.66,18.58,18.84,18.4,379546.04
2025-08-06,18.62,18.9,19.01,18.6,330624.16
2025-08-07,18.9,18.78,19.08,18.39,401459.56
2025-08-08,18.98,19.06,19.21,18.82,335788.26
2025-08-11,18.88,18.7,18.93,18.53,449233.95
2025-08-12,18.48,18.88,18.88,18.3,283634.96
2025-08-13,18.91,19.71,19.79,18.89,477951.7
2025-08-14,19.82,20.09,20.46,19.67,555197.83
2025-08-15,19.76,20.19,20.55,19.76,397953.14
2025-08-18,20.09,20.47,20.68,19.93,427111.31
2025-08-19,20.33,19.83,20.8,19.6,490234.08
2025-08-20,19.5,19.73,20.02,19.39,443488.42
2025-08-21,19.88,19.69,20.33,19.63,352651.96
2025-08-22,19.85,19.92,20.09,19.73,296033.02
2025-08-25,20.49,20.5,20.89,20.11,647454.25
2025-08-26,19.75,20.94,21.58,19.48,784710.36
2025-08-27,20.95,20.06,20.99,19.97,635284.77
2025-08-28,20.04,20.28,20.49,19.73,480325.92
2025-08-29,20.53,21.27,21.38,20.38,698384.43
2025-09-01,22.34,23.03,23.29,21.6,1032957.82
2025-09-02,23.39,23.1,24.14,22.89,962711.51
2025-09-03,23.66,22.9,24.05,22.44,780100.77
2025-09-04,23.08,21.96,23.64,21.54,708671.42
2025-09-05,21.97,23.26,23.42,21.91,598948.79
2025-09-08,23.44,23.21,23.64,22.9,519122.77
2025-09-09,23.38,23.71,24.83,23.15,704621.27
2025-09-10,23.05,23.18,23.58,22.74,510752.92
2025-09-11,23.25,23.63,23.82,23.12,383244.68
2025-09-12,23.93,25.38,25.99,23.74,937040.44
2025-09-15,25.43,25.54,25.98,25.09,567129.54
2025-09-16,26.1,26.13,26.51,24.56,704080.59
2025-09-17,25.71,24.93,25.71,24.78,620746.13
2025-09-18,24.43,24.1,25.02,23.64,534721.83
2025-09-19,24.13,24.88,25.1,24.01,375491.18
2025-09-22,26.08,26.51,26.52,25.58,606486.23
2025-09-23,27.5,26.96,27.67,26.33,506540.61
2025-09-24,26.7,27.72,28.08,26.53,475643.68
2025-09-25,27.7,27.07,27.73,26.93,422612.18
2025-09-26,27.43,28.34,28.8,27.36,499647.46
2025-09-29,29.36,31.17,31.17,28.92,772158.3
2025-09-30,32.91,32.8,33.76,32.53,878840.07
2025-10-09,34.9,36.08,36.08,34.3,745380.39
2025-10-10,35.64,36.2,39.27,35.5,1105085.38
2025-10-13,35.9,37.7,37.7,33.21,1357419.5
2025-10-14,39.19,34.87,39.78,33.93,1430144.21
2025-10-15,35.08,34.46,35.38,32.99,1016637.76
2025-10-16,35.37,34.19,36.02,33.91,822919.55
2025-10-17,34.86,32.36,34.95,32.27,963402.01
2025-10-20,31.47,31.14,32.11,30.8,947473.73
2025-10-21,31.07,30.9,31.47,30.66,664223.24
2025-10-22,28.42,30.53,30.88,28.42,959886.98
2025-10-23,30.24,30.26,30.52,29.32,579278.82
2025-10-24,30.47,30.26,30.74,29.93,388073.17
2025-10-27,30.42,30.65,30.82,29.78,628964.8
2025-10-28,30.73,29.46,30.74,29.38,587802.39
2025-10-29,29.89,31.09,31.14,29.78,596308.66
2025-10-30,30.69,30.47,31.26,30.41,554408.06
2025-10-31,31.31,30.49,31.51,30.43,620087.62
2025-11-03,30.01,29.75,30.44,28.6,601793.31
2025-11-04,29.35,27.75,29.7,27.53,851750.84
2025-11-05,27.18,28.39,28.58,27.03,534781.06
2025-11-06,28.39,29.02,29.18,28.25,397993.16
2025-11-07,28.92,29.09,29.5,28.7,316257.25
2025-11-10,29.82,29.92,30.25,29.55,575322.43
2025-11-11,31.25,29.78,31.47,29.74,714438.49
2025-11-12,30.04,30.37,31.16,29.8,676510.5
2025-11-13,32.13,33.41,33.41,31.75,1065086.7
2025-11-14,32.52,31.94,33.29,31.79,932163.02
2025-11-17,31.34,31.01,31.54,30.43,614691.39
2025-11-18,30.6,29.71,30.8,29.49,508642.12
2025-11-19,30.08,31.69,31.98,30.08,637699.38
2025-11-20,31.69,31.49,32.58,31.31,462791.94
2025-11-21,30.55,29.71,30.94,29.6,548398.65
2025-11-24,29.61,30.06,30.42,29.44,454339.33
2025-11-25,30.91,31.27,31.76,30.72,462831.48
2025-11-26,31.43,31.8,32.61,31.17,504528.12
2025-11-27,32.92,32.81,33.16,32.21,561828.88
2025-11-28,32.92,34.43,34.49,32.86,712213.69
2025-12-01,37.08,37.06,37.87,36.41,917567.35
2025-12-02,36.55,36.64,37.07,36.2,601852.04
2025-12-03,37.19,36.06,37.68,35.81,765153.16
2025-12-04,36.65,34.62,36.83,34.45,811800.96
2025-12-05,33.94,35.38,35.53,33.8,675167.98
2025-12-08,35.13,34.89,35.3,34.47,509281.72
2025-12-09,34.51,33.81,34.52,33.21,617995.93
2025-12-10,35.24,35.17,35.34,34.29,738879.06
2025-12-11,35.65,33.71,35.87,33.7,665464.01
2025-12-12,34.69,34.8,35.01,34.11,585696.69
2025-12-15,34.04,34.6,35.1,33.77,430171.16
2025-12-16,34.38,32.74,34.58,32.24,575466.43
2025-12-17,33.24,34.85,35.27,32.99,644107.22
2025-12-18,34.91,34.68,35.55,34.54,420607.78
2025-12-19,34.08,35.23,35.4,33.54,504476.0
2025-12-22,35.9,36.04,36.77,35.7,666203.11
2025-12-23,36.28,35.17,36.46,34.9,630005.84
2025-12-24,36.17,36.0,37.45,35.79,718227.59
2025-12-25,35.07,34.87,35.2,34.38,563399.97
2025-12-26,35.83,35.66,36.1,35.11,601009.04
2025-12-29,36.65,36.69,38.8,35.66,1138667.79
2025-12-30,34.63,36.6,37.1,34.33,815259.45
2025-12-31,36.68,35.5,37.57,35.3,749577.51
2026-01-05,36.62,39.05,39.05,36.33,1077976.39
2026-01-06,39.79,40.18,40.8,38.79,958431.25
2026-01-07,40.89,42.02,43.83,40.64,987031.8
2026-01-08,41.83,40.81,42.89,40.44,776473.77
2026-01-09,40.46,42.15,42.29,40.31,710928.63
2026-01-12,44.36,45.28,45.52,43.38,925650.77
2026-01-13,45.48,46.63,48.05,44.88,865677.01
2026-01-14,48.39,50.24,50.54,48.08,1009967.38
2026-01-15,50.25,49.71,52.09,48.63,1161549.64
2026-01-16,50.04,50.86,52.36,49.71,806140.7
2026-01-19,51.64,50.01,51.74,48.57,689075.7
2026-01-20,50.18,51.61,52.85,48.57,892041.33
2026-01-21,51.57,54.05,54.44,51.27,859945.15
2026-01-22,52.13,52.52,53.27,50.47,893992.71
2026-01-23,54.85,57.72,57.74,54.29,908484.47
2026-01-26,62.83,63.5,63.5,61.84,791904.91
2026-01-27,63.33,62.71,66.7,60.77,1482770.16
2026-01-28,63.83,68.61,68.69,61.61,1247504.58
2026-01-29,71.3,68.17,74.6,64.82,1383742.37
2026-01-30,61.35,61.35,63.89,61.35,768680.63
2026-02-02,55.22,55.22,55.22,55.22,49363.0
2026-02-03,49.69,51.31,52.36,49.69,1871950.84
2026-02-04,52.86,53.25,53.43,51.43,1148844.84
2026-02-05,51.69,49.88,53.69,48.24,1466969.16
2026-02-06,44.9,47.89,49.13,44.9,1299209.12
2026-02-09,50.36,50.07,50.43,48.57,871587.18
2026-02-10,49.94,49.48,50.63,49.13,566466.33
2026-02-11,49.31,50.25,50.84,49.27,524848.43
2026-02-12,50.08,50.01,51.46,49.88,548978.51
2026-02-13,48.23,47.96,49.4,47.77,646158.87
2026-02-24,50.61,51.0,51.75,50.36,705923.97
2026-02-25,51.76,52.92,53.58,50.38,899181.13
2026-02-26,52.92,52.0,53.14,51.87,628046.42
2026-02-27,51.46,55.04,55.11,51.46,929886.69
2026-03-02,56.02,60.06,60.3,53.85,1317673.65
2026-03-03,56.74,54.05,57.76,54.05,1004428.75
2026-03-04,51.83,51.66,53.75,50.87,797631.96
2026-03-05,52.72,51.01,52.82,49.83,586875.89
2026-03-06,50.47,50.04,51.11,49.31,513041.31
2026-03-09,47.97,49.54,50.18,46.74,686532.28
2026-03-10,50.92,51.56,52.18,50.87,482597.86
2026-03-11,51.67,50.53,51.86,50.38,351384.35
2026-03-12,50.45,48.64,50.64,47.57,732466.39
2026-03-13,48.45,46.77,49.32,46.75,527803.71
2026-03-16,46.08,45.25,46.23,44.01,777657.62
2026-03-17,45.26,44.59,46.1,44.54,406066.82
2026-03-18,44.38,44.0,44.9,43.54,547269.84
2026-03-19,41.79,40.22,42.58,39.99,1000143.62
2026-03-20,41.33,39.26,41.65,39.09,732633.25
2026-03-23,37.63,35.99,38.37,35.75,1085819.09
2026-03-24,37.4,38.15,38.28,35.91,867157.86
2026-03-25,40.39,40.04,41.69,39.79,1000218.38
2026-03-26,39.97,38.99,40.22,38.78,480560.5
2026-03-27,38.51,39.97,40.5,38.31,537321.7
2026-03-30,39.57,40.15,40.22,38.76,479508.0
2026-03-31,40.45,40.11,41.75,39.79,692219.86
2026-04-01,41.79,41.44,41.79,40.46,668221.94
2026-04-02,40.7,39.85,40.86,39.39,534365.47
2026-04-03,40.4,39.31,40.52,39.27,296753.6
2026-04-07,39.31,39.49,39.88,39.23,278726.6
2026-04-08,41.54,43.44,43.44,41.48,555920.47
2026-04-09,43.03,43.44,44.13,42.78,790817.73
2026-04-10,43.59,43.18,44.37,43.11,523509.6
2026-04-13,42.81,42.6,42.88,42.08,398398.36
2026-04-14,43.36,43.48,44.17,42.91,480638.98
2026-04-15,44.86,43.75,46.15,43.49,832307.11
2026-04-16,44.38,44.63,45.07,43.66,524553.39
2026-04-17,43.51,44.16,44.44,43.41,422533.43
2026-04-20,44.36,45.36,46.5,44.18,630870.67
2026-04-21,45.03,44.81,45.18,43.86,379317.99
2026-04-22,41.88,43.5,43.67,41.28,902159.62
2026-04-23,42.99,40.99,43.68,40.29,840228.51
2026-04-24,40.65,40.43,41.27,39.5,504031.52
2026-04-27,40.45,41.91,42.24,40.43,535512.93
2026-04-28,41.62,41.58,42.26,41.29,440653.26
2026-04-29,41.39,43.22,43.37,41.39,500705.79
2026-04-30,43.88,42.26,44.38,41.91,661515.63
2026-05-06,43.06,45.06,45.57,42.91,884216.59
2026-05-07,46.18,48.01,48.55,46.18,1175518.89
2026-05-08,47.44,49.61,50.78,47.4,1114497.39
2026-05-11,49.62,49.16,50.32,48.45,1076729.77
2026-05-12,51.97,50.81,52.55,50.4,1222410.12
2026-05-13,51.51,49.84,51.93,49.33,854473.63
2026-05-14,49.86,48.04,50.51,48.04,722599.26
2026-05-15,45.58,44.02,45.58,43.29,1188551.84
2026-05-18,42.86,42.88,43.46,41.5,635226.66
2026-05-19,43.08,41.61,43.15,40.93,574519.79
2026-05-20,40.99,41.28,41.39,39.81,649300.17
2026-05-21,41.98,39.75,42.88,39.63,706918.34
2026-05-22,39.91,41.36,41.95,39.13,579071.61
2026-05-25,42.48,41.65,43.06,41.01,553599.57
2026-05-26,40.69,43.54,43.82,40.14,894837.37
2026-05-27,43.31,41.03,43.46,40.73,695812.49
2026-05-28,39.88,39.48,40.35,38.49,683966.35
2026-05-29,40.47,39.59,41.04,38.65,533757.35
2026-06-01,38.8,39.58,40.85,38.33,550380.89
2026-06-02,40.48,42.85,43.02,39.55,1023073.67
2026-06-03,41.86,41.96,43.03,41.49,775915.55
2026-06-04,41.51,39.78,41.64,39.59,697434.07
2026-06-05,39.57,37.98,39.79,37.73,647721.83
2026-06-08,35.01,34.96,36.34,34.4,761187.45
2026-06-09,34.98,36.03,36.24,34.36,560169.93
2026-06-10,34.53,35.31,35.78,34.13,569675.42
2026-06-11,35.21,35.95,36.48,35.07,500277.78
2026-06-12,37.4,36.72,38.95,36.58,910524.78
2026-06-15,38.89,40.15,40.34,38.28,981453.06
2026-06-16,39.59,39.9,40.56,39.39,634101.9
2026-06-17,39.89,40.5,41.25,39.59,583909.56
2026-06-18,40.49,39.46,41.05,38.69,764831.44
2026-06-22,39.14,42.89,42.93,38.39,1123059.15
2026-06-23,42.48,38.6,42.48,38.6,983664.23
2026-06-24,35.94,37.72,37.88,35.91,813849.46
2026-06-25,35.9,35.18,36.38,35.02,892935.1
2026-06-26,35.33,32.92,35.42,32.61,791860.63
2026-06-29,32.91,33.18,33.74,32.47,552956.7
2026-06-30,32.41,32.87,33.01,31.79,648798.65
2026-07-01,32.81,32.95,33.97,32.12,602645.81
2026-07-02,33.47,34.24,34.85,33.0,885294.28
2026-07-03,35.74,35.24,36.76,35.08,921102.78
2026-07-06,35.32,35.5,38.34,35.3,851701.82
2026-07-07,34.14,34.01,34.9,33.44,567967.19
2026-07-08,33.81,33.14,34.05,32.76,458870.17
2026-07-09,32.45,32.26,32.96,30.42,724846.28
2026-07-10,32.71,32.91,34.2,32.15,556534.83
2026-07-13,31.9,30.37,32.21,30.31,499274.27
2026-07-14,29.92,31.88,31.9,29.42,507432.63
2026-07-15,32.45,30.48,32.49,30.36,499198.5
2026-07-16,29.87,30.07,31.04,29.75,380779.55
2026-07-17,29.42,27.82,29.57,27.39,625877.52
2026-07-20,28.22,26.86,28.38,26.23,576577.88
2026-07-21,27.71,29.54,29.54,26.56,721858.47
2026-07-22,30.52,31.64,32.49,30.51,1126024.7
2026-07-23,32.21,33.5,34.08,31.84,1165491.31
2026-07-24,31.66,31.28,32.36,31.02,700726.5
2026-07-27,32.4,33.24,33.26,31.71,591340.33
2026-07-28,30.92,31.16,32.21,30.92,702985.99
2026-07-29,30.94,32.26,32.8,30.91,570213.18
2026-07-30,32.74,31.41,33.32,30.9,650488.34
2026-07-31,31.21,31.71,32.98,31.11,732927.11
2026-08-03,31.12,31.22,31.88,30.72,502818.93
2026-08-04,31.4,33.19,33.24,31.34,702372.47
2026-08-05,33.61,36.2,36.35,32.95,973661.22
2026-08-06,38.01,37.48,38.8,36.84,1299088.05
2026-08-07,37.63,39.37,39.44,37.2,877332.57
2026-08-10,38.98,40.56,40.88,38.89,926410.36
2026-08-11,41.56,38.62,41.69,38.45,1133261.23
2026-08-12,39.75,40.0,40.2,38.61,659126.42
2026-08-13,39.96,37.78,40.62,37.77,744875.79
2026-08-14,36.72,37.79,37.93,36.61,566143.85
2026-08-17,39.01,39.37,39.44,38.13,486114.39
2026-08-18,39.77,38.7,39.92,38.13,472071.62
2026-08-19,36.82,35.86,37.5,35.48,808204.95
2026-08-20,38.18,38.45,39.45,37.95,950801.13
2026-08-21,39.47,40.77,40.91,39.11,1260043.17
2026-08-24,40.78,42.17,42.9,39.59,1571777.63
2026-08-25,41.39,39.39,41.39,38.68,949069.26
2026-08-26,40.1,40.13,41.66,39.44,873222.05
2026-08-27,40.56,40.69,41.85,40.03,790459.44
2026-08-28,41.2,41.58,42.11,40.18,698539.08
2026-08-31,38.17,39.85,39.85,37.58,856103.44
2026-09-01,40.18,39.28,40.25,39.2,456666.65
2026-09-02,37.51,38.02,38.47,36.4,745378.19
2026-09-03,39.0,39.27,39.65,38.75,533852.75
2026-09-04,40.05,38.44,40.06,38.2,439914.73
2026-09-07,38.0,37.43,38.3,37.19,403601.41
2026-09-08,37.96,37.72,38.55,37.56,464465.77
2026-09-09,37.77,38.66,38.88,37.27,483091.55
2026-09-10,38.74,38.68,39.05,38.12,378982.05
2026-09-11,36.45,35.97,36.72,34.81,934384.3
2026-09-14,35.2,35.41,35.95,35.01,360182.62
2026-09-15,35.35,35.56,36.0,34.96,340860.03
2026-09-16,35.8,36.5,36.82,34.94,466727.29
2026-09-17,35.75,34.58,36.2,34.18,689979.53
2026-09-18,35.5,35.47,35.62,34.51,479523.81
