date,open,close,high,low,volume
2013-01-04,1.79,1.74,1.79,1.71,76687.72
2013-01-07,1.71,1.76,1.76,1.71,60205.84
2013-01-08,1.77,1.75,1.78,1.74,78598.7
2013-01-09,1.75,1.73,1.76,1.72,48747.24
2013-01-10,1.74,1.76,1.77,1.72,67109.03
2013-01-11,1.76,1.78,1.78,1.72,99263.23
2013-01-14,1.78,1.78,1.83,1.76,220782.1
2013-01-15,1.77,1.76,1.78,1.73,182141.38
2013-01-16,1.74,1.77,1.78,1.73,157951.92
2013-01-17,1.77,1.69,1.77,1.69,79520.54
2013-01-18,1.69,1.71,1.71,1.66,86334.56
2013-01-21,1.71,1.7,1.72,1.68,67392.06
2013-01-22,1.7,1.64,1.7,1.64,67311.88
2013-01-23,1.65,1.65,1.66,1.63,43525.41
2013-01-24,1.66,1.6,1.67,1.58,56165.31
2013-01-25,1.59,1.53,1.6,1.53,62576.03
2013-01-28,1.54,1.58,1.58,1.54,50063.4
2013-01-29,1.58,1.59,1.61,1.57,41511.13
2013-01-30,1.6,1.59,1.61,1.58,41167.87
2013-01-31,1.6,1.57,1.6,1.56,32378.4
2013-02-01,1.57,1.58,1.58,1.55,22769.92
2013-02-04,1.58,1.56,1.59,1.55,31052.03
2013-02-05,1.54,1.59,1.61,1.53,50155.71
2013-02-06,1.59,1.59,1.61,1.58,33904.28
2013-02-07,1.59,1.58,1.59,1.56,27192.37
2013-02-08,1.58,1.59,1.59,1.58,26259.77
2013-02-18,1.6,1.6,1.6,1.58,35399.94
2013-02-19,1.6,1.57,1.6,1.56,30828.83
2013-02-20,1.57,1.58,1.58,1.56,21314.28
2013-02-21,1.57,1.54,1.57,1.53,37668.67
2013-02-22,1.53,1.53,1.54,1.53,19850.38
2013-02-25,1.54,1.54,1.55,1.53,14104.51
2013-02-26,1.53,1.48,1.53,1.48,36061.58
2013-02-27,1.48,1.5,1.5,1.47,34003.46
2013-02-28,1.5,1.53,1.53,1.49,33564.0
2013-03-01,1.53,1.52,1.53,1.51,24114.72
2013-03-04,1.47,1.37,1.47,1.37,61578.61
2013-03-05,1.37,1.38,1.38,1.35,28586.16
2013-03-06,1.38,1.39,1.4,1.38,27488.57
2013-03-07,1.39,1.39,1.4,1.38,29496.37
2013-03-08,1.39,1.39,1.4,1.38,16954.76
2013-03-11,1.39,1.39,1.4,1.38,18053.91
2013-03-12,1.4,1.38,1.41,1.37,27349.06
2013-03-13,1.37,1.36,1.38,1.35,14048.89
2013-03-14,1.36,1.36,1.38,1.36,15161.72
2013-03-15,1.37,1.36,1.37,1.31,29833.61
2013-03-18,1.35,1.36,1.37,1.34,18673.13
2013-03-19,1.37,1.38,1.38,1.34,32789.46
2013-03-20,1.38,1.4,1.4,1.37,45410.02
2013-03-21,1.4,1.39,1.4,1.38,36136.49
2013-03-22,1.38,1.39,1.39,1.38,24441.17
2013-03-25,1.39,1.39,1.4,1.38,18469.11
2013-03-26,1.39,1.39,1.4,1.37,23827.25
2013-03-27,1.38,1.37,1.4,1.37,25650.89
2013-03-28,1.37,1.32,1.37,1.31,23696.7
2013-03-29,1.32,1.32,1.33,1.31,12453.9
2013-04-01,1.32,1.33,1.34,1.31,17244.08
2013-04-02,1.34,1.33,1.35,1.33,13578.75
2013-04-03,1.33,1.32,1.34,1.31,13788.7
2013-04-08,1.31,1.31,1.31,1.29,16998.15
2013-04-09,1.31,1.31,1.32,1.3,25957.63
2013-04-10,1.32,1.34,1.35,1.3,34216.89
2013-04-11,1.34,1.33,1.35,1.33,28218.46
2013-04-12,1.34,1.32,1.34,1.32,11004.66
2013-04-15,1.31,1.33,1.33,1.3,17926.88
2013-04-16,1.31,1.36,1.37,1.31,38577.98
2013-04-17,1.36,1.36,1.36,1.35,21019.61
2013-04-18,1.35,1.34,1.36,1.34,24892.23
2013-04-19,1.35,1.37,1.37,1.34,29767.15
2013-04-22,1.36,1.39,1.4,1.34,35347.14
2013-04-23,1.4,1.34,1.41,1.34,35961.54
2013-04-24,1.34,1.35,1.37,1.33,14854.8
2013-04-25,1.35,1.37,1.38,1.34,32165.51
2013-04-26,1.37,1.37,1.39,1.36,31610.62
2013-05-02,1.37,1.35,1.37,1.32,29510.99
2013-05-03,1.35,1.37,1.38,1.34,36681.03
2013-05-06,1.37,1.38,1.39,1.37,38066.78
2013-05-07,1.37,1.37,1.38,1.36,33012.33
2013-05-08,1.38,1.38,1.39,1.37,29517.45
2013-05-09,1.38,1.36,1.38,1.35,24625.36
2013-05-10,1.36,1.36,1.37,1.35,21958.27
2013-05-13,1.37,1.35,1.37,1.35,22086.24
2013-05-14,1.36,1.31,1.36,1.29,36026.1
2013-05-15,1.31,1.32,1.32,1.3,16384.58
2013-05-16,1.32,1.35,1.35,1.31,34324.97
2013-05-17,1.35,1.4,1.41,1.35,97405.46
2013-05-20,1.4,1.4,1.43,1.4,91684.68
2013-05-21,1.4,1.41,1.41,1.38,52389.38
2013-05-22,1.4,1.44,1.46,1.39,84153.74
2013-05-23,1.42,1.41,1.44,1.41,49092.85
2013-05-24,1.41,1.41,1.42,1.39,35963.91
2013-05-27,1.41,1.43,1.43,1.4,56275.93
2013-05-28,1.44,1.48,1.48,1.43,87833.86
2013-05-29,1.5,1.47,1.5,1.45,63360.28
2013-05-30,1.46,1.46,1.47,1.43,44383.77
2013-05-31,1.46,1.43,1.47,1.43,35992.52
2013-06-03,1.43,1.42,1.45,1.41,41504.81
2013-06-04,1.42,1.39,1.42,1.39,32147.32
2013-06-05,1.4,1.39,1.4,1.38,23358.2
2013-06-06,1.39,1.36,1.39,1.36,26467.6
2013-06-07,1.35,1.33,1.37,1.31,28347.72
2013-06-13,1.31,1.28,1.32,1.27,32131.51
2013-06-14,1.28,1.28,1.29,1.27,17088.67
2013-06-17,1.29,1.27,1.29,1.26,18894.1
2013-06-18,1.27,1.27,1.28,1.26,12635.37
2013-06-19,1.28,1.26,1.28,1.24,17473.89
2013-06-20,1.25,1.22,1.26,1.21,15599.28
2013-06-21,1.21,1.2,1.21,1.17,15900.4
2013-06-24,1.2,1.11,1.2,1.08,21961.74
2013-06-25,1.1,1.07,1.11,1.0,24792.63
2013-06-26,1.07,1.08,1.1,1.05,14229.23
2013-06-27,1.08,1.08,1.11,1.07,18277.14
2013-06-28,1.07,1.11,1.14,1.06,27166.08
2013-07-01,1.1,1.11,1.12,1.07,16714.46
2013-07-02,1.11,1.11,1.12,1.1,13009.37
2013-07-03,1.11,1.1,1.11,1.07,15914.39
2013-07-04,1.1,1.14,1.14,1.08,29510.51
2013-07-05,1.14,1.13,1.17,1.13,29833.92
2013-07-08,1.11,1.06,1.11,1.04,21572.74
2013-07-09,1.06,1.06,1.07,1.04,10543.26
2013-07-10,1.06,1.11,1.15,1.05,23589.89
2013-07-11,1.15,1.23,1.23,1.14,68244.55
2013-07-12,1.27,1.21,1.29,1.2,92594.61
2013-07-15,1.19,1.21,1.23,1.19,37002.63
2013-07-16,1.2,1.2,1.21,1.17,32360.46
2013-07-17,1.2,1.22,1.24,1.19,50058.77
2013-07-18,1.21,1.17,1.23,1.17,26275.55
2013-07-19,1.16,1.12,1.19,1.12,31066.8
2013-07-22,1.12,1.12,1.12,1.09,26168.64
2013-07-23,1.13,1.16,1.16,1.11,35625.18
2013-07-24,1.16,1.14,1.16,1.12,29383.33
2013-07-25,1.14,1.12,1.15,1.11,23402.38
2013-07-26,1.12,1.11,1.12,1.1,20587.74
2013-07-29,1.11,1.08,1.11,1.07,24460.18
2013-07-30,1.08,1.09,1.11,1.07,17670.57
2013-07-31,1.12,1.11,1.18,1.1,33768.16
2013-08-01,1.14,1.13,1.14,1.1,26009.31
2013-08-02,1.14,1.15,1.16,1.14,41296.66
2013-08-05,1.15,1.16,1.16,1.13,28157.63
2013-08-06,1.15,1.16,1.16,1.14,24655.55
2013-08-07,1.17,1.16,1.18,1.16,38621.46
2013-08-08,1.16,1.15,1.16,1.15,18240.49
2013-08-09,1.15,1.16,1.17,1.14,21635.3
2013-08-12,1.16,1.19,1.19,1.16,31638.4
2013-08-13,1.19,1.2,1.2,1.18,27036.01
2013-08-14,1.21,1.31,1.31,1.21,201517.22
2013-08-15,1.28,1.26,1.3,1.25,135851.81
2013-08-16,1.26,1.23,1.3,1.22,81127.33
2013-08-19,1.21,1.24,1.25,1.21,39615.61
2013-08-20,1.25,1.22,1.25,1.21,43230.69
2013-08-21,1.22,1.21,1.22,1.2,30079.39
2013-08-22,1.21,1.22,1.23,1.21,29893.53
2013-08-23,1.22,1.2,1.23,1.18,36098.06
2013-08-26,1.21,1.23,1.23,1.21,30306.63
2013-08-27,1.24,1.24,1.25,1.23,37366.74
2013-08-28,1.24,1.22,1.24,1.21,32514.81
2013-08-29,1.23,1.23,1.24,1.21,31111.96
2013-08-30,1.23,1.24,1.26,1.22,55653.18
2013-09-02,1.23,1.24,1.25,1.22,34622.94
2013-09-03,1.24,1.28,1.28,1.24,65931.47
2013-09-04,1.28,1.25,1.28,1.25,45684.14
2013-09-05,1.25,1.24,1.26,1.23,36237.35
2013-09-06,1.23,1.23,1.24,1.22,26476.32
2013-09-09,1.24,1.25,1.26,1.23,46461.18
2013-09-10,1.25,1.27,1.27,1.24,47062.26
2013-09-11,1.27,1.27,1.28,1.26,55146.67
2013-09-12,1.26,1.27,1.28,1.25,43832.85
2013-09-13,1.27,1.26,1.29,1.26,51674.68
2013-09-16,1.27,1.25,1.27,1.24,36853.68
2013-09-17,1.24,1.23,1.25,1.22,25493.9
2013-09-18,1.22,1.23,1.24,1.22,15784.37
2013-09-23,1.23,1.24,1.25,1.23,22802.89
2013-09-24,1.24,1.23,1.24,1.21,26798.82
2013-09-25,1.22,1.22,1.23,1.21,15560.15
2013-09-26,1.22,1.19,1.22,1.19,19017.46
2013-09-27,1.17,1.17,1.2,1.17,19017.83
2013-09-30,1.18,1.2,1.2,1.17,19370.36
2013-10-08,1.2,1.22,1.23,1.19,21521.41
2013-10-09,1.22,1.22,1.22,1.21,15402.9
2013-10-10,1.21,1.22,1.23,1.21,21416.97
2013-10-11,1.22,1.23,1.23,1.22,24226.4
2013-10-14,1.23,1.23,1.24,1.22,25442.84
2013-10-15,1.23,1.24,1.24,1.22,25505.96
2013-10-16,1.24,1.25,1.27,1.23,65542.05
2013-10-17,1.25,1.23,1.26,1.22,43400.57
2013-10-18,1.23,1.22,1.23,1.22,17366.51
2013-10-21,1.22,1.24,1.24,1.22,25462.66
2013-10-22,1.23,1.25,1.25,1.22,30511.44
2013-10-23,1.25,1.21,1.25,1.21,30396.4
2013-10-24,1.21,1.19,1.21,1.18,28082.5
2013-10-25,1.2,1.16,1.2,1.15,23448.84
2013-10-28,1.16,1.16,1.18,1.14,10872.87
2013-10-29,1.15,1.13,1.17,1.08,18778.9
2013-10-30,1.14,1.17,1.17,1.13,24430.93
2013-10-31,1.16,1.15,1.2,1.15,25498.19
2013-11-01,1.14,1.16,1.16,1.13,19613.45
2013-11-04,1.15,1.14,1.16,1.14,16629.71
2013-11-05,1.14,1.16,1.16,1.13,13645.24
2013-11-06,1.16,1.15,1.16,1.15,13021.36
2013-11-07,1.15,1.15,1.16,1.14,13869.38
2013-11-08,1.15,1.13,1.15,1.13,14390.67
2013-11-11,1.13,1.13,1.14,1.1,11482.25
2013-11-12,1.13,1.15,1.15,1.12,10317.53
2013-11-13,1.15,1.14,1.16,1.14,9681.48
2013-11-14,1.13,1.13,1.14,1.11,12798.87
2013-11-15,1.13,1.14,1.15,1.12,18516.24
2013-11-18,1.14,1.19,1.21,1.13,29960.62
2013-11-19,1.19,1.19,1.2,1.17,39022.72
2013-11-20,1.2,1.19,1.2,1.19,28447.53
2013-11-21,1.19,1.18,1.19,1.17,15737.97
2013-11-22,1.18,1.18,1.18,1.17,13972.43
2013-11-25,1.17,1.2,1.22,1.17,33453.39
2013-11-26,1.19,1.2,1.21,1.19,28790.5
2013-11-27,1.2,1.2,1.21,1.19,20169.7
2013-11-28,1.2,1.21,1.22,1.2,26493.01
2013-11-29,1.21,1.21,1.22,1.2,27406.32
2013-12-02,1.2,1.15,1.2,1.14,29208.4
2013-12-03,1.14,1.17,1.17,1.14,11933.58
2013-12-04,1.16,1.19,1.19,1.16,18836.3
2013-12-05,1.18,1.18,1.19,1.17,16092.29
2013-12-06,1.17,1.19,1.2,1.17,17126.73
2013-12-09,1.19,1.19,1.19,1.18,7290.04
2013-12-10,1.19,1.2,1.2,1.19,10598.76
2013-12-11,1.2,1.17,1.2,1.17,13153.39
2013-12-12,1.17,1.17,1.19,1.17,7821.74
2013-12-13,1.18,1.18,1.19,1.17,12413.53
2013-12-16,1.18,1.17,1.18,1.17,15822.7
2013-12-17,1.17,1.17,1.17,1.16,9557.29
2013-12-18,1.17,1.17,1.17,1.15,10183.57
2013-12-19,1.16,1.15,1.17,1.15,6171.35
2013-12-20,1.16,1.13,1.16,1.13,8566.65
2013-12-23,1.13,1.11,1.13,1.11,8415.0
2013-12-24,1.12,1.12,1.13,1.11,6416.88
2013-12-25,1.12,1.13,1.13,1.12,6639.56
2013-12-26,1.13,1.1,1.13,1.1,11189.24
2013-12-27,1.1,1.12,1.12,1.1,6220.05
2013-12-30,1.12,1.13,1.13,1.12,6420.82
2013-12-31,1.13,1.14,1.14,1.11,5913.51
2014-01-02,1.13,1.16,1.17,1.12,18798.61
2014-01-03,1.16,1.15,1.16,1.14,10122.23
2014-01-06,1.14,1.11,1.14,1.11,7570.95
2014-01-07,1.11,1.12,1.12,1.11,5441.7
2014-01-08,1.11,1.11,1.13,1.11,7155.13
2014-01-09,1.12,1.08,1.12,1.08,13412.72
2014-01-10,1.09,1.07,1.09,1.06,9051.77
2014-01-13,1.07,1.04,1.08,1.04,8523.91
2014-01-14,1.04,1.06,1.06,1.04,7566.53
2014-01-15,1.06,1.06,1.06,1.05,3674.99
2014-01-16,1.06,1.06,1.07,1.05,6488.25
2014-01-17,1.06,1.04,1.06,1.04,10328.88
2014-01-20,1.04,1.05,1.05,1.03,7526.41
2014-01-21,1.05,1.05,1.06,1.05,7519.69
2014-01-22,1.05,1.09,1.09,1.05,16863.0
2014-01-23,1.09,1.07,1.09,1.07,13053.59
2014-01-24,1.07,1.1,1.11,1.07,18256.75
2014-01-27,1.1,1.09,1.1,1.09,10086.02
2014-01-28,1.1,1.09,1.1,1.08,6584.4
2014-01-29,1.09,1.08,1.09,1.08,7148.19
2014-01-30,1.09,1.1,1.11,1.08,8856.83
2014-02-07,1.09,1.1,1.1,1.06,8151.7
2014-02-10,1.1,1.11,1.12,1.1,16409.9
2014-02-11,1.11,1.12,1.12,1.11,11665.16
2014-02-12,1.12,1.13,1.14,1.11,20555.76
2014-02-13,1.13,1.15,1.17,1.13,29910.8
2014-02-14,1.14,1.15,1.16,1.14,13816.31
2014-02-17,1.15,1.15,1.16,1.15,12069.11
2014-02-18,1.15,1.16,1.18,1.14,20750.31
2014-02-19,1.17,1.15,1.17,1.14,14875.3
2014-02-20,1.16,1.15,1.16,1.15,11113.24
2014-02-21,1.15,1.13,1.15,1.11,17080.68
2014-02-24,1.12,1.11,1.12,1.08,22688.61
2014-02-25,1.11,1.12,1.15,1.1,33739.6
2014-02-26,1.12,1.12,1.12,1.1,15173.51
2014-02-27,1.12,1.13,1.14,1.11,21320.01
2014-02-28,1.12,1.15,1.16,1.12,16753.96
2014-03-03,1.16,1.14,1.17,1.14,30217.78
2014-03-04,1.14,1.13,1.15,1.12,32018.42
2014-03-05,1.12,1.11,1.13,1.1,21960.26
2014-03-06,1.11,1.14,1.15,1.1,29815.2
2014-03-07,1.14,1.14,1.15,1.11,28838.57
2014-03-10,1.12,1.09,1.12,1.09,26281.63
2014-03-11,1.08,1.07,1.1,1.07,23708.78
2014-03-12,1.07,1.11,1.12,1.06,36033.13
2014-03-13,1.11,1.12,1.13,1.09,48306.24
2014-03-14,1.12,1.13,1.13,1.11,25120.37
2014-03-17,1.13,1.14,1.14,1.12,34485.14
2014-03-18,1.14,1.15,1.16,1.13,38684.54
2014-03-19,1.15,1.13,1.15,1.12,40111.05
2014-03-20,1.13,1.15,1.2,1.13,66158.55
2014-03-21,1.14,1.19,1.21,1.12,88260.65
2014-03-24,1.19,1.21,1.22,1.17,82978.14
2014-03-25,1.21,1.19,1.21,1.18,46042.71
2014-03-26,1.19,1.17,1.2,1.17,26093.14
2014-03-27,1.17,1.18,1.2,1.17,38263.26
2014-03-28,1.17,1.18,1.21,1.17,38995.17
2014-03-31,1.18,1.15,1.2,1.14,27057.03
2014-04-01,1.16,1.15,1.16,1.14,27507.96
2014-04-02,1.15,1.2,1.2,1.15,62258.45
2014-04-03,1.2,1.17,1.22,1.17,42379.18
2014-04-04,1.16,1.18,1.19,1.16,23030.09
2014-04-08,1.17,1.19,1.19,1.17,27965.11
2014-04-09,1.19,1.18,1.19,1.17,22145.04
2014-04-10,1.18,1.17,1.18,1.17,23790.32
2014-04-11,1.17,1.17,1.18,1.17,14789.18
2014-04-14,1.17,1.17,1.17,1.15,21643.9
2014-04-15,1.17,1.17,1.18,1.17,20767.38
2014-04-16,1.17,1.19,1.2,1.16,37516.03
2014-04-17,1.19,1.19,1.21,1.16,45478.24
2014-04-18,1.18,1.17,1.19,1.17,31440.5
2014-04-21,1.17,1.15,1.17,1.15,19033.65
2014-04-22,1.15,1.14,1.15,1.11,26910.12
2014-04-23,1.12,1.13,1.14,1.12,11257.8
2014-04-24,1.12,1.12,1.14,1.12,16725.38
2014-04-25,1.12,1.09,1.13,1.09,14771.99
2014-04-28,1.09,1.07,1.11,1.06,18948.22
2014-04-29,1.07,1.08,1.08,1.07,8043.16
2014-04-30,1.08,1.1,1.11,1.07,17575.82
2014-05-05,1.1,1.08,1.1,1.08,18186.11
2014-05-06,1.09,1.09,1.11,1.08,11841.58
2014-05-07,1.09,1.08,1.1,1.07,13385.14
2014-05-08,1.08,1.08,1.09,1.07,21015.07
2014-05-09,1.07,1.07,1.1,1.07,28080.63
2014-05-12,1.08,1.09,1.09,1.07,25395.43
2014-05-13,1.09,1.1,1.1,1.08,19841.76
2014-05-14,1.1,1.09,1.11,1.09,16537.01
2014-05-15,1.09,1.08,1.1,1.07,14682.62
2014-05-16,1.07,1.08,1.09,1.07,11196.44
2014-05-19,1.08,1.08,1.08,1.07,10339.0
2014-05-20,1.08,1.1,1.12,1.08,34446.77
2014-05-21,1.1,1.11,1.12,1.08,18801.55
2014-05-22,1.1,1.1,1.11,1.1,10788.88
2014-05-23,1.1,1.12,1.12,1.1,17886.39
2014-05-26,1.12,1.11,1.13,1.1,19318.73
2014-05-27,1.11,1.09,1.12,1.08,23189.02
2014-05-28,1.09,1.11,1.13,1.09,35781.38
2014-05-29,1.11,1.08,1.11,1.07,34984.81
2014-05-30,1.08,1.07,1.08,1.07,20900.7
2014-06-03,1.07,1.08,1.09,1.07,15699.8
2014-06-04,1.08,1.07,1.08,1.07,8710.18
2014-06-05,1.07,1.08,1.08,1.07,11540.28
2014-06-06,1.07,1.08,1.08,1.07,6518.71
2014-06-09,1.07,1.07,1.08,1.05,10375.59
2014-06-10,1.07,1.08,1.08,1.07,7855.52
2014-06-11,1.08,1.07,1.08,1.06,10306.99
2014-06-12,1.07,1.06,1.07,1.06,11484.51
2014-06-13,1.06,1.07,1.07,1.06,15602.84
2014-06-16,1.07,1.07,1.08,1.07,9713.85
2014-06-17,1.08,1.06,1.08,1.06,11778.48
2014-06-18,1.06,1.07,1.08,1.05,27514.67
2014-06-19,1.08,1.02,1.08,1.02,30325.49
2014-06-20,1.02,1.03,1.03,1.01,13322.65
2014-06-23,1.04,1.04,1.04,1.03,10527.06
2014-06-24,1.04,1.06,1.07,1.04,24553.81
2014-06-25,1.07,1.07,1.07,1.05,13696.8
2014-06-26,1.09,1.08,1.12,1.07,52980.0
2014-06-27,1.07,1.07,1.08,1.07,14883.96
2014-06-30,1.07,1.08,1.09,1.07,20473.88
2014-07-01,1.08,1.08,1.09,1.07,15877.38
2014-07-02,1.08,1.08,1.09,1.07,16871.43
2014-07-03,1.07,1.08,1.08,1.07,13036.77
2014-07-04,1.08,1.08,1.08,1.07,11853.39
2014-07-07,1.08,1.07,1.09,1.07,23671.83
2014-07-08,1.07,1.07,1.08,1.06,15937.05
2014-07-09,1.07,1.04,1.07,1.04,20812.0
2014-07-10,1.04,1.05,1.06,1.04,11330.1
2014-07-11,1.06,1.07,1.07,1.05,10864.69
2014-07-14,1.07,1.08,1.08,1.06,14084.13
2014-07-15,1.08,1.08,1.08,1.07,16090.41
2014-07-16,1.08,1.08,1.09,1.07,16917.48
2014-07-17,1.08,1.09,1.1,1.08,21916.76
2014-07-18,1.09,1.09,1.1,1.09,24511.95
2014-07-21,1.08,1.09,1.1,1.08,12929.44
2014-07-22,1.09,1.11,1.12,1.09,29340.7
2014-07-23,1.11,1.12,1.12,1.1,30003.83
2014-07-24,1.11,1.13,1.15,1.11,48929.27
2014-07-25,1.13,1.14,1.14,1.12,19914.5
2014-07-28,1.14,1.17,1.18,1.14,61879.92
2014-07-29,1.17,1.17,1.17,1.15,67587.54
2014-07-30,1.16,1.14,1.17,1.14,43857.84
2014-07-31,1.15,1.15,1.16,1.14,25008.83
2014-08-01,1.15,1.14,1.16,1.14,34263.23
2014-08-04,1.14,1.15,1.15,1.14,24938.45
2014-08-05,1.15,1.16,1.16,1.14,22638.01
2014-08-06,1.16,1.16,1.17,1.15,19377.38
2014-08-07,1.16,1.16,1.18,1.16,28583.44
2014-08-08,1.16,1.17,1.17,1.15,22784.05
2014-08-11,1.17,1.21,1.22,1.17,56570.51
2014-08-12,1.21,1.21,1.21,1.2,19279.28
2014-08-13,1.21,1.21,1.23,1.2,24281.1
2014-08-14,1.21,1.2,1.22,1.2,20854.83
2014-08-15,1.2,1.2,1.22,1.2,19456.74
2014-08-18,1.2,1.21,1.22,1.2,25628.09
2014-08-19,1.21,1.24,1.24,1.21,57783.33
2014-08-20,1.24,1.27,1.27,1.23,58743.02
2014-08-21,1.27,1.28,1.28,1.26,45408.51
2014-08-22,1.28,1.41,1.41,1.28,113942.56
2014-08-25,1.46,1.48,1.55,1.43,188092.57
2014-08-26,1.47,1.59,1.62,1.45,172713.28
2014-08-27,1.55,1.52,1.61,1.5,147325.6
2014-08-28,1.53,1.48,1.53,1.46,114600.97
2014-08-29,1.47,1.47,1.5,1.45,61876.33
2014-09-01,1.47,1.48,1.52,1.47,63271.79
2014-09-02,1.5,1.48,1.51,1.47,71323.92
2014-09-03,1.49,1.6,1.62,1.48,158600.46
2014-09-04,1.58,1.6,1.6,1.54,72773.48
2014-09-05,1.59,1.57,1.61,1.56,65845.58
2014-09-09,1.57,1.58,1.65,1.56,97260.63
2014-09-10,1.59,1.58,1.61,1.55,70779.44
2014-09-11,1.56,1.57,1.59,1.55,98839.89
2014-09-12,1.57,1.57,1.59,1.56,75369.36
2014-09-15,1.58,1.67,1.67,1.58,102192.85
2014-09-16,1.67,1.66,1.75,1.65,124341.97
2014-09-17,1.66,1.66,1.7,1.63,81842.38
2014-09-18,1.66,1.73,1.76,1.66,101073.7
2014-09-19,1.72,1.78,1.81,1.72,80991.07
2014-09-22,1.77,1.8,1.84,1.77,67454.54
2014-09-23,1.8,1.8,1.84,1.79,44479.1
2014-09-24,1.8,1.79,1.83,1.78,57492.73
2014-09-25,1.8,1.77,1.81,1.76,48727.32
2014-09-26,1.78,1.78,1.8,1.75,34807.4
2014-09-29,1.78,1.9,1.92,1.78,78104.61
2014-09-30,1.92,1.99,2.03,1.88,96771.05
2014-10-08,2.01,1.99,2.06,1.97,70711.23
2014-10-09,2.0,2.15,2.15,1.99,85289.85
2014-10-10,2.17,2.29,2.33,2.12,117688.61
2014-10-13,2.29,2.29,2.35,2.17,134223.09
2014-10-14,2.26,2.22,2.29,2.2,72411.64
2014-10-15,2.22,2.15,2.23,2.13,85213.65
2014-10-16,2.13,2.15,2.19,2.12,64712.14
2014-10-17,2.15,2.0,2.19,1.95,101166.13
2014-10-20,2.06,2.05,2.07,1.99,50918.71
2014-10-21,2.04,2.03,2.07,2.02,32347.24
2014-10-22,2.03,1.97,2.06,1.96,58118.31
2014-10-23,1.97,1.83,2.0,1.8,85236.05
2014-10-24,1.85,1.86,1.88,1.83,47100.43
2014-10-27,1.87,2.02,2.03,1.86,73679.36
2014-10-28,2.01,2.13,2.17,2.0,71407.16
2014-10-29,2.09,2.16,2.2,2.09,107562.3
2014-10-30,2.17,2.14,2.19,2.13,58201.91
2014-10-31,2.14,2.15,2.18,2.12,63461.12
2014-11-03,2.16,2.08,2.18,2.07,58982.16
2014-11-04,2.09,2.08,2.11,2.02,62918.03
2014-11-05,2.06,2.07,2.1,2.04,31555.3
2014-11-06,2.07,2.11,2.12,2.05,32801.43
2014-11-07,2.1,2.11,2.18,2.09,72040.68
2014-11-10,2.11,2.1,2.17,2.09,38949.76
2014-11-11,2.1,2.0,2.12,1.95,50188.2
2014-11-12,2.01,2.0,2.04,1.97,25867.59
2014-11-13,2.01,1.92,2.02,1.91,56736.74
2014-11-14,1.91,1.96,1.96,1.84,43970.68
2014-11-17,1.97,2.03,2.06,1.95,53557.48
2014-11-18,2.02,2.1,2.11,2.02,59181.66
2014-11-19,2.09,2.07,2.11,2.07,36557.88
2014-11-20,2.05,2.08,2.12,2.02,54913.9
2014-11-21,2.07,2.07,2.13,2.07,45030.1
2014-11-24,2.12,2.11,2.2,2.1,94019.06
2014-11-25,2.11,2.08,2.13,2.06,78149.02
2014-11-26,2.08,2.06,2.09,2.03,79809.16
2014-11-27,2.06,2.03,2.07,2.02,74048.57
2014-11-28,2.04,2.23,2.23,2.04,251588.9
2014-12-22,2.02,2.01,2.09,2.01,40417.0
2014-12-23,1.81,1.81,1.96,1.81,173817.44
2014-12-24,1.81,1.86,1.94,1.81,87335.74
2014-12-25,1.95,1.86,1.95,1.83,52126.23
2014-12-26,1.83,1.8,1.88,1.77,80360.85
2014-12-29,1.8,1.77,1.85,1.74,83825.56
2014-12-30,1.77,1.72,1.79,1.71,52298.72
2014-12-31,1.72,1.78,1.8,1.7,54986.81
2015-01-05,1.78,1.81,1.89,1.77,101176.84
2015-01-06,1.81,1.78,1.81,1.73,65306.4
2015-01-07,1.78,1.76,1.78,1.74,34351.76
2015-01-08,1.76,1.7,1.76,1.7,43433.33
2015-01-09,1.71,1.77,1.86,1.71,105971.61
2015-01-12,1.78,1.76,1.81,1.75,33061.63
2015-01-13,1.76,1.74,1.78,1.73,31979.63
2015-01-14,1.74,1.75,1.77,1.71,19226.89
2015-01-15,1.74,1.76,1.77,1.73,18666.28
2015-01-16,1.76,1.75,1.77,1.73,20186.55
2015-01-19,1.73,1.67,1.75,1.67,39565.58
2015-01-20,1.68,1.71,1.74,1.67,38458.26
2015-01-21,1.71,1.77,1.79,1.68,62099.8
2015-01-22,1.77,1.94,1.95,1.77,147157.46
2015-01-23,1.94,1.97,2.0,1.89,153383.1
2015-01-26,1.95,1.97,2.03,1.94,57660.77
2015-01-27,1.96,1.93,2.0,1.92,47984.01
2015-01-28,1.92,1.92,1.96,1.9,32512.07
2015-01-29,1.92,1.91,1.93,1.91,26439.36
2015-01-30,1.92,1.93,2.01,1.91,48866.22
2015-02-02,1.89,1.91,1.99,1.88,46227.6
2015-02-03,1.95,1.92,1.95,1.89,28945.26
2015-02-04,1.92,2.0,2.11,1.92,155885.4
2015-02-05,2.05,2.04,2.08,1.99,89893.91
2015-02-06,2.02,2.04,2.06,1.96,59487.54
2015-02-09,2.03,1.96,2.04,1.94,41042.49
2015-02-10,1.96,2.03,2.03,1.96,35299.86
2015-02-11,2.05,2.08,2.1,2.01,64389.32
2015-02-12,2.06,2.17,2.19,2.06,82849.0
2015-02-13,2.17,2.29,2.32,2.15,107235.88
2015-02-16,2.3,2.46,2.51,2.3,105646.08
2015-02-17,2.45,2.61,2.61,2.44,127057.02
2015-02-25,2.62,2.53,2.66,2.48,54101.29
2015-02-26,2.49,2.56,2.65,2.49,46739.71
2015-02-27,2.56,2.51,2.58,2.47,52579.9
2015-03-02,2.56,2.6,2.62,2.53,73006.92
2015-03-03,2.62,2.54,2.62,2.49,60689.76
2015-03-04,2.54,2.55,2.57,2.51,30736.71
2015-03-05,2.55,2.56,2.56,2.52,33472.1
2015-03-06,2.57,2.46,2.59,2.41,61761.18
2015-03-09,2.48,2.42,2.48,2.36,48163.82
2015-03-10,2.42,2.43,2.46,2.4,32628.92
2015-03-11,2.43,2.37,2.43,2.35,48470.62
2015-03-12,2.38,2.42,2.48,2.38,37459.16
2015-03-13,2.43,2.53,2.53,2.43,69996.51
2015-03-16,2.54,2.58,2.66,2.51,72447.54
2015-03-17,2.59,2.65,2.71,2.59,76000.22
2015-03-18,2.61,2.6,2.65,2.58,68010.6
2015-03-19,2.59,2.51,2.59,2.45,199040.2
2015-03-20,2.47,2.53,2.56,2.44,154633.86
2015-03-23,2.52,2.51,2.59,2.48,174104.15
2015-03-24,2.52,2.52,2.53,2.4,158894.54
2015-03-25,2.5,2.48,2.53,2.47,92642.25
2015-03-26,2.49,2.53,2.54,2.46,82571.04
2015-03-27,2.52,2.6,2.61,2.51,141734.61
2015-03-30,2.7,2.86,2.86,2.7,167074.74
2015-03-31,3.15,3.15,3.15,3.0,459616.88
2015-04-01,3.07,3.36,3.45,3.07,475786.6
2015-04-02,3.43,3.32,3.46,3.24,258736.72
2015-04-03,3.35,3.65,3.65,3.35,397076.84
2015-04-07,3.77,4.02,4.02,3.73,443261.84
2015-04-08,4.02,4.42,4.42,3.91,229754.5
2015-04-09,4.78,4.87,4.87,4.57,254289.77
2015-04-10,5.21,5.01,5.35,4.65,656325.56
2015-04-13,4.81,4.92,5.19,4.66,308002.26
2015-04-14,4.77,4.66,4.81,4.55,256087.2
2015-04-15,4.62,4.74,4.79,4.46,200175.63
2015-04-16,4.76,5.22,5.22,4.76,275262.2
2015-04-17,5.74,5.74,5.74,5.74,15880.16
2015-04-20,6.31,6.31,6.31,6.1,224129.58
2015-04-21,5.91,6.29,6.77,5.68,327555.02
2015-04-22,6.4,6.29,6.53,6.14,160974.18
2015-04-23,6.31,6.33,6.42,6.2,94096.77
2015-04-24,6.24,6.33,6.8,6.17,139796.51
2015-04-27,6.14,5.9,6.33,5.74,326953.18
2015-04-28,5.81,5.48,6.04,5.46,228868.13
2015-04-29,5.46,5.8,5.86,5.27,195916.42
2015-04-30,5.72,5.89,6.09,5.6,158574.66
2015-05-04,5.79,5.83,5.98,5.79,80727.48
2015-05-05,5.79,5.58,5.83,5.58,71988.51
2015-05-06,5.74,5.76,6.07,5.5,90368.52
2015-05-07,5.74,5.35,5.74,5.33,70960.25
2015-05-08,5.37,4.82,5.44,4.82,240042.05
2015-05-11,4.57,5.11,5.16,4.47,399366.26
2015-05-12,4.92,4.92,5.04,4.83,296964.3
2015-05-13,4.78,4.75,4.78,4.57,493876.29
2015-05-14,4.68,4.78,4.79,4.62,338486.05
2015-05-15,4.78,4.73,4.83,4.62,296686.23
2015-05-18,4.71,4.87,4.98,4.67,371763.92
2015-05-19,4.83,4.92,4.98,4.81,235104.78
2015-05-20,4.98,4.87,5.02,4.83,294511.7
2015-05-21,4.87,4.88,4.91,4.78,222653.72
2015-05-22,4.91,5.13,5.16,4.85,335202.94
2015-05-25,5.06,5.28,5.35,4.96,359039.93
2015-05-26,5.28,5.46,5.55,5.04,341885.67
2015-05-27,5.45,5.3,5.51,5.2,293711.09
2015-05-28,5.3,4.77,5.34,4.77,313824.41
2015-05-29,4.69,4.53,4.77,4.36,254179.23
2015-06-01,4.57,4.77,4.82,4.48,204940.22
2015-06-02,4.77,4.87,4.9,4.69,250299.2
2015-06-03,4.9,4.79,4.91,4.66,252192.45
2015-06-04,4.79,5.27,5.27,4.71,357647.5
2015-06-05,5.46,5.79,5.79,5.39,561639.95
2015-06-08,5.79,5.69,5.79,5.51,340000.33
2015-06-09,5.69,5.79,6.01,5.46,245117.66
2015-06-10,5.65,6.03,6.19,5.57,261061.52
2015-06-11,5.96,5.87,6.01,5.8,202734.15
2015-06-12,5.89,5.66,5.91,5.61,184563.05
2015-06-15,5.66,5.79,5.94,5.58,191047.82
2015-06-16,5.68,5.36,5.94,5.22,157261.68
2015-06-17,5.23,5.32,5.37,5.01,128397.43
2015-06-18,5.41,5.01,5.41,4.95,83775.49
2015-06-19,4.88,4.6,4.91,4.51,96438.87
2015-06-23,4.57,4.61,4.74,4.17,79273.49
2015-06-24,4.71,4.69,4.8,4.51,69294.4
2015-06-25,4.7,4.84,5.08,4.69,117485.78
2015-06-26,4.71,4.36,4.72,4.36,84938.62
2015-06-29,4.58,3.92,4.59,3.92,123304.64
2015-06-30,3.84,4.12,4.12,3.53,164916.44
2015-07-01,4.05,3.71,4.18,3.71,109587.59
2015-07-02,3.71,3.34,3.85,3.34,177328.91
2015-07-03,3.06,3.0,3.24,3.0,128158.37
2015-07-20,3.3,3.3,3.3,3.3,28648.15
2015-07-21,3.53,3.63,3.63,3.3,248085.63
2015-07-22,3.75,3.72,3.86,3.57,266079.69
2015-07-23,3.78,3.93,4.07,3.64,195852.78
2015-07-24,3.9,3.96,4.18,3.89,209026.31
2015-07-27,3.87,3.56,4.08,3.56,163050.22
2015-07-28,3.22,3.27,3.65,3.22,143675.76
2015-07-29,3.29,3.6,3.6,3.25,109118.87
2015-07-30,3.61,3.8,3.96,3.53,210611.25
2015-07-31,4.19,4.19,4.19,4.19,59672.66
2015-08-03,4.21,4.13,4.47,3.91,380971.37
2015-08-04,4.25,4.55,4.55,4.01,300594.55
2015-08-05,4.57,4.22,4.66,4.18,346371.35
2015-08-06,4.01,3.97,4.14,3.92,157348.72
2015-08-07,4.03,4.08,4.21,4.01,145915.95
2015-08-10,4.18,4.32,4.39,4.07,206050.23
2015-08-11,4.32,4.52,4.7,4.25,285886.73
2015-08-12,4.47,4.4,4.53,4.32,156817.55
2015-08-13,4.38,4.62,4.66,4.37,205154.87
2015-08-14,4.71,5.01,5.04,4.66,314916.39
2015-08-17,5.03,5.32,5.42,4.83,286466.78
2015-08-18,5.19,4.79,5.27,4.79,195986.44
2015-08-19,4.51,5.06,5.27,4.31,315963.19
2015-08-20,4.95,4.61,5.1,4.6,146588.44
2015-08-21,4.4,4.29,4.58,4.17,140770.65
2015-08-24,4.0,3.86,4.01,3.86,79515.9
2015-08-25,3.47,3.47,3.58,3.47,74811.44
2015-08-26,3.53,3.25,3.6,3.12,191708.72
2015-08-27,3.35,3.33,3.46,2.95,185235.77
2015-08-28,3.34,3.58,3.6,3.23,176286.94
2015-08-31,3.42,3.31,3.5,3.28,123827.51
2015-09-01,3.31,3.07,3.31,2.98,110384.57
2015-09-02,2.76,2.76,3.06,2.76,218956.99
2015-09-07,2.78,2.8,2.94,2.75,219323.3
2015-09-08,2.8,3.03,3.08,2.73,174903.86
2015-09-09,3.06,3.33,3.33,3.0,273653.69
2015-09-10,3.35,3.31,3.39,3.16,313179.18
2015-09-11,3.31,3.16,3.37,3.05,453087.32
2015-09-14,3.16,3.48,3.48,3.05,1384626.18
2015-09-15,3.33,3.13,3.38,3.13,736725.05
2015-09-16,2.96,3.37,3.43,2.93,785977.73
2015-09-17,3.27,3.08,3.4,3.06,711370.86
2015-09-18,3.1,3.05,3.16,2.93,408416.36
2015-09-21,2.96,3.1,3.19,2.93,346863.13
2015-09-22,3.08,3.09,3.19,3.07,317919.39
2015-09-23,2.99,3.01,3.09,2.96,310036.06
2015-09-24,3.02,3.01,3.06,2.98,210099.07
2015-09-25,3.01,2.8,3.05,2.76,321125.23
2015-09-28,2.84,2.82,2.87,2.77,141563.82
2015-09-29,2.79,2.72,2.8,2.69,157801.73
2015-09-30,2.76,2.74,2.79,2.7,120995.02
2015-10-08,2.84,3.02,3.02,2.78,473205.07
2015-10-09,3.06,3.32,3.32,2.98,928882.32
2015-10-12,3.43,3.45,3.62,3.33,983419.97
2015-10-13,3.39,3.37,3.41,3.27,621783.68
2015-10-14,3.32,3.3,3.44,3.26,524768.61
2015-10-15,3.3,3.37,3.39,3.27,437627.84
2015-10-16,3.38,3.38,3.47,3.31,495537.7
2015-10-19,3.38,3.51,3.52,3.3,694169.95
2015-10-20,3.54,3.5,3.66,3.43,610733.49
2015-10-21,3.46,3.15,3.49,3.15,553895.31
2015-10-22,3.09,3.24,3.27,3.06,370980.98
2015-10-23,3.27,3.34,3.37,3.19,481474.41
2015-10-26,3.39,3.35,3.43,3.29,379412.72
2015-10-27,3.3,3.3,3.32,3.08,348086.31
2015-10-28,3.26,3.26,3.4,3.24,323589.31
2015-10-29,3.29,3.25,3.31,3.21,190711.82
2015-10-30,3.27,3.44,3.58,3.2,561647.81
2015-11-02,3.35,3.38,3.51,3.3,446413.97
2015-11-03,3.38,3.49,3.58,3.31,543240.44
2015-11-04,3.46,3.62,3.65,3.46,687206.59
2015-11-05,3.62,3.54,3.63,3.52,500354.06
2015-11-06,3.54,3.57,3.59,3.51,338042.35
2015-11-09,3.57,3.61,3.69,3.54,445752.18
2015-11-10,3.61,3.69,3.79,3.57,512636.35
2015-11-11,3.71,3.76,3.76,3.59,364425.9
2015-11-12,3.72,3.93,4.13,3.65,680473.04
2015-11-13,3.85,3.75,3.93,3.7,312509.32
2015-11-16,3.66,3.77,3.83,3.59,311794.48
2015-11-17,3.78,3.72,3.88,3.68,311109.41
2015-11-18,3.69,3.97,4.1,3.68,1311416.66
2015-11-19,3.91,3.98,4.05,3.76,795274.38
2015-11-20,3.96,4.31,4.38,3.91,1066242.16
2015-11-23,4.19,4.74,4.74,4.19,1306241.48
2015-11-24,4.74,4.64,4.76,4.51,708246.26
2015-11-25,4.57,5.11,5.11,4.57,1014429.84
2015-11-26,5.25,5.62,5.62,5.25,1489710.09
2015-11-27,5.73,5.11,5.79,5.06,1215865.67
2015-11-30,5.07,5.59,5.62,4.69,909561.48
2015-12-01,5.43,5.86,6.15,5.38,1719269.68
2015-12-02,5.67,5.27,5.76,5.27,918647.55
2015-12-03,5.1,5.27,5.39,4.93,779629.16
2015-12-04,5.16,5.1,5.39,5.0,620162.25
2015-12-07,5.03,5.1,5.18,4.94,645753.08
2015-12-08,5.09,4.87,5.1,4.86,463746.99
2015-12-09,4.95,4.87,5.06,4.83,394087.67
2015-12-10,4.85,4.71,4.93,4.68,411082.73
2015-12-11,4.71,4.78,4.79,4.45,655349.45
2015-12-14,4.61,4.73,4.78,4.61,310532.04
2015-12-15,4.78,4.83,5.03,4.76,446024.92
2015-12-16,4.83,5.0,5.1,4.81,473067.84
2015-12-17,5.0,5.06,5.14,4.93,567686.99
2015-12-18,5.07,5.02,5.12,4.97,429931.57
2015-12-21,5.0,4.93,5.05,4.86,349789.08
2015-12-22,4.91,4.94,5.05,4.88,311808.08
2015-12-23,4.96,4.76,5.01,4.75,345339.58
2015-12-24,4.71,4.58,4.77,4.54,244649.32
2015-12-25,4.61,4.63,4.74,4.59,194993.94
2015-12-28,4.64,4.5,4.69,4.49,239768.6
2015-12-29,4.47,4.55,4.57,4.47,141082.56
2015-12-30,4.57,4.59,4.64,4.55,143959.21
2015-12-31,4.61,4.81,4.93,4.59,386342.33
2016-01-04,4.81,4.4,4.94,4.33,237950.33
2016-01-05,4.19,4.27,4.49,3.96,362488.55
2016-01-06,4.35,4.39,4.43,4.27,200590.27
2016-01-07,4.33,3.96,4.33,3.96,69240.46
2016-01-08,4.03,4.09,4.22,3.61,288828.61
2016-01-11,3.94,3.68,4.0,3.68,299382.14
2016-01-12,3.52,3.52,3.66,3.44,235128.03
2016-01-13,3.56,3.47,3.66,3.44,182194.55
2016-01-14,3.4,3.52,3.54,3.19,257857.8
2016-01-15,3.4,3.2,3.49,3.19,207588.45
2016-01-18,3.1,3.19,3.29,3.06,207422.46
2016-01-19,3.2,3.34,3.35,3.18,227229.78
2016-01-20,3.32,3.26,3.37,3.21,203847.64
2016-01-21,3.2,3.09,3.27,3.09,155792.2
2016-01-22,3.11,3.13,3.18,3.05,117648.02
2016-01-25,3.16,3.15,3.2,3.12,104633.16
2016-01-26,3.12,2.84,3.13,2.84,161845.82
2016-01-27,2.84,2.73,2.88,2.57,231095.93
2016-01-28,2.73,2.52,2.74,2.49,152095.13
2016-01-29,2.5,2.67,2.71,2.5,170191.09
2016-02-01,2.67,2.56,2.67,2.48,163446.17
2016-02-02,2.57,2.77,2.81,2.57,217651.68
2016-02-03,2.86,3.05,3.05,2.81,421856.84
2016-02-04,3.05,3.06,3.08,2.92,499888.12
2016-02-05,3.04,2.93,3.06,2.91,240698.34
2016-02-15,2.76,2.84,2.87,2.75,177022.82
2016-02-16,2.91,2.96,2.99,2.86,204134.68
2016-02-17,2.96,2.99,3.01,2.88,210592.86
2016-02-18,3.0,3.27,3.29,3.0,643902.19
2016-02-19,3.17,3.2,3.22,3.15,323128.81
2016-02-22,3.38,3.26,3.52,3.25,430020.01
2016-02-23,3.2,3.22,3.31,3.14,288384.95
2016-02-24,3.22,3.32,3.42,3.19,341364.61
2016-02-25,3.35,3.02,3.44,2.98,350047.03
2016-02-26,3.02,3.24,3.3,2.97,305786.45
2016-02-29,3.21,3.2,3.37,3.03,380780.7
2016-03-01,3.15,3.26,3.4,3.05,524266.43
2016-03-02,3.24,3.54,3.57,3.19,862136.56
2016-03-03,3.46,3.43,3.66,3.4,707552.08
2016-03-04,3.38,3.26,3.47,3.15,396891.42
2016-03-07,3.3,3.3,3.37,3.23,228441.24
2016-03-08,3.27,3.21,3.27,3.07,256936.74
2016-03-09,3.12,3.07,3.14,3.04,185696.89
2016-03-10,3.08,3.06,3.15,3.04,197277.86
2016-03-11,3.08,2.98,3.08,2.9,245148.12
2016-03-14,3.03,3.11,3.16,3.0,227433.5
2016-03-15,3.11,3.05,3.13,3.03,122474.77
2016-03-16,3.04,3.02,3.11,3.01,96923.61
2016-03-17,3.03,3.08,3.09,2.99,175616.79
2016-03-18,3.1,3.18,3.18,3.07,285831.18
2016-03-21,3.19,3.25,3.29,3.19,304657.07
2016-03-22,3.24,3.16,3.24,3.14,243083.36
2016-03-23,3.13,3.2,3.22,3.1,200221.27
2016-03-24,3.16,3.26,3.36,3.11,404601.22
2016-03-25,3.26,3.4,3.52,3.23,519516.2
2016-03-28,3.4,3.32,3.49,3.31,294185.3
2016-03-29,3.32,3.22,3.36,3.2,222117.67
2016-03-30,3.26,3.3,3.31,3.23,163532.19
2016-03-31,3.3,3.35,3.4,3.27,255448.25
2016-04-01,3.37,3.44,3.49,3.34,383939.05
2016-04-05,3.46,3.54,3.56,3.43,333931.72
2016-04-06,3.56,3.47,3.58,3.44,271754.69
2016-04-07,3.49,3.41,3.49,3.39,168283.56
2016-04-08,3.38,3.49,3.54,3.37,306137.63
2016-04-11,3.49,3.59,3.63,3.49,268971.24
2016-04-12,3.59,3.73,3.78,3.59,374888.07
2016-04-13,3.73,3.71,3.76,3.69,240250.39
2016-04-14,3.74,3.8,3.9,3.74,229142.6
2016-04-15,3.78,3.81,3.87,3.77,165917.89
2016-04-18,3.81,3.92,3.99,3.74,347911.09
2016-04-19,4.04,3.72,4.31,3.69,781388.97
2016-04-20,3.76,3.48,3.8,3.36,600788.2
2016-04-21,3.49,3.4,3.51,3.39,223473.67
2016-04-22,3.38,3.41,3.46,3.34,180645.12
2016-04-25,3.43,3.43,3.44,3.36,129474.22
2016-04-26,3.39,3.51,3.52,3.39,141323.04
2016-04-27,3.51,3.61,3.66,3.51,265447.83
2016-04-28,3.59,3.66,3.71,3.57,246798.34
2016-04-29,3.69,3.64,3.71,3.6,134359.84
2016-05-03,3.65,3.7,3.72,3.65,194222.0
2016-05-04,3.69,3.68,3.71,3.66,130229.28
2016-05-05,3.67,3.67,3.69,3.64,107782.32
2016-05-06,3.67,3.44,3.67,3.39,311911.69
2016-05-09,3.35,3.15,3.37,3.12,257157.06
2016-05-10,3.11,3.14,3.22,3.1,120488.54
2016-05-11,3.16,3.08,3.21,3.07,122723.81
2016-05-12,3.07,3.01,3.07,2.91,143737.05
2016-05-13,3.02,2.99,3.04,2.97,83033.92
2016-05-16,3.0,3.09,3.09,2.98,90589.07
2016-05-17,3.09,3.12,3.17,3.08,101146.84
2016-05-18,3.08,2.98,3.1,2.95,114769.43
2016-05-19,2.99,2.98,3.03,2.97,68393.3
2016-05-20,2.93,3.16,3.24,2.9,186231.99
2016-05-23,3.18,3.24,3.29,3.16,203062.59
2016-05-24,3.22,3.15,3.24,3.12,106733.4
2016-05-25,3.19,3.31,3.37,3.18,295598.4
2016-05-26,3.29,3.35,3.45,3.27,311130.96
2016-05-27,3.37,3.56,3.59,3.29,361321.33
2016-05-30,3.51,3.5,3.59,3.46,178713.95
2016-05-31,3.52,3.56,3.61,3.5,201658.15
2016-06-01,3.56,3.52,3.58,3.49,212918.8
2016-06-02,3.52,3.59,3.62,3.49,177361.42
2016-06-03,3.59,3.59,3.79,3.56,474288.08
2016-06-06,3.56,3.61,3.64,3.49,286069.64
2016-06-07,3.6,3.62,3.65,3.57,174283.62
2016-06-08,3.69,3.72,3.98,3.67,1157086.74
2016-06-13,3.57,3.45,3.6,3.44,450508.09
2016-07-14,3.55,3.48,3.56,3.44,614065.19
2016-07-15,3.49,3.36,3.49,3.33,303315.18
2016-07-18,3.35,3.45,3.51,3.31,292306.42
2016-07-19,3.44,3.39,3.44,3.34,187244.51
2016-07-20,3.35,3.34,3.4,3.32,127539.86
2016-07-21,3.34,3.34,3.37,3.33,91653.11
2016-07-22,3.34,3.37,3.4,3.29,154973.09
2016-07-25,3.36,3.39,3.39,3.26,313347.13
2016-07-26,3.69,3.6,3.74,3.56,711178.55
2016-07-27,3.55,3.54,3.73,3.43,646871.13
2016-07-28,3.51,3.31,3.52,3.22,554859.4
2016-07-29,3.29,3.23,3.31,3.17,205759.61
2016-08-01,3.22,3.18,3.22,3.13,116243.66
2016-08-02,3.18,3.19,3.22,3.15,101456.44
2016-08-03,3.19,3.18,3.21,3.15,108024.0
2016-08-04,3.18,3.23,3.29,3.14,156426.49
2016-08-05,3.21,3.19,3.24,3.16,106554.91
2016-08-08,3.2,3.22,3.28,3.16,136182.45
2016-08-09,3.23,3.31,3.32,3.19,185865.58
2016-08-10,3.26,3.24,3.29,3.23,152591.34
2016-08-11,3.24,3.18,3.24,3.18,112184.27
2016-08-12,3.19,3.24,3.26,3.17,163421.35
2016-08-15,3.26,3.33,3.46,3.22,414925.89
2016-08-16,3.36,3.34,3.39,3.31,271319.89
2016-08-17,3.34,3.35,3.42,3.25,281990.74
2016-08-18,3.31,3.43,3.51,3.31,519240.44
2016-08-19,3.41,3.48,3.59,3.31,542650.72
2016-08-22,3.44,3.39,3.49,3.37,303873.86
2016-08-23,3.36,3.34,3.39,3.31,147462.18
2016-08-24,3.31,3.31,3.37,3.3,136569.79
2016-08-25,3.3,3.23,3.3,3.19,243787.33
2016-08-26,3.23,3.22,3.26,3.22,119664.33
2016-08-29,3.22,3.23,3.25,3.21,101473.26
2016-08-30,3.24,3.23,3.26,3.22,86059.19
2016-08-31,3.23,3.26,3.28,3.22,135140.25
2016-09-01,3.26,3.24,3.28,3.22,132429.96
2016-09-02,3.24,3.2,3.24,3.19,150957.69
2016-09-05,3.19,3.25,3.29,3.19,155300.5
2016-09-06,3.24,3.25,3.26,3.23,135414.91
2016-09-07,3.24,3.24,3.28,3.24,119650.86
2016-09-08,3.26,3.23,3.26,3.21,95174.92
2016-09-09,3.23,3.21,3.24,3.21,68611.79
2016-09-12,3.19,3.11,3.19,3.11,145038.72
2016-09-13,3.12,3.16,3.18,3.11,79671.42
2016-09-14,3.14,3.24,3.26,3.12,217913.55
2016-09-19,3.22,3.24,3.27,3.22,64046.6
2016-09-20,3.24,3.2,3.25,3.2,65155.08
2016-09-21,3.19,3.24,3.25,3.19,95510.84
2016-09-22,3.24,3.26,3.28,3.24,127567.0
2016-09-23,3.24,3.19,3.24,3.18,136411.27
2016-09-26,3.19,3.14,3.21,3.14,75494.0
2016-09-27,3.14,3.23,3.26,3.13,145953.23
2016-09-28,3.22,3.21,3.23,3.18,71663.0
2016-09-29,3.2,3.19,3.22,3.19,66947.14
2016-09-30,3.19,3.2,3.21,3.17,71801.0
2016-10-10,3.19,3.22,3.22,3.15,113642.53
2016-10-11,3.21,3.22,3.23,3.19,86640.0
2016-10-12,3.22,3.24,3.27,3.21,129386.39
2016-10-13,3.24,3.38,3.41,3.23,252180.79
2016-10-14,3.35,3.35,3.47,3.34,202031.68
2016-10-17,3.37,3.28,3.39,3.24,126320.85
2016-10-18,3.28,3.32,3.36,3.26,120447.59
2016-10-19,3.34,3.34,3.35,3.3,85491.76
2016-10-20,3.34,3.31,3.34,3.28,90491.77
2016-10-21,3.31,3.29,3.32,3.24,73046.95
2016-10-24,3.29,3.29,3.31,3.25,63336.2
2016-10-25,3.3,3.29,3.31,3.28,58897.9
2016-10-26,3.29,3.26,3.3,3.26,68328.72
2016-10-27,3.28,3.31,3.31,3.25,87604.44
2016-10-28,3.31,3.29,3.32,3.26,87951.2
2016-10-31,3.28,3.26,3.29,3.25,60879.21
2016-11-01,3.26,3.29,3.29,3.26,49687.77
2016-11-02,3.29,3.26,3.29,3.24,68153.64
2016-11-03,3.25,3.26,3.27,3.24,71505.63
2016-11-04,3.26,3.2,3.26,3.19,145544.16
2016-11-07,3.2,3.23,3.26,3.19,93028.5
2016-11-08,3.23,3.22,3.24,3.19,95109.93
2016-11-09,3.21,3.19,3.22,3.17,78978.7
2016-11-10,3.21,3.22,3.24,3.2,102982.33
2016-11-11,3.23,3.22,3.23,3.19,94032.81
2016-11-14,3.21,3.22,3.22,3.19,107191.92
2016-11-15,3.22,3.24,3.24,3.2,111545.54
2016-11-16,3.24,3.22,3.24,3.21,102048.84
2016-11-17,3.22,3.29,3.33,3.2,236492.4
2016-11-18,3.28,3.22,3.29,3.22,133922.33
2016-11-21,3.23,3.24,3.26,3.21,122191.85
2016-11-22,3.24,3.25,3.25,3.22,90166.26
2016-11-23,3.25,3.29,3.33,3.24,210878.1
2016-11-24,3.28,3.26,3.28,3.24,105622.98
2016-11-25,3.26,3.3,3.32,3.24,125089.23
2016-11-28,3.3,3.41,3.45,3.29,354082.89
2016-11-29,3.39,3.57,3.63,3.34,474497.38
2016-11-30,3.54,3.69,3.9,3.53,484611.69
2016-12-01,3.69,3.71,3.75,3.61,278133.93
2016-12-02,3.69,3.7,3.98,3.64,434612.62
2016-12-05,3.65,3.68,3.73,3.56,285159.5
2016-12-06,3.64,3.64,3.75,3.61,166094.9
2016-12-07,3.63,3.66,3.67,3.57,161378.25
2016-12-08,3.64,3.6,3.73,3.6,190595.45
2016-12-09,3.58,3.61,3.62,3.55,132114.44
2016-12-12,3.61,3.44,3.62,3.39,225202.84
2016-12-13,3.44,3.6,3.66,3.36,178097.71
2016-12-14,3.62,3.6,3.72,3.58,151112.28
2016-12-15,3.57,3.86,3.86,3.57,328830.77
2016-12-16,3.87,3.88,3.96,3.75,328368.43
2016-12-19,3.85,3.85,3.89,3.79,164003.87
2016-12-20,3.84,4.01,4.11,3.81,245239.2
2016-12-21,3.98,3.97,4.13,3.95,219231.44
2016-12-22,3.96,3.87,4.01,3.86,158254.33
2016-12-23,3.88,3.91,3.98,3.85,109986.0
2016-12-26,3.89,3.83,3.91,3.82,102712.08
2016-12-27,3.84,3.84,3.85,3.76,113036.88
2016-12-28,3.82,3.78,3.83,3.77,70515.5
2016-12-29,3.76,3.74,3.82,3.74,93472.92
2016-12-30,3.74,3.75,3.79,3.67,78372.76
2017-01-03,3.75,3.86,3.87,3.75,84839.05
2017-01-04,3.86,3.87,3.93,3.8,102131.94
2017-01-05,3.88,3.85,3.89,3.81,73229.0
2017-01-06,3.88,3.76,3.88,3.75,63747.55
2017-01-09,3.74,3.78,3.81,3.74,69992.45
2017-01-10,3.79,3.81,3.81,3.76,68509.04
2017-01-11,3.8,3.74,3.8,3.74,68352.57
2017-01-12,3.75,3.62,3.79,3.61,94100.9
2017-01-13,3.62,3.64,3.71,3.61,87080.02
2017-01-16,3.64,3.51,3.67,3.35,123123.0
2017-01-17,3.44,3.54,3.54,3.44,50755.32
2017-01-18,3.54,3.66,3.75,3.54,73010.55
2017-01-19,3.62,3.71,3.71,3.61,66884.2
2017-01-20,3.71,3.71,3.74,3.66,42860.0
2017-01-23,3.71,3.7,3.74,3.68,36692.0
2017-01-24,3.69,3.69,3.74,3.68,40898.06
2017-01-25,3.72,3.66,3.72,3.66,30519.0
2017-01-26,3.66,3.68,3.69,3.65,24592.85
2017-02-03,3.69,3.7,3.7,3.67,27200.06
2017-02-06,3.67,3.7,3.72,3.67,36560.03
2017-02-07,3.69,3.71,3.71,3.66,38101.44
2017-02-08,3.71,3.69,3.71,3.66,32917.87
2017-02-09,3.69,3.76,3.77,3.65,125613.62
2017-02-10,3.75,3.81,3.89,3.73,157158.17
2017-02-13,3.76,3.81,3.92,3.75,126721.94
2017-02-14,3.77,3.84,3.86,3.76,60412.3
2017-02-15,3.84,3.82,3.89,3.81,108258.41
2017-02-16,3.79,3.84,3.85,3.79,72221.99
2017-02-17,3.84,3.88,3.91,3.82,135326.03
2017-02-20,3.85,3.89,3.9,3.84,77210.02
2017-02-21,3.9,4.18,4.28,3.88,619137.89
2017-02-22,4.11,4.11,4.17,4.06,241505.91
2017-02-23,4.1,4.21,4.32,4.07,232780.36
2017-02-24,4.22,4.28,4.32,4.18,173219.36
2017-02-27,4.3,4.15,4.3,4.08,171700.96
2017-02-28,4.15,4.08,4.21,3.98,188252.0
2017-03-01,4.1,4.14,4.17,4.06,114421.0
2017-03-02,4.11,4.0,4.11,4.0,103005.39
2017-03-03,4.0,4.03,4.03,3.92,105577.9
2017-03-06,4.04,4.03,4.06,3.99,78495.83
2017-03-07,4.04,3.99,4.04,3.92,59920.03
2017-03-08,4.01,4.01,4.1,3.97,75435.22
2017-03-09,4.0,3.96,4.04,3.95,86571.0
2017-03-10,3.97,3.9,3.98,3.89,95424.57
2017-03-13,3.89,3.91,3.92,3.86,51714.5
2017-03-14,3.92,3.99,4.03,3.9,76330.63
2017-03-15,3.99,4.01,4.06,3.94,63459.0
2017-03-16,3.99,4.01,4.03,3.94,75361.97
2017-03-17,3.99,3.98,4.03,3.98,69873.5
2017-03-20,3.97,3.89,3.97,3.85,118800.03
2017-03-21,3.9,3.86,3.92,3.84,66416.0
2017-03-22,3.85,3.71,3.85,3.7,141740.35
2017-03-23,3.7,3.74,3.79,3.7,88840.88
2017-03-24,3.73,3.82,3.86,3.71,63893.47
2017-03-27,3.82,3.81,3.88,3.81,57909.88
2017-03-28,3.82,3.74,3.83,3.7,105622.45
2017-03-29,3.76,3.64,3.78,3.61,121010.49
2017-03-30,3.67,3.66,3.69,3.59,87320.77
2017-03-31,3.69,3.67,3.7,3.63,56470.99
2017-04-05,3.67,3.71,3.75,3.67,73997.9
2017-04-06,3.69,3.81,3.83,3.69,109589.78
2017-04-07,3.79,3.86,3.86,3.79,105279.56
2017-04-10,3.85,3.69,3.85,3.69,104907.59
2017-04-11,3.7,3.72,3.74,3.65,95598.69
2017-04-12,3.71,3.96,4.09,3.67,298702.75
2017-04-13,3.93,3.93,3.99,3.87,134478.85
2017-04-14,3.92,3.85,3.95,3.82,91781.56
2017-04-17,3.96,3.79,4.07,3.7,202777.54
2017-04-18,3.81,3.71,3.81,3.69,103660.59
2017-04-19,3.71,3.56,3.71,3.48,141005.16
2017-04-20,3.56,3.57,3.63,3.54,61993.53
2017-04-21,3.57,3.58,3.64,3.56,57347.56
2017-04-24,3.55,3.35,3.59,3.31,102559.87
2017-04-25,3.37,3.32,3.42,3.32,96701.6
2017-04-26,3.37,3.36,3.4,3.28,65330.56
2017-04-27,3.43,3.46,3.49,3.35,171905.01
2017-04-28,3.43,3.46,3.48,3.39,83297.63
2017-05-02,3.41,3.57,3.64,3.41,138768.08
2017-05-03,3.56,3.71,3.76,3.54,155918.8
2017-05-04,3.69,3.63,3.75,3.61,103978.03
2017-05-05,3.63,3.67,3.69,3.61,70951.09
2017-05-08,3.67,3.56,3.69,3.53,81917.71
2017-05-09,3.56,3.54,3.6,3.49,66739.42
2017-05-10,3.54,3.41,3.56,3.4,118741.39
2017-05-11,3.39,3.35,3.41,3.19,145329.34
2017-05-12,3.34,3.35,3.41,3.32,56422.46
2017-05-15,3.36,3.39,3.42,3.36,58953.08
2017-05-16,3.41,3.41,3.41,3.33,83276.58
2017-05-17,3.41,3.43,3.45,3.37,76656.56
2017-05-18,3.38,3.41,3.44,3.38,61231.33
2017-05-19,3.41,3.34,3.41,3.34,64230.72
2017-05-22,3.35,3.27,3.35,3.25,71499.35
2017-05-23,3.24,3.22,3.28,3.2,62087.2
2017-05-24,3.21,3.19,3.21,3.1,100945.62
2017-05-25,3.17,3.22,3.24,3.13,84058.03
2017-05-26,3.22,3.19,3.22,3.17,58015.92
2017-05-31,3.24,3.17,3.26,3.16,75728.91
2017-06-01,3.16,3.09,3.19,3.08,72465.94
2017-06-02,3.07,3.14,3.15,2.86,88130.62
2017-06-05,3.14,3.16,3.18,3.12,52447.17
2017-06-06,3.15,3.23,3.25,3.14,56048.03
2017-06-07,3.24,3.29,3.31,3.23,62305.87
2017-06-08,3.29,3.26,3.31,3.26,43308.13
2017-06-09,3.28,3.29,3.3,3.21,55871.87
2017-06-12,3.26,3.24,3.31,3.24,75098.29
2017-06-13,3.24,3.26,3.28,3.21,60607.59
2017-06-14,3.27,3.27,3.3,3.24,39162.23
2017-06-15,3.24,3.29,3.3,3.24,47576.97
2017-06-16,3.29,3.29,3.31,3.26,44868.03
2017-06-19,3.29,3.33,3.36,3.26,62106.37
2017-06-20,3.33,3.34,3.39,3.3,52446.81
2017-06-21,3.36,3.36,3.39,3.34,43684.34
2017-06-22,3.36,3.3,3.39,3.29,53294.41
2017-06-23,3.27,3.33,3.34,3.25,58974.65
2017-06-26,3.29,3.35,3.36,3.28,75061.06
2017-06-27,3.33,3.31,3.34,3.27,54685.7
2017-06-28,3.28,3.32,3.33,3.27,41993.29
2017-06-29,3.31,3.27,3.33,3.26,58725.98
2017-06-30,3.31,3.31,3.37,3.27,54465.4
2017-07-03,3.31,3.34,3.36,3.29,67692.46
2017-07-04,3.34,3.34,3.36,3.32,53166.28
2017-07-05,3.34,3.35,3.36,3.31,51540.76
2017-07-06,3.35,3.3,3.35,3.27,59181.42
2017-07-07,3.3,3.28,3.3,3.26,47013.41
2017-07-10,3.28,3.29,3.31,3.26,44737.41
2017-07-11,3.29,3.21,3.29,3.19,61331.73
2017-07-12,3.19,3.13,3.21,3.08,72883.4
2017-07-13,3.13,3.24,3.25,3.12,61604.4
2017-07-14,3.31,3.26,3.41,3.24,155616.7
2017-07-17,3.26,3.08,3.26,3.02,126023.6
2017-07-18,3.02,3.11,3.12,3.02,61693.97
2017-07-19,3.1,3.13,3.14,3.07,72430.74
2017-07-20,3.12,3.3,3.4,3.12,185615.27
2017-07-21,3.26,3.27,3.34,3.24,107665.98
2017-07-24,3.26,3.32,3.36,3.26,137946.49
2017-07-25,3.34,3.26,3.34,3.22,101319.36
2017-07-26,3.26,3.26,3.3,3.22,65942.43
2017-07-27,3.24,3.32,3.34,3.22,117893.43
2017-07-28,3.3,3.29,3.32,3.26,72287.34
2017-07-31,3.29,3.34,3.36,3.27,124386.47
2017-08-01,3.36,3.31,3.37,3.28,86594.73
2017-08-02,3.31,3.26,3.33,3.26,85695.71
2017-08-03,3.26,3.34,3.34,3.24,120252.95
2017-08-04,3.34,3.29,3.36,3.28,78937.05
2017-08-07,3.28,3.29,3.31,3.26,60423.63
2017-08-08,3.29,3.25,3.3,3.24,71596.41
2017-08-09,3.26,3.23,3.26,3.22,52902.43
2017-08-10,3.24,3.17,3.24,3.14,65513.52
2017-08-11,3.15,3.19,3.26,3.14,95587.11
2017-08-14,3.19,3.24,3.24,3.17,70505.35
2017-08-15,3.22,3.22,3.25,3.19,72643.78
2017-08-16,3.22,3.2,3.24,3.16,76645.59
2017-08-17,3.2,3.19,3.21,3.17,64022.0
2017-08-18,3.18,3.19,3.2,3.17,52726.92
2017-08-21,3.19,3.19,3.21,3.18,60495.47
2017-08-22,3.19,3.18,3.19,3.17,53322.68
2017-08-23,3.19,3.14,3.19,3.14,49516.79
2017-08-24,3.15,3.17,3.18,3.15,57730.22
2017-08-25,3.17,3.17,3.19,3.15,74607.96
2017-08-28,3.17,3.19,3.2,3.17,72846.15
2017-08-29,3.19,3.21,3.22,3.18,84652.83
2017-08-30,3.21,3.16,3.22,3.14,131150.49
2017-08-31,3.16,3.14,3.16,3.12,102239.62
2017-09-01,3.14,3.12,3.14,3.09,139717.98
2017-09-04,3.12,3.11,3.13,3.09,95786.17
2017-09-05,3.11,3.14,3.14,3.09,104556.7
2017-09-06,3.12,3.1,3.13,3.09,99292.64
2017-09-07,3.11,3.14,3.17,3.1,153375.0
2017-09-08,3.12,3.14,3.15,3.11,89824.3
2017-09-11,3.13,3.13,3.14,3.11,75743.42
2017-09-12,3.13,3.13,3.14,3.12,104837.3
2017-09-13,3.13,3.16,3.17,3.11,101039.13
2017-09-14,3.15,3.15,3.18,3.12,112847.2
2017-09-15,3.17,3.19,3.24,3.16,189707.61
2017-09-18,3.19,3.16,3.2,3.14,109972.26
2017-09-19,3.17,3.24,3.29,3.16,288752.61
2017-09-20,3.22,3.22,3.23,3.17,187305.82
2017-09-21,3.21,3.15,3.22,3.14,128161.47
2017-09-22,3.14,3.12,3.14,3.1,81301.23
2017-09-25,3.11,3.03,3.11,3.02,117590.89
2017-09-26,3.06,3.04,3.06,3.03,49751.4
2017-09-27,3.04,3.05,3.06,3.02,58977.28
2017-09-28,3.06,3.0,3.06,2.99,61900.51
2017-09-29,3.01,3.02,3.04,3.0,40481.88
2017-10-09,3.03,3.04,3.07,3.03,62187.27
2017-10-10,3.05,3.06,3.06,3.04,42879.65
2017-10-11,3.05,3.06,3.08,3.04,65548.4
2017-10-12,3.06,3.04,3.06,3.02,57159.57
2017-10-13,3.04,3.13,3.28,3.03,191825.3
2017-10-16,3.09,3.05,3.12,3.03,123260.76
2017-10-17,3.04,3.03,3.06,3.02,64992.27
2017-10-18,3.04,3.02,3.05,3.01,60465.26
2017-10-19,3.02,2.97,3.02,2.97,71017.93
2017-10-20,2.94,2.99,3.0,2.94,46924.86
2017-10-23,2.98,2.98,2.99,2.97,40607.0
2017-10-24,2.98,2.99,3.02,2.97,56465.22
2017-10-25,3.01,3.02,3.02,2.99,46247.03
2017-10-26,3.01,2.99,3.02,2.97,64112.63
2017-10-27,2.99,2.97,3.0,2.97,48210.9
2017-10-30,2.97,2.91,2.98,2.89,89612.05
2017-10-31,2.96,3.02,3.05,2.96,179056.03
2017-11-01,3.01,2.94,3.01,2.94,128935.24
2017-11-02,2.95,2.95,3.0,2.92,110138.98
2017-11-03,3.02,2.98,3.2,2.97,167423.23
2017-11-06,2.89,2.94,2.95,2.87,116880.04
2017-11-07,2.93,3.03,3.03,2.93,147005.82
2017-11-08,3.05,3.04,3.15,2.99,280772.11
2017-11-09,3.08,3.0,3.08,2.97,211495.59
2017-11-10,2.97,2.96,2.98,2.94,85528.02
2017-11-13,2.96,2.95,2.97,2.94,80521.69
2017-11-14,2.95,2.92,2.95,2.9,89112.5
2017-11-15,2.91,2.94,2.94,2.9,53870.03
2017-11-16,2.93,2.9,2.94,2.89,62509.0
2017-11-17,2.9,2.82,2.92,2.77,105485.0
2017-11-20,2.82,2.8,2.82,2.76,59731.97
2017-11-21,2.81,2.83,2.89,2.78,68941.15
2017-11-22,2.84,2.79,2.84,2.77,53312.21
2017-11-23,2.77,2.76,2.79,2.76,54246.0
2017-11-24,2.74,2.78,2.84,2.74,41603.92
2017-11-27,2.79,2.79,2.81,2.77,46114.31
2017-11-28,2.78,2.79,2.8,2.77,59723.31
2017-11-29,2.8,2.82,2.82,2.77,66398.3
2017-11-30,2.81,2.77,2.82,2.77,57896.0
2017-12-01,2.78,2.77,2.79,2.76,81900.28
2017-12-04,2.77,2.75,2.78,2.74,49025.0
2017-12-05,2.74,2.63,2.74,2.6,100922.96
2017-12-06,2.62,2.62,2.62,2.57,58271.41
2017-12-07,2.62,2.62,2.64,2.6,41152.0
2017-12-08,2.61,2.64,2.68,2.59,68761.52
2017-12-11,2.64,2.64,2.66,2.63,46686.5
2017-12-12,2.64,2.6,2.65,2.6,43108.37
2017-12-13,2.59,2.61,2.62,2.59,28004.19
2017-12-14,2.62,2.58,2.62,2.57,56535.06
2017-12-15,2.57,2.55,2.58,2.54,51842.62
2017-12-18,2.56,2.52,2.56,2.5,49626.77
2017-12-19,2.51,2.52,2.53,2.5,35508.59
2017-12-20,2.52,2.45,2.52,2.44,64986.03
2017-12-21,2.43,2.41,2.45,2.37,71347.77
2017-12-22,2.41,2.42,2.43,2.4,35610.3
2017-12-25,2.42,2.45,2.52,2.42,83434.25
2017-12-26,2.45,2.42,2.45,2.38,66598.03
2017-12-27,2.4,2.4,2.42,2.37,67578.59
2017-12-28,2.39,2.39,2.4,2.36,62735.41
2017-12-29,2.38,2.41,2.42,2.37,55037.61
2018-01-02,2.41,2.45,2.47,2.41,82736.0
2018-01-03,2.45,2.47,2.49,2.44,77712.85
2018-01-04,2.47,2.47,2.49,2.45,69738.31
2018-01-05,2.47,2.72,2.72,2.46,204870.01
2018-01-08,2.85,2.99,2.99,2.79,507959.73
2018-01-09,3.2,3.29,3.29,3.16,376767.57
2018-01-10,3.54,3.61,3.61,3.39,1562588.52
2018-01-11,3.61,3.86,3.98,3.44,1748541.19
2018-01-12,3.7,4.24,4.24,3.68,2119435.87
2018-01-15,4.21,4.22,4.43,3.98,2058393.34
2018-01-16,4.06,4.25,4.41,3.96,1797318.82
2018-01-17,4.14,3.89,4.21,3.82,1606498.51
2018-01-18,3.93,4.0,4.04,3.84,1223587.84
2018-01-19,3.93,4.06,4.4,3.85,1846167.54
2018-01-22,3.86,3.77,3.91,3.68,1106806.01
2018-01-23,3.81,3.84,4.03,3.68,1364634.77
2018-01-24,3.79,3.71,3.83,3.68,1016260.61
2018-01-25,3.7,3.61,3.71,3.54,786097.4
2018-01-26,3.65,3.61,3.71,3.61,700164.93
2018-01-29,3.59,3.67,3.68,3.55,703971.26
2018-01-30,3.67,3.53,3.7,3.53,588484.25
2018-01-31,3.49,3.42,3.56,3.35,649690.54
2018-02-01,3.44,3.41,3.49,3.36,547258.17
2018-02-02,3.28,3.11,3.28,3.07,812700.31
2018-02-05,3.02,3.17,3.23,2.99,518272.45
2018-02-06,3.07,2.99,3.2,2.97,517522.08
2018-02-07,3.07,2.9,3.12,2.74,554776.84
2018-02-08,2.92,2.94,2.97,2.88,380707.5
2018-02-09,2.86,2.76,2.89,2.66,476059.0
2018-02-12,2.77,2.85,2.85,2.73,406719.26
2018-02-13,2.89,2.83,2.98,2.83,581168.47
2018-02-14,2.79,2.77,2.8,2.72,348301.01
2018-02-22,2.83,2.87,2.87,2.79,373547.6
2018-02-23,2.87,2.89,2.97,2.84,516104.63
2018-02-26,2.89,3.04,3.15,2.77,819848.51
2018-02-27,2.99,3.0,3.14,2.97,743713.72
2018-02-28,2.94,3.3,3.3,2.91,956330.61
2018-03-01,3.36,3.31,3.36,3.19,1086041.24
2018-03-02,3.24,3.24,3.46,3.18,885916.48
2018-03-05,3.19,3.17,3.29,3.09,604901.85
2018-03-06,3.17,3.39,3.48,3.1,1062549.78
2018-03-07,3.31,3.24,3.36,3.23,673142.71
2018-03-08,3.21,3.24,3.29,3.2,398183.34
2018-03-09,3.18,3.2,3.22,3.14,415276.03
2018-03-12,3.18,3.26,3.31,3.14,575890.57
2018-03-13,3.21,3.25,3.31,3.2,461261.21
2018-03-14,3.22,3.3,3.34,3.2,577812.0
2018-03-15,3.28,3.22,3.39,3.17,617441.78
2018-03-16,3.17,3.26,3.31,3.14,538862.91
2018-03-19,3.23,3.17,3.24,3.16,362608.4
2018-03-20,3.1,2.99,3.1,2.89,528537.79
2018-03-21,3.0,2.94,3.05,2.92,341532.05
2018-03-22,2.94,2.92,2.99,2.85,335824.2
2018-03-23,2.82,2.68,2.83,2.64,381054.67
2018-03-26,2.67,2.76,2.76,2.64,230428.05
2018-03-27,2.81,2.81,2.84,2.78,227796.22
2018-03-28,2.78,2.82,2.94,2.74,275444.24
2018-03-29,2.82,3.11,3.11,2.79,906005.42
2018-03-30,3.1,3.01,3.1,2.99,680447.28
2018-04-02,2.97,2.99,3.12,2.97,487537.36
2018-04-03,2.92,2.93,2.97,2.88,315813.97
2018-04-04,2.93,2.89,2.97,2.89,257247.0
2018-04-09,2.87,2.86,2.9,2.79,205090.7
2018-04-10,2.86,2.97,3.02,2.85,426806.74
2018-04-11,2.94,2.98,3.14,2.92,602239.33
2018-04-12,2.94,2.91,2.97,2.9,300415.91
2018-04-13,2.93,2.91,2.97,2.9,212325.03
2018-04-16,2.83,2.79,2.83,2.74,332139.87
2018-04-17,2.79,2.75,2.81,2.74,172837.0
2018-04-18,2.81,2.78,2.81,2.74,153328.2
2018-04-19,2.77,2.78,2.81,2.76,181311.84
2018-04-20,2.78,2.69,2.78,2.68,225985.84
2018-04-23,2.64,2.7,2.72,2.64,132676.05
2018-04-24,2.72,2.77,2.82,2.71,234448.79
2018-04-25,2.74,2.72,2.75,2.7,189818.49
2018-04-26,2.73,2.64,2.74,2.64,135653.0
2018-04-27,2.64,2.63,2.67,2.61,110283.53
2018-05-02,2.64,2.59,2.66,2.57,96917.0
2018-05-03,2.59,2.59,2.59,2.52,133831.32
2018-05-04,2.59,2.59,2.65,2.57,102739.0
2018-05-07,2.59,2.63,2.64,2.59,119768.66
2018-05-08,2.62,2.7,2.78,2.62,233955.4
2018-05-09,2.67,2.66,2.69,2.64,117786.49
2018-05-10,2.67,2.64,2.67,2.63,110434.1
2018-05-11,2.64,2.6,2.64,2.59,86776.1
2018-05-14,2.6,2.57,2.62,2.57,71491.0
2018-05-15,2.57,2.59,2.59,2.57,77844.93
2018-05-16,2.58,2.54,2.58,2.54,88096.33
2018-05-17,2.56,2.55,2.58,2.54,71091.32
2018-05-18,2.57,2.55,2.57,2.54,58870.07
2018-05-21,2.57,2.59,2.64,2.56,116548.65
2018-05-22,2.59,2.57,2.59,2.54,100619.06
2018-05-23,2.55,2.55,2.58,2.54,84017.23
2018-05-24,2.55,2.57,2.57,2.54,95073.32
2018-05-25,2.59,2.57,2.6,2.56,100342.0
2018-05-28,2.56,2.54,2.57,2.52,94747.57
2018-05-29,2.53,2.5,2.54,2.5,82529.3
2018-05-30,2.47,2.42,2.47,2.42,130292.0
2018-05-31,2.44,2.47,2.49,2.43,101454.33
2018-06-01,2.47,2.47,2.51,2.45,77620.42
2018-06-04,2.47,2.52,2.53,2.47,106649.49
2018-06-05,2.52,2.53,2.55,2.5,120730.62
2018-06-06,2.52,2.53,2.53,2.5,61237.0
2018-06-07,2.54,2.52,2.57,2.52,76942.0
2018-06-08,2.52,2.45,2.52,2.42,94986.0
2018-06-11,2.45,2.49,2.5,2.44,70736.9
2018-06-12,2.47,2.47,2.5,2.44,57811.0
2018-06-13,2.46,2.42,2.47,2.42,66076.0
2018-06-14,2.42,2.41,2.46,2.41,64139.0
2018-06-15,2.42,2.57,2.65,2.42,557802.17
2018-06-19,2.49,2.31,2.53,2.31,399751.41
2018-06-20,2.3,2.26,2.34,2.14,265258.39
2018-06-21,2.24,2.24,2.33,2.21,176664.54
2018-06-22,2.25,2.26,2.27,2.16,108416.73
2018-06-25,2.3,2.22,2.35,2.22,114020.52
2018-06-26,2.12,2.19,2.2,2.12,117194.01
2018-06-27,2.19,2.17,2.21,2.17,69341.0
2018-06-28,2.17,2.15,2.2,2.14,67792.62
2018-06-29,2.15,2.2,2.2,2.15,78462.18
2018-07-02,2.17,2.15,2.2,2.15,76792.0
2018-07-03,2.16,2.18,2.19,2.15,55603.0
2018-07-04,2.18,2.17,2.19,2.16,54468.0
2018-07-05,2.17,2.13,2.2,2.13,63149.12
2018-07-06,2.14,2.07,2.15,1.94,147117.76
2018-07-09,2.04,2.07,2.09,2.04,96460.56
2018-07-10,2.08,2.11,2.2,2.05,120196.09
2018-07-11,2.06,2.04,2.11,2.02,83799.01
2018-07-12,2.04,2.07,2.09,2.02,77373.14
2018-07-13,2.14,2.19,2.28,2.14,399103.47
2018-07-16,2.12,2.1,2.14,2.06,213125.08
2018-07-17,2.08,2.1,2.12,2.07,94775.0
2018-07-18,2.09,2.08,2.12,2.08,65237.84
2018-07-19,2.09,2.06,2.1,2.04,65270.83
2018-07-20,2.06,2.1,2.18,2.04,109325.18
2018-07-23,2.08,2.12,2.15,2.07,131506.65
2018-07-24,2.12,2.17,2.19,2.12,181611.61
2018-07-25,2.15,2.21,2.21,2.14,174033.06
2018-07-26,2.21,2.22,2.33,2.2,250191.04
2018-07-27,2.17,2.17,2.21,2.14,131517.31
2018-07-30,2.17,2.16,2.2,2.15,76028.0
2018-07-31,2.15,2.17,2.19,2.15,54784.0
2018-08-01,2.15,2.11,2.17,2.11,98678.0
2018-08-02,2.1,2.04,2.1,1.99,123160.06
2018-08-03,2.04,2.04,2.07,2.02,38561.0
2018-08-06,2.05,2.0,2.05,1.97,51001.0
2018-08-07,2.01,2.05,2.07,1.99,57785.0
2018-08-08,2.07,2.04,2.08,2.03,56971.0
2018-08-09,2.02,2.06,2.08,2.02,65166.58
2018-08-10,2.06,2.11,2.23,2.06,206993.04
2018-08-13,2.01,2.06,2.07,1.99,120813.24
2018-08-14,2.06,2.06,2.07,2.04,56267.03
2018-08-15,2.07,2.03,2.07,2.03,43326.0
2018-08-16,2.02,2.03,2.06,1.99,47365.0
2018-08-17,2.04,2.01,2.05,2.01,44069.04
2018-08-20,2.0,2.02,2.03,1.99,39394.45
2018-08-21,2.02,2.05,2.05,2.02,46066.93
2018-08-22,2.04,2.03,2.05,2.02,29996.0
2018-08-23,2.03,2.03,2.04,2.02,30789.3
2018-08-24,2.04,2.02,2.04,2.02,30776.0
2018-08-27,2.03,2.05,2.06,2.03,53313.0
2018-08-28,2.04,2.04,2.05,2.03,53269.0
2018-08-29,2.04,2.04,2.06,2.03,36984.0
2018-08-30,2.04,2.0,2.06,2.0,48998.0
2018-08-31,2.01,2.0,2.03,1.99,39673.31
2018-09-03,2.0,2.01,2.04,1.99,41941.0
2018-09-04,2.01,2.01,2.02,1.98,50038.0
2018-09-05,2.01,1.99,2.02,1.99,37072.0
2018-09-06,1.99,1.97,2.01,1.97,46851.0
2018-09-07,1.97,1.97,1.99,1.96,34639.03
2018-09-10,1.97,1.93,1.98,1.93,45377.0
2018-09-11,1.94,1.9,1.94,1.89,56888.3
2018-09-12,1.91,1.89,1.92,1.89,33199.0
2018-09-13,1.9,1.91,1.92,1.89,31981.15
2018-09-14,1.91,1.91,1.92,1.9,29272.0
2018-09-17,1.92,1.85,1.92,1.85,48955.0
2018-09-18,1.85,1.87,1.87,1.84,34140.03
2018-09-19,1.87,1.92,1.99,1.87,153036.0
2018-09-20,1.89,1.89,1.93,1.89,91366.3
2018-09-21,1.9,1.94,1.94,1.88,96894.0
2018-09-25,1.89,1.89,1.9,1.88,62416.3
2018-09-26,1.89,1.89,1.91,1.89,63129.5
2018-09-27,1.89,1.85,1.89,1.85,68990.57
2018-09-28,1.85,1.85,1.87,1.84,45215.77
2018-10-08,1.84,1.8,1.84,1.8,51008.0
2018-10-09,1.82,1.81,1.83,1.79,27268.0
2018-10-10,1.81,1.79,1.82,1.79,38602.77
2018-10-11,1.76,1.61,1.76,1.61,118546.6
2018-10-12,1.57,1.56,1.61,1.46,117351.84
2018-10-15,1.54,1.51,1.57,1.5,67471.0
2018-10-16,1.51,1.48,1.54,1.46,59138.18
2018-10-17,1.48,1.49,1.5,1.47,56999.57
2018-10-18,1.49,1.43,1.49,1.43,64788.18
2018-10-19,1.4,1.45,1.46,1.37,84463.57
2018-10-22,1.46,1.52,1.55,1.46,116323.23
2018-10-23,1.52,1.51,1.53,1.49,71179.53
2018-10-24,1.5,1.53,1.57,1.49,102099.6
2018-10-25,1.49,1.68,1.68,1.48,381487.21
2018-10-26,1.84,1.84,1.84,1.82,314298.89
2018-10-29,2.01,2.03,2.03,1.91,1065336.5
2018-10-30,2.02,1.98,2.12,1.83,1031897.07
2018-10-31,1.9,1.92,1.97,1.88,710770.24
2018-11-01,1.91,1.87,2.01,1.87,629811.06
2018-11-02,1.89,1.89,1.92,1.84,503148.3
2018-11-05,1.87,1.89,1.89,1.83,386810.47
2018-11-06,1.87,1.83,1.87,1.8,313022.0
2018-11-07,1.84,1.82,1.86,1.78,304740.63
2018-11-08,1.82,1.84,1.89,1.78,423999.86
2018-11-09,1.79,1.75,1.81,1.74,295975.3
2018-11-12,1.74,1.81,1.81,1.74,253879.48
2018-11-13,1.79,1.87,1.92,1.76,523618.17
2018-11-14,1.87,1.88,1.96,1.84,442212.97
2018-11-15,1.85,1.86,1.88,1.82,280223.11
2018-11-16,1.87,1.89,1.92,1.83,353919.83
2018-11-19,1.91,1.98,2.01,1.89,632791.54
2018-11-20,1.92,1.83,1.93,1.83,395828.0
2018-11-21,1.78,1.84,1.86,1.76,192266.0
2018-11-22,1.82,1.8,1.84,1.79,161638.6
2018-11-23,1.79,1.7,1.8,1.68,202775.64
2018-11-26,1.69,1.71,1.76,1.69,103117.39
2018-11-27,1.72,1.71,1.73,1.69,82213.9
2018-11-28,1.72,1.74,1.74,1.69,93993.7
2018-11-29,1.74,1.68,1.74,1.68,119618.0
2018-11-30,1.65,1.68,1.69,1.64,66929.09
2018-12-03,1.71,1.72,1.74,1.69,126875.84
2018-12-04,1.73,1.74,1.74,1.71,107133.84
2018-12-05,1.71,1.74,1.81,1.69,134054.66
2018-12-06,1.74,1.71,1.74,1.69,82072.27
2018-12-07,1.72,1.72,1.74,1.71,54740.0
2018-12-10,1.72,1.69,1.72,1.68,59846.0
2018-12-11,1.71,1.73,1.73,1.7,54810.6
2018-12-12,1.74,1.76,1.82,1.74,135106.0
2018-12-13,1.79,1.79,1.82,1.74,234530.75
2018-12-14,1.79,1.72,1.79,1.71,159055.15
2018-12-17,1.71,1.71,1.74,1.69,85561.72
2018-12-18,1.7,1.73,1.73,1.67,96579.0
2018-12-19,1.79,1.9,1.9,1.78,674840.9
2018-12-20,1.86,1.82,1.89,1.78,604010.74
2018-12-21,1.78,1.81,1.82,1.73,377516.23
2018-12-24,1.77,1.75,1.79,1.74,207157.02
2018-12-25,1.72,1.68,1.73,1.61,244822.68
2018-12-26,1.66,1.66,1.69,1.66,108756.0
2018-12-27,1.7,1.63,1.71,1.62,106335.0
2018-12-28,1.64,1.66,1.67,1.64,68833.85
2019-01-02,1.67,1.66,1.69,1.65,79643.92
2019-01-03,1.65,1.66,1.7,1.64,84267.0
2019-01-04,1.66,1.72,1.72,1.64,167594.41
2019-01-07,1.79,1.75,1.82,1.74,237677.85
2019-01-08,1.73,1.71,1.74,1.69,150952.0
2019-01-09,1.71,1.71,1.75,1.7,133662.0
2019-01-10,1.71,1.69,1.71,1.69,95650.88
2019-01-11,1.69,1.72,1.73,1.69,91701.0
2019-01-14,1.71,1.73,1.74,1.71,85626.44
2019-01-15,1.71,1.73,1.74,1.7,113322.41
2019-01-16,1.73,1.74,1.75,1.72,120042.38
2019-01-17,1.74,1.73,1.74,1.7,123843.5
2019-01-18,1.71,1.75,1.75,1.71,119495.27
2019-01-21,1.76,1.74,1.77,1.74,102920.0
2019-01-22,1.73,1.76,1.91,1.72,316447.74
2019-01-23,1.73,1.73,1.74,1.7,170167.53
2019-01-24,1.73,1.71,1.73,1.7,93639.01
2019-01-25,1.71,1.71,1.73,1.71,88027.93
2019-01-28,1.71,1.68,1.72,1.68,81811.0
2019-01-29,1.67,1.64,1.69,1.59,115941.13
2019-01-30,1.65,1.67,1.71,1.62,121366.0
2019-01-31,1.65,1.61,1.66,1.61,110294.9
2019-02-01,1.64,1.65,1.65,1.61,62810.03
2019-02-11,1.64,1.69,1.7,1.64,87983.88
2019-02-12,1.69,1.71,1.72,1.68,89757.29
2019-02-13,1.71,1.74,1.74,1.7,168001.44
2019-02-14,1.74,1.74,1.78,1.72,135639.75
2019-02-15,1.73,1.71,1.74,1.71,110977.0
2019-02-18,1.73,1.76,1.77,1.72,169250.03
2019-02-19,1.76,1.76,1.8,1.74,196337.9
2019-02-20,1.76,1.84,1.89,1.74,389152.9
2019-02-21,1.8,1.79,1.82,1.76,262307.64
2019-02-22,1.76,1.8,1.81,1.76,177178.66
2019-02-25,1.81,1.91,1.94,1.81,456306.82
2019-02-26,1.93,1.94,2.02,1.89,483069.47
2019-02-27,1.94,2.14,2.14,1.92,524327.46
2019-02-28,2.3,2.2,2.35,2.19,1156041.73
2019-03-01,2.09,2.15,2.15,2.02,717681.67
2019-03-04,2.1,2.2,2.3,2.09,775944.6
2019-03-05,2.19,2.22,2.25,2.15,540179.41
2019-03-06,2.19,2.22,2.22,2.14,627863.17
2019-03-07,2.21,2.22,2.25,2.17,537279.02
2019-03-08,2.23,2.02,2.24,2.01,521251.51
2019-03-11,1.96,2.12,2.15,1.96,434799.54
2019-03-12,2.12,2.12,2.2,2.09,367248.23
2019-03-13,2.15,2.26,2.26,2.12,692161.9
2019-03-14,2.17,2.12,2.25,2.11,489081.01
2019-03-15,2.11,2.17,2.21,2.1,324259.94
2019-03-18,2.17,2.25,2.3,2.12,575551.04
2019-03-19,2.25,2.21,2.4,2.2,655140.54
2019-03-20,2.16,2.43,2.43,2.15,1051844.65
2019-03-21,2.48,2.5,2.58,2.35,1384220.64
2019-03-22,2.4,2.4,2.44,2.32,706115.59
2019-03-25,2.32,2.27,2.37,2.26,421593.82
2019-03-26,2.29,2.19,2.32,2.18,377442.66
2019-03-27,2.19,2.22,2.23,2.12,324188.03
2019-03-28,2.2,2.15,2.21,2.15,219632.51
2019-03-29,2.17,2.29,2.31,2.14,473372.68
2019-04-01,2.25,2.34,2.45,2.23,577476.14
2019-04-02,2.37,2.32,2.38,2.29,415552.67
2019-04-03,2.3,2.37,2.4,2.27,415102.51
2019-04-04,2.37,2.35,2.4,2.31,343387.0
2019-04-08,2.36,2.31,2.37,2.26,312599.3
2019-04-09,2.33,2.41,2.43,2.31,595982.71
2019-04-10,2.35,2.4,2.47,2.33,495908.28
2019-04-11,2.4,2.44,2.53,2.37,651705.88
2019-04-12,2.43,2.5,2.55,2.4,549511.94
2019-04-15,2.68,2.59,2.68,2.48,758141.06
2019-04-16,2.53,2.65,2.69,2.48,814726.83
2019-04-17,2.58,2.58,2.62,2.55,545189.8
2019-04-18,2.55,2.44,2.55,2.44,427590.21
2019-04-19,2.46,2.47,2.47,2.4,239251.74
2019-04-22,2.45,2.37,2.45,2.35,313944.74
2019-04-23,2.37,2.34,2.37,2.32,179892.0
2019-04-24,2.35,2.36,2.37,2.32,131329.04
2019-04-25,2.36,2.22,2.36,2.2,237786.21
2019-04-26,2.2,2.25,2.27,2.17,207148.3
2019-04-29,2.23,2.24,2.31,2.17,203286.45
2019-04-30,2.26,2.32,2.37,2.24,264416.97
2019-05-06,2.22,2.25,2.31,2.18,363903.17
2019-05-07,2.24,2.47,2.47,2.24,604901.56
2019-05-08,2.37,2.33,2.45,2.3,428133.73
2019-05-09,2.3,2.32,2.37,2.27,195620.8
2019-05-10,2.35,2.4,2.45,2.27,283980.43
2019-05-13,2.37,2.33,2.37,2.31,168139.0
2019-05-14,2.3,2.29,2.32,2.26,147566.03
2019-05-15,2.31,2.37,2.42,2.29,278190.15
2019-05-16,2.36,2.45,2.47,2.32,393526.71
2019-05-17,2.44,2.3,2.44,2.3,333145.7
2019-05-20,2.26,2.27,2.3,2.2,179128.0
2019-05-21,2.23,2.27,2.31,2.22,129547.82
2019-05-22,2.27,2.24,2.28,2.22,133685.41
2019-05-23,2.2,2.21,2.25,2.2,106871.0
2019-05-24,2.2,2.19,2.22,2.18,92645.0
2019-05-27,2.2,2.23,2.24,2.17,83491.0
2019-05-28,2.24,2.24,2.27,2.22,121883.85
2019-05-29,2.23,2.21,2.24,2.2,73500.0
2019-05-30,2.2,2.2,2.22,2.18,95210.0
2019-05-31,2.21,2.19,2.22,2.18,67291.0
2019-06-03,2.19,2.09,2.2,2.07,193942.54
2019-06-04,2.09,2.09,2.11,2.07,98215.28
2019-06-05,2.12,2.12,2.17,2.1,154205.53
2019-06-06,2.11,2.07,2.12,2.05,122464.56
2019-06-10,2.07,2.11,2.12,2.04,128812.44
2019-06-11,2.12,2.18,2.2,2.1,163065.15
2019-06-12,2.18,2.15,2.2,2.15,116576.0
2019-06-13,2.15,2.17,2.19,2.15,96208.15
2019-06-14,2.2,2.15,2.24,2.14,138092.0
2019-06-17,2.14,2.17,2.18,2.12,80925.44
2019-06-18,2.17,2.15,2.17,2.14,61450.0
2019-06-19,2.19,2.16,2.21,2.16,81618.94
2019-06-20,2.17,2.2,2.21,2.14,137518.29
2019-06-21,2.2,2.21,2.23,2.2,129623.6
2019-06-24,2.21,2.21,2.23,2.2,65940.0
2019-06-25,2.22,2.19,2.22,2.16,81114.5
2019-06-26,2.18,2.19,2.2,2.17,44966.22
2019-06-27,2.19,2.19,2.21,2.17,54440.74
2019-06-28,2.2,2.2,2.26,2.17,143487.97
2019-07-01,2.21,2.23,2.25,2.2,152627.94
2019-07-02,2.23,2.25,2.26,2.2,162568.07
2019-07-03,2.23,2.22,2.27,2.2,184401.0
2019-07-04,2.22,2.41,2.45,2.21,890826.49
2019-07-05,2.32,2.25,2.33,2.23,546712.38
2019-07-08,2.24,2.12,2.25,2.09,422851.26
2019-07-09,2.12,2.13,2.16,2.1,135734.98
2019-07-10,2.1,2.09,2.12,2.09,114442.17
2019-07-11,2.09,2.11,2.14,2.09,95711.17
2019-07-12,2.11,2.14,2.16,2.09,116384.82
2019-07-15,2.12,2.15,2.16,2.09,131550.88
2019-07-16,2.14,2.17,2.18,2.13,133746.67
2019-07-17,2.17,2.15,2.18,2.15,125865.35
2019-07-18,2.15,2.12,2.15,2.11,92261.0
2019-07-19,2.13,2.16,2.19,2.13,161466.13
2019-07-22,2.14,2.1,2.17,2.08,143890.63
2019-07-23,2.09,2.1,2.12,2.09,86403.0
2019-07-24,2.1,2.11,2.13,2.09,92740.43
2019-07-25,2.11,2.11,2.12,2.09,72947.21
2019-07-26,2.1,2.09,2.1,2.08,74407.33
2019-07-29,2.09,2.08,2.1,2.07,59121.0
2019-07-30,2.08,2.09,2.1,2.08,55671.03
2019-07-31,2.09,2.06,2.09,2.05,73063.0
2019-08-01,2.06,1.99,2.06,1.97,147910.0
2019-08-02,1.97,1.95,1.97,1.92,110185.1
2019-08-05,1.94,1.89,1.94,1.87,107817.67
2019-08-06,1.87,1.8,1.87,1.74,166760.84
2019-08-07,1.82,1.89,1.92,1.82,206362.4
2019-08-08,1.9,1.87,1.91,1.85,117874.12
2019-08-09,1.87,1.84,1.89,1.84,77652.96
2019-08-12,1.87,1.87,1.87,1.83,61502.21
2019-08-13,1.84,1.86,1.89,1.84,68357.0
2019-08-14,1.89,1.88,1.92,1.87,108481.0
2019-08-15,1.84,1.86,1.87,1.8,88509.6
2019-08-16,1.87,1.87,1.89,1.85,75396.35
2019-08-19,1.89,1.92,1.93,1.88,135802.02
2019-08-20,1.92,1.93,1.95,1.92,105417.56
2019-08-21,1.93,1.94,1.97,1.91,77634.31
2019-08-22,1.95,1.96,1.97,1.92,94457.76
2019-08-23,1.96,1.97,2.04,1.94,149617.04
2019-08-26,1.93,1.94,1.94,1.91,99777.07
2019-08-27,1.95,1.94,1.97,1.94,118334.0
2019-08-28,1.95,1.92,1.95,1.92,106365.0
2019-08-29,1.93,1.92,1.94,1.91,66795.23
2019-08-30,1.92,1.88,1.94,1.85,96469.69
2019-09-02,1.88,1.9,1.92,1.86,98268.31
2019-09-03,1.9,1.92,1.92,1.89,76739.23
2019-09-04,1.92,2.11,2.11,1.91,556764.08
2019-09-05,2.08,2.09,2.19,2.05,771206.66
2019-09-06,2.05,2.04,2.09,2.02,428818.54
2019-09-09,2.07,2.05,2.08,2.02,334587.48
2019-09-10,2.04,2.04,2.05,2.02,197072.26
2019-09-11,2.04,2.02,2.05,2.02,165613.59
2019-09-12,2.03,2.06,2.08,2.02,291060.3
2019-09-16,2.04,2.04,2.07,2.02,183745.0
2019-09-17,2.03,1.98,2.04,1.98,182942.97
2019-09-18,1.98,1.99,2.03,1.98,119640.26
2019-09-19,1.99,2.02,2.02,1.97,120575.26
2019-09-20,2.02,2.01,2.04,1.99,97421.0
2019-09-23,1.99,1.95,2.0,1.93,130496.27
2019-09-24,1.95,1.94,1.97,1.94,73047.86
2019-09-25,1.94,1.92,1.94,1.9,75016.03
2019-09-26,1.92,1.94,2.02,1.92,133619.85
2019-09-27,1.94,1.93,1.95,1.91,88923.56
2019-09-30,1.93,1.89,1.94,1.89,59293.89
2019-10-08,1.9,1.94,1.99,1.89,109789.65
2019-10-09,1.92,1.99,2.02,1.9,152128.49
2019-10-10,1.97,1.98,1.99,1.94,110599.0
2019-10-11,1.97,1.99,2.02,1.96,128931.77
2019-10-14,2.01,2.03,2.04,1.99,177668.23
2019-10-15,2.02,2.01,2.02,1.99,96647.17
2019-10-16,2.01,2.02,2.09,2.01,213778.93
2019-10-17,2.02,1.99,2.02,1.99,99260.83
2019-10-18,1.99,1.94,2.01,1.94,103720.83
2019-10-21,1.94,1.97,1.98,1.94,80420.13
2019-10-22,1.99,1.99,1.99,1.96,55891.0
2019-10-23,1.97,1.95,1.99,1.94,67173.0
2019-10-24,1.94,1.95,1.97,1.94,56286.14
2019-10-25,1.95,1.98,1.98,1.94,72878.0
2019-10-28,1.97,2.0,2.01,1.96,104944.28
2019-10-29,1.99,1.97,2.04,1.97,143171.43
2019-10-30,1.98,1.95,1.99,1.92,93261.0
2019-10-31,1.94,1.89,1.95,1.89,99480.0
2019-11-01,1.9,1.92,1.92,1.88,60889.28
2019-11-04,1.92,1.91,1.93,1.9,56762.0
2019-11-05,1.92,1.93,1.94,1.9,70392.32
2019-11-06,1.93,1.9,1.93,1.89,47961.8
2019-11-07,1.9,1.91,1.92,1.89,51177.32
2019-11-08,1.92,1.89,1.92,1.89,42859.5
2019-11-11,1.89,1.84,1.89,1.82,68202.82
2019-11-12,1.84,1.84,1.85,1.82,47047.0
2019-11-13,1.84,1.82,1.84,1.82,31474.28
2019-11-14,1.83,1.83,1.84,1.82,27582.0
2019-11-15,1.83,1.8,1.84,1.8,35555.0
2019-11-18,1.8,1.82,1.82,1.79,25005.0
2019-11-19,1.82,1.86,1.87,1.81,57998.0
2019-11-20,1.86,1.83,1.87,1.82,77739.03
2019-11-21,1.84,1.83,1.84,1.8,53965.1
2019-11-22,1.83,1.85,1.86,1.81,95359.64
2019-11-25,1.84,1.9,1.99,1.84,229788.09
2019-11-26,1.89,1.85,1.9,1.84,120312.0
2019-11-27,1.85,1.83,1.86,1.83,68280.0
2019-11-28,1.83,1.82,1.84,1.8,58649.0
2019-11-29,1.82,1.82,1.82,1.8,33614.73
2019-12-02,1.82,1.84,1.86,1.81,88290.1
2019-12-03,1.83,1.85,1.87,1.82,62518.0
2019-12-04,1.84,1.83,1.85,1.82,63555.07
2019-12-05,1.83,1.83,1.84,1.82,51999.2
2019-12-06,1.83,1.84,1.84,1.82,41668.1
2019-12-09,1.85,1.87,1.89,1.84,122738.78
2019-12-10,1.86,1.85,1.87,1.84,73772.1
2019-12-11,1.85,1.87,1.89,1.85,130245.17
2019-12-12,1.85,1.84,1.87,1.83,89526.0
2019-12-13,1.84,1.86,1.86,1.83,86196.93
2019-12-16,1.87,1.88,1.89,1.84,100508.06
2019-12-17,1.87,1.9,1.94,1.87,249435.09
2019-12-18,1.91,1.9,1.92,1.89,166485.76
2019-12-19,1.89,1.92,1.94,1.89,114866.13
2019-12-20,1.92,1.92,1.97,1.91,173531.4
2019-12-23,1.92,1.88,1.93,1.88,129192.0
2019-12-24,1.88,1.89,1.9,1.87,82003.34
2019-12-25,1.89,1.89,1.9,1.88,63026.8
2019-12-26,1.9,1.93,1.98,1.89,250755.5
2019-12-27,1.91,1.93,1.97,1.9,246874.02
2019-12-30,1.92,1.94,1.96,1.91,182654.32
2019-12-31,1.94,1.98,2.0,1.94,224869.56
2020-01-02,2.03,1.99,2.07,1.97,300246.49
2020-01-03,1.98,1.99,1.99,1.97,159262.9
2020-01-06,1.97,1.98,1.99,1.96,136361.02
2020-01-07,1.98,1.99,1.99,1.97,138903.0
2020-01-08,1.98,1.95,1.98,1.94,118876.0
2020-01-09,1.97,1.97,1.98,1.95,104027.93
2020-01-10,1.97,1.96,1.97,1.95,56521.0
2020-01-13,1.95,1.97,1.97,1.94,66654.18
2020-01-14,1.97,1.97,1.99,1.97,90053.63
2020-01-15,1.97,1.95,1.97,1.94,56908.0
2020-01-16,1.95,1.93,1.96,1.93,66168.0
2020-01-17,1.94,1.94,1.94,1.92,73801.89
2020-01-20,1.94,1.97,1.97,1.92,102052.37
2020-01-21,1.99,1.94,1.99,1.93,79686.0
2020-01-22,1.94,2.03,2.12,1.91,357110.73
2020-01-23,2.01,2.0,2.05,1.96,207172.13
2020-02-03,1.8,1.8,1.82,1.8,58864.0
2020-02-04,1.69,1.82,1.83,1.69,186289.5
2020-02-05,1.81,1.87,1.89,1.81,153986.86
2020-02-06,1.87,1.88,1.89,1.85,114160.96
2020-02-07,1.87,1.87,1.87,1.84,97818.65
2020-02-10,1.86,1.9,1.9,1.84,117040.03
2020-02-11,1.89,1.9,1.94,1.89,96706.32
2020-02-12,1.89,1.9,1.9,1.88,89878.0
2020-02-13,1.9,1.91,1.97,1.89,165750.65
2020-02-14,1.91,2.01,2.05,1.89,432437.62
2020-02-17,1.99,2.02,2.02,1.96,337458.28
2020-02-18,2.01,1.98,2.01,1.97,208296.8
2020-02-19,1.98,1.99,2.03,1.97,219889.03
2020-02-20,1.99,2.02,2.02,1.96,212235.46
2020-02-21,1.99,2.0,2.02,1.98,194393.72
2020-02-24,1.99,1.97,1.99,1.95,165307.67
2020-02-25,1.94,1.97,2.01,1.92,236695.07
2020-02-26,1.97,2.04,2.15,1.93,595215.28
2020-02-27,2.04,2.02,2.05,2.0,255337.89
2020-02-28,1.98,1.99,2.05,1.96,318366.86
2020-03-02,1.99,2.09,2.11,1.97,463788.82
2020-03-03,2.11,2.1,2.12,2.06,392543.4
2020-03-04,2.09,2.27,2.31,2.07,979492.78
2020-03-05,2.22,2.29,2.32,2.19,739918.65
2020-03-06,2.23,2.17,2.25,2.16,426939.87
2020-03-09,2.12,2.06,2.14,2.05,378524.55
2020-03-10,2.02,2.09,2.1,2.02,249297.31
2020-03-11,2.09,2.07,2.12,2.07,196452.47
2020-03-12,2.03,2.09,2.15,2.03,292940.03
2020-03-13,1.99,2.11,2.15,1.96,286214.03
2020-03-16,2.11,2.02,2.12,2.02,274647.06
2020-03-17,2.02,1.99,2.05,1.96,157199.94
2020-03-18,2.01,1.9,2.02,1.9,227574.44
2020-03-19,1.89,1.87,1.92,1.82,203874.17
2020-03-20,1.88,1.91,1.92,1.87,119099.56
2020-03-23,1.84,1.83,1.87,1.83,102560.63
2020-03-24,1.87,1.86,1.88,1.83,95734.3
2020-03-25,1.9,1.99,2.04,1.87,418134.74
2020-03-26,1.94,1.94,1.97,1.93,193595.28
2020-03-27,1.96,1.97,2.02,1.94,234290.4
2020-03-30,1.95,1.96,1.97,1.93,131779.22
2020-03-31,1.97,1.93,1.98,1.91,125351.34
2020-04-01,1.92,1.91,1.95,1.91,111359.0
2020-04-02,1.89,1.92,1.93,1.87,120372.42
2020-04-03,1.92,1.91,1.94,1.89,88527.54
2020-04-07,1.94,1.94,1.95,1.92,137241.77
2020-04-08,1.94,1.94,1.95,1.92,107083.42
2020-04-09,1.95,1.94,1.95,1.93,119177.0
2020-04-10,1.94,1.94,1.99,1.94,168039.9
2020-04-13,1.94,1.92,1.94,1.91,86707.06
2020-04-14,1.92,1.94,1.97,1.91,102918.0
2020-04-15,1.94,1.92,1.94,1.91,99784.01
2020-04-16,1.92,1.88,1.92,1.87,115671.65
2020-04-17,1.89,1.89,1.93,1.88,96160.88
2020-04-20,1.89,1.88,1.89,1.87,78871.12
2020-04-21,1.87,1.84,1.88,1.84,79494.26
2020-04-22,1.85,1.89,1.91,1.84,101454.75
2020-04-23,1.89,1.87,1.89,1.86,67176.69
2020-04-24,1.88,1.85,1.88,1.84,61990.03
2020-04-27,1.84,1.85,1.87,1.84,47148.0
2020-04-28,1.87,1.84,1.87,1.79,92062.06
2020-04-29,1.83,1.84,1.85,1.82,81186.0
2020-04-30,1.84,1.85,1.87,1.83,110494.06
2020-05-06,1.84,1.85,1.85,1.83,76643.25
2020-05-07,1.84,1.84,1.85,1.83,72571.46
2020-05-08,1.84,1.86,1.87,1.83,80466.5
2020-05-11,1.86,1.87,1.88,1.86,82420.26
2020-05-12,1.87,1.85,1.88,1.84,53541.03
2020-05-13,1.85,1.86,1.86,1.84,40478.03
2020-05-14,1.85,1.83,1.85,1.82,46323.03
2020-05-15,1.84,1.83,1.85,1.83,32585.0
2020-05-18,1.83,1.84,1.85,1.83,41603.0
2020-05-19,1.84,1.84,1.85,1.83,43197.0
2020-05-20,1.84,1.81,1.84,1.8,89196.39
2020-05-21,1.81,1.8,1.82,1.79,50025.0
2020-05-22,1.8,1.75,1.81,1.75,69527.67
2020-05-25,1.76,1.76,1.78,1.74,63709.8
2020-05-26,1.75,1.77,1.78,1.75,33805.36
2020-05-27,1.78,1.76,1.78,1.75,54218.33
2020-05-28,1.76,1.77,1.78,1.75,49758.0
2020-05-29,1.76,1.76,1.77,1.75,44791.0
2020-06-01,1.77,1.8,1.83,1.77,97316.33
2020-06-02,1.81,1.84,1.85,1.8,95522.05
2020-06-03,1.86,1.83,1.87,1.82,97286.67
2020-06-04,1.84,1.84,1.84,1.82,71309.97
2020-06-05,1.84,1.83,1.84,1.82,63490.0
2020-06-08,1.84,1.81,1.84,1.81,52668.0
2020-06-09,1.82,1.83,1.83,1.81,26404.54
2020-06-10,1.83,1.82,1.83,1.81,30610.41
2020-06-11,1.82,1.81,1.83,1.81,52707.0
2020-06-12,1.8,1.8,1.81,1.78,53402.8
2020-06-15,1.8,1.81,1.84,1.79,58638.74
2020-06-16,1.83,1.84,1.84,1.81,53128.66
2020-06-17,1.83,1.83,1.84,1.81,55545.0
2020-06-18,1.83,1.84,1.85,1.82,98521.06
2020-06-19,1.84,1.86,1.87,1.84,86926.47
2020-06-22,1.86,1.84,1.86,1.83,75695.49
2020-06-23,1.84,1.83,1.85,1.82,50055.15
2020-06-24,1.83,1.85,1.88,1.83,113349.88
2020-06-29,1.84,1.81,1.85,1.81,86549.67
2020-06-30,1.81,1.83,1.84,1.81,66087.42
2020-07-01,1.83,1.9,1.98,1.82,319461.7
2020-07-02,1.9,1.94,1.96,1.89,274531.79
2020-07-03,1.94,1.95,1.98,1.93,204886.85
2020-07-06,1.96,2.08,2.08,1.96,379645.61
2020-07-07,2.09,2.05,2.14,2.04,343122.54
2020-07-08,2.05,2.07,2.08,2.02,242471.05
2020-07-09,2.07,2.11,2.11,2.04,268793.47
2020-07-10,2.11,2.07,2.15,2.05,224883.5
2020-07-13,2.05,2.11,2.11,2.05,202942.37
2020-07-14,2.1,2.09,2.13,2.03,249152.62
2020-07-15,2.08,2.02,2.11,2.01,186334.73
2020-07-16,2.03,1.96,2.05,1.94,168140.3
2020-07-17,1.96,1.93,1.97,1.91,142560.73
2020-07-20,1.93,2.01,2.01,1.93,138935.12
2020-07-21,2.01,2.03,2.05,1.99,140440.04
2020-07-22,2.03,2.02,2.06,2.0,132162.37
2020-07-23,2.0,1.99,2.02,1.95,106980.3
2020-07-24,1.98,1.94,2.02,1.93,167054.79
2020-07-27,1.96,1.9,1.96,1.87,104515.3
2020-07-28,1.9,1.91,1.93,1.89,66308.38
2020-07-29,1.9,1.94,1.95,1.89,84637.47
2020-07-30,1.94,1.93,1.96,1.93,77074.47
2020-07-31,1.93,1.94,1.96,1.91,81541.34
2020-08-03,1.95,1.99,2.0,1.94,180650.62
2020-08-04,1.99,2.02,2.05,1.96,188335.52
2020-08-05,1.99,1.99,2.02,1.97,116197.58
2020-08-06,1.99,1.98,2.01,1.95,87518.17
2020-08-07,1.97,1.94,1.97,1.93,79195.22
2020-08-10,1.94,1.98,1.99,1.93,139112.7
2020-08-11,1.98,1.95,1.99,1.94,114960.57
2020-08-12,1.93,1.96,1.96,1.92,95178.0
2020-08-13,1.94,1.97,1.99,1.94,126775.3
2020-08-14,1.97,2.0,2.01,1.95,179250.9
2020-08-17,2.0,2.03,2.05,1.99,214003.55
2020-08-18,2.02,2.02,2.05,2.0,119868.08
2020-08-19,2.01,2.01,2.04,2.0,113534.68
2020-08-20,1.99,2.0,2.02,1.98,76264.96
2020-08-21,2.01,2.01,2.03,1.99,79056.89
2020-08-24,2.02,2.01,2.02,1.99,73536.21
2020-08-25,2.02,1.99,2.02,1.98,83740.2
2020-08-26,1.99,2.02,2.04,1.98,149621.58
2020-08-27,2.08,2.22,2.22,2.06,305472.08
2020-08-28,2.37,2.44,2.44,2.33,337176.28
2020-08-31,2.69,2.69,2.69,2.69,284119.11
2020-09-01,2.76,2.56,2.76,2.51,1553484.89
2020-09-02,2.57,2.45,2.66,2.45,1030257.98
2020-09-03,2.4,2.3,2.46,2.3,837357.9
2020-09-04,2.24,2.25,2.29,2.19,462637.81
2020-09-07,2.24,2.18,2.27,2.16,394466.73
2020-09-08,2.17,2.23,2.25,2.16,354037.09
2020-09-09,2.21,2.25,2.33,2.19,493426.42
2020-09-10,2.27,2.32,2.45,2.27,567988.29
2020-09-11,2.25,2.28,2.36,2.14,460168.77
2020-09-14,2.31,2.22,2.32,2.19,395343.51
2020-09-15,2.22,2.23,2.26,2.16,237858.09
2020-09-16,2.22,2.24,2.28,2.2,204396.74
2020-09-17,2.22,2.19,2.25,2.19,196334.62
2020-09-18,2.18,2.29,2.31,2.17,406925.16
2020-09-21,2.3,2.29,2.34,2.28,236218.0
2020-09-22,2.27,2.26,2.31,2.25,192148.76
2020-09-23,2.27,2.25,2.29,2.22,162961.05
2020-09-24,2.22,2.18,2.24,2.18,197016.81
2020-09-25,2.19,2.13,2.19,2.11,172288.65
2020-09-28,2.14,2.13,2.16,2.11,126797.87
2020-09-29,2.13,2.11,2.15,2.1,127037.26
2020-09-30,2.11,2.1,2.12,2.08,119578.0
2020-10-09,2.12,2.13,2.14,2.11,152413.0
2020-10-12,2.14,2.25,2.25,2.13,286453.89
2020-10-13,2.25,2.21,2.25,2.19,133143.41
2020-10-14,2.2,2.19,2.24,2.18,120687.44
2020-10-15,2.18,2.15,2.19,2.15,105417.0
2020-10-16,2.16,2.16,2.18,2.14,90056.28
2020-10-19,2.16,2.17,2.21,2.15,142555.34
2020-10-20,2.16,2.16,2.17,2.13,96017.16
2020-10-21,2.16,2.14,2.16,2.13,108465.18
2020-10-22,2.13,2.1,2.13,2.09,113293.0
2020-10-23,2.11,2.08,2.12,2.08,102010.03
2020-10-26,2.08,2.1,2.1,2.06,115434.0
2020-10-27,2.08,2.06,2.08,2.05,108590.91
2020-10-28,2.07,2.12,2.13,2.04,157231.05
2020-10-29,2.05,2.02,2.05,1.99,254163.67
2020-10-30,1.99,1.94,2.02,1.94,172269.17
2020-11-02,1.94,1.92,1.96,1.91,125598.02
2020-11-03,1.93,1.99,2.01,1.92,173974.71
2020-11-04,2.0,1.98,2.02,1.96,84005.02
2020-11-05,1.99,2.0,2.02,1.98,106992.44
2020-11-06,2.02,1.99,2.02,1.99,67746.35
2020-11-09,2.0,2.02,2.04,2.0,117829.0
2020-11-10,2.03,1.99,2.04,1.99,99331.02
2020-11-11,1.99,2.02,2.05,1.98,135902.0
2020-11-12,2.02,2.02,2.02,1.99,100677.44
2020-11-13,2.01,1.99,2.01,1.97,103911.31
2020-11-16,1.99,2.02,2.02,1.98,128957.38
2020-11-17,2.02,2.22,2.22,2.02,471637.94
2020-11-18,2.21,2.24,2.3,2.13,757269.64
2020-11-19,2.19,2.19,2.25,2.14,368456.99
2020-11-20,2.16,2.24,2.26,2.11,475844.16
2020-11-23,2.21,2.31,2.4,2.19,582807.61
2020-11-24,2.28,2.25,2.37,2.24,377145.53
2020-11-25,2.27,2.21,2.29,2.2,273326.89
2020-11-26,2.21,2.16,2.22,2.13,232322.0
2020-11-27,2.17,2.2,2.22,2.15,214426.8
2020-11-30,2.2,2.43,2.43,2.18,538030.12
2020-12-01,2.37,2.39,2.41,2.31,799795.42
2020-12-02,2.37,2.4,2.59,2.34,827064.46
2020-12-03,2.44,2.44,2.5,2.37,554152.6
2020-12-04,2.4,2.35,2.41,2.32,361790.99
2020-12-07,2.39,2.33,2.41,2.32,223227.03
2020-12-08,2.33,2.27,2.34,2.27,238082.03
2020-12-09,2.28,2.27,2.35,2.25,261591.83
2020-12-10,2.27,2.29,2.32,2.27,180980.64
2020-12-11,2.31,2.18,2.31,2.17,297279.08
2020-12-14,2.2,2.23,2.29,2.19,255275.06
2020-12-15,2.2,2.17,2.22,2.16,201849.79
2020-12-16,2.17,2.15,2.21,2.13,129905.65
2020-12-17,2.15,2.19,2.22,2.11,211423.48
2020-12-18,2.19,2.16,2.21,2.16,145289.03
2020-12-21,2.16,2.16,2.18,2.13,134360.0
2020-12-22,2.15,2.11,2.16,2.11,156277.54
2020-12-23,2.11,2.08,2.11,2.06,193493.22
2020-12-24,2.08,2.05,2.1,2.04,118281.63
2020-12-25,2.06,2.05,2.08,2.03,151536.51
2020-12-28,2.05,2.06,2.1,2.04,144467.0
2020-12-29,2.08,2.13,2.16,2.08,225726.29
2020-12-30,2.11,2.1,2.13,2.07,142347.2
2020-12-31,2.09,2.16,2.28,2.09,219483.53
2021-01-04,2.14,2.16,2.17,2.12,190204.32
2021-01-05,2.13,2.16,2.17,2.13,143001.57
2021-01-06,2.14,2.22,2.23,2.13,295469.47
2021-01-07,2.2,2.1,2.3,2.09,301936.39
2021-01-08,2.06,2.12,2.13,2.03,151169.35
2021-01-11,2.13,2.18,2.26,2.11,337493.2
2021-01-12,2.16,2.19,2.21,2.13,241687.35
2021-01-13,2.18,2.15,2.19,2.13,155078.89
2021-01-14,2.14,2.22,2.27,2.12,361338.34
2021-01-15,2.21,2.26,2.29,2.2,342200.48
2021-01-18,2.24,2.29,2.39,2.19,390343.97
2021-01-19,2.26,2.3,2.37,2.22,467229.86
2021-01-20,2.28,2.28,2.31,2.25,273563.08
2021-01-21,2.27,2.25,2.28,2.24,164450.47
2021-01-22,2.23,2.14,2.24,2.13,292731.04
2021-01-25,2.13,2.08,2.13,2.07,183404.57
2021-01-26,2.06,2.08,2.11,2.05,108334.98
2021-01-27,2.08,2.08,2.1,2.07,80302.71
2021-01-28,2.05,2.02,2.06,2.02,122159.56
2021-01-29,2.03,2.01,2.05,1.99,94790.15
2021-02-01,2.01,2.02,2.02,1.97,89146.57
2021-02-02,2.02,2.02,2.05,2.0,55320.85
2021-02-03,2.02,1.99,2.04,1.98,63383.03
2021-02-04,1.99,1.93,2.0,1.93,91606.32
2021-02-05,1.96,1.98,2.02,1.94,98305.38
2021-02-08,1.99,1.99,2.03,1.99,83585.22
2021-02-09,1.99,1.99,2.01,1.96,64428.6
2021-02-10,2.0,1.99,2.02,1.99,53631.17
2021-02-18,2.02,2.06,2.08,2.01,114007.32
2021-02-19,2.07,2.13,2.13,2.06,122326.16
2021-02-22,2.13,2.16,2.22,2.13,213096.49
2021-02-23,2.15,2.13,2.18,2.11,124987.77
2021-02-24,2.12,2.13,2.17,2.12,106006.47
2021-02-25,2.13,2.34,2.34,2.13,430210.34
2021-02-26,2.37,2.35,2.52,2.34,1164987.35
2021-03-01,2.25,2.28,2.31,2.22,626209.7
2021-03-02,2.27,2.26,2.43,2.25,500698.66
2021-03-03,2.27,2.31,2.34,2.22,393322.24
2021-03-04,2.25,2.26,2.34,2.25,313854.69
2021-03-05,2.26,2.26,2.32,2.23,249510.0
2021-03-08,2.27,2.27,2.33,2.25,273943.0
2021-03-09,2.25,2.2,2.28,2.15,270778.41
2021-03-10,2.21,2.17,2.22,2.16,157110.0
2021-03-11,2.19,2.21,2.22,2.17,150478.44
2021-03-12,2.2,2.34,2.43,2.19,770636.37
2021-03-15,2.32,2.34,2.37,2.3,454522.85
2021-03-16,2.32,2.43,2.49,2.32,502894.75
2021-03-17,2.41,2.4,2.45,2.38,304579.0
2021-03-18,2.39,2.4,2.45,2.38,233727.67
2021-03-19,2.39,2.41,2.44,2.37,246427.62
2021-03-22,2.43,2.5,2.53,2.38,414554.56
2021-03-23,2.33,2.25,2.36,2.25,357299.61
2021-03-24,2.17,2.15,2.21,2.14,423693.51
2021-03-25,2.12,2.1,2.14,2.09,253062.85
2021-03-26,2.11,2.13,2.13,2.09,201421.32
2021-03-29,2.11,2.13,2.14,2.11,185084.37
2021-03-30,2.13,2.11,2.15,2.11,120669.93
2021-03-31,2.12,2.12,2.13,2.11,132350.85
2021-04-01,2.13,2.13,2.13,2.11,110481.81
2021-04-02,2.12,2.13,2.16,2.11,209712.0
2021-04-06,2.12,2.12,2.13,2.11,100401.0
2021-04-07,2.12,2.16,2.17,2.11,237392.74
2021-04-08,2.14,2.14,2.19,2.13,169794.09
2021-04-09,2.13,2.13,2.16,2.13,117714.15
2021-04-12,2.12,2.13,2.16,2.11,117784.43
2021-04-13,2.13,2.1,2.14,2.09,120367.0
2021-04-14,2.12,2.13,2.13,2.11,93789.06
2021-04-15,2.13,2.14,2.16,2.12,124076.96
2021-04-16,2.14,2.19,2.21,2.13,214674.0
2021-04-19,2.2,2.18,2.21,2.16,166845.37
2021-04-20,2.17,2.17,2.19,2.16,116430.03
2021-04-21,2.17,2.19,2.2,2.15,149476.44
2021-04-22,2.19,2.18,2.21,2.17,114170.16
2021-04-23,2.17,2.13,2.17,2.11,143039.09
2021-04-26,2.13,2.13,2.13,2.11,124944.16
2021-04-27,2.12,2.12,2.13,2.1,65935.06
2021-04-28,2.11,2.12,2.13,2.1,84915.82
2021-04-29,2.12,2.12,2.14,2.11,85317.23
2021-04-30,2.11,2.06,2.12,2.03,169729.06
2021-05-06,2.03,2.07,2.09,2.02,99070.42
2021-05-07,2.07,2.11,2.12,2.06,112349.76
2021-05-10,2.11,2.1,2.13,2.09,87086.67
2021-05-11,2.09,2.13,2.13,2.08,108330.12
2021-05-12,2.11,2.12,2.12,2.1,92497.01
2021-05-13,2.12,2.11,2.16,2.11,167095.7
2021-05-14,2.11,2.13,2.14,2.11,148701.0
2021-05-17,2.13,2.09,2.13,2.09,117796.37
2021-05-18,2.08,2.11,2.12,2.08,79478.73
2021-05-19,2.12,2.11,2.13,2.1,62462.06
2021-05-20,2.11,2.07,2.11,2.07,96421.46
2021-05-21,2.08,2.07,2.09,2.05,81174.12
2021-05-24,2.05,2.08,2.1,2.05,91916.83
2021-05-25,2.09,2.09,2.1,2.07,88142.86
2021-05-26,2.09,2.14,2.15,2.08,159177.12
2021-05-27,2.13,2.13,2.16,2.1,126783.0
2021-05-28,2.13,2.09,2.14,2.09,128480.0
2021-05-31,2.1,2.1,2.11,2.08,60300.0
2021-06-01,2.11,2.11,2.13,2.1,104965.0
2021-06-02,2.1,2.12,2.14,2.09,120886.3
2021-06-03,2.12,2.12,2.14,2.11,122359.0
2021-06-04,2.13,2.13,2.15,2.1,229337.0
2021-06-07,2.12,2.09,2.12,2.07,137813.76
2021-06-08,2.09,2.08,2.11,2.08,80820.03
2021-06-09,2.07,2.08,2.1,2.07,69742.5
2021-06-10,2.08,2.07,2.09,2.07,94570.89
2021-06-11,2.1,2.07,2.1,2.07,92273.76
2021-06-15,2.06,2.02,2.06,2.01,129630.0
2021-06-16,2.01,2.02,2.04,2.01,66187.03
2021-06-17,2.01,2.02,2.05,2.01,68771.0
2021-06-18,2.03,2.01,2.03,2.0,87432.04
2021-06-21,2.02,2.01,2.02,2.0,67478.53
2021-06-22,2.01,2.01,2.04,2.01,64272.05
2021-06-23,2.02,2.01,2.02,2.0,74634.94
2021-06-24,2.01,2.04,2.04,2.0,117233.8
2021-06-25,2.04,2.04,2.05,2.01,67810.0
2021-06-28,2.04,2.02,2.04,2.02,63735.0
2021-06-29,2.03,2.01,2.03,2.01,63021.63
2021-06-30,2.0,2.0,2.01,2.0,51587.86
2021-07-01,2.0,2.02,2.05,1.98,104314.41
2021-07-02,2.0,1.99,2.05,1.99,97016.9
2021-07-05,1.99,1.98,2.0,1.96,75180.09
2021-07-06,1.97,2.01,2.03,1.97,104297.59
2021-07-07,2.01,1.98,2.01,1.98,78385.0
2021-07-08,1.98,1.98,1.99,1.97,48404.03
2021-07-09,1.98,1.98,1.99,1.97,50836.26
2021-07-12,1.99,1.98,2.01,1.98,62373.48
2021-07-13,1.99,1.99,2.0,1.98,50628.97
2021-07-14,1.99,1.99,2.0,1.98,60005.6
2021-07-15,1.98,1.98,1.99,1.97,57829.96
2021-07-16,1.98,1.98,1.99,1.97,49164.0
2021-07-19,1.98,1.96,1.98,1.95,50926.88
2021-07-20,1.96,1.95,1.96,1.93,57056.92
2021-07-21,1.95,1.93,1.96,1.92,92147.79
2021-07-22,1.93,1.93,1.94,1.92,66301.01
2021-07-23,1.93,1.91,1.93,1.91,67913.37
2021-07-26,1.91,1.86,1.92,1.84,109917.33
2021-07-27,1.86,1.83,1.87,1.83,64774.03
2021-07-28,1.82,1.8,1.83,1.75,84180.69
2021-07-29,1.8,1.8,1.83,1.8,42688.0
2021-07-30,1.8,1.8,1.82,1.77,45713.56
2021-08-02,1.8,1.83,1.84,1.77,81815.56
2021-08-03,1.83,1.84,1.87,1.83,65388.51
2021-08-04,1.84,1.83,1.85,1.82,38957.0
2021-08-05,1.83,1.93,2.01,1.83,469937.03
2021-08-06,1.86,1.86,1.89,1.76,299303.35
2021-08-09,1.87,1.89,1.94,1.84,204276.68
2021-08-10,1.91,1.87,1.91,1.86,133650.21
2021-08-11,1.88,1.89,1.94,1.87,196909.06
2021-08-12,1.89,1.89,1.91,1.87,105816.89
2021-08-13,1.89,1.87,1.89,1.86,82376.0
2021-08-16,1.87,1.88,1.9,1.86,73808.71
2021-08-17,1.88,1.86,1.91,1.86,96369.69
2021-08-18,1.86,1.87,1.88,1.84,102035.0
2021-08-19,1.86,1.85,1.87,1.84,59550.5
2021-08-20,1.85,1.85,1.86,1.83,47674.0
2021-08-23,1.84,1.85,1.86,1.83,56759.0
2021-08-24,1.84,1.85,1.86,1.84,53728.71
2021-08-25,1.84,1.86,1.89,1.83,79102.34
2021-08-26,1.86,1.88,1.89,1.85,101806.0
2021-08-27,1.87,1.89,1.89,1.86,69472.5
2021-08-30,1.89,1.86,1.89,1.85,81567.5
2021-08-31,1.86,1.87,1.89,1.85,86983.38
2021-09-01,1.88,1.91,1.92,1.87,189163.59
2021-09-02,1.91,1.94,1.95,1.9,153939.73
2021-09-03,1.93,1.95,1.96,1.92,166082.92
2021-09-06,1.95,1.94,1.95,1.92,90272.36
2021-09-07,1.95,1.96,1.97,1.94,103722.07
2021-09-08,1.96,1.99,1.99,1.96,129739.31
2021-09-09,1.99,1.98,2.01,1.98,127653.33
2021-09-10,1.99,1.98,2.02,1.97,151494.86
2021-09-13,1.97,1.99,2.01,1.95,143933.0
2021-09-14,2.0,1.95,2.01,1.94,137470.67
2021-09-15,1.95,1.93,1.95,1.92,116560.67
2021-09-16,1.94,1.92,1.96,1.92,123261.72
2021-09-17,1.92,1.89,1.93,1.88,91417.52
2021-09-22,1.86,1.88,1.9,1.84,82445.33
2021-09-23,1.89,1.95,1.98,1.88,160584.98
2021-09-24,1.95,1.89,1.95,1.89,95631.33
2021-09-27,1.89,1.84,1.9,1.84,106877.19
2021-09-28,1.88,1.88,1.9,1.85,92631.0
2021-09-29,1.86,1.85,1.9,1.85,89839.0
2021-09-30,1.86,1.86,1.89,1.85,70799.03
2021-10-08,1.88,1.89,1.89,1.87,74792.3
2021-10-11,1.89,1.9,1.92,1.89,76138.0
2021-10-12,1.89,1.89,1.92,1.87,86455.0
2021-10-13,1.88,1.86,1.88,1.85,65936.2
2021-10-14,1.87,1.86,1.87,1.85,35613.0
2021-10-15,1.86,1.9,2.02,1.83,240755.34
2021-10-18,1.85,1.86,1.87,1.82,155899.29
2021-10-19,1.86,1.84,1.86,1.83,73032.86
2021-10-20,1.84,1.83,1.85,1.83,40492.5
2021-10-21,1.84,1.85,1.87,1.83,95017.15
2021-10-22,1.86,1.88,1.93,1.84,212726.23
2021-10-25,1.84,1.83,1.86,1.82,136899.52
2021-10-26,1.84,1.83,1.84,1.82,72678.0
2021-10-27,1.83,1.79,1.83,1.77,67832.0
2021-10-28,1.78,1.78,1.8,1.77,46425.55
2021-10-29,1.77,1.8,1.8,1.77,45803.26
2021-11-01,1.79,1.78,1.8,1.77,47069.0
2021-11-02,1.78,1.74,1.79,1.72,63749.01
2021-11-03,1.74,1.74,1.75,1.73,34039.39
2021-11-04,1.74,1.74,1.74,1.72,43649.55
2021-11-05,1.74,1.71,1.74,1.7,58793.0
2021-11-08,1.7,1.69,1.71,1.66,71817.94
2021-11-09,1.68,1.7,1.7,1.68,39348.58
2021-11-10,1.7,1.73,1.74,1.68,82389.17
2021-11-11,1.73,1.8,1.84,1.73,242762.25
2021-11-12,1.78,1.77,1.8,1.74,107243.33
2021-11-15,1.77,1.77,1.77,1.74,96287.28
2021-11-16,1.76,1.74,1.77,1.74,56675.11
2021-11-17,1.75,1.75,1.76,1.73,48040.0
2021-11-18,1.75,1.74,1.75,1.74,37575.28
2021-11-19,1.74,1.77,1.8,1.72,104340.3
2021-11-22,1.76,1.74,1.76,1.74,69020.3
2021-11-23,1.74,1.75,1.77,1.74,44762.23
2021-11-24,1.75,1.76,1.77,1.75,54377.99
2021-11-25,1.77,1.77,1.79,1.77,56865.03
2021-11-26,1.77,1.76,1.8,1.76,36366.17
2021-11-29,1.74,1.74,1.75,1.72,72049.0
2021-11-30,1.74,1.75,1.77,1.73,60000.22
2021-12-01,1.74,1.77,1.77,1.74,59807.1
2021-12-02,1.77,1.77,1.8,1.75,76288.35
2021-12-03,1.77,1.78,1.79,1.76,59643.0
2021-12-06,1.78,1.77,1.8,1.77,85074.72
2021-12-07,1.8,1.8,1.82,1.77,147860.53
2021-12-08,1.79,1.78,1.8,1.77,76752.72
2021-12-09,1.78,1.8,1.81,1.77,100548.0
2021-12-10,1.79,1.77,1.81,1.77,135670.0
2021-12-13,1.78,1.77,1.79,1.77,94795.95
2021-12-14,1.77,1.76,1.77,1.75,62273.69
2021-12-15,1.76,1.79,1.8,1.75,139150.89
2021-12-16,1.78,1.8,1.8,1.77,128431.78
2021-12-17,1.8,1.86,1.9,1.8,256408.91
2021-12-20,1.84,1.92,2.01,1.83,459528.2
2021-12-21,1.9,2.11,2.11,1.89,948991.59
2021-12-22,2.04,1.98,2.12,1.96,799320.37
2021-12-23,1.94,1.95,1.99,1.93,315021.15
2021-12-24,1.95,1.89,1.95,1.89,227968.75
2021-12-27,1.91,1.89,1.93,1.88,172776.7
2021-12-28,1.88,1.86,1.89,1.84,163117.1
2021-12-29,1.86,1.86,1.87,1.83,84037.88
2021-12-30,1.85,1.85,1.87,1.84,93802.06
2021-12-31,1.86,1.86,1.88,1.84,182254.45
2022-01-04,1.86,1.9,1.91,1.85,196354.75
2022-01-05,1.9,1.92,1.94,1.89,181830.81
2022-01-06,1.91,1.93,1.97,1.9,183425.88
2022-01-07,1.93,1.97,2.02,1.93,320939.09
2022-01-10,1.95,2.0,2.03,1.94,265915.56
2022-01-11,1.99,1.99,2.04,1.98,272864.6
2022-01-12,2.0,1.98,2.01,1.95,212556.0
2022-01-13,1.99,2.0,2.07,1.96,270575.43
2022-01-14,1.99,1.92,1.99,1.92,209658.99
2022-01-17,1.95,1.92,1.95,1.92,115104.0
2022-01-18,1.93,1.92,1.95,1.89,143852.46
2022-01-19,1.92,1.96,1.97,1.91,180081.0
2022-01-20,1.97,1.93,2.02,1.93,197854.0
2022-01-21,1.92,1.92,1.95,1.89,171427.0
2022-01-24,1.91,1.92,1.93,1.86,126322.12
2022-01-25,1.9,1.83,1.91,1.82,160036.0
2022-01-26,1.86,1.86,1.89,1.82,116951.03
2022-01-27,1.86,1.83,1.86,1.83,90612.23
2022-01-28,1.84,1.82,1.85,1.8,96162.0
2022-02-07,1.84,1.86,1.86,1.81,127036.0
2022-02-08,1.85,1.93,1.94,1.84,161877.23
2022-02-09,1.92,1.94,1.96,1.92,140950.15
2022-02-10,1.94,1.95,1.97,1.91,119271.69
2022-02-11,2.15,2.15,2.15,2.15,291714.73
2022-02-14,2.11,1.99,2.11,1.96,807088.75
2022-02-15,2.01,2.07,2.19,1.96,822068.01
2022-02-16,2.01,2.03,2.08,2.0,510195.79
2022-02-17,2.01,2.02,2.04,1.97,391682.88
2022-02-18,2.0,2.15,2.23,1.99,1291502.91
2022-02-21,2.13,2.17,2.17,2.08,970201.49
2022-02-22,2.14,2.11,2.2,2.11,660067.03
2022-02-23,2.14,2.1,2.15,2.07,428213.82
2022-02-24,2.1,2.01,2.12,2.0,473773.3
2022-02-25,2.02,2.01,2.1,1.98,326369.64
2022-02-28,1.99,1.98,2.01,1.95,194110.71
2022-03-01,1.97,2.03,2.07,1.97,269861.0
2022-03-02,2.04,2.08,2.11,2.03,383623.37
2022-03-03,2.08,2.14,2.17,2.07,452276.0
2022-03-04,2.14,2.11,2.15,2.07,260871.0
2022-03-07,2.08,2.11,2.14,2.07,205062.0
2022-03-08,2.11,2.02,2.11,2.01,203254.85
2022-03-09,2.07,1.98,2.07,1.9,203934.98
2022-03-10,2.03,2.02,2.05,1.98,156395.52
2022-03-11,2.0,2.01,2.02,1.95,178924.23
2022-03-14,2.02,1.97,2.05,1.96,237039.02
2022-03-15,1.95,1.81,1.96,1.8,312995.07
2022-03-16,1.82,1.87,1.9,1.77,251390.0
2022-03-17,1.93,1.94,2.01,1.91,409853.94
2022-03-18,1.96,2.14,2.14,1.92,664747.74
2022-03-21,2.35,2.35,2.35,2.35,504479.13
2022-03-22,2.49,2.58,2.58,2.21,2701917.91
2022-03-23,2.46,2.84,2.84,2.33,2342599.28
2022-03-24,2.82,2.66,3.12,2.6,2878459.38
2022-03-25,2.67,2.63,2.83,2.5,2184421.25
2022-03-28,2.54,2.57,2.75,2.51,1801429.29
2022-03-29,2.54,2.43,2.6,2.4,1532951.93
2022-03-30,2.47,2.57,2.63,2.46,1548374.33
2022-03-31,2.57,2.59,2.72,2.54,1645716.94
2022-04-01,2.5,2.68,2.74,2.43,1661189.12
2022-04-06,2.77,2.75,2.87,2.64,1779324.93
2022-04-07,2.64,2.57,2.7,2.54,1196287.83
2022-04-08,2.64,2.83,2.83,2.5,857991.99
2022-04-11,2.83,2.78,3.0,2.61,1873598.76
2022-04-12,2.79,2.58,2.91,2.55,1624116.63
2022-04-13,2.42,2.32,2.47,2.32,1172117.37
2022-04-14,2.27,2.38,2.42,2.26,968375.91
2022-04-15,2.39,2.36,2.46,2.31,815156.2
2022-04-18,2.32,2.36,2.48,2.31,774857.46
2022-04-19,2.35,2.38,2.4,2.27,539642.93
2022-04-20,2.35,2.26,2.41,2.23,627800.91
2022-04-21,2.26,2.17,2.26,2.14,455948.37
2022-04-22,2.15,2.25,2.32,2.12,541955.29
2022-04-25,2.2,2.03,2.26,2.02,644666.37
2022-04-26,2.06,2.14,2.23,2.04,1026403.17
2022-04-27,2.09,2.13,2.2,2.01,1016588.35
2022-04-28,2.11,2.18,2.2,2.04,856820.1
2022-04-29,2.2,2.17,2.23,2.07,1033350.05
2022-05-05,2.38,2.38,2.38,2.38,352948.11
2022-05-06,2.41,2.56,2.63,2.36,2070647.85
2022-05-09,2.51,2.56,2.66,2.47,1565537.44
2022-05-10,2.5,2.57,2.61,2.47,1095356.11
2022-05-11,2.57,2.57,2.76,2.54,1313368.56
2022-05-12,2.54,2.56,2.61,2.5,841146.98
2022-05-13,2.53,2.81,2.81,2.53,1040977.38
2022-05-16,3.09,3.09,3.09,2.9,1382404.1
2022-05-17,3.17,2.92,3.27,2.78,2467711.27
2022-05-18,2.82,2.77,2.88,2.7,1449699.15
2022-05-19,2.69,2.82,2.91,2.66,1430942.67
2022-05-20,2.82,2.69,2.85,2.68,1239578.83
2022-05-23,2.69,2.63,2.71,2.61,760569.4
2022-05-24,2.65,2.89,2.89,2.54,2143005.82
2022-05-25,2.8,2.76,2.86,2.67,1563735.8
2022-05-26,2.75,2.67,2.81,2.66,1066847.38
2022-05-27,2.69,2.71,2.75,2.65,864270.61
2022-05-30,2.7,2.6,2.7,2.58,760811.36
2022-05-31,2.58,2.62,2.63,2.54,524069.31
2022-06-01,2.61,2.6,2.63,2.55,483411.0
2022-06-02,2.6,2.5,2.61,2.48,596739.56
2022-06-06,2.48,2.52,2.53,2.45,448317.25
2022-06-07,2.52,2.62,2.64,2.5,743042.24
2022-06-08,2.61,2.6,2.62,2.52,617981.63
2022-06-09,2.59,2.6,2.7,2.57,624758.49
2022-06-10,2.55,2.6,2.61,2.53,438303.99
2022-06-13,2.57,2.48,2.57,2.45,623211.94
2022-06-14,2.43,2.52,2.55,2.41,509966.65
2022-06-15,2.52,2.6,2.67,2.5,815340.02
2022-06-16,2.59,2.58,2.65,2.57,490640.59
2022-06-17,2.56,2.52,2.6,2.49,413352.33
2022-06-20,2.52,2.55,2.57,2.48,419682.31
2022-06-21,2.56,2.63,2.71,2.55,677370.54
2022-06-22,2.61,2.52,2.61,2.52,406403.0
2022-06-23,2.52,2.57,2.6,2.49,377718.96
2022-06-24,2.57,2.52,2.59,2.5,453762.03
2022-06-27,2.5,2.5,2.55,2.5,319576.32
2022-06-28,2.49,2.5,2.52,2.47,329499.18
2022-06-29,2.48,2.53,2.57,2.48,697137.48
2022-06-30,2.53,2.52,2.56,2.47,496485.6
2022-07-01,2.52,2.52,2.6,2.47,550651.84
2022-07-04,2.52,2.47,2.52,2.45,439756.33
2022-07-05,2.46,2.43,2.48,2.41,329326.76
2022-07-06,2.41,2.36,2.43,2.35,352701.17
2022-07-07,2.36,2.37,2.4,2.35,235578.31
2022-07-08,2.37,2.36,2.4,2.35,185536.26
2022-07-11,2.35,2.33,2.37,2.3,234656.79
2022-07-12,2.33,2.37,2.38,2.33,274103.0
2022-07-13,2.37,2.42,2.46,2.35,420719.89
2022-07-14,2.4,2.32,2.41,2.32,363543.83
2022-07-15,2.29,2.22,2.33,2.21,333466.48
2022-07-18,2.23,2.33,2.33,2.22,376250.38
2022-07-19,2.33,2.35,2.37,2.31,216000.49
2022-07-20,2.35,2.33,2.37,2.33,163984.08
2022-07-21,2.34,2.3,2.34,2.3,152671.82
2022-07-22,2.3,2.33,2.34,2.3,184140.85
2022-07-25,2.34,2.37,2.42,2.33,346216.39
2022-07-26,2.35,2.5,2.52,2.33,671821.82
2022-07-27,2.51,2.45,2.52,2.42,465625.18
2022-07-28,2.47,2.48,2.5,2.43,381687.65
2022-07-29,2.49,2.43,2.49,2.43,252017.6
2022-08-01,2.42,2.41,2.45,2.39,214662.0
2022-08-02,2.39,2.29,2.4,2.28,314193.0
2022-08-03,2.29,2.23,2.33,2.22,250424.24
2022-08-04,2.24,2.25,2.26,2.21,163217.57
2022-08-05,2.25,2.3,2.31,2.23,208936.73
2022-08-08,2.32,2.32,2.41,2.29,230794.0
2022-08-09,2.31,2.3,2.34,2.28,161371.49
2022-08-10,2.29,2.26,2.3,2.26,142516.89
2022-08-11,2.29,2.29,2.32,2.27,167071.38
2022-08-12,2.29,2.32,2.33,2.28,226883.22
2022-08-15,2.35,2.29,2.37,2.28,215393.51
2022-08-16,2.3,2.34,2.37,2.29,334878.4
2022-08-17,2.36,2.37,2.4,2.33,243031.01
2022-08-18,2.34,2.31,2.35,2.3,189404.79
2022-08-19,2.32,2.36,2.41,2.31,276193.03
2022-08-22,2.35,2.4,2.44,2.34,314203.72
2022-08-23,2.4,2.38,2.4,2.34,178689.96
2022-08-24,2.39,2.33,2.39,2.31,182186.78
2022-08-25,2.33,2.36,2.37,2.31,195221.51
2022-08-26,2.37,2.33,2.37,2.32,134167.04
2022-08-29,2.3,2.34,2.36,2.26,172278.98
2022-08-30,2.37,2.4,2.41,2.33,302893.32
2022-08-31,2.37,2.27,2.39,2.27,399005.85
2022-09-01,2.29,2.35,2.45,2.28,677289.58
2022-09-02,2.35,2.33,2.36,2.31,283082.53
2022-09-05,2.32,2.39,2.41,2.32,394431.33
2022-09-06,2.42,2.45,2.47,2.39,391883.88
2022-09-07,2.44,2.47,2.5,2.4,367818.5
2022-09-08,2.51,2.52,2.54,2.43,435818.75
2022-09-09,2.51,2.6,2.72,2.51,1009654.99
2022-09-13,2.6,2.5,2.6,2.47,568853.59
2022-09-14,2.5,2.5,2.57,2.48,419492.13
2022-09-15,2.54,2.55,2.57,2.45,565256.05
2022-09-16,2.59,2.43,2.6,2.42,633448.16
2022-09-19,2.41,2.44,2.48,2.37,394606.0
2022-09-20,2.44,2.4,2.52,2.38,393906.87
2022-09-21,2.37,2.47,2.49,2.33,434537.77
2022-09-22,2.43,2.37,2.48,2.36,352266.06
2022-09-23,2.37,2.36,2.48,2.34,441612.0
2022-09-26,2.33,2.26,2.39,2.25,366992.36
2022-09-27,2.26,2.29,2.31,2.21,274512.64
2022-09-28,2.28,2.22,2.28,2.22,216402.76
2022-09-29,2.25,2.16,2.26,2.14,220153.93
2022-09-30,2.19,2.17,2.22,2.15,179072.69
2022-10-10,2.19,2.14,2.23,2.14,243031.7
2022-10-11,2.12,2.11,2.14,2.09,191928.0
2022-10-12,2.1,2.15,2.15,2.07,213177.0
2022-10-13,2.14,2.09,2.14,2.07,289716.06
2022-10-14,2.1,2.12,2.14,2.1,260437.0
2022-10-17,2.1,2.13,2.14,2.07,281313.58
2022-10-18,2.13,2.12,2.16,2.1,245004.12
2022-10-19,2.12,2.09,2.14,2.09,202722.46
2022-10-20,2.09,2.04,2.09,2.03,248166.96
2022-10-21,2.06,2.03,2.09,2.02,230728.05
2022-10-24,2.04,1.95,2.04,1.94,282692.03
2022-10-25,1.92,1.95,1.95,1.91,211293.38
2022-10-26,1.94,1.93,1.96,1.92,232648.0
2022-10-27,1.93,1.96,1.98,1.93,239677.76
2022-10-28,1.95,1.89,1.95,1.88,206211.78
2022-10-31,1.94,2.07,2.08,1.91,881982.53
2022-11-01,2.04,2.07,2.1,2.01,533837.53
2022-11-02,2.04,2.08,2.1,2.03,341431.06
2022-11-03,2.07,2.06,2.07,2.04,161993.48
2022-11-04,2.06,2.1,2.1,2.05,216576.51
2022-11-07,2.08,2.11,2.12,2.08,205982.28
2022-11-08,2.13,2.1,2.14,2.08,165551.0
2022-11-09,2.12,2.14,2.21,2.12,280808.83
2022-11-10,2.14,2.16,2.19,2.1,228424.71
2022-11-11,2.21,2.37,2.37,2.19,586275.46
2022-11-14,2.5,2.42,2.54,2.37,1197300.12
2022-11-15,2.42,2.48,2.52,2.41,859021.7
2022-11-16,2.48,2.48,2.52,2.45,559886.52
2022-11-17,2.47,2.52,2.64,2.45,754729.34
2022-11-18,2.52,2.52,2.59,2.47,585638.37
2022-11-21,2.49,2.49,2.52,2.45,378053.64
2022-11-22,2.57,2.43,2.64,2.42,577978.23
2022-11-23,2.45,2.48,2.49,2.41,376988.47
2022-11-24,2.52,2.52,2.6,2.48,564733.46
2022-11-25,2.49,2.57,2.63,2.48,699946.07
2022-11-28,2.5,2.54,2.58,2.41,474865.77
2022-11-29,2.68,2.7,2.75,2.56,1366343.73
2022-11-30,2.67,2.64,2.78,2.61,1131002.82
2022-12-01,2.62,2.6,2.68,2.58,626566.68
2022-12-02,2.56,2.57,2.61,2.51,435829.49
2022-12-05,2.57,2.56,2.64,2.56,406923.72
2022-12-06,2.54,2.54,2.59,2.51,311793.25
2022-12-07,2.51,2.5,2.53,2.45,298684.38
2022-12-08,2.5,2.52,2.54,2.46,325192.66
2022-12-09,2.52,2.52,2.58,2.49,297241.47
2022-12-12,2.52,2.48,2.54,2.46,248337.81
2022-12-13,2.46,2.52,2.54,2.45,269083.93
2022-12-14,2.52,2.51,2.57,2.48,268103.11
2022-12-15,2.53,2.54,2.56,2.48,263587.65
2022-12-16,2.56,2.56,2.59,2.51,312699.91
2022-12-19,2.56,2.54,2.63,2.51,348084.46
2022-12-20,2.49,2.5,2.53,2.42,274796.65
2022-12-21,2.49,2.48,2.55,2.47,272885.25
2022-12-22,2.52,2.43,2.54,2.42,218177.7
2022-12-23,2.45,2.42,2.5,2.41,182179.0
2022-12-26,2.41,2.38,2.45,2.37,146070.0
2022-12-27,2.37,2.39,2.42,2.37,167215.49
2022-12-28,2.4,2.43,2.46,2.35,225213.21
2022-12-29,2.42,2.33,2.43,2.33,215879.0
2022-12-30,2.34,2.33,2.37,2.31,165106.0
2023-01-03,2.34,2.38,2.4,2.32,186716.58
2023-01-04,2.37,2.48,2.5,2.37,266673.42
2023-01-05,2.48,2.48,2.51,2.45,195734.3
2023-01-06,2.51,2.45,2.52,2.45,203360.8
2023-01-09,2.47,2.46,2.49,2.45,158610.72
2023-01-10,2.48,2.45,2.48,2.43,177625.18
2023-01-11,2.47,2.44,2.48,2.42,197293.68
2023-01-12,2.43,2.41,2.44,2.38,154473.0
2023-01-13,2.41,2.43,2.43,2.4,94362.61
2023-01-16,2.42,2.42,2.45,2.39,158688.25
2023-01-17,2.43,2.45,2.45,2.41,138439.45
2023-01-18,2.45,2.42,2.47,2.41,138130.45
2023-01-19,2.42,2.44,2.45,2.41,117892.12
2023-01-20,2.44,2.49,2.51,2.44,181789.17
2023-01-30,2.52,2.49,2.55,2.48,205886.56
2023-01-31,2.49,2.58,2.58,2.46,276522.71
2023-02-01,2.56,2.57,2.59,2.52,226437.1
2023-02-02,2.56,2.57,2.59,2.53,198246.01
2023-02-03,2.57,2.53,2.57,2.51,149016.93
2023-02-06,2.52,2.51,2.54,2.48,147980.0
2023-02-07,2.49,2.54,2.56,2.49,173269.19
2023-02-08,2.54,2.52,2.57,2.52,151607.58
2023-02-09,2.53,2.54,2.55,2.51,175375.03
2023-02-10,2.54,2.56,2.59,2.53,147043.0
2023-02-13,2.56,2.56,2.57,2.52,155990.11
2023-02-14,2.57,2.58,2.6,2.55,157433.36
2023-02-15,2.58,2.54,2.58,2.52,146458.0
2023-02-16,2.53,2.49,2.56,2.48,162951.0
2023-02-17,2.49,2.49,2.52,2.48,160341.21
2023-02-20,2.51,2.54,2.54,2.48,154103.4
2023-02-21,2.59,2.58,2.67,2.56,288813.37
2023-02-22,2.59,2.57,2.59,2.55,152222.0
2023-02-23,2.59,2.56,2.6,2.54,130791.0
2023-02-24,2.58,2.56,2.58,2.52,125114.37
2023-02-27,2.57,2.57,2.61,2.54,197744.35
2023-02-28,2.56,2.6,2.6,2.54,167099.45
2023-03-01,2.6,2.6,2.6,2.56,160763.01
2023-03-02,2.6,2.59,2.6,2.57,125972.0
2023-03-03,2.59,2.59,2.6,2.56,113407.0
2023-03-06,2.59,2.56,2.6,2.54,137898.66
2023-03-07,2.56,2.49,2.57,2.49,149655.92
2023-03-08,2.49,2.49,2.51,2.47,99649.85
2023-03-09,2.49,2.47,2.5,2.47,73507.77
2023-03-10,2.46,2.43,2.48,2.43,112676.0
2023-03-13,2.41,2.39,2.44,2.38,124443.0
2023-03-14,2.4,2.36,2.41,2.34,111822.66
2023-03-15,2.37,2.41,2.43,2.36,146530.22
2023-03-16,2.41,2.37,2.44,2.37,133535.36
2023-03-17,2.4,2.38,2.42,2.38,130282.49
2023-03-20,2.39,2.37,2.41,2.35,149113.86
2023-03-21,2.37,2.36,2.38,2.34,125591.0
2023-03-22,2.37,2.39,2.41,2.35,157705.64
2023-03-23,2.38,2.36,2.4,2.35,136107.0
2023-03-24,2.35,2.36,2.39,2.34,144229.03
2023-03-27,2.36,2.3,2.37,2.29,165658.55
2023-03-28,2.31,2.28,2.33,2.28,119107.13
2023-03-29,2.28,2.27,2.31,2.27,123313.49
2023-03-30,2.27,2.27,2.28,2.23,120937.0
2023-03-31,2.27,2.26,2.29,2.26,92473.0
2023-04-03,2.26,2.29,2.33,2.25,192726.89
2023-04-04,2.29,2.25,2.3,2.24,147299.03
2023-04-06,2.23,2.23,2.26,2.23,101944.0
2023-04-07,2.24,2.3,2.3,2.23,164823.0
2023-04-10,2.29,2.25,2.29,2.24,169009.0
2023-04-11,2.26,2.27,2.28,2.22,179676.0
2023-04-12,2.28,2.27,2.31,2.24,171171.0
2023-04-13,2.28,2.29,2.29,2.25,166282.03
2023-04-14,2.29,2.27,2.3,2.26,117139.63
2023-04-17,2.27,2.27,2.29,2.25,147937.57
2023-04-18,2.27,2.26,2.3,2.26,159546.14
2023-04-19,2.26,2.23,2.27,2.23,134355.66
2023-04-20,2.22,2.19,2.23,2.18,136963.85
2023-04-21,2.2,2.16,2.22,2.15,167607.85
2023-04-24,2.17,2.18,2.21,2.13,183166.78
2023-04-25,2.17,2.13,2.18,2.11,157823.25
2023-04-26,2.13,2.15,2.17,2.1,122012.25
2023-04-27,2.16,2.17,2.18,2.14,96974.0
2023-04-28,2.17,2.22,2.23,2.16,155977.97
2023-05-04,2.37,2.45,2.45,2.35,425977.5
2023-05-05,2.49,2.52,2.56,2.45,891460.37
2023-05-08,2.52,2.49,2.52,2.45,504014.38
2023-05-09,2.48,2.49,2.54,2.48,405147.08
2023-05-10,2.48,2.46,2.51,2.45,295282.08
2023-05-11,2.47,2.51,2.53,2.47,266102.14
2023-05-12,2.52,2.51,2.55,2.5,189241.57
2023-05-15,2.51,2.53,2.55,2.48,278042.11
2023-05-16,2.52,2.51,2.55,2.5,160931.28
2023-05-17,2.5,2.5,2.52,2.48,126761.66
2023-05-18,2.51,2.49,2.52,2.48,120140.29
2023-05-19,2.49,2.45,2.5,2.45,142203.82
2023-05-22,2.47,2.43,2.47,2.41,183002.57
2023-05-23,2.43,2.4,2.45,2.39,145791.27
2023-05-24,2.41,2.38,2.42,2.37,164742.87
2023-05-25,2.37,2.35,2.38,2.32,196002.02
2023-05-26,2.37,2.36,2.37,2.33,120679.0
2023-05-29,2.36,2.33,2.38,2.32,127374.58
2023-05-30,2.32,2.35,2.35,2.29,154323.03
2023-05-31,2.35,2.32,2.37,2.31,198544.71
2023-06-01,2.33,2.32,2.34,2.29,222349.57
2023-06-02,2.31,2.39,2.41,2.31,310990.3
2023-06-05,2.37,2.37,2.38,2.33,237109.82
2023-06-06,2.36,2.38,2.42,2.36,244414.21
2023-06-07,2.39,2.42,2.44,2.38,235149.0
2023-06-08,2.42,2.48,2.48,2.41,261949.02
2023-06-09,2.48,2.46,2.5,2.44,227913.0
2023-06-12,2.45,2.49,2.51,2.43,173047.95
2023-06-13,2.48,2.47,2.52,2.45,159094.43
2023-06-14,2.47,2.46,2.52,2.45,174866.0
2023-06-15,2.47,2.47,2.48,2.45,132898.91
2023-06-16,2.48,2.46,2.5,2.45,149100.0
2023-06-19,2.46,2.41,2.48,2.41,186040.28
2023-06-20,2.42,2.34,2.42,2.33,172773.65
2023-06-21,2.34,2.29,2.36,2.29,179155.09
2023-06-26,2.3,2.28,2.31,2.27,157825.31
2023-06-27,2.29,2.37,2.38,2.27,176245.97
2023-06-28,2.38,2.37,2.39,2.33,123577.2
2023-06-29,2.37,2.37,2.4,2.35,144196.0
2023-06-30,2.37,2.41,2.43,2.36,161346.82
2023-07-03,2.42,2.45,2.47,2.41,241034.0
2023-07-04,2.44,2.45,2.48,2.43,182132.66
2023-07-05,2.45,2.45,2.48,2.43,130820.71
2023-07-06,2.44,2.48,2.5,2.43,185240.71
2023-07-07,2.49,2.49,2.52,2.47,202934.57
2023-07-10,2.49,2.52,2.52,2.48,159568.18
2023-07-11,2.53,2.52,2.55,2.5,147916.9
2023-07-12,2.52,2.52,2.52,2.48,147062.49
2023-07-13,2.52,2.48,2.52,2.46,217568.53
2023-07-14,2.48,2.47,2.5,2.46,171673.14
2023-07-17,2.48,2.5,2.5,2.45,153330.04
2023-07-18,2.5,2.51,2.52,2.47,211026.26
2023-07-19,2.5,2.53,2.54,2.49,311218.33
2023-07-20,2.56,2.52,2.58,2.5,371602.38
2023-07-21,2.51,2.59,2.6,2.5,422199.86
2023-07-24,2.58,2.59,2.63,2.53,385221.0
2023-07-25,2.59,2.73,2.74,2.59,577407.45
2023-07-26,2.74,2.93,2.99,2.72,1200436.35
2023-07-27,2.8,2.81,2.88,2.72,915648.55
2023-07-28,2.79,2.83,2.9,2.78,778256.65
2023-07-31,2.84,2.93,3.03,2.84,1171654.64
2023-08-01,2.89,3.0,3.1,2.85,1309222.95
2023-08-02,2.96,3.02,3.12,2.95,1201850.68
2023-08-03,3.01,3.05,3.06,2.95,879008.72
2023-08-04,3.08,3.02,3.11,2.99,806530.36
2023-08-07,2.95,2.91,2.99,2.88,646054.82
2023-08-08,2.91,2.87,2.95,2.85,376972.83
2023-08-09,2.88,2.85,2.89,2.82,258367.0
2023-08-10,2.84,2.87,2.89,2.82,266057.8
2023-08-11,2.88,2.84,2.93,2.81,382993.47
2023-08-14,2.79,2.82,2.83,2.75,327036.98
2023-08-15,2.79,2.81,2.83,2.78,211502.72
2023-08-16,2.81,2.88,2.91,2.78,266542.27
2023-08-17,2.84,2.87,2.88,2.81,249727.0
2023-08-18,2.87,2.8,2.91,2.8,234863.86
2023-08-21,2.8,2.75,2.82,2.74,207102.61
2023-08-22,2.75,2.77,2.8,2.74,254042.99
2023-08-23,2.74,2.72,2.79,2.72,188464.21
2023-08-24,2.75,2.71,2.77,2.69,180492.0
2023-08-25,2.71,2.73,2.76,2.7,191810.5
2023-08-28,2.87,2.88,2.93,2.82,494720.1
2023-08-29,2.87,2.95,2.96,2.8,591387.02
2023-08-30,2.95,2.95,2.99,2.91,423985.74
2023-08-31,2.94,2.73,2.96,2.73,458381.0
2023-09-01,2.76,2.72,2.82,2.68,381078.0
2023-09-04,2.74,2.69,2.78,2.67,400395.79
2023-09-05,2.68,2.58,2.69,2.57,353364.15
2023-09-06,2.58,2.62,2.64,2.54,348049.52
2023-09-07,2.6,2.61,2.66,2.58,338903.21
2023-09-08,2.6,2.58,2.62,2.56,177663.0
2023-09-11,2.59,2.58,2.59,2.54,217789.0
2023-09-12,2.58,2.57,2.59,2.55,165967.99
2023-09-13,2.57,2.58,2.62,2.56,207748.03
2023-09-14,2.59,2.58,2.6,2.55,174282.0
2023-09-15,2.58,2.59,2.62,2.57,227497.0
2023-09-18,2.58,2.57,2.58,2.55,167337.25
2023-09-19,2.56,2.57,2.6,2.55,135989.55
2023-09-20,2.58,2.57,2.6,2.55,172707.68
2023-09-21,2.58,2.56,2.61,2.56,155526.55
2023-09-22,2.55,2.59,2.6,2.54,141082.55
2023-09-25,2.58,2.52,2.59,2.51,214902.0
2023-09-26,2.51,2.51,2.54,2.51,119351.4
2023-09-27,2.51,2.51,2.53,2.51,100199.0
2023-09-28,2.51,2.51,2.53,2.51,110793.0
2023-10-09,2.51,2.46,2.51,2.44,190535.79
2023-10-10,2.46,2.44,2.49,2.43,116987.0
2023-10-11,2.43,2.41,2.45,2.4,121949.12
2023-10-12,2.43,2.44,2.46,2.41,141360.63
2023-10-13,2.44,2.41,2.44,2.39,97357.75
2023-10-16,2.42,2.4,2.44,2.38,143684.34
2023-10-17,2.41,2.4,2.42,2.37,119218.63
2023-10-18,2.39,2.36,2.4,2.35,128715.0
2023-10-19,2.34,2.34,2.39,2.32,146508.16
2023-10-20,2.33,2.38,2.43,2.32,177625.52
2023-10-23,2.38,2.31,2.38,2.3,137693.0
2023-10-24,2.33,2.43,2.44,2.32,211513.87
2023-10-25,2.44,2.44,2.47,2.42,195065.0
2023-10-26,2.44,2.41,2.44,2.39,120978.27
2023-10-27,2.4,2.44,2.45,2.4,138163.0
2023-10-30,2.44,2.42,2.46,2.42,146762.0
2023-10-31,2.44,2.44,2.48,2.4,211687.03
2023-11-01,2.44,2.41,2.45,2.4,146873.01
2023-11-02,2.4,2.39,2.42,2.37,151953.98
2023-11-03,2.39,2.35,2.4,2.34,201312.03
2023-11-06,2.36,2.42,2.42,2.35,254728.13
2023-11-07,2.42,2.41,2.44,2.39,146218.0
2023-11-08,2.41,2.42,2.44,2.4,171569.06
2023-11-09,2.43,2.41,2.46,2.4,178077.06
2023-11-10,2.4,2.37,2.4,2.35,183022.61
2023-11-13,2.36,2.37,2.38,2.34,158109.0
2023-11-14,2.36,2.39,2.4,2.36,150662.63
2023-11-15,2.44,2.38,2.45,2.37,216141.91
2023-11-16,2.37,2.36,2.37,2.33,240819.95
2023-11-17,2.35,2.37,2.39,2.33,208206.12
2023-11-20,2.37,2.36,2.39,2.35,180462.23
2023-11-21,2.37,2.42,2.46,2.36,433389.05
2023-11-22,2.43,2.43,2.48,2.41,310835.88
2023-11-23,2.44,2.48,2.5,2.39,286648.78
2023-11-24,2.5,2.48,2.52,2.45,356939.78
2023-11-27,2.47,2.37,2.47,2.35,437462.0
2023-11-28,2.37,2.32,2.37,2.31,396761.99
2023-11-29,2.32,2.24,2.33,2.22,379666.62
2023-11-30,2.24,2.23,2.27,2.22,212096.17
2023-12-01,2.24,2.29,2.29,2.22,372018.38
2023-12-04,2.29,2.28,2.3,2.26,214742.7
2023-12-05,2.27,2.23,2.29,2.23,188747.12
2023-12-06,2.22,2.26,2.29,2.22,171118.0
2023-12-07,2.26,2.29,2.29,2.25,177945.72
2023-12-08,2.29,2.22,2.29,2.22,215135.9
2023-12-11,2.22,2.24,2.24,2.18,203013.55
2023-12-12,2.23,2.29,2.3,2.22,256079.12
2023-12-13,2.28,2.26,2.3,2.25,152894.17
2023-12-14,2.27,2.26,2.29,2.24,127879.0
2023-12-15,2.26,2.28,2.31,2.26,211058.53
2023-12-18,2.27,2.23,2.29,2.22,210038.0
2023-12-19,2.23,2.21,2.24,2.19,184314.52
2023-12-20,2.19,2.16,2.21,2.16,151956.0
2023-12-21,2.16,2.17,2.2,2.15,126481.68
2023-12-22,2.17,2.17,2.21,2.15,177950.0
2023-12-25,2.17,2.15,2.17,2.13,133524.0
2023-12-26,2.14,2.11,2.15,2.11,94279.0
2023-12-27,2.11,2.11,2.14,2.08,117795.0
2023-12-28,2.11,2.16,2.17,2.09,162713.0
2023-12-29,2.16,2.15,2.18,2.14,135677.77
2024-01-02,2.16,2.14,2.16,2.14,135804.65
2024-01-03,2.15,2.16,2.17,2.14,180232.65
2024-01-04,2.15,2.13,2.16,2.12,132016.27
2024-01-05,2.13,2.15,2.17,2.12,249571.0
2024-01-08,2.15,2.08,2.16,2.08,214584.0
2024-01-09,2.08,2.1,2.13,2.08,142935.0
2024-01-10,2.1,2.1,2.13,2.08,130636.01
2024-01-11,2.11,2.13,2.14,2.08,134760.01
2024-01-12,2.12,2.14,2.16,2.12,163447.72
2024-01-15,2.14,2.15,2.16,2.11,163494.72
2024-01-16,2.15,2.13,2.16,2.1,150270.27
2024-01-17,2.12,2.08,2.13,2.08,127898.0
2024-01-18,2.08,2.06,2.09,1.99,250470.93
2024-01-19,2.05,2.05,2.08,2.03,163054.22
2024-01-22,2.04,1.94,2.05,1.92,214196.03
2024-01-23,1.94,1.98,2.0,1.91,192426.16
2024-01-24,1.99,2.08,2.08,1.98,279067.0
2024-01-25,2.08,2.19,2.2,2.08,333943.03
2024-01-26,2.2,2.24,2.26,2.18,300489.3
2024-01-29,2.26,2.22,2.31,2.2,344842.81
2024-01-30,2.2,2.13,2.22,2.12,230156.0
2024-01-31,2.11,2.04,2.14,2.02,275063.97
2024-02-01,2.02,1.98,2.04,1.95,261016.04
2024-02-02,1.99,1.95,2.06,1.89,291177.38
2024-02-05,1.93,1.78,1.94,1.76,426820.6
2024-02-06,1.75,1.81,1.85,1.64,500649.02
2024-02-07,1.8,1.79,1.84,1.76,434329.03
2024-02-08,1.81,1.93,1.96,1.81,491014.01
2024-02-19,1.95,1.97,2.01,1.93,387298.55
2024-02-20,1.96,1.97,1.99,1.94,209077.4
2024-02-21,1.96,2.0,2.07,1.94,348135.12
2024-02-22,2.0,2.01,2.02,1.97,219071.85
2024-02-23,2.01,2.05,2.05,2.0,238585.5
2024-02-26,2.04,2.01,2.06,2.0,277572.52
2024-02-27,2.0,2.06,2.07,2.0,227004.0
2024-02-28,2.06,1.99,2.09,1.99,329331.0
2024-02-29,1.97,2.01,2.02,1.96,248138.16
2024-03-01,2.0,2.0,2.02,1.98,203491.89
2024-03-04,2.0,1.98,2.0,1.94,221326.19
2024-03-05,1.97,1.93,1.97,1.92,174841.29
2024-03-06,1.93,1.93,1.95,1.91,155250.82
2024-03-07,1.93,1.93,1.96,1.92,168711.3
2024-03-08,1.92,1.92,1.93,1.9,117363.19
2024-03-11,1.92,1.96,1.96,1.91,206459.13
2024-03-12,1.96,2.15,2.15,1.94,687036.16
2024-03-13,2.11,2.06,2.15,2.02,891016.95
2024-03-14,2.06,2.04,2.08,2.02,513918.06
2024-03-15,2.04,2.03,2.06,2.0,408206.03
2024-03-18,2.03,2.04,2.05,2.0,361834.3
2024-03-19,2.03,2.01,2.04,2.01,290282.0
2024-03-20,2.01,2.02,2.03,2.0,206887.5
2024-03-21,2.02,2.06,2.08,2.02,450807.8
2024-03-22,2.05,2.0,2.06,1.98,342451.01
2024-03-25,2.0,2.0,2.07,1.98,356723.0
2024-03-26,2.01,2.1,2.1,2.0,595926.2
2024-03-27,2.08,2.01,2.08,2.0,447783.98
2024-03-28,2.0,2.0,2.03,2.0,349274.82
2024-03-29,2.0,1.99,2.0,1.96,306904.0
2024-04-01,1.99,2.0,2.02,1.98,256603.84
2024-04-02,2.0,2.01,2.04,1.99,268182.74
2024-04-03,2.0,1.99,2.02,1.98,199458.55
2024-04-08,1.99,1.97,2.0,1.96,227736.17
2024-04-09,1.96,1.98,1.99,1.96,192879.97
2024-04-10,1.98,1.92,1.98,1.9,272111.0
2024-04-11,1.91,1.93,1.94,1.9,160455.0
2024-04-12,1.92,1.88,1.93,1.88,166323.0
2024-04-15,1.88,1.86,1.91,1.82,242640.21
2024-04-16,1.85,1.82,1.86,1.81,220337.0
2024-04-17,1.83,1.9,1.91,1.82,288562.79
2024-04-18,1.89,1.87,1.9,1.86,149160.6
2024-04-19,1.86,1.86,1.89,1.85,142267.11
2024-04-22,1.86,1.84,1.87,1.83,117048.0
2024-04-23,1.84,1.85,1.86,1.83,110590.32
2024-04-24,1.85,1.85,1.85,1.82,91681.0
2024-04-25,1.83,1.86,1.87,1.83,134802.94
2024-04-26,1.85,1.93,1.94,1.85,275338.81
2024-04-29,2.03,2.12,2.12,2.0,1030704.45
2024-04-30,2.17,2.15,2.21,2.12,1481988.21
2024-05-06,2.21,2.15,2.24,2.15,887548.45
2024-05-07,2.14,2.18,2.2,2.12,516430.11
2024-05-08,2.15,2.13,2.16,2.12,396438.0
2024-05-09,2.15,2.16,2.2,2.14,482723.53
2024-05-10,2.17,2.22,2.25,2.15,731562.59
2024-05-13,2.21,2.22,2.24,2.18,485260.26
2024-05-14,2.22,2.22,2.23,2.18,363812.49
2024-05-15,2.21,2.24,2.29,2.2,538518.59
2024-05-16,2.26,2.34,2.37,2.25,807204.83
2024-05-17,2.36,2.58,2.58,2.33,1415418.83
2024-05-20,2.61,2.67,2.81,2.54,1827430.95
2024-05-21,2.69,2.89,2.94,2.66,2166264.02
2024-05-22,2.88,2.82,2.99,2.79,2249828.76
2024-05-23,2.72,2.71,2.79,2.65,1387308.61
2024-05-24,2.68,2.6,2.69,2.59,732542.0
2024-05-27,2.59,2.62,2.64,2.52,687344.0
2024-05-28,2.66,2.53,2.67,2.53,520615.0
2024-05-29,2.53,2.57,2.6,2.51,527609.23
2024-05-30,2.54,2.52,2.55,2.51,388586.0
2024-05-31,2.52,2.53,2.56,2.5,347264.68
2024-06-03,2.52,2.51,2.53,2.45,431712.0
2024-06-04,2.49,2.55,2.58,2.47,535585.0
2024-06-05,2.53,2.48,2.54,2.47,348143.03
2024-06-06,2.48,2.42,2.51,2.38,439990.15
2024-06-07,2.42,2.44,2.46,2.4,321760.4
2024-06-11,2.45,2.43,2.46,2.4,259057.96
2024-06-12,2.42,2.43,2.44,2.41,166964.46
2024-06-13,2.44,2.39,2.46,2.37,280446.0
2024-06-14,2.39,2.42,2.44,2.36,320121.7
2024-06-17,2.41,2.39,2.42,2.37,184378.0
2024-06-18,2.39,2.39,2.41,2.37,160306.76
2024-06-19,2.39,2.37,2.4,2.37,161079.87
2024-06-20,2.37,2.34,2.38,2.33,239323.0
2024-06-21,2.35,2.37,2.38,2.34,206057.45
2024-06-24,2.35,2.29,2.36,2.28,226785.0
2024-06-25,2.29,2.32,2.37,2.27,253466.88
2024-06-26,2.33,2.37,2.37,2.31,229522.74
2024-06-27,2.36,2.35,2.39,2.35,235371.36
2024-06-28,2.34,2.36,2.4,2.33,250814.24
2024-07-01,2.37,2.48,2.48,2.36,442194.2
2024-07-02,2.45,2.45,2.5,2.44,295129.77
2024-07-03,2.46,2.5,2.53,2.44,310403.02
2024-07-04,2.5,2.44,2.5,2.43,285005.82
2024-07-05,2.44,2.41,2.45,2.38,248647.0
2024-07-08,2.41,2.33,2.41,2.31,260918.68
2024-07-09,2.31,2.37,2.38,2.3,212215.0
2024-07-10,2.36,2.33,2.37,2.31,144564.68
2024-07-11,2.36,2.36,2.37,2.33,200187.91
2024-07-12,2.37,2.42,2.46,2.36,381402.0
2024-07-15,2.4,2.35,2.41,2.34,261868.0
2024-07-16,2.36,2.36,2.37,2.33,175184.1
2024-07-17,2.34,2.35,2.4,2.34,248058.1
2024-07-18,2.35,2.37,2.37,2.31,185778.0
2024-07-19,2.35,2.34,2.36,2.31,193834.0
2024-07-22,2.34,2.31,2.35,2.3,159261.0
2024-07-23,2.32,2.29,2.35,2.29,199454.94
2024-07-24,2.29,2.26,2.3,2.25,186178.96
2024-07-25,2.26,2.25,2.29,2.24,142564.0
2024-07-26,2.25,2.3,2.3,2.25,168908.96
2024-07-29,2.3,2.29,2.3,2.27,123129.01
2024-07-30,2.28,2.33,2.34,2.28,184865.0
2024-07-31,2.33,2.4,2.41,2.31,260262.94
2024-08-01,2.4,2.39,2.43,2.37,189634.35
2024-08-02,2.38,2.38,2.42,2.37,174335.0
2024-08-05,2.37,2.34,2.41,2.33,202393.0
2024-08-06,2.35,2.37,2.37,2.33,166212.0
2024-08-07,2.36,2.33,2.37,2.33,131493.0
2024-08-08,2.34,2.38,2.42,2.33,241388.0
2024-08-09,2.38,2.44,2.48,2.37,421129.0
2024-08-12,2.44,2.35,2.44,2.34,279761.0
2024-08-13,2.36,2.38,2.39,2.34,137835.08
2024-08-14,2.38,2.39,2.4,2.37,137196.0
2024-08-15,2.38,2.44,2.44,2.37,258009.0
2024-08-16,2.44,2.43,2.45,2.42,154177.0
2024-08-19,2.41,2.44,2.45,2.38,228956.0
2024-08-20,2.46,2.37,2.48,2.36,385285.88
2024-08-21,2.37,2.4,2.42,2.36,268462.0
2024-08-22,2.41,2.37,2.44,2.37,233998.0
2024-08-23,2.36,2.34,2.37,2.3,242940.24
2024-08-26,2.35,2.33,2.37,2.3,361246.0
2024-08-27,2.32,2.26,2.32,2.24,362284.3
2024-08-28,2.23,2.09,2.24,2.07,534472.85
2024-08-29,2.08,2.07,2.11,2.06,295811.78
2024-08-30,2.06,2.15,2.23,2.05,578412.35
2024-09-02,2.14,2.05,2.14,2.05,342824.94
2024-09-03,2.04,2.04,2.08,2.02,252316.0
2024-09-04,2.02,1.99,2.06,1.99,259093.84
2024-09-05,1.99,1.99,2.03,1.97,271278.99
2024-09-06,1.99,1.94,1.99,1.94,217696.84
2024-09-09,1.93,1.95,1.97,1.91,190008.51
2024-09-10,1.95,1.91,1.96,1.88,217904.0
2024-09-11,1.9,1.87,1.9,1.85,236995.28
2024-09-12,1.87,1.88,1.91,1.86,208968.05
2024-09-13,1.88,1.89,1.91,1.87,178749.0
2024-09-18,1.91,1.91,1.94,1.84,240791.0
2024-09-19,1.91,1.97,1.99,1.9,321386.0
2024-09-20,1.94,1.99,2.0,1.94,300875.51
2024-09-23,1.98,1.98,1.99,1.95,204633.0
2024-09-24,2.01,2.09,2.1,1.99,497837.58
2024-09-25,2.09,2.14,2.25,2.09,657729.0
2024-09-26,2.12,2.35,2.35,2.1,862993.62
2024-09-27,2.45,2.43,2.48,2.35,956419.06
2024-09-30,2.6,2.67,2.67,2.49,1097790.45
2024-10-08,2.93,2.68,2.94,2.55,1267156.68
2024-10-09,2.6,2.41,2.6,2.41,743509.0
2024-10-10,2.35,2.33,2.41,2.24,725183.35
2024-10-11,2.32,2.36,2.39,2.3,514613.14
2024-10-14,2.44,2.46,2.49,2.37,694876.67
2024-10-15,2.41,2.37,2.45,2.36,538194.06
2024-10-16,2.36,2.49,2.5,2.34,790566.03
2024-10-17,2.52,2.35,2.53,2.33,699395.43
2024-10-18,2.34,2.37,2.4,2.27,540957.74
2024-10-21,2.36,2.34,2.38,2.32,380147.15
2024-10-22,2.33,2.36,2.37,2.32,308765.54
2024-10-23,2.35,2.36,2.41,2.35,514007.0
2024-10-24,2.35,2.37,2.4,2.33,390172.59
2024-10-25,2.37,2.43,2.45,2.37,511774.8
2024-10-28,2.43,2.52,2.52,2.42,545032.0
2024-10-29,2.52,2.4,2.53,2.39,505639.0
2024-10-30,2.4,2.43,2.47,2.39,406809.0
2024-10-31,2.4,2.48,2.52,2.39,572195.97
2024-11-01,2.48,2.43,2.55,2.42,523808.0
2024-11-04,2.45,2.41,2.47,2.35,411771.97
2024-11-05,2.41,2.55,2.56,2.41,698630.08
2024-11-06,2.54,2.6,2.63,2.45,781500.88
2024-11-07,2.58,2.8,2.83,2.56,1020796.99
2024-11-08,2.86,2.64,2.89,2.63,907465.87
2024-11-11,2.63,2.6,2.67,2.55,509208.45
2024-11-12,2.6,2.58,2.64,2.55,504378.17
2024-11-13,2.56,2.56,2.62,2.52,385452.4
2024-11-14,2.61,2.48,2.63,2.47,502833.09
2024-11-15,2.46,2.39,2.48,2.38,365243.41
2024-11-18,2.42,2.45,2.51,2.42,493589.39
2024-11-19,2.46,2.43,2.47,2.36,394354.13
2024-11-20,2.42,2.46,2.46,2.39,340297.98
2024-11-21,2.45,2.46,2.47,2.42,254449.39
2024-11-22,2.45,2.38,2.49,2.37,357211.04
2024-11-25,2.38,2.37,2.39,2.32,286494.25
2024-11-26,2.36,2.36,2.4,2.35,220872.75
2024-11-27,2.36,2.39,2.4,2.29,273025.11
2024-11-28,2.4,2.42,2.46,2.38,320209.1
2024-11-29,2.42,2.45,2.47,2.39,294964.75
2024-12-02,2.45,2.54,2.56,2.44,455853.72
2024-12-03,2.55,2.57,2.58,2.51,343607.0
2024-12-04,2.56,2.51,2.57,2.48,281902.0
2024-12-05,2.5,2.56,2.56,2.49,297080.37
2024-12-06,2.56,2.65,2.68,2.56,655201.67
2024-12-09,2.66,2.55,2.68,2.53,570956.0
2024-12-10,2.67,2.58,2.73,2.57,659838.0
2024-12-11,2.58,2.69,2.71,2.57,739905.99
2024-12-12,2.69,2.76,2.76,2.65,680053.7
2024-12-13,2.75,2.63,2.76,2.61,564607.75
2024-12-16,2.63,2.65,2.69,2.6,454360.6
2024-12-17,2.63,2.54,2.67,2.52,498899.62
2024-12-18,2.55,2.53,2.56,2.51,303944.3
2024-12-19,2.51,2.5,2.53,2.46,360354.0
2024-12-20,2.5,2.47,2.53,2.46,317960.0
2024-12-23,2.46,2.33,2.46,2.33,549872.67
2024-12-24,2.33,2.34,2.35,2.29,410585.25
2024-12-25,2.36,2.31,2.38,2.29,327333.0
2024-12-26,2.31,2.3,2.34,2.29,299439.57
2024-12-27,2.3,2.32,2.36,2.28,416565.0
2024-12-30,2.32,2.28,2.32,2.25,341275.0
2024-12-31,2.27,2.23,2.3,2.22,305397.0
2025-01-02,2.24,2.2,2.29,2.18,380087.53
2025-01-03,2.2,2.15,2.22,2.13,408635.72
2025-01-06,2.15,2.14,2.17,2.1,293526.28
2025-01-07,2.15,2.17,2.18,2.13,286918.44
2025-01-08,2.17,2.17,2.19,2.11,304689.11
2025-01-09,2.15,2.16,2.17,2.14,188613.91
2025-01-10,2.17,2.09,2.18,2.08,309373.64
2025-01-13,2.06,2.1,2.11,2.03,262078.0
2025-01-14,2.1,2.16,2.17,2.09,302445.39
2025-01-15,2.16,2.14,2.17,2.12,254132.0
2025-01-16,2.15,2.17,2.21,2.14,296255.0
2025-01-17,2.15,2.17,2.19,2.13,271371.0
2025-01-20,2.18,2.18,2.2,2.12,282403.0
2025-01-21,2.19,2.18,2.24,2.17,402174.0
2025-01-22,2.16,2.12,2.17,2.11,277797.04
2025-01-23,2.14,2.14,2.18,2.13,266408.0
2025-01-24,2.13,2.14,2.15,2.11,230095.0
2025-01-27,1.98,1.93,2.02,1.93,551608.4
2025-02-05,1.9,1.88,1.92,1.87,458359.0
2025-02-06,1.88,1.93,1.93,1.83,475288.0
2025-02-07,1.92,1.97,2.0,1.91,450666.18
2025-02-10,1.98,2.02,2.03,1.97,410583.69
2025-02-11,2.02,1.99,2.05,1.97,328218.0
2025-02-12,1.99,2.02,2.02,1.97,294868.0
2025-02-13,2.04,2.07,2.1,2.02,535915.0
2025-02-14,2.07,2.01,2.08,1.99,356486.23
2025-02-17,2.02,2.04,2.06,1.99,336875.29
2025-02-18,2.04,1.98,2.04,1.97,296769.0
2025-02-19,1.97,1.99,1.99,1.96,245090.0
2025-02-20,1.98,1.98,2.0,1.96,241764.67
2025-02-21,1.97,1.95,1.99,1.93,252510.0
2025-02-24,1.95,1.99,2.02,1.94,400923.66
2025-02-25,1.98,1.95,2.0,1.95,265012.3
2025-02-26,1.96,2.02,2.02,1.96,396964.67
2025-02-27,2.03,2.01,2.06,1.99,309643.03
2025-02-28,2.0,1.98,2.02,1.97,362996.03
2025-03-03,1.98,1.97,2.02,1.96,316626.0
2025-03-04,1.97,1.96,1.97,1.93,225664.0
2025-03-05,1.96,1.93,1.96,1.91,262679.94
2025-03-06,1.94,2.0,2.02,1.93,423997.5
2025-03-07,2.0,1.95,2.0,1.94,345654.0
2025-03-10,1.96,1.96,1.97,1.94,196543.0
2025-03-11,1.94,1.96,1.96,1.92,203090.29
2025-03-12,1.96,1.94,1.96,1.94,181171.0
2025-03-13,1.95,1.93,1.95,1.91,200428.84
2025-03-14,1.93,1.97,1.97,1.92,276608.16
2025-03-17,1.98,1.99,2.01,1.97,280170.0
2025-03-18,2.01,1.98,2.01,1.96,212843.0
2025-03-19,1.97,1.98,1.99,1.95,192655.0
2025-03-20,1.98,1.99,2.01,1.97,239292.89
2025-03-21,1.99,1.98,2.0,1.96,222464.0
2025-03-24,1.97,1.94,1.97,1.92,230784.0
2025-03-25,1.94,1.95,1.96,1.92,187831.0
2025-03-26,1.94,1.98,2.0,1.94,322341.21
2025-03-27,1.98,1.97,1.98,1.94,176775.51
2025-03-28,1.97,1.95,1.97,1.94,168646.03
2025-03-31,1.94,1.94,1.95,1.92,188190.35
2025-04-01,1.94,1.95,1.96,1.93,166726.0
2025-04-02,1.95,1.94,1.95,1.93,103998.96
2025-04-03,1.93,1.97,1.97,1.93,210020.3
2025-04-07,1.93,1.77,1.94,1.77,398145.0
2025-04-08,1.73,1.78,1.79,1.72,353306.63
2025-04-09,1.75,1.83,1.85,1.67,398334.67
2025-04-10,1.82,1.88,1.9,1.82,331212.8
2025-04-11,1.85,1.85,1.88,1.84,220683.0
2025-04-14,1.86,1.86,1.87,1.84,199400.96
2025-04-15,1.86,1.84,1.86,1.83,167569.0
2025-04-16,1.84,1.82,1.87,1.79,210556.0
2025-04-17,1.81,1.86,1.9,1.8,316426.0
2025-04-18,1.86,1.93,1.94,1.86,438546.0
2025-04-21,1.94,1.93,1.95,1.89,271360.03
2025-04-22,1.92,1.96,1.97,1.92,336452.03
2025-04-23,1.96,1.95,1.98,1.93,230633.0
2025-04-24,1.95,1.94,1.98,1.91,294737.0
2025-04-25,1.94,1.96,2.02,1.93,441796.53
2025-04-28,1.95,1.86,1.96,1.85,355796.0
2025-04-29,1.84,1.86,1.87,1.84,209250.9
2025-04-30,1.85,1.87,1.9,1.85,236814.14
2025-05-06,1.88,1.89,1.9,1.87,236261.0
2025-05-07,1.92,1.92,1.98,1.91,353464.0
2025-05-08,1.91,1.93,1.95,1.9,198146.0
2025-05-09,1.93,1.88,1.93,1.88,231356.06
2025-05-12,1.89,1.89,1.9,1.86,170543.0
2025-05-13,1.9,1.88,1.91,1.87,203077.5
2025-05-14,1.89,1.91,1.92,1.86,243565.0
2025-05-15,1.9,1.89,1.93,1.89,142778.0
2025-05-16,1.9,1.87,1.9,1.86,156854.0
2025-05-19,1.88,1.93,1.94,1.87,368093.64
2025-05-20,1.93,1.92,1.94,1.9,176243.0
2025-05-21,1.93,1.9,1.93,1.9,197834.03
2025-05-22,1.9,1.88,1.91,1.86,235385.8
2025-05-23,1.88,1.83,1.88,1.82,360880.0
2025-05-26,1.83,1.84,1.84,1.81,172498.0
2025-05-27,1.83,1.85,1.85,1.82,170417.63
2025-05-28,1.84,1.82,1.85,1.81,150417.0
2025-05-29,1.82,1.87,1.87,1.82,236758.0
2025-05-30,1.86,1.84,1.88,1.84,177980.0
2025-06-03,1.84,1.85,1.86,1.83,126553.24
2025-06-04,1.85,1.87,1.88,1.84,205214.0
2025-06-05,1.87,1.86,1.89,1.85,166096.0
2025-06-06,1.86,1.86,1.87,1.85,110523.87
2025-06-09,1.86,1.86,1.87,1.84,132146.0
2025-06-10,1.87,1.84,1.88,1.82,235972.0
2025-06-11,1.84,1.85,1.87,1.83,181459.0
2025-06-12,1.86,1.84,1.86,1.83,160531.17
2025-06-13,1.84,1.8,1.84,1.8,247812.0
2025-06-16,1.8,1.83,1.84,1.8,224039.54
2025-06-17,1.84,1.83,1.84,1.81,161019.0
2025-06-18,1.83,1.8,1.83,1.8,147793.5
2025-06-19,1.8,1.78,1.81,1.76,168725.18
2025-06-20,1.77,1.77,1.79,1.76,135361.0
2025-06-23,1.76,1.79,1.79,1.74,148370.77
2025-06-24,1.79,1.81,1.82,1.78,167503.0
2025-06-25,1.82,1.83,1.83,1.8,187037.04
2025-06-26,1.83,1.82,1.84,1.81,202402.14
2025-06-27,1.82,1.82,1.85,1.81,230034.03
2025-06-30,1.83,1.81,1.83,1.81,170806.0
2025-07-01,1.82,1.8,1.82,1.79,144541.36
2025-07-02,1.8,1.83,1.83,1.8,239659.76
2025-07-03,1.83,1.84,1.86,1.83,194655.76
2025-07-04,1.84,1.83,1.85,1.82,205868.0
2025-07-07,1.83,1.86,1.88,1.82,312552.71
2025-07-08,1.87,1.88,1.88,1.85,205031.0
2025-07-09,1.88,1.9,1.9,1.87,298026.97
2025-07-10,1.9,1.97,2.0,1.89,607390.77
2025-07-11,1.99,2.0,2.03,1.97,513129.9
2025-07-14,1.99,1.94,2.0,1.93,339911.0
2025-07-15,1.93,1.92,1.94,1.87,413743.0
2025-07-16,1.92,1.92,1.95,1.91,232506.52
2025-07-17,1.94,1.91,1.94,1.9,228187.24
2025-07-18,1.92,1.9,1.93,1.89,173124.0
2025-07-21,1.91,1.94,1.95,1.9,264047.81
2025-07-22,1.95,1.96,1.96,1.92,282067.83
2025-07-23,1.96,1.94,1.99,1.93,282552.83
2025-07-24,1.95,1.99,2.02,1.93,391783.97
2025-07-25,1.99,1.97,2.0,1.96,278846.55
2025-07-28,1.97,1.97,1.98,1.94,230308.87
2025-07-29,1.97,1.98,1.98,1.95,326892.39
2025-07-30,1.97,1.95,1.99,1.95,282238.68
2025-07-31,1.95,1.89,1.96,1.88,371360.68
2025-08-01,1.89,1.87,1.9,1.86,270074.0
2025-08-04,1.86,1.86,1.87,1.84,238996.99
2025-08-05,1.87,1.87,1.9,1.86,280613.81
2025-08-06,1.88,1.86,1.88,1.84,252852.0
2025-08-07,1.86,1.87,1.88,1.84,245541.67
2025-08-08,1.87,1.89,1.89,1.86,205306.6
2025-08-11,1.89,1.94,1.95,1.88,341620.87
2025-08-12,1.95,1.95,1.97,1.93,239840.79
2025-08-13,1.96,1.95,1.97,1.94,258604.02
2025-08-14,1.96,1.93,1.97,1.92,269155.0
2025-08-15,1.93,1.95,1.98,1.92,336291.0
2025-08-18,1.96,1.95,1.97,1.94,356466.89
2025-08-19,1.95,1.97,1.98,1.94,246372.84
2025-08-20,1.96,1.99,1.99,1.94,270974.89
2025-08-21,1.99,1.99,2.01,1.97,215975.33
2025-08-22,1.99,1.97,1.99,1.95,230049.0
2025-08-25,1.97,2.03,2.06,1.97,554829.33
2025-08-26,2.03,2.02,2.04,1.99,285698.05
2025-08-27,2.02,1.94,2.04,1.94,323931.0
2025-08-28,1.95,1.94,1.98,1.89,374088.22
2025-08-29,1.96,1.92,1.97,1.91,319504.0
2025-09-01,1.91,1.93,1.96,1.88,407672.0
2025-09-02,1.94,1.94,1.97,1.91,353667.25
2025-09-03,1.94,1.92,1.97,1.91,313953.0
2025-09-04,1.93,1.95,1.96,1.92,408091.83
2025-09-05,1.95,1.96,1.96,1.9,351490.0
2025-09-08,1.95,1.96,1.99,1.94,408614.0
2025-09-09,1.96,2.02,2.04,1.96,602624.4
2025-09-10,2.02,2.07,2.08,2.0,554787.26
2025-09-11,2.06,2.11,2.12,2.03,471928.6
2025-09-12,2.11,2.18,2.2,2.1,619397.53
2025-09-15,2.17,2.25,2.3,2.09,931326.82
2025-09-16,2.2,2.27,2.29,2.2,779748.43
2025-09-17,2.27,2.23,2.28,2.18,523206.7
2025-09-18,2.23,2.2,2.32,2.17,672968.89
2025-09-19,2.21,2.14,2.23,2.08,507044.56
2025-09-22,2.13,2.13,2.13,2.04,406225.43
2025-09-23,2.11,2.01,2.12,1.98,452303.78
2025-09-24,2.0,2.06,2.08,1.99,396443.56
2025-09-25,2.05,2.01,2.06,2.01,323156.0
2025-09-26,2.0,2.02,2.08,1.99,342597.45
2025-09-29,2.02,2.02,2.03,1.95,406393.45
2025-09-30,2.02,2.05,2.07,2.0,347862.0
2025-10-09,2.06,2.02,2.07,1.98,420277.34
2025-10-10,2.02,2.06,2.09,2.01,474894.67
2025-10-13,2.03,2.05,2.06,1.97,306804.85
2025-10-14,2.06,2.06,2.13,2.04,493936.88
2025-10-15,2.08,2.07,2.11,2.04,338822.0
2025-10-16,2.07,2.06,2.09,2.04,314405.38
2025-10-17,2.06,2.04,2.1,2.03,356227.38
2025-10-20,2.06,2.07,2.11,2.05,404061.0
2025-10-21,2.07,2.17,2.17,2.06,497197.53
2025-10-22,2.18,2.21,2.24,2.15,453122.66
2025-10-23,2.21,2.2,2.24,2.14,398789.68
2025-10-24,2.21,2.1,2.21,2.09,450004.0
2025-10-27,2.1,2.08,2.12,2.07,389705.67
2025-10-28,2.07,2.05,2.08,2.04,341062.67
2025-10-29,2.07,2.05,2.07,2.02,299821.68
2025-10-30,2.04,1.98,2.05,1.97,432398.0
2025-10-31,1.98,1.96,2.0,1.95,458356.58
2025-11-03,1.96,1.98,1.99,1.95,350099.0
2025-11-04,1.98,2.0,2.01,1.97,373399.0
2025-11-05,1.99,2.04,2.05,1.97,420723.73
2025-11-06,2.04,2.05,2.06,2.01,356954.73
2025-11-07,2.04,2.04,2.07,2.02,289019.0
2025-11-10,2.04,2.08,2.08,2.02,336225.72
2025-11-11,2.08,2.13,2.14,2.08,474825.27
2025-11-12,2.13,2.12,2.16,2.1,320026.0
2025-11-13,2.12,2.16,2.16,2.08,392471.51
2025-11-14,2.15,2.2,2.22,2.14,511835.47
2025-11-17,2.19,2.22,2.22,2.17,461166.78
2025-11-18,2.22,2.12,2.23,2.08,588149.0
2025-11-19,2.12,2.06,2.15,2.04,429960.88
2025-11-20,2.06,2.06,2.11,2.0,533744.24
2025-11-21,2.05,2.01,2.11,1.99,598619.03
2025-11-24,2.02,2.04,2.07,2.0,431385.0
2025-11-25,2.04,2.06,2.08,2.01,320101.88
2025-11-26,2.05,2.04,2.1,2.03,352424.0
2025-11-27,2.03,2.06,2.07,1.98,346931.97
2025-11-28,2.06,2.07,2.08,2.0,377887.0
2025-12-01,2.08,2.05,2.09,2.05,298476.06
2025-12-02,2.05,2.08,2.09,2.01,463011.97
2025-12-03,2.08,2.07,2.12,2.04,394636.0
2025-12-04,2.06,2.02,2.08,2.0,550458.74
2025-12-05,2.01,2.01,2.02,1.96,470707.11
2025-12-08,2.0,2.04,2.07,2.0,493024.99
2025-12-09,2.05,1.95,2.05,1.94,609284.0
2025-12-10,1.93,1.97,2.01,1.9,702746.47
2025-12-11,1.96,1.84,1.97,1.84,717638.22
2025-12-12,1.84,1.81,1.85,1.8,522614.83
2025-12-15,1.79,1.8,1.82,1.77,328357.0
2025-12-16,1.8,1.8,1.83,1.78,411956.14
2025-12-17,1.79,1.8,1.81,1.76,347434.44
2025-12-18,1.79,1.82,1.83,1.78,414563.95
2025-12-19,1.83,1.88,1.89,1.81,455162.94
2025-12-22,1.88,1.86,1.88,1.85,315250.0
2025-12-23,1.85,1.81,1.86,1.81,288495.31
2025-12-24,1.81,1.81,1.83,1.8,185862.69
2025-12-25,1.81,1.82,1.83,1.81,190167.0
2025-12-26,1.82,1.82,1.83,1.81,168554.0
2025-12-29,1.82,1.8,1.83,1.8,221144.0
2025-12-30,1.8,1.79,1.81,1.77,217443.56
2025-12-31,1.79,1.81,1.82,1.78,219359.9
2026-01-05,1.81,1.82,1.84,1.8,231141.75
2026-01-06,1.82,1.84,1.85,1.81,331354.06
2026-01-07,1.84,1.82,1.86,1.82,214261.03
2026-01-08,1.82,1.84,1.86,1.8,284641.29
2026-01-09,1.84,1.84,1.85,1.82,237084.2
2026-01-12,1.84,1.84,1.85,1.82,213680.29
2026-01-13,1.84,1.83,1.86,1.81,369261.0
2026-01-14,1.83,1.81,1.85,1.79,401187.0
2026-01-15,1.8,1.8,1.82,1.78,269248.0
2026-01-16,1.8,1.73,1.81,1.73,403382.77
2026-01-19,1.73,1.75,1.76,1.71,196475.74
2026-01-20,1.75,1.78,1.79,1.74,295902.0
2026-01-21,1.78,1.79,1.81,1.76,247012.0
2026-01-22,1.8,1.82,1.82,1.77,262781.03
2026-01-23,1.82,1.83,1.84,1.8,245725.93
2026-01-26,1.84,1.81,1.85,1.8,239502.0
2026-01-27,1.81,1.77,1.82,1.76,241793.03
2026-01-28,1.78,1.82,1.83,1.77,352663.0
2026-01-29,1.81,1.85,1.87,1.8,404047.03
2026-01-30,1.84,1.83,1.85,1.78,366949.59
2026-02-02,1.82,1.81,1.87,1.8,452669.51
2026-02-03,1.82,1.85,1.86,1.81,341057.4
2026-02-04,1.86,2.04,2.04,1.86,982750.3
2026-02-05,2.02,2.05,2.07,1.99,1022333.35
2026-02-06,2.08,2.08,2.1,2.01,705973.0
2026-02-09,2.12,2.13,2.15,2.08,607442.35
2026-02-10,2.14,2.16,2.17,2.1,450619.0
2026-02-11,2.16,2.24,2.25,2.13,593552.43
2026-02-12,2.23,2.25,2.41,2.22,826015.0
2026-02-13,2.26,2.21,2.26,2.17,617313.56
2026-02-24,2.22,2.23,2.24,2.11,521337.61
2026-02-25,2.24,2.22,2.27,2.2,316687.32
2026-02-26,2.22,2.14,2.22,2.13,368446.0
2026-02-27,2.14,2.15,2.17,2.12,320248.0
2026-03-02,2.14,2.13,2.17,2.1,336249.2
2026-03-03,2.14,2.07,2.17,2.06,285546.0
2026-03-04,2.05,2.06,2.09,2.03,218839.0
2026-03-05,2.08,2.06,2.09,2.02,246777.0
2026-03-06,2.06,2.11,2.11,2.04,219943.0
2026-03-09,2.1,2.06,2.14,2.03,354811.0
2026-03-10,2.07,2.08,2.1,2.06,241612.0
2026-03-11,2.08,2.07,2.09,2.04,224476.87
2026-03-12,2.07,2.07,2.1,2.05,231453.12
2026-03-13,2.07,2.06,2.11,2.05,264811.0
2026-03-16,2.05,2.08,2.13,2.05,232824.65
2026-03-17,2.09,2.13,2.22,2.08,385831.46
2026-03-18,2.13,2.08,2.14,2.05,317064.2
2026-03-19,2.07,2.04,2.09,2.02,203776.0
2026-03-20,2.04,2.01,2.06,1.99,264827.53
2026-03-23,1.98,1.88,1.99,1.86,394971.0
2026-03-24,1.92,1.95,1.96,1.88,272310.2
2026-03-25,1.96,1.99,2.02,1.93,327106.18
2026-03-26,1.99,1.97,2.03,1.96,196201.0
2026-03-27,1.96,1.99,2.0,1.95,201757.03
2026-03-30,1.97,1.98,2.0,1.92,210233.67
2026-03-31,1.99,1.95,2.04,1.95,234665.19
2026-04-01,1.98,1.93,1.99,1.9,321186.74
2026-04-02,1.93,1.93,1.94,1.9,204362.62
2026-04-03,1.92,1.87,1.93,1.85,216289.87
2026-04-07,1.87,1.91,1.91,1.85,170335.0
2026-04-08,1.94,1.96,1.97,1.9,230450.67
2026-04-09,1.95,1.91,1.97,1.9,152562.0
2026-04-10,1.93,1.92,1.97,1.91,172598.3
2026-04-13,1.93,1.97,2.0,1.91,223914.3
2026-04-14,1.98,2.06,2.12,1.95,403477.3
2026-04-15,2.06,1.91,2.07,1.9,449096.74
2026-04-16,1.91,1.93,1.94,1.89,229482.0
2026-04-17,1.94,1.93,1.96,1.9,209278.0
2026-04-20,1.92,1.9,1.93,1.89,201653.0
2026-04-21,1.9,1.89,1.92,1.87,161291.0
2026-04-22,1.89,1.88,1.9,1.87,133441.97
2026-04-23,1.89,1.87,1.89,1.84,177817.01
2026-04-24,1.87,1.84,1.87,1.82,142563.0
2026-04-27,1.84,1.86,1.86,1.8,190402.0
2026-04-28,1.84,1.89,1.91,1.84,230159.0
2026-04-29,1.89,2.0,2.02,1.88,363829.41
2026-04-30,1.99,2.02,2.03,1.92,382469.4
2026-05-06,2.03,2.08,2.1,2.02,352808.83
2026-05-07,2.08,2.02,2.08,2.01,253617.03
2026-05-08,2.03,2.06,2.08,2.0,318128.0
2026-05-11,2.06,2.08,2.1,2.04,296104.78
2026-05-12,2.09,2.08,2.12,2.04,287801.76
2026-05-13,2.07,2.07,2.09,2.03,264232.0
2026-05-14,2.07,2.01,2.08,2.0,199040.0
2026-05-15,2.01,1.98,2.02,1.97,175768.0
2026-05-18,1.97,1.98,1.98,1.93,294967.97
2026-05-19,1.98,1.98,2.0,1.94,203147.67
2026-05-20,1.97,1.94,1.98,1.92,178978.0
2026-05-21,1.94,1.84,1.96,1.84,235621.0
2026-05-22,1.87,1.89,1.9,1.83,200108.0
2026-05-25,1.91,1.9,1.94,1.88,249076.43
2026-05-26,1.9,1.87,1.91,1.84,193817.0
2026-05-27,1.86,1.82,1.88,1.8,187296.0
2026-05-28,1.82,1.87,1.89,1.81,278987.0
2026-05-29,1.89,1.88,1.98,1.86,325167.0
2026-06-01,1.88,1.95,1.96,1.83,282667.35
2026-06-02,1.94,1.92,1.96,1.89,224607.0
2026-06-03,1.92,1.87,1.93,1.84,221830.0
2026-06-04,1.87,1.93,2.06,1.86,690757.07
2026-06-05,1.93,2.12,2.12,1.92,549312.3
2026-06-08,2.12,2.33,2.33,2.12,592701.9
2026-06-09,2.49,2.1,2.51,2.1,1256838.0
2026-06-10,2.03,1.97,2.07,1.89,1305316.6
2026-06-11,1.94,1.91,2.06,1.89,868675.05
2026-06-12,1.91,1.9,1.94,1.8,792463.78
2026-06-15,1.9,1.94,2.0,1.9,605361.5
2026-06-16,1.93,1.98,2.02,1.92,533267.93
2026-06-17,1.99,1.89,2.01,1.87,463973.21
2026-06-18,1.88,1.8,1.89,1.76,654152.9
2026-06-22,1.79,1.78,1.79,1.69,469374.58
2026-06-23,1.76,1.81,1.83,1.75,448787.03
2026-06-24,1.8,1.76,1.81,1.73,390401.0
2026-06-25,1.76,1.71,1.76,1.69,292537.97
2026-06-26,1.7,1.68,1.73,1.67,285010.18
2026-06-29,1.67,1.65,1.68,1.6,266075.0
2026-06-30,1.64,1.66,1.67,1.62,213662.0
2026-07-01,1.66,1.69,1.73,1.63,267612.0
2026-07-02,1.69,1.68,1.74,1.66,253187.0
2026-07-03,1.68,1.69,1.71,1.66,215364.03
2026-07-06,1.7,1.72,1.75,1.69,270567.0
2026-07-07,1.72,1.67,1.73,1.65,230296.0
2026-07-08,1.67,1.67,1.69,1.64,237264.0
2026-07-09,1.67,1.71,1.73,1.66,258666.0
2026-07-10,1.71,1.76,1.8,1.68,358101.81
2026-07-13,1.74,1.7,1.78,1.68,253837.0
2026-07-14,1.69,1.73,1.73,1.68,205526.81
2026-07-15,1.71,1.74,1.77,1.69,324231.0
2026-07-16,1.73,1.74,1.76,1.7,245454.0
2026-07-17,1.74,1.67,1.78,1.65,362153.0
2026-07-20,1.67,1.67,1.71,1.64,312670.0
2026-07-21,1.68,1.65,1.68,1.61,326123.15
2026-07-22,1.64,1.65,1.66,1.62,225516.0
2026-07-23,1.65,1.68,1.68,1.62,223629.0
2026-07-24,1.67,1.65,1.71,1.64,183181.0
2026-07-27,1.64,1.68,1.68,1.63,163585.87
2026-07-28,1.67,1.85,1.85,1.67,716728.96
2026-07-29,1.88,1.89,1.97,1.83,870844.12
2026-07-30,1.86,1.88,1.93,1.84,614312.0
2026-07-31,1.86,1.97,1.99,1.82,541821.0
2026-08-03,1.97,2.02,2.04,1.96,346552.07
2026-08-04,2.05,2.08,2.08,2.01,411890.69
2026-08-05,2.07,2.14,2.15,2.06,354519.0
2026-08-06,2.12,2.12,2.19,2.09,363737.0
2026-08-07,2.12,2.12,2.13,2.02,438786.81
2026-08-10,2.11,2.18,2.2,2.08,315066.72
2026-08-11,2.18,2.3,2.33,2.15,533217.25
2026-08-12,2.28,2.31,2.36,2.22,551879.97
2026-08-13,2.31,2.28,2.35,2.27,415475.48
2026-08-14,2.28,2.24,2.31,2.18,301468.6
2026-08-17,2.25,2.29,2.31,2.17,430907.55
2026-08-18,2.31,2.3,2.31,2.27,244641.3
2026-08-19,2.29,2.27,2.32,2.21,350405.99
2026-08-20,2.26,2.47,2.48,2.24,765484.18
2026-08-21,2.44,2.37,2.46,2.32,448114.64
2026-08-24,2.36,2.32,2.37,2.28,285226.0
2026-08-25,2.32,2.31,2.34,2.24,498780.62
2026-08-26,2.3,2.29,2.32,2.25,297593.3
2026-08-27,2.27,2.28,2.3,2.24,251092.19
2026-08-28,2.28,2.23,2.3,2.2,444583.99
2026-08-31,2.28,2.21,2.3,2.2,448542.78
2026-09-01,2.19,2.21,2.25,2.18,368356.76
2026-09-02,2.19,2.25,2.3,2.15,446222.08
2026-09-03,2.27,2.24,2.29,2.2,330439.0
2026-09-04,2.24,2.19,2.28,2.18,432270.43
2026-09-07,2.18,2.16,2.2,2.12,324777.03
2026-09-08,2.15,2.21,2.22,2.14,316119.03
2026-09-09,2.2,2.14,2.2,2.13,245951.0
2026-09-10,2.13,2.13,2.16,2.11,262314.6
2026-09-11,2.12,2.03,2.13,2.0,279967.13
2026-09-14,2.03,2.03,2.05,1.99,292116.62
2026-09-15,2.03,1.99,2.04,1.98,291176.04
2026-09-16,1.98,2.0,2.02,1.95,312036.01
2026-09-17,2.0,2.01,2.04,1.97,372136.0
2026-09-18,2.0,2.0,2.02,1.96,498950.29
