date,open,close,high,low,volume
2013-01-04,5.7,5.66,5.75,5.65,5085.74
2013-01-07,5.66,5.69,5.69,5.63,6361.95
2013-01-08,5.69,5.7,5.7,5.65,9940.42
2013-01-09,5.71,5.74,5.89,5.71,16759.35
2013-01-10,5.74,5.73,5.78,5.7,8617.34
2013-01-11,5.72,5.57,5.76,5.55,9495.86
2013-01-14,5.48,5.57,5.63,5.19,35885.63
2013-01-15,5.51,5.67,5.71,5.48,25034.61
2013-01-16,5.62,5.59,5.7,5.56,17514.04
2013-01-17,5.56,5.63,5.65,5.55,9060.36
2013-01-18,5.64,5.77,5.82,5.62,19359.35
2013-01-21,5.74,5.8,5.86,5.68,18316.39
2013-01-22,5.8,5.67,5.85,5.63,13497.26
2013-01-23,5.65,5.75,5.76,5.63,8806.68
2013-01-24,5.74,5.66,5.77,5.52,10340.5
2013-01-25,5.59,5.62,5.63,5.55,6960.62
2013-01-28,5.6,5.71,5.74,5.58,8108.67
2013-01-29,5.73,5.9,5.97,5.69,29880.19
2013-01-30,5.92,6.18,6.29,5.83,38127.36
2013-01-31,6.4,6.44,6.44,6.19,46357.1
2013-02-01,6.38,6.4,6.52,6.16,23867.28
2013-02-04,6.33,6.33,6.51,6.27,11770.35
2013-02-05,6.32,6.25,6.32,6.18,7840.72
2013-02-06,6.21,6.29,6.38,6.21,8699.7
2013-02-07,6.29,6.27,6.32,6.19,5731.0
2013-02-08,6.27,6.27,6.29,6.21,9742.15
2013-02-18,6.27,6.15,6.27,6.13,7722.4
2013-02-19,6.15,6.16,6.18,6.07,11778.44
2013-02-20,6.11,6.24,6.24,6.11,9534.82
2013-02-21,6.18,6.21,6.23,6.1,10187.51
2013-02-22,6.21,6.45,6.65,6.15,18269.77
2013-02-25,6.36,6.49,6.64,6.34,13005.09
2013-02-26,6.46,6.5,6.57,6.37,15789.32
2013-02-27,6.51,6.71,6.8,6.51,21114.36
2013-02-28,6.74,6.73,6.82,6.6,14401.57
2013-03-01,6.71,6.67,6.77,6.64,8620.72
2013-03-04,6.61,6.47,6.63,6.43,12313.97
2013-03-05,6.47,6.68,6.68,6.41,10306.23
2013-03-06,6.69,6.8,6.81,6.59,24242.92
2013-03-07,6.77,6.71,6.77,6.57,27188.5
2013-03-08,6.72,6.58,6.74,6.58,13039.53
2013-03-11,6.53,6.65,6.68,6.46,13662.69
2013-03-12,6.65,6.52,6.65,6.46,14140.25
2013-03-13,6.52,6.6,6.61,6.49,4298.49
2013-03-14,6.64,6.79,6.83,6.57,24296.08
2013-03-15,6.79,6.86,7.0,6.73,20998.98
2013-03-18,6.87,6.71,7.07,6.61,23118.49
2013-03-19,6.65,6.72,6.78,6.64,11305.49
2013-03-20,6.69,6.84,6.85,6.69,17873.41
2013-03-21,6.82,6.98,6.99,6.75,26088.05
2013-03-22,6.94,7.03,7.06,6.86,15668.67
2013-03-25,7.01,6.91,7.13,6.81,20557.74
2013-03-26,6.93,6.88,6.93,6.8,12733.2
2013-03-27,6.83,7.05,7.14,6.83,25771.97
2013-03-28,7.04,7.19,7.25,6.86,44904.32
2013-03-29,7.19,7.21,7.3,7.09,45686.88
2013-04-01,7.13,7.64,7.8,7.13,61418.62
2013-04-02,7.77,7.63,7.77,7.51,38953.6
2013-04-03,7.61,7.62,8.39,7.39,56773.98
2013-04-08,7.55,7.25,7.55,7.07,46570.45
2013-04-09,7.13,7.37,7.46,7.13,40515.28
2013-04-10,7.35,7.41,7.48,7.21,39728.47
2013-04-11,7.4,7.39,7.51,7.3,35108.0
2013-04-12,7.39,7.33,7.39,7.21,30351.55
2013-04-15,7.25,7.24,7.29,7.02,25450.16
2013-04-16,7.18,7.43,7.47,7.13,20221.12
2013-04-17,7.36,7.54,7.59,7.28,29172.45
2013-04-18,7.49,7.66,7.72,7.45,46233.35
2013-04-19,7.61,7.64,7.73,7.53,47036.99
2013-04-22,7.57,7.37,7.57,7.25,47000.43
2013-04-23,7.43,7.36,7.55,7.24,37612.31
2013-04-24,7.32,7.59,7.6,7.28,52361.35
2013-04-25,7.56,7.53,7.66,7.39,49081.31
2013-04-26,7.46,7.51,7.76,7.38,44593.44
2013-05-02,7.51,7.02,7.51,6.97,49159.83
2013-05-03,7.02,6.86,7.12,6.85,35566.8
2013-05-06,6.91,6.75,6.91,6.55,44060.85
2013-05-07,6.75,6.83,6.83,6.66,36998.04
2013-05-08,6.83,6.68,6.93,6.64,41389.05
2013-05-09,6.69,6.72,6.76,6.61,26173.76
2013-05-10,6.73,6.53,6.75,6.52,31515.7
2013-05-13,6.53,6.77,6.77,6.44,28916.5
2013-05-14,6.74,6.58,6.74,6.57,16914.2
2013-05-15,6.57,6.58,6.71,6.55,14290.07
2013-05-16,6.58,6.71,6.71,6.56,19412.12
2013-05-17,6.71,6.74,6.75,6.64,17522.53
2013-05-20,6.72,6.67,6.8,6.63,30556.07
2013-05-21,6.65,6.44,6.65,6.3,58549.53
2013-05-22,6.4,6.42,6.49,6.38,25352.96
2013-05-23,6.44,6.44,6.48,6.39,17297.71
2013-05-24,6.46,6.46,6.48,6.41,15985.38
2013-05-27,6.47,6.63,6.66,6.44,31372.4
2013-05-28,6.62,6.61,6.75,6.6,31513.69
2013-05-29,6.62,6.63,6.74,6.62,21277.77
2013-05-30,6.62,6.6,6.72,6.58,14908.3
2013-05-31,6.62,6.43,6.62,6.4,24846.78
2013-06-03,6.43,6.32,6.45,6.29,14289.28
2013-06-04,6.34,6.13,6.35,6.1,21280.25
2013-06-05,6.1,6.19,6.27,6.1,9727.78
2013-06-06,6.23,6.17,6.26,6.15,8400.29
2013-06-07,6.18,6.04,6.22,6.04,11832.13
2013-06-13,6.05,5.72,6.05,5.7,15769.44
2013-06-14,5.72,5.77,5.84,5.72,7943.91
2013-06-17,5.77,5.77,5.82,5.7,8865.83
2013-06-18,5.79,5.74,5.83,5.72,6674.69
2013-06-19,5.75,5.57,5.76,5.49,11201.34
2013-06-20,5.62,5.53,5.62,5.51,7724.1
2013-06-21,5.5,5.56,5.59,5.32,9280.06
2013-06-24,5.54,5.02,5.54,5.01,11069.12
2013-06-25,5.01,4.87,5.07,4.61,17657.7
2013-06-26,4.91,4.98,5.07,4.88,8143.61
2013-06-27,5.07,4.72,5.07,4.72,9901.06
2013-06-28,4.88,5.2,5.2,4.88,9058.78
2013-07-01,5.71,5.71,5.71,5.49,25595.68
2013-07-02,6.0,6.0,6.24,5.87,77842.56
2013-07-03,5.98,5.94,6.05,5.8,39911.21
2013-07-04,5.86,5.79,6.08,5.77,35615.74
2013-07-05,5.84,5.62,5.88,5.62,28526.8
2013-07-08,5.59,5.21,5.59,5.21,22786.14
2013-07-09,5.27,5.27,5.33,5.2,14919.91
2013-07-10,5.22,5.43,5.48,5.22,24780.48
2013-07-11,5.43,5.94,5.97,5.37,52575.45
2013-07-12,5.94,5.76,5.94,5.73,31842.7
2013-07-15,5.72,5.76,5.91,5.69,19361.36
2013-07-16,5.79,5.75,5.79,5.65,15961.57
2013-07-17,5.75,5.55,5.75,5.51,14425.93
2013-07-18,5.55,5.59,5.66,5.53,13069.68
2013-07-19,5.52,5.41,5.66,5.41,13348.41
2013-07-22,5.35,5.48,5.48,5.29,13145.78
2013-07-23,5.43,5.77,5.93,5.43,28663.39
2013-07-24,5.7,5.82,5.96,5.7,24962.28
2013-07-25,5.82,5.82,5.93,5.79,18863.4
2013-07-26,5.76,5.74,5.88,5.73,10852.56
2013-07-29,5.69,5.9,5.94,5.69,16862.68
2013-07-30,5.82,5.93,5.98,5.73,16396.77
2013-07-31,5.94,6.09,6.15,5.88,22391.85
2013-08-01,6.23,6.19,6.3,6.1,21386.21
2013-08-02,6.15,6.26,6.3,6.07,23193.53
2013-08-05,6.46,6.89,6.89,6.46,41870.01
2013-08-06,6.92,6.77,6.92,6.65,45086.36
2013-08-07,6.7,6.57,6.75,6.49,31335.47
2013-08-08,6.52,6.45,6.76,6.44,23945.28
2013-08-09,6.49,6.57,6.61,6.33,20632.18
2013-08-12,6.57,6.71,6.77,6.53,27011.6
2013-08-13,6.66,6.75,6.76,6.6,16219.1
2013-08-14,6.79,6.61,6.79,6.55,17952.07
2013-08-15,6.61,6.52,6.65,6.49,11388.99
2013-08-16,6.46,6.33,6.6,6.32,14704.95
2013-08-19,6.27,6.35,6.39,6.21,10001.88
2013-08-20,6.38,6.32,6.4,6.3,6575.34
2013-08-21,6.32,6.57,6.57,6.22,12496.07
2013-08-22,6.57,6.61,6.69,6.54,15590.78
2013-08-23,6.61,6.48,6.61,6.43,14689.8
2013-08-26,6.49,6.66,6.69,6.4,12870.61
2013-08-27,6.68,6.84,7.1,6.68,43943.95
2013-08-28,6.7,6.83,6.88,6.63,31093.97
2013-08-29,7.0,7.24,7.31,6.91,83037.89
2013-08-30,7.3,7.55,7.92,7.13,123505.56
2013-09-02,7.86,7.08,7.98,6.8,88347.87
2013-09-03,7.28,7.38,7.5,6.99,92614.98
2013-09-04,7.8,7.53,7.92,7.44,103542.28
2013-09-05,7.52,7.19,7.52,7.1,62520.4
2013-09-06,7.13,7.11,7.29,6.98,51833.78
2013-09-09,7.05,7.22,7.43,6.94,71184.46
2013-09-10,7.16,7.39,7.53,7.03,77690.13
2013-09-11,7.36,7.0,7.5,6.99,52011.05
2013-09-12,7.0,7.0,7.07,6.82,25898.6
2013-09-13,6.99,6.97,7.0,6.75,32105.33
2013-09-16,6.97,6.94,7.1,6.85,19516.1
2013-09-17,7.03,6.86,7.07,6.83,19174.44
2013-09-26,7.53,6.99,7.53,6.94,59052.26
2013-09-27,7.0,6.76,7.1,6.52,27504.67
2013-09-30,6.76,6.6,6.82,6.6,16852.35
2013-10-08,6.7,7.19,7.25,6.7,42557.35
2013-10-09,7.28,7.91,7.91,7.27,99172.54
2013-10-10,8.69,8.07,8.7,8.0,164448.67
2013-10-11,8.09,7.86,8.28,7.7,75321.04
2013-10-14,7.91,8.64,8.64,7.86,111310.4
2013-10-15,8.65,8.41,8.77,8.28,103883.43
2013-10-16,8.26,7.78,8.33,7.56,66093.73
2013-10-17,7.79,7.64,7.92,7.59,40907.52
2013-10-18,7.65,7.74,7.8,7.44,27191.29
2013-10-21,7.8,7.8,7.89,7.63,31611.85
2013-10-22,7.78,7.78,7.97,7.74,33835.37
2013-10-23,7.77,7.28,7.77,7.26,36036.65
2013-10-24,7.28,7.23,7.39,7.13,16910.31
2013-10-25,7.23,6.96,7.25,6.89,18286.55
2013-10-28,6.99,7.08,7.13,6.98,14513.86
2013-10-29,7.09,6.66,7.12,6.46,23386.5
2013-10-30,6.62,6.91,7.02,6.58,19882.62
2013-10-31,6.91,6.94,7.1,6.86,19873.86
2013-11-01,6.88,6.74,6.88,6.65,12928.51
2013-11-04,6.82,6.86,6.89,6.75,9557.37
2013-11-05,6.74,6.95,6.99,6.74,13104.27
2013-11-06,6.95,6.8,7.03,6.79,16508.77
2013-11-07,6.74,6.58,6.77,6.58,13965.56
2013-11-08,6.58,6.57,6.69,6.46,10057.78
2013-11-11,6.46,6.47,6.53,6.33,12200.63
2013-11-12,6.44,6.48,6.55,6.44,9817.03
2013-11-13,6.52,6.49,6.65,6.47,13719.43
2013-11-14,6.49,6.54,6.57,6.37,10470.15
2013-11-15,6.57,6.73,6.79,6.47,16602.46
2013-11-18,6.81,6.97,6.99,6.74,23490.44
2013-11-19,7.04,6.94,7.09,6.91,16114.82
2013-11-20,6.97,7.46,7.47,6.87,44653.49
2013-11-21,7.9,7.49,7.92,7.49,79114.09
2013-11-22,7.38,7.29,7.4,7.16,36607.58
2013-11-25,7.24,7.58,7.8,7.17,57446.4
2013-11-26,8.02,7.86,8.31,7.81,102948.0
2013-11-27,8.15,8.03,8.27,7.83,70978.24
2013-11-28,8.16,7.78,8.16,7.77,52612.31
2013-11-29,7.72,7.6,7.72,7.52,40032.44
2013-12-02,7.25,6.91,7.41,6.91,41244.77
2013-12-03,6.69,7.19,7.21,6.64,32189.44
2013-12-04,7.31,7.68,7.7,7.22,56681.29
2013-12-05,7.74,7.48,7.77,7.45,43756.51
2013-12-06,7.44,7.49,7.58,7.37,18383.52
2013-12-09,7.55,7.37,7.55,7.31,20035.95
2013-12-10,7.37,7.4,7.46,7.28,20121.98
2013-12-11,7.34,7.23,7.36,7.13,21931.65
2013-12-12,7.24,7.13,7.27,7.1,15605.44
2013-12-13,7.1,7.19,7.24,7.1,11801.93
2013-12-16,7.57,7.26,7.57,7.25,22386.66
2013-12-17,7.22,7.15,7.28,7.13,13662.95
2013-12-18,7.13,7.14,7.21,7.07,8248.85
2013-12-19,7.3,7.64,7.64,7.25,54589.91
2013-12-20,7.6,7.49,7.63,7.44,44359.64
2013-12-23,7.42,7.04,7.48,6.85,27299.02
2013-12-24,7.0,7.08,7.21,7.0,17221.78
2013-12-25,7.19,7.11,7.19,7.0,15705.88
2013-12-26,7.0,6.76,7.1,6.71,24600.66
2013-12-27,6.74,6.84,6.89,6.74,9791.57
2013-12-30,6.88,6.85,6.92,6.83,8518.01
2013-12-31,6.79,6.86,6.91,6.78,10206.81
2014-01-02,6.87,6.89,6.89,6.83,9692.03
2014-01-03,6.87,6.8,6.9,6.79,8967.6
2014-01-06,6.8,6.49,6.8,6.46,14195.82
2014-01-07,6.46,6.49,6.6,6.44,11552.01
2014-01-08,6.49,6.63,6.66,6.46,11498.89
2014-01-09,6.63,6.46,6.65,6.46,11893.84
2014-01-10,6.4,6.18,6.46,6.18,11021.8
2014-01-13,6.18,6.04,6.24,6.0,8485.91
2014-01-14,6.09,6.13,6.21,6.03,8467.45
2014-01-15,6.09,6.12,6.15,6.06,9711.13
2014-01-16,6.13,6.17,6.31,6.07,10911.66
2014-01-17,6.14,6.06,6.14,6.05,7151.36
2014-01-20,6.12,6.02,6.12,5.96,5361.4
2014-01-21,6.03,6.07,6.19,6.02,6670.27
2014-01-22,6.16,6.26,6.29,6.06,13018.07
2014-01-23,6.28,6.21,6.29,6.16,13121.45
2014-01-24,6.19,6.26,6.29,6.19,10520.49
2014-01-27,6.31,6.27,6.33,6.18,9995.04
2014-01-28,6.3,6.43,6.46,6.3,15091.75
2014-01-29,6.44,6.35,6.44,6.3,9592.57
2014-01-30,6.37,6.34,6.41,6.25,8522.25
2014-02-07,6.29,6.35,6.36,6.21,8253.18
2014-02-10,6.35,6.49,6.54,6.33,17956.26
2014-02-11,6.46,6.46,6.52,6.41,17623.11
2014-02-12,6.46,6.59,6.59,6.42,21010.7
2014-02-13,6.65,6.52,6.67,6.49,19266.04
2014-02-14,6.6,6.58,6.62,6.51,12461.92
2014-02-17,6.64,6.62,6.65,6.58,15093.33
2014-02-18,6.61,6.54,6.61,6.47,18088.09
2014-02-19,6.54,6.5,6.57,6.46,18524.66
2014-02-20,6.61,6.57,6.66,6.49,26544.53
2014-02-21,6.61,6.49,6.61,6.46,12240.55
2014-02-24,6.49,6.33,6.54,6.3,13835.02
2014-02-25,6.4,6.33,6.58,6.32,20958.99
2014-02-26,6.33,6.17,6.42,5.98,12737.26
2014-02-27,6.21,6.14,6.24,6.09,11057.12
2014-02-28,6.09,6.2,6.22,6.01,9310.35
2014-03-03,6.2,6.31,6.31,6.1,9913.15
2014-03-04,6.26,6.24,6.27,6.17,10590.65
2014-03-05,6.28,6.19,6.29,6.18,8736.21
2014-03-06,6.22,6.18,6.27,6.15,8587.82
2014-03-07,6.15,6.19,6.23,6.15,6121.21
2014-03-10,6.21,6.02,6.21,6.01,9175.46
2014-03-11,6.02,5.98,6.06,5.9,7865.79
2014-03-12,5.94,6.0,6.04,5.9,6755.03
2014-03-13,6.06,6.01,6.09,5.98,5540.25
2014-03-14,6.0,6.09,6.17,5.98,10944.97
2014-03-17,6.05,6.15,6.17,6.04,8696.21
2014-03-18,6.18,6.12,6.21,6.09,8132.35
2014-03-19,6.11,6.18,6.18,6.08,7117.39
2014-03-20,6.18,6.01,6.2,5.99,7926.82
2014-03-21,5.97,6.08,6.08,5.91,6866.65
2014-03-24,6.06,6.18,6.21,6.06,12671.14
2014-03-25,6.15,6.23,6.27,6.14,16993.99
2014-03-26,6.23,6.21,6.26,6.16,8424.85
2014-03-27,6.18,6.06,6.19,6.04,10647.97
2014-03-28,6.12,6.27,6.3,6.02,18597.37
2014-03-31,6.24,6.2,6.32,6.15,13225.66
2014-04-01,6.2,6.82,6.82,6.18,45952.15
2014-04-02,7.04,6.89,7.18,6.7,108982.76
2014-04-03,6.85,6.75,6.88,6.68,45892.58
2014-04-04,6.77,6.65,6.77,6.49,38757.13
2014-04-08,6.62,6.68,6.69,6.53,25496.4
2014-04-09,6.67,6.66,6.74,6.58,28208.27
2014-04-10,6.73,6.77,6.93,6.72,65925.59
2014-04-11,6.72,6.55,6.72,6.44,37743.5
2014-04-14,6.51,6.63,6.63,6.4,23876.19
2014-04-15,6.58,6.96,7.16,6.58,89251.45
2014-04-16,7.13,7.3,7.66,7.07,123467.19
2014-04-17,7.18,7.42,7.54,6.97,100336.58
2014-04-18,7.38,7.78,8.03,7.25,147689.19
2014-04-21,7.55,7.55,7.64,7.4,92864.45
2014-04-22,7.48,7.38,7.7,7.21,68782.88
2014-04-23,7.28,7.13,7.36,7.08,47219.93
2014-04-24,7.16,6.98,7.16,6.97,37319.72
2014-04-25,6.99,6.72,7.18,6.67,56125.5
2014-04-28,6.74,6.48,6.74,6.46,32986.69
2014-04-29,6.47,6.63,6.64,6.44,27425.17
2014-04-30,6.61,6.81,6.93,6.57,46354.49
2014-05-05,6.79,6.83,7.0,6.71,41393.46
2014-05-06,6.87,6.81,6.9,6.64,33456.48
2014-05-07,6.76,6.55,6.8,6.54,24896.98
2014-05-08,6.52,7.07,7.14,6.46,64487.29
2014-05-09,6.94,6.88,7.05,6.86,45330.95
2014-05-12,6.97,7.0,7.05,6.88,38928.39
2014-05-13,6.97,7.39,7.54,6.91,80932.56
2014-05-14,7.3,7.62,7.64,7.2,89507.27
2014-05-15,7.59,7.14,7.59,7.13,66613.82
2014-05-16,7.32,7.5,7.6,7.03,89711.03
2014-05-19,7.37,7.18,7.38,7.16,44370.22
2014-05-20,7.24,6.92,7.26,6.83,52757.37
2014-05-21,6.86,7.0,7.0,6.76,27865.77
2014-05-22,6.97,6.99,7.1,6.92,32641.17
2014-05-23,6.91,6.94,6.97,6.79,20025.57
2014-05-26,6.97,7.07,7.1,6.89,24296.98
2014-05-27,7.12,7.28,7.33,7.07,53130.16
2014-05-28,7.23,7.25,7.3,7.14,41505.52
2014-05-29,7.24,7.21,7.42,7.17,48317.61
2014-05-30,7.28,7.35,7.37,7.18,45310.97
2014-06-03,7.26,7.07,7.29,7.0,39135.29
2014-06-04,7.07,6.9,7.08,6.88,26965.12
2014-06-05,6.91,7.05,7.05,6.9,19735.63
2014-06-06,7.06,6.98,7.09,6.91,18230.98
2014-06-09,6.98,7.05,7.17,6.94,19243.9
2014-06-10,7.02,7.23,7.23,7.0,27038.83
2014-06-11,7.17,7.22,7.25,7.11,22211.41
2014-06-12,7.19,7.16,7.37,7.15,34725.8
2014-06-13,7.16,7.06,7.16,6.99,29711.04
2014-06-16,7.07,7.06,7.11,6.99,22239.98
2014-06-17,7.05,6.95,7.05,6.95,17875.42
2014-06-18,6.93,6.75,7.01,6.74,31891.68
2014-06-19,6.75,6.58,6.79,6.51,23940.8
2014-06-20,6.56,6.68,6.72,6.54,11602.37
2014-06-23,6.72,6.67,6.73,6.64,10185.4
2014-06-24,6.67,6.76,6.79,6.63,10747.08
2014-06-25,6.77,6.6,6.77,6.58,11991.66
2014-06-26,6.62,6.7,6.71,6.61,13851.97
2014-06-27,6.72,6.74,6.78,6.66,15212.03
2014-06-30,6.74,6.77,6.79,6.72,16747.03
2014-07-01,6.77,6.82,6.85,6.75,18163.72
2014-07-02,6.82,6.96,6.99,6.75,32751.88
2014-07-03,6.93,7.02,7.08,6.86,34272.5
2014-07-04,7.02,7.09,7.24,6.88,45885.04
2014-07-07,7.02,6.94,7.02,6.91,20695.9
2014-07-08,6.95,6.94,6.96,6.86,14732.79
2014-07-09,6.93,6.93,7.11,6.89,31013.64
2014-07-10,6.94,6.81,6.96,6.8,21267.48
2014-07-11,6.81,6.94,7.07,6.76,18517.32
2014-07-14,7.0,7.12,7.16,6.89,40304.8
2014-07-15,7.12,7.26,7.26,7.07,47616.0
2014-07-16,7.21,7.64,7.76,7.14,130713.24
2014-07-17,7.49,7.33,7.49,7.29,68548.05
2014-07-18,7.33,7.21,7.33,7.17,26734.18
2014-07-21,7.35,7.2,7.48,7.19,37259.64
2014-07-22,7.24,7.58,7.58,7.17,73787.24
2014-07-23,7.37,7.34,7.54,7.26,45775.82
2014-07-24,7.28,7.17,7.31,7.1,31082.68
2014-07-25,7.17,7.23,7.29,7.15,19986.9
2014-07-28,7.24,7.38,7.4,7.17,40341.35
2014-07-29,7.38,7.36,7.42,7.31,35740.65
2014-07-30,7.33,7.38,7.48,7.33,31202.69
2014-07-31,7.32,7.5,7.59,7.26,54589.1
2014-08-01,7.46,7.32,7.56,7.31,46922.1
2014-08-04,7.32,7.41,7.43,7.28,26518.44
2014-08-05,7.39,7.56,7.58,7.35,55755.1
2014-08-06,7.51,7.5,7.54,7.42,35068.25
2014-08-07,7.48,7.35,7.54,7.35,31308.21
2014-08-08,7.4,7.37,7.4,7.26,19379.38
2014-08-11,7.37,7.47,7.47,7.33,26043.02
2014-08-12,7.47,7.53,7.54,7.39,29140.26
2014-09-24,8.28,8.28,8.28,8.28,3200.35
2014-09-25,9.11,9.11,9.11,9.11,27736.07
2014-09-26,9.93,9.48,9.93,9.34,238153.47
2014-09-29,9.47,9.15,9.55,9.13,114708.57
2014-09-30,9.04,9.05,9.21,8.99,86893.95
2014-10-08,9.08,9.22,9.26,8.99,79207.59
2014-10-09,9.18,9.13,9.2,9.01,69176.48
2014-10-10,9.05,9.02,9.11,8.99,47221.12
2014-10-13,9.05,9.1,9.19,9.03,41779.81
2014-10-14,9.07,9.05,9.22,9.03,45611.66
2014-10-15,9.07,8.75,9.11,8.73,67471.19
2014-10-16,8.77,8.57,8.82,8.56,41882.14
2014-10-17,8.57,8.68,8.7,8.42,40150.37
2014-10-20,8.66,8.78,8.81,8.59,32064.0
2014-10-21,8.78,8.59,8.87,8.59,26369.31
2014-10-22,8.61,8.42,8.68,8.42,25903.59
2014-10-23,8.37,8.45,8.54,8.34,27053.82
2014-10-24,8.48,8.49,8.56,8.38,16411.34
2014-10-27,8.42,8.59,8.6,8.42,22612.86
2014-10-28,8.63,8.9,8.97,8.63,56870.69
2014-10-29,8.92,9.24,9.4,8.83,112607.74
2014-10-30,9.23,10.05,10.16,9.12,199618.78
2014-10-31,10.12,10.16,10.75,9.83,173858.83
2014-11-03,10.22,11.13,11.13,10.22,171591.31
2014-11-04,11.11,11.26,12.09,11.01,173811.07
2014-11-05,11.36,11.12,11.52,10.75,128203.69
2014-11-06,11.04,12.24,12.24,10.82,168921.73
2014-11-07,12.35,11.7,12.47,11.65,155936.57
2014-11-10,11.97,12.11,12.38,11.62,143767.51
2014-11-11,12.11,11.22,12.37,11.14,116307.97
2014-11-12,11.0,11.22,11.46,10.75,125152.06
2014-11-13,11.45,10.75,11.45,10.71,102960.46
2014-11-14,10.72,10.62,10.73,10.32,94010.39
2014-11-17,10.56,10.78,10.94,10.4,83533.58
2014-11-18,10.64,10.93,11.01,10.57,91769.08
2014-11-19,10.82,10.75,11.15,10.72,76309.26
2014-11-20,10.49,10.58,10.71,10.38,60469.04
2014-11-21,10.62,10.73,10.84,10.55,53518.28
2014-11-24,10.81,10.83,10.95,10.58,67487.07
2014-11-25,10.82,11.07,11.19,10.61,103564.43
2014-11-26,11.03,10.78,11.03,10.66,70050.04
2014-11-27,10.77,10.58,10.88,10.55,59627.82
2014-11-28,10.58,10.41,10.79,10.41,66231.4
2014-12-01,10.41,10.47,10.55,10.34,41786.9
2014-12-02,10.49,10.57,10.66,10.49,49823.25
2014-12-03,10.57,10.33,10.57,10.2,69908.46
2014-12-04,10.3,10.62,10.65,10.23,70588.85
2014-12-05,10.51,10.24,10.51,9.87,62162.2
2014-12-08,10.3,11.27,11.27,10.3,170812.51
2014-12-09,11.39,11.01,12.33,10.99,240349.58
2014-12-10,11.0,12.09,12.11,11.0,133958.61
2014-12-11,12.22,12.47,12.99,11.78,151545.14
2014-12-12,12.5,11.88,12.52,11.68,105928.32
2014-12-15,11.88,11.67,12.11,11.34,80535.11
2014-12-16,11.62,11.85,12.02,11.39,86896.43
2014-12-17,11.71,11.71,12.08,11.52,73598.94
2014-12-18,11.6,11.49,11.74,11.43,49719.51
2014-12-19,11.7,11.91,12.06,11.49,80394.97
2014-12-22,12.21,10.72,12.21,10.72,90378.91
2014-12-23,10.78,10.7,11.11,10.63,43429.98
2014-12-24,10.76,10.77,10.89,10.6,32440.72
2014-12-25,10.81,10.89,10.94,10.73,32193.68
2014-12-26,10.94,11.98,11.98,10.89,117492.62
2014-12-29,12.22,11.99,12.46,11.88,129537.13
2014-12-30,11.9,11.6,11.98,11.46,57328.48
2014-12-31,11.67,11.91,12.24,11.66,58561.2
2015-01-05,11.9,11.83,12.02,11.46,48125.17
2015-01-06,11.84,12.09,12.31,11.65,82655.6
2015-01-07,11.99,12.22,12.22,11.73,72752.45
2015-01-08,12.19,11.82,12.25,11.71,56114.98
2015-01-09,11.67,11.52,12.02,11.51,53805.14
2015-01-12,11.33,10.95,11.37,10.95,40675.39
2015-01-13,11.01,11.14,11.2,10.95,26311.8
2015-01-14,11.2,10.72,11.22,10.66,36853.6
2015-01-15,10.73,10.85,11.08,10.44,26632.96
2015-01-16,10.87,11.01,11.13,10.76,27843.53
2015-01-19,10.69,10.18,10.77,9.99,42535.17
2015-01-20,10.38,10.66,10.69,10.26,32471.52
2015-01-21,10.75,11.08,11.08,10.62,40015.33
2015-01-22,11.01,11.13,11.24,10.98,38548.27
2015-01-23,11.11,10.97,11.33,10.9,38537.34
2015-01-26,10.97,11.22,11.24,10.89,35187.07
2015-01-27,11.25,11.21,11.27,10.91,36761.83
2015-01-28,11.21,11.33,11.45,11.04,56392.95
2015-01-29,11.22,11.07,11.28,11.03,30017.6
2015-01-30,11.32,10.89,11.33,10.89,27427.67
2015-02-02,10.69,11.52,11.65,10.39,87977.62
2015-02-03,11.65,12.03,12.6,11.6,128706.38
2015-02-04,11.91,12.04,12.4,11.64,96935.47
2015-02-05,12.03,11.75,12.04,11.71,54692.59
2015-02-06,11.71,10.96,11.71,10.84,55059.97
2015-02-09,10.83,10.77,11.08,10.61,33150.05
2015-02-10,10.77,10.92,11.04,10.77,25052.35
2015-02-11,10.94,11.06,11.1,10.76,26076.49
2015-02-12,11.06,11.43,11.64,10.96,43425.37
2015-02-13,11.43,11.45,11.75,11.41,41477.77
2015-02-16,11.46,11.49,11.5,11.38,27263.45
2015-02-17,11.57,11.69,11.89,11.56,41511.84
2015-02-25,11.73,11.73,11.98,11.58,49782.63
2015-02-26,11.76,11.86,11.92,11.64,34557.79
2015-02-27,11.89,13.03,13.04,11.59,117466.82
2015-03-02,12.67,13.44,13.79,12.55,173575.34
2015-03-03,13.27,13.13,14.2,13.11,141640.74
2015-03-04,13.27,13.37,13.68,12.98,74420.96
2015-03-05,13.39,13.63,14.19,13.25,103402.77
2015-03-06,13.69,12.99,13.83,12.86,76997.61
2015-03-09,13.03,13.12,13.3,12.77,48789.73
2015-03-10,13.3,13.07,13.31,13.04,47686.28
2015-03-11,13.09,12.83,13.17,12.78,47063.96
2015-03-12,12.8,12.83,13.05,12.64,37338.32
2015-03-13,12.86,13.08,13.09,12.83,30943.12
2015-03-16,13.23,13.37,13.5,13.06,54160.25
2015-03-17,13.72,13.95,14.25,13.69,111467.82
2015-03-18,14.0,14.16,14.42,13.75,92739.93
2015-03-19,14.16,14.2,14.6,13.88,85189.85
2015-03-20,14.21,14.11,14.55,14.04,68604.07
2015-03-23,14.21,14.58,14.64,14.16,105941.04
2015-03-24,14.58,14.49,14.66,13.69,94953.11
2015-03-25,14.45,14.55,15.02,14.29,95306.43
2015-03-26,14.56,14.86,15.57,14.56,101451.17
2015-03-27,14.94,15.73,15.9,14.64,145386.23
2015-03-30,15.9,16.5,17.17,15.76,172424.27
2015-03-31,16.53,15.84,16.55,15.65,118187.11
2015-04-01,15.78,15.81,15.9,15.56,75948.45
2015-04-02,15.81,15.68,15.87,15.6,68548.01
2015-04-03,15.5,16.01,16.02,15.44,79559.54
2015-04-07,16.04,16.15,16.22,15.79,95744.42
2015-04-08,16.28,15.63,16.28,15.44,90004.08
2015-04-09,16.14,16.23,17.06,15.67,143303.84
2015-04-10,16.22,15.87,16.22,15.69,93256.28
2015-04-13,15.84,15.89,15.97,15.24,84857.88
2015-04-14,15.9,16.16,16.55,15.82,123037.72
2015-04-15,16.16,15.4,16.16,15.34,75511.22
2015-04-16,15.27,15.24,15.58,14.86,57610.81
2015-04-17,15.41,15.84,16.3,15.41,93314.43
2015-04-20,15.9,16.77,17.1,15.9,186927.16
2015-04-21,16.7,16.4,16.7,15.92,91949.72
2015-04-22,16.24,16.67,16.81,16.24,111768.79
2015-04-23,16.67,16.27,16.76,16.17,91409.23
2015-04-24,15.86,17.09,17.82,15.76,162016.39
2015-04-27,17.35,18.31,18.79,17.35,199936.06
2015-04-28,18.03,17.0,18.03,17.0,114053.53
2015-04-29,16.86,17.1,17.49,16.4,72765.74
2015-04-30,17.19,16.69,17.37,16.68,52345.42
2015-05-04,16.61,16.4,16.66,16.23,46167.24
2015-05-05,16.4,15.98,16.83,15.97,54490.18
2015-05-06,15.98,15.16,16.2,14.96,50649.65
2015-05-07,15.14,14.63,15.26,14.62,40474.8
2015-05-08,14.77,15.06,15.25,14.75,39141.17
2015-05-11,15.24,15.71,15.86,15.12,45092.83
2015-05-12,15.74,15.7,15.8,15.47,58428.39
2015-05-13,15.67,15.72,15.92,15.41,59187.89
2015-05-14,15.74,16.16,16.17,15.69,59367.94
2015-05-15,16.01,15.58,16.27,15.53,48580.93
2015-05-18,15.55,15.88,16.16,14.98,56177.95
2015-05-19,16.33,17.04,17.15,16.33,125719.73
2015-05-20,16.6,16.91,17.49,16.6,122826.29
2015-05-21,16.89,17.35,17.39,16.76,94512.65
2015-05-22,17.36,17.15,17.59,16.82,90794.69
2015-05-25,17.17,17.91,18.18,17.03,137944.99
2015-05-26,17.94,18.39,18.76,17.38,146778.78
2015-05-27,18.4,17.73,18.44,17.65,100582.03
2015-05-28,17.63,15.97,17.73,15.96,123091.68
2015-05-29,15.95,15.89,16.46,14.96,74321.44
2015-06-01,15.89,17.48,17.48,15.89,83652.88
2015-06-02,18.51,18.2,19.01,17.8,162378.72
2015-06-03,18.03,17.49,18.16,17.11,97758.36
2015-06-04,17.49,18.76,18.9,16.74,140683.55
2015-06-05,18.83,18.44,18.98,18.14,123874.87
2015-06-08,18.45,18.0,18.5,17.62,77211.96
2015-06-09,17.96,18.16,18.51,17.7,66040.01
2015-06-11,19.09,18.01,19.09,17.88,93284.75
2015-06-12,17.87,17.8,18.05,17.63,75035.88
2015-06-15,17.75,18.68,19.09,17.72,144397.3
2015-06-16,18.79,19.44,20.3,18.51,246237.11
2015-06-17,19.48,18.56,19.67,17.5,130056.6
2015-06-18,18.19,17.3,18.49,17.24,83471.13
2015-06-19,16.89,15.57,16.89,15.57,62005.64
2015-06-23,15.45,15.33,15.95,14.01,53924.6
2015-06-24,15.64,16.34,16.4,15.57,66770.3
2015-06-25,16.28,15.38,16.47,15.25,59830.79
2015-06-26,14.68,13.85,14.69,13.85,54483.88
2015-06-29,14.37,12.62,14.68,12.46,61366.61
2015-06-30,12.68,13.58,13.62,11.68,68622.19
2015-07-01,13.58,12.87,14.1,12.69,58681.24
2015-07-02,12.67,11.7,13.21,11.59,56120.39
2015-07-03,11.36,10.53,11.89,10.53,58389.6
2015-07-06,11.59,11.24,11.59,9.74,74429.38
2015-07-07,10.72,10.34,11.11,10.11,74969.49
2015-07-08,9.3,10.58,11.02,9.3,116347.94
2015-07-09,10.79,11.64,11.64,10.58,58397.81
2015-07-10,12.0,12.8,12.8,12.0,59858.84
2015-07-13,13.36,14.08,14.08,12.97,94285.08
2015-07-14,13.53,13.41,14.41,13.25,93616.8
2015-07-15,13.09,12.07,13.14,12.07,56103.34
2015-07-16,12.07,12.33,12.72,12.07,41390.62
2015-07-17,12.5,13.14,13.37,12.45,40448.54
2015-07-20,13.19,13.13,13.44,12.87,42327.39
2015-07-21,13.09,13.35,13.53,12.77,43168.14
2015-07-22,13.28,13.16,13.39,12.92,34118.27
2015-07-23,13.15,13.59,13.64,13.15,45629.88
2015-07-24,13.73,13.4,14.04,13.25,60620.78
2015-07-27,13.11,12.06,13.38,12.06,41124.57
2015-07-28,11.81,12.51,12.72,10.95,61680.37
2015-07-29,12.65,13.76,13.76,12.57,65697.75
2015-07-30,14.04,13.22,14.39,13.17,93050.76
2015-07-31,12.95,13.68,13.73,12.95,52402.22
2015-08-03,13.34,13.9,13.92,13.12,41551.85
2015-08-04,14.0,14.61,15.07,13.6,67791.49
2015-08-05,14.3,13.91,14.58,13.85,48959.79
2015-08-06,13.5,13.58,14.19,13.5,27685.74
2015-08-07,13.76,13.81,14.04,13.52,27784.21
2015-08-10,13.97,14.45,14.81,13.8,51359.54
2015-08-11,14.37,14.34,14.59,14.24,51034.79
2015-08-12,14.27,13.85,14.39,13.85,28518.12
2015-08-13,13.53,14.03,14.04,13.53,26496.11
2015-08-14,14.04,14.03,14.41,13.99,30462.64
2015-08-17,14.0,14.41,14.47,13.85,34667.56
2015-08-18,14.48,12.97,14.66,12.97,47378.26
2015-08-19,12.54,13.16,13.37,12.14,26912.14
2015-08-20,13.16,13.67,14.35,12.64,46645.57
2015-08-21,13.18,12.7,14.31,12.68,34191.61
2015-08-24,11.94,11.43,12.45,11.43,22648.38
2015-08-25,10.3,10.29,10.53,10.29,19958.41
2015-08-26,10.39,9.51,10.58,9.26,39043.57
2015-08-27,9.83,9.91,10.07,9.37,21458.21
2015-08-28,10.18,10.58,10.6,10.02,27442.98
2015-08-31,10.67,10.84,10.85,10.21,33557.88
2015-09-01,10.79,9.82,10.79,9.77,23040.15
2015-09-02,9.56,10.37,10.37,9.26,32902.83
2015-09-07,10.38,10.4,10.88,10.25,19044.03
2015-09-08,10.4,10.7,10.73,9.91,14809.3
2015-09-09,10.7,10.97,11.08,10.65,25558.71
2015-09-10,10.97,10.62,10.97,10.57,13857.05
2015-09-11,10.55,10.85,10.85,10.44,18247.94
2015-09-14,10.92,9.76,11.04,9.76,20809.64
2015-09-15,9.58,9.64,9.82,9.26,21399.4
2015-09-16,9.65,10.6,10.6,9.65,26078.01
2015-09-17,10.53,10.43,10.98,10.34,37218.96
2015-09-18,10.5,10.76,10.98,10.07,36543.64
2015-09-21,10.53,10.94,11.15,10.29,39572.1
2015-09-22,10.94,10.74,11.01,10.65,27465.99
2015-09-23,10.44,10.41,10.71,10.36,16603.08
2015-09-24,10.54,10.55,10.85,10.44,15687.57
2015-09-25,10.51,9.94,10.53,9.82,18531.13
2015-09-28,9.95,10.34,10.34,9.88,13665.06
2015-09-29,10.23,10.27,10.27,9.89,12005.78
2015-09-30,10.12,10.29,10.33,10.0,8777.0
2015-10-08,10.64,10.71,10.78,10.41,23877.13
2015-10-09,10.64,10.83,10.9,10.55,25771.91
2015-10-12,10.79,11.33,11.65,10.72,39722.72
2015-10-13,11.16,11.66,11.8,11.11,47910.53
2015-10-14,11.49,11.29,11.61,11.19,30358.55
2015-10-15,11.17,11.98,12.13,11.17,48792.07
2015-10-16,11.97,13.18,13.18,11.81,74735.14
2015-10-19,13.09,13.0,13.36,12.61,55249.33
2015-10-20,12.78,12.96,13.02,12.67,35318.54
2015-10-21,13.34,11.84,13.7,11.69,73626.56
2015-10-22,11.91,12.77,12.82,11.91,52557.83
2015-10-23,12.6,13.21,13.58,12.4,83518.91
2015-10-26,13.37,14.04,14.34,12.88,91364.95
2015-10-27,13.85,14.54,15.03,13.41,85325.9
2015-10-28,14.43,13.8,14.75,13.6,62824.16
2015-10-29,13.94,14.02,14.33,13.84,44359.87
2015-10-30,14.83,15.42,15.42,14.61,127499.65
2015-11-02,15.07,15.6,16.01,14.86,140175.91
2015-11-03,15.16,15.33,15.64,15.01,58321.82
2015-11-04,15.31,16.04,16.14,15.1,105748.17
2015-11-05,16.58,15.6,16.58,15.39,118968.46
2015-11-06,15.48,15.32,15.48,15.03,101008.04
2015-11-09,14.97,14.94,15.24,14.35,106720.86
2015-11-10,14.94,14.06,15.16,14.06,137064.29
2015-11-11,14.29,14.67,14.68,14.2,101951.34
2015-11-12,14.7,14.83,15.0,14.43,97476.87
2015-11-13,14.93,15.21,15.37,14.75,118359.41
2015-11-16,14.78,14.73,14.94,14.41,73462.97
2015-11-17,14.87,15.05,15.33,14.59,106112.54
2015-11-18,14.75,14.29,14.96,14.17,62811.68
2015-11-19,14.33,14.6,14.67,13.99,50611.02
2015-11-20,14.92,14.7,15.0,14.43,66494.46
2015-11-23,14.74,14.17,14.82,14.11,67587.08
2015-11-24,14.17,13.95,14.23,13.74,40436.81
2015-11-25,13.94,14.11,14.22,13.9,40087.78
2015-11-26,14.11,13.89,14.21,13.85,38050.02
2015-11-27,13.89,12.71,13.89,12.57,50856.93
2015-11-30,12.68,12.72,12.88,12.13,37580.87
2015-12-01,12.77,12.84,12.88,12.65,25151.28
2015-12-02,12.88,13.09,13.17,12.47,32183.9
2015-12-03,13.1,13.16,13.34,12.99,28594.97
2015-12-04,13.21,13.11,13.39,13.05,28016.8
2015-12-07,13.14,13.47,13.52,12.8,34460.19
2015-12-08,13.1,13.74,13.85,13.04,65846.49
2015-12-09,13.64,13.26,13.64,13.11,37490.28
2015-12-10,13.17,13.03,13.34,13.03,21524.73
2015-12-11,13.03,12.77,13.09,12.74,17242.71
2015-12-14,12.77,12.93,12.95,12.69,15493.08
2015-12-15,12.98,12.91,13.08,12.86,19098.31
2015-12-16,13.05,12.93,13.05,12.88,18930.73
2015-12-17,13.07,13.73,13.73,13.02,55870.21
2015-12-18,13.79,13.92,14.25,13.79,80774.15
2015-12-21,13.85,14.08,14.52,13.81,68008.03
2015-12-22,13.98,14.06,14.23,13.88,38873.9
2015-12-23,14.22,13.69,14.22,13.65,44148.31
2015-12-24,13.53,13.52,13.74,13.41,20516.55
2015-12-25,13.53,13.69,13.71,13.53,17456.58
2015-12-28,13.79,14.61,15.0,13.69,110155.39
2015-12-29,14.53,14.89,14.93,14.12,79162.26
2015-12-30,15.25,14.5,15.31,14.47,105047.17
2015-12-31,14.65,14.37,14.68,14.27,47859.33
2016-01-04,14.36,12.93,14.47,12.93,37200.42
2016-01-05,12.32,12.38,12.51,11.76,51005.25
2016-01-06,12.38,12.58,12.63,12.21,35240.16
2016-01-07,12.37,11.32,12.37,11.32,11006.58
2016-01-08,11.68,11.81,11.83,10.28,46659.59
2016-01-11,11.36,10.7,11.6,10.67,31755.89
2016-01-12,10.71,10.46,11.1,10.15,27085.22
2016-01-13,10.48,10.1,10.67,10.09,22599.07
2016-01-14,9.89,10.41,10.47,9.67,20614.67
2016-01-15,10.34,10.2,10.65,9.99,23972.85
2016-01-18,10.15,10.5,10.75,10.03,21382.6
2016-01-19,10.47,10.83,10.83,10.47,24200.6
2016-01-20,10.72,10.61,10.99,10.57,24989.15
2016-01-21,10.5,10.44,10.71,10.14,22080.59
2016-01-22,10.43,10.45,10.57,10.21,17701.98
2016-01-25,10.53,10.62,10.76,10.47,17339.15
2016-01-26,10.39,9.89,10.57,9.58,25725.88
2016-01-27,9.72,9.86,9.88,9.16,22997.23
2016-01-28,9.79,9.93,10.38,9.65,20444.03
2016-01-29,9.71,10.1,10.18,9.71,18100.28
2016-02-01,9.93,9.95,10.12,9.84,8926.66
2016-02-02,9.95,10.28,10.37,9.95,16236.43
2016-02-03,10.17,10.23,10.28,10.08,11631.73
2016-02-04,10.53,11.17,11.17,10.53,30249.57
2016-02-05,10.54,10.87,11.34,10.54,29038.45
2016-02-15,10.53,10.87,10.92,10.35,17597.48
2016-02-16,10.85,11.13,11.23,10.85,33115.55
2016-02-17,11.08,11.04,11.08,10.85,24214.69
2016-02-18,11.09,10.97,11.2,10.93,25661.99
2016-02-19,10.92,11.03,11.16,10.87,18185.53
2016-02-22,11.04,11.32,11.39,11.01,27874.44
2016-02-23,11.38,11.56,11.81,11.05,45234.32
2016-02-24,11.47,11.52,11.71,11.29,36002.13
2016-02-25,11.39,10.37,11.57,10.37,46160.92
2016-02-26,10.41,10.46,10.59,10.09,19969.24
2016-09-08,11.5,11.5,11.5,11.5,1887.58
2016-09-09,12.65,12.65,12.65,12.65,7751.38
2016-09-12,12.81,13.45,13.92,12.68,222357.38
2016-09-13,13.07,14.31,14.35,12.94,219007.16
2016-09-14,14.04,13.29,14.08,12.91,138177.78
2016-09-19,13.29,13.13,13.29,12.76,86254.49
2016-09-20,13.06,13.13,13.17,12.85,70838.28
2016-09-21,13.02,12.6,13.02,12.57,78637.88
2016-09-22,12.73,12.77,12.79,12.51,68629.38
2016-09-23,12.69,12.75,12.94,12.56,68874.88
2016-09-26,12.79,12.28,12.94,12.2,58238.29
2016-09-27,12.14,11.92,12.35,11.61,66899.65
2016-09-28,12.01,11.68,12.05,11.66,40005.47
2016-09-29,11.7,11.63,11.83,11.62,34140.21
2016-09-30,11.63,11.55,11.71,11.51,30328.41
2016-10-10,11.56,11.9,11.94,11.55,42766.04
2016-10-11,11.9,12.12,12.12,11.76,55934.27
2016-10-12,12.03,11.97,12.03,11.81,41120.77
2016-10-13,11.92,12.05,12.09,11.9,43020.84
2016-10-14,12.03,11.6,12.03,11.55,77442.64
2016-10-17,11.6,11.14,11.6,10.99,83985.06
2016-10-18,11.14,11.31,11.34,11.11,38726.97
2016-10-19,11.34,11.33,11.37,11.21,36651.35
2016-10-20,11.32,11.53,11.53,11.27,50825.47
2016-10-21,11.6,11.39,11.62,11.25,56011.85
2016-10-24,11.33,11.48,11.53,11.21,45397.35
2016-10-25,11.44,11.42,11.59,11.34,39779.02
2016-10-26,11.49,11.37,11.51,11.24,37343.81
2016-10-27,11.37,11.4,11.5,11.31,41545.49
2016-10-28,11.4,11.04,11.44,11.04,45895.92
2016-10-31,10.96,10.99,11.01,10.76,43022.15
2016-11-01,11.01,11.06,11.1,10.9,37604.7
2016-11-02,11.06,10.8,11.06,10.76,48506.31
2016-11-03,10.74,10.93,11.01,10.66,48073.35
2016-11-04,10.87,10.69,10.89,10.67,71440.81
2016-11-07,10.71,10.76,10.8,10.62,35201.17
2016-11-08,10.8,10.72,10.87,10.69,59719.3
2016-11-09,10.76,10.68,10.78,10.48,54050.33
2016-11-10,11.19,11.75,11.75,11.1,230708.07
2016-11-11,12.0,12.25,12.61,11.82,352196.26
2016-11-14,12.02,12.59,12.91,11.79,299116.93
2016-11-15,12.43,12.3,12.92,12.28,226281.35
2016-11-16,12.33,12.12,12.39,11.98,155457.63
2016-11-17,11.98,11.93,12.22,11.9,100168.1
2016-11-18,11.86,11.64,11.92,11.59,109065.42
2016-11-21,11.65,11.64,11.75,11.53,77699.05
2016-11-22,11.69,11.71,11.71,11.56,73247.28
2016-11-23,11.72,11.44,11.72,11.41,80496.93
2016-11-24,11.42,11.21,11.55,11.12,77585.49
2016-11-25,11.31,11.29,11.33,10.97,59625.64
2016-11-28,11.37,11.95,12.15,11.33,179902.87
2016-11-29,11.8,11.54,11.92,11.49,103603.81
2016-11-30,11.47,11.14,11.5,11.08,71154.93
2016-12-01,11.15,11.17,11.24,11.03,53355.0
2016-12-02,11.24,10.85,11.24,10.84,57394.8
2016-12-05,10.76,10.69,10.87,10.62,32224.39
2016-12-06,10.76,10.86,10.86,10.73,30611.68
2016-12-07,10.87,10.86,10.91,10.75,28374.42
2016-12-08,10.91,10.77,11.01,10.77,32790.82
2016-12-09,10.83,10.93,10.94,10.69,39060.39
2016-12-12,10.91,10.25,10.92,10.25,50435.77
2016-12-13,10.28,10.33,10.39,10.2,38345.7
2016-12-14,10.34,10.08,10.35,10.07,32049.25
2016-12-15,10.11,10.23,10.31,10.07,25483.64
2016-12-16,10.28,10.51,10.54,10.26,43824.93
2016-12-19,10.48,10.33,10.48,10.26,27585.1
2016-12-20,10.41,10.76,10.95,10.28,71540.91
2016-12-21,10.73,10.8,10.81,10.63,48324.9
2016-12-22,10.71,10.7,10.76,10.61,30068.95
2016-12-23,10.69,10.41,10.69,10.35,34650.0
2016-12-26,10.32,10.3,10.35,10.04,40384.55
2016-12-27,10.32,10.29,10.38,10.26,28074.07
2016-12-28,10.31,10.27,10.44,10.22,26791.49
2016-12-29,10.18,10.23,10.35,10.13,21522.18
2016-12-30,10.25,10.19,10.32,10.19,22203.0
2017-01-03,10.2,10.33,10.35,10.19,22910.72
2017-01-04,10.32,10.48,10.48,10.24,37149.99
2017-01-05,10.49,10.42,10.56,10.39,31980.31
2017-01-06,10.41,10.57,11.1,10.33,75816.44
2017-01-09,10.53,10.6,10.64,10.4,35484.88
2017-01-10,10.56,10.6,10.74,10.51,34944.32
2017-01-11,10.69,10.51,10.8,10.5,39103.93
2017-01-12,10.39,10.3,10.5,10.26,26605.18
2017-01-13,10.31,10.09,10.37,10.09,28211.6
2017-01-16,10.07,9.49,10.14,9.17,41684.78
2017-01-17,9.42,9.58,9.6,9.33,22596.33
2017-01-18,9.53,9.6,9.79,9.5,20811.48
2017-01-19,9.59,9.55,9.69,9.55,14215.87
2017-01-20,9.55,9.67,9.76,9.49,18945.32
2017-01-23,9.67,9.73,9.84,9.67,19665.59
2017-01-24,9.79,9.77,9.83,9.67,19853.0
2017-01-25,9.74,9.73,9.83,9.71,14350.69
2017-01-26,9.69,9.74,9.76,9.68,12384.51
2017-02-03,9.73,9.8,9.8,9.57,16280.64
2017-02-06,9.82,9.83,9.84,9.75,21720.65
2017-02-07,9.83,9.86,9.89,9.73,25480.81
2017-02-08,10.44,10.85,10.85,10.4,113021.66
2017-02-09,11.15,10.93,11.24,10.83,249782.64
2017-02-10,10.78,10.94,11.21,10.56,191173.35
2017-02-13,10.74,10.97,10.99,10.67,115937.08
2017-02-14,10.87,10.78,10.94,10.74,68460.93
2017-02-15,10.73,10.61,10.96,10.49,101351.76
2017-02-16,10.54,10.75,10.83,10.5,74623.45
2017-02-17,10.62,11.06,11.23,10.58,180417.54
2017-02-20,11.09,11.08,11.39,10.99,117870.29
2017-02-21,11.07,11.08,11.1,10.92,73080.98
2017-02-22,11.1,10.98,11.23,10.94,65069.4
2017-02-23,10.93,10.79,10.96,10.69,66972.77
2017-02-24,10.76,10.8,10.87,10.68,40740.09
2017-02-27,10.82,10.73,10.82,10.65,34392.31
2017-02-28,10.72,10.8,10.85,10.69,28966.7
2017-03-01,10.79,10.76,10.85,10.71,32170.0
2017-03-02,10.74,10.51,10.76,10.51,49490.86
2017-03-03,10.42,10.4,10.51,10.3,35762.5
2017-03-06,10.41,10.5,10.53,10.38,28858.5
2017-03-07,10.52,10.75,10.83,10.46,56314.97
2017-03-08,10.71,10.6,10.71,10.59,33007.01
2017-03-09,10.6,10.42,10.61,10.41,25645.71
2017-03-10,10.43,10.42,10.51,10.42,16827.0
2017-03-13,10.38,10.51,10.51,9.94,36428.88
2017-03-14,10.46,10.35,10.54,10.35,32413.0
2017-03-15,10.35,10.24,10.37,10.22,28194.06
2017-03-16,10.24,10.46,10.52,10.24,42883.82
2017-03-17,10.45,10.36,10.52,10.36,40461.99
2017-03-20,10.41,11.02,11.17,10.41,112534.71
2017-03-21,11.03,10.95,11.14,10.81,89238.62
2017-03-22,10.94,11.07,11.36,10.83,158465.93
2017-03-23,11.03,11.26,11.26,10.89,144241.47
2017-03-24,11.31,11.84,12.29,11.31,253787.81
2017-03-27,11.8,11.8,12.14,11.72,211727.12
2017-03-28,11.72,11.63,11.83,11.42,123050.87
2017-03-29,11.6,12.17,12.66,11.6,314186.66
2017-03-30,12.03,11.91,12.53,11.8,277808.78
2017-03-31,11.64,11.0,11.85,10.77,155291.71
2017-04-05,10.98,11.21,11.3,10.93,93033.23
2017-04-06,11.21,11.9,12.09,11.11,211321.12
2017-04-07,11.72,11.7,11.87,11.46,130446.15
2017-04-10,11.7,12.0,12.33,11.66,186822.13
2017-04-11,12.05,12.56,12.85,12.05,246467.46
2017-04-12,12.76,12.37,12.92,12.24,184364.44
2017-04-13,12.38,13.01,13.04,12.38,239863.76
2017-04-14,12.84,12.88,13.03,12.58,151247.96
2017-04-17,12.75,13.06,13.64,12.53,199183.68
2017-04-18,12.94,13.78,14.34,12.94,196265.73
2017-04-19,13.65,13.67,14.0,13.22,188509.57
2017-04-20,14.74,13.05,14.74,12.95,384540.77
2017-04-21,12.5,11.74,12.79,11.74,277124.72
2017-04-24,11.92,11.83,12.46,11.37,245598.77
2017-04-25,11.79,12.07,12.09,11.44,191695.12
2017-04-26,11.89,11.9,12.17,11.74,126269.78
2017-04-27,11.8,12.62,13.1,11.53,291513.45
2017-04-28,12.4,12.78,12.86,12.35,201888.44
2017-05-02,12.83,13.18,13.79,12.83,209856.39
2017-05-03,13.06,13.26,13.71,13.0,208592.62
2017-05-11,11.93,11.93,11.93,11.93,16605.0
2017-05-12,11.11,12.11,12.6,11.11,270475.7
2017-05-15,12.14,11.48,12.29,11.46,174263.63
2017-05-16,11.47,11.34,11.47,10.54,148498.86
2017-05-17,11.29,12.06,12.08,11.13,185908.54
2017-05-18,11.83,11.78,12.16,11.72,130832.07
2017-05-19,11.74,11.43,11.89,11.39,93431.52
2017-05-22,11.36,10.5,11.38,10.29,153261.82
2017-05-23,10.38,9.75,10.51,9.57,150725.29
2017-05-24,9.57,10.15,10.3,9.23,152824.52
2017-05-25,10.1,9.98,10.17,9.82,100089.64
2017-05-26,9.91,9.64,10.06,9.57,119167.04
2017-05-31,9.74,9.78,9.97,9.66,98096.74
2017-06-01,9.69,9.23,9.74,9.16,114776.97
2017-06-02,9.2,9.03,9.2,8.65,110254.11
2017-06-05,9.07,9.17,9.32,8.9,70351.82
2017-06-06,9.17,9.32,9.36,9.05,76676.39
2017-06-07,9.37,9.69,9.89,9.28,142272.72
2017-06-08,9.72,9.75,10.01,9.63,142560.0
2017-06-09,9.58,9.6,9.82,9.49,99238.26
2017-06-12,9.53,9.64,9.86,9.53,103246.57
2017-06-13,9.72,9.9,9.9,9.68,103322.16
2017-06-14,10.01,10.29,10.38,10.01,191820.94
2017-06-15,10.24,10.17,10.24,9.99,114588.47
2017-06-16,10.17,10.12,10.23,10.04,77798.79
2017-06-19,10.14,10.19,10.28,10.06,84037.6
2017-06-20,10.18,10.16,10.25,10.0,91712.47
2017-06-21,10.11,9.91,10.16,9.91,91496.5
2017-06-22,9.93,9.54,10.01,9.5,84655.43
2017-06-23,9.53,9.47,9.61,9.23,82782.88
2017-06-26,9.44,9.57,9.59,9.44,56358.46
2017-06-27,9.58,9.77,9.85,9.58,73276.24
2017-06-28,9.78,9.59,9.78,9.58,55658.21
2017-06-29,9.59,9.65,9.67,9.58,43294.5
2017-06-30,9.6,9.53,9.65,9.49,45513.26
2017-07-03,9.55,9.65,9.68,9.5,47196.13
2017-07-04,9.65,9.51,9.65,9.49,45924.57
2017-07-05,9.5,9.49,9.5,9.26,68943.74
2017-07-06,9.48,9.67,9.89,9.44,109582.54
2017-07-07,9.61,9.56,9.63,9.49,59404.83
2017-07-10,9.53,9.42,9.54,9.4,54596.14
2017-07-11,9.48,9.96,10.27,9.44,243670.24
2017-07-12,9.76,10.24,10.24,9.66,244177.11
2017-07-13,10.16,10.39,10.53,10.04,245238.41
2017-07-14,10.38,10.29,10.53,10.19,136226.26
2017-07-17,10.22,9.69,10.45,9.26,148466.4
2017-07-18,9.46,9.89,9.96,9.46,94197.67
2017-07-19,9.8,9.99,10.04,9.74,97562.95
2017-07-20,10.09,10.34,10.37,9.96,157498.02
2017-07-21,10.24,10.14,10.47,10.1,144716.36
2017-07-24,10.06,10.34,10.36,9.99,114689.91
2017-07-25,10.24,10.22,10.43,10.14,96758.13
2017-07-26,10.17,10.02,10.27,9.98,92947.84
2017-07-27,10.01,10.05,10.18,9.75,94550.74
2017-07-28,9.99,10.01,10.13,9.91,61230.86
2017-07-31,9.99,9.8,10.04,9.79,92657.29
2017-08-01,9.79,9.83,9.97,9.78,65421.55
2017-08-02,9.83,9.74,9.99,9.74,80146.1
2017-08-03,9.71,9.91,9.93,9.65,65107.54
2017-08-04,9.92,9.74,9.93,9.73,58057.84
2017-08-07,9.78,9.8,9.83,9.74,36091.45
2017-08-08,9.8,9.82,9.85,9.68,65771.15
2017-08-09,9.83,9.75,9.85,9.71,38442.76
2017-08-10,9.75,9.59,9.81,9.55,60477.47
2017-08-11,9.56,9.33,9.56,9.32,73837.78
2017-08-14,9.33,9.46,9.48,9.33,34194.87
2017-08-15,9.47,9.49,9.52,9.38,35285.4
2017-08-16,9.51,9.56,9.56,9.44,32229.31
2017-08-17,9.55,9.63,9.71,9.53,42600.17
2017-08-18,9.59,9.74,9.82,9.52,69400.82
2017-08-21,9.81,9.8,9.86,9.69,46805.37
2017-08-22,9.8,9.64,9.8,9.61,45417.63
2017-08-23,9.95,10.02,10.53,9.95,156322.25
2017-08-24,9.91,9.8,10.06,9.8,77352.91
2017-08-25,9.7,9.91,9.97,9.7,62776.67
2017-08-28,9.95,9.98,10.05,9.89,65423.04
2017-08-29,9.97,10.05,10.14,9.94,71170.06
2017-08-30,10.08,10.22,10.32,10.01,96408.47
2017-08-31,10.27,10.18,10.27,10.08,62825.52
2017-09-01,10.22,10.22,10.22,10.13,58660.27
2017-09-04,10.32,10.25,10.32,10.18,75705.11
2017-09-05,10.21,10.09,10.21,10.07,55869.42
2017-09-06,10.08,10.11,10.11,9.96,53169.07
2017-09-07,10.12,9.94,10.12,9.93,58206.2
2017-09-08,9.94,10.06,10.08,9.94,41844.97
2017-09-11,10.07,10.17,10.19,10.01,57332.46
2017-09-12,10.16,10.05,10.22,10.01,62832.09
2017-09-13,10.12,10.24,10.32,10.1,87956.44
2017-09-14,10.2,10.53,10.53,10.12,150558.03
2017-09-15,10.43,10.34,10.43,10.27,102881.76
2017-09-18,10.29,10.28,10.34,10.21,56637.53
2017-09-19,10.25,10.3,10.3,10.21,49407.9
2017-09-20,10.3,10.28,10.31,10.22,52151.64
2017-09-21,10.26,10.05,10.27,10.01,62022.87
2017-09-22,10.12,10.09,10.38,10.07,73265.61
2017-09-25,10.06,9.94,10.1,9.89,42000.67
2017-09-26,9.93,9.9,9.96,9.79,27004.38
2017-09-27,9.9,9.91,9.95,9.84,24574.57
2017-09-28,9.91,9.82,9.95,9.82,26315.68
2017-09-29,9.84,9.87,9.9,9.81,20268.47
2017-10-09,9.91,9.96,9.99,9.88,30529.84
2017-10-10,9.91,10.01,10.01,9.84,31059.86
2017-10-11,9.99,10.12,10.28,9.93,61691.74
2017-10-12,10.07,10.14,10.22,10.0,42926.81
2017-10-13,10.34,10.17,10.34,10.07,34721.0
2017-10-16,10.19,9.98,10.22,9.96,33912.88
2017-10-17,10.06,10.12,10.17,9.96,30205.91
2017-10-18,10.15,10.07,10.24,10.01,37886.83
2017-10-19,10.12,9.75,10.16,9.74,47935.81
2017-10-20,9.88,10.23,10.37,9.85,93953.41
2017-10-23,10.32,10.29,10.37,10.09,117184.5
2017-10-24,10.23,11.32,11.32,10.19,378175.68
2017-10-25,11.16,11.1,11.46,10.85,372023.84
2017-11-02,10.69,10.82,11.41,10.69,198255.99
2017-11-03,10.77,11.58,11.75,10.42,305625.85
2017-11-06,11.33,11.37,11.67,11.17,204118.49
2017-11-07,11.33,11.5,11.73,11.02,207897.03
2017-11-08,11.41,11.24,11.72,11.17,170995.57
2017-11-09,11.27,11.67,11.67,11.19,188306.69
2017-11-10,11.75,11.6,12.05,11.58,261874.94
2017-11-13,11.39,10.95,11.42,10.81,229138.41
2017-11-14,10.97,11.01,11.04,10.75,113918.01
2017-11-15,10.93,10.44,10.95,10.42,135491.5
2017-11-16,10.37,10.31,10.43,10.16,87603.2
2017-11-17,10.25,9.48,10.36,9.29,140966.78
2017-11-20,9.4,9.22,9.4,8.8,92714.28
2017-11-21,9.16,9.06,9.2,8.92,64755.0
2017-11-22,9.07,9.15,9.17,9.01,50398.4
2017-11-23,9.1,8.7,9.12,8.66,62426.07
2017-11-24,8.66,8.77,8.84,8.65,35917.75
2017-11-27,8.79,8.75,8.93,8.73,35243.1
2017-11-28,8.78,8.87,8.94,8.75,36245.22
2017-11-29,8.86,9.07,9.07,8.81,44183.4
2017-11-30,9.02,8.94,9.11,8.91,35900.17
2017-12-01,8.91,8.92,9.01,8.77,33689.77
2017-12-04,8.86,8.52,8.96,8.52,60378.93
2017-12-05,8.5,7.98,8.6,7.85,76650.43
2017-12-06,7.97,8.06,8.07,7.88,38298.36
2017-12-07,8.08,8.05,8.13,8.01,25612.64
2017-12-08,8.04,8.13,8.13,8.02,24152.1
2017-12-11,8.14,8.32,8.37,8.14,38533.54
2017-12-12,8.27,8.13,8.31,8.1,28795.54
2017-12-13,8.08,8.14,8.19,8.04,20469.04
2017-12-14,8.14,8.27,8.5,8.08,42554.32
2017-12-15,8.21,8.17,8.28,8.09,26707.84
2017-12-18,8.2,8.14,8.23,8.09,21817.5
2017-12-19,8.15,8.14,8.18,8.08,22500.0
2017-12-20,8.14,7.96,8.14,7.96,28469.53
2017-12-21,8.0,7.96,8.01,7.82,21898.55
2017-12-22,7.98,7.94,7.99,7.82,23453.66
2017-12-25,7.97,7.84,7.97,7.84,19849.86
2017-12-26,7.84,7.96,8.01,7.84,24721.61
2017-12-27,7.96,7.87,7.97,7.86,23335.0
2017-12-28,7.89,7.87,7.94,7.84,21514.78
2017-12-29,7.87,7.97,7.98,7.85,24003.43
2018-01-02,7.97,8.31,8.41,7.95,66267.66
2018-01-03,8.31,8.31,8.59,8.23,61809.5
2018-01-04,8.31,8.67,8.72,8.23,100175.6
2018-01-05,8.63,8.59,8.7,8.54,58900.63
2018-01-08,8.57,8.44,8.59,8.34,53552.2
2018-01-09,8.39,8.45,8.57,8.38,39453.2
2018-01-10,8.48,8.45,8.48,8.26,42443.84
2018-01-11,8.43,8.39,8.45,8.32,29301.57
2018-01-12,8.33,8.42,8.54,8.33,42645.62
2018-01-15,8.43,8.27,8.52,8.27,34347.3
2018-01-16,8.21,8.3,8.38,8.19,27662.8
2018-01-17,8.28,8.6,8.6,8.28,72189.82
2018-01-18,8.6,8.5,8.6,8.45,47191.75
2018-01-19,8.5,8.45,8.62,8.44,41626.5
2018-01-22,8.47,8.44,8.5,8.3,34795.24
2018-01-23,8.46,8.44,8.53,8.39,37156.53
2018-01-24,8.36,8.42,8.44,8.36,39890.02
2018-01-25,8.43,8.48,8.71,8.38,60365.36
2018-01-26,8.48,8.49,8.63,8.44,53608.27
2018-01-29,8.49,8.36,8.55,8.32,40093.98
2018-01-30,8.38,8.39,8.39,8.31,25618.98
2018-01-31,8.5,8.14,8.5,8.11,53379.96
2018-02-01,8.15,7.55,8.23,7.34,75125.51
2018-02-02,7.48,7.26,7.48,7.08,93154.23
2018-02-05,7.08,7.17,7.25,7.05,33450.73
2018-02-06,7.08,6.61,7.08,6.56,63085.61
2018-02-07,6.77,6.72,6.84,6.56,34823.03
2018-02-08,6.72,6.82,6.82,6.67,22536.11
2018-02-09,6.65,6.64,6.69,6.47,31974.3
2018-02-12,6.67,6.77,6.81,6.67,17979.62
2018-02-13,6.99,6.87,6.99,6.85,22404.6
2018-02-14,6.92,7.29,7.3,6.83,42947.83
2018-02-22,7.37,7.29,7.38,7.24,36498.84
2018-02-23,7.23,7.32,7.5,7.23,39588.5
2018-02-26,7.38,7.52,7.61,7.38,53163.72
2018-02-27,7.46,7.47,7.55,7.45,27672.12
2018-02-28,7.45,7.43,7.46,7.31,24853.31
2018-03-01,7.34,7.61,7.72,7.31,43552.81
2018-03-02,7.53,7.47,7.59,7.46,27222.14
2018-03-05,7.48,7.48,7.58,7.37,30073.3
2018-03-06,7.47,7.59,7.59,7.4,41517.01
2018-03-07,7.65,7.46,7.66,7.45,34922.12
2018-03-08,7.41,7.48,7.53,7.41,22954.0
2018-03-09,7.49,7.59,7.64,7.48,46753.5
2018-03-12,7.65,7.7,7.78,7.59,50562.52
2018-03-13,7.7,7.83,8.18,7.61,74994.38
2018-03-14,7.76,7.67,7.83,7.67,35929.4
2018-03-15,7.59,7.58,7.66,7.49,41363.86
2018-03-16,7.61,7.54,7.62,7.51,21272.3
2018-03-19,7.54,7.43,7.55,7.43,23110.0
2018-03-20,7.4,7.35,7.41,7.29,25650.77
2018-03-21,7.39,7.35,7.5,7.34,30243.79
2018-03-22,7.44,7.42,7.48,7.36,21928.25
2018-03-23,7.22,6.87,7.22,6.76,52492.17
2018-03-26,6.79,7.0,7.03,6.66,37489.85
2018-03-27,7.03,7.11,7.26,7.03,38131.81
2018-03-28,7.06,7.03,7.13,6.98,27643.8
2018-03-29,7.08,7.13,7.14,7.03,20245.87
2018-03-30,7.13,7.2,7.24,7.13,25574.93
2018-04-02,7.24,7.17,7.25,7.15,22043.14
2018-04-03,7.02,7.14,7.27,6.93,29609.2
2018-04-04,7.14,7.31,7.45,7.14,54649.34
2018-04-09,7.5,8.04,8.04,7.45,224554.38
2018-04-10,8.22,7.94,8.22,7.86,197900.23
2018-04-11,7.84,7.84,7.93,7.71,100204.97
2018-04-12,7.8,7.66,7.85,7.65,66107.64
2018-04-13,7.69,7.71,7.85,7.63,70915.04
2018-04-16,8.18,8.48,8.48,8.0,281595.4
2018-04-17,8.23,7.89,8.29,7.82,217755.57
2018-04-18,7.88,7.82,7.88,7.56,98677.97
2018-04-19,7.82,7.99,8.09,7.72,96516.54
2018-04-20,7.85,7.72,7.97,7.7,63463.96
2018-04-23,7.65,7.77,7.86,7.55,50689.66
2018-04-24,7.76,7.92,7.96,7.73,58725.09
2018-04-25,7.75,7.95,7.95,7.72,53996.19
2018-04-26,7.99,7.83,7.99,7.78,42068.94
2018-04-27,7.82,7.78,7.95,7.73,36251.4
2018-05-02,7.83,8.02,8.04,7.82,55692.66
2018-05-03,8.02,8.02,8.08,7.83,60036.49
2018-05-04,8.0,8.05,8.2,7.96,63699.54
2018-05-07,8.02,8.13,8.23,8.01,59643.22
2018-05-08,8.19,8.23,8.24,8.08,70353.47
2018-05-09,8.19,8.07,8.23,8.03,49537.44
2018-05-10,8.11,8.34,8.34,8.11,93774.95
2018-05-11,8.45,8.37,8.47,8.24,105085.0
2018-05-14,8.19,8.1,8.31,8.08,60033.2
2018-05-15,8.09,8.14,8.16,8.03,36306.68
2018-05-16,8.14,7.95,8.14,7.9,44667.86
2018-05-17,7.96,7.87,8.02,7.85,34419.18
2018-05-18,7.89,7.93,7.94,7.84,25293.95
2018-05-21,7.96,8.04,8.09,7.95,37580.03
2018-05-22,8.02,8.09,8.09,7.98,33086.2
2018-05-23,8.02,7.91,8.07,7.9,33644.52
2018-05-24,7.96,7.88,8.03,7.87,26687.43
2018-05-25,7.89,7.74,7.93,7.74,30109.91
2018-05-28,7.73,7.68,7.81,7.65,24622.9
2018-05-29,7.68,7.63,7.77,7.49,27305.01
2018-05-30,7.5,7.18,7.51,7.14,44246.52
2018-05-31,7.23,7.26,7.32,7.19,24899.88
2018-06-01,7.23,7.27,7.33,7.18,21694.7
2018-06-04,7.29,7.32,7.41,7.29,20001.92
2018-06-05,7.36,7.39,7.4,7.29,20472.2
2018-06-06,7.4,7.4,7.41,7.34,17184.85
2018-06-07,7.41,7.37,7.51,7.35,17575.99
2018-06-08,7.34,7.3,7.35,7.18,19515.91
2018-06-11,7.29,7.29,7.35,7.2,18225.9
2018-06-12,7.29,7.31,7.34,7.16,21929.61
2018-06-13,7.32,7.14,7.32,7.14,17029.3
2018-06-14,7.16,7.03,7.22,7.01,21184.25
2018-06-15,7.08,6.9,7.08,6.79,22558.85
2018-06-19,6.76,6.34,6.79,6.22,46121.45
2018-06-20,6.28,6.43,6.5,6.27,26314.39
2018-06-21,6.41,6.25,6.5,6.23,20957.33
2018-06-22,6.33,6.37,6.38,6.25,16530.61
2018-06-25,6.44,6.39,6.47,6.37,16624.8
2018-06-26,6.28,6.43,6.44,6.21,15722.35
2018-06-27,6.44,6.41,6.45,6.36,12913.59
2018-06-28,6.4,6.31,6.43,6.29,17039.5
2018-06-29,6.31,6.43,6.47,6.27,19151.9
2018-07-02,6.44,6.33,6.44,6.27,22149.61
2018-07-03,6.33,6.39,6.4,6.24,16426.69
2018-07-04,6.33,6.32,6.4,6.29,13480.94
2018-07-05,6.33,6.13,6.35,6.11,20563.11
2018-07-06,6.16,6.1,6.2,5.79,24341.9
2018-07-09,6.11,6.24,6.3,6.11,15708.07
2018-07-10,6.24,6.33,6.35,6.24,21143.0
2018-07-11,6.27,6.22,6.28,6.12,18181.06
2018-07-12,6.22,6.33,6.36,6.22,20056.99
2018-07-13,6.39,6.41,6.45,6.28,20861.8
2018-07-16,6.39,6.41,6.44,6.34,14032.6
2018-07-17,6.42,6.67,7.03,6.39,62786.25
2018-07-18,6.65,6.64,6.77,6.52,34863.62
2018-07-19,6.58,6.5,6.67,6.47,19814.29
2018-07-20,6.5,6.61,6.64,6.47,20184.93
2018-07-23,6.57,6.75,6.78,6.54,29809.02
2018-07-24,6.69,6.88,6.88,6.69,40468.19
2018-07-25,6.84,6.79,6.86,6.75,27369.05
2018-07-26,6.79,6.84,6.9,6.73,31149.97
2018-07-27,6.8,6.77,6.81,6.73,19860.8
2018-07-30,6.76,6.66,6.81,6.6,21720.41
2018-07-31,6.62,6.73,6.76,6.61,19025.59
2018-08-01,6.72,6.75,6.98,6.72,41568.84
2018-08-02,6.72,6.54,6.79,6.36,33902.1
2018-08-03,6.66,6.79,7.01,6.54,72986.33
2018-08-06,6.75,6.64,6.85,6.53,47340.49
2018-08-07,6.56,6.87,6.96,6.47,53091.26
2018-08-08,6.81,6.84,6.87,6.71,35466.52
2018-08-09,6.81,7.05,7.09,6.8,72751.22
2018-08-10,7.01,7.06,7.06,6.94,44710.7
2018-08-13,6.97,7.06,7.06,6.86,35707.84
2018-08-14,7.05,7.21,7.25,6.99,62339.8
2018-08-15,7.12,6.89,7.12,6.85,64159.5
2018-08-16,6.8,6.9,6.94,6.7,33938.9
2018-08-17,7.01,6.71,7.17,6.71,36891.47
2018-08-20,6.56,6.69,6.73,6.5,28057.21
2018-08-21,6.67,6.81,6.83,6.67,23323.47
2018-08-22,6.79,6.7,6.79,6.68,13755.9
2018-08-23,6.73,6.7,6.76,6.63,18789.91
2018-08-24,6.78,6.78,6.79,6.72,19177.2
2018-08-27,6.86,6.89,6.93,6.81,27826.58
2018-08-28,6.9,6.91,6.92,6.84,21138.41
2018-08-29,6.91,6.88,6.92,6.84,10477.8
2018-08-30,6.88,7.11,7.56,6.87,115502.71
2018-08-31,7.13,7.29,7.34,7.01,81879.95
2018-09-03,7.21,7.21,7.25,7.05,42680.11
2018-09-04,7.19,7.23,7.32,7.13,41617.13
2018-09-05,7.15,7.02,7.18,7.01,37516.49
2018-09-06,6.96,6.92,7.11,6.86,32103.33
2018-09-07,6.94,7.01,7.09,6.84,32957.74
2018-09-10,7.01,7.02,7.12,6.93,32070.43
2018-09-11,7.0,7.11,7.12,6.96,27170.69
2018-09-12,7.1,6.96,7.12,6.95,27189.13
2018-09-13,6.96,6.92,7.03,6.81,30101.59
2018-09-14,6.92,6.84,6.95,6.84,19134.5
2018-09-17,6.84,6.63,6.84,6.56,25677.01
2018-09-18,6.61,6.71,6.73,6.57,20394.5
2018-09-19,6.67,6.95,7.08,6.67,41748.89
2018-09-20,6.94,6.86,6.96,6.86,31566.99
2018-09-21,6.91,6.93,6.95,6.85,22066.39
2018-09-25,6.9,6.9,6.93,6.85,13142.2
2018-09-26,6.9,6.86,6.95,6.85,23894.57
2018-09-27,6.89,6.76,6.9,6.75,19569.0
2018-09-28,6.78,6.86,6.87,6.75,14889.2
2018-10-08,6.73,6.64,6.78,6.62,18655.16
2018-10-09,6.68,6.65,6.78,6.6,13760.92
2018-10-10,6.65,6.67,6.71,6.59,12395.3
2018-10-11,6.49,6.03,6.52,6.0,44985.8
2018-10-12,6.07,6.01,6.07,5.7,31678.2
2018-10-15,5.99,5.98,6.1,5.96,13298.49
2018-10-16,5.97,5.86,6.03,5.77,13348.6
2018-10-17,5.95,5.94,6.01,5.82,11760.8
2018-10-18,5.88,5.88,5.96,5.79,13358.33
2018-10-19,5.83,5.94,5.96,5.71,14480.33
2018-10-22,5.95,6.16,6.28,5.95,28287.2
2018-10-23,6.17,6.11,6.2,6.06,17480.89
2018-10-24,6.08,6.09,6.16,6.07,12713.6
2018-10-25,5.93,6.11,6.11,5.84,18797.01
2018-10-26,6.16,6.08,6.2,6.06,12689.1
2018-10-29,6.11,5.99,6.11,5.98,10589.9
2018-10-30,5.96,6.04,6.07,5.94,17829.04
2018-10-31,6.08,6.26,6.28,6.06,32096.38
2018-11-01,6.28,6.21,6.37,6.2,32509.5
2018-11-02,6.27,6.33,6.34,6.24,30269.2
2018-11-05,6.29,6.37,6.44,6.29,27361.74
2018-11-06,6.4,6.42,6.44,6.31,23564.1
2018-11-07,6.45,6.37,6.48,6.34,22833.1
2018-11-08,6.41,6.56,6.74,6.39,54274.43
2018-11-09,6.52,6.46,6.52,6.44,28142.1
2018-11-12,6.61,6.64,6.67,6.51,35406.3
2018-11-13,6.55,6.9,6.95,6.55,68859.42
2018-11-14,6.8,6.88,7.01,6.8,48902.84
2018-11-15,6.88,6.96,6.97,6.84,37531.95
2018-11-16,6.93,7.01,7.01,6.89,41454.06
2018-11-19,7.0,7.04,7.08,6.89,45856.8
2018-11-20,6.93,6.85,7.06,6.85,42377.7
2018-11-21,6.78,7.1,7.47,6.78,82175.54
2018-11-22,7.14,7.12,7.18,6.99,40452.84
2018-11-23,7.16,6.97,7.2,6.79,50543.5
2018-11-26,6.95,7.1,7.41,6.93,64140.3
2018-11-27,7.12,7.11,7.25,7.01,38340.1
2018-11-28,7.11,7.22,7.23,7.01,39534.08
2018-11-29,7.28,7.05,7.51,7.03,79162.72
2018-11-30,6.97,7.1,7.12,6.86,51847.81
2018-12-03,7.29,7.29,7.34,7.13,57754.64
2018-12-04,7.32,7.92,8.02,7.29,192100.06
2018-12-05,7.63,7.63,7.84,7.57,101325.56
2018-12-06,7.65,7.68,7.78,7.55,76791.42
2018-12-07,7.66,7.58,7.74,7.34,86020.07
2018-12-10,7.54,7.06,7.54,6.83,109835.67
2018-12-11,6.93,6.71,7.0,6.61,114807.87
2018-12-12,6.72,6.56,6.73,6.53,63479.86
2018-12-13,6.56,6.59,6.66,6.54,45455.03
2018-12-14,6.67,6.61,6.74,6.59,56415.02
2018-12-17,6.54,6.47,6.54,6.3,53709.86
2018-12-18,6.39,6.36,6.43,6.28,46325.95
2018-12-19,6.44,6.27,6.45,6.23,37201.33
2018-12-20,6.26,6.28,6.28,6.18,29959.6
2018-12-21,6.26,6.25,6.26,6.2,24637.63
2018-12-24,6.24,6.29,6.33,6.22,24677.32
2018-12-25,6.21,6.16,6.21,6.01,31393.4
2018-12-26,6.11,6.11,6.17,6.04,19799.0
2018-12-27,6.18,5.99,6.18,5.99,23590.28
2018-12-28,6.05,5.98,6.05,5.94,19178.88
2019-01-02,5.99,6.02,6.04,5.96,15998.69
2019-01-03,6.0,6.05,6.09,5.99,19784.6
2019-01-04,6.06,6.22,6.22,6.01,30413.5
2019-01-07,6.25,6.27,6.35,6.23,31707.22
2019-01-08,6.33,6.33,6.51,6.18,49786.61
2019-01-09,6.33,6.26,6.37,6.26,39355.41
2019-01-10,6.25,6.2,6.3,6.2,19720.97
2019-01-11,6.25,6.26,6.27,6.18,16080.15
2019-01-14,6.44,6.23,6.44,6.21,27518.26
2019-01-15,6.21,6.24,6.27,6.18,19723.05
2019-01-16,6.26,6.31,6.41,6.24,25394.16
2019-01-17,6.25,6.24,6.31,6.22,22410.58
2019-01-18,6.24,6.34,6.38,6.22,37393.55
2019-01-21,6.35,6.33,6.39,6.32,20605.09
2019-01-22,6.33,6.26,6.34,6.24,15620.5
2019-01-23,6.25,6.27,6.29,6.21,12300.5
2019-01-24,6.27,6.25,6.3,6.24,14186.51
2019-01-25,6.28,6.2,6.28,6.2,14907.33
2019-01-28,6.22,6.15,6.26,6.09,18385.36
2019-01-29,6.15,6.04,6.15,5.94,18789.6
2019-01-30,6.04,6.02,6.11,6.0,14807.8
2019-01-31,6.01,5.91,6.08,5.88,20110.07
2019-02-01,5.89,6.11,6.12,5.88,15633.8
2019-02-11,6.16,6.2,6.21,6.08,18144.43
2019-02-12,6.17,6.28,6.29,6.16,20735.3
2019-02-13,6.31,6.35,6.36,6.24,36278.52
2019-02-14,6.28,6.37,6.43,6.28,48340.91
2019-02-15,6.36,6.34,6.42,6.32,31559.6
2019-02-18,6.36,6.48,6.49,6.36,49799.49
2019-02-19,6.52,6.65,6.82,6.52,93605.61
2019-02-20,6.6,6.56,6.62,6.5,39695.47
2019-02-21,6.54,6.49,6.61,6.44,41713.26
2019-02-22,6.47,6.55,6.55,6.41,36329.17
2019-02-25,6.61,6.83,6.84,6.59,100626.69
2019-02-26,6.88,6.87,7.03,6.78,103149.66
2019-02-27,6.83,6.82,6.95,6.74,64675.01
2019-02-28,6.85,6.88,6.9,6.78,60406.05
2019-03-01,6.85,6.86,6.89,6.78,36972.93
2019-03-04,6.9,6.87,7.05,6.85,81517.47
2019-03-05,6.85,7.04,7.04,6.82,67126.19
2019-03-06,7.06,7.11,7.15,6.95,81180.42
2019-03-07,7.08,7.24,7.34,7.06,96314.84
2019-03-08,7.16,6.79,7.16,6.71,94776.54
2019-03-11,6.8,7.12,7.12,6.79,86214.84
2019-03-12,7.19,7.39,7.57,7.12,134513.73
2019-03-13,7.33,7.16,7.35,7.1,95777.58
2019-03-14,7.09,7.12,7.21,6.9,68893.24
2019-03-15,7.12,7.41,7.46,7.1,103170.55
2019-03-18,7.41,7.64,7.71,7.28,135574.15
2019-03-19,7.59,7.47,7.65,7.46,108274.6
2019-03-20,7.5,7.58,7.64,7.38,113434.98
2019-03-21,7.58,7.78,7.94,7.48,200381.92
2019-03-22,7.69,7.8,7.94,7.51,159036.83
2019-03-25,7.64,7.51,7.64,7.4,106063.12
2019-03-26,7.54,7.52,7.8,7.29,141533.17
2019-03-27,7.56,7.8,7.89,7.48,192099.15
2019-03-28,7.68,8.01,8.15,7.63,266142.97
2019-03-29,7.8,7.96,8.07,7.74,178271.33
2019-04-01,7.92,8.15,8.27,7.86,196581.51
2019-04-02,8.12,8.02,8.19,7.93,171803.18
2019-04-03,8.02,8.07,8.13,7.9,105807.54
2019-04-04,8.04,8.02,8.27,7.99,128939.07
2019-04-08,8.02,7.88,8.05,7.74,107347.84
2019-04-09,7.86,7.91,7.99,7.75,73609.42
2019-04-10,7.91,8.24,8.24,7.78,142123.65
2019-04-11,8.32,8.84,9.06,8.25,401438.28
2019-04-12,8.5,8.81,8.87,8.41,179782.83
2019-04-15,8.88,8.65,9.29,8.62,203507.41
2019-04-16,8.61,8.94,9.05,8.58,130216.71
2019-04-17,8.96,9.32,9.32,8.85,161696.69
2019-04-18,9.42,9.31,9.76,9.18,139203.67
2019-04-19,9.2,9.35,9.4,8.93,147134.24
2019-04-22,9.46,9.07,9.49,9.0,106455.11
2019-04-23,9.01,8.83,9.15,8.75,89724.43
2019-04-24,8.98,9.0,9.02,8.78,66365.9
2019-04-25,8.98,8.39,8.98,8.15,140793.84
2019-04-26,8.3,8.19,8.53,8.15,115294.05
2019-04-29,8.28,7.54,8.28,7.46,118791.03
2019-04-30,7.64,8.08,8.1,7.64,122986.18
2019-05-06,7.76,7.52,7.9,7.46,129718.35
2019-05-07,7.67,7.42,7.75,7.12,95078.21
2019-05-08,7.23,7.2,7.38,7.15,73358.97
2019-05-09,7.17,7.25,7.26,7.05,56215.62
2019-05-10,7.29,7.51,7.54,7.12,91306.21
2019-05-13,7.43,7.37,7.51,7.34,37452.61
2019-05-14,7.27,7.33,7.45,7.22,48428.36
2019-05-15,7.39,7.6,7.74,7.35,90244.94
2019-05-16,7.51,7.55,7.61,7.46,69035.56
2019-05-17,7.54,7.17,7.6,7.01,85336.2
2019-05-20,7.15,7.05,7.15,6.84,51829.7
2019-05-21,7.06,7.21,7.23,6.98,47986.36
2019-05-22,7.28,7.12,7.29,7.05,34060.55
2019-05-23,7.1,7.06,7.19,7.01,25741.2
2019-05-24,7.05,7.05,7.09,6.95,27887.0
2019-05-27,7.06,7.23,7.23,6.94,38096.6
2019-05-28,7.23,7.37,7.4,7.18,59107.45
2019-05-29,7.36,7.31,7.43,7.28,32994.95
2019-05-30,7.3,7.21,7.3,7.13,30708.58
2019-05-31,7.23,7.25,7.29,7.14,28163.6
2019-06-03,7.29,7.29,7.51,7.26,65323.8
2019-06-04,7.32,7.26,7.42,7.12,62299.08
2019-06-05,7.3,7.06,7.32,7.05,48871.5
2019-06-06,7.1,6.95,7.12,6.93,28804.4
2019-06-10,6.97,7.07,7.09,6.91,20364.6
2019-06-11,7.06,7.38,7.45,7.01,57534.51
2019-06-12,7.33,7.37,7.43,7.25,50054.46
2019-06-13,7.45,7.44,7.56,7.36,50833.06
2019-06-14,7.5,7.32,7.52,7.29,30708.9
2019-06-17,7.29,7.38,7.42,7.27,19348.2
2019-06-18,7.36,7.49,7.56,7.32,31283.59
2019-06-19,7.57,7.61,7.68,7.56,57236.06
2019-06-20,7.6,7.63,7.7,7.56,77416.51
2019-06-21,7.63,7.58,7.73,7.55,62414.79
2019-06-24,7.6,7.56,7.62,7.54,31576.42
2019-06-25,7.57,7.5,7.58,7.46,35676.72
2019-06-26,7.5,7.56,7.61,7.46,17694.74
2019-06-27,7.55,7.55,7.58,7.5,33148.38
2019-06-28,7.55,7.75,7.79,7.39,80072.7
2019-07-01,7.82,7.88,8.06,7.7,112338.12
2019-07-02,7.75,7.75,7.81,7.69,63332.49
2019-07-03,7.71,7.66,7.75,7.63,32563.58
2019-07-04,7.64,7.63,7.73,7.59,28946.69
2019-07-05,7.64,7.7,7.76,7.62,31485.19
2019-07-08,7.65,7.41,7.67,7.32,39904.9
2019-07-09,7.42,7.44,7.56,7.36,24358.7
2019-07-10,7.44,7.26,7.44,7.24,25157.59
2019-07-11,7.27,7.28,7.42,7.26,19646.5
2019-07-12,7.3,7.32,7.32,7.22,19531.4
2019-07-15,7.32,7.38,7.38,7.19,24694.2
2019-07-16,7.37,7.38,7.43,7.29,18008.3
2019-07-17,7.38,7.38,7.42,7.32,21448.14
2019-07-18,7.36,7.2,7.36,7.2,20172.2
2019-07-19,7.23,7.41,7.41,7.22,25001.89
2019-07-22,7.32,7.28,7.42,7.25,23223.08
2019-07-23,7.28,7.4,7.4,7.25,19326.71
2019-07-24,7.42,7.69,7.83,7.42,74418.76
2019-07-25,7.66,7.76,7.76,7.63,48875.8
2019-07-26,7.77,8.03,8.43,7.72,95924.77
2019-07-29,8.04,8.0,8.05,7.84,46768.27
2019-07-30,8.06,8.07,8.24,7.93,48738.2
2019-07-31,8.09,7.87,8.09,7.82,57213.64
2019-08-01,7.85,7.9,8.02,7.79,45241.17
2019-08-02,7.77,7.84,7.92,7.69,41425.29
2019-08-05,7.84,7.74,7.92,7.72,37656.61
2019-08-06,7.58,7.56,7.63,7.25,53900.89
2019-08-07,7.56,7.38,7.64,7.36,28215.41
2019-08-08,7.41,7.43,7.5,7.4,22883.59
2019-08-09,7.44,7.33,7.5,7.3,22143.6
2019-08-12,7.35,7.45,7.46,7.32,17295.61
2019-08-13,7.4,7.34,7.46,7.31,22507.7
2019-08-14,7.43,7.38,7.5,7.33,27688.3
2019-08-15,7.15,7.52,7.59,7.09,76510.74
2019-08-16,7.77,7.82,7.92,7.63,111785.48
2019-08-19,7.86,7.84,7.87,7.68,91150.07
2019-08-20,7.83,8.02,8.06,7.79,98662.43
2019-08-21,7.97,7.96,8.17,7.93,67133.55
2019-08-22,7.98,7.93,8.02,7.87,45017.31
2019-08-23,7.94,8.06,8.08,7.89,67570.84
2019-08-26,7.89,8.24,8.68,7.89,201759.51
2019-08-27,8.48,8.24,8.56,8.24,177490.18
2019-08-28,8.2,7.88,8.22,7.84,111949.24
2019-08-29,7.89,7.81,7.96,7.75,63318.43
2019-08-30,7.82,7.75,7.86,7.75,52455.72
2019-09-02,7.78,7.83,7.88,7.66,52428.72
2019-09-03,7.82,7.8,7.82,7.71,45706.88
2019-09-04,7.79,7.88,7.88,7.75,51596.97
2019-09-05,7.92,7.99,8.05,7.88,83854.97
2019-09-06,8.0,8.19,8.22,7.96,87067.68
2019-09-09,8.22,8.18,8.25,8.09,77317.4
2019-09-10,8.18,8.1,8.18,8.03,47310.6
2019-09-11,8.12,8.1,8.14,8.06,36443.61
2019-09-12,8.12,8.11,8.12,8.05,32991.62
2019-09-16,8.15,8.07,8.18,8.06,35198.97
2019-09-17,8.05,7.82,8.05,7.81,49744.43
2019-09-18,7.84,7.8,7.87,7.78,25354.61
2019-09-19,7.84,7.92,7.95,7.76,33755.94
2019-09-20,7.94,8.01,8.1,7.92,46930.54
2019-09-23,8.02,7.81,8.04,7.77,36876.68
2019-09-24,7.86,7.8,7.86,7.79,20841.14
2019-09-25,7.77,7.6,7.78,7.59,30753.52
2019-09-26,7.68,7.46,7.68,7.44,24648.1
2019-09-27,7.56,7.5,7.56,7.48,10344.5
2019-09-30,7.53,7.52,7.56,7.44,15191.65
2019-10-08,7.61,7.49,7.61,7.48,14243.49
2019-10-09,7.44,7.53,7.54,7.32,13551.24
2019-10-10,7.53,7.62,7.62,7.5,15591.3
2019-10-11,7.63,7.67,7.69,7.6,19926.01
2019-10-14,7.73,7.75,7.84,7.69,29337.3
2019-10-15,7.7,7.71,7.76,7.67,17935.19
2019-10-16,7.72,7.63,7.75,7.63,14802.98
2019-10-17,7.83,7.75,8.0,7.73,70929.8
2019-10-18,7.61,7.5,7.67,7.47,43014.5
2019-10-21,7.5,7.48,7.51,7.37,20390.1
2019-10-22,7.5,7.58,7.59,7.47,18273.27
2019-10-23,7.56,7.48,7.63,7.48,18008.0
2019-10-24,7.49,7.5,7.55,7.44,11365.32
2019-10-25,7.53,7.58,7.59,7.47,15646.92
2019-10-28,7.63,7.64,7.7,7.58,31659.13
2019-10-29,7.72,7.53,7.72,7.47,28511.77
2019-10-30,7.52,7.46,7.55,7.44,14636.8
2019-10-31,7.45,7.38,7.52,7.38,16001.2
2019-11-01,7.38,7.5,7.5,7.35,15654.89
2019-11-04,7.44,7.57,7.57,7.44,22324.29
2019-11-05,7.6,7.86,7.96,7.57,112938.7
2019-11-06,7.75,7.62,7.75,7.58,58328.8
2019-11-07,7.57,7.56,7.63,7.51,25075.8
2019-11-08,7.62,7.52,7.62,7.5,20192.12
2019-11-11,7.52,7.36,7.52,7.36,30161.6
2019-11-12,7.37,7.39,7.41,7.32,15208.52
2019-11-13,7.37,7.44,7.44,7.33,21108.93
2019-11-14,7.46,7.42,7.46,7.38,14329.3
2019-11-15,7.4,7.35,7.44,7.32,11392.74
2019-11-18,7.35,7.38,7.39,7.32,9521.63
2019-11-19,7.42,7.4,7.42,7.32,13653.94
2019-11-20,7.39,7.34,7.4,7.32,11047.42
2019-11-21,7.34,7.2,7.34,7.14,24844.59
2019-11-22,7.19,7.06,7.26,7.04,27489.61
2019-11-25,6.97,6.98,7.13,6.95,37025.72
2019-11-26,6.99,6.97,7.03,6.95,16033.6
2019-11-27,6.97,6.97,7.0,6.95,13236.08
2019-11-28,7.32,7.26,7.32,7.19,71681.55
2019-11-29,7.14,7.58,7.59,7.07,99889.23
2019-12-02,7.53,7.41,7.57,7.4,24512.92
2019-12-03,7.38,7.4,7.42,7.32,16754.3
2019-12-04,7.38,7.41,7.42,7.32,20146.1
2019-12-05,7.44,7.38,7.47,7.36,16414.4
2019-12-06,7.38,7.37,7.41,7.32,18038.46
2019-12-09,7.38,7.38,7.44,7.32,21768.52
2019-12-10,7.33,7.18,7.34,7.17,28180.97
2019-12-11,7.19,7.15,7.2,7.12,15927.3
2019-12-12,7.19,7.16,7.2,7.13,12684.68
2019-12-13,7.2,7.26,7.3,7.19,22299.83
2019-12-16,7.25,7.35,7.36,7.25,18099.55
2019-12-17,7.32,7.43,7.48,7.32,24824.9
2019-12-18,7.44,7.41,7.49,7.38,20715.4
2019-12-19,7.41,7.43,7.44,7.38,15205.33
2019-12-20,7.44,7.45,7.56,7.42,26621.2
2019-12-23,7.46,7.26,7.48,7.25,19785.67
2019-12-24,7.29,7.34,7.34,7.27,9196.6
2019-12-25,7.34,7.37,7.38,7.26,16884.2
2019-12-26,7.32,7.32,7.36,7.28,16216.03
2019-12-27,7.32,7.31,7.35,7.29,19190.88
2019-12-30,7.3,7.44,7.45,7.21,27230.9
2019-12-31,7.41,7.7,7.7,7.41,54862.77
2020-01-02,7.7,7.69,7.75,7.63,32246.78
2020-01-03,7.7,7.7,7.83,7.69,28265.61
2020-01-06,7.63,7.64,7.73,7.59,32386.64
2020-01-07,7.65,7.69,7.77,7.64,24829.97
2020-01-08,7.69,7.54,7.73,7.54,34104.31
2020-01-09,7.62,7.65,7.68,7.59,22057.9
2020-01-10,7.71,7.72,7.73,7.63,25928.11
2020-01-13,7.69,7.81,7.87,7.66,35773.47
2020-01-14,7.81,7.77,7.85,7.75,26872.9
2020-01-15,7.77,7.7,7.78,7.67,19931.0
2020-01-16,7.74,7.67,7.77,7.65,16901.24
2020-01-17,7.65,7.63,7.72,7.6,17293.97
2020-01-20,7.59,7.68,7.69,7.59,17125.7
2020-01-21,7.68,7.5,7.71,7.5,29832.0
2020-01-22,7.45,7.53,7.56,7.4,17937.18
2020-01-23,7.52,7.38,7.52,7.3,27784.37
2020-02-03,6.64,6.64,6.83,6.64,79564.43
2020-02-04,6.64,6.78,6.89,6.61,51254.11
2020-02-05,6.82,6.85,6.95,6.72,34364.9
2020-02-06,6.87,6.87,6.92,6.76,40878.32
2020-02-07,6.84,6.87,6.91,6.78,30595.71
2020-02-10,6.84,7.2,7.22,6.79,59058.53
2020-02-11,7.19,7.1,7.29,7.04,47086.44
2020-02-12,7.1,7.1,7.15,7.06,22746.64
2020-02-13,7.13,6.98,7.13,6.96,30865.59
2020-02-14,7.0,6.97,7.04,6.95,20367.4
2020-02-17,6.95,7.14,7.19,6.95,31840.79
2020-02-18,7.15,7.14,7.17,7.07,34022.57
2020-02-19,7.15,7.08,7.16,7.08,26908.58
2020-02-20,7.12,7.22,7.27,7.08,42056.31
2020-02-21,7.2,7.21,7.31,7.17,34865.37
2020-02-24,7.19,7.15,7.2,7.07,30965.61
2020-02-25,7.04,6.99,7.06,6.9,72010.1
2020-02-26,6.91,7.05,7.14,6.85,51440.1
2020-02-27,7.05,7.23,7.23,7.0,61043.54
2020-02-28,7.06,6.97,7.12,6.95,34820.7
2020-03-02,6.99,7.13,7.18,6.99,46916.48
2020-03-03,7.17,7.32,7.44,7.1,92517.35
2020-03-04,7.23,7.4,7.43,7.17,79300.18
2020-03-05,7.4,7.42,7.5,7.34,59427.96
2020-03-06,7.34,7.42,7.47,7.28,51982.7
2020-03-09,7.31,7.22,7.47,7.22,39654.66
2020-03-10,7.26,7.85,7.94,7.19,253895.03
2020-03-11,7.75,7.8,7.93,7.63,90949.45
2020-03-12,7.64,7.8,7.87,7.49,89713.3
2020-03-13,7.5,7.72,7.81,7.47,67392.38
2020-03-16,7.84,7.5,7.87,7.48,70372.26
2020-03-17,7.49,7.4,7.62,7.23,38963.23
2020-03-18,7.49,7.26,7.56,7.19,40280.0
2020-03-19,7.21,7.26,7.3,7.01,46676.88
2020-03-20,7.3,7.51,7.52,7.13,58587.81
2020-03-23,7.37,7.56,7.81,7.31,62743.1
2020-03-24,7.69,7.69,7.75,7.61,40507.7
2020-03-25,7.79,7.85,7.94,7.73,66073.23
2020-03-26,7.85,8.06,8.06,7.74,77088.52
2020-03-27,8.06,7.99,8.16,7.93,49895.83
2020-03-30,7.87,7.86,8.0,7.75,39345.25
2020-03-31,7.94,7.81,8.0,7.76,30468.36
2020-04-01,7.81,7.74,7.86,7.69,34265.73
2020-04-02,7.68,7.81,7.82,7.66,21703.25
2020-04-03,7.81,7.87,7.9,7.74,23890.8
2020-04-07,7.93,8.13,8.33,7.9,50807.11
2020-04-08,8.04,7.98,8.12,7.93,37299.21
2020-04-09,8.02,8.0,8.02,7.93,19812.2
2020-04-10,7.99,8.28,8.34,7.96,65883.38
2020-04-13,8.24,8.19,8.24,8.12,26461.24
2020-04-14,8.14,8.53,8.57,8.14,65320.38
2020-04-15,8.55,8.29,8.58,8.24,113684.13
2020-04-16,8.18,8.17,8.22,7.96,42047.6
2020-04-17,8.24,8.28,8.42,8.06,42156.88
2020-04-20,8.27,8.16,8.49,8.12,34650.23
2020-04-21,8.18,8.35,8.48,8.09,59779.79
2020-04-22,8.33,8.44,8.47,8.26,50705.76
2020-04-23,8.53,8.28,8.61,8.28,39153.89
2020-04-24,8.32,8.19,8.35,8.13,22326.8
2020-04-27,8.21,8.43,8.46,8.21,50230.57
2020-04-28,8.38,8.45,8.61,8.24,94461.13
2020-04-29,8.39,8.33,8.43,8.25,74222.7
2020-04-30,8.31,8.49,8.57,8.31,71157.34
2020-05-06,8.49,8.37,8.49,8.31,54915.5
2020-05-07,8.35,8.37,8.39,8.28,47386.9
2020-05-08,8.37,8.25,8.38,8.24,47070.92
2020-05-11,8.31,8.33,8.37,8.25,32760.5
2020-05-12,8.32,8.09,8.33,7.95,67937.0
2020-05-13,8.09,8.17,8.25,7.97,59359.86
2020-05-14,8.16,7.91,8.21,7.83,69380.91
2020-05-15,7.97,7.91,8.04,7.91,38862.32
2020-05-18,8.7,8.44,8.7,8.18,357710.96
2020-05-19,8.24,8.0,8.24,7.9,227999.37
2020-05-20,7.9,7.96,8.06,7.79,106100.6
2020-05-21,7.96,7.73,7.96,7.7,71786.05
2020-05-22,7.72,7.75,7.84,7.67,48805.13
2020-05-25,7.74,7.51,7.78,7.5,46859.0
2020-05-26,7.54,7.67,7.72,7.47,57928.9
2020-05-27,7.63,7.75,7.77,7.63,36534.41
2020-05-28,7.73,7.83,7.85,7.66,36488.75
2020-05-29,7.83,7.81,7.88,7.78,32668.5
2020-06-01,7.81,8.02,8.08,7.8,77183.97
2020-06-02,8.23,8.43,8.55,8.09,135277.61
2020-06-03,8.37,8.44,8.66,8.35,130992.65
2020-06-04,8.61,8.46,8.63,8.4,68351.57
2020-06-05,8.49,8.43,8.57,8.37,33555.13
2020-06-08,8.57,9.02,9.28,8.48,197424.58
2020-06-09,9.12,8.86,9.12,8.81,104055.32
2020-06-10,8.93,8.94,9.0,8.78,45169.44
2020-06-11,8.92,8.82,9.03,8.81,38842.59
2020-06-12,8.63,8.78,8.9,8.61,58945.24
2020-06-15,8.77,8.69,8.9,8.69,47997.08
2020-06-16,8.86,9.04,9.24,8.77,79473.99
2020-06-17,9.09,9.11,9.12,8.91,36448.61
2020-06-18,9.11,9.31,9.43,9.07,58457.16
2020-06-19,9.34,9.36,9.53,9.3,59751.82
2020-06-22,9.31,9.29,9.43,9.24,50735.86
2020-06-23,9.3,9.67,9.74,9.24,69862.66
2020-06-24,9.63,9.55,9.69,9.49,39814.15
2020-06-29,9.52,9.49,9.74,9.37,87455.95
2020-06-30,9.56,9.41,9.73,9.31,81047.57
2020-07-01,9.45,9.35,9.59,9.24,73487.01
2020-07-02,9.46,9.6,10.02,9.46,176137.16
2020-07-03,9.55,9.76,9.85,9.4,91564.7
2020-07-06,9.81,9.97,10.06,9.75,116894.81
2020-07-07,10.05,9.81,10.05,9.78,100675.75
2020-07-08,9.79,10.15,10.31,9.74,112576.74
2020-07-09,10.16,10.76,10.82,10.15,116729.97
2020-07-10,10.6,10.58,10.9,10.45,79727.44
2020-07-13,10.61,10.79,10.83,10.47,77206.91
2020-07-14,10.76,10.42,10.76,10.23,108149.39
2020-07-15,10.46,10.44,10.68,10.25,96826.0
2020-07-16,10.43,10.03,10.64,9.95,116383.52
2020-07-17,10.23,10.31,10.65,10.19,68270.11
2020-07-20,10.38,10.73,10.94,10.34,100353.91
2020-07-21,10.73,10.54,10.73,10.5,77858.89
2020-07-22,10.54,10.47,10.58,10.46,50458.06
2020-07-23,10.38,10.5,10.61,10.21,67814.15
2020-07-24,10.49,10.25,10.71,10.22,61692.03
2020-07-27,10.33,10.13,10.42,9.95,56391.88
2020-07-28,10.23,10.87,11.15,10.23,130648.41
2020-07-29,10.78,10.67,10.86,10.52,141138.7
2020-07-30,10.63,10.43,10.63,10.34,74855.98
2020-07-31,10.49,10.52,10.59,10.35,63284.27
2020-08-03,10.53,10.6,10.67,10.45,77338.72
2020-08-04,10.6,10.59,10.72,10.52,78668.69
2020-08-05,10.62,10.54,10.67,10.43,48775.15
2020-08-06,10.76,10.6,11.04,10.52,103213.12
2020-08-07,10.56,10.39,10.65,10.33,51248.44
2020-08-10,10.39,10.54,10.69,10.18,72386.85
2020-08-11,10.52,10.48,10.61,10.38,39132.78
2020-08-12,10.41,10.58,10.64,10.28,64568.07
2020-08-13,10.6,10.65,10.72,10.54,100127.24
2020-08-14,10.65,10.83,10.95,10.63,121645.87
2020-08-17,10.91,11.06,11.65,10.88,264131.0
2020-08-18,11.18,11.37,11.47,10.82,177114.2
2020-08-19,11.39,11.37,11.87,11.37,176500.42
2020-08-20,11.16,10.36,11.16,10.28,234650.08
2020-08-21,10.4,10.35,10.52,10.18,85076.38
2020-08-24,10.34,10.29,10.41,10.22,51425.56
2020-08-25,10.32,10.36,10.48,10.04,97890.88
2020-08-26,10.26,9.86,10.33,9.46,181230.87
2020-08-27,9.83,9.47,9.83,9.38,95868.41
2020-08-28,9.49,9.74,9.79,9.41,75964.53
2020-08-31,9.73,9.51,9.73,9.46,83033.7
2020-09-01,9.52,9.37,9.53,9.33,72879.51
2020-09-02,9.41,9.33,9.49,9.24,54705.3
2020-09-03,9.31,9.34,9.44,9.25,46004.41
2020-09-04,9.22,9.22,9.24,9.01,47892.81
2020-09-07,9.31,9.53,9.66,9.31,97611.17
2020-09-08,9.54,9.88,9.89,9.38,105412.28
2020-09-09,9.81,9.76,9.98,9.68,66473.24
2020-09-10,9.84,9.6,9.94,9.6,60168.61
2020-09-11,9.56,9.5,9.6,9.37,48934.21
2020-09-14,9.5,9.66,9.7,9.42,43436.77
2020-09-15,9.64,9.86,9.97,9.58,52524.65
2020-09-16,9.81,9.76,9.87,9.67,27789.42
2020-09-17,9.74,9.59,9.78,9.53,31481.53
2020-09-18,9.6,9.68,9.77,9.48,47802.56
2020-09-21,9.84,9.56,9.84,9.55,63428.8
2020-09-22,9.54,9.35,9.54,9.31,56825.06
2020-09-23,9.29,9.29,9.4,9.27,32659.64
2020-09-24,9.24,8.83,9.29,8.83,85168.26
2020-09-25,8.92,8.71,8.96,8.59,56466.64
2020-09-28,8.73,8.78,8.84,8.69,34079.5
2020-09-29,8.77,8.67,8.82,8.6,46204.0
2020-09-30,8.65,8.53,9.02,8.53,89111.52
2020-10-09,8.64,8.85,9.11,8.64,117014.26
2020-10-12,8.91,9.05,9.1,8.9,81287.47
2020-10-13,9.12,9.14,9.17,8.99,42612.3
2020-10-14,9.14,9.25,9.31,9.06,65546.47
2020-10-15,9.36,9.41,9.48,9.2,60470.46
2020-10-16,9.45,9.25,9.45,9.2,32182.1
2020-10-19,9.29,9.24,9.43,9.23,26486.6
2020-10-20,9.24,9.37,9.38,9.13,24096.2
2020-10-21,9.38,9.19,9.38,9.1,40745.19
2020-10-22,9.19,9.09,9.2,9.01,28361.61
2020-10-23,9.1,8.82,9.11,8.81,38847.16
2020-10-26,8.82,8.8,8.82,8.63,35694.32
2020-10-27,8.75,8.91,8.94,8.71,32624.81
2020-10-28,9.04,9.08,9.21,8.96,60259.06
2020-10-29,8.94,9.0,9.03,8.83,48205.56
2020-10-30,9.02,8.76,9.02,8.72,57362.61
2020-11-02,8.76,9.2,9.24,8.7,67867.47
2020-11-03,9.2,9.24,9.41,9.12,57285.37
2020-11-04,9.24,9.11,9.29,9.06,38784.68
2020-11-05,9.22,9.33,9.37,9.11,34966.58
2020-11-06,9.38,9.28,9.45,9.15,43353.56
2020-11-09,9.41,9.67,9.79,9.35,83349.93
2020-11-10,9.74,9.73,9.88,9.66,91921.2
2020-11-11,9.74,9.79,9.94,9.69,69343.46
2020-11-12,10.03,9.81,10.32,9.64,147529.05
2020-11-13,9.68,9.83,9.89,9.45,82771.35
2020-11-16,10.81,10.3,10.81,10.1,452558.78
2020-11-17,10.37,11.14,11.29,10.15,479167.43
2020-11-18,10.81,10.59,11.06,10.53,266309.46
2020-11-19,10.59,10.14,10.59,10.06,176289.95
2020-11-20,10.16,10.34,10.52,9.93,157308.22
2020-11-23,10.29,10.28,10.59,10.19,145169.9
2020-11-24,10.31,10.37,10.58,10.09,132327.91
2020-11-25,10.4,10.05,10.47,10.03,86112.0
2020-11-26,10.08,10.39,10.47,10.02,135238.32
2020-11-27,10.32,10.17,10.41,10.16,81169.19
2020-11-30,10.18,10.09,10.26,10.04,78826.73
2020-12-01,10.03,10.08,10.1,9.84,85506.24
2020-12-02,10.1,10.12,10.29,10.07,75564.74
2020-12-03,10.11,10.04,10.18,9.97,48843.45
2020-12-04,9.99,9.79,9.99,9.76,81571.12
2020-12-07,9.81,9.5,9.81,9.45,93144.04
2020-12-08,9.62,9.3,9.63,9.27,99523.66
2020-12-09,9.36,9.13,9.36,9.1,56774.99
2020-12-10,9.09,9.1,9.24,9.05,41563.82
2020-12-11,9.01,8.96,9.14,8.86,57315.69
2020-12-14,9.03,9.21,9.24,8.97,51855.57
2020-12-15,9.22,9.2,9.24,9.1,31036.3
2020-12-16,9.27,9.07,9.27,9.06,34094.06
2020-12-17,9.11,9.28,9.32,9.01,51891.15
2020-12-18,9.23,9.11,9.27,9.08,56179.21
2020-12-21,9.11,8.99,9.11,8.95,68496.7
2020-12-22,8.96,8.87,9.07,8.87,54362.83
2020-12-23,8.88,8.92,9.03,8.82,36907.51
2020-12-24,8.94,8.73,8.98,8.71,57694.66
2020-12-25,8.71,8.79,8.85,8.61,40150.92
2020-12-28,8.81,8.63,8.82,8.63,39660.27
2020-12-29,8.69,8.84,9.01,8.59,71973.47
2020-12-30,8.74,8.78,8.96,8.72,47188.37
2020-12-31,8.89,9.2,9.31,8.83,111274.68
2021-01-04,9.12,9.17,9.24,9.07,95133.04
2021-01-05,9.13,9.27,9.35,9.05,115319.27
2021-01-06,9.2,9.1,9.23,9.07,57685.83
2021-01-07,9.08,8.92,9.21,8.87,55576.47
2021-01-08,8.99,8.91,9.0,8.82,56196.05
2021-01-11,8.91,8.64,8.95,8.63,77857.1
2021-01-12,8.65,8.71,8.81,8.6,56177.44
2021-01-13,8.71,8.58,8.75,8.54,67294.26
2021-01-14,8.58,8.64,8.73,8.57,42675.5
2021-01-15,8.72,8.67,8.72,8.6,30001.8
2021-01-18,8.67,8.78,8.84,8.66,44834.55
2021-01-19,8.77,8.72,8.84,8.66,41439.78
2021-01-20,8.71,8.6,8.72,8.54,43669.73
2021-01-21,8.59,8.62,8.67,8.56,34770.57
2021-01-22,8.64,8.67,8.74,8.51,48517.32
2021-01-25,8.72,8.57,8.74,8.55,36853.02
2021-01-26,8.57,8.33,8.57,8.29,54336.93
2021-01-27,8.24,8.15,8.32,8.14,63912.36
2021-01-28,8.11,7.93,8.11,7.86,66622.49
2021-01-29,7.99,7.8,8.02,7.78,50415.3
2021-02-01,7.8,7.8,7.87,7.68,52593.7
2021-02-02,7.81,7.66,7.84,7.63,67492.31
2021-02-03,7.66,7.51,7.67,7.45,72143.7
2021-02-04,7.51,7.27,7.53,7.17,78344.32
2021-02-05,7.35,7.37,7.55,7.33,71459.83
2021-02-08,7.42,7.48,7.68,7.42,89984.14
2021-02-09,7.47,7.62,7.64,7.42,46999.5
2021-02-10,7.62,7.71,7.75,7.55,45623.6
2021-02-18,7.96,8.48,8.48,7.96,116098.1
2021-02-19,8.76,8.67,9.02,8.57,227068.38
2021-02-22,8.67,8.67,8.96,8.49,158322.91
2021-02-23,8.58,8.79,8.85,8.58,97423.45
2021-02-24,8.84,8.75,9.03,8.68,119651.19
2021-02-25,8.85,8.6,8.85,8.54,84501.1
2021-02-26,8.54,8.46,8.57,8.43,63860.26
2021-03-01,8.53,8.82,8.82,8.5,84431.24
2021-03-02,8.86,8.71,8.87,8.65,51841.92
2021-03-03,8.7,8.75,8.79,8.61,44337.54
2021-03-04,8.75,9.05,9.27,8.75,165982.36
2021-03-05,9.1,9.1,9.38,8.95,126835.02
2021-03-08,9.34,9.59,9.93,9.25,219653.24
2021-03-09,9.53,9.24,10.04,9.16,294856.58
2021-03-10,9.06,8.82,9.06,8.64,158435.74
2021-03-11,8.76,9.18,9.42,8.72,152898.96
2021-03-12,9.27,9.15,9.27,9.03,75876.1
2021-03-15,9.09,9.06,9.29,8.9,106660.05
2021-03-16,9.09,9.34,9.69,8.95,166353.01
2021-03-17,9.33,9.36,9.45,9.2,89894.95
2021-03-18,9.29,9.2,9.38,9.15,74092.8
2021-03-19,9.15,9.1,9.26,9.05,66344.59
2021-03-22,9.07,9.18,9.21,9.03,56587.25
2021-03-23,9.24,9.09,9.53,8.99,142800.61
2021-03-24,8.95,8.7,8.97,8.67,112685.8
2021-03-25,8.66,8.6,8.7,8.4,71609.77
2021-03-26,8.54,8.62,8.67,8.52,45171.06
2021-03-29,8.7,8.68,8.7,8.55,37590.2
2021-03-30,8.65,8.68,8.75,8.59,44987.74
2021-03-31,8.85,9.31,9.47,8.85,222498.73
2021-04-01,9.16,9.25,9.34,9.1,100595.81
2021-04-02,9.21,9.08,9.25,8.98,93127.59
2021-04-06,9.04,9.05,9.17,8.99,52547.04
2021-04-07,9.22,9.07,9.44,9.03,121350.42
2021-04-08,9.0,8.99,9.03,8.82,82203.37
2021-04-09,8.97,8.89,9.06,8.88,56489.17
2021-04-12,8.89,8.9,8.97,8.85,53272.86
2021-04-13,8.87,8.78,8.89,8.67,58456.84
2021-04-14,8.75,8.83,8.86,8.74,39441.75
2021-04-15,8.76,9.03,9.13,8.69,119341.09
2021-04-16,8.99,9.08,9.15,8.94,114323.58
2021-04-19,9.03,9.1,9.18,8.97,94198.37
2021-04-20,9.1,9.19,9.27,9.03,92166.16
2021-04-21,9.18,9.06,9.23,8.95,81849.07
2021-04-22,9.06,9.09,9.12,8.98,55277.52
2021-04-23,9.07,8.79,9.07,8.76,84584.25
2021-04-26,8.91,8.85,8.96,8.81,64059.9
2021-04-27,8.6,8.01,8.63,7.97,229753.93
2021-04-28,7.97,8.0,8.05,7.83,88183.22
2021-04-29,7.94,7.85,7.96,7.84,71140.03
2021-04-30,7.86,7.81,7.9,7.78,40503.46
2021-05-06,7.8,7.81,7.93,7.73,65230.55
2021-05-07,7.83,7.8,7.87,7.76,44880.88
2021-05-10,7.75,7.82,7.83,7.7,36601.88
2021-05-11,7.8,7.69,7.83,7.6,74706.62
2021-05-12,7.71,7.83,7.83,7.68,41939.3
2021-05-13,7.85,7.74,7.89,7.69,56462.27
2021-05-14,7.75,7.83,7.83,7.7,44029.7
2021-05-17,7.84,7.83,7.88,7.78,47944.22
2021-05-18,7.79,7.73,7.79,7.64,47108.31
2021-05-19,7.69,7.68,7.69,7.64,31430.6
2021-05-20,7.65,7.83,7.97,7.61,80477.15
2021-05-21,7.78,7.8,7.83,7.73,37617.4
2021-05-24,7.8,7.68,7.8,7.14,47874.45
2021-05-25,7.69,7.62,7.7,7.55,55607.27
2021-05-26,7.65,7.76,7.79,7.59,53053.43
2021-05-27,7.73,7.7,7.89,7.68,72094.93
2021-05-28,7.7,7.63,7.71,7.62,48099.95
2021-05-31,7.63,7.64,7.7,7.58,61025.91
2021-06-01,7.63,7.59,7.65,7.53,82163.76
2021-06-02,7.58,7.46,7.58,7.46,48626.87
2021-06-03,7.47,7.47,7.52,7.44,48395.45
2021-06-04,7.48,7.45,7.51,7.44,38632.3
2021-06-07,7.45,7.44,7.47,7.41,44147.78
2021-06-08,7.44,7.47,7.49,7.41,29703.02
2021-06-09,7.47,7.5,7.52,7.44,27259.5
2021-06-10,7.51,7.52,7.53,7.46,27862.32
2021-06-11,7.52,7.46,7.53,7.44,26234.0
2021-06-15,7.46,7.35,7.47,7.34,30201.7
2021-06-16,7.35,7.27,7.35,7.26,30833.9
2021-06-17,7.27,7.23,7.3,7.21,26910.0
2021-06-18,7.23,7.25,7.27,7.18,23038.1
2021-06-21,7.27,7.22,7.29,7.18,39361.96
2021-06-22,7.21,7.33,7.44,7.21,50071.59
2021-06-23,7.35,7.35,7.37,7.3,29634.2
2021-06-24,7.38,7.39,7.41,7.32,28872.8
2021-06-25,7.53,7.63,7.65,7.51,114005.11
2021-06-28,7.66,7.76,7.77,7.66,104280.07
2021-06-29,7.62,7.43,7.62,7.41,83165.78
2021-06-30,7.41,7.44,7.44,7.35,26064.77
2021-07-01,7.44,7.35,7.45,7.35,28693.01
2021-07-02,7.35,7.27,7.42,7.26,32101.34
2021-07-05,7.26,7.29,7.33,7.24,23065.31
2021-07-06,7.27,7.31,7.32,7.24,22101.42
2021-07-07,7.28,7.33,7.35,7.28,19125.7
2021-07-08,7.33,7.27,7.34,7.26,27682.38
2021-07-09,7.27,7.39,7.41,7.25,30274.46
2021-07-12,7.44,7.41,7.51,7.39,36330.32
2021-07-13,7.42,7.41,7.43,7.35,24695.4
2021-07-14,7.4,7.33,7.41,7.32,28698.04
2021-07-15,7.32,7.33,7.33,7.24,24578.24
2021-07-16,7.31,7.32,7.35,7.27,19531.4
2021-07-19,7.3,7.35,7.36,7.28,19062.0
2021-07-20,7.33,7.31,7.33,7.28,17422.7
2021-07-21,7.29,7.33,7.36,7.29,26189.75
2021-07-22,7.34,7.43,7.43,7.29,56718.38
2021-07-23,7.43,7.47,7.5,7.35,70779.93
2021-07-26,7.47,7.29,7.47,7.25,53941.58
2021-07-27,7.28,7.15,7.31,7.14,45663.1
2021-07-28,7.15,6.91,7.15,6.84,48241.27
2021-07-29,6.94,6.93,7.01,6.91,21663.46
2021-07-30,6.92,6.88,6.92,6.83,35246.05
2021-08-02,6.84,6.92,6.97,6.67,55933.49
2021-08-03,6.92,6.97,7.03,6.88,34780.52
2021-08-04,6.99,6.88,6.99,6.85,37498.19
2021-08-05,6.86,6.8,6.88,6.76,46934.14
2021-08-06,6.8,6.78,6.83,6.75,24624.95
2021-08-09,6.74,6.88,6.88,6.73,28394.55
2021-08-10,6.85,6.84,6.87,6.82,27717.2
2021-08-11,6.88,6.92,6.94,6.85,32347.73
2021-08-12,6.92,6.92,6.95,6.88,27563.6
2021-08-13,6.92,6.93,6.99,6.9,30653.3
2021-08-16,6.91,6.97,6.98,6.86,29229.9
2021-08-17,6.96,6.81,6.97,6.8,36069.1
2021-08-18,6.79,6.84,6.84,6.77,22906.57
2021-08-19,6.83,6.8,6.83,6.78,20953.41
2021-08-20,6.8,6.75,6.81,6.71,32173.67
2021-08-23,6.76,6.84,6.85,6.76,23798.0
2021-08-24,6.82,6.86,6.88,6.81,34296.22
2021-08-25,6.84,6.88,6.89,6.81,28102.23
2021-08-26,6.86,6.92,6.98,6.84,45239.77
2021-08-27,6.92,7.02,7.03,6.91,51853.75
2021-08-30,7.1,6.93,7.1,6.92,49810.6
2021-08-31,6.92,6.98,6.98,6.92,27451.54
2021-09-01,6.98,7.33,7.37,6.98,114622.15
2021-09-02,7.45,7.34,7.45,7.22,107181.41
2021-09-03,7.44,7.42,7.6,7.35,133748.05
2021-09-06,7.37,7.36,7.43,7.28,78419.73
2021-09-07,7.38,7.42,7.48,7.37,58038.79
2021-09-08,7.4,7.44,7.45,7.35,67341.08
2021-09-09,7.42,7.73,7.75,7.4,156704.02
2021-09-10,7.73,7.6,7.78,7.53,94253.27
2021-09-13,7.69,7.72,7.82,7.63,88571.06
2021-09-14,7.7,7.55,7.78,7.51,78176.64
2021-09-15,7.52,7.58,7.65,7.45,41130.6
2021-09-16,7.54,7.43,7.65,7.4,56715.8
2021-09-17,7.42,7.38,7.46,7.27,49530.9
2021-09-22,7.27,7.52,7.57,7.2,52091.55
2021-09-23,7.56,7.5,7.61,7.44,44045.17
2021-09-24,7.46,7.33,7.53,7.28,51077.12
2021-09-27,7.33,7.15,7.36,7.1,46943.3
2021-09-28,7.14,7.28,7.3,7.12,26945.41
2021-09-29,7.24,7.18,7.33,7.17,33440.2
2021-09-30,7.19,7.19,7.3,7.17,17930.4
2021-10-08,7.29,7.3,7.31,7.24,23857.79
2021-10-11,7.32,7.3,7.35,7.26,23555.08
2021-10-12,7.28,7.21,7.28,7.18,26184.3
2021-10-13,7.25,7.31,7.34,7.19,23274.93
2021-10-14,7.31,7.27,7.31,7.23,11817.79
2021-10-15,7.31,7.23,7.34,7.23,22877.59
2021-10-18,7.23,7.26,7.28,7.21,18876.08
2021-10-19,7.23,7.26,7.3,7.23,14895.39
2021-10-20,7.26,7.21,7.27,7.19,15746.5
2021-10-21,7.2,7.11,7.23,7.11,23722.0
2021-10-22,7.15,6.98,7.16,6.95,32230.03
2021-10-25,7.0,6.96,7.01,6.88,12613.3
2021-10-26,6.97,6.95,7.01,6.92,12998.63
2021-10-27,6.95,6.88,6.95,6.85,21047.23
2021-10-28,6.84,6.62,6.85,6.6,53399.41
2021-10-29,6.63,6.67,6.69,6.59,29002.84
2021-11-01,6.67,6.7,6.72,6.62,20383.86
2021-11-02,6.71,6.6,6.72,6.54,21073.1
2021-11-03,6.57,6.65,6.67,6.56,14446.38
2021-11-04,6.84,6.76,6.94,6.72,43880.65
2021-11-05,6.77,6.75,6.84,6.72,24767.13
2021-11-08,6.75,6.78,6.8,6.74,24451.32
2021-11-09,6.79,6.75,6.79,6.73,17251.14
2021-11-10,6.75,6.74,6.76,6.65,27420.63
2021-11-11,6.74,6.83,6.83,6.72,32118.1
2021-11-12,6.83,6.8,6.83,6.73,24122.9
2021-11-15,6.85,6.97,6.99,6.83,49343.54
2021-11-16,6.97,6.92,6.98,6.91,25032.47
2021-11-17,6.97,6.93,6.97,6.9,18203.0
2021-11-18,6.92,6.89,6.93,6.86,21083.1
2021-11-19,7.0,7.06,7.07,6.85,48624.35
2021-11-22,7.07,7.12,7.25,7.01,80412.57
2021-11-23,7.03,7.04,7.08,6.97,47522.94
2021-11-24,7.05,7.01,7.07,7.0,22787.64
2021-11-25,7.0,7.0,7.03,6.98,19083.47
2021-11-26,7.0,6.95,7.0,6.93,19500.01
2021-11-29,6.88,6.84,6.88,6.79,30433.3
2021-11-30,6.89,6.88,6.9,6.84,19665.24
2021-12-01,6.85,6.93,6.94,6.85,22073.52
2021-12-02,6.93,6.96,7.04,6.73,38329.21
2021-12-03,7.08,7.17,7.44,7.08,112867.48
2021-12-06,7.14,7.01,7.18,7.0,61858.43
2021-12-07,7.03,7.08,7.09,6.98,33349.16
2021-12-08,7.08,7.07,7.11,7.01,25390.5
2021-12-09,7.07,7.08,7.11,7.04,26342.0
2021-12-10,7.09,7.04,7.09,7.02,23228.8
2021-12-13,7.06,7.02,7.1,6.98,31828.8
2021-12-14,7.03,7.1,7.11,6.99,41058.9
2021-12-15,7.29,7.29,7.35,7.18,123146.75
2021-12-16,7.21,7.28,7.39,7.14,69783.03
2021-12-17,7.3,7.23,7.33,7.2,38152.85
2021-12-20,7.3,7.24,7.3,7.11,52370.74
2021-12-21,7.22,7.28,7.3,7.19,45169.0
2021-12-22,7.33,7.24,7.33,7.21,32932.5
2021-12-23,7.21,7.17,7.27,7.13,40057.6
2021-12-24,7.18,7.15,7.24,7.1,33659.3
2021-12-27,7.16,7.18,7.19,7.1,23324.03
2021-12-28,7.19,7.21,7.22,7.1,36326.53
2021-12-29,7.23,7.22,7.29,7.19,44221.1
2021-12-30,7.26,7.21,7.27,7.19,45492.4
2021-12-31,7.23,7.2,7.26,7.17,48284.0
2022-01-04,7.26,7.38,7.42,7.26,98588.54
2022-01-05,7.35,7.33,7.53,7.3,91499.09
2022-01-06,7.34,7.34,7.4,7.3,56176.37
2022-01-07,7.36,7.36,7.42,7.3,62484.93
2022-01-10,7.39,7.37,7.39,7.27,42513.51
2022-01-11,7.37,7.44,7.52,7.31,56000.2
2022-01-12,7.42,7.4,7.45,7.36,40053.0
2022-01-13,7.36,7.32,7.42,7.31,47224.42
2022-01-14,7.32,7.18,7.33,7.17,58146.39
2022-01-17,7.16,7.18,7.24,7.16,42234.27
2022-01-18,7.17,7.19,7.25,7.15,27193.49
2022-01-19,7.18,7.18,7.23,7.16,25272.36
2022-01-20,7.18,7.11,7.2,7.09,31937.25
2022-01-21,7.1,6.93,7.11,6.9,58302.47
2022-01-24,6.9,6.84,6.97,6.82,52268.53
2022-01-25,6.86,6.61,6.89,6.6,81838.53
2022-01-26,6.65,6.66,6.68,6.59,40264.97
2022-01-27,6.67,6.73,6.75,6.63,61554.7
2022-01-28,6.73,6.98,7.01,6.7,103876.7
2022-02-07,7.02,7.27,7.3,7.01,120519.86
2022-02-08,7.24,7.43,7.46,7.22,116326.63
2022-02-09,7.44,7.39,7.45,7.35,56568.02
2022-02-10,7.44,7.5,7.52,7.31,92073.81
2022-02-11,7.44,7.45,7.57,7.35,77751.0
2022-02-14,7.46,7.29,7.51,7.25,69953.12
2022-02-15,7.29,7.18,7.33,7.13,52577.0
2022-02-16,7.2,7.2,7.27,7.17,39743.58
2022-02-17,7.2,7.14,7.26,7.11,44264.37
2022-02-18,7.12,7.25,7.25,7.08,41729.31
2022-02-21,7.23,7.28,7.32,7.18,43230.63
2022-02-22,7.25,7.18,7.27,7.14,41791.25
2022-02-23,7.2,7.18,7.2,7.16,33516.6
2022-02-24,7.16,6.94,7.17,6.85,72721.47
2022-02-25,6.98,7.04,7.11,6.98,49473.15
2022-02-28,7.13,7.05,7.24,6.99,43955.39
2022-03-01,7.03,7.07,7.21,7.01,57280.32
2022-03-02,7.0,7.29,7.35,6.98,136581.85
2022-03-03,7.31,7.46,7.47,7.27,136765.79
2022-03-04,7.42,7.22,7.42,7.21,94599.86
2022-03-07,7.18,7.04,7.26,7.03,71598.36
2022-03-08,7.04,6.77,7.07,6.75,74479.7
2022-03-09,6.8,6.58,6.88,6.36,100609.53
2022-03-10,6.67,6.65,6.71,6.59,54849.94
2022-03-11,6.6,6.74,6.75,6.41,52191.76
2022-03-14,6.78,6.65,6.85,6.62,48827.38
2022-03-15,6.59,6.31,6.61,6.29,64043.87
2022-03-16,6.37,6.45,6.45,6.15,52343.69
2022-03-17,6.5,6.45,6.52,6.41,43016.99
2022-03-18,6.41,6.54,6.56,6.38,36828.9
2022-03-21,6.67,6.91,7.09,6.67,124848.72
2022-03-22,6.84,6.73,6.87,6.71,69764.97
2022-03-23,6.75,6.72,6.77,6.65,34171.18
2022-03-24,7.39,6.97,7.39,6.96,313670.93
2022-03-25,6.68,6.67,6.88,6.61,195555.63
2022-03-28,6.64,6.7,6.75,6.52,89606.61
2022-03-29,6.69,6.63,6.72,6.6,49049.78
2022-03-30,6.67,6.65,6.67,6.58,55231.78
2022-03-31,6.67,6.71,6.76,6.61,61273.2
2022-04-01,6.65,6.9,6.91,6.65,101586.29
2022-04-06,6.88,7.0,7.01,6.84,77916.99
2022-04-07,6.93,7.7,7.7,6.83,128180.87
2022-04-08,7.9,8.47,8.47,7.47,775153.65
2022-04-11,8.11,9.32,9.32,8.03,1039382.28
2022-04-12,9.45,10.25,10.25,8.92,1482962.53
2022-04-13,11.27,10.62,11.27,9.7,1927062.42
2022-04-14,9.56,9.56,9.56,9.56,110043.0
2022-04-15,8.6,8.6,8.6,8.6,53662.0
2022-04-18,7.74,7.94,8.3,7.74,1935434.9
2022-04-19,7.61,7.41,7.7,7.37,1155879.84
2022-04-20,7.35,7.52,7.73,7.25,1065487.57
2022-04-21,7.35,6.87,7.35,6.84,833410.67
2022-04-22,6.89,7.06,7.25,6.86,698882.18
2022-04-25,6.89,6.48,6.99,6.45,587308.92
2022-04-26,6.55,6.41,6.67,6.32,484308.57
2022-04-27,6.45,6.75,6.76,6.45,580661.68
2022-04-28,6.75,6.59,6.85,6.36,649094.89
2022-04-29,6.59,6.71,6.78,6.52,523641.09
2022-05-05,6.71,7.07,7.15,6.66,713419.23
2022-05-06,6.83,6.84,6.99,6.75,489251.93
2022-05-09,6.77,6.87,6.92,6.73,317623.52
2022-05-10,6.74,7.02,7.22,6.7,547225.08
2022-05-11,6.99,7.08,7.26,6.96,651597.78
2022-05-12,6.99,7.15,7.22,6.96,545256.08
2022-05-13,7.15,7.18,7.28,7.08,465349.99
2022-05-16,7.18,7.13,7.24,7.03,392525.12
2022-05-17,7.13,6.91,7.13,6.72,479429.3
2022-05-18,6.94,6.91,6.99,6.83,312834.83
2022-05-19,6.74,6.85,6.87,6.72,274854.91
2022-05-20,6.91,6.96,7.0,6.89,282607.62
2022-05-23,7.05,7.27,7.46,7.01,647829.95
2022-05-24,7.27,6.99,7.37,6.97,476062.36
2022-05-25,7.11,7.69,7.69,7.07,991656.43
2022-05-26,7.76,7.5,7.76,7.46,1012303.44
2022-05-27,7.65,7.54,7.67,7.45,577632.34
2022-05-30,7.49,7.52,7.59,7.41,395642.2
2022-05-31,7.49,7.58,7.66,7.45,484913.66
2022-06-01,7.57,7.53,7.86,7.49,551922.91
2022-06-02,7.5,7.41,7.54,7.39,372890.94
2022-06-06,7.44,7.47,7.47,7.31,324820.06
2022-06-07,7.45,7.92,8.13,7.44,937294.23
2022-06-08,7.85,7.64,7.85,7.49,595328.5
2022-06-09,7.64,7.54,7.64,7.44,336982.51
2022-06-10,7.6,7.62,7.72,7.48,349933.88
2022-06-13,7.52,7.54,7.69,7.41,326219.86
2022-06-14,7.57,7.72,7.73,7.52,447430.6
2022-06-15,7.75,7.62,7.83,7.61,418358.46
2022-06-16,7.61,7.55,7.62,7.5,256123.85
2022-06-17,7.5,7.49,7.53,7.42,243983.85
2022-06-20,7.46,7.5,7.51,7.42,171875.22
2022-06-21,7.5,7.38,7.51,7.35,250665.05
2022-06-22,7.36,7.16,7.39,7.15,281224.18
2022-06-23,7.12,7.2,7.23,7.06,209788.55
2022-06-24,7.2,7.15,7.22,7.12,186823.05
2022-06-27,7.16,7.18,7.25,7.14,163933.53
2022-06-28,7.18,7.25,7.26,7.16,182413.73
2022-06-29,7.22,7.09,7.28,7.09,194106.32
2022-06-30,7.1,7.12,7.16,7.09,118287.29
2022-07-01,7.12,7.05,7.13,7.03,138563.96
2022-07-04,7.09,7.25,7.31,7.05,231420.66
2022-07-05,7.25,7.32,7.4,7.2,250410.74
2022-07-06,7.29,7.11,7.3,7.1,189681.32
2022-07-07,7.13,7.12,7.16,7.07,115207.47
2022-07-08,7.12,7.14,7.19,7.08,107328.25
2022-07-11,7.16,7.13,7.21,7.05,115547.23
2022-07-12,7.11,7.19,7.29,7.08,155732.78
2022-07-13,7.2,7.36,7.38,7.19,253966.95
2022-07-14,7.34,7.28,7.35,7.24,153937.9
2022-07-15,7.26,7.05,7.27,7.05,176177.48
2022-07-18,7.03,7.16,7.18,7.03,117401.06
2022-07-19,7.15,7.17,7.2,7.1,122148.73
2022-07-20,7.18,7.25,7.28,7.16,157755.9
2022-07-21,7.28,7.18,7.29,7.18,124347.73
2022-07-22,7.16,7.19,7.28,7.14,145154.41
2022-07-25,7.23,7.34,7.44,7.2,271028.22
2022-07-26,7.34,7.37,7.4,7.27,166240.64
2022-07-27,7.32,7.3,7.36,7.27,112313.28
2022-07-28,7.32,7.3,7.35,7.28,119181.25
2022-07-29,7.31,7.2,7.32,7.18,125361.6
2022-08-01,7.17,7.2,7.24,7.16,97609.09
2022-08-02,7.11,6.8,7.11,6.75,265100.45
2022-08-03,6.76,6.72,6.9,6.7,135077.97
2022-08-04,6.74,6.79,6.8,6.68,94624.49
2022-08-05,6.79,6.84,6.84,6.74,84670.78
2022-08-08,6.82,6.87,6.88,6.81,61347.0
2022-08-09,6.83,6.82,6.85,6.8,63939.3
2022-08-10,6.79,6.75,6.8,6.72,66242.38
2022-08-11,6.79,6.87,6.88,6.78,97430.88
2022-08-12,6.87,6.92,6.97,6.84,88056.21
2022-08-15,6.93,6.88,6.95,6.85,73769.96
2022-08-16,6.89,6.92,6.95,6.88,55163.0
2022-08-17,6.93,6.94,6.94,6.88,64662.5
2022-08-18,6.94,6.85,6.94,6.84,68277.45
2022-08-19,6.86,6.83,6.89,6.83,65357.96
2022-08-22,6.84,6.96,7.01,6.83,125740.6
2022-08-23,6.97,7.05,7.11,6.93,146952.43
2022-08-24,7.05,6.94,7.11,6.92,133510.6
2022-08-25,6.95,7.27,7.27,6.91,359403.83
2022-08-26,7.32,7.16,7.36,7.13,202129.71
2022-08-29,7.1,7.16,7.16,7.02,108713.1
2022-08-30,7.13,7.23,7.29,7.11,166627.01
2022-08-31,7.18,7.05,7.18,7.01,158790.16
2022-09-01,7.09,7.04,7.13,7.03,100369.09
2022-09-02,7.05,7.07,7.16,7.03,106513.57
2022-09-05,7.09,7.24,7.27,7.07,193541.58
2022-09-06,7.34,7.26,7.39,7.17,179820.09
2022-09-07,7.24,7.17,7.25,7.15,128480.27
2022-09-08,7.19,7.23,7.27,7.15,136178.04
2022-09-09,7.23,7.19,7.31,7.19,120645.53
2022-09-13,7.19,7.16,7.29,7.16,123131.08
2022-09-14,7.06,7.17,7.32,7.04,176962.51
2022-09-15,7.2,7.07,7.27,6.97,177349.64
2022-09-16,7.13,6.85,7.13,6.84,176311.29
2022-09-19,6.87,6.79,6.92,6.75,95860.2
2022-09-20,6.82,6.82,6.92,6.8,73458.83
2022-09-21,6.81,6.96,7.0,6.72,142698.49
2022-09-22,6.94,6.93,7.05,6.92,96052.23
2022-09-23,6.91,6.84,6.98,6.8,86861.26
2022-09-26,6.78,6.51,6.79,6.5,160532.3
2022-09-27,6.55,6.61,6.63,6.43,86905.44
2022-09-28,6.63,6.52,6.64,6.5,64757.24
2022-09-29,6.56,6.42,6.6,6.38,77767.96
2022-09-30,6.44,6.45,6.49,6.4,56086.08
2022-10-10,6.45,6.38,6.5,6.35,69475.79
2022-10-11,6.41,6.36,6.42,6.25,62577.86
2022-10-12,6.37,6.44,6.44,6.24,80896.4
2022-10-13,6.42,6.43,6.48,6.36,76376.23
2022-10-14,6.45,6.58,6.59,6.45,91743.11
2022-10-17,6.56,6.68,6.74,6.52,99653.9
2022-10-18,6.66,6.67,6.72,6.62,62934.12
2022-10-19,6.65,6.94,7.28,6.64,351536.13
2022-10-20,6.82,6.6,6.93,6.59,217463.41
2022-10-21,6.63,6.58,6.64,6.57,100254.63
2022-10-24,6.63,6.5,6.74,6.44,106991.33
2022-10-25,6.52,6.67,6.75,6.43,148961.24
2022-10-26,6.66,6.73,6.75,6.62,123333.57
2022-10-27,6.7,6.69,6.78,6.66,102201.13
2022-10-28,6.67,6.54,6.68,6.49,100156.45
2022-10-31,6.54,6.51,6.58,6.49,75915.18
2022-11-01,6.51,6.6,6.61,6.49,104884.8
2022-11-02,6.63,6.7,6.74,6.6,134976.92
2022-11-03,6.69,6.83,6.94,6.65,218500.46
2022-11-04,6.76,6.94,6.96,6.76,168909.59
2022-11-07,6.88,6.94,7.0,6.88,112918.25
2022-11-08,6.95,6.93,7.09,6.91,108140.66
2022-11-09,6.94,6.9,6.95,6.89,62590.6
2022-11-10,6.89,6.94,6.97,6.83,76111.31
2022-11-11,7.04,7.05,7.09,6.94,137834.7
2022-11-14,7.11,6.99,7.11,6.95,95317.37
2022-11-15,6.96,7.01,7.02,6.94,84697.27
2022-11-16,7.0,6.95,7.05,6.94,79061.44
2022-11-17,6.95,7.0,7.05,6.91,86601.51
2022-11-18,7.03,6.91,7.03,6.9,80795.26
2022-11-21,6.88,6.83,6.88,6.77,87734.98
2022-11-22,6.85,6.9,6.99,6.83,109131.62
2022-11-23,6.89,6.91,6.98,6.87,90769.53
2022-11-24,6.94,6.86,6.94,6.83,60179.52
2022-11-25,6.84,6.93,6.94,6.83,90672.58
2022-11-28,6.84,6.88,6.9,6.73,93044.11
2022-11-29,6.89,7.0,7.01,6.89,126952.58
2022-11-30,6.97,6.98,7.04,6.96,76446.16
2022-12-01,7.02,7.01,7.05,6.96,90199.38
2022-12-02,7.01,6.94,7.03,6.92,90490.03
2022-12-05,6.97,7.15,7.16,6.97,191369.36
2022-12-06,7.13,7.11,7.17,7.07,91397.03
2022-12-07,7.12,7.13,7.25,7.07,126908.65
2022-12-08,7.15,7.2,7.32,7.11,215846.2
2022-12-09,7.19,7.08,7.22,7.04,138926.81
2022-12-12,7.06,7.01,7.14,7.0,94656.58
2022-12-13,7.02,7.08,7.14,7.02,84302.95
2022-12-14,7.08,7.04,7.12,7.03,59104.22
2022-12-15,7.04,6.93,7.06,6.93,75507.23
2022-12-16,6.88,6.95,6.97,6.85,62927.39
2022-12-19,6.97,6.76,6.99,6.72,87017.25
2022-12-20,6.72,6.72,6.79,6.68,53735.72
2022-12-21,6.75,6.72,6.78,6.69,47715.78
2022-12-22,6.74,6.63,6.77,6.6,59086.2
2022-12-23,6.61,6.66,6.7,6.6,48044.23
2022-12-26,6.69,6.69,6.72,6.63,43079.06
2022-12-27,6.72,6.85,6.91,6.71,106950.18
2022-12-28,6.86,6.78,6.86,6.76,56271.64
2022-12-29,6.75,6.66,6.79,6.65,66385.77
2022-12-30,6.66,6.78,6.78,6.66,53533.75
2023-01-03,6.74,6.75,6.77,6.64,103512.32
2023-01-04,6.72,6.72,6.76,6.69,69639.89
2023-01-05,6.76,6.79,6.87,6.72,115522.15
2023-01-06,6.77,6.7,6.77,6.68,85580.83
2023-01-09,6.71,6.7,6.73,6.7,59584.07
2023-01-10,6.7,6.65,6.71,6.63,54457.7
2023-01-11,6.65,6.63,6.67,6.62,42411.33
2023-01-12,6.65,6.66,6.66,6.61,51053.72
2023-01-13,6.64,6.72,6.72,6.64,53082.25
2023-01-16,6.72,6.75,6.77,6.7,75962.0
2023-01-17,6.75,6.74,6.77,6.72,33424.5
2023-01-18,6.75,6.74,6.77,6.73,47048.14
2023-01-19,6.75,6.79,6.79,6.72,48868.97
2023-01-20,6.8,6.85,6.87,6.78,87006.73
2023-01-30,6.86,6.87,6.97,6.86,91917.83
2023-01-31,6.84,6.92,6.92,6.83,60881.94
2023-02-01,6.97,6.95,6.98,6.91,84592.29
2023-02-02,6.97,6.94,6.98,6.92,67581.92
2023-02-03,6.94,6.91,6.94,6.85,82114.32
2023-02-06,6.89,6.94,7.02,6.86,98932.73
2023-02-07,6.94,6.96,7.0,6.93,60723.51
2023-02-08,6.97,6.92,6.99,6.9,49227.47
2023-02-09,6.92,6.98,6.99,6.91,57513.06
2023-02-10,6.99,7.01,7.04,6.96,77272.78
2023-02-13,7.04,7.04,7.05,6.98,81232.71
2023-02-14,7.05,7.02,7.06,6.99,67899.05
2023-02-15,7.05,6.94,7.05,6.94,97583.89
2023-02-16,6.96,6.86,7.0,6.83,110600.41
2023-02-17,6.87,6.89,6.94,6.86,58068.08
2023-02-20,6.89,6.98,6.99,6.86,69881.89
2023-02-21,7.0,7.04,7.05,6.97,83625.59
2023-02-22,7.02,7.05,7.05,6.98,78700.97
2023-02-23,7.05,7.03,7.05,6.99,57303.22
2023-02-24,7.05,7.03,7.07,6.99,48337.33
2023-02-27,7.03,6.98,7.03,6.94,58949.73
2023-02-28,6.96,7.04,7.04,6.96,69279.13
2023-03-01,7.04,7.05,7.06,7.01,69138.04
2023-03-02,7.06,7.15,7.16,7.04,140471.07
2023-03-03,7.17,7.16,7.17,7.11,87027.54
2023-03-06,7.19,7.14,7.2,7.11,86231.37
2023-03-07,7.14,7.04,7.17,7.02,102552.27
2023-03-08,7.03,7.1,7.11,7.02,56407.09
2023-03-09,7.13,7.09,7.16,7.07,68439.52
2023-03-10,7.07,6.95,7.09,6.94,82224.15
2023-03-13,6.98,7.03,7.04,6.94,66369.72
2023-03-14,7.06,7.1,7.29,7.03,214392.34
2023-03-15,7.12,7.34,7.39,7.09,330112.69
2023-03-16,7.3,7.24,7.42,7.22,269989.38
2023-03-17,7.27,7.26,7.34,7.24,158897.62
2023-03-20,7.29,7.17,7.39,7.15,164226.59
2023-03-21,7.17,7.19,7.25,7.15,99008.85
2023-03-22,7.22,7.16,7.22,7.13,92706.4
2023-03-23,7.16,7.08,7.16,7.04,125086.01
2023-03-24,7.09,7.05,7.1,7.03,83432.5
2023-03-27,7.05,6.96,7.09,6.95,114085.57
2023-03-28,6.98,6.92,6.98,6.89,81210.0
2023-03-29,6.91,6.85,6.94,6.83,86271.87
2023-03-30,6.83,6.9,6.91,6.83,71465.51
2023-03-31,6.87,6.94,6.94,6.87,71856.76
2023-04-03,6.92,7.01,7.05,6.88,99505.92
2023-04-04,7.0,7.24,7.5,6.97,443484.87
2023-04-06,7.29,7.24,7.32,7.17,166069.6
2023-04-07,7.27,7.27,7.39,7.22,147059.37
2023-04-10,7.2,7.14,7.27,7.14,89038.07
2023-04-11,7.19,7.36,7.39,7.07,186437.58
2023-04-12,7.38,7.41,7.5,7.37,197190.66
2023-04-13,7.39,7.35,7.49,7.31,121071.52
2023-04-14,7.41,7.46,7.5,7.34,171715.16
2023-04-17,7.47,7.65,7.67,7.4,332763.29
2023-04-18,7.62,7.89,8.28,7.59,510618.44
2023-04-19,7.88,7.84,7.97,7.78,292325.27
2023-04-20,7.83,7.93,8.03,7.78,278015.31
2023-04-21,7.93,7.77,7.98,7.72,254242.87
2023-04-24,7.78,7.68,7.84,7.62,213623.38
2023-04-25,7.66,7.63,7.79,7.5,225843.81
2023-04-26,7.63,7.64,7.69,7.52,152070.28
2023-04-27,7.65,7.68,7.75,7.49,232949.15
2023-04-28,7.72,7.86,7.87,7.67,190734.12
2023-05-04,7.89,8.19,8.25,7.83,396004.36
2023-05-05,8.25,8.15,8.61,7.97,380771.93
2023-05-08,8.31,8.21,8.59,8.12,470608.48
2023-05-09,8.2,8.11,8.41,8.09,426808.26
2023-05-10,8.1,8.01,8.18,7.93,232583.95
2023-05-11,8.05,7.98,8.12,7.98,111554.73
2023-05-12,8.01,7.89,8.05,7.89,127157.53
2023-05-15,7.91,7.85,7.94,7.57,228516.67
2023-05-16,7.89,7.74,8.01,7.71,133531.46
2023-05-17,7.75,7.83,7.86,7.59,116673.73
2023-05-18,7.85,7.64,7.87,7.58,160471.08
2023-05-19,7.64,7.46,7.66,7.41,147243.57
2023-05-22,7.51,7.37,7.58,7.34,140350.89
2023-05-23,7.35,7.33,7.43,7.32,94976.36
2023-05-24,7.33,7.24,7.38,7.21,137050.8
2023-05-25,7.22,7.24,7.27,7.16,90554.34
2023-05-26,7.22,7.31,7.33,7.16,77824.13
2023-05-29,7.3,7.28,7.39,7.27,93573.68
2023-05-30,7.28,7.42,7.44,7.22,114661.28
2023-05-31,7.38,7.5,7.51,7.36,112506.0
2023-06-01,7.46,7.42,7.54,7.39,111445.83
2023-06-02,7.41,7.44,7.51,7.41,77455.54
2023-06-05,7.46,7.37,7.48,7.33,69420.18
2023-06-06,7.39,7.24,7.4,7.23,83203.52
2023-06-07,7.26,7.46,7.48,7.24,109324.37
2023-06-08,7.46,7.51,7.55,7.4,92297.38
2023-06-09,7.5,7.45,7.57,7.45,66006.77
2023-06-12,7.45,7.33,7.45,7.27,120658.03
2023-06-13,7.35,7.31,7.36,7.25,93509.21
2023-06-14,7.34,7.34,7.4,7.31,79077.15
2023-06-15,7.34,7.34,7.4,7.27,77149.41
2023-06-16,7.34,7.38,7.42,7.32,112792.4
2023-06-19,7.38,7.21,7.38,7.2,106353.51
2023-06-20,7.18,6.95,7.22,6.94,177228.42
2023-06-21,6.94,6.96,7.02,6.94,85927.86
2023-06-26,6.93,6.89,6.96,6.83,89733.67
2023-06-27,6.93,7.06,7.08,6.9,84051.89
2023-06-28,7.08,7.12,7.13,6.97,66430.04
2023-06-29,7.09,7.07,7.11,7.05,43205.79
2023-06-30,7.08,7.12,7.13,7.04,55500.22
2023-07-03,7.12,7.18,7.19,7.1,62582.58
2023-07-04,7.16,7.13,7.18,7.11,68767.68
2023-07-05,7.15,7.17,7.23,7.12,78536.79
2023-07-06,7.15,7.21,7.25,7.15,56529.56
2023-07-07,7.18,7.26,7.27,7.18,58012.14
2023-07-10,7.27,7.29,7.31,7.23,65508.85
2023-07-11,7.32,7.33,7.34,7.26,47927.2
2023-07-12,7.32,7.2,7.32,7.18,69842.18
2023-07-13,7.22,7.33,7.43,7.21,116001.09
2023-07-14,7.27,7.35,7.41,7.25,85192.41
2023-07-17,7.3,7.37,7.37,7.28,44033.3
2023-07-18,7.42,7.54,7.6,7.38,146788.35
2023-07-19,7.54,7.65,7.67,7.52,110247.9
2023-07-20,7.68,7.53,7.7,7.52,94078.64
2023-07-21,7.55,7.58,7.62,7.51,80388.5
2023-07-24,7.59,7.62,7.65,7.55,58157.49
2023-07-25,7.63,7.6,7.68,7.57,76573.21
2023-07-26,7.58,7.59,7.62,7.55,62887.53
2023-07-27,7.58,7.56,7.63,7.54,57849.49
2023-07-28,7.57,7.65,7.67,7.55,84888.24
2023-07-31,7.65,7.69,7.71,7.63,88329.09
2023-08-01,7.68,7.73,7.81,7.68,92102.34
2023-08-02,7.73,7.72,7.77,7.67,70418.99
2023-08-03,7.68,7.66,7.76,7.61,69360.13
2023-08-04,7.73,7.6,7.74,7.58,77854.69
2023-08-07,7.6,7.51,7.62,7.47,104304.27
2023-08-08,7.5,7.53,7.54,7.42,58863.44
2023-08-09,7.51,7.47,7.51,7.45,42396.0
2023-08-10,7.55,7.6,7.63,7.48,64760.8
2023-08-11,7.59,7.42,7.6,7.42,67972.0
2023-08-14,7.4,7.51,7.54,7.36,67241.77
2023-08-15,7.52,7.53,7.55,7.44,57963.82
2023-08-16,7.48,7.45,7.53,7.43,53397.79
2023-08-17,7.45,7.51,7.52,7.4,65885.71
2023-08-18,7.53,7.5,7.63,7.5,78960.56
2023-08-21,7.53,7.42,7.58,7.41,76595.64
2023-08-22,7.44,7.41,7.46,7.32,66715.27
2023-08-23,7.4,7.35,7.46,7.33,52824.8
2023-08-24,7.35,7.23,7.4,7.21,81354.37
2023-08-25,7.24,7.27,7.38,7.18,81273.99
2023-08-28,7.63,7.4,7.65,7.38,115531.38
2023-08-29,7.42,7.43,7.51,7.38,121086.53
2023-08-30,7.42,7.24,7.44,7.21,151889.83
2023-08-31,7.27,7.3,7.35,7.24,92483.63
2023-09-01,7.29,7.39,7.45,7.27,111523.63
2023-09-04,7.41,7.54,7.57,7.39,130117.76
2023-09-05,7.53,7.52,7.57,7.45,89397.37
2023-09-06,7.47,7.43,7.49,7.4,66579.28
2023-09-07,7.44,7.39,7.53,7.39,80739.27
2023-09-08,7.38,7.42,7.45,7.35,60940.55
2023-09-11,7.42,7.46,7.48,7.35,95213.4
2023-09-12,7.48,7.51,7.6,7.45,103943.08
2023-09-13,7.5,7.51,7.57,7.47,84906.13
2023-09-14,7.53,7.56,7.58,7.49,109707.47
2023-09-15,7.55,7.53,7.61,7.48,122109.97
2023-09-18,7.54,7.46,7.55,7.36,130955.76
2023-09-19,7.44,7.54,7.55,7.41,128429.81
2023-09-20,7.54,7.46,7.57,7.45,75453.48
2023-09-21,7.51,7.45,7.57,7.43,83105.9
2023-09-22,7.46,7.43,7.49,7.36,110387.69
2023-09-25,7.42,7.43,7.49,7.35,86794.54
2023-09-26,7.42,7.43,7.51,7.39,69319.09
2023-09-27,7.47,7.35,7.47,7.35,85717.46
2023-09-28,7.37,7.37,7.4,7.33,62410.0
2023-10-09,7.37,7.3,7.4,7.27,79709.65
2023-10-10,7.3,6.99,7.33,6.94,257987.19
2023-10-11,7.02,6.96,7.04,6.93,120693.06
2023-10-12,6.98,7.1,7.13,6.98,131407.52
2023-10-13,7.07,7.06,7.13,7.04,71044.85
2023-10-16,7.07,7.11,7.12,7.04,61939.22
2023-10-17,7.12,7.16,7.19,7.1,64718.3
2023-10-18,7.13,7.02,7.17,7.0,77592.09
2023-10-19,7.0,6.93,7.04,6.92,76115.77
2023-10-20,6.9,6.91,6.98,6.88,53129.6
2023-10-23,6.89,6.74,6.91,6.69,99859.69
2023-10-24,6.77,6.83,6.85,6.74,71213.7
2023-10-25,6.85,6.92,6.94,6.84,62599.28
2023-10-26,6.86,7.04,7.05,6.86,74472.99
2023-10-27,6.98,7.03,7.06,6.96,110549.66
2023-10-30,6.98,6.96,7.03,6.94,108681.9
2023-10-31,6.95,6.92,6.98,6.89,66954.7
2023-11-01,6.93,6.93,6.95,6.9,54493.06
2023-11-02,6.93,6.88,6.96,6.88,58857.73
2023-11-03,6.91,6.93,6.97,6.9,65645.67
2023-11-06,6.93,6.97,6.98,6.91,93871.99
2023-11-07,6.96,6.93,6.96,6.89,74755.4
2023-11-08,6.94,6.9,6.94,6.88,66101.22
2023-11-09,6.89,6.87,6.93,6.87,72559.68
2023-11-10,6.86,6.85,6.88,6.78,97306.63
2023-11-13,6.86,6.91,6.95,6.84,88194.16
2023-11-14,6.93,6.93,6.96,6.89,69119.1
2023-11-15,6.97,6.92,6.97,6.91,67782.35
2023-11-16,6.93,6.91,6.95,6.89,74977.38
2023-11-17,6.89,6.88,6.91,6.84,63960.85
2023-11-20,6.9,6.9,6.91,6.85,45072.0
2023-11-21,6.91,6.95,6.98,6.9,111056.11
2023-11-22,6.93,6.94,6.98,6.91,63168.77
2023-11-23,6.93,6.98,6.98,6.92,51805.69
2023-11-24,6.98,7.0,7.01,6.96,79778.53
2023-11-27,6.99,6.97,7.02,6.92,76843.31
2023-11-28,6.96,7.03,7.04,6.94,66390.64
2023-11-29,7.02,7.01,7.06,6.98,50179.07
2023-11-30,7.02,7.04,7.11,6.98,97534.13
2023-12-01,7.04,7.12,7.13,7.03,99623.62
2023-12-04,7.13,7.19,7.22,7.12,120115.35
2023-12-05,7.19,7.11,7.19,7.11,92333.26
2023-12-06,7.11,7.18,7.25,7.03,124284.26
2023-12-07,7.12,7.22,7.27,7.12,122411.5
2023-12-08,7.21,7.17,7.34,7.08,305747.03
2023-12-11,7.12,7.2,7.21,6.98,152852.97
2023-12-12,7.24,7.3,7.3,7.13,179374.04
2023-12-13,7.28,7.17,7.32,7.17,155965.56
2023-12-14,7.19,7.24,7.3,7.1,190017.58
2023-12-15,7.32,7.15,7.34,7.13,150022.9
2023-12-18,7.14,7.18,7.27,7.13,134054.79
2023-12-19,7.18,7.13,7.22,7.06,95758.62
2023-12-20,7.13,7.07,7.17,7.06,65837.09
2023-12-21,7.04,7.1,7.12,6.98,75695.73
2023-12-22,7.11,7.08,7.19,7.04,77214.3
2023-12-25,7.06,6.99,7.06,6.97,70217.98
2023-12-26,7.0,6.98,7.05,6.98,59746.0
2023-12-27,6.98,6.99,7.02,6.94,50354.3
2023-12-28,6.99,7.05,7.07,6.95,79101.77
2023-12-29,7.02,7.03,7.06,7.01,79838.14
2024-01-02,7.04,7.1,7.15,7.02,89888.0
2024-01-03,7.11,7.12,7.15,7.07,50847.36
2024-01-04,7.13,7.14,7.19,7.1,64475.16
2024-01-05,7.14,7.22,7.3,7.13,190244.31
2024-01-08,7.21,7.01,7.22,6.99,114469.17
2024-01-09,6.97,7.11,7.14,6.94,88794.61
2024-01-10,7.07,7.09,7.14,7.05,52984.8
2024-01-11,7.03,7.13,7.2,7.03,88439.32
2024-01-12,7.13,7.21,7.23,7.13,82143.41
2024-01-15,7.17,7.26,7.27,7.17,75414.33
2024-01-16,7.26,7.22,7.26,7.15,59309.28
2024-01-17,7.21,7.13,7.26,7.13,58623.0
2024-01-18,7.1,6.98,7.1,6.79,157527.99
2024-01-19,6.94,6.91,6.99,6.86,80611.0
2024-01-22,6.89,6.57,6.91,6.51,137091.74
2024-01-23,6.6,6.58,6.63,6.41,102157.98
2024-01-24,6.59,6.82,6.82,6.55,114002.72
2024-01-25,6.82,7.02,7.03,6.78,109006.65
2024-01-26,7.01,7.18,7.32,6.95,189088.76
2024-01-29,7.18,7.1,7.24,7.07,148211.94
2024-01-30,7.07,6.95,7.17,6.94,111874.45
2024-01-31,6.95,6.87,7.07,6.83,106793.29
2024-02-01,6.84,6.79,6.94,6.72,112139.19
2024-02-02,6.79,6.65,6.87,6.51,110732.51
2024-02-05,6.65,6.45,6.72,6.29,172735.0
2024-02-06,6.41,6.75,6.83,6.32,187628.86
2024-02-07,6.72,6.96,6.97,6.68,183265.68
2024-02-08,6.96,7.03,7.19,6.93,181399.95
2024-02-19,7.11,7.0,7.12,6.96,131390.29
2024-02-20,7.0,7.0,7.03,6.93,85256.73
2024-02-21,7.0,7.03,7.14,6.96,107765.8
2024-02-22,7.01,6.99,7.06,6.95,101878.67
2024-02-23,7.0,7.11,7.13,6.98,124007.72
2024-02-26,7.14,7.05,7.2,7.01,106338.0
2024-02-27,7.03,7.1,7.11,7.0,111535.19
2024-02-28,7.09,7.02,7.14,7.0,136143.19
2024-02-29,6.99,7.09,7.09,6.98,99211.39
2024-03-01,7.08,7.13,7.15,7.04,122744.98
2024-03-04,7.12,7.12,7.16,7.07,74144.4
2024-03-05,7.1,7.13,7.14,7.07,92655.31
2024-03-06,7.13,7.21,7.22,7.03,169022.17
2024-03-07,7.22,7.17,7.27,7.16,111960.83
2024-03-08,7.17,7.42,7.42,7.16,161450.18
2024-03-11,7.43,7.41,7.52,7.32,159793.8
2024-03-12,7.42,7.37,7.43,7.29,121924.59
2024-03-13,7.36,7.32,7.4,7.27,87837.96
2024-03-14,7.34,7.42,7.44,7.32,139574.0
2024-03-15,7.4,7.41,7.44,7.36,85315.2
2024-03-18,7.41,7.45,7.5,7.39,98582.31
2024-03-19,7.44,7.32,7.44,7.32,96116.13
2024-03-20,7.35,7.37,7.38,7.31,77866.38
2024-03-21,7.4,7.38,7.4,7.34,67174.2
2024-03-22,7.35,7.28,7.38,7.26,78640.23
2024-03-25,7.28,7.29,7.42,7.27,86246.27
2024-03-26,7.29,7.39,7.39,7.27,81006.09
2024-03-27,7.36,7.28,7.41,7.28,87840.22
2024-03-28,7.21,7.31,7.36,7.2,104463.64
2024-03-29,7.31,7.42,7.42,7.28,93808.63
2024-04-01,7.42,7.52,7.55,7.4,106189.93
2024-04-02,7.53,7.68,7.71,7.51,180747.27
2024-04-03,7.69,7.67,7.75,7.59,131917.61
2024-04-08,7.67,7.65,7.74,7.6,114925.43
2024-04-09,7.66,7.64,7.69,7.58,101255.33
2024-04-10,7.62,7.58,7.67,7.53,79859.97
2024-04-11,7.58,7.69,7.72,7.56,99766.35
2024-04-12,7.69,7.71,7.79,7.68,137759.36
2024-04-15,7.69,7.76,7.84,7.58,145002.4
2024-04-16,7.75,7.57,7.84,7.57,153354.41
2024-04-17,7.57,7.8,7.8,7.57,190424.29
2024-04-18,7.8,7.71,7.86,7.66,161909.81
2024-04-19,7.64,7.75,7.85,7.63,107780.92
2024-04-22,7.77,7.71,7.82,7.66,117431.4
2024-04-23,7.67,7.57,7.72,7.56,93532.17
2024-04-24,7.57,7.6,7.63,7.51,83559.43
2024-04-25,7.58,7.7,7.72,7.55,96663.12
2024-04-26,7.63,7.6,7.72,7.51,141923.6
2024-04-29,7.57,7.54,7.59,7.44,158265.1
2024-04-30,7.52,7.57,7.62,7.5,218547.3
2024-05-06,7.66,7.8,7.83,7.64,228318.2
2024-05-07,7.8,7.71,7.81,7.67,143453.0
2024-05-08,7.71,7.59,7.75,7.58,119159.81
2024-05-09,7.6,7.74,7.75,7.57,149709.44
2024-05-10,7.74,7.71,7.78,7.69,94401.98
2024-05-13,7.68,7.75,7.77,7.58,144413.0
2024-05-14,7.75,7.66,7.75,7.65,114426.49
2024-05-15,7.67,7.6,7.68,7.6,68886.3
2024-05-16,7.6,7.54,7.66,7.52,114234.43
2024-05-17,7.55,7.57,7.58,7.47,95605.46
2024-05-20,7.54,7.61,7.63,7.52,107531.78
2024-05-21,7.61,7.58,7.63,7.54,78972.02
2024-05-22,7.59,7.53,7.61,7.51,57150.0
2024-05-23,7.51,7.42,7.52,7.39,106176.98
2024-05-24,7.42,7.47,7.55,7.42,78821.5
2024-05-27,7.47,7.62,7.62,7.47,156513.14
2024-05-28,7.61,7.54,7.65,7.52,92154.01
2024-05-29,7.54,7.51,7.58,7.47,73429.87
2024-05-30,7.5,7.5,7.57,7.48,54834.36
2024-05-31,7.49,7.48,7.52,7.44,55479.09
2024-06-03,7.42,7.41,7.45,7.32,107656.71
2024-06-04,7.4,7.42,7.45,7.38,74994.86
2024-06-05,7.41,7.36,7.42,7.34,98508.01
2024-06-06,7.44,7.25,7.44,7.23,119516.43
2024-06-07,7.25,7.49,7.5,7.25,142871.78
2024-06-11,7.47,7.35,7.51,7.27,122216.26
2024-06-12,7.3,7.29,7.34,7.26,82327.94
2024-06-13,7.3,7.21,7.3,7.2,87860.15
2024-06-14,7.2,7.21,7.24,7.15,95216.96
2024-06-17,7.19,7.19,7.24,7.14,66914.86
2024-06-18,7.17,7.24,7.24,7.17,56625.43
2024-06-19,7.25,7.21,7.29,7.21,57511.71
2024-06-20,7.21,7.15,7.23,7.13,55346.27
2024-06-21,7.16,7.17,7.23,7.13,47004.94
2024-06-24,7.12,7.02,7.16,6.95,76921.47
2024-06-25,7.03,7.08,7.13,7.01,65519.23
2024-06-26,7.07,7.19,7.21,7.02,64610.5
2024-06-27,7.15,7.05,7.2,7.04,58489.6
2024-06-28,7.12,7.15,7.32,7.03,126797.86
2024-07-01,7.1,7.21,7.24,6.92,141037.89
2024-07-02,7.17,7.24,7.28,7.17,81671.42
2024-07-03,7.24,7.24,7.29,7.22,62004.16
2024-07-04,7.21,7.21,7.27,7.16,61013.16
2024-07-05,7.19,7.15,7.22,7.13,64353.28
2024-07-08,7.16,6.99,7.17,6.97,69793.9
2024-07-09,6.97,7.11,7.14,6.93,67389.48
2024-07-10,7.07,7.04,7.16,7.03,53032.7
2024-07-11,7.13,7.16,7.18,7.08,80385.92
2024-07-12,7.17,7.16,7.18,7.11,41043.12
2024-07-15,7.16,7.19,7.21,7.05,73010.77
2024-07-16,7.16,7.09,7.19,7.07,57968.79
2024-07-17,7.08,7.08,7.12,7.04,62279.44
2024-07-18,7.04,7.14,7.15,6.99,54282.26
2024-07-19,7.13,7.16,7.17,7.08,47173.28
2024-07-22,7.16,7.15,7.17,7.08,64132.0
2024-07-23,7.15,7.1,7.24,7.09,102706.51
2024-07-24,7.12,7.19,7.23,7.06,102016.01
2024-07-25,7.2,7.23,7.3,7.18,96767.0
2024-07-26,7.24,7.21,7.28,7.17,83277.76
2024-07-29,7.22,7.24,7.27,7.19,59356.46
2024-07-30,7.24,7.31,7.35,7.21,97529.73
2024-07-31,7.31,7.36,7.43,7.29,118981.57
2024-08-01,7.37,7.42,7.46,7.31,111487.2
2024-08-02,7.39,7.47,7.52,7.38,86414.0
2024-08-05,7.42,7.4,7.52,7.39,88107.98
2024-08-06,7.42,7.39,7.47,7.3,87236.95
2024-08-07,7.37,7.35,7.41,7.34,50060.0
2024-08-08,7.35,7.41,7.44,7.3,62944.44
2024-08-09,7.41,7.38,7.43,7.35,44515.0
2024-08-12,7.32,7.46,7.5,7.32,85883.65
2024-08-13,7.44,7.48,7.57,7.42,66922.98
2024-08-14,7.47,7.49,7.58,7.46,73340.31
2024-08-15,7.47,7.58,7.59,7.46,77945.01
2024-08-16,7.58,7.54,7.69,7.54,98520.67
2024-08-19,7.53,7.69,7.7,7.52,106660.51
2024-08-20,7.67,7.57,7.7,7.54,92407.78
2024-08-21,7.53,7.51,7.57,7.46,71703.47
2024-08-22,7.5,7.56,7.62,7.48,63602.63
2024-08-23,7.55,7.52,7.59,7.46,60361.7
2024-08-26,7.33,6.97,7.38,6.94,310607.72
2024-08-27,6.94,6.97,7.05,6.93,145572.95
2024-08-28,6.94,6.95,7.01,6.91,66066.84
2024-08-29,6.92,6.86,6.93,6.78,116516.58
2024-08-30,6.85,6.86,6.95,6.83,113770.11
2024-09-02,6.84,6.88,6.95,6.82,114526.35
2024-09-03,6.9,6.85,6.91,6.8,96777.79
2024-09-04,6.83,6.81,6.87,6.8,55452.01
2024-09-05,6.83,6.83,6.85,6.79,66428.38
2024-09-06,6.83,6.8,6.86,6.79,70986.84
2024-09-09,6.78,6.73,6.78,6.7,75091.48
2024-09-10,6.72,6.7,6.76,6.61,73615.53
2024-09-11,6.67,6.53,6.67,6.5,100242.11
2024-09-12,6.54,6.62,6.66,6.53,69462.52
2024-09-13,6.62,6.61,6.69,6.6,46453.89
2024-09-18,6.62,6.68,6.68,6.54,42498.31
2024-09-19,6.7,6.72,6.76,6.62,66784.94
2024-09-20,6.73,6.72,6.74,6.66,46763.4
2024-09-23,6.72,6.78,6.79,6.7,39234.68
2024-09-24,6.8,6.93,6.93,6.79,114739.32
2024-09-25,6.98,6.92,7.09,6.92,124087.95
2024-09-26,6.95,7.09,7.09,6.9,114839.14
2024-09-27,7.2,7.36,7.38,7.11,173872.31
2024-09-30,7.57,7.9,7.98,7.46,365549.42
2024-10-08,8.65,8.09,8.65,7.76,378126.89
2024-10-09,7.88,7.49,7.96,7.49,239741.62
2024-10-10,7.54,7.63,7.77,7.45,171430.83
2024-10-11,7.67,7.51,7.69,7.44,122713.46
2024-10-14,7.53,7.63,7.72,7.51,136093.67
2024-10-15,7.65,7.46,7.66,7.44,122086.13
2024-10-16,7.41,7.69,7.79,7.26,182079.1
2024-10-17,7.71,7.5,7.76,7.46,139465.5
2024-10-18,7.5,7.59,7.69,7.41,156600.92
2024-10-21,7.64,7.58,7.65,7.53,116151.28
2024-10-22,7.59,7.69,7.7,7.54,140889.08
2024-10-23,7.69,7.7,7.74,7.65,120279.22
2024-10-24,7.69,7.66,7.7,7.6,61892.97
2024-10-25,7.71,7.75,7.81,7.69,115589.9
2024-10-28,7.79,7.82,7.82,7.69,126464.63
2024-10-29,7.88,7.67,7.89,7.65,187306.4
2024-10-30,7.63,7.6,7.72,7.53,141032.38
2024-10-31,7.68,7.7,7.72,7.59,132126.14
2024-11-01,7.63,7.65,7.74,7.62,131478.49
2024-11-04,7.6,7.62,7.66,7.51,161453.0
2024-11-05,7.61,7.73,7.73,7.56,221751.5
2024-11-06,7.74,7.71,7.75,7.65,157466.35
2024-11-07,7.69,7.88,7.9,7.67,230263.87
2024-11-08,7.95,7.84,7.96,7.73,207473.95
2024-11-11,7.77,7.99,8.07,7.74,274001.83
2024-11-12,8.0,7.97,8.12,7.9,253390.2
2024-11-13,7.94,7.78,7.96,7.7,407179.44
2024-11-14,7.76,7.63,7.82,7.62,284826.32
2024-11-15,7.6,7.52,7.67,7.51,226513.84
2024-11-18,7.57,7.52,7.68,7.51,310943.75
2024-11-19,7.54,7.55,7.6,7.46,238620.51
2024-11-20,7.55,7.57,7.62,7.51,231155.65
2024-11-21,7.57,7.52,7.58,7.49,170458.85
2024-11-22,7.56,7.37,7.57,7.35,233234.92
2024-11-25,7.37,7.34,7.43,7.3,179359.3
2024-11-26,7.35,7.38,7.44,7.33,134147.22
2024-11-27,7.37,7.44,7.44,7.25,160691.84
2024-11-28,7.43,7.52,7.61,7.41,222138.48
2024-11-29,7.52,7.52,7.57,7.49,177735.84
2024-12-02,7.52,7.6,7.62,7.51,158361.68
2024-12-03,7.62,7.62,7.63,7.54,178030.23
2024-12-04,7.62,7.57,7.62,7.53,127900.74
2024-12-05,7.56,7.51,7.58,7.48,127083.5
2024-12-06,7.49,7.62,7.63,7.49,167600.08
2024-12-09,7.64,7.64,7.75,7.59,211980.68
2024-12-10,7.79,7.63,7.8,7.61,243744.39
2024-12-11,7.62,7.68,7.72,7.61,144649.0
2024-12-12,7.68,7.73,7.74,7.64,163073.85
2024-12-13,7.71,7.5,7.71,7.5,277281.09
2024-12-16,7.52,7.52,7.59,7.49,178932.17
2024-12-17,7.51,7.42,7.56,7.39,215409.73
2024-12-18,7.46,7.45,7.5,7.42,140927.46
2024-12-19,7.42,7.49,7.49,7.37,134525.43
2024-12-20,7.47,7.44,7.5,7.42,109045.45
2024-12-23,7.45,7.39,7.49,7.39,119789.28
2024-12-24,7.39,7.53,7.54,7.39,159560.62
2024-12-25,7.53,7.52,7.56,7.48,98672.47
2024-12-26,7.53,7.47,7.54,7.46,94173.0
2024-12-27,7.48,7.54,7.54,7.46,142660.46
2024-12-30,7.53,7.62,7.63,7.51,171855.6
2024-12-31,7.63,7.72,7.81,7.62,445131.24
2025-01-02,7.72,7.88,8.12,7.71,657591.85
2025-01-03,8.03,7.79,8.08,7.75,456816.1
2025-01-06,7.74,7.91,8.05,7.65,468888.69
2025-01-07,7.92,7.96,8.04,7.84,328909.73
2025-01-08,7.93,7.92,8.16,7.84,440512.41
2025-01-09,7.87,8.01,8.08,7.78,399409.76
2025-01-10,8.0,8.12,8.23,7.94,538632.21
2025-01-13,8.1,8.18,8.28,7.91,446757.46
2025-01-14,8.11,8.37,8.4,8.1,490505.64
2025-01-15,8.33,8.26,8.47,8.23,410672.7
2025-01-16,8.26,8.37,8.4,8.1,522868.54
2025-01-17,8.29,8.4,8.56,8.18,467719.0
2025-01-20,8.38,8.31,8.44,8.28,310748.95
2025-01-21,8.32,8.25,8.34,8.22,168833.66
2025-01-22,8.23,8.11,8.25,8.06,203496.01
2025-01-23,8.16,8.28,8.34,8.1,234140.73
2025-01-24,8.22,8.26,8.31,8.04,248009.36
2025-01-27,8.28,8.35,8.49,8.24,264908.1
2025-02-05,8.46,8.29,8.48,8.22,195973.11
2025-02-06,8.26,8.21,8.28,8.15,196969.54
2025-02-07,8.21,8.35,8.38,8.17,228573.72
2025-02-10,8.35,8.17,8.36,8.1,290778.39
2025-02-11,8.17,8.33,8.46,8.13,301489.71
2025-02-12,8.31,8.26,8.35,8.18,152859.24
2025-02-13,8.26,8.18,8.33,8.17,168064.45
2025-02-14,8.15,8.05,8.19,8.0,225127.15
2025-02-17,8.04,8.08,8.09,7.91,180670.39
2025-02-18,8.08,8.0,8.13,7.94,133998.19
2025-02-19,8.01,7.97,8.02,7.91,128585.0
2025-02-20,7.97,7.9,7.97,7.89,113450.3
2025-02-21,7.93,7.94,7.96,7.87,124171.49
2025-02-24,7.93,8.0,8.08,7.89,178372.68
2025-02-25,8.0,7.86,8.0,7.85,203002.0
2025-02-26,7.87,7.93,7.95,7.87,142556.66
2025-02-27,7.93,7.98,7.99,7.89,121640.59
2025-02-28,7.98,7.89,7.99,7.87,129936.0
2025-03-03,7.88,7.9,7.95,7.84,162738.22
2025-03-04,7.88,7.97,8.05,7.87,166426.74
2025-03-05,7.98,8.01,8.1,7.94,157365.84
2025-03-06,8.01,8.0,8.02,7.92,182774.71
2025-03-07,7.98,8.08,8.22,7.96,220840.07
2025-03-10,8.07,8.24,8.29,8.04,223267.84
2025-03-11,8.2,8.19,8.23,8.14,115325.3
2025-03-12,8.2,8.08,8.22,8.04,169167.06
2025-03-13,8.08,8.05,8.15,7.99,144004.28
2025-03-14,8.07,8.11,8.13,8.03,187495.86
2025-03-17,8.13,8.17,8.26,8.11,161183.87
2025-03-18,8.18,8.3,8.38,8.1,411967.51
2025-03-19,8.29,8.34,8.39,8.16,358075.98
2025-03-20,8.35,8.28,8.49,8.25,198447.65
2025-03-21,8.24,8.23,8.34,8.18,153173.39
2025-03-24,8.26,8.27,8.29,8.12,209730.11
2025-03-25,8.26,8.37,8.48,8.24,269705.54
2025-03-26,8.37,8.58,8.82,8.33,618189.4
2025-03-27,8.47,8.5,8.69,8.45,369455.38
2025-03-28,8.5,8.32,8.5,8.28,234570.38
2025-03-31,8.32,8.31,8.37,8.21,157522.4
2025-04-01,8.33,8.45,8.47,8.25,170044.6
2025-04-02,8.45,8.42,8.55,8.35,173273.0
2025-04-03,8.34,8.89,8.92,8.32,568384.49
2025-04-07,8.42,8.0,8.61,8.0,599046.99
2025-04-08,7.99,8.27,8.34,7.97,445393.95
2025-04-09,8.19,9.09,9.09,7.86,762658.81
2025-04-10,9.78,9.33,10.0,9.21,2085994.2
2025-04-11,10.07,10.26,10.26,9.53,2788984.11
2025-04-14,9.9,10.58,11.26,9.78,3441705.57
2025-04-15,10.37,9.52,10.46,9.52,2242858.76
2025-04-16,9.18,9.27,9.96,9.0,1880463.4
2025-04-17,9.26,9.0,9.37,8.9,1564468.67
2025-04-18,8.94,8.57,9.03,8.57,1242054.17
2025-04-21,8.5,8.54,8.69,8.49,804498.11
2025-04-22,8.63,9.08,9.14,8.62,1669231.74
2025-04-23,8.89,8.87,9.14,8.82,1115385.84
2025-04-24,8.82,8.83,9.01,8.67,685361.51
2025-04-25,8.8,8.71,8.85,8.62,590962.69
2025-04-28,8.71,8.66,8.87,8.57,466056.02
2025-04-29,8.52,8.51,8.73,8.43,576029.16
2025-04-30,8.51,8.28,8.56,8.27,688716.06
2025-05-06,8.32,8.42,8.43,8.28,430544.06
2025-05-07,8.47,8.49,8.61,8.41,448229.78
2025-05-08,8.47,8.46,8.51,8.41,299942.53
2025-05-09,8.48,8.35,8.5,8.3,329266.58
2025-05-12,8.37,8.34,8.42,8.28,338479.44
2025-05-13,8.42,8.79,8.85,8.42,1127569.09
2025-05-14,8.71,9.0,9.06,8.59,1257778.71
2025-05-15,9.02,8.71,9.28,8.71,1018863.69
2025-05-16,8.62,8.56,8.75,8.48,636556.02
2025-05-19,8.52,8.83,9.01,8.51,803953.23
2025-05-20,8.82,8.59,8.83,8.56,623946.19
2025-05-21,8.52,8.98,9.45,8.48,1347057.11
2025-05-22,8.92,9.13,9.3,8.86,1364116.08
2025-05-23,9.02,8.68,9.03,8.67,904993.02
2025-05-26,8.67,8.74,8.74,8.59,409244.91
2025-05-27,8.7,8.66,8.72,8.63,315108.93
2025-05-28,8.67,8.43,8.68,8.4,491769.91
2025-05-29,8.37,8.49,8.56,8.35,328431.87
2025-05-30,8.46,8.53,8.67,8.45,352372.76
2025-06-03,8.48,8.54,8.61,8.45,238194.19
2025-06-04,8.53,8.55,8.56,8.45,234956.14
2025-06-05,8.54,8.47,8.57,8.45,231630.53
2025-06-06,8.49,8.56,8.66,8.45,304737.77
2025-06-09,8.52,8.54,8.59,8.49,277532.76
2025-06-10,8.51,8.73,8.85,8.47,690368.47
2025-06-11,8.65,8.65,8.75,8.55,493015.71
2025-06-12,8.59,8.53,8.61,8.52,302993.38
2025-06-13,8.51,8.5,8.57,8.44,394882.34
2025-06-16,8.45,8.48,8.5,8.41,162999.69
2025-06-17,8.47,8.45,8.48,8.42,170227.87
2025-06-18,8.43,8.23,8.48,8.21,338788.05
2025-06-19,8.22,8.02,8.22,8.0,322237.61
2025-06-20,8.03,8.07,8.1,8.03,169158.32
2025-06-23,8.15,8.26,8.3,8.11,286109.03
2025-06-24,8.16,8.18,8.23,8.08,256545.95
2025-06-25,8.18,8.22,8.23,8.15,184950.77
2025-06-26,8.2,8.14,8.22,8.13,192218.28
2025-06-27,8.15,8.14,8.19,8.13,143916.35
2025-06-30,8.14,8.13,8.15,8.11,142135.53
2025-07-01,8.14,8.18,8.21,8.12,168563.48
2025-07-02,8.21,8.18,8.25,8.16,201494.56
2025-07-03,8.19,8.15,8.2,8.11,156954.64
2025-07-04,8.17,8.18,8.22,8.16,172276.11
2025-07-07,8.15,8.09,8.16,8.06,205652.54
2025-07-08,8.09,8.1,8.12,8.04,200187.43
2025-07-09,8.09,8.04,8.11,8.03,258204.76
2025-07-10,8.04,8.1,8.12,8.02,192234.21
2025-07-11,8.1,8.1,8.14,8.07,193208.61
2025-07-14,8.1,8.11,8.13,8.09,123108.12
2025-07-15,8.1,8.03,8.12,8.01,264573.9
2025-07-16,8.02,8.05,8.07,8.01,112057.64
2025-07-17,8.05,8.04,8.06,8.01,108692.47
2025-07-18,8.05,8.05,8.07,8.03,110996.4
2025-07-21,8.05,8.14,8.14,8.05,266914.98
2025-07-22,8.14,8.27,8.28,8.13,427258.53
2025-07-23,8.28,8.22,8.3,8.2,284395.84
2025-07-24,8.21,8.35,8.35,8.19,286499.17
2025-07-25,8.35,8.26,8.35,8.26,239332.23
2025-07-28,8.27,8.2,8.28,8.18,186300.61
2025-07-29,8.2,8.17,8.22,8.12,177008.71
2025-07-30,8.16,8.18,8.25,8.15,190802.13
2025-07-31,8.18,8.04,8.18,8.03,262969.72
2025-08-01,8.04,8.05,8.08,8.02,106082.55
2025-08-04,8.03,8.06,8.06,7.99,94440.89
2025-08-05,8.07,8.1,8.11,8.06,99969.26
2025-08-06,8.1,8.13,8.14,8.05,137000.73
2025-08-07,8.13,8.11,8.13,8.09,112029.35
2025-08-08,8.11,8.15,8.16,8.08,136846.66
2025-08-11,8.16,8.2,8.22,8.15,162608.83
2025-08-12,8.2,8.22,8.24,8.16,215045.37
2025-08-13,8.21,8.17,8.22,8.15,173391.53
2025-08-14,8.18,8.11,8.2,8.1,178815.11
2025-08-15,8.1,8.16,8.17,8.08,162038.41
2025-08-18,8.16,8.17,8.22,8.15,254309.07
2025-08-19,8.18,8.21,8.23,8.16,179032.65
2025-08-20,8.19,8.2,8.2,8.15,167958.93
2025-08-21,8.21,8.25,8.27,8.19,261028.69
2025-08-22,8.24,8.25,8.25,8.18,240164.84
2025-08-25,8.36,8.46,8.48,8.32,552906.7
2025-08-26,8.46,8.4,8.49,8.38,283870.39
2025-08-27,8.41,8.23,8.43,8.23,347854.2
2025-08-28,8.24,8.28,8.3,8.15,304196.72
2025-08-29,8.26,8.28,8.35,8.23,266330.6
2025-09-01,8.39,8.44,8.48,8.35,323030.77
2025-09-02,8.45,8.5,8.58,8.37,391492.09
2025-09-03,8.47,8.31,8.5,8.28,236728.4
2025-09-04,8.31,8.49,8.53,8.26,348939.31
2025-09-05,8.45,8.5,8.51,8.4,303899.24
2025-09-08,8.5,8.64,8.66,8.48,381044.93
2025-09-09,8.71,8.9,8.9,8.57,818942.69
2025-09-10,8.8,8.72,8.85,8.68,420484.29
2025-09-11,8.7,8.75,8.76,8.6,339412.57
2025-09-12,8.76,8.68,8.82,8.65,276593.82
2025-09-15,8.72,8.69,8.81,8.64,232550.62
2025-09-16,8.64,8.62,8.7,8.55,252616.27
2025-09-17,8.62,8.6,8.66,8.53,206205.04
2025-09-18,8.6,8.44,8.61,8.4,277130.85
2025-09-19,8.49,8.53,8.58,8.44,187174.87
2025-09-22,8.55,8.41,8.56,8.39,179684.5
2025-09-23,8.37,8.43,8.49,8.33,228740.54
2025-09-24,8.38,8.49,8.52,8.34,190458.94
2025-09-25,8.47,8.33,8.48,8.29,221456.9
2025-09-26,8.3,8.34,8.37,8.28,124532.16
2025-09-29,8.3,8.36,8.37,8.29,132514.22
2025-09-30,8.37,8.29,8.4,8.28,165134.72
2025-10-09,8.3,8.42,8.42,8.28,177914.1
2025-10-10,8.42,8.49,8.52,8.39,187345.76
2025-10-13,8.35,8.65,8.67,8.33,398305.32
2025-10-14,8.66,8.7,8.81,8.57,463823.17
2025-10-15,8.67,8.63,8.72,8.57,240188.3
2025-10-16,8.63,8.63,8.67,8.57,203098.66
2025-10-17,8.62,8.61,8.73,8.58,231031.35
2025-10-20,8.63,8.74,8.79,8.6,298134.44
2025-10-21,8.71,8.78,8.81,8.65,240325.93
2025-10-22,8.79,8.8,8.91,8.75,227245.26
2025-10-23,8.78,8.93,8.98,8.78,307224.31
2025-10-24,8.92,8.97,9.03,8.8,338522.13
2025-10-27,8.96,9.01,9.05,8.89,275640.32
2025-10-28,8.97,8.84,9.0,8.69,416262.91
2025-10-29,8.86,8.77,8.88,8.67,265972.25
2025-10-30,8.77,8.74,8.86,8.72,212663.37
2025-10-31,8.75,8.71,8.81,8.66,194523.38
2025-11-03,8.69,8.78,8.79,8.69,149373.91
2025-11-04,8.85,8.9,9.04,8.84,340196.05
2025-11-05,8.84,8.87,8.91,8.81,152118.08
2025-11-06,8.88,8.96,8.98,8.85,178011.27
2025-11-07,8.98,8.91,9.04,8.88,166757.02
2025-11-10,8.89,8.94,8.97,8.86,151645.32
2025-11-11,8.94,8.93,8.98,8.88,130008.38
2025-11-12,8.95,8.86,9.0,8.85,157058.56
2025-11-13,8.86,8.91,8.94,8.85,146698.55
2025-11-14,8.9,9.11,9.37,8.89,467372.43
2025-11-17,9.09,9.01,9.17,8.97,240484.16
2025-11-18,8.99,8.84,9.05,8.82,203288.86
2025-11-19,8.88,8.79,8.9,8.71,161872.86
2025-11-20,8.8,8.74,8.84,8.73,129231.02
2025-11-21,8.72,8.63,8.8,8.63,268581.04
2025-11-24,8.65,8.6,8.7,8.54,181940.4
2025-11-25,8.63,8.7,8.7,8.58,161600.3
2025-11-26,8.66,8.69,8.79,8.66,126247.18
2025-11-27,8.71,8.62,8.72,8.61,107088.0
2025-11-28,8.62,8.7,8.71,8.57,95082.2
2025-12-01,8.74,8.95,8.97,8.73,219927.88
2025-12-02,8.97,9.05,9.09,8.93,208157.1
2025-12-03,9.06,8.99,9.1,8.96,201152.29
2025-12-04,9.0,8.96,9.05,8.91,141508.07
2025-12-05,8.95,8.94,8.97,8.81,147662.29
2025-12-08,8.94,8.91,8.98,8.87,110794.59
2025-12-09,8.93,8.82,8.94,8.81,107349.84
2025-12-10,8.81,8.99,9.01,8.8,139707.5
2025-12-11,8.97,8.82,8.99,8.81,133187.44
2025-12-12,8.82,8.78,8.86,8.77,144174.5
2025-12-15,8.78,8.9,8.94,8.75,146147.06
2025-12-16,8.9,8.8,8.93,8.73,149297.08
2025-12-17,8.8,8.83,8.87,8.72,143233.98
2025-12-18,8.8,8.91,8.98,8.77,168711.57
2025-12-19,8.91,9.06,9.11,8.87,191723.29
2025-12-22,9.13,9.46,9.62,9.11,540842.76
2025-12-23,9.48,9.49,10.02,9.41,589653.05
2025-12-24,9.42,9.69,9.9,9.4,481381.45
2025-12-25,10.5,10.11,10.59,9.9,1172637.3
2025-12-26,10.22,10.36,11.0,10.17,1344130.69
2025-12-29,10.25,9.55,10.32,9.53,1020088.69
2025-12-30,9.53,9.24,9.59,9.21,705662.61
2025-12-31,9.25,9.32,9.63,9.21,534682.03
2026-01-05,9.37,9.3,9.37,9.21,416690.7
2026-01-06,9.27,9.38,9.42,9.23,416925.69
2026-01-07,9.42,9.66,9.88,9.29,699073.56
2026-01-08,9.57,9.47,9.57,9.43,416345.81
2026-01-09,9.49,9.45,9.51,9.38,339482.31
2026-01-12,9.42,9.47,9.5,9.37,392065.67
2026-01-13,9.41,9.25,9.42,9.23,458695.93
2026-01-14,9.36,9.3,9.42,9.21,432163.35
2026-01-15,9.23,9.31,9.42,9.23,263693.99
2026-01-16,9.32,9.59,9.66,9.3,618998.74
2026-01-19,9.55,9.78,9.86,9.5,536567.9
2026-01-20,9.76,9.8,10.01,9.66,413017.07
2026-01-21,9.78,9.71,9.78,9.61,283370.39
2026-01-22,9.71,9.75,9.78,9.66,235815.53
2026-01-23,9.73,9.68,9.77,9.6,393563.8
2026-01-26,9.64,9.69,9.87,9.48,541774.06
2026-01-27,9.68,9.8,9.89,9.61,439812.68
2026-01-28,9.8,9.87,10.1,9.79,597379.37
2026-01-29,9.83,9.84,10.01,9.76,503235.33
2026-01-30,9.83,9.72,9.92,9.59,427887.15
2026-02-02,9.69,9.42,9.76,9.42,429531.12
2026-02-03,9.5,9.67,9.71,9.49,441407.8
2026-02-04,9.68,9.81,9.88,9.62,405042.59
2026-02-05,9.78,9.71,9.81,9.67,256312.42
2026-02-06,9.65,9.6,9.71,9.54,304620.67
2026-02-09,9.67,9.65,9.74,9.58,297465.53
2026-02-10,9.64,9.83,9.85,9.51,493346.91
2026-02-11,9.88,10.4,10.81,9.88,1493906.42
2026-02-12,10.41,10.28,10.49,10.27,730299.33
2026-02-13,10.32,10.04,10.38,10.02,496648.2
2026-02-24,10.17,10.33,10.48,10.14,534480.86
2026-02-25,10.34,10.54,10.7,10.34,590217.7
2026-02-26,10.51,10.7,10.78,10.46,513038.33
2026-02-27,10.78,11.34,11.46,10.72,889617.18
2026-03-02,11.43,11.27,11.44,10.94,1086249.94
2026-03-03,11.33,10.92,11.59,10.85,948916.06
2026-03-04,10.86,10.99,11.07,10.62,543742.2
2026-03-05,11.13,11.13,11.33,10.98,610486.55
2026-03-06,11.1,11.28,11.36,10.97,459818.55
2026-03-09,11.13,10.98,11.21,10.74,628588.67
2026-03-10,11.07,11.49,11.68,11.03,645212.39
2026-03-11,11.43,11.48,11.54,11.33,373499.89
2026-03-12,11.45,11.49,11.51,11.28,365747.19
2026-03-13,11.49,11.12,11.53,11.09,533009.1
2026-03-16,11.19,11.25,11.36,11.11,366144.06
2026-03-17,11.29,10.98,11.32,10.94,342468.1
2026-03-18,10.98,10.88,11.01,10.67,480578.91
2026-03-19,10.77,10.7,10.85,10.68,268961.77
2026-03-20,10.8,10.54,10.89,10.52,382507.41
2026-03-23,10.24,10.18,10.48,10.1,515777.08
2026-03-24,10.38,10.69,10.69,10.23,569943.27
2026-03-25,10.73,10.9,10.97,10.67,316451.9
2026-03-26,10.87,10.8,10.95,10.74,250928.7
2026-03-27,10.69,10.81,10.86,10.67,232513.68
2026-03-30,10.71,10.87,10.9,10.55,270048.05
2026-03-31,10.79,10.72,10.92,10.7,286763.46
2026-04-01,10.89,10.59,11.11,10.5,431554.18
2026-04-02,10.55,10.47,10.65,10.4,236444.63
2026-04-03,10.52,10.26,10.62,10.24,241031.84
2026-04-07,10.27,10.15,10.33,10.05,238950.63
2026-04-08,10.44,10.71,10.71,10.35,364131.86
2026-04-09,10.6,10.62,10.69,10.42,262755.61
2026-04-10,10.71,10.75,11.01,10.69,366718.44
2026-04-13,10.71,10.5,10.74,10.47,316105.03
2026-04-14,10.63,10.65,10.7,10.57,235785.91
2026-04-15,10.7,10.48,10.79,10.44,262750.96
2026-04-16,10.47,10.67,10.7,10.46,259917.17
2026-04-17,10.67,10.71,10.78,10.5,271008.28
2026-04-20,10.7,10.93,10.96,10.66,347048.67
2026-04-21,10.91,10.86,10.99,10.82,169714.89
2026-04-22,10.86,10.84,10.95,10.81,185781.3
2026-04-23,10.81,10.89,11.03,10.73,278614.02
2026-04-24,10.86,10.81,10.92,10.74,198774.43
2026-04-27,10.8,10.77,10.9,10.74,198269.68
2026-04-28,10.86,11.07,11.13,10.83,424823.46
2026-04-29,11.09,11.23,11.31,11.04,346624.17
2026-04-30,11.28,11.49,11.56,11.17,460577.15
2026-05-06,11.55,12.07,12.13,11.27,783829.43
2026-05-07,11.94,12.35,12.65,11.92,703399.02
2026-05-08,12.29,13.59,13.59,12.28,1010992.38
2026-05-11,13.62,12.67,13.62,12.6,1559512.69
2026-05-12,12.69,12.5,13.22,12.36,974622.77
2026-05-13,12.43,12.44,12.61,12.35,581048.42
2026-05-14,12.41,12.14,12.64,12.14,557598.64
2026-05-15,12.12,11.94,12.21,11.89,541500.34
2026-05-18,11.96,12.26,12.28,11.87,460136.1
2026-05-19,12.27,12.77,12.96,12.26,667731.0
2026-05-20,12.62,12.47,12.69,12.32,458095.26
2026-05-21,12.55,12.48,12.85,12.37,554846.05
2026-05-22,12.56,12.31,12.64,12.14,452697.4
2026-05-25,12.23,12.81,13.04,12.1,675818.58
2026-05-26,12.8,13.17,13.36,12.73,719345.4
2026-05-27,13.26,13.45,14.18,13.17,919389.54
2026-05-28,13.69,13.36,14.24,13.15,709892.04
2026-05-29,13.38,13.57,14.14,12.83,973179.22
2026-06-01,13.51,13.22,13.73,13.0,687518.79
2026-06-02,13.21,14.05,14.28,13.02,1083248.88
2026-06-03,14.06,14.91,15.46,13.99,1525113.55
2026-06-04,14.87,13.42,15.3,13.42,1646123.67
2026-06-05,13.24,12.52,13.25,12.38,1209839.51
2026-06-08,12.26,12.1,12.58,11.96,786126.68
2026-06-09,12.23,12.02,12.3,11.88,547417.74
2026-06-10,11.89,11.52,12.02,11.4,603164.1
2026-06-11,11.42,11.21,11.5,11.14,453223.49
2026-06-12,11.39,11.23,11.56,11.2,425136.55
2026-06-15,11.44,11.66,11.77,11.4,492778.43
2026-06-16,11.66,11.71,11.92,11.5,398701.68
2026-06-17,11.62,12.0,12.12,11.56,510517.7
2026-06-18,11.95,11.48,12.04,11.32,572928.58
2026-06-22,11.38,11.45,11.6,10.97,537225.57
2026-06-23,11.53,11.69,11.95,11.5,440789.42
2026-06-24,11.67,11.33,11.73,11.29,310580.13
2026-06-25,11.21,10.83,11.23,10.83,568248.93
2026-06-26,10.83,10.67,11.02,10.67,358784.37
2026-06-29,10.61,10.53,10.7,10.21,415425.4
2026-06-30,10.51,10.73,10.75,10.29,279736.6
2026-07-01,10.63,11.07,11.19,10.5,408126.38
2026-07-02,11.08,11.17,11.35,11.02,370069.39
2026-07-03,11.08,11.26,11.4,11.07,281916.65
2026-07-06,11.16,11.47,11.53,11.1,289280.65
2026-07-07,11.47,10.95,11.51,10.93,313873.68
2026-07-08,10.98,11.11,11.53,10.92,309045.02
2026-07-09,10.92,11.05,11.12,10.75,264640.19
2026-07-10,10.95,11.16,11.3,10.88,286937.7
2026-07-13,11.08,10.86,11.16,10.8,291171.61
2026-07-14,10.78,11.21,11.24,10.77,303659.48
2026-07-15,11.17,11.29,11.38,11.09,219688.09
2026-07-16,11.15,11.0,11.28,10.99,228200.41
2026-07-17,10.98,10.82,11.14,10.75,281036.36
2026-07-20,10.83,10.96,11.08,10.81,255754.82
2026-07-21,10.94,11.15,11.17,10.8,300554.63
2026-07-22,11.15,11.65,11.93,11.11,628879.83
2026-07-23,11.64,12.1,12.1,11.6,517706.52
2026-07-24,12.0,11.72,12.11,11.7,396462.54
2026-07-27,11.79,12.45,12.58,11.79,528169.12
2026-07-28,12.28,12.29,12.43,12.18,352666.22
2026-07-29,12.33,12.32,12.45,12.01,332663.73
2026-07-30,12.29,12.51,12.6,12.17,435021.62
2026-07-31,12.2,12.41,12.62,12.16,434833.56
2026-08-03,12.4,12.78,12.98,12.32,572069.77
2026-08-04,12.78,12.63,12.88,12.45,439196.94
2026-08-05,12.51,12.91,13.05,12.37,564270.83
2026-08-06,12.84,12.52,12.89,12.5,423995.77
2026-08-07,12.48,12.52,12.58,12.25,353669.96
2026-08-10,12.54,13.28,13.54,12.41,762623.8
2026-08-11,13.24,13.15,13.44,13.03,457974.14
2026-08-12,13.3,13.02,13.38,12.91,451442.49
2026-08-13,12.94,12.6,13.09,12.55,462383.39
2026-08-14,12.56,11.34,12.66,11.34,958030.25
2026-08-17,11.1,10.97,11.16,10.55,625512.38
2026-08-18,10.9,11.17,11.33,10.86,427311.24
2026-08-19,11.18,10.75,11.21,10.74,409550.95
2026-08-20,10.74,10.87,10.96,10.55,407993.87
2026-08-21,10.79,10.91,10.97,10.58,301220.85
2026-08-24,10.89,10.42,10.94,10.24,458945.1
2026-08-25,10.34,10.82,11.0,10.31,425881.07
2026-08-26,10.66,10.78,10.88,10.6,262163.55
2026-08-27,10.83,10.89,10.9,10.72,249695.7
2026-08-28,10.98,11.12,11.24,10.9,356845.4
2026-08-31,11.12,11.23,11.27,10.97,288686.18
2026-09-01,11.3,11.35,11.6,11.17,399509.62
2026-09-02,11.28,11.4,11.55,11.02,388417.3
2026-09-03,11.35,11.8,11.88,11.26,627407.77
2026-09-04,11.7,12.18,12.32,11.61,717006.6
2026-09-07,12.36,12.08,12.62,11.88,855506.93
2026-09-08,11.87,11.08,11.96,11.01,1057666.87
2026-09-09,11.0,11.09,11.39,10.73,728383.2
2026-09-10,11.01,10.94,11.16,10.81,475493.09
2026-09-11,10.87,11.26,11.36,10.6,689291.14
2026-09-14,11.2,11.04,11.48,10.88,531809.66
2026-09-15,10.91,11.25,11.49,10.75,624618.45
2026-09-16,11.2,10.65,11.2,10.62,739666.56
2026-09-17,10.5,9.84,10.5,9.82,963875.7
2026-09-18,9.75,9.81,9.93,9.65,503079.68
