date,open,close,high,low,volume
2013-01-04,9.53,9.29,9.59,9.23,137660.76
2013-01-07,9.26,9.12,9.28,9.02,223052.06
2013-01-08,9.1,9.2,9.21,8.95,238244.48
2013-01-09,9.1,9.52,9.63,9.1,291615.34
2013-01-10,9.5,9.03,9.61,8.95,348814.04
2013-01-11,9.01,8.83,9.1,8.82,218413.01
2013-01-14,8.84,9.18,9.25,8.81,175039.8
2013-01-15,9.17,9.23,9.52,9.16,238984.58
2013-01-16,9.2,9.26,9.34,9.13,120999.15
2013-01-17,9.28,9.58,9.85,9.2,317014.03
2013-01-18,9.55,10.23,10.43,9.55,372611.94
2013-01-21,10.23,10.16,10.64,10.11,347145.5
2013-01-22,10.12,10.6,10.88,10.12,298983.35
2013-01-23,10.6,10.44,10.75,10.15,287858.85
2013-01-24,10.39,10.16,10.55,10.03,214667.77
2013-01-25,10.15,10.68,10.88,10.14,292812.83
2013-01-28,10.63,10.83,10.94,10.56,182581.01
2013-01-29,10.82,10.88,10.95,10.72,145163.72
2013-01-30,10.88,11.22,11.46,10.84,258821.09
2013-01-31,11.24,11.05,11.3,10.99,146920.14
2013-02-01,11.03,11.15,11.38,10.96,152305.59
2013-02-04,11.1,10.9,11.29,10.83,143592.74
2013-02-05,10.85,10.95,11.0,10.53,162162.94
2013-02-06,10.93,11.44,11.58,10.87,213540.38
2013-02-07,11.44,11.5,11.55,11.28,133916.05
2013-02-08,11.5,11.46,11.6,11.42,86265.78
2013-02-18,11.52,11.98,12.07,11.52,154698.82
2013-02-19,11.99,11.9,12.05,11.72,135303.88
2013-02-20,11.85,12.57,12.65,11.8,238030.14
2013-02-21,12.5,12.16,12.9,12.15,429249.35
2013-02-22,12.15,12.92,13.13,11.9,389595.7
2013-02-25,12.93,12.91,13.27,12.7,255149.77
2013-02-26,12.88,13.45,13.54,12.69,375469.98
2013-02-27,13.38,13.49,13.62,13.26,278094.45
2013-02-28,13.51,14.38,14.58,13.45,353675.24
2013-03-01,14.35,14.45,15.02,13.88,558947.73
2013-03-04,14.3,14.95,15.07,14.1,425508.94
2013-03-05,14.94,15.85,15.98,14.65,450570.03
2013-03-06,15.86,16.15,16.87,15.6,586626.59
2013-03-07,16.09,14.54,16.25,14.54,633029.7
2013-03-08,14.55,13.76,14.85,13.35,847531.26
2013-03-11,13.63,13.78,14.07,13.52,353710.42
2013-03-12,13.75,13.56,13.9,12.86,467458.35
2013-03-13,13.34,13.4,13.59,13.12,263727.21
2013-03-14,13.4,14.16,14.4,13.31,444958.65
2013-03-15,14.19,14.37,14.82,14.13,398419.34
2013-03-18,14.41,14.9,14.99,14.31,278629.08
2013-03-19,14.83,14.63,15.15,14.3,272338.56
2013-03-20,14.63,14.87,14.98,14.41,212101.46
2013-03-21,14.89,15.32,15.45,14.74,287231.2
2013-03-22,15.29,15.32,15.59,15.07,189634.93
2013-03-25,15.34,13.79,15.57,13.79,593197.54
2013-03-26,13.51,13.91,14.04,12.83,435033.26
2013-03-27,13.71,13.71,13.91,13.2,246756.15
2013-03-28,13.74,13.53,13.87,13.23,192528.14
2013-03-29,13.36,12.47,13.55,12.33,353014.75
2013-04-01,12.5,12.78,13.17,12.45,204659.19
2013-04-02,12.78,12.85,13.23,12.7,156387.65
2013-04-03,12.85,12.85,13.15,12.65,99887.4
2013-04-08,12.72,13.57,13.61,12.45,177415.28
2013-04-09,13.58,13.68,13.95,13.51,175473.38
2013-04-10,13.67,13.86,14.19,13.65,174859.77
2013-04-11,13.9,13.77,14.12,13.67,124671.2
2013-04-12,13.81,13.3,13.87,12.8,203560.95
2013-04-15,13.23,13.23,13.64,13.1,115820.86
2013-04-16,13.06,13.18,13.29,13.01,76055.76
2013-04-17,13.18,13.74,13.88,13.1,163586.32
2013-04-18,13.78,14.49,14.59,13.67,325583.61
2013-04-19,14.49,14.62,14.77,14.38,236100.37
2013-04-22,14.59,14.57,14.67,14.24,191143.59
2013-04-23,14.57,14.74,14.99,14.41,259038.94
2013-04-24,14.78,14.8,15.05,14.39,190765.8
2013-04-25,14.8,14.35,15.05,14.31,236732.7
2013-04-26,14.3,14.0,14.49,13.91,167791.0
2013-05-02,13.94,14.75,14.75,13.81,167658.21
2013-05-03,14.85,15.0,15.18,14.7,215388.52
2013-05-06,15.01,15.45,15.76,15.01,248602.09
2013-05-07,15.47,15.5,15.63,15.15,148230.4
2013-05-08,15.52,15.38,15.58,15.1,197885.04
2013-05-09,15.37,16.0,16.0,15.06,283182.93
2013-05-10,15.94,16.3,16.51,15.86,297162.56
2013-05-13,16.28,16.0,16.46,15.96,167946.89
2013-05-14,16.0,16.11,16.24,15.62,190185.54
2013-05-15,16.16,16.12,16.42,15.88,142359.03
2013-05-16,16.1,16.27,16.4,15.9,154517.59
2013-05-17,16.37,16.45,16.69,16.16,201223.7
2013-05-20,16.46,17.63,17.76,16.32,353143.82
2013-05-21,17.55,17.72,17.92,17.33,227946.21
2013-05-22,17.78,17.44,17.91,17.4,159139.08
2013-05-23,17.19,16.81,17.77,16.81,179424.34
2013-05-24,16.9,16.98,17.15,16.63,161258.06
2013-05-27,17.29,17.45,17.75,17.15,195274.85
2013-05-28,17.55,16.3,17.82,16.28,376654.51
2013-05-29,16.35,17.5,17.55,16.14,320063.96
2013-05-30,17.37,17.42,17.72,17.22,215152.69
2013-05-31,17.52,17.38,17.84,17.35,162348.62
2013-06-03,17.51,17.07,17.52,16.72,184643.05
2013-06-04,17.25,16.89,17.35,16.56,123851.73
2013-06-05,16.87,17.63,17.7,16.57,188685.79
2013-06-06,17.84,17.28,17.89,17.2,190811.64
2013-06-07,17.27,16.02,17.46,15.56,302251.07
2013-06-13,15.76,15.98,16.18,15.2,201639.27
2013-06-14,16.15,16.1,16.33,15.91,134567.16
2013-06-17,16.19,16.15,16.4,15.61,148311.69
2013-06-18,16.16,16.4,16.45,15.9,161167.52
2013-06-19,16.3,16.36,16.67,16.13,142188.48
2013-06-20,16.3,16.03,16.57,15.99,134507.16
2013-06-21,15.5,15.5,15.73,14.8,203593.43
2013-06-24,15.44,13.95,15.44,13.95,261254.49
2013-06-25,13.9,13.99,14.36,12.57,349493.68
2013-06-26,14.0,14.84,14.96,13.85,288861.12
2013-06-27,14.79,14.17,14.98,13.9,271525.45
2013-06-28,14.1,14.08,14.55,13.8,153039.47
2013-07-01,14.2,14.71,14.78,14.06,158020.29
2013-07-02,14.72,15.32,15.42,14.68,186637.05
2013-07-03,15.27,15.32,15.43,14.8,187471.88
2013-07-04,15.17,15.43,15.7,15.07,128813.14
2013-07-05,15.38,14.95,15.69,14.91,136984.24
2013-07-08,14.7,14.38,14.74,13.9,135929.41
2013-07-09,14.24,14.85,15.04,14.24,109210.02
2013-07-10,14.96,15.34,15.43,14.95,126525.21
2013-07-11,15.46,16.01,16.15,15.25,198729.22
2013-07-12,16.08,15.93,16.44,15.77,165044.34
2013-07-15,15.94,16.68,16.85,15.94,174754.53
2013-07-16,16.7,16.63,16.74,16.31,145677.82
2013-07-17,16.61,16.6,17.21,16.4,179568.82
2013-07-18,17.01,18.26,18.26,16.7,700887.16
2013-07-19,18.5,18.2,19.09,18.15,557196.51
2013-07-22,17.95,18.35,18.53,17.66,316164.77
2013-07-23,18.76,18.3,18.88,18.11,275385.88
2013-07-24,18.2,19.39,19.68,18.0,363772.96
2013-07-25,19.32,18.35,19.72,18.3,339164.7
2013-07-26,18.39,18.25,18.65,17.81,169221.46
2013-07-29,17.98,17.85,18.32,17.62,153105.97
2013-07-30,17.79,17.79,18.16,17.1,130682.16
2013-07-31,17.94,19.03,19.4,17.94,276332.42
2013-08-01,18.98,19.21,19.46,18.84,221968.38
2013-08-02,19.19,19.11,19.59,18.95,165303.74
2013-08-05,19.25,19.81,19.85,18.83,173856.22
2013-08-06,19.78,19.62,20.14,19.44,210848.81
2013-08-07,19.46,19.0,19.79,18.96,170152.84
2013-08-08,19.0,19.1,19.56,18.88,134023.35
2013-08-09,19.15,19.14,19.49,18.63,133233.19
2013-08-12,19.14,19.09,19.29,18.82,121766.15
2013-08-13,19.1,19.0,19.45,18.86,120069.17
2013-08-14,18.98,18.86,19.09,18.48,134608.39
2013-08-15,18.86,19.25,19.77,18.81,183905.54
2013-08-16,19.29,18.69,19.65,18.66,170996.77
2013-08-19,19.03,19.15,19.38,18.73,174540.38
2013-08-20,19.24,19.8,20.0,19.12,246644.34
2013-08-21,19.8,19.74,20.04,19.56,144494.75
2013-08-22,19.7,19.61,20.08,19.58,131028.47
2013-08-23,20.04,19.7,20.39,19.36,197485.33
2013-08-26,19.72,19.99,20.2,19.45,201131.97
2013-08-27,20.0,19.74,20.08,19.58,142352.15
2013-08-28,19.58,18.8,19.92,18.73,223706.91
2013-08-29,18.68,18.31,18.85,18.24,222877.17
2013-08-30,18.41,18.23,18.67,17.93,218057.3
2013-09-02,18.38,18.38,18.64,18.22,98349.97
2013-09-03,18.42,18.4,18.59,18.29,110184.49
2013-09-04,18.36,18.0,18.47,17.99,130069.43
2013-09-05,18.0,19.06,19.46,17.8,231511.32
2013-09-06,19.07,19.36,19.69,19.06,224273.04
2013-09-09,19.5,19.96,20.28,19.5,261530.8
2013-09-10,19.97,19.76,20.1,19.5,141694.57
2013-09-11,19.76,19.95,20.23,19.25,206028.08
2013-09-12,20.18,21.2,21.33,20.06,335158.13
2013-09-13,21.2,21.1,21.37,20.8,164235.66
2013-09-16,21.1,20.9,21.22,20.63,118750.98
2013-09-17,20.9,20.52,21.09,20.51,113702.25
2013-09-18,20.49,20.73,21.05,20.45,91708.04
2013-09-23,20.84,20.82,21.01,20.59,102996.72
2013-09-24,20.85,19.99,20.92,19.7,260025.97
2013-09-25,19.99,19.85,20.23,19.73,139180.93
2013-09-26,19.78,19.69,20.3,19.5,123547.46
2013-09-27,19.74,19.76,20.2,19.62,80763.82
2013-09-30,19.76,20.3,20.37,19.75,114799.76
2013-10-08,20.45,20.45,20.7,20.2,101103.27
2013-10-09,20.45,21.39,21.63,20.35,211078.67
2013-10-10,21.38,21.11,21.45,20.9,151197.49
2013-10-11,21.4,21.81,22.0,21.31,164195.73
2013-10-14,22.0,23.99,23.99,21.93,335679.02
2013-10-15,24.4,23.8,24.58,23.72,238266.69
2013-10-16,23.8,24.71,25.5,23.0,287114.18
2013-10-17,24.81,24.72,26.0,24.29,239052.35
2013-10-18,24.6,24.9,25.38,24.01,178974.13
2013-10-21,25.0,25.31,26.11,24.65,225702.68
2013-10-22,25.18,24.23,25.5,24.0,208622.67
2013-10-23,24.26,23.3,24.72,23.03,181452.61
2013-10-24,23.3,23.7,24.2,23.2,98890.0
2013-10-25,23.55,21.33,23.88,21.33,364846.36
2013-10-28,20.85,21.34,21.59,20.58,183890.39
2013-10-29,21.33,19.23,21.65,19.21,266393.64
2013-10-30,19.2,19.6,20.19,19.1,192816.37
2013-10-31,19.61,19.53,20.01,19.33,105849.64
2013-11-01,19.48,19.72,19.87,19.38,75217.08
2013-11-04,19.6,20.97,20.97,19.55,117423.36
2013-11-05,21.0,21.39,21.45,20.6,112394.82
2013-11-06,21.41,21.3,21.85,21.2,133545.24
2013-11-07,21.55,20.98,22.0,20.55,110964.43
2013-11-08,20.94,20.38,20.94,20.0,108314.11
2013-11-11,20.31,20.0,20.49,18.34,222665.35
2013-11-12,20.06,21.22,21.38,20.01,147459.34
2013-11-13,21.24,20.5,21.39,20.49,126584.77
2013-11-14,20.3,20.79,21.04,20.3,84962.42
2013-11-15,20.78,20.91,21.3,20.6,131701.85
2013-11-18,20.77,21.29,21.43,20.77,123865.22
2013-11-19,21.3,22.25,22.69,21.29,168246.93
2013-11-20,22.25,22.19,22.5,21.79,91749.08
2013-11-21,22.23,22.25,22.45,21.79,93838.85
2013-11-22,22.31,21.56,22.5,21.48,119695.47
2013-11-25,21.7,21.88,22.29,21.53,99471.13
2013-11-26,21.82,22.88,23.17,21.55,166834.51
2013-11-27,22.78,23.02,23.49,22.6,127833.42
2013-11-28,23.26,22.85,23.35,22.73,103183.37
2013-11-29,22.94,23.7,23.97,22.75,152017.88
2013-12-02,23.23,22.07,23.25,21.8,196247.34
2013-12-03,21.8,22.5,22.5,21.31,133743.53
2013-12-04,22.38,22.63,22.85,22.29,98286.37
2013-12-05,22.5,21.88,22.5,21.67,108965.14
2013-12-06,21.82,21.95,22.15,21.72,55140.22
2013-12-09,21.97,22.2,22.45,21.9,56756.35
2013-12-10,22.31,21.8,22.44,21.6,80156.37
2013-12-11,21.69,21.12,21.83,20.95,103166.46
2013-12-12,21.15,21.31,21.77,20.9,91663.8
2013-12-13,21.3,21.28,21.48,21.01,52639.31
2013-12-16,21.0,20.6,21.46,20.51,97023.29
2013-12-17,20.59,20.5,20.76,20.1,57574.75
2013-12-18,20.59,20.31,20.74,20.23,61104.22
2013-12-19,20.31,20.29,20.62,20.21,57075.9
2013-12-20,20.3,20.2,20.48,19.91,52590.06
2013-12-23,20.23,20.82,21.17,20.23,82116.92
2013-12-24,20.9,20.55,21.0,20.36,72362.36
2013-12-25,20.65,20.77,21.14,20.46,57562.31
2013-12-26,20.77,20.36,20.94,20.36,65957.56
2013-12-27,20.38,20.69,20.74,20.38,49049.34
2013-12-30,20.71,20.9,21.16,20.71,78385.02
2013-12-31,20.9,20.9,21.0,20.65,67937.27
2014-01-02,20.91,20.39,20.96,20.32,75072.95
2014-01-03,20.31,19.89,20.45,18.75,254697.49
2014-01-06,19.89,20.03,20.2,19.7,92865.64
2014-01-07,19.9,19.77,20.16,19.36,73312.42
2014-01-08,19.78,20.07,20.1,19.3,86128.06
2014-01-09,20.13,20.56,21.02,19.96,142180.02
2014-01-10,20.56,20.45,20.78,20.29,81691.49
2014-01-13,20.5,19.9,20.69,19.7,87540.0
2014-01-14,19.8,19.89,19.9,19.1,94034.14
2014-01-15,19.83,19.99,20.05,19.49,69776.79
2014-01-16,19.99,20.48,20.56,19.99,120265.68
2014-01-17,20.5,20.5,20.85,20.35,91420.54
2014-01-20,20.5,20.23,20.7,20.12,54244.84
2014-01-21,20.24,20.05,20.57,19.91,84867.09
2014-01-22,20.08,21.12,21.19,19.9,145835.03
2014-01-23,21.12,21.6,22.1,21.02,167578.11
2014-01-24,21.89,21.99,22.5,21.7,163238.07
2014-01-27,22.14,22.7,22.95,21.98,170678.66
2014-01-28,22.7,22.53,22.84,22.33,106894.72
2014-01-29,22.52,23.41,23.56,22.35,161039.33
2014-01-30,23.3,23.27,23.79,23.0,97763.73
2014-02-07,23.04,23.14,23.39,22.9,95735.39
2014-02-10,23.51,23.2,23.91,22.96,215359.09
2014-02-11,23.2,22.69,23.2,22.25,181973.55
2014-02-12,22.68,22.28,22.7,21.91,203167.24
2014-02-13,22.01,24.08,24.51,22.01,326048.02
2014-02-14,23.97,24.5,24.8,23.81,177717.47
2014-02-17,24.6,24.84,25.05,24.24,148752.55
2014-02-18,24.95,24.79,25.14,24.62,102254.04
2014-02-19,24.75,24.75,24.83,24.15,122510.28
2014-02-20,25.78,24.05,26.1,23.9,225138.86
2014-02-21,23.85,24.13,24.43,23.23,142340.18
2014-02-24,24.3,23.92,24.3,23.42,77820.92
2014-02-25,23.92,22.8,24.24,22.76,127270.39
2014-02-26,22.29,22.7,22.96,22.2,107217.36
2014-02-27,22.87,24.09,24.5,22.77,247443.45
2014-02-28,24.0,24.4,24.48,23.62,131548.66
2014-03-03,24.44,24.67,25.15,24.2,130358.06
2014-03-04,24.66,24.1,24.88,23.88,117800.34
2014-03-05,24.25,22.89,24.38,22.84,177838.15
2014-03-06,22.87,23.24,23.46,22.51,115203.66
2014-03-07,23.3,22.82,23.43,22.56,82869.24
2014-03-10,22.74,22.58,23.41,22.53,86750.66
2014-03-11,22.5,22.8,22.95,22.18,58190.01
2014-03-12,22.63,22.2,22.94,20.6,126751.43
2014-03-13,21.98,22.1,22.37,21.92,82467.87
2014-03-14,22.05,22.27,22.45,21.85,51414.9
2014-03-17,22.44,23.38,23.4,22.27,147850.42
2014-03-18,23.4,23.52,23.79,23.13,133462.84
2014-03-19,23.56,23.58,23.7,23.35,80938.05
2014-03-20,23.6,23.48,24.14,23.3,117341.78
2014-03-21,23.26,23.55,23.99,22.52,107889.96
2014-03-24,23.59,23.5,23.81,23.29,98657.72
2014-03-25,23.5,24.25,24.32,23.4,193701.67
2014-03-26,24.8,23.38,24.8,22.95,198086.79
2014-03-27,23.11,22.4,23.2,22.4,116314.75
2014-03-28,22.39,21.23,22.66,21.12,168005.12
2014-03-31,20.88,20.8,21.1,19.11,239951.47
2014-04-01,20.4,20.81,20.97,20.28,77825.6
2014-04-02,20.82,20.62,20.95,20.42,56820.64
2014-04-03,20.63,20.37,20.75,19.92,75020.1
2014-04-04,20.32,20.93,20.98,20.06,103842.44
2014-04-08,20.81,21.23,21.42,20.75,88857.34
2014-04-09,21.3,21.3,21.67,21.15,76865.23
2014-04-10,21.29,21.27,21.55,20.91,74039.62
2014-04-11,21.11,21.57,21.94,21.11,105057.68
2014-04-14,21.56,21.12,21.68,20.95,106916.23
2014-04-15,21.12,20.93,21.25,20.66,87635.46
2014-04-16,20.9,20.96,21.09,20.8,46128.82
2014-04-17,20.97,20.66,21.03,20.63,73035.41
2014-04-18,20.37,21.21,21.25,20.37,103272.15
2014-04-21,20.9,20.7,21.17,20.67,84046.2
2014-04-22,20.73,20.84,21.04,20.6,53441.7
2014-04-23,20.84,20.77,21.03,20.52,44430.97
2014-04-24,20.61,20.2,20.77,19.8,114306.82
2014-04-25,20.11,19.38,20.2,19.12,78179.88
2014-04-28,18.99,17.44,19.3,17.44,276754.35
2014-04-29,16.95,17.47,17.66,16.51,197625.29
2014-04-30,17.55,17.9,18.06,17.35,110115.77
2014-05-05,17.9,17.88,18.28,17.83,93434.42
2014-05-06,17.85,17.77,18.21,17.66,68932.66
2014-05-07,17.77,16.97,17.77,16.94,120449.28
2014-05-08,17.05,17.1,17.47,16.96,92707.2
2014-05-09,17.09,17.19,17.28,16.53,88549.93
2014-05-12,17.35,17.45,17.49,17.07,89102.56
2014-05-13,17.51,18.01,18.16,17.42,109282.68
2014-05-14,18.08,17.9,18.08,17.67,78915.6
2014-05-15,17.81,17.89,18.19,17.7,69368.19
2014-05-16,17.86,17.66,18.1,17.57,71012.75
2014-05-19,17.66,16.78,17.75,16.71,89803.54
2014-05-20,16.54,16.88,17.19,16.54,67429.32
2014-05-21,16.97,17.03,17.1,16.6,56325.19
2014-05-22,17.03,16.92,17.25,16.88,55466.39
2014-05-23,16.88,17.12,17.15,16.66,67839.19
2014-05-26,17.2,18.59,18.6,17.14,183092.46
2014-05-27,18.5,18.4,18.63,18.24,95966.39
2014-05-28,18.42,19.24,19.58,18.31,181715.05
2014-05-29,19.3,19.16,19.73,18.97,160528.14
2014-05-30,19.05,19.43,19.66,18.96,151438.85
2014-06-03,19.41,19.25,19.56,18.96,99862.11
2014-06-04,19.26,19.11,19.32,18.8,81601.78
2014-06-05,19.03,19.48,19.56,18.9,92490.73
2014-06-06,19.51,19.3,19.56,18.91,88478.39
2014-06-09,19.27,18.94,19.4,18.94,61610.08
2014-06-10,18.96,18.93,19.08,18.47,96843.41
2014-06-11,18.84,18.83,19.05,18.71,74832.17
2014-06-12,18.8,19.29,19.47,18.7,113430.92
2014-06-13,19.38,19.9,20.09,19.11,167030.35
2014-06-16,19.82,19.78,19.97,19.61,81053.5
2014-06-17,19.68,19.62,20.0,19.56,71758.13
2014-06-18,19.78,19.4,19.89,19.4,59107.79
2014-06-19,19.34,18.8,19.6,18.72,91737.28
2014-06-20,18.8,18.91,19.1,18.72,27721.33
2014-06-23,18.97,18.78,19.09,18.72,41171.06
2014-06-24,18.78,18.92,19.15,18.75,43234.3
2014-06-25,18.94,19.32,19.65,18.92,83304.97
2014-06-26,19.4,19.4,19.64,19.28,69977.47
2014-06-27,19.43,19.32,19.49,19.05,59065.42
2014-06-30,19.3,19.5,19.7,19.2,54493.64
2014-07-01,19.49,19.29,19.65,19.25,73319.66
2014-07-02,19.36,19.16,19.36,19.0,67335.19
2014-07-03,19.16,20.1,20.29,19.07,144657.48
2014-07-04,19.99,20.23,20.47,19.84,113006.52
2014-07-07,20.23,20.11,20.44,20.01,57737.8
2014-07-08,20.11,20.51,20.53,20.08,72808.24
2014-07-09,20.47,19.8,20.59,19.79,109359.44
2014-07-10,19.8,19.8,20.12,19.71,59861.22
2014-07-11,19.79,19.63,19.8,19.47,84499.53
2014-07-14,19.65,19.22,19.65,19.0,115060.89
2014-07-15,19.23,19.1,19.31,18.94,100237.7
2014-07-16,19.11,19.07,19.45,18.96,71462.0
2014-07-17,19.1,18.94,19.16,18.68,62710.78
2014-07-18,18.82,18.0,18.95,17.6,129012.63
2014-07-21,17.8,18.7,18.75,17.6,120749.22
2014-07-22,18.5,18.7,18.92,18.41,69695.98
2014-07-23,18.7,18.69,19.0,18.45,51680.18
2014-07-24,18.64,18.11,18.65,17.99,79169.76
2014-07-25,18.15,18.16,18.28,17.88,82079.29
2014-07-28,18.15,18.87,18.89,18.11,129033.1
2014-07-29,18.9,18.79,19.07,18.7,84215.12
2014-07-30,18.75,19.34,19.43,18.67,138135.21
2014-07-31,19.35,19.24,19.39,19.04,90431.63
2014-08-01,18.7,18.88,19.34,18.7,79139.44
2014-08-04,18.94,18.79,19.05,18.68,87890.23
2014-08-05,18.8,18.61,18.95,18.45,79735.35
2014-08-06,18.5,18.54,18.67,18.3,59909.91
2014-08-07,18.55,18.33,18.67,18.15,89580.62
2014-08-08,18.28,18.44,18.65,18.27,70778.26
2014-08-11,18.57,18.58,18.6,18.3,73984.82
2014-08-12,18.5,18.5,18.62,18.38,98591.74
2014-08-13,18.52,18.25,18.63,18.17,118826.52
2014-08-14,18.32,17.79,18.33,17.75,157399.76
2014-08-15,17.79,18.21,18.29,17.74,134824.01
2014-08-18,18.25,18.62,18.84,18.14,199833.38
2014-08-19,18.61,18.55,18.85,18.49,140008.11
2014-08-20,18.52,19.11,19.3,18.46,232125.37
2014-08-21,19.09,18.84,19.33,18.78,149213.19
2014-08-22,18.94,19.19,19.41,18.91,178787.68
2014-08-25,19.29,18.75,19.29,18.75,145423.5
2014-08-26,18.72,20.63,20.63,18.72,680960.85
2014-08-27,21.0,21.9,22.69,20.74,751462.82
2014-08-28,21.58,21.9,23.0,21.43,411869.43
2014-08-29,21.83,22.36,22.67,21.6,318742.98
2014-09-01,22.45,22.39,22.65,21.9,229667.04
2014-09-02,22.3,22.43,22.56,21.9,254658.58
2014-09-03,22.68,23.16,23.78,22.68,413674.18
2014-09-04,22.95,22.69,23.09,22.52,245336.29
2014-09-05,22.6,23.79,24.2,22.2,402782.61
2014-09-09,23.6,23.98,24.1,23.36,207667.81
2014-09-10,23.98,23.73,24.1,23.57,145475.83
2014-09-11,23.65,23.1,24.14,22.96,225350.6
2014-09-12,23.05,23.18,23.52,22.91,154844.15
2014-09-15,23.11,22.97,23.54,22.97,173703.76
2014-09-16,23.0,21.51,23.18,21.45,241071.54
2014-09-17,21.56,22.02,22.2,21.48,137388.57
2014-09-18,22.15,21.73,22.29,21.7,100874.53
2014-09-19,21.81,21.56,21.93,21.31,170525.05
2014-09-22,21.62,21.61,21.95,21.38,123865.25
2014-09-23,21.52,22.2,22.25,21.45,187390.35
2014-09-24,22.17,22.0,22.28,21.8,177387.06
2014-09-25,22.07,22.35,22.5,21.93,171328.74
2014-09-26,22.21,21.68,22.29,21.58,157716.83
2014-09-29,21.7,21.67,21.89,21.6,144737.22
2014-09-30,21.83,21.52,21.96,21.52,97794.59
2014-10-08,21.52,21.36,21.63,21.22,153396.7
2014-10-09,21.38,21.9,21.96,21.38,180312.13
2014-10-10,21.85,21.55,21.85,21.51,106671.49
2014-10-13,21.41,21.25,21.5,20.77,167893.46
2014-10-14,21.24,22.83,22.87,21.19,419685.59
2014-10-15,22.6,22.58,22.79,22.3,189483.16
2014-10-16,22.54,22.58,23.08,22.3,206438.84
2014-10-17,22.42,22.59,23.3,22.4,252096.27
2014-10-20,22.58,23.04,23.27,22.52,195417.68
2014-10-21,23.1,22.59,23.22,22.48,200302.9
2014-10-22,22.5,21.71,22.77,21.53,175437.22
2014-10-23,21.51,21.67,21.77,21.03,114971.29
2014-10-24,21.62,21.7,21.87,21.58,73105.64
2014-10-27,21.24,21.77,21.79,20.76,83753.27
2014-10-28,21.67,21.98,22.09,21.67,115757.21
2014-10-29,22.0,22.56,22.9,22.0,194249.55
2014-10-30,22.57,22.29,23.03,22.19,136912.85
2014-10-31,22.27,22.95,23.04,22.17,168697.87
2014-11-03,22.99,22.96,23.22,22.69,180658.19
2014-11-04,22.99,23.6,24.01,22.97,287432.51
2014-11-05,23.66,23.38,23.84,23.33,138355.06
2014-11-06,23.59,23.02,23.66,22.63,125775.94
2014-11-07,22.98,23.77,24.56,22.87,273445.13
2014-11-10,23.78,24.8,25.0,23.78,318852.45
2014-11-11,24.9,23.61,24.9,23.56,214263.51
2014-11-12,23.8,24.33,24.75,23.51,154456.92
2014-11-13,24.2,23.76,24.66,23.6,118044.25
2014-11-14,23.65,23.8,23.96,23.38,105055.41
2014-11-17,23.7,24.5,24.83,23.53,249840.29
2014-11-18,24.5,25.59,25.77,24.5,366928.02
2014-11-19,25.55,25.41,25.89,25.3,182181.38
2014-11-20,25.6,25.45,26.18,25.1,239240.48
2014-11-21,25.4,25.6,26.15,25.35,210831.85
2014-11-24,25.96,28.12,28.16,25.66,404551.18
2014-11-25,28.11,28.5,28.99,27.71,274800.1
2014-11-26,28.4,28.29,28.75,28.16,175854.05
2014-11-27,28.4,28.31,29.28,28.15,229381.07
2014-11-28,28.46,28.26,28.48,27.95,218575.3
2014-12-01,28.35,28.75,29.7,28.3,211945.65
2014-12-02,28.6,28.65,29.35,28.15,213994.62
2014-12-03,28.65,28.0,29.15,26.0,322643.57
2014-12-04,28.3,28.67,28.98,27.83,227474.74
2014-12-05,28.67,29.25,29.9,27.45,291431.43
2014-12-08,29.02,28.59,29.3,28.51,245089.6
2014-12-09,28.51,25.73,28.88,25.73,328638.39
2014-12-10,25.74,27.71,27.93,25.74,220566.94
2014-12-11,27.72,28.82,29.05,27.51,197622.98
2014-12-12,28.96,31.7,31.7,28.95,350518.96
2014-12-15,32.56,31.5,32.6,30.93,351256.21
2014-12-16,31.65,31.76,32.0,31.02,216455.79
2014-12-17,31.59,32.23,33.4,31.5,243991.84
2014-12-18,32.19,33.61,34.18,32.03,219239.21
2014-12-19,33.65,33.06,34.25,31.87,189126.62
2014-12-22,33.2,31.15,33.5,29.86,294618.82
2014-12-23,31.14,31.02,33.0,30.77,129631.59
2014-12-24,31.06,30.98,31.4,30.3,114559.83
2014-12-25,31.1,31.35,31.41,30.62,98478.58
2014-12-26,31.35,31.68,32.71,31.35,129014.2
2014-12-29,31.7,30.96,32.33,30.5,128445.22
2014-12-30,30.96,30.62,31.38,30.51,103568.04
2014-12-31,30.89,31.28,31.36,29.85,161599.67
2015-01-05,31.29,31.63,31.9,30.54,136074.19
2015-01-06,31.3,32.17,32.35,30.71,134172.33
2015-01-07,32.08,31.58,32.6,31.56,96200.48
2015-01-08,31.82,30.71,32.0,30.7,98314.16
2015-01-09,30.55,30.77,31.59,30.45,117712.22
2015-01-12,30.6,30.93,31.2,30.0,94418.65
2015-01-13,30.94,31.79,32.2,30.94,154495.79
2015-01-14,31.78,31.58,32.18,31.52,83158.79
2015-01-15,31.6,32.0,32.11,31.43,101827.78
2015-01-16,32.1,33.91,33.91,31.91,218740.73
2015-01-19,32.83,33.12,35.57,32.5,302316.91
2015-01-20,33.26,34.98,35.4,33.26,238064.2
2015-01-21,34.96,35.3,35.57,34.28,187743.8
2015-01-22,35.3,35.5,36.49,35.1,193104.51
2015-01-23,35.3,34.65,35.8,34.45,180777.65
2015-01-26,34.75,35.46,35.6,34.6,147052.85
2015-01-27,35.66,35.95,36.35,35.33,173185.0
2015-01-28,35.7,35.39,36.26,34.9,158690.19
2015-01-29,35.01,37.67,37.9,35.0,315643.83
2015-01-30,37.3,36.64,37.66,36.42,116442.8
2015-02-02,36.64,36.77,38.29,36.3,143107.24
2015-02-03,37.3,36.85,37.58,36.0,126457.72
2015-02-04,37.25,36.59,37.32,36.35,99756.89
2015-02-05,36.59,35.81,36.89,35.8,137015.35
2015-02-06,35.9,35.18,36.41,34.75,137485.49
2015-02-09,35.4,35.76,36.03,35.18,103901.27
2015-02-10,35.7,36.66,37.22,35.5,110141.54
2015-02-11,37.05,38.35,38.55,36.72,210412.44
2015-02-12,38.44,38.26,38.65,38.08,133607.77
2015-02-13,38.25,38.34,39.17,38.03,145736.46
2015-02-16,38.5,38.85,39.2,38.07,97965.48
2015-02-17,39.08,41.27,41.49,39.08,216647.68
2015-02-25,41.2,40.99,42.39,40.68,127910.61
2015-02-26,40.75,40.7,40.99,40.01,83222.16
2015-02-27,40.69,42.28,42.6,40.59,140739.53
2015-03-02,42.35,42.17,42.7,41.72,120488.83
2015-03-03,42.18,40.46,42.56,40.2,173542.44
2015-03-04,40.46,42.12,42.55,40.3,153143.87
2015-03-05,42.14,41.81,43.5,41.8,124150.12
2015-03-06,42.03,40.97,42.39,40.75,81429.48
2015-03-09,40.8,41.0,41.22,39.8,124910.86
2015-03-10,40.89,40.79,41.46,40.5,80498.01
2015-03-11,41.0,40.5,41.25,40.2,89711.02
2015-03-12,40.31,40.7,41.11,40.31,78351.62
2015-03-13,40.71,41.0,41.26,40.29,90681.02
2015-03-16,41.0,43.64,43.85,41.0,213666.25
2015-03-17,43.66,43.58,43.8,42.9,126386.8
2015-03-18,43.58,44.2,44.31,43.35,112485.11
2015-03-19,44.2,43.77,44.3,42.91,144556.41
2015-03-20,43.9,46.03,46.37,43.11,220247.96
2015-04-30,50.63,50.63,50.63,50.63,13590.39
2015-05-04,54.89,48.69,54.99,47.63,447806.34
2015-05-05,48.62,43.82,48.62,43.82,327378.32
2015-05-06,43.81,44.22,46.76,43.81,268417.44
2015-05-07,44.8,41.48,45.95,40.54,254530.1
2015-05-08,42.6,44.55,44.7,40.88,373886.07
2015-05-11,45.81,48.57,49.01,44.45,340377.52
2015-05-12,49.4,48.55,49.4,47.5,261990.0
2015-05-13,48.84,52.8,53.41,47.01,404620.18
2015-05-14,52.8,57.02,58.05,52.31,329867.26
2015-05-15,57.18,57.01,58.99,56.2,213586.86
2015-05-18,57.26,57.99,58.98,56.61,212316.7
2015-05-19,58.58,62.1,63.0,57.5,228475.54
2015-05-20,61.91,61.9,64.38,61.5,233537.79
2015-05-21,61.91,61.73,63.0,59.02,237144.08
2015-05-22,61.73,60.06,64.25,59.7,217718.06
2015-05-25,58.0,61.15,64.63,57.99,302941.31
2015-05-26,61.25,65.4,65.55,61.25,327444.96
2015-05-27,65.42,64.66,66.66,62.5,204755.08
2015-05-28,64.66,61.02,66.1,61.0,225870.52
2015-05-29,61.35,62.4,63.68,57.5,239184.79
2015-06-01,63.0,68.64,68.64,62.41,271858.08
2015-06-02,69.99,75.38,75.5,69.98,251406.25
2015-06-03,77.0,74.3,78.0,72.81,201960.31
2015-06-04,74.8,74.19,76.1,66.9,277989.48
2015-06-05,75.1,73.5,78.68,72.0,193284.82
2015-06-08,72.4,76.69,77.29,69.5,261450.79
2015-06-09,76.6,75.0,78.6,73.68,169481.04
2015-06-10,72.0,74.57,77.0,72.0,124108.27
2015-06-11,74.57,78.19,80.6,73.5,194010.84
2015-06-12,79.89,77.75,79.89,77.0,132476.03
2015-06-15,77.88,73.7,78.58,73.29,160429.11
2015-06-16,71.51,67.99,73.6,66.34,240853.71
2015-06-17,67.7,70.21,71.99,66.0,166204.51
2015-06-18,70.1,63.85,70.46,63.5,171711.37
2015-06-19,64.45,63.99,65.77,62.0,175219.98
2015-06-23,63.01,62.4,64.29,57.59,228039.84
2015-06-24,62.5,62.19,64.67,60.0,142089.67
2015-06-25,63.0,56.75,63.4,56.2,177227.38
2015-06-26,55.3,51.08,55.3,51.08,174697.88
2015-06-29,51.08,45.97,51.9,45.97,180355.51
2015-06-30,41.37,49.0,50.0,41.37,511516.49
2015-07-01,47.5,44.12,51.05,44.1,392724.83
2015-07-02,44.0,39.71,44.0,39.71,290572.56
2015-07-03,35.9,35.74,40.0,35.74,450280.92
2015-08-11,39.31,39.31,39.31,39.31,105177.96
2015-08-12,41.0,43.24,43.24,40.18,962772.7
2015-08-13,43.5,47.19,47.56,42.28,933035.87
2015-08-14,46.24,45.53,48.14,45.5,623679.46
2015-08-17,45.01,44.23,45.4,43.01,394613.87
2015-08-18,44.24,39.81,46.33,39.81,538577.52
2015-08-19,38.21,40.3,41.89,35.83,624116.76
2015-08-20,39.59,36.27,39.59,36.27,403645.37
2015-08-21,35.5,32.64,35.5,32.64,538638.1
2015-08-24,29.41,29.38,30.0,29.38,105271.53
2015-08-25,26.44,26.44,26.44,26.44,126371.0
2015-08-26,23.8,24.95,28.08,23.8,1367627.02
2015-08-27,25.2,24.0,25.91,22.46,1108177.67
2015-08-28,24.7,26.4,26.4,23.81,930581.33
2015-08-31,26.3,24.75,26.5,24.16,801222.4
2015-09-01,24.17,22.28,24.17,22.28,748519.91
2015-09-02,20.2,20.05,23.19,20.05,741070.81
2015-09-07,20.82,22.06,22.06,20.61,828180.69
2015-09-08,21.62,24.27,24.27,21.06,814162.94
2015-09-09,24.3,25.65,26.68,24.3,892274.91
2015-09-10,25.02,25.46,26.33,24.81,566327.81
2015-09-11,25.06,26.47,26.51,24.89,566783.64
2015-09-14,26.74,23.82,26.89,23.82,592158.33
2015-09-15,22.25,21.44,22.8,21.44,602614.49
2015-09-16,21.42,23.58,23.58,21.02,715405.34
2015-09-17,23.8,23.1,24.99,23.1,789240.19
2015-09-18,23.41,23.62,23.99,22.6,457694.12
2015-09-21,22.62,25.98,25.98,22.62,740003.99
2015-09-22,26.0,25.74,26.52,24.99,717703.9
2015-09-23,25.05,25.81,26.41,24.57,614271.61
2015-09-24,25.96,26.46,26.96,25.7,669617.61
2015-09-25,26.0,23.96,26.41,23.81,552931.72
2015-09-28,24.22,25.25,25.58,23.4,362102.86
2015-09-29,24.55,24.3,24.88,23.7,348596.25
2015-09-30,24.5,24.07,24.75,23.8,228904.98
2015-10-08,25.2,25.69,26.32,25.04,437664.14
2015-10-09,25.7,26.41,26.74,25.28,521415.53
2015-10-12,26.85,28.59,29.05,26.64,771771.12
2015-10-13,28.65,29.94,29.94,28.1,690822.64
2015-10-14,29.5,28.74,29.5,28.59,542612.95
2015-10-15,28.45,30.46,30.5,28.18,635183.77
2015-10-16,30.6,30.01,30.93,29.5,642694.84
2015-10-19,30.03,29.3,30.42,28.75,561120.58
2015-10-20,29.08,30.6,31.13,29.05,630015.13
2015-10-21,30.4,28.58,32.1,28.22,895890.27
2015-10-22,29.19,31.44,31.44,28.85,611428.2
2015-10-23,34.57,34.58,34.58,33.71,465490.01
2015-10-26,36.0,34.98,37.47,33.81,1289161.64
2015-10-27,34.3,38.48,38.48,34.28,835435.29
2015-10-28,38.8,36.15,39.63,35.85,963739.71
2015-10-29,36.4,36.01,37.32,35.88,601103.59
2015-10-30,36.2,35.05,36.25,34.38,528864.37
2015-11-02,33.88,33.83,35.42,33.58,391313.0
2015-11-03,34.0,32.6,34.44,32.01,463540.32
2015-11-04,32.89,35.79,35.8,32.88,614648.8
2015-11-05,35.2,34.9,35.97,34.45,542556.72
2015-11-06,34.8,35.79,36.64,34.8,462546.46
2015-11-09,35.33,37.6,38.56,35.33,665907.33
2015-11-10,37.69,36.22,39.24,36.22,681294.12
2015-11-11,36.15,36.98,37.05,35.47,539833.11
2015-11-12,37.6,36.16,37.8,35.86,436089.05
2015-11-13,35.83,35.1,36.16,34.5,418649.12
2015-11-16,34.26,36.0,36.0,34.05,287987.01
2015-11-17,36.49,35.59,37.0,35.5,433979.54
2015-11-18,35.61,33.9,35.84,33.8,373703.22
2015-11-19,34.23,34.8,34.83,33.3,238278.3
2015-11-20,35.18,36.68,37.22,34.54,495749.41
2015-11-23,36.65,35.47,36.94,35.25,314383.24
2015-11-24,35.69,36.08,36.66,35.31,258979.11
2015-11-25,36.15,37.98,38.9,35.8,597625.81
2015-11-26,37.95,36.61,37.95,36.6,420506.78
2015-11-27,36.23,33.51,37.15,33.07,418545.13
2015-11-30,33.15,32.79,34.19,30.5,375420.04
2015-12-01,33.09,33.03,33.6,32.2,207237.05
2015-12-02,33.01,32.09,33.01,30.53,224037.86
2015-12-03,32.0,33.3,33.85,31.99,233681.49
2015-12-04,33.4,32.7,33.67,32.32,184467.04
2015-12-07,33.0,32.46,33.06,32.0,177339.86
2015-12-08,32.21,31.08,32.35,31.0,246896.26
2015-12-09,31.0,31.49,32.3,30.68,205061.65
2015-12-10,31.5,31.99,32.2,31.35,209088.02
2015-12-11,31.9,32.16,32.7,31.5,189769.0
2015-12-14,31.8,31.93,31.97,30.7,245167.16
2015-12-15,31.98,32.31,32.79,31.98,187343.81
2015-12-16,32.54,32.92,33.29,32.01,232441.93
2015-12-17,33.12,33.55,33.82,32.8,268676.39
2015-12-18,33.52,33.07,33.79,32.74,215133.83
2015-12-21,32.97,34.21,34.66,32.8,318078.07
2015-12-22,34.1,34.58,34.7,33.6,209014.7
2015-12-23,34.6,33.6,34.69,33.4,237045.56
2015-12-24,33.2,34.2,34.5,32.68,272775.93
2015-12-25,34.14,33.7,34.59,33.53,145832.74
2015-12-28,33.7,33.36,34.57,33.31,238377.15
2015-12-29,33.45,34.09,34.15,33.26,154474.94
2015-12-30,34.28,34.5,34.59,33.86,185567.59
2015-12-31,34.65,33.49,34.65,33.28,202565.0
2016-01-04,33.9,30.39,34.45,30.3,184982.82
2016-01-05,28.38,28.72,30.89,27.45,371208.88
2016-01-06,28.95,29.18,29.66,28.4,194437.5
2016-01-07,28.6,26.26,28.72,26.26,54924.53
2016-01-08,26.36,25.7,27.0,24.03,288310.12
2016-01-11,25.78,23.13,26.5,23.13,305270.07
2016-01-12,23.3,23.5,24.15,22.51,262972.72
2016-01-13,23.9,24.5,25.85,23.6,462380.66
2016-01-14,23.35,26.95,26.95,23.35,376202.0
2016-01-15,27.0,25.57,27.5,25.15,391363.61
2016-01-18,24.81,26.8,27.54,24.81,329278.81
2016-01-19,26.66,27.25,27.39,25.8,302393.17
2016-01-20,26.7,26.61,27.12,26.3,231125.04
2016-01-21,25.99,24.56,26.98,24.5,219090.97
2016-01-22,25.11,25.1,25.5,24.25,186647.75
2016-01-25,25.51,24.86,25.65,24.51,161752.5
2016-01-26,24.3,22.37,24.67,22.37,256300.48
2016-02-17,24.61,24.61,24.61,24.35,284827.63
2016-02-18,25.1,24.89,25.9,24.71,436880.6
2016-02-19,24.89,25.4,25.59,24.51,265852.59
2016-02-22,25.65,25.65,25.75,25.2,291902.27
2016-02-23,25.65,25.63,25.96,25.03,220170.37
2016-02-24,25.88,25.4,25.98,24.9,181820.05
2016-02-25,25.4,22.86,25.41,22.86,266037.9
2016-02-26,22.85,21.55,23.15,21.0,280680.7
2016-02-29,21.2,19.4,21.53,19.4,269871.49
2016-03-01,19.38,18.99,19.8,17.81,285177.16
2016-03-02,18.98,20.78,20.88,18.88,329618.66
2016-03-03,20.8,20.96,21.65,20.45,271671.44
2016-03-04,20.6,19.5,20.85,19.19,220184.71
2016-03-07,19.83,20.27,20.58,19.74,171791.45
2016-03-08,20.06,20.32,20.34,18.9,195484.74
2016-03-09,19.5,19.8,20.7,19.5,150462.31
2016-03-10,19.88,19.2,20.2,19.15,144894.41
2016-03-11,19.1,19.35,19.43,18.88,104113.31
2016-03-14,20.5,21.29,21.29,20.4,144112.79
2016-03-15,22.0,22.04,23.17,22.0,494558.22
2016-03-16,22.2,21.48,22.73,21.32,262798.48
2016-03-17,21.6,22.53,22.99,21.33,420741.01
2016-03-18,22.54,23.7,23.96,22.32,374474.49
2016-03-21,23.81,24.11,24.74,23.57,396684.52
2016-03-22,23.8,23.92,24.53,23.53,245624.66
2016-03-23,23.7,24.01,24.2,23.5,175742.61
2016-03-24,23.86,24.51,25.27,23.6,338155.15
2016-03-25,24.35,24.31,24.9,23.92,210209.54
2016-03-28,24.5,23.82,24.85,23.73,200704.99
2016-03-29,23.81,23.0,23.98,22.35,206719.26
2016-03-30,23.3,23.78,23.84,23.13,147359.24
2016-03-31,23.86,23.85,24.38,23.68,208455.03
2016-04-01,23.7,23.3,23.88,22.88,211326.1
2016-04-05,23.45,24.18,24.26,23.15,214756.6
2016-04-06,24.0,24.49,24.5,23.82,213260.09
2016-04-07,24.68,23.94,24.83,23.9,207312.27
2016-04-08,23.7,26.15,26.29,23.6,443928.98
2016-04-11,26.0,26.57,27.18,25.99,362237.24
2016-04-12,26.34,26.7,26.9,25.82,244920.83
2016-04-13,26.7,26.86,27.36,26.55,262872.8
2016-04-14,26.86,26.78,26.99,26.13,188963.11
2016-04-15,26.8,26.95,27.5,26.5,187896.08
2016-04-18,26.42,26.08,26.9,25.91,129127.0
2016-04-19,26.25,26.58,26.64,25.92,118414.56
2016-04-20,26.7,25.03,26.84,23.92,288288.52
2016-04-21,24.5,24.63,25.38,24.3,133375.96
2016-04-22,24.16,26.88,26.96,24.16,269973.23
2016-04-25,26.68,26.99,27.49,26.03,221684.19
2016-04-26,26.89,28.6,28.72,26.6,328631.24
2016-04-27,28.48,29.11,30.0,28.31,362062.48
2016-04-28,28.83,29.11,29.55,28.4,223152.16
2016-04-29,29.11,29.08,29.64,28.88,212140.92
2016-05-03,28.81,29.87,30.2,28.81,201779.81
2016-05-04,29.85,29.57,30.44,29.5,201177.2
2016-05-05,29.6,31.22,31.31,29.6,272001.73
2016-05-06,31.22,32.02,32.9,31.01,436384.15
2016-05-09,31.8,30.6,32.34,30.21,352192.66
2016-05-10,30.05,30.7,31.45,30.0,248363.65
2016-05-11,31.0,33.16,33.55,30.73,349154.6
2016-05-12,32.8,33.38,34.03,32.22,295070.81
2016-05-13,33.44,32.8,33.65,32.55,162307.5
2016-05-16,32.8,34.6,34.73,32.66,237614.31
2016-05-17,34.63,36.54,37.5,34.36,359545.59
2016-05-18,36.0,35.65,37.33,34.83,361847.05
2016-05-19,35.4,36.03,37.09,35.2,247593.63
2016-05-20,35.75,35.47,36.03,34.75,225504.94
2016-05-23,35.47,36.65,36.97,35.4,227631.4
2016-05-24,36.7,36.82,37.17,36.15,163771.42
2016-05-25,36.96,35.9,37.3,35.6,185170.95
2016-05-26,35.4,35.1,35.72,34.01,266199.29
2016-05-27,35.29,37.7,38.26,35.04,285024.81
2016-05-30,37.8,39.07,39.3,37.25,254728.6
2016-05-31,39.0,39.6,39.9,38.69,237018.59
2016-06-01,39.8,39.0,41.17,37.8,529696.12
2016-06-02,38.8,39.11,39.59,38.31,152891.3
2016-06-03,39.51,40.91,41.0,39.28,237678.99
2016-06-06,41.3,40.76,41.46,40.15,139862.32
2016-06-07,40.95,40.37,41.13,39.72,146504.84
2016-06-08,40.3,40.63,41.1,39.98,135377.95
2016-06-13,40.92,38.93,41.37,38.5,233226.68
2016-06-14,39.11,39.0,39.5,38.45,110156.2
2016-06-15,38.6,39.96,40.6,38.27,139666.73
2016-06-16,39.72,41.97,42.2,39.7,274082.34
2016-06-17,41.99,41.81,42.43,41.52,146878.17
2016-06-20,42.0,41.8,42.65,41.53,112132.85
2016-06-21,42.04,42.23,42.55,41.68,145617.95
2016-06-22,42.45,41.33,42.46,40.58,146697.22
2016-06-23,41.26,41.04,41.58,40.88,88775.39
2016-06-24,41.17,39.22,41.5,38.21,225212.01
2016-06-27,39.1,40.01,40.77,39.1,148894.42
2016-06-28,39.86,40.94,41.09,39.5,143155.85
2016-06-29,40.94,40.6,41.24,40.4,93643.64
2016-06-30,40.61,40.21,40.79,39.66,141432.93
2016-07-01,40.2,39.52,40.29,39.5,90810.31
2016-07-04,39.39,38.87,39.39,37.9,168821.26
2016-07-05,38.87,39.11,39.57,38.56,149604.26
2016-07-06,39.3,42.84,43.02,38.94,350447.95
2016-07-07,42.85,42.83,43.2,42.54,206919.17
2016-07-08,42.7,43.38,44.79,42.7,193850.9
2016-07-11,43.38,43.24,43.79,42.97,125554.55
2016-07-12,43.18,43.33,43.5,42.62,128809.0
2016-07-13,43.15,43.48,45.78,43.15,236037.2
2016-07-14,42.81,43.93,44.2,42.1,151455.01
2016-07-15,43.99,44.09,44.18,43.6,112177.5
2016-07-18,44.0,43.7,44.6,43.7,94022.76
2016-07-19,43.88,44.19,44.6,43.54,114464.34
2016-07-20,44.25,45.45,45.88,44.01,170038.39
2016-07-21,45.31,45.61,46.69,45.11,162226.7
2016-07-22,45.5,46.18,46.65,45.2,133476.64
2016-07-25,46.5,50.0,50.32,46.23,284217.63
2016-07-26,50.01,50.4,50.49,49.3,176013.52
2016-07-27,50.47,48.81,50.9,48.2,253977.67
2016-07-28,48.88,43.93,49.85,43.93,467465.36
2016-07-29,42.75,44.57,45.77,41.76,383560.18
2016-08-01,44.3,41.1,44.3,40.21,318531.08
2016-08-02,41.1,41.5,42.01,39.5,165584.49
2016-08-03,41.49,42.11,42.58,40.98,136263.47
2016-08-04,42.45,44.34,44.4,41.7,183953.33
2016-08-05,44.16,45.92,46.4,43.94,196860.72
2016-08-08,45.8,45.92,46.98,45.6,154398.88
2016-08-09,46.0,46.5,46.69,45.71,111887.46
2016-08-10,46.4,47.88,48.34,46.21,179620.19
2016-08-11,47.85,46.94,48.13,46.81,114544.24
2016-08-12,46.81,47.47,47.98,46.52,88114.84
2016-08-15,47.8,47.47,47.87,45.65,163342.06
2016-08-16,47.4,48.83,49.18,47.21,160283.95
2016-08-17,48.79,48.83,49.29,48.5,91231.26
2016-08-18,48.8,48.89,49.08,47.86,107125.83
2016-08-19,49.3,48.89,49.98,48.58,90232.73
2016-08-22,48.99,47.5,49.37,47.22,119007.36
2016-08-23,47.06,47.74,48.17,47.06,78714.82
2016-08-24,47.8,47.0,48.18,46.7,102124.24
2016-08-25,47.0,47.28,47.52,46.45,102587.96
2016-08-26,47.28,48.7,49.42,47.28,160588.86
2016-08-29,48.82,50.2,50.98,48.82,217757.71
2016-08-30,50.2,49.27,50.8,49.1,136404.09
2016-08-31,49.56,49.73,50.45,49.3,93603.33
2016-09-01,49.65,49.29,50.13,48.99,63358.16
2016-09-02,49.3,49.13,49.52,48.42,93070.33
2016-09-05,49.13,48.75,49.44,48.51,64144.21
2016-09-06,48.88,49.8,49.96,48.55,93458.71
2016-09-07,49.7,49.38,50.39,49.2,83535.16
2016-09-08,49.4,49.69,49.86,49.02,50651.23
2016-09-09,49.94,49.7,50.13,49.55,62106.8
2016-09-12,48.97,47.39,49.19,47.19,140045.35
2016-09-13,47.7,48.38,48.53,47.18,77574.97
2016-09-14,48.2,48.65,48.97,47.2,56317.76
2016-09-19,48.68,48.8,49.38,48.57,61814.83
2016-09-20,49.01,49.69,50.23,48.91,92773.78
2016-09-21,49.7,49.77,49.98,49.5,42858.96
2016-09-22,49.92,49.05,50.32,48.82,98233.95
2016-09-23,49.3,49.18,49.34,48.87,61826.48
2016-09-26,49.4,48.23,49.41,47.86,70629.57
2016-09-27,48.3,48.27,48.79,46.72,105162.78
2016-09-28,48.63,47.4,48.76,47.21,112168.01
2016-10-17,48.0,49.15,50.9,47.4,184492.2
2016-10-18,48.85,49.25,49.85,48.5,68419.34
2016-10-19,49.33,49.27,49.63,48.67,78312.04
2016-10-20,49.42,48.74,49.45,48.7,41359.53
2016-10-21,48.77,48.5,48.77,47.57,84936.4
2016-10-24,48.53,48.28,48.59,47.88,46594.93
2016-10-25,48.34,48.18,48.47,47.9,54764.97
2016-10-26,48.07,48.5,50.32,48.07,160545.4
2016-10-27,49.32,49.0,49.68,48.66,129446.91
2016-10-28,48.99,49.0,49.63,48.68,51582.16
2016-10-31,48.91,49.6,50.01,48.49,67292.44
2016-11-01,49.9,50.12,51.5,49.47,171144.38
2016-11-02,50.1,51.55,51.55,49.87,142736.05
2016-11-03,51.7,54.31,55.18,51.55,218277.55
2016-11-04,53.99,53.91,55.16,53.73,104158.38
2016-11-07,54.88,54.4,54.88,53.52,105028.67
2016-11-08,54.83,55.82,56.43,54.0,146600.59
2016-11-09,55.98,56.99,57.36,55.45,190996.29
2016-11-10,57.0,58.3,59.0,56.02,156208.59
2016-11-11,58.5,56.6,59.5,55.99,217779.86
2016-11-14,56.06,56.84,57.2,56.05,97796.68
2016-11-15,56.85,56.3,57.5,56.3,88839.16
2016-11-16,56.6,56.8,56.88,55.83,68693.59
2016-11-17,56.8,56.09,57.2,56.0,60425.65
2016-11-18,56.2,56.8,57.21,55.91,92009.52
2016-11-21,56.98,56.84,56.98,56.31,65368.13
2016-11-22,56.76,57.5,58.29,56.63,87207.49
2016-11-23,57.51,57.57,58.6,57.39,60610.09
2016-11-24,57.5,58.82,59.27,57.5,113124.73
2016-11-25,58.84,58.54,59.25,57.79,85729.69
2016-11-28,58.6,58.5,59.06,58.4,99821.96
2016-11-29,58.51,58.19,59.0,57.83,107695.87
2016-11-30,58.19,57.88,58.35,57.33,67171.35
2016-12-01,57.86,57.93,58.19,57.7,32227.03
2016-12-02,57.93,55.7,58.0,55.4,79775.24
2016-12-05,51.2,50.13,54.0,50.13,249884.38
2016-12-06,50.3,51.41,51.9,50.3,133541.86
2016-12-07,51.8,53.9,54.0,51.69,107974.41
2016-12-08,54.0,53.38,54.15,52.51,79720.53
2016-12-09,53.3,53.18,53.88,52.8,54521.68
2016-12-12,53.1,47.86,53.25,47.86,200499.56
2016-12-13,47.75,47.86,47.86,43.09,143452.32
2016-12-14,47.6,47.0,47.99,46.05,63721.68
2016-12-15,46.6,44.5,46.94,43.77,127921.89
2016-12-16,44.84,46.68,46.68,43.06,128129.26
2016-12-19,46.2,46.66,47.58,45.62,88234.53
2016-12-20,46.6,46.38,47.0,44.8,65046.57
2016-12-21,46.38,46.21,47.28,46.1,67009.42
2016-12-22,46.8,46.1,46.96,45.72,55597.28
2016-12-23,46.1,44.74,46.11,44.47,88115.45
2016-12-26,43.7,41.98,43.7,40.27,235479.21
2016-12-27,41.7,41.86,43.02,41.5,71966.51
2016-12-28,41.9,42.44,43.29,41.7,77066.77
2016-12-29,42.52,41.9,43.0,41.77,63246.11
2016-12-30,42.15,42.05,42.3,39.71,120619.64
2017-01-03,42.26,42.1,42.49,41.5,54375.87
2017-01-04,42.1,43.22,43.27,41.83,73133.69
2017-01-05,43.31,44.35,44.73,42.99,82721.83
2017-01-06,44.37,44.08,44.89,43.88,58728.12
2017-01-09,44.0,46.18,46.18,43.55,71550.3
2017-01-10,46.25,48.2,48.52,45.53,127167.19
2017-01-11,48.2,47.2,48.4,46.91,75632.96
2017-01-12,47.2,47.19,47.65,46.88,45309.33
2017-01-13,47.28,48.46,50.08,46.32,86433.94
2017-01-16,48.3,45.9,48.6,43.66,111878.01
2017-01-17,45.85,45.82,46.35,44.88,58138.8
2017-01-18,46.06,45.14,46.12,45.03,37512.79
2017-01-19,45.34,44.7,45.34,43.8,54226.89
2017-01-20,44.51,44.9,45.77,44.4,42801.34
2017-01-23,44.8,44.94,45.22,44.66,46612.93
2017-01-24,45.0,44.97,45.88,44.82,47096.85
2017-01-25,45.45,44.85,45.5,44.61,46365.86
2017-01-26,44.98,44.74,45.31,44.2,32269.65
2017-02-03,44.74,42.99,44.98,42.88,47615.36
2017-02-06,42.9,43.07,43.18,40.01,96307.56
2017-02-07,42.41,43.56,44.13,42.2,57829.41
2017-02-08,43.88,43.58,43.9,42.92,32370.24
2017-02-09,43.58,43.73,43.99,43.28,44643.55
2017-02-10,43.86,43.5,43.93,43.22,35162.87
2017-02-13,43.5,43.09,43.71,42.6,40713.64
2017-02-14,42.99,42.5,43.17,41.9,59290.39
2017-02-15,42.81,41.68,42.9,41.49,76170.83
2017-02-16,41.85,43.98,44.12,41.81,129573.81
2017-02-17,47.0,44.05,47.0,43.04,107822.56
2017-02-20,44.0,44.0,44.4,43.51,56606.73
2017-02-21,44.25,43.93,44.31,43.7,49400.11
2017-02-22,43.93,43.4,44.1,43.0,49456.54
2017-02-23,43.44,42.6,43.89,42.57,57145.63
2017-02-24,42.76,42.8,43.16,42.3,41857.23
2017-02-27,42.9,42.86,43.5,42.69,44106.68
2017-02-28,42.86,42.6,43.62,42.41,57751.13
2017-03-01,42.6,42.51,43.04,40.0,56110.97
2017-03-02,42.61,42.0,42.76,41.82,50972.32
2017-03-03,42.0,41.99,42.29,41.77,36286.21
2017-03-06,41.73,42.01,42.26,41.73,41001.68
2017-03-07,42.13,42.34,42.99,41.96,54970.02
2017-03-08,42.37,42.1,42.61,42.0,34951.29
2017-03-09,42.1,41.95,42.28,41.95,29767.8
2017-03-10,41.82,41.98,42.1,41.74,26857.48
2017-03-13,42.17,41.78,42.17,41.0,43000.17
2017-03-14,41.93,41.58,41.93,40.9,65067.93
2017-03-15,41.12,41.33,41.59,41.11,33986.37
2017-03-16,41.33,41.35,41.58,40.8,46791.3
2017-03-17,41.28,41.0,41.42,40.66,56486.59
2017-03-20,40.91,36.9,40.91,36.9,209648.97
2017-03-21,34.95,34.08,34.95,33.21,586500.73
2017-03-22,33.18,34.55,34.84,32.4,246511.62
2017-03-23,34.1,34.7,35.2,34.1,156899.22
2017-03-24,34.72,32.51,34.78,32.45,247002.23
2017-03-27,33.0,33.34,33.75,32.88,184130.69
2017-03-28,33.38,33.75,34.0,33.25,117880.45
2017-03-29,33.9,34.73,34.93,33.77,144047.69
2017-03-30,34.5,34.26,34.73,34.13,98363.17
2017-03-31,34.37,34.19,34.49,33.86,62683.41
2017-04-05,34.19,35.97,36.29,34.01,130828.64
2017-04-06,35.83,36.25,36.84,35.83,117136.8
2017-04-07,36.7,36.09,36.7,35.92,83672.75
2017-04-10,36.0,35.69,36.45,35.2,75677.48
2017-04-11,35.5,34.0,35.69,33.0,133136.62
2017-04-12,34.19,31.7,34.23,30.6,273990.41
2017-04-13,31.29,32.33,32.58,30.6,144965.57
2017-04-14,31.9,34.88,34.88,31.83,213656.73
2017-04-17,34.65,34.79,35.65,33.28,153276.0
2017-04-18,34.6,34.38,35.11,34.06,81523.67
2017-04-19,34.23,34.58,35.08,33.6,93208.04
2017-04-20,34.59,35.0,35.56,34.59,97646.35
2017-04-21,35.4,34.65,35.42,33.88,122994.42
2017-04-24,34.5,34.1,34.7,32.3,73707.61
2017-04-25,34.1,33.94,34.6,33.41,73088.8
2017-04-26,33.97,32.1,34.0,32.1,102226.43
2017-04-27,31.99,32.29,33.09,30.66,120526.19
2017-04-28,32.26,32.9,33.48,32.14,73141.64
2017-05-02,32.98,32.08,33.0,31.9,54260.57
2017-05-03,31.98,32.72,32.75,31.98,65702.05
2017-05-04,32.7,32.2,32.94,32.18,57736.23
2017-05-05,31.88,31.77,32.59,31.68,61505.6
2017-05-08,31.78,30.78,32.16,30.78,70407.16
2017-05-09,30.31,27.7,30.31,27.7,128184.62
2017-05-10,24.93,24.93,26.28,24.93,366143.27
2017-12-04,27.42,27.42,27.42,27.42,11087.56
2017-12-05,30.16,30.16,30.16,30.16,16436.28
2017-12-06,33.18,30.7,33.18,30.16,703642.13
2017-12-07,31.0,33.77,33.77,30.74,242836.75
2017-12-08,34.93,37.15,37.15,34.28,208090.32
2017-12-11,39.0,39.42,40.2,37.9,386217.71
2017-12-12,39.95,37.95,39.95,37.86,313020.41
2017-12-13,37.6,40.68,41.5,37.6,303061.98
2017-12-14,39.47,40.17,42.06,39.47,298505.55
2017-12-15,40.95,40.09,41.95,39.56,191749.05
2017-12-18,39.87,39.97,40.88,38.53,190318.84
2017-12-19,39.98,40.08,40.45,39.51,121374.51
2017-12-20,40.2,40.53,41.66,39.57,185987.01
2017-12-21,40.19,42.35,42.5,40.0,251655.42
2017-12-22,42.3,44.79,46.15,42.27,343598.69
2017-12-25,45.25,44.99,45.89,44.31,197651.38
2017-12-26,45.0,44.86,45.67,44.6,160077.0
2017-12-27,44.62,45.23,46.29,44.62,185378.48
2017-12-28,45.06,41.4,45.49,40.71,321752.71
2017-12-29,42.68,43.16,43.48,41.8,185790.32
2018-01-02,44.05,42.72,44.5,42.51,127933.28
2018-01-03,43.0,43.0,43.42,41.03,131667.93
2018-01-04,43.13,43.69,44.6,42.63,126893.37
2018-01-05,43.8,42.83,43.96,42.4,94516.9
2018-01-08,42.95,42.03,43.15,41.9,108084.23
2018-01-09,41.5,41.02,42.28,40.5,113957.39
2018-01-10,40.82,42.58,43.18,40.75,152916.07
2018-01-11,42.84,42.36,43.5,42.3,90996.08
2018-01-12,42.18,43.16,43.59,42.04,127486.36
2018-01-15,43.0,41.91,43.16,41.82,100475.38
2018-01-16,41.9,42.0,43.15,41.8,78911.14
2018-01-17,42.3,42.44,42.44,40.59,76680.58
2018-01-18,42.2,41.68,42.54,41.65,67342.65
2018-01-19,41.7,41.0,42.15,40.88,74005.4
2018-01-22,40.8,39.6,40.97,39.33,112087.57
2018-01-23,39.6,40.15,40.45,39.6,74153.66
2018-01-24,40.24,42.84,43.28,39.71,170906.67
2018-01-25,42.84,42.5,43.45,42.11,94480.02
2018-01-26,42.5,42.24,42.79,41.93,56226.7
2018-01-29,42.2,40.88,42.5,40.85,56336.11
2018-01-30,40.83,40.98,41.44,40.39,47461.05
2018-01-31,40.5,39.48,40.99,39.2,89527.07
2018-02-01,39.5,35.53,39.89,35.53,217338.1
2018-02-02,34.98,33.24,35.38,33.03,209073.33
2018-02-05,32.22,29.92,32.8,29.92,289569.46
2018-02-22,30.04,31.3,32.91,29.8,222304.41
2018-02-23,30.98,28.91,31.9,28.28,257319.06
2018-02-26,29.3,31.8,31.8,29.3,186304.9
2018-02-27,32.22,34.95,34.98,31.86,311067.45
2018-02-28,34.65,35.9,36.74,34.39,210405.34
2018-03-06,39.3,39.49,39.49,38.53,84415.26
2018-03-07,42.0,41.04,42.29,40.42,282246.86
2018-03-08,41.0,41.06,41.48,40.3,126410.87
2018-03-09,40.81,40.96,41.19,40.6,90145.7
2018-03-12,41.06,42.18,42.3,40.89,165521.65
2018-03-13,41.98,41.69,42.28,41.2,120439.88
2018-03-14,41.54,41.67,42.88,41.3,133060.76
2018-03-15,41.0,39.05,41.78,38.38,197058.54
2018-03-16,39.4,39.77,40.75,39.4,106222.34
2018-03-19,39.78,40.2,41.2,39.67,112859.46
2018-03-20,39.8,40.05,40.41,39.01,79880.83
2018-03-21,40.11,40.89,41.75,40.11,150447.98
2018-03-22,40.6,40.44,41.7,40.18,113875.45
2018-03-23,39.19,38.24,39.96,37.0,180809.47
2018-03-26,37.09,38.97,39.14,36.88,138346.21
2018-03-27,39.59,40.08,40.78,39.51,145316.03
2018-03-28,39.8,40.31,40.5,39.66,90461.72
2018-03-29,40.4,39.69,40.85,38.84,136234.5
2018-03-30,39.79,39.45,39.9,38.9,86660.28
2018-04-02,39.47,43.4,43.4,39.47,339881.4
2018-04-03,43.5,42.58,44.33,41.68,241652.3
2018-04-04,42.69,42.31,43.31,41.8,143992.8
2018-04-09,42.65,42.96,43.64,42.63,168170.1
2018-04-10,42.82,42.08,42.99,41.47,129752.22
2018-04-11,42.25,42.01,42.62,41.45,92476.99
2018-04-12,41.83,41.5,41.99,41.0,83380.9
2018-04-13,42.26,42.37,42.64,41.73,113192.53
2018-04-16,44.0,44.11,46.59,43.5,421986.55
2018-04-17,43.07,41.63,43.5,41.33,252044.86
2018-04-18,41.96,40.29,41.99,38.62,195123.85
2018-04-19,39.93,40.58,41.48,39.93,125244.47
2018-04-20,40.02,39.21,40.87,39.0,105495.71
2018-04-23,38.79,37.65,39.4,36.68,188405.77
2018-04-24,39.2,38.39,39.6,38.0,123708.16
2018-04-25,38.01,40.88,41.53,37.75,201593.96
2018-04-26,40.5,40.19,40.99,39.9,106828.05
2018-04-27,40.49,40.0,40.77,39.8,75110.45
2018-05-02,39.91,39.89,41.44,39.8,85093.1
2018-05-03,40.01,40.49,40.71,38.9,98450.63
2018-05-04,40.41,40.1,40.8,39.88,47126.76
2018-05-07,39.72,40.1,40.2,39.0,77578.2
2018-05-08,40.11,40.96,41.18,40.0,105615.38
2018-05-09,40.75,41.5,42.15,40.75,112367.67
2018-05-10,41.52,41.65,42.09,41.05,75398.26
2018-05-11,41.65,41.1,41.98,41.08,64148.0
2018-05-14,41.01,41.49,41.6,40.9,70003.03
2018-05-15,41.49,41.73,41.88,41.2,69111.5
2018-05-16,41.69,41.45,41.9,41.45,49195.25
2018-05-17,41.8,41.5,42.9,41.47,148040.52
2018-05-18,41.5,41.74,41.8,41.21,62733.06
2018-05-21,41.73,41.99,42.22,41.4,80833.95
2018-05-22,41.79,41.99,42.24,41.47,73658.68
2018-05-23,41.95,41.88,42.23,41.71,68247.72
2018-05-24,42.3,42.98,43.38,42.04,152744.83
2018-05-25,43.22,40.13,43.46,39.0,254634.25
2018-05-28,40.13,39.54,40.32,38.2,96471.01
2018-05-29,39.3,38.64,40.35,38.64,83300.74
2018-05-30,38.0,38.08,38.91,37.41,87350.65
2018-05-31,38.55,37.48,38.79,36.73,108750.92
2018-06-01,37.48,35.7,37.7,34.87,125508.74
2018-06-04,35.7,36.09,36.44,32.49,134087.37
2018-06-05,36.01,38.13,38.6,35.64,116815.86
2018-06-06,38.0,38.1,38.38,37.58,51458.87
2018-06-07,38.07,38.81,39.3,37.9,68657.24
2018-06-08,38.79,37.85,38.93,36.84,102771.62
2018-06-11,38.0,36.76,38.16,36.44,83095.66
2018-06-12,36.5,38.38,38.6,36.5,90073.5
2018-06-13,37.7,37.7,38.55,37.3,67900.11
2018-06-14,37.68,37.24,37.94,37.13,53666.67
2018-06-15,37.18,35.01,37.56,34.5,111070.66
2018-06-19,33.9,31.51,35.5,31.51,156401.37
2018-06-20,31.3,30.92,31.4,29.0,223916.6
2018-06-21,30.9,30.17,32.5,29.8,165770.09
2018-06-22,30.16,30.77,31.07,29.61,72709.51
2018-06-25,31.1,30.76,31.55,30.28,71017.0
2018-06-26,30.1,30.8,31.1,29.4,73104.03
2018-06-27,31.09,30.18,31.26,29.8,68348.94
2018-06-28,30.26,28.89,30.64,28.89,69957.47
2018-06-29,30.9,31.78,31.78,30.12,158498.61
2018-07-02,31.88,31.26,32.38,30.88,108763.98
2018-07-03,30.89,31.51,31.89,30.83,103882.14
2018-07-04,31.92,30.94,31.92,30.9,54433.66
2018-07-05,30.9,29.74,30.93,29.57,70168.26
2018-07-06,29.74,29.86,30.42,29.1,62174.98
2018-07-09,30.22,30.52,30.8,29.95,52064.41
2018-07-10,31.0,30.4,31.0,29.98,47408.4
2018-07-11,30.0,27.36,30.01,27.36,195755.07
2018-07-12,27.3,30.1,30.1,27.29,161201.63
2018-07-13,30.45,30.99,31.68,30.13,183686.03
2018-07-16,31.0,30.93,31.15,30.44,85386.45
2018-07-17,31.05,30.81,31.05,30.52,67856.37
2018-07-18,30.62,30.56,30.97,30.0,71806.49
2018-07-19,30.4,29.3,30.58,29.25,72476.77
2018-07-20,29.1,30.23,30.23,29.1,72134.33
2018-07-23,30.74,29.77,30.74,29.46,75253.83
2018-07-24,29.62,30.4,30.8,29.49,80316.4
2018-07-25,30.41,30.28,30.5,30.08,43866.41
2018-07-26,30.3,30.11,30.37,30.01,45163.77
2018-07-27,30.2,29.41,30.2,28.88,70937.0
2018-07-30,29.24,28.39,29.38,28.36,54694.1
2018-07-31,28.6,28.01,28.95,27.85,57998.24
2018-08-01,28.19,27.49,28.39,27.44,60733.21
2018-08-02,27.03,25.7,27.16,24.74,167056.54
2018-08-03,25.5,25.41,25.82,25.04,65404.92
2018-08-06,25.43,22.87,25.43,22.87,194289.29
2018-08-07,22.87,24.0,24.95,20.58,376572.39
2018-08-08,23.46,22.5,23.46,22.04,188249.09
2018-08-09,22.18,22.49,23.44,22.18,129431.65
2018-08-10,22.68,23.32,23.38,22.33,121022.12
2018-08-13,22.75,23.0,23.25,22.39,79290.15
2018-08-14,23.0,22.64,23.15,22.15,107015.85
2018-08-15,22.85,22.5,23.18,22.01,102330.51
2018-08-16,22.09,20.25,22.17,20.25,179874.16
2018-08-17,20.23,18.49,20.63,18.25,340311.67
2018-08-20,18.61,18.13,18.75,17.0,198842.66
2018-08-21,18.45,18.45,18.83,18.18,135091.46
2018-08-22,18.65,18.49,18.95,18.34,111534.36
2018-08-23,18.49,18.48,18.75,18.31,80758.61
2018-08-24,18.44,18.4,18.71,18.2,80410.39
2018-08-27,18.75,19.62,20.24,18.65,205334.85
2018-08-28,19.79,20.18,20.5,19.29,161124.2
2018-08-29,20.67,20.05,20.88,19.9,119632.12
2018-08-30,20.1,20.19,20.45,19.9,78391.43
2018-08-31,19.81,19.77,20.03,19.36,80376.62
2018-09-03,19.47,19.19,19.67,18.9,79229.56
2018-09-04,19.19,20.38,20.49,19.18,148399.18
2018-09-05,20.45,20.99,21.69,20.2,178924.65
2018-09-06,21.0,20.96,21.32,20.75,123691.23
2018-09-07,21.14,20.7,21.38,20.57,88123.48
2018-09-10,20.66,20.13,20.89,19.92,78689.26
2018-09-11,20.23,20.8,21.13,20.1,88118.58
2018-09-12,20.86,20.85,21.17,20.44,80645.79
2018-09-13,21.1,20.7,21.28,20.31,61311.3
2018-09-14,20.8,20.3,20.85,20.2,60787.08
2018-09-17,19.9,19.76,20.3,19.51,60748.08
2018-09-18,19.81,19.99,20.09,19.64,53341.25
2018-09-19,20.08,20.4,20.61,19.9,81035.42
2018-09-20,20.39,19.51,20.65,19.47,98785.98
2018-09-21,19.7,21.22,21.46,19.26,202353.21
2018-09-25,20.9,20.65,21.09,20.38,142313.75
2018-09-26,20.69,20.45,20.8,20.27,110863.0
2018-09-27,20.55,19.9,20.71,19.8,90949.69
2018-09-28,19.95,20.08,20.46,19.8,77283.44
2018-10-08,19.9,18.07,19.9,18.07,182284.9
2018-10-09,18.29,18.08,18.52,17.93,84148.12
2018-10-10,18.21,18.02,18.37,17.52,67601.81
2018-10-11,16.68,16.22,17.23,16.22,128276.49
2018-10-12,15.52,14.6,15.85,14.6,318697.96
2018-10-15,13.6,13.21,14.66,13.14,364952.34
2018-10-16,13.43,13.62,14.11,13.28,260893.5
2018-10-17,13.89,13.74,14.09,13.23,180423.11
2018-10-18,14.04,13.56,14.11,13.5,170716.11
2018-10-19,13.0,14.11,14.31,12.64,192578.71
2018-10-22,14.35,14.99,15.4,14.3,198799.67
2018-10-23,14.95,14.5,15.12,14.35,156310.63
2018-10-24,14.36,14.69,15.11,14.36,135974.5
2018-10-25,14.07,14.31,14.38,13.55,166031.83
2018-10-26,14.48,14.07,14.57,14.0,90828.04
2018-10-29,14.1,13.98,14.33,13.8,93722.17
2018-10-30,14.0,14.09,14.34,13.59,93707.9
2018-10-31,14.26,14.47,14.8,14.23,122471.68
2018-11-01,14.8,14.68,15.19,14.57,143816.1
2018-11-02,15.0,15.23,15.34,14.76,167178.0
2018-11-05,15.15,14.86,15.17,14.61,165970.25
2018-11-06,14.94,14.75,14.98,14.36,95926.32
2018-11-07,14.75,14.68,15.04,14.66,111261.85
2018-11-08,14.79,14.42,14.9,14.4,92577.18
2018-11-09,14.34,14.11,14.55,14.1,86433.14
2018-11-12,14.26,15.52,15.52,14.17,263481.87
2018-11-13,15.77,16.1,16.76,15.61,411628.37
2018-11-14,16.27,15.9,16.44,15.8,208806.37
2018-11-15,16.09,16.24,16.61,15.9,204012.12
2018-11-16,16.51,16.51,16.68,16.22,170866.4
2018-11-19,16.44,17.36,17.79,16.19,235663.86
2018-11-20,17.05,17.72,18.31,17.05,290687.69
2018-11-21,17.3,17.42,17.9,17.21,186397.42
2018-11-22,17.52,18.59,18.64,17.36,270210.74
2018-11-23,18.4,18.58,19.35,18.3,360508.15
2018-11-26,18.75,17.8,19.02,17.33,231175.2
2018-11-27,18.08,19.07,19.23,17.66,267913.62
2018-11-28,18.96,19.3,19.46,18.75,210436.79
2018-11-29,19.35,18.59,19.46,18.53,192273.95
2018-11-30,18.31,18.5,18.86,18.31,115417.95
2018-12-03,18.95,18.53,19.36,18.5,202485.27
2018-12-04,18.39,18.86,19.26,18.21,154883.12
2018-12-05,18.44,18.65,18.8,18.4,130759.19
2018-12-06,18.51,17.58,18.65,17.11,216639.2
2018-12-07,17.75,18.92,19.18,17.7,281865.09
2018-12-10,19.17,18.91,19.88,18.76,229534.98
2018-12-11,19.15,18.72,19.31,18.69,128146.61
2018-12-12,18.83,18.62,19.1,18.6,111495.68
2018-12-13,18.73,19.11,19.23,18.5,169994.73
2018-12-14,19.1,18.72,19.41,18.48,155240.86
2018-12-17,18.49,18.14,18.61,17.71,131380.76
2018-12-18,18.0,17.62,18.15,17.21,119820.0
2018-12-19,17.62,17.57,18.19,17.4,92861.1
2018-12-20,17.58,17.57,17.8,17.21,97079.96
2018-12-21,17.99,17.6,18.49,17.5,138165.0
2018-12-24,17.4,16.99,17.75,16.79,148748.3
2018-12-25,16.72,16.3,16.72,15.65,171789.41
2018-12-26,16.34,16.06,16.62,16.03,95016.02
2018-12-27,16.45,15.74,16.54,15.52,135248.14
2018-12-28,15.98,15.88,16.16,15.53,125443.88
2019-01-02,15.91,15.5,16.08,15.15,100223.7
2019-01-03,15.57,15.07,15.88,15.03,98141.15
2019-01-04,14.95,15.79,15.81,14.7,140907.45
2019-01-07,15.93,16.04,16.29,15.8,148126.31
2019-01-08,16.19,15.94,16.19,15.72,91100.18
2019-01-09,16.0,15.88,16.32,15.8,91494.53
2019-01-10,15.84,15.5,15.97,15.42,98175.39
2019-01-11,15.54,15.9,16.05,15.54,93772.99
2019-01-14,15.9,15.45,16.01,15.38,88982.0
2019-01-15,15.57,15.79,15.84,15.39,101579.71
2019-01-16,15.87,15.65,15.92,15.53,73408.25
2019-01-17,15.63,15.22,15.63,15.17,95388.53
2019-01-18,15.29,15.51,15.63,15.15,80535.48
2019-01-21,15.43,15.7,15.91,15.35,103973.48
2019-01-22,15.76,15.2,15.76,14.94,115642.25
2019-01-23,15.0,15.23,15.31,15.0,54375.3
2019-01-24,15.19,15.17,15.45,15.04,62189.55
2019-01-25,15.18,14.71,15.25,14.7,101232.54
2019-01-28,14.69,15.68,16.18,14.69,239861.55
2019-01-29,15.7,15.29,15.88,15.08,125312.86
2019-01-30,15.21,13.76,15.33,13.76,208469.37
2019-01-31,13.87,13.84,14.46,13.71,146454.51
2019-02-01,14.0,14.3,14.32,14.0,85047.13
2019-02-11,14.26,14.63,14.77,14.26,79235.73
2019-02-12,14.7,15.18,15.42,14.66,118868.64
2019-02-13,15.18,15.67,15.88,15.1,160323.82
2019-02-14,15.69,15.72,15.85,15.47,91227.9
2019-02-15,15.65,15.84,16.28,15.56,127874.76
2019-02-18,15.94,16.38,16.48,15.83,162341.55
2019-02-19,16.38,16.59,17.07,16.22,197249.41
2019-02-20,16.52,16.52,16.78,16.2,125124.21
2019-02-21,16.53,17.25,17.25,16.49,204245.32
2019-02-22,17.25,18.55,18.9,17.11,287549.42
2019-02-25,18.55,19.75,20.1,18.44,359757.03
2019-02-26,20.4,19.58,20.4,18.96,341282.06
2019-02-27,19.44,20.55,21.26,19.44,309442.04
2019-02-28,20.57,20.26,20.88,20.08,162548.41
2019-03-01,20.2,19.93,20.48,19.32,231739.3
2019-03-04,20.39,21.32,21.9,20.09,415543.52
2019-03-05,21.15,21.28,21.88,20.88,277389.49
2019-03-06,21.28,21.28,21.72,20.88,281105.67
2019-03-07,21.31,20.94,21.31,20.2,307836.41
2019-03-08,20.26,18.95,20.26,18.95,372100.61
2019-03-11,18.61,20.38,20.45,18.61,327738.22
2019-03-12,20.5,20.26,21.36,19.93,366189.56
2019-03-13,20.26,20.44,21.14,20.21,317530.16
2019-03-14,20.44,19.78,20.9,19.38,241316.71
2019-03-15,19.9,20.36,21.03,19.9,252336.6
2019-03-18,20.86,21.0,21.07,19.78,280215.59
2019-03-19,20.9,23.1,23.1,20.63,428419.38
2019-03-20,25.41,25.41,25.41,25.41,209097.32
2019-03-21,27.95,27.95,27.95,27.95,26980.21
2019-04-08,30.75,30.75,30.75,30.75,9868.41
2019-04-09,33.0,28.28,33.0,27.68,891806.47
2019-04-10,27.02,29.01,30.5,27.0,565657.03
2019-04-11,28.75,26.11,28.76,26.11,495331.99
2019-04-12,25.8,24.95,26.58,24.75,352977.4
2019-04-15,25.17,24.6,25.65,24.55,271579.05
2019-04-16,24.4,25.28,25.33,24.35,191403.7
2019-04-17,25.2,25.01,25.73,24.57,213287.32
2019-04-18,25.0,24.87,25.29,24.83,141729.46
2019-04-19,24.73,25.03,25.67,24.31,209718.92
2019-04-22,24.85,24.6,25.2,24.6,156695.51
2019-04-23,24.4,24.0,24.57,23.19,217657.17
2019-04-24,23.92,24.73,24.92,23.92,164650.5
2019-04-25,25.19,23.19,25.19,22.88,233711.03
2019-04-26,22.98,22.54,23.33,22.3,191824.57
2019-04-29,22.3,21.9,23.05,21.3,195727.98
2019-04-30,22.04,22.21,22.49,21.78,113330.01
2019-05-06,20.91,19.99,21.56,19.99,222438.6
2019-05-07,20.21,19.97,20.45,19.63,143585.6
2019-05-08,19.55,19.91,20.3,19.22,145506.25
2019-05-09,19.92,19.71,20.37,19.66,134868.86
2019-05-10,20.1,20.77,20.95,19.23,225021.18
2019-05-13,20.65,20.48,21.35,20.3,180591.53
2019-05-14,20.1,20.1,20.8,20.0,128884.76
2019-05-15,20.4,20.42,20.61,20.06,129542.24
2019-05-16,20.53,20.18,20.55,20.01,120883.6
2019-05-17,20.33,18.5,20.33,18.37,220603.41
2019-05-20,18.56,19.1,19.44,18.29,161531.62
2019-05-21,19.22,19.63,19.77,19.11,120082.49
2019-05-22,19.7,19.21,19.78,19.01,111329.81
2019-05-23,19.17,18.72,19.58,18.6,126120.64
2019-05-24,18.66,18.73,19.09,18.53,72972.42
2019-05-27,18.86,19.3,19.32,18.51,147295.27
2019-05-28,19.29,19.08,19.5,18.93,111181.36
2019-05-29,18.95,18.87,19.19,18.7,74828.73
2019-05-30,18.89,17.77,18.89,17.23,235645.22
2019-05-31,17.9,18.23,18.46,17.79,167966.61
2019-06-03,18.29,17.67,18.46,17.56,113234.42
2019-06-04,17.8,18.22,19.35,17.68,220634.91
2019-06-05,18.55,18.38,18.99,18.12,140357.97
2019-06-06,18.33,17.83,18.48,17.41,99389.21
2019-06-10,17.84,17.48,18.08,17.25,121017.37
2019-06-11,17.5,18.1,18.34,17.11,155032.33
2019-06-12,18.13,17.6,18.38,17.53,127454.89
2019-06-13,17.5,17.85,18.05,17.43,110060.72
2019-06-14,17.9,17.03,17.91,16.81,203253.27
2019-06-17,17.01,16.9,17.28,16.78,79878.36
2019-06-18,16.91,16.89,17.23,16.65,86121.04
2019-06-19,17.3,17.09,17.5,17.05,101176.99
2019-06-20,17.08,17.59,17.89,17.01,131057.82
2019-06-21,17.81,18.17,18.31,17.72,169736.1
2019-06-24,18.14,18.07,18.27,17.85,108908.88
2019-06-25,18.05,17.41,18.1,17.22,119517.69
2019-06-26,17.48,17.47,17.8,17.34,75694.37
2019-06-27,17.68,17.4,17.85,17.27,103561.76
2019-06-28,17.69,17.16,17.8,16.83,108721.31
2019-07-01,17.42,17.92,18.14,17.26,187359.6
2019-07-02,17.85,17.78,18.05,17.6,121950.0
2019-07-03,17.78,17.37,17.87,17.25,105096.06
2019-07-04,17.49,17.01,17.52,16.89,108050.71
2019-07-05,17.08,17.09,17.17,16.87,63199.93
2019-07-08,16.92,16.08,16.99,15.94,148012.0
2019-07-09,16.07,16.14,16.28,15.82,72042.5
2019-07-10,16.14,15.55,16.24,15.2,124345.57
2019-07-11,15.67,17.11,17.11,15.67,307735.46
2019-07-12,17.11,16.78,17.48,16.74,259534.87
2019-07-15,16.78,16.94,17.11,16.3,159799.76
2019-07-16,17.07,17.14,17.77,17.05,201396.77
2019-07-17,16.86,16.77,17.15,16.61,113140.98
2019-07-18,16.64,16.15,16.65,16.13,132437.49
2019-07-19,16.33,16.0,16.52,15.91,96280.6
2019-07-22,16.0,15.39,16.14,15.22,106572.94
2019-07-23,15.36,15.57,15.75,15.36,76572.75
2019-07-24,15.6,15.79,16.1,15.52,98297.83
2019-07-25,15.8,16.18,16.36,15.71,106234.38
2019-07-26,16.1,16.86,17.38,16.07,191991.46
2019-07-29,16.83,16.72,17.12,16.6,115836.08
2019-07-30,16.72,16.56,17.05,16.56,88794.42
2019-07-31,16.52,16.5,16.75,16.41,63841.58
2019-08-01,16.34,16.31,16.6,16.21,62961.0
2019-08-02,15.88,16.0,16.1,15.62,98331.64
2019-08-05,15.96,15.42,15.96,15.36,146456.98
2019-08-06,14.95,14.31,14.95,13.95,205146.49
2019-08-07,14.48,14.69,15.11,14.48,134394.33
2019-08-08,14.9,15.0,15.26,14.79,99632.9
2019-08-09,15.08,14.77,15.33,14.74,106475.14
2019-08-12,14.87,14.97,15.05,14.55,78158.34
2019-08-13,14.82,14.64,14.93,14.56,67839.98
2019-08-14,14.99,14.66,15.15,14.63,80773.15
2019-08-15,14.13,14.92,15.07,14.03,118122.49
2019-08-16,15.03,14.79,15.03,14.79,79918.55
2019-08-19,14.93,15.42,15.55,14.9,154628.47
2019-08-20,15.44,15.33,16.06,15.21,198881.82
2019-08-21,15.3,15.16,15.65,14.95,165306.72
2019-08-22,15.16,15.23,15.31,14.94,99209.15
2019-08-23,15.23,15.1,15.5,15.08,104593.82
2019-08-26,14.78,15.19,15.43,14.61,134253.12
2019-08-27,15.27,15.49,15.64,15.2,129141.34
2019-08-28,15.47,15.22,15.53,15.21,90715.45
2019-08-29,15.33,15.96,16.48,15.19,282539.61
2019-08-30,16.08,15.66,16.27,15.51,183492.28
2019-09-02,15.58,15.9,16.05,15.42,129104.06
2019-09-03,15.92,16.76,17.01,15.84,233900.41
2019-09-04,16.6,16.56,16.79,16.35,130027.72
2019-09-05,16.75,17.06,17.44,16.65,225718.39
2019-09-06,17.05,17.27,17.45,16.8,158526.57
2019-09-09,17.31,18.46,18.46,17.06,313570.22
2019-09-10,18.48,18.8,19.4,18.3,311841.76
2019-09-11,18.68,18.98,19.28,18.43,221892.83
2019-09-12,19.08,20.2,20.67,19.08,438531.88
2019-09-16,20.1,20.29,20.39,19.63,261574.11
2019-09-17,20.1,18.71,20.2,18.5,353835.61
2019-09-18,18.95,18.79,19.35,18.54,184027.16
2019-09-19,19.1,20.17,20.45,18.85,381716.94
2019-09-20,20.12,20.23,20.8,19.78,286904.97
2019-09-23,20.08,19.33,20.08,18.99,243692.69
2019-09-24,19.56,19.12,19.61,18.88,206499.51
2019-09-25,18.88,18.15,19.09,18.15,218968.84
2019-09-26,18.44,17.23,18.44,17.0,238248.29
2019-09-27,17.25,17.72,18.05,17.25,172393.81
2019-09-30,18.16,17.54,18.4,17.54,139531.19
2019-10-08,16.7,17.33,17.98,16.7,175957.79
2019-10-09,17.35,17.25,17.69,16.91,103272.43
2019-10-10,17.36,17.19,17.43,16.92,92712.09
2019-10-11,17.2,16.93,17.25,16.66,106095.06
2019-10-14,17.19,17.48,17.75,16.94,151070.14
2019-10-15,17.36,17.4,17.71,17.21,135744.32
2019-10-16,17.49,16.99,17.56,16.95,99169.14
2019-10-17,17.08,17.04,17.15,16.68,50273.99
2019-10-18,17.05,16.97,17.38,16.88,74272.24
2019-10-21,16.82,16.68,16.88,15.88,111583.6
2019-10-22,16.68,17.05,17.15,16.5,69423.06
2019-10-23,17.05,16.57,17.12,16.44,76663.36
2019-10-24,16.71,16.3,16.76,16.19,55939.16
2019-10-25,16.36,16.44,16.6,16.27,52785.21
2019-10-28,16.73,17.07,17.35,16.52,133110.07
2019-10-29,17.08,16.82,17.38,16.78,110116.24
2019-10-30,16.4,15.93,16.6,15.78,173074.86
2019-10-31,15.98,15.2,16.03,15.02,164232.77
2019-11-01,15.31,15.26,15.57,15.1,80003.06
2019-11-04,15.35,15.17,15.8,15.05,107142.75
2019-11-05,15.28,15.12,15.47,14.94,93443.9
2019-11-06,15.04,14.86,15.26,14.78,105669.05
2019-11-07,14.86,14.93,15.1,14.65,70380.54
2019-11-08,15.0,14.83,15.2,14.79,80445.0
2019-11-11,14.7,15.33,15.55,14.57,173782.75
2019-11-12,15.34,15.21,15.45,15.05,69714.23
2019-11-13,15.25,15.03,15.45,14.95,68164.02
2019-11-14,14.97,15.15,15.25,14.87,55558.06
2019-11-15,15.2,16.03,16.2,15.12,193090.69
2019-11-18,15.93,17.09,17.4,15.93,250085.89
2019-11-19,17.12,17.28,17.59,16.97,175104.53
2019-11-20,17.36,17.35,17.59,17.15,136747.42
2019-11-21,18.01,17.2,18.44,17.08,255813.17
2019-11-22,17.4,17.01,17.76,16.95,127055.17
2019-11-25,17.21,17.02,17.43,16.66,116438.51
2019-11-26,17.02,16.42,17.16,16.42,130737.61
2019-11-27,16.57,16.54,16.77,16.39,79340.67
2019-11-28,16.45,16.31,16.6,16.22,60220.31
2019-11-29,16.33,16.85,17.44,16.23,153996.83
2019-12-02,16.96,16.53,16.96,16.47,73381.01
2019-12-03,16.6,16.69,16.83,16.25,56566.8
2019-12-04,16.66,17.2,17.3,16.43,118031.54
2019-12-05,17.17,17.39,17.59,17.05,105825.69
2019-12-06,17.39,17.52,17.75,17.23,92654.43
2019-12-09,17.53,17.18,17.71,17.09,82518.73
2019-12-10,17.17,17.38,17.46,17.0,76913.9
2019-12-11,17.22,17.16,17.45,17.07,60536.63
2019-12-12,17.06,16.58,17.14,16.58,94742.33
2019-12-13,16.65,16.45,16.91,16.45,97423.71
2019-12-16,16.55,17.02,17.07,16.5,91178.4
2019-12-17,17.01,16.85,17.28,16.73,165328.47
2019-12-18,16.96,18.14,18.23,16.87,289785.57
2019-12-19,18.12,18.22,18.4,17.84,216136.41
2019-12-20,18.32,17.94,18.44,17.61,216294.14
2019-12-23,17.98,17.4,18.12,17.37,132582.91
2019-12-24,17.54,18.51,18.73,17.32,263236.33
2019-12-25,18.5,18.3,18.75,18.2,167124.65
2019-12-26,18.41,18.32,18.81,18.2,163917.63
2019-12-27,18.28,17.42,18.5,17.3,236465.49
2019-12-30,17.41,17.04,17.41,16.9,151100.33
2019-12-31,17.06,17.12,17.4,16.99,109611.51
2020-01-02,17.2,17.6,17.74,17.01,134430.33
2020-01-03,17.55,17.52,17.85,17.44,123501.2
2020-01-06,17.44,17.3,17.64,17.16,138431.95
2020-01-07,17.47,18.04,18.1,17.32,190981.08
2020-01-08,17.93,17.48,18.21,17.4,165548.53
2020-01-09,17.71,17.68,18.1,17.4,158754.11
2020-01-10,17.68,17.34,17.81,17.2,133798.31
2020-01-13,16.97,17.23,17.34,16.93,129301.4
2020-01-14,17.29,17.04,17.54,17.01,119990.41
2020-01-15,17.12,18.24,18.3,16.9,317363.54
2020-01-16,18.18,18.0,18.27,17.73,157313.74
2020-01-17,17.9,17.62,18.1,17.62,108548.92
2020-01-20,17.6,17.71,17.98,17.34,115954.18
2020-01-21,17.86,17.38,18.16,17.3,139116.75
2020-01-22,17.36,17.01,17.47,16.78,177250.22
2020-01-23,16.8,16.36,17.18,16.1,142156.01
2020-02-03,14.72,14.72,14.72,14.72,22758.0
2020-02-04,13.25,14.18,14.7,13.25,227081.76
2020-02-05,14.23,14.79,14.98,14.23,172645.32
2020-02-06,14.79,15.14,15.56,14.6,176756.93
2020-02-07,15.14,15.09,15.5,14.7,148192.03
2020-02-10,14.91,15.4,15.78,14.89,197745.07
2020-02-11,15.65,15.17,15.66,15.03,126335.04
2020-02-12,15.0,15.3,15.43,15.0,116003.77
2020-02-13,15.37,14.97,15.46,14.95,125664.41
2020-02-14,14.81,14.95,15.15,14.81,100716.08
2020-02-17,15.05,15.5,15.75,15.0,240152.9
2020-02-18,15.65,15.6,15.68,15.34,186703.58
2020-02-19,15.61,15.31,15.65,15.28,155065.1
2020-02-20,15.39,15.91,16.15,15.32,320863.17
2020-02-21,15.72,15.76,16.08,15.55,207185.26
2020-02-24,15.65,15.8,16.0,15.63,182011.19
2020-02-25,15.3,16.16,16.37,15.21,312948.09
2020-02-26,16.2,15.68,16.2,15.56,197320.78
2020-02-27,15.69,15.55,15.83,15.3,164440.71
2020-02-28,14.9,14.35,15.25,14.26,233404.05
2020-03-02,14.37,14.85,14.95,14.37,146882.09
2020-03-03,15.02,16.34,16.34,15.02,513952.81
2020-03-04,16.2,15.93,16.34,15.68,292290.71
2020-03-05,16.13,16.06,16.18,15.67,288646.57
2020-03-06,16.3,16.0,16.7,15.94,290087.08
2020-03-09,15.5,15.1,15.71,15.1,250406.95
2020-03-10,14.79,15.29,15.32,14.57,204678.95
2020-03-11,15.2,15.27,16.3,15.11,304535.2
2020-03-12,14.82,14.72,15.06,14.55,199213.8
2020-03-13,13.3,14.25,14.55,13.3,205929.87
2020-03-16,14.4,13.96,15.08,13.86,196745.45
2020-03-17,14.15,13.92,14.4,13.49,124605.54
2020-03-18,14.1,13.76,14.31,13.69,114223.55
2020-03-19,13.9,13.74,14.05,13.35,142857.29
2020-03-20,13.83,14.02,14.13,13.77,92461.99
2020-03-23,13.61,13.62,13.85,13.26,133323.05
2020-03-24,14.05,13.71,14.05,13.33,99041.93
2020-03-25,13.98,13.89,14.02,13.73,132447.22
2020-03-26,13.78,13.64,13.96,13.57,95693.08
2020-03-27,13.77,13.5,13.85,13.45,78765.24
2020-03-30,13.4,12.91,13.4,12.75,114799.18
2020-03-31,13.08,12.56,13.08,12.55,107049.8
2020-04-01,12.34,12.41,12.8,12.34,103630.85
2020-04-02,12.29,12.53,12.55,12.06,119601.66
2020-04-03,12.46,12.47,12.78,12.4,83235.81
2020-04-07,12.68,12.71,12.8,12.53,114744.7
2020-04-08,12.7,13.18,13.63,12.61,196017.82
2020-04-09,13.25,13.35,13.63,13.25,134406.08
2020-04-10,13.42,13.28,13.79,13.13,138002.15
2020-04-13,13.28,12.8,13.28,12.7,97036.66
2020-04-14,12.82,12.97,13.02,12.75,86635.32
2020-04-15,12.97,12.84,13.1,12.78,83124.0
2020-04-16,12.83,12.73,12.84,12.59,88182.5
2020-04-17,12.8,12.51,12.86,12.51,96271.0
2020-04-20,12.51,12.66,12.83,12.44,64762.17
2020-04-21,12.67,12.49,12.67,12.31,73024.85
2020-04-22,12.4,12.53,12.58,12.29,64044.55
2020-04-23,12.59,12.33,12.61,12.29,75344.25
2020-04-24,12.33,12.17,12.39,12.07,94524.16
2020-04-27,12.2,11.62,12.21,11.32,139609.64
2020-04-28,11.62,10.68,11.62,10.46,218367.56
2020-04-29,10.46,10.27,10.62,10.25,130559.81
2020-04-30,10.43,10.94,11.0,10.31,154632.51
2020-05-06,10.85,11.15,11.23,10.76,96687.29
2020-05-07,11.23,10.94,11.27,10.9,84601.77
2020-05-08,10.95,11.02,11.17,10.93,89185.68
2020-05-11,11.1,10.99,11.31,10.89,98460.71
2020-05-12,10.99,10.9,11.01,10.77,67985.64
2020-05-13,10.9,10.96,11.04,10.85,53361.64
2020-05-14,10.95,10.75,10.95,10.74,67006.29
2020-05-15,10.86,10.66,10.88,10.5,87157.75
2020-05-18,10.62,10.4,10.65,10.34,92139.47
2020-05-19,10.45,10.45,10.62,10.35,91412.55
2020-05-20,10.37,10.42,10.54,10.3,88444.11
2020-05-21,10.43,10.02,10.44,9.96,156948.39
2020-05-22,10.03,9.52,10.06,9.47,166740.26
2020-05-25,9.5,10.01,10.42,9.45,220543.35
2020-05-26,9.91,10.01,10.1,9.73,99235.97
2020-05-27,10.06,10.11,10.35,9.9,115735.54
2020-05-28,10.04,9.89,10.15,9.77,85564.37
2020-05-29,9.89,10.65,10.84,9.85,248539.27
2020-06-01,10.63,10.71,10.94,10.57,213120.46
2020-06-02,11.01,10.93,11.38,10.91,293078.82
2020-06-03,11.03,11.03,11.36,10.88,238876.28
2020-06-04,11.01,10.81,11.13,10.8,129506.25
2020-06-05,10.81,11.13,11.29,10.7,178185.1
2020-06-08,11.14,11.07,11.28,11.01,114491.84
2020-06-09,11.16,11.08,11.35,11.06,103170.73
2020-06-10,11.1,11.16,11.27,10.81,130093.43
2020-06-11,11.17,11.0,11.2,10.94,94416.8
2020-06-12,10.71,11.46,11.63,10.67,242967.6
2020-06-15,11.36,11.31,11.69,11.22,150580.29
2020-06-16,11.41,11.69,11.73,11.25,173530.51
2020-06-17,11.69,11.91,12.33,11.6,198622.71
2020-06-18,11.82,11.73,11.99,11.65,112344.74
2020-06-19,11.86,11.75,11.86,11.66,82283.3
2020-06-22,11.8,11.95,12.13,11.78,121365.55
2020-06-23,11.95,11.67,12.02,11.65,116716.89
2020-06-24,11.69,11.41,11.74,11.22,127471.94
2020-06-29,11.35,11.03,11.51,11.0,111834.87
2020-06-30,11.13,11.14,11.31,11.09,93188.77
2020-07-01,11.2,12.25,12.25,11.1,370594.83
2020-07-02,12.26,12.29,12.55,12.0,347628.89
2020-07-03,12.29,12.49,12.89,12.17,242348.78
2020-07-06,12.49,12.89,13.14,12.29,299466.81
2020-07-07,12.96,12.74,13.29,12.74,276795.12
2020-07-08,12.68,12.93,13.1,12.65,208678.66
2020-07-09,12.95,13.43,13.51,12.8,294400.52
2020-07-10,13.6,13.32,13.91,13.25,273346.87
2020-07-13,13.34,13.8,13.92,13.34,228728.38
2020-07-14,13.55,13.18,13.79,12.95,306674.17
2020-07-15,13.27,12.66,13.44,12.64,194040.2
2020-07-16,12.6,11.95,12.84,11.65,191733.09
2020-07-17,11.81,12.34,12.56,11.81,163925.89
2020-07-20,12.34,12.61,12.67,12.2,122036.78
2020-07-21,12.5,13.87,13.87,11.88,265387.38
2020-07-22,13.72,13.81,14.3,13.39,411904.86
2020-07-23,13.6,13.69,13.97,13.2,247708.18
2020-07-24,13.61,12.7,13.75,12.53,199896.17
2020-07-27,12.72,12.81,13.13,12.41,126040.32
2020-07-28,12.73,12.88,13.07,12.7,114530.6
2020-07-29,12.87,13.29,13.43,12.75,156885.99
2020-07-30,13.29,13.02,13.38,12.97,126056.29
2020-07-31,13.14,13.06,13.14,12.73,131504.45
2020-08-03,13.07,13.18,13.35,13.06,132527.16
2020-08-04,13.29,13.5,13.95,13.16,228626.26
2020-08-05,13.45,13.57,13.72,13.0,197682.69
2020-08-06,13.63,13.6,13.89,13.39,147982.35
2020-08-07,13.42,13.25,13.65,13.0,125761.55
2020-08-10,13.16,13.78,14.09,13.0,264077.06
2020-08-11,13.71,13.21,13.93,13.15,181988.18
2020-08-12,13.1,13.02,13.25,12.71,122506.97
2020-08-13,13.02,13.02,13.22,12.96,77255.65
2020-08-14,12.97,13.08,13.1,12.78,78275.44
2020-08-17,13.09,13.18,13.27,13.04,82881.06
2020-08-18,13.23,13.19,13.55,13.1,102128.69
2020-08-19,13.18,12.9,13.19,12.86,98933.72
2020-08-20,12.9,12.66,12.9,12.58,78513.71
2020-08-21,12.79,12.6,12.85,12.45,59529.88
2020-08-24,12.6,12.71,12.84,12.41,61669.73
2020-08-25,12.7,12.56,12.82,12.48,54442.77
2020-08-26,12.62,12.03,12.67,11.98,92440.22
2020-08-27,12.05,12.1,12.13,11.83,57494.14
2020-08-28,12.22,12.25,12.33,11.93,78965.34
2020-08-31,12.44,12.1,12.44,12.09,63050.22
2020-09-01,12.1,12.15,12.15,11.95,49256.74
2020-09-02,12.11,12.08,12.16,11.93,50928.42
2020-09-03,12.03,11.89,12.2,11.81,54460.91
2020-09-04,11.7,11.87,11.91,11.53,67563.46
2020-09-07,11.84,11.82,12.1,11.7,54210.32
2020-09-08,11.82,12.0,12.14,11.58,73951.48
2020-09-09,11.85,12.09,12.35,11.81,111396.78
2020-09-10,12.2,11.69,12.23,11.61,83082.18
2020-09-11,11.53,11.46,11.72,11.33,64731.66
2020-09-14,11.51,11.58,11.66,11.44,43451.99
2020-09-15,11.63,11.52,11.71,11.45,53451.67
2020-09-16,11.51,11.59,11.78,11.39,55948.59
2020-09-17,11.6,11.47,11.61,11.43,43498.72
2020-09-18,11.51,11.57,11.6,11.42,38802.28
2020-09-21,11.63,11.67,11.84,11.53,58574.27
2020-09-22,11.58,11.52,11.8,11.47,56940.12
2020-09-23,11.55,11.45,11.61,11.4,53078.68
2020-09-24,11.4,11.03,11.42,11.0,73794.22
2020-09-25,11.07,10.87,11.12,10.79,50500.73
2020-09-28,10.88,11.1,11.18,10.88,49091.55
2020-09-29,11.15,11.09,11.19,11.03,43165.56
2020-09-30,11.18,11.0,11.18,10.89,42982.0
2020-10-09,11.09,11.2,11.27,11.09,36127.0
2020-10-12,11.2,11.5,11.54,11.2,55371.85
2020-10-13,11.48,11.58,11.62,11.36,55306.66
2020-10-14,11.43,11.22,11.57,11.2,58195.39
2020-10-15,11.25,10.82,11.26,10.8,79888.79
2020-10-16,10.83,10.8,10.95,10.57,54615.5
2020-10-19,10.88,10.64,10.91,10.59,45843.34
2020-10-20,10.6,10.75,10.77,10.51,28462.01
2020-10-21,10.7,10.57,10.79,10.53,34133.4
2020-10-22,10.53,10.83,11.03,10.41,75899.92
2020-10-23,10.81,10.47,10.87,10.43,47873.55
2020-10-26,10.53,10.41,10.55,10.32,36648.47
2020-10-27,10.36,10.41,10.53,10.24,43296.0
2020-10-28,10.41,10.35,10.45,10.24,41577.74
2020-10-29,10.24,10.38,10.48,10.13,48871.36
2020-10-30,10.39,10.26,10.49,10.08,58561.45
2020-11-02,10.3,9.97,10.3,9.89,61843.61
2020-11-03,10.0,10.03,10.14,9.94,47277.18
2020-11-04,10.05,10.09,10.13,9.97,37324.32
2020-11-05,10.15,10.17,10.23,10.05,35594.12
2020-11-06,10.17,10.75,11.01,10.01,145519.07
2020-11-09,10.67,10.84,10.88,10.56,95726.57
2020-11-10,10.86,10.73,10.94,10.55,56639.43
2020-11-11,10.7,10.98,11.32,10.58,122860.61
2020-11-12,10.98,11.22,11.42,10.95,106305.16
2020-11-13,11.21,11.13,11.32,11.06,55172.16
2020-11-16,11.11,11.11,11.26,10.94,59462.39
2020-11-17,11.11,10.89,11.13,10.84,63451.26
2020-11-18,10.81,10.81,11.04,10.76,46091.0
2020-11-19,10.83,11.45,11.58,10.82,153229.16
2020-11-20,11.44,11.25,11.48,11.15,70614.01
2020-11-23,11.25,11.31,11.43,11.08,68786.24
2020-11-24,11.34,11.13,11.36,11.09,50051.65
2020-11-25,11.17,10.89,11.26,10.88,55123.56
2020-11-26,10.83,10.79,10.99,10.76,37817.21
2020-11-27,10.89,10.7,10.89,10.53,56359.06
2020-11-30,10.7,10.86,11.06,10.65,55592.13
2020-12-01,10.8,10.92,10.98,10.75,43234.09
2020-12-02,10.88,10.9,11.05,10.84,33784.83
2020-12-03,10.81,10.82,10.97,10.76,37441.58
2020-12-04,10.73,10.85,10.91,10.73,41965.26
2020-12-07,10.86,10.4,10.86,10.4,82222.85
2020-12-08,10.34,10.25,10.46,10.17,70216.1
2020-12-09,10.26,10.07,10.32,10.04,53114.2
2020-12-10,10.09,10.09,10.24,9.97,58233.26
2020-12-11,10.11,10.22,10.34,9.89,89504.97
2020-12-14,10.1,10.0,10.14,9.98,53273.21
2020-12-15,9.96,9.82,9.98,9.68,59929.64
2020-12-16,9.82,8.99,9.89,8.92,232106.16
2020-12-17,9.0,9.02,9.24,8.95,118217.06
2020-12-18,9.03,8.75,9.05,8.64,169073.06
2020-12-21,8.81,9.05,9.24,8.7,122699.23
2020-12-22,9.04,8.97,9.12,8.91,77227.71
2020-12-23,8.93,8.79,9.02,8.72,69747.55
2020-12-24,8.87,8.66,8.9,8.56,73503.85
2020-12-25,8.71,8.54,8.71,8.52,64611.34
2020-12-28,8.55,8.22,8.64,8.0,126689.61
2020-12-29,8.2,8.2,8.5,8.12,108247.44
2020-12-30,8.18,8.08,8.19,8.05,82682.9
2020-12-31,8.12,8.36,8.57,8.11,120243.43
2021-01-04,8.71,9.13,9.2,8.45,213522.35
2021-01-05,9.0,8.68,9.11,8.6,163568.07
2021-01-06,8.68,8.53,8.85,8.47,92001.21
2021-01-07,8.59,8.16,8.59,8.07,108411.52
2021-01-08,8.08,8.08,8.3,7.93,92332.25
2021-01-11,8.08,7.7,8.11,7.7,120542.81
2021-01-12,7.69,7.81,8.18,7.65,129827.0
2021-01-13,7.78,7.64,7.81,7.45,121844.54
2021-01-14,7.63,7.74,7.81,7.49,86671.25
2021-01-15,7.7,7.84,7.94,7.68,67009.57
2021-01-18,7.83,7.88,7.97,7.8,57353.45
2021-01-19,7.92,7.94,8.12,7.85,73662.61
2021-01-20,7.91,8.05,8.19,7.85,69300.23
2021-01-21,8.03,7.91,8.07,7.86,69139.31
2021-01-22,7.8,7.77,7.96,7.7,72596.61
2021-01-25,7.8,7.55,7.85,7.52,70399.31
2021-01-26,7.52,7.42,7.73,7.4,60356.92
2021-01-27,7.35,7.5,8.08,7.34,122700.27
2021-01-28,7.42,7.48,7.72,7.38,64389.83
2021-01-29,7.4,7.11,7.66,7.03,122342.5
2021-02-01,7.1,7.08,7.29,6.98,74456.03
2021-02-02,7.08,7.54,7.69,6.97,189994.4
2021-02-03,7.47,7.17,7.47,7.13,95027.58
2021-02-04,7.08,7.01,7.16,6.92,75814.84
2021-02-05,6.98,6.84,7.1,6.8,58925.31
2021-02-08,6.78,6.71,6.88,6.68,66084.36
2021-02-09,6.76,6.78,6.92,6.57,91635.19
2021-02-10,6.78,6.66,6.95,6.62,79634.56
2021-02-18,6.66,6.91,7.1,6.66,107191.51
2021-02-19,6.89,7.28,7.33,6.84,128233.27
2021-02-22,7.27,7.67,8.0,7.27,195794.65
2021-02-23,7.6,7.53,7.79,7.43,112627.11
2021-02-24,7.64,7.59,7.84,7.48,105652.37
2021-02-25,7.67,7.45,7.74,7.39,83845.99
2021-02-26,7.4,7.23,7.45,7.23,81100.88
2021-03-01,7.27,7.75,7.89,7.27,162126.75
2021-03-02,7.85,7.6,7.85,7.49,97874.74
2021-03-03,7.6,7.62,7.68,7.52,60231.28
2021-03-04,7.64,7.51,7.75,7.5,74096.32
2021-03-05,7.49,7.56,7.61,7.43,69044.45
2021-03-08,7.56,7.32,7.68,7.3,82507.8
2021-03-09,7.28,6.98,7.33,6.88,99242.64
2021-03-10,7.06,6.87,7.09,6.83,66169.21
2021-03-11,6.87,6.95,6.98,6.74,54411.15
2021-03-12,6.91,6.97,7.16,6.89,68221.51
2021-03-15,6.98,6.91,7.09,6.87,64407.54
2021-03-16,6.93,7.02,7.05,6.9,56970.26
2021-03-17,7.03,6.96,7.11,6.94,49535.0
2021-03-18,6.96,6.91,6.99,6.86,49700.01
2021-03-19,6.89,6.82,6.94,6.81,49979.99
2021-03-22,6.83,6.9,6.93,6.77,48563.69
2021-03-23,6.9,6.88,7.02,6.82,71058.4
2021-03-24,6.88,6.78,6.89,6.76,49939.77
2021-03-25,6.75,6.79,7.04,6.69,65167.0
2021-03-26,6.85,6.84,6.95,6.78,58320.61
2021-03-29,6.85,6.78,6.93,6.75,57510.66
2021-03-30,6.79,6.66,6.79,6.62,56932.84
2021-03-31,6.66,7.33,7.33,6.64,217198.34
2021-04-01,7.53,7.59,7.77,7.24,330108.4
2021-04-02,7.5,7.5,7.84,7.45,187385.5
2021-04-06,7.42,7.63,7.84,7.4,176639.8
2021-04-07,7.58,7.6,7.65,7.46,117339.47
2021-04-08,7.56,7.61,7.97,7.48,165135.2
2021-04-09,7.66,8.37,8.37,7.64,298007.3
2021-04-12,8.6,8.87,9.21,8.44,604182.61
2021-04-13,8.56,8.2,8.86,8.15,376723.36
2021-04-14,8.03,8.15,8.39,7.89,263413.49
2021-04-15,8.09,8.0,8.22,7.96,145504.51
2021-04-16,8.0,8.08,8.16,7.92,138666.79
2021-04-19,8.0,8.01,8.12,7.73,139358.19
2021-04-20,8.06,8.25,8.5,8.01,207762.89
2021-04-21,8.06,7.98,8.15,7.92,118031.28
2021-04-22,8.0,7.85,8.0,7.78,107421.87
2021-04-23,7.77,7.72,7.93,7.63,102895.96
2021-04-26,7.61,8.03,8.27,7.61,169498.27
2021-04-27,8.05,7.74,8.06,7.67,110715.36
2021-04-28,7.75,8.41,8.51,7.74,428687.99
2021-04-29,8.18,8.1,8.37,8.1,244259.59
2021-04-30,8.12,8.15,8.24,8.0,121104.73
2021-05-06,8.05,7.95,8.2,7.88,117073.41
2021-05-07,7.9,7.93,8.0,7.77,87821.84
2021-05-10,7.93,8.18,8.31,7.75,148036.3
2021-05-11,8.18,8.42,8.64,8.15,241895.27
2021-05-12,8.42,8.71,8.8,8.37,209527.98
2021-05-13,8.57,8.55,8.77,8.53,169569.32
2021-05-14,8.53,8.6,8.86,8.53,168167.29
2021-05-17,8.46,8.48,8.62,8.36,138817.78
2021-05-18,8.43,8.8,8.8,8.39,150534.64
2021-05-19,8.75,8.56,8.75,8.52,109167.1
2021-05-20,8.58,8.53,8.68,8.43,84253.56
2021-05-21,8.55,8.52,8.73,8.52,90350.91
2021-05-24,8.53,8.67,8.73,8.45,108992.42
2021-05-25,8.66,8.49,8.71,8.46,114628.93
2021-05-26,8.49,8.72,8.87,8.44,162827.38
2021-05-27,8.66,8.7,8.79,8.64,83621.22
2021-05-28,8.69,8.52,8.7,8.48,111005.01
2021-05-31,8.57,8.4,8.58,8.34,104352.12
2021-06-01,8.45,8.54,8.75,8.44,147962.74
2021-06-02,8.46,8.42,8.62,8.4,107398.87
2021-06-03,8.41,8.36,8.53,8.33,75715.06
2021-06-04,8.38,8.2,8.43,7.97,137132.51
2021-06-07,8.15,8.1,8.33,8.06,74699.38
2021-06-08,8.02,8.06,8.15,7.98,76958.74
2021-06-09,8.1,8.03,8.15,8.01,51841.01
2021-06-10,8.03,8.24,8.26,7.85,149553.53
2021-06-11,8.24,8.01,8.24,7.96,109911.37
2021-06-15,8.03,7.75,8.06,7.73,96871.97
2021-06-16,7.74,7.7,7.81,7.67,55035.0
2021-06-17,7.68,7.73,7.8,7.62,39312.5
2021-06-18,7.79,7.73,7.81,7.7,43146.8
2021-06-21,7.7,7.78,7.88,7.65,61692.9
2021-06-22,7.78,7.91,7.98,7.73,69642.99
2021-06-23,7.9,7.84,7.93,7.8,49272.02
2021-06-24,7.9,7.71,7.92,7.71,58544.71
2021-06-25,7.75,7.6,7.77,7.57,53521.81
2021-06-28,7.6,7.47,7.61,7.44,67971.86
2021-06-29,7.47,7.4,7.61,7.4,57059.0
2021-06-30,7.41,7.41,7.47,7.24,54985.48
2021-07-01,7.41,7.48,7.65,7.38,90744.47
2021-07-02,7.48,7.41,7.56,7.39,51131.0
2021-07-05,7.4,7.33,7.46,7.28,61678.69
2021-07-06,7.32,7.25,7.35,7.21,58290.61
2021-07-07,7.26,7.27,7.4,7.23,43585.09
2021-07-08,7.3,7.11,7.35,7.11,71528.49
2021-07-09,7.12,7.42,7.44,7.1,103705.79
2021-07-12,7.41,7.37,7.48,7.35,55905.0
2021-07-13,7.35,7.7,7.98,7.34,188571.57
2021-07-14,7.55,7.46,7.67,7.45,101785.26
2021-07-15,7.47,7.32,7.5,7.25,64568.39
2021-07-16,7.3,7.28,7.4,7.25,59075.0
2021-07-19,7.3,7.34,7.37,7.13,41843.65
2021-07-20,7.29,7.32,7.39,7.28,41659.51
2021-07-21,7.46,7.37,7.6,7.36,76399.01
2021-07-22,7.37,7.27,7.38,7.26,55746.72
2021-07-23,7.28,7.12,7.28,7.1,64549.97
2021-07-26,7.1,7.01,7.15,6.92,78977.13
2021-07-27,7.06,6.91,7.11,6.91,54454.0
2021-07-28,6.9,6.72,6.95,6.72,72671.98
2021-07-29,6.78,6.79,6.87,6.78,43701.76
2021-07-30,6.8,6.85,6.98,6.69,57629.13
2021-08-02,6.84,6.97,6.98,6.77,61727.6
2021-08-03,6.93,7.04,7.24,6.93,83300.34
2021-08-04,7.09,7.04,7.13,6.97,51724.13
2021-08-05,7.04,6.91,7.07,6.9,54448.01
2021-08-06,7.01,7.03,7.08,6.9,53940.62
2021-08-09,7.03,7.04,7.09,6.96,58064.0
2021-08-10,7.07,6.99,7.07,6.95,47623.51
2021-08-11,7.08,7.13,7.3,7.06,98925.58
2021-08-12,7.07,7.3,7.42,7.07,109889.19
2021-08-13,7.32,7.24,7.33,7.18,63151.15
2021-08-16,7.25,7.27,7.36,7.16,56481.87
2021-08-17,7.27,7.07,7.3,7.01,57812.31
2021-08-18,7.08,7.08,7.16,7.03,46386.0
2021-08-19,7.1,7.0,7.11,6.98,39182.0
2021-08-20,7.0,6.89,7.12,6.8,62984.79
2021-08-23,6.9,7.2,7.26,6.9,113662.18
2021-08-24,7.2,7.13,7.22,7.1,51495.53
2021-08-25,7.12,7.08,7.2,7.03,57997.16
2021-08-26,7.1,7.11,7.15,6.98,64462.1
2021-08-27,7.11,7.05,7.16,7.02,60632.91
2021-08-30,7.0,6.9,7.05,6.85,76469.16
2021-08-31,6.88,6.91,6.96,6.78,71293.21
2021-09-01,6.91,7.06,7.19,6.85,88555.25
2021-09-02,7.06,7.01,7.09,6.99,62473.85
2021-09-03,7.03,7.14,7.14,7.0,96065.76
2021-09-06,7.14,7.11,7.18,7.0,94037.65
2021-09-07,7.03,7.14,7.17,7.03,64680.69
2021-09-08,7.11,7.35,7.48,7.11,191364.9
2021-09-09,7.35,7.45,7.58,7.32,124411.3
2021-09-10,7.42,7.27,7.45,7.23,121974.96
2021-09-13,7.22,7.26,7.31,7.16,83661.7
2021-09-14,7.26,7.01,7.29,6.99,130702.8
2021-09-15,7.0,6.95,7.07,6.88,98535.27
2021-09-16,7.0,6.88,7.11,6.86,105988.21
2021-09-17,6.88,7.0,7.02,6.79,101870.6
2021-09-22,6.98,6.9,7.0,6.81,80715.0
2021-09-23,6.91,6.94,7.04,6.88,72827.53
2021-09-24,6.94,6.81,6.94,6.8,76178.11
2021-09-27,6.85,6.62,6.86,6.55,99913.86
2021-09-28,6.62,6.63,6.69,6.57,45358.99
2021-09-29,6.59,6.52,6.67,6.5,63191.52
2021-09-30,6.57,6.71,6.76,6.55,49316.12
2021-10-08,6.74,6.89,6.91,6.74,84685.02
2021-10-11,6.91,6.83,6.95,6.81,48441.88
2021-10-12,6.86,6.74,6.86,6.64,52193.85
2021-10-13,6.79,6.78,6.8,6.66,35426.53
2021-10-14,6.76,6.68,6.8,6.67,39428.01
2021-10-15,6.68,6.59,6.72,6.58,47000.2
2021-10-18,6.63,6.62,6.65,6.51,37286.45
2021-10-19,6.62,6.6,6.63,6.56,32456.44
2021-10-20,6.6,6.57,6.71,6.55,53632.45
2021-10-21,6.57,6.54,6.61,6.51,34256.1
2021-10-22,6.59,6.56,6.67,6.53,34986.0
2021-10-25,6.57,6.64,6.67,6.57,43264.0
2021-10-26,6.64,6.5,6.66,6.46,55076.0
2021-10-27,6.5,6.21,6.5,6.2,82421.0
2021-10-28,6.23,6.05,6.23,5.95,65785.02
2021-10-29,6.06,6.15,6.19,6.02,40531.85
2021-11-01,6.14,6.17,6.21,6.11,31055.09
2021-11-02,6.2,6.03,6.2,5.98,42517.24
2021-11-03,6.01,6.05,6.13,6.0,24739.76
2021-11-04,6.06,6.04,6.08,5.9,53782.0
2021-11-05,6.0,5.95,6.07,5.95,43740.5
2021-11-08,5.97,5.99,6.02,5.95,37721.01
2021-11-09,6.02,6.01,6.11,5.98,49290.21
2021-11-10,6.01,6.25,6.38,5.97,101748.06
2021-11-11,6.26,6.21,6.28,6.17,59961.07
2021-11-12,6.21,6.19,6.25,6.11,47781.44
2021-11-15,6.18,6.26,6.29,6.17,50419.01
2021-11-16,6.26,6.51,6.65,6.24,146869.99
2021-11-17,6.5,6.52,6.64,6.48,94229.02
2021-11-18,6.52,6.81,7.11,6.5,220025.32
2021-11-19,6.75,6.88,6.92,6.69,142933.82
2021-11-22,6.9,6.91,7.02,6.71,101744.15
2021-11-23,6.92,6.85,6.96,6.79,71356.46
2021-11-24,6.83,6.83,6.91,6.76,70405.03
2021-11-25,6.86,7.15,7.26,6.85,184701.0
2021-11-26,7.09,7.11,7.18,7.01,90651.1
2021-11-29,7.15,7.26,7.45,6.99,205456.9
2021-11-30,7.21,7.4,7.51,7.21,135926.51
2021-12-01,7.43,8.14,8.14,7.43,358212.03
2021-12-02,8.2,8.95,8.95,8.14,313371.05
2021-12-03,9.57,9.56,9.85,8.91,964279.91
2021-12-06,9.25,10.52,10.52,9.17,861744.03
2021-12-07,10.22,9.47,10.38,9.47,809239.97
2021-12-08,9.0,10.01,10.41,8.96,800919.41
2021-12-09,10.35,9.97,10.48,9.63,560229.16
2021-12-10,9.78,9.69,10.1,9.58,389817.36
2021-12-13,9.58,9.75,9.77,9.28,394682.59
2021-12-14,9.75,10.73,10.73,9.68,546304.14
2021-12-15,11.5,11.05,11.8,10.94,1038763.41
2021-12-16,11.45,12.16,12.16,11.2,877748.18
2021-12-17,11.6,12.6,13.1,11.55,968787.42
2021-12-20,12.78,13.4,13.86,12.69,1026749.54
2021-12-21,12.7,12.83,13.46,12.55,565356.57
2021-12-22,12.83,14.11,14.11,12.58,785982.58
2021-12-23,14.15,13.86,15.42,13.7,938198.29
2021-12-24,14.16,14.86,15.0,13.86,685100.05
2021-12-27,15.13,14.48,15.58,13.96,592625.0
2021-12-28,14.58,14.38,15.07,14.08,513401.27
2021-12-29,14.0,14.96,15.49,13.81,635087.45
2021-12-30,14.95,16.46,16.46,14.91,604651.41
2021-12-31,16.99,16.9,17.61,16.47,742556.69
2022-01-04,16.65,18.18,18.59,16.65,780709.65
2022-01-05,18.26,19.6,19.6,18.09,831576.36
2022-01-06,19.27,21.49,21.56,19.01,982881.29
2022-01-07,21.0,19.34,21.0,19.34,458210.13
2022-01-10,17.41,17.41,17.41,17.41,96539.0
2022-01-11,15.67,16.5,18.18,15.67,960191.72
2022-01-12,16.29,16.21,17.18,16.0,744958.86
2022-01-13,16.11,14.84,16.4,14.59,1102600.14
2022-01-14,14.52,14.27,14.95,14.18,658897.04
2022-01-17,14.5,14.29,14.65,13.82,582684.08
2022-01-18,14.29,13.52,14.38,13.44,644496.19
2022-01-19,13.55,13.5,14.1,13.45,450384.71
2022-01-20,13.59,13.0,13.75,12.68,517549.64
2022-01-21,12.94,12.48,13.09,12.38,364735.82
2022-01-24,12.35,12.22,12.55,12.07,273391.84
2022-01-25,12.28,11.51,12.34,11.45,332295.87
2022-01-26,11.69,11.73,12.4,11.6,461659.7
2022-01-27,11.73,11.34,11.88,11.26,269569.22
2022-01-28,11.39,11.07,11.65,11.0,241700.14
2022-02-07,11.33,11.16,11.4,10.8,224174.85
2022-02-08,11.13,11.3,11.64,10.92,324093.6
2022-02-09,11.3,11.68,11.7,11.14,395608.16
2022-02-10,11.6,12.85,12.85,11.5,625850.89
2022-02-11,13.0,11.98,13.44,11.73,912665.56
2022-02-14,11.86,11.17,11.9,10.94,526552.61
2022-02-15,11.26,11.32,11.6,11.05,299432.6
2022-02-16,11.47,11.1,11.47,11.05,233023.63
2022-02-17,11.13,10.89,11.24,10.79,228877.68
2022-02-18,10.85,11.08,11.22,10.74,226347.08
2022-02-21,11.38,12.19,12.19,11.12,530163.45
2022-02-22,12.25,12.66,13.13,11.54,781242.61
2022-02-23,12.55,12.65,12.94,12.33,389213.01
2022-02-24,12.43,12.8,13.28,12.15,644083.6
2022-02-25,13.0,12.57,13.03,12.4,325050.08
2022-02-28,12.51,12.45,12.7,12.37,187072.34
2022-03-01,12.5,12.6,12.6,12.22,194145.95
2022-03-02,12.59,12.78,13.05,12.34,269515.85
2022-03-03,12.75,12.84,13.25,12.66,340919.35
2022-03-04,12.73,12.42,13.04,12.28,263819.0
2022-03-07,12.3,12.05,12.55,12.01,212008.39
2022-03-08,11.97,11.38,12.12,11.33,257337.4
2022-03-09,11.3,11.23,11.6,10.6,255505.68
2022-03-10,11.5,11.59,11.75,11.38,204530.23
2022-03-11,11.45,11.55,11.67,11.25,196207.59
2022-03-14,11.69,11.0,11.7,10.97,224947.0
2022-03-15,10.97,10.29,10.97,10.26,299203.58
2022-03-16,10.45,10.4,10.58,9.85,251793.22
2022-03-17,10.45,10.79,11.3,10.45,270525.5
2022-03-18,10.8,11.21,11.45,10.69,258211.36
2022-03-21,11.21,11.35,11.6,11.15,189944.08
2022-03-22,11.35,11.29,11.35,11.04,149285.95
2022-03-23,11.29,11.26,11.59,11.12,140107.29
2022-03-24,11.2,11.28,11.32,11.01,138095.6
2022-03-25,11.35,11.06,11.35,10.94,149823.98
2022-03-28,10.89,10.94,11.11,10.78,110344.61
2022-03-29,11.03,10.75,11.17,10.69,132942.53
2022-03-30,10.85,10.81,10.88,10.56,121327.08
2022-03-31,10.87,10.61,11.2,10.6,173129.68
2022-04-01,10.61,10.73,10.75,10.41,119142.71
2022-04-06,10.52,10.85,10.92,10.52,117816.42
2022-04-07,10.79,10.29,10.8,10.27,138808.69
2022-04-08,10.35,10.09,10.35,9.9,127588.75
2022-04-11,10.11,9.73,10.12,9.63,140154.84
2022-04-12,9.63,9.83,9.89,9.52,105779.37
2022-04-13,9.84,9.54,9.9,9.5,105246.18
2022-04-14,9.56,10.09,10.39,9.56,257131.24
2022-04-15,10.0,9.81,10.17,9.7,198162.42
2022-04-18,9.66,9.64,9.77,9.34,117715.02
2022-04-19,9.62,9.52,9.95,9.44,110543.09
2022-04-20,9.66,9.47,10.06,9.39,176077.15
2022-04-21,9.46,8.8,9.46,8.78,215286.47
2022-04-22,8.81,8.46,8.87,8.45,151901.19
2022-04-25,8.31,7.61,8.38,7.61,274720.17
2022-04-26,7.58,7.21,7.67,7.2,194958.25
2022-04-27,7.27,7.57,7.57,7.0,167111.61
2022-04-28,7.58,7.33,7.62,7.21,128707.82
2022-04-29,7.41,7.84,7.95,7.39,186697.04
2022-05-05,7.86,7.83,7.94,7.72,121250.47
2022-05-06,7.72,8.61,8.61,7.51,231158.0
2022-05-09,8.71,8.7,9.23,8.41,460146.7
2022-05-10,8.5,8.68,8.85,8.35,261864.9
2022-05-11,8.75,8.65,8.93,8.63,195529.33
2022-05-12,8.5,8.65,8.82,8.5,124453.61
2022-05-13,8.8,8.78,8.95,8.62,130498.56
2022-05-16,8.88,8.68,8.9,8.56,130229.0
2022-05-17,8.61,8.56,8.69,8.45,89323.64
2022-05-18,8.6,8.61,8.83,8.54,126462.16
2022-05-19,8.45,8.47,8.8,8.34,119286.77
2022-05-20,8.55,8.66,8.75,8.32,170784.7
2022-05-23,8.68,9.06,9.24,8.66,287846.76
2022-05-24,9.0,8.37,9.04,8.35,205280.37
2022-05-25,8.37,8.41,8.53,8.33,97707.66
2022-05-26,8.53,8.38,8.65,8.19,120818.0
2022-05-27,8.41,8.29,8.46,8.2,88592.63
2022-05-30,8.28,8.27,8.32,8.1,88988.84
2022-05-31,8.28,8.29,8.35,8.07,119159.1
2022-06-01,8.3,8.38,8.68,8.21,138893.87
2022-06-02,8.38,8.24,8.41,8.22,103876.29
2022-06-06,8.24,8.64,8.88,8.2,207283.69
2022-06-07,8.59,9.07,9.13,8.52,279958.2
2022-06-08,9.01,8.85,9.25,8.71,264392.94
2022-06-09,8.82,8.52,8.88,8.45,149873.01
2022-06-10,8.55,8.84,9.05,8.46,166733.76
2022-06-13,8.74,8.82,8.92,8.65,125448.91
2022-06-14,8.81,8.57,8.82,8.29,181356.7
2022-06-15,8.58,8.5,8.81,8.5,129276.83
2022-06-16,8.49,8.69,8.84,8.45,138488.26
2022-06-17,8.62,8.77,8.79,8.41,142408.42
2022-06-20,8.78,9.14,9.25,8.76,240773.21
2022-06-21,9.19,9.47,9.65,9.01,308096.86
2022-06-22,9.4,9.04,9.54,9.03,209085.27
2022-06-23,9.15,9.09,9.23,8.84,131452.31
2022-06-24,9.11,9.06,9.21,9.0,114247.02
2022-06-27,9.12,9.0,9.15,8.93,113502.67
2022-06-28,9.06,9.09,9.18,8.85,114088.04
2022-06-29,9.07,9.01,9.4,8.97,215674.74
2022-06-30,9.01,8.98,9.22,8.96,132070.22
2022-07-01,8.96,8.88,9.06,8.8,117847.37
2022-07-04,8.88,9.14,9.14,8.78,128273.94
2022-07-05,9.14,8.89,9.21,8.72,163361.13
2022-07-06,8.89,8.71,9.0,8.65,96632.26
2022-07-07,8.66,8.69,8.83,8.66,86968.1
2022-07-08,8.66,9.03,9.13,8.66,208280.24
2022-07-11,9.0,8.73,9.1,8.71,146827.02
2022-07-12,8.66,8.34,8.7,8.29,150729.4
2022-07-13,8.36,8.54,8.6,8.3,90009.91
2022-07-14,8.55,8.97,9.15,8.49,244346.79
2022-07-15,8.85,8.8,9.05,8.76,126955.29
2022-07-18,8.81,8.79,8.9,8.76,97342.6
2022-07-19,8.85,8.94,9.13,8.8,109626.5
2022-07-20,8.94,9.3,9.56,8.94,266779.37
2022-07-21,9.22,9.31,9.41,9.2,142522.72
2022-07-22,9.35,9.13,9.39,8.96,141261.22
2022-07-25,9.14,8.95,9.2,8.9,96616.99
2022-07-26,9.0,8.95,9.01,8.85,71454.83
2022-07-27,8.99,9.03,9.1,8.91,86870.64
2022-07-28,9.0,9.12,9.33,9.0,100524.73
2022-07-29,9.12,9.08,9.15,9.0,83095.0
2022-08-01,9.02,9.1,9.23,8.95,88028.08
2022-08-02,9.02,8.73,9.05,8.6,161523.62
2022-08-03,8.73,8.83,9.09,8.7,137086.12
2022-08-04,8.85,9.01,9.05,8.84,91641.78
2022-08-05,9.1,9.13,9.15,9.01,88186.74
2022-08-08,9.1,9.18,9.21,9.01,82166.32
2022-08-09,9.19,9.07,9.21,8.98,87042.11
2022-08-10,9.01,8.95,9.1,8.86,77755.0
2022-08-11,9.01,9.85,9.85,9.01,361635.61
2022-08-12,10.08,10.84,10.84,10.07,407336.47
2022-08-15,11.16,11.47,11.88,11.02,797095.75
2022-08-16,11.65,12.07,12.4,11.65,591483.45
2022-08-17,12.02,11.8,12.19,11.47,430136.85
2022-08-18,11.81,12.2,12.38,11.57,359950.49
2022-08-19,12.3,11.95,12.57,11.93,280987.64
2022-08-22,11.94,11.72,12.01,11.56,227847.07
2022-08-23,11.72,11.9,12.2,11.57,215591.25
2022-08-24,11.86,11.48,12.15,11.48,205513.86
2022-08-25,11.49,11.08,11.54,10.88,242311.48
2022-08-26,11.11,10.9,11.3,10.83,149643.65
2022-08-29,10.78,11.1,11.25,10.61,141064.79
2022-08-30,11.14,10.94,11.23,10.79,97609.12
2022-08-31,10.88,10.83,11.32,10.77,202650.27
2022-09-01,10.79,10.6,10.97,10.47,190816.4
2022-09-02,10.7,10.95,11.03,10.67,136828.2
2022-09-05,10.93,10.65,11.03,10.57,119383.87
2022-09-06,10.75,10.85,11.06,10.58,115142.04
2022-09-07,10.88,10.77,10.91,10.65,100407.13
2022-09-08,10.69,10.6,10.79,10.57,83164.13
2022-09-09,10.8,11.66,11.66,10.64,212171.32
2022-09-13,11.97,11.86,12.3,11.6,400842.8
2022-09-14,11.8,11.91,12.17,11.63,247721.74
2022-09-15,11.85,11.97,12.74,11.69,350521.48
2022-09-16,11.97,11.16,12.24,11.16,300288.52
2022-09-19,11.26,10.3,11.35,10.13,295612.57
2022-09-20,10.48,10.6,10.84,10.35,178242.16
2022-09-21,10.7,10.48,10.75,10.15,129155.33
2022-09-22,10.48,10.4,10.66,10.37,88863.3
2022-09-23,10.4,10.11,10.51,10.04,110835.0
2022-09-26,10.12,9.95,10.24,9.92,96873.1
2022-09-27,9.59,9.71,9.91,9.4,209608.53
2022-09-28,9.66,9.1,9.71,9.05,201399.12
2022-09-29,9.28,9.13,9.49,9.07,153970.93
2022-09-30,9.1,9.11,9.67,9.04,154027.31
2022-10-10,9.24,8.91,9.29,8.9,106931.45
2022-10-11,9.03,8.83,9.03,8.64,101812.34
2022-10-12,8.82,8.97,9.02,8.49,120219.51
2022-10-13,8.9,9.02,9.28,8.86,131105.47
2022-10-14,9.1,9.92,9.92,9.03,159529.93
2022-10-17,10.07,10.6,10.91,9.92,468105.21
2022-10-18,10.5,10.44,10.67,10.25,285716.4
2022-10-19,10.43,10.23,10.46,10.08,191366.54
2022-10-20,10.3,10.2,10.6,10.19,180146.79
2022-10-21,10.25,10.36,10.5,10.16,145470.42
2022-10-24,10.48,10.08,10.7,10.06,169885.05
2022-10-25,10.07,10.08,10.38,9.9,137766.44
2022-10-26,10.02,10.4,10.64,10.01,226491.96
2022-10-27,10.49,10.74,10.79,10.3,253767.55
2022-10-28,10.65,10.11,10.65,10.0,238860.13
2022-10-31,10.11,10.28,10.4,10.08,145782.25
2022-11-01,10.21,10.39,10.43,10.12,159142.6
2022-11-02,10.39,10.43,10.73,10.3,170038.01
2022-11-03,10.36,10.29,10.43,10.15,128826.0
2022-11-04,10.32,10.43,10.53,10.22,152615.28
2022-11-07,10.4,10.44,10.69,10.33,125387.26
2022-11-08,10.57,10.6,10.84,10.25,222700.72
2022-11-09,10.6,10.75,11.07,10.52,254224.67
2022-11-10,11.0,11.83,11.83,10.8,260575.06
2022-11-11,12.54,10.86,12.87,10.7,812231.44
2022-11-14,10.76,11.04,11.22,10.55,416677.35
2022-11-15,11.03,10.93,11.07,10.77,307052.18
2022-11-16,10.89,10.57,10.96,10.5,256433.12
2022-11-17,10.46,11.29,11.63,10.36,572540.71
2022-11-18,11.39,11.27,11.85,11.11,495663.29
2022-11-21,11.24,11.24,11.5,11.05,227742.96
2022-11-22,11.29,10.9,11.42,10.8,244611.65
2022-11-23,10.9,10.98,11.01,10.51,196429.2
2022-11-24,10.97,10.78,11.06,10.71,140281.25
2022-11-25,10.8,10.79,10.9,10.53,128379.71
2022-11-28,10.52,10.51,10.73,10.34,137443.95
2022-11-29,10.51,10.88,11.05,10.45,187093.55
2022-11-30,10.9,10.78,10.98,10.7,113330.83
2022-12-01,10.79,11.35,11.35,10.79,246880.82
2022-12-02,11.27,11.46,11.61,11.2,219832.96
2022-12-05,11.49,12.01,12.45,11.46,423264.4
2022-12-06,11.76,11.72,12.09,11.66,257764.45
2022-12-07,11.63,11.81,12.1,11.54,209095.84
2022-12-08,11.81,11.42,11.95,11.39,217840.97
2022-12-09,11.41,11.42,11.54,11.17,185904.18
2022-12-12,11.51,11.48,11.59,11.3,138855.76
2022-12-13,11.97,11.26,12.2,11.15,311030.89
2022-12-14,11.2,11.04,11.34,11.0,169162.47
2022-12-15,11.0,11.22,11.44,10.96,135164.57
2022-12-16,11.22,11.29,11.84,11.13,160717.12
2022-12-19,11.4,10.86,11.5,10.8,151347.95
2022-12-20,10.8,10.7,11.03,10.57,111486.68
2022-12-21,10.7,10.4,10.8,10.32,134121.5
2022-12-22,10.49,10.25,10.52,10.18,110931.91
2022-12-23,10.25,10.33,10.42,10.18,93360.88
2022-12-26,10.32,10.32,10.41,10.26,63534.49
2022-12-27,10.38,10.31,10.38,9.97,121592.25
2022-12-28,10.25,10.41,10.55,10.1,122220.31
2022-12-29,10.3,10.08,10.38,10.08,86557.4
2022-12-30,10.17,10.16,10.35,10.0,72869.86
2023-01-03,10.14,10.39,10.5,9.9,130105.86
2023-01-04,10.33,10.2,10.44,10.16,103236.38
2023-01-05,10.18,10.09,10.26,10.08,98466.48
2023-01-06,10.09,10.01,10.2,9.98,91294.98
2023-01-09,10.03,10.0,10.09,9.58,151575.62
2023-01-10,10.01,10.08,10.26,9.93,102982.08
2023-01-11,10.06,9.95,10.07,9.89,70546.58
2023-01-12,9.95,10.01,10.09,9.89,67757.07
2023-01-13,10.05,9.97,10.05,9.88,62208.0
2023-01-16,9.94,10.07,10.19,9.94,78676.51
2023-01-17,10.05,10.1,10.15,10.02,59466.0
2023-01-18,10.16,10.51,10.78,10.1,227991.44
2023-01-19,10.45,10.54,10.64,10.43,86750.7
2023-01-20,10.66,10.54,10.85,10.4,122784.76
2023-01-30,10.65,10.66,10.77,10.59,119576.83
2023-01-31,10.62,10.52,10.68,10.5,65284.8
2023-02-01,10.52,10.88,11.0,10.44,143957.14
2023-02-02,10.88,11.05,11.18,10.77,154865.07
2023-02-03,11.01,11.03,11.13,10.82,123915.7
2023-02-06,11.02,10.9,11.12,10.83,92452.12
2023-02-07,10.9,10.85,10.99,10.81,67803.65
2023-02-08,10.82,10.74,11.08,10.74,113666.34
2023-02-09,10.71,10.83,10.86,10.62,88451.71
2023-02-10,10.81,10.93,11.1,10.8,109660.41
2023-02-13,10.9,10.87,10.99,10.84,82449.4
2023-02-14,10.87,10.82,10.93,10.69,90140.86
2023-02-15,10.85,10.91,11.05,10.73,119090.65
2023-02-16,10.91,10.72,11.1,10.63,163395.17
2023-02-17,10.72,10.49,10.78,10.49,103792.57
2023-02-20,10.5,10.65,10.66,10.4,94948.03
2023-02-21,10.67,10.74,11.0,10.52,142199.96
2023-02-22,10.62,10.41,10.68,10.36,160985.6
2023-02-23,10.41,10.34,10.48,10.26,105767.8
2023-02-24,10.35,10.34,10.54,10.25,83485.93
2023-02-27,10.26,10.07,10.35,10.05,95061.16
2023-02-28,10.16,10.31,10.44,10.11,111823.92
2023-03-01,10.36,10.69,10.87,10.25,211935.04
2023-03-02,10.69,10.55,10.74,10.51,108362.57
2023-03-03,10.56,10.43,10.61,10.33,94414.36
2023-03-06,10.43,10.47,10.57,10.37,87434.46
2023-03-07,10.47,10.18,10.53,10.16,92287.62
2023-03-08,10.13,10.44,10.45,10.13,90038.6
2023-03-09,10.4,10.39,10.5,10.27,49056.97
2023-03-10,10.31,10.35,10.43,10.26,70079.03
2023-03-13,10.34,10.53,10.55,10.2,103081.2
2023-03-14,10.5,10.54,10.74,10.44,117950.89
2023-03-15,10.49,10.54,10.66,10.48,89320.65
2023-03-16,10.54,10.51,10.67,10.38,89221.8
2023-03-17,10.55,10.7,10.88,10.53,198662.0
2023-03-20,10.73,10.59,10.81,10.5,123828.06
2023-03-21,10.55,10.57,10.67,10.5,90612.73
2023-03-22,10.6,10.74,10.77,10.47,149968.54
2023-03-23,10.7,11.2,11.4,10.64,336138.57
2023-03-24,11.6,11.13,11.84,11.0,371684.53
2023-03-27,11.12,10.97,11.2,10.87,218790.29
2023-03-28,10.98,10.78,11.02,10.76,119087.71
2023-03-29,10.75,10.71,10.97,10.57,156123.8
2023-03-30,10.69,10.4,10.76,10.4,150526.16
2023-03-31,10.48,10.9,10.95,10.3,249415.11
2023-04-03,10.9,11.21,11.3,10.8,258008.6
2023-04-04,11.32,11.44,11.99,11.2,471249.27
2023-04-06,11.36,12.58,12.58,11.29,626553.54
2023-04-07,12.85,13.05,13.44,12.12,947192.12
2023-04-10,12.98,12.01,13.16,11.91,660234.12
2023-04-11,12.02,11.94,12.26,11.67,393264.02
2023-04-12,12.04,11.91,12.14,11.6,285498.49
2023-04-13,11.98,11.98,12.43,11.78,390643.83
2023-04-14,11.95,11.92,12.15,11.8,235342.62
2023-04-17,11.98,11.48,12.0,11.4,268787.38
2023-04-18,11.5,11.29,11.54,11.2,177772.73
2023-04-19,11.29,11.17,11.46,11.1,164617.84
2023-04-20,11.05,11.46,11.49,11.05,194053.79
2023-04-21,11.43,10.9,11.68,10.9,302980.98
2023-04-24,10.95,11.03,11.26,10.93,175775.49
2023-04-25,10.96,10.66,11.14,10.54,199334.21
2023-04-26,10.7,10.39,10.82,10.35,177641.04
2023-04-27,10.5,10.52,10.72,10.4,167718.48
2023-04-28,10.52,10.73,10.8,10.39,128811.86
2023-05-04,10.71,10.56,10.75,10.41,140309.42
2023-05-05,10.56,10.59,10.74,10.35,163184.43
2023-05-08,10.96,11.65,11.65,10.67,420410.03
2023-05-09,11.67,11.76,12.33,11.62,671720.38
2023-05-10,11.68,12.13,12.55,11.65,475203.02
2023-05-11,12.14,12.21,12.45,11.71,431996.66
2023-05-12,12.29,12.43,12.88,12.13,477732.81
2023-05-15,12.28,12.18,12.54,11.75,390301.12
2023-05-16,12.25,11.77,12.45,11.68,289730.0
2023-05-17,11.76,11.93,12.09,11.66,196102.8
2023-05-18,11.86,12.05,12.34,11.7,292632.14
2023-05-19,12.02,11.82,12.26,11.77,161347.45
2023-05-22,11.9,11.81,12.1,11.68,126531.38
2023-05-23,11.77,11.5,11.85,11.5,105858.64
2023-05-24,11.43,11.31,11.51,11.22,122396.64
2023-05-25,11.23,11.19,11.37,11.03,115729.81
2023-05-26,11.25,11.89,12.02,11.11,225596.08
2023-05-29,12.11,13.08,13.08,11.89,347466.64
2023-05-30,13.0,12.8,13.0,12.57,453437.65
2023-05-31,12.81,12.87,13.08,12.65,266062.29
2023-06-01,12.74,12.6,12.92,12.55,219002.99
2023-06-02,12.6,12.39,12.67,12.34,174381.14
2023-06-05,12.43,12.62,12.71,12.32,212554.19
2023-06-06,12.61,12.57,12.95,12.47,268805.4
2023-06-07,12.54,13.25,13.83,12.52,526583.74
2023-06-08,13.11,13.05,13.5,12.83,300321.46
2023-06-09,12.95,12.89,13.26,12.85,219130.16
2023-06-12,12.89,12.87,13.11,12.78,191909.19
2023-06-13,12.9,12.99,13.2,12.72,223152.95
2023-06-14,13.0,12.85,13.39,12.8,282873.49
2023-06-15,12.94,12.9,13.16,12.61,205025.11
2023-06-16,12.9,12.95,13.22,12.71,215651.62
2023-06-19,13.01,13.18,13.48,12.96,270299.89
2023-06-20,13.17,12.67,13.18,12.6,291623.32
2023-06-21,12.73,12.2,12.77,12.2,202924.69
2023-06-26,12.19,11.85,12.19,11.8,136418.11
2023-06-27,11.84,11.92,11.99,11.78,95709.01
2023-06-28,11.86,11.73,11.91,11.42,132598.2
2023-06-29,11.9,12.1,12.29,11.77,158377.07
2023-06-30,12.06,11.99,12.07,11.8,101971.01
2023-07-03,11.99,11.9,12.03,11.6,144435.51
2023-07-04,11.94,11.7,11.94,11.66,102354.64
2023-07-05,11.7,11.62,11.82,11.58,114784.79
2023-07-06,11.63,11.53,11.77,11.48,92064.54
2023-07-07,11.6,11.68,11.79,11.3,115149.63
2023-07-10,11.67,11.64,11.84,11.52,96306.7
2023-07-11,11.68,11.65,11.73,11.53,70988.54
2023-07-12,11.64,11.33,11.64,11.32,88406.0
2023-07-13,11.39,11.56,11.59,11.37,72303.71
2023-07-14,11.56,11.6,11.71,11.53,69686.44
2023-07-17,11.6,11.68,11.7,11.45,52661.09
2023-07-18,11.68,11.61,11.75,11.56,48245.46
2023-07-19,11.68,12.08,12.31,11.59,216312.95
2023-07-20,12.18,11.72,12.21,11.7,127814.88
2023-07-21,11.7,11.73,11.88,11.55,86350.28
2023-07-24,11.68,11.6,11.79,11.58,54269.4
2023-07-25,11.66,11.78,11.85,11.63,75712.19
2023-07-26,11.75,11.64,11.84,11.6,59117.08
2023-07-27,11.69,11.65,11.74,11.59,46092.08
2023-07-28,11.6,11.73,11.81,11.54,84958.51
2023-07-31,11.73,11.98,12.25,11.64,180179.26
2023-08-01,11.9,11.73,11.98,11.63,115246.72
2023-08-02,11.73,11.8,11.85,11.69,57236.74
2023-08-03,11.8,11.8,11.93,11.77,83249.26
2023-08-04,11.8,11.99,12.15,11.8,160184.69
2023-08-07,11.98,11.95,12.02,11.83,85278.63
2023-08-08,11.9,12.19,12.4,11.9,185706.19
2023-08-09,12.29,12.57,12.87,12.12,370814.62
2023-08-10,12.41,12.13,12.59,12.1,229595.21
2023-08-11,12.19,12.18,12.55,12.08,199046.64
2023-08-14,11.93,12.05,12.17,11.72,139882.56
2023-08-15,12.01,11.72,12.09,11.5,168664.04
2023-08-16,11.67,11.46,11.71,11.31,125435.74
2023-08-17,11.4,11.56,11.66,11.24,90120.09
2023-08-18,11.53,11.23,11.64,11.21,102522.42
2023-08-21,11.22,11.18,11.39,11.16,60180.0
2023-08-22,11.23,11.73,11.78,11.21,149261.33
2023-08-23,11.78,11.43,11.94,11.4,125902.62
2023-08-24,11.48,11.09,11.51,11.09,114594.8
2023-08-25,10.98,10.63,11.03,10.54,133505.27
2023-08-28,11.1,10.72,11.28,10.72,148251.94
2023-08-29,10.77,11.05,11.11,10.74,87994.63
2023-08-30,11.11,11.32,11.53,11.11,121303.61
2023-08-31,11.25,11.23,11.37,11.08,76849.68
2023-09-01,11.32,11.36,11.5,11.17,77503.63
2023-09-04,11.37,11.46,11.46,11.28,69260.38
2023-09-05,11.38,11.26,11.49,11.24,61521.0
2023-09-06,11.19,11.21,11.26,11.03,52948.81
2023-09-07,11.2,11.02,11.21,11.01,53879.0
2023-09-08,11.01,10.78,11.05,10.75,85746.81
2023-09-11,10.78,11.08,11.12,10.72,84674.0
2023-09-12,11.08,10.9,11.14,10.87,56456.0
2023-09-13,10.91,10.74,10.92,10.62,62641.0
2023-09-14,10.66,10.71,10.75,10.57,52775.0
2023-09-15,10.72,10.71,10.78,10.62,39215.74
2023-09-18,10.72,10.86,10.96,10.62,60458.13
2023-09-19,10.82,10.67,10.88,10.61,49953.18
2023-09-20,10.71,10.57,10.76,10.54,37429.79
2023-09-21,10.57,10.44,10.68,10.4,49538.56
2023-09-22,10.47,10.6,10.61,10.36,55273.24
2023-09-25,10.6,10.42,10.74,10.41,60531.76
2023-09-26,10.4,10.49,10.57,10.39,45323.6
2023-09-27,10.48,10.9,11.1,10.41,137609.43
2023-09-28,10.86,10.7,10.96,10.68,68203.0
2023-10-09,10.71,10.75,10.83,10.53,75577.89
2023-10-10,10.79,10.66,10.89,10.64,55256.81
2023-10-11,10.66,10.8,10.92,10.65,66055.18
2023-10-12,10.83,10.99,11.1,10.82,95928.17
2023-10-13,10.91,10.83,11.05,10.78,77523.92
2023-10-16,10.79,10.78,10.9,10.71,55504.0
2023-10-17,10.78,10.62,10.82,10.53,54628.05
2023-10-18,10.66,10.51,10.66,10.23,82270.95
2023-10-19,10.41,10.36,10.62,10.34,45851.11
2023-10-20,10.36,10.04,10.43,10.01,83953.46
2023-10-23,10.05,9.98,10.25,9.86,89518.63
2023-10-24,10.03,10.02,10.11,9.83,80481.35
2023-10-25,10.06,10.11,10.44,9.98,87635.14
2023-10-26,10.05,10.01,10.1,9.86,63197.53
2023-10-27,10.03,10.24,10.32,9.87,86618.38
2023-10-30,10.23,10.39,10.44,10.15,88274.11
2023-10-31,10.41,10.33,10.52,10.26,63378.0
2023-11-01,10.4,10.54,10.62,10.27,101704.55
2023-11-02,10.61,10.64,11.25,10.61,224596.5
2023-11-03,10.78,10.99,11.25,10.74,188469.45
2023-11-06,11.08,11.32,11.37,11.03,149068.97
2023-11-07,11.3,11.0,11.31,10.96,173303.62
2023-11-08,11.02,11.34,11.36,11.02,181290.37
2023-11-09,11.3,11.26,11.62,11.23,154903.48
2023-11-10,11.26,11.55,12.08,11.17,326224.2
2023-11-13,12.5,12.71,12.71,12.06,454946.01
2023-11-14,13.38,13.5,13.98,13.2,1232447.26
2023-11-15,13.42,13.61,14.79,13.31,1091152.02
2023-11-16,13.61,13.09,13.79,13.05,614698.44
2023-11-17,13.3,13.95,14.24,13.18,645275.75
2023-11-20,14.7,14.88,15.2,14.1,774451.91
2023-11-21,14.76,14.41,14.89,14.28,501377.13
2023-11-22,14.77,14.63,15.83,14.56,701520.42
2023-11-23,14.9,14.51,15.0,14.2,505669.17
2023-11-24,14.4,13.99,14.59,13.65,557570.76
2023-11-27,14.0,13.72,14.55,13.62,479380.18
2023-11-28,13.88,14.58,14.65,13.6,503547.29
2023-11-29,14.39,14.14,14.6,14.0,348236.05
2023-11-30,14.14,14.14,14.47,13.9,281738.19
2023-12-01,14.13,14.28,14.65,14.0,215397.96
2023-12-04,14.48,14.56,15.14,14.37,493755.71
2023-12-05,14.4,14.27,14.9,14.26,340233.95
2023-12-06,14.0,14.28,14.45,14.0,271117.54
2023-12-07,14.05,14.0,14.24,13.7,316543.49
2023-12-08,14.0,14.0,14.48,13.93,231406.96
2023-12-11,14.01,14.23,14.3,13.7,231516.49
2023-12-12,14.23,14.27,14.4,14.0,165559.0
2023-12-13,14.26,13.9,14.34,13.9,155624.21
2023-12-14,14.07,13.85,14.24,13.8,164942.91
2023-12-15,13.82,13.65,13.97,13.56,175343.0
2023-12-18,13.69,13.35,13.93,13.3,210419.53
2023-12-19,13.19,13.2,13.36,13.08,158477.45
2023-12-20,13.27,12.74,13.27,12.65,218800.01
2023-12-21,12.53,12.63,12.71,12.47,159530.73
2023-12-22,12.63,12.17,12.64,12.1,191628.18
2023-12-25,12.43,12.97,12.97,11.99,254076.89
2023-12-26,12.98,12.5,12.98,12.42,299167.1
2023-12-27,12.5,13.25,13.37,12.41,377066.73
2023-12-28,13.24,13.06,13.24,12.79,305382.23
2023-12-29,13.06,13.18,13.48,13.02,221903.58
2024-01-02,13.17,12.83,13.17,12.67,182073.0
2024-01-03,12.79,12.53,12.88,12.43,139426.72
2024-01-04,12.49,12.53,12.63,12.37,103991.72
2024-01-05,12.68,12.17,12.79,12.05,149876.66
2024-01-08,12.16,11.89,12.24,11.79,140846.02
2024-01-09,12.01,11.9,12.07,11.7,126084.57
2024-01-10,11.9,11.7,11.97,11.68,78359.43
2024-01-11,11.75,11.97,12.04,11.69,113056.23
2024-01-12,11.91,11.75,12.38,11.74,168810.22
2024-01-15,11.68,11.75,11.89,11.59,86647.46
2024-01-16,11.71,11.65,11.74,11.42,105875.32
2024-01-17,11.64,11.38,11.7,11.26,72910.97
2024-01-18,11.31,11.15,11.31,10.82,172228.52
2024-01-19,11.16,11.0,11.22,10.93,92806.53
2024-01-22,11.01,10.27,11.06,10.16,142535.9
2024-01-23,10.27,10.34,10.43,10.06,141129.56
2024-01-24,10.42,10.44,10.49,10.02,133643.97
2024-01-25,10.49,11.11,11.14,10.38,205380.37
2024-01-26,11.11,11.16,11.63,11.09,202848.09
2024-01-29,11.16,10.68,11.27,10.67,159339.76
2024-01-30,10.5,10.24,11.08,10.18,141333.28
2024-01-31,10.1,9.7,10.43,9.68,183362.65
2024-02-01,9.7,9.61,10.02,9.55,156087.81
2024-02-02,9.69,9.03,9.89,8.65,277709.77
2024-02-05,8.95,8.14,9.03,8.13,311224.67
2024-02-06,7.89,8.44,8.64,7.67,306385.11
2024-02-07,8.5,8.98,9.28,8.41,411874.48
2024-02-08,8.97,9.26,9.37,8.6,341857.28
2024-02-19,9.35,9.47,9.55,9.21,225084.82
2024-02-20,9.47,9.71,9.8,9.23,186674.61
2024-02-21,9.61,9.67,9.93,9.49,168883.4
2024-02-22,9.72,10.12,10.13,9.62,172064.24
2024-02-23,10.09,10.23,10.25,9.96,161434.56
2024-02-26,10.23,10.4,10.59,10.15,167922.24
2024-02-27,10.28,10.57,10.58,10.24,152515.01
2024-02-28,10.57,9.9,10.81,9.9,250609.65
2024-02-29,9.85,10.34,10.35,9.81,165741.0
2024-03-01,10.34,10.39,10.56,10.23,161845.15
2024-03-04,10.39,10.58,10.62,10.07,255139.64
2024-03-05,10.41,10.19,10.49,10.13,195897.8
2024-03-06,10.1,10.07,10.2,9.91,148647.67
2024-03-07,10.08,9.76,10.15,9.74,145092.27
2024-03-08,9.81,9.72,9.9,9.5,181659.57
2024-03-11,9.68,10.14,10.15,9.63,199628.99
2024-03-12,10.05,10.38,10.42,10.0,233523.25
2024-03-13,10.3,10.63,10.89,10.29,286842.0
2024-03-14,10.52,10.33,10.7,10.17,216856.57
2024-03-15,10.31,10.5,10.54,10.16,129517.91
2024-03-18,10.65,11.18,11.25,10.65,354273.18
2024-03-19,11.05,11.1,11.41,11.05,273956.95
2024-03-20,11.09,11.21,11.34,10.95,223709.11
2024-03-21,11.15,10.98,11.3,10.92,188038.69
2024-03-22,10.95,10.8,10.99,10.53,199169.68
2024-03-25,10.76,10.27,10.84,10.26,193762.73
2024-03-26,10.29,10.12,10.4,10.01,156411.4
2024-03-27,10.12,9.54,10.12,9.52,190381.31
2024-03-28,9.6,9.9,10.0,9.5,135435.5
2024-03-29,9.97,10.07,10.17,9.75,132069.9
2024-04-01,10.02,10.18,10.21,10.0,167517.28
2024-04-02,10.12,9.8,10.18,9.75,200660.31
2024-04-03,9.82,9.43,9.83,9.39,191520.72
2024-04-08,9.38,9.19,9.43,9.02,132035.16
2024-04-09,9.2,9.4,9.42,9.1,109474.61
2024-04-10,9.39,9.16,9.39,9.05,108026.56
2024-04-11,9.13,9.11,9.25,9.06,91026.0
2024-04-12,9.11,8.97,9.22,8.95,90564.32
2024-04-15,8.65,8.35,8.87,8.18,289974.69
2024-04-16,8.4,7.83,8.49,7.8,231412.81
2024-04-17,8.0,8.35,8.36,7.97,173481.35
2024-04-18,8.23,8.2,8.43,8.11,141018.2
2024-04-19,8.18,8.04,8.22,7.96,120011.42
2024-04-22,8.1,8.09,8.16,7.78,108495.4
2024-04-23,8.17,8.25,8.35,8.08,115700.14
2024-04-24,8.22,8.36,8.38,8.2,89256.46
2024-04-25,8.41,8.31,8.44,8.25,94739.01
2024-04-26,8.38,8.58,8.68,8.26,132123.21
2024-04-29,8.68,9.12,9.15,8.68,163015.02
2024-04-30,9.12,9.0,9.14,8.86,105537.05
2024-05-06,9.08,9.1,9.33,9.07,121918.14
2024-05-07,9.18,8.96,9.18,8.92,105231.04
2024-05-08,9.0,8.65,9.0,8.62,118164.33
2024-05-09,8.72,8.7,8.86,8.65,83289.44
2024-05-10,8.74,8.47,8.77,8.37,111832.8
2024-05-13,8.47,8.17,8.47,8.07,123723.46
2024-05-14,8.23,8.24,8.36,8.13,99789.31
2024-05-15,8.23,8.15,8.33,8.09,94647.77
2024-05-16,8.17,8.17,8.33,8.15,92770.0
2024-05-17,8.2,8.31,8.32,8.14,102001.19
2024-05-20,8.33,8.37,8.52,8.23,113062.12
2024-05-21,8.42,8.24,8.45,8.21,83714.0
2024-05-22,8.33,8.53,8.66,8.24,178617.5
2024-05-23,8.5,8.06,8.5,8.06,155802.94
2024-05-24,8.15,8.87,8.87,8.04,312797.04
2024-05-27,8.85,8.73,8.86,8.36,305243.12
2024-05-28,8.55,8.46,8.67,8.42,166805.83
2024-05-29,8.47,8.14,8.47,8.0,246399.79
2024-05-30,8.09,8.0,8.11,7.74,155083.47
2024-05-31,8.0,8.39,8.56,8.0,234714.49
2024-06-03,8.3,7.94,8.37,7.89,226664.77
2024-06-04,7.87,7.89,7.95,7.76,115605.12
2024-06-05,7.84,7.7,7.92,7.7,110270.01
2024-06-06,7.72,7.25,7.85,7.18,218401.37
2024-06-07,7.47,7.47,7.62,7.26,133070.74
2024-06-11,7.47,7.67,7.71,7.22,131986.46
2024-06-12,7.66,7.55,7.79,7.55,95903.0
2024-06-13,7.55,7.31,7.66,7.26,208579.55
2024-06-14,7.25,7.22,7.3,7.02,216192.07
2024-06-17,7.2,7.1,7.2,7.07,144398.58
2024-06-18,7.1,7.2,7.32,7.1,132886.69
2024-06-19,7.27,7.1,7.28,7.08,91347.39
2024-06-20,7.07,6.9,7.15,6.89,142260.59
2024-06-21,6.91,6.92,6.99,6.82,93191.12
2024-06-24,6.93,6.66,6.98,6.66,141104.44
2024-06-25,6.68,6.6,6.76,6.52,124967.23
2024-06-26,6.63,6.92,6.96,6.54,123721.35
2024-06-27,6.94,6.76,6.95,6.74,105413.98
2024-06-28,6.73,6.67,6.9,6.66,101813.24
2024-07-01,6.66,6.71,6.78,6.48,93958.92
2024-07-02,6.73,6.82,7.0,6.66,131279.78
2024-07-03,6.8,6.81,6.95,6.78,94624.0
2024-07-04,6.86,6.8,7.19,6.8,294420.22
2024-07-05,6.75,6.97,7.03,6.61,166727.62
2024-07-08,6.8,6.53,6.9,6.43,221270.85
2024-07-09,6.51,6.47,6.55,6.25,173164.19
2024-07-10,6.45,6.43,6.64,6.39,117513.82
2024-07-11,6.56,6.63,6.67,6.49,131735.59
2024-07-12,6.62,6.55,6.72,6.55,94990.01
2024-07-15,6.6,6.31,6.6,6.3,107949.24
2024-07-16,6.31,6.35,6.39,6.26,81871.95
2024-07-17,6.35,6.51,6.61,6.31,152122.0
2024-07-18,6.5,6.5,6.55,6.24,116389.25
2024-07-19,6.49,6.79,7.08,6.44,233559.65
2024-07-22,6.76,6.73,6.81,6.61,119687.85
2024-07-23,6.79,7.4,7.4,6.73,315697.22
2024-07-24,7.5,7.47,7.87,7.28,780662.82
2024-07-25,7.14,7.14,7.27,6.88,445863.0
2024-07-26,7.07,7.08,7.36,7.04,273341.43
2024-07-29,7.08,7.11,7.25,6.91,222785.8
2024-07-30,7.02,7.04,7.2,6.98,211279.04
2024-07-31,6.96,7.3,7.42,6.93,345200.38
2024-08-01,7.25,7.36,7.57,7.23,255914.07
2024-08-02,7.36,7.52,7.69,7.31,360730.72
2024-08-05,7.35,7.21,7.74,7.2,307295.68
2024-08-06,7.35,7.42,7.44,7.19,207558.87
2024-08-07,7.38,7.16,7.39,7.14,170293.01
2024-08-08,7.17,7.26,7.32,7.13,127186.06
2024-08-09,7.31,7.09,7.38,7.07,107142.98
2024-08-12,7.14,6.86,7.14,6.81,154328.02
2024-08-13,6.87,6.93,6.96,6.78,90594.33
2024-08-14,6.91,6.8,6.95,6.79,91855.51
2024-08-15,6.78,6.93,7.06,6.7,127795.53
2024-08-16,6.92,6.85,7.05,6.82,91116.1
2024-08-19,6.82,6.8,6.95,6.8,102486.87
2024-08-20,6.8,6.69,6.83,6.55,118822.0
2024-08-21,6.75,6.58,6.77,6.58,68002.53
2024-08-22,6.6,6.43,6.66,6.4,92283.0
2024-08-23,6.46,6.45,6.51,6.37,67616.18
2024-08-26,6.47,6.58,6.63,6.42,76725.01
2024-08-27,6.59,6.45,6.6,6.41,76092.0
2024-08-28,6.46,6.54,6.61,6.34,81127.71
2024-08-29,6.5,6.81,6.94,6.45,159327.1
2024-08-30,6.81,6.89,7.04,6.79,165455.1
2024-09-02,6.92,6.71,6.94,6.67,94698.0
2024-09-03,6.73,6.68,6.79,6.64,99797.05
2024-09-04,6.67,6.68,6.73,6.62,65832.0
2024-09-05,6.67,6.82,6.84,6.67,92653.0
2024-09-06,6.81,6.69,6.88,6.68,66006.0
2024-09-09,6.68,6.8,7.05,6.6,163290.11
2024-09-10,6.81,6.83,6.87,6.6,142023.21
2024-09-11,6.83,6.95,7.03,6.79,145424.45
2024-09-12,6.93,7.04,7.08,6.92,140358.39
2024-09-13,7.04,6.97,7.14,6.92,142619.57
2024-09-18,6.97,6.84,6.97,6.71,116315.35
2024-09-19,6.89,7.24,7.25,6.86,199934.02
2024-09-20,7.24,7.58,7.85,7.23,432484.71
2024-09-23,7.62,7.48,7.71,7.35,200747.02
2024-09-24,7.54,7.64,7.7,7.38,203302.34
2024-09-25,7.73,7.8,8.03,7.66,256949.92
2024-09-26,7.81,7.94,7.96,7.74,205594.32
2024-09-27,8.2,8.49,8.73,8.07,364203.99
2024-09-30,8.99,9.34,9.34,8.71,506639.92
2024-10-08,10.27,10.27,10.27,9.76,500967.42
2024-10-09,11.0,11.04,11.3,10.27,1138428.07
2024-10-10,11.28,10.02,11.38,10.0,949224.16
2024-10-11,9.85,9.7,10.26,9.43,583268.1
2024-10-14,10.06,10.67,10.67,9.87,559941.55
2024-10-15,10.77,10.71,11.46,10.55,697661.88
2024-10-16,10.55,11.68,11.78,10.55,806901.08
2024-10-17,11.9,11.93,12.71,11.74,877917.46
2024-10-18,11.91,13.12,13.12,11.91,744934.89
2024-10-21,13.53,14.43,14.43,13.43,1068958.29
2024-10-22,14.3,15.2,15.71,13.96,1081061.03
2024-10-23,15.21,16.72,16.72,14.9,1241613.77
2024-10-24,16.72,16.01,17.35,15.7,1383730.59
2024-10-25,16.45,15.98,16.65,15.4,959613.13
2024-10-28,15.6,14.8,16.27,14.41,1291501.11
2024-10-29,14.89,14.8,15.7,14.7,1100535.31
2024-10-30,14.9,15.0,15.58,14.59,1055761.84
2024-10-31,14.7,14.64,15.43,14.43,968105.26
2024-11-01,14.5,13.52,14.59,13.3,940460.26
2024-11-04,13.21,13.43,13.6,13.18,472569.75
2024-11-05,13.46,13.89,14.06,13.4,688960.01
2024-11-06,13.88,13.6,14.2,13.3,633929.79
2024-11-07,13.47,13.94,13.98,13.28,503982.59
2024-11-08,14.14,14.22,14.59,13.87,756928.36
2024-11-11,14.22,14.95,15.49,14.09,975726.09
2024-11-12,15.0,15.11,15.98,14.72,853563.11
2024-11-13,14.83,13.9,14.93,13.76,716504.5
2024-11-14,13.91,13.5,14.06,13.4,390720.78
2024-11-15,13.3,13.07,13.65,13.03,338644.2
2024-11-18,13.01,11.96,13.07,11.81,522230.15
2024-11-19,12.0,12.31,12.32,11.83,341214.44
2024-11-20,12.38,13.54,13.54,12.26,298394.62
2024-11-21,14.0,14.2,14.89,13.9,1473015.87
2024-11-22,14.0,13.54,14.8,13.45,900623.47
2024-11-25,14.08,13.09,14.3,12.52,653768.4
2024-11-26,13.23,12.6,13.35,12.55,369504.72
2024-11-27,12.6,13.86,13.86,12.22,874912.68
2024-11-28,13.69,13.24,14.03,13.21,652204.86
2024-11-29,13.41,14.17,14.5,13.3,678386.54
2024-12-02,14.1,13.99,14.25,13.89,432448.18
2024-12-03,14.05,13.95,14.42,13.7,441642.08
2024-12-04,13.88,13.36,14.11,13.25,412720.0
2024-12-05,13.3,13.7,13.81,13.13,285960.88
2024-12-06,13.64,13.6,14.0,13.31,315990.2
2024-12-09,13.64,13.04,13.72,12.84,426334.94
2024-12-10,13.45,12.91,13.45,12.9,333027.44
2024-12-11,12.92,13.0,13.1,12.84,204196.27
2024-12-12,12.99,13.22,13.22,12.9,260375.29
2024-12-13,13.19,12.72,13.19,12.69,276628.17
2024-12-16,12.72,12.6,12.96,12.5,195630.0
2024-12-17,12.53,12.1,12.59,12.0,271745.44
2024-12-18,12.13,12.27,12.84,11.93,267639.54
2024-12-19,12.13,12.34,12.39,11.97,156005.89
2024-12-20,12.31,12.51,12.76,12.22,200469.61
2024-12-23,12.51,11.85,12.55,11.8,293472.91
2024-12-24,11.84,11.87,11.97,11.65,145080.76
2024-12-25,11.91,11.45,12.0,11.2,262668.03
2024-12-26,11.46,11.34,11.54,11.3,184629.91
2024-12-27,11.4,11.37,11.63,11.27,179803.74
2024-12-30,11.31,11.34,11.45,11.03,147476.91
2024-12-31,11.4,10.98,11.6,10.98,199810.94
2025-01-02,10.95,10.5,11.03,10.38,249300.64
2025-01-03,10.5,10.06,10.55,10.0,228847.01
2025-01-06,10.06,9.96,10.15,9.81,187366.45
2025-01-07,10.0,10.09,10.12,9.86,136842.0
2025-01-08,10.15,10.04,10.3,9.73,189324.24
2025-01-09,9.96,10.16,10.21,9.92,159413.0
2025-01-10,10.15,10.12,10.34,9.97,187894.82
2025-01-13,9.96,9.97,10.09,9.74,153944.78
2025-01-14,10.02,10.49,10.5,9.98,263495.0
2025-01-15,10.5,10.29,10.53,10.13,173361.0
2025-01-16,10.35,10.22,10.58,10.16,160525.01
2025-01-17,10.15,10.27,10.49,10.06,186897.41
2025-01-20,10.25,10.23,10.43,10.19,161620.77
2025-01-21,10.16,10.0,10.3,9.96,157992.0
2025-01-22,9.94,9.85,10.0,9.8,130875.1
2025-01-23,9.97,9.66,10.23,9.66,211825.62
2025-01-24,9.66,9.76,9.88,9.6,215628.41
2025-01-27,9.86,9.68,9.95,9.63,129400.1
2025-02-05,9.9,10.65,10.65,9.83,421221.45
2025-02-06,10.85,10.83,10.97,10.45,508061.06
2025-02-07,10.83,11.5,11.91,10.75,809280.36
2025-02-10,11.75,11.98,12.2,11.51,738958.84
2025-02-11,11.84,11.4,11.88,11.29,507220.0
2025-02-12,11.33,11.73,11.98,11.28,445925.78
2025-02-13,11.74,11.38,11.8,11.37,311622.18
2025-02-14,12.18,12.52,12.52,11.8,778233.18
2025-02-17,13.0,12.78,13.77,12.66,1263237.88
2025-02-18,12.4,11.84,12.62,11.8,720642.0
2025-02-19,11.8,12.01,12.21,11.75,405183.15
2025-02-20,12.19,12.37,12.88,12.19,656650.4
2025-02-21,12.37,12.5,12.61,12.12,409113.78
2025-02-24,12.46,12.16,12.5,12.07,378864.71
2025-02-25,11.97,12.28,12.56,11.86,413981.0
2025-02-26,12.23,12.0,12.27,11.89,303397.24
2025-02-27,12.03,11.82,12.15,11.6,267927.76
2025-02-28,11.78,11.29,11.92,11.25,270627.7
2025-03-03,11.31,11.59,11.93,11.09,322294.8
2025-03-04,11.5,11.89,12.14,11.45,308734.43
2025-03-05,11.88,11.75,11.95,11.59,184124.0
2025-03-06,11.85,11.97,12.03,11.72,239398.87
2025-03-07,11.88,11.61,11.95,11.54,232112.98
2025-03-10,11.99,11.87,12.3,11.47,530416.43
2025-03-11,11.49,11.41,11.71,11.27,416598.08
2025-03-12,11.42,12.55,12.55,11.31,740844.99
2025-03-13,12.56,12.77,13.1,12.27,1167937.31
2025-03-14,12.51,13.01,13.2,12.03,785408.18
2025-03-17,12.93,12.62,13.11,12.6,485617.4
2025-03-18,12.67,12.78,13.18,12.66,502415.65
2025-03-19,12.62,12.64,12.85,12.42,340668.01
2025-03-20,12.7,12.82,13.18,12.52,470809.43
2025-03-21,12.7,12.12,12.76,12.01,432364.34
2025-03-24,12.12,11.12,12.17,10.91,578611.76
2025-03-25,11.16,10.69,11.16,10.45,310918.15
2025-03-26,10.63,10.68,10.82,10.6,151098.35
2025-03-27,10.69,10.96,11.43,10.62,321650.26
2025-03-28,10.99,10.98,11.38,10.95,223163.14
2025-03-31,10.81,10.85,10.98,10.55,178907.34
2025-04-01,10.86,11.11,11.29,10.86,224282.35
2025-04-02,11.04,11.94,12.22,11.01,693721.24
2025-04-03,11.8,11.6,12.3,11.5,496155.5
2025-04-07,10.87,10.44,11.14,10.44,349794.0
2025-04-08,10.44,10.49,10.83,10.1,433197.55
2025-04-09,10.37,10.35,10.49,9.48,390424.87
2025-04-10,10.57,10.38,10.79,10.36,343513.05
2025-04-11,10.29,10.39,10.62,10.21,232741.16
2025-04-14,10.53,10.57,10.76,10.49,221665.2
2025-04-15,10.55,10.5,10.62,10.42,131124.0
2025-04-16,10.47,10.42,10.68,10.28,190995.26
2025-04-17,10.34,10.49,10.62,10.32,146690.0
2025-04-18,10.46,10.43,10.58,10.37,95491.0
2025-04-21,10.38,10.55,10.65,10.31,144669.0
2025-04-22,10.55,10.4,10.64,10.39,118772.96
2025-04-23,10.45,10.48,10.65,10.44,157542.82
2025-04-24,10.55,10.45,10.68,10.37,183966.5
2025-04-25,10.58,10.41,10.78,10.4,186039.37
2025-04-28,10.38,10.11,10.38,9.94,198170.19
2025-04-29,10.04,10.26,10.29,9.96,143955.5
2025-04-30,10.28,10.49,10.62,10.22,171502.2
2025-05-06,10.62,10.84,10.92,10.6,223844.69
2025-05-07,10.99,10.73,11.1,10.62,231532.52
2025-05-08,10.7,10.83,10.87,10.67,145286.42
2025-05-09,10.78,10.57,10.86,10.55,110344.23
2025-05-12,10.71,10.57,10.76,10.51,118702.23
2025-05-13,10.68,10.67,10.74,10.58,134023.01
2025-05-14,10.71,10.64,10.86,10.5,141516.0
2025-05-15,10.6,10.36,10.64,10.3,140843.01
2025-05-16,10.37,10.32,10.42,10.28,97415.56
2025-05-19,10.35,10.49,10.49,10.25,108322.76
2025-05-20,10.48,10.49,10.59,10.38,127641.0
2025-05-21,10.49,10.41,10.49,10.32,95062.01
2025-05-22,10.36,10.15,10.4,10.14,126967.01
2025-05-23,10.19,10.21,10.7,10.07,266399.22
2025-05-26,10.11,10.22,10.28,10.09,115729.48
2025-05-27,10.21,10.21,10.23,10.11,74953.0
2025-05-28,10.2,10.12,10.26,10.08,87838.0
2025-05-29,10.12,10.37,10.37,10.12,158309.53
2025-05-30,10.35,10.14,10.36,10.09,119705.0
2025-06-03,10.12,10.14,10.25,10.06,86024.41
2025-06-04,10.18,10.11,10.2,10.07,108884.06
2025-06-05,10.6,10.37,10.69,10.29,372253.21
2025-06-06,10.49,10.31,10.6,10.25,192659.97
2025-06-09,10.18,10.31,10.42,10.12,189016.63
2025-06-10,10.47,10.27,10.58,10.16,224557.97
2025-06-11,10.27,10.2,10.33,10.16,166212.17
2025-06-12,10.16,10.24,10.3,10.11,113986.0
2025-06-13,10.18,10.06,10.21,10.05,140120.63
2025-06-16,10.03,10.07,10.11,10.01,82950.01
2025-06-17,10.08,10.11,10.22,10.03,101953.89
2025-06-18,10.06,10.04,10.1,9.97,101814.31
2025-06-19,10.04,9.85,10.07,9.82,120020.08
2025-06-20,9.88,9.83,9.93,9.8,70465.0
2025-06-23,9.74,9.95,10.03,9.68,91963.95
2025-06-24,9.99,10.19,10.22,9.97,133706.09
2025-06-25,10.25,10.31,10.33,10.13,155997.95
2025-06-26,10.31,10.69,11.05,10.28,496566.89
2025-06-27,10.71,10.75,11.15,10.55,419365.56
2025-06-30,10.75,10.57,10.78,10.35,301360.16
2025-07-01,10.61,10.63,10.87,10.57,219422.0
2025-07-02,10.58,10.4,10.63,10.36,151516.59
2025-07-03,10.41,10.47,10.58,10.4,106470.0
2025-07-04,10.44,10.4,10.61,10.38,152559.0
2025-07-07,10.38,10.32,10.43,10.3,105452.0
2025-07-08,10.32,10.44,10.49,10.29,135945.0
2025-07-09,10.46,10.38,10.49,10.37,109825.64
2025-07-10,10.4,10.38,10.47,10.29,97492.37
2025-07-11,10.38,10.72,10.77,10.35,260303.78
2025-07-14,11.1,10.93,11.25,10.78,400033.01
2025-07-15,10.63,10.69,10.75,10.38,337114.0
2025-07-16,10.6,10.8,11.1,10.6,278286.0
2025-07-17,10.73,10.86,10.89,10.71,189989.49
2025-07-18,10.85,10.91,11.15,10.81,164862.0
2025-07-21,10.88,10.86,10.92,10.8,144164.01
2025-07-22,10.81,10.97,11.15,10.71,303996.0
2025-07-23,11.0,10.93,11.26,10.91,281563.09
2025-07-24,10.95,11.19,11.19,10.93,261553.63
2025-07-25,11.18,11.04,11.23,11.01,214276.02
2025-07-28,11.11,10.84,11.13,10.81,187030.01
2025-07-29,10.83,10.85,10.88,10.69,136680.0
2025-07-30,10.86,10.72,10.9,10.63,181188.0
2025-07-31,10.7,10.65,10.87,10.61,156766.48
2025-08-01,10.69,10.89,11.04,10.66,250267.0
2025-08-04,10.8,10.88,11.02,10.62,207814.48
2025-08-05,10.85,10.95,11.05,10.81,229643.0
2025-08-06,10.9,10.93,11.05,10.88,160294.87
2025-08-07,10.89,11.0,11.28,10.88,338689.0
2025-08-08,11.01,10.6,11.03,10.6,302477.64
2025-08-11,10.57,10.75,10.79,10.53,153200.15
2025-08-12,10.77,10.69,10.77,10.6,135970.46
2025-08-13,10.7,10.7,10.78,10.61,158023.34
2025-08-14,10.7,10.47,10.73,10.45,201809.0
2025-08-15,10.5,10.89,11.05,10.49,351568.46
2025-08-18,10.86,11.05,11.22,10.8,334810.03
2025-08-19,11.04,11.13,11.28,11.0,294558.73
2025-08-20,11.08,11.07,11.11,10.86,214474.0
2025-08-21,11.1,10.94,11.17,10.88,164904.7
2025-08-22,10.92,11.14,11.15,10.91,223422.4
2025-08-25,11.17,11.18,11.25,11.05,237940.9
2025-08-26,11.17,11.27,11.38,11.1,245316.84
2025-08-27,11.36,10.94,11.61,10.91,276120.88
2025-08-28,10.95,10.85,10.96,10.43,351511.73
2025-08-29,10.78,10.6,10.88,10.59,217245.46
2025-09-01,10.63,10.69,10.84,10.55,208447.74
2025-09-02,10.65,10.36,10.69,10.28,234786.34
2025-09-03,10.38,10.14,10.42,10.09,161660.18
2025-09-04,10.23,10.12,10.34,9.95,182017.19
2025-09-05,10.12,10.2,10.31,9.96,152100.86
2025-09-08,10.22,10.15,10.24,10.07,136848.63
2025-09-09,10.15,10.02,10.16,9.97,130465.81
2025-09-10,10.05,10.11,10.15,10.02,107182.73
2025-09-11,10.11,10.18,10.19,9.96,132219.99
2025-09-12,10.17,10.13,10.43,10.11,147903.1
2025-09-15,10.13,10.04,10.13,9.99,138941.78
2025-09-16,10.03,10.08,10.08,9.99,95971.44
2025-09-17,10.05,10.25,10.31,10.02,164057.0
2025-09-18,10.21,10.57,11.15,10.14,568699.68
2025-09-19,10.57,10.68,10.82,10.35,280514.77
2025-09-22,10.73,10.54,10.91,10.42,205610.91
2025-09-23,10.45,10.37,10.53,10.15,183723.6
2025-09-24,10.38,10.42,10.46,10.24,125128.0
2025-09-25,10.42,10.18,10.43,10.17,149060.88
2025-09-26,10.18,10.2,10.31,10.08,105589.32
2025-09-29,10.2,10.16,10.22,10.02,102482.82
2025-09-30,10.22,10.25,10.28,10.15,120222.11
2025-10-09,10.31,10.25,10.36,10.16,137545.77
2025-10-10,10.24,10.1,10.25,10.08,140642.0
2025-10-13,9.9,10.01,10.06,9.8,121484.6
2025-10-14,10.0,9.93,10.07,9.92,104089.0
2025-10-15,9.92,10.09,10.33,9.88,157103.26
2025-10-16,10.06,9.99,10.09,9.96,93363.1
2025-10-17,10.0,9.82,10.02,9.81,105682.12
2025-10-20,9.9,9.86,9.95,9.83,56969.0
2025-10-21,9.85,9.9,9.93,9.82,62196.65
2025-10-22,9.88,9.9,9.98,9.84,69944.84
2025-10-23,9.9,9.84,9.9,9.73,97353.0
2025-10-24,9.84,9.84,9.92,9.81,70928.56
2025-10-27,9.85,9.86,9.92,9.84,75757.4
2025-10-28,9.88,9.9,9.97,9.83,92065.61
2025-10-29,9.88,9.87,9.93,9.78,98775.62
2025-10-30,9.84,9.67,9.84,9.66,143503.17
2025-10-31,9.62,9.94,10.04,9.61,153364.21
2025-11-03,10.0,10.08,10.1,9.91,129356.95
2025-11-04,10.04,10.12,10.13,10.0,124255.68
2025-11-05,10.07,10.26,10.4,10.05,188019.82
2025-11-06,10.25,10.07,10.26,10.04,129454.83
2025-11-07,10.04,10.02,10.07,9.98,72964.77
2025-11-10,10.0,10.03,10.06,9.97,72576.42
2025-11-11,10.03,9.99,10.07,9.98,80416.11
2025-11-12,10.0,9.94,10.0,9.9,75499.51
2025-11-13,9.91,9.92,9.96,9.85,82514.68
2025-11-14,9.88,9.99,10.23,9.83,123537.15
2025-11-17,9.97,10.05,10.09,9.89,103882.29
2025-11-18,10.0,10.14,10.21,9.98,161569.48
2025-11-19,10.12,9.91,10.15,9.87,125345.1
2025-11-20,9.92,9.93,9.96,9.79,92256.0
2025-11-21,9.86,9.68,10.04,9.68,149963.04
2025-11-24,9.72,10.03,10.05,9.7,164285.74
2025-11-25,10.04,10.15,10.28,10.02,181889.13
2025-11-26,10.15,10.01,10.23,9.96,134419.6
2025-11-27,10.0,9.92,10.01,9.87,104737.6
2025-11-28,9.96,9.99,10.05,9.9,86140.26
2025-12-01,10.05,9.97,10.05,9.9,82389.11
2025-12-02,9.97,9.96,10.19,9.86,128907.82
2025-12-03,9.95,9.78,9.96,9.71,144887.31
2025-12-04,9.73,9.71,9.77,9.67,94753.0
2025-12-05,9.7,9.77,9.78,9.62,76916.45
2025-12-08,9.78,9.76,9.93,9.76,90173.26
2025-12-09,9.7,9.68,9.76,9.64,72203.6
2025-12-10,9.64,9.64,9.68,9.58,63769.81
2025-12-11,9.61,9.36,9.66,9.34,111899.26
2025-12-12,9.31,9.2,9.35,9.17,109916.8
2025-12-15,9.22,9.08,9.25,9.06,81669.55
2025-12-16,9.08,9.01,9.14,8.88,100050.93
2025-12-17,9.0,9.13,9.23,8.99,106789.6
2025-12-18,9.07,9.31,9.53,9.06,161365.57
2025-12-19,9.31,9.29,9.35,9.19,104274.49
2025-12-22,9.27,9.44,9.54,9.21,143076.25
2025-12-23,9.41,9.13,9.47,9.12,122979.35
2025-12-24,9.1,9.18,9.18,9.06,68739.87
2025-12-25,9.18,9.17,9.2,9.12,64153.0
2025-12-26,9.18,9.1,9.21,9.06,87479.97
2025-12-29,9.06,8.98,9.09,8.98,84688.71
2025-12-30,9.02,8.94,9.06,8.93,67559.02
2025-12-31,8.94,8.88,9.01,8.88,79911.65
2026-01-05,8.93,9.18,9.2,8.85,145685.35
2026-01-06,9.21,9.14,9.23,9.08,103416.46
2026-01-07,9.15,9.11,9.25,9.03,138842.24
2026-01-08,9.1,9.59,9.68,9.1,332282.83
2026-01-09,9.59,10.55,10.55,9.57,284377.2
2026-01-12,11.61,11.61,11.61,11.09,1025024.29
2026-01-13,12.5,11.33,12.54,11.29,1365586.31
2026-01-14,11.14,11.13,11.76,10.98,1065368.15
2026-01-15,11.03,10.81,11.26,10.66,558445.25
2026-01-16,10.75,10.23,10.79,10.12,471917.61
2026-01-19,10.14,10.0,10.31,9.96,352468.99
2026-01-20,10.0,9.94,10.13,9.88,270223.75
2026-01-21,9.87,9.94,10.1,9.85,230334.0
2026-01-22,9.95,9.93,10.01,9.83,209057.2
2026-01-23,9.96,10.26,10.29,9.94,363920.09
2026-01-26,10.24,9.95,10.25,9.86,318896.22
2026-01-27,9.92,9.78,9.99,9.61,284036.44
2026-01-28,9.71,9.59,9.77,9.55,193209.22
2026-01-29,9.53,9.66,9.95,9.39,274222.34
2026-01-30,9.6,9.44,9.69,9.43,173473.83
2026-02-02,9.33,9.25,9.53,9.24,173571.17
2026-02-03,9.32,9.45,9.45,9.29,123720.66
2026-02-04,9.4,9.42,9.44,9.31,103522.0
2026-02-05,9.37,9.36,9.47,9.34,98291.2
2026-02-06,9.33,9.27,9.48,9.23,110643.48
2026-02-09,9.4,9.54,9.6,9.37,136119.29
2026-02-10,9.55,9.61,9.68,9.45,117566.81
2026-02-11,9.61,9.53,9.62,9.5,76150.88
2026-02-12,9.51,9.43,9.56,9.41,93594.11
2026-02-13,9.41,9.34,9.52,9.33,93784.41
2026-02-24,9.46,9.27,9.52,9.22,150893.0
2026-02-25,9.35,9.31,9.39,9.28,151315.41
2026-02-26,9.34,9.13,9.35,9.1,170692.2
2026-02-27,9.13,9.19,9.23,9.1,95322.97
2026-03-02,9.08,8.91,9.12,8.85,199620.0
2026-03-03,8.91,8.61,8.98,8.58,185896.1
2026-03-04,8.53,8.41,8.61,8.33,147345.18
2026-03-05,8.55,8.66,8.75,8.5,144001.24
2026-03-06,8.6,8.78,8.84,8.59,106695.97
2026-03-09,8.65,8.74,8.74,8.56,104084.33
2026-03-10,8.78,8.86,8.92,8.77,94664.4
2026-03-11,8.86,8.75,8.86,8.73,79938.8
2026-03-12,8.74,8.67,8.79,8.64,68107.4
2026-03-13,8.6,8.54,8.66,8.52,86278.33
2026-03-16,8.54,8.59,8.62,8.51,76721.9
2026-03-17,8.6,8.55,8.74,8.54,93539.0
2026-03-18,8.57,8.61,8.65,8.52,72332.75
2026-03-19,8.55,8.5,8.62,8.44,99620.0
2026-03-20,8.51,8.2,8.6,8.18,142849.06
2026-03-23,8.06,7.71,8.06,7.58,208127.73
2026-03-24,7.87,7.9,7.92,7.68,133884.0
2026-03-25,7.95,8.0,8.04,7.9,102542.61
2026-03-26,7.97,7.94,8.23,7.91,118619.4
2026-03-27,7.85,7.99,8.03,7.8,80241.0
2026-03-30,7.88,8.05,8.05,7.87,80920.0
2026-03-31,8.06,7.86,8.13,7.84,90367.0
2026-04-01,7.98,8.07,8.09,7.91,98397.37
2026-04-02,8.05,7.98,8.07,7.93,87907.5
2026-04-03,7.96,7.76,8.01,7.76,86585.57
2026-04-07,7.76,7.69,7.85,7.62,72984.05
2026-04-08,7.85,8.01,8.02,7.85,138655.95
2026-04-09,7.94,7.78,7.98,7.76,111649.08
2026-04-10,7.81,7.8,7.93,7.8,82313.31
2026-04-13,7.77,7.77,7.79,7.7,60734.0
2026-04-14,7.85,7.68,7.89,7.6,138058.88
2026-04-15,7.73,7.63,7.76,7.61,77907.0
2026-04-16,7.65,7.74,7.76,7.62,88977.55
2026-04-17,7.71,7.57,7.74,7.49,132663.2
2026-04-20,7.57,7.59,7.67,7.46,94079.0
2026-04-21,7.57,7.44,7.63,7.41,139422.17
2026-04-22,7.39,7.37,7.42,7.3,117751.56
2026-04-23,7.36,7.57,8.04,7.35,336745.21
2026-04-24,7.49,7.35,7.55,7.25,179371.2
2026-04-27,7.33,7.39,7.44,7.25,107385.15
2026-04-28,7.37,7.34,7.49,7.28,107532.25
2026-04-29,7.34,7.74,7.83,7.32,265917.46
2026-04-30,7.71,7.91,8.05,7.65,216998.43
2026-05-06,7.91,7.9,8.03,7.86,150402.39
2026-05-07,7.91,7.88,7.97,7.84,115924.0
2026-05-08,7.92,8.04,8.25,7.88,203226.53
2026-05-11,8.01,7.92,8.04,7.83,139949.2
2026-05-12,7.9,7.76,7.94,7.7,123857.89
2026-05-13,7.78,7.77,7.81,7.68,94250.05
2026-05-14,7.85,7.78,8.34,7.75,276109.0
2026-05-15,7.68,7.7,7.97,7.67,153430.0
2026-05-18,7.66,7.61,7.73,7.54,129818.86
2026-05-19,7.61,7.76,7.82,7.59,115472.79
2026-05-20,7.75,7.49,7.75,7.46,130816.96
2026-05-21,7.5,7.28,7.56,7.25,147583.17
2026-05-22,7.32,7.25,7.33,7.18,111980.13
2026-05-25,7.25,7.15,7.3,7.06,130845.61
2026-05-26,7.12,6.95,7.12,6.84,156687.1
2026-05-27,6.96,6.84,7.04,6.81,93587.0
2026-05-28,6.84,7.18,7.33,6.7,220308.2
2026-05-29,7.15,7.13,7.53,7.1,211990.0
2026-06-01,7.12,7.23,7.31,7.01,118149.85
2026-06-02,7.25,7.16,7.31,7.07,103426.12
2026-06-03,7.14,7.03,7.2,6.99,101960.64
2026-06-04,6.99,6.99,7.16,6.96,99927.75
2026-06-05,7.01,7.09,7.16,6.93,143068.2
2026-06-08,7.05,7.01,7.23,6.9,146149.56
2026-06-09,7.05,7.08,7.28,6.97,142745.33
2026-06-10,7.05,7.17,7.37,6.97,190419.36
2026-06-11,7.1,6.95,7.26,6.88,146984.6
2026-06-12,6.95,6.96,7.03,6.88,105785.37
2026-06-15,6.98,7.01,7.11,6.95,124110.9
2026-06-16,6.99,7.24,7.28,6.82,236658.95
2026-06-17,7.2,7.02,7.25,6.97,150574.97
2026-06-18,7.0,6.88,7.0,6.86,95100.68
2026-06-22,6.83,6.89,6.92,6.59,134858.54
2026-06-23,6.83,6.9,7.12,6.81,143272.21
2026-06-24,6.9,6.66,6.95,6.63,121399.29
2026-06-25,6.64,6.46,6.64,6.39,120363.22
2026-06-26,6.42,6.36,6.49,6.3,95166.67
2026-06-29,6.35,6.27,6.43,6.12,117229.76
2026-06-30,6.25,6.15,6.33,6.12,123059.02
2026-07-01,6.14,6.48,6.6,6.09,210852.84
2026-07-02,6.46,6.3,6.64,6.3,157927.49
2026-07-03,6.33,6.32,6.44,6.22,108483.01
2026-07-06,6.33,6.29,6.4,6.25,91536.01
2026-07-07,6.29,6.18,6.33,6.16,79346.88
2026-07-08,6.19,6.33,6.4,6.1,123779.0
2026-07-09,6.29,6.3,6.38,6.22,95655.5
2026-07-10,6.31,6.4,6.56,6.11,160959.0
2026-07-13,6.35,6.36,6.51,6.31,134104.1
2026-07-14,6.34,6.45,6.58,6.34,127373.09
2026-07-15,6.42,6.63,6.75,6.35,190106.35
2026-07-16,6.57,6.7,6.73,6.49,147515.2
2026-07-17,6.7,6.43,6.8,6.4,169154.85
2026-07-20,7.07,6.78,7.07,6.59,484877.5
2026-07-21,6.41,6.4,6.6,6.27,359752.54
2026-07-22,6.33,6.36,6.5,6.26,187116.01
2026-07-23,6.32,6.43,6.47,6.26,131636.27
2026-07-24,6.38,6.2,6.44,6.19,146216.01
2026-07-27,6.18,6.52,6.53,6.12,208702.5
2026-07-28,6.51,7.17,7.17,6.46,369096.47
2026-07-29,7.18,7.2,7.38,7.12,417304.42
2026-07-30,7.15,7.16,7.34,7.09,287713.5
2026-07-31,7.06,7.72,7.82,7.06,500692.87
2026-08-03,7.7,7.55,7.76,7.49,290210.65
2026-08-04,7.52,7.63,7.7,7.49,201172.0
2026-08-05,7.61,7.64,7.81,7.58,208268.37
2026-08-06,7.61,7.56,7.79,7.48,206688.84
2026-08-07,7.55,7.39,7.56,7.26,203919.07
2026-08-10,7.39,7.54,7.76,7.34,196309.81
2026-08-11,7.54,7.42,7.56,7.39,131982.2
2026-08-12,7.45,7.44,7.48,7.34,133333.69
2026-08-13,7.44,7.43,7.68,7.36,204451.04
2026-08-14,7.41,7.32,7.5,7.22,153769.92
2026-08-17,7.29,7.21,7.32,7.1,133927.0
2026-08-18,7.22,7.01,7.22,6.93,142406.0
2026-08-19,6.95,6.71,7.02,6.68,152199.55
2026-08-20,6.9,7.2,7.38,6.78,460464.26
2026-08-21,7.13,6.87,7.19,6.84,279921.57
2026-08-24,6.84,6.7,6.91,6.65,137809.28
2026-08-25,6.67,6.88,6.92,6.66,113291.27
2026-08-26,6.88,6.93,7.02,6.85,95996.01
2026-08-27,6.9,6.91,6.99,6.85,80236.42
2026-08-28,6.94,6.99,7.06,6.88,102645.55
2026-08-31,6.94,7.01,7.02,6.9,91449.82
2026-09-01,7.05,7.38,7.43,7.02,262446.0
2026-09-02,7.32,7.17,7.39,7.15,139442.26
2026-09-03,7.2,7.03,7.29,7.0,178639.0
2026-09-04,7.11,7.03,7.27,7.0,164209.0
2026-09-07,7.07,6.96,7.12,6.94,111217.0
2026-09-08,6.96,7.11,7.19,6.9,109381.0
2026-09-09,7.1,6.97,7.11,6.94,101575.21
2026-09-10,6.96,6.9,6.97,6.86,68079.39
2026-09-11,6.87,6.82,6.91,6.73,82671.0
2026-09-14,6.82,6.85,6.9,6.76,65281.0
2026-09-15,6.85,6.66,6.9,6.63,93883.84
2026-09-16,6.65,6.65,6.67,6.54,84647.01
2026-09-17,6.65,6.7,6.74,6.6,76406.3
2026-09-18,6.73,6.7,6.83,6.68,85919.91
