date,open,close,high,low,volume
2013-01-04,2.64,2.61,2.67,2.57,100164.55
2013-01-07,2.61,2.6,2.61,2.55,71407.43
2013-01-08,2.59,2.6,2.61,2.53,89857.48
2013-01-09,2.57,2.59,2.63,2.55,65126.02
2013-01-10,2.63,2.62,2.67,2.6,109977.97
2013-01-11,2.62,2.54,2.64,2.53,73001.69
2013-01-14,2.53,2.7,2.73,2.52,148168.95
2013-01-15,2.7,2.71,2.74,2.67,106179.06
2013-01-16,2.7,2.67,2.71,2.63,82926.47
2013-01-17,2.68,2.75,2.8,2.63,139312.93
2013-01-18,2.77,2.78,2.84,2.74,123951.58
2013-01-21,2.78,2.77,2.81,2.74,68953.16
2013-01-22,2.76,2.74,2.81,2.7,98063.34
2013-01-23,2.73,2.8,2.8,2.71,82143.69
2013-01-24,2.79,2.72,2.88,2.72,163294.05
2013-01-25,2.7,2.61,2.72,2.6,121724.5
2013-01-28,2.6,2.7,2.71,2.6,88719.26
2013-01-29,2.7,2.76,2.77,2.68,103922.7
2013-01-30,2.77,2.79,2.9,2.75,161639.05
2013-01-31,2.79,2.8,2.83,2.75,105553.09
2013-02-01,2.78,3.08,3.08,2.75,361132.94
2013-02-04,3.1,3.16,3.37,3.08,440710.16
2013-02-05,3.1,3.1,3.15,3.02,168292.76
2013-02-06,3.09,3.14,3.23,3.08,172751.79
2013-02-07,3.17,3.07,3.19,3.03,151078.72
2013-02-08,3.06,3.21,3.24,3.04,168474.52
2013-02-18,3.22,3.17,3.22,3.14,93633.99
2013-02-19,3.14,3.19,3.25,3.09,143023.32
2013-02-20,3.18,3.35,3.39,3.12,195307.16
2013-02-21,3.3,3.25,3.47,3.25,265431.91
2013-02-22,3.21,3.18,3.27,3.16,149531.28
2013-02-25,3.22,3.18,3.25,3.17,106526.31
2013-02-26,3.15,3.07,3.22,3.06,147282.98
2013-02-27,3.08,3.31,3.36,3.08,191058.9
2013-02-28,3.29,3.36,3.41,3.26,169242.8
2013-03-01,3.37,3.4,3.48,3.34,167903.8
2013-03-04,3.28,3.19,3.32,3.16,194133.46
2013-03-05,3.2,3.38,3.41,3.2,158801.68
2013-03-06,3.38,3.34,3.41,3.31,141875.8
2013-03-07,3.32,3.41,3.43,3.27,162238.62
2013-03-08,3.4,3.29,3.57,3.29,226410.02
2013-03-11,3.26,3.18,3.26,3.12,116992.78
2013-03-12,3.18,3.16,3.27,3.09,111095.81
2013-03-13,3.15,3.14,3.18,3.09,75288.67
2013-03-14,3.11,3.12,3.18,3.1,56238.06
2013-03-15,3.12,3.13,3.23,3.02,116517.48
2013-03-18,3.09,3.01,3.13,2.99,95166.33
2013-03-19,2.99,3.04,3.06,2.92,73806.24
2013-03-20,3.02,3.17,3.17,3.02,118029.69
2013-03-21,3.17,3.16,3.19,3.14,83911.78
2013-03-22,3.16,3.21,3.25,3.14,91418.9
2013-03-25,3.2,3.17,3.24,3.16,63419.01
2013-03-26,3.18,3.06,3.18,3.04,69917.97
2013-03-27,3.07,3.08,3.13,3.02,57071.08
2013-03-28,3.01,2.77,3.01,2.77,153535.81
2013-03-29,2.77,2.74,2.81,2.74,67786.82
2013-04-01,2.76,2.78,2.8,2.75,42745.77
2013-04-02,2.78,2.82,2.85,2.78,59907.77
2013-04-03,2.83,2.82,2.86,2.79,44364.43
2013-04-08,2.75,2.76,2.79,2.64,43500.52
2013-04-09,2.77,2.82,2.85,2.76,50441.78
2013-04-10,2.82,2.79,2.83,2.75,46597.43
2013-04-11,2.81,2.74,2.83,2.74,39388.74
2013-04-12,2.75,2.67,2.77,2.67,39273.0
2013-04-15,2.67,2.69,2.73,2.64,38495.59
2013-04-16,2.67,2.79,2.8,2.65,48398.21
2013-04-17,2.78,2.81,2.84,2.78,51572.16
2013-04-18,2.77,2.85,2.86,2.77,64721.82
2013-04-19,2.84,2.93,2.95,2.84,90442.35
2013-04-22,2.9,2.93,2.94,2.89,57150.07
2013-04-23,2.93,2.82,2.94,2.81,63696.24
2013-04-24,2.82,3.1,3.1,2.82,182383.04
2013-04-25,3.14,3.14,3.17,3.08,175334.32
2013-04-26,3.32,3.39,3.45,3.25,535416.71
2013-05-02,3.33,3.45,3.46,3.27,301989.55
2013-05-03,3.46,3.64,3.8,3.43,345932.02
2013-05-06,3.67,3.72,3.88,3.66,331411.4
2013-05-07,3.69,3.84,3.88,3.66,263100.33
2013-05-08,3.81,3.79,3.97,3.71,359446.98
2013-05-09,3.79,3.93,3.97,3.75,316247.76
2013-05-10,3.91,3.79,3.92,3.78,231611.56
2013-05-13,3.78,3.84,3.87,3.73,181175.09
2013-05-14,3.82,3.8,3.85,3.76,111569.24
2013-05-15,3.81,3.63,3.81,3.54,325450.54
2013-05-16,3.58,3.85,3.92,3.57,379317.83
2013-05-17,3.8,3.82,3.85,3.74,214025.99
2013-05-20,3.83,4.2,4.2,3.83,334921.46
2013-05-21,4.2,4.36,4.37,4.15,250865.66
2013-05-22,4.3,4.24,4.4,4.24,197147.0
2013-05-23,4.18,4.3,4.54,4.17,295252.11
2013-05-24,4.38,4.54,4.58,4.34,239097.62
2013-05-27,4.5,4.57,4.6,4.46,170379.88
2013-05-28,4.53,4.53,4.58,4.41,189161.48
2013-05-29,4.54,4.42,4.56,4.37,181280.97
2013-05-30,4.42,4.48,4.56,4.39,163145.04
2013-05-31,4.48,4.44,4.65,4.42,178079.28
2013-06-03,4.47,4.45,4.56,4.37,157048.64
2013-06-04,4.43,4.52,4.56,4.38,212159.71
2013-06-05,4.51,4.41,4.54,4.29,180005.47
2013-06-06,4.35,4.29,4.41,4.28,134767.26
2013-06-07,4.29,3.86,4.33,3.86,276178.85
2013-06-13,3.8,3.76,3.86,3.66,150009.71
2013-06-14,3.82,3.88,3.92,3.77,147079.84
2013-06-17,3.88,3.83,3.89,3.77,121603.65
2013-06-18,3.86,3.82,3.91,3.75,125384.83
2013-06-19,3.78,3.74,3.78,3.58,148987.54
2013-06-20,3.69,3.65,3.78,3.63,118752.8
2013-06-21,3.57,3.76,3.81,3.56,187570.75
2013-06-24,3.74,3.38,3.75,3.38,212532.23
2013-06-25,3.31,3.36,3.4,3.04,246399.66
2013-06-26,3.35,3.44,3.47,3.29,163447.14
2013-06-27,3.42,3.09,3.48,3.09,263430.3
2013-06-28,3.02,3.17,3.33,2.97,263379.4
2013-07-01,3.12,3.18,3.19,3.05,155161.4
2013-07-02,3.16,3.3,3.35,3.13,192609.12
2013-07-03,3.25,3.27,3.31,3.16,159505.89
2013-07-04,3.18,3.36,3.45,3.16,210688.83
2013-07-05,3.42,3.39,3.53,3.36,242700.85
2013-07-08,3.28,3.36,3.51,3.22,200423.7
2013-07-09,3.3,3.24,3.35,3.18,143938.63
2013-07-10,3.26,3.57,3.57,3.23,323057.83
2013-07-11,3.59,3.72,3.92,3.49,959281.85
2013-07-12,3.68,3.62,3.82,3.61,553004.86
2013-07-15,3.64,3.72,3.87,3.64,531969.16
2013-07-16,3.69,3.83,3.87,3.67,437245.57
2013-07-17,3.82,3.72,3.84,3.69,329825.48
2013-07-18,3.67,3.66,3.78,3.64,267354.66
2013-07-19,3.66,3.41,3.75,3.41,373476.12
2013-07-22,3.3,3.42,3.42,3.24,327910.18
2013-07-23,3.42,3.55,3.59,3.4,313393.63
2013-07-24,3.51,3.47,3.55,3.37,314524.83
2013-07-25,3.47,3.64,3.8,3.43,532916.12
2013-07-26,3.6,3.6,3.65,3.51,292073.24
2013-07-29,3.5,3.43,3.54,3.39,233056.44
2013-07-30,3.42,3.59,3.76,3.42,411636.37
2013-07-31,3.57,3.57,3.69,3.54,245744.66
2013-08-01,3.58,3.66,3.71,3.57,280259.88
2013-08-02,3.7,3.61,3.71,3.6,222783.09
2013-08-05,3.59,3.68,3.7,3.59,214221.46
2013-08-06,3.67,3.71,3.74,3.61,327529.16
2013-08-07,3.69,3.69,3.79,3.67,354373.9
2013-08-08,3.66,3.64,3.71,3.61,233751.61
2013-08-09,3.66,3.64,3.69,3.59,184500.03
2013-08-12,3.66,3.78,3.8,3.62,445752.58
2013-08-13,3.72,3.77,3.78,3.69,350331.34
2013-08-14,3.75,3.68,3.79,3.65,308832.24
2013-08-15,3.68,3.65,3.73,3.61,285596.17
2013-08-16,3.6,3.59,3.93,3.52,599545.86
2013-08-19,3.44,3.52,3.57,3.42,298795.58
2013-08-20,3.51,3.51,3.59,3.48,196888.6
2013-08-21,3.53,3.54,3.56,3.47,153056.33
2013-08-22,3.52,3.48,3.59,3.45,193226.03
2013-08-23,3.51,3.45,3.54,3.34,234432.93
2013-08-26,3.51,3.56,3.57,3.49,244238.25
2013-08-27,3.56,3.58,3.6,3.53,214896.2
2013-08-28,3.55,3.61,3.64,3.47,336754.13
2013-08-29,3.89,3.88,3.97,3.7,1064294.91
2013-08-30,3.81,4.27,4.27,3.72,1499367.06
2013-09-02,4.26,4.15,4.31,4.06,1033346.37
2013-09-03,4.07,4.09,4.13,3.98,534630.39
2013-09-04,4.09,4.11,4.26,4.04,554790.36
2013-09-05,4.1,3.96,4.1,3.94,368551.72
2013-09-06,4.03,4.03,4.16,3.98,384729.36
2013-09-09,4.05,4.27,4.42,4.05,921240.79
2013-09-10,4.21,4.28,4.33,4.19,585109.14
2013-09-11,4.3,4.19,4.32,4.17,441063.99
2013-09-12,4.19,4.36,4.5,4.15,675760.89
2013-09-13,4.31,4.29,4.42,4.27,398990.51
2013-09-16,4.31,4.22,4.33,4.19,261515.75
2013-09-17,4.23,4.13,4.31,4.12,255164.64
2013-09-18,4.07,4.13,4.19,4.06,215770.66
2013-09-23,4.15,4.22,4.22,4.08,250597.19
2013-09-24,4.16,4.11,4.19,4.06,242996.21
2013-09-25,4.07,4.14,4.33,4.03,345909.42
2013-09-26,4.08,3.97,4.11,3.95,236437.37
2013-09-27,3.97,3.96,4.03,3.96,133535.46
2013-09-30,3.94,3.97,4.0,3.94,134740.11
2013-10-08,3.98,4.0,4.04,3.9,160349.94
2013-10-09,3.99,4.03,4.04,3.96,155516.26
2013-10-10,4.03,3.98,4.08,3.97,184541.41
2013-10-11,3.98,4.11,4.16,3.98,286218.48
2013-10-14,4.11,4.18,4.25,4.02,321989.3
2013-10-15,4.19,4.11,4.2,4.07,202299.55
2013-10-16,4.11,3.89,4.11,3.87,218396.47
2013-10-17,3.92,3.86,3.96,3.85,141917.26
2013-10-18,3.89,3.9,3.97,3.83,107661.83
2013-10-21,3.92,3.96,3.98,3.89,121831.65
2013-10-22,3.95,3.88,3.96,3.87,149950.78
2013-10-23,3.9,3.89,3.98,3.88,131391.93
2013-10-24,3.9,3.83,3.91,3.83,90252.52
2013-10-25,3.79,3.46,3.79,3.45,325078.2
2013-10-28,3.46,3.5,3.56,3.34,194975.53
2013-10-29,3.45,3.44,3.55,3.28,179428.27
2013-10-30,3.42,3.45,3.47,3.4,89313.45
2013-10-31,3.47,3.4,3.48,3.39,86923.73
2013-11-01,3.39,3.46,3.49,3.35,121553.36
2013-11-04,3.49,3.47,3.51,3.43,93912.99
2013-11-05,3.45,3.46,3.48,3.4,81330.97
2013-11-06,3.45,3.42,3.49,3.42,83995.21
2013-11-07,3.41,3.44,3.51,3.39,95478.82
2013-11-08,3.42,3.37,3.45,3.36,86915.38
2013-11-11,3.37,3.38,3.41,3.36,41926.83
2013-11-12,3.4,3.42,3.44,3.38,61014.38
2013-11-13,3.38,3.29,3.43,3.29,95029.2
2013-11-14,3.26,3.26,3.31,3.23,97677.66
2013-11-15,3.27,3.42,3.51,3.27,201880.6
2013-11-18,3.43,3.57,3.58,3.41,253248.66
2013-11-19,3.55,3.53,3.55,3.51,135218.19
2013-11-20,3.55,3.54,3.58,3.49,101544.98
2013-11-21,3.53,3.5,3.53,3.45,132641.28
2013-11-22,3.5,3.48,3.54,3.47,94700.55
2013-11-25,3.47,3.47,3.53,3.45,86862.4
2013-11-26,3.47,3.49,3.53,3.46,85327.23
2013-11-27,3.47,3.56,3.58,3.47,165084.82
2013-11-28,3.55,3.56,3.61,3.54,165470.93
2013-11-29,3.57,3.54,3.59,3.53,115070.25
2013-12-02,3.57,3.61,3.78,3.57,365847.56
2013-12-03,3.59,3.67,3.69,3.56,185893.54
2013-12-04,3.65,3.69,3.77,3.62,238118.8
2013-12-05,3.69,3.68,3.72,3.64,128342.16
2013-12-06,3.67,3.63,3.7,3.62,113636.74
2013-12-09,3.65,3.63,3.69,3.62,72335.57
2013-12-10,3.64,3.62,3.67,3.6,68116.48
2013-12-11,3.6,3.51,3.61,3.47,106700.89
2013-12-12,3.49,3.5,3.54,3.48,58090.46
2013-12-13,3.49,3.51,3.53,3.47,53265.77
2013-12-16,3.51,3.43,3.53,3.41,77435.85
2013-12-17,3.43,3.43,3.45,3.42,47781.31
2013-12-18,3.44,3.45,3.47,3.42,46116.41
2013-12-19,3.47,3.43,3.49,3.42,48221.15
2013-12-20,3.43,3.42,3.47,3.41,50354.76
2013-12-23,3.41,3.34,3.42,3.24,66348.77
2013-12-24,3.34,3.31,3.37,3.28,71881.44
2013-12-25,3.3,3.34,3.34,3.28,53545.33
2013-12-26,3.32,3.24,3.33,3.24,62476.09
2013-12-27,3.24,3.3,3.32,3.23,45588.66
2013-12-30,3.33,3.28,3.34,3.26,45020.23
2013-12-31,3.29,3.37,3.37,3.27,79181.69
2014-01-02,3.36,3.34,3.38,3.31,53170.11
2014-01-03,3.33,3.28,3.33,3.26,51904.52
2014-01-06,3.28,3.2,3.28,3.19,61340.69
2014-01-07,3.19,3.21,3.24,3.15,38529.05
2014-01-08,3.2,3.17,3.26,3.17,57769.95
2014-01-09,3.17,3.09,3.2,3.09,55147.4
2014-01-10,3.09,2.98,3.09,2.96,70800.77
2014-01-13,2.98,2.9,3.01,2.88,55568.73
2014-01-14,2.9,2.97,2.98,2.9,44001.75
2014-01-15,2.97,2.99,3.02,2.95,37304.7
2014-01-16,3.0,3.01,3.02,2.97,38540.82
2014-01-17,3.01,2.94,3.01,2.94,44632.42
2014-01-20,2.92,2.93,2.98,2.92,28302.88
2014-01-21,2.94,3.0,3.01,2.94,40277.0
2014-01-22,3.02,3.11,3.13,3.0,88079.25
2014-01-23,3.11,3.08,3.12,3.06,63863.76
2014-01-24,3.06,3.11,3.13,3.06,58077.08
2014-01-27,3.1,3.05,3.1,3.04,55217.6
2014-01-28,3.04,3.07,3.12,3.04,31864.06
2014-01-29,3.08,3.08,3.09,3.06,33789.77
2014-01-30,3.07,3.05,3.09,3.05,29384.7
2014-02-07,3.04,3.06,3.06,2.98,53832.09
2014-02-10,3.07,3.13,3.15,3.06,99355.7
2014-02-11,3.14,3.23,3.31,3.11,175059.5
2014-02-12,3.21,3.22,3.27,3.2,110112.24
2014-02-13,3.23,3.22,3.31,3.2,128491.82
2014-02-14,3.21,3.26,3.3,3.2,99251.45
2014-02-17,3.26,3.29,3.29,3.25,110516.68
2014-02-18,3.29,3.2,3.3,3.18,115644.87
2014-02-19,3.17,3.31,3.36,3.17,183726.97
2014-02-20,3.3,3.24,3.35,3.23,133128.86
2014-02-21,3.23,3.15,3.23,3.13,91059.98
2014-02-24,3.14,3.04,3.14,3.02,107512.01
2014-02-25,3.04,2.95,3.09,2.92,87787.75
2014-02-26,2.94,2.98,3.0,2.91,60312.66
2014-02-27,3.0,2.98,3.02,2.98,68392.39
2014-02-28,2.98,3.06,3.08,2.94,99046.31
2014-03-03,3.04,3.05,3.08,3.02,75680.62
2014-03-04,3.05,3.0,3.05,2.99,75758.78
2014-03-05,3.0,2.99,3.03,2.99,49447.87
2014-03-06,2.98,3.02,3.04,2.97,60471.24
2014-03-07,3.01,2.99,3.04,2.98,46533.86
2014-03-10,2.98,2.88,2.99,2.86,79226.96
2014-03-11,2.88,2.87,2.91,2.85,41633.97
2014-03-12,2.86,2.88,2.92,2.86,47081.26
2014-03-13,2.89,2.92,2.95,2.88,48816.68
2014-03-14,2.89,2.87,2.91,2.86,44030.41
2014-03-17,2.88,2.96,2.98,2.85,65412.58
2014-03-18,2.96,2.96,3.02,2.96,59660.0
2014-03-19,2.94,2.93,2.96,2.91,44044.57
2014-03-20,2.93,2.88,2.97,2.88,34597.83
2014-03-21,2.88,2.98,2.98,2.86,79833.26
2014-03-24,2.99,3.01,3.04,2.96,85670.44
2014-03-25,3.0,3.01,3.03,2.96,67894.96
2014-03-26,3.02,3.0,3.05,2.99,40852.16
2014-03-27,3.0,3.11,3.26,2.96,261148.7
2014-03-28,3.07,3.04,3.14,3.03,127617.49
2014-03-31,3.05,3.0,3.07,2.98,65289.91
2014-04-01,3.0,3.08,3.12,2.99,124271.68
2014-04-02,3.07,3.08,3.1,3.05,69294.2
2014-04-03,3.08,3.1,3.19,3.08,157151.07
2014-04-04,3.08,3.11,3.12,3.07,59264.85
2014-04-08,3.11,3.16,3.19,3.09,131788.92
2014-04-09,3.16,3.15,3.18,3.12,95202.46
2014-04-10,3.14,3.2,3.22,3.13,174192.37
2014-04-11,3.18,3.16,3.2,3.14,88068.61
2014-04-14,3.15,3.12,3.17,3.11,83762.93
2014-04-15,3.12,3.08,3.14,3.07,66985.32
2014-04-16,3.08,3.1,3.12,3.07,50003.31
2014-04-17,3.11,3.1,3.14,3.08,48315.36
2014-04-18,3.09,3.07,3.11,3.07,53109.45
2014-04-21,3.05,2.99,3.07,2.98,53838.63
2014-04-22,2.99,2.99,3.01,2.95,52368.52
2014-04-23,3.0,2.98,3.01,2.96,29559.82
2014-04-24,2.98,2.95,3.0,2.95,41668.52
2014-04-25,2.9,2.9,2.97,2.9,49001.42
2014-04-28,2.9,2.92,2.98,2.89,57417.12
2014-04-29,2.9,2.95,2.96,2.9,36194.91
2014-04-30,2.94,2.95,2.98,2.91,36666.85
2014-05-05,2.92,2.97,2.98,2.92,48404.89
2014-05-06,2.97,2.96,3.01,2.96,49118.15
2014-05-07,2.96,2.94,2.98,2.94,28009.89
2014-05-08,2.94,2.98,3.02,2.93,52874.85
2014-05-09,2.98,2.96,3.0,2.94,26233.83
2014-05-12,2.99,3.05,3.07,2.98,97074.5
2014-05-13,3.04,3.05,3.11,3.03,72845.41
2014-05-14,3.04,3.03,3.07,3.01,40574.6
2014-05-15,3.01,2.95,3.03,2.95,44933.29
2014-05-16,2.93,2.96,2.98,2.93,39581.3
2014-05-19,2.96,2.87,2.97,2.87,52684.86
2014-05-20,2.89,2.9,2.93,2.89,28730.36
2014-05-21,2.89,2.93,2.93,2.87,23316.35
2014-05-22,2.94,2.91,2.97,2.91,28850.16
2014-05-23,2.92,2.95,2.95,2.92,21098.54
2014-05-26,2.96,2.96,2.98,2.94,26334.69
2014-05-27,2.95,2.93,2.96,2.92,29809.97
2014-05-28,2.92,2.96,2.97,2.92,40248.94
2014-05-29,2.95,2.92,2.97,2.91,35289.34
2014-05-30,2.92,2.91,2.94,2.9,26729.31
2014-06-03,2.91,2.87,2.95,2.86,42416.65
2014-06-04,2.88,2.87,2.88,2.79,68671.09
2014-06-05,2.85,2.88,2.88,2.84,38559.74
2014-06-06,2.88,2.87,2.91,2.85,26528.22
2014-06-09,2.87,2.85,2.88,2.84,30378.94
2014-06-10,2.86,2.88,2.89,2.85,28916.76
2014-06-11,2.88,2.86,2.88,2.85,32530.56
2014-06-12,2.86,2.84,2.86,2.83,28194.76
2014-06-13,2.83,2.87,2.88,2.82,35985.77
2014-06-16,2.87,2.86,2.88,2.84,54985.9
2014-06-17,2.86,2.83,2.87,2.82,42545.02
2014-06-18,2.82,2.8,2.82,2.75,110668.01
2014-06-19,2.79,2.72,2.79,2.7,49445.16
2014-06-20,2.74,2.69,2.75,2.65,59177.86
2014-06-23,2.69,2.68,2.71,2.67,37564.02
2014-06-24,2.68,2.7,2.7,2.68,41759.19
2014-06-25,2.69,2.68,2.69,2.66,27585.4
2014-06-26,2.68,2.7,2.71,2.68,54178.45
2014-06-27,2.7,2.71,2.71,2.69,64878.38
2014-06-30,2.71,2.73,2.74,2.71,54392.81
2014-07-01,2.74,2.7,2.75,2.68,75594.99
2014-07-02,2.7,2.72,2.73,2.68,71161.1
2014-07-03,2.72,2.74,2.74,2.7,66512.52
2014-07-04,2.74,2.71,2.75,2.71,70423.3
2014-07-07,2.72,2.74,2.74,2.71,63048.08
2014-07-08,2.74,2.74,2.75,2.72,66649.94
2014-07-09,2.73,2.71,2.76,2.7,67048.65
2014-07-10,2.71,2.73,2.73,2.68,70309.56
2014-07-11,2.73,2.72,2.74,2.71,52243.18
2014-07-14,2.72,2.74,2.74,2.72,58596.11
2014-07-15,2.75,2.74,2.75,2.72,51257.17
2014-07-16,2.73,2.74,2.75,2.72,62712.79
2014-07-17,2.74,2.71,2.75,2.7,52566.85
2014-07-18,2.71,2.73,2.75,2.69,56220.42
2014-07-21,2.72,2.7,2.72,2.68,52158.25
2014-07-22,2.69,2.72,2.73,2.68,80756.28
2014-07-23,2.71,2.7,2.74,2.7,73756.68
2014-07-24,2.7,2.82,2.91,2.7,312981.63
2014-07-25,2.79,2.82,2.84,2.75,158855.29
2014-07-28,2.87,2.97,3.09,2.86,417403.96
2014-07-29,2.98,2.98,3.04,2.95,237910.37
2014-07-30,2.96,2.96,3.01,2.92,185442.06
2014-07-31,2.96,3.03,3.03,2.94,232267.15
2014-08-01,3.01,2.96,3.03,2.95,202539.53
2014-08-04,2.96,3.01,3.02,2.95,161760.33
2014-08-05,3.01,3.01,3.03,2.99,125667.37
2014-08-06,3.0,3.01,3.03,2.96,183369.01
2014-08-07,2.98,2.95,3.01,2.94,127251.81
2014-08-08,2.95,2.93,2.97,2.92,103802.53
2014-08-11,2.94,2.99,2.99,2.94,109337.97
2014-08-12,2.99,2.98,2.99,2.95,88565.13
2014-08-13,2.98,2.98,2.99,2.96,95124.47
2014-08-14,2.98,3.02,3.09,2.98,283433.76
2014-08-15,3.01,3.07,3.11,3.0,265600.72
2014-08-18,3.07,3.08,3.1,3.05,145712.03
2014-08-19,3.09,3.04,3.09,3.02,152797.15
2014-08-20,3.04,3.07,3.09,3.03,170855.11
2014-08-21,3.06,3.02,3.06,2.99,127636.49
2014-08-22,3.01,3.03,3.05,3.0,107361.49
2014-08-25,3.04,3.03,3.06,3.02,83314.92
2014-08-26,3.02,2.97,3.04,2.96,97324.4
2014-08-27,2.96,2.98,3.0,2.96,57623.71
2014-08-28,2.97,2.93,2.99,2.93,68548.79
2014-08-29,2.91,2.94,2.95,2.91,54279.03
2014-09-01,2.94,2.99,2.99,2.94,81650.86
2014-09-02,2.99,3.05,3.06,2.98,163049.28
2014-09-03,3.05,3.05,3.08,3.02,164914.27
2014-09-04,3.05,3.1,3.1,3.05,215438.22
2014-09-05,3.1,3.1,3.12,3.06,207701.6
2014-09-09,3.1,3.09,3.11,3.07,114676.1
2014-09-10,3.08,3.06,3.08,3.04,122793.52
2014-09-11,3.05,3.13,3.19,3.05,328281.88
2014-09-12,3.11,3.15,3.16,3.11,162648.64
2014-09-15,3.13,3.28,3.39,3.13,460891.18
2014-09-16,3.25,3.17,3.32,3.16,408191.45
2014-09-17,3.16,3.21,3.23,3.1,216469.29
2014-09-18,3.2,3.28,3.31,3.19,250190.72
2014-09-19,3.28,3.29,3.31,3.24,162220.45
2014-09-22,3.29,3.2,3.29,3.19,161015.03
2014-09-23,3.18,3.22,3.24,3.16,138176.39
2014-09-24,3.2,3.32,3.38,3.18,361244.13
2014-09-25,3.33,3.46,3.47,3.3,535798.53
2014-09-26,3.43,3.39,3.45,3.36,317381.84
2014-09-29,3.4,3.47,3.51,3.39,317532.69
2014-09-30,3.47,3.53,3.59,3.45,329946.0
2014-10-08,3.55,3.59,3.64,3.49,319416.2
2014-10-09,3.57,3.53,3.59,3.49,281346.0
2014-10-10,3.52,3.45,3.53,3.44,231452.34
2014-10-13,3.44,3.48,3.49,3.41,145262.2
2014-10-14,3.47,3.44,3.51,3.42,148196.94
2014-10-15,3.43,3.56,3.57,3.37,316986.07
2014-10-16,3.52,3.47,3.61,3.47,245503.36
2014-11-03,3.81,3.82,3.82,3.72,155952.56
2014-11-04,3.98,3.7,3.98,3.69,618948.25
2014-11-05,3.68,3.76,3.9,3.65,417057.02
2014-11-06,3.72,3.7,3.75,3.62,232996.12
2014-11-07,3.71,3.78,3.94,3.69,541424.87
2014-11-10,3.81,3.82,3.86,3.7,346203.52
2014-11-11,3.83,3.68,3.92,3.63,428021.19
2014-11-12,3.65,3.73,3.74,3.61,225238.66
2014-11-13,3.71,3.85,3.98,3.64,707590.19
2014-11-14,3.76,3.74,3.79,3.69,285351.36
2014-11-17,3.77,3.73,3.8,3.65,201790.17
2014-11-18,3.7,3.7,3.76,3.69,139814.64
2014-11-19,3.7,3.72,3.8,3.69,196087.89
2014-11-20,3.71,3.77,3.79,3.7,183103.63
2014-11-21,3.76,3.91,3.93,3.71,499694.13
2014-11-24,3.96,4.11,4.23,3.9,785738.3
2014-11-25,4.08,4.12,4.22,4.05,517138.45
2014-11-26,4.14,4.17,4.29,4.12,543642.7
2014-11-27,4.19,4.59,4.59,4.11,1123251.25
2014-11-28,4.6,4.74,4.88,4.54,1192614.7
2014-12-01,4.69,4.56,4.74,4.46,643451.12
2014-12-02,4.49,4.83,4.91,4.47,824646.25
2014-12-03,4.82,4.72,5.07,4.66,957821.62
2014-12-04,4.66,5.19,5.19,4.6,1194585.68
2014-12-05,5.17,5.45,5.6,4.96,1479452.15
2014-12-08,5.27,5.77,5.94,5.14,1267221.31
2014-12-09,5.61,5.19,6.03,5.19,1204385.52
2014-12-10,5.03,5.12,5.3,4.69,791989.5
2014-12-11,4.97,4.81,5.07,4.8,494893.65
2014-12-12,4.83,4.91,5.05,4.82,395392.8
2014-12-15,4.86,5.05,5.07,4.82,322086.59
2014-12-16,5.15,5.55,5.55,5.1,836716.96
2014-12-17,5.65,5.57,5.81,5.36,1003319.49
2014-12-18,5.52,5.28,5.52,5.22,493369.04
2014-12-19,5.28,5.2,5.42,5.05,397978.81
2014-12-22,5.17,5.08,5.38,4.88,396769.57
2014-12-23,5.04,5.11,5.3,5.03,287085.81
2014-12-24,5.16,4.85,5.21,4.69,314083.91
2014-12-25,4.87,5.03,5.08,4.83,265975.22
2014-12-26,5.05,5.39,5.46,4.98,556847.7
2014-12-29,5.51,5.39,5.63,5.27,675942.34
2014-12-30,5.31,5.34,5.52,5.16,425321.88
2014-12-31,5.32,5.34,5.5,5.2,382710.02
2015-01-05,5.35,5.32,5.42,5.21,352370.06
2015-01-06,5.25,5.18,5.33,5.05,363518.83
2015-01-07,5.16,5.23,5.38,5.12,288975.49
2015-01-08,5.22,5.05,5.25,5.04,250979.1
2015-01-09,5.03,5.06,5.25,4.97,265624.06
2015-01-12,5.03,4.88,5.12,4.82,190757.1
2015-01-13,4.88,4.8,4.94,4.77,147603.71
2015-01-14,4.8,4.79,4.9,4.76,129760.36
2015-01-15,4.83,4.99,4.99,4.79,205934.9
2015-01-16,4.99,4.94,5.01,4.89,181796.44
2015-01-19,4.45,4.45,4.62,4.45,261013.31
2015-01-20,4.38,4.45,4.49,4.26,245499.87
2015-01-21,4.49,4.9,4.9,4.49,381553.56
2015-01-22,5.01,5.15,5.31,4.95,684741.91
2015-01-23,5.12,5.07,5.25,5.05,402039.83
2015-01-26,5.07,5.15,5.21,4.92,291148.77
2015-01-27,5.16,5.06,5.19,4.96,280118.57
2015-01-28,5.03,4.99,5.08,4.95,170020.12
2015-01-29,4.89,5.11,5.3,4.85,403072.19
2015-01-30,5.05,4.9,5.1,4.89,199800.71
2015-02-02,4.8,4.79,4.95,4.69,165234.11
2015-02-03,4.82,4.94,4.96,4.8,174083.76
2015-02-04,4.94,4.82,4.99,4.8,166704.17
2015-02-05,4.97,4.8,4.99,4.79,170863.2
2015-02-06,4.75,4.65,4.85,4.63,139192.69
2015-02-09,4.65,4.79,4.88,4.62,153718.84
2015-02-10,4.83,4.87,4.91,4.76,130803.96
2015-02-11,4.87,4.92,4.96,4.81,154204.07
2015-02-12,4.94,5.06,5.14,4.88,242442.63
2015-02-13,5.09,5.08,5.29,5.07,352335.63
2015-02-16,5.05,5.14,5.18,5.05,199213.33
2015-02-17,5.18,5.34,5.52,5.15,460841.81
2015-02-25,5.35,5.2,5.35,5.18,205620.39
2015-02-26,5.19,5.31,5.39,5.1,283969.13
2015-02-27,5.31,5.22,5.33,5.21,244689.6
2015-03-02,5.3,5.29,5.37,5.24,277906.97
2015-03-03,5.28,5.12,5.28,5.11,250853.93
2015-03-04,5.12,5.39,5.51,5.12,493033.94
2015-03-05,5.34,5.23,5.36,5.18,271869.61
2015-03-06,5.25,5.2,5.32,5.17,188401.3
2015-03-09,5.14,5.25,5.29,5.02,222725.54
2015-03-10,5.22,5.19,5.3,5.15,171094.11
2015-03-11,5.19,5.22,5.33,5.19,205965.9
2015-03-12,5.25,5.5,5.65,5.25,682270.5
2015-03-13,5.48,5.46,5.63,5.42,458918.06
2015-03-16,5.52,5.65,5.7,5.41,456227.42
2015-03-17,5.7,5.76,5.84,5.63,538701.12
2015-03-18,5.78,5.76,5.79,5.65,442629.13
2015-03-19,5.76,5.62,5.76,5.57,392476.64
2015-03-20,5.62,5.79,6.01,5.59,605575.78
2015-03-23,5.81,5.81,5.86,5.72,454830.06
2015-03-24,5.82,5.66,5.82,5.52,418391.89
2015-03-25,5.66,5.66,5.72,5.59,293531.96
2015-03-26,5.64,5.68,5.75,5.56,317168.49
2015-03-27,5.67,5.8,5.82,5.61,383739.5
2015-03-30,5.82,5.96,6.02,5.74,558850.63
2015-03-31,5.99,5.84,6.15,5.82,525429.16
2015-04-01,5.82,6.42,6.42,5.79,514339.48
2015-04-02,6.65,6.63,6.78,6.37,1027298.63
2015-04-03,6.5,6.62,6.73,6.46,582582.61
2015-04-07,6.62,6.74,6.82,6.51,540209.54
2015-04-08,6.71,6.8,6.98,6.49,664432.19
2015-04-09,6.75,6.73,7.17,6.71,716494.2
2015-04-10,6.62,6.69,6.74,6.42,404981.87
2015-04-13,6.7,6.74,6.88,6.67,363145.4
2015-04-14,6.79,6.89,6.96,6.69,470540.79
2015-04-15,6.9,6.53,6.93,6.44,426515.31
2015-04-16,6.4,6.5,6.59,6.29,277933.31
2015-04-17,6.62,6.55,6.74,6.5,338895.21
2015-04-20,6.55,6.18,6.57,6.1,383848.57
2015-04-21,6.18,6.42,6.48,6.15,250895.01
2015-04-22,6.43,6.69,6.7,6.43,373611.32
2015-04-23,6.71,6.55,6.73,6.5,372162.88
2015-04-24,6.46,6.47,6.62,6.38,255695.83
2015-04-27,6.56,6.63,6.7,6.5,365946.72
2015-04-28,6.68,6.88,6.88,6.61,640777.2
2015-04-29,6.88,6.69,6.88,6.6,365943.74
2015-04-30,6.74,6.81,7.05,6.65,487476.95
2015-05-04,6.86,6.92,6.95,6.68,374466.82
2015-05-05,6.91,6.41,6.91,6.24,371300.86
2015-05-06,6.41,6.23,6.66,6.15,282823.46
2015-05-07,6.14,6.06,6.27,5.94,195049.21
2015-05-08,6.19,6.18,6.2,6.06,177233.72
2015-05-11,6.21,6.56,6.59,6.2,306102.6
2015-05-12,6.52,6.59,6.78,6.33,421888.67
2015-05-13,6.54,6.71,6.74,6.41,424446.36
2015-05-14,6.71,6.58,6.79,6.54,353778.34
2015-05-15,6.5,6.24,6.5,6.2,291177.58
2015-05-18,6.2,6.29,6.35,6.1,170528.06
2015-05-19,6.29,6.54,6.66,6.24,330929.66
2015-05-20,6.53,6.48,6.63,6.42,364526.9
2015-05-21,6.48,6.57,6.58,6.42,270706.22
2015-05-22,6.64,6.87,7.04,6.58,778270.79
2015-05-25,6.84,7.2,7.26,6.79,771498.82
2015-05-26,7.2,7.28,7.37,7.0,639792.33
2015-05-27,7.26,7.41,7.6,7.03,642053.45
2015-05-28,7.31,6.67,7.51,6.67,600267.35
2015-05-29,6.67,6.49,6.78,6.32,373719.05
2015-06-01,6.52,6.83,6.86,6.44,308370.21
2015-06-02,6.83,7.07,7.16,6.83,434543.56
2015-06-03,7.05,7.19,7.32,6.92,478233.27
2015-06-04,7.2,7.22,7.4,6.67,464597.7
2015-06-05,7.36,7.44,7.65,7.22,634501.8
2015-06-08,7.45,8.19,8.19,7.35,796467.3
2015-06-09,8.06,7.91,8.24,7.82,595126.84
2015-06-10,7.91,7.92,8.19,7.79,443695.89
2015-06-11,7.93,7.81,7.99,7.65,327103.3
2015-06-12,7.83,7.86,8.1,7.76,357234.97
2015-06-15,7.97,7.54,7.99,7.48,344160.52
2015-06-16,7.45,7.55,7.83,7.36,384025.45
2015-06-17,7.56,7.64,7.74,7.18,279199.14
2015-06-18,7.64,7.19,7.78,7.18,272937.23
2015-06-19,7.03,6.65,7.3,6.65,248389.27
2015-06-23,6.61,6.87,6.87,6.2,243160.67
2015-06-24,6.82,6.93,7.0,6.71,289638.99
2015-06-25,6.98,6.98,7.4,6.87,393607.88
2015-06-26,6.73,6.28,6.93,6.28,328336.29
2015-06-29,6.46,5.66,6.53,5.65,350969.82
2015-06-30,5.32,5.99,6.03,5.09,355219.54
2015-07-01,5.87,5.4,6.11,5.39,291987.62
2015-07-02,5.36,4.86,5.62,4.86,311673.69
2015-07-03,4.72,4.37,4.92,4.37,310858.79
2015-07-06,4.81,4.38,4.81,3.94,389092.77
2015-07-07,4.26,3.94,4.33,3.94,277976.24
2015-07-08,3.55,3.8,4.14,3.55,751069.84
2015-07-09,3.8,4.17,4.17,3.8,231441.32
2015-07-10,4.29,4.59,4.59,4.27,229646.96
2015-07-13,4.8,5.05,5.05,4.68,406580.61
2015-07-14,4.98,4.97,5.25,4.85,444410.24
2015-07-15,4.79,4.47,4.92,4.47,316776.42
2015-07-16,4.47,4.52,4.72,4.09,218705.27
2015-07-17,4.56,4.83,4.89,4.53,212736.02
2015-07-20,4.85,4.8,4.97,4.7,216938.13
2015-07-21,4.79,4.88,4.96,4.64,218393.33
2015-07-22,4.83,4.86,4.91,4.68,231865.47
2015-07-23,4.84,5.08,5.1,4.84,333498.31
2015-07-24,5.11,4.92,5.23,4.89,334433.75
2015-07-27,4.77,4.43,4.89,4.43,243572.49
2015-07-28,4.32,4.49,4.6,4.05,261347.82
2015-07-29,4.49,4.69,4.7,4.35,168983.42
2015-07-30,4.64,4.54,4.92,4.51,232871.41
2015-07-31,4.45,4.55,4.62,4.45,147178.4
2015-08-03,4.49,4.59,4.6,4.34,134146.4
2015-08-04,4.6,4.82,4.84,4.56,155040.69
2015-08-05,4.81,4.73,4.85,4.67,137018.71
2015-08-06,4.6,4.64,4.77,4.56,85371.97
2015-08-07,4.68,4.78,4.83,4.68,108519.83
2015-08-10,4.8,5.06,5.13,4.76,233098.93
2015-08-11,5.01,5.26,5.52,4.97,393052.81
2015-08-12,5.13,5.27,5.48,5.11,382845.33
2015-08-13,5.21,5.56,5.59,5.15,389037.09
2015-08-14,5.56,5.41,5.61,5.36,289492.22
2015-08-17,5.32,5.48,5.48,5.2,207309.58
2015-08-18,5.53,4.94,5.67,4.93,324732.92
2015-08-19,4.74,5.0,5.05,4.47,235632.05
2015-08-20,4.89,4.72,5.0,4.68,143968.99
2015-08-21,4.64,4.43,4.8,4.4,152781.58
2015-08-24,4.21,3.98,4.38,3.98,127426.7
2015-08-25,3.58,3.58,3.77,3.58,226075.7
2015-08-26,3.67,3.59,3.87,3.45,226072.93
2015-08-27,3.67,3.89,3.91,3.6,191932.68
2015-08-28,3.92,4.13,4.16,3.85,215867.74
2015-08-31,4.07,3.98,4.13,3.91,180413.47
2015-09-01,3.97,3.74,3.98,3.64,121416.01
2015-09-02,3.54,3.92,3.95,3.5,196660.99
2015-09-07,3.87,3.91,4.06,3.83,156762.23
2015-09-08,3.84,4.05,4.06,3.75,109887.43
2015-09-09,4.05,4.15,4.21,4.02,152946.12
2015-09-10,4.08,3.99,4.17,3.96,102817.61
2015-09-11,3.98,4.03,4.07,3.93,63951.62
2015-09-14,4.06,3.62,4.07,3.62,117043.35
2015-09-15,3.57,3.32,3.63,3.3,107292.39
2015-09-16,3.32,3.64,3.65,3.32,104736.94
2015-09-17,3.58,3.53,3.74,3.53,107872.51
2015-09-18,3.57,3.57,3.62,3.53,65516.83
2015-09-21,3.54,3.68,3.72,3.53,76288.44
2015-09-22,3.7,3.78,3.87,3.68,134855.28
2015-09-23,3.69,3.64,3.75,3.63,81279.9
2015-09-24,3.67,3.72,3.76,3.67,64197.11
2015-09-25,3.7,3.55,3.79,3.51,71782.29
2015-09-28,3.56,3.59,3.61,3.52,51509.2
2015-09-29,3.52,3.46,3.56,3.43,79571.61
2015-09-30,3.49,3.47,3.53,3.44,73070.45
2015-10-08,3.61,3.82,3.82,3.55,187545.07
2015-10-09,3.83,3.85,3.9,3.79,229510.07
2015-10-12,3.9,4.0,4.07,3.86,214541.16
2015-10-13,3.94,4.0,4.07,3.92,152646.43
2015-10-14,3.97,3.93,4.01,3.92,113485.74
2015-10-15,3.94,4.06,4.07,3.94,156726.41
2015-10-16,4.09,4.38,4.47,4.02,307191.9
2015-10-19,4.36,4.39,4.58,4.26,269839.23
2015-10-20,4.38,4.39,4.4,4.29,146698.56
2015-10-21,4.4,3.95,4.41,3.95,205688.94
2015-10-22,3.95,4.12,4.15,3.91,137811.15
2015-10-23,4.11,4.25,4.29,4.09,146196.99
2015-10-26,4.32,4.29,4.46,4.23,187180.68
2015-10-27,4.26,4.26,4.29,4.07,141808.8
2015-10-28,4.22,4.16,4.33,4.13,124627.87
2015-10-29,4.18,4.28,4.34,4.18,153978.97
2015-10-30,4.29,4.31,4.42,4.17,189686.15
2015-11-02,4.25,4.29,4.42,4.13,186438.82
2015-11-03,4.29,4.33,4.37,4.21,141912.72
2015-11-04,4.31,4.77,4.77,4.31,402391.17
2015-11-05,4.82,4.92,5.16,4.76,773029.49
2015-11-06,4.82,5.12,5.23,4.78,594709.86
2015-11-09,5.01,4.97,5.32,4.96,567515.51
2015-11-10,4.94,4.81,5.28,4.81,521960.36
2015-11-11,4.87,4.96,5.0,4.77,351018.57
2015-11-12,4.89,4.97,5.2,4.86,570419.28
2015-11-13,4.87,4.92,5.03,4.79,377660.72
2015-11-16,4.77,4.93,4.95,4.77,234152.04
2015-11-17,4.99,4.91,5.23,4.89,539433.82
2015-11-18,4.9,4.8,5.05,4.77,304310.44
2015-11-19,4.83,5.1,5.14,4.8,422290.87
2015-11-20,5.1,5.17,5.17,4.95,396651.44
2015-11-23,5.17,5.34,5.45,5.12,640308.48
2015-11-24,5.34,5.44,5.45,5.19,418914.68
2015-11-25,5.4,5.38,5.49,5.32,292673.36
2015-11-26,5.38,5.19,5.54,5.17,413133.82
2015-11-27,5.18,4.78,5.18,4.67,283198.66
2015-11-30,4.83,4.74,4.88,4.33,273981.03
2015-12-01,4.69,4.79,4.84,4.64,210276.81
2015-12-02,4.74,4.97,5.03,4.74,228972.99
2015-12-03,4.93,5.05,5.15,4.87,248066.24
2015-12-04,4.97,4.89,5.03,4.83,177969.8
2015-12-07,4.93,4.98,5.02,4.87,149570.86
2015-12-08,4.94,4.89,5.02,4.81,181900.23
2015-12-09,4.89,4.88,4.98,4.84,111915.78
2015-12-10,4.89,4.9,5.04,4.86,161843.49
2015-12-11,4.85,4.75,4.87,4.66,145941.97
2015-12-14,4.69,5.01,5.06,4.69,159287.23
2015-12-15,4.98,5.1,5.12,4.95,163516.02
2015-12-16,5.1,5.07,5.22,5.05,174713.54
2015-12-17,5.17,5.14,5.2,5.1,163718.24
2015-12-18,5.11,5.23,5.28,5.11,219889.66
2015-12-21,5.44,5.75,5.75,5.23,440340.5
2015-12-22,5.87,6.2,6.32,5.83,723922.32
2015-12-23,6.12,6.29,6.55,6.08,476960.59
2015-12-24,6.3,6.4,6.45,6.04,284359.63
2015-12-25,6.3,6.92,7.02,6.28,391499.0
2015-12-28,6.89,6.72,7.21,6.63,375733.94
2015-12-29,6.62,6.85,7.02,6.55,270108.03
2015-12-30,6.74,6.52,6.8,6.51,292159.34
2015-12-31,6.53,6.43,6.59,6.32,229526.66
2016-01-04,6.38,5.94,6.42,5.82,176717.66
2016-01-05,5.72,6.23,6.32,5.7,361002.44
2016-01-06,6.17,6.43,6.49,5.97,277758.25
2016-01-07,6.26,5.78,6.29,5.78,56576.0
2016-01-08,5.96,5.9,6.12,5.35,223118.04
2016-01-11,5.64,5.87,6.3,5.58,333254.31
2016-01-12,5.79,6.33,6.46,5.79,396347.16
2016-01-13,6.34,5.92,6.47,5.88,398600.67
2016-01-14,5.6,6.1,6.13,5.54,239483.65
2016-01-15,6.04,5.67,6.11,5.54,160447.05
2016-01-18,5.67,5.81,5.88,5.23,232138.82
2016-01-19,5.69,5.91,6.06,5.6,188647.89
2016-01-20,5.94,5.53,5.98,5.49,212885.01
2016-01-21,5.35,5.11,5.65,5.11,142922.27
2016-01-22,5.21,5.01,5.29,4.83,143930.19
2016-01-25,5.06,5.24,5.25,5.01,117987.89
2016-01-26,5.15,5.06,5.57,4.99,256572.48
2016-01-27,5.11,5.06,5.19,4.56,183075.08
2016-01-28,4.9,4.77,5.2,4.72,156440.09
2016-01-29,4.77,4.91,5.0,4.72,155024.15
2016-02-01,4.83,4.42,4.92,4.42,234395.73
2016-02-02,4.38,4.5,4.54,4.29,236367.21
2016-02-03,4.37,4.36,4.42,4.23,167382.09
2016-02-04,4.4,4.52,4.55,4.37,208436.65
2016-02-05,4.54,4.34,4.55,4.33,130534.31
2016-02-15,4.15,4.22,4.28,4.11,101581.77
2016-02-16,4.27,4.45,4.5,4.24,182360.9
2016-02-17,4.43,4.69,4.76,4.41,268200.26
2016-02-18,4.66,4.6,4.76,4.56,177315.95
2016-02-19,4.56,4.64,4.7,4.56,105276.13
2016-02-22,4.75,4.83,4.93,4.65,194571.98
2016-02-23,4.81,4.9,4.96,4.79,200855.93
2016-02-24,4.85,4.81,4.97,4.7,141116.65
2016-02-25,4.79,4.34,4.85,4.33,180298.87
2016-02-26,4.6,4.68,4.78,4.43,420737.0
2016-02-29,4.55,4.3,4.6,4.21,286258.15
2016-03-01,4.32,4.46,4.54,4.2,194608.99
2016-03-02,4.43,4.71,4.76,4.36,299378.43
2016-03-03,4.71,4.66,4.8,4.64,275223.58
2016-03-04,4.65,4.67,4.77,4.56,256415.3
2016-03-07,4.71,4.77,4.82,4.69,207358.65
2016-03-08,4.75,4.69,4.78,4.45,191841.55
2016-03-09,4.55,4.52,4.63,4.48,130645.49
2016-03-10,4.55,4.41,4.6,4.38,138808.16
2016-03-11,4.35,4.44,4.52,4.3,112572.93
2016-03-14,4.52,4.66,4.75,4.5,226874.07
2016-03-15,4.62,4.66,4.72,4.6,156472.77
2016-03-16,4.68,4.57,4.7,4.52,130646.94
2016-03-17,4.65,4.78,4.83,4.57,298336.07
2016-03-18,4.79,5.03,5.09,4.77,352084.46
2016-03-21,5.15,5.46,5.53,5.11,484737.97
2016-03-22,5.32,5.32,5.37,5.26,300400.77
2016-03-23,5.32,5.56,5.61,5.25,373479.38
2016-03-24,5.43,5.36,5.57,5.35,512191.56
2016-03-25,5.32,5.3,5.4,5.23,238818.05
2016-03-28,5.35,5.37,5.44,5.26,243427.01
2016-03-29,5.37,5.48,5.65,5.3,483003.41
2016-03-30,5.55,6.03,6.03,5.49,721835.66
2016-03-31,6.03,6.08,6.32,5.96,680633.82
2016-04-01,6.06,5.95,6.06,5.81,394981.53
2016-04-05,5.96,6.09,6.26,5.94,562708.4
2016-04-06,5.97,6.15,6.38,5.88,1220434.04
2016-04-07,6.21,6.05,6.39,6.03,1118185.72
2016-04-08,5.88,5.67,5.92,5.45,975273.76
2016-04-11,5.73,5.68,5.85,5.65,722431.08
2016-04-12,5.68,5.57,5.68,5.4,635958.87
2016-04-13,5.61,5.61,5.78,5.57,880594.77
2016-04-14,5.64,5.63,5.68,5.55,434246.26
2016-04-15,5.63,5.54,5.63,5.53,382516.33
2016-04-18,5.52,5.58,5.6,5.43,403228.5
2016-04-19,5.62,5.54,5.62,5.48,281004.05
2016-04-20,5.57,5.15,5.58,5.05,588966.12
2016-04-21,5.16,5.05,5.16,5.04,287303.84
2016-04-22,5.02,5.11,5.12,4.97,212546.32
2016-04-25,5.11,5.01,5.11,4.94,199332.51
2016-04-26,5.03,5.06,5.09,4.96,223267.77
2016-04-27,5.1,4.99,5.1,4.96,231911.41
2016-04-28,5.0,4.97,5.03,4.91,223676.29
2016-04-29,4.95,4.95,4.97,4.91,171045.4
2016-05-03,4.97,5.14,5.18,4.92,376518.87
2016-05-04,5.11,5.08,5.14,5.05,304319.77
2016-05-05,5.07,5.12,5.14,5.05,197594.06
2016-05-06,5.11,4.93,5.15,4.92,336031.51
2016-05-09,4.93,4.6,4.93,4.59,288004.83
2016-05-10,4.58,4.63,4.67,4.58,163504.61
2016-05-11,4.66,4.61,4.7,4.6,138928.54
2016-05-12,4.56,4.58,4.6,4.44,145828.71
2016-05-13,4.6,4.54,4.66,4.5,142272.97
2016-05-16,4.53,4.64,4.64,4.47,155811.86
2016-05-17,4.62,4.63,4.67,4.55,176458.86
2016-05-18,4.59,4.46,4.6,4.4,228301.31
2016-05-19,4.47,4.45,4.55,4.44,155621.15
2016-05-20,4.43,4.49,4.5,4.37,151476.56
2016-05-23,4.5,4.54,4.59,4.5,187555.42
2016-05-24,4.55,4.44,4.55,4.41,141927.57
2016-05-25,4.48,4.44,4.52,4.41,124272.46
2016-05-26,4.46,4.44,4.48,4.34,152168.62
2016-05-27,4.47,4.49,4.53,4.45,194246.53
2016-05-30,4.45,4.48,4.56,4.35,176153.11
2016-05-31,4.47,4.81,4.82,4.47,534208.55
2016-06-01,4.78,4.76,4.83,4.73,366048.64
2016-06-02,4.73,4.78,4.81,4.73,252513.33
2016-06-03,4.77,4.8,4.86,4.74,271504.59
2016-06-06,4.8,4.76,4.82,4.75,153527.57
2016-06-07,4.76,4.72,4.79,4.7,197868.23
2016-06-08,4.74,4.63,4.74,4.58,204548.59
2016-06-13,4.56,4.4,4.59,4.39,248715.82
2016-06-14,4.36,4.42,4.45,4.36,175302.68
2016-06-15,4.36,4.46,4.57,4.36,275285.47
2016-06-16,4.46,4.42,4.5,4.4,197398.59
2016-06-17,4.43,4.45,4.51,4.42,205838.74
2016-06-20,4.44,4.41,4.46,4.36,142414.57
2016-06-21,4.46,4.44,4.58,4.41,295801.31
2016-06-22,4.41,4.48,4.5,4.39,146238.48
2016-06-23,4.5,4.47,4.51,4.44,133484.03
2016-06-24,4.48,4.41,4.51,4.36,231748.51
2016-06-27,4.39,4.45,4.47,4.38,187945.48
2016-06-28,4.44,4.53,4.54,4.41,335517.28
2016-06-29,4.53,4.72,4.9,4.51,668518.41
2016-06-30,4.67,4.68,4.81,4.65,316333.11
2016-07-01,4.73,4.65,4.75,4.65,213074.6
2016-07-04,4.62,4.79,4.86,4.61,401831.77
2016-07-05,4.78,4.78,4.81,4.74,253776.26
2016-07-06,4.78,4.77,4.78,4.72,171072.97
2016-07-07,4.77,4.74,4.77,4.67,262955.18
2016-07-08,4.72,4.68,4.72,4.64,247097.21
2016-07-11,4.69,4.69,4.76,4.65,216600.25
2016-07-12,4.7,4.76,4.77,4.65,357120.0
2016-07-13,4.77,4.82,4.86,4.76,456886.34
2016-07-14,4.79,4.77,4.82,4.75,224176.11
2016-07-15,4.79,4.85,4.88,4.76,469579.81
2016-07-18,4.81,4.73,4.82,4.72,299580.54
2016-07-19,4.73,4.76,4.77,4.7,188910.03
2016-07-20,4.77,4.76,4.82,4.74,188710.19
2016-07-21,4.76,4.75,4.82,4.75,208086.32
2016-07-22,4.75,4.65,4.76,4.65,254530.83
2016-07-25,4.66,4.65,4.68,4.62,186986.89
2016-07-26,4.65,4.7,4.7,4.64,193624.41
2016-07-27,4.7,4.49,4.72,4.44,315924.19
2016-07-28,4.56,4.94,4.94,4.53,816354.3
2016-07-29,5.07,5.2,5.44,4.97,2771544.38
2016-08-01,5.11,5.28,5.51,5.06,2083731.31
2016-08-02,5.18,5.4,5.49,5.11,1707284.62
2016-08-03,5.34,5.38,5.51,5.25,1391153.59
2016-08-04,5.34,5.74,5.84,5.27,2169937.08
2016-08-05,5.66,5.61,5.7,5.54,1291077.79
2016-08-08,5.59,5.61,5.68,5.49,939967.62
2016-08-09,5.58,5.68,5.74,5.44,1364272.6
2016-08-10,5.61,5.52,5.63,5.5,788373.24
2016-08-11,5.51,5.36,5.62,5.33,1020963.71
2016-08-12,5.36,5.73,5.84,5.31,1635062.28
2016-08-15,5.65,5.8,6.01,5.61,2004461.55
2016-08-16,5.75,5.7,5.8,5.68,940020.84
2016-08-17,5.72,5.96,6.13,5.65,1550858.25
2016-08-18,5.88,5.86,6.11,5.8,1182704.95
2016-08-19,5.81,5.76,5.91,5.7,780921.72
2016-08-22,5.75,5.57,5.8,5.57,654874.45
2016-08-23,5.6,5.65,5.68,5.51,493120.33
2016-08-24,5.66,5.53,5.67,5.49,451076.0
2016-08-25,5.47,5.43,5.49,5.35,523558.69
2016-08-26,5.44,5.36,5.48,5.34,355665.01
2016-08-29,5.35,5.45,5.46,5.34,304763.98
2016-08-30,5.46,5.43,5.51,5.42,323671.02
2016-08-31,5.41,5.45,5.51,5.37,355016.55
2016-09-01,5.45,5.37,5.47,5.36,376177.39
2016-09-02,5.33,5.31,5.43,5.24,389920.52
2016-09-05,5.31,5.33,5.41,5.31,269408.89
2016-09-06,5.34,5.41,5.41,5.22,390480.52
2016-09-07,5.41,5.36,5.48,5.35,411920.61
2016-09-08,5.34,5.39,5.45,5.33,265611.64
2016-09-09,5.39,5.25,5.4,5.25,297194.0
2016-09-12,5.14,5.04,5.14,4.99,377004.47
2016-09-13,5.04,5.05,5.07,4.99,166180.8
2016-09-14,5.02,4.98,5.06,4.96,182003.21
2016-09-19,4.99,5.06,5.07,4.99,157568.43
2016-09-20,5.06,5.05,5.09,5.03,114656.0
2016-09-21,5.05,5.09,5.11,5.03,198632.06
2016-09-22,5.11,5.16,5.21,5.1,276120.89
2016-09-23,5.15,5.11,5.2,5.11,167499.09
2016-09-26,5.14,4.97,5.14,4.94,174418.8
2016-09-27,4.97,5.05,5.06,4.94,179280.11
2016-09-28,5.07,5.47,5.56,5.03,1377194.66
2016-09-29,5.37,5.5,5.51,5.34,883297.34
2016-09-30,5.44,5.54,5.63,5.42,858854.95
2016-10-10,5.55,5.66,5.68,5.47,893773.73
2016-10-11,5.95,6.09,6.21,5.84,2059841.02
2016-10-12,5.99,5.93,6.08,5.88,1112380.04
2016-10-13,5.9,6.38,6.53,5.9,2638600.87
2017-01-18,5.74,5.74,5.74,5.74,121272.0
2017-01-19,5.26,5.16,5.37,5.16,2404402.02
2017-01-20,4.94,5.11,5.21,4.93,1267537.24
2017-01-23,5.06,5.08,5.15,5.04,871218.3
2017-01-24,5.06,4.92,5.08,4.89,771555.19
2017-01-25,4.88,5.11,5.13,4.88,1068793.87
2017-01-26,5.08,5.06,5.13,5.04,557022.84
2017-02-03,5.05,5.11,5.18,5.05,646417.04
2017-02-06,5.11,5.11,5.13,5.01,494174.0
2017-02-07,5.08,5.24,5.24,5.05,945448.21
2017-02-08,5.21,5.25,5.28,5.17,763959.51
2017-02-09,5.22,5.25,5.34,5.2,692947.76
2017-02-10,5.26,5.22,5.29,5.2,576502.55
2017-02-13,5.2,5.25,5.3,5.2,551269.84
2017-02-14,5.25,5.21,5.26,5.2,456659.16
2017-02-15,5.22,5.33,5.53,5.17,1271195.54
2017-02-16,5.3,5.65,5.86,5.26,1746293.57
2017-02-17,5.58,5.51,5.75,5.51,1294453.79
2017-02-23,5.45,5.28,5.45,5.25,1170686.24
2017-02-24,5.27,5.31,5.34,5.22,542730.43
2017-02-27,5.28,5.23,5.33,5.22,403764.68
2017-02-28,5.26,5.42,5.5,5.24,783116.25
2017-03-01,5.39,5.41,5.46,5.38,615467.38
2017-03-02,5.42,5.49,5.68,5.4,1052358.53
2017-03-03,5.44,5.66,5.8,5.43,1366507.45
2017-03-06,5.63,5.65,5.74,5.58,791542.94
2017-03-07,5.63,5.54,5.66,5.51,633160.12
2017-03-08,5.54,5.57,5.65,5.5,506661.14
2017-03-09,5.55,5.44,5.56,5.4,519199.13
2017-03-10,5.45,5.61,5.64,5.43,879356.33
2017-03-13,5.58,5.65,5.66,5.51,635231.44
2017-03-14,5.64,5.59,5.71,5.57,635361.22
2017-03-15,5.56,5.52,5.57,5.49,443464.23
2017-03-16,5.56,5.74,5.79,5.54,1057173.08
2017-03-17,5.68,5.57,5.73,5.57,760215.61
2017-03-20,5.57,5.71,5.73,5.55,654926.67
2017-03-21,5.69,5.71,5.76,5.64,562570.02
2017-03-22,5.67,5.61,5.68,5.56,591769.78
2017-03-23,5.61,5.47,5.66,5.33,879838.86
2017-03-24,5.43,5.45,5.52,5.36,550510.35
2017-03-27,5.45,5.47,5.54,5.42,410993.91
2017-03-28,5.45,5.35,5.49,5.34,547998.03
2017-03-29,5.34,5.3,5.37,5.24,469458.44
2017-03-30,5.29,5.17,5.31,5.15,516341.63
2017-03-31,5.18,5.23,5.25,5.16,291518.92
2017-04-05,5.36,5.4,5.44,5.27,576249.41
2017-04-06,5.53,5.4,5.53,5.38,693778.99
2017-04-07,5.47,5.51,5.56,5.41,795105.55
2017-04-10,5.52,5.64,5.81,5.45,1094690.78
2017-04-11,5.63,5.72,5.76,5.51,1314598.75
2017-04-12,5.68,5.56,5.68,5.52,754788.54
2017-04-13,5.51,5.75,5.83,5.48,1322271.71
2017-04-14,5.71,5.57,5.76,5.56,768765.5
2017-04-17,5.55,5.36,5.57,5.31,727966.05
2017-04-18,5.35,5.35,5.43,5.32,389485.83
2017-04-19,5.33,5.34,5.36,5.26,374240.45
2017-04-20,5.32,5.21,5.36,5.13,539225.83
2017-04-21,5.2,5.21,5.26,5.16,251044.29
2017-04-24,5.22,4.99,5.22,4.98,407735.04
2017-04-25,5.01,4.99,5.07,4.97,220258.22
2017-04-26,4.99,5.03,5.08,4.99,281115.09
2017-04-27,5.01,5.13,5.27,4.88,446531.03
2017-04-28,5.11,5.11,5.15,5.05,218380.76
2017-05-02,5.1,5.08,5.11,5.04,184419.19
2017-05-03,5.07,5.03,5.1,5.0,182968.11
2017-05-04,5.01,4.96,5.05,4.93,248946.95
2017-05-05,4.93,4.72,4.96,4.72,472300.08
2017-05-08,4.72,4.6,4.76,4.6,257415.55
2017-05-09,4.61,4.61,4.64,4.55,291747.08
2017-05-10,4.63,4.58,4.74,4.56,370180.3
2017-05-11,4.51,4.38,4.53,4.29,631758.65
2017-05-12,4.38,4.41,4.5,4.35,439936.25
2017-05-15,4.41,4.34,4.43,4.33,325787.54
2017-05-16,4.31,4.42,4.42,4.25,388738.7
2017-05-17,4.42,4.43,4.5,4.4,331682.0
2017-05-18,4.41,4.4,4.47,4.37,250106.73
2017-05-19,4.41,4.37,4.42,4.36,163974.52
2017-05-22,4.38,4.26,4.4,4.26,278564.43
2017-05-23,4.26,3.85,4.29,3.83,693653.52
2017-05-24,3.85,3.94,3.96,3.82,315398.72
2017-05-25,3.94,4.06,4.11,3.89,418596.9
2017-05-26,4.05,4.05,4.09,4.03,207742.87
2017-05-31,4.11,4.11,4.21,4.08,265876.66
2017-06-01,4.11,3.94,4.12,3.94,266119.6
2017-06-02,3.95,4.06,4.06,3.91,223988.9
2017-06-05,4.1,4.08,4.13,4.06,188722.71
2017-06-06,4.09,4.11,4.11,4.07,127040.44
2017-06-07,4.12,4.19,4.2,4.1,259394.14
2017-06-08,4.2,4.19,4.24,4.17,200971.95
2017-06-09,4.2,4.16,4.2,4.12,191039.52
2017-06-12,4.16,4.12,4.18,4.11,154797.37
2017-06-13,4.12,4.18,4.2,4.11,165302.79
2017-06-14,4.18,4.15,4.18,4.13,136634.83
2017-06-15,4.16,4.24,4.3,4.14,305565.54
2017-06-16,4.22,4.23,4.25,4.19,161945.06
2017-06-19,4.22,4.28,4.3,4.21,197613.6
2017-06-27,4.45,4.47,4.71,4.44,909999.59
2017-06-28,4.44,4.53,4.6,4.36,756101.26
2017-06-29,4.5,4.47,4.53,4.42,414175.92
2017-06-30,4.44,4.42,4.47,4.39,239623.28
2017-07-03,4.45,4.47,4.49,4.43,249604.01
2017-07-04,4.47,4.42,4.47,4.36,275096.92
2017-07-05,4.41,4.47,4.52,4.39,368591.13
2017-07-06,4.48,4.42,4.48,4.39,317673.74
2017-07-07,4.4,4.44,4.47,4.38,258771.09
2017-07-10,4.46,4.58,4.65,4.45,703964.33
2017-07-11,4.56,4.47,4.6,4.47,386957.25
2017-07-12,4.45,4.45,4.51,4.4,329468.06
2017-07-13,4.45,4.59,4.61,4.42,624900.02
2017-07-14,4.55,4.53,4.59,4.47,387904.27
2017-07-17,4.61,4.59,4.79,4.37,1263420.77
2017-07-18,4.52,4.94,5.05,4.52,1575315.32
2017-07-19,4.86,5.04,5.07,4.8,1435747.07
2017-07-20,5.01,5.09,5.23,4.95,1356052.17
2017-07-21,5.05,5.05,5.17,4.99,897461.02
2017-07-24,5.01,5.17,5.29,4.98,1305599.43
2017-07-25,5.12,4.97,5.12,4.9,977081.83
2017-07-26,4.97,4.99,5.04,4.89,492924.7
2017-07-27,4.97,4.88,4.97,4.77,567308.17
2017-07-28,4.86,4.86,4.92,4.8,326146.19
2017-07-31,4.83,4.93,4.95,4.76,506141.42
2017-08-01,4.91,4.95,5.04,4.85,601841.36
2017-08-02,4.99,4.93,5.04,4.86,659564.78
2017-08-03,4.88,4.82,4.91,4.81,457242.21
2017-08-04,4.81,4.79,4.85,4.77,361656.52
2017-08-07,4.76,4.79,4.83,4.75,264812.16
2017-08-08,4.78,4.83,4.84,4.77,263752.87
2017-08-09,4.82,4.71,4.83,4.71,308305.75
2017-08-10,4.71,4.66,4.79,4.65,265461.25
2017-08-11,4.62,4.52,4.65,4.5,288795.05
2017-08-14,4.53,4.6,4.61,4.52,208149.52
2017-08-15,4.6,4.65,4.71,4.57,242389.58
2017-08-16,4.62,4.65,4.66,4.59,176441.46
2017-08-17,4.62,4.67,4.68,4.62,175889.65
2017-08-18,4.63,4.65,4.65,4.57,182248.46
2017-08-21,4.61,4.67,4.69,4.6,150526.66
2017-08-22,4.65,4.61,4.68,4.59,198071.68
2017-08-23,4.61,4.6,4.65,4.58,166156.38
2017-08-24,4.62,4.53,4.63,4.53,157257.71
2017-08-25,4.53,4.64,4.65,4.53,245189.1
2017-08-28,4.65,4.82,4.83,4.62,692119.94
2017-08-29,4.82,4.76,4.83,4.74,352531.93
2017-08-30,4.73,4.76,4.85,4.73,337586.92
2017-08-31,4.73,4.75,4.78,4.71,214772.68
2017-09-01,4.74,4.73,4.77,4.71,264804.81
2017-09-04,4.73,4.77,4.77,4.69,282201.74
2017-09-05,4.77,4.73,4.78,4.71,206619.91
2017-09-06,4.71,4.65,4.72,4.62,286918.19
2017-09-07,4.65,4.65,4.71,4.64,195635.75
2017-09-08,4.65,4.65,4.69,4.63,151879.61
2017-09-11,4.66,4.64,4.67,4.62,176685.37
2017-09-12,4.65,4.73,4.81,4.63,470522.63
2017-09-13,4.71,4.67,4.72,4.65,233693.38
2017-09-14,4.68,4.71,4.75,4.65,313309.38
2017-09-15,4.71,4.77,4.82,4.67,435307.59
2017-09-18,4.75,4.77,4.82,4.73,337218.56
2017-09-19,4.76,4.82,4.92,4.73,598799.94
2017-09-20,4.83,4.79,4.83,4.73,309651.16
2017-09-21,4.75,4.77,4.89,4.75,402976.46
2017-09-22,4.75,4.67,4.79,4.62,348583.78
2017-09-25,4.65,4.52,4.65,4.5,269267.0
2017-09-26,4.53,4.53,4.55,4.49,130932.32
2017-09-27,4.53,4.53,4.56,4.53,107603.94
2017-09-28,4.54,4.47,4.54,4.47,126329.0
2017-09-29,4.47,4.49,4.53,4.47,128963.22
2017-10-09,4.56,4.54,4.6,4.53,147057.8
2017-10-10,4.56,4.57,4.59,4.53,162210.81
2017-10-11,4.57,4.55,4.59,4.53,181034.69
2017-10-12,4.56,4.56,4.57,4.52,136777.71
2017-10-13,4.54,4.55,4.57,4.53,126667.96
2017-10-16,4.55,4.5,4.56,4.49,150169.79
2017-10-17,4.49,4.52,4.56,4.48,144268.32
2017-10-18,4.51,4.47,4.53,4.46,150161.0
2017-10-19,4.47,4.36,4.47,4.34,205547.27
2017-10-20,4.37,4.37,4.4,4.36,107202.4
2017-10-23,4.37,4.38,4.39,4.36,83543.0
2017-10-24,4.37,4.36,4.38,4.33,118670.3
2017-10-25,4.36,4.38,4.41,4.35,91166.67
2017-10-26,4.37,4.45,4.47,4.35,212916.78
2017-10-27,4.43,4.39,4.45,4.38,118232.85
2017-10-30,4.37,4.3,4.42,4.29,213111.38
2017-10-31,4.3,4.36,4.36,4.3,111624.81
2017-11-01,4.35,4.37,4.4,4.35,107638.1
2017-11-02,4.36,4.34,4.39,4.32,87117.77
2017-11-03,4.34,4.32,4.36,4.3,96806.36
2017-11-06,4.32,4.34,4.34,4.29,103874.37
2017-11-07,4.34,4.38,4.42,4.32,147523.35
2017-11-08,4.38,4.42,4.49,4.37,204027.25
2017-11-09,4.41,4.37,4.42,4.34,164609.97
2017-11-10,4.38,4.38,4.4,4.33,132785.14
2017-11-13,4.39,4.44,4.48,4.36,241986.09
2017-11-14,4.42,4.43,4.46,4.38,146181.94
2017-11-15,4.42,4.37,4.44,4.36,118441.9
2017-11-16,4.37,4.41,4.46,4.36,265897.58
2017-11-17,4.38,4.29,4.4,4.27,271664.26
2017-11-20,4.26,4.13,4.26,4.11,301987.5
2017-11-21,4.12,4.15,4.22,4.1,229572.71
2017-11-22,4.15,4.14,4.18,4.12,181597.67
2017-11-23,4.14,3.95,4.14,3.93,246830.29
2017-11-24,3.94,3.94,3.99,3.91,139851.39
2017-11-27,3.94,3.89,3.94,3.85,126004.08
2017-11-28,3.9,3.94,3.94,3.88,80104.82
2017-11-29,3.94,3.91,3.94,3.88,114141.66
2017-11-30,3.88,3.88,3.94,3.88,97866.43
2017-12-01,3.88,3.88,3.92,3.87,100427.25
2017-12-04,3.89,3.81,3.89,3.78,192180.86
2017-12-05,3.8,3.81,3.82,3.76,151716.9
2017-12-06,3.81,3.81,3.82,3.74,125398.25
2017-12-07,3.8,3.81,3.82,3.76,117759.34
2017-12-08,3.8,3.82,3.83,3.79,111580.21
2017-12-11,3.8,3.85,3.88,3.8,141151.66
2017-12-12,3.85,3.82,3.87,3.79,85905.09
2017-12-13,3.82,3.82,3.82,3.79,54340.04
2017-12-14,3.82,3.84,3.86,3.81,111958.25
2017-12-15,3.83,3.82,3.84,3.78,95094.76
2017-12-18,3.81,3.72,3.82,3.7,154172.69
2017-12-19,3.72,3.76,3.76,3.71,85826.4
2017-12-20,3.74,3.75,3.76,3.73,82960.54
2017-12-21,3.75,3.7,3.75,3.66,101768.52
2017-12-22,3.71,3.7,3.72,3.69,52975.97
2017-12-25,3.69,3.56,3.7,3.53,154113.6
2017-12-26,3.56,3.53,3.56,3.47,159767.09
2017-12-27,3.52,3.51,3.56,3.48,104818.4
2017-12-28,3.5,3.56,3.59,3.49,126699.2
2017-12-29,3.57,3.64,3.64,3.54,121090.17
2018-01-02,3.65,3.66,3.68,3.62,110777.66
2018-01-03,3.65,3.67,3.69,3.63,130551.63
2018-01-04,3.67,3.66,3.67,3.64,100590.87
2018-01-05,3.64,3.68,3.7,3.64,129862.55
2018-01-08,3.67,3.7,3.71,3.62,159874.47
2018-01-09,3.68,3.65,3.68,3.64,93029.47
2018-01-10,3.65,3.63,3.68,3.61,110136.94
2018-01-11,3.62,3.61,3.64,3.57,108831.43
2018-01-12,3.61,3.61,3.64,3.59,96401.43
2018-01-15,3.61,3.51,3.63,3.49,135249.24
2018-01-16,3.51,3.53,3.53,3.49,125199.58
2018-01-17,3.54,3.88,3.88,3.53,1021895.43
2018-01-18,3.82,3.84,3.87,3.75,805505.21
2018-01-19,3.82,3.99,4.11,3.79,876743.28
2018-01-22,3.94,3.94,3.96,3.86,452271.25
2018-01-23,3.93,3.93,3.97,3.89,300680.76
2018-01-24,3.93,3.96,4.0,3.88,424157.38
2018-01-25,3.95,3.91,3.95,3.88,301863.69
2018-01-26,3.86,3.87,3.91,3.84,256711.43
2018-01-29,3.88,3.86,3.94,3.83,277556.27
2018-01-30,3.86,3.82,3.89,3.81,196349.83
2018-01-31,3.82,3.64,3.82,3.61,318430.75
2018-02-01,3.64,3.53,3.68,3.51,254994.9
2018-02-02,3.47,3.52,3.55,3.37,186199.29
2018-02-05,3.47,3.53,3.54,3.43,131218.42
2018-02-06,3.42,3.38,3.5,3.38,225271.02
2018-02-07,3.44,3.41,3.47,3.35,162171.36
2018-02-08,3.47,3.44,3.47,3.41,104760.94
2018-02-09,3.36,3.3,3.4,3.25,196049.14
2018-02-12,3.33,3.34,3.38,3.31,92261.04
2018-02-13,3.37,3.35,3.4,3.34,99201.45
2018-02-14,3.35,3.35,3.37,3.34,58254.0
2018-02-22,3.36,3.41,3.41,3.36,97773.0
2018-02-23,3.41,3.43,3.44,3.39,97509.44
2018-02-26,3.45,3.47,3.48,3.41,137288.42
2018-02-27,3.47,3.47,3.51,3.45,131912.42
2018-02-28,3.43,3.48,3.52,3.41,156551.07
2018-03-01,3.46,3.47,3.49,3.44,123539.35
2018-03-02,3.46,3.49,3.61,3.44,218947.85
2018-03-05,3.47,3.54,3.57,3.47,182792.88
2018-03-06,3.55,3.57,3.58,3.51,149095.22
2018-03-07,3.54,3.5,3.58,3.5,138873.33
2018-03-08,3.51,3.51,3.53,3.48,95101.1
2018-03-09,3.51,3.54,3.56,3.48,143908.19
2018-03-12,3.55,3.6,3.62,3.54,218154.08
2018-03-13,3.58,3.57,3.66,3.57,191255.48
2018-03-14,3.58,3.54,3.59,3.53,142013.73
2018-03-15,3.54,3.53,3.54,3.49,100543.25
2018-03-16,3.53,3.52,3.55,3.51,89608.84
2018-03-19,3.52,3.59,3.72,3.48,248274.02
2018-03-20,3.54,3.55,3.58,3.52,139341.07
2018-03-21,3.59,3.53,3.62,3.53,158172.6
2018-03-22,3.52,3.5,3.56,3.48,116811.15
2018-03-23,3.42,3.3,3.43,3.27,234472.45
2018-03-26,3.29,3.31,3.34,3.19,123486.41
2018-03-27,3.36,3.35,3.38,3.34,122321.55
2018-03-28,3.33,3.34,3.37,3.29,88408.16
2018-03-29,3.35,3.4,3.41,3.32,134150.28
2018-03-30,3.39,3.38,3.41,3.37,97046.28
2018-04-02,3.38,3.38,3.41,3.36,132701.85
2018-04-03,3.33,3.34,3.35,3.29,87954.93
2018-04-04,3.34,3.35,3.37,3.33,83640.79
2018-04-09,3.33,3.32,3.35,3.29,89144.37
2018-04-10,3.32,3.35,3.35,3.29,107467.55
2018-04-11,3.34,3.36,3.38,3.34,109289.68
2018-04-12,3.36,3.7,3.7,3.35,1072966.47
2018-04-13,3.66,3.55,3.67,3.54,879205.68
2018-04-16,3.53,3.47,3.54,3.44,350482.79
2018-04-17,3.48,3.37,3.48,3.37,298793.96
2018-04-18,3.4,3.41,3.41,3.33,197692.18
2018-04-19,3.4,3.42,3.47,3.38,204737.35
2018-04-20,3.42,3.33,3.42,3.3,181851.8
2018-04-23,3.33,3.34,3.35,3.29,106903.52
2018-04-24,3.35,3.39,3.41,3.33,158684.22
2018-04-25,3.37,3.37,3.41,3.35,122144.75
2018-04-26,3.4,3.39,3.41,3.37,142868.21
2018-04-27,3.41,3.41,3.43,3.36,105458.55
2018-05-02,3.46,3.39,3.47,3.37,114384.36
2018-05-03,3.41,3.46,3.47,3.39,196785.46
2018-05-04,3.44,3.41,3.45,3.39,117946.93
2018-05-07,3.41,3.45,3.45,3.41,127490.5
2018-05-08,3.45,3.46,3.47,3.43,156793.26
2018-05-09,3.46,3.43,3.47,3.42,101222.13
2018-05-10,3.44,3.42,3.45,3.38,112801.03
2018-05-11,3.43,3.38,3.43,3.37,117041.7
2018-05-14,3.38,3.37,3.4,3.35,84079.0
2018-05-15,3.36,3.37,3.39,3.35,76329.76
2018-05-16,3.35,3.37,3.38,3.35,78147.94
2018-05-17,3.38,3.35,3.39,3.35,53946.82
2018-05-18,3.35,3.38,3.38,3.34,77676.0
2018-05-21,3.38,3.41,3.41,3.38,109825.63
2018-05-22,3.4,3.42,3.45,3.38,146770.81
2018-05-23,3.41,3.37,3.41,3.37,124038.89
2018-05-24,3.38,3.35,3.39,3.35,121381.23
2018-05-25,3.35,3.35,3.35,3.31,82742.03
2018-05-28,3.35,3.33,3.35,3.3,53305.32
2018-05-29,3.34,3.27,3.35,3.24,141254.42
2018-05-30,3.22,3.16,3.24,3.13,145587.89
2018-05-31,3.19,3.21,3.21,3.17,66773.99
2018-06-01,3.2,3.21,3.22,3.18,71699.31
2018-06-04,3.21,3.2,3.22,3.18,67130.38
2018-06-05,3.2,3.22,3.22,3.17,78844.23
2018-06-06,3.21,3.22,3.22,3.19,64578.84
2018-06-07,3.21,3.19,3.25,3.19,95159.0
2018-06-08,3.19,3.13,3.2,3.12,103868.14
2018-06-11,3.14,3.13,3.16,3.1,53555.51
2018-06-12,3.12,3.13,3.13,3.09,48969.0
2018-06-13,3.13,3.07,3.13,3.03,75986.37
2018-06-14,3.05,3.03,3.07,3.01,73059.86
2018-06-15,3.03,2.95,3.04,2.92,114987.77
2018-06-19,2.92,2.68,2.92,2.66,241546.04
2018-06-20,2.65,2.71,2.72,2.64,99585.0
2018-06-21,2.7,2.66,2.76,2.66,95017.04
2018-06-22,2.64,2.8,2.92,2.61,252599.64
2018-06-25,3.04,2.98,3.09,2.9,639039.39
2018-06-26,2.79,2.98,2.98,2.69,446129.41
2018-06-27,2.91,2.92,2.95,2.84,256830.57
2018-06-28,2.86,2.92,2.95,2.84,178211.62
2018-06-29,2.91,2.92,2.97,2.89,315087.92
2018-07-02,2.91,2.79,2.92,2.79,165482.21
2018-07-03,2.79,2.85,2.85,2.76,162393.43
2018-07-04,2.84,2.79,2.85,2.79,85334.24
2018-07-05,2.79,2.74,2.84,2.74,84158.64
2018-07-06,2.74,2.76,2.81,2.7,107113.65
2018-07-09,2.76,2.81,2.84,2.76,108603.6
2018-07-10,2.81,2.81,2.82,2.79,69560.75
2018-07-11,2.79,2.73,2.79,2.68,106190.0
2018-07-12,2.7,2.73,2.79,2.68,286801.34
2018-07-13,2.72,2.65,2.73,2.64,306149.85
2018-07-16,2.65,2.61,2.66,2.59,265033.84
2018-07-25,2.87,2.8,2.87,2.78,960718.44
2018-07-26,2.75,2.85,2.92,2.73,882785.86
2018-07-27,2.82,2.77,2.85,2.76,471430.46
2018-07-30,2.74,2.67,2.77,2.66,357154.79
2018-07-31,2.63,2.71,2.71,2.62,344877.08
2018-08-01,2.7,2.65,2.71,2.64,255443.69
2018-08-02,2.66,2.55,2.67,2.49,311152.27
2018-08-03,2.54,2.53,2.57,2.51,149521.21
2018-08-06,2.53,2.48,2.55,2.47,191993.66
2018-08-07,2.49,2.55,2.55,2.46,213564.29
2018-08-08,2.55,2.53,2.56,2.52,139981.5
2018-08-09,2.52,2.57,2.59,2.51,207067.47
2018-08-10,2.56,2.57,2.6,2.55,102518.61
2018-08-13,2.55,2.57,2.58,2.52,112072.03
2018-08-14,2.55,2.58,2.59,2.55,130261.34
2018-08-15,2.58,2.59,2.72,2.53,344865.01
2018-08-16,2.55,2.58,2.62,2.52,212122.79
2018-08-17,2.6,2.54,2.61,2.53,147554.77
2018-08-20,2.54,2.59,2.59,2.53,120285.57
2018-08-21,2.58,2.6,2.61,2.57,127963.56
2018-08-22,2.6,2.55,2.6,2.55,95876.08
2018-08-23,2.55,2.57,2.59,2.54,92225.04
2018-08-24,2.56,2.6,2.62,2.54,167793.62
2018-08-27,2.59,2.63,2.63,2.58,200312.81
2018-08-28,2.63,2.61,2.63,2.6,109204.31
2018-08-29,2.61,2.59,2.61,2.58,90208.97
2018-08-30,2.56,2.54,2.58,2.53,116146.1
2018-08-31,2.53,2.52,2.55,2.52,94382.32
2018-09-03,2.52,2.52,2.53,2.45,123826.41
2018-09-04,2.51,2.53,2.54,2.49,132633.96
2018-09-05,2.53,2.47,2.54,2.47,142889.56
2018-09-06,2.47,2.48,2.52,2.46,86162.29
2018-09-07,2.47,2.47,2.51,2.46,128022.77
2018-09-10,2.48,2.45,2.49,2.45,87350.85
2018-09-11,2.45,2.44,2.46,2.42,78470.86
2018-09-12,2.45,2.45,2.46,2.42,87406.84
2018-09-13,2.46,2.48,2.49,2.45,94852.6
2018-09-14,2.46,2.45,2.5,2.45,92542.3
2018-09-17,2.45,2.44,2.45,2.42,85703.78
2018-09-18,2.43,2.47,2.48,2.43,106341.78
2018-09-19,2.46,2.51,2.53,2.45,165493.26
2018-09-20,2.5,2.49,2.52,2.48,132325.27
2018-09-21,2.49,2.54,2.55,2.48,184745.65
2018-09-25,2.53,2.51,2.53,2.5,126229.27
2018-09-26,2.52,2.51,2.56,2.51,162056.92
2018-09-27,2.52,2.49,2.53,2.49,117113.9
2018-09-28,2.49,2.53,2.53,2.49,108014.69
2018-10-08,2.48,2.43,2.5,2.43,187111.67
2018-10-09,2.43,2.44,2.45,2.42,86670.97
2018-10-10,2.44,2.44,2.45,2.43,60378.13
2018-10-11,2.37,2.2,2.38,2.2,292812.34
2018-10-12,2.2,2.17,2.21,2.06,183555.74
2018-10-15,2.18,2.13,2.21,2.13,81136.26
2018-10-16,2.15,2.1,2.18,2.06,112634.33
2018-10-17,2.13,2.14,2.16,2.1,118674.72
2018-10-18,2.13,2.07,2.13,2.06,103487.81
2018-10-19,2.07,2.16,2.2,2.04,186661.45
2018-10-22,2.19,2.37,2.37,2.17,421182.24
2018-10-23,2.42,2.35,2.45,2.3,527525.92
2018-10-24,2.3,2.42,2.51,2.29,599461.07
2018-10-25,2.33,2.61,2.66,2.31,782979.19
2018-10-26,2.58,2.53,2.61,2.49,572330.99
2018-10-29,2.51,2.49,2.57,2.46,300927.96
2018-10-30,2.47,2.61,2.7,2.45,665268.39
2018-10-31,2.58,2.56,2.62,2.55,378948.33
2018-11-01,2.55,2.56,2.69,2.53,444756.63
2018-11-02,2.63,2.6,2.64,2.55,370301.86
2018-11-05,2.59,2.64,2.69,2.57,444387.12
2018-11-06,2.61,2.6,2.64,2.55,321234.76
2018-11-07,2.6,2.54,2.61,2.53,235303.99
2018-11-08,2.56,2.51,2.59,2.51,193796.93
2018-11-09,2.51,2.52,2.53,2.48,164359.0
2018-11-12,2.51,2.59,2.6,2.49,210596.47
2018-11-13,2.56,2.72,2.85,2.55,803037.07
2018-11-14,2.69,2.7,2.77,2.69,464116.69
2018-11-15,2.71,2.75,2.78,2.69,422374.04
2018-11-16,2.74,2.79,2.87,2.73,701188.21
2018-11-19,2.77,2.83,2.87,2.77,504184.47
2018-11-20,2.81,2.71,2.82,2.69,426446.38
2018-11-21,2.67,2.72,2.75,2.66,239061.36
2018-11-22,2.74,2.67,2.75,2.65,213985.25
2018-11-23,2.67,2.53,2.7,2.53,348366.95
2018-11-26,2.53,2.55,2.58,2.53,155858.18
2018-11-27,2.57,2.57,2.6,2.54,125437.09
2018-11-28,2.58,2.61,2.62,2.52,192137.03
2018-11-29,2.63,2.54,2.64,2.53,176599.19
2018-11-30,2.53,2.58,2.59,2.51,132954.86
2018-12-03,2.65,2.66,2.69,2.63,291263.1
2018-12-04,2.65,2.66,2.68,2.63,157329.77
2018-12-05,2.6,2.58,2.62,2.58,169701.42
2018-12-06,2.6,2.55,2.61,2.55,122475.54
2018-12-07,2.56,2.56,2.57,2.53,65295.4
2018-12-10,2.54,2.53,2.56,2.51,82003.17
2018-12-11,2.53,2.53,2.54,2.5,89133.2
2018-12-12,2.53,2.53,2.54,2.51,96168.49
2018-12-13,2.53,2.55,2.58,2.51,138510.68
2018-12-14,2.57,2.53,2.64,2.52,336827.87
2018-12-17,2.5,2.44,2.5,2.37,289861.48
2018-12-18,2.4,2.45,2.45,2.4,119444.23
2018-12-19,2.45,2.42,2.45,2.4,71662.79
2018-12-20,2.4,2.45,2.48,2.39,141403.18
2018-12-21,2.45,2.45,2.49,2.43,127527.08
2018-12-24,2.43,2.46,2.47,2.43,72022.81
2018-12-25,2.45,2.4,2.45,2.35,132141.61
2018-12-26,2.4,2.38,2.42,2.38,73990.64
2018-12-27,2.43,2.37,2.44,2.37,64938.87
2018-12-28,2.37,2.38,2.44,2.37,88799.39
2019-01-02,2.4,2.37,2.4,2.37,73380.35
2019-01-03,2.37,2.4,2.45,2.37,176428.39
2019-01-04,2.36,2.56,2.61,2.36,536980.58
2019-01-07,2.56,2.58,2.61,2.51,326972.05
2019-01-08,2.57,2.58,2.61,2.53,206685.91
2019-01-09,2.58,2.56,2.64,2.56,260077.96
2019-01-10,2.58,2.53,2.59,2.51,203909.02
2019-01-11,2.54,2.54,2.55,2.51,121750.8
2019-01-14,2.54,2.53,2.57,2.52,129621.49
2019-01-15,2.53,2.56,2.58,2.52,199946.99
2019-01-16,2.56,2.54,2.58,2.53,118171.77
2019-01-17,2.53,2.53,2.56,2.52,120744.37
2019-01-18,2.53,2.56,2.57,2.53,145472.71
2019-01-21,2.56,2.56,2.58,2.54,126288.54
2019-01-22,2.56,2.52,2.57,2.51,102806.14
2019-01-23,2.52,2.52,2.53,2.5,68624.84
2019-01-24,2.52,2.53,2.57,2.51,118321.63
2019-01-25,2.53,2.53,2.56,2.52,121270.74
2019-01-28,2.55,2.53,2.57,2.52,123477.81
2019-01-29,2.53,2.44,2.53,2.36,188382.15
2019-01-30,2.43,2.41,2.46,2.41,83848.11
2019-01-31,2.4,2.42,2.46,2.4,131288.65
2019-02-01,2.44,2.49,2.49,2.44,124056.8
2019-02-11,2.49,2.53,2.54,2.49,118856.69
2019-02-12,2.54,2.58,2.61,2.53,193493.05
2019-02-13,2.59,2.64,2.69,2.56,504536.2
2019-02-14,2.64,2.64,2.66,2.61,217104.78
2019-02-15,2.64,2.62,2.68,2.61,230380.47
2019-02-18,2.66,2.89,2.89,2.65,1316843.02
2019-02-19,3.04,3.18,3.18,3.0,2687275.52
2019-02-20,3.11,3.01,3.19,2.99,2066789.86
2019-02-21,2.99,3.25,3.31,2.99,2764984.34
2019-02-22,3.17,3.58,3.58,3.11,2927498.32
2019-02-25,3.87,3.94,3.94,3.75,1756913.94
2019-02-26,4.33,4.33,4.33,4.23,3251951.95
2019-02-27,4.77,4.77,4.77,4.64,1867445.4
2019-02-28,4.45,4.29,4.45,4.29,951056.0
2019-03-01,4.1,4.58,4.71,3.94,6424923.18
2019-03-04,4.45,5.0,5.04,4.41,6204719.92
2019-03-05,4.8,5.15,5.33,4.72,6164265.46
2019-03-06,5.03,5.54,5.65,4.9,5849848.62
2019-03-07,5.42,5.35,5.78,5.23,5401418.6
2019-03-08,4.82,4.82,5.11,4.82,3441510.18
2019-03-11,4.73,4.81,4.89,4.52,2125742.65
2019-03-12,4.87,4.88,5.03,4.75,2379173.98
2019-03-13,4.8,4.58,4.85,4.53,2041188.88
2019-03-14,4.45,4.46,4.62,4.37,1544801.24
2019-03-15,4.52,4.53,4.66,4.45,1545874.03
2019-03-18,4.53,4.65,4.67,4.27,1843387.65
2019-03-19,4.55,4.6,4.7,4.54,1501718.35
2019-03-20,4.58,5.06,5.06,4.54,3576791.69
2019-03-21,5.19,5.34,5.57,5.06,5504492.96
2019-03-22,5.29,5.07,5.38,4.96,3698313.89
2019-03-25,4.95,4.7,4.98,4.66,2798442.86
2019-03-26,4.67,4.53,4.73,4.43,2441525.42
2019-03-27,4.54,4.61,4.66,4.47,1976029.87
2019-03-28,4.5,4.43,4.59,4.42,1458254.08
2019-03-29,4.37,4.71,4.78,4.35,2494571.53
2019-04-01,4.67,4.81,4.93,4.63,2436493.25
2019-04-02,4.8,5.0,5.29,4.74,3578877.66
2019-04-03,5.02,5.1,5.18,4.87,2848515.11
2019-04-04,5.16,4.96,5.17,4.94,1993973.12
2019-04-08,4.98,4.82,5.01,4.77,1907701.61
2019-04-09,4.77,4.93,5.01,4.77,1513684.67
2019-04-10,4.87,4.79,4.92,4.71,1177944.56
2019-04-11,4.74,4.77,4.93,4.63,1549793.36
2019-04-12,4.74,4.98,5.04,4.71,2486159.22
2019-04-15,5.14,4.73,5.19,4.72,2411146.21
2019-04-16,4.57,4.81,4.86,4.53,1696941.66
2019-04-17,4.78,4.72,4.85,4.7,1263112.02
2019-04-18,4.71,4.61,4.74,4.61,911132.86
2019-04-19,4.62,4.69,4.73,4.62,807271.88
2019-04-22,4.72,4.63,4.75,4.58,898033.97
2019-04-23,4.62,4.69,4.88,4.53,1285897.17
2019-04-24,4.67,4.83,4.83,4.59,1377912.26
2019-04-25,4.85,4.64,4.94,4.62,1853949.65
2019-04-26,4.45,4.44,4.62,4.4,1331445.89
2019-04-29,4.4,3.99,4.45,3.99,1443362.37
2019-04-30,3.95,4.04,4.13,3.91,760373.79
2019-05-06,3.82,3.79,4.05,3.67,997808.92
2019-05-07,3.84,3.87,3.91,3.75,736333.08
2019-05-08,3.74,3.85,3.94,3.73,654278.29
2019-05-09,3.8,3.86,3.9,3.78,552243.54
2019-05-10,3.9,4.04,4.14,3.81,1156835.72
2019-05-13,3.96,3.91,3.97,3.89,579384.56
2019-05-14,3.85,3.88,3.98,3.82,526543.48
2019-05-15,3.91,3.96,3.98,3.89,658029.25
2019-05-16,3.93,3.94,4.02,3.91,565863.31
2019-05-17,3.93,3.69,3.96,3.65,875040.59
2019-05-20,3.71,3.81,3.85,3.66,593684.75
2019-05-21,3.79,3.94,4.09,3.76,1119297.64
2019-05-22,3.91,3.85,3.93,3.8,730991.74
2019-05-23,3.81,3.86,4.0,3.74,881409.06
2019-05-24,3.81,3.89,3.95,3.81,698135.09
2019-05-27,3.88,4.01,4.04,3.81,1101306.58
2019-05-28,3.98,3.96,4.05,3.93,731810.37
2019-05-29,3.92,4.01,4.12,3.91,920276.74
2019-05-30,3.96,3.89,3.97,3.83,634723.41
2019-05-31,3.89,3.84,3.96,3.83,400331.41
2019-06-03,3.85,3.81,3.9,3.79,434820.93
2019-06-04,3.81,3.79,3.83,3.77,322744.78
2019-06-05,3.83,3.78,3.85,3.77,331688.8
2019-06-06,3.78,3.7,3.79,3.67,388710.59
2019-06-10,3.68,3.54,3.71,3.43,769993.41
2019-06-11,3.51,3.8,3.84,3.51,949623.52
2019-06-12,3.79,3.75,3.84,3.73,546779.15
2019-06-13,3.77,3.76,3.81,3.73,389357.49
2019-06-14,3.77,3.66,3.81,3.65,488399.07
2019-06-17,3.66,3.65,3.71,3.58,319640.6
2019-06-18,3.65,3.62,3.68,3.6,221782.8
2019-06-19,3.84,3.68,3.89,3.68,625144.09
2019-06-20,3.68,4.05,4.05,3.65,2471048.17
2019-06-21,4.01,4.24,4.36,3.98,3083209.43
2019-06-24,4.16,4.09,4.19,4.05,1383028.9
2019-06-25,4.06,4.12,4.14,3.95,1129788.36
2019-06-26,4.0,3.99,4.06,3.97,560231.91
2019-06-27,4.01,4.05,4.15,4.01,844268.42
2019-06-28,4.01,3.97,4.03,3.94,517897.62
2019-07-01,4.12,4.05,4.14,4.02,1016811.78
2019-07-02,4.05,4.1,4.14,3.97,1109668.31
2019-07-03,4.14,4.17,4.27,4.09,1379071.46
2019-07-04,4.2,4.07,4.23,4.05,761360.86
2019-07-05,4.05,4.05,4.13,3.97,551322.8
2019-07-08,4.04,3.86,4.06,3.85,690601.73
2019-07-09,3.84,3.88,3.9,3.78,431136.79
2019-07-10,3.86,3.81,3.88,3.8,307553.59
2019-07-11,3.85,3.85,3.9,3.8,441337.48
2019-07-12,3.87,3.88,3.91,3.8,383130.3
2019-07-15,3.86,3.99,4.06,3.8,650313.23
2019-07-16,3.97,3.97,4.01,3.95,327864.32
2019-07-17,3.95,3.97,4.03,3.93,423425.03
2019-07-18,3.94,3.85,3.95,3.85,400676.02
2019-07-19,3.88,3.95,4.09,3.87,666406.88
2019-07-22,3.96,3.89,4.01,3.85,604039.3
2019-07-23,3.87,3.89,3.94,3.85,430057.66
2019-07-24,3.9,3.92,3.99,3.9,552329.97
2019-07-25,3.9,3.9,3.93,3.88,391097.26
2019-07-26,3.88,3.88,3.92,3.86,261836.36
2019-07-29,3.88,3.8,3.88,3.8,343275.53
2019-07-30,3.86,4.08,4.19,3.85,2169944.91
2019-07-31,4.03,4.02,4.08,3.96,1388908.39
2019-08-01,4.01,4.03,4.13,3.99,1127939.68
2019-08-02,3.94,3.95,3.97,3.85,860622.29
2019-08-05,3.89,3.86,3.95,3.84,835661.42
2019-08-06,3.75,3.74,3.82,3.59,978594.2
2019-08-07,3.76,3.7,3.79,3.68,481372.04
2019-08-08,3.77,3.72,3.8,3.71,477014.22
2019-08-09,3.73,3.63,3.75,3.62,390016.54
2019-08-12,3.66,3.73,3.75,3.65,424277.94
2019-08-13,3.68,3.67,3.71,3.65,295797.11
2019-08-14,3.73,3.67,3.75,3.66,335660.86
2019-08-15,3.57,3.68,3.68,3.55,386632.37
2019-08-16,3.65,3.7,3.78,3.63,559506.76
2019-08-19,3.73,3.89,3.92,3.7,1165511.23
2019-08-20,3.88,3.8,3.89,3.79,857245.04
2019-08-21,3.78,3.77,3.81,3.74,505447.85
2019-08-22,3.79,3.77,3.8,3.72,366102.35
2019-08-23,3.78,3.78,3.88,3.75,758292.37
2019-08-26,3.66,3.68,3.71,3.64,556884.32
2019-08-27,3.71,3.75,3.8,3.7,625135.6
2019-08-28,3.73,3.72,3.74,3.69,345930.09
2019-08-29,3.72,3.7,3.74,3.68,302015.36
2019-08-30,3.73,3.65,3.77,3.63,527992.19
2019-09-02,3.65,3.72,3.79,3.63,598545.47
2019-09-03,3.73,3.76,3.76,3.7,533224.38
2019-09-04,3.74,3.84,3.87,3.72,1097473.66
2019-09-05,3.88,3.99,4.22,3.88,2629845.57
2019-09-06,4.02,3.99,4.03,3.94,1128544.12
2019-09-09,4.06,4.04,4.09,3.97,1117869.58
2019-09-10,4.02,4.05,4.09,3.96,937641.09
2019-09-11,4.11,4.06,4.21,4.05,1291788.62
2019-09-12,4.05,4.11,4.13,4.0,975381.81
2019-09-16,4.11,4.02,4.11,3.99,749886.2
2019-09-17,3.99,3.89,4.0,3.88,644701.96
2019-09-18,3.9,3.89,3.94,3.88,412178.68
2019-09-19,3.91,3.93,3.95,3.87,401016.57
2019-09-20,3.92,3.91,3.93,3.87,343793.3
2019-09-23,3.88,3.82,3.89,3.76,507833.58
2019-09-24,3.81,3.8,3.88,3.8,357833.07
2019-09-25,3.79,3.75,3.8,3.74,342837.08
2019-09-26,3.76,3.68,3.79,3.67,360505.88
2019-09-27,3.68,3.72,3.73,3.68,226578.01
2019-09-30,3.72,3.67,3.73,3.67,189306.21
2019-10-08,3.69,3.69,3.73,3.67,206113.73
2019-10-09,3.68,3.74,3.75,3.65,265283.76
2019-10-10,3.8,3.8,3.82,3.74,410073.68
2019-10-11,3.8,3.83,3.87,3.72,563301.01
2019-10-14,3.85,3.96,4.09,3.84,1051232.67
2019-10-15,3.91,3.87,3.95,3.86,506727.11
2019-10-16,3.89,3.88,4.01,3.87,677907.8
2019-10-17,3.88,3.81,3.89,3.8,399121.47
2019-10-18,3.82,3.72,3.83,3.72,405381.06
2019-10-21,3.72,3.74,3.75,3.67,240274.31
2019-10-22,3.74,3.75,3.76,3.71,210431.71
2019-10-23,3.75,3.72,3.76,3.71,168443.84
2019-10-24,3.72,3.74,3.77,3.71,242824.03
2019-10-25,3.74,3.79,3.8,3.69,379516.02
2019-10-28,3.78,3.85,3.86,3.75,507663.46
2019-10-29,3.82,3.73,3.84,3.73,393606.92
2019-10-30,3.73,3.72,3.78,3.71,313533.98
2019-10-31,3.72,3.69,3.74,3.68,218740.45
2019-11-01,3.69,3.75,3.76,3.68,265602.68
2019-11-04,3.75,3.73,3.79,3.72,249426.59
2019-11-05,3.75,3.79,3.84,3.73,587953.99
2019-11-06,3.77,3.71,3.78,3.69,370575.94
2019-11-07,3.72,3.72,3.74,3.7,192573.13
2019-11-08,3.75,3.76,3.85,3.72,549180.33
2019-11-11,3.72,3.68,3.73,3.67,391346.59
2019-11-12,3.69,3.7,3.71,3.67,221585.6
2019-11-13,3.69,3.66,3.69,3.66,167111.8
2019-11-14,3.65,3.63,3.67,3.58,307900.69
2019-11-15,3.62,3.58,3.63,3.57,197235.06
2019-11-18,3.58,3.61,3.63,3.56,178916.21
2019-11-19,3.6,3.64,3.64,3.59,218932.38
2019-11-20,3.63,3.59,3.64,3.59,143455.2
2019-11-21,3.57,3.6,3.61,3.56,118447.86
2019-11-22,3.61,3.58,3.64,3.57,196169.03
2019-11-25,3.58,3.6,3.6,3.57,212206.1
2019-11-26,3.6,3.58,3.61,3.57,139026.87
2019-11-27,3.58,3.57,3.6,3.55,153780.7
2019-11-28,3.58,3.52,3.58,3.51,256788.71
2019-11-29,3.52,3.55,3.57,3.52,213760.7
2019-12-02,3.57,3.55,3.61,3.53,216615.1
2019-12-03,3.53,3.56,3.56,3.51,151756.67
2019-12-04,3.55,3.55,3.56,3.53,117893.74
2019-12-05,3.55,3.59,3.61,3.55,291776.77
2019-12-06,3.58,3.6,3.6,3.56,137327.48
2019-12-09,3.61,3.58,3.62,3.56,159706.54
2019-12-10,3.57,3.58,3.58,3.55,135482.16
2019-12-11,3.58,3.58,3.61,3.55,266508.72
2019-12-12,3.57,3.55,3.57,3.54,167381.22
2019-12-13,3.57,3.71,3.74,3.57,1005467.3
2019-12-16,3.72,3.79,3.8,3.66,944770.1
2019-12-17,3.78,3.9,4.11,3.74,1823708.2
2019-12-18,3.85,3.89,3.96,3.85,1060208.54
2019-12-19,3.88,3.89,3.92,3.86,523771.7
2019-12-20,3.91,3.84,3.98,3.83,920453.61
2019-12-23,3.82,3.73,3.88,3.72,678662.04
2019-12-24,3.77,3.77,3.78,3.71,425321.15
2019-12-25,3.76,3.78,3.82,3.72,436328.24
2019-12-26,3.77,3.86,3.87,3.74,559513.91
2019-12-27,3.87,3.85,4.09,3.85,1528566.07
2019-12-30,3.8,3.97,4.04,3.77,1277648.91
2019-12-31,3.96,3.96,4.0,3.9,685543.68
2020-01-02,4.05,3.97,4.07,3.95,942790.07
2020-01-03,3.94,3.98,4.05,3.92,813100.17
2020-01-06,3.96,3.98,4.07,3.94,940144.09
2020-01-07,4.0,4.03,4.04,3.94,820735.64
2020-01-08,3.98,3.88,3.99,3.86,798099.28
2020-01-09,3.93,3.94,3.99,3.92,543929.19
2020-01-10,3.97,3.93,3.99,3.91,400155.46
2020-01-13,3.91,3.96,3.96,3.83,528602.39
2020-01-14,3.95,3.93,3.99,3.92,479285.4
2020-01-15,3.91,3.88,3.92,3.86,391446.11
2020-01-16,3.89,3.85,3.89,3.84,303512.44
2020-01-17,3.87,3.86,3.92,3.85,378880.77
2020-01-20,3.88,3.92,3.92,3.84,348577.26
2020-01-21,3.88,3.85,3.91,3.85,347928.36
2020-01-22,3.83,3.88,3.91,3.76,448083.28
2020-01-23,3.83,3.7,3.83,3.64,626356.43
2020-02-03,3.33,3.33,3.33,3.33,113387.0
2020-02-04,3.02,3.21,3.3,3.02,753964.88
2020-02-05,3.22,3.25,3.34,3.19,551943.41
2020-02-06,3.25,3.32,3.35,3.21,657920.79
2020-02-07,3.3,3.34,3.34,3.28,489548.62
2020-02-10,3.31,3.39,3.41,3.29,468452.01
2020-02-11,3.4,3.38,3.46,3.38,494877.63
2020-02-12,3.37,3.44,3.47,3.35,416388.13
2020-02-13,3.43,3.38,3.47,3.36,421458.86
2020-02-14,3.37,3.52,3.62,3.35,1196174.91
2020-02-17,3.57,3.63,3.64,3.51,950649.3
2020-02-18,3.61,3.61,3.63,3.55,686745.93
2020-02-19,3.58,3.63,3.72,3.55,1031865.98
2020-02-20,3.6,3.81,3.91,3.57,1551042.23
2020-02-21,3.79,3.79,3.89,3.74,1227217.01
2020-02-24,3.72,3.81,3.88,3.71,1091003.36
2020-02-25,3.72,3.76,3.8,3.63,1090231.45
2020-02-26,3.71,3.72,3.84,3.68,956369.35
2020-02-27,3.73,3.7,3.81,3.67,750940.36
2020-02-28,3.56,3.4,3.61,3.4,982469.98
2020-03-02,3.45,3.57,3.58,3.44,560813.12
2020-03-03,3.63,3.59,3.68,3.55,690425.39
2020-03-04,3.55,3.65,3.66,3.55,636547.72
2020-03-05,3.7,3.87,3.93,3.63,1915532.32
2020-03-06,3.8,3.74,3.84,3.72,990817.54
2020-03-09,3.66,3.61,3.72,3.58,860368.82
2020-03-10,3.57,3.7,3.73,3.54,786391.36
2020-03-11,3.67,3.59,3.7,3.58,611719.47
2020-03-12,3.55,3.56,3.63,3.53,522613.52
2020-03-13,3.39,3.52,3.55,3.31,597289.4
2020-03-16,3.55,3.36,3.55,3.32,523897.2
2020-03-17,3.39,3.35,3.44,3.24,379069.38
2020-03-18,3.38,3.24,3.4,3.22,470089.84
2020-03-19,3.24,3.25,3.28,3.13,432901.16
2020-03-20,3.29,3.29,3.3,3.22,260633.52
2020-03-23,3.21,3.14,3.22,3.13,310721.89
2020-03-24,3.21,3.2,3.22,3.13,275560.84
2020-03-25,3.27,3.28,3.3,3.23,345604.98
2020-03-26,3.24,3.23,3.28,3.22,206570.15
2020-03-27,3.28,3.24,3.3,3.23,246277.55
2020-03-30,3.2,3.16,3.2,3.13,218130.45
2020-03-31,3.19,3.14,3.22,3.13,247879.33
2020-04-01,3.13,3.12,3.19,3.11,213035.19
2020-04-02,3.11,3.19,3.19,3.09,240190.06
2020-04-03,3.17,3.13,3.18,3.1,232637.0
2020-04-07,3.17,3.21,3.22,3.16,314248.84
2020-04-08,3.18,3.2,3.22,3.17,255751.05
2020-04-09,3.22,3.24,3.29,3.22,430971.72
2020-04-10,3.25,3.18,3.25,3.16,263600.2
2020-04-13,3.16,3.14,3.17,3.13,156245.49
2020-04-14,3.16,3.22,3.23,3.15,240892.89
2020-04-15,3.22,3.19,3.25,3.19,262802.43
2020-04-16,3.17,3.21,3.22,3.16,238824.8
2020-04-17,3.22,3.18,3.23,3.18,255427.0
2020-04-20,3.2,3.2,3.2,3.17,157369.24
2020-04-21,3.18,3.13,3.19,3.12,255996.67
2020-04-22,3.13,3.16,3.17,3.11,188853.17
2020-04-23,3.15,3.13,3.17,3.12,171407.76
2020-04-24,3.13,3.08,3.13,3.06,226560.07
2020-04-27,3.08,3.1,3.12,3.06,186588.86
2020-04-28,3.12,3.07,3.13,3.02,218573.89
2020-04-29,3.05,3.06,3.09,3.04,141824.63
2020-04-30,3.07,3.22,3.23,3.07,468210.73
2020-05-06,3.22,3.21,3.23,3.15,455139.57
2020-05-07,3.17,3.16,3.22,3.15,266305.2
2020-05-08,3.19,3.22,3.27,3.17,478290.27
2020-05-11,3.22,3.18,3.23,3.16,264564.89
2020-05-12,3.17,3.15,3.19,3.13,173638.97
2020-05-13,3.13,3.16,3.17,3.13,125032.52
2020-05-14,3.13,3.12,3.14,3.11,189080.29
2020-05-15,3.14,3.12,3.14,3.12,144095.29
2020-05-18,3.14,3.14,3.19,3.12,239303.87
2020-05-19,3.17,3.17,3.19,3.15,172008.4
2020-05-20,3.16,3.14,3.17,3.13,156231.21
2020-05-21,3.15,3.15,3.19,3.14,222720.8
2020-05-22,3.15,3.06,3.15,3.05,216102.52
2020-05-25,3.06,3.05,3.08,3.04,133655.58
2020-05-26,3.05,3.08,3.08,3.05,135329.79
2020-05-27,3.07,3.03,3.07,3.02,169544.35
2020-05-28,3.03,3.08,3.13,3.03,309013.12
2020-05-29,3.07,3.05,3.08,3.04,159829.34
2020-06-01,3.09,3.16,3.19,3.08,444022.39
2020-06-02,3.16,3.16,3.19,3.13,269022.73
2020-06-03,3.17,3.14,3.22,3.13,292945.7
2020-06-04,3.16,3.11,3.17,3.1,229777.93
2020-06-05,3.11,3.13,3.13,3.07,204368.41
2020-06-08,3.13,3.12,3.15,3.11,157562.69
2020-06-09,3.12,3.13,3.16,3.11,240214.85
2020-06-10,3.13,3.09,3.13,3.08,186471.12
2020-06-11,3.1,3.08,3.14,3.07,276057.24
2020-06-12,3.05,3.14,3.17,3.03,383706.72
2020-06-15,3.12,3.08,3.15,3.08,289616.33
2020-06-16,3.11,3.12,3.12,3.08,183729.68
2020-06-17,3.12,3.1,3.12,3.08,162710.79
2020-06-18,3.11,3.13,3.16,3.09,318663.92
2020-06-19,3.13,3.22,3.24,3.13,635547.61
2020-06-22,3.2,3.24,3.36,3.18,797134.2
2020-06-23,3.22,3.27,3.27,3.2,388788.07
2020-06-24,3.28,3.28,3.32,3.25,406421.05
2020-06-29,3.26,3.17,3.26,3.16,310705.85
2020-06-30,3.19,3.34,3.34,3.18,679719.59
2020-07-01,3.36,3.35,3.38,3.27,682759.08
2020-07-02,3.33,3.55,3.63,3.32,1391240.06
2020-07-03,3.58,3.74,3.77,3.51,1807100.38
2020-07-06,3.85,4.06,4.08,3.77,2110377.49
2020-07-07,4.23,3.95,4.23,3.87,2092218.97
2020-07-08,3.88,4.1,4.19,3.88,2000747.74
2020-07-09,4.04,4.15,4.3,3.96,1848748.74
2020-07-10,4.05,3.97,4.12,3.96,1126762.99
2020-07-13,3.95,4.1,4.13,3.93,1242654.52
2020-07-14,4.06,4.16,4.22,4.01,1714298.26
2020-07-15,4.17,4.1,4.4,3.92,2202443.92
2020-07-16,4.13,3.81,4.19,3.77,1674067.71
2020-07-17,3.81,3.68,3.88,3.62,1076389.88
2020-07-20,3.73,3.93,3.93,3.7,1068026.48
2020-07-21,3.91,3.85,3.97,3.81,736587.24
2020-07-22,3.88,3.86,3.99,3.79,956366.02
2020-07-23,3.83,3.78,3.88,3.68,780278.76
2020-07-24,3.76,3.59,3.82,3.56,796534.06
2020-07-27,3.6,3.55,3.63,3.51,399274.15
2020-07-28,3.58,3.55,3.6,3.5,418964.09
2020-07-29,3.52,3.63,3.66,3.5,635456.78
2020-07-30,3.62,3.58,3.63,3.57,481021.9
2020-07-31,3.57,3.61,3.67,3.56,657958.06
2020-08-03,3.69,3.82,3.85,3.68,1134543.18
2020-08-04,3.77,3.78,3.86,3.77,772674.4
2020-08-05,3.77,3.75,3.78,3.71,516108.28
2020-08-06,3.74,3.76,3.77,3.65,629809.98
2020-08-07,3.74,3.68,3.74,3.61,559943.66
2020-08-10,3.65,3.69,3.74,3.63,474640.8
2020-08-11,3.69,3.59,3.74,3.57,572220.17
2020-08-12,3.59,3.58,3.61,3.52,416393.79
2020-08-13,3.59,3.6,3.63,3.56,319089.86
2020-08-14,3.59,3.65,3.65,3.56,331042.47
2020-08-17,3.68,3.78,3.84,3.66,1026253.05
2020-08-18,3.78,3.77,3.81,3.74,668749.87
2020-08-19,3.78,3.69,3.79,3.68,519981.76
2020-08-20,3.69,3.7,3.78,3.67,552003.77
2020-08-21,3.71,3.72,3.76,3.68,358826.32
2020-08-24,3.71,3.69,3.73,3.68,369772.75
2020-08-25,3.7,3.67,3.74,3.65,431112.03
2020-08-26,3.67,3.59,3.67,3.59,454657.03
2020-08-27,3.59,3.61,3.63,3.57,259676.86
2020-08-28,3.6,3.68,3.68,3.59,368519.28
2020-08-31,3.68,3.65,3.74,3.64,505230.8
2020-09-01,3.65,3.66,3.66,3.6,258145.38
2020-09-02,3.66,3.66,3.68,3.61,285344.46
2020-09-03,3.65,3.61,3.68,3.6,307214.87
2020-09-04,3.56,3.58,3.59,3.52,248068.22
2020-09-07,3.57,3.52,3.59,3.51,316723.7
2020-09-08,3.54,3.59,3.59,3.51,359638.55
2020-09-09,3.55,3.56,3.6,3.53,352631.93
2020-09-10,3.59,3.47,3.59,3.47,358905.42
2020-09-11,3.46,3.48,3.49,3.44,195423.71
2020-09-14,3.49,3.46,3.5,3.45,181379.05
2020-09-15,3.46,3.46,3.47,3.43,152747.46
2020-09-16,3.45,3.46,3.49,3.44,128655.08
2020-09-17,3.47,3.45,3.48,3.42,171856.49
2020-09-18,3.44,3.59,3.59,3.44,440112.77
2020-09-21,3.62,3.54,3.65,3.53,350323.87
2020-09-22,3.51,3.54,3.63,3.51,361871.3
2020-09-23,3.55,3.51,3.56,3.5,174992.41
2020-09-24,3.5,3.45,3.51,3.45,223849.7
2020-09-25,3.46,3.48,3.51,3.44,178650.56
2020-09-28,3.47,3.47,3.5,3.46,114560.4
2020-09-29,3.5,3.48,3.51,3.48,141146.16
2020-09-30,3.47,3.42,3.49,3.41,167321.43
2020-10-09,3.47,3.49,3.5,3.45,161285.49
2020-10-12,3.5,3.59,3.59,3.5,355130.87
2020-10-13,3.56,3.56,3.58,3.53,188510.82
2020-10-14,3.54,3.51,3.55,3.5,182919.01
2020-10-15,3.52,3.51,3.56,3.5,170332.07
2020-10-16,3.51,3.51,3.54,3.5,169847.29
2020-10-19,3.52,3.49,3.57,3.48,194487.8
2020-10-20,3.47,3.5,3.5,3.46,113484.8
2020-10-21,3.5,3.48,3.5,3.46,122725.0
2020-10-22,3.46,3.48,3.5,3.45,135044.55
2020-10-23,3.47,3.45,3.5,3.45,124188.63
2020-10-26,3.45,3.41,3.46,3.38,178722.0
2020-10-27,3.38,3.32,3.4,3.32,192542.78
2020-10-28,3.32,3.25,3.33,3.22,221383.42
2020-10-29,3.22,3.29,3.31,3.2,169234.94
2020-10-30,3.28,3.19,3.31,3.18,181479.5
2020-11-02,3.19,3.2,3.24,3.17,139738.34
2020-11-03,3.2,3.28,3.32,3.2,173964.43
2020-11-04,3.29,3.24,3.3,3.22,148609.54
2020-11-05,3.27,3.3,3.31,3.25,164260.99
2020-11-06,3.3,3.29,3.32,3.25,154165.2
2020-11-09,3.3,3.37,3.4,3.3,328654.63
2020-11-10,3.36,3.32,3.4,3.31,241403.22
2020-11-11,3.32,3.3,3.32,3.29,151048.25
2020-11-12,3.3,3.27,3.31,3.26,124728.14
2020-11-13,3.25,3.26,3.28,3.23,130639.25
2020-11-16,3.28,3.29,3.3,3.26,134364.65
2020-11-17,3.29,3.29,3.3,3.26,110161.79
2020-11-18,3.29,3.32,3.33,3.27,211481.33
2020-11-19,3.31,3.33,3.34,3.3,144281.38
2020-11-20,3.32,3.32,3.34,3.29,124954.64
2020-11-23,3.32,3.39,3.42,3.3,374262.68
2020-11-24,3.36,3.34,3.41,3.34,226663.45
2020-11-25,3.36,3.3,3.39,3.3,188779.67
2020-11-26,3.31,3.33,3.35,3.29,140977.02
2020-11-27,3.32,3.41,3.41,3.32,228137.54
2020-11-30,3.42,3.39,3.5,3.38,535074.98
2020-12-01,3.37,3.56,3.61,3.36,900074.13
2020-12-02,3.52,3.51,3.58,3.48,584653.36
2020-12-03,3.51,3.59,3.61,3.49,723161.15
2020-12-04,3.57,3.51,3.57,3.48,425732.48
2020-12-07,3.5,3.42,3.51,3.41,339202.18
2020-12-08,3.41,3.41,3.45,3.4,171606.26
2020-12-09,3.41,3.35,3.45,3.35,221737.21
2020-12-10,3.34,3.34,3.38,3.32,173675.54
2020-12-11,3.35,3.32,3.36,3.29,215403.24
2020-12-14,3.32,3.32,3.34,3.29,106929.36
2020-12-15,3.31,3.32,3.34,3.3,95128.37
2020-12-16,3.33,3.31,3.35,3.31,105451.66
2020-12-17,3.3,3.37,3.37,3.27,205210.38
2020-12-18,3.36,3.36,3.39,3.34,170729.23
2020-12-21,3.36,3.37,3.4,3.33,165533.92
2020-12-22,3.36,3.26,3.37,3.24,266627.48
2020-12-23,3.28,3.28,3.31,3.26,146247.37
2020-12-24,3.29,3.24,3.3,3.22,235107.99
2020-12-25,3.25,3.29,3.3,3.24,199746.82
2020-12-28,3.29,3.26,3.3,3.24,166089.99
2020-12-29,3.26,3.28,3.32,3.22,203435.64
2020-12-30,3.28,3.32,3.32,3.26,190412.86
2020-12-31,3.32,3.4,3.43,3.32,407111.33
2021-01-04,3.41,3.4,3.42,3.34,330179.5
2021-01-05,3.38,3.38,3.4,3.32,296171.93
2021-01-06,3.37,3.32,3.4,3.3,255763.8
2021-01-07,3.31,3.24,3.33,3.2,383302.96
2021-01-08,3.23,3.24,3.27,3.19,207565.13
2021-01-11,3.22,3.16,3.24,3.15,265461.24
2021-01-12,3.15,3.24,3.25,3.14,299173.31
2021-01-13,3.23,3.16,3.23,3.14,317924.76
2021-01-14,3.14,3.16,3.19,3.13,160230.32
2021-01-15,3.16,3.17,3.22,3.15,196135.6
2021-01-18,3.15,3.19,3.2,3.15,147137.97
2021-01-19,3.18,3.24,3.4,3.16,377511.9
2021-01-20,3.22,3.22,3.25,3.21,179710.98
2021-01-21,3.22,3.24,3.29,3.22,231913.1
2021-01-22,3.25,3.19,3.25,3.18,180849.09
2021-01-25,3.17,3.13,3.18,3.12,211297.6
2021-01-26,3.13,3.07,3.13,3.06,153283.71
2021-01-27,3.07,3.06,3.09,3.04,119466.56
2021-01-28,3.05,3.1,3.13,3.04,186223.7
2021-01-29,3.09,3.06,3.11,3.04,134820.0
2021-02-01,3.06,3.04,3.08,3.03,106261.76
2021-02-02,3.04,3.03,3.05,3.02,99079.16
2021-02-03,3.03,2.98,3.04,2.98,114705.88
2021-02-04,2.97,2.86,2.98,2.83,195256.54
2021-02-05,2.86,2.86,2.91,2.85,129959.85
2021-02-08,2.86,2.87,2.9,2.85,103083.08
2021-02-09,2.88,2.92,2.94,2.86,149643.37
2021-02-10,2.92,2.91,2.94,2.9,114085.16
2021-02-18,2.94,2.97,2.99,2.93,146467.9
2021-02-19,2.97,3.05,3.05,2.95,171989.5
2021-02-22,3.06,3.05,3.13,3.04,265605.18
2021-02-23,3.06,3.04,3.08,3.04,131906.45
2021-02-24,3.05,3.06,3.09,3.04,150209.77
2021-02-25,3.07,3.08,3.11,3.05,147494.03
2021-02-26,3.04,3.03,3.08,3.02,127883.15
2021-03-01,3.05,3.05,3.05,3.04,77577.53
2021-03-02,3.05,3.02,3.05,2.99,120613.87
2021-03-03,3.01,3.06,3.06,3.0,112412.38
2021-03-04,3.04,3.04,3.05,3.03,105202.36
2021-03-05,3.04,3.08,3.11,3.04,159931.75
2021-03-08,3.09,3.07,3.12,3.05,132685.95
2021-03-09,3.07,3.04,3.07,2.98,156043.24
2021-03-10,3.04,2.94,3.05,2.94,137924.0
2021-03-11,2.95,2.99,2.99,2.93,106265.98
2021-03-12,2.98,3.03,3.05,2.95,159189.03
2021-03-15,3.01,3.04,3.05,3.01,110618.67
2021-03-16,3.04,3.04,3.05,3.02,83549.95
2021-03-17,3.04,3.05,3.07,3.03,109932.28
2021-03-18,3.05,3.02,3.06,3.02,96748.2
2021-03-19,3.0,3.03,3.07,3.0,114894.96
2021-03-22,3.03,3.05,3.09,3.01,160263.13
2021-03-23,3.06,3.06,3.08,3.03,144970.58
2021-03-24,3.05,3.15,3.22,3.04,622374.75
2021-03-25,3.11,3.14,3.18,3.11,262020.62
2021-03-26,3.13,3.13,3.15,3.11,164188.13
2021-03-29,3.13,3.11,3.13,3.08,155441.42
2021-03-30,3.1,3.1,3.13,3.08,112941.08
2021-03-31,3.09,3.01,3.1,2.99,274294.01
2021-04-01,3.01,3.0,3.02,2.98,141060.29
2021-04-02,3.01,3.0,3.02,2.99,97737.5
2021-04-06,3.0,3.0,3.02,2.99,90212.21
2021-04-07,3.0,3.01,3.04,2.98,131681.43
2021-04-08,3.01,3.03,3.07,2.99,231759.64
2021-04-09,3.02,2.99,3.02,2.98,145765.0
2021-04-12,2.99,2.99,3.01,2.97,96445.22
2021-04-13,2.99,2.95,3.0,2.95,119869.32
2021-04-14,2.96,2.97,2.98,2.95,57760.62
2021-04-15,2.95,2.95,2.97,2.94,83788.89
2021-04-16,2.95,3.0,3.01,2.95,117882.45
2021-04-19,3.01,3.02,3.04,2.99,161614.94
2021-04-20,3.03,3.01,3.04,2.99,159459.56
2021-04-21,3.0,3.0,3.01,2.99,67330.65
2021-04-22,3.0,2.99,3.02,2.98,91855.6
2021-04-23,2.98,2.95,2.99,2.93,131756.51
2021-04-26,2.94,2.93,2.97,2.91,97204.25
2021-04-27,2.92,2.89,2.93,2.89,108191.17
2021-04-28,2.88,2.88,2.9,2.87,79394.62
2021-04-29,2.87,2.91,2.94,2.86,122360.36
2021-04-30,2.91,2.88,2.91,2.86,121294.61
2021-05-06,2.88,2.87,2.91,2.87,88945.72
2021-05-07,2.88,2.88,2.9,2.87,85098.34
2021-05-10,2.89,2.87,2.9,2.86,84577.16
2021-05-11,2.86,2.89,2.9,2.86,125760.75
2021-05-12,2.89,2.91,2.92,2.88,114746.8
2021-05-13,2.91,2.9,2.93,2.88,105840.19
2021-05-14,2.91,3.01,3.01,2.9,378486.45
2021-05-17,2.98,2.95,3.0,2.94,244732.04
2021-05-18,2.94,2.95,2.97,2.94,89758.21
2021-05-19,2.95,2.94,2.95,2.92,106032.13
2021-05-20,2.94,2.98,3.04,2.91,263152.99
2021-05-21,3.0,2.95,3.01,2.94,171304.52
2021-05-24,2.94,2.97,3.01,2.94,176225.7
2021-05-25,2.98,3.04,3.09,2.96,437644.08
2021-05-26,3.04,3.04,3.13,3.03,394853.64
2021-05-27,3.04,3.02,3.07,3.01,254461.44
2021-05-28,3.03,3.09,3.13,3.02,449891.53
2021-05-31,3.07,3.04,3.12,3.03,273411.99
2021-06-01,3.04,3.04,3.04,3.01,195942.0
2021-06-02,3.02,2.99,3.05,2.97,202481.24
2021-06-03,3.0,3.01,3.04,2.99,145175.1
2021-06-04,3.0,3.03,3.07,2.98,214115.37
2021-06-07,3.02,2.99,3.03,2.97,194145.26
2021-06-08,2.97,2.98,3.01,2.97,153047.39
2021-06-09,2.98,2.98,2.99,2.96,113290.54
2021-06-10,2.98,2.98,3.01,2.97,144394.05
2021-06-11,2.97,2.95,2.99,2.95,129703.6
2021-06-15,2.95,2.92,2.96,2.91,118477.4
2021-06-16,2.91,2.94,2.95,2.9,105495.66
2021-06-17,2.94,2.92,2.95,2.91,86907.82
2021-06-18,2.92,2.93,2.94,2.9,79824.62
2021-06-21,2.93,2.91,2.94,2.9,130911.69
2021-06-22,2.93,2.95,2.96,2.91,151611.34
2021-06-23,2.94,2.95,2.96,2.92,148645.31
2021-06-24,2.94,2.96,2.96,2.93,146720.54
2021-06-25,2.95,3.01,3.02,2.94,270953.21
2021-06-28,3.0,2.96,3.01,2.96,143903.5
2021-06-29,2.96,2.92,2.96,2.92,117802.0
2021-06-30,2.92,2.93,2.94,2.91,103645.83
2021-07-01,2.96,2.91,2.96,2.9,123777.11
2021-07-02,2.89,2.89,2.91,2.87,107724.5
2021-07-05,2.89,2.88,2.9,2.87,82390.84
2021-07-06,2.88,2.89,2.9,2.87,74934.24
2021-07-07,2.87,2.88,2.9,2.87,77226.57
2021-07-08,2.9,2.88,2.9,2.87,82019.58
2021-07-09,2.88,2.9,2.92,2.87,136077.66
2021-07-12,2.94,2.9,2.95,2.9,136699.94
2021-07-13,2.9,2.91,2.91,2.89,106464.63
2021-07-14,2.91,2.9,2.92,2.89,99041.37
2021-07-15,2.9,2.92,2.93,2.89,106378.84
2021-07-16,2.92,2.9,2.92,2.89,113766.54
2021-07-19,2.9,2.88,2.9,2.87,80612.99
2021-07-20,2.88,2.89,2.9,2.87,60626.21
2021-07-21,2.9,2.9,2.92,2.88,106971.09
2021-07-22,2.9,2.94,2.96,2.89,252395.6
2021-07-23,2.94,2.96,2.99,2.9,284596.81
2021-07-26,2.96,2.9,2.96,2.89,224363.94
2021-07-27,2.91,2.88,2.92,2.87,160753.62
2021-07-28,2.87,2.86,2.9,2.83,224287.23
2021-07-29,2.86,2.85,2.87,2.84,147638.68
2021-07-30,2.85,2.78,2.86,2.77,213802.62
2021-08-02,2.78,2.82,2.86,2.75,188077.84
2021-08-03,2.82,2.83,2.87,2.8,149150.68
2021-08-04,2.83,2.81,2.84,2.79,129378.08
2021-08-05,2.8,2.8,2.84,2.78,113189.7
2021-08-06,2.79,2.8,2.81,2.78,78693.56
2021-08-09,2.79,2.84,2.86,2.79,175388.13
2021-08-10,2.83,2.85,2.86,2.81,143321.82
2021-08-11,2.84,2.83,2.86,2.82,136953.98
2021-08-12,2.84,2.83,2.85,2.81,108405.94
2021-08-13,2.83,2.82,2.84,2.8,93326.99
2021-08-16,2.82,2.85,2.86,2.81,163563.81
2021-08-17,2.84,2.83,2.9,2.83,287858.03
2021-08-18,2.82,2.94,2.96,2.82,549950.69
2021-08-19,2.93,2.89,2.96,2.88,350942.15
2021-08-20,2.87,2.93,2.96,2.86,281847.97
2021-08-23,2.94,2.93,2.96,2.91,248310.6
2021-08-24,2.93,2.96,2.99,2.89,324658.44
2021-08-25,2.95,2.96,2.96,2.92,193554.27
2021-08-26,2.96,3.0,3.07,2.93,492273.59
2021-08-27,2.98,2.96,3.0,2.95,245800.39
2021-08-30,2.96,2.94,2.97,2.92,168184.1
2021-08-31,2.94,2.97,2.99,2.91,249596.57
2021-09-01,2.98,3.05,3.1,2.97,606364.42
2021-09-02,3.06,3.07,3.1,3.03,424534.86
2021-09-03,3.19,3.05,3.23,3.04,517915.44
2021-09-06,3.03,3.06,3.13,3.03,401612.58
2021-09-07,3.07,3.11,3.12,3.06,342824.9
2021-09-08,3.1,3.15,3.17,3.09,377723.07
2021-09-09,3.13,3.15,3.15,3.1,268183.24
2021-09-10,3.16,3.13,3.22,3.12,456356.68
2021-09-13,3.11,3.14,3.16,3.1,276587.28
2021-09-14,3.15,3.07,3.17,3.06,295232.92
2021-09-15,3.06,3.13,3.15,3.06,279924.47
2021-09-16,3.16,3.08,3.16,3.06,267120.71
2021-09-17,3.07,3.05,3.08,3.03,211306.35
2021-09-22,3.0,3.04,3.05,3.0,166060.7
2021-09-23,3.03,3.1,3.11,3.02,260338.49
2021-09-24,3.11,3.08,3.15,3.07,208826.0
2021-09-27,3.06,2.99,3.08,2.96,241950.66
2021-09-28,3.0,3.01,3.02,2.98,119774.18
2021-09-29,2.98,2.97,3.0,2.96,156923.26
2021-09-30,2.96,2.97,2.98,2.93,176409.33
2021-10-08,2.99,3.0,3.02,2.98,152786.98
2021-10-11,3.02,3.0,3.03,2.98,125614.78
2021-10-12,2.99,2.96,3.0,2.95,156256.44
2021-10-13,2.96,2.96,2.98,2.95,95492.22
2021-10-14,2.97,2.96,2.97,2.95,82956.62
2021-10-15,2.96,2.93,2.96,2.91,117066.25
2021-10-18,2.93,2.92,2.96,2.91,146866.55
2021-10-19,2.92,2.93,2.94,2.91,97504.95
2021-10-20,2.92,2.89,2.93,2.88,123728.0
2021-10-21,2.88,2.89,2.92,2.87,126692.6
2021-10-22,2.88,2.87,2.89,2.86,108563.3
2021-10-25,2.87,2.88,2.89,2.84,102642.78
2021-10-26,2.88,2.86,2.88,2.85,132155.7
2021-10-27,2.85,2.81,2.85,2.8,153360.1
2021-10-28,2.8,2.82,2.82,2.77,128340.07
2021-10-29,2.82,2.84,2.86,2.79,119758.41
2021-11-01,2.84,2.85,2.86,2.83,126807.3
2021-11-02,2.84,2.8,2.85,2.78,135187.4
2021-11-03,2.79,2.8,2.82,2.78,105668.22
2021-11-04,2.8,2.81,2.83,2.79,88707.81
2021-11-05,2.8,2.8,2.82,2.8,80139.46
2021-11-08,2.8,2.84,2.86,2.79,148611.04
2021-11-09,2.85,2.85,2.86,2.82,104581.9
2021-11-10,2.84,2.84,2.85,2.82,108524.31
2021-11-11,2.84,2.87,2.89,2.83,188321.94
2021-11-12,2.86,2.86,2.88,2.85,102774.26
2021-11-15,2.87,2.87,2.87,2.85,110076.79
2021-11-16,2.86,2.84,2.87,2.84,85474.21
2021-11-17,2.84,2.84,2.85,2.83,61121.43
2021-11-18,2.83,2.82,2.85,2.81,95947.59
2021-11-19,2.83,2.86,2.86,2.8,137023.69
2021-11-22,2.85,2.84,2.86,2.83,106541.8
2021-11-23,2.83,2.85,2.86,2.83,121976.32
2021-11-24,2.85,2.86,2.86,2.83,91274.36
2021-11-25,2.86,2.85,2.86,2.84,80389.96
2021-11-26,2.85,2.83,2.85,2.82,74698.2
2021-11-29,2.8,2.81,2.82,2.8,97903.23
2021-11-30,2.83,2.81,2.84,2.8,102985.77
2021-12-01,2.8,2.84,2.85,2.8,141274.65
2021-12-02,2.84,2.84,2.86,2.82,128109.61
2021-12-03,2.86,2.85,2.86,2.84,117493.81
2021-12-06,2.87,2.86,2.9,2.85,233799.32
2021-12-07,2.87,2.85,2.88,2.83,159557.78
2021-12-08,2.86,2.88,2.88,2.84,148749.52
2021-12-09,2.88,2.91,2.94,2.86,291786.72
2021-12-10,2.89,2.89,2.9,2.87,150800.6
2021-12-13,2.91,2.88,2.94,2.86,254285.04
2021-12-14,2.87,2.86,2.87,2.85,141350.95
2021-12-15,2.86,2.86,2.88,2.85,113061.54
2021-12-16,2.87,2.88,2.88,2.86,112881.67
2021-12-17,2.88,2.88,2.92,2.87,179141.87
2021-12-20,2.88,2.88,2.9,2.86,165542.4
2021-12-21,2.89,2.98,3.0,2.87,473818.45
2021-12-22,2.99,2.96,2.99,2.93,314866.6
2021-12-23,2.96,2.93,2.96,2.92,158815.4
2021-12-24,2.93,2.91,2.95,2.89,125811.67
2021-12-27,2.9,2.92,2.93,2.9,103830.8
2021-12-28,2.93,2.91,2.93,2.88,133537.26
2021-12-29,2.9,2.91,2.92,2.89,120718.25
2021-12-30,2.91,2.93,2.95,2.9,156713.5
2021-12-31,2.93,2.94,2.95,2.92,135023.47
2022-01-04,2.94,2.97,2.98,2.93,227391.7
2022-01-05,2.96,2.96,2.99,2.95,200444.03
2022-01-06,2.96,2.96,2.98,2.96,126824.88
2022-01-07,2.97,3.04,3.16,2.96,724944.09
2022-01-10,3.02,3.03,3.07,2.99,434464.97
2022-01-11,3.02,2.99,3.04,2.98,258904.19
2022-01-12,3.0,2.98,3.01,2.96,189843.7
2022-01-13,2.99,2.99,3.05,2.98,247964.34
2022-01-14,2.99,2.95,3.01,2.91,231179.01
2022-01-17,2.94,2.95,2.97,2.92,200227.56
2022-01-18,2.96,2.96,2.98,2.93,214807.79
2022-01-19,2.96,2.98,3.02,2.96,192328.95
2022-01-20,2.99,3.02,3.06,2.97,365943.29
2022-01-21,3.02,3.04,3.05,2.99,299962.13
2022-01-24,3.03,2.99,3.05,2.98,183188.51
2022-01-25,2.99,2.87,3.0,2.86,208444.0
2022-01-26,2.88,2.9,2.92,2.87,136551.6
2022-01-27,2.91,2.85,2.91,2.85,165141.29
2022-01-28,2.86,2.86,2.89,2.84,143323.8
2022-02-07,2.88,2.89,2.91,2.86,157996.01
2022-02-08,2.89,3.03,3.05,2.87,395092.96
2022-02-09,3.05,3.03,3.06,3.01,243411.53
2022-02-10,3.04,3.03,3.04,3.0,136395.13
2022-02-11,3.04,3.03,3.06,2.99,196279.35
2022-02-14,3.01,2.98,3.03,2.97,195800.06
2022-02-15,2.99,2.97,3.0,2.96,117372.9
2022-02-16,2.99,3.0,3.02,2.97,119085.64
2022-02-17,2.99,2.96,3.0,2.96,156642.63
2022-02-18,2.95,2.99,3.0,2.94,134523.72
2022-02-21,3.0,2.99,3.01,2.96,131667.93
2022-02-22,2.97,2.96,2.99,2.95,140275.4
2022-02-23,2.96,3.02,3.06,2.96,316517.02
2022-02-24,3.03,2.95,3.04,2.91,305447.96
2022-02-25,2.96,2.96,3.01,2.94,195284.09
2022-02-28,2.98,2.96,2.99,2.94,127266.6
2022-03-01,2.96,2.96,2.97,2.94,128051.72
2022-03-02,2.96,2.98,3.0,2.95,186084.5
2022-03-03,3.0,2.99,3.01,2.97,171967.64
2022-03-04,2.98,2.99,3.02,2.96,229204.4
2022-03-07,2.98,2.93,2.99,2.92,201466.05
2022-03-08,2.92,2.84,2.94,2.84,249889.7
2022-03-09,2.86,2.78,2.86,2.68,313310.99
2022-03-10,2.82,2.79,2.84,2.77,195075.76
2022-03-11,2.77,2.83,2.84,2.73,205689.89
2022-03-14,2.8,2.81,2.86,2.79,166208.44
2022-03-15,2.81,2.72,2.83,2.71,227757.05
2022-03-16,2.75,2.85,2.86,2.71,306214.13
2022-03-17,2.86,2.84,2.87,2.82,192421.05
2022-03-18,2.82,2.83,2.86,2.81,208293.16
2022-03-21,2.85,2.82,2.85,2.8,174862.36
2022-03-22,2.81,2.84,2.86,2.8,146670.9
2022-03-23,2.84,2.83,2.85,2.81,105067.08
2022-03-24,2.82,2.79,2.83,2.77,130588.36
2022-03-25,2.79,2.8,2.83,2.78,122981.46
2022-03-28,2.78,2.82,2.84,2.76,129760.8
2022-03-29,2.82,2.8,2.83,2.79,86834.6
2022-03-30,2.81,2.86,2.88,2.8,217131.5
2022-03-31,2.86,2.87,2.89,2.85,168760.45
2022-04-01,2.87,3.0,3.05,2.86,740139.64
2022-04-06,3.0,3.06,3.08,2.97,846463.94
2022-04-07,3.05,2.99,3.07,2.98,422814.17
2022-04-08,3.0,2.99,3.01,2.91,339556.84
2022-04-11,2.98,2.94,3.0,2.92,290436.84
2022-04-12,2.95,3.02,3.06,2.9,388062.38
2022-04-13,3.02,2.97,3.02,2.94,317448.9
2022-04-14,3.0,2.98,3.01,2.96,220165.18
2022-04-15,2.97,2.95,2.99,2.93,196614.73
2022-04-18,2.93,2.86,2.94,2.86,227389.94
2022-04-19,2.86,2.88,2.9,2.86,147918.24
2022-04-20,2.89,2.87,2.94,2.86,158467.51
2022-04-21,2.88,2.86,2.96,2.85,351021.09
2022-04-22,2.85,2.86,2.89,2.82,254229.01
2022-04-25,2.83,2.72,2.85,2.71,326148.97
2022-04-26,2.75,2.58,2.76,2.57,316450.6
2022-04-27,2.57,2.61,2.62,2.51,254480.29
2022-04-28,2.59,2.58,2.63,2.53,180230.91
2022-04-29,2.62,2.66,2.68,2.59,224861.29
2022-05-05,2.65,2.66,2.68,2.64,187907.79
2022-05-06,2.65,2.62,2.66,2.61,151159.94
2022-05-09,2.64,2.66,2.67,2.61,132954.85
2022-05-10,2.65,2.71,2.74,2.63,182340.01
2022-05-11,2.72,2.71,2.77,2.7,229306.77
2022-05-12,2.7,2.72,2.74,2.69,140785.82
2022-05-13,2.73,2.73,2.75,2.72,105621.89
2022-05-16,2.75,2.72,2.75,2.7,107385.18
2022-05-17,2.72,2.69,2.72,2.68,116346.52
2022-05-18,2.69,2.7,2.74,2.68,143894.23
2022-05-19,2.67,2.69,2.7,2.66,106270.64
2022-05-20,2.71,2.73,2.73,2.69,131652.18
2022-05-23,2.73,2.72,2.75,2.71,130738.06
2022-05-24,2.74,2.67,2.75,2.65,188750.65
2022-05-25,2.66,2.69,2.7,2.65,138994.4
2022-05-26,2.7,2.73,2.74,2.67,143537.42
2022-05-27,2.74,2.75,2.75,2.71,151816.97
2022-05-30,2.75,2.73,2.75,2.71,115624.42
2022-05-31,2.74,2.76,2.76,2.72,149291.0
2022-06-01,2.76,2.76,2.76,2.74,103522.26
2022-06-02,2.76,2.77,2.77,2.72,162706.81
2022-06-06,2.76,2.79,2.8,2.75,174998.2
2022-06-07,2.8,2.78,2.81,2.77,139446.68
2022-06-08,2.77,2.79,2.8,2.76,162675.46
2022-06-09,2.81,2.87,2.98,2.78,591259.76
2022-06-10,2.82,2.86,2.89,2.78,505722.55
2022-06-13,2.82,2.81,2.84,2.77,336600.1
2022-06-14,2.79,2.9,2.92,2.76,490417.21
2022-06-15,2.9,3.07,3.2,2.89,1895412.08
2022-06-16,3.04,2.92,3.07,2.91,1142812.28
2022-06-17,2.87,2.88,2.94,2.84,614381.86
2022-06-20,2.88,2.89,2.94,2.87,373208.95
2022-06-21,2.89,2.91,2.94,2.87,326851.46
2022-06-22,2.92,2.87,2.93,2.86,336566.67
2022-06-23,2.86,2.94,2.95,2.85,421718.05
2022-06-24,2.95,2.91,2.96,2.9,284898.01
2022-06-27,2.93,2.87,2.94,2.87,264433.8
2022-06-28,2.87,2.91,2.93,2.87,231101.02
2022-06-29,2.91,2.86,2.93,2.85,244389.4
2022-06-30,2.86,2.87,2.9,2.86,218395.87
2022-07-01,2.87,2.86,2.91,2.85,191250.53
2022-07-04,2.86,2.85,2.87,2.83,202833.5
2022-07-05,2.85,2.82,2.87,2.78,244653.8
2022-07-06,2.81,2.78,2.82,2.76,215223.68
2022-07-07,2.78,2.78,2.81,2.77,120853.26
2022-07-08,2.79,2.79,2.81,2.78,113847.02
2022-07-11,2.79,2.79,2.8,2.76,140969.7
2022-07-12,2.79,2.8,2.83,2.77,153718.74
2022-07-13,2.8,2.85,2.88,2.8,304313.11
2022-07-14,2.87,2.96,3.01,2.84,785327.99
2022-07-15,2.89,2.76,2.92,2.76,645398.0
2022-07-18,2.77,2.87,2.88,2.76,403711.11
2022-07-19,2.87,2.89,2.89,2.84,219891.49
2022-07-20,2.89,2.88,2.9,2.87,153754.47
2022-07-21,2.87,2.87,2.89,2.86,156207.21
2022-07-22,2.87,2.88,2.91,2.86,181490.52
2022-07-25,2.89,2.86,2.9,2.84,136929.21
2022-07-26,2.87,2.87,2.89,2.85,125674.37
2022-07-27,2.87,2.87,2.89,2.86,113158.95
2022-07-28,2.88,2.91,2.93,2.87,275407.4
2022-07-29,2.9,2.89,2.92,2.88,150974.92
2022-08-01,2.89,2.85,2.9,2.85,131895.82
2022-08-02,2.85,2.78,2.86,2.76,270837.4
2022-08-03,2.76,2.75,2.82,2.74,204018.0
2022-08-04,2.76,2.75,2.77,2.72,173112.04
2022-08-05,2.76,2.78,2.79,2.72,172644.3
2022-08-08,2.78,2.76,2.78,2.76,144049.0
2022-08-09,2.76,2.76,2.77,2.76,77742.3
2022-08-10,2.76,2.76,2.78,2.75,91900.99
2022-08-11,2.76,2.87,2.87,2.76,369976.63
2022-08-12,2.85,2.89,2.91,2.82,383908.92
2022-08-15,2.88,2.87,2.89,2.86,219957.24
2022-08-16,2.88,2.89,2.91,2.87,211123.78
2022-08-17,2.9,2.92,2.93,2.87,238126.72
2022-08-18,2.91,2.9,2.92,2.89,164725.19
2022-08-19,2.91,2.89,2.94,2.89,175124.29
2022-08-22,2.89,2.88,2.92,2.88,166245.81
2022-08-23,2.88,2.92,2.93,2.86,238104.78
2022-08-24,2.92,2.9,2.96,2.89,304866.78
2022-08-25,2.92,2.95,2.98,2.89,334268.83
2022-08-26,2.94,2.89,2.95,2.87,365514.24
2022-08-29,2.87,2.91,2.92,2.86,209970.5
2022-08-30,2.92,2.97,2.98,2.91,407308.33
2022-08-31,2.98,2.94,2.98,2.9,297504.79
2022-09-01,2.96,2.9,2.96,2.9,198624.71
2022-09-02,2.91,2.94,2.96,2.9,206433.95
2022-09-05,2.94,2.97,2.97,2.91,232418.0
2022-09-06,2.97,2.98,2.98,2.94,258838.8
2022-09-07,2.98,2.94,2.98,2.91,204498.1
2022-09-08,2.94,2.91,2.94,2.9,161055.62
2022-09-09,2.92,2.98,3.09,2.91,484606.45
2022-09-13,2.98,2.98,3.03,2.96,354233.46
2022-09-14,2.96,2.96,2.97,2.92,253141.23
2022-09-15,2.98,2.92,2.99,2.89,295457.84
2022-09-16,2.95,2.86,2.95,2.85,292661.85
2022-09-19,2.86,2.8,2.87,2.78,262919.31
2022-09-20,2.82,2.78,2.84,2.76,209328.42
2022-09-21,2.77,2.82,2.84,2.74,254816.4
2022-09-22,2.81,2.8,2.84,2.8,178645.17
2022-09-23,2.8,2.81,2.85,2.77,180081.19
2022-09-26,2.82,2.74,2.82,2.74,288535.47
2022-09-27,2.75,2.75,2.76,2.71,241858.01
2022-09-28,2.72,2.69,2.75,2.68,211608.5
2022-09-29,2.72,2.66,2.74,2.65,214236.08
2022-09-30,2.66,2.65,2.69,2.65,134894.86
2022-10-10,2.65,2.66,2.7,2.63,188791.19
2022-10-11,2.67,2.72,2.76,2.66,247298.8
2022-10-12,2.71,2.74,2.76,2.68,233192.6
2022-10-13,2.74,2.71,2.75,2.7,204474.99
2022-10-14,2.73,2.73,2.76,2.72,186022.55
2022-10-17,2.72,2.76,2.76,2.71,171809.32
2022-10-18,2.76,2.77,2.79,2.75,214660.16
2022-10-19,2.77,2.74,2.77,2.74,119787.13
2022-10-20,2.73,2.75,2.78,2.73,134272.04
2022-10-21,2.77,2.74,2.8,2.72,158690.8
2022-10-24,2.74,2.7,2.78,2.68,211008.77
2022-10-25,2.69,2.67,2.71,2.65,163304.6
2022-10-26,2.68,2.7,2.73,2.67,146420.09
2022-10-27,2.7,2.71,2.74,2.69,175054.31
2022-10-28,2.71,2.64,2.72,2.63,238248.53
2022-10-31,2.65,2.65,2.68,2.63,162435.68
2022-11-01,2.66,2.71,2.71,2.65,169158.57
2022-11-02,2.7,2.73,2.73,2.69,164103.76
2022-11-03,2.72,2.71,2.73,2.7,137344.4
2022-11-04,2.71,2.75,2.77,2.71,179737.21
2022-11-07,2.76,2.77,2.78,2.75,145227.19
2022-11-08,2.76,2.77,2.78,2.75,125123.17
2022-11-09,2.78,2.76,2.8,2.76,103888.2
2022-11-10,2.76,2.8,2.8,2.76,170757.21
2022-11-11,2.82,2.83,2.86,2.81,219697.47
2022-11-14,2.84,2.85,2.88,2.83,261568.13
2022-11-15,2.83,2.9,2.94,2.83,400070.99
2022-11-16,2.89,2.89,2.92,2.87,228906.74
2022-11-17,2.89,2.93,2.94,2.88,237181.4
2022-11-18,2.94,2.9,2.95,2.89,211805.67
2022-11-21,2.9,2.87,2.9,2.84,180080.76
2022-11-22,2.86,2.87,2.9,2.86,147240.44
2022-11-23,2.89,2.87,2.89,2.87,139131.3
2022-11-24,2.89,2.87,2.91,2.86,119142.0
2022-11-25,2.87,2.91,2.93,2.86,198209.5
2022-11-28,2.9,2.91,2.96,2.86,288734.14
2022-11-29,2.92,3.0,3.04,2.92,580986.96
2022-11-30,3.0,3.01,3.07,2.98,458711.25
2022-12-01,3.04,2.96,3.05,2.95,364326.71
2022-12-02,2.97,2.96,2.98,2.92,246715.29
2022-12-05,2.97,3.16,3.25,2.96,1454395.34
2022-12-06,3.11,3.05,3.18,3.04,911525.74
2022-12-07,3.03,3.0,3.07,2.98,435240.29
2022-12-08,3.0,2.98,3.02,2.96,321883.93
2022-12-09,2.97,2.96,3.0,2.93,382536.02
2022-12-12,2.95,2.91,2.96,2.9,266633.41
2022-12-13,2.93,2.93,2.94,2.9,209218.25
2022-12-14,2.92,2.92,2.94,2.89,231010.38
2022-12-15,2.92,2.89,2.92,2.88,150980.41
2022-12-16,2.89,2.9,2.91,2.87,185736.61
2022-12-19,2.89,2.82,2.91,2.81,224544.4
2022-12-20,2.83,2.84,2.87,2.81,162483.59
2022-12-21,2.85,2.82,2.85,2.8,133884.78
2022-12-22,2.86,2.81,2.87,2.79,150270.77
2022-12-23,2.79,2.8,2.82,2.76,163869.13
2022-12-26,2.8,2.78,2.81,2.78,112996.76
2022-12-27,2.81,2.8,2.81,2.78,130714.07
2022-12-28,2.79,2.77,2.8,2.76,131795.71
2022-12-29,2.77,2.76,2.78,2.75,170772.55
2022-12-30,2.77,2.78,2.78,2.76,93363.2
2023-01-03,2.78,2.8,2.82,2.76,292991.47
2023-01-04,2.8,2.83,2.84,2.79,236134.71
2023-01-05,2.85,2.82,2.87,2.82,206299.08
2023-01-06,2.82,2.81,2.83,2.79,153411.29
2023-01-09,2.96,2.98,3.06,2.89,1010446.32
2023-01-10,2.98,3.0,3.1,2.96,893880.79
2023-01-11,3.03,3.01,3.06,2.99,467672.29
2023-01-12,3.04,3.05,3.07,2.99,342234.53
2023-01-13,3.05,3.11,3.11,3.02,467875.31
2023-01-16,3.1,3.1,3.15,3.06,589865.23
2023-01-17,3.08,3.11,3.11,3.05,419120.45
2023-01-18,3.1,3.14,3.18,3.09,360403.81
2023-01-19,3.12,3.18,3.19,3.1,329321.36
2023-01-20,3.17,3.15,3.18,3.12,348261.38
2023-01-30,3.18,3.13,3.19,3.12,398479.76
2023-01-31,3.12,3.1,3.16,3.1,294658.57
2023-02-01,3.13,3.19,3.21,3.12,387246.84
2023-02-02,3.21,3.13,3.21,3.11,317361.9
2023-02-03,3.11,3.09,3.12,3.07,242083.17
2023-02-06,3.08,3.07,3.09,3.04,205702.1
2023-02-07,3.08,3.08,3.1,3.05,235298.8
2023-02-08,3.08,3.03,3.08,3.02,240831.63
2023-02-09,3.01,3.05,3.06,3.01,191763.3
2023-02-10,3.05,3.05,3.09,3.03,221450.93
2023-02-13,3.05,3.06,3.08,3.04,211905.3
2023-02-14,3.07,3.05,3.09,3.05,205737.55
2023-02-15,3.06,3.03,3.06,3.02,183216.84
2023-02-16,3.03,3.02,3.11,2.99,429957.41
2023-02-17,3.01,2.99,3.05,2.98,308662.3
2023-02-20,3.01,3.08,3.1,3.0,359786.41
2023-02-21,3.07,3.08,3.09,3.05,215299.45
2023-02-22,3.06,3.05,3.09,3.04,185829.76
2023-02-23,3.07,3.08,3.1,3.06,238773.12
2023-02-24,3.09,3.08,3.1,3.05,178626.7
2023-02-27,3.06,3.03,3.07,3.01,178468.59
2023-02-28,3.03,3.07,3.08,3.03,167009.99
2023-03-01,3.09,3.1,3.1,3.07,220007.88
2023-03-02,3.1,3.1,3.11,3.09,274049.51
2023-03-03,3.1,3.11,3.12,3.08,259940.32
2023-03-06,3.12,3.08,3.12,3.07,226890.39
2023-03-07,3.08,3.05,3.11,3.04,312892.83
2023-03-08,3.04,3.03,3.05,3.01,220127.21
2023-03-09,3.03,2.99,3.03,2.98,184537.64
2023-03-10,2.99,2.97,3.0,2.95,185609.35
2023-03-13,2.95,2.98,2.99,2.94,195412.21
2023-03-14,2.98,2.93,2.98,2.91,208003.99
2023-03-15,2.96,2.95,2.97,2.94,175101.97
2023-03-16,2.93,2.9,2.96,2.9,147577.78
2023-03-17,2.93,2.95,2.99,2.93,285136.84
2023-03-20,2.97,2.94,2.98,2.92,222463.59
2023-03-21,2.94,2.96,2.98,2.93,201697.6
2023-03-22,2.98,2.97,2.98,2.94,150757.42
2023-03-23,2.97,2.98,2.99,2.94,245096.61
2023-03-24,2.99,2.95,2.99,2.94,185713.2
2023-03-27,2.95,2.94,2.96,2.9,250547.0
2023-03-28,2.94,2.96,2.98,2.91,247715.57
2023-03-29,2.97,2.9,2.98,2.9,242973.3
2023-03-30,2.91,2.91,2.93,2.87,218437.2
2023-03-31,2.92,2.93,2.93,2.9,189936.37
2023-04-03,2.93,2.99,3.01,2.91,364566.65
2023-04-04,2.99,2.98,3.01,2.96,221553.54
2023-04-06,2.98,2.98,3.0,2.97,183681.12
2023-04-07,2.98,2.98,3.0,2.98,180539.92
2023-04-10,2.99,2.95,3.0,2.94,195144.3
2023-04-11,2.96,2.95,2.98,2.93,214636.98
2023-04-12,2.96,2.95,2.98,2.94,190035.09
2023-04-13,2.95,2.92,2.96,2.91,194687.22
2023-04-14,2.93,2.92,2.94,2.9,144792.95
2023-04-17,2.92,2.98,2.98,2.9,265042.57
2023-04-18,2.97,2.95,2.98,2.94,222568.63
2023-04-19,2.96,2.9,2.96,2.89,282512.4
2023-04-20,2.91,2.9,2.92,2.87,201518.6
2023-04-21,2.9,2.82,2.91,2.82,287820.74
2023-04-24,2.83,2.85,2.87,2.81,278346.85
2023-04-25,2.86,2.84,2.87,2.8,217902.4
2023-04-26,2.83,2.86,2.87,2.82,167484.97
2023-04-27,2.87,2.9,2.91,2.86,230389.57
2023-04-28,2.93,2.99,3.02,2.91,428467.07
2023-05-04,2.98,3.09,3.1,2.98,571243.32
2023-05-05,3.08,3.1,3.12,3.07,424210.69
2023-05-08,3.1,3.18,3.21,3.08,635323.91
2023-05-09,3.18,3.24,3.41,3.15,1436748.76
2023-05-10,3.21,3.21,3.28,3.19,775487.76
2023-05-11,3.22,3.21,3.25,3.19,428136.75
2023-05-12,3.21,3.19,3.24,3.19,342075.09
2023-05-15,3.19,3.23,3.24,3.1,613788.05
2023-05-16,3.22,3.21,3.26,3.19,293078.2
2023-05-17,3.21,3.19,3.23,3.16,343538.89
2023-05-18,3.21,3.17,3.21,3.15,262244.54
2023-05-19,3.16,3.1,3.16,3.1,271781.93
2023-05-22,3.1,3.06,3.1,3.04,246915.41
2023-05-23,3.1,2.98,3.1,2.98,272218.1
2023-05-24,2.99,2.94,2.99,2.93,298659.3
2023-05-25,2.94,2.93,2.95,2.89,275834.29
2023-05-26,2.93,2.94,2.96,2.91,197208.81
2023-05-29,2.96,2.95,2.98,2.94,231580.47
2023-05-30,2.94,2.96,2.96,2.91,174359.57
2023-05-31,2.95,2.96,2.98,2.93,172847.01
2023-06-01,2.97,2.94,2.98,2.92,229021.29
2023-06-02,2.96,2.94,2.97,2.93,196048.48
2023-06-05,2.94,2.89,2.95,2.88,305280.55
2023-06-06,2.9,2.86,2.92,2.85,289478.08
2023-06-07,2.86,2.87,2.89,2.85,248702.51
2023-06-08,2.87,2.88,2.9,2.83,299055.76
2023-06-09,2.9,2.9,2.91,2.87,229339.05
2023-06-12,2.89,2.88,2.91,2.87,248410.94
2023-06-13,2.88,2.89,2.91,2.87,166578.39
2023-06-14,2.89,2.89,2.93,2.88,230399.38
2023-06-15,2.88,2.9,2.91,2.87,241691.0
2023-06-16,2.9,2.91,2.93,2.88,247093.87
2023-06-19,2.9,2.87,2.91,2.87,271683.43
2023-06-20,2.87,2.84,2.87,2.83,206033.69
2023-06-21,2.84,2.81,2.84,2.8,230205.52
2023-06-26,2.8,2.78,2.8,2.74,401036.65
2023-06-27,2.77,2.83,2.85,2.75,301483.45
2023-06-28,2.84,2.87,2.88,2.82,254740.08
2023-06-29,2.83,2.82,2.86,2.8,333401.14
2023-06-30,2.81,2.83,2.86,2.79,429063.11
2023-07-03,2.82,2.87,2.88,2.81,439837.02
2023-07-04,2.86,2.87,2.88,2.85,381055.2
2023-07-05,2.86,2.83,2.87,2.82,235075.05
2023-07-06,2.83,2.82,2.85,2.81,189531.57
2023-07-07,2.81,2.85,2.86,2.81,305330.34
2023-07-10,2.86,2.84,2.87,2.83,252263.33
2023-07-11,2.85,2.84,2.86,2.82,231577.08
2023-07-12,2.83,2.79,2.84,2.78,337108.3
2023-07-13,2.8,2.85,2.86,2.79,404658.63
2023-07-14,2.85,2.83,2.85,2.82,243034.86
2023-07-17,2.82,2.84,2.84,2.8,211733.0
2023-07-18,2.84,2.84,2.85,2.82,170902.0
2023-07-19,2.83,2.85,2.86,2.82,170326.45
2023-07-20,2.85,2.83,2.86,2.82,231472.2
2023-07-21,2.83,2.84,2.86,2.82,283175.45
2023-07-24,2.84,2.85,2.86,2.82,217630.33
2023-07-25,2.93,2.97,2.99,2.89,961541.47
2023-07-26,2.95,2.96,2.97,2.93,456256.0
2023-07-27,2.95,2.94,2.98,2.92,467430.0
2023-07-28,2.93,3.12,3.13,2.92,1738461.19
2023-07-31,3.11,3.17,3.23,3.09,1511873.66
2023-08-01,3.14,3.14,3.19,3.12,931136.49
2023-08-02,3.12,3.14,3.2,3.12,664307.12
2023-08-03,3.14,3.2,3.21,3.1,1207068.78
2023-08-04,3.26,3.25,3.35,3.22,2187473.56
2023-08-07,3.2,3.2,3.24,3.15,985937.75
2023-08-08,3.19,3.15,3.19,3.1,832551.89
2023-08-09,3.15,3.12,3.16,3.11,539296.87
2023-08-10,3.12,3.13,3.15,3.1,519570.81
2023-08-11,3.15,3.05,3.16,3.04,682496.34
2023-08-14,2.98,2.99,3.01,2.96,706307.14
2023-08-15,3.0,3.0,3.01,2.97,546708.48
2023-08-16,2.99,3.06,3.12,2.97,726857.03
2023-08-17,3.06,3.05,3.07,3.01,498524.3
2023-08-18,3.05,2.98,3.08,2.98,401880.16
2023-08-21,2.99,2.94,3.02,2.93,449121.74
2023-08-22,2.95,2.96,2.98,2.91,445865.4
2023-08-23,2.96,2.89,2.96,2.88,380660.7
2023-08-24,2.91,2.9,2.96,2.88,364490.0
2023-08-25,2.89,2.9,2.95,2.88,382713.85
2023-08-28,3.14,3.01,3.15,2.99,1213117.25
2023-08-29,3.02,2.97,3.02,2.93,1034954.88
2023-08-30,2.95,2.87,2.96,2.86,952835.57
2023-08-31,2.88,2.82,2.89,2.81,747102.67
2023-09-01,2.84,2.83,2.87,2.82,443896.25
2023-09-04,2.85,2.87,2.88,2.83,602336.4
2023-09-05,2.87,2.83,2.87,2.82,602619.08
2023-09-06,2.83,2.83,2.84,2.81,474038.0
2023-09-07,2.83,2.8,2.84,2.8,587839.8
2023-09-08,2.8,2.83,2.83,2.79,358986.3
2023-09-11,2.83,2.86,2.87,2.81,526301.25
2023-09-12,2.85,2.84,2.86,2.83,337543.8
2023-09-13,2.84,2.81,2.84,2.8,320672.0
2023-09-14,2.82,2.82,2.83,2.8,388725.22
2023-09-15,2.83,2.83,2.85,2.81,394209.8
2023-09-18,2.83,2.82,2.84,2.81,386630.41
2023-09-19,2.82,2.83,2.84,2.81,285788.67
2023-09-20,2.83,2.84,2.85,2.82,277818.34
2023-09-21,2.84,2.8,2.85,2.8,454749.0
2023-09-22,2.8,2.85,2.86,2.79,509802.14
2023-09-25,2.85,2.81,2.86,2.81,412839.4
2023-09-26,2.81,2.81,2.83,2.81,198987.57
2023-09-27,2.82,2.81,2.83,2.81,263736.75
2023-09-28,2.82,2.82,2.83,2.8,270032.89
2023-10-09,2.81,2.78,2.82,2.78,376493.49
2023-10-10,2.79,2.75,2.8,2.74,370926.94
2023-10-11,2.75,2.74,2.77,2.74,280090.34
2023-10-12,2.76,2.79,2.8,2.75,356049.93
2023-10-13,2.77,2.78,2.79,2.76,191663.64
2023-10-16,2.77,2.77,2.78,2.75,174918.6
2023-10-17,2.77,2.78,2.81,2.76,257759.94
2023-10-18,2.79,2.78,2.8,2.78,259180.48
2023-10-19,2.78,2.76,2.8,2.75,294313.4
2023-10-20,2.76,2.78,2.78,2.74,251175.73
2023-10-23,2.77,2.71,2.78,2.7,354821.0
2023-10-24,2.71,2.77,2.78,2.71,363753.13
2023-10-25,2.79,2.79,2.82,2.78,358781.48
2023-10-26,2.78,2.79,2.8,2.76,206645.7
2023-10-27,2.79,2.81,2.83,2.78,293226.7
2023-10-30,2.82,2.84,2.85,2.8,395816.76
2023-10-31,2.84,2.83,2.86,2.82,277296.0
2023-11-01,2.85,2.84,2.87,2.83,259811.97
2023-11-02,2.83,2.81,2.86,2.81,251585.24
2023-11-03,2.82,2.82,2.84,2.81,233097.18
2023-11-06,2.85,2.89,2.89,2.85,515674.74
2023-11-07,2.87,2.89,2.91,2.87,398182.05
2023-11-08,2.89,2.86,2.89,2.84,355556.87
2023-11-09,2.85,2.85,2.87,2.84,279486.51
2023-11-10,2.85,2.85,2.87,2.82,314958.4
2023-11-13,2.85,2.86,2.87,2.83,226199.86
2023-11-14,2.87,2.89,2.9,2.86,413635.0
2023-11-15,2.9,2.87,2.91,2.87,324440.6
2023-11-16,2.87,2.87,2.89,2.86,191141.8
2023-11-17,2.86,2.87,2.87,2.85,177008.89
2023-11-20,2.87,2.88,2.89,2.86,216300.62
2023-11-21,2.88,2.87,2.91,2.87,287611.1
2023-11-22,2.87,2.87,2.89,2.87,202023.39
2023-11-23,2.87,2.87,2.88,2.86,249795.25
2023-11-24,2.88,2.86,2.88,2.86,208786.89
2023-11-27,2.86,2.87,2.87,2.83,301412.5
2023-11-28,2.86,2.85,2.87,2.84,196392.01
2023-11-29,2.85,2.82,2.86,2.81,250404.51
2023-11-30,2.82,2.83,2.86,2.82,281917.0
2023-12-01,2.83,2.86,2.87,2.82,271080.17
2023-12-04,2.86,2.86,2.87,2.85,188343.75
2023-12-05,2.87,2.84,2.87,2.84,298667.58
2023-12-06,2.84,2.85,2.86,2.83,230670.52
2023-12-07,2.84,2.87,2.87,2.83,319367.77
2023-12-08,2.87,2.85,2.87,2.84,388505.0
2023-12-11,2.85,2.89,2.89,2.81,571741.31
2023-12-12,2.89,2.9,2.9,2.88,282605.62
2023-12-13,2.91,2.88,2.91,2.87,192998.0
2023-12-14,2.89,2.89,2.9,2.87,241994.08
2023-12-15,2.89,2.87,2.91,2.87,286173.54
2023-12-18,2.87,2.85,2.88,2.83,256272.73
2023-12-19,2.84,2.83,2.85,2.81,219800.57
2023-12-20,2.83,2.77,2.83,2.77,302966.0
2023-12-21,2.77,2.77,2.79,2.74,257473.2
2023-12-22,2.77,2.76,2.79,2.74,295239.73
2023-12-25,2.75,2.75,2.77,2.74,151580.4
2023-12-26,2.75,2.73,2.75,2.72,176320.42
2023-12-27,2.73,2.74,2.76,2.71,238823.42
2023-12-28,2.75,2.8,2.81,2.74,240268.02
2023-12-29,2.8,2.82,2.84,2.79,207846.34
2024-01-02,2.81,2.82,2.84,2.81,220880.4
2024-01-03,2.82,2.84,2.86,2.82,270475.89
2024-01-04,2.83,2.81,2.85,2.8,159581.04
2024-01-05,2.82,2.81,2.85,2.79,262924.2
2024-01-08,2.81,2.77,2.81,2.76,252658.4
2024-01-09,2.78,2.77,2.8,2.75,216284.29
2024-01-10,2.77,2.77,2.81,2.75,224389.51
2024-01-11,2.77,2.8,2.82,2.77,220743.72
2024-01-12,2.8,2.79,2.82,2.79,189204.9
2024-01-15,2.79,2.8,2.82,2.77,183112.05
2024-01-16,2.8,2.8,2.82,2.77,261965.86
2024-01-17,2.8,2.77,2.84,2.77,430716.72
2024-01-18,2.76,2.76,2.76,2.68,671174.6
2024-01-19,2.75,2.74,2.77,2.73,305645.1
2024-01-22,2.73,2.62,2.74,2.61,436772.66
2024-01-23,2.62,2.68,2.7,2.58,363015.23
2024-01-24,2.69,2.91,2.95,2.67,1496388.35
2024-01-25,2.87,2.92,2.93,2.85,1417960.94
2024-01-26,2.89,2.95,3.0,2.88,1148043.86
2024-01-29,2.95,2.88,2.96,2.87,771612.59
2024-01-30,2.85,2.85,2.89,2.83,542518.68
2024-01-31,2.83,2.76,2.86,2.74,704513.89
2024-02-01,2.74,2.72,2.76,2.67,656307.74
2024-02-02,2.71,2.63,2.73,2.55,712974.97
2024-02-05,2.62,2.49,2.62,2.44,712168.32
2024-02-06,2.47,2.72,2.74,2.46,763647.32
2024-02-07,2.7,2.84,2.84,2.69,1193413.74
2024-02-08,2.82,2.85,2.95,2.81,1082421.19
2024-02-19,2.87,2.81,2.87,2.78,750078.54
2024-02-20,2.79,2.82,2.84,2.77,531982.0
2024-02-21,2.81,2.82,2.87,2.78,899455.59
2024-02-22,2.81,2.84,2.84,2.79,522225.77
2024-02-23,2.84,2.82,2.84,2.79,623502.85
2024-02-26,2.83,2.8,2.84,2.79,519043.24
2024-02-27,2.79,2.83,2.83,2.78,520797.95
2024-02-28,2.84,2.82,2.9,2.82,1263217.97
2024-02-29,2.8,2.87,2.87,2.79,782279.62
2024-03-01,2.86,2.84,2.87,2.81,734409.3
2024-03-04,2.85,2.81,2.85,2.8,431064.03
2024-03-05,2.8,2.79,2.82,2.78,405657.48
2024-03-06,2.78,2.78,2.82,2.76,453655.1
2024-03-07,2.78,2.76,2.81,2.76,384385.13
2024-03-08,2.77,2.76,2.77,2.74,359262.66
2024-03-11,2.76,2.78,2.79,2.75,428701.49
2024-03-12,2.79,2.79,2.81,2.77,401095.0
2024-03-13,2.79,2.77,2.79,2.75,375747.31
2024-03-14,2.76,2.76,2.79,2.75,340067.49
2024-03-15,2.76,2.79,2.79,2.74,372005.93
2024-03-18,2.8,2.83,2.83,2.78,613102.68
2024-03-19,2.82,2.78,2.82,2.78,440502.38
2024-03-20,2.78,2.79,2.8,2.77,280427.24
2024-03-21,2.8,2.81,2.85,2.79,653378.27
2024-03-22,2.82,2.76,2.82,2.76,477677.57
2024-03-25,2.75,2.72,2.77,2.72,439069.88
2024-03-26,2.72,2.72,2.74,2.7,337203.1
2024-03-27,2.72,2.69,2.73,2.69,319107.86
2024-03-28,2.69,2.7,2.73,2.68,369459.66
2024-03-29,2.7,2.73,2.74,2.69,296872.42
2024-04-01,2.74,2.77,2.78,2.74,397567.49
2024-04-02,2.78,2.78,2.8,2.75,366059.71
2024-04-03,2.78,2.78,2.8,2.77,287267.66
2024-04-08,2.78,2.77,2.81,2.75,440203.98
2024-04-09,2.77,2.8,2.82,2.77,361126.79
2024-04-10,2.8,2.78,2.82,2.76,376555.31
2024-04-11,2.77,2.78,2.8,2.76,299272.21
2024-04-12,2.77,2.74,2.8,2.74,382437.66
2024-04-15,2.76,2.82,2.83,2.72,824016.09
2024-04-16,2.82,2.8,2.86,2.8,956104.83
2024-04-17,2.79,2.83,2.84,2.77,717684.76
2024-04-18,2.82,2.86,2.89,2.81,861819.52
2024-04-19,2.84,2.85,2.87,2.83,615446.5
2024-04-22,2.84,2.83,2.87,2.82,415532.61
2024-04-23,2.83,2.84,2.87,2.82,470063.63
2024-04-24,2.85,2.85,2.86,2.82,351120.63
2024-04-25,2.84,2.84,2.86,2.82,326666.44
2024-04-26,2.86,2.94,2.94,2.85,999555.28
2024-04-29,2.93,2.95,2.98,2.9,840622.08
2024-04-30,2.95,2.92,2.95,2.91,597826.68
2024-05-06,2.95,2.94,2.98,2.92,663606.23
2024-05-07,2.94,2.93,2.95,2.91,541178.53
2024-05-08,2.92,2.87,2.92,2.86,696689.34
2024-05-09,2.87,2.9,2.93,2.86,530609.6
2024-05-10,2.91,2.93,2.94,2.89,438853.74
2024-05-13,2.91,2.92,2.95,2.88,576745.88
2024-05-14,2.91,2.93,2.95,2.9,481312.64
2024-05-15,2.94,2.91,2.95,2.9,397860.25
2024-05-16,2.9,2.88,2.93,2.87,493703.23
2024-05-17,2.88,2.91,2.91,2.85,600283.7
2024-05-20,2.91,2.87,2.93,2.87,619816.55
2024-05-21,2.87,2.84,2.87,2.83,587773.52
2024-05-22,2.85,2.86,2.88,2.84,523031.76
2024-05-23,2.85,2.78,2.86,2.78,616633.52
2024-05-24,2.78,2.78,2.81,2.78,371599.52
2024-05-27,2.78,2.78,2.8,2.76,501000.08
2024-05-28,2.8,2.79,2.82,2.78,402979.9
2024-05-29,2.79,2.8,2.83,2.78,346541.83
2024-05-30,2.8,2.79,2.81,2.78,254431.5
2024-05-31,2.79,2.78,2.81,2.78,253613.6
2024-06-03,2.78,2.74,2.79,2.72,556066.32
2024-06-04,2.73,2.78,2.79,2.72,408699.9
2024-06-05,2.78,2.76,2.8,2.76,332197.15
2024-06-06,2.77,2.72,2.77,2.71,482953.55
2024-06-07,2.73,2.73,2.74,2.71,373221.7
2024-06-11,2.72,2.71,2.74,2.69,421422.5
2024-06-12,2.71,2.71,2.72,2.7,255562.09
2024-06-13,2.71,2.72,2.74,2.69,489510.17
2024-06-14,2.72,2.73,2.75,2.7,603818.73
2024-06-17,2.72,2.72,2.74,2.71,430259.05
2024-06-18,2.72,2.73,2.75,2.72,313340.26
2024-06-19,2.74,2.71,2.74,2.71,232859.61
2024-06-20,2.71,2.65,2.72,2.64,429481.0
2024-06-21,2.65,2.67,2.69,2.64,315775.93
2024-06-24,2.66,2.63,2.67,2.61,315439.99
2024-06-25,2.62,2.62,2.65,2.6,275389.48
2024-06-26,2.62,2.65,2.66,2.6,302465.67
2024-06-27,2.65,2.61,2.65,2.61,328390.78
2024-06-28,2.62,2.61,2.66,2.6,394882.65
2024-07-01,2.61,2.62,2.64,2.6,283445.42
2024-07-02,2.62,2.64,2.66,2.61,336962.45
2024-07-03,2.65,2.65,2.67,2.63,257874.35
2024-07-04,2.65,2.59,2.66,2.58,371964.0
2024-07-05,2.59,2.58,2.62,2.56,373742.0
2024-07-08,2.58,2.53,2.58,2.52,316963.5
2024-07-09,2.53,2.57,2.59,2.52,358739.59
2024-07-10,2.56,2.55,2.59,2.55,241746.58
2024-07-11,2.58,2.6,2.61,2.57,343442.12
2024-07-12,2.61,2.6,2.62,2.58,296688.29
2024-07-15,2.59,2.59,2.61,2.55,304381.5
2024-07-16,2.59,2.58,2.61,2.58,209330.1
2024-07-17,2.59,2.59,2.6,2.57,240696.8
2024-07-18,2.58,2.59,2.59,2.54,325892.5
2024-07-19,2.58,2.63,2.65,2.57,430538.12
2024-07-22,2.64,2.63,2.67,2.61,395595.34
2024-07-23,2.63,2.6,2.66,2.6,306795.85
2024-07-24,2.6,2.62,2.64,2.58,423439.12
2024-07-25,2.62,2.64,2.66,2.61,407193.64
2024-07-26,2.65,2.7,2.71,2.64,481701.11
2024-07-29,2.71,2.71,2.73,2.69,310090.11
2024-07-30,2.7,2.72,2.73,2.7,306515.81
2024-07-31,2.72,2.79,2.82,2.72,717490.94
2024-08-01,2.79,2.79,2.81,2.78,586028.71
2024-08-02,2.78,2.77,2.8,2.76,410513.91
2024-08-05,2.76,2.75,2.81,2.74,508817.0
2024-08-06,2.76,2.74,2.78,2.72,352377.88
2024-08-07,2.75,2.73,2.76,2.72,232802.0
2024-08-08,2.74,2.76,2.78,2.72,281095.04
2024-08-09,2.77,2.75,2.79,2.74,257815.3
2024-08-12,2.74,2.74,2.76,2.73,224213.29
2024-08-13,2.73,2.78,2.78,2.72,263778.5
2024-08-14,2.78,2.77,2.79,2.76,175688.6
2024-08-15,2.76,2.78,2.81,2.75,298381.2
2024-08-16,2.78,2.74,2.79,2.73,273797.0
2024-08-19,2.75,2.76,2.78,2.73,317974.0
2024-08-20,2.76,2.72,2.77,2.7,314115.7
2024-08-21,2.71,2.68,2.72,2.66,215495.0
2024-08-22,2.69,2.65,2.7,2.64,221894.4
2024-08-23,2.65,2.66,2.68,2.62,246906.7
2024-08-26,2.67,2.65,2.68,2.62,258819.05
2024-08-27,2.65,2.61,2.66,2.6,245001.0
2024-08-28,2.62,2.62,2.66,2.6,277906.0
2024-08-29,2.61,2.62,2.66,2.61,292895.75
2024-08-30,2.62,2.66,2.7,2.62,501320.92
2024-09-02,2.66,2.6,2.67,2.6,460013.81
2024-09-03,2.6,2.61,2.63,2.59,300147.45
2024-09-04,2.6,2.62,2.65,2.6,273876.0
2024-09-05,2.62,2.63,2.64,2.61,226540.0
2024-09-06,2.65,2.65,2.7,2.64,450270.6
2024-09-09,2.64,2.64,2.69,2.6,331594.65
2024-09-10,2.65,2.62,2.66,2.57,391912.03
2024-09-11,2.62,2.6,2.63,2.58,221352.02
2024-09-12,2.6,2.62,2.64,2.6,233734.77
2024-09-13,2.62,2.63,2.67,2.62,282333.48
2024-09-18,2.62,2.64,2.65,2.56,417373.27
2024-09-19,2.64,2.66,2.68,2.61,403661.67
2024-09-20,2.66,2.67,2.67,2.63,297213.0
2024-09-23,2.67,2.68,2.69,2.65,276594.0
2024-09-24,2.68,2.87,2.9,2.68,1398694.93
2024-09-25,2.92,3.03,3.13,2.92,2659731.37
2024-09-26,2.99,3.1,3.11,2.96,2232646.18
2024-09-27,3.19,3.23,3.24,3.1,2528268.23
2024-09-30,3.41,3.55,3.55,3.26,4709955.71
2024-10-08,3.9,3.85,3.9,3.56,5321323.77
2024-10-09,3.61,3.47,3.64,3.47,3066194.2
2024-10-10,3.41,3.26,3.45,3.17,2362912.16
2024-10-11,3.23,3.21,3.3,3.16,1341537.92
2024-10-14,3.49,3.53,3.53,3.39,3837840.12
2024-10-15,3.51,3.34,3.69,3.34,4060488.91
2024-10-16,3.24,3.34,3.44,3.24,2063581.88
2024-10-17,3.39,3.31,3.47,3.3,1847767.57
2024-10-18,3.28,3.41,3.52,3.25,2313287.23
2024-10-21,3.39,3.38,3.4,3.31,1785953.54
2024-10-22,3.35,3.36,3.4,3.31,1207618.46
2024-10-23,3.35,3.34,3.42,3.33,1244872.75
2024-10-24,3.33,3.35,3.37,3.31,964164.32
2024-10-25,3.35,3.39,3.43,3.34,1124307.96
2024-10-28,3.4,3.48,3.5,3.38,1463988.23
2024-10-29,3.49,3.46,3.59,3.44,1800646.8
2024-10-30,3.44,3.48,3.5,3.42,1301980.01
2024-10-31,3.47,3.83,3.83,3.44,2889003.29
2024-11-01,4.08,3.85,4.21,3.83,7609160.58
2024-11-04,3.93,4.16,4.22,3.7,5541095.7
2024-11-05,4.09,4.25,4.48,4.05,5571011.33
2024-11-06,4.19,4.1,4.3,4.06,3761010.09
2024-11-07,4.03,4.51,4.51,3.97,6146994.78
2024-11-08,4.48,4.25,4.49,4.24,5236057.98
2024-11-11,4.28,4.3,4.43,4.12,3548026.48
2024-11-12,4.27,4.1,4.27,4.06,2634443.79
2024-11-13,4.07,4.01,4.1,3.97,1841601.94
2024-11-14,3.98,3.95,4.09,3.94,1499953.05
2024-11-15,3.94,3.82,3.98,3.81,1535357.17
2024-11-18,3.86,3.81,3.89,3.75,1351810.72
2024-11-19,3.84,3.87,3.87,3.73,1223275.71
2024-11-20,3.83,3.86,3.88,3.78,1168780.7
2024-11-21,3.85,3.81,3.85,3.77,1151263.2
2024-11-22,3.8,3.59,3.81,3.57,1588977.2
2024-11-25,3.59,3.56,3.62,3.48,1066005.12
2024-11-26,3.53,3.56,3.62,3.52,748875.53
2024-11-27,3.54,3.63,3.64,3.5,844298.42
2024-11-28,3.63,3.64,3.68,3.61,895635.22
2024-11-29,3.64,3.7,3.76,3.59,1217324.01
2024-12-02,3.68,3.77,3.79,3.65,1168414.14
2024-12-03,3.77,3.78,3.81,3.7,1034593.6
2024-12-04,3.78,3.69,3.78,3.68,901477.91
2024-12-05,3.69,3.7,3.74,3.68,822720.26
2024-12-06,3.7,3.82,3.88,3.68,1528331.91
2024-12-09,3.81,3.78,3.87,3.73,1077341.0
2024-12-10,3.94,3.78,3.94,3.77,1378671.91
2024-12-11,3.77,3.83,3.87,3.75,972874.23
2024-12-12,3.82,3.87,3.89,3.77,1154346.45
2024-12-13,3.85,3.72,3.86,3.7,1387704.33
2024-12-16,3.72,3.68,3.74,3.65,682240.96
2024-12-17,3.67,3.64,3.69,3.62,595449.1
2024-12-18,3.65,3.65,3.69,3.63,453637.64
2024-12-19,3.62,3.64,3.65,3.57,588142.83
2024-12-20,3.63,3.65,3.66,3.62,523524.15
2024-12-23,3.63,3.53,3.65,3.52,773939.7
2024-12-24,3.54,3.58,3.59,3.53,508313.12
2024-12-25,3.57,3.53,3.57,3.48,470980.0
2024-12-26,3.52,3.52,3.56,3.51,328264.32
2024-12-27,3.52,3.58,3.62,3.52,597965.95
2024-12-30,3.57,3.58,3.59,3.52,444514.35
2024-12-31,3.58,3.41,3.59,3.41,810011.87
2025-01-02,3.45,3.33,3.46,3.29,747956.97
2025-01-03,3.34,3.24,3.36,3.22,625090.63
2025-01-06,3.22,3.26,3.3,3.2,520020.3
2025-01-07,3.27,3.29,3.3,3.23,444829.08
2025-01-08,3.28,3.26,3.29,3.18,579187.31
2025-01-09,3.24,3.24,3.28,3.22,416543.51
2025-01-10,3.23,3.18,3.26,3.18,401059.99
2025-01-13,3.15,3.2,3.2,3.12,448369.6
2025-01-14,3.21,3.3,3.31,3.2,749867.7
2025-01-15,3.34,3.48,3.63,3.34,3045013.58
2025-01-16,3.44,3.47,3.51,3.41,1667677.68
2025-01-17,3.45,3.41,3.48,3.41,849520.04
2025-01-20,3.45,3.45,3.51,3.41,983968.58
2025-01-21,3.47,3.41,3.49,3.38,706330.0
2025-01-22,3.39,3.38,3.4,3.34,512504.59
2025-01-23,3.44,3.42,3.57,3.42,1121225.05
2025-01-24,3.42,3.43,3.45,3.41,766519.82
2025-01-27,3.45,3.41,3.49,3.39,717964.6
2025-02-05,3.43,3.41,3.44,3.38,498987.43
2025-02-06,3.4,3.47,3.48,3.38,806977.92
2025-02-07,3.46,3.51,3.58,3.45,1122059.8
2025-02-10,3.53,3.53,3.55,3.5,755501.44
2025-02-11,3.52,3.5,3.53,3.46,547413.62
2025-02-12,3.49,3.53,3.54,3.47,719997.73
2025-02-13,3.51,3.51,3.56,3.48,766413.2
2025-02-14,3.51,3.48,3.52,3.46,623731.36
2025-02-17,3.53,3.56,3.59,3.5,1306902.16
2025-02-18,3.57,3.41,3.57,3.4,1131305.58
2025-02-19,3.41,3.44,3.46,3.39,569558.58
2025-02-20,3.43,3.41,3.45,3.41,515357.35
2025-02-21,3.41,3.46,3.47,3.38,744531.74
2025-02-24,3.43,3.42,3.46,3.41,651058.41
2025-02-25,3.41,3.35,3.41,3.33,696081.15
2025-02-26,3.35,3.41,3.41,3.35,710916.66
2025-02-27,3.41,3.41,3.43,3.34,720484.51
2025-02-28,3.39,3.32,3.43,3.31,712391.42
2025-03-03,3.32,3.26,3.34,3.23,745974.4
2025-03-04,3.26,3.3,3.31,3.23,514488.65
2025-03-05,3.29,3.27,3.3,3.23,470288.78
2025-03-06,3.29,3.38,3.39,3.27,991442.67
2025-03-07,3.36,3.29,3.36,3.28,759504.38
2025-03-10,3.29,3.27,3.3,3.25,375554.9
2025-03-11,3.24,3.29,3.29,3.23,442306.48
2025-03-12,3.29,3.29,3.34,3.28,596576.2
2025-03-13,3.29,3.28,3.32,3.24,452033.89
2025-03-14,3.27,3.4,3.43,3.27,1180894.71
2025-03-17,3.41,3.39,3.41,3.37,590654.75
2025-03-18,3.41,3.4,3.48,3.38,635159.34
2025-03-19,3.4,3.38,3.41,3.36,494928.48
2025-03-20,3.38,3.36,3.4,3.36,409047.73
2025-03-21,3.35,3.33,3.4,3.31,624734.94
2025-03-24,3.32,3.31,3.34,3.27,463580.13
2025-03-25,3.31,3.36,3.37,3.3,532036.25
2025-03-26,3.36,3.39,3.39,3.34,494870.9
2025-03-27,3.38,3.38,3.43,3.33,635373.74
2025-03-28,3.39,3.38,3.4,3.35,547447.73
2025-03-31,3.37,3.31,3.39,3.28,727271.16
2025-04-01,3.31,3.35,3.38,3.3,552147.06
2025-04-02,3.33,3.35,3.37,3.33,308424.15
2025-04-03,3.33,3.38,3.41,3.32,632935.18
2025-04-07,3.24,3.04,3.3,3.04,1072566.04
2025-04-08,3.05,3.09,3.1,3.01,793792.82
2025-04-09,3.06,3.15,3.16,2.97,915129.15
2025-04-10,3.18,3.18,3.24,3.15,752595.89
2025-04-11,3.17,3.16,3.19,3.15,475039.8
2025-04-14,3.18,3.21,3.23,3.17,650967.29
2025-04-15,3.21,3.19,3.22,3.17,412507.4
2025-04-16,3.18,3.16,3.19,3.11,447152.55
2025-04-17,3.15,3.16,3.18,3.13,315604.0
2025-04-18,3.15,3.18,3.19,3.14,330114.1
2025-04-21,3.19,3.23,3.32,3.17,752617.6
2025-04-22,3.22,3.28,3.29,3.21,661467.94
2025-04-23,3.27,3.25,3.3,3.23,468011.75
2025-04-24,3.25,3.24,3.26,3.21,337128.27
2025-04-25,3.22,3.26,3.27,3.22,477833.27
2025-04-28,3.25,3.22,3.25,3.21,361174.6
2025-04-29,3.22,3.22,3.24,3.21,293970.64
2025-04-30,3.22,3.19,3.24,3.18,381408.8
2025-05-06,3.2,3.27,3.27,3.2,594651.67
2025-05-07,3.33,3.28,3.38,3.26,691605.67
2025-05-08,3.26,3.26,3.29,3.25,415214.6
2025-05-09,3.27,3.23,3.27,3.22,333802.8
2025-05-12,3.24,3.27,3.27,3.23,424413.57
2025-05-13,3.29,3.25,3.3,3.24,386268.75
2025-05-14,3.25,3.34,3.38,3.23,1143581.55
2025-05-15,3.33,3.26,3.34,3.25,640828.63
2025-05-16,3.25,3.23,3.27,3.22,522479.63
2025-05-19,3.22,3.24,3.26,3.22,343598.6
2025-05-20,3.25,3.26,3.27,3.24,336958.3
2025-05-21,3.25,3.26,3.27,3.25,322812.21
2025-05-22,3.25,3.22,3.26,3.22,346032.17
2025-05-23,3.22,3.2,3.25,3.19,437588.43
2025-05-26,3.2,3.19,3.22,3.18,367086.09
2025-05-27,3.2,3.21,3.22,3.18,332364.97
2025-05-28,3.21,3.21,3.22,3.19,224137.0
2025-05-29,3.21,3.25,3.25,3.2,362954.59
2025-05-30,3.24,3.25,3.26,3.22,430224.23
2025-06-03,3.25,3.31,3.32,3.24,839555.75
2025-06-04,3.33,3.33,3.35,3.3,550931.06
2025-06-05,3.34,3.35,3.38,3.32,608528.84
2025-06-06,3.34,3.33,3.37,3.31,513891.05
2025-06-09,3.34,3.36,3.37,3.32,523345.14
2025-06-10,3.36,3.33,3.36,3.3,474626.7
2025-06-11,3.32,3.36,3.4,3.32,588026.12
2025-06-12,3.35,3.37,3.39,3.34,457401.5
2025-06-13,3.35,3.32,3.37,3.32,750099.85
2025-06-16,3.32,3.36,3.36,3.32,504234.8
2025-06-17,3.36,3.37,3.37,3.34,374441.7
2025-06-18,3.36,3.32,3.37,3.31,412752.0
2025-06-19,3.32,3.24,3.32,3.23,581164.91
2025-06-20,3.24,3.24,3.26,3.23,307275.19
2025-06-23,3.23,3.27,3.28,3.22,370738.94
2025-06-24,3.27,3.35,3.36,3.26,635698.55
2025-06-25,3.36,3.58,3.63,3.34,3177486.57
2025-06-26,3.56,3.5,3.58,3.48,1849911.64
2025-06-27,3.53,3.53,3.65,3.5,1633965.8
2025-06-30,3.52,3.47,3.53,3.46,1060799.64
2025-07-01,3.47,3.45,3.49,3.43,730465.6
2025-07-02,3.45,3.45,3.49,3.43,616262.6
2025-07-03,3.46,3.46,3.47,3.43,528811.77
2025-07-04,3.47,3.46,3.5,3.44,786071.0
2025-07-07,3.45,3.47,3.49,3.44,551739.86
2025-07-08,3.47,3.51,3.53,3.46,839623.22
2025-07-09,3.51,3.61,3.72,3.51,2467243.07
2025-07-10,3.58,3.72,3.83,3.58,2284738.41
2025-07-11,3.72,3.76,3.82,3.64,2427833.96
2025-07-14,3.77,3.64,3.79,3.63,1480883.74
2025-07-15,3.65,3.6,3.66,3.57,932969.63
2025-07-16,3.61,3.62,3.63,3.57,701326.52
2025-07-17,3.61,3.61,3.66,3.6,812005.25
2025-07-18,3.61,3.61,3.64,3.6,751297.0
2025-07-21,3.62,3.65,3.65,3.6,894289.1
2025-07-22,3.64,3.64,3.65,3.58,859396.89
2025-07-23,3.63,3.61,3.69,3.61,1125439.74
2025-07-24,3.61,3.7,3.7,3.6,1243954.0
2025-07-25,3.7,3.63,3.72,3.61,947377.46
2025-07-28,3.63,3.61,3.67,3.6,842781.2
2025-07-29,3.61,3.59,3.61,3.53,938696.52
2025-07-30,3.58,3.54,3.6,3.52,700161.02
2025-07-31,3.53,3.47,3.54,3.46,741107.01
2025-08-01,3.47,3.47,3.5,3.46,453341.05
2025-08-04,3.47,3.49,3.49,3.46,500584.4
2025-08-05,3.48,3.53,3.53,3.48,564599.6
2025-08-06,3.52,3.52,3.53,3.49,412581.0
2025-08-07,3.51,3.49,3.53,3.48,508718.2
2025-08-08,3.49,3.5,3.51,3.47,452976.26
2025-08-11,3.5,3.53,3.54,3.49,590526.58
2025-08-12,3.54,3.55,3.57,3.52,662713.6
2025-08-13,3.56,3.58,3.6,3.52,1017034.99
2025-08-14,3.58,3.54,3.61,3.52,988850.94
2025-08-15,3.53,3.65,3.66,3.51,1457342.23
2025-08-18,3.67,3.65,3.7,3.62,1192529.04
2025-08-19,3.64,3.65,3.68,3.6,1080177.03
2025-08-20,3.64,3.68,3.68,3.61,917738.78
2025-08-21,3.69,3.66,3.73,3.64,986286.78
2025-08-22,3.65,3.7,3.71,3.62,1226061.39
2025-08-25,3.73,3.74,3.78,3.7,1506824.68
2025-08-26,3.72,3.73,3.75,3.71,818995.72
2025-08-27,3.72,3.59,3.73,3.58,1332023.4
2025-08-28,3.59,3.65,3.66,3.54,1155467.85
2025-08-29,3.65,3.61,3.68,3.59,927871.58
2025-09-01,3.62,3.57,3.62,3.55,805565.09
2025-09-02,3.56,3.52,3.57,3.48,907276.19
2025-09-03,3.52,3.44,3.53,3.44,746411.57
2025-09-04,3.45,3.45,3.47,3.42,705077.19
2025-09-05,3.46,3.47,3.47,3.42,598286.08
2025-09-08,3.46,3.48,3.49,3.46,549088.71
2025-09-09,3.48,3.5,3.51,3.47,568804.99
2025-09-10,3.49,3.48,3.5,3.47,306057.36
2025-09-11,3.49,3.56,3.56,3.47,801098.84
2025-09-12,3.55,3.52,3.56,3.52,541897.82
2025-09-15,3.52,3.51,3.54,3.5,456619.66
2025-09-16,3.5,3.63,3.63,3.5,1238781.78
2025-09-17,3.6,3.8,3.87,3.59,3121853.81
2025-09-18,3.74,3.64,3.74,3.59,2112441.75
2025-09-19,3.63,3.53,3.64,3.51,1114225.63
2025-09-22,3.51,3.53,3.54,3.49,696094.78
2025-09-23,3.51,3.47,3.52,3.42,925700.25
2025-09-24,3.45,3.49,3.5,3.44,627200.63
2025-09-25,3.48,3.47,3.49,3.46,487680.11
2025-09-26,3.47,3.46,3.49,3.46,590541.44
2025-09-29,3.45,3.53,3.55,3.43,904980.65
2025-09-30,3.52,3.48,3.52,3.47,576653.42
2025-10-09,3.48,3.53,3.53,3.47,662584.27
2025-10-10,3.51,3.54,3.56,3.51,665450.67
2025-10-13,3.47,3.5,3.51,3.44,690036.2
2025-10-14,3.49,3.51,3.55,3.49,717359.8
2025-10-15,3.51,3.54,3.54,3.48,629934.19
2025-10-16,3.53,3.5,3.53,3.48,425664.64
2025-10-17,3.5,3.47,3.53,3.46,619554.0
2025-10-20,3.48,3.46,3.5,3.45,580547.4
2025-10-21,3.47,3.53,3.55,3.46,884177.68
2025-10-22,3.52,3.53,3.54,3.51,491391.4
2025-10-23,3.53,3.58,3.58,3.5,659908.5
2025-10-24,3.58,3.57,3.59,3.54,567730.05
2025-10-27,3.6,3.58,3.6,3.56,670131.3
2025-10-28,3.57,3.55,3.58,3.54,586325.34
2025-10-29,3.54,3.64,3.64,3.54,988487.33
2025-10-30,3.62,3.56,3.63,3.56,812496.21
2025-10-31,3.57,3.55,3.58,3.54,518599.36
2025-11-03,3.55,3.55,3.56,3.51,592504.86
2025-11-04,3.55,3.55,3.57,3.52,462040.9
2025-11-05,3.53,3.55,3.58,3.52,492680.28
2025-11-06,3.56,3.57,3.59,3.55,516128.3
2025-11-07,3.57,3.57,3.58,3.55,401201.42
2025-11-10,3.57,3.61,3.61,3.56,510918.2
2025-11-11,3.61,3.6,3.62,3.58,447546.12
2025-11-12,3.59,3.58,3.61,3.55,492383.63
2025-11-13,3.58,3.62,3.62,3.57,548200.48
2025-11-14,3.6,3.59,3.64,3.59,587998.53
2025-11-17,3.59,3.56,3.59,3.55,475035.85
2025-11-18,3.55,3.51,3.56,3.48,633706.99
2025-11-19,3.5,3.48,3.52,3.46,397770.76
2025-11-20,3.51,3.48,3.52,3.47,421060.46
2025-11-21,3.46,3.35,3.47,3.35,745527.43
2025-11-24,3.37,3.36,3.38,3.35,369869.48
2025-11-25,3.37,3.38,3.4,3.36,342599.36
2025-11-26,3.39,3.32,3.4,3.3,491419.88
2025-11-27,3.32,3.42,3.56,3.3,1029813.51
2025-11-28,3.37,3.38,3.39,3.34,597833.64
2025-12-01,3.37,3.39,3.4,3.36,390408.98
2025-12-02,3.38,3.39,3.39,3.36,293650.68
2025-12-03,3.39,3.38,3.41,3.37,403372.11
2025-12-04,3.38,3.39,3.4,3.36,313151.11
2025-12-05,3.38,3.43,3.45,3.37,607436.18
2025-12-08,3.44,3.44,3.47,3.43,594372.93
2025-12-09,3.43,3.39,3.44,3.38,369752.11
2025-12-10,3.38,3.42,3.42,3.36,305344.1
2025-12-11,3.42,3.37,3.42,3.36,372234.45
2025-12-12,3.37,3.4,3.4,3.36,536327.21
2025-12-15,3.38,3.37,3.4,3.35,431247.67
2025-12-16,3.38,3.33,3.39,3.33,424310.16
2025-12-17,3.33,3.36,3.39,3.29,572527.7
2025-12-18,3.35,3.35,3.37,3.33,402791.39
2025-12-19,3.35,3.41,3.42,3.34,533707.18
2025-12-22,3.4,3.41,3.43,3.39,374456.81
2025-12-23,3.41,3.39,3.42,3.37,390102.78
2025-12-24,3.39,3.42,3.43,3.37,376050.2
2025-12-25,3.42,3.42,3.44,3.41,357321.36
2025-12-26,3.42,3.43,3.46,3.41,428793.34
2025-12-29,3.42,3.43,3.46,3.42,435812.72
2025-12-30,3.43,3.4,3.44,3.39,395026.12
2025-12-31,3.4,3.39,3.42,3.38,296533.7
2026-01-05,3.41,3.44,3.45,3.4,606780.9
2026-01-06,3.43,3.5,3.51,3.43,946019.16
2026-01-07,3.49,3.46,3.5,3.46,602610.15
2026-01-08,3.46,3.45,3.47,3.44,509039.26
2026-01-09,3.44,3.48,3.49,3.44,586689.48
2026-01-12,3.54,3.56,3.58,3.51,1274107.83
2026-01-13,3.56,3.55,3.61,3.51,1208277.2
2026-01-14,3.53,3.51,3.6,3.49,1203289.8
2026-01-15,3.5,3.47,3.51,3.46,679237.7
2026-01-16,3.48,3.47,3.49,3.45,544134.71
2026-01-19,3.47,3.49,3.5,3.45,520882.18
2026-01-20,3.5,3.51,3.51,3.49,551302.52
2026-01-21,3.5,3.51,3.52,3.49,459984.35
2026-01-22,3.5,3.54,3.56,3.5,585539.88
2026-01-23,3.55,3.57,3.58,3.55,617078.95
2026-01-26,3.57,3.56,3.58,3.53,580984.42
2026-01-27,3.55,3.54,3.56,3.49,633942.82
2026-01-28,3.53,3.57,3.59,3.52,719274.62
2026-01-29,3.56,3.57,3.58,3.53,560444.5
2026-01-30,3.56,3.51,3.57,3.49,670750.49
2026-02-02,3.5,3.42,3.52,3.42,747604.96
2026-02-03,3.45,3.48,3.48,3.43,480688.53
2026-02-04,3.47,3.56,3.57,3.46,895500.15
2026-02-05,3.56,3.55,3.57,3.51,664654.26
2026-02-06,3.54,3.55,3.57,3.52,540181.0
2026-02-09,3.56,3.55,3.58,3.53,636335.79
2026-02-10,3.56,3.54,3.57,3.53,577008.93
2026-02-11,3.54,3.54,3.55,3.51,519664.05
2026-02-12,3.53,3.48,3.54,3.48,627297.53
2026-02-13,3.49,3.43,3.49,3.42,593050.51
2026-02-24,3.45,3.47,3.48,3.44,392191.09
2026-02-25,3.47,3.52,3.54,3.46,806833.95
2026-02-26,3.52,3.5,3.52,3.49,433928.1
2026-02-27,3.49,3.54,3.55,3.49,581286.69
2026-03-02,3.51,3.52,3.55,3.48,715244.41
2026-03-03,3.52,3.45,3.55,3.45,802595.71
2026-03-04,3.44,3.4,3.45,3.38,719942.97
2026-03-05,3.44,3.44,3.46,3.42,501990.54
2026-03-06,3.42,3.49,3.5,3.42,640749.26
2026-03-09,3.48,3.46,3.49,3.44,523532.6
2026-03-10,3.48,3.48,3.49,3.47,372889.29
2026-03-11,3.49,3.5,3.51,3.46,583226.98
2026-03-12,3.5,3.55,3.56,3.49,881467.7
2026-03-13,3.53,3.5,3.55,3.49,741281.0
2026-03-16,3.51,3.5,3.52,3.49,574157.02
2026-03-17,3.5,3.52,3.57,3.49,893341.41
2026-03-18,3.51,3.49,3.52,3.47,639894.6
2026-03-19,3.47,3.48,3.51,3.45,717095.55
2026-03-20,3.48,3.38,3.49,3.38,867289.45
2026-03-23,3.35,3.18,3.35,3.16,1047370.95
2026-03-24,3.22,3.27,3.28,3.19,577688.65
2026-03-25,3.27,3.33,3.35,3.25,611926.51
2026-03-26,3.33,3.3,3.34,3.29,405856.58
2026-03-27,3.28,3.32,3.35,3.27,369495.87
2026-03-30,3.3,3.34,3.35,3.29,398547.0
2026-03-31,3.34,3.33,3.39,3.33,481220.88
2026-04-01,3.37,3.37,3.4,3.36,483702.7
2026-04-02,3.37,3.31,3.37,3.29,385540.9
2026-04-03,3.32,3.27,3.34,3.25,395091.5
2026-04-07,3.27,3.31,3.32,3.27,326943.77
2026-04-08,3.34,3.38,3.38,3.33,570937.65
2026-04-09,3.36,3.31,3.36,3.3,404604.06
2026-04-10,3.33,3.35,3.41,3.33,604244.88
2026-04-13,3.32,3.34,3.36,3.32,308210.0
2026-04-14,3.35,3.35,3.37,3.32,349529.21
2026-04-15,3.35,3.33,3.36,3.32,305245.7
2026-04-16,3.34,3.33,3.34,3.31,343939.85
2026-04-17,3.33,3.3,3.34,3.29,368990.28
2026-04-20,3.3,3.3,3.31,3.29,294322.36
2026-04-21,3.29,3.29,3.3,3.27,277224.34
2026-04-22,3.29,3.34,3.35,3.28,527466.17
2026-04-23,3.33,3.33,3.35,3.3,417475.1
2026-04-24,3.32,3.31,3.33,3.29,407524.0
2026-04-27,3.28,3.22,3.28,3.18,728519.27
2026-04-28,3.23,3.24,3.27,3.22,428788.2
2026-04-29,3.25,3.27,3.28,3.24,412484.59
2026-04-30,3.26,3.26,3.3,3.25,420413.02
2026-05-06,3.27,3.27,3.29,3.25,518274.53
2026-05-07,3.27,3.25,3.28,3.24,370375.46
2026-05-08,3.25,3.25,3.27,3.24,350382.0
2026-05-11,3.25,3.26,3.27,3.22,477632.03
2026-05-12,3.26,3.23,3.27,3.22,507118.98
2026-05-13,3.22,3.19,3.23,3.18,611144.25
2026-05-14,3.19,3.12,3.2,3.12,604690.64
2026-05-15,3.12,3.08,3.14,3.05,551771.92
2026-05-18,3.08,3.07,3.08,3.05,315280.09
2026-05-19,3.06,3.1,3.11,3.05,342784.04
2026-05-20,3.09,3.07,3.09,3.05,231115.88
2026-05-21,3.07,3.06,3.12,3.05,424350.36
2026-05-22,3.05,3.03,3.06,3.01,353266.26
2026-05-25,3.03,3.03,3.05,3.01,287821.02
2026-05-26,3.02,3.04,3.05,3.01,323159.23
2026-05-27,3.03,2.99,3.05,2.98,361032.07
2026-05-28,2.99,2.94,2.99,2.92,355498.72
2026-05-29,2.94,2.98,3.0,2.93,395250.5
2026-06-01,2.98,3.02,3.03,2.94,405199.55
2026-06-02,3.02,3.0,3.04,2.99,305070.0
2026-06-03,3.0,2.97,3.01,2.96,269980.0
2026-06-04,2.97,2.93,2.98,2.92,260977.1
2026-06-05,2.94,2.96,2.97,2.92,242168.78
2026-06-08,2.94,2.91,2.95,2.89,305467.02
2026-06-09,2.9,2.88,2.91,2.87,272818.72
2026-06-10,2.87,2.89,2.9,2.82,389056.22
2026-06-11,2.88,2.84,2.91,2.82,318931.32
2026-06-12,2.85,2.94,2.94,2.84,702839.67
2026-06-15,2.94,2.96,3.03,2.93,675467.36
2026-06-16,2.96,2.92,2.97,2.9,386874.82
2026-06-17,2.91,2.92,2.94,2.89,345704.73
2026-06-18,2.92,2.86,2.92,2.85,332996.6
2026-06-22,2.85,2.97,2.98,2.79,754910.95
2026-06-23,2.95,2.97,3.03,2.95,796206.13
2026-06-24,2.97,2.89,3.0,2.88,513677.21
2026-06-25,2.89,2.92,2.94,2.85,470048.23
2026-06-26,2.9,2.81,2.91,2.81,510789.5
2026-06-29,2.81,2.81,2.83,2.73,349831.18
2026-06-30,2.81,2.76,2.82,2.75,318704.35
2026-07-01,2.76,2.86,2.88,2.75,556654.11
2026-07-02,2.86,2.84,2.9,2.83,419174.2
2026-07-03,2.84,2.86,2.88,2.84,294223.4
2026-07-06,2.86,2.89,2.9,2.85,339274.5
2026-07-07,2.88,2.84,2.92,2.82,326182.74
2026-07-08,2.84,2.88,2.9,2.82,381997.9
2026-07-09,2.88,2.85,2.89,2.84,356946.93
2026-07-10,2.85,2.87,2.9,2.8,425164.69
2026-07-13,2.86,2.9,2.9,2.85,481538.22
2026-07-14,2.88,2.93,2.95,2.87,546570.04
2026-07-15,2.95,3.02,3.04,2.94,781899.69
2026-07-16,3.01,3.03,3.04,2.98,574993.46
2026-07-17,3.02,3.0,3.07,3.0,656163.17
2026-07-20,3.01,3.03,3.07,3.0,680073.47
2026-07-21,3.03,3.06,3.1,3.02,793756.82
2026-07-22,3.05,3.01,3.06,2.96,656904.33
2026-07-23,3.0,3.03,3.04,2.99,345259.44
2026-07-24,3.02,2.98,3.05,2.97,348469.89
2026-07-27,2.98,3.0,3.02,2.96,353811.07
2026-07-28,3.0,2.99,3.01,2.97,316859.14
2026-07-29,2.99,3.07,3.09,2.99,582319.69
2026-07-30,3.07,3.11,3.12,3.06,524624.55
2026-07-31,3.1,3.1,3.12,3.07,444597.0
2026-08-03,3.1,3.14,3.15,3.09,338109.32
2026-08-04,3.14,3.08,3.16,3.08,396273.68
2026-08-05,3.08,3.06,3.09,3.05,377230.64
2026-08-06,3.05,3.01,3.06,2.98,527598.08
2026-08-07,3.0,2.99,3.01,2.96,405706.04
2026-08-10,2.99,3.01,3.03,2.98,431044.51
2026-08-11,3.01,3.0,3.02,2.99,241617.49
2026-08-12,3.0,3.01,3.03,2.98,315751.55
2026-08-13,3.01,2.99,3.03,2.99,374532.35
2026-08-14,2.99,2.97,3.0,2.96,313614.05
2026-08-17,2.97,3.0,3.01,2.94,360082.61
2026-08-18,3.0,2.96,3.01,2.94,344592.49
2026-08-19,2.96,2.92,2.98,2.91,370793.31
2026-08-20,2.93,2.95,2.97,2.92,357411.52
2026-08-21,2.94,2.94,2.96,2.92,245262.98
2026-08-24,2.95,2.97,2.97,2.93,332223.77
2026-08-25,2.97,3.04,3.05,2.96,648455.7
2026-08-26,3.03,3.09,3.12,3.02,779170.09
2026-08-27,3.08,3.07,3.1,3.03,501527.33
2026-08-28,3.07,3.05,3.07,3.01,521837.49
2026-08-31,3.04,3.03,3.07,3.02,336986.7
2026-09-01,3.02,3.08,3.09,3.02,544506.57
2026-09-02,3.07,3.04,3.09,3.02,444898.6
2026-09-03,3.04,3.03,3.07,3.02,395077.93
2026-09-04,3.03,3.04,3.07,3.02,433989.23
2026-09-07,3.05,2.99,3.06,2.99,523309.59
2026-09-08,2.99,3.04,3.05,2.98,488524.34
2026-09-09,3.03,3.02,3.04,3.01,322299.1
2026-09-10,3.03,3.05,3.05,3.0,374310.12
2026-09-11,3.04,2.94,3.04,2.94,670123.36
2026-09-14,2.95,2.97,2.97,2.94,299003.39
2026-09-15,2.96,2.95,2.97,2.94,278925.46
2026-09-16,2.95,2.97,2.99,2.92,395679.27
2026-09-17,2.96,2.94,2.97,2.93,312340.0
2026-09-18,2.94,2.94,2.96,2.93,304280.45
