date,open,close,high,low,volume
2013-01-04,4.7,4.77,4.84,4.6,40426.58
2013-01-07,4.71,4.75,4.76,4.67,28303.54
2013-01-08,4.75,4.85,4.89,4.73,43614.96
2013-01-09,4.83,4.95,5.19,4.8,73049.17
2013-01-10,4.89,4.95,5.0,4.88,36502.25
2013-01-11,4.94,4.89,5.14,4.85,59978.86
2013-01-14,4.83,4.98,5.02,4.82,41090.7
2013-01-15,4.97,5.05,5.08,4.95,40092.76
2013-01-16,5.03,5.07,5.09,4.97,34051.27
2013-01-17,5.07,4.96,5.07,4.94,24532.7
2013-01-18,4.98,4.98,5.02,4.87,24572.29
2013-01-21,4.99,5.03,5.07,4.98,20036.79
2013-01-22,5.03,4.95,5.04,4.9,18578.0
2013-01-23,4.87,4.95,4.97,4.87,21765.36
2013-01-24,4.92,4.88,5.01,4.82,22589.2
2013-01-25,4.85,4.98,4.98,4.83,18948.72
2013-01-28,4.94,5.1,5.12,4.94,29155.04
2013-01-29,5.1,5.13,5.19,5.06,34021.14
2013-01-30,5.13,5.1,5.13,4.98,27806.76
2013-01-31,5.07,5.04,5.08,5.0,12178.34
2013-02-01,5.04,5.11,5.12,5.03,19419.97
2013-02-04,5.12,5.07,5.15,5.03,18564.54
2013-02-05,5.06,5.08,5.1,5.01,10865.1
2013-02-06,5.09,5.07,5.1,5.03,12527.82
2013-02-07,5.08,5.14,5.26,5.07,33738.97
2013-02-08,5.14,5.35,5.38,5.12,44217.38
2013-02-18,5.35,5.34,5.51,5.29,34997.08
2013-02-19,5.35,5.44,5.48,5.31,34564.2
2013-02-20,5.44,5.46,5.53,5.35,29502.0
2013-02-21,5.41,5.41,5.47,5.3,26244.12
2013-02-22,5.38,5.37,5.45,5.36,14049.05
2013-02-25,5.35,5.37,5.41,5.3,13407.62
2013-02-26,5.33,5.42,5.43,5.2,33529.62
2013-02-27,5.36,5.5,5.65,5.36,56632.62
2013-02-28,5.51,5.54,5.56,5.44,39037.15
2013-03-01,5.54,5.6,5.64,5.48,22163.31
2013-03-04,5.6,5.38,5.6,5.33,30021.0
2013-03-05,5.34,5.46,5.46,5.33,22446.72
2013-03-06,5.46,5.42,5.52,5.39,40454.7
2013-03-07,5.42,5.37,5.46,5.32,22381.98
2013-03-08,5.36,5.35,5.39,5.27,12847.48
2013-03-11,5.36,5.39,5.4,5.33,10743.03
2013-03-12,5.39,5.21,5.41,5.04,22654.52
2013-03-13,5.14,5.1,5.18,5.05,9100.31
2013-03-14,5.1,5.1,5.15,5.06,10052.92
2013-03-15,5.1,5.13,5.19,5.03,14043.0
2013-03-18,5.09,5.02,5.17,5.01,14273.01
2013-03-19,5.0,5.02,5.05,4.95,8630.82
2013-03-20,5.03,5.18,5.2,5.0,21176.27
2013-03-21,5.19,5.2,5.24,5.1,14067.02
2013-03-22,5.21,5.2,5.24,5.15,11870.29
2013-03-25,5.22,5.13,5.22,5.12,13573.83
2013-03-26,5.13,5.04,5.17,5.0,21631.0
2013-03-27,5.04,5.09,5.13,5.04,15700.74
2013-03-28,5.06,5.1,5.21,4.98,22798.99
2013-03-29,5.1,5.04,5.11,5.0,16220.0
2013-04-01,5.02,5.03,5.11,5.02,10298.78
2013-04-02,5.09,5.02,5.1,4.99,9983.07
2013-04-03,5.0,5.05,5.07,4.99,11659.59
2013-04-08,5.05,5.08,5.08,4.93,11279.3
2013-04-09,5.11,5.24,5.31,5.05,31768.14
2013-04-10,5.22,5.18,5.26,5.12,14271.89
2013-04-11,5.17,5.15,5.2,5.11,8961.54
2013-04-12,5.17,5.08,5.17,5.06,11016.58
2013-04-15,5.08,4.79,5.08,4.79,23713.89
2013-04-16,4.75,4.84,4.86,4.72,7706.51
2013-04-17,4.81,4.85,4.88,4.76,8758.07
2013-04-18,4.8,4.83,4.88,4.77,7303.99
2013-04-19,4.85,4.93,4.96,4.83,14064.22
2013-04-22,4.93,5.05,5.11,4.9,23286.88
2013-04-23,5.05,4.95,5.06,4.88,15233.34
2013-04-24,4.97,5.03,5.08,4.94,17614.48
2013-04-25,5.05,4.98,5.12,4.98,13711.29
2013-04-26,4.98,4.85,5.05,4.83,10725.04
2013-05-02,4.85,5.06,5.07,4.85,16679.65
2013-05-03,5.04,5.15,5.16,5.04,20830.63
2013-05-06,5.16,5.2,5.25,5.1,20446.46
2013-05-07,5.15,5.24,5.25,5.15,15991.18
2013-05-08,5.25,5.24,5.25,5.17,14525.71
2013-05-09,5.18,5.23,5.23,5.12,25412.32
2013-05-10,5.23,5.32,5.39,5.18,38086.07
2013-05-13,5.33,5.37,5.45,5.29,30881.73
2013-05-14,5.37,5.42,5.47,5.31,40539.83
2013-05-15,5.43,5.41,5.45,4.94,41947.15
2013-05-16,5.41,5.29,5.45,5.2,54005.49
2013-05-17,5.28,5.34,5.38,5.25,24177.85
2013-05-20,5.38,5.49,5.56,5.31,45342.68
2013-05-21,5.46,5.67,5.9,5.41,111789.0
2013-05-22,5.65,5.58,5.8,5.54,67927.68
2013-05-23,5.59,5.68,5.82,5.53,93334.78
2013-05-24,5.73,5.7,5.77,5.63,62766.49
2013-05-27,5.73,5.77,5.9,5.73,84377.45
2013-05-28,5.74,5.69,5.77,5.61,47428.97
2013-05-29,5.74,5.74,5.85,5.67,50483.29
2013-05-30,5.76,5.75,5.81,5.71,43191.07
2013-05-31,5.74,5.6,5.82,5.58,58454.72
2013-06-03,5.6,5.56,5.67,5.52,39957.61
2013-06-04,5.55,5.46,5.58,5.42,42196.31
2013-06-05,5.46,5.48,5.53,5.43,17707.51
2013-06-06,5.48,5.46,5.53,5.44,20607.21
2013-06-07,5.44,5.41,5.51,5.34,24934.08
2013-06-13,5.37,5.16,5.37,5.11,21244.71
2013-06-14,5.18,5.25,5.26,5.15,13866.92
2013-06-17,5.24,5.25,5.3,5.21,13166.55
2013-06-18,5.23,5.32,5.34,5.22,17849.55
2013-06-19,5.32,5.39,5.43,5.18,28355.35
2013-06-20,5.35,5.22,5.35,5.2,13765.56
2013-06-21,5.15,5.23,5.27,5.1,14591.71
2013-06-24,5.22,4.9,5.26,4.86,18362.84
2013-06-25,4.9,4.7,4.96,4.41,24901.79
2013-06-26,4.7,4.76,4.77,4.63,19256.68
2013-06-27,4.7,4.82,5.0,4.7,34712.17
2013-06-28,4.8,4.84,4.97,4.77,17843.18
2013-07-01,4.84,5.05,5.08,4.8,24368.63
2013-07-02,5.09,5.1,5.15,4.99,20639.77
2013-07-03,5.04,5.08,5.09,4.97,13337.38
2013-07-04,5.01,5.14,5.15,4.99,16899.73
2013-07-05,5.18,5.09,5.18,5.09,12280.12
2013-07-08,5.04,4.84,5.04,4.83,13293.21
2013-07-09,4.84,4.92,4.94,4.8,7820.63
2013-07-10,4.95,5.16,5.2,4.9,13511.24
2013-07-11,5.15,5.31,5.37,5.13,23274.2
2013-07-12,5.32,5.3,5.51,5.29,23227.14
2013-07-15,5.3,5.48,5.54,5.3,27171.67
2013-07-16,5.47,5.52,5.7,5.45,21412.09
2013-07-17,5.5,5.57,5.8,5.48,46422.25
2013-07-18,5.5,5.56,5.64,5.4,51725.82
2013-07-19,5.55,5.76,5.87,5.55,83515.08
2013-07-22,5.7,6.14,6.16,5.65,100982.23
2013-07-23,6.1,6.49,6.52,6.05,113170.58
2013-07-24,6.55,6.46,6.55,6.21,80362.81
2013-07-25,6.36,6.11,6.42,6.1,58022.6
2013-07-26,6.05,6.18,6.22,5.96,52757.9
2013-07-29,6.15,6.17,6.2,6.03,25255.57
2013-07-30,6.15,5.83,6.21,5.66,39689.67
2013-07-31,5.83,5.87,6.02,5.8,30059.83
2013-08-01,5.88,6.3,6.35,5.88,66166.15
2013-08-02,6.3,6.21,6.4,6.2,34475.63
2013-08-05,6.21,6.3,6.43,6.21,29537.75
2013-08-06,6.29,6.35,6.46,6.21,36767.71
2013-08-07,6.3,6.16,6.4,6.13,37655.9
2013-08-08,6.12,6.38,6.45,6.06,47438.97
2013-08-09,6.45,6.32,6.55,6.14,42420.46
2013-08-12,6.29,6.23,6.31,6.17,26603.94
2013-08-13,6.23,6.25,6.31,6.22,17868.44
2013-08-14,6.23,6.24,6.3,6.17,22035.13
2013-08-15,6.26,6.04,6.26,6.02,45887.77
2013-08-16,6.01,5.9,6.08,5.88,28135.87
2013-08-19,5.84,6.14,6.15,5.81,31680.25
2013-08-20,6.11,6.26,6.34,6.1,47643.76
2013-08-21,6.23,6.3,6.42,6.2,33976.1
2013-08-22,6.3,6.55,6.8,6.26,104587.41
2013-08-23,6.55,6.45,6.6,6.23,66021.67
2013-08-26,6.42,6.55,6.65,6.37,46287.41
2013-08-27,6.52,6.66,6.67,6.35,47715.47
2013-08-28,6.51,6.42,6.6,6.41,35936.34
2013-08-29,6.42,6.34,6.48,6.31,23907.55
2013-08-30,6.34,6.2,6.46,6.16,33288.33
2013-09-02,6.25,6.29,6.3,6.12,19906.28
2013-09-03,6.3,6.35,6.39,6.21,20988.8
2013-09-04,6.31,6.29,6.34,6.23,17006.7
2013-09-05,6.22,6.2,6.33,6.2,17519.14
2013-09-06,6.2,6.31,6.34,6.16,20788.87
2013-09-09,6.33,6.32,6.42,6.3,23007.71
2013-09-10,6.32,6.22,6.33,6.18,36126.94
2013-09-11,6.26,6.03,6.27,6.03,34109.61
2013-09-12,6.03,6.17,6.2,6.03,21720.62
2013-09-13,6.18,6.18,6.19,6.11,10464.98
2013-09-16,6.18,6.2,6.38,6.14,44673.6
2013-09-17,6.24,6.02,6.24,6.02,23411.48
2013-09-18,6.02,6.2,6.21,5.99,19106.33
2013-09-23,6.19,6.28,6.31,6.18,22641.54
2013-09-24,6.28,6.28,6.28,6.21,15696.45
2013-09-25,6.28,6.11,6.28,6.09,30178.59
2013-09-26,6.1,6.07,6.15,6.04,16463.51
2013-09-27,6.07,6.06,6.11,6.04,13077.89
2013-09-30,6.05,6.07,6.12,6.04,16123.08
2013-10-08,6.08,6.24,6.25,6.05,31292.28
2013-10-09,6.24,6.39,6.39,6.18,38323.6
2013-10-10,6.39,6.34,6.41,6.28,30815.65
2013-10-11,6.33,6.48,6.53,6.33,50335.38
2013-10-14,6.48,6.45,6.55,6.4,27353.71
2013-10-15,6.46,6.37,6.47,6.26,32771.03
2013-10-16,6.37,6.56,6.8,6.34,128656.72
2013-10-17,6.59,6.43,6.65,6.3,61492.45
2013-10-18,6.39,6.52,6.57,6.37,31818.44
2013-10-21,6.52,6.8,6.9,6.52,73716.98
2013-10-22,6.77,7.07,7.08,6.72,106257.89
2013-10-23,7.06,6.92,7.14,6.78,73011.94
2013-10-24,6.81,6.8,6.91,6.68,37535.76
2013-10-25,6.8,6.7,6.84,6.48,34541.95
2013-10-28,6.81,6.86,6.86,6.55,34817.22
2013-10-29,6.88,6.82,6.95,6.41,46725.83
2013-10-30,6.74,6.67,6.77,6.55,27993.64
2013-10-31,6.58,6.79,6.85,6.57,24831.54
2013-11-01,6.77,6.82,6.82,6.52,26102.33
2013-11-04,6.82,6.74,6.94,6.73,18819.97
2013-11-05,6.72,6.73,6.76,6.57,13366.48
2013-11-06,6.65,6.95,6.97,6.6,64061.55
2013-11-07,6.96,7.32,7.49,6.88,155631.92
2013-11-08,7.16,7.22,7.31,7.05,63677.0
2013-11-11,7.19,7.5,7.63,7.08,79225.84
2013-11-12,7.44,7.47,7.52,7.3,43687.76
2013-12-25,6.72,6.72,6.72,6.72,4836.0
2013-12-26,6.07,6.06,6.41,6.05,175162.48
2013-12-27,5.94,6.12,6.13,5.9,122958.1
2013-12-30,6.08,6.0,6.1,5.99,52846.59
2013-12-31,5.99,6.02,6.03,5.81,54645.07
2014-01-02,5.93,6.07,6.11,5.9,45147.97
2014-01-03,6.03,6.1,6.12,6.0,44752.65
2014-01-06,6.1,5.93,6.1,5.9,30198.11
2014-01-07,5.9,5.74,5.95,5.72,47637.83
2014-01-08,5.74,5.9,5.95,5.71,162768.55
2014-01-09,5.82,5.76,5.89,5.65,79104.95
2014-01-10,5.7,5.66,5.81,5.62,38417.64
2014-01-13,5.68,5.6,5.73,5.53,29170.46
2014-01-14,5.56,5.69,5.7,5.56,20048.87
2014-01-15,5.69,5.8,5.83,5.65,32183.87
2014-01-16,5.81,5.82,5.85,5.75,19601.29
2014-01-17,5.82,5.7,5.82,5.69,13744.39
2014-01-20,5.69,5.77,5.78,5.63,17120.96
2014-01-21,5.75,5.79,5.84,5.75,18764.63
2014-01-22,5.78,5.84,5.88,5.75,55778.63
2014-01-23,5.82,5.82,5.87,5.78,80120.47
2014-01-24,5.82,5.95,6.06,5.77,81709.21
2014-01-27,5.9,6.03,6.07,5.89,60978.27
2014-01-28,5.99,5.98,6.04,5.93,25055.14
2014-01-29,6.0,6.04,6.05,5.94,34078.35
2014-01-30,6.03,6.0,6.04,5.97,19967.21
2014-02-07,5.97,6.12,6.14,5.92,32424.84
2014-02-10,6.14,6.25,6.28,6.12,50442.73
2014-02-11,6.23,6.27,6.42,6.22,52840.13
2014-02-12,6.24,6.35,6.36,6.23,51441.04
2014-02-13,6.39,6.47,6.72,6.28,143904.53
2014-02-14,6.43,6.72,6.72,6.36,119985.17
2014-02-17,6.74,7.0,7.05,6.62,127647.84
2014-02-18,7.0,6.87,7.0,6.8,82027.48
2014-02-19,6.84,6.9,7.2,6.79,93473.94
2014-02-20,6.87,6.62,6.92,6.58,59895.33
2014-02-21,6.61,6.56,6.7,6.45,44438.56
2014-02-24,6.55,6.7,6.71,6.48,45732.35
2014-02-25,6.73,6.44,6.87,6.36,57026.11
2014-02-26,6.41,6.53,6.53,6.34,36310.83
2014-02-27,6.53,6.41,6.7,6.39,35454.59
2014-02-28,6.38,6.59,6.63,6.38,33477.16
2014-03-03,6.6,6.75,6.78,6.58,37872.08
2014-03-04,6.69,6.8,6.8,6.64,43287.92
2014-03-05,6.84,6.67,6.85,6.65,41444.89
2014-03-06,6.66,6.63,6.7,6.51,28254.03
2014-03-07,6.61,6.51,6.69,6.47,27178.57
2014-03-10,6.5,6.15,6.5,6.15,32390.23
2014-03-11,6.11,6.23,6.26,6.11,20440.13
2014-03-12,6.22,6.3,6.31,6.18,23597.12
2014-03-13,6.28,6.43,6.55,6.28,21768.84
2014-03-14,6.4,6.59,6.61,6.37,35112.54
2014-03-17,6.57,6.63,6.65,6.5,18349.99
2014-03-18,6.65,6.53,6.67,6.5,45624.9
2014-03-19,6.51,6.55,6.6,6.39,31343.06
2014-03-20,6.53,6.47,6.7,6.47,44538.55
2014-03-21,6.39,6.57,6.6,6.27,43430.62
2014-03-24,6.58,6.67,6.72,6.53,43672.52
2014-03-25,6.66,6.71,6.77,6.61,34334.89
2014-03-26,6.7,6.77,6.78,6.62,25477.99
2014-03-27,6.77,6.78,6.95,6.74,61904.75
2014-03-28,6.75,6.48,6.77,6.38,34441.0
2014-03-31,6.44,6.51,6.52,6.4,20903.49
2014-04-01,6.5,6.54,6.54,6.46,19026.05
2014-04-02,6.52,6.51,6.56,6.49,18030.26
2014-04-03,6.48,6.55,6.57,6.47,17056.71
2014-04-04,6.54,6.59,6.59,6.49,19009.18
2014-04-08,6.57,6.65,6.83,6.53,61498.21
2014-04-09,6.63,6.87,6.93,6.63,99539.14
2014-04-10,6.76,6.78,6.87,6.71,64838.65
2014-04-11,6.77,6.73,6.79,6.65,34898.45
2014-04-14,6.7,6.91,6.91,6.7,43215.77
2014-04-15,6.95,6.82,6.95,6.8,33139.14
2014-04-16,6.8,6.88,6.91,6.75,35866.53
2014-04-17,6.88,7.09,7.15,6.88,73678.96
2014-04-18,7.07,7.09,7.25,7.01,73270.12
2014-04-21,7.03,6.99,7.23,6.99,57817.18
2014-04-22,6.92,6.9,7.04,6.75,41997.73
2014-04-23,6.88,6.92,6.99,6.84,24254.07
2014-04-24,6.87,6.73,6.92,6.73,29625.09
2014-04-25,6.74,6.49,6.75,6.49,31515.14
2014-04-28,6.54,6.24,6.54,6.19,29798.84
2014-04-29,6.26,6.4,6.45,6.2,19432.19
2014-04-30,6.38,6.51,6.63,6.35,15617.49
2014-05-05,6.48,6.63,6.68,6.44,22253.49
2014-05-06,6.63,6.61,6.71,6.59,15617.58
2014-05-07,6.58,6.54,6.66,6.4,14985.01
2014-05-08,6.47,6.54,6.65,6.47,10587.1
2014-05-09,6.52,6.58,6.61,6.48,10452.15
2014-05-12,6.6,6.75,6.78,6.6,22688.19
2014-05-13,6.72,6.66,6.85,6.61,21290.25
2014-05-14,6.68,6.85,6.93,6.68,32274.21
2014-05-15,6.85,6.76,6.91,6.74,24180.49
2014-05-16,6.72,6.94,6.99,6.69,44724.9
2014-05-19,6.88,6.94,7.09,6.83,48741.44
2014-05-20,6.97,7.1,7.11,6.9,49227.7
2014-05-21,7.08,7.05,7.13,6.99,32416.83
2014-05-22,7.08,7.0,7.12,6.93,40776.93
2014-05-23,7.02,6.96,7.19,6.95,63693.75
2014-05-26,6.91,6.99,7.09,6.9,38943.78
2014-05-27,7.0,7.14,7.15,6.91,50215.4
2014-05-28,7.11,7.11,7.21,7.08,28483.45
2014-05-29,7.06,7.05,7.23,7.04,44945.24
2014-05-30,7.05,7.34,7.44,7.02,81839.54
2014-06-03,7.29,7.23,7.41,7.2,41771.41
2014-06-04,7.23,7.05,7.3,7.02,47362.91
2014-06-05,7.02,7.52,7.55,7.02,83720.21
2014-06-06,7.48,7.56,7.63,7.38,57368.61
2014-06-09,7.53,7.28,7.53,7.24,61895.05
2014-06-10,7.28,7.4,7.44,7.25,43121.3
2014-06-11,7.38,7.38,7.46,7.32,35526.42
2014-06-12,7.38,7.35,7.49,7.22,46738.03
2014-06-13,7.35,7.44,7.56,7.34,49473.61
2014-06-16,7.43,7.43,7.57,7.36,41321.08
2014-06-17,7.4,7.33,7.4,7.31,27088.89
2014-06-18,7.32,7.35,7.45,7.32,32435.55
2014-06-19,7.35,7.36,7.68,7.3,71046.86
2014-06-20,7.34,7.38,7.44,7.13,36661.21
2014-06-23,7.38,7.61,7.66,7.34,62091.98
2014-06-24,7.6,7.78,7.8,7.51,62472.92
2014-06-25,7.8,7.75,7.9,7.6,51978.26
2014-06-26,7.75,7.81,7.94,7.67,38263.19
2014-06-27,7.88,8.08,8.08,7.82,49385.76
2014-06-30,8.08,8.0,8.08,7.93,43671.23
2014-07-01,7.93,7.98,7.99,7.77,47883.85
2014-07-02,7.95,7.88,7.98,7.8,30982.2
2014-07-03,7.85,7.93,8.07,7.81,31190.16
2014-07-04,7.94,8.11,8.14,7.89,31671.16
2014-07-07,8.1,8.05,8.26,7.96,36450.5
2014-07-08,8.05,8.06,8.13,7.97,20685.28
2014-07-09,8.04,7.77,8.13,7.67,61781.2
2014-07-10,7.74,7.73,7.8,7.69,34603.8
2014-07-11,7.71,7.86,7.88,7.71,24500.46
2014-07-14,7.83,8.07,8.13,7.82,38162.45
2014-07-15,8.02,7.99,8.09,7.89,28080.06
2014-07-16,7.95,8.13,8.13,7.95,30976.76
2014-07-17,8.12,8.58,8.84,8.07,78392.54
2014-07-18,8.45,8.67,8.67,8.36,52256.77
2014-07-21,8.63,8.38,8.81,8.38,51681.23
2014-07-22,8.37,8.39,8.49,8.32,27991.59
2014-07-23,8.38,8.31,8.6,8.26,39413.51
2014-07-24,8.35,8.03,8.38,7.94,42981.61
2014-07-25,8.02,8.04,8.1,7.99,25674.45
2014-07-28,8.06,8.1,8.24,7.99,33022.13
2014-07-29,8.08,8.35,8.36,8.05,34632.3
2014-07-30,8.3,8.34,8.43,8.22,27333.2
2014-07-31,8.3,8.33,8.39,8.27,20976.45
2014-08-01,8.35,8.38,8.57,8.27,36795.63
2014-08-04,8.35,8.44,8.47,8.3,21223.78
2014-08-05,8.44,8.31,8.46,8.24,33260.91
2014-08-06,8.33,8.54,8.54,8.33,35278.17
2014-08-07,8.5,8.42,8.64,8.4,25938.16
2014-08-08,8.5,8.64,8.69,8.4,29432.13
2014-08-11,8.63,8.66,8.67,8.49,34190.6
2014-08-12,8.63,8.81,8.9,8.61,40483.13
2014-08-13,8.79,8.79,8.86,8.61,29622.04
2014-08-14,8.75,8.75,8.83,8.68,26460.45
2014-08-15,8.75,8.89,8.97,8.69,31385.7
2014-08-18,8.89,9.19,9.28,8.82,56591.62
2014-08-19,9.13,9.19,9.26,9.07,31776.41
2014-08-20,9.22,9.1,9.26,9.08,23382.14
2014-08-21,9.08,9.12,9.15,8.98,24710.93
2014-08-22,9.12,9.45,9.46,9.02,37237.77
2014-08-25,9.38,9.8,9.91,9.29,49072.78
2014-08-26,9.75,9.4,9.89,9.37,47973.65
2014-08-27,9.37,10.12,10.29,9.31,72334.41
2014-08-28,10.08,10.2,10.45,9.88,52726.07
2014-08-29,10.2,10.22,10.49,10.08,34166.27
2015-02-02,11.24,11.24,11.24,11.24,4721.7
2015-02-03,12.36,11.65,12.36,10.32,382822.34
2015-02-04,10.7,10.91,11.45,10.62,184011.64
2015-02-05,10.95,10.51,11.03,10.51,114515.15
2015-02-06,10.5,11.56,11.56,10.42,156546.27
2015-02-09,11.93,12.72,12.72,11.77,283131.67
2015-02-10,12.17,12.25,12.41,11.5,185846.67
2015-02-11,12.4,12.6,12.68,12.02,133237.01
2015-02-12,12.39,12.21,12.48,12.04,100614.27
2015-02-13,12.22,12.09,12.55,12.03,86142.46
2015-02-16,12.26,12.22,12.26,11.9,83928.3
2015-02-17,12.2,12.4,12.48,12.02,136683.62
2015-02-25,12.35,13.64,13.64,12.1,177536.82
2015-02-26,13.37,13.18,13.86,13.0,121130.47
2015-02-27,13.23,13.17,13.42,13.06,68853.23
2015-03-02,13.9,13.29,13.9,13.13,116520.28
2015-03-03,13.38,13.29,13.53,12.5,142974.01
2015-03-04,13.0,13.11,13.19,12.82,65280.27
2015-03-05,13.0,13.0,13.13,12.62,67051.33
2015-03-06,12.9,12.9,13.09,12.72,42031.81
2015-03-09,12.93,13.27,13.36,12.82,72626.0
2015-03-10,13.3,13.08,13.5,13.06,49761.35
2015-03-11,13.0,13.48,13.49,12.9,74387.79
2015-03-12,13.46,12.98,13.46,12.9,50589.54
2015-03-13,13.0,12.85,13.08,12.66,50059.53
2015-03-16,12.88,13.24,13.24,12.7,60701.0
2015-03-17,13.24,14.24,14.55,13.23,129858.98
2015-03-18,14.3,14.2,14.59,14.1,74535.58
2015-03-19,14.35,14.26,14.6,14.11,69593.79
2015-03-20,14.43,14.35,14.5,14.15,60933.39
2015-03-23,14.35,14.35,14.52,14.25,75780.52
2015-03-24,14.25,14.01,14.41,13.54,69312.53
2015-03-25,14.1,14.18,14.46,13.78,56486.55
2015-03-26,14.0,13.75,14.08,13.68,62379.05
2015-03-27,13.75,14.09,14.16,13.61,43314.98
2015-03-30,13.96,14.2,14.45,13.96,58375.28
2015-03-31,14.1,14.25,14.38,13.87,46580.71
2015-04-01,14.25,14.85,15.2,14.21,62737.74
2015-04-02,14.85,15.98,16.13,14.7,101359.29
2015-04-03,15.6,15.98,16.49,15.6,79243.95
2015-04-07,15.99,15.7,16.23,15.6,86323.67
2015-04-08,15.8,16.45,16.47,15.11,124639.02
2015-04-09,16.45,15.76,16.61,15.6,87877.45
2015-04-10,15.5,15.88,16.28,14.8,69730.32
2015-04-13,15.87,15.95,16.29,15.62,81894.63
2015-04-14,15.97,15.39,15.97,15.2,102128.09
2015-04-15,15.2,14.6,15.33,14.39,71742.77
2015-04-16,14.15,14.6,15.2,14.15,74696.69
2015-04-17,14.67,14.49,14.97,14.39,87461.76
2015-04-20,14.28,14.05,14.9,13.7,96455.25
2015-04-21,14.11,14.45,14.63,14.07,58273.43
2015-04-22,14.53,14.84,14.85,14.41,91683.84
2015-04-23,14.76,14.5,14.76,14.0,147300.28
2015-04-24,14.35,15.18,15.33,14.08,140712.25
2015-05-05,13.66,13.75,14.57,13.66,363758.58
2015-05-06,13.5,13.34,13.9,13.31,155028.64
2015-05-07,13.37,13.53,13.81,13.2,103566.25
2015-05-08,13.6,13.99,14.15,13.6,93674.64
2015-05-11,14.25,14.89,14.97,14.0,169573.49
2015-05-12,14.75,15.88,15.99,14.75,174830.84
2015-05-13,15.69,16.1,16.48,15.5,137414.44
2015-05-14,16.1,17.28,17.71,16.1,153636.9
2015-05-15,17.28,19.01,19.01,16.61,240506.06
2015-05-18,18.89,18.19,18.89,17.94,188599.26
2015-05-19,18.0,18.3,19.0,18.0,111995.21
2015-05-20,18.5,19.06,19.89,18.3,116872.8
2015-05-21,19.11,19.18,19.65,18.66,91664.84
2015-05-22,19.25,18.91,19.51,18.81,63866.03
2015-07-17,17.02,17.02,17.02,17.02,3796.0
2015-07-20,15.32,15.76,16.99,15.32,599723.21
2015-07-21,15.3,16.1,16.27,15.0,272477.07
2015-07-22,15.91,15.73,16.28,15.3,144336.2
2015-07-23,15.7,16.72,17.3,15.3,191350.81
2015-07-24,16.5,16.76,17.49,16.25,158991.64
2015-07-27,16.52,15.51,17.82,15.19,178635.43
2015-07-28,14.0,14.9,15.96,14.0,106747.38
2015-07-29,16.39,16.39,16.39,16.06,81621.5
2015-07-30,17.22,16.97,17.7,16.68,179795.13
2015-07-31,16.31,16.72,17.56,16.29,104533.27
2015-08-03,16.58,16.24,17.36,16.21,80683.17
2015-08-04,16.01,17.86,17.86,16.01,140490.9
2015-08-05,17.84,18.5,18.51,17.37,116811.1
2015-08-06,18.4,18.02,18.92,17.6,119784.31
2015-08-07,18.14,19.69,19.82,18.1,151428.74
2016-01-13,17.81,18.0,20.86,17.72,227993.03
2016-01-14,16.87,17.7,18.78,16.75,156374.72
2016-01-15,17.87,19.47,19.47,17.6,222589.03
2016-01-18,18.78,21.42,21.42,18.53,223845.4
2016-01-19,21.66,22.85,23.5,20.7,217036.87
2016-01-20,22.41,22.9,23.78,21.85,169542.92
2016-01-21,22.1,20.61,22.6,20.61,142041.75
2016-01-22,21.2,20.28,21.32,19.18,122244.63
2016-01-25,20.41,20.0,21.39,19.7,97466.16
2016-01-26,19.98,18.96,21.17,18.88,134508.32
2016-01-27,19.04,18.13,19.5,17.06,127363.38
2016-01-28,17.5,16.32,17.8,16.32,81390.7
2016-01-29,15.84,16.78,17.35,15.24,95569.2
2016-02-01,16.89,16.18,17.37,15.49,55240.15
2016-02-02,16.16,17.18,17.4,16.16,72183.52
2016-02-03,16.91,16.84,17.12,16.4,43742.41
2016-02-04,17.08,17.48,17.78,17.0,63951.66
2016-02-05,17.52,17.5,18.18,17.23,61447.92
2016-02-15,16.75,17.07,17.39,16.2,42811.94
2016-02-16,17.01,17.99,18.12,17.01,64918.29
2016-02-17,18.4,18.07,18.59,17.5,71466.72
2016-02-18,18.07,19.39,19.88,18.04,130002.24
2016-02-19,19.02,19.12,19.39,18.82,65755.79
2016-02-22,19.41,19.36,19.6,19.08,57690.21
2016-02-23,19.36,18.78,19.54,18.21,52676.96
2016-02-24,18.49,18.7,18.88,18.0,45768.33
2016-02-25,18.69,16.83,18.71,16.83,45809.7
2016-02-26,16.78,15.61,16.8,15.38,66300.18
2016-02-29,15.64,15.29,16.0,14.05,63596.96
2016-03-01,14.9,15.5,15.6,14.81,34541.42
2016-03-02,15.37,16.66,16.7,15.37,38472.06
2016-03-03,16.67,16.5,17.65,16.38,48000.69
2016-03-04,16.5,16.11,16.98,15.76,31846.91
2016-03-07,16.05,16.49,16.77,16.05,17122.31
2016-03-08,16.49,16.69,16.9,15.39,26646.89
2016-03-09,16.02,16.03,16.57,15.8,19916.42
2016-03-10,16.33,15.69,16.47,15.6,20861.18
2016-03-11,15.51,15.52,15.98,15.07,16602.14
2016-03-14,15.57,16.44,16.59,15.57,31397.19
2016-03-15,16.36,16.18,16.55,16.18,26452.28
2016-03-16,16.8,16.85,17.28,16.45,45896.34
2016-03-17,16.85,17.25,17.38,16.52,42624.46
2016-03-18,17.25,17.8,18.18,17.18,53436.94
2016-03-21,17.94,18.6,18.97,17.76,58726.38
2016-03-22,18.3,18.57,19.14,18.1,40380.26
2016-03-23,18.49,18.3,19.08,18.07,28739.85
2016-03-24,18.3,18.24,18.81,17.87,44354.24
2016-03-25,18.0,18.25,18.37,17.9,22413.89
2016-03-28,18.38,18.28,19.07,18.1,46014.18
2016-03-29,18.28,17.8,18.38,17.54,27386.06
2016-03-30,17.91,18.61,18.7,17.91,24549.9
2016-03-31,18.7,19.12,19.3,18.4,56153.49
2016-04-01,19.13,19.1,19.32,18.35,33832.78
2016-04-05,19.13,19.48,19.55,18.6,39296.77
2016-04-06,19.25,19.45,19.96,19.15,33337.31
2016-04-07,19.45,19.25,19.72,18.8,43809.9
2016-04-08,19.2,19.49,19.95,18.88,54423.76
2016-04-11,19.76,20.95,20.95,19.68,60950.66
2016-04-12,20.8,20.99,21.29,20.51,53301.76
2016-04-13,21.02,21.0,21.26,20.8,43811.18
2016-04-14,21.0,21.59,22.2,20.9,44787.61
2016-04-15,21.25,21.3,21.67,21.0,30682.0
2016-04-18,21.05,21.82,22.39,20.22,50853.18
2016-04-19,21.83,23.01,23.04,21.6,53886.26
2016-04-20,23.01,22.08,23.4,21.0,65629.88
2016-04-21,21.6,21.82,22.49,21.0,40188.83
2016-04-22,21.75,21.65,21.98,21.2,26804.75
2016-04-25,21.79,21.86,22.0,20.63,29716.04
2016-04-26,21.61,22.85,22.97,21.61,40912.9
2016-04-27,23.09,23.9,24.44,22.92,63743.37
2016-04-28,23.87,24.0,24.87,23.4,52763.62
2016-04-29,23.52,24.2,24.39,23.52,24184.82
2016-05-03,24.26,24.26,24.7,23.7,41647.29
2016-05-04,23.94,23.14,24.3,23.11,46274.15
2016-05-05,22.94,24.45,24.45,22.85,59590.89
2016-05-06,24.5,23.45,24.58,23.37,47914.04
2016-05-09,23.0,21.11,23.39,21.11,48290.49
2016-05-10,21.07,21.12,21.4,20.11,30051.36
2016-05-11,21.35,20.47,21.97,20.47,21400.01
2016-05-12,19.8,19.38,19.8,18.85,32052.02
2016-05-13,19.42,19.96,21.18,19.37,41408.45
2016-05-16,20.1,21.5,21.5,20.0,34258.86
2016-05-17,21.64,21.3,21.9,21.2,25036.99
2016-05-18,21.38,20.78,21.45,20.3,18105.79
2016-05-19,21.35,21.08,21.77,20.96,21828.46
2016-05-20,20.45,20.9,21.07,20.36,16031.57
2016-05-23,20.89,21.33,22.22,20.55,20356.75
2016-05-24,21.01,21.38,21.56,20.87,11555.3
2016-05-25,21.6,21.39,21.79,21.16,12443.19
2016-05-26,21.23,21.54,21.65,20.89,17227.03
2016-05-27,21.48,21.56,21.66,21.39,17214.58
2016-05-30,21.31,21.9,21.99,20.91,8642.01
2016-05-31,21.91,23.14,23.38,21.8,35324.29
2016-06-01,23.03,22.97,24.66,22.71,87819.35
2016-06-02,22.89,22.73,23.16,22.25,28776.44
2016-06-03,22.5,22.56,22.85,22.3,21045.51
2016-06-06,22.57,23.0,23.08,22.32,28279.79
2016-06-07,23.0,22.6,23.0,22.4,16012.01
2016-06-08,22.46,22.76,22.98,21.36,28200.82
2016-06-13,22.79,22.4,23.18,22.39,28605.55
2016-06-14,22.5,22.05,22.89,21.36,24444.38
2016-06-15,21.51,22.88,23.0,21.45,21198.93
2016-06-16,22.8,22.14,22.99,22.01,18464.53
2016-06-17,22.42,22.37,22.75,22.13,15278.67
2016-06-20,22.33,21.66,22.41,21.5,16363.28
2016-06-21,19.5,19.78,20.86,19.5,84138.35
2016-06-22,19.6,21.16,21.68,18.59,64078.3
2016-06-23,20.93,20.85,21.07,20.32,24111.12
2016-06-24,20.11,20.14,20.93,19.65,23093.48
2016-06-27,20.13,20.61,20.73,19.91,17588.2
2016-06-28,20.61,20.63,20.95,20.3,20892.97
2016-06-29,20.53,22.32,22.52,20.35,58736.26
2016-06-30,22.55,22.0,23.01,22.0,92032.03
2016-07-01,22.2,21.74,22.25,21.03,29602.01
2016-07-04,21.27,22.99,23.11,21.25,47618.09
2016-07-05,22.88,22.6,22.98,22.25,38178.6
2016-07-06,22.39,21.85,22.4,21.57,45265.08
2016-07-07,21.79,20.89,21.79,20.7,68988.01
2016-07-08,20.96,21.29,21.5,20.89,31127.65
2016-07-11,21.29,21.19,21.34,20.8,20264.19
2016-07-12,21.05,20.84,21.19,20.33,22001.51
2016-07-13,20.83,21.55,21.78,20.55,26516.01
2016-07-14,21.58,21.58,21.7,20.9,25037.76
2016-07-15,21.57,21.59,21.85,20.57,56950.87
2016-07-18,21.19,20.24,21.2,20.15,48774.29
2016-07-19,20.2,20.25,20.45,19.99,46051.67
2016-07-20,20.45,20.88,21.98,20.12,112872.57
2016-07-21,20.7,20.2,20.9,20.19,76557.11
2016-07-22,20.3,20.4,20.89,20.16,52219.0
2016-07-25,20.19,20.24,20.67,20.15,33806.9
2016-07-26,20.32,20.45,20.56,20.2,21575.59
2016-07-27,20.52,19.18,20.52,19.01,77464.82
2016-07-28,19.18,19.17,19.44,18.98,24723.66
2016-07-29,19.2,19.2,19.36,19.0,18788.56
2016-08-01,19.1,19.1,19.38,18.55,22480.96
2016-08-02,19.0,19.09,19.29,18.92,16596.37
2016-08-03,19.09,19.11,19.24,18.9,24739.3
2016-08-04,19.12,19.23,19.35,18.99,21660.5
2016-08-05,19.29,19.26,19.35,19.11,11863.61
2016-08-08,19.3,19.39,19.49,19.21,19190.14
2016-08-09,19.3,19.56,19.74,19.21,16211.66
2016-08-10,19.56,19.39,19.78,19.32,13610.35
2016-08-11,19.39,19.49,19.53,19.18,17791.9
2016-08-12,19.3,19.5,19.55,19.3,14986.62
2016-08-15,19.65,19.91,20.12,19.61,30253.57
2016-08-16,19.88,20.03,20.13,19.81,20276.18
2016-08-17,20.03,20.03,20.18,20.0,16810.22
2016-08-18,20.01,20.09,20.58,19.95,38849.37
2016-08-19,20.08,20.55,20.76,20.0,34249.18
2016-08-22,20.57,20.07,20.78,20.05,19281.0
2016-08-23,20.08,19.87,20.22,19.68,20558.53
2016-08-24,19.84,20.06,20.22,19.8,13181.42
2016-08-25,20.22,20.17,20.28,19.2,15971.85
2016-08-26,20.23,20.16,20.45,20.02,11744.65
2016-08-29,20.15,20.0,20.36,19.9,21116.67
2016-08-30,19.93,19.94,20.18,19.9,11424.23
2016-08-31,19.95,19.69,20.05,19.65,14013.48
2016-09-01,19.71,19.89,20.3,19.71,20120.54
2016-09-02,19.9,20.12,20.23,19.86,15454.77
2016-09-05,20.19,19.94,20.35,19.9,17608.59
2016-09-06,19.94,20.29,20.37,19.8,22477.88
2016-09-07,20.28,20.41,20.63,20.26,24826.45
2016-09-08,20.21,20.62,20.63,20.2,24553.37
2016-09-09,20.6,20.88,21.18,20.55,29079.63
2016-09-12,20.59,20.87,21.05,20.2,28971.68
2016-09-13,20.92,20.78,21.04,20.43,22992.0
2016-09-14,20.56,20.33,20.7,20.2,16279.0
2016-09-19,20.39,20.85,20.92,20.12,28796.01
2016-09-20,20.68,20.85,20.95,20.68,19910.99
2016-09-21,20.84,20.79,20.87,20.51,21984.06
2016-09-22,20.86,21.55,21.55,20.75,57014.62
2016-09-23,21.58,22.08,22.5,21.58,68188.8
2016-09-26,22.06,21.8,22.44,21.43,37922.33
2016-09-27,21.8,21.95,22.09,21.47,20145.47
2016-09-28,21.95,21.61,21.95,21.39,23258.21
2016-09-29,21.61,21.91,22.1,21.6,18098.75
2016-09-30,21.97,22.35,22.5,21.61,26384.63
2016-10-10,22.29,22.5,22.99,22.29,48743.12
2016-10-11,22.53,22.5,22.65,22.22,29278.41
2016-10-12,22.46,22.5,22.88,22.27,38294.46
2016-10-13,22.5,22.29,22.57,22.21,22372.27
2016-10-14,22.11,22.23,22.39,21.76,30425.0
2016-10-17,22.11,22.63,23.24,22.11,56525.48
2016-10-18,22.68,22.69,23.16,22.62,64820.26
2016-10-19,22.85,22.8,22.95,22.3,39517.15
2016-10-20,22.76,22.7,22.84,22.6,20928.86
2016-10-21,22.7,22.78,23.11,22.55,27729.19
2016-10-24,22.78,22.7,22.8,22.37,30838.61
2016-10-25,22.85,23.07,23.3,22.62,39441.7
2016-10-26,23.25,23.13,23.53,22.92,35998.0
2016-10-27,23.17,23.0,23.5,22.95,26321.57
2016-10-28,22.81,22.35,23.07,22.0,33000.79
2016-10-31,22.16,23.07,23.1,22.09,39557.11
2016-11-01,23.11,23.13,23.7,22.81,48785.54
2016-11-02,22.95,22.8,23.33,22.6,25224.39
2016-11-03,22.78,22.75,23.05,22.51,26152.96
2016-11-04,22.6,22.51,22.94,22.5,16714.53
2016-11-07,22.56,23.26,23.26,22.5,26556.12
2016-11-08,23.3,23.59,24.0,23.0,64337.86
2016-11-09,23.8,23.67,24.15,23.18,45986.83
2016-11-10,23.94,24.05,24.45,23.7,44912.97
2016-11-11,24.02,24.05,24.14,23.7,30401.83
2016-11-14,24.0,24.06,24.86,23.88,70039.88
2016-11-15,24.09,24.22,24.62,23.89,38435.65
2016-11-16,24.36,24.16,24.57,23.99,29101.49
2016-11-17,24.16,24.42,24.48,23.5,33484.13
2016-11-18,24.33,23.6,24.45,23.55,41576.95
2016-11-21,22.3,22.49,22.99,22.0,101862.64
2016-11-22,22.23,22.65,22.9,22.09,64064.5
2016-11-23,22.63,22.6,22.89,22.09,47250.4
2016-11-24,22.51,22.19,22.59,22.09,57433.38
2016-11-25,22.11,21.56,22.3,21.33,45800.45
2016-11-28,21.52,22.37,22.8,21.36,64341.75
2016-11-29,22.2,21.94,22.59,21.93,33527.94
2016-11-30,21.79,22.25,22.49,21.79,35422.25
2016-12-01,22.14,22.3,22.46,22.13,21846.58
2016-12-02,22.17,22.53,22.56,22.02,34673.19
2016-12-05,22.35,21.9,22.99,21.72,35470.37
2016-12-06,22.22,22.15,22.37,21.8,24945.91
2016-12-07,22.29,22.35,22.4,21.97,18314.1
2016-12-08,22.33,22.32,22.53,22.12,17383.53
2016-12-09,22.29,21.98,22.37,21.95,15029.06
2016-12-12,21.94,20.61,21.95,20.03,83229.97
2016-12-13,20.3,20.8,21.18,19.88,29451.93
2016-12-14,20.82,20.51,20.92,20.46,20393.94
2016-12-15,20.51,20.42,20.79,20.14,16093.64
2016-12-16,20.3,20.48,20.58,20.3,19460.63
2016-12-19,20.45,20.79,20.95,20.15,22910.23
2016-12-20,20.78,20.9,20.95,20.51,22547.2
2016-12-21,21.09,21.29,21.32,20.85,15619.9
2016-12-22,21.36,22.21,22.64,21.22,37432.9
2016-12-23,22.05,22.45,22.6,21.92,22135.62
2016-12-26,21.02,21.8,22.38,21.02,29191.49
2016-12-27,21.8,21.59,21.98,21.38,13659.07
2016-12-28,21.42,21.37,21.68,21.31,10515.36
2016-12-29,21.63,21.34,21.73,21.34,8770.29
2016-12-30,21.35,21.3,21.57,21.19,9246.57
2017-01-03,21.49,21.28,21.49,21.2,13463.28
2017-01-04,21.2,21.56,21.56,21.03,15350.11
2017-01-05,21.59,21.84,22.1,21.56,22889.85
2017-01-06,21.65,21.65,21.9,21.62,9334.64
2017-01-09,21.5,21.12,21.76,20.68,23431.45
2017-01-10,21.02,21.15,21.24,20.9,13117.5
2017-01-11,21.0,20.75,21.18,20.71,18581.15
2017-01-12,20.67,20.15,20.87,19.92,36143.85
2017-01-13,20.16,21.28,21.28,20.12,65890.64
2017-03-20,20.0,19.15,20.2,19.15,117860.66
2017-03-21,18.9,19.46,19.99,18.7,89453.78
2017-03-22,19.23,19.09,19.5,18.85,31394.79
2017-03-23,19.09,19.2,19.4,18.7,22613.33
2017-03-24,19.2,19.06,19.23,18.85,19278.88
2017-03-27,19.0,19.45,19.45,18.9,28387.64
2017-03-28,19.41,19.3,19.67,19.27,16044.7
2017-03-29,19.3,19.21,19.36,19.01,13808.01
2017-03-30,19.23,18.99,19.23,18.89,23321.74
2017-03-31,18.99,19.4,19.46,18.53,15829.75
2017-04-05,19.41,19.59,19.65,19.4,15574.05
2017-04-06,19.05,19.61,19.63,19.05,16489.48
2017-04-07,19.66,19.68,19.69,19.56,14451.31
2017-04-10,19.63,19.36,19.63,18.88,19188.19
2017-04-11,19.08,19.08,19.18,18.66,18725.82
2017-04-12,19.19,18.87,19.19,18.81,6060.68
2017-04-13,19.03,19.01,19.05,18.83,8961.96
2017-04-14,19.07,18.37,19.2,18.01,20675.14
2017-04-17,18.3,17.39,18.45,17.39,13404.01
2017-04-18,17.39,17.96,18.06,17.28,21085.33
2017-04-19,17.68,17.41,18.03,16.6,12351.62
2017-04-20,17.3,17.99,18.13,16.48,21499.37
2017-04-21,17.81,17.55,17.88,17.43,10332.86
2017-04-24,17.54,16.65,17.54,16.52,8334.54
2017-04-25,16.3,16.99,16.99,16.26,17388.5
2017-04-26,16.88,16.35,17.1,16.05,32946.23
2017-04-27,16.28,16.35,16.44,15.22,56010.78
2017-04-28,16.01,16.39,16.44,15.92,18783.77
2017-05-02,16.45,16.72,16.8,16.3,12733.0
2017-05-03,16.88,17.95,18.39,16.85,38325.63
2017-05-04,17.84,18.0,18.49,17.82,20858.38
2017-05-05,18.0,17.76,18.09,17.71,10781.8
2017-05-08,17.69,18.35,18.48,17.69,19510.88
2017-05-09,18.23,18.71,18.75,18.08,16586.97
2017-05-10,18.69,18.28,18.79,18.2,9899.01
2017-05-11,18.28,17.9,18.48,17.5,12456.86
2017-05-12,17.61,18.89,19.19,17.61,21834.81
2017-05-15,18.84,19.2,19.29,18.81,16441.48
2017-05-16,19.14,19.23,19.3,18.97,15136.88
2017-05-17,19.1,19.15,19.3,19.03,10190.07
2017-05-18,19.15,19.68,19.9,18.92,18480.38
2017-05-19,19.69,20.01,20.08,19.5,13766.76
2017-05-22,19.94,19.98,20.68,19.89,23490.64
2017-05-23,19.93,19.26,20.27,19.22,19923.49
2017-05-24,19.26,19.39,19.76,18.8,7973.94
2017-05-25,19.37,18.92,19.7,18.68,12834.13
2017-05-26,19.35,19.85,19.96,19.07,11521.61
2017-05-31,19.84,18.29,20.1,17.87,20347.3
2017-06-01,18.02,17.2,18.45,17.2,14712.19
2017-06-02,17.48,17.19,17.48,16.5,18857.93
2017-06-05,17.28,17.26,17.47,17.03,9544.2
2017-06-06,17.32,17.21,17.37,17.02,6310.73
2017-06-07,17.42,18.09,18.09,17.11,16093.72
2017-06-08,18.1,18.44,18.6,18.09,7809.5
2017-06-09,18.56,18.18,18.59,18.11,4655.81
2017-06-12,18.1,17.95,18.19,17.31,8468.75
2017-06-13,17.64,18.42,18.72,17.64,7983.0
2017-06-14,18.34,18.38,18.67,18.3,4109.42
2017-06-15,18.43,18.48,18.52,18.28,4623.53
2017-06-16,18.55,19.21,20.33,18.33,20057.6
2017-06-19,19.5,19.06,19.6,18.82,8655.6
2017-06-20,19.06,19.03,19.3,18.85,5721.2
2017-06-21,19.04,19.02,19.2,18.8,4637.51
2017-06-22,19.01,18.77,19.01,18.7,5369.15
2017-06-23,18.77,18.62,18.94,18.32,5553.39
2017-06-26,18.9,19.12,19.22,18.6,6451.02
2017-06-27,19.15,19.53,19.77,18.9,22701.25
2017-06-28,19.5,19.61,19.77,19.4,15064.76
2017-06-29,19.61,19.63,19.74,19.38,14221.68
2017-06-30,19.66,19.58,19.68,19.49,7187.0
2017-07-03,19.58,19.78,19.9,19.15,14765.34
2017-07-04,19.77,20.25,20.39,19.51,27609.09
2017-07-05,20.06,20.4,20.65,20.03,19540.94
2017-07-06,20.1,21.1,21.1,20.1,25706.99
2017-07-07,21.09,21.35,21.44,21.0,23265.91
2017-07-10,21.54,20.91,22.35,20.79,36287.0
2017-07-11,21.08,21.21,21.5,20.75,22111.03
2017-07-12,21.02,21.4,21.41,21.02,17766.89
2017-07-13,21.45,22.32,22.45,21.15,27680.84
2017-07-14,22.32,22.25,22.69,22.13,19192.09
2017-07-17,21.97,21.75,22.35,21.38,24190.82
2017-07-18,21.55,21.93,22.21,21.5,12619.83
2017-07-19,21.83,22.14,22.26,21.73,11296.5
2017-07-20,22.15,21.9,22.29,21.87,11361.77
2017-07-21,21.87,21.7,22.15,21.2,14682.79
2017-07-24,21.62,21.43,21.96,21.35,12487.5
2017-07-25,21.5,20.41,21.67,20.38,20703.05
2017-07-26,20.4,20.62,20.82,19.98,16076.79
2017-07-27,20.43,21.32,21.39,20.43,14528.21
2017-07-28,21.5,21.8,21.8,21.32,11996.85
2017-07-31,21.8,21.37,21.9,21.15,9059.37
2017-08-01,21.47,21.91,22.03,21.22,15367.71
2017-08-02,21.91,21.53,21.91,21.35,7954.52
2017-08-03,21.29,21.05,21.5,20.92,8481.0
2017-08-04,20.98,21.08,21.29,20.7,4024.53
2017-08-07,21.0,21.25,21.65,20.93,7601.0
2017-08-08,21.0,21.2,21.45,21.0,4571.0
2017-08-09,21.13,21.12,21.3,21.04,3286.01
2017-08-10,21.2,20.96,21.3,20.95,3906.94
2017-08-11,20.81,21.15,21.2,20.55,6744.09
2017-08-14,21.19,21.0,21.19,20.8,4513.52
2017-08-15,21.0,20.9,21.08,20.81,4536.52
2017-08-16,20.9,20.61,20.9,20.28,7851.0
2017-08-17,20.7,20.54,20.9,20.01,7731.87
2017-08-18,20.13,20.48,20.6,20.13,3913.01
2017-08-21,20.48,20.69,20.72,20.31,4351.98
2017-08-22,20.85,20.19,20.85,20.19,6021.67
2017-08-23,20.21,19.9,20.35,19.5,13970.84
2017-08-24,19.7,19.81,19.95,19.7,4240.0
2017-08-25,19.81,20.23,20.4,19.75,7280.14
2017-08-28,20.5,21.05,21.21,20.36,17529.72
2017-08-29,21.21,21.64,21.73,21.05,26176.8
2017-08-30,21.87,21.38,21.87,21.13,11011.98
2017-08-31,21.56,21.6,22.01,21.23,14494.81
2017-09-01,21.6,21.37,21.71,21.2,8654.29
2017-09-04,21.16,21.06,21.64,20.5,9353.32
2017-09-05,21.06,21.6,21.6,20.91,17466.34
2017-09-06,21.57,21.71,21.88,21.32,14286.5
2017-09-07,21.7,21.49,21.86,21.42,9663.21
2017-09-08,21.69,21.88,21.88,21.22,12309.18
2017-09-11,22.17,21.75,22.17,21.61,11761.6
2017-09-12,21.51,21.64,21.97,21.37,6828.01
2017-09-13,21.41,21.39,21.64,21.26,6857.0
2017-09-14,21.45,21.3,21.53,21.19,5980.0
2017-09-15,21.09,21.08,21.38,20.81,6979.0
2017-09-18,21.06,20.29,21.06,20.1,14670.98
2017-09-19,20.14,19.97,20.34,19.55,16113.44
2017-09-20,19.99,19.88,20.01,19.5,14041.58
2017-09-21,19.6,19.3,19.9,19.3,12461.14
2017-09-22,19.36,21.03,21.18,19.3,29901.42
2017-09-25,20.95,19.84,20.99,19.21,19824.2
2017-09-26,20.0,19.65,20.1,19.31,10350.0
2017-09-27,19.56,19.91,20.14,19.42,10718.3
2017-09-28,19.97,19.81,20.14,19.62,7037.94
2017-09-29,19.64,20.1,20.18,19.55,8637.85
2017-10-09,20.0,20.27,20.64,20.0,7143.87
2017-10-10,20.25,20.42,20.55,20.06,10114.34
2017-10-11,20.59,20.37,20.59,20.22,6456.41
2017-10-12,19.94,20.13,20.5,19.9,9314.14
2017-10-13,20.19,20.11,20.19,19.84,5559.01
2017-10-16,20.16,19.79,20.16,19.54,9938.02
2017-10-17,19.69,19.73,19.79,19.51,4933.11
2017-10-18,19.6,19.33,19.7,19.23,6451.0
2017-10-19,19.03,18.42,19.3,17.9,13726.2
2017-10-20,18.46,18.7,18.99,18.1,5170.13
2017-10-23,18.7,17.96,18.94,17.81,17590.1
2017-10-24,18.06,18.24,18.65,17.99,14115.21
2017-10-25,18.41,18.11,18.41,17.98,6391.0
2017-10-26,18.2,18.14,18.27,18.04,3894.01
2017-10-27,18.3,18.3,18.36,18.01,5925.11
2017-10-30,18.37,19.1,19.28,18.37,20577.98
2017-10-31,19.2,19.45,19.66,18.85,12868.03
2017-11-01,19.44,19.82,20.0,19.44,10629.57
2017-11-02,19.82,19.84,20.4,19.58,20210.52
2017-11-03,19.79,19.55,19.85,19.4,11699.0
2017-11-21,19.4,19.43,19.6,18.12,22519.38
2017-11-22,19.26,19.76,19.9,18.9,14639.0
2017-11-23,19.76,19.37,19.93,19.18,5258.01
2017-11-24,19.18,18.69,19.5,18.49,12307.6
2017-11-27,18.63,17.95,18.79,17.77,9473.0
2017-11-28,17.95,18.44,18.58,17.85,7381.49
2017-11-29,18.53,18.88,18.95,18.2,7506.1
2017-11-30,18.79,19.0,19.18,18.51,9800.41
2017-12-01,19.0,19.0,19.19,18.58,10242.0
2017-12-04,19.0,18.85,19.13,18.55,10461.01
2017-12-05,18.96,18.35,19.06,17.13,7804.12
2017-12-06,18.19,17.94,18.5,17.5,7798.0
2017-12-07,17.98,18.66,19.28,17.77,11995.47
2017-12-08,18.65,18.76,18.95,18.5,12728.46
2017-12-11,18.7,18.54,18.71,18.35,5108.6
2017-12-12,18.48,18.68,18.75,18.17,4255.1
2017-12-13,18.53,18.35,18.74,18.3,1694.0
2017-12-14,18.3,18.3,18.49,18.08,2124.0
2017-12-15,18.11,18.23,18.42,18.02,888.0
2017-12-18,18.38,18.43,19.1,18.24,8026.0
2017-12-19,18.25,18.27,18.34,18.03,4898.0
2017-12-20,18.27,18.3,18.45,18.21,3615.55
2017-12-21,18.12,18.37,18.48,18.12,2619.55
2017-12-22,18.3,18.58,18.58,18.3,3012.1
2017-12-25,18.5,18.27,18.78,18.15,6031.58
2017-12-26,18.22,18.24,18.33,18.12,3630.2
2017-12-27,18.16,18.21,18.37,18.06,3658.0
2017-12-28,18.0,18.19,18.49,18.0,6022.25
2017-12-29,18.03,17.93,18.1,17.68,6528.86
2018-01-02,18.09,17.95,18.09,17.75,6532.0
2018-01-03,17.71,17.95,18.05,17.71,2921.0
2018-01-04,18.11,17.92,18.3,17.7,5640.0
2018-01-05,17.75,17.9,18.03,17.68,5332.76
2018-01-08,17.76,17.9,18.1,17.6,16012.47
2018-01-09,17.9,18.14,18.16,17.82,7344.76
2018-01-10,18.14,18.03,18.2,17.98,6229.55
2018-01-11,18.17,18.03,18.18,17.7,2661.73
2018-01-12,17.99,18.04,18.06,17.9,3763.0
2018-01-15,18.04,17.9,18.04,17.68,3056.0
2018-01-16,17.72,17.62,17.9,17.51,11284.0
2018-01-17,17.83,17.7,17.83,17.5,5178.08
2018-01-18,17.7,17.85,17.88,17.3,14517.67
2018-01-19,17.61,17.6,17.78,17.5,3717.04
2018-01-22,17.5,17.3,17.75,16.02,6428.1
2018-01-23,17.2,17.6,18.0,16.3,33741.24
2018-01-24,17.17,17.9,17.94,16.88,15831.19
2018-01-25,17.51,17.7,17.8,17.42,3748.43
2018-01-26,17.7,17.6,17.72,17.32,3104.33
2018-01-29,17.24,17.65,17.67,16.0,4901.2
2018-01-30,17.6,17.63,17.65,17.31,3348.2
2018-01-31,16.7,17.6,17.6,16.6,4896.0
2018-02-01,17.55,16.93,17.55,16.36,10183.44
2018-02-02,16.89,15.24,16.89,15.24,25890.0
2018-02-22,15.05,16.76,16.76,15.05,20017.36
2018-02-23,17.16,16.12,17.26,16.12,21539.29
2018-02-26,16.23,15.84,16.23,15.5,25055.35
2018-02-27,17.4,17.41,17.42,17.2,89793.78
2018-02-28,16.33,16.83,17.4,15.67,78306.62
2018-03-01,16.18,16.21,16.49,15.94,45919.43
2018-03-02,16.05,15.85,16.32,15.74,21719.94
2018-03-05,15.53,15.69,15.84,15.5,16707.0
2018-03-06,15.8,15.75,15.8,15.56,15568.06
2018-03-07,15.7,15.74,15.9,15.63,10819.01
2018-03-08,15.66,15.65,15.8,15.5,9988.05
2018-03-09,15.64,15.81,15.81,15.58,14027.98
2018-03-12,15.6,15.84,15.84,15.52,17195.61
2018-03-13,15.88,15.72,15.91,15.65,10866.79
2018-03-14,15.83,16.01,16.1,15.7,19360.96
2018-03-15,16.03,15.99,16.33,15.89,19138.2
2018-03-16,15.97,15.8,16.09,15.8,9272.46
2018-03-19,15.75,15.64,16.25,15.6,11640.92
2018-03-20,15.61,15.45,15.75,15.43,9891.89
2018-03-21,15.54,15.26,15.54,15.26,11704.1
2018-03-22,15.21,15.42,15.5,15.21,18809.46
2018-03-23,15.5,15.03,15.5,13.88,30032.47
2018-03-26,14.2,14.52,14.9,14.2,14680.4
2018-03-27,14.35,14.84,15.3,14.29,37529.0
2018-03-28,14.5,14.41,14.65,14.26,15503.6
2018-03-29,14.46,13.98,14.56,13.98,17384.68
2018-03-30,13.88,14.27,14.49,13.61,18434.45
2018-04-02,14.25,14.29,14.38,13.94,15360.0
2018-04-03,14.17,14.65,15.72,14.01,32920.01
2018-04-04,14.33,14.0,14.5,13.91,20875.0
2018-04-09,14.01,13.91,14.62,13.68,27785.0
2018-04-10,13.8,13.94,14.49,13.75,15109.8
2018-04-11,13.97,13.71,14.05,13.69,16056.41
2018-04-12,13.71,13.75,13.86,13.2,31960.79
2018-04-13,13.7,13.25,13.84,13.22,15663.44
2018-04-16,13.38,12.3,13.4,11.93,72427.78
2018-04-17,12.28,11.37,12.39,11.32,35313.65
2018-04-18,11.39,10.43,11.39,10.23,81410.12
2018-04-19,10.43,10.43,10.75,10.16,58822.42
2018-04-20,10.19,10.22,10.65,10.19,27251.0
2018-04-23,10.22,9.9,10.38,9.75,38871.95
2018-04-24,9.99,9.95,9.99,9.6,38027.43
2018-04-25,9.94,10.16,10.49,9.9,51929.43
2018-04-26,10.16,9.95,10.44,9.95,42562.53
2018-04-27,10.03,10.27,10.4,9.91,31613.06
2018-05-02,10.3,10.96,11.22,10.16,54080.46
2018-05-03,10.76,10.98,11.14,10.76,27345.01
2018-05-04,10.9,10.61,10.91,10.5,25566.01
2018-05-07,10.54,10.63,10.72,10.54,15925.01
2018-05-08,10.65,11.03,11.35,10.54,23719.9
2018-05-09,10.9,10.8,11.18,10.67,14674.96
2018-05-10,10.8,11.48,11.65,10.8,41179.06
2018-05-11,11.54,11.4,11.73,11.25,19060.49
2018-05-14,11.45,11.69,12.0,11.42,22827.01
2018-05-15,11.63,12.52,12.86,11.49,38276.48
2018-05-16,12.4,13.1,13.1,12.11,40531.2
2018-05-17,13.0,14.41,14.41,12.83,68328.56
2018-05-18,14.78,14.7,15.27,14.1,52283.0
2018-05-21,14.69,14.64,14.73,14.01,35839.17
2018-05-22,14.41,14.4,14.9,14.2,34529.01
2018-05-23,14.39,13.88,14.47,13.86,22294.59
2018-05-24,14.13,12.86,14.13,12.6,35909.86
2018-05-25,13.02,12.88,13.31,12.88,28861.17
2018-05-28,13.18,12.88,13.25,12.84,27063.91
2018-05-29,13.2,12.9,13.2,12.88,14909.28
2018-05-30,12.48,11.62,12.48,11.61,32254.67
2018-05-31,11.93,11.72,11.93,11.65,13919.01
2018-06-01,11.7,11.93,12.48,11.61,28482.4
2018-06-04,12.18,12.08,12.38,11.89,15714.61
2018-06-05,12.05,12.3,12.3,12.05,15052.74
2018-06-06,12.07,12.38,12.45,12.07,13090.75
2018-06-07,12.36,12.19,12.53,12.19,8476.54
2018-06-08,12.11,12.31,12.37,12.08,10138.61
2018-06-11,12.31,13.54,13.54,12.16,35827.32
2018-06-12,13.57,13.8,14.25,13.2,44398.31
2018-06-13,13.5,13.3,13.55,13.1,21333.98
2018-06-14,13.22,13.27,13.28,12.7,22486.13
2018-06-15,13.24,13.01,13.28,12.7,13648.1
2018-06-19,12.97,11.74,12.97,11.71,37070.65
2018-06-20,11.44,11.74,11.75,10.67,18813.15
2018-06-21,11.55,11.0,11.6,11.0,8958.0
2018-06-22,11.0,11.08,11.12,10.6,4580.75
2018-06-25,10.25,10.92,11.44,10.08,4454.0
2018-06-26,10.99,10.76,10.99,10.29,4167.6
2018-06-27,10.76,10.88,11.59,10.6,9743.48
2018-06-28,10.8,10.35,10.95,10.3,6410.1
2018-06-29,10.3,10.75,10.84,10.18,6368.56
2018-07-02,10.6,10.52,10.89,10.41,5960.0
2018-07-03,10.52,10.69,10.83,10.13,6923.0
2018-07-04,10.42,10.21,10.66,10.17,7080.62
2018-07-05,10.29,10.02,10.33,10.01,4179.01
2018-07-06,10.23,10.09,10.23,9.76,5244.11
2018-07-09,10.04,10.4,10.4,10.01,3909.1
2018-07-10,10.5,10.36,10.58,10.13,3258.01
2018-07-11,10.2,10.29,10.9,10.2,9710.0
2018-07-12,10.29,10.75,10.79,10.23,8502.05
2018-07-13,10.54,10.59,10.75,10.41,5702.0
2018-07-16,10.59,10.39,10.59,10.3,5263.18
2018-07-17,10.39,10.41,10.57,10.28,2863.0
2018-07-18,10.53,10.5,11.0,10.41,4821.0
2018-07-19,10.58,10.12,10.58,10.01,5339.01
2018-07-20,10.18,10.24,10.3,9.93,3132.0
2018-07-23,10.24,10.2,10.39,9.98,2623.79
2018-07-24,10.2,10.33,10.36,10.08,4307.0
2018-07-25,10.4,10.62,10.73,10.25,12307.74
2018-07-26,10.6,10.61,10.61,10.38,9287.96
2018-07-27,10.47,10.4,10.6,10.4,6381.0
2018-07-30,10.4,10.61,11.41,10.23,43839.01
2018-07-31,10.45,11.19,11.4,10.45,53317.46
2018-08-01,11.07,10.85,11.18,10.79,16864.42
2018-08-02,10.64,10.15,10.78,9.78,14383.07
2018-08-03,10.01,9.78,10.19,9.78,7471.48
2018-08-06,9.75,9.29,9.85,9.28,10554.97
2018-08-07,9.3,9.44,9.5,9.3,4549.52
2018-08-08,9.44,9.04,9.44,8.93,12140.71
2018-08-09,8.91,9.24,9.34,8.91,6310.0
2018-08-10,9.27,9.5,9.59,9.27,8293.35
2018-08-13,9.37,9.82,10.19,9.12,16384.01
2018-08-14,9.72,9.78,9.9,9.41,8139.99
2018-08-15,10.08,9.78,10.08,9.71,7640.96
2018-08-16,9.45,9.86,9.94,9.32,6740.96
2018-08-17,10.0,9.8,10.0,9.62,5036.96
2018-08-20,9.66,10.23,10.5,9.66,13133.0
2018-08-21,10.11,10.36,10.7,9.86,17739.99
2018-08-22,10.11,10.0,10.24,9.9,15080.22
2018-08-23,10.0,9.8,10.1,9.76,16920.0
2018-08-24,9.76,9.46,9.83,9.34,17703.98
2018-08-27,9.35,9.53,9.58,9.35,10608.0
2018-08-28,9.48,9.41,9.66,9.3,7869.0
2018-08-29,9.32,9.3,9.42,9.16,5700.41
2018-08-30,9.34,9.31,9.4,9.2,6469.82
2018-08-31,9.33,9.17,9.6,9.11,11352.01
2018-09-03,9.01,9.22,9.26,9.01,4115.0
2018-09-04,9.2,9.32,9.41,9.11,10799.0
2018-09-05,9.28,9.85,10.19,9.22,19762.44
2018-09-06,9.6,9.61,9.79,9.45,13477.0
2018-09-07,9.41,9.31,9.55,9.27,9704.0
2018-09-10,9.31,8.7,9.31,8.67,11888.9
2018-09-11,8.73,8.07,8.77,7.83,49011.9
2018-09-12,7.83,7.84,7.93,7.41,31269.86
2018-09-13,7.83,7.87,7.94,7.72,18919.0
2018-09-14,7.87,7.91,8.04,7.8,16478.52
2018-09-17,7.91,8.7,8.7,7.81,25366.03
2018-09-18,9.36,9.57,9.57,9.28,32552.58
2018-09-19,10.38,10.53,10.53,10.15,31023.25
2018-09-20,11.58,10.75,11.58,10.61,237681.69
2018-09-21,10.51,10.2,10.74,9.9,166458.84
2018-09-25,10.0,9.92,10.49,9.88,104707.17
2018-09-26,10.04,10.61,10.91,9.91,199820.12
2018-09-27,10.2,9.55,10.29,9.55,137480.01
2018-09-28,9.19,9.13,9.4,8.79,112344.17
2018-10-08,8.9,8.33,8.92,8.22,78977.0
2018-10-09,8.4,8.54,8.65,8.38,59168.73
2018-10-10,8.47,8.54,8.71,8.27,45170.74
2018-10-11,8.0,7.69,8.29,7.69,61013.0
2018-10-12,7.35,7.29,7.55,6.93,61402.16
2018-10-15,7.16,7.45,7.76,7.16,60002.2
2018-10-16,7.54,7.27,7.55,7.0,31739.19
2018-10-17,7.39,7.3,7.48,6.98,37361.52
2018-10-18,7.22,6.57,7.22,6.57,75604.82
2018-10-19,6.33,6.76,6.76,6.16,62319.79
2018-10-22,6.87,7.44,7.44,6.87,29870.53
2018-10-23,8.18,8.18,8.18,8.18,20787.22
2018-10-24,8.18,7.78,8.18,7.59,97767.64
2018-10-25,7.37,7.47,7.6,7.1,83039.51
2018-10-26,7.45,7.89,7.9,7.16,137869.17
2018-10-29,7.52,7.25,7.8,7.21,91865.63
2018-10-30,7.15,7.43,7.8,6.83,106252.9
2018-10-31,7.34,7.52,7.73,7.25,93285.78
2018-11-01,7.4,8.1,8.27,7.4,165280.94
2018-11-02,8.05,8.1,8.67,7.88,186987.77
2018-11-05,8.07,8.28,8.55,8.02,145015.59
2018-11-06,8.14,7.93,8.24,7.7,105321.13
2018-11-07,7.95,8.06,8.3,7.81,116591.09
2018-11-08,8.1,8.45,8.64,7.95,156624.12
2018-11-09,8.19,8.75,9.3,8.01,179254.78
2018-11-12,8.6,9.38,9.45,8.6,184378.34
2018-11-13,9.14,9.67,10.11,9.05,180379.34
2018-11-14,9.59,9.35,9.73,9.31,119499.94
2018-11-15,9.36,9.44,9.49,9.06,93792.68
2018-11-16,9.4,9.38,9.48,9.2,75355.52
2018-11-19,9.3,9.17,9.36,8.95,74287.53
2018-11-20,9.1,8.71,9.32,8.6,84809.77
2018-11-21,8.54,8.76,8.88,8.52,66535.24
2018-11-22,8.87,8.8,9.0,8.71,49811.66
2018-11-23,8.67,8.54,8.8,8.22,82319.25
2018-11-26,8.48,8.88,8.92,8.31,92157.52
2018-11-27,8.87,9.25,9.28,8.8,144106.4
2018-11-28,9.14,9.02,9.23,8.9,84172.34
2018-11-29,9.05,8.61,9.12,8.61,82578.61
2018-11-30,8.49,8.51,8.64,8.08,56030.93
2018-12-03,8.8,8.95,9.06,8.62,60951.0
2018-12-04,8.92,8.85,9.08,8.75,45423.49
2018-12-05,8.5,8.53,8.7,8.5,43470.98
2018-12-06,8.5,8.13,8.51,8.12,38217.0
2018-12-07,8.19,8.21,8.48,8.14,33095.0
2018-12-10,8.22,8.25,8.47,8.13,30345.25
2018-12-11,8.16,8.5,8.5,8.11,49138.76
2018-12-12,8.42,8.18,8.43,8.16,42294.69
2018-12-13,8.14,8.09,8.32,8.02,45685.92
2018-12-14,8.1,7.51,8.1,7.44,67673.64
2018-12-17,7.48,7.67,7.83,7.47,46269.77
2018-12-18,7.75,7.82,7.93,7.52,36282.81
2018-12-19,7.63,7.98,8.32,7.57,73825.61
2018-12-20,7.87,7.89,7.98,7.7,49789.6
2018-12-21,7.72,7.62,7.9,7.55,36421.82
2018-12-24,7.74,8.38,8.38,7.65,70922.4
2018-12-25,8.58,9.22,9.22,8.37,169978.79
2018-12-26,10.05,10.14,10.14,9.42,334023.89
2018-12-27,10.1,11.15,11.15,9.51,328837.48
2018-12-28,11.13,11.57,12.27,10.67,439518.07
2019-01-02,11.04,11.65,12.26,10.85,375862.28
2019-01-03,11.22,10.62,11.65,10.49,330784.25
2019-01-04,10.06,10.06,10.32,9.66,248467.98
2019-01-07,10.04,10.41,10.77,9.91,264837.51
2019-01-08,10.26,10.41,10.59,9.88,237898.72
2019-01-09,10.5,11.45,11.45,10.0,265292.95
2019-01-10,12.0,12.6,12.6,11.11,337229.22
2019-01-11,13.06,12.25,13.86,12.21,461668.47
2019-01-14,11.15,12.91,13.1,11.03,383580.14
2019-01-15,11.98,12.0,12.85,11.9,271036.49
2019-01-16,11.87,11.94,12.28,11.6,169333.1
2019-01-17,11.79,11.72,12.21,11.6,163214.82
2019-01-18,11.75,10.83,11.84,10.62,189001.99
2019-01-21,10.99,10.92,11.18,10.53,123689.0
2019-01-22,11.14,11.03,11.33,10.65,165545.45
2019-01-23,10.86,10.58,10.9,10.4,126249.17
2019-01-24,10.56,10.55,10.72,10.39,95153.66
2019-01-25,10.58,9.84,10.6,9.8,139316.81
2019-01-28,9.99,9.9,10.09,9.67,79477.99
2019-01-29,9.61,9.37,9.8,9.01,108249.49
2019-01-30,9.39,8.99,9.54,8.81,93134.85
2019-01-31,9.17,9.19,9.74,9.1,158873.8
2019-02-01,9.19,9.56,9.68,9.19,114717.66
2019-02-11,9.63,10.3,10.3,9.56,161038.58
2019-02-12,10.15,10.3,10.88,10.09,193164.82
2019-02-13,10.28,10.39,10.74,10.09,169728.33
2019-02-14,10.3,10.4,10.59,10.18,138568.99
2019-02-15,10.28,10.26,10.58,10.2,150257.18
2019-02-18,10.41,10.66,10.73,10.31,169361.0
2019-02-19,10.72,10.56,10.87,10.22,172607.02
2019-02-20,10.6,10.65,10.65,10.2,139721.29
2019-02-21,10.76,11.72,11.72,10.58,327983.04
2019-02-22,11.88,12.5,12.76,11.56,358291.75
2019-02-25,12.51,12.8,13.25,12.51,313630.41
2019-02-26,12.64,11.96,12.64,11.58,274561.77
2019-02-27,11.7,11.99,12.32,11.35,218953.27
2019-02-28,11.59,11.67,12.15,11.42,136539.81
2019-03-01,11.77,11.64,11.9,11.45,97870.0
2019-03-04,11.7,11.95,12.22,11.67,207336.59
2019-03-05,11.82,12.32,12.32,11.61,234138.47
2019-03-06,12.27,12.21,12.55,11.93,202559.67
2019-03-07,12.05,12.85,13.43,11.8,309059.82
2019-03-08,11.7,11.57,12.44,11.57,190743.8
2019-03-11,11.4,11.83,11.84,11.17,132152.47
2019-03-12,11.86,11.94,12.3,11.73,175504.8
2019-03-13,11.93,11.1,11.93,11.01,136112.94
2019-03-14,11.15,10.76,11.36,10.41,96064.44
2019-03-15,10.87,10.87,10.99,10.7,78339.04
2019-03-18,10.96,11.28,11.28,10.7,102252.04
2019-03-19,11.3,11.27,11.47,11.15,91017.04
2019-03-20,11.31,11.43,11.51,11.02,127630.71
2019-03-21,11.42,11.4,11.62,11.33,114906.03
2019-03-22,11.39,11.23,11.46,11.01,99407.43
2019-03-25,11.05,11.27,11.47,10.92,88181.0
2019-03-26,11.26,10.5,11.36,10.3,104143.02
2019-03-27,10.6,10.45,10.71,10.21,60287.12
2019-03-28,10.34,10.46,10.85,10.28,75425.12
2019-03-29,10.37,10.6,10.63,10.01,81406.2
2019-04-01,10.78,10.82,11.11,10.69,124636.94
2019-04-02,11.2,10.8,11.2,10.75,116165.58
2019-04-03,10.75,10.99,11.06,10.6,93713.0
2019-04-04,11.04,11.06,11.14,10.85,99379.03
2019-04-08,11.14,10.82,11.22,10.6,93549.01
2019-04-09,10.77,11.28,11.28,10.7,117634.73
2019-04-10,11.33,11.71,12.4,11.14,305685.48
2019-04-11,11.49,11.01,11.6,11.0,168642.32
2019-04-12,10.9,11.5,11.58,10.71,160744.53
2019-04-15,11.55,11.47,12.19,11.41,164485.9
2019-04-16,11.2,12.2,12.38,10.88,265095.24
2019-04-17,12.07,11.9,12.18,11.79,194122.27
2019-04-18,11.85,12.45,12.62,11.69,263738.19
2019-04-19,12.21,12.86,13.18,12.05,312169.26
2019-04-22,12.78,12.01,12.91,11.77,235482.31
2019-04-23,12.04,11.67,12.15,11.38,142977.4
2019-04-24,11.59,12.05,12.09,11.51,137830.08
2019-04-25,11.9,10.88,12.03,10.85,172955.38
2019-04-26,10.75,11.16,11.56,10.62,155586.63
2019-04-29,11.41,10.47,11.52,10.18,126917.01
2019-04-30,10.54,10.55,10.68,10.1,87721.4
2019-05-06,10.28,9.5,10.46,9.5,104412.5
2019-05-07,9.7,9.81,10.03,9.47,85155.05
2019-05-08,9.68,10.13,10.2,9.54,79845.51
2019-05-09,10.13,9.97,10.26,9.85,68751.02
2019-05-10,10.8,10.97,10.97,10.42,120351.34
2019-05-13,11.3,12.07,12.07,10.92,202404.15
2019-05-14,11.99,12.05,12.95,11.46,250682.69
2019-05-15,12.05,12.1,12.47,11.8,182720.89
2019-05-16,11.96,11.75,12.0,11.4,185505.01
2019-05-17,11.72,12.06,12.74,11.62,247778.49
2019-05-20,11.91,12.67,12.87,11.22,265203.46
2019-05-21,12.36,13.0,13.83,11.9,368455.18
2019-05-22,12.8,12.45,13.47,12.22,262048.61
2019-05-23,12.0,11.5,12.19,11.43,173641.01
2019-05-24,11.24,10.89,11.66,10.88,111765.0
2019-05-27,10.88,11.58,11.69,10.88,135864.62
2019-05-28,11.7,11.78,12.28,11.58,164453.55
2019-05-29,11.66,12.05,12.45,11.66,165084.8
2019-05-30,12.16,13.26,13.26,11.82,242066.43
2019-05-31,14.59,14.59,14.59,14.59,65974.0
2019-06-03,15.38,16.05,16.05,15.03,465164.14
2019-06-04,17.66,14.89,17.66,14.51,575943.73
2019-06-05,15.09,16.38,16.38,14.79,564185.39
2019-06-06,15.11,14.74,15.34,14.74,154035.0
2019-06-10,13.89,14.49,15.34,13.89,352207.51
2019-06-11,14.18,14.73,15.0,13.26,414269.37
2019-06-12,14.34,16.2,16.2,14.15,553313.0
2019-06-13,16.04,15.3,16.2,14.7,434505.83
2019-06-14,14.99,14.44,15.36,14.15,246468.37
2019-06-17,14.29,14.87,14.98,13.8,197297.91
2019-06-18,14.8,14.48,15.06,14.15,156695.28
2019-06-19,15.1,14.19,15.25,14.12,188796.92
2019-06-20,14.01,13.81,14.02,13.3,206774.92
2019-06-21,14.08,13.88,14.3,13.65,177309.9
2019-06-24,13.37,13.5,13.74,13.2,184324.22
2019-06-25,13.51,12.98,13.51,12.85,148822.94
2019-06-26,12.84,12.6,13.09,12.51,122021.0
2019-06-27,12.83,12.9,13.07,12.61,155410.18
2019-06-28,12.98,12.23,13.0,12.03,160862.0
2019-07-01,12.79,12.92,12.97,12.58,165430.51
2019-07-02,12.92,12.67,12.92,12.56,109432.95
2019-07-03,12.79,12.27,12.85,12.15,96961.21
2019-07-04,12.41,12.0,12.41,11.88,95073.77
2019-07-05,12.14,12.18,12.28,12.02,68148.94
2019-07-08,12.21,11.52,12.21,11.29,103238.76
2019-07-09,11.6,11.46,11.69,11.24,61437.54
2019-07-10,11.63,11.34,11.68,11.3,61932.93
2019-07-11,11.5,11.35,11.6,11.22,68771.93
2019-07-12,11.42,11.45,11.48,10.92,74774.95
2019-07-15,11.56,12.6,12.6,11.45,194766.93
2019-07-16,12.86,13.86,13.86,12.45,467193.75
2019-07-17,13.36,13.17,14.19,13.07,371445.1
2019-07-18,12.83,13.23,13.48,12.62,263640.43
2019-07-19,12.98,13.03,13.35,12.8,179323.43
2019-07-22,13.05,12.86,13.19,12.35,131091.4
2019-07-23,12.88,13.4,13.85,12.72,282282.46
2019-07-24,13.27,13.87,13.89,13.23,315199.46
2019-07-25,13.6,13.52,13.78,13.36,200201.01
2019-07-26,13.35,13.16,13.45,13.0,124864.0
2019-07-29,13.05,13.81,14.15,13.05,243291.47
2019-07-30,13.72,13.56,13.93,13.46,174982.0
2019-07-31,13.41,13.52,13.78,13.22,158234.01
2019-08-01,13.25,13.43,13.59,13.19,117580.0
2019-08-02,12.93,12.5,13.23,12.45,182106.0
2019-08-05,12.49,12.29,12.73,12.16,127851.26
2019-08-06,11.93,11.76,11.93,11.2,149412.01
2019-08-07,11.82,12.0,12.38,11.73,131360.0
2019-08-08,11.88,12.26,12.36,11.88,108883.44
2019-08-09,12.3,11.74,12.38,11.31,110630.54
2019-08-12,11.79,12.1,12.1,11.71,86695.54
2019-08-13,11.95,12.04,12.46,11.86,115314.54
2019-08-14,12.38,11.83,12.45,11.79,95806.0
2019-08-15,11.11,11.72,11.93,10.92,124038.45
2019-08-16,11.74,11.85,12.07,11.63,109469.01
2019-08-19,12.03,12.21,12.36,11.9,127590.61
2019-08-20,12.33,12.06,12.35,11.9,116542.26
2019-08-21,11.88,12.13,12.47,11.76,153065.0
2019-08-22,12.09,11.97,12.25,11.85,105427.01
2019-08-23,11.88,11.64,12.02,11.61,87323.0
2019-08-26,11.4,11.5,11.58,11.2,53395.0
2019-08-27,11.51,11.72,11.85,11.51,77866.01
2019-08-28,11.79,12.18,12.35,11.63,170807.04
2019-08-29,12.06,12.02,12.2,11.99,111347.22
2019-08-30,12.07,11.62,12.12,11.46,104631.0
2019-09-02,11.53,11.86,11.93,11.52,67320.01
2019-09-03,11.93,12.34,12.65,11.85,202049.01
2019-09-04,12.34,12.25,12.47,12.1,112151.0
2019-09-05,12.38,12.41,12.9,12.22,186688.47
2019-09-06,12.55,12.86,13.16,12.42,216082.77
2019-09-09,13.04,13.53,13.88,12.68,259883.21
2019-09-10,13.3,13.1,13.38,13.02,164083.53
2019-09-11,13.1,12.85,13.23,12.8,106089.5
2019-09-12,12.95,13.21,13.22,12.75,115104.75
2019-09-16,13.23,13.34,13.56,13.1,145285.12
2019-09-17,13.3,12.84,13.3,12.72,110163.01
2019-09-18,12.86,13.22,13.45,12.86,125371.82
2019-09-19,13.19,13.69,13.85,13.1,247507.53
2019-09-20,13.55,13.36,13.88,13.34,149627.45
2019-09-23,13.28,13.32,13.49,12.9,99701.68
2019-09-24,13.32,14.04,14.65,13.24,334666.86
2019-09-25,13.75,13.13,13.9,13.0,226546.52
2019-09-26,13.19,12.3,13.34,12.3,134662.51
2019-09-27,12.11,12.3,12.5,12.11,91319.0
2019-09-30,12.16,11.89,12.41,11.8,66540.28
2019-10-08,12.02,11.83,12.06,11.83,45208.76
2019-10-09,11.7,12.02,12.02,11.55,49697.16
2019-10-10,11.98,12.2,12.2,11.92,55773.04
2019-10-11,12.2,12.08,12.27,11.96,51933.24
2019-10-14,12.2,12.3,12.48,12.16,65813.27
2019-10-15,12.37,12.16,12.5,12.11,58228.08
2019-10-16,12.18,11.87,12.3,11.85,49903.02
2019-10-17,12.0,11.95,12.05,11.86,35902.1
2019-10-18,11.95,11.86,12.18,11.75,43695.97
2019-10-21,11.89,11.76,11.93,11.45,38241.08
2019-10-22,11.76,12.04,12.07,11.66,44147.04
2019-10-23,12.04,11.85,12.04,11.76,33327.0
2019-10-24,11.8,11.65,11.89,11.5,49358.0
2019-10-25,11.65,11.64,11.69,11.37,46037.0
2019-10-28,11.88,11.96,12.03,11.7,75164.99
2019-10-29,11.97,11.87,12.09,11.86,63316.0
2019-10-30,11.96,11.59,11.97,11.5,49250.04
2019-10-31,11.59,11.14,11.69,11.04,82365.02
2019-11-01,11.12,11.25,11.3,10.93,52233.02
2019-11-04,11.24,11.14,11.36,11.09,50230.27
2019-11-05,11.12,10.95,11.14,10.83,53368.0
2019-11-06,11.05,10.6,11.05,10.52,59302.0
2019-11-07,10.78,10.81,10.88,10.59,49319.02
2019-11-08,10.95,10.75,11.07,10.71,49108.0
2019-11-11,10.75,10.31,10.76,10.22,56709.0
2019-11-12,10.39,10.31,10.39,9.9,57271.0
2019-11-13,10.29,10.1,10.34,10.0,42525.0
2019-11-14,10.17,10.2,10.32,10.07,50943.0
2019-11-15,10.28,9.98,10.28,9.98,44232.79
2019-11-18,9.98,10.06,10.12,9.91,35754.68
2019-11-19,10.04,10.36,10.45,10.03,53842.58
2019-11-20,10.37,10.31,10.47,10.26,44968.0
2019-11-21,10.59,10.35,10.65,10.16,58298.0
2019-11-22,10.29,10.14,10.49,10.1,45660.33
2019-11-25,10.18,9.96,10.18,9.91,35071.1
2019-11-26,9.97,10.0,10.15,9.94,33563.0
2019-11-27,10.0,9.91,10.08,9.77,35120.0
2019-11-28,9.91,9.82,9.99,9.81,27488.0
2019-11-29,9.83,9.85,9.9,9.61,37352.0
2019-12-02,9.86,9.95,9.96,9.77,31591.0
2019-12-03,9.89,10.05,10.08,9.76,38453.54
2019-12-04,9.94,10.06,10.13,9.92,34598.0
2019-12-05,10.1,10.23,10.27,10.05,51263.0
2019-12-06,10.18,10.26,10.28,10.13,47531.0
2019-12-09,10.39,10.2,10.39,10.18,38334.0
2019-12-10,10.21,10.27,10.3,10.12,41748.0
2019-12-11,10.42,10.27,10.54,10.23,62590.24
2019-12-12,10.19,10.42,10.5,10.15,62499.6
2019-12-13,10.47,10.38,10.49,10.28,57712.24
2019-12-16,10.39,10.54,10.54,10.35,53529.12
2019-12-17,10.58,10.71,10.83,10.49,86491.35
2019-12-18,10.68,10.74,10.92,10.67,70302.93
2019-12-19,10.8,10.73,10.83,10.67,45752.09
2019-12-20,10.72,10.51,10.83,10.51,51767.0
2019-12-23,10.54,10.11,10.54,10.09,57806.72
2019-12-24,10.16,10.28,10.32,10.11,34062.0
2019-12-25,10.3,10.52,10.62,10.29,53497.66
2019-12-26,10.52,10.42,10.57,10.29,55782.52
2019-12-27,10.48,10.21,10.57,10.19,49074.0
2019-12-30,10.12,10.16,10.18,9.68,61356.0
2019-12-31,10.08,10.15,10.24,10.07,34470.0
2020-01-02,10.2,10.45,10.49,10.19,58024.49
2020-01-03,10.47,10.53,10.63,10.37,56199.09
2020-01-06,10.43,10.56,10.67,10.4,57902.41
2020-01-07,10.57,10.73,10.75,10.57,58078.0
2020-01-08,10.66,10.49,10.74,10.4,57824.3
2020-01-09,10.6,10.71,10.78,10.56,52814.2
2020-01-10,10.74,10.69,10.8,10.51,43297.0
2020-01-13,10.66,10.78,10.82,10.5,51196.0
2020-01-14,10.95,10.64,10.95,10.61,54282.29
2020-01-15,10.65,10.53,10.65,10.49,39298.0
2020-01-16,10.59,10.32,10.67,10.3,50657.0
2020-01-17,10.35,10.13,10.39,10.12,49061.7
2020-01-20,10.13,10.31,10.32,10.03,48622.0
2020-01-21,10.38,10.25,10.49,10.21,64641.96
2020-01-22,10.16,10.32,10.37,9.86,55677.33
2020-01-23,10.13,10.03,10.48,9.98,68832.87
2020-02-03,9.03,9.03,9.03,9.03,4637.0
2020-02-04,8.13,8.3,8.64,8.13,122126.32
2020-02-05,8.34,8.44,8.65,8.3,81626.96
2020-02-06,8.45,8.61,8.65,8.3,79632.84
2020-02-07,8.62,8.81,8.82,8.53,69946.15
2020-02-10,8.83,9.39,9.44,8.75,105013.19
2020-02-11,9.5,9.36,9.51,9.2,75421.86
2020-02-12,10.3,10.3,10.3,10.05,56387.02
2020-02-13,10.86,9.88,10.86,9.86,248911.64
2020-02-14,9.54,9.75,9.85,9.53,121829.65
2020-02-17,9.73,10.04,10.09,9.7,106327.69
2020-02-18,9.97,10.5,10.53,9.93,148089.77
2020-02-19,10.43,10.35,10.56,10.3,106440.55
2020-02-20,10.31,10.4,10.42,10.13,85233.06
2020-02-21,10.38,10.49,10.66,10.3,120786.55
2020-02-24,10.41,11.17,11.38,10.41,190440.89
2020-02-25,10.82,10.95,11.09,10.4,148893.85
2020-02-26,10.78,10.44,10.89,10.43,96082.36
2020-02-27,10.48,10.48,10.69,10.35,63536.59
2020-02-28,10.04,9.73,10.21,9.7,84506.21
2020-03-02,9.82,10.31,10.35,9.82,69501.02
2020-03-03,10.52,10.44,10.77,10.3,79640.37
2020-03-04,10.35,10.58,10.65,10.23,63437.37
2020-03-05,11.01,10.77,11.1,10.62,95435.02
2020-03-06,10.56,10.88,11.02,10.55,98932.01
2020-03-09,10.82,11.5,11.97,10.71,303745.94
2020-03-10,11.01,12.31,12.5,10.35,326038.95
2020-03-11,12.05,11.61,12.49,11.59,251562.09
2020-03-12,11.29,11.7,11.87,11.1,152344.9
2020-03-13,10.92,12.14,12.24,10.92,223145.41
2020-03-16,12.18,10.94,12.24,10.93,171707.46
2020-03-17,11.03,11.21,11.52,10.5,116851.01
2020-03-18,11.28,10.75,11.65,10.68,123951.02
2020-03-19,10.8,11.27,11.36,10.61,116542.48
2020-03-20,11.46,11.38,11.58,11.08,121433.47
2020-03-23,10.84,12.16,12.52,10.8,390461.72
2020-03-24,12.37,12.82,12.82,11.58,365609.42
2020-03-25,12.5,12.38,12.86,12.31,273672.33
2020-03-26,12.15,11.85,12.17,11.72,158245.5
2020-03-27,12.01,11.28,12.06,11.22,123745.98
2020-03-30,10.87,10.69,11.09,10.61,104709.25
2020-03-31,10.88,10.89,11.11,10.72,87640.44
2020-04-01,10.88,10.9,11.17,10.7,89539.48
2020-04-02,10.8,11.4,11.4,10.8,94239.01
2020-04-03,11.28,10.91,11.31,10.9,84329.97
2020-04-07,11.1,11.25,11.33,11.03,81113.08
2020-04-08,11.2,11.78,12.02,11.05,151416.3
2020-04-09,11.8,11.95,12.3,11.67,148419.18
2020-04-10,12.05,12.13,12.3,11.65,195710.34
2020-04-13,11.91,11.86,11.98,11.0,124051.1
2020-04-14,11.99,11.9,12.3,11.7,123948.71
2020-04-15,11.52,11.21,11.84,11.16,131075.23
2020-04-16,11.15,11.34,11.37,11.01,63751.0
2020-04-17,11.32,11.13,11.47,11.0,64885.5
2020-04-20,11.07,11.1,11.18,10.94,49491.01
2020-04-21,11.1,11.0,11.17,10.78,58963.01
2020-04-22,10.92,11.03,11.05,10.82,34533.7
2020-04-23,11.01,10.59,11.07,10.56,70265.71
2020-04-24,10.66,10.17,10.73,10.11,59907.0
2020-04-27,10.3,10.23,10.32,10.0,31578.31
2020-04-28,10.23,9.96,10.24,9.62,46461.85
2020-04-29,9.86,9.81,10.12,9.79,34460.86
2020-04-30,9.8,10.05,10.1,9.8,33778.24
2020-05-06,9.91,10.28,10.28,9.91,38794.63
2020-05-07,10.36,10.28,10.56,10.25,46223.0
2020-05-08,10.28,10.35,10.46,10.28,33293.52
2020-05-11,10.34,10.39,10.51,10.25,36477.51
2020-05-12,10.35,10.47,10.51,10.09,58601.56
2020-05-13,10.44,10.51,10.57,10.31,41588.0
2020-05-14,10.45,10.38,10.55,10.33,32111.0
2020-05-15,10.4,10.27,10.47,10.27,25998.7
2020-05-18,10.28,10.39,10.46,9.96,36840.01
2020-05-19,10.35,10.62,10.73,10.35,50846.02
2020-05-20,10.59,10.4,10.74,10.32,37527.52
2020-05-21,10.46,10.7,10.72,10.3,72290.01
2020-05-22,10.83,10.45,10.83,10.33,57020.0
2020-05-25,10.38,10.0,10.38,9.96,41387.0
2020-05-26,10.0,10.09,10.17,9.97,31710.52
2020-05-27,10.09,9.84,10.16,9.75,37938.0
2020-05-28,9.88,9.72,9.91,9.66,24304.26
2020-05-29,9.72,9.73,9.82,9.72,18036.8
2020-06-01,9.74,10.02,10.05,9.73,27770.0
2020-06-02,10.02,10.03,10.1,9.97,18601.0
2020-06-03,10.04,10.01,10.12,9.98,30428.09
2020-06-04,10.09,10.08,10.1,9.96,34004.15
2020-06-05,10.13,9.97,10.16,9.95,23969.01
2020-06-08,9.98,9.99,10.09,9.97,16243.0
2020-06-09,10.0,9.85,10.05,9.82,25125.0
2020-06-10,9.87,9.7,9.87,9.64,22996.85
2020-06-11,9.75,9.71,9.79,9.62,21249.0
2020-06-12,9.63,9.72,9.75,9.4,25580.85
2020-06-15,9.71,9.68,9.77,9.61,18013.37
2020-06-16,9.75,9.94,9.95,9.7,35963.4
2020-06-17,9.94,9.9,9.94,9.72,31909.01
2020-06-18,9.97,10.01,10.05,9.8,31787.94
2020-06-19,9.96,9.88,10.02,9.7,53048.01
2020-06-22,9.76,9.78,9.84,9.76,21732.0
2020-06-23,9.77,9.66,9.78,9.64,19063.08
2020-06-24,9.66,9.69,9.71,9.6,12786.0
2020-06-29,9.67,9.48,9.67,9.47,14117.0
2020-06-30,9.55,9.47,9.58,9.46,12008.0
2020-07-01,9.54,9.44,9.54,9.4,19639.01
2020-07-02,9.45,9.57,9.62,9.37,26457.86
2020-07-03,9.57,9.64,9.66,9.55,22688.98
2020-07-06,9.69,10.01,10.03,9.69,53381.86
2020-07-07,10.05,10.13,10.26,9.86,75428.01
2020-07-08,10.1,10.22,10.25,10.0,48549.01
2020-07-09,10.24,10.58,10.58,10.19,88599.35
2020-07-10,10.56,10.31,10.58,10.29,55785.06
2020-07-13,10.31,10.51,10.52,10.31,60312.91
2020-07-14,10.57,10.4,10.65,10.17,58210.01
2020-07-15,10.44,10.06,10.47,9.99,49387.66
2020-07-16,10.08,9.5,10.15,9.45,56008.67
2020-07-17,9.58,9.48,9.67,9.33,35137.01
2020-07-20,9.52,9.8,9.82,9.52,30649.25
2020-07-21,9.81,9.81,9.9,9.71,21911.7
2020-07-22,9.92,9.76,9.95,9.73,22921.6
2020-07-23,9.79,9.58,9.79,9.41,34481.01
2020-07-24,9.61,9.27,9.75,9.26,39752.97
2020-07-27,9.39,9.54,9.78,9.2,37970.02
2020-07-28,9.57,9.65,9.75,9.52,31079.69
2020-07-29,9.65,9.73,9.77,9.5,25457.46
2020-07-30,9.73,9.56,9.76,9.56,24296.29
2020-07-31,9.57,9.65,9.71,9.49,21357.16
2020-08-03,9.7,9.85,9.93,9.68,51106.29
2020-08-04,9.92,9.93,10.15,9.71,51351.58
2020-08-05,9.93,9.84,9.93,9.72,36899.19
2020-08-06,9.84,9.75,9.88,9.65,30282.0
2020-08-07,9.72,9.54,9.72,9.43,27881.0
2020-08-10,9.56,9.75,9.77,9.47,40237.42
2020-08-11,9.75,9.48,9.83,9.47,46599.0
2020-08-12,9.48,9.65,9.72,9.06,65830.21
2020-08-13,9.62,10.1,10.17,9.61,102247.12
2020-08-14,10.06,10.07,10.47,9.95,84222.7
2020-08-17,10.14,10.25,10.3,10.0,60503.18
2020-08-18,10.21,10.51,10.75,10.12,74808.05
2020-08-19,10.48,10.06,11.56,9.87,158960.1
2020-08-20,9.64,9.46,9.81,9.29,85257.6
2020-08-21,9.5,9.39,9.57,9.37,32595.46
2020-08-24,9.45,9.4,9.45,9.23,27532.0
2020-08-25,9.4,9.43,9.53,9.36,26668.33
2020-08-26,9.47,9.28,9.5,9.26,26519.48
2020-08-27,9.27,9.34,9.43,9.22,25035.8
2020-08-28,9.34,9.31,9.34,9.19,23340.78
2020-08-31,9.33,9.35,9.4,9.3,18615.0
2020-09-01,9.34,9.35,9.38,9.29,16188.19
2020-09-02,9.35,9.41,9.45,9.29,26810.82
2020-09-03,9.41,9.27,9.41,9.24,21462.85
2020-09-04,9.17,9.32,9.36,9.1,20226.0
2020-09-07,9.32,9.21,9.48,9.14,26829.0
2020-09-08,9.25,9.31,9.35,9.16,16905.0
2020-09-09,9.28,9.16,9.33,9.09,32110.0
2020-09-10,9.17,8.66,9.21,8.5,44363.0
2020-09-11,8.64,8.74,8.81,8.52,15752.71
2020-09-14,8.79,8.9,8.98,8.73,15024.0
2020-09-15,8.94,8.9,8.98,8.8,13272.0
2020-09-16,8.91,8.72,8.91,8.69,11159.84
2020-09-17,8.72,8.7,8.79,8.62,15020.5
2020-09-18,8.7,8.89,8.92,8.67,18650.72
2020-09-21,8.94,8.87,8.94,8.85,13571.73
2020-09-22,8.84,8.77,8.97,8.72,11231.01
2020-09-23,8.76,8.79,8.86,8.76,8876.0
2020-09-24,8.77,8.57,8.77,8.56,12888.68
2020-09-25,8.56,8.4,8.63,8.36,11148.0
2020-09-28,8.41,8.17,8.48,8.17,10370.01
2020-09-29,8.22,7.59,8.24,7.35,84501.01
2020-09-30,7.58,7.6,7.96,7.52,101618.71
2020-10-09,7.63,7.82,8.09,7.63,100649.44
2020-10-12,7.82,8.26,8.46,7.82,87003.12
2020-10-13,8.23,8.25,8.34,8.16,35636.02
2020-10-14,8.24,8.11,8.29,8.1,26904.03
2020-10-15,8.19,8.17,8.27,8.13,27425.33
2020-10-16,8.16,8.2,8.26,8.11,24307.02
2020-10-19,8.33,8.12,8.38,8.08,27030.0
2020-10-20,8.04,8.25,8.3,8.02,29379.01
2020-10-21,8.23,8.01,8.23,7.93,32421.5
2020-10-22,7.94,7.98,8.09,7.86,17703.01
2020-10-23,7.98,7.91,8.09,7.87,21193.01
2020-10-26,7.9,7.95,8.01,7.82,28456.0
2020-10-27,7.9,7.89,7.96,7.79,24405.0
2020-10-28,7.89,7.95,7.97,7.66,29125.09
2020-10-29,7.86,8.03,8.19,7.82,38089.0
2020-10-30,8.01,7.7,8.15,7.64,31219.91
2020-11-02,7.69,7.97,8.05,7.62,39168.0
2020-11-03,7.95,8.1,8.13,7.93,32700.0
2020-11-04,8.1,7.98,8.17,7.9,20765.0
2020-11-05,7.99,8.3,8.32,7.98,57454.01
2020-11-06,8.3,8.27,8.37,8.18,42179.0
2020-11-09,8.28,8.4,8.43,8.27,57210.79
2020-11-10,8.4,8.25,8.4,8.19,34674.0
2020-11-11,8.25,8.26,8.55,8.12,47474.0
2020-11-12,8.26,8.24,8.34,8.15,33322.01
2020-11-13,8.23,8.19,8.28,8.08,21576.02
2020-11-16,8.19,8.22,8.25,8.13,19705.0
2020-11-17,8.22,8.09,8.23,7.97,26978.0
2020-11-18,8.03,8.12,8.2,8.03,18545.01
2020-11-19,8.12,8.2,8.23,8.06,27410.91
2020-11-20,8.2,8.21,8.24,8.11,17964.0
2020-11-23,8.2,8.1,8.2,8.07,25307.91
2020-11-24,8.06,8.07,8.15,8.05,19224.0
2020-11-25,8.11,8.19,8.28,8.0,51208.0
2020-11-26,8.15,8.26,8.29,8.13,41934.43
2020-11-27,8.25,8.02,8.25,7.92,46340.0
2020-11-30,8.01,8.04,8.11,7.89,31885.01
2020-12-01,8.01,8.1,8.12,7.97,27922.0
2020-12-02,8.13,8.18,8.23,8.0,29529.0
2020-12-03,8.2,8.23,8.34,8.12,47361.0
2020-12-04,8.29,8.33,8.38,8.22,33335.0
2020-12-07,8.38,8.3,8.38,8.22,28876.93
2020-12-08,8.29,8.28,8.35,8.22,19912.83
2020-12-09,8.29,8.08,8.33,8.08,25669.0
2020-12-10,8.09,8.01,8.15,7.99,24822.0
2020-12-11,8.01,7.9,8.02,7.78,26875.0
2020-12-14,7.86,7.95,7.96,7.82,12935.0
2020-12-15,7.95,7.9,7.98,7.86,12131.0
2020-12-16,7.89,7.58,7.95,7.53,26232.02
2020-12-17,7.56,7.62,7.63,7.41,20741.04
2020-12-18,7.62,7.56,7.67,7.54,14320.03
2020-12-21,7.58,7.51,7.58,7.46,17634.0
2020-12-22,7.48,7.31,7.51,7.31,24219.03
2020-12-23,7.31,7.37,7.39,7.13,27113.0
2020-12-24,7.31,7.05,7.31,7.04,27309.0
2020-12-25,7.04,7.18,7.22,6.97,16955.37
2020-12-28,7.18,7.02,7.18,7.0,17826.54
2020-12-29,7.02,7.28,7.38,6.98,37712.37
2020-12-30,7.21,7.16,7.29,7.14,21844.37
2020-12-31,7.12,7.26,7.35,7.12,25489.0
2021-01-04,7.27,7.28,7.32,7.2,22111.15
2021-01-05,7.27,7.3,7.33,7.23,20254.58
2021-01-06,7.3,7.29,7.34,7.06,35530.97
2021-01-07,7.19,6.95,7.19,6.9,24820.03
2021-01-08,6.95,6.87,7.1,6.75,26696.23
2021-01-11,6.86,6.61,6.9,6.53,28436.1
2021-01-12,6.61,6.65,6.74,6.57,16602.3
2021-01-13,6.74,6.45,6.74,6.39,21716.1
2021-01-14,6.45,6.52,6.63,6.36,18879.28
2021-01-15,6.48,6.69,6.74,6.48,28352.59
2021-01-18,6.67,6.76,6.86,6.6,19838.0
2021-01-19,6.86,6.8,6.86,6.73,21032.39
2021-01-20,6.84,6.93,6.94,6.78,21740.26
2021-01-21,6.93,6.95,7.0,6.82,15512.01
2021-01-22,6.99,6.93,6.99,6.8,20260.04
2021-01-25,6.85,7.08,7.08,6.85,29927.0
2021-01-26,7.08,7.03,7.26,6.92,46378.81
2021-01-27,7.03,6.65,7.73,6.6,81247.44
2021-01-28,6.41,6.39,6.63,6.38,53842.67
2021-01-29,6.53,6.51,6.81,6.43,38196.67
2021-02-01,6.51,6.6,6.64,6.43,29668.0
2021-02-02,6.58,6.57,6.58,6.42,23270.79
2021-02-03,6.55,6.37,6.55,6.36,18162.76
2021-02-04,6.37,6.08,6.41,6.02,30329.0
2021-02-05,6.14,6.09,6.21,6.03,12280.01
2021-02-08,6.08,6.07,6.09,5.97,13051.08
2021-02-09,6.06,6.14,6.18,6.03,10258.0
2021-02-10,6.1,6.22,6.25,6.1,7799.01
2021-02-18,6.28,6.37,6.43,6.24,22402.8
2021-02-19,6.37,6.58,6.58,6.33,19759.98
2021-02-22,6.64,6.73,6.9,6.6,32644.98
2021-02-23,6.74,6.7,6.83,6.63,18459.0
2021-02-24,6.65,6.82,6.91,6.65,26560.36
2021-02-25,6.9,6.81,6.9,6.77,18852.01
2021-02-26,6.71,6.93,7.05,6.69,29956.0
2021-03-01,6.93,7.09,7.15,6.8,28413.03
2021-03-02,7.08,7.07,7.11,6.98,17565.02
2021-03-03,7.08,7.09,7.19,7.03,15084.18
2021-03-04,7.07,7.15,7.22,7.02,21805.01
2021-03-05,7.16,7.25,7.27,7.08,20011.19
2021-03-08,7.27,7.18,7.37,7.17,21835.0
2021-03-09,7.11,7.0,7.23,6.8,29304.0
2021-03-10,7.08,6.9,7.1,6.88,17869.01
2021-03-11,6.9,6.99,7.01,6.8,13508.32
2021-03-12,7.0,6.96,7.04,6.85,15020.32
2021-03-15,6.9,6.96,7.09,6.87,15447.0
2021-03-16,6.96,7.05,7.08,6.93,14656.0
2021-03-17,7.1,7.09,7.11,6.99,13652.0
2021-03-18,7.08,7.03,7.14,7.01,12281.0
2021-03-19,7.01,7.07,7.15,6.91,20267.03
2021-03-22,7.08,7.21,7.23,7.08,21864.5
2021-03-23,7.21,7.08,7.21,7.05,14729.01
2021-03-24,7.08,7.07,7.2,7.05,14041.01
2021-03-25,7.13,7.08,7.2,6.99,18727.01
2021-03-26,7.12,7.2,7.26,7.08,31519.82
2021-03-29,7.22,7.26,7.32,7.17,27365.18
2021-03-30,7.27,7.19,7.3,7.13,27219.18
2021-03-31,7.2,7.38,7.42,7.17,34027.82
2021-04-01,7.4,7.24,7.4,7.21,31137.69
2021-04-02,7.27,7.51,7.58,7.21,35729.1
2021-04-06,7.58,7.75,7.77,7.45,45516.95
2021-04-07,7.73,7.65,7.73,7.56,45554.04
2021-04-08,7.7,7.28,7.79,7.26,57427.54
2021-04-09,7.28,7.32,7.42,7.26,22364.27
2021-04-12,7.33,7.41,7.62,7.3,39058.0
2021-04-13,7.41,7.08,7.42,7.02,36339.0
2021-04-14,7.13,7.23,7.26,7.08,17003.43
2021-04-15,7.16,7.23,7.29,6.95,26712.0
2021-04-16,7.14,7.44,7.47,7.14,20188.0
2021-04-19,7.44,7.49,7.57,7.41,22616.0
2021-04-20,7.5,7.47,7.62,7.42,18436.58
2021-04-21,7.44,7.43,7.47,7.33,13461.0
2021-04-22,7.42,7.44,7.49,7.4,13633.13
2021-04-23,7.43,7.33,7.43,7.26,14811.12
2021-04-26,7.32,7.22,7.32,7.17,20430.13
2021-04-27,7.18,7.12,7.24,7.03,12128.44
2021-04-28,7.15,7.16,7.16,7.02,9482.01
2021-04-29,7.1,7.17,7.27,7.03,19917.51
2021-04-30,7.18,7.08,7.18,7.04,12350.77
2021-05-06,7.11,6.88,7.15,6.72,30956.01
2021-05-07,6.86,6.83,6.89,6.74,12630.99
2021-05-10,6.83,6.97,6.99,6.83,17395.0
2021-05-11,6.96,7.02,7.1,6.87,11108.01
2021-05-12,6.97,7.07,7.07,6.96,8420.0
2021-05-13,7.12,7.04,7.12,7.01,12894.0
2021-05-14,7.08,7.05,7.13,7.03,11996.0
2021-05-17,7.07,6.86,7.07,6.86,16949.0
2021-05-18,6.8,6.85,6.89,6.74,14208.98
2021-05-19,6.84,6.82,6.87,6.76,9519.01
2021-05-20,6.87,6.78,6.87,6.76,8498.01
2021-05-21,6.82,6.85,6.91,6.78,12461.0
2021-05-24,6.86,6.95,6.97,6.82,11789.01
2021-05-25,6.96,6.97,6.99,6.92,10204.67
2021-05-26,6.97,6.99,7.02,6.94,8954.81
2021-05-27,6.97,7.13,7.18,6.97,22870.31
2021-05-28,7.13,7.16,7.31,7.12,17324.0
2021-05-31,7.15,6.99,7.27,6.95,36273.15
2021-06-01,7.01,7.03,7.1,6.85,45325.75
2021-06-02,7.01,7.01,7.11,6.98,19747.73
2021-06-03,7.01,7.19,7.21,7.01,31963.22
2021-06-04,7.19,7.08,7.25,7.04,23457.0
2021-06-07,7.01,7.19,7.5,7.01,29854.88
2021-06-08,7.19,7.32,7.36,7.16,29755.12
2021-06-09,7.32,7.29,7.41,7.25,26196.11
2021-06-10,7.28,7.31,7.33,7.23,27923.0
2021-06-11,7.33,7.25,7.38,7.15,31930.19
2021-06-15,7.28,7.14,7.29,7.14,23608.0
2021-06-16,7.23,7.18,7.3,7.1,20695.0
2021-06-17,7.16,7.22,7.32,7.16,21670.0
2021-06-18,7.22,7.38,7.39,7.13,35230.0
2021-06-21,7.37,7.38,7.44,7.3,29974.04
2021-06-22,7.38,7.43,7.47,7.35,29782.01
2021-06-23,7.38,7.38,7.45,7.3,26449.33
2021-06-24,7.32,7.22,7.39,7.2,26434.5
2021-06-25,7.2,7.19,7.3,7.13,29010.01
2021-06-28,7.24,7.41,7.54,7.14,57604.02
2021-06-29,7.36,7.12,7.44,7.09,83148.0
2021-06-30,7.12,7.33,7.48,7.08,54055.4
2021-07-01,7.34,7.22,7.54,7.2,43688.07
2021-07-02,7.2,7.48,7.58,7.2,75128.26
2021-07-05,7.44,7.63,7.66,7.4,81734.94
2021-07-06,7.6,7.63,7.66,7.52,46569.71
2021-07-07,7.53,7.69,7.76,7.53,45745.91
2021-07-08,7.71,7.76,7.78,7.63,39475.6
2021-07-09,7.7,7.62,7.72,7.56,33513.84
2021-07-12,7.69,7.77,7.83,7.63,44218.0
2021-07-13,7.74,7.68,7.83,7.0,34738.62
2021-07-14,7.78,7.56,7.79,7.5,36199.0
2021-07-15,7.68,7.53,7.75,7.4,37134.05
2021-07-16,7.58,7.66,7.74,7.53,25593.15
2021-07-19,7.79,7.78,7.83,7.55,37156.0
2021-07-20,7.82,8.19,8.25,7.7,79790.52
2021-07-21,8.18,8.2,8.26,8.09,45497.0
2021-07-22,8.17,8.22,8.28,8.14,33552.43
2021-07-23,8.28,7.99,8.28,7.96,41330.0
2021-07-26,8.0,8.01,8.18,7.82,36083.28
2021-07-27,7.97,7.87,8.15,7.86,32652.05
2021-07-28,8.14,7.75,8.14,7.62,39439.78
2021-07-29,7.77,7.93,8.03,7.75,31496.0
2021-07-30,8.11,8.02,8.12,7.87,25473.0
2021-08-02,7.96,8.19,8.22,7.96,41181.44
2021-08-03,8.23,8.72,8.93,8.12,121812.42
2021-08-04,8.61,8.66,8.83,8.54,57536.29
2021-08-05,8.64,8.61,8.7,8.47,42399.11
2021-08-06,8.51,8.48,8.61,8.38,36520.05
2021-08-09,8.64,8.76,8.78,8.46,47369.04
2021-08-10,8.82,8.59,8.82,8.55,43013.71
2021-08-11,8.68,8.49,8.68,8.47,31049.24
2021-08-12,8.52,8.64,8.71,8.46,35303.0
2021-08-13,8.6,8.56,8.69,8.48,25657.44
2021-08-16,8.47,8.4,8.62,8.38,35669.44
2021-08-17,8.45,8.24,8.6,8.21,43245.26
2021-08-18,8.21,8.26,8.33,8.1,27695.01
2021-08-19,8.37,8.53,8.67,8.23,49511.0
2021-08-20,8.6,8.42,8.6,8.3,37076.0
2021-08-23,8.43,8.53,8.58,8.39,32054.0
2021-08-24,8.56,8.61,8.65,8.46,31434.18
2021-08-25,8.61,8.77,8.81,8.6,38006.1
2021-08-26,8.82,8.62,8.83,8.6,33845.0
2021-08-27,8.56,8.32,8.76,8.32,38417.28
2021-08-30,8.32,8.28,8.86,8.27,56813.0
2021-08-31,8.2,8.1,8.38,8.02,44562.85
2021-09-01,8.1,7.85,8.15,7.76,47714.11
2021-09-02,7.85,7.93,7.97,7.77,37439.2
2021-09-03,7.95,7.97,8.16,7.93,34699.02
2021-09-06,7.97,8.12,8.14,7.91,31685.01
2021-09-07,8.13,8.1,8.16,8.05,29092.37
2021-09-08,8.05,8.19,8.2,8.05,30607.33
2021-09-09,8.2,8.28,8.5,8.18,43540.33
2021-09-10,8.27,8.17,8.35,8.17,24225.33
2021-09-13,8.16,8.17,8.23,8.09,18971.0
2021-09-14,8.18,8.99,8.99,8.14,197787.47
2021-09-24,8.93,8.09,8.93,8.09,204122.53
2021-09-27,7.92,7.31,7.93,7.29,136975.16
2021-09-28,7.24,7.36,7.41,7.16,52575.06
2021-09-29,7.31,7.3,7.56,7.22,52417.56
2021-09-30,7.3,7.54,7.57,7.16,56386.65
2021-10-08,7.54,8.29,8.29,7.54,95776.28
2021-10-11,8.48,9.12,9.12,8.35,103040.22
2021-10-12,9.58,10.03,10.03,9.45,391332.07
2021-10-13,9.4,11.03,11.03,9.4,248036.02
2021-10-14,10.45,9.93,10.76,9.93,374778.8
2021-10-15,9.93,9.48,10.08,9.19,319368.97
2021-10-18,9.55,9.63,9.79,9.36,236715.21
2021-10-19,9.47,9.68,9.75,9.29,204131.0
2021-10-20,9.62,9.63,9.66,9.2,166916.07
2021-10-21,9.47,9.4,10.08,9.26,241175.29
2021-10-22,9.41,9.14,9.57,8.94,179363.46
2021-10-25,9.0,9.26,9.32,8.77,127467.68
2021-10-26,9.26,9.35,9.78,9.12,183226.58
2021-10-27,9.25,9.27,9.6,9.07,133031.18
2021-10-28,9.19,8.95,9.2,8.58,128180.51
2021-10-29,8.85,8.86,9.02,8.7,80130.42
2021-11-01,8.82,8.99,9.06,8.8,85850.51
2021-11-02,8.9,9.03,9.5,8.71,149880.27
2021-11-03,8.9,9.58,9.79,8.88,211213.16
2021-11-04,9.37,9.61,9.66,9.23,150679.63
2021-11-05,9.54,9.42,9.86,9.34,121903.3
2021-11-08,9.4,9.36,9.59,9.26,75631.9
2021-11-09,9.35,9.19,9.39,9.1,70486.0
2021-11-10,9.19,9.35,9.63,9.12,80572.96
2021-11-11,9.3,9.72,9.86,9.23,156452.84
2021-11-12,9.7,9.99,10.19,9.64,141079.54
2021-11-15,9.98,9.81,10.02,9.6,90158.01
2021-11-16,9.76,9.58,9.89,9.5,78370.1
2021-11-17,9.53,9.98,9.99,9.4,91050.23
2021-11-18,9.9,9.53,10.04,9.51,84672.0
2021-11-19,9.53,9.61,9.98,9.45,71957.14
2021-11-22,9.68,9.45,9.72,9.16,86844.15
2021-11-23,9.49,9.33,9.53,9.25,54617.71
2021-11-24,9.39,9.31,9.64,9.2,69064.33
2021-11-25,9.3,9.32,9.36,9.21,42198.01
2021-11-26,9.32,9.07,9.33,9.04,49105.1
2021-11-29,8.94,9.04,9.14,8.88,38507.94
2021-11-30,9.05,9.12,9.27,9.04,38740.48
2021-12-01,9.1,9.51,9.51,9.06,65750.52
2021-12-02,9.51,9.1,9.51,9.1,60784.0
2021-12-03,9.11,9.05,9.2,9.02,36204.0
2021-12-06,9.09,8.63,9.11,8.6,63521.97
2021-12-07,8.63,8.67,8.74,8.41,36089.2
2021-12-08,8.67,8.7,8.76,8.61,25301.26
2021-12-09,8.7,8.77,8.86,8.66,27588.0
2021-12-10,8.8,8.88,8.9,8.67,26902.47
2021-12-13,8.88,8.88,8.94,8.72,21261.0
2021-12-14,8.87,8.92,8.93,8.78,24782.0
2021-12-15,8.92,8.89,8.93,8.82,18318.0
2021-12-16,8.89,9.16,9.3,8.85,58460.0
2021-12-17,9.12,9.04,9.19,8.98,37249.0
2021-12-20,8.98,8.72,9.08,8.71,27090.0
2021-12-21,8.7,8.87,8.88,8.69,24042.0
2021-12-22,8.92,8.99,9.05,8.82,28330.0
2021-12-23,8.96,8.85,8.98,8.8,27117.0
2021-12-24,8.85,8.58,8.91,8.57,28740.33
2021-12-27,8.68,8.59,8.68,8.47,16241.0
2021-12-28,8.59,8.73,8.75,8.58,14734.0
2021-12-29,8.74,8.75,8.76,8.61,15575.0
2021-12-30,8.7,8.87,8.94,8.7,20882.0
2021-12-31,8.87,8.92,8.93,8.8,23005.33
2022-01-04,8.94,9.06,9.1,8.93,33660.0
2022-01-05,9.07,8.94,9.22,8.88,41238.38
2022-01-06,8.93,8.93,9.07,8.9,21457.0
2022-01-07,9.02,8.8,9.05,8.78,27940.3
2022-01-10,8.8,8.98,9.03,8.58,26057.3
2022-01-11,8.93,9.02,9.12,8.92,24368.71
2022-01-12,9.01,9.03,9.14,9.0,20492.0
2022-01-13,9.15,9.12,9.19,9.04,40615.0
2022-01-14,9.1,8.99,9.22,8.97,33688.0
2022-01-17,9.1,9.4,9.45,9.0,72926.33
2022-01-18,9.38,9.2,9.47,9.17,53216.0
2022-01-19,9.17,9.33,9.39,9.15,50006.3
2022-01-20,9.35,8.87,9.38,8.81,58354.05
2022-01-21,8.87,9.04,9.17,8.86,39651.71
2022-01-24,9.06,8.7,9.09,8.68,31700.0
2022-01-25,8.7,8.02,8.83,8.01,55520.0
2022-01-26,8.02,8.17,8.24,8.0,32887.09
2022-01-27,8.2,7.78,8.22,7.77,25921.0
2022-01-28,7.81,8.22,8.38,7.81,32539.01
2022-02-07,8.42,8.32,8.49,8.17,22757.33
2022-02-08,8.45,8.53,8.53,8.28,20750.33
2022-02-09,8.49,8.76,8.84,8.49,31259.26
2022-02-10,8.8,8.77,8.83,8.67,24280.91
2022-02-11,8.74,8.48,8.8,8.47,26650.01
2022-02-14,8.51,8.48,8.65,8.4,19215.0
2022-02-15,8.49,8.42,8.61,8.36,21711.01
2022-02-16,8.45,8.72,8.76,8.45,30796.01
2022-02-17,8.62,8.7,8.8,8.55,26853.26
2022-02-18,8.8,8.8,8.8,8.61,18294.26
2022-02-21,8.9,9.15,9.26,8.87,51812.0
2022-02-22,9.11,9.16,9.28,9.03,55544.0
2022-02-23,9.2,9.07,9.24,9.01,28692.13
2022-02-24,9.07,8.89,9.13,8.79,49418.71
2022-02-25,8.93,8.93,9.16,8.9,27529.0
2022-02-28,8.91,8.89,9.03,8.77,26241.0
2022-03-01,8.83,9.04,9.09,8.83,25500.0
2022-03-02,9.04,9.1,9.11,8.98,23034.0
2022-03-03,9.11,8.96,9.14,8.9,19959.0
2022-03-04,9.08,8.7,9.08,8.68,26994.01
2022-03-07,8.76,8.61,8.81,8.57,23351.0
2022-03-08,8.64,8.38,8.69,8.33,32447.0
2022-03-09,8.46,8.12,8.49,7.85,31691.0
2022-03-10,8.39,8.16,8.39,8.12,23809.01
2022-03-11,8.1,8.27,8.29,7.91,27380.0
2022-03-14,8.25,8.01,8.32,7.8,22076.0
2022-03-15,8.0,7.67,8.1,7.67,30494.0
2022-03-16,7.72,7.95,8.03,7.57,34565.0
2022-03-17,7.98,7.96,8.1,7.92,30471.71
2022-03-18,7.91,8.02,8.08,7.91,18551.74
2022-03-21,8.05,8.12,8.16,7.94,27340.65
2022-03-22,8.06,8.15,8.23,7.96,30541.0
2022-03-23,8.15,8.97,8.97,8.08,91214.73
2022-03-24,9.05,8.51,9.2,8.51,178586.88
2022-03-25,8.53,8.4,8.61,8.33,94587.0
2022-03-28,8.3,8.36,8.55,8.16,67996.01
2022-03-29,8.34,8.49,8.62,8.26,79290.39
2022-03-30,8.41,8.24,8.45,8.11,66937.13
2022-03-31,8.17,8.31,8.43,8.11,48810.47
2022-04-01,8.2,8.09,8.29,7.96,58491.96
2022-04-06,8.06,8.3,8.33,8.01,42963.71
2022-04-07,8.3,8.11,8.36,8.07,25262.0
2022-04-08,8.22,7.93,8.22,7.9,26179.0
2022-04-11,7.97,7.72,7.97,7.67,23427.0
2022-04-12,7.72,7.93,7.95,7.68,19289.01
2022-04-13,7.92,7.84,7.92,7.73,14350.0
2022-04-14,7.91,7.86,7.94,7.84,15598.44
2022-04-15,7.85,7.67,7.93,7.6,19343.0
2022-04-18,7.62,7.78,7.82,7.5,14242.0
2022-04-19,7.75,7.89,7.95,7.75,14787.0
2022-04-20,7.89,7.83,7.96,7.77,13169.0
2022-04-21,7.77,7.57,7.82,7.54,13976.0
2022-04-22,7.61,7.66,7.74,7.4,14578.0
2022-04-25,7.6,6.9,7.6,6.89,28396.0
2022-04-26,6.89,6.47,6.99,6.43,26741.0
2022-04-27,6.44,6.68,6.7,6.22,19804.01
2022-04-28,6.65,6.7,6.75,6.23,19577.0
2022-04-29,6.71,6.9,6.91,6.71,21266.0
2022-05-05,6.93,7.04,7.07,6.78,13084.0
2022-05-06,6.81,7.02,7.1,6.81,11889.0
2022-05-09,7.08,7.2,7.22,7.04,9140.0
2022-05-10,7.1,7.23,7.25,7.1,10921.0
2022-05-11,7.24,7.17,7.44,7.17,18508.0
2022-05-12,7.17,7.24,7.32,7.09,11243.0
2022-05-13,7.33,7.39,7.42,7.25,13673.0
2022-05-16,7.5,7.45,7.54,7.33,15724.0
2022-05-17,7.5,7.59,7.61,7.39,18912.0
2022-05-18,7.62,7.78,7.83,7.6,25122.01
2022-05-19,7.65,7.87,7.88,7.6,26836.05
2022-05-20,7.92,7.86,8.09,7.85,20353.0
2022-05-23,7.88,7.83,7.92,7.77,18461.0
2022-05-24,7.78,7.57,7.87,7.51,20637.0
2022-05-25,7.58,7.61,7.74,7.58,15443.0
2022-05-26,7.61,7.69,7.8,7.51,16943.66
2022-05-27,7.67,7.66,7.8,7.6,11048.72
2022-05-30,7.8,7.7,7.8,7.64,14588.45
2022-05-31,7.73,7.9,7.92,7.65,24253.0
2022-06-01,7.9,7.9,7.99,7.8,14311.6
2022-06-02,7.88,7.96,7.97,7.83,11686.0
2022-06-06,7.95,8.03,8.11,7.91,16135.0
2022-06-07,8.05,8.0,8.09,7.88,12786.0
2022-06-08,8.04,7.97,8.1,7.86,16708.0
2022-06-09,7.96,7.82,7.96,7.79,12777.93
2022-06-10,7.8,7.88,7.95,7.74,11591.01
2022-06-13,7.86,7.87,7.97,7.69,20758.01
2022-06-14,7.81,7.74,7.82,7.58,19299.18
2022-06-15,7.74,7.74,7.86,7.73,13645.0
2022-06-16,7.74,7.84,7.85,7.71,11546.0
2022-06-17,7.83,7.77,7.86,7.65,13916.0
2022-06-20,7.78,7.88,7.97,7.76,14939.67
2022-06-21,7.85,7.91,7.93,7.8,14033.0
2022-06-22,7.92,7.9,7.97,7.85,18872.0
2022-06-23,7.9,8.06,8.07,7.9,21382.01
2022-06-24,8.07,8.2,8.24,7.97,26194.0
2022-06-27,8.2,8.17,8.26,8.11,27840.0
2022-06-28,8.23,8.27,8.28,8.05,20831.0
2022-06-29,8.25,8.26,8.47,8.18,32765.1
2022-06-30,8.25,8.23,8.44,8.16,21828.0
2022-07-01,8.3,8.22,8.3,8.06,17018.68
2022-07-04,8.22,8.28,8.3,8.1,14364.0
2022-07-05,8.18,8.16,8.35,8.06,19583.01
2022-07-06,8.23,8.08,8.24,7.99,15083.33
2022-07-07,8.1,8.11,8.2,7.94,12623.0
2022-07-08,8.12,8.23,8.27,8.09,20868.84
2022-07-11,8.24,8.14,8.25,8.01,18425.53
2022-07-12,8.14,7.96,8.14,7.92,15259.01
2022-07-13,8.01,8.13,8.19,7.97,12021.01
2022-07-14,8.17,8.25,8.32,8.13,22356.0
2022-07-15,8.22,8.16,8.24,8.08,18771.81
2022-07-18,8.1,8.37,8.41,8.1,35659.01
2022-07-19,8.37,8.53,8.56,8.32,25015.01
2022-07-20,8.53,8.48,8.53,8.38,20561.0
2022-07-21,8.48,8.4,8.58,8.39,16378.23
2022-07-22,8.4,8.42,8.5,8.32,17260.0
2022-07-25,8.44,8.42,8.53,8.28,18455.0
2022-07-26,8.36,8.6,8.69,8.29,26521.0
2022-07-27,8.58,8.64,8.66,8.49,23210.0
2022-07-28,8.63,8.66,8.84,8.59,24029.0
2022-07-29,8.71,8.63,8.8,8.54,22649.0
2022-08-01,8.55,8.6,8.69,8.5,15421.0
2022-08-02,8.55,8.16,8.55,8.1,33593.0
2022-08-03,8.16,8.27,8.5,8.16,29873.0
2022-08-04,8.26,8.45,8.46,8.26,16702.01
2022-08-05,8.44,8.55,8.57,8.38,18322.15
2022-08-08,8.53,8.78,8.79,8.48,30473.01
2022-08-09,8.78,9.66,9.66,8.69,132760.7
2022-08-10,9.94,10.32,10.63,9.81,472253.0
2022-08-11,9.53,9.94,10.01,9.53,332539.0
2022-08-12,9.77,10.04,10.29,9.44,271003.46
2022-08-15,9.8,9.68,9.94,9.65,168293.42
2022-08-16,9.72,9.5,9.82,9.41,125212.94
2022-08-17,9.4,9.22,9.42,9.12,119855.02
2022-08-18,9.2,9.22,9.31,9.15,80848.02
2022-08-19,9.29,8.93,9.38,8.89,102604.06
2022-08-22,8.89,8.98,9.02,8.85,49286.0
2022-08-23,8.96,8.93,9.02,8.87,40240.78
2022-08-24,8.9,8.56,8.93,8.55,67026.99
2022-08-25,8.62,8.42,8.66,8.3,52065.09
2022-08-26,8.47,8.45,8.61,8.42,36535.0
2022-08-29,8.35,8.5,8.5,8.27,20958.1
2022-08-30,8.49,8.68,8.71,8.45,45533.01
2022-08-31,8.72,8.35,8.76,8.3,47136.0
2022-09-01,8.43,8.56,8.69,8.39,48866.01
2022-09-02,8.52,9.0,9.2,8.52,111025.01
2022-09-05,8.93,9.13,9.15,8.8,84190.35
2022-09-06,9.04,9.18,9.22,8.96,62410.34
2022-09-07,9.2,9.12,9.27,9.06,55571.0
2022-09-08,9.13,9.0,9.24,8.97,46038.91
2022-09-09,8.89,9.02,9.06,8.76,46858.25
2022-09-13,9.02,8.82,9.12,8.77,41807.0
2022-09-14,8.7,8.7,8.79,8.6,34462.01
2022-09-15,8.8,8.26,8.83,8.19,52147.01
2022-09-16,8.26,7.92,8.3,7.92,30460.0
2022-09-19,7.96,7.78,8.01,7.77,25740.0
2022-09-20,7.89,8.01,8.04,7.85,26901.0
2022-09-21,8.01,8.24,8.33,7.86,36795.01
2022-09-22,8.23,8.22,8.32,8.17,21572.0
2022-09-23,8.22,8.25,8.42,8.18,39601.02
2022-09-26,8.23,7.82,8.23,7.82,36415.0
2022-09-27,7.86,8.03,8.12,7.86,26535.14
2022-09-28,8.08,7.78,8.08,7.78,20035.1
2022-09-29,7.89,7.63,7.94,7.54,27203.8
2022-09-30,7.55,7.44,7.68,7.43,19073.0
2022-10-10,7.45,7.5,7.58,7.13,26327.0
2022-10-11,7.49,7.64,7.68,7.42,22402.0
2022-10-12,7.63,7.92,7.93,7.62,34172.8
2022-10-13,7.93,8.25,8.41,7.86,60001.94
2022-10-14,8.26,8.22,8.49,8.17,37842.01
2022-10-17,8.2,8.23,8.3,8.17,24724.0
2022-10-18,8.23,8.48,8.56,8.23,41633.0
2022-10-19,8.38,8.5,8.55,8.33,30868.0
2022-10-20,8.5,8.26,8.55,8.26,36860.0
2022-10-21,8.26,8.35,8.43,8.19,24142.0
2022-10-24,8.35,8.2,8.48,8.15,25134.71
2022-10-25,8.29,8.08,8.29,8.04,26746.0
2022-10-26,8.1,8.24,8.31,8.06,29635.0
2022-10-27,8.23,8.45,8.88,8.14,77446.01
2022-10-28,8.32,8.54,8.65,8.25,73772.8
2022-10-31,8.46,8.39,8.67,8.33,62617.33
2022-11-01,8.35,8.51,8.54,8.28,49502.0
2022-11-02,8.36,8.63,8.7,8.35,70491.0
2022-11-03,8.5,8.47,8.55,8.32,47192.55
2022-11-04,8.49,8.48,8.53,8.39,45973.71
2022-11-07,8.53,8.61,8.61,8.43,54744.26
2022-11-08,8.55,8.52,8.59,8.38,31369.94
2022-11-09,8.57,8.49,8.57,8.42,21807.92
2022-11-10,8.45,8.25,8.45,8.23,40734.97
2022-11-11,8.38,8.44,8.55,8.3,56292.0
2022-11-14,8.48,8.37,8.51,8.33,26606.74
2022-11-15,8.36,8.42,8.42,8.31,26179.0
2022-11-16,8.4,8.65,8.68,8.37,61120.96
2022-11-17,8.66,8.72,8.78,8.54,52466.0
2022-11-18,8.81,8.62,8.84,8.6,53335.0
2022-11-21,8.68,8.59,8.73,8.51,32138.53
2022-11-22,8.61,8.76,8.89,8.52,86311.0
2022-11-23,8.62,8.34,8.74,8.24,76401.01
2022-11-24,8.41,9.17,9.17,8.36,118077.72
2022-11-25,8.97,9.03,9.46,8.88,224501.98
2022-11-28,8.8,8.92,9.02,8.76,113469.26
2022-11-29,8.84,8.92,8.92,8.71,116993.92
2022-11-30,8.85,9.17,9.34,8.72,186753.0
2022-12-01,9.01,9.1,9.3,9.01,121901.77
2022-12-02,9.15,9.06,9.18,9.02,76367.0
2022-12-05,9.09,9.15,9.19,8.9,94024.09
2022-12-06,9.13,8.95,9.13,8.87,63528.06
2022-12-07,8.94,8.83,8.94,8.8,47310.0
2022-12-08,8.85,8.78,8.88,8.67,40680.0
2022-12-09,8.73,8.77,8.87,8.73,36501.0
2022-12-12,8.73,8.94,8.94,8.59,56502.62
2022-12-13,8.84,8.92,8.98,8.76,45623.0
2022-12-14,8.95,8.88,9.15,8.83,54346.13
2022-12-15,8.88,9.03,9.06,8.8,44599.83
2022-12-16,8.95,8.7,8.99,8.7,41825.73
2022-12-19,8.75,8.45,8.78,8.41,34938.02
2022-12-20,8.45,8.46,8.54,8.38,18881.0
2022-12-21,8.51,8.15,8.53,8.1,37166.0
2022-12-22,8.2,8.0,8.25,7.97,25332.56
2022-12-23,8.08,8.08,8.09,7.92,16528.0
2022-12-26,8.03,8.23,8.27,8.03,15732.71
2022-12-27,8.23,8.49,8.53,8.16,30848.02
2022-12-28,8.46,8.52,8.62,8.43,21990.0
2022-12-29,8.51,8.25,8.51,8.21,16718.0
2022-12-30,8.22,8.28,8.37,8.17,14971.0
2023-01-03,8.33,8.78,8.87,8.26,45278.75
2023-01-04,8.85,8.97,9.02,8.78,49637.78
2023-01-05,8.98,8.94,9.02,8.89,32280.01
2023-01-06,9.02,8.89,9.03,8.87,25901.59
2023-01-09,8.95,8.87,9.02,8.83,21876.0
2023-01-10,8.87,8.83,8.9,8.79,17868.94
2023-01-11,8.81,8.74,8.91,8.72,16482.0
2023-01-12,8.78,8.92,8.96,8.71,24445.0
2023-01-13,8.92,8.8,8.93,8.71,21526.29
2023-01-16,8.79,8.8,8.87,8.72,22445.28
2023-01-17,9.02,9.03,9.47,8.76,72957.9
2023-01-18,9.03,9.07,9.08,8.9,44911.0
2023-01-19,9.08,9.02,9.1,8.95,27279.34
2023-01-20,8.99,9.17,9.23,8.97,39131.85
2023-01-30,9.24,9.36,9.42,9.24,59049.0
2023-01-31,9.36,9.48,9.54,9.27,42593.99
2023-02-01,9.48,9.71,9.77,9.43,46694.01
2023-02-02,9.67,9.67,9.88,9.63,50165.85
2023-02-03,9.66,9.43,9.75,9.3,67027.0
2023-02-06,9.43,9.8,9.88,9.41,76788.0
2023-02-07,9.8,9.85,9.98,9.61,58183.0
2023-02-08,9.78,9.99,10.05,9.78,75781.33
2023-02-09,9.94,10.11,10.11,9.84,51731.84
2023-02-10,10.01,10.17,10.2,9.99,45575.0
2023-02-13,10.15,9.89,10.15,9.72,83269.17
2023-02-14,9.96,9.94,9.99,9.79,48179.0
2023-02-15,9.94,10.05,10.08,9.88,35650.94
2023-02-16,10.04,9.75,10.14,9.61,51533.94
2023-02-17,9.74,9.61,9.81,9.58,34708.01
2023-02-20,9.61,9.62,9.7,9.43,26507.0
2023-02-21,9.66,9.59,9.72,9.51,24340.0
2023-02-22,9.59,9.74,9.76,9.4,29606.79
2023-02-23,9.75,9.69,9.79,9.62,25692.0
2023-02-24,9.69,9.74,9.83,9.63,21016.63
2023-02-27,9.67,9.77,9.83,9.64,30109.01
2023-02-28,9.88,9.95,10.09,9.8,53190.03
2023-03-01,10.01,10.2,10.36,9.95,55297.0
2023-03-02,10.19,10.22,10.47,10.12,40839.39
2023-03-03,10.22,10.09,10.29,9.98,41073.0
2023-03-06,10.07,10.19,10.35,9.95,36549.14
2023-03-07,10.12,9.78,10.19,9.75,42765.94
2023-03-08,9.76,10.14,10.14,9.76,49375.02
2023-03-09,10.12,10.28,10.45,9.96,43843.0
2023-03-10,10.22,10.15,10.3,10.06,29352.0
2023-03-13,10.08,10.16,10.25,10.02,29205.0
2023-03-14,10.19,10.08,10.19,9.92,29978.0
2023-03-15,10.06,10.08,10.26,10.03,28317.01
2023-03-16,10.14,9.93,10.14,9.89,26781.0
2023-03-17,10.03,10.18,10.26,9.93,40244.0
2023-03-20,10.22,10.1,10.28,10.0,30525.0
2023-03-21,10.11,10.15,10.19,9.99,21525.0
2023-03-22,10.19,10.48,10.53,10.07,49554.0
2023-03-23,10.53,10.55,10.57,10.35,34878.0
2023-03-24,10.5,10.78,10.88,10.31,53446.33
2023-03-27,10.77,11.86,11.86,10.72,63623.85
2023-03-28,12.06,12.75,13.05,11.94,407182.91
2023-03-29,11.63,12.1,12.46,11.63,308658.91
2023-03-30,11.72,11.33,11.86,11.28,204962.03
2023-03-31,11.39,11.28,11.46,11.03,130253.3
2023-04-03,11.19,11.46,11.46,11.1,136631.0
2023-04-04,11.48,11.11,11.48,11.07,133510.01
2023-04-06,11.04,11.28,11.46,10.91,103109.13
2023-04-07,11.16,11.22,11.35,11.12,77930.11
2023-04-10,11.28,11.04,11.3,10.88,69292.0
2023-04-11,10.95,11.01,11.14,10.87,48883.85
2023-04-12,11.16,11.25,11.31,10.97,57456.0
2023-04-13,11.18,10.91,11.2,10.9,60250.86
2023-04-14,10.91,11.08,11.25,10.91,48545.83
2023-04-17,11.08,10.93,11.09,10.9,35531.0
2023-04-18,10.92,11.15,11.31,10.9,53615.04
2023-04-19,11.1,11.05,11.28,11.01,46820.38
2023-04-20,11.01,11.01,11.2,10.93,51130.0
2023-04-21,11.0,10.49,11.07,10.43,89292.85
2023-04-24,10.54,10.68,10.86,10.52,51029.0
2023-04-25,10.67,10.25,10.67,10.09,54336.08
2023-04-26,10.26,10.09,10.58,10.06,47405.0
2023-04-27,10.11,10.02,10.27,9.99,40958.08
2023-04-28,9.97,10.86,10.98,9.97,71735.0
2023-05-04,10.86,11.22,11.24,10.86,57497.1
2023-05-05,11.22,11.06,11.43,10.98,42487.0
2023-05-08,11.11,11.45,11.54,11.08,64203.0
2023-05-09,11.54,11.23,11.57,11.1,44679.0
2023-05-10,11.23,11.29,11.35,11.2,25827.0
2023-05-11,11.22,12.14,12.42,11.22,134455.01
2023-05-12,12.23,13.13,13.3,11.9,220266.59
2023-05-15,12.76,12.6,12.87,12.23,124682.79
2023-05-16,12.71,13.12,13.44,12.32,154558.01
2023-05-17,13.22,13.02,13.44,12.56,136936.33
2023-05-18,12.8,12.82,13.1,12.7,86948.67
2023-05-19,12.66,12.43,12.93,12.43,89892.0
2023-05-22,12.43,12.53,12.69,12.26,68527.0
2023-05-23,12.53,12.44,12.73,12.37,35937.01
2023-05-24,12.44,12.98,13.17,12.39,97427.0
2023-05-25,13.1,13.3,13.38,12.93,84090.0
2023-05-26,13.3,13.14,13.4,12.85,78761.08
2023-05-29,13.14,12.84,13.44,12.8,57872.0
2023-05-30,12.9,12.86,12.97,12.71,68632.19
2023-05-31,12.85,12.96,13.01,12.7,39828.01
2023-06-01,12.96,12.66,12.97,12.61,55244.0
2023-06-02,12.74,12.7,12.86,12.66,26134.0
2023-06-05,12.69,12.94,13.22,12.59,52361.0
2023-06-06,13.03,12.84,13.29,12.78,33990.01
2023-06-07,12.85,13.06,13.14,12.82,33100.0
2023-06-08,13.06,13.1,13.3,12.95,39870.68
2023-06-09,13.13,13.72,13.97,13.0,98255.42
2023-06-12,13.73,14.07,14.2,13.6,85239.95
2023-06-13,14.19,15.48,15.48,14.09,96607.02
2023-06-14,15.24,15.03,15.82,14.71,206261.01
2023-06-15,14.81,15.14,15.8,14.8,147817.81
2023-06-16,14.61,14.95,15.26,14.6,92800.48
2023-06-19,15.03,14.83,15.35,14.76,58508.8
2023-06-20,14.91,15.1,15.25,14.7,57919.0
2023-06-21,15.28,14.94,15.37,14.74,50204.46
2023-06-26,15.06,14.91,15.22,14.76,45008.85
2023-06-27,14.8,14.73,15.15,14.5,45656.9
2023-06-28,14.73,14.47,14.73,14.26,39856.0
2023-06-29,14.52,14.68,14.83,14.35,31176.0
2023-06-30,14.57,14.63,14.83,14.44,28851.0
2023-07-03,14.63,14.68,14.8,14.45,28858.0
2023-07-04,14.68,14.94,15.07,14.68,36287.0
2023-07-05,14.99,14.53,15.38,14.35,56428.01
2023-07-06,14.51,14.84,15.3,14.44,50233.0
2023-07-07,15.03,14.86,15.1,14.48,33033.83
2023-07-10,14.97,14.6,15.1,14.52,28333.0
2023-07-11,14.56,14.18,14.65,14.06,56526.15
2023-07-12,14.19,13.65,14.21,13.58,50185.17
2023-07-13,13.7,13.53,13.83,13.46,35542.02
2023-07-14,13.61,13.76,13.84,13.53,32673.9
2023-07-17,13.8,13.72,14.54,13.63,59864.17
2023-07-18,13.73,13.38,13.95,13.35,43659.0
2023-07-19,13.41,13.52,13.58,13.21,31210.84
2023-07-20,13.53,14.25,14.34,13.52,82264.86
2023-07-21,14.12,14.17,14.32,13.64,85557.2
2023-07-24,14.09,13.89,14.19,13.75,42333.01
2023-07-25,13.98,13.53,13.98,13.53,38218.8
2023-07-26,13.5,13.54,13.63,13.34,26810.0
2023-07-27,13.54,13.62,13.89,13.5,26960.0
2023-07-28,13.62,13.84,13.99,13.43,25241.8
2023-07-31,13.89,14.69,14.87,13.89,68653.01
2023-08-01,14.68,15.06,15.15,14.58,53739.0
2023-08-02,15.12,15.38,15.46,14.99,49054.0
2023-08-03,15.49,15.1,16.68,14.81,94035.0
2023-08-04,15.36,15.73,15.92,14.82,56451.28
2023-08-07,15.87,15.12,15.87,15.07,63910.0
2023-08-08,15.16,15.26,15.4,15.06,41542.0
2023-08-09,15.31,14.95,15.31,14.94,32654.94
2023-08-10,14.97,14.97,15.15,14.93,15697.0
2023-08-11,15.07,14.84,15.17,14.79,25029.0
2023-08-14,14.82,14.35,14.9,14.27,42568.04
2023-08-15,14.43,13.78,14.55,13.7,53518.0
2023-08-16,13.77,13.74,14.03,13.4,47677.0
2023-08-17,13.85,13.83,14.26,13.54,53310.0
2023-08-18,13.83,13.83,14.24,13.68,39582.0
2023-08-21,13.83,13.84,14.25,13.81,34608.0
2023-08-22,13.84,14.33,14.39,13.84,46740.0
2023-08-23,14.29,13.65,14.43,13.59,42599.0
2023-08-24,13.75,13.62,13.95,13.55,35850.0
2023-08-25,13.62,13.36,13.62,13.25,27729.0
2023-08-28,13.88,13.4,14.17,13.3,35829.42
2023-08-29,13.51,14.02,14.07,13.38,33598.47
2023-08-30,14.16,14.26,14.31,13.9,29460.9
2023-08-31,14.24,14.15,14.57,14.09,28192.0
2023-09-01,14.24,13.97,14.24,13.86,17980.01
2023-09-04,14.01,14.63,14.76,13.98,49738.34
2023-09-05,14.63,14.76,14.95,14.56,37222.0
2023-09-06,14.68,14.91,14.93,14.46,23732.0
2023-09-07,14.91,14.75,15.05,14.75,20327.0
2023-09-08,14.77,14.95,14.99,14.54,25848.0
2023-09-11,15.06,14.95,15.08,14.75,23616.0
2023-09-12,14.95,14.96,15.07,14.76,21645.0
2023-09-13,14.97,14.58,15.08,14.51,23720.0
2023-09-14,14.78,14.45,14.8,14.31,25348.0
2023-09-15,14.7,14.3,14.7,14.08,24135.46
2023-09-18,14.39,14.54,14.66,14.08,25843.0
2023-09-19,14.51,14.03,14.51,14.0,21740.49
2023-09-20,14.02,13.87,14.24,13.82,19053.0
2023-09-21,13.96,14.0,14.08,13.76,16297.17
2023-09-22,14.01,15.4,15.4,14.0,122375.9
2023-09-25,15.44,15.2,15.8,14.96,111566.32
2023-09-26,15.09,15.33,15.8,15.0,105980.64
2023-09-27,15.07,15.1,15.3,14.81,71736.43
2023-09-28,15.18,14.96,15.21,14.91,43496.0
2023-10-09,15.01,15.02,15.24,14.84,46793.43
2023-10-10,15.08,14.8,15.08,14.78,36029.15
2023-10-11,14.79,14.81,14.98,14.53,34836.04
2023-10-12,15.01,14.64,15.18,14.52,40404.0
2023-10-13,14.59,14.37,14.59,14.28,31878.0
2023-10-16,14.36,14.24,14.45,14.15,28946.0
2023-10-17,14.19,14.22,14.39,14.12,27959.1
2023-10-18,14.22,13.79,14.23,13.73,41125.0
2023-10-19,13.75,13.54,13.88,13.51,31340.0
2023-10-20,13.75,13.22,13.75,13.15,26351.0
2023-10-23,13.19,12.79,13.23,12.68,40483.0
2023-10-24,12.89,13.51,13.51,12.74,35762.0
2023-10-25,13.5,13.69,13.83,13.31,22589.0
2023-10-26,13.71,13.51,13.79,13.3,32826.0
2023-10-27,13.51,13.58,13.67,13.4,24077.02
2023-10-30,13.46,13.98,14.01,13.4,26931.91
2023-10-31,13.93,14.32,14.68,13.92,51291.11
2023-11-01,14.4,14.81,14.87,14.27,39805.15
2023-11-02,14.62,14.41,14.86,14.36,33716.0
2023-11-03,14.38,14.63,14.85,14.38,28645.8
2023-11-06,14.63,14.5,14.88,14.44,24339.0
2023-11-07,14.53,14.6,14.64,14.35,23520.0
2023-11-08,14.58,14.61,14.73,14.49,23664.0
2023-11-09,14.72,14.48,15.0,14.39,38015.74
2023-11-10,14.59,14.19,14.59,14.02,32485.0
2023-11-13,14.19,14.44,14.67,14.08,32666.0
2023-11-14,14.44,14.51,14.58,14.39,15517.9
2023-11-15,14.51,14.39,14.59,14.24,21431.0
2023-11-16,14.31,14.29,14.54,14.29,18211.0
2023-11-17,14.26,14.73,14.73,14.23,32094.0
2023-11-20,14.8,14.57,14.82,14.43,25515.85
2023-11-21,14.56,14.44,14.62,14.4,18233.74
2023-11-22,14.44,14.43,14.65,14.34,17994.0
2023-11-23,14.37,14.38,14.5,14.23,17221.0
2023-11-24,14.47,14.23,14.5,14.13,17096.0
2023-11-27,14.27,14.04,14.4,13.92,28087.9
2023-11-28,14.0,13.78,14.1,13.6,44803.0
2023-11-29,13.97,13.58,13.97,13.57,23236.0
2023-11-30,13.58,13.42,13.67,13.17,26850.0
2023-12-01,13.43,13.49,13.54,13.03,29907.0
2023-12-04,13.49,13.51,13.78,13.34,34076.0
2023-12-05,13.6,13.19,13.6,13.18,25217.0
2023-12-06,13.2,13.23,13.37,13.1,19106.01
2023-12-07,13.23,13.17,13.3,13.03,22567.0
2023-12-08,13.36,12.89,13.36,12.88,27220.0
2023-12-11,13.02,13.05,13.11,12.67,35609.0
2023-12-12,13.17,13.12,13.33,12.92,26832.5
2023-12-13,13.12,12.91,13.19,12.9,23015.0
2023-12-14,12.98,12.87,13.08,12.81,20260.5
2023-12-15,12.82,12.85,13.02,12.74,20333.0
2023-12-18,12.89,12.71,12.9,12.68,29220.5
2023-12-19,12.7,12.76,12.85,12.59,17424.0
2023-12-20,12.78,12.6,12.92,12.6,13391.0
2023-12-21,12.51,12.61,12.73,12.34,24944.0
2023-12-22,12.69,12.34,12.69,12.33,19574.0
2023-12-25,12.34,12.24,12.45,12.09,24914.0
2023-12-26,12.38,12.05,12.38,11.92,27298.0
2023-12-27,12.2,12.17,12.2,12.0,14059.0
2023-12-28,12.13,12.28,12.35,11.95,19913.0
2023-12-29,12.27,12.58,12.71,12.2,22372.0
2024-01-02,12.72,12.76,12.83,12.6,22408.03
2024-01-03,12.75,12.62,12.78,12.47,17210.01
2024-01-04,12.69,12.6,12.69,12.47,20174.0
2024-01-05,12.66,12.32,12.68,12.24,13900.0
2024-01-08,12.35,12.06,12.35,12.03,20220.0
2024-01-09,12.11,12.12,12.27,12.03,20840.0
2024-01-10,12.17,11.83,12.17,11.79,20564.0
2024-01-11,11.83,12.13,12.17,11.79,18369.0
2024-01-12,12.19,11.91,12.2,11.88,14736.0
2024-01-15,12.0,11.88,12.0,11.7,15429.0
2024-01-16,11.89,11.79,12.02,11.62,21158.0
2024-01-17,11.79,11.47,11.85,11.47,17019.0
2024-01-18,11.47,11.39,11.6,11.1,28240.0
2024-01-19,11.5,11.22,11.55,11.18,20011.94
2024-01-22,11.18,10.36,11.28,10.3,39468.94
2024-01-23,10.33,10.16,10.5,10.02,46425.95
2024-01-24,10.25,10.35,10.4,9.88,41070.0
2024-01-25,10.38,10.97,10.97,10.33,39738.0
2024-01-26,11.24,10.84,11.24,10.8,27239.01
2024-01-29,11.09,10.45,11.09,10.41,32321.0
2024-01-30,10.42,9.81,10.54,9.8,30631.0
2024-01-31,9.92,9.0,9.92,8.94,55460.0
2024-02-01,9.02,8.82,9.13,8.59,60933.0
2024-02-02,8.98,8.18,9.18,7.94,60818.02
2024-02-05,8.21,7.36,8.3,7.36,74693.01
2024-02-06,6.68,6.85,7.14,6.62,87419.01
2024-02-07,6.7,6.19,6.74,6.17,121300.98
2024-02-08,6.16,6.76,6.81,5.57,114152.28
2024-02-19,7.0,7.44,7.44,7.0,66068.66
2024-02-20,7.63,7.68,7.76,7.3,84814.65
2024-02-21,7.72,8.04,8.25,7.5,74938.96
2024-02-22,8.0,8.84,8.84,8.0,33721.21
2024-02-23,9.34,9.26,9.45,8.83,145141.22
2024-02-26,9.05,8.86,9.2,8.82,115382.01
2024-02-27,8.92,9.75,9.75,8.75,96663.22
2024-02-28,10.45,10.73,10.73,10.44,89109.43
2024-02-29,11.5,11.8,11.8,10.0,214521.02
2024-03-01,12.98,12.98,12.98,12.98,100111.84
2024-03-04,14.28,11.9,14.28,11.68,434420.76
2024-03-05,12.21,13.09,13.09,11.4,519461.95
2024-03-06,11.85,11.78,12.37,11.78,472726.46
2024-03-07,11.13,10.61,11.35,10.6,309041.09
2024-03-08,10.61,11.24,11.52,10.56,298394.05
2024-03-11,11.2,11.29,11.6,11.1,247153.45
2024-03-12,11.23,11.03,11.28,10.85,169631.98
2024-03-13,11.0,11.31,11.96,10.82,270524.2
2024-03-14,11.0,10.74,11.19,10.61,177030.14
2024-03-15,10.85,10.81,10.96,10.58,109707.0
2024-03-18,10.9,11.15,11.2,10.71,151060.71
2024-03-19,11.16,12.27,12.27,11.06,273919.18
2024-03-20,12.27,11.97,12.6,11.82,295606.36
2024-03-21,11.83,11.69,11.98,11.54,182103.0
2024-03-22,11.6,11.2,11.64,11.16,137843.26
2024-03-25,11.0,10.51,11.1,10.51,133382.7
2024-03-26,10.43,10.54,10.72,10.29,86332.0
2024-03-27,10.54,9.89,10.65,9.89,83715.0
2024-03-28,9.9,10.41,10.45,9.85,96774.0
2024-03-29,10.39,10.55,10.55,10.22,79762.0
2024-04-01,10.55,10.71,10.85,10.55,76668.33
2024-04-02,10.74,10.55,10.74,10.46,46690.01
2024-04-03,10.45,10.29,10.59,10.15,49681.0
2024-04-08,10.24,9.97,10.31,9.96,49395.0
2024-04-09,9.97,10.09,10.11,9.87,38735.0
2024-04-10,10.11,9.7,10.12,9.54,56413.97
2024-04-11,9.57,9.66,9.88,9.56,31832.01
2024-04-12,9.66,9.68,9.93,9.59,43783.93
2024-04-15,9.64,8.85,9.68,8.74,85740.02
2024-04-16,8.85,7.97,8.85,7.97,69632.0
2024-04-17,7.94,8.69,8.7,7.94,80319.98
2024-04-18,8.75,8.9,9.15,8.4,73202.01
2024-04-19,8.89,8.88,9.0,8.7,41412.0
2024-04-22,8.7,8.59,8.81,8.33,46393.0
2024-04-23,8.63,8.84,8.88,8.63,42026.66
2024-04-24,8.9,9.22,9.35,8.81,52057.66
2024-04-25,9.18,9.26,9.34,9.1,40738.0
2024-04-26,9.09,10.19,10.19,8.92,212781.39
2024-04-29,10.15,9.78,10.15,9.66,198282.83
2024-04-30,9.73,9.54,9.81,9.32,116323.0
2024-05-06,9.49,9.63,9.69,9.47,88166.0
2024-05-07,9.55,9.81,9.81,9.44,118601.05
2024-05-08,9.85,9.58,10.1,9.58,96854.97
2024-05-09,9.6,9.52,9.66,9.47,62640.0
2024-05-10,9.51,9.19,9.51,9.16,80415.02
2024-05-13,9.15,9.16,9.5,8.83,77718.46
2024-05-14,9.17,9.21,9.35,9.09,37604.0
2024-05-15,9.18,9.12,9.38,9.02,46624.0
2024-05-16,9.02,9.22,9.33,9.02,42030.96
2024-05-17,9.16,9.33,9.36,9.16,40100.0
2024-05-20,9.22,9.07,9.32,8.96,67768.0
2024-05-21,9.07,8.97,9.08,8.85,40499.04
2024-05-22,8.97,9.06,9.1,8.88,31883.0
2024-05-23,9.04,8.81,9.05,8.77,36746.0
2024-05-24,8.81,8.7,8.92,8.65,27150.0
2024-05-27,8.71,8.65,8.81,8.47,22365.72
2024-05-28,8.72,8.62,9.09,8.45,46222.99
2024-05-29,8.47,8.53,8.68,8.43,34174.01
2024-05-30,8.48,8.44,8.58,8.35,23327.0
2024-05-31,8.54,8.57,8.65,8.44,28879.44
2024-06-03,8.61,8.22,8.64,8.14,40978.0
2024-06-04,8.25,7.95,8.25,7.8,49777.0
2024-06-05,7.95,7.72,7.95,7.72,24438.0
2024-06-06,7.73,7.17,7.8,7.05,60401.1
2024-06-07,7.4,7.6,7.66,7.25,61691.99
2024-06-11,7.57,7.6,7.78,7.32,30690.01
2024-06-12,7.65,7.8,7.82,7.53,28147.0
2024-06-13,7.83,7.76,7.92,7.74,25540.01
2024-06-14,7.77,7.97,8.17,7.68,49982.99
2024-06-17,7.86,7.9,8.04,7.8,36489.0
2024-06-18,7.85,8.35,8.69,7.82,112383.44
2024-06-19,8.3,8.24,8.42,8.08,73580.0
2024-06-20,8.15,7.9,8.28,7.85,62863.0
2024-06-21,7.9,7.92,8.11,7.68,35911.0
2024-06-24,7.84,7.43,7.98,7.4,39496.0
2024-06-25,7.6,7.46,7.61,7.4,31851.0
2024-06-26,7.44,7.82,7.83,7.42,33688.0
2024-06-27,7.8,7.7,7.96,7.7,38060.84
2024-06-28,7.7,7.85,7.95,7.66,29669.0
2024-07-01,7.8,7.78,7.9,7.66,24134.01
2024-07-02,7.76,7.81,7.92,7.74,26615.01
2024-07-03,7.86,7.7,7.9,7.69,19834.0
2024-07-04,7.7,7.35,7.77,7.34,24783.0
2024-07-05,7.36,7.42,7.47,7.22,22843.0
2024-07-08,7.37,7.15,7.45,7.13,27587.0
2024-07-09,7.18,7.36,7.37,6.96,24040.0
2024-07-10,7.31,7.12,7.34,7.08,32247.0
2024-07-11,7.25,7.47,7.49,7.21,41620.0
2024-07-12,7.47,7.47,7.59,7.36,25833.0
2024-07-15,7.41,7.22,7.44,7.16,20618.0
2024-07-16,7.22,7.14,7.3,7.07,21016.0
2024-07-17,7.15,6.96,7.21,6.95,29389.0
2024-07-18,6.89,6.73,6.89,6.57,35026.84
2024-07-19,6.73,6.91,6.98,6.61,27293.0
2024-07-22,6.95,7.13,7.2,6.86,34805.0
2024-07-23,7.09,6.96,7.2,6.95,19718.0
2024-07-24,6.94,6.9,7.08,6.86,24040.0
2024-07-25,6.84,6.86,7.0,6.71,19734.0
2024-07-26,6.85,7.05,7.07,6.84,24486.0
2024-07-29,7.12,7.15,7.2,6.92,23964.0
2024-07-30,7.14,7.18,7.23,7.07,32511.0
2024-07-31,7.15,7.39,7.41,7.13,34789.0
2024-08-01,7.42,7.41,7.49,7.36,22616.0
2024-08-02,7.39,7.2,7.41,7.19,27269.0
2024-08-05,7.1,6.91,7.26,6.91,28168.0
2024-08-06,7.09,7.1,7.15,6.98,26960.0
2024-08-07,7.81,7.81,7.81,7.81,18232.0
2024-08-08,8.59,8.59,8.59,8.59,57442.0
2024-08-09,8.3,7.96,8.76,7.9,308310.0
2024-08-12,7.5,7.25,7.65,7.21,187260.72
2024-08-13,7.22,7.14,7.28,7.0,116090.01
2024-08-14,7.23,7.53,7.85,7.16,248469.69
2024-08-15,7.48,7.65,7.75,7.33,210117.98
2024-08-16,7.66,7.52,7.77,7.49,109048.0
2024-08-19,7.41,7.34,7.56,7.3,67672.0
2024-08-20,7.29,7.12,7.35,7.09,61761.0
2024-08-21,7.13,7.16,7.21,7.0,45857.0
2024-08-22,7.12,6.91,7.23,6.89,59209.0
2024-08-23,6.88,6.92,7.06,6.73,58738.0
2024-08-26,6.92,7.13,7.2,6.92,49605.7
2024-08-27,7.07,6.85,7.1,6.77,55416.0
2024-08-28,6.89,6.99,7.07,6.74,43818.0
2024-08-29,6.95,7.16,7.19,6.91,42339.0
2024-08-30,7.11,7.24,7.38,7.11,45650.0
2024-09-02,7.24,7.11,7.29,7.09,33138.0
2024-09-03,7.11,7.18,7.24,7.09,24386.0
2024-09-04,7.14,7.08,7.17,7.05,26818.0
2024-09-05,7.06,7.21,7.22,7.06,28078.94
2024-09-06,7.21,7.0,7.24,6.98,30820.0
2024-09-09,7.0,7.01,7.07,6.87,27040.0
2024-09-10,7.09,7.71,7.71,6.94,77163.28
2024-09-11,7.59,7.5,7.68,7.37,150356.94
2024-09-12,7.49,7.48,7.6,7.42,84342.07
2024-09-13,7.4,7.28,7.69,7.28,92849.0
2024-09-18,7.3,7.23,7.37,7.08,74615.97
2024-09-19,7.32,7.45,7.5,7.22,95526.25
2024-09-20,7.49,7.5,7.58,7.43,95766.0
2024-09-23,7.5,7.58,7.67,7.5,88140.06
2024-09-24,7.56,7.65,7.67,7.43,93577.0
2024-09-25,7.68,7.66,7.86,7.62,108054.25
2024-09-26,7.65,7.79,7.82,7.61,76629.0
2024-09-27,7.92,8.13,8.24,7.79,106750.84
2024-09-30,8.3,8.84,8.89,8.16,147787.04
2024-10-08,9.7,9.25,9.7,8.84,188078.9
2024-10-09,9.12,8.34,9.12,8.33,136942.0
2024-10-10,8.46,8.49,8.79,8.2,99830.15
2024-10-11,8.49,8.05,8.49,7.9,74948.01
2024-10-14,8.18,8.34,8.36,8.05,72071.0
2024-10-15,8.34,8.25,8.48,8.23,60679.0
2024-10-16,8.18,8.68,8.98,8.07,161070.0
2024-10-17,8.68,8.6,9.08,8.53,129954.1
2024-10-18,8.49,8.81,8.9,8.45,125296.44
2024-10-21,9.0,9.23,9.52,8.84,209474.0
2024-10-22,9.19,9.0,9.34,8.86,117121.29
2024-10-23,8.96,9.14,9.37,8.88,110363.0
2024-10-24,9.07,9.78,9.83,8.97,253879.1
2024-10-25,9.94,10.76,10.76,9.63,291990.0
2024-10-28,10.8,11.32,11.8,10.31,410409.76
2024-10-29,11.29,10.41,11.29,10.4,300768.04
2024-10-30,10.1,10.24,10.5,10.06,173301.2
2024-10-31,10.24,10.31,10.6,10.15,178163.04
2024-11-01,10.2,9.5,10.25,9.45,169071.47
2024-11-04,9.26,9.73,9.87,9.26,100805.15
2024-11-05,9.76,9.85,9.97,9.66,97135.86
2024-11-06,9.9,9.79,10.01,9.71,112876.0
2024-11-07,9.68,10.02,10.1,9.66,88252.02
2024-11-08,10.1,9.96,10.37,9.91,94838.0
2024-11-11,10.0,10.29,10.29,9.85,96770.77
2024-11-12,10.3,10.09,10.38,9.97,83910.05
2024-11-13,10.0,10.52,10.6,9.98,197330.02
2024-11-14,10.42,10.16,10.58,10.13,132498.12
2024-11-15,10.12,9.88,10.35,9.86,109950.58
2024-11-18,9.87,9.31,9.93,9.2,112304.0
2024-11-19,9.3,9.61,9.62,9.22,57546.0
2024-11-20,9.82,10.14,10.14,9.62,92589.03
2024-11-21,10.07,10.04,10.32,9.9,70398.13
2024-11-22,10.02,9.47,10.08,9.45,68088.84
2024-11-25,9.55,9.78,9.79,9.41,56759.68
2024-11-26,9.88,9.77,10.12,9.75,46939.0
2024-11-27,9.7,10.06,10.06,9.3,71549.0
2024-11-28,10.11,9.94,10.19,9.91,50205.47
2024-11-29,9.94,9.97,10.12,9.73,57378.01
2024-12-02,10.1,10.39,10.88,9.98,118827.0
2024-12-03,10.41,10.54,10.67,10.31,129348.28
2024-12-04,10.41,10.46,10.6,10.35,119674.0
2024-12-05,10.56,10.54,10.68,10.4,88744.0
2024-12-06,10.51,10.64,10.79,10.44,86949.32
2024-12-09,10.64,10.49,10.88,10.4,88032.0
2024-12-10,10.69,10.59,10.72,10.39,97209.0
2024-12-11,10.55,10.67,10.71,10.48,86221.0
2024-12-12,10.7,10.98,11.0,10.59,101248.0
2024-12-13,10.9,10.58,10.93,10.55,72433.0
2024-12-16,10.6,11.64,11.64,10.55,115456.36
2024-12-17,11.64,10.8,11.88,10.7,335560.08
2024-12-18,10.91,11.88,11.88,10.91,86300.1
2024-12-19,11.88,13.07,13.07,11.54,430469.3
2024-12-20,13.3,12.34,14.26,12.31,476551.44
2024-12-23,11.59,11.11,11.84,11.11,186545.23
2024-12-24,10.22,10.0,10.49,10.0,186021.03
2024-12-25,9.69,9.7,10.09,9.31,226209.0
2024-12-26,9.75,10.09,10.29,9.61,178724.76
2024-12-27,10.09,10.23,10.57,10.01,139522.78
2024-12-30,10.18,10.04,10.27,9.71,93975.0
2024-12-31,10.18,9.5,10.19,9.49,95522.9
2025-01-02,9.52,9.3,9.68,9.18,73180.0
2025-01-03,9.4,8.64,9.48,8.62,89432.0
2025-01-06,8.67,8.51,8.78,8.23,70984.0
2025-01-07,8.54,9.09,9.1,8.51,76195.0
2025-01-08,9.15,9.03,9.25,8.7,66039.0
2025-01-09,8.96,9.22,9.31,8.9,57878.0
2025-01-10,9.25,8.75,9.3,8.71,70337.0
2025-01-13,8.74,8.74,8.85,8.18,65916.0
2025-01-14,8.83,9.32,9.34,8.75,64425.0
2025-01-15,9.37,9.23,9.47,9.2,53857.0
2025-01-16,9.34,9.41,9.48,9.22,50364.99
2025-01-17,9.4,9.36,9.47,9.17,43631.0
2025-01-20,9.38,9.5,9.63,9.09,65904.01
2025-01-21,9.54,9.4,10.38,9.32,98422.0
2025-01-22,9.4,10.34,10.34,9.39,57524.92
2025-01-23,11.37,11.37,11.37,11.37,46274.5
2025-01-24,10.8,10.23,10.8,10.23,247315.48
2025-01-27,9.75,9.21,9.98,9.21,224116.0
2025-02-05,9.23,9.46,9.53,9.07,159446.63
2025-02-06,9.48,9.72,9.74,9.42,122842.92
2025-02-07,9.68,9.87,9.99,9.66,104610.0
2025-02-10,9.99,10.17,10.17,9.89,79064.9
2025-02-11,10.14,10.06,10.17,9.93,73553.9
2025-02-12,10.05,10.13,10.19,9.98,59378.94
2025-02-13,10.1,9.97,10.16,9.92,57386.0
2025-02-14,9.92,10.04,10.1,9.9,55779.0
2025-02-17,10.06,10.33,10.42,10.06,79641.0
2025-02-18,10.33,9.94,10.33,9.9,62177.0
2025-02-19,9.95,10.26,10.26,9.95,50549.0
2025-02-20,10.26,10.35,10.36,10.16,58678.1
2025-02-21,10.3,10.34,10.4,10.14,62071.0
2025-02-24,10.34,10.31,10.54,10.13,66520.03
2025-02-25,10.15,10.23,10.35,10.12,53258.0
2025-02-26,10.21,10.89,11.25,10.16,249005.12
2025-02-27,10.61,10.8,11.15,10.56,216014.46
2025-02-28,11.02,10.44,11.05,10.35,107722.0
2025-03-03,10.47,10.27,10.73,10.2,83192.0
2025-03-04,10.14,10.85,10.86,10.1,138727.36
2025-03-05,10.75,10.68,11.01,10.41,116459.0
2025-03-06,10.77,10.41,10.77,10.35,177946.0
2025-03-07,10.41,10.11,10.42,10.04,101560.0
2025-03-10,10.17,10.17,10.27,10.03,52087.0
2025-03-11,10.04,10.14,10.15,9.92,48428.0
2025-03-12,10.16,10.32,10.36,10.12,63694.05
2025-03-13,10.36,10.13,10.38,9.95,60891.0
2025-03-14,10.09,10.24,10.29,9.93,57237.5
2025-03-17,10.24,10.38,10.65,10.2,75860.51
2025-03-18,10.39,10.53,10.64,10.3,88716.84
2025-03-19,10.45,10.34,10.48,10.25,55780.05
2025-03-20,10.33,10.26,10.43,10.23,41604.73
2025-03-21,10.26,10.38,10.63,10.11,91076.88
2025-03-24,10.5,10.98,11.42,10.5,347646.16
2025-03-25,10.54,9.88,10.77,9.88,295783.95
2025-03-26,9.64,10.19,10.35,9.64,184090.25
2025-03-27,10.1,10.05,10.24,9.82,113396.58
2025-03-28,10.08,9.51,10.08,9.5,102635.01
2025-03-31,9.46,9.43,9.52,9.11,72406.0
2025-04-01,9.45,9.42,9.61,9.42,46917.39
2025-04-02,9.49,9.44,9.65,9.31,35813.0
2025-04-03,9.35,9.31,9.46,9.16,43833.0
2025-04-07,8.85,8.38,8.85,8.38,38255.0
2025-04-08,8.37,7.96,8.37,7.74,107388.0
2025-04-09,7.75,8.18,8.22,7.21,79068.19
2025-04-10,8.29,8.37,8.68,8.29,66884.33
2025-04-11,8.37,8.55,8.66,7.54,50712.0
2025-04-14,8.67,8.82,8.95,8.66,53680.33
2025-04-15,8.82,8.9,8.95,8.72,46417.0
2025-04-16,8.84,8.63,8.93,8.46,43516.0
2025-04-17,8.57,8.72,8.83,8.57,30078.0
2025-04-18,8.77,8.89,9.1,8.61,80451.0
2025-04-21,8.9,8.98,9.12,8.77,74133.5
2025-04-22,8.94,9.03,9.08,8.86,57719.01
2025-04-23,9.02,9.22,9.22,9.02,44493.0
2025-04-24,9.16,9.14,9.27,9.06,49733.9
2025-04-25,9.25,9.09,9.25,9.05,38115.0
2025-04-28,9.0,9.06,9.13,8.86,39619.0
2025-04-29,9.0,9.31,9.42,8.97,56596.0
2025-04-30,9.51,9.59,9.68,9.31,57429.0
2025-05-06,9.62,9.92,9.95,9.62,63235.0
2025-05-07,10.01,9.98,10.1,9.88,62522.01
2025-05-08,9.98,10.25,10.25,9.94,56739.66
2025-05-09,10.24,10.12,10.24,10.03,42949.0
2025-05-12,10.19,10.24,10.3,10.11,34285.76
2025-05-13,10.25,10.13,10.35,10.09,40842.03
2025-05-14,10.15,10.13,10.24,10.07,32681.76
2025-05-15,10.13,10.06,10.15,10.0,34697.33
2025-05-16,10.08,10.14,10.2,10.02,27120.01
2025-05-19,10.17,10.36,10.82,10.14,121250.28
2025-05-20,10.31,10.63,10.79,10.27,79540.0
2025-05-21,10.63,10.65,10.71,10.48,51964.06
2025-05-22,10.53,10.36,10.69,10.3,62704.0
2025-05-23,10.36,10.16,10.48,10.15,54478.0
2025-05-26,10.16,10.34,10.37,10.11,31272.0
2025-05-27,10.29,10.34,10.4,10.23,30284.0
2025-05-28,10.35,10.32,10.49,10.25,30000.0
2025-05-29,10.32,10.45,10.52,10.24,38419.09
2025-05-30,10.44,10.21,10.47,10.15,44996.0
2025-06-03,10.12,10.35,10.48,10.12,49286.0
2025-06-04,10.41,10.45,10.67,10.33,38825.0
2025-06-05,10.53,10.6,10.68,10.38,45686.0
2025-06-06,10.61,10.85,10.94,10.56,68862.01
2025-06-09,10.84,10.86,10.93,10.74,47296.0
2025-06-10,10.87,10.76,10.92,10.6,57749.01
2025-06-11,10.76,10.71,10.82,10.65,30518.01
2025-06-12,10.71,10.7,10.81,10.59,39959.0
2025-06-13,10.69,10.48,10.74,10.4,48025.83
2025-06-16,10.37,10.55,10.72,10.32,37228.0
2025-06-17,10.66,10.46,10.66,10.35,37475.61
2025-06-18,10.44,10.54,10.54,10.29,36581.0
2025-06-19,10.55,10.24,10.65,10.18,54082.0
2025-06-20,10.24,10.21,10.34,10.12,42740.0
2025-06-23,10.14,10.46,10.49,10.14,38949.32
2025-06-24,10.53,10.69,10.74,10.48,45940.0
2025-06-25,10.74,10.7,10.85,10.6,46677.0
2025-06-26,10.73,10.7,10.8,10.64,34158.0
2025-06-27,10.76,10.91,10.93,10.7,48380.38
2025-06-30,11.0,11.12,11.14,10.92,58559.38
2025-07-01,11.15,11.03,11.28,10.91,47963.0
2025-07-02,11.1,11.07,11.15,10.87,47970.01
2025-07-03,11.04,11.06,11.17,11.04,30112.0
2025-07-04,11.06,10.91,11.12,10.9,31834.16
2025-07-07,10.91,11.11,11.12,10.82,36768.0
2025-07-08,11.16,11.14,11.16,11.03,38666.0
2025-07-09,11.14,11.18,11.25,11.06,39327.64
2025-07-10,11.21,11.12,11.24,11.03,32332.5
2025-07-11,11.24,11.07,11.24,10.98,38284.5
2025-07-14,11.13,11.22,11.22,11.01,41645.0
2025-07-15,11.24,11.21,11.4,11.02,58426.0
2025-07-16,11.23,11.25,11.33,11.17,45377.0
2025-07-17,11.2,11.48,11.55,11.18,63612.01
2025-07-18,11.53,11.43,11.6,11.39,46463.0
2025-07-21,11.42,11.6,11.64,11.37,42844.8
2025-07-22,11.63,11.48,11.74,11.4,43920.72
2025-07-23,11.52,11.34,11.54,11.3,36631.0
2025-07-24,11.34,11.39,11.45,11.29,35914.0
2025-07-25,11.38,11.44,11.47,11.35,27718.0
2025-07-28,11.45,11.64,11.69,11.42,39848.0
2025-07-29,11.63,11.77,11.82,11.53,44325.5
2025-07-30,11.77,11.82,11.88,11.6,43474.69
2025-07-31,11.75,11.76,12.2,11.7,66167.03
2025-08-01,11.8,11.88,12.0,11.65,56346.0
2025-08-04,11.87,12.06,12.09,11.71,55050.0
2025-08-05,12.18,12.71,13.27,12.13,292454.11
2025-08-06,12.32,12.36,12.64,12.32,211659.0
2025-08-07,12.43,12.63,12.83,12.26,191699.04
2025-08-08,12.57,12.84,12.99,12.4,191748.89
2025-08-11,12.9,12.7,13.16,12.61,183776.4
2025-08-12,12.73,12.49,12.77,12.46,136755.31
2025-08-13,12.58,12.52,12.64,12.46,90345.02
2025-08-14,12.59,12.25,12.61,12.24,84625.0
2025-08-15,12.31,12.4,12.45,12.26,71326.01
2025-08-18,12.4,12.25,12.53,12.23,106733.0
2025-08-19,12.29,12.49,12.52,12.15,100451.01
2025-08-20,12.52,12.7,13.1,12.31,127077.91
2025-08-21,12.73,12.55,12.88,12.44,106986.0
2025-08-22,12.55,12.5,12.6,12.38,84332.0
2025-08-25,12.8,12.86,13.01,12.64,136841.5
2025-08-26,12.81,12.88,13.08,12.7,92305.9
2025-08-27,12.81,12.48,13.03,12.47,88090.91
2025-08-28,12.49,12.88,12.95,12.24,113844.5
2025-08-29,12.86,12.83,12.86,12.52,90565.01
2025-09-01,12.84,12.7,12.92,12.6,83884.0
2025-09-02,12.66,12.33,12.75,12.16,92118.02
2025-09-03,12.34,12.05,12.4,11.98,59615.03
2025-09-04,12.21,11.97,12.42,11.78,72710.99
2025-09-05,12.03,12.21,12.23,11.73,51815.08
2025-09-08,12.36,12.41,12.46,12.1,54089.0
2025-09-09,12.37,12.47,12.47,12.26,51915.49
2025-09-10,12.43,12.69,13.12,12.35,95943.69
2025-09-11,12.73,13.96,13.96,12.58,158192.78
2025-09-12,13.66,13.45,13.95,13.4,310068.52
2025-09-15,13.45,13.2,13.45,13.05,163490.82
2025-09-16,13.16,13.18,13.36,12.92,128383.41
2025-09-17,13.18,13.1,13.27,13.02,107148.27
2025-09-18,13.2,12.93,13.2,12.75,121274.4
2025-09-19,12.9,12.93,13.03,12.8,80730.0
2025-09-22,12.93,12.73,12.93,12.6,80252.0
2025-09-23,12.81,13.0,13.0,12.23,109742.7
2025-09-24,12.8,13.38,13.46,12.67,140438.89
2025-09-25,13.32,13.89,14.33,13.2,213241.89
2025-09-26,14.0,13.79,14.19,13.76,120957.62
2025-09-29,13.94,13.73,13.94,13.57,88730.0
2025-09-30,13.75,13.8,13.93,13.65,70955.01
2025-10-09,13.93,13.79,14.03,13.52,98050.11
2025-10-10,13.68,13.53,13.93,13.52,86117.0
2025-10-13,13.0,13.85,14.0,12.72,132016.1
2025-10-14,13.85,13.26,13.94,13.2,81906.0
2025-10-15,13.3,13.73,13.77,13.12,89064.03
2025-10-16,13.73,13.27,13.79,13.21,52501.0
2025-10-17,13.33,12.72,13.54,12.69,71411.0
2025-10-20,12.98,13.25,13.33,12.92,65704.0
2025-10-21,13.25,14.01,14.19,13.19,126448.06
2025-10-22,14.17,13.99,14.2,13.81,74583.0
2025-10-23,14.17,14.25,14.42,13.82,103240.0
2025-10-24,14.25,14.4,14.43,14.08,85777.22
2025-10-27,14.59,14.25,14.6,14.04,78093.1
2025-10-28,14.18,14.38,14.58,14.0,53817.94
2025-10-29,14.37,14.12,14.54,14.04,45746.0
2025-10-30,14.11,13.79,14.25,13.78,51034.0
2025-10-31,13.75,13.9,14.01,13.61,44870.01
2025-11-03,14.15,14.45,14.6,14.08,90769.0
2025-11-04,14.47,14.14,14.47,14.05,58953.0
2025-11-05,14.13,14.36,14.49,13.89,76926.5
2025-11-06,14.34,14.32,14.48,14.12,61263.0
2025-11-07,14.26,14.16,14.51,14.11,53945.0
2025-11-10,14.41,15.16,15.49,14.41,159372.87
2025-11-11,15.29,15.21,15.96,15.11,151633.78
2025-11-19,16.0,13.69,16.0,13.69,252188.07
2025-11-20,12.99,12.9,13.39,12.62,220963.84
2025-11-21,12.88,12.71,13.29,12.63,142238.05
2025-11-24,12.84,12.96,13.1,12.5,104920.76
2025-11-25,12.98,13.34,13.5,12.98,82273.9
2025-11-26,13.33,13.06,13.5,12.99,73834.01
2025-11-27,13.0,13.01,13.3,12.97,56258.0
2025-11-28,12.99,13.25,13.26,12.9,48490.0
2025-12-01,13.23,13.19,13.37,13.1,46096.0
2025-12-02,13.14,13.53,13.68,13.1,81897.6
2025-12-03,13.55,13.24,13.62,13.1,54170.0
2025-12-04,13.13,13.08,13.3,12.94,48508.0
2025-12-05,13.08,13.35,13.43,12.96,46654.0
2025-12-08,13.43,13.63,13.83,13.42,79989.0
2025-12-09,13.63,13.62,13.87,13.51,44926.02
2025-12-10,13.59,13.52,13.61,13.31,41408.01
2025-12-11,13.57,13.27,13.6,13.24,47550.01
2025-12-12,13.4,13.16,13.58,13.15,51492.0
2025-12-15,13.27,13.25,13.45,13.0,45316.29
2025-12-16,13.24,13.07,13.29,12.98,43467.04
2025-12-17,13.1,13.08,13.19,12.7,44238.5
2025-12-18,13.06,13.31,13.45,12.97,47692.0
2025-12-19,13.27,13.87,14.64,13.23,147711.45
2025-12-22,14.02,14.31,14.55,13.89,189107.49
2025-12-23,14.28,14.2,14.35,14.0,94739.9
2025-12-24,14.2,14.3,14.43,14.07,68651.02
2025-12-25,14.3,14.18,14.46,14.08,73699.0
2025-12-26,14.2,13.96,14.25,13.91,56089.0
2025-12-29,14.04,13.83,14.1,13.77,43873.0
2025-12-30,13.78,13.62,14.08,13.61,41909.0
2025-12-31,13.63,13.53,13.8,13.37,53818.0
2026-01-05,13.57,13.57,13.76,13.48,67383.0
2026-01-06,13.58,13.23,13.64,13.16,85291.0
2026-01-07,13.22,13.25,13.52,13.07,75271.7
2026-01-08,13.16,13.35,13.5,13.08,62281.7
2026-01-09,13.4,13.25,13.44,13.1,68401.0
2026-01-12,13.39,13.42,13.54,13.15,77333.46
2026-01-13,13.55,13.3,13.59,13.15,88688.0
2026-01-14,13.86,13.93,14.6,13.66,207862.51
2026-01-15,13.88,13.84,14.1,13.65,112961.51
2026-01-16,14.19,13.84,14.44,13.76,101954.1
2026-01-19,13.76,13.97,14.1,13.76,73634.0
2026-01-20,13.97,13.53,13.99,13.43,82333.0
2026-01-21,13.45,13.7,13.79,13.3,57768.0
2026-01-22,13.77,13.85,13.94,13.63,66426.0
2026-01-23,13.89,13.92,14.0,13.73,61490.01
2026-01-26,13.97,13.92,14.23,13.65,80793.01
2026-01-27,13.8,13.97,14.05,13.33,84001.16
2026-01-28,14.61,13.79,14.86,13.76,101571.0
2026-01-29,13.73,13.33,13.85,13.27,108151.13
2026-01-30,13.35,14.05,14.27,13.28,155035.76
2026-02-02,14.1,14.08,14.5,13.96,122234.1
2026-02-03,14.26,14.68,14.7,14.1,121604.0
2026-02-04,14.66,14.74,15.17,14.58,120227.1
2026-02-05,14.64,14.3,14.83,14.28,69429.01
2026-02-06,14.32,14.61,15.12,14.18,122161.0
2026-02-09,15.0,15.21,15.27,14.7,111253.1
2026-02-10,15.15,15.65,16.22,15.15,162656.01
2026-02-11,15.35,15.28,15.95,15.26,92383.0
2026-02-12,15.5,15.28,15.62,14.94,83915.0
2026-02-13,15.2,14.93,15.31,14.93,78788.0
2026-02-24,15.2,15.5,15.68,15.15,87578.42
2026-02-25,15.52,15.1,15.72,15.03,78830.0
2026-02-26,15.3,15.82,16.44,15.25,188681.54
2026-02-27,15.71,15.82,16.23,15.35,123574.12
2026-03-02,15.6,15.57,16.1,15.41,114174.03
2026-03-03,15.59,15.2,16.15,15.2,118726.01
2026-03-04,15.0,15.48,15.88,14.85,100884.54
2026-03-05,15.67,15.61,15.84,15.5,73234.63
2026-03-06,15.49,15.89,16.08,15.41,75488.01
2026-03-09,15.63,15.7,15.88,15.18,82932.0
2026-03-10,15.8,16.68,16.88,15.8,122869.41
2026-03-11,16.6,16.29,17.0,16.09,180088.0
2026-03-12,16.19,15.82,16.49,15.71,90285.01
2026-03-13,15.62,15.82,16.32,15.58,89554.0
2026-03-16,15.7,15.75,15.96,15.38,64972.0
2026-03-17,15.8,14.99,15.85,14.94,80394.0
2026-03-18,15.13,15.38,15.42,14.91,64063.01
2026-03-19,15.21,14.95,15.41,14.82,73011.0
2026-03-20,15.22,14.77,15.99,14.71,110229.05
2026-03-23,14.48,13.69,14.58,13.56,105943.0
2026-03-24,14.0,14.48,14.49,13.68,86036.94
2026-03-25,14.61,15.05,15.37,14.61,91259.0
2026-03-26,15.01,14.8,15.25,14.57,61337.0
2026-03-27,14.67,15.02,15.13,14.55,60297.0
2026-03-30,14.76,15.74,15.78,14.63,108487.0
2026-03-31,15.71,15.47,15.77,15.08,86285.0
2026-04-01,15.85,15.59,15.93,15.37,72913.89
2026-04-02,15.59,17.15,17.15,15.59,134934.25
2026-04-03,18.87,18.87,18.87,18.87,41782.68
2026-04-07,20.76,20.76,20.76,20.76,18108.06
2026-04-08,22.84,22.84,22.84,22.84,38031.01
2026-04-09,25.0,25.12,25.12,24.25,535423.43
2026-04-10,24.6,22.61,24.61,22.61,246608.54
2026-04-13,20.35,21.6,22.48,20.35,694274.25
2026-04-14,20.63,23.19,23.76,20.48,790036.72
2026-04-15,22.72,21.8,23.09,21.33,533029.41
2026-04-16,21.33,21.15,21.79,19.84,466838.21
2026-04-17,21.06,19.4,21.26,19.2,492813.29
2026-04-20,19.41,21.34,21.34,19.41,436324.54
2026-04-21,21.04,20.45,21.13,19.8,351334.62
2026-04-22,20.54,20.69,21.17,20.28,418761.88
2026-04-23,20.3,19.14,20.38,18.94,355685.9
2026-04-24,18.94,18.42,19.13,18.18,236967.0
2026-04-27,18.43,18.82,18.94,18.32,209981.01
2026-04-28,18.02,18.03,18.47,17.8,174252.01
2026-04-29,17.88,18.01,18.36,17.72,125761.01
2026-04-30,18.0,17.71,18.08,17.38,111587.54
2026-05-06,17.95,18.28,18.48,17.93,149942.0
2026-05-07,18.8,19.44,19.72,18.42,322125.37
2026-05-08,18.99,19.89,19.99,18.8,323463.01
2026-05-11,20.08,19.32,20.11,18.9,244117.65
2026-05-12,19.5,19.19,19.81,19.01,207091.0
2026-05-13,18.9,20.0,20.7,18.86,314130.15
2026-05-14,19.71,18.97,20.01,18.92,221203.42
2026-05-15,18.87,18.17,19.18,18.01,177877.0
2026-05-18,18.17,18.7,18.89,18.17,126583.0
2026-05-19,19.07,20.57,20.57,19.03,183002.89
2026-05-20,20.06,19.98,20.45,19.82,314875.29
2026-05-21,19.68,17.98,19.79,17.98,245614.95
2026-05-22,17.66,17.62,17.73,16.91,182839.0
2026-05-25,17.62,17.99,18.14,17.02,167057.42
2026-05-26,17.92,17.74,19.2,17.52,182367.0
2026-05-27,17.63,17.07,18.1,16.9,135463.42
2026-05-28,16.93,17.38,17.44,16.77,102816.0
2026-05-29,17.34,16.91,17.67,16.86,106966.83
2026-06-01,15.22,15.22,15.22,15.22,24193.0
2026-06-02,14.5,16.74,16.74,14.5,216700.32
2026-06-03,16.72,16.55,17.2,16.41,231426.95
2026-06-04,16.58,16.61,17.8,16.58,175595.65
2026-06-05,16.9,16.31,17.1,16.29,141225.0
2026-06-08,16.0,15.6,16.39,15.46,113718.0
2026-06-09,15.92,15.71,16.08,15.32,92810.0
2026-06-10,15.45,14.96,15.61,14.8,87536.8
2026-06-11,14.96,14.59,15.28,14.32,82268.0
2026-06-12,14.9,14.42,14.9,14.37,73613.0
2026-06-15,14.8,15.23,15.23,14.51,89506.0
2026-06-16,15.25,15.77,15.86,14.86,113840.0
2026-06-17,15.41,15.49,15.7,15.28,81012.0
2026-06-18,15.5,15.26,15.63,15.14,74294.25
2026-06-22,15.58,15.26,15.68,14.8,85401.0
2026-06-23,15.1,15.28,15.8,15.0,90122.8
2026-06-24,15.0,14.86,15.54,14.51,81605.0
2026-06-25,14.95,14.39,15.2,14.26,91991.1
2026-06-26,14.22,13.47,14.28,13.37,87332.04
2026-06-29,13.34,12.97,13.52,12.56,105996.0
2026-06-30,12.89,13.21,13.37,12.81,68800.1
2026-07-01,13.37,13.23,13.41,12.89,77811.1
2026-07-02,13.07,13.24,13.85,12.97,91024.9
2026-07-03,13.24,13.27,13.48,13.16,58359.0
2026-07-06,13.33,12.85,13.66,12.67,65865.0
2026-07-07,12.79,12.19,12.87,12.0,71511.64
2026-07-08,12.2,12.2,12.43,11.77,65340.9
2026-07-09,12.12,12.56,12.56,11.78,83629.02
2026-07-10,12.46,12.28,12.73,12.23,72194.0
2026-07-13,12.19,11.43,12.39,11.41,56183.0
2026-07-14,11.56,11.76,11.78,11.23,66543.45
2026-07-15,11.65,11.7,12.08,11.58,54719.0
2026-07-16,11.53,11.8,12.02,11.37,60044.0
2026-07-17,11.68,10.84,11.86,10.73,77135.0
2026-07-20,11.03,10.33,11.47,10.17,85743.0
2026-07-21,10.26,10.26,10.44,9.3,106578.0
2026-07-22,10.14,10.15,10.5,9.98,64793.07
2026-07-23,10.09,10.58,10.61,10.09,62334.0
2026-07-24,10.57,10.22,10.6,10.13,45170.23
2026-07-27,10.09,10.68,10.69,10.09,46326.0
2026-07-28,10.63,10.54,10.95,10.5,53659.0
2026-07-29,10.59,10.6,10.68,10.26,70493.0
2026-07-30,10.55,10.29,10.75,10.17,57436.1
2026-07-31,10.44,10.65,10.83,10.44,62909.17
2026-08-03,10.66,11.07,11.07,10.58,62061.0
2026-08-04,11.11,11.35,11.46,11.11,51858.23
2026-08-05,11.23,11.66,11.67,11.23,62651.8
2026-08-06,11.49,11.92,11.95,11.49,58045.0
2026-08-07,11.96,11.91,11.99,11.53,55871.0
2026-08-10,11.91,12.13,12.14,11.68,44345.0
2026-08-11,12.13,12.32,12.52,11.9,59679.0
2026-08-12,12.32,12.67,12.78,12.25,66253.0
2026-08-13,12.8,12.36,12.9,12.3,66215.0
2026-08-14,12.37,12.51,12.64,12.2,63588.32
2026-08-17,12.51,12.77,12.81,12.39,53056.0
2026-08-18,12.77,12.94,13.03,12.46,55061.0
2026-08-19,12.71,12.13,12.73,12.05,54611.9
2026-08-20,12.37,12.51,12.59,12.1,39035.28
2026-08-21,12.51,12.58,12.72,12.27,34860.1
2026-08-24,12.7,12.74,13.09,12.5,60810.42
2026-08-25,12.58,12.94,13.07,12.32,73910.0
2026-08-26,12.87,13.1,13.35,12.67,86808.0
2026-08-27,13.09,14.41,14.41,13.04,104617.01
2026-08-28,14.49,13.77,14.5,13.72,245793.38
2026-08-31,13.41,13.7,14.11,13.38,112575.11
2026-09-01,13.6,13.83,14.05,13.48,112096.74
2026-09-02,13.61,13.76,13.89,13.59,69627.0
2026-09-03,13.84,13.62,13.94,13.53,54497.0
2026-09-04,13.72,13.46,14.04,13.31,59848.0
2026-09-07,13.39,13.72,13.79,13.39,47877.0
2026-09-08,13.7,13.81,13.98,13.61,57194.0
2026-09-09,13.98,14.73,15.19,13.85,238504.01
2026-09-10,14.13,14.14,14.4,13.95,186360.0
2026-09-11,14.07,14.28,14.88,13.98,223474.52
2026-09-14,14.2,14.11,14.44,13.6,143322.2
2026-09-15,14.11,13.51,14.23,13.49,116071.01
2026-09-16,13.44,14.28,14.39,13.37,138637.0
2026-09-17,14.4,13.9,14.4,13.87,76721.01
2026-09-18,14.12,13.62,14.2,13.53,88080.0
