date,open,close,high,low,volume
2013-01-04,3.15,3.16,3.27,3.15,197718.02
2013-01-07,3.14,3.13,3.15,3.07,192377.84
2013-01-08,3.11,3.18,3.24,3.08,228538.51
2013-01-09,3.16,3.15,3.18,3.12,137119.59
2013-01-10,3.15,3.15,3.2,3.13,119069.22
2013-01-11,3.15,2.99,3.16,2.97,210249.72
2013-01-14,2.96,3.03,3.03,2.8,234325.25
2013-01-15,3.0,3.06,3.09,2.98,214900.09
2013-01-16,3.05,3.18,3.36,3.03,442296.32
2013-01-17,3.15,3.08,3.15,3.07,185166.56
2013-01-18,3.07,3.11,3.13,3.03,156174.75
2013-01-21,3.11,3.13,3.2,3.06,192423.94
2013-01-22,3.13,3.05,3.13,3.04,153406.31
2013-01-23,3.03,3.06,3.1,3.02,80520.1
2013-01-24,3.06,2.99,3.09,2.98,105449.51
2013-01-25,3.0,3.0,3.04,2.96,61013.29
2013-01-28,3.04,3.05,3.06,3.01,90371.53
2013-01-29,3.04,3.12,3.12,3.02,177054.34
2013-01-30,3.12,3.17,3.17,3.08,219482.99
2013-01-31,3.14,3.1,3.17,3.09,130863.75
2013-02-01,3.08,3.04,3.09,3.02,137210.48
2013-02-04,3.01,3.02,3.05,2.99,79953.95
2013-02-05,3.01,3.03,3.06,2.99,72664.5
2013-02-06,3.03,3.07,3.09,3.01,94731.25
2013-02-07,3.07,3.04,3.08,3.03,57263.44
2013-02-08,3.04,3.05,3.1,3.03,69163.64
2013-02-18,3.09,3.08,3.09,3.04,86742.46
2013-02-19,3.08,3.39,3.39,3.04,473486.95
2013-02-20,3.3,3.32,3.42,3.24,399762.1
2013-02-21,3.31,3.15,3.31,3.13,254993.56
2013-02-22,3.17,3.14,3.22,3.1,133215.88
2013-02-25,3.12,3.26,3.38,3.1,287620.63
2013-02-26,3.2,3.23,3.3,3.18,187178.65
2013-02-27,3.24,3.26,3.37,3.16,199762.47
2013-02-28,3.27,3.3,3.35,3.23,216083.6
2013-03-01,3.3,3.29,3.38,3.26,169843.93
2013-03-04,3.27,3.13,3.28,3.1,156911.86
2013-03-05,3.13,3.16,3.19,3.12,96165.32
2013-03-06,3.15,3.18,3.22,3.13,118849.03
2013-03-07,3.19,3.21,3.26,3.17,155187.91
2013-03-08,3.22,3.27,3.42,3.14,255541.95
2013-03-11,3.25,3.3,3.33,3.21,141994.51
2013-03-12,3.3,3.2,3.34,3.16,146501.8
2013-03-13,3.18,3.39,3.46,3.18,289547.28
2013-03-14,3.36,3.38,3.47,3.31,254191.32
2013-03-15,3.38,3.32,3.39,3.25,141818.96
2013-03-18,3.3,3.21,3.3,3.2,123376.6
2013-03-19,3.22,3.37,3.53,3.2,268264.2
2013-03-20,3.32,3.39,3.47,3.3,201182.14
2013-03-21,3.36,3.57,3.68,3.35,434272.94
2013-03-22,3.53,3.57,3.67,3.45,282803.32
2013-03-25,3.57,3.69,3.8,3.53,331719.56
2013-03-26,3.65,3.6,3.82,3.59,306429.97
2013-03-27,3.56,3.57,3.64,3.5,225772.96
2013-03-28,3.53,3.39,3.53,3.37,188615.89
2013-03-29,3.36,3.33,3.46,3.27,133792.19
2013-04-01,3.29,3.29,3.35,3.25,130179.24
2013-04-02,3.29,3.33,3.35,3.23,117597.65
2013-04-03,3.31,3.25,3.35,3.24,87729.07
2013-04-08,3.2,3.05,3.21,2.93,211126.23
2013-04-09,2.98,3.04,3.08,2.98,90431.14
2013-04-10,3.04,3.0,3.04,2.98,72836.3
2013-04-11,2.96,2.9,2.96,2.8,159784.66
2013-04-12,2.86,2.81,2.87,2.81,97365.94
2013-04-15,2.78,2.75,2.8,2.71,98725.82
2013-04-16,2.74,2.79,2.79,2.7,69300.85
2013-04-17,2.79,2.97,3.07,2.78,184251.12
2013-04-18,2.88,2.89,2.94,2.83,118024.68
2013-04-19,2.87,2.9,2.92,2.86,121812.25
2013-04-22,2.89,2.84,2.89,2.82,98132.5
2013-04-23,2.79,2.65,2.79,2.62,157049.1
2013-04-25,2.52,2.52,2.55,2.52,96852.0
2013-04-26,2.39,2.39,2.4,2.39,112296.0
2013-05-02,2.3,2.43,2.47,2.3,173563.14
2013-05-03,2.39,2.39,2.43,2.35,124622.49
2013-05-06,2.38,2.45,2.46,2.38,91771.83
2013-05-07,2.43,2.57,2.57,2.41,140393.6
2013-05-08,2.61,2.54,2.61,2.52,98756.9
2013-05-09,2.52,2.54,2.58,2.52,63684.83
2013-05-10,2.54,2.55,2.57,2.51,49375.72
2013-05-13,2.55,2.61,2.62,2.53,71544.5
2013-05-14,2.6,2.54,2.63,2.53,66075.7
2013-05-15,2.52,2.56,2.58,2.52,49375.96
2013-05-16,2.56,2.55,2.57,2.49,69296.7
2013-05-17,2.54,2.54,2.56,2.52,68736.05
2013-05-20,2.54,2.55,2.58,2.52,79973.89
2013-05-21,2.55,2.57,2.58,2.53,83725.19
2013-05-22,2.56,2.57,2.59,2.54,72100.96
2013-05-23,2.57,2.61,2.66,2.55,129481.43
2013-05-24,2.62,2.57,2.64,2.55,87077.23
2013-05-27,2.56,2.6,2.62,2.55,97295.0
2013-05-28,2.6,2.73,2.73,2.58,243864.46
2013-05-29,2.7,2.81,2.86,2.69,246955.7
2013-05-30,2.79,2.8,2.86,2.75,111857.67
2013-05-31,2.77,2.79,2.85,2.73,143525.48
2013-06-03,2.76,2.78,2.82,2.75,76740.23
2013-06-04,2.78,2.78,2.87,2.77,145048.62
2013-06-05,2.77,2.74,2.81,2.73,76888.55
2013-06-06,2.73,2.71,2.79,2.68,99851.38
2013-06-07,2.72,2.7,2.76,2.68,72728.16
2013-06-13,2.7,2.57,2.7,2.57,82038.56
2013-06-14,2.57,2.59,2.61,2.54,65490.48
2013-06-17,2.6,2.62,2.66,2.56,54159.16
2013-06-18,2.62,2.65,2.67,2.62,48378.67
2013-06-19,2.65,2.65,2.67,2.54,72781.67
2013-06-20,2.63,2.56,2.63,2.55,48013.0
2013-06-21,2.52,2.5,2.56,2.44,52197.39
2013-06-24,2.5,2.38,2.5,2.38,55810.0
2013-06-25,2.34,2.26,2.34,2.26,53988.52
2013-06-26,2.27,2.3,2.36,2.23,57172.0
2013-06-27,2.3,2.2,2.33,2.19,46295.95
2013-06-28,2.18,2.18,2.2,2.09,61750.22
2013-07-01,2.17,2.24,2.25,2.15,47608.29
2013-07-02,2.24,2.27,2.29,2.23,32529.74
2013-07-03,2.25,2.22,2.27,2.17,44968.44
2013-07-04,2.2,2.22,2.24,2.17,36033.32
2013-07-12,2.33,2.33,2.33,2.33,37376.59
2013-07-15,2.43,2.45,2.45,2.4,46144.85
2013-07-16,2.53,2.48,2.57,2.46,124626.4
2013-07-17,2.48,2.54,2.56,2.43,117332.56
2013-07-18,2.5,2.62,2.67,2.48,121226.89
2013-07-19,2.59,2.51,2.69,2.5,84544.09
2013-07-22,2.57,2.46,2.57,2.43,62057.73
2013-07-23,2.47,2.5,2.5,2.45,56570.79
2013-07-24,2.5,2.49,2.51,2.46,35740.66
2013-07-25,2.49,2.42,2.52,2.42,39452.42
2013-07-26,2.43,2.46,2.48,2.43,28046.86
2013-07-29,2.46,2.47,2.53,2.43,28742.6
2013-07-30,2.47,2.49,2.53,2.47,27893.53
2013-07-31,2.48,2.46,2.5,2.45,28777.34
2013-08-01,2.47,2.49,2.5,2.44,38987.57
2013-08-02,2.49,2.47,2.49,2.46,32171.3
2013-08-05,2.49,2.59,2.59,2.47,91647.92
2013-08-06,2.57,2.58,2.58,2.53,55365.83
2013-08-07,2.56,2.55,2.58,2.55,41407.05
2013-08-08,2.55,2.55,2.58,2.53,35514.91
2013-08-09,2.54,2.55,2.56,2.52,31925.24
2013-08-12,2.55,2.62,2.64,2.54,76139.45
2013-08-13,2.62,2.65,2.68,2.61,59187.53
2013-08-14,2.64,2.63,2.66,2.61,44760.91
2013-08-15,2.63,2.65,2.68,2.6,48048.5
2013-08-16,2.64,2.61,2.68,2.61,43077.0
2013-08-19,2.6,2.63,2.63,2.56,46351.87
2013-08-20,2.63,2.66,2.71,2.61,64729.91
2013-08-21,2.64,2.79,2.79,2.63,136121.32
2013-08-22,2.79,2.93,2.93,2.77,197034.56
2013-08-23,2.93,2.89,3.05,2.8,140697.65
2013-08-26,2.89,2.88,2.9,2.84,84591.13
2013-08-27,2.88,2.84,2.89,2.77,98520.29
2013-08-28,2.83,2.83,2.87,2.8,73136.7
2013-08-29,2.81,2.83,2.86,2.79,59320.2
2013-08-30,2.84,2.88,2.93,2.81,97793.6
2013-09-02,2.86,2.78,2.88,2.74,82146.46
2013-09-03,2.76,2.77,2.8,2.72,46973.82
2013-09-04,2.76,2.82,2.83,2.76,55961.01
2013-09-05,2.8,2.78,2.82,2.74,45413.93
2013-09-06,2.78,2.81,2.86,2.76,55513.23
2013-09-09,2.81,2.79,2.86,2.75,111188.6
2013-09-10,2.78,2.93,2.93,2.76,138339.44
2013-09-11,2.96,2.9,2.98,2.83,153378.62
2013-09-12,2.87,2.86,2.91,2.83,77466.89
2013-09-13,2.86,2.86,2.89,2.82,52180.48
2013-09-16,2.87,2.82,2.88,2.8,78358.1
2013-09-17,2.82,2.79,2.86,2.78,63976.56
2013-09-18,2.78,2.8,2.8,2.76,50343.0
2013-09-23,2.8,2.75,2.8,2.71,107463.63
2013-09-24,2.73,2.74,2.78,2.71,57666.6
2013-09-25,2.73,2.66,2.75,2.65,82135.71
2013-09-26,2.65,2.53,2.65,2.53,108638.56
2013-09-27,2.51,2.54,2.55,2.48,44779.44
2013-09-30,2.54,2.6,2.62,2.54,58622.51
2013-10-08,2.6,2.6,2.62,2.56,34139.16
2013-10-09,2.6,2.61,2.64,2.58,52218.03
2013-10-10,2.6,2.59,2.64,2.58,53868.85
2013-10-11,2.59,2.72,2.72,2.59,99724.24
2013-10-14,2.73,2.79,2.86,2.69,154909.04
2013-10-15,2.78,2.72,2.78,2.69,80372.31
2013-10-16,2.71,2.72,2.82,2.68,67567.94
2013-10-17,2.73,2.8,2.86,2.72,105655.17
2013-10-18,2.78,2.77,2.79,2.73,40724.14
2013-10-21,2.77,2.74,2.78,2.71,74278.88
2013-10-22,2.73,2.77,2.82,2.72,73967.16
2013-10-23,2.74,2.79,2.8,2.74,91780.85
2013-10-24,2.78,2.73,2.79,2.72,62756.48
2013-10-25,2.73,2.59,2.75,2.59,75159.49
2013-10-28,2.53,2.58,2.62,2.53,34182.74
2013-10-29,2.58,2.68,2.71,2.58,139236.43
2013-10-30,2.62,2.64,2.65,2.55,54508.32
2013-10-31,2.62,2.56,2.64,2.52,68302.49
2013-11-01,2.56,2.61,2.62,2.54,34952.53
2013-11-04,2.6,2.6,2.63,2.58,27913.69
2013-11-05,2.6,2.64,2.69,2.59,42105.95
2013-11-06,2.64,2.63,2.68,2.6,42993.34
2013-11-07,2.62,2.64,2.66,2.61,26240.31
2013-11-08,2.64,2.58,2.64,2.57,35203.4
2013-11-11,2.56,2.57,2.59,2.55,26661.14
2013-11-12,2.57,2.57,2.6,2.56,28974.18
2013-11-13,2.57,2.44,2.58,2.44,77924.44
2013-11-14,2.44,2.45,2.46,2.35,43136.89
2013-11-15,2.46,2.49,2.52,2.44,40462.45
2013-11-18,2.44,2.5,2.51,2.4,92029.22
2013-11-19,2.5,2.48,2.51,2.45,55178.42
2013-11-20,2.48,2.52,2.53,2.47,63083.07
2013-11-21,2.5,2.49,2.52,2.47,49412.2
2013-11-22,2.49,2.5,2.51,2.48,38322.38
2013-11-29,2.63,2.63,2.63,2.63,23423.05
2013-12-02,2.76,2.76,2.76,2.71,270913.62
2013-12-03,2.73,2.67,2.84,2.62,253407.74
2013-12-04,2.62,2.65,2.68,2.58,120537.91
2013-12-05,2.64,2.53,2.65,2.52,166699.18
2013-12-06,2.53,2.66,2.66,2.49,214268.95
2013-12-09,2.64,2.69,2.73,2.63,124347.38
2013-12-10,2.69,2.71,2.72,2.65,97940.43
2013-12-11,2.69,2.66,2.73,2.65,56377.42
2013-12-12,2.65,2.61,2.68,2.58,76505.88
2013-12-13,2.6,2.6,2.65,2.58,75395.12
2013-12-16,2.6,2.56,2.63,2.52,74332.03
2013-12-17,2.58,2.55,2.58,2.51,47220.61
2013-12-18,2.56,2.55,2.57,2.5,58115.74
2013-12-19,2.6,2.68,2.68,2.6,136000.25
2013-12-20,2.69,2.63,2.74,2.55,139217.45
2013-12-23,2.65,2.71,2.76,2.65,160070.07
2013-12-24,2.65,2.69,2.72,2.61,114792.42
2013-12-25,2.69,2.66,2.72,2.62,156841.31
2013-12-26,2.62,2.53,2.68,2.53,346361.29
2015-12-18,18.0,21.2,21.6,16.96,3301866.38
2015-12-21,19.08,19.08,19.08,19.08,178960.0
2015-12-22,17.17,17.17,17.17,17.17,42476.0
2015-12-23,15.45,16.88,18.48,15.45,3764588.05
2015-12-24,15.82,15.19,16.14,15.19,2069684.52
2015-12-25,14.6,14.52,15.15,14.22,1776873.55
2015-12-28,14.59,13.33,14.65,13.32,1722917.93
2015-12-29,13.41,13.58,13.78,13.2,1230764.79
2015-12-30,13.55,13.02,13.57,12.94,1261441.96
2015-12-31,13.04,12.17,13.15,12.13,1323628.04
2016-01-04,12.17,11.81,12.68,11.66,1267920.07
2016-01-05,11.87,12.99,12.99,11.66,2000423.76
2016-01-06,12.9,13.11,13.59,12.6,2247325.32
2016-01-07,12.67,11.8,12.69,11.8,545725.01
2016-01-08,11.96,12.32,12.78,10.68,1683691.56
2016-01-11,11.78,11.09,12.05,11.09,1010458.4
2016-01-12,10.75,10.91,11.42,10.53,954681.88
2016-01-13,10.94,9.88,11.08,9.82,1123104.28
2016-01-14,9.42,10.31,10.42,9.41,1056392.44
2016-01-15,10.09,9.84,10.2,9.43,1093458.9
2016-01-18,9.6,10.23,10.68,9.5,1157644.37
2016-01-19,10.11,10.45,10.59,9.95,1239680.23
2016-01-20,10.33,10.62,11.18,10.24,1550163.41
2016-01-21,10.25,9.67,10.48,9.61,1167357.24
2016-01-22,9.88,10.0,10.19,9.44,937703.64
2016-01-25,10.1,10.13,10.37,9.92,765872.47
2016-01-26,9.91,9.12,9.97,9.12,937281.32
2016-01-27,9.08,9.12,9.22,8.43,811746.22
2016-01-28,8.9,8.78,9.45,8.72,809306.89
2016-01-29,8.65,9.1,9.34,8.65,751877.46
2016-02-01,9.06,8.89,9.22,8.67,574154.76
2016-02-02,8.88,9.25,9.45,8.87,746687.43
2016-02-03,9.1,9.62,9.88,9.0,1077811.72
2016-02-04,9.46,9.78,9.98,9.45,925228.88
2016-02-05,9.72,9.93,10.36,9.72,896657.42
2016-02-15,9.36,10.32,10.32,9.36,730544.99
2016-02-16,10.89,11.35,11.35,10.88,175248.88
2016-02-17,12.49,12.49,12.49,12.49,76368.85
2016-02-18,13.1,12.98,13.74,12.78,2576475.96
2016-02-19,12.87,12.3,13.37,12.1,1811263.64
2016-02-22,12.38,12.38,12.78,12.13,1547975.46
2016-02-23,12.29,12.73,12.8,11.8,1636705.78
2016-02-24,12.48,12.26,12.64,11.96,1125579.39
2016-02-25,12.28,11.09,12.63,11.03,1700459.8
2016-02-26,11.07,10.96,11.25,10.63,1177737.32
2016-02-29,11.01,9.86,11.16,9.86,740301.06
2016-03-01,9.7,9.67,9.97,8.87,1198380.56
2016-03-02,9.59,10.47,10.64,9.42,1283821.86
2016-03-03,10.27,10.09,10.65,10.08,1115350.08
2016-03-04,10.07,9.39,10.26,9.28,946763.91
2016-03-07,9.43,9.59,9.78,9.43,655633.23
2016-03-08,9.62,9.62,9.65,8.88,739695.91
2016-03-09,9.2,9.14,9.48,9.04,610185.85
2016-03-10,9.18,9.09,9.39,9.0,563014.53
2016-03-11,8.95,8.95,9.02,8.71,503831.74
2016-03-14,9.06,9.33,9.6,9.06,726358.37
2016-03-15,9.25,9.18,9.42,9.13,509295.07
2016-03-16,9.3,9.25,9.35,8.9,605806.47
2016-03-17,9.25,9.53,9.59,9.22,831230.83
2016-03-18,9.56,9.93,10.18,9.47,1053548.96
2016-03-21,10.05,10.19,10.25,9.9,972007.67
2016-03-22,10.0,10.15,10.43,9.94,924242.26
2016-03-23,10.08,10.25,10.35,9.97,836376.25
2016-03-24,10.14,10.03,10.46,9.96,860719.99
2016-03-25,10.0,10.01,10.14,9.96,548045.56
2016-03-28,10.1,9.73,10.25,9.71,664104.39
2016-03-29,9.65,9.18,9.89,9.06,726095.73
2016-03-30,9.34,9.48,9.53,9.24,557993.72
2016-03-31,9.5,9.45,9.64,9.43,543693.8
2016-04-01,9.28,9.25,9.35,9.11,519830.8
2016-04-05,9.5,10.18,10.18,9.43,377906.67
2016-04-06,11.2,11.2,11.2,11.2,95928.25
2016-04-07,11.99,11.33,11.99,11.09,2727449.68
2016-04-08,11.19,11.49,11.94,10.93,2089133.4
2016-04-11,11.33,11.15,11.5,11.08,1345277.15
2016-04-12,11.0,10.71,11.15,10.36,1377956.46
2016-04-13,10.69,10.67,11.08,10.62,1111211.2
2016-04-14,10.66,10.71,10.75,10.46,771758.01
2016-04-15,10.7,10.55,10.7,10.48,554932.56
2016-04-18,10.46,10.6,10.69,10.36,612833.77
2016-04-19,10.64,10.47,10.7,10.38,505021.77
2016-04-20,10.53,9.53,10.55,9.42,949644.36
2016-04-21,9.5,9.33,9.61,9.28,531651.28
2016-04-22,9.17,9.51,9.57,9.17,428010.59
2016-04-25,9.48,9.37,9.48,9.23,303727.76
2016-04-26,9.38,9.46,9.48,9.3,297031.28
2016-04-27,9.46,9.43,9.56,9.4,332534.86
2016-04-28,9.4,9.33,9.45,9.06,386443.46
2016-04-29,9.3,9.31,9.36,9.22,211614.13
2016-05-03,9.35,10.24,10.24,9.35,312448.47
2016-05-04,10.52,10.0,10.52,9.95,1056454.9
2016-05-05,9.85,9.9,9.98,9.74,513543.67
2016-05-06,9.98,9.65,10.45,9.6,891221.27
2016-05-09,9.47,9.15,9.47,9.04,539696.15
2016-05-10,9.2,9.36,9.65,9.07,537626.69
2016-05-11,9.36,9.21,9.44,9.13,351794.91
2016-05-12,9.04,9.29,9.3,8.81,400806.79
2016-05-13,9.29,9.28,9.38,9.16,331156.74
2016-05-16,9.21,9.37,9.37,9.11,297025.13
2016-05-17,9.42,9.25,9.45,9.18,310425.13
2016-05-18,9.08,8.99,9.15,8.83,369043.14
2016-05-19,8.96,9.0,9.15,8.96,301115.35
2016-05-20,8.9,9.08,9.09,8.85,269059.27
2016-05-23,9.11,9.18,9.21,9.04,352069.09
2016-05-24,9.1,9.03,9.15,8.97,257176.66
2016-05-25,9.11,8.99,9.14,8.94,214243.66
2016-05-26,8.99,8.93,9.03,8.66,328664.3
2016-05-27,8.97,9.04,9.13,8.87,319471.36
2016-05-30,8.95,8.89,8.99,8.81,209979.79
2016-05-31,8.92,9.26,9.32,8.92,488254.04
2016-06-01,9.21,9.21,9.34,9.18,427047.78
2016-06-02,9.18,9.28,9.3,9.15,370377.64
2016-06-03,9.32,9.26,9.34,9.19,351256.5
2016-06-06,9.33,9.26,9.35,9.19,302239.85
2016-06-07,9.21,9.15,9.24,9.11,308716.06
2016-06-08,9.14,9.19,9.21,9.0,358195.38
2016-06-13,9.0,8.62,9.04,8.61,388559.2
2016-06-14,8.6,8.58,8.68,8.45,279595.44
2016-06-15,8.49,8.72,8.79,8.41,317088.58
2016-06-16,8.69,9.01,9.59,8.66,660187.51
2016-06-17,8.95,8.92,9.1,8.81,366057.66
2016-06-20,8.97,8.85,9.02,8.7,236858.52
2016-06-21,8.91,8.74,8.95,8.67,261931.63
2016-06-22,8.77,8.83,8.85,8.68,193832.22
2016-06-23,8.84,8.85,8.95,8.73,255147.52
2016-06-24,8.8,8.59,8.88,8.15,365342.14
2016-06-27,8.56,8.73,8.75,8.51,240183.3
2016-06-28,8.99,9.03,9.43,8.99,727721.68
2016-06-29,8.95,9.12,9.35,8.9,598809.9
2016-06-30,9.05,9.03,9.17,8.95,349499.59
2016-07-01,9.1,9.06,9.18,9.02,273573.75
2016-07-04,9.0,9.12,9.14,8.97,355676.41
2016-07-05,9.14,9.43,9.45,9.13,710953.93
2016-07-06,9.34,9.18,9.36,9.12,487559.78
2016-07-07,9.14,9.11,9.18,9.02,349600.17
2016-07-08,9.12,9.12,9.28,9.06,296905.79
2016-07-11,9.12,9.02,9.15,9.01,295828.66
2016-07-12,9.0,9.12,9.17,8.98,333339.31
2016-07-13,9.14,9.17,9.3,9.05,420201.23
2016-07-14,9.1,9.08,9.17,9.01,311400.78
2016-07-15,9.05,9.03,9.12,9.02,218898.94
2016-07-18,9.0,8.8,9.0,8.75,351664.2
2016-07-19,8.75,8.88,8.99,8.7,248209.35
2016-07-20,8.85,8.79,8.87,8.78,201286.04
2016-07-21,8.77,8.75,8.83,8.72,218429.41
2016-07-22,8.74,8.76,8.98,8.74,263077.78
2016-07-25,8.67,8.7,8.76,8.64,196024.91
2016-07-26,8.7,8.74,8.78,8.68,167781.75
2016-07-27,8.75,8.34,8.82,8.2,397258.37
2016-07-28,8.34,8.34,8.4,8.15,275984.3
2016-07-29,8.31,8.24,8.35,8.2,135293.34
2016-08-01,8.24,8.08,8.26,8.02,179967.78
2016-08-02,8.08,8.12,8.14,8.06,95629.47
2016-08-03,8.11,8.13,8.19,8.07,134051.09
2016-08-04,8.14,8.15,8.15,8.05,133429.76
2016-08-05,8.13,8.1,8.17,8.09,126908.05
2016-08-08,8.08,8.12,8.12,7.98,167197.48
2016-08-09,8.12,8.17,8.18,8.09,183607.36
2016-08-10,8.17,8.16,8.33,8.16,223406.16
2016-08-11,8.14,8.05,8.16,8.04,178863.73
2016-08-12,8.05,8.11,8.11,8.03,130990.6
2016-08-15,7.97,8.21,8.36,7.54,935225.87
2016-08-16,8.1,8.12,8.19,8.03,406960.82
2016-08-17,8.1,8.07,8.16,8.01,317045.71
2016-08-18,8.05,8.08,8.14,8.02,253683.78
2016-08-19,8.07,8.0,8.1,7.98,245773.78
2016-08-22,8.01,7.88,8.05,7.86,209832.54
2016-08-23,7.88,7.84,7.91,7.81,189663.9
2016-08-24,7.83,7.84,7.91,7.82,150594.17
2016-08-25,7.81,7.7,7.81,7.62,201392.65
2016-08-26,7.72,7.69,7.75,7.68,150703.98
2016-08-29,7.7,7.87,8.05,7.64,409608.56
2016-08-30,7.83,7.73,7.84,7.7,248453.94
2016-08-31,7.75,7.75,7.82,7.72,135052.63
2016-09-01,7.76,7.67,7.84,7.66,187311.8
2016-09-02,7.65,7.61,7.69,7.59,154076.9
2016-09-05,7.63,7.61,7.67,7.59,128768.58
2016-09-06,7.61,7.69,7.7,7.53,198498.32
2016-09-07,7.67,7.65,7.71,7.64,144900.62
2016-09-08,7.64,7.63,7.68,7.59,131017.51
2016-09-09,7.61,7.59,7.65,7.57,147050.6
2016-09-12,7.4,7.23,7.43,7.22,244381.25
2016-09-13,7.27,7.19,7.3,7.16,155417.62
2016-09-14,7.09,7.08,7.14,7.04,174599.98
2016-09-19,7.09,7.1,7.14,7.08,128255.74
2016-09-20,7.11,7.04,7.12,7.03,122559.65
2016-09-21,7.03,7.33,7.64,7.01,538689.82
2016-09-22,7.25,7.22,7.37,7.2,351477.08
2016-09-23,7.2,7.1,7.23,7.1,175410.19
2016-09-26,6.95,6.67,6.95,6.65,397702.97
2016-09-27,6.6,6.69,6.71,6.58,236333.95
2016-09-28,6.67,6.64,6.69,6.6,155600.29
2016-09-29,6.61,6.64,6.72,6.6,192235.69
2016-09-30,6.63,6.67,6.69,6.62,138809.35
2016-10-10,6.69,6.84,6.91,6.68,236900.11
2016-10-11,7.1,7.52,7.52,7.1,443193.81
2016-10-12,7.76,7.49,7.84,7.46,1169276.94
2016-10-13,7.37,7.83,8.06,7.37,1321439.18
2016-10-14,7.7,7.55,7.7,7.48,757075.78
2016-10-17,7.62,7.41,7.67,7.39,465852.14
2016-10-18,7.4,7.49,7.51,7.35,356883.09
2016-10-19,7.48,7.47,7.59,7.43,337521.96
2016-10-20,7.42,7.48,7.51,7.37,312657.74
2016-10-21,7.46,7.38,7.59,7.28,364698.99
2016-10-24,7.33,7.43,7.5,7.3,295378.47
2016-10-25,7.41,7.45,7.49,7.35,242897.04
2016-10-26,7.44,7.42,7.49,7.39,223577.42
2016-10-27,7.38,7.36,7.45,7.35,165404.52
2016-10-28,7.36,7.36,7.47,7.35,217182.78
2016-10-31,7.34,7.22,7.37,7.16,195734.66
2016-11-01,7.2,7.29,7.3,7.2,166575.27
2016-11-02,7.27,7.07,7.27,7.03,246659.06
2016-11-03,7.03,7.12,7.18,7.02,197177.77
2016-11-04,7.1,7.04,7.14,7.03,175332.52
2016-11-07,7.05,7.05,7.09,7.02,114143.82
2016-11-08,7.07,7.14,7.2,7.07,179188.81
2016-11-09,7.12,7.0,7.15,6.91,208040.08
2016-11-10,7.07,7.26,7.51,7.03,391041.0
2016-11-11,7.22,7.22,7.28,7.16,237218.87
2016-11-14,7.23,7.33,7.44,7.22,310907.05
2016-11-15,7.32,7.46,7.48,7.31,346140.85
2016-11-16,7.55,7.58,7.6,7.4,477014.38
2016-11-17,8.19,7.97,8.34,7.91,1573148.45
2016-11-18,7.58,7.56,7.74,7.52,889258.42
2016-11-21,7.52,7.46,7.55,7.41,362099.95
2016-11-22,7.44,7.48,7.51,7.42,237468.39
2016-11-23,7.47,7.35,7.48,7.35,247916.26
2016-11-24,7.38,7.26,7.39,7.25,219007.73
2016-11-25,7.27,7.29,7.34,7.14,195792.46
2016-11-28,7.3,7.39,7.48,7.27,233469.36
2016-11-29,7.37,7.2,7.38,7.19,220391.58
2016-11-30,7.2,7.13,7.24,7.11,160416.71
2016-12-01,7.15,7.16,7.19,7.12,119251.79
2016-12-02,7.17,7.05,7.17,7.04,154359.53
2016-12-05,7.01,7.06,7.1,6.97,108355.59
2016-12-06,7.08,7.16,7.22,7.08,149983.3
2016-12-07,7.14,7.22,7.24,7.07,149338.92
2016-12-08,7.19,7.33,7.38,7.19,262158.18
2016-12-09,7.3,7.3,7.42,7.27,198878.48
2016-12-12,7.31,6.98,7.36,6.95,241678.37
2016-12-13,6.97,7.04,7.08,6.88,129875.94
2016-12-14,7.04,7.29,7.64,7.0,421021.44
2016-12-15,7.2,7.47,7.55,7.17,314315.49
2016-12-16,7.6,7.49,7.6,7.4,334111.72
2016-12-19,7.49,7.53,7.54,7.37,215698.72
2016-12-20,7.53,7.42,7.64,7.39,287943.32
2016-12-21,7.46,7.45,7.51,7.41,179581.97
2016-12-22,7.44,7.44,7.53,7.39,164389.44
2016-12-23,7.42,7.28,7.47,7.27,186732.21
2016-12-26,7.22,7.71,7.73,7.21,529911.26
2016-12-27,7.65,7.9,8.18,7.58,981794.66
2016-12-28,7.93,7.9,8.0,7.82,313851.03
2017-01-12,8.69,8.69,8.69,8.52,1143711.7
2017-01-13,8.39,7.86,8.57,7.82,1450525.38
2017-01-16,7.75,7.54,8.19,7.07,877956.89
2017-01-17,7.57,7.8,7.84,7.32,608871.26
2017-01-18,7.7,7.85,8.14,7.6,636736.74
2017-01-19,7.7,7.54,7.76,7.52,387958.57
2017-01-20,7.53,7.66,7.77,7.5,290258.65
2017-01-23,7.66,7.67,7.78,7.61,231880.89
2017-01-24,7.61,7.54,7.73,7.53,196041.28
2017-01-25,7.55,7.52,7.64,7.47,162114.91
2017-01-26,7.55,7.6,7.64,7.5,155531.14
2017-02-03,7.62,7.74,7.78,7.58,198303.7
2017-02-06,7.72,7.95,8.0,7.7,306889.27
2017-02-07,7.91,7.92,8.06,7.76,348345.5
2017-02-08,7.85,7.91,7.93,7.76,233144.01
2017-02-09,7.9,7.9,7.95,7.84,175587.96
2017-02-10,7.9,7.89,7.98,7.84,184923.14
2017-02-13,7.89,8.11,8.11,7.83,373276.46
2017-02-14,8.13,8.01,8.16,8.0,209613.01
2017-02-15,8.01,7.84,8.08,7.83,252735.89
2017-02-16,7.82,7.86,7.9,7.79,148199.87
2017-02-17,7.83,7.99,8.15,7.82,376915.1
2017-02-20,8.0,8.08,8.08,7.9,228310.3
2017-02-21,8.08,8.09,8.13,8.03,176348.71
2017-02-22,8.09,8.08,8.18,8.06,230318.69
2017-02-23,8.06,8.06,8.08,7.95,205677.03
2017-02-24,8.02,8.04,8.08,7.99,129083.48
2017-02-27,8.0,7.92,8.02,7.87,184230.04
2017-02-28,7.94,7.9,7.97,7.89,129119.97
2017-03-01,7.99,8.04,8.1,7.95,218398.79
2017-03-02,8.02,8.0,8.06,7.99,117530.58
2017-03-03,7.99,7.92,8.03,7.9,152483.01
2017-03-06,7.9,7.99,8.06,7.9,186822.42
2017-03-07,7.99,7.98,8.03,7.93,113551.48
2017-03-08,7.98,8.37,8.48,7.97,611400.69
2017-03-09,8.37,8.23,8.48,8.23,334261.74
2017-03-10,8.17,8.09,8.25,8.07,262119.2
2017-03-13,8.03,8.06,8.1,7.9,180580.07
2017-03-14,8.05,8.03,8.12,8.0,138539.12
2017-03-15,7.98,7.96,8.02,7.92,112643.57
2017-03-16,7.98,8.03,8.08,7.98,114672.39
2017-03-17,8.07,7.92,8.08,7.92,139165.0
2017-03-20,7.86,7.95,8.01,7.86,141844.67
2017-03-21,7.93,7.95,8.03,7.92,107609.08
2017-03-22,7.99,8.05,8.19,7.98,199612.01
2017-03-23,8.14,8.0,8.14,7.92,136242.66
2017-03-24,8.0,8.05,8.07,7.98,114117.25
2017-03-27,8.03,8.05,8.13,8.02,124887.69
2017-03-28,8.07,8.08,8.09,7.97,126982.11
2017-03-29,8.09,8.28,8.44,8.06,527200.43
2017-03-30,8.2,8.0,8.3,7.98,362540.27
2017-03-31,8.03,8.1,8.12,7.94,183836.54
2017-04-05,8.08,8.11,8.14,8.03,165449.14
2017-04-06,8.15,8.17,8.2,8.06,230416.62
2017-04-07,8.11,8.1,8.15,8.07,170844.57
2017-04-10,8.1,8.01,8.11,7.97,163723.54
2017-04-11,8.21,8.18,8.65,8.11,453081.28
2017-04-12,8.19,8.03,8.28,8.02,293280.02
2017-04-13,8.01,8.03,8.09,7.97,139017.92
2017-04-14,7.99,7.71,8.03,7.65,341059.29
2017-04-17,7.69,7.52,7.77,7.46,175646.65
2017-04-18,7.52,7.54,7.7,7.52,108017.29
2017-04-19,7.53,6.84,7.53,6.79,503500.24
2017-04-20,6.86,6.71,6.9,6.6,239835.59
2017-04-21,6.68,6.67,6.78,6.58,164842.2
2017-04-24,6.66,6.27,6.68,6.2,157980.53
2017-04-25,6.32,6.33,6.45,6.28,106767.44
2017-04-26,6.36,6.36,6.39,6.28,96378.41
2017-04-27,6.36,6.32,6.39,6.0,148329.28
2017-04-28,6.26,6.61,6.89,6.26,184415.57
2017-05-02,6.52,6.41,6.59,6.35,159214.05
2017-05-03,6.39,6.36,6.45,6.3,82856.95
2017-05-04,6.34,6.37,6.47,6.21,92132.0
2017-05-05,6.38,6.33,6.42,6.29,78501.49
2017-05-08,6.29,6.25,6.33,6.21,75436.61
2017-05-09,6.23,6.27,6.29,6.1,81151.2
2017-05-10,6.29,6.21,6.34,6.2,78935.0
2017-05-11,6.21,5.97,6.22,5.65,213964.11
2017-05-12,5.92,5.81,6.03,5.72,128571.85
2017-05-15,5.81,5.81,5.88,5.75,69584.44
2017-05-16,6.3,6.12,6.3,6.03,266402.91
2017-05-17,6.11,6.17,6.33,6.09,175385.15
2017-05-18,6.17,6.15,6.25,6.07,82998.43
2017-05-19,6.15,6.09,6.2,6.06,99298.61
2017-05-22,6.08,5.91,6.12,5.88,75972.45
2017-05-23,5.89,5.65,5.94,5.65,116508.11
2017-05-24,5.65,5.66,5.67,5.47,82862.11
2017-05-25,5.67,5.76,5.81,5.58,81055.63
2017-05-26,5.78,5.76,5.83,5.75,64381.06
2017-05-31,5.77,5.77,5.85,5.77,67285.39
2017-06-01,5.68,5.6,5.77,5.58,67416.01
2017-06-02,5.59,5.67,5.69,5.49,72498.4
2017-06-05,5.65,5.71,5.75,5.65,102248.69
2017-06-06,5.72,5.91,6.19,5.72,184270.98
2017-06-07,5.86,5.97,6.08,5.8,164097.86
2017-06-08,5.95,5.94,6.04,5.92,97133.6
2017-06-09,5.9,6.06,6.17,5.9,136960.87
2017-06-12,6.01,5.97,6.08,5.95,72945.55
2017-06-13,5.95,6.02,6.04,5.94,48862.94
2017-06-14,6.05,6.06,6.17,6.02,99628.13
2017-06-15,6.04,6.08,6.12,6.03,88117.74
2017-06-16,6.07,6.07,6.12,6.03,51581.6
2017-06-19,5.97,5.94,5.99,5.76,137620.51
2017-06-20,5.88,5.86,5.96,5.84,108470.15
2017-06-21,5.86,6.17,6.45,5.86,417674.05
2017-06-22,6.05,5.93,6.12,5.93,208646.98
2017-06-23,5.91,5.91,6.03,5.82,94937.82
2017-06-26,5.86,5.93,5.96,5.86,77497.9
2017-06-27,5.94,5.9,5.97,5.89,67923.02
2017-06-28,5.9,5.85,5.91,5.83,56355.81
2017-06-29,5.84,5.86,5.9,5.82,52977.02
2017-06-30,5.84,5.79,5.85,5.76,69459.5
2017-07-03,5.79,5.84,5.87,5.79,53181.51
2017-07-04,5.85,5.85,5.87,5.8,48487.01
2017-07-05,5.85,5.88,5.89,5.82,64902.06
2017-07-06,5.85,5.93,5.96,5.83,156425.31
2017-07-07,5.95,5.84,5.96,5.82,114221.9
2017-07-10,5.83,5.81,5.87,5.78,75015.19
2017-07-11,5.81,5.72,5.82,5.72,87867.0
2017-07-12,5.72,5.78,5.8,5.69,90668.96
2017-07-13,5.79,5.84,5.89,5.75,98650.28
2017-07-14,5.82,5.77,5.82,5.77,60606.81
2017-07-17,5.74,5.41,5.77,5.33,154959.67
2017-07-18,5.46,5.56,5.63,5.42,79539.3
2017-07-19,5.53,5.59,5.6,5.51,50541.77
2017-07-20,5.65,5.57,5.65,5.56,45405.01
2017-07-21,5.53,5.58,5.65,5.53,67579.59
2017-07-24,5.56,5.87,5.98,5.54,195517.89
2017-07-25,5.85,5.73,5.85,5.7,114863.47
2017-07-26,5.71,5.67,5.75,5.62,61569.26
2017-07-27,5.66,5.7,5.75,5.62,70618.4
2017-07-28,5.7,5.71,5.74,5.67,41643.98
2017-07-31,5.7,5.71,5.76,5.68,58542.75
2017-08-01,5.72,5.74,5.83,5.69,101435.08
2017-08-02,5.74,5.66,5.76,5.66,67720.0
2017-08-03,5.66,5.78,5.78,5.6,118393.5
2017-08-04,5.75,5.69,5.78,5.69,96866.68
2017-08-07,5.65,5.7,5.76,5.62,97553.56
2017-08-08,5.7,5.75,5.78,5.68,93751.35
2017-08-09,5.75,5.81,5.92,5.71,151200.73
2017-08-10,5.77,5.78,5.9,5.75,141922.25
2017-08-11,5.73,5.6,5.75,5.59,119879.35
2017-08-14,5.63,5.68,5.68,5.6,45285.55
2017-08-15,5.67,5.71,5.74,5.66,54205.46
2017-08-16,5.7,5.8,5.83,5.67,106071.9
2017-08-17,5.79,5.81,5.86,5.77,98514.79
2017-08-18,5.77,5.84,5.84,5.75,93662.93
2017-08-21,5.83,5.87,5.89,5.81,103037.69
2017-08-22,5.88,5.78,5.9,5.76,95223.24
2017-08-23,5.8,5.79,5.83,5.76,69717.69
2017-08-24,5.76,5.73,5.79,5.72,60524.26
2017-08-25,5.73,5.77,5.78,5.72,59235.77
2017-08-28,5.8,5.81,5.82,5.76,75630.02
2017-08-29,5.81,5.8,5.83,5.78,62590.64
2017-08-30,5.8,5.77,5.82,5.77,72693.03
2017-08-31,5.78,5.81,5.86,5.77,90477.0
2017-09-01,5.81,5.8,5.81,5.76,88370.59
2017-09-04,5.76,5.68,5.79,5.63,162149.25
2017-09-05,5.68,5.67,5.73,5.65,77366.53
2017-09-06,5.53,5.59,5.6,5.1,257652.54
2017-09-07,5.54,5.5,5.6,5.49,139270.94
2017-09-08,5.5,5.48,5.53,5.45,75569.6
2017-09-11,5.48,5.48,5.53,5.47,79535.0
2017-09-12,5.48,5.43,5.5,5.4,119860.26
2017-09-13,5.41,5.43,5.46,5.4,73331.33
2017-09-14,5.43,5.44,5.49,5.4,88906.98
2017-09-15,5.43,5.41,5.44,5.39,70996.53
2017-09-18,5.41,5.41,5.44,5.39,66011.78
2017-09-19,5.42,5.4,5.44,5.38,69762.16
2017-09-20,5.4,5.37,5.41,5.35,97114.54
2017-09-21,5.37,5.28,5.37,5.28,131540.0
2017-09-22,5.27,5.21,5.28,5.19,107967.46
2017-09-25,5.22,5.14,5.22,5.13,91370.1
2017-09-26,5.15,5.14,5.17,5.1,88884.44
2017-09-27,5.13,5.19,5.21,5.12,86265.75
2017-09-28,5.19,5.15,5.19,5.15,53235.0
2017-09-29,5.16,5.22,5.23,5.16,61298.75
2017-10-09,5.25,5.26,5.29,5.23,78916.01
2017-10-10,5.26,5.28,5.29,5.22,65644.48
2017-10-11,5.28,5.26,5.31,5.26,67900.25
2017-10-12,5.27,5.25,5.28,5.2,57449.39
2017-10-13,5.29,5.47,5.5,5.27,342734.42
2017-10-16,5.43,5.47,5.49,5.4,220730.16
2017-10-17,5.43,5.45,5.48,5.37,111874.01
2017-10-18,5.46,5.31,5.47,5.31,115459.78
2017-10-19,5.35,5.35,5.48,5.32,123294.19
2017-10-20,5.31,5.45,5.49,5.31,196625.21
2017-10-23,5.45,5.42,5.46,5.39,92963.28
2017-10-24,5.37,5.22,5.38,5.17,235447.46
2017-10-25,5.22,5.21,5.22,5.15,87628.24
2017-10-26,5.2,5.18,5.22,5.13,111291.97
2017-10-27,5.18,5.16,5.2,5.15,81748.09
2017-10-30,5.17,5.0,5.18,4.97,133953.69
2017-10-31,5.02,5.04,5.08,4.98,78123.66
2017-11-01,5.08,5.0,5.08,4.99,71664.33
2017-11-02,5.0,4.93,5.0,4.92,86834.0
2017-11-03,4.93,4.85,4.94,4.73,139114.35
2017-11-06,4.85,4.85,4.85,4.76,74275.04
2017-11-07,4.81,4.93,5.06,4.81,145475.51
2017-11-08,4.9,4.85,4.93,4.84,115573.89
2017-11-09,4.84,4.85,4.88,4.83,67919.12
2017-11-10,4.85,4.82,4.85,4.8,60340.26
2017-11-13,4.79,4.78,4.83,4.78,62760.5
2017-11-14,4.78,4.71,4.78,4.7,80294.99
2017-11-15,4.7,4.6,4.71,4.56,126966.77
2017-11-16,4.6,4.57,4.62,4.56,74280.0
2017-11-17,4.58,4.41,4.59,4.37,136756.55
2017-11-20,4.41,4.51,4.62,4.23,154980.61
2017-11-21,4.48,4.57,4.63,4.46,127274.88
2017-11-22,4.56,4.52,4.62,4.5,84264.22
2017-11-23,4.5,4.45,4.58,4.44,69971.25
2017-11-24,4.44,4.44,4.49,4.41,68413.03
2017-11-27,4.44,4.4,4.46,4.39,56365.0
2017-11-28,4.37,4.41,4.42,4.36,58878.35
2017-11-29,4.42,4.36,4.45,4.32,51838.6
2017-11-30,4.36,4.27,4.36,4.27,64780.0
2017-12-01,4.28,4.32,4.33,4.27,56341.96
2017-12-04,4.31,4.23,4.32,4.23,74383.81
2017-12-05,4.2,4.05,4.2,4.02,131423.85
2017-12-06,4.05,4.04,4.06,3.96,77373.78
2017-12-07,4.03,4.03,4.11,4.01,71735.28
2017-12-08,4.02,4.08,4.12,4.02,63570.8
2017-12-11,4.07,4.08,4.1,4.05,68276.89
2017-12-12,4.08,4.03,4.08,4.02,44942.65
2017-12-13,4.03,4.07,4.09,4.03,65808.6
2017-12-14,4.07,4.13,4.26,4.04,117987.73
2017-12-15,4.08,4.1,4.13,4.06,83787.93
2017-12-18,4.08,4.06,4.12,4.05,49721.2
2017-12-19,4.05,4.06,4.09,4.05,42678.26
2017-12-20,4.06,4.06,4.1,4.05,68174.04
2017-12-21,4.05,4.02,4.06,3.96,54235.73
2017-12-22,4.0,4.04,4.11,3.99,65094.65
2017-12-25,4.07,3.98,4.07,3.97,48968.91
2017-12-26,3.98,4.02,4.03,3.98,39646.61
2017-12-27,4.02,4.01,4.06,4.0,51982.08
2017-12-28,4.01,3.99,4.04,3.98,51214.85
2017-12-29,4.01,4.02,4.02,3.98,34507.57
2018-01-02,4.02,4.04,4.06,4.01,50277.92
2018-01-03,4.06,4.09,4.1,4.03,80865.57
2018-01-04,4.09,4.1,4.13,4.06,105412.62
2018-01-05,4.09,4.16,4.34,4.08,186566.41
2018-01-08,4.15,4.19,4.24,4.12,154612.9
2018-01-09,4.17,4.2,4.22,4.15,91451.24
2018-01-10,4.21,4.14,4.21,4.09,75210.48
2018-01-11,4.12,4.16,4.17,4.1,71389.76
2018-01-12,4.16,4.14,4.17,4.1,59184.0
2018-01-15,4.13,4.01,4.13,4.0,78410.58
2018-01-16,4.01,4.04,4.04,4.0,43821.65
2018-01-17,4.04,4.02,4.07,3.97,66924.66
2018-01-18,4.0,4.01,4.03,3.99,53888.74
2018-01-19,4.0,3.97,4.01,3.97,62743.0
2018-01-22,3.97,3.91,3.98,3.86,99541.55
2018-01-23,3.91,3.9,3.93,3.87,87790.0
2018-01-24,3.9,3.87,3.92,3.85,102225.37
2018-01-25,3.87,3.89,3.94,3.83,142730.58
2018-01-26,3.88,3.92,3.96,3.86,137968.48
2018-01-29,3.92,3.85,3.92,3.84,104222.3
2018-01-30,3.86,3.86,3.88,3.84,59445.1
2018-01-31,3.86,3.69,3.86,3.65,158950.79
2018-02-01,3.67,3.41,3.68,3.4,157707.95
2018-02-02,3.41,3.29,3.41,3.17,98266.45
2018-02-05,3.27,3.28,3.32,3.19,54981.04
2018-02-06,3.21,3.06,3.28,3.05,118423.92
2018-02-07,3.09,3.11,3.17,3.04,98982.71
2018-02-08,3.15,3.17,3.23,3.12,83579.11
2018-02-09,3.08,3.06,3.12,3.01,120976.94
2018-02-12,3.1,3.16,3.23,3.08,116604.16
2018-02-13,3.16,3.17,3.21,3.14,98312.18
2018-02-14,3.17,3.18,3.19,3.13,62882.05
2018-02-22,3.19,3.25,3.37,3.18,130389.67
2018-02-23,3.23,3.22,3.26,3.2,78296.31
2018-02-26,3.22,3.3,3.31,3.22,122274.05
2018-02-27,3.28,3.34,3.41,3.27,191732.27
2018-02-28,3.32,3.32,3.38,3.29,123132.46
2018-03-01,3.31,3.38,3.4,3.3,119531.83
2018-03-02,3.36,3.32,3.38,3.32,76750.88
2018-03-05,3.32,3.33,3.34,3.31,46687.0
2018-03-06,3.32,3.35,3.35,3.31,64641.03
2018-03-07,3.34,3.42,3.6,3.33,205896.68
2018-03-08,3.41,3.4,3.42,3.35,105411.94
2018-03-09,3.41,3.74,3.74,3.38,638766.58
2018-03-12,3.69,3.66,3.77,3.64,532400.49
2018-03-13,3.65,3.67,3.78,3.64,274783.0
2018-03-14,3.65,3.56,3.67,3.56,192617.6
2018-03-15,3.54,3.56,3.58,3.49,144775.1
2018-03-16,3.56,3.51,3.6,3.51,93200.92
2018-03-19,3.53,3.53,3.58,3.44,121272.64
2018-03-20,3.5,3.58,3.75,3.49,181013.16
2018-03-21,3.56,3.53,3.63,3.51,128394.89
2018-03-22,3.53,3.51,3.57,3.48,82388.32
2018-03-23,3.41,3.2,3.45,3.16,215896.29
2018-03-26,3.15,3.23,3.23,3.1,117579.74
2018-03-27,3.25,3.29,3.33,3.25,136728.65
2018-03-28,3.26,3.25,3.31,3.24,114637.11
2018-03-29,3.25,3.3,3.31,3.25,118738.76
2018-03-30,3.3,3.33,3.38,3.3,137211.96
2018-04-02,3.34,3.3,3.37,3.29,89201.76
2018-04-03,3.26,3.25,3.27,3.23,74397.58
2018-04-04,3.28,3.22,3.3,3.22,69549.85
2018-04-09,3.19,3.29,3.32,3.17,109579.06
2018-04-10,3.29,3.32,3.39,3.26,155781.77
2018-04-11,3.31,3.3,3.35,3.29,117797.87
2018-04-12,3.3,3.29,3.32,3.28,96394.01
2018-04-13,3.29,3.28,3.34,3.26,81221.11
2018-04-16,3.31,3.33,3.43,3.29,177202.21
2018-04-17,3.34,3.24,3.36,3.23,119084.24
2018-04-18,3.27,3.27,3.3,3.16,102114.25
2018-04-19,3.27,3.29,3.29,3.24,68322.01
2018-04-20,3.28,3.26,3.37,3.23,101668.0
2018-04-23,3.26,3.21,3.28,3.2,71865.9
2018-04-24,3.21,3.31,3.35,3.21,120229.03
2018-04-25,3.27,3.29,3.32,3.26,89735.5
2018-04-26,3.3,3.18,3.31,3.18,87322.55
2018-04-27,3.19,3.2,3.22,3.18,76667.55
2018-05-02,3.2,3.16,3.23,3.14,72128.24
2018-05-03,3.14,3.17,3.18,3.13,62020.0
2018-05-04,3.18,3.18,3.19,3.15,40265.0
2018-05-07,3.19,3.22,3.23,3.15,80022.01
2018-05-08,3.22,3.24,3.25,3.2,70211.8
2018-05-09,3.24,3.21,3.24,3.19,65969.0
2018-05-10,3.21,3.24,3.25,3.2,71661.15
2018-05-11,3.24,3.31,3.34,3.23,169418.53
2018-05-14,3.28,3.47,3.64,3.28,346700.44
2018-05-15,3.44,3.46,3.46,3.38,162246.98
2018-05-16,3.43,3.45,3.5,3.4,127756.08
2018-05-17,3.46,3.59,3.62,3.46,272604.8
2018-05-18,3.54,3.53,3.57,3.5,153938.75
2018-05-21,3.55,3.57,3.6,3.49,148525.07
2018-05-22,3.55,3.64,3.72,3.55,269776.06
2018-05-23,3.65,3.65,3.73,3.61,159227.97
2018-05-24,3.6,3.58,3.61,3.52,189918.91
2018-05-25,3.58,3.54,3.68,3.53,146388.34
2018-05-28,3.54,3.59,3.62,3.45,119840.0
2018-05-29,3.57,3.54,3.63,3.53,110714.0
2018-05-30,3.48,3.5,3.57,3.43,135481.44
2018-05-31,3.5,3.53,3.58,3.47,81608.38
2018-06-01,3.52,3.44,3.54,3.41,100724.02
2018-06-04,3.44,3.42,3.46,3.37,64180.24
2018-06-05,3.43,3.44,3.46,3.4,52842.01
2018-06-06,3.46,3.41,3.48,3.39,59792.75
2018-06-07,3.41,3.36,3.44,3.36,49119.0
2018-06-08,3.35,3.38,3.49,3.33,69762.03
2018-06-11,3.38,3.27,3.38,3.26,65177.02
2018-06-12,3.15,3.2,3.23,3.11,117101.01
2018-06-13,3.16,3.12,3.19,3.12,51344.02
2018-06-14,3.12,3.12,3.15,3.11,53521.79
2018-06-15,3.13,3.04,3.14,3.03,67626.22
2018-06-19,3.01,2.74,3.01,2.74,180347.0
2018-06-20,2.72,2.73,2.76,2.66,76125.5
2018-06-21,2.73,2.66,2.75,2.65,60599.63
2018-06-22,2.65,2.74,2.75,2.61,69415.41
2018-06-25,3.01,3.01,3.01,2.97,146993.95
2018-06-26,2.99,2.92,2.99,2.82,186773.96
2018-06-27,2.89,2.87,2.95,2.86,76524.7
2018-06-28,2.87,2.88,2.94,2.87,52402.7
2018-06-29,2.9,3.06,3.17,2.87,113693.24
2018-07-02,3.03,3.0,3.05,2.97,73803.44
2018-07-03,3.0,3.03,3.03,2.95,34605.28
2018-07-04,3.01,2.98,3.03,2.97,35731.0
2018-07-05,2.97,2.91,3.0,2.9,34153.0
2018-07-06,2.87,2.86,2.93,2.77,48344.7
2018-07-09,2.87,2.93,2.96,2.87,25865.52
2018-07-10,2.94,2.96,2.99,2.92,45658.49
2018-07-11,2.93,2.89,2.93,2.85,33342.0
2018-07-12,2.88,2.95,2.97,2.87,47158.99
2018-07-13,2.96,2.98,2.99,2.94,39328.33
2018-07-16,3.0,3.03,3.03,2.99,47139.25
2018-07-17,3.03,3.04,3.05,3.01,26207.25
2018-07-18,3.04,3.05,3.09,3.02,42850.33
2018-07-19,3.03,3.01,3.06,2.99,31042.21
2018-07-20,3.01,3.01,3.02,2.95,36208.36
2018-07-23,2.99,3.02,3.03,2.98,37974.16
2018-07-24,3.01,3.07,3.11,2.99,86741.88
2018-07-25,3.06,3.08,3.09,3.05,49605.88
2018-07-26,3.08,3.27,3.39,3.05,272269.36
2018-07-27,3.2,3.14,3.24,3.12,155930.37
2018-07-30,3.12,3.06,3.16,3.06,71915.0
2018-07-31,3.05,3.16,3.24,3.05,122114.35
2018-08-01,3.12,3.18,3.31,3.1,122935.01
2018-08-02,3.15,3.37,3.5,3.09,443156.66
2018-08-03,3.26,3.71,3.71,3.26,663336.23
2018-08-06,3.66,3.43,3.66,3.36,577866.61
2018-08-07,3.33,3.48,3.65,3.33,378537.37
2018-08-08,3.4,3.55,3.58,3.4,298849.59
2018-08-09,3.49,3.5,3.57,3.42,214627.46
2018-08-10,3.52,3.41,3.53,3.4,170169.52
2018-08-13,3.37,3.39,3.45,3.28,153172.0
2018-08-14,3.39,3.41,3.49,3.38,114801.01
2018-08-15,3.43,3.47,3.47,3.33,120294.72
2018-08-16,3.46,3.4,3.46,3.38,97447.08
2018-08-17,3.41,3.33,3.44,3.33,75675.96
2018-08-20,3.36,3.37,3.37,3.29,58043.13
2018-08-21,3.37,3.44,3.45,3.36,94680.63
2018-08-22,3.44,3.38,3.45,3.37,66110.17
2018-08-23,3.36,3.35,3.39,3.32,70403.62
2018-08-24,3.35,3.29,3.35,3.27,89731.88
2018-08-27,3.3,3.33,3.33,3.28,47182.01
2018-08-28,3.32,3.28,3.34,3.27,67969.0
2018-08-29,3.29,3.2,3.29,3.2,65892.72
2018-08-30,3.23,3.24,3.35,3.21,90059.0
2018-08-31,3.21,3.17,3.24,3.16,64139.41
2018-09-03,3.16,3.22,3.26,3.15,64710.0
2018-09-04,3.22,3.26,3.3,3.22,60153.78
2018-09-05,3.25,3.25,3.31,3.25,70346.09
2018-09-06,3.24,3.21,3.28,3.21,35029.0
2018-09-07,3.21,3.25,3.28,3.21,33488.65
2018-09-10,3.25,3.2,3.26,3.18,39110.64
2018-09-11,3.2,3.22,3.24,3.19,28018.46
2018-09-12,3.21,3.21,3.23,3.19,32835.0
2018-09-13,3.22,3.28,3.3,3.22,82617.55
2018-09-14,3.28,3.35,3.36,3.27,71054.46
2018-09-17,3.35,3.37,3.45,3.33,99556.11
2018-09-18,3.34,3.37,3.38,3.28,71296.35
2018-09-19,3.37,3.4,3.44,3.35,85662.7
2018-09-20,3.37,3.35,3.41,3.33,61509.78
2018-09-21,3.35,3.41,3.44,3.35,92452.34
2018-09-25,3.39,3.39,3.43,3.36,60415.44
2018-09-26,3.39,3.37,3.42,3.33,70526.38
2018-09-27,3.36,3.29,3.37,3.28,60268.38
2018-09-28,3.27,3.34,3.35,3.27,47058.78
2018-10-08,3.3,3.26,3.31,3.26,56036.77
2018-10-09,3.27,3.3,3.34,3.25,57947.93
2018-10-10,3.28,3.19,3.29,3.16,74285.23
2018-10-11,3.12,2.87,3.12,2.87,169531.44
2018-10-12,2.87,2.94,2.98,2.76,102397.77
2018-10-15,2.94,3.0,3.06,2.93,96554.34
2018-10-16,2.97,2.97,3.03,2.96,40607.76
2018-10-17,2.98,2.99,3.06,2.96,35041.19
2018-10-18,2.98,2.86,2.99,2.84,56426.6
2018-10-19,2.84,2.92,2.94,2.8,57453.83
2018-10-22,2.94,3.09,3.17,2.92,99980.76
2018-10-23,3.09,3.05,3.12,3.01,60341.02
2018-10-24,3.05,3.04,3.08,3.01,45259.2
2018-10-25,2.98,3.0,3.0,2.92,66252.62
2018-10-26,3.0,2.98,3.03,2.97,43453.25
2018-10-29,2.95,2.91,2.97,2.89,50257.01
2018-10-30,2.92,2.94,2.94,2.84,58127.67
2018-10-31,2.95,2.96,2.98,2.92,50303.03
2018-11-01,2.97,2.94,2.99,2.93,54634.04
2018-11-02,3.0,3.0,3.03,2.97,77178.68
2018-11-05,3.03,3.04,3.08,3.0,96137.13
2018-11-06,2.99,3.0,3.01,2.97,53086.84
2018-11-07,3.0,3.0,3.03,2.97,50766.05
2018-11-08,3.0,3.05,3.05,3.0,85691.23
2018-11-09,3.03,3.01,3.03,2.98,84680.87
2018-11-12,3.0,3.08,3.08,2.99,126838.29
2018-11-13,3.05,3.16,3.22,3.03,198885.81
2018-11-14,3.21,3.23,3.36,3.18,231440.78
2018-11-15,3.18,3.24,3.24,3.15,130575.59
2018-11-16,3.25,3.24,3.26,3.19,91365.94
2018-11-19,3.24,3.27,3.31,3.21,110360.53
2018-11-20,3.27,3.18,3.29,3.18,104760.49
2018-11-21,3.16,3.19,3.2,3.12,76093.67
2018-11-22,3.2,3.19,3.2,3.15,55887.42
2018-11-23,3.19,3.04,3.2,3.01,94799.46
2018-11-26,3.03,3.05,3.07,3.02,38704.63
2018-11-27,3.07,3.03,3.09,3.01,48221.0
2018-11-28,3.03,3.07,3.07,3.0,49928.72
2018-11-29,3.07,2.96,3.08,2.96,87738.73
2018-11-30,2.95,2.96,2.98,2.9,52458.01
2018-12-03,3.03,3.03,3.06,3.02,65442.62
2018-12-04,3.03,3.07,3.1,3.02,86153.0
2018-12-05,3.02,3.12,3.25,3.0,146769.7
2018-12-06,3.07,3.06,3.12,3.05,62462.66
2018-12-07,3.06,3.05,3.08,3.02,38869.01
2018-12-10,3.01,3.03,3.03,2.99,39525.35
2018-12-11,3.03,3.04,3.05,3.01,34370.99
2018-12-12,3.04,3.02,3.06,3.01,28494.0
2018-12-13,3.02,3.04,3.06,3.0,39691.15
2018-12-14,3.02,2.96,3.03,2.95,66231.02
2018-12-17,2.96,2.99,2.99,2.92,46965.3
2018-12-18,2.97,3.01,3.02,2.97,47987.51
2018-12-19,3.04,2.99,3.05,2.97,42474.0
2018-12-20,2.99,3.02,3.02,2.93,60462.0
2018-12-21,2.97,2.95,2.98,2.93,46540.99
2018-12-24,2.94,2.93,2.94,2.9,58006.01
2018-12-25,2.91,2.87,2.91,2.8,61524.12
2018-12-26,2.88,2.86,2.89,2.85,23853.28
2018-12-27,2.89,2.84,2.91,2.84,37370.0
2018-12-28,2.86,2.88,2.89,2.83,32615.42
2019-01-02,2.89,2.94,3.0,2.86,65532.01
2019-01-03,2.95,2.95,2.97,2.93,34764.52
2019-01-04,2.95,3.04,3.05,2.92,71822.57
2019-01-07,3.04,3.11,3.12,3.02,102684.3
2019-01-08,3.03,3.07,3.12,3.0,100826.92
2019-01-09,3.05,3.04,3.09,3.04,127515.02
2019-01-10,3.02,3.02,3.07,3.01,56039.73
2019-01-11,3.02,3.0,3.06,3.0,47285.31
2019-01-14,3.03,2.98,3.03,2.96,66221.03
2019-01-15,2.98,3.02,3.02,2.96,53721.27
2019-01-16,3.02,3.08,3.09,3.0,103293.36
2019-01-17,3.07,3.06,3.1,3.04,70727.02
2019-01-18,3.07,3.08,3.08,3.04,63618.63
2019-01-21,3.09,3.09,3.2,3.04,116563.23
2019-01-22,3.08,3.08,3.16,3.06,54759.05
2019-01-23,3.07,3.1,3.13,3.06,43385.4
2019-01-24,3.09,3.13,3.14,3.09,65221.04
2019-01-25,3.14,3.15,3.16,3.11,84772.56
2019-01-28,3.16,3.14,3.18,3.11,62019.95
2019-01-29,3.12,3.13,3.14,3.01,82233.42
2019-01-30,3.16,3.14,3.17,3.1,59119.0
2019-01-31,3.15,3.09,3.18,3.08,105407.0
2019-02-01,3.14,3.1,3.15,2.97,64519.07
2019-02-11,3.06,3.12,3.13,3.05,47861.28
2019-02-12,3.1,3.14,3.14,3.09,60475.27
2019-02-13,3.11,3.12,3.13,3.05,119347.26
2019-02-14,3.1,3.09,3.1,3.04,112354.61
2019-02-15,3.07,3.12,3.18,3.05,117207.59
2019-02-18,3.09,3.17,3.17,3.09,169701.47
2019-02-19,3.15,3.41,3.49,3.13,469691.63
2019-02-20,3.35,3.31,3.4,3.27,233065.27
2019-02-21,3.32,3.3,3.37,3.25,187073.62
2019-02-22,3.3,3.33,3.33,3.26,119388.99
2019-02-25,3.31,3.43,3.44,3.31,307145.29
2019-02-26,3.44,3.44,3.58,3.37,375881.49
2019-02-27,3.39,3.42,3.53,3.34,259060.54
2019-02-28,3.4,3.42,3.47,3.38,131226.23
2019-03-01,3.42,3.4,3.44,3.35,124116.97
2019-03-04,3.4,3.41,3.47,3.39,199831.89
2019-03-05,3.41,3.45,3.46,3.38,165837.89
2019-03-06,3.45,3.54,3.59,3.43,338791.11
2019-03-07,3.54,3.64,3.66,3.5,325292.68
2019-03-08,3.6,3.49,3.62,3.47,290058.0
2019-03-11,3.48,3.65,3.65,3.45,276634.27
2019-03-12,3.69,3.64,3.75,3.56,325096.79
2019-03-13,3.61,3.54,3.63,3.52,214152.55
2019-03-14,3.54,3.4,3.55,3.38,239382.09
2019-03-15,3.41,3.41,3.46,3.37,167109.65
2019-03-18,3.43,3.47,3.47,3.36,144322.96
2019-03-19,3.45,3.46,3.48,3.43,124593.98
2019-03-20,3.44,3.5,3.5,3.42,182325.12
2019-03-21,3.49,3.52,3.54,3.46,184747.43
2019-03-22,3.52,3.63,3.66,3.51,378885.36
2019-03-25,3.57,3.58,3.63,3.54,169611.42
2019-03-26,3.61,3.53,3.62,3.45,208350.97
2019-03-27,3.52,3.58,3.59,3.48,166368.63
2019-03-28,3.55,3.94,3.94,3.52,817186.17
2019-03-29,3.88,3.95,4.17,3.78,1093118.03
2019-04-01,3.92,4.04,4.08,3.88,778454.41
2019-04-02,4.02,3.94,4.04,3.9,558994.3
2019-04-03,3.9,4.33,4.33,3.88,1025057.7
2019-04-04,4.5,4.2,4.5,4.19,1035066.7
2019-04-08,4.15,4.03,4.16,4.0,547054.18
2019-04-09,4.03,4.14,4.26,3.99,480417.8
2019-04-10,4.08,4.12,4.17,4.02,347481.16
2019-04-11,4.12,4.14,4.32,4.08,346487.66
2019-04-12,4.12,4.04,4.19,4.01,265435.12
2019-04-15,4.06,4.04,4.14,4.0,246504.51
2019-04-16,3.99,4.06,4.08,3.93,216061.35
2019-04-17,4.05,4.05,4.07,4.0,189876.92
2019-04-18,4.06,4.01,4.06,4.0,136759.02
2019-04-19,4.02,4.03,4.07,4.0,123670.52
2019-04-22,4.05,3.95,4.06,3.95,150472.01
2019-04-23,3.93,3.81,3.93,3.73,228905.77
2019-04-24,3.83,3.81,3.83,3.73,122902.1
2019-04-25,3.81,3.63,3.81,3.63,152188.0
2019-04-26,3.62,3.59,3.62,3.56,141496.55
2019-04-29,3.58,3.36,3.59,3.24,246764.87
2019-04-30,3.36,3.39,3.46,3.34,114812.92
2019-05-06,3.32,3.2,3.32,3.13,193718.86
2019-05-07,3.21,3.23,3.25,3.16,109781.82
2019-05-08,3.16,3.24,3.29,3.13,101108.72
2019-05-09,3.18,3.3,3.36,3.18,178981.04
2019-05-10,3.33,3.4,3.41,3.25,173079.53
2019-05-13,3.38,3.42,3.43,3.31,93944.24
2019-05-14,3.37,3.41,3.44,3.35,82943.87
2019-05-15,3.41,3.47,3.48,3.41,118180.84
2019-05-16,3.46,3.45,3.5,3.42,99063.01
2019-05-17,3.46,3.3,3.48,3.28,128122.0
2019-05-20,3.35,3.37,3.37,3.18,189866.1
2019-05-21,3.35,3.56,3.71,3.33,256151.62
2019-05-22,3.54,3.47,3.54,3.43,158245.64
2019-05-23,3.42,3.4,3.49,3.37,96282.99
2019-05-24,3.4,3.45,3.53,3.38,97489.99
2019-05-27,3.48,3.5,3.51,3.41,75055.01
2019-05-28,3.5,3.47,3.52,3.46,56695.15
2019-05-29,3.47,3.52,3.67,3.44,103775.52
2019-05-30,3.49,3.46,3.51,3.43,82745.52
2019-05-31,3.45,3.48,3.53,3.44,75541.99
2019-06-03,3.43,3.44,3.51,3.43,61450.01
2019-06-04,3.44,3.35,3.47,3.32,79608.0
2019-06-05,3.41,3.32,3.42,3.3,53514.01
2019-06-06,3.31,3.24,3.33,3.23,55567.53
2019-06-10,3.26,3.33,3.34,3.25,41947.73
2019-06-11,3.33,3.42,3.44,3.33,67976.08
2019-06-12,3.4,3.5,3.51,3.4,99221.82
2019-06-13,3.52,3.63,3.64,3.5,169580.65
2019-06-14,3.61,3.59,3.68,3.58,116129.42
2019-06-17,3.62,3.59,3.63,3.56,63276.84
2019-06-18,3.59,3.6,3.65,3.58,54772.99
2019-06-19,3.66,3.62,3.69,3.6,82849.6
2019-06-20,3.6,3.59,3.62,3.54,89529.5
2019-06-21,3.61,3.61,3.65,3.58,94175.55
2019-06-24,3.62,3.58,3.63,3.57,67950.76
2019-06-25,3.6,3.54,3.61,3.51,64343.23
2019-06-26,3.52,3.51,3.56,3.5,51246.93
2019-06-27,3.53,3.48,3.55,3.47,68389.55
2019-06-28,3.5,3.43,3.5,3.34,124727.0
2019-07-01,3.45,3.47,3.48,3.42,104004.7
2019-07-02,3.48,3.54,3.56,3.47,85466.79
2019-07-03,3.56,3.44,3.57,3.44,69087.0
2019-07-04,3.42,3.43,3.5,3.41,59219.95
2019-07-05,3.46,3.48,3.55,3.45,75816.65
2019-07-08,3.44,3.32,3.45,3.32,87318.64
2019-07-09,3.33,3.35,3.35,3.31,42322.55
2019-07-10,3.34,3.31,3.36,3.3,41324.19
2019-07-11,3.33,3.3,3.34,3.3,38595.47
2019-07-12,3.33,3.36,3.37,3.3,38479.85
2019-07-15,3.37,3.55,3.56,3.36,151528.51
2019-07-16,3.52,3.58,3.62,3.49,152726.83
2019-07-17,3.61,3.57,3.65,3.52,123819.94
2019-07-18,3.56,3.54,3.59,3.51,111214.54
2019-07-19,3.56,3.64,3.72,3.56,164055.07
2019-07-22,3.65,3.78,3.93,3.58,316683.16
2019-07-23,3.78,3.75,3.85,3.72,203972.8
2019-07-24,3.75,3.83,3.92,3.75,279241.33
2019-07-25,3.86,3.88,3.91,3.81,228477.57
2019-07-26,3.88,3.91,3.93,3.85,133232.22
2019-07-29,3.94,3.91,4.0,3.87,142602.53
2019-07-30,3.99,3.96,4.07,3.93,178500.0
2019-07-31,3.92,3.9,3.99,3.87,167005.57
2019-08-01,3.88,3.89,3.94,3.85,144962.78
2019-08-02,3.75,3.82,3.88,3.75,201816.88
2019-08-05,3.87,3.87,3.96,3.85,238257.51
2019-08-06,3.82,3.82,3.88,3.76,168836.38
2019-08-07,3.82,3.84,3.95,3.8,107783.0
2019-08-08,3.84,3.8,3.86,3.76,116681.66
2019-08-09,3.83,3.95,4.0,3.79,205548.84
2019-08-12,3.93,4.09,4.09,3.93,158905.81
2019-08-13,4.09,4.07,4.19,4.03,186447.34
2019-08-14,4.14,4.09,4.18,4.06,99914.29
2019-08-15,4.05,4.16,4.17,3.99,161145.6
2019-08-16,4.25,4.0,4.33,3.98,344455.68
2019-08-19,3.96,3.92,3.99,3.87,233612.66
2019-08-20,3.92,3.96,4.0,3.89,163932.12
2019-08-21,3.99,4.13,4.13,3.95,213163.2
2019-08-22,4.08,4.21,4.24,4.07,192886.61
2019-08-23,4.25,4.32,4.35,4.17,258988.34
2019-08-26,4.23,4.3,4.4,4.21,191711.99
2019-08-27,4.3,4.28,4.36,4.24,109651.06
2019-08-28,4.29,4.28,4.35,4.2,104745.61
2019-08-29,4.28,4.21,4.28,4.16,106674.62
2019-08-30,4.22,4.18,4.25,4.12,87949.89
2019-09-02,4.19,4.2,4.21,4.13,66990.37
2019-09-03,4.17,4.16,4.18,4.12,88536.8
2019-09-04,4.16,4.22,4.22,4.13,74590.22
2019-09-05,4.24,4.23,4.28,4.2,101983.29
2019-09-06,4.26,4.28,4.32,4.23,111650.24
2019-09-09,4.28,4.28,4.31,4.25,109293.98
2019-09-10,4.27,4.24,4.28,4.12,141884.87
2019-09-11,4.26,4.25,4.28,4.19,99359.5
2019-09-12,4.26,4.29,4.3,4.22,92723.4
2019-09-16,4.5,4.32,4.5,4.27,251860.73
2019-09-17,4.3,4.21,4.3,4.15,117308.93
2019-09-18,4.24,4.21,4.24,4.17,74638.28
2019-09-19,4.21,4.17,4.22,4.15,64352.47
2019-09-20,4.18,4.27,4.3,4.08,176469.02
2019-09-23,4.3,4.27,4.3,4.18,259651.71
2019-09-24,4.27,4.22,4.33,4.19,137861.0
2019-09-25,4.23,4.15,4.23,4.09,122805.01
2019-09-26,4.12,4.02,4.17,3.98,104993.26
2019-09-27,4.02,4.12,4.18,3.98,94902.07
2019-09-30,4.11,4.11,4.17,4.04,54370.0
2019-10-08,4.1,4.06,4.13,4.05,46159.0
2019-10-09,4.06,4.0,4.07,3.98,51679.55
2019-10-10,4.0,4.04,4.09,4.0,58405.82
2019-10-11,4.04,4.05,4.07,4.0,48884.11
2019-10-14,4.07,4.05,4.1,4.04,101989.54
2019-10-15,4.01,4.04,4.04,3.92,155930.89
2019-10-16,4.03,4.01,4.04,3.95,72476.0
2019-10-17,4.01,3.98,4.06,3.95,54039.48
2019-10-18,4.0,4.0,4.01,3.94,80920.51
2019-10-21,4.0,4.01,4.03,3.96,49351.02
2019-10-22,4.02,4.06,4.07,4.0,64241.01
2019-10-23,4.06,4.17,4.18,4.05,146960.3
2019-10-24,4.16,4.2,4.25,4.13,94305.04
2019-10-25,4.21,4.19,4.21,4.15,59003.27
2019-10-28,4.19,4.2,4.27,4.17,102260.0
2019-10-29,4.2,4.19,4.21,4.15,94668.01
2019-10-30,4.2,4.16,4.21,4.14,46683.33
2019-10-31,4.16,4.09,4.18,4.06,68828.35
2019-11-01,4.11,4.16,4.18,4.04,54642.96
2019-11-04,4.18,4.15,4.19,4.12,30791.32
2019-11-05,4.17,4.08,4.21,4.05,67802.58
2019-11-06,4.08,4.14,4.16,3.91,101580.23
2019-11-07,4.16,4.1,4.16,4.07,69841.15
2019-11-08,4.13,4.11,4.14,4.08,79059.0
2019-11-11,4.1,4.07,4.13,4.05,67414.64
2019-11-12,4.1,4.09,4.11,4.05,51374.73
2019-11-13,4.09,4.09,4.11,4.07,34626.17
2019-11-14,4.1,4.09,4.13,4.08,63486.13
2019-11-15,4.09,4.08,4.11,4.03,41598.0
2019-11-18,4.09,4.22,4.23,4.07,91802.53
2019-11-19,4.24,4.26,4.27,4.21,82101.1
2019-11-20,4.25,4.38,4.43,4.25,171684.51
2019-11-21,4.38,4.46,4.47,4.34,125395.4
2019-11-22,4.54,4.34,4.55,4.28,129771.04
2019-11-25,4.34,4.36,4.39,4.29,121062.1
2019-11-26,4.35,4.45,4.46,4.33,118980.07
2019-11-27,4.42,4.35,4.45,4.34,52340.4
2019-11-28,4.4,4.38,4.42,4.35,54849.09
2019-11-29,4.39,4.28,4.4,4.25,115960.32
2019-12-02,4.28,4.27,4.34,4.23,80358.44
2019-12-03,4.27,4.24,4.28,4.21,48471.88
2019-12-04,4.24,4.25,4.28,4.2,37215.37
2019-12-05,4.27,4.28,4.31,4.25,30944.93
2019-12-06,4.28,4.27,4.3,4.23,57946.0
2019-12-09,4.28,4.23,4.29,4.21,46864.44
2019-12-10,4.22,4.22,4.25,4.19,62442.51
2019-12-11,4.21,4.22,4.25,4.17,49290.35
2019-12-12,4.2,4.17,4.22,4.15,59489.03
2019-12-13,4.17,4.24,4.25,4.14,78695.58
2019-12-16,4.26,4.22,4.27,4.2,54639.81
2019-12-17,4.23,4.29,4.32,4.2,95439.79
2019-12-18,4.4,4.44,4.72,4.4,393549.57
2019-12-19,4.32,4.57,4.64,4.27,372594.21
2019-12-20,4.53,4.4,4.53,4.4,200409.96
2019-12-23,4.39,4.27,4.39,4.24,107593.6
2019-12-24,4.27,4.27,4.36,4.25,85811.04
2019-12-25,4.27,4.22,4.29,4.2,78284.29
2019-12-26,4.24,4.2,4.24,4.18,69387.42
2019-12-27,4.21,4.2,4.26,4.18,64602.03
2019-12-30,4.2,4.18,4.22,4.16,66883.25
2019-12-31,4.18,4.22,4.24,4.16,77476.0
2020-01-02,4.24,4.25,4.26,4.22,77660.21
2020-01-03,4.25,4.22,4.26,4.21,57674.7
2020-01-06,4.22,4.16,4.22,4.15,112780.63
2020-01-07,4.17,4.23,4.25,4.17,105207.61
2020-01-08,4.23,4.29,4.38,4.22,157471.3
2020-01-09,4.3,4.32,4.33,4.29,72625.85
2020-01-10,4.33,4.28,4.35,4.28,68936.1
2020-01-13,4.28,4.31,4.32,4.25,64627.02
2020-01-14,4.31,4.31,4.33,4.28,52658.0
2020-01-15,4.31,4.24,4.31,4.24,42536.67
2020-01-16,4.29,4.21,4.29,4.2,51568.12
2020-01-17,4.22,4.21,4.27,4.16,51053.63
2020-01-20,4.21,4.15,4.22,4.1,73076.77
2020-01-21,4.16,4.04,4.19,4.02,82335.68
2020-01-22,4.04,3.99,4.04,3.89,105192.11
2020-01-23,3.95,3.93,3.98,3.85,76196.79
2020-02-03,3.54,3.54,3.54,3.54,21532.0
2020-02-04,3.19,3.19,3.36,3.19,247704.06
2020-02-05,3.23,3.26,3.3,3.21,119614.32
2020-02-06,3.29,3.28,3.3,3.23,87974.1
2020-02-07,3.27,3.29,3.34,3.24,73707.71
2020-02-10,3.29,3.39,3.4,3.25,73272.0
2020-02-11,3.39,3.41,3.49,3.39,76108.0
2020-02-12,3.41,3.43,3.46,3.37,59928.81
2020-02-13,3.42,3.48,3.49,3.37,69715.87
2020-02-14,3.45,3.46,3.5,3.44,49247.0
2020-02-17,3.47,3.53,3.54,3.44,59391.16
2020-02-18,3.54,3.58,3.61,3.52,63666.78
2020-02-19,3.59,3.53,3.59,3.53,58373.05
2020-02-20,3.53,3.6,3.6,3.5,77248.72
2020-02-21,3.59,3.96,3.96,3.58,281037.41
2020-02-24,4.0,4.07,4.21,3.9,324421.46
2020-02-25,4.0,4.19,4.19,3.86,229386.64
2020-02-26,4.08,4.06,4.17,4.03,120020.2
2020-02-27,4.08,4.11,4.2,4.07,103018.8
2020-02-28,3.98,3.96,4.07,3.93,125569.36
2020-03-02,3.97,4.03,4.07,3.96,89345.0
2020-03-03,4.02,4.05,4.16,3.99,138833.78
2020-03-04,4.05,4.01,4.07,3.94,122841.81
2020-03-05,4.01,4.0,4.04,3.99,94009.34
2020-03-06,3.93,3.95,4.0,3.93,72996.87
2020-03-09,4.0,3.92,4.12,3.92,163599.06
2020-03-10,3.88,4.06,4.26,3.74,245197.5
2020-03-11,4.06,4.12,4.23,4.02,258362.18
2020-03-12,4.01,3.97,4.11,3.9,172659.45
2020-03-13,3.71,3.86,3.92,3.71,127687.4
2020-03-16,3.92,3.74,3.93,3.7,117224.0
2020-03-17,3.74,3.94,3.94,3.56,156781.83
2020-03-18,3.95,3.84,4.05,3.82,96441.8
2020-03-19,3.89,3.83,3.91,3.75,72627.76
2020-03-20,3.88,3.86,3.92,3.82,42637.46
2020-03-23,3.81,3.79,3.89,3.73,60647.44
2020-03-24,3.81,3.82,3.84,3.75,60967.11
2020-03-25,3.86,3.86,3.9,3.84,67694.01
2020-03-26,3.86,3.92,3.97,3.84,107882.56
2020-03-27,3.93,3.82,3.94,3.78,91553.7
2020-03-30,3.81,3.71,3.82,3.71,65507.0
2020-03-31,3.76,3.74,3.81,3.7,48739.0
2020-04-01,3.71,3.64,3.74,3.61,50551.02
2020-04-02,3.63,3.64,3.67,3.56,52142.98
2020-04-03,3.63,3.63,3.67,3.61,36537.35
2020-04-07,3.64,3.7,3.71,3.64,36285.36
2020-04-08,3.7,3.69,3.72,3.66,30117.31
2020-04-09,3.7,3.68,3.72,3.68,29136.0
2020-04-10,3.68,3.59,3.7,3.57,43206.0
2020-04-13,3.59,3.63,3.65,3.56,51327.0
2020-04-14,3.63,3.63,3.63,3.6,22049.37
2020-04-15,3.63,3.61,3.68,3.58,24423.64
2020-04-16,3.6,3.55,3.6,3.54,40562.59
2020-04-17,3.56,3.58,3.65,3.55,38187.2
2020-04-20,3.57,3.62,3.66,3.56,47869.32
2020-04-21,3.62,3.61,3.67,3.58,29789.4
2020-04-22,3.58,3.62,3.62,3.54,40517.99
2020-04-23,3.62,3.7,3.86,3.59,86057.1
2020-04-24,3.68,3.63,3.71,3.62,41669.27
2020-04-27,3.63,3.73,3.81,3.62,176496.08
2020-04-28,3.75,3.7,3.82,3.62,73412.64
2020-04-29,3.69,3.66,3.73,3.65,37291.26
2020-04-30,3.67,3.72,3.73,3.67,36475.81
2020-05-06,3.69,3.73,3.74,3.67,36871.98
2020-05-07,3.73,3.78,3.83,3.71,71249.23
2020-05-08,3.76,3.84,3.88,3.76,60275.13
2020-05-11,3.85,3.9,3.91,3.84,66032.31
2020-05-12,3.9,3.89,3.93,3.86,50663.15
2020-05-13,3.85,3.85,3.91,3.85,41563.51
2020-05-14,3.84,3.87,3.91,3.81,72611.92
2020-05-15,3.89,3.93,3.93,3.87,45692.94
2020-05-18,3.94,3.95,4.01,3.92,60089.22
2020-05-19,3.95,3.91,3.98,3.87,48324.78
2020-05-20,3.91,3.92,3.93,3.89,33284.68
2020-05-21,3.91,3.99,4.01,3.9,60754.01
2020-05-22,4.18,3.89,4.18,3.85,149378.25
2020-05-25,3.83,3.88,3.91,3.79,46986.25
2020-05-26,3.89,3.86,3.92,3.84,31751.38
2020-05-27,3.85,3.77,3.88,3.77,43132.0
2020-05-28,3.76,3.72,3.77,3.71,35658.4
2020-05-29,3.7,3.71,3.74,3.69,25216.14
2020-06-01,3.72,3.75,3.76,3.7,36085.0
2020-06-02,3.76,3.81,3.82,3.73,37981.0
2020-06-03,3.8,3.77,3.8,3.73,24078.0
2020-06-04,3.82,3.81,3.86,3.78,35981.0
2020-06-05,3.9,3.95,4.16,3.89,145705.64
2020-06-08,3.9,3.82,3.95,3.8,71881.85
2020-06-09,3.79,3.82,3.84,3.79,28158.2
2020-06-10,3.82,3.78,3.82,3.77,21418.0
2020-06-11,3.8,3.75,3.8,3.75,21260.0
2020-06-12,3.71,3.77,3.79,3.69,21430.0
2020-06-15,3.77,3.7,3.78,3.67,95532.0
2020-06-16,3.7,3.71,3.72,3.66,53715.08
2020-06-17,3.71,3.68,3.76,3.65,84496.0
2020-06-18,3.68,3.65,3.68,3.64,50065.65
2020-06-19,3.65,3.66,3.68,3.64,61885.96
2020-06-22,3.65,3.61,3.65,3.61,49414.27
2020-06-23,3.6,3.59,3.62,3.59,35135.25
2020-06-24,3.61,3.68,3.68,3.57,60821.14
2020-06-29,3.64,3.64,3.68,3.63,36667.0
2020-06-30,3.67,3.63,3.67,3.62,37600.01
2020-07-01,3.65,3.61,3.65,3.58,42736.99
2020-07-02,3.61,3.63,3.64,3.59,59459.45
2020-07-03,3.65,3.7,3.72,3.64,88990.35
2020-07-06,3.71,3.78,3.8,3.71,105635.83
2020-07-07,3.79,3.77,3.83,3.74,105287.06
2020-07-08,3.76,3.82,3.82,3.71,111027.77
2020-07-09,3.81,3.87,3.87,3.79,134880.99
2020-07-10,3.9,3.77,3.9,3.76,129277.01
2020-07-13,3.78,3.86,3.86,3.75,178340.08
2020-07-14,3.88,3.77,3.88,3.74,152279.56
2020-07-15,3.79,3.69,3.82,3.69,104944.63
2020-07-16,3.69,3.61,3.71,3.59,88680.95
2020-07-17,3.63,3.6,3.65,3.58,61841.54
2020-07-20,3.62,3.69,3.69,3.6,56926.94
2020-07-21,3.69,3.68,3.7,3.63,54052.14
2020-07-22,3.65,3.65,3.69,3.64,60578.89
2020-07-23,3.65,3.67,3.68,3.57,77102.6
2020-07-24,3.65,3.58,3.67,3.57,62658.01
2020-07-27,3.57,3.57,3.6,3.52,39903.28
2020-07-28,3.57,3.58,3.61,3.56,31949.0
2020-07-29,3.59,3.62,3.62,3.55,39303.08
2020-07-30,3.62,3.58,3.63,3.58,35971.11
2020-07-31,3.6,3.61,3.62,3.57,41152.47
2020-08-03,3.61,3.76,3.8,3.61,134775.35
2020-08-04,3.74,3.68,3.76,3.67,84587.52
2020-08-05,3.69,3.7,3.72,3.65,52648.92
2020-08-06,3.7,3.71,3.72,3.66,46922.0
2020-08-07,3.7,3.65,3.71,3.63,58001.9
2020-08-10,3.65,3.69,3.73,3.64,54208.03
2020-08-11,3.69,3.67,3.79,3.66,106963.9
2020-08-12,3.65,3.68,3.7,3.6,73565.78
2020-08-13,3.7,3.74,3.78,3.69,93838.53
2020-08-14,3.75,3.77,3.78,3.71,72491.83
2020-08-17,3.77,3.78,3.79,3.74,78389.2
2020-08-18,3.78,3.79,3.85,3.76,88596.01
2020-08-19,3.79,3.74,3.79,3.73,70983.34
2020-08-20,3.74,3.7,3.74,3.67,48219.89
2020-08-21,3.7,3.74,3.79,3.7,55307.71
2020-08-24,3.74,3.71,3.76,3.7,47585.92
2020-08-25,3.72,3.68,3.74,3.68,38183.0
2020-08-26,3.69,3.63,3.7,3.63,53038.4
2020-08-27,3.63,3.66,3.68,3.62,36454.34
2020-08-28,3.66,3.68,3.7,3.63,40858.02
2020-08-31,3.68,3.65,3.71,3.65,43247.09
2020-09-01,3.64,3.68,3.68,3.63,36680.53
2020-09-02,3.68,3.65,3.69,3.62,62162.19
2020-09-03,3.65,3.57,3.65,3.56,69125.45
2020-09-04,3.55,3.59,3.61,3.5,66943.65
2020-09-07,3.59,3.58,3.69,3.57,52144.94
2020-09-08,3.59,3.65,3.68,3.56,50030.81
2020-09-09,3.62,3.67,3.69,3.61,70180.62
2020-09-10,3.67,3.56,3.67,3.53,67115.29
2020-09-11,3.55,3.58,3.59,3.53,43077.29
2020-09-14,3.57,3.57,3.6,3.55,31042.01
2020-09-15,3.56,3.59,3.59,3.54,23914.22
2020-09-16,3.58,3.59,3.61,3.56,25919.51
2020-09-17,3.6,3.62,3.63,3.58,40011.33
2020-09-18,3.6,3.63,3.63,3.59,25303.75
2020-09-21,3.63,3.59,3.63,3.58,28962.23
2020-09-22,3.57,3.55,3.59,3.54,29744.25
2020-09-23,3.56,3.55,3.59,3.54,20686.1
2020-09-24,3.56,3.51,3.56,3.5,30488.42
2020-09-25,3.51,3.45,3.54,3.45,34091.0
2020-09-28,3.42,3.41,3.47,3.4,30584.0
2020-09-29,3.41,3.41,3.45,3.41,20481.97
2020-09-30,3.4,3.41,3.44,3.4,18478.69
2020-10-09,3.42,3.48,3.48,3.42,19562.08
2020-10-12,3.49,3.54,3.54,3.48,28222.05
2020-10-13,3.52,3.5,3.54,3.49,20587.02
2020-10-14,3.51,3.56,3.56,3.48,38164.66
2020-10-15,3.55,3.5,3.55,3.49,24823.0
2020-10-16,3.5,3.5,3.51,3.48,17324.07
2020-10-19,3.5,3.46,3.51,3.46,24642.0
2020-10-20,3.46,3.44,3.46,3.42,26831.05
2020-10-21,3.43,3.41,3.45,3.41,18012.9
2020-10-22,3.41,3.4,3.43,3.38,24001.0
2020-10-23,3.39,3.33,3.41,3.33,46358.0
2020-10-26,3.33,3.4,3.41,3.3,34027.73
2020-10-27,3.38,3.4,3.42,3.38,15416.94
2020-10-28,3.39,3.37,3.41,3.34,37702.01
2020-10-29,3.37,3.39,3.41,3.35,21405.0
2020-10-30,3.39,3.38,3.4,3.35,28241.37
2020-11-02,3.36,3.37,3.39,3.33,39188.71
2020-11-03,3.38,3.39,3.4,3.37,23820.13
2020-11-04,3.41,3.4,3.41,3.38,16545.32
2020-11-05,3.41,3.41,3.42,3.38,21805.87
2020-11-06,3.41,3.48,3.58,3.38,81699.11
2020-11-09,3.47,3.55,3.56,3.42,100268.66
2020-11-10,3.56,3.48,3.57,3.45,66231.91
2020-11-11,3.46,3.44,3.47,3.43,27963.4
2020-11-12,3.43,3.46,3.5,3.43,31508.01
2020-11-13,3.45,3.54,3.56,3.42,73756.32
2020-11-16,3.63,3.57,3.75,3.56,98464.6
2020-11-17,3.6,3.63,3.71,3.53,126451.31
2020-11-18,3.6,3.59,3.66,3.57,72383.88
2020-11-19,3.57,3.55,3.6,3.53,43054.05
2020-11-20,3.55,3.59,3.65,3.49,79410.29
2020-11-23,3.58,3.6,3.66,3.54,80252.98
2020-11-24,3.56,3.56,3.62,3.55,45967.16
2020-11-25,3.55,3.52,3.59,3.52,40430.0
2020-11-26,3.52,3.49,3.53,3.48,27103.04
2020-11-27,3.48,3.53,3.55,3.47,30787.41
2020-11-30,3.53,3.51,3.56,3.5,47205.21
2020-12-01,3.49,3.52,3.53,3.49,21833.09
2020-12-02,3.51,3.55,3.59,3.51,44764.43
2020-12-03,3.55,3.49,3.55,3.48,45291.92
2020-12-04,3.49,3.51,3.54,3.49,47264.75
2020-12-07,3.51,3.49,3.52,3.48,34631.0
2020-12-08,3.49,3.46,3.51,3.46,27048.42
2020-12-09,3.45,3.42,3.48,3.41,26224.1
2020-12-10,3.42,3.41,3.44,3.4,19653.48
2020-12-11,3.42,3.37,3.42,3.37,34101.11
2020-12-14,3.37,3.4,3.41,3.37,21786.81
2020-12-15,3.39,3.42,3.43,3.37,24913.23
2020-12-16,3.41,3.44,3.47,3.41,29093.67
2020-12-17,3.44,3.48,3.5,3.42,45678.89
2020-12-18,3.48,3.38,3.48,3.37,70209.53
2020-12-21,3.39,3.37,3.39,3.32,36560.0
2020-12-22,3.35,3.3,3.37,3.3,31551.0
2020-12-23,3.3,3.23,3.32,3.21,46266.01
2020-12-24,3.22,3.17,3.26,3.17,38309.31
2020-12-25,3.17,3.49,3.49,3.16,167520.25
2020-12-28,3.51,3.4,3.55,3.36,199014.53
2020-12-29,3.45,3.54,3.74,3.33,239857.43
2020-12-30,3.46,3.45,3.6,3.4,161197.36
2020-12-31,3.48,3.4,3.52,3.37,108211.19
2021-01-04,3.41,3.46,3.54,3.39,116329.34
2021-01-05,3.43,3.46,3.55,3.37,126063.01
2021-01-06,3.5,3.32,3.5,3.32,107123.0
2021-01-07,3.33,3.27,3.39,3.25,75845.12
2021-01-08,3.23,3.26,3.32,3.19,48375.66
2021-01-11,3.26,3.24,3.32,3.22,46349.34
2021-01-12,3.21,3.24,3.3,3.21,40189.0
2021-01-13,3.24,3.26,3.29,3.2,44390.0
2021-01-14,3.21,3.19,3.25,3.17,57426.1
2021-01-15,3.19,3.21,3.23,3.17,38516.55
2021-01-18,3.22,3.23,3.25,3.18,43941.01
2021-01-19,3.21,3.19,3.22,3.18,36749.84
2021-01-20,3.2,3.19,3.21,3.19,20509.84
2021-01-21,3.2,3.23,3.23,3.19,33827.76
2021-01-22,3.21,3.22,3.28,3.19,50668.15
2021-01-25,3.21,3.17,3.21,3.17,32717.4
2021-01-26,3.17,3.12,3.19,3.11,39537.05
2021-01-27,3.12,3.05,3.13,3.02,52695.35
2021-01-28,3.04,3.02,3.05,3.01,22242.47
2021-01-29,3.02,3.06,3.08,3.01,37413.73
2021-02-01,3.06,3.17,3.2,3.03,68694.69
2021-02-02,3.18,3.13,3.26,3.12,48883.87
2021-02-03,3.16,3.11,3.21,3.11,28756.88
2021-02-04,3.1,3.04,3.12,3.0,51676.16
2021-02-05,3.04,3.02,3.08,2.99,32911.9
2021-02-08,3.02,2.92,3.05,2.92,42387.05
2021-02-09,2.93,2.97,2.98,2.92,21179.18
2021-02-10,2.95,2.94,2.99,2.92,32389.4
2021-02-18,2.97,3.02,3.07,2.96,43019.08
2021-02-19,3.03,3.08,3.09,3.02,33391.72
2021-02-22,3.06,3.09,3.14,3.06,54927.71
2021-02-23,3.11,3.06,3.11,3.04,30370.0
2021-02-24,3.06,3.03,3.11,3.01,42058.1
2021-02-25,3.05,3.03,3.07,3.01,38736.28
2021-02-26,3.02,3.02,3.03,2.98,22264.0
2021-03-01,3.0,3.05,3.07,3.0,32549.0
2021-03-02,3.04,3.05,3.08,3.03,24487.09
2021-03-03,3.05,3.06,3.07,3.04,33807.0
2021-03-04,3.04,3.05,3.07,3.03,35132.75
2021-03-05,3.03,3.1,3.11,3.03,45212.84
2021-03-08,3.1,3.08,3.13,3.07,37891.0
2021-03-09,3.08,3.12,3.22,3.04,125688.49
2021-03-10,3.11,3.06,3.12,3.03,54845.45
2021-03-11,3.06,3.08,3.09,3.03,51207.35
2021-03-12,3.08,3.09,3.11,3.05,40721.57
2021-03-15,3.09,3.12,3.15,3.08,45283.59
2021-03-16,3.13,3.13,3.13,3.09,42587.19
2021-03-17,3.11,3.14,3.15,3.1,43445.1
2021-03-18,3.14,3.12,3.14,3.11,32049.62
2021-03-19,3.11,3.09,3.15,3.08,33872.13
2021-03-22,3.08,3.13,3.13,3.08,30607.26
2021-03-23,3.13,3.15,3.18,3.11,50220.15
2021-03-24,3.14,3.13,3.15,3.11,25125.63
2021-03-25,3.11,3.1,3.15,3.1,31218.16
2021-03-26,3.11,3.11,3.12,3.09,47209.1
2021-03-29,3.11,3.08,3.12,3.06,44573.28
2021-03-30,3.08,3.04,3.08,3.03,27679.0
2021-03-31,3.04,3.08,3.1,3.03,25371.64
2021-04-01,3.08,3.06,3.08,3.04,21493.58
2021-04-02,3.05,3.06,3.07,3.04,20825.24
2021-04-06,3.06,3.07,3.07,3.04,20417.0
2021-04-07,3.38,3.38,3.38,3.38,125791.78
2021-04-08,3.5,3.25,3.5,3.25,383121.45
2021-04-09,3.12,3.25,3.38,3.11,239105.65
2021-04-12,3.17,3.14,3.25,3.12,147429.19
2021-04-13,3.15,3.12,3.18,3.1,87832.0
2021-04-14,3.12,3.16,3.23,3.07,109227.16
2021-04-15,3.16,3.12,3.17,3.12,56565.15
2021-04-16,3.12,3.15,3.16,3.1,57410.77
2021-04-19,3.14,3.16,3.2,3.13,63907.29
2021-04-20,3.16,3.15,3.19,3.14,52716.64
2021-04-21,3.14,3.11,3.14,3.09,54697.41
2021-04-22,3.11,3.11,3.15,3.1,39331.54
2021-04-23,3.09,3.06,3.11,3.05,47724.02
2021-04-26,3.05,3.07,3.09,3.05,28677.38
2021-04-27,3.07,3.07,3.07,3.03,34305.23
2021-04-28,3.07,3.11,3.16,3.06,61088.26
2021-04-29,3.11,3.16,3.2,3.09,75997.27
2021-04-30,3.16,3.17,3.18,3.13,47298.8
2021-05-06,3.19,3.14,3.22,3.13,73451.0
2021-05-07,3.14,3.23,3.23,3.13,118518.85
2021-05-10,3.24,3.24,3.26,3.18,76974.55
2021-05-11,3.23,3.27,3.27,3.17,67223.33
2021-05-12,3.29,3.26,3.33,3.24,56705.0
2021-05-13,3.26,3.24,3.3,3.24,51077.62
2021-05-14,3.26,3.26,3.27,3.23,51978.77
2021-05-17,3.25,3.24,3.29,3.22,40453.0
2021-05-18,3.25,3.23,3.25,3.21,30981.08
2021-05-19,3.21,3.21,3.23,3.2,28114.36
2021-05-20,3.21,3.19,3.22,3.15,36463.53
2021-05-21,3.19,3.25,3.26,3.16,49903.04
2021-05-24,3.25,3.21,3.26,3.2,39081.01
2021-05-25,3.21,3.2,3.22,3.16,42507.0
2021-05-26,3.21,3.23,3.23,3.18,41123.65
2021-05-27,3.23,3.2,3.24,3.2,32865.0
2021-05-28,3.19,3.25,3.29,3.17,87323.02
2021-05-31,3.22,3.17,3.23,3.16,82918.92
2021-06-01,3.17,3.16,3.19,3.15,43810.01
2021-06-02,3.16,3.13,3.18,3.11,43870.0
2021-06-03,3.14,3.13,3.16,3.13,34941.01
2021-06-04,3.13,3.13,3.15,3.12,28666.02
2021-06-07,3.13,3.14,3.17,3.13,38095.01
2021-06-08,3.13,3.16,3.16,3.13,33071.05
2021-06-09,3.16,3.16,3.17,3.14,31104.06
2021-06-10,3.16,3.19,3.23,3.15,66108.77
2021-06-11,3.18,3.16,3.21,3.16,51212.01
2021-06-15,3.18,3.13,3.18,3.13,42333.77
2021-06-16,3.13,3.15,3.15,3.11,30924.3
2021-06-17,3.13,3.22,3.23,3.12,89654.38
2021-06-18,3.19,3.25,3.25,3.17,71280.63
2021-06-21,3.26,3.24,3.27,3.21,46548.0
2021-06-22,3.27,3.26,3.29,3.23,59347.03
2021-06-23,3.24,3.26,3.35,3.23,77308.54
2021-06-24,3.28,3.21,3.28,3.21,59008.78
2021-06-25,3.21,3.21,3.23,3.21,33387.61
2021-06-28,3.21,3.18,3.22,3.17,37455.89
2021-06-29,3.17,3.15,3.18,3.15,28385.88
2021-06-30,3.15,3.27,3.36,3.14,110351.05
2021-07-01,3.25,3.22,3.27,3.2,58689.18
2021-07-02,3.2,3.31,3.35,3.19,103777.69
2021-07-05,3.32,3.4,3.46,3.28,149836.05
2021-07-06,3.39,3.34,3.39,3.32,84681.71
2021-07-07,3.33,3.34,3.39,3.32,58863.2
2021-07-08,3.33,3.31,3.38,3.29,66967.2
2021-07-09,3.31,3.32,3.33,3.28,46112.05
2021-07-12,3.33,3.3,3.36,3.28,52935.69
2021-07-13,3.29,3.27,3.29,3.26,50292.01
2021-07-14,3.27,3.25,3.28,3.25,31720.0
2021-07-15,3.3,3.27,3.3,3.24,53112.0
2021-07-16,3.27,3.24,3.3,3.24,41144.96
2021-07-19,3.22,3.23,3.26,3.21,36946.25
2021-07-20,3.22,3.21,3.23,3.2,33654.51
2021-07-21,3.22,3.26,3.27,3.21,35944.71
2021-07-22,3.25,3.26,3.28,3.24,34714.0
2021-07-23,3.26,3.27,3.28,3.24,36474.45
2021-07-26,3.28,3.2,3.28,3.17,54001.22
2021-07-27,3.2,3.2,3.23,3.17,38602.3
2021-07-28,3.2,3.12,3.2,3.12,48006.0
2021-07-29,3.14,3.15,3.17,3.13,29501.0
2021-07-30,3.12,3.18,3.19,3.12,40117.78
2021-08-02,3.18,3.19,3.21,3.16,39477.13
2021-08-03,3.18,3.21,3.22,3.18,37683.0
2021-08-04,3.2,3.18,3.21,3.18,26665.01
2021-08-05,3.17,3.17,3.2,3.16,25140.0
2021-08-06,3.17,3.16,3.17,3.14,26475.01
2021-08-09,3.14,3.2,3.21,3.13,38463.63
2021-08-10,3.2,3.21,3.22,3.18,36764.0
2021-08-11,3.23,3.22,3.23,3.2,34118.05
2021-08-12,3.21,3.23,3.25,3.2,48555.39
2021-08-13,3.23,3.27,3.28,3.21,56422.47
2021-08-16,3.26,3.25,3.27,3.23,43347.84
2021-08-17,3.25,3.23,3.27,3.21,56237.0
2021-08-18,3.22,3.25,3.26,3.21,39028.54
2021-08-19,3.24,3.26,3.27,3.23,54849.18
2021-08-20,3.25,3.2,3.26,3.16,67229.0
2021-08-23,3.21,3.29,3.31,3.2,112928.64
2021-08-24,3.3,3.27,3.34,3.26,64466.01
2021-08-25,3.26,3.37,3.39,3.26,116469.8
2021-08-26,3.37,3.38,3.41,3.33,99473.72
2021-08-27,3.38,3.35,3.4,3.32,81451.05
2021-08-30,3.36,3.31,3.37,3.29,74197.14
2021-08-31,3.3,3.32,3.34,3.28,55857.0
2021-09-01,3.32,3.39,3.4,3.29,83456.01
2021-09-02,3.38,3.37,3.44,3.36,71288.29
2021-09-03,3.35,3.43,3.51,3.33,172189.07
2021-09-06,3.41,3.4,3.46,3.38,100428.94
2021-09-07,3.4,3.74,3.74,3.4,263517.49
2021-09-08,3.8,3.69,3.8,3.61,472758.76
2021-09-09,3.67,3.67,3.74,3.64,245942.42
2021-09-10,3.69,3.78,3.95,3.67,394229.12
2021-09-13,3.82,4.16,4.16,3.8,284591.12
2021-09-14,4.17,4.3,4.5,4.0,783615.8
2021-09-15,4.24,4.33,4.4,4.21,421346.63
2021-09-16,4.26,4.13,4.46,4.13,403743.68
2021-09-17,4.1,4.21,4.35,4.1,385551.29
2021-09-22,4.16,4.24,4.34,4.15,278230.31
2021-09-23,4.25,4.14,4.31,4.1,345200.21
2021-09-24,4.14,4.26,4.29,4.12,366902.1
2021-09-27,3.83,3.83,3.83,3.83,42728.0
2021-09-28,3.45,3.45,3.45,3.45,89285.0
2021-09-29,3.39,3.25,3.58,3.24,644597.67
2021-09-30,3.27,3.25,3.41,3.25,394784.22
2021-10-08,3.31,3.45,3.47,3.27,375734.13
2021-10-11,3.55,3.8,3.8,3.47,339709.26
2021-10-12,3.91,3.93,4.05,3.53,596379.8
2021-10-13,3.85,3.69,3.86,3.64,380519.14
2021-10-14,3.72,3.63,3.75,3.53,250105.04
2021-10-15,3.64,3.52,3.66,3.52,178540.57
2021-10-18,3.55,3.75,3.76,3.5,243659.12
2021-10-19,3.71,3.67,3.74,3.64,166212.0
2021-10-20,3.7,3.58,3.7,3.56,131159.65
2021-10-21,3.58,3.55,3.66,3.51,127111.14
2021-10-22,3.56,3.41,3.57,3.41,143502.99
2021-10-25,3.44,3.41,3.51,3.38,170512.0
2021-10-26,3.38,3.35,3.41,3.31,165872.9
2021-10-27,3.33,3.29,3.42,3.28,142902.0
2021-10-28,3.28,3.26,3.36,3.22,149988.0
2021-10-29,3.23,3.29,3.29,3.21,111746.89
2021-11-01,3.28,3.33,3.35,3.23,124714.57
2021-11-02,3.33,3.23,3.37,3.23,127149.39
2021-11-03,3.24,3.35,3.35,3.23,111758.56
2021-11-04,3.35,3.31,3.36,3.27,110712.22
2021-11-05,3.29,3.24,3.3,3.24,97865.0
2021-11-08,3.23,3.25,3.29,3.22,72352.54
2021-11-09,3.28,3.24,3.28,3.22,61603.09
2021-11-10,3.24,3.22,3.24,3.16,94942.61
2021-11-11,3.22,3.24,3.26,3.2,80292.51
2021-11-12,3.24,3.24,3.24,3.22,54963.82
2021-11-15,3.24,3.28,3.28,3.21,88633.99
2021-11-16,3.28,3.25,3.3,3.25,73195.89
2021-11-17,3.26,3.28,3.3,3.23,77768.79
2021-11-18,3.29,3.3,3.34,3.28,86376.0
2021-11-19,3.31,3.34,3.35,3.29,75461.86
2021-11-22,3.34,3.41,3.41,3.31,132181.48
2021-11-23,3.42,3.38,3.44,3.36,92572.01
2021-11-24,3.38,3.35,3.39,3.32,80108.9
2021-11-25,3.35,3.36,3.4,3.3,87593.43
2021-11-26,3.35,3.31,3.37,3.31,63347.8
2021-11-29,3.26,3.33,3.34,3.24,105167.35
2021-11-30,3.33,3.35,3.4,3.29,118752.37
2021-12-01,3.34,3.37,3.38,3.3,103476.9
2021-12-02,3.35,3.32,3.42,3.31,103639.0
2021-12-03,3.35,3.4,3.48,3.34,233142.64
2021-12-06,3.38,3.47,3.58,3.34,306334.16
2021-12-07,3.47,3.43,3.52,3.39,172814.09
2021-12-08,3.44,3.41,3.46,3.39,120192.0
2021-12-09,3.41,3.42,3.43,3.38,106701.0
2021-12-10,3.43,3.41,3.49,3.4,111595.0
2021-12-13,3.41,3.38,3.44,3.36,106388.01
2021-12-14,3.37,3.35,3.38,3.34,78110.27
2021-12-15,3.35,3.37,3.39,3.35,70371.28
2021-12-16,3.36,3.39,3.4,3.36,76729.25
2021-12-17,3.39,3.39,3.42,3.36,83708.61
2021-12-20,3.37,3.43,3.44,3.36,123684.0
2021-12-21,3.44,3.51,3.52,3.4,188739.77
2021-12-22,3.55,3.45,3.55,3.43,139188.01
2021-12-23,3.45,3.42,3.46,3.41,89105.02
2021-12-24,3.42,3.41,3.44,3.37,91082.99
2021-12-27,3.4,3.42,3.43,3.38,73525.72
2021-12-28,3.4,3.45,3.45,3.4,66782.26
2021-12-29,3.45,3.45,3.48,3.42,86445.38
2021-12-30,3.45,3.45,3.46,3.42,71076.5
2021-12-31,3.45,3.43,3.47,3.41,102642.73
2022-01-04,3.45,3.54,3.59,3.44,250963.95
2022-01-05,3.54,3.58,3.64,3.52,215997.51
2022-01-06,3.58,3.58,3.64,3.55,178033.97
2022-01-07,3.58,3.55,3.61,3.54,126883.92
2022-01-10,3.57,3.58,3.58,3.5,115189.16
2022-01-11,3.58,3.55,3.65,3.54,111236.0
2022-01-12,3.55,3.57,3.59,3.52,90055.45
2022-01-13,3.59,3.6,3.61,3.55,97467.25
2022-01-14,3.58,3.45,3.58,3.44,156976.98
2022-01-17,3.45,3.45,3.5,3.42,93462.46
2022-01-18,3.46,3.39,3.46,3.38,110898.38
2022-01-19,3.73,3.73,3.73,3.73,92066.21
2022-01-20,3.99,3.69,3.99,3.68,748467.3
2022-01-21,3.74,3.86,4.0,3.7,627276.91
2022-01-24,3.74,3.63,3.76,3.5,398179.7
2022-01-25,3.67,3.77,3.95,3.65,482894.39
2022-01-26,3.75,3.7,3.84,3.61,369758.51
2022-01-27,3.64,3.8,3.92,3.56,462990.9
2022-01-28,3.71,3.85,3.89,3.69,389753.98
2022-02-07,3.86,4.12,4.24,3.8,787769.51
2022-02-08,3.99,4.15,4.18,3.95,574846.43
2022-02-09,4.09,4.07,4.11,4.0,390011.22
2022-02-10,4.04,4.01,4.14,3.92,432033.1
2022-02-11,3.97,4.03,4.05,3.91,306557.7
2022-02-14,3.98,3.84,4.0,3.82,321514.19
2022-02-15,3.84,3.76,3.86,3.73,238619.0
2022-02-16,3.78,3.94,3.95,3.75,370377.07
2022-02-17,3.89,3.88,3.97,3.86,210073.6
2022-02-18,3.85,3.91,3.93,3.83,150122.02
2022-02-21,3.88,3.92,3.93,3.87,141389.05
2022-02-22,3.91,3.85,4.02,3.81,271939.0
2022-02-23,3.81,3.8,3.88,3.79,213060.66
2022-02-24,3.8,3.69,3.82,3.64,283352.0
2022-02-25,3.72,4.06,4.06,3.72,491816.78
2022-02-28,4.18,4.23,4.3,4.06,1034032.46
2022-03-01,4.16,4.22,4.55,4.13,977193.25
2022-03-02,4.24,4.27,4.31,4.2,562275.54
2022-03-03,4.31,4.28,4.45,4.27,570770.78
2022-03-04,4.26,4.19,4.32,4.17,445046.87
2022-03-07,4.17,4.05,4.2,4.03,302019.64
2022-03-08,4.07,3.89,4.08,3.88,279135.74
2022-03-09,3.9,3.8,3.97,3.71,338211.64
2022-03-10,3.92,3.84,3.97,3.83,214194.36
2022-03-11,3.83,3.83,3.85,3.71,231300.27
2022-03-14,3.82,3.7,3.91,3.7,246641.43
2022-03-15,3.66,3.46,3.7,3.46,283021.1
2022-03-16,3.5,3.6,3.6,3.47,228330.51
2022-03-17,3.6,3.57,3.65,3.54,222696.0
2022-03-18,3.55,3.67,3.7,3.53,299205.14
2022-03-21,3.67,3.64,3.68,3.59,200155.65
2022-03-22,3.64,3.58,3.64,3.54,193293.67
2022-03-23,3.59,3.54,3.59,3.54,166097.72
2022-03-24,3.55,3.52,3.57,3.49,174640.04
2022-03-25,3.53,3.51,3.56,3.46,160794.0
2022-03-28,3.49,3.56,3.58,3.43,177756.12
2022-03-29,3.55,3.52,3.67,3.49,234792.41
2022-03-30,3.53,3.54,3.54,3.48,133184.0
2022-03-31,3.54,3.56,3.58,3.51,153144.86
2022-04-01,3.56,3.68,3.73,3.54,364052.47
2022-04-06,3.62,3.81,3.83,3.61,394419.46
2022-04-07,3.8,3.7,3.8,3.68,252980.78
2022-04-08,3.7,3.68,3.76,3.64,220203.0
2022-04-11,3.72,3.65,3.84,3.61,251207.0
2022-04-12,3.6,3.82,3.91,3.56,439551.27
2022-04-13,3.81,3.89,3.98,3.76,480779.59
2022-04-14,3.85,3.82,3.88,3.8,302082.59
2022-04-15,3.8,3.69,3.82,3.67,257730.46
2022-04-18,3.64,3.68,3.73,3.62,149880.04
2022-04-19,3.68,3.75,3.76,3.64,169396.12
2022-04-20,3.72,3.61,3.75,3.6,227402.89
2022-04-21,3.6,3.4,3.6,3.38,280976.5
2022-04-22,3.37,3.41,3.47,3.32,176242.71
2022-04-25,3.35,3.13,3.37,3.11,220034.28
2022-04-26,3.13,3.02,3.19,2.98,150077.01
2022-04-27,3.04,3.08,3.09,2.92,162991.91
2022-04-28,3.07,3.01,3.13,2.96,128326.0
2022-04-29,3.02,3.11,3.13,3.02,137617.86
2022-05-05,3.12,3.14,3.18,3.07,140598.8
2022-05-06,3.09,3.09,3.12,3.0,132928.79
2022-05-09,3.12,3.19,3.22,3.11,144271.25
2022-05-10,3.13,3.18,3.18,3.11,120147.01
2022-05-11,3.18,3.14,3.22,3.13,161281.14
2022-05-12,3.11,3.17,3.19,3.11,97465.19
2022-05-13,3.18,3.25,3.26,3.16,177343.25
2022-05-16,3.22,3.26,3.3,3.2,161229.74
2022-05-17,3.27,3.23,3.27,3.16,135412.0
2022-05-18,3.23,3.22,3.24,3.2,107806.0
2022-05-19,3.17,3.21,3.22,3.15,88917.77
2022-05-20,3.22,3.24,3.28,3.22,112679.0
2022-05-23,3.26,3.27,3.29,3.24,88863.2
2022-05-24,3.27,3.13,3.28,3.11,156221.34
2022-05-25,3.11,3.27,3.28,3.11,179830.01
2022-05-26,3.25,3.26,3.32,3.22,119602.8
2022-05-27,3.26,3.27,3.3,3.24,96476.73
2022-05-30,3.27,3.3,3.3,3.25,104581.44
2022-05-31,3.3,3.35,3.42,3.28,146471.0
2022-06-01,3.34,3.44,3.58,3.32,272536.33
2022-06-02,3.41,3.39,3.47,3.35,163462.33
2022-06-06,3.38,3.34,3.4,3.31,139590.1
2022-06-07,3.33,3.42,3.45,3.32,200502.64
2022-06-08,3.42,3.35,3.44,3.29,148513.83
2022-06-09,3.32,3.27,3.36,3.26,119797.69
2022-06-10,3.26,3.29,3.31,3.23,72425.72
2022-06-13,3.28,3.21,3.29,3.17,136288.56
2022-06-14,3.18,3.22,3.23,3.13,102137.73
2022-06-15,3.24,3.22,3.26,3.21,118302.1
2022-06-16,3.22,3.23,3.27,3.2,90737.54
2022-06-17,3.22,3.2,3.22,3.15,91951.0
2022-06-20,3.21,3.21,3.22,3.16,89169.45
2022-06-21,3.21,3.2,3.23,3.18,101032.77
2022-06-22,3.23,3.18,3.24,3.18,117832.69
2022-06-23,3.16,3.18,3.19,3.13,95792.83
2022-06-24,3.18,3.18,3.2,3.16,74987.05
2022-06-27,3.19,3.21,3.21,3.18,91310.01
2022-06-28,3.2,3.25,3.25,3.18,117091.31
2022-06-29,3.27,3.19,3.27,3.19,90025.38
2022-06-30,3.21,3.18,3.23,3.17,80819.01
2022-07-01,3.18,3.17,3.19,3.15,61718.79
2022-07-04,3.17,3.17,3.17,3.14,70693.97
2022-07-05,3.17,3.21,3.23,3.16,120975.23
2022-07-06,3.21,3.15,3.21,3.13,90613.2
2022-07-07,3.17,3.17,3.23,3.15,84299.94
2022-07-08,3.17,3.2,3.2,3.17,79586.0
2022-07-11,3.22,3.21,3.23,3.18,75246.39
2022-07-12,3.21,3.2,3.22,3.18,77326.83
2022-07-13,3.2,3.27,3.29,3.18,173254.58
2022-07-14,3.26,3.33,3.35,3.22,232473.98
2022-07-15,3.27,3.17,3.28,3.17,174848.15
2022-07-18,3.16,3.28,3.32,3.16,178621.27
2022-07-19,3.31,3.29,3.32,3.26,109455.01
2022-07-20,3.31,3.29,3.31,3.27,91364.82
2022-07-21,3.29,3.26,3.3,3.25,78246.08
2022-07-22,3.26,3.31,3.35,3.26,140468.09
2022-07-25,3.32,3.29,3.35,3.28,75612.02
2022-07-26,3.29,3.3,3.31,3.26,69390.6
2022-07-27,3.29,3.28,3.32,3.26,55823.15
2022-07-28,3.29,3.29,3.33,3.28,68978.25
2022-07-29,3.32,3.29,3.33,3.28,83695.53
2022-08-01,3.28,3.27,3.3,3.25,59638.02
2022-08-02,3.26,3.13,3.26,3.09,151611.17
2022-08-03,3.13,3.1,3.2,3.09,84074.0
2022-08-04,3.1,3.12,3.14,3.07,67877.0
2022-08-05,3.12,3.14,3.15,3.09,59101.27
2022-08-08,3.14,3.16,3.16,3.12,50768.27
2022-08-09,3.15,3.15,3.16,3.13,38300.14
2022-08-10,3.15,3.13,3.16,3.12,35766.0
2022-08-11,3.13,3.17,3.21,3.13,77420.34
2022-08-12,3.17,3.24,3.29,3.14,145038.71
2022-08-15,3.23,3.25,3.27,3.22,72391.27
2022-08-16,3.25,3.27,3.29,3.24,77695.0
2022-08-17,3.28,3.27,3.3,3.24,67930.24
2022-08-18,3.26,3.27,3.34,3.25,101721.76
2022-08-19,3.25,3.25,3.3,3.24,91412.02
2022-08-22,3.23,3.58,3.58,3.23,311833.53
2022-08-23,3.77,3.94,3.94,3.7,742474.75
2022-08-24,3.96,4.03,4.33,3.79,1882908.0
2022-08-25,3.88,4.43,4.43,3.7,2255311.06
2022-08-26,4.19,3.99,4.24,3.99,1673103.72
2022-08-29,3.72,3.76,3.88,3.67,1002490.6
2022-08-30,3.73,3.79,3.95,3.73,820558.94
2022-08-31,3.72,3.5,3.77,3.47,803625.39
2022-09-01,3.51,3.4,3.58,3.39,555166.02
2022-09-02,3.45,3.52,3.56,3.42,488432.14
2022-09-05,3.55,3.59,3.62,3.5,412832.02
2022-09-06,3.6,3.67,3.69,3.51,449079.02
2022-09-07,3.63,3.59,3.65,3.53,358113.8
2022-09-08,3.6,3.5,3.6,3.5,256387.08
2022-09-09,3.51,3.5,3.67,3.47,373459.78
2022-09-13,3.51,3.51,3.6,3.5,285144.0
2022-09-14,3.42,3.59,3.73,3.39,619879.05
2022-09-15,3.6,3.45,3.62,3.41,380433.0
2022-09-16,3.47,3.36,3.49,3.36,251539.78
2022-09-19,3.37,3.43,3.47,3.37,205929.0
2022-09-20,3.43,3.39,3.44,3.36,191159.0
2022-09-21,3.36,3.73,3.73,3.31,428572.53
2022-09-22,3.73,3.75,3.87,3.66,1089879.76
2022-09-23,3.7,3.69,3.95,3.67,631397.57
2022-09-26,3.64,3.62,3.73,3.58,377838.63
2022-09-27,3.6,3.79,3.87,3.58,716474.34
2022-09-28,3.74,3.67,3.8,3.63,469436.78
2022-09-29,3.69,3.52,3.69,3.48,417163.61
2022-09-30,3.47,3.39,3.52,3.37,263201.76
2022-10-10,3.41,3.41,3.55,3.37,285964.76
2022-10-11,3.41,3.68,3.75,3.4,804782.26
2022-10-12,3.63,3.68,3.68,3.56,571396.64
2022-10-13,3.67,3.68,3.72,3.59,353672.0
2022-10-14,3.7,3.73,3.89,3.68,592962.89
2022-10-17,3.69,3.8,3.81,3.67,562232.54
2022-10-18,3.82,3.71,3.84,3.71,391474.54
2022-10-19,3.74,3.87,3.9,3.72,969741.44
2022-10-20,3.81,3.74,3.82,3.62,708875.84
2022-10-21,3.72,3.69,3.78,3.64,489298.65
2022-10-24,3.66,3.52,3.67,3.48,522004.9
2022-10-25,3.51,3.57,3.57,3.42,345556.07
2022-10-26,3.54,3.6,3.6,3.51,301942.13
2022-10-27,3.57,3.46,3.58,3.46,273535.45
2022-10-28,3.43,3.25,3.43,3.25,353531.78
2022-10-31,3.24,3.25,3.29,3.19,181870.75
2022-11-01,3.26,3.3,3.3,3.23,164285.46
2022-11-02,3.33,3.33,3.38,3.32,204251.0
2022-11-03,3.3,3.28,3.3,3.24,211282.03
2022-11-04,3.27,3.34,3.35,3.26,206106.65
2022-11-07,3.35,3.4,3.4,3.31,223854.1
2022-11-08,3.4,3.34,3.4,3.31,181415.99
2022-11-09,3.34,3.35,3.37,3.33,127510.83
2022-11-10,3.33,3.35,3.37,3.29,135078.91
2022-11-11,3.39,3.41,3.48,3.35,374958.61
2022-11-14,3.38,3.4,3.44,3.36,216142.0
2022-11-15,3.38,3.44,3.45,3.38,193755.28
2022-11-16,3.44,3.44,3.49,3.42,189189.11
2022-11-17,3.41,3.45,3.47,3.4,164356.0
2022-11-18,3.45,3.35,3.45,3.34,198526.0
2022-11-21,3.32,3.33,3.34,3.27,119989.0
2022-11-22,3.33,3.35,3.42,3.33,179721.15
2022-11-23,3.36,3.33,3.38,3.31,123955.29
2022-11-24,3.35,3.32,3.35,3.31,92114.01
2022-11-25,3.31,3.34,3.35,3.29,99538.04
2022-11-28,3.32,3.37,3.37,3.25,145049.9
2022-11-29,3.38,3.4,3.41,3.35,143206.1
2022-11-30,3.42,3.38,3.42,3.37,113837.0
2022-12-01,3.4,3.37,3.41,3.37,126219.0
2022-12-02,3.38,3.35,3.38,3.33,121330.0
2022-12-05,3.35,3.43,3.43,3.34,232927.1
2022-12-06,3.43,3.39,3.43,3.37,136364.78
2022-12-07,3.4,3.42,3.44,3.38,146014.11
2022-12-08,3.43,3.49,3.54,3.41,382165.85
2022-12-09,3.47,3.43,3.5,3.42,205968.0
2022-12-12,3.43,3.47,3.52,3.39,243000.61
2022-12-13,3.49,3.54,3.58,3.48,295363.0
2022-12-14,3.53,3.46,3.54,3.45,200405.0
2022-12-15,3.49,3.43,3.49,3.41,129122.0
2022-12-16,3.41,3.45,3.46,3.4,156858.0
2022-12-19,3.44,3.27,3.44,3.27,232995.0
2022-12-20,3.28,3.3,3.32,3.26,97817.34
2022-12-21,3.31,3.27,3.32,3.24,114533.34
2022-12-22,3.27,3.19,3.3,3.18,120822.0
2022-12-23,3.16,3.18,3.22,3.14,83585.13
2022-12-26,3.19,3.22,3.23,3.18,75594.19
2022-12-27,3.24,3.26,3.3,3.23,96575.0
2022-12-28,3.26,3.22,3.26,3.21,76994.0
2022-12-29,3.21,3.18,3.22,3.18,71786.79
2022-12-30,3.2,3.26,3.27,3.19,88534.0
2023-01-03,3.27,3.29,3.3,3.24,91002.7
2023-01-04,3.27,3.29,3.29,3.26,65452.0
2023-01-05,3.29,3.3,3.32,3.27,96285.0
2023-01-06,3.28,3.23,3.29,3.23,132923.34
2023-01-09,3.26,3.26,3.26,3.23,66342.01
2023-01-10,3.26,3.2,3.26,3.19,91358.0
2023-01-11,3.2,3.19,3.22,3.18,60960.0
2023-01-12,3.19,3.2,3.21,3.18,63873.7
2023-01-13,3.2,3.22,3.22,3.19,62299.0
2023-01-16,3.2,3.23,3.24,3.19,68794.01
2023-01-17,3.24,3.19,3.24,3.19,64758.42
2023-01-18,3.19,3.22,3.23,3.19,52841.69
2023-01-19,3.23,3.23,3.24,3.21,53447.36
2023-01-20,3.24,3.27,3.28,3.21,91235.0
2023-01-30,3.29,3.3,3.31,3.27,106912.7
2023-01-31,3.3,3.32,3.36,3.28,156671.04
2023-02-01,3.34,3.34,3.35,3.3,107279.03
2023-02-02,3.34,3.37,3.39,3.33,168048.43
2023-02-03,3.37,3.33,3.37,3.3,123780.01
2023-02-06,3.33,3.35,3.38,3.3,120541.51
2023-02-07,3.35,3.36,3.37,3.32,70646.0
2023-02-08,3.37,3.35,3.38,3.34,73598.53
2023-02-09,3.34,3.37,3.38,3.33,77352.01
2023-02-10,3.37,3.4,3.41,3.36,118830.79
2023-02-13,3.4,3.4,3.43,3.38,92760.48
2023-02-14,3.42,3.38,3.42,3.36,97888.71
2023-02-15,3.38,3.35,3.39,3.34,85461.01
2023-02-16,3.37,3.28,3.38,3.26,149665.37
2023-02-17,3.28,3.61,3.61,3.28,481186.72
2023-02-20,3.61,3.57,3.71,3.51,888501.55
2023-02-21,3.61,3.6,3.63,3.51,544661.23
2023-02-22,3.6,3.54,3.6,3.52,311405.99
2023-02-23,3.55,3.52,3.56,3.47,287342.14
2023-02-24,3.53,3.54,3.58,3.48,276147.5
2023-02-27,3.54,3.49,3.57,3.49,233575.0
2023-02-28,3.47,3.51,3.53,3.47,153053.84
2023-03-01,3.5,3.54,3.56,3.49,204741.59
2023-03-02,3.55,3.53,3.63,3.52,257635.01
2023-03-03,3.55,3.57,3.58,3.51,217193.74
2023-03-06,3.58,3.53,3.62,3.52,235685.63
2023-03-07,3.56,3.5,3.65,3.5,307398.64
2023-03-08,3.5,3.54,3.57,3.48,145240.5
2023-03-09,3.54,3.57,3.63,3.53,191271.0
2023-03-10,3.54,3.49,3.59,3.48,173552.92
2023-03-13,3.43,3.47,3.51,3.43,132702.13
2023-03-14,3.5,3.42,3.51,3.38,146557.0
2023-03-15,3.45,3.56,3.62,3.44,290786.04
2023-03-16,3.56,3.44,3.56,3.43,193226.5
2023-03-17,3.45,3.46,3.49,3.43,149347.0
2023-03-20,3.44,3.39,3.46,3.38,137675.0
2023-03-21,3.4,3.43,3.43,3.38,96889.0
2023-03-22,3.44,3.43,3.45,3.4,87754.0
2023-03-23,3.41,3.39,3.42,3.37,112284.0
2023-03-24,3.39,3.36,3.39,3.35,91202.0
2023-03-27,3.38,3.34,3.38,3.31,97899.01
2023-03-28,3.36,3.32,3.36,3.31,69988.0
2023-03-29,3.31,3.29,3.33,3.29,72660.12
2023-03-30,3.29,3.3,3.3,3.25,84778.0
2023-03-31,3.33,3.3,3.33,3.29,73269.0
2023-04-03,3.28,3.3,3.32,3.28,96294.0
2023-04-04,3.32,3.28,3.32,3.27,83996.0
2023-04-06,3.28,3.27,3.28,3.26,66207.01
2023-04-07,3.27,3.32,3.33,3.26,86828.55
2023-04-10,3.32,3.28,3.33,3.27,61617.89
2023-04-11,3.27,3.31,3.31,3.22,101736.28
2023-04-12,3.3,3.33,3.34,3.29,75339.0
2023-04-13,3.32,3.33,3.36,3.31,74548.09
2023-04-14,3.33,3.32,3.35,3.3,62123.95
2023-04-17,3.32,3.37,3.37,3.31,87970.33
2023-04-18,3.37,3.33,3.37,3.32,67852.0
2023-04-19,3.33,3.29,3.34,3.29,58871.72
2023-04-20,3.29,3.28,3.3,3.25,60325.3
2023-04-21,3.28,3.23,3.31,3.22,90193.0
2023-04-24,3.23,3.26,3.31,3.21,86478.65
2023-04-25,3.26,3.2,3.27,3.18,88823.0
2023-04-26,3.22,3.22,3.24,3.2,65289.54
2023-04-27,3.2,3.2,3.23,3.18,47509.0
2023-04-28,3.19,3.23,3.24,3.17,74418.62
2023-05-04,3.22,3.28,3.31,3.2,88652.0
2023-05-05,3.3,3.25,3.31,3.22,80572.0
2023-05-08,3.27,3.29,3.32,3.26,79004.41
2023-05-09,3.29,3.26,3.34,3.25,130472.01
2023-05-10,3.28,3.23,3.29,3.21,93181.81
2023-05-11,3.23,3.23,3.25,3.21,58135.0
2023-05-12,3.23,3.2,3.24,3.2,55700.0
2023-05-15,3.2,3.22,3.22,3.15,84904.96
2023-05-16,3.23,3.19,3.23,3.18,39568.9
2023-05-17,3.18,3.21,3.22,3.16,44750.9
2023-05-18,3.21,3.2,3.22,3.19,48872.95
2023-05-19,3.2,3.17,3.2,3.17,46635.0
2023-05-22,3.17,3.18,3.19,3.16,37932.01
2023-05-23,3.19,3.15,3.19,3.15,47222.1
2023-05-24,3.15,3.12,3.15,3.12,60082.0
2023-05-25,3.13,3.1,3.14,3.07,73877.76
2023-05-26,3.09,3.08,3.1,3.04,57567.0
2023-05-29,3.07,3.05,3.1,3.05,46593.72
2023-05-30,3.05,3.03,3.05,3.0,88717.25
2023-05-31,3.03,3.04,3.04,3.0,37120.77
2023-06-01,3.04,3.06,3.08,3.0,65060.51
2023-06-02,3.07,3.06,3.08,3.06,33109.36
2023-06-05,3.07,3.08,3.09,3.06,32758.0
2023-06-06,3.09,3.01,3.09,3.01,67631.0
2023-06-07,3.01,3.04,3.05,3.0,30506.0
2023-06-08,3.04,3.04,3.07,3.03,38482.7
2023-06-09,3.04,3.03,3.06,3.02,41494.4
2023-06-12,3.03,3.03,3.04,3.0,52995.16
2023-06-13,3.03,3.03,3.04,3.02,30851.03
2023-06-14,3.04,3.02,3.04,3.02,32519.0
2023-06-15,3.02,3.01,3.03,3.0,54938.12
2023-06-16,3.01,3.03,3.04,3.01,45420.0
2023-06-19,3.03,3.0,3.03,3.0,49393.53
2023-06-20,3.01,2.94,3.01,2.94,80594.15
2023-06-21,2.94,2.94,2.97,2.93,42850.54
2023-06-26,2.93,2.86,2.93,2.85,77058.0
2023-06-27,2.86,2.92,2.93,2.85,58782.94
2023-06-28,2.92,2.92,2.94,2.86,51674.64
2023-06-29,2.92,2.92,2.93,2.9,35774.27
2023-06-30,2.93,2.94,2.95,2.92,44221.0
2023-07-03,2.95,2.98,2.99,2.95,55171.64
2023-07-04,2.99,2.98,3.0,2.96,46709.36
2023-07-05,2.99,2.96,2.99,2.96,25664.08
2023-07-06,2.96,2.95,2.97,2.94,28644.01
2023-07-07,2.95,2.95,2.97,2.95,29376.0
2023-07-10,2.97,2.97,2.98,2.96,26054.26
2023-07-11,2.98,2.98,3.0,2.95,42618.02
2023-07-12,2.98,2.94,2.98,2.94,39704.42
2023-07-13,2.94,2.96,2.97,2.94,24143.61
2023-07-14,2.97,2.95,2.98,2.94,21599.93
2023-07-17,2.93,2.93,2.94,2.91,37597.23
2023-07-18,2.94,3.0,3.01,2.92,70860.64
2023-07-19,2.99,2.99,3.0,2.97,39324.91
2023-07-20,2.99,2.98,3.0,2.96,37003.36
2023-07-21,2.98,2.98,3.0,2.96,40448.27
2023-07-24,2.98,3.0,3.01,2.96,48891.34
2023-07-25,3.01,3.05,3.05,3.0,75946.1
2023-07-26,3.05,3.06,3.06,3.02,58322.11
2023-07-27,3.06,3.05,3.07,3.03,57430.0
2023-07-28,3.04,3.08,3.09,3.03,69076.24
2023-07-31,3.1,3.1,3.12,3.08,69653.38
2023-08-01,3.11,3.12,3.15,3.09,76959.01
2023-08-02,3.12,3.09,3.13,3.08,49023.27
2023-08-03,3.08,3.09,3.11,3.07,50234.97
2023-08-04,3.09,3.07,3.12,3.07,57826.0
2023-08-07,3.07,3.05,3.08,3.03,46908.0
2023-08-08,3.05,3.06,3.07,3.04,32147.27
2023-08-09,3.06,3.05,3.06,3.04,26354.0
2023-08-10,3.05,3.11,3.16,3.04,116715.7
2023-08-11,3.11,3.07,3.11,3.03,81056.0
2023-08-14,3.07,3.16,3.17,3.04,192703.47
2023-08-15,3.15,3.1,3.15,3.07,133944.0
2023-08-16,3.1,3.06,3.1,3.05,59931.0
2023-08-17,3.05,3.11,3.12,3.03,89248.01
2023-08-18,3.1,3.16,3.23,3.1,260709.25
2023-08-21,3.17,3.12,3.23,3.1,168187.21
2023-08-22,3.09,3.02,3.12,3.0,147006.43
2023-08-23,3.02,2.95,3.02,2.95,84497.43
2023-08-24,2.97,2.92,2.98,2.92,57172.13
2023-08-25,2.91,2.91,2.97,2.88,69008.12
2023-08-28,3.04,2.98,3.05,2.97,135288.15
2023-08-29,2.97,2.99,3.0,2.96,58928.64
2023-08-30,2.98,2.94,3.0,2.94,74325.0
2023-08-31,2.95,2.9,2.95,2.9,49021.0
2023-09-01,2.92,2.94,2.96,2.9,42374.5
2023-09-04,2.94,2.98,2.99,2.94,41307.0
2023-09-05,2.98,2.97,2.98,2.95,40884.76
2023-09-06,2.96,2.97,2.99,2.95,45122.26
2023-09-07,2.97,2.93,2.98,2.93,38825.0
2023-09-08,2.92,2.96,2.96,2.92,34564.0
2023-09-11,2.97,2.97,2.98,2.95,33618.0
2023-09-12,2.98,2.97,2.98,2.96,26407.57
2023-09-13,2.98,2.96,3.01,2.96,57044.0
2023-09-14,2.96,2.95,2.97,2.93,30736.0
2023-09-15,2.96,2.97,2.99,2.95,33140.0
2023-09-18,2.96,2.97,2.98,2.95,38974.0
2023-09-19,2.97,2.97,2.99,2.96,37955.01
2023-09-20,2.98,2.96,2.98,2.95,32569.0
2023-09-21,2.96,2.97,3.02,2.95,62822.0
2023-09-22,2.97,2.97,2.99,2.94,64484.99
2023-09-25,2.97,2.97,2.99,2.96,40064.0
2023-09-26,2.96,2.94,2.97,2.94,28978.24
2023-09-27,2.94,2.93,2.95,2.92,33031.0
2023-09-28,2.93,2.94,2.95,2.92,42850.01
2023-10-09,2.93,2.9,2.95,2.89,50131.01
2023-10-10,2.91,2.9,2.92,2.89,31793.0
2023-10-11,2.9,2.88,2.91,2.86,52066.0
2023-10-12,2.89,2.89,2.9,2.87,37188.52
2023-10-13,2.89,2.89,2.9,2.88,25277.0
2023-10-16,2.88,2.91,2.94,2.88,58173.65
2023-10-17,2.91,2.91,2.92,2.9,28342.0
2023-10-18,2.91,2.83,2.92,2.82,60468.0
2023-10-19,2.82,2.8,2.84,2.76,55793.0
2023-10-20,2.8,2.81,2.84,2.78,44409.02
2023-10-23,2.82,2.72,2.82,2.63,69657.74
2023-10-24,2.74,2.83,2.83,2.73,78563.92
2023-10-25,2.82,2.87,2.88,2.82,62744.0
2023-10-26,2.86,2.87,2.88,2.84,39030.27
2023-10-27,2.86,2.9,2.91,2.86,38732.04
2023-10-30,2.89,2.89,2.94,2.88,53705.01
2023-10-31,2.89,2.91,2.93,2.87,53741.22
2023-11-01,2.92,2.92,2.93,2.9,39772.01
2023-11-02,2.92,2.92,2.94,2.9,41840.74
2023-11-03,2.92,2.92,2.94,2.9,33905.0
2023-11-06,2.93,2.94,2.95,2.9,52562.32
2023-11-07,2.95,3.07,3.12,2.91,298740.96
2023-11-08,3.1,3.38,3.38,3.09,495535.66
2023-11-09,3.61,3.4,3.72,3.4,1611038.73
2023-11-10,3.16,3.08,3.29,3.07,918352.76
2023-11-13,3.16,3.15,3.28,3.12,700763.48
2023-11-14,3.22,3.18,3.31,3.15,481846.72
2023-11-15,3.15,3.1,3.18,3.07,521109.26
2023-11-16,3.07,3.04,3.09,3.03,264292.75
2023-11-17,3.04,3.05,3.06,3.02,210871.55
2023-11-20,3.05,3.05,3.05,3.02,171838.0
2023-11-21,3.05,3.07,3.09,3.04,267623.01
2023-11-22,3.07,3.01,3.07,3.01,188817.0
2023-11-23,3.01,3.04,3.07,2.99,161002.03
2023-11-24,3.04,3.04,3.06,3.02,132833.0
2023-11-27,3.04,3.06,3.06,3.01,114698.08
2023-11-28,3.05,3.03,3.05,3.01,90445.86
2023-11-29,3.02,3.02,3.06,3.01,109885.86
2023-11-30,3.03,3.03,3.05,3.0,108761.0
2023-12-01,3.03,3.05,3.09,3.02,185685.0
2023-12-04,3.05,3.12,3.13,3.04,284441.05
2023-12-05,3.11,3.05,3.15,3.04,166383.0
2023-12-06,3.04,3.02,3.05,3.01,141671.56
2023-12-07,3.03,3.01,3.03,2.98,124572.91
2023-12-08,3.02,2.95,3.03,2.95,157488.7
2023-12-11,2.93,2.98,2.98,2.9,145945.0
2023-12-12,2.97,2.95,2.98,2.93,147043.23
2023-12-13,2.95,2.95,2.98,2.94,89267.0
2023-12-14,2.97,2.98,3.01,2.95,124859.0
2023-12-15,2.97,2.93,2.98,2.92,97058.63
2023-12-18,2.97,3.16,3.22,2.95,928860.57
2023-12-19,3.15,3.07,3.15,3.0,761394.09
2023-12-20,3.05,2.98,3.11,2.97,437382.64
2023-12-21,2.96,3.0,3.03,2.9,340442.13
2023-12-22,2.99,3.07,3.14,2.98,522044.37
2023-12-25,3.01,2.93,3.02,2.86,452371.7
2023-12-26,2.91,2.86,3.02,2.84,293983.0
2023-12-27,2.86,2.81,2.9,2.79,250502.0
2023-12-28,2.79,2.82,2.83,2.74,214737.0
2023-12-29,2.82,2.77,2.82,2.75,225543.01
2024-01-02,2.78,2.86,2.87,2.78,248990.0
2024-01-03,2.85,2.83,2.89,2.81,155192.44
2024-01-04,2.82,2.84,2.89,2.8,192332.0
2024-01-05,2.83,2.75,2.83,2.74,193725.76
2024-01-08,2.76,2.69,2.77,2.68,128303.25
2024-01-09,2.69,2.72,2.74,2.66,111259.0
2024-01-10,2.71,2.7,2.74,2.68,92804.1
2024-01-11,2.7,2.73,2.73,2.69,76044.88
2024-01-12,2.72,2.73,2.81,2.72,160261.88
2024-01-15,2.72,2.76,2.79,2.72,135929.0
2024-01-16,2.74,2.71,2.76,2.68,144134.64
2024-01-17,2.7,2.65,2.71,2.65,87969.0
2024-01-18,2.65,2.62,2.65,2.55,143103.61
2024-01-19,2.63,2.6,2.64,2.58,76607.35
2024-01-22,2.59,2.47,2.6,2.41,142944.29
2024-01-23,2.45,2.46,2.48,2.42,86502.0
2024-01-24,2.47,2.55,2.55,2.46,126402.28
2024-01-25,2.55,2.61,2.62,2.54,110627.77
2024-01-26,2.6,2.67,2.69,2.59,123822.64
2024-01-29,2.68,2.64,2.7,2.62,131201.0
2024-01-30,2.61,2.54,2.64,2.54,115001.56
2024-01-31,2.54,2.45,2.56,2.45,106215.0
2024-02-01,2.46,2.39,2.48,2.38,100084.0
2024-02-02,2.4,2.29,2.43,2.18,140719.16
2024-02-05,2.27,2.07,2.27,2.06,180966.0
2024-02-06,2.04,2.04,2.13,1.92,179701.05
2024-02-07,2.04,1.91,2.06,1.89,223768.01
2024-02-08,1.9,2.06,2.07,1.86,177690.08
2024-02-19,2.06,2.13,2.16,2.06,131696.56
2024-02-20,2.13,2.12,2.15,2.08,71847.0
2024-02-21,2.11,2.17,2.22,2.09,159572.5
2024-02-22,2.17,2.2,2.2,2.15,95568.47
2024-02-23,2.2,2.24,2.24,2.18,117352.34
2024-02-26,2.33,2.28,2.38,2.25,167475.0
2024-02-27,2.29,2.34,2.35,2.26,118145.51
2024-02-28,2.35,2.19,2.39,2.19,203524.35
2024-02-29,2.18,2.26,2.27,2.12,136107.68
2024-03-01,2.27,2.25,2.3,2.22,100570.0
2024-03-04,2.25,2.23,2.28,2.18,100107.39
2024-03-05,2.22,2.17,2.25,2.17,73368.53
2024-03-06,2.17,2.22,2.23,2.16,76940.54
2024-03-07,2.22,2.22,2.25,2.2,90988.78
2024-03-08,2.22,2.24,2.24,2.19,77551.02
2024-03-11,2.24,2.31,2.32,2.22,106701.63
2024-03-12,2.32,2.32,2.33,2.27,86305.0
2024-03-13,2.33,2.31,2.34,2.27,79717.0
2024-03-14,2.3,2.32,2.34,2.29,94400.64
2024-03-15,2.31,2.34,2.35,2.3,87513.14
2024-03-18,2.35,2.38,2.38,2.35,89285.25
2024-03-19,2.38,2.37,2.42,2.35,101141.01
2024-03-20,2.36,2.41,2.41,2.35,83722.15
2024-03-21,2.41,2.41,2.43,2.38,71301.56
2024-03-22,2.41,2.35,2.42,2.34,82555.69
2024-03-25,2.36,2.31,2.37,2.3,89331.15
2024-03-26,2.33,2.31,2.34,2.26,101495.0
2024-03-27,2.31,2.26,2.36,2.25,82952.0
2024-03-28,2.25,2.29,2.31,2.24,90166.0
2024-03-29,2.28,2.31,2.32,2.27,96896.52
2024-04-01,2.33,2.34,2.35,2.32,76314.89
2024-04-02,2.35,2.39,2.4,2.34,120541.65
2024-04-03,2.63,2.63,2.63,2.63,216638.23
2024-04-08,2.63,2.45,2.63,2.45,624608.99
2024-04-09,2.46,2.44,2.51,2.41,305271.4
2024-04-10,2.42,2.4,2.45,2.36,200369.63
2024-04-11,2.37,2.42,2.5,2.37,208162.24
2024-04-12,2.41,2.55,2.66,2.41,771754.78
2024-04-15,2.5,2.35,2.66,2.33,694292.23
2024-04-16,2.33,2.59,2.59,2.33,771229.57
2024-04-17,2.46,2.55,2.6,2.46,873003.16
2024-04-18,2.5,2.81,2.81,2.41,930343.89
2024-04-19,2.72,3.09,3.09,2.72,921382.56
2024-04-22,2.93,2.78,3.1,2.78,1135051.73
2024-04-23,2.61,2.5,2.68,2.5,733269.51
2024-04-24,2.43,2.44,2.5,2.39,535104.0
2024-04-25,2.44,2.55,2.6,2.37,716305.87
2024-04-26,2.45,2.55,2.75,2.42,671300.82
2024-04-29,2.51,2.53,2.59,2.48,466252.24
2024-04-30,2.52,2.46,2.59,2.45,356171.72
2024-05-06,2.48,2.59,2.63,2.46,522994.17
2024-05-07,2.58,2.55,2.6,2.52,329816.5
2024-05-08,2.56,2.54,2.62,2.53,339938.97
2024-05-09,2.58,2.79,2.79,2.57,937542.69
2024-05-10,2.87,2.82,3.05,2.75,1306906.14
2024-05-13,2.87,3.1,3.1,2.72,1364679.11
2024-05-14,3.15,2.96,3.39,2.96,1740328.29
2024-05-15,2.9,3.02,3.09,2.84,1081639.72
2024-05-16,3.02,2.86,3.07,2.86,865032.11
2024-05-17,2.79,2.78,2.88,2.73,669199.5
2024-05-20,2.8,3.06,3.06,2.79,609539.78
2024-05-21,3.01,3.02,3.08,2.97,971868.77
2024-05-22,2.98,2.99,3.12,2.95,659498.79
2024-05-23,2.94,3.04,3.15,2.86,1001204.03
2024-05-24,2.94,2.9,3.02,2.9,640275.01
2024-05-27,2.92,3.19,3.19,2.92,612667.67
2024-05-28,3.2,3.35,3.51,3.14,2040187.55
2024-05-29,3.17,3.21,3.25,3.1,1165098.13
2024-05-30,3.17,3.12,3.37,3.08,900498.96
2024-05-31,3.09,3.27,3.37,3.07,1165216.99
2024-06-03,3.37,3.3,3.6,3.29,1539423.49
2024-06-04,3.19,3.45,3.46,3.19,1275991.83
2024-06-05,3.35,3.3,3.43,3.3,908079.23
2024-06-06,3.35,3.38,3.5,3.32,1059288.56
2024-06-07,3.3,3.34,3.39,3.21,805694.82
2024-06-11,3.33,3.01,3.33,3.01,762952.0
2024-06-12,2.9,2.94,2.96,2.75,963485.2
2024-06-13,2.9,2.77,2.92,2.72,853846.03
2024-06-14,2.82,2.8,2.87,2.78,541884.52
2024-06-17,2.74,2.64,2.75,2.62,627353.53
2024-06-18,2.67,2.7,2.72,2.62,505187.12
2024-06-19,2.68,2.59,2.69,2.59,487824.92
2024-06-20,2.59,2.62,2.68,2.59,459653.0
2024-06-21,2.59,2.51,2.59,2.48,452911.01
2024-06-24,2.48,2.38,2.48,2.37,418094.54
2024-06-25,2.34,2.35,2.41,2.32,264538.15
2024-06-26,2.35,2.36,2.37,2.27,353248.49
2024-06-27,2.35,2.29,2.36,2.27,265983.32
2024-06-28,2.28,2.31,2.35,2.28,302370.78
2024-07-01,2.34,2.36,2.37,2.31,319015.4
2024-07-02,2.36,2.6,2.6,2.34,936679.3
2024-07-03,2.52,2.53,2.65,2.52,756620.39
2024-07-04,2.54,2.48,2.59,2.47,500097.02
2024-07-05,2.45,2.47,2.51,2.39,403678.0
2024-07-08,2.46,2.37,2.46,2.34,376000.35
2024-07-09,2.34,2.35,2.38,2.26,369751.83
2024-07-10,2.35,2.32,2.46,2.31,308830.93
2024-07-11,2.29,2.33,2.34,2.27,397756.54
2024-07-12,2.32,2.35,2.4,2.3,348695.01
2024-07-15,2.35,2.28,2.35,2.27,228389.0
2024-07-16,2.28,2.3,2.3,2.24,179354.01
2024-07-17,2.29,2.26,2.32,2.26,162639.01
2024-07-18,2.23,2.24,2.25,2.17,234253.41
2024-07-19,2.24,2.22,2.27,2.18,227469.01
2024-07-22,2.22,2.2,2.22,2.17,154846.0
2024-07-23,2.2,2.24,2.39,2.19,354456.1
2024-07-24,2.2,2.16,2.23,2.15,268170.1
2024-07-25,2.16,2.25,2.32,2.13,403187.81
2024-07-26,2.22,2.23,2.24,2.21,227770.0
2024-07-29,2.23,2.34,2.41,2.22,450654.05
2024-07-30,2.31,2.29,2.32,2.27,291316.24
2024-07-31,2.29,2.37,2.45,2.28,470561.27
2024-08-01,2.35,2.4,2.45,2.34,417537.76
2024-08-02,2.38,2.37,2.42,2.35,283748.0
2024-08-05,2.35,2.34,2.42,2.32,363698.47
2024-08-06,2.35,2.31,2.37,2.28,307130.0
2024-08-07,2.3,2.28,2.31,2.27,195354.0
2024-08-08,2.24,2.25,2.28,2.23,170399.0
2024-08-09,2.26,2.22,2.27,2.22,150175.0
2024-08-12,2.22,2.2,2.24,2.19,114083.0
2024-08-13,2.26,2.28,2.35,2.23,399692.0
2024-08-14,2.23,2.21,2.25,2.21,260286.0
2024-08-15,2.22,2.25,2.27,2.19,267391.08
2024-08-16,2.26,2.23,2.29,2.22,169056.0
2024-08-19,2.21,2.23,2.25,2.2,108753.28
2024-08-20,2.22,2.17,2.23,2.16,140861.0
2024-08-21,2.16,2.17,2.18,2.16,90367.0
2024-08-22,2.17,2.19,2.22,2.15,187884.0
2024-08-23,2.17,2.11,2.17,2.11,182559.0
2024-08-26,2.11,2.12,2.14,2.08,120273.0
2024-08-27,2.11,2.07,2.12,2.06,113844.0
2024-08-28,2.06,2.09,2.1,2.04,111178.0
2024-08-29,2.09,2.11,2.12,2.07,83180.97
2024-08-30,2.11,2.13,2.16,2.1,136955.41
2024-09-02,2.13,2.08,2.15,2.08,117966.97
2024-09-03,2.09,2.09,2.1,2.07,89032.0
2024-09-04,2.08,2.06,2.09,2.05,104655.34
2024-09-05,2.05,2.07,2.08,2.05,76342.84
2024-09-06,2.07,2.06,2.12,2.05,128290.01
2024-09-09,2.06,2.06,2.06,2.0,102376.91
2024-09-10,2.06,2.08,2.09,2.04,107547.32
2024-09-11,2.07,2.13,2.18,2.02,250022.0
2024-09-12,2.08,2.09,2.13,2.08,192634.79
2024-09-13,2.09,2.16,2.19,2.07,343864.54
2024-09-18,2.14,2.27,2.36,2.11,496009.0
2024-09-19,2.22,2.28,2.3,2.2,387213.01
2024-09-20,2.28,2.23,2.28,2.21,217494.92
2024-09-23,2.24,2.28,2.32,2.21,299129.27
2024-09-24,2.3,2.37,2.43,2.26,507866.01
2024-09-25,2.41,2.37,2.44,2.36,445212.75
2024-09-26,2.37,2.52,2.57,2.37,620473.75
2024-09-27,2.54,2.61,2.66,2.53,532141.43
2024-09-30,2.74,2.84,2.85,2.63,698070.71
2024-10-08,3.11,2.82,3.11,2.67,944259.04
2024-10-09,2.78,2.54,2.78,2.54,517074.99
2024-10-10,2.54,2.79,2.79,2.43,524762.81
2024-10-11,2.75,2.8,2.97,2.58,826132.6
2024-10-14,2.78,2.86,2.93,2.77,761688.02
2024-10-15,2.79,3.15,3.15,2.75,1469566.6
2024-10-16,3.06,2.99,3.22,2.97,1339254.31
2024-10-17,3.08,3.13,3.22,3.03,1108809.13
2024-10-18,3.11,3.23,3.3,3.03,1062332.16
2024-10-21,3.27,3.47,3.55,3.27,1414400.87
2024-10-22,3.49,3.82,3.82,3.48,821732.9
2024-10-23,4.0,3.96,4.16,3.61,1883035.32
2024-10-24,3.9,3.98,4.09,3.77,1270057.27
2024-10-25,4.23,4.38,4.38,4.22,771433.51
2024-10-28,4.73,4.82,4.82,4.6,1040268.75
2024-10-29,5.3,5.3,5.3,5.3,259294.42
2024-10-30,5.3,5.83,5.83,5.12,983568.61
2024-10-31,6.41,6.41,6.41,6.19,417660.83
2024-11-01,7.05,5.77,7.05,5.77,2237363.56
2024-11-04,5.77,6.35,6.35,5.77,1315150.44
2024-11-05,6.67,6.99,6.99,6.15,2465488.57
2024-11-06,6.8,6.29,7.55,6.29,2065933.04
2024-11-07,6.1,6.15,6.6,5.66,1756692.33
2024-11-08,6.0,5.8,6.42,5.75,1236902.86
2024-11-11,5.75,5.87,5.91,5.56,960235.37
2024-11-12,5.88,5.78,5.95,5.67,565826.11
2024-11-13,5.75,5.98,6.09,5.72,845940.43
2024-11-14,5.94,5.73,6.07,5.71,540931.01
2024-11-15,5.6,5.38,5.69,5.34,675646.39
2024-11-18,5.34,4.99,5.42,4.96,713021.21
2024-11-19,4.98,5.21,5.22,4.94,493590.5
2024-11-20,5.2,5.33,5.39,5.15,438864.76
2024-11-21,5.37,5.36,5.57,5.27,538010.45
2024-11-22,5.33,5.32,5.5,5.27,480169.45
2024-11-25,5.28,5.51,5.54,5.22,496183.92
2024-11-26,5.49,5.27,5.54,5.25,439630.13
2024-11-27,5.18,5.21,5.22,4.98,429890.52
2024-11-28,5.24,5.27,5.42,5.24,383244.73
2024-11-29,5.33,5.27,5.33,5.16,321078.54
2024-12-02,5.24,5.41,5.42,5.24,409804.28
2024-12-03,5.4,5.47,5.55,5.33,422174.89
2024-12-04,5.47,5.23,5.51,5.21,315213.51
2024-12-05,5.22,5.33,5.33,5.17,244211.84
2024-12-06,5.35,5.86,5.86,5.33,475376.71
2024-12-09,6.01,5.94,6.14,5.75,1252088.46
2024-12-10,6.03,5.79,6.08,5.77,671002.66
2024-12-11,5.75,5.9,5.95,5.71,465484.11
2024-12-12,5.9,5.8,6.02,5.76,366954.32
2024-12-13,5.81,6.38,6.38,5.8,765060.71
2024-12-16,6.24,6.03,6.45,5.96,1000529.37
2024-12-17,6.0,5.7,6.1,5.64,507400.77
2024-12-18,5.7,5.7,5.8,5.56,365130.95
2024-12-19,5.63,5.78,5.96,5.57,506524.32
2024-12-20,5.71,5.91,6.03,5.71,452284.63
2024-12-23,5.81,5.32,5.85,5.32,559893.1
2024-12-24,5.15,5.18,5.27,5.02,439982.18
2024-12-25,5.18,4.82,5.19,4.81,478889.43
2024-12-26,4.83,4.86,5.02,4.83,255294.15
2024-12-27,4.85,4.98,5.07,4.82,267208.0
2024-12-30,4.89,4.69,4.95,4.62,330565.0
2024-12-31,4.69,4.68,4.84,4.66,287676.0
2025-01-02,4.68,4.61,4.75,4.5,257942.26
2025-01-03,4.6,4.32,4.65,4.28,309485.81
2025-01-06,4.22,4.33,4.38,4.12,240589.23
2025-01-07,4.33,4.52,4.53,4.33,231455.76
2025-01-08,4.51,4.47,4.68,4.31,336839.76
2025-01-09,4.39,4.53,4.56,4.39,208087.15
2025-01-10,4.5,4.34,4.55,4.32,156518.0
2025-01-13,4.27,4.33,4.37,4.23,151659.0
2025-01-14,4.42,4.58,4.58,4.34,204446.0
2025-01-15,4.63,4.56,4.63,4.45,187709.91
2025-01-16,4.58,4.61,4.7,4.53,173010.09
2025-01-17,4.57,4.61,4.64,4.54,129518.27
2025-01-20,4.66,4.57,4.69,4.53,141808.15
2025-01-21,4.6,4.52,4.6,4.45,159070.01
2025-01-22,4.49,4.43,4.53,4.38,163057.76
2025-01-23,4.43,4.35,4.57,4.34,194047.81
2025-01-24,4.34,4.43,4.52,4.32,160869.0
2025-01-27,4.48,4.35,4.56,4.35,148045.0
2025-02-05,4.4,4.44,4.47,4.36,137958.31
2025-02-06,4.42,4.55,4.55,4.36,195120.08
2025-02-07,4.56,5.01,5.01,4.56,275597.73
2025-02-10,5.08,4.92,5.13,4.86,525213.6
2025-02-11,4.93,4.91,5.0,4.86,325428.15
2025-02-12,4.88,5.0,5.0,4.87,285425.18
2025-02-13,5.18,5.0,5.18,4.88,381297.38
2025-02-14,5.03,4.9,5.11,4.84,322774.65
2025-02-17,4.8,4.89,4.93,4.78,235503.46
2025-02-18,4.9,4.98,5.35,4.9,550627.93
2025-02-19,4.89,4.95,5.0,4.82,313637.29
2025-02-20,4.95,4.92,5.11,4.9,249343.22
2025-02-21,4.91,4.86,4.94,4.82,251878.62
2025-02-24,4.81,4.89,4.98,4.76,247629.0
2025-02-25,4.86,4.89,4.95,4.82,194538.0
2025-02-26,4.95,4.96,5.13,4.89,251903.77
2025-02-27,4.94,4.92,5.07,4.85,235201.87
2025-02-28,4.9,4.78,5.02,4.76,273007.33
2025-03-03,4.74,4.69,4.8,4.63,191137.62
2025-03-04,4.66,4.84,4.9,4.65,198251.37
2025-03-05,4.8,4.8,4.86,4.73,135209.32
2025-03-06,4.84,4.95,4.97,4.81,246643.01
2025-03-07,4.88,4.78,4.92,4.76,224412.63
2025-03-10,4.76,4.86,4.95,4.75,194519.63
2025-03-11,4.83,4.89,5.15,4.8,369090.89
2025-03-12,4.9,5.02,5.05,4.9,424496.51
2025-03-13,5.0,4.9,5.03,4.83,240843.0
2025-03-14,4.9,4.98,4.99,4.81,253627.4
2025-03-17,4.98,4.98,5.11,4.96,245906.0
2025-03-18,5.0,5.09,5.14,4.92,424414.34
2025-03-19,5.03,4.92,5.07,4.9,309832.14
2025-03-20,4.92,4.88,4.93,4.87,145508.02
2025-03-21,4.81,4.85,4.93,4.8,165872.01
2025-03-24,4.85,4.57,4.87,4.43,336913.0
2025-03-25,4.56,4.52,4.67,4.46,190172.53
2025-03-26,4.5,4.5,4.52,4.45,137870.01
2025-03-27,4.48,4.5,4.54,4.38,137595.59
2025-03-28,4.48,4.38,4.51,4.37,122728.82
2025-03-31,4.34,4.32,4.38,4.22,138476.33
2025-04-01,4.32,4.35,4.4,4.32,94565.85
2025-04-02,4.35,4.4,4.46,4.33,114415.01
2025-04-03,4.33,4.53,4.57,4.31,201315.0
2025-04-07,4.3,4.08,4.32,4.08,183915.0
2025-04-08,3.96,3.82,4.03,3.69,316346.39
2025-04-09,3.77,4.03,4.08,3.44,405034.73
2025-04-10,4.03,4.16,4.26,4.03,309344.51
2025-04-11,4.16,4.58,4.58,4.16,229260.0
2025-04-14,4.58,4.78,4.99,4.49,806700.44
2025-04-15,4.69,4.5,4.7,4.49,397407.58
2025-04-16,4.55,4.42,4.61,4.37,300730.47
2025-04-17,4.45,4.38,4.49,4.35,202078.43
2025-04-18,4.44,4.31,4.44,4.26,179156.1
2025-04-21,4.25,4.32,4.36,4.25,148373.01
2025-04-22,4.33,4.31,4.46,4.3,195027.5
2025-04-23,4.28,4.33,4.38,4.27,159040.03
2025-04-24,4.33,4.33,4.38,4.27,126183.47
2025-04-25,4.31,4.27,4.34,4.27,108691.21
2025-04-28,4.15,4.21,4.31,4.12,187162.25
2025-04-29,4.03,4.12,4.23,4.03,158244.88
2025-04-30,4.11,4.2,4.35,4.11,172427.72
2025-05-06,4.25,4.47,4.49,4.2,300962.35
2025-05-07,4.51,4.46,4.55,4.43,203297.1
2025-05-08,4.44,4.52,4.54,4.43,163699.05
2025-05-09,4.56,4.51,4.58,4.46,144455.92
2025-05-12,4.55,4.63,4.76,4.49,356227.67
2025-05-13,4.74,5.09,5.09,4.64,833881.31
2025-05-14,5.09,5.6,5.6,5.05,1834465.82
2025-05-15,5.89,5.5,6.16,5.47,2420367.68
2025-05-16,5.51,5.24,5.67,5.11,1742188.97
2025-05-19,5.36,5.69,5.73,5.32,1682381.33
2025-05-20,5.49,5.12,5.52,5.12,1127068.86
2025-05-21,4.94,4.87,5.21,4.83,1041586.96
2025-05-22,4.8,4.93,5.0,4.68,856076.81
2025-05-23,4.84,4.65,4.85,4.65,583897.25
2025-05-26,4.65,4.71,4.73,4.6,319403.15
2025-05-27,4.71,4.73,4.74,4.65,344667.54
2025-05-28,4.7,4.69,4.79,4.69,360567.57
2025-05-29,4.7,4.85,4.88,4.68,477254.84
2025-05-30,4.81,4.7,4.88,4.68,333250.53
2025-06-03,4.68,4.74,4.76,4.65,212531.41
2025-06-04,4.7,4.85,4.9,4.7,374323.27
2025-06-05,4.83,4.78,4.9,4.75,309841.96
2025-06-06,4.79,4.76,4.9,4.74,373084.5
2025-06-09,4.76,4.78,4.79,4.7,303977.22
2025-06-10,4.76,5.07,5.23,4.73,1129383.15
2025-06-11,4.98,4.93,5.25,4.82,1039625.13
2025-06-12,4.81,4.79,4.87,4.75,429261.79
2025-06-13,4.8,5.27,5.27,4.8,1456410.68
2025-06-16,5.18,5.07,5.2,5.02,1167626.68
2025-06-17,5.0,5.58,5.58,4.96,1423626.43
2025-06-18,5.8,5.54,5.98,5.46,1875972.97
2025-06-19,5.49,5.32,5.51,5.12,1344172.03
2025-06-20,5.19,5.35,5.7,5.07,1389446.97
2025-06-23,5.73,5.72,5.89,5.56,1735817.87
2025-06-24,5.15,5.29,5.51,5.15,1484217.22
2025-06-25,5.22,5.04,5.24,5.0,1014987.59
2025-06-26,5.03,5.15,5.26,4.91,748864.03
2025-06-27,5.07,5.11,5.19,5.06,476259.32
2025-06-30,5.15,5.12,5.15,5.08,423804.51
2025-07-01,5.09,5.18,5.26,5.03,711278.22
2025-07-02,5.17,5.12,5.22,5.08,495114.84
2025-07-03,5.07,5.08,5.14,5.03,352964.17
2025-07-04,5.08,5.03,5.1,5.03,238692.87
2025-07-07,5.0,4.99,5.05,4.92,309043.54
2025-07-08,5.04,5.03,5.09,4.99,318380.13
2025-07-09,5.0,4.98,5.05,4.97,297195.01
2025-07-10,4.99,4.97,5.03,4.95,228215.08
2025-07-11,4.97,5.0,5.05,4.96,276793.23
2025-07-14,5.03,5.09,5.15,5.01,454889.45
2025-07-15,5.1,5.11,5.18,5.0,521090.54
2025-07-16,5.05,5.05,5.14,5.04,285967.38
2025-07-17,5.04,5.03,5.05,5.01,200945.95
2025-07-18,5.02,5.04,5.08,5.01,204311.21
2025-07-21,5.05,5.03,5.05,5.01,215545.02
2025-07-22,5.02,4.95,5.02,4.93,331546.52
2025-07-23,4.94,4.86,4.95,4.86,287021.39
2025-07-24,4.85,4.95,4.95,4.84,227976.5
2025-07-25,4.96,4.89,4.98,4.87,215836.71
2025-07-28,4.89,4.83,4.89,4.81,176609.68
2025-07-29,4.82,4.82,4.85,4.76,184303.77
2025-07-30,4.85,4.79,4.86,4.77,165321.0
2025-07-31,4.77,4.73,4.78,4.72,174613.45
2025-08-01,4.73,4.75,4.76,4.72,110728.0
2025-08-04,4.7,4.71,4.72,4.65,137117.95
2025-08-05,4.72,4.74,4.77,4.71,112702.45
2025-08-06,4.77,4.74,4.77,4.7,128105.45
2025-08-07,4.74,4.75,4.77,4.71,126852.0
2025-08-08,4.74,4.81,4.85,4.72,233844.99
2025-08-11,4.82,4.81,4.83,4.77,140149.88
2025-08-12,4.8,4.99,5.13,4.8,595522.12
2025-08-13,4.91,4.91,4.93,4.84,351663.37
2025-08-14,4.9,4.81,4.91,4.81,178532.45
2025-08-15,4.81,4.86,4.87,4.79,161139.91
2025-08-18,4.84,4.86,4.87,4.8,221634.13
2025-08-19,4.84,4.84,4.85,4.8,172504.71
2025-08-20,4.82,4.86,4.88,4.81,178728.29
2025-08-21,4.87,4.95,4.96,4.85,320737.45
2025-08-22,4.96,4.98,5.08,4.93,375664.88
2025-08-25,4.98,4.94,5.0,4.92,251169.76
2025-08-26,4.98,4.94,4.99,4.92,202462.82
2025-08-27,4.94,4.77,4.95,4.7,273810.33
2025-08-28,4.77,4.81,4.85,4.66,224746.39
2025-08-29,4.8,4.78,4.81,4.74,160288.84
2025-09-01,4.78,4.72,4.78,4.7,200697.91
2025-09-02,4.79,4.74,4.85,4.69,249098.35
2025-09-03,4.72,4.62,4.74,4.61,183372.74
2025-09-04,4.62,4.59,4.64,4.55,144271.35
2025-09-05,4.6,4.61,4.62,4.5,170254.17
2025-09-08,4.58,4.67,4.76,4.58,222989.49
2025-09-09,4.65,4.59,4.66,4.57,157450.57
2025-09-10,4.59,4.55,4.6,4.53,113888.58
2025-09-11,4.53,4.57,4.57,4.49,132430.89
2025-09-12,4.55,4.57,4.66,4.55,162527.08
2025-09-15,4.57,4.64,4.71,4.57,242630.31
2025-09-16,4.63,4.7,4.75,4.59,281246.82
2025-09-17,4.7,4.73,4.82,4.68,258756.16
2025-09-18,4.71,4.58,4.72,4.55,238342.97
2025-09-19,4.55,4.65,4.78,4.55,208623.55
2025-09-22,4.63,4.53,4.63,4.5,177103.0
2025-09-23,4.51,4.7,4.88,4.43,511734.47
2025-09-24,4.63,4.69,4.85,4.55,353670.25
2025-09-25,4.63,4.54,4.67,4.53,250169.02
2025-09-26,4.54,4.49,4.54,4.47,135935.0
2025-09-29,4.46,4.44,4.49,4.4,126643.0
2025-09-30,4.46,4.4,4.47,4.39,129414.56
2025-10-09,4.41,4.4,4.42,4.36,106112.06
2025-10-10,4.41,4.45,4.48,4.4,96678.53
2025-10-13,4.3,4.54,4.62,4.3,258293.03
2025-10-14,4.52,4.61,4.68,4.51,319351.26
2025-10-15,4.56,4.46,4.57,4.43,221241.97
2025-10-16,4.46,4.51,4.56,4.45,206282.42
2025-10-17,4.48,4.46,4.55,4.43,171797.02
2025-10-20,4.43,4.64,4.76,4.43,459809.04
2025-10-21,4.64,4.68,4.7,4.59,238171.01
2025-10-22,4.72,4.6,4.73,4.59,206215.0
2025-10-23,4.58,4.69,4.75,4.58,320498.16
2025-10-24,4.73,4.63,4.73,4.62,169300.0
2025-10-27,4.62,4.54,4.62,4.53,201594.55
2025-10-28,4.52,4.53,4.6,4.52,149945.19
2025-10-29,4.52,4.52,4.55,4.45,135125.0
2025-10-30,4.51,4.5,4.61,4.5,184224.85
2025-10-31,4.52,4.52,4.56,4.49,128055.02
2025-11-03,4.5,4.54,4.55,4.5,106146.63
2025-11-04,4.53,4.5,4.56,4.47,166273.3
2025-11-05,4.45,4.61,4.63,4.43,227995.23
2025-11-06,4.63,4.61,4.7,4.57,226874.56
2025-11-07,4.59,4.61,4.66,4.59,120421.66
2025-11-10,4.61,4.9,5.0,4.56,784793.75
2025-11-11,4.92,4.94,5.04,4.92,448684.91
2025-11-12,4.91,4.95,5.05,4.91,282697.27
2025-11-13,4.95,4.93,4.97,4.9,192747.28
2025-11-14,4.94,5.21,5.34,4.93,735177.23
2025-11-17,5.21,5.11,5.28,5.04,448272.0
2025-11-18,5.1,4.87,5.14,4.83,355880.73
2025-11-19,4.92,4.74,4.92,4.69,209338.0
2025-11-20,4.73,4.61,4.76,4.58,209124.6
2025-11-21,4.59,4.35,4.64,4.35,296948.19
2025-11-24,4.38,4.43,4.46,4.33,188655.19
2025-11-25,4.44,4.45,4.52,4.39,172973.08
2025-11-26,4.56,4.48,4.66,4.47,365849.44
2025-11-27,4.49,4.56,4.69,4.44,285051.37
2025-11-28,4.59,4.94,5.02,4.5,784858.76
2025-12-01,4.94,5.0,5.08,4.92,567979.53
2025-12-02,5.0,4.95,5.0,4.91,248664.01
2025-12-03,4.95,4.86,4.99,4.85,298965.0
2025-12-04,4.84,5.04,5.09,4.84,518658.82
2025-12-05,5.01,5.04,5.08,4.97,242583.46
2025-12-08,5.1,5.13,5.19,5.03,345786.0
2025-12-09,5.12,5.06,5.15,5.0,253527.6
2025-12-10,5.05,5.08,5.1,4.99,223293.73
2025-12-11,5.08,5.02,5.14,5.01,206820.0
2025-12-12,5.02,4.99,5.07,4.95,199582.26
2025-12-15,4.96,4.98,5.02,4.81,206144.02
2025-12-16,4.95,4.78,4.98,4.7,251850.0
2025-12-17,4.76,4.89,4.92,4.66,266759.0
2025-12-18,4.88,4.77,4.92,4.77,165342.0
2025-12-19,4.81,5.13,5.22,4.75,669256.75
2025-12-22,5.11,5.27,5.3,5.06,510413.3
2025-12-23,5.25,5.05,5.32,5.03,347947.08
2025-12-24,5.05,5.06,5.1,4.95,195351.21
2025-12-25,5.11,5.12,5.15,5.03,231709.04
2025-12-26,5.12,5.07,5.15,5.01,253159.49
2025-12-29,5.07,4.94,5.1,4.93,228534.29
2025-12-30,4.91,4.89,4.94,4.78,248797.96
2025-12-31,4.92,4.84,4.93,4.8,182089.42
2026-01-05,4.86,4.67,4.87,4.65,355769.0
2026-01-06,4.71,4.72,4.72,4.66,213488.42
2026-01-07,4.71,4.58,4.71,4.56,301756.25
2026-01-08,4.6,4.69,4.75,4.59,297109.93
2026-01-09,4.72,4.68,4.73,4.62,198750.56
2026-01-12,4.68,4.68,4.7,4.64,240865.26
2026-01-13,4.68,4.71,4.84,4.67,404697.14
2026-01-14,4.75,4.67,4.76,4.65,311952.22
2026-01-15,4.66,4.58,4.68,4.56,229725.88
2026-01-16,4.57,4.51,4.58,4.5,203635.62
2026-01-19,4.49,4.56,4.61,4.46,154666.5
2026-01-20,4.56,4.52,4.57,4.48,128703.32
2026-01-21,4.53,4.57,4.59,4.49,148182.62
2026-01-22,4.57,4.58,4.6,4.55,106691.0
2026-01-23,4.58,4.6,4.6,4.54,176947.13
2026-01-26,4.6,4.5,4.62,4.48,208382.17
2026-01-27,4.47,4.44,4.52,4.41,160648.78
2026-01-28,4.47,4.39,4.51,4.37,212289.64
2026-01-29,4.37,4.39,4.47,4.33,169790.0
2026-01-30,4.36,4.34,4.43,4.33,156254.0
2026-02-02,4.31,4.31,4.39,4.3,153083.42
2026-02-03,4.31,4.3,4.34,4.2,212717.21
2026-02-04,4.3,4.36,4.36,4.25,151899.21
2026-02-05,4.34,4.36,4.41,4.34,123230.0
2026-02-06,4.34,4.43,4.43,4.33,132215.0
2026-02-09,4.43,4.57,4.6,4.43,306788.57
2026-02-10,4.57,4.59,4.66,4.5,234162.19
2026-02-11,4.58,4.64,4.68,4.57,199932.32
2026-02-12,4.65,4.55,4.72,4.47,184637.23
2026-02-13,4.56,4.47,4.58,4.46,107351.0
2026-02-24,4.52,4.58,4.62,4.52,173143.01
2026-02-25,4.57,4.63,4.72,4.57,237760.02
2026-02-26,4.62,4.6,4.65,4.56,156161.66
2026-02-27,4.6,4.64,4.65,4.58,146112.42
2026-03-02,4.81,4.73,4.87,4.63,713196.59
2026-03-03,4.74,5.12,5.2,4.73,1538001.9
2026-03-04,4.91,4.61,4.91,4.61,630732.01
2026-03-05,4.47,4.44,4.6,4.33,781092.4
2026-03-06,4.45,4.64,4.67,4.4,579819.03
2026-03-09,4.7,4.43,4.78,4.4,496070.3
2026-03-10,4.41,4.44,4.55,4.41,284793.8
2026-03-11,4.43,4.39,4.45,4.34,281479.0
2026-03-12,4.38,4.47,4.58,4.36,333660.84
2026-03-13,4.46,4.44,4.54,4.42,217902.0
2026-03-16,4.41,4.53,4.55,4.4,263391.2
2026-03-17,4.5,4.43,4.58,4.43,236163.39
2026-03-18,4.47,4.45,4.49,4.39,164398.27
2026-03-19,4.43,4.31,4.43,4.29,219727.0
2026-03-20,4.29,4.23,4.36,4.23,168982.27
2026-03-23,4.18,4.04,4.27,3.97,261559.5
2026-03-24,4.12,4.22,4.23,4.05,248053.0
2026-03-25,4.22,4.29,4.3,4.18,164243.0
2026-03-26,4.28,4.17,4.33,4.16,160878.08
2026-03-27,4.13,4.21,4.23,4.11,122441.67
2026-03-30,4.15,4.22,4.23,4.12,125453.87
2026-03-31,4.19,4.11,4.26,4.1,138148.91
2026-04-01,4.16,4.19,4.23,4.15,120696.11
2026-04-02,4.18,4.18,4.25,4.15,164823.0
2026-04-03,4.19,4.01,4.22,4.01,208508.0
2026-04-07,4.02,4.1,4.13,3.98,140997.7
2026-04-08,4.18,4.21,4.23,4.14,129777.7
2026-04-09,4.18,4.09,4.21,4.07,154614.0
2026-04-10,4.11,4.05,4.12,4.03,117283.66
2026-04-13,4.05,4.0,4.06,3.97,136226.0
2026-04-14,4.0,3.93,4.01,3.9,160863.22
2026-04-15,3.94,4.01,4.03,3.92,163938.89
2026-04-16,4.01,4.21,4.22,3.98,259828.56
2026-04-17,4.2,4.17,4.22,4.1,160629.01
2026-04-20,4.18,4.03,4.18,3.97,296326.15
2026-04-21,4.01,4.0,4.01,3.95,141790.0
2026-04-22,3.97,3.97,4.01,3.96,113911.95
2026-04-23,3.98,3.91,3.98,3.9,111877.54
2026-04-24,3.9,3.89,3.92,3.8,135664.32
2026-04-27,3.88,3.8,3.89,3.74,166666.01
2026-04-28,3.78,3.89,3.91,3.77,147930.0
2026-04-29,3.85,3.99,4.02,3.8,234165.7
2026-04-30,3.97,3.95,4.0,3.92,132808.0
2026-05-06,3.97,3.98,4.0,3.95,125492.53
2026-05-07,3.98,4.1,4.17,3.98,258237.96
2026-05-08,4.1,4.18,4.27,4.06,253989.13
2026-05-11,4.16,4.19,4.2,4.09,225196.53
2026-05-12,4.18,4.04,4.2,4.03,194757.68
2026-05-13,4.07,4.05,4.11,4.03,173780.33
2026-05-14,4.05,4.02,4.11,4.01,167997.0
2026-05-15,4.02,3.99,4.06,3.94,167443.79
2026-05-18,3.99,4.06,4.13,3.94,171647.0
2026-05-19,4.05,4.08,4.14,4.02,110716.0
2026-05-20,4.1,4.0,4.1,3.94,145094.0
2026-05-21,4.0,3.86,4.09,3.84,221512.0
2026-05-22,3.92,3.86,3.92,3.81,137578.99
2026-05-25,3.89,3.89,3.95,3.85,149758.4
2026-05-26,3.88,3.8,3.91,3.77,164337.32
2026-05-27,3.79,3.66,3.81,3.64,174790.02
2026-05-28,3.69,3.68,3.75,3.61,123822.63
2026-05-29,3.67,3.61,3.71,3.59,131666.0
2026-06-01,3.6,3.83,3.89,3.6,274463.22
2026-06-02,3.82,3.8,3.87,3.72,151577.04
2026-06-03,3.85,3.8,4.05,3.73,204187.02
2026-06-04,3.8,4.18,4.18,3.79,659997.99
2026-06-05,4.26,4.6,4.6,4.26,390263.52
2026-06-08,4.8,4.76,5.0,4.47,1687139.09
2026-06-09,4.57,4.39,4.74,4.31,919325.88
2026-06-10,4.44,4.31,4.52,4.26,589914.36
2026-06-11,4.32,4.19,4.6,4.12,552749.8
2026-06-12,4.18,4.15,4.3,4.11,384935.42
2026-06-15,4.32,4.57,4.57,4.32,295919.66
2026-06-16,4.39,4.58,4.64,4.28,805489.73
2026-06-17,4.55,4.53,4.61,4.48,433185.0
2026-06-18,4.55,4.39,4.58,4.35,362247.92
2026-06-22,4.39,4.32,4.39,4.24,304863.32
2026-06-23,4.31,4.18,4.49,4.16,346106.0
2026-06-24,4.2,3.95,4.25,3.89,425218.0
2026-06-25,3.88,3.86,3.92,3.74,406525.63
2026-06-26,3.82,3.81,3.88,3.65,323339.63
2026-06-29,3.8,3.65,3.8,3.51,443732.0
2026-06-30,3.64,3.73,3.76,3.55,333857.01
2026-07-01,3.7,4.1,4.1,3.7,606198.82
2026-07-02,4.31,4.51,4.51,4.3,376096.97
2026-07-03,4.53,4.55,4.67,4.49,1025181.05
2026-07-06,4.66,4.7,4.92,4.66,744229.35
2026-07-07,4.79,4.59,4.79,4.56,453546.2
2026-07-08,4.62,4.4,4.63,4.37,283132.08
2026-07-09,4.43,4.32,4.47,4.25,255685.82
2026-07-10,4.28,4.34,4.43,4.24,233410.0
2026-07-13,4.34,4.07,4.35,4.03,250926.19
2026-07-14,4.05,4.08,4.12,3.91,189151.0
2026-07-15,4.05,4.04,4.13,4.0,185501.0
2026-07-16,4.0,3.95,4.02,3.89,163538.52
2026-07-17,3.94,3.78,4.01,3.7,378336.9
2026-07-20,3.83,3.52,3.88,3.45,509314.91
2026-07-21,3.54,3.56,3.56,3.29,411213.0
2026-07-22,3.54,3.58,3.62,3.49,260277.33
2026-07-23,3.59,3.76,3.78,3.52,316135.16
2026-07-24,3.7,3.8,3.86,3.66,303536.13
2026-07-27,3.77,3.87,3.89,3.7,255961.14
2026-07-28,3.85,3.83,3.97,3.82,180446.5
2026-07-29,3.82,3.82,3.9,3.79,185067.7
2026-07-30,3.83,3.65,3.88,3.63,213910.27
2026-07-31,3.66,3.7,3.73,3.64,146697.9
2026-08-03,3.75,3.79,3.81,3.73,170036.37
2026-08-04,3.86,3.86,3.93,3.76,207691.0
2026-08-05,3.9,3.94,3.96,3.85,184150.0
2026-08-06,3.93,3.96,4.01,3.87,160400.5
2026-08-07,3.98,3.95,4.0,3.88,139769.0
2026-08-10,3.97,3.98,3.99,3.88,151688.15
2026-08-11,3.97,3.91,4.01,3.89,108800.0
2026-08-12,3.91,3.98,3.99,3.84,165366.0
2026-08-13,4.0,3.89,4.02,3.89,127453.0
2026-08-14,3.9,3.84,3.92,3.79,132448.0
2026-08-17,3.87,4.22,4.22,3.82,263007.0
2026-08-18,4.26,4.19,4.39,4.13,529185.39
2026-08-19,4.15,4.01,4.22,3.98,348204.64
2026-08-20,4.19,4.41,4.41,4.19,313069.84
2026-08-21,4.41,4.27,4.41,4.16,676043.25
2026-08-24,4.3,4.26,4.34,4.2,431310.57
2026-08-25,4.29,4.24,4.31,4.13,324890.0
2026-08-26,4.21,4.18,4.25,4.16,292529.0
2026-08-27,4.13,4.22,4.22,4.13,248615.0
2026-08-28,4.23,4.25,4.3,4.21,254211.0
2026-08-31,4.25,4.19,4.27,4.17,189282.25
2026-09-01,4.21,4.23,4.31,4.17,198934.01
2026-09-02,4.5,4.19,4.65,4.18,875470.49
2026-09-03,4.18,4.43,4.61,4.17,1363382.17
2026-09-04,4.37,4.44,4.53,4.3,1123744.75
2026-09-07,4.45,4.4,4.6,4.39,659955.98
2026-09-08,4.39,4.42,4.43,4.32,438398.03
2026-09-09,4.39,4.53,4.6,4.33,886378.19
2026-09-10,4.52,4.36,4.56,4.34,632734.82
2026-09-11,4.32,4.23,4.37,4.18,485179.01
2026-09-14,4.26,4.22,4.56,4.21,543296.25
2026-09-15,4.2,4.02,4.24,4.0,466713.0
2026-09-16,4.02,4.02,4.07,3.96,309237.0
2026-09-17,4.02,4.14,4.16,3.97,272613.0
2026-09-18,4.16,4.1,4.17,4.07,227412.0
