date,open,close,high,low,volume
2013-01-04,3.28,3.42,3.42,3.28,25040.26
2013-01-07,3.38,3.39,3.41,3.34,11811.86
2013-01-08,3.39,3.37,3.39,3.34,8203.71
2013-01-09,3.37,3.37,3.44,3.34,6401.39
2013-01-10,3.41,3.37,3.41,3.34,4596.38
2013-01-11,3.35,3.3,3.38,3.3,8296.41
2013-01-14,3.33,3.39,3.41,3.26,8991.5
2013-01-15,3.36,3.44,3.44,3.33,9548.18
2013-01-16,3.41,3.51,3.57,3.41,14116.63
2013-01-17,3.51,3.53,3.62,3.47,11606.88
2013-01-18,3.53,3.54,3.6,3.5,8975.35
2013-01-21,3.56,3.61,3.61,3.51,10523.73
2013-01-22,3.61,3.56,3.64,3.54,10394.44
2013-01-23,3.53,3.53,3.6,3.42,9712.34
2013-01-24,3.51,3.7,3.71,3.48,38519.02
2013-01-25,3.67,3.68,3.74,3.62,10354.6
2013-01-28,3.68,3.75,3.77,3.64,9387.97
2013-01-29,3.74,3.74,3.8,3.71,8132.17
2013-01-30,3.75,3.72,3.77,3.64,11966.9
2013-01-31,3.72,3.63,3.72,3.57,12314.07
2013-02-01,3.6,3.62,3.69,3.58,7807.31
2013-02-04,3.64,3.61,3.64,3.54,6220.65
2013-02-05,3.59,3.67,3.68,3.57,4762.74
2013-02-06,3.65,3.7,3.74,3.65,5598.3
2013-02-07,3.71,3.83,3.83,3.69,7528.27
2013-02-08,3.86,3.85,3.89,3.73,8053.76
2013-02-18,3.81,4.03,4.03,3.74,13594.31
2013-02-19,4.0,3.99,4.09,3.94,13540.46
2013-02-20,3.95,4.03,4.07,3.91,9900.64
2013-02-21,3.99,3.93,4.02,3.87,11384.22
2013-02-22,3.91,3.97,4.0,3.91,9135.19
2013-02-25,3.95,4.15,4.16,3.95,12926.63
2013-02-26,4.11,4.36,4.36,4.1,26508.36
2013-02-27,4.36,4.34,4.44,4.25,14678.79
2013-02-28,4.3,4.4,4.49,4.3,9202.65
2013-03-01,4.36,4.43,4.46,4.36,7439.63
2013-03-04,4.38,4.21,4.39,4.21,19389.86
2013-03-05,4.08,4.2,4.23,4.07,18309.47
2013-03-06,4.15,4.22,4.27,4.15,9916.45
2013-03-07,4.22,4.15,4.22,4.12,8326.1
2013-03-08,4.15,4.13,4.22,4.1,7683.22
2013-03-11,4.13,4.34,4.34,4.11,11364.19
2013-03-12,4.34,4.41,4.55,4.25,23417.0
2013-03-13,4.41,4.47,4.53,4.34,15146.63
2013-03-14,4.45,4.43,4.54,4.39,9408.11
2013-03-15,4.4,4.38,4.51,4.38,7582.85
2013-03-18,4.4,4.41,4.45,4.32,6722.44
2013-03-19,4.39,4.37,4.41,4.3,5950.18
2013-03-20,4.32,4.44,4.44,4.31,6416.16
2013-03-21,4.47,4.44,4.48,4.42,5174.93
2013-03-22,4.48,4.35,4.49,4.35,9473.0
2013-03-25,4.34,4.3,4.37,4.24,10772.9
2013-03-26,4.3,4.28,4.31,4.22,7806.19
2013-03-27,4.25,4.29,4.36,4.23,9181.93
2013-03-28,4.25,4.28,4.33,4.15,9076.12
2013-03-29,4.29,4.47,4.49,4.26,13273.97
2013-04-01,4.47,4.42,4.47,4.39,6367.68
2013-04-02,4.42,4.47,4.62,4.41,10708.84
2013-04-03,4.47,4.45,4.54,4.4,10787.01
2013-04-08,4.39,4.34,4.43,4.23,7930.81
2013-04-09,4.29,4.29,4.35,4.26,4667.31
2013-04-10,4.3,4.29,4.35,4.24,5420.16
2013-04-11,4.25,4.3,4.3,4.25,2985.99
2013-04-12,4.33,4.42,4.43,4.26,6209.63
2013-04-15,4.39,4.39,4.42,4.35,4048.85
2013-04-16,4.37,4.33,4.37,4.27,3557.54
2013-04-17,4.31,4.34,4.37,4.25,2094.22
2013-04-18,4.3,4.38,4.39,4.27,6385.99
2013-04-19,4.37,4.45,4.49,4.37,7775.7
2013-04-22,4.4,4.68,4.68,4.4,22078.26
2013-04-23,4.72,4.74,4.91,4.68,26674.06
2013-04-24,4.74,4.82,4.91,4.7,13390.0
2013-04-25,4.82,4.73,4.82,4.69,10851.79
2013-05-02,4.53,4.74,4.75,4.53,16428.2
2013-05-03,4.75,4.98,4.98,4.67,28290.74
2013-08-02,5.23,5.23,5.23,5.23,159.01
2013-08-05,5.49,5.49,5.49,5.49,289.96
2013-08-06,5.77,5.77,5.77,5.77,199.19
2013-08-07,6.05,6.05,6.05,6.05,167.0
2013-08-08,6.36,6.36,6.36,6.36,118.01
2013-08-09,6.67,6.67,6.67,6.67,1038.49
2013-08-12,7.0,7.0,7.0,7.0,363.03
2013-08-13,7.36,7.36,7.36,7.36,729.6
2013-08-14,7.72,7.72,7.72,7.72,1855.51
2013-08-15,8.11,8.11,8.11,8.11,1958.72
2013-08-16,8.51,8.51,8.51,8.51,4950.09
2013-08-19,8.94,8.94,8.94,8.94,24732.67
2013-08-20,9.39,9.39,9.39,9.28,118784.92
2013-08-21,9.86,9.86,9.86,9.86,30596.02
2013-08-22,10.35,10.35,10.35,10.35,2550.3
2013-08-23,10.49,9.83,10.49,9.83,133250.51
2013-08-26,9.86,10.32,10.32,9.86,79647.56
2013-08-27,10.36,10.84,10.84,10.26,93096.74
2013-08-28,10.96,11.38,11.38,10.89,20483.11
2013-08-29,11.95,11.39,11.95,11.23,92971.7
2013-08-30,11.53,10.82,11.9,10.82,73653.76
2013-09-02,10.52,10.28,10.64,10.28,19728.0
2013-09-03,10.11,10.49,10.74,10.11,53405.03
2013-09-04,10.32,10.49,10.82,10.21,39339.76
2013-09-05,10.32,10.7,11.01,9.96,53539.61
2013-09-06,10.61,10.76,11.18,10.53,36334.6
2013-09-09,10.77,10.68,11.2,10.59,38524.39
2013-09-10,10.59,10.81,10.82,10.41,30476.66
2013-09-11,10.81,10.54,10.84,10.27,32945.56
2013-09-12,10.65,10.75,10.83,10.55,22689.27
2013-09-13,10.75,10.71,10.81,10.46,15086.27
2013-09-16,10.81,11.25,11.25,10.8,7786.91
2013-09-17,11.81,11.81,11.81,11.81,2019.28
2013-09-18,12.4,12.4,12.4,12.4,1291.72
2013-09-23,13.02,13.02,13.02,13.02,1923.67
2013-09-24,13.42,13.03,13.57,12.52,63701.79
2013-09-25,13.37,13.68,13.68,13.12,19374.47
2013-09-26,13.88,13.41,14.25,13.35,34731.89
2013-09-27,13.52,13.43,13.55,12.75,39230.15
2013-09-30,13.67,14.01,14.1,13.22,31677.87
2013-10-08,13.46,14.35,14.45,13.38,24348.16
2013-10-09,14.17,14.06,14.63,13.91,22813.54
2013-10-10,13.89,13.52,14.3,13.41,19866.65
2013-10-11,13.53,13.59,13.96,13.45,13266.13
2013-10-14,13.71,14.25,14.26,13.48,19739.24
2013-10-15,14.28,14.08,14.79,13.81,19264.76
2013-10-16,13.81,13.41,13.85,13.38,20437.35
2013-10-17,13.41,13.36,13.7,13.28,8328.7
2013-10-18,13.28,13.72,13.77,13.18,13159.52
2013-10-21,13.66,13.96,14.11,13.52,11144.91
2013-10-22,13.88,13.81,14.54,13.69,15128.65
2013-10-23,13.64,13.13,13.74,13.13,20870.76
2013-10-24,12.56,12.52,13.05,12.47,16484.19
2013-10-25,12.59,11.9,12.88,11.89,20014.99
2013-10-28,12.11,12.04,12.27,11.73,9711.57
2013-10-29,11.98,11.45,12.16,11.44,14173.45
2013-10-30,11.43,11.64,11.71,11.07,11908.65
2013-10-31,11.52,11.73,11.89,11.49,10717.85
2013-11-01,11.78,12.09,12.17,11.47,8933.45
2013-11-04,11.96,12.69,12.69,11.96,18692.62
2013-11-05,12.71,12.57,12.82,12.35,9748.23
2013-11-06,12.57,12.57,12.73,12.45,7695.9
2013-11-07,13.18,12.92,13.19,12.81,15177.1
2013-11-08,12.94,12.94,13.3,12.76,9682.19
2013-11-11,12.94,12.84,13.1,12.72,6808.82
2013-11-12,12.87,12.84,12.93,12.7,4101.63
2013-11-13,12.85,12.83,13.05,12.74,4685.95
2013-11-25,13.47,13.47,13.47,13.47,666.17
2013-11-26,14.04,12.8,14.04,12.8,27437.37
2013-11-27,12.47,12.59,12.82,12.18,16756.29
2013-11-28,12.54,12.64,12.86,12.3,9767.77
2013-11-29,12.78,12.91,12.98,12.51,10243.12
2013-12-02,12.55,12.27,12.64,12.27,9379.05
2013-12-03,12.03,12.36,12.42,12.0,11688.87
2013-12-04,12.31,12.2,12.39,12.11,8954.01
2013-12-05,12.2,11.76,12.26,11.59,10854.5
2013-12-06,11.57,11.68,11.95,11.52,6205.82
2013-12-09,11.55,12.01,12.06,11.33,6943.08
2013-12-10,11.95,12.09,12.18,11.93,4345.65
2013-12-11,12.2,11.94,12.2,11.89,5404.05
2013-12-12,11.94,12.53,12.53,11.94,8017.26
2013-12-13,12.53,12.57,12.93,12.52,7849.43
2013-12-16,12.69,13.2,13.2,12.59,15578.41
2013-12-17,12.98,12.54,13.1,12.54,17727.87
2013-12-18,12.54,12.55,12.93,12.37,8107.6
2013-12-19,12.65,12.33,12.84,12.33,6315.52
2013-12-20,12.2,11.71,12.32,11.71,9820.46
2013-12-23,11.73,11.75,12.05,11.67,5987.14
2013-12-24,11.86,11.93,12.3,11.75,11789.09
2013-12-25,11.96,12.12,12.27,11.96,7323.99
2013-12-26,12.03,12.36,12.55,11.95,7947.14
2013-12-27,12.54,12.79,12.82,12.3,8879.14
2013-12-30,13.03,12.63,13.03,12.51,7721.96
2013-12-31,12.54,12.42,12.63,12.2,5414.7
2014-01-02,12.35,12.2,12.45,12.05,8265.0
2014-01-03,12.03,12.56,12.69,12.03,7923.56
2014-01-06,12.63,12.33,12.82,12.23,9026.6
2014-01-07,12.18,12.18,12.35,12.12,6033.8
2014-01-08,12.25,12.77,12.79,12.2,16795.11
2014-01-09,13.01,12.9,13.38,12.78,16916.94
2014-01-10,13.06,13.52,13.54,13.06,25798.96
2014-01-14,13.33,12.85,13.43,12.84,25201.15
2014-01-15,12.84,12.92,13.13,12.77,14660.51
2014-01-16,12.89,12.92,13.03,12.69,9653.29
2014-01-17,12.85,12.61,12.93,12.6,8843.62
2014-01-20,12.59,11.98,12.59,11.98,26536.01
2014-01-21,11.77,12.15,12.29,11.74,10173.97
2014-01-22,12.15,12.36,12.47,12.06,8296.69
2014-01-23,12.31,12.92,12.98,12.31,21420.93
2014-01-24,12.98,13.13,13.33,12.78,17302.24
2014-01-27,13.14,13.59,13.79,12.89,33952.6
2014-01-28,13.55,14.0,14.15,13.33,22602.49
2014-01-29,13.94,13.91,14.06,13.62,17856.13
2014-01-30,13.83,13.45,13.99,13.32,11466.56
2014-02-07,13.18,14.12,14.12,13.09,17193.96
2014-02-10,14.4,14.83,14.83,14.28,19538.68
2014-02-11,15.36,15.13,15.57,14.65,35009.25
2014-02-12,15.13,15.05,15.62,14.83,18131.1
2014-02-13,15.13,14.3,15.38,14.3,27314.33
2014-02-14,14.42,14.71,14.89,13.93,14402.01
2014-02-17,14.84,15.45,15.45,14.59,22623.81
2014-02-18,15.51,15.58,16.04,15.22,13286.62
2014-02-19,15.62,15.42,15.78,15.16,10531.28
2014-02-20,15.38,14.81,15.56,14.65,11170.44
2014-02-21,14.67,14.79,15.03,14.5,8926.52
2014-02-24,14.79,14.54,14.79,14.3,8974.34
2014-02-25,14.63,13.81,14.85,13.81,22872.51
2014-02-26,13.57,13.55,13.61,13.13,14323.39
2014-02-27,13.67,13.17,13.99,13.08,11638.86
2014-02-28,13.22,13.51,13.52,13.09,10063.78
2014-03-03,13.61,14.01,14.18,13.52,11545.9
2014-03-04,14.1,13.71,14.1,13.55,6707.07
2014-03-05,13.71,13.72,14.13,13.69,7558.2
2014-03-06,14.18,14.33,14.38,13.86,18501.73
2014-03-07,14.44,14.76,15.03,14.42,17969.44
2014-03-10,14.94,14.61,15.21,14.4,24060.82
2014-03-11,14.59,14.01,14.79,13.88,20679.97
2014-03-12,13.96,14.44,14.44,13.68,16878.46
2014-03-13,14.44,14.99,15.12,14.38,16204.93
2014-03-14,14.94,14.99,15.08,14.55,14292.27
2014-03-17,15.14,15.35,15.44,14.89,18413.45
2014-03-19,15.86,14.79,16.57,14.62,65854.94
2014-03-20,14.21,14.3,15.13,14.21,32660.9
2014-03-21,14.21,13.85,14.49,13.64,31974.27
2014-03-24,13.86,12.99,14.0,12.87,34068.29
2014-03-25,12.98,13.28,13.45,12.94,19011.03
2014-03-26,13.35,12.89,13.43,12.24,41668.74
2014-03-27,12.69,12.4,12.79,12.39,19322.92
2014-03-28,12.55,11.5,12.55,11.5,28206.77
2014-03-31,11.47,11.14,11.61,11.13,20332.94
2014-04-01,11.07,11.72,11.95,11.07,19512.32
2014-04-02,11.64,11.8,12.12,11.64,16114.95
2014-04-03,11.8,11.71,12.0,11.47,13514.28
2014-04-04,11.52,11.85,11.92,11.4,7936.55
2014-04-08,11.73,11.81,11.85,11.64,10617.0
2014-04-09,11.81,12.13,12.34,11.79,14731.31
2014-04-10,12.13,12.4,12.57,12.13,16429.64
2014-04-11,12.4,12.18,12.4,12.01,10666.73
2014-04-14,12.2,11.99,12.2,11.95,6110.44
2014-04-15,11.98,12.09,12.1,11.88,8989.34
2014-04-16,12.1,12.25,12.28,11.97,9102.01
2014-04-17,12.2,12.63,12.69,12.2,12142.67
2014-04-18,12.48,12.59,12.67,12.35,8725.58
2014-04-21,12.41,12.0,12.52,12.0,7876.44
2014-04-22,11.89,11.66,12.01,11.36,13850.07
2014-04-23,11.67,11.71,11.84,11.48,5754.21
2014-04-24,11.75,11.51,11.75,11.48,4635.08
2014-04-25,11.55,11.49,11.69,11.28,5191.57
2014-04-28,11.43,10.42,11.47,10.34,16348.77
2014-04-29,10.42,10.53,10.57,10.3,7614.96
2014-04-30,10.41,10.89,10.98,10.4,6506.81
2014-07-23,11.97,11.97,11.97,11.97,1580.14
2014-07-24,13.17,13.17,13.17,13.17,2816.87
2014-07-25,14.49,13.96,14.49,13.55,123294.25
2014-07-28,13.96,13.83,14.35,13.23,54569.83
2014-07-29,13.67,15.21,15.21,13.5,82762.88
2014-07-30,15.52,15.84,16.04,14.82,65969.99
2014-07-31,15.64,15.43,15.64,15.17,38024.7
2014-08-01,15.19,15.04,15.46,14.91,27639.53
2014-08-04,14.94,15.22,15.33,14.88,14375.68
2014-08-05,15.23,15.11,15.27,14.94,19035.07
2014-08-06,15.13,15.35,15.35,14.96,17863.6
2014-08-07,15.47,15.47,15.67,15.13,16415.52
2014-08-08,15.52,15.42,15.62,15.07,22632.1
2014-08-11,15.52,15.37,15.56,15.28,13573.28
2014-08-12,15.37,15.17,15.37,14.94,16914.23
2014-08-13,15.23,14.6,15.23,14.35,30074.5
2014-08-14,14.6,14.55,14.63,14.17,19010.8
2014-08-15,14.45,14.98,15.13,14.38,23271.27
2014-08-18,15.04,16.12,16.35,14.84,36408.62
2014-08-19,16.13,16.6,17.5,16.11,34175.3
2014-08-20,16.6,16.7,17.04,16.22,16689.49
2014-08-21,16.94,16.43,17.56,16.4,27691.89
2014-08-22,16.69,16.69,17.15,16.41,39543.57
2014-08-25,16.5,16.79,17.27,16.36,18906.87
2014-08-26,16.63,16.8,16.95,16.5,11263.32
2014-08-27,16.87,17.52,17.87,16.6,26121.85
2014-08-28,17.57,17.57,17.67,17.13,11801.33
2014-08-29,17.67,17.62,17.67,17.24,11396.88
2014-09-01,17.62,18.37,18.48,17.43,21511.66
2014-09-02,18.37,18.52,18.64,18.27,15505.36
2014-09-03,18.48,18.36,18.48,18.1,15286.32
2014-09-04,18.38,19.13,19.23,18.22,28046.8
2014-09-05,19.17,19.13,19.43,18.71,15128.44
2014-09-09,19.13,19.07,19.23,18.99,6067.98
2014-09-10,19.04,18.56,19.05,18.48,8052.62
2014-09-11,18.56,17.88,18.74,17.79,18399.44
2014-09-12,17.83,18.05,18.07,17.73,10202.54
2014-09-15,18.09,18.01,18.18,17.88,8371.56
2014-09-16,18.06,17.96,18.84,17.48,19053.98
2014-09-17,18.05,17.09,18.26,17.03,21550.85
2014-09-18,17.09,17.47,17.47,16.59,16130.86
2014-09-19,17.09,17.43,17.64,17.09,22207.61
2014-09-22,17.33,17.14,17.35,16.65,10650.86
2014-09-23,17.08,18.85,18.85,16.68,25853.91
2014-09-24,19.23,19.37,20.01,19.08,32487.6
2014-09-25,19.55,19.33,19.73,18.87,13564.24
2014-09-26,19.23,18.86,19.52,18.8,11221.97
2014-09-29,18.89,20.39,20.65,18.83,27560.53
2014-09-30,20.14,20.38,20.62,19.57,18156.97
2014-10-08,20.5,19.59,20.5,19.47,14063.66
2014-10-09,19.59,18.7,19.62,18.65,22408.25
2014-10-10,18.76,18.33,18.95,17.96,16370.38
2014-10-13,18.3,18.55,18.75,17.96,12762.53
2014-10-14,18.5,18.48,18.55,18.18,12285.24
2014-10-15,18.48,19.43,19.43,18.32,21863.45
2014-10-16,19.42,18.8,19.42,18.77,13234.45
2014-10-17,18.77,18.23,18.8,18.06,8056.76
2014-10-20,18.23,18.23,18.79,18.16,5861.29
2014-10-21,18.26,18.27,18.43,18.13,4559.65
2014-10-22,18.3,18.06,18.46,18.06,4431.97
2014-11-03,18.55,18.74,19.52,18.54,21537.63
2014-11-04,18.74,18.03,18.74,17.8,14828.77
2014-11-05,17.92,17.53,17.92,17.23,10010.9
2014-11-06,17.52,18.11,18.68,17.52,9672.09
2014-11-07,18.2,18.89,19.28,18.2,21674.86
2014-11-10,19.14,18.74,19.16,18.55,8180.12
2014-11-11,18.72,19.04,19.04,18.01,20574.43
2014-11-12,18.92,18.37,18.93,18.0,13746.73
2014-11-13,18.15,18.04,18.33,17.87,5825.36
2014-11-14,17.85,17.28,17.85,17.02,14569.79
2014-11-17,17.09,17.34,17.67,17.09,6159.14
2014-11-18,17.33,17.6,17.69,17.18,5750.02
2014-11-19,17.62,18.81,18.96,17.52,23255.19
2014-11-20,18.82,18.57,19.04,18.46,9830.62
2014-11-21,19.04,18.94,20.43,18.86,36593.64
2014-11-24,19.53,19.04,20.05,19.01,29893.73
2014-11-25,18.93,20.94,20.94,18.79,36754.86
2014-11-26,20.94,22.63,22.99,20.87,40563.34
2014-11-27,22.63,23.6,24.04,22.61,26665.14
2014-11-28,23.67,23.24,23.72,22.5,21730.53
2014-12-01,23.44,21.19,23.92,20.94,46442.98
2014-12-02,20.89,21.28,21.67,20.13,35799.28
2014-12-03,21.04,20.5,21.07,20.32,33608.35
2014-12-04,20.5,20.65,20.84,20.35,23316.95
2014-12-05,20.56,20.26,20.65,19.72,20692.58
2014-12-08,20.36,19.87,20.39,19.72,16400.62
2014-12-09,19.75,17.88,19.75,17.88,61450.65
2014-12-10,17.89,19.04,19.33,17.75,28133.56
2014-12-11,18.55,18.64,18.97,18.17,24606.19
2014-12-12,18.56,20.51,20.51,18.55,30283.74
2014-12-15,20.62,21.63,22.46,20.18,34958.74
2014-12-16,21.92,22.05,22.1,21.26,17871.37
2014-12-17,21.97,21.97,22.31,21.33,13304.77
2014-12-18,21.87,22.31,23.03,21.48,22878.75
2014-12-19,22.21,21.95,22.78,21.26,12917.26
2014-12-22,21.77,19.76,21.77,19.76,12953.53
2014-12-23,19.67,20.0,20.45,18.7,13046.89
2014-12-24,20.49,20.21,20.49,19.57,11066.08
2014-12-25,20.21,20.77,20.82,19.74,8529.3
2014-12-26,20.86,20.26,20.99,18.94,10743.69
2014-12-29,19.45,18.45,20.01,18.23,34458.63
2014-12-30,18.45,18.79,18.88,17.14,33133.26
2014-12-31,18.5,18.79,19.02,18.4,13926.3
2015-01-05,18.89,17.82,18.89,17.48,21121.39
2015-01-06,17.79,18.71,18.79,17.33,23635.88
2015-01-07,18.55,18.6,18.77,18.01,11177.79
2015-01-08,18.55,18.95,19.72,18.29,14261.76
2015-01-09,18.94,18.7,19.22,18.7,13081.19
2015-01-12,18.55,20.03,20.26,18.31,25554.03
2015-01-13,20.01,22.03,22.03,19.67,37371.53
2015-01-14,22.08,21.45,22.45,21.09,21941.25
2015-01-15,21.59,21.25,21.71,20.31,13461.51
2015-01-16,21.05,21.77,22.16,20.45,23019.46
2015-01-19,20.99,21.01,22.4,20.5,18430.56
2015-01-20,21.62,23.12,23.12,20.84,42835.8
2015-01-21,23.12,23.43,24.02,22.9,44105.87
2015-01-22,23.43,24.31,24.8,22.71,40474.09
2015-01-23,24.16,23.58,24.55,23.58,28473.38
2015-01-26,23.46,23.9,24.89,23.43,14534.97
2015-01-27,23.92,26.06,26.29,23.92,33221.62
2015-01-28,26.02,24.7,26.03,24.6,41115.02
2015-01-29,23.87,25.05,25.14,23.68,17647.26
2015-01-30,25.03,22.72,26.34,22.55,35993.98
2015-02-02,22.94,23.14,23.5,22.29,22542.17
2015-02-03,23.18,23.5,24.41,22.6,30639.97
2015-02-04,23.57,23.82,24.94,23.43,27322.57
2015-02-05,23.82,24.01,25.05,22.88,35229.34
2015-02-06,24.01,23.02,24.15,22.45,28424.55
2015-02-09,22.7,22.31,23.46,21.77,13597.65
2015-02-10,21.97,23.27,23.33,21.53,19259.66
2015-02-11,23.07,24.26,24.88,22.58,37448.81
2015-02-12,24.26,24.21,24.65,23.82,30987.07
2015-02-13,24.36,24.41,24.8,24.26,27990.38
2015-02-16,24.51,25.14,25.51,24.41,37970.37
2015-02-17,25.13,27.65,27.65,24.73,46264.3
2015-02-25,28.14,26.62,28.41,26.36,29753.82
2015-02-26,26.55,25.91,26.91,24.55,43180.96
2015-02-27,25.9,27.07,27.6,25.64,26187.02
2015-03-02,26.79,29.51,29.78,26.36,54766.89
2015-03-03,29.26,28.81,30.02,28.26,20548.28
2015-03-04,28.8,29.58,30.5,28.52,22866.33
2015-03-05,29.58,29.24,30.07,28.29,18503.02
2015-03-06,29.0,27.34,29.1,26.87,28391.8
2015-03-09,27.32,27.9,28.17,26.6,16062.92
2015-03-10,27.82,29.0,29.09,27.58,14878.11
2015-03-11,28.56,28.21,29.83,28.12,13546.22
2015-03-12,28.38,27.23,28.47,26.76,24378.88
2015-03-13,27.38,27.58,28.8,27.27,21626.23
2015-03-16,27.81,30.34,30.34,27.78,35095.46
2015-03-17,30.61,30.69,31.43,29.48,21813.65
2015-03-18,30.17,32.42,33.26,29.66,27820.78
2015-03-19,32.71,32.95,33.43,31.74,19489.87
2015-03-20,32.95,33.81,35.23,32.95,18230.39
2015-03-23,33.47,33.93,34.6,32.85,27380.61
2015-03-24,34.17,33.93,34.17,32.01,36030.83
2015-03-25,33.44,33.48,33.96,32.71,18574.5
2015-03-26,33.33,30.88,33.33,30.66,25740.68
2015-03-27,30.88,30.98,31.31,29.27,21975.71
2015-03-30,30.98,30.75,31.68,29.82,23693.25
2015-03-31,30.26,30.44,31.05,29.44,30984.44
2015-04-01,30.46,30.74,31.29,30.2,24668.15
2015-04-02,31.79,33.81,33.81,31.31,60490.39
2015-04-03,34.9,36.15,36.61,34.41,56230.82
2015-05-11,39.76,39.76,39.76,39.76,2524.03
2015-05-12,43.74,43.74,43.74,43.74,12375.68
2015-05-13,48.12,48.12,48.12,48.12,2299.84
2015-05-14,52.93,52.93,52.93,48.11,86058.96
2015-05-15,52.93,50.03,53.54,47.64,87940.72
2015-05-18,48.81,50.12,51.74,47.35,61940.25
2015-05-19,49.3,47.84,49.78,47.35,47773.84
2015-05-20,47.59,52.63,52.63,47.4,58854.54
2015-05-21,55.16,55.65,57.89,52.77,56379.05
2015-05-22,57.11,51.49,61.04,50.09,70861.61
2015-05-25,48.66,48.62,50.22,47.49,38078.41
2015-05-26,49.08,50.66,51.01,48.82,39961.32
2015-05-27,50.65,48.84,52.12,46.86,39761.29
2015-05-28,48.63,44.17,48.63,43.97,51684.16
2015-05-29,44.42,45.54,46.47,41.63,37412.17
2015-06-01,45.54,49.69,50.1,45.54,54990.47
2015-06-02,50.28,51.01,51.74,48.17,35960.34
2015-06-03,51.74,53.21,54.97,50.26,36852.68
2015-06-04,51.75,50.72,53.21,48.18,31993.62
2015-06-05,51.4,50.31,52.23,49.6,24207.1
2015-06-08,50.82,45.89,50.82,45.88,33189.56
2015-06-09,45.89,46.54,47.84,44.43,20372.46
2015-06-10,47.28,47.6,48.4,45.89,15086.96
2015-06-11,47.53,50.32,51.72,46.4,29510.49
2015-06-12,50.51,49.46,51.29,49.33,23810.82
2015-06-15,48.85,47.33,50.31,46.8,21554.56
2015-06-16,46.84,44.21,46.84,42.6,36110.0
2015-06-17,44.84,46.08,46.33,43.48,16144.18
2015-06-18,44.94,42.5,45.91,41.71,17092.99
2015-06-19,41.03,38.25,42.49,38.25,21865.47
2015-06-23,38.83,36.06,38.84,34.43,39306.13
2015-06-24,36.69,39.07,39.67,36.69,51898.51
2015-06-25,40.3,35.9,40.3,35.16,28114.54
2015-06-26,34.93,32.31,34.93,32.31,33085.49
2015-06-29,32.31,33.22,33.22,29.08,74582.86
2015-06-30,31.99,36.54,36.54,30.72,96970.53
2015-07-01,36.63,37.9,39.96,35.66,53664.85
2015-07-02,38.68,36.63,39.21,34.19,45543.78
2015-07-03,35.22,33.24,37.61,32.97,33957.06
2015-07-06,36.47,29.91,36.47,29.91,31243.8
2015-07-07,26.94,26.92,28.27,26.92,15619.0
2015-07-15,29.62,29.62,29.62,29.62,2403.27
2015-07-16,28.33,28.99,31.7,26.66,41099.18
2015-07-17,30.28,31.89,31.89,28.72,49809.9
2015-07-20,32.54,32.59,34.09,31.4,34317.2
2015-07-21,32.48,34.01,34.75,31.51,32712.88
2015-07-22,33.8,36.29,37.17,33.8,47752.59
2015-07-23,36.29,37.31,38.6,34.78,37036.91
2015-07-24,37.37,36.46,38.24,36.15,24909.13
2015-07-27,34.78,34.19,36.85,32.82,51304.73
2015-07-28,31.75,33.22,33.24,30.77,35795.67
2015-07-29,32.29,32.39,33.7,30.0,44010.27
2015-07-30,31.45,29.22,32.24,29.17,41136.46
2015-07-31,28.14,28.82,28.88,26.38,54217.67
2015-08-03,27.39,27.83,27.83,25.94,42103.49
2015-08-04,27.06,29.07,29.09,26.28,61291.49
2015-08-05,29.79,28.33,30.53,27.75,47370.32
2015-08-06,27.11,28.84,29.8,26.8,35651.96
2015-08-07,28.88,30.02,30.43,28.55,50823.25
2015-08-10,30.07,32.39,32.95,29.55,44552.38
2015-08-11,31.99,32.09,33.46,31.68,32525.27
2015-08-12,31.26,30.38,31.96,29.84,29671.18
2015-08-13,30.04,30.38,30.72,28.76,27585.38
2015-08-14,30.38,30.73,31.51,30.38,26049.38
2015-08-17,30.75,29.97,30.78,29.31,21660.87
2015-08-18,29.98,27.0,30.48,26.97,28940.25
2015-08-19,26.38,28.33,28.58,25.16,38055.54
2015-08-20,28.57,29.01,30.67,27.7,47203.39
2015-08-21,28.47,26.68,28.64,26.38,20936.95
2015-08-24,24.42,24.01,25.4,24.01,13073.41
2015-08-25,21.61,21.61,22.1,21.61,24474.47
2015-08-26,19.45,19.45,21.9,19.45,88201.24
2015-08-27,19.69,19.54,20.02,17.51,78379.44
2015-08-28,20.06,20.91,21.0,19.1,70298.05
2015-08-31,20.81,18.82,20.98,18.82,42323.12
2015-09-01,18.07,16.94,18.07,16.94,50324.91
2015-09-02,15.24,15.24,17.31,15.24,78871.27
2015-09-07,15.78,15.78,16.75,15.14,55706.12
2015-09-08,15.54,17.36,17.36,15.54,49395.8
2015-09-09,17.93,19.09,19.09,17.93,65524.94
2015-09-10,19.0,19.54,20.42,18.8,77985.26
2015-09-11,19.15,20.22,20.76,19.14,54700.34
2015-09-14,20.42,18.2,20.51,18.2,50464.46
2015-09-15,17.39,17.34,19.15,17.1,54470.72
2015-09-16,17.83,19.07,19.07,17.53,48788.77
2015-09-17,20.03,19.92,20.94,19.2,67973.79
2015-09-18,20.18,21.44,21.79,19.7,60376.62
2015-09-21,20.93,23.59,23.59,20.54,72223.73
2015-09-22,23.83,22.51,24.02,21.8,143924.32
2015-09-23,21.51,22.46,23.03,21.29,119331.49
2015-09-24,22.37,22.51,23.02,22.0,107673.17
2015-09-25,22.66,20.54,22.66,20.36,86955.03
2015-09-28,20.59,22.59,22.59,20.59,98710.46
2015-09-29,22.46,24.02,24.83,22.27,141614.63
2015-09-30,24.2,24.22,25.15,23.19,101430.81
2015-10-08,25.88,24.85,25.88,24.59,88420.47
2015-10-09,24.85,24.85,25.36,24.33,58671.84
2015-10-12,24.89,25.88,26.91,24.89,106333.39
2015-10-13,25.59,28.15,28.25,25.52,95700.06
2015-10-14,28.1,26.91,28.1,26.48,88871.91
2015-10-15,26.61,27.69,28.19,26.46,87278.74
2015-10-16,27.93,27.86,28.8,27.06,90593.54
2015-10-19,27.89,27.05,28.22,26.72,76213.23
2015-10-20,27.05,28.32,28.32,26.96,92233.62
2015-10-21,29.75,28.61,31.15,28.32,226305.12
2015-10-22,27.93,30.95,31.28,27.83,163982.37
2015-10-23,30.63,33.21,33.5,30.16,162144.91
2015-10-26,33.6,33.09,34.75,31.25,140540.67
2015-10-27,32.91,33.12,34.44,31.15,90277.31
2015-10-28,33.06,30.99,33.06,30.28,73365.54
2015-10-29,31.2,31.55,32.31,30.47,57639.83
2015-10-30,31.22,31.28,32.43,30.26,78395.47
2015-11-02,30.28,30.25,32.2,29.31,57279.21
2015-11-03,30.93,30.06,31.21,29.47,47400.45
2015-11-04,30.26,32.22,32.38,30.16,81270.19
2015-11-05,31.77,31.06,32.36,30.67,97525.28
2015-11-06,31.13,31.94,32.6,31.09,97221.08
2015-11-09,32.31,35.13,35.13,31.94,146955.7
2015-11-13,35.16,34.18,36.88,33.2,128964.23
2015-11-16,33.2,34.28,34.77,32.03,91634.88
2015-11-17,34.38,32.77,35.39,32.23,91376.9
2015-11-18,32.81,31.21,33.67,31.06,68075.67
2015-11-19,31.21,31.85,31.99,30.61,81361.73
2015-11-20,31.85,31.57,32.07,31.12,68612.92
2015-11-23,31.57,30.71,31.57,30.57,60283.77
2015-11-24,30.76,32.93,32.93,30.76,97810.91
2015-11-25,32.96,34.13,34.67,32.96,104669.77
2015-11-26,34.18,32.71,34.38,32.69,78993.84
2015-11-27,32.61,30.55,33.49,29.88,70312.14
2015-11-30,30.28,30.67,31.17,27.76,85990.78
2015-12-01,30.85,29.7,31.06,29.1,51327.18
2015-12-02,29.85,28.62,29.88,27.05,55070.92
2015-12-03,28.19,28.91,29.59,28.19,53255.68
2015-12-04,29.49,28.79,29.51,28.61,75762.49
2015-12-07,28.81,29.28,29.77,28.5,87942.14
2015-12-08,29.09,28.15,29.09,27.74,89949.9
2015-12-09,27.83,27.67,28.61,27.55,66834.23
2015-12-10,27.77,28.98,29.0,27.59,98136.4
2015-12-11,29.3,31.88,31.88,29.3,208433.88
2015-12-14,35.06,35.06,35.06,33.5,486212.53
2015-12-15,34.94,38.57,38.57,34.63,500060.28
2015-12-16,38.08,40.12,41.51,37.27,552715.57
2015-12-17,39.46,44.13,44.13,39.28,299785.33
2015-12-18,45.9,44.92,48.1,43.96,520357.01
2015-12-21,45.9,45.81,48.81,44.92,426666.07
2015-12-22,44.92,45.27,45.61,43.84,299556.59
2015-12-23,44.47,43.15,44.89,42.46,280441.63
2015-12-24,43.16,43.94,44.44,42.76,245324.09
2015-12-25,43.17,43.86,44.24,42.58,178619.07
2015-12-28,44.44,40.9,44.54,39.92,267064.1
2015-12-29,40.63,41.16,41.39,39.85,184494.64
2015-12-30,41.21,42.47,43.72,40.87,258166.43
2015-12-31,41.79,41.12,42.16,40.05,188324.81
2016-01-04,41.2,37.0,42.1,37.0,147774.01
2016-01-05,34.66,38.66,39.41,34.58,288289.34
2016-01-06,38.1,39.56,40.31,37.56,252234.2
2016-01-07,38.34,35.61,38.34,35.61,67310.2
2016-01-08,36.05,35.53,37.6,32.09,228548.39
2016-01-11,33.85,31.97,34.38,31.97,169277.78
2016-01-12,31.07,31.64,32.46,29.82,167290.85
2016-01-13,31.83,28.48,32.43,28.48,167230.37
2016-01-14,27.1,29.81,30.39,26.17,189727.13
2016-01-15,29.24,27.3,29.3,27.15,168424.23
2016-01-18,26.71,30.03,30.03,26.37,183664.02
2016-01-19,30.03,32.18,32.84,29.3,292212.27
2016-01-20,31.01,30.76,31.98,30.64,256577.31
2016-01-21,29.91,28.19,31.34,28.05,195861.53
2016-01-22,28.47,28.91,29.22,27.02,231163.51
2016-01-25,29.3,29.2,30.15,28.61,218819.48
2016-01-26,28.32,26.28,28.61,26.28,219880.45
2016-01-27,26.28,25.32,26.52,23.7,198825.08
2016-01-28,24.69,24.01,26.32,23.63,173866.66
2016-01-29,24.07,25.0,25.68,23.44,190166.24
2016-02-01,24.61,24.25,25.18,23.44,139778.94
2016-02-02,24.42,26.67,26.67,24.3,152293.66
2016-02-03,26.37,27.28,27.64,26.17,260338.27
2016-02-04,27.05,27.5,27.74,26.94,202928.66
2016-02-05,27.69,27.05,28.61,26.93,158962.41
2016-02-15,25.74,27.22,27.6,25.67,126813.49
2016-02-16,27.31,29.94,29.94,27.27,269963.85
2016-02-17,30.07,29.96,30.19,28.97,257921.09
2016-02-18,30.1,29.43,30.86,29.31,209167.2
2016-02-19,29.44,29.72,30.26,29.1,170398.28
2016-02-22,30.33,30.29,30.46,29.69,165935.57
2016-02-23,30.34,29.39,30.38,28.79,167165.09
2016-02-24,29.15,28.66,29.6,27.52,171196.37
2016-02-25,29.67,27.68,31.21,26.67,402818.27
2016-02-26,28.22,28.86,30.04,25.45,387403.68
2016-02-29,28.08,25.98,28.2,25.98,230623.28
2016-03-01,25.39,25.7,26.32,23.68,210962.42
2016-03-02,25.37,26.88,27.71,24.61,242009.81
2016-03-03,27.0,27.56,28.51,27.0,279203.82
2016-03-04,27.54,25.7,28.2,25.2,231451.3
2016-03-07,26.23,26.64,27.62,26.23,169206.51
2016-03-08,26.36,27.27,27.38,24.49,203051.48
2016-03-09,26.35,26.07,27.12,25.88,138503.13
2016-03-10,26.08,25.11,26.52,25.08,138240.38
2016-03-11,24.8,24.56,24.98,24.22,116857.15
2016-03-14,25.25,25.81,26.36,25.0,156458.2
2016-03-15,25.69,25.64,26.25,25.21,139492.16
2016-03-16,26.06,24.9,26.12,24.71,120129.13
2016-03-17,25.14,26.36,26.53,24.92,215642.45
2016-03-18,26.61,28.04,28.57,26.37,265924.51
2016-03-21,28.82,29.12,29.46,28.16,276409.72
2016-03-22,28.53,28.5,29.1,28.13,189231.16
2016-06-07,31.29,28.74,31.29,28.47,337961.59
2016-06-08,28.25,28.39,28.75,27.56,179676.04
2016-06-13,27.8,28.93,31.22,27.65,349322.23
2016-06-14,29.04,29.72,30.12,27.58,275509.69
2016-06-15,29.15,31.99,32.66,29.13,360803.91
2016-06-16,31.73,32.02,33.23,31.39,303125.75
2016-06-17,32.12,31.62,32.84,31.1,227013.07
2016-06-20,31.49,31.58,32.24,31.19,174039.21
2016-06-21,31.83,29.52,32.06,29.04,259612.54
2016-06-22,29.42,30.31,30.4,28.94,162785.29
2016-06-23,30.41,30.8,31.63,30.31,199025.87
2016-06-24,30.29,29.74,30.55,28.45,213735.93
2016-06-27,29.52,31.52,31.6,29.36,244717.47
2016-06-28,31.34,32.13,32.34,31.01,279707.74
2016-06-29,32.28,31.6,32.5,31.42,201883.63
2016-06-30,31.83,31.67,32.71,31.59,189609.25
2016-07-01,31.57,31.23,32.2,31.05,147321.69
2016-07-04,30.95,31.82,32.13,30.64,159722.84
2016-07-05,31.76,31.45,32.17,31.29,137420.86
2016-07-06,31.47,31.26,31.98,31.0,163341.99
2016-07-07,31.19,30.41,31.22,29.96,180317.2
2016-07-08,30.51,30.46,31.15,30.25,134573.4
2016-07-11,30.41,32.7,33.4,30.36,378161.82
2016-07-12,32.64,34.03,34.32,32.39,426676.27
2016-07-13,34.13,33.78,34.27,33.13,245222.26
2016-07-14,33.82,33.89,35.17,33.71,321238.16
2016-07-15,33.79,36.57,37.29,33.55,407634.64
2016-07-18,36.18,36.52,37.78,36.02,391698.37
2016-07-19,35.99,35.72,36.37,34.83,308452.14
2016-07-20,35.73,36.85,37.03,34.89,263086.21
2016-07-21,36.48,37.65,39.11,36.31,432823.54
2016-07-22,36.67,36.1,37.09,35.69,298411.6
2016-07-25,35.76,34.19,35.94,33.84,260675.01
2016-07-26,33.95,34.44,35.16,33.95,179545.86
2016-07-27,34.37,32.01,34.81,31.29,257187.93
2016-07-28,31.98,31.77,32.16,30.53,190777.19
2016-07-29,31.78,31.18,31.88,30.71,123488.48
2016-08-01,31.04,30.55,31.14,29.83,131899.52
2016-08-02,30.7,31.49,31.54,30.53,150576.28
2016-08-03,31.44,31.73,32.02,30.86,152624.45
2016-08-04,31.62,31.68,32.22,31.1,159693.25
2016-08-05,31.47,31.39,32.18,31.34,142383.04
2016-08-08,31.1,32.22,32.26,30.8,149171.67
2016-08-09,32.47,32.39,32.77,32.0,164200.11
2016-08-10,32.39,32.43,32.76,32.0,159919.72
2016-08-11,32.56,32.71,33.54,32.27,228903.64
2016-08-12,32.6,32.98,33.05,32.29,138037.73
2016-08-15,33.54,34.25,34.57,32.57,276345.72
2016-08-16,33.74,32.79,34.13,32.71,346328.41
2016-08-17,32.81,32.49,32.91,32.29,142163.09
2016-08-18,32.48,31.96,32.66,31.81,142223.96
2016-08-19,32.05,32.08,32.36,31.88,86634.17
2016-08-22,32.09,31.05,32.31,31.01,113860.39
2016-08-23,30.62,30.67,30.99,30.2,127640.46
2016-08-24,30.72,30.69,30.85,30.51,74848.27
2016-09-02,31.49,30.43,31.7,29.86,157931.77
2016-09-05,30.31,29.94,30.41,29.88,74974.87
2016-09-06,29.96,30.23,30.23,29.25,86076.77
2016-09-07,30.31,30.05,30.45,30.0,68609.13
2016-09-08,30.06,29.94,30.27,29.73,52650.02
2016-09-09,29.84,29.31,30.04,29.3,73119.04
2016-09-12,28.49,27.61,28.53,27.58,100114.93
2016-09-13,27.87,27.28,28.04,27.0,82496.7
2016-09-14,27.08,27.38,28.06,27.02,101608.44
2016-09-19,27.5,27.59,27.73,27.49,64638.0
2016-09-20,27.52,27.2,27.59,27.1,56271.93
2016-09-21,27.42,27.49,27.86,27.37,74530.28
2016-09-22,27.66,27.47,27.75,27.41,63792.26
2016-09-23,27.52,27.24,27.63,27.2,44936.85
2016-09-26,27.07,25.9,27.09,25.82,79440.32
2016-09-27,25.72,26.28,26.35,25.71,68277.64
2016-09-28,26.28,26.11,26.37,26.03,41487.33
2016-09-29,26.17,26.08,26.29,26.07,41506.0
2016-09-30,26.07,26.11,26.19,25.94,39541.33
2016-10-10,26.39,27.23,27.48,26.39,126281.1
2016-10-11,27.23,27.3,27.48,27.16,87093.64
2016-10-12,27.3,27.09,27.38,26.92,55652.46
2016-10-13,27.34,27.61,27.95,27.34,119845.87
2016-10-14,27.75,27.51,27.75,27.25,62505.05
2016-10-17,27.88,27.38,28.04,27.19,89287.23
2016-10-18,27.65,27.59,27.67,27.09,80663.92
2016-10-19,27.49,27.26,27.62,27.18,70467.54
2016-10-20,27.36,27.77,27.91,27.13,112139.54
2016-10-21,27.82,27.47,27.92,27.33,92226.59
2016-10-24,27.38,27.41,27.56,27.09,61607.01
2016-10-25,27.36,27.46,27.62,27.28,53658.37
2016-10-26,27.33,26.89,27.37,26.89,79071.54
2016-10-27,26.76,26.79,27.06,26.75,47967.23
2016-10-28,26.79,26.31,26.94,26.28,67204.17
2016-10-31,26.34,25.89,26.34,25.7,63174.83
2016-11-01,25.89,26.17,26.3,25.89,55282.72
2016-11-02,26.19,25.85,26.22,25.82,55382.69
2016-11-03,25.74,26.21,26.33,25.52,85622.47
2016-11-04,26.32,27.51,28.8,26.32,193317.44
2016-11-07,27.77,27.18,27.81,27.09,91451.28
2016-11-08,27.18,27.18,27.38,26.91,67744.15
2016-11-09,27.21,26.86,27.67,26.44,91059.16
2016-11-10,27.09,26.92,27.27,26.86,64766.61
2016-11-11,26.73,26.71,26.99,26.55,76181.94
2016-11-14,26.58,26.74,26.98,26.5,57078.93
2016-11-15,26.74,26.8,26.84,26.51,55284.51
2016-11-16,26.85,27.13,27.38,26.79,97299.21
2016-11-17,26.9,26.64,27.03,26.6,63786.92
2016-11-18,26.65,26.52,26.88,26.5,41717.47
2016-11-21,26.26,26.55,26.75,26.26,42772.41
2016-11-22,26.99,26.9,27.36,26.77,90675.31
2016-11-23,26.93,26.75,27.28,26.62,89256.02
2016-11-24,26.69,26.29,26.79,26.28,74262.92
2016-11-25,26.54,26.5,26.6,25.91,58652.76
2016-11-28,26.52,26.32,26.68,25.99,57782.91
2016-11-29,26.28,25.93,26.4,25.92,64385.89
2016-11-30,25.79,25.9,26.17,25.77,40650.14
2016-12-01,25.91,25.66,26.0,25.6,59670.65
2016-12-02,25.66,24.78,25.72,24.77,81727.51
2016-12-05,24.45,24.61,24.72,24.38,43466.97
2016-12-06,24.64,24.69,24.9,24.64,30418.29
2016-12-07,24.69,25.06,25.17,24.42,58222.46
2016-12-08,25.14,24.59,25.17,24.54,47975.21
2016-12-09,24.59,24.15,24.72,24.1,66112.24
2016-12-12,24.33,21.9,24.37,21.88,110927.09
2016-12-13,21.72,21.01,21.72,20.65,99222.95
2016-12-14,21.01,20.76,21.21,20.52,57618.07
2016-12-15,20.83,22.83,22.83,20.78,233783.69
2016-12-16,22.83,22.44,23.23,22.31,160112.25
2016-12-19,22.1,21.66,22.1,21.52,81158.76
2016-12-20,21.64,21.88,22.58,21.62,102856.78
2016-12-21,21.79,21.93,22.1,21.76,61728.74
2016-12-22,21.81,21.67,21.91,21.56,47323.95
2016-12-23,21.61,21.32,21.96,21.32,52093.22
2016-12-26,21.01,20.99,21.09,20.05,67595.45
2016-12-27,20.95,20.79,21.19,20.74,39211.32
2016-12-28,20.86,20.94,21.2,20.86,44282.47
2016-12-29,20.94,20.62,21.09,20.57,38308.53
2016-12-30,20.63,20.76,20.98,20.63,31682.16
2017-01-03,20.67,20.89,20.98,20.67,28286.87
2017-01-04,21.02,21.73,21.92,20.88,95127.92
2017-01-05,21.73,21.45,21.76,21.42,45567.81
2017-01-06,21.46,21.51,21.99,21.42,52770.5
2017-01-09,21.47,21.59,21.61,21.13,34981.82
2017-01-10,21.7,21.43,21.91,21.42,48768.72
2017-01-11,21.42,21.06,21.49,20.93,38632.49
2017-01-12,21.17,20.78,21.2,20.74,27064.35
2017-01-13,20.78,20.49,20.9,20.45,28897.13
2017-01-16,20.58,19.08,20.58,18.44,58416.92
2017-01-17,19.09,19.48,19.48,18.51,43638.64
2017-01-18,19.43,19.07,19.43,19.07,28406.65
2017-01-19,19.56,19.44,20.42,19.35,60848.29
2017-01-20,18.78,19.82,20.0,18.78,75935.58
2017-01-23,19.69,19.85,20.1,19.59,41536.31
2017-01-24,19.85,19.55,19.85,19.53,26097.04
2017-01-25,19.61,19.62,19.7,19.55,16681.28
2017-01-26,19.52,19.75,19.99,19.52,22998.68
2017-02-03,19.81,19.83,19.92,19.62,18160.05
2017-02-06,19.83,20.18,20.18,19.72,34175.89
2017-02-07,20.19,19.96,20.19,19.86,29095.34
2017-02-08,19.75,19.98,20.01,19.58,46628.64
2017-02-09,20.04,20.33,20.44,19.85,57021.01
2017-02-10,20.32,20.21,20.32,20.05,35856.72
2017-02-13,20.1,20.16,20.26,19.97,32161.78
2017-02-14,20.19,20.24,20.39,20.0,33992.9
2017-02-15,20.32,20.07,20.32,19.97,30604.97
2017-02-16,20.03,19.88,20.03,19.81,29154.4
2017-02-17,19.76,20.4,21.78,19.76,102747.07
2017-02-20,20.21,20.36,20.44,20.1,48457.23
2017-02-21,20.46,20.97,21.32,20.29,91223.58
2017-02-22,20.83,21.49,21.68,20.76,123296.08
2017-02-23,21.31,21.31,21.43,21.12,66820.25
2017-02-24,21.28,21.55,21.64,21.13,60251.32
2017-02-27,21.56,21.08,21.76,21.03,54791.42
2017-02-28,21.16,21.17,21.25,20.99,31492.45
2017-03-01,21.3,21.23,21.47,21.21,42120.38
2017-03-02,21.14,20.95,21.32,20.94,35727.85
2017-03-03,20.95,21.18,21.28,20.63,49203.21
2017-03-06,21.22,21.5,21.55,21.07,57173.29
2017-03-07,21.49,21.71,21.71,21.37,73805.96
2017-03-08,21.9,21.41,21.92,21.4,59128.77
2017-03-09,21.28,21.41,21.41,21.14,42103.37
2017-03-10,21.8,22.18,22.98,21.8,156769.48
2017-03-13,22.19,22.43,22.47,21.84,92817.66
2017-03-14,22.29,22.04,22.48,21.95,74552.94
2017-03-15,22.05,21.74,22.05,21.71,53853.4
2017-03-16,21.81,21.92,22.18,21.81,47547.98
2017-03-17,21.9,21.43,22.05,21.42,65930.0
2017-03-20,21.41,21.1,21.51,20.91,57840.49
2017-03-21,21.12,21.06,21.4,21.02,39654.22
2017-03-22,21.01,20.65,21.02,20.54,53031.03
2017-03-23,20.63,20.42,20.82,20.2,48226.58
2017-03-24,20.47,20.63,20.66,20.2,49069.69
2017-03-27,20.63,20.49,20.66,20.47,28656.83
2017-03-28,20.49,20.64,20.7,20.36,28994.9
2017-03-29,20.7,20.35,20.83,20.35,29210.63
2017-03-30,20.19,19.47,20.19,18.59,63016.1
2017-03-31,19.54,19.34,19.66,19.08,32142.09
2017-04-05,19.31,19.72,19.81,19.28,35286.15
2017-04-06,19.81,19.78,19.91,19.66,29270.87
2017-04-07,19.78,19.63,19.78,19.48,28536.48
2017-04-10,19.75,19.17,19.75,19.1,42584.85
2017-04-11,19.23,19.46,19.5,19.2,34772.32
2017-04-12,19.46,19.7,19.74,19.19,46314.2
2017-04-13,19.75,19.79,20.04,19.72,43831.71
2017-04-14,19.66,19.3,19.72,19.26,35297.35
2017-04-17,19.07,19.16,19.25,18.89,30576.17
2017-04-18,19.09,18.7,19.24,18.63,30753.19
2017-04-19,18.67,18.24,18.68,18.04,39483.26
2017-04-20,18.23,18.17,18.34,18.04,22396.03
2017-04-21,18.13,18.08,18.27,18.06,18407.63
2017-04-24,17.99,17.26,18.09,17.26,38784.35
2017-04-25,17.26,17.23,17.46,17.19,23050.32
2017-04-26,17.34,17.44,17.6,17.29,25112.48
2017-04-27,17.44,17.45,17.5,16.79,39665.76
2017-04-28,17.51,17.58,17.69,17.41,25746.5
2017-05-02,17.59,17.53,17.7,17.48,19785.53
2017-05-03,17.58,18.69,19.25,17.45,102108.31
2017-05-04,18.69,18.46,19.12,18.41,67639.2
2017-05-05,18.3,18.28,18.46,18.14,38485.01
2017-05-08,18.29,17.66,18.35,17.66,36165.5
2017-05-09,17.66,17.38,17.79,17.01,37146.51
2017-05-10,17.5,16.83,17.63,16.82,38137.03
2017-05-11,16.81,16.35,16.81,15.92,49420.5
2017-05-12,16.33,16.51,16.78,16.23,30124.25
2017-05-15,16.87,16.73,17.23,16.69,39512.9
2017-05-16,16.6,16.88,16.88,16.13,47015.7
2017-05-17,16.83,16.94,17.16,16.77,49192.49
2017-05-18,16.69,16.84,17.11,16.56,36710.73
2017-05-19,16.84,16.85,17.02,16.56,31300.21
2017-05-22,16.82,16.36,16.87,16.29,31088.01
2017-05-23,16.39,15.93,16.66,15.88,36149.99
2017-05-24,15.63,15.76,15.87,15.25,31559.36
2017-05-25,15.75,15.78,15.87,15.39,33300.03
2017-05-26,16.19,16.19,16.9,16.17,66690.12
2017-05-31,16.26,16.09,16.35,16.07,38079.02
2017-06-01,16.06,16.5,16.61,15.8,82656.76
2017-06-02,15.71,15.6,15.76,14.85,85500.78
2017-06-05,15.61,15.65,15.73,15.35,35373.21
2017-06-06,15.58,15.7,15.74,15.5,23425.8
2017-06-07,15.73,16.11,16.12,15.64,48862.92
2017-06-08,16.48,16.02,16.65,15.98,71566.22
2017-06-09,15.88,16.02,16.12,15.83,38939.64
2017-06-12,15.92,15.71,15.92,15.69,32940.24
2017-06-13,15.73,15.9,16.01,15.73,29484.99
2017-06-14,15.91,15.92,16.14,15.85,30698.43
2017-06-15,15.93,16.36,16.55,15.92,80744.2
2017-06-16,16.52,16.25,16.54,16.1,52130.66
2017-06-19,16.35,16.73,16.82,16.35,84190.71
2017-06-20,16.79,16.58,16.83,16.54,52501.79
2017-06-21,16.65,16.48,16.69,16.32,40189.76
2017-06-22,16.48,16.12,16.69,16.07,42726.96
2017-06-23,16.12,15.97,16.13,15.72,42354.22
2017-06-26,15.99,16.31,16.35,15.93,40434.57
2017-06-27,16.31,16.34,16.47,16.26,33992.51
2017-06-28,16.4,16.44,16.7,16.38,54831.39
2017-06-29,16.43,16.45,16.59,16.26,37709.99
2017-06-30,16.35,16.36,16.43,16.2,24353.15
2017-07-03,16.35,16.56,16.62,16.26,37466.7
2017-07-04,16.56,16.39,16.57,16.28,33794.4
2017-12-15,17.15,14.99,17.38,14.87,229536.77
2017-12-18,14.13,13.49,14.27,13.49,134856.75
2017-12-19,13.15,13.03,13.28,12.82,90854.4
2017-12-20,12.99,13.03,13.4,12.94,60979.82
2017-12-21,13.04,12.48,13.08,12.3,86137.94
2017-12-22,12.41,12.25,12.52,12.16,62958.95
2017-12-25,12.22,11.6,12.22,11.59,86463.58
2017-12-26,11.66,11.74,11.85,11.61,52063.2
2017-12-27,11.84,11.43,11.84,11.32,56539.47
2017-12-28,11.43,11.42,11.65,11.37,55525.68
2017-12-29,11.46,11.51,11.54,11.39,46322.15
2018-01-02,11.57,11.7,11.75,11.57,55237.77
2018-01-03,11.74,11.79,11.82,11.63,68415.74
2018-01-04,11.82,11.87,11.88,11.69,69000.49
2018-01-05,11.85,12.13,12.62,11.83,110364.07
2018-01-08,12.03,11.9,12.05,11.85,59105.28
2018-01-09,11.95,11.83,11.95,11.78,41946.55
2018-01-10,11.82,11.78,11.82,11.57,48778.55
2018-01-11,11.78,12.19,12.39,11.61,104890.06
2018-01-12,12.1,12.05,12.39,12.05,68919.65
2018-01-15,12.03,11.56,12.03,11.45,61283.9
2018-01-16,11.61,11.66,11.66,11.51,33435.58
2018-01-17,11.63,11.46,11.63,11.19,54268.43
2018-01-18,11.51,11.48,11.58,11.41,30674.63
2018-01-19,11.44,11.47,11.5,11.27,40664.99
2018-01-22,11.36,11.77,11.99,11.14,82964.7
2018-01-23,11.73,11.62,11.77,11.56,46772.42
2018-01-24,11.65,11.8,11.86,11.51,59155.96
2018-01-25,11.84,11.68,11.98,11.66,56906.33
2018-01-26,11.61,11.65,11.74,11.48,37106.48
2018-01-29,11.65,11.59,11.79,11.49,42543.06
2018-01-30,11.54,11.41,11.65,11.38,41075.08
2018-01-31,11.4,10.48,11.4,10.45,82712.96
2018-02-01,10.48,9.7,10.56,9.7,85956.48
2018-02-02,9.55,9.67,9.87,9.35,44824.09
2018-02-05,9.44,9.69,9.87,9.34,38818.32
2018-02-06,9.46,8.82,9.62,8.82,49062.3
2018-02-07,9.12,8.94,9.21,8.63,40365.02
2018-02-08,8.93,9.15,9.23,8.88,45127.1
2018-02-09,8.92,8.75,8.98,8.66,53100.01
2018-02-12,8.8,9.11,9.17,8.8,39530.74
2018-02-13,9.11,9.1,9.39,9.09,38716.1
2018-02-14,9.01,9.3,9.34,9.0,31308.06
2018-02-22,9.48,9.42,9.55,9.32,34994.55
2018-02-23,9.44,9.66,9.78,9.35,48529.68
2018-02-26,9.68,9.87,9.9,9.5,68830.44
2018-02-27,9.93,9.88,10.04,9.81,68034.53
2018-02-28,9.73,9.93,10.19,9.66,68401.69
2018-03-01,9.8,10.58,10.73,9.75,137390.45
2018-03-02,10.47,10.31,10.67,10.29,98516.29
2018-03-05,10.31,10.83,10.89,10.31,119325.8
2018-03-06,10.85,11.2,11.26,10.74,147610.76
2018-03-07,11.06,11.05,11.13,10.89,93006.09
2018-03-15,10.58,10.18,10.63,9.96,135062.11
2018-03-16,10.16,11.2,11.2,10.14,137978.35
2018-03-19,11.48,12.32,12.32,11.41,386372.67
2018-03-20,12.32,13.55,13.55,11.95,358350.72
2018-03-21,14.5,14.9,14.9,14.16,439976.69
2018-03-22,15.19,16.39,16.39,14.91,589863.67
2018-03-23,16.07,16.45,17.8,15.19,774084.05
2018-03-26,15.73,16.25,16.44,14.8,512902.59
2018-03-27,16.64,17.02,17.61,16.19,680041.95
2018-03-28,16.35,15.31,16.75,15.31,533168.38
2018-03-29,15.16,15.5,16.12,14.94,392684.42
2018-03-30,15.86,16.21,16.62,15.59,531977.46
2018-04-02,15.99,16.84,17.61,15.77,592162.68
2018-04-03,16.07,16.14,16.24,15.32,403220.95
2018-04-04,16.16,15.73,16.61,15.41,273895.72
2018-04-09,15.36,14.88,15.68,14.53,279556.31
2018-04-10,14.99,15.33,15.33,14.56,290237.48
2018-04-11,15.23,16.07,16.21,14.97,416739.52
2018-04-12,15.68,15.77,15.94,15.33,302105.5
2018-04-13,15.9,16.01,16.34,15.7,398376.65
2018-04-16,15.48,16.5,16.65,15.28,407882.22
2018-04-17,16.52,15.43,16.64,15.42,323928.18
2018-04-18,15.28,14.97,15.5,13.92,315774.89
2018-04-19,14.75,15.07,15.61,14.75,234354.86
2018-04-20,14.83,14.1,15.29,13.98,206769.07
2018-04-23,13.73,13.38,14.33,13.15,219957.35
2018-04-24,13.63,14.11,14.18,13.49,203293.09
2018-04-25,14.22,15.52,15.52,14.22,414304.04
2018-04-26,15.95,15.21,16.51,15.09,505716.76
2018-04-27,16.06,15.62,16.59,15.31,304575.98
2018-05-02,15.48,15.34,16.04,15.05,254914.6
2018-05-03,15.31,15.16,15.37,14.22,264391.3
2018-05-04,14.9,14.76,15.4,14.76,180470.55
2018-05-07,14.76,15.09,15.25,14.6,185565.87
2018-05-08,14.94,15.23,15.33,14.63,219114.09
2018-05-09,14.94,14.77,15.09,14.63,164225.88
2018-05-10,14.8,14.4,14.89,14.28,152291.23
2018-05-11,14.51,14.46,14.74,14.36,106110.88
2018-05-14,14.52,13.8,14.6,13.68,162107.84
2018-05-15,13.85,14.15,14.18,13.79,115418.4
2018-05-16,14.19,13.92,14.22,13.72,96183.97
2018-05-17,13.94,13.73,14.03,13.72,98132.48
2018-05-18,13.71,13.83,13.91,13.47,111668.4
2018-05-21,14.05,14.15,14.18,13.89,120944.42
2018-05-22,14.17,14.01,14.22,13.81,99664.66
2018-05-23,13.25,13.14,13.42,12.64,228103.6
2018-05-24,13.13,12.77,13.23,12.75,124299.49
2018-05-25,12.77,12.28,12.91,12.25,142088.11
2018-05-28,12.45,12.32,12.58,12.23,83191.28
2018-05-29,12.28,12.36,12.82,12.12,115542.77
2018-05-30,12.06,11.57,12.11,11.46,116710.86
2018-05-31,11.83,12.01,12.12,11.71,106887.58
2018-06-01,11.95,11.91,12.31,11.84,90960.71
2018-06-04,12.01,11.84,12.08,11.73,61041.84
2018-06-05,11.99,12.18,12.18,11.87,101718.68
2018-06-06,11.98,12.06,12.1,11.8,100263.66
2018-06-07,12.11,12.05,12.34,11.91,115865.79
2018-06-08,12.11,11.75,12.11,11.49,96563.58
2018-06-11,11.7,11.65,11.86,11.54,48586.0
2018-06-12,11.64,11.97,11.98,11.31,105724.3
2018-06-13,11.97,11.37,11.98,11.37,92842.04
2018-06-14,11.33,11.24,11.58,11.16,74519.38
2018-06-15,11.28,10.71,11.36,10.63,87055.88
2018-06-19,10.65,9.64,10.65,9.64,116591.02
2018-06-20,9.5,9.82,9.94,9.5,94470.13
2018-06-21,9.81,9.48,9.9,9.38,78548.41
2018-06-22,9.49,9.93,9.97,9.28,104019.27
2018-06-25,10.02,9.63,10.04,9.59,99143.14
2018-06-26,9.62,10.59,10.59,9.51,98881.53
2018-06-27,11.44,11.65,11.65,11.3,109256.5
2018-06-28,12.18,11.86,12.75,11.72,443887.77
2018-06-29,11.74,13.04,13.04,11.51,431330.85
2018-07-02,12.77,12.49,13.15,12.19,379227.84
2018-07-03,12.38,12.89,13.37,11.77,387271.91
2018-07-04,12.38,11.88,12.49,11.79,249949.84
2018-07-05,11.99,12.12,12.73,11.7,307563.0
2018-07-06,11.94,12.74,13.33,11.94,450935.6
2018-07-09,12.57,13.42,13.71,12.47,422551.71
2018-07-10,13.15,13.22,13.41,13.04,249716.61
2018-07-11,12.87,13.27,13.51,12.68,322724.84
2018-07-12,13.06,13.41,13.74,13.06,326955.81
2018-07-13,13.37,12.98,13.44,12.89,227412.83
2018-07-16,13.17,13.34,13.54,12.93,243188.99
2018-07-17,13.27,12.97,13.27,12.73,198774.59
2018-07-18,12.91,12.38,13.02,12.38,217819.65
2018-07-19,12.41,12.46,12.63,12.38,144975.84
2018-07-20,12.53,12.67,12.86,12.03,249190.12
2018-07-23,12.56,12.98,13.04,12.47,233952.63
2018-07-24,12.98,12.88,13.02,12.69,181076.03
2018-07-25,12.85,13.14,13.44,12.79,299363.3
2018-07-26,13.09,12.47,13.09,12.43,230294.67
2018-07-27,12.46,12.11,12.46,12.1,121284.31
2018-07-30,12.09,12.17,12.28,11.9,84085.9
2018-07-31,12.08,11.62,12.22,11.33,135049.31
2018-08-01,11.62,11.49,11.93,11.46,90883.57
2018-08-02,11.35,11.01,11.39,10.68,123274.12
2018-08-03,11.03,10.94,11.22,10.91,71899.65
2018-08-06,10.82,10.96,11.15,10.79,70327.6
2018-08-07,11.05,11.48,11.53,10.96,136210.15
2018-08-08,11.39,11.12,11.52,11.06,99180.47
2018-08-09,11.12,11.65,11.88,11.02,173831.32
2018-08-10,11.54,11.81,11.87,11.48,143135.94
2018-08-13,11.59,12.41,12.54,11.49,220310.55
2018-08-14,12.26,12.09,12.34,11.94,155008.11
2018-08-15,11.99,11.86,12.23,11.74,109373.82
2018-08-16,11.77,11.75,12.11,11.52,112681.96
2018-08-17,11.9,11.4,12.05,11.32,114526.96
2018-08-20,11.07,11.7,11.75,11.07,103658.73
2018-08-21,11.66,11.69,11.87,11.54,90993.62
2018-08-22,11.67,11.59,12.0,11.59,96383.02
2018-08-23,11.6,11.74,11.93,11.34,115576.29
2018-08-24,11.72,11.56,11.82,11.52,84596.74
2018-08-27,11.61,12.14,12.25,11.61,168314.99
2018-08-28,12.09,12.19,12.51,12.02,158693.0
2018-08-29,12.28,12.08,12.29,11.89,118571.0
2018-08-30,11.92,11.61,12.05,11.55,126698.89
2018-08-31,11.54,11.56,11.77,11.49,74603.0
2018-09-03,11.57,11.4,11.64,11.01,113528.42
2018-09-04,11.35,11.87,12.01,11.32,134772.12
2018-09-05,11.81,11.53,11.89,11.53,97346.61
2018-09-06,11.39,11.69,11.93,11.36,107671.27
2018-09-07,11.71,11.82,12.14,11.49,167202.48
2018-09-10,11.74,11.38,11.77,11.36,107515.33
2018-09-11,11.44,11.43,11.61,11.28,62795.73
2018-09-12,11.47,11.33,11.53,11.29,63560.94
2018-09-13,11.47,11.53,11.57,11.36,70534.02
2018-09-14,11.53,11.06,11.57,11.0,98017.37
2018-09-17,10.94,11.01,11.14,10.9,43889.51
2018-09-18,10.93,11.22,11.22,10.88,60353.2
2018-09-19,11.24,11.27,11.36,11.11,68253.76
2018-09-20,11.24,11.14,11.34,11.11,49073.49
2018-09-21,11.26,11.26,11.29,11.08,48335.01
2018-09-25,11.22,11.34,11.52,11.16,61342.26
2018-09-26,11.3,11.34,11.4,11.23,52544.83
2018-09-27,11.27,10.93,11.29,10.9,74764.49
2018-09-28,10.95,11.0,11.07,10.9,32356.61
2018-10-08,10.8,10.61,10.8,10.59,51150.86
2018-10-09,10.62,10.7,10.8,10.53,34149.83
2018-10-10,10.61,10.84,10.99,10.61,50010.8
2018-10-11,10.31,9.76,10.44,9.76,88281.01
2018-10-12,9.75,9.82,9.91,9.04,92115.86
2018-10-15,9.79,9.69,9.99,9.68,44937.06
2018-10-16,9.73,9.53,9.85,9.43,39404.74
2018-10-17,9.59,9.84,9.86,9.55,61097.08
2018-10-18,9.72,9.62,9.82,9.56,50181.68
2018-10-19,9.43,9.87,9.97,9.25,72398.5
2018-10-22,9.99,10.31,10.5,9.99,96817.62
2018-10-23,10.29,10.06,10.31,9.97,66600.85
2018-10-24,10.1,9.91,10.2,9.87,61739.87
2018-10-25,9.53,9.65,9.75,9.25,78175.78
2018-10-26,9.74,9.64,9.85,9.58,52774.7
2018-10-29,9.62,9.63,9.76,9.53,46300.13
2018-10-30,9.7,9.69,9.71,9.35,58192.94
2018-10-31,9.7,9.75,9.85,9.67,66063.69
2018-11-01,9.88,9.93,10.24,9.88,113183.06
2018-11-02,10.17,10.17,10.22,9.99,110628.42
2018-11-05,10.16,10.45,10.76,10.0,155406.49
2018-11-06,10.39,10.76,10.76,10.17,159365.09
2018-11-07,10.75,10.46,10.77,10.45,137066.04
2018-11-08,10.47,10.34,10.65,10.29,92843.53
2018-11-09,10.31,10.52,10.54,10.17,91666.2
2018-11-12,10.45,10.71,10.75,10.39,116160.66
2018-11-13,10.51,10.68,10.83,10.48,144349.36
2018-11-14,10.63,10.61,10.77,10.57,117520.97
2018-11-15,10.8,11.07,11.16,10.72,230123.68
2018-11-16,11.35,11.25,11.54,10.96,244494.04
2018-11-19,11.21,11.11,11.29,10.93,130122.1
2018-11-20,10.94,11.14,11.49,10.93,175666.28
2018-11-21,10.91,11.11,11.3,10.8,153166.94
2018-11-22,11.07,10.99,11.28,10.93,113972.2
2018-11-23,10.93,10.12,10.93,10.06,156861.76
2018-11-26,10.12,10.14,10.25,10.02,65080.57
2018-11-27,10.29,10.53,10.57,10.29,124066.74
2018-11-28,10.47,10.61,10.71,10.3,125466.09
2018-11-29,10.59,10.11,10.64,10.07,106566.45
2018-11-30,10.11,10.12,10.24,9.89,82691.45
2018-12-03,10.46,10.42,10.55,10.35,109789.6
2018-12-04,10.36,10.5,10.54,10.35,80675.55
2018-12-05,10.3,10.31,10.44,10.18,67181.23
2018-12-06,10.22,10.02,10.26,9.98,79697.92
2018-12-07,10.17,10.03,10.23,10.02,51882.0
2018-12-10,9.93,9.94,10.0,9.83,54427.44
2018-12-11,9.96,10.0,10.04,9.88,46813.95
2018-12-12,10.07,9.97,10.1,9.92,38850.8
2018-12-13,9.82,9.69,9.82,9.53,154717.06
2018-12-14,9.64,9.34,9.67,9.3,92798.27
2018-12-17,9.33,9.32,9.36,9.15,58755.5
2018-12-18,9.18,9.41,9.41,9.17,55504.18
2018-12-19,9.41,9.24,9.43,9.24,40284.72
2018-12-20,9.21,9.36,9.41,9.2,60965.47
2018-12-21,9.27,9.36,9.46,9.26,48472.08
2018-12-24,9.36,9.46,9.48,9.33,51918.52
2018-12-25,9.35,9.33,9.38,9.07,76006.58
2018-12-26,9.3,9.39,9.45,9.25,52142.32
2018-12-27,9.52,9.2,9.61,9.17,62708.45
2018-12-28,9.28,9.17,9.3,9.14,42741.72
2019-01-02,9.19,9.28,9.3,9.16,37371.26
2019-01-03,9.28,9.34,9.46,9.2,67886.25
2019-01-04,9.23,9.64,9.72,9.2,120182.44
2019-01-07,9.72,9.82,9.87,9.58,131512.88
2019-01-08,9.77,9.64,9.79,9.63,78143.18
2019-01-09,9.65,9.6,9.79,9.59,90945.35
2019-01-10,9.51,9.29,9.51,9.24,132737.22
2019-01-11,9.31,9.33,9.4,9.28,67305.0
2019-01-14,9.33,9.17,9.36,9.13,85889.85
2019-01-15,9.22,10.09,10.09,9.2,209804.47
2019-01-16,10.47,11.1,11.1,10.33,365237.08
2019-01-17,10.8,11.2,12.17,10.67,714261.26
2019-01-18,10.99,10.75,11.45,10.58,426579.96
2019-01-21,10.67,10.53,10.74,10.42,310339.92
2019-01-22,10.53,10.38,10.64,10.36,209441.51
2019-01-23,10.31,10.51,10.53,10.25,206608.62
2019-01-24,10.51,10.47,10.67,10.39,233669.84
2019-01-25,10.62,10.25,10.71,10.22,239751.25
2019-01-28,10.29,10.15,10.39,10.11,140917.45
2019-01-29,10.1,9.87,10.27,9.73,158808.61
2019-01-30,9.7,9.43,9.71,9.4,142246.53
2019-01-31,8.98,8.81,9.07,8.64,223891.35
2019-02-01,8.84,9.07,9.09,8.84,109488.76
2019-02-11,9.16,9.38,9.46,9.08,121841.15
2019-02-12,9.38,9.52,9.62,9.35,117752.02
2019-02-13,9.51,9.74,9.79,9.42,173341.07
2019-02-14,9.8,9.78,9.96,9.7,155352.1
2019-02-15,9.7,10.15,10.71,9.66,258070.56
2019-02-18,10.43,10.73,10.8,10.2,290853.21
2019-02-19,10.94,11.0,11.04,10.58,360706.83
2019-02-20,11.1,10.72,11.1,10.51,295363.43
2019-02-21,10.55,10.5,10.82,10.42,283816.53
2019-02-22,10.54,10.81,10.95,10.54,296005.95
2019-02-25,11.42,11.63,11.65,10.97,457995.41
2019-02-26,11.63,11.29,11.77,11.28,392525.56
2019-02-27,11.29,11.57,11.95,11.25,415489.81
2019-02-28,11.39,11.35,11.73,11.1,242621.8
2019-03-01,11.38,11.4,11.54,11.17,190583.32
2019-03-04,11.54,11.74,11.98,11.54,388911.85
2019-03-05,11.56,12.62,12.88,11.55,489687.59
2019-03-06,12.53,13.09,13.12,12.33,486496.68
2019-03-07,13.06,13.28,13.73,12.78,486984.23
2019-03-08,12.77,13.06,14.52,12.52,525179.63
2019-03-11,13.77,13.83,14.24,13.28,413539.82
2019-03-12,13.88,14.54,14.71,13.57,480118.17
2019-03-13,15.32,13.78,15.32,13.53,524245.42
2019-03-14,13.33,12.99,13.63,12.63,354321.13
2019-03-15,13.17,13.07,13.35,12.78,279950.32
2019-03-18,13.09,13.31,13.36,12.98,228931.72
2019-03-19,13.55,13.59,13.8,13.26,267882.19
2019-03-20,13.56,13.37,13.56,12.98,235994.0
2019-03-21,13.35,13.69,13.86,13.26,315274.89
2019-03-22,13.78,13.84,13.93,13.27,267954.19
2019-03-25,13.26,13.34,13.71,13.16,230459.32
2019-03-26,13.34,12.96,13.59,12.92,223781.79
2019-03-27,12.91,12.7,13.11,12.47,195312.37
2019-03-28,13.36,12.74,13.51,12.73,341319.0
2019-03-29,12.4,12.9,12.96,11.98,327758.37
2019-04-01,12.96,13.55,13.6,12.95,304633.73
2019-04-02,13.51,13.67,14.0,13.45,360915.37
2019-04-03,13.47,13.69,13.87,13.46,199152.27
2019-04-04,13.66,13.84,14.2,13.49,266749.02
2019-04-08,13.57,12.99,13.65,12.57,375080.39
2019-04-09,12.87,13.02,13.28,12.79,151159.24
2019-04-10,12.96,12.82,12.97,12.65,142703.46
2019-04-11,12.82,12.64,12.93,12.62,123564.67
2019-04-12,12.64,12.65,12.79,12.51,100914.01
2019-04-15,12.97,12.87,13.57,12.84,250864.12
2019-04-16,12.67,13.21,13.24,12.58,222196.93
2019-04-17,13.21,13.07,13.31,12.98,166044.2
2019-04-18,13.06,12.84,13.11,12.77,137656.0
2019-04-19,12.85,13.06,13.06,12.67,132068.11
2019-04-22,13.17,12.72,13.17,12.61,144063.67
2019-04-23,12.65,12.76,12.9,12.27,164920.98
2019-04-24,12.67,13.42,13.54,12.47,304749.44
2019-04-25,13.2,12.62,13.34,12.61,216245.8
2019-04-26,12.45,13.35,13.59,12.38,383084.76
2019-04-29,13.35,13.14,13.56,12.97,367920.48
2019-04-30,12.67,12.08,12.67,11.83,302116.24
2019-05-06,11.39,10.87,11.57,10.87,180645.41
2019-05-07,10.84,10.77,11.0,10.46,138980.88
2019-05-08,10.41,10.7,11.06,10.22,109877.23
2019-05-09,10.67,10.58,10.91,10.54,88130.98
2019-05-10,10.71,11.07,11.14,10.49,147619.21
2019-05-13,10.91,10.92,11.05,10.8,91464.82
2019-05-14,10.8,10.8,11.03,10.71,82799.41
2019-05-15,10.82,10.96,10.99,10.81,82974.73
2019-05-16,10.93,10.98,11.12,10.86,93556.19
2019-05-17,11.79,11.63,12.08,11.56,398151.2
2019-05-20,11.71,11.6,12.07,11.45,388057.62
2019-05-21,11.25,11.46,11.68,11.0,244372.14
2019-05-22,11.51,11.86,12.13,11.51,253206.04
2019-05-23,11.92,11.34,11.93,11.3,179296.18
2019-05-24,11.11,11.12,11.42,11.05,111135.04
2019-05-27,11.29,11.61,11.67,11.07,140251.78
2019-05-28,11.79,11.71,12.06,11.61,199415.93
2019-05-29,11.64,11.74,11.95,11.54,132775.25
2019-05-30,11.74,11.53,11.74,11.4,112696.45
2019-05-31,11.49,11.3,11.74,11.27,117222.12
2019-06-03,11.35,11.08,11.45,10.95,111260.02
2019-06-04,11.1,11.05,11.22,10.91,77986.73
2019-06-05,11.22,11.05,11.28,10.97,69428.99
2019-06-06,11.01,10.6,11.08,10.51,98890.4
2019-06-10,10.75,11.07,11.66,10.64,113247.0
2019-06-11,11.11,11.6,11.65,10.98,167425.1
2019-06-12,11.49,11.44,11.63,11.33,136439.76
2019-06-13,11.37,11.62,11.75,11.33,143784.46
2019-06-14,11.81,11.28,11.9,11.25,106766.56
2019-06-17,11.33,11.63,11.8,11.26,148143.1
2019-06-18,11.62,11.52,11.76,11.42,93830.84
2019-06-19,11.82,11.7,11.96,11.65,174710.54
2019-06-20,11.67,11.86,11.94,11.61,146761.64
2019-06-21,11.86,11.92,12.02,11.75,152440.21
2019-06-24,11.91,11.74,12.09,11.67,122867.0
2019-06-25,11.71,11.62,11.85,11.48,120800.0
2019-06-26,11.5,11.46,11.64,11.46,68839.0
2019-06-27,11.51,11.68,11.9,11.4,162015.19
2019-06-28,11.54,11.21,11.59,11.13,145375.78
2019-07-01,11.37,11.84,11.85,11.35,205766.73
2019-07-02,11.76,11.58,11.78,11.54,133871.72
2019-07-03,11.55,11.21,11.6,11.14,151651.43
2019-07-04,11.22,11.03,11.27,10.88,107692.51
2019-07-05,11.05,11.09,11.16,11.01,59549.0
2019-07-08,11.09,10.69,11.09,10.6,93183.91
2019-07-09,10.29,10.49,10.59,10.25,86663.46
2019-07-10,10.49,10.4,10.57,10.36,44622.0
2019-07-11,10.44,10.34,10.55,10.31,43560.0
2019-07-12,10.36,10.28,10.42,10.2,52265.0
2019-07-15,10.33,10.61,10.61,10.2,78017.49
2019-07-16,10.53,10.53,10.66,10.45,42747.0
2019-07-17,10.47,10.64,10.77,10.44,69393.17
2019-07-18,10.57,10.36,10.6,10.36,47032.76
2019-07-19,10.42,10.37,10.59,10.37,33552.0
2019-07-22,10.43,10.09,10.44,9.34,69691.0
2019-07-23,10.06,10.13,10.16,10.0,43931.0
2019-07-24,10.12,10.59,10.64,10.12,112187.75
2019-07-25,10.49,10.6,10.69,10.46,97278.0
2019-07-26,10.61,10.68,11.05,10.33,190601.92
2019-07-29,10.55,10.4,10.57,10.36,99403.75
2019-07-30,10.49,10.41,10.57,10.36,59024.92
2019-07-31,10.41,10.28,10.41,10.25,49998.75
2019-08-01,10.2,10.29,10.35,10.16,42127.09
2019-08-02,10.02,10.1,10.12,9.85,65458.33
2019-08-05,10.03,9.99,10.24,9.96,54331.09
2019-08-06,9.83,9.66,9.84,9.39,88317.18
2019-08-07,9.68,9.65,9.86,9.65,51429.9
2019-08-08,9.7,9.7,9.81,9.67,34324.9
2019-08-09,9.8,9.49,9.8,9.36,47844.01
2019-08-12,9.51,9.69,9.7,9.45,43323.2
2019-08-13,9.6,9.52,9.66,9.5,40988.81
2019-08-14,9.68,9.63,9.74,9.62,49748.2
2019-08-15,9.31,9.69,9.72,9.31,58214.43
2019-08-16,9.68,9.8,10.06,9.6,83534.82
2019-08-19,10.12,10.34,10.4,10.05,158861.77
2019-08-20,10.34,10.36,10.59,10.27,151946.0
2019-08-21,10.33,10.48,10.57,10.2,138568.75
2019-08-22,10.54,10.47,10.59,10.31,89623.0
2019-08-23,10.77,10.51,10.89,10.46,161567.19
2019-08-26,10.21,10.39,10.53,10.15,116689.17
2019-08-27,10.42,10.55,10.68,10.36,134446.19
2019-08-28,10.52,10.56,10.69,10.42,111432.81
2019-08-29,10.56,10.65,10.74,10.45,130752.06
2019-08-30,10.65,10.29,10.75,10.21,127269.23
2019-09-02,10.18,11.33,11.33,10.18,303203.96
2019-09-03,11.5,11.45,11.59,11.16,403631.29
2019-09-04,11.29,11.42,11.67,11.28,235034.63
2019-09-05,11.62,11.51,11.86,11.46,326519.99
2019-09-06,11.68,11.66,11.89,11.5,223003.32
2019-09-09,11.77,12.38,12.61,11.77,382598.24
2019-09-10,12.44,12.55,12.78,12.23,326856.76
2019-09-11,12.74,12.29,12.74,12.21,208348.58
2019-09-12,12.56,12.29,12.56,12.14,144256.12
2019-09-16,12.34,12.81,13.14,12.3,343354.07
2019-09-17,12.68,11.98,12.68,11.83,306132.37
2019-09-18,12.14,11.91,12.16,11.87,150759.74
2019-09-19,12.0,12.08,12.13,11.75,130372.02
2019-09-20,12.17,12.04,12.25,11.91,118182.56
2019-09-23,12.06,11.92,12.06,11.66,167270.01
2019-09-24,11.92,12.17,12.34,11.83,193653.98
2019-09-25,12.18,12.33,12.46,11.92,241405.78
2019-09-26,12.45,11.72,12.51,11.68,211159.35
2019-09-27,11.72,12.44,12.75,11.68,254416.04
2019-09-30,12.4,12.37,12.68,12.16,157893.44
2019-10-08,12.41,12.79,12.94,12.27,275539.79
2019-10-09,12.52,12.23,12.57,11.87,280836.56
2019-10-10,12.09,12.22,12.27,11.92,148964.68
2019-10-11,12.14,11.9,12.21,11.88,143559.23
2019-10-14,12.05,12.73,12.99,11.95,357934.24
2019-10-15,12.7,12.6,12.84,12.39,281425.02
2019-10-16,12.87,12.52,13.06,12.5,250637.9
2019-10-17,12.6,12.74,13.05,12.51,262935.29
2019-10-18,12.7,11.52,12.76,11.47,390981.83
2019-10-21,11.52,11.25,11.52,11.08,156798.41
2019-10-22,11.8,12.37,12.37,11.73,218421.7
2019-10-23,12.89,13.21,13.59,12.7,745566.83
2019-10-24,13.2,13.14,13.33,12.88,463318.95
2019-10-25,13.25,13.22,13.41,12.94,397319.84
2019-10-28,14.08,14.54,14.54,13.84,658150.96
2019-10-29,15.07,15.07,15.99,14.83,704855.69
2019-10-30,15.82,13.9,16.03,13.56,989991.23
2019-10-31,13.9,13.3,14.15,13.27,574406.79
2019-11-01,13.21,13.13,13.44,12.94,367033.98
2019-11-04,13.13,13.13,13.44,12.97,316812.73
2019-11-05,13.35,13.26,13.65,13.18,366609.12
2019-11-06,13.12,12.86,13.31,12.73,284802.17
2019-11-07,12.96,13.27,13.33,12.82,277657.72
2019-11-08,13.39,12.9,13.51,12.89,275266.62
2019-11-11,12.92,12.49,12.92,12.38,226238.84
2019-11-12,12.52,12.61,12.62,12.2,174270.45
2019-11-13,12.62,12.51,12.65,12.31,136210.74
2019-11-14,12.53,12.56,12.68,12.3,167838.49
2019-11-15,12.47,12.17,12.53,12.16,176791.14
2019-11-18,12.21,12.25,12.56,12.16,207706.9
2019-11-19,12.33,12.8,12.88,12.22,285588.26
2019-11-20,12.71,12.56,12.88,12.52,203309.31
2019-11-21,12.46,12.71,12.81,12.4,153544.13
2019-11-22,12.69,12.28,12.76,12.17,223680.37
2019-11-25,12.29,11.9,12.36,11.75,153431.73
2019-11-26,11.88,11.86,12.05,11.84,91787.13
2019-11-27,11.92,11.96,12.06,11.86,100906.88
2019-11-28,11.97,11.87,12.03,11.81,85475.7
2019-11-29,11.86,11.94,12.0,11.77,87806.76
2019-12-02,12.01,12.24,12.36,11.96,156043.08
2019-12-03,12.11,12.4,12.41,12.06,122559.0
2019-12-04,12.26,12.24,12.35,12.16,100261.58
2019-12-05,12.31,12.41,12.48,12.18,138837.84
2019-12-06,12.53,12.7,12.75,12.44,196230.99
2019-12-09,12.7,13.05,13.16,12.61,243708.47
2019-12-10,12.95,13.09,13.17,12.87,206977.62
2019-12-11,13.06,13.05,13.24,12.95,185467.9
2019-12-12,13.06,13.08,13.35,12.98,220521.98
2019-12-13,13.19,13.18,13.27,12.95,191228.75
2019-12-16,13.23,13.42,13.52,13.17,252804.07
2019-12-17,13.48,13.41,13.61,13.26,250629.9
2019-12-18,13.43,13.29,13.52,13.14,230404.79
2019-12-19,13.39,13.39,13.56,13.25,219888.0
2019-12-20,13.43,12.93,13.45,12.9,192458.78
2019-12-23,12.85,12.39,13.03,12.37,180366.9
2019-12-24,12.51,12.53,12.59,12.32,109791.82
2019-12-25,12.52,13.78,13.78,12.37,387772.56
2019-12-26,13.79,13.95,14.13,13.52,446180.6
2019-12-27,13.91,13.77,14.39,13.64,376987.63
2019-12-30,13.87,14.07,14.43,13.72,350460.94
2019-12-31,14.13,14.58,14.74,13.97,363527.55
2020-01-02,14.77,14.58,14.82,14.38,343230.93
2020-01-03,14.43,14.5,14.68,14.18,299037.94
2020-01-06,14.31,14.25,14.57,14.16,296781.26
2020-01-07,14.3,15.03,15.06,14.3,431143.98
2020-01-08,14.85,15.01,15.86,14.68,519051.19
2020-01-09,15.3,16.22,16.5,15.11,602480.41
2020-01-10,16.03,15.67,16.2,15.52,384791.88
2020-01-13,15.64,16.62,17.04,15.64,470325.19
2020-01-14,16.63,16.63,16.81,16.26,335798.74
2020-01-15,16.49,16.73,17.38,16.44,452961.19
2020-01-16,16.76,16.44,16.96,16.24,351205.7
2020-01-17,16.42,16.11,16.82,16.1,313461.99
2020-01-20,16.23,16.66,16.91,16.21,299631.26
2020-01-21,16.55,16.28,16.87,16.21,232280.49
2020-01-22,15.95,16.34,16.64,15.47,345575.52
2020-01-23,16.32,15.99,16.57,15.51,308991.5
2020-02-03,14.4,14.4,14.4,14.4,13428.0
2020-02-04,12.96,13.7,13.98,12.96,443627.54
2020-02-05,13.72,13.97,14.43,13.72,341429.62
2020-02-06,14.28,14.68,14.85,14.07,355196.68
2020-02-07,14.56,15.15,15.36,14.44,387981.2
2020-02-10,15.0,15.56,15.81,14.97,311547.77
2020-02-11,15.77,15.34,16.03,15.18,306734.17
2020-02-12,15.27,15.95,16.03,15.21,367847.82
2020-02-13,15.87,15.82,16.17,15.53,306870.98
2020-02-14,15.91,16.29,16.7,15.78,392808.32
2020-02-17,16.35,17.03,17.18,16.16,389300.95
2020-02-18,17.09,17.73,18.59,16.62,521655.08
2020-02-19,17.46,18.14,18.79,17.41,517185.52
2020-02-20,17.74,18.15,18.31,17.51,411100.18
2020-02-21,18.96,18.52,19.69,18.44,575199.46
2020-02-24,17.98,19.1,19.58,17.9,547639.46
2020-02-25,18.4,19.25,19.4,17.78,630823.47
2020-02-26,18.88,17.71,19.09,17.52,482927.37
2020-02-27,17.85,17.94,18.4,17.33,361859.87
2020-02-28,17.0,16.56,17.48,16.35,370824.78
2020-03-02,16.93,18.03,18.22,16.67,382005.76
2020-03-03,18.51,18.34,19.26,17.94,473740.0
2020-03-04,18.59,18.09,18.77,17.66,315684.21
2020-03-05,18.54,17.91,18.7,17.78,315318.44
2020-03-06,17.47,17.58,17.96,17.34,213107.11
2020-03-09,17.2,16.1,17.34,16.07,320820.0
2020-03-10,15.84,17.09,17.1,15.84,277524.88
2020-03-11,17.1,16.78,17.59,16.66,211265.53
2020-03-12,16.63,16.53,17.01,16.19,184610.16
2020-03-13,15.46,16.56,16.97,15.43,269447.7
2020-03-16,16.79,15.67,17.13,15.46,270482.22
2020-03-17,16.05,15.89,16.21,15.2,208319.72
2020-03-18,16.0,15.86,16.79,15.84,265761.2
2020-03-19,15.95,16.35,16.39,15.72,204809.13
2020-03-20,16.67,16.6,16.73,16.09,216995.07
2020-03-23,15.95,15.93,16.51,15.82,171159.52
2020-03-24,16.36,16.04,16.44,15.21,233280.28
2020-03-25,16.41,16.28,16.51,16.11,190695.61
2020-03-26,16.13,15.68,16.22,15.53,172606.76
2020-03-27,15.87,14.94,15.91,14.89,224004.57
2020-03-30,14.77,14.14,14.77,13.87,166986.48
2020-03-31,14.48,14.77,15.15,14.4,227561.53
2020-04-01,14.82,14.68,15.32,14.57,197798.35
2020-04-02,14.57,15.26,15.32,14.43,192118.9
2020-04-03,15.17,15.27,15.38,15.05,141975.7
2020-04-07,15.95,16.8,16.8,15.83,340858.8
2020-04-08,16.78,16.89,17.13,16.48,330426.24
2020-04-09,16.91,16.89,17.02,16.64,172383.35
2020-04-10,16.89,16.1,16.93,16.02,198645.74
2020-04-13,16.15,15.57,16.15,15.45,116573.98
2020-04-14,15.72,15.86,15.94,15.49,152670.97
2020-04-15,16.08,15.93,16.39,15.87,231342.6
2020-04-16,15.59,16.64,17.07,15.51,306773.23
2020-04-17,16.83,16.68,17.39,16.55,304162.19
2020-04-20,16.94,16.78,16.99,16.4,308365.76
2020-04-21,16.62,16.72,17.0,16.3,256048.97
2020-04-22,16.36,16.5,16.51,16.03,268122.15
2020-04-23,16.46,15.81,16.48,15.8,283021.88
2020-04-24,15.76,15.07,15.88,14.89,254935.11
2020-04-27,15.15,14.76,15.16,14.69,144372.42
2020-04-28,14.79,14.3,14.83,13.67,185966.69
2020-04-29,14.2,14.08,14.52,13.95,148826.73
2020-04-30,14.23,14.86,14.95,14.2,213377.49
2020-05-06,14.65,15.15,15.2,14.59,165733.19
2020-05-07,15.18,15.0,15.41,14.99,157478.29
2020-05-08,15.16,15.23,15.63,15.12,200515.52
2020-05-11,15.47,15.27,15.63,14.99,183568.1
2020-05-12,15.21,15.36,15.36,14.95,129902.75
2020-05-13,15.23,15.28,15.41,15.19,104519.07
2020-05-14,15.17,15.28,15.51,15.13,149452.27
2020-05-15,15.44,15.65,16.05,15.42,261641.04
2020-05-18,15.64,14.68,15.76,14.66,258813.4
2020-05-19,14.92,14.91,14.98,14.72,120275.91
2020-05-20,14.85,14.68,15.03,14.56,112987.46
2020-05-21,14.91,14.46,14.91,14.4,116205.56
2020-05-22,14.33,13.96,14.39,13.76,173787.77
2020-05-25,13.95,13.66,14.02,13.5,134395.22
2020-05-26,13.79,14.01,14.04,13.69,92055.39
2020-05-27,14.05,13.62,14.16,13.52,138488.76
2020-05-28,13.62,13.66,13.73,13.24,126254.29
2020-05-29,13.54,13.78,13.92,13.35,123303.08
2020-06-01,13.87,14.37,14.4,13.87,163244.55
2020-06-02,14.47,14.35,14.52,14.23,130492.08
2020-06-03,14.38,14.27,14.48,14.23,123441.79
2020-06-04,14.27,14.11,14.32,13.92,99269.77
2020-06-05,14.37,14.22,14.62,14.18,163206.58
2020-06-08,14.54,14.45,14.89,14.3,183465.8
2020-06-09,14.27,14.19,14.28,13.93,131843.0
2020-06-10,14.28,14.29,14.3,14.01,72652.19
2020-06-11,14.3,14.33,14.55,14.22,131086.88
2020-06-12,13.9,14.22,14.27,13.78,112785.03
2020-06-15,14.07,14.37,14.49,14.03,138866.61
2020-06-16,14.58,14.78,14.83,14.41,210291.9
2020-06-17,14.91,15.0,15.06,14.57,246231.24
2020-06-18,14.99,14.78,14.99,14.76,141516.86
2020-06-19,14.81,14.81,14.89,14.66,120571.24
2020-06-22,14.85,14.88,15.14,14.81,153389.18
2020-06-23,14.97,14.81,14.99,14.73,104054.79
2020-06-24,14.82,15.07,15.23,14.77,231267.43
2020-06-29,14.94,14.51,15.03,14.44,214698.19
2020-06-30,14.58,15.18,15.25,14.57,239993.33
2020-07-01,15.25,15.07,15.32,14.85,176210.64
2020-07-02,15.26,15.68,15.78,15.16,326559.64
2020-07-03,15.64,16.28,16.34,15.4,366418.25
2020-07-06,16.76,16.79,16.94,16.19,442350.08
2020-07-07,16.78,16.6,17.28,16.44,463065.69
2020-07-08,16.6,17.48,17.5,16.59,432263.39
2020-07-09,17.99,17.93,18.48,17.58,570226.49
2020-07-10,17.96,17.49,18.29,17.48,395093.61
2020-07-13,17.38,17.9,18.0,17.38,320798.31
2020-07-14,17.77,18.06,18.2,17.56,379451.45
2020-07-15,18.09,16.96,18.09,16.94,337684.67
2020-07-16,16.94,15.93,17.21,15.8,265089.92
2020-07-17,16.13,16.07,16.44,15.8,190372.43
2020-07-20,16.37,16.58,16.58,16.0,202382.23
2020-07-21,16.8,16.78,17.2,16.65,234154.25
2020-07-22,16.86,17.17,17.52,16.57,303239.82
2020-07-23,16.98,16.76,17.08,16.4,225077.2
2020-07-24,16.61,15.86,16.69,15.81,216981.19
2020-07-27,16.14,16.1,16.19,15.7,120342.5
2020-07-28,16.25,16.32,16.54,16.14,135368.06
2020-07-29,16.36,16.66,16.72,16.19,180350.06
2020-07-30,16.63,16.23,16.71,16.16,157155.4
2020-07-31,16.19,16.46,16.61,16.17,167859.42
2020-08-03,16.58,17.09,17.12,16.56,230466.03
2020-08-04,17.36,17.26,17.77,17.1,336385.21
2020-08-05,17.43,17.18,17.49,16.91,193051.7
2020-08-06,17.45,17.73,18.0,17.09,378372.47
2020-08-07,17.73,17.08,17.73,16.83,265951.24
2020-08-10,16.99,17.36,17.55,16.92,215026.49
2020-08-11,17.2,16.4,17.39,16.26,243142.76
2020-08-12,16.41,16.34,16.54,15.93,141245.34
2020-08-13,16.39,16.07,16.46,15.99,113986.25
2020-08-14,16.08,16.42,16.47,16.02,114603.35
2020-08-17,16.69,17.05,17.17,16.69,212744.38
2020-08-18,17.09,17.19,17.51,16.99,216939.85
2020-08-19,17.31,17.02,17.38,16.94,169082.61
2020-08-20,17.0,17.27,17.93,16.93,342884.0
2020-08-21,17.25,17.02,17.42,16.79,195893.49
2020-08-24,17.02,17.3,17.66,16.49,253829.0
2020-08-25,17.52,17.61,17.75,17.3,299034.32
2020-08-26,17.93,16.88,18.17,16.88,322865.81
2020-08-27,17.42,17.22,17.93,17.09,340101.34
2020-08-28,17.03,17.12,17.26,16.73,255615.53
2020-08-31,17.55,18.05,18.34,17.29,583178.03
2020-09-01,18.05,19.85,19.85,17.79,726885.75
2020-09-02,20.14,19.69,20.95,19.46,932767.7
2020-09-03,19.7,18.98,19.87,18.89,512698.56
2020-09-04,18.47,18.7,19.24,18.41,332997.37
2020-09-07,18.86,18.65,19.51,18.38,398978.45
2020-09-08,18.56,18.33,18.76,17.95,321580.91
2020-09-09,17.95,17.43,18.13,17.24,369026.01
2020-09-10,17.62,16.73,17.76,16.71,264829.08
2020-09-11,16.59,17.17,17.18,16.55,194579.1
2020-09-14,17.28,17.26,17.46,17.02,184402.54
2020-09-15,17.29,17.38,17.67,17.17,192659.64
2020-09-16,17.31,16.87,17.33,16.73,165948.97
2020-09-17,16.88,16.9,17.04,16.58,144659.82
2020-09-18,16.87,17.23,17.26,16.69,151251.23
2020-09-21,17.78,17.66,18.31,17.64,308086.63
2020-09-22,17.39,17.74,18.21,17.38,238960.57
2020-09-23,17.72,17.58,17.76,17.29,177171.37
2020-09-24,17.46,17.69,17.95,17.2,224718.13
2020-09-25,17.48,17.37,17.84,17.24,173854.49
2020-09-28,17.2,16.24,17.23,16.21,200183.69
2020-09-29,16.53,16.4,16.63,16.37,112196.32
2020-09-30,16.51,16.09,16.57,16.07,121346.37
2020-10-09,16.51,16.88,16.93,16.43,161090.8
2020-10-12,17.7,18.57,18.57,17.39,484313.08
2020-10-13,18.72,18.6,18.8,18.31,333175.89
2020-10-14,18.65,18.43,19.1,18.32,327932.98
2020-10-15,18.42,18.12,18.62,18.06,240533.18
2020-10-16,18.09,18.54,18.71,17.9,299391.06
2020-10-19,20.4,19.21,20.4,19.17,879251.84
2020-10-20,18.8,18.61,19.34,18.36,572088.53
2020-10-21,18.73,18.51,18.75,17.79,465740.92
2020-10-22,18.14,18.09,18.42,17.92,255191.2
2020-10-23,18.19,18.21,18.5,17.93,251333.52
2020-10-26,18.27,18.81,18.81,17.99,318181.12
2020-10-27,18.54,18.53,18.68,18.24,212605.41
2020-10-28,18.51,18.12,18.54,17.94,200488.78
2020-10-29,17.72,17.7,17.81,17.37,250098.93
2020-10-30,17.58,17.17,17.92,17.01,227352.69
2020-11-02,17.35,17.34,17.45,16.96,146983.42
2020-11-03,17.35,17.88,17.96,17.27,196716.89
2020-11-04,17.97,18.03,18.26,17.73,194762.36
2020-11-05,18.25,18.27,18.36,17.98,197075.67
2020-11-06,18.27,18.03,18.5,17.93,161734.99
2020-11-09,18.08,18.69,18.72,18.07,276713.09
2020-11-10,18.6,19.14,20.04,18.34,396468.5
2020-11-11,18.77,18.16,19.01,18.16,298393.64
2020-11-12,18.34,18.59,18.87,18.12,219436.09
2020-11-13,18.43,19.16,19.24,18.33,348007.32
2020-11-16,18.94,18.63,18.94,18.32,276220.11
2020-11-17,18.53,17.64,18.59,17.34,299596.97
2020-11-18,17.48,17.57,17.79,17.48,126600.47
2020-11-19,17.49,17.68,17.75,17.24,124673.28
2020-11-20,17.72,17.6,17.8,17.44,117502.05
2020-11-23,17.52,17.65,17.67,17.16,192516.76
2020-11-24,17.58,17.39,17.63,17.38,120933.78
2020-11-25,17.43,17.0,17.47,16.99,144452.14
2020-11-26,16.93,17.16,17.29,16.88,98275.13
2020-11-27,17.11,17.14,17.22,16.93,76459.95
2020-11-30,17.14,17.41,17.44,17.06,120263.15
2020-12-01,17.56,17.58,17.86,17.55,174199.15
2020-12-02,17.49,17.62,17.63,17.44,131453.01
2020-12-03,17.63,17.44,17.64,17.31,105039.46
2020-12-04,17.52,17.31,17.54,17.26,79262.19
2020-12-07,17.48,17.4,17.6,17.36,87339.02
2020-12-08,17.42,17.1,17.49,17.08,90641.4
2020-12-09,17.1,16.48,17.18,16.47,156206.56
2020-12-10,16.34,16.5,16.68,16.23,69586.86
2020-12-11,16.57,16.61,16.61,16.25,95115.68
2020-12-14,16.58,16.73,16.83,16.43,61994.71
2020-12-15,16.68,16.73,16.86,16.49,55417.49
2020-12-16,16.73,16.14,16.74,16.13,107028.8
2020-12-17,16.12,16.53,16.59,16.09,117079.21
2020-12-18,16.53,16.13,16.53,16.13,100380.97
2020-12-21,16.13,16.31,16.37,15.86,93928.03
2020-12-22,16.19,15.44,16.19,15.44,164163.15
2020-12-23,15.39,15.43,15.53,15.13,125367.45
2020-12-24,15.36,14.72,15.37,14.7,173471.12
2020-12-25,14.57,14.8,14.93,14.57,89946.73
2020-12-28,14.81,14.96,15.35,14.6,127947.59
2020-12-29,15.15,15.36,15.87,15.09,130112.89
2020-12-30,15.25,15.15,15.25,15.01,87820.19
2020-12-31,15.11,15.3,15.4,15.03,82834.96
2021-01-04,15.37,15.49,15.64,15.35,114265.79
2021-01-05,15.37,15.4,15.62,15.31,103299.75
2021-01-06,15.45,15.06,15.52,14.91,112196.31
2021-01-07,15.09,14.75,15.17,14.56,133775.08
2021-01-08,14.67,15.22,15.38,14.49,152479.8
2021-01-11,15.25,15.01,15.52,14.99,120304.18
2021-01-12,15.11,15.0,15.16,14.78,107498.37
2021-01-13,15.0,14.73,15.0,14.61,108971.25
2021-01-14,14.81,15.16,15.28,14.77,131261.3
2021-01-15,15.2,15.17,15.44,15.09,113559.76
2021-01-18,15.16,15.3,15.46,15.09,98276.86
2021-01-19,15.37,15.29,15.45,15.18,90011.38
2021-01-20,15.31,15.0,15.4,14.89,107914.89
2021-01-21,15.03,15.01,15.2,14.89,91106.72
2021-01-22,14.93,14.63,14.98,14.59,137055.27
2021-01-25,14.64,14.89,15.09,14.53,124443.12
2021-01-26,14.88,14.05,15.08,14.0,174853.98
2021-01-27,14.01,13.71,14.09,13.67,117091.64
2021-01-28,13.79,13.82,14.31,13.75,124647.19
2021-01-29,13.84,13.59,14.04,13.45,92582.24
2021-02-01,13.59,13.61,13.74,13.36,71322.36
2021-02-02,13.61,13.95,14.12,13.46,98548.65
2021-02-03,13.89,13.57,14.02,13.56,70533.27
2021-02-04,13.62,13.05,13.62,12.83,111773.16
2021-02-05,13.08,12.61,13.33,12.54,87879.84
2021-02-08,12.71,12.61,12.76,12.44,56158.23
2021-02-09,12.8,12.86,12.91,12.68,78602.08
2021-02-10,12.88,12.86,13.0,12.76,81679.49
2021-02-18,13.21,13.63,13.9,13.18,160273.58
2021-02-19,13.59,14.04,14.05,13.48,126526.85
2021-02-22,14.32,13.94,14.45,13.93,152521.06
2021-02-23,13.85,13.7,13.97,13.6,95699.05
2021-02-24,13.62,14.01,14.16,13.62,126823.55
2021-02-25,14.15,13.86,14.19,13.71,82372.55
2021-02-26,13.67,13.76,13.86,13.61,63197.85
2021-03-01,13.87,14.01,14.1,13.86,89884.78
2021-03-02,13.92,14.29,14.29,13.87,131138.09
2021-03-03,14.38,14.25,14.4,14.03,90126.3
2021-03-04,14.24,14.0,14.24,13.99,94708.35
2021-03-05,13.93,14.11,14.18,13.84,86411.77
2021-03-08,14.2,13.76,14.33,13.76,117207.52
2021-03-09,13.78,13.32,13.89,13.04,105646.95
2021-03-10,13.5,13.14,13.58,13.0,67153.51
2021-03-11,13.13,13.27,13.28,12.93,62169.12
2021-03-12,13.32,13.07,13.32,13.01,55409.38
2021-03-15,13.03,12.91,13.13,12.88,54967.68
2021-03-16,12.92,13.09,13.11,12.88,49550.37
2021-03-17,13.04,13.12,13.16,12.95,50967.49
2021-03-18,13.13,12.98,13.16,12.94,49686.43
2021-03-19,12.95,12.87,13.03,12.77,48098.55
2021-03-22,12.84,13.07,13.07,12.84,52187.58
2021-03-23,13.11,13.49,13.75,12.99,147409.18
2021-03-24,13.43,13.61,13.79,13.39,121188.66
2021-03-25,13.52,14.23,14.72,13.35,249809.7
2021-03-26,14.29,14.09,14.29,14.01,147385.81
2021-03-29,14.2,14.02,14.65,14.01,149192.49
2021-03-30,14.1,14.0,14.28,13.87,99038.59
2021-03-31,13.97,14.51,14.55,13.92,208652.45
2021-04-01,14.51,14.37,14.51,14.25,120255.18
2021-04-02,14.57,14.47,14.66,14.37,134678.85
2021-04-06,14.61,14.64,14.95,14.48,172376.24
2021-04-07,14.61,14.38,14.61,14.29,117631.74
2021-04-08,14.38,14.16,14.41,14.14,99731.35
2021-04-09,14.21,14.1,14.28,14.08,65043.85
2021-04-12,14.13,14.15,14.48,14.03,115907.52
2021-04-13,14.14,14.54,14.57,14.0,160819.83
2021-04-14,14.48,14.43,14.53,14.32,102728.99
2021-04-15,14.45,14.41,14.93,14.41,188863.8
2021-04-16,14.26,15.01,15.06,14.24,263882.35
2021-04-19,14.8,14.98,15.04,14.69,210832.08
2021-04-20,14.94,14.77,15.16,14.73,159688.03
2021-04-21,14.7,14.86,15.03,14.64,128770.28
2021-04-22,14.87,14.83,14.96,14.59,140674.59
2021-04-23,14.72,14.52,14.76,14.5,95640.37
2021-04-26,14.51,14.32,14.74,14.32,110026.94
2021-04-27,14.32,14.42,14.57,14.23,98483.31
2021-04-28,14.28,13.92,14.31,13.9,138644.14
2021-04-29,13.9,13.92,14.05,13.88,66922.98
2021-04-30,13.91,13.54,13.97,13.34,108801.27
2021-05-06,13.58,13.74,13.85,13.58,76051.86
2021-05-07,13.78,14.04,14.37,13.7,137169.36
2021-05-10,14.32,14.46,14.52,14.17,147451.15
2021-05-11,14.51,14.27,14.75,14.16,155276.83
2021-05-12,14.27,14.66,14.89,14.1,160102.11
2021-05-13,14.55,14.57,14.94,14.51,141366.88
2021-05-14,14.51,14.68,14.71,14.32,179243.05
2021-05-17,14.6,14.41,14.62,14.36,106263.68
2021-05-18,14.38,14.41,14.58,14.27,97391.27
2021-05-19,14.38,14.04,14.45,13.98,114095.94
2021-05-20,13.97,13.78,14.05,13.7,98906.89
2021-05-21,13.82,13.78,14.01,13.74,78334.91
2021-05-24,13.77,14.08,14.14,13.65,102383.72
2021-05-25,14.09,14.11,14.15,13.94,87647.13
2021-05-26,14.13,14.33,14.44,14.08,116469.18
2021-05-27,14.32,14.37,14.42,14.27,99921.66
2021-05-28,14.32,14.38,14.42,14.22,97436.45
2021-05-31,14.4,14.46,14.48,14.27,108182.51
2021-06-01,14.42,14.52,14.72,14.31,126242.54
2021-06-02,14.51,14.12,14.57,14.11,121676.33
2021-06-03,14.4,15.12,15.53,14.4,559760.72
2021-06-04,14.84,14.67,15.38,14.67,392529.19
2021-06-07,14.68,15.11,15.27,14.68,273011.79
2021-06-08,15.31,15.17,15.45,15.06,250085.99
2021-06-09,15.19,15.08,15.3,14.87,163126.16
2021-06-10,15.09,15.68,15.76,15.04,373817.14
2021-06-11,15.65,15.41,15.92,15.33,263216.37
2021-06-15,14.82,14.68,14.84,14.37,255049.0
2021-06-16,14.68,14.39,14.81,14.37,136678.05
2021-06-17,14.47,14.59,14.62,14.23,119929.81
2021-06-18,14.59,14.64,14.78,14.37,128739.82
2021-06-21,14.6,14.75,14.92,14.47,119877.82
2021-06-22,14.75,14.56,14.75,14.45,116401.25
2021-06-23,14.54,14.64,14.69,14.43,126371.7
2021-06-24,14.68,14.32,14.7,14.31,125803.54
2021-06-25,14.4,14.44,14.48,14.26,87305.02
2021-06-28,14.46,14.29,14.47,14.27,87450.72
2021-06-29,14.33,14.17,14.45,14.16,80682.02
2021-06-30,14.17,14.34,14.41,14.13,75333.55
2021-07-01,14.34,13.81,14.39,13.78,111128.76
2021-07-02,13.82,14.01,14.2,13.72,85031.09
2021-07-05,14.08,13.98,14.16,13.87,63401.91
2021-07-06,13.89,14.02,14.15,13.87,53287.28
2021-07-07,13.95,13.88,13.99,13.81,67036.08
2021-07-08,13.9,14.03,14.1,13.77,92442.14
2021-07-09,13.91,13.83,13.93,13.75,74749.48
2021-07-12,13.87,14.19,14.23,13.84,103461.65
2021-07-13,14.17,14.39,14.43,14.11,121850.77
2021-07-14,14.37,14.06,14.37,14.04,89604.88
2021-07-15,14.1,13.85,14.11,13.69,86970.17
2021-07-16,13.89,13.81,13.97,13.78,60556.14
2021-07-19,13.9,13.92,13.93,13.78,49077.48
2021-07-20,13.92,14.14,14.17,13.85,86130.67
2021-07-21,14.11,14.08,14.17,14.0,73341.75
2021-07-22,14.06,13.87,14.06,13.85,92147.37
2021-07-23,13.84,13.35,13.9,13.32,149013.92
2021-07-26,13.4,13.05,13.4,12.84,84644.08
2021-07-27,13.08,12.98,13.18,12.91,65816.06
2021-07-28,12.92,12.62,13.0,12.41,63151.13
2021-07-29,12.73,12.79,12.86,12.66,52207.06
2021-07-30,12.74,12.87,12.96,12.58,53962.76
2021-08-02,12.84,13.11,13.12,12.69,68843.54
2021-08-03,13.12,13.0,13.19,13.0,59655.87
2021-08-04,12.97,13.04,13.07,12.94,51516.26
2021-08-05,13.04,12.76,13.04,12.76,63341.64
2021-08-06,12.76,12.88,12.93,12.67,51610.7
2021-08-09,12.89,13.02,13.08,12.88,57651.53
2021-08-10,13.03,13.05,13.11,12.93,63632.86
2021-08-11,13.04,12.95,13.04,12.93,56736.37
2021-08-12,12.99,13.08,13.23,12.88,90811.96
2021-08-13,13.26,13.52,13.73,13.25,158056.82
2021-08-16,13.47,13.31,13.49,13.2,87402.92
2021-08-17,13.24,12.83,13.29,12.77,98071.92
2021-08-18,12.84,13.08,13.13,12.71,78839.11
2021-08-19,13.15,12.91,13.21,12.9,59178.49
2021-08-20,12.88,12.83,12.91,12.7,52239.03
2021-08-23,12.88,13.04,13.13,12.83,57800.49
2021-08-24,13.06,13.03,13.08,12.94,50903.17
2021-08-25,13.03,12.86,13.03,12.83,60758.96
2021-08-26,12.78,12.58,12.83,12.58,72439.58
2021-08-27,12.59,12.52,12.59,12.41,67290.79
2021-08-30,12.7,12.63,12.85,12.6,66648.84
2021-08-31,12.63,12.92,13.07,12.52,84025.39
2021-09-01,13.03,13.14,13.16,12.89,99806.22
2021-09-02,13.08,13.1,13.15,12.99,66087.1
2021-09-03,13.17,13.28,13.4,13.15,100558.73
2021-09-06,13.4,13.45,13.54,13.3,108541.59
2021-09-07,13.48,13.56,13.72,13.43,131733.97
2021-09-08,13.49,13.58,13.72,13.46,95891.71
2021-09-09,13.65,13.57,13.68,13.49,74506.3
2021-09-10,13.56,13.47,13.7,13.45,87694.6
2021-09-13,13.47,13.75,13.82,13.4,116467.63
2021-09-14,13.82,13.52,13.95,13.45,118390.0
2021-09-15,13.49,13.46,13.62,13.4,60125.6
2021-09-16,13.42,13.32,13.56,13.21,74634.65
2021-09-17,13.31,13.17,13.35,13.05,60359.54
2021-09-22,13.01,13.06,13.12,12.92,55383.48
2021-09-23,13.26,13.28,13.34,13.19,62402.57
2021-09-24,13.31,13.06,13.4,13.06,58830.69
2021-09-27,13.01,12.74,13.25,12.69,72619.8
2021-09-28,12.74,12.87,12.91,12.6,56745.66
2021-09-29,12.79,12.42,12.8,12.41,100134.33
2021-09-30,12.47,12.43,12.54,12.41,70864.55
2021-10-08,12.56,12.61,12.67,12.52,61832.91
2021-10-11,12.62,12.76,12.82,12.55,73018.37
2021-10-12,12.76,12.47,12.77,12.4,67743.68
2021-10-13,12.47,12.32,12.55,12.13,74663.65
2021-10-14,12.38,12.33,12.43,12.22,38936.09
2021-10-15,12.33,12.53,12.54,12.29,60035.69
2021-10-18,12.49,12.33,12.49,12.22,48865.4
2021-10-19,12.29,12.42,12.43,12.13,39122.27
2021-10-20,12.68,12.81,13.39,12.67,147882.56
2021-10-21,12.58,12.66,13.06,12.53,85018.15
2021-10-22,12.64,12.57,12.78,12.54,54516.48
2021-10-25,12.5,12.59,12.62,12.3,57752.26
2021-10-26,12.54,12.39,12.56,12.36,42480.85
2021-10-27,12.38,11.95,12.38,11.92,90271.76
2021-10-28,11.63,10.97,11.63,10.75,168704.88
2021-10-29,10.98,11.05,11.11,10.74,70690.21
2021-11-01,11.04,11.23,11.29,10.98,66404.64
2021-11-02,11.26,10.99,11.3,10.9,67007.75
2021-11-03,10.97,11.1,11.13,10.94,43398.28
2021-11-04,11.16,11.26,11.39,11.16,72232.34
2021-11-05,11.22,11.33,11.39,11.18,56968.36
2021-11-08,11.27,11.32,11.35,11.15,43016.74
2021-11-09,11.29,11.38,11.42,11.27,48998.54
2021-11-10,11.61,11.46,11.64,11.37,67044.68
2021-11-11,11.39,11.53,11.61,11.35,47911.6
2021-11-12,11.54,11.65,11.69,11.46,55228.11
2021-11-15,11.65,11.67,11.75,11.56,59767.28
2021-11-16,11.66,11.5,11.7,11.5,44793.34
2021-11-17,11.5,11.63,11.66,11.43,41940.36
2021-11-18,11.66,11.41,11.75,11.39,61918.97
2021-11-19,11.4,11.5,11.54,11.37,44839.8
2021-11-22,11.51,11.7,11.73,11.5,62010.57
2021-11-23,11.64,11.69,11.7,11.52,51372.75
2021-11-24,11.63,11.57,11.67,11.55,46197.71
2021-11-25,11.57,11.62,11.7,11.52,46047.72
2021-11-26,11.59,12.04,12.44,11.51,208053.46
2021-11-29,11.69,11.8,11.99,11.63,114828.83
2021-11-30,11.79,12.33,12.48,11.77,183828.6
2021-12-01,12.43,12.38,12.51,12.25,138850.79
2021-12-02,12.38,12.16,12.4,12.15,94884.45
2021-12-03,12.19,12.21,12.38,12.16,73520.85
2021-12-06,12.17,12.05,12.28,11.99,73862.0
2021-12-07,12.13,12.05,12.21,11.85,67831.17
2021-12-08,12.05,12.17,12.21,11.97,61074.07
2021-12-09,12.11,12.24,12.28,12.08,64715.73
2021-12-10,12.23,12.03,12.23,11.99,65991.33
2021-12-13,12.06,12.07,12.14,11.99,47085.23
2021-12-14,12.07,12.28,12.32,11.94,84782.65
2021-12-15,12.43,12.26,12.54,12.24,113480.2
2021-12-16,12.33,12.37,12.6,12.33,98521.67
2021-12-17,12.39,12.44,12.63,12.21,109812.0
2021-12-20,12.37,12.33,12.58,12.22,98586.62
2021-12-21,12.33,12.44,12.51,12.27,70565.94
2021-12-22,12.4,12.59,12.71,12.38,104814.02
2021-12-23,12.57,12.38,12.58,12.34,80570.68
2021-12-24,12.38,12.05,12.44,12.03,84544.56
2021-12-27,12.09,12.06,12.13,11.97,44371.45
2021-12-28,12.08,12.46,12.73,12.08,124466.91
2021-12-29,12.42,12.42,12.43,12.26,66392.69
2021-12-30,12.33,12.48,12.61,12.33,85470.69
2021-12-31,12.5,12.6,12.73,12.4,83791.08
2022-01-04,12.7,12.97,13.0,12.62,160514.54
2022-01-05,13.38,13.05,13.63,12.95,258318.28
2022-01-06,13.06,13.13,13.38,12.82,170220.06
2022-01-07,13.55,13.96,14.45,13.53,561051.31
2022-01-10,13.87,14.46,14.63,13.4,499210.18
2022-01-11,14.25,13.87,14.31,13.77,311240.3
2022-01-12,13.87,13.97,14.26,13.75,203509.81
2022-01-13,14.22,14.18,14.51,13.95,306307.13
2022-01-14,13.97,13.99,14.19,13.69,202000.69
2022-01-17,14.43,15.39,15.39,14.43,461520.64
2022-01-18,15.73,15.27,16.69,15.24,874510.14
2022-01-19,15.04,16.07,16.08,14.92,569917.35
2022-01-20,16.1,15.88,16.39,15.46,487499.31
2022-01-21,15.65,15.3,16.01,15.06,367572.36
2022-01-24,15.21,15.55,15.87,15.11,314447.6
2022-01-25,15.37,14.5,15.41,14.45,365263.9
2022-01-26,14.47,14.52,15.04,14.22,252454.57
2022-01-27,14.52,13.56,14.55,13.52,271701.21
2022-01-28,13.62,13.94,14.37,13.6,227533.4
2022-02-07,14.31,13.98,14.61,13.88,197140.84
2022-02-08,13.9,14.45,14.53,13.6,277959.26
2022-02-09,14.65,15.45,15.72,14.64,444838.49
2022-02-10,15.16,15.07,15.3,14.95,281163.37
2022-02-11,14.86,15.5,15.87,14.82,405553.69
2022-02-14,14.84,14.89,15.14,14.47,306716.24
2022-02-15,14.88,15.18,15.19,14.37,255757.07
2022-02-16,15.63,14.88,15.7,14.77,227366.73
2022-02-17,14.7,14.7,15.24,14.61,221658.28
2022-02-18,14.61,15.07,15.16,14.56,210242.99
2022-02-21,15.03,15.53,15.6,14.96,327680.18
2022-02-22,15.29,14.95,15.33,14.86,234756.14
2022-02-23,15.56,15.25,15.75,15.18,224152.24
2022-02-24,15.01,14.05,15.29,13.86,350828.72
2022-02-25,14.14,14.32,14.54,14.11,183923.41
2022-02-28,14.69,14.79,15.25,14.54,221078.71
2022-03-01,14.82,15.0,15.21,14.54,193786.67
2022-03-02,14.71,14.91,15.1,14.61,135770.71
2022-03-03,14.92,14.61,14.99,14.47,158460.96
2022-03-04,14.48,14.29,14.67,14.24,117529.57
2022-03-07,14.37,14.04,14.37,13.92,90532.28
2022-03-08,14.13,13.59,14.32,13.57,132387.06
2022-03-09,13.6,13.28,13.76,12.56,189609.21
2022-03-10,13.61,13.23,13.65,13.18,131457.55
2022-03-11,13.03,13.35,13.4,12.78,127379.6
2022-03-14,13.31,12.77,13.46,12.73,110756.28
2022-03-15,12.69,12.02,12.87,11.96,154165.9
2022-03-16,12.27,12.33,12.37,11.77,136850.65
2022-03-17,12.46,12.5,12.68,12.3,140572.31
2022-03-18,12.49,12.48,12.57,12.32,90895.21
2022-03-21,12.49,12.34,12.59,12.17,103950.28
2022-03-22,12.24,12.32,12.52,12.16,94804.45
2022-03-23,12.33,12.32,12.46,12.23,71067.04
2022-03-24,12.24,12.01,12.25,11.94,82270.45
2022-03-25,12.33,12.0,12.52,11.96,119868.0
2022-03-28,11.79,11.86,12.06,11.59,85322.43
2022-03-29,11.87,11.83,11.99,11.69,75139.01
2022-03-30,11.85,12.04,12.05,11.85,74375.31
2022-03-31,12.0,12.42,12.53,11.94,173894.93
2022-04-01,12.43,12.78,12.98,12.36,228583.39
2022-04-06,13.04,12.88,13.41,12.83,249365.33
2022-04-07,12.73,12.24,12.81,12.24,151253.74
2022-04-08,12.2,12.16,12.34,11.9,114009.82
2022-04-11,12.09,11.62,12.15,11.57,120798.07
2022-04-12,11.64,11.72,11.74,11.3,103100.92
2022-04-13,11.57,11.22,11.59,11.21,91199.23
2022-04-14,11.34,11.28,11.42,11.16,65779.37
2022-04-15,11.19,10.94,11.19,10.85,87058.82
2022-04-18,10.93,11.08,11.14,10.64,64233.19
2022-04-19,11.21,11.16,11.36,11.1,86121.19
2022-04-20,11.37,11.28,11.47,11.18,101061.62
2022-04-21,11.08,10.61,11.19,10.57,94009.35
2022-04-22,10.61,10.44,10.75,10.43,69754.69
2022-04-25,10.19,9.4,10.19,9.4,121683.13
2022-04-26,9.6,10.34,10.34,9.55,185174.38
2022-04-27,10.47,10.66,10.75,10.01,246263.44
2022-04-28,10.42,10.16,10.44,10.03,136766.49
2022-04-29,10.18,10.49,10.55,10.09,126549.28
2022-05-05,10.47,10.58,10.59,10.2,111885.4
2022-05-06,10.28,10.58,10.95,10.11,133857.13
2022-05-09,10.62,10.72,10.83,10.53,88655.28
2022-05-10,10.56,10.9,11.09,10.5,105028.78
2022-05-11,10.9,10.77,11.13,10.75,112964.9
2022-05-12,10.65,10.87,10.97,10.61,78418.58
2022-05-13,10.95,10.89,10.98,10.81,56860.13
2022-05-16,10.9,10.83,10.98,10.78,59525.07
2022-05-17,10.87,10.8,10.87,10.68,49733.49
2022-05-18,11.04,10.88,11.2,10.87,101604.73
2022-05-19,10.66,10.7,10.73,10.55,73346.07
2022-05-20,10.69,10.79,10.84,10.69,59981.8
2022-05-23,10.86,11.09,11.1,10.85,107178.26
2022-05-24,11.05,10.44,11.09,10.42,109438.92
2022-05-25,10.67,10.77,10.97,10.48,83558.91
2022-05-26,10.77,10.72,10.83,10.5,76732.79
2022-05-27,10.85,10.63,10.89,10.55,68644.52
2022-05-30,10.62,10.63,10.7,10.55,48636.16
2022-05-31,10.6,10.86,10.88,10.55,79079.63
2022-06-01,10.8,10.9,11.06,10.8,66742.4
2022-06-02,10.83,11.04,11.09,10.78,84773.01
2022-06-06,11.37,11.17,11.37,11.05,105476.99
2022-06-07,11.2,11.02,11.26,10.95,75183.23
2022-06-08,10.91,11.18,11.35,10.91,99114.45
2022-06-09,11.18,10.92,11.18,10.83,68704.15
2022-06-10,10.84,10.97,10.99,10.77,55368.08
2022-06-13,10.94,11.13,11.17,10.88,78866.47
2022-06-14,11.05,11.04,11.05,10.64,94945.93
2022-06-15,11.05,11.23,11.4,11.02,164108.63
2022-06-16,11.24,11.28,11.39,11.19,89294.44
2022-06-17,11.2,11.18,11.28,11.01,84962.65
2022-06-20,11.17,11.15,11.22,11.06,72680.31
2022-06-21,11.18,11.29,11.36,11.06,110929.27
2022-06-22,11.27,10.95,11.29,10.94,86345.06
2022-06-23,10.97,11.19,11.19,10.94,70392.6
2022-06-24,11.28,11.27,11.58,11.23,106420.4
2022-06-27,11.32,11.23,11.38,11.14,79321.84
2022-06-28,11.2,11.32,11.33,11.11,105480.68
2022-06-29,11.42,11.13,11.42,11.12,99621.83
2022-06-30,11.14,11.21,11.27,11.14,64803.95
2022-07-01,11.22,11.17,11.33,11.12,69301.92
2022-07-04,11.17,11.17,11.21,11.08,49688.3
2022-07-05,11.17,10.92,11.18,10.81,92154.8
2022-07-06,10.99,10.71,10.99,10.65,77799.07
2022-07-07,10.74,10.72,10.84,10.68,60337.72
2022-07-08,10.69,10.8,10.93,10.69,56905.32
2022-07-11,10.73,10.7,10.74,10.55,42530.54
2022-07-12,10.72,10.48,10.73,10.48,57620.0
2022-07-13,10.52,10.51,10.6,10.48,35325.75
2022-07-14,10.5,10.57,10.7,10.42,52137.99
2022-07-15,10.63,10.23,10.65,10.23,75671.61
2022-07-18,10.24,10.49,10.52,10.24,51339.91
2022-07-19,10.54,10.78,10.8,10.45,90232.65
2022-07-20,10.8,10.97,10.99,10.78,80315.42
2022-07-21,10.97,10.95,11.18,10.89,86593.79
2022-07-22,10.95,10.85,11.12,10.74,56336.82
2022-07-25,10.9,10.86,11.04,10.72,49812.19
2022-07-26,11.03,11.21,11.22,10.93,135663.96
2022-07-27,11.23,11.14,11.32,11.11,72628.25
2022-07-28,11.21,11.12,11.3,11.08,91300.34
2022-07-29,11.17,11.16,11.25,11.1,81501.23
2022-08-01,11.16,11.21,11.24,11.04,73288.74
2022-08-02,11.05,10.72,11.06,10.54,129559.17
2022-08-03,10.65,10.77,11.04,10.64,92055.11
2022-08-04,10.85,10.91,10.96,10.78,58970.79
2022-08-05,11.02,11.37,11.37,10.97,143035.95
2022-08-08,11.44,11.46,11.49,11.25,121692.75
2022-08-09,11.45,11.36,11.54,11.21,77051.83
2022-08-10,11.3,11.27,11.38,11.19,58326.02
2022-08-11,11.33,11.41,11.43,11.24,82562.1
2022-08-12,11.37,11.45,11.66,11.29,118747.99
2022-08-15,11.42,11.27,11.47,11.2,85171.47
2022-08-16,11.33,11.17,11.39,11.11,72958.13
2022-08-17,11.23,11.19,11.23,11.08,50318.25
2022-08-18,11.17,11.1,11.17,11.01,62691.0
2022-08-19,11.1,11.09,11.29,11.07,82692.0
2022-08-22,11.06,11.09,11.2,10.76,70689.68
2022-08-23,11.09,10.94,11.09,10.92,62352.16
2022-08-24,10.97,10.62,11.04,10.61,83212.11
2022-08-25,10.63,10.65,10.7,10.49,51227.88
2022-08-26,10.75,10.58,10.79,10.56,49183.48
2022-08-29,10.44,10.52,10.58,10.28,47490.0
2022-08-30,10.5,10.66,10.68,10.45,54831.94
2022-08-31,10.54,10.41,10.63,10.38,64163.23
2022-09-01,10.39,10.3,10.51,10.27,52704.39
2022-09-02,10.4,10.56,10.6,10.34,62917.23
2022-09-05,10.56,10.44,10.63,10.4,48880.02
2022-09-06,10.47,10.52,10.53,10.36,51014.87
2022-09-07,10.52,10.57,10.58,10.4,64766.06
2022-09-08,10.52,10.37,10.52,10.36,52141.23
2022-09-09,10.41,10.48,10.55,10.31,54093.22
2022-09-13,10.54,10.57,10.77,10.54,70169.29
2022-09-14,10.39,10.44,10.49,10.31,46352.84
2022-09-15,10.45,10.64,10.73,10.42,118772.87
2022-09-16,10.59,10.73,10.92,10.51,168832.16
2022-09-19,10.71,10.1,10.75,10.04,148340.26
2022-09-20,9.91,9.89,9.99,9.72,91311.6
2022-09-21,9.84,9.96,10.01,9.57,65008.84
2022-09-22,9.93,10.12,10.38,9.86,82064.93
2022-09-23,10.13,9.83,10.21,9.82,63735.13
2022-09-26,9.79,9.44,9.8,9.4,73443.0
2022-09-27,9.45,9.61,9.64,9.45,33967.57
2022-09-28,9.62,9.34,9.63,9.33,38375.2
2022-09-29,9.44,9.42,9.6,9.35,39179.83
2022-09-30,9.41,9.59,9.68,9.36,49067.0
2022-10-10,9.81,9.68,9.97,9.55,65772.78
2022-10-11,9.54,9.91,10.01,9.54,64534.99
2022-10-12,9.77,10.33,10.36,9.77,85403.49
2022-10-13,10.6,10.79,10.92,10.54,209404.98
2022-10-14,10.7,10.89,10.93,10.6,161501.65
2022-10-17,10.84,10.94,11.18,10.8,148844.27
2022-10-18,11.04,10.85,11.04,10.81,92132.14
2022-10-19,10.85,10.91,11.14,10.69,120576.94
2022-10-20,10.84,10.89,11.12,10.75,109747.04
2022-10-21,10.89,10.92,11.0,10.76,67710.23
2022-10-24,10.93,10.88,11.2,10.76,103867.95
2022-10-25,10.8,10.75,10.96,10.64,80635.36
2022-10-26,10.82,11.14,11.23,10.79,163051.48
2022-10-27,11.18,11.24,11.41,11.07,129374.57
2022-10-28,11.13,11.04,11.42,10.99,129119.34
2022-10-31,11.05,11.47,11.52,11.02,203286.77
2022-11-01,11.51,11.29,11.55,11.07,172768.05
2022-11-02,11.27,11.21,11.32,11.09,137494.49
2022-11-03,11.12,11.22,11.25,10.89,138143.49
2022-11-04,11.18,11.17,11.21,11.05,106563.29
2022-11-07,11.2,11.1,11.33,11.05,98746.26
2022-11-08,11.11,11.21,11.23,10.97,130261.1
2022-11-09,11.18,11.15,11.32,10.99,104250.41
2022-11-10,11.09,11.1,11.28,11.03,83731.02
2022-11-11,11.26,11.06,11.41,11.06,159454.17
2022-11-14,10.93,11.17,11.23,10.79,125000.82
2022-11-15,11.17,11.29,11.4,11.11,129262.95
2022-11-16,11.35,11.16,11.5,11.13,115752.26
2022-11-17,11.19,11.72,11.72,11.18,225811.91
2022-11-18,11.8,11.42,11.84,11.31,207046.51
2022-11-21,11.33,11.21,11.4,10.99,146886.01
2022-11-22,11.17,11.0,11.29,10.95,99796.3
2022-11-23,11.06,10.71,11.09,10.55,114981.88
2022-11-24,10.71,10.74,10.85,10.63,63749.77
2022-11-25,10.76,10.55,10.76,10.54,62668.91
2022-11-28,10.44,10.42,10.5,10.36,66139.23
2022-11-29,10.41,10.69,10.7,10.39,74810.61
2022-11-30,10.67,10.7,10.81,10.6,68147.03
2022-12-01,10.74,10.93,10.94,10.74,95318.26
2022-12-02,10.94,11.09,11.21,10.86,111057.85
2022-12-05,11.14,11.31,11.35,11.14,118566.11
2022-12-06,11.28,11.22,11.39,11.19,91160.21
2022-12-07,11.25,11.25,11.36,11.17,70276.51
2022-12-08,11.28,10.96,11.3,10.92,92359.65
2022-12-09,11.03,10.86,11.04,10.83,61734.42
2022-12-12,10.8,10.92,10.97,10.75,60480.84
2022-12-13,10.93,10.7,10.98,10.69,55089.37
2022-12-14,10.74,10.64,10.78,10.62,50404.43
2022-12-15,10.63,10.61,10.83,10.57,62762.48
2022-12-16,10.59,10.45,10.62,10.4,61943.24
2022-12-19,10.48,10.31,10.54,10.25,63138.55
2022-12-20,10.44,10.19,10.54,10.19,57729.98
2022-12-21,10.26,10.09,10.28,10.03,53978.29
2022-12-22,10.14,10.26,10.39,10.07,72134.16
2022-12-23,10.2,10.32,10.4,10.17,36129.1
2022-12-26,10.3,10.33,10.43,10.24,43336.69
2022-12-27,10.33,10.32,10.35,10.25,31322.79
2022-12-28,10.39,10.2,10.39,10.12,41310.25
2022-12-29,10.12,10.6,10.62,10.12,97306.98
2022-12-30,10.54,10.71,10.83,10.52,63130.53
2023-01-03,10.67,11.17,11.21,10.66,146790.7
2023-01-04,11.2,11.48,11.52,11.17,194327.56
2023-01-05,11.48,11.36,11.58,11.31,106623.46
2023-01-06,11.36,11.26,11.47,11.22,95941.0
2023-01-09,11.27,11.26,11.43,11.23,69872.6
2023-01-10,11.26,11.22,11.36,11.18,50503.9
2023-01-11,11.22,11.07,11.3,11.03,60879.84
2023-01-12,11.07,11.07,11.14,10.99,41859.08
2023-01-13,11.08,11.06,11.12,10.95,45065.0
2023-01-16,11.13,11.27,11.31,11.09,69885.39
2023-01-17,11.29,11.15,11.3,11.13,50369.0
2023-01-18,11.21,11.37,11.43,11.14,71164.71
2023-01-19,11.33,11.48,11.49,11.3,56511.16
2023-01-20,11.47,11.46,11.61,11.42,69506.4
2023-01-30,11.63,11.65,11.82,11.53,123937.88
2023-01-31,11.61,11.59,11.71,11.58,57204.0
2023-02-01,11.61,11.92,11.93,11.61,116814.04
2023-02-02,11.99,11.77,12.07,11.75,100245.36
2023-02-03,11.77,12.08,12.08,11.75,115911.23
2023-02-06,12.16,12.12,12.33,11.93,167643.06
2023-02-07,12.04,12.1,12.17,11.85,121791.49
2023-02-08,12.05,11.87,12.12,11.85,107989.79
2023-02-09,11.86,12.34,12.35,11.74,153293.68
2023-02-10,12.23,12.12,12.4,12.07,103226.62
2023-02-13,12.15,12.2,12.33,12.07,93283.05
2023-02-14,12.32,12.18,12.48,12.11,98416.39
2023-02-15,12.23,12.54,12.59,12.18,177457.21
2023-02-16,12.61,12.23,12.69,12.11,199233.94
2023-02-17,12.24,11.84,12.32,11.83,119253.73
2023-02-20,11.83,12.1,12.11,11.76,93238.42
2023-02-21,12.09,12.06,12.36,11.93,100770.58
2023-02-22,12.0,12.22,12.35,11.86,110989.0
2023-02-23,12.17,11.95,12.26,11.88,97351.27
2023-02-24,12.01,12.1,12.14,11.93,81743.74
2023-02-27,12.04,12.04,12.22,12.01,77967.48
2023-02-28,12.25,12.41,12.6,12.15,156287.27
2023-03-01,12.42,12.8,12.96,12.31,228438.55
2023-03-02,12.79,12.75,12.88,12.68,118678.22
2023-03-03,12.7,12.65,12.82,12.43,129720.05
2023-03-06,12.65,12.57,12.74,12.5,95661.2
2023-03-07,12.55,12.08,12.62,12.07,139494.96
2023-03-08,12.13,12.52,12.54,12.09,113988.27
2023-03-09,12.55,12.44,12.55,12.15,84750.13
2023-03-10,12.34,12.42,12.62,12.25,109729.0
2023-03-13,12.41,12.73,12.73,12.23,136855.42
2023-03-14,12.63,12.6,12.71,12.34,108555.65
2023-03-15,12.75,12.51,12.8,12.45,88598.56
2023-03-16,12.57,12.51,12.72,12.29,109899.0
2023-03-17,12.57,12.78,12.97,12.57,148864.14
2023-03-20,12.9,12.69,12.97,12.62,134552.66
2023-03-21,12.7,13.1,13.19,12.53,243147.29
2023-03-22,13.02,13.21,13.24,12.92,151756.99
2023-03-23,13.13,13.23,13.25,12.99,137262.86
2023-03-24,13.24,13.32,13.46,13.0,169722.45
2023-03-27,13.53,13.78,13.97,13.48,287129.91
2023-03-28,13.68,13.43,13.68,13.21,179409.43
2023-03-29,13.43,13.5,13.68,13.27,143818.91
2023-03-30,13.43,13.4,13.73,13.36,177309.83
2023-03-31,13.33,13.93,13.96,13.28,245202.78
2023-04-03,13.9,14.03,14.12,13.6,280311.13
2023-04-04,13.94,14.58,14.64,13.85,384981.35
2023-04-06,14.29,13.95,14.42,13.83,299299.89
2023-04-07,14.01,14.18,14.21,13.78,187962.74
2023-04-10,14.19,13.5,14.27,13.43,256138.84
2023-04-11,13.43,13.87,13.9,13.35,184011.1
2023-04-12,13.89,14.08,14.19,13.8,154336.1
2023-04-13,13.94,13.92,14.27,13.82,174655.95
2023-04-14,13.97,14.0,14.11,13.55,159755.94
2023-04-17,13.94,13.7,14.0,13.58,114598.43
2023-04-18,13.77,13.62,13.78,13.39,106531.89
2023-04-19,13.55,13.91,14.21,13.54,156722.15
2023-04-20,13.84,14.17,14.27,13.82,139724.65
2023-04-21,14.13,13.38,14.24,13.37,160370.09
2023-04-24,13.39,13.34,13.68,13.23,131904.97
2023-04-25,13.32,13.18,13.38,12.93,140468.89
2023-04-26,13.18,12.56,13.32,12.43,171244.01
2023-04-27,12.52,12.86,12.99,12.46,117672.54
2023-04-28,12.78,13.4,13.45,12.77,94300.49
2023-05-04,13.22,12.38,13.4,12.11,240579.69
2023-05-05,12.38,12.54,12.8,12.25,181146.23
2023-05-08,12.61,12.91,13.1,12.44,198716.35
2023-05-09,12.83,12.58,12.84,12.54,146200.97
2023-05-10,12.55,12.42,12.73,12.29,110058.86
2023-05-11,12.43,12.23,12.57,12.21,81018.74
2023-05-12,12.21,12.03,12.29,11.98,94084.5
2023-05-15,12.12,12.03,12.16,11.78,94418.09
2023-05-16,12.08,11.68,12.11,11.66,91632.82
2023-05-17,11.66,11.8,11.85,11.59,54593.52
2023-05-18,11.79,11.96,12.01,11.73,83608.88
2023-05-19,11.93,11.87,12.04,11.76,74659.84
2023-05-22,11.8,11.66,11.89,11.58,81123.2
2023-05-23,11.64,11.53,11.72,11.49,64603.92
2023-05-24,11.56,11.53,11.68,11.38,70722.01
2023-05-25,11.49,11.52,11.82,11.27,103351.71
2023-05-26,11.51,11.72,11.77,11.45,88763.53
2023-05-29,11.83,11.82,12.07,11.78,89395.06
2023-05-30,11.84,12.08,12.08,11.63,87878.46
2023-05-31,12.07,12.24,12.28,12.0,99817.04
2023-06-01,12.18,12.29,12.38,12.06,82189.0
2023-06-02,12.33,12.29,12.43,12.24,69242.43
2023-06-05,12.39,12.35,12.52,12.31,73707.63
2023-06-06,12.35,12.18,12.67,12.16,145007.43
2023-06-07,12.15,12.39,12.64,12.1,129107.74
2023-06-08,12.35,12.4,12.51,12.17,108551.89
2023-06-09,12.37,12.43,12.53,12.26,114789.21
2023-06-12,12.42,12.49,12.7,12.38,123441.68
2023-06-13,12.63,12.8,12.88,12.37,200109.22
2023-06-14,12.76,12.78,12.87,12.56,156185.98
2023-06-15,12.8,12.6,12.88,12.58,120714.95
2023-06-16,12.54,12.73,12.9,12.45,117670.0
2023-06-19,12.73,12.94,13.09,12.67,119011.37
2023-06-20,13.08,13.03,13.15,12.8,121335.66
2023-06-21,13.15,12.84,13.39,12.82,178737.19
2023-06-26,12.65,12.27,12.84,12.26,141964.99
2023-06-27,12.33,12.18,12.4,12.16,95551.79
2023-06-28,12.24,11.96,12.25,11.66,114620.81
2023-06-29,11.86,12.13,12.3,11.86,96648.28
2023-06-30,12.08,12.26,12.34,11.96,99065.02
2023-07-03,12.31,12.19,12.45,11.95,99122.92
2023-07-04,12.11,12.25,12.39,12.08,96925.18
2023-07-05,12.68,11.75,12.86,11.72,267553.29
2023-07-06,11.66,11.59,11.92,11.58,154398.68
2023-07-07,11.57,11.27,11.61,11.18,130979.97
2023-07-10,11.28,11.16,11.36,11.08,95711.76
2023-07-11,11.16,11.19,11.22,11.08,73550.42
2023-07-12,11.16,10.91,11.17,10.89,103617.33
2023-07-13,10.91,10.98,11.02,10.7,142054.47
2023-07-14,10.99,11.37,11.48,10.98,184782.0
2023-07-17,11.37,11.46,11.52,11.31,87856.58
2023-07-18,11.46,11.32,11.51,11.29,68882.32
2023-07-19,11.33,11.37,11.45,11.32,58019.28
2023-07-20,11.37,11.17,11.4,11.14,69764.26
2023-07-21,11.11,11.17,11.29,11.02,40436.0
2023-07-24,11.28,11.14,11.33,11.06,52004.03
2023-07-25,11.26,11.43,11.44,11.22,79603.48
2023-07-26,11.4,11.22,11.43,11.19,63353.98
2023-07-27,11.18,11.11,11.29,11.1,63742.46
2023-07-28,11.09,11.35,11.38,11.06,73972.0
2023-07-31,11.3,11.44,11.5,11.26,68204.0
2023-08-01,11.41,11.45,11.54,11.38,66845.56
2023-08-02,11.42,11.59,11.72,11.41,80355.93
2023-08-03,11.53,11.58,11.65,11.47,73087.31
2023-08-04,11.59,11.92,12.03,11.58,145345.0
2023-08-07,11.96,12.09,12.11,11.89,113068.24
2023-08-08,12.11,11.92,12.14,11.87,88816.77
2023-08-09,12.05,12.18,12.33,11.98,168051.0
2023-08-10,12.07,12.27,12.51,11.93,208790.74
2023-08-11,12.18,11.87,12.31,11.85,116472.53
2023-08-14,11.86,11.95,12.03,11.76,95391.97
2023-08-15,11.96,11.78,11.99,11.66,68125.41
2023-08-16,11.84,11.66,11.93,11.62,72031.99
2023-08-17,11.66,11.71,11.78,11.44,59413.45
2023-08-18,11.73,11.36,11.89,11.36,70803.0
2023-08-21,11.52,11.55,11.95,11.39,116450.53
2023-08-22,11.56,11.86,11.88,11.54,127111.0
2023-08-23,11.79,11.57,11.85,11.55,96619.29
2023-08-24,11.57,11.42,11.73,11.33,91450.0
2023-08-25,11.38,11.08,11.41,11.01,102166.0
2023-08-28,11.63,11.16,11.9,11.15,120582.51
2023-08-29,11.16,11.48,11.56,11.16,80711.1
2023-08-30,11.48,11.95,12.02,11.42,130716.38
2023-08-31,11.91,11.88,12.03,11.8,115616.25
2023-09-01,11.82,11.65,11.97,11.56,91352.02
2023-09-04,11.71,11.84,11.85,11.52,85205.0
2023-09-05,11.81,11.8,11.97,11.74,81987.51
2023-09-06,11.75,11.94,11.94,11.58,82624.02
2023-09-07,11.94,11.92,12.1,11.86,101467.14
2023-09-08,11.86,11.97,12.04,11.63,78696.58
2023-09-11,11.97,12.12,12.19,11.83,131307.88
2023-09-12,12.06,12.06,12.17,12.03,77921.67
2023-09-13,12.02,11.7,12.05,11.6,92734.0
2023-09-14,11.7,11.71,11.81,11.63,59290.16
2023-09-15,11.72,11.57,11.78,11.51,63745.74
2023-09-18,11.51,11.49,11.57,11.4,51367.28
2023-09-19,11.54,11.31,11.54,11.26,65639.57
2023-09-20,11.32,11.26,11.44,11.26,52328.15
2023-09-21,11.26,11.34,11.4,11.18,56121.45
2023-09-22,11.26,11.68,11.69,11.23,70078.19
2023-09-25,11.63,11.48,11.73,11.46,57658.0
2023-09-26,11.53,11.5,11.63,11.42,41980.79
2023-09-27,11.47,11.5,11.71,11.38,69424.87
2023-09-28,11.52,11.65,11.69,11.37,64168.89
2023-10-09,11.66,11.69,11.78,11.57,57727.0
2023-10-10,11.69,11.84,11.86,11.66,62987.99
2023-10-11,11.88,11.96,12.09,11.76,91499.29
2023-10-12,12.11,11.95,12.23,11.89,83454.14
2023-10-13,11.95,11.89,12.01,11.85,53236.28
2023-10-16,11.87,12.04,12.11,11.74,123934.47
2023-10-17,12.13,12.11,12.19,11.92,105869.66
2023-10-18,12.1,12.06,12.16,11.81,97791.64
2023-10-19,12.08,11.89,12.17,11.88,106170.06
2023-10-20,11.89,11.39,12.01,11.35,101050.0
2023-10-23,11.36,10.92,11.45,10.83,92438.16
2023-10-24,10.93,10.82,11.0,10.5,118691.03
2023-10-25,10.94,11.3,11.46,10.89,127511.9
2023-10-26,11.26,12.43,12.43,11.19,217171.29
2023-10-27,12.51,12.21,12.59,12.14,443668.03
2023-10-30,12.11,12.15,12.25,12.0,209676.79
2023-10-31,12.01,12.16,12.37,11.97,192565.26
2023-11-01,12.16,11.97,12.18,11.89,141396.94
2023-11-02,12.03,11.99,12.09,11.91,127933.78
2023-11-03,11.99,12.01,12.07,11.93,151198.77
2023-11-06,12.02,12.2,12.23,11.97,158212.66
2023-11-07,12.18,12.27,12.33,12.12,143583.28
2023-11-08,12.36,12.43,12.68,12.24,268222.65
2023-11-09,12.47,12.29,12.52,12.21,146027.64
2023-11-10,12.29,12.21,12.29,12.14,88403.09
2023-11-13,12.22,12.47,12.5,12.22,115175.92
2023-11-14,12.63,12.66,12.73,12.51,252709.89
2023-11-15,12.72,12.78,13.01,12.51,264462.02
2023-11-16,12.76,12.72,12.81,12.56,159913.79
2023-11-17,12.67,12.62,12.74,12.51,116911.37
2023-11-20,12.73,12.7,12.74,12.57,115660.98
2023-11-21,12.7,12.45,12.74,12.42,127587.66
2023-11-22,12.37,12.28,12.54,12.28,106309.91
2023-11-23,12.26,12.44,12.44,12.08,97243.03
2023-11-24,12.45,12.06,12.46,12.03,102420.48
2023-11-27,12.01,12.18,12.26,12.0,81509.0
2023-11-28,12.18,12.24,12.24,12.01,77707.53
2023-11-29,12.21,12.07,12.23,12.05,77079.72
2023-11-30,12.07,11.9,12.11,11.79,85453.37
2023-12-01,11.87,12.24,12.29,11.87,103266.96
2023-12-04,12.31,12.37,12.51,12.27,118347.02
2023-12-05,12.34,11.79,12.35,11.78,132838.92
2023-12-06,11.76,11.74,11.91,11.54,91915.34
2023-12-07,11.75,11.96,12.02,11.71,86253.09
2023-12-08,11.96,11.98,12.15,11.93,84460.14
2023-12-11,12.05,12.29,12.31,11.88,114750.75
2023-12-12,12.34,12.33,12.41,12.26,84296.0
2023-12-13,12.33,12.11,12.36,12.11,69240.0
2023-12-14,12.19,12.08,12.25,12.02,71760.76
2023-12-15,12.08,11.87,12.16,11.85,68918.27
2023-12-18,11.88,11.72,11.97,11.66,59901.27
2023-12-19,11.8,11.82,11.88,11.62,62336.0
2023-12-20,11.85,11.39,11.85,11.38,86277.87
2023-12-21,11.41,11.48,11.56,11.27,65584.51
2023-12-22,11.47,11.2,11.51,11.17,83085.46
2023-12-25,11.2,11.25,11.45,11.17,63668.01
2023-12-26,11.27,10.91,11.27,10.87,78036.42
2023-12-27,10.92,11.1,11.13,10.92,53272.41
2023-12-28,11.12,11.14,11.31,10.89,100414.81
2023-12-29,11.14,11.25,11.32,11.12,88575.0
2024-01-02,11.25,11.12,11.33,11.12,71459.0
2024-01-03,11.1,11.02,11.13,10.91,79844.05
2024-01-04,11.05,10.99,11.08,10.92,55799.29
2024-01-05,11.01,10.81,11.05,10.75,80771.56
2024-01-08,10.86,10.55,10.88,10.54,75863.0
2024-01-09,10.56,10.33,10.69,10.29,114220.82
2024-01-10,10.34,10.1,10.36,9.99,125838.64
2024-01-11,10.1,10.38,10.44,10.1,96670.77
2024-01-12,10.39,10.14,10.42,10.08,87127.48
2024-01-15,10.12,10.1,10.16,10.0,59079.0
2024-01-16,10.08,10.01,10.08,9.81,91753.82
2024-01-17,10.01,9.73,10.05,9.71,73012.88
2024-01-18,9.73,9.71,9.79,9.41,96249.62
2024-01-19,9.72,9.58,9.74,9.53,60016.05
2024-01-22,9.6,8.96,9.63,8.85,120006.35
2024-01-23,8.98,9.14,9.19,8.88,101018.06
2024-01-24,9.28,9.35,9.57,8.9,98380.5
2024-01-25,9.29,9.51,9.58,9.17,124849.56
2024-01-26,9.51,9.5,9.65,9.47,95751.85
2024-01-29,9.6,9.24,9.62,9.19,85509.99
2024-01-30,9.2,8.99,9.31,8.98,72298.0
2024-01-31,8.92,8.54,9.0,8.49,117718.37
2024-02-01,8.57,8.59,8.72,8.36,102690.23
2024-02-02,8.59,8.12,8.72,7.82,132584.29
2024-02-05,8.0,7.32,8.07,7.31,185138.18
2024-02-06,7.24,7.9,8.01,7.04,178391.25
2024-02-07,7.86,8.55,8.69,7.86,244927.68
2024-02-08,8.56,8.8,9.04,8.54,196115.99
2024-02-19,8.97,9.07,9.29,8.9,162366.05
2024-02-20,8.98,8.93,9.03,8.79,101058.35
2024-02-21,8.89,9.02,9.31,8.8,111689.74
2024-02-22,9.08,9.3,9.33,9.04,96899.34
2024-02-23,9.35,9.5,9.5,9.25,121387.0
2024-02-26,9.46,9.49,9.69,9.34,125976.4
2024-02-27,9.52,9.88,9.9,9.39,120733.43
2024-02-28,9.88,9.26,9.98,9.24,179549.9
2024-02-29,9.22,9.71,9.71,9.2,108968.75
2024-03-01,9.68,9.82,9.84,9.66,111465.42
2024-03-04,9.84,9.77,9.91,9.62,95191.0
2024-03-05,9.69,9.76,10.05,9.51,150417.18
2024-03-06,9.73,9.7,9.83,9.57,108788.62
2024-03-07,9.7,9.43,9.78,9.43,87469.0
2024-03-08,9.47,9.58,9.6,9.34,62644.0
2024-03-11,9.56,9.72,9.72,9.45,92957.27
2024-03-12,9.85,9.76,10.01,9.67,112617.24
2024-03-13,9.79,10.04,10.25,9.77,205282.14
2024-03-14,10.01,9.97,10.31,9.86,178424.11
2024-03-15,9.95,10.36,10.54,9.82,287566.61
2024-03-18,10.2,10.28,10.52,10.02,267666.46
2024-03-19,10.18,10.87,11.31,10.1,469839.14
2024-03-20,10.7,11.33,11.43,10.6,520513.83
2024-03-21,11.14,11.81,11.83,11.01,436514.89
2024-03-22,11.57,12.48,12.57,11.57,572213.88
2024-03-25,12.55,12.16,13.66,12.15,575874.18
2024-03-26,12.08,11.49,12.26,11.44,394463.32
2024-03-27,11.48,11.03,11.66,10.99,201454.01
2024-03-28,11.06,11.51,11.81,11.04,198087.03
2024-03-29,11.54,11.96,11.97,11.32,271571.06
2024-04-01,12.37,12.11,13.0,11.94,426776.97
2024-04-02,12.13,11.99,12.24,11.85,230172.11
2024-04-03,11.87,11.65,11.91,11.51,153234.13
2024-04-08,11.46,11.37,11.71,11.32,132098.43
2024-04-09,11.36,11.4,11.54,11.3,92609.5
2024-04-10,11.27,10.98,11.34,10.83,128035.26
2024-04-11,10.86,11.07,11.23,10.86,79657.8
2024-04-12,11.05,10.93,11.18,10.91,74540.97
2024-04-15,11.02,10.76,11.06,10.54,144448.26
2024-04-16,10.66,10.18,10.86,10.14,114748.92
2024-04-17,10.33,10.69,10.74,10.33,101639.1
2024-04-18,10.66,10.68,10.92,10.36,100002.8
2024-04-19,10.66,10.7,11.07,10.46,134715.0
2024-04-22,10.57,10.86,10.94,10.27,113140.08
2024-04-23,10.81,10.72,11.0,10.69,91177.0
2024-04-24,10.73,11.04,11.08,10.73,135638.0
2024-04-25,10.96,11.19,11.46,10.88,161370.22
2024-04-26,11.1,12.31,12.31,11.1,230598.79
2024-04-29,13.07,13.54,13.54,12.91,1141100.77
2024-04-30,13.62,13.46,13.89,13.08,842323.77
2024-05-06,13.34,13.25,13.52,13.05,558987.0
2024-05-07,13.27,13.25,13.49,13.15,406316.26
2024-05-08,13.13,13.14,13.35,12.65,438598.19
2024-05-09,13.2,13.12,13.26,12.95,237204.23
2024-05-10,13.12,13.15,13.39,12.93,317028.99
2024-05-13,12.91,12.83,13.09,12.69,309486.9
2024-05-14,12.75,12.8,12.9,12.7,141716.0
2024-05-15,12.78,12.63,12.92,12.59,156291.39
2024-05-16,12.65,12.69,13.01,12.63,163128.0
2024-05-17,12.71,12.8,12.98,12.53,182729.42
2024-05-20,12.85,12.73,12.88,12.63,154562.02
2024-05-21,12.66,12.71,12.79,12.63,89363.5
2024-05-22,12.65,12.67,12.84,12.63,111419.42
2024-05-23,12.63,12.29,12.83,12.21,218315.99
2024-05-24,12.21,11.93,12.41,11.89,187154.0
2024-05-27,11.94,11.98,12.11,11.71,137939.54
2024-05-28,11.89,11.78,12.05,11.73,100210.45
2024-05-29,11.72,11.66,11.95,11.54,105367.45
2024-05-30,11.62,11.65,11.78,11.46,81001.08
2024-05-31,11.68,11.77,11.91,11.66,87839.08
2024-06-03,11.72,11.74,11.82,11.59,101886.0
2024-06-04,11.71,11.92,11.98,11.58,107190.0
2024-06-05,11.91,11.74,12.05,11.72,70916.38
2024-06-06,11.73,11.45,11.87,11.36,145148.04
2024-06-07,11.47,11.43,11.66,11.3,87428.0
2024-06-11,11.35,11.48,11.57,11.29,68707.61
2024-06-12,11.48,11.65,11.71,11.46,68661.61
2024-06-13,11.7,11.59,11.81,11.53,49702.2
2024-06-14,11.59,11.83,11.83,11.51,79816.35
2024-06-17,11.81,11.58,11.86,11.48,93180.0
2024-06-18,11.63,11.57,11.72,11.54,87285.64
2024-06-19,11.66,11.45,11.68,11.45,56438.52
2024-06-20,11.39,11.28,11.52,11.26,95166.08
2024-06-21,11.26,11.13,11.31,11.09,74549.47
2024-06-24,11.09,10.02,11.21,10.02,348891.24
2024-06-25,10.01,9.39,10.07,9.33,373922.34
2024-06-26,9.45,9.41,9.55,8.93,400831.55
2024-06-27,9.38,9.33,9.49,9.29,193934.49
2024-06-28,9.34,9.31,9.47,9.23,157447.0
2024-07-01,9.34,9.39,9.48,9.3,126967.7
2024-07-02,9.45,9.49,9.62,9.42,132182.03
2024-07-03,9.57,9.27,9.64,9.23,171067.08
2024-07-04,9.26,8.81,9.39,8.8,220795.08
2024-07-05,8.81,8.87,8.94,8.66,118686.02
2024-07-08,8.98,8.64,9.02,8.6,111131.0
2024-07-09,8.67,9.0,9.09,8.53,143149.78
2024-07-10,8.86,8.53,8.86,8.42,181081.86
2024-07-11,8.68,8.88,9.38,8.64,339900.0
2024-07-12,8.84,8.7,8.88,8.67,129395.0
2024-07-15,8.7,8.56,8.74,8.51,96047.0
2024-07-16,8.55,8.57,8.64,8.47,97883.0
2024-07-17,8.62,8.52,8.63,8.5,68660.65
2024-07-18,8.45,8.38,8.52,8.27,125476.0
2024-07-19,8.32,8.57,8.71,8.32,91841.0
2024-07-22,8.62,8.68,8.77,8.46,112013.2
2024-07-23,8.68,8.44,8.73,8.44,85759.0
2024-07-24,8.39,8.23,8.48,8.22,83132.76
2024-07-25,8.14,8.25,8.38,8.12,68574.0
2024-07-26,8.28,8.4,8.44,8.23,70323.0
2024-07-29,8.42,8.46,8.54,8.32,83535.85
2024-07-30,8.41,8.57,8.68,8.39,79112.01
2024-07-31,8.56,8.88,8.9,8.51,145773.04
2024-08-01,8.9,8.99,9.03,8.84,117036.77
2024-08-02,8.93,8.71,9.01,8.69,86956.0
2024-08-05,8.67,8.38,8.84,8.38,99666.0
2024-08-06,8.46,8.54,8.57,8.41,64043.85
2024-08-07,8.55,8.58,8.67,8.5,71549.61
2024-08-08,8.53,8.48,8.63,8.33,65475.0
2024-08-09,8.48,8.4,8.61,8.39,41352.0
2024-08-12,8.39,8.25,8.4,8.21,48520.0
2024-08-13,8.25,8.32,8.34,8.19,35888.0
2024-08-14,8.33,8.28,8.39,8.27,30142.64
2024-08-15,8.24,8.4,8.54,8.17,74705.0
2024-08-16,8.43,8.41,8.53,8.4,55414.0
2024-08-19,8.39,8.58,8.84,8.39,102411.0
2024-08-20,8.58,8.3,8.61,8.29,67254.06
2024-08-21,8.3,8.2,8.4,8.18,56483.39
2024-08-22,8.2,8.07,8.38,8.06,65901.0
2024-08-23,8.07,8.26,8.35,8.07,65894.0
2024-08-26,8.24,8.16,8.31,8.1,61108.78
2024-08-27,8.16,8.0,8.2,7.98,63140.0
2024-08-28,7.99,8.02,8.14,7.86,70484.65
2024-08-29,7.99,8.26,8.31,7.96,69374.41
2024-08-30,8.33,8.47,8.67,8.24,97440.65
2024-09-02,8.47,8.16,8.56,8.15,115271.0
2024-09-03,8.21,8.34,8.36,8.13,81283.0
2024-09-04,8.19,8.15,8.29,8.13,64164.0
2024-09-05,8.22,8.39,8.63,8.22,114248.04
2024-09-06,8.43,8.23,8.66,8.23,127520.0
2024-09-09,8.15,8.19,8.48,8.04,133641.11
2024-09-10,8.2,8.27,8.37,8.04,152571.61
2024-09-11,8.24,8.2,8.29,8.14,81572.12
2024-09-12,8.25,8.35,8.44,8.22,117788.0
2024-09-13,8.31,8.14,8.37,8.14,85287.0
2024-09-18,8.13,8.11,8.39,7.94,126245.06
2024-09-19,8.12,8.44,8.45,8.09,162689.16
2024-09-20,8.44,8.57,8.67,8.4,151033.08
2024-09-23,8.65,8.66,8.75,8.59,138170.0
2024-09-24,8.65,9.53,9.53,8.61,299891.67
2024-09-25,10.24,9.93,10.48,9.84,894293.63
2024-09-26,9.67,9.91,9.98,9.55,630903.36
2024-09-27,9.88,10.29,10.43,9.88,615919.31
2024-09-30,10.93,11.32,11.32,10.61,780887.58
2024-10-08,12.45,12.45,12.45,11.49,785503.18
2024-10-09,12.08,11.3,12.21,11.24,550387.24
2024-10-10,11.3,10.96,11.67,10.9,330614.68
2024-10-11,10.76,10.57,11.02,10.42,265875.13
2024-10-14,10.7,11.03,11.14,10.25,297374.5
2024-10-15,10.94,10.8,11.57,10.7,390037.7
2024-10-16,10.6,11.09,11.51,10.58,379052.78
2024-10-17,11.29,11.22,11.51,11.04,385954.65
2024-10-18,11.1,11.34,11.59,10.89,463776.07
2024-10-21,11.4,11.76,11.78,11.4,435246.73
2024-10-22,11.66,11.29,11.66,11.14,369889.91
2024-10-23,11.29,11.41,11.84,11.17,366418.57
2024-10-24,11.49,11.39,11.71,11.37,244247.02
2024-10-25,11.44,11.85,12.47,11.41,599615.57
2024-10-28,11.92,11.81,11.97,11.69,367607.35
2024-10-29,11.76,12.99,12.99,11.75,465909.36
2024-10-30,13.23,12.47,13.23,12.29,767174.63
2024-10-31,12.19,12.27,12.42,11.89,586993.3
2024-11-01,12.14,11.04,12.14,11.04,554276.69
2024-11-04,10.82,12.15,12.15,10.82,466744.98
2024-11-05,12.16,12.46,12.66,11.89,638889.01
2024-11-06,12.39,12.49,12.98,12.29,446126.15
2024-11-07,12.41,12.74,12.77,12.15,385102.7
2024-11-08,12.88,12.68,13.19,12.64,417781.01
2024-11-11,12.58,13.13,13.19,12.57,394733.24
2024-11-12,13.26,12.96,13.84,12.82,513160.4
2024-11-13,12.86,12.7,13.03,12.49,297525.0
2024-11-14,12.73,12.51,13.28,12.45,314663.22
2024-11-15,12.47,12.03,12.74,11.99,284381.74
2024-11-18,12.1,11.36,12.21,11.27,251352.0
2024-11-19,11.4,11.67,11.68,11.25,187714.0
2024-11-20,11.8,12.17,12.49,11.63,324543.0
2024-11-21,12.17,12.11,12.44,11.9,220039.93
2024-11-22,12.09,11.66,12.48,11.64,250040.93
2024-11-25,11.7,11.87,12.05,11.43,287010.0
2024-11-26,12.24,11.77,12.37,11.77,303172.0
2024-11-27,11.74,11.85,11.86,11.19,295623.64
2024-11-28,12.29,12.04,12.55,12.01,540430.78
2024-11-29,11.98,12.14,12.29,11.77,390250.23
2024-12-02,12.02,12.24,12.25,11.93,311507.22
2024-12-03,12.23,12.14,12.33,11.85,269696.0
2024-12-04,12.09,11.73,12.12,11.64,221893.27
2024-12-05,11.65,11.92,11.98,11.63,162771.6
2024-12-06,11.98,12.28,12.49,11.84,359937.52
2024-12-09,12.27,12.06,12.39,11.94,198639.13
2024-12-10,12.45,12.39,12.74,12.21,381979.69
2024-12-11,13.16,13.63,13.63,12.76,893081.29
2024-12-12,13.87,14.06,14.43,13.67,1373356.7
2024-12-13,13.63,13.19,13.71,13.17,684071.13
2024-12-16,13.18,12.59,13.29,12.49,534775.85
2024-12-17,12.55,12.08,12.65,12.05,328469.56
2024-12-18,12.41,13.29,13.29,12.41,503374.36
2024-12-19,13.29,13.46,13.94,13.11,828592.06
2024-12-20,13.26,13.17,13.43,13.06,482783.49
2024-12-23,13.07,12.25,13.18,12.23,362564.48
2024-12-24,12.27,12.38,12.49,11.99,362560.7
2024-12-25,12.29,11.8,12.3,11.49,312302.77
2024-12-26,11.88,11.9,12.04,11.87,207087.74
2024-12-27,11.88,11.94,12.26,11.84,235997.29
2024-12-30,11.85,11.82,11.98,11.57,184846.89
2024-12-31,11.89,11.19,11.96,11.18,260010.25
2025-01-02,11.19,10.79,11.29,10.67,215528.16
2025-01-03,10.79,10.17,10.87,10.1,251934.0
2025-01-06,10.09,10.04,10.22,9.96,165928.0
2025-01-07,10.19,10.25,10.28,10.09,137593.0
2025-01-08,10.2,10.11,10.27,9.81,169166.0
2025-01-09,10.03,10.15,10.26,10.03,130344.0
2025-01-10,10.13,9.79,10.27,9.79,137255.65
2025-01-13,9.69,9.84,9.93,9.47,130710.82
2025-01-14,9.89,10.35,10.36,9.87,184311.59
2025-01-15,10.37,10.32,10.41,10.21,123125.9
2025-01-16,10.63,10.51,10.98,10.45,262412.0
2025-01-17,10.51,10.79,10.94,10.39,235868.14
2025-01-20,10.58,10.41,10.67,10.25,270103.07
2025-01-21,10.48,10.58,10.75,10.3,218639.14
2025-01-22,10.56,10.65,10.75,10.45,183014.0
2025-01-23,10.79,10.62,11.03,10.61,176162.14
2025-01-24,10.63,10.95,10.98,10.62,180416.39
2025-01-27,11.07,10.9,11.26,10.87,177832.65
2025-02-05,11.12,11.2,11.31,11.09,214704.39
2025-02-06,11.17,11.45,11.47,11.09,215274.31
2025-02-07,11.48,11.63,11.76,11.34,245880.89
2025-02-10,11.66,11.97,11.98,11.6,316366.92
2025-02-11,11.97,11.76,11.97,11.59,239344.0
2025-02-12,11.76,11.89,11.94,11.71,216065.6
2025-02-13,11.91,11.86,12.17,11.61,259966.65
2025-02-14,11.8,12.41,12.43,11.7,384676.41
2025-02-17,13.28,12.57,13.37,12.49,687513.51
2025-02-18,12.49,11.97,12.74,11.9,412049.27
2025-02-19,11.93,12.36,12.52,11.82,337975.12
2025-02-20,12.69,12.49,13.09,12.33,430062.05
2025-02-21,12.46,13.74,13.74,12.23,727254.09
2025-02-24,13.99,13.52,14.36,13.43,1002080.12
2025-02-25,13.15,13.2,13.45,13.0,473757.9
2025-02-26,13.17,13.26,13.37,12.84,434044.58
2025-02-27,13.31,12.91,13.44,12.66,403689.0
2025-02-28,12.75,12.2,12.86,12.11,312172.65
2025-03-03,12.34,13.42,13.42,12.11,431073.27
2025-03-04,13.69,13.38,13.93,13.28,862513.04
2025-03-05,13.46,13.75,13.94,13.22,757427.87
2025-03-06,13.82,13.85,14.19,13.65,792169.85
2025-03-07,13.51,13.34,13.68,13.25,563438.45
2025-03-10,13.31,13.08,13.36,12.85,359000.46
2025-03-11,12.79,13.02,13.14,12.75,227788.7
2025-03-12,13.23,13.05,13.3,13.02,261079.7
2025-03-13,13.12,12.71,13.14,12.58,265871.29
2025-03-14,12.83,12.89,13.01,12.63,231110.0
2025-03-17,13.14,13.07,13.71,13.03,484009.27
2025-03-18,13.18,14.38,14.38,13.1,618346.79
2025-03-19,14.08,13.76,14.19,13.66,790451.78
2025-03-20,13.97,14.5,15.14,13.71,1306700.26
2025-03-21,15.95,15.95,15.95,15.17,1360663.87
2025-03-24,15.37,14.35,15.98,14.35,1417178.47
2025-03-25,14.16,12.91,14.27,12.91,1043727.55
2025-03-26,12.54,12.42,12.78,12.34,720495.96
2025-03-27,12.42,12.23,12.56,12.18,457849.77
2025-03-28,12.3,12.05,12.71,12.05,426139.57
2025-03-31,11.84,11.91,11.97,11.41,525400.63
2025-04-01,11.98,11.66,12.04,11.61,291412.2
2025-04-02,11.59,11.68,11.95,11.59,220555.45
2025-04-03,11.5,11.4,11.75,11.33,251601.99
2025-04-07,10.54,10.26,10.77,10.26,209389.0
2025-04-08,10.0,10.07,10.27,9.67,416457.67
2025-04-09,9.89,10.29,10.38,9.32,376680.37
2025-04-10,10.5,10.6,10.86,10.48,330459.0
2025-04-11,10.41,10.75,10.92,10.39,317140.89
2025-04-14,10.98,10.85,11.07,10.79,272147.0
2025-04-15,10.87,10.73,10.91,10.66,176412.61
2025-04-16,10.65,10.49,10.71,10.3,184141.61
2025-04-17,10.39,10.42,10.64,10.33,139087.28
2025-04-18,10.45,10.51,10.63,10.35,131353.91
2025-04-21,10.51,10.87,10.91,10.39,202499.0
2025-04-22,11.09,11.13,11.37,11.06,425540.01
2025-04-23,11.24,11.14,11.43,11.03,322883.01
2025-04-24,11.14,10.78,11.17,10.76,213911.0
2025-04-25,10.79,10.85,10.93,10.69,150524.5
2025-04-28,10.67,10.53,10.77,10.46,191751.18
2025-04-29,10.47,10.57,10.63,10.37,120934.33
2025-04-30,10.64,10.69,10.81,10.57,133070.55
2025-05-06,10.87,11.26,11.27,10.85,279914.23
2025-05-07,11.44,11.12,11.51,11.03,250534.0
2025-05-08,11.09,11.34,11.37,11.08,214170.5
2025-05-09,11.34,11.21,11.51,11.15,231802.21
2025-05-12,11.31,11.36,11.4,11.22,195814.46
2025-05-13,11.48,11.22,11.53,11.17,180894.0
2025-05-14,11.19,11.3,11.41,11.1,176267.0
2025-05-15,11.24,10.98,11.3,10.95,164743.0
2025-05-16,10.91,10.94,11.06,10.88,103253.0
2025-05-19,11.0,11.1,11.21,10.84,162962.46
2025-05-20,11.1,11.23,11.41,10.99,181875.0
2025-05-21,11.23,11.15,11.23,11.03,121962.5
2025-05-22,11.08,10.91,11.17,10.91,133732.5
2025-05-23,11.01,11.03,11.54,10.95,430826.19
2025-05-26,10.92,11.09,11.17,10.92,237663.89
2025-05-27,11.13,11.06,11.14,10.9,161391.0
2025-05-28,11.01,10.95,11.11,10.91,149319.17
2025-05-29,10.95,12.05,12.05,10.91,691154.67
2025-05-30,12.78,12.08,12.85,12.0,1031395.44
2025-06-03,12.51,12.36,12.74,12.29,771544.96
2025-06-04,12.23,12.55,12.73,12.09,680790.0
2025-06-05,12.59,12.82,13.15,12.52,855928.3
2025-06-06,12.65,12.47,12.78,12.39,455358.48
2025-06-09,12.61,12.42,12.67,12.31,365207.0
2025-06-10,12.43,12.1,12.51,11.99,395421.0
2025-06-11,12.23,12.32,12.75,12.09,451106.42
2025-06-12,12.33,12.61,12.99,12.3,661756.31
2025-06-13,12.51,12.15,12.7,12.12,418598.02
2025-06-16,12.09,12.84,12.99,12.09,721701.66
2025-06-17,12.98,13.38,13.58,12.79,923573.99
2025-06-18,13.47,13.27,13.77,13.11,792989.08
2025-06-19,13.27,12.57,13.49,12.49,626045.33
2025-06-20,12.57,12.3,12.59,11.94,425996.02
2025-06-23,12.18,13.53,13.53,12.1,334890.16
2025-06-24,13.78,13.85,14.22,13.65,1227795.15
2025-06-25,13.82,14.37,14.84,13.6,1194423.28
2025-06-26,14.35,14.22,14.74,13.93,929206.16
2025-06-27,14.19,13.85,14.62,13.83,759753.06
2025-06-30,13.89,14.21,14.8,13.81,626279.28
2025-07-01,14.17,13.79,14.49,13.66,534891.76
2025-07-02,13.83,13.49,13.84,13.39,359200.0
2025-07-03,13.45,13.37,13.54,13.29,277943.5
2025-07-04,13.38,13.61,13.92,13.19,666740.14
2025-07-07,13.69,13.84,14.18,13.67,570001.11
2025-07-08,13.72,14.2,14.27,13.57,616705.7
2025-07-09,14.16,13.98,14.19,13.87,417519.01
2025-07-10,13.91,14.4,15.19,13.69,977082.03
2025-07-11,14.51,14.31,14.63,14.13,683071.05
2025-07-14,14.11,13.93,14.14,13.76,425053.96
2025-07-15,13.85,14.06,14.25,13.57,453273.93
2025-07-16,13.94,13.67,13.97,13.6,295899.0
2025-07-17,13.67,13.69,13.79,13.56,268661.5
2025-07-18,13.79,13.53,13.87,13.43,316166.4
2025-07-21,13.49,13.39,13.62,13.37,290050.0
2025-07-22,13.37,13.15,13.43,13.06,385202.0
2025-07-23,13.02,13.04,13.19,12.94,244943.0
2025-07-24,12.99,13.2,13.2,12.99,213837.4
2025-07-25,13.09,13.06,13.3,12.96,262691.19
2025-07-28,13.1,13.22,13.24,12.99,241483.96
2025-07-29,13.23,13.27,13.28,12.88,302827.65
2025-07-30,13.2,12.89,13.21,12.83,220071.72
2025-07-31,12.82,12.84,12.98,12.74,174396.91
2025-08-01,12.87,12.92,12.97,12.75,139873.44
2025-08-04,12.92,13.04,13.17,12.66,219703.9
2025-08-05,12.97,13.15,13.21,12.94,230852.11
2025-08-06,13.09,13.15,13.21,13.02,191300.95
2025-08-07,13.09,13.04,13.16,12.98,177094.14
2025-08-08,13.0,12.89,13.03,12.85,152735.53
2025-08-11,12.85,13.14,13.19,12.85,228171.65
2025-08-12,13.14,13.18,13.22,13.06,168064.86
2025-08-13,13.19,13.22,13.35,13.12,241933.83
2025-08-14,13.21,13.5,13.71,13.19,518232.24
2025-08-15,13.41,13.69,13.7,13.24,451605.45
2025-08-18,13.99,13.75,14.0,13.65,466114.15
2025-08-19,13.65,13.62,13.83,13.61,313432.28
2025-08-20,13.49,13.67,13.69,13.4,283919.55
2025-08-21,14.1,13.99,14.34,13.86,662188.69
2025-08-22,14.99,14.41,14.99,14.24,735727.73
2025-08-25,14.13,15.85,15.85,14.06,710090.33
2025-08-26,15.7,15.16,15.7,15.09,824191.71
2025-08-27,15.29,15.19,16.25,15.05,859219.26
2025-08-28,14.88,14.91,15.05,14.25,653224.13
2025-08-29,14.77,15.24,15.67,14.59,674599.66
2025-09-01,15.19,15.07,15.67,14.93,456704.52
2025-09-02,15.09,14.18,15.17,14.12,462206.45
2025-09-03,14.24,13.84,14.34,13.78,318320.18
2025-09-04,13.82,13.46,13.97,13.25,304106.88
2025-09-05,13.47,13.81,13.9,13.34,242289.92
2025-09-08,13.81,13.87,13.95,13.67,189880.87
2025-09-09,13.87,13.51,13.87,13.46,180933.76
2025-09-10,13.53,13.43,13.67,13.4,137121.31
2025-09-11,13.54,13.87,13.89,13.38,264022.64
2025-09-12,13.91,13.89,14.23,13.87,276800.04
2025-09-15,14.0,14.15,14.64,13.84,364569.19
2025-09-16,14.02,14.21,14.23,13.89,245261.33
2025-09-17,14.12,14.16,14.33,14.02,219991.99
2025-09-18,14.12,14.16,14.69,13.88,401500.81
2025-09-19,14.02,13.87,14.21,13.83,211399.84
2025-09-22,13.91,14.22,14.33,13.91,239540.18
2025-09-23,14.08,13.54,14.14,13.23,290235.45
2025-09-24,13.49,13.9,13.9,13.39,218594.0
2025-09-25,13.88,13.95,14.18,13.86,196313.49
2025-09-26,14.19,13.71,14.24,13.67,199367.13
2025-09-29,13.62,13.74,13.82,13.41,186266.73
2025-09-30,13.71,13.72,13.96,13.71,164304.06
2025-10-09,13.73,14.14,14.22,13.73,279498.0
2025-10-10,14.04,13.63,14.04,13.6,241833.1
2025-10-13,13.14,13.43,13.62,12.93,205997.28
2025-10-14,13.48,13.09,13.65,13.02,209470.63
2025-10-15,13.14,13.56,13.74,12.96,270499.92
2025-10-16,13.53,13.2,13.54,13.11,201549.97
2025-10-17,13.18,12.71,13.22,12.68,165861.05
2025-10-20,12.89,12.91,13.18,12.8,144836.4
2025-10-21,13.01,13.08,13.11,12.87,131883.0
2025-10-22,13.0,12.94,13.05,12.87,110388.0
2025-10-23,13.06,14.24,14.24,12.78,347065.07
2025-10-24,15.67,14.81,15.67,14.67,1880772.02
2025-10-27,14.67,15.18,15.42,14.29,1430957.19
2025-10-28,14.9,15.2,15.65,14.79,1199168.5
2025-10-29,15.39,16.72,16.72,15.21,724765.41
2025-10-30,17.24,18.39,18.39,17.0,1519344.91
2025-10-31,19.98,18.94,20.22,18.27,2456240.68
2025-11-03,18.39,20.83,20.83,17.66,2181584.42
2025-11-04,19.97,21.88,22.6,19.65,2523997.28
2025-11-05,21.88,21.24,23.01,20.84,2167707.86
2025-11-06,20.58,21.28,21.98,20.05,1981985.43
2025-11-07,20.49,19.54,20.88,19.39,1686082.22
2025-11-10,19.67,19.04,20.13,18.95,1393826.78
2025-11-11,19.11,18.85,19.37,18.8,949306.37
2025-11-12,18.78,18.39,18.98,18.29,727645.54
2025-11-13,18.34,18.44,18.69,18.22,622131.48
2025-11-14,18.5,18.04,18.76,18.0,716511.07
2025-11-17,18.03,18.93,19.16,18.02,1182753.98
2025-11-18,18.92,19.95,20.26,18.57,1605782.9
2025-11-19,19.39,18.15,19.4,18.01,1298404.1
2025-11-20,18.43,18.63,19.7,18.25,1063319.0
2025-11-21,18.07,17.29,18.38,17.23,986894.14
2025-11-24,17.28,17.7,17.85,17.08,648123.45
2025-11-25,17.79,17.96,18.33,17.72,537378.14
2025-11-26,17.86,17.53,17.98,17.49,474576.51
2025-11-27,17.4,17.28,17.84,17.26,359884.15
2025-11-28,17.27,17.52,17.59,17.19,294391.47
2025-12-01,17.41,17.53,17.61,17.34,292937.83
2025-12-02,17.48,17.18,17.48,17.06,305081.82
2025-12-03,17.26,16.56,17.3,16.5,364143.11
2025-12-04,16.73,16.59,16.87,16.52,319012.7
2025-12-05,16.59,17.02,17.1,16.5,411897.94
2025-12-08,17.06,17.51,17.75,17.03,587197.4
2025-12-09,17.41,17.14,17.56,17.1,315233.53
2025-12-10,16.09,16.48,16.54,16.0,470512.24
2025-12-11,16.45,16.34,16.59,16.31,318892.19
2025-12-12,16.28,16.26,16.41,16.0,274416.81
2025-12-15,16.14,16.47,16.78,16.1,445632.91
2025-12-16,16.39,15.9,16.45,15.9,318651.71
2025-12-17,15.79,16.16,16.26,15.62,276387.4
2025-12-18,16.03,15.94,16.18,15.89,169227.63
2025-12-19,15.99,15.84,16.12,15.79,202434.99
2025-12-22,16.0,16.15,16.29,15.93,220658.88
2025-12-23,16.43,15.97,16.57,15.79,528724.71
2025-12-24,15.88,16.15,16.19,15.86,266497.3
2025-12-25,16.25,16.31,16.38,16.12,267279.68
2025-12-26,16.31,16.68,16.92,16.27,448310.67
2025-12-29,16.57,16.45,16.64,16.31,348198.92
2025-12-30,16.4,16.35,16.69,16.25,352187.45
2025-12-31,16.29,16.54,16.84,16.14,387150.52
2026-01-05,16.64,16.94,16.97,16.28,476101.44
2026-01-06,16.92,17.46,17.61,16.81,680410.74
2026-01-07,17.48,17.16,17.68,17.08,557986.63
2026-01-08,17.24,18.11,18.88,17.12,1475499.55
2026-01-09,18.05,18.53,18.65,17.92,1198517.96
2026-01-12,18.53,19.96,20.29,18.29,1514970.17
2026-01-13,19.59,18.07,19.67,17.97,1219156.77
2026-01-14,17.83,18.68,19.21,17.83,1165522.13
2026-01-15,18.33,18.23,18.83,18.02,667279.87
2026-01-16,18.29,17.71,18.44,17.57,557471.69
2026-01-19,17.5,17.79,18.07,17.32,354393.85
2026-01-20,17.78,17.12,17.97,16.92,423336.79
2026-01-21,16.97,16.94,17.35,16.87,295167.82
2026-01-22,17.06,17.28,17.38,16.97,320164.94
2026-01-23,17.27,17.47,17.52,17.07,339480.68
2026-01-26,17.53,16.64,17.54,16.39,471618.51
2026-01-27,16.63,16.61,16.81,16.11,289839.6
2026-01-28,16.65,16.86,17.14,16.57,362858.12
2026-01-29,16.65,16.6,17.32,16.2,385263.59
2026-01-30,16.53,16.17,16.74,16.0,286752.26
2026-02-02,16.59,16.56,17.18,16.53,485814.63
2026-02-03,16.86,17.02,17.03,16.54,305345.59
2026-02-04,17.29,17.29,17.74,17.06,516796.88
2026-02-05,17.01,17.41,17.56,16.87,338311.44
2026-02-06,17.31,17.84,18.14,17.24,650134.21
2026-02-09,17.83,18.12,18.33,17.76,637087.12
2026-02-10,18.0,18.06,18.57,17.99,510328.33
2026-02-11,17.94,17.96,18.25,17.89,363565.35
2026-02-12,17.94,18.34,18.54,17.92,453420.33
2026-02-13,18.25,18.3,18.55,18.2,389857.05
2026-02-24,17.99,17.57,18.12,17.34,462740.44
2026-02-25,17.65,17.99,18.12,17.62,293429.81
2026-02-26,18.02,17.88,18.26,17.77,269436.09
2026-02-27,18.1,18.26,18.54,17.98,493934.01
2026-03-02,17.62,17.45,17.91,17.29,446664.28
2026-03-03,17.75,16.51,17.94,16.41,421137.06
2026-03-04,16.25,16.37,16.78,16.17,246462.83
2026-03-05,16.89,18.01,18.01,16.69,393221.26
2026-03-06,17.99,18.32,18.39,17.65,896127.24
2026-03-09,18.09,18.69,18.74,18.02,787002.17
2026-03-10,18.71,18.75,18.85,18.37,737347.37
2026-03-11,18.64,18.63,18.9,18.5,502003.42
2026-03-12,18.57,18.41,18.81,18.29,457474.71
2026-03-13,18.24,17.73,18.32,17.59,439890.76
2026-03-16,17.73,18.32,18.36,17.61,433980.56
2026-03-17,18.14,17.38,18.21,17.37,360275.36
2026-03-18,17.58,18.46,18.54,17.48,484571.74
2026-03-19,17.99,18.24,18.53,17.99,365064.38
2026-03-20,20.06,17.65,20.06,17.65,959259.67
2026-03-23,16.6,16.18,17.06,16.05,659488.8
2026-03-24,16.52,16.21,16.64,15.67,455655.42
2026-03-25,16.16,16.46,16.89,16.16,377564.06
2026-03-26,16.38,15.29,16.44,15.25,516848.94
2026-03-27,14.84,15.53,15.65,14.84,270905.22
2026-03-30,15.28,15.62,15.62,15.04,205335.55
2026-03-31,15.65,15.34,15.88,15.3,218580.49
2026-04-01,15.71,14.88,15.79,14.78,406030.12
2026-04-02,14.68,14.12,14.75,13.99,401920.99
2026-04-03,14.2,13.82,14.33,13.72,227604.46
2026-04-07,13.88,14.28,14.37,13.88,268545.67
2026-04-08,14.69,15.2,15.21,14.63,291882.28
2026-04-09,14.99,14.92,15.14,14.87,198346.94
2026-04-10,15.01,15.01,15.21,15.0,190463.43
2026-04-13,14.83,15.07,15.19,14.79,156017.83
2026-04-14,15.23,15.35,15.38,15.2,175545.9
2026-04-15,16.89,15.99,16.89,15.67,971393.15
2026-04-16,16.48,16.29,16.77,15.99,838533.04
2026-04-17,15.96,15.83,16.04,15.61,566013.25
2026-04-20,15.79,15.71,15.79,15.57,345414.16
2026-04-21,15.65,15.37,15.65,15.23,291425.9
2026-04-22,15.3,15.49,15.49,15.16,237166.2
2026-04-23,15.4,15.07,15.46,14.93,282056.4
2026-04-24,14.87,14.94,15.06,14.63,206022.0
2026-04-27,14.94,14.96,15.03,14.55,225501.16
2026-04-28,14.46,13.73,14.47,13.64,493775.4
2026-04-29,13.59,13.67,13.84,13.54,230970.82
2026-04-30,13.69,13.7,13.81,13.59,177106.84
2026-05-06,13.84,14.27,14.54,13.83,348988.68
2026-05-07,14.34,14.62,14.66,14.2,269627.36
2026-05-08,14.58,14.7,14.76,14.4,228629.24
2026-05-11,15.04,14.85,15.06,14.72,338591.93
2026-05-12,14.77,14.25,14.77,14.21,294461.4
2026-05-13,14.23,14.45,14.5,14.15,211950.31
2026-05-14,14.96,13.93,15.08,13.92,366212.03
2026-05-15,13.93,13.76,14.08,13.68,224741.18
2026-05-18,13.69,13.82,13.86,13.54,160833.71
2026-05-19,13.77,14.11,14.11,13.64,190297.05
2026-05-20,13.98,13.57,13.98,13.54,196524.36
2026-05-21,13.63,12.99,13.71,12.97,264003.99
2026-05-22,14.11,13.9,14.29,13.71,695463.73
2026-05-25,13.52,14.25,14.28,13.5,651387.54
2026-05-26,14.0,13.89,14.3,13.75,334948.63
2026-05-27,13.84,13.13,13.85,13.06,348236.53
2026-05-28,13.14,13.17,13.25,12.74,252293.75
2026-05-29,13.26,12.78,13.45,12.75,244130.0
2026-06-01,12.81,13.18,13.37,12.81,251366.03
2026-06-02,13.17,12.88,13.18,12.71,185905.7
2026-06-03,12.82,12.94,13.18,12.73,178637.97
2026-06-04,12.76,12.25,12.82,12.15,327588.2
2026-06-05,12.2,12.12,12.37,11.93,210584.94
2026-06-08,11.72,11.54,11.93,11.41,218841.79
2026-06-09,11.68,11.6,11.73,11.43,153398.64
2026-06-10,11.49,11.26,11.59,11.1,203459.88
2026-06-11,11.1,10.79,11.17,10.69,220191.94
2026-06-12,11.0,11.08,11.29,10.88,231836.8
2026-06-15,11.18,11.37,11.44,11.11,158889.32
2026-06-16,11.5,11.41,11.51,11.17,143661.89
2026-06-17,11.33,11.26,11.36,11.17,130560.1
2026-06-18,11.27,11.26,11.48,11.21,170012.72
2026-06-22,11.13,11.47,11.5,10.78,279892.37
2026-06-23,11.55,11.49,11.8,11.38,270825.96
2026-06-24,11.58,11.53,12.15,11.21,337940.41
2026-06-25,11.41,11.24,11.66,11.13,250831.94
2026-06-26,11.02,10.56,11.07,10.54,238720.31
2026-06-29,10.52,10.27,10.61,10.18,201168.72
2026-06-30,10.25,10.3,10.58,10.19,199165.0
2026-07-01,10.29,10.45,10.68,10.22,226662.73
2026-07-02,10.46,10.11,10.49,10.1,249091.82
2026-07-03,10.13,10.27,10.37,10.12,180109.47
2026-07-06,10.27,10.0,10.32,9.93,184375.46
2026-07-07,10.01,9.73,10.01,9.67,155330.88
2026-07-08,9.74,9.87,9.93,9.65,190550.0
2026-07-09,9.77,9.91,9.94,9.59,191819.12
2026-07-10,9.84,10.14,10.42,9.71,272837.02
2026-07-13,10.09,9.71,10.23,9.7,222991.17
2026-07-14,9.7,9.73,9.84,9.45,182989.96
2026-07-15,9.6,9.62,9.88,9.46,193065.01
2026-07-16,9.58,9.86,10.07,9.5,211781.65
2026-07-17,9.84,9.34,9.92,9.3,251062.57
2026-07-20,9.49,9.54,9.71,9.28,238174.89
2026-07-21,9.59,10.49,10.49,9.49,389800.29
2026-07-22,10.48,10.75,10.87,10.41,696755.77
2026-07-23,10.6,10.65,10.85,10.38,388361.01
2026-07-24,10.56,10.13,10.74,10.11,267784.49
2026-07-27,10.12,10.36,10.41,10.0,222695.56
2026-07-28,10.28,10.7,10.76,10.21,396541.94
2026-07-29,10.6,10.82,10.84,10.49,348646.09
2026-07-30,10.82,11.25,11.36,10.71,486114.98
2026-07-31,10.9,11.14,11.55,10.89,550247.0
2026-08-03,11.07,11.06,11.2,10.84,315636.31
2026-08-04,11.07,11.03,11.18,10.96,293211.55
2026-08-05,10.99,11.07,11.28,10.95,290678.08
2026-08-06,10.95,11.16,11.44,10.9,337222.74
2026-08-07,11.08,10.9,11.1,10.62,332381.12
2026-08-10,10.98,10.87,10.99,10.71,185642.23
2026-08-11,10.82,10.98,11.3,10.74,333749.95
2026-08-12,11.03,11.19,11.24,10.86,257040.44
2026-08-13,11.28,10.94,11.38,10.92,250220.84
2026-08-14,10.93,10.72,11.08,10.62,206928.58
2026-08-17,10.72,10.71,10.78,10.53,158985.0
2026-08-18,10.65,10.55,10.71,10.3,207690.23
2026-08-19,10.38,9.93,10.45,9.91,237575.49
2026-08-20,10.03,10.16,10.29,9.93,180443.51
2026-08-21,10.11,10.34,10.38,10.02,168118.02
2026-08-24,10.29,10.2,10.62,10.11,154994.0
2026-08-25,10.18,10.51,10.55,10.13,186670.0
2026-08-26,10.49,10.69,10.86,10.43,176903.8
2026-08-27,10.69,10.82,10.85,10.68,142686.84
2026-08-28,10.89,10.7,10.99,10.69,150029.0
2026-08-31,10.56,10.86,10.87,10.51,159002.04
2026-09-01,10.88,11.21,11.25,10.8,234128.04
2026-09-02,11.15,11.04,11.15,10.86,142543.0
2026-09-03,11.13,10.95,11.18,10.9,110230.97
2026-09-04,11.06,11.1,11.4,11.05,202963.75
2026-09-07,11.07,10.9,11.1,10.84,143797.85
2026-09-08,10.9,10.98,11.09,10.8,109064.0
2026-09-09,10.97,10.79,11.07,10.7,100683.46
2026-09-10,10.76,10.7,10.82,10.57,88372.0
2026-09-11,10.71,10.49,10.71,10.35,107981.69
2026-09-14,10.51,10.54,10.74,10.45,96799.64
2026-09-15,10.56,10.42,10.74,10.4,97009.31
2026-09-16,10.36,10.38,10.43,10.21,102969.0
2026-09-17,10.3,10.3,10.4,10.25,84290.89
2026-09-18,10.38,10.4,10.54,10.33,105840.6
