date,open,close,high,low,volume
2013-01-04,5.05,4.95,5.08,4.88,67245.24
2013-01-07,4.93,4.94,4.97,4.86,41067.76
2013-01-08,4.92,4.92,4.97,4.88,51221.0
2013-01-09,4.89,4.97,5.06,4.89,68435.35
2013-01-10,4.99,5.23,5.42,4.97,175669.45
2013-01-11,5.16,5.12,5.23,5.07,101606.56
2013-01-14,5.11,5.63,5.63,5.07,288564.52
2013-01-15,5.49,5.55,5.63,5.46,200044.5
2013-01-16,5.48,5.33,5.53,5.25,147456.83
2013-01-17,5.32,5.33,5.38,5.23,62025.05
2013-01-18,5.34,5.41,5.44,5.28,91435.7
2013-01-21,5.41,5.39,5.53,5.33,107261.23
2013-01-22,5.41,5.32,5.42,5.2,76685.72
2013-01-23,5.32,5.52,5.56,5.25,144129.21
2013-01-24,5.46,5.29,5.51,5.25,107072.2
2013-01-25,5.41,5.3,5.48,5.21,57763.57
2013-01-28,5.31,5.54,5.65,5.25,146257.92
2013-01-29,5.53,5.67,5.74,5.49,170108.88
2013-01-30,5.86,5.59,5.98,5.5,261399.62
2013-01-31,5.48,5.38,5.53,5.34,109979.39
2013-02-01,5.38,5.45,5.48,5.37,64841.5
2013-02-04,5.47,5.28,5.47,5.26,77588.42
2013-02-05,5.28,5.37,5.4,5.15,72556.28
2013-02-06,5.34,5.3,5.36,5.27,42500.91
2013-02-07,5.31,5.31,5.34,5.26,31046.07
2013-02-08,5.28,5.42,5.44,5.28,48917.51
2013-02-18,5.44,5.39,5.47,5.34,41767.5
2013-02-19,5.39,5.18,5.41,5.14,58036.65
2013-02-20,5.18,5.22,5.23,5.09,61405.56
2013-02-21,5.16,5.05,5.17,4.98,60007.59
2013-02-22,5.04,5.06,5.14,5.04,31891.72
2013-02-25,5.07,5.07,5.1,5.01,29697.81
2013-02-26,5.04,5.0,5.11,4.98,35634.14
2013-02-27,5.0,5.07,5.13,4.99,46001.54
2013-02-28,5.08,5.18,5.21,5.08,81248.11
2013-03-01,5.18,5.14,5.18,5.02,56274.74
2013-03-04,4.98,4.64,4.98,4.63,115076.26
2013-03-05,4.64,4.69,4.72,4.61,47912.1
2013-03-06,4.71,4.75,4.78,4.66,40469.47
2013-03-07,4.74,4.78,4.81,4.67,54685.5
2013-03-08,4.78,4.79,4.81,4.73,37830.44
2013-03-11,4.81,4.8,4.82,4.76,30323.86
2013-03-12,4.8,4.66,4.82,4.61,47876.65
2013-03-13,4.66,4.64,4.69,4.58,24383.45
2013-03-14,4.66,4.7,4.73,4.64,34440.53
2013-03-15,4.81,4.71,4.81,4.7,47527.46
2013-03-18,4.69,4.68,4.73,4.65,22241.3
2013-03-19,4.68,4.72,4.73,4.56,30599.24
2013-03-20,4.74,4.8,4.81,4.69,47079.68
2013-03-21,4.8,4.79,4.81,4.75,41741.94
2013-03-22,4.8,4.89,4.94,4.76,68355.41
2013-03-25,4.89,4.83,4.89,4.81,38443.65
2013-03-26,4.78,4.76,4.87,4.73,35599.72
2013-03-27,4.78,4.78,4.81,4.74,23483.7
2013-03-28,4.75,4.62,4.75,4.62,34250.44
2013-03-29,4.62,4.67,4.73,4.61,24406.6
2013-04-01,4.67,4.75,4.82,4.67,29604.25
2013-04-02,4.75,4.76,4.81,4.72,25360.89
2013-04-03,4.76,4.72,4.81,4.69,18185.84
2013-04-08,4.63,4.68,4.69,4.56,15273.41
2013-04-09,4.68,4.77,4.77,4.68,18749.32
2013-04-10,4.77,4.75,4.81,4.69,21069.46
2013-04-11,4.79,4.81,4.82,4.73,37665.35
2013-04-12,4.76,4.7,4.81,4.68,21790.37
2013-04-15,4.68,4.68,4.72,4.65,18117.82
2013-04-16,4.65,4.8,4.8,4.65,32950.47
2013-04-17,4.83,4.81,4.88,4.78,31894.05
2013-04-18,4.78,4.79,4.85,4.77,25160.74
2013-04-19,4.8,4.85,4.88,4.8,44378.49
2013-04-22,4.81,4.85,4.85,4.79,31354.84
2013-04-23,5.01,4.95,5.25,4.91,197814.99
2013-04-24,4.85,5.05,5.14,4.81,118174.68
2013-04-25,5.02,5.01,5.13,4.94,80309.77
2013-04-26,5.0,4.93,5.08,4.91,46654.58
2013-05-02,4.87,4.69,4.87,4.46,68480.84
2013-05-03,4.68,4.77,4.83,4.65,41020.41
2013-05-06,4.77,4.72,4.78,4.69,44488.45
2013-05-07,4.73,4.71,4.77,4.69,29307.34
2013-05-08,4.71,4.75,4.76,4.71,39422.86
2013-05-09,4.72,4.67,4.73,4.55,67955.05
2013-05-10,4.67,4.69,4.69,4.6,33910.46
2013-05-13,4.7,4.65,4.71,4.62,29219.46
2013-05-14,4.65,4.64,4.66,4.58,19667.95
2013-05-15,4.65,4.67,4.68,4.62,19349.97
2013-05-16,4.68,4.73,4.73,4.62,39016.18
2013-05-17,4.71,4.81,4.86,4.71,69767.89
2013-05-20,4.8,4.81,4.85,4.75,78398.86
2013-05-21,4.81,4.83,4.84,4.79,54666.36
2013-05-22,4.84,4.9,5.02,4.81,81669.07
2013-05-23,4.83,4.81,4.93,4.8,53315.05
2013-05-24,4.79,4.83,4.85,4.78,41571.14
2013-05-27,4.83,4.9,4.94,4.81,42946.07
2013-05-28,4.88,4.97,4.98,4.86,56153.64
2013-05-29,5.01,4.94,5.01,4.91,47823.73
2013-05-31,5.44,5.44,5.44,5.25,344186.64
2013-06-03,5.25,5.21,5.42,5.2,270219.08
2013-06-04,5.17,5.26,5.39,5.16,145170.07
2013-06-05,5.25,5.12,5.31,5.03,98766.26
2013-06-06,5.1,5.07,5.23,5.07,63075.93
2013-06-07,5.07,4.94,5.17,4.89,69834.86
2013-06-13,5.0,5.29,5.39,4.98,156005.47
2013-06-14,5.15,5.19,5.21,5.04,98110.01
2013-06-17,5.19,5.13,5.25,5.04,82678.94
2013-06-18,5.13,5.33,5.38,5.08,129163.83
2013-06-19,5.26,5.25,5.32,5.1,76547.94
2013-06-20,5.21,4.94,5.24,4.91,76044.53
2013-06-21,4.85,4.68,4.87,4.61,60672.71
2013-06-24,4.63,4.25,4.68,4.21,62338.19
2013-06-25,4.18,4.23,4.33,3.84,59625.44
2013-06-26,4.23,4.25,4.27,4.12,38454.78
2013-06-27,4.26,4.14,4.31,4.1,52490.58
2013-06-28,4.02,4.17,4.3,4.02,35544.44
2013-07-01,4.15,4.21,4.24,4.11,27146.58
2013-07-02,4.21,4.32,4.32,4.15,35801.22
2013-07-03,4.31,4.27,4.31,4.22,29360.08
2013-07-04,4.23,4.29,4.35,4.18,28628.03
2013-07-05,4.32,4.32,4.42,4.29,33773.16
2013-07-08,4.25,4.05,4.27,4.05,34019.37
2013-07-09,4.02,4.1,4.14,4.02,14433.7
2013-07-10,4.09,4.21,4.22,4.07,20709.07
2013-07-11,4.21,4.32,4.39,4.19,34674.55
2013-07-12,4.34,4.24,4.36,4.24,26927.58
2013-07-15,4.22,4.28,4.32,4.22,21087.18
2013-07-16,4.28,4.35,4.36,4.18,27532.07
2013-07-17,4.32,4.33,4.43,4.28,37357.56
2013-07-18,4.32,4.28,4.35,4.25,28332.98
2013-07-19,4.28,4.14,4.29,4.11,33463.29
2013-07-22,4.13,4.12,4.15,4.05,19795.87
2013-07-23,4.13,4.26,4.26,4.12,34428.75
2013-07-24,4.26,4.2,4.27,4.13,28686.59
2013-07-25,4.2,4.11,4.23,4.11,23349.58
2013-07-26,4.12,4.14,4.15,4.06,16026.91
2013-07-29,4.09,4.02,4.1,4.01,14629.27
2013-07-30,4.02,4.03,4.06,3.9,20507.63
2013-07-31,4.07,4.07,4.15,4.05,21697.33
2013-08-01,4.08,4.15,4.16,4.05,21528.02
2013-08-02,4.19,4.15,4.22,4.15,20305.95
2013-08-05,4.15,4.26,4.26,4.12,27355.51
2013-08-06,4.25,4.25,4.28,4.2,19576.19
2013-08-07,4.29,4.23,4.38,4.23,34088.17
2013-08-08,4.21,4.23,4.28,4.2,19755.53
2013-08-09,4.26,4.27,4.28,4.21,18937.49
2013-08-12,4.27,4.34,4.36,4.25,36128.63
2013-08-13,4.36,4.51,4.57,4.32,77657.64
2013-08-14,4.49,4.45,4.58,4.41,64813.06
2013-08-15,4.35,4.32,4.44,4.32,36014.71
2013-08-16,4.29,4.29,4.44,4.29,29136.81
2013-08-19,4.28,4.35,4.38,4.24,19782.07
2013-08-20,4.36,4.36,4.37,4.28,26711.46
2013-08-21,4.34,4.4,4.45,4.3,61288.28
2013-08-22,4.37,4.37,4.42,4.34,36682.05
2013-08-23,4.37,4.33,4.4,4.19,46346.4
2013-08-26,4.33,4.4,4.4,4.31,40863.82
2013-08-27,4.37,4.41,4.44,4.35,43772.74
2013-08-28,4.38,4.38,4.43,4.29,44402.74
2013-08-29,4.36,4.44,4.54,4.36,72937.94
2013-08-30,4.4,4.45,4.56,4.36,83941.43
2013-09-02,4.44,4.43,4.47,4.3,45257.21
2013-09-03,4.42,4.51,4.52,4.4,56280.85
2013-09-04,4.51,4.47,4.55,4.45,32003.56
2013-09-05,4.45,4.43,4.49,4.42,32550.47
2013-09-06,4.41,4.44,4.46,4.4,32790.29
2013-09-09,4.45,4.52,4.53,4.42,58334.56
2013-09-10,4.53,4.56,4.56,4.49,51665.13
2013-09-11,4.54,4.6,4.63,4.51,63688.25
2013-09-12,4.6,4.62,4.68,4.56,64938.08
2013-09-13,4.63,4.58,4.65,4.49,55694.74
2013-09-16,4.57,4.52,4.59,4.47,32413.81
2013-09-17,4.53,4.38,4.53,4.38,43039.77
2013-09-18,4.4,4.42,4.45,4.36,27771.86
2013-09-23,4.41,4.45,4.49,4.37,29120.68
2013-09-24,4.44,4.43,4.46,4.39,31468.66
2013-09-25,4.41,4.4,4.44,4.39,25985.75
2013-09-26,4.38,4.29,4.41,4.29,32052.63
2013-09-27,4.29,4.31,4.33,4.28,20874.86
2013-09-30,4.32,4.38,4.43,4.3,20814.19
2013-10-08,4.38,4.46,4.49,4.36,35053.52
2013-10-09,4.46,4.45,4.48,4.42,23503.19
2013-10-10,4.45,4.46,4.58,4.44,52618.32
2013-10-11,4.5,4.5,4.52,4.44,32847.04
2013-10-14,4.5,4.54,4.54,4.47,36674.8
2013-10-15,4.53,4.62,4.72,4.46,93472.86
2013-10-16,4.62,4.44,4.62,4.44,59035.84
2013-10-17,4.51,4.45,4.52,4.4,40091.03
2013-10-18,4.43,4.44,4.48,4.43,16764.69
2013-10-21,4.46,4.53,4.54,4.44,34190.0
2013-10-22,4.51,4.48,4.53,4.47,23534.67
2013-10-23,4.48,4.39,4.52,4.38,26243.19
2013-10-24,4.37,4.29,4.41,4.29,25418.61
2013-10-25,4.3,4.23,4.32,4.22,19128.06
2013-10-28,4.24,4.25,4.28,4.2,12337.57
2013-10-29,4.25,4.11,4.3,4.02,28966.18
2013-10-30,4.1,4.19,4.19,4.09,14982.23
2013-10-31,4.18,4.2,4.32,4.16,20413.05
2013-11-01,4.18,4.21,4.25,4.18,14650.34
2013-11-04,4.23,4.21,4.23,4.17,8236.34
2013-11-05,4.2,4.23,4.23,4.13,12686.84
2013-11-06,4.21,4.21,4.25,4.17,17413.65
2013-11-07,4.17,4.19,4.19,4.14,14149.42
2013-11-08,4.18,4.11,4.18,4.09,15397.22
2013-11-11,4.09,4.1,4.12,3.99,12735.24
2013-11-12,4.1,4.11,4.13,4.07,13678.72
2013-11-13,4.09,4.04,4.1,4.04,11435.94
2013-11-14,4.04,4.11,4.11,4.02,12866.94
2013-11-15,4.12,4.15,4.22,4.11,22662.13
2013-11-18,4.15,4.25,4.28,4.15,27518.47
2013-11-19,4.27,4.31,4.33,4.23,27295.78
2013-11-20,4.31,4.31,4.31,4.25,11162.49
2013-11-21,4.3,4.31,4.31,4.24,12766.82
2013-11-22,4.3,4.25,4.3,4.23,14338.1
2013-11-25,4.23,4.25,4.28,4.22,13896.4
2013-11-26,4.26,4.22,4.27,4.2,9997.02
2013-11-27,4.22,4.23,4.26,4.2,16102.8
2013-11-28,4.25,4.27,4.29,4.22,22298.23
2013-11-29,4.27,4.29,4.31,4.24,23810.87
2013-12-02,4.25,4.19,4.25,4.02,38036.73
2013-12-03,4.13,4.23,4.24,4.1,32311.85
2013-12-04,4.23,4.28,4.29,4.18,31539.05
2013-12-05,4.27,4.27,4.31,4.17,23672.84
2013-12-06,4.26,4.27,4.29,4.25,13359.59
2013-12-09,4.23,4.27,4.28,4.23,12857.83
2013-12-10,4.26,4.3,4.31,4.24,22930.54
2013-12-11,4.29,4.28,4.29,4.18,24989.29
2013-12-12,4.24,4.26,4.28,4.23,14021.92
2013-12-13,4.25,4.22,4.27,4.2,15811.86
2013-12-16,4.25,4.15,4.25,4.14,14029.33
2013-12-17,4.14,4.13,4.17,4.12,9619.17
2013-12-18,4.13,4.12,4.13,4.07,8705.57
2013-12-19,4.13,4.09,4.13,4.08,8958.59
2013-12-20,4.09,4.06,4.11,3.96,19285.97
2013-12-23,4.06,4.01,4.07,3.98,11550.23
2013-12-24,4.02,4.05,4.07,3.98,9915.0
2013-12-25,4.05,4.05,4.06,4.01,10277.2
2013-12-26,4.07,3.98,4.07,3.98,11120.4
2013-12-27,3.9,4.02,4.03,3.9,10138.78
2013-12-30,4.03,4.01,4.05,4.01,13496.35
2013-12-31,4.0,4.02,4.04,3.97,22266.69
2014-01-02,3.99,4.01,4.03,3.99,12066.14
2014-01-03,4.02,3.98,4.02,3.97,10834.41
2014-01-06,3.96,3.98,4.01,3.87,24353.69
2014-01-07,3.95,3.93,3.97,3.91,7904.42
2014-01-08,3.93,3.9,3.96,3.89,7276.07
2014-01-09,3.9,3.88,3.95,3.87,11129.74
2014-01-10,3.88,3.82,3.88,3.76,13255.67
2014-01-13,3.82,3.72,3.82,3.69,12872.32
2014-01-14,3.75,3.8,3.81,3.72,8086.38
2014-01-15,3.82,3.81,3.82,3.79,9692.6
2014-01-16,3.86,3.9,3.95,3.86,26919.08
2014-01-17,3.86,3.78,3.89,3.77,13748.51
2014-01-20,3.78,3.77,3.82,3.76,5756.04
2014-01-21,3.81,3.83,3.83,3.79,8053.1
2014-01-22,3.82,3.92,3.94,3.81,18383.47
2014-01-23,3.93,3.91,3.93,3.89,10530.67
2014-01-24,3.93,3.96,4.0,3.89,18200.24
2014-01-27,3.93,3.88,3.94,3.87,14501.67
2014-01-28,3.91,3.89,3.92,3.88,6248.91
2014-01-29,3.89,3.91,3.93,3.89,6355.27
2014-01-30,3.93,3.91,3.94,3.89,7188.69
2014-02-07,3.87,3.96,3.96,3.87,9931.84
2014-02-10,3.96,4.04,4.04,3.95,25718.94
2014-02-11,4.05,4.03,4.11,4.02,21855.3
2014-02-12,4.02,4.08,4.08,4.0,18453.49
2014-02-13,4.08,4.08,4.12,4.04,22516.57
2014-02-14,4.09,4.12,4.12,4.05,14484.32
2014-02-17,4.1,4.16,4.18,4.1,23624.9
2014-02-18,4.16,4.13,4.18,4.1,18940.84
2014-02-19,4.13,4.13,4.17,4.08,21909.29
2014-02-20,4.13,4.1,4.14,4.09,18408.75
2014-02-21,4.1,4.07,4.16,4.02,17631.48
2014-02-24,4.06,3.95,4.06,3.88,30183.87
2014-02-25,3.95,3.85,3.98,3.83,23481.66
2014-02-26,3.82,3.88,3.88,3.81,15342.77
2014-02-27,3.88,3.88,3.95,3.85,16633.74
2014-02-28,3.9,4.02,4.02,3.85,20577.04
2014-03-03,4.02,4.07,4.09,3.99,27182.21
2014-03-04,4.06,4.08,4.09,4.02,15379.12
2014-03-05,4.09,4.04,4.09,4.01,15220.18
2014-03-06,4.03,4.1,4.12,3.98,20926.17
2014-03-07,4.1,4.06,4.12,4.01,16040.2
2014-03-10,4.06,4.07,4.26,4.01,66573.33
2014-03-11,4.06,4.27,4.37,4.03,103209.06
2014-03-12,4.28,4.29,4.29,4.16,47610.29
2014-03-13,4.26,4.22,4.31,4.2,30356.93
2014-03-14,4.22,4.23,4.23,4.16,25059.96
2014-03-17,4.22,4.3,4.35,4.21,30427.34
2014-03-18,4.29,4.32,4.33,4.25,22798.12
2014-03-19,4.29,4.28,4.32,4.25,24982.76
2014-03-20,4.29,4.23,4.38,4.23,30146.13
2014-03-21,4.21,4.31,4.32,4.13,40105.14
2014-03-24,4.28,4.41,4.43,4.28,55675.7
2014-03-25,4.4,4.39,4.43,4.35,34851.65
2014-03-26,4.37,4.25,4.4,4.23,50320.25
2014-03-27,4.27,4.44,4.5,4.25,104343.83
2014-03-28,4.39,4.4,4.48,4.36,64404.89
2014-03-31,4.38,4.32,4.43,4.26,26474.26
2014-04-01,4.3,4.31,4.35,4.29,17206.0
2014-04-02,4.31,4.38,4.44,4.31,38256.9
2014-04-03,4.38,4.3,4.38,4.24,42981.1
2014-04-04,4.28,4.45,4.46,4.28,65401.56
2014-04-08,4.44,4.55,4.59,4.37,61136.5
2014-04-09,4.54,4.54,4.69,4.5,76336.58
2014-04-10,4.53,4.46,4.57,4.43,52463.37
2014-04-11,4.46,4.48,4.49,4.4,19925.59
2014-04-14,4.48,4.44,4.49,4.4,19567.16
2014-04-15,4.45,4.46,4.51,4.39,28365.72
2014-04-16,4.45,4.55,4.58,4.44,36455.96
2014-04-17,4.55,4.51,4.62,4.47,30931.21
2014-04-18,4.52,4.51,4.53,4.47,16446.58
2014-04-21,4.52,4.6,4.65,4.51,61433.44
2014-04-22,4.6,4.65,4.65,4.54,54564.49
2014-04-23,4.64,4.92,5.1,4.63,171099.24
2014-04-24,4.92,5.04,5.16,4.77,155581.55
2014-04-25,5.0,4.8,5.03,4.79,88452.12
2014-04-28,4.75,4.52,4.78,4.47,99919.14
2014-04-29,4.54,4.64,4.67,4.52,59565.16
2014-04-30,4.59,4.71,4.75,4.59,41168.96
2014-05-05,4.71,4.76,4.76,4.63,40484.77
2014-05-06,4.74,4.74,4.79,4.66,39581.45
2014-05-07,4.69,4.68,4.76,4.67,35395.16
2014-05-08,4.63,4.67,4.77,4.59,38227.4
2014-05-09,4.63,4.76,4.77,4.63,47561.45
2014-05-12,4.75,4.91,4.91,4.75,65566.56
2014-05-13,4.91,4.98,5.03,4.85,68468.22
2014-05-14,4.93,4.93,5.01,4.89,47540.04
2014-05-15,4.93,4.96,4.97,4.89,41525.08
2014-05-16,4.91,4.94,4.96,4.86,36911.41
2014-05-19,5.03,4.95,5.03,4.85,30861.96
2014-05-20,4.89,4.92,4.97,4.89,26617.01
2014-05-21,4.89,5.13,5.15,4.86,49344.41
2014-05-22,5.12,5.21,5.38,5.02,100567.47
2014-05-23,5.18,5.14,5.36,5.12,60058.28
2014-05-26,5.13,5.22,5.29,5.1,44230.0
2014-05-27,5.2,5.44,5.45,5.19,111802.6
2014-05-28,5.41,5.47,5.49,5.34,83995.56
2014-05-29,5.45,5.32,5.49,5.3,72189.53
2014-05-30,5.31,5.34,5.39,5.26,32976.55
2014-06-03,5.34,5.44,5.48,5.31,43367.95
2014-06-04,5.45,5.29,5.45,5.27,52371.36
2014-06-05,5.28,5.31,5.45,5.27,24761.85
2014-06-06,5.4,5.28,5.4,5.24,33729.25
2014-06-09,5.31,5.3,5.32,5.26,13977.87
2014-06-10,5.31,5.3,5.36,5.22,21568.83
2014-06-11,5.3,5.38,5.38,5.26,33786.5
2014-06-12,5.37,5.37,5.46,5.34,25377.1
2014-06-13,5.37,5.42,5.44,5.33,23585.79
2014-06-16,5.45,5.31,5.47,5.3,30286.75
2014-06-17,5.32,5.22,5.33,5.2,34976.12
2014-06-18,5.22,5.22,5.26,5.19,18577.46
2014-06-19,5.22,5.25,5.4,5.22,34941.44
2014-06-20,5.22,5.33,5.34,5.22,15627.22
2014-06-23,5.33,5.29,5.34,5.23,12951.17
2014-06-24,5.29,5.38,5.38,5.23,17296.78
2014-06-25,5.36,5.29,5.37,5.27,17574.82
2014-06-26,5.28,5.33,5.34,5.26,15946.42
2014-06-27,5.33,5.39,5.45,5.29,30880.07
2014-06-30,5.39,5.47,5.59,5.37,82739.58
2014-07-01,5.47,5.62,5.64,5.43,73466.68
2014-07-02,5.64,5.6,5.64,5.56,39738.47
2014-07-03,5.6,5.73,5.79,5.6,55716.48
2014-07-25,5.69,5.85,6.31,5.66,145493.76
2014-07-28,5.88,5.84,5.96,5.74,79412.05
2014-07-29,5.79,5.82,5.89,5.77,45640.59
2014-07-30,5.82,5.72,5.85,5.69,39826.52
2014-07-31,5.72,5.79,5.84,5.69,30743.37
2014-08-01,5.74,5.77,5.87,5.74,24725.19
2014-08-04,5.79,5.97,6.0,5.77,41756.87
2014-08-05,5.97,6.0,6.04,5.94,32549.93
2014-08-06,5.98,5.97,5.98,5.85,37390.18
2014-08-07,5.94,6.04,6.09,5.92,43360.07
2014-08-08,6.06,6.22,6.28,6.05,56011.46
2014-08-11,6.27,6.32,6.36,6.24,52558.14
2014-08-12,6.33,6.53,6.65,6.26,105131.3
2014-08-13,6.53,6.76,6.83,6.45,78295.14
2014-08-14,6.77,6.56,6.79,6.48,88490.15
2014-08-15,6.53,6.56,6.71,6.49,53606.35
2014-08-18,6.56,6.69,6.72,6.53,41731.28
2014-08-19,6.67,6.77,6.81,6.67,47388.04
2014-08-20,6.77,7.06,7.16,6.72,104536.26
2014-08-21,7.09,7.25,7.26,6.96,81008.47
2014-08-22,7.3,7.7,7.78,7.25,93636.73
2014-08-25,7.73,7.4,7.73,7.33,90372.44
2014-08-26,7.33,7.25,7.47,7.07,93191.8
2014-08-27,7.2,7.61,7.7,7.2,91648.14
2014-08-28,7.61,7.45,7.71,7.41,54989.45
2014-08-29,7.42,7.37,7.61,7.31,53108.66
2014-09-01,7.37,7.5,7.57,7.37,51573.04
2014-09-02,7.5,7.49,7.62,7.47,58124.35
2014-09-03,7.47,7.35,7.56,7.15,105544.16
2014-09-04,7.35,7.38,7.42,7.25,65335.4
2014-09-05,7.41,7.56,7.64,7.36,92853.95
2014-09-09,7.56,8.12,8.22,7.44,145294.06
2014-09-10,8.06,8.25,8.36,7.91,99520.23
2014-09-11,8.28,8.06,8.34,8.0,66360.93
2014-09-12,8.1,8.41,8.42,8.1,96104.91
2014-09-15,8.4,8.5,8.55,8.27,66902.84
2014-09-16,8.74,7.67,8.74,7.66,294543.03
2014-09-17,7.61,7.61,7.66,7.25,115062.73
2014-09-18,7.5,7.59,7.63,7.39,65077.73
2014-09-19,7.6,7.69,7.8,7.56,65382.31
2014-09-22,7.69,7.51,7.69,7.42,72556.48
2014-09-23,7.51,7.61,7.67,7.48,41535.07
2014-09-24,7.61,7.67,7.71,7.52,36172.64
2014-09-25,7.69,7.68,7.8,7.66,42719.26
2014-09-26,7.66,7.79,7.87,7.56,68849.54
2014-09-29,7.83,7.89,7.91,7.75,40337.97
2014-09-30,7.85,8.07,8.14,7.85,57116.64
2014-10-08,8.1,8.37,8.46,8.1,81786.3
2014-10-09,8.37,8.33,8.4,8.18,60378.64
2014-10-10,8.31,8.27,8.42,8.24,34836.69
2014-10-13,8.27,8.3,8.36,8.09,47847.04
2014-10-14,8.3,8.32,8.4,8.22,40920.74
2014-10-15,8.29,8.93,9.05,8.28,155068.63
2014-10-16,8.85,8.9,9.2,8.79,111174.98
2014-10-17,8.88,8.72,8.89,8.49,70982.76
2014-10-20,8.74,8.87,9.01,8.72,48107.62
2014-10-21,8.88,8.78,8.93,8.65,40546.03
2014-10-22,8.79,8.68,8.81,8.56,51522.87
2014-10-23,8.68,8.41,8.77,8.24,55519.07
2014-10-24,8.38,8.49,8.67,8.38,39699.13
2014-10-27,8.46,8.82,8.88,8.41,54114.54
2014-10-28,8.83,9.29,9.33,8.82,115487.82
2014-10-29,9.23,9.35,9.49,9.23,82281.06
2014-10-30,9.36,9.32,9.43,9.26,59931.86
2014-10-31,9.32,9.43,9.49,9.27,65467.5
2014-11-03,9.43,9.59,9.67,9.43,60875.77
2014-11-04,9.54,9.3,9.59,9.26,70132.7
2014-11-05,9.31,9.3,9.54,9.26,44651.35
2014-11-06,9.27,9.49,9.49,9.27,51624.11
2014-11-07,9.51,9.77,9.8,9.51,94677.31
2014-11-10,9.82,8.8,10.41,8.8,287537.58
2014-11-11,8.69,8.56,8.97,8.44,169424.21
2014-11-12,8.56,8.66,8.69,8.53,62168.63
2014-11-13,8.66,8.4,8.68,8.15,102022.87
2014-11-14,8.3,8.53,8.53,8.18,75762.2
2014-11-17,8.63,8.84,8.86,8.51,69679.24
2014-11-18,8.81,8.84,8.95,8.78,40100.03
2014-11-19,8.81,8.99,9.26,8.66,76662.84
2014-11-20,8.92,8.76,8.92,8.68,52963.15
2014-11-21,8.76,8.79,8.87,8.69,35273.71
2014-11-24,8.91,9.02,9.16,8.81,74410.34
2014-11-25,9.02,8.86,9.02,8.72,71314.09
2014-11-26,8.86,9.12,9.13,8.74,101315.11
2014-11-27,9.13,9.86,9.93,9.13,254966.75
2014-11-28,9.77,9.96,10.1,9.68,153227.65
2014-12-01,10.07,9.67,10.07,9.49,127822.04
2014-12-02,9.66,9.89,10.04,9.63,152070.51
2014-12-03,9.89,9.71,10.07,9.49,119208.12
2014-12-04,9.71,9.58,9.71,9.47,78192.2
2014-12-05,9.58,8.62,9.63,8.62,244625.18
2014-12-08,8.47,8.48,8.78,7.75,229174.61
2014-12-09,8.23,7.9,8.36,7.89,127200.06
2014-12-10,7.75,8.13,8.14,7.72,52313.87
2014-12-11,8.21,8.2,8.21,7.99,56498.52
2014-12-12,8.19,8.52,8.56,8.19,71134.89
2014-12-15,8.48,8.71,8.74,8.44,71284.17
2014-12-16,8.72,8.69,8.74,8.4,64188.82
2014-12-17,8.58,8.55,8.69,8.33,58435.51
2014-12-18,8.5,8.25,8.5,8.13,52404.64
2014-12-19,8.26,7.97,8.27,7.88,59009.07
2014-12-22,7.81,7.75,7.99,7.17,126446.81
2014-12-23,7.75,7.38,7.75,7.32,34456.01
2014-12-24,7.37,7.5,7.54,7.37,27053.29
2014-12-25,7.47,7.51,7.58,7.42,22277.32
2014-12-26,7.47,7.48,7.57,7.32,24898.78
2014-12-29,7.46,7.04,7.46,7.02,52905.97
2014-12-30,6.94,6.7,7.03,6.7,41320.27
2014-12-31,6.68,7.01,7.16,6.66,38512.64
2015-01-05,7.02,7.34,7.46,7.02,58746.31
2015-01-06,7.32,7.43,7.52,7.14,40041.96
2015-01-07,7.43,7.38,7.51,7.27,30206.74
2015-01-08,7.41,7.23,7.42,7.19,20036.39
2015-01-09,7.19,7.16,7.3,7.13,27527.31
2015-01-12,7.13,6.93,7.13,6.92,23991.24
2015-01-13,6.89,7.08,7.08,6.85,16234.08
2015-01-14,7.09,6.99,7.13,6.85,22129.81
2015-01-15,6.92,7.02,7.05,6.92,15311.48
2015-01-16,7.03,7.45,7.47,7.03,50366.39
2015-01-19,7.28,7.44,7.72,7.12,82324.39
2015-01-20,7.46,7.71,7.71,7.37,56501.46
2015-01-21,7.75,7.77,7.9,7.61,70213.31
2015-01-22,7.73,7.78,7.94,7.62,52230.5
2015-01-23,7.76,7.55,7.8,7.45,51392.86
2015-01-26,7.43,7.62,7.64,7.43,37086.26
2015-01-27,7.61,7.63,7.7,7.53,39531.27
2015-01-28,7.62,7.73,7.74,7.55,56230.14
2015-01-29,7.72,7.66,7.79,7.63,34502.29
2015-01-30,7.66,7.42,7.68,7.42,43863.01
2015-02-02,7.16,7.31,7.41,7.16,23111.31
2015-02-03,7.34,7.35,7.46,7.29,26110.11
2015-02-04,7.4,7.31,7.4,7.28,20823.88
2015-02-05,7.42,7.21,7.45,7.15,33814.29
2015-02-06,7.2,6.96,7.24,6.93,22158.55
2015-02-09,6.99,6.87,7.04,6.85,20885.98
2015-02-10,6.87,7.26,7.37,6.85,36882.57
2015-02-11,7.26,7.5,7.56,7.19,49343.54
2015-02-12,7.49,7.42,7.54,7.32,31732.63
2015-02-13,7.39,7.63,7.75,7.39,72883.31
2015-02-16,7.63,7.65,7.66,7.49,56386.13
2015-02-17,7.63,7.62,7.67,7.52,37119.41
2015-02-25,7.6,7.49,7.63,7.42,30518.42
2015-02-26,7.49,7.55,7.56,7.4,43520.24
2015-02-27,7.53,7.57,7.61,7.42,50821.43
2015-03-02,7.64,8.08,8.16,7.62,141831.06
2015-03-03,8.08,7.88,8.08,7.86,73981.04
2015-03-04,7.87,8.44,8.46,7.84,135207.43
2015-03-05,8.43,8.5,8.56,8.32,96103.31
2015-03-06,8.51,8.42,8.52,8.24,63573.41
2015-03-09,8.41,8.32,8.41,8.18,46740.32
2015-03-10,8.34,8.39,8.46,8.17,58345.27
2015-03-11,8.39,8.27,8.44,8.25,47451.32
2015-03-12,8.3,8.38,8.51,8.25,68338.06
2015-03-13,8.38,8.48,8.48,8.27,60350.61
2015-03-16,8.56,8.95,9.1,8.54,132785.8
2015-03-17,8.96,9.13,9.35,8.96,136765.44
2015-03-18,9.16,9.27,9.36,9.0,86046.88
2015-03-19,9.22,9.65,9.71,9.09,125508.35
2015-03-20,9.62,9.84,9.89,9.52,128329.47
2015-03-23,9.8,9.78,9.84,9.55,139386.36
2015-03-24,10.18,10.03,10.4,9.65,243809.06
2015-03-25,9.74,10.03,10.32,9.7,142115.98
2015-03-26,9.92,9.95,10.24,9.66,123328.01
2015-03-27,9.85,10.51,10.65,9.79,168075.64
2015-03-30,10.5,10.61,10.92,10.26,148610.59
2015-03-31,10.61,10.63,11.01,10.47,119432.01
2015-04-01,10.65,11.08,11.36,10.65,251935.82
2015-04-02,11.34,12.19,12.19,11.31,226684.05
2015-04-03,12.24,13.41,13.41,12.22,280932.85
2015-04-07,13.83,13.57,14.36,13.31,278676.62
2015-04-08,13.56,12.74,13.57,12.35,250007.14
2015-04-09,12.7,13.21,13.26,12.26,189180.86
2015-04-10,13.15,13.83,14.53,12.79,232255.46
2015-04-13,14.03,15.22,15.22,14.03,265470.5
2015-07-17,13.7,13.7,13.7,13.7,18291.0
2015-07-20,12.32,12.32,12.32,12.32,96564.0
2015-07-21,11.26,11.65,12.21,11.14,818929.26
2015-07-22,11.16,11.07,11.34,10.51,552983.67
2015-07-23,10.92,11.32,11.72,10.52,459164.71
2015-07-24,11.21,10.85,11.49,10.73,338732.75
2015-07-27,10.52,9.77,10.7,9.77,306648.87
2015-07-28,8.97,9.16,9.72,8.79,307611.9
2015-07-29,9.48,9.42,9.61,8.63,178937.55
2015-07-30,9.43,9.5,9.96,9.21,222676.17
2015-07-31,9.26,9.55,9.82,9.23,146152.87
2015-08-03,9.64,8.6,9.69,8.59,152579.83
2015-08-04,8.26,9.03,9.09,8.26,129429.52
2015-08-05,8.97,9.01,9.19,8.64,113435.33
2016-03-01,9.01,8.64,9.75,8.12,316769.63
2016-03-02,8.39,9.11,9.38,8.2,287197.27
2016-03-03,9.11,10.02,10.02,8.99,234665.63
2016-03-04,10.3,9.22,10.47,9.09,334609.22
2016-03-07,9.06,9.06,9.44,8.97,204886.66
2016-03-08,8.93,9.36,9.53,8.69,242534.1
2016-03-09,9.01,8.77,9.1,8.73,126682.11
2016-03-10,8.76,8.35,8.95,8.3,117013.12
2016-03-11,8.2,8.01,8.29,7.86,110381.71
2016-03-14,8.11,8.36,8.54,8.11,111332.09
2016-03-15,8.35,8.21,8.4,8.13,62638.47
2016-03-16,8.38,7.92,8.38,7.87,78191.26
2016-03-17,7.94,8.2,8.32,7.93,97868.04
2016-03-18,8.28,8.61,8.68,8.18,142501.55
2016-03-21,8.73,9.18,9.21,8.63,192114.56
2016-03-22,9.04,9.13,9.28,8.88,168368.59
2016-03-23,9.07,9.44,9.62,9.04,154706.12
2016-03-24,9.25,9.16,9.48,9.12,112511.7
2016-03-25,9.0,9.3,9.58,9.0,93192.64
2016-03-28,9.27,9.59,10.0,9.27,172821.51
2016-03-29,9.52,10.55,10.55,9.5,300120.22
2016-03-30,10.68,11.61,11.61,10.68,248577.54
2016-03-31,12.77,12.77,12.77,12.25,563803.37
2016-04-01,12.3,12.49,13.23,12.09,480635.48
2016-04-05,12.45,12.59,13.05,12.26,391331.55
2016-04-06,12.59,12.97,13.15,12.32,397276.12
2016-04-07,12.97,12.65,12.97,12.45,220644.42
2016-04-08,12.64,12.45,12.92,12.11,220346.36
2016-04-11,12.68,12.55,12.87,12.32,271181.44
2016-04-12,12.3,12.29,12.4,11.66,255186.11
2016-04-13,12.15,12.3,12.46,12.03,169390.04
2016-04-14,12.35,12.47,12.54,12.05,132116.48
2016-04-15,12.38,12.21,12.38,12.02,114101.5
2016-04-18,12.21,12.42,12.65,12.06,144628.78
2016-04-19,12.43,12.28,12.45,12.06,85762.16
2016-04-20,12.3,11.44,12.47,11.05,139063.55
2016-04-21,11.4,11.33,11.87,11.1,97605.61
2016-04-22,11.33,11.62,11.64,11.18,71427.64
2016-04-25,11.44,11.71,11.87,11.19,68876.96
2016-04-26,11.82,11.85,12.0,11.65,68978.99
2016-04-27,11.71,11.61,11.96,11.6,54758.0
2016-04-28,11.73,11.47,11.78,11.17,59522.72
2016-04-29,11.51,11.81,11.98,11.31,79398.05
2016-05-03,11.9,12.18,12.35,11.83,74686.31
2016-05-04,12.09,12.4,12.6,12.07,143652.74
2016-05-05,12.4,12.41,12.47,12.22,60033.24
2016-05-06,12.36,12.05,12.4,11.75,90008.33
2016-05-09,11.95,10.84,11.98,10.84,62416.57
2016-05-10,10.6,10.66,10.93,10.38,55350.39
2016-05-11,10.76,10.22,10.85,10.17,33760.45
2016-05-12,10.03,10.42,10.47,9.91,62044.87
2016-05-13,10.41,10.49,10.61,10.24,55860.96
2016-05-16,10.44,10.78,10.81,10.33,47104.61
2016-05-17,10.78,10.73,10.83,10.57,34356.35
2016-05-18,10.74,11.81,11.81,10.6,186771.94
2016-05-19,11.81,12.68,12.99,11.73,237483.78
2016-05-20,12.49,12.48,12.95,12.33,216736.24
2016-05-23,12.45,12.5,12.88,12.33,146072.44
2016-05-24,12.4,11.92,12.48,11.78,154991.96
2016-05-25,11.97,11.69,12.11,11.58,89815.32
2016-05-26,11.56,12.27,12.28,11.56,138598.55
2016-05-27,12.4,12.89,13.32,12.4,231768.72
2016-05-30,12.68,12.85,13.14,12.55,149552.21
2016-05-31,12.8,14.13,14.13,12.74,205713.89
2016-06-01,14.42,14.59,14.95,14.04,247099.92
2016-06-02,14.68,14.5,14.73,14.2,143792.46
2016-06-03,14.5,14.28,14.72,14.19,117339.65
2016-06-06,14.19,14.13,14.59,14.03,113927.96
2016-06-07,14.13,14.22,14.36,13.64,116285.11
2016-06-08,14.17,13.96,14.5,13.95,81863.14
2016-06-13,13.62,12.84,14.34,12.82,128492.56
2016-06-14,12.87,13.21,13.39,12.64,157217.72
2016-06-15,12.93,13.53,13.76,12.89,160228.19
2016-06-16,13.59,13.3,13.64,13.17,111888.34
2016-06-17,13.36,13.22,13.45,13.04,102110.55
2016-06-20,13.09,13.88,14.07,12.92,155730.48
2016-06-21,14.17,13.69,14.31,13.4,131186.21
2016-06-22,13.78,13.94,14.15,13.55,102292.29
2016-06-23,13.78,13.46,13.83,13.31,68594.09
2016-06-24,13.39,13.14,13.57,12.28,110499.97
2016-06-27,13.08,13.53,13.66,12.87,64101.8
2016-06-28,13.59,13.94,14.58,13.47,162257.82
2016-06-29,14.1,14.15,14.83,13.95,132499.05
2016-06-30,14.07,14.25,14.42,13.77,106164.54
2016-07-01,14.13,14.51,14.67,14.13,135629.36
2016-07-04,14.53,15.41,15.68,14.51,198221.49
2016-07-05,15.65,15.86,16.41,15.23,274316.48
2016-07-06,15.68,15.79,15.89,15.41,111716.88
2016-07-07,16.03,16.18,16.61,15.55,177075.38
2016-07-08,16.18,15.69,16.27,15.68,120541.72
2016-10-11,14.14,15.31,16.41,14.12,365254.99
2016-10-12,15.03,16.84,16.84,15.01,215066.5
2016-10-13,17.41,18.53,18.53,17.03,425462.29
2016-10-14,18.04,17.23,18.12,16.94,375377.24
2016-10-17,17.4,16.59,17.4,16.36,314121.3
2016-10-18,16.51,16.71,16.8,16.15,227486.49
2016-10-19,16.56,16.47,16.81,16.31,191044.05
2016-10-20,16.46,16.08,16.61,15.85,237490.12
2016-10-21,16.01,16.16,16.33,15.83,164619.14
2016-10-24,16.08,16.17,16.32,15.91,129614.11
2016-10-25,16.17,15.82,16.2,15.63,170934.35
2016-10-26,15.74,15.89,16.05,15.57,116930.12
2016-10-27,15.79,15.86,15.93,15.52,88318.57
2016-10-28,15.86,15.41,16.23,15.37,182128.21
2016-10-31,15.19,15.25,15.47,14.67,128416.96
2016-11-01,15.13,15.42,15.53,15.13,96036.87
2016-11-02,15.39,15.77,16.09,15.24,151520.85
2016-11-03,15.56,15.9,16.15,15.56,144101.67
2016-11-04,15.78,15.94,16.15,15.78,118649.7
2016-11-07,15.79,15.77,16.08,15.71,76821.52
2016-11-08,15.81,16.28,16.36,15.75,120597.87
2016-11-09,16.33,16.04,16.35,15.79,84777.52
2016-11-10,16.07,16.28,16.44,16.07,77514.87
2016-11-11,16.32,16.36,16.49,16.15,83854.56
2016-11-14,16.18,16.21,16.44,16.03,62864.95
2016-11-15,16.22,15.98,16.29,15.93,45193.93
2016-11-16,15.89,15.57,16.03,15.5,60211.27
2016-11-17,15.57,15.64,15.72,15.4,27524.19
2016-11-18,15.72,15.65,15.9,15.57,27553.33
2016-11-21,15.59,15.68,15.73,15.53,21496.79
2016-11-22,15.7,15.7,15.79,15.6,28763.17
2016-11-23,15.7,15.33,15.7,15.32,49011.5
2016-11-24,15.29,15.36,15.47,14.91,53386.2
2016-11-25,15.3,15.17,15.56,15.14,34052.57
2016-11-28,15.17,14.83,15.26,14.83,41831.49
2016-11-29,14.83,15.19,15.29,14.37,80332.07
2016-11-30,15.18,14.83,15.18,14.74,33239.7
2016-12-01,14.82,14.74,14.86,14.64,23057.18
2016-12-02,14.82,14.78,15.26,14.74,44288.53
2016-12-05,14.46,14.75,14.83,14.37,29605.19
2016-12-06,14.77,14.95,14.96,14.64,31892.59
2016-12-07,14.94,15.02,15.13,14.77,22149.09
2016-12-08,15.04,15.03,15.18,14.92,24649.46
2016-12-09,15.1,14.9,15.12,14.55,38390.18
2016-12-12,14.81,14.59,14.9,13.41,55458.84
2016-12-13,14.44,14.58,14.59,14.18,20175.19
2016-12-14,14.39,14.55,14.63,14.39,14794.57
2016-12-15,14.56,14.72,14.72,14.21,46356.89
2016-12-16,14.7,14.55,14.7,14.36,26410.21
2016-12-19,14.55,14.56,14.56,14.38,26392.45
2016-12-20,14.51,14.71,14.83,14.43,22964.3
2016-12-21,14.66,15.68,16.08,14.64,80615.56
2016-12-22,15.8,15.69,15.96,15.54,49072.5
2016-12-23,15.74,15.38,15.76,15.23,30069.01
2016-12-26,15.41,15.25,15.44,14.92,20627.46
2016-12-27,15.25,15.57,15.62,15.05,33038.58
2016-12-28,15.46,15.41,15.83,15.41,23492.16
2016-12-29,15.41,15.62,16.08,15.33,40729.06
2016-12-30,15.71,15.67,15.79,15.48,26956.73
2017-01-03,15.58,15.55,15.81,15.47,26484.05
2017-01-04,15.47,15.3,15.55,15.16,39434.83
2017-01-05,15.13,15.42,15.43,15.13,29888.43
2017-01-06,15.4,15.08,15.4,14.93,31733.07
2017-01-09,15.08,14.75,15.13,14.56,27200.79
2017-01-10,14.76,14.82,14.93,14.75,13802.96
2017-01-11,14.88,14.55,14.89,14.55,20776.86
2017-01-12,14.57,14.56,14.69,14.49,12628.4
2017-01-13,14.55,14.34,14.6,14.23,18145.18
2017-01-16,14.39,13.56,14.39,12.9,61861.51
2017-01-17,13.54,13.54,13.69,13.25,21462.19
2017-01-18,13.42,13.54,13.86,13.38,22343.52
2017-01-19,13.41,13.11,13.49,13.11,20119.95
2017-01-20,13.12,13.5,13.58,13.02,29445.63
2017-01-23,13.48,13.54,13.74,13.48,14196.4
2017-01-24,13.48,13.78,13.78,13.32,15163.82
2017-01-25,13.71,13.73,13.86,13.59,8039.42
2017-01-26,13.74,13.88,13.94,13.74,6615.64
2017-02-03,14.0,13.64,14.0,13.54,9554.65
2017-02-06,13.57,13.77,13.85,13.57,10753.42
2017-02-07,13.77,13.56,13.77,13.55,15277.35
2017-02-08,13.56,13.86,14.02,13.49,22285.7
2017-02-09,13.8,14.04,14.25,13.8,21249.68
2017-02-10,14.07,14.17,14.28,14.06,16470.76
2017-02-13,14.17,14.36,14.63,13.95,44894.96
2017-02-14,14.36,14.24,14.36,13.93,29883.81
2017-02-15,14.14,13.99,14.31,13.97,19457.48
2017-02-16,14.16,14.05,14.45,13.92,30624.66
2017-02-17,13.99,13.97,14.13,13.91,15484.2
2017-02-20,13.9,13.97,14.05,13.84,12689.82
2017-02-21,14.02,13.93,14.03,13.89,17890.02
2017-02-22,13.92,14.31,14.34,13.92,26154.28
2017-02-23,14.52,15.02,15.5,14.52,79263.13
2017-02-24,14.96,14.77,15.19,14.7,35677.35
2017-02-27,15.02,14.81,15.2,14.76,34172.8
2017-02-28,14.78,15.06,15.38,14.78,32606.66
2017-03-01,15.09,15.56,16.03,15.09,66757.34
2017-03-02,15.49,15.26,15.88,15.14,56582.61
2017-03-03,15.29,15.26,15.5,15.18,23285.08
2017-03-06,15.37,15.5,15.72,15.31,36822.12
2017-03-07,15.51,15.23,15.66,15.03,33886.71
2017-03-08,15.22,15.11,15.29,15.03,16127.02
2017-03-09,15.04,14.83,15.14,14.79,23926.08
2017-03-10,14.71,14.88,15.03,14.71,15976.4
2017-03-13,14.85,15.06,15.17,14.81,16155.04
2017-03-14,15.18,15.09,15.22,14.91,16715.85
2017-03-15,15.07,14.74,15.09,14.69,17074.99
2017-03-16,14.71,15.07,15.1,14.71,17225.73
2017-03-17,15.01,14.6,15.17,14.51,40828.34
2017-03-20,14.59,14.66,14.78,14.45,19187.31
2017-03-21,14.61,14.36,14.72,14.35,25066.36
2017-03-22,14.36,14.44,14.52,14.07,24789.24
2017-03-23,14.4,14.24,14.46,14.12,16898.22
2017-03-24,14.24,14.04,14.31,13.83,26990.11
2017-03-27,14.04,14.12,14.16,13.92,17489.68
2017-03-28,14.14,14.54,14.78,13.97,67157.75
2017-04-07,14.81,14.21,14.81,13.99,36366.99
2017-04-10,14.03,13.7,14.27,13.59,31902.41
2017-04-11,13.7,14.0,14.45,13.25,42570.98
2017-04-12,13.83,13.69,13.95,13.54,22758.42
2017-04-13,13.74,13.8,13.96,13.59,18013.17
2017-04-14,13.74,13.82,14.09,13.6,19689.05
2017-04-17,13.4,13.27,13.66,13.11,19105.76
2017-04-18,13.26,13.33,13.59,13.26,8977.79
2017-04-19,13.11,13.04,13.44,13.01,12426.98
2017-04-20,13.03,12.7,13.14,12.6,15231.85
2017-04-21,12.72,12.41,12.83,12.28,15380.01
2017-04-24,12.27,11.86,12.38,11.48,17774.27
2017-04-25,11.79,11.87,12.02,11.69,9455.94
2017-04-26,11.87,11.91,11.97,11.79,7558.18
2017-04-27,11.99,11.78,11.99,11.39,18216.59
2017-04-28,11.78,11.98,12.04,11.63,11209.02
2017-05-02,11.98,11.71,12.09,11.63,12062.01
2017-05-03,11.72,11.77,11.87,11.68,9743.82
2017-05-04,11.7,11.47,11.86,11.47,12545.44
2017-05-05,11.48,11.44,11.53,11.37,10026.93
2017-05-08,11.45,11.24,11.57,11.21,15889.94
2017-05-09,11.2,10.91,11.2,10.78,16823.87
2017-05-10,10.98,11.46,11.66,10.98,35466.01
2017-05-11,11.39,11.72,11.73,11.24,31150.21
2017-05-12,11.67,11.6,11.67,11.49,12472.11
2017-05-15,11.72,11.53,11.85,11.52,18120.5
2017-05-16,11.49,11.59,11.63,11.26,17984.75
2017-05-17,11.6,11.57,11.77,11.54,17816.3
2017-05-18,11.56,11.57,11.63,11.34,15391.97
2017-05-19,11.66,12.38,12.73,11.51,48367.72
2017-05-22,12.25,12.51,12.6,12.16,47444.29
2017-05-23,12.36,12.11,12.7,11.91,32314.0
2017-05-24,11.86,12.01,12.12,11.8,13136.86
2017-05-25,11.98,12.01,12.25,11.92,19793.16
2017-05-26,12.14,12.42,12.53,11.97,25153.17
2017-05-31,12.45,12.36,12.58,12.31,12538.87
2017-06-01,12.42,12.05,12.43,12.04,13532.92
2017-06-02,12.04,11.98,12.05,11.73,9133.11
2017-06-05,11.91,11.96,12.11,11.77,7821.73
2017-06-06,11.88,11.74,12.07,11.63,13862.97
2017-06-07,11.84,11.91,11.96,11.65,15388.32
2017-06-08,11.88,12.44,12.44,11.88,24370.21
2017-06-09,12.3,12.31,12.49,12.17,22879.76
2017-06-12,12.25,12.12,12.44,11.89,17537.26
2017-06-13,12.16,12.16,12.25,12.01,7403.91
2017-06-14,12.13,12.16,12.24,12.07,6586.86
2017-06-15,12.17,12.21,12.41,12.11,13521.17
2017-06-16,12.11,12.23,12.54,10.99,36350.63
2017-06-19,12.06,12.28,12.36,12.06,13553.89
2017-06-20,12.3,12.25,12.37,12.12,14883.02
2017-06-21,12.23,12.26,12.28,12.2,9858.42
2017-06-22,12.28,12.26,12.44,12.12,16458.76
2017-06-23,12.17,12.18,12.3,11.83,12012.57
2017-06-26,12.18,12.2,12.33,12.01,37336.66
2017-06-27,12.12,12.03,12.35,12.02,10844.84
2017-06-28,12.06,11.65,12.22,11.63,39780.01
2017-06-29,11.79,11.37,11.79,11.29,23499.0
2017-06-30,11.34,11.34,11.46,11.21,12940.5
2017-07-03,11.34,11.31,11.39,11.21,10260.22
2017-07-04,11.37,11.44,11.52,11.27,12857.0
2017-07-05,11.46,11.44,11.51,11.34,8418.09
2017-07-06,11.39,11.34,11.4,11.24,15967.99
2017-07-07,11.24,11.29,11.33,11.1,10338.56
2017-07-10,11.31,11.05,11.31,11.05,10231.01
2017-07-11,11.1,11.07,11.21,11.04,10084.09
2017-07-12,11.07,10.94,11.15,10.87,10949.66
2017-07-13,10.94,10.54,10.94,10.45,24006.71
2017-07-14,10.54,11.19,11.29,9.67,31545.5
2017-07-17,10.93,10.17,10.94,10.08,25398.36
2017-07-18,10.06,10.38,10.48,9.98,18189.22
2017-07-19,10.25,10.55,10.64,10.25,13197.6
2017-07-20,10.57,10.57,10.64,10.5,10791.41
2017-07-21,10.57,10.66,10.71,10.48,9581.01
2017-07-24,10.57,10.79,10.8,10.52,17852.61
2017-07-25,10.77,11.16,11.26,10.76,31716.18
2017-07-26,11.25,11.18,11.25,11.0,15103.65
2017-07-27,11.14,11.38,11.42,11.07,21230.7
2017-07-28,11.27,11.52,11.52,11.2,9849.02
2017-07-31,11.44,11.66,11.73,11.43,22019.4
2017-08-01,11.66,11.82,11.91,11.58,28215.04
2017-08-02,11.85,11.77,11.87,11.65,10650.02
2017-08-03,11.72,11.65,11.79,11.61,9239.01
2017-08-04,11.64,11.69,11.84,11.55,14318.18
2017-08-07,11.69,11.69,11.8,11.53,10258.53
2017-08-08,11.72,11.83,11.84,11.61,12064.7
2017-08-09,11.82,11.71,11.89,11.63,7968.01
2017-08-10,11.68,11.68,11.71,11.44,14971.97
2017-08-11,11.55,11.67,11.81,11.45,7096.47
2017-08-14,11.7,11.52,11.7,11.44,9908.41
2017-08-15,11.56,11.53,11.61,11.45,10065.69
2017-08-16,11.53,11.53,11.62,11.46,10222.69
2017-08-17,11.53,11.58,11.82,11.43,12507.34
2017-08-18,11.55,11.53,11.71,11.46,10838.57
2017-08-21,11.57,11.52,11.6,11.42,7877.55
2017-08-22,11.44,11.55,11.59,11.44,6841.0
2017-08-23,11.55,11.49,11.62,11.46,5643.29
2017-08-24,11.58,11.53,11.58,11.38,9955.01
2017-08-25,11.53,11.51,11.53,11.37,7063.02
2017-08-28,11.55,11.53,11.61,11.45,8200.0
2017-08-29,11.53,11.52,11.53,11.45,6681.0
2017-08-30,11.46,12.0,12.66,11.45,41227.57
2017-08-31,11.93,12.05,12.09,11.72,30070.57
2017-09-01,11.9,12.69,12.78,11.87,51988.69
2017-09-04,12.68,13.96,13.96,12.66,116115.6
2017-09-05,13.96,14.57,15.33,13.96,117563.92
2017-09-06,14.42,14.81,14.94,14.41,58672.76
2017-09-07,14.43,14.78,14.87,14.33,61676.33
2017-09-08,14.7,14.83,15.16,14.4,68356.89
2017-09-11,14.54,14.57,14.73,14.41,45195.98
2017-09-12,14.8,14.56,14.8,14.33,42844.91
2017-09-13,14.46,14.68,14.74,14.46,30671.98
2017-09-14,14.68,14.89,14.89,14.54,44103.75
2017-09-15,14.98,15.79,16.0,14.81,133263.17
2017-09-18,15.67,15.53,15.75,15.18,68847.63
2017-09-19,15.38,15.48,15.79,15.38,51993.07
2017-09-20,15.4,15.08,15.65,15.05,48396.0
2017-09-21,15.08,14.41,15.18,13.95,62889.74
2017-09-22,14.39,14.05,14.39,13.83,48133.82
2017-09-25,14.14,14.7,14.84,14.08,48587.72
2017-09-26,14.66,14.68,14.81,14.49,28552.46
2017-09-27,14.65,14.56,14.79,14.49,28783.61
2017-09-28,14.57,14.33,14.75,14.33,33570.01
2017-09-29,14.33,14.51,14.65,14.33,16137.0
2017-10-09,14.6,14.31,14.8,14.25,12427.38
2017-10-10,14.31,14.32,14.44,13.96,14017.8
2017-10-11,14.33,14.13,14.37,13.81,17853.0
2017-10-12,14.04,14.16,14.26,14.04,11126.01
2017-10-13,14.27,14.2,14.32,14.05,8867.2
2017-10-16,14.08,14.0,14.3,13.89,19419.0
2017-10-17,14.05,14.41,14.72,13.96,21477.66
2017-10-18,14.41,14.46,14.64,14.32,22057.71
2017-10-19,14.53,14.36,14.53,14.22,13152.74
2017-10-20,14.27,14.33,14.51,14.18,31987.93
2017-10-23,14.32,14.41,14.47,14.22,18403.0
2017-10-24,14.42,14.63,14.78,14.41,18901.33
2017-10-25,14.63,14.39,14.67,14.32,11709.47
2017-10-26,14.36,14.33,14.5,14.15,20350.44
2017-10-27,14.3,14.32,14.4,13.93,19644.11
2017-10-30,14.17,14.19,14.31,13.96,9273.0
2017-10-31,14.19,14.15,14.26,14.08,4528.99
2017-11-01,14.1,14.3,14.3,13.92,9825.78
2017-11-02,14.14,13.98,14.28,13.98,6562.92
2017-11-03,13.93,13.98,14.14,13.83,11526.4
2017-11-06,13.85,13.95,14.08,13.85,11179.93
2017-11-07,14.09,14.07,14.1,13.89,8819.96
2017-11-08,14.21,14.0,14.21,14.0,5519.0
2017-11-09,14.08,14.13,14.17,13.75,7157.01
2017-11-10,14.19,14.62,14.69,13.97,32363.79
2017-11-13,14.7,14.58,14.77,14.38,18548.0
2017-11-14,14.65,14.78,15.05,14.56,32000.43
2017-11-15,14.78,14.57,14.8,14.44,10893.33
2017-11-16,14.52,14.43,14.68,14.41,10655.21
2017-11-17,14.43,14.19,14.43,13.93,15427.0
2017-11-20,14.07,13.6,14.19,12.78,17872.18
2017-11-21,13.5,13.94,14.08,13.49,11034.72
2017-11-22,13.94,13.97,14.05,13.82,7659.33
2017-11-23,13.94,13.74,14.03,13.71,6455.4
2017-11-24,13.45,13.83,13.89,12.98,11879.46
2017-11-27,13.86,13.64,13.86,13.51,5216.43
2017-11-28,13.58,13.59,13.73,13.58,7309.88
2017-11-29,13.59,13.55,13.69,13.35,4606.04
2017-11-30,13.53,13.47,13.74,13.46,7328.01
2017-12-01,13.48,13.88,13.88,13.48,9902.14
2017-12-04,13.88,13.56,13.92,13.54,6751.4
2017-12-05,13.83,13.57,13.93,13.16,14804.06
2017-12-06,13.57,13.53,13.57,13.25,9851.67
2017-12-07,13.45,13.47,13.71,13.4,10679.0
2017-12-08,13.34,13.46,13.55,13.34,3321.87
2017-12-11,13.37,13.57,13.69,13.37,2536.22
2017-12-12,13.57,13.5,13.57,13.47,4311.0
2017-12-13,13.37,13.34,13.51,13.32,2735.0
2017-12-14,13.2,13.3,13.4,13.2,2429.41
2017-12-15,13.51,13.19,13.51,13.19,3852.59
2017-12-18,13.4,13.14,13.4,13.14,2239.09
2017-12-19,13.15,13.12,13.23,12.97,5087.68
2017-12-20,13.15,13.12,13.15,13.0,2726.88
2017-12-21,12.95,13.67,14.36,12.95,21204.78
2017-12-22,13.75,13.69,13.82,13.45,9824.0
2017-12-25,13.5,13.34,13.66,13.34,4569.15
2017-12-26,13.35,13.32,13.52,13.18,2733.0
2017-12-27,13.32,13.25,13.37,13.19,2737.57
2017-12-28,13.26,13.18,13.44,13.16,3455.0
2017-12-29,13.19,13.26,13.35,13.15,5003.48
2018-01-02,13.26,13.37,13.73,13.24,8952.89
2018-01-03,13.37,13.18,13.5,13.16,9477.57
2018-01-04,13.21,13.18,13.28,13.18,4475.01
2018-01-05,13.16,13.31,13.37,13.14,9105.16
2018-01-08,13.31,13.44,13.45,13.12,9041.26
2018-01-09,13.42,13.32,13.5,13.31,5910.01
2018-01-10,13.32,13.14,13.33,13.05,5811.19
2018-01-11,13.1,13.07,13.14,13.03,4219.02
2018-01-12,13.08,13.09,13.21,12.97,5535.8
2018-01-15,13.04,12.44,13.06,12.4,16474.0
2018-01-16,12.49,12.65,12.91,12.49,18649.01
2018-01-17,12.68,12.63,12.9,12.49,10151.01
2018-01-18,12.61,12.39,12.66,12.39,9833.91
2018-01-19,12.2,12.39,12.52,12.2,18490.22
2018-01-22,12.36,12.5,12.68,12.11,40317.0
2018-01-23,12.52,12.31,12.59,12.27,5503.0
2018-01-24,12.3,12.34,12.44,11.87,26811.26
2018-01-25,12.3,12.54,12.61,12.11,19908.81
2018-05-25,13.45,13.1,13.8,12.59,105330.83
2018-05-28,12.92,13.07,13.34,12.68,67021.11
2018-05-29,12.68,13.24,13.3,12.68,35177.28
2018-05-30,13.08,13.03,13.28,12.99,30902.16
2018-05-31,13.03,13.02,13.25,12.97,15386.44
2018-06-01,13.07,13.07,13.11,12.75,28193.0
2018-06-04,13.07,13.04,13.08,12.78,19334.33
2018-06-05,12.97,13.0,13.11,12.85,32848.21
2018-06-06,12.97,13.0,13.1,12.87,12732.02
2018-06-07,12.93,12.93,12.98,12.74,16604.0
2018-06-08,12.87,12.92,13.0,12.7,15422.2
2018-06-11,12.87,12.68,12.89,12.62,14026.0
2018-06-12,12.69,12.2,12.72,12.2,7263.95
2018-06-13,12.19,11.93,12.19,11.43,16081.87
2018-06-14,11.97,11.81,12.03,11.72,9584.0
2018-06-15,11.83,12.14,12.28,10.75,26681.53
2018-06-19,11.71,11.41,11.95,10.93,11195.0
2018-06-20,11.29,11.43,11.48,11.18,10848.31
2018-06-21,11.34,11.38,11.46,11.14,23501.36
2018-06-22,11.23,11.43,11.45,10.57,5179.0
2018-06-25,11.43,11.33,11.72,11.33,11130.0
2018-06-26,11.24,10.99,11.24,10.99,4740.6
2018-06-27,11.15,11.33,11.41,10.93,11344.68
2018-06-28,11.46,11.31,11.46,11.3,6134.6
2018-06-29,11.34,11.5,11.6,11.34,5243.73
2018-07-02,11.41,11.5,11.63,11.24,4316.69
2018-07-03,11.49,11.5,11.54,11.31,3884.18
2018-07-04,11.38,11.53,11.62,11.36,3131.19
2018-07-05,11.51,11.52,11.61,11.34,3471.23
2018-07-06,11.53,11.51,11.58,11.35,3687.08
2018-07-09,11.46,11.48,11.58,11.43,3051.0
2018-07-10,11.46,11.47,11.53,11.39,5780.0
2018-07-11,11.41,11.26,11.45,10.88,4048.23
2018-07-12,11.31,11.39,11.58,11.29,7563.01
2018-07-13,11.41,11.41,11.49,11.36,2574.0
2018-07-16,11.41,11.36,11.45,11.3,1823.32
2018-07-17,11.36,11.25,11.43,11.19,5591.37
2018-07-18,11.26,11.2,11.38,10.28,8416.32
2018-07-19,11.22,11.19,11.28,11.03,11010.0
2018-07-20,11.2,11.22,11.27,11.16,12215.0
2018-07-23,11.22,11.22,11.42,11.2,23806.0
2018-07-24,11.26,11.22,11.34,11.22,12687.0
2018-07-25,11.24,11.26,11.29,11.17,3164.0
2018-07-26,11.26,11.19,11.34,11.19,6291.0
2018-07-27,11.21,11.59,12.31,11.08,42352.97
2018-07-30,11.53,11.43,11.74,11.37,36531.1
2018-07-31,11.5,11.29,11.5,11.19,13153.1
2018-08-01,11.34,11.29,11.34,11.21,7708.0
2018-08-02,11.28,11.15,11.34,10.86,9297.87
2018-08-03,11.17,11.19,11.37,11.13,2242.7
2018-08-06,11.37,11.19,11.39,10.98,4051.07
2018-08-07,11.15,11.63,11.63,11.03,13861.57
2018-08-08,12.06,11.57,12.06,11.57,32148.66
2018-08-09,11.35,11.24,11.52,10.5,21727.37
2018-08-10,11.17,11.27,11.28,10.9,11360.0
2018-08-13,11.15,11.14,11.16,10.91,6153.02
2018-08-14,10.95,11.13,11.14,10.91,6889.44
2018-08-15,11.02,11.15,11.15,10.96,5762.0
2018-08-16,11.13,11.15,11.17,10.96,4406.01
2018-08-17,11.05,11.14,11.14,11.0,4790.31
2018-08-20,11.12,11.14,11.15,11.03,2942.37
2018-08-21,11.12,11.12,11.15,11.03,3728.21
2018-08-22,11.07,11.1,11.15,11.02,3538.0
2018-08-23,11.1,11.13,11.15,11.01,5946.21
2018-08-24,11.1,11.11,11.11,11.0,6250.0
2018-08-27,11.06,11.12,11.23,11.06,25246.51
2018-08-28,11.13,11.17,11.28,11.11,15499.55
2018-08-29,11.2,11.16,11.27,11.09,15390.01
2018-08-30,11.16,11.13,11.19,11.06,5858.18
2018-08-31,11.14,11.14,11.26,10.96,19372.15
2018-09-03,11.06,11.13,11.13,10.75,10630.0
2018-09-04,11.0,11.13,11.13,11.0,5469.21
2018-09-05,11.06,11.05,11.19,11.02,6424.01
2018-09-06,11.06,11.07,11.1,10.9,4606.01
2018-09-07,11.05,11.04,11.1,10.97,5785.01
2018-09-10,11.03,11.04,11.06,10.94,3439.0
2018-09-11,11.03,11.04,11.05,10.95,1830.0
2018-09-12,10.96,11.02,11.03,10.91,5702.01
2018-09-13,10.95,11.0,11.01,10.88,5456.0
2018-09-14,10.95,11.0,11.0,10.9,4407.0
2018-09-17,10.92,10.99,10.99,10.87,26553.0
2018-09-18,10.98,10.99,11.0,10.89,4526.0
2018-09-19,11.03,11.03,11.12,10.94,4491.0
2018-09-20,11.12,11.03,11.39,11.0,5257.0
2018-09-21,10.99,11.07,11.15,10.61,5214.47
2018-09-25,10.97,11.03,11.07,10.96,5061.0
2018-09-26,11.03,11.01,11.12,10.93,16803.03
2018-09-27,10.95,10.97,11.01,10.88,4841.0
2018-09-28,10.91,11.07,11.08,10.89,11354.01
2018-10-08,11.0,11.08,11.09,10.92,4853.47
2018-10-09,11.07,11.08,11.1,11.0,4889.57
2018-10-10,11.07,11.01,11.49,11.01,5525.0
2018-10-11,10.89,11.09,11.09,10.7,13481.0
2018-10-12,10.99,10.98,11.05,10.81,4218.0
2018-10-15,10.94,10.9,10.97,10.32,9612.21
2018-10-16,10.96,10.71,10.96,9.87,44633.41
2018-10-17,10.33,10.42,10.57,9.96,38776.0
2018-10-18,10.42,10.13,10.42,9.55,32498.0
2018-10-19,9.66,10.08,10.1,9.66,17946.63
2018-12-03,10.1,10.1,10.65,10.02,17176.35
2018-12-04,10.1,10.14,10.2,9.93,12107.03
2018-12-05,10.02,10.02,10.08,9.94,9787.17
2018-12-06,10.02,9.96,10.06,9.95,4080.0
2018-12-07,10.0,9.96,10.07,9.93,1744.0
2018-12-10,9.96,9.89,10.02,9.81,1602.01
2018-12-11,9.91,9.95,9.99,9.7,17129.06
2018-12-12,9.8,9.91,10.03,9.8,23725.0
2018-12-13,9.9,9.92,10.03,9.84,14007.05
2018-12-14,9.87,9.86,9.97,9.8,10438.59
2018-12-17,9.94,9.97,9.98,9.79,5387.01
2018-12-18,9.97,9.92,10.13,9.85,6366.01
2018-12-19,9.92,9.8,9.94,9.77,9708.0
2018-12-20,9.61,9.81,9.81,9.61,10947.0
2018-12-21,9.66,9.72,9.8,9.66,14373.0
2018-12-24,9.75,9.96,9.97,9.7,18670.01
2018-12-25,10.0,10.03,10.09,9.89,15420.01
2018-12-26,10.15,10.22,10.29,10.1,11346.0
2018-12-27,10.24,10.23,10.46,10.15,12446.0
2018-12-28,10.34,10.07,10.35,9.94,17272.41
2019-01-02,10.2,10.18,10.42,10.18,18294.65
2019-01-03,10.33,10.23,10.45,10.22,11231.03
2019-01-04,10.1,10.16,10.22,10.04,9773.03
2019-01-07,10.1,10.17,10.25,10.09,6928.0
2019-01-08,10.3,10.04,10.3,9.92,7437.59
2019-01-09,9.83,10.08,10.23,9.46,8030.0
2019-01-10,10.23,9.95,10.23,9.95,7679.0
2019-01-11,9.83,9.86,10.02,9.83,6807.01
2019-01-14,9.9,9.69,9.92,9.66,8304.63
2019-01-15,9.79,9.67,9.79,9.62,12134.7
2019-01-16,9.67,9.7,9.81,9.62,23815.01
2019-01-17,9.7,9.47,9.7,9.46,16460.0
2019-01-18,9.48,9.37,9.49,9.31,13705.1
2019-01-21,9.39,9.6,9.62,8.91,11094.0
2019-01-22,9.57,9.51,9.64,9.5,8935.07
2019-01-23,9.52,9.59,9.7,9.46,10202.0
2019-01-24,9.62,9.5,9.63,9.49,3118.0
2019-01-25,9.51,9.19,9.64,9.18,5978.01
2019-01-28,9.19,9.19,9.37,8.78,8964.0
2019-01-29,9.09,8.81,9.2,8.81,5529.42
2019-01-30,8.93,8.84,8.98,8.75,4867.0
2019-01-31,8.86,8.92,8.95,8.76,6735.0
2019-02-01,8.94,9.12,9.17,8.84,5095.27
2019-02-11,9.12,9.12,9.17,9.03,4779.0
2019-02-12,9.12,9.16,9.2,9.07,3397.71
2019-02-13,9.08,9.15,9.17,9.04,6305.88
2019-02-14,9.16,9.06,9.16,9.04,5676.35
2019-02-15,9.09,9.55,9.97,9.06,14573.18
2019-02-18,9.55,9.66,9.68,9.38,14483.23
2019-02-19,9.6,9.52,9.7,9.46,12302.63
2019-02-20,9.5,9.56,9.63,9.46,11722.77
2019-02-21,9.62,10.13,10.13,9.5,28429.34
2019-02-22,10.42,10.13,10.95,9.87,57072.74
2019-02-25,9.99,10.26,10.6,9.97,50291.42
2019-02-26,10.21,9.84,10.21,9.84,36843.62
2019-02-27,9.87,9.84,9.99,9.72,20398.34
2019-02-28,9.8,9.84,9.88,9.74,11379.43
2019-03-01,9.83,9.81,9.85,9.68,13483.01
2019-03-04,9.82,9.84,9.99,9.73,43585.44
2019-03-05,9.84,9.83,9.84,9.71,36038.58
2019-03-06,9.83,10.13,10.13,9.76,75839.61
2019-03-07,10.08,10.06,10.2,9.89,62103.68
2019-03-08,9.99,9.5,9.99,9.28,66347.0
2019-03-11,9.47,9.57,9.58,9.27,42925.01
2019-03-12,9.57,9.75,9.77,9.55,60501.7
2019-03-13,9.8,9.58,9.8,9.49,54185.27
2019-03-14,9.53,9.22,9.56,8.98,44506.71
2019-03-15,9.17,9.46,9.46,9.17,36954.63
2019-03-18,9.52,9.73,9.78,9.49,47740.47
2019-03-19,9.77,9.73,9.87,9.65,41084.47
2019-03-20,9.86,9.81,9.86,9.57,44263.4
2019-03-21,9.98,9.81,9.98,9.77,53028.76
2019-03-22,9.9,10.16,10.22,9.74,88761.1
2019-03-25,10.04,10.42,10.85,9.94,119736.32
2019-03-26,10.42,10.07,10.61,10.01,57751.84
2019-03-27,10.05,9.97,10.23,9.85,28270.56
2019-03-28,9.96,9.86,10.12,9.8,29099.63
2019-03-29,9.89,9.98,10.0,9.75,30676.88
2019-04-01,10.02,10.23,10.39,10.01,43710.99
2019-04-02,10.31,10.41,10.61,10.16,58101.61
2019-04-03,10.41,10.45,10.52,10.32,43643.44
2019-04-04,10.41,10.3,10.49,10.25,30320.11
2019-04-08,10.3,10.27,10.47,10.17,39343.34
2019-04-09,10.36,10.63,10.76,10.31,98867.95
2019-04-10,10.57,10.51,10.69,10.38,66926.24
2019-04-11,10.5,10.34,10.64,10.32,41911.0
2019-04-12,10.35,10.33,10.47,10.24,29768.13
2019-04-15,10.37,10.23,10.56,10.22,25789.13
2019-04-16,10.23,10.28,10.37,10.04,22143.43
2019-04-17,10.27,10.52,10.6,10.24,34714.87
2019-04-18,10.52,10.6,10.79,10.43,45557.57
2019-04-19,10.63,10.71,10.74,10.45,45072.98
2019-04-22,10.71,11.13,11.25,10.57,59129.28
2019-04-23,11.0,11.32,11.58,10.98,84603.29
2019-04-24,11.24,11.45,11.5,11.1,46142.16
2019-04-25,11.41,11.39,11.76,11.19,64156.1
2019-04-26,11.3,11.0,11.34,10.82,36987.9
2019-04-29,10.8,10.61,11.05,10.61,25381.13
2019-04-30,10.61,10.66,10.97,10.51,21110.82
2019-05-06,10.47,9.84,10.48,9.73,32668.01
2019-05-07,10.01,9.77,10.21,9.61,38102.0
2019-05-08,9.36,9.76,9.94,8.79,55868.08
2019-05-09,9.77,9.45,9.77,9.12,24988.0
2019-05-10,9.5,9.5,9.64,9.22,23516.81
2019-05-13,9.46,9.36,9.54,9.29,17027.51
2019-05-14,9.3,9.36,9.46,9.21,8630.11
2019-05-15,9.41,9.37,9.54,9.35,15105.22
2019-05-16,9.37,9.55,9.62,9.23,20814.23
2019-05-17,9.59,9.17,9.59,9.07,15082.0
2019-05-20,9.22,9.28,9.3,8.9,11524.0
2019-05-21,9.26,9.17,9.32,9.07,10284.31
2019-05-22,9.34,8.99,9.34,8.95,14869.21
2019-05-23,9.03,8.99,9.12,8.94,10571.42
2019-05-24,9.0,9.04,9.09,8.92,6590.21
2019-05-27,9.08,9.11,9.14,8.95,9447.04
2019-05-28,9.12,9.09,9.16,9.03,7154.23
2019-05-29,9.03,8.99,9.06,8.97,7340.37
2019-05-30,9.07,8.95,9.07,8.79,9996.81
2019-05-31,8.86,8.87,9.01,8.83,6638.0
2019-06-03,8.88,8.5,8.97,8.5,14622.0
2019-06-04,8.7,8.14,8.7,7.82,30193.87
2019-06-05,8.02,8.12,8.31,7.96,14913.27
2019-06-06,7.99,8.13,8.13,7.83,15604.98
2019-06-10,8.03,8.06,8.11,7.83,10831.0
2019-06-11,8.06,8.45,8.73,7.91,32139.83
2019-06-12,8.44,8.24,8.44,8.24,10816.76
2019-06-13,8.27,8.24,8.29,8.12,7134.96
2019-06-14,8.27,8.19,8.28,8.1,5831.0
2019-06-17,8.22,8.18,8.27,8.12,3632.0
2019-06-18,8.25,8.22,8.25,8.06,7846.9
2019-06-19,8.23,8.31,8.45,8.23,17009.11
2019-06-20,8.3,8.38,8.4,8.21,14831.51
2019-06-21,8.41,8.49,8.52,8.34,10120.3
2019-06-24,8.49,8.48,8.5,8.4,8792.97
2019-06-25,8.44,8.42,8.46,8.25,7240.01
2019-06-26,8.33,8.35,8.41,8.31,5280.24
2019-06-27,8.3,8.37,8.51,8.3,7732.01
2019-06-28,8.48,8.34,8.48,8.25,21755.13
2019-07-01,8.43,8.47,8.49,8.34,26795.0
2019-07-02,8.46,8.55,8.69,8.4,10495.0
2019-07-03,8.55,8.56,8.62,8.43,7915.6
2019-07-04,8.56,8.92,9.02,8.51,23345.01
2019-07-05,8.79,9.18,9.5,8.79,34535.22
2019-07-08,9.2,8.8,9.22,8.51,31663.07
2019-07-09,8.71,8.21,8.71,8.12,28859.86
2019-07-10,8.28,8.11,8.34,8.11,11400.87
2019-07-11,8.12,8.11,8.22,7.94,9446.0
2019-07-12,8.14,8.31,8.56,8.12,33034.78
2019-07-15,8.17,8.3,8.32,8.11,33308.0
2019-07-16,8.29,8.18,8.32,8.12,23874.91
2019-07-17,8.18,8.13,8.24,8.13,12323.2
2019-07-18,8.11,8.14,8.25,8.06,15297.3
2019-07-19,8.14,8.3,8.44,8.07,14858.86
2019-07-22,8.21,8.01,8.28,8.0,11166.0
2019-07-23,7.98,8.0,8.05,7.91,7408.0
2019-07-24,8.04,8.03,8.13,7.93,13417.96
2019-07-25,8.17,8.08,8.17,8.04,4995.03
2019-07-26,8.13,8.23,8.28,8.08,17146.06
2019-07-29,8.23,8.37,8.39,8.23,18740.99
2019-07-30,8.4,8.43,8.47,8.31,26288.87
2019-07-31,8.39,8.24,8.44,8.21,8527.37
2019-08-01,8.2,8.29,8.41,8.14,8894.38
2019-08-02,8.24,8.28,8.33,8.14,10787.02
2019-08-05,8.25,8.23,8.31,8.06,14280.72
2019-08-06,8.22,8.03,8.22,7.81,31293.01
2019-08-07,8.03,8.23,8.29,7.95,15674.66
2019-08-08,8.18,8.35,8.38,8.18,9905.0
2019-08-09,8.42,8.21,8.42,8.21,10120.01
2019-08-12,8.23,8.38,8.56,8.23,14226.02
2019-08-13,8.24,8.22,8.43,8.16,8970.01
2019-08-14,8.31,8.3,8.38,8.23,8674.45
2019-08-15,8.11,8.44,8.5,8.07,15734.01
2019-08-16,8.4,8.36,8.51,8.35,8577.0
2019-08-19,8.41,8.49,8.52,8.37,17106.0
2019-08-20,8.52,8.74,8.86,8.44,31260.92
2019-08-21,8.68,8.91,8.92,8.59,33047.0
2019-08-22,8.93,9.11,9.13,8.81,36026.95
2019-08-23,9.13,8.97,9.13,8.93,16052.32
2019-08-26,8.83,8.88,9.18,8.67,29328.33
2019-08-27,8.91,8.96,9.06,8.86,14031.58
2019-08-28,8.92,8.86,9.07,8.82,11522.13
2019-08-29,8.91,8.83,9.07,8.83,29217.72
2019-08-30,8.86,8.82,8.97,8.71,13121.96
2019-09-02,8.74,8.82,8.93,8.67,17946.0
2019-09-03,8.89,8.98,9.07,8.82,21366.86
2019-09-04,8.93,9.04,9.12,8.93,29619.93
2019-09-05,9.07,9.17,9.28,9.0,29207.17
2019-09-06,9.18,9.17,9.18,8.96,19937.1
2019-09-09,9.18,9.16,9.26,9.05,12887.0
2019-09-10,9.14,9.61,10.05,9.05,48890.0
2019-09-11,9.6,9.89,10.06,9.41,38410.8
2019-09-12,10.0,10.65,10.84,9.83,77625.62
2019-09-16,10.48,11.71,11.71,10.44,119334.54
2019-09-17,11.65,11.67,12.52,11.48,150098.25
2019-09-18,11.72,11.7,11.77,11.17,82434.1
2019-09-19,11.64,11.53,11.69,11.26,50839.89
2019-09-20,11.55,11.81,12.13,11.42,50583.23
2019-09-23,11.66,11.43,11.66,11.16,72688.83
2019-09-24,11.28,11.16,11.43,11.0,73602.8
2019-09-25,11.28,10.8,11.28,10.76,51743.83
2019-09-26,10.93,10.04,10.94,9.96,40092.26
2019-09-27,10.04,10.17,10.26,9.9,33039.21
2019-09-30,10.06,9.81,10.12,9.71,28174.35
2019-10-08,9.85,9.64,10.0,9.56,16023.11
2019-10-09,9.7,10.5,10.56,9.45,43530.11
2019-10-10,10.39,10.25,10.39,10.08,29082.0
2019-10-11,10.25,10.14,10.28,10.03,10454.26
2019-10-14,10.12,10.05,10.24,9.98,14322.0
2019-10-15,10.09,9.91,10.33,9.78,13387.11
2019-10-16,9.79,10.06,10.19,9.73,12915.0
2019-10-17,10.0,9.99,10.11,9.75,11206.0
2019-10-18,9.86,9.51,9.94,9.51,16131.0
2019-10-21,9.51,9.7,9.84,9.49,7553.41
2019-10-22,9.75,10.07,10.09,9.62,28789.0
2019-10-23,10.57,9.96,10.57,9.95,19600.66
2019-10-24,9.94,9.74,9.95,9.61,19020.1
2019-10-25,9.91,9.87,9.95,9.64,14715.22
2019-10-28,9.72,9.97,10.07,9.65,23107.56
2019-10-29,9.81,9.75,10.01,9.72,10817.0
2019-10-30,9.8,9.67,9.95,9.63,17026.35
2019-10-31,9.7,9.3,9.75,9.3,15748.0
2019-11-01,9.35,9.27,9.59,9.2,18009.0
2019-11-04,9.31,9.08,9.38,9.02,25558.8
2019-11-05,9.08,8.95,9.22,8.83,24971.9
2019-11-06,8.94,8.69,8.95,8.63,18256.01
2019-11-07,8.58,8.72,8.92,8.44,29348.65
2019-11-08,8.82,8.46,8.82,8.35,35791.02
2019-11-11,8.46,8.16,8.46,8.06,33465.01
2019-11-12,8.2,8.38,8.54,8.0,31880.97
2019-11-13,8.47,8.38,8.52,8.27,20339.13
2019-11-14,8.38,8.42,8.56,8.34,13716.04
2019-11-15,8.36,8.35,8.5,8.35,15468.92
2019-11-18,8.44,8.46,8.59,8.37,15333.74
2019-11-19,8.57,8.82,9.03,8.49,36884.76
2019-11-20,8.74,8.54,8.9,8.53,27298.17
2019-11-21,8.54,8.67,8.69,8.13,16530.0
2019-11-22,8.62,8.69,8.77,8.45,19458.36
2019-11-25,8.74,8.72,8.79,8.59,15800.99
2019-11-26,8.65,8.78,8.83,8.65,11785.0
2019-11-27,8.79,8.71,8.79,8.65,8906.8
2019-11-28,8.68,8.73,8.88,8.62,15274.93
2019-11-29,8.81,8.66,8.82,8.62,11107.18
2019-12-02,8.6,8.77,8.77,8.6,13592.99
2019-12-03,8.66,8.73,8.81,8.62,16503.01
2019-12-04,8.67,8.74,8.81,8.67,13735.51
2019-12-05,8.81,8.74,8.83,8.7,38327.92
2019-12-06,8.83,8.63,8.83,8.57,17502.13
2019-12-09,8.68,8.83,8.87,8.54,23451.09
2019-12-10,8.83,8.64,8.84,8.47,40899.56
2019-12-11,8.71,8.52,8.71,8.43,23343.01
2019-12-12,8.6,8.41,8.6,8.4,12997.0
2019-12-13,8.41,8.61,8.61,8.41,21562.0
2019-12-16,8.58,8.64,8.64,8.47,18427.14
2019-12-17,8.59,8.74,8.79,8.59,25194.37
2019-12-18,8.75,8.94,9.03,8.75,30803.26
2019-12-19,8.88,8.97,9.08,8.84,21694.42
2019-12-20,9.07,8.97,9.07,8.91,12339.7
2019-12-23,8.87,8.79,9.11,8.78,12144.44
2019-12-24,8.88,8.81,8.88,8.74,13800.0
2019-12-25,8.87,8.84,8.94,8.76,12037.0
2019-12-26,8.84,8.89,9.04,8.83,10087.26
2019-12-27,8.96,8.83,8.96,8.75,22539.0
2019-12-30,8.77,8.84,8.92,8.76,15432.2
2019-12-31,8.83,9.01,9.08,8.83,19876.0
2020-01-02,9.07,9.12,9.21,8.98,19657.0
2020-01-03,9.1,8.96,9.15,8.92,16463.7
2020-01-06,9.01,9.12,9.19,8.9,45295.53
2020-01-07,9.12,9.83,10.04,9.05,88230.33
2020-01-08,9.69,9.96,10.29,9.61,75261.69
2020-01-09,9.96,9.82,10.23,9.67,50980.79
2020-01-10,9.82,9.76,9.84,9.51,30425.71
2020-01-13,9.75,10.1,10.48,9.55,63215.71
2020-01-14,10.27,10.01,10.28,9.92,44251.8
2020-01-15,9.98,9.95,10.16,9.92,20514.46
2020-01-16,10.0,9.82,10.04,9.72,14492.08
2020-01-17,9.82,9.72,9.9,9.67,14440.1
2020-01-20,9.72,9.76,9.84,9.57,21616.21
2020-01-21,9.76,9.6,9.84,9.6,11359.46
2020-01-22,9.5,9.62,9.71,9.37,13486.8
2020-01-23,9.62,9.17,9.64,9.03,18618.62
2020-02-03,8.35,8.26,8.64,8.26,15484.51
2020-02-04,7.77,8.25,8.34,7.76,36685.8
2020-02-05,8.34,8.85,8.85,8.2,32694.03
2020-02-06,9.48,9.73,9.73,9.03,89503.55
2020-02-07,10.19,9.47,10.38,9.31,88274.32
2020-02-10,9.41,9.11,9.41,9.03,42123.69
2020-02-11,9.12,8.85,9.18,8.76,26492.79
2020-02-12,8.85,8.97,9.03,8.78,19096.0
2020-02-13,8.99,8.68,8.99,8.54,31833.01
2020-02-14,8.72,8.55,8.73,8.5,24056.01
2020-02-17,8.58,9.4,9.4,8.58,44814.87
2020-02-18,9.72,9.64,9.88,9.41,109642.56
2020-02-19,9.44,9.41,9.88,9.22,104419.7
2020-02-20,9.28,9.3,9.37,9.07,58238.9
2020-02-21,9.22,9.52,9.61,9.1,89573.36
2020-02-24,9.4,9.56,9.61,9.26,79800.56
2020-02-25,9.3,9.73,9.75,9.23,141781.34
2020-02-26,9.61,9.36,9.61,9.33,61806.0
2020-02-27,9.34,9.56,9.62,9.2,98300.71
2020-02-28,9.28,9.3,9.48,8.8,77962.13
2020-03-02,9.18,9.55,9.59,9.07,86856.38
2020-03-03,9.59,9.56,9.74,9.47,86928.48
2020-03-04,9.48,9.85,9.86,9.48,111067.37
2020-03-05,9.86,9.72,9.99,9.68,87253.98
2020-03-06,9.57,9.61,9.8,9.43,64910.08
2020-03-09,9.46,9.07,9.55,9.04,61422.72
2020-03-10,9.02,9.25,9.32,8.78,61799.2
2020-03-11,9.28,9.22,9.46,9.21,48890.59
2020-03-12,9.13,8.86,9.2,8.73,44406.78
2020-03-13,8.55,8.74,8.79,8.35,53473.07
2020-03-16,8.76,8.61,8.99,8.49,27851.79
2020-03-17,8.72,8.64,8.74,8.41,17531.07
2020-03-18,8.69,8.49,8.8,8.49,21104.15
2020-03-19,8.4,8.49,8.56,8.37,16394.0
2020-03-20,8.55,8.58,8.62,8.44,16406.61
2020-03-23,8.54,8.74,8.95,8.34,36305.17
2020-03-24,8.91,8.89,8.93,8.74,23082.13
2020-03-25,8.98,8.88,9.02,8.85,22203.01
2020-03-26,8.88,8.85,8.9,8.74,17021.01
2020-03-27,8.93,8.94,9.14,8.87,23946.6
2020-03-30,9.07,9.2,9.29,8.75,29256.01
2020-03-31,9.58,9.26,9.7,9.09,56414.09
2020-04-01,9.12,8.84,9.2,8.81,29366.97
2020-04-02,8.75,8.85,8.85,8.55,19892.78
2020-04-03,8.74,8.74,8.85,8.74,8511.94
2020-04-07,8.84,9.11,9.22,8.83,47334.59
2020-04-08,9.12,9.13,9.2,9.05,20515.0
2020-04-09,9.17,9.12,9.24,9.08,21520.23
2020-04-10,9.11,8.85,9.15,8.76,32114.21
2020-04-13,8.93,9.0,9.0,8.86,14451.93
2020-04-14,8.97,9.13,9.16,8.9,22548.42
2020-04-15,9.06,9.2,9.28,9.05,46229.65
2020-04-16,9.15,9.26,9.27,9.1,41926.25
2020-04-17,9.29,9.47,9.65,9.14,106009.25
2020-04-20,9.47,9.38,9.57,9.29,86134.1
2020-04-21,9.4,9.32,9.46,9.23,48223.01
2020-04-22,9.21,9.32,9.4,9.13,34416.0
2020-04-23,9.37,9.23,9.44,9.22,50413.0
2020-04-24,9.21,8.74,9.28,8.65,68566.87
2020-04-27,8.66,8.59,8.81,8.49,30038.89
2020-04-28,8.52,8.44,8.71,7.97,26371.03
2020-04-29,8.41,8.6,8.67,8.28,20685.0
2020-04-30,8.61,8.88,9.12,8.6,30665.0
2020-05-06,8.76,9.0,9.1,8.76,24415.0
2020-05-07,9.07,9.22,9.28,8.93,38419.44
2020-05-08,9.29,9.12,9.29,9.09,25136.45
2020-05-11,9.07,8.97,9.19,8.93,25080.25
2020-05-12,8.96,8.95,9.19,8.8,21002.11
2020-05-13,9.22,9.12,9.71,9.1,89324.61
2020-05-14,8.96,8.83,9.11,8.81,52973.28
2020-05-15,8.86,8.83,8.96,8.82,27267.0
2020-05-18,8.82,9.04,9.22,8.82,40976.57
2020-05-19,9.11,8.96,9.15,8.89,29978.1
2020-05-20,8.96,8.83,9.01,8.78,25162.0
2020-05-21,8.88,8.67,8.88,8.66,18839.0
2020-05-22,8.71,8.66,8.84,8.63,17198.0
2020-05-25,8.65,8.78,8.84,8.63,16052.6
2020-05-26,8.78,8.82,8.84,8.72,14122.0
2020-05-27,8.82,8.78,8.84,8.7,12394.01
2020-05-28,8.79,8.73,8.88,8.64,21291.78
2020-05-29,8.68,8.75,8.88,8.65,20622.78
2020-06-01,8.76,8.9,8.97,8.76,24664.09
2020-06-02,8.92,8.92,8.98,8.89,20072.27
2020-06-03,8.93,8.86,9.0,8.85,23430.92
2020-06-04,8.86,8.88,8.98,8.85,23336.0
2020-06-05,8.87,8.93,9.17,8.84,64149.46
2020-06-08,8.93,8.94,9.02,8.9,25119.3
2020-06-09,8.92,9.06,9.08,8.92,40604.71
2020-06-10,9.06,9.03,9.14,8.93,31657.95
2020-06-11,9.01,9.1,9.12,8.84,42082.87
2020-06-12,8.97,9.34,9.43,8.89,103362.72
2020-06-15,9.3,9.44,9.56,9.24,73899.48
2020-06-16,9.44,9.36,9.44,9.28,47438.16
2020-06-17,9.36,9.56,9.95,9.36,108206.55
2020-06-18,9.55,9.58,9.85,9.46,101132.12
2020-06-19,9.56,9.55,9.73,9.53,56394.12
2020-06-22,9.51,9.42,9.61,9.37,58372.49
2020-06-23,9.42,9.35,9.5,9.29,37880.81
2020-06-24,9.37,9.28,9.42,9.26,31468.31
2020-06-29,9.28,9.41,9.56,9.12,42173.04
2020-06-30,9.44,9.42,9.52,9.39,32590.79
2020-07-01,9.41,9.52,9.55,9.35,38005.71
2020-07-02,9.5,9.63,9.67,9.45,42842.1
2020-07-03,9.68,9.57,9.68,9.5,42999.75
2020-07-06,9.51,9.65,9.87,9.46,142004.21
2020-07-07,9.72,9.94,10.06,9.58,124716.22
2020-07-08,9.94,10.14,10.27,9.82,99861.73
2020-07-09,10.06,10.44,10.54,9.99,142632.27
2020-07-10,10.3,10.05,10.44,10.05,124535.67
2020-07-13,10.11,10.32,10.36,10.04,116640.55
2020-07-14,10.42,10.19,10.5,10.05,106989.75
2020-07-15,10.19,9.84,10.37,9.73,146916.42
2020-07-16,9.82,9.58,9.95,9.54,104591.01
2020-07-17,9.58,9.66,9.78,9.37,51009.01
2020-07-20,9.67,9.98,10.07,9.67,69820.31
2020-07-21,9.95,9.97,10.14,9.89,61236.65
2020-07-22,9.97,9.89,10.07,9.85,97955.65
2020-07-23,9.91,9.95,10.02,9.67,79598.76
2020-07-24,9.98,9.79,10.42,9.78,134338.8
2020-07-27,9.8,9.77,9.97,9.59,70787.65
2020-07-28,9.79,9.77,9.94,9.73,54773.57
2020-07-29,9.77,9.97,9.97,9.63,68086.05
2020-07-30,10.08,10.13,10.24,9.97,83162.23
2020-07-31,10.13,10.29,10.29,9.95,93742.74
2020-08-03,10.34,11.32,11.32,10.3,134191.94
2020-08-04,11.74,11.64,12.45,11.27,364046.91
2020-08-05,11.32,11.46,11.65,11.06,162028.16
2020-08-06,11.43,11.8,12.01,11.37,144377.26
2020-08-07,11.61,11.78,12.16,11.57,167393.77
2020-08-10,11.65,11.39,11.95,11.14,122751.01
2020-08-11,11.38,11.93,12.49,11.22,165767.75
2020-08-12,11.82,11.96,12.22,11.6,123286.18
2020-08-13,11.92,12.73,12.9,11.74,163990.64
2020-08-14,12.44,12.36,12.52,12.11,111019.21
2020-08-17,12.42,13.6,13.6,12.31,178601.38
2020-08-18,14.14,13.63,14.41,13.44,219169.17
2020-08-19,13.67,13.47,13.91,13.25,99955.37
2020-08-20,13.27,14.33,14.62,13.17,175583.77
2020-08-21,14.24,14.35,14.64,14.04,95344.7
2020-08-24,14.01,14.08,14.27,13.68,98842.32
2020-08-25,14.08,13.65,14.48,13.55,97660.31
2020-08-26,13.59,13.35,14.1,13.17,85587.29
2020-08-27,13.26,14.68,14.68,13.26,163987.3
2020-08-28,14.61,14.86,15.25,14.39,141521.28
2020-08-31,14.84,14.44,15.06,13.66,167802.05
2020-09-01,14.45,14.4,14.81,14.21,71381.77
2020-09-02,14.1,13.49,14.1,13.31,146849.37
2020-09-03,13.4,13.07,13.55,12.94,101203.36
2020-09-04,12.78,12.76,13.04,12.62,61867.66
2020-09-07,12.84,12.27,12.98,12.22,71541.38
2020-09-08,12.37,12.35,12.64,11.98,54914.21
2020-09-09,12.22,12.16,12.47,12.03,39685.27
2020-09-10,12.24,12.2,12.85,12.05,66857.02
2020-09-11,12.22,12.32,12.4,11.98,42162.7
2020-09-14,12.41,12.68,12.82,12.36,48867.16
2020-09-15,12.61,12.25,12.9,12.18,53399.0
2020-09-16,12.21,11.98,12.37,11.9,35349.01
2020-09-17,12.06,11.96,12.25,11.66,37522.01
2020-09-18,12.04,11.96,12.1,11.89,30004.13
2020-09-21,11.98,11.78,12.01,11.69,38699.0
2020-09-22,11.7,11.59,11.79,11.3,60245.11
2020-09-23,11.55,11.39,11.55,11.09,58118.12
2020-09-24,11.27,10.92,11.49,10.86,56570.0
2020-09-25,11.06,10.91,11.22,10.71,51708.0
2020-09-28,10.86,10.61,10.86,10.45,52399.79
2020-09-29,10.54,10.69,10.93,10.53,33209.01
2020-09-30,10.69,10.68,10.89,10.61,30781.57
2020-10-09,10.81,10.87,10.96,10.64,34506.65
2020-10-12,10.89,11.2,11.37,10.86,46258.79
2020-10-13,11.23,11.09,11.35,11.06,37084.0
2020-10-14,11.11,10.81,11.13,10.75,31971.0
2020-10-15,10.85,10.61,10.87,10.59,25552.0
2020-10-16,10.58,10.47,10.62,10.34,26388.57
2020-10-19,10.63,10.24,10.7,10.18,28476.36
2020-10-20,10.25,10.4,10.44,10.02,29867.01
2020-10-21,10.49,10.26,10.59,10.18,30462.0
2020-10-22,10.26,10.16,10.26,10.05,22287.01
2020-10-23,10.22,9.94,10.22,9.87,23258.47
2020-10-26,10.02,9.89,10.02,9.79,19548.0
2020-10-27,9.84,9.95,9.96,9.8,16355.0
2020-10-28,10.01,9.92,10.01,9.81,14865.0
2020-10-29,9.89,9.78,9.97,9.75,31012.46
2020-10-30,9.72,9.77,9.91,9.45,46544.06
2020-11-02,9.69,9.84,9.89,9.2,61280.31
2020-11-03,9.75,10.32,10.82,9.68,116776.1
2020-11-04,10.06,10.68,10.69,10.03,64252.2
2020-11-05,10.53,10.71,10.96,10.5,62031.74
2020-11-06,10.63,10.55,10.76,10.51,22413.01
2020-11-09,10.44,10.53,10.71,10.37,39961.58
2020-11-10,10.48,10.43,10.61,10.35,22399.27
2020-11-11,10.38,10.15,10.39,10.14,21595.46
2020-11-12,10.11,10.06,10.21,10.06,11590.04
2020-11-13,10.06,10.45,10.57,9.84,38075.49
2020-11-16,10.45,11.2,11.34,10.42,120622.08
2020-11-17,11.41,11.28,11.56,11.13,63498.97
2020-11-18,11.31,11.11,11.48,10.94,38686.67
2020-11-19,11.12,11.74,12.08,11.05,90181.35
2020-11-20,11.75,12.15,12.22,11.65,90940.97
2020-11-23,12.09,12.29,12.55,12.01,68582.2
2020-11-24,12.28,12.96,13.24,12.08,110237.73
2020-11-25,13.1,12.65,13.42,12.64,98448.33
2020-11-26,12.65,12.81,13.25,12.61,100525.57
2020-11-27,12.99,12.76,13.01,12.62,57937.08
2020-11-30,12.76,13.18,13.34,12.68,54772.09
2020-12-01,13.05,13.1,13.29,13.03,40834.66
2020-12-02,13.06,13.18,13.31,13.0,37318.0
2020-12-03,13.18,13.17,13.35,12.96,31515.8
2020-12-04,13.21,13.2,13.44,13.01,40190.4
2020-12-07,13.33,13.46,13.76,13.2,44059.0
2020-12-08,13.48,13.56,13.87,13.46,30540.12
2020-12-09,13.55,13.19,13.57,13.15,46805.0
2020-12-10,13.18,12.87,13.25,12.8,71278.26
2020-12-11,13.0,12.85,13.14,12.66,43767.96
2020-12-14,12.85,13.62,13.96,12.72,88689.5
2020-12-15,13.81,13.6,13.92,13.49,62036.59
2020-12-16,13.63,13.44,13.72,13.37,31173.18
2020-12-17,13.34,13.31,13.57,13.3,36420.4
2020-12-18,13.37,13.0,13.39,12.95,28225.0
2020-12-21,13.0,13.34,13.58,12.88,63933.26
2020-12-22,13.35,12.8,13.35,12.78,46372.11
2020-12-23,12.96,13.22,13.37,12.73,44923.76
2020-12-24,13.33,13.0,13.71,13.0,54871.92
2020-12-25,12.99,12.72,13.01,12.5,34516.27
2020-12-28,12.59,12.09,12.73,11.79,53292.22
2020-12-29,11.96,11.82,12.37,11.79,27163.03
2020-12-30,11.82,12.25,12.52,11.69,52298.87
2020-12-31,12.63,13.33,13.44,12.38,60581.1
2021-01-04,13.33,13.77,13.9,13.25,70516.62
2021-01-05,13.8,14.04,14.1,13.71,69918.37
2021-01-06,14.14,13.65,14.14,13.59,67216.65
2021-01-07,13.71,13.83,13.89,13.44,65434.81
2021-01-08,13.73,14.66,14.74,13.65,133888.39
2021-01-11,14.81,15.26,15.39,14.81,112629.45
2021-01-12,15.26,14.67,15.29,14.5,97093.36
2021-01-13,14.65,14.82,14.96,14.22,58505.31
2021-01-14,14.77,14.0,14.77,13.98,55660.05
2021-01-15,13.94,13.25,14.11,12.89,86267.99
2021-01-18,13.25,14.57,14.57,13.25,121703.1
2021-01-19,14.84,14.15,14.85,13.99,72378.89
2021-01-20,14.23,14.87,14.9,13.89,82714.97
2021-01-21,14.99,14.74,14.99,14.49,47128.16
2021-01-22,14.65,14.8,15.09,14.62,38899.78
2021-01-25,14.76,14.32,14.9,14.27,45200.63
2021-01-26,14.17,14.32,14.46,13.88,34072.34
2021-01-27,14.15,13.72,14.26,13.66,35762.67
2021-01-28,13.36,13.25,13.75,13.18,28115.0
2021-01-29,13.51,13.17,13.58,12.83,26577.34
2021-02-01,13.18,13.84,14.06,13.14,30825.0
2021-02-02,13.89,13.83,13.91,13.25,25200.87
2021-02-03,13.92,13.34,13.92,13.34,31841.34
2021-02-04,13.2,12.95,13.51,12.76,24519.43
2021-02-05,12.86,12.65,13.24,12.6,18490.34
2021-02-08,12.65,12.53,12.94,12.34,22276.02
2021-02-09,12.54,12.66,12.91,12.2,33170.0
2021-02-10,12.88,12.66,12.96,12.42,29696.39
2021-02-18,12.69,12.65,13.22,12.61,25259.09
2021-02-19,12.66,12.86,12.9,12.5,18829.43
2021-02-22,12.96,13.13,13.27,12.81,25141.09
2021-02-23,13.01,12.78,13.19,12.76,20322.4
2021-02-24,12.8,12.58,12.94,12.37,17914.77
2021-02-25,12.71,12.25,12.71,11.98,29749.66
2021-02-26,12.13,12.17,12.42,12.01,12428.16
2021-03-01,12.32,12.82,12.91,12.17,24322.83
2021-03-02,12.96,13.03,13.25,12.9,29206.95
2021-03-03,13.05,13.0,13.18,12.79,17231.04
2021-03-04,12.96,13.05,13.15,12.86,13857.25
2021-03-05,13.05,12.92,13.1,12.79,15324.31
2021-03-08,12.96,12.96,13.51,12.9,26008.43
2021-03-09,12.86,13.0,13.35,12.18,45511.83
2021-03-10,13.22,12.64,13.3,12.57,19833.66
2021-03-11,12.79,12.67,13.03,12.6,13961.1
2021-03-12,12.7,12.79,12.81,12.5,11102.79
2021-03-15,12.96,12.61,12.96,12.51,14438.0
2021-03-16,12.71,12.56,12.71,12.52,11765.74
2021-03-17,12.52,12.57,12.68,12.45,9440.74
2021-03-18,12.68,12.43,12.68,12.41,12664.4
2021-03-19,12.47,12.22,12.6,12.18,11735.8
2021-03-22,12.25,12.23,12.45,12.09,10710.07
2021-03-23,12.29,11.83,12.34,11.65,20814.62
2021-03-24,11.86,11.65,11.91,11.54,12630.42
2021-03-25,11.69,11.73,11.83,11.57,9365.89
2021-03-26,11.74,11.73,11.9,11.69,8741.34
2021-03-29,11.74,12.04,12.2,11.66,15859.04
2021-03-30,12.16,11.95,12.24,11.95,10314.92
2021-03-31,12.11,11.69,12.12,11.66,15076.99
2021-04-01,11.7,11.72,11.89,11.7,7578.69
2021-04-02,11.72,11.77,11.86,11.69,5084.1
2021-04-06,11.92,11.77,11.93,11.69,10057.0
2021-04-07,11.78,11.81,11.86,11.65,12052.09
2021-04-08,11.83,11.93,12.06,11.81,10882.2
2021-04-09,11.92,11.84,11.98,11.71,10849.53
2021-04-12,11.87,12.44,12.66,11.8,38038.67
2021-04-13,12.45,12.23,12.6,12.16,16652.09
2021-04-14,12.32,12.47,12.74,12.25,17299.22
2021-04-15,12.46,12.29,12.47,12.22,10318.0
2021-04-16,12.3,12.42,12.47,12.24,11175.25
2021-04-19,12.42,12.45,12.59,12.39,13746.05
2021-04-20,12.42,12.55,12.59,12.42,12218.1
2021-04-21,12.55,12.49,12.58,12.44,8573.89
2021-04-22,12.47,12.23,12.55,12.17,16220.0
2021-04-23,12.18,12.1,12.28,12.09,8911.13
2021-04-26,12.11,12.06,12.58,11.99,25829.78
2021-04-27,12.02,12.27,12.42,12.0,16147.99
2021-04-28,12.25,12.31,12.47,12.15,9570.28
2021-04-29,12.28,12.08,12.36,12.07,11166.27
2021-04-30,12.15,12.5,12.57,12.0,26214.0
2021-05-06,12.49,13.1,13.12,12.41,43428.61
2021-05-07,13.1,13.02,13.34,12.91,30655.01
2021-05-10,12.99,13.03,13.27,12.98,15775.25
2021-05-11,12.93,13.19,13.28,12.92,13101.49
2021-05-12,13.19,13.22,13.42,13.05,17624.0
2021-05-13,13.22,12.96,13.31,12.89,16705.0
2021-05-14,12.86,12.97,13.15,12.86,12090.3
2021-05-17,12.97,13.03,13.19,12.96,17910.91
2021-05-18,13.03,12.7,13.04,12.54,29066.0
2021-05-19,12.7,12.79,13.05,12.66,25814.54
2021-05-20,12.96,12.79,13.0,12.66,17100.68
2021-05-21,12.85,12.69,12.85,12.64,14032.86
2021-05-24,12.58,12.63,12.88,12.57,13544.09
2021-05-25,12.63,12.96,13.22,12.49,30728.54
2021-05-26,12.96,12.94,13.13,12.87,18158.33
2021-05-27,12.94,13.06,13.09,12.89,15455.25
2021-05-28,13.06,12.52,13.13,12.47,41809.27
2021-05-31,12.52,12.76,12.81,12.47,16277.0
2021-06-01,12.76,12.7,12.89,12.67,16930.0
2021-06-02,12.68,12.68,12.76,12.64,10917.67
2021-06-03,12.75,12.6,12.75,12.58,11862.47
2021-06-04,12.64,12.44,12.79,12.39,27073.0
2021-06-07,12.48,12.42,12.65,12.41,17584.0
2021-06-08,12.4,12.2,12.41,12.1,20016.0
2021-06-09,12.18,12.39,12.46,12.03,21316.14
2021-06-10,12.35,12.4,12.59,12.32,13719.22
2021-06-11,12.4,13.26,13.62,12.26,87357.36
2021-06-15,13.26,13.82,13.83,13.2,85891.28
2021-06-16,13.71,13.63,13.89,13.57,62189.64
2021-06-17,13.61,13.82,13.98,13.6,40014.16
2021-06-18,13.82,13.72,13.92,13.64,33380.36
2021-06-21,13.72,13.98,14.27,13.72,56796.8
2021-06-22,13.98,13.89,14.05,13.74,42221.5
2021-06-23,13.94,13.69,13.99,13.64,48925.3
2021-06-24,13.74,13.41,13.74,13.33,40268.07
2021-06-25,13.45,13.15,13.45,13.09,39378.0
2021-06-28,13.17,13.05,13.33,12.94,35525.08
2021-06-29,13.13,12.93,13.15,12.86,26380.0
2021-06-30,12.91,12.69,12.98,12.66,37170.13
2021-07-01,12.7,12.89,13.18,12.67,36041.0
2021-07-02,12.89,12.5,12.89,12.47,34230.0
2021-07-05,12.49,12.36,12.79,12.27,28189.03
2021-07-06,12.36,12.41,12.53,12.22,26569.78
2021-07-07,12.36,12.43,12.52,12.2,25009.1
2021-07-08,12.57,12.31,12.57,12.23,24636.01
2021-07-09,12.3,12.15,12.35,12.01,26437.86
2021-07-12,12.24,12.68,12.76,12.16,44305.75
2021-07-13,12.67,12.95,12.95,12.58,25547.59
2021-07-14,12.96,12.66,13.08,12.63,21288.08
2021-07-15,12.6,12.33,12.7,12.23,26703.47
2021-07-16,12.25,12.82,13.03,12.25,30984.15
2021-07-19,12.79,12.61,13.1,12.58,23690.56
2021-07-20,12.57,13.33,13.43,12.45,49946.5
2021-07-21,13.49,13.29,13.49,13.17,35236.59
2021-07-22,13.2,13.11,13.34,13.06,29270.0
2021-07-23,13.05,13.18,13.26,12.81,32424.0
2021-07-26,13.18,13.45,13.49,13.0,44607.72
2021-07-27,13.35,12.79,13.49,12.79,34139.62
2021-07-28,12.72,12.62,12.92,12.26,32157.81
2021-07-29,12.68,13.0,13.23,12.68,28623.0
2021-07-30,13.0,13.03,13.09,12.77,23886.88
2021-08-02,13.03,13.62,13.79,12.96,64918.9
2021-08-03,13.64,13.56,14.05,13.5,52934.0
2021-08-04,13.59,13.7,13.91,13.44,38945.08
2021-08-05,13.68,14.46,14.59,13.64,85979.57
2021-08-06,14.5,14.3,14.58,14.05,52551.61
2021-08-09,14.33,14.15,14.47,14.12,32141.94
2021-08-10,14.27,15.57,15.57,14.15,116802.17
2021-08-11,15.59,15.54,16.44,15.4,167635.82
2021-08-12,15.67,15.75,15.91,15.37,105610.01
2021-08-13,15.76,15.88,16.03,15.54,92060.52
2021-08-16,15.72,16.05,16.13,15.21,76023.82
2021-08-17,16.05,15.54,16.07,15.32,70480.92
2021-08-18,15.49,15.71,16.05,15.39,46181.72
2021-08-19,15.71,15.77,15.82,15.5,43560.68
2021-08-20,15.77,15.96,16.37,15.55,63237.39
2021-08-23,15.97,15.84,16.11,15.63,71002.35
2021-08-24,15.75,16.13,16.27,15.71,78220.96
2021-08-25,16.13,16.85,17.03,15.97,86868.96
2021-08-26,16.99,16.53,17.29,16.26,91760.28
2021-08-27,16.52,16.19,16.86,15.93,65332.43
2021-08-30,16.17,16.03,16.42,15.99,46653.98
2021-08-31,16.04,16.35,16.58,15.75,55156.6
2021-09-01,16.37,15.75,16.47,15.64,49710.0
2021-09-02,15.91,15.97,16.09,15.64,45443.65
2021-09-03,15.94,16.42,17.08,15.93,64619.82
2021-09-06,16.55,16.79,16.85,16.03,65939.92
2021-09-07,16.81,16.76,16.99,16.62,54695.77
2021-09-08,16.76,16.64,16.93,16.33,48627.8
2021-09-09,16.47,16.54,16.6,16.29,37653.67
2021-09-10,16.51,16.87,17.28,16.43,73088.15
2021-09-13,16.86,16.34,16.91,16.14,62016.85
2021-09-14,16.28,16.1,16.7,16.03,38831.77
2021-09-15,16.2,16.05,16.23,15.67,51252.29
2021-09-16,16.05,15.05,16.05,15.05,50366.84
2021-09-17,15.07,15.63,15.72,14.76,64197.74
2021-09-22,15.45,14.6,15.45,14.52,68016.11
2021-09-23,14.63,14.77,15.01,14.58,33420.02
2021-09-24,14.78,14.47,14.94,14.47,49083.26
2021-09-27,14.58,13.63,14.66,13.37,78782.26
2021-09-28,13.78,13.56,13.83,13.33,34069.74
2021-09-29,13.48,13.26,13.69,13.09,41474.53
2021-09-30,13.26,13.8,13.98,13.26,32442.97
2021-10-08,13.95,13.66,14.12,13.56,20975.0
2021-10-11,13.67,13.6,13.84,13.47,20383.0
2021-10-12,13.59,13.31,13.76,13.18,28635.0
2021-10-13,13.31,13.39,13.51,13.21,14829.0
2021-10-14,13.39,13.76,14.0,13.23,31306.92
2021-10-15,13.69,13.75,13.78,13.55,16759.0
2021-10-18,13.71,13.5,13.76,13.37,21190.24
2021-10-19,13.39,13.36,13.48,13.17,25291.11
2021-10-20,13.36,13.13,13.36,12.9,31096.93
2021-10-21,13.08,12.83,13.2,12.82,24306.5
2021-10-22,12.85,12.65,13.01,12.5,35052.01
2021-10-25,12.61,12.66,12.93,12.33,26899.0
2021-10-26,12.72,12.73,12.96,12.61,20786.0
2021-10-27,12.73,12.73,12.85,12.52,22676.99
2021-10-28,12.68,12.89,13.13,12.67,33754.18
2021-10-29,12.94,13.02,13.22,12.71,23376.49
2021-11-01,13.09,12.84,13.14,12.8,22870.9
2021-11-02,12.85,12.86,13.0,12.61,29898.12
2021-11-03,12.86,12.85,12.98,12.74,13901.83
2021-11-04,12.86,12.71,12.86,12.6,24070.97
2021-11-05,12.66,12.66,12.77,12.41,30525.81
2021-11-08,12.65,12.8,12.85,12.46,19464.4
2021-11-09,12.81,13.77,13.81,12.71,69820.3
2021-11-10,13.78,14.14,14.23,13.64,52682.99
2021-11-11,14.01,14.05,14.17,13.83,26630.85
2021-11-12,14.05,13.89,14.05,13.84,19186.98
2021-11-15,13.93,13.67,14.16,13.61,28575.07
2021-11-16,13.67,13.49,13.74,13.36,28348.02
2021-11-17,13.52,13.74,13.83,13.27,27036.2
2021-11-18,13.72,13.69,13.93,13.58,16105.0
2021-11-19,13.74,15.05,15.05,13.74,89747.41
2021-11-22,15.04,15.76,16.02,14.81,121308.39
2021-11-23,15.76,15.83,15.98,15.47,83445.53
2021-11-24,15.79,15.49,16.01,15.43,65250.68
2021-11-25,15.55,15.57,15.67,15.35,48618.37
2021-11-26,15.46,15.55,15.69,15.36,38368.68
2021-11-29,15.58,16.46,16.54,15.35,107235.32
2021-11-30,16.46,16.2,16.81,16.11,91908.77
2021-12-01,16.33,16.55,16.61,14.86,224455.65
2021-12-02,16.44,16.34,16.7,16.24,99769.31
2021-12-03,16.48,16.64,16.85,15.97,103909.59
2021-12-06,16.64,17.76,18.28,16.64,168159.44
2021-12-07,17.85,17.51,18.08,17.11,124419.01
2021-12-08,17.12,17.53,17.87,17.12,63836.94
2021-12-09,17.45,18.13,18.47,17.21,115789.12
2021-12-10,17.93,17.94,18.46,17.79,59080.29
2021-12-13,17.99,18.08,18.17,17.49,71265.64
2021-12-14,18.08,18.3,18.57,17.91,88999.76
2021-12-15,19.45,18.1,19.45,17.4,134630.29
2021-12-16,18.24,17.96,18.62,17.85,94423.08
2021-12-17,17.94,17.81,18.07,17.49,85551.32
2021-12-20,17.87,18.37,18.66,17.77,92512.28
2021-12-21,18.37,18.57,18.65,18.3,44161.04
2021-12-22,18.73,18.4,19.06,18.31,41329.0
2021-12-23,18.53,18.18,18.62,18.16,44276.01
2021-12-24,18.33,18.05,18.33,17.69,56038.73
2021-12-27,18.04,17.53,18.13,17.03,90766.68
2021-12-28,17.58,17.27,17.65,17.0,48692.8
2021-12-29,17.28,17.28,17.75,17.23,42742.03
2021-12-30,17.25,17.29,17.54,17.11,32405.14
2021-12-31,17.3,17.54,18.08,17.3,41033.01
2022-01-04,17.58,17.63,17.74,17.3,36792.0
2022-01-05,17.6,17.59,18.26,17.42,49737.66
2022-01-06,17.41,17.4,17.72,17.22,30169.19
2022-01-07,17.32,17.38,17.75,17.28,30178.8
2022-01-10,17.4,16.88,17.4,16.74,45364.99
2022-01-11,16.97,16.77,17.31,16.7,37465.38
2022-01-12,16.82,16.84,17.03,16.72,33968.0
2022-01-13,16.77,16.97,17.19,16.41,47823.0
2022-01-14,16.93,16.52,16.97,16.47,30395.0
2022-01-17,16.55,16.86,17.11,16.5,37107.54
2022-01-18,16.9,16.58,17.45,16.39,38618.61
2022-01-19,16.58,16.19,16.58,16.12,40017.49
2022-01-20,16.21,15.38,16.29,15.38,63852.78
2022-01-21,15.4,15.03,15.45,14.86,42899.79
2022-01-24,14.72,14.84,15.1,14.44,34097.68
2022-01-25,14.83,14.25,15.34,14.17,53850.63
2022-01-26,14.17,14.36,14.74,14.16,40325.96
2022-01-27,14.37,13.98,14.46,13.98,29058.09
2022-01-28,14.16,13.94,14.3,13.72,25553.0
2022-02-07,14.17,13.93,14.48,13.74,35380.66
2022-02-08,13.96,13.96,14.13,13.67,41329.26
2022-02-09,13.91,14.22,14.28,13.85,29384.43
2022-02-10,14.25,14.11,14.3,13.96,30009.63
2022-02-11,14.06,13.56,14.08,13.48,32622.77
2022-02-14,13.55,13.73,13.88,13.41,32745.13
2022-02-15,13.77,13.8,13.85,13.65,32500.12
2022-02-16,13.8,13.79,13.85,13.67,24251.98
2022-02-17,13.67,13.44,13.69,13.29,42328.54
2022-02-18,13.44,13.69,13.72,13.36,23155.24
2022-02-21,13.88,13.48,13.96,13.33,48254.07
2022-02-22,13.39,13.03,13.39,12.94,42268.05
2022-02-23,13.06,13.38,13.52,13.06,37785.01
2022-02-24,13.38,13.62,13.95,13.26,68051.76
2022-02-25,13.62,13.9,13.9,13.59,41582.14
2022-02-28,13.91,13.89,14.03,13.65,40529.12
2022-03-01,13.89,14.28,14.38,13.89,38567.03
2022-03-02,14.29,14.28,14.39,14.14,26611.23
2022-03-03,14.27,14.22,14.6,14.14,39523.01
2022-03-04,14.21,14.13,14.36,14.0,32000.1
2022-03-07,14.08,13.92,14.16,13.79,36936.19
2022-03-08,13.78,13.05,13.92,13.01,60385.31
2022-03-09,13.15,12.76,13.25,12.29,42586.0
2022-03-10,13.06,12.85,13.18,12.81,30665.48
2022-03-11,12.78,13.0,13.06,12.55,26517.0
2022-03-14,13.01,12.47,13.01,12.45,37736.57
2022-03-15,12.46,11.46,12.46,11.44,51373.58
2022-03-16,11.63,11.99,12.0,11.13,46847.45
2022-03-17,12.04,12.55,12.78,11.99,56015.06
2022-03-18,12.5,12.55,12.68,12.43,31743.07
2022-03-21,12.48,12.35,12.58,12.15,32312.59
2022-03-22,12.32,12.2,12.91,12.08,33801.15
2022-03-23,12.11,12.26,12.31,12.02,33771.0
2022-03-24,12.12,12.0,12.15,11.95,24947.14
2022-03-25,12.16,13.21,13.21,11.98,61282.77
2022-03-28,13.2,12.77,14.08,12.66,175363.67
2022-03-29,12.59,12.51,12.98,12.22,119276.02
2022-03-30,12.51,12.63,13.07,12.43,78712.0
2022-03-31,12.76,13.05,13.26,12.59,91253.45
2022-04-01,12.92,13.39,13.65,12.82,81519.34
2022-04-06,13.4,13.11,13.41,13.0,58546.03
2022-04-07,13.04,12.86,13.43,12.86,50049.56
2022-04-08,12.87,12.61,12.95,12.37,50730.29
2022-04-11,12.46,11.86,12.57,11.78,51413.43
2022-04-12,11.86,12.4,12.67,11.79,54067.34
2022-04-13,12.42,12.15,12.44,12.03,29476.61
2022-04-14,12.21,12.05,12.32,11.89,28961.56
2022-04-15,11.91,11.89,12.1,11.51,51640.24
2022-04-18,11.97,11.81,11.97,11.5,28889.43
2022-04-19,11.93,11.9,12.29,11.76,31880.5
2022-04-20,11.91,11.72,11.98,11.5,30479.44
2022-04-21,11.55,11.32,11.88,11.05,60007.52
2022-04-22,11.23,10.96,11.25,10.77,44198.44
2022-04-25,10.82,9.86,10.84,9.86,44248.01
2022-04-26,9.62,8.88,9.62,8.88,91306.2
2022-04-27,8.36,9.16,9.22,8.29,86884.01
2022-04-28,9.03,9.21,9.38,8.93,48412.0
2022-04-29,9.26,9.73,9.82,9.14,54284.02
2022-05-05,9.72,9.48,9.72,8.76,50808.0
2022-05-06,9.3,9.32,9.48,8.89,28665.0
2022-05-09,9.44,9.56,9.72,9.43,32153.1
2022-05-10,9.54,9.98,10.08,9.48,38368.6
2022-05-11,10.23,10.22,10.68,10.18,65022.01
2022-05-12,10.26,10.28,10.43,10.04,39101.0
2022-05-13,10.75,10.52,10.75,10.22,32985.0
2022-05-16,10.73,10.9,11.02,10.67,44148.0
2022-05-17,10.9,11.02,11.18,10.71,39483.82
2022-05-18,10.97,11.33,11.56,10.92,44928.0
2022-05-19,11.19,11.19,11.36,11.04,40641.81
2022-05-20,11.21,11.15,11.41,11.04,35840.0
2022-05-23,11.15,11.26,11.29,11.03,45398.0
2022-05-24,11.26,10.93,11.39,10.88,44783.5
2022-05-25,10.9,11.34,11.42,10.87,44158.86
2022-05-26,11.34,11.48,11.72,11.2,36336.14
2022-05-27,11.54,11.87,12.04,11.48,50333.43
2022-05-30,11.82,11.55,11.82,11.44,43643.0
2022-05-31,11.59,11.57,11.67,11.44,20458.0
2022-06-01,11.56,11.52,11.68,11.4,29787.1
2022-06-02,11.55,11.67,11.76,11.22,34545.08
2022-06-06,11.55,12.2,12.2,11.55,43066.91
2022-06-07,12.32,12.03,12.32,11.88,35422.0
2022-06-08,12.03,11.82,12.14,11.71,30210.76
2022-06-09,11.83,11.88,12.05,11.54,36331.9
2022-06-10,11.91,11.98,12.14,11.68,28910.0
2022-06-13,11.89,12.84,12.95,11.81,91235.12
2022-06-14,12.7,12.05,12.85,11.84,116787.42
2022-06-15,12.14,11.76,12.36,11.76,49821.6
2022-06-16,11.76,11.78,11.97,11.72,43149.71
2022-06-17,11.73,11.71,12.01,11.44,45978.0
2022-06-20,11.72,11.64,11.93,11.51,30223.0
2022-06-21,11.64,11.27,11.69,11.11,39185.0
2022-06-22,11.29,12.4,12.4,11.29,131101.24
2022-06-23,12.41,13.11,13.37,12.3,208226.92
2022-06-24,13.11,13.39,13.54,12.9,133648.52
2022-06-27,13.41,12.99,13.56,12.88,72924.12
2022-06-28,12.9,13.05,13.27,12.89,55306.14
2022-06-29,13.05,12.83,13.17,12.74,52225.0
2022-06-30,12.95,13.21,13.37,12.72,59254.59
2022-07-01,13.11,13.54,13.93,13.05,133064.76
2022-07-04,13.54,14.32,14.43,13.26,141028.87
2022-07-05,14.66,13.07,14.95,12.91,201427.22
2022-07-06,13.06,13.04,13.27,12.85,62603.32
2022-07-07,12.99,12.84,12.99,12.65,59274.48
2022-07-08,12.89,12.68,12.92,12.68,40452.0
2022-07-11,12.61,12.72,12.87,12.51,35063.47
2022-07-12,12.84,12.42,12.85,12.38,31484.76
2022-07-13,12.37,12.29,12.56,12.2,34917.03
2022-07-14,12.23,12.25,12.35,12.15,34287.66
2022-07-15,12.25,11.9,12.32,11.89,52832.4
2022-07-18,11.98,13.09,13.09,11.91,79055.13
2022-07-19,13.16,13.34,13.54,13.04,105074.58
2022-07-20,13.32,13.72,13.83,13.21,71939.73
2022-07-21,13.66,13.69,13.84,13.49,61199.41
2022-07-22,13.55,13.87,14.06,13.55,60241.01
2022-07-25,13.94,14.17,14.19,13.72,75039.02
2022-07-26,14.15,14.22,14.66,13.81,148999.13
2022-07-27,14.16,14.51,14.65,14.06,132632.39
2022-07-28,14.47,14.89,15.08,14.17,140679.81
2022-07-29,14.81,14.62,15.13,14.58,97170.5
2022-08-01,14.59,14.65,14.93,14.18,88890.66
2022-08-02,14.6,14.07,14.6,13.64,104782.39
2022-08-03,14.09,14.05,14.61,13.93,69418.01
2022-08-04,14.17,13.89,14.37,13.75,44178.0
2022-08-05,13.89,13.81,14.1,13.65,52984.39
2022-08-08,13.81,14.18,14.27,13.46,64523.05
2022-08-09,14.27,14.11,14.4,13.88,49229.0
2022-08-10,14.09,14.09,14.27,13.97,40881.0
2022-08-11,14.16,14.05,14.22,13.88,40346.0
2022-08-12,14.05,14.0,14.55,13.92,62333.56
2022-08-15,14.0,14.13,14.35,13.89,44937.72
2022-08-16,14.13,14.43,14.69,14.01,76741.66
2022-08-17,14.4,14.15,14.49,14.11,55959.53
2022-08-18,14.15,13.95,14.25,13.87,55203.38
2022-08-19,14.08,13.69,14.13,13.67,54451.37
2022-08-22,13.73,13.93,13.95,13.59,41172.06
2022-08-23,13.91,13.98,14.06,13.72,30754.04
2022-08-24,13.96,13.34,14.06,13.2,65580.79
2022-08-25,13.4,13.31,13.57,13.1,51955.11
2022-08-26,13.31,13.32,13.36,13.0,44989.51
2022-08-29,13.24,13.98,14.17,12.9,68925.0
2022-08-30,13.83,13.85,14.15,13.72,40656.0
2022-08-31,13.83,13.45,14.06,13.45,40346.57
2022-09-01,13.54,14.35,14.71,13.46,120088.85
2022-09-02,14.37,14.94,15.12,14.06,118244.39
2022-09-05,14.86,14.99,15.31,14.72,74079.22
2022-09-06,14.99,15.0,15.25,14.83,48348.15
2022-09-07,14.99,15.44,15.63,14.88,80329.39
2022-09-08,15.43,15.39,15.8,15.22,69280.83
2022-09-09,15.31,15.24,15.34,14.82,63027.0
2022-09-13,15.21,15.19,15.58,15.14,49385.0
2022-09-14,14.89,15.52,16.04,14.86,95328.0
2022-09-15,15.55,14.93,15.57,14.66,76830.25
2022-09-16,15.12,15.01,15.46,14.73,55788.01
2022-09-19,15.02,14.7,15.19,14.62,52091.8
2022-09-20,14.83,14.54,15.01,14.41,39226.01
2022-09-21,14.56,14.34,14.69,14.13,37365.43
2022-09-22,14.22,14.61,14.96,14.13,41206.0
2022-09-23,14.56,14.13,14.81,14.13,40462.0
2022-09-26,14.13,13.77,14.23,13.76,30392.0
2022-09-27,13.77,13.89,14.08,13.66,27891.07
2022-09-28,13.89,13.05,13.9,13.05,51081.0
2022-09-29,13.18,12.85,13.31,12.81,36721.0
2022-09-30,13.02,12.59,13.02,12.59,25633.0
2022-10-10,12.69,12.55,12.9,12.45,31017.13
2022-10-11,12.53,13.01,13.1,12.52,36313.0
2022-10-12,13.05,13.67,13.69,12.9,60249.44
2022-10-13,13.58,13.81,13.99,13.51,38069.18
2022-10-14,13.86,14.23,14.23,13.8,42313.32
2022-10-17,13.83,14.77,14.85,13.78,97672.6
2022-10-18,14.81,14.47,14.87,14.23,67043.69
2022-10-19,14.53,13.99,14.53,13.91,56724.51
2022-10-20,13.98,13.59,14.05,13.43,43655.75
2022-10-21,13.99,13.29,13.99,13.21,37888.15
2022-10-24,13.4,13.86,14.35,13.36,87949.47
2022-10-25,13.83,13.76,14.04,13.56,41945.83
2022-10-26,13.9,14.28,14.32,13.67,51780.74
2022-10-27,14.28,14.61,15.03,14.2,77007.37
2022-10-28,14.57,14.92,15.01,14.35,157477.13
2022-10-31,14.64,16.36,16.41,14.12,270516.28
2022-11-01,16.78,16.68,17.52,16.33,232505.66
2022-11-02,16.77,17.17,17.74,16.74,177100.15
2022-11-03,16.82,17.53,17.6,16.82,124220.9
2022-11-04,17.53,17.37,17.91,17.17,99079.1
2022-11-07,17.38,16.58,17.56,16.31,185142.45
2022-11-08,16.51,16.19,16.57,15.74,84836.38
2022-11-09,16.18,16.44,16.65,16.07,73174.13
2022-11-10,16.34,16.3,16.72,16.22,63260.07
2022-11-11,16.39,16.04,16.57,15.97,74382.64
2022-11-14,15.89,15.79,16.2,15.68,64461.85
2022-11-15,15.85,16.07,16.11,15.55,92174.16
2022-11-16,15.93,15.81,16.63,15.73,90578.28
2022-11-17,15.69,15.79,15.86,15.17,87836.37
2022-11-18,15.58,15.22,15.94,15.18,72389.3
2022-11-21,15.11,15.19,15.33,14.96,43555.68
2022-11-22,15.03,15.05,15.36,14.97,38758.07
2022-11-23,15.18,15.15,15.28,14.77,40264.38
2022-11-24,15.19,15.06,15.34,14.9,37283.79
2022-11-25,14.98,14.76,14.98,14.67,38863.56
2022-11-28,14.98,15.38,15.44,14.84,75479.77
2022-11-29,15.47,15.42,15.6,15.22,75625.42
2022-11-30,15.58,15.84,16.01,15.24,71540.28
2022-12-01,15.97,15.81,15.98,15.48,51067.59
2022-12-02,15.7,15.46,15.89,15.43,34626.92
2022-12-05,15.56,15.49,15.72,15.4,33707.27
2022-12-06,15.55,15.32,15.55,15.14,38754.86
2022-12-07,15.31,15.38,15.47,15.18,23124.58
2022-12-08,15.89,14.82,15.99,14.77,70412.3
2022-12-09,14.41,14.52,14.88,14.39,45945.0
2022-12-12,14.3,14.64,14.76,14.27,31822.0
2022-12-13,14.52,14.12,14.68,14.12,32704.0
2022-12-14,14.1,14.13,14.4,13.97,21211.77
2022-12-15,14.14,14.15,14.3,14.01,25238.49
2022-12-16,14.22,13.88,14.22,13.73,33667.66
2022-12-19,13.88,13.7,13.95,13.54,30561.86
2022-12-20,13.63,13.65,13.73,13.5,19258.0
2022-12-21,13.65,13.63,13.75,13.49,26437.0
2022-12-22,13.69,13.31,13.69,13.1,34741.15
2022-12-23,13.33,13.3,13.39,13.05,35701.0
2022-12-26,13.39,13.54,13.56,13.11,28951.54
2022-12-27,13.6,13.98,14.1,13.42,54705.53
2022-12-28,14.02,13.96,14.12,13.83,25592.05
2022-12-29,13.95,14.01,14.11,13.74,22928.51
2022-12-30,14.03,13.83,14.08,13.81,20276.56
2023-01-03,14.1,14.68,14.86,14.1,65107.69
2023-01-04,14.61,14.15,14.79,14.13,51243.99
2023-01-05,14.22,14.28,14.35,13.88,44123.35
2023-01-06,14.28,14.42,14.64,14.13,30666.0
2023-01-09,14.5,14.19,14.52,14.12,30980.31
2023-01-10,14.14,14.04,14.23,13.98,22395.0
2023-01-11,14.07,14.08,14.53,14.01,27004.58
2023-01-12,14.14,14.08,14.37,13.94,28038.15
2023-01-13,14.15,14.37,14.46,13.96,35855.8
2023-01-16,14.36,14.66,14.8,14.31,39884.16
2023-01-17,14.67,14.64,14.76,14.57,17610.31
2023-01-18,14.68,14.55,14.77,14.43,33269.0
2023-01-19,14.55,14.83,14.92,14.51,34980.5
2023-01-20,14.87,15.29,15.46,14.83,65833.37
2023-01-30,15.44,16.09,16.4,15.31,111037.88
2023-01-31,16.02,16.2,16.41,15.91,66066.81
2023-02-01,16.22,16.83,16.88,16.12,86879.0
2023-02-02,16.69,17.07,17.44,16.68,117161.61
2023-02-03,16.97,16.94,17.02,16.63,59407.01
2023-02-06,16.87,16.94,17.47,16.81,54198.03
2023-02-07,17.02,16.98,17.21,16.8,44227.02
2023-02-08,16.99,16.92,17.32,16.89,28901.01
2023-02-09,17.02,17.73,17.74,16.86,95301.4
2023-02-10,17.62,17.84,18.3,17.57,92331.99
2023-02-13,17.93,17.9,18.49,17.43,95264.74
2023-02-14,17.98,17.96,18.02,17.76,33195.82
2023-02-15,17.89,17.91,18.24,17.76,34618.37
2023-02-16,17.9,17.67,18.09,17.36,65984.72
2023-02-17,18.13,17.56,18.14,16.84,151618.87
2023-02-20,17.5,17.3,17.63,17.06,89824.68
2023-02-21,17.3,17.88,18.08,17.22,83477.35
2023-02-22,17.95,18.0,18.15,17.7,51252.48
2023-02-23,17.96,18.07,18.44,17.95,51446.93
2023-02-24,18.09,18.75,18.85,17.91,120485.27
2023-02-27,18.9,18.32,19.01,18.15,107307.55
2023-02-28,18.3,19.36,19.59,18.08,120459.11
2023-03-01,19.39,18.95,19.39,18.75,99750.45
2023-03-02,19.08,19.51,19.72,18.95,98863.41
2023-03-03,19.43,19.6,19.8,19.19,45538.67
2023-03-06,19.5,19.57,19.67,19.03,58435.11
2023-03-07,19.57,19.14,19.76,18.72,77491.17
2023-03-08,18.84,18.96,19.22,18.56,50725.49
2023-03-09,18.87,18.3,18.87,18.27,57155.5
2023-03-10,18.21,17.82,18.42,17.61,71326.09
2023-03-13,17.76,17.7,17.99,17.47,91500.4
2023-03-14,17.72,16.47,17.81,16.38,149621.68
2023-03-15,16.68,17.01,17.73,16.68,140380.06
2023-03-16,17.02,16.46,17.35,16.42,86251.08
2023-03-17,16.6,16.48,16.84,16.36,87130.34
2023-03-20,16.48,16.31,16.7,16.29,75175.91
2023-03-21,16.45,16.56,16.98,16.29,74394.76
2023-03-22,16.6,16.12,16.64,15.87,104300.66
2023-03-23,16.05,16.06,16.23,15.91,48741.53
2023-03-24,16.09,16.09,16.32,15.99,51325.2
2023-03-27,15.99,16.13,16.25,15.79,64718.49
2023-03-28,16.08,16.44,16.63,16.04,78396.17
2023-03-29,16.38,16.14,16.48,15.99,53548.44
2023-03-30,16.09,15.97,16.23,15.88,32510.68
2023-03-31,16.0,16.71,16.76,16.0,64544.31
2023-04-03,16.72,16.6,16.97,16.45,69331.79
2023-04-04,16.6,16.25,16.64,16.12,51937.61
2023-04-06,16.28,16.05,16.34,15.79,48769.61
2023-04-07,16.11,16.08,16.26,16.02,30021.0
2023-04-10,15.94,15.77,15.99,15.6,51727.21
2023-04-11,15.8,15.8,15.96,15.62,33817.88
2023-04-12,15.85,16.03,16.12,15.76,35710.33
2023-04-13,15.86,15.46,16.01,15.43,47328.79
2023-04-14,15.53,15.73,15.82,15.42,38780.38
2023-04-17,15.78,15.87,15.96,15.64,29133.3
2023-04-18,15.98,15.81,16.01,15.8,29311.41
2023-04-19,15.89,15.66,15.91,15.66,28338.97
2023-04-20,15.66,15.48,15.66,15.32,32627.17
2023-04-21,15.57,15.36,15.89,15.34,39635.98
2023-04-24,15.36,15.26,15.48,15.07,37447.12
2023-04-25,15.16,14.99,15.26,14.65,66733.47
2023-04-26,15.14,15.93,16.19,14.91,93187.05
2023-04-27,15.82,16.11,16.41,15.7,84927.82
2023-04-28,16.12,16.51,16.82,16.12,80144.41
2023-05-04,16.59,16.89,17.4,16.43,133476.39
2023-05-05,16.88,16.71,17.04,16.33,70583.29
2023-05-08,16.79,16.61,16.79,16.28,55148.78
2023-05-09,16.57,16.32,16.76,16.32,47438.61
2023-05-10,16.33,16.37,16.93,16.22,72322.84
2023-05-11,16.34,16.13,16.47,16.05,35572.0
2023-05-12,16.04,15.99,16.17,15.88,21867.3
2023-05-15,15.96,16.35,16.4,15.66,42658.18
2023-05-16,16.14,15.93,16.36,15.85,37590.86
2023-05-17,15.84,16.29,16.32,15.7,35197.4
2023-05-18,16.29,16.28,16.35,15.99,34403.55
2023-05-19,16.28,16.59,16.7,16.16,38827.06
2023-05-22,16.66,16.61,16.78,16.41,35127.3
2023-05-23,16.67,16.46,16.72,16.44,21313.1
2023-05-24,16.45,16.8,17.26,16.32,56224.33
2023-05-25,16.67,16.72,16.86,16.33,41640.96
2023-05-26,16.79,16.7,16.98,16.56,32831.07
2023-05-29,16.97,16.81,17.29,16.68,60731.57
2023-05-30,16.69,16.69,16.9,16.29,47623.2
2023-05-31,16.6,16.63,16.92,16.53,36185.8
2023-06-01,16.71,16.94,17.4,16.55,66611.4
2023-06-02,16.98,16.62,17.08,16.61,43359.4
2023-06-05,16.68,16.57,16.89,16.33,48690.15
2023-06-06,16.58,15.82,16.67,15.82,68112.77
2023-06-07,15.94,15.75,16.04,15.63,43272.69
2023-06-08,15.8,15.48,15.82,15.45,37961.01
2023-06-09,15.59,15.49,15.78,15.31,42746.16
2023-06-12,15.53,15.73,16.07,15.41,62863.6
2023-06-13,15.73,15.59,15.83,15.49,29497.0
2023-06-14,15.59,15.59,15.79,15.45,31178.11
2023-06-15,15.69,15.65,15.7,15.5,31629.33
2023-06-16,15.59,15.8,15.88,15.57,28706.32
2023-06-19,15.92,16.04,16.17,15.74,44975.4
2023-06-20,15.99,16.24,16.48,15.99,39869.08
2023-06-21,16.04,15.88,16.34,15.88,42248.18
2023-06-26,15.72,15.63,15.91,15.5,34287.0
2023-06-27,15.6,15.57,15.79,15.53,26101.39
2023-06-28,15.68,15.63,15.7,15.33,21161.52
2023-06-29,15.65,16.07,16.21,15.45,40921.19
2023-06-30,16.02,16.45,16.52,16.02,47963.19
2023-07-03,16.42,16.37,16.58,16.31,33181.0
2023-07-04,16.33,16.39,16.68,16.28,40955.64
2023-07-05,16.38,16.09,16.45,16.05,25431.0
2023-07-06,16.19,14.53,16.19,14.48,142515.45
2023-07-07,14.49,14.57,14.68,14.15,115095.19
2023-07-10,14.57,13.8,14.66,13.71,145996.0
2023-07-11,13.83,13.75,14.1,13.71,73355.1
2023-07-12,13.75,13.32,13.76,13.27,94642.38
2023-07-13,13.33,13.46,13.57,13.3,83861.2
2023-07-14,13.46,13.26,13.54,13.24,57774.92
2023-07-17,13.28,13.31,13.35,13.08,44468.63
2023-07-18,13.29,13.29,13.49,13.16,61086.9
2023-07-19,13.36,13.34,13.39,13.21,46048.91
2023-07-20,13.39,13.15,13.41,13.15,51665.43
2023-07-21,13.2,13.15,13.27,13.08,32786.12
2023-07-24,13.09,13.19,13.26,13.08,33722.0
2023-07-25,13.24,13.4,13.4,13.21,43654.0
2023-07-26,13.37,13.43,13.47,13.29,45180.0
2023-07-27,13.41,13.32,13.5,13.27,48256.04
2023-07-28,13.29,13.39,13.44,13.17,39890.41
2023-07-31,13.39,13.21,13.49,13.1,72460.77
2023-08-01,13.21,13.06,13.21,13.0,50807.57
2023-08-02,13.01,13.17,13.26,13.01,36677.48
2023-08-03,13.1,12.96,13.14,12.93,45736.4
2023-08-04,12.96,12.99,13.04,12.92,31090.08
2023-08-07,12.96,12.79,12.98,12.69,43265.64
2023-08-08,12.79,12.47,12.83,12.32,86244.6
2023-08-09,12.51,12.54,12.63,12.31,47333.0
2023-08-10,12.55,12.62,12.64,12.41,38656.94
2023-08-11,12.62,12.75,12.9,12.55,90071.21
2023-08-14,12.62,12.76,12.84,12.48,53935.0
2023-08-15,12.74,12.6,12.81,12.57,29792.07
2023-08-16,12.69,12.31,12.69,12.3,38881.0
2023-08-17,12.22,12.81,12.82,12.14,70670.12
2023-08-18,12.73,12.51,12.9,12.49,44250.76
2023-08-21,12.5,12.13,12.5,12.13,45430.61
2023-08-22,12.26,11.8,12.26,11.38,125784.87
2023-08-23,11.77,11.25,11.77,11.23,57980.57
2023-08-24,11.28,11.22,11.36,11.09,36638.29
2023-08-25,11.27,11.12,11.41,11.05,38482.55
2023-08-28,11.77,11.54,12.05,11.43,74897.0
2023-08-29,11.67,12.32,12.43,11.57,91739.68
2023-08-30,12.31,13.0,13.08,12.25,168202.53
2023-08-31,12.89,13.04,13.08,12.68,117188.89
2023-09-01,12.97,13.08,13.23,12.91,60395.71
2023-09-04,13.08,12.99,13.17,12.84,74206.0
2023-09-05,13.01,13.09,13.1,12.86,56090.89
2023-09-06,13.04,12.85,13.06,12.83,58534.0
2023-09-07,12.85,12.83,13.04,12.67,64252.0
2023-09-08,12.73,12.82,12.9,12.61,36196.35
2023-09-11,12.82,12.84,12.88,12.54,50844.0
2023-09-12,12.79,12.82,12.86,12.75,20445.0
2023-09-13,12.81,12.73,12.81,12.59,35020.0
2023-09-14,12.79,12.75,12.79,12.6,25705.0
2023-09-15,12.79,12.85,13.01,12.66,39476.17
2023-09-18,12.85,12.79,12.91,12.68,35396.0
2023-09-19,12.77,12.73,12.78,12.57,34826.26
2023-09-20,12.65,12.69,12.77,12.59,26023.0
2023-09-21,12.63,12.28,12.69,12.25,47757.0
2023-09-22,12.27,12.86,12.89,12.19,60305.32
2023-09-25,12.8,12.69,12.8,12.52,47731.79
2023-09-26,12.61,12.7,12.74,12.51,23197.66
2023-09-27,12.73,12.69,12.76,12.59,37587.7
2023-09-28,12.62,12.94,13.0,12.62,45674.52
2023-10-09,12.95,12.93,13.02,12.82,26852.05
2023-10-10,12.94,12.91,13.05,12.91,31653.25
2023-10-11,12.91,12.7,12.93,12.61,32476.0
2023-10-12,12.73,12.73,12.78,12.65,20365.0
2023-10-13,12.74,12.69,12.76,12.64,19881.53
2023-10-16,12.7,12.51,12.74,12.48,23756.08
2023-10-17,12.52,12.71,12.71,12.41,21730.0
2023-10-18,12.7,12.07,12.7,12.05,63453.36
2023-10-19,12.15,12.09,12.3,12.01,39045.73
2023-10-20,12.02,11.97,12.1,11.9,30639.1
2023-10-23,11.97,11.7,12.09,11.63,33872.32
2023-10-24,11.71,12.27,12.29,11.6,32044.32
2023-10-25,12.15,12.05,12.35,12.05,27851.46
2023-10-26,11.92,12.34,12.4,11.92,27611.0
2023-10-27,12.28,12.82,13.05,12.17,54913.01
2023-10-30,12.71,12.85,13.0,12.59,36386.1
2023-10-31,12.81,12.87,13.09,12.81,43009.9
2023-11-01,12.87,12.86,12.99,12.8,26507.01
2023-11-02,12.86,12.7,12.86,12.64,24157.65
2023-11-03,12.81,12.69,12.81,12.64,24554.0
2023-11-06,12.76,12.98,13.0,12.71,38766.42
2023-11-07,13.0,12.87,13.02,12.83,24334.01
2023-11-08,12.89,12.84,12.98,12.78,27529.46
2023-11-09,12.82,12.77,12.91,12.7,23282.0
2023-11-10,12.72,12.69,12.79,12.61,33459.0
2023-11-13,12.88,12.95,12.96,12.55,50918.66
2023-11-14,12.91,13.25,13.25,12.91,49153.5
2023-11-15,13.4,13.7,13.97,13.34,115620.6
2023-11-16,13.72,13.6,13.77,13.5,54197.0
2023-11-17,13.64,13.88,13.94,13.42,59360.0
2023-11-20,13.89,13.8,13.97,13.55,55588.63
2023-11-21,13.79,13.65,13.9,13.6,59064.1
2023-11-22,13.62,13.48,13.7,13.48,33348.01
2023-11-23,13.48,13.71,13.74,13.46,29168.04
2023-11-24,13.67,13.62,13.75,13.5,36284.27
2023-11-27,13.62,13.59,13.66,13.45,31115.26
2023-11-28,13.59,13.65,13.75,13.56,24043.35
2023-11-29,13.66,13.5,13.66,13.48,24317.25
2023-11-30,13.55,13.53,13.6,13.31,28599.0
2023-12-01,13.48,13.46,13.58,13.35,21402.9
2023-12-04,13.45,12.89,13.47,12.81,89032.1
2023-12-05,12.91,12.69,12.93,12.62,44533.35
2023-12-06,12.64,12.69,12.72,12.49,36135.08
2023-12-07,12.64,12.56,12.67,12.52,25064.0
2023-12-08,12.56,12.38,12.64,12.38,30906.93
2023-12-11,12.41,12.47,12.48,12.22,23562.62
2023-12-12,12.49,12.67,12.85,12.37,35287.15
2023-12-13,12.61,12.7,12.81,12.58,27259.29
2023-12-14,12.71,12.46,12.73,12.46,21485.57
2023-12-15,12.42,12.37,12.6,12.32,20318.9
2023-12-18,12.32,12.15,12.36,12.13,29389.0
2023-12-19,12.15,12.2,12.24,12.06,16984.16
2023-12-20,12.25,12.06,12.27,12.02,18916.01
2023-12-21,12.12,12.24,12.32,11.85,26641.01
2023-12-22,12.2,12.19,12.2,11.94,33992.01
2023-12-25,12.09,11.89,12.09,11.69,36489.9
2023-12-26,11.91,11.76,11.91,11.65,23513.19
2023-12-27,11.78,12.16,12.2,11.65,23451.61
2023-12-28,12.04,12.51,12.65,11.98,48162.29
2023-12-29,12.64,12.9,12.99,12.43,37089.0
2024-01-02,12.94,12.84,12.99,12.71,22080.0
2024-01-03,12.78,12.53,12.88,12.47,42107.01
2024-01-04,12.59,12.53,12.6,12.4,21532.0
2024-01-05,12.5,12.32,12.6,12.17,22723.06
2024-01-08,12.28,11.94,12.32,11.94,24022.0
2024-01-09,11.94,12.27,12.29,11.83,38652.79
2024-01-10,12.18,12.24,12.26,11.9,41671.23
2024-01-11,12.16,12.26,12.27,11.93,44073.77
2024-01-12,12.14,12.17,12.32,12.06,20090.39
2024-01-15,12.12,11.98,12.24,11.95,24213.38
2024-01-16,11.92,11.87,12.02,11.77,27656.97
2024-01-17,11.92,11.71,12.0,11.7,18757.29
2024-01-18,11.71,11.72,11.75,11.34,25853.95
2024-01-19,11.73,11.48,11.85,11.48,17154.0
2024-01-22,11.48,10.75,11.48,10.63,32150.97
2024-01-23,10.83,10.66,10.9,10.5,22932.34
2024-01-24,10.74,10.75,10.79,10.3,24822.88
2024-01-25,10.77,11.48,11.54,10.64,44789.87
2024-01-26,11.56,11.39,11.86,11.31,39730.15
2024-01-29,11.43,10.92,11.49,10.87,37187.51
2024-01-30,10.93,10.65,11.03,10.65,22658.56
2024-01-31,10.58,10.48,10.71,10.23,34788.57
2024-02-01,10.35,10.43,10.44,9.95,56456.05
2024-02-02,10.23,9.73,10.37,9.43,48098.36
2024-02-05,9.7,9.07,9.7,8.76,68346.26
2024-02-06,8.79,9.84,9.85,8.43,70241.26
2024-02-07,9.85,9.85,10.03,9.58,44249.2
2024-02-08,9.95,10.82,10.82,9.83,48754.49
2024-02-19,10.84,11.03,11.08,10.75,40083.59
2024-02-20,10.92,10.9,10.99,10.67,15889.93
2024-02-21,10.84,11.08,11.37,10.72,36604.54
2024-02-22,11.13,11.08,11.19,10.95,18921.87
2024-02-23,11.08,11.18,11.19,10.96,22824.04
2024-02-26,11.29,11.3,11.48,11.11,26393.83
2024-02-27,11.24,11.44,11.46,11.13,21989.24
2024-02-28,11.61,10.88,11.7,10.88,33985.41
2024-02-29,10.83,11.12,11.18,10.75,24104.71
2024-03-01,11.13,11.1,11.21,11.03,27292.3
2024-03-04,11.06,11.01,11.11,10.9,21924.48
2024-03-05,11.0,10.93,11.17,10.9,24548.91
2024-03-06,10.9,10.94,11.03,10.71,26532.1
2024-03-07,10.91,10.74,11.0,10.74,16854.0
2024-03-08,10.72,10.88,10.93,10.72,19712.41
2024-03-11,10.87,11.11,11.11,10.86,21602.0
2024-03-12,11.27,11.38,11.43,11.14,31495.64
2024-03-13,11.41,11.41,11.54,11.15,34254.02
2024-03-14,11.42,11.44,11.61,11.31,25102.0
2024-03-15,11.44,11.58,11.65,11.33,35290.57
2024-03-18,11.84,11.77,11.84,11.57,25314.0
2024-03-19,11.75,11.72,12.05,11.68,44365.0
2024-03-20,11.71,11.8,11.82,11.69,24265.24
2024-03-21,11.92,11.87,11.98,11.72,24047.33
2024-03-22,13.06,13.06,13.06,12.82,134294.86
2024-03-25,12.89,12.06,13.16,11.91,250643.2
2024-03-26,11.86,11.64,11.91,11.47,114580.03
2024-03-27,11.64,11.75,12.03,11.23,100636.0
2024-03-28,11.75,12.45,12.46,11.72,127283.83
2024-03-29,12.37,12.31,12.5,12.09,97811.31
2024-04-01,12.24,12.16,12.39,12.08,77814.64
2024-04-02,12.13,11.91,12.13,11.83,54167.22
2024-04-03,11.91,12.01,12.07,11.7,55578.71
2024-04-08,11.92,11.49,11.92,11.47,54847.0
2024-04-09,11.53,11.64,11.76,11.52,35655.24
2024-04-10,11.64,11.31,11.7,11.23,36577.0
2024-04-11,11.2,11.12,11.4,11.1,30432.78
2024-04-12,11.14,10.99,11.2,10.94,21319.23
2024-04-15,11.03,10.75,11.13,10.52,47286.5
2024-04-16,10.66,10.15,10.66,10.05,50160.8
2024-04-17,10.29,10.71,10.74,10.25,42337.04
2024-04-18,10.81,10.92,11.05,10.72,51340.3
2024-04-19,10.91,10.75,11.03,10.66,35949.03
2024-04-22,10.75,10.91,11.0,10.52,32061.58
2024-04-23,11.03,10.94,11.06,10.92,24048.23
2024-04-24,10.94,11.18,11.18,10.84,53893.69
2024-04-25,11.18,10.93,11.2,10.87,49151.27
2024-04-26,10.92,11.06,11.13,10.86,51679.84
2024-04-29,11.07,11.37,11.4,11.06,47829.94
2024-04-30,11.33,11.35,11.5,11.13,52173.36
2024-05-06,11.51,11.49,11.65,11.4,42796.19
2024-05-07,11.57,11.76,11.8,11.49,47138.85
2024-05-08,11.82,11.59,11.94,11.48,62702.96
2024-05-09,11.47,11.74,11.84,11.45,50497.0
2024-05-10,11.79,11.95,12.9,11.68,156481.63
2024-05-13,11.83,11.53,11.9,11.41,101958.76
2024-05-14,11.39,11.5,11.56,11.34,43822.24
2024-05-15,11.52,11.57,11.78,11.42,52470.0
2024-05-16,11.54,11.48,11.64,11.41,41543.41
2024-05-17,11.48,11.68,11.7,11.44,58234.41
2024-05-20,11.62,11.77,11.85,11.62,56533.65
2024-05-21,11.69,11.5,11.75,11.46,44969.01
2024-05-22,11.47,11.48,11.59,11.44,25741.0
2024-05-23,11.52,11.2,11.7,11.2,45599.0
2024-05-24,11.21,10.95,11.25,10.94,36517.0
2024-05-27,10.97,10.92,11.03,10.59,35698.84
2024-05-28,10.94,10.96,11.12,10.79,24849.42
2024-05-29,10.99,10.97,11.18,10.92,24472.22
2024-05-30,10.9,10.95,11.06,10.8,27847.8
2024-05-31,11.02,11.14,11.36,10.94,51097.34
2024-06-03,11.14,11.07,11.35,10.98,42888.17
2024-06-04,11.03,10.86,11.03,10.71,53157.71
2024-06-05,10.89,10.64,10.94,10.64,41055.62
2024-06-06,10.67,10.16,10.7,10.04,70686.17
2024-06-07,10.33,10.32,10.43,10.17,34442.0
2024-06-11,10.22,10.48,10.49,10.09,28483.02
2024-06-12,10.42,10.47,10.54,10.41,21222.45
2024-06-13,10.5,10.33,10.5,10.29,23889.47
2024-06-14,10.33,10.16,10.33,10.11,29365.9
2024-06-17,10.16,10.15,10.26,10.05,20738.43
2024-06-18,10.15,10.41,10.49,10.08,37611.0
2024-06-19,10.42,10.22,10.42,10.21,26336.0
2024-06-20,10.19,10.05,10.28,10.05,25842.68
2024-06-21,9.97,10.01,10.18,9.96,24338.0
2024-06-24,9.95,9.62,9.95,9.6,38450.17
2024-06-25,9.65,9.65,9.72,9.52,23554.01
2024-06-26,9.66,9.88,9.88,9.61,29355.01
2024-06-27,9.88,9.56,9.88,9.56,20772.0
2024-06-28,9.64,9.78,9.89,9.53,40419.77
2024-07-01,9.78,9.78,9.81,9.55,24125.16
2024-07-02,9.78,9.73,9.83,9.7,17483.69
2024-07-03,9.73,9.74,9.89,9.67,24095.99
2024-07-04,9.76,9.5,9.78,9.44,22420.69
2024-07-05,9.5,9.72,9.74,9.37,20858.0
2024-07-08,9.63,9.55,9.72,9.51,21628.74
2024-07-09,9.55,9.44,9.65,9.06,53309.73
2024-07-10,9.38,9.39,9.54,9.26,23571.64
2024-07-11,9.52,9.65,9.7,9.41,39884.85
2024-07-12,9.63,9.65,9.7,9.61,19313.98
2024-07-15,9.63,9.5,9.7,9.47,19941.0
2024-07-16,9.47,9.49,9.52,9.41,12556.52
2024-07-17,9.53,9.21,9.54,9.16,27649.28
2024-07-18,9.2,9.32,9.36,9.03,22108.76
2024-07-19,9.3,9.32,9.43,9.22,17659.24
2024-07-22,9.32,9.4,9.47,9.27,20148.0
2024-07-23,9.4,9.12,9.4,9.12,16709.0
2024-07-24,9.12,8.95,9.18,8.91,21465.73
2024-07-25,8.94,9.07,9.15,8.85,23727.07
2024-07-26,9.1,9.22,9.3,9.08,22417.1
2024-07-29,9.32,9.17,9.32,9.09,17832.0
2024-07-30,9.18,9.25,9.28,9.09,15039.0
2024-07-31,9.26,9.65,9.66,9.2,30887.01
2024-08-01,9.65,9.75,9.84,9.64,29856.0
2024-08-02,9.66,9.81,10.09,9.61,41862.84
2024-08-05,9.78,9.66,10.17,9.63,51076.44
2024-08-06,9.66,9.93,9.95,9.66,33426.92
2024-08-07,9.93,9.99,10.03,9.85,26404.47
2024-08-08,9.9,9.83,9.99,9.79,24920.41
2024-08-09,9.81,9.68,9.94,9.68,22348.0
2024-08-12,9.68,9.63,9.75,9.58,17383.0
2024-08-13,9.66,9.77,9.77,9.56,17342.0
2024-08-14,9.84,9.59,9.84,9.57,14081.0
2024-08-15,9.58,9.62,9.72,9.48,21387.59
2024-08-16,9.61,9.52,9.65,9.5,13856.0
2024-08-19,9.51,9.46,9.61,9.44,14805.38
2024-08-20,9.5,9.29,9.52,9.18,21518.0
2024-08-21,9.29,9.33,9.39,9.2,14213.0
2024-08-22,9.38,9.12,9.48,9.08,22707.17
2024-08-23,9.14,9.07,9.16,9.0,14561.17
2024-08-26,9.08,9.14,9.16,9.03,13641.0
2024-08-27,9.21,9.08,9.27,9.05,15764.0
2024-08-28,9.07,9.16,9.27,9.02,16113.92
2024-08-29,9.16,9.47,9.54,9.13,26062.0
2024-08-30,9.51,9.55,9.7,9.41,28469.0
2024-09-02,9.54,9.11,9.54,9.11,38736.0
2024-09-03,9.11,9.14,9.25,9.09,14661.0
2024-09-04,9.11,9.03,9.15,9.01,20039.0
2024-09-05,9.03,9.08,9.15,9.03,12674.0
2024-09-06,9.15,8.87,9.15,8.82,20657.0
2024-09-09,8.8,8.78,8.93,8.76,17015.0
2024-09-10,8.81,8.87,8.92,8.68,21164.53
2024-09-11,8.83,8.76,8.86,8.72,15745.53
2024-09-12,8.75,8.72,8.87,8.7,12087.07
2024-09-13,8.72,8.66,8.75,8.62,17741.0
2024-09-18,8.62,8.7,8.73,8.54,13564.09
2024-09-19,8.76,9.12,9.13,8.7,35529.17
2024-09-20,9.1,9.2,9.26,9.03,27452.43
2024-09-23,9.22,9.19,9.25,9.12,16352.76
2024-09-24,9.21,9.48,9.52,9.16,30020.76
2024-09-25,9.55,9.71,9.85,9.55,37694.0
2024-09-26,9.62,10.01,10.02,9.62,34442.85
2024-09-27,10.12,10.35,10.47,10.12,59230.01
2024-09-30,10.69,11.25,11.32,10.51,105409.0
2024-10-08,12.36,11.48,12.36,10.93,162798.94
2024-10-09,11.29,10.36,11.29,10.35,95687.74
2024-10-10,10.47,10.45,10.72,10.22,58846.91
2024-10-11,10.45,10.12,10.49,10.05,50067.85
2024-10-14,10.26,10.44,10.5,10.01,42266.62
2024-10-15,10.37,10.21,10.52,10.18,37468.92
2024-10-16,10.1,10.17,10.33,10.05,32654.0
2024-10-17,10.2,10.09,10.31,10.09,33337.0
2024-10-18,10.05,10.32,10.49,9.97,54348.58
2024-10-21,10.36,10.58,10.68,10.33,64129.15
2024-10-22,10.62,10.74,10.86,10.48,52533.95
2024-10-23,10.74,11.34,11.49,10.67,133944.2
2024-10-24,11.29,11.44,11.71,11.2,110411.95
2024-10-25,11.35,11.96,12.11,11.32,139415.47
2024-10-28,11.96,12.16,12.17,11.64,132867.8
2024-10-29,12.21,11.6,12.28,11.57,115958.64
2024-10-30,11.57,11.44,11.7,11.31,68326.0
2024-10-31,11.44,11.59,11.79,11.4,72120.09
2024-11-01,11.54,11.05,11.66,11.02,95194.0
2024-11-04,11.02,11.33,11.42,10.93,68300.0
2024-11-05,11.32,11.92,12.06,11.25,106350.74
2024-11-06,12.43,12.36,12.92,12.22,181259.03
2024-11-07,12.18,12.53,12.74,12.09,198409.33
2024-11-08,12.54,12.65,13.04,12.3,152281.57
2024-11-11,12.64,12.58,12.71,12.36,108951.23
2024-11-12,12.58,12.54,13.09,12.42,121280.48
2024-11-13,12.41,12.43,12.7,12.19,66121.46
2024-11-14,12.4,12.26,12.91,12.2,80587.77
2024-11-15,12.14,11.72,12.31,11.72,63002.31
2024-11-18,11.71,11.42,11.83,11.3,66404.0
2024-11-19,11.47,11.67,11.7,11.38,52921.34
2024-11-20,11.65,11.66,11.74,11.5,44662.22
2024-11-21,11.67,12.82,12.82,11.59,177571.38
2024-11-22,12.71,12.23,12.73,12.16,208146.56
2024-11-25,12.17,11.96,12.45,11.62,119742.83
2024-11-26,11.92,11.73,12.1,11.7,73826.76
2024-11-27,11.63,11.78,11.79,11.17,80506.51
2024-11-28,11.76,11.79,12.0,11.68,61304.27
2024-11-29,11.71,11.87,11.96,11.51,68261.17
2024-12-02,11.94,11.92,12.02,11.8,60876.61
2024-12-03,11.95,11.76,11.95,11.61,53430.38
2024-12-04,11.77,11.41,11.77,11.35,56602.5
2024-12-05,11.43,11.5,11.53,11.36,36678.0
2024-12-06,11.49,11.55,11.57,11.3,53457.12
2024-12-09,11.6,11.77,11.91,11.56,84805.79
2024-12-10,12.06,12.26,12.44,11.89,147944.68
2024-12-11,12.33,12.99,13.46,12.23,198431.12
2024-12-12,12.76,12.88,13.07,12.74,91021.49
2024-12-13,12.81,12.91,13.05,12.56,102205.96
2024-12-16,12.93,12.86,13.23,12.8,107051.6
2024-12-17,12.75,12.6,13.06,12.4,84667.0
2024-12-18,12.52,12.99,13.26,12.46,202875.69
2024-12-19,12.76,13.1,13.26,12.66,129634.35
2024-12-20,13.12,13.16,13.41,13.01,99564.09
2024-12-23,13.15,12.92,13.23,12.87,108672.53
2024-12-24,12.77,13.45,13.55,12.77,192845.54
2024-12-25,13.3,13.1,13.45,12.76,119889.61
2024-12-26,12.94,12.69,13.05,12.59,148332.77
2024-12-27,13.12,13.29,13.96,12.96,349430.68
2024-12-30,13.11,12.87,13.64,12.76,209383.99
2024-12-31,12.93,12.83,13.07,12.76,113822.22
2025-01-02,12.86,12.66,13.03,12.49,101269.82
2025-01-03,12.66,12.68,13.21,12.52,115266.63
2025-01-06,12.59,11.98,12.67,11.91,132048.41
2025-01-07,11.98,12.39,12.42,11.77,97795.37
2025-01-08,12.23,12.89,13.05,12.23,124924.21
2025-01-09,12.82,12.94,12.98,12.6,73210.13
2025-01-10,12.87,13.58,13.98,12.84,208101.95
2025-01-13,13.27,13.63,13.78,13.05,153627.42
2025-01-14,13.76,14.3,14.51,13.42,282108.57
2025-01-15,14.28,14.59,14.75,13.96,217982.97
2025-01-16,14.75,14.48,15.36,14.36,290115.85
2025-01-17,14.48,14.39,14.61,14.09,115322.21
2025-01-20,14.35,14.31,14.53,14.23,76800.69
2025-01-21,14.4,13.94,14.42,13.84,97689.74
2025-01-22,13.91,15.13,15.31,13.66,258938.51
2025-01-23,15.17,14.72,15.4,14.63,162905.32
2025-01-24,14.63,14.8,14.92,14.53,99160.66
2025-01-27,14.76,14.39,14.8,14.11,79745.23
2025-02-05,14.17,14.27,14.5,13.94,83581.02
2025-02-06,14.18,14.45,14.5,14.18,73482.06
2025-02-07,14.36,14.85,15.06,14.29,108791.2
2025-02-10,14.85,15.21,15.26,14.76,120930.62
2025-02-11,15.11,15.28,15.37,14.89,87798.96
2025-02-12,15.16,15.11,15.31,14.77,62191.61
2025-02-13,15.07,14.69,15.62,14.61,104492.09
2025-02-14,14.7,14.37,14.93,14.2,125567.64
2025-02-17,14.56,15.08,15.37,14.37,159048.46
2025-02-18,14.93,14.16,15.06,14.11,105121.16
2025-02-19,14.24,14.71,14.81,13.95,123429.03
2025-02-20,14.57,15.42,15.65,14.57,171781.44
2025-02-21,15.46,15.44,15.5,15.12,106176.08
2025-02-24,15.38,15.4,15.68,15.02,91072.31
2025-02-25,15.28,15.05,15.43,14.95,87393.0
2025-02-26,15.06,15.11,15.49,14.96,85580.49
2025-02-27,15.13,15.85,16.07,15.02,190506.23
2025-02-28,15.65,14.99,15.95,14.96,130893.0
2025-03-03,14.96,16.13,16.48,14.87,215537.06
2025-03-04,15.85,16.14,16.36,15.74,132361.58
2025-03-05,16.11,16.29,16.32,15.56,121428.86
2025-03-06,16.17,15.84,16.27,15.75,130840.62
2025-03-07,15.95,16.5,16.75,15.77,152223.99
2025-03-10,16.45,16.29,16.49,15.91,118223.42
2025-03-11,16.05,17.01,17.03,15.95,142783.43
2025-03-12,16.94,16.92,17.32,16.78,110023.13
2025-03-13,16.86,16.69,17.29,16.39,97346.51
2025-03-14,16.7,16.85,16.88,16.48,74218.21
2025-03-17,16.85,16.73,17.0,16.59,72633.93
2025-03-18,16.71,16.27,16.84,16.1,106853.54
2025-03-19,16.23,16.63,17.12,16.07,106530.13
2025-03-20,16.57,16.32,16.94,16.31,55027.68
2025-03-21,16.16,16.1,16.52,16.03,66834.6
2025-03-24,16.06,15.27,16.29,14.98,153433.96
2025-03-25,15.3,15.39,15.85,15.17,78586.63
2025-03-26,15.32,15.08,15.71,15.04,71559.16
2025-03-27,15.11,15.71,15.9,14.82,101299.51
2025-03-28,15.62,16.0,16.11,15.6,94486.69
2025-03-31,16.0,15.63,16.02,15.33,79012.1
2025-04-01,15.6,16.02,16.12,15.36,75520.97
2025-04-02,15.9,15.49,15.96,15.45,76791.66
2025-04-03,15.37,15.36,15.83,15.32,64226.13
2025-04-07,14.26,13.82,14.96,13.82,98275.94
2025-04-08,13.82,13.45,13.82,13.02,114275.62
2025-04-09,13.3,14.09,14.46,12.97,148635.0
2025-04-10,14.0,14.09,14.51,13.99,139341.76
2025-04-11,13.87,14.24,14.8,13.87,97677.0
2025-04-14,14.36,14.29,14.59,14.26,64887.01
2025-04-15,14.29,14.09,14.33,14.03,40124.52
2025-04-16,14.42,13.93,14.97,13.76,113352.0
2025-04-17,13.84,14.51,14.73,13.76,128770.22
2025-04-18,14.5,14.26,14.58,14.15,51215.0
2025-04-21,14.26,14.88,15.01,14.22,110791.22
2025-04-22,14.95,14.65,14.99,14.59,78286.01
2025-04-23,14.65,14.7,14.75,14.27,72161.3
2025-04-24,14.7,14.54,14.8,14.42,55509.89
2025-04-25,14.66,15.0,15.15,14.44,116171.96
2025-04-28,15.06,14.9,15.4,14.83,89629.05
2025-04-29,14.99,15.37,15.53,14.72,93010.79
2025-04-30,15.28,15.41,15.61,15.06,68354.0
2025-05-06,15.42,15.43,15.7,15.38,58656.0
2025-05-07,15.56,15.57,16.0,15.45,99986.11
2025-05-08,15.65,15.98,16.13,15.53,94106.11
2025-05-09,16.03,15.71,16.22,15.65,74447.37
2025-05-12,15.81,15.58,16.0,15.37,87774.76
2025-05-13,15.66,15.44,15.73,15.28,70462.66
2025-05-14,15.37,15.26,15.49,15.24,47810.1
2025-05-15,15.23,15.12,15.39,15.07,29855.0
2025-05-16,15.14,15.25,15.37,15.09,40014.0
2025-05-19,15.27,14.76,15.34,14.72,85798.41
2025-05-20,14.69,14.98,15.03,14.64,52427.09
2025-05-21,14.86,14.77,15.07,14.57,51926.96
2025-05-22,14.71,14.26,14.71,14.24,84209.0
2025-05-23,14.27,13.97,14.33,13.96,72350.27
2025-05-26,13.95,14.05,14.17,13.91,31084.59
2025-05-27,14.06,13.97,14.06,13.81,36616.07
2025-05-28,13.97,13.85,14.06,13.8,38513.73
2025-05-29,13.78,14.16,14.21,13.78,60839.73
2025-05-30,14.38,13.99,14.5,13.94,80759.0
2025-06-03,14.01,14.32,14.41,14.01,61075.01
2025-06-04,14.33,14.27,14.33,14.17,34644.0
2025-06-05,14.29,14.18,14.32,14.03,48429.0
2025-06-06,14.14,13.81,14.22,13.72,98867.87
2025-06-09,13.84,13.88,14.04,13.76,68590.1
2025-06-10,13.97,13.63,13.98,13.42,79059.01
2025-06-11,13.68,13.66,13.89,13.63,42557.66
2025-06-12,13.61,13.67,13.74,13.53,34130.01
2025-06-13,13.64,13.28,13.69,13.17,61876.01
2025-06-16,13.3,13.4,13.62,13.22,61219.0
2025-06-17,13.47,13.46,13.64,13.38,38806.0
2025-06-18,13.43,13.48,13.63,13.31,47988.82
2025-06-19,13.5,13.2,13.53,13.15,46484.01
2025-06-20,13.15,13.08,13.36,13.06,58762.95
2025-06-23,12.97,13.01,13.1,12.87,58416.52
2025-06-24,13.07,13.34,13.37,13.01,60479.0
2025-06-25,13.34,13.76,13.76,13.33,71587.79
2025-06-26,13.76,14.24,14.59,13.71,157842.24
2025-06-27,14.24,14.38,14.41,14.06,128693.75
2025-06-30,14.61,14.88,15.26,14.46,229794.61
2025-07-01,14.9,14.87,15.26,14.74,178786.44
2025-07-02,14.86,14.71,14.92,14.6,96418.0
2025-07-03,14.65,15.26,15.35,14.65,204106.16
2025-07-04,15.24,14.85,15.24,14.84,84098.6
2025-07-07,14.86,14.57,14.93,14.47,60054.66
2025-07-08,14.52,14.52,14.62,14.41,66506.39
2025-07-09,14.51,14.24,14.54,14.21,92995.29
2025-07-10,14.25,14.13,14.39,14.07,95080.55
2025-07-11,14.14,14.32,14.55,14.14,85360.07
2025-07-14,14.32,14.4,14.55,14.28,68081.0
2025-07-15,14.35,14.2,14.43,14.07,56640.53
2025-07-16,14.2,14.13,14.24,14.11,44895.06
2025-07-17,14.14,14.85,14.86,14.08,93345.0
2025-07-18,14.72,14.91,15.03,14.72,73789.0
2025-07-21,14.84,14.49,14.86,14.35,96915.01
2025-07-22,14.5,14.25,14.59,14.21,89678.6
2025-07-23,14.26,14.08,14.32,14.08,69164.0
2025-07-24,14.1,14.73,14.97,14.1,178897.0
2025-07-25,14.73,14.57,14.73,14.4,73753.0
2025-07-28,14.57,14.51,14.68,14.43,80187.15
2025-07-29,14.52,14.61,14.62,14.33,62265.08
2025-07-30,14.52,14.57,14.99,14.44,103828.01
2025-07-31,14.5,14.27,14.62,14.18,72176.0
2025-08-01,14.27,15.69,15.69,14.14,289126.48
2025-08-04,16.76,17.26,17.26,16.1,598076.68
2025-08-05,17.55,16.75,18.19,16.44,885151.44
2025-08-06,16.43,16.11,16.9,15.81,638732.23
2025-08-07,15.83,15.63,16.36,15.63,401134.39
2025-08-08,15.68,17.2,17.2,15.39,572930.08
2025-08-11,17.2,17.05,17.34,16.81,456663.69
2025-08-12,17.05,16.71,17.12,16.56,273222.59
2025-08-13,16.81,17.05,17.48,16.69,399149.41
2025-08-14,17.03,16.4,17.19,16.39,239127.24
2025-08-15,16.35,16.67,16.76,16.35,187809.51
2025-08-18,16.75,16.62,16.86,16.5,188490.6
2025-08-19,16.65,16.74,17.24,16.47,270150.69
2025-08-20,16.53,17.55,17.6,16.48,349938.39
2025-08-21,17.53,17.2,17.72,17.0,242889.09
2025-08-22,17.09,16.9,17.2,16.75,189557.29
2025-08-25,17.0,17.06,17.19,16.71,263602.26
2025-08-26,17.01,17.13,17.27,16.84,181564.48
2025-08-27,17.07,16.27,17.2,16.27,226993.4
2025-08-28,16.2,16.65,16.7,16.2,155385.93
2025-08-29,16.65,17.7,18.15,16.55,382865.65
2025-09-01,17.68,17.39,17.7,17.26,186323.6
2025-09-02,17.39,17.19,17.49,16.66,206681.55
2025-09-03,17.05,16.46,17.14,16.37,157002.18
2025-09-04,16.45,16.04,16.8,15.79,143700.01
2025-09-05,16.0,16.41,16.43,15.91,85008.82
2025-09-08,16.38,16.58,16.95,16.22,121542.19
2025-09-09,16.53,16.13,16.64,16.04,94909.57
2025-09-10,16.13,16.26,16.74,16.12,99872.25
2025-09-11,16.17,16.45,16.69,16.01,108240.0
2025-09-12,16.32,15.93,16.5,15.88,168912.66
2025-09-15,15.83,16.52,16.64,15.75,216192.84
2025-09-16,16.53,16.1,16.63,15.95,123037.3
2025-09-17,16.1,15.96,16.12,15.9,74647.12
2025-09-18,15.91,15.97,16.44,15.81,145102.96
2025-09-19,15.9,15.55,15.97,15.45,135284.24
2025-09-22,15.58,15.54,15.78,15.33,70194.93
2025-09-23,15.42,15.42,15.51,14.9,107776.68
2025-09-24,15.35,15.66,15.72,15.2,78977.36
2025-09-25,15.66,15.5,15.75,15.41,48585.58
2025-09-26,15.48,15.42,15.69,15.15,52050.78
2025-09-29,15.42,15.22,15.44,15.03,68935.59
2025-09-30,15.23,15.25,15.39,15.18,57913.61
2025-10-09,15.26,15.93,15.98,15.2,120787.4
2025-10-10,15.82,15.57,15.87,15.48,84435.18
2025-10-13,15.05,15.88,16.08,14.97,116574.08
2025-10-14,16.0,15.95,16.38,15.89,122950.93
2025-10-15,15.91,16.28,16.34,15.79,93983.04
2025-10-16,16.27,16.2,16.57,16.13,105257.0
2025-10-17,16.12,15.79,16.26,15.77,79535.0
2025-10-20,15.81,15.66,16.18,15.5,72121.3
2025-10-21,15.64,16.23,16.38,15.56,113026.74
2025-10-22,16.2,15.89,16.23,15.85,59934.79
2025-10-23,15.8,16.1,16.12,15.48,86281.53
2025-10-24,16.12,16.26,16.35,16.03,90131.8
2025-10-27,16.21,16.39,16.44,15.95,137480.07
2025-10-28,16.39,16.93,17.16,16.3,223588.53
2025-10-29,16.75,17.02,17.25,16.73,163461.9
2025-10-30,17.15,17.02,17.39,16.95,136975.08
2025-10-31,17.15,17.28,17.39,16.83,132312.37
2025-11-03,17.27,17.64,17.98,17.13,199297.95
2025-11-04,17.64,18.74,19.16,17.53,311554.8
2025-11-05,18.5,18.81,18.92,18.15,249512.13
2025-11-06,19.18,20.69,20.69,19.02,280316.07
2025-11-07,21.0,22.51,22.76,21.0,754151.36
2025-11-10,22.83,22.54,23.72,22.0,621667.99
2025-11-11,22.39,22.88,22.93,21.59,473640.36
2025-11-12,22.35,21.5,22.64,21.09,320074.18
2025-11-13,21.48,22.16,22.88,21.47,305228.31
2025-11-14,21.56,21.67,22.11,21.08,251472.68
2025-11-17,21.84,21.85,22.06,21.25,170811.44
2025-11-18,21.79,21.37,21.8,21.03,146558.43
2025-11-19,21.27,20.34,21.51,20.16,244440.0
2025-11-20,20.34,20.15,20.74,19.92,152402.96
2025-11-21,19.9,20.26,21.08,19.88,226159.18
2025-11-24,20.48,20.83,21.07,20.27,189283.0
2025-11-25,20.9,20.74,21.26,20.45,154991.7
2025-11-26,20.78,19.68,20.78,19.64,220280.08
2025-11-27,19.56,19.97,20.42,19.2,136913.9
2025-11-28,19.83,20.53,20.66,19.78,121915.6
2025-12-01,20.5,20.18,20.58,19.99,104447.1
2025-12-02,20.11,19.7,20.3,19.52,118370.0
2025-12-03,19.81,19.97,20.76,19.6,157648.73
2025-12-04,19.78,20.39,20.56,19.56,171208.0
2025-12-05,20.5,21.44,21.7,20.35,267549.98
2025-12-08,21.43,21.66,21.67,20.88,183901.76
2025-12-09,21.4,21.36,21.58,21.03,111682.3
2025-12-10,21.89,22.75,22.95,21.78,266788.11
2025-12-11,23.12,22.1,23.93,22.1,238222.68
2025-12-12,22.33,24.31,24.31,22.09,325533.88
2025-12-15,23.89,24.72,26.26,23.6,489782.74
2025-12-16,24.26,22.8,24.33,22.41,299950.41
2025-12-17,22.81,23.31,23.68,22.32,226769.03
2025-12-18,22.52,21.86,22.9,21.7,211823.31
2025-12-19,22.0,22.4,23.13,21.81,235734.43
2025-12-22,22.42,22.61,23.16,21.96,186052.57
2025-12-23,22.6,22.23,22.6,21.75,121202.14
2025-12-24,22.1,23.6,23.76,21.92,189905.65
2025-12-25,23.38,24.15,24.65,23.01,203496.43
2025-12-26,24.25,24.22,24.5,23.51,118475.9
2025-12-29,24.11,23.53,24.57,23.34,139843.1
2025-12-30,23.31,21.94,23.4,21.48,340409.82
2025-12-31,23.38,22.0,23.5,21.81,282683.8
2026-01-05,22.28,21.84,22.28,21.24,217186.39
2026-01-06,21.8,20.93,21.88,20.45,317950.2
2026-01-07,20.88,20.9,21.1,20.5,197231.19
2026-01-08,20.88,21.58,22.26,20.8,219547.63
2026-01-09,21.99,22.67,23.74,21.94,417699.16
2026-01-12,22.51,23.21,23.69,22.1,307685.4
2026-01-13,22.72,21.59,22.82,21.57,212844.7
2026-01-14,21.74,21.89,22.66,21.58,183583.77
2026-01-15,21.6,22.18,22.63,21.58,125981.75
2026-01-16,22.29,22.85,24.08,22.2,251336.88
2026-01-19,22.91,25.14,25.14,22.86,266130.18
2026-01-20,25.2,24.96,25.99,24.61,376439.36
2026-01-21,24.72,26.04,26.6,24.31,321707.25
2026-01-22,25.51,27.74,27.94,25.37,337645.17
2026-01-23,27.74,27.2,27.99,26.31,251577.31
2026-01-26,27.2,28.4,29.65,26.5,340892.12
2026-01-27,28.03,30.8,31.1,28.03,318402.33
2026-01-28,30.89,30.95,31.89,30.0,254181.82
2026-01-29,30.98,30.91,33.33,30.68,306853.67
2026-01-30,30.89,29.36,30.93,28.58,223920.3
2026-02-02,29.3,27.86,29.88,27.8,242367.15
2026-02-03,28.07,30.65,30.65,28.07,313506.47
2026-02-04,30.65,31.02,31.56,29.65,295392.15
2026-02-05,31.18,29.86,31.7,28.83,211675.02
2026-02-06,30.0,29.05,30.14,28.74,133121.99
2026-02-09,29.55,31.68,31.96,29.2,264965.72
2026-02-10,32.1,33.3,34.2,30.6,275605.82
2026-02-11,32.75,32.24,33.29,31.88,139492.11
2026-02-12,32.88,34.9,35.46,31.1,328519.75
2026-02-13,34.9,32.94,35.22,32.16,261834.48
2026-02-24,33.18,35.94,36.23,32.57,239969.08
2026-02-25,35.9,35.42,36.86,35.1,151945.32
2026-02-26,35.6,38.96,38.96,35.28,198298.93
2026-02-27,38.89,41.85,41.9,38.21,292591.39
2026-03-02,39.21,39.58,41.1,38.8,278366.62
2026-03-03,38.6,35.62,39.0,35.62,263483.47
2026-03-04,33.7,35.53,37.45,33.7,256604.7
2026-03-05,36.41,37.49,38.38,36.25,279246.69
2026-03-06,37.12,41.24,41.24,37.02,205058.29
2026-03-09,39.95,45.36,45.36,39.2,436373.68
2026-03-10,47.0,47.65,49.14,45.29,375965.45
2026-03-11,47.45,46.4,47.62,45.0,347207.15
2026-03-12,45.56,44.7,47.05,43.1,394452.1
2026-03-13,43.56,40.57,44.69,40.23,428327.97
2026-03-16,40.43,39.2,40.83,38.3,279577.15
2026-03-17,39.85,39.73,41.23,38.23,297567.92
2026-03-18,40.1,43.15,43.5,40.1,269002.55
2026-03-19,41.99,41.95,42.74,40.7,198976.52
2026-03-20,42.36,41.43,42.87,40.82,182679.57
2026-03-23,40.64,37.29,41.39,37.29,215112.12
2026-03-24,39.75,39.73,40.53,38.47,252226.67
2026-03-25,40.49,41.16,42.9,40.05,218979.02
2026-03-26,41.21,40.42,42.03,39.61,201417.83
2026-03-27,39.41,38.3,40.4,36.8,286141.12
2026-03-30,37.21,35.96,37.8,35.28,316944.25
2026-03-31,36.8,35.44,36.96,35.03,202575.14
2026-04-01,36.42,38.98,38.98,36.25,118368.86
2026-04-02,39.68,38.37,40.0,37.4,234724.33
2026-04-03,38.3,37.11,38.82,36.92,156959.06
2026-04-07,37.5,35.75,37.53,35.47,136719.71
2026-04-08,37.23,39.33,39.33,37.01,63715.01
2026-04-09,40.5,41.53,42.36,39.38,423281.31
2026-04-10,44.0,45.68,45.68,43.08,220937.85
2026-04-13,44.86,45.98,46.6,43.5,414162.28
2026-04-14,46.06,44.49,46.41,42.0,377955.57
2026-04-15,44.3,41.73,45.06,41.48,320092.97
2026-04-16,41.5,43.9,45.9,41.5,336044.78
2026-04-17,44.37,43.47,44.88,42.92,262714.0
2026-04-20,43.25,44.52,45.86,42.89,204744.01
2026-04-21,44.34,42.18,44.34,41.31,213302.54
2026-04-22,42.38,42.69,43.08,39.32,307719.33
2026-04-23,45.02,44.01,46.3,42.81,365861.24
2026-04-24,44.2,43.96,45.48,42.0,231447.3
2026-04-27,44.62,41.18,45.32,40.84,241591.74
2026-04-28,40.8,38.98,40.8,38.39,206204.78
2026-04-29,38.99,40.7,41.99,38.27,223633.3
2026-04-30,40.3,39.53,41.1,39.24,148653.05
2026-05-06,39.58,40.8,41.4,38.63,270591.17
2026-05-07,40.5,42.82,43.05,37.66,355992.02
2026-05-08,41.52,39.4,41.61,39.3,308968.71
2026-05-11,39.1,38.37,39.58,38.1,237462.38
2026-05-12,38.99,37.23,39.17,36.9,263579.42
2026-05-13,37.24,40.66,40.95,37.1,472610.34
2026-05-14,40.38,38.66,41.51,38.66,342842.53
2026-05-15,39.0,36.88,39.32,36.51,202652.04
2026-05-18,37.06,37.49,38.38,36.48,171656.65
2026-05-19,37.45,38.5,39.22,36.81,192586.15
2026-05-20,38.19,36.96,38.49,36.39,171345.31
2026-05-21,37.38,35.76,38.67,35.67,171466.23
2026-05-22,36.0,35.91,36.75,34.9,166723.4
2026-05-25,35.99,36.0,36.78,35.27,160939.87
2026-05-26,35.01,33.7,35.49,33.2,261550.23
2026-05-27,33.7,33.2,34.48,32.55,172482.97
2026-05-28,33.23,36.0,36.52,32.84,379180.82
2026-05-29,36.27,32.83,36.97,32.66,268720.83
2026-06-01,33.36,32.33,34.26,32.06,192420.5
2026-06-02,32.46,31.39,33.02,30.4,255886.6
2026-06-03,31.21,30.84,31.57,30.3,226045.09
2026-06-04,30.75,33.05,33.5,30.12,315040.62
2026-06-05,33.66,32.5,34.25,32.04,223049.3
2026-06-08,31.88,31.36,32.5,31.17,154056.17
2026-06-09,31.98,31.93,32.13,31.11,123820.46
2026-06-10,31.62,28.74,31.85,28.74,308549.57
2026-06-11,28.46,29.42,30.04,28.22,254844.31
2026-06-12,30.0,30.42,31.82,29.12,306993.68
2026-06-15,30.31,30.52,31.06,29.71,196656.46
2026-06-16,30.36,29.75,30.63,29.67,175611.31
2026-06-17,29.76,29.42,30.75,29.12,174404.12
2026-06-18,29.88,32.36,32.36,29.63,204945.72
2026-06-22,32.42,31.54,33.08,30.72,314169.9
2026-06-23,31.48,29.98,32.07,29.69,177020.74
2026-06-24,29.91,29.32,29.91,28.67,176280.0
2026-06-25,29.2,28.86,29.96,28.52,170391.12
2026-06-26,28.66,27.4,28.8,27.37,148702.67
2026-06-29,27.54,27.65,27.85,26.77,167160.92
2026-06-30,27.38,27.36,28.08,26.93,123100.0
2026-07-01,28.23,29.36,30.1,28.01,351892.49
2026-07-02,28.23,30.38,31.68,27.71,399565.28
2026-07-03,30.39,32.01,33.19,30.39,292183.14
2026-07-06,32.25,32.49,34.35,32.25,307187.13
2026-07-07,32.85,31.54,33.44,31.31,245755.69
2026-07-08,31.2,29.54,31.5,29.43,236108.56
2026-07-09,29.75,29.25,29.81,28.29,156818.46
2026-07-10,29.03,29.11,30.47,28.62,207116.13
2026-07-13,29.5,26.32,29.68,26.25,210299.14
2026-07-14,26.21,27.82,28.05,25.81,220478.21
2026-07-15,27.78,26.74,27.99,26.6,155986.11
2026-07-16,26.48,25.64,26.74,25.44,163271.11
2026-07-17,25.4,24.0,25.52,23.1,204331.6
2026-07-20,24.54,24.8,26.0,24.2,246403.58
2026-07-21,24.86,25.0,25.6,22.76,227980.54
2026-07-22,24.85,24.37,25.52,24.24,122715.08
2026-07-23,25.44,26.27,26.75,24.6,237990.25
2026-07-24,25.95,24.98,26.2,24.71,130493.0
2026-07-27,24.86,26.54,26.8,24.64,146424.62
2026-07-28,26.04,24.94,26.49,24.75,126344.85
2026-07-29,24.86,26.22,26.67,24.26,192686.04
2026-07-30,26.06,24.99,26.38,24.71,178490.45
2026-07-31,25.6,24.7,25.77,24.69,141472.93
2026-08-03,24.5,24.89,25.38,24.2,107681.68
2026-08-04,25.08,25.85,26.2,24.69,118090.63
2026-08-05,25.74,26.76,27.49,25.6,177698.76
2026-08-06,26.8,26.4,27.19,25.95,93280.66
2026-08-07,26.4,27.94,28.3,26.12,175882.8
2026-08-10,28.3,28.39,28.5,27.58,139174.0
2026-08-11,28.15,27.7,28.15,27.36,80720.0
2026-08-12,27.7,27.65,27.85,27.44,67103.0
2026-08-13,27.65,27.15,28.09,27.07,91854.56
2026-08-14,27.25,28.25,28.61,27.05,132092.61
2026-08-17,28.13,29.82,30.06,28.09,161361.44
2026-08-18,29.7,29.2,30.0,28.96,98272.08
2026-08-19,28.91,27.02,29.07,26.78,116712.66
2026-08-20,27.48,27.08,27.81,26.95,94645.36
2026-08-21,26.52,27.03,27.4,25.01,156642.98
2026-08-24,26.89,24.33,27.0,24.33,164933.9
2026-08-25,23.91,24.15,24.75,23.02,168220.78
2026-08-26,24.0,24.11,24.48,23.89,81178.22
2026-08-27,24.01,23.8,24.12,23.56,123656.0
2026-08-28,23.64,23.2,23.75,22.82,182428.7
2026-08-31,23.92,23.73,24.55,23.06,199751.63
2026-09-01,23.67,23.11,24.17,23.01,135814.29
2026-09-02,22.9,22.6,22.91,22.38,110554.89
2026-09-03,22.6,24.19,24.31,22.57,212779.8
2026-09-04,25.23,24.92,25.67,24.54,236499.76
2026-09-07,24.92,23.87,24.99,23.78,215283.04
2026-09-08,23.72,23.84,24.8,23.54,189859.94
2026-09-09,23.86,25.56,25.9,23.69,285107.64
2026-09-10,25.57,24.94,25.96,24.2,225436.0
2026-09-11,24.75,24.02,24.93,23.25,146076.76
2026-09-14,24.01,23.64,24.13,23.46,97024.75
2026-09-15,23.64,23.3,23.96,23.27,89083.24
2026-09-16,23.38,23.43,23.52,22.77,98974.91
2026-09-17,23.38,23.48,24.54,23.3,117999.25
2026-09-18,23.84,23.87,24.4,23.42,106329.04
