date,open,close,high,low,volume
2013-01-04,9.92,9.9,9.97,9.68,18159.15
2013-01-07,9.89,9.82,9.93,9.78,25544.66
2013-01-08,9.88,9.82,10.07,9.76,21719.03
2013-01-09,9.77,9.91,9.99,9.71,24884.05
2013-01-10,9.91,9.75,9.98,9.74,26388.58
2013-01-11,9.7,9.38,9.74,9.12,59005.3
2013-01-14,9.3,9.59,9.67,9.16,78694.09
2013-01-15,9.59,9.54,9.61,9.48,32577.08
2013-01-16,9.54,9.43,9.54,9.29,32387.54
2013-01-17,9.38,9.39,9.43,9.26,21244.27
2013-01-18,9.4,9.56,9.62,9.3,23983.79
2013-01-21,9.54,9.74,9.82,9.38,45241.12
2013-01-22,9.71,9.74,10.01,9.61,40174.52
2013-01-23,9.78,9.6,9.87,9.43,33181.57
2013-01-24,9.59,9.37,9.73,9.28,23941.21
2013-01-25,9.35,9.39,9.52,9.35,17975.54
2013-01-28,9.38,9.75,9.76,9.38,36294.26
2013-01-29,9.82,9.66,9.87,9.63,20420.62
2013-01-30,9.66,10.06,10.07,9.64,50462.0
2013-01-31,10.1,10.18,10.32,9.95,48080.97
2013-02-01,10.15,10.24,10.29,9.99,26846.15
2013-02-04,10.32,10.06,10.35,9.93,39180.88
2013-02-05,10.04,10.47,10.63,9.95,66411.96
2013-02-06,10.43,10.48,10.62,10.37,38080.19
2013-02-07,10.48,10.43,10.48,10.15,28812.73
2013-02-08,10.4,10.61,10.75,10.39,60447.8
2013-02-18,10.76,10.43,10.81,10.43,42724.7
2013-02-19,10.4,10.06,10.4,9.99,38563.56
2013-02-20,10.06,10.12,10.18,10.02,19070.14
2013-02-21,10.04,9.9,10.06,9.78,39557.65
2013-02-22,9.86,9.76,9.92,9.68,25917.69
2013-02-25,9.69,9.76,9.82,9.65,15341.75
2013-02-26,9.67,9.47,9.81,9.44,12659.85
2013-02-27,9.56,9.48,9.66,9.45,12522.12
2013-02-28,9.56,9.75,9.76,9.51,17017.82
2013-03-01,9.79,9.73,9.85,9.65,17217.19
2013-03-04,9.63,9.17,9.63,9.08,23307.29
2013-03-05,9.16,9.27,9.32,9.08,20421.76
2013-03-06,9.27,9.46,9.53,9.18,25948.33
2013-03-07,9.46,9.19,9.46,8.95,53233.25
2013-03-08,9.11,9.08,9.21,9.08,16878.59
2013-03-11,9.1,8.99,9.1,8.87,14563.79
2013-03-12,8.99,8.94,9.09,8.83,15252.29
2013-03-13,8.94,8.76,8.98,8.62,17431.17
2013-03-14,8.76,8.88,8.88,8.73,11563.61
2013-03-15,8.94,8.85,9.02,8.8,17770.42
2013-03-18,8.77,8.74,8.77,8.64,12791.63
2013-03-19,8.69,8.87,8.88,8.66,10910.44
2013-03-20,8.91,9.14,9.2,8.88,34373.51
2013-03-21,9.14,9.05,9.14,9.01,21622.4
2013-03-22,8.99,9.0,9.08,8.94,14566.56
2013-03-25,9.01,8.98,9.2,8.97,21163.02
2013-03-26,8.95,8.93,8.95,8.77,12434.63
2013-03-27,8.88,8.88,9.02,8.81,12950.49
2013-03-28,8.82,8.62,8.87,8.58,14607.74
2013-03-29,8.63,8.63,8.73,8.6,10351.57
2013-04-01,8.64,8.63,8.72,8.61,14366.01
2013-04-02,8.63,8.62,8.71,8.47,12074.27
2013-04-03,8.65,8.53,8.71,8.47,18895.31
2013-04-08,8.44,8.54,8.58,8.33,15101.45
2013-04-09,8.55,8.63,8.67,8.53,48460.46
2013-04-10,8.62,8.74,8.76,8.56,28435.83
2013-04-11,8.79,8.83,9.08,8.79,26759.34
2013-04-12,8.83,8.72,8.83,8.64,12382.99
2013-04-15,8.7,8.55,8.7,8.44,16809.96
2013-04-16,8.55,8.91,8.94,8.4,37826.28
2013-04-17,8.88,9.03,9.13,8.84,40732.93
2013-04-18,8.99,9.09,9.13,8.92,38609.87
2013-04-19,9.1,9.25,9.41,9.1,46808.9
2013-04-22,9.25,9.3,9.35,9.1,22671.65
2013-04-23,9.28,9.03,9.28,8.96,26582.54
2013-04-24,9.02,9.14,9.15,8.92,32975.97
2013-04-25,9.14,9.06,9.15,8.93,24692.2
2013-04-26,9.0,8.57,9.05,8.56,23162.55
2013-05-02,8.65,8.73,8.88,8.63,23649.24
2013-05-03,8.73,9.12,9.12,8.73,38188.72
2013-05-06,9.21,9.39,9.51,9.14,51984.85
2013-05-07,9.38,9.49,9.49,9.17,61426.59
2013-05-08,9.54,9.54,9.88,9.5,87854.34
2013-05-09,9.54,9.54,9.76,9.44,57227.37
2013-05-10,9.55,9.62,9.62,9.39,43372.68
2013-05-13,9.64,9.92,10.01,9.63,70972.45
2013-05-14,9.87,9.55,10.03,9.49,62297.29
2013-05-15,9.54,9.64,9.7,9.51,29569.83
2013-05-16,9.63,9.83,9.87,9.44,48061.55
2013-05-17,9.86,9.81,9.87,9.64,37490.59
2013-05-20,9.81,9.75,9.82,9.6,38736.75
2013-05-21,9.75,9.8,9.91,9.71,34286.32
2013-05-22,9.8,9.97,10.17,9.75,54250.92
2013-05-23,9.88,9.5,9.9,9.47,54043.99
2013-05-24,9.54,9.58,9.64,9.45,35057.59
2013-05-27,9.57,9.68,9.78,9.51,30113.17
2013-05-28,9.68,9.87,9.9,9.6,35282.19
2013-05-29,9.91,10.02,10.23,9.85,62785.72
2013-05-30,9.94,9.88,10.13,9.88,42784.09
2013-05-31,9.93,9.66,9.99,9.65,53038.26
2013-06-03,9.68,9.67,9.79,9.6,21795.77
2013-06-04,9.74,9.74,9.85,9.55,29033.11
2013-06-05,9.72,9.85,9.91,9.63,21375.13
2013-06-06,9.85,9.62,9.91,9.6,21889.39
2013-06-07,9.61,9.28,9.7,9.26,29243.78
2013-06-13,9.25,8.99,9.25,8.55,18146.24
2013-06-14,9.07,8.91,9.07,8.83,23730.0
2013-06-17,8.9,8.72,8.97,8.71,24788.59
2013-06-18,8.72,8.8,8.85,8.61,24792.44
2013-06-19,8.75,8.88,8.88,8.6,20068.66
2013-06-20,8.8,8.51,8.8,8.5,28804.81
2013-06-21,8.41,8.57,8.62,8.34,19484.0
2013-06-24,8.58,8.25,8.65,8.16,27089.51
2013-06-25,8.18,8.36,8.4,7.72,32687.6
2013-06-26,8.41,8.56,8.58,8.25,29285.54
2013-06-27,8.51,8.39,8.66,8.28,22897.4
2013-06-28,8.36,8.45,8.58,8.22,14706.61
2013-07-01,8.45,8.41,8.49,8.22,18958.43
2013-07-02,8.4,8.36,8.4,8.23,25831.75
2013-07-03,8.29,8.24,8.35,8.16,20027.25
2013-07-04,8.17,8.4,8.48,8.17,21989.5
2013-07-05,8.41,8.47,8.59,8.4,24517.9
2013-07-08,8.39,8.28,8.39,8.2,21570.32
2013-07-09,8.28,8.22,8.32,8.16,17722.41
2013-07-10,8.18,8.44,8.44,8.18,18731.0
2013-07-11,8.47,8.76,8.82,8.42,49845.5
2013-07-12,8.77,8.75,8.89,8.65,33924.99
2013-07-15,8.71,8.94,8.94,8.66,44007.48
2013-07-16,8.93,9.0,9.0,8.77,26199.9
2013-07-17,8.94,9.05,9.06,8.85,26177.39
2013-07-18,9.06,9.18,9.25,9.03,35446.9
2013-07-19,9.12,8.92,9.15,8.8,30049.25
2013-07-22,8.78,8.97,9.0,8.71,14771.75
2013-07-23,9.03,9.29,9.29,9.03,36599.25
2013-07-24,9.28,9.29,9.3,9.06,24368.38
2013-07-25,9.24,9.19,9.34,9.11,14546.99
2013-07-26,9.13,9.26,9.26,9.13,23418.55
2013-07-29,9.22,8.98,9.22,8.9,15636.29
2013-07-30,9.0,8.96,9.05,8.89,7388.51
2013-07-31,8.97,9.08,9.12,8.97,8167.92
2013-08-01,9.16,9.22,9.23,9.09,18500.56
2013-08-02,9.34,9.23,9.34,9.18,17672.36
2013-08-05,9.29,9.42,9.44,9.19,12450.99
2013-08-06,9.39,9.61,9.76,9.33,26960.31
2013-08-07,9.57,9.53,9.69,9.45,25798.53
2013-08-08,9.53,9.38,9.57,9.35,16975.7
2013-08-09,9.4,9.29,9.49,9.17,17518.74
2013-08-12,9.38,9.54,9.55,9.3,26937.61
2013-08-13,9.53,9.41,9.54,9.34,22574.12
2013-08-14,9.4,9.48,9.68,9.4,28212.2
2013-08-15,9.44,9.26,9.45,9.24,15344.95
2013-08-16,9.23,9.11,9.49,9.11,18170.11
2013-08-19,9.04,9.2,9.25,9.01,9525.98
2013-08-20,9.19,9.11,9.26,9.09,12610.87
2013-08-21,9.1,9.0,9.1,8.89,21315.95
2013-08-22,8.96,8.97,9.03,8.89,15125.21
2013-08-23,8.96,8.88,9.01,8.6,29809.79
2013-08-26,8.84,9.04,9.04,8.67,25423.74
2013-08-27,9.04,9.05,9.08,8.94,16183.78
2013-08-28,9.02,8.98,9.08,8.89,18361.62
2013-08-29,9.0,9.23,9.25,8.96,24501.69
2013-08-30,9.23,9.2,9.4,9.18,27436.57
2013-09-02,9.23,9.37,9.4,9.2,19160.36
2013-09-03,9.4,9.46,9.53,9.34,22110.25
2013-09-04,9.48,9.35,9.48,9.3,13774.39
2013-09-05,9.31,9.27,9.35,9.27,8292.05
2013-09-06,9.31,9.32,9.44,9.27,10894.17
2013-09-09,9.34,9.55,9.57,9.3,28276.06
2013-09-10,9.54,9.49,9.55,9.44,17273.35
2013-09-11,9.52,9.63,9.69,9.5,25820.75
2013-09-12,9.63,9.58,9.74,9.55,23923.13
2013-09-13,9.57,9.44,9.63,9.4,19356.02
2013-09-16,9.45,9.54,9.6,9.42,21061.39
2013-09-17,9.54,9.35,9.59,9.35,12777.68
2013-09-18,9.35,9.4,9.45,9.32,13769.5
2013-09-23,9.41,9.53,9.57,9.35,25840.58
2013-09-24,9.55,9.38,9.56,9.32,19417.76
2013-09-25,9.38,9.61,9.66,9.37,31586.92
2013-09-26,9.63,9.33,9.64,9.33,24905.46
2013-09-27,9.3,9.44,9.47,9.3,8608.67
2013-09-30,9.37,9.5,9.59,9.37,7116.46
2013-10-08,9.51,9.76,9.81,9.46,21487.71
2013-10-09,9.76,9.95,10.08,9.76,29411.97
2013-10-10,9.97,9.85,10.01,9.83,14953.33
2013-10-11,9.93,10.11,10.24,9.88,33538.51
2013-10-14,10.13,10.43,10.81,10.11,51113.97
2013-10-15,10.43,10.38,10.66,10.25,15680.01
2013-10-16,10.39,10.09,10.39,10.03,21601.42
2013-10-17,10.09,10.1,10.2,10.03,12963.13
2013-10-18,10.1,10.05,10.11,9.98,9796.26
2013-10-21,10.1,10.21,10.26,9.89,15508.28
2013-10-22,10.2,10.08,10.22,9.95,15663.74
2013-10-23,10.08,9.82,10.14,9.78,33304.82
2013-10-24,9.81,9.95,10.1,9.81,14487.96
2013-10-25,9.93,9.96,10.07,9.82,11889.54
2013-10-28,9.95,10.23,10.26,9.93,27020.7
2013-10-29,10.16,10.01,10.16,9.82,54549.8
2013-10-30,9.98,10.5,10.6,9.94,33465.9
2013-10-31,10.4,10.73,10.82,10.4,65941.12
2013-11-01,10.77,10.93,11.01,10.69,33996.14
2013-11-04,10.93,11.46,11.58,10.92,44523.41
2013-11-05,11.48,11.36,11.8,11.32,36357.29
2013-11-06,11.25,11.08,11.36,11.06,26389.73
2013-11-07,11.02,11.16,11.32,10.99,21460.88
2013-11-08,11.23,11.05,11.39,11.05,11673.28
2013-11-11,10.96,11.08,11.17,10.61,15576.72
2013-11-12,11.08,11.38,11.46,11.06,18749.46
2013-11-13,11.38,11.06,11.54,11.05,14954.14
2013-11-14,11.0,10.96,11.16,10.86,10085.33
2013-11-15,10.96,11.08,11.41,10.9,23416.81
2013-11-18,11.11,11.58,11.66,11.11,28059.38
2013-11-19,11.59,12.26,12.52,11.59,61164.11
2013-11-20,12.23,12.29,12.37,11.95,21993.14
2013-11-21,12.23,12.61,12.72,12.09,28479.52
2013-11-22,12.53,12.12,12.87,12.12,31807.24
2013-11-25,12.12,12.17,12.41,12.0,30778.67
2013-11-26,12.12,12.15,12.41,12.0,15121.08
2013-11-27,12.25,12.07,12.25,11.84,19961.21
2013-11-28,12.05,12.92,12.92,12.05,45512.43
2013-11-29,12.91,12.69,13.01,12.52,53001.99
2013-12-02,12.47,12.58,12.59,12.17,26154.44
2013-12-03,12.75,13.5,13.73,12.75,56711.28
2013-12-04,13.4,14.02,14.2,13.4,74733.26
2013-12-05,13.97,15.43,15.43,13.77,70410.19
2013-12-06,16.1,15.41,16.1,15.1,66982.08
2013-12-09,15.34,15.34,15.6,14.96,42237.2
2013-12-10,15.28,16.03,16.53,15.12,69366.76
2013-12-11,15.76,15.4,15.87,15.29,37830.06
2013-12-12,15.41,15.11,15.58,14.88,37005.67
2013-12-13,14.91,15.32,15.34,14.76,38402.86
2013-12-16,15.25,14.4,15.87,14.29,81604.29
2013-12-17,14.43,14.42,14.65,14.25,33744.67
2013-12-18,14.43,14.42,14.5,14.29,16046.56
2013-12-19,14.58,14.8,15.14,13.95,24615.66
2013-12-20,14.64,14.46,14.79,14.25,13821.36
2013-12-23,14.47,14.62,14.64,14.11,16774.15
2013-12-24,14.59,15.05,15.39,14.56,31225.66
2013-12-25,14.89,14.9,15.29,14.66,29080.66
2013-12-26,14.8,14.76,14.95,14.7,19722.84
2013-12-27,14.74,14.47,14.74,14.21,32017.35
2013-12-30,14.47,13.96,14.47,13.85,35979.43
2013-12-31,13.88,14.66,14.72,13.81,40707.99
2014-01-02,14.66,14.34,14.72,14.23,13929.4
2014-01-03,13.85,14.14,14.28,13.74,49690.63
2014-01-06,14.12,13.62,14.12,13.62,23856.22
2014-01-07,13.42,13.62,13.62,12.97,48528.36
2014-01-08,13.35,13.61,13.83,12.26,23225.07
2014-01-09,13.5,13.69,13.79,13.41,23246.67
2014-01-10,13.69,13.65,13.84,13.57,9650.62
2014-01-13,13.65,13.9,13.91,13.65,8463.1
2014-01-14,13.9,14.72,14.8,13.85,15715.85
2014-01-15,14.72,14.76,14.88,14.66,10251.23
2014-01-16,14.68,14.57,14.75,14.46,9124.59
2014-01-17,14.57,14.85,14.89,14.5,10273.31
2014-01-20,14.82,14.9,15.35,14.82,10552.78
2014-01-21,14.69,14.99,14.99,14.5,5087.98
2014-01-22,14.85,15.08,15.18,14.85,6064.98
2014-01-23,14.91,14.27,14.97,14.27,44554.14
2014-01-24,14.2,14.36,14.56,14.14,17212.35
2014-01-27,14.38,14.13,14.54,14.12,13082.32
2014-01-28,14.34,14.36,14.5,14.18,14868.26
2014-01-29,14.36,14.28,14.49,14.26,9421.55
2014-01-30,14.28,14.14,14.42,14.03,4087.25
2014-02-07,14.23,13.93,14.27,13.84,18505.02
2014-02-10,14.05,15.13,15.29,14.05,46040.79
2014-02-11,15.1,14.99,15.32,14.88,27526.27
2014-02-12,14.99,15.0,15.28,14.84,13025.9
2014-02-13,15.07,14.7,15.56,14.69,25294.26
2014-02-14,14.7,14.89,14.93,14.59,19863.54
2014-02-17,14.84,14.89,15.12,14.8,22292.88
2014-02-18,14.88,15.06,15.06,14.76,18480.06
2014-02-19,15.0,14.82,15.17,14.81,24769.99
2014-02-20,14.77,13.94,14.8,13.91,27901.96
2014-02-21,13.94,13.87,14.01,13.82,19118.49
2014-02-24,13.85,13.5,13.87,13.06,20798.08
2014-02-25,13.63,13.17,13.72,12.87,16696.77
2014-02-26,13.16,12.87,13.27,12.67,23537.11
2014-02-27,12.88,12.34,13.01,12.12,35686.1
2014-02-28,12.34,13.31,13.56,11.6,46605.07
2014-03-03,13.16,13.53,13.58,12.75,18944.24
2014-03-04,13.53,13.07,13.62,12.98,14344.47
2014-03-05,13.07,12.98,13.35,12.72,11728.72
2014-03-06,12.91,13.03,13.12,12.35,26158.01
2014-03-07,13.01,13.1,13.18,12.75,15482.94
2014-03-10,12.93,12.69,12.93,12.55,11593.98
2014-03-11,12.66,12.59,12.7,12.17,15936.97
2014-03-12,12.58,12.85,12.94,12.44,10277.16
2014-03-13,12.85,12.93,13.03,12.75,13456.84
2014-03-14,12.97,13.19,13.25,12.83,9100.86
2014-03-17,13.4,13.73,13.95,13.4,16947.35
2014-03-18,13.73,13.76,13.82,13.46,16598.16
2014-03-19,13.73,13.71,13.78,13.52,8661.87
2014-03-20,13.71,13.36,13.71,13.25,5155.72
2014-03-21,13.22,13.52,13.62,13.0,15803.34
2014-03-24,13.42,13.22,13.52,13.22,18580.74
2014-03-25,13.26,13.58,13.79,13.16,16654.31
2014-03-26,13.58,13.49,13.75,13.42,7026.27
2014-03-27,13.31,13.22,13.5,13.16,5924.76
2014-03-28,13.22,12.98,13.41,12.96,7678.12
2014-03-31,12.99,13.57,13.61,12.87,8336.53
2014-04-01,13.55,13.57,13.66,13.4,5120.45
2014-04-02,13.67,14.05,14.57,13.59,18402.57
2014-04-03,14.04,14.49,14.67,14.04,23407.46
2014-04-04,14.56,14.52,14.83,14.25,10764.11
2014-04-08,14.43,15.35,15.35,14.4,27700.63
2014-04-09,15.32,15.32,15.39,15.0,14116.23
2014-04-10,15.26,15.0,15.32,14.85,12056.91
2014-04-11,15.0,14.47,15.0,14.41,17223.24
2014-04-14,14.55,14.72,15.09,14.46,20673.61
2014-04-15,14.77,14.72,14.84,14.49,11832.61
2014-04-16,14.71,14.35,14.71,14.31,7009.2
2014-04-17,14.4,14.93,14.96,14.19,15897.48
2014-04-18,14.94,14.61,14.94,14.59,9074.68
2014-04-21,14.57,15.03,15.21,14.46,20796.8
2014-04-22,15.03,15.0,15.2,14.84,9776.93
2014-04-23,15.0,14.72,15.09,14.42,11448.62
2014-04-24,14.63,14.76,14.78,14.49,10078.06
2014-04-25,14.66,14.49,14.97,14.25,10448.9
2014-04-28,14.37,13.96,14.37,13.73,17640.36
2014-04-29,13.85,14.37,14.39,13.73,6391.75
2014-04-30,14.38,15.28,15.29,14.29,21388.39
2014-05-05,15.29,15.3,15.38,15.03,14283.87
2014-05-06,15.38,15.06,15.4,14.83,11457.94
2014-05-07,15.0,14.69,15.0,14.55,6693.64
2014-05-08,14.65,14.7,14.91,14.54,6863.22
2014-05-09,14.74,14.66,14.74,14.23,8105.65
2014-05-12,14.7,15.11,15.12,14.33,21633.91
2014-05-13,15.11,14.95,15.11,14.7,8953.53
2014-05-14,14.91,14.79,14.97,14.67,5801.0
2014-05-15,14.8,14.4,14.8,14.31,9867.74
2014-05-16,14.36,14.32,14.5,14.27,6796.32
2014-05-19,14.37,14.18,14.37,14.12,6983.98
2014-05-20,14.14,14.01,14.25,13.98,10049.59
2014-05-21,13.99,14.42,14.47,13.88,9654.45
2014-05-22,14.43,14.37,14.51,14.37,5238.42
2014-05-23,14.2,14.5,14.5,14.11,11260.41
2014-05-26,14.54,14.32,14.64,14.2,13478.61
2014-05-27,14.31,14.77,14.8,14.12,14585.42
2014-05-28,14.72,14.66,14.74,14.48,7369.95
2014-05-29,14.71,14.89,14.95,14.53,10502.19
2014-05-30,14.86,16.38,16.38,14.86,50433.57
2014-06-03,16.55,16.19,16.55,16.12,24017.12
2014-06-04,16.22,15.87,16.3,15.62,17158.13
2014-06-05,15.87,16.25,16.66,15.71,24888.44
2014-06-06,16.4,15.88,16.4,15.7,13805.31
2014-06-09,15.71,16.32,16.55,15.64,18405.73
2014-06-10,16.05,16.95,17.29,16.05,31394.44
2014-06-11,16.91,16.8,17.33,16.65,22352.91
2014-06-12,16.97,16.96,17.08,16.55,9151.49
2014-06-13,16.97,17.26,17.54,16.91,34531.51
2014-06-16,17.31,17.15,17.68,16.95,21571.75
2014-06-17,17.12,16.29,17.12,16.27,16026.28
2014-06-18,16.32,16.52,16.59,16.05,11811.49
2014-06-19,16.45,15.84,16.48,15.84,18541.38
2014-06-20,15.87,16.35,16.38,15.85,8713.85
2014-06-23,16.34,16.47,16.81,16.26,9181.61
2014-06-24,16.45,16.95,17.02,16.33,13189.96
2014-06-25,16.9,16.71,17.12,16.57,7265.3
2014-06-26,16.71,17.05,17.05,16.52,12111.87
2014-06-27,17.01,16.88,17.01,16.54,9517.41
2014-06-30,16.88,16.72,16.94,16.55,10574.59
2014-07-01,16.63,16.56,16.89,16.4,10944.5
2014-07-02,16.58,16.53,16.63,16.3,13962.7
2014-07-03,16.61,16.63,16.84,16.3,10835.93
2014-07-04,16.68,16.37,16.68,16.36,8345.94
2014-07-07,16.38,16.14,16.53,16.12,16873.93
2014-07-08,16.16,16.93,16.94,16.11,28672.27
2014-07-09,16.91,16.8,17.02,16.62,19358.29
2014-07-10,16.79,16.68,17.02,16.66,9033.6
2014-07-11,16.79,17.77,17.88,16.68,26464.11
2014-07-14,17.83,18.47,18.74,17.76,29347.85
2014-07-15,18.34,18.94,18.94,17.47,39292.4
2014-07-16,18.24,17.72,18.24,17.69,27288.67
2014-07-17,17.58,18.04,18.05,17.05,26974.49
2014-07-18,17.71,18.2,18.23,17.56,12523.14
2014-07-21,18.2,17.6,18.23,17.58,11259.83
2014-07-22,17.47,17.46,17.87,17.4,30816.99
2014-07-23,17.52,16.78,17.62,16.39,46425.44
2014-07-24,16.69,16.92,17.21,16.69,30401.74
2014-07-25,16.8,17.21,17.35,16.8,12578.44
2014-07-28,17.34,17.04,17.52,17.02,28399.51
2014-07-29,17.04,17.75,17.82,16.79,27292.88
2014-07-30,17.69,17.63,17.75,17.17,23475.38
2014-07-31,17.69,17.84,17.93,17.55,13395.81
2014-08-01,17.75,17.69,17.93,17.58,10905.22
2014-08-04,17.69,17.69,17.85,17.58,11169.0
2014-08-05,17.95,18.29,18.52,17.95,24224.83
2014-08-06,18.29,19.76,20.05,18.16,30088.07
2014-08-07,20.13,19.48,20.24,19.46,29540.16
2014-08-08,19.52,19.36,19.53,19.23,21958.47
2014-08-11,19.34,19.35,19.52,19.07,30589.9
2014-08-12,19.34,19.2,19.35,18.85,21066.75
2014-08-13,19.05,18.6,19.26,18.34,33277.49
2014-08-14,18.55,18.82,19.31,18.44,33552.51
2014-08-15,18.93,18.87,19.01,18.68,12330.74
2014-08-18,18.87,19.07,19.1,18.65,11887.76
2014-08-19,19.08,18.76,19.14,18.73,11237.8
2014-08-20,18.76,18.66,18.94,18.55,11241.17
2014-08-21,18.75,19.03,19.03,18.58,15622.52
2014-08-22,19.08,19.37,19.46,18.97,18967.53
2014-08-25,19.41,18.79,19.41,18.76,12505.17
2014-08-26,18.79,18.01,18.87,17.78,20753.44
2014-08-27,18.05,18.4,18.45,18.01,11209.72
2014-08-28,18.14,17.98,18.31,17.78,11480.27
2014-08-29,17.93,17.87,18.08,17.66,16584.24
2014-09-01,17.93,18.46,18.63,17.92,28270.6
2014-09-02,18.4,18.45,18.52,18.26,15558.09
2014-09-03,18.4,18.26,18.4,18.01,40175.83
2014-09-04,18.25,18.34,18.34,18.07,24914.11
2014-09-05,18.39,18.93,19.0,18.39,39953.73
2014-09-09,19.08,18.84,19.08,18.71,21930.14
2014-09-10,18.82,19.09,19.16,18.65,25528.31
2014-09-11,19.13,19.37,19.79,19.1,37322.43
2014-09-12,19.36,19.44,19.5,18.97,13444.64
2014-09-15,19.33,18.81,19.33,18.53,32080.37
2014-09-16,18.79,18.34,18.79,18.21,30012.11
2014-09-17,18.2,18.13,18.34,18.02,23026.6
2014-09-18,18.13,18.26,18.39,18.11,14323.9
2014-09-19,18.27,18.07,18.33,17.95,24603.01
2014-09-22,18.02,17.5,18.11,17.22,33763.28
2014-09-23,17.5,17.45,17.53,17.22,29177.68
2014-09-24,17.41,17.7,17.78,17.16,64811.12
2014-09-25,17.68,17.33,17.75,17.28,39756.03
2014-09-26,17.34,17.05,17.43,16.98,44598.47
2014-09-29,17.09,17.18,17.26,17.05,35319.11
2014-09-30,17.19,17.24,17.27,17.13,26508.14
2014-10-08,17.29,17.52,17.58,17.26,48788.21
2014-10-09,17.68,17.55,17.79,17.46,47183.4
2014-10-10,17.5,17.04,17.52,16.97,48879.71
2014-10-13,17.04,16.85,17.19,16.68,34697.42
2014-10-14,16.85,16.94,17.01,16.78,22277.06
2014-10-15,16.94,16.85,17.1,16.76,32337.24
2014-10-16,16.83,16.36,16.83,16.33,37860.27
2014-10-17,16.36,16.63,16.73,16.27,18053.03
2014-10-20,16.69,16.55,16.8,16.42,28792.26
2014-10-21,16.59,16.33,16.59,16.14,25999.8
2014-10-22,16.34,15.82,16.5,15.78,45518.33
2014-10-23,15.86,16.01,16.29,15.82,32062.56
2014-10-24,16.01,15.9,16.14,15.86,16581.88
2014-10-27,15.93,15.68,15.97,15.56,24963.57
2014-10-28,15.77,16.36,16.42,15.7,32333.15
2014-10-29,16.45,16.63,16.73,16.36,30812.66
2014-10-30,16.63,16.43,16.91,16.43,25378.13
2014-10-31,16.41,16.56,16.64,16.3,25326.16
2014-11-03,16.63,17.14,17.15,16.58,61144.39
2014-11-04,17.03,17.2,17.24,16.98,48618.24
2014-11-05,17.17,17.34,17.47,16.99,25138.3
2014-11-06,17.35,17.01,17.35,16.93,16769.69
2014-11-07,16.95,16.97,17.4,16.71,38089.55
2014-11-10,16.97,18.26,18.41,16.5,70189.71
2014-11-11,18.21,17.58,18.28,17.37,43877.71
2014-11-12,17.58,17.84,17.91,17.34,16178.26
2014-11-13,17.84,17.7,18.26,17.63,16843.47
2014-11-14,17.7,17.56,17.71,17.31,9102.7
2014-11-17,17.56,17.97,18.27,17.56,17824.69
2014-11-18,17.97,17.75,18.23,17.63,16362.45
2014-11-19,17.75,17.62,17.89,17.55,11710.75
2014-11-20,17.52,17.34,17.55,17.04,16647.56
2014-11-21,17.27,18.07,18.16,17.21,20699.75
2014-11-24,18.08,18.26,18.87,18.08,35663.07
2014-11-25,18.24,18.61,18.71,17.88,42217.08
2014-11-26,18.47,18.17,18.7,18.15,23330.96
2014-11-27,18.34,17.69,18.34,17.54,40199.28
2014-11-28,17.34,17.87,18.04,17.34,32979.77
2014-12-01,17.86,17.39,17.92,17.26,40674.23
2014-12-02,17.33,17.78,17.99,17.32,27437.41
2014-12-03,17.78,18.47,18.55,17.78,50294.04
2014-12-04,18.49,19.07,19.82,18.49,45475.09
2014-12-05,19.08,19.39,19.89,18.79,47406.35
2014-12-08,19.46,19.27,19.49,18.82,40221.06
2014-12-09,19.11,18.68,20.88,18.34,54382.59
2014-12-10,18.68,19.5,19.65,18.28,35431.7
2014-12-11,19.5,19.52,20.11,19.29,28773.57
2014-12-12,19.82,20.04,20.11,19.3,22598.8
2014-12-15,20.03,20.22,20.29,19.91,14807.45
2014-12-16,20.25,19.46,20.33,19.39,32201.59
2014-12-17,19.46,19.0,19.71,18.82,30834.27
2014-12-18,18.94,18.57,19.07,18.37,39702.39
2014-12-19,18.51,18.2,18.81,17.84,36918.19
2014-12-22,18.19,17.86,18.2,17.59,28752.39
2014-12-23,17.86,18.43,18.57,17.76,31696.24
2014-12-24,18.44,17.84,18.63,17.78,33784.24
2014-12-25,17.86,18.29,18.34,17.83,21671.57
2014-12-26,18.23,18.33,18.52,18.14,14910.43
2014-12-29,18.45,18.24,18.52,18.05,19954.37
2014-12-30,18.26,17.46,18.26,17.42,46962.43
2014-12-31,17.58,17.93,18.05,17.45,19044.75
2015-01-05,17.93,19.72,19.72,17.93,58064.64
2015-01-06,19.7,21.07,21.5,19.53,69824.91
2015-01-07,21.1,20.7,21.57,20.58,32251.44
2015-01-08,20.76,21.45,21.8,20.42,33597.71
2015-01-09,21.3,20.92,21.52,20.84,20845.02
2015-01-12,21.01,23.02,23.02,20.94,40343.37
2015-01-13,23.42,23.26,23.63,22.59,31846.64
2015-01-14,23.27,22.68,23.66,22.68,33086.56
2015-01-15,22.46,22.62,23.0,21.81,16724.42
2015-01-16,22.41,22.96,23.61,22.19,30427.46
2015-01-19,21.91,21.38,22.66,21.3,33374.72
2015-01-20,21.76,22.19,22.3,21.32,19113.8
2015-01-21,22.72,23.48,24.41,22.72,36094.91
2015-01-22,23.37,23.54,24.01,23.23,21610.7
2015-01-23,23.55,22.78,23.79,22.59,16412.86
2015-01-26,23.08,22.55,23.14,22.27,17899.14
2015-01-27,22.54,22.81,23.43,22.43,27323.29
2015-01-28,22.76,22.31,22.76,21.82,17137.61
2015-01-29,22.2,22.43,22.46,21.87,15433.3
2015-01-30,22.36,22.7,22.74,22.2,20450.58
2015-02-02,22.49,23.07,23.19,21.98,26109.54
2015-02-03,23.27,23.61,24.01,23.27,30161.75
2015-02-04,23.76,23.68,23.98,23.14,24806.61
2015-02-05,23.67,22.9,23.67,22.85,26776.76
2015-02-06,22.67,22.12,22.85,22.0,9769.09
2015-02-09,21.91,22.13,22.88,21.91,16322.58
2015-02-10,22.18,23.08,23.22,22.14,27268.35
2015-02-11,23.16,23.03,23.17,22.75,16391.46
2015-02-12,23.03,22.99,23.14,22.58,8839.21
2015-02-13,22.87,23.67,23.73,22.87,21790.26
2015-02-16,23.67,23.78,23.9,23.26,12798.11
2015-02-17,23.76,24.1,24.74,23.49,11700.05
2015-02-25,23.9,23.36,24.0,22.91,22789.88
2015-02-26,23.32,23.36,23.61,23.01,19527.98
2015-02-27,23.36,23.5,23.79,23.09,10405.11
2015-03-02,23.79,24.55,24.74,23.55,35102.86
2015-03-03,24.56,23.45,24.59,23.2,30060.53
2015-03-04,23.44,23.82,24.53,23.43,32164.32
2015-03-05,23.8,23.2,24.08,23.08,24483.49
2015-03-06,23.14,22.49,23.32,22.44,23504.04
2015-03-09,22.31,22.95,23.39,22.31,22559.79
2015-03-10,23.01,22.68,23.19,22.58,12545.94
2015-03-11,22.68,22.87,23.07,22.68,10242.08
2015-03-12,22.89,22.99,23.07,22.47,18413.57
2015-03-13,22.99,22.63,23.03,22.55,18291.04
2015-03-16,22.66,22.84,22.92,22.52,41532.27
2015-03-17,23.08,23.46,23.87,22.87,59171.21
2015-03-18,23.46,23.44,23.73,23.16,56342.98
2015-03-19,23.45,24.0,24.0,23.26,42566.22
2015-03-20,24.02,23.64,24.02,23.55,30658.99
2015-03-23,23.62,23.75,23.95,23.32,47816.38
2015-03-24,23.82,23.23,23.82,22.89,39677.83
2015-03-25,23.25,24.11,24.13,23.02,59075.25
2015-03-26,24.14,24.45,24.85,23.86,50994.12
2015-03-27,24.46,24.75,24.97,24.32,38308.32
2015-03-30,24.5,24.61,24.97,24.08,33170.41
2015-03-31,24.69,25.43,25.97,24.08,51775.28
2015-04-01,25.45,25.5,25.77,24.88,32274.08
2015-04-02,25.5,25.21,25.6,24.85,36714.2
2015-04-03,24.87,24.59,24.97,24.34,43610.82
2015-04-07,24.68,24.84,25.15,24.55,58895.19
2015-04-08,24.85,24.45,24.96,24.16,47013.22
2015-04-09,24.41,23.65,24.43,23.37,34722.54
2015-04-10,23.65,24.11,24.2,23.49,38060.54
2015-04-13,24.13,24.65,24.88,23.88,48404.34
2015-04-14,24.56,24.19,24.69,24.17,30746.62
2015-04-15,24.19,23.62,24.2,23.43,38103.04
2015-04-16,23.47,25.26,25.44,23.29,58188.37
2015-04-17,25.46,25.03,25.56,24.74,48445.44
2015-04-20,24.78,24.19,24.78,24.1,41208.29
2015-04-21,24.19,26.24,26.61,24.08,92867.22
2015-04-22,26.3,26.39,26.97,25.87,76284.71
2015-04-23,26.45,25.93,26.84,25.74,46494.08
2015-04-24,25.8,25.15,25.82,24.81,48449.81
2015-04-27,25.21,25.03,25.54,24.78,56721.53
2015-04-28,24.86,23.92,25.37,23.37,84938.21
2015-04-29,23.9,24.11,24.24,23.51,42657.24
2015-04-30,24.11,24.38,24.71,23.66,51943.29
2015-05-04,24.14,24.14,24.3,23.78,54049.29
2015-05-05,23.97,22.67,23.98,22.19,81113.92
2015-05-06,22.67,22.23,23.07,22.22,53574.93
2015-05-07,22.24,22.62,22.62,22.13,31586.11
2015-05-08,22.66,22.77,22.84,22.43,44360.42
2015-05-11,22.78,23.19,23.21,22.46,60037.61
2015-05-12,23.14,22.96,23.19,22.75,55570.82
2015-05-13,22.96,22.52,22.97,22.44,57529.41
2015-05-14,22.5,22.63,22.77,22.31,34749.34
2015-05-15,22.64,22.13,22.69,21.82,55448.09
2015-05-18,21.96,22.26,22.53,21.9,44663.37
2015-05-19,22.28,22.83,22.94,22.17,60194.62
2015-05-20,22.84,22.74,23.37,22.69,65463.19
2015-05-21,22.72,22.9,23.08,22.61,67040.31
2015-05-22,23.19,23.56,23.65,22.89,113517.96
2015-05-25,23.59,24.32,24.56,23.58,158677.4
2015-05-26,24.44,24.42,24.66,24.05,123187.63
2015-05-27,24.44,24.22,24.65,23.91,96143.91
2015-05-28,24.2,22.66,24.2,22.66,97727.18
2015-05-29,22.62,21.97,22.96,20.8,85965.34
2015-06-01,21.89,23.02,23.04,21.66,80674.25
2015-06-02,22.89,22.96,22.97,22.34,81745.37
2015-06-03,22.9,23.31,23.58,22.61,71065.48
2015-06-04,23.23,22.85,23.66,21.11,69982.39
2015-06-05,22.99,23.87,23.9,22.99,118373.72
2015-06-08,24.14,24.58,24.97,24.03,158712.54
2015-06-09,24.61,23.98,24.64,23.73,91229.46
2015-06-10,23.82,24.14,24.36,23.32,99335.73
2015-06-11,24.16,23.97,24.26,23.38,119015.08
2015-06-12,24.04,24.29,24.37,23.91,161518.13
2015-06-15,24.32,23.37,24.5,23.26,118168.17
2015-06-16,23.08,24.08,24.08,22.19,101836.83
2015-06-17,24.08,25.03,26.03,24.08,217704.02
2015-06-18,24.65,25.45,25.74,24.41,194052.4
2015-06-19,24.96,24.58,26.33,24.52,201308.75
2015-06-23,23.91,27.03,27.03,23.55,264561.31
2015-06-24,27.45,28.1,28.95,26.63,279324.83
2015-06-25,27.9,26.1,28.66,25.34,240815.24
2015-06-26,25.26,23.49,25.97,23.49,184182.26
2015-06-29,24.03,21.14,24.26,21.14,205758.28
2015-06-30,21.14,21.72,22.3,19.08,194282.63
2015-07-01,21.28,20.18,22.72,20.18,151781.96
2015-07-02,20.18,19.03,20.54,18.42,142951.42
2015-07-03,18.52,18.63,20.17,17.14,116698.06
2015-07-06,20.42,19.89,20.47,17.17,158289.58
2015-07-07,19.29,17.9,19.81,17.9,126709.86
2015-07-08,16.11,17.06,18.19,16.11,205171.97
2015-07-09,17.06,18.76,18.76,17.06,94004.89
2015-07-10,18.94,20.64,20.64,18.94,86181.48
2015-07-13,21.11,22.2,22.31,20.71,122857.18
2015-07-14,20.78,20.54,22.11,20.24,100070.49
2015-07-15,20.53,18.49,20.53,18.49,74338.61
2015-07-16,18.49,19.24,20.03,18.05,61299.54
2015-07-17,19.53,20.87,21.17,19.24,61925.8
2015-07-20,20.87,20.72,21.21,20.15,51352.63
2015-07-21,20.42,21.14,21.52,20.04,53713.26
2015-07-22,21.3,21.39,21.42,20.71,55021.19
2015-07-23,21.18,21.24,21.4,20.55,69712.87
2015-07-24,21.22,20.18,21.22,20.07,71717.33
2015-07-27,19.64,18.16,19.87,18.16,53849.56
2015-07-28,17.77,19.22,19.43,16.76,75416.92
2015-07-29,19.03,19.71,19.72,18.83,37665.6
2015-07-30,19.72,18.58,19.72,18.3,25806.79
2015-07-31,18.32,18.86,18.92,18.2,20697.24
2015-08-03,18.31,20.75,20.75,18.31,75024.89
2015-08-04,20.74,20.6,21.02,19.77,92180.4
2015-08-05,20.37,19.77,20.37,19.47,49146.44
2015-08-06,19.46,19.68,20.38,19.17,31281.38
2015-08-07,19.95,19.87,20.19,19.68,37310.73
2015-08-10,19.95,20.47,20.6,19.61,65340.68
2015-08-11,20.29,20.43,21.02,20.18,59644.97
2015-08-12,20.48,19.57,20.67,19.47,42815.61
2015-08-13,19.47,19.65,19.73,19.16,38348.76
2015-08-14,19.76,19.64,20.17,19.55,36013.41
2015-08-17,19.64,19.65,19.92,19.3,44546.1
2015-08-18,19.67,18.04,19.86,17.9,53286.62
2015-08-19,17.81,18.49,18.68,16.78,47847.61
2015-08-20,18.24,17.52,18.3,17.2,28836.78
2015-08-21,17.33,16.14,17.35,15.99,61036.49
2015-08-24,15.21,14.53,15.26,14.53,44888.86
2015-08-25,13.07,13.49,13.87,13.07,84762.72
2015-08-26,13.84,14.13,14.84,13.2,63675.35
2015-08-27,14.17,14.56,14.84,13.69,33374.13
2015-08-28,14.82,15.63,15.74,14.66,43261.03
2015-08-31,15.51,14.97,15.51,14.78,31146.43
2015-09-01,14.9,13.91,14.9,13.62,31694.4
2015-09-02,13.74,15.31,15.31,13.07,80164.55
2015-09-07,15.39,15.56,16.27,15.33,35974.48
2015-09-08,15.42,16.5,16.75,15.01,37438.78
2015-09-09,16.49,16.4,17.03,16.18,55006.33
2015-09-10,16.34,16.29,16.4,15.86,36497.02
2015-09-11,16.05,15.82,16.3,15.51,29954.57
2015-09-14,16.08,14.96,16.1,14.62,26608.24
2015-09-15,14.87,14.41,15.03,14.29,22969.42
2015-09-16,14.41,15.63,15.85,14.4,24415.55
2015-09-17,15.6,15.29,15.64,15.19,24247.52
2015-09-18,15.4,15.32,15.46,15.02,11898.63
2015-09-21,15.08,15.8,15.93,15.08,14744.84
2015-09-22,15.87,15.92,16.13,15.66,19069.35
2015-09-23,15.72,15.52,15.86,15.39,15281.73
2015-09-24,15.69,15.69,15.79,15.53,9898.46
2015-09-25,15.63,15.24,15.63,14.75,22513.41
2015-09-28,15.2,15.39,15.62,14.94,10356.67
2015-09-29,15.09,15.32,15.42,14.84,13220.75
2015-09-30,15.92,15.71,16.15,15.6,17841.59
2015-10-08,16.32,16.07,16.42,16.07,25107.14
2015-10-09,16.09,15.8,16.09,15.44,46429.41
2015-10-12,15.84,16.47,16.76,15.7,39516.59
2015-10-13,16.36,16.33,16.52,16.06,22132.59
2015-10-14,16.36,16.09,16.49,16.06,17609.38
2015-10-15,15.88,16.38,16.41,15.87,22990.19
2015-10-16,16.46,16.7,17.03,16.37,31191.85
2015-10-19,16.85,16.88,17.3,16.41,36105.26
2015-10-20,16.6,16.68,16.83,16.43,23650.16
2015-10-21,16.65,15.51,16.8,15.31,28375.74
2015-10-22,15.54,15.95,15.98,15.2,19448.86
2015-10-23,15.95,15.97,16.18,15.78,21179.71
2015-10-26,16.14,16.41,16.66,16.14,37648.27
2015-10-27,16.4,17.06,17.27,15.78,58949.36
2015-10-28,16.94,16.53,17.23,16.42,34786.76
2015-10-29,16.73,17.16,17.17,16.53,42237.5
2015-10-30,17.09,17.67,17.87,16.91,60389.78
2015-11-02,17.27,18.35,18.84,17.18,60580.58
2015-11-03,17.65,18.28,18.64,17.65,41868.86
2015-11-04,18.24,18.94,18.96,18.2,27865.86
2015-11-05,18.94,18.82,19.19,18.52,36214.88
2015-11-06,18.75,19.1,19.18,18.51,44852.42
2015-11-09,19.04,18.24,19.41,18.23,79823.03
2015-11-10,18.24,17.99,18.4,17.82,57194.23
2015-11-11,17.91,18.37,18.37,17.91,31485.64
2015-11-12,18.44,18.43,18.58,18.09,30095.0
2015-11-13,18.21,18.4,18.93,18.15,33929.24
2015-11-16,17.88,18.18,18.36,17.76,42888.17
2015-11-17,18.24,18.06,18.3,17.89,31718.51
2015-11-18,18.1,17.91,18.2,17.79,19792.18
2015-11-19,17.91,18.13,18.21,17.77,13908.64
2015-11-20,18.06,18.09,18.24,17.92,22832.75
2015-11-23,18.06,17.99,18.29,17.89,19429.43
2015-11-24,17.99,17.64,18.06,17.56,28299.85
2015-11-25,17.64,17.78,17.79,17.61,26162.93
2015-11-26,17.82,17.75,17.89,17.64,27463.17
2015-11-27,17.75,16.97,17.75,16.54,26372.75
2015-11-30,16.66,17.33,17.54,16.66,22872.96
2015-12-01,17.43,17.27,17.43,16.91,24326.42
2015-12-02,17.26,17.9,18.2,17.13,43453.68
2015-12-03,17.76,17.92,17.97,17.52,52156.5
2015-12-04,17.7,17.38,17.75,17.28,28852.97
2015-12-07,17.38,17.49,17.58,17.21,18352.62
2015-12-08,17.5,17.87,18.15,17.26,40910.53
2015-12-09,17.7,18.18,18.3,17.65,33569.64
2015-12-10,18.24,18.24,18.53,17.8,36556.96
2015-12-11,18.06,18.84,18.88,17.95,46009.43
2015-12-14,18.84,19.02,19.16,18.43,47944.1
2015-12-15,18.82,19.03,19.13,18.25,45624.05
2015-12-16,18.84,18.46,18.95,18.46,21719.28
2015-12-17,18.49,18.71,19.05,18.49,25033.6
2015-12-18,18.72,18.31,18.82,18.16,21777.77
2015-12-21,18.23,18.86,19.02,18.23,34346.19
2015-12-22,18.97,19.16,19.65,18.79,45431.37
2015-12-23,19.13,18.86,19.17,18.71,29432.19
2015-12-24,18.79,18.54,18.85,18.34,17796.98
2015-12-25,18.7,18.58,18.82,18.46,12361.78
2015-12-28,18.67,18.3,18.7,18.21,21314.16
2015-12-29,18.12,18.72,18.72,18.12,14252.42
2015-12-30,18.76,18.62,18.89,18.44,12321.91
2015-12-31,18.6,18.23,18.83,18.04,22891.06
2016-01-04,18.24,16.61,18.24,16.53,16589.59
2016-01-05,16.01,16.78,17.27,15.81,33534.53
2016-01-06,16.78,17.1,17.37,16.54,22956.78
2016-01-07,16.86,15.93,16.97,15.88,2861.51
2016-01-08,16.0,16.72,17.23,16.0,33557.42
2016-01-11,16.6,16.12,17.03,16.09,22057.52
2016-01-12,16.21,16.4,16.65,15.99,15475.14
2016-01-13,16.42,15.87,16.69,15.82,13530.16
2016-01-14,15.63,16.04,16.15,14.7,42381.4
2016-01-15,15.74,15.72,15.78,15.39,21010.7
2016-01-18,15.48,16.17,16.28,15.23,21036.6
2016-01-19,16.2,16.47,16.47,15.81,30183.99
2016-01-20,16.24,16.21,16.4,15.93,30852.35
2016-01-21,15.96,16.06,16.5,15.81,15191.34
2016-01-22,16.32,16.41,16.48,16.05,12077.89
2016-01-25,16.73,16.44,16.74,15.92,16580.92
2016-01-26,16.18,15.51,16.4,15.2,16330.79
2016-01-27,15.5,15.15,15.57,14.29,12788.34
2016-01-28,15.2,15.08,15.53,14.97,20887.96
2016-01-29,15.2,15.48,15.69,15.15,14734.56
2016-02-01,15.48,15.7,16.02,15.45,28437.54
2016-02-02,15.57,16.36,16.59,15.41,20549.79
2016-02-03,15.81,15.64,15.81,14.9,24975.47
2016-02-04,15.51,15.51,15.84,15.48,16625.92
2016-02-05,15.56,15.25,15.68,15.2,10256.95
2016-02-15,14.81,15.08,15.16,14.7,10118.25
2016-02-16,15.09,15.59,15.66,14.94,11702.01
2016-02-17,15.8,15.71,15.8,15.52,6652.91
2016-02-18,15.84,15.7,15.84,15.66,8598.66
2016-02-19,15.57,15.74,15.84,15.42,13802.67
2016-02-22,15.85,17.32,17.32,15.85,73016.57
2016-02-23,17.54,17.33,18.03,16.8,66982.71
2016-02-24,17.45,17.39,17.56,16.7,35899.2
2016-02-25,17.21,15.65,17.31,15.65,30219.38
2016-02-26,15.43,15.84,16.11,15.43,28194.73
2016-02-29,15.84,14.72,15.84,14.32,26016.33
2016-03-01,14.78,15.35,15.71,14.17,20247.9
2016-03-02,15.56,16.02,16.17,15.37,24885.57
2016-03-03,15.69,15.67,16.05,15.51,27675.39
2016-03-04,15.57,15.32,15.92,15.09,28833.33
2016-03-07,15.14,15.54,15.95,15.14,15340.59
2016-03-08,15.45,15.34,15.56,15.02,13012.12
2016-03-09,15.14,15.14,15.71,14.95,19378.76
2016-03-10,15.14,14.95,15.5,14.91,13121.11
2016-03-11,14.89,14.84,15.04,14.7,17340.19
2016-03-14,15.01,15.57,15.73,15.01,23534.08
2016-03-15,15.75,15.5,15.75,15.33,16060.65
2016-03-16,15.43,15.23,15.65,15.09,15819.56
2016-03-17,15.26,15.58,15.76,15.23,23038.83
2016-03-18,15.51,15.98,16.09,15.5,24399.34
2016-03-21,16.55,16.18,16.6,16.02,33037.52
2016-03-22,16.06,16.1,16.21,15.85,29289.19
2016-03-23,16.1,16.29,16.4,16.01,23509.2
2016-03-24,16.11,15.87,16.3,15.83,24515.93
2016-03-25,15.93,15.8,16.04,15.69,18755.41
2016-03-28,15.87,15.78,16.12,15.65,28951.57
2016-03-29,15.81,15.59,15.81,15.34,24494.92
2016-03-30,15.59,15.96,15.96,15.59,32960.04
2016-03-31,16.08,16.04,16.09,15.91,32157.38
2016-04-01,16.05,16.12,16.17,15.87,27421.91
2016-04-05,16.15,16.29,16.35,16.01,31143.03
2016-04-06,16.18,16.16,16.39,16.08,29493.14
2016-04-07,16.21,15.97,16.29,15.96,38702.24
2016-04-08,15.81,15.75,15.93,15.57,25877.5
2016-04-11,15.71,15.97,16.08,15.71,27681.61
2016-04-12,15.96,15.7,15.98,15.63,21887.21
2016-04-13,15.81,15.99,16.05,15.74,34862.46
2016-04-14,16.02,16.09,16.11,15.9,17529.84
2016-04-15,16.05,16.07,16.19,16.0,19897.76
2016-04-18,16.08,15.92,16.11,15.85,22405.1
2016-04-19,16.04,16.04,16.08,15.91,17138.03
2016-04-20,16.07,15.83,16.24,15.2,38723.79
2016-04-21,15.63,15.45,15.68,15.39,18326.81
2016-04-22,15.35,15.32,15.4,15.14,13928.97
2016-04-25,15.36,15.11,15.36,15.01,16966.91
2016-04-26,15.13,15.28,15.34,15.08,16420.13
2016-04-27,15.32,15.2,15.42,15.08,18519.55
2016-04-28,15.2,15.15,15.32,15.01,16308.57
2016-04-29,15.05,14.9,15.07,14.86,32501.77
2016-05-03,14.96,15.16,15.19,14.63,28305.92
2016-05-04,15.2,15.45,15.56,15.17,48450.06
2016-05-05,15.29,15.2,15.35,15.08,33361.7
2016-05-06,15.17,14.99,15.35,14.94,45027.79
2016-05-09,14.78,14.65,14.99,14.61,24397.85
2016-05-10,14.72,14.43,14.79,14.35,31098.81
2016-05-11,14.47,14.74,14.94,14.38,37589.68
2016-05-12,14.58,14.56,14.62,14.41,23624.86
2016-05-13,14.48,14.34,14.58,14.3,20321.49
2016-05-16,14.35,14.34,14.39,14.18,28382.12
2016-05-17,14.35,14.53,14.6,14.18,35111.5
2016-05-18,14.41,14.33,14.41,14.23,23399.64
2016-05-19,14.33,14.22,14.48,14.21,15295.94
2016-05-20,14.17,14.26,14.32,14.14,12350.07
2016-05-23,14.26,14.36,14.38,14.24,15630.96
2016-05-24,14.33,14.27,14.39,14.15,18776.67
2016-05-25,14.34,14.24,14.36,14.21,15149.12
2016-05-26,14.19,14.24,14.27,13.99,16249.69
2016-05-27,14.18,14.24,14.29,14.17,15018.96
2016-05-30,14.04,14.16,14.22,14.04,9339.59
2016-05-31,14.17,14.67,14.7,14.17,39936.1
2016-06-01,14.6,14.55,15.05,14.47,22965.97
2016-06-02,14.53,14.49,14.65,14.42,19570.04
2016-06-03,14.5,14.56,14.66,14.49,27623.78
2016-06-06,14.47,14.5,14.62,14.47,20404.61
2016-06-07,14.51,14.58,14.66,14.51,18930.83
2016-06-08,14.53,14.75,14.87,14.53,26662.09
2016-06-13,14.69,14.09,14.69,14.06,23504.22
2016-06-14,14.09,14.08,14.22,14.05,14306.72
2016-06-15,14.08,14.38,14.44,14.0,21825.84
2016-06-16,14.35,14.7,14.99,14.27,44872.3
2016-06-17,14.99,14.74,15.05,14.69,21475.68
2016-06-20,14.62,14.78,14.86,14.62,10772.74
2016-06-21,14.84,14.66,14.89,14.61,17151.01
2016-06-22,14.61,14.77,14.83,14.61,15673.51
2016-06-23,14.77,14.61,14.8,14.53,10456.24
2016-06-24,14.63,14.39,14.72,14.23,15821.85
2016-06-27,14.38,14.65,14.66,14.3,12752.77
2016-06-28,14.59,14.74,14.74,14.49,16711.37
2016-06-29,14.78,14.82,14.87,14.68,21024.17
2016-06-30,14.83,14.81,14.9,14.71,14218.9
2016-07-01,14.81,14.8,14.84,14.76,10808.72
2016-07-04,14.78,15.09,15.23,14.73,27791.27
2016-07-05,15.03,15.15,15.19,14.99,16529.61
2016-07-06,15.19,15.09,15.19,15.04,8970.15
2016-07-07,15.09,15.17,15.37,15.01,18573.36
2016-07-08,15.2,15.12,15.26,15.03,14636.05
2016-07-11,15.12,15.23,15.28,15.05,19430.16
2016-07-12,15.21,15.96,15.96,15.09,49860.32
2016-07-13,15.75,15.68,15.91,15.62,32206.29
2016-07-14,15.64,15.78,15.83,15.58,18046.44
2016-07-15,15.91,15.81,16.12,15.81,60712.26
2016-07-18,15.87,16.24,16.41,15.76,45366.17
2016-07-19,16.21,16.01,16.21,15.84,23130.96
2016-07-20,16.03,16.18,16.22,15.97,18058.03
2016-07-21,16.18,16.47,16.5,16.18,37059.85
2016-07-22,15.99,15.54,16.15,15.52,33093.37
2016-07-25,15.61,15.64,15.92,15.49,18546.91
2016-07-26,15.6,15.87,15.9,15.6,20525.23
2016-07-27,15.85,15.3,15.92,15.0,25427.87
2016-07-28,15.04,15.81,15.91,15.04,52061.03
2016-07-29,15.75,15.76,16.3,15.68,39115.85
2016-08-01,15.68,15.24,15.68,15.02,47774.68
2016-08-02,15.21,15.37,15.42,15.08,26852.26
2016-08-03,15.26,15.42,15.48,15.26,8444.24
2016-08-04,15.56,15.59,15.64,15.37,17882.2
2016-08-05,15.56,15.61,15.74,15.37,19764.32
2016-08-08,15.54,15.63,15.71,15.38,11077.47
2016-08-09,15.65,15.66,15.78,15.46,20546.13
2016-08-10,15.66,15.61,15.71,15.49,16500.14
2016-08-11,15.55,15.61,15.71,15.49,14625.21
2016-08-12,15.53,15.72,15.74,15.53,11757.33
2016-08-15,15.68,16.08,16.53,15.63,37758.55
2016-08-16,16.01,16.76,17.1,16.01,48211.89
2016-08-17,16.88,16.54,17.01,16.47,25662.63
2016-08-18,16.52,16.93,16.98,16.37,34877.84
2016-08-19,16.75,16.94,17.02,16.69,20296.81
2016-08-22,16.76,16.53,16.91,16.44,17048.9
2016-08-23,16.52,16.42,16.56,16.28,9957.09
2016-08-24,16.42,16.57,16.72,16.32,8462.19
2016-08-25,16.46,16.43,16.55,16.07,13918.41
2016-08-26,16.46,16.42,16.56,16.34,8799.35
2016-08-29,16.47,16.88,16.9,16.46,17314.4
2016-08-30,16.94,16.91,17.09,16.66,14545.29
2016-08-31,16.95,17.64,17.76,16.95,38232.13
2016-09-01,17.64,17.64,18.2,17.48,33039.13
2016-09-02,17.74,17.98,18.81,17.67,43193.0
2016-09-05,18.26,18.49,18.77,17.95,53493.88
2016-09-06,18.41,18.58,18.65,17.72,18906.42
2016-09-07,18.58,19.54,19.89,18.53,34055.28
2016-09-08,19.65,18.9,19.72,18.58,41512.54
2016-09-09,18.65,18.56,18.96,18.44,30431.3
2016-09-12,18.21,17.72,18.33,17.69,43449.31
2016-09-13,17.8,18.44,18.6,17.8,34722.5
2016-09-14,18.52,18.2,18.86,18.15,14960.2
2016-09-19,18.52,18.6,18.77,18.27,13104.9
2016-09-20,18.57,18.39,18.94,18.2,11478.18
2016-09-21,18.39,18.27,18.54,18.17,10499.93
2016-09-22,18.27,18.33,18.63,18.17,8824.55
2016-09-23,18.49,18.49,18.49,18.28,5521.76
2016-09-26,18.49,18.41,19.33,18.14,23365.14
2016-09-27,18.52,18.43,18.59,18.19,23853.18
2016-09-28,18.58,18.39,18.67,18.33,9537.79
2016-09-29,18.47,18.41,18.51,18.39,5928.76
2016-09-30,18.5,18.31,18.5,18.18,10117.91
2016-10-10,18.33,18.62,18.64,17.7,12597.59
2016-10-11,18.51,18.41,18.58,18.2,15120.05
2016-10-12,18.27,18.44,18.48,18.21,4903.13
2016-10-13,18.48,19.18,19.21,18.25,16429.16
2016-10-14,19.18,18.96,19.18,18.8,8542.8
2016-10-17,18.96,18.34,19.04,18.32,10234.32
2016-10-18,18.29,18.9,19.01,18.29,12202.97
2016-10-19,18.96,18.5,18.99,18.34,17688.36
2016-10-20,18.43,18.6,18.71,18.37,14745.4
2016-10-21,18.55,18.35,18.55,18.17,8323.77
2016-10-24,18.39,18.46,18.5,18.18,18089.57
2016-10-25,18.39,18.58,18.58,18.27,13099.09
2016-10-26,18.55,18.35,18.55,18.27,9015.07
2016-10-27,18.43,17.89,18.43,17.82,20559.44
2016-10-28,17.87,17.26,18.06,17.07,26924.65
2016-10-31,17.2,17.64,17.89,17.1,23919.95
2016-11-01,17.64,18.37,18.96,17.57,33899.14
2016-11-02,18.31,18.46,18.84,18.2,22326.14
2016-11-03,18.46,19.15,19.59,18.46,30809.5
2016-11-04,19.03,20.06,20.43,19.03,41011.71
2016-11-07,20.24,19.23,20.35,19.06,29477.43
2016-11-08,19.62,19.47,19.7,19.13,28346.5
2016-11-09,19.56,19.18,19.58,19.15,20370.48
2016-11-10,19.31,20.16,20.29,19.23,27605.58
2016-11-11,20.21,19.59,20.21,19.53,21449.64
2016-11-14,19.59,19.25,19.62,19.16,15907.31
2016-11-15,19.38,19.25,19.46,19.15,9886.55
2016-11-16,19.24,19.26,19.55,19.15,7839.38
2016-11-17,19.28,19.97,20.02,19.15,24445.48
2016-11-18,19.98,20.34,20.68,19.85,29836.05
2016-11-21,20.44,20.21,20.78,19.85,16071.53
2016-11-22,20.16,19.97,20.32,19.88,7859.79
2016-11-23,20.0,20.39,20.54,19.91,11759.71
2016-11-24,20.38,20.08,20.45,20.04,7020.94
2016-11-25,20.07,20.08,20.29,19.72,9181.4
2016-11-28,20.12,19.82,20.71,19.68,14630.46
2016-11-29,19.9,19.52,20.33,19.46,31582.08
2016-11-30,19.39,19.5,19.77,19.15,17226.55
2016-12-01,19.5,19.3,19.66,19.22,20565.92
2016-12-02,19.39,18.82,19.47,18.71,18556.59
2016-12-05,18.96,19.4,19.91,18.87,34980.43
2016-12-06,19.47,19.09,19.78,18.97,17851.98
2016-12-07,18.93,18.96,19.71,18.65,32319.41
2016-12-08,19.0,18.88,19.03,18.71,15008.49
2016-12-09,18.95,18.53,18.95,18.43,19948.93
2016-12-12,18.47,17.7,18.53,17.4,45998.62
2016-12-13,17.7,17.43,17.7,17.22,25926.21
2016-12-14,17.5,17.52,17.74,17.33,23210.81
2016-12-15,17.57,16.89,17.57,16.83,31446.04
2016-12-16,16.94,16.99,17.21,16.88,18806.94
2016-12-19,17.11,16.95,17.12,16.85,9709.1
2016-12-20,16.96,16.86,17.05,16.77,10460.46
2016-12-21,16.91,17.0,17.09,16.86,15269.61
2016-12-22,16.97,17.29,17.43,16.97,24308.17
2016-12-23,17.32,17.13,17.39,17.03,18746.16
2016-12-26,17.07,16.88,17.15,16.62,17161.46
2016-12-27,16.81,16.95,17.43,16.81,19402.26
2016-12-28,16.94,16.95,17.18,16.88,10525.65
2016-12-29,16.83,16.98,17.26,16.75,12417.71
2016-12-30,17.05,17.07,17.26,16.91,16459.82
2017-01-03,17.13,17.43,17.5,17.1,19492.98
2017-01-04,17.33,17.63,17.65,17.14,18209.8
2017-01-05,17.58,17.46,17.68,17.37,18152.65
2017-01-06,17.51,17.17,17.53,17.14,12730.14
2017-01-09,17.21,18.27,18.27,17.08,42117.22
2017-01-10,18.03,18.1,18.3,17.91,33373.01
2017-01-11,18.01,18.2,18.44,17.83,24631.32
2017-01-12,18.15,18.11,18.39,17.98,18124.84
2017-01-13,18.01,18.23,18.37,17.7,17347.84
2017-01-16,18.39,18.51,19.03,18.06,38101.66
2017-01-17,18.51,18.57,18.79,18.33,15650.16
2017-01-18,18.63,19.22,19.59,18.6,23535.63
2017-01-19,19.04,18.77,19.12,18.71,15690.9
2017-01-20,18.91,18.56,18.95,18.53,21584.55
2017-01-23,18.58,18.51,18.95,18.36,18999.08
2017-01-24,18.46,18.82,18.84,18.33,19731.67
2017-01-25,18.62,18.55,18.77,18.46,15178.75
2017-01-26,18.32,17.48,18.32,17.07,42819.92
2017-02-03,17.48,17.29,17.48,17.07,14879.87
2017-02-06,17.35,17.88,17.93,17.32,44008.74
2017-02-07,17.82,18.58,18.74,17.76,33590.32
2017-02-08,18.6,18.73,18.92,18.44,26133.44
2017-02-09,18.79,18.79,18.91,18.56,21424.82
2017-02-10,18.73,18.41,18.9,18.27,28288.48
2017-02-13,18.51,18.32,18.65,18.27,23176.72
2017-02-14,18.31,18.3,18.46,18.18,15750.72
2017-02-15,18.34,17.77,18.34,17.7,27115.79
2017-02-16,17.79,17.77,17.89,17.57,19831.55
2017-02-17,17.79,17.59,17.94,17.54,24321.56
2017-02-20,17.62,18.12,18.12,17.56,38771.19
2017-02-21,18.12,18.02,18.17,17.86,27311.64
2017-02-22,17.93,18.24,18.25,17.86,31304.11
2017-02-23,18.25,18.22,18.58,18.05,36596.51
2017-02-24,18.11,18.08,18.21,17.89,20735.94
2017-02-27,18.07,17.8,18.16,17.77,19806.62
2017-02-28,17.83,17.95,17.96,17.81,11411.16
2017-03-01,17.96,18.1,18.14,17.85,21806.46
2017-03-02,18.06,17.98,18.36,17.94,29171.61
2017-03-03,17.95,18.08,18.55,17.95,41942.74
2017-03-06,17.99,17.89,18.12,17.7,36470.84
2017-03-07,17.91,17.95,17.97,17.69,31152.2
2017-03-08,17.94,17.75,17.96,17.63,22221.9
2017-03-09,17.79,17.7,17.84,17.58,20209.18
2017-03-10,17.71,17.6,17.82,17.55,18174.51
2017-03-13,17.6,17.81,17.84,17.43,29148.55
2017-03-14,17.79,17.89,17.9,17.7,17280.29
2017-03-15,17.88,17.77,17.92,17.72,17125.21
2017-03-16,17.82,17.89,17.93,17.78,17112.37
2017-03-17,17.94,17.79,17.94,17.71,32773.66
2017-03-20,17.94,18.07,18.15,17.81,31667.54
2017-03-21,18.08,18.08,18.32,18.01,42019.65
2017-03-22,18.01,18.02,18.29,17.95,41170.22
2017-03-23,18.03,18.27,18.27,17.99,52982.82
2017-03-24,18.22,18.56,18.62,18.2,51004.41
2017-03-27,18.37,18.1,18.46,17.7,47873.58
2017-03-28,17.94,17.94,18.07,17.86,18154.63
2017-03-29,18.0,17.76,18.0,17.74,18068.65
2017-03-30,17.76,17.12,17.76,17.08,45964.63
2017-03-31,17.12,17.27,17.36,17.12,17512.12
2017-04-05,17.29,17.88,17.99,17.29,36591.19
2017-04-06,17.86,17.55,17.86,17.53,24177.64
2017-04-07,17.52,17.47,17.61,17.45,19361.91
2017-04-10,17.47,17.21,17.54,17.15,21934.36
2017-04-11,17.2,16.75,17.25,16.6,60243.1
2017-04-12,16.69,16.86,16.95,16.64,22071.97
2017-04-13,16.93,16.9,16.98,16.75,13282.75
2017-04-14,16.93,16.71,16.93,16.65,11003.0
2017-04-17,16.86,16.69,16.86,16.56,15920.5
2017-04-18,16.64,16.6,16.8,16.59,17653.84
2017-04-19,16.57,16.03,16.58,15.87,30880.92
2017-04-20,15.98,16.14,16.21,15.98,11825.96
2017-04-21,16.19,16.24,16.28,16.14,10215.87
2017-04-24,16.23,15.79,16.23,15.7,15269.18
2017-04-25,15.84,15.87,15.92,15.56,14152.35
2017-04-26,15.91,16.12,16.18,15.87,12147.57
2017-04-27,14.53,14.66,15.78,14.53,96829.89
2017-04-28,14.53,14.39,14.54,14.25,34830.3
2017-05-02,14.35,13.95,14.35,13.84,44624.77
2017-05-03,13.88,13.9,13.94,13.82,24747.93
2017-05-04,13.87,13.84,13.97,13.72,20840.82
2017-05-05,13.84,13.69,13.91,13.6,25601.89
2017-05-08,13.7,12.99,13.7,12.98,33253.88
2017-05-09,12.96,12.75,12.98,12.49,51232.32
2017-05-10,12.75,12.48,12.81,12.45,28337.2
2017-05-11,12.44,12.4,12.44,12.06,36965.1
2017-05-12,12.33,12.38,12.46,12.29,27367.42
2017-05-15,12.45,12.39,12.52,12.33,18221.63
2017-05-16,12.41,12.64,12.7,12.33,46657.63
2017-05-17,12.7,12.62,12.73,12.59,50187.31
2017-05-18,12.58,12.46,12.6,12.4,28517.44
2017-05-19,12.41,12.38,12.52,12.34,32800.76
2017-05-22,12.39,12.09,12.43,12.03,28384.46
2017-05-23,12.03,12.14,12.31,12.01,34005.02
2017-05-24,12.09,12.24,12.25,11.95,23005.04
2017-05-25,12.26,12.33,12.37,12.08,33011.71
2017-05-26,12.36,12.32,12.4,12.29,28907.17
2017-05-31,12.39,12.48,12.5,12.34,33941.2
2017-06-01,12.5,12.23,12.51,12.2,35042.56
2017-06-02,12.23,12.47,12.54,12.17,28052.15
2017-06-05,12.55,12.62,12.77,12.49,50538.85
2017-06-06,12.65,12.56,12.65,12.5,23099.74
2017-06-07,12.58,12.76,12.79,12.53,45767.19
2017-06-08,12.77,12.94,13.01,12.74,50528.23
2017-06-09,12.98,13.53,14.05,12.98,74802.31
2017-06-12,13.53,13.62,13.94,13.4,61810.88
2017-06-13,13.62,13.7,13.83,13.5,32856.46
2017-06-14,13.74,13.49,13.89,13.46,44871.65
2017-06-15,13.56,13.27,13.56,13.09,70219.86
2017-06-16,13.2,13.16,13.27,13.08,33294.33
2017-06-19,13.17,13.18,13.23,13.1,20596.89
2017-06-20,13.24,13.12,13.24,13.1,25625.41
2017-06-21,13.21,13.04,13.23,12.99,28206.77
2017-06-22,13.02,13.15,13.32,13.0,52834.66
2017-06-23,13.17,12.97,13.17,12.79,39963.15
2017-06-26,12.96,13.21,13.25,12.89,44349.57
2017-06-27,13.21,13.26,13.3,13.14,26893.79
2017-06-28,13.36,13.07,13.36,13.07,31914.72
2017-06-29,13.13,13.05,13.19,13.01,29860.62
2017-06-30,13.0,13.08,13.12,12.99,18215.52
2017-07-03,13.15,13.22,13.32,13.13,26388.89
2017-07-04,13.28,13.37,13.51,13.28,50418.87
2017-07-05,13.37,13.4,13.43,13.26,28791.95
2017-07-06,13.44,13.59,13.68,13.37,39986.12
2017-07-07,13.64,13.64,13.7,13.53,31944.81
2017-07-10,13.61,13.83,13.87,13.56,39365.53
2017-07-11,13.83,13.65,14.01,13.65,47256.11
2017-07-12,13.59,13.55,13.65,13.46,33351.17
2017-07-13,13.49,13.63,13.73,13.45,16558.16
2017-07-14,13.63,13.75,13.87,13.62,21330.74
2017-07-17,13.75,13.35,13.82,13.3,35733.02
2017-07-18,13.34,13.37,13.54,13.28,24706.52
2017-07-19,13.38,13.55,13.58,13.21,42085.29
2017-07-20,13.55,13.75,13.77,13.5,52022.75
2017-07-21,13.68,14.21,14.21,13.68,63918.15
2017-07-24,14.22,14.2,14.45,14.05,68999.19
2017-07-25,14.1,13.9,14.1,13.84,41088.66
2017-07-26,13.79,13.94,14.05,13.77,36853.35
2017-07-27,13.96,13.77,13.97,13.59,33733.9
2017-07-28,13.8,13.8,13.96,13.69,20309.32
2017-07-31,13.79,14.05,14.06,13.71,36204.98
2017-08-01,14.05,13.96,14.13,13.9,28558.58
2017-08-02,13.94,13.77,13.98,13.77,29132.94
2017-08-03,13.68,13.6,13.79,13.57,26204.77
2017-08-04,13.55,13.59,13.72,13.55,14921.62
2017-08-07,13.58,13.63,13.66,13.53,11538.43
2017-08-08,13.63,13.39,13.68,13.32,28506.13
2017-08-09,13.29,13.34,13.38,13.29,19683.72
2017-08-10,13.34,13.22,13.4,13.16,17951.13
2017-08-11,13.16,12.97,13.18,12.92,20231.0
2017-08-14,12.99,13.12,13.16,12.97,15122.47
2017-08-15,13.12,13.13,13.21,13.07,9275.39
2017-08-16,13.1,13.2,13.24,13.09,15330.17
2017-08-17,13.12,13.25,13.27,13.12,13437.85
2017-08-18,13.23,13.18,13.25,13.15,13078.93
2017-08-21,13.21,13.21,13.31,13.16,16576.79
2017-08-22,13.23,13.23,13.27,13.19,13807.76
2017-08-23,13.23,13.17,13.25,13.17,15159.07
2017-08-24,13.17,13.02,13.17,12.97,17090.96
2017-08-25,13.0,13.16,13.18,12.99,12341.67
2017-08-28,13.23,13.24,13.29,13.16,40852.99
2017-08-29,13.25,12.99,13.31,12.92,39539.28
2017-08-30,12.99,13.06,13.13,12.99,18042.0
2017-08-31,13.06,12.94,13.06,12.91,23156.13
2017-09-01,12.98,12.94,12.98,12.84,25815.76
2017-09-04,12.93,13.04,13.08,12.87,30639.53
2017-09-05,13.03,12.99,13.04,12.93,24210.71
2017-09-06,12.94,12.9,12.98,12.88,21124.66
2017-09-07,12.9,12.9,13.01,12.87,24030.29
2017-09-08,12.9,12.99,13.01,12.86,21800.71
2017-09-11,12.99,13.2,13.2,12.9,40080.66
2017-09-12,13.2,13.47,13.75,13.13,92905.46
2017-09-13,13.4,13.27,13.42,13.12,36500.89
2017-09-14,13.2,13.23,13.35,13.18,21049.13
2017-09-15,13.25,13.2,13.25,13.13,15447.19
2017-09-18,13.21,13.6,13.75,13.13,74317.21
2017-09-19,13.6,13.6,13.75,13.45,51066.08
2017-09-20,13.6,13.9,14.05,13.51,82805.06
2017-09-21,13.84,13.67,13.99,13.66,53635.78
2017-09-22,13.61,13.65,13.77,13.53,36130.4
2017-09-25,13.67,13.12,13.68,13.07,46485.13
2017-09-26,13.12,13.05,13.27,12.9,34514.29
2017-09-27,13.05,13.11,13.23,13.01,20894.51
2017-09-28,13.15,13.23,13.29,13.1,27755.06
2017-09-29,13.23,13.44,13.48,13.1,46467.98
2017-10-09,13.58,14.27,14.48,13.58,146912.61
2017-10-10,14.22,14.35,14.48,14.07,106104.98
2017-10-11,14.27,14.06,14.27,13.96,77864.48
2017-10-12,13.96,14.03,14.05,13.81,52692.94
2017-10-13,13.99,13.87,13.99,13.85,32065.9
2017-10-16,13.9,13.62,13.96,13.61,43303.08
2017-10-17,13.6,13.53,13.68,13.51,31706.4
2017-10-18,13.58,13.51,13.7,13.48,34111.71
2017-10-19,13.46,13.51,13.64,13.45,25608.1
2017-10-20,13.5,13.7,13.75,13.49,29367.43
2017-10-23,13.7,13.42,13.7,13.4,39771.97
2017-10-24,13.41,13.26,13.41,13.2,29809.27
2017-10-25,13.25,13.31,13.36,13.25,20861.68
2017-10-26,13.0,12.91,13.06,12.77,76565.72
2017-10-27,12.9,12.73,12.95,12.73,27451.13
2017-10-30,12.68,12.23,12.77,12.21,43986.97
2017-10-31,12.22,12.28,12.34,12.21,21058.31
2017-11-01,12.27,12.27,12.33,12.25,17777.61
2017-11-02,12.27,12.15,12.32,12.1,24952.34
2017-11-03,12.13,11.86,12.13,11.77,25977.85
2017-11-06,11.86,11.93,11.97,11.83,17445.8
2017-11-07,11.93,11.86,11.97,11.82,21819.08
2017-11-08,11.83,11.97,12.01,11.82,18756.35
2017-11-09,11.97,11.9,12.04,11.82,31288.41
2017-11-10,11.89,11.65,11.89,11.58,47515.48
2017-11-13,11.59,11.6,11.69,11.58,22958.89
2017-11-14,11.6,11.61,11.74,11.56,23484.8
2017-11-15,11.69,11.9,12.0,11.66,47655.86
2017-11-16,11.82,11.75,11.88,11.73,23724.09
2017-11-17,11.73,11.38,11.84,11.31,29091.83
2017-11-20,11.36,11.17,11.36,11.01,28330.18
2017-11-21,11.23,11.23,11.38,11.14,23148.2
2017-11-22,11.25,11.23,11.29,11.18,15658.31
2017-11-23,11.17,11.06,11.27,11.05,14854.0
2017-11-24,11.06,11.14,11.17,11.03,10978.65
2017-11-27,11.1,11.11,11.34,11.1,16263.0
2017-11-28,11.08,11.17,11.19,11.04,14520.71
2017-11-29,11.18,11.17,11.23,11.06,15047.71
2017-11-30,11.17,11.21,11.25,11.12,15933.67
2017-12-01,11.22,11.26,11.3,11.17,12192.01
2017-12-04,11.27,11.0,11.29,10.98,22083.17
2017-12-05,10.98,10.49,11.03,10.39,44130.41
2017-12-06,10.48,10.55,10.56,10.4,12785.06
2017-12-07,10.54,10.45,10.55,10.44,11617.0
2017-12-08,10.45,10.52,10.6,10.45,19999.98
2017-12-11,10.58,10.82,10.83,10.53,26398.91
2017-12-12,10.76,10.62,10.78,10.62,13382.32
2017-12-13,10.62,10.68,10.71,10.62,6940.46
2017-12-14,10.71,10.64,10.71,10.59,9396.01
2017-12-15,10.6,10.62,10.65,10.51,11853.9
2017-12-18,10.59,10.5,10.64,10.48,10581.0
2017-12-19,10.57,10.61,10.61,10.49,10259.79
2017-12-20,10.58,10.51,10.63,10.47,11014.19
2017-12-21,10.51,10.54,10.56,10.45,10439.82
2017-12-22,10.54,10.55,10.62,10.54,13629.81
2017-12-25,10.55,10.41,10.61,10.39,15092.66
2017-12-26,10.42,10.23,10.46,10.09,28782.95
2017-12-27,10.2,10.39,10.64,10.18,23367.58
2017-12-28,10.28,10.34,10.52,10.28,16841.01
2017-12-29,10.35,10.47,10.5,10.28,15581.45
2018-01-02,10.61,10.65,10.73,10.58,18687.54
2018-01-03,10.6,10.7,10.81,10.6,20500.17
2018-01-04,10.71,10.69,10.75,10.64,16063.28
2018-01-05,10.7,10.81,10.95,10.67,24897.5
2018-01-08,10.83,10.96,11.01,10.8,28716.9
2018-01-09,10.93,10.83,10.93,10.8,24728.92
2018-01-10,10.83,10.71,10.89,10.64,18870.67
2018-01-11,10.71,10.65,10.71,10.55,17614.01
2018-01-12,10.65,10.79,10.9,10.65,22112.46
2018-01-15,10.82,10.6,10.82,10.56,18746.0
2018-01-16,11.66,11.66,11.66,11.66,12973.71
2018-01-17,12.83,12.83,12.83,12.67,249736.96
2018-01-18,12.99,12.68,13.07,12.54,198718.27
2018-01-19,12.51,12.4,12.51,12.25,112239.95
2018-01-22,12.62,12.99,13.61,12.57,175547.53
2018-01-23,12.81,12.9,13.19,12.72,84504.97
2018-01-24,12.86,12.62,12.86,12.53,80554.47
2018-01-25,12.4,12.47,12.56,12.4,50496.95
2018-01-26,12.48,12.57,12.71,12.39,50752.24
2018-01-29,12.53,12.32,12.58,12.27,48351.51
2018-01-30,12.41,12.38,12.44,12.31,24963.53
2018-01-31,12.35,12.12,12.54,12.07,49839.68
2018-02-01,12.02,11.83,12.12,11.71,53647.5
2018-02-02,11.86,11.95,12.04,11.7,40911.41
2018-02-05,11.83,12.38,12.4,11.8,52183.02
2018-02-06,12.16,11.97,12.32,11.95,50938.07
2018-02-07,12.14,12.48,12.53,12.1,82601.29
2018-02-08,12.38,12.44,12.49,12.25,53662.6
2018-02-09,12.18,11.93,12.39,11.79,60178.91
2018-02-12,11.95,12.18,12.19,11.94,34782.29
2018-02-13,12.19,12.16,12.34,12.13,33806.71
2018-02-14,12.11,12.17,12.25,11.94,27171.49
2018-02-22,12.18,12.47,12.51,12.18,49474.72
2018-02-23,12.45,12.42,12.47,12.31,31646.41
2018-02-26,12.38,12.55,12.58,12.36,52614.28
2018-02-27,12.53,12.38,12.53,12.25,39203.27
2018-02-28,12.25,12.29,12.36,12.15,28117.41
2018-03-01,12.24,12.38,12.45,12.18,27367.65
2018-03-02,12.26,12.47,12.53,12.23,37347.6
2018-03-05,12.46,12.82,12.82,12.44,68934.82
2018-03-06,12.7,12.79,12.81,12.62,49112.53
2018-03-07,12.73,12.53,12.77,12.51,37375.1
2018-03-08,12.53,12.52,12.6,12.4,25082.28
2018-03-09,12.44,12.59,12.62,12.43,22563.72
2018-03-12,12.58,12.51,12.71,12.44,48881.11
2018-03-13,12.48,12.25,12.51,12.17,47424.3
2018-03-14,12.18,12.28,12.32,12.15,22772.6
2018-03-15,12.26,12.25,12.28,12.16,22959.07
2018-03-16,12.25,12.44,12.45,12.22,27016.41
2018-03-19,12.38,12.66,12.73,12.32,62835.63
2018-03-20,12.87,12.62,12.87,12.47,93040.62
2018-03-21,12.56,12.53,12.66,12.41,50782.53
2018-03-22,12.57,12.76,12.83,12.48,70961.07
2018-03-23,12.49,12.8,12.86,12.41,99286.48
2018-03-26,12.64,12.77,12.9,12.53,100634.01
2018-03-27,12.32,11.82,12.32,11.51,132293.62
2018-03-28,11.64,11.09,11.64,10.95,94529.06
2018-03-29,11.1,11.09,11.17,10.96,56554.75
2018-03-30,11.05,10.99,11.15,10.98,43717.02
2018-04-02,11.05,10.84,11.1,10.84,54938.0
2018-04-03,10.72,10.64,10.81,10.49,45823.03
2018-04-04,10.64,10.51,10.7,10.51,30633.73
2018-04-09,10.53,10.59,10.67,10.53,22965.12
2018-04-10,10.59,10.67,10.72,10.53,32591.69
2018-04-11,10.66,10.6,10.67,10.58,24491.0
2018-04-12,10.59,10.38,10.6,10.34,42774.17
2018-04-13,10.41,10.34,10.47,10.33,24242.0
2018-04-16,10.38,9.98,10.38,9.95,39617.9
2018-04-17,9.99,9.79,10.11,9.72,27766.32
2018-04-18,9.87,9.95,9.98,9.7,33139.59
2018-04-19,9.95,10.17,10.19,9.89,36266.3
2018-04-20,10.14,10.07,10.2,10.06,21851.18
2018-04-23,10.05,10.11,10.13,10.0,16741.82
2018-04-24,10.19,10.31,10.35,10.11,25321.85
2018-04-25,10.26,10.55,10.6,10.23,39336.09
2018-04-26,10.49,10.25,10.49,10.25,20072.0
2018-04-27,10.26,10.17,10.4,10.14,14135.83
2018-05-02,10.18,9.89,10.23,9.85,26953.2
2018-05-03,9.89,9.96,9.99,9.8,10690.0
2018-05-04,9.97,9.93,10.02,9.92,8448.0
2018-05-07,9.93,10.09,10.15,9.93,12110.17
2018-05-08,10.11,10.1,10.16,10.06,13495.33
2018-05-09,10.1,10.0,10.1,9.99,10533.0
2018-05-10,10.0,10.0,10.04,9.96,8881.51
2018-05-11,10.03,10.05,10.09,9.98,12174.21
2018-05-14,10.06,10.0,10.06,9.97,10283.09
2018-05-15,10.0,10.03,10.09,10.0,11575.23
2018-05-16,9.98,9.92,10.03,9.92,10056.0
2018-05-17,9.95,9.95,9.97,9.92,7397.0
2018-05-18,9.95,9.98,10.01,9.91,8980.0
2018-05-21,10.0,10.1,10.2,10.0,24305.11
2018-05-22,10.09,10.05,10.09,10.0,11764.27
2018-05-23,10.06,10.0,10.14,10.0,16616.0
2018-05-24,9.95,9.93,10.01,9.92,9100.4
2018-05-25,9.93,9.73,9.96,9.73,18607.0
2018-05-28,9.72,9.61,9.83,9.58,14205.15
2018-05-29,9.63,9.6,9.67,9.59,8689.0
2018-05-30,9.58,9.33,9.58,9.25,19071.87
2018-05-31,9.37,9.64,9.69,9.3,19732.59
2018-06-01,9.58,9.58,9.67,9.54,7785.46
2018-06-04,9.61,9.61,9.67,9.58,5880.0
2018-06-05,9.64,9.66,9.67,9.6,8641.01
2018-06-06,9.72,10.03,10.06,9.67,40681.01
2018-06-07,9.98,9.95,10.08,9.91,13833.0
2018-06-08,9.97,9.88,10.0,9.82,10203.0
2018-06-11,9.82,9.83,9.97,9.79,11694.23
2018-06-12,9.83,10.03,10.05,9.81,22236.05
2018-06-13,10.05,9.86,10.05,9.84,11741.34
2018-06-14,9.8,9.91,9.95,9.8,12105.78
2018-06-15,9.91,9.61,9.94,9.44,20677.17
2018-06-19,9.34,8.92,9.62,8.8,20336.6
2018-06-20,8.92,9.0,9.05,8.88,13650.09
2018-06-21,9.0,8.74,9.09,8.72,15071.43
2018-06-22,8.69,8.8,8.88,8.63,8650.22
2018-06-25,8.87,8.72,8.89,8.69,7037.19
2018-06-26,8.66,8.74,8.8,8.55,13902.76
2018-06-27,8.75,8.79,8.88,8.72,10629.65
2018-06-28,8.79,8.77,8.86,8.69,9325.0
2018-06-29,8.73,8.92,8.94,8.73,11180.0
2018-07-02,8.92,8.75,9.02,8.71,9862.0
2018-07-03,8.78,8.83,8.84,8.62,9203.6
2018-07-04,8.82,8.75,8.84,8.73,8033.09
2018-07-05,8.83,8.6,8.83,8.6,7392.65
2018-07-06,8.6,8.49,8.75,8.25,11734.0
2018-07-09,8.5,8.6,8.63,8.33,5542.6
2018-07-10,8.66,8.63,8.68,8.58,7017.11
2018-07-11,8.57,8.47,8.65,8.4,7313.01
2018-07-12,8.47,8.69,8.72,8.41,12203.97
2018-07-13,8.69,8.69,8.76,8.64,7759.27
2018-07-16,8.62,8.75,8.82,8.55,11753.54
2018-07-17,8.74,8.79,8.79,8.64,4758.0
2018-07-18,8.83,8.91,8.98,8.8,12551.82
2018-07-19,8.91,8.78,8.93,8.75,6554.0
2018-07-20,8.81,8.88,8.91,8.73,6978.82
2018-07-23,8.96,9.06,9.06,8.9,16698.47
2018-07-24,9.06,9.09,9.23,8.93,20194.77
2018-07-25,9.09,9.18,9.24,9.03,11809.04
2018-07-26,9.11,9.03,9.13,9.0,12546.36
2018-07-27,9.03,9.04,9.12,9.0,7879.98
2018-07-30,9.12,8.96,9.12,8.86,6942.98
2018-07-31,8.96,8.96,9.03,8.9,4672.0
2018-08-01,8.99,8.89,9.03,8.87,6828.05
2018-08-02,8.87,8.74,8.9,8.51,15327.31
2018-08-03,8.68,8.61,8.77,8.61,8450.98
2018-08-06,8.68,8.4,8.68,8.33,10834.01
2018-08-07,8.43,8.53,8.55,8.34,4987.31
2018-08-08,8.55,8.42,8.55,8.4,5796.98
2018-08-09,8.42,8.53,8.61,8.38,8661.67
2018-08-10,8.5,8.53,8.57,8.47,5067.01
2018-08-13,8.47,8.54,8.58,8.4,4345.86
2018-08-14,8.53,8.52,8.59,8.48,3022.0
2018-08-15,8.55,8.4,8.56,8.4,3490.98
2018-08-16,8.47,8.32,8.47,8.28,7130.77
2018-08-17,8.37,8.1,8.46,8.1,8440.0
2018-08-20,8.1,8.11,8.19,8.02,6175.99
2018-08-21,8.1,8.24,8.28,8.07,7525.99
2018-08-22,8.17,8.45,8.84,8.17,15217.02
2018-08-23,8.46,8.47,8.48,8.37,10093.1
2018-08-24,8.43,8.53,8.56,8.4,9437.01
2018-08-27,8.53,8.6,8.66,8.52,8892.82
2018-08-28,8.65,8.69,8.75,8.6,9305.44
2018-08-29,8.6,8.64,8.73,8.6,6499.97
2018-08-30,8.61,8.68,8.77,8.61,9536.59
2018-08-31,8.63,8.61,8.71,8.56,7888.49
2018-09-03,8.56,8.61,8.65,8.47,7701.0
2018-09-04,8.61,8.71,8.78,8.61,10006.0
2018-09-05,8.75,8.65,8.77,8.65,6724.0
2018-09-06,8.65,8.6,8.77,8.57,6712.0
2018-09-07,8.62,8.5,8.71,8.48,8100.0
2018-09-10,8.52,8.29,8.56,8.21,10853.6
2018-09-11,8.19,8.18,8.31,8.1,11384.0
2018-09-12,8.16,8.19,8.22,8.11,3700.02
2018-09-13,8.19,8.46,8.47,8.19,12328.97
2018-09-14,8.51,8.4,8.68,8.37,11070.0
2018-09-17,8.37,8.28,8.47,8.24,6905.92
2018-09-18,8.26,8.4,8.4,8.26,6866.94
2018-09-19,8.4,8.44,8.5,8.35,7884.0
2018-09-20,8.46,8.37,8.51,8.36,3942.0
2018-09-21,8.38,8.67,8.7,8.37,18547.78
2018-09-25,8.62,8.79,8.82,8.6,24474.86
2018-09-26,8.8,8.71,8.8,8.67,11129.0
2018-09-27,8.72,8.56,8.72,8.53,9001.78
2018-09-28,8.57,8.6,8.65,8.56,4755.66
2018-10-08,8.56,8.36,8.56,8.35,8908.44
2018-10-09,8.47,8.37,8.47,8.34,4716.0
2018-10-10,8.38,8.41,8.47,8.09,6895.49
2018-10-11,8.29,7.86,8.3,7.75,12966.52
2018-10-12,7.82,7.67,7.92,7.47,10827.02
2018-10-15,7.42,7.46,7.64,7.42,11671.86
2018-10-16,7.47,7.16,7.51,7.06,13427.91
2018-10-17,7.16,7.21,7.25,7.11,5663.79
2018-10-18,7.2,7.05,7.2,7.01,6400.42
2018-10-19,6.96,7.26,7.28,6.9,9179.01
2018-10-22,7.28,7.57,7.68,7.27,12232.93
2018-10-23,7.56,7.45,7.63,7.41,6409.75
2018-10-24,7.45,7.47,7.5,7.36,12964.84
2018-10-25,7.34,7.75,7.79,7.22,19437.27
2018-10-26,7.84,7.69,7.88,7.6,12616.19
2018-10-29,7.66,7.6,7.69,7.53,4947.48
2018-10-30,7.6,7.62,7.69,7.53,5383.97
2018-10-31,7.63,7.76,7.79,7.61,7011.3
2018-11-01,7.77,7.95,8.0,7.73,13600.52
2018-11-02,7.95,8.13,8.24,7.91,22511.09
2018-11-05,8.09,8.01,8.19,8.0,7808.91
2018-11-06,8.0,8.06,8.1,7.85,16039.23
2018-11-07,8.0,7.92,8.06,7.91,5089.3
2018-11-08,7.92,7.92,8.03,7.78,14277.92
2018-11-09,7.88,7.75,7.91,7.75,5290.98
2018-11-12,7.7,7.97,8.05,7.7,19248.79
2018-11-13,7.97,8.07,8.17,7.89,9794.01
2018-11-14,8.11,8.02,8.13,8.0,8555.29
2018-11-15,7.97,8.14,8.2,7.96,15365.89
2018-11-16,8.15,8.12,8.21,8.06,9727.37
2018-11-19,8.16,8.15,8.22,8.11,11592.87
2018-11-20,8.11,7.93,8.11,7.78,13634.11
2018-11-21,7.81,7.97,7.98,7.8,6710.0
2018-11-22,7.97,8.0,8.08,7.89,8687.1
2018-11-23,7.99,7.69,7.99,7.68,8344.48
2018-11-26,7.69,7.8,7.87,7.64,6809.76
2018-11-27,7.87,7.85,7.88,7.77,6024.1
2018-11-28,7.85,7.83,7.88,7.76,3773.11
2018-11-29,7.92,7.71,7.93,7.69,5174.8
2018-11-30,7.69,7.72,7.77,7.68,3778.0
2018-12-03,7.83,7.89,8.0,7.83,10003.35
2018-12-04,7.89,8.16,8.21,7.87,32103.62
2018-12-05,8.09,8.4,8.42,7.97,47437.97
2018-12-06,8.31,8.4,8.46,8.25,24689.45
2018-12-07,8.47,8.63,8.68,8.25,33868.79
2018-12-10,8.55,8.64,8.68,8.37,29609.38
2018-12-11,8.59,8.64,8.68,8.55,11745.45
2018-12-12,8.67,9.03,9.24,8.65,34794.7
2018-12-13,9.14,8.93,9.15,8.79,29464.8
2018-12-14,8.9,9.06,9.18,8.9,31158.1
2018-12-17,9.04,9.11,9.38,8.7,46016.24
2018-12-18,8.99,8.83,9.1,8.78,39566.0
2018-12-19,8.81,8.84,8.99,8.64,25695.0
2018-12-20,8.84,9.04,9.05,8.83,23335.63
2018-12-21,8.96,8.97,9.24,8.93,23797.78
2018-12-24,9.19,9.64,9.81,9.06,49079.72
2018-12-25,9.62,9.95,10.17,9.44,56714.24
2018-12-26,9.95,9.61,10.14,9.6,36269.91
2018-12-27,9.83,9.83,10.02,9.53,44515.61
2018-12-28,9.75,9.65,10.05,9.61,26528.8
2019-01-02,9.68,9.65,9.93,9.58,23836.42
2019-01-03,9.65,9.33,9.74,9.23,54585.62
2019-01-04,9.32,9.93,10.08,9.32,77247.12
2019-01-07,10.05,10.92,10.92,9.85,89633.47
2019-01-08,10.88,11.2,11.47,10.67,91442.23
2019-01-09,11.35,11.95,12.18,11.35,113270.25
2019-01-10,11.51,11.36,12.1,11.2,57213.98
2019-01-11,11.61,11.1,11.72,10.95,41054.43
2019-01-14,11.17,10.97,11.2,10.86,34231.9
2019-01-15,10.9,11.13,11.34,10.9,28062.91
2019-01-16,11.12,11.4,11.78,11.01,36613.88
2019-01-17,11.42,11.2,11.5,10.96,29988.47
2019-01-18,10.98,11.26,11.26,10.68,38772.01
2019-01-21,11.13,10.98,11.13,10.88,26856.6
2019-01-22,11.01,10.89,11.04,10.67,14373.38
2019-01-23,10.97,11.35,11.86,10.82,68492.58
2019-01-24,11.5,11.32,11.54,11.02,38110.93
2019-01-25,11.24,11.45,11.46,11.16,17689.34
2019-01-28,11.45,11.4,11.73,11.2,24649.88
2019-01-29,11.42,11.45,11.46,11.22,11500.0
2019-01-30,11.45,11.86,11.9,11.24,39048.62
2019-01-31,11.91,11.79,11.91,11.35,26678.0
2019-02-01,11.63,11.7,11.91,11.42,30307.21
2019-02-11,11.65,12.32,12.32,11.5,51022.26
2019-02-12,12.32,12.63,12.92,12.22,36045.02
2019-02-13,12.54,12.71,12.81,12.17,32564.86
2019-02-14,12.48,12.41,12.55,12.36,36761.65
2019-02-15,12.3,12.46,12.59,12.23,20888.22
2019-02-18,12.5,12.47,12.58,12.35,26185.0
2019-02-19,12.47,12.41,12.47,12.14,39338.79
2019-02-20,12.11,12.38,12.58,12.08,22306.0
2019-02-21,12.31,12.6,12.71,12.23,31877.01
2019-02-22,12.52,13.35,13.53,12.52,47050.06
2019-02-25,13.34,13.81,13.84,13.16,47412.03
2019-02-26,13.64,13.97,14.18,13.39,42165.24
2019-02-27,14.15,13.99,14.3,13.09,43167.96
2019-02-28,13.93,13.97,14.21,13.32,48343.9
2019-03-01,13.88,15.28,15.3,12.91,92056.87
2019-03-04,14.94,15.05,15.89,14.81,73820.67
2019-03-05,15.02,15.49,15.8,14.91,44683.6
2019-03-06,15.37,15.89,16.07,15.21,37276.96
2019-03-07,15.83,16.15,16.17,15.55,24798.95
2019-03-08,15.9,16.17,16.42,15.2,45296.68
2019-03-11,15.98,16.18,16.66,14.89,67222.79
2019-03-12,16.1,15.73,16.11,15.6,46611.1
2019-03-13,15.73,15.57,16.02,15.49,24423.82
2019-03-14,15.48,15.23,15.62,15.1,16146.63
2019-03-15,15.27,15.7,15.86,15.27,14578.02
2019-03-18,15.7,16.42,16.61,15.57,24661.45
2019-03-19,16.42,16.03,16.5,15.87,26397.76
2019-03-20,16.05,15.86,16.26,15.62,13264.51
2019-03-21,15.85,16.05,16.33,15.77,14479.24
2019-03-22,16.05,17.06,17.1,15.98,38283.15
2019-03-25,16.61,16.57,17.06,16.32,21615.55
2019-03-26,16.57,16.35,16.71,16.08,16322.01
2019-03-27,16.35,16.25,16.49,16.04,10168.69
2019-03-28,16.04,16.17,16.56,16.02,13649.69
2019-03-29,16.17,17.17,17.29,16.14,25922.79
2019-04-01,17.11,17.91,18.07,16.89,35236.11
2019-04-02,17.85,18.99,19.31,17.63,51641.77
2019-04-03,19.03,19.56,19.92,18.55,33512.34
2019-04-04,19.64,20.18,20.27,19.06,44173.55
2019-04-08,20.18,21.26,21.28,19.52,49509.92
2019-04-09,21.17,22.23,22.88,20.8,48706.36
2019-04-10,21.86,23.05,23.15,21.2,41313.3
2019-04-11,22.97,24.21,24.66,22.72,45190.02
2019-04-12,24.34,23.49,25.33,23.07,59736.59
2019-04-15,22.22,21.14,22.32,21.14,63192.34
2019-04-16,20.65,21.3,21.98,19.27,80448.34
2019-04-17,20.75,21.98,22.2,20.05,66742.26
2019-04-18,21.81,20.8,22.11,20.8,49193.07
2019-04-19,21.04,20.85,21.09,20.06,34069.92
2019-04-22,20.65,20.27,21.05,20.07,57141.0
2019-04-23,20.33,20.39,20.8,20.03,47239.92
2019-04-24,20.09,21.41,21.43,20.09,69160.11
2019-04-25,21.07,20.68,21.47,20.52,43415.53
2019-04-26,20.8,20.5,20.97,19.46,34500.66
2019-04-29,20.31,19.74,20.66,19.71,20463.69
2019-04-30,19.73,20.32,20.39,19.03,24312.22
2019-05-06,19.96,18.28,19.96,18.28,60786.53
2019-05-07,18.08,19.16,19.18,17.71,39750.67
2019-05-08,18.9,19.99,20.11,18.53,42610.24
2019-05-09,19.67,19.38,19.96,18.94,25043.03
2019-05-10,19.38,19.22,19.65,18.26,20961.57
2019-05-13,19.14,19.26,19.51,18.69,30152.34
2019-05-14,19.25,18.81,19.29,18.78,17152.12
2019-05-15,19.09,18.99,19.32,18.74,17608.67
2019-05-16,19.22,18.85,19.22,18.5,15705.56
2019-05-17,18.9,18.66,18.95,17.97,22262.24
2019-05-20,18.31,18.94,19.03,17.1,33393.73
2019-05-21,18.74,19.89,19.9,18.69,24929.61
2019-05-22,19.89,19.85,19.91,19.4,15100.21
2019-05-23,19.76,19.29,19.93,18.29,25378.0
2019-05-24,19.14,19.27,19.44,18.46,27355.64
2019-05-27,19.24,19.5,19.73,18.61,17914.95
2019-05-28,19.52,20.91,21.4,19.29,35186.18
2019-05-29,20.8,20.91,21.14,20.58,27057.28
2019-05-30,20.86,20.9,21.23,19.82,46115.33
2019-05-31,20.8,21.11,21.56,20.37,45698.36
2019-06-03,21.03,20.3,21.18,20.21,29513.96
2019-06-04,20.33,19.13,20.33,18.78,29546.74
2019-06-05,18.91,17.93,19.18,17.79,43923.67
2019-06-06,17.4,17.63,17.97,16.72,33708.85
2019-06-10,17.44,17.44,17.93,17.4,17654.88
2019-06-11,17.93,17.93,18.04,17.35,36206.77
2019-06-12,17.64,17.02,17.69,16.55,34938.21
2019-06-13,16.66,16.78,17.25,16.4,34112.62
2019-06-14,16.76,16.64,17.3,15.53,54340.54
2019-06-17,16.26,15.3,16.29,15.3,41015.09
2019-06-18,15.42,15.21,15.75,15.21,39370.94
2019-06-19,15.45,15.08,15.64,15.08,24160.96
2019-06-20,15.12,15.43,15.7,15.02,37340.42
2019-06-21,15.34,15.11,15.56,14.9,57927.43
2019-06-24,15.18,15.26,15.3,15.0,42103.01
2019-06-25,15.22,14.84,15.29,14.54,29869.24
2019-06-26,14.96,14.56,14.96,14.52,31638.24
2019-06-27,14.62,14.57,14.77,14.37,46383.83
2019-06-28,14.57,14.67,14.75,14.42,31163.94
2019-07-01,14.61,14.69,14.94,14.61,41770.96
2019-07-02,14.83,15.11,15.42,14.71,69232.78
2019-07-03,15.11,14.65,15.19,14.59,32955.64
2019-07-04,14.76,14.34,14.84,14.07,37830.53
2019-07-05,14.21,14.83,15.1,14.19,47359.24
2019-07-08,14.83,13.56,14.83,13.34,62884.19
2019-07-09,13.59,14.91,14.91,13.56,79191.86
2019-07-10,15.27,14.4,15.49,14.26,79824.6
2019-07-11,14.49,14.14,14.56,13.81,47367.55
2019-07-12,14.17,14.14,14.59,14.09,29425.51
2019-07-15,13.72,14.47,14.6,13.37,41261.81
2019-07-16,14.58,14.0,14.58,13.95,32375.59
2019-07-17,13.87,14.15,14.21,13.75,33527.46
2019-07-18,13.91,13.4,13.95,13.4,35793.6
2019-07-19,13.36,13.44,13.57,13.33,23512.93
2019-07-22,13.43,13.26,13.58,12.7,29129.9
2019-07-23,13.14,13.76,13.87,12.99,44192.74
2019-07-24,13.71,13.61,13.93,13.54,38265.71
2019-07-25,13.64,13.7,13.92,13.28,28863.17
2019-07-26,13.84,13.57,13.87,13.51,35168.82
2019-07-29,13.65,13.39,13.66,13.26,19162.31
2019-07-30,13.42,13.42,13.64,13.33,17669.46
2019-07-31,13.43,13.04,13.48,13.01,19641.18
2019-08-01,13.08,12.98,13.24,12.92,19552.11
2019-08-02,12.62,12.51,12.72,12.05,35660.62
2019-08-05,12.51,12.57,12.85,12.32,27291.85
2019-08-06,12.23,11.81,12.31,11.68,26967.03
2019-08-07,11.88,11.95,12.08,11.67,17876.48
2019-08-08,11.99,12.01,12.26,11.96,13203.74
2019-08-09,12.02,11.85,12.34,11.83,12986.43
2019-08-12,11.89,12.0,12.11,11.83,20144.0
2019-08-13,11.86,11.67,12.04,11.53,19414.27
2019-08-14,11.72,11.91,12.06,11.72,19417.82
2019-08-15,11.67,11.79,11.84,11.39,18971.47
2019-08-16,11.79,11.73,11.92,11.7,14717.45
2019-08-19,11.86,11.94,12.01,11.76,20036.45
2019-08-20,12.07,11.75,12.08,11.68,19854.48
2019-08-21,11.73,11.6,11.78,11.54,21784.67
2019-08-22,11.67,11.67,11.79,11.46,18203.08
2019-08-23,11.73,11.47,11.73,11.46,16748.0
2019-08-26,11.34,11.39,11.61,11.18,25079.71
2019-08-27,11.4,11.62,11.67,11.29,41095.29
2019-08-28,11.75,12.1,12.57,11.75,97465.9
2019-08-29,12.07,11.43,12.07,11.43,65588.94
2019-08-30,11.48,10.76,11.52,10.75,73114.93
2019-09-02,10.69,11.52,11.81,10.69,91138.33
2019-09-03,11.52,11.21,11.57,11.07,63217.44
2019-09-04,11.21,11.22,11.32,11.05,34321.84
2019-09-05,11.26,11.39,11.57,11.23,44150.3
2019-09-06,11.54,12.53,12.53,11.54,97092.9
2019-09-09,13.03,12.95,13.16,12.44,128679.35
2019-09-10,13.01,12.64,13.03,12.57,70331.54
2019-09-11,12.71,12.66,12.77,12.51,53916.37
2019-09-12,12.77,12.56,12.83,12.39,37451.65
2019-09-16,12.73,12.84,13.32,12.62,65530.06
2019-09-17,12.78,12.76,13.01,12.54,41321.16
2019-09-18,12.76,13.84,14.04,12.61,118276.06
2019-09-19,13.84,13.67,13.85,13.42,60287.39
2019-09-20,13.72,13.88,14.0,13.58,56895.02
2019-09-23,13.69,13.72,13.91,13.19,48512.61
2019-09-24,13.72,14.11,14.11,13.5,59238.56
2019-09-25,14.14,13.57,14.4,13.56,58157.55
2019-09-26,13.61,13.18,13.75,12.89,52793.58
2019-09-27,13.33,12.81,13.33,12.67,45180.49
2019-09-30,12.94,12.31,12.94,12.28,29108.32
2019-10-08,12.48,12.1,12.48,11.82,44657.43
2019-10-09,12.1,11.92,12.1,11.67,36973.18
2019-10-10,11.95,11.9,12.02,11.7,39156.0
2019-10-11,11.9,11.73,11.94,11.62,34323.76
2019-10-14,11.79,12.09,12.1,11.79,41516.35
2019-10-15,12.09,11.75,12.09,11.71,31745.72
2019-10-16,11.75,11.48,11.88,11.45,26246.34
2019-10-17,11.58,11.57,11.66,11.4,22195.32
2019-10-18,11.46,11.16,11.57,11.13,29046.68
2019-10-21,11.17,11.18,11.2,10.92,13914.16
2019-10-22,11.22,11.32,11.47,11.07,27184.7
2019-10-23,11.48,11.58,11.95,11.48,42710.94
2019-10-24,11.53,11.76,11.9,11.44,37322.67
2019-10-25,11.82,11.72,11.82,11.51,24242.67
2019-10-28,11.7,11.79,11.82,11.6,21485.2
2019-10-29,11.81,11.52,11.81,11.5,20746.65
2019-10-30,11.48,11.47,11.61,11.28,25173.9
2019-10-31,11.46,11.48,11.62,11.32,24486.19
2019-11-01,11.55,11.71,11.75,11.38,33955.4
2019-11-04,11.62,11.15,11.7,11.04,64759.88
2019-11-05,11.21,10.95,11.21,10.79,50613.27
2019-11-06,11.01,10.79,11.23,10.66,64925.59
2019-11-07,10.77,11.18,11.42,10.75,57568.98
2019-11-08,11.29,11.6,11.84,11.18,65918.4
2019-11-11,11.53,11.42,11.67,11.33,29621.59
2019-11-12,11.58,11.33,11.63,11.23,38749.33
2019-11-13,11.4,11.17,11.48,11.05,30563.17
2019-11-14,11.34,11.09,11.34,10.99,35811.92
2019-11-15,11.13,10.87,11.13,10.84,31160.07
2019-11-18,10.87,11.02,11.1,10.81,21390.4
2019-11-19,11.0,11.14,11.15,10.89,21531.16
2019-11-20,11.15,10.85,11.17,10.84,26926.15
2019-11-21,10.76,10.73,10.91,10.63,28775.09
2019-11-22,10.76,10.53,10.82,10.5,29341.41
2019-11-25,10.53,10.7,10.72,10.1,37352.98
2019-11-26,10.68,10.62,10.78,10.54,19719.92
2019-11-27,10.55,10.66,10.69,10.43,27116.18
2019-11-28,10.61,10.91,11.01,10.61,39487.09
2019-11-29,10.92,10.79,10.94,10.69,26645.64
2019-12-02,10.78,10.8,11.03,10.65,35038.96
2019-12-03,10.78,10.91,10.91,10.54,37186.49
2019-12-04,10.85,10.7,11.1,10.66,46445.44
2019-12-05,10.76,10.69,10.76,10.63,28756.97
2019-12-06,10.69,10.7,10.82,10.55,30156.32
2019-12-09,10.69,10.47,10.69,10.38,55761.92
2019-12-10,10.44,10.35,10.46,10.28,30602.27
2019-12-11,10.34,10.69,10.75,10.34,61234.06
2019-12-12,10.61,10.99,11.05,10.51,89116.14
2019-12-13,10.95,10.69,10.95,10.57,93704.98
2019-12-16,10.7,10.69,10.78,10.48,68214.86
2019-12-17,10.67,10.82,10.91,10.6,93044.13
2019-12-18,10.8,11.03,11.16,10.76,105768.68
2019-12-19,11.1,11.01,11.2,10.88,61345.06
2019-12-20,11.02,10.95,11.16,10.93,57024.36
2019-12-23,10.9,10.5,10.91,10.48,74858.93
2019-12-24,10.53,10.54,10.57,10.42,47596.17
2019-12-25,10.56,10.61,10.7,10.5,46893.55
2019-12-26,10.6,10.59,10.65,10.43,55281.01
2019-12-27,10.54,10.44,10.59,10.44,55209.06
2019-12-30,10.39,10.52,10.54,10.24,55600.9
2019-12-31,10.52,10.46,10.64,10.4,51754.74
2020-01-02,10.51,10.88,10.95,10.51,115281.88
2020-01-03,10.98,10.77,10.99,10.73,58656.94
2020-01-06,10.76,10.8,10.91,10.67,59440.37
2020-01-07,10.82,10.98,11.06,10.82,73831.68
2020-01-08,10.97,10.82,11.12,10.8,87106.86
2020-01-09,10.88,11.0,11.18,10.88,82913.68
2020-01-10,11.05,10.94,11.18,10.9,49512.32
2020-01-13,10.99,11.24,11.26,10.95,144881.0
2020-01-14,11.41,11.68,12.04,11.24,196055.34
2020-01-15,11.72,11.6,11.79,11.48,91129.22
2020-01-16,11.57,11.55,11.71,11.48,68775.32
2020-01-17,11.59,11.7,11.78,11.38,86981.75
2020-01-20,11.79,11.97,12.17,11.71,103129.08
2020-01-21,11.82,11.3,11.82,11.28,116405.07
2020-01-22,11.2,11.0,11.2,10.7,97050.45
2020-01-23,10.86,10.53,10.95,10.44,84142.35
2020-02-03,9.47,9.47,9.47,9.47,8207.0
2020-02-04,8.53,9.25,9.26,8.53,114085.31
2020-02-05,9.26,9.19,9.62,9.13,102413.55
2020-02-06,9.19,9.24,9.35,9.04,85417.06
2020-02-07,9.15,9.16,9.39,9.03,72548.56
2020-02-10,9.26,9.53,9.6,9.25,102405.07
2020-02-11,9.47,9.35,9.5,9.32,80793.57
2020-02-12,9.36,9.41,9.41,9.25,68169.93
2020-02-13,9.4,9.25,9.44,9.19,80390.0
2020-02-14,9.21,9.11,9.22,9.04,74372.0
2020-02-17,9.13,9.77,9.81,9.13,142584.29
2020-02-18,9.76,9.86,9.97,9.63,102452.95
2020-02-19,9.88,9.91,10.1,9.88,83721.01
2020-02-20,9.94,10.19,10.26,9.87,93291.17
2020-02-21,10.19,10.36,10.53,10.19,102287.65
2020-02-24,10.35,10.66,10.69,10.16,107297.65
2020-02-25,10.36,10.79,11.2,10.02,163694.3
2020-02-26,10.53,10.36,10.75,10.32,110997.54
2020-02-27,10.47,10.21,10.47,10.16,83903.59
2020-02-28,9.88,9.51,9.98,9.47,101029.88
2020-03-02,9.54,9.94,9.99,9.54,80591.22
2020-03-03,10.12,10.04,10.26,9.91,74432.91
2020-03-04,9.89,9.96,10.1,9.8,62823.27
2020-03-05,10.08,10.14,10.18,10.02,70036.22
2020-03-06,10.01,10.1,10.19,9.94,48373.91
2020-03-09,9.97,9.72,9.97,9.67,81758.84
2020-03-10,9.54,9.85,9.89,9.47,69431.29
2020-03-11,9.85,9.85,10.07,9.83,54618.53
2020-03-12,9.7,9.7,9.77,9.5,59043.38
2020-03-13,9.29,9.44,9.54,9.03,69215.46
2020-03-16,9.47,9.29,9.78,9.25,81007.18
2020-03-17,9.37,9.08,9.44,8.79,63709.1
2020-03-18,9.16,8.84,9.22,8.84,61639.16
2020-03-19,8.82,8.75,8.97,8.57,52843.55
2020-03-20,8.85,8.85,8.91,8.71,26983.02
2020-03-23,8.69,8.52,8.82,8.5,44279.14
2020-03-24,8.64,9.03,9.1,8.62,61313.74
2020-03-25,9.22,9.63,9.68,9.22,87825.46
2020-03-26,9.5,9.47,9.66,9.4,59648.94
2020-03-27,9.6,9.25,9.63,9.25,49708.97
2020-03-30,9.12,8.99,9.19,8.91,48716.53
2020-03-31,9.09,8.88,9.21,8.87,43749.56
2020-04-01,8.94,8.75,9.13,8.72,57030.47
2020-04-02,8.72,8.91,8.91,8.6,36835.03
2020-04-03,9.33,9.15,9.38,9.12,93375.91
2020-04-07,9.25,9.53,9.62,9.19,80617.7
2020-04-08,9.51,9.38,9.51,9.32,38517.61
2020-04-09,9.42,9.36,9.5,9.34,38729.04
2020-04-10,9.41,9.13,9.45,9.1,44313.79
2020-04-13,9.13,9.33,9.54,8.96,56403.86
2020-04-14,9.23,9.35,9.37,9.16,38654.91
2020-04-15,9.35,9.29,9.5,9.25,44441.76
2020-04-16,9.21,9.37,9.39,9.16,37835.69
2020-04-17,9.37,9.33,9.44,9.29,34472.8
2020-04-20,9.33,9.28,9.33,9.19,27281.34
2020-04-21,9.22,9.02,9.22,8.94,42688.89
2020-04-22,8.93,9.1,9.13,8.91,22299.25
2020-04-23,9.17,9.07,9.23,9.0,26083.69
2020-04-24,9.06,9.03,9.22,8.96,29847.51
2020-04-27,8.97,8.91,9.01,8.88,29286.49
2020-04-28,8.94,8.63,8.97,8.5,49154.73
2020-04-29,8.63,8.67,8.72,8.54,31059.34
2020-04-30,8.7,8.92,8.94,8.69,36851.08
2020-05-06,8.89,9.07,9.1,8.8,43945.27
2020-05-07,9.1,9.22,9.32,9.02,60033.96
2020-05-08,9.26,9.35,9.38,9.22,58494.88
2020-05-11,9.34,9.4,9.55,9.34,51531.14
2020-05-12,9.41,9.23,9.45,9.17,38649.89
2020-05-13,9.24,9.14,9.24,9.07,35662.51
2020-05-14,9.16,8.97,9.16,8.95,29439.05
2020-05-15,9.0,8.85,9.06,8.84,33918.75
2020-05-18,8.84,8.91,8.97,8.72,44124.18
2020-05-19,8.94,8.91,9.0,8.87,33334.44
2020-05-20,8.87,8.88,8.99,8.83,35708.79
2020-05-21,8.91,8.76,8.94,8.74,26505.21
2020-05-22,8.77,8.76,8.89,8.71,29084.25
2020-05-25,8.81,8.66,8.81,8.66,25357.71
2020-05-26,8.75,8.82,8.84,8.66,25010.84
2020-05-27,8.85,9.07,9.16,8.69,65359.22
2020-05-28,8.97,9.07,9.47,8.97,96080.7
2020-05-29,9.08,8.94,9.18,8.93,60078.98
2020-06-01,8.94,9.12,9.17,8.94,54797.45
2020-06-02,9.12,9.23,9.32,9.1,51789.38
2020-06-03,9.35,9.85,10.16,9.19,116375.02
2020-06-04,10.01,10.61,10.76,9.67,254312.5
2020-06-05,10.34,9.92,10.5,9.83,171623.76
2020-06-08,9.83,9.56,9.9,9.51,111341.83
2020-06-09,9.55,9.57,9.71,9.49,56852.03
2020-06-10,9.51,9.44,9.57,9.33,54893.96
2020-06-11,9.41,9.54,9.8,9.41,80241.89
2020-06-12,9.21,9.83,9.94,9.19,108317.7
2020-06-15,9.72,9.54,9.8,9.53,68404.42
2020-06-16,9.57,9.61,9.69,9.48,33783.03
2020-06-17,9.66,9.6,9.69,9.41,50807.5
2020-06-18,9.54,9.57,9.64,9.49,37838.33
2020-06-19,9.59,9.76,9.86,9.59,76774.07
2020-06-22,9.83,9.63,9.86,9.6,65807.29
2020-06-23,9.62,9.45,9.64,9.44,52985.93
2020-06-24,9.48,9.46,9.62,9.43,30464.8
2020-06-29,9.44,9.25,9.44,9.23,43550.66
2020-06-30,9.29,9.38,9.41,9.28,37740.09
2020-07-01,9.38,9.69,9.74,9.38,64889.71
2020-07-02,9.69,10.11,10.26,9.66,120528.75
2020-07-03,10.26,10.65,10.73,10.19,159053.33
2020-07-06,11.07,11.51,11.72,10.79,258969.44
2020-07-07,11.6,11.29,11.75,11.22,216739.26
2020-07-08,11.29,11.41,11.45,11.11,146310.21
2020-07-09,11.41,11.94,12.17,11.31,141212.76
2020-07-10,11.82,11.52,12.21,11.48,133926.37
2020-07-13,11.67,12.04,12.35,11.67,130105.98
2020-07-14,12.04,11.71,12.05,11.4,144275.82
2020-07-15,11.67,11.1,11.86,11.07,117817.99
2020-07-16,11.12,10.78,11.36,10.73,97233.95
2020-07-17,10.72,11.33,11.34,10.56,130721.39
2020-07-20,11.37,11.45,11.63,11.14,134091.14
2020-07-21,11.45,11.17,11.45,11.04,85156.96
2020-07-22,11.16,11.23,11.49,11.12,84543.34
2020-07-23,11.1,11.77,11.82,10.89,161224.42
2020-07-24,11.58,10.92,11.65,10.9,166442.06
2020-07-27,11.02,11.08,11.17,10.7,81690.16
2020-07-28,11.09,11.05,11.37,10.97,81842.38
2020-07-29,11.05,11.31,11.31,10.87,99038.5
2020-07-30,11.24,11.32,11.62,11.19,109697.04
2020-07-31,11.23,11.31,11.49,11.08,74844.47
2020-08-03,11.42,11.42,11.64,11.28,99496.8
2020-08-04,11.44,11.12,11.49,11.09,89550.93
2020-08-05,11.11,11.1,11.18,11.0,57892.91
2020-08-06,11.1,11.01,11.21,10.85,69912.31
2020-08-07,10.91,10.78,10.97,10.59,75298.39
2020-08-10,10.78,10.92,11.16,10.78,46768.28
2020-08-11,10.92,10.72,11.03,10.72,54470.59
2020-08-12,10.62,10.64,10.74,10.43,58987.0
2020-08-13,10.74,10.83,11.08,10.69,61112.04
2020-08-14,10.88,10.82,10.9,10.56,51382.57
2020-08-17,10.87,10.96,11.02,10.78,54504.07
2020-08-18,10.98,11.03,11.3,10.98,71391.04
2020-08-19,11.04,10.88,11.09,10.82,53480.86
2020-08-20,10.87,10.83,10.98,10.72,29047.54
2020-08-21,10.83,10.86,11.01,10.78,29853.5
2020-08-24,10.94,11.2,11.23,10.77,75630.31
2020-08-25,11.23,11.21,11.37,11.1,73010.02
2020-08-26,11.24,11.02,11.52,10.98,100309.68
2020-08-27,11.09,11.33,11.39,11.08,75246.34
2020-08-28,11.35,11.22,11.42,11.04,81355.68
2020-08-31,11.33,11.24,11.49,11.23,70182.38
2020-09-01,11.2,11.42,11.46,11.17,81730.28
2020-09-02,11.42,11.37,11.49,11.29,53021.82
2020-09-03,11.39,11.18,11.39,11.07,55652.72
2020-09-04,10.91,10.99,11.03,10.83,45946.19
2020-09-07,11.03,11.94,12.09,11.02,233316.97
2020-09-08,12.03,12.8,12.92,11.98,251630.63
2020-09-09,12.43,12.13,12.83,12.09,198972.24
2020-09-10,12.38,11.88,12.41,11.83,126253.9
2020-09-11,11.85,11.88,12.13,11.53,142613.18
2020-09-14,11.97,11.68,12.05,11.49,99590.32
2020-09-15,11.68,12.33,12.39,11.64,117664.01
2020-09-16,12.25,12.36,12.75,12.01,143529.57
2020-09-17,12.47,12.95,13.55,12.47,232299.38
2020-09-18,13.06,12.87,13.33,12.72,143791.41
2020-09-21,12.95,12.88,13.06,12.7,92388.23
2020-09-22,12.78,12.48,12.78,12.4,70374.11
2020-09-23,12.54,12.61,12.69,12.35,60296.71
2020-09-24,12.42,12.22,12.56,12.2,74295.1
2020-09-25,12.34,12.31,12.44,12.05,59789.68
2020-09-28,12.29,12.85,12.91,12.2,116917.6
2020-09-29,12.85,12.61,12.91,12.54,72146.86
2020-09-30,12.61,12.64,13.0,12.37,111753.27
2020-10-09,12.92,12.95,13.21,12.86,90145.45
2020-10-12,13.03,13.21,13.4,12.99,108046.85
2020-10-13,13.2,13.67,13.98,12.89,150745.04
2020-10-14,13.52,13.55,13.88,13.31,120494.89
2020-10-15,13.6,12.73,14.08,12.71,180394.03
2020-10-16,12.62,12.45,12.86,12.17,127822.09
2020-10-19,12.49,12.22,12.63,12.16,117133.94
2020-10-20,12.24,13.02,13.23,12.22,130121.52
2020-10-21,12.94,12.63,13.01,12.63,91038.93
2020-10-22,12.7,12.29,12.76,12.2,86757.02
2020-10-23,12.4,11.92,12.41,11.77,112118.53
2020-10-26,11.8,11.97,11.97,11.52,57217.34
2020-10-27,11.97,11.79,11.99,11.41,108689.29
2020-10-28,11.79,12.97,12.97,11.77,199208.63
2020-10-29,13.32,14.27,14.27,13.16,280123.67
2020-10-30,15.03,15.18,15.69,14.39,509646.93
2020-11-02,15.46,16.7,16.7,15.4,309853.57
2020-11-03,17.52,17.01,18.01,16.57,572722.46
2020-11-04,17.01,17.06,17.44,16.3,442568.85
2020-11-05,17.52,17.53,17.9,16.5,440504.54
2020-11-06,17.48,16.08,17.48,15.77,411641.74
2020-11-09,16.5,17.69,17.69,16.24,403593.26
2020-11-10,18.29,17.9,18.64,15.96,461968.55
2020-11-11,17.14,16.15,17.17,16.11,352010.12
2020-11-12,16.37,15.61,16.38,14.68,202353.32
2020-11-13,15.99,15.42,16.11,15.27,166874.48
2020-11-16,15.19,15.35,15.61,14.87,163854.65
2020-11-17,15.39,15.8,16.28,15.13,244542.1
2020-11-18,15.72,15.38,15.72,14.47,155748.99
2020-11-19,15.62,15.04,15.96,14.87,152368.26
2020-11-20,15.04,15.72,16.11,14.91,221466.68
2020-11-23,15.72,16.44,17.11,15.23,266124.11
2020-11-24,16.5,15.96,16.85,15.88,201423.88
2020-11-25,15.93,16.17,17.11,15.65,267936.71
2020-11-26,15.62,15.13,15.69,14.77,193199.35
2020-11-27,15.07,15.13,15.48,14.69,134280.95
2020-11-30,14.95,14.89,15.3,14.55,127050.68
2020-12-01,14.68,15.34,15.69,14.47,195737.05
2020-12-02,15.13,14.81,15.23,14.7,130343.98
2020-12-03,14.81,14.81,15.16,14.24,152510.49
2020-12-04,14.77,14.74,15.29,14.6,138780.63
2020-12-07,14.62,14.42,14.7,14.37,79837.73
2020-12-08,14.54,14.91,14.97,14.49,134209.46
2020-12-09,14.9,14.39,15.03,14.38,101130.31
2020-12-10,14.24,13.83,14.27,13.61,95679.17
2020-12-11,14.2,13.77,14.25,13.33,106201.09
2020-12-14,13.72,14.11,14.27,13.34,111212.01
2020-12-15,14.06,14.36,14.52,13.95,134148.12
2020-12-16,14.42,14.17,14.42,13.95,88785.98
2020-12-17,14.09,14.36,14.84,13.98,126401.5
2020-12-18,14.3,15.8,15.8,14.06,289454.14
2020-12-21,16.44,17.39,17.39,15.8,394071.35
2020-12-22,17.54,16.84,18.95,16.76,466096.11
2020-12-23,16.76,16.91,17.74,16.65,380102.85
2020-12-24,16.37,15.7,16.5,15.43,287123.95
2020-12-25,15.59,15.71,15.92,15.39,194641.32
2020-12-28,15.77,16.19,16.51,15.08,274590.91
2020-12-29,16.01,15.6,16.12,15.35,163382.64
2020-12-30,15.42,15.72,16.19,15.42,178530.23
2020-12-31,15.64,15.72,16.14,15.53,170678.66
2021-01-04,15.24,15.37,15.84,14.66,221556.87
2021-01-05,15.58,15.0,15.87,14.91,181304.2
2021-01-06,15.23,14.62,15.43,14.43,180150.91
2021-01-07,14.69,14.76,14.83,14.22,166138.96
2021-01-08,14.68,14.56,14.97,14.17,139920.54
2021-01-11,14.57,14.69,15.08,14.2,147871.76
2021-01-12,14.55,14.33,14.58,14.1,117632.65
2021-01-13,14.34,13.95,14.7,13.89,120673.48
2021-01-14,13.75,13.85,14.13,13.56,86633.1
2021-01-15,13.86,14.28,14.38,13.68,105126.89
2021-01-18,14.29,14.22,14.39,14.02,81743.96
2021-01-19,14.23,14.88,14.91,13.86,140734.38
2021-01-20,14.85,15.69,16.22,14.77,206880.58
2021-01-21,15.24,15.67,15.99,14.75,157803.69
2021-01-22,16.15,15.39,16.4,15.33,199804.16
2021-01-25,15.1,14.74,15.53,14.7,145445.17
2021-01-26,14.55,14.19,14.66,14.13,88902.55
2021-01-27,14.17,14.87,14.87,13.75,104327.39
2021-01-28,14.38,13.96,14.67,13.92,79154.88
2021-01-29,13.94,13.71,14.09,13.56,79697.85
2021-02-01,13.77,13.72,13.88,13.5,58491.29
2021-02-02,13.94,15.1,15.1,13.94,125264.15
2021-02-03,14.96,14.94,15.83,14.78,228863.9
2021-02-04,14.68,15.3,15.54,14.53,141263.71
2021-02-05,15.07,14.24,15.08,14.23,104297.91
2021-02-08,14.22,14.58,15.03,13.94,84575.31
2021-02-09,14.7,14.85,15.0,14.34,75212.78
2021-02-10,14.85,15.0,15.5,14.78,100890.1
2021-02-18,15.23,15.75,16.02,14.97,154658.03
2021-02-19,15.61,15.78,15.88,15.31,119466.42
2021-02-22,15.79,15.92,16.38,15.61,157372.65
2021-02-23,16.49,15.5,16.72,15.24,134815.53
2021-02-24,15.61,17.05,17.05,15.46,338864.17
2021-02-25,16.54,16.29,16.6,15.65,217286.03
2021-02-26,15.84,15.44,15.95,15.15,157756.52
2021-03-01,15.46,16.35,16.44,15.27,156723.6
2021-03-02,16.25,16.79,16.98,16.19,193584.18
2021-03-03,16.76,17.08,17.09,16.42,131124.37
2021-03-04,16.69,17.2,17.65,16.52,137031.67
2021-03-05,16.97,17.75,18.45,16.9,155887.78
2021-03-08,18.05,19.52,19.52,18.05,208956.6
2021-03-09,19.44,18.24,19.44,17.9,227532.53
2021-03-10,18.86,17.68,19.38,17.27,179992.4
2021-03-11,17.96,18.18,18.66,17.55,126421.11
2021-03-12,18.05,19.99,20.0,18.05,219445.79
2021-03-15,19.39,19.69,20.4,18.65,168759.1
2021-03-16,19.95,19.55,20.06,19.12,104769.3
2021-03-17,19.43,18.87,19.46,18.52,125692.12
2021-03-18,18.89,19.59,19.66,18.62,107932.64
2021-03-19,19.19,18.12,19.24,17.98,137829.52
2021-03-22,18.44,18.93,19.16,17.94,115536.12
2021-03-23,18.96,18.36,19.33,18.17,80786.39
2021-03-24,18.28,16.73,18.55,16.53,193547.22
2021-03-25,16.6,16.53,16.91,16.34,86861.8
2021-03-26,16.84,17.58,17.91,16.54,120022.29
2021-03-29,17.64,19.34,19.34,17.59,157568.32
2021-03-30,20.82,21.27,21.27,20.56,128217.79
2021-03-31,21.33,21.87,22.95,21.27,313393.39
2021-04-01,21.9,21.72,22.25,20.6,151147.38
2021-04-02,21.79,20.98,21.93,20.92,114635.32
2021-04-06,21.07,20.81,21.52,20.66,108374.35
2021-04-07,21.17,20.61,21.24,20.48,93148.69
2021-04-08,20.94,20.42,20.99,20.24,111820.51
2021-04-09,20.41,20.5,20.92,20.26,99588.04
2021-04-12,20.41,20.04,20.86,19.99,83585.19
2021-04-13,20.06,20.17,20.31,19.73,64504.24
2021-04-14,20.09,20.15,20.31,19.83,61578.31
2021-04-15,20.18,19.96,20.18,19.75,51276.56
2021-04-16,19.95,20.56,20.83,19.85,113513.42
2021-04-19,20.69,20.85,21.42,20.49,216204.41
2021-04-20,20.77,19.94,20.77,19.8,139716.36
2021-04-21,19.79,19.01,19.79,18.97,142463.95
2021-04-22,19.05,19.26,19.63,19.05,81894.86
2021-04-23,19.06,19.15,19.41,19.0,66945.49
2021-04-26,19.17,19.12,19.6,19.1,70200.62
2021-04-27,18.97,18.55,19.01,18.32,112864.22
2021-04-28,18.53,18.69,18.87,18.2,86288.55
2021-04-29,18.89,18.61,18.96,18.48,66745.96
2021-04-30,18.61,18.3,18.61,18.2,71067.62
2021-05-06,18.3,18.5,18.64,18.28,71747.41
2021-05-07,18.48,18.36,18.74,17.98,90379.83
2021-05-10,18.43,18.28,18.62,18.11,67632.28
2021-05-11,18.15,17.53,18.16,17.39,103453.97
2021-05-12,17.52,18.13,18.18,17.4,100833.85
2021-05-13,17.9,17.61,18.04,17.59,67532.49
2021-05-14,17.69,17.61,17.85,17.46,72151.49
2021-05-17,17.75,17.62,18.03,17.59,126337.7
2021-05-18,17.48,17.19,17.49,16.89,143714.44
2021-05-19,17.02,17.46,17.88,16.99,121092.39
2021-05-20,17.52,17.24,17.77,17.2,87332.48
2021-05-21,17.24,17.47,17.54,17.14,82648.61
2021-05-24,17.52,17.14,17.52,17.07,78543.47
2021-05-25,17.17,17.31,17.33,16.72,108586.6
2021-05-26,17.23,17.48,17.85,17.23,133017.54
2021-05-27,17.53,17.66,17.72,17.34,93530.67
2021-05-28,17.73,18.09,18.15,17.64,142797.48
2021-05-31,18.13,17.83,18.13,17.54,113767.47
2021-06-01,17.61,17.88,18.03,17.56,81337.22
2021-06-02,17.82,18.09,18.28,17.75,115192.85
2021-06-03,18.07,17.96,18.22,17.82,78726.95
2021-06-04,17.88,17.78,18.09,17.73,61000.23
2021-06-07,17.78,17.91,17.97,17.75,57294.78
2021-06-08,17.81,18.04,18.34,17.79,87599.81
2021-06-09,17.91,17.75,18.01,17.71,64998.25
2021-06-10,17.75,17.82,17.94,17.72,55953.1
2021-06-11,17.75,17.8,17.93,17.37,72523.04
2021-06-15,17.77,18.31,18.32,17.71,132682.8
2021-06-16,18.33,17.7,18.45,17.62,93863.22
2021-06-17,17.59,17.19,17.79,16.98,108314.25
2021-06-18,17.23,17.59,17.69,17.01,78143.52
2021-06-21,17.43,17.11,17.52,16.95,96239.57
2021-06-22,17.1,17.66,17.85,17.05,115315.56
2021-06-23,17.67,18.84,19.14,17.66,232348.76
2021-06-24,18.84,18.16,18.93,18.1,150037.89
2021-06-25,18.26,18.27,18.52,17.92,95025.36
2021-06-28,18.43,18.64,19.5,18.34,136747.41
2021-06-29,18.64,18.1,18.8,17.94,118341.99
2021-06-30,18.01,17.85,18.07,17.68,72113.32
2021-07-01,17.83,18.05,18.43,17.83,82574.82
2021-07-02,17.85,17.38,17.85,17.1,98456.93
2021-07-05,17.33,17.67,17.72,17.33,55650.85
2021-07-06,17.62,17.75,17.81,17.42,53424.55
2021-07-07,17.71,18.04,18.18,17.48,74644.88
2021-07-08,18.04,17.93,18.14,17.81,70858.46
2021-07-09,18.72,19.72,19.72,18.2,272435.54
2021-07-12,20.43,20.17,20.69,19.86,317802.47
2021-07-13,20.18,20.09,20.28,19.8,152386.22
2021-07-14,19.95,21.07,21.33,19.81,250534.29
2021-07-15,21.07,20.81,21.14,20.26,242752.54
2021-07-16,18.73,18.78,19.87,18.73,238842.02
2021-07-19,18.6,17.4,18.6,17.33,180720.01
2021-07-20,16.99,17.26,17.62,16.92,98551.24
2021-07-21,17.42,17.66,18.05,17.37,109518.43
2021-07-22,17.75,17.54,18.06,17.33,98376.15
2021-07-23,17.54,17.59,17.89,17.26,100571.62
2021-07-26,17.61,16.49,17.62,15.89,130336.14
2021-07-27,16.42,16.81,17.3,15.93,119297.02
2021-07-28,16.49,16.1,16.65,15.87,66590.4
2021-07-29,16.32,16.2,16.58,16.18,64417.13
2021-07-30,16.15,16.15,16.46,15.87,67377.24
2021-08-02,16.16,16.62,16.82,16.16,87613.23
2021-08-03,16.76,16.43,16.84,16.3,65835.67
2021-08-04,17.46,18.07,18.07,17.15,103991.24
2021-08-05,18.98,19.71,19.87,18.34,401621.28
2021-08-06,19.03,19.21,19.76,18.94,188426.42
2021-08-09,19.18,18.87,19.19,18.34,116404.64
2021-08-10,18.67,18.73,19.29,18.45,113543.82
2021-08-11,18.68,18.65,18.9,18.5,72740.67
2021-08-12,18.77,19.08,19.64,18.23,181327.59
2021-08-13,18.86,18.8,18.86,18.51,91472.14
2021-08-16,18.68,18.83,19.18,18.23,97437.9
2021-08-17,18.84,17.93,19.2,17.89,100569.28
2021-08-18,17.88,18.09,18.26,17.39,90509.89
2021-08-19,18.16,18.57,19.0,18.02,115053.07
2021-08-20,18.34,18.24,18.77,18.02,68638.57
2021-08-23,18.25,18.29,18.5,18.14,55922.5
2021-08-24,18.66,18.09,18.66,18.06,82239.25
2021-08-25,18.16,18.0,18.23,17.72,67876.62
2021-08-26,17.95,17.41,17.98,17.4,69132.35
2021-08-27,17.42,17.76,17.88,17.42,58072.56
2021-08-30,17.51,17.29,17.75,17.16,76369.69
2021-08-31,17.2,17.06,17.43,16.85,56928.75
2021-09-01,17.06,16.79,17.26,16.59,57816.01
2021-09-02,16.78,17.01,17.27,16.67,63752.29
2021-09-03,17.05,16.71,17.2,16.65,57346.48
2021-09-06,16.67,16.92,16.94,16.58,51617.73
2021-09-07,16.91,17.16,17.27,16.83,62112.37
2021-09-08,17.16,17.13,17.26,16.96,47868.25
2021-09-09,16.99,16.86,17.15,16.76,43565.87
2021-09-10,17.16,17.26,17.72,17.15,79696.8
2021-09-13,17.15,16.78,17.15,16.66,69188.01
2021-09-14,16.78,16.67,16.89,16.61,41427.06
2021-09-15,16.58,16.22,16.62,16.19,66916.5
2021-09-16,16.22,15.91,16.3,15.71,59251.63
2021-09-17,16.03,15.89,16.05,15.72,30830.28
2021-09-22,15.71,15.75,15.87,15.54,23317.04
2021-09-23,15.8,15.25,15.96,15.19,92678.33
2021-09-24,15.29,13.98,15.34,13.79,191840.44
2021-09-27,14.02,14.08,14.18,13.8,73310.58
2021-09-28,14.08,13.91,14.09,13.83,42420.28
2021-09-29,13.77,13.46,13.89,13.46,52775.56
2021-09-30,13.52,13.67,13.74,13.52,29612.07
2021-10-08,13.83,14.16,14.2,13.8,52028.93
2021-10-11,14.16,14.16,14.26,14.01,35565.79
2021-10-12,14.18,13.9,14.26,13.83,42447.41
2021-10-13,13.9,14.67,15.15,13.88,87438.77
2021-10-14,14.71,14.56,14.71,14.3,59735.43
2021-10-15,14.48,14.36,14.66,14.34,43225.41
2021-10-18,14.36,14.22,14.53,14.14,38967.27
2021-10-19,14.31,14.29,14.44,14.18,26864.81
2021-10-20,14.29,14.39,14.61,14.1,51851.33
2021-10-21,14.38,14.16,14.38,14.11,35998.5
2021-10-22,14.16,14.15,14.3,14.08,27633.55
2021-10-25,14.17,14.24,14.26,14.11,28815.62
2021-10-26,14.34,14.32,14.63,14.26,43717.62
2021-10-27,14.24,13.86,14.31,13.75,58032.13
2021-10-28,13.77,13.37,13.79,13.35,46788.52
2021-10-29,13.38,13.62,13.7,13.35,31986.96
2021-11-01,13.49,13.67,13.83,13.49,45755.94
2021-11-02,13.6,13.44,13.96,13.35,40988.46
2021-11-03,13.41,13.49,13.53,13.31,29008.14
2021-11-04,13.47,13.87,13.93,13.44,62530.19
2021-11-05,13.83,14.14,14.62,13.7,95334.5
2021-11-08,14.19,14.09,14.33,13.99,47902.81
2021-11-09,13.95,13.95,14.12,13.77,44160.46
2021-11-10,13.84,13.77,13.98,13.53,43886.08
2021-11-11,13.89,13.86,14.02,13.77,28618.0
2021-11-12,13.87,14.26,14.28,13.76,67756.08
2021-11-15,14.27,14.12,14.39,14.11,46011.0
2021-11-16,14.13,13.76,14.13,13.75,52320.73
2021-11-17,13.76,13.82,13.91,13.76,25592.79
2021-11-18,13.75,13.67,13.79,13.66,29458.05
2021-11-19,13.67,13.87,14.03,13.53,45906.19
2021-11-22,13.87,14.14,14.27,13.87,73811.31
2021-11-23,14.1,14.23,14.45,14.06,69275.87
2021-11-24,14.31,14.18,14.31,14.05,41531.13
2021-11-25,14.23,14.0,14.25,13.97,41814.0
2021-11-26,14.02,14.2,14.32,13.95,55895.0
2021-11-29,13.97,14.05,14.09,13.79,41070.53
2021-11-30,14.09,14.47,14.66,14.09,108386.7
2021-12-01,14.49,14.52,14.6,14.31,48328.06
2021-12-02,14.61,15.21,15.21,14.42,168860.75
2021-12-03,15.21,14.83,15.21,14.65,119314.96
2021-12-06,14.75,14.45,14.79,14.4,73412.7
2021-12-07,14.47,14.84,14.84,14.47,84128.77
2021-12-08,14.86,15.27,15.36,14.68,113239.43
2021-12-09,15.49,15.23,15.5,15.06,115193.27
2021-12-10,15.19,14.93,15.25,14.93,78013.0
2021-12-13,15.15,15.07,15.24,14.93,63934.33
2021-12-14,14.93,14.68,15.0,14.55,60404.32
2021-12-15,14.64,14.72,14.8,14.58,34523.3
2021-12-16,14.72,14.57,14.74,14.42,44550.49
2021-12-17,14.49,14.36,14.51,14.36,37967.78
2021-12-20,14.31,14.05,14.4,14.04,35986.55
2021-12-21,14.04,14.16,14.24,14.03,23578.0
2021-12-22,14.21,14.16,14.26,14.11,22942.86
2021-12-23,14.16,14.3,14.37,14.12,35086.61
2021-12-24,14.38,13.98,14.41,13.97,36551.83
2021-12-27,14.1,14.23,14.23,13.7,32310.49
2021-12-28,14.25,14.18,14.33,14.11,22073.37
2021-12-29,14.22,14.24,14.27,14.11,22959.45
2021-12-30,14.24,14.28,14.38,14.19,25155.45
2021-12-31,14.32,14.24,14.33,14.18,20702.37
2022-01-04,14.31,14.22,14.31,14.15,22111.52
2022-01-05,14.26,14.13,14.34,14.0,28017.92
2022-01-06,14.05,14.08,14.12,13.97,22177.2
2022-01-07,14.08,14.13,14.26,14.01,26684.3
2022-01-10,14.09,14.23,14.25,14.01,28159.99
2022-01-11,14.26,14.92,14.93,14.23,127780.02
2022-01-12,14.88,15.0,15.0,14.57,80159.4
2022-01-13,15.23,16.37,16.5,14.97,270759.93
2022-01-14,15.71,14.9,16.03,14.74,238530.72
2022-01-17,14.82,14.62,14.84,14.38,109282.14
2022-01-18,14.54,14.74,14.75,14.4,71853.26
2022-01-19,14.61,14.83,15.08,14.58,84411.21
2022-01-20,14.83,14.86,15.02,14.63,61241.06
2022-01-21,14.91,14.46,14.91,14.45,39816.34
2022-01-24,14.4,14.16,14.45,14.04,41851.56
2022-01-25,13.97,13.71,14.25,13.7,45564.66
2022-01-26,13.75,13.87,14.04,13.72,26071.0
2022-01-27,13.89,13.5,14.01,13.46,27575.14
2022-01-28,13.7,13.62,13.75,13.39,17425.3
2022-02-07,13.78,14.26,14.31,13.78,39719.57
2022-02-08,14.26,14.38,14.38,14.07,23582.34
2022-02-09,14.4,14.39,14.47,14.28,19129.64
2022-02-10,14.3,14.25,14.37,14.19,18801.26
2022-02-11,14.23,14.05,14.31,14.01,18901.41
2022-02-14,14.06,13.86,14.07,13.83,18133.23
2022-02-15,13.86,13.92,13.97,13.82,13418.08
2022-02-16,14.0,13.99,14.12,13.97,14916.08
2022-02-17,13.91,13.83,13.97,13.81,26464.02
2022-02-18,13.82,13.94,13.97,13.71,18237.4
2022-02-21,13.94,13.98,14.0,13.82,16685.89
2022-02-22,13.96,13.83,13.96,13.75,15567.93
2022-02-23,13.84,13.97,14.0,13.84,20656.57
2022-02-24,13.97,13.56,13.97,13.48,34468.0
2022-02-25,13.68,13.63,13.76,13.56,17433.31
2022-02-28,13.62,13.6,13.7,13.46,17439.94
2022-03-01,13.62,13.71,13.79,13.56,16015.54
2022-03-02,13.71,13.7,13.71,13.61,10909.54
2022-03-03,13.69,13.57,13.75,13.53,19475.4
2022-03-04,13.59,13.51,13.68,13.27,21241.62
2022-03-07,13.56,12.67,13.56,12.63,48761.39
2022-03-08,12.67,12.33,12.91,12.22,32363.69
2022-03-09,12.48,11.88,12.48,11.39,44678.26
2022-03-10,12.12,12.15,12.35,12.06,23202.95
2022-03-11,12.01,12.28,12.33,11.75,21620.5
2022-03-14,12.19,12.15,12.46,12.13,16728.24
2022-03-15,12.15,11.11,12.15,11.09,53664.21
2022-03-16,11.34,11.36,11.52,10.81,32809.4
2022-03-17,11.51,11.82,11.99,11.45,35351.07
2022-03-18,11.75,11.98,12.08,11.7,22692.05
2022-03-21,12.09,12.14,12.23,11.9,22415.18
2022-03-22,12.18,12.17,12.24,12.02,15393.93
2022-03-23,12.18,12.16,12.26,12.12,16035.03
2022-03-24,12.11,11.99,12.16,11.96,15195.58
2022-03-25,12.0,12.21,12.71,12.0,36729.13
2022-03-28,12.22,12.53,12.6,11.97,33326.86
2022-03-29,12.61,12.27,12.64,12.24,24778.79
2022-03-30,11.98,12.17,12.27,11.88,41399.02
2022-03-31,12.26,11.98,12.26,11.95,24491.43
2022-04-01,11.96,12.03,12.05,11.81,15563.4
2022-04-06,12.2,11.98,12.2,11.92,17612.0
2022-04-07,11.86,11.63,11.95,11.62,19005.27
2022-04-08,11.63,11.52,11.63,11.29,21660.66
2022-04-11,11.43,11.16,11.5,11.12,21192.47
2022-04-12,11.1,11.27,11.29,11.02,15272.25
2022-04-13,11.32,11.07,11.32,11.05,12688.95
2022-04-14,11.09,11.27,11.52,11.09,18598.28
2022-04-15,11.16,11.15,11.28,11.05,15642.0
2022-04-18,11.22,11.31,11.33,10.98,14193.5
2022-04-19,11.3,11.18,11.51,11.12,17894.37
2022-04-20,11.22,11.11,11.38,11.05,14395.21
2022-04-21,11.11,10.69,11.11,10.68,21421.68
2022-04-22,10.67,10.7,10.74,10.42,15589.89
2022-04-25,10.59,9.96,10.59,9.76,30542.18
2022-04-26,9.96,9.51,10.08,9.44,20229.05
2022-04-27,9.5,9.76,9.76,8.99,35919.33
2022-04-28,9.62,9.58,9.75,9.47,21409.55
2022-04-29,9.59,10.13,10.32,9.59,33712.21
2022-05-05,10.12,10.38,10.53,10.04,21750.01
2022-05-06,10.05,10.56,10.7,10.01,30928.71
2022-05-09,10.48,10.33,10.48,10.21,22160.15
2022-05-10,10.3,10.4,10.4,10.08,20972.29
2022-05-11,10.39,10.82,11.43,10.33,50471.0
2022-05-12,10.74,11.25,11.87,10.51,75747.25
2022-05-13,11.25,12.38,12.38,11.1,134302.93
2022-05-16,12.95,12.7,13.62,12.67,256151.12
2022-05-17,12.22,13.23,13.85,12.18,182452.62
2022-05-18,13.01,12.86,13.75,12.66,169881.65
2022-05-19,12.54,12.64,12.73,12.29,131413.82
2022-05-20,12.58,12.54,12.85,12.4,95769.8
2022-05-23,12.67,13.22,13.52,12.33,171523.27
2022-05-24,13.36,12.73,13.62,12.61,149699.32
2022-05-25,12.44,12.96,13.26,12.12,133030.43
2022-05-26,12.95,13.04,13.4,12.52,136885.94
2022-05-27,12.83,13.66,13.86,12.59,193982.43
2022-05-30,13.54,15.03,15.03,13.2,130787.34
2022-05-31,15.89,14.52,16.53,14.36,349149.32
2022-06-01,13.8,14.24,14.95,13.79,234032.28
2022-06-02,13.97,14.79,15.52,13.95,249636.85
2022-06-06,14.57,14.31,14.68,14.04,192388.53
2022-06-07,14.15,13.53,14.16,13.4,177762.14
2022-06-08,13.36,13.93,13.96,13.34,150921.31
2022-06-09,13.82,12.93,13.82,12.81,139056.02
2022-06-10,12.76,13.24,13.39,12.67,106294.62
2022-06-13,13.09,13.42,13.62,13.01,118389.01
2022-06-14,13.49,14.31,14.38,13.23,215007.11
2022-06-15,14.23,13.82,14.69,13.79,211880.64
2022-06-16,13.78,13.43,13.97,13.33,130058.61
2022-06-17,13.48,13.49,13.63,13.28,95161.38
2022-06-20,13.55,13.41,13.69,13.32,82842.54
2022-06-21,13.34,13.42,13.56,13.05,92497.05
2022-06-22,13.42,13.72,13.96,13.31,140110.87
2022-06-23,13.81,14.67,14.79,13.79,242014.23
2022-06-24,14.56,14.78,15.06,14.07,200152.4
2022-06-27,14.8,15.34,15.49,14.54,241837.66
2022-06-28,15.14,15.49,16.1,15.01,263871.41
2022-06-29,15.27,14.24,15.62,14.18,228903.12
2022-06-30,14.11,14.04,14.38,13.74,144308.27
2022-07-01,13.97,14.03,14.12,13.6,114155.72
2022-07-04,14.33,15.43,15.43,14.33,230020.05
2022-07-05,15.13,14.83,15.43,14.59,294775.2
2022-07-06,14.63,16.31,16.31,14.38,408982.42
2022-07-07,16.81,17.95,17.95,16.54,326566.97
2022-07-08,19.74,19.74,19.74,19.21,276016.66
2022-07-11,19.85,17.77,19.85,17.77,563562.65
2022-07-12,16.76,15.99,17.53,15.99,411046.1
2022-07-13,15.94,15.81,16.46,15.5,314140.13
2022-07-14,15.55,15.58,15.97,15.34,245986.47
2022-07-15,15.27,15.47,16.37,15.24,288058.56
2022-07-18,15.69,15.71,15.83,15.03,244110.77
2022-07-19,15.6,15.86,16.34,15.42,228349.95
2022-07-20,15.64,15.95,15.95,15.24,218077.21
2022-07-21,15.92,17.55,17.55,15.58,456861.19
2022-07-22,16.78,17.11,17.62,16.4,334056.41
2022-07-25,16.84,15.67,16.87,15.58,246516.54
2022-07-26,15.68,15.92,16.13,15.35,171454.13
2022-07-27,15.93,16.46,17.27,15.86,251043.8
2022-07-28,16.48,16.15,16.72,16.12,194358.68
2022-07-29,16.17,16.32,16.61,16.0,187609.95
2022-08-01,16.21,17.03,17.31,16.04,284721.11
2022-08-02,16.49,15.91,16.49,15.69,217259.86
2022-08-03,15.97,15.24,16.73,15.16,226703.84
2022-08-04,15.32,14.86,15.44,14.46,158674.02
2022-08-05,14.85,14.69,14.93,14.36,117729.61
2022-08-08,14.69,15.01,15.12,14.47,98977.24
2022-08-09,14.99,14.78,15.24,14.76,98496.92
2022-08-10,14.75,14.95,15.24,14.6,117231.03
2022-08-11,15.16,14.83,15.2,14.55,112327.62
2022-08-12,14.69,14.61,14.82,14.57,75859.31
2022-08-15,14.59,14.46,14.68,14.44,59103.75
2022-08-16,14.46,14.9,14.91,14.46,128726.55
2022-08-17,14.79,14.82,14.85,14.54,92097.72
2022-08-18,14.8,14.54,14.93,14.51,80863.63
2022-08-19,14.54,13.99,14.54,13.98,103789.22
2022-08-22,14.06,14.38,14.53,13.85,88662.49
2022-08-23,14.3,14.23,14.44,14.14,57050.48
2022-08-24,14.22,13.62,14.4,13.61,71699.94
2022-08-25,13.61,13.59,13.74,13.38,49920.99
2022-08-26,13.59,13.6,13.91,13.56,50481.74
2022-08-29,13.41,13.46,13.5,13.21,46346.8
2022-08-30,13.47,13.53,13.72,13.46,40312.55
2022-08-31,13.52,13.1,13.53,13.06,53680.48
2022-09-01,13.1,13.04,13.31,12.99,34027.61
2022-09-02,13.09,13.12,13.21,13.03,29480.94
2022-09-05,13.12,13.1,13.13,12.78,34419.38
2022-09-06,13.16,13.53,13.6,13.15,66332.24
2022-09-07,13.5,13.57,13.66,13.37,45875.84
2022-09-08,13.57,13.76,13.96,13.48,65887.87
2022-09-09,13.87,13.74,13.91,13.5,45986.17
2022-09-13,13.71,13.91,14.01,13.61,57226.89
2022-09-14,13.59,13.87,14.06,13.47,53093.74
2022-09-15,13.93,13.52,14.01,13.31,54466.65
2022-09-16,13.41,13.15,13.55,13.12,37343.87
2022-09-19,13.04,13.32,13.68,12.98,47362.72
2022-09-20,13.59,13.64,13.81,13.5,54855.7
2022-09-21,13.76,13.78,13.87,13.32,55004.27
2022-09-22,13.61,13.5,13.7,13.5,37756.04
2022-09-23,13.49,13.2,13.63,13.03,41837.0
2022-09-26,13.21,12.83,13.25,12.83,35308.5
2022-09-27,12.97,13.83,14.0,12.96,120577.22
2022-09-28,13.71,13.84,14.03,13.43,110496.23
2022-09-29,13.85,13.21,13.95,13.21,114245.49
2022-09-30,13.3,12.9,13.43,12.51,92304.11
2022-10-10,12.66,12.12,12.83,11.98,72014.64
2022-10-11,12.12,12.48,12.52,11.9,44975.49
2022-10-12,12.35,12.97,13.0,12.24,60754.14
2022-10-13,12.85,12.77,13.01,12.74,44330.68
2022-10-14,12.94,13.01,13.08,12.83,38217.12
2022-10-17,12.9,13.09,13.23,12.83,39288.6
2022-10-18,13.27,12.98,13.45,12.97,50579.6
2022-10-19,12.87,12.73,13.16,12.7,39207.87
2022-10-20,12.63,12.58,12.8,12.38,36446.65
2022-10-21,12.66,12.43,12.75,12.41,26431.08
2022-10-24,12.53,12.16,12.64,12.06,33076.58
2022-10-25,12.08,12.56,12.59,11.97,44392.13
2022-10-26,12.57,12.79,12.98,12.57,59475.81
2022-10-27,12.9,12.87,13.17,12.85,65785.08
2022-10-28,12.99,12.33,12.99,12.26,61668.35
2022-10-31,12.23,12.54,12.72,12.16,51250.18
2022-11-01,12.42,12.83,12.85,12.42,43283.91
2022-11-02,12.79,13.31,13.44,12.76,79554.7
2022-11-03,13.17,13.43,13.61,13.12,75387.97
2022-11-04,13.47,13.71,13.79,13.41,75988.39
2022-11-07,13.48,13.58,13.71,13.47,49159.6
2022-11-08,13.65,13.45,13.7,13.31,40124.28
2022-11-09,13.55,13.33,13.55,13.29,27737.95
2022-11-10,13.29,13.16,13.34,13.1,32035.34
2022-11-11,13.43,13.17,13.59,13.13,51443.45
2022-11-14,13.13,13.06,13.3,13.0,33250.9
2022-11-15,13.06,13.3,13.33,12.93,36164.12
2022-11-16,13.21,13.36,13.48,13.21,39541.87
2022-11-17,13.36,13.18,13.36,13.04,29963.43
2022-11-18,13.12,12.94,13.22,12.93,37049.41
2022-11-21,12.83,13.14,13.29,12.66,42822.93
2022-11-22,13.13,12.86,13.16,12.78,43297.0
2022-11-23,12.9,12.86,12.99,12.74,32840.31
2022-11-24,12.92,12.85,12.99,12.78,28724.92
2022-11-25,12.83,12.76,12.83,12.65,34727.11
2022-11-28,12.6,12.54,12.72,12.33,44303.73
2022-11-29,12.62,12.76,12.87,12.57,35960.97
2022-11-30,12.77,13.65,13.89,12.73,228223.55
2022-12-01,13.91,13.29,13.97,13.21,189572.22
2022-12-02,13.29,13.06,13.33,13.01,72200.17
2022-12-05,13.06,13.29,13.37,13.02,83765.3
2022-12-06,13.2,13.22,13.45,13.13,76780.27
2022-12-07,13.2,13.13,13.43,13.04,77782.01
2022-12-08,13.05,12.92,13.23,12.85,89648.29
2022-12-09,12.92,13.09,13.09,12.86,76435.44
2022-12-12,13.0,12.75,13.0,12.64,71913.67
2022-12-13,12.74,12.75,12.92,12.71,45432.59
2022-12-14,12.67,12.51,12.82,12.47,50367.24
2022-12-15,12.5,12.83,12.89,12.48,57466.96
2022-12-16,12.76,12.76,12.91,12.71,40464.77
2022-12-19,12.77,12.55,12.99,12.51,53149.62
2022-12-20,12.51,12.62,12.68,12.43,35330.23
2022-12-21,12.59,12.43,12.63,12.32,41502.14
2022-12-22,12.49,12.27,12.64,12.25,45639.44
2022-12-23,12.15,11.95,12.21,11.76,64164.0
2022-12-26,11.95,12.09,12.09,11.85,34805.74
2022-12-27,12.19,12.31,12.33,12.01,38980.0
2022-12-28,12.16,11.88,12.17,11.81,42190.74
2022-12-29,11.86,11.69,11.95,11.67,44087.4
2022-12-30,11.83,11.9,12.0,11.75,41778.0
2023-01-03,11.81,12.4,12.47,11.77,72566.28
2023-01-04,12.39,12.41,12.51,12.31,34743.12
2023-01-05,12.46,12.51,12.72,12.44,42342.54
2023-01-06,12.51,12.51,12.74,12.46,35748.88
2023-01-09,12.66,12.62,12.72,12.55,39503.37
2023-01-10,12.64,12.81,12.9,12.51,66509.6
2023-01-11,12.71,12.76,12.9,12.67,46146.53
2023-01-12,12.77,12.77,12.94,12.74,31968.0
2023-01-13,12.85,12.79,12.89,12.72,24078.07
2023-01-16,12.76,12.75,12.85,12.67,35600.4
2023-01-17,12.84,12.73,12.87,12.68,26028.0
2023-01-18,12.7,12.74,12.86,12.67,26646.3
2023-01-19,12.74,12.67,12.76,12.59,29058.63
2023-01-20,12.67,12.85,12.89,12.67,38769.09
2023-01-30,13.12,13.12,13.38,13.11,86358.12
2023-01-31,13.13,13.33,13.4,13.13,70824.64
2023-02-01,13.31,13.57,13.6,13.26,68645.87
2023-02-02,13.58,13.6,13.82,13.5,81188.49
2023-02-03,13.51,13.4,13.63,13.29,51889.4
2023-02-06,13.4,13.33,13.56,13.28,43132.12
2023-02-07,13.34,13.49,13.5,13.19,46830.47
2023-02-08,13.37,13.42,13.55,13.37,29945.84
2023-02-09,13.42,13.61,13.63,13.38,39435.72
2023-02-10,13.56,13.42,13.58,13.34,36437.67
2023-02-13,13.41,13.62,13.74,13.39,42168.27
2023-02-14,13.63,13.56,13.66,13.47,29501.56
2023-02-15,13.6,13.57,13.78,13.55,35706.91
2023-02-16,13.6,13.29,13.72,13.17,47384.1
2023-02-17,13.29,13.33,13.5,13.29,31862.0
2023-02-20,13.33,13.47,13.53,13.24,29501.06
2023-02-21,13.51,13.84,13.93,13.47,85002.71
2023-02-22,13.79,13.9,13.92,13.76,49183.24
2023-02-23,13.91,13.91,14.06,13.83,52799.0
2023-02-24,13.84,13.7,13.87,13.62,30290.66
2023-02-27,13.71,13.64,13.78,13.56,29359.55
2023-02-28,13.63,13.66,13.74,13.48,27865.73
2023-03-01,13.66,13.65,13.76,13.58,30564.54
2023-03-02,13.6,13.65,13.83,13.59,34473.0
2023-03-03,13.7,13.52,13.7,13.38,36476.06
2023-03-06,13.53,13.45,13.6,13.37,32813.18
2023-03-07,13.4,13.26,13.71,13.26,54637.72
2023-03-08,13.23,13.3,13.39,13.09,28047.66
2023-03-09,13.34,13.26,13.44,13.24,26269.23
2023-03-10,13.27,12.75,13.27,12.74,54310.17
2023-03-13,12.75,12.55,12.81,12.35,45670.68
2023-03-14,12.49,12.45,12.61,12.17,38506.78
2023-03-15,12.47,12.46,12.54,12.41,27358.81
2023-03-16,12.47,12.28,12.5,12.22,27037.05
2023-03-17,12.36,12.32,12.44,12.27,25669.01
2023-03-20,12.34,12.34,12.43,12.21,28919.45
2023-03-21,12.42,12.57,12.59,12.35,31363.59
2023-03-22,12.67,12.66,12.88,12.6,37246.09
2023-03-23,12.62,12.57,12.74,12.54,21714.0
2023-03-24,12.57,12.58,12.64,12.52,24174.36
2023-03-27,12.59,12.51,12.63,12.33,38453.0
2023-03-28,12.59,12.51,12.63,12.46,29964.33
2023-03-29,12.54,12.42,12.59,12.35,29162.28
2023-03-30,12.39,12.17,12.4,11.89,71342.63
2023-03-31,12.27,12.53,12.56,12.14,65483.73
2023-04-03,12.59,12.35,12.59,12.23,47940.53
2023-04-04,12.35,12.15,12.4,12.1,37726.51
2023-04-06,12.14,11.96,12.15,11.92,34342.0
2023-04-07,12.01,12.0,12.12,11.93,32228.35
2023-04-10,11.96,11.88,12.08,11.83,38666.09
2023-04-11,11.84,11.93,11.94,11.77,28192.0
2023-04-12,11.88,11.76,11.94,11.75,34730.0
2023-04-13,11.77,11.73,11.81,11.65,28322.03
2023-04-14,11.81,11.89,12.04,11.72,42928.46
2023-04-17,11.84,12.01,12.04,11.83,47148.92
2023-04-18,12.02,11.93,12.05,11.89,34734.31
2023-04-19,11.93,11.83,11.96,11.77,23313.6
2023-04-20,11.86,11.66,11.88,11.61,29521.37
2023-04-21,11.66,11.45,11.78,11.42,39576.0
2023-04-24,11.45,11.44,11.64,11.24,47159.15
2023-04-25,11.44,11.17,11.44,11.02,38663.89
2023-04-26,11.17,11.52,11.57,11.08,40080.06
2023-04-27,11.5,11.57,11.6,11.43,28383.02
2023-04-28,11.63,12.14,12.41,11.56,102736.82
2023-05-04,12.07,12.14,12.19,11.97,47666.93
2023-05-05,12.12,12.14,12.28,11.98,39223.13
2023-05-08,12.17,12.13,12.35,12.12,44180.57
2023-05-09,12.04,12.12,12.26,12.04,41210.3
2023-05-10,12.05,13.34,13.34,12.05,219574.47
2023-05-11,13.64,13.3,13.68,13.06,210882.58
2023-05-12,13.24,12.69,13.34,12.63,113274.95
2023-05-15,12.59,12.44,12.59,12.24,86388.19
2023-05-16,12.51,12.11,12.57,12.05,92563.22
2023-05-17,12.05,11.99,12.15,11.7,65256.91
2023-05-18,12.0,11.89,12.04,11.75,44257.22
2023-05-19,11.79,11.68,11.86,11.66,43778.16
2023-05-22,11.6,11.74,11.9,11.53,63089.24
2023-05-23,11.74,11.65,11.83,11.58,38735.9
2023-05-24,11.6,11.53,11.71,11.52,39606.69
2023-05-25,11.51,11.43,11.52,11.3,43340.26
2023-05-26,11.49,11.59,11.6,11.22,43436.79
2023-05-29,11.58,11.28,11.61,11.26,40444.0
2023-05-30,11.28,11.46,11.5,11.26,32862.16
2023-05-31,11.5,11.54,11.56,11.36,35326.67
2023-06-01,11.49,11.6,11.73,11.39,42824.47
2023-06-02,11.69,11.75,11.8,11.56,44293.0
2023-06-05,11.88,11.81,11.95,11.76,40133.53
2023-06-06,11.81,11.46,11.86,11.43,56662.08
2023-06-07,11.46,11.43,11.53,11.39,26364.0
2023-06-08,11.43,11.46,11.5,11.36,25336.0
2023-06-09,11.96,11.7,12.19,11.55,120135.37
2023-06-12,11.63,12.01,12.1,11.57,112983.42
2023-06-13,12.04,12.11,12.2,12.0,79227.73
2023-06-14,12.09,12.16,12.3,12.04,47220.54
2023-06-15,12.1,12.3,12.4,12.1,49248.02
2023-06-16,12.35,12.19,12.41,12.18,53005.16
2023-06-19,12.25,12.23,12.39,12.16,37941.23
2023-06-20,12.23,12.12,12.23,12.04,31068.52
2023-06-21,12.08,12.13,12.34,12.08,34884.0
2023-06-26,12.12,12.06,12.54,12.04,76991.27
2023-06-27,12.04,12.15,12.2,11.81,42005.15
2023-06-28,12.16,12.23,12.28,11.99,32575.23
2023-06-29,12.18,12.23,12.34,12.13,29466.54
2023-06-30,12.18,12.27,12.34,12.09,30601.48
2023-07-03,12.3,12.5,12.57,12.3,70745.56
2023-07-04,12.52,12.71,12.79,12.43,84229.41
2023-07-05,12.71,12.6,12.82,12.51,65215.0
2023-07-06,12.52,12.63,12.72,12.42,49762.78
2023-07-07,12.64,12.58,12.74,12.52,40157.0
2023-07-10,12.58,12.58,12.74,12.5,38165.72
2023-07-11,12.52,12.94,12.97,12.52,61682.17
2023-07-12,12.88,13.01,13.18,12.79,79044.76
2023-07-13,12.81,12.72,13.03,12.66,65683.12
2023-07-14,12.74,12.67,12.85,12.53,37593.89
2023-07-17,13.47,13.93,13.93,13.31,101242.49
2023-07-18,14.17,15.32,15.32,14.01,478504.95
2023-07-19,15.07,16.72,16.86,14.7,614217.96
2023-07-20,15.74,15.77,16.82,15.51,517455.41
2023-07-21,15.63,15.05,15.93,14.84,381164.03
2023-07-24,14.8,14.52,14.92,14.42,260475.11
2023-07-25,14.92,15.98,15.98,14.85,245958.39
2023-07-26,16.39,16.55,16.74,16.18,492654.71
2023-07-27,17.34,16.78,18.2,16.66,550424.56
2023-07-28,16.5,17.52,18.1,15.94,507865.42
2023-07-31,17.43,17.77,18.14,17.12,480964.88
2023-08-01,17.05,16.79,17.66,16.66,350009.23
2023-08-02,16.58,16.67,17.13,16.48,239614.31
2023-08-03,16.52,16.55,16.96,16.35,206461.71
2023-08-04,16.53,16.26,16.76,16.2,202325.18
2023-08-07,16.07,16.35,16.53,15.98,152364.26
2023-08-08,16.38,16.44,16.78,16.23,124358.77
2023-08-09,16.29,16.42,16.89,15.89,146813.27
2023-08-10,16.25,16.27,16.52,16.18,94388.34
2023-08-11,16.24,15.92,16.38,15.84,114113.76
2023-08-14,15.74,15.86,15.9,15.51,100425.39
2023-08-15,15.88,15.74,15.97,15.61,62874.68
2023-08-16,15.7,15.59,15.74,15.48,60391.42
2023-08-17,15.45,16.31,16.59,15.43,173791.38
2023-08-18,16.04,15.73,16.32,15.71,110678.94
2023-08-21,15.7,15.83,16.2,15.66,104279.54
2023-08-22,16.16,16.07,16.47,15.69,111523.41
2023-08-23,15.96,15.41,15.96,15.41,104481.1
2023-08-24,15.47,15.61,15.87,15.21,91063.69
2023-08-25,15.58,15.21,15.69,15.12,74985.5
2023-08-28,15.98,15.61,16.16,15.46,100764.0
2023-08-29,15.61,16.34,16.43,15.48,137964.0
2023-08-30,16.34,15.31,16.34,14.95,244903.45
2023-08-31,15.06,14.86,15.22,14.8,138872.57
2023-09-01,14.93,15.33,15.46,14.77,151422.47
2023-09-04,15.52,16.13,16.25,15.32,169807.34
2023-09-05,16.1,15.84,16.11,15.75,90458.53
2023-09-06,15.72,15.72,16.04,15.69,66449.06
2023-09-07,15.72,15.53,15.8,15.5,55070.0
2023-09-08,15.44,15.61,15.7,15.31,53464.01
2023-09-11,15.61,15.98,16.15,15.48,104296.0
2023-09-12,15.98,15.94,16.18,15.89,70886.82
2023-09-13,15.84,15.66,15.94,15.5,52244.0
2023-09-14,15.55,15.48,15.73,15.35,61133.84
2023-09-15,15.52,15.43,15.58,15.34,43067.31
2023-09-18,15.41,16.02,16.33,15.41,107778.02
2023-09-19,15.86,15.77,15.94,15.57,72332.48
2023-09-20,15.62,15.49,15.75,15.43,47575.01
2023-09-21,15.43,15.22,15.57,15.21,45640.98
2023-09-22,15.24,15.6,15.61,15.19,45942.36
2023-09-25,15.61,15.61,15.81,15.5,49669.23
2023-09-26,15.61,15.61,15.78,15.47,37385.0
2023-09-27,15.61,15.57,15.8,15.52,35541.0
2023-09-28,15.6,15.69,15.93,15.6,49847.06
2023-10-09,15.75,15.94,16.06,15.73,85920.0
2023-10-10,15.89,15.71,15.96,15.34,86174.85
2023-10-11,15.8,15.38,15.81,14.39,68079.19
2023-10-12,15.61,15.98,16.24,15.56,106034.37
2023-10-13,15.96,15.58,15.97,15.57,67522.04
2023-10-16,15.59,15.52,15.81,15.46,53120.52
2023-10-17,15.52,15.39,15.66,15.26,58914.35
2023-10-18,15.33,15.4,15.65,15.26,49556.0
2023-10-19,15.27,14.93,15.31,14.93,58899.16
2023-10-20,14.93,15.05,15.37,14.92,47400.88
2023-10-23,15.03,14.82,15.2,14.74,42652.33
2023-10-24,14.79,14.69,14.92,14.58,58945.0
2023-10-25,14.52,14.52,14.75,14.03,101777.97
2023-10-26,14.52,15.2,15.3,14.48,146255.9
2023-10-27,15.24,16.71,16.71,15.16,140147.42
2023-10-30,17.26,15.71,17.26,15.65,318189.02
2023-10-31,15.61,14.77,15.75,14.64,231263.58
2023-11-01,14.71,14.82,15.09,14.49,152561.08
2023-11-02,14.85,14.85,15.11,14.76,156487.16
2023-11-03,14.66,14.89,14.97,14.55,108159.32
2023-11-06,14.88,15.19,15.2,14.78,125424.02
2023-11-07,15.1,15.79,16.2,15.1,219336.16
2023-11-08,15.75,15.54,15.82,15.41,126872.15
2023-11-09,15.44,15.46,15.65,15.1,97677.08
2023-11-10,15.4,15.06,15.4,14.94,83045.81
2023-11-13,15.25,15.71,15.8,15.09,149021.41
2023-11-14,15.85,17.28,17.28,15.78,286059.26
2023-11-15,17.85,19.01,19.01,17.64,442630.56
2023-11-16,19.88,19.78,20.49,18.77,533657.67
2023-11-17,19.55,21.76,21.76,19.38,483504.99
2023-11-20,21.42,20.31,21.68,19.94,447508.13
2023-11-21,20.31,19.64,20.31,19.52,302249.31
2023-11-22,19.47,18.98,19.6,18.84,282454.41
2023-11-23,18.88,19.49,20.04,18.87,330784.57
2023-11-24,19.25,19.15,19.39,18.97,212485.1
2023-11-27,19.86,19.74,20.13,19.17,265639.32
2023-11-28,19.2,19.48,19.58,18.95,214146.41
2023-11-29,19.31,18.91,19.34,18.63,134964.44
2023-11-30,18.65,18.65,18.96,18.44,126616.01
2023-12-01,18.66,18.42,18.68,18.33,110657.81
2023-12-04,18.61,18.25,18.67,18.18,118764.49
2023-12-05,18.27,18.12,18.51,18.12,131801.17
2023-12-06,18.18,18.2,18.43,17.87,107525.31
2023-12-07,18.2,18.06,18.2,17.88,82200.87
2023-12-08,18.03,17.72,18.2,17.68,86161.15
2023-12-11,17.78,17.92,18.04,17.61,78030.48
2023-12-12,17.92,18.13,18.25,17.75,100522.16
2023-12-13,18.02,18.14,18.29,17.97,70337.79
2023-12-14,18.25,17.87,18.26,17.85,57664.62
2023-12-15,17.9,17.88,18.08,17.79,45258.45
2023-12-18,17.74,17.75,18.06,17.69,48120.6
2023-12-19,17.7,17.67,17.82,17.56,42772.5
2023-12-20,17.8,17.3,17.8,17.24,51786.38
2023-12-21,17.25,17.45,17.55,17.07,63827.5
2023-12-22,17.54,17.26,17.55,17.13,34287.2
2023-12-25,17.29,17.54,17.69,17.23,48299.2
2023-12-26,17.51,17.23,17.57,17.09,33295.0
2023-12-27,17.23,17.28,17.35,16.98,41213.38
2023-12-28,17.2,17.27,17.35,17.08,51409.66
2023-12-29,17.18,17.28,17.38,17.02,42697.27
2024-01-02,17.29,17.29,17.49,17.2,59115.87
2024-01-03,17.24,17.28,17.38,17.0,52775.4
2024-01-04,17.42,17.2,17.78,17.12,84067.94
2024-01-05,17.43,17.36,17.84,17.2,150179.44
2024-01-08,17.4,16.83,17.4,16.61,92357.21
2024-01-09,16.92,17.8,17.8,16.92,148114.95
2024-01-10,17.57,17.7,18.03,16.84,182893.25
2024-01-11,17.48,18.26,18.5,17.14,152204.87
2024-01-12,18.25,18.03,18.44,18.02,88790.69
2024-01-15,17.91,18.17,18.19,17.78,69148.59
2024-01-16,18.13,19.25,19.3,18.03,167916.49
2024-01-17,19.27,18.48,19.29,18.46,113361.8
2024-01-18,18.17,18.99,19.05,18.06,100079.03
2024-01-19,18.86,18.91,19.69,18.64,113001.01
2024-01-22,19.85,20.8,20.8,19.5,199952.02
2024-01-23,20.02,20.61,20.73,19.74,216192.31
2024-01-24,20.03,19.89,20.37,19.14,162726.83
2024-01-25,19.61,20.07,20.32,19.54,127339.98
2024-01-26,19.97,19.76,20.5,19.73,112222.11
2024-01-29,19.53,19.74,20.31,19.53,98526.97
2024-01-30,19.42,19.74,20.19,19.3,72873.26
2024-01-31,19.74,19.02,19.74,18.89,84865.85
2024-02-01,19.06,19.15,19.59,18.91,68461.95
2024-02-02,18.93,18.66,19.43,17.95,73440.95
2024-02-05,18.25,18.46,18.99,17.67,81795.59
2024-02-06,18.38,19.9,20.27,18.08,113914.14
2024-02-07,19.88,21.27,21.79,19.88,134784.96
2024-02-08,21.07,21.12,21.56,20.57,128288.62
2024-02-19,21.22,21.02,22.4,20.71,156783.94
2024-02-20,20.88,20.91,21.02,20.13,118074.17
2024-02-21,20.79,20.93,21.55,20.61,108767.83
2024-02-22,20.88,21.29,21.41,20.57,93750.66
2024-02-23,21.24,21.3,21.59,20.77,92172.0
2024-02-26,21.74,22.16,22.59,21.3,167585.07
2024-02-27,21.88,23.04,23.16,21.8,149887.7
2024-02-28,22.51,21.79,23.01,21.79,103956.52
2024-02-29,21.88,23.97,23.97,21.84,105113.35
2024-03-01,24.96,24.8,26.0,24.04,254216.0
2024-03-04,24.39,24.65,24.78,24.06,117533.18
2024-03-05,24.45,26.12,27.12,24.1,205641.6
2024-03-06,25.41,24.7,25.41,24.15,166952.19
2024-03-07,24.33,23.77,24.59,23.66,134560.85
2024-03-08,23.83,24.05,24.14,23.5,70960.27
2024-03-11,23.94,24.4,24.59,23.78,110276.85
2024-03-12,24.24,24.27,24.68,23.86,95950.36
2024-03-13,24.32,24.6,25.22,24.27,88864.52
2024-03-14,24.41,24.46,24.87,24.15,69505.44
2024-03-15,24.21,25.55,25.6,24.2,116239.82
2024-03-18,25.59,26.11,26.29,25.18,109622.41
2024-03-19,26.19,25.34,26.19,25.24,71197.23
2024-03-20,25.26,25.57,25.59,24.96,74944.39
2024-03-21,25.42,26.57,26.92,25.16,111647.55
2024-03-22,26.59,26.63,27.13,26.15,68217.64
2024-03-25,26.63,26.83,27.36,26.41,80439.22
2024-03-26,26.68,26.95,27.23,26.51,56996.92
2024-03-27,26.83,25.7,26.96,25.7,75371.11
2024-03-28,25.83,26.61,26.77,25.8,65142.78
2024-03-29,26.71,27.41,27.6,26.62,57798.93
2024-04-01,27.41,27.03,27.49,26.34,75854.47
2024-04-02,27.03,26.58,27.21,26.07,89264.34
2024-04-03,26.51,26.7,26.88,26.02,59247.71
2024-04-08,26.7,27.02,27.69,26.51,73669.35
2024-04-09,26.7,25.49,26.87,25.32,121992.0
2024-04-10,25.65,25.62,26.2,25.42,88991.62
2024-04-11,25.31,26.16,26.67,25.31,77269.6
2024-04-12,26.16,26.22,26.65,25.96,58890.54
2024-04-15,26.22,26.59,26.63,25.96,61705.12
2024-04-16,26.14,25.82,26.96,25.82,62951.14
2024-04-17,25.81,27.21,27.31,25.81,71095.56
2024-04-18,27.23,28.32,28.84,26.99,113843.36
2024-04-19,28.24,28.11,28.29,27.49,69454.55
2024-04-22,28.11,27.64,28.26,27.51,56406.05
2024-04-23,27.69,26.71,27.76,26.43,78667.03
2024-04-24,27.13,24.24,27.42,24.04,214425.59
2024-04-25,23.88,23.23,24.24,22.99,257938.96
2024-04-26,23.21,24.47,24.69,23.19,191591.97
2024-04-29,24.51,24.15,24.68,23.74,114516.94
2024-04-30,24.14,23.76,24.28,23.49,99718.69
2024-05-06,23.98,24.67,24.86,23.63,149469.48
2024-05-07,24.56,24.03,24.67,23.88,102926.16
2024-05-08,24.2,24.01,24.22,23.49,88728.54
2024-05-09,24.0,24.28,24.45,23.77,90778.25
2024-05-10,24.29,24.0,24.37,23.68,61059.06
2024-05-13,23.7,24.2,24.51,23.57,69677.22
2024-05-14,24.2,24.69,25.01,24.09,82841.89
2024-05-15,24.66,24.28,25.1,24.22,73275.01
2024-05-16,24.49,23.78,24.49,23.6,85895.58
2024-05-17,23.88,23.74,24.12,23.44,61931.35
2024-05-20,23.74,23.83,23.9,23.42,60829.7
2024-05-21,23.78,23.57,23.87,23.23,70406.01
2024-05-22,23.5,23.4,23.77,23.32,43427.0
2024-05-23,23.34,22.94,23.34,22.82,43564.0
2024-05-24,22.94,22.45,22.97,22.44,45519.1
2024-05-27,22.55,22.44,22.75,22.09,72277.4
2024-05-28,22.48,22.3,22.58,22.23,50600.0
2024-05-29,22.2,22.15,22.3,21.91,48806.0
2024-05-30,22.21,22.7,23.08,22.15,77325.0
2024-05-31,22.6,22.96,23.51,22.48,61207.6
2024-06-03,22.97,22.72,23.35,22.5,59568.1
2024-06-04,22.99,22.8,23.28,22.57,59190.12
2024-06-05,22.7,22.14,22.85,22.11,52171.0
2024-06-06,22.24,21.74,22.31,21.69,45850.09
2024-06-07,21.97,21.77,22.31,21.34,55936.47
2024-06-11,21.67,21.67,21.79,21.38,38603.61
2024-06-12,21.68,21.5,21.76,21.38,39468.71
2024-06-13,21.42,21.28,21.47,21.06,49677.98
2024-06-14,21.27,21.42,21.47,21.02,52401.55
2024-06-17,21.3,21.46,21.89,21.21,47465.14
2024-06-18,21.45,21.71,21.78,21.36,43082.37
2024-06-19,21.71,20.85,21.77,20.83,59530.0
2024-06-20,20.88,20.6,21.01,20.33,59586.91
2024-06-21,20.57,20.64,21.05,20.49,42380.25
2024-06-24,20.6,20.02,20.77,20.02,45416.22
2024-06-25,20.18,20.09,20.51,19.97,48105.29
2024-06-26,20.08,20.35,20.44,19.99,36270.0
2024-06-27,20.42,19.77,20.43,19.72,45036.84
2024-06-28,19.77,19.71,20.14,19.62,56770.2
2024-07-01,19.62,20.49,20.63,19.58,81254.1
2024-07-02,20.47,19.6,20.49,19.47,94455.79
2024-07-03,19.57,19.39,19.66,19.35,46857.1
2024-07-04,19.43,19.21,19.86,19.07,54746.47
2024-07-05,19.21,19.06,19.33,18.9,44380.78
2024-07-08,18.95,18.43,19.1,18.25,86418.71
2024-07-09,18.45,19.34,19.39,18.43,95510.4
2024-07-10,21.02,21.27,21.27,20.78,172390.17
2024-07-11,21.91,20.32,22.32,20.17,505588.84
2024-07-12,20.33,22.35,22.35,20.09,475510.93
2024-07-15,22.33,21.94,24.2,21.68,652825.48
2024-07-16,21.29,22.7,22.91,21.16,490546.5
2024-07-17,22.51,21.61,22.52,21.61,321458.4
2024-07-18,20.97,21.82,22.07,20.43,261518.69
2024-07-19,21.82,21.36,22.81,21.08,324966.76
2024-07-22,20.83,20.99,21.78,20.83,259784.29
2024-07-23,21.34,23.09,23.09,21.31,619124.81
2024-07-24,22.44,21.4,22.65,21.36,462679.07
2024-07-25,21.22,23.08,23.54,20.91,528748.13
2024-07-26,24.0,24.64,25.27,23.34,593523.53
2024-07-29,24.3,24.72,26.62,24.29,593523.01
2024-07-30,24.51,27.2,27.2,23.92,547435.13
2024-07-31,29.91,29.91,29.91,29.0,556696.34
2024-08-01,31.68,29.33,32.21,28.88,722358.96
2024-08-02,29.09,26.39,29.33,26.39,647519.51
2024-08-05,25.11,23.76,25.8,23.76,507077.78
2024-08-06,23.71,23.09,23.96,22.67,423479.83
2024-08-07,22.83,23.22,23.59,22.61,382181.23
2024-08-08,22.75,21.87,22.94,21.77,358212.22
2024-08-09,21.82,21.94,22.48,21.82,240430.78
2024-08-12,21.89,21.77,22.1,21.3,225305.75
2024-08-13,21.76,22.23,22.23,21.39,252015.38
2024-08-14,22.08,22.51,23.04,21.98,356631.45
2024-08-15,22.23,23.51,24.24,21.63,452667.66
2024-08-16,22.89,22.37,23.36,22.37,340603.66
2024-08-19,22.05,22.46,23.1,22.05,270698.33
2024-08-20,22.31,21.63,22.41,21.47,241479.52
2024-08-21,21.41,21.36,21.56,21.12,177271.25
2024-08-22,21.3,20.69,21.3,20.58,200500.37
2024-08-23,20.53,20.54,20.95,20.46,147045.51
2024-08-26,20.45,20.63,20.91,20.08,144954.52
2024-08-27,20.51,19.97,20.52,19.88,143325.54
2024-08-28,19.8,19.42,20.16,19.37,136645.9
2024-08-29,19.3,19.67,19.87,19.2,134194.0
2024-08-30,19.61,20.46,20.8,19.5,211030.27
2024-09-02,20.36,19.67,20.58,19.67,151882.0
2024-09-03,19.66,19.75,19.9,19.48,107483.0
2024-09-04,19.54,19.74,19.88,19.43,92527.03
2024-09-05,19.77,20.32,20.43,19.71,176615.54
2024-09-06,20.2,20.89,22.09,20.2,350763.33
2024-09-09,20.46,19.82,20.58,19.74,229726.44
2024-09-10,19.81,19.88,19.99,19.53,129431.88
2024-09-11,19.69,19.8,20.0,19.58,82566.14
2024-09-12,19.78,19.65,20.21,19.6,105124.27
2024-09-13,19.67,19.37,19.76,19.36,83921.75
2024-09-18,19.39,19.52,19.57,19.08,80801.35
2024-09-19,19.52,19.9,19.98,19.35,112447.72
2024-09-20,19.96,19.72,20.1,19.51,92703.0
2024-09-23,19.63,19.81,20.13,19.52,104387.81
2024-09-24,19.91,20.69,20.73,19.61,200372.82
2024-09-25,20.85,20.8,21.46,20.69,188977.0
2024-09-26,20.84,21.88,21.9,20.84,242574.99
2024-09-27,22.25,23.79,24.06,22.25,334791.13
2024-09-30,24.86,26.18,26.18,24.78,318536.17
2024-10-08,28.01,28.03,28.77,24.93,422487.14
2024-10-09,26.16,25.23,27.57,25.22,287240.27
2024-10-10,26.18,26.04,27.44,25.77,326722.64
2024-10-11,25.69,26.69,27.74,25.22,331370.32
2024-10-14,26.16,26.47,26.78,25.56,235371.23
2024-10-15,26.21,25.4,26.32,25.4,182808.75
2024-10-16,24.69,25.89,26.23,24.47,175763.53
2024-10-17,25.8,25.4,26.21,25.29,138536.76
2024-10-18,25.3,26.34,26.81,25.21,185863.93
2024-10-21,26.16,25.35,26.33,25.09,247689.02
2024-10-22,25.35,25.8,26.19,25.27,171333.7
2024-10-23,25.81,26.44,26.95,25.41,268633.13
2024-10-24,26.32,24.55,26.33,24.42,348123.08
2024-10-25,24.66,24.5,24.78,24.3,166958.0
2024-10-28,24.48,24.36,24.49,24.03,147435.23
2024-10-29,24.32,23.76,24.52,23.7,153854.63
2024-10-30,23.59,23.96,24.19,23.51,108902.36
2024-10-31,23.65,24.01,24.26,23.54,139397.01
2024-11-01,23.83,22.95,24.07,22.92,170884.35
2024-11-04,23.15,23.91,24.11,22.99,211412.0
2024-11-05,23.99,24.18,24.29,23.39,174938.51
2024-11-06,24.06,24.3,24.94,24.02,213068.84
2024-11-07,23.9,24.54,24.65,23.85,147974.83
2024-11-08,24.61,24.18,24.88,24.01,142057.95
2024-11-11,24.19,25.13,25.21,24.06,232680.9
2024-11-12,27.11,27.64,27.64,26.35,177860.76
2024-11-13,27.02,26.4,27.02,25.01,428764.92
2024-11-14,25.95,24.92,26.15,24.85,242428.38
2024-11-15,24.63,24.74,25.72,24.61,209900.91
2024-11-18,25.04,23.77,25.17,23.6,171964.51
2024-11-19,23.92,24.18,24.34,23.51,115057.25
2024-11-20,24.05,24.34,24.52,23.69,127001.8
2024-11-21,24.19,24.24,24.78,23.99,124297.39
2024-11-22,24.12,23.03,24.22,22.89,127245.25
2024-11-25,23.2,23.16,23.43,22.65,92529.46
2024-11-26,23.02,22.94,23.45,22.94,70428.39
2024-11-27,22.94,23.22,23.23,22.33,71063.94
2024-11-28,23.24,22.73,23.25,22.68,73294.32
2024-11-29,22.69,23.03,23.22,22.67,88082.0
2024-12-02,23.22,24.0,24.0,23.08,151267.93
2024-12-03,24.0,23.7,24.01,23.4,95006.0
2024-12-04,23.7,23.33,23.8,23.18,62650.0
2024-12-05,23.23,23.3,23.43,23.13,51450.06
2024-12-06,23.24,23.69,23.79,23.24,92439.82
2024-12-09,23.71,23.72,24.16,23.52,87963.0
2024-12-10,24.48,23.54,24.48,23.51,103959.0
2024-12-11,23.54,23.77,23.79,23.46,66962.16
2024-12-12,23.82,23.89,23.94,23.54,78482.93
2024-12-13,23.76,23.15,23.84,23.08,100535.71
2024-12-16,23.21,22.94,23.36,22.8,71506.96
2024-12-17,22.93,22.89,23.41,22.81,65307.05
2024-12-18,22.9,22.91,23.26,22.8,51176.94
2024-12-19,22.7,22.8,22.85,22.48,43281.0
2024-12-20,22.76,22.59,22.85,22.58,51229.71
2024-12-23,22.58,22.37,22.9,22.36,61214.47
2024-12-24,22.37,22.94,23.12,22.34,72362.31
2024-12-25,23.01,22.57,23.01,22.39,54547.33
2024-12-26,22.61,22.98,23.12,22.5,64567.0
2024-12-27,22.96,23.17,23.32,22.85,66420.0
2024-12-30,23.17,22.7,23.23,22.61,62800.0
2024-12-31,22.76,21.91,22.79,21.82,75587.0
2025-01-02,21.91,21.33,22.03,21.12,59811.26
2025-01-03,21.4,20.99,21.86,20.92,71599.0
2025-01-06,21.02,20.93,21.33,20.71,64644.0
2025-01-07,20.97,20.99,21.15,20.81,46319.5
2025-01-08,20.88,20.73,20.97,20.09,90784.29
2025-01-09,20.55,20.54,20.79,20.46,53417.65
2025-01-10,20.6,20.05,20.6,20.05,59249.0
2025-01-13,19.97,20.06,20.27,19.9,50314.51
2025-01-14,20.07,20.85,20.92,20.03,79890.11
2025-01-15,20.86,20.74,20.97,20.58,47445.0
2025-01-16,20.85,20.93,21.15,20.69,48783.29
2025-01-17,20.8,21.03,21.12,20.74,41878.83
2025-01-20,21.29,21.53,21.66,21.28,64448.51
2025-01-21,21.41,21.51,21.66,21.23,45934.21
2025-01-22,21.41,21.36,21.62,21.21,39747.88
2025-01-23,21.48,21.23,21.74,21.21,52442.59
2025-01-24,21.14,21.25,21.39,21.08,48469.27
2025-01-27,21.31,21.08,21.55,21.05,38604.35
2025-02-05,21.19,21.07,21.24,20.93,48692.4
2025-02-06,21.01,21.62,21.63,20.84,73116.25
2025-02-07,21.94,22.73,22.87,21.78,177494.37
2025-02-10,22.69,22.57,23.5,22.46,122589.39
2025-02-11,22.56,22.27,22.74,22.14,62868.0
2025-02-12,22.19,22.15,22.21,21.84,71740.35
2025-02-13,22.15,21.83,22.21,21.8,52310.28
2025-02-14,21.8,21.93,22.04,21.74,58497.0
2025-02-17,23.36,22.52,23.62,22.51,194784.77
2025-02-18,22.42,21.63,22.44,21.52,104989.82
2025-02-19,21.86,22.13,22.37,21.8,91592.8
2025-02-20,21.92,21.72,21.92,21.62,68558.17
2025-02-21,21.76,21.47,21.81,21.33,78788.81
2025-02-24,21.4,21.23,21.54,21.12,73371.81
2025-02-25,21.17,21.38,21.73,20.98,82898.62
2025-02-26,21.38,21.54,21.67,21.28,67608.92
2025-02-27,21.64,21.4,21.67,21.18,62095.97
2025-02-28,21.24,20.75,21.38,20.72,65511.73
2025-03-03,20.81,20.64,21.15,20.56,54913.0
2025-03-04,20.55,20.7,20.75,20.45,38975.75
2025-03-05,20.81,20.75,20.82,20.53,35839.03
2025-03-06,20.79,20.95,20.95,20.66,63495.65
2025-03-07,20.88,20.83,21.0,20.67,50598.0
2025-03-10,20.83,20.85,20.93,20.7,40236.65
2025-03-11,20.65,20.81,20.82,20.56,38091.08
2025-03-12,20.82,20.97,21.13,20.82,53530.86
2025-03-13,20.98,20.66,21.0,20.52,49169.73
2025-03-14,20.6,21.09,21.16,20.55,70885.59
2025-03-17,21.22,21.36,21.48,21.19,66332.21
2025-03-18,21.48,21.43,21.53,21.3,47910.0
2025-03-19,21.59,21.6,21.85,21.45,68906.0
2025-03-20,21.49,21.58,21.77,21.44,61535.37
2025-03-21,21.49,21.35,21.62,21.27,62409.0
2025-03-24,21.3,21.22,21.45,20.88,48298.0
2025-03-25,21.28,21.3,21.41,21.12,38200.0
2025-03-26,21.17,21.66,21.77,21.16,60328.0
2025-03-27,21.49,21.48,21.64,21.26,42868.5
2025-03-28,21.42,21.4,21.56,21.24,40036.01
2025-03-31,21.66,21.38,22.11,21.15,114425.11
2025-04-01,21.08,21.06,21.58,21.02,88651.95
2025-04-02,21.07,21.4,21.62,20.86,85287.56
2025-04-03,21.15,20.74,21.26,20.66,64009.95
2025-04-07,18.68,18.67,19.49,18.67,63664.0
2025-04-08,18.13,17.33,18.52,17.01,152524.06
2025-04-09,17.27,17.42,17.48,16.21,102860.66
2025-04-10,17.88,17.79,18.26,17.79,85708.06
2025-04-11,17.64,17.92,18.11,17.61,58638.13
2025-04-14,18.42,18.48,19.13,18.4,114579.74
2025-04-15,18.55,18.25,18.68,18.2,58644.0
2025-04-16,18.11,18.12,18.25,17.73,48939.57
2025-04-17,17.97,18.09,18.34,17.88,37792.0
2025-04-18,18.21,18.24,18.56,18.11,39861.67
2025-04-21,18.25,18.41,18.43,18.12,30369.2
2025-04-22,18.32,18.47,18.65,18.3,32535.0
2025-04-23,18.67,18.76,18.83,18.54,49988.37
2025-04-24,18.22,18.11,18.42,17.83,88639.28
2025-04-25,18.11,18.04,18.22,17.98,34977.0
2025-04-28,17.98,17.57,18.01,17.51,59454.75
2025-04-29,17.64,17.53,17.68,17.47,32797.6
2025-04-30,17.56,17.55,17.69,17.45,34448.02
2025-05-06,17.69,17.99,17.99,17.68,44456.63
2025-05-07,18.33,18.2,18.97,18.08,89791.0
2025-05-08,18.13,18.32,18.34,18.1,37640.01
2025-05-09,18.32,18.11,18.36,18.04,30303.0
2025-05-12,18.26,18.39,18.42,18.24,35240.0
2025-05-13,18.74,18.4,18.74,18.39,39572.0
2025-05-14,18.45,18.41,18.52,18.2,35868.89
2025-05-15,18.41,18.31,18.44,18.23,36387.5
2025-05-16,18.35,19.11,19.76,18.24,147299.4
2025-05-19,18.75,18.77,19.11,18.5,76431.3
2025-05-20,18.69,19.11,19.39,18.66,83234.04
2025-05-21,19.06,20.38,20.51,18.96,225532.22
2025-05-22,20.09,20.18,20.65,19.97,132449.03
2025-05-23,20.11,19.69,20.42,19.68,86689.82
2025-05-26,19.63,19.74,20.18,19.53,67980.4
2025-05-27,19.64,19.47,20.15,19.36,47555.15
2025-05-28,20.1,19.56,20.55,19.51,89353.68
2025-05-29,19.43,20.66,20.93,19.43,141303.81
2025-05-30,20.65,20.07,21.3,19.97,131893.05
2025-06-03,19.81,19.39,20.0,19.32,81752.0
2025-06-04,19.41,19.32,19.53,19.17,44860.55
2025-06-05,19.36,19.25,19.39,19.17,43238.0
2025-06-06,19.27,18.94,19.33,18.82,56416.09
2025-06-09,18.96,18.97,19.13,18.89,49716.59
2025-06-10,18.98,18.84,19.1,18.68,52608.99
2025-06-11,18.83,18.87,19.01,18.77,48976.08
2025-06-12,18.82,18.7,18.85,18.67,61212.18
2025-06-13,18.6,18.72,18.81,18.55,59054.73
2025-06-16,18.7,18.94,19.01,18.6,53760.31
2025-06-17,18.86,18.99,19.04,18.79,30272.98
2025-06-18,18.91,18.76,18.92,18.66,28648.88
2025-06-19,18.73,18.73,18.79,18.61,30064.48
2025-06-20,18.64,18.74,18.89,18.61,24293.24
2025-06-23,18.65,18.71,18.75,18.5,27230.0
2025-06-24,18.89,18.96,19.05,18.87,39835.02
2025-06-25,18.99,19.01,19.03,18.82,35947.53
2025-06-26,19.01,18.86,19.06,18.85,35127.04
2025-06-27,18.94,18.99,19.08,18.87,34301.6
2025-06-30,18.99,18.99,19.07,18.94,26392.02
2025-07-01,19.06,18.97,19.07,18.88,25402.0
2025-07-02,18.92,18.92,18.97,18.82,22900.0
2025-07-03,18.96,19.19,19.57,18.96,65816.41
2025-07-04,19.04,19.06,19.19,19.02,30028.38
2025-07-07,19.06,19.0,19.1,18.92,17373.14
2025-07-08,18.99,19.13,19.15,18.96,25133.04
2025-07-09,19.13,19.04,19.21,19.0,28332.18
2025-07-10,19.03,19.16,19.16,18.94,25518.53
2025-07-11,19.16,19.29,19.4,19.08,46268.46
2025-07-14,19.29,19.2,19.31,19.18,23565.37
2025-07-15,19.11,19.12,19.25,18.99,29521.01
2025-07-16,19.12,19.23,19.3,19.06,28759.0
2025-07-17,19.25,19.3,19.31,19.13,34290.0
2025-07-18,19.34,19.25,19.35,19.22,36562.06
2025-07-21,19.24,19.44,19.53,19.24,44301.17
2025-07-22,19.43,19.93,20.09,19.4,89246.77
2025-07-23,19.94,20.41,20.69,19.93,121960.31
2025-07-24,20.4,20.27,20.4,20.2,49787.4
2025-07-25,20.33,20.68,20.97,20.23,76269.0
2025-07-28,20.7,20.37,20.83,20.34,43223.0
2025-07-29,20.35,20.28,20.44,19.93,44842.35
2025-07-30,20.21,20.12,20.35,20.01,35680.02
2025-07-31,20.08,19.76,20.11,19.65,42126.99
2025-08-01,19.75,19.85,20.03,19.7,21812.47
2025-08-04,19.76,19.79,19.85,19.65,28659.85
2025-08-05,19.8,20.05,20.1,19.76,31394.38
2025-08-06,19.99,19.89,20.08,19.81,39139.71
2025-08-07,19.91,19.75,19.95,19.73,36059.51
2025-08-08,19.72,19.59,19.74,19.5,36804.97
2025-08-11,19.61,19.57,19.67,19.53,44114.38
2025-08-12,19.6,19.62,19.67,19.51,41893.16
2025-08-13,19.71,19.84,19.9,19.63,58991.87
2025-08-14,20.09,19.53,20.14,19.51,57005.0
2025-08-15,19.5,19.78,19.81,19.5,39405.17
2025-08-18,19.89,19.9,20.01,19.81,48173.04
2025-08-19,19.87,20.12,20.13,19.87,63829.38
2025-08-20,20.09,20.21,20.21,19.72,71027.61
2025-08-21,20.2,20.08,20.21,19.95,54118.65
2025-08-22,20.2,20.1,20.3,19.94,57116.71
2025-08-25,20.09,20.02,20.17,19.9,66758.5
2025-08-26,19.96,20.33,20.47,19.91,76355.11
2025-08-27,20.45,20.22,21.37,20.19,141635.77
2025-08-28,20.14,19.86,20.39,19.37,106661.25
2025-08-29,19.91,20.0,20.24,19.72,63089.24
2025-09-01,20.0,20.93,21.1,19.86,155212.79
2025-09-02,20.91,20.46,20.91,20.28,71965.01
2025-09-03,20.48,20.02,20.68,19.98,53068.0
2025-09-04,20.11,20.12,20.38,19.8,60584.34
2025-09-05,20.14,20.63,20.66,20.14,66095.67
2025-09-08,20.64,20.53,20.64,20.21,64826.6
2025-09-09,20.49,20.64,20.79,20.38,60813.61
2025-09-10,20.57,20.32,20.67,20.31,43653.86
2025-09-11,20.32,20.62,20.64,20.05,64130.63
2025-09-12,20.54,20.38,21.01,20.34,64759.63
2025-09-15,20.39,20.4,20.68,20.34,37323.59
2025-09-16,20.39,20.24,20.41,20.07,43542.76
2025-09-17,20.24,20.36,20.44,20.1,38621.41
2025-09-18,20.36,20.02,20.51,19.84,56745.28
2025-09-19,19.91,20.06,20.16,19.79,45336.0
2025-09-22,20.06,20.18,20.47,20.03,49376.1
2025-09-23,20.18,19.85,20.25,19.62,47028.32
2025-09-24,20.54,20.87,21.74,20.54,222148.39
2025-09-25,20.81,20.7,21.21,20.4,120152.96
2025-09-26,20.67,20.49,20.98,20.49,67745.29
2025-09-29,20.5,20.62,20.67,20.28,61001.0
2025-09-30,20.5,20.43,20.58,20.31,61540.0
2025-10-09,20.36,20.46,20.55,20.3,57434.26
2025-10-10,20.46,20.91,21.02,20.41,90739.71
2025-10-13,20.34,20.39,20.49,20.0,90231.44
2025-10-14,20.39,20.24,20.74,20.21,67419.46
2025-10-15,20.2,21.1,21.14,20.2,122640.0
2025-10-16,21.19,20.85,21.2,20.81,83754.0
2025-10-17,20.84,20.12,20.97,20.09,89750.0
2025-10-20,20.29,20.76,20.9,20.15,95503.62
2025-10-21,20.77,21.04,21.2,20.7,84695.21
2025-10-22,20.29,19.83,20.43,19.79,182466.83
2025-10-23,19.79,19.66,19.79,19.43,81358.51
2025-10-24,19.76,19.66,19.92,19.61,55404.69
2025-10-27,19.68,19.66,19.86,19.65,49077.89
2025-10-28,19.67,19.42,19.67,19.36,54579.76
2025-10-29,19.42,19.55,19.55,19.19,44774.46
2025-10-30,19.52,19.32,19.52,19.28,41175.0
2025-10-31,19.31,19.38,19.4,19.24,31497.0
2025-11-03,19.44,19.24,19.45,19.19,48457.34
2025-11-04,19.23,18.92,19.27,18.82,53328.75
2025-11-05,18.79,18.87,18.91,18.72,32113.25
2025-11-06,18.93,18.88,18.94,18.83,29118.15
2025-11-07,18.82,18.76,18.92,18.74,31867.54
2025-11-10,18.72,18.92,18.93,18.52,40022.54
2025-11-11,18.88,18.87,18.94,18.83,27245.54
2025-11-12,18.94,18.81,18.94,18.79,20019.22
2025-11-13,18.85,18.9,18.93,18.77,23100.61
2025-11-14,18.84,18.9,19.13,18.82,30378.0
2025-11-17,18.9,19.0,19.01,18.84,32827.27
2025-11-18,18.95,18.74,18.99,18.66,33381.84
2025-11-19,18.72,18.62,18.86,18.6,28434.0
2025-11-20,18.69,18.38,18.69,18.34,33374.52
2025-11-21,18.32,18.04,18.41,17.97,33723.84
2025-11-24,18.04,18.07,18.14,17.92,19667.0
2025-11-25,18.14,18.26,18.34,18.04,23278.74
2025-11-26,18.26,18.03,18.33,18.02,19771.12
2025-11-27,18.08,18.06,18.16,17.97,14175.0
2025-11-28,18.1,18.2,18.21,17.94,14315.0
2025-12-01,18.23,18.13,18.27,18.05,26581.13
2025-12-02,18.1,18.16,18.22,18.06,17268.0
2025-12-03,18.16,18.03,18.19,17.97,17192.58
2025-12-04,17.99,18.08,18.11,17.85,19339.0
2025-12-05,18.08,18.09,18.14,17.94,20986.0
2025-12-08,18.14,17.86,18.15,17.85,40897.23
2025-12-09,17.84,17.37,17.84,17.33,50793.4
2025-12-10,17.38,17.36,17.47,17.18,37303.42
2025-12-11,17.34,17.23,17.44,17.2,17089.13
2025-12-12,17.21,17.88,18.07,17.1,72472.93
2025-12-15,17.87,17.78,17.87,17.63,26304.77
2025-12-16,17.93,17.82,17.97,17.69,29070.77
2025-12-17,17.8,17.93,17.97,17.76,25449.11
2025-12-18,17.93,17.67,17.93,17.67,24201.0
2025-12-19,17.75,17.89,18.01,17.67,29111.45
2025-12-22,17.89,18.07,18.21,17.89,29991.54
2025-12-23,18.06,17.92,18.12,17.9,16558.01
2025-12-24,17.93,17.98,18.06,17.88,17402.0
2025-12-25,18.01,18.01,18.06,17.89,15226.0
2025-12-26,18.02,18.14,18.23,17.97,31746.01
2025-12-29,18.09,18.21,18.31,18.06,27326.0
2025-12-30,18.21,18.37,18.55,18.12,40733.01
2025-12-31,18.4,17.97,18.53,17.96,44156.16
2026-01-05,18.02,17.8,18.13,17.73,46921.61
2026-01-06,17.84,17.91,18.05,17.8,46792.0
2026-01-07,17.91,17.64,17.91,17.58,46638.42
2026-01-08,17.65,17.59,17.65,17.55,31476.2
2026-01-09,17.58,17.59,17.72,17.48,46455.9
2026-01-12,17.63,17.72,17.72,17.54,42172.77
2026-01-13,17.76,17.57,17.8,17.53,46234.2
2026-01-14,17.56,17.4,17.68,17.28,50337.0
2026-01-15,17.43,17.48,17.59,17.36,29781.0
2026-01-16,17.53,17.42,17.55,17.34,33079.8
2026-01-19,17.42,17.54,17.64,17.34,36678.01
2026-01-20,17.56,17.52,17.59,17.44,35625.5
2026-01-21,17.47,17.36,17.53,17.34,37165.86
2026-01-22,17.36,17.5,17.52,17.35,37299.16
2026-01-23,17.46,17.47,17.53,17.42,35399.0
2026-01-26,17.6,17.79,17.8,17.4,87075.97
2026-01-27,17.7,17.79,17.99,17.45,73624.42
2026-01-28,17.72,18.04,18.32,17.66,86099.45
2026-01-29,17.95,17.72,18.01,17.59,67979.5
2026-01-30,17.69,17.48,17.76,17.4,56222.52
2026-02-02,17.4,17.22,17.61,17.21,60192.0
2026-02-03,17.27,17.18,17.38,17.06,49731.78
2026-02-04,17.2,17.29,17.31,17.13,41048.15
2026-02-05,17.24,17.34,17.42,17.21,35592.26
2026-02-06,17.25,17.2,17.37,17.2,33591.29
2026-02-09,17.3,17.28,17.41,17.23,26523.01
2026-02-10,17.29,17.35,17.37,17.25,19824.0
2026-02-11,17.37,17.39,17.46,17.31,21552.14
2026-02-12,17.38,17.44,17.53,17.27,32512.27
2026-02-13,17.44,17.32,17.49,17.31,32060.27
2026-02-24,17.45,17.72,17.76,17.35,54938.91
2026-02-25,17.76,17.92,18.14,17.71,74548.05
2026-02-26,17.97,17.76,17.97,17.68,36312.57
2026-02-27,17.75,18.01,18.12,17.66,41376.06
2026-03-02,17.83,17.77,18.0,17.53,54153.0
2026-03-03,17.74,17.37,17.97,17.32,61198.6
2026-03-04,17.29,17.02,17.39,16.86,55392.77
2026-03-05,17.15,17.24,17.47,17.05,46368.2
2026-03-06,17.23,17.47,17.49,17.15,26507.7
2026-03-09,17.39,17.18,17.44,17.1,35501.0
2026-03-10,17.27,17.38,17.38,17.24,19592.07
2026-03-11,17.44,17.58,17.61,17.25,36329.87
2026-03-12,17.49,17.46,17.59,17.44,23416.0
2026-03-13,17.48,17.29,17.57,17.24,30005.0
2026-03-16,17.27,17.4,17.45,17.2,29073.76
2026-03-17,17.44,17.63,17.89,17.37,63508.93
2026-03-18,17.63,17.28,18.17,17.21,90591.69
2026-03-19,17.17,17.0,17.24,16.91,49630.21
2026-03-20,17.0,16.82,17.13,16.81,37836.0
2026-03-23,16.66,15.99,16.66,15.95,64454.61
2026-03-24,16.13,16.32,16.36,15.96,32391.36
2026-03-25,16.34,16.66,16.74,16.25,26311.28
2026-03-26,16.67,16.87,17.23,16.57,48678.0
2026-03-27,16.71,16.86,16.93,16.69,22752.0
2026-03-30,16.63,17.11,17.36,16.48,78777.18
2026-03-31,17.11,17.61,17.98,17.11,100049.31
2026-04-01,17.78,18.02,18.04,17.78,83775.95
2026-04-02,18.01,18.31,18.43,17.93,97717.0
2026-04-03,18.26,17.8,18.39,17.66,58540.0
2026-04-07,17.77,17.59,18.01,17.55,41273.86
2026-04-08,17.8,17.77,17.89,17.62,52968.95
2026-04-09,17.68,17.63,17.94,17.6,33564.0
2026-04-10,17.64,18.12,18.3,17.63,65519.65
2026-04-13,17.97,18.41,18.61,17.82,68204.0
2026-04-14,18.31,18.2,18.59,18.12,43868.0
2026-04-15,18.26,17.88,18.26,17.7,50148.0
2026-04-16,17.87,18.48,18.7,17.83,99833.93
2026-04-17,18.34,18.33,18.65,18.28,43447.47
2026-04-20,18.28,18.61,18.86,18.09,69920.2
2026-04-21,18.64,18.37,18.66,18.34,34084.2
2026-04-22,18.26,18.64,18.78,18.16,45788.0
2026-04-23,18.63,18.56,18.77,18.46,39196.0
2026-04-24,18.4,18.31,18.55,18.19,32600.0
2026-04-27,18.5,19.04,19.21,18.37,105482.86
2026-04-28,19.05,18.37,19.14,18.22,74141.0
2026-04-29,18.31,18.48,18.59,18.26,41408.9
2026-04-30,18.49,18.11,18.49,17.95,49238.11
2026-05-06,18.21,18.45,18.45,18.13,60774.12
2026-05-07,18.4,18.75,18.85,18.34,53731.51
2026-05-08,18.75,18.18,18.84,17.95,74820.5
2026-05-11,18.18,18.28,18.42,17.97,59092.2
2026-05-12,18.17,18.08,18.47,18.06,46899.93
2026-05-13,18.21,18.29,18.6,18.14,50969.0
2026-05-14,18.32,18.09,18.44,18.09,35377.92
2026-05-15,18.09,17.81,18.16,17.68,42735.4
2026-05-18,17.79,17.48,17.8,17.37,44993.14
2026-05-19,17.48,17.42,17.62,17.3,23908.0
2026-05-20,17.41,17.24,17.41,17.06,32301.0
2026-05-21,17.24,17.1,17.58,17.01,39124.6
2026-05-22,17.08,16.96,17.21,16.86,33012.0
2026-05-25,16.92,16.56,17.02,16.44,50351.4
2026-05-26,16.47,16.37,16.66,16.19,48819.0
2026-05-27,16.36,16.14,16.51,16.05,32459.68
2026-05-28,16.1,15.89,16.28,15.71,47658.46
2026-05-29,15.92,16.18,16.32,15.8,40569.8
2026-06-01,16.09,16.16,16.26,16.04,63556.0
2026-06-02,16.25,16.44,16.52,16.09,58333.86
2026-06-03,16.38,16.87,17.17,16.29,74526.76
2026-06-04,16.77,16.65,17.23,16.54,45551.0
2026-06-05,16.67,16.51,17.1,16.42,42645.51
2026-06-08,16.38,16.07,16.42,15.88,37647.21
2026-06-09,16.09,16.03,16.17,15.84,28911.13
2026-06-10,15.91,16.37,16.4,15.9,31369.48
2026-06-11,16.33,16.02,16.37,15.86,30134.0
2026-06-12,16.05,16.82,16.96,15.95,72824.69
2026-06-15,16.85,17.61,17.62,16.82,72513.03
2026-06-16,17.45,17.2,17.57,17.09,50774.92
2026-06-17,17.15,16.84,17.15,16.73,27737.86
2026-06-18,16.81,16.94,17.0,16.38,39865.49
2026-06-22,16.81,16.7,16.91,16.33,30664.05
2026-06-23,16.6,16.72,16.91,16.6,25963.46
2026-06-24,16.86,16.33,16.9,16.25,27685.96
2026-06-25,16.23,16.11,16.55,15.95,30221.3
2026-06-26,16.11,15.63,16.16,15.6,33617.21
2026-06-29,15.55,15.77,15.89,14.97,32883.48
2026-06-30,15.7,15.67,15.76,15.45,22309.06
2026-07-01,15.6,15.74,15.77,15.42,38068.84
2026-07-02,15.72,15.81,16.08,15.67,32530.0
2026-07-03,15.89,16.06,16.28,15.88,37557.0
2026-07-06,16.14,16.38,16.62,16.07,42277.0
2026-07-07,16.44,16.04,16.52,15.94,32476.0
2026-07-08,16.05,16.0,16.31,15.82,30830.49
2026-07-09,15.99,15.67,16.03,15.58,31999.0
2026-07-10,15.8,15.73,15.85,15.4,31736.0
2026-07-13,15.56,15.66,15.84,15.55,35489.1
2026-07-14,15.65,16.01,16.13,15.5,42814.0
2026-07-15,16.02,16.3,16.35,15.92,36415.61
2026-07-16,16.29,16.42,16.55,16.18,33399.36
2026-07-17,16.51,16.12,16.93,16.12,53568.87
2026-07-20,16.12,16.55,16.64,16.12,52867.0
2026-07-21,16.45,16.59,16.97,16.44,51229.13
2026-07-22,16.5,16.3,16.61,16.08,50505.38
2026-07-23,16.15,16.52,16.54,16.15,27521.0
2026-07-24,16.4,16.2,16.55,16.17,22068.88
2026-07-27,16.17,16.25,16.44,16.17,26143.0
2026-07-28,16.17,16.2,16.46,16.0,37684.5
2026-07-29,16.18,16.66,16.69,16.12,45300.0
2026-07-30,16.62,17.1,17.18,16.55,48299.8
2026-07-31,16.93,17.01,17.12,16.82,40476.85
2026-08-03,16.94,17.05,17.15,16.94,32559.01
2026-08-04,17.19,16.77,17.2,16.74,37654.1
2026-08-05,16.85,16.73,16.91,16.58,35847.78
2026-08-06,16.79,16.4,16.84,16.31,38009.51
2026-08-07,16.46,16.17,16.47,16.07,46681.34
2026-08-10,16.17,16.37,16.44,16.1,45748.22
2026-08-11,16.39,16.39,16.75,16.27,55988.25
2026-08-12,16.42,16.32,16.43,16.22,29240.39
2026-08-13,16.35,16.11,16.35,16.1,33760.0
2026-08-14,16.08,16.09,16.2,15.95,27545.15
2026-08-17,16.09,16.22,16.24,15.91,30231.5
2026-08-18,16.23,16.21,16.31,16.11,25361.89
2026-08-19,16.18,16.17,16.26,16.1,28047.27
2026-08-20,16.14,16.37,16.42,16.14,35745.64
2026-08-21,16.37,16.13,16.44,16.08,26651.0
2026-08-24,16.08,15.62,16.08,15.51,55290.56
2026-08-25,15.6,15.74,15.83,15.54,32007.83
2026-08-26,15.8,15.95,16.12,15.72,39947.0
2026-08-27,15.96,16.09,16.13,15.8,41484.38
2026-08-28,16.13,16.34,16.4,16.05,47201.86
2026-08-31,16.33,16.2,16.51,16.13,34163.14
2026-09-01,16.18,16.89,17.02,16.18,90305.39
2026-09-02,16.8,16.6,16.99,16.55,40773.28
2026-09-03,16.65,16.78,16.97,16.6,33027.0
2026-09-04,16.85,17.19,17.29,16.78,53846.61
2026-09-07,17.15,17.42,17.47,17.12,45044.15
2026-09-08,17.4,17.46,17.66,17.3,32767.14
2026-09-09,17.4,17.48,17.61,17.31,36653.3
2026-09-10,17.58,17.66,17.73,17.35,50549.32
2026-09-11,17.68,17.65,17.7,17.24,60054.48
2026-09-14,17.58,17.85,18.13,17.5,46687.52
2026-09-15,17.78,17.55,18.04,17.51,37578.52
2026-09-16,17.5,17.3,17.54,17.14,49503.34
2026-09-17,17.25,17.34,17.43,17.16,28014.01
2026-09-18,17.35,16.69,17.46,16.61,58831.54
