date,open,close,high,low,volume
2013-01-04,2.88,2.86,2.9,2.82,66064.29
2013-01-07,2.84,2.96,2.99,2.84,175771.98
2013-01-08,2.96,2.94,2.96,2.9,105421.02
2013-01-09,2.93,2.95,2.99,2.91,117593.68
2013-01-10,2.96,2.97,2.99,2.91,100553.89
2013-01-11,2.96,2.81,2.97,2.8,106213.76
2013-01-14,2.8,2.9,2.92,2.79,98150.41
2013-01-15,2.9,3.08,3.19,2.89,257335.85
2013-01-16,3.06,3.15,3.27,3.04,286574.55
2013-01-17,3.08,3.04,3.1,3.01,142430.1
2013-01-18,3.04,3.09,3.15,3.02,129902.76
2013-01-21,3.09,3.11,3.13,3.05,98196.71
2013-01-22,3.09,3.05,3.17,3.01,123076.99
2013-01-23,3.02,3.05,3.08,2.97,80944.23
2013-01-24,3.04,2.87,3.06,2.85,97919.02
2013-01-25,2.87,2.9,2.92,2.86,44156.69
2013-01-28,2.91,2.97,2.98,2.88,54334.6
2013-01-29,2.97,3.01,3.04,2.97,59342.34
2013-01-30,3.01,3.03,3.05,2.99,60307.62
2013-01-31,3.02,3.09,3.09,3.01,81814.8
2013-02-01,3.06,3.11,3.14,3.02,109820.17
2013-02-04,3.1,3.26,3.31,3.09,211813.34
2013-02-05,3.23,3.46,3.56,3.22,281772.69
2013-02-06,3.42,3.48,3.55,3.4,115675.69
2013-02-07,3.46,3.55,3.61,3.43,109567.54
2013-02-08,3.61,3.53,3.73,3.48,123532.92
2013-02-18,3.53,3.53,3.61,3.42,78477.99
2013-02-19,3.5,3.44,3.5,3.37,84313.12
2013-02-20,3.4,3.45,3.48,3.39,48892.05
2013-02-21,3.42,3.27,3.43,3.24,75080.13
2013-02-22,3.27,3.27,3.33,3.22,52016.73
2013-02-25,3.27,3.3,3.37,3.26,62045.83
2013-02-26,3.28,3.31,3.42,3.27,69633.05
2013-02-27,3.34,3.53,3.53,3.33,103266.01
2013-02-28,3.53,3.61,3.71,3.47,118736.68
2013-03-01,3.62,3.71,3.8,3.57,64415.71
2013-03-04,3.69,3.61,3.81,3.61,89822.74
2013-03-05,3.55,3.65,3.7,3.55,60479.05
2013-03-06,3.64,3.88,3.88,3.57,95707.78
2013-03-07,3.84,3.77,3.99,3.76,97267.41
2013-03-08,3.75,3.98,4.15,3.74,112715.21
2013-03-11,3.98,3.98,4.17,3.91,81416.41
2013-03-12,3.95,3.85,4.04,3.71,82851.9
2013-03-13,3.82,3.7,3.92,3.61,64885.77
2013-03-14,3.7,3.77,3.79,3.67,39456.68
2013-03-15,3.76,3.65,3.79,3.56,79552.81
2013-03-18,3.64,3.68,3.74,3.57,41486.85
2013-03-19,3.69,3.65,3.69,3.55,45045.98
2013-03-20,3.65,3.76,3.77,3.65,51190.64
2013-03-21,3.74,3.87,3.92,3.71,61437.95
2013-03-22,3.86,3.87,3.91,3.8,32245.99
2013-03-25,3.85,3.85,3.92,3.82,43603.62
2013-03-26,3.83,3.66,3.83,3.63,77550.82
2013-03-27,3.67,3.49,3.72,3.45,81309.14
2013-03-28,3.48,3.43,3.48,3.36,45965.08
2013-03-29,3.45,3.43,3.46,3.35,30883.34
2013-04-01,3.43,3.47,3.51,3.23,42303.2
2013-04-02,3.47,3.32,3.49,3.31,42366.97
2013-04-03,3.34,3.18,3.35,3.14,75778.47
2013-04-08,3.18,3.24,3.25,3.11,49684.39
2013-04-09,3.24,3.29,3.34,3.22,37795.09
2013-04-10,3.27,3.34,3.37,3.27,33693.66
2013-04-11,3.35,3.37,3.42,3.28,60528.07
2013-04-12,3.35,3.27,3.37,3.26,31429.03
2013-04-15,3.31,3.27,3.38,3.24,38733.52
2013-04-16,3.19,3.34,3.34,3.19,32376.63
2013-04-17,3.32,3.33,3.35,3.27,22176.9
2013-04-18,3.31,3.4,3.42,3.29,62554.89
2013-04-19,3.39,3.5,3.52,3.37,82419.41
2013-04-22,3.51,3.63,3.68,3.51,105407.47
2013-04-23,3.61,3.53,3.68,3.51,81945.41
2013-04-24,3.53,3.69,3.69,3.53,80436.58
2013-04-25,3.66,3.71,3.83,3.63,111143.78
2013-04-26,3.7,3.53,3.73,3.5,72403.02
2013-05-02,3.51,3.5,3.55,3.44,42128.96
2013-05-03,3.54,3.66,3.66,3.5,61520.06
2013-05-06,3.66,3.65,3.74,3.62,90466.09
2013-05-07,3.69,3.62,3.69,3.56,76390.64
2013-05-08,3.62,3.67,3.68,3.6,71227.97
2013-05-09,3.66,3.56,3.67,3.5,89214.68
2013-05-10,3.54,3.73,3.74,3.52,116661.07
2013-05-13,3.72,3.84,3.85,3.66,157679.04
2013-05-14,3.8,3.76,3.84,3.72,78426.28
2013-05-15,3.78,3.77,3.85,3.75,73002.22
2013-05-16,3.76,3.8,3.82,3.7,101226.54
2013-05-17,3.77,3.79,3.81,3.72,106287.1
2013-05-20,3.8,3.84,3.9,3.79,106450.59
2013-05-21,3.84,3.95,3.95,3.81,109869.91
2013-05-22,3.95,3.82,3.95,3.8,87389.31
2013-05-23,3.82,3.76,3.88,3.75,64487.27
2013-05-24,3.75,3.79,3.81,3.72,60455.19
2013-05-27,3.8,3.81,3.87,3.76,54834.43
2013-05-28,3.81,3.74,3.82,3.68,76293.6
2013-05-29,3.74,3.85,3.85,3.69,94342.88
2013-05-30,3.84,4.04,4.07,3.84,198558.04
2013-05-31,4.01,3.94,4.04,3.94,98891.0
2013-06-03,3.97,3.99,4.12,3.97,124515.74
2013-06-04,3.96,3.88,3.97,3.82,67442.16
2013-06-05,3.87,3.9,3.96,3.86,39925.2
2013-06-06,3.86,3.69,3.89,3.68,64521.3
2013-06-07,3.67,3.49,3.72,3.48,50895.26
2013-06-13,3.48,3.49,3.53,3.25,42113.16
2013-06-14,3.5,3.53,3.55,3.47,24831.29
2013-06-17,3.53,3.51,3.56,3.48,29791.99
2013-06-18,3.51,3.53,3.57,3.49,23034.68
2013-06-19,3.55,3.63,3.63,3.54,48255.82
2013-06-20,3.63,3.46,3.73,3.46,59018.78
2013-06-21,3.34,3.42,3.46,3.31,27469.39
2013-06-24,3.4,3.09,3.4,3.08,41216.41
2013-06-25,3.05,3.09,3.14,2.78,66814.92
2013-06-26,3.11,3.18,3.22,3.03,43271.32
2013-06-27,3.15,3.07,3.23,3.07,35992.66
2013-06-28,3.04,3.15,3.32,3.0,38083.9
2013-07-01,3.12,3.21,3.33,3.12,30671.28
2013-07-02,3.21,3.23,3.24,3.17,25283.79
2013-07-03,3.19,3.42,3.49,3.03,118573.91
2013-07-04,3.37,3.42,3.49,3.33,114920.99
2013-07-05,3.39,3.31,3.42,3.3,65908.37
2013-07-08,3.25,3.1,3.25,3.1,35883.24
2013-07-09,3.08,3.13,3.15,3.07,21778.36
2013-07-10,3.13,3.23,3.26,3.11,29139.87
2013-07-11,3.21,3.33,3.36,3.19,54293.69
2013-07-12,3.3,3.27,3.41,3.27,42552.46
2013-07-15,3.27,3.4,3.45,3.27,56055.55
2013-07-16,3.37,3.43,3.48,3.33,64150.27
2013-07-17,3.43,3.3,3.49,3.3,49761.39
2013-07-18,3.27,3.3,3.33,3.25,34625.25
2013-07-19,3.34,3.31,3.46,3.23,69025.36
2013-07-22,3.27,3.36,3.38,3.24,37543.45
2013-07-23,3.35,3.41,3.43,3.32,57340.16
2013-07-24,3.42,3.37,3.42,3.32,37289.58
2013-07-25,3.38,3.24,3.4,3.24,50861.37
2013-07-26,3.24,3.3,3.35,3.21,45438.6
2013-07-29,3.27,3.12,3.27,3.11,50234.65
2013-07-30,3.12,3.12,3.16,3.04,27507.92
2013-07-31,3.16,3.19,3.24,3.12,49258.4
2013-08-01,3.16,3.27,3.27,3.16,42826.77
2013-08-02,3.31,3.24,3.33,3.24,42562.48
2013-08-05,3.23,3.34,3.36,3.21,58556.34
2013-08-06,3.34,3.35,3.38,3.29,40370.82
2013-08-07,3.35,3.31,3.39,3.3,35255.24
2013-08-08,3.3,3.27,3.32,3.26,30529.6
2013-08-09,3.28,3.26,3.3,3.2,37977.2
2013-08-12,3.3,3.35,3.36,3.26,46150.09
2013-08-13,3.35,3.38,3.41,3.31,67066.7
2013-08-14,3.39,3.38,3.43,3.34,61756.45
2013-08-15,3.38,3.3,3.39,3.3,42856.41
2013-08-16,3.27,3.29,3.38,3.26,45352.0
2013-08-19,3.27,3.31,3.32,3.23,36266.96
2013-08-20,3.31,3.47,3.48,3.3,147850.71
2013-08-21,3.47,3.5,3.52,3.42,88683.91
2013-08-22,3.45,3.36,3.45,3.34,112272.78
2013-08-23,3.36,3.33,3.37,3.24,69142.98
2013-08-26,3.32,3.36,3.36,3.29,62965.49
2013-08-27,3.36,3.34,3.36,3.3,53158.22
2013-08-28,3.33,3.43,3.44,3.31,112518.69
2013-08-29,3.41,3.39,3.43,3.36,60686.56
2013-08-30,3.38,3.27,3.39,3.26,63164.49
2013-09-02,3.3,3.37,3.37,3.27,60940.23
2013-09-03,3.36,3.41,3.42,3.3,68400.07
2013-09-04,3.42,3.43,3.46,3.37,73642.48
2013-09-05,3.43,3.53,3.58,3.39,149262.83
2013-09-06,3.52,3.53,3.57,3.47,83156.19
2013-09-09,3.54,3.51,3.57,3.48,64219.91
2013-09-10,3.5,3.51,3.53,3.48,64601.79
2013-09-11,3.51,3.55,3.61,3.48,90510.05
2013-09-12,3.53,3.5,3.57,3.49,55219.86
2013-09-13,3.5,3.51,3.55,3.48,38395.23
2013-09-16,3.53,3.61,3.62,3.5,80550.57
2013-09-17,3.6,3.48,3.63,3.47,58754.32
2013-09-18,3.48,3.5,3.52,3.45,25315.19
2013-09-23,3.51,3.55,3.56,3.5,34380.78
2013-09-24,3.56,3.62,3.64,3.53,73061.34
2013-09-25,3.6,3.66,3.7,3.55,92664.91
2013-09-26,3.64,3.61,3.7,3.6,57758.58
2013-09-27,3.65,3.53,3.7,3.5,49597.84
2013-09-30,3.53,3.53,3.55,3.48,30543.15
2013-10-08,3.53,3.61,3.62,3.48,50896.5
2013-10-09,3.58,3.57,3.62,3.55,47725.44
2013-10-10,3.59,3.69,3.75,3.57,123495.52
2013-10-11,3.67,3.72,3.74,3.66,70438.87
2013-10-14,3.73,3.7,3.74,3.67,47351.99
2013-10-15,3.71,3.71,3.73,3.62,54906.04
2013-10-16,3.7,3.81,3.85,3.61,112543.8
2013-10-17,3.89,3.8,4.07,3.77,178998.91
2013-10-18,3.72,3.75,3.79,3.69,67709.8
2013-10-21,3.76,3.85,3.89,3.7,64806.09
2013-10-22,3.87,3.82,3.92,3.81,61862.77
2013-10-23,3.8,3.72,3.87,3.67,51876.36
2013-10-24,3.73,3.69,3.75,3.67,36917.21
2013-10-25,3.71,3.54,3.72,3.51,55491.5
2013-10-28,3.54,3.57,3.59,3.52,25026.86
2013-10-29,3.59,3.37,3.59,3.25,45351.87
2013-10-30,3.36,3.42,3.43,3.33,27136.56
2013-10-31,3.45,3.54,3.63,3.42,57442.31
2013-11-01,3.49,3.45,3.5,3.42,34627.29
2013-11-04,3.44,3.45,3.5,3.44,14491.38
2013-11-05,3.47,3.49,3.49,3.36,19523.12
2013-11-06,3.47,3.45,3.54,3.43,24707.56
2013-11-07,3.44,3.4,3.44,3.38,16326.7
2013-11-08,3.41,3.38,3.43,3.36,16292.65
2013-11-11,3.37,3.44,3.45,3.32,15462.87
2013-11-12,3.42,3.48,3.5,3.42,17855.6
2013-11-13,3.46,3.35,3.46,3.34,17229.72
2013-11-14,3.33,3.32,3.36,3.29,37333.47
2013-11-15,3.32,3.39,3.41,3.31,35441.51
2013-11-18,3.39,3.45,3.46,3.36,29363.89
2013-11-19,3.45,3.48,3.5,3.43,24409.62
2013-11-20,3.48,3.48,3.51,3.46,20189.7
2013-11-21,3.47,3.45,3.48,3.42,22716.24
2013-11-22,3.44,3.45,3.48,3.43,14557.95
2013-11-25,3.43,3.43,3.47,3.42,14115.22
2013-11-26,3.42,3.39,3.44,3.39,17070.72
2013-11-27,3.41,3.47,3.47,3.38,24940.46
2013-11-28,3.45,3.48,3.5,3.45,28958.53
2013-11-29,3.48,3.5,3.51,3.47,29758.16
2013-12-02,3.45,3.32,3.47,3.3,39148.8
2013-12-03,3.31,3.45,3.46,3.28,28456.61
2013-12-04,3.41,3.6,3.69,3.4,101159.2
2013-12-05,3.58,3.75,3.87,3.55,143019.35
2013-12-06,3.76,3.74,3.89,3.72,137837.3
2013-12-09,3.76,3.81,3.86,3.72,48453.16
2013-12-10,3.76,3.95,3.95,3.72,91916.58
2013-12-11,3.96,3.83,4.03,3.82,103323.5
2013-12-12,3.83,4.12,4.22,3.81,162622.12
2013-12-13,4.09,4.18,4.34,4.09,160280.87
2013-12-16,4.11,4.17,4.33,4.09,108662.81
2013-12-17,4.09,4.25,4.51,4.09,91279.48
2013-12-18,4.21,4.26,4.4,4.2,71576.44
2013-12-19,4.28,4.14,4.32,4.1,68912.65
2013-12-20,4.1,4.01,4.16,3.88,101463.35
2013-12-23,4.01,3.95,4.09,3.93,45887.79
2013-12-24,3.98,4.07,4.11,3.96,55106.15
2013-12-25,4.07,4.13,4.22,4.06,48167.87
2013-12-26,4.1,4.07,4.26,4.05,49587.67
2013-12-27,4.11,4.23,4.25,4.04,48730.81
2013-12-30,4.24,4.37,4.47,4.19,84431.32
2013-12-31,4.34,4.34,4.38,4.23,62029.73
2014-01-02,4.34,4.26,4.41,4.22,55666.44
2014-01-03,4.23,4.19,4.28,4.1,62437.45
2014-01-06,4.22,4.14,4.22,3.98,71108.29
2014-01-07,4.11,4.05,4.14,4.01,24224.76
2014-01-08,4.04,4.06,4.09,3.95,49348.77
2014-01-09,4.04,4.15,4.22,4.01,59641.39
2014-01-10,4.11,4.01,4.21,3.95,34573.33
2014-01-13,3.97,3.84,4.14,3.77,50627.48
2014-01-14,3.8,3.92,3.94,3.8,21763.88
2014-01-15,3.93,3.95,3.99,3.88,26947.46
2014-01-16,3.98,3.96,4.07,3.94,24225.36
2014-01-17,4.0,3.95,4.01,3.92,20075.46
2014-01-20,3.89,3.88,3.95,3.8,24568.87
2014-01-21,3.98,4.09,4.27,3.98,90059.4
2014-01-22,4.1,4.3,4.32,4.1,84002.95
2014-01-23,4.28,4.26,4.34,4.22,50183.01
2014-01-24,4.24,4.35,4.37,4.22,59779.44
2014-01-27,4.3,4.37,4.43,4.25,48420.63
2014-01-28,4.39,4.48,4.53,4.28,78449.51
2014-01-29,4.59,4.4,4.6,4.4,45767.61
2014-01-30,4.33,4.41,4.44,4.28,31891.74
2014-02-07,4.39,4.59,4.65,4.35,67713.12
2014-02-10,4.55,4.7,4.74,4.55,68318.68
2014-02-11,4.67,4.64,4.72,4.6,41753.27
2014-02-12,4.62,4.62,4.7,4.58,44245.83
2014-02-13,4.58,4.3,4.6,4.28,129904.66
2014-02-14,4.28,4.51,4.55,4.25,106923.64
2014-02-17,4.59,4.79,4.83,4.46,178558.65
2014-02-18,4.89,5.27,5.27,4.67,200211.85
2014-02-19,5.39,5.43,5.71,5.35,283950.42
2014-02-20,5.39,5.25,5.48,5.18,163336.72
2014-02-21,5.3,5.32,5.35,5.05,170791.96
2014-02-24,5.26,5.6,5.64,5.14,191211.05
2014-02-25,5.55,5.19,5.67,5.11,132163.65
2014-02-26,5.07,5.25,5.29,4.92,73914.9
2014-02-27,5.22,5.14,5.47,5.14,91831.27
2014-02-28,5.05,5.16,5.17,4.85,77634.84
2014-03-03,5.05,5.15,5.31,5.05,73844.22
2014-03-04,5.1,5.14,5.28,5.05,71559.98
2014-03-05,5.12,4.98,5.15,4.96,60469.39
2014-03-06,4.89,4.87,4.89,4.64,83241.16
2014-03-07,4.8,4.75,4.86,4.67,78388.73
2014-03-10,4.68,4.52,4.68,4.47,58693.26
2014-03-11,4.52,4.53,4.58,4.37,46580.78
2014-03-12,4.47,4.53,4.55,4.4,39478.09
2014-03-13,4.51,4.58,4.6,4.45,45932.42
2014-03-14,4.5,4.38,4.55,4.34,57343.23
2014-03-17,4.37,4.61,4.63,4.37,92971.03
2014-03-18,4.58,4.6,4.68,4.54,72025.65
2014-03-19,4.59,4.46,4.59,4.44,55000.95
2014-03-20,4.47,4.26,4.47,4.26,63110.49
2014-03-21,4.23,4.33,4.36,4.1,84864.35
2014-03-24,4.3,4.33,4.37,4.28,54758.52
2014-03-25,4.29,4.34,4.34,4.24,41923.65
2014-03-26,4.3,4.35,4.43,4.29,62663.17
2014-03-27,4.32,4.31,4.34,4.22,39994.75
2014-03-28,4.28,4.09,4.31,3.97,59735.97
2014-03-31,4.09,4.02,4.1,3.96,23200.86
2014-04-01,4.12,4.21,4.22,4.1,97114.91
2014-04-02,4.16,4.11,4.19,4.09,50172.65
2014-04-03,4.11,4.11,4.17,4.07,36506.71
2014-04-04,4.09,4.18,4.18,4.07,25353.2
2014-04-08,4.14,4.26,4.27,4.12,44033.69
2014-04-09,4.28,4.39,4.43,4.28,81367.03
2014-04-10,4.37,4.38,4.41,4.32,57847.31
2014-04-11,4.34,4.35,4.38,4.31,37151.82
2014-04-14,4.37,4.38,4.39,4.31,34344.32
2014-04-15,4.37,4.27,4.37,4.26,33529.08
2014-04-16,4.25,4.37,4.37,4.2,54451.34
2014-04-17,4.35,4.38,4.43,4.33,43799.59
2014-04-18,4.38,4.47,4.51,4.35,56202.07
2014-04-21,4.46,4.23,4.46,4.23,54629.53
2014-04-22,4.22,4.16,4.26,4.06,47214.75
2014-04-23,4.17,4.07,4.19,4.03,29561.93
2014-04-24,4.07,4.05,4.12,4.03,20963.55
2014-04-25,4.09,3.97,4.11,3.96,25601.38
2014-04-28,3.97,3.85,4.0,3.82,28425.32
2014-04-29,3.86,3.94,3.94,3.86,14109.97
2014-04-30,3.96,4.02,4.04,3.94,21325.0
2014-05-05,4.01,4.03,4.04,3.94,15015.99
2014-05-06,4.02,4.07,4.1,4.01,19316.31
2014-05-07,4.04,4.01,4.1,4.01,16549.25
2014-05-08,3.97,3.94,4.04,3.94,27568.18
2014-05-09,3.92,3.94,3.99,3.9,13740.34
2014-05-12,3.99,4.05,4.06,3.93,22402.08
2014-05-13,4.04,4.02,4.06,4.01,13368.18
2014-05-14,4.02,4.01,4.05,4.01,10281.52
2014-05-15,4.01,3.84,4.04,3.8,31485.17
2014-05-16,3.85,3.73,3.85,3.67,40122.06
2014-05-19,3.72,3.75,3.76,3.68,10714.79
2014-05-20,3.78,3.74,3.81,3.72,14500.48
2014-05-21,3.74,3.79,3.8,3.7,9977.93
2014-05-22,3.77,3.79,3.84,3.77,14945.2
2014-05-23,3.8,3.84,3.84,3.76,18198.22
2014-05-26,3.86,3.93,3.95,3.83,31421.38
2014-05-27,3.94,3.89,3.96,3.89,14381.16
2014-05-28,3.93,3.87,3.93,3.77,26011.11
2014-05-29,3.9,3.82,3.93,3.81,24683.21
2014-05-30,3.87,3.93,3.94,3.82,38452.65
2014-06-03,3.95,3.88,3.95,3.87,22334.23
2014-06-04,3.87,3.8,3.89,3.77,25477.61
2014-06-05,3.77,3.84,3.84,3.77,19587.14
2014-06-06,3.85,3.79,3.87,3.78,16494.87
2014-06-09,3.77,3.87,3.87,3.77,27692.99
2014-06-10,3.89,3.98,3.99,3.83,80262.33
2014-06-11,4.01,4.04,4.06,3.97,77516.49
2014-06-12,4.11,4.09,4.19,4.02,84949.94
2014-06-13,4.04,4.12,4.13,4.04,61175.54
2014-06-16,4.16,4.12,4.23,4.11,59838.01
2014-06-17,4.08,4.02,4.1,4.01,41216.18
2014-06-18,4.03,4.04,4.07,4.01,24866.68
2014-06-19,4.01,3.88,4.06,3.81,30541.39
2014-06-20,3.86,3.88,3.89,3.8,28845.77
2014-06-23,3.89,3.89,3.92,3.87,20763.13
2014-06-24,3.9,3.96,3.96,3.89,22111.84
2014-06-25,3.96,4.02,4.02,3.89,31691.8
2014-06-26,4.0,4.15,4.18,3.99,71551.32
2014-06-27,4.13,4.2,4.3,4.1,80530.82
2014-06-30,4.24,4.27,4.29,4.17,78127.21
2014-07-01,4.23,4.24,4.32,4.22,56098.48
2014-07-02,4.27,4.43,4.5,4.11,132373.75
2014-07-03,4.36,4.37,4.47,4.33,97921.29
2014-07-04,4.37,4.26,4.43,4.25,77627.58
2014-07-07,4.27,4.29,4.29,4.22,41189.9
2014-07-08,4.3,4.37,4.38,4.24,59543.68
2014-07-09,4.35,4.22,4.41,4.22,71093.21
2014-07-10,4.22,4.35,4.37,4.18,68103.27
2014-07-11,4.36,4.35,4.43,4.33,73871.47
2014-07-14,4.35,4.39,4.4,4.29,57267.01
2014-07-15,4.39,4.44,4.44,4.37,71271.42
2014-07-16,4.44,4.38,4.46,4.33,58388.59
2014-07-17,4.37,4.32,4.39,4.24,59208.26
2014-07-18,4.32,4.32,4.37,4.3,29189.82
2014-07-21,4.31,4.27,4.35,4.26,27321.45
2014-07-22,4.27,4.26,4.32,4.24,46022.4
2014-07-23,4.26,4.15,4.28,4.11,67012.22
2014-07-24,4.15,4.08,4.15,4.0,73043.1
2014-07-25,4.08,4.13,4.15,4.06,26479.63
2014-07-28,4.16,4.21,4.22,4.15,42675.81
2014-07-29,4.22,4.23,4.25,4.19,44854.48
2014-07-30,4.22,4.3,4.32,4.19,68501.39
2014-07-31,4.33,4.34,4.36,4.28,66168.63
2014-08-01,4.43,4.34,4.49,4.33,155778.1
2014-08-04,4.33,4.38,4.39,4.3,60359.13
2014-08-05,4.38,4.39,4.4,4.33,50755.76
2014-08-06,4.38,4.41,4.43,4.34,56318.6
2014-08-07,4.38,4.26,4.38,4.26,80431.01
2014-08-08,4.25,4.26,4.3,4.21,47476.17
2014-08-11,4.27,4.32,4.34,4.25,43801.48
2014-08-12,4.32,4.36,4.37,4.3,46872.48
2014-08-13,4.37,4.36,4.39,4.3,52314.12
2014-08-14,4.36,4.52,4.66,4.35,210178.06
2014-08-15,4.48,4.56,4.65,4.47,167663.77
2014-08-18,4.58,4.59,4.61,4.5,104144.58
2014-08-19,4.59,4.78,4.78,4.56,195597.62
2014-08-20,4.92,4.79,5.22,4.78,328094.62
2014-08-21,4.79,4.7,4.79,4.65,172029.45
2014-08-22,4.69,4.67,4.76,4.63,105130.95
2014-08-25,4.67,4.58,4.7,4.52,97837.77
2014-08-26,4.55,4.55,4.61,4.52,67575.38
2014-08-27,4.55,4.62,4.63,4.48,72016.33
2014-08-28,4.63,4.53,4.63,4.52,47420.99
2014-08-29,4.52,4.58,4.58,4.5,32038.98
2014-09-01,4.58,4.73,4.73,4.57,83700.07
2014-09-02,4.72,4.75,4.77,4.7,86117.54
2014-09-03,4.76,4.86,4.88,4.71,129598.53
2014-09-04,4.86,4.85,4.87,4.78,95005.4
2014-09-05,4.86,4.78,4.87,4.75,74636.95
2014-09-09,4.78,4.96,4.96,4.73,135596.4
2014-09-10,4.91,5.0,5.05,4.86,125044.86
2014-09-11,5.0,5.03,5.23,4.95,172572.87
2014-09-12,4.99,5.02,5.07,4.99,63444.57
2014-09-15,5.03,5.0,5.08,4.96,67854.42
2014-09-16,5.0,4.73,5.03,4.71,102518.52
2014-09-17,4.73,4.77,4.87,4.68,51943.98
2014-09-18,4.74,4.86,4.86,4.72,54799.52
2014-09-19,4.83,4.86,4.89,4.82,44445.55
2014-09-22,4.86,4.75,4.86,4.68,49498.4
2014-09-23,4.7,4.81,4.84,4.7,68451.65
2014-09-24,4.82,4.91,4.95,4.79,90671.54
2014-09-25,4.91,4.86,4.93,4.84,82610.56
2014-09-26,4.85,4.95,4.95,4.83,70936.33
2014-09-29,4.97,4.98,5.02,4.94,69823.78
2014-09-30,4.98,4.96,5.0,4.94,68118.66
2014-10-08,4.97,5.06,5.08,4.97,79933.47
2014-10-09,5.06,5.02,5.09,4.96,66937.06
2014-10-10,5.03,4.95,5.05,4.93,62721.91
2014-10-13,4.92,4.9,4.92,4.84,46352.11
2014-10-14,4.91,4.86,4.95,4.84,48925.27
2014-10-15,4.86,4.87,4.88,4.78,42028.24
2014-10-16,4.88,4.85,4.96,4.85,70703.75
2014-10-17,4.81,4.73,4.85,4.65,55652.27
2014-10-20,4.74,4.79,4.8,4.73,28220.96
2014-10-21,4.79,4.71,4.81,4.71,27131.54
2014-10-22,4.76,4.83,4.93,4.76,91780.55
2014-10-23,4.81,4.6,4.81,4.59,64654.32
2014-10-24,4.6,4.59,4.62,4.52,29114.12
2014-10-27,4.59,4.62,4.63,4.5,33537.17
2014-10-28,4.65,4.73,4.74,4.62,39166.51
2014-10-29,4.74,4.74,4.79,4.7,64913.7
2014-10-30,4.75,4.74,4.8,4.72,39196.47
2014-10-31,4.74,4.8,4.82,4.71,56322.66
2014-11-03,4.78,4.81,4.84,4.76,53981.52
2014-11-04,4.8,4.79,4.81,4.75,46339.13
2014-11-05,4.86,4.84,4.89,4.8,74841.5
2014-11-06,4.81,4.76,4.83,4.71,49409.13
2014-11-07,4.76,4.81,4.87,4.74,77920.89
2014-11-10,4.84,4.89,4.9,4.79,111257.15
2014-11-11,4.89,4.66,4.92,4.6,99542.48
2014-11-12,4.66,4.81,4.85,4.66,47443.06
2014-11-13,4.8,4.79,4.87,4.72,75624.97
2014-11-14,4.74,4.73,4.78,4.65,39484.39
2014-11-17,4.72,4.72,4.79,4.66,37099.22
2014-11-18,4.72,4.72,4.76,4.71,28365.2
2014-11-19,4.72,4.76,4.79,4.71,40165.85
2014-11-20,4.75,4.81,4.83,4.72,59947.03
2014-11-21,4.78,4.85,4.86,4.76,64004.46
2014-11-24,4.88,4.89,4.98,4.85,100498.86
2014-11-25,4.89,4.95,4.97,4.87,78032.27
2014-11-26,4.97,4.93,4.98,4.89,59105.24
2014-11-27,4.96,4.98,4.99,4.91,84632.16
2014-11-28,4.98,4.9,5.02,4.86,86256.75
2014-12-10,4.79,4.81,4.83,4.44,110762.04
2014-12-11,4.75,4.81,4.89,4.71,76360.63
2014-12-12,4.82,4.76,4.83,4.72,54946.98
2014-12-15,4.7,5.23,5.23,4.69,217876.08
2014-12-16,5.35,5.16,5.37,5.13,197290.82
2014-12-17,5.14,5.01,5.14,4.95,125159.98
2014-12-18,5.04,4.97,5.09,4.96,74451.73
2014-12-19,4.94,4.83,5.0,4.74,82878.82
2014-12-22,4.84,4.68,4.88,4.63,72730.51
2014-12-23,4.67,4.68,4.78,4.67,35883.87
2014-12-24,4.72,4.79,4.8,4.71,37115.92
2014-12-25,4.81,5.0,5.02,4.78,85642.04
2014-12-26,4.95,5.0,5.13,4.95,100437.1
2014-12-29,5.01,5.0,5.07,4.92,60706.64
2014-12-30,4.99,5.06,5.11,4.97,80040.9
2014-12-31,5.1,5.01,5.22,5.0,83350.24
2015-01-05,4.96,5.02,5.06,4.83,73072.43
2015-01-06,4.96,5.23,5.29,4.93,139431.29
2015-01-07,5.23,5.18,5.28,5.1,71082.68
2015-01-08,5.18,5.24,5.36,5.06,120616.12
2015-01-09,5.2,5.3,5.47,5.19,154466.64
2015-01-12,5.2,5.04,5.26,5.04,109687.95
2015-01-13,5.02,5.09,5.15,4.99,63822.18
2015-01-14,5.1,5.43,5.46,5.03,163587.78
2015-01-15,5.36,5.4,5.41,5.28,84002.08
2015-01-16,5.33,5.33,5.59,5.31,123170.8
2015-01-19,5.09,4.99,5.27,4.89,100294.08
2015-01-20,5.0,5.13,5.15,5.0,67914.36
2015-01-21,5.15,5.3,5.32,5.11,68802.5
2015-01-22,5.29,5.29,5.36,5.2,76486.51
2015-01-23,5.2,5.19,5.26,5.09,107002.73
2015-01-26,5.18,5.48,5.52,5.14,124000.67
2015-01-27,5.44,5.53,5.62,5.37,112149.87
2015-01-28,5.48,5.42,5.55,5.4,55088.51
2015-01-29,5.36,5.43,5.5,5.31,52960.12
2015-01-30,5.41,5.29,5.53,5.29,47927.81
2015-02-02,5.21,5.35,5.37,5.17,41677.68
2015-02-03,5.37,5.36,5.44,5.35,47866.56
2015-02-04,5.36,5.54,5.57,5.31,88362.09
2015-02-05,5.52,5.46,5.65,5.46,77507.95
2015-02-06,5.44,5.5,5.73,5.42,90867.36
2015-02-09,5.49,5.69,5.74,5.36,96954.24
2015-02-10,5.7,5.7,5.73,5.59,67597.15
2015-02-11,5.7,5.78,5.83,5.6,80675.1
2015-02-12,5.75,5.68,5.81,5.66,55237.62
2015-02-13,5.68,5.66,5.77,5.64,67774.73
2015-02-16,5.66,5.81,5.86,5.62,54483.78
2015-02-17,5.82,5.95,6.16,5.79,99198.15
2015-02-25,5.92,6.3,6.37,5.87,101695.36
2015-02-26,6.3,6.27,6.42,6.13,71719.83
2015-02-27,6.27,6.24,6.38,6.16,79134.2
2015-03-02,6.26,6.31,6.31,6.04,127955.24
2015-03-03,6.23,6.06,6.23,6.05,86091.6
2015-03-04,6.02,6.09,6.15,6.0,52729.58
2015-03-05,6.09,6.17,6.2,6.03,64144.11
2015-03-06,6.15,5.93,6.21,5.88,68915.67
2015-03-09,5.91,5.99,6.02,5.88,31211.7
2015-03-10,5.99,6.08,6.1,5.99,37369.77
2015-03-11,6.08,5.89,6.08,5.84,57945.89
2015-03-12,5.9,5.92,5.95,5.8,43692.75
2015-03-13,5.93,5.92,5.95,5.88,38781.36
2015-03-16,5.94,6.15,6.21,5.94,77273.18
2015-03-17,6.14,6.16,6.18,6.05,63870.7
2015-03-18,6.16,6.27,6.33,6.14,134518.1
2015-03-19,6.26,6.16,6.26,6.12,85697.67
2015-03-20,6.2,6.18,6.29,6.1,84579.0
2015-03-23,6.21,6.3,6.32,6.15,97235.53
2015-03-24,6.33,6.12,6.37,5.96,104659.14
2015-03-25,6.11,6.16,6.23,6.04,78109.46
2015-03-26,6.15,6.07,6.15,6.04,62899.6
2015-03-27,6.07,6.13,6.15,6.04,57332.82
2015-03-30,6.07,6.3,6.33,6.07,109531.47
2015-03-31,6.31,6.23,6.36,6.2,95642.98
2015-04-01,6.23,6.53,6.61,6.23,150101.97
2015-04-02,6.53,6.58,6.65,6.45,131588.96
2015-04-03,6.49,6.74,6.92,6.49,130482.9
2015-04-07,6.74,6.77,6.79,6.69,93504.51
2015-04-08,6.78,6.63,6.81,6.57,91162.99
2015-04-09,6.58,6.49,6.65,6.34,104609.84
2015-04-10,6.42,6.59,6.62,6.41,94533.14
2015-04-13,6.62,6.76,6.83,6.61,107078.65
2015-04-14,6.78,6.69,6.87,6.66,83745.91
2015-04-15,6.68,6.43,6.68,6.39,94500.46
2015-04-16,6.42,6.47,6.54,6.18,62591.03
2015-04-17,6.51,6.47,6.55,6.45,71544.61
2015-04-20,6.38,6.2,6.47,6.2,80675.67
2015-04-21,6.19,6.4,6.42,6.19,52250.29
2015-04-22,6.4,6.63,6.73,6.4,114426.16
2015-04-23,6.68,6.67,6.7,6.51,87045.38
2015-04-24,6.59,6.77,6.79,6.5,172590.21
2015-04-27,6.81,7.15,7.37,6.81,237517.38
2015-04-28,7.04,6.73,7.1,6.59,156146.93
2015-04-29,6.66,6.97,7.05,6.61,104118.19
2015-04-30,7.0,6.79,7.09,6.78,97027.2
2015-05-04,6.77,7.09,7.09,6.71,152527.46
2015-05-05,7.01,7.08,7.13,6.84,157045.53
2015-05-06,6.99,7.03,7.36,6.84,245093.21
2015-05-07,7.09,6.79,7.24,6.53,159874.82
2015-05-08,6.87,6.87,6.92,6.62,146661.35
2015-05-11,6.94,7.55,7.55,6.79,233836.58
2015-05-12,7.48,7.53,7.56,7.34,170341.84
2015-05-13,7.44,7.55,7.7,7.35,191670.7
2015-05-14,7.48,7.47,7.82,7.45,132480.44
2015-05-15,7.48,7.26,7.56,7.1,110212.69
2015-05-18,7.26,7.98,7.98,7.2,166958.08
2015-05-19,7.82,7.96,8.09,7.68,157981.11
2015-05-20,7.91,7.79,8.31,7.78,147096.47
2015-05-21,7.82,8.12,8.18,7.67,124240.24
2015-05-22,8.93,8.94,8.94,8.71,75152.64
2015-06-05,9.83,9.83,9.83,9.4,77305.89
2015-06-08,10.01,10.22,10.4,9.23,318541.47
2015-06-09,9.85,9.75,10.17,9.7,136714.75
2015-06-10,9.92,9.87,10.31,9.85,164878.93
2015-06-11,9.81,10.16,10.2,9.57,159171.71
2015-06-12,10.16,10.13,10.34,9.92,141284.49
2015-06-15,10.22,9.74,10.4,9.72,176039.48
2015-06-16,9.57,8.76,9.57,8.76,148776.7
2015-06-17,8.75,9.19,9.25,8.28,134134.06
2015-06-18,9.2,9.01,9.35,8.92,120576.87
2015-06-19,8.8,8.55,9.48,8.43,112290.87
2015-06-23,8.64,8.44,8.81,7.73,84905.58
2015-06-24,8.57,8.68,8.78,8.38,82002.29
2015-06-25,8.92,8.91,9.29,8.68,130174.08
2015-06-26,8.33,8.02,8.62,8.02,82254.4
2015-06-29,8.23,7.21,8.24,7.21,105182.92
2015-06-30,7.08,7.43,7.53,6.49,131481.11
2015-07-01,7.28,6.69,7.56,6.69,127125.7
2015-07-02,6.66,6.02,6.69,6.02,114148.17
2015-07-03,5.7,5.59,6.44,5.51,129823.53
2015-07-06,6.15,5.12,6.15,5.03,120544.17
2015-07-07,5.01,4.6,5.04,4.6,96019.58
2015-07-08,4.14,4.14,4.46,4.14,119813.95
2015-07-13,4.56,4.56,4.56,4.56,442.9
2015-07-14,5.01,5.01,5.01,5.01,1931.69
2015-07-15,5.51,5.5,5.51,5.3,361304.14
2015-07-16,5.33,6.05,6.05,5.27,240670.72
2015-07-17,6.06,6.66,6.66,6.06,152028.55
2015-07-20,6.86,6.93,7.14,6.66,139136.63
2015-07-21,6.71,6.82,7.19,6.66,152357.13
2015-07-22,6.75,6.91,7.06,6.59,106182.54
2015-07-23,6.88,7.11,7.39,6.79,117249.7
2015-07-24,7.09,6.86,7.28,6.57,93191.47
2015-07-27,6.65,6.32,7.08,6.25,126755.35
2015-07-28,6.13,6.66,6.86,5.68,135148.92
2015-07-29,6.55,6.84,6.88,6.02,131627.14
2015-07-30,6.69,6.39,6.79,6.39,111513.68
2015-07-31,6.35,6.13,6.44,5.96,65443.53
2015-08-03,6.36,5.93,6.42,5.73,66106.05
2015-08-04,5.77,6.43,6.43,5.77,71182.82
2015-08-05,6.36,6.42,6.72,6.3,86793.91
2015-08-06,6.27,6.34,6.51,6.21,35407.34
2015-08-07,6.4,6.68,6.76,6.4,75416.28
2015-08-10,6.75,7.14,7.23,6.69,90028.53
2015-08-11,7.17,7.44,7.59,6.97,103401.8
2015-08-12,7.28,7.42,7.64,7.2,82895.16
2015-08-13,7.31,7.45,7.46,7.14,57051.29
2015-08-14,7.67,7.76,7.88,7.53,90101.8
2015-08-17,7.87,7.68,8.11,7.56,79605.83
2015-08-18,7.62,6.92,7.65,6.92,114461.68
2015-08-19,6.65,7.07,7.16,6.36,104916.92
2015-08-20,6.99,6.76,7.21,6.57,66618.47
2015-08-21,6.62,6.3,6.75,6.24,53204.23
2015-08-24,5.9,5.67,6.09,5.67,51751.28
2015-08-25,5.14,5.11,5.54,5.11,84347.84
2015-08-26,5.11,5.26,5.62,4.95,98665.29
2015-08-27,5.41,5.79,5.79,5.41,114699.63
2015-08-28,6.09,6.22,6.33,5.87,90201.81
2015-08-31,6.05,6.49,6.82,5.97,89053.45
2015-09-01,6.43,5.84,6.46,5.84,54155.05
2015-09-02,5.47,5.57,6.18,5.39,59778.8
2015-09-07,5.68,6.12,6.12,5.68,80914.93
2015-09-08,6.12,6.72,6.74,5.95,88122.51
2015-09-09,6.58,6.74,7.05,6.51,106173.0
2015-09-10,6.48,6.41,6.71,6.4,61591.87
2015-09-11,6.36,6.67,6.68,6.32,53369.26
2015-09-14,6.7,6.17,7.0,6.0,89178.01
2015-09-15,5.96,5.69,6.17,5.61,47065.91
2015-09-16,5.79,6.26,6.26,5.77,47797.7
2015-09-17,6.25,6.1,6.65,6.09,64588.52
2015-09-18,6.18,6.4,6.44,5.96,50312.31
2015-09-21,6.29,6.64,6.75,6.22,52498.38
2015-09-22,6.66,6.51,6.78,6.4,55483.19
2015-09-23,6.43,6.52,6.73,6.39,51730.73
2015-09-24,6.5,6.52,6.6,6.34,52567.21
2015-09-25,6.53,6.37,6.64,6.26,47091.14
2015-09-28,6.29,6.3,6.4,6.08,42969.31
2015-09-29,6.21,5.92,6.21,5.92,42457.0
2015-09-30,5.92,5.93,6.03,5.9,20338.24
2015-10-08,6.13,6.15,6.26,6.04,54254.03
2015-10-09,6.11,6.26,6.27,6.04,35586.46
2015-10-12,6.36,6.65,6.68,6.27,68212.57
2015-10-13,6.54,6.72,6.72,6.45,60819.18
2015-10-14,6.68,6.51,6.79,6.48,56227.91
2015-10-15,6.48,6.73,6.73,6.46,52927.17
2015-10-16,6.84,6.75,6.85,6.58,85667.07
2015-10-19,6.75,7.0,7.21,6.69,101335.65
2015-10-20,6.94,7.0,7.19,6.89,70855.42
2015-10-21,7.0,6.39,7.02,6.3,76458.85
2015-10-22,6.45,6.61,6.72,6.39,58826.1
2015-10-23,6.64,7.0,7.11,6.49,85880.21
2015-10-26,7.14,7.11,7.36,6.9,120740.11
2015-10-27,6.97,7.09,7.11,6.66,64567.01
2015-10-28,6.97,6.85,7.25,6.8,68130.58
2015-10-29,6.85,6.87,7.0,6.75,42724.41
2015-10-30,6.86,6.7,6.96,6.7,52697.58
2015-11-02,6.58,6.43,6.86,6.4,48443.39
2015-11-03,6.45,6.44,6.57,6.27,49855.77
2015-11-04,6.47,6.83,6.84,6.47,50369.46
2015-11-05,6.83,6.75,6.89,6.67,78928.81
2015-11-06,6.76,6.86,6.93,6.74,60561.8
2015-11-09,6.86,7.14,7.17,6.79,114684.66
2015-11-10,7.16,7.14,7.19,6.96,83251.88
2015-11-11,7.12,7.38,7.42,7.06,102163.06
2015-11-12,7.39,7.16,7.43,7.14,81011.2
2015-11-13,7.01,6.93,7.08,6.92,57351.38
2015-11-16,6.75,7.06,7.06,6.74,53107.3
2015-11-17,7.08,6.99,7.14,6.96,57843.79
2015-11-18,6.99,7.22,7.34,6.92,80672.68
2015-11-19,7.22,7.51,7.53,7.18,109465.18
2015-11-20,7.5,7.53,7.59,7.34,83120.64
2015-11-23,7.56,7.35,7.68,7.32,84171.69
2015-11-24,7.32,7.23,7.35,7.03,75830.23
2015-11-25,7.23,7.45,7.54,7.14,80566.3
2015-11-26,7.45,7.32,7.52,7.26,56833.24
2015-11-27,7.36,6.94,7.55,6.87,78028.68
2015-11-30,7.01,6.93,7.08,6.25,66872.11
2015-12-01,6.9,6.95,7.06,6.71,45219.56
2015-12-02,6.89,6.87,6.96,6.7,29764.11
2015-12-03,6.92,7.34,7.45,6.92,82636.58
2015-12-04,7.29,7.22,7.39,7.17,58400.08
2015-12-07,7.28,7.32,7.5,7.19,65945.61
2015-12-08,7.28,7.08,7.28,7.02,39715.3
2015-12-09,7.08,7.23,7.23,7.01,33579.5
2015-12-10,7.15,7.46,7.54,7.13,84267.4
2015-12-11,7.41,7.63,7.71,7.3,93439.12
2015-12-14,7.54,7.67,7.8,7.48,93618.4
2015-12-15,7.67,7.78,7.87,7.6,97496.06
2015-12-16,7.76,7.56,7.83,7.54,80240.27
2015-12-17,7.65,7.85,7.99,7.62,96712.92
2015-12-18,7.85,7.69,7.89,7.58,60234.91
2015-12-21,7.66,7.65,7.75,7.59,52375.08
2015-12-22,7.67,7.85,7.86,7.64,68393.42
2015-12-23,7.84,7.61,8.04,7.61,83817.61
2015-12-24,7.57,7.46,7.59,7.39,62572.13
2015-12-25,7.5,7.57,7.63,7.5,33989.14
2015-12-28,7.58,7.61,7.82,7.46,73362.2
2015-12-29,7.62,8.12,8.13,7.58,120748.14
2015-12-30,8.07,8.13,8.49,8.04,186337.41
2015-12-31,8.14,8.32,8.48,8.07,97713.72
2016-01-04,8.23,7.51,8.3,7.5,67096.38
2016-01-05,7.28,7.62,7.74,6.93,115312.6
2016-01-06,7.5,8.11,8.11,7.5,104674.91
2016-01-07,7.86,7.31,7.98,7.3,22607.0
2016-01-08,7.56,7.71,7.92,6.97,103922.51
2016-01-11,7.45,7.57,7.98,7.39,111976.63
2016-01-12,7.57,7.03,7.62,6.9,109507.39
2016-01-13,7.03,6.33,7.12,6.33,75977.55
2016-01-14,6.03,6.55,6.62,5.82,74620.95
2016-01-15,6.47,6.25,6.65,6.23,53947.34
2016-01-18,6.0,6.44,6.57,6.0,37768.15
2016-01-19,6.4,6.73,6.82,6.38,40912.62
2016-01-20,6.67,6.5,6.78,6.36,44843.77
2016-01-21,6.47,6.24,6.58,6.24,33126.45
2016-01-22,6.35,6.44,6.51,6.25,35780.78
2016-01-25,6.49,6.53,6.73,6.43,31289.48
2016-01-26,6.36,5.87,6.44,5.87,47698.91
2016-01-27,5.94,5.67,6.0,5.36,45777.72
2016-01-28,5.62,5.17,5.68,5.11,51207.72
2016-01-29,5.18,5.36,5.48,5.13,37001.66
2016-02-01,5.35,5.26,5.42,5.18,23019.35
2016-02-02,5.28,5.55,5.57,5.28,26976.33
2016-02-03,5.5,5.85,5.87,5.47,48573.19
2016-02-04,5.84,5.86,6.0,5.82,45932.39
2016-02-05,5.86,5.92,6.0,5.85,26279.9
2016-02-15,5.56,5.9,6.02,5.56,20476.59
2016-02-16,5.92,6.28,6.3,5.92,34881.64
2016-02-17,6.27,6.29,6.38,6.11,32253.2
2016-02-18,6.3,6.4,6.75,6.3,47655.44
2016-02-19,6.4,6.46,6.46,6.25,37920.85
2016-02-22,6.57,7.1,7.1,6.35,117187.84
2016-02-23,7.14,6.81,7.14,6.71,107814.06
2016-02-24,6.79,6.99,7.07,6.73,76783.4
2016-02-25,6.99,6.66,7.14,6.58,95822.35
2016-02-26,6.76,6.66,6.91,6.25,65444.3
2016-02-29,6.55,6.0,6.57,6.0,62768.75
2016-03-01,6.01,6.18,6.27,5.96,43143.14
2016-03-02,6.2,6.44,6.52,6.2,60705.9
2016-03-03,6.44,6.65,6.66,6.36,44095.55
2016-03-04,6.62,6.36,6.65,6.27,32882.84
2016-03-07,6.42,6.52,6.73,6.33,44494.52
2016-03-08,6.5,6.36,6.5,6.09,38807.37
2016-03-09,6.22,6.2,6.34,6.14,19430.59
2016-03-10,6.23,5.96,6.3,5.92,27495.11
2016-03-11,5.89,6.1,6.12,5.88,23675.99
2016-03-14,6.17,6.28,6.36,6.17,27461.16
2016-03-15,6.28,6.17,6.34,6.11,18778.05
2016-03-16,6.22,5.99,6.27,5.96,30436.51
2016-03-17,6.03,6.2,6.25,6.0,26937.34
2016-03-18,6.24,6.47,6.53,6.22,40165.77
2016-03-21,6.71,6.64,6.74,6.48,55917.74
2016-03-22,6.55,7.0,7.16,6.49,122892.47
2016-03-23,7.23,6.88,7.35,6.73,144608.33
2016-03-24,6.65,6.71,6.89,6.57,80092.5
2016-03-25,6.64,6.77,6.8,6.59,48300.73
2016-03-28,6.84,6.79,6.9,6.75,51459.62
2016-03-29,6.79,6.69,6.79,6.58,38820.77
2016-03-30,6.71,6.86,6.88,6.63,64606.35
2016-03-31,6.88,6.72,6.89,6.71,46939.43
2016-04-01,6.72,6.69,6.81,6.62,40012.48
2016-04-05,6.69,6.8,6.83,6.62,54948.36
2016-04-06,6.76,6.78,6.82,6.68,53106.41
2016-04-07,6.91,6.84,7.12,6.84,120535.09
2016-04-08,6.79,6.64,6.79,6.51,71754.78
2016-04-11,6.73,6.75,6.79,6.66,51539.09
2016-04-12,6.74,6.66,6.77,6.57,41190.3
2016-04-13,6.68,6.89,6.91,6.68,92929.23
2016-04-14,6.85,6.86,6.89,6.77,65310.78
2016-04-15,6.86,6.99,7.09,6.82,91011.28
2016-04-18,7.0,7.07,7.16,6.83,78005.17
2016-04-19,7.08,6.97,7.14,6.86,59663.53
2016-04-20,6.93,6.46,6.97,6.28,90013.0
2016-04-21,6.42,6.32,6.51,6.28,43166.58
2016-04-22,6.35,6.42,6.43,6.25,23509.73
2016-04-25,6.4,6.42,6.46,6.32,25545.82
2016-04-26,6.53,6.49,6.59,6.36,33870.44
2016-04-27,6.5,6.62,6.64,6.45,47977.33
2016-04-28,6.61,6.57,6.65,6.36,39216.58
2016-04-29,6.51,6.57,6.63,6.42,27011.69
2016-05-03,6.59,6.69,6.79,6.55,74147.95
2016-05-04,6.67,6.65,6.75,6.63,60036.88
2016-05-05,6.64,6.79,6.81,6.59,84817.58
2016-05-06,6.75,6.86,7.11,6.73,165517.71
2016-05-09,6.66,6.45,7.07,6.36,143837.61
2016-05-10,6.39,6.57,6.67,6.29,73746.84
2016-05-11,6.62,6.44,6.67,6.35,63911.45
2016-05-12,6.39,6.57,6.57,6.35,49716.05
2016-05-13,6.54,6.45,6.59,6.39,42543.84
2016-05-16,6.45,6.71,6.82,6.41,66446.88
2016-05-17,6.74,6.73,6.8,6.6,56239.96
2016-05-18,6.72,6.69,6.82,6.62,86056.07
2016-05-19,6.64,6.69,6.79,6.64,56540.17
2016-05-20,6.59,6.78,6.8,6.59,58876.02
2016-05-23,6.78,6.89,7.0,6.78,126205.98
2016-05-24,6.84,6.98,7.05,6.82,156019.31
2016-05-25,6.96,6.96,7.03,6.89,67099.82
2016-05-26,6.95,6.91,7.02,6.72,80885.93
2016-05-27,6.91,6.86,6.94,6.76,51230.9
2016-05-30,6.79,6.63,6.86,6.63,63815.46
2016-05-31,6.62,6.84,6.85,6.57,95793.79
2016-06-01,6.82,6.86,6.92,6.78,100724.48
2016-06-02,6.86,7.08,7.12,6.83,154964.81
2016-06-03,7.06,7.01,7.28,6.95,143385.47
2016-06-06,7.02,7.05,7.08,6.95,66903.45
2016-06-07,7.1,7.12,7.16,7.0,73126.9
2016-06-08,7.13,7.0,7.15,6.95,59027.91
2016-06-13,6.88,6.62,6.92,6.62,67361.8
2016-06-14,6.63,6.64,6.73,6.6,37502.99
2016-06-15,6.59,6.79,6.81,6.51,45202.43
2016-06-16,6.78,6.71,6.83,6.67,37556.11
2016-06-17,6.74,7.03,7.06,6.73,103137.28
2016-06-20,7.02,6.96,7.2,6.85,84718.35
2016-06-21,7.0,7.18,7.33,6.9,160154.84
2016-06-22,7.12,7.26,7.31,6.98,128039.21
2016-06-23,7.27,7.1,7.32,7.02,102099.55
2016-06-24,7.08,6.96,7.16,6.71,107090.56
2016-06-27,6.82,7.05,7.06,6.81,81517.73
2016-06-28,7.02,7.03,7.04,6.89,84508.95
2016-06-29,7.04,7.14,7.18,6.95,109220.57
2016-06-30,7.15,7.06,7.2,7.0,76687.69
2016-07-01,7.02,7.57,7.76,6.75,527681.08
2016-07-04,7.33,7.61,7.71,7.31,338252.1
2016-07-05,7.62,8.07,8.19,7.55,400527.03
2016-07-06,7.94,7.91,8.08,7.82,218012.54
2016-07-07,7.86,7.85,7.97,7.71,169603.74
2016-07-08,7.82,7.84,7.98,7.76,116101.9
2016-07-11,7.84,7.69,8.2,7.67,165680.94
2016-07-12,7.7,7.65,7.73,7.42,151872.33
2016-07-13,7.7,7.65,7.71,7.51,120469.57
2016-07-14,7.65,7.68,7.71,7.55,109908.4
2016-07-15,7.66,7.67,7.74,7.61,75579.2
2016-07-18,7.69,7.72,7.8,7.61,96339.88
2016-07-19,7.7,7.64,7.74,7.53,80313.93
2016-07-20,7.64,7.54,7.65,7.53,87432.89
2016-07-21,7.48,7.42,7.76,7.41,190673.85
2016-07-22,7.37,7.22,7.43,7.21,130901.39
2016-07-25,7.16,7.25,7.27,7.16,71021.57
2016-07-26,7.25,7.33,7.34,7.22,91641.05
2016-07-27,7.33,6.98,7.37,6.85,123554.2
2016-07-28,7.01,6.86,7.03,6.73,92831.39
2016-07-29,6.87,6.85,6.94,6.75,64863.63
2016-08-01,6.82,6.86,6.87,6.68,47597.54
2016-08-02,6.85,6.94,6.95,6.8,46441.35
2016-08-03,6.92,6.92,6.94,6.86,38431.39
2016-08-04,6.9,6.98,7.08,6.81,62248.63
2016-08-05,7.02,6.9,7.08,6.9,65728.0
2016-08-08,6.83,6.91,6.93,6.77,48553.31
2016-08-09,6.87,6.95,6.98,6.86,46680.82
2016-08-10,6.94,6.94,7.02,6.9,46480.13
2016-08-11,6.92,6.81,6.97,6.81,38360.5
2016-08-12,6.81,6.88,6.89,6.8,28232.27
2016-08-15,6.88,7.0,7.04,6.84,74785.09
2016-08-16,7.01,7.09,7.14,6.96,70936.49
2016-08-17,7.08,7.04,7.09,6.98,44555.66
2016-08-18,7.08,6.96,7.08,6.95,73255.51
2016-08-19,6.97,6.98,6.99,6.9,47602.28
2016-08-22,6.98,6.94,7.04,6.92,43892.49
2016-08-23,7.02,7.19,7.24,6.98,156236.62
2016-08-24,7.2,7.24,7.24,7.08,86386.55
2016-08-25,7.15,7.31,7.34,7.03,90233.93
2016-08-26,7.33,7.24,7.38,7.24,95032.95
2016-08-29,7.21,7.2,7.27,7.11,39073.6
2016-08-30,7.2,7.2,7.27,7.13,47821.52
2016-08-31,7.24,7.12,7.24,7.08,37665.4
2016-09-01,7.12,7.06,7.18,7.06,44360.38
2016-09-02,7.08,6.98,7.08,6.9,54762.2
2016-09-05,6.98,7.0,7.04,6.96,27227.02
2016-09-06,7.0,7.08,7.1,6.91,46106.04
2016-09-07,7.06,7.07,7.14,7.06,43029.92
2016-09-08,7.12,7.17,7.21,7.02,67842.77
2016-09-09,7.12,7.07,7.18,7.06,42319.7
2016-09-12,6.96,6.79,6.99,6.79,50245.15
2016-09-13,6.82,6.84,6.9,6.82,28858.15
2016-09-14,6.84,6.75,6.85,6.74,30261.22
2016-09-19,6.76,6.86,6.88,6.76,26673.18
2016-09-20,6.86,6.84,6.88,6.8,23726.33
2016-09-21,6.84,6.9,6.95,6.84,26607.79
2016-09-22,6.93,6.87,6.96,6.86,20682.5
2016-09-23,6.87,6.84,6.9,6.84,17424.17
2016-09-26,6.88,6.78,6.93,6.76,32704.14
2016-09-27,6.76,6.75,6.82,6.63,43655.32
2016-09-28,6.75,6.73,6.8,6.68,36996.57
2016-09-29,6.73,6.72,6.81,6.71,20250.5
2016-09-30,6.75,6.81,6.82,6.75,26022.95
2016-10-10,6.83,6.95,7.03,6.81,66722.32
2016-10-11,6.96,6.98,6.99,6.92,29551.5
2016-10-12,6.98,7.02,7.08,6.94,45200.43
2016-10-13,7.05,7.16,7.26,7.02,75807.25
2016-10-14,7.1,7.04,7.19,7.0,44785.14
2016-10-17,7.05,7.02,7.12,6.95,32719.75
2016-10-18,7.02,7.21,7.29,7.0,62878.1
2016-10-19,7.24,7.22,7.34,7.16,55453.4
2016-10-20,7.18,7.2,7.25,7.14,28768.81
2016-10-21,7.2,7.06,7.2,6.98,52830.8
2016-10-24,7.06,7.15,7.18,7.06,34685.26
2016-10-25,7.15,7.15,7.22,7.12,28932.85
2016-10-26,7.18,7.16,7.29,7.09,40343.93
2016-10-27,7.16,7.18,7.2,7.14,23016.12
2016-10-28,7.2,7.1,7.25,7.1,32712.95
2016-10-31,7.09,7.18,7.2,6.98,45462.55
2016-11-01,7.15,7.43,7.46,7.14,135181.45
2016-11-02,7.4,7.32,7.43,7.29,64345.69
2016-11-03,7.27,7.3,7.42,7.26,56034.64
2016-11-04,7.33,7.55,7.57,7.29,135702.53
2016-11-07,7.51,7.47,7.61,7.43,55012.28
2016-11-08,7.5,7.44,7.61,7.41,71127.2
2016-11-09,7.41,7.51,7.52,7.27,86072.43
2016-11-10,7.51,7.54,7.59,7.43,75020.54
2016-11-11,7.57,7.48,7.57,7.45,49030.32
2016-11-14,7.49,7.47,7.51,7.38,53081.23
2016-11-15,7.43,7.61,7.71,7.43,101903.76
2016-11-16,7.59,7.54,7.65,7.49,78845.46
2016-11-17,7.53,7.67,7.69,7.46,86076.77
2016-11-18,7.69,7.61,7.71,7.53,58254.95
2016-11-21,7.55,7.57,7.64,7.48,48242.79
2016-11-22,7.57,7.52,7.57,7.45,74207.91
2016-11-23,7.52,7.53,7.61,7.48,63869.52
2016-11-24,7.54,7.37,7.56,7.32,89500.9
2016-11-25,7.4,7.31,7.4,7.13,72213.56
2016-11-28,7.31,7.31,7.37,7.28,37990.99
2016-11-29,7.31,7.24,7.35,7.19,47180.36
2016-11-30,7.15,7.15,7.24,7.09,43789.96
2016-12-01,7.2,7.28,7.29,7.14,65396.15
2016-12-02,7.27,7.28,7.37,7.23,46982.12
2016-12-05,7.3,7.38,7.44,7.25,57681.54
2016-12-06,7.37,7.44,7.53,7.35,52656.99
2016-12-07,7.43,7.57,7.63,7.39,77533.67
2016-12-08,7.56,7.55,7.67,7.49,80863.19
2016-12-09,7.55,7.49,7.63,7.47,58828.58
2016-12-12,7.49,7.35,7.62,7.2,93817.06
2016-12-13,7.57,7.71,7.88,7.47,291447.7
2016-12-14,7.51,7.53,7.67,7.35,131639.99
2016-12-15,7.47,7.84,7.92,7.35,219345.52
2016-12-16,7.82,7.79,7.84,7.71,119736.53
2016-12-19,7.74,7.86,7.88,7.58,108644.52
2016-12-20,7.73,7.57,7.86,7.55,96517.3
2016-12-21,7.61,7.61,7.65,7.49,80873.86
2016-12-22,7.55,7.43,7.61,7.42,63687.17
2016-12-23,7.44,7.42,7.48,7.35,49016.39
2016-12-26,7.42,7.49,7.52,7.28,44672.55
2016-12-27,7.47,7.43,7.49,7.39,33207.25
2016-12-28,7.43,7.48,7.59,7.39,48624.42
2016-12-29,7.45,7.26,7.52,7.26,54408.38
2016-12-30,7.24,7.19,7.35,7.17,44602.88
2017-01-03,7.18,7.21,7.29,7.18,47663.31
2017-01-04,7.27,7.37,7.37,7.18,60480.26
2017-01-05,7.33,7.41,7.43,7.29,48000.04
2017-01-06,7.41,7.38,7.43,7.33,34149.02
2017-01-09,7.42,7.56,7.6,7.36,67517.21
2017-01-10,7.56,7.49,7.58,7.48,43093.28
2017-01-11,7.44,7.28,7.5,7.27,50311.55
2017-01-12,7.29,7.27,7.36,7.24,30347.48
2017-01-13,7.23,7.08,7.32,7.05,38479.15
2017-01-16,7.09,6.8,7.12,6.49,47319.49
2017-01-17,6.81,6.92,6.97,6.77,27651.73
2017-01-18,6.86,6.88,6.94,6.85,12605.52
2017-01-19,6.88,6.84,6.94,6.81,18033.39
2017-01-20,6.86,6.9,6.95,6.82,16199.52
2017-01-23,6.9,6.99,7.06,6.9,16729.01
2017-01-24,6.99,6.88,7.03,6.87,23099.33
2017-01-25,6.88,6.93,6.96,6.83,15610.9
2017-01-26,6.98,7.04,7.05,6.94,15496.5
2017-02-03,7.06,7.02,7.11,6.98,12986.89
2017-02-06,7.03,7.14,7.16,7.02,30171.54
2017-02-07,7.14,7.02,7.17,6.98,42870.9
2017-02-08,7.02,7.05,7.06,6.98,19561.34
2017-02-09,7.05,7.09,7.11,7.05,21099.15
2017-02-10,7.07,7.1,7.17,7.06,27402.52
2017-02-13,7.1,7.12,7.19,7.06,29368.7
2017-02-14,7.12,7.04,7.14,7.01,24282.02
2017-02-15,7.05,7.01,7.07,6.98,26599.4
2017-02-16,7.06,6.99,7.07,6.98,33828.02
2017-02-17,7.01,6.82,7.02,6.78,59190.14
2017-02-20,6.85,6.89,6.91,6.83,39277.34
2017-02-21,6.9,6.98,6.98,6.87,29757.65
2017-02-22,6.98,7.06,7.06,6.94,35845.08
2017-02-23,7.06,7.04,7.09,7.01,26551.86
2017-02-24,7.08,7.06,7.08,7.02,32015.85
2017-02-27,7.06,7.08,7.19,7.02,48980.59
2017-02-28,7.08,7.05,7.19,6.98,47144.49
2017-03-01,7.02,7.11,7.13,7.01,30298.66
2017-03-02,7.12,7.06,7.15,7.05,25338.45
2017-03-03,7.04,7.08,7.12,7.02,17392.3
2017-03-06,7.07,7.19,7.2,7.07,31510.41
2017-03-07,7.19,7.29,7.31,7.14,47121.73
2017-03-08,7.29,7.26,7.32,7.23,36484.25
2017-03-09,7.26,7.28,7.33,7.23,38879.32
2017-03-10,7.27,7.45,7.46,7.24,65558.52
2017-03-13,7.43,7.47,7.48,7.37,73947.49
2017-03-14,7.47,8.21,8.21,7.43,391121.23
2017-03-15,8.14,8.31,8.84,8.02,618282.8
2017-03-16,8.13,8.31,8.44,8.0,371659.67
2017-03-17,8.21,8.16,8.44,8.14,265718.82
2017-03-20,8.07,7.93,8.18,7.81,198410.11
2017-03-21,7.94,7.87,7.94,7.72,170554.21
2017-03-22,7.78,7.83,7.92,7.72,116876.83
2017-03-23,7.84,7.55,7.9,7.35,193024.13
2017-03-24,7.54,7.54,7.55,7.41,112234.59
2017-03-27,7.57,7.59,7.65,7.47,102426.26
2017-03-28,7.58,7.49,7.58,7.48,82141.05
2017-03-29,7.48,7.58,7.7,7.35,136538.02
2017-03-30,7.54,7.7,7.78,7.45,174988.64
2017-03-31,7.65,7.49,7.75,7.45,97566.57
2017-04-05,7.67,7.82,7.96,7.5,215774.38
2017-04-06,7.81,7.75,7.82,7.64,125905.55
2017-04-07,7.74,7.87,8.0,7.55,211553.3
2017-04-10,7.8,7.81,8.0,7.76,180149.63
2017-04-11,7.97,7.67,7.97,7.51,153563.92
2017-04-12,7.61,7.42,7.64,7.39,98877.47
2017-04-13,7.4,7.47,7.56,7.4,56961.61
2017-04-14,7.49,7.39,7.55,7.34,64962.54
2017-04-17,7.38,7.45,7.56,7.38,54318.17
2017-04-18,7.39,7.48,7.71,7.37,103178.45
2017-04-19,7.35,7.1,7.38,6.96,129627.59
2017-04-20,7.08,7.04,7.12,6.96,62164.67
2017-04-21,7.04,7.43,7.51,7.04,230221.95
2017-04-24,7.43,7.17,7.61,7.14,207047.35
2017-04-25,7.12,7.31,7.42,7.08,188735.61
2017-04-26,7.31,7.68,7.73,7.26,280711.24
2017-04-27,7.67,7.78,7.88,7.53,312088.24
2017-04-28,7.65,7.64,7.71,7.53,167799.35
2017-05-02,7.61,7.83,7.86,7.57,214072.34
2017-05-03,7.85,7.49,7.86,7.48,166292.73
2017-05-04,7.43,7.13,7.44,7.06,172186.81
2017-05-05,7.06,7.02,7.2,7.02,100640.18
2017-05-08,6.97,6.76,7.08,6.73,83560.7
2017-05-09,6.71,6.73,6.8,6.63,75801.87
2017-05-10,6.74,6.59,6.82,6.53,72579.52
2017-05-11,6.57,6.54,6.65,6.3,57119.09
2017-05-12,6.54,6.41,6.59,6.37,67408.41
2017-05-15,6.42,6.42,6.48,6.37,53797.72
2017-05-16,6.39,6.48,6.49,6.12,87515.01
2017-05-17,6.46,6.55,6.65,6.38,72189.92
2017-05-18,6.45,6.46,6.71,6.42,77644.09
2017-05-19,6.44,6.29,6.51,6.28,65804.42
2017-05-22,6.22,6.1,6.28,6.09,46961.19
2017-05-23,6.09,5.81,6.12,5.79,64570.1
2017-05-24,5.81,5.92,5.92,5.76,37333.33
2017-05-25,5.92,6.0,6.03,5.84,39379.85
2017-05-26,6.0,6.25,6.35,5.97,74835.6
2017-05-31,6.25,6.24,6.39,6.23,36564.53
2017-06-01,6.2,6.0,6.28,5.98,33991.28
2017-06-02,6.0,6.1,6.14,5.89,29308.83
2017-06-05,6.13,6.21,6.24,6.11,23991.07
2017-06-06,6.21,6.21,6.24,6.14,24055.49
2017-06-07,6.2,6.34,6.35,6.17,35820.54
2017-06-08,6.34,6.41,6.41,6.31,44371.94
2017-06-09,6.39,6.39,6.42,6.33,35712.41
2017-06-12,6.36,6.26,6.38,6.26,42083.55
2017-06-13,6.27,6.3,6.34,6.23,47740.71
2017-06-14,6.3,6.31,6.38,6.26,49429.27
2017-06-15,6.33,6.35,6.38,6.28,35947.59
2017-06-16,6.37,6.46,6.53,6.37,61115.14
2017-06-19,6.46,6.32,6.46,6.29,54493.2
2017-06-20,6.33,6.4,6.44,6.3,50823.54
2017-06-21,6.38,6.57,6.59,6.38,87902.8
2017-06-22,6.57,6.58,6.68,6.53,114453.86
2017-06-23,6.61,6.91,6.98,6.58,193374.13
2017-06-26,6.91,6.91,6.95,6.69,110423.47
2017-06-27,6.86,6.93,6.98,6.79,81163.92
2017-06-28,6.96,6.77,7.07,6.72,78354.92
2017-06-29,6.8,6.83,6.83,6.69,58880.67
2017-06-30,6.82,6.74,6.82,6.72,44037.71
2017-07-03,6.73,6.74,6.81,6.67,53022.33
2017-07-04,6.74,6.58,6.74,6.56,69413.21
2017-07-05,6.6,6.97,7.22,6.57,156145.74
2017-07-06,6.87,6.87,6.93,6.78,109529.9
2017-07-07,6.93,7.06,7.1,6.88,134682.35
2017-07-10,7.52,7.4,7.76,7.34,536712.72
2017-07-11,7.16,7.01,7.25,6.97,309695.78
2017-07-12,7.03,7.17,7.46,7.02,249233.33
2017-07-13,7.11,7.08,7.33,7.05,149799.37
2017-07-14,7.02,6.96,7.11,6.85,124310.75
2017-07-17,6.92,6.55,6.97,6.28,168574.92
2017-07-18,6.49,6.66,6.72,6.48,74732.44
2017-07-19,6.65,6.7,6.74,6.54,86898.04
2017-07-20,6.68,6.73,6.82,6.65,72534.77
2017-07-21,6.69,6.69,6.78,6.65,65079.66
2017-07-24,6.68,6.72,6.73,6.55,73553.2
2017-07-25,6.65,6.59,6.69,6.54,59546.6
2017-07-26,6.59,6.64,6.7,6.59,42698.19
2017-07-27,6.65,6.69,6.71,6.58,62718.87
2017-07-28,6.69,6.63,6.7,6.62,53794.93
2017-07-31,6.65,6.55,6.66,6.52,95601.27
2017-08-01,6.57,6.5,6.57,6.46,89160.84
2017-08-02,6.5,6.46,6.52,6.42,45830.83
2017-08-03,6.47,6.48,6.52,6.43,51198.94
2017-08-04,6.54,6.64,6.71,6.53,129145.28
2017-08-07,6.57,6.67,6.68,6.51,93612.62
2017-08-08,6.64,6.64,6.66,6.61,41553.56
2017-08-09,6.64,6.66,6.67,6.59,37424.06
2017-08-10,6.66,6.51,6.66,6.49,57917.63
2017-08-11,6.48,6.4,6.5,6.39,49447.05
2017-08-14,6.42,6.54,6.55,6.42,40424.67
2017-08-15,6.54,6.6,6.61,6.49,49088.49
2017-08-16,6.6,6.54,6.62,6.51,48828.65
2017-08-17,6.55,6.56,6.59,6.5,68666.35
2017-08-18,6.53,6.69,6.78,6.51,129639.68
2017-08-21,6.83,6.74,6.86,6.67,123706.57
2017-08-22,6.77,6.83,6.94,6.7,164887.95
2017-08-23,6.83,7.04,7.07,6.79,166061.95
2017-08-24,6.98,7.16,7.37,6.97,243913.53
2017-08-25,7.06,7.11,7.16,6.98,117074.51
2017-08-28,7.05,7.05,7.14,6.97,146278.75
2017-08-29,7.05,7.05,7.07,6.95,87327.34
2017-08-30,7.03,6.93,7.03,6.84,113926.15
2017-08-31,6.93,6.95,6.97,6.86,66351.48
2017-09-01,6.97,6.92,6.97,6.88,56766.03
2017-09-04,6.92,7.11,7.12,6.89,109043.05
2017-09-05,7.11,7.05,7.12,6.99,77870.72
2017-09-06,7.06,7.25,7.31,6.99,135656.5
2017-09-07,7.22,7.25,7.46,7.16,186590.9
2017-09-08,7.2,7.17,7.24,7.09,82956.25
2017-09-11,7.17,7.29,7.33,7.17,88355.22
2017-09-12,7.29,7.42,7.56,7.26,187476.52
2017-09-13,7.43,7.41,7.46,7.31,83129.79
2017-09-14,7.4,7.31,7.44,7.28,65114.84
2017-09-15,7.27,7.25,7.29,7.13,80745.43
2017-09-18,7.11,7.22,7.27,7.11,91389.33
2017-09-19,7.2,7.2,7.34,7.17,52456.9
2017-09-20,7.27,7.24,7.27,7.15,37354.09
2017-09-21,7.21,7.03,7.24,7.02,79693.32
2017-09-22,7.02,7.02,7.09,6.91,48021.33
2017-09-25,7.09,7.03,7.1,6.96,28557.01
2017-09-26,7.03,6.92,7.05,6.9,52387.17
2017-09-27,6.91,6.96,7.02,6.9,62307.47
2017-09-28,6.96,6.81,6.96,6.72,78544.97
2017-09-29,6.8,6.83,6.85,6.8,42172.99
2017-10-09,6.91,6.96,7.07,6.89,65179.92
2017-10-10,6.96,7.05,7.13,6.94,74055.82
2017-10-11,7.05,7.04,7.12,6.97,60216.64
2017-10-12,7.04,7.04,7.1,6.94,54328.27
2017-10-13,7.06,6.99,7.06,6.93,74898.5
2017-10-16,6.96,6.84,6.96,6.76,93377.94
2017-10-17,6.83,6.73,6.84,6.71,58163.0
2017-10-18,6.72,6.6,6.75,6.53,99766.44
2017-10-19,6.6,6.65,6.77,6.55,67074.71
2017-10-20,6.6,6.66,6.72,6.52,38602.25
2017-10-23,6.66,6.66,6.71,6.62,46712.24
2017-10-24,6.67,6.63,6.67,6.55,44492.33
2017-10-25,6.63,6.56,6.65,6.54,67842.76
2017-10-26,6.55,6.57,6.59,6.53,59562.16
2017-10-27,6.56,6.44,6.57,6.41,92605.39
2017-10-30,6.42,6.24,6.45,6.21,79013.06
2017-10-31,6.25,6.29,6.32,6.22,33192.79
2017-11-01,6.3,6.23,6.31,6.23,50040.26
2017-11-02,6.23,6.14,6.24,6.11,53553.54
2017-11-03,6.14,6.03,6.22,5.93,72918.34
2017-11-06,6.01,5.99,6.03,5.87,87648.93
2017-11-07,6.02,6.04,6.07,5.93,90561.11
2017-11-08,6.02,6.03,6.06,5.96,59851.03
2017-11-09,6.04,6.01,6.04,5.89,100751.5
2017-11-10,5.97,5.92,5.97,5.88,72263.56
2017-11-13,5.93,5.83,5.94,5.8,81930.27
2017-11-14,5.82,5.85,5.89,5.8,60503.11
2017-11-15,5.83,5.84,5.86,5.81,47000.43
2017-11-16,5.85,5.82,5.89,5.81,59320.88
2017-11-17,5.83,5.58,5.85,5.54,89274.85
2017-11-20,5.54,5.47,5.63,5.34,73401.89
2017-11-21,5.48,5.45,5.5,5.41,37995.54
2017-11-22,5.43,5.46,5.5,5.39,42438.3
2017-11-23,5.46,5.41,5.5,5.39,48731.92
2017-11-24,5.38,5.42,5.46,5.35,43101.6
2017-11-27,5.43,5.38,5.45,5.38,32499.04
2017-11-28,5.42,5.48,5.49,5.37,46589.87
2017-11-29,5.47,5.45,5.48,5.4,37430.74
2017-11-30,5.45,5.42,5.48,5.39,48605.0
2017-12-01,5.41,5.34,5.42,5.33,100740.15
2017-12-04,5.34,5.23,5.39,5.22,83918.15
2017-12-05,5.25,5.18,5.26,5.1,61997.0
2017-12-06,5.16,5.19,5.21,5.02,87673.4
2017-12-07,5.16,5.16,5.22,5.09,52021.42
2017-12-08,5.16,5.2,5.27,5.12,52242.58
2017-12-11,5.2,5.25,5.27,5.17,60831.62
2017-12-12,5.23,5.13,5.23,5.11,65201.83
2017-12-13,5.15,5.2,5.22,5.11,58187.03
2017-12-14,5.19,5.14,5.2,5.11,54008.7
2017-12-15,5.13,5.19,5.21,5.07,66347.81
2017-12-18,5.2,5.07,5.21,5.06,59452.63
2017-12-19,5.07,5.08,5.11,5.06,63612.24
2017-12-20,5.08,5.04,5.09,4.99,62156.73
2017-12-21,5.02,5.04,5.07,4.95,58815.93
2017-12-22,5.03,5.1,5.12,5.0,57316.82
2017-12-25,5.09,5.0,5.09,4.96,58079.86
2017-12-26,4.98,5.0,5.02,4.94,49199.36
2017-12-27,5.0,5.0,5.03,4.97,49039.1
2017-12-28,4.99,5.01,5.04,4.97,47988.02
2017-12-29,5.01,4.94,5.01,4.9,100687.9
2018-01-02,4.94,5.03,5.06,4.93,109780.47
2018-01-03,5.01,5.21,5.32,4.99,265728.41
2018-01-04,5.16,5.24,5.29,5.15,166098.3
2018-01-05,5.23,5.38,5.38,5.21,148323.95
2018-01-08,5.38,5.39,5.4,5.28,128857.74
2018-01-09,5.5,5.4,5.56,5.34,140612.83
2018-01-10,5.35,5.31,5.36,5.26,82058.89
2018-01-11,5.27,5.35,5.36,5.26,50620.91
2018-01-12,5.34,5.31,5.35,5.28,38276.7
2018-01-15,5.31,5.06,5.31,5.06,99797.81
2018-01-16,5.06,5.06,5.08,5.01,58690.2
2018-01-17,5.06,5.19,5.29,4.99,99093.96
2018-01-18,5.16,5.2,5.25,5.14,65288.12
2018-01-19,5.22,5.16,5.22,5.1,77398.17
2018-01-22,5.16,5.26,5.29,5.14,98340.08
2018-01-23,5.27,5.17,5.27,5.14,72998.17
2018-01-24,5.18,5.15,5.18,5.07,87264.34
2018-01-25,5.16,5.17,5.21,5.13,75915.01
2018-01-26,5.17,5.12,5.18,5.11,46480.1
2018-01-29,5.14,5.02,5.16,5.0,68724.24
2018-01-30,5.03,5.0,5.04,4.97,41631.6
2018-01-31,5.01,4.84,5.02,4.81,66325.2
2018-02-01,4.81,4.65,4.82,4.59,64645.87
2018-02-02,4.62,4.58,4.64,4.55,83904.9
2018-02-05,4.49,4.51,4.57,4.42,41756.5
2018-02-06,4.4,4.21,4.47,4.2,91088.03
2018-02-07,4.3,4.21,4.32,4.12,67841.43
2018-02-08,4.21,4.3,4.32,4.18,48078.48
2018-02-09,4.19,4.18,4.3,4.13,60801.65
2018-02-12,4.18,4.28,4.32,4.18,41042.2
2018-02-13,4.32,4.3,4.34,4.27,40110.58
2018-02-14,4.31,4.3,4.32,4.22,23738.58
2018-02-22,4.32,4.37,4.39,4.29,37040.16
2018-02-23,4.36,4.38,4.4,4.34,34349.69
2018-02-26,4.38,4.49,4.49,4.36,57824.76
2018-02-27,4.5,4.5,4.52,4.46,38488.99
2018-02-28,4.46,4.53,4.56,4.45,40648.34
2018-03-01,4.5,4.63,4.64,4.48,65366.76
2018-03-02,4.59,4.6,4.7,4.56,56930.11
2018-03-05,4.58,4.62,4.63,4.55,36273.9
2018-03-06,4.62,4.67,4.68,4.56,53422.63
2018-03-07,4.65,4.59,4.68,4.58,37707.48
2018-03-08,4.59,4.71,4.72,4.58,65969.35
2018-03-09,4.72,4.84,4.9,4.66,117617.4
2018-03-12,5.15,5.33,5.33,5.15,93706.92
2018-03-13,5.86,5.86,5.86,5.86,80051.78
2018-03-14,5.8,5.55,6.02,5.53,612683.76
2018-03-15,5.43,5.31,5.51,5.15,384639.2
2018-03-16,5.34,5.5,5.76,5.32,518905.57
2018-03-19,5.71,5.46,5.8,5.39,400769.78
2018-03-20,5.23,5.24,5.34,5.1,270925.23
2018-03-21,5.26,5.11,5.33,5.08,278727.21
2018-03-22,5.11,5.12,5.3,4.97,237556.1
2018-03-23,4.9,4.61,4.93,4.61,282578.42
2018-03-26,4.46,4.71,4.72,4.46,158037.53
2018-03-27,4.76,4.83,4.89,4.74,170337.31
2018-03-28,4.73,4.73,4.81,4.71,100248.66
2018-03-29,4.76,4.82,4.88,4.74,101853.34
2018-03-30,4.86,4.91,4.95,4.79,136480.29
2018-04-02,4.93,4.9,4.96,4.77,134869.51
2018-04-03,4.77,4.77,4.83,4.7,127098.22
2018-04-04,4.79,4.67,4.82,4.66,88705.05
2018-04-09,4.63,4.65,4.68,4.56,68218.56
2018-04-10,4.62,4.65,4.68,4.62,72919.39
2018-04-11,4.68,4.75,4.79,4.66,112539.19
2018-04-12,4.73,4.65,4.74,4.64,72332.1
2018-04-13,4.68,4.68,4.73,4.64,53316.02
2018-04-16,4.67,4.6,4.67,4.54,67665.1
2018-04-17,4.62,4.42,4.62,4.42,80971.18
2018-04-18,4.47,4.47,4.48,4.34,80501.1
2018-04-19,4.49,4.47,4.52,4.45,74184.3
2018-04-20,4.46,4.35,4.5,4.32,60025.62
2018-04-23,4.35,4.31,4.35,4.26,65133.6
2018-04-24,4.31,4.45,4.46,4.3,61091.13
2018-04-25,4.4,4.44,4.45,4.37,44361.5
2018-04-26,4.43,4.27,4.43,4.23,54278.9
2018-04-27,4.29,4.31,4.33,4.23,46968.77
2018-05-02,4.27,4.27,4.35,4.24,35788.1
2018-05-03,4.27,4.34,4.36,4.22,44409.46
2018-05-04,4.35,4.36,4.39,4.32,35528.4
2018-05-07,4.37,4.47,4.48,4.37,78506.87
2018-05-08,4.47,4.51,4.54,4.47,75536.2
2018-05-09,4.51,4.52,4.52,4.44,52370.89
2018-05-10,4.57,4.53,4.62,4.51,69701.12
2018-05-11,4.55,4.49,4.55,4.46,58601.23
2018-05-14,4.48,4.47,4.5,4.42,37405.8
2018-05-15,4.47,4.46,4.47,4.4,40422.36
2018-05-16,4.46,4.42,4.47,4.33,81326.48
2018-05-17,4.4,4.33,4.4,4.32,52014.71
2018-05-18,4.34,4.35,4.37,4.3,64191.18
2018-05-21,4.39,4.47,4.47,4.36,81510.7
2018-05-22,4.45,4.61,4.64,4.44,172046.14
2018-05-23,4.57,4.51,4.58,4.49,81814.0
2018-05-24,4.51,4.46,4.53,4.44,47431.2
2018-05-25,4.45,4.35,4.48,4.34,66647.32
2018-05-28,4.34,4.3,4.37,4.28,41822.5
2018-05-29,4.3,4.32,4.33,4.28,33000.5
2018-05-30,4.24,4.14,4.27,4.12,72251.9
2018-05-31,4.18,4.22,4.25,4.17,42496.86
2018-06-01,4.19,4.27,4.36,4.18,49839.58
2018-06-04,4.28,4.3,4.3,4.24,31763.93
2018-06-05,4.26,4.31,4.32,4.25,39921.68
2018-06-06,4.3,4.29,4.34,4.26,31425.25
2018-06-07,4.29,4.4,4.63,4.24,130323.73
2018-06-08,4.34,4.3,4.37,4.27,62299.0
2018-06-11,4.28,4.35,4.47,4.22,82908.95
2018-06-12,4.34,4.47,4.51,4.33,123373.01
2018-06-13,4.42,4.33,4.45,4.33,69489.57
2018-06-14,4.31,4.22,4.33,4.22,55555.86
2018-06-15,4.22,4.16,4.26,4.14,55701.21
2018-06-19,4.13,3.76,4.13,3.74,115143.33
2018-06-20,3.74,3.76,3.8,3.66,71561.81
2018-06-21,3.74,3.6,3.79,3.59,67612.49
2018-06-22,3.59,3.6,3.7,3.54,86297.24
2018-06-25,3.62,3.46,3.64,3.42,114876.1
2018-06-26,3.41,3.45,3.45,3.33,133862.25
2018-06-27,3.45,3.41,3.47,3.39,68086.32
2018-06-28,3.44,3.43,3.49,3.41,61221.15
2018-06-29,3.44,3.51,3.52,3.4,61296.35
2018-07-02,3.52,3.45,3.53,3.43,62045.24
2018-07-03,3.45,3.52,3.52,3.44,57232.25
2018-07-04,3.51,3.45,3.52,3.41,45127.63
2018-07-05,3.42,3.35,3.5,3.35,60416.0
2018-07-06,3.37,3.37,3.42,3.3,67571.54
2018-07-09,3.37,3.45,3.47,3.37,58070.73
2018-07-10,3.47,3.46,3.48,3.43,48994.81
2018-07-11,3.44,3.38,3.45,3.33,46033.3
2018-07-12,3.4,3.47,3.49,3.39,73188.1
2018-07-13,3.45,3.46,3.47,3.44,38626.54
2018-07-16,3.45,3.42,3.46,3.37,68432.62
2018-07-17,3.42,3.47,3.48,3.39,62725.75
2018-07-18,3.47,3.6,3.63,3.47,133510.15
2018-07-19,3.57,3.53,3.65,3.52,106849.7
2018-07-20,3.52,3.55,3.57,3.47,68699.86
2018-07-23,3.57,3.62,3.73,3.57,114207.2
2018-07-24,3.62,3.65,3.7,3.58,132393.08
2018-07-25,3.65,3.66,3.67,3.61,87017.01
2018-07-26,3.67,3.74,3.83,3.64,146636.55
2018-07-27,3.7,3.75,3.81,3.68,110266.67
2018-07-30,3.73,3.63,3.79,3.59,103099.0
2018-07-31,3.62,3.71,3.74,3.58,82013.96
2018-08-01,3.68,3.6,3.71,3.59,73140.45
2018-08-02,3.56,3.47,3.59,3.41,84375.14
2018-08-03,3.46,3.46,3.52,3.46,45503.71
2018-08-06,3.45,3.43,3.5,3.38,42286.88
2018-08-07,3.43,3.54,3.55,3.43,69024.62
2018-08-08,3.52,3.47,3.56,3.46,52557.39
2018-08-09,3.47,3.53,3.56,3.44,60888.16
2018-08-10,3.54,3.55,3.58,3.51,52041.83
2018-08-13,3.5,3.52,3.54,3.47,47639.47
2018-08-14,3.51,3.61,3.78,3.51,127847.81
2018-08-15,3.57,3.53,3.61,3.52,75096.15
2018-08-16,3.48,3.48,3.53,3.45,48384.2
2018-08-17,3.51,3.44,3.54,3.41,34330.0
2018-08-20,3.45,3.49,3.52,3.38,54059.5
2018-08-21,3.52,3.6,3.68,3.51,118732.31
2018-08-22,3.51,3.5,3.56,3.5,72401.66
2018-08-23,3.5,3.49,3.54,3.47,48499.44
2018-08-24,3.48,3.47,3.53,3.47,33343.27
2018-08-27,3.46,3.51,3.53,3.45,61726.3
2018-08-28,3.52,3.54,3.65,3.49,84432.4
2018-08-29,3.51,3.52,3.56,3.49,58954.18
2018-08-30,3.51,3.47,3.53,3.47,40569.0
2018-08-31,3.47,3.4,3.47,3.37,40279.0
2018-09-03,3.41,3.4,3.44,3.32,43803.0
2018-09-04,3.4,3.41,3.44,3.37,36690.3
2018-09-05,3.4,3.33,3.41,3.33,62251.57
2018-09-06,3.32,3.32,3.35,3.28,49503.02
2018-09-07,3.31,3.36,3.39,3.31,39399.2
2018-09-10,3.38,3.28,3.38,3.28,35330.8
2018-09-11,3.28,3.3,3.32,3.26,26129.7
2018-09-12,3.3,3.31,3.35,3.29,19161.6
2018-09-13,3.35,3.36,3.37,3.32,29343.61
2018-09-14,3.36,3.33,3.38,3.32,22268.0
2018-09-17,3.33,3.28,3.34,3.25,26451.6
2018-09-18,3.28,3.34,3.35,3.25,34075.9
2018-09-19,3.32,3.36,3.38,3.32,37851.6
2018-09-20,3.35,3.34,3.37,3.33,30027.2
2018-09-21,3.33,3.38,3.4,3.32,37477.25
2018-09-25,3.37,3.36,3.39,3.35,24252.15
2018-09-26,3.37,3.38,3.41,3.36,31948.8
2018-09-27,3.38,3.31,3.38,3.31,32568.9
2018-09-28,3.31,3.34,3.35,3.31,18897.26
2018-10-08,3.3,3.27,3.32,3.25,29436.2
2018-10-09,3.28,3.28,3.29,3.27,25844.25
2018-10-10,3.28,3.28,3.31,3.27,19267.48
2018-10-11,3.23,2.96,3.23,2.95,75201.0
2018-10-12,2.9,2.9,2.96,2.77,54567.03
2018-10-15,2.91,2.86,2.96,2.84,24067.71
2018-10-16,2.85,2.82,2.9,2.8,27259.97
2018-10-17,2.87,2.88,2.9,2.81,28939.97
2018-10-18,2.85,2.81,2.88,2.77,25905.47
2018-10-19,2.76,2.86,2.87,2.76,21693.7
2018-10-22,2.87,3.0,3.05,2.87,52357.62
2018-10-23,3.01,2.96,3.02,2.94,36879.7
2018-10-24,2.97,2.96,3.0,2.93,23691.7
2018-10-25,2.87,2.95,2.95,2.86,22679.6
2018-10-26,2.96,2.97,2.99,2.94,27521.4
2018-10-29,2.93,2.9,2.95,2.87,23578.1
2018-10-30,2.89,2.9,2.93,2.85,31223.52
2018-10-31,2.92,2.95,2.98,2.9,40764.98
2018-11-01,2.97,2.95,3.0,2.94,47370.66
2018-11-02,2.98,3.02,3.06,2.97,69015.37
2018-11-05,3.0,3.09,3.1,2.99,90765.7
2018-11-06,3.09,3.14,3.14,3.03,87613.87
2018-11-07,3.13,3.09,3.13,3.08,67980.4
2018-11-08,3.09,3.07,3.12,3.04,49195.5
2018-11-09,3.06,3.13,3.22,3.04,124970.37
2018-11-12,3.1,3.45,3.45,3.1,133945.76
2018-11-13,3.49,3.44,3.6,3.37,393555.97
2018-11-14,3.37,3.47,3.47,3.33,233638.5
2018-11-15,3.56,3.5,3.65,3.47,307421.53
2018-11-16,3.47,3.57,3.75,3.44,314642.79
2018-11-19,3.65,3.57,3.68,3.5,260526.87
2018-11-20,3.51,3.41,3.51,3.41,168774.6
2018-11-21,3.35,3.44,3.45,3.34,107753.25
2018-11-22,3.47,3.42,3.47,3.41,84176.7
2018-11-23,3.47,3.23,3.5,3.22,142347.39
2018-11-26,3.21,3.27,3.27,3.14,85825.84
2018-11-27,3.27,3.29,3.34,3.25,84175.32
2018-11-28,3.29,3.39,3.43,3.22,120956.64
2018-11-29,3.39,3.23,3.39,3.23,89108.7
2018-11-30,3.22,3.25,3.27,3.14,54394.77
2018-12-03,3.34,3.33,3.36,3.29,76145.78
2018-12-04,3.32,3.66,3.66,3.31,411861.83
2018-12-05,3.8,3.6,3.92,3.59,728976.85
2018-12-06,3.47,3.42,3.52,3.39,377538.79
2018-12-07,3.44,3.37,3.47,3.35,153023.4
2018-12-10,3.32,3.28,3.36,3.28,107741.81
2018-12-11,3.29,3.34,3.35,3.28,82894.36
2018-12-12,3.37,3.38,3.47,3.35,121764.6
2018-12-13,3.37,3.38,3.43,3.3,109257.69
2018-12-14,3.38,3.29,3.43,3.29,86678.0
2018-12-17,3.29,3.28,3.31,3.22,76074.6
2018-12-18,3.27,3.28,3.32,3.22,65618.8
2018-12-19,3.29,3.3,3.36,3.27,85159.7
2018-12-20,3.3,3.36,3.41,3.3,87934.46
2018-12-21,3.36,3.35,3.38,3.28,61348.0
2018-12-24,3.34,3.34,3.36,3.31,49130.8
2018-12-25,3.31,3.27,3.31,3.18,94537.04
2018-12-26,3.25,3.28,3.33,3.24,67668.59
2018-12-27,3.34,3.2,3.36,3.19,58890.29
2018-12-28,3.21,3.14,3.25,3.12,60166.2
2019-01-02,3.15,3.09,3.18,3.09,62293.7
2019-01-03,3.09,3.09,3.13,3.08,37405.86
2019-01-04,3.06,3.17,3.19,3.03,67129.06
2019-01-07,3.2,3.25,3.27,3.17,72022.0
2019-01-08,3.23,3.27,3.28,3.23,54019.58
2019-01-09,3.28,3.28,3.37,3.28,92644.93
2019-01-10,3.31,3.29,3.34,3.28,60344.37
2019-01-11,3.29,3.34,3.34,3.27,60485.87
2019-01-14,3.36,3.32,3.37,3.29,46241.26
2019-01-15,3.31,3.4,3.47,3.29,123822.96
2019-01-16,3.39,3.39,3.42,3.35,72979.96
2019-01-17,3.38,3.33,3.38,3.3,61833.57
2019-01-18,3.32,3.3,3.37,3.3,65660.4
2019-01-21,3.29,3.35,3.37,3.29,71190.9
2019-01-22,3.32,3.31,3.37,3.28,46482.0
2019-01-23,3.29,3.34,3.35,3.28,46078.39
2019-01-24,3.34,3.37,3.45,3.34,84700.2
2019-01-25,3.36,3.45,3.65,3.32,297709.95
2019-01-28,3.42,3.31,3.47,3.29,188160.0
2019-01-29,3.28,3.14,3.28,3.07,146577.1
2019-01-30,3.1,3.1,3.16,3.09,49220.2
2019-01-31,3.11,3.06,3.13,3.04,55693.0
2019-02-01,3.09,3.15,3.15,3.08,35852.5
2019-02-11,3.16,3.23,3.23,3.15,47117.83
2019-02-12,3.23,3.27,3.28,3.22,54819.35
2019-02-13,3.27,3.34,3.35,3.25,91535.77
2019-02-14,3.32,3.35,3.38,3.31,70790.26
2019-02-15,3.36,3.35,3.37,3.32,67678.24
2019-02-18,3.37,3.44,3.45,3.37,108300.85
2019-02-19,3.45,3.45,3.48,3.39,95005.1
2019-02-20,3.51,3.47,3.56,3.42,115065.08
2019-02-21,3.44,3.44,3.5,3.41,123831.25
2019-02-22,3.41,3.51,3.53,3.4,154942.54
2019-02-25,3.65,3.74,3.77,3.52,308703.37
2019-02-26,3.71,3.78,3.95,3.63,392749.22
2019-02-27,3.81,3.84,3.87,3.75,289867.24
2019-02-28,3.81,3.79,3.87,3.75,157284.11
2019-03-01,3.82,3.8,3.84,3.76,114057.53
2019-03-04,3.84,3.83,3.9,3.8,212984.41
2019-03-05,3.81,3.96,4.03,3.8,246462.22
2019-03-06,4.01,4.17,4.2,3.97,351259.77
2019-03-07,4.22,4.18,4.32,4.11,342942.14
2019-03-08,4.18,4.59,4.59,4.1,322531.37
2019-03-11,5.05,5.05,5.05,5.05,65541.21
2019-03-12,5.55,5.31,5.55,5.17,1490660.11
2019-03-13,5.2,5.42,5.84,5.2,1181535.67
2019-03-14,4.89,4.88,5.02,4.88,380817.0
2019-03-15,4.74,4.69,4.8,4.59,623897.91
2019-03-18,4.61,4.65,4.67,4.47,418689.84
2019-03-19,4.64,4.68,4.8,4.61,326329.4
2019-03-20,4.81,4.77,4.9,4.65,422541.25
2019-03-21,4.73,4.88,4.89,4.62,457995.34
2019-03-22,4.8,4.74,4.83,4.66,301547.99
2019-03-25,4.64,4.6,4.7,4.55,235323.74
2019-03-26,4.62,4.46,4.68,4.41,254447.27
2019-03-27,4.51,4.4,4.53,4.33,224273.21
2019-03-28,4.4,4.4,4.57,4.32,231580.22
2019-03-29,4.4,4.53,4.54,4.36,183418.92
2019-04-01,4.6,4.72,4.76,4.57,282976.05
2019-04-02,4.72,4.71,4.77,4.64,237878.45
2019-04-03,4.67,4.76,4.77,4.63,231775.18
2019-04-04,4.75,4.7,4.78,4.65,220594.84
2019-04-08,4.76,4.61,4.76,4.57,209779.36
2019-04-09,4.6,4.65,4.68,4.6,141662.25
2019-04-10,4.64,4.7,4.71,4.58,197644.63
2019-04-11,4.7,4.64,4.76,4.63,200931.24
2019-04-12,4.61,4.7,4.73,4.61,130916.69
2019-04-15,4.75,4.63,4.78,4.6,188365.69
2019-04-16,4.6,4.66,4.66,4.45,180443.54
2019-04-17,4.65,4.73,4.79,4.62,274384.81
2019-04-18,4.73,4.97,5.02,4.7,493864.79
2019-04-19,4.88,4.89,4.97,4.8,293221.72
2019-04-22,4.95,4.97,5.08,4.9,368427.5
2019-04-23,4.95,4.79,4.96,4.77,227219.12
2019-04-24,4.86,4.81,4.86,4.72,162914.08
2019-04-25,4.81,4.47,4.82,4.41,248476.48
2019-04-26,4.45,4.46,4.58,4.42,133747.4
2019-04-29,4.47,4.19,4.52,4.14,167148.1
2019-04-30,4.2,4.33,4.38,4.17,143718.24
2019-05-06,4.17,4.01,4.28,3.92,165996.49
2019-05-07,4.07,4.07,4.15,3.97,123383.79
2019-05-08,4.0,4.07,4.17,3.93,107810.15
2019-05-09,4.03,4.09,4.18,4.01,114277.32
2019-05-10,4.12,4.21,4.22,3.99,152751.44
2019-05-13,4.13,4.22,4.25,4.1,99647.53
2019-05-14,4.15,4.15,4.23,4.14,95454.03
2019-05-15,4.18,4.22,4.23,4.16,91259.6
2019-05-16,4.19,4.25,4.29,4.19,104298.92
2019-05-17,4.31,4.15,4.4,4.07,177176.75
2019-05-20,4.13,4.06,4.15,4.0,104569.24
2019-05-21,4.08,4.15,4.17,4.05,86545.48
2019-05-22,4.11,4.06,4.15,4.03,93130.01
2019-05-23,4.07,3.98,4.08,3.96,81219.59
2019-05-24,3.97,3.98,4.03,3.95,53408.47
2019-05-27,4.01,4.1,4.13,3.97,79235.87
2019-05-28,4.09,4.14,4.19,4.09,96749.01
2019-05-29,4.13,4.17,4.22,4.1,68600.63
2019-05-30,4.13,4.26,4.26,4.1,101576.66
2019-05-31,4.24,4.2,4.27,4.18,82864.67
2019-06-03,4.17,4.04,4.22,4.02,76187.42
2019-06-04,4.03,4.04,4.08,4.01,52658.6
2019-06-05,4.08,4.11,4.21,4.01,88736.89
2019-06-06,4.07,3.95,4.08,3.94,79401.49
2019-06-10,3.96,3.98,4.01,3.93,49450.45
2019-06-11,3.97,4.14,4.14,3.96,86499.19
2019-06-12,4.11,4.07,4.15,4.04,69063.23
2019-06-13,4.05,4.11,4.12,4.04,53231.95
2019-06-14,4.12,4.0,4.14,3.98,55700.81
2019-06-17,4.03,4.11,4.2,4.0,110479.99
2019-06-18,4.07,4.07,4.11,4.04,60682.2
2019-06-19,4.16,4.1,4.18,4.1,82287.8
2019-06-20,4.1,4.18,4.2,4.07,97468.97
2019-06-21,4.2,4.22,4.29,4.18,113663.18
2019-06-24,4.22,4.29,4.29,4.2,79838.25
2019-06-25,4.28,4.22,4.28,4.16,70673.1
2019-06-26,4.22,4.21,4.24,4.18,46969.5
2019-06-27,4.21,4.21,4.27,4.2,55536.56
2019-06-28,4.2,4.12,4.22,4.1,66119.93
2019-07-01,4.22,4.24,4.26,4.17,90149.83
2019-07-02,4.41,4.34,4.63,4.31,281769.57
2019-07-03,4.32,4.29,4.4,4.27,149869.35
2019-07-04,4.29,4.39,4.4,4.27,118063.79
2019-07-05,4.36,4.36,4.4,4.3,93564.88
2019-07-08,4.35,4.15,4.35,4.12,107233.3
2019-07-09,4.14,4.18,4.19,4.09,50477.23
2019-07-10,4.14,4.11,4.19,4.1,50807.8
2019-07-11,4.12,4.13,4.17,4.08,42017.31
2019-07-12,4.12,4.15,4.16,4.09,34027.01
2019-07-15,4.16,4.22,4.23,4.1,67204.7
2019-07-16,4.2,4.19,4.23,4.17,52304.69
2019-07-17,4.17,4.16,4.2,4.15,45181.34
2019-07-18,4.13,4.05,4.14,4.04,70838.8
2019-07-19,4.05,4.07,4.11,4.04,37190.29
2019-07-22,4.07,3.98,4.09,3.95,54158.61
2019-07-23,3.98,4.0,4.01,3.97,29282.3
2019-07-24,4.02,4.03,4.05,4.0,42891.53
2019-07-25,4.03,4.01,4.04,4.0,32004.0
2019-07-26,4.01,4.03,4.05,4.0,31716.66
2019-07-29,4.03,4.04,4.07,4.01,30385.06
2019-07-30,4.02,4.06,4.09,4.02,40661.03
2019-07-31,4.47,4.47,4.47,4.47,180198.64
2019-08-01,4.42,4.49,4.65,4.31,694146.18
2019-08-02,4.32,4.35,4.45,4.23,339402.75
2019-08-05,4.3,4.36,4.46,4.28,242368.28
2019-08-06,4.24,4.32,4.37,4.14,260526.48
2019-08-07,4.33,4.12,4.35,4.11,201659.37
2019-08-08,4.14,4.06,4.19,4.04,162126.74
2019-08-09,4.1,4.0,4.1,3.98,130847.0
2019-08-12,4.01,4.11,4.12,3.95,158270.9
2019-08-13,4.02,4.12,4.21,4.0,140017.98
2019-08-14,4.17,4.1,4.19,4.09,132589.71
2019-08-15,3.99,4.05,4.07,3.94,108109.13
2019-08-16,4.04,4.02,4.1,4.01,93651.03
2019-08-19,4.05,4.16,4.16,4.03,125964.28
2019-08-20,4.17,4.15,4.17,4.09,110199.5
2019-08-21,4.14,4.15,4.18,4.1,89230.8
2019-08-22,4.15,4.11,4.16,4.08,84970.83
2019-08-23,4.1,4.11,4.12,4.07,53625.36
2019-08-26,3.97,4.01,4.05,3.96,68125.78
2019-08-27,4.03,4.08,4.09,4.03,78172.54
2019-08-28,4.11,4.1,4.14,4.08,74548.61
2019-08-29,4.1,4.07,4.12,4.06,59364.7
2019-08-30,4.09,4.0,4.1,4.0,58198.0
2019-09-02,4.01,4.06,4.07,4.0,67561.95
2019-09-03,4.07,4.07,4.07,4.03,52356.81
2019-09-04,4.05,4.2,4.25,4.04,205992.73
2019-09-05,4.13,4.19,4.24,4.13,211814.34
2019-09-06,4.19,4.18,4.21,4.15,86052.21
2019-09-09,4.2,4.31,4.33,4.18,213631.05
2019-09-10,4.31,4.27,4.31,4.23,133845.77
2019-09-11,4.28,4.26,4.37,4.24,131955.3
2019-09-12,4.26,4.27,4.29,4.21,86920.4
2019-09-16,4.29,4.25,4.3,4.24,78649.6
2019-09-17,4.25,4.14,4.25,4.12,104053.88
2019-09-18,4.16,4.14,4.18,4.12,50262.17
2019-09-19,4.16,4.17,4.17,4.1,50133.5
2019-09-20,4.15,4.16,4.19,4.15,49105.8
2019-09-23,4.16,4.08,4.16,4.05,55329.86
2019-09-24,4.1,4.08,4.12,4.06,39940.62
2019-09-25,4.06,4.03,4.06,4.01,45258.81
2019-09-26,4.03,3.98,4.05,3.97,50478.03
2019-09-27,3.97,4.0,4.01,3.97,27539.6
2019-09-30,4.0,3.98,4.0,3.97,30500.65
2019-10-08,3.98,4.02,4.04,3.98,34814.43
2019-10-09,4.01,4.05,4.05,3.98,29966.92
2019-10-10,4.05,4.06,4.07,4.02,47654.5
2019-10-11,4.07,4.06,4.08,4.03,32545.31
2019-10-14,4.09,4.11,4.11,4.07,72614.5
2019-10-15,4.1,4.05,4.1,4.04,36367.0
2019-10-16,4.07,4.01,4.08,4.0,36426.38
2019-10-17,4.01,4.0,4.03,4.0,27073.0
2019-10-18,4.02,4.0,4.03,3.98,36680.15
2019-10-21,4.0,3.98,4.0,3.96,33649.32
2019-10-22,3.99,4.01,4.01,3.97,25571.8
2019-10-23,4.0,3.99,4.01,3.98,21274.07
2019-10-24,4.0,3.98,4.0,3.97,21584.4
2019-10-25,3.98,4.0,4.01,3.95,37699.31
2019-10-28,3.99,4.05,4.06,3.98,73651.6
2019-10-29,4.03,4.0,4.06,4.0,52302.07
2019-10-30,4.0,3.81,4.0,3.8,111593.42
2019-10-31,3.82,3.69,3.83,3.66,101329.08
2019-11-01,3.69,3.73,3.73,3.67,39241.21
2019-11-04,3.73,3.71,3.75,3.71,33830.61
2019-11-05,3.73,3.69,3.73,3.66,36311.48
2019-11-06,3.69,3.66,3.7,3.65,25709.0
2019-11-07,3.65,3.66,3.67,3.6,30970.6
2019-11-08,3.68,3.65,3.69,3.63,24006.5
2019-11-11,3.64,3.51,3.64,3.5,42931.29
2019-11-12,3.49,3.51,3.51,3.44,40120.34
2019-11-13,3.48,3.46,3.51,3.43,25818.61
2019-11-14,3.46,3.52,3.59,3.46,60780.78
2019-11-15,3.52,3.46,3.55,3.46,25678.38
2019-11-18,3.47,3.5,3.5,3.45,25218.4
2019-11-19,3.5,3.53,3.53,3.47,28174.84
2019-11-20,3.53,3.5,3.53,3.48,23482.3
2019-11-21,3.49,3.5,3.51,3.45,20119.0
2019-11-22,3.5,3.51,3.55,3.48,31854.75
2019-11-25,3.51,3.53,3.54,3.46,27845.95
2019-11-26,3.53,3.56,3.56,3.51,34852.36
2019-11-27,3.55,3.6,3.61,3.52,49093.28
2019-11-28,3.6,3.55,3.63,3.52,35756.66
2019-11-29,3.55,3.52,3.55,3.49,24028.4
2019-12-02,3.53,3.52,3.56,3.51,19274.23
2019-12-03,3.51,3.57,3.57,3.5,21953.56
2019-12-04,3.55,3.55,3.59,3.54,25096.79
2019-12-05,3.55,3.57,3.58,3.54,24880.99
2019-12-06,3.58,3.59,3.59,3.56,22645.87
2019-12-09,3.59,3.57,3.59,3.55,23950.5
2019-12-10,3.56,3.57,3.58,3.53,29174.89
2019-12-11,3.57,3.58,3.59,3.55,31286.94
2019-12-12,3.58,3.62,3.67,3.56,70752.04
2019-12-13,3.64,3.65,3.66,3.6,43854.43
2019-12-16,3.65,3.69,3.69,3.63,48900.15
2019-12-17,3.69,3.74,3.77,3.66,73675.23
2019-12-18,3.73,3.73,3.75,3.7,47101.27
2019-12-19,3.72,3.74,3.75,3.71,35023.38
2019-12-20,3.75,3.71,3.76,3.7,42505.3
2019-12-23,3.72,3.69,3.86,3.68,95627.35
2019-12-24,3.66,3.72,3.74,3.66,45407.05
2019-12-25,3.71,3.7,3.72,3.68,32425.0
2019-12-26,3.69,3.72,3.73,3.67,35961.21
2019-12-27,3.72,3.7,3.76,3.7,44316.61
2019-12-30,3.68,3.75,3.75,3.66,46053.9
2019-12-31,3.75,3.77,3.77,3.73,36707.92
2020-01-02,3.79,3.81,3.82,3.78,50705.2
2020-01-03,3.82,3.79,3.82,3.78,41711.27
2020-01-06,3.77,3.8,3.82,3.74,59999.55
2020-01-07,3.78,3.83,3.84,3.77,63000.02
2020-01-08,3.81,3.79,3.87,3.76,65397.6
2020-01-09,3.8,3.83,3.85,3.8,45567.05
2020-01-10,3.83,3.85,3.86,3.82,52983.72
2020-01-13,3.84,3.86,3.86,3.81,36997.77
2020-01-14,3.85,3.86,3.9,3.84,55883.87
2020-01-15,3.85,3.8,3.87,3.78,47479.2
2020-01-16,3.82,3.78,3.83,3.76,39926.58
2020-01-17,3.79,3.77,3.81,3.75,28704.89
2020-01-20,3.76,3.79,3.79,3.75,29022.35
2020-01-21,3.77,3.74,3.78,3.73,30817.0
2020-01-22,3.74,3.71,3.75,3.64,53323.18
2020-01-23,3.69,3.59,3.69,3.54,62949.15
2020-02-03,3.24,3.24,3.24,3.24,18126.0
2020-02-04,2.95,3.16,3.17,2.95,93853.96
2020-02-05,3.19,3.2,3.26,3.16,62949.06
2020-02-06,3.46,3.32,3.47,3.29,110203.1
2020-02-07,3.32,3.42,3.42,3.26,96116.53
2020-02-10,3.46,3.76,3.76,3.44,100461.23
2020-02-11,3.78,3.62,3.98,3.62,315995.96
2020-02-12,3.6,3.71,3.75,3.46,194881.19
2020-02-13,3.75,3.6,3.75,3.58,115598.37
2020-02-14,3.64,3.53,3.69,3.51,102532.4
2020-02-17,3.57,3.63,3.64,3.5,101599.44
2020-02-18,3.67,3.68,3.7,3.61,88009.85
2020-02-19,3.67,3.63,3.7,3.62,101087.3
2020-02-20,3.63,3.83,3.91,3.63,284571.49
2020-02-21,3.83,3.79,3.83,3.76,177661.69
2020-02-24,3.77,3.79,3.79,3.72,115223.05
2020-02-25,3.7,3.75,3.75,3.6,154805.53
2020-02-26,3.67,3.82,3.93,3.64,191467.7
2020-02-27,3.82,3.96,3.96,3.77,264699.84
2020-02-28,3.84,3.71,3.94,3.7,205978.25
2020-03-02,3.74,3.87,3.87,3.73,115212.53
2020-03-03,3.93,4.03,4.13,3.92,317671.25
2020-03-04,4.01,4.01,4.05,3.91,172819.55
2020-03-05,4.04,4.04,4.1,4.0,174604.35
2020-03-06,4.0,4.17,4.45,3.97,366315.86
2020-03-09,4.21,4.23,4.44,4.18,417536.45
2020-03-10,4.11,4.19,4.23,3.85,294759.59
2020-03-11,4.16,4.04,4.32,4.02,214119.38
2020-03-12,3.96,3.91,4.0,3.87,161115.34
2020-03-13,3.6,3.78,3.84,3.6,158011.22
2020-03-16,3.81,3.63,3.85,3.6,121892.81
2020-03-17,3.63,3.65,3.73,3.46,107924.07
2020-03-18,3.7,3.64,3.75,3.59,98000.39
2020-03-19,3.56,3.73,3.78,3.56,139447.41
2020-03-20,3.74,3.75,3.78,3.68,84344.01
2020-03-23,3.68,3.56,3.69,3.54,84869.79
2020-03-24,3.69,3.66,3.72,3.57,67486.86
2020-03-25,3.72,3.76,3.83,3.7,96341.81
2020-03-26,3.75,3.75,3.82,3.73,85398.81
2020-03-27,3.8,3.73,3.8,3.73,64077.9
2020-03-30,3.69,3.63,3.69,3.58,57289.6
2020-03-31,3.67,3.58,3.7,3.56,47679.0
2020-04-01,3.57,3.53,3.61,3.53,48039.53
2020-04-02,3.49,3.56,3.57,3.49,33930.96
2020-04-03,3.56,3.52,3.57,3.51,29583.29
2020-04-07,3.57,3.6,3.62,3.56,46358.96
2020-04-08,3.5,3.41,3.51,3.37,206786.87
2020-04-09,3.41,3.41,3.45,3.38,106864.15
2020-04-10,3.4,3.27,3.41,3.27,92746.0
2020-04-13,3.28,3.27,3.31,3.25,52047.73
2020-04-14,3.3,3.34,3.34,3.29,45878.57
2020-04-15,3.34,3.31,3.35,3.29,45868.9
2020-04-16,3.28,3.31,3.31,3.27,35875.95
2020-04-17,3.32,3.34,3.41,3.29,68381.99
2020-04-20,3.33,3.36,3.4,3.29,57750.14
2020-04-21,3.37,3.41,3.44,3.35,76234.24
2020-04-22,3.37,3.41,3.41,3.36,50041.91
2020-04-23,3.41,3.37,3.42,3.36,36367.32
2020-04-24,3.42,3.38,3.49,3.36,85171.24
2020-04-27,3.35,3.27,3.36,3.27,68286.2
2020-04-28,3.28,3.16,3.29,3.08,57091.03
2020-04-29,3.17,3.18,3.22,3.09,35217.87
2020-04-30,3.2,3.24,3.25,3.2,29421.63
2020-05-06,3.2,3.28,3.29,3.18,35961.1
2020-05-07,3.28,3.27,3.31,3.26,37370.3
2020-05-08,3.3,3.29,3.3,3.26,43839.87
2020-05-11,3.29,3.28,3.3,3.26,43023.32
2020-05-12,3.28,3.25,3.28,3.22,30372.7
2020-05-13,3.25,3.23,3.26,3.2,27072.8
2020-05-14,3.22,3.18,3.23,3.18,35861.49
2020-05-15,3.2,3.19,3.23,3.18,25695.97
2020-05-18,3.17,3.18,3.2,3.15,26854.9
2020-05-19,3.19,3.21,3.22,3.18,32243.51
2020-05-20,3.19,3.2,3.21,3.17,27385.99
2020-05-21,3.2,3.17,3.21,3.16,27162.6
2020-05-22,3.17,3.11,3.17,3.1,30939.55
2020-05-25,3.1,3.1,3.15,3.07,23194.71
2020-05-26,3.12,3.14,3.14,3.09,18703.9
2020-05-27,3.14,3.15,3.16,3.12,23933.99
2020-05-28,3.15,3.13,3.17,3.1,25304.55
2020-05-29,3.13,3.13,3.15,3.1,22467.98
2020-06-01,3.14,3.2,3.21,3.12,35923.26
2020-06-02,3.2,3.27,3.27,3.19,59794.88
2020-06-03,3.32,3.36,3.44,3.31,142349.47
2020-06-04,3.35,3.57,3.7,3.31,272691.15
2020-06-05,3.51,3.44,3.55,3.38,152208.1
2020-06-08,3.48,3.41,3.51,3.39,66773.0
2020-06-09,3.38,3.41,3.42,3.32,64432.45
2020-06-10,3.39,3.37,3.39,3.34,41388.4
2020-06-11,3.36,3.31,3.39,3.31,42346.17
2020-06-12,3.27,3.29,3.32,3.25,43977.23
2020-06-15,3.31,3.29,3.38,3.27,43236.59
2020-06-16,3.32,3.32,3.33,3.28,34376.2
2020-06-17,3.32,3.29,3.33,3.26,43817.89
2020-06-18,3.3,3.3,3.31,3.27,25280.02
2020-06-19,3.31,3.28,3.32,3.28,34260.38
2020-06-22,3.29,3.25,3.3,3.25,44402.5
2020-06-23,3.25,3.2,3.25,3.18,50990.77
2020-06-24,3.21,3.23,3.23,3.17,37173.76
2020-06-29,3.22,3.2,3.24,3.19,33894.6
2020-06-30,3.21,3.21,3.23,3.2,32133.28
2020-07-01,3.22,3.26,3.27,3.2,47173.9
2020-07-02,3.28,3.37,3.39,3.27,89454.32
2020-07-03,3.37,3.38,3.39,3.34,75803.67
2020-07-06,3.4,3.51,3.54,3.39,130300.86
2020-07-07,3.54,3.51,3.57,3.47,126328.29
2020-07-08,3.49,3.55,3.57,3.47,106637.99
2020-07-09,3.57,3.61,3.64,3.55,110442.9
2020-07-10,3.6,3.57,3.66,3.53,102198.34
2020-07-13,3.57,3.69,3.72,3.57,100344.68
2020-07-14,3.7,3.7,3.75,3.62,94545.32
2020-07-15,3.72,3.61,3.74,3.6,72802.9
2020-07-16,3.61,3.49,3.66,3.48,92243.62
2020-07-17,3.49,3.64,3.76,3.48,135665.16
2020-07-20,3.64,3.8,3.82,3.6,130183.03
2020-07-21,3.82,3.77,3.94,3.73,151264.6
2020-07-22,3.78,3.71,3.81,3.7,94729.13
2020-07-23,3.68,3.66,3.68,3.59,70904.99
2020-07-24,3.64,3.55,3.76,3.54,94493.66
2020-07-27,3.59,3.65,3.68,3.52,79786.6
2020-07-28,3.64,3.74,3.79,3.58,132842.51
2020-07-29,3.72,3.94,4.11,3.66,441771.68
2020-07-30,3.92,3.96,4.07,3.87,391143.54
2020-07-31,3.89,4.16,4.35,3.83,504064.38
2020-08-03,4.08,4.22,4.29,4.08,374884.6
2020-08-04,4.18,4.03,4.2,4.01,281014.68
2020-08-05,3.98,4.08,4.13,3.89,220451.05
2020-08-06,4.04,4.05,4.1,3.97,114508.66
2020-08-07,4.02,4.16,4.19,3.98,164289.89
2020-08-10,4.16,4.13,4.17,4.07,110765.02
2020-08-11,4.1,3.99,4.15,3.96,104776.94
2020-08-12,3.93,3.94,3.96,3.86,76795.29
2020-08-13,3.93,3.98,4.03,3.92,58491.6
2020-08-14,3.98,4.02,4.03,3.95,47006.84
2020-08-17,4.03,4.11,4.14,4.03,85111.16
2020-08-18,4.1,4.09,4.15,4.06,62894.82
2020-08-19,4.1,4.04,4.1,4.01,67328.64
2020-08-20,4.01,4.03,4.08,3.98,46091.0
2020-08-21,4.03,4.05,4.11,4.01,55867.3
2020-08-24,4.05,3.92,4.05,3.86,129671.91
2020-08-25,3.92,3.83,3.94,3.79,103301.6
2020-08-26,3.82,3.74,3.82,3.71,60287.6
2020-08-27,3.74,3.79,3.81,3.74,43115.73
2020-08-28,3.78,3.81,3.83,3.75,33138.2
2020-08-31,3.83,3.86,3.92,3.81,53578.2
2020-09-01,3.87,3.9,3.94,3.83,43134.04
2020-09-02,3.89,3.94,3.97,3.86,62246.04
2020-09-03,3.94,3.89,3.95,3.86,38904.52
2020-09-04,3.83,3.88,3.89,3.81,34315.5
2020-09-07,3.88,3.89,4.0,3.86,56490.16
2020-09-08,3.88,3.96,3.99,3.86,52887.71
2020-09-09,3.92,3.95,4.06,3.91,69079.89
2020-09-10,3.93,3.71,3.97,3.7,117513.7
2020-09-11,3.68,3.78,3.79,3.66,44809.9
2020-09-14,3.78,3.75,3.83,3.72,35321.64
2020-09-15,3.75,3.71,3.77,3.67,39027.6
2020-09-16,3.71,3.67,3.73,3.62,41737.2
2020-09-17,3.68,3.65,3.68,3.6,35631.12
2020-09-18,3.69,3.74,3.77,3.62,55474.75
2020-09-21,3.74,3.69,3.76,3.67,39640.96
2020-09-22,3.68,3.61,3.68,3.59,31893.61
2020-09-23,3.61,3.67,3.72,3.59,31285.61
2020-09-24,3.66,3.59,3.66,3.57,34320.5
2020-09-25,3.6,3.57,3.61,3.53,28004.3
2020-09-28,3.56,3.49,3.6,3.48,29186.4
2020-09-29,3.49,3.48,3.54,3.48,32422.36
2020-09-30,3.48,3.49,3.5,3.46,21492.98
2020-10-09,3.53,3.55,3.59,3.51,24393.75
2020-10-12,3.56,3.63,3.66,3.56,31113.7
2020-10-13,3.64,3.63,3.64,3.59,23655.37
2020-10-14,3.61,3.62,3.66,3.58,44360.94
2020-10-15,3.61,3.64,3.65,3.57,40662.1
2020-10-16,3.63,3.61,3.66,3.59,35840.74
2020-10-19,3.61,3.57,3.63,3.57,24967.2
2020-10-20,3.57,3.57,3.63,3.5,41222.11
2020-10-21,3.58,3.54,3.58,3.52,15395.42
2020-10-22,3.53,3.53,3.55,3.49,14684.99
2020-10-23,3.51,3.49,3.57,3.48,20523.2
2020-10-26,3.51,3.46,3.51,3.44,23517.91
2020-10-27,3.42,3.48,3.48,3.42,19766.75
2020-10-28,3.46,3.43,3.47,3.39,27556.41
2020-10-29,3.38,3.43,3.46,3.37,25072.45
2020-10-30,3.45,3.33,3.45,3.32,33408.04
2020-11-02,3.34,3.28,3.34,3.26,36772.5
2020-11-03,3.28,3.4,3.43,3.28,30778.49
2020-11-04,3.39,3.36,3.43,3.35,20717.05
2020-11-05,3.37,3.43,3.44,3.37,21975.1
2020-11-06,3.43,3.42,3.46,3.36,23073.93
2020-11-09,3.43,3.48,3.5,3.43,30721.74
2020-11-10,3.48,3.5,3.54,3.45,31620.7
2020-11-11,3.5,3.53,3.63,3.42,68272.93
2020-11-12,3.52,3.5,3.6,3.48,57005.56
2020-11-13,3.48,3.66,3.72,3.45,106891.47
2020-11-16,3.71,3.78,3.82,3.66,166789.38
2020-11-17,3.7,3.92,4.14,3.63,325172.8
2020-11-18,3.83,3.78,3.83,3.59,183582.03
2020-11-19,3.72,3.71,3.86,3.67,114741.42
2020-11-20,3.68,3.71,3.76,3.63,76737.88
2020-11-23,3.71,3.73,3.74,3.67,64798.88
2020-11-24,3.72,3.67,3.72,3.64,63315.88
2020-11-25,3.69,3.64,3.71,3.64,45380.91
2020-11-26,3.62,3.61,3.64,3.57,38382.53
2020-11-27,3.61,3.65,3.65,3.58,33301.01
2020-11-30,3.65,3.7,3.8,3.63,72400.45
2020-12-01,3.67,3.69,3.73,3.64,45227.34
2020-12-02,3.7,3.65,3.7,3.63,38360.06
2020-12-03,3.65,3.7,3.74,3.64,71542.01
2020-12-04,3.67,3.73,3.74,3.63,57168.49
2020-12-07,3.72,3.77,3.85,3.7,95492.77
2020-12-08,3.78,3.73,3.79,3.72,43504.83
2020-12-09,3.73,3.75,3.87,3.68,140408.63
2020-12-10,3.73,3.93,3.97,3.72,236419.56
2020-12-11,3.86,3.87,4.01,3.74,239271.4
2020-12-14,3.81,3.65,3.81,3.56,157407.58
2020-12-15,3.63,3.69,3.77,3.54,102561.81
2020-12-16,3.66,3.47,3.66,3.46,114737.16
2020-12-17,3.49,3.64,3.66,3.41,113041.3
2020-12-18,3.61,3.57,3.7,3.56,75237.3
2020-12-21,3.56,3.6,3.65,3.51,60571.77
2020-12-22,3.63,3.67,3.77,3.58,117968.56
2020-12-23,3.68,3.79,3.84,3.68,126584.29
2020-12-24,3.78,3.84,3.9,3.7,171915.04
2020-12-25,3.8,3.84,3.93,3.78,173507.3
2020-12-28,3.97,4.23,4.23,3.88,237510.18
2020-12-29,4.66,4.66,4.66,4.66,174554.93
2020-12-30,4.82,4.63,5.03,4.46,1231469.53
2020-12-31,4.56,4.7,4.82,4.32,940172.37
2021-01-04,4.51,4.37,4.57,4.33,696515.43
2021-01-05,4.28,4.17,4.37,4.12,514241.82
2021-01-06,4.1,4.25,4.35,4.03,477085.97
2021-01-07,4.14,3.91,4.19,3.88,417670.55
2021-01-08,3.88,3.77,3.94,3.77,219952.12
2021-01-11,3.78,3.55,3.8,3.55,237628.15
2021-01-12,3.57,3.57,3.64,3.49,173711.82
2021-01-13,3.61,3.5,3.61,3.45,173323.3
2021-01-14,3.47,3.44,3.48,3.36,135533.3
2021-01-15,3.43,3.5,3.52,3.41,89660.27
2021-01-18,3.5,3.56,3.57,3.48,86356.83
2021-01-19,3.56,3.68,3.72,3.53,175269.28
2021-01-20,3.66,3.61,3.71,3.6,101623.93
2021-01-21,3.53,3.59,3.68,3.48,155264.58
2021-01-22,3.56,3.43,3.56,3.42,125081.0
2021-01-25,3.42,3.34,3.42,3.34,71448.14
2021-01-26,3.34,3.35,3.4,3.29,48771.93
2021-01-27,3.37,3.44,3.52,3.36,75540.15
2021-01-28,3.4,3.37,3.45,3.36,46340.8
2021-01-29,3.36,3.41,3.48,3.29,76128.51
2021-02-01,3.37,3.36,3.42,3.34,43239.18
2021-02-02,3.34,3.29,3.38,3.25,67821.26
2021-02-03,3.29,3.29,3.32,3.26,36575.8
2021-02-04,3.28,3.38,3.44,3.26,58769.04
2021-02-05,3.36,3.42,3.44,3.34,54210.0
2021-02-08,3.4,3.49,3.52,3.37,67337.41
2021-02-09,3.49,3.49,3.54,3.47,60614.14
2021-02-10,3.5,3.44,3.53,3.43,58001.68
2021-02-18,3.48,3.51,3.54,3.46,57530.03
2021-02-19,3.51,3.58,3.6,3.48,65385.4
2021-02-22,3.58,3.58,3.68,3.57,109002.5
2021-02-23,3.6,3.66,3.82,3.6,171736.14
2021-02-24,3.63,3.59,3.68,3.57,96566.74
2021-02-25,3.6,3.53,3.62,3.52,72927.35
2021-02-26,3.52,3.56,3.59,3.47,60598.09
2021-03-01,3.57,3.6,3.62,3.56,49679.22
2021-03-02,3.61,3.76,3.8,3.57,185108.31
2021-03-03,3.74,3.93,3.93,3.7,247791.66
2021-03-04,3.87,3.87,3.97,3.83,187740.64
2021-03-05,3.95,3.88,4.02,3.85,170815.88
2021-03-08,3.85,3.83,3.92,3.82,149564.89
2021-03-09,3.82,3.64,3.82,3.56,167634.25
2021-03-10,3.64,3.63,3.71,3.62,88754.95
2021-03-11,3.63,4.0,4.0,3.62,256280.78
2021-03-12,4.04,3.96,4.22,3.88,530033.68
2021-03-15,3.98,4.04,4.08,3.89,290075.28
2021-03-16,4.01,4.13,4.18,3.93,337793.53
2021-03-17,4.1,3.96,4.12,3.95,216766.26
2021-03-18,3.94,3.97,4.08,3.92,154836.2
2021-03-19,3.91,3.92,3.98,3.82,140332.26
2021-03-22,3.9,4.05,4.1,3.9,213234.2
2021-03-23,4.02,4.06,4.15,3.88,226141.42
2021-03-24,4.04,4.29,4.46,3.99,679305.55
2021-03-25,4.19,3.96,4.21,3.9,490765.81
2021-03-26,3.91,4.11,4.36,3.9,403454.78
2021-03-29,4.07,4.17,4.24,3.99,328285.01
2021-03-30,4.15,4.02,4.17,3.97,237469.4
2021-03-31,3.92,3.89,4.0,3.86,189524.42
2021-04-01,3.88,3.82,3.91,3.77,179554.3
2021-04-02,3.81,3.78,3.82,3.75,112977.16
2021-04-06,3.74,3.85,3.89,3.74,118378.32
2021-04-07,3.81,3.87,3.91,3.81,117007.41
2021-04-08,3.84,3.81,3.87,3.8,89560.66
2021-04-09,3.81,3.86,3.91,3.81,108978.3
2021-04-12,3.87,3.8,3.9,3.79,88398.0
2021-04-13,3.81,3.72,3.82,3.71,83689.6
2021-04-14,3.73,3.78,3.8,3.69,73556.88
2021-04-15,3.73,3.64,3.73,3.63,122696.72
2021-04-16,3.66,3.79,3.82,3.66,133917.38
2021-04-19,3.8,3.81,3.87,3.78,94342.74
2021-04-20,3.82,3.85,3.88,3.75,121042.66
2021-04-21,3.82,3.78,3.84,3.75,78301.5
2021-04-22,3.77,3.74,3.81,3.73,55678.6
2021-04-23,3.75,3.66,3.76,3.64,68844.68
2021-04-26,3.64,3.55,3.66,3.54,99682.0
2021-04-27,3.55,3.5,3.56,3.46,61307.65
2021-04-28,3.51,3.53,3.59,3.51,46425.0
2021-04-29,3.69,3.7,3.89,3.69,184981.3
2021-04-30,3.62,3.63,3.69,3.56,107139.75
2021-05-06,3.6,3.67,3.69,3.6,65863.73
2021-05-07,3.65,3.67,3.72,3.65,53428.75
2021-05-10,3.67,3.65,3.7,3.62,51534.4
2021-05-11,3.66,3.72,3.73,3.63,57776.6
2021-05-12,3.71,3.76,3.79,3.69,60040.8
2021-05-13,3.74,3.71,3.77,3.7,44148.03
2021-05-14,3.71,3.76,3.77,3.71,49096.47
2021-05-17,3.75,3.68,3.75,3.67,48730.51
2021-05-18,3.7,3.73,3.73,3.62,42578.4
2021-05-19,3.73,3.68,3.74,3.66,35906.61
2021-05-20,3.66,3.66,3.72,3.65,32665.25
2021-05-21,3.66,3.72,3.72,3.66,33022.86
2021-05-24,3.72,3.78,3.79,3.71,70237.95
2021-05-25,3.78,3.78,3.78,3.74,37578.03
2021-05-26,3.78,3.77,3.82,3.76,58272.51
2021-05-27,3.77,3.77,3.78,3.75,51276.02
2021-05-28,3.8,3.85,4.06,3.79,135400.1
2021-05-31,3.88,3.95,3.99,3.85,122672.58
2021-06-01,3.93,3.91,3.96,3.87,76090.07
2021-06-02,3.93,4.0,4.02,3.89,151246.57
2021-06-03,4.06,4.12,4.22,4.01,244352.6
2021-06-04,4.14,4.1,4.17,4.0,161211.62
2021-06-07,4.07,4.03,4.07,3.92,160928.23
2021-06-08,4.01,4.03,4.08,3.97,99381.8
2021-06-09,4.0,3.91,4.02,3.91,90334.8
2021-06-10,3.92,3.91,3.95,3.89,75552.7
2021-06-11,3.92,3.96,4.03,3.87,97662.27
2021-06-15,3.97,3.96,4.0,3.9,82548.22
2021-06-16,3.96,4.0,4.08,3.94,101237.73
2021-06-17,3.99,4.05,4.14,3.94,170930.42
2021-06-18,4.07,3.87,4.07,3.84,192288.9
2021-06-21,3.83,3.75,3.84,3.73,149857.97
2021-06-22,3.73,3.92,4.12,3.73,176445.73
2021-06-23,3.86,3.83,3.9,3.79,105020.86
2021-06-24,3.8,3.8,3.89,3.78,72994.13
2021-06-25,3.82,3.77,3.83,3.75,74210.63
2021-06-28,3.78,3.76,3.78,3.73,61887.34
2021-06-29,3.74,3.76,3.77,3.73,51334.7
2021-06-30,3.76,3.76,3.78,3.72,52939.15
2021-07-01,3.75,3.66,3.76,3.65,70529.7
2021-07-02,3.64,3.59,3.66,3.58,58681.83
2021-07-05,3.59,3.63,3.63,3.57,35041.13
2021-07-06,3.63,3.72,3.72,3.62,52626.34
2021-07-07,3.74,3.81,3.83,3.68,113361.37
2021-07-08,3.82,3.71,3.82,3.69,101892.9
2021-07-09,3.69,3.71,3.72,3.63,55894.33
2021-07-12,3.72,3.71,3.73,3.68,58193.3
2021-07-13,3.7,3.71,3.72,3.66,50609.83
2021-07-14,3.72,3.73,3.79,3.68,78175.52
2021-07-15,3.7,3.66,3.7,3.64,52242.52
2021-07-16,3.69,3.67,3.71,3.66,26733.8
2021-07-19,3.67,3.63,3.67,3.6,40073.0
2021-07-20,3.6,3.64,3.65,3.59,26295.12
2021-07-21,3.64,3.61,3.67,3.58,58568.59
2021-07-22,3.64,3.62,3.66,3.59,40238.1
2021-07-23,3.6,3.57,3.62,3.56,54032.04
2021-07-26,3.6,3.53,3.6,3.48,44043.92
2021-07-27,3.54,3.46,3.55,3.46,52213.8
2021-07-28,3.46,3.37,3.47,3.33,52126.47
2021-07-29,3.41,3.45,3.46,3.38,35462.64
2021-07-30,3.46,3.46,3.5,3.44,28598.25
2021-08-02,3.47,3.54,3.57,3.45,34181.5
2021-08-03,3.52,3.53,3.57,3.52,33297.56
2021-08-04,3.59,3.57,3.64,3.55,49121.4
2021-08-05,3.52,3.49,3.55,3.48,46010.25
2021-08-06,3.49,3.49,3.52,3.46,33253.93
2021-08-09,3.52,3.53,3.55,3.48,29857.72
2021-08-10,3.51,3.58,3.58,3.51,34972.11
2021-08-11,3.58,3.63,3.64,3.57,56282.7
2021-08-12,3.61,3.66,3.68,3.59,52251.6
2021-08-13,3.66,3.64,3.68,3.61,37743.13
2021-08-16,3.63,3.66,3.69,3.61,44811.67
2021-08-17,3.67,3.57,3.68,3.55,49620.0
2021-08-18,3.56,3.6,3.61,3.55,32027.11
2021-08-19,3.58,3.58,3.61,3.55,27183.14
2021-08-20,3.58,3.55,3.58,3.5,32318.59
2021-08-23,3.56,3.66,3.66,3.56,46371.63
2021-08-24,3.68,3.67,3.69,3.64,52222.5
2021-08-25,3.69,3.7,3.72,3.63,50957.6
2021-08-26,3.67,3.73,3.78,3.67,86762.55
2021-08-27,3.74,3.75,3.76,3.69,51337.03
2021-08-30,3.75,3.69,3.76,3.65,53736.83
2021-08-31,3.68,3.67,3.71,3.64,43935.4
2021-09-01,3.69,3.67,3.74,3.66,56389.94
2021-09-02,3.66,3.74,3.77,3.65,58775.26
2021-09-03,3.72,3.73,3.81,3.72,91931.84
2021-09-06,3.75,3.74,3.77,3.7,54207.68
2021-09-07,3.76,3.79,3.79,3.74,70958.79
2021-09-08,3.79,3.84,3.86,3.78,84418.21
2021-09-09,3.84,3.84,3.87,3.82,80065.31
2021-09-10,3.84,3.78,3.89,3.76,82937.12
2021-09-13,3.78,3.81,3.83,3.76,56359.2
2021-09-14,3.83,3.81,3.84,3.79,72696.8
2021-09-15,3.81,3.89,3.9,3.79,91076.81
2021-09-16,3.89,3.83,3.94,3.82,94386.59
2021-09-17,3.85,3.85,3.86,3.74,94177.61
2021-09-22,3.79,3.84,3.86,3.76,86594.1
2021-09-23,3.84,3.89,3.92,3.84,95251.4
2021-09-24,3.9,3.79,3.9,3.78,71012.0
2021-09-27,3.84,3.63,3.86,3.58,118604.33
2021-09-28,3.59,3.62,3.65,3.52,88551.35
2021-09-29,3.6,3.57,3.71,3.57,81376.04
2021-09-30,3.6,3.63,3.65,3.57,44329.81
2021-10-08,3.66,3.87,3.88,3.63,170050.8
2021-10-11,3.86,3.85,3.93,3.79,93326.41
2021-10-12,3.82,3.81,3.88,3.78,74242.69
2021-10-13,3.83,3.78,3.84,3.67,75589.52
2021-10-14,3.77,3.84,3.9,3.73,107306.56
2021-10-15,3.74,3.52,3.77,3.46,281050.55
2021-10-18,3.53,3.61,3.69,3.49,123323.3
2021-10-19,3.63,3.55,3.64,3.54,71994.71
2021-10-20,3.52,3.57,3.6,3.52,41587.91
2021-10-21,3.57,3.56,3.58,3.5,53896.14
2021-10-22,3.54,3.46,3.55,3.45,84131.93
2021-10-25,3.46,3.47,3.49,3.43,30480.4
2021-10-26,3.47,3.46,3.5,3.46,29443.07
2021-10-27,3.46,3.4,3.46,3.37,46635.81
2021-10-28,3.38,3.33,3.4,3.32,45102.4
2021-10-29,3.34,3.39,3.42,3.32,26210.78
2021-11-01,3.4,3.41,3.43,3.35,23594.57
2021-11-02,3.42,3.36,3.46,3.34,33289.3
2021-11-03,3.36,3.36,3.38,3.29,24856.47
2021-11-04,3.37,3.42,3.43,3.36,20291.69
2021-11-05,3.42,3.41,3.44,3.39,20363.84
2021-11-08,3.4,3.46,3.46,3.4,21917.81
2021-11-09,3.46,3.55,3.58,3.45,67350.17
2021-11-10,3.54,3.56,3.57,3.51,38226.5
2021-11-11,3.56,3.58,3.6,3.53,60232.45
2021-11-12,3.58,3.57,3.59,3.51,37315.9
2021-11-15,3.55,3.69,3.71,3.55,76976.98
2021-11-16,3.68,3.68,3.76,3.66,51548.88
2021-11-17,3.71,3.89,4.05,3.69,342399.98
2021-11-18,3.89,3.83,3.95,3.83,156227.54
2021-11-19,3.87,3.92,4.0,3.85,177963.01
2021-11-22,3.92,3.88,3.94,3.85,88648.92
2021-11-23,3.88,3.9,3.92,3.78,131406.84
2021-11-24,3.93,3.93,4.03,3.85,117909.38
2021-11-25,3.96,3.88,3.97,3.87,54168.63
2021-11-26,3.88,3.92,3.95,3.84,68706.0
2021-11-29,3.9,3.75,3.92,3.7,186658.74
2021-11-30,3.79,3.76,3.87,3.71,118809.81
2021-12-01,3.74,3.83,3.84,3.71,76525.2
2021-12-02,3.8,3.79,3.85,3.77,71966.33
2021-12-03,3.81,3.78,3.81,3.76,52537.8
2021-12-06,3.78,3.73,3.83,3.72,74331.4
2021-12-07,3.74,3.69,3.75,3.67,57137.1
2021-12-08,3.69,3.67,3.71,3.65,49193.0
2021-12-09,3.68,3.69,3.71,3.64,65067.4
2021-12-10,3.69,3.66,3.71,3.62,58018.0
2021-12-13,3.82,3.65,3.88,3.57,320288.89
2021-12-14,3.67,4.02,4.02,3.61,261849.6
2021-12-15,4.17,4.01,4.42,3.97,827366.52
2021-12-16,3.88,4.06,4.07,3.88,455486.1
2021-12-17,4.01,4.02,4.24,3.99,405750.23
2021-12-20,4.03,4.23,4.42,4.02,555190.42
2021-12-21,4.12,4.18,4.21,4.08,318675.41
2021-12-22,4.12,4.11,4.26,4.02,342558.76
2021-12-23,4.12,4.17,4.3,4.01,358586.66
2021-12-24,4.21,4.36,4.59,4.16,995866.0
2021-12-27,4.29,4.23,4.5,4.12,715295.56
2021-12-28,4.23,4.12,4.27,4.1,387772.12
2021-12-29,4.16,4.54,4.54,4.09,642923.71
2021-12-30,4.56,5.0,5.0,4.45,1019445.07
2021-12-31,5.19,5.5,5.5,5.05,842318.98
2022-01-04,6.06,6.06,6.06,6.06,75840.96
2022-01-05,6.66,6.66,6.66,6.14,1059364.24
2022-01-06,7.33,7.33,7.33,7.13,520857.55
2022-01-07,8.07,7.03,8.07,6.9,2588267.04
2022-01-10,6.33,6.88,7.35,6.33,1801423.4
2022-01-11,6.73,7.57,7.57,6.42,1793720.57
2022-01-12,7.67,8.33,8.33,7.36,2061712.81
2022-01-13,8.1,8.54,9.1,7.75,2147585.34
2022-01-14,7.76,7.75,8.37,7.7,1771200.37
2022-01-17,7.31,7.82,8.09,7.27,1520915.27
2022-01-18,7.71,7.04,7.71,7.04,1320307.41
2022-01-19,6.92,7.14,7.47,6.92,1051122.32
2022-01-20,7.04,7.76,7.86,6.71,1877501.71
2022-01-21,7.28,7.19,8.0,6.99,1573621.91
2022-01-24,6.9,6.47,7.37,6.47,1208485.68
2022-01-25,6.41,5.82,6.45,5.82,869625.09
2022-01-26,5.24,5.24,5.53,5.24,841268.38
2022-01-27,4.96,4.77,5.11,4.74,1044509.96
2022-01-28,4.88,5.03,5.14,4.74,846022.7
2022-02-07,5.27,5.34,5.48,5.11,818067.98
2022-02-08,5.44,5.32,5.47,5.16,784099.45
2022-02-09,5.21,5.35,5.57,5.06,847078.29
2022-02-10,5.3,5.13,5.3,5.11,598001.73
2022-02-11,5.16,4.9,5.18,4.86,595506.4
2022-02-14,4.9,4.91,5.0,4.86,438675.57
2022-02-15,4.91,4.81,4.93,4.77,444722.57
2022-02-16,4.82,4.83,4.91,4.79,427013.47
2022-02-17,4.82,4.71,4.86,4.69,534669.19
2022-02-18,4.71,4.7,4.73,4.63,374584.55
2022-02-21,4.73,4.78,4.83,4.68,456319.8
2022-02-22,4.75,4.62,4.82,4.59,504533.08
2022-02-23,4.66,4.7,4.74,4.6,385471.2
2022-02-24,4.67,4.53,4.8,4.43,694439.13
2022-02-25,4.56,4.59,4.65,4.53,381815.21
2022-02-28,4.59,4.65,4.67,4.46,364362.5
2022-03-01,4.64,4.68,4.8,4.61,347018.5
2022-03-02,4.69,4.76,4.84,4.68,541740.5
2022-03-03,4.78,4.91,5.12,4.73,1183710.84
2022-03-04,4.83,4.62,4.86,4.59,848128.92
2022-03-07,4.61,5.09,5.09,4.57,987360.84
2022-03-08,5.04,4.8,5.2,4.77,1231475.93
2022-03-09,4.75,4.39,4.78,4.33,942194.05
2022-03-10,4.43,4.35,4.5,4.29,633454.8
2022-03-11,4.27,4.5,4.59,4.19,656353.43
2022-03-14,4.43,4.41,4.65,4.39,587252.05
2022-03-15,4.39,4.08,4.44,4.03,579237.61
2022-03-16,4.14,4.35,4.46,4.0,725767.79
2022-03-17,4.34,4.45,4.59,4.33,726463.4
2022-03-18,4.44,4.63,4.72,4.37,752842.5
2022-03-21,4.62,4.68,4.78,4.49,763350.52
2022-03-22,4.65,4.65,4.74,4.55,621890.03
2022-03-23,4.76,4.7,4.91,4.66,763120.15
2022-03-24,4.62,4.53,4.8,4.51,589378.0
2022-03-25,4.46,4.6,4.76,4.45,544148.04
2022-03-28,4.52,4.7,4.73,4.48,504052.73
2022-03-29,4.68,4.75,4.95,4.59,732175.84
2022-03-30,4.72,4.63,4.75,4.56,514987.7
2022-03-31,4.61,4.52,4.61,4.42,521883.45
2022-04-01,4.49,4.38,4.5,4.35,373629.26
2022-04-06,4.37,4.81,4.81,4.33,658565.15
2022-04-07,4.87,4.75,5.0,4.65,1088845.64
2022-04-08,4.7,4.82,4.99,4.54,816520.59
2022-04-11,4.72,5.06,5.3,4.72,1272779.08
2022-04-12,4.93,5.33,5.52,4.7,1323332.0
2022-04-13,5.34,5.09,5.68,5.06,1487205.72
2022-04-14,4.93,4.93,5.09,4.88,860745.31
2022-04-15,4.78,4.51,4.8,4.44,1001153.1
2022-04-18,4.34,4.2,4.36,4.13,478840.87
2022-04-19,4.19,4.43,4.5,4.17,624212.55
2022-04-20,4.35,4.19,4.39,4.17,484832.29
2022-04-21,4.12,3.89,4.15,3.87,514932.79
2022-04-22,3.85,3.76,3.93,3.76,338964.9
2022-04-25,3.64,3.47,3.69,3.45,395161.44
2022-04-26,3.47,3.38,3.52,3.32,297982.96
2022-04-27,3.3,3.46,3.48,3.17,372076.3
2022-04-28,3.44,3.35,3.57,3.29,302460.0
2022-04-29,3.36,3.49,3.52,3.36,302930.22
2022-05-05,3.49,3.55,3.6,3.47,260041.16
2022-05-06,3.48,3.52,3.58,3.42,209686.0
2022-05-09,3.55,3.62,3.64,3.49,180758.2
2022-05-10,3.57,3.67,3.72,3.55,286971.6
2022-05-11,3.67,3.62,3.82,3.61,391940.3
2022-05-12,3.57,3.65,3.69,3.56,231826.26
2022-05-13,3.66,3.69,3.69,3.6,205789.0
2022-05-16,3.7,3.69,3.75,3.64,165810.73
2022-05-17,3.65,3.63,3.69,3.57,208881.28
2022-05-18,3.63,3.75,3.78,3.61,322556.24
2022-05-19,3.85,3.79,3.98,3.76,570778.84
2022-05-20,3.79,3.76,3.82,3.72,374444.88
2022-05-23,3.76,3.83,3.87,3.74,293085.16
2022-05-24,3.83,3.63,3.88,3.62,275345.0
2022-05-25,3.62,3.75,3.76,3.6,230163.4
2022-05-26,3.84,3.77,3.84,3.68,197082.0
2022-05-27,3.77,3.88,4.04,3.73,526768.66
2022-05-30,3.84,3.85,3.87,3.76,310892.55
2022-05-31,3.85,3.82,3.86,3.79,181465.06
2022-06-01,3.81,3.86,3.96,3.8,272535.18
2022-06-02,3.89,3.96,4.12,3.89,446729.45
2022-06-06,3.95,3.98,4.01,3.9,297629.62
2022-06-07,3.96,3.94,4.03,3.9,227866.53
2022-06-08,3.93,3.96,4.01,3.85,244024.1
2022-06-09,3.96,3.88,3.96,3.84,160483.1
2022-06-10,3.85,3.87,3.89,3.84,149787.16
2022-06-13,3.84,3.85,3.95,3.82,194689.39
2022-06-14,3.82,3.97,3.98,3.76,337251.99
2022-06-15,3.95,3.96,3.99,3.91,235067.33
2022-06-16,3.96,3.95,3.99,3.93,150178.8
2022-06-17,3.92,3.97,4.01,3.88,161307.73
2022-06-20,3.98,4.06,4.12,3.97,245635.03
2022-06-21,4.09,4.02,4.1,3.95,192263.5
2022-06-22,4.0,3.97,4.06,3.96,155919.12
2022-06-23,3.98,4.29,4.37,3.95,570358.19
2022-06-24,4.27,4.13,4.29,4.12,517230.85
2022-06-27,4.16,4.55,4.55,4.13,580024.72
2022-06-28,4.89,5.01,5.01,4.76,689376.11
2022-06-29,5.34,4.73,5.51,4.66,1751945.08
2022-06-30,4.61,4.43,4.73,4.4,1037371.01
2022-07-01,4.38,4.4,4.47,4.29,550003.62
2022-07-04,4.42,4.26,4.45,4.23,460529.21
2022-07-05,4.22,4.29,4.36,4.21,410408.8
2022-07-06,4.22,4.23,4.28,4.14,312324.48
2022-07-07,4.22,4.37,4.45,4.16,428027.69
2022-07-08,4.36,4.28,4.37,4.25,288761.62
2022-07-11,4.28,4.37,4.44,4.18,384345.61
2022-07-12,4.31,4.5,4.54,4.29,495084.31
2022-07-13,4.51,4.81,4.95,4.44,1077681.58
2022-07-14,4.66,4.64,4.77,4.53,738858.11
2022-07-15,4.58,4.57,4.66,4.49,441347.59
2022-07-18,4.61,4.67,4.77,4.61,443735.93
2022-07-19,4.62,4.66,4.77,4.55,369218.56
2022-07-20,4.67,4.77,4.8,4.61,466981.11
2022-07-21,4.74,4.81,4.94,4.71,557694.55
2022-07-22,4.77,4.91,5.04,4.75,515315.72
2022-07-25,4.89,4.68,4.91,4.68,399373.17
2022-07-26,4.64,5.0,5.09,4.6,609360.3
2022-07-27,4.97,5.06,5.16,4.91,578733.0
2022-07-28,5.05,5.0,5.11,4.96,331768.0
2022-07-29,4.96,4.93,5.06,4.91,247930.5
2022-08-01,4.93,4.94,5.01,4.88,239796.4
2022-08-02,4.87,4.63,4.88,4.57,390747.0
2022-08-03,4.66,4.75,4.95,4.65,485765.95
2022-08-04,5.18,5.22,5.22,5.02,406564.82
2022-08-05,5.45,4.87,5.6,4.83,1159898.61
2022-08-08,4.7,4.94,5.01,4.59,597260.07
2022-08-09,4.9,4.81,4.99,4.78,414479.96
2022-08-10,4.82,5.3,5.3,4.73,502586.17
2022-08-11,5.4,5.84,5.84,5.23,1299433.74
2022-08-12,5.84,5.65,6.36,5.65,1701731.49
2022-08-15,5.75,6.22,6.22,5.47,1293025.04
2022-08-16,6.22,6.32,6.66,6.08,1622093.59
2022-08-17,6.11,6.04,6.24,6.03,892227.48
2022-08-18,5.98,6.22,6.47,5.84,1035454.78
2022-08-19,6.11,5.88,6.13,5.78,712495.36
2022-08-22,5.85,5.88,6.03,5.76,433875.14
2022-08-23,5.81,5.94,5.99,5.71,567284.25
2022-08-24,5.89,6.07,6.26,5.83,815081.08
2022-08-25,6.18,6.01,6.31,5.75,633505.86
2022-08-26,5.9,5.65,5.98,5.62,604053.56
2022-08-29,5.44,5.78,5.88,5.35,529692.45
2022-08-30,5.79,6.01,6.07,5.65,698784.23
2022-08-31,5.88,6.05,6.22,5.8,794122.27
2022-09-01,5.96,5.79,5.98,5.78,440335.01
2022-09-02,5.88,5.61,5.89,5.59,401855.99
2022-09-05,5.67,6.18,6.18,5.55,565794.36
2022-09-06,6.05,6.24,6.59,6.04,1100053.22
2022-09-07,6.23,6.27,6.41,6.09,747826.13
2022-09-08,6.23,6.01,6.26,6.0,496927.56
2022-09-09,6.08,6.13,6.24,6.02,456133.2
2022-09-13,6.11,6.01,6.24,5.92,477332.4
2022-09-14,5.86,6.02,6.17,5.84,356298.0
2022-09-15,6.1,5.64,6.1,5.51,447702.93
2022-09-16,5.64,5.51,5.77,5.51,266400.73
2022-09-19,5.46,5.49,5.63,5.4,205908.0
2022-09-20,5.54,5.58,5.68,5.51,231823.53
2022-09-21,5.59,5.59,5.66,5.48,246581.53
2022-09-22,5.52,5.73,5.93,5.5,378179.81
2022-09-23,5.71,5.75,5.95,5.65,369527.51
2022-09-26,5.81,5.99,6.05,5.68,625095.77
2022-09-27,6.23,6.05,6.42,5.99,780923.5
2022-09-28,6.16,6.17,6.4,5.94,821805.53
2022-09-29,6.07,5.55,6.11,5.55,676450.5
2022-09-30,5.45,5.0,5.5,5.0,536729.7
2022-10-10,4.87,4.76,5.01,4.68,379939.79
2022-10-11,4.76,4.83,4.84,4.62,267211.66
2022-10-12,4.77,4.93,4.95,4.63,348129.4
2022-10-13,4.9,4.75,4.97,4.74,360274.39
2022-10-14,4.81,4.94,5.0,4.71,454956.51
2022-10-17,4.86,4.97,5.03,4.83,334933.97
2022-10-18,4.98,5.02,5.09,4.93,337036.01
2022-10-19,4.98,4.82,4.98,4.81,308107.89
2022-10-20,4.78,4.72,4.84,4.68,219304.67
2022-10-21,4.71,4.59,4.77,4.56,240255.6
2022-10-24,4.59,4.55,4.73,4.52,218674.97
2022-10-25,4.52,4.61,4.62,4.41,211173.86
2022-10-26,4.6,4.68,4.71,4.57,221950.97
2022-10-27,4.66,4.6,4.76,4.58,200155.96
2022-10-28,4.81,5.06,5.06,4.7,421511.74
2022-10-31,4.86,5.05,5.14,4.86,702820.91
2022-11-01,4.97,5.13,5.32,4.88,603447.66
2022-11-02,5.07,5.09,5.22,4.99,444389.99
2022-11-03,5.06,4.94,5.08,4.93,313975.33
2022-11-04,4.94,5.03,5.13,4.94,399636.11
2022-11-07,5.01,5.13,5.16,5.01,401947.8
2022-11-08,5.14,5.04,5.17,5.0,256749.45
2022-11-09,5.04,5.01,5.08,5.0,210459.57
2022-11-10,4.96,4.96,5.05,4.96,191187.03
2022-11-11,5.03,4.95,5.09,4.93,293061.66
2022-11-14,5.0,4.96,5.12,4.93,274039.65
2022-11-15,4.91,5.05,5.05,4.88,282513.64
2022-11-16,5.05,4.99,5.09,4.97,219246.0
2022-11-17,4.96,5.04,5.08,4.92,275086.89
2022-11-18,5.03,4.83,5.03,4.82,326295.7
2022-11-21,4.73,4.81,4.85,4.72,196151.96
2022-11-22,4.8,4.7,4.84,4.67,177628.49
2022-11-23,4.7,4.74,4.75,4.6,168849.19
2022-11-24,4.74,4.73,4.78,4.67,121983.8
2022-11-25,4.74,4.67,4.75,4.64,103956.4
2022-11-28,4.62,4.63,4.65,4.57,90065.44
2022-11-29,4.64,4.77,4.81,4.64,167758.09
2022-11-30,4.73,4.79,4.82,4.73,125398.4
2022-12-01,4.8,4.85,4.88,4.78,159508.52
2022-12-02,4.86,4.82,4.88,4.8,133424.95
2022-12-05,4.85,4.86,4.89,4.81,137428.42
2022-12-06,4.85,4.77,4.86,4.74,152911.4
2022-12-07,4.77,4.72,4.77,4.69,122706.05
2022-12-08,4.7,4.72,4.79,4.68,119917.08
2022-12-09,4.72,4.65,4.76,4.63,126573.24
2022-12-12,4.67,4.61,4.67,4.58,95221.26
2022-12-13,4.61,4.62,4.66,4.59,73190.16
2022-12-14,4.65,4.68,4.69,4.61,97384.88
2022-12-15,4.67,4.74,4.88,4.6,210219.93
2022-12-16,4.69,4.57,4.74,4.54,186239.4
2022-12-19,4.55,4.44,4.58,4.43,110254.76
2022-12-20,4.41,4.52,4.56,4.41,94787.0
2022-12-21,4.51,4.41,4.52,4.39,85747.0
2022-12-22,4.4,4.3,4.46,4.29,96428.43
2022-12-23,4.29,4.3,4.36,4.27,69362.0
2022-12-26,4.31,4.46,4.46,4.31,93161.9
2022-12-27,4.46,4.42,4.47,4.38,61542.0
2022-12-28,4.39,4.32,4.42,4.32,64148.0
2022-12-29,4.31,4.25,4.35,4.25,79496.76
2022-12-30,4.26,4.36,4.4,4.26,92413.0
2023-01-03,4.37,4.46,4.46,4.33,97552.65
2023-01-04,4.48,4.46,4.49,4.44,81228.0
2023-01-05,4.46,4.45,4.47,4.42,76988.2
2023-01-06,4.47,4.43,4.5,4.41,81601.44
2023-01-09,4.44,4.44,4.49,4.41,65521.0
2023-01-10,4.44,4.39,4.45,4.38,56565.0
2023-01-11,4.41,4.33,4.42,4.31,77227.0
2023-01-12,4.35,4.33,4.38,4.31,53331.3
2023-01-13,4.35,4.6,4.77,4.35,543546.25
2023-01-16,4.57,4.52,4.58,4.47,345848.43
2023-01-17,4.51,4.52,4.55,4.45,200858.79
2023-01-18,4.5,4.48,4.54,4.47,133571.93
2023-01-19,4.47,4.46,4.49,4.45,104837.13
2023-01-20,4.47,4.52,4.57,4.46,140877.0
2023-01-30,4.57,4.65,4.67,4.55,238772.55
2023-01-31,4.65,4.7,4.7,4.6,136011.38
2023-02-01,4.7,4.74,4.75,4.68,140909.74
2023-02-02,4.77,4.72,4.77,4.69,111753.83
2023-02-03,4.72,4.7,4.74,4.63,122894.41
2023-02-06,4.72,4.73,4.74,4.66,93713.88
2023-02-07,4.73,4.78,4.78,4.7,129856.59
2023-02-08,4.8,4.73,4.8,4.71,82387.57
2023-02-09,4.74,4.78,4.8,4.68,103137.83
2023-02-10,4.79,4.77,4.8,4.73,85738.65
2023-02-13,4.77,4.79,4.81,4.74,110791.91
2023-02-14,4.8,4.78,4.81,4.75,79647.29
2023-02-15,4.77,4.76,4.8,4.74,77521.55
2023-02-16,4.76,4.67,4.82,4.6,219480.07
2023-02-17,4.67,4.66,4.77,4.66,98502.1
2023-02-20,4.67,4.73,4.74,4.65,79526.03
2023-02-21,4.73,4.77,4.81,4.72,86449.2
2023-02-22,4.75,4.79,4.79,4.73,77855.43
2023-02-23,4.81,4.75,4.81,4.74,91669.5
2023-02-24,4.76,4.79,4.79,4.74,74492.6
2023-02-27,4.8,4.7,4.8,4.7,83376.0
2023-02-28,4.72,4.74,4.76,4.68,57928.36
2023-03-01,4.75,4.82,4.83,4.74,190154.36
2023-03-02,4.88,4.96,5.17,4.85,487525.72
2023-03-03,4.91,4.84,4.95,4.81,313421.68
2023-03-06,4.84,4.81,4.89,4.79,136412.21
2023-03-07,4.81,4.66,4.81,4.66,154062.97
2023-03-08,4.62,4.71,4.71,4.61,86321.11
2023-03-09,4.72,4.65,4.72,4.62,71653.0
2023-03-10,4.62,4.55,4.65,4.53,98551.0
2023-03-13,4.55,4.54,4.57,4.46,92616.61
2023-03-14,4.54,4.46,4.54,4.39,84444.5
2023-03-15,4.49,4.53,4.54,4.46,61453.7
2023-03-16,4.49,4.42,4.5,4.4,74444.0
2023-03-17,4.46,4.45,4.47,4.43,64119.28
2023-03-20,4.45,4.46,4.52,4.44,68922.0
2023-03-21,4.47,4.6,4.6,4.46,107290.68
2023-03-22,4.58,4.68,4.7,4.57,119720.78
2023-03-23,4.66,4.66,4.69,4.61,61468.0
2023-03-24,4.66,4.68,4.7,4.64,57218.58
2023-03-27,4.68,4.65,4.69,4.6,52631.0
2023-03-28,4.65,4.6,4.68,4.6,61659.0
2023-03-29,4.6,4.6,4.68,4.57,77046.2
2023-03-30,4.6,4.52,4.6,4.51,63839.0
2023-03-31,4.54,4.56,4.57,4.5,49878.6
2023-04-03,4.56,4.58,4.59,4.54,60378.1
2023-04-04,4.58,4.5,4.59,4.46,107962.16
2023-04-06,4.47,4.43,4.47,4.42,71696.28
2023-04-07,4.45,4.5,4.51,4.42,56711.23
2023-04-10,4.49,4.43,4.52,4.41,62644.0
2023-04-11,4.44,4.43,4.45,4.38,48243.21
2023-04-12,4.44,4.47,4.47,4.42,57424.0
2023-04-13,4.46,4.44,4.49,4.43,61075.0
2023-04-14,4.46,4.41,4.47,4.39,56145.24
2023-04-17,4.41,4.46,4.46,4.41,60876.52
2023-04-18,4.45,4.39,4.46,4.39,72379.86
2023-04-19,4.39,4.43,4.47,4.34,100569.85
2023-04-20,4.4,4.43,4.46,4.32,114106.95
2023-04-21,4.39,4.36,4.49,4.35,125107.13
2023-04-24,4.33,4.45,4.48,4.23,138805.92
2023-04-25,4.45,4.48,4.51,4.32,168280.67
2023-04-26,4.6,4.58,4.67,4.49,354236.03
2023-04-27,4.53,4.57,4.66,4.52,192669.79
2023-04-28,4.56,4.71,4.73,4.54,246036.77
2023-05-04,4.7,4.73,4.77,4.67,208965.31
2023-05-05,4.72,4.7,4.79,4.69,147792.8
2023-05-08,4.67,4.69,4.72,4.63,146750.54
2023-05-09,4.69,4.6,4.7,4.6,121288.74
2023-05-10,4.64,4.65,4.68,4.59,71110.21
2023-05-11,4.64,4.73,4.76,4.64,110241.22
2023-05-12,4.72,4.72,4.74,4.66,84167.29
2023-05-15,4.73,4.7,4.77,4.64,90428.81
2023-05-16,4.7,4.71,4.79,4.66,124492.8
2023-05-17,4.67,4.86,5.04,4.67,350508.47
2023-05-18,4.85,4.87,4.92,4.77,290972.64
2023-05-19,4.85,4.94,5.08,4.83,419732.68
2023-05-22,4.96,5.11,5.17,4.9,504109.98
2023-05-23,5.04,4.96,5.12,4.95,341109.07
2023-05-24,4.96,5.07,5.22,4.88,425979.97
2023-05-25,5.05,4.99,5.11,4.91,309665.94
2023-05-26,5.02,4.93,5.02,4.86,226689.19
2023-05-29,4.92,4.85,4.93,4.84,194827.4
2023-05-30,4.91,4.95,5.04,4.85,236174.42
2023-05-31,4.91,4.96,5.04,4.9,214625.21
2023-06-01,4.94,4.95,5.0,4.86,156317.07
2023-06-02,4.97,5.12,5.21,4.94,463002.64
2023-06-05,5.11,5.09,5.13,5.03,234906.31
2023-06-06,5.08,5.33,5.59,5.06,913890.74
2023-06-07,5.14,5.21,5.33,5.13,594893.57
2023-06-08,5.16,5.04,5.16,4.98,398176.02
2023-06-09,5.01,5.12,5.27,5.01,365039.41
2023-06-12,5.13,5.36,5.37,5.12,499908.65
2023-06-13,5.28,5.3,5.4,5.25,369075.57
2023-06-14,5.31,5.38,5.57,5.17,534534.67
2023-06-15,5.36,5.5,5.6,5.36,533167.67
2023-06-16,5.5,5.44,5.53,5.39,313936.56
2023-06-19,5.37,5.31,5.4,5.27,337992.15
2023-06-20,5.29,5.26,5.37,5.22,294840.43
2023-06-21,5.3,5.33,5.37,5.19,309016.08
2023-06-26,5.27,5.48,5.53,5.25,435769.58
2023-06-27,5.41,5.49,5.53,5.38,316680.61
2023-06-28,5.49,5.37,5.62,5.29,291683.57
2023-06-29,5.33,5.45,5.54,5.33,334519.79
2023-06-30,5.45,5.39,5.5,5.37,274144.86
2023-07-03,5.39,5.36,5.49,5.33,246316.22
2023-07-04,5.33,5.43,5.49,5.32,262749.27
2023-07-05,5.42,5.26,5.43,5.25,328485.98
2023-07-06,5.22,5.28,5.31,5.2,181437.88
2023-07-07,5.28,5.24,5.35,5.21,205261.36
2023-07-10,5.28,5.38,5.48,5.28,285031.17
2023-07-11,5.36,5.33,5.39,5.25,195328.15
2023-07-12,5.34,5.24,5.43,5.23,230337.27
2023-07-13,5.27,5.32,5.35,5.15,318881.4
2023-07-14,5.35,5.31,5.39,5.28,150049.0
2023-07-17,5.28,5.5,5.51,5.21,382849.5
2023-07-18,5.49,5.69,5.77,5.4,477272.24
2023-07-19,5.68,5.6,5.69,5.56,252482.45
2023-07-20,5.56,5.53,5.68,5.52,211574.0
2023-07-21,5.54,5.44,5.54,5.41,166866.31
2023-07-24,5.38,5.35,5.45,5.33,141814.0
2023-07-25,5.38,5.37,5.45,5.34,150259.0
2023-07-26,5.37,5.26,5.4,5.22,179641.1
2023-07-27,5.26,5.28,5.48,5.24,172399.0
2023-07-28,5.27,5.28,5.29,5.18,154053.05
2023-07-31,5.36,5.55,5.62,5.3,323165.75
2023-08-01,5.57,5.55,5.6,5.5,203750.12
2023-08-02,5.54,5.65,5.69,5.48,229544.85
2023-08-03,5.63,5.46,5.63,5.44,159714.26
2023-08-04,5.47,5.44,5.58,5.44,151091.19
2023-08-07,5.44,5.35,5.47,5.32,109470.72
2023-08-08,5.37,5.35,5.44,5.31,124910.17
2023-08-09,5.35,5.28,5.37,5.28,94023.7
2023-08-10,5.28,5.26,5.33,5.25,69358.42
2023-08-11,5.25,5.13,5.29,5.13,104003.7
2023-08-14,5.08,5.16,5.17,5.06,63940.75
2023-08-15,5.17,5.14,5.2,5.09,80060.26
2023-08-16,5.09,5.11,5.19,5.07,70445.0
2023-08-17,5.13,5.3,5.38,5.07,146795.98
2023-08-18,5.3,5.18,5.32,5.18,70560.0
2023-08-21,5.16,5.24,5.37,5.16,92963.84
2023-08-22,5.29,5.24,5.29,5.07,149782.84
2023-08-23,5.22,5.16,5.26,5.12,68264.84
2023-08-24,5.17,5.11,5.2,5.08,70239.4
2023-08-25,5.08,4.99,5.11,4.96,93731.04
2023-08-28,5.22,5.22,5.29,5.16,227407.76
2023-08-29,5.25,5.43,5.44,5.23,220807.96
2023-08-30,5.43,5.36,5.5,5.34,128041.92
2023-08-31,5.39,5.25,5.43,5.23,111071.0
2023-09-01,5.25,5.21,5.29,5.18,97272.0
2023-09-04,5.25,5.19,5.25,5.17,126971.98
2023-09-05,5.19,5.2,5.23,5.15,90264.59
2023-09-06,5.18,5.23,5.24,5.16,74736.36
2023-09-07,5.21,5.06,5.22,5.05,116488.7
2023-09-08,5.07,5.12,5.15,5.05,58084.71
2023-09-11,5.11,5.28,5.29,5.08,156388.98
2023-09-12,5.26,5.25,5.27,5.16,108009.58
2023-09-13,5.24,5.16,5.26,5.11,101173.0
2023-09-14,5.16,5.1,5.17,5.07,67339.0
2023-09-15,5.12,5.11,5.13,5.08,62122.4
2023-09-18,5.11,5.24,5.27,5.08,139799.4
2023-09-19,5.2,5.11,5.23,5.1,88027.94
2023-09-20,5.11,5.04,5.11,5.04,60489.0
2023-09-21,5.06,4.96,5.07,4.95,67703.97
2023-09-22,4.94,5.05,5.06,4.94,71656.33
2023-09-25,5.19,5.29,5.54,5.1,382761.52
2023-09-26,5.29,5.31,5.36,5.21,222456.56
2023-09-27,5.33,5.24,5.36,5.22,128100.37
2023-09-28,5.23,5.24,5.27,5.22,74975.47
2023-10-09,5.24,5.25,5.28,5.19,86322.77
2023-10-10,5.27,5.34,5.4,5.25,150071.69
2023-10-11,5.36,5.25,5.39,5.23,109264.71
2023-10-12,5.29,5.25,5.3,5.21,68750.14
2023-10-13,5.24,5.19,5.24,5.17,67735.71
2023-10-16,5.17,5.15,5.19,5.12,80606.56
2023-10-17,5.18,5.12,5.18,5.08,62617.4
2023-10-18,5.09,5.04,5.11,5.04,78337.7
2023-10-19,5.02,5.03,5.13,4.99,70347.0
2023-10-20,5.03,5.01,5.11,5.0,54578.36
2023-10-23,5.0,4.86,5.02,4.83,80612.36
2023-10-24,4.88,4.91,4.97,4.85,107052.11
2023-10-25,4.93,5.01,5.05,4.93,90666.06
2023-10-26,4.98,5.06,5.06,4.91,79063.09
2023-10-27,5.21,5.56,5.56,5.13,636175.07
2023-10-30,5.79,5.62,5.99,5.54,909236.56
2023-10-31,5.62,5.64,5.76,5.51,528598.1
2023-11-01,5.71,5.58,5.71,5.54,328694.87
2023-11-02,5.54,5.39,5.55,5.38,262431.72
2023-11-03,5.42,5.38,5.42,5.36,166232.7
2023-11-06,5.41,5.49,5.5,5.41,228406.49
2023-11-07,5.46,5.5,5.55,5.42,166261.15
2023-11-08,5.52,5.45,5.53,5.41,133171.34
2023-11-09,5.45,5.36,5.45,5.33,119996.62
2023-11-10,5.35,5.37,5.39,5.29,113088.0
2023-11-13,5.4,5.43,5.45,5.37,109761.64
2023-11-14,5.42,5.43,5.47,5.4,100943.96
2023-11-15,5.45,5.54,5.59,5.39,237754.0
2023-11-16,5.56,5.64,5.85,5.52,469361.6
2023-11-17,5.58,5.68,5.7,5.57,231394.0
2023-11-20,5.68,5.68,5.72,5.61,164985.52
2023-11-21,5.66,5.56,5.68,5.53,183295.02
2023-11-22,5.51,5.46,5.59,5.46,120499.6
2023-11-23,5.44,5.54,5.6,5.41,119653.15
2023-11-24,5.54,5.45,5.55,5.42,106809.03
2023-11-27,5.46,5.5,5.53,5.43,102907.07
2023-11-28,5.5,5.6,5.6,5.47,103254.45
2023-11-29,5.6,5.54,5.63,5.53,81474.14
2023-11-30,5.53,5.51,5.55,5.44,96070.8
2023-12-01,5.5,5.49,5.52,5.47,76094.06
2023-12-04,5.49,5.53,5.59,5.46,111052.55
2023-12-05,5.51,5.38,5.55,5.38,95664.0
2023-12-06,5.38,5.4,5.44,5.33,74692.34
2023-12-07,5.4,5.34,5.41,5.31,71428.97
2023-12-08,5.35,5.18,5.38,5.18,100345.45
2023-12-11,5.18,5.25,5.27,5.12,86084.31
2023-12-12,5.29,5.21,5.29,5.19,65750.69
2023-12-13,5.24,5.27,5.35,5.19,91600.29
2023-12-14,5.29,5.28,5.35,5.26,73964.78
2023-12-15,5.28,5.21,5.3,5.19,66170.31
2023-12-18,5.2,5.17,5.27,5.16,69134.13
2023-12-19,5.19,5.17,5.2,5.14,49035.76
2023-12-20,5.18,5.15,5.25,5.14,61529.89
2023-12-21,5.14,5.21,5.24,5.05,83337.78
2023-12-22,5.21,5.13,5.22,5.1,81467.0
2023-12-25,5.1,5.09,5.13,5.04,63596.46
2023-12-26,5.08,4.98,5.1,4.97,67451.99
2023-12-27,4.97,5.03,5.06,4.94,51342.23
2023-12-28,5.0,5.12,5.15,4.98,67021.54
2023-12-29,5.12,5.2,5.21,5.1,75170.98
2024-01-02,5.24,5.33,5.36,5.22,110944.14
2024-01-03,5.32,5.24,5.33,5.2,76330.5
2024-01-04,5.22,5.4,5.48,5.21,228848.47
2024-01-05,5.42,5.26,5.57,5.22,288476.44
2024-01-08,5.22,5.25,5.38,5.21,265009.59
2024-01-09,5.31,5.47,5.51,5.24,449165.26
2024-01-10,5.39,5.31,5.41,5.22,337476.09
2024-01-11,5.28,5.37,5.4,5.25,231370.52
2024-01-12,5.35,5.25,5.41,5.25,183585.65
2024-01-15,5.19,5.25,5.28,5.16,157857.11
2024-01-16,5.23,5.4,5.5,5.15,476344.12
2024-01-17,5.32,5.14,5.36,5.14,312185.06
2024-01-18,5.09,5.0,5.14,4.78,245325.45
2024-01-19,4.99,4.79,5.01,4.78,167415.32
2024-01-22,4.78,4.41,4.78,4.37,198762.09
2024-01-23,4.49,4.38,4.5,4.3,143261.14
2024-01-24,4.39,4.51,4.52,4.3,164973.42
2024-01-25,4.52,4.63,4.66,4.46,153133.16
2024-01-26,4.63,4.65,4.76,4.6,125176.69
2024-01-29,4.66,4.44,4.73,4.44,120206.43
2024-01-30,4.42,4.33,4.53,4.3,111819.56
2024-01-31,4.3,4.02,4.34,4.0,182897.8
2024-02-01,4.02,3.89,4.1,3.82,173657.79
2024-02-02,3.89,3.68,4.0,3.53,194661.4
2024-02-05,3.66,3.31,3.66,3.31,246557.2
2024-02-06,3.1,3.27,3.41,2.98,391448.68
2024-02-07,3.26,3.05,3.28,2.98,435954.58
2024-02-08,3.07,3.3,3.32,2.94,459903.95
2024-02-19,3.36,3.51,3.55,3.36,370736.5
2024-02-20,3.52,3.55,3.59,3.39,170790.68
2024-02-21,3.53,3.63,3.74,3.49,218977.91
2024-02-22,3.62,3.71,3.72,3.61,179507.03
2024-02-23,3.75,3.88,3.9,3.73,216851.65
2024-02-26,3.94,3.98,4.06,3.92,254092.17
2024-02-27,3.98,4.07,4.07,3.91,206491.11
2024-02-28,4.09,3.73,4.18,3.71,351903.48
2024-02-29,3.73,3.99,4.02,3.7,367996.84
2024-03-01,4.0,4.07,4.11,3.96,335982.3
2024-03-04,4.08,4.27,4.39,3.93,398736.81
2024-03-05,4.2,4.05,4.41,4.02,490085.95
2024-03-06,3.99,4.03,4.11,3.99,262025.24
2024-03-07,4.04,4.05,4.18,4.01,256630.53
2024-03-08,4.03,4.05,4.08,3.98,169820.77
2024-03-11,4.01,4.08,4.09,4.0,190327.34
2024-03-12,4.09,4.13,4.13,4.03,208861.0
2024-03-13,4.13,4.09,4.14,4.07,164609.72
2024-03-14,4.07,4.31,4.31,4.06,356208.87
2024-03-15,4.51,4.38,4.74,4.3,833309.61
2024-03-18,4.26,4.34,4.36,4.22,517286.53
2024-03-19,4.32,4.23,4.33,4.21,321389.73
2024-03-20,4.22,4.29,4.34,4.22,234320.89
2024-03-21,4.29,4.28,4.31,4.22,211155.87
2024-03-22,4.31,4.48,4.48,4.21,287408.25
2024-03-25,4.48,4.34,4.68,4.34,602282.62
2024-03-26,4.23,4.22,4.3,4.12,361468.07
2024-03-27,4.2,4.0,4.22,4.0,257076.82
2024-03-28,3.96,4.11,4.16,3.96,234173.31
2024-03-29,4.12,4.18,4.19,4.1,186148.66
2024-04-01,4.21,4.44,4.46,4.19,405003.35
2024-04-02,4.39,4.34,4.41,4.3,203830.04
2024-04-03,4.32,4.33,4.37,4.25,195482.4
2024-04-08,4.29,4.19,4.33,4.17,183667.33
2024-04-09,4.19,4.26,4.27,4.19,125235.3
2024-04-10,4.26,4.18,4.31,4.1,146927.8
2024-04-11,4.14,4.2,4.24,4.08,143383.55
2024-04-12,4.19,4.19,4.3,4.18,159730.6
2024-04-15,4.16,3.96,4.21,3.86,303101.2
2024-04-16,3.91,3.56,3.92,3.56,279683.59
2024-04-17,3.56,3.82,3.83,3.56,246889.2
2024-04-18,3.82,3.79,3.86,3.73,140389.34
2024-04-19,3.78,3.73,3.84,3.72,120296.47
2024-04-22,3.73,3.68,3.77,3.61,113331.38
2024-04-23,3.69,3.72,3.76,3.67,85063.82
2024-04-24,3.75,3.81,3.82,3.74,100285.65
2024-04-25,3.82,3.87,3.89,3.77,140503.76
2024-04-26,3.85,3.94,3.97,3.82,176263.06
2024-04-29,3.94,4.06,4.07,3.93,146512.28
2024-04-30,4.06,4.03,4.1,4.0,148845.0
2024-05-06,4.08,4.11,4.14,4.05,136621.22
2024-05-07,4.12,4.11,4.15,4.07,121525.6
2024-05-08,4.1,4.08,4.13,4.05,122825.4
2024-05-09,4.09,4.14,4.18,4.06,101381.6
2024-05-10,4.15,4.11,4.17,4.07,94502.69
2024-05-13,4.07,4.05,4.1,4.01,109059.7
2024-05-14,4.04,4.12,4.14,4.03,89774.2
2024-05-15,4.11,4.1,4.14,4.06,79445.0
2024-05-16,4.13,4.14,4.16,4.1,94614.98
2024-05-17,4.15,4.19,4.2,4.1,109365.7
2024-05-20,4.21,4.15,4.22,4.14,108734.0
2024-05-21,4.17,4.11,4.18,4.09,87593.0
2024-05-22,4.09,4.11,4.14,4.09,65856.46
2024-05-23,4.09,4.0,4.11,3.99,117151.65
2024-05-24,3.99,3.98,4.04,3.95,61979.85
2024-05-27,4.0,4.01,4.02,3.94,88135.25
2024-05-28,3.98,3.94,3.99,3.93,62244.64
2024-05-29,3.95,3.91,3.98,3.9,61062.51
2024-05-30,3.92,3.9,3.95,3.88,73131.8
2024-05-31,3.9,3.95,3.96,3.89,68481.8
2024-06-03,3.94,3.8,3.95,3.75,157242.98
2024-06-04,3.79,3.74,3.79,3.69,113500.08
2024-06-05,3.72,3.64,3.73,3.64,84866.11
2024-06-06,3.63,3.49,3.69,3.43,158785.06
2024-06-07,3.54,3.63,3.64,3.54,129813.59
2024-06-11,3.63,3.66,3.67,3.54,106599.0
2024-06-12,3.65,3.73,3.75,3.64,93768.93
2024-06-13,3.75,3.69,3.75,3.67,87706.48
2024-06-14,3.7,3.69,3.73,3.65,75246.48
2024-06-17,3.66,3.63,3.69,3.61,66309.14
2024-06-18,3.61,3.68,3.68,3.61,63546.52
2024-06-19,3.69,3.65,3.72,3.65,48838.0
2024-06-20,3.63,3.54,3.66,3.54,72053.0
2024-06-21,3.53,3.54,3.59,3.5,57310.46
2024-06-24,3.53,3.38,3.53,3.36,93805.21
2024-06-25,3.41,3.45,3.49,3.39,87815.0
2024-06-26,3.43,3.57,3.58,3.42,82139.51
2024-06-27,3.57,3.5,3.59,3.49,67861.64
2024-06-28,3.5,3.53,3.59,3.48,70824.81
2024-07-01,3.52,3.59,3.59,3.49,66210.03
2024-07-02,3.62,3.6,3.64,3.55,68513.0
2024-07-03,3.63,3.6,3.63,3.59,54224.49
2024-07-04,3.59,3.48,3.61,3.47,72491.88
2024-07-05,3.47,3.53,3.55,3.43,52892.99
2024-07-08,3.52,3.37,3.52,3.36,84355.76
2024-07-09,3.34,3.42,3.42,3.27,83125.0
2024-07-10,3.41,3.4,3.46,3.38,71964.78
2024-07-11,3.47,3.55,3.56,3.46,84314.2
2024-07-12,3.67,3.63,3.7,3.61,139469.61
2024-07-15,3.62,3.54,3.63,3.53,88408.0
2024-07-16,3.54,3.57,3.64,3.5,98651.43
2024-07-17,3.5,3.49,3.59,3.48,96492.03
2024-07-18,3.45,3.52,3.54,3.4,90656.0
2024-07-19,3.52,3.52,3.55,3.49,62033.0
2024-07-22,3.54,3.57,3.58,3.51,74263.0
2024-07-23,3.56,3.52,3.6,3.51,75086.0
2024-07-24,3.51,3.44,3.53,3.43,88852.3
2024-07-25,3.42,3.47,3.5,3.39,67130.0
2024-07-26,3.47,3.6,3.61,3.47,104304.9
2024-07-29,3.6,3.63,3.64,3.57,94415.52
2024-07-30,3.63,3.64,3.65,3.6,69734.0
2024-07-31,3.64,3.74,3.75,3.64,102627.99
2024-08-01,3.74,3.76,3.84,3.74,91383.0
2024-08-02,3.75,3.72,3.78,3.7,80635.4
2024-08-05,3.7,3.66,3.75,3.65,89218.0
2024-08-06,3.67,3.7,3.71,3.66,70211.0
2024-08-07,3.7,3.7,3.74,3.67,54320.0
2024-08-08,3.72,3.72,3.74,3.64,79935.47
2024-08-09,3.73,3.7,3.82,3.7,87114.0
2024-08-12,3.7,3.74,3.77,3.67,83614.6
2024-08-13,3.71,3.77,3.77,3.67,68309.68
2024-08-14,3.77,3.76,3.78,3.73,63498.15
2024-08-15,3.7,3.73,3.76,3.67,92918.72
2024-08-16,3.73,3.69,3.77,3.67,89436.88
2024-08-19,3.7,3.68,3.74,3.66,70585.23
2024-08-20,3.67,3.62,3.68,3.59,76740.07
2024-08-21,3.63,3.62,3.65,3.59,52109.23
2024-08-22,3.66,3.53,3.66,3.53,55586.0
2024-08-23,3.53,3.52,3.56,3.47,61542.6
2024-08-26,3.52,3.59,3.64,3.52,72984.03
2024-08-27,3.57,3.53,3.6,3.52,45271.37
2024-08-28,3.53,3.56,3.65,3.48,83296.23
2024-08-29,3.53,3.58,3.59,3.52,82335.41
2024-08-30,3.57,3.63,3.69,3.55,112531.56
2024-09-02,3.62,3.62,3.68,3.6,96353.65
2024-09-03,3.61,3.61,3.65,3.59,67642.0
2024-09-04,3.58,3.6,3.64,3.58,68333.43
2024-09-05,3.61,3.61,3.64,3.59,56862.6
2024-09-06,3.67,3.61,3.75,3.61,198271.0
2024-09-09,3.56,3.6,3.64,3.51,133469.6
2024-09-10,3.62,3.62,3.63,3.56,73681.61
2024-09-11,3.61,3.59,3.67,3.56,76180.01
2024-09-12,3.59,3.6,3.65,3.58,74692.29
2024-09-13,3.59,3.51,3.62,3.51,98069.73
2024-09-18,3.52,3.48,3.54,3.4,103561.83
2024-09-19,3.53,3.64,3.65,3.5,131284.78
2024-09-20,3.65,3.63,3.66,3.59,79916.95
2024-09-23,3.6,3.6,3.64,3.56,71987.0
2024-09-24,3.6,3.72,3.72,3.6,119857.21
2024-09-25,3.73,3.76,3.83,3.73,146496.91
2024-09-26,3.75,3.85,3.85,3.72,122551.0
2024-09-27,3.89,3.98,4.03,3.88,212365.01
2024-09-30,4.13,4.32,4.34,4.05,395060.21
2024-10-08,4.76,4.61,4.76,4.32,483251.35
2024-10-09,4.52,4.17,4.52,4.16,297338.0
2024-10-10,4.32,4.28,4.52,4.23,300027.16
2024-10-11,4.3,4.1,4.36,4.06,197792.3
2024-10-14,4.12,4.17,4.2,4.04,160946.75
2024-10-15,4.17,4.06,4.17,4.05,160644.07
2024-10-16,4.01,4.08,4.12,3.98,107227.92
2024-10-17,4.1,4.01,4.12,4.0,111553.8
2024-10-18,4.01,4.09,4.14,3.99,167689.18
2024-10-21,4.11,4.1,4.16,4.07,178301.28
2024-10-22,4.11,4.23,4.24,4.07,210170.43
2024-10-23,4.21,4.32,4.32,4.17,233213.2
2024-10-24,4.27,4.25,4.43,4.2,345637.77
2024-10-25,4.25,4.43,4.49,4.25,338322.68
2024-10-28,4.68,4.6,4.78,4.55,428016.05
2024-10-29,4.59,4.43,4.62,4.42,273486.7
2024-10-30,4.38,4.49,4.52,4.38,181144.19
2024-10-31,4.53,4.53,4.54,4.47,190825.56
2024-11-01,4.51,4.53,4.64,4.34,310383.04
2024-11-04,4.58,4.64,4.72,4.55,303136.45
2024-11-05,4.61,4.67,4.69,4.6,292654.73
2024-11-06,4.72,5.14,5.14,4.7,547214.66
2024-11-07,5.62,5.65,5.65,5.47,465182.5
2024-11-08,6.22,5.86,6.22,5.66,1856808.95
2024-11-11,5.84,5.9,6.44,5.7,1269660.56
2024-11-12,5.7,5.47,5.78,5.4,855527.21
2024-11-13,5.45,5.39,5.53,5.25,474208.5
2024-11-14,5.41,5.29,5.52,5.27,369043.59
2024-11-15,5.27,5.1,5.34,5.08,331454.76
2024-11-18,5.09,4.97,5.19,4.93,315565.03
2024-11-19,4.98,5.1,5.1,4.91,305349.55
2024-11-20,5.09,5.22,5.23,5.05,302395.18
2024-11-21,5.18,5.26,5.31,5.15,287148.63
2024-11-22,5.26,5.03,5.32,5.02,300178.78
2024-11-25,5.07,5.48,5.53,5.05,726676.69
2024-11-26,5.36,5.33,5.36,5.19,442985.93
2024-11-27,5.28,5.44,5.5,5.23,477744.62
2024-11-28,5.41,5.39,5.48,5.35,361363.75
2024-11-29,5.39,5.35,5.39,5.27,340053.63
2024-12-02,5.31,5.49,5.65,5.3,468761.94
2024-12-03,5.44,5.46,5.57,5.39,326198.65
2024-12-04,5.48,5.32,5.52,5.29,279150.85
2024-12-05,5.26,5.47,5.55,5.24,345009.31
2024-12-06,5.73,5.65,5.98,5.57,824900.5
2024-12-09,5.6,5.57,5.72,5.48,428020.2
2024-12-10,5.7,5.47,5.75,5.46,383044.68
2024-12-11,5.44,5.52,5.52,5.43,229006.45
2024-12-12,5.53,6.07,6.07,5.52,470238.6
2024-12-13,6.68,6.68,6.68,6.68,172532.62
2024-12-16,7.35,7.35,7.35,7.35,84222.27
2024-12-17,7.79,7.12,7.79,6.81,2303233.14
2024-12-18,6.42,6.64,7.36,6.42,1699637.15
2024-12-19,6.42,7.31,7.31,6.28,2029542.33
2024-12-20,6.99,6.81,7.05,6.58,1594861.78
2024-12-23,6.76,6.3,6.78,6.14,1006566.93
2024-12-24,6.32,6.15,6.37,5.9,856698.97
2024-12-25,6.07,5.8,6.07,5.71,586276.52
2024-12-26,5.73,6.02,6.02,5.73,587971.3
2024-12-27,5.9,6.04,6.11,5.89,512297.27
2024-12-30,5.99,5.81,5.99,5.71,418353.85
2024-12-31,5.8,5.91,6.31,5.79,894283.59
2025-01-02,5.78,5.82,6.01,5.71,624678.55
2025-01-03,5.78,5.34,5.78,5.24,658382.89
2025-01-06,5.16,5.1,5.22,4.94,384005.04
2025-01-07,5.08,5.21,5.22,5.04,350748.01
2025-01-08,5.17,5.18,5.23,4.98,359724.11
2025-01-09,5.14,5.27,5.43,5.12,408534.29
2025-01-10,5.18,5.16,5.28,5.11,380053.86
2025-01-13,5.06,5.22,5.25,4.97,319324.93
2025-01-14,5.28,5.37,5.48,5.22,727769.18
2025-01-15,5.31,5.32,5.45,5.26,509672.03
2025-01-16,5.36,5.36,5.44,5.27,451494.73
2025-01-17,5.48,5.41,5.5,5.37,584277.18
2025-01-20,5.42,5.69,5.69,5.41,621890.73
2025-01-21,5.69,5.85,5.97,5.63,902833.5
2025-01-22,5.7,5.6,5.72,5.51,608988.8
2025-01-23,5.68,5.72,5.79,5.57,609587.1
2025-01-24,5.64,5.78,5.79,5.52,566318.95
2025-01-27,5.75,5.93,6.06,5.66,708458.82
2025-02-05,5.85,6.03,6.07,5.71,653177.58
2025-02-06,5.96,5.98,6.16,5.91,901351.92
2025-02-07,5.95,5.91,6.0,5.81,804648.22
2025-02-10,5.93,5.78,5.93,5.73,632052.35
2025-02-11,5.75,5.77,5.9,5.72,483475.82
2025-02-12,5.76,5.93,5.97,5.7,769313.95
2025-02-13,5.9,5.7,5.91,5.7,586052.0
2025-02-14,5.69,5.43,5.69,5.4,577146.52
2025-02-17,5.4,5.52,5.59,5.38,360331.09
2025-02-18,5.49,5.27,5.55,5.26,365766.14
2025-02-19,5.27,5.35,5.36,5.25,256883.75
2025-02-20,5.34,5.4,5.42,5.31,241242.57
2025-02-21,5.41,5.44,5.5,5.36,318969.19
2025-02-24,5.4,5.44,5.49,5.33,338345.91
2025-02-25,5.36,5.39,5.45,5.34,190802.8
2025-02-26,5.42,5.52,5.54,5.41,333221.71
2025-02-27,5.59,6.07,6.07,5.59,883100.04
2025-02-28,6.06,5.82,6.21,5.8,1232304.47
2025-03-03,5.84,5.97,5.98,5.71,980335.29
2025-03-04,5.9,5.98,6.04,5.72,803085.09
2025-03-05,5.92,5.91,5.93,5.79,480529.71
2025-03-06,5.9,5.92,5.94,5.86,525458.1
2025-03-07,5.88,5.84,5.96,5.81,462821.0
2025-03-10,5.88,5.82,5.89,5.74,291546.3
2025-03-11,5.75,5.76,5.78,5.67,364646.47
2025-03-12,5.77,5.92,5.99,5.74,557165.41
2025-03-13,5.9,5.77,5.9,5.7,331834.2
2025-03-14,5.76,5.88,5.9,5.68,364757.85
2025-03-17,5.93,5.89,5.97,5.88,310342.01
2025-03-18,5.9,5.93,5.96,5.86,338054.48
2025-03-19,5.91,5.93,5.97,5.89,288976.28
2025-03-20,5.94,5.98,6.09,5.9,532352.99
2025-03-21,5.98,6.24,6.3,5.98,1067472.28
2025-03-24,6.4,6.29,6.87,6.1,1413168.54
2025-03-25,6.16,6.55,6.67,6.04,1084784.54
2025-03-26,6.4,6.58,6.87,6.31,999928.85
2025-03-27,6.52,6.24,6.78,6.22,900507.83
2025-03-28,6.11,6.33,6.46,6.1,592960.6
2025-03-31,6.2,5.7,6.22,5.7,701955.12
2025-04-01,5.62,5.65,5.8,5.49,483313.99
2025-04-02,5.7,5.74,5.89,5.57,401702.3
2025-04-03,5.62,5.45,5.74,5.45,482974.62
2025-04-07,5.01,4.91,5.15,4.91,199773.0
2025-04-08,4.8,4.61,4.89,4.43,550859.66
2025-04-09,4.47,4.67,4.7,4.15,502110.98
2025-04-10,4.78,4.8,4.9,4.74,409335.76
2025-04-11,4.71,4.84,4.94,4.71,320504.2
2025-04-14,5.01,5.02,5.2,4.97,412709.2
2025-04-15,5.04,5.1,5.14,4.95,359862.4
2025-04-16,5.04,4.93,5.11,4.86,286139.0
2025-04-17,4.89,4.92,4.98,4.86,195426.03
2025-04-18,4.91,4.97,5.01,4.89,194625.41
2025-04-21,4.97,5.09,5.1,4.94,221853.86
2025-04-22,5.12,5.16,5.29,5.11,379343.06
2025-04-23,5.19,5.32,5.34,5.17,368761.26
2025-04-24,5.31,5.14,5.32,5.1,324932.03
2025-04-25,5.16,5.25,5.36,5.12,326648.5
2025-04-28,5.22,5.13,5.32,5.12,247803.5
2025-04-29,5.09,5.13,5.18,5.05,184613.8
2025-04-30,5.16,5.16,5.22,5.14,191874.33
2025-05-06,5.19,5.32,5.32,5.19,239860.14
2025-05-07,5.36,5.31,5.39,5.24,258109.29
2025-05-08,5.28,5.61,5.72,5.28,679069.78
2025-05-09,5.54,5.43,5.61,5.41,443757.0
2025-05-12,5.45,5.45,5.49,5.38,268042.35
2025-05-13,5.5,5.39,5.53,5.38,217150.29
2025-05-14,5.41,5.41,5.47,5.36,210469.38
2025-05-15,5.44,5.35,5.44,5.32,182706.45
2025-05-16,5.35,5.36,5.44,5.32,212185.03
2025-05-19,5.35,5.39,5.39,5.27,176099.0
2025-05-20,5.39,5.46,5.47,5.36,211970.0
2025-05-21,5.45,5.42,5.52,5.38,248903.0
2025-05-22,5.4,5.26,5.44,5.25,258531.83
2025-05-23,5.29,5.26,5.47,5.23,307893.33
2025-05-26,5.21,5.32,5.34,5.18,212944.6
2025-05-27,5.3,5.36,5.37,5.23,200530.6
2025-05-28,5.36,5.41,5.5,5.34,316643.03
2025-05-29,5.39,5.47,5.51,5.38,324426.6
2025-05-30,5.49,5.33,5.49,5.29,289656.0
2025-06-03,5.3,5.32,5.35,5.28,193402.82
2025-06-04,5.31,5.39,5.44,5.28,284930.11
2025-06-05,5.41,5.93,5.93,5.4,597628.0
2025-06-06,5.88,6.05,6.47,5.76,1489656.17
2025-06-09,5.95,6.01,6.07,5.92,841233.56
2025-06-10,5.97,5.94,6.04,5.88,683218.15
2025-06-11,5.94,5.84,5.95,5.82,479867.89
2025-06-12,5.81,5.88,5.94,5.75,430808.25
2025-06-13,5.83,5.67,5.92,5.66,407709.86
2025-06-16,5.68,5.76,5.82,5.68,246648.09
2025-06-17,5.75,5.77,5.8,5.71,251900.0
2025-06-18,5.76,5.99,6.04,5.69,832330.39
2025-06-19,5.94,5.68,5.95,5.66,515428.22
2025-06-20,5.62,5.45,5.76,5.45,331344.4
2025-06-23,5.4,5.54,5.55,5.36,209551.4
2025-06-24,5.56,5.62,5.64,5.55,215728.5
2025-06-25,5.62,5.73,5.73,5.6,294329.5
2025-06-26,5.73,5.74,5.89,5.7,357793.0
2025-06-27,5.72,5.78,5.83,5.68,278355.41
2025-06-30,5.78,5.81,5.86,5.77,289028.46
2025-07-01,5.81,5.94,5.94,5.76,466018.7
2025-07-02,6.11,6.54,6.54,6.02,1258077.17
2025-07-03,6.57,6.58,7.05,6.4,1946989.85
2025-07-04,6.59,6.9,7.2,6.43,1665620.16
2025-07-07,7.22,6.91,7.46,6.83,1736371.1
2025-07-08,6.81,7.12,7.3,6.65,1568099.88
2025-07-09,6.92,6.81,7.23,6.76,1299589.66
2025-07-10,6.78,6.6,6.86,6.5,919458.91
2025-07-11,6.56,6.47,6.6,6.41,705519.29
2025-07-14,6.45,6.73,6.88,6.45,1017822.23
2025-07-15,6.63,6.56,6.73,6.48,611174.63
2025-07-16,6.53,6.47,6.65,6.41,495127.7
2025-07-17,6.45,6.44,6.49,6.4,440972.1
2025-07-18,6.49,6.42,6.5,6.36,367832.51
2025-07-21,6.42,6.47,6.47,6.38,379176.59
2025-07-22,6.48,6.38,6.52,6.32,439336.15
2025-07-23,6.39,6.44,6.59,6.35,712524.45
2025-07-24,6.42,6.72,6.73,6.36,854733.55
2025-07-25,6.65,6.58,6.69,6.52,518252.98
2025-07-28,6.55,6.43,6.55,6.41,359566.16
2025-07-29,6.44,6.35,6.46,6.29,309758.32
2025-07-30,6.33,6.24,6.33,6.23,250575.51
2025-07-31,6.23,6.25,6.39,6.21,268221.73
2025-08-01,6.23,6.3,6.3,6.16,201810.03
2025-08-04,6.24,6.35,6.38,6.19,210346.25
2025-08-05,6.34,6.35,6.37,6.27,253344.1
2025-08-06,6.31,6.35,6.38,6.31,201867.53
2025-08-07,6.32,6.28,6.36,6.27,223694.7
2025-08-08,6.26,6.43,6.5,6.24,426137.43
2025-08-11,6.42,6.8,7.06,6.4,1067536.4
2025-08-12,6.72,6.63,6.78,6.62,637617.76
2025-08-13,6.66,6.59,6.69,6.57,420795.0
2025-08-14,6.63,6.4,6.66,6.39,426145.9
2025-08-15,6.39,6.53,6.58,6.39,347997.05
2025-08-18,6.57,6.59,6.64,6.51,415403.02
2025-08-19,6.59,6.71,6.8,6.56,564615.46
2025-08-20,6.69,6.71,6.74,6.6,373963.59
2025-08-21,6.73,6.62,6.73,6.58,343986.05
2025-08-22,6.6,6.59,6.63,6.53,263360.49
2025-08-25,6.59,6.62,6.63,6.51,389008.85
2025-08-26,6.61,6.63,6.72,6.56,374356.27
2025-08-27,6.63,6.43,6.85,6.43,566594.54
2025-08-28,6.39,6.41,6.51,6.13,489200.17
2025-08-29,6.42,6.28,6.42,6.27,237437.63
2025-09-01,6.28,6.38,6.43,6.23,259333.23
2025-09-02,6.38,6.26,6.44,6.16,245522.08
2025-09-03,6.25,6.05,6.31,6.04,214283.3
2025-09-04,6.06,6.14,6.22,6.04,256046.96
2025-09-05,6.35,6.33,6.42,6.15,463709.16
2025-09-08,6.26,6.31,6.35,6.26,265995.29
2025-09-09,6.29,6.32,6.48,6.29,324484.55
2025-09-10,6.32,6.4,6.46,6.28,293756.06
2025-09-11,6.4,6.47,6.47,6.3,324436.27
2025-09-12,6.45,6.42,6.53,6.42,254618.98
2025-09-15,6.42,6.4,6.49,6.33,255977.53
2025-09-16,6.43,6.51,6.51,6.39,250678.95
2025-09-17,6.51,6.47,6.55,6.46,195577.8
2025-09-18,6.46,6.34,6.5,6.3,265275.76
2025-09-19,6.36,6.24,6.37,6.22,178818.58
2025-09-22,6.25,6.28,6.29,6.21,124834.78
2025-09-23,6.25,6.33,6.36,6.09,295588.03
2025-09-24,6.27,6.29,6.33,6.22,174409.63
2025-09-25,6.28,6.15,6.35,6.15,191559.87
2025-09-26,6.14,6.08,6.19,6.07,163133.57
2025-09-29,6.07,6.12,6.14,5.99,131650.22
2025-09-30,6.12,6.05,6.15,6.05,130656.16
2025-10-09,6.06,6.22,6.23,6.05,191601.72
2025-10-10,6.2,6.32,6.38,6.16,292238.2
2025-10-13,6.13,6.28,6.32,6.01,219027.75
2025-10-14,6.31,6.3,6.43,6.28,246859.6
2025-10-15,6.3,6.35,6.36,6.27,126958.59
2025-10-16,6.32,6.23,6.35,6.21,137743.0
2025-10-17,6.21,6.07,6.26,6.05,151706.0
2025-10-20,6.14,6.53,6.66,6.14,740216.89
2025-10-21,6.48,6.65,6.68,6.48,875943.2
2025-10-22,6.64,6.64,6.7,6.58,462595.64
2025-10-23,6.58,6.94,7.23,6.43,1365176.31
2025-10-24,6.73,6.7,6.83,6.57,851133.95
2025-10-27,6.64,6.82,6.87,6.58,737086.47
2025-10-28,6.74,6.73,6.9,6.72,568425.35
2025-10-29,6.71,6.7,6.75,6.63,379132.78
2025-10-30,6.71,6.53,6.71,6.52,372531.43
2025-10-31,6.56,6.62,6.66,6.54,277827.79
2025-11-03,6.61,6.72,6.73,6.61,309742.92
2025-11-04,6.67,7.13,7.38,6.66,1273484.29
2025-11-05,7.17,7.23,7.62,7.13,1403672.53
2025-11-06,7.23,7.04,7.26,6.97,917319.69
2025-11-07,7.02,7.0,7.22,6.96,674680.02
2025-11-10,6.97,7.06,7.18,6.96,725916.64
2025-11-11,7.02,7.06,7.12,6.98,466599.5
2025-11-12,7.03,6.89,7.09,6.88,395964.88
2025-11-13,6.93,7.03,7.04,6.88,427463.83
2025-11-14,6.96,6.9,7.08,6.9,386886.24
2025-11-17,6.9,7.1,7.23,6.86,720041.66
2025-11-18,7.03,6.73,7.05,6.71,543247.04
2025-11-19,6.78,6.63,6.91,6.52,373122.41
2025-11-20,6.63,6.37,6.65,6.37,321930.6
2025-11-21,6.29,5.98,6.37,5.98,432718.12
2025-11-24,6.05,6.12,6.16,6.03,260212.66
2025-11-25,6.15,6.11,6.18,6.09,211435.48
2025-11-26,6.08,6.04,6.15,6.02,185374.3
2025-11-27,6.05,6.05,6.1,6.03,146358.65
2025-11-28,6.05,6.09,6.09,5.99,172900.33
2025-12-01,6.12,6.7,6.7,6.09,673574.15
2025-12-02,6.92,7.38,7.38,6.7,1600732.35
2025-12-03,7.42,7.62,8.12,7.34,2474411.47
2025-12-04,7.62,7.27,7.77,7.15,1624461.69
2025-12-05,7.35,7.48,7.99,7.22,1523716.15
2025-12-08,7.42,7.49,7.6,7.36,1332154.96
2025-12-09,7.57,7.67,7.82,7.46,1294602.13
2025-12-10,7.43,7.52,7.66,7.42,905948.75
2025-12-11,7.64,7.87,8.01,7.58,1925128.61
2025-12-12,7.8,8.11,8.22,7.46,1795349.3
2025-12-15,7.94,7.83,8.0,7.5,1029546.51
2025-12-16,7.63,7.44,7.91,7.38,832575.41
2025-12-17,7.41,7.76,8.19,7.41,1035811.33
2025-12-18,7.52,7.42,7.7,7.33,807297.89
2025-12-19,7.49,7.65,7.77,7.37,828123.2
2025-12-22,7.43,7.43,7.55,7.38,620203.05
2025-12-23,7.38,6.87,7.41,6.81,919886.07
2025-12-24,6.81,7.02,7.06,6.68,569995.23
2025-12-25,7.03,7.05,7.16,6.97,445735.43
2025-12-26,7.09,7.07,7.23,6.95,509491.86
2025-12-29,7.03,6.77,7.05,6.73,513308.12
2025-12-30,6.73,7.44,7.44,6.62,842557.09
2025-12-31,7.45,7.25,7.52,7.19,776925.3
2026-01-05,7.25,7.07,7.27,7.05,551347.21
2026-01-06,7.1,7.18,7.27,7.02,500922.6
2026-01-07,7.14,7.16,7.26,7.05,515383.03
2026-01-08,7.09,7.24,7.36,7.05,535109.7
2026-01-09,7.24,7.32,7.32,7.16,535524.01
2026-01-12,7.38,7.56,7.61,7.3,721434.79
2026-01-13,7.53,7.25,7.57,7.21,595717.36
2026-01-14,7.19,7.34,7.4,7.13,565903.15
2026-01-15,7.26,7.15,7.26,7.03,386028.38
2026-01-16,7.14,7.06,7.29,7.03,288941.89
2026-01-19,7.04,7.32,7.33,7.03,433164.21
2026-01-20,7.32,7.13,7.33,7.06,351412.52
2026-01-21,7.06,7.1,7.14,6.86,253031.26
2026-01-22,7.13,7.4,7.4,7.09,497162.27
2026-01-23,7.36,7.36,7.37,7.28,343873.39
2026-01-26,7.36,7.19,7.38,7.11,333239.3
2026-01-27,7.18,6.99,7.19,6.88,322763.38
2026-01-28,7.0,6.8,7.01,6.79,309654.2
2026-01-29,6.8,6.74,6.9,6.68,220392.24
2026-01-30,6.73,6.77,6.87,6.7,182865.03
2026-02-02,6.73,6.68,6.86,6.64,170779.46
2026-02-03,6.76,6.89,6.9,6.71,208252.62
2026-02-04,6.84,6.96,7.03,6.84,216525.91
2026-02-05,6.91,6.83,6.95,6.81,170357.0
2026-02-06,6.78,6.84,6.91,6.75,134385.12
2026-02-09,6.91,6.95,7.01,6.88,160313.3
2026-02-10,6.93,6.88,6.94,6.85,127607.55
2026-02-11,6.87,6.81,6.9,6.8,129712.0
2026-02-12,6.8,6.74,6.86,6.7,155523.95
2026-02-13,6.73,6.63,6.78,6.63,141186.86
2026-02-24,6.72,6.77,6.81,6.68,178314.83
2026-02-25,6.77,6.81,6.85,6.75,137076.93
2026-02-26,6.82,6.83,6.85,6.76,122629.85
2026-02-27,6.82,6.9,6.91,6.79,174516.27
2026-03-02,6.85,6.73,6.92,6.67,231009.71
2026-03-03,6.66,6.14,6.72,6.12,454467.58
2026-03-04,6.08,6.25,6.32,6.02,221604.88
2026-03-05,6.37,6.41,6.48,6.37,188858.72
2026-03-06,6.38,6.46,6.49,6.36,137845.89
2026-03-09,6.38,6.45,6.46,6.34,138577.67
2026-03-10,6.5,6.56,6.62,6.48,134931.15
2026-03-11,6.56,6.5,6.58,6.45,116914.51
2026-03-12,6.48,6.4,6.5,6.37,141380.48
2026-03-13,6.36,6.41,6.56,6.33,147868.68
2026-03-16,6.45,6.4,6.46,6.35,118115.39
2026-03-17,6.42,6.23,6.48,6.22,104496.83
2026-03-18,6.28,6.36,6.36,6.21,108548.05
2026-03-19,6.28,6.16,6.34,6.13,111701.09
2026-03-20,6.19,6.0,6.23,6.0,131363.4
2026-03-23,5.87,5.59,5.91,5.55,203866.91
2026-03-24,5.79,5.94,5.95,5.64,205503.89
2026-03-25,5.97,6.03,6.06,5.92,156237.59
2026-03-26,6.03,5.96,6.1,5.94,103341.89
2026-03-27,5.86,5.99,6.02,5.85,86520.99
2026-03-30,5.92,6.01,6.02,5.87,92171.61
2026-03-31,6.01,5.93,6.1,5.91,95315.93
2026-04-01,6.03,6.0,6.06,5.92,101461.95
2026-04-02,5.99,5.84,6.01,5.8,104877.56
2026-04-03,5.85,5.69,5.89,5.67,97545.36
2026-04-07,5.69,5.82,5.84,5.67,103247.96
2026-04-08,5.93,6.01,6.02,5.91,125373.02
2026-04-09,5.97,5.86,6.01,5.85,117677.0
2026-04-10,5.93,5.95,6.05,5.89,139609.89
2026-04-13,5.95,5.84,5.98,5.78,199092.83
2026-04-14,5.87,5.94,5.94,5.78,154848.37
2026-04-15,5.94,5.88,5.99,5.86,116837.52
2026-04-16,5.9,6.0,6.01,5.85,151802.09
2026-04-17,5.97,5.92,6.0,5.87,141013.34
2026-04-20,5.94,6.11,6.23,5.92,348161.68
2026-04-21,6.11,6.02,6.11,5.96,276134.83
2026-04-22,5.99,6.04,6.09,5.97,190927.44
2026-04-23,6.02,5.9,6.08,5.87,195097.01
2026-04-24,5.74,5.63,5.81,5.47,321944.0
2026-04-27,5.63,5.81,5.85,5.53,232005.65
2026-04-28,5.81,5.71,5.81,5.66,140101.31
2026-04-29,5.71,5.83,5.87,5.67,156110.54
2026-04-30,5.84,5.85,5.88,5.79,107210.75
2026-05-06,5.9,5.97,5.98,5.86,166910.74
2026-05-07,5.95,5.95,5.99,5.92,153487.0
2026-05-08,5.95,6.02,6.04,5.92,157979.01
2026-05-11,6.06,6.04,6.06,5.98,161171.0
2026-05-12,6.04,6.0,6.1,5.96,198034.73
2026-05-13,5.99,6.02,6.04,5.96,184941.88
2026-05-14,6.04,5.95,6.17,5.95,274421.5
2026-05-15,5.96,5.93,6.04,5.88,228236.5
2026-05-18,5.88,5.8,5.89,5.67,231205.41
2026-05-19,5.79,5.9,5.9,5.75,143945.4
2026-05-20,5.92,5.89,6.0,5.8,174834.57
2026-05-21,5.9,5.61,5.93,5.59,267520.36
2026-05-22,5.63,5.68,5.72,5.52,151555.14
2026-05-25,5.69,5.59,5.75,5.56,126997.18
2026-05-26,5.56,5.42,5.57,5.34,179428.96
2026-05-27,5.39,5.51,5.83,5.33,378030.88
2026-05-28,5.53,6.07,6.07,5.5,369300.11
2026-05-29,6.04,6.17,6.43,6.0,1088395.45
2026-06-01,6.14,6.33,6.38,6.11,718109.75
2026-06-02,6.25,6.19,6.29,6.05,530031.47
2026-06-03,6.09,6.26,6.32,6.07,599020.04
2026-06-04,6.15,6.18,6.23,6.08,369139.7
2026-06-05,6.15,6.25,6.37,6.09,491427.9
2026-06-08,6.09,6.42,6.57,6.07,769009.0
2026-06-09,6.34,6.76,6.78,6.27,910997.21
2026-06-10,6.58,6.36,6.59,6.3,621747.53
2026-06-11,6.15,5.72,6.21,5.72,610594.35
2026-06-12,5.68,5.46,5.73,5.42,544731.75
2026-06-15,5.48,5.59,5.64,5.47,358143.44
2026-06-16,5.59,5.59,5.62,5.35,359080.22
2026-06-17,5.54,5.5,5.74,5.46,279715.0
2026-06-18,5.47,5.38,5.5,5.35,252529.22
2026-06-22,5.35,5.16,5.37,4.96,383742.31
2026-06-23,5.19,5.49,5.67,5.19,500499.25
2026-06-24,5.37,5.4,5.52,5.12,413758.86
2026-06-25,5.41,5.29,5.62,5.25,352015.35
2026-06-26,5.24,4.98,5.24,4.98,270502.42
2026-06-29,4.97,5.11,5.23,4.97,191805.1
2026-06-30,5.12,5.13,5.23,5.0,237296.39
2026-07-01,5.19,5.33,5.44,5.16,307392.87
2026-07-02,5.29,5.31,5.43,5.26,221593.34
2026-07-03,5.37,5.31,5.37,5.24,176646.45
2026-07-06,5.28,5.13,5.32,5.12,191235.17
2026-07-07,5.17,5.05,5.21,5.02,159239.45
2026-07-08,5.03,4.96,5.09,4.86,151153.85
2026-07-09,4.97,4.93,4.97,4.76,172242.3
2026-07-10,4.91,5.05,5.13,4.86,163319.1
2026-07-13,5.04,4.77,5.04,4.74,179421.24
2026-07-14,4.78,4.84,4.84,4.68,130084.41
2026-07-15,4.83,4.89,4.94,4.81,128117.13
2026-07-16,4.82,4.91,4.94,4.81,121431.52
2026-07-17,4.91,4.79,4.95,4.73,143241.01
2026-07-20,4.79,4.73,4.89,4.69,143015.4
2026-07-21,4.75,4.65,4.75,4.47,188354.81
2026-07-22,4.63,4.51,4.64,4.5,150092.36
2026-07-23,4.51,4.73,4.74,4.5,175941.48
2026-07-24,4.66,4.62,4.71,4.62,85961.5
2026-07-27,4.62,4.73,4.75,4.6,90089.27
2026-07-28,4.7,4.76,4.8,4.68,88781.74
2026-07-29,4.74,4.85,4.86,4.73,104235.03
2026-07-30,4.83,4.8,4.89,4.78,107419.8
2026-07-31,4.85,4.85,4.89,4.82,126127.0
2026-08-03,4.89,5.02,5.02,4.86,153243.63
2026-08-04,5.01,5.02,5.03,4.95,118913.0
2026-08-05,5.02,5.02,5.04,4.97,124593.0
2026-08-06,5.02,5.02,5.05,4.93,113755.0
2026-08-07,5.03,4.93,5.03,4.9,110748.58
2026-08-10,4.96,5.04,5.05,4.91,136659.5
2026-08-11,5.01,5.04,5.05,4.96,110816.0
2026-08-12,5.01,5.1,5.12,5.0,110666.47
2026-08-13,5.02,4.91,5.09,4.9,184314.0
2026-08-14,4.93,4.96,4.99,4.89,86324.84
2026-08-17,4.98,5.06,5.07,4.93,120366.66
2026-08-18,5.06,4.98,5.1,4.95,106396.7
2026-08-19,4.92,4.83,4.96,4.82,121073.0
2026-08-20,4.84,4.89,4.92,4.83,83091.42
2026-08-21,4.88,4.9,4.93,4.79,72189.5
2026-08-24,4.91,4.99,5.06,4.89,130584.98
2026-08-25,4.97,5.17,5.18,4.93,232703.65
2026-08-26,5.16,5.14,5.25,5.1,139327.56
2026-08-27,5.15,5.14,5.17,5.1,125656.0
2026-08-28,5.16,5.16,5.18,5.09,113239.0
2026-08-31,5.12,5.21,5.21,5.1,111780.0
2026-09-01,5.26,5.23,5.28,5.21,113707.48
2026-09-02,5.33,5.38,5.46,5.2,442183.82
2026-09-03,5.36,5.54,5.67,5.27,526447.75
2026-09-04,5.55,5.34,5.57,5.31,370503.5
2026-09-07,5.26,5.28,5.35,5.25,186098.43
2026-09-08,5.26,5.38,5.42,5.24,216618.97
2026-09-09,5.34,5.34,5.38,5.3,128631.56
2026-09-10,5.31,5.26,5.36,5.25,130450.39
2026-09-11,5.24,5.16,5.26,5.14,111717.89
2026-09-14,5.15,5.13,5.18,5.1,90094.33
2026-09-15,5.15,5.02,5.15,5.02,99774.25
2026-09-16,5.02,5.07,5.1,5.01,79788.0
2026-09-17,5.09,5.13,5.16,5.01,124714.26
2026-09-18,5.18,5.2,5.24,5.11,117862.08
